horse_id	日付	開催	天気	R	レース名	映像	頭数	枠番	馬番	オッズ	人気	着順	騎手	斤量	距離	水分量	馬場	馬場指数	タイム	着差	ﾀｲﾑ指数	通過	ペース	上り	馬体重	厩舎ｺﾒﾝﾄ	備考	勝ち馬(2着馬)	賞金	race_id
2016103730	2018-10-13	4京都4	晴	4	2歳新馬		15	4	6	6.3	3.0	1	藤岡康太	55	ダ1200		良	**	1:14.0	-0.4	**	6-4	36.2-37.8	36.9	428(0)			(パワープラント)	700.0	201808040404
2016103730	2018-11-10	5東京3	晴	9	オキザリス賞(500万下)		16	4	8	20.4	6.0	13	戸崎圭太	55	ダ1400		稍	**	1:27.2	2.8	**	12-13	35.6-36.3	37.7	426(-2)			デルマルーヴル		201805050309
2016103730	2019-01-14	1中山5	晴	7	3歳500万下		16	4	8	35.8	11.0	9	大野拓弥	56	芝1200		良	**	1:09.8	0.6	**	16-16	33.8-35.4	34.2	432(+6)			ブリングイットオン		201906010507
2016103730	2019-03-16	2中京3	晴	11	中スポ賞ファルコンS(GIII)		15	5	8	103.4	13.0	8	国分恭介	56	芝1400		良	**	1:22.1	1.2	**	14-14	34.2-35.0	35.0	422(-10)			ハッピーアワー		201907020311
2016103730	2019-05-19	2東京10	晴	5	3歳500万下		10	8	10	57.0	7.0	7	松山弘平	56	芝1600		良	**	1:34.6	0.5	**	8-8	36.1-33.9	33.7	420(-2)			ポルーニン		201905021005
2016103730	2019-06-08	3阪神3	曇	8	3歳以上1勝クラス		18	5	10	58.1	12.0	9	藤岡佑介	54	芝1400		稍	**	1:22.6	0.7	**	18-17	34.4-35.7	35.1	424(+4)			アルティマリガーレ		201909030308
2016103730	2019-08-03	2小倉3	晴	9	筑紫特別(1勝クラス)		10	1	1	6.6	4.0	6	幸英明	54	芝1200		良	**	1:08.5	0.5	**	10-9	33.2-34.8	33.8	424(0)			ファンタジステラ		201910020309
2016103730	2019-08-17	2小倉7	晴	12	3歳以上1勝クラス		18	7	14	8.7	4.0	1	幸英明	54	芝1200		良	**	1:08.8	0.0	**	14-13	33.5-35.3	34.1	426(+2)			(クーファディーヴァ)	750.0	201910020712
2016103730	2019-09-29	4中山9	曇	10	勝浦特別(2勝クラス)		16	2	3	57.4	13.0	12	幸英明	53	芝1200		良	**	1:09.0	0.6	**	14-14	34.4-34.0	33.2	420(-6)			グッドジュエリー		201906040910
2016103730	2019-11-16	5京都5	晴	12	3歳以上2勝クラス		18	8	18	17.9	8.0	8	秋山真一	56	芝1200		良	**	1:09.9	0.6	**	16-16	34.8-34.5	33.6	426(+6)			プリディカメント		201908050512
2016103730	2019-12-07	4中京3	曇	12	鳥羽特別(2勝クラス)		18	7	14	73.7	14.0	9	藤井勘一	56	芝1200		良	**	1:09.9	0.4	**	13-14	35.7-33.8	33.2	422(-4)			マルカテノール		201907040312
2016103730	2020-01-05	1中山1	晴	12	4歳以上2勝クラス		16	5	9	63.5	13.0	8	北村宏司	56	芝1200		良	**	1:09.3	0.5	**	11-11	34.0-34.8	34.4	426(+4)			タイセイソニック		202006010112
2016103730	2020-04-11	3中山5	晴	10	千葉日報杯(2勝クラス)		16	2	4	38.0	10.0	2	津村明秀	54	芝1200		良	**	1:08.2	0.2	**	3-3	34.0-34.0	33.9	428(+2)			エスタジ	611.2	202006030510
2016103730	2020-05-16	3京都7	雨	10	御池特別(2勝クラス)		11	2	2	12.6	7.0	1	藤岡佑介	57	芝1400		重	**	1:23.1	-0.1	**	4-3	35.4-35.5	35.1	428(0)			(トオヤリトセイト)	1527.3	202008030710
2016103730	2020-06-14	1函館2	曇	11	UHB杯(3勝クラス)		16	2	3	14.9	8.0	2	藤岡佑介	54	芝1200		良	**	1:07.7	0.2	**	16-16	32.7-34.8	33.3	430(+2)			ジョーマンデリン	739.8	202002010211
2016103730	2020-07-04	2函館1	曇	11	TVh杯(3勝クラス)		16	5	10	3.3	1.0	10	藤岡佑介	57	芝1200		良	**	1:09.4	0.5	**	15-15	33.8-35.1	34.0	430(0)			ビリーバー		202002020111
2016103730	2020-10-17	4東京3	雨	10	白秋S(3勝クラス)		18	7	13	14.4	6.0	1	津村明秀	57	芝1400		重	**	1:23.1	-0.1	**	13-14	35.1-36.1	34.9	428(-2)			(フレッチア)	1859.2	202005040310
2016103730	2020-11-15	5東京4	晴	11	オーロC(L)		17	7	14	10.5	5.0	11	津村明秀	55	芝1400		良	**	1:21.9	0.5	**	14-14	35.2-34.6	34.0	422(-6)			プールヴィル		202005050411
2016103730	2021-01-09	1中京2	晴	11	淀短距離S(L)		16	8	16	48.5	12.0	8	藤岡佑介	56	芝1200		良	**	1:09.0	0.8	**	11-11	34.0-34.2	33.9	438(+16)			トゥラヴェスーラ		202107010211
2016103730	2021-01-31	1中京10	晴	11	シルクロードS(GIII)		18	1	1	84.4	17.0	8	和田竜二	55	芝1200		良	**	1:08.9	0.6	**	14-12	33.7-34.6	34.0	434(-4)			シヴァージ		202107011011
2016103730	2021-02-28	1阪神6	晴	11	阪急杯(GIII)		17	6	11	222.2	13.0	8	国分恭介	56	芝1400		良	**	1:20.0	0.8	**	15-15	34.0-33.8	33.8	430(-4)			レシステンシア		202109010611
2016103730	2021-04-25	2阪神10	晴	11	読売マイラーズC(GII)		15	7	14	71.1	12.0	6	北村友一	56	芝1600		良	**	1:31.7	0.3	**	5-5	33.3-35.6	34.5	430(0)			ケイデンスコール		202109021011
2016103730	2021-06-19	3阪神1	小雨	11	米子S(L)		15	2	4	6.9	3.0	11	和田竜二	56	芝1600		重	**	1:36.2	1.2	**	7-7	35.4-36.2	36.4	424(-6)			ロータスランド		202109030111
2016103730	2021-08-29	4新潟6	晴	10	朱鷺S(L)		18	5	10	19.2	9.0	5	石橋脩	56	芝1400		良	**	1:21.4	0.4	**	13-14	34.2-34.9	34.1	428(+4)			カイザーミノル	250.0	202104040610
2016103730	2021-10-17	5新潟4	曇	11	信越S(L)		18	3	6	8.5	5.0	6	菱田裕二	54	芝1400		重	**	1:22.2	0.4	**	12-11	33.5-36.5	35.9	430(+2)			ドナウデルタ		202104050411
2016103730	2021-12-18	6阪神5	晴	11	タンザナイトS(OP)		15	6	10	12.5	5.0	7	和田竜二	54	芝1200		良	**	1:08.8	0.3	**	11-11	33.8-34.7	33.8	432(+2)			ナランフレグ		202109060511
2016103730	2022-02-12	1阪神1	晴	11	洛陽S(L)		17	8	17	88.4	14.0	13	国分恭介	54	芝1600		良	**	1:33.5	1.6	**	11-13	35.1-34.1	34.8	434(+2)			エアファンディタ		202209010111
2016103730	2022-02-27	1阪神6	晴	11	阪急杯(GIII)		14	3	4	236.8	14.0	11	酒井学	56	芝1400		良	**	1:20.9	1.0	**	9-9	34.0-34.5	34.9	436(+2)			ダイアトニック		202209010611
2016103730	2022-04-10	3中山6	晴	11	春雷S(L)		16	1	1	29.0	11.0	9	松岡正海	54	芝1200		良	**	1:07.7	0.9	**	10-10	33.2-33.6	33.4	432(-4)			ヴェントヴォーチェ		202206030611
2016103730	2022-05-29	3中京8	晴	10	安土城S(L)		18	7	15	105.3	14.0	14	国分恭介	54	芝1400		良	**	1:20.5	1.1	**	11-12	33.9-34.3	34.2	428(-4)			エントシャイデン		202207030810
2016103730	2022-08-21	4小倉4	晴	11	TV西日本北九州記念(GIII)		18	3	6	80.5	13.0	9	今村聖奈	53	芝1200		良	**	1:07.5	0.6	**	15-13	32.8-34.1	33.6	434(+6)			ボンボヤージ		202210040411
2016103730	2022-11-13	5東京4	曇	11	オーロC(L)		18	2	3	121.4	15.0	9	木幡巧也	53	芝1400		良	**	1:21.0	0.4	**	12-13	34.5-34.2	33.5	426(-8)			ウインシャーロット		202205050411
2016103730	2023-01-14	1中山5	曇	11	カーバンクルS(OP)		16	8	15	29.2	11.0	14	横山典弘	54	芝1200		稍	**	1:09.9	0.9	**	16-16	34.2-34.8	33.8	432(+6)			ジュビリーヘッド		202306010511
2016103730	2023-01-28	1東京1	晴	11	白富士S(L)		10	5	5	214.5	9.0	8	津村明秀	57	芝2000		良	**	1:59.7	1.2	**	2-2-4	35.7-34.0	35.0	422(-10)			サリエラ		202305010111
2016103730	2023-03-26	2阪神2	雨	11	六甲S(L)		15	6	11	61.7	13.0	3	北村友一	57	芝1600		重	**	1:35.8	0.3	**	2-2	35.9-35.7	35.8	432(+10)			サヴァ	684.7	202309020211
2016103730	2023-04-23	1京都2	晴	11	読売マイラーズC(GII)		15	5	9	294.7	15.0	11	北村友一	57	芝1600		良	**	1:32.1	0.6	**	12-13	34.4-34.1	33.3	436(+4)			シュネルマイスター		202308010211
2016103730	2023-05-28	1京都12	晴	10	安土城S(L)		18	8	17	43.1	12.0	15	国分恭介	54	芝1400		良	**	1:20.7	1.7	**	6-7	34.4-33.3	34.4	438(+2)			ママコチャ		202308011210
2016103730	2023-07-29	2新潟1	晴	11	関越S(OP)		18	6	12	217.6	15.0	9	幸英明	57	芝1800		良	**	1:45.1	0.7	**	2-2	34.4-33.9	34.4	436(-2)			ストーリア		202304020111
2016103730	2023-08-13	3小倉2	晴	11	小倉記念(GIII)		16	6	12	134.3	15.0	13	国分恭介	54	芝2000		良	**	1:59.7	1.9	**	6-7-10-11	34.5-35.3	36.4	428(-8)			エヒト		202310030211
2016103730	2023-12-03	5阪神2	晴	11	ギャラクシーS(OP)		13	8	13	58.0	11.0	9	和田竜二	54	ダ1400		良	**	1:24.8	1.1	**	10-11	34.2-37.4	37.3	436(+8)			マルモリスペシャル		202309050211
2016103730	2023-12-17	5中山6	晴	11	ディセンバーS(L)		13	4	5	162.5	13.0	10	永野猛蔵	57	芝1800		良	**	1:48.4	0.6	**	6-8-9-9	37.1-35.8	35.4	430(-6)			ロングラン		202306050611
2016103730	2024-02-11	1東京6	曇	10	バレンタインS(OP)		15	3	6	226.9	14.0	9	武藤雅	58	ダ1400		稍	**	1:24.9	0.9	**	13-15	35.5-36.3	36.1	438(+8)			レッドヴェイロン		202405010610
2016103730	2024-04-06	1福島1	曇	11	吾妻小富士S(OP)		15	4	6	95.0	13.0	8	国分恭介	54	ダ1700		良	**	1:45.3	0.8	**	11-11-13-13	29.8-37.3	36.7	438(0)			ブラックアーメット		202403010111
2016103730	2024-06-09	4京都4	曇	11	三宮S(OP)		16	3	5	160.6	14.0	4	国分恭介	54	ダ1800		稍	**	1:52.1	1.3	**	12-11-12-11	35.2-38.5	38.0	438(0)			オメガギネス	330.0	202408040411
2016103730	2024-08-25	2中京6	曇	11	名鉄杯(OP)		13	5	6	51.2	11.0	4	国分恭介	57	ダ1800		良	**	1:51.7	0.1	**	10-11-12-11	35.1-39.1	37.3	430(-8)			バハルダール	330.0	202407020611
2016103730	2024-09-15	4中山4	晴	11	ラジオ日本賞(OP)		14	3	3	36.4	10.0	6	永野猛蔵	57	ダ1800		良	**	1:52.7	0.5	**	11-11-12-11	36.4-38.0	37.3	426(-4)			アウトレンジ		202406040411
2016103730	2024-11-24	6京都8	曇	11	カノープスS(OP)		16	6	11	37.9	9.0	10	菱田裕二	54	ダ1900		良	**	1:58.9	1.3	**	11-11-12-9	29.9-38.3	38.2	438(+12)			ホウオウルーレット		202408060811
2016103730	2025-06-14	3阪神3	雨	11	三宮S(OP)		12	6	9	184.4	12.0	7	小崎綾也	54	ダ1800		重	**	1:51.1	1.1	**	9-10-10-11	35.0-37.9	37.9	446(+8)			ダブルハートボンド		202509030311
2016103730	2025-07-06	2福島4	晴	11	ジュライS(OP)		15	8	14	34.7	10.0	4	原優介	54	ダ1700		良	**	1:44.5	1.1	**	12-12-11-9	29.5-37.3	36.9	450(+4)			シゲルショウグン	330.0	202503020411
2016103730	2025-08-30	4中京3	晴	11	名古屋城S(OP)		16	6	12	47.0	13.0	15	高杉吏麒	54	ダ1800		良	**	1:54.2	2.4	**	7-7-6-7	37.5-37.5	39.3	432(-18)			テーオーパスワード		202507040311
2016103730	2025-11-22	4京都5	晴	11	シトリンS(OP)		16	7	13	453.0	16.0	10	国分恭介	57	ダ1900		良	**	1:58.8	1.9	**	14-14-11-12	29.8-37.5	38.3	434(+2)			ムルソー		202508040511
2017101772	2020-04-11	1福島1	晴	2	3歳未勝利		16	7	14	40.2	9.0	8	黛弘人	56	芝1200		良	**	1:10.3	0.8	**	12-13	34.1-35.4	35.2	420(0)			カゼノタニノアヤカ		202003010102
2017101772	2020-07-18	2福島5	曇	7	3歳未勝利		16	3	6	12.3	5.0	6	戸崎圭太	56	芝1200		稍	**	1:11.1	0.7	**	14-12	34.3-36.1	35.8	416(-4)			マイネルチューダ		202003020507
2017101772	2020-08-22	3新潟3	晴	6	3歳未勝利		18	7	13	9.0	3.0	7	戸崎圭太	56	芝1600		良	**	1:36.3	1.1	**	13-12	35.3-35.2	35.2	422(+6)			リーガルバトル		202004030306
2017101772	2020-09-06	3新潟8	晴	6	3歳未勝利		18	4	8	24.5	9.0	8	菅原明良	54	芝1600		良	**	1:35.9	1.2	**	10-10	35.8-34.9	34.2	420(-2)			デルニエエトワール		202004030806
2017101772	2020-10-17	盛岡	曇	1	C2十一組		6	3	3	1.5	1.0	1	山本聡哉	56	ダ1200		良	**	1:14.7	-1.3	**	1-1		37.5	447(+27)			(ウインクルジェーン)	25.0	202035101701
2017101772	2020-11-07	盛岡	曇	5	C2九組		8	3	3	1.1	1.0	1	山本聡哉	56	ダ1200		稍	**	1:13.1	-0.8	**	1-1		36.5	449(+2)			(ルミリンナ)	25.0	202035110705
2017101772	2020-11-30	水沢	晴	5	C2四組		9	2	2	3.0	2.0	4	山本聡哉	56	ダ1400		重	**	1:30.7	1.1	**	1-1-1-1		40.9	447(-2)			エルスネル	2.5	202036113005
2017101772	2020-12-08	水沢	曇	2	C2四組		9	1	1	4.1	2.0	1	山本聡哉	56	ダ1400		稍	**	1:29.8	-0.1	**	1-1-1-1		39.2	444(-3)			(キーコーズウェイ)	25.0	202036120802
2017101772	2021-03-27	2中京5	晴	9	4歳以上1勝クラス		15	2	3	73.5	12.0	12	菱田裕二	57	芝1400		良	**	1:22.2	0.8	**	6-6	33.8-36.0	36.3	434(-10)			エピローグ		202107020509
2017101772	2021-05-09	2東京6	晴	7	4歳以上1勝クラス		18	4	8	49.6	12.0	10	永野猛蔵	54	芝1400		良	**	1:21.6	0.7	**	5-5	34.1-35.3	35.4	440(+6)			カフェサンドリヨン		202105020607
2017101772	2021-07-04	1福島2	小雨	8	3歳以上1勝クラス		16	8	16	43.6	11.0	10	江田照男	57	芝1200		良	**	1:09.8	1.3	**	15-15	33.6-34.9	34.6	448(+8)			ビューティフルデイ		202103010208
2017101772	2021-09-19	4中山4	晴	12	3歳以上1勝クラス		15	6	11	47.5	12.0	4	津村明秀	57	芝1200		良	**	1:08.7	0.4	**	10-10	33.4-34.9	34.5	448(0)			ヴィクトワールメイ	110.0	202106040412
2017101772	2021-11-06	2福島1	晴	12	飯坂温泉特別(1勝クラス)		16	2	3	13.6	6.0	10	伊藤工真	57	芝1200		良	**	1:09.5	0.7	**	14-13	33.8-35.0	34.4	446(-2)			ラングロワ		202103020112
2017101772	2021-11-13	2福島3	晴	6	3歳以上1勝クラス		16	7	13	22.9	8.0	3	木幡育也	56	芝1200		良	**	1:10.1	0.4	**	10-10	34.7-35.0	34.6	446(0)			チャイカ	190.0	202103020306
2017101772	2022-01-23	1小倉4	雨	9	八幡特別(1勝クラス)		16	3	5	8.1	4.0	3	亀田温心	57	芝1200		重	**	1:10.3	0.1	**	10-8	33.5-36.7	35.8	452(+6)			スズノヤマト	277.0	202210010409
2017101772	2022-04-30	1福島5	晴	9	浄土平特別(1勝クラス)		11	7	8	9.9	6.0	2	亀田温心	57	芝1200		稍	**	1:10.1	0.0	**	7-4	35.2-34.9	34.4	450(-2)			アセンダント	438.8	202203010509
2017101772	2022-05-21	1新潟5	曇	10	栃尾特別(1勝クラス)		13	8	13	3.1	1.0	4	亀田温心	57	芝1200		良	**	1:10.2	0.5	**	7-7	35.3-34.4	33.9	450(0)			ウルトラソニック	160.0	202204010510
2017101772	2022-07-09	2福島3	曇	9	須賀川特別(1勝クラス)		11	4	4	4.2	2.0	1	戸崎圭太	57	芝1200		良	**	1:09.2	-0.1	**	5-4	33.5-35.7	34.9	446(-4)			(ウィリン)	1094.5	202203020309
2017101772	2022-07-30	2新潟1	晴	10	豊栄特別(2勝クラス)		18	7	13	102.2	13.0	8	ホー	54	芝1600		良	**	1:32.7	1.0	**	7-7	34.7-33.7	34.1	448(+2)			ママコチャ		202204020110
2017101772	2022-09-11	4中山2	晴	9	白井特別(2勝クラス)		9	8	9	40.6	7.0	4	岩田康誠	57	芝1800		良	**	1:48.3	0.5	**	9-9-9-8	36.9-34.8	34.5	446(-2)			エピファニー	230.0	202206040209
2017101772	2022-10-02	4中山9	晴	10	茨城新聞杯(2勝クラス)		14	7	11	17.4	6.0	3	岩田康誠	57	芝1800		良	**	1:48.6	0.5	**	6-6-6-4	36.9-35.2	35.0	448(+2)			レッドランメルト	384.5	202206040910
2017101772	2022-11-27	5東京8	晴	9	オリエンタル賞(2勝クラス)		14	3	5	66.7	10.0	6	ギュイヨ	55	芝2000		良	**	1:59.4	0.5	**	6-5-5	36.1-33.8	33.7	450(+2)			スパイダーゴールド		202205050809
2017101772	2023-01-21	1中山7	晴	10	東雲賞(2勝クラス)		9	8	9	9.0	4.0	7	戸崎圭太	56	芝1800		稍	**	1:49.3	0.4	**	5-4-5-4	37.6-35.7	35.8	456(+6)			ゴーゴーユタカ		202306010710
2017101772	2023-02-25	2中山1	曇	10	富里特別(2勝クラス)		10	7	8	25.6	6.0	3	菅原明良	58	芝1800		良	**	1:47.8	0.0	**	2-2-2-2	36.5-35.3	35.2	452(-4)			デコラシオン	393.2	202306020110
2017101772	2023-04-09	3中山6	晴	10	鹿野山特別(2勝クラス)		10	6	6	8.2	3.0	3	菅原明良	58	芝2000		良	**	2:00.5	0.8	**	2-2-2-1	35.7-36.0	36.8	452(0)			キングズパレス	393.4	202306030610
2017101772	2023-07-08	2福島3	曇	10	猪苗代特別(2勝クラス)		13	7	10	4.7	2.0	7	菅原明良	58	芝2000		良	**	2:01.9	0.8	**	2-3-3-2	36.5-35.9	36.5	450(-2)			バレエマスター		202303020310
2017101772	2023-07-23	2福島8	晴	10	白河特別(2勝クラス)		15	4	6	6.5	4.0	10	戸崎圭太	58	芝1800		良	**	1:49.9	0.8	**	6-5-5-6	36.9-35.8	36.0	452(+2)			セイウンプラチナ		202303020810
2017101772	2023-09-30	4中山8	曇	1	障害3歳以上未勝利		14	4	6	9.8	5.0	中	石神深一	60	障2880		良					5-12	106.0-0.0		460(+8)			ブリヨンカズマ		202306040801
2017101772	2024-05-19	2東京10	曇	8	調布特別(2勝クラス)		10	1	1	105.9	9.0	3	大野拓弥	58	芝1800		良	**	1:47.1	0.2	**	2-2-3	37.3-34.0	33.9	456(-4)			プッシュオン	393.5	202405021008
2017101772	2024-06-23	3東京8	曇	9	八ヶ岳特別(2勝クラス)		9	1	1	31.8	7.0	2	石川裕紀	58	芝1800		稍	**	1:46.9	0.1	**	1-1-1	36.2-34.7	34.8	456(0)			ロジシルバー	625.8	202405030809
2017101772	2024-08-24	3新潟5	晴	10	五頭連峰特別(2勝クラス)		16	1	1	24.2	7.0	3	石川裕紀	58	芝1600		良	**	1:34.1	0.1	**	3-3	36.1-34.3	34.1	454(-2)			ワンダイレクト	394.9	202404030510
2017101772	2025-01-25	1中山8	曇	9	東雲賞(2勝クラス)		10	1	1	10.8	5.0	5	大野拓弥	58	芝1600		良	**	1:35.5	0.4	**	6-5-6	36.7-34.4	34.3	464(+10)			ユキノロイヤル	155.0	202506010809
2017101772	2025-03-02	2中山2	晴	9	富里特別(2勝クラス)		11	3	3	21.6	5.0	3	大野拓弥	58	芝1800		良	**	1:48.8	0.0	**	2-3-3-3	37.7-34.3	34.1	460(-4)			ヴルカーノ	394.1	202506020209
2017101772	2025-04-13	3中山6	雨	10	鹿野山特別(2勝クラス)		10	7	7	9.9	6.0	3	大野拓弥	58	芝2000		良	**	2:02.0	0.2	**	3-3-3-2	37.4-34.8	34.8	458(-2)			ルカランフィースト	393.3	202506030610
2017101772	2025-04-26	2東京1	曇	9	石和特別(2勝クラス)		9	1	1	14.8	6.0	4	大野拓弥	58	芝1800		良	**	1:46.3	0.5	**	3-3-3	36.4-34.0	34.2	460(+2)			ブエナオンダ	230.0	202505020109
2017101772	2025-07-06	2福島4	晴	10	白河特別(2勝クラス)		16	5	10	15.3	5.0	8	大野拓弥	58	芝1800		良	**	1:49.2	1.0	**	7-6-4-4	35.2-37.0	36.5	454(-6)			ニシノティアモ		202503020410
2017101772	2025-12-14	5中山4	曇	9	霞ヶ浦特別(2勝クラス)		12	4	4	44.7	9.0	7	菅原明良	58	芝1800		稍	**	1:49.4	0.6	**	5-5-7-6	36.9-35.9	36.0	454(0)			イガッチ		202506050409
2019103672	2021-08-22	4小倉4	小雨	5	2歳新馬		14	6	10	85.1	14.0	4	岩田望来	54	芝1200		稍	**	1:10.2	0.4	**	2-2	34.4-35.4	35.8	436(0)			タイセイブリリオ	110.0	202110040405
2019103672	2021-08-29	4小倉6	晴	1	2歳未勝利		9	6	6	10.4	3.0	7	岩田望来	54	ダ1000		良	**	1:01.5	2.6	**	4-5	34.0-36.3	38.0	436(0)			ケイティソルジャー		202110040601
2019103672	2021-10-16	4阪神3	晴	2	2歳未勝利		12	3	3	15.0	5.0	3	吉田隼人	54	芝1200		良	**	1:10.0	0.7	**	6-6	34.5-34.8	34.8	438(+2)			デュガ	130.0	202109040302
2019103672	2021-11-07	2福島2	晴	2	2歳未勝利		16	7	14	35.1	10.0	12	中井裕二	54	芝1200		良	**	1:10.3	1.3	**	9-9	33.5-35.5	36.0	436(-2)			アドヴァイス		202103020202
2019103672	2022-01-29	1小倉5	曇	6	3歳未勝利		16	2	4	22.6	8.0	10	小沢大仁	52	芝1200		良	**	1:10.5	1.1	**	4-4	34.0-35.4	36.2	432(-4)			トリップトゥムーン		202210010506
2019103672	2022-04-10	2阪神6	晴	1	3歳未勝利		16	3	6	28.4	7.0	8	岩田望来	54	ダ1200		良	**	1:14.6	1.7	**	6-6	35.0-37.9	39.0	450(+18)			メイショウヒヅクリ		202209020601
2019103672	2022-06-11	1函館1	曇	1	3歳未勝利		16	7	14	82.7	13.0	5	鮫島克駿	54	芝1200		良	**	1:09.1	0.6	**	12-10	33.6-34.9	34.6	440(-10)			バンデルオーラ	52.0	202202010101
2019103672	2022-06-25	1函館5	曇	3	3歳未勝利		16	1	2	7.6	4.0	5	鮫島克駿	54	芝1200		稍	**	1:09.8	0.3	**	6-5	33.9-35.6	35.0	440(0)			ネイキッドハート	52.0	202202010503
2019103672	2022-07-03	1函館8	晴	4	3歳未勝利		16	3	6	11.1	5.0	9	鮫島克駿	54	芝1200		稍	**	1:11.0	0.8	**	9-10	34.6-35.6	35.8	442(+2)			スーリールダンジュ		202202010804
2019103672	2022-09-06	大井	晴	8	ヤングジョッキーズT(3歳)		14	7	11	4.6	2.0	1	仲原大生	54	ダ1200		良	**	1:15.5	-0.2	**	3-3	36.5-39.0	38.7	457(+15)			(モッテルネ)	200.0	202244090608
2019103672	2022-10-05	大井	雨	8	チャールストン賞(C1)		12	5	6	23.0	8.0	10	仲原大生	53	ダ1200		稍	**	1:14.8	2.0	**	6-6	34.3-38.5	39.3	461(+4)			マイネルラッジョ		202244100508
2019103672	2022-11-04	大井	晴	9	印西市コスモス賞(C1)		14	1	1	137.5	13.0	12	仲原大生	53	ダ1200		良	**	1:14.8	1.5	**	4-4	34.5-38.8	39.8	458(-3)			ゴールデンヨシノ		202244110409
2019103672	2022-11-14	大井	曇	10	ガーネットスター特別(C1C2)		16	7	14	40.1	9.0	9	本橋孝太	55	ダ1200		良	**	1:14.9	1.6	**	5-5	35.4-37.9	38.9	458(0)			シェーナディーヴァ		202244111410
2019103672	2022-12-05	大井	雨	10	こいぬ座特別競走(C1)		15	8	15	113.2	14.0	15	本橋孝太	54	ダ1400		重	**	1:31.5	4.9	**	6-6-9	36.4-37.9	42.2	450(-8)			ナンセイラピッド		202244120510
2019103672	2023-01-06	名古屋	曇	10	凧あげ賞(B)		8	4	4	14.7	6.0	4	宮下瞳	52	ダ1500		良	**	1:37.7	0.7	**	1-1-3		40.1	448(-2)			メイショウイモジ	5.2	202348010610
2019103672	2023-01-26	笠松	晴	5	41歳のあなたも最高(B)		9	5	5	7.3	3.0	3	山田祥雄	54	ダ1400		良	**	1:30.8	0.4	**	1-1-2		38.6	449(+1)			ブエナディオサ	5.3	202347012605
2019103672	2023-02-16	名古屋	晴	10	B7組		9	3	3	7.8	3.0	4	山田祥雄	54	ダ1500		稍	**	1:38.7	1.4	**	7-5-4		39.5	450(+1)			コーリンバニラ	5.2	202348021610
2019103672	2023-03-02	名古屋	晴	12	芳春賞(B)		11	7	8	5.9	3.0	2	山田祥雄	54	ダ1500		良	**	1:39.3	0.0	**	8-6-5		39.9	451(+1)			ギガドルマ	13.2	202348030212
2019103672	2023-03-16	名古屋	晴	12	十六団子賞(B)		12	7	9	16.2	5.0	10	宮下瞳	52	ダ1500		良	**	1:38.0	2.4	**	4-3-5		40.8	446(-5)			カガヤキファイター		202348031612
2019103672	2023-04-05	笠松	曇	5	B7組		9	8	8	3.2	2.0	7	今井貴大	54	ダ1400		良	**	1:33.3	1.5	**	2-2-2		40.9	452(+6)			ヴェッツラー		202347040505
2019103672	2023-04-13	名古屋	晴	12	阿寺の七滝特別(C)		12	7	10	35.5	8.0	4	宮下瞳	52	ダ920		良	**	0:56.8	0.8	**	5		36.8	451(-1)			ケイアイギャラクシ	9.8	202348041312
2019103672	2023-04-26	園田	曇	12	C2		11	7	9	19.0	5.0	10	大柿一真	54	ダ820		不	**	0:52.6	2.8	**	5-8		38.2	443(-8)			メイショウマサカツ		202350042612
2019103672	2023-08-10	園田	晴	3	C3二		9	7	7	4.9	3.0	3	廣瀬航	54	ダ1400		良	**	1:32.6	0.3	**	4-4-2-2		41.3	441(-2)			ライブリバンバン	14.0	202350081003
2019103672	2023-09-22	園田	曇	5	C3一		9	2	2	6.4	3.0	3	廣瀬航	54	ダ1400		良	**	1:33.8	2.0	**	4-4-3-3		42.5	456(+15)			マエマエ	14.0	202350092205
2019103672	2023-10-13	園田	晴	3	C3二		9	5	5	1.4	1.0	1	廣瀬航	54	ダ1400		良	**	1:34.5	-0.9	**	1-1-1-1		39.9	463(+7)			(ジュウワンエース)	56.0	202350101303
2019103672	2023-11-08	園田	晴	5	C2四		9	2	2	2.3	1.0	6	廣瀬航	54	ダ1400		重	**	1:34.9	1.4	**	3-3-2-2		43.1	459(-4)			ラブユーサクラ		202350110805
2019103672	2024-02-23	姫路	曇	5	C3一		10	6	6	3.5	2.0	7	廣瀬航	54	ダ1400		重	**	1:36.8	1.3	**	1-1-1-2		42.3	459(0)			メイショウケンジャ		202451022305
2019103672	2024-03-19	園田	曇	2	C3三		12	2	2	7.6	3.0	10	廣瀬航	54	ダ1400		良	**	1:36.6	1.9	**	4-3-5-3		44.0	455(-4)			カゼノオト		202450031902
2019103672	2024-04-09	園田	曇	1	C3三		12	7	10	2.6	1.0	6	廣瀬航	54	ダ1400		不	**	1:36.0	1.2	**	2-2-2-3		43.6	456(+1)			ナリタダイアリー		202450040901
2019103672	2024-04-25	園田	晴	3	C3二		8	2	2	1.7	1.0	1	廣瀬航	54	ダ1400		重	**	1:34.8	-0.7	**	1-1-1-1		42.2	460(+4)			(ヒシアラカン)	56.0	202450042503
2019103672	2024-05-16	園田	晴	6	C2二		10	8	10	5.4	3.0	1	廣瀬航	54	ダ1400		稍	**	1:35.2	-0.1	**	1-1-1-1		40.9	465(+5)			(レッドアクトゥール)	70.0	202450051606
2019103672	2024-12-01	4中京2	晴	8	3歳以上1勝クラス		18	7	13	273.2	15.0	13	古川奈穂	53	芝1400		良	**	1:22.2	1.5	**	9-10	34.3-34.4	34.9	468(+3)			グロリアラウス		202407040208
2019103672	2024-12-14	4中京5	晴	3	3歳以上1勝クラス		16	8	16	255.5	15.0	15	古川奈穂	53	ダ1200		良	**	1:15.2	3.6	**	4-6	35.2-36.4	39.2	472(+4)			ビバップ		202407040503
2019103672	2025-02-02	1京都2	曇	12	4歳以上1勝クラス		17	6	12	172.6	16.0	9	中井裕二	56	芝1400		稍	**	1:23.9	0.9	**	5-5	36.1-35.0	35.4	470(-2)			フライングブレード		202508010212
2019103672	2025-03-01	1小倉11	曇	12	4歳以上1勝クラス		18	5	10	94.8	18.0	15	古川奈穂	53	芝1200		良	**	1:10.1	1.0	**	15-17	33.4-35.7	35.5	460(-10)			ハピアーザンエバー		202510011112
2019103672	2025-05-18	2京都8	晴	6	4歳以上1勝クラス		16	3	6	78.3	11.0	6	川須栄彦	56	芝1200		稍	**	1:09.5	0.7	**	8-9	34.6-34.2	34.2	460(0)			トウカイエルデ		202508020806
2019103672	2025-05-25	2京都10	曇	9	4歳以上1勝クラス		18	2	4	211.8	17.0	10	川須栄彦	56	芝1400		重	**	1:23.1	0.8	**	2-3	36.0-34.3	35.0	460(0)			エールトゥヘヴン		202508021009
2019103672	2025-12-13	5中京3	晴	12	3歳以上1勝クラス		18	7	15	288.6	18.0	12	小崎綾也	56	芝1200		良	**	1:09.2	0.9	**	6-6	34.7-33.6	34.0	466(+6)			クイーンズデイ		202507050312
2019103829	2021-12-04	6阪神1	晴	5	2歳新馬		11	4	4	48.0	6.0	6	酒井学	55	芝1800		良	**	1:48.4	1.1	**	4-4	35.9-34.7	35.5	488(0)			ラリュエル		202109060105
2019103829	2021-12-18	6中京5	晴	4	2歳未勝利		15	3	5	13.8	7.0	5	富田暁	54	芝2000		稍	**	2:03.0	0.5	**	4-7-7-7	36.8-35.8	35.7	486(-2)			アランヴェリテ	51.0	202107060504
2019103829	2022-01-08	1中京2	晴	5	3歳未勝利		16	1	1	14.7	4.0	8	富田暁	56	芝2200		良	**	2:14.5	0.7	**	4-2-3-3	34.4-36.4	36.8	484(-2)			アーティット		202207010205
2019103829	2022-06-05	4中京2	晴	6	3歳未勝利		16	2	3	7.2	5.0	3	西村淳也	56	芝1600		良	**	1:34.4	0.3	**	6-3-3	35.0-35.7	35.7	484(0)			レディズビーク	130.0	202207040206
2019103829	2022-06-25	3阪神3	晴	4	3歳未勝利		16	1	1	6.2	4.0	1	西村淳也	56	芝2000		良	**	2:00.6	-0.1	**	6-6-4-5	35.3-37.3	36.9	482(-2)			(エルゲルージ)	520.0	202209030304
2019103829	2022-11-19	3福島5	晴	2	3歳以上1勝クラス		15	5	8	4.3	2.0	5	西村淳也	55	ダ1700		良	**	1:47.1	1.2	**	11-11-13-12	29.5-39.0	39.0	484(+2)			トーセンマーク	77.0	202203030502
2019103829	2022-12-11	6中京4	晴	3	3歳以上1勝クラス		11	6	7	2.4	1.0	4	西村淳也	56	ダ1900		良	**	2:02.5	0.5	**	4-3-4-3	30.6-38.6	38.7	488(+4)			タシロ	120.0	202207060403
2019103829	2023-01-05	1中京1	晴	4	4歳以上1勝クラス		12	5	6	3.9	2.0	2	川田将雅	57	ダ1800		良	**	1:55.2	0.2	**	6-5-8-6	38.0-38.5	38.1	488(0)			レイクリエイター	320.0	202307010104
2019103829	2023-01-14	1中京5	曇	7	4歳以上1勝クラス		9	8	8	3.4	2.0	4	川田将雅	57	ダ1800		重	**	1:54.2	0.9	**	7-7-7-6	37.3-37.8	37.8	488(0)			デルマグレムリン	120.0	202307010507
2019103829	2023-03-04	1阪神7	晴	7	4歳以上1勝クラス		8	2	2	5.6	3.0	3	川田将雅	58	ダ1800		良	**	1:54.3	1.0	**	7-7-6-5	36.8-38.9	38.7	490(+2)			テーオーサンドニ	200.0	202309010707
2019103829	2023-03-19	2中京4	晴	7	4歳以上1勝クラス		10	6	6	4.2	3.0	5	河原田菜	54	ダ1800		重	**	1:53.1	1.7	**	6-5-6-6	37.2-36.4	37.5	488(-2)			グーデンドラーク	80.0	202307020407
2019103829	2023-04-08	2阪神5	晴	7	4歳以上1勝クラス		10	6	6	13.9	4.0	4	田口貫太	55	ダ2000		不	**	2:06.7	1.1	**	9-9-8-6	36.0-39.2	38.9	488(0)			シャンバラ	120.0	202309020507
2019103829	2023-04-29	1新潟1	晴	7	4歳以上1勝クラス		14	4	6	19.8	6.0	11	大久保友	55	ダ1800		良	**	1:56.1	2.6	**	10-9-11-12	36.4-39.2	39.6	490(+2)			アルムブラーヴ		202304010107
2019103829	2023-07-16	2函館6	曇	9	臥牛山特別(1勝クラス)		14	7	12	22.0	9.0	4	横山和生	58	芝1800		稍	**	1:51.4	0.4	**	9-10-10-12	36.6-36.6	36.1	494(+4)			バールデュヴァン	170.0	202302020609
2019103829	2023-07-22	1札幌1	晴	9	北辰特別(1勝クラス)		9	4	4	12.4	5.0	2	ルメール	58	芝1800		良	**	1:47.6	0.2	**	6-5-5-5	36.6-34.5	34.1	494(0)			レイベリング	448.2	202301010109
2019103829	2023-08-12	2札幌1	晴	9	石狩特別(1勝クラス)		9	5	5	3.8	2.0	1	吉田隼人	58	芝1800		良	**	1:49.8	0.0	**	3-3-3-2	38.1-35.5	35.4	500(+6)			(グランドゴールド)	1134.5	202301020109
2019103829	2023-08-27	2札幌6	曇	12	オールスターJ第4戦(2勝クラス)		14	3	3	4.7	2.0	10	川田将雅	58	芝1800		重	**	1:53.6	2.1	**	12-12-13-11	36.9-37.1	38.2	500(0)			フェステスバント		202301020612
2019103829	2023-09-17	4阪神4	晴	9	兵庫特別(2勝クラス)		11	6	6	35.0	8.0	5	吉田隼人	58	芝2400		良	**	2:24.7	0.5	**	8-8-8-10	37.6-34.2	33.7	490(-10)			ライリッズ	155.0	202309040409
2019103829	2023-10-08	2京都2	小雨	9	清滝特別(2勝クラス)		12	3	3	24.9	8.0	8	団野大成	58	芝2200		良	**	2:13.0	1.0	**	8-7-8-7	35.7-35.1	34.8	494(+4)			シェイクユアハート		202308020209
2019103829	2023-12-24	5阪神8	晴	9	クリスマスエルフ賞(2勝クラス)		15	8	16	39.2	12.0	10	酒井学	58	ダ1800		良	**	1:54.8	1.3	**	13-13-14-13	37.0-38.6	38.7	494(0)			ダイシンピスケス		202309050809
2019103829	2024-04-28	1新潟2	晴	9	五泉特別(2勝クラス)		14	4	5	29.6	7.0	12	富田暁	58	ダ1800		良	**	1:54.9	1.3	**	11-9-12-11	37.6-37.0	37.3	494(0)			ベンテイガ		202404010209
2019103829	2024-07-20	1札幌1	晴	10	釧路湿原特別(2勝クラス)		13	7	11	63.4	11.0	10	角田大河	58	芝2000		良	**	2:00.6	1.0	**	9-8-7-8	35.3-36.8	36.1	508(+14)			ナックイルシーブ		202401010110
2019103829	2026-01-25	1小倉2	晴	10	響灘特別(2勝クラス)		16	8	15	276.9	16.0	11	中井裕二	58	ダ1700		良	**	1:46.9	1.1	**	9-9-9-12	30.9-36.9	37.3	502(-6)			アイウィル		202610010210
2019105193	2021-11-21	5東京6	曇	6	2歳新馬		8	8	8	3.4	2.0	2	津村明秀	55	芝2000		良	**	2:01.6	0.3	**	1-1-1	37.1-33.9	34.2	480(0)			ダノンベルーガ	280.0	202105050606
2019105193	2022-03-06	2中山4	晴	5	3歳未勝利		16	3	6	1.9	1.0	1	横山武史	56	芝2200		良	**	2:14.1	-0.7	**	1-1-1-1	37.1-35.5	35.5	492(+12)			(マイネルメサイア)	520.0	202206020405
2019105193	2022-06-11	3東京3	曇	8	3歳以上1勝クラス		8	8	8	1.4	1.0	1	ルメール	54	芝2000		良	**	1:58.9	-0.5	**	2-2-2	35.3-35.4	35.1	484(-8)			(サイモンバロン)	770.0	202205030308
2019105193	2022-09-19	4中山5	曇	10	Mシンボリクリスエス(2勝クラス)		10	6	6	1.6	1.0	1	ルメール	54	芝2000		稍	**	2:00.0	-0.1	**	2-2-2-2	35.9-35.3	35.2	490(+6)			(サンストックトン)	1533.1	202206040510
2019105193	2022-11-27	5東京8	晴	11	ウェルカムS(3勝クラス)		16	8	16	1.8	1.0	1	ルメール	55	芝2000		良	**	1:57.8	0.0	**	2-2-2	35.2-34.6	34.5	490(0)			(レインフロムヘヴン)	1874.3	202205050811
2019105193	2023-07-09	2福島4	曇	11	七夕賞(GIII)		16	2	3	4.7	1.0	4	津村明秀	56	芝2000		良	**	2:00.1	0.3	**	1-1-1-1	35.5-35.0	35.3	488(-2)			セイウンハーデス	650.0	202303020411
2019105193	2024-01-27	1東京1	晴	11	白富士S(L)		12	5	6	3.5	2.0	2	ルメール	57	芝2000		良	**	1:57.3	0.1	**	2-2-3	35.3-34.1	33.9	494(+6)			ロードデルレイ	1107.4	202405010111
2019105193	2024-05-04	2東京5	晴	10	メトロポリタンS(L)		8	6	6	1.6	1.0	1	モレイラ	57	芝2400		良	**	2:23.4	-0.3	**	1-1-1-1	35.9-34.1	34.1	492(-2)			(レッドラディエンス)	2818.9	202405020510
2019105193	2025-01-19	1中京7	晴	11	日経新春杯(GII)		16	1	2	35.6	11.0	8	横山武史	57	芝2200		良	**	2:11.2	1.4	**	4-4-4-4	34.5-37.4	37.1	500(+8)			ロードデルレイ		202507010711
2019106933	2021-08-15	4新潟2	晴	5	2歳新馬		14	5	8	1.4	1.0	2	福永祐一	54	芝1800		稍	**	1:49.7	0.1	**	10-10	37.0-34.1	33.1	460(0)			ユキノオウジサマ	280.0	202104040205
2019106933	2021-10-02	5中京8	晴	2	2歳未勝利		9	2	2	1.4	1.0	1	川田将雅	55	芝2000		良	**	2:00.9	-0.4	**	3-3-4-4	36.8-36.3	35.8	458(-2)			(ダノンピーカブー)	510.0	202107050802
2019106933	2021-11-20	5東京5	晴	11	東京スポーツ杯2歳S(GII)		12	8	12	11.1	5.0	4	川田将雅	55	芝1800		良	**	1:47.2	1.0	**	9-11-11	36.2-34.3	33.7	458(0)			イクイノックス	570.0	202105050511
2019106933	2022-02-06	1中京12	晴	11	きさらぎ賞(GIII)		11	3	3	4.1	3.0	2	川田将雅	56	芝2000		稍	**	2:00.5	0.0	**	7-5-5-5	36.2-35.9	35.3	452(-6)			マテンロウレオ	1611.4	202207011211
2019106933	2022-04-17	3中山8	曇	11	皐月賞(GI)		18	4	8	86.2	15.0	10	吉田隼人	57	芝2000		良	**	2:00.5	0.8	**	7-8-8-8	35.2-34.9	34.9	456(+4)			ジオグリフ		202206030811
2019106933	2022-05-08	2東京6	曇	11	NHKマイルC(GI)		18	5	9	39.9	12.0	12	吉田隼人	57	芝1600		良	**	1:33.5	1.2	**	12-12	34.1-34.9	35.1	456(0)			ダノンスコーピオン		202205020611
2019106933	2022-12-28	5中山9	晴	12	カウントダウンS(3勝クラス)		16	1	1	6.9	3.0	2	Ｃ．デム	56	芝1600		良	**	1:34.8	0.1	**	2-3-2	35.3-35.6	35.4	480(+24)			インダストリア	749.6	202206050912
2019106933	2023-01-29	1東京2	晴	10	節分S(3勝クラス)		12	5	5	5.7	3.0	8	坂井瑠星	57	芝1600		良	**	1:34.3	0.7	**	1-1	35.9-33.5	34.2	470(-10)			レッドモンレーヴ		202305010210
2019106933	2023-04-09	2阪神6	晴	12	梅田S(3勝クラス)		15	5	8	7.1	3.0	13	岩田望来	58	ダ1800		稍	**	1:54.6	2.5	**	7-8-4-4	36.7-37.4	39.3	466(-4)			テイエムベンチャー		202309020612
2019106933	2023-07-01	3中京1	曇	11	白川郷S(3勝クラス)		13	5	7	19.8	8.0	12	岩田望来	57	芝1600		重	**	1:35.4	1.3	**	3-7-5	35.1-35.5	36.2	474(+8)			アスクコンナモンダ		202307030111
2019106933	2023-08-13	3小倉2	晴	10	博多S(3勝クラス)		13	6	9	26.0	7.0	1	坂井瑠星	57	芝1800		良	**	1:46.7	-0.3	**	5-5-5-7	35.1-36.4	35.8	470(-4)			(ウインリブルマン)	1868.7	202310030210
2019106933	2023-11-12	3福島4	曇	11	福島記念(GIII)		16	2	3	22.0	10.0	11	石橋脩	55	芝2000		良	**	2:01.9	1.0	**	8-8-8-11	34.6-36.9	37.1	470(0)			ホウオウエミーズ		202303030411
2019106933	2024-02-10	2京都5	曇	11	洛陽S(L)		18	3	6	59.4	13.0	15	池添謙一	55	芝1600		良	**	1:33.9	1.3	**	6-6	33.8-35.3	35.6	472(+2)			ドゥアイズ		202408020511
2019106933	2024-04-14	1福島4	晴	11	福島民報杯(L)		16	1	2	45.4	10.0	7	石橋脩	55	芝2000		良	**	1:59.2	0.3	**	6-4-4-4	35.2-35.7	35.5	466(-6)			リフレーミング		202403010411
2019106933	2024-07-07	2福島4	晴	11	七夕賞(GIII)		15	7	12	66.7	14.0	12	石橋脩	55	芝2000		良	**	1:59.5	1.6	**	9-9-9-11	33.6-36.6	36.2	484(+18)			レッドラディエンス		202403020411
2019106933	2024-11-16	6京都5	曇	11	アンドロメダS(L)		15	8	15	163.6	14.0	11	Ｍ．デム	54	芝2000		良	**	2:00.4	1.8	**	12-11-10-11	35.9-35.3	35.6	490(+6)			デシエルト		202408060511
2019106933	2025-04-13	1福島2	雨	11	福島民報杯(L)		15	2	2	64.4	14.0	7	荻野極	57	芝2000		良	**	2:00.2	0.4	**	4-4-4-2	34.8-36.4	36.1	470(-20)			シリウスコルト		202503010211
2019106933	2025-07-13	2福島6	晴	11	七夕賞(GIII)		15	2	3	57.9	13.0	12	内田博幸	54	芝2000		良	**	2:02.8	2.3	**	8-8-11-11	34.7-36.0	37.2	472(+2)			コスモフリーゲン		202503020611
2019106933	2025-08-09	2新潟5	晴	7	関越S(OP)		13	1	1	116.2	12.0	6	内田博幸	54	芝1800		良	**	1:46.7	0.5	**	3-3	36.8-32.7	32.9	468(-4)			ウンブライル		202504020507
2019106933	2025-10-25	3京都8	曇	11	カシオペアS(L)		10	5	5	91.3	10.0	8	小崎綾也	57	芝1800		良	**	1:45.5	0.5	**	5-6	34.9-35.4	34.3	468(0)			オーロラエックス		202508030811
2020100495	2022-10-15	4東京4	曇	5	2歳新馬		11	8	11	134.3	11.0	8	内田博幸	55	芝2000		良	**	2:02.9	0.9	**	1-1-1	38.0-33.9	34.8	458(0)			ヒシタイカン		202205040405
2020100495	2022-11-13	5東京4	晴	4	2歳未勝利		15	6	10	36.3	9.0	5	内田博幸	55	ダ1600		良	**	1:40.3	1.2	**	12-11	35.3-39.2	39.0	456(-2)			タカシ	52.0	202205050404
2020100495	2023-02-11	1東京5	晴	3	3歳未勝利		16	3	6	57.3	11.0	4	武藤雅	56	ダ1600		不	**	1:37.9	0.8	**	1-1	34.7-37.7	38.5	448(-8)			ヒルズカーン	83.0	202305010503
2020100495	2023-02-25	2中山1	晴	3	3歳未勝利		16	4	8	23.1	6.0	6	武藤雅	56	ダ1800		良	**	1:57.4	1.1	**	6-7-8-7	37.8-40.5	40.5	450(+2)			ナスノカンゲツ		202306020103
2020100495	2023-05-06	1新潟3	雨	2	3歳未勝利		15	6	11	32.5	8.0	4	武藤雅	56	ダ1800		良	**	1:55.9	0.6	**	2-3-2-2	37.3-37.7	38.1	440(-10)			タイセイウォリアー	83.0	202304010302
2020100495	2023-05-20	1新潟7	晴	6	3歳未勝利		15	8	14	10.5	6.0	4	武藤雅	56	ダ1800		良	**	1:54.4	1.2	**	4-2-2-3	36.8-38.0	39.1	442(+2)			モジャータルマエ	83.0	202304010706
2020100495	2023-06-10	1函館1	曇	6	3歳未勝利		14	7	12	7.0	3.0	7	佐々木大	53	ダ1700		重	**	1:45.8	1.4	**	4-3-4-6	29.0-38.5	39.4	444(+2)			ダンツビガー		202302010106
2020100495	2023-06-17	1函館3	曇	4	3歳未勝利		12	5	6	21.8	8.0	3	富田暁	56	芝2600		良	**	2:42.5	0.4	**	7-7-7-5	36.6-35.5	35.5	448(+4)			ステラポイント	140.0	202302010304
2020100495	2023-07-16	2函館6	曇	6	3歳未勝利		12	8	11	13.1	4.0	4	富田暁	56	芝2600		稍	**	2:45.7	1.3	**	5-5-2-2	35.6-37.9	39.2	444(-4)			ドーバーイーグル	83.0	202302020606
2020100495	2023-08-06	1札幌6	曇	6	3歳未勝利		13	6	10	7.2	4.0	2	富田暁	56	芝2600		重	**	2:48.3	0.0	**	2-2-2-2	39.1-38.8	38.7	446(+2)			ジーククローネ	220.0	202301010606
2020100495	2023-08-20	2札幌4	曇	4	3歳未勝利		14	3	3	4.5	3.0	3	横山武史	56	芝2600		稍	**	2:46.1	0.5	**	2-2-1-1	36.5-37.5	38.0	444(-2)			カナオールウェイズ	140.0	202301020404
2020100495	2023-09-02	2札幌7	晴	3	3歳未勝利		16	6	12	6.3	3.0	1	横山武史	56	芝2000		稍	**	2:02.9	0.0	**	2-2-1-1	36.3-37.0	37.0	446(+2)			(アイヲヨブテーラー)	550.0	202301020703
2020100495	2023-11-05	3福島2	曇	7	3歳以上1勝クラス		11	6	7	3.6	1.0	9	丹内祐次	56	芝2600		良	**	2:45.9	3.0	**	1-1-1-2	38.0-36.8	39.8	438(-8)			ヴェルミセル		202303030207
2020100495	2023-11-18	3福島5	晴	9	高湯温泉特別(1勝クラス)		16	3	6	26.3	8.0	3	菊沢一樹	56	芝1800		稍	**	1:49.4	0.2	**	11-11-11-7	35.6-37.7	36.9	440(+2)			テイデ	286.7	202303030509
2020100495	2024-02-04	1小倉8	曇	9	合馬特別(1勝クラス)		11	6	6	5.2	3.0	3	菊沢一樹	57	芝1800		重	**	1:51.0	1.0	**	11-11-11-9	37.2-36.8	36.6	454(+14)			ロードマンハイム	284.6	202410010809
2020100495	2024-02-17	2小倉3	晴	8	4歳以上1勝クラス		12	8	11	10.8	4.0	2	藤岡康太	57	芝1800		良	**	1:48.1	0.0	**	6-6-6-2	36.8-35.8	35.2	456(+2)			ポルカリズム	320.0	202410020308
2020100495	2024-03-02	2小倉7	晴	10	高千穂特別(1勝クラス)		13	8	12	2.6	1.0	1	藤岡康太	58	芝1800		稍	**	1:49.0	-0.2	**	4-4-4-4	36.0-36.4	35.5	450(-6)			(コスモバラタ)	1142.2	202410020710
2020100495	2024-06-08	1函館1	晴	10	松前特別(2勝クラス)		16	7	14	22.5	8.0	9	藤岡佑介	58	芝1800		良	**	1:47.6	0.4	**	16-16-16-15	35.7-35.0	33.7	448(-2)			エープラス		202402010110
2020100495	2024-06-23	1函館6	曇	9	洞爺湖特別(2勝クラス)		9	7	7	4.9	3.0	5	藤岡佑介	58	芝2000		良	**	2:01.0	0.3	**	2-2-4-4	36.3-35.3	35.2	446(-2)			コスモフロイデ	155.0	202402010609
2020100495	2024-07-20	1札幌1	晴	10	釧路湿原特別(2勝クラス)		13	8	13	22.3	7.0	4	武藤雅	58	芝2000		良	**	1:59.7	0.1	**	10-10-11-10	35.3-36.8	34.9	452(+6)			ナックイルシーブ	230.0	202401010110
2020100495	2024-10-19	4新潟5	雨	10	村上特別(2勝クラス)		14	6	10	14.7	7.0	2	菊沢一樹	58	芝2000		稍	**	2:02.3	0.1	**	13-12	36.2-35.9	35.0	438(-14)			ショーマンフリート	629.8	202404040510
2020100495	2024-11-24	5東京8	晴	9	オリエンタル賞(2勝クラス)		13	5	7	79.6	9.0	12	横山武史	56	芝2000		良	**	2:01.0	1.6	**	7-5-2	36.7-34.0	35.4	446(+8)			アドマイヤマツリ		202405050809
2020100495	2025-05-03	1新潟1	晴	10	胎内川特別(2勝クラス)		10	4	4	30.0	9.0	5	武藤雅	56	芝1800		良	**	1:46.9	0.3	**	8-8	36.2-34.4	34.0	448(+2)			ライラスター	155.0	202504010110
2020100495	2025-05-18	1新潟6	曇	10	信濃川特別(2勝クラス)		10	1	1	20.2	8.0	1	横山琉人	58	芝2000		良	**	2:01.4	-0.1	**	9-8	36.9-34.8	34.0	448(0)			(ストップザタイム)	1575.2	202504010610
2020100495	2025-06-28	2福島1	晴	11	バーデンバーデンC(3勝クラス)		16	6	12	43.8	10.0	8	横山琉人	58	芝2000		良	**	1:59.8	0.5	**	11-12-12-10	34.6-36.2	35.5	448(0)			アンゴラブラック		202503020111
2020100495	2025-07-13	2福島6	晴	11	七夕賞(GIII)		15	1	1	34.3	10.0	5	横山琉人	52	芝2000		良	**	2:01.6	1.1	**	14-14-14-14	34.7-36.0	35.6	450(+2)			コスモフリーゲン	430.0	202503020611
2020100495	2025-08-30	3新潟3	晴	11	日本海S(3勝クラス)		16	7	13	33.5	8.0	15	横山琉人	58	芝2200		良	**	2:14.3	2.2	**	9-10-9-11	35.2-35.0	36.3	448(-2)			ゲルチュタール		202504030311
2020100495	2025-10-25	4新潟3	曇	11	魚沼S(3勝クラス)		18	3	5	40.2	12.0	10	横山琉人	58	芝2000		良	**	1:59.2	1.0	**	16-15	36.1-33.4	33.4	450(+2)			シンハナーダ		202504040311
2020100495	2025-12-13	5中山3	曇	11	常総S(3勝クラス)		16	1	1	92.2	13.0	10	横山琉人	58	芝1800		良	**	1:47.9	0.6	**	15-15-15-14	36.7-34.3	33.7	450(0)			マイネルオーシャン		202506050311
2020100495	2026-01-25	1小倉2	晴	11	壇之浦S(3勝クラス)		12	7	10	40.5	9.0	6	武藤雅	58	芝1800		良	**	1:45.9	0.5	**	9-10-9-10	35.8-33.8	33.5	460(+10)			エラトー		202610010211
2020100651	2023-01-21	1中山7	曇	6	3歳新馬		16	2	4	35.9	10.0	15	松岡正海	54	ダ1800		稍	**	2:03.0	4.5	**	15-15-12-13	38.8-39.4	42.1	520(0)			メイショウフジ		202306010706
2020100651	2023-06-04	3東京2	晴	3	3歳未勝利		18	4	7	477.2	17.0	16	松岡正海	54	芝1400		稍	**	1:23.6	2.4	**	12-13	34.9-34.5	35.5	526(+6)			グランドカリナン		202305030203
2020100651	2023-08-12	3新潟1	曇	3	3歳未勝利		15	6	10	239.3	13.0	9	松岡正海	54	ダ1200		良	**	1:13.7	2.3	**	3-3	34.4-37.0	39.0	520(-6)			チュウワスプリング		202304030103
2020100651	2024-01-18	姫路	雨	5	C2二		10	1	1	5.9	2.0	8	永井孝典	54	ダ1400		良	**	1:37.7	1.9	**	4-4-5-5		41.4	534(+14)			クァンタムリープ		202451011805
2020100651	2024-02-07	姫路	晴	4	C2二		12	7	9	125.9	11.0	12	高野誠毅	54	ダ1400		重	**	1:39.8	4.8	**	6-6-8-9		45.5	534(0)			メイショウイッシン		202451020704
2020100651	2024-03-06	姫路	曇	6	C2三		12	8	12	202.8	11.0	11	永井孝典	54	ダ1400		重	**	1:38.2	3.6	**	9-10-11-11		42.9	537(+3)			アルマイメル		202451030606
2020100651	2024-03-22	園田	晴	4	C3一		12	2	2	259.1	12.0	11	大柿一真	54	ダ1400		稍	**	1:37.0	2.6	**	5-5-11-11		43.7	540(+3)			ファイアボルト		202450032204
2020100651	2024-04-10	園田	晴	3	C3		12	7	10	68.4	8.0	3	大柿一真	54	ダ820		重	**	0:52.2	0.3	**	2-2		37.7	543(+3)			リュウノヒナコ	11.2	202450041003
2020100651	2024-04-23	園田	曇	6	C3一		9	8	8	8.1	4.0	1	大柿一真	54	ダ820		重	**	0:51.8	-0.8	**	1-1		37.5	544(+1)			(リナルド)	56.0	202450042306
2020100651	2025-03-04	姫路	雨	12	C3一		12	7	9	5.1	3.0	3	大柿一真	55	ダ800		不	**	0:51.0	0.9	**	7-6		36.6	542(-2)			レオナルドスター	11.2	202551030412
2020100651	2025-03-27	園田	晴	1	C3二		12	6	7	2.0	1.0	1	大柿一真	54	ダ820		良	**	0:51.2	-0.3	**	3-3		36.7	548(+6)			(ララケリア)	56.0	202550032701
2020100651	2025-04-17	園田	晴	5	田路ダッシュC2二		12	1	1	13.3	5.0	8	永井孝典	55	ダ820		良	**	0:51.8	1.5	**	10-8		37.1	548(0)			ヤングブラッド		202550041705
2020100651	2025-05-08	園田	晴	4	オーパスツー☆来場記(C2)		10	4	4	3.9	2.0	2	大柿一真	55	ダ820		稍	**	0:51.7	0.6	**	5-4		37.1	550(+2)			フリューゲルノア	28.0	202550050804
2020100651	2025-06-13	園田	晴	7	今成亮太☆来場記念C(C2)		12	5	5	10.0	4.0	9	下原理	55	ダ820		稍	**	0:51.9	0.9	**	9-8		37.1	549(-1)			ベイブ		202550061307
2020100651	2025-06-27	園田	晴	10	クチナシ賞C2		11	4	4	38.1	7.0	9	大柿一真	55	ダ1230		稍	**	1:23.0	1.4	**	7-6-4-6		41.5	545(-4)			バルミーパール		202550062710
2020100651	2025-07-17	園田	雨	3	C3一		11	3	3	9.2	5.0	1	大柿一真	55	ダ820		不	**	0:50.9	-0.3	**	7-3		36.1	555(+10)			(ネヴァタップアウト)	60.0	202550071703
2020100651	2025-10-13	4東京5	晴	12	3歳以上1勝クラス		16	4	8	152.1	14.0	16	柴田大知	56	ダ1300		良	**	1:22.9	3.7	**	10-11	29.7-37.0	39.2	538(-17)			ラストシャリナ		202505040512
2020100651	2026-02-01	1小倉4	曇	3	4歳以上1勝クラス		14	1	1	227.4	13.0	14	横山琉人	56	ダ1000		良	**	1:00.3	1.6	**	12-12	34.2-36.0	36.0	536(-2)			トーアジョウトウ		202610010403
2020101025	2022-12-04	6阪神2	曇	5	2歳新馬		14	2	2	33.6	9.0	9	今村聖奈	52	芝1800		良	**	1:49.2	1.6	**	12-12	35.7-34.4	34.4	454(0)			トンジンチ		202209060205
2020101025	2022-12-24	6阪神7	晴	4	2歳未勝利		16	5	10	118.3	11.0	3	岩田康誠	55	芝2000		良	**	2:01.5	0.0	**	3-5-3-3	37.6-35.7	35.5	460(+6)			セオ	130.0	202209060704
2020101025	2023-01-09	1中京4	晴	7	3歳未勝利		18	1	1	7.7	5.0	6	岩田康誠	56	芝2000		良	**	2:01.6	0.7	**	10-10-10-10	36.3-35.1	34.9	456(-4)			ヨリマル		202307010407
2020101025	2023-02-25	1阪神5	晴	4	3歳未勝利		15	6	12	4.8	2.0	2	岩田康誠	56	芝2000		稍	**	2:03.2	0.2	**	2-2-1-1	37.4-35.1	35.3	466(+10)			クレオメデス	220.0	202309010504
2020101025	2023-03-26	2中京6	雨	4	3歳未勝利		18	1	2	3.4	2.0	1	岩田康誠	56	芝2000		不	**	2:07.8	-0.6	**	15-16-15-8	37.1-38.8	37.9	460(-6)			(ウイニングライブ)	550.0	202307020604
2020101025	2023-04-16	2阪神8	晴	6	3歳1勝クラス		12	4	4	4.5	2.0	3	岩田康誠	56	芝2000		稍	**	2:01.2	0.2	**	8-7-8-9	36.6-35.3	34.6	460(0)			リビアングラス	200.0	202309020806
2020101025	2023-05-06	1京都5	小雨	11	京都新聞杯(GII)		12	6	8	22.7	8.0	8	岩田康誠	56	芝2200		良	**	2:15.0	0.9	**	12-12-12-12	37.7-33.9	33.5	460(0)			サトノグランツ		202308010511
2020101025	2023-07-22	3中京7	晴	9	香嵐渓特別(1勝クラス)		12	6	8	7.3	4.0	4	岩田望来	55	芝2000		良	**	2:02.4	0.1	**	8-8-5-5	36.4-35.5	35.0	462(+2)			スマートファントム	170.0	202307030709
2020101025	2023-08-20	3小倉4	晴	8	3歳以上1勝クラス		11	6	7	3.6	2.0	1	岩田望来	55	芝2000		良	**	1:59.7	-0.1	**	8-8-7-8	34.6-36.3	35.6	478(+16)			(ゴルトシュミーデ)	800.0	202310030408
2020101025	2023-09-10	4阪神2	曇	9	能勢特別(2勝クラス)		8	7	7	3.4	3.0	2	岩田望来	55	芝2000		良	**	1:59.3	0.0	**	4-4-4-4	36.5-34.3	33.8	462(-16)			アレグロモデラート	625.2	202309040209
2020101025	2023-10-08	2京都2	小雨	9	清滝特別(2勝クラス)		12	5	5	3.2	1.0	2	岩田望来	55	芝2200		良	**	2:12.1	0.1	**	5-7-6-4	35.7-35.1	34.1	462(0)			シェイクユアハート	627.4	202308020209
2020101025	2023-11-12	3京都4	小雨	7	3歳以上2勝クラス		11	6	6	2.3	1.0	1	岩田望来	56	芝2200		良	**	2:13.9	-0.2	**	6-6-6-6	36.1-35.0	34.1	468(+6)			(メイショウゲキリン)	1140.0	202308030407
2020101025	2023-12-24	5阪神8	晴	10	サンタクロースS(3勝クラス)		13	4	4	5.6	3.0	7	幸英明	57	芝2000		良	**	2:00.1	0.8	**	8-8-8-6	35.0-36.8	34.8	470(+2)			セントカメリア		202309050810
2020101025	2024-01-28	2京都2	曇	10	八坂S(3勝クラス)		12	5	5	40.0	10.0	5	角田大河	57	芝2200		良	**	2:13.2	0.5	**	9-9-8-5	36.4-35.9	36.1	474(+4)			サスツルギ	184.0	202408020210
2020101025	2024-02-25	1阪神2	小雨	9	松籟S(3勝クラス)		12	3	3	10.0	4.0	9	角田大河	55	芝3000		重	**	3:09.3	2.0	**	5-5-4-2	37.7-37.3	39.2	472(-2)			ゴールドプリンセス		202409010209
2020101025	2024-04-07	2阪神6	晴	10	ダイワスカーレットC(3勝クラス)		16	2	4	28.4	10.0	5	岩田望来	55	芝2000		良	**	1:59.4	0.6	**	3-3-4-5	35.6-34.5	34.7	470(-2)			エーデルブルーメ	184.0	202409020610
2020101025	2024-04-27	2東京3	曇	10	府中市70周年記念(3勝クラス)		13	3	3	48.7	9.0	9	田辺裕信	58	芝2000		良	**	1:58.8	1.0	**	7-7-7	35.6-34.8	34.8	470(0)			マイネルケレリウス		202405020310
2020101025	2024-07-07	1函館10	曇	11	五稜郭S(3勝クラス)		14	8	14	45.2	13.0	4	富田暁	58	芝1800		稍	**	1:49.9	0.5	**	7-7-6-4	36.2-36.6	36.5	480(+10)			キミノナハマリア	280.0	202402011011
2020101025	2024-07-27	1札幌3	曇	11	STV賞(3勝クラス)		14	7	11	29.5	11.0	13	富田暁	56	芝2000		良	**	2:01.3	0.7	**	11-11-11-10	36.1-34.5	34.6	478(-2)			フェアエールング		202401010311
2020101025	2024-08-24	2札幌5	晴	11	オールスターJ第2戦(3勝クラス)		14	2	2	17.3	7.0	3	坂井瑠星	58	芝2000		良	**	2:00.5	0.4	**	14-14-12-10	35.4-37.5	36.5	476(-2)			シュバルツクーゲル	464.6	202401020511
2020101025	2025-03-02	1小倉12	曇	11	関門橋S(3勝クラス)		13	8	12	12.4	8.0	1	西塚洸二	58	芝2000		重	**	2:04.4	0.0	**	13-13-12-4	37.4-36.9	36.2	476(0)			(アイスグリーン)	1870.1	202510011211
2020101025	2025-03-16	2中京2	小雨	11	東海テレビ杯金鯱賞(GII)		10	1	1	61.2	10.0	10	岩田望来	57	芝2000		重	**	2:04.7	3.4	**	7-7-7-7	35.7-38.6	39.2	470(-6)			クイーンズウォーク		202507020211
2020101025	2025-04-13	1福島2	雨	11	福島民報杯(L)		15	2	3	38.9	10.0	12	斎藤新	57	芝2000		良	**	2:00.7	0.9	**	10-9-12-14	34.8-36.4	35.4	478(+8)			シリウスコルト		202503010211
2020101025	2025-08-09	2新潟5	晴	7	関越S(OP)		13	3	3	127.4	13.0	4	大野拓弥	54	芝1800		良	**	1:46.6	0.4	**	6-6	36.8-32.7	32.6	480(+2)			ウンブライル	360.0	202504020507
2020101025	2025-08-31	3新潟4	晴	11	新潟記念(GIII)		16	7	13	367.1	15.0	10	石川裕紀	57	芝2000		良	**	1:58.5	0.5	**	15-15	35.6-33.2	32.6	478(-2)			シランケド		202504030411
2020101025	2026-01-05	1京都2	晴	11	万葉S(OP)		9	3	3	12.7	5.0	6	西塚洸二	54	芝3000		良	**	3:08.7	1.2	**	9-9-9-9	39.6-34.0	34.0	476(-2)			アクアヴァーナル		202608010211
2020101265	2022-08-13	3新潟1	曇	6	2歳新馬		17	4	7	80.5	11.0	9	岩部純二	54	芝1400		良	**	1:25.2	1.2	**	1-1	35.7-35.7	36.9	434(0)			ハーエクセレンシー		202204030106
2020101265	2022-10-22	4新潟3	曇	5	2歳未勝利		18	1	1	80.2	14.0	6	岩部純二	54	芝1000		良	**	0:57.0	1.4	**	10	33.1-33.2	33.8	434(0)			フォルテース		202204040305
2020101265	2022-12-28	5中山9	晴	1	2歳未勝利		16	1	2	75.1	10.0	9	岩部純二	54	ダ1200		良	**	1:13.6	1.0	**	1-1	34.0-38.6	39.6	450(+16)			ヨロ		202206050901
2020101265	2023-01-22	1中山8	曇	1	3歳未勝利		16	7	13	50.0	9.0	3	岩部純二	54	ダ1200		良	**	1:12.8	0.2	**	2-2	34.3-38.3	38.4	450(0)			フェイマスドクター	140.0	202306010801
2020101265	2023-02-04	1東京3	晴	2	3歳未勝利		16	4	8	16.7	6.0	8	岩部純二	54	ダ1300		良	**	1:22.1	0.6	**	2-3	31.3-36.8	37.2	452(+2)			ドラゴングライダー		202305010302
2020101265	2023-04-09	3中山6	晴	3	3歳未勝利		16	7	13	19.8	5.0	4	岩部純二	54	ダ1200		稍	**	1:13.0	1.5	**	4-5	33.4-38.1	39.2	450(-2)			リラックス	83.0	202306030603
2020101265	2023-04-29	1新潟1	晴	6	3歳未勝利		16	2	4	20.1	7.0	4	岩部純二	54	芝1000		良	**	0:56.5	0.9	**	4	33.0-33.4	34.0	452(+2)			サンタアナテソーロ	83.0	202304010106
2020101265	2023-05-14	1新潟6	曇	7	3歳未勝利		16	2	4	12.8	5.0	3	杉原誠人	54	芝1000		良	**	0:56.1	0.6	**	7	32.8-33.1	33.2	456(+4)			イルルージュ	140.0	202304010607
2020101265	2023-06-10	1函館1	曇	3	3歳未勝利		12	5	6	14.9	8.0	3	杉原誠人	54	ダ1000		重	**	0:58.6	0.5	**	5-3	34.1-35.5	35.7	458(+2)			テイエムスイスイ	140.0	202302010103
2020101265	2023-06-17	1函館3	曇	3	3歳未勝利		11	5	5	3.3	1.0	1	佐々木大	52	ダ1000		良	**	0:59.7	-0.3	**	2-2	35.2-36.4	36.3	458(0)			(グランツベリー)	550.0	202302010303
2020101265	2023-07-15	2函館5	曇	12	3歳以上1勝クラス		12	6	8	3.5	1.0	4	佐々木大	51	ダ1000		不	**	0:59.1	0.6	**	3-3	35.0-35.3	35.7	450(-8)			シンリンゲンカイ	120.0	202302020512
2020101265	2023-07-29	1札幌3	晴	6	3歳以上1勝クラス		11	6	7	4.9	3.0	7	佐々木大	51	ダ1000		良	**	0:59.9	0.9	**	2-4	34.8-36.0	36.7	454(+4)			メイショウオトギ		202301010306
2020101265	2023-09-16	4中山3	晴	6	3歳以上1勝クラス		16	1	2	53.2	11.0	8	黛弘人	54	ダ1200		良	**	1:12.6	1.4	**	2-2	33.8-37.4	38.7	452(-2)			デュードメール		202306040306
2020101265	2023-10-28	4新潟5	小雨	7	3歳以上1勝クラス		18	4	7	24.4	10.0	10	永野猛蔵	54	芝1000		重	**	0:57.4	0.8	**	5	33.4-34.1	34.5	454(+2)			テンジュイン		202304040507
2020101265	2023-11-05	3福島2	曇	12	3歳以上1勝クラス		11	1	1	42.3	8.0	8	黛弘人	55	ダ1150		良	**	1:09.9	1.1	**	6-7	31.9-36.9	37.5	458(+4)			アイファースキャン		202303030212
2020101265	2024-01-14	1小倉2	晴	3	4歳以上1勝クラス		14	3	4	68.0	11.0	12	水沼元輝	53	ダ1000		良	**	1:00.6	1.6	**	2-2	34.2-36.3	37.8	460(+2)			ルクスメテオール		202410010203
2020101265	2024-01-21	1小倉4	曇	9	八幡特別(1勝クラス)		15	3	5	214.6	15.0	7	城戸義政	56	芝1200		稍	**	1:10.8	0.5	**	2-2	35.6-34.7	35.2	460(0)			トーセンエスクード		202410010409
2020101265	2024-01-28	1小倉6	小雨	8	4歳以上1勝クラス		14	6	9	56.4	10.0	13	黛弘人	56	芝1200		良	**	1:10.3	1.3	**	1-2	34.1-34.9	36.2	460(0)			コナブラック		202410010608
2020101265	2024-03-17	2中山8	晴	7	4歳以上1勝クラス		16	6	11	225.1	13.0	6	嶋田純次	56	ダ1200		良	**	1:13.5	1.5	**	6-5	35.2-36.8	37.6	460(0)			ナスノカンゲツ		202406020807
2020101265	2024-05-04	1新潟3	晴	12	4歳以上1勝クラス		16	1	1	29.9	10.0	6	嶋田純次	56	芝1000		良	**	0:55.8	0.9	**	4	32.4-33.0	33.6	460(0)			クインズコスモス		202404010312
2020101265	2024-05-11	1新潟5	晴	12	4歳以上1勝クラス		14	4	6	72.7	11.0	10	嶋田純次	56	ダ1200		良	**	1:13.2	0.8	**	3-3	34.3-38.1	38.3	456(-4)			シックザイン		202404010512
2020101265	2024-07-27	2新潟1	曇	11	3歳以上1勝クラス		18	7	13	11.7	6.0	5	内田博幸	56	芝1000		良	**	0:55.9	0.4	**	5	32.3-33.6	33.6	460(+4)			ニシノコニャック	80.0	202404020111
2020101265	2024-08-18	3新潟4	晴	9	閃光特別(1勝クラス)		18	3	6	76.4	15.0	9	内田博幸	56	芝1000		良	**	0:55.3	0.7	**	9	32.3-32.7	32.8	466(+6)			トレブランシュ		202404030409
2020101265	2024-09-07	4中山1	晴	12	3歳以上1勝クラス		16	3	5	95.7	11.0	3	杉原誠人	56	ダ1200		良	**	1:12.5	0.3	**	4-4	35.1-37.1	37.1	460(-6)			メモリーグラス	200.0	202406040112
2020101265	2024-09-22	4中山7	曇	8	3歳以上1勝クラス		16	2	4	35.0	10.0	7	杉原誠人	56	ダ1200		良	**	1:12.4	0.8	**	10-12	33.8-37.8	37.8	466(+6)			リリージェーン		202406040708
2020101265	2024-10-12	4新潟3	晴	8	3歳以上1勝クラス		13	3	3	46.7	10.0	9	小林脩斗	54	ダ1200		良	**	1:12.9	1.2	**	5-4	34.3-37.4	38.0	460(-6)			ネイト		202404040308
2020101265	2025-01-12	1中山4	曇	6	4歳以上1勝クラス		16	2	3	91.7	14.0	16	嶋田純次	56	ダ1200		良	**	1:14.2	2.3	**	4-3	34.0-37.9	39.8	466(+6)			ケープアグラス		202506010406
2020101265	2025-03-16	2中山6	雨	7	4歳以上1勝クラス		16	1	1	116.9	13.0	11	嶋田純次	56	ダ1200		不	**	1:13.0	1.7	**	3-3	33.4-37.9	39.3	464(-2)			バロン		202506020607
2020101265	2025-05-03	1新潟1	晴	12	4歳以上1勝クラス		16	7	13	7.2	3.0	3	嶋田純次	56	芝1000		良	**	0:55.5	0.9	**	6	33.0-32.2	32.7	464(0)			ニシノトキメキ	200.0	202504010112
2020101265	2025-05-18	1新潟6	曇	9	飛竜特別(1勝クラス)		16	3	5	36.2	10.0	14	嶋田純次	56	芝1000		良	**	0:57.6	1.0	**	6	33.6-33.9	34.6	468(+4)			ブルボンクイーン		202504010609
2020101265	2025-06-29	2福島2	晴	12	3歳以上1勝クラス		14	2	2	16.6	8.0	10	内田博幸	56	芝1200		良	**	1:10.2	0.8	**	8-8	33.5-35.9	36.0	466(-2)			アタリダイキチ		202503020212
2020101265	2025-07-06	2福島4	晴	12	3歳以上1勝クラス		15	2	3	41.6	10.0	3	嶋田純次	56	ダ1150		良	**	1:09.5	1.7	**	3-4	31.2-36.6	38.0	470(+4)			シュヴァルボヌール	200.0	202503020412
2020101265	2025-07-19	2福島7	晴	12	3歳以上1勝クラス		11	1	1	29.3	6.0	5	嶋田純次	56	ダ1150		良	**	1:10.1	0.3	**	1-1	32.7-37.1	37.4	470(0)			グラスブランシュ	80.0	202503020712
2020101265	2025-08-17	2新潟8	晴	9	3歳以上1勝クラス		15	1	1	51.5	8.0	14	嶋田純次	56	ダ1200		良	**	1:14.2	3.1	**	3-4	33.8-37.3	40.0	466(-4)			マーズオデッセイ		202504020809
2020101265	2025-09-15	4中山5	曇	12	3歳以上1勝クラス		16	7	13	67.7	10.0	6	嶋田純次	56	ダ1200		良	**	1:12.3	1.5	**	2-2	33.8-37.0	38.4	466(0)			ワンダラー		202506040512
2020101265	2025-09-21	4中山7	晴	6	3歳以上1勝クラス		16	5	9	52.3	10.0	10	嶋田純次	56	ダ1200		良	**	1:12.4	1.7	**	2-2	33.4-37.3	38.7	470(+4)			チャロ		202506040706
2020101265	2025-11-08	3福島1	晴	4	3歳以上1勝クラス		16	5	9	82.0	12.0	10	嶋田純次	56	ダ1150		良	**	1:09.7	1.2	**	3-3	31.3-37.2	37.9	470(0)			ハニーローリエ		202503030104
2020101265	2026-01-25	1小倉2	晴	3	4歳以上1勝クラス		14	6	9	153.0	12.0	4	嶋田純次	56	ダ1000		良	**	0:59.7	0.8	**	9-3	34.5-35.9	35.9	474(+4)			ララアヴリル	120.0	202610010203
2020101652	2022-08-28	4小倉6	晴	6	2歳新馬		9	4	4	9.1	4.0	6	幸英明	54	芝1200		良	**	1:10.5	1.6	**	7-6	34.0-34.9	35.2	468(0)			バレリーナ		202210040606
2020101652	2022-09-17	5中京3	曇	1	2歳未勝利		10	6	6	8.5	3.0	1	幸英明	54	ダ1400		良	**	1:27.4	-0.1	**	2-4	36.0-38.9	38.8	460(-8)			(フォーサイティド)	520.0	202207050301
2020101652	2022-10-01	5中京8	晴	9	ヤマボウシ賞(1勝クラス)		9	6	6	57.9	9.0	9	幸英明	55	ダ1400		良	**	1:27.0	2.7	**	4-5	34.4-37.9	40.0	458(-2)			オマツリオトコ		202207050809
2020101652	2023-05-14	1京都8	小雨	5	3歳1勝クラス		14	6	10	174.8	14.0	14	国分優作	56	ダ1800		重	**	1:57.9	4.2	**	12-13-11-12	36.6-38.7	41.4	468(+10)			テーオーリカード		202308010805
2020101652	2023-06-17	3阪神5	晴	8	3歳以上1勝クラス		13	5	6	72.4	11.0	10	国分優作	55	ダ1800		良	**	1:55.6	2.6	**	3-3-4-5	36.4-38.4	40.6	460(-8)			プラーヴィ		202309030508
2020101652	2023-09-10	4阪神2	晴	7	3歳以上1勝クラス		13	2	2	87.5	12.0	7	川端海翼	52	ダ1800		良	**	1:55.3	1.3	**	5-4-3-6	37.5-38.4	39.3	470(+10)			アオイイーグル		202309040207
2020101652	2023-11-05	3京都2	晴	6	3歳以上1勝クラス		15	8	14	9.9	5.0	3	国分優作	57	ダ1400		良	**	1:24.8	0.1	**	4-3	34.5-38.1	37.7	470(0)			シンゼンイズモ	200.0	202308030206
2020101652	2023-12-02	4中京1	晴	3	3歳以上1勝クラス		16	2	3	3.6	2.0	12	国分優作	57	ダ1400		良	**	1:26.7	1.5	**	2-2	34.8-37.9	38.9	470(0)			スマートアンバー		202307040103
2020101652	2024-04-14	2阪神8	晴	8	4歳以上1勝クラス		12	6	8	8.2	4.0	2	国分優作	58	ダ1400		良	**	1:25.3	0.2	**	3-2	35.4-37.4	37.3	466(-4)			サザーランド	320.0	202409020808
2020101652	2024-05-05	3京都6	晴	12	4歳以上1勝クラス		16	8	16	4.9	1.0	12	古川吉洋	58	ダ1400		良	**	1:27.2	1.4	**	4-5	35.7-37.6	38.4	466(0)			バイファーザベスト		202408030612
2020101652	2024-06-08	4京都3	晴	12	3歳以上1勝クラス		15	2	3	56.2	13.0	9	国分優作	58	ダ1400		良	**	1:26.1	1.8	**	13-13	34.7-37.4	36.7	462(-4)			カズゴルティス		202408040312
2020101652	2024-08-18	2中京4	晴	8	3歳以上1勝クラス		16	7	14	32.3	8.0	12	国分優作	58	ダ1400		良	**	1:25.9	2.1	**	4-4	34.1-37.9	39.9	460(-2)			ヘルモーズ		202407020408
2020101652	2024-09-01	2中京8	曇	7	3歳以上1勝クラス		11	7	8	11.0	4.0	8	国分優作	58	ダ1800		不	**	1:52.8	1.5	**	7-7-7-8	37.8-36.6	37.4	450(-10)			キュピドン		202407020807
2020101652	2024-09-14	3中京3	晴	12	3歳以上1勝クラス		15	7	12	19.2	8.0	13	国分優作	58	ダ1400		良	**	1:26.4	2.8	**	7-8	34.4-37.3	39.3	444(-6)			ラブコメディ		202407030312
2020101652	2025-02-15	1京都5	晴	7	4歳以上1勝クラス		16	2	3	98.4	12.0	13	国分優作	58	ダ1400		良	**	1:27.2	1.8	**	3-4	34.8-38.5	40.0	480(+36)			キングツェッペリン		202508010507
2020101652	2025-03-15	1阪神5	小雨	7	4歳以上1勝クラス		16	5	10	178.6	15.0	15	古川吉洋	58	ダ1400		良	**	1:28.2	2.9	**	4-7	34.8-38.3	40.5	486(+6)			リネアグローリア		202509010507
2020101652	2025-05-03	1新潟1	晴	1	障害4歳以上未勝利		14	8	13	160.9	14.0	12	難波剛健	60	障2890		良		3:16.2	7.3		11-11-11-11	103.1-0.0	13.6	486(0)			サルサロッサ		202504010101
2020101652	2025-05-24	1新潟7	曇	4	障害4歳以上未勝利		13	6	8	169.7	12.0	10	難波剛健	60	障2890		良		3:18.5	6.0		1-1-2-4	105.1-0.0	13.7	472(-14)			サクセスバラード		202504010704
2020101652	2025-08-24	4中京2	晴	1	障害3歳以上未勝利		11	2	2	81.2	10.0	8	難波剛健	60	障3000		良		3:23.4	4.7		4-4-3-4	103.1-0.0	13.6	490(+18)			アメリカンピース		202507040201
2020101652	2025-11-26	名古屋	晴	10	JRA交流競走名古屋		12	8	12	8.6	5.0	7	秋山稔樹	57	ダ1500		良	**	1:37.1	1.6	**	1-1-4		40.2	498(+8)			ジョウゲンノツキ		202548112610
2020101652	2025-12-14	5中京4	晴	12	3歳以上1勝クラス		16	8	15	330.5	15.0	15	鷲頭虎太	56	芝1600		稍	**	1:36.6	1.0	**	3-3-3	36.1-34.9	35.6	496(-2)			ウインベアトリス		202507050412
2020102269	2022-10-09	4阪神2	曇	5	2歳新馬		9	4	4	2.9	1.0	7	今村聖奈	51	芝1800		良	**	1:49.5	1.5	**	3-2	37.1-34.3	35.7	440(0)			マルカシャルマン		202209040205
2020102269	2022-10-29	4阪神8	晴	3	2歳未勝利		13	4	4	60.4	10.0	12	岩田望来	55	芝1800		良	**	1:49.4	1.7	**	5-4	36.4-34.9	36.3	440(0)			ティムール		202209040803
2020102269	2023-01-21	1中京7	晴	6	3歳未勝利		11	1	1	62.3	7.0	8	和田竜二	56	芝1600		良	**	1:37.1	1.6	**	8-5-5	36.5-34.5	35.6	434(-6)			シャドウフューリー		202307010706
2020102269	2023-02-04	1中京11	晴	2	3歳未勝利		16	3	5	83.3	12.0	7	斎藤新	56	ダ1400		良	**	1:27.8	1.4	**	7-7	35.0-39.2	39.8	434(0)			ツークフォーゲル		202307011102
2020102269	2023-04-29	1京都3	曇	1	3歳未勝利		15	4	8	54.5	10.0	13	幸英明	56	ダ1400		良	**	1:27.9	3.3	**	3-5	34.7-37.6	40.4	436(+2)			ナイトアクアリウム		202308010301
2020102269	2023-05-13	1京都7	曇	5	3歳未勝利		11	5	5	85.9	7.0	6	幸英明	56	芝1800		良	**	1:47.9	0.7	**	3-3	35.1-34.8	35.2	430(-6)			ツクヨミ		202308010705
2020102269	2023-07-09	3中京4	曇	7	3歳未勝利		14	5	8	54.9	10.0	6	河原田菜	52	芝2000		稍	**	2:02.9	1.5	**	1-1-1-1	35.5-36.7	38.2	424(-6)			ゴートゥファースト		202307030407
2020102269	2023-08-05	1札幌5	曇	6	3歳未勝利		16	4	7	57.6	13.0	16	古川吉洋	56	芝2000		稍	**	2:06.2	2.7	**	1-1-1-3	36.2-36.5	39.2	430(+6)			ホウオウバーナード		202301010506
2020102269	2023-08-19	2札幌3	曇	10	富良野特別(1勝クラス)		16	4	8	448.7	15.0	14	北村友一	55	芝2000		良	**	2:03.9	2.1	**	4-4-4-4	35.5-35.5	37.1	428(-2)			ウインスノーライト		202301020310
2020102269	2023-10-16	名古屋	晴	3	C29組		11	7	9	5.7	3.0	4	加藤聡一	56	ダ1500		稍	**	1:37.1	0.7	**	3-2-3		41.3	437(+9)			ロジドレフォン	6.8	202348101603
2020102269	2023-10-31	名古屋	晴	4	夜空メル生誕記念20(C)		12	6	7	1.6	1.0	1	加藤聡一	56	ダ1500		良	**	1:37.7	-0.9	**	2-1-1		40.2	447(+10)			(デルマイサミアシ)	45.0	202348103104
2020102269	2023-11-15	名古屋	晴	12	乳岩川特別(C)		12	5	6	17.7	5.0	5	加藤聡一	56	ダ1700		稍	**	1:51.6	0.7	**	4-4-3		39.7	444(-3)			アカツキロットリー	5.8	202348111512
2020102269	2023-11-29	名古屋	晴	5	林俊彦阿部泰の鶴舞線(C)		12	7	9	2.9	2.0	1	加藤聡一	56	ダ1500		良	**	1:36.7	-0.2	**	2-1-1		40.2	441(-3)			(シュヴァルツナーガ)	45.0	202348112905
2020102269	2023-12-25	名古屋	晴	12	蔵王山特別(C)		10	5	5	5.4	3.0	5	加藤聡一	56	ダ1500		良	**	1:38.3	0.9	**	3-2-1		40.1	450(+9)			フェアリーハイ	6.5	202348122512
2020102269	2024-01-05	名古屋	晴	6	C11組		10	7	8	1.8	1.0	1	細川智史	56	ダ1500		良	**	1:36.6	-0.6	**	2-2-1		39.4	444(-6)			(ラダック)	45.0	202448010506
2020102269	2024-02-02	名古屋	晴	12	竹島海岸特別(C)		10	8	9	6.0	3.0	8	加藤聡一	56	ダ1500		良	**	1:39.4	1.9	**	4-4-5		42.1	445(+1)			バンドネオン		202448020212
2020102269	2024-02-16	名古屋	晴	5	C5組		9	8	9	1.7	1.0	1	加藤聡一	56	ダ1500		良	**	1:38.1	-0.3	**	4-4-2		39.8	449(+4)			(テーオーシャンス)	45.0	202448021605
2020102269	2024-02-26	名古屋	晴	9	プロキオン特別(B)		9	5	5	26.3	8.0	9	細川智史	56	ダ1700		重	**	1:54.5	2.8	**	3-2-3		43.0	451(+2)			グラスピエーナ		202448022609
2020102269	2024-03-15	名古屋	晴	10	B8組		12	3	3	10.1	3.0	6	加藤聡一	56	ダ1500		良	**	1:37.1	0.8	**	5-4-1		39.5	453(+2)			アラッキーフェイス		202448031510
2020102269	2024-03-29	名古屋	晴	9	B8組		11	1	1	8.0	4.0	5	加藤聡一	56	ダ1500		不	**	1:37.7	1.6	**	3-5-2		41.1	454(+1)			ブルーリヴァーサル	5.0	202448032909
2020102269	2024-06-28	名古屋	曇	8	B8組		12	1	1	9.6	6.0	10	丸野勝虎	56	ダ1500		不	**	1:38.5	3.2	**	6-6-8		42.0	468(+14)			セセラギ		202448062808
2020102269	2024-07-12	名古屋	雨	6	C6組		9	1	1	7.6	4.0	8	丸野勝虎	56	ダ1400		不	**	1:30.8	2.6	**	1-1-1		41.3	467(-1)			ペイシャスカイ		202448071206
2020102269	2024-07-25	名古屋	曇	9	C6組		12	3	3	4.1	1.0	5	丸野勝虎	56	ダ1500		良	**	1:37.3	1.1	**	1-1-2		41.2	473(+6)			セイシンクリア	5.0	202448072509
2020102269	2024-08-08	名古屋	晴	7	C5組		12	5	6	4.0	1.0	1	丸野勝虎	56	ダ1500		良	**	1:37.3	-0.3	**	1-1-1		38.8	468(-5)			(アイノビート)	50.0	202448080807
2020102269	2024-08-23	名古屋	晴	9	B8組		12	6	7	4.1	1.0	7	丸野勝虎	56	ダ1400		良	**	1:31.9	1.8	**	8-7-5		40.9	469(+1)			アウグーリ		202448082309
2020102269	2024-09-06	名古屋	晴	8	B8組		11	2	2	11.1	6.0	9	丸野勝虎	56	ダ1500		良	**	1:36.8	1.4	**	1-2-3		39.3	466(-3)			キーフェイス		202448090608
2020102269	2024-09-20	名古屋	晴	9	B4組		12	6	7	6.3	4.0	11	丸野勝虎	56	ダ1500		良	**	1:39.6	2.7	**	2-1-2		43.0	469(+3)			フクノデイジー		202448092009
2020102269	2024-10-04	名古屋	雨	8	B7組		12	6	8	21.2	8.0	10	丸野勝虎	56	ダ1700		不	**	1:52.4	2.1	**	1-1-1		42.0	466(-3)			バルドエース		202448100408
2020102269	2025-03-16	2中京2	曇	7	4歳以上1勝クラス		16	5	10	461.3	16.0	16	的場勇人	58	芝1600		重	**	1:39.7	2.5	**	13-16-15	36.3-35.9	36.8	454(-12)			マテンロウブラボー		202507020207
2020102269	2025-04-19	1福島3	晴	12	4歳以上1勝クラス		16	2	3	246.3	16.0	16	的場勇人	58	芝1200		良	**	1:09.5	1.0	**	6-7	33.8-34.7	35.1	450(-4)			エクセルゴールド		202503010312
2020102269	2025-05-04	1新潟2	晴	12	4歳以上1勝クラス		13	6	8	319.8	13.0	13	的場勇人	58	芝1400		良	**	1:24.4	1.7	**	3-4	34.9-35.8	37.3	456(+6)			ベストオブユー		202504010212
2020102269	2025-06-01	2東京12	晴	7	4歳以上1勝クラス		16	2	3	381.3	16.0	15	的場勇人	58	ダ1400		重	**	1:26.7	3.4	**	3-3	34.8-36.3	39.4	460(+4)			ノルドヴェスト		202505021207
2020102269	2025-06-14	3東京3	小雨	8	3歳以上1勝クラス		18	3	6	530.2	18.0	16	的場勇人	58	芝1400		良	**	1:23.1	1.2	**	7-8	35.0-35.0	35.4	454(-6)			イブニングタイド		202505030308
2020102269	2025-06-29	2福島2	晴	12	3歳以上1勝クラス		14	4	5	261.4	14.0	6	的場勇人	58	芝1200		良	**	1:09.8	0.4	**	14-13	33.5-35.9	34.3	452(-2)			アタリダイキチ		202503020212
2020102269	2025-07-20	2福島8	晴	9	南相馬特別(1勝クラス)		11	7	9	51.4	10.0	5	的場勇人	58	芝1200		良	**	1:11.4	0.6	**	10-9	35.8-35.0	34.7	454(+2)			スターウェーブ	111.0	202503020809
2020102269	2025-08-16	2新潟7	晴	11	3歳以上1勝クラス		18	1	1	183.2	16.0	14	江田照男	58	芝1000		良	**	0:56.0	1.0	**	18	32.5-32.9	31.8	462(+8)			イスラコラソン		202504020711
2020102269	2025-09-07	4中山2	晴	12	3歳以上1勝クラス		16	2	4	273.1	16.0	7	的場勇人	58	芝1200		良	**	1:09.2	0.4	**	12-12	35.1-33.7	33.4	460(-2)			ユキノエミリオ		202506040212
2020102269	2025-10-19	4新潟2	曇	3	3歳以上1勝クラス		18	4	8	92.9	15.0	16	的場勇人	58	芝1200		稍	**	1:11.2	1.4	**	17-17	34.5-35.3	35.2	464(+4)			インフローレ		202504040203
2020102269	2025-11-09	3福島2	曇	7	3歳以上1勝クラス		16	8	16	281.4	16.0	11	的場勇人	58	芝1200		良	**	1:09.7	0.6	**	16-16	34.2-34.9	34.1	464(0)			ホウオウブースター		202503030207
2020102269	2025-12-13	5中山3	曇	7	3歳以上1勝クラス		16	8	15	185.3	14.0	14	的場勇人	58	ダ1200		良	**	1:13.8	1.5	**	14-14	35.1-37.2	37.4	464(0)			レイユール		202506050307
2020102269	2026-01-25	1小倉2	晴	9	八幡特別(1勝クラス)		16	2	4	323.9	16.0	5	的場勇人	58	芝1200		良	**	1:07.7	0.6	**	12-12	32.7-34.4	33.2	468(+4)			カウンターセブン	114.0	202610010209
2020102950	2022-12-03	6阪神1	晴	6	2歳新馬		15	3	6	55.1	10.0	8	福永祐一	54	芝1400		良	**	1:22.8	1.1	**	3-3	34.6-35.5	36.4	424(0)			イリゼ		202209060106
2020102950	2023-04-29	1京都3	曇	3	3歳未勝利		14	4	6	17.0	7.0	2	武豊	54	芝1600		良	**	1:34.0	0.2	**	5-5	34.1-35.6	35.1	436(+12)			サファイア	220.0	202308010303
2020102950	2023-05-21	1京都10	晴	4	3歳未勝利		18	4	8	8.5	4.0	6	松山弘平	54	芝1600		良	**	1:34.6	0.7	**	16-13	34.8-35.1	34.4	432(-4)			セーヌドゥレーヴ		202308011004
2020102950	2023-07-09	3中京4	小雨	3	3歳未勝利		16	1	2	3.0	1.0	1	岩田望来	54	芝1600		稍	**	1:35.3	-0.2	**	4-3-3	35.4-35.8	35.5	432(0)			(ダンツクリスタル)	550.0	202307030403
2020102950	2023-12-10	4中京4	晴	12	3歳以上1勝クラス		12	5	6	23.6	7.0	4	松若風馬	55	芝1600		良	**	1:34.0	0.3	**	4-4-4	35.3-34.8	34.6	440(+8)			アサカラキング	120.0	202307040412
2020102950	2024-03-10	1阪神6	晴	7	4歳以上1勝クラス		10	8	10	18.3	8.0	5	今村聖奈	53	芝1600		良	**	1:35.3	0.7	**	4-4	36.5-33.9	34.3	432(-8)			サトノスカイターフ	80.0	202409010607
2020102950	2024-06-22	4京都7	小雨	12	3歳以上1勝クラス		15	8	14	48.9	9.0	7	坂井瑠星	56	芝1600		良	**	1:33.6	0.7	**	10-12	34.8-34.3	34.1	432(0)			フォーチュンタイム		202408040712
2020102950	2024-08-25	2中京6	曇	8	3歳以上1勝クラス		15	8	15	96.0	10.0	9	鷲頭虎太	53	芝1600		良	**	1:34.8	1.5	**	12-13-12	35.0-34.6	34.9	432(0)			ハワイアンティアレ		202407020608
2020102950	2024-09-16	3中京5	曇	8	3歳以上1勝クラス		18	7	13	89.5	13.0	6	鷲頭虎太	53	芝1400		良	**	1:21.4	0.3	**	15-13	34.5-34.7	34.1	432(0)			コト		202407030508
2020102950	2024-10-05	4新潟1	晴	10	聖籠特別(1勝クラス)		18	5	10	66.9	12.0	7	鷲頭虎太	56	芝1600		良	**	1:34.5	0.4	**	7-6	36.0-34.0	33.9	428(-4)			エコロマーズ		202404040110
2020102950	2024-12-15	4中京6	晴	8	3歳以上1勝クラス		16	6	12	22.5	9.0	14	佐々木大	56	芝1600		良	**	1:35.9	1.7	**	16-15-16	34.5-36.4	36.3	432(+4)			サクラオーラ		202407040608
2020102950	2025-03-01	1小倉11	曇	12	4歳以上1勝クラス		18	5	9	41.1	10.0	12	鷲頭虎太	53	芝1200		良	**	1:09.9	0.8	**	12-12	33.4-35.7	35.6	422(-10)			ハピアーザンエバー		202510011112
2020102950	2025-05-04	1新潟2	晴	12	4歳以上1勝クラス		13	5	7	28.5	7.0	3	鷲頭虎太	53	芝1400		良	**	1:22.8	0.1	**	11-10	34.9-35.8	35.0	436(+14)			ベストオブユー	200.0	202504010212
2020102950	2025-05-25	2京都10	曇	9	4歳以上1勝クラス		18	7	14	20.5	8.0	2	高杉吏麒	55	芝1400		重	**	1:22.4	0.1	**	17-16	36.0-34.3	33.6	436(0)			エールトゥヘヴン	320.0	202508021009
2020102950	2025-06-14	3阪神3	雨	9	3歳以上1勝クラス		13	5	6	10.7	5.0	7	高杉吏麒	55	芝1600		重	**	1:35.8	1.0	**	13-12	36.2-34.9	35.0	444(+8)			スマートミストラル		202509030309
2020102950	2025-08-24	4中京2	晴	9	賢島特別(1勝クラス)		14	5	7	45.9	11.0	14	角田大和	56	芝1400		良	**	1:23.7	4.3	**	14-14	34.3-33.5	34.1	446(+2)			ホーリーブラッサム		202507040209
2020102950	2025-10-12	3京都4	曇	12	3歳以上1勝クラス		18	5	10	166.9	15.0	14	鷲頭虎太	54	芝1600		良	**	1:33.6	0.9	**	11-16	34.4-34.3	33.9	446(0)			ワンモアスマイル		202508030412
2020102950	2025-12-21	5中京6	雨	6	3歳以上1勝クラス		16	1	1	59.5	12.0	10	松本大輝	55	芝1600		稍	**	1:36.9	0.8	**	15-9-8	35.5-35.7	35.7	448(+2)			ノクナレア		202507050606
2020103082	2022-10-15	4阪神4	晴	5	2歳新馬		10	7	7	8.0	4.0	3	鮫島克駿	55	芝1600		良	**	1:35.5	0.5	**	5-6	36.8-33.7	33.6	460(0)			エイムインライフ	180.0	202209040405
2020103082	2022-11-05	5阪神1	晴	4	2歳未勝利		8	6	6	5.6	3.0	3	鮫島克駿	55	芝1800		良	**	1:48.2	0.3	**	5-5	36.7-34.5	33.9	460(0)			トーホウガレオン	130.0	202209050104
2020103082	2022-12-18	6中京6	晴	4	2歳未勝利		18	4	8	7.3	4.0	1	斎藤新	55	芝2000		良	**	2:02.9	0.0	**	5-5-6-5	37.2-36.7	36.2	466(+6)			(ノレッジビューティ)	520.0	202207060604
2020103082	2023-02-12	2小倉2	晴	9	あすなろ賞(1勝クラス)		14	3	3	16.1	10.0	8	斎藤新	56	芝2000		稍	**	2:01.7	0.9	**	7-6-10-11	35.4-35.6	35.8	448(-18)			アイスグリーン		202310020209
2020103082	2023-04-16	2阪神8	晴	6	3歳1勝クラス		12	5	6	16.8	8.0	2	藤岡康太	56	芝2000		稍	**	2:01.2	0.2	**	6-6-5-5	36.6-35.3	34.9	448(0)			リビアングラス	310.0	202309020806
2020103082	2023-05-13	1京都7	曇	9	あずさ賞(1勝クラス)		12	2	2	14.1	7.0	4	坂井瑠星	56	芝2000		良	**	2:00.1	0.2	**	3-4-4-4	36.0-33.7	33.6	450(+2)			リミットバスター	160.0	202308010709
2020103082	2023-06-18	3阪神6	曇	8	3歳以上1勝クラス		10	3	3	4.0	3.0	1	永島まな	52	芝2000		良	**	2:00.0	-0.3	**	5-5-5-4	35.4-34.8	34.1	450(0)			(ドナウパール)	800.0	202309030608
2020103082	2023-12-28	5阪神9	晴	10	フォーチュンC(2勝クラス)		11	8	11	17.1	7.0	1	永島まな	57	芝2000		良	**	2:00.0	0.0	**	7-7-7-9	36.7-35.8	34.4	458(+8)			(ラレーヌデリス)	1574.5	202309050910
2020103082	2024-02-10	2京都5	曇	10	飛鳥S(3勝クラス)		12	5	6	15.2	6.0	6	永島まな	57	芝2000		良	**	2:01.4	0.8	**	6-6-5-4	37.1-34.0	34.3	456(-2)			エアサージュ		202408020510
2020103082	2024-04-07	2阪神6	晴	10	ダイワスカーレットC(3勝クラス)		16	2	3	11.0	5.0	16	横山武史	55	芝2000		良	**	2:00.4	1.6	**	11-13-14-15	35.6-34.5	34.9	444(-12)			エーデルブルーメ		202409020610
2020103082	2024-05-12	3京都8	曇	10	錦S(3勝クラス)		14	5	8	59.6	13.0	6	小沢大仁	55	芝1600		良	**	1:32.0	0.2	**	9-9	34.0-35.1	33.9	448(+4)			ボーデン		202408030810
2020103082	2024-07-27	1札幌3	曇	11	STV賞(3勝クラス)		14	3	4	16.9	8.0	6	藤岡佑介	55	芝2000		良	**	2:01.1	0.5	**	14-14-13-10	36.1-34.5	34.3	436(-12)			フェアエールング		202401010311
2020103082	2024-11-09	6京都3	晴	9	修学院S(3勝クラス)		14	7	11	28.2	9.0	8	シュタル	55	芝2000		良	**	1:58.3	0.5	**	13-13-12-12	35.6-35.8	34.8	448(+12)			ショウナンアデイブ		202408060309
2020103082	2024-12-08	7京都4	小雨	9	オリオンS(3勝クラス)		12	4	4	78.0	8.0	6	藤岡佑介	58	芝2200		良	**	2:14.7	0.9	**	2-3-3-3	37.5-33.7	34.2	452(+4)			マイネルエンペラー		202408070409
2020103082	2025-01-06	1中京2	雨	10	寿S(3勝クラス)		18	3	6	134.6	14.0	12	永島まな	58	芝2000		稍	**	2:04.3	2.3	**	18-18-15-15	36.4-36.1	37.0	454(+2)			グランドカリナン		202507010210
2020103082	2025-04-12	2阪神5	曇	10	京橋S(3勝クラス)		16	3	6	26.6	10.0	1	藤岡佑介	55	芝2000		良	**	1:58.9	-0.2	**	14-14-14-14	35.7-35.1	34.1	448(-6)			(アスクカムオンモア)	1874.3	202509020510
2020103082	2025-05-17	1新潟5	曇	11	新潟大賞典(GIII)		16	1	1	57.7	14.0	7	藤岡佑介	54	芝2000		稍	**	2:01.3	0.8	**	15-15	36.4-34.6	34.1	452(+4)			シリウスコルト		202504010511
2020103082	2025-07-20	2小倉8	晴	11	小倉記念(GIII)		16	2	3	43.4	13.0	14	永島まな	54	芝2000		良	**	2:01.2	1.3	**	15-15-15-16	35.0-37.4	36.0	452(0)			イングランドアイズ		202510020811
2020103082	2025-09-13	4阪神3	曇	11	チャレンジC(GIII)		15	6	10	49.6	13.0	12	小沢大仁	54	芝2000		良	**	1:59.0	1.0	**	15-15-13-13	36.0-35.7	35.1	448(-4)			オールナット		202509040311
2020103082	2025-10-05	3京都2	曇	11	京都大賞典(GII)		18	1	2	282.8	18.0	11	団野大成	57	芝2400		稍	**	2:24.7	0.8	**	16-15-15-14	35.3-34.9	34.7	448(0)			ディープモンスター		202508030211
2020103082	2025-12-13	5中京3	晴	11	中日新聞杯(GIII)		18	8	18	216.3	17.0	17	斎藤新	53	芝2000		良	**	2:00.0	2.4	**	18-18-17-17	35.1-34.1	33.3	452(+4)			シェイクユアハート		202507050311
2020103123	2022-10-30	4阪神9	晴	5	2歳新馬		12	7	10	7.3	3.0	5	幸英明	55	芝1800		良	**	1:49.4	0.7	**	3-3	36.8-34.5	35.1	496(0)			アイルシャイン	70.0	202209040905
2020103123	2023-02-19	2小倉4	曇	6	3歳未勝利		16	5	9	9.7	6.0	9	小沢大仁	55	芝1800		重	**	1:52.8	1.3	**	7-7-5-6	36.6-37.5	38.4	504(+8)			ダズリングブレイヴ		202310020406
2020103123	2023-04-22	1京都1	晴	1	3歳未勝利		18	7	14	231.9	13.0	8	小沢大仁	55	芝2000		良	**	2:01.5	0.6	**	7-6-6-6	35.2-36.1	36.2	502(-2)			ウィズユアドリーム		202308010101
2020103123	2023-05-06	1京都5	曇	2	3歳未勝利		14	7	12	52.0	6.0	1	小沢大仁	55	ダ1800		良	**	1:53.2	-0.5	**	1-1-1-1	36.5-38.4	38.4	494(-8)			(メイショウクモイ)	550.0	202308010502
2020103123	2023-05-21	1京都10	晴	10	鳳雛S(L)		11	8	10	11.3	5.0	11	小沢大仁	56	ダ1800		良	**	1:58.0	4.4	**	10-9-5-9	37.2-37.1	41.0	488(-6)			エクロジャイト		202308011010
2020103123	2023-08-05	2新潟3	晴	8	3歳以上1勝クラス		15	8	14	6.2	3.0	3	角田大河	54	ダ1800		良	**	1:52.9	0.4	**	4-4-4-4	36.7-37.8	37.9	480(-8)			ティルドーン	200.0	202304020308
2020103123	2023-09-02	3小倉7	晴	12	3歳以上1勝クラス		16	3	6	5.8	2.0	9	角田大河	54	ダ1700		稍	**	1:45.9	1.0	**	7-7-4-4	29.3-39.0	39.7	482(+2)			サイモンザナドゥ		202310030712
2020103123	2023-10-01	4阪神9	曇	4	3歳以上1勝クラス		12	3	3	8.9	5.0	9	小沢大仁	54	ダ1800		不	**	1:53.1	1.6	**	5-5-7-6	36.1-38.6	39.6	482(0)			カレンマックナイト		202309040904
2020103123	2024-01-06	1京都1	曇	7	4歳以上1勝クラス		11	7	9	5.6	3.0	9	田口貫太	55	ダ1800		良	**	1:54.7	2.5	**	6-5-5-5	36.4-37.4	39.4	492(+10)			ダンテバローズ		202408010107
2020103123	2024-01-14	1京都5	晴	7	4歳以上1勝クラス		15	5	9	20.8	9.0	5	北村友一	57	ダ1800		良	**	1:53.6	0.6	**	9-9-8-10	35.5-39.0	38.5	492(0)			グレン	80.0	202408010507
2020103123	2024-03-03	1阪神4	晴	6	4歳以上1勝クラス		8	8	8	4.0	3.0	8	角田大河	57	ダ1800		稍	**	1:56.9	2.4	**	1-1-1-1	37.1-39.1	41.5	494(+2)			ドンアチェカ		202409010406
2020103123	2024-04-07	1福島2	晴	8	4歳以上1勝クラス		16	1	1	7.4	4.0	1	小沢大仁	57	芝2600		良	**	2:38.8	-0.5	**	5-3-5-3	36.6-36.9	36.3	474(-20)			(タイセイアーサー)	800.0	202403010208
2020103123	2024-05-12	3京都8	曇	9	白川特別(2勝クラス)		7	2	2	3.7	2.0	3	小沢大仁	58	芝2400		良	**	2:28.0	0.3	**	3-3-3-3	37.6-33.5	33.4	474(0)			メイショウゲキリン	392.3	202408030809
2020103123	2024-10-14	4東京4	晴	7	3歳以上2勝クラス		7	7	7	6.5	4.0	5	小沢大仁	57	芝2500		良	**	2:34.8	0.5	**	2-2-2-2	31.6-33.9	34.2	476(+2)			リンフレスカンテ	114.0	202405040407
2020103123	2025-01-05	1中京1	晴	9	鶴舞特別(2勝クラス)		11	4	4	18.2	5.0	7	坂井瑠星	58	芝2200		良	**	2:14.0	1.9	**	2-2-2-2	35.2-35.5	37.3	486(+10)			ハヤテノフクノスケ		202507010109
2020103123	2025-05-18	2京都8	曇	9	白川特別(2勝クラス)		9	1	1	9.3	4.0	6	幸英明	58	芝2400		稍	**	2:26.2	1.4	**	1-1-1-1	35.2-35.1	36.5	482(-4)			アクアヴァーナル		202508020809
2020103123	2025-07-12	2福島5	曇	9	信夫山特別(2勝クラス)		12	3	3	6.3	4.0	5	津村明秀	58	芝2600		良	**	2:44.0	0.8	**	3-3-4-2	38.4-36.4	36.8	482(0)			ロードオールライト	155.0	202503020509
2020103123	2025-08-16	2新潟7	晴	8	瀬波温泉特別(2勝クラス)		13	8	13	19.5	6.0	3	津村明秀	58	ダ1800		良	**	1:53.2	0.6	**	3-3-2-2	37.2-37.1	37.6	484(+2)			ピカピカサンダー	394.1	202504020708
2020103123	2025-09-06	4阪神1	晴	9	出石特別(2勝クラス)		9	7	7	7.4	3.0	5	松山弘平	58	ダ1800		稍	**	1:53.2	1.3	**	5-4-5-4	37.6-36.6	37.4	478(-6)			トリポリタニア	155.0	202509040109
2020103123	2025-11-16	4京都4	晴	7	3歳以上2勝クラス		16	8	15	37.8	6.0	12	津村明秀	58	ダ1800		良	**	1:52.6	1.8	**	10-10-8-7	35.3-38.0	39.0	490(+12)			ゴールデンクラウド		202508040407
2020103676	2022-07-03	2福島2	晴	5	2歳新馬		13	7	11	7.1	3.0	7	石橋脩	54	芝1800		良	**	1:52.3	0.8	**	8-8-7-7	37.9-36.2	36.3	456(0)			フロムナウオン		202203020205
2020103676	2022-09-25	4中山7	晴	1	2歳未勝利		11	1	1	3.8	2.0	3	福永祐一	54	ダ1800		重	**	1:54.6	0.4	**	6-5-4-3	36.4-40.2	40.1	454(-2)			ピッチパーフェクト	130.0	202206040701
2020103676	2022-11-12	5東京3	晴	1	2歳未勝利		16	2	3	3.6	2.0	1	レーン	54	ダ1600		良	**	1:39.8	-0.2	**	4-4	36.2-37.2	36.8	456(+2)			(ニシノパプルブリリ)	520.0	202205050301
2020103676	2023-01-28	1中京9	晴	6	3歳1勝クラス		13	3	3	9.1	4.0	4	福永祐一	54	ダ1400		良	**	1:26.2	0.3	**	4-5	35.3-38.1	37.9	454(-2)			ハンベルジャイト	120.0	202307010906
2020103676	2023-02-19	1東京8	曇	3	3歳1勝クラス		16	6	12	11.3	4.0	9	モレイラ	54	ダ1400		稍	**	1:26.4	2.0	**	11-11	35.5-36.3	37.6	452(-2)			スマートフォルス		202305010803
2020103676	2023-11-19	3福島6	晴	2	3歳以上1勝クラス		15	4	6	13.2	5.0	7	佐々木大	53	ダ1700		重	**	1:45.8	0.8	**	5-6-7-8	28.8-38.4	38.8	464(+12)			ランスオブサターン		202303030602
2020103676	2024-09-16	4中山5	曇	7	3歳以上1勝クラス		11	6	7	31.7	6.0	4	佐々木大	56	ダ1800		良	**	1:55.4	1.3	**	4-4-5-4	36.9-39.8	40.3	466(+2)			バロネッサ	120.0	202406040507
2020103676	2025-01-05	1中山1	晴	7	4歳以上1勝クラス		16	6	12	3.2	1.0	5	佐々木大	56	ダ1800		良	**	1:55.4	0.4	**	4-4-4-5	38.4-38.7	38.7	462(-4)			アンブロジアーナ	80.0	202506010107
2020103676	2025-01-25	1中山8	曇	8	4歳以上1勝クラス		16	6	11	10.3	4.0	7	キング	56	ダ1800		良	**	1:56.0	0.9	**	13-14-15-13	37.8-38.5	37.9	462(0)			タイセイアディクト		202506010808
2020103676	2025-04-12	1福島1	曇	7	4歳以上1勝クラス		14	7	12	7.7	4.0	6	佐々木大	56	ダ1700		良	**	1:48.4	1.4	**	8-10-10-10	30.2-39.2	39.6	454(-8)			ファイントパーズ		202503010107
2020103676	2025-07-27	2新潟2	晴	9	3歳以上1勝クラス		13	4	5	15.5	7.0	3	キング	56	ダ1800		良	**	1:54.7	0.2	**	3-3-4-4	36.8-37.8	37.6	464(+10)			アールプロスト	200.0	202504020209
2020103676	2025-08-24	3新潟2	晴	8	3歳以上1勝クラス		10	1	1	4.5	3.0	5	岩田望来	56	ダ1800		良	**	1:53.2	0.7	**	5-5-5-5	36.1-38.2	38.1	470(+6)			ロフティストーリー	80.0	202504030208
2020103676	2025-12-21	5中山6	曇	8	3歳以上1勝クラス		15	8	15	30.1	10.0	5	佐々木大	56	ダ1800		重	**	1:52.0	0.7	**	6-6-6-6	36.8-37.8	37.9	472(+2)			コンティオ	80.0	202506050608
2020103967	2022-12-11	6阪神4	晴	4	2歳新馬		9	1	1	37.8	9.0	5	国分優作	54	ダ1800		良	**	2:00.0	1.9	**	1-1-1-1	39.3-38.3	40.2	484(0)			ペプチドソレイユ	70.0	202209060404
2020103967	2023-01-05	1中京1	晴	1	3歳未勝利		13	5	6	111.3	10.0	10	国分優作	54	ダ1800		良	**	1:59.9	3.5	**	7-6-9-8	37.2-40.0	42.7	482(-2)			マコトヴィクラント		202307010101
2020103967	2023-04-23	1京都2	晴	2	3歳未勝利		16	5	9	450.0	16.0	16	水口優也	54	ダ1400		良	**	1:28.9	3.8	**	9-9	34.6-38.4	40.9	476(-6)			エメラルドビーチ		202308010202
2020103967	2023-05-07	1京都6	雨	1	3歳未勝利		16	1	1	206.9	14.0	7	水口優也	54	ダ1800		不	**	1:56.6	2.6	**	4-4-4-4	36.5-39.5	41.6	480(+4)			シブースト		202308010601
2020103967	2023-05-20	1京都9	晴	1	3歳未勝利		16	8	16	131.1	13.0	12	水口優也	54	ダ1800		重	**	1:59.8	2.5	**	11-13-14-13	36.8-41.1	41.3	484(+4)			ヴァレンシアスノー		202308010901
2020103967	2023-06-22	笠松	曇	8	花梨特別(3歳)		9	6	6	7.8	3.0	1	水口優也	54	ダ1400		不	**	1:27.3	-0.1	**	3-2-2		38.5	479(-5)			(ナンヨークリスタル)	70.0	202347062208
2020103967	2023-07-23	3中京8	晴	6	3歳以上1勝クラス		14	6	9	336.8	14.0	8	水口優也	53	ダ1800		良	**	1:56.1	4.3	**	12-13-14-14	36.9-37.7	40.3	480(+1)			サーマルソアリング		202307030806
2020103967	2023-10-28	4新潟5	小雨	8	3歳以上1勝クラス		13	4	4	181.9	11.0	8	西塚洸二	51	ダ1800		重	**	1:54.7	1.4	**	2-2-2-1	37.3-37.9	39.3	470(-10)			テレパシー		202304040508
2020103967	2023-11-19	3福島6	晴	2	3歳以上1勝クラス		15	4	7	283.2	15.0	9	西塚洸二	51	ダ1700		重	**	1:46.1	1.1	**	12-10-13-8	28.8-38.4	38.6	472(+2)			ランスオブサターン		202303030602
2020103967	2023-12-23	5阪神7	晴	7	3歳以上1勝クラス		8	6	6	39.9	7.0	2	西塚洸二	52	ダ1800		良	**	1:55.1	1.4	**	2-2-2-2	37.3-38.5	39.6	472(0)			アンジュフィールド	320.0	202309050707
2020103967	2024-04-06	2阪神5	晴	7	4歳以上1勝クラス		12	7	9	29.9	6.0	7	中井裕二	56	ダ1800		稍	**	1:55.0	1.4	**	2-3-3-3	37.5-37.6	38.6	474(+2)			ピースオブザライフ		202409020507
2020103967	2024-10-12	5京都3	晴	6	3歳以上1勝クラス		13	5	6	180.8	13.0	9	川須栄彦	56	ダ1800		良	**	1:54.2	1.5	**	5-5-5-4	37.4-37.5	38.5	498(+24)			ネバーモア		202408050306
2020103967	2024-11-09	6京都3	晴	6	3歳以上1勝クラス		15	2	2	263.4	15.0	10	川須栄彦	56	ダ1800		良	**	1:53.4	1.8	**	11-11-12-8	35.9-37.8	38.2	488(-10)			ルシュヴァルドール		202408060306
2020103967	2024-11-30	4中京1	曇	3	3歳以上1勝クラス		13	2	2	36.8	10.0	12	川須栄彦	56	ダ1800		良	**	1:55.8	1.6	**	11-12-11-10	37.4-38.1	38.6	492(+4)			ザブライド		202407040103
2020103967	2025-01-25	1中京8	晴	7	4歳以上1勝クラス		15	4	6	390.6	15.0	10	中井裕二	56	ダ1800		良	**	1:54.6	1.5	**	3-4-4-4	37.0-38.1	39.3	482(-10)			ヒロノラメール		202507010807
2020103967	2025-02-22	1京都7	曇	6	4歳以上1勝クラス		11	8	10	82.8	9.0	7	中井裕二	56	ダ1800		良	**	1:55.4	0.7	**	9-9-6-5	37.4-38.3	38.5	486(+4)			ブルーペクトライト		202508010706
2020103967	2025-05-08	園田	晴	10	JRA交流由良川特別		12	7	10	13.1	7.0	1	中井裕二	55	ダ1400		良	**	1:30.0	-0.5	**	3-3-4-3		39.5	485(-1)			(スナークダヴィンチ)	200.0	202550050810
2020103967	2025-05-24	2京都9	雨	12	オーストラリアT(2勝クラス)		13	4	5	177.7	13.0	12	中井裕二	56	ダ1400		稍	**	1:23.1	1.3	**	9-9	34.8-35.2	35.6	488(+3)			プロミシングスター		202508020912
2020103967	2025-06-22	1函館4	曇	10	檜山特別(2勝クラス)		14	3	3	112.1	12.0	9	国分恭介	56	ダ1700		重	**	1:45.2	0.9	**	11-10-10-9	30.0-37.0	37.0	480(-8)			バギーウィップ		202502010410
2020103967	2025-06-29	1函館6	晴	10	渡島特別(2勝クラス)		11	2	2	12.4	5.0	4	古川吉洋	56	ダ1700		良	**	1:46.7	1.1	**	8-8-10-9	29.1-37.9	38.2	478(-2)			ウェイトゥゴー	230.0	202502010610
2020103967	2025-08-02	1札幌3	晴	12	大倉山特別(2勝クラス)		14	2	2	128.5	13.0	8	古川吉洋	56	ダ1700		良	**	1:46.4	1.8	**	9-9-10-9	31.0-36.7	37.5	486(+8)			スマートケープ		202501010312
2020103967	2025-08-24	2札幌2	晴	10	オールスターJ第3戦(2勝クラス)		14	7	11	53.3	12.0	8	本田正重	56	ダ1700		良	**	1:47.0	1.5	**	12-12-11-10	31.3-37.4	37.4	486(0)			ベルギューン		202501020210
2020103967	2025-11-09	3福島2	小雨	10	河北新報杯(2勝クラス)		15	3	4	93.6	13.0	6	国分優作	56	ダ1700		良	**	1:46.1	0.6	**	14-14-14-10	30.1-37.8	37.1	484(-2)			アレナパラシオ		202503030210
2020104744	2022-12-25	5中山8	晴	5	2歳新馬		16	7	13	69.1	12.0	3	水沼元輝	51	ダ1200		稍	**	1:13.9	0.5	**	11-11	34.9-38.5	37.6	496(0)			トウカイラメール	180.0	202206050805
2020104744	2023-01-09	1中山4	晴	1	3歳未勝利		15	1	1	8.6	5.0	10	水沼元輝	51	ダ1200		良	**	1:14.4	1.7	**	13-13	34.6-38.1	37.8	492(-4)			クインズベル		202306010401
2020104744	2023-02-12	2小倉2	晴	1	3歳未勝利		16	3	5	18.6	5.0	1	水沼元輝	51	ダ1700		重	**	1:45.3	-0.2	**	10-10-8-6	30.4-38.5	37.6	490(-2)			(アッチャゴーラ)	550.0	202310020201
2020104744	2023-02-26	2小倉6	晴	8	3歳1勝クラス		16	8	15	29.2	9.0	9	水沼元輝	51	ダ1700		稍	**	1:46.4	1.3	**	12-11-10-9	28.6-38.1	38.6	494(+4)			アイファーテイオー		202310020608
2020104744	2023-04-09	3中山6	晴	6	3歳1勝クラス		9	7	7	130.5	9.0	8	水沼元輝	51	ダ1800		稍	**	1:56.4	2.4	**	4-4-2-2	38.0-38.4	40.7	492(-2)			メイショウフジ		202306030606
2020104744	2023-06-04	3東京2	晴	8	3歳以上1勝クラス		16	8	15	112.6	11.0	11	水沼元輝	50	ダ1600		稍	**	1:37.5	2.4	**	12-12	34.7-36.1	36.8	488(-4)			コスタノヴァ		202305030208
2020104744	2023-07-01	2函館1	晴	12	3歳以上1勝クラス		11	4	4	44.0	7.0	5	横山琉人	52	ダ1700		重	**	1:45.9	1.4	**	10-10-8-6	28.8-37.6	38.2	494(+6)			モンネトワ	80.0	202302020112
2020104744	2023-07-16	2函館6	曇	7	3歳以上1勝クラス		14	6	10	62.6	10.0	12	横山琉人	52	ダ1700		重	**	1:47.2	2.2	**	10-10-11-10	29.8-37.1	38.7	492(-2)			エンプレスペイ		202302020607
2020104744	2023-12-24	5中山8	曇	7	3歳以上1勝クラス		16	2	3	140.0	15.0	15	水沼元輝	52	ダ1800		良	**	1:57.2	3.1	**	4-4-4-4	36.6-39.3	41.8	500(+8)			ショウナンカブト		202306050807
2020104744	2024-01-28	1小倉6	小雨	7	4歳以上1勝クラス		14	4	5	69.4	12.0	5	水沼元輝	52	ダ1700		良	**	1:47.5	0.5	**	13-13-13-8	30.1-38.4	37.9	500(0)			オシゲ	80.0	202410010607
2020104744	2024-02-10	2小倉1	晴	7	4歳以上1勝クラス		11	8	11	10.8	6.0	8	水沼元輝	52	ダ1700		稍	**	1:47.9	0.7	**	11-11-11-9	30.8-37.5	37.1	508(+8)			ブーバー		202410020107
2020104744	2024-04-06	1福島1	曇	6	4歳以上1勝クラス		15	5	9	27.1	8.0	11	水沼元輝	53	ダ1700		良	**	1:48.5	2.3	**	14-14-13-12	29.9-38.6	39.1	498(-10)			ウィズザドリーム		202403010106
2020104744	2024-05-12	1新潟6	曇	6	4歳以上1勝クラス		11	6	6	89.9	11.0	7	水沼元輝	53	ダ1800		良	**	1:54.9	1.8	**	6-6-5-5	37.2-37.4	38.5	502(+4)			ウィルフルネス		202404010606
2020104744	2024-08-18	3新潟4	晴	12	3歳以上1勝クラス		15	8	15	64.1	11.0	4	石田拓郎	53	ダ1800		良	**	1:53.8	0.7	**	7-7-6-6	36.5-39.1	38.7	514(+12)			サンダーアラート	120.0	202404030412
2020104744	2024-09-08	4中山2	晴	4	3歳以上1勝クラス		16	2	3	21.2	6.0	9	石田拓郎	53	ダ1800		良	**	1:54.9	1.2	**	13-13-11-11	35.3-39.4	39.8	516(+2)			アムールドパリ		202406040204
2020104744	2024-10-06	4新潟2	晴	3	3歳以上1勝クラス		12	7	10	27.4	8.0	5	石田拓郎	53	ダ1800		稍	**	1:54.6	0.9	**	10-11-10-8	37.6-37.0	36.9	514(-2)			ルージュアベリア	80.0	202404040203
2020104744	2024-11-02	3福島1	雨	8	3歳以上1勝クラス		11	6	6	52.5	10.0	2	石田拓郎	53	ダ1700		重	**	1:45.1	0.1	**	11-11-9-8	30.4-37.5	36.4	506(-8)			ヘヴンリーハンド	320.0	202403030108
2020104744	2024-11-16	3福島5	晴	6	3歳以上1勝クラス		15	6	10	6.0	2.0	3	石田拓郎	53	ダ1700		良	**	1:46.2	0.4	**	7-10-10-8	29.6-39.2	38.1	506(0)			スマートハンター	200.0	202403030506
2020104744	2025-01-26	1小倉2	晴	12	4歳以上1勝クラス		11	2	2	4.9	2.0	3	石田拓郎	53	ダ1700		良	**	1:46.2	0.3	**	9-9-8-5	31.6-37.0	36.6	504(-2)			ドッビアーコ	200.0	202510010212
2020104744	2025-02-08	1小倉5	小雪	8	4歳以上1勝クラス		15	3	5	3.8	2.0	5	石田拓郎	53	ダ1700		稍	**	1:45.0	1.1	**	12-13-13-13	29.3-37.2	37.1	510(+6)			サイドキック	80.0	202510010508
2020104744	2025-03-02	1小倉12	曇	8	4歳以上1勝クラス		14	8	13	3.2	1.0	3	水沼元輝	53	ダ1700		重	**	1:46.0	0.1	**	10-9-8-8	30.1-38.2	37.6	506(-4)			ミレニアムヒロイン	200.0	202510011208
2020104744	2025-04-19	1福島3	晴	7	4歳以上1勝クラス		15	8	15	3.0	1.0	6	水沼元輝	53	ダ1700		良	**	1:47.9	1.0	**	10-11-10-9	30.4-38.8	38.8	498(-8)			トゥピ		202503010307
2020104744	2025-06-28	2福島1	晴	12	3歳以上1勝クラス		15	2	2	20.5	8.0	7	大野拓弥	56	ダ1700		良	**	1:47.0	2.3	**	10-10-9-9	29.7-37.2	38.5	502(+4)			オーケーバーディー		202503020112
2020104744	2025-08-02	2新潟3	晴	10	3歳以上1勝クラス		13	6	9	37.0	8.0	4	水沼元輝	53	ダ1800		良	**	1:53.8	1.2	**	7-8-8-8	36.6-37.9	38.3	506(+4)			ファリーザ	120.0	202504020310
2020104744	2025-08-24	3新潟2	晴	8	3歳以上1勝クラス		10	7	7	7.6	5.0	3	水沼元輝	53	ダ1800		良	**	1:53.0	0.5	**	5-5-5-5	36.1-38.2	38.0	514(+8)			ロフティストーリー	200.0	202504030208
2020104744	2025-11-09	3福島2	曇	3	3歳以上1勝クラス		15	3	5	9.9	5.0	5	水沼元輝	53	ダ1700		良	**	1:46.7	1.0	**	7-7-7-5	30.3-37.7	37.8	520(+6)			ドゥラリス	80.0	202503030203
2020104744	2025-11-24	3福島6	晴	2	3歳以上1勝クラス		15	2	2	14.8	7.0	10	水沼元輝	53	ダ1700		良	**	1:47.8	1.0	**	7-7-10-12	29.5-39.1	39.1	522(+2)			ステラスプレンダー		202503030602
2020104744	2026-02-01	1小倉4	曇	7	4歳以上1勝クラス		15	2	3	8.5	4.0	5	水沼元輝	53	ダ1700		良	**	1:47.2	0.5	**	11-12-13-10	30.1-38.2	37.7	518(-4)			キャットテイル	82.0	202610010407
2020104986	2022-07-03	3小倉2	曇	5	2歳新馬		8	3	3	36.5	7.0	6	富田暁	54	芝1800		良	**	1:51.1	0.5	**	6-6-6-6	37.6-35.5	35.5	476(0)			アリスヴェリテ		202210030205
2020104986	2022-07-23	3小倉7	晴	2	2歳未勝利		9	1	1	60.2	7.0	4	北村友一	54	芝1800		良	**	1:48.5	0.4	**	6-6-6-6	35.9-35.2	35.1	472(-4)			アイスグリーン	78.0	202210030702
2020104986	2022-10-29	4阪神8	晴	3	2歳未勝利		13	7	10	20.5	8.0	9	横山典弘	55	芝1800		良	**	1:48.5	0.8	**	2-2	36.4-34.9	35.6	474(+2)			ティムール		202209040803
2020104986	2023-01-07	1中京2	晴	1	3歳未勝利		15	2	2	9.8	6.0	7	富田暁	56	ダ1800		良	**	1:56.8	1.1	**	6-6-6-6	38.3-38.7	39.2	480(+6)			サンデーヒーロー		202307010201
2020104986	2023-02-04	1小倉7	曇	6	3歳未勝利		9	7	7	9.4	4.0	7	富田暁	56	芝2000		良	**	2:02.5	1.3	**	8-8-6-6	36.2-35.3	35.7	474(-6)			サスケ		202310010706
2020104986	2023-06-04	3阪神2	晴	2	3歳未勝利		18	7	15	11.5	6.0	4	角田大和	55	芝1600		良	**	1:35.5	0.7	**	3-2	35.7-33.9	34.4	478(+4)			ロードマンハイム	83.0	202309030202
2020104986	2023-06-18	3阪神6	曇	2	3歳未勝利		18	6	12	15.5	7.0	8	団野大成	56	芝1400		良	**	1:22.2	1.4	**	11-10	34.9-34.4	35.1	476(-2)			グランデサラス		202309030602
2020104986	2023-08-19	3小倉3	晴	3	3歳未勝利		16	5	9	61.6	13.0	4	今村聖奈	53	芝1800		良	**	1:48.2	0.2	**	11-12-11-10	35.1-36.8	36.3	474(-2)			テンクウハット	83.0	202310030303
2020104986	2023-09-02	3小倉7	曇	4	3歳未勝利		16	2	3	28.0	11.0	3	今村聖奈	53	芝1800		稍	**	1:48.7	0.3	**	11-12-12-12	35.5-36.7	35.7	470(-4)			ウインエーデル	140.0	202310030704
2020104986	2023-11-01	園田	晴	7	C2二		10	6	6	11.4	4.0	5	大山真吾	56	ダ1400		良	**	1:32.8	1.3	**	6-6-8-5		40.7	498(+28)			ホウオウプレシャス	7.0	202350110107
2020104986	2023-11-22	園田	晴	6	C2一		10	7	8	17.9	5.0	9	大山真吾	56	ダ1400		良	**	1:34.4	3.3	**	8-9-10-10		42.0	492(-6)			グアナバラ		202350112206
2020104986	2023-12-14	園田	晴	5	C3一		12	7	10	7.1	4.0	1	大山真吾	56	ダ1400		稍	**	1:33.6	-0.1	**	3-3-2-2		40.6	488(-4)			(フィオーレシチー)	56.0	202350121405
2020104986	2024-01-02	園田	晴	6	C2二		12	8	11	10.2	5.0	1	大山真吾	56	ダ1400		良	**	1:32.2	-0.3	**	8-8-6-5		39.8	485(-3)			(パリパリ)	70.0	202450010206
2020104986	2024-01-26	姫路	曇	8	C2一		8	2	2	5.1	2.0	5	大山真吾	57	ダ1400		良	**	1:34.9	1.4	**	7-7-7-7		40.3	489(+4)			ボタニカルガーデン	7.0	202451012608
2020104986	2024-05-16	園田	曇	3	C3一		12	8	11	2.1	1.0	2	大山真吾	56	ダ1400		稍	**	1:33.5	0.3	**	2-2-2-3		41.0	503(+14)			タマノシュシュ	19.6	202450051603
2020104986	2024-06-07	園田	晴	3	C3一		10	4	4	1.5	1.0	1	大山真吾	56	ダ1400		良	**	1:32.6	-0.6	**	4-4-2-2		39.6	495(-8)			(エイシンマシーン)	56.0	202450060703
2020104986	2024-06-28	園田	曇	5	ZOKUーZOKUG(C2)		9	5	5	1.5	1.0	1	大山真吾	56	ダ1400		不	**	1:33.7	-0.1	**	6-5-2-2		41.2	490(-5)			(ミラクルベルン)	70.0	202450062805
2020104986	2024-07-19	園田	晴	7	C2一		8	2	2	3.1	1.0	7	大山真吾	57	ダ1400		良	**	1:34.0	0.7	**	5-5-6-6		40.1	488(-2)			モイスチャー		202450071907
2020104986	2024-08-08	園田	晴	7	C2一		10	1	1	9.8	5.0	8	大山真吾	56	ダ1400		稍	**	1:35.3	3.0	**	8-7-7-8		42.7	487(-1)			モンテマッジョーレ		202450080807
2020104986	2025-03-22	2中山7	晴	7	4歳以上1勝クラス		16	4	7	282.8	16.0	16	江田照男	58	ダ1800		稍	**	1:58.1	3.7	**	8-8-12-12	37.0-38.6	41.6	484(-3)			イデアユウシン		202506020707
2020104986	2025-04-06	3中山4	小雨	8	4歳以上1勝クラス		13	6	8	127.0	10.0	7	江田照男	58	芝1800		良	**	1:49.5	0.9	**	10-8-9-7	36.2-35.1	34.8	482(-2)			ビジューブリランテ		202506030408
2020104986	2025-04-19	3中山7	晴	7	4歳以上1勝クラス		15	6	11	297.0	14.0	13	江田照男	58	芝2000		良	**	1:59.8	1.4	**	8-8-9-9	36.5-34.1	34.8	482(0)			エラン		202506030707
2020104986	2025-05-18	1新潟6	曇	7	4歳以上1勝クラス		13	8	12	35.3	9.0	4	舟山瑠泉	55	芝1800		良	**	1:49.1	0.2	**	7-7	37.0-35.2	34.9	478(-4)			ディーガレジェンド	120.0	202504010607
2020104986	2025-11-01	4東京10	晴	12	3歳以上1勝クラス		15	7	12	307.3	13.0	13	遠藤汰月	55	芝1800		良	**	1:46.5	2.4	**	10-10-9	34.7-35.2	35.9	486(+8)			ベストミーエヴァー		202505041012
2020104986	2025-11-24	3福島6	曇	12	3歳以上1勝クラス		16	6	12	109.4	13.0	11	舟山瑠泉	55	芝2000		良	**	2:01.5	0.9	**	16-16-15-14	35.8-34.9	34.8	476(-10)			イガッチ		202503030612
2020105424	2022-07-17	1函館12	雨	5	2歳新馬		11	7	8	6.0	3.0	4	浜中俊	54	芝1800		重	**	1:55.1	0.9	**	2-2-2-2	37.9-37.3	38.2	446(0)			キミノナハマリア	110.0	202202011205
2020105424	2022-08-06	1札幌5	曇	1	2歳未勝利		10	8	9	22.9	5.0	7	浜中俊	54	芝1800		良	**	1:50.7	1.6	**	10-10-10-8	36.6-34.7	35.1	448(+2)			ドゥーラ		202201010501
2020105424	2022-10-16	4東京5	曇	2	2歳未勝利		9	8	9	5.8	4.0	1	大野拓弥	55	芝1800		良	**	1:47.7	-1.0	**	1-2-2	36.0-34.1	33.9	450(+2)			(クリイロ)	520.0	202205040502
2020105424	2022-11-19	5東京5	晴	11	東京スポーツ杯2歳S(GII)		11	2	2	28.0	7.0	8	大野拓弥	55	芝1800		良	**	1:46.4	0.6	**	1-2-1	35.2-34.9	35.5	458(+8)			ガストリック		202205050511
2020105424	2022-12-17	5中山5	曇	9	ひいらぎ賞(1勝クラス)		13	4	4	6.9	4.0	2	大野拓弥	55	芝1600		良	**	1:34.8	0.1	**	1-1-1	35.5-35.0	35.1	460(+2)			ジョウショーホープ	418.0	202206050509
2020105424	2023-02-19	1東京8	曇	6	3歳1勝クラス		12	2	2	7.6	5.0	4	大野拓弥	56	芝1600		良	**	1:33.2	0.3	**	5-4	34.5-34.7	34.4	460(0)			ノッキングポイント	120.0	202305010806
2020105424	2023-03-19	2中山8	晴	11	フジTVスプリングS(GII)		16	4	8	31.4	10.0	9	菅原明良	56	芝1800		重	**	1:49.8	0.9	**	2-2-2-2	35.4-37.2	37.7	454(-6)			ベラジオオペラ		202306020811
2020105424	2023-04-29	2東京3	晴	6	3歳1勝クラス		13	5	6	5.6	3.0	2	大野拓弥	56	芝1600		良	**	1:32.3	0.0	**	3-2	34.0-34.5	34.4	452(-2)			ニシノライコウ	310.0	202305020306
2020105424	2023-05-21	2東京10	曇	5	3歳1勝クラス		11	6	6	3.3	2.0	1	大野拓弥	56	芝1600		良	**	1:33.1	-0.3	**	1-1	35.8-33.5	33.5	458(+6)			(コンクシェル)	780.0	202305021005
2020105424	2023-07-02	2福島2	晴	11	ラジオNIKKEI賞(GIII)		16	4	7	13.7	4.0	2	大野拓弥	54	芝1800		良	**	1:47.0	0.1	**	2-2-2-2	35.5-35.2	35.2	458(0)			エルトンバローズ	1616.2	202303020211
2020105424	2023-09-18	4中山5	晴	11	朝日セントライト記念(GII)		15	4	7	57.1	8.0	7	大野拓弥	56	芝2200		良	**	2:12.4	1.0	**	5-4-4-4	35.2-34.4	35.1	460(+2)			レーベンスティール		202306040511
2020105424	2023-10-15	4東京5	曇	11	オクトーバーS(L)		15	5	8	5.8	2.0	2	大野拓弥	55	芝2000		重	**	1:58.2	0.2	**	2-2-2	35.9-34.6	34.3	462(+2)			ヤマニンサルバム	1109.0	202305040511
2020105424	2023-11-12	3福島4	曇	11	福島記念(GIII)		16	3	5	4.8	1.0	6	大野拓弥	55	芝2000		良	**	2:01.4	0.5	**	2-2-3-3	34.6-36.9	37.2	470(+8)			ホウオウエミーズ		202303030411
2020105424	2024-01-27	1東京1	晴	11	白富士S(L)		12	8	12	10.3	3.0	8	大野拓弥	56	芝2000		良	**	1:58.1	0.9	**	2-2-2	35.3-34.1	34.9	482(+12)			ロードデルレイ		202405010111
2020105424	2024-03-10	2中山6	晴	10	東風S(L)		14	5	8	6.7	3.0	4	大野拓弥	57	芝1600		良	**	1:33.9	0.5	**	4-4-4	34.6-35.8	35.6	482(0)			ディオ	410.0	202406020610
2020105424	2024-03-24	2阪神2	曇	11	六甲S(L)		15	2	2	9.5	6.0	5	荻野極	57	芝1600		重	**	1:34.6	0.3	**	3-2	34.4-35.1	35.3	470(-12)			ボルザコフスキー	270.0	202409020211
2020105424	2024-05-18	2東京9	晴	11	メイS(OP)		16	5	9	7.6	4.0	3	大野拓弥	57	芝1800		良	**	1:45.2	0.1	**	1-1-1	35.7-34.2	34.3	476(+6)			プレサージュリフト	604.8	202405020911
2020105424	2024-06-09	3東京4	曇	11	エプソムC(GIII)		18	5	10	12.0	7.0	3	吉田豊	57	芝1800		良	**	1:45.3	0.6	**	2-2-2	35.2-34.6	34.9	470(-6)			レーベンスティール	1109.1	202405030411
2020105424	2024-07-27	2新潟1	曇	7	関越S(OP)		15	7	12	5.9	4.0	13	吉田豊	57	芝1800		良	**	1:45.8	1.8	**	5-5	35.0-34.1	35.6	472(+2)			クルゼイロドスル		202404020107
2020105424	2024-10-06	4東京2	曇	11	毎日王冠(GII)		14	4	6	71.2	11.0	5	津村明秀	57	芝1800		良	**	1:45.3	0.2	**	3-3-3	35.3-33.7	33.6	464(-8)			シックスペンス	670.0	202405040211
2020105424	2024-10-27	4東京8	曇	11	天皇賞(秋)(GI)		15	7	13	412.0	14.0	15	大野拓弥	58	芝2000		良	**	1:58.4	1.1	**	2-2-2	35.9-33.7	34.6	468(+4)			ドウデュース		202405040811
2020105424	2025-02-09	1小倉6	晴	11	小倉日経賞(OP)		11	6	7	5.2	3.0	2	大野拓弥	57	芝2000		稍	**	2:01.7	0.2	**	4-4-3-2	36.3-35.5	35.4	482(+14)			ドゥラドーレス	966.8	202510010611
2020105424	2025-02-23	1小倉10	曇	11	小倉大賞典(GIII)		13	3	3	4.4	1.0	8	吉田隼人	57	芝1800		良	**	1:46.6	0.5	**	12-13-11-11	35.9-36.2	34.3	476(-6)			ロングラン		202510011011
2020105424	2025-05-11	2東京6	晴	10	メトロポリタンS(L)		10	2	2	4.6	3.0	5	大野拓弥	57	芝2400		良	**	2:24.2	0.2	**	9-9-7-5	36.6-35.1	34.8	478(+2)			マイネルクリソーラ	280.0	202505020610
2020105424	2025-06-14	3東京3	小雨	11	ジューンS(OP)		15	5	8	8.4	5.0	1	大野拓弥	57	芝1800		良	**	1:48.0	-0.1	**	5-5-5	36.3-34.7	34.2	476(-2)			(トゥデイイズザデイ)	2431.5	202505030311
2020105424	2025-07-13	2福島6	晴	11	七夕賞(GIII)		15	7	12	10.7	4.0	4	大野拓弥	57	芝2000		良	**	2:01.3	0.8	**	4-4-3-4	34.7-36.0	36.3	478(+2)			コスモフリーゲン	650.0	202503020611
2020105424	2025-10-05	4東京2	曇	11	毎日王冠(GII)		11	6	7	36.0	8.0	9	大野拓弥	57	芝1800		良	**	1:44.8	0.8	**	6-6-6	34.8-33.7	33.9	464(-14)			レーベンスティール		202505040211
2020105424	2025-10-25	3京都8	曇	11	カシオペアS(L)		10	6	6	8.8	5.0	10	浜中俊	58	芝1800		良	**	1:45.7	0.7	**	4-4	34.9-35.4	34.7	466(+2)			オーロラエックス		202508030811
2020105424	2025-12-21	5中山6	曇	11	ディセンバーS(L)		16	7	13	5.9	2.0	3	戸崎圭太	58	芝1800		重	**	1:47.6	0.2	**	3-3-3-2	36.7-35.2	35.2	488(+22)			ドラゴンブースト	704.9	202506050611
2020105424	2026-01-12	1中山5	晴	11	ニューイヤーS(L)		14	8	14	17.1	7.0	11	大野拓弥	58	芝1600		良	**	1:33.4	1.2	**	2-4-2	34.8-34.3	35.1	488(0)			カピリナ		202606010511
2020105750	2022-06-04	4中京1	晴	5	2歳新馬		9	1	1	19.6	6.0	3	和田竜二	54	芝1600		良	**	1:35.6	0.2	**	6-5-5	36.1-34.6	34.3	440(0)			ダイヤモンドハンズ	180.0	202207040105
2020105750	2022-06-25	3阪神3	晴	1	2歳未勝利		8	7	7	2.0	1.0	2	和田竜二	54	芝1600		良	**	1:34.9	0.0	**	6-6	35.2-35.6	34.9	438(-2)			コスモサガルマータ	210.0	202209030301
2020105750	2022-09-17	5中京3	曇	3	2歳未勝利		14	4	5	4.9	2.0	2	和田竜二	54	芝1600		良	**	1:34.3	0.1	**	5-7-5	35.9-34.3	33.9	436(-2)			ショウナンアレクサ	210.0	202207050303
2020105750	2022-10-09	4阪神2	曇	2	2歳未勝利		10	3	3	1.5	1.0	2	和田竜二	55	芝1800		良	**	1:48.1	0.1	**	3-3	36.2-34.1	33.9	438(+2)			ワイドアラジン	210.0	202209040202
2020105750	2022-10-23	4阪神7	晴	2	2歳未勝利		11	2	2	2.1	1.0	2	丹内祐次	55	芝1600		良	**	1:34.1	0.1	**	8-8	34.6-35.2	34.4	444(+6)			ムーンプローブ	210.0	202209040702
2020105750	2022-11-20	5阪神6	曇	3	2歳未勝利		14	1	1	1.8	1.0	1	Ｃ．デム	55	芝1600		稍	**	1:34.6	-0.1	**	11-7	36.1-34.8	34.0	446(+2)			(マチカゼ)	520.0	202209050603
2020105750	2023-02-12	1阪神2	晴	8	こぶし賞(1勝クラス)		7	6	6	2.8	2.0	3	横山武史	56	芝1600		良	**	1:34.9	0.2	**	3-3	36.3-34.2	34.1	450(+4)			モズメイメイ	272.6	202309010208
2020105750	2023-03-11	1阪神9	晴	9	ゆきやなぎ賞(1勝クラス)		12	2	2	15.2	6.0	5	和田竜二	56	芝2400		良	**	2:26.4	0.5	**	7-7-7-7	38.0-35.0	34.7	450(0)			サトノグランツ	107.0	202309010909
2020105750	2023-03-25	2阪神1	曇	11	毎日杯(GIII)		13	6	9	56.0	11.0	9	吉村智洋	56	芝1800		良	**	1:47.4	0.8	**	11-9	35.0-35.6	35.5	452(+2)			シーズンリッチ		202309020111
2020105750	2023-06-18	3阪神6	曇	7	3歳以上1勝クラス		13	7	10	8.8	5.0	3	幸英明	55	芝1600		良	**	1:33.6	0.1	**	11-9	34.9-34.7	34.0	444(-8)			テーオーグランビル	200.0	202309030607
2020105750	2023-07-15	3中京5	晴	9	鞍ケ池特別(1勝クラス)		8	7	7	9.0	4.0	5	幸英明	55	芝1600		良	**	1:33.3	1.0	**	8-8-7	34.9-34.0	34.2	450(+6)			コンクシェル	111.0	202307030509
2020105750	2023-08-12	3小倉1	晴	9	筑紫特別(1勝クラス)		16	3	6	22.5	7.0	1	和田竜二	55	芝1800		良	**	1:45.6	-0.2	**	12-12-13-10	34.5-35.6	34.6	456(+6)			(サクセスドレーク)	1146.4	202310030109
2020105750	2023-09-02	3小倉7	曇	10	筑後川特別(2勝クラス)		10	1	1	1.8	1.0	2	和田竜二	55	芝1800		稍	**	1:48.9	0.0	**	5-5-4-5	35.6-37.4	36.7	452(-4)			マテンロウアレス	626.2	202310030710
2020105750	2023-10-01	4阪神9	曇	9	武田尾特別(2勝クラス)		11	4	4	3.4	1.0	2	和田竜二	55	芝1800		稍	**	1:46.3	0.0	**	7-7	35.6-34.3	33.7	458(+6)			ヨリマル	628.2	202309040909
2020105750	2023-10-29	2京都9	晴	9	堀川特別(2勝クラス)		9	8	9	4.9	4.0	7	和田竜二	56	芝1800		良	**	1:48.9	1.0	**	7-7	36.5-33.4	33.6	472(+14)			アイスグリーン		202308020909
2020105750	2024-02-24	2小倉5	晴	11	八代特別(2勝クラス)		15	3	4	4.5	2.0	8	吉田隼人	56	芝2000		稍	**	2:02.4	0.2	**	11-9-9-12	36.1-36.3	35.8	468(-4)			マリネロ		202410020511
2020105750	2024-03-31	2阪神4	曇	8	4歳以上2勝クラス		15	2	3	9.1	5.0	7	横山武史	58	芝2000		良	**	1:59.8	1.1	**	12-12-12-12	35.4-35.4	34.9	468(0)			マコトヴェリーキー		202409020408
2020105750	2024-04-27	1新潟1	晴	10	胎内川特別(2勝クラス)		10	3	3	3.8	2.0	5	丹内祐次	58	芝1800		良	**	1:48.7	0.6	**	6-6	36.6-34.5	34.6	468(0)			ゲンパチムサシ	155.0	202404010110
2020105750	2024-05-11	1新潟5	晴	11	信濃川特別(2勝クラス)		11	2	2	8.1	3.0	3	丹内祐次	58	芝2000		良	**	2:01.8	0.4	**	9-9	37.0-33.5	33.2	466(-2)			シーウィザード	393.6	202404010511
2020105750	2024-06-15	4京都5	曇	9	稲荷特別(2勝クラス)		13	7	10	13.7	4.0	1	和田竜二	58	芝2000		良	**	1:58.4	-0.1	**	10-10-11-12	36.1-34.1	33.5	466(0)			(カンティプール)	1580.1	202408040509
2020105750	2024-07-20	3小倉7	晴	11	テレQ杯(3勝クラス)		12	6	7	5.2	2.0	1	和田竜二	58	芝2000		稍	**	2:00.2	-0.1	**	6-7-7-8	35.5-36.3	35.5	460(-6)			(シェイクユアハート)	1865.9	202410030711
2020105750	2024-09-14	3中京3	晴	11	ケフェウスS(OP)		11	8	10	5.1	2.0	5	和田竜二	55	芝2000		良	**	1:58.9	0.7	**	8-8-8-8	36.3-34.2	33.9	454(-6)			フライライクバード	240.0	202407030311
2020105750	2024-11-03	5東京2	晴	11	アルゼンチン共和国杯(GII)		16	3	6	19.5	8.0	5	シュタル	55	芝2500		良	**	2:29.4	0.4	**	12-12-11-10	29.6-36.1	35.4	466(+12)			ハヤヤッコ	570.0	202405050211
2020105750	2024-12-07	4中京3	曇	11	中日新聞杯(GIII)		18	6	11	48.0	12.0	13	丹内祐次	55	芝2000		良	**	1:59.8	1.4	**	15-16-16-16	35.3-35.6	35.4	468(+2)			デシエルト		202407040311
2020105750	2025-01-19	1中京7	晴	11	日経新春杯(GII)		16	8	16	219.2	15.0	7	菱田裕二	55	芝2200		良	**	2:11.1	1.3	**	15-15-15-15	34.5-37.4	35.9	472(+4)			ロードデルレイ		202507010711
2020105750	2025-04-13	2阪神6	雨	10	大阪ーハンブルクC(OP)		11	7	9	8.6	3.0	7	和田竜二	55	芝2600		稍	**	2:40.8	1.0	**	8-8-10-11	37.0-35.2	35.2	466(-6)			アドマイヤテラ		202509020610
2020105750	2025-05-17	1新潟5	曇	11	新潟大賞典(GIII)		16	3	6	28.4	11.0	9	丹内祐次	55	芝2000		稍	**	2:01.3	0.8	**	12-11	36.4-34.6	34.5	464(-2)			シリウスコルト		202504010511
2020105750	2025-06-29	1函館6	晴	11	函館記念(GIII)		14	7	12	73.5	14.0	3	菱田裕二	55	芝2000		良	**	1:57.9	0.3	**	14-14-14-14	34.1-35.4	34.2	466(+2)			ヴェローチェエラ	1107.1	202502010611
2020105750	2025-07-20	2小倉8	晴	11	小倉記念(GIII)		16	3	5	20.7	10.0	12	田口貫太	56	芝2000		良	**	2:00.9	1.0	**	13-13-13-13	35.0-37.4	36.0	464(-2)			イングランドアイズ		202510020811
2020105750	2025-10-25	3京都8	曇	11	カシオペアS(L)		10	7	8	30.1	8.0	9	菱田裕二	57	芝1800		良	**	1:45.5	0.5	**	9-9	34.9-35.4	33.9	460(-4)			オーロラエックス		202508030811
2020105750	2025-11-15	4京都3	晴	10	アンドロメダS(L)		16	5	10	29.7	11.0	5	和田竜二	57	芝2000		良	**	1:59.3	0.4	**	12-11-12-12	35.5-35.1	34.5	468(+8)			ウエストナウ	280.0	202508040310
2020105750	2025-12-21	5中山6	曇	11	ディセンバーS(L)		16	5	10	13.1	5.0	10	横山武史	57	芝1800		重	**	1:48.6	1.2	**	15-15-15-15	36.7-35.2	35.0	470(+2)			ドラゴンブースト		202506050611
2020105750	2026-01-25	1中山9	晴	11	アメリカジョッキーC(GII)		16	4	7	258.1	13.0	15	佐々木大	57	芝2200		良	**	2:12.3	1.5	**	7-8-7-8	35.7-36.9	35.8	480(+10)			ショウヘイ		202606010911
2020106930	2022-09-19	5中京5	曇	5	2歳新馬		14	1	1	9.7	4.0	13	武豊	54	芝1600		稍	**	1:39.3	2.7	**	12-9-9	36.2-36.1	37.9	494(0)			オーシャントライブ		202207050505
2020106930	2022-10-09	4東京2	曇	2	2歳未勝利		12	8	11	67.7	7.0	7	吉田隼人	55	芝1600		良	**	1:35.2	0.6	**	7-8	35.1-35.0	35.0	496(+2)			シルバースペード		202205040202
2020106930	2023-01-28	1東京1	晴	3	3歳未勝利		16	5	10	3.3	2.0	5	武豊	56	ダ1600		良	**	1:40.3	0.8	**	1-1	35.9-38.6	39.4	494(-2)			ロミオボス	55.0	202305010103
2020106930	2023-02-19	1東京8	曇	1	3歳未勝利		16	1	2	16.0	6.0	5	武豊	56	ダ1400		稍	**	1:26.6	1.4	**	1-1	35.9-36.7	38.1	484(-10)			ホウオウドラッカー	55.0	202305010801
2020106930	2023-04-16	3中山8	曇	2	3歳未勝利		16	7	14	3.9	2.0	2	武豊	56	ダ1200		不	**	1:11.3	0.1	**	5-4	34.1-37.1	36.8	492(+8)			クラウンブラヴォー	220.0	202306030802
2020106930	2023-06-24	1函館5	曇	3	3歳未勝利		16	1	2	7.3	4.0	6	武豊	56	芝1200		稍	**	1:10.7	0.8	**	14-13	34.4-35.5	35.3	504(+12)			オルフェスト		202302010503
2020106930	2023-09-10	4中山2	晴	4	3歳以上1勝クラス		16	5	10	8.8	3.0	6	田辺裕信	56	ダ1200		稍	**	1:11.8	0.6	**	6-5	33.9-37.3	37.2	502(-2)			エコロドゥネス		202306040204
2020106930	2023-10-14	4東京4	晴	6	3歳以上1勝クラス		16	3	6	13.2	5.0	3	ルメール	56	ダ1400		良	**	1:25.3	0.1	**	3-2	36.0-36.7	36.7	504(+2)			グラスシフォン	200.0	202305040406
2020106930	2023-10-28	4東京8	晴	7	3歳以上1勝クラス		16	3	5	3.1	1.0	1	ルメール	56	ダ1400		良	**	1:24.9	-0.2	**	4-4	35.7-36.9	36.6	500(-4)			(グラスミラー)	800.0	202305040807
2020106930	2023-12-03	4中京2	晴	2	3歳以上1勝クラス		16	2	4	1.6	1.0	4	ルメール	57	ダ1200		良	**	1:12.5	0.5	**	3-3	35.1-36.9	37.1	498(-2)			マヴォロンテ	120.0	202307040202
2020106930	2023-12-28	5中山9	晴	8	3歳以上1勝クラス		16	5	9	4.9	3.0	8	武豊	57	ダ1200		良	**	1:11.9	0.6	**	6-5	33.4-37.9	37.7	502(+4)			チュウワスプリング		202306050908
2020106930	2024-04-20	2東京1	曇	7	4歳以上1勝クラス		15	2	3	6.9	4.0	5	横山和生	58	ダ1400		良	**	1:26.2	0.5	**	1-1	36.6-36.6	37.1	492(-10)			スペンサーバローズ	80.0	202405020107
2020106930	2024-05-18	2東京9	晴	8	4歳以上1勝クラス		16	3	5	4.3	2.0	4	ルメール	58	ダ1400		良	**	1:25.0	0.3	**	4-4	36.1-36.2	36.0	492(0)			ショウナンアビアス	120.0	202405020908
2020106930	2024-06-08	3東京3	晴	12	3歳以上1勝クラス		16	2	3	4.8	2.0	11	ルメール	58	ダ1400		良	**	1:26.3	1.9	**	4-4	34.5-38.3	39.2	492(0)			アルジェンタージョ		202405030312
2020106930	2024-09-07	4中山1	晴	12	3歳以上1勝クラス		16	8	15	12.7	7.0	5	武豊	58	ダ1200		良	**	1:12.6	0.4	**	7-7	35.1-37.1	37.0	500(+8)			メモリーグラス	80.0	202406040112
2020106930	2024-09-29	4中山9	曇	6	3歳以上1勝クラス		16	1	1	12.4	5.0	4	武豊	58	ダ1200		良	**	1:11.7	0.7	**	8-8	34.0-37.0	36.7	508(+8)			マイネルディレクト	120.0	202406040906
2020106930	2024-11-09	3福島3	晴	7	3歳以上1勝クラス		16	7	13	10.5	5.0	2	長浜鴻緒	55	ダ1150		良	**	1:09.1	0.8	**	10-9	31.7-36.6	36.6	506(-2)			シャカシャカシー	320.0	202403030307
2020106930	2024-11-16	3福島5	晴	1	3歳以上1勝クラス		16	8	15	8.6	5.0	2	泉谷楓真	57	ダ1150		良	**	1:09.0	0.2	**	6-5	31.2-37.6	37.1	508(+2)			ハクサンアイ	320.0	202403030501
2020106930	2025-02-16	1小倉8	曇	3	4歳以上1勝クラス		14	3	3	10.6	6.0	3	泉谷楓真	57	ダ1000		良	**	0:58.9	0.7	**	9-8	33.9-35.9	35.8	510(+2)			ジェネラーレ	200.0	202510010803
2020106930	2025-02-22	1小倉9	晴	3	4歳以上1勝クラス		13	5	7	5.3	4.0	2	泉谷楓真	57	ダ1000		良	**	0:59.5	0.0	**	8-7	35.2-35.9	35.1	508(-2)			パレフォーコン	320.0	202510010903
2020106930	2025-04-27	1福島6	晴	12	4歳以上1勝クラス		12	7	9	2.2	1.0	3	泉谷楓真	58	ダ1150		良	**	1:10.0	1.2	**	9-9	32.0-36.8	36.9	506(-2)			グランファラオ	200.0	202503010612
2020106930	2025-05-17	1新潟5	曇	12	4歳以上1勝クラス		15	3	4	4.5	2.0	7	武豊	58	ダ1200		稍	**	1:12.4	0.4	**	5-5	34.5-37.5	37.5	502(-4)			サドル		202504010512
2020106930	2025-07-13	2福島6	晴	8	3歳以上1勝クラス		15	3	4	6.9	3.0	3	石神深道	55	ダ1150		良	**	1:09.2	0.3	**	4-4	31.1-37.8	36.9	500(-2)			フェデルミエール	200.0	202503020608
2020106930	2025-07-26	2新潟1	晴	10	3歳以上1勝クラス		14	4	5	12.2	3.0	5	石神深道	55	ダ1200		良	**	1:12.2	0.6	**	2-2	34.4-37.2	37.6	504(+4)			ドナレア	80.0	202504020110
2020106930	2025-09-25	浦和	曇	10	マルチヒーロー特別(B2B3)		11	6	7	2.9	1.0	5	小林美駒	54	ダ1400		良	**	1:28.5	1.3	**	10-9-5-6	35.7-38.9	38.6	509(+5)			ダヴァンティ	40.0	202542092510
2020106930	2025-11-08	3福島1	晴	8	3歳以上1勝クラス		16	1	1	18.2	7.0	2	鷲頭虎太	56	ダ1150		良	**	1:08.7	0.0	**	8-5	31.2-37.5	36.5	498(-11)			ジャスパーソレイユ	320.0	202503030108
2020106930	2025-11-22	3福島5	晴	2	3歳以上1勝クラス		16	7	14	5.0	2.0	4	鷲頭虎太	56	ダ1150		良	**	1:10.0	0.4	**	7-8	31.9-37.7	37.5	498(0)			ビーアイフォルテ	120.0	202503030502
2021100165	2024-01-07	1中山2	曇	6	3歳新馬		17	8	15	11.4	5.0	5	石橋脩	57	芝2000		良	**	2:02.9	0.8	**	3-3-2-2	36.4-35.9	36.6	442(0)			スティンガーグラス	62.0	202406010206
2021100165	2024-02-03	1小倉7	曇	6	3歳未勝利		12	6	7	4.6	2.0	3	佐々木大	56	芝1800		良	**	1:50.5	0.3	**	5-5-4-4	37.3-36.4	36.3	442(0)			オオナミコナミ	140.0	202410010706
2021100165	2024-07-28	1札幌4	曇	4	3歳未勝利		15	6	11	14.4	7.0	1	佐々木大	57	芝2000		重	**	2:02.0	-0.6	**	1-1-1-1	36.1-35.6	35.6	430(-12)			(モカラルビー)	550.0	202401010404
2021100165	2024-08-17	2札幌3	曇	10	富良野特別(1勝クラス)		12	5	5	7.5	4.0	5	佐々木大	55	芝2000		良	**	2:01.1	0.5	**	4-4-3-3	36.2-35.5	35.8	438(+8)			コスモブッドレア	111.0	202401020310
2021100165	2024-10-14	4新潟4	晴	6	3歳以上1勝クラス		12	8	12	2.5	1.0	12	佐々木大	56	芝2000		良	**	2:01.6	1.7	**	3-3	35.5-36.2	37.2	446(+8)			ワイドモヒート		202404040406
2021100165	2024-11-10	3福島4	晴	8	3歳以上1勝クラス		16	2	4	16.6	6.0	2	荻野極	56	芝1800		良	**	1:48.8	0.1	**	1-1-1-1	35.9-36.6	36.7	450(+4)			レッセパッセ	320.0	202403030408
2021100165	2024-11-16	3福島5	曇	9	高湯温泉特別(1勝クラス)		16	1	1	3.8	1.0	3	荻野極	56	芝1800		良	**	1:49.2	0.2	**	3-4-3-4	36.5-35.1	34.7	448(-2)			アイキャンドウイッ	287.3	202403030509
2021100165	2025-01-25	1小倉1	晴	12	4歳以上1勝クラス		16	7	14	8.0	4.0	12	鮫島克駿	57	芝1800		良	**	1:49.0	1.5	**	11-11-1-1	36.9-35.3	36.8	448(0)			ミッキースピネル		202510010112
2021100165	2025-04-12	1福島1	曇	9	浄土平特別(1勝クラス)		14	6	10	7.2	4.0	5	荻野極	58	芝1800		良	**	1:47.4	0.5	**	8-8-6-10	35.6-35.3	35.2	448(0)			バレルターン	111.0	202503010109
2021100165	2025-04-26	1福島5	晴	10	飯盛山特別(1勝クラス)		13	8	13	3.7	2.0	3	吉田隼人	58	芝2000		良	**	1:59.8	0.5	**	2-2-2-2	35.4-35.3	35.7	448(0)			カリーニョ	285.1	202503010510
2021100165	2025-06-28	1函館5	晴	7	3歳以上1勝クラス		16	8	16	10.6	5.0	14	吉田隼人	58	芝1800		稍	**	1:49.5	2.7	**	4-2-2-3	34.8-35.7	38.3	456(+8)			マイスターヴェルク		202502010507
2021100165	2025-07-13	1函館10	晴	8	3歳以上1勝クラス		12	7	10	6.6	3.0	10	横山和生	58	ダ1700		良	**	1:47.5	2.2	**	12-12-8-9	30.4-37.4	38.6	456(0)			アイウィル		202502011008
2021100165	2025-08-23	2札幌1	晴	7	3歳以上1勝クラス		14	8	14	10.0	4.0	7	ウィリア	58	芝1500		稍	**	1:29.8	1.1	**	6-8-6	28.8-36.5	36.5	452(-4)			エフォートレス		202501020107
2021100165	2025-10-13	4東京5	曇	9	3歳以上1勝クラス		18	4	7	45.9	10.0	11	菊沢一樹	58	芝1600		良	**	1:33.6	0.5	**	5-4	35.0-34.0	34.2	454(+2)			ダノンセンチュリー		202505040509
2021100165	2025-11-16	3福島4	晴	12	3歳以上1勝クラス		16	6	12	7.6	3.0	6	菊沢一樹	58	芝2000		良	**	2:01.8	0.7	**	10-12-13-9	36.0-35.2	34.7	454(0)			ファイナルヒート		202503030412
2021100165	2026-02-01	1小倉4	曇	8	4歳以上1勝クラス		13	3	3	20.4	9.0	2	舟山瑠泉	55	芝1800		良	**	1:45.9	0.0	**	5-6-6-7	35.4-34.4	33.7	456(+2)			クラヴァンス	330.0	202610010408
2021100292	2023-08-26	3小倉5	晴	5	2歳新馬		12	5	6	6.1	3.0	7	幸英明	55	芝2000		良	**	2:05.6	1.9	**	3-3-4-7	37.1-35.3	36.9	464(0)			メイショウゴーフル		202310030505
2021100292	2023-09-18	4阪神5	晴	1	2歳未勝利		11	5	5	4.5	1.0	4	幸英明	55	ダ1800		良	**	1:58.4	1.8	**	5-4-6-7	36.9-41.1	41.4	466(+2)			スノーライトニング	83.0	202309040501
2021100292	2023-10-07	2京都1	晴	2	2歳未勝利		16	2	4	17.9	6.0	3	幸英明	56	ダ1800		良	**	1:55.2	1.5	**	3-3-3-3	37.6-38.4	39.7	466(0)			オペラプラージュ	140.0	202308020102
2021100292	2023-12-17	4中京6	晴	1	2歳未勝利		16	2	3	14.2	5.0	1	西村淳也	56	ダ1800		稍	**	1:54.6	-0.7	**	2-2-2-2	37.2-38.4	38.4	466(0)			(ケロシンドリームズ)	550.0	202307040601
2021100292	2024-01-28	1小倉6	小雨	9	くすのき賞(1勝クラス)		10	7	7	3.5	1.0	3	佐々木大	57	ダ1700		良	**	1:47.2	0.2	**	6-7-3-3	30.4-38.2	38.2	474(+8)			シークレットキー	273.2	202410010609
2021100292	2024-03-09	1中京1	晴	6	3歳1勝クラス		14	8	13	5.4	3.0	5	三浦皇成	57	ダ1800		稍	**	1:55.5	1.5	**	8-9-8-6	37.0-39.4	39.0	468(-6)			スナークラファエロ	78.0	202407010106
2021100292	2024-05-12	3京都8	曇	5	3歳1勝クラス		16	6	11	14.4	5.0	5	団野大成	57	ダ1800		良	**	1:54.2	1.9	**	14-14-13-12	37.2-37.1	37.8	464(-4)			クーアフュルスト	78.0	202408030805
2021100292	2024-06-23	1函館6	曇	8	3歳以上1勝クラス		10	1	1	3.3	2.0	2	鮫島克駿	55	ダ1700		良	**	1:45.0	0.0	**	4-3-4-2	30.3-37.8	37.5	470(+6)			グランドエスケープ	320.0	202402010608
2021100292	2024-07-06	1函館9	曇	8	3歳以上1勝クラス		10	3	3	1.8	1.0	1	鮫島克駿	55	ダ1700		稍	**	1:45.7	-0.2	**	5-5-4-2	29.5-37.7	37.4	476(+6)			(ワイドブリザード)	800.0	202402010908
2021100292	2024-08-03	1札幌5	曇	10	苫小牧特別(2勝クラス)		14	8	13	3.2	1.0	2	鮫島克駿	54	ダ1700		良	**	1:45.7	0.6	**	5-6-3-2	30.4-36.6	37.0	474(-2)			ゲットアップ	629.2	202401010510
2021100292	2025-01-06	1中京2	雨	9	天竜川特別(2勝クラス)		16	2	4	11.1	5.0	4	鮫島克駿	57	ダ1800		良	**	1:53.5	0.7	**	8-10-13-12	36.9-38.1	37.8	468(-6)			スリリングチェイス	230.0	202507010209
2021100292	2025-01-25	1小倉1	晴	10	企救丘特別(2勝クラス)		16	3	6	2.3	1.0	2	鮫島克駿	57	ダ1700		良	**	1:45.8	0.0	**	3-2-4-2	30.3-38.2	37.7	466(-2)			ポワンキュルミナン	630.6	202510010110
2021100292	2025-02-09	1小倉6	晴	10	由布院特別(2勝クラス)		16	4	7	5.0	3.0	2	荻野極	57	ダ1700		稍	**	1:45.2	0.2	**	8-8-1-1	29.5-37.6	37.8	472(+6)			レシプロシティ	630.2	202510010610
2021100292	2025-03-01	1小倉11	曇	11	早鞆特別(2勝クラス)		15	8	15	4.0	2.0	5	荻野極	57	ダ1700		良	**	1:45.8	0.4	**	9-9-6-6	30.7-36.6	36.6	472(0)			コブラ	155.0	202510011111
2021100292	2025-04-27	1福島6	晴	10	尾瀬特別(2勝クラス)		15	3	4	3.1	1.0	4	斎藤新	58	ダ1700		良	**	1:47.0	0.4	**	9-9-8-5	29.5-39.8	39.3	472(0)			タガノアレハンドラ	230.0	202503010610
2021100292	2025-06-22	1函館4	曇	10	檜山特別(2勝クラス)		14	5	8	5.3	2.0	3	鮫島克駿	58	ダ1700		重	**	1:44.6	0.3	**	5-4-4-5	30.0-37.0	37.1	480(+8)			バギーウィップ	394.5	202502010410
2021100292	2025-07-05	1函館7	晴	10	竜飛崎特別(2勝クラス)		14	8	13	7.8	3.0	7	鮫島克駿	58	ダ1700		重	**	1:43.9	1.1	**	10-8-4-4	29.3-37.3	38.1	480(0)			ドバイブルース		202502010710
2021100292	2025-08-10	1札幌6	曇	12	Fビレッジ特別(2勝クラス)		14	7	12	8.0	2.0	9	藤岡佑介	57	ダ1700		良	**	1:45.9	2.0	**	6-7-7-6	29.3-37.5	38.8	480(0)			イムホテプ		202501010612
2021100292	2025-11-09	3福島2	小雨	10	河北新報杯(2勝クラス)		15	7	13	11.7	6.0	3	西塚洸二	58	ダ1700		良	**	1:45.7	0.2	**	2-2-3-2	30.1-37.8	37.9	476(-4)			アレナパラシオ	395.3	202503030210
2021100292	2026-01-25	1小倉2	晴	10	響灘特別(2勝クラス)		16	2	3	6.6	3.0	3	西塚洸二	58	ダ1700		良	**	1:45.9	0.1	**	2-2-2-2	30.9-36.9	36.9	484(+8)			アイウィル	405.2	202610010210
2021100454	2024-03-23	3中山1	曇	4	3歳未勝利		16	6	12	59.7	8.0	5	大野拓弥	55	芝1600		良	**	1:35.4	0.6	**	9-10-9	35.9-35.1	34.6	410(0)			テセラリアン	55.0	202406030104
2021100454	2024-04-13	1福島3	晴	4	3歳未勝利		16	2	4	8.0	4.0	7	西塚洸二	53	芝2000		良	**	2:02.7	1.3	**	10-12-8-8	34.8-36.7	37.1	406(-4)			キットハナガサク		202403010304
2021100454	2024-07-27	2新潟1	曇	5	3歳未勝利		18	1	1	63.9	10.0	1	石川裕紀	55	芝1400		良	**	1:20.6	0.0	**	7-5	33.3-35.8	35.3	414(+8)			(ベランジェール)	550.0	202404020105
2021100454	2024-09-22	4中山7	曇	7	3歳以上1勝クラス		16	6	11	64.5	14.0	5	石川裕紀	54	芝1600		良	**	1:32.8	0.2	**	2-2-2	34.5-35.1	35.0	420(+6)			マンウォル	80.0	202406040707
2021100454	2024-12-01	4中京2	晴	8	3歳以上1勝クラス		18	3	5	8.9	5.0	6	ルメール	55	芝1400		良	**	1:21.6	0.9	**	4-3	34.3-34.4	34.9	410(-10)			グロリアラウス		202407040208
2021100454	2025-03-08	2中山3	小雨	12	4歳以上1勝クラス		16	3	6	25.1	7.0	8	佐々木大	56	芝1600		良	**	1:35.0	0.6	**	5-5-4	34.6-36.1	36.3	406(-4)			アンドアイラヴハー		202506020312
2021100454	2025-06-14	3東京3	小雨	8	3歳以上1勝クラス		18	7	15	67.7	12.0	14	石川裕紀	56	芝1400		良	**	1:22.8	0.9	**	4-4	35.0-35.0	35.4	418(+12)			イブニングタイド		202505030308
2021100454	2025-07-27	2新潟2	晴	12	3歳以上1勝クラス		16	7	13	37.4	11.0	12	丸山元気	56	芝1400		良	**	1:21.3	0.8	**	5-5	33.8-34.9	35.1	416(-2)			ガーネットウインク		202504020212
2021100454	2025-09-21	4中山7	曇	8	3歳以上1勝クラス		16	3	6	26.6	11.0	14	佐々木大	56	芝1200		良	**	1:09.2	1.4	**	14-14	33.7-34.1	33.6	418(+2)			タマカヅラ		202506040708
2021100454	2026-01-25	1小倉2	晴	8	4歳以上1勝クラス		16	7	14	152.7	15.0	10	小林美駒	53	芝1800		良	**	1:47.6	1.3	**	5-7-2-2	33.9-36.5	37.7	416(-2)			ウインシャーガス		202610010208
2021100639	2023-10-22	4東京7	晴	4	2歳新馬		15	8	14	1.9	1.0	6	藤岡康太	56	ダ1400		良	**	1:28.9	1.6	**	9-10	37.4-37.1	37.5	496(0)			トーアアイギス		202305040704
2021100639	2023-11-05	5東京2	曇	1	2歳未勝利		13	5	7	17.4	5.0	6	小沢大仁	55	ダ1600		良	**	1:39.6	1.9	**	7-7	35.8-37.2	38.3	500(+4)			デビッドテソーロ		202305050201
2021100639	2024-01-13	1京都4	晴	3	3歳未勝利		14	8	13	11.7	3.0	4	団野大成	57	ダ1400		良	**	1:27.7	0.7	**	9-8	36.7-37.4	37.3	502(+2)			キャピタルサックス	83.0	202408010403
2021100639	2024-02-03	2京都3	曇	3	3歳未勝利		14	2	2	6.5	4.0	4	団野大成	57	ダ1400		良	**	1:25.8	0.6	**	5-4	35.1-37.5	37.7	496(-6)			キングツェッペリン	83.0	202408020303
2021100639	2024-02-17	2京都7	曇	3	3歳未勝利		16	3	5	8.9	6.0	5	団野大成	57	ダ1400		稍	**	1:26.6	1.0	**	8-7	34.7-38.7	38.6	490(-6)			アレ	55.0	202408020703
2021100639	2024-03-09	1中京1	晴	1	3歳未勝利		16	4	8	4.2	3.0	5	吉田隼人	57	ダ1400		稍	**	1:27.6	0.9	**	7-7	36.1-37.7	38.0	494(+4)			スート	55.0	202407010101
2021100639	2024-03-31	2阪神4	晴	2	3歳未勝利		16	8	15	4.2	4.0	2	吉田隼人	57	ダ1400		良	**	1:25.8	0.3	**	2-2	34.2-38.8	38.9	494(0)			クリノキングマン	220.0	202409020402
2021100639	2024-04-13	2阪神7	晴	2	3歳未勝利		16	5	9	3.1	1.0	2	団野大成	57	ダ1200		良	**	1:13.8	0.4	**	8-6	35.8-37.6	36.9	484(-10)			ハリウッドブルース	220.0	202409020702
2021100639	2024-04-28	3京都4	晴	1	3歳未勝利		16	7	13	1.5	1.0	1	団野大成	57	ダ1400		良	**	1:26.3	-0.1	**	3-2	34.8-38.9	38.6	488(+4)			(カーロアヴァンティ)	550.0	202408030401
2021100639	2024-11-16	6京都5	小雨	7	3歳以上1勝クラス		16	7	14	18.1	8.0	1	坂井瑠星	57	ダ1400		良	**	1:24.6	0.0	**	4-3	34.4-38.0	37.6	490(+2)			(クアトロジャック)	800.0	202408060507
2021100639	2024-12-01	7京都2	晴	8	3歳以上2勝クラス		16	4	7	10.4	5.0	6	吉田隼人	57	ダ1400		良	**	1:25.1	0.9	**	10-10	35.7-36.4	36.0	494(+4)			ジャーヴィス		202408070208
2021100639	2024-12-22	7京都8	晴	8	3歳以上2勝クラス		16	2	4	14.4	5.0	8	吉田隼人	57	ダ1400		良	**	1:26.1	0.7	**	5-3	36.0-37.6	37.9	496(+2)			スターペスカオリ		202408070808
2021100639	2025-03-23	1阪神8	晴	12	4歳以上2勝クラス		16	8	16	28.3	9.0	7	吉村誠之	56	ダ1400		良	**	1:25.5	1.3	**	12-12	34.2-37.5	37.4	482(-14)			ビダーヤ		202509010812
2021100639	2025-10-26	3京都9	曇	12	嵯峨野特別(2勝クラス)		16	7	14	182.3	14.0	9	吉村誠之	55	ダ1400		重	**	1:23.9	1.1	**	14-11	34.1-36.7	36.5	500(+18)			ピエマンソン		202508030912
2021101045	2024-02-03	1東京3	晴	5	3歳新馬		16	2	4	1.9	1.0	3	戸崎圭太	57	芝1600		良	**	1:36.8	1.0	**	4-4	36.6-33.5	34.1	516(0)			セイロンジェムズ	160.0	202405010305
2021101045	2024-02-25	2中山2	小雨	6	3歳未勝利		16	6	12	4.1	2.0	14	戸崎圭太	57	芝2200		稍	**	2:19.8	2.8	**	5-5-3-5	36.9-36.3	38.8	516(0)			ラスカンブレス		202406020206
2021101045	2024-03-16	1中京3	晴	2	3歳未勝利		13	5	6	4.2	2.0	1	藤岡康太	57	ダ1800		良	**	1:55.0	-0.6	**	3-3-2-1	36.4-39.4	39.4	518(+2)			(アンドゥーラ)	550.0	202407010302
2021101045	2024-05-05	2東京6	晴	5	3歳1勝クラス		16	5	9	16.4	8.0	6	戸崎圭太	57	ダ2100		良	**	2:13.5	2.4	**	3-3-4-5	30.2-37.3	39.4	520(+2)			サンライズソレイユ		202405020605
2021101045	2024-06-22	3東京7	晴	7	3歳以上1勝クラス		16	4	7	15.1	5.0	15	戸崎圭太	55	ダ1600		重	**	1:38.8	2.9	**	6-7	35.1-37.4	39.1	518(-2)			レオスパーク		202405030707
2021101045	2024-08-11	2札幌2	晴	12	3歳以上1勝クラス		12	6	8	14.9	6.0	1	石川倭	55	ダ1700		良	**	1:45.9	-0.8	**	5-6-4-2	29.7-39.2	38.9	532(+14)			(タクシンイメル)	800.0	202401020212
2021101045	2024-09-03	盛岡	晴	10	不来方賞(JpnII)		12	7	10	34.5	5.0	11	横山武史	56	ダ2000		稍	**	2:08.8	5.6	**	5-5-6-9		41.1	532(0)			サンライズジパング		202435090310
2021101045	2024-11-10	3福島4	晴	10	福島放送賞(2勝クラス)		15	6	10	7.4	4.0	15	津村明秀	56	ダ1700		良	**	1:50.6	4.7	**	4-4-8-15	29.7-38.8	42.8	514(-18)			スズノテレサ		202403030410
2021101045	2024-12-07	4中京3	曇	10	鳴海特別(2勝クラス)		16	2	3	96.2	12.0	12	酒井学	57	ダ1800		良	**	1:53.9	1.9	**	3-4-3-3	37.2-36.9	38.5	524(+10)			スナークラファエロ		202407040310
2021101045	2025-01-19	1中山7	曇	8	4歳以上2勝クラス		14	1	1	92.5	13.0	10	小林脩斗	55	芝1800		良	**	1:49.2	0.9	**	3-3-3-4	37.3-34.7	35.3	528(+4)			キュクヌス		202506010708
2021101045	2025-02-16	1東京6	晴	8	4歳以上2勝クラス		13	6	8	54.6	9.0	5	佐藤翔馬	55	芝1600		良	**	1:34.5	0.6	**	2-2	36.2-34.2	34.7	528(0)			キョウエイブリッサ	114.0	202505010608
2021101045	2025-03-08	1阪神3	曇	9	千里山特別(2勝クラス)		12	2	2	46.1	10.0	12	田口貫太	54	芝2000		良	**	2:02.6	2.8	**	7-7-7-8	35.6-35.5	37.3	518(-10)			イングランドアイズ		202509010309
2021101045	2025-06-15	1函館2	曇	10	津軽海峡特別(2勝クラス)		14	5	8	16.5	8.0	4	黛弘人	54	ダ1700		良	**	1:45.8	0.4	**	9-8-4-2	30.2-37.7	37.4	528(+10)			タマモプルメリア	230.0	202502010210
2021101045	2025-06-22	1函館4	曇	10	檜山特別(2勝クラス)		14	8	13	20.5	6.0	2	黛弘人	58	ダ1700		重	**	1:44.5	0.2	**	3-4-2-2	30.0-37.0	37.1	526(-2)			バギーウィップ	629.0	202502010410
2021101045	2025-07-20	1函館12	晴	10	駒場特別(2勝クラス)		12	5	6	7.6	5.0	4	黛弘人	58	ダ1700		良	**	1:45.8	0.2	**	9-9-3-3	30.4-37.7	37.7	528(+2)			グレイテストソング	230.0	202502011210
2021101045	2025-08-10	1札幌6	曇	12	Fビレッジ特別(2勝クラス)		14	6	10	12.4	5.0	2	黛弘人	56	ダ1700		良	**	1:44.9	1.0	**	2-3-2-2	29.3-37.5	38.3	528(0)			イムホテプ	629.4	202501010612
2021101045	2025-08-30	2札幌3	曇	10	千歳特別(2勝クラス)		14	6	10	6.2	3.0	3	黛弘人	58	ダ1700		重	**	1:43.3	0.4	**	2-2-1-1	29.3-37.6	38.0	528(0)			ベンヌ	394.8	202501020310
2021101045	2025-09-28	4中山9	晴	8	3歳以上2勝クラス		16	7	13	3.6	1.0	8	坂井瑠星	58	ダ1800		良	**	1:54.1	1.2	**	8-8-7-6	35.9-38.5	38.4	528(0)			チュウワクリスエス		202506040908
2021101045	2025-11-15	3福島3	晴	10	西郷特別(2勝クラス)		15	5	9	4.6	2.0	2	黛弘人	57	ダ1700		良	**	1:46.0	0.1	**	2-2-2-2	30.8-37.1	37.2	528(0)			テーオールビー	632.0	202503030310
2021101045	2025-12-13	5中京3	曇	10	鳴海特別(2勝クラス)		16	8	15	11.7	5.0	7	黛弘人	58	ダ1800		良	**	1:53.9	0.6	**	4-5-2-2	37.7-37.0	37.5	534(+6)			アラレタバシル		202507050310
2021101166	2023-11-11	5東京3	曇	6	2歳新馬		14	8	14	29.4	8.0	12	吉田豊	55	芝1600		良	**	1:37.8	1.7	**	11-10	36.0-34.7	35.4	476(0)			アルセナール		202305050306
2021101166	2023-12-02	5中山1	晴	2	2歳未勝利		16	2	3	98.1	10.0	11	吉田豊	55	ダ1800		良	**	1:59.7	2.8	**	1-1-2-2	37.9-40.2	42.9	474(-2)			リーチユアドリーム		202306050102
2021101166	2024-04-13	1福島3	晴	4	3歳未勝利		16	7	13	116.9	10.0	8	大江原比	51	芝2000		良	**	2:02.8	1.4	**	3-6-10-10	34.8-36.7	37.0	460(-14)			キットハナガサク		202403010304
2021101166	2024-05-04	1新潟3	晴	2	3歳未勝利		15	8	14	155.1	12.0	7	大江原比	51	ダ1800		良	**	1:57.4	2.4	**	4-5-12-12	37.0-38.1	39.0	458(-2)			ピカレスクノベル		202404010302
2021101166	2024-06-08	3東京3	晴	4	3歳未勝利		18	3	5	141.0	13.0	9	大江原比	51	芝1800		良	**	1:49.2	1.2	**	4-6-8	36.7-34.0	34.3	458(0)			アドマイヤマツリ		202405030304
2021101166	2024-07-27	2新潟1	晴	4	3歳未勝利		18	7	15	306.8	16.0	6	大江原比	51	芝1800		良	**	1:46.2	0.8	**	16-14	34.3-35.0	34.7	454(-4)			ルージュカエラ		202404020104
2021101166	2024-08-24	3新潟5	晴	4	3歳未勝利		18	3	6	45.4	10.0	10	大江原比	51	芝2000		良	**	2:02.1	1.4	**	13-13-14-13	35.2-36.1	36.0	450(-4)			ゴールデンステップ		202404030504
2021101166	2025-02-02	1東京2	雨	2	4歳以上1勝クラス		14	7	12	351.4	14.0	14	杉原誠人	55	ダ2100		稍	**	2:17.0	4.7	**	13-13-14-14	30.7-38.8	39.7	458(+8)			バナマンテソーロ		202505010202
2021101166	2025-07-06	2福島4	晴	1	障害3歳以上未勝利		14	8	13	82.9	13.0	13	難波剛健	58	障2750		良		3:13.2	9.7		13-13-13-13	107.0-0.0	14.1	468(+10)			ビーンスターク		202503020401
2021101166	2025-09-15	4中山5	曇	8	3歳以上1勝クラス		14	4	6	333.2	14.0	11	小林凌大	56	芝2500		良	**	2:34.8	3.1	**	8-8-8-6	30.2-35.3	37.6	466(-2)			キングズトゥルー		202506040508
2021101166	2025-11-24	3福島6	曇	9	磐梯山特別(1勝クラス)		16	3	5	428.1	16.0	14	小林凌大	56	芝2600		良	**	2:41.1	1.3	**	11-11-14-12	37.8-35.5	35.8	466(0)			カーミングライツ		202503030609
2021101166	2026-01-31	1小倉3	晴	5	障害4歳以上未勝利		10	2	2			取	小林凌大	57	障2860		良						107.0-0.0		計不			レッドラマンシュ		202610010305
2021101432	2024-10-20	盛岡	晴	3	盛岡市職員盛駿会会長(C2)		12	7	9	7.2	2.0	2	菅原辰徳	54	ダ1200		重	**	1:16.0	0.4	**	4-1		38.9	536(0)			ハセノビーバー	14.0	202435102003
2021101432	2024-11-03	盛岡	晴	4	C2八組		12	1	1	2.3	1.0	1	菅原辰徳	54	ダ1200		良	**	1:14.4	-0.6	**	1-1		38.1	529(-7)			(ピースポート)	40.0	202435110304
2021101432	2024-11-18	水沢	曇	5	C2四組		10	4	4	1.2	1.0	6	菅原辰徳	54	ダ1300		稍	**	1:25.8	1.5	**	1-1-1-1		41.3	527(-2)			シャイニーメイン		202436111805
2021101432	2024-12-03	水沢	曇	5	C2四組		9	7	9	3.4	2.0	8	菅原辰徳	54	ダ1300		重	**	1:26.3	2.3	**	1-1-1-2		43.3	533(+6)			マイラシャーン		202436120305
2021101432	2024-12-17	水沢	晴	4	C2五組		11	1	1	4.3	3.0	5	菅原辰徳	54	ダ1300		不	**	1:24.0	0.4	**	1-1-1-1		40.6	532(-1)			スペキュレイション	2.8	202436121704
2021101432	2025-03-17	水沢	小雨	1	C2		10	1	1	2.7	2.0	1	高橋悠里	54	ダ850		重	**	0:50.8	-0.2	**	1-1		35.8	541(+9)			(ゴーゴーオンリー)	40.0	202536031701
2021101432	2025-04-14	水沢	曇	8	C1		9	7	7	1.9	1.0	1	及川裕一	54	ダ850		不	**	0:50.2	-1.1	**	1-1		35.5	545(+4)			(キセキノホシ)	50.0	202536041408
2021101432	2025-10-18	4新潟1	曇	8	3歳以上1勝クラス		15	7	12	38.7	10.0	15	横山琉人	56	ダ1200		良	**	1:14.5	2.8	**	14-14	33.8-37.9	39.2	534(-11)			ミッキーマカパ		202504040108
2021101432	2025-12-28	5中山8	晴	7	3歳以上1勝クラス		16	8	15	113.9	13.0	15	丹内祐次	56	ダ1200		良	**	1:14.1	2.1	**	1-1	34.4-37.6	39.7	542(+8)			タイセイルヴァン		202506050807
2021101521	2024-07-28	1札幌4	曇	4	3歳未勝利		15	3	4	5.1	2.0	15	ルメール	57	芝2000		重	**	2:07.5	5.5	**	6-6-8-10	36.1-35.6	40.5	472(0)			フォルテフィオーレ		202401010404
2021101521	2024-08-20	門別	曇	5	3歳以上C4ー3		9	1	1	4.2	3.0	1	桑村真明	57	ダ1200		重	**	1:13.3	-0.4	**	1-1		37.8	482(+10)			(ウィンストラテジー)	40.0	202430082005
2021101521	2024-09-03	門別	晴	8	安平RAPSFLOW(C3)		9	4	4	1.3	1.0	2	桑村真明	57	ダ1200		良	**	1:14.9	0.1	**	1-1		38.5	478(-4)			タイセイトリオンフ	11.2	202430090308
2021101521	2024-09-17	門別	晴	9	日胆JA農業応援賞(C3)		12	6	7	1.5	1.0	4	桑村真明	57	ダ1200		稍	**	1:15.3	1.2	**	2-2		38.9	472(-6)			ファーレンジョー	5.6	202430091709
2021101521	2024-10-09	門別	晴	9	3歳以上C3ー2C4		8	8	8	3.6	2.0	2	石川倭	57	ダ1600		稍	**	1:44.8	0.2	**	2-2-2-1		39.7	488(+16)			フクノスナノバラ	11.2	202430100909
2021101521	2024-10-24	門別	晴	7	3歳以上C3ー2C4		8	5	5	2.1	1.0	8	石川倭	57	ダ1600		重	**	1:47.1	3.6	**	2-3-2-3		42.9	482(-6)			スピンザブラッド		202430102407
2021101521	2024-10-29	門別	晴	6	3歳以上C2ー2?C		12	5	5	4.0	2.0	1	桑村真明	57	ダ1000		良	**	1:00.9	-1.0	**	2-1		37.3	476(-6)			(サバイバルリベラル)	40.0	202430102906
2021101521	2025-01-06	1中山2	曇	4	4歳以上1勝クラス		16	5	10	21.6	10.0	4	菅原明良	58	ダ1200		良	**	1:12.4	0.2	**	2-2	33.8-38.4	38.5	480(+4)			ホウオウフロイト	120.0	202506010204
2021101521	2025-02-02	1小倉4	曇	3	4歳以上1勝クラス		14	3	4	3.8	1.0	4	佐々木大	58	ダ1000		不	**	0:57.5	0.3	**	4-4	33.1-35.2	35.3	480(0)			ジェイエルバルカー	120.0	202510010403
2021101521	2025-02-16	1小倉8	曇	3	4歳以上1勝クラス		14	3	4	4.3	2.0	4	佐々木大	58	ダ1000		良	**	0:58.9	0.7	**	5-5	33.9-35.9	36.1	480(0)			ジェネラーレ	120.0	202510010803
2021101521	2025-04-13	1福島2	小雨	8	4歳以上1勝クラス		16	2	3	4.4	2.0	3	佐々木大	58	ダ1150		良	**	1:09.6	0.5	**	4-5	32.0-37.1	37.3	486(+6)			ニシノクラウン	200.0	202503010208
2021101521	2025-05-04	1新潟2	晴	7	4歳以上1勝クラス		14	7	12	5.4	3.0	9	酒井学	58	ダ1200		稍	**	1:12.7	1.4	**	4-4	33.6-37.7	38.3	482(-4)			スピードパンサー		202504010207
2021101521	2025-06-29	2福島2	晴	12	3歳以上1勝クラス		14	3	3	6.5	4.0	中	菅原明良	58	芝1200		良	**			**	13-14	33.5-35.9		482(0)			アタリダイキチ		202503020212
2021101521	2025-12-06	5中山1	曇	7	3歳以上1勝クラス		16	1	2	6.2	2.0	15	三浦皇成	58	ダ1200		良	**	1:14.0	2.8	**	2-2	33.9-37.3	40.0	490(+8)			タイセイピューマ		202506050107
2021102151	2023-10-08	2京都2	曇	5	2歳新馬		12	7	10	20.8	8.0	5	岩田康誠	56	芝1800		良	**	1:48.5	1.1	**	9-9	35.6-34.9	35.1	446(0)			ジャンタルマンタル	72.0	202308020205
2021102151	2023-10-21	4新潟3	雨	2	2歳未勝利		15	3	4	9.0	5.0	11	永島まな	53	ダ1800		重	**	1:58.4	2.9	**	3-2-2-2	37.5-39.3	42.1	446(0)			ブレードサクセス		202304040302
2021102151	2024-02-03	1小倉7	曇	1	3歳未勝利		16	7	14	45.6	10.0	15	松本大輝	56	ダ1700		良	**	1:50.8	3.0	**	4-4-7-11	30.6-39.3	41.6	452(+6)			マーベリックシチー		202410010701
2021102151	2024-02-11	2京都6	曇	5	3歳未勝利		14	5	8	57.3	9.0	7	今村聖奈	54	芝1600		良	**	1:37.2	1.0	**	1-1	35.6-35.3	36.3	456(+4)			ハワイアンティアレ		202408020605
2021102151	2024-06-08	1函館1	晴	1	3歳未勝利		16	4	7	135.4	14.0	13	松本大輝	56	芝1200		良	**	1:10.2	2.3	**	5-5	33.7-34.2	36.0	462(+6)			ナムラローズマリー		202402010101
2021102151	2024-06-23	1函館6	曇	4	3歳未勝利		16	8	15	45.9	12.0	4	藤岡佑介	57	芝1800		良	**	1:49.9	0.5	**	1-2-2-2	35.5-36.8	37.2	460(-2)			サトノメルベイユ	83.0	202402010604
2021102151	2024-06-29	1函館7	晴	3	3歳未勝利		16	1	2	17.3	8.0	7	岩田康誠	57	芝1800		良	**	1:50.7	0.5	**	1-1-1-1	37.2-35.3	35.8	464(+4)			サンウリエル		202402010703
2021102151	2024-07-20	1札幌1	晴	6	3歳未勝利		14	2	2	10.1	4.0	4	岩田康誠	57	芝1800		良	**	1:49.3	0.6	**	4-5-6-7	36.8-35.4	35.6	462(-2)			オメガインペリアル	83.0	202401010106
2021102151	2024-08-11	2札幌2	晴	4	3歳未勝利		14	8	13	28.3	9.0	8	菱田裕二	57	芝1500		良	**	1:28.9	0.7	**	9-9-9	29.4-35.3	35.4	454(-8)			シャーリーゴールド		202401020204
2021102151	2024-08-25	2札幌6	晴	7	3歳以上1勝クラス		12	7	9	66.4	9.0	5	高杉吏麒	53	ダ1000		良	**	1:00.4	0.7	**	8-9	35.6-36.0	35.7	458(+4)			ペプチドシュチク	80.0	202401020607
2021102151	2024-09-01	2札幌8	晴	5	3歳未勝利		14	4	5	14.4	6.0	5	高杉吏麒	54	ダ1700		重	**	1:47.3	0.6	**	4-4-6-6	30.7-38.2	38.3	454(-4)			イーブンナウ	55.0	202401020805
2021102151	2024-11-26	園田	雨	12	C2		12	3	3	4.5	2.0	8	笹田知宏	56	ダ1700		重	**	1:56.6	1.3	**	4-4-4-3		41.6	474(+20)			レガッタ		202450112612
2021102151	2024-12-25	園田	晴	9	C2		12	1	1	4.3	3.0	2	小牧太	56	ダ1230		良	**	1:20.8	0.9	**	7-7-7-5		39.4	480(+6)			ミニマルデザイン	24.5	202450122509
2021102151	2025-01-14	園田	曇	12	ビオラ賞C2		12	5	6	2.5	1.0	2	小牧太	56	ダ1230		良	**	1:21.7	0.1	**	7-7-4-2		39.9	474(-6)			ラピダニーニャ	28.0	202550011412
2021102151	2025-02-07	姫路	雪	12	カルミア賞C2一		10	2	2	2.7	1.0	3	小牧太	56	ダ1400		良	**	1:35.7	0.2	**	7-7-6-6		39.8	478(+4)			ドリームライク	14.0	202551020712
2021102151	2025-02-25	姫路	晴	8	C2一		9	2	2	1.6	1.0	1	小牧太	56	ダ1400		良	**	1:33.8	-0.2	**	6-6-6-6		38.6	476(-2)			(コンスピリート)	70.0	202551022508
2021102151	2025-06-19	園田	晴	7	C2一		10	4	4	6.8	2.0	2	小牧太	58	ダ1400		良	**	1:31.7	0.7	**	6-6-4-4		39.8	481(+5)			ファーストリッキー	28.0	202550061907
2021102151	2025-07-10	園田	晴	7	C2一		10	7	8	1.9	1.0	5	小牧太	57	ダ1400		良	**	1:31.8	1.1	**	7-7-6-5		38.9	481(0)			グローリアミノル	7.0	202550071007
2021102151	2025-08-07	園田	晴	10	C2一		10	2	2	3.2	2.0	3	小牧太	57	ダ1400		良	**	1:32.5	0.3	**	6-6-4-3		39.3	480(-1)			コスモブレイズ	17.5	202550080710
2021102151	2025-09-07	高知	晴	6	C3ー4		10	7	8	5.6	3.0	1	佐原秀泰	57	ダ1300		重	**	1:23.0	-0.2	**	3-3-3-3		37.8	471(-9)			(サトノラッシュ)	60.0	202554090706
2021102151	2025-09-21	高知	晴	3	C2ー8		9	6	6	1.6	1.0	2	佐原秀泰	57	ダ1300		稍	**	1:24.6	0.0	**	1-1-1-1		39.4	478(+7)			ブラッティーキッド	28.0	202554092103
2021102151	2025-10-04	高知	曇	10	スポーツの秋特別(C2)		9	7	7	3.0	2.0	1	佐原秀泰	57	ダ1600		重	**	1:46.2	0.0	**	6-6-3-3		40.7	478(0)			(ブラッティーキッド)	130.0	202554100410
2021102151	2025-11-02	高知	曇	5	C1ー5		12	5	6	1.8	1.0	1	佐原秀泰	57	ダ1400		重	**	1:30.6	-0.6	**	2-3-2-1		38.6	472(-6)			(ワンリオン)	90.0	202554110205
2021102151	2025-11-16	高知	晴	11	中津渓谷特別(C1)		9	3	3	8.7	3.0	9	佐原秀泰	57	ダ1300		稍	**	1:25.2	2.7	**	4-4-5-7		41.4	482(+10)			グランレザンドール		202554111611
2021102151	2025-11-30	高知	晴	4	広島県もみじ特別(C1)		8	5	5	3.8	2.0	1	佐原秀泰	57	ダ1600		良	**	1:47.4	-0.7	**	1-1-1-1		39.9	476(-6)			(ピストンボーイ)	90.0	202554113004
2021102401	2023-11-25	3京都7	晴	5	2歳新馬		12	3	3	5.4	3.0	5	松山弘平	55	芝1400		良	**	1:23.5	0.9	**	2-2	35.7-34.9	35.6	450(0)			ヤマニンアストロン	72.0	202308030705
2021102401	2023-12-17	5阪神6	晴	3	2歳未勝利		15	6	11	23.9	6.0	4	ムルザバ	55	芝1400		稍	**	1:22.7	0.4	**	4-6	34.3-36.2	36.2	442(-8)			アレンジャー	83.0	202309050603
2021102401	2024-05-11	1新潟5	晴	3	3歳未勝利		16	8	15	17.4	7.0	4	斎藤新	55	芝1400		良	**	1:23.0	0.5	**	5-5	34.3-36.4	36.4	434(-8)			ヤブサメ	83.0	202404010503
2021102401	2024-06-09	1函館2	曇	1	3歳未勝利		16	2	4	10.2	4.0	3	斎藤新	55	芝1200		良	**	1:09.0	0.6	**	4-3	33.6-34.8	34.9	436(+2)			ベアゴーゴー	140.0	202402010201
2021102401	2024-06-22	1函館5	晴	3	3歳未勝利		16	3	5	8.4	4.0	3	鮫島克駿	55	芝1200		良	**	1:09.3	0.2	**	6-3	33.8-35.3	34.9	438(+2)			ヴィヴァクラウン	140.0	202402010503
2021102401	2024-07-21	1札幌2	晴	3	3歳未勝利		16	5	10	6.8	3.0	2	鮫島克駿	55	芝1200		良	**	1:08.5	0.3	**	4-4	33.5-34.7	34.3	442(+4)			ファイツオン	220.0	202401010203
2021102401	2024-08-04	1札幌6	曇	3	3歳未勝利		16	4	8	3.2	1.0	3	鮫島克駿	55	芝1200		稍	**	1:10.2	0.1	**	6-5	34.3-35.8	35.5	448(+6)			スプリングデイ	140.0	202401010603
2021102401	2024-08-17	2札幌3	曇	3	3歳未勝利		16	5	9	2.7	1.0	1	鮫島克駿	55	芝1200		良	**	1:09.1	-0.1	**	2-2	33.8-35.3	35.1	446(-2)			(サニイアール)	550.0	202401020303
2021102401	2024-10-20	4新潟6	晴	9	十日町特別(1勝クラス)		18	1	2	41.1	11.0	16	斎藤新	54	芝1400		良	**	1:24.3	1.9	**	2-2	34.6-35.8	37.7	444(-2)			ヴァンヴィーヴ		202404040609
2021102401	2024-11-09	3福島3	晴	6	3歳以上1勝クラス		16	5	10	5.5	2.0	9	亀田温心	55	芝1200		良	**	1:10.7	0.9	**	4-5	33.8-36.0	36.3	444(0)			ジオパーククラウン		202403030306
2021102401	2025-02-08	1小倉5	曇	12	4歳以上1勝クラス		18	8	17	18.4	7.0	9	斎藤新	56	芝1200		稍	**	1:10.9	0.9	**	11-11	34.2-35.8	35.8	444(0)			イツモニコニコ		202510010512
2021102401	2025-04-13	1福島2	曇	6	4歳以上1勝クラス		16	7	14	47.3	12.0	7	亀田温心	56	芝1200		良	**	1:08.9	1.2	**	10-10	33.0-34.7	35.0	444(0)			ソルレース		202503010206
2021102401	2025-06-29	1函館6	晴	7	3歳以上1勝クラス		11	5	5	16.2	5.0	5	鮫島克駿	56	芝1200		良	**	1:09.3	0.4	**	5-5	33.6-35.3	34.8	468(+24)			クリノハレルヤ	80.0	202502010607
2021102401	2025-07-19	1函館11	晴	7	3歳以上1勝クラス		16	7	13	44.5	12.0	15	鮫島克駿	56	芝1200		良	**	1:09.6	1.4	**	4-7	33.8-34.4	35.5	466(-2)			エスペシャリー		202502011107
2021102401	2025-08-17	1札幌8	曇	9	小樽特別(1勝クラス)		16	1	1	42.5	9.0	4	鮫島克駿	56	芝1200		稍	**	1:10.3	0.2	**	1-1	34.8-35.3	35.5	454(-12)			ハリウッドメモリー	170.0	202501010809
2021102401	2025-08-30	2札幌3	曇	12	3歳以上1勝クラス		15	6	12	42.8	11.0	13	落合玄太	56	芝1200		稍	**	1:12.1	1.9	**	3-3	34.4-35.8	37.1	458(+4)			ムチャスグラシアス		202501020312
2021102401	2025-11-15	3福島3	晴	12	3歳以上1勝クラス		16	5	10	48.2	14.0	4	永島まな	54	芝1200		良	**	1:09.4	0.2	**	4-4	33.5-35.7	35.6	448(-10)			マリノトニトゥルス	120.0	202503030312
2021102401	2025-12-13	5中京3	晴	12	3歳以上1勝クラス		18	4	8	40.4	11.0	4	小沢大仁	56	芝1200		良	**	1:08.5	0.2	**	1-1	34.7-33.6	33.8	452(+4)			クイーンズデイ	120.0	202507050312
2021103535	2023-12-09	5阪神3	晴	5	2歳新馬		12	7	10	8.3	4.0	2	岩田康誠	56	芝1400		良	**	1:22.3	0.1	**	8-9	34.1-35.9	35.3	448(0)			ノボリショウリュウ	290.0	202309050305
2021103535	2024-01-07	1中山2	曇	5	3歳未勝利		16	5	10	3.5	1.0	1	横山武史	57	芝1600		良	**	1:33.4	0.0	**	3-3-3	34.4-36.2	35.3	452(+4)			(テートモダン)	550.0	202406010205
2021103535	2024-02-10	1東京5	晴	7	3歳1勝クラス		13	5	7	20.0	5.0	4	松山弘平	57	芝1400		良	**	1:21.8	0.9	**	1-1	35.3-33.8	34.7	448(-4)			ソンシ	120.0	202405010507
2021103535	2024-04-06	3中山5	曇	11	ニュージーランドT(GII)		16	6	12	109.1	13.0	12	石川裕紀	57	芝1600		稍	**	1:35.3	0.9	**	7-7-7	36.0-35.5	35.8	446(-2)			エコロブルーム		202406030511
2021103535	2024-04-28	3京都4	晴	6	3歳1勝クラス		11	1	1	12.9	6.0	9	田口貫太	56	芝1400		良	**	1:21.7	1.5	**	9-10	35.0-33.9	34.5	446(0)			クランフォード		202408030406
2021103535	2024-05-25	2東京11	晴	7	3歳1勝クラス		15	8	14	52.7	8.0	13	原優介	56	芝1400		良	**	1:22.8	1.8	**	5-4	35.7-33.5	35.0	440(-6)			スティールブルー		202405021107
2021103535	2024-08-10	2札幌1	晴	12	3歳以上1勝クラス		16	5	10	20.0	8.0	15	横山武史	56	芝1200		良	**	1:10.2	1.6	**	7-10	32.8-35.8	36.4	448(+8)			ジョーメッドヴィン		202401020112
2021103535	2024-12-21	5中山7	晴	8	3歳以上1勝クラス		16	4	8	77.9	11.0	15	内田博幸	57	ダ1200		良	**	1:15.3	2.6	**	8-8	34.7-38.0	39.5	456(+8)			レッドセニョール		202406050708
2021103535	2025-05-18	2京都8	晴	6	4歳以上1勝クラス		16	4	8	167.9	15.0	10	小崎綾也	58	芝1200		稍	**	1:09.8	1.0	**	8-10	34.6-34.2	34.4	466(+10)			トウカイエルデ		202508020806
2021103535	2025-06-14	1函館1	晴	7	3歳以上1勝クラス		14	3	4	153.0	14.0	11	中井裕二	58	芝1200		良	**	1:08.6	1.4	**	5-5	32.6-34.6	35.5	462(-4)			ラパンチュール		202502010107
2021103535	2025-07-05	1函館7	晴	8	3歳以上1勝クラス		9	2	2	32.2	8.0	8	和田陽希	55	芝1200		稍	**	1:11.2	1.8	**	1-2	34.4-35.0	36.8	460(-2)			ベビーズブレス		202502010708
2021103535	2025-07-26	1札幌1	曇	7	3歳以上1勝クラス		8	6	6	56.8	8.0	4	古川吉洋	58	芝1200		良	**	1:09.1	0.4	**	8-6	33.7-35.0	34.1	448(-12)			ラセーヌシュメール	120.0	202501010107
2021103535	2025-08-30	2札幌3	曇	12	3歳以上1勝クラス		15	7	14	71.4	14.0	10	古川吉洋	58	芝1200		稍	**	1:11.4	1.2	**	13-13	34.4-35.8	35.2	452(+4)			ムチャスグラシアス		202501020312
2021103535	2025-12-07	5中京2	晴	8	3歳以上1勝クラス		18	3	5	206.8	17.0	17	松本大輝	57	芝1400		良	**	1:21.3	0.9	**	13-12	34.6-34.4	34.3	456(+4)			レーヴジーニアル		202507050208
2021104426	2023-12-10	5阪神4	晴	5	2歳新馬		8	3	3	13.3	4.0	3	松山弘平	55	芝2000		良	**	2:02.2	0.3	**	1-1-1-1	36.6-35.0	35.3	468(0)			ストーンズ	180.0	202309050405
2021104426	2023-12-28	5阪神9	晴	3	2歳未勝利		14	3	4	9.5	3.0	4	岩田望来	55	芝1800		良	**	1:48.5	0.5	**	8-7	35.8-34.6	34.7	464(-4)			ジンセイ	83.0	202309050903
2021104426	2024-01-21	1京都7	曇	4	3歳未勝利		8	1	1	3.9	3.0	8	岩田望来	55	芝2000		不	**	2:08.1	2.9	**	3-4-8-7	36.3-37.4	39.5	460(-4)			ウインデイジー		202408010704
2021104426	2024-05-18	3京都9	晴	5	3歳未勝利		14	4	5	6.8	4.0	5	松山弘平	55	芝2000		良	**	2:00.7	0.3	**	1-1-1-1	35.9-34.4	34.7	458(-2)			スターリングアップ	55.0	202408030905
2021104426	2024-06-09	4京都4	曇	4	3歳未勝利		18	3	5	13.4	5.0	8	松山弘平	55	芝1600		稍	**	1:35.4	1.8	**	6-8	34.6-35.0	36.2	450(-8)			フレミングフープ		202408040404
2021104426	2024-09-03	名古屋	曇	10	名古屋CCライム賞(3歳)		11	6	6	6.7	4.0	1	渡辺竜也	54	ダ1500		稍	**	1:34.5	-0.1	**	5-1-2		38.3	453(+3)			(エクストラドライ)	120.0	202448090310
2021104426	2024-10-27	5京都8	曇	6	3歳以上1勝クラス		15	2	2	23.1	9.0	8	藤岡佑介	54	ダ1400		良	**	1:26.0	1.0	**	5-7	35.2-37.6	38.1	456(+3)			アナスタシス		202408050806
2021104426	2024-11-03	5東京2	晴	7	3歳以上1勝クラス		16	1	1	33.5	10.0	12	シュタル	55	ダ1600		重	**	1:39.6	3.1	**	1-1	34.7-37.0	40.1	458(+2)			ベルブリエ		202405050207
2021104426	2025-02-10	1京都3	晴	7	4歳以上1勝クラス		15	6	11	95.1	13.0	11	城戸義政	56	ダ1400		良	**	1:27.9	2.0	**	2-2	35.5-38.2	40.1	462(+4)			ルミッキ		202508010307
2021104426	2025-02-22	1京都7	曇	7	4歳以上1勝クラス		16	1	1	379.6	14.0	13	城戸義政	56	ダ1200		良	**	1:14.4	1.6	**	7-8	35.1-37.7	38.2	460(-2)			ゴイゴイスー		202508010707
2021104426	2025-08-05	盛岡	晴	9	アンタレス賞(B1)		12	1	1	10.9	4.0	3	山本聡紀	54	芝1700		稍	**	1:46.2	0.1	**	3-4-3-3		36.6	479(+19)			ホウオウシンデレラ	20.0	202535080509
2021104426	2025-08-16	3中京7	晴	12	3歳以上1勝クラス		10	2	2	47.9	9.0	8	田山旺佑	53	芝1600		良	**	1:34.5	0.8	**	1-1-1	36.3-34.0	34.8	460(-19)			コリカンチャ		202507030712
2021104426	2025-08-30	4中京3	晴	12	3歳以上1勝クラス		12	8	12	103.6	11.0	12	田口貫太	56	ダ1400		良	**	1:27.6	2.7	**	4-4	35.1-37.7	40.2	462(+2)			エリカドリーム		202507040312
2021104426	2025-12-06	5阪神1	晴	12	3歳以上1勝クラス		15	2	2	99.4	12.0	13	田山旺佑	53	芝1600		良	**	1:35.4	0.9	**	7-5	36.9-33.6	34.1	470(+8)			マイエレメント		202509050112
2021104426	2026-01-05	1京都2	晴	12	4歳以上1勝クラス		15	2	3	167.7	15.0	12	田山旺佑	53	芝1600		良	**	1:35.6	0.9	**	1-1	35.6-34.1	35.0	474(+4)			サンタンカ		202608010212
2021104455	2024-06-08	1函館1	晴	3	3歳未勝利		12	6	8	57.2	10.0	5	永野猛蔵	54	ダ1000		良	**	1:00.7	2.0	**	6-6	34.4-35.8	36.9	436(0)			サザンカ	55.0	202402010103
2021104455	2024-06-23	1函館6	曇	3	3歳未勝利		11	1	1	30.8	6.0	8	小林勝太	52	ダ1000		良	**	1:00.7	1.5	**	5-5	34.9-36.0	36.9	436(0)			カフジニホニウム		202402010603
2021104455	2024-07-07	1函館10	小雨	3	3歳未勝利		12	7	10	61.4	8.0	4	佐々木大	55	ダ1000		重	**	0:59.3	0.4	**	4-3	34.5-35.9	36.0	434(-2)			ヴェラリーシャ	83.0	202402011003
2021104455	2024-08-24	2札幌5	曇	3	3歳未勝利		11	7	9	33.9	10.0	7	小林勝太	53	ダ1000		良	**	1:00.7	1.4	**	7-4	35.1-36.0	36.9	430(-4)			ミルフルール		202401020503
2021104455	2024-09-25	門別	晴	7	3歳以上C4ー2		12	7	9	1.5	1.0	1	岩橋勇二	55	ダ1000		良	**	1:02.4	-0.6	**	8-6		37.2	432(+2)			(コンジェラメント)	40.0	202430092507
2021104455	2024-10-08	門別	晴	10	十勝軽種馬農業協同組(C3)		9	6	6	3.3	2.0	1	岩橋勇二	55	ダ1200		稍	**	1:15.4	-0.3	**	5-3		37.7	426(-6)			(シークレットロゴ)	55.0	202430100810
2021104455	2025-04-26	1福島5	晴	8	4歳以上1勝クラス		16	6	11	70.6	13.0	5	杉原誠人	56	ダ1150		良	**	1:09.9	0.7	**	3-3	31.9-37.3	37.8	428(+2)			ニホンピロトッティ	80.0	202503010508
2021104455	2025-05-25	1新潟8	小雨	7	4歳以上1勝クラス		15	2	2	41.2	12.0	15	国分恭介	56	ダ1200		稍	**	1:14.5	2.8	**	12-11	34.8-36.9	39.0	426(-2)			ホワイトターフ		202504010807
2021104455	2025-11-08	3福島1	晴	4	3歳以上1勝クラス		16	2	4	154.8	15.0	4	杉原誠人	56	ダ1150		良	**	1:09.0	0.5	**	2-2	31.3-37.2	37.5	436(+10)			ハニーローリエ	120.0	202503030104
2021104455	2025-11-22	3福島5	晴	2	3歳以上1勝クラス		16	2	4	36.5	9.0	3	杉原誠人	56	ダ1150		良	**	1:09.8	0.2	**	7-5	31.9-37.7	37.3	436(0)			ビーアイフォルテ	200.0	202503030502
2021104780	2024-04-21	3京都2	小雨	4	3歳未勝利		18	7	13	19.7	8.0	12	北村友一	55	芝1600		良	**	1:35.3	1.9	**	15-15	33.8-35.7	34.8	506(0)			ブラックサンライズ		202408030204
2021104780	2024-05-05	2東京6	晴	3	3歳未勝利		14	6	10	40.0	9.0	8	北村友一	55	芝2300		良	**	2:24.0	1.7	**	4-6-7-7	31.9-34.5	35.2	494(-12)			モルトマエストーソ		202405020603
2021104780	2024-06-08	4京都3	晴	6	3歳未勝利		18	8	18	201.7	16.0	14	藤懸貴志	55	芝2400		良	**	2:26.9	2.4	**	16-17-12-14	34.2-34.7	35.5	492(-2)			シャイニングソード		202408040306
2021104780	2024-06-30	1函館8	晴	2	3歳未勝利		14	7	12	15.6	7.0	1	佐々木大	55	ダ1700		良	**	1:47.2	-0.1	**	11-10-1-1	29.0-39.5	39.5	488(-4)			(ブーケドグレイス)	550.0	202402010802
2021104780	2024-08-17	2札幌3	曇	12	3歳以上1勝クラス		9	4	4	7.5	3.0	4	佐々木大	53	ダ1700		良	**	1:48.0	1.2	**	8-7-3-3	31.1-37.3	38.3	490(+2)			クラヴィコード	120.0	202401020312
2021104780	2024-12-21	7京都7	曇	7	3歳以上1勝クラス		15	8	14	48.5	10.0	6	古川奈穂	52	ダ1800		良	**	1:54.5	0.9	**	10-11-7-5	36.9-38.5	38.4	494(+4)			コーラルハート		202408070707
2021104780	2025-04-12	2阪神5	晴	7	4歳以上1勝クラス		9	1	1	4.7	3.0	5	坂井瑠星	56	ダ1800		良	**	1:56.4	0.4	**	1-1-1-1	39.0-38.2	38.6	490(-4)			ハリウッドパーク	80.0	202509020507
2021104780	2025-10-25	4新潟3	晴	8	3歳以上1勝クラス		14	5	8	29.1	8.0	13	古川奈穂	53	ダ1800		良	**	1:55.8	3.1	**	2-2-6-8	36.3-38.0	40.6	522(+32)			サンカルミア		202504040308
2021104780	2025-11-15	3福島3	晴	6	3歳以上1勝クラス		16	4	7	76.3	15.0	8	古川奈穂	53	ダ2400		良	**	2:36.4	1.8	**	1-1-2-3	38.8-40.0	41.6	510(-12)			オオタチ		202503030306
2021104780	2026-01-24	1小倉1	晴	8	4歳以上1勝クラス		7	7	7	14.6	4.0	6	古川奈穂	53	ダ2400		良	**	2:37.6	2.1	**	6-6-7-7	39.6-37.9	39.2	502(-8)			ベイラム		202610010108
2021105168	2023-10-29	4新潟6	小雨	5	2歳新馬		17	8	17	12.5	6.0	4	佐々木大	54	芝1400		不	**	1:26.1	0.3	**	8-7	35.2-38.5	37.2	444(0)			ニュージェネラル	110.0	202304040605
2021105168	2023-11-18	3福島5	晴	7	2歳未勝利		16	4	8	8.8	3.0	16	原優介	54	芝1800		稍	**	1:53.2	2.8	**	2-2-2-6	34.9-38.4	41.1	440(-4)			オリーボーレン		202303030507
2021105168	2024-01-14	1小倉2	晴	7	3歳未勝利		16	6	12	20.8	9.0	2	佐々木大	54	芝1800		良	**	1:48.6	0.5	**	2-2-2-3	35.8-35.9	36.2	450(+10)			ドンアレス	220.0	202410010207
2021105168	2024-02-04	1小倉8	曇	2	3歳未勝利		12	3	3	4.8	3.0	1	佐々木大	54	芝1800		重	**	1:52.6	-0.2	**	1-1-1-1	38.3-36.3	36.3	452(+2)			(クリノアドバンス)	550.0	202410010802
2021105168	2024-04-06	1福島1	曇	9	ひめさゆり賞(1勝クラス)		13	7	11	64.5	11.0	13	吉田隼人	55	芝2000		良	**	2:02.0	1.9	**	3-3-3-4	34.4-35.5	37.2	450(-2)			キープカルム		202403010109
2021105168	2024-04-27	3京都3	曇	9	矢車賞(1勝クラス)		12	7	10	68.3	12.0	10	菱田裕二	55	芝2200		良	**	2:14.3	1.5	**	3-2-2-2	35.5-35.6	36.9	450(0)			チルカーノ		202408030309
2021105168	2024-08-17	3新潟3	晴	12	3歳以上1勝クラス		18	6	12	78.2	10.0	5	藤田菜七	51	芝1800		良	**	1:46.3	0.9	**	1-1	35.4-34.4	35.3	454(+4)			ニューステソーロ	80.0	202404030312
2021105168	2024-09-08	4中山2	晴	7	3歳以上1勝クラス		16	6	11	96.7	13.0	16	藤田菜七	52	芝1600		良	**	1:34.7	1.9	**	7-8-11	35.5-33.3	34.7	444(-10)			ピックアチェリー		202406040207
2021105168	2024-10-19	4新潟5	小雨	7	3歳以上1勝クラス		10	8	9	32.5	8.0	4	長浜鴻緒	51	芝1800		良	**	1:47.0	0.6	**	2-2	35.1-35.4	35.9	442(-2)			ヴァイザーブリック	120.0	202404040507
2021105168	2024-11-17	3福島6	晴	8	3歳以上1勝クラス		16	5	10	17.5	6.0	6	長浜鴻緒	51	芝2000		良	**	2:01.8	0.6	**	1-1-1-2	35.7-35.4	36.0	444(+2)			パレハ		202403030608
2021105168	2025-02-16	1小倉8	曇	6	4歳以上1勝クラス		16	2	4	24.0	8.0	4	菊沢一樹	55	芝1800		良	**	1:47.8	0.6	**	3-3-3-4	35.0-36.2	36.1	454(+10)			エルフストラック	120.0	202510010806
2021105168	2025-03-01	1小倉11	曇	8	4歳以上1勝クラス		15	2	2	8.8	4.0	11	菊沢一樹	56	芝1800		良	**	1:50.4	1.5	**	3-3-2-2	35.9-36.7	38.0	452(-2)			オオナミコナミ		202510011108
2021105168	2025-04-27	1福島6	晴	8	4歳以上1勝クラス		16	5	10	7.5	4.0	7	菊沢一樹	56	芝1800		良	**	1:48.3	0.6	**	3-3-2-2	33.8-36.7	36.9	450(-2)			グランカンタンテ		202503010608
2021105168	2025-05-10	1新潟3	曇	9	三国特別(1勝クラス)		8	4	4	16.9	6.0	2	長浜鴻緒	56	芝1600		稍	**	1:35.2	0.3	**	1-1	36.8-34.5	34.8	452(+2)			グレイトクラウン	446.6	202504010309
2021105168	2025-07-13	2福島6	晴	9	織姫賞(1勝クラス)		13	5	7	60.2	9.0	6	原優介	56	芝1800		良	**	1:49.4	0.7	**	2-2-2-4	35.6-36.1	36.7	454(+2)			ミラーダカリエンテ		202503020609
2021105168	2025-08-02	2新潟3	晴	6	五頭連峰特別(1勝クラス)		14	5	8	47.0	10.0	6	原優介	56	芝1600		良	**	1:33.2	0.8	**	3-3	34.9-33.1	33.6	458(+4)			アンパドゥ		202504020306
2021105168	2025-10-05	4東京2	曇	8	3歳以上1勝クラス		14	7	12	23.2	6.0	7	長浜鴻緒	54	芝1800		良	**	1:46.6	0.9	**	4-4-4	35.7-33.8	34.3	456(-2)			ジャサルディア		202505040208
2021105168	2025-10-26	4新潟4	雨	9	柏崎特別(1勝クラス)		14	4	5	18.3	7.0	12	菊沢一樹	56	芝1600		稍	**	1:36.4	1.6	**	4-4	35.2-35.2	36.5	458(+2)			ジャズ		202504040409
2021105168	2025-12-06	5中京1	晴	12	3歳以上1勝クラス		16	3	5	71.9	12.0	2	菊沢一樹	56	芝1600		良	**	1:33.2	0.2	**	1-1-1	35.3-34.3	34.5	446(-12)			ツーエムクロノス	320.0	202507050112
2021105168	2025-12-21	5中京6	雨	6	3歳以上1勝クラス		16	6	12	15.2	6.0	7	菊沢一樹	56	芝1600		稍	**	1:36.6	0.5	**	5-6-7	35.5-35.7	35.5	454(+8)			ノクナレア		202507050606
2021105563	2023-07-15	3中京5	晴	5	2歳新馬		8	1	1	2.8	1.0	3	川田将雅	55	芝1400		良	**	1:23.0	0.9	**	7-6	34.8-35.7	35.6	428(0)			ステラスプレンダー	180.0	202307030505
2021105563	2023-09-24	4阪神7	晴	2	2歳未勝利		9	5	5	4.6	3.0	3	川田将雅	55	芝1600		良	**	1:35.5	0.8	**	3-3	35.3-33.9	34.5	442(+14)			ナムラエイハブ	140.0	202309040702
2021105563	2023-10-21	2京都6	曇	1	2歳未勝利		11	8	11	3.0	2.0	5	川田将雅	55	芝1400		良	**	1:23.4	0.7	**	2-2	35.1-35.3	35.8	442(0)			タイキヴァンクール	55.0	202308020601
2021105563	2023-12-17	4中京6	晴	4	2歳未勝利		16	1	1	8.9	5.0	13	ドイル	55	芝1400		良	**	1:23.4	0.8	**	7-7	34.3-36.3	36.0	440(-2)			ショウナンラウール		202307040604
2021105563	2024-01-07	1京都2	晴	5	3歳未勝利		17	4	8	14.6	5.0	11	武豊	55	芝1600		良	**	1:37.9	1.2	**	8-8	35.0-37.0	37.4	440(0)			グロリアラウス		202408010205
2021105563	2024-04-13	2阪神7	晴	4	3歳未勝利		18	3	5	33.3	7.0	10	Ｍ．デム	55	芝1600		良	**	1:35.4	1.2	**	4-4	35.7-33.7	34.6	448(+8)			フォーチュンタイム		202409020704
2021105563	2024-05-12	3京都8	曇	3	3歳未勝利		18	8	17	24.6	7.0	4	藤岡佑介	55	芝1200		良	**	1:08.9	0.7	**	15-15	33.6-34.6	33.8	450(+2)			リチャードバローズ	83.0	202408030803
2021105563	2024-06-08	4京都3	晴	4	3歳未勝利		18	7	15	6.6	4.0	2	Ｍ．デム	55	芝1200		良	**	1:08.8	0.1	**	4-5	33.9-34.8	34.5	452(+2)			ドランクマン	220.0	202408040304
2021105563	2024-06-29	3小倉1	曇	3	3歳未勝利		18	7	13	4.3	2.0	2	西村淳也	55	芝1200		良	**	1:08.5	0.0	**	4-4	32.7-35.8	35.5	454(+2)			ブルボンクイーン	220.0	202410030103
2021105563	2024-07-21	3小倉8	晴	2	3歳未勝利		18	4	7	3.7	1.0	8	西村淳也	55	芝1200		良	**	1:09.8	1.1	**	3-3	33.7-35.0	35.8	452(-2)			ソングオブライフ		202410030802
2021105563	2024-09-03	川崎	曇	8	セプテンバーフラワー(3歳C1)		7	7	7	3.0	2.0	4	西村淳也	54	ダ1600		重	**	1:46.5	1.1	**	2-2-2-2	36.9-42.3	43.2	475(+23)			オールウェズキズナ	37.5	202445090308
2021105563	2024-09-21	3中京6	晴	7	3歳以上1勝クラス		16	2	4	60.7	10.0	10	永島まな	51	芝2000		良	**	2:01.5	1.1	**	2-3-2-2	36.1-34.5	35.5	464(-11)			ヤングスカーレット		202407030607
2021105563	2024-11-14	園田	晴	7	C2二		8	3	3	3.1	2.0	2	新庄海誠	51	ダ1400		良	**	1:30.8	1.4	**	2-2-2-2		40.2	465(+1)			スターウッドテール	24.5	202450111407
2021105563	2024-12-05	園田	晴	5	有年7ハロンC2二		12	7	9	1.2	1.0	1	新庄海誠	51	ダ1400		良	**	1:33.5	-0.4	**	3-3-1-1		41.2	460(-5)			(サニイアール)	70.0	202450120505
2021105563	2024-12-31	園田	曇	7	C2一		10	3	3	1.7	1.0	5	新庄海誠	53	ダ1400		良	**	1:35.1	0.6	**	4-4-4-4		40.3	464(+4)			ハングタイム	7.0	202450123107
2021105563	2025-02-11	姫路	晴	8	C2一		10	6	6	5.8	3.0	3	新庄海誠	52	ダ1400		良	**	1:34.2	0.9	**	4-4-3-3		40.6	458(-6)			ステイチューンド	14.0	202551021108
2021105563	2025-03-05	姫路	曇	8	C2一		9	4	4	5.8	3.0	4	下原理	54	ダ1400		不	**	1:34.2	0.5	**	2-2-2-2		40.1	465(+7)			キュールエスグリ	10.5	202551030508
2021105563	2025-03-26	園田	晴	7	C2		12	1	1	2.6	1.0	2	下原理	54	ダ1230		良	**	1:20.9	0.4	**	7-7-6-4		40.1	464(-1)			ポッドヘイロー	24.5	202550032607
2021105563	2025-04-15	園田	曇	12	モクレン賞C2		12	8	11	3.9	2.0	12	下原理	55	ダ1230		稍	**	1:26.3	4.3	**	4-4-4-8		44.7	462(-2)			アイアンムーン		202550041512
2021105563	2025-06-05	園田	晴	8	C2		12	6	7	4.2	2.0	1	下原理	55	ダ1230		稍	**	1:21.7	-0.1	**	5-5-3-1		40.6	457(-5)			(レッドアクトゥール)	70.0	202550060508
2021105563	2025-09-17	園田	曇	5	阿弥陀町生石スプ(C3)		12	4	4	2.1	1.0	1	鴨宮祥行	56	ダ1230		良	**	1:20.0	-1.6	**	1-1-1-1		39.1	469(+12)			(アングラー)	60.0	202550091705
2021105563	2025-11-15	3福島3	晴	12	3歳以上1勝クラス		16	4	7	21.3	9.0	8	舟山瑠泉	53	芝1200		良	**	1:09.6	0.4	**	9-8	33.5-35.7	35.4	464(-5)			マリノトニトゥルス		202503030312
2021105563	2025-12-06	5阪神1	晴	12	3歳以上1勝クラス		15	7	12	129.5	14.0	15	田口貫太	56	芝1600		良	**	1:35.5	1.0	**	3-3	36.9-33.6	34.5	460(-4)			マイエレメント		202509050112
2021105563	2025-12-28	5阪神8	晴	7	3歳以上1勝クラス		16	3	5	112.4	12.0	15	田口貫太	56	ダ1400		良	**	1:27.1	3.2	**	9-9	34.3-37.3	39.5	460(0)			ニューオーリンズ		202509050807
2021105857	2023-10-22	2京都7	晴	4	2歳新馬		12	5	5	2.8	1.0	4	ルメール	55	ダ1200		良	**	1:13.7	1.1	**	6-5	36.1-36.5	36.8	466(0)			ミライテーラー	110.0	202308020704
2021105857	2023-12-16	5阪神5	曇	1	2歳未勝利		16	2	4	6.2	3.0	7	坂井瑠星	55	ダ1400		稍	**	1:27.2	1.1	**	10-8	34.6-39.0	39.0	468(+2)			クリノオリーブ		202309050501
2021105857	2024-01-14	1京都5	晴	1	3歳未勝利		12	5	5	7.7	3.0	3	ルメート	55	ダ1800		良	**	1:55.7	0.1	**	9-9-9-8	36.8-39.4	38.3	462(-6)			クラヴィコード	140.0	202408010501
2021105857	2024-02-04	2京都4	曇	1	3歳未勝利		7	6	6	2.7	2.0	3	ルメート	55	ダ1800		良	**	1:56.1	0.6	**	6-6-5-6	36.8-39.3	39.3	464(+2)			グレイトフルペイン	140.0	202408020401
2021105857	2024-05-04	1新潟3	晴	2	3歳未勝利		15	7	13	3.6	2.0	3	佐々木大	54	ダ1800		良	**	1:55.6	0.6	**	6-7-5-5	37.0-38.1	38.1	470(+6)			ピカレスクノベル	140.0	202404010302
2021105857	2024-05-18	1新潟7	晴	2	3歳未勝利		15	7	13	3.2	1.0	4	小林美駒	51	ダ1800		良	**	1:55.8	1.0	**	15-15-12-12	37.0-39.8	38.2	472(+2)			アパイシュナール	83.0	202404010702
2021105857	2024-06-02	4京都2	曇	2	3歳未勝利		16	7	14	3.0	1.0	3	吉村誠之	52	ダ1800		稍	**	1:54.7	0.3	**	6-6-7-4	36.0-39.9	39.5	470(-2)			ウェイトゥゴー	140.0	202408040202
2021105857	2024-06-15	4京都5	晴	2	3歳未勝利		16	1	2	2.4	1.0	1	坂井瑠星	55	ダ1800		良	**	1:54.8	-0.1	**	4-4-3-3	37.2-38.7	38.4	466(-4)			(ビターメサイア)	550.0	202408040502
2021105857	2024-08-25	2中京6	曇	7	3歳以上1勝クラス		14	5	7	17.7	7.0	8	吉村誠之	50	ダ1900		良	**	2:01.5	1.9	**	4-4-4-4	30.0-39.1	40.2	478(+12)			カズタンジャー		202407020607
2021105857	2024-09-08	3中京2	晴	6	3歳以上1勝クラス		10	7	7	13.4	3.0	6	戸崎圭太	53	ダ1800		良	**	1:54.0	2.8	**	4-4-4-4	36.7-36.7	39.1	476(-2)			ダブルハートボンド		202407030206
2021105857	2024-09-28	3中京8	曇	7	3歳以上1勝クラス		14	3	4	113.5	11.0	11	横山武史	53	芝2200		良	**	2:14.0	1.6	**	3-4-5-6	34.4-36.4	37.3	474(-2)			シャイニングソード		202407030807
2021105857	2025-01-05	1中京1	晴	6	4歳以上1勝クラス		16	1	1	59.1	9.0	5	ルメート	55	ダ1800		良	**	1:54.4	1.4	**	6-6-8-8	38.0-36.4	37.1	488(+14)			サクソンジェンヌ	80.0	202507010106
2021105857	2025-01-26	1中京9	晴	8	4歳以上1勝クラス		13	2	2	15.3	5.0	3	Ｍ．デム	55	ダ1800		良	**	1:54.4	0.8	**	5-6-6-6	37.8-37.4	37.7	484(-4)			パルクリチュード	200.0	202507010908
2021105857	2025-02-15	1小倉7	曇	7	4歳以上1勝クラス		11	6	6	4.6	3.0	2	吉田隼人	55	ダ1700		良	**	1:46.5	0.0	**	6-6-6-4	30.5-38.5	37.8	482(-2)			ウェイトゥゴー	320.0	202510010707
2021105857	2025-04-27	2京都2	晴	8	4歳以上1勝クラス		12	5	5	3.7	2.0	4	Ｍ．デム	56	ダ1800		良	**	1:53.9	1.0	**	6-6-5-4	36.3-38.4	38.6	488(+6)			メイショウオオコ	120.0	202508020208
2021105857	2025-06-28	2小倉1	晴	8	3歳以上1勝クラス		15	5	10	7.8	5.0	8	浜中俊	56	ダ1700		良	**	1:46.5	1.7	**	15-15-14-13	29.1-37.4	37.1	492(+4)			レイナデアルシーラ		202510020108
2021105857	2025-08-30	4中京3	晴	7	3歳以上1勝クラス		10	2	2	14.7	4.0	4	松山弘平	56	ダ1800		良	**	1:55.0	1.5	**	7-7-9-9	38.7-37.1	36.8	494(+2)			オーケアニス	120.0	202507040307
2021105857	2025-09-15	4阪神5	晴	7	3歳以上1勝クラス		13	4	4	12.1	5.0	9	武豊	56	ダ1800		良	**	1:55.8	2.1	**	8-8-9-8	37.2-37.6	39.0	496(+2)			レイバックスピン		202509040507
2021105857	2025-11-22	4京都5	晴	7	3歳以上1勝クラス		16	3	5	37.2	9.0	10	ルメール	56	ダ1800		良	**	1:54.5	1.6	**	13-13-12-11	38.2-37.3	37.7	494(-2)			ヴァンアグレアブル		202508040507
2021105931	2024-01-06	1京都1	晴	4	3歳新馬		16	5	10	11.5	6.0	6	岩田康誠	57	ダ1800		良	**	1:57.8	0.7	**	9-9-11-8	38.8-37.5	37.7	464(0)			テーオーパスワード		202408010104
2021105931	2024-02-24	1阪神1	曇	2	3歳未勝利		11	6	7	5.3	4.0	1	岩田康誠	57	ダ1800		稍	**	1:55.5	-0.2	**	4-4-4-4	36.8-39.7	39.3	458(-6)			(シグネチャーセント)	550.0	202409010102
2021105931	2024-05-19	3京都10	小雨	6	3歳1勝クラス		12	2	2	56.3	11.0	3	菱田裕二	57	ダ1800		良	**	1:53.1	0.5	**	9-9-7-4	35.9-37.7	37.4	452(-6)			デトネイション	200.0	202408031006
2021105931	2024-06-09	4京都4	曇	7	3歳以上1勝クラス		16	5	10	5.4	2.0	2	岩田康誠	55	ダ1800		稍	**	1:53.2	0.2	**	3-3-3-2	36.3-38.0	37.9	452(0)			レアンダー	320.0	202408040407
2021105931	2025-02-09	1京都4	晴	7	4歳以上1勝クラス		10	6	7	1.8	1.0	1	岩田康誠	57	ダ1800		稍	**	1:54.6	0.0	**	2-2-2-2	37.4-37.9	37.7	456(+4)			(インジケーター)	800.0	202508010407
2021105931	2025-03-09	1阪神4	晴	8	4歳以上2勝クラス		12	5	5	9.2	6.0	11	岩田康誠	58	ダ1800		良	**	1:57.3	1.2	**	3-4-5-6	39.0-38.1	38.8	456(0)			キャピタルサックス		202509010408
2021105931	2025-06-01	2京都12	晴	9	與杼特別(2勝クラス)		14	3	4	12.0	5.0	6	岩田康誠	58	ダ1800		良	**	1:52.3	0.5	**	11-10-7-8	35.5-38.3	38.1	456(0)			メイショウソウタ		202508021209
2021105931	2025-07-05	2小倉3	晴	10	TAインディア賞(2勝クラス)		11	6	6	14.5	3.0	3	岩田康誠	58	ダ1700		良	**	1:47.2	0.6	**	7-7-4-4	30.6-37.2	37.5	450(-6)			メイショウズイウン	393.7	202510020310
2021105931	2025-11-15	3福島3	晴	10	西郷特別(2勝クラス)		15	2	3	17.1	7.0	4	斎藤新	56	ダ1700		良	**	1:46.7	0.8	**	4-4-4-4	30.8-37.1	37.5	454(+4)			テーオールビー	230.0	202503030310
2021105931	2025-12-07	5阪神2	晴	9	豊中特別(2勝クラス)		13	8	13	15.1	5.0	6	北村友一	58	ダ1800		良	**	1:52.5	0.4	**	8-8-7-6	35.8-39.0	38.1	456(+2)			タマモキャリコ		202509050209
2021105931	2026-01-25	1小倉2	晴	10	響灘特別(2勝クラス)		16	2	4	16.4	8.0	2	国分恭介	58	ダ1700		良	**	1:45.8	0.0	**	7-7-8-5	30.9-36.9	36.3	458(+2)			アイウィル	640.4	202610010210
2021106419	2024-06-09	3東京4	曇	1	3歳未勝利		16	8	15	106.1	13.0	8	土田真翔	52	ダ1600		良	**	1:39.2	0.5	**	11-10	35.3-37.7	37.4	512(0)			カーリングホリデー		202405030401
2021106419	2024-06-30	1函館8	晴	2	3歳未勝利		14	1	1	15.4	6.0	9	土田真翔	52	ダ1700		良	**	1:48.4	1.2	**	8-8-10-9	29.0-39.5	39.7	508(-4)			プルーヴンウィナー		202402010802
2021106419	2024-07-07	1函館10	小雨	2	3歳未勝利		12	7	9	21.2	5.0	6	大野拓弥	55	ダ1700		重	**	1:46.7	1.4	**	8-10-9-9	29.6-38.7	38.9	504(-4)			ピクラリーダ		202402011002
2021106419	2024-08-03	1札幌5	晴	4	3歳未勝利		14	7	11	41.6	10.0	7	大野拓弥	55	ダ1700		良	**	1:48.5	2.0	**	12-10-8-7	30.8-38.4	39.1	512(+8)			サンカルミア		202401010504
2021106419	2024-09-17	金沢	曇	2	C216		11	6	7	5.0	3.0	5	葛山晃平	54	ダ1500		良	**	1:37.8	1.3	**	5-6-5-4		40.1	507(-5)			ベストリターナー	4.0	202446091702
2021106419	2024-09-30	金沢	晴	3	聡人・麻利衣結婚記念(C2)		8	3	3	2.7	1.0	2	栗原大河	54	ダ1500		良	**	1:37.9	0.6	**	3-2-2-2		40.0	511(+4)			イサチルイトムスビ	12.8	202446093003
2021106419	2024-10-13	金沢	晴	5	笑顔は一等賞!ハルウ(C2)		10	7	8	1.5	1.0	1	栗原大河	54	ダ1500		良	**	1:37.3	-0.5	**	3-3-1-1		38.3	509(-2)			(アリーエテルネ)	40.0	202446101305
2021106419	2024-10-27	金沢	晴	1	能登半島地震復興応援(C2)		8	4	4	5.4	3.0	4	栗原大河	54	ダ1500		良	**	1:37.5	0.8	**	2-2-2-1		40.1	501(-8)			チョボナイノ	4.8	202446102701
2021106419	2024-11-12	金沢	晴	3	C27		9	3	3	1.7	1.0	1	栗原大河	54	ダ1500		良	**	1:36.2	-0.6	**	1-1-1-1		38.1	501(0)			(グブリーサビタン)	40.0	202446111203
2021106419	2024-12-03	金沢	雨	1	能登半島地震復興応援(C1)		9	3	3	1.3	1.0	1	栗原大河	54	ダ1400		重	**	1:30.6	-0.7	**	4-4-4-3		37.9	507(+6)			(ランハルト)	42.0	202446120301
2021106419	2025-08-09	2新潟5	晴	9	3歳以上1勝クラス		14	7	11	119.5	12.0	9	土田真翔	53	ダ1800		良	**	1:55.2	2.1	**	9-9-10-8	36.7-38.6	39.6	524(+17)			コンアフェット		202504020509
2021106419	2025-09-06	4中山1	晴	8	3歳以上1勝クラス		7	3	3	130.7	7.0	7	土田真翔	53	ダ1800		稍	**	1:55.5	2.4	**	6-6-7-7	37.4-37.1	38.9	524(0)			ロフティーイデアル		202506040108
2021106419	2025-09-27	4中山8	晴	6	3歳以上1勝クラス		16	8	16	657.0	16.0	11	土田真翔	53	ダ1800		良	**	1:56.2	1.4	**	6-5-11-13	38.7-37.8	38.4	528(+4)			レディーフランシス		202506040806
2021106519	2024-01-21	1中山7	小雨	6	3歳新馬		17	5	9	4.1	1.0	6	田辺裕信	57	芝2000		不	**	2:08.7	0.8	**	1-1-1-2	38.3-37.8	38.6	430(0)			レッドテリオス		202406010706
2021106519	2024-05-19	1新潟8	晴	6	3歳未勝利		16	1	1	11.1	5.0	5	角田大河	56	芝1800		良	**	1:51.0	1.1	**	4-4	36.8-35.2	35.8	426(-4)			ケイツールピア	55.0	202404010806
2021106519	2024-06-09	3東京4	曇	6	3歳未勝利		18	6	12	25.8	6.0	9	菅原明良	57	芝1600		良	**	1:34.6	0.9	**	13-11	35.2-34.7	34.7	426(0)			レッドアトレーヴ		202405030406
2021106519	2024-07-21	2福島8	晴	7	3歳未勝利		16	6	12	22.4	7.0	14	原優介	56	芝2000		良	**	2:04.0	2.7	**	3-3-2-5	35.3-36.5	38.8	428(+2)			リアルセンター		202403020807
2021106519	2024-09-01	2札幌8	晴	3	3歳未勝利		14	5	7	48.4	11.0	11	大野拓弥	57	ダ1700		重	**	1:48.1	2.6	**	6-6-6-6	29.6-38.1	40.2	430(+2)			サンキャメロン		202401020803
2021106519	2024-11-13	園田	晴	5	日向スプリントC2二		12	3	3	6.0	3.0	1	井上幹太	56	ダ1230		良	**	1:22.0	-0.1	**	4-4-4-4		40.9	446(+16)			(オーネットレオ)	80.0	202450111305
2021106519	2024-12-11	園田	曇	12	C1		12	4	4	19.4	3.0	11	井上幹太	56	ダ1230		良	**	1:23.7	3.8	**	7-6-6-9		42.8	450(+4)			ディーエストッキー		202450121112
2021106519	2025-03-26	園田	晴	7	C2		12	5	6	7.9	3.0	5	井上幹太	56	ダ1230		良	**	1:21.4	0.9	**	6-5-3-3		40.9	440(-10)			ポッドヘイロー	7.0	202550032607
2021106519	2025-04-08	園田	曇	9	C2一		10	2	2	13.2	5.0	7	井上幹太	57	ダ1230		良	**	1:22.6	1.1	**	9-9-9-6		40.7	443(+3)			ブリリアドロ		202550040809
2021106519	2025-04-30	園田	晴	12	C2		12	8	11	5.3	4.0	2	小牧太	57	ダ1230		良	**	1:20.7	0.1	**	6-7-6-5		40.1	442(-1)			アコーダンス	32.0	202550043012
2021106519	2025-08-14	園田	晴	5	C3一		10	1	1	3.4	2.0	2	小牧太	57	ダ1400		良	**	1:33.9	0.2	**	5-5-3-1		41.2	447(+5)			ストロングジェット	24.0	202550081405
2021106519	2025-09-03	園田	晴	4	志知鈩7ハロンC3一		10	7	7	1.2	1.0	1	小牧太	57	ダ1400		良	**	1:33.9	-0.4	**	3-3-3-3		39.6	443(-4)			(ヴィオマージュ)	60.0	202550090304
2021106519	2025-09-17	園田	曇	7	C2二		9	1	1	3.0	2.0	4	小牧太	57	ダ1400		良	**	1:33.5	0.6	**	6-6-5-5		40.2	442(-1)			リュウノツカイ	10.5	202550091707
2021106519	2025-10-10	園田	晴	8	C2二		9	5	5	2.8	2.0	1	小牧太	57	ダ1400		良	**	1:32.8	-0.3	**	4-4-4-3		39.6	443(+1)			(パサデナドリーム)	70.0	202550101008
2021106519	2025-11-09	3福島2	曇	7	3歳以上1勝クラス		16	6	12	95.8	11.0	14	今村聖奈	56	芝1200		良	**	1:10.0	0.9	**	3-5	34.2-34.9	35.5	440(-3)			ホウオウブースター		202503030207
2021106519	2025-12-14	5中京4	曇	3	3歳以上1勝クラス		16	8	15	180.6	13.0	15	大久保友	55	ダ1200		稍	**	1:15.0	3.3	**	12-11	35.6-36.1	38.6	442(+2)			ドラゴンテイラー		202507050403
2021106782	2023-06-18	3東京6	晴	5	2歳新馬		13	8	13	53.6	9.0	2	石川裕紀	55	芝1600		良	**	1:34.8	0.3	**	2-2	36.1-34.3	34.4	460(0)			ボルケーノ	290.0	202305030605
2021106782	2023-07-02	2福島2	晴	1	2歳未勝利		7	3	3	2.4	2.0	1	石川裕紀	55	芝1800		良	**	1:50.0	-0.6	**	1-1-1-1	37.3-35.2	35.2	462(+2)			(ツキガキレイデスネ)	550.0	202303020201
2021106782	2023-12-02	5中山1	晴	9	葉牡丹賞(1勝クラス)		9	8	8	25.6	5.0	4	石川裕紀	56	芝2000		良	**	2:00.8	0.4	**	3-4-3-3	36.2-34.4	34.5	476(+14)			トロヴァトーレ	160.0	202306050109
2021106782	2024-01-14	1中山5	晴	11	京成杯(GIII)		14	6	10	47.0	10.0	3	石川裕紀	57	芝2000		良	**	2:00.6	0.1	**	2-2-2-2	35.6-34.8	34.8	482(+6)			ダノンデサイル	1007.6	202406010511
2021106782	2024-03-17	2中山8	晴	11	フジTVスプリングS(GII)		10	8	9	10.2	7.0	4	石川裕紀	57	芝1800		良	**	1:50.1	0.7	**	2-2-2-2	37.5-33.7	34.2	480(-2)			シックスペンス	675.0	202406020811
2021106782	2024-04-27	2東京3	曇	11	テレビ東京杯青葉賞(GII)		17	7	14	95.1	13.0	7	石川裕紀	57	芝2400		良	**	2:24.7	0.5	**	4-4-3-3	35.6-36.2	34.7	482(+2)			シュガークン		202405020311
2021106782	2024-08-03	1札幌5	晴	8	3歳以上1勝クラス		13	4	4	2.2	1.0	3	横山武史	55	芝1800		良	**	1:47.8	0.4	**	7-6-5-5	35.8-35.1	34.9	480(-2)			ホウオウプロサンゲ	200.0	202401010508
2021106782	2024-08-17	2札幌3	曇	10	富良野特別(1勝クラス)		12	5	6	2.9	1.0	1	横山武史	55	芝2000		良	**	2:00.6	-0.2	**	2-2-2-2	36.2-35.5	35.4	484(+4)			(マイネルオーシャン)	1140.1	202401020310
2021106782	2024-09-16	4中山5	曇	10	習志野特別(2勝クラス)		10	5	5	2.0	1.0	1	横山武史	55	芝2000		良	**	1:59.3	-0.3	**	2-2-2-2	36.0-35.5	34.8	486(+2)			(シュブリーム)	1573.8	202406040510
2021106782	2024-10-20	4東京6	晴	10	甲斐路S(3勝クラス)		8	4	4	2.6	2.0	3	横山武史	56	芝2000		良	**	2:00.8	0.3	**	1-1-1	37.4-33.9	34.2	490(+4)			トーセンリョウ	462.8	202405040610
2021106782	2024-11-24	5東京8	晴	11	アーモンドアイC(3勝クラス)		15	6	10	12.6	6.0	13	横山武史	56	芝2000		良	**	2:00.8	1.3	**	4-6-6	36.8-34.0	34.7	488(-2)			タッチウッド		202405050811
2021106782	2025-01-25	1中山8	晴	11	初富士S(3勝クラス)		17	3	6	3.4	2.0	1	キング	56	芝2000		良	**	2:00.7	0.0	**	3-3-1-1	36.8-35.6	35.6	488(0)			(ルクスビッグスター)	1877.1	202506010811
2021106782	2025-02-23	1小倉10	曇	11	小倉大賞典(GIII)		13	6	9	9.1	5.0	9	佐々木大	55	芝1800		良	**	1:46.8	0.7	**	3-3-3-3	35.9-36.2	35.3	494(+6)			ロングラン		202510011011
2021106782	2025-04-13	1福島2	雨	11	福島民報杯(L)		15	3	4	4.7	2.0	13	丹内祐次	57	芝2000		良	**	2:00.9	1.1	**	9-9-8-8	34.8-36.4	36.0	486(-8)			シリウスコルト		202503010211
2021106782	2025-11-15	4京都3	晴	10	アンドロメダS(L)		16	1	2	55.7	14.0	14	幸英明	57	芝2000		良	**	2:00.6	1.7	**	1-1-1-1	35.5-35.1	36.8	488(+2)			ウエストナウ		202508040310
2021106782	2025-12-21	5中山6	曇	11	ディセンバーS(L)		16	6	12	20.1	10.0	14	石川裕紀	57	芝1800		重	**	1:49.3	1.9	**	3-5-5-7	36.7-35.2	36.8	482(-6)			ドラゴンブースト		202506050611
2021107262	2023-10-29	4東京9	曇	4	2歳新馬		16	1	2	12.9	5.0	3	松山弘平	55	ダ1600		良	**	1:39.9	1.2	**	5-5	35.4-38.2	38.3	452(0)			アースイオス	180.0	202305040904
2021107262	2023-11-18	5東京5	晴	1	2歳未勝利		15	2	4	23.3	6.0	5	松山弘平	55	ダ1600		重	**	1:38.0	0.7	**	13-12	34.4-38.3	37.5	450(-2)			セントラルヴァレー	55.0	202305050501
2021107262	2024-01-27	1東京1	晴	3	3歳未勝利		14	2	2	6.1	4.0	3	横山武史	55	ダ1600		良	**	1:40.5	0.5	**	5-6	35.1-38.7	38.6	446(-4)			クォーツァイト	140.0	202405010103
2021107262	2024-02-17	1東京7	曇	3	3歳未勝利		16	5	10	14.8	5.0	6	小林勝太	52	ダ1600		良	**	1:40.2	2.2	**	9-8	35.2-38.1	38.6	444(-2)			ソレルビュレット		202405010703
2021107262	2024-03-09	2中山5	晴	1	3歳未勝利		14	7	12	5.5	3.0	3	横山武史	55	ダ1800		重	**	1:56.3	0.2	**	4-4-4-3	37.9-39.6	39.6	448(+4)			エンセリオ	140.0	202406020501
2021107262	2024-04-06	3中山5	曇	1	3歳未勝利		14	4	6	1.8	1.0	3	横山武史	55	ダ1800		稍	**	1:56.1	0.4	**	2-2-2-1	37.7-40.0	40.4	446(-2)			ショーヴァロンス	140.0	202406030501
2021107262	2024-05-04	2東京5	晴	1	3歳未勝利		16	4	7	2.9	1.0	3	横山武史	55	ダ1400		稍	**	1:25.6	0.3	**	9-9	35.6-37.5	36.9	448(+2)			ランタナヒルズ	140.0	202405020501
2021107262	2024-06-01	3東京1	晴	2	3歳未勝利		16	7	13	4.5	2.0	2	横山武史	55	ダ1400		重	**	1:24.4	0.3	**	8-4	35.5-36.2	36.1	454(+6)			アルプスオジョー	220.0	202405030102
2021107262	2024-08-17	2札幌3	曇	4	3歳未勝利		14	3	3	3.1	2.0	5	横山武史	55	ダ1700		良	**	1:48.3	1.7	**	7-8-7-7	30.6-39.0	39.5	450(-4)			サンダーアリュール	55.0	202401020304
2021107262	2024-09-01	2札幌8	晴	3	3歳未勝利		14	2	2	8.0	5.0	1	横山武史	55	ダ1700		重	**	1:45.5	-0.1	**	2-2-2-1	29.6-38.1	38.1	458(+8)			(ノーブルブランカ)	550.0	202401020803
2021107262	2024-11-03	5東京2	晴	7	3歳以上1勝クラス		16	7	14	6.4	3.0	7	田辺裕信	55	ダ1600		重	**	1:37.8	1.3	**	4-3	34.7-37.0	38.1	450(-8)			ベルブリエ		202405050207
2021107262	2024-12-07	5中山3	晴	8	3歳以上1勝クラス		16	2	4	28.9	6.0	12	長浜鴻緒	52	ダ1800		良	**	1:55.7	1.9	**	4-5-7-7	38.3-37.8	39.0	458(+8)			エッグスラット		202406050308
2021107262	2025-05-17	2東京7	曇	12	4歳以上1勝クラス		14	4	6	19.2	8.0	5	吉田豊	56	ダ1600		不	**	1:37.1	0.8	**	5-4	34.4-37.1	37.6	460(+2)			プチボヌール	80.0	202505020712
2021107262	2025-06-07	3東京1	晴	8	3歳以上1勝クラス		16	6	12	103.0	12.0	7	吉田豊	56	ダ1600		良	**	1:37.6	0.7	**	8-7	34.9-36.9	36.8	460(0)			バランスダンサー		202505030108
2021107262	2025-07-27	1札幌2	晴	7	3歳以上1勝クラス		13	6	8	13.5	6.0	1	松本大輝	55	ダ1700		不	**	1:44.1	-0.2	**	9-9-11-9	29.5-38.1	37.5	460(0)			(ルージュミラージュ)	800.0	202501010207
2021107262	2025-08-10	1札幌6	曇	12	Fビレッジ特別(2勝クラス)		14	5	8	45.5	11.0	8	松本大輝	52	ダ1700		良	**	1:45.7	1.8	**	8-10-10-10	29.3-37.5	38.3	466(+6)			イムホテプ		202501010612
2021107262	2025-11-15	3福島3	晴	10	西郷特別(2勝クラス)		15	7	12	96.8	14.0	7	松本大輝	52	ダ1700		良	**	1:47.4	1.5	**	4-4-4-5	30.8-37.1	38.3	460(-6)			テーオールビー		202503030310
2021110075	2023-12-17	5阪神6	晴	4	2歳新馬		12	7	9	2.8	1.0	4	ムルザバ	55	ダ1200		稍	**	1:14.6	0.4	**	9-8	36.0-38.2	37.4	504(0)			タガノヒナタ	110.0	202309050604
2021110075	2024-01-06	1京都1	晴	1	3歳未勝利		16	6	12	5.0	3.0	12	岩田望来	55	ダ1800		良	**	1:56.8	1.4	**	11-10-10-9	36.3-39.5	39.9	498(-6)			セレブレイトエール		202408010101
2021110075	2024-03-02	2小倉7	晴	3	3歳未勝利		14	5	8	9.0	4.0	5	吉村誠之	52	ダ1000		重	**	0:59.2	0.9	**	13-12	34.4-35.3	35.1	492(-6)			スパークルジョイ	55.0	202410020703
2021110075	2024-03-23	2阪神1	雨	3	3歳未勝利		16	6	11	28.6	5.0	10	吉村誠之	52	ダ1400		不	**	1:24.7	1.6	**	7-7	34.7-36.4	37.1	496(+4)			ルディック		202409020103
2021110075	2024-06-20	園田	曇	8	JRA交流笠形山特別		9	7	7	1.5	1.0	1	吉村誠之	51	ダ1400		稍	**	1:31.4	-0.1	**	2-2-1-2		40.0	504(+8)			(タガノアウル)	150.0	202450062008
2021110075	2024-07-07	3小倉4	晴	8	3歳以上1勝クラス		14	7	11	49.2	12.0	7	幸英明	53	ダ1000		良	**	0:58.6	0.7	**	7-7	33.2-35.9	35.5	498(-6)			プレヴィスト		202410030408
2021110075	2024-09-08	3中京2	晴	12	3歳以上1勝クラス		13	7	11	21.8	7.0	9	鮫島克駿	54	ダ1400		良	**	1:25.9	1.7	**	7-7	34.6-37.7	38.7	500(+2)			ストレングス		202407030212
2021110075	2024-09-14	3中京3	晴	12	3歳以上1勝クラス		15	8	14	41.4	12.0	10	吉村誠之	51	ダ1400		良	**	1:25.1	1.5	**	11-12	34.4-37.3	37.3	494(-6)			ラブコメディ		202407030312
2021110075	2024-10-20	4新潟6	晴	12	3歳以上1勝クラス		13	4	4	104.7	12.0	5	斎藤新	55	ダ1200		稍	**	1:12.4	0.9	**	5-5	34.6-36.9	37.2	496(+2)			ドゥータップ	80.0	202404040612
2021110075	2024-11-03	3福島2	晴	12	3歳以上1勝クラス		10	6	7	17.0	5.0	9	河原田菜	51	ダ1150		重	**	1:09.3	1.9	**	5-7	31.9-35.5	36.9	498(+2)			アメリカンマーチ		202403030212
2021110075	2025-02-02	1小倉4	曇	3	4歳以上1勝クラス		14	8	13	46.2	12.0	8	河原田菜	52	ダ1000		不	**	0:58.0	0.8	**	10-9	33.1-35.2	34.9	494(-4)			ジェイエルバルカー		202510010403
2021110075	2025-03-22	2中京3	晴	12	4歳以上1勝クラス		16	1	1	62.6	12.0	7	丸山元気	56	ダ1200		良	**	1:12.5	1.1	**	11-11	34.8-36.6	36.4	492(-2)			ヨシノヤッタルデー		202507020312
2021110075	2025-05-03	2東京3	晴	7	4歳以上1勝クラス		16	7	14	52.2	12.0	12	石橋脩	56	ダ1400		重	**	1:25.8	2.4	**	14-12	35.9-35.3	36.7	492(0)			モナコブル		202505020307
2021110075	2025-05-18	1新潟6	曇	12	4歳以上1勝クラス		15	1	1	63.0	13.0	8	石田拓郎	53	ダ1200		良	**	1:12.9	1.0	**	13-12	34.1-37.8	37.1	490(-2)			バンブトンプロ		202504010612
2021110075	2025-07-19	2福島7	晴	12	3歳以上1勝クラス		11	7	8	52.0	8.0	8	石田拓郎	53	ダ1150		良	**	1:10.3	0.5	**	8-8	32.7-37.1	36.5	502(+12)			グラスブランシュ		202503020712
2021110075	2025-07-26	2新潟1	晴	10	3歳以上1勝クラス		14	6	9	127.9	12.0	8	石田拓郎	53	ダ1200		良	**	1:12.7	1.1	**	12-12	34.4-37.2	36.8	504(+2)			ドナレア		202504020110
2021110075	2025-10-25	4新潟3	曇	9	稲光特別(1勝クラス)		18	8	18	13.7	7.0	12	丸山元気	56	芝1000		良	**	0:56.0	1.0	**	11	33.4-32.3	32.6	498(-6)			スペルキャスター		202504040309
2021110075	2025-11-09	3福島2	小雨	12	3歳以上1勝クラス		16	8	16	130.7	16.0	11	丸山元気	56	芝1200		良	**	1:10.3	1.2	**	15-14	33.8-35.3	35.2	500(+2)			バンディート		202503030212
2022100188	2024-10-05	5京都1	晴	4	2歳新馬		16	1	2	270.5	16.0	12	古川吉洋	55	ダ1400		稍	**	1:30.8	6.1	**	14-14	35.1-37.3	41.5	454(0)			ドラゴンウェルズ		202408050104
2022100188	2024-11-23	6京都7	曇	1	2歳未勝利		16	6	12	469.3	16.0	15	柴田裕一	52	ダ1400		良	**	1:30.2	3.1	**	14-15	35.3-39.0	40.0	454(0)			デュアルロール		202408060701
2022100188	2025-03-23	2中京4	晴	4	3歳未勝利		18	2	3	372.5	18.0	13	鷲頭虎太	52	芝1400		良	**	1:23.6	1.7	**	7-7	34.1-35.8	36.8	442(-12)			カシオペア		202507020404
2022100188	2025-05-20	金沢	晴	8	加賀九谷賞(未勝利)(3歳)		9	2	2	28.3	7.0	1	鷲頭虎太	52	ダ1500		良	**	1:36.4	-0.7	**	4-3-1-1		40.1	440(-2)			(マニーヒーロー)	85.0	202546052008
2022100188	2025-07-27	3中京2	晴	9	3歳以上1勝クラス		9	8	9	92.6	8.0	9	川端海翼	50	ダ1800		良	**	1:57.4	3.1	**	1-1-1-1	38.2-38.4	41.5	438(-2)			エターナルプロミス		202507030209
2022100188	2025-10-21	金沢	曇	11	加賀粟津賞(A2B1)		8	2	2	7.2	3.0	2	鷲頭虎太	51	ダ1500		良	**	1:35.6	0.1	**	1-1-1-1		40.3	451(+13)			ウェザーコック	32.0	202546102111
2022100188	2025-12-21	5中京6	小雨	2	3歳以上1勝クラス		16	8	15	54.4	8.0	7	鷲頭虎太	53	ダ1200		稍	**	1:13.5	1.0	**	4-6	35.7-36.8	37.5	460(+9)			スプランドゥール		202507050602
2022100439	2025-01-11	1中京3	晴	3	3歳新馬		16	4	8	21.8	8.0	5	今村聖奈	52	ダ1800		良	**	1:56.0	1.6	**	12-12-11-7	36.8-38.5	38.8	470(0)			リープアップ	62.0	202507010303
2022100439	2025-02-02	1京都2	曇	1	3歳未勝利		12	8	11	5.1	3.0	3	川又賢治	55	ダ1800		稍	**	1:56.0	0.4	**	8-8-4-4	37.1-40.0	39.5	472(+2)			デルマサクラサク	140.0	202508010201
2022100439	2025-03-09	1阪神4	晴	1	3歳未勝利		15	6	10	4.3	2.0	4	今村聖奈	52	ダ1800		良	**	1:56.8	1.2	**	7-7-8-7	38.5-37.7	38.3	468(-4)			ツキノアカリ	84.0	202509010401
2022100439	2025-03-23	1阪神8	晴	1	3歳未勝利		11	4	4	3.3	1.0	2	坂井瑠星	55	ダ1800		良	**	1:56.8	1.0	**	5-3-5-3	37.0-39.0	39.7	466(-2)			ヒメモモアスク	220.0	202509010801
2022100439	2025-05-18	2京都8	晴	2	3歳未勝利		12	4	5	2.8	1.0	1	岩田望来	55	ダ1800		重	**	1:52.2	-0.2	**	8-8-6-6	35.3-38.4	37.9	466(0)			(ベルシエル)	560.0	202508020802
2022100439	2025-05-31	2京都11	曇	9	鳳雛S(L)		9	8	8	26.8	6.0	3	岩田望来	55	ダ1800		良	**	1:54.2	0.4	**	7-8-7-5	37.8-36.8	36.5	470(+4)			ハグ	483.1	202508021109
2022100439	2025-07-13	2小倉6	曇	7	3歳以上1勝クラス		16	1	1	2.7	1.0	8	坂井瑠星	53	ダ1700		良	**	1:48.4	1.4	**	11-11-11-13	29.6-39.5	40.0	462(-8)			マキシマムビスタ		202510020607
2022100439	2025-07-26	3中京1	晴	8	遠州灘特別(2勝クラス)		7	7	7	5.7	2.0	2	坂井瑠星	53	ダ1800		良	**	1:54.5	0.2	**	3-3-2-3	38.9-37.9	38.0	464(+2)			パルクリチュード	624.4	202507030108
2022100439	2025-09-21	4阪神7	曇	8	3歳以上1勝クラス		13	1	1	1.7	1.0	6	坂井瑠星	53	ダ1800		良	**	1:56.0	0.4	**	4-4-6-6	38.0-37.8	37.8	470(+6)			フクキタテーラー		202509040708
2022100439	2025-10-13	3京都5	晴	4	3歳以上1勝クラス		13	8	12	3.1	1.0	6	坂井瑠星	54	ダ1800		良	**	1:54.1	1.9	**	4-5-5-6	37.0-37.5	38.9	478(+8)			プリンセッサ		202508030504
2022100439	2025-10-26	3京都9	曇	7	3歳以上1勝クラス		12	6	8	8.3	3.0	3	岩田望来	54	ダ1800		重	**	1:52.5	0.7	**	8-8-5-4	37.0-36.2	36.3	474(-4)			ステアハート	200.0	202508030907
2022100439	2025-12-06	5阪神1	晴	7	3歳以上1勝クラス		14	7	12	7.7	4.0	4	岩田望来	55	ダ1800		良	**	1:54.0	0.4	**	3-3-3-3	37.9-37.9	38.0	470(-4)			サンライズシュガー	120.0	202509050107
2022100439	2026-01-04	1京都1	曇	7	4歳以上1勝クラス		10	8	10	2.8	2.0	2	岩田望来	55	ダ1800		良	**	1:54.0	0.5	**	9-9-8-7	37.3-37.3	37.2	470(0)			クインズショコラ	330.0	202608010107
2022100439	2026-01-17	1京都6	晴	8	4歳以上1勝クラス		8	5	5	5.6	3.0	3	岩田望来	55	ダ1800		良	**	1:54.0	1.2	**	5-5-5-6	36.7-37.0	37.7	470(0)			ロカヒ	210.0	202608010608
2022100618	2024-09-28	4中山8	曇	6	2歳新馬		16	4	7	8.3	4.0	1	横山和生	55	ダ1200		良	**	1:12.2	-0.5	**	3-2	34.5-37.7	37.5	438(0)			(ベルエアキング)	720.0	202406040806
2022100618	2024-12-21	5中山7	晴	7	2歳1勝クラス		16	7	14	4.0	3.0	12	横山和生	55	ダ1200		良	**	1:14.2	2.9	**	2-3	34.6-36.7	39.4	450(+12)			カネショウレジェン		202406050707
2022100618	2025-03-23	2中山8	晴	8	3歳1勝クラス		15	6	10	56.9	10.0	8	田辺裕信	55	ダ1200		良	**	1:12.5	1.3	**	13-12	33.8-37.4	37.3	444(-6)			アスタールフナ		202506020808
2022100618	2025-06-08	3東京2	晴	7	3歳以上1勝クラス		16	8	15	84.5	12.0	14	横山武史	53	ダ1400		良	**	1:26.6	2.9	**	4-5	34.6-36.7	38.9	458(+14)			ルークススペイ		202505030207
2022100618	2025-11-01	4東京10	曇	6	3歳以上1勝クラス		15	8	15	102.9	12.0	11	横山和生	55	ダ1400		重	**	1:25.6	2.7	**	13-14	34.0-36.7	37.6	466(+8)			セギレエルビエント		202505041006
2022100618	2025-11-15	5東京3	晴	7	3歳以上1勝クラス		16	4	7	134.5	11.0	16	岩田康誠	55	ダ1400		良	**	1:29.3	4.6	**	3-5	36.1-36.8	40.5	464(-2)			エリカマユーリ		202505050307
2022100618	2026-01-25	1小倉2	晴	3	4歳以上1勝クラス		14	5	8	23.6	8.0	14	小林美駒	53	ダ1000		良	**	1:02.5	3.6	**	11-13	34.5-35.9	38.3	462(-2)			ララアヴリル		202610010203
2022100664	2024-10-26	5京都7	曇	4	2歳新馬		16	3	5	26.1	8.0	3	斎藤新	56	ダ1400		良	**	1:26.4	0.9	**	4-4	35.8-37.2	37.8	454(0)			ヴィリアリート	180.0	202408050704
2022100664	2024-11-30	7京都1	晴	2	2歳未勝利		13	7	11	4.9	3.0	2	松山弘平	56	ダ1400		稍	**	1:26.9	0.3	**	6-4	36.3-37.7	37.2	456(+2)			セディバン	220.0	202408070102
2022100664	2024-12-15	7京都6	晴	2	2歳未勝利		16	4	8	4.1	3.0	3	松山弘平	56	ダ1400		良	**	1:27.0	1.2	**	3-3	35.7-37.5	38.4	462(+6)			シホノペルフェット	140.0	202408070602
2022100664	2025-01-25	1小倉1	晴	1	3歳未勝利		12	8	11	2.1	1.0	1	永島まな	55	ダ1700		良	**	1:46.1	-0.6	**	2-2-2-2	31.4-37.1	37.0	452(-10)			(マンオブザマッチ)	560.0	202510010101
2022100664	2025-02-09	1京都4	晴	4	3歳1勝クラス		10	2	2	32.1	5.0	8	ルメート	57	ダ1800		稍	**	1:56.0	2.5	**	3-3-3-6	36.7-37.8	39.9	454(+2)			グランドプラージュ		202508010404
2022100664	2025-03-15	1阪神5	小雨	6	3歳1勝クラス		16	5	9	19.3	5.0	7	永島まな	55	ダ1400		良	**	1:26.0	0.9	**	16-14	34.9-37.9	36.9	450(-4)			ドンパッショーネ		202509010506
2022100664	2025-05-04	2京都4	晴	5	3歳1勝クラス		15	8	14	11.0	5.0	3	岩田望来	57	ダ1400		良	**	1:24.4	0.4	**	9-8	34.6-37.4	37.0	452(+2)			ダノンフィーゴ	200.0	202508020405
2022100664	2025-05-25	2東京10	曇	6	3歳1勝クラス		9	3	3	5.9	4.0	7	岩田望来	57	ダ1400		不	**	1:23.8	1.1	**	2-2	34.6-36.2	37.1	454(+2)			シホノペルフェット		202505021006
2022100664	2025-07-19	2小倉7	曇	12	3歳以上1勝クラス		16	3	6	8.6	4.0	1	永島まな	53	ダ1700		重	**	1:44.4	-0.3	**	1-1-1-1	30.4-36.1	36.1	458(+4)			(ダノンヴェステル)	800.0	202510020712
2022100664	2025-09-06	4阪神1	晴	9	出石特別(2勝クラス)		9	2	2	8.4	4.0	3	永島まな	55	ダ1800		稍	**	1:52.7	0.8	**	1-1-1-1	37.6-36.6	37.4	454(-4)			トリポリタニア	393.0	202509040109
2022100664	2025-09-20	4阪神6	曇	12	3歳以上2勝クラス		16	6	11	5.7	2.0	8	永島まな	53	ダ1800		良	**	1:54.0	1.9	**	1-1-1-1	37.3-37.9	39.8	456(+2)			カミノレアル		202509040612
2022100664	2025-11-09	3福島2	小雨	10	河北新報杯(2勝クラス)		15	3	5	9.2	4.0	15	永島まな	56	ダ1700		良	**	1:48.4	2.9	**	12-12-11-14	30.1-37.8	39.6	456(0)			アレナパラシオ		202503030210
2022100664	2025-11-23	4京都6	晴	8	3歳以上2勝クラス		14	3	3	46.0	7.0	8	松山弘平	56	ダ1800		良	**	1:53.4	1.2	**	1-1-1-1	37.6-36.1	37.3	458(+2)			モックモック		202508040608
2022100664	2026-01-25	1小倉2	晴	10	響灘特別(2勝クラス)		16	5	10	14.8	7.0	13	永島まな	57	ダ1700		良	**	1:47.3	1.5	**	3-3-3-3	30.9-36.9	38.2	456(-2)			アイウィル		202610010210
2022100736	2024-10-12	5京都3	晴	4	2歳新馬		16	4	8	30.5	8.0	7	中井裕二	56	ダ1800		良	**	1:56.0	1.0	**	7-7-7-7	36.7-39.6	39.7	486(0)			ドンインザムード		202408050304
2022100736	2024-10-27	5京都8	晴	2	2歳未勝利		13	4	5	40.5	9.0	2	中井裕二	56	ダ1800		良	**	1:54.6	0.9	**	1-1-1-1	37.3-39.1	40.0	484(-2)			コシュデリ	220.0	202408050802
2022100736	2024-11-17	6京都6	曇	2	2歳未勝利		12	1	1	3.4	2.0	2	中井裕二	56	ダ1800		良	**	1:54.0	0.4	**	1-1-1-1	36.8-37.6	37.9	486(+2)			チュウジョウ	220.0	202408060602
2022100736	2024-12-07	7京都3	晴	2	2歳未勝利		7	1	1	1.7	1.0	2	中井裕二	56	ダ1800		良	**	1:55.2	1.3	**	1-1-1-2	37.5-36.4	37.7	488(+2)			カナルビーグル	220.0	202408070302
2022100736	2025-03-22	2中京3	晴	6	3歳未勝利		12	6	8	1.4	1.0	1	中井裕二	57	ダ1800		良	**	1:55.0	-0.6	**	3-3-2-3	36.9-39.1	39.0	494(+6)			(シュヴァルノワール)	560.0	202507020306
2022100736	2025-04-12	2阪神5	晴	5	3歳1勝クラス		11	7	8	15.1	6.0	10	中井裕二	57	ダ1800		良	**	1:55.5	1.8	**	4-3-3-3	36.8-38.8	40.3	494(0)			ヒルノハンブルク		202509020505
2022100736	2025-04-26	2京都1	晴	7	3歳1勝クラス		12	6	8	83.9	12.0	8	中井裕二	57	ダ1800		良	**	1:54.0	1.3	**	9-10-10-9	35.9-38.3	38.6	492(-2)			ロードラビリンス		202508020107
2022100736	2025-10-05	3京都2	小雨	6	3歳以上1勝クラス		14	4	6	40.5	9.0	1	中井裕二	56	ダ1800		重	**	1:52.1	-0.1	**	2-2-1-1	36.7-36.7	36.7	492(0)			(エコロスパーダ)	800.0	202508030206
2022100736	2025-10-19	3京都7	曇	12	聚楽第特別(2勝クラス)		14	3	3	16.0	7.0	6	松山弘平	56	ダ1800		良	**	1:52.1	1.2	**	2-2-2-2	34.9-37.4	38.4	492(0)			テスティモーネ		202508030712
2022100736	2025-11-16	4京都4	晴	7	3歳以上2勝クラス		16	3	5	9.8	4.0	2	松山弘平	56	ダ1800		良	**	1:50.9	0.1	**	1-1-1-1	35.3-38.0	38.1	492(0)			ゴールデンクラウド	460.0	202508040407
2022100736	2025-12-13	5中京3	曇	10	鳴海特別(2勝クラス)		16	1	2	2.1	1.0	4	松山弘平	57	ダ1800		良	**	1:53.6	0.3	**	1-1-1-2	37.7-37.0	37.3	496(+4)			アラレタバシル	230.0	202507050310
2022101607	2025-01-11	1中京3	晴	3	3歳新馬		16	6	12	13.8	5.0	16	鮫島克駿	55	ダ1800		良	**	2:00.5	6.1	**	3-3-4-4	36.8-38.5	44.1	484(0)			リープアップ		202507010303
2022101607	2025-03-23	2中京4	晴	1	3歳未勝利		16	2	3	49.5	10.0	3	和田竜二	55	ダ1200		良	**	1:13.6	0.7	**	1-1	35.2-37.7	38.4	478(-6)			セレジェイラ	140.0	202507020401
2022101607	2025-04-06	2阪神4	晴	1	3歳未勝利		16	3	6	20.6	5.0	7	和田竜二	55	ダ1200		良	**	1:14.9	1.5	**	3-2	35.5-37.9	39.1	482(+4)			バシリス		202509020401
2022101607	2025-06-14	1函館1	晴	3	3歳未勝利		12	8	11	3.4	1.0	1	佐々木大	55	ダ1000		良	**	0:59.7	-0.3	**	1-1	35.4-36.4	36.4	484(+2)			(コッコラーレ)	560.0	202502010103
2022101607	2025-06-28	1函館5	晴	8	3歳以上1勝クラス		12	4	4	25.1	9.0	12	佐々木大	53	ダ1000		稍	**	0:59.8	1.3	**	4-5	34.0-35.9	36.8	490(+6)			サベージラヴ		202502010508
2022101607	2025-08-24	2札幌2	晴	7	3歳以上1勝クラス		11	8	11	4.6	2.0	2	舟山瑠泉	51	ダ1000		良	**	0:59.5	0.1	**	1-1	35.3-35.7	35.8	500(+10)			タミゼ	320.0	202501020207
2022101607	2025-11-08	3福島1	晴	8	3歳以上1勝クラス		16	8	16	18.1	6.0	6	舟山瑠泉	52	ダ1150		良	**	1:09.3	0.6	**	3-3	31.2-37.5	37.9	498(-2)			ジャスパーソレイユ		202503030108
2022101607	2025-12-07	5阪神2	晴	7	3歳以上1勝クラス		11	8	10	20.7	8.0	9	田山旺佑	52	ダ1200		良	**	1:14.2	1.6	**	1-2	34.8-37.8	39.4	490(-8)			モンテディアーナ		202509050207
2022101725	2024-10-13	5京都4	晴	5	2歳新馬		11	5	5	4.5	2.0	3	武豊	55	芝1800		良	**	1:49.7	0.3	**	3-3	36.7-35.2	35.3	454(0)			ロヴィーサ	180.0	202408050405
2022101725	2024-11-24	6京都8	曇	3	2歳未勝利		18	8	16	9.8	4.0	7	吉村誠之	53	芝1600		良	**	1:35.7	0.9	**	4-3	35.0-35.4	36.0	454(0)			ベイリークロア		202408060803
2022101725	2025-02-10	1京都3	晴	5	3歳未勝利		18	8	18	33.5	10.0	12	浜中俊	55	芝1600		良	**	1:38.0	1.7	**	15-12	36.3-34.6	35.1	452(-2)			インヴォーグ		202508010305
2022101725	2025-03-01	1阪神1	晴	5	3歳未勝利		18	5	10	112.8	11.0	13	浜中俊	55	芝1600		良	**	1:35.5	1.6	**	10-8	35.6-33.6	34.6	452(0)			ルクスジニア		202509010105
2022101725	2025-04-27	2京都2	晴	3	3歳未勝利		18	1	1	48.8	9.0	6	浜中俊	55	芝1600		良	**	1:34.9	0.6	**	14-13	34.6-35.9	35.0	456(+4)			シャインベック		202508020203
2022101725	2025-05-17	2京都7	雨	3	3歳未勝利		17	1	1	66.8	10.0	8	和田竜二	55	芝1600		不	**	1:37.5	1.5	**	9-9	36.2-35.3	36.1	452(-4)			スマートミストラル		202508020703
2022101725	2025-05-31	2京都11	曇	5	3歳未勝利		18	8	16	26.0	10.0	7	浜中俊	55	芝1800		良	**	1:47.9	1.2	**	3-3	35.4-34.6	35.6	450(-2)			オリバナム		202508021105
2022101725	2025-06-29	2小倉2	晴	2	3歳未勝利		17	2	4	12.7	4.0	5	角田大和	55	芝1200		良	**	1:09.2	1.0	**	10-9	33.5-34.7	34.9	454(+4)			ラインピクシー	56.0	202510020202
2022101725	2025-07-13	2小倉6	曇	2	3歳未勝利		18	3	5	9.8	4.0	12	松山弘平	55	芝1200		良	**	1:09.9	1.1	**	14-13	33.4-35.4	35.2	450(-4)			ノボリリア		202510020602
2022101725	2025-09-06	4阪神1	晴	4	3歳未勝利		18	4	8	196.5	15.0	14	川端海翼	52	芝1600		良	**	1:33.8	1.2	**	13-14	34.5-34.7	34.7	458(+8)			パスコード		202509040104
2022101725	2025-10-06	金沢	曇	2	C28		8	2	2	3.7	2.0	1	加藤翔馬	55	ダ1500		重	**	1:37.0	-1.5	**	1-1-1-1		38.8	477(+19)			(ノーブルジェネシス)	43.0	202546100602
2022101725	2025-10-25	金沢	曇	3	頑張ろう!金沢競馬北(C1)		8	3	3	1.0	1.0	1	魚住謙心	55	ダ1400		良	**	1:30.4	-1.1	**	1-1-1-1		37.4	474(-3)			(シェーンシュタット)	45.0	202546102503
2022101725	2025-12-07	5中京2	晴	8	3歳以上1勝クラス		18	5	10	130.4	13.0	16	河原田菜	51	芝1400		良	**	1:21.2	0.8	**	4-4	34.6-34.4	34.8	454(-20)			レーヴジーニアル		202507050208
2022101864	2024-09-28	4中山8	曇	5	2歳新馬		15	7	14			除	永野猛蔵	55	芝1600		良	**			**		35.9-35.6		484(0)			クレオズニードル		202406040805
2022101864	2025-01-19	1中山7	曇	5	3歳新馬		16	7	14	37.6	8.0	9	長浜鴻緒	52	芝1600		良	**	1:37.6	1.5	**	2-6-7	36.2-35.2	35.9	494(0)			ホウオウショコラ		202506010705
2022101864	2025-03-15	2中山5	晴	3	3歳未勝利		16	2	4	72.5	10.0	6	遠藤汰月	52	ダ1200		稍	**	1:13.2	1.1	**	5-6	34.4-37.7	38.4	490(-4)			ラストシャリナ		202506020503
2022101864	2025-05-03	2東京3	晴	1	3歳未勝利		16	4	8	13.9	6.0	4	遠藤汰月	52	ダ1400		不	**	1:24.5	0.8	**	4-3	35.9-35.6	36.1	490(0)			モーニングマジック	84.0	202505020301
2022101864	2025-06-15	3東京4	小雨	1	3歳未勝利		16	8	15	3.0	1.0	7	団野大成	55	ダ1400		重	**	1:24.7	0.4	**	6-6	34.8-37.3	37.3	490(0)			キカオクベシ		202505030401
2022101864	2025-08-02	2新潟3	晴	5	3歳未勝利		15	8	14	6.2	4.0	3	原優介	55	ダ1200		良	**	1:12.6	0.2	**	4-4	34.9-37.5	37.4	490(0)			ガールネクストドア	140.0	202504020305
2022101864	2025-08-24	3新潟2	晴	4	3歳未勝利		15	5	9	5.3	3.0	1	原優介	55	ダ1200		良	**	1:11.3	-0.6	**	2-2	34.6-36.7	36.6	488(-2)			(キタノライブリー)	560.0	202504030204
2022101864	2025-12-13	5中山3	曇	7	3歳以上1勝クラス		16	2	4	2.9	1.0	6	原優介	55	ダ1200		良	**	1:12.8	0.5	**	6-6	35.1-37.2	37.3	496(+8)			レイユール		202506050307
2022102196	2025-04-06	2阪神4	晴	4	3歳未勝利		14	7	11	14.8	7.0	8	田山旺佑	54	芝2400		良	**	2:28.0	1.4	**	11-11-14-13	36.2-35.5	35.2	510(0)			セイキュート		202509020404
2022102196	2025-04-19	2阪神7	晴	4	3歳未勝利		16	8	16	8.5	4.0	5	松山弘平	57	芝2200		良	**	2:14.8	1.1	**	8-8-4-2	34.8-35.6	36.5	502(-8)			ファーングロット	56.0	202509020704
2022102196	2025-05-03	2京都3	晴	4	3歳未勝利		16	6	11	2.4	1.0	1	坂井瑠星	57	ダ1900		重	**	1:59.8	-0.8	**	6-6-3-2	29.3-37.6	37.3	498(-4)			(ハイアップグレード)	560.0	202508020304
2022102196	2025-08-10	3中京6	曇	10	3歳以上1勝クラス		13	5	7	2.4	1.0	10	田山旺佑	52	ダ1900		良	**	2:03.3	2.4	**	8-8-9-9	30.9-38.3	39.2	516(+18)			メイケイロゼッタ		202507030610
2022102196	2025-09-14	4阪神4	曇	8	3歳以上1勝クラス		13	1	1	16.3	5.0	13	松山弘平	55	ダ2000		良	**	2:11.7	6.8	**	5-5-11-13	35.4-38.2	43.7	514(-2)			シャンパンポップ		202509040408
2022102196	2025-12-06	5阪神1	晴	7	3歳以上1勝クラス		14	6	10	76.5	11.0	1	加藤祥太	57	ダ1800		良	**	1:53.6	-0.1	**	2-2-2-2	37.9-37.9	37.7	518(+4)			(メイショウオグマ)	800.0	202509050107
2022102406	2025-01-18	1中京6	晴	3	3歳新馬		16	4	7	6.2	4.0	5	角田大和	55	ダ1400		良	**	1:28.1	1.3	**	2-2	35.8-38.4	39.7	440(0)			ベルギューン	62.0	202507010603
2022102406	2025-02-01	1京都1	晴	1	3歳未勝利		13	3	3	28.6	7.0	3	岩田望来	55	ダ1200		良	**	1:14.1	1.1	**	7-8	35.9-37.1	37.5	440(0)			ツーピース	140.0	202508010101
2022102406	2025-03-30	2中京6	晴	2	3歳未勝利		15	4	7	26.6	6.0	10	角田大和	55	ダ1200		稍	**	1:14.8	1.9	**	9-9	35.0-37.9	38.8	430(-10)			キュードス		202507020602
2022102406	2025-06-22	1函館4	曇	1	3歳未勝利		15	3	5	12.1	5.0	2	古川吉洋	55	芝1200		重	**	1:09.8	0.3	**	6-6	34.0-35.5	35.1	448(+18)			ベビーズブレス	220.0	202502010401
2022102406	2025-07-06	1函館8	曇	4	3歳未勝利		15	1	1	6.1	3.0	9	古川吉洋	55	芝1200		稍	**	1:10.7	1.1	**	1-1	33.9-35.7	36.8	450(+2)			ララバニュルス		202502010804
2022102406	2025-07-20	1函館12	晴	6	3歳未勝利		16	2	4	6.6	3.0	1	落合玄太	55	芝1200		良	**	1:08.4	-0.1	**	6-5	33.6-34.8	34.3	448(-2)			(アセンディア)	560.0	202502011206
2022102406	2025-08-17	1札幌8	雨	7	3歳以上1勝クラス		14	3	3	22.0	8.0	6	古川吉洋	53	芝1500		稍	**	1:30.6	0.7	**	7-9-7	30.1-35.6	35.7	446(-2)			ピコローズ		202501010807
2022102406	2025-12-13	5中京3	晴	12	3歳以上1勝クラス		18	2	4	7.0	4.0	10	藤岡佑介	55	芝1200		良	**	1:09.0	0.7	**	17-16	34.7-33.6	32.7	444(-2)			クイーンズデイ		202507050312
2022102465	2024-11-03	6京都2	晴	4	2歳新馬		14	6	10	13.3	5.0	14	松山弘平	55	芝1200		稍	**	1:15.5	5.1	**	11-14	36.0-34.4	37.7	452(0)			インブロリオ		202408060204
2022102465	2024-12-14	7京都5	曇	3	2歳未勝利		15	5	9	171.1	12.0	2	荻野琢真	55	芝1200		良	**	1:09.5	0.1	**	1-1	34.6-34.8	34.9	442(-10)			スピリットライズ	220.0	202408070503
2022102465	2025-01-12	1中京4	曇	3	3歳未勝利		16	1	1	11.6	6.0	5	荻野琢真	55	ダ1200		良	**	1:13.3	0.4	**	1-2	35.2-37.7	38.1	438(-4)			ヴェントインコーダ	56.0	202507010403
2022102465	2025-03-15	1阪神5	曇	2	3歳未勝利		16	2	4	5.1	1.0	11	荻野琢真	55	ダ1200		良	**	1:14.9	2.7	**	2-2	35.2-37.0	39.5	428(-10)			ゲッティヴィラ		202509010502
2022102465	2025-04-27	1福島6	晴	2	3歳未勝利		16	2	3	6.7	3.0	4	荻野琢真	55	芝1200		良	**	1:09.6	0.7	**	1-1	34.1-34.8	35.5	420(-8)			ユーティジャーニー	84.0	202503010602
2022102465	2025-05-18	2京都8	晴	3	3歳未勝利		16	2	3	14.8	6.0	1	荻野琢真	55	芝1200		稍	**	1:09.4	-0.1	**	1-1	34.2-35.2	35.2	434(+14)			(ブライアーヒル)	560.0	202508020803
2022102465	2025-09-07	4阪神2	晴	9	3歳以上1勝クラス		13	1	1	12.1	5.0	4	城戸義政	54	芝1200		良	**	1:09.1	0.7	**	1-1	33.7-34.7	35.4	430(-4)			ブラックケリー	120.0	202509040209
2022102465	2025-10-04	3京都1	曇	7	3歳以上1勝クラス		18	2	3	18.9	8.0	11	城戸義政	55	芝1200		重	**	1:08.7	0.7	**	2-3	32.7-35.3	35.5	428(-2)			ジャスパーディビネ		202508030107
2022102465	2025-11-16	3福島4	晴	7	3歳以上1勝クラス		16	8	16	28.8	11.0	12	今村聖奈	53	芝1200		良	**	1:10.1	1.1	**	2-2	33.5-35.5	36.5	426(-2)			モーデン		202503030407
2022102465	2026-01-31	1小倉3	晴	8	4歳以上1勝クラス		18	4	8	33.1	11.0	13	今村聖奈	54	芝1200		良	**	1:08.7	1.2	**	3-3	33.1-34.4	35.3	428(+2)			フォティック		202610010308
2022102905	2025-02-01	1京都1	曇	5	3歳新馬		16	6	11	5.9	4.0	6	Ｍ．デム	57	ダ1400		良	**	1:28.1	1.1	**	10-9	36.6-37.3	37.5	458(0)			ラブミーナッソー		202508010105
2022102905	2025-04-12	2阪神5	晴	2	3歳未勝利		16	5	10	15.5	6.0	2	北村友一	57	ダ1400		良	**	1:25.4	0.2	**	9-9	34.4-38.2	37.4	448(-10)			テーオーミリカン	220.0	202509020502
2022102905	2025-05-03	2京都3	晴	2	3歳未勝利		16	7	14	2.1	1.0	3	北村友一	57	ダ1400		重	**	1:24.1	0.5	**	6-7	34.9-36.7	36.4	450(+2)			ソリスクラヴィス	140.0	202508020302
2022102905	2025-05-25	2京都10	曇	1	3歳未勝利		16	3	5	2.1	1.0	3	武豊	57	ダ1400		不	**	1:23.6	0.2	**	2-2	34.9-36.5	36.6	448(-2)			テーオーライマン	140.0	202508021001
2022102905	2025-07-26	1札幌1	曇	3	3歳未勝利		14	7	12	2.0	1.0	1	北村友一	57	ダ1700		良	**	1:45.6	-0.3	**	1-1-1-1	29.6-38.5	38.5	452(+4)			(ジョードリウム)	560.0	202501010103
2022102905	2025-08-17	1札幌8	小雨	8	3歳以上1勝クラス		13	4	4	2.8	1.0	1	北村友一	55	ダ1700		稍	**	1:45.2	-0.1	**	3-3-3-2	30.2-37.7	37.4	460(+8)			(ホウオウバローロ)	800.0	202501010808
2022103255	2024-12-15	7京都6	晴	6	2歳新馬		16	6	12	4.7	2.0	4	武豊	56	ダ1800		良	**	1:55.7	0.9	**	5-5-3-3	36.6-38.3	38.9	494(0)			ショーダンサー	110.0	202408070606
2022103255	2025-01-11	1中京3	晴	1	3歳未勝利		16	5	9	3.7	1.0	11	武豊	57	ダ1800		良	**	1:56.5	2.7	**	5-5-3-5	36.2-38.9	41.2	486(-8)			エンマ		202507010301
2022103255	2025-03-15	2中京1	曇	4	3歳未勝利		15	2	2	7.7	2.0	4	角田大和	57	ダ1800		良	**	1:55.8	0.5	**	4-4-6-3	37.3-38.8	38.9	492(+6)			カミノレアル	84.0	202507020104
2022103255	2025-03-29	2中京5	曇	4	3歳未勝利		13	2	2	2.2	1.0	1	角田大和	57	ダ1800		稍	**	1:53.7	-0.1	**	3-2-2-2	36.9-38.7	38.5	496(+4)			(キタノチェンジ)	560.0	202507020504
2022103255	2025-04-12	2阪神5	晴	5	3歳1勝クラス		11	5	5	29.6	7.0	11	横山典弘	57	ダ1800		良	**	1:55.6	1.9	**	6-9-10-10	36.8-38.8	39.0	494(-2)			ヒルノハンブルク		202509020505
2022103255	2025-07-26	3中京1	晴	10	3歳以上1勝クラス		11	8	10	29.7	9.0	1	永島まな	53	ダ1800		良	**	1:53.5	-0.1	**	1-1-1-1	37.9-38.4	38.4	494(0)			(ポイントネモ)	800.0	202507030110
2022103255	2025-08-10	3中京6	曇	8	揖斐川特別(2勝クラス)		12	8	12	15.4	7.0	12	永島まな	55	ダ1800		良	**	1:56.3	3.7	**	1-2-2-2	37.3-37.5	41.2	492(-2)			タガノバビロン		202507030608
2022103255	2025-08-24	4中京2	晴	10	大府特別(2勝クラス)		16	2	3	30.1	10.0	15	永島まな	55	ダ1800		良	**	1:55.8	2.9	**	1-1-2-2	37.3-38.9	41.7	488(-4)			パカーラン		202507040210
2022103316	2024-07-13	2福島5	晴	6	2歳新馬		8	3	3	9.4	5.0	1	杉原誠人	55	芝1200		良	**	1:10.5	0.0	**	5-4	35.1-35.4	34.6	400(0)			(ルチアーナ)	720.0	202403020506
2022103316	2024-08-25	3新潟6	曇	11	新潟2歳S(GIII)		11	8	11	69.7	9.0	8	杉原誠人	55	芝1600		良	**	1:35.5	1.3	**	11-10	35.0-34.5	34.7	400(0)			トータルクラリティ		202404030611
2022103316	2024-09-07	4中山1	晴	9	アスター賞(1勝クラス)		8	4	4	12.5	4.0	2	杉原誠人	55	芝1600		良	**	1:33.8	0.2	**	3-3-4	35.3-34.5	34.4	394(-6)			ジャルディニエ	435.2	202406040109
2022103316	2024-11-02	5東京1	小雨	11	京王杯2歳S(GII)		14	1	1	104.9	11.0	9	杉原誠人	55	芝1400		稍	**	1:22.2	1.0	**	5-5	34.9-34.9	34.9	390(-4)			パンジャタワー		202405050111
2022103316	2024-11-17	5東京6	晴	8	赤松賞(1勝クラス)		7	6	6	22.0	6.0	6	丸田恭介	55	芝1600		良	**	1:35.1	1.2	**	6-6	36.2-34.0	34.6	388(-2)			マピュース		202405050608
2022103316	2025-01-12	1中山4	曇	11	フェアリーS(GIII)		16	1	2	72.8	13.0	5	丸田恭介	55	芝1600		良	**	1:33.9	1.1	**	11-10-9	34.1-35.5	35.3	388(0)			エリカエクスプレス	380.0	202506010411
2022103316	2025-03-15	2中山5	曇	11	アネモネS(L)		12	4	4	33.7	10.0	10	丸田恭介	55	芝1600		良	**	1:36.1	0.4	**	7-6-7	35.9-35.3	35.2	382(-6)			トワイライトシティ		202506020511
2022103316	2025-04-19	3中山7	晴	6	3歳1勝クラス		8	2	2	58.5	7.0	5	丸田恭介	55	芝1800		良	**	1:46.6	0.6	**	4-4-3-4	35.7-33.4	33.7	380(-2)			ノビリシマビジョン	80.0	202506030706
2022103316	2025-06-15	1函館2	曇	9	八雲特別(1勝クラス)		13	8	12	24.0	8.0	12	川端海翼	53	芝1800		良	**	1:48.2	1.6	**	12-10-4-7	35.8-35.4	36.7	388(+8)			マルカオペラ		202502010209
2022103316	2025-06-29	1函館6	晴	7	3歳以上1勝クラス		11	7	8	16.2	6.0	3	古川奈穂	50	芝1200		良	**	1:09.2	0.3	**	8-8	33.6-35.3	34.4	390(+2)			クリノハレルヤ	200.0	202502010607
2022103316	2025-07-19	1函館11	晴	7	3歳以上1勝クラス		16	4	8	21.5	8.0	10	古川奈穂	50	芝1200		良	**	1:09.3	1.1	**	14-13	33.8-34.4	34.2	394(+4)			エスペシャリー		202502011107
2022103316	2025-08-23	2札幌1	晴	7	3歳以上1勝クラス		14	5	8	37.6	8.0	8	古川奈穂	50	芝1500		稍	**	1:29.8	1.1	**	8-10-8	28.8-36.5	36.3	392(-2)			エフォートレス		202501020107
2022103316	2025-11-22	3福島5	晴	9	高湯温泉特別(1勝クラス)		16	4	8	89.7	13.0	11	菅原明良	54	芝1800		良	**	1:49.2	0.7	**	10-9-10-10	36.4-34.7	34.6	392(0)			バルナバ		202503030509
2022103316	2025-12-14	5中京4	晴	12	3歳以上1勝クラス		16	6	12	119.1	13.0	11	古川奈穂	52	芝1600		稍	**	1:36.3	0.7	**	14-13-13	36.1-34.9	34.4	388(-4)			ウインベアトリス		202507050412
2022103537	2024-11-10	3福島4	晴	6	2歳新馬		15	6	11	71.4	12.0	7	秋山稔樹	55	ダ1700		良	**	1:49.5	1.9	**	12-13-11-11	30.2-38.5	38.2	466(0)			ヒットミー		202403030406
2022103537	2024-12-21	5中山7	晴	2	2歳未勝利		16	8	15	87.2	10.0	15	丹内祐次	55	ダ1800		良	**	1:59.1	3.3	**	11-12-14-15	37.5-38.8	40.8	454(-12)			コンアフェット		202406050702
2022103537	2025-03-16	2中山6	雨	5	3歳未勝利		16	5	9	70.6	11.0	12	野中悠太	55	芝1600		重	**	1:41.1	4.3	**	8-11-13	35.6-37.1	40.2	448(-6)			キャトルエピス		202506020605
2022103537	2025-05-04	1新潟2	晴	5	3歳未勝利		16	5	10	105.7	11.0	7	秋山稔樹	55	芝2000		稍	**	2:04.2	1.3	**	10-11-9-11	36.8-36.3	36.7	446(-2)			キャピタルリッチ		202504010205
2022103537	2025-05-25	2東京10	曇	5	3歳未勝利		17	7	14	145.8	11.0	17	団野大成	55	芝1800		稍	**	1:52.1	3.6	**	11-14-16	36.9-34.6	36.2	448(+2)			コア		202505021005
2022103537	2025-07-08	盛岡	晴	9	アメジスト賞(3歳)		11	3	3	22.3	6.0	2	山本政聡	54	芝1700		良	**	1:45.0	0.2	**	9-9-9-6		35.1	452(+4)			バーケンヘッド	42.0	202535070809
2022103537	2025-08-10	1札幌6	晴	3	3歳未勝利		16	4	7	130.3	15.0	11	松本大輝	54	芝2000		良	**	2:02.4	1.4	**	5-5-5-10	35.8-35.1	36.1	450(-2)			アルディスティーノ		202501010603
2022103537	2025-08-30	3新潟3	晴	6	3歳未勝利		18	5	9	71.1	12.0	2	菊沢一樹	55	芝1800		良	**	1:47.5	0.0	**	15-15	35.5-34.9	33.4	456(+6)			キョウエイグッド	220.0	202504030306
2022103537	2025-09-14	4中山4	曇	7	3歳未勝利		18	8	18	27.8	9.0	9	菊沢一樹	55	芝2000		良	**	1:59.8	1.4	**	13-12-13-12	35.1-35.0	35.2	456(0)			シャンソンドール		202506040407
2022103537	2025-10-18	4新潟1	曇	7	3歳以上1勝クラス		18	1	1	50.3	12.0	4	菊沢一樹	54	芝1800		良	**	1:46.2	0.6	**	16-17	35.2-33.9	33.0	454(-2)			ソルトブリーズ	120.0	202504040107
2022103537	2025-10-25	4新潟3	晴	6	3歳以上1勝クラス		15	6	11	9.2	5.0	3	横山琉人	54	芝1800		良	**	1:46.8	0.2	**	15-15	36.0-33.8	33.2	454(0)			コンフォルツァ	200.0	202504040306
2022103537	2025-11-29	5東京7	曇	7	3歳以上1勝クラス		16	6	12	12.4	4.0	12	岩田望来	54	芝2400		良	**	2:25.5	2.0	**	14-15-16-15	35.4-35.9	35.6	456(+2)			サトノパトリオット		202505050707
2022103778	2024-10-06	4東京2	曇	3	2歳新馬		16	2	4	28.0	8.0	10	永野猛蔵	56	ダ1600		重	**	1:39.5	2.7	**	11-11	35.3-36.3	38.1	508(0)			マリブオレンジ		202405040203
2022103778	2024-10-20	4新潟6	晴	2	2歳未勝利		9	6	6	15.8	5.0	8	小林脩斗	54	ダ1800		稍	**	1:59.1	6.1	**	1-1-1-2	35.8-37.9	44.0	514(+6)			タガノマカシヤ		202404040602
2022103778	2025-02-15	1小倉7	晴	1	3歳未勝利		14	5	7	66.3	10.0	3	小林脩斗	55	ダ1700		良	**	1:48.3	0.7	**	3-3-3-3	30.3-38.6	39.0	502(-12)			ダイチラポール	140.0	202510010701
2022103778	2025-02-23	1小倉10	晴	1	3歳未勝利		10	7	7	14.9	6.0	5	小林脩斗	55	ダ1700		良	**	1:49.5	0.7	**	2-2-2-2	31.4-38.1	38.6	500(-2)			ゴールドダイアー	56.0	202510011001
2022103778	2025-03-15	2中山5	晴	2	3歳未勝利		16	6	12	28.3	6.0	4	丹内祐次	57	ダ1800		稍	**	1:56.1	0.0	**	2-2-1-1	38.2-39.8	39.8	504(+4)			ナムラジミー	84.0	202506020502
2022103778	2025-03-30	3中山2	曇	3	3歳未勝利		14	6	10	4.5	4.0	2	丹内祐次	57	ダ1800		稍	**	1:54.7	0.1	**	2-2-2-2	37.6-38.8	38.9	502(-2)			グレイスザクラウン	220.0	202506030203
2022103778	2025-04-20	3中山8	曇	3	3歳未勝利		12	7	10	1.8	1.0	2	丹内祐次	57	ダ1800		良	**	1:54.8	0.2	**	1-1-1-1	35.9-40.4	40.6	500(-2)			スマートカイロス	220.0	202506030803
2022103778	2025-06-15	1函館2	晴	2	3歳未勝利		14	8	14	2.2	1.0	1	丹内祐次	57	ダ1700		良	**	1:46.0	-0.5	**	1-1-1-1	29.9-38.6	38.6	512(+12)			(エポカリーナ)	560.0	202502010202
2022103778	2025-06-29	1函館6	晴	8	3歳以上1勝クラス		11	7	9	7.0	4.0	2	丹内祐次	55	ダ1700		良	**	1:45.3	0.2	**	6-5-5-2	28.5-40.2	39.4	514(+2)			チュウワクリスエス	320.0	202502010608
2022103778	2025-07-19	1函館11	晴	8	3歳以上1勝クラス		10	7	8	1.9	1.0	1	丹内祐次	55	ダ1700		良	**	1:45.7	-0.1	**	2-2-2-2	30.4-37.4	37.4	514(0)			(カペルブリュッケ)	800.0	202502011108
2022103778	2025-08-10	1札幌6	曇	12	Fビレッジ特別(2勝クラス)		14	7	11	10.7	3.0	3	丹内祐次	54	ダ1700		良	**	1:45.2	1.3	**	5-5-5-3	29.3-37.5	38.4	514(0)			イムホテプ	394.7	202501010612
2022103778	2025-11-15	3福島3	晴	10	西郷特別(2勝クラス)		15	6	10	5.0	3.0	5	丹内祐次	55	ダ1700		良	**	1:46.8	0.9	**	3-3-2-3	30.8-37.1	37.9	506(-8)			テーオールビー	155.0	202503030310
2022103778	2025-12-06	5中山1	晴	10	鹿島特別(2勝クラス)		12	8	11	7.7	4.0	7	丹内祐次	57	ダ1800		良	**	1:53.7	0.5	**	1-1-1-1	37.4-38.5	39.0	514(+8)			ブルータス		202506050110
2022103778	2026-01-25	1小倉2	晴	10	響灘特別(2勝クラス)		16	4	8	10.8	6.0	4	菊沢一樹	57	ダ1700		良	**	1:46.0	0.2	**	7-7-6-5	30.9-36.9	36.6	516(+2)			アイウィル	240.0	202610010210
2022103857	2025-01-11	1中山3	晴	4	3歳新馬		16	1	2	17.8	6.0	9	石神深道	52	ダ1200		稍	**	1:14.2	2.2	**	13-13	34.0-38.0	37.1	452(0)			ワンダーイロネ		202506010304
2022103857	2025-03-15	2中山5	晴	1	3歳未勝利		16	2	3	52.6	8.0	2	石神深道	52	ダ1200		稍	**	1:12.3	0.0	**	3-3	34.5-37.8	37.4	448(-4)			フクチャンヒメ	220.0	202506020501
2022103857	2025-04-06	3中山4	曇	2	3歳未勝利		16	8	16	1.4	1.0	1	石神深道	52	ダ1200		稍	**	1:12.6	-0.4	**	4-4	35.2-37.4	37.0	444(-4)			(グリーンエリクサー)	560.0	202506030402
2022103857	2025-05-25	2東京10	曇	6	3歳1勝クラス		9	1	1	37.4	8.0	5	石川裕紀	55	ダ1400		不	**	1:23.8	1.1	**	9-9	34.6-36.2	36.1	450(+6)			シホノペルフェット	80.0	202505021006
2022103857	2025-08-03	2新潟4	晴	10	3歳以上1勝クラス		15	6	10	5.0	2.0	10	石神深道	51	ダ1200		良	**	1:13.6	1.5	**	11-11	34.9-37.2	37.4	452(+2)			サマースイートピー		202504020410
2022103857	2025-09-27	4中山8	晴	8	3歳以上1勝クラス		16	4	8	21.8	9.0	6	石神深道	51	ダ1200		良	**	1:12.3	1.2	**	15-14	33.3-37.8	37.0	456(+4)			ショウナンハクウン		202506040808
2022103857	2025-12-28	5中山8	晴	7	3歳以上1勝クラス		16	4	7	9.2	6.0	5	石神深道	52	ダ1200		良	**	1:12.9	0.9	**	9-8	34.4-37.6	37.7	456(0)			タイセイルヴァン	80.0	202506050807
2022103857	2026-01-17	1中山6	晴	6	4歳以上1勝クラス		16	6	12	16.9	9.0	3	石神深道	53	ダ1200		良	**	1:12.0	0.1	**	8-8	34.3-37.6	37.1	452(-4)			メッエフアパラ	210.0	202606010606
2022103991	2024-12-01	7京都2	晴	5	2歳新馬		9	4	4	1.6	1.0	2	戸崎圭太	56	芝1400		良	**	1:22.9	0.4	**	2-2	36.0-34.4	34.8	470(0)			ランスオブカオス	290.0	202408070205
2022103991	2025-01-26	1小倉2	晴	2	3歳未勝利		17	2	4	2.1	1.0	3	藤岡佑介	57	芝1200		良	**	1:09.3	0.2	**	4-4	34.2-34.9	34.7	470(0)			フウセツ	140.0	202510010202
2022103991	2025-02-08	1小倉5	雪	6	3歳未勝利		18	3	6	2.8	1.0	1	藤岡佑介	57	芝1200		稍	**	1:09.9	-0.3	**	5-3	33.9-36.0	35.5	470(0)			(ロッキンミー)	560.0	202510010506
2022103991	2025-08-24	4中京2	晴	9	賢島特別(1勝クラス)		14	1	1	14.8	6.0	4	永島まな	55	芝1400		良	**	1:19.9	0.5	**	4-3	34.3-33.5	33.6	466(-4)			ホーリーブラッサム	170.0	202507040209
2022103991	2025-09-07	4阪神2	晴	9	3歳以上1勝クラス		13	7	10	2.2	1.0	3	岩田望来	56	芝1200		良	**	1:08.6	0.2	**	5-6	33.7-34.7	34.4	466(0)			ブラックケリー	200.0	202509040209
2022103991	2025-11-09	3福島2	小雨	12	3歳以上1勝クラス		16	4	7	2.7	1.0	2	丹内祐次	57	芝1200		良	**	1:09.4	0.3	**	3-3	33.8-35.3	35.3	468(+2)			バンディート	320.0	202503030212
2022103991	2025-11-24	3福島6	曇	8	3歳以上1勝クラス		16	8	15	4.1	1.0	3	丹内祐次	57	芝1200		良	**	1:08.9	0.2	**	4-5	33.9-34.8	34.6	464(-4)			バンブルビー	200.0	202503030608
2022103991	2026-01-10	1京都3	晴	7	4歳以上1勝クラス		15	4	7	3.8	1.0	6	岩田望来	58	ダ1200		良	**	1:13.1	0.6	**	4-5	35.8-36.7	36.8	472(+8)			ベンダバール		202608010307
2022104117	2024-09-14	3中京3	晴	5	2歳新馬		11	3	3	6.1	3.0	6	川田将雅	55	芝1400		良	**	1:22.6	0.4	**	10-9	36.1-34.3	33.9	470(0)			ナムラクララ		202407030305
2022104117	2024-11-30	7京都1	晴	2	2歳未勝利		13	3	3	6.0	4.0	13	ムーア	56	ダ1400		稍	**	1:29.4	2.8	**	11-11	36.3-37.7	38.6	480(+10)			セディバン		202408070102
2022104117	2024-12-15	7京都6	晴	3	2歳未勝利		14	5	7	31.0	6.0	14	岩田望来	56	ダ1800		良	**	1:59.1	4.0	**	3-3-3-4	37.2-37.7	41.4	476(-4)			サマーナイト		202408070603
2022104117	2025-03-15	1阪神5	曇	4	3歳未勝利		18	2	3	14.0	8.0	6	吉村誠之	55	芝1400		良	**	1:22.5	0.8	**	8-7	34.3-35.3	35.4	482(+6)			デアリングエア		202509010504
2022104117	2025-05-10	2京都5	曇	3	3歳未勝利		18	5	9	5.4	2.0	7	川田将雅	57	芝1400		稍	**	1:23.0	1.2	**	11-12	34.4-35.7	35.6	486(+4)			クイーンズデイ		202508020503
2022104117	2025-06-01	2京都12	曇	3	3歳未勝利		18	2	4	14.0	7.0	10	和田竜二	57	芝1600		良	**	1:35.7	1.2	**	3-3	34.4-35.8	36.8	484(-2)			コリカンチャ		202508021203
2022104117	2025-07-19	2小倉7	晴	4	3歳未勝利		16	7	13	13.7	6.0	1	和田竜二	57	芝1800		稍	**	1:50.9	-0.1	**	8-7-6-5	37.7-36.4	35.9	474(-10)			(エアビッグマム)	560.0	202510020704
2022104117	2025-08-10	2新潟6	雨	11	3歳以上1勝クラス		14	1	1	16.7	6.0	11	今村聖奈	53	芝2000		重	**	2:04.8	1.7	**	14-14	37.2-34.7	34.5	482(+8)			ズイウンゴサイ		202504020611
2022104117	2025-10-25	4新潟3	晴	6	3歳以上1勝クラス		15	1	1	59.3	11.0	7	大久保友	53	芝1800		良	**	1:47.4	0.8	**	4-4	36.0-33.8	34.3	482(0)			コンフォルツァ		202504040306
2022104117	2025-11-08	3福島1	晴	6	3歳以上1勝クラス		16	5	10	46.4	9.0	13	大久保友	53	芝1800		良	**	1:47.4	1.4	**	5-4-6-6	34.9-35.6	36.5	484(+2)			バセリーナ		202503030106
2022104164	2024-09-22	3中京7	小雨	5	2歳新馬		11	3	3	74.3	11.0	7	西村淳也	55	芝2000		良	**	2:06.0	1.7	**	4-5-7-6	39.4-34.2	35.2	416(0)			サトノシャイニング		202407030705
2022104164	2025-02-01	1小倉3	曇	2	3歳未勝利		15	6	10	105.7	12.0	9	永島まな	53	芝2000		良	**	2:04.8	1.0	**	9-11-10-11	37.6-35.1	35.5	406(-10)			トーセンリバーブ		202510010302
2022104164	2025-02-22	1京都7	晴	5	3歳未勝利		15	3	5	280.7	14.0	10	酒井学	55	芝2400		良	**	2:30.6	2.2	**	13-13-14-12	35.5-34.6	35.7	412(+6)			ロットブラータ		202508010705
2022104164	2025-03-15	2中京1	曇	5	3歳未勝利		18	4	7	277.3	15.0	5	秋山稔樹	55	芝2000		良	**	2:01.8	0.9	**	9-8-7-7	35.7-35.5	35.8	408(-4)			プレミアシップ	56.0	202507020105
2022104164	2025-04-27	2京都2	晴	5	3歳未勝利		14	3	3	33.5	10.0	5	幸英明	55	芝2000		良	**	2:00.4	0.9	**	10-10-6-7	35.6-34.9	35.1	410(+2)			ルージュスティーズ	56.0	202508020205
2022104164	2025-05-18	2京都8	晴	4	3歳未勝利		12	2	2	9.5	5.0	4	幸英明	55	芝2000		稍	**	2:02.7	1.7	**	12-12-11-12	37.0-35.4	35.7	416(+6)			キタサンハナビラ	84.0	202508020804
2022104164	2025-06-07	3阪神1	曇	6	3歳未勝利		13	8	13	45.8	8.0	7	幸英明	55	芝2000		良	**	2:02.2	1.1	**	10-11-10-9	36.3-35.3	35.4	414(-2)			サトノソティラス		202509030106
2022104164	2025-07-06	2小倉4	晴	4	3歳未勝利		18	5	10	46.4	9.0	12	秋山稔樹	55	芝2000		良	**	2:02.8	0.8	**	11-11-12-11	35.4-37.0	36.9	408(-6)			ダノンジャガー		202510020404
2022104164	2025-07-27	1札幌2	曇	4	3歳未勝利		9	4	4	11.5	4.0	4	小林美駒	52	芝2000		重	**	2:03.6	0.8	**	9-9-9-8	36.0-35.8	35.5	412(+4)			ヨヒーン	84.0	202501010204
2022104164	2025-08-10	1札幌6	晴	3	3歳未勝利		16	5	10	49.7	11.0	14	鮫島克駿	55	芝2000		良	**	2:03.0	2.0	**	14-14-14-14	35.8-35.1	35.9	416(+4)			アルディスティーノ		202501010603
2022104164	2025-08-30	2札幌3	小雨	6	3歳未勝利		16	4	7	62.7	11.0	5	川又賢治	55	芝2000		稍	**	2:04.6	0.7	**	13-13-12-9	35.6-38.8	37.5	418(+2)			スタードメイソン	56.0	202501020306
2022104164	2025-09-06	2札幌5	晴	4	3歳未勝利		16	3	5	101.8	13.0	8	鮫島克駿	55	芝2000		良	**	2:03.4	1.0	**	15-14-14-12	35.3-36.9	36.7	414(-4)			ラファヴォリット		202501020504
2022104164	2025-09-27	4阪神8	晴	7	3歳以上1勝クラス		16	8	16	474.5	14.0	14	菱田裕二	53	芝2200		良	**	2:14.6	1.0	**	14-13-12-13	35.4-35.2	35.1	412(-2)			アロンディ		202509040807
2022104164	2025-10-18	3京都6	曇	7	3歳以上1勝クラス		8	4	4	40.8	7.0	4	菱田裕二	54	芝2000		良	**	2:00.6	0.3	**	8-8-8-8	35.2-35.9	35.1	416(+4)			バガン	120.0	202508030607
2022104164	2025-11-08	4京都1	晴	12	3歳以上1勝クラス		14	6	10	82.4	13.0	12	菱田裕二	54	芝2000		良	**	2:02.1	1.2	**	14-14-14-14	36.7-34.4	34.3	420(+4)			ノーランサンライズ		202508040112
2022104164	2026-01-18	1京都7	晴	8	4歳以上1勝クラス		12	5	5	169.4	11.0	10	田口貫太	55	芝2400		良	**	2:28.2	1.6	**	7-7-10-10	36.7-36.0	36.4	422(+2)			オメガナビゲーター		202608010708
2022104370	2024-08-03	2新潟3	晴	3	2歳新馬		15	2	3	13.2	5.0	9	石橋脩	55	ダ1800		良	**	1:58.2	3.5	**	1-1-1-1	36.3-39.8	43.3	470(0)			シンビリーブ		202404020303
2022104370	2025-01-11	1中山3	晴	1	3歳未勝利		16	6	12	5.6	3.0	14	佐々木大	55	ダ1200		稍	**	1:15.1	2.6	**	1-2	33.9-38.6	41.2	460(-10)			エベリンテソーロ		202506010301
2022104370	2025-08-02	1札幌3	晴	2	3歳未勝利		12	8	11	7.8	4.0	1	小林美駒	52	ダ1000		良	**	0:59.0	-0.1	**	1-1	34.6-35.7	35.7	464(+4)			(ステラノヴァ)	560.0	202501010302
2022104370	2026-01-25	1小倉2	晴	3	4歳以上1勝クラス		14	1	1	13.6	6.0	5	石田拓郎	53	ダ1000		良	**	0:59.8	0.9	**	2-2	34.5-35.9	36.5	470(+6)			ララアヴリル	82.0	202610010203
2022104501	2024-08-17	2中京3	晴	5	2歳新馬		18	8	18	20.7	6.0	3	和田竜二	55	芝1400		良	**	1:22.2	0.2	**	1-1	34.8-35.3	35.5	446(0)			ラヴェンデル	180.0	202407020305
2022104501	2024-09-15	3中京4	曇	3	2歳未勝利		8	1	1	2.9	1.0	3	和田竜二	55	芝1200		稍	**	1:10.1	0.6	**	1-1	34.2-35.3	35.9	456(+10)			ハイファイスピード	140.0	202407030403
2022104501	2024-10-12	5京都3	晴	1	2歳未勝利		15	3	4	3.3	2.0	14	坂井瑠星	55	ダ1200		良	**	1:16.1	2.7	**	14-14	36.1-37.3	38.0	458(+2)			トゥインクルアップ		202408050301
2022104501	2024-11-30	4中京1	曇	4	2歳未勝利		17	6	11	13.3	5.0	10	藤岡佑介	55	芝1200		良	**	1:10.6	1.5	**	11-11	34.3-34.8	35.1	458(0)			タガノアンファン		202407040104
2022104501	2025-04-13	1福島2	曇	2	3歳未勝利		16	4	7	5.8	4.0	6	田口貫太	55	芝1200		良	**	1:10.5	1.1	**	10-10	34.2-35.2	35.5	454(-4)			アタリダイキチ		202503010202
2022104501	2025-04-26	2京都1	晴	3	3歳未勝利		18	6	12	27.9	9.0	7	和田竜二	55	芝1200		良	**	1:09.2	0.5	**	10-9	34.0-34.7	34.0	456(+2)			レディエンス		202508020103
2022104501	2025-06-15	3阪神4	曇	3	3歳未勝利		18	1	1	34.4	8.0	13	和田竜二	55	芝1400		重	**	1:23.9	1.9	**	1-1	34.2-36.1	38.0	458(+2)			ワンコールアウェイ		202509030403
2022104501	2025-07-20	2小倉8	晴	2	3歳未勝利		18	3	6	37.9	11.0	5	田口貫太	55	芝1200		良	**	1:09.4	0.4	**	4-3	32.9-36.1	36.0	452(-6)			ワインクーラー	56.0	202510020802
2022104501	2025-08-02	3中京3	晴	12	3歳未勝利		16	3	6	18.2	8.0	1	田口貫太	55	芝1200		良	**	1:07.7	-0.1	**	8-8	33.4-34.3	33.6	456(+4)			(ダノンプリマ)	560.0	202507030312
2022104501	2025-10-04	3京都1	曇	7	3歳以上1勝クラス		18	4	8	16.7	6.0	18	田口貫太	55	芝1200		重	**	1:09.4	1.4	**	14-14	32.7-35.3	34.6	468(+12)			ジャスパーディビネ		202508030107
2022104501	2025-12-20	5中京5	小雨	12	3歳以上1勝クラス		18	2	4	54.5	12.0	8	丸田恭介	55	芝1400		稍	**	1:21.2	0.4	**	6-5	33.4-36.0	35.4	470(+2)			ガンマジーティーピ		202507050512
2022104624	2024-11-10	6京都4	晴	5	2歳新馬		10	7	8	30.2	7.0	4	鮫島克駿	55	芝2000		良	**	2:02.4	1.5	**	7-7-6-6	37.5-34.8	35.8	408(0)			エコロディノス	110.0	202408060405
2022104624	2025-02-01	1小倉3	曇	2	3歳未勝利		15	3	5	14.5	7.0	6	川端海翼	52	芝2000		良	**	2:04.7	0.9	**	12-12-13-13	37.6-35.1	35.1	400(-8)			トーセンリバーブ		202510010302
2022104624	2025-04-20	1福島4	曇	6	3歳未勝利		15	2	3	11.1	6.0	3	舟山瑠泉	52	ダ1700		良	**	1:48.7	0.1	**	12-12-9-7	29.8-41.2	40.1	404(+4)			ブルーカミング	140.0	202503010406
2022104624	2025-05-11	2京都6	晴	3	3歳未勝利		18	4	8	25.6	10.0	3	森田誠也	52	芝2000		良	**	2:01.4	0.3	**	9-9-9-9	35.2-37.1	36.6	402(-2)			アラベラ	140.0	202508020603
2022104624	2025-07-05	1函館7	曇	3	3歳未勝利		13	4	5	13.6	6.0	3	森田誠也	52	芝2000		重	**	2:02.3	0.3	**	5-6-4-4	35.0-36.8	36.9	394(-8)			モルビド	140.0	202502010703
2022104624	2025-08-02	1札幌3	晴	4	3歳未勝利		16	4	8	7.7	4.0	3	キング	55	芝2000		良	**	1:59.9	0.4	**	6-6-5-2	34.8-35.9	36.0	390(-4)			ロパシック	140.0	202501010304
2022104624	2025-08-31	2札幌4	曇	4	3歳未勝利		16	1	1	1.9	1.0	2	横山武史	55	芝2000		稍	**	2:02.9	0.1	**	15-14-12-9	35.3-37.7	36.8	392(+2)			エオアリイ	220.0	202501020404
2022104624	2025-09-06	2札幌5	晴	4	3歳未勝利		16	5	10	3.7	1.0	4	横山武史	55	芝2000		良	**	2:02.6	0.2	**	14-14-5-4	35.3-36.9	36.6	390(-2)			ラファヴォリット	84.0	202501020504
2022104624	2025-12-14	5阪神4	晴	7	3歳以上1勝クラス		12	8	12	7.8	3.0	2	横山武史	55	ダ1800		良	**	1:54.7	0.1	**	6-6-4-2	37.6-38.3	38.0	396(+6)			マハナ	320.0	202509050407
2022104832	2024-08-31	3新潟7	曇	5	2歳新馬		7	6	6	1.4	1.0	1	ルメール	55	芝2000		良	**	2:08.4	0.0	**	2-2-2-2	39.6-35.2	35.2	492(0)			(キャピタルリッチ)	720.0	202404030705
2022104832	2024-11-30	5中山1	晴	9	葉牡丹賞(1勝クラス)		12	2	2	5.5	3.0	1	ビュイッ	56	芝2000		良	**	1:58.8	0.0	**	6-6-6-6	34.3-35.3	34.7	506(+14)			(ゲルチュタール)	1095.9	202406050109
2022104832	2025-03-09	2中山4	晴	11	報知弥生ディープ記念(GII)		14	3	3	4.5	2.0	2	ルメール	57	芝2000		稍	**	2:01.3	0.0	**	1-1-2-2	35.9-37.2	36.9	516(+10)			ファウストラーゼン	2228.0	202506020411
2022104832	2025-04-20	3中山8	曇	11	皐月賞(GI)		18	7	15	19.8	6.0	9	ルメール	57	芝2000		良	**	1:57.9	0.9	**	14-14-13-13	34.5-34.8	34.7	506(-10)			ミュージアムマイル		202506030811
2022104832	2025-08-10	2新潟6	雨	7	レパードS(GIII)		15	6	10	4.7	1.0	7	ルメール	57	ダ1800		不	**	1:51.5	1.0	**	9-11-10-9	35.8-36.9	37.0	514(+8)			ドンインザムード		202504020607
2022104832	2025-12-13	5中京3	晴	11	中日新聞杯(GIII)		18	7	15	14.1	6.0	9	杉原誠人	56	芝2000		良	**	1:58.3	0.7	**	3-3-3-3	35.1-34.1	34.5	502(-12)			シェイクユアハート		202507050311
2022104901	2024-07-28	2新潟2	曇	3	2歳新馬		9	2	2	6.6	3.0	2	戸崎圭太	55	芝1800		良	**	1:48.7	0.1	**	7-6	36.5-34.2	33.8	452(0)			ディアナザール	290.0	202404020203
2022104901	2024-09-07	3中京1	晴	3	2歳未勝利		5	2	2	2.7	2.0	1	坂井瑠星	55	芝2000		良	**	2:01.5	-0.3	**	1-1-1-1	37.1-34.4	34.4	456(+4)			(バズアップビート)	550.0	202407030103
2022104901	2024-09-28	4中山8	曇	9	芙蓉S(OP)		9	8	9	4.7	2.0	6	戸崎圭太	55	芝2000		良	**	2:03.5	0.7	**	1-1-1-1	36.3-35.3	36.0	442(-14)			ジェットマグナム		202406040809
2022104901	2025-01-12	1中山4	曇	11	フェアリーS(GIII)		16	5	9	14.8	8.0	12	北村宏司	55	芝1600		良	**	1:35.2	2.4	**	6-5-5	34.1-35.5	37.1	454(+12)			エリカエクスプレス		202506010411
2022104901	2025-04-05	2阪神3	晴	9	アザレア賞(1勝クラス)		9	8	9	23.8	7.0	9	北村友一	55	芝2400		良	**	2:31.9	7.1	**	2-1-2-3	35.3-36.0	42.9	454(0)			ダノンシーマ		202509020309
2022104901	2025-07-19	2小倉7	晴	8	3歳以上1勝クラス		10	7	8	10.1	5.0	6	吉村誠之	52	芝2000		良	**	2:04.3	1.8	**	1-1-1-1	35.9-36.5	38.3	454(0)			マトラコーニッシュ		202510020708
2022104901	2025-10-18	3京都6	曇	7	3歳以上1勝クラス		8	3	3	7.6	4.0	7	吉村誠之	53	芝2000		良	**	2:02.1	1.8	**	1-1-1-1	35.2-35.9	37.7	472(+18)			バガン		202508030607
2022104901	2025-12-14	5中京4	曇	6	3歳以上1勝クラス		18	3	6	25.7	9.0	17	小沢大仁	55	芝2000		稍	**	2:03.1	1.9	**	1-1-1-1	36.8-34.9	36.8	476(+4)			テンミラクルスター		202507050406
2022104959	2024-10-19	4東京5	晴	5	2歳新馬		13	4	4	1.3	1.0	1	ルメール	56	芝2000		良	**	2:02.4	-0.4	**	2-5-6	37.9-34.2	33.8	444(0)			(ウィッシュツリー)	720.0	202405040505
2022104959	2025-01-19	1中山7	小雨	11	京成杯(GIII)		14	6	9	3.1	1.0	4	ルメール	57	芝2000		良	**	2:00.1	0.2	**	3-3-3-1	35.0-36.8	36.5	448(+4)			ニシノエージェント	620.0	202506010711
2022104959	2025-03-29	2阪神1	曇	11	毎日杯(GIII)		9	1	1	4.6	3.0	8	坂井瑠星	57	芝1800		良	**	1:47.0	1.1	**	5-6	35.2-33.3	33.9	440(-8)			ファンダム		202509020111
2022104959	2025-06-08	3東京2	晴	8	3歳以上1勝クラス		18	1	2	1.9	1.0	1	ルメール	55	芝1600		良	**	1:33.5	-0.2	**	4-4	34.8-34.9	34.0	444(+4)			(マイネルフォルツァ)	800.0	202505030208
2022104959	2025-10-12	4東京4	曇	9	鷹巣山特別(2勝クラス)		16	2	3	2.7	1.0	12	ルメール	56	芝1600		良	**	1:32.8	0.8	**	11-13	34.5-34.5	33.5	452(+8)			アイサンサン		202505040409
2022104959	2025-11-16	5東京4	晴	8	3歳以上2勝クラス		13	4	5	9.4	4.0	1	プーシャ	56	芝1800		良	**	1:45.5	0.0	**	4-2-4	35.8-33.7	33.5	454(+2)			(マカナ)	800.0	202505050408
2022104959	2026-01-25	1小倉2	晴	11	壇之浦S(3勝クラス)		12	4	4	5.3	3.0	3	舟山瑠泉	57	芝1800		良	**	1:45.6	0.2	**	2-2-2-2	35.8-33.8	33.8	460(+6)			エラトー	474.1	202610010211
2022105217	2024-12-07	5中山3	晴	6	2歳新馬		12	7	10	13.2	5.0	5	大野拓弥	55	ダ1800		良	**	1:57.4	0.5	**	4-5-6-5	37.9-40.5	40.5	462(0)			タマモカンパネラ	72.0	202406050306
2022105217	2025-01-13	1中山5	晴	3	3歳未勝利		16	4	8	9.5	6.0	3	横山武史	55	ダ1800		良	**	1:57.3	1.5	**	2-2-2-2	37.1-40.1	41.5	460(-2)			キョウエイタイコ	140.0	202506010503
2022105217	2025-03-02	2中山2	晴	4	3歳未勝利		16	4	8	9.0	4.0	5	横山武史	55	ダ1800		良	**	1:57.1	1.2	**	3-4-5-6	37.6-39.4	39.9	452(-8)			シャンハイナイト	56.0	202506020204
2022105217	2025-07-19	2福島7	晴	2	3歳未勝利		15	3	5	5.3	3.0	1	田辺裕信	55	ダ1700		良	**	1:47.1	0.0	**	7-5-2-2	30.1-39.1	39.1	464(+12)			(プロメテドール)	560.0	202503020702
2022105217	2025-10-19	4新潟2	曇	6	3歳以上1勝クラス		15	1	1	71.4	13.0	15	小沢大仁	54	ダ1800		重	**	1:59.9	7.2	**	4-3-11-14	36.2-38.0	43.7	466(+2)			ケーヴァラ		202504040206
2022105217	2026-02-01	1小倉4	曇	7	4歳以上1勝クラス		15	6	11	76.9	13.0	14	松若風馬	55	ダ1700		良	**	1:48.5	1.8	**	2-3-4-6	30.1-38.2	39.6	460(-6)			キャットテイル		202610010407
2022105250	2025-01-26	1中京9	晴	5	3歳新馬		15	3	6	14.7	5.0	11	田中健	55	芝1600		良	**	1:39.4	2.6	**	9-10-12	37.0-35.4	36.4	510(0)			ラウルベア		202507010905
2022105250	2025-03-02	1阪神2	小雨	5	3歳未勝利		18	7	14	130.2	14.0	14	富田暁	55	芝1800		良	**	1:47.2	1.0	**	15-17	34.7-35.2	34.6	500(-10)			エバーグルーヴ		202509010205
2022105250	2025-03-29	2阪神1	晴	1	3歳未勝利		16	1	2	6.8	4.0	2	岩田望来	55	ダ1400		稍	**	1:26.5	0.5	**	6-5	35.0-38.7	38.6	496(-4)			リトルスカーレット	220.0	202509020101
2022105250	2025-04-26	2京都1	晴	1	3歳未勝利		16	8	16	10.2	2.0	7	岩田望来	55	ダ1400		良	**	1:25.6	1.1	**	6-6	34.7-37.6	37.9	502(+6)			アメリカンポリス		202508020101
2022105250	2025-07-19	2小倉7	晴	4	3歳未勝利		16	2	3	12.9	5.0	2	西塚洸二	54	芝1800		稍	**	1:51.0	0.1	**	3-3-4-3	37.7-36.4	36.2	506(+4)			レインオンミー	220.0	202510020704
2022105250	2025-08-10	3中京6	曇	9	3歳未勝利		14	2	2	5.7	3.0	3	西塚洸二	54	芝2000		良	**	2:02.0	0.1	**	3-3-3-3	36.6-34.2	34.0	506(0)			クラヴァンス	140.0	202507030609
2022105250	2025-08-31	4中京4	晴	3	3歳未勝利		18	1	1	5.3	3.0	5	西塚洸二	54	芝2000		良	**	1:59.8	0.7	**	4-6-5-6	35.7-34.7	34.8	514(+8)			メイショウアイル	56.0	202507040403
2022105250	2025-09-13	4阪神3	曇	7	3歳未勝利		18	3	5	19.8	10.0	2	武豊	55	芝1800		良	**	1:45.5	0.1	**	5-5	34.3-35.0	34.5	508(-6)			エンベッカ	220.0	202509040307
2022105250	2025-10-11	3京都3	曇	7	3歳以上1勝クラス		11	8	11	12.2	5.0	5	武豊	54	芝1800		良	**	1:45.1	0.5	**	8-7	34.8-34.7	34.7	510(+2)			アラベラ	80.0	202508030307
2022105250	2025-10-26	4新潟4	雨	4	3歳以上1勝クラス		16	1	2	11.3	5.0	2	西塚洸二	53	芝1800		稍	**	1:49.4	0.1	**	4-4	36.2-35.1	34.6	508(-2)			ラブリーリディア	320.0	202504040404
2022105250	2025-12-06	5中京1	晴	8	3歳以上1勝クラス		18	8	18	10.3	6.0	3	西塚洸二	54	芝2000		良	**	1:59.4	0.4	**	5-4-4-4	36.4-34.3	34.3	506(-2)			アオイタケル	200.0	202507050108
2022105279	2024-08-10	2札幌1	晴	5	2歳新馬		7	3	3	5.4	4.0	5	大野拓弥	55	芝1500		良	**	1:30.6	0.9	**	5-4-4	30.7-34.9	35.4	460(0)			クリノメイ	72.0	202401020105
2022105279	2024-08-25	2札幌6	晴	1	2歳未勝利		7	4	4	53.0	7.0	3	大野拓弥	55	芝1500		良	**	1:30.6	0.3	**	6-7-7	30.3-34.8	34.3	464(+4)			ウォーターエアリー	140.0	202401020601
2022105279	2024-10-26	4新潟7	晴	6	2歳未勝利		15	7	12	13.7	6.0	2	大野拓弥	55	芝1600		良	**	1:35.4	0.3	**	9-9	36.0-34.3	33.9	458(-6)			マイスターヴェルク	220.0	202404040706
2022105279	2024-11-17	5東京6	晴	2	2歳未勝利		17	5	9	4.4	2.0	11	大野拓弥	55	芝1800		良	**	1:47.5	1.6	**	4-3-3	35.3-34.5	35.7	466(+8)			ロートホルン		202405050602
2022105279	2025-02-09	1東京4	晴	6	3歳未勝利		16	2	4	5.5	3.0	1	キング	55	芝1600		良	**	1:35.1	0.0	**	3-3	35.6-34.5	34.1	466(0)			(フロウアンドライム)	560.0	202505010406
2022105279	2025-03-02	2中山2	晴	7	3歳1勝クラス		8	2	2	8.1	4.0	5	キング	55	芝1600		良	**	1:34.8	0.2	**	2-2-2	36.0-34.3	34.4	468(+2)			ストレイトトーカー	80.0	202506020207
2022105279	2025-04-27	2東京2	晴	6	3歳1勝クラス		9	8	8	13.6	4.0	3	大野拓弥	55	芝1600		良	**	1:32.6	0.4	**	7-7	34.6-34.6	34.2	464(-4)			アスクセクシーモア	200.0	202505020206
2022105279	2025-06-08	3東京2	晴	8	3歳以上1勝クラス		18	2	4	6.1	3.0	3	大野拓弥	53	芝1600		良	**	1:33.8	0.3	**	2-2	34.8-34.9	34.9	464(0)			キングノジョー	200.0	202505030208
2022105279	2025-07-27	2新潟2	晴	12	3歳以上1勝クラス		16	6	11	2.6	1.0	8	キング	53	芝1400		良	**	1:21.1	0.6	**	9-9	33.8-34.9	34.7	468(+4)			ガーネットウインク		202504020212
2022105279	2025-10-13	4東京5	曇	9	3歳以上1勝クラス		18	6	11	10.5	3.0	9	大野拓弥	54	芝1600		良	**	1:33.5	0.4	**	2-2	35.0-34.0	34.3	468(0)			ダノンセンチュリー		202505040509
2022105279	2025-12-20	5中京5	小雨	12	3歳以上1勝クラス		18	7	13	13.2	6.0	10	横山琉人	55	芝1400		稍	**	1:21.3	0.5	**	10-10	33.4-36.0	34.8	472(+4)			ガンマジーティーピ		202507050512
2022105346	2024-11-24	6京都8	曇	6	2歳新馬		12	5	5	8.1	4.0	6	岩田康誠	55	芝2000		良	**	2:03.5	1.7	**	7-7-7-9	36.9-34.9	35.8	468(0)			ネブラディスク		202408060806
2022105346	2025-01-12	1中京4	曇	6	3歳未勝利		18	8	16	58.9	10.0	1	西村淳也	55	芝2000		良	**	2:01.6	-0.9	**	2-2-2-2	35.7-36.9	36.8	462(-6)			(アイスモント)	560.0	202507010406
2022105346	2025-02-09	1東京4	晴	9	ゆりかもめ賞(1勝クラス)		11	8	11	10.4	6.0	6	戸崎圭太	55	芝2400		良	**	2:28.4	0.6	**	2-2-2-2	37.4-33.8	34.4	466(+4)			ウィクトルウェルス		202505010409
2022105346	2025-03-22	2中山7	晴	11	フラワーC(GIII)		16	6	11	14.4	5.0	1	戸崎圭太	55	芝1800		良	**	1:47.8	-0.4	**	2-2-2-1	35.5-35.4	35.4	464(-2)			(パラディレーヌ)	3856.7	202506020711
2022105346	2025-05-25	2東京10	曇	11	優駿牝馬(GI)		18	4	7	29.4	8.0	16	坂井瑠星	55	芝2400		良	**	2:27.3	1.6	**	2-3-3-3	34.8-34.7	36.0	460(-4)			カムニャック		202505021011
2022105346	2025-08-03	1札幌4	晴	11	クイーンS(GIII)		14	5	7	7.2	3.0	10	キング	53	芝1800		良	**	1:47.2	1.2	**	8-7-7-8	34.9-35.9	35.9	476(+16)			アルジーヌ		202501010411
2022105346	2025-10-19	3京都7	曇	11	秋華賞(GI)		18	2	4	78.0	15.0	17	藤岡佑介	55	芝2000		良	**	2:02.1	3.8	**	17-17-17-18	35.6-35.3	37.6	474(-2)			エンブロイダリー		202508030711
2022105392	2025-06-08	3阪神2	曇	6	3歳未勝利		18	8	16	20.9	8.0	11	北村友一	55	芝1800		良	**	1:47.9	1.4	**	16-12	34.8-34.8	34.6	400(0)			ジョワイユノエル		202509030206
2022105392	2025-07-27	1札幌2	曇	1	3歳未勝利		14	4	6	65.8	11.0	11	和田陽希	52	ダ1700		不	**	1:47.9	2.7	**	2-4-8-10	29.4-39.0	40.6	400(0)			メイショウハマギク		202501010201
2022105392	2025-08-30	2札幌3	小雨	6	3歳未勝利		16	1	2	108.3	13.0	1	和田陽希	52	芝2000		稍	**	2:03.9	-0.2	**	9-10-10-5	35.6-38.8	37.1	388(-12)			(マザーズウィル)	560.0	202501020306
2022105458	2024-11-09	3福島3	晴	5	2歳新馬		16	7	14	10.0	7.0	1	高杉吏麒	53	芝2000		良	**	2:04.7	0.0	**	6-7-6-4	36.7-36.4	35.9	434(0)			(シャンソンドール)	720.0	202403030305
2022105458	2025-02-10	1京都3	晴	10	エルフィンS(L)		9	3	3	87.0	8.0	8	高杉吏麒	55	芝1600		良	**	1:37.1	1.8	**	6-7	35.3-34.8	36.2	438(+4)			ヴーレヴー		202508010310
2022105458	2025-04-19	1福島3	晴	9	ひめさゆり賞(1勝クラス)		10	2	2	49.5	9.0	4	菊沢一樹	55	芝2000		良	**	1:59.6	0.8	**	6-6-6-7	35.4-35.9	35.4	428(-10)			デルアヴァー	170.0	202503010309
2022105458	2025-06-22	1函館4	曇	9	遊楽部特別(1勝クラス)		10	1	1	5.9	4.0	5	菊沢一樹	53	芝2000		重	**	2:02.7	0.5	**	5-5-5-6	36.4-35.5	35.6	438(+10)			レイピカケ	111.0	202502010409
2022105458	2025-07-13	1函館10	晴	7	3歳以上1勝クラス		14	6	10	20.4	7.0	12	佐々木大	53	芝1800		良	**	1:47.9	1.3	**	10-11-11-13	34.6-35.8	34.6	446(+8)			ロートホルン		202502011007
2022105458	2025-08-02	1札幌3	晴	8	3歳以上1勝クラス		11	2	2	37.7	9.0	11	小林美駒	50	ダ1700		良	**	1:47.6	2.2	**	10-9-5-5	30.0-38.1	39.8	436(-10)			リアライズカミオン		202501010308
2022105458	2025-11-24	3福島6	曇	12	3歳以上1勝クラス		16	5	9	22.2	9.0	13	西村淳也	54	芝2000		良	**	2:01.6	1.0	**	11-11-9-7	35.8-34.9	35.3	436(0)			イガッチ		202503030612
2022105559	2024-10-26	4東京7	曇	5	2歳新馬		12	6	8	16.3	5.0	1	横山武史	55	芝1600		良	**	1:36.5	-0.1	**	1-1	36.6-34.2	34.2	432(0)			(コムユンプリュム)	720.0	202405040705
2022105559	2025-01-18	1中山6	晴	9	菜の花賞(1勝クラス)		16	5	10	16.4	5.0	15	キング	55	芝1600		良	**	1:34.7	1.5	**	15-15-14	34.9-34.7	34.8	454(+22)			コムユンプリュム		202506010609
2022105559	2025-03-08	2中山3	曇	7	3歳1勝クラス		10	8	9	4.3	3.0	4	横山武史	55	芝1600		良	**	1:35.6	0.1	**	3-4-3	35.8-35.2	34.9	434(-20)			レーヴブリリアント	120.0	202506020307
2022105559	2025-05-03	2東京3	晴	5	3歳1勝クラス		9	3	3	9.7	4.0	9	横山武史	55	芝1400		良	**	1:22.3	1.1	**	2-2	35.7-33.3	34.1	432(-2)			ウイントワイライト		202505020305
2022105559	2025-06-28	1函館5	晴	7	3歳以上1勝クラス		16	6	11	47.5	12.0	13	鮫島克駿	53	芝1800		稍	**	1:49.0	2.2	**	13-14-15-15	34.8-35.7	36.8	440(+8)			マイスターヴェルク		202502010507
2022105559	2025-08-17	1札幌8	雨	7	3歳以上1勝クラス		14	6	10	138.1	14.0	14	松本大輝	52	芝1500		稍	**	1:32.1	2.2	**	8-10-12	30.1-35.6	37.1	444(+4)			ピコローズ		202501010807
2022105559	2025-10-18	4東京6	晴	7	3歳以上1勝クラス		17	2	4	286.5	17.0	15	長浜鴻緒	52	芝1400		良	**	1:21.9	1.8	**	13-15	34.8-33.9	34.0	430(-14)			ミクストベリーズ		202505040607
2022105559	2026-01-25	1小倉2	晴	9	八幡特別(1勝クラス)		16	2	3	153.9	15.0	15	松本大輝	56	芝1200		良	**	1:08.4	1.3	**	12-12	32.7-34.4	33.9	444(+14)			カウンターセブン		202610010209
2022105794	2024-07-13	3小倉5	曇	5	2歳新馬		7	7	7	20.3	5.0	6	永島まな	53	芝1800		良	**	1:54.1	3.1	**	7-6-6-6	38.7-35.2	37.4	440(0)			マジカルフェアリー		202410030505
2022105794	2024-11-24	6京都8	曇	2	2歳未勝利		13	7	10	28.3	8.0	12	永島まな	53	ダ1800		良	**	1:59.4	4.9	**	7-8-12-12	36.7-39.1	42.1	462(+22)			ゴッドエスパーダ		202408060802
2022105794	2024-12-15	7京都6	晴	1	2歳未勝利		13	7	10	368.8	12.0	8	川須栄彦	55	ダ1800		良	**	1:58.5	2.4	**	9-11-11-12	37.1-37.9	38.9	458(-4)			ドゥラリス		202408070601
2022105794	2025-04-19	2阪神7	晴	1	3歳未勝利		16	1	2	142.1	13.0	2	菱田裕二	55	ダ1800		良	**	1:56.9	0.0	**	13-13-15-8	38.1-39.1	38.0	450(-8)			ガールズデイアウト	220.0	202509020701
2022105794	2025-05-18	2京都8	晴	2	3歳未勝利		12	5	7	4.6	2.0	3	吉村誠之	54	ダ1800		重	**	1:52.5	0.3	**	12-12-11-8	35.3-38.4	37.4	454(+4)			ハギノコラソン	140.0	202508020802
2022105794	2025-06-08	3阪神2	晴	2	3歳未勝利		14	5	7	2.8	1.0	2	菱田裕二	55	ダ1800		良	**	1:57.1	0.0	**	13-13-10-3	38.5-37.8	37.3	454(0)			モズカトレア	220.0	202509030202
2022105794	2025-07-26	3中京1	晴	2	3歳未勝利		16	4	7	2.8	1.0	6	吉村誠之	54	ダ1800		良	**	1:55.0	0.7	**	16-16-13-14	37.9-37.4	36.6	452(-2)			サッカレッロ		202507030102
2022105794	2025-08-17	3中京8	晴	5	3歳未勝利		16	1	2	13.5	6.0	3	菱田裕二	55	ダ1800		良	**	1:53.9	0.1	**	14-14-13-10	36.4-39.2	37.8	452(0)			アイブリンク	140.0	202507030805
2022105794	2025-09-06	4阪神1	晴	3	3歳未勝利		16	1	1	3.9	2.0	3	田口貫太	55	ダ1800		重	**	1:54.9	0.6	**	15-15-15-11	37.0-39.2	38.3	456(+4)			モズプリヴェール	140.0	202509040103
2022105794	2025-09-14	4阪神4	曇	3	3歳未勝利		15	2	4	7.4	2.0	3	西村淳也	55	ダ1800		良	**	1:54.5	1.8	**	6-7-8-6	36.3-38.2	39.0	450(-6)			ミライエイゴウ	140.0	202509040403
2022105794	2025-11-15	3福島3	晴	6	3歳以上1勝クラス		16	1	1	32.4	12.0	13	永島まな	52	ダ2400		良	**	2:37.7	3.1	**	9-9-12-13	38.8-40.0	41.5	448(-2)			オオタチ		202503030306
2022105794	2025-12-06	5中京1	晴	3	3歳以上1勝クラス		15	3	5	50.8	13.0	6	斎藤新	55	ダ1800		良	**	1:54.6	0.4	**	7-10-13-14	38.2-38.6	37.7	448(0)			レーヴドレフォン		202507050103
2022105794	2025-12-14	5阪神4	晴	7	3歳以上1勝クラス		12	8	11	16.2	7.0	5	菱田裕二	55	ダ1800		良	**	1:55.2	0.6	**	6-7-10-8	37.6-38.3	37.8	446(-2)			マハナ	80.0	202509050407
2022105844	2024-09-08	4中山2	晴	3	2歳新馬		16	1	2	67.8	14.0	8	原優介	54	ダ1800		良	**	1:57.8	2.0	**	11-11-12-12	37.3-41.2	39.7	492(0)			ウインハルモニア		202406040203
2022105844	2024-09-22	4中山7	曇	1	2歳未勝利		12	7	9	10.8	6.0	1	原優介	54	ダ1800		良	**	1:56.2	-0.5	**	8-7-4-2	37.9-39.3	38.9	490(-2)			(エルバステラ)	550.0	202406040701
2022105844	2024-10-14	4東京4	晴	9	プラタナス賞(1勝クラス)		8	7	7	22.9	5.0	7	岩田望来	55	ダ1600		良	**	1:40.0	2.4	**	5-5	36.6-35.8	37.7	486(-4)			メルキオル		202405040409
2022105844	2024-12-08	5中山4	晴	7	2歳1勝クラス		13	6	8	112.1	11.0	10	原優介	54	ダ1800		良	**	1:56.6	2.5	**	8-8-6-7	37.0-39.1	41.0	502(+16)			ジャナドリア		202406050407
2022105844	2025-03-15	2中京1	曇	6	3歳1勝クラス		13	6	9	268.9	13.0	12	角田大和	55	ダ1800		良	**	1:55.5	2.6	**	8-9-8-9	37.6-37.9	39.6	494(-8)			ブルックリンダンス		202507020106
2022105844	2025-04-06	3中山4	小雨	6	3歳1勝クラス		14	8	14	336.5	14.0	8	斎藤新	55	ダ1800		稍	**	1:54.8	1.5	**	10-10-8-5	36.2-39.1	39.7	494(0)			ゴッドエスパーダ		202506030406
2022105844	2025-06-14	1函館1	曇	12	3歳以上1勝クラス		14	4	5	19.0	7.0	6	斎藤新	53	ダ1700		良	**	1:47.0	1.2	**	7-7-9-7	29.9-37.3	37.6	496(+2)			プラムダンディ		202502010112
2022105844	2025-06-29	1函館6	晴	8	3歳以上1勝クラス		11	4	4	70.3	9.0	8	木幡巧也	53	ダ1700		良	**	1:47.2	2.1	**	10-10-7-9	28.5-40.2	41.0	494(-2)			チュウワクリスエス		202502010608
2022105844	2025-07-12	1函館9	晴	7	3歳以上1勝クラス		10	7	7	30.5	8.0	3	吉田隼人	53	ダ1700		良	**	1:46.7	0.3	**	7-8-7-4	30.4-38.0	37.8	496(+2)			リアルクィーン	200.0	202502010907
2022105844	2025-08-10	1札幌6	曇	8	3歳以上1勝クラス		9	7	7	19.1	7.0	3	吉田隼人	53	ダ1700		稍	**	1:46.8	0.6	**	6-7-5-3	31.1-37.2	37.4	496(0)			メイショウタイピン	200.0	202501010608
2022105844	2025-08-31	2札幌4	曇	8	3歳以上1勝クラス		13	7	11	7.2	5.0	1	横山武史	53	ダ1700		稍	**	1:45.1	-0.1	**	13-12-11-8	29.3-38.7	36.1	498(+2)			(サウンドルーチェ)	800.0	202501020408
2022105844	2025-10-26	4東京9	曇	9	三鷹特別(2勝クラス)		13	1	1	9.6	4.0	8	大野拓弥	54	ダ1600		不	**	1:36.4	0.9	**	11-9	35.7-35.6	35.2	502(+4)			ベルダイナフェロー		202505040909
2022105844	2025-11-15	5東京3	晴	9	三浦特別(2勝クラス)		16	1	2	64.3	9.0	10	松山弘平	55	ダ1600		良	**	1:38.4	1.1	**	8-8	35.7-36.7	36.9	502(0)			ロフティストーリー		202505050309
2022105844	2026-01-18	1中山7	晴	8	4歳以上2勝クラス		16	2	3	78.3	12.0	9	大野拓弥	55	ダ1800		良	**	1:55.5	1.9	**	14-14-15-8	36.8-38.9	39.6	514(+12)			レディーフランシス		202606010708
2022106116	2024-12-21	5中山7	晴	5	2歳新馬		16	7	13	218.1	14.0	13	原優介	54	芝1800		良	**	1:54.2	3.0	**	10-10-10-12	38.9-33.7	35.8	458(0)			ジョスラン		202406050705
2022106116	2025-05-04	1新潟2	曇	1	3歳未勝利		16	5	9	163.4	12.0	6	石田拓郎	52	芝1800		稍	**	1:49.3	1.0	**	14-14	35.0-36.8	35.9	448(-10)			ミッドタウンナイト		202504010201
2022106116	2025-06-22	3東京6	晴	4	3歳未勝利		16	7	14	188.1	14.0	9	石田拓郎	52	芝1800		良	**	1:48.4	2.1	**	9-12-12	35.8-34.7	35.7	442(-6)			サクラファレル		202505030604
2022106116	2025-07-22	盛岡	晴	9	オニキス賞(3歳)		12	8	12	4.1	3.0	2	山本政聡	54	芝1700		良	**	1:44.5	0.7	**	3-3-3-2		37.2	442(0)			ウーバーストロング	42.0	202535072209
2022106116	2025-08-23	3新潟1	晴	4	3歳未勝利		16	7	13	75.3	12.0	7	荻野極	55	芝1800		良	**	1:47.5	1.4	**	2-2	34.9-34.1	35.4	442(0)			ミエノフェアリー		202504030104
2022106116	2025-09-13	4中山3	曇	12	3歳以上1勝クラス		16	8	16	203.9	12.0	5	石田拓郎	50	芝2000		稍	**	2:00.9	0.5	**	1-1-2-1	35.6-34.0	34.4	442(0)			ミクニインスパイア	80.0	202506040312
2022106116	2025-11-09	3福島2	小雨	9	二本松特別(1勝クラス)		16	2	3	57.1	14.0	9	石田拓郎	54	芝1800		良	**	1:48.6	0.9	**	3-3-3-3	34.9-36.4	36.8	438(-4)			エリム		202503030209
2022106116	2025-11-22	4京都5	晴	12	3歳以上2勝クラス		15	2	3	245.4	14.0	13	田口貫太	54	芝2000		良	**	2:01.7	2.5	**	4-5-8-9	36.7-34.5	36.3	434(-4)			ミッキーゴールド		202508040512
2022106180	2024-08-11	2中京2	晴	5	2歳新馬		9	3	3	29.1	8.0	7	和田竜二	55	芝2000		良	**	2:05.1	0.9	**	5-5-6-7	37.9-34.0	34.3	502(0)			カムニャック		202407020205
2022106180	2024-09-16	3中京5	晴	3	2歳未勝利		12	8	12	43.4	7.0	9	和田竜二	55	芝2000		良	**	2:03.4	1.9	**	3-3-2-2	35.9-35.9	37.6	490(-12)			サトノクローザー		202407030503
2022106180	2024-10-12	5京都3	晴	3	2歳未勝利		16	4	7	52.5	12.0	8	富田暁	56	芝1600		良	**	1:35.1	0.7	**	8-7	34.7-35.6	35.8	482(-8)			ドラゴンブースト		202408050303
2022106180	2024-11-10	6京都4	晴	3	2歳未勝利		14	4	5	176.2	9.0	13	酒井学	56	芝1600		良	**	1:35.3	1.4	**	9-10	34.0-35.1	35.7	488(+6)			アドマイヤズーム		202408060403
2022106180	2024-12-28	7京都9	晴	2	2歳未勝利		16	4	8	96.1	11.0	13	太宰啓介	56	ダ1800		良	**	1:58.2	4.4	**	14-14-15-14	36.5-38.2	40.4	498(+10)			メイショウアイナ		202408070902
2022106180	2025-01-26	1小倉2	晴	6	3歳未勝利		17	3	5	97.1	13.0	9	太宰啓介	57	芝2000		良	**	2:02.5	0.7	**	11-10-10-13	35.3-36.3	36.0	494(-4)			ニホンピロデヴィン		202510010206
2022106180	2025-02-22	1京都7	晴	5	3歳未勝利		15	3	4	85.3	10.0	4	太宰啓介	57	芝2400		良	**	2:29.4	1.0	**	9-8-7-6	35.5-34.6	35.0	496(+2)			ロットブラータ	84.0	202508010705
2022106180	2025-03-22	1阪神7	晴	5	3歳未勝利		15	6	11	14.8	6.0	7	太宰啓介	57	芝2400		良	**	2:33.7	0.5	**	10-9-7-7	37.8-34.0	34.0	492(-4)			ダノンカゼルタ		202509010705
2022106180	2025-04-19	1福島3	晴	3	3歳未勝利		16	4	7	6.3	3.0	2	古川吉洋	57	芝2600		良	**	2:41.4	0.1	**	8-7-4-4	35.5-36.0	35.8	494(+2)			ブリヤディアマンテ	220.0	202503010303
2022106180	2025-05-03	1新潟1	晴	6	3歳未勝利		16	7	13	4.0	2.0	1	古川吉洋	57	芝2400		良	**	2:29.8	-0.4	**	8-7-7-3	36.3-36.7	36.1	496(+2)			(ポッポノフェスタ)	560.0	202504010106
2022106180	2025-05-17	2京都7	曇	9	あずさ賞(1勝クラス)		10	2	2	53.5	8.0	5	太宰啓介	57	芝2000		不	**	2:01.5	0.7	**	9-9-9-7	35.8-35.7	35.6	498(+2)			マイユニバース	111.0	202508020709
2022106180	2025-06-21	3阪神5	晴	7	3歳以上1勝クラス		10	2	2	20.7	4.0	3	太宰啓介	54	芝2400		良	**	2:26.8	0.0	**	7-7-8-9	35.8-35.4	34.5	492(-6)			ミントマーク	200.0	202509030507
2022106180	2025-07-12	2小倉5	晴	9	英彦山特別(1勝クラス)		11	4	4	5.0	3.0	3	太宰啓介	55	芝2600		良	**	2:44.1	0.6	**	2-2-3-2	37.7-36.3	36.7	502(+10)			ジョイボーイ	283.5	202510020509
2022106180	2025-08-03	1札幌4	晴	12	積丹特別(1勝クラス)		7	4	4	12.0	5.0	5	古川吉洋	55	芝2600		良	**	2:45.4	0.9	**	4-5-6-6	39.7-34.9	35.1	506(+4)			アルマデオロ	111.0	202501010412
2022106180	2025-08-31	2札幌4	曇	9	北辰特別(1勝クラス)		14	3	3	18.2	9.0	9	松本大輝	55	芝2600		稍	**	2:44.5	1.7	**	6-5-6-7	37.8-37.0	37.9	496(-10)			ボンドロア		202501020409
2022106180	2025-09-27	4阪神8	晴	7	3歳以上1勝クラス		16	1	1	49.1	9.0	7	太宰啓介	55	芝2200		良	**	2:13.9	0.3	**	6-7-7-7	35.4-35.2	35.0	492(-4)			アロンディ		202509040807
2022106180	2025-10-12	3京都4	小雨	7	3歳以上1勝クラス		13	6	9	29.0	10.0	9	太宰啓介	55	芝2400		良	**	2:26.9	0.5	**	6-6-5-5	35.9-34.1	34.1	498(+6)			ランツフート		202508030407
2022106180	2025-10-25	4新潟3	晴	6	3歳以上1勝クラス		15	6	10	17.4	9.0	4	松本大輝	55	芝1800		良	**	1:46.9	0.3	**	13-13	36.0-33.8	33.5	492(-6)			コンフォルツァ	120.0	202504040306
2022106180	2025-12-14	5中京4	晴	12	3歳以上1勝クラス		16	5	9	17.2	7.0	12	黛弘人	57	芝1600		稍	**	1:36.3	0.7	**	15-15-13	36.1-34.9	34.4	508(+16)			ウインベアトリス		202507050412
2022106438	2024-10-20	4新潟6	晴	5	2歳新馬		17	8	16	5.2	3.0	3	角田大和	56	芝1200		良	**	1:10.5	0.3	**	3-3	34.5-35.7	35.8	474(0)			サウスバンク	180.0	202404040605
2022106438	2024-11-09	3福島3	晴	3	2歳未勝利		16	4	7	3.0	1.0	1	角田大和	56	芝1200		良	**	1:10.2	-0.3	**	1-1	34.6-35.6	35.6	476(+2)			(テーオーシュターデ)	550.0	202403030303
2022106438	2025-05-25	2京都10	曇	6	3歳1勝クラス		13	7	11	21.8	8.0	11	菱田裕二	57	芝1200		重	**	1:11.3	1.1	**	2-2	35.0-35.2	36.1	470(-6)			アオイレーギーナ		202508021006
2022106438	2025-07-12	2小倉5	晴	12	3歳以上1勝クラス		17	7	14	9.3	4.0	16	角田大和	55	芝1200		良	**	1:09.8	1.3	**	3-5	33.0-35.5	36.6	470(0)			シュブロンレーヴル		202510020512
2022106438	2025-09-07	4阪神2	晴	9	3歳以上1勝クラス		13	8	13	44.2	8.0	10	河原田菜	52	芝1200		良	**	1:09.5	1.1	**	8-6	33.7-34.7	35.2	456(-14)			ブラックケリー		202509040209
2022106438	2025-10-04	3京都1	曇	6	3歳以上1勝クラス		16	5	9	52.5	10.0	16	河原田菜	52	ダ1400		不	**	1:24.9	2.4	**	14-14	33.6-37.3	37.8	470(+14)			サンダーロード		202508030106
2022106438	2025-11-22	3福島5	晴	2	3歳以上1勝クラス		16	8	15	22.3	7.0	15	角田大和	57	ダ1150		良	**	1:11.6	2.0	**	5-5	31.9-37.7	39.4	474(+4)			ビーアイフォルテ		202503030502
2022106438	2025-12-13	5阪神3	晴	8	3歳以上1勝クラス		16	8	16	86.2	11.0	12	酒井学	57	ダ1400		良	**	1:26.6	2.6	**	1-1	34.5-37.2	39.8	474(0)			ラファル		202509050308
2022106605	2024-12-08	7京都4	晴	4	2歳新馬		16	2	3	15.1	5.0	6	団野大成	55	ダ1400		良	**	1:28.6	2.0	**	5-5	36.0-37.7	39.3	466(0)			ヤマニンバロネス		202408070404
2022106605	2025-01-11	1中京3	晴	2	3歳未勝利		16	6	12	71.0	11.0	6	菱田裕二	55	ダ1200		良	**	1:14.1	0.5	**	5-4	34.9-38.7	38.8	462(-4)			ワイルドブッター		202507010302
2022106605	2025-04-06	2阪神4	晴	1	3歳未勝利		16	2	4	27.3	6.0	4	団野大成	55	ダ1200		良	**	1:14.2	0.8	**	3-3	35.5-37.9	38.4	456(-6)			バシリス	84.0	202509020401
2022106605	2025-04-27	2京都2	晴	1	3歳未勝利		15	6	12	7.5	5.0	4	団野大成	55	ダ1200		良	**	1:13.6	0.6	**	3-3	36.7-36.3	36.6	456(0)			ペプチドクレマチス	84.0	202508020201
2022106605	2025-05-18	1新潟6	曇	2	3歳未勝利		15	6	10	13.2	5.0	7	角田大和	55	ダ1200		稍	**	1:13.4	1.4	**	5-5	34.3-37.7	38.7	454(-2)			ミニョンマルーン		202504010602
2022106605	2025-07-13	2小倉6	曇	2	3歳未勝利		18	4	8	14.5	7.0	4	角田大和	55	芝1200		良	**	1:09.5	0.7	**	10-8	33.4-35.4	35.2	456(+2)			ノボリリア	84.0	202510020602
2022106605	2025-08-02	3中京3	晴	12	3歳未勝利		16	5	9	9.8	5.0	3	幸英明	55	芝1200		良	**	1:07.9	0.2	**	2-3	33.4-34.3	34.3	456(0)			パリコレジェンヌ	140.0	202507030312
2022106605	2025-08-23	4中京1	曇	4	3歳未勝利		18	6	12	5.6	2.0	1	松山弘平	55	芝1200		良	**	1:07.8	-0.2	**	4-5	33.8-34.0	33.6	448(-8)			(モズアカトンボ)	560.0	202507040104
2022106605	2025-11-15	3福島3	晴	12	3歳以上1勝クラス		16	1	2	4.0	1.0	10	角田大和	55	芝1200		良	**	1:09.8	0.6	**	7-7	33.5-35.7	35.7	452(+4)			マリノトニトゥルス		202503030312
2022106605	2026-01-25	1小倉2	晴	9	八幡特別(1勝クラス)		16	5	10	10.8	6.0	3	横山琉人	56	芝1200		良	**	1:07.3	0.2	**	6-8	32.7-34.4	33.5	456(+4)			カウンターセブン	295.3	202610010209
2022106645	2025-03-01	2中山1	晴	5	3歳未勝利		18	8	17	18.8	7.0	12	戸崎圭太	55	芝2000		良	**	2:02.4	0.9	**	16-16-16-15	35.8-35.7	35.0	444(0)			グッドレッスン		202506020105
2022106645	2025-05-18	2東京8	晴	2	3歳未勝利		16	7	14	6.1	3.0	3	三浦皇成	55	ダ1600		重	**	1:37.7	0.5	**	10-9	36.0-36.6	36.4	454(+10)			ラヴアンドライク	140.0	202505020802
2022106645	2025-06-08	3東京2	曇	1	3歳未勝利		16	5	9	3.3	2.0	7	三浦皇成	55	ダ1600		良	**	1:39.1	1.0	**	11-10	34.6-39.6	38.5	456(+2)			ウィンターサン		202505030201
2022106645	2025-08-02	1札幌3	晴	4	3歳未勝利		16	1	1	16.7	5.0	5	佐々木大	55	芝2000		良	**	2:00.1	0.6	**	15-15-14-2	34.8-35.9	35.5	458(+2)			ロパシック	56.0	202501010304
2022106645	2025-08-23	2札幌1	晴	3	3歳未勝利		16	1	1	4.9	3.0	1	佐々木大	55	芝2000		稍	**	2:02.4	-0.4	**	5-5-5-2	36.3-36.2	35.8	454(-4)			(ウインキララ)	560.0	202501020103
2022106645	2025-09-27	4中山8	晴	7	3歳以上1勝クラス		16	1	1	5.5	4.0	3	佐々木大	53	芝2200		良	**	2:12.8	0.3	**	3-4-6-4	36.9-34.5	34.4	462(+8)			サンカシグレ	200.0	202506040807
2022106645	2025-10-18	4新潟1	曇	9	岩船特別(1勝クラス)		15	1	1	3.5	1.0	4	松山弘平	53	芝2200		良	**	2:13.0	0.2	**	8-9-7-8	35.3-36.2	35.7	466(+4)			レーヴドロペラ	170.0	202504040109
2022106645	2026-01-25	1小倉2	晴	8	4歳以上1勝クラス		16	4	7	5.0	3.0	6	田山旺佑	52	芝1800		良	**	1:46.8	0.5	**	6-5-6-3	33.9-36.5	36.6	464(-2)			ウインシャーガス		202610010208
2022106811	2024-12-01	5中山2	晴	5	2歳新馬		18	1	2	72.6	14.0	5	柴田大知	56	芝2000		良	**	2:02.1	1.0	**	10-9-10-8	36.1-34.3	34.4	434(0)			スモーキーゴッド	72.0	202406050205
2022106811	2024-12-28	5中山9	晴	4	2歳未勝利		16	6	11	30.0	8.0	2	柴田大知	56	芝1800		良	**	1:49.1	0.1	**	16-16-11-12	36.8-36.4	35.3	436(+2)			ルージュミレネール	220.0	202406050904
2022106811	2025-01-18	1中山6	晴	5	3歳未勝利		18	3	6	8.9	5.0	6	柴田大知	57	芝2000		良	**	2:01.4	1.2	**	6-6-6-6	36.1-35.4	35.9	442(+6)			シェーンシュティア		202506010605
2022106811	2025-04-12	3中山5	晴	5	3歳未勝利		12	1	1	4.2	3.0	4	横山武史	57	芝2200		良	**	2:14.6	1.1	**	1-1-1-1	37.0-35.3	36.4	440(-2)			プルミエソルティ	84.0	202506030505
2022106811	2025-05-03	2東京3	晴	4	3歳未勝利		12	5	5	3.6	2.0	3	横山武史	57	芝2000		稍	**	2:01.1	0.3	**	3-3-3	36.8-34.5	34.3	438(-2)			ウィンスタンリー	140.0	202505020304
2022106811	2025-05-24	2東京9	曇	5	3歳未勝利		17	8	15	5.6	3.0	11	横山武史	57	芝2000		良	**	2:01.4	1.7	**	12-12-13	35.9-34.6	35.2	434(-4)			シュネルケーニヒ		202505020905
2022106811	2025-08-03	2新潟4	晴	11	3歳未勝利		14	7	12	16.6	5.0	2	津村明秀	57	芝2000		良	**	2:00.7	0.0	**	10-10-1-1	36.3-35.4	35.4	444(+10)			マカナ	220.0	202504020411
2022106811	2025-08-24	3新潟2	晴	3	3歳未勝利		17	8	15	4.4	2.0	3	津村明秀	57	芝2000		良	**	2:01.6	0.4	**	14-14-12-11	35.9-35.1	34.6	446(+2)			マイネルアレス	140.0	202504030203
2022106811	2025-09-14	4中山4	曇	7	3歳未勝利		18	7	14	5.3	3.0	4	津村明秀	57	芝2000		良	**	1:59.1	0.7	**	11-12-9-9	35.1-35.0	34.8	442(-4)			シャンソンドール	84.0	202506040407
2022106811	2025-11-15	3福島3	晴	8	3歳以上1勝クラス		16	7	14	16.2	6.0	4	石神深道	53	芝2600		良	**	2:40.9	0.3	**	14-14-6-4	36.7-37.3	36.9	438(-4)			ブリヤディアマンテ	120.0	202503030308
2022106811	2025-11-29	5東京7	曇	7	3歳以上1勝クラス		16	6	11	45.0	9.0	7	津村明秀	56	芝2400		良	**	2:24.4	0.9	**	14-13-12-11	35.4-35.9	34.9	436(-2)			サトノパトリオット		202505050707
2022106811	2026-01-25	1小倉2	晴	12	4歳以上1勝クラス		14	8	13	8.6	4.0	2	石神深道	54	芝2000		良	**	2:00.0	0.0	**	3-3-3-3	35.3-34.3	33.9	436(0)			ヤコブセン	330.0	202610010212
2022106912	2024-09-15	4中山4	晴	4	2歳新馬		16	4	7	3.3	1.0	1	三浦皇成	55	芝1200		良	**	1:09.0	-0.3	**	2-1	34.9-34.1	34.1	452(0)			(トシッキー)	720.0	202406040404
2022106912	2024-11-10	3福島4	晴	9	福島2歳S(OP)		16	3	6	5.8	3.0	2	三浦皇成	56	芝1200		良	**	1:10.8	0.1	**	10-7	34.0-36.7	35.7	454(+2)			ポッドベイダー	650.0	202403030409
2022106912	2024-12-07	5中山3	晴	9	黒松賞(1勝クラス)		13	8	13	4.0	3.0	3	横山和生	56	芝1200		良	**	1:07.8	0.1	**	3-3	32.9-34.8	34.5	454(0)			サウスバンク	274.0	202406050309
2022106912	2025-02-09	1小倉6	晴	9	かささぎ賞(1勝クラス)		16	1	1	2.5	1.0	7	高倉稜	57	芝1200		稍	**	1:10.7	0.7	**	7-6	34.4-35.6	35.9	456(+2)			ドゥアムール		202510010609
2022106912	2025-03-29	2阪神1	晴	6	3歳1勝クラス		12	3	3	6.3	4.0	3	坂井瑠星	57	芝1400		良	**	1:20.7	0.3	**	5-5	33.6-35.4	35.2	448(-8)			ムイ	200.0	202509020106
2022106912	2025-05-03	2京都3	晴	6	3歳1勝クラス		9	8	8	3.9	2.0	2	坂井瑠星	57	芝1400		稍	**	1:21.6	0.1	**	1-2	36.0-33.9	33.9	450(+2)			タガノアンファン	320.0	202508020306
2022106912	2025-05-24	2京都9	雨	9	メルボルンT(1勝クラス)		13	3	3	14.5	4.0	12	坂井瑠星	57	芝1600		稍	**	1:37.4	2.5	**	2-2	34.0-36.3	38.6	456(+6)			グラフィティアート		202508020909
2022106912	2025-08-03	3中京4	晴	12	3歳以上1勝クラス		18	8	16	3.3	1.0	7	坂井瑠星	55	芝1400		良	**	1:20.2	0.4	**	7-7	34.0-34.4	34.3	448(-8)			エクストラバック		202507030412
2022106912	2025-09-13	4阪神3	曇	9	3歳以上1勝クラス		18	8	18	5.8	3.0	2	ルメール	56	芝1400		良	**	1:20.5	0.2	**	13-13	33.7-35.2	34.3	454(+6)			ブルクトーア	320.0	202509040309
2022106912	2025-10-18	3京都6	曇	12	3歳以上1勝クラス		15	2	2	5.5	3.0	10	高倉稜	56	芝1400		良	**	1:21.0	0.5	**	15-15	34.7-34.5	33.0	456(+2)			リアライズ		202508030612
2022106912	2025-11-09	4京都2	小雨	12	3歳以上1勝クラス		17	8	17	8.7	5.0	5	坂井瑠星	57	芝1400		重	**	1:21.4	0.2	**	14-12	34.6-35.1	34.5	454(-2)			メイショウセイロウ	80.0	202508040212
2022107149	2024-08-31	2札幌7	雨	5	2歳新馬		12	6	8	16.2	7.0	8	川又賢治	55	芝1500		重	**	1:35.0	1.0	**	3-8-8	32.3-36.7	37.2	446(0)			ダイシンラー		202401020705
2022107149	2024-09-16	3中京5	晴	3	2歳未勝利		12	6	7	263.5	12.0	7	川又賢治	55	芝2000		良	**	2:02.9	1.4	**	8-8-6-4	35.9-35.9	36.9	448(+2)			サトノクローザー		202407030503
2022107149	2024-12-21	7京都7	曇	4	2歳未勝利		16	1	2	512.5	15.0	11	川又賢治	56	芝2000		良	**	2:03.0	2.2	**	7-6-6-7	37.2-34.8	36.4	460(+12)			リンクスティップ		202408070704
2022107149	2025-02-02	1小倉4	晴	6	3歳未勝利		13	7	11	65.3	10.0	3	秋山稔樹	57	芝1800		重	**	1:51.0	0.6	**	2-2-2-2	37.4-36.2	36.8	450(-10)			クモヒトツナイ	140.0	202510010406
2022107149	2025-02-09	1小倉6	曇	2	3歳未勝利		16	4	8	9.2	6.0	1	秋山稔樹	57	芝1800		稍	**	1:51.2	-0.6	**	1-1-1-1	36.7-36.6	36.6	450(0)			(ウインリベラシオン)	560.0	202510010602
2022107149	2025-03-29	2阪神1	曇	11	毎日杯(GIII)		9	8	10			除	団野大成	57	芝1800		良	**			**		35.2-33.3		450(0)			ファンダム		202509020111
2022107149	2025-04-19	2阪神7	晴	5	3歳1勝クラス		7	1	1	28.5	6.0	5	川又賢治	57	芝2000		良	**	2:00.8	2.9	**	3-3-3-5	34.5-35.5	37.6	458(+8)			トッピボーン	80.0	202509020705
2022107149	2025-05-10	2東京5	曇	6	3歳1勝クラス		9	6	6	116.5	9.0	8	長岡禎仁	57	芝1800		稍	**	1:48.2	1.5	**	5-9-7	36.0-34.4	34.6	448(-10)			トレサフィール		202505020506
2022107149	2025-07-13	2小倉6	曇	8	3歳以上1勝クラス		16	6	11	26.5	10.0	8	秋山稔樹	55	芝1800		良	**	1:49.8	1.2	**	2-2-2-2	35.7-37.5	38.7	454(+6)			インヴォーグ		202510020608
2022107149	2025-07-27	3中京2	晴	8	御在所特別(1勝クラス)		7	7	7	38.7	6.0	7	秋山稔樹	55	芝2000		良	**	2:01.1	1.9	**	1-2-2-3	35.9-34.9	36.6	454(0)			メディテラニアン		202507030208
2022107149	2025-09-20	4中山6	曇	7	3歳以上1勝クラス		18	6	12	72.0	11.0	5	川又賢治	55	芝2000		良	**	2:00.9	0.4	**	2-2-2-2	35.9-35.0	35.2	452(-2)			レイヤードレッド	80.0	202506040607
2022107149	2025-10-05	3京都2	小雨	7	3歳以上1勝クラス		12	8	11	20.9	7.0	11	川又賢治	56	芝2000		稍	**	2:02.0	1.9	**	1-1-1-1	35.0-35.0	36.9	458(+6)			フォーキャンドルズ		202508030207
2022107149	2025-10-18	4新潟1	曇	7	3歳以上1勝クラス		18	5	9	123.2	15.0	15	秋山稔樹	56	芝1800		良	**	1:47.3	1.7	**	1-1	35.2-33.9	35.6	446(-12)			ソルトブリーズ		202504040107
2022107149	2026-01-31	2京都1	晴	12	4歳以上1勝クラス		17	7	14	113.4	15.0	11	永島まな	55	芝1600		良	**	1:34.9	0.8	**	1-1	35.4-34.8	35.6	472(+26)			ダイヤモンドハンズ		202608020112
2022110062	2025-02-10	1京都3	晴	3	3歳未勝利		12	1	1	11.8	5.0	7	北村友一	55	ダ1400		良	**	1:28.1	2.2	**	1-1	35.9-37.5	39.7	506(0)			エンダードラゴン		202508010303
2022110062	2025-02-22	1京都7	晴	2	3歳未勝利		15	4	6	6.2	4.0	12	松若風馬	55	ダ1200		良	**	1:15.9	2.7	**	6-6	35.9-37.3	39.3	510(+4)			シークザドリーム		202508010702
2022110062	2025-07-01	門別	晴	7	バスケットセンスの塊(C4)		9	6	6	1.6	1.0	1	服部茂史	55	ダ1000		良	**	1:00.5	-1.3	**	1-1		36.6	534(+24)			(シユウブラック)	40.0	202530070107
2022110062	2025-07-17	門別	晴	8	3歳以上C3ー2C4		9	3	3	1.1	1.0	1	服部茂史	55	ダ1200		稍	**	1:14.6	-0.7	**	1-1		38.0	532(-2)			(フェアリーマジック)	40.0	202530071708
2022110110	2024-12-07	4中京3	曇	5	2歳新馬		16	8	15	18.9	7.0	4	岩田康誠	55	ダ1400		良	**	1:25.8	0.6	**	1-1	35.8-37.2	37.8	434(0)			トゥロン	110.0	202407040305
2022110110	2025-01-06	1中京2	雨	2	3歳未勝利		16	3	6	5.4	2.0	2	川端海翼	52	ダ1200		良	**	1:12.7	0.1	**	1-1	35.4-37.2	37.3	436(+2)			カフェロワイヤル	220.0	202507010202
2022110110	2025-01-25	1中京8	晴	1	3歳未勝利		15	1	1	1.2	1.0	1	岩田康誠	55	ダ1200		良	**	1:12.5	-0.8	**	1-1	35.3-37.2	37.2	434(-2)			(クライスラー)	560.0	202507010801
2022110110	2025-03-02	1阪神2	小雨	4	3歳1勝クラス		16	3	5	19.8	6.0	10	岩田康誠	55	ダ1200		良	**	1:14.0	1.5	**	3-4	35.6-36.9	38.2	428(-6)			ヤマニンチェルキ		202509010204
2022110110	2025-04-20	2阪神8	曇	6	3歳1勝クラス		16	8	16	34.6	9.0	13	岩田康誠	55	ダ1200		良	**	1:14.6	1.9	**	2-3	35.1-37.6	39.4	436(+8)			フェデラー		202509020806
2022110110	2025-06-14	1函館1	晴	8	3歳以上1勝クラス		12	4	4	7.3	3.0	4	川端海翼	50	ダ1000		良	**	0:59.0	1.1	**	6-6	34.6-34.8	35.2	438(+2)			タッカージーティー	120.0	202502010108
2022110110	2025-07-06	1函館8	曇	7	3歳以上1勝クラス		12	6	8	7.0	5.0	3	和田陽希	50	ダ1000		稍	**	0:58.9	0.6	**	5-5	34.1-35.6	35.4	442(+4)			モンシェリ	200.0	202502010807
2022110110	2025-07-27	1札幌2	晴	6	3歳以上1勝クラス		9	6	6	5.2	3.0	2	和田陽希	50	ダ1000		不	**	0:58.1	0.0	**	2-2	34.6-34.9	34.6	438(-4)			ストラテージュ	320.0	202501010206
2022110110	2025-08-09	1札幌5	晴	7	3歳以上1勝クラス		12	5	6	3.5	2.0	4	和田陽希	51	ダ1000		重	**	0:59.1	0.5	**	5-4	34.3-35.7	35.9	440(+2)			ビーマックス	120.0	202501010507
2022110110	2025-08-30	2札幌3	曇	7	3歳以上1勝クラス		12	7	9	6.6	4.0	6	和田陽希	51	ダ1000		重	**	0:58.9	1.0	**	4-4	34.4-34.7	35.2	438(-2)			ミニョンマルーン		202501020307
2022110110	2025-11-24	3福島6	曇	7	3歳以上1勝クラス		16	2	3	6.3	3.0	13	武豊	55	ダ1150		良	**	1:10.5	1.8	**	10-10	32.1-36.6	37.6	432(-6)			レグザゴン		202503030607
2022110126	2024-12-21	5中山7	晴	6	2歳新馬		14	7	12	21.3	8.0	2	佐々木大	56	ダ1800		良	**	1:56.2	0.1	**	1-1-1-1	37.7-39.4	39.5	452(0)			メリークリスマス	290.0	202406050706
2022110126	2025-01-13	1中山5	晴	2	3歳未勝利		16	3	5	3.4	1.0	3	佐々木大	57	ダ1800		良	**	1:57.8	0.6	**	1-1-1-1	37.4-40.9	41.5	452(0)			ジェシーテソーロ	140.0	202506010502
2022110126	2025-01-26	1中山9	晴	3	3歳未勝利		15	6	11	20.4	4.0	12	戸崎圭太	57	ダ1800		良	**	1:58.1	3.7	**	2-2-2-5	37.9-38.5	42.2	450(-2)			ロッシニアーナ		202506010903
2022110126	2025-03-30	3中山2	曇	2	3歳未勝利		16	1	1	5.1	3.0	1	石神深道	54	ダ1200		稍	**	1:12.5	-0.2	**	7-7	34.2-38.3	37.6	450(0)			(タルトポワール)	560.0	202506030202
2022110126	2025-07-06	2福島4	晴	12	3歳以上1勝クラス		15	5	8	4.8	2.0	5	石神深道	52	ダ1150		良	**	1:09.9	2.1	**	7-7	31.2-36.6	37.6	460(+10)			シュヴァルボヌール	80.0	202503020412
2022110126	2025-07-26	2新潟1	晴	10	3歳以上1勝クラス		14	7	11	26.9	8.0	10	菊沢一樹	55	ダ1200		良	**	1:13.0	1.4	**	5-5	34.4-37.2	37.8	462(+2)			ドナレア		202504020110
2022110126	2025-11-16	5東京4	晴	6	3歳以上1勝クラス		16	2	3	58.3	9.0	5	石橋脩	57	ダ1600		良	**	1:37.8	0.5	**	1-1	35.2-37.6	38.1	452(-10)			エーデル	80.0	202505050406
2022110126	2025-12-07	5中京2	晴	6	3歳以上1勝クラス		16	6	11	20.6	8.0	13	黛弘人	57	ダ1400		良	**	1:26.0	1.4	**	2-2	34.6-38.1	39.4	452(0)			カレンワッツアップ		202507050206
2023100277	2025-08-09	2新潟5	晴	3	2歳新馬		17	2	3	4.0	2.0	17	戸崎圭太	55	芝1200		良	**	1:14.1	4.3	**	17-17	34.6-35.2	35.9	480(0)			ベルフラム		202504020503
2023100277	2025-11-15	5東京3	晴	3	2歳未勝利		14	2	3	44.2	8.0	11	菅原明良	56	ダ1600		良	**	1:42.4	2.7	**	11-10	35.4-38.2	39.7	496(+16)			ムーランオランジュ		202505050303
2023100647	2025-08-31	3新潟4	晴	6	2歳新馬		15	7	12	24.0	7.0	3	津村明秀	55	ダ1800		良	**	1:56.3	1.1	**	1-1-1-1	37.9-37.4	38.5	490(0)			マテンロウダビンチ	190.0	202504030406
2023100647	2025-09-20	4中山6	曇	1	2歳未勝利		13	1	1	2.0	1.0	6	津村明秀	55	ダ1800		重	**	1:58.1	2.4	**	1-1-1-2	37.2-40.2	42.6	488(-2)			ラフレードピエル		202506040601
2023100647	2025-11-16	5東京4	晴	1	2歳未勝利		16	2	4	3.1	1.0	2	横山武史	56	ダ1400		良	**	1:26.7	0.1	**	1-1	36.2-37.8	37.9	492(+4)			ランニングビーチ	220.0	202505050401
2023100647	2025-11-30	5東京8	晴	1	2歳未勝利		16	4	8	7.0	3.0	5	横山武史	56	ダ1400		良	**	1:27.3	0.5	**	2-2	35.8-38.0	38.3	498(+6)			ヒナノムサシ	56.0	202505050801
2023100647	2025-12-14	5中京4	曇	2	2歳未勝利		13	6	8	20.1	10.0	7	上里直汰	53	ダ1400		稍	**	1:27.0	1.1	**	7-7	34.5-39.1	38.7	488(-10)			クラシオン		202507050402
2023100719	2025-12-07	5阪神2	晴	5	2歳新馬		17	3	6	24.7	10.0	16	高杉吏麒	55	芝1600		良	**	1:37.6	1.4	**	5-7	36.4-34.1	35.0	406(0)			アンソニー		202509050205
2023101007	2025-07-19	2福島7	晴	4	2歳新馬		16	8	15	86.6	13.0	14	横山琉人	55	芝1200		良	**	1:14.0	1.7	**	12-12	35.7-36.6	36.9	446(0)			コックオーヴァン		202503020704
2023101007	2025-08-30	3新潟3	曇	2	2歳未勝利		15	4	7	159.5	12.0	14	横山琉人	55	ダ1800		良	**	2:01.2	5.5	**	13-15-15-15	37.0-38.9	42.0	436(-10)			ファイアマン		202504030302
2023101007	2025-12-06	5中山1	晴	1	2歳未勝利		15	2	2	442.0	14.0	13	横山琉人	56	ダ1200		良	**	1:15.6	3.4	**	14-14	35.0-37.2	38.6	446(+10)			ビップムーラン		202506050101
2023101007	2026-01-11	1中山4	曇	1	3歳未勝利		16	8	16	245.2	14.0	12	横山琉人	57	ダ1200		良	**	1:15.9	2.0	**	8-8	35.8-38.1	39.2	448(+2)			ゼファーテソーロ		202606010401
2023101174	2025-08-10	1札幌6	曇	5	2歳新馬		12	5	6	11.5	4.0	1	横山武史	55	芝1500		良	**	1:31.1	-0.1	**	3-3-3	30.5-35.6	35.4	436(0)			(ラスティングスノー)	750.0	202501010605
2023101174	2025-08-23	2札幌1	晴	9	クローバー賞(OP)		9	2	2	3.1	2.0	6	横山武史	55	芝1500		良	**	1:31.6	1.9	**	2-2-2	29.5-36.8	38.4	436(0)			ストームサンダー		202501020109
2023101174	2025-11-22	4京都5	晴	9	秋明菊賞(1勝クラス)		9	8	8	17.3	5.0	7	岩田望来	55	芝1400		良	**	1:21.7	1.1	**	5-5	35.0-34.0	34.4	436(0)			タガノアラリア		202508040509
2023101174	2026-01-24	1小倉1	晴	9	萌黄賞(1勝クラス)		12	5	6	65.0	8.0	4	石川裕紀	55	芝1200		良	**	1:08.1	0.4	**	8-8	33.2-34.5	34.1	444(+8)			ルージュサウダージ	170.0	202610010109
2023101713	2025-09-21	4阪神7	晴	5	2歳新馬		9	8	8	9.7	5.0	8	坂井瑠星	55	芝1800		良	**	1:48.3	1.1	**	6-5	36.5-34.4	34.9	454(0)			バークシャーシチー		202509040705
2023101713	2025-10-04	3京都1	雨	1	2歳未勝利		14	4	6	40.1	9.0	4	斎藤新	56	ダ1800		重	**	1:52.9	0.7	**	4-4-3-2	36.1-37.7	38.1	456(+2)			フルールドール	84.0	202508030101
2023101713	2025-11-08	3福島1	晴	3	2歳未勝利		15	5	9	6.0	3.0	5	斎藤新	56	ダ1700		良	**	1:48.0	1.5	**	4-4-4-4	30.3-38.9	39.8	456(0)			アトモス	56.0	202503030103
2023101713	2025-11-23	4京都6	晴	1	2歳未勝利		14	8	14	24.0	7.0	7	吉村誠之	55	ダ1400		良	**	1:27.1	2.1	**	11-9	35.0-37.6	38.6	462(+6)			ホットシート		202508040601
2023101713	2025-12-06	5阪神1	晴	1	2歳未勝利		16	3	5	32.8	7.0	7	菱田裕二	56	ダ1200		良	**	1:13.7	0.8	**	10-8	35.1-37.8	37.8	464(+2)			ベラジオリン		202509050101
2023101721	2025-10-04	3京都1	雨	3	2歳新馬		16	2	3	200.6	16.0	8	城戸義政	56	ダ1400		重	**	1:26.8	2.4	**	12-11	34.9-37.2	37.5	454(0)			アスクケンタッキー		202508030103
2023101721	2025-10-18	3京都6	曇	1	2歳未勝利		9	6	6	34.6	7.0	2	城戸義政	56	ダ1400		稍	**	1:25.4	0.2	**	9-7	34.7-38.1	36.8	450(-4)			エシェックオロワ	220.0	202508030601
2023101721	2025-11-09	4京都2	雨	1	2歳未勝利		16	7	13	19.0	7.0	9	城戸義政	56	ダ1400		稍	**	1:27.0	1.0	**	13-12	35.4-38.0	37.7	452(+2)			ムテキシャチョウ		202508040201
2023101780	2026-01-11	1京都4	晴	2	3歳新馬		16	3	5	197.6	15.0	15	和田陽希	52	ダ1800		良	**	1:58.8	3.6	**	11-11-15-15	36.5-40.1	41.5	474(0)			ハッピーラブソング		202608010402
2023101830	2025-11-08	5東京1	曇	6	2歳新馬		13	3	3	5.1	2.0	7	三浦皇成	55	芝1400		良	**	1:23.7	0.8	**	1-1	36.9-34.1	34.9	474(0)			レオアジャイル		202505050106
2023101830	2025-12-06	5中山1	晴	1	2歳未勝利		15	6	10	6.5	3.0	12	三浦皇成	55	ダ1200		良	**	1:15.5	3.3	**	2-2	35.0-37.2	40.3	482(+8)			ビップムーラン		202506050101
2023101841	2025-10-13	4東京5	晴	5	2歳新馬		13	1	1	109.1	12.0	11	吉田隼人	56	芝1800		良	**	1:48.9	1.5	**	3-4-4	36.2-34.7	35.9	460(0)			スタニングレディ		202505040505
2023101841	2025-11-08	3福島1	晴	3	2歳未勝利		15	2	3	60.7	10.0	7	江田照男	56	ダ1700		良	**	1:48.3	1.8	**	10-9-10-9	30.3-38.9	38.9	464(+4)			アトモス		202503030103
2023101841	2025-12-21	5中山6	曇	2	2歳未勝利		16	6	12	62.0	8.0	4	江田照男	56	ダ1800		不	**	1:54.0	0.1	**	11-10-10-8	36.2-38.8	37.9	470(+6)			ヘルメスギャング	84.0	202506050602
2023101841	2026-01-12	1中山5	晴	3	3歳未勝利		16	8	16	13.0	8.0	6	江田照男	57	ダ1800		良	**	1:57.4	1.2	**	6-7-6-6	36.1-40.1	40.8	468(-2)			ジェイエルモーダル		202606010503
2023101930	2025-08-27	門別	晴	5	JRA認定競走フレッ(新馬)(2歳)		10	7	8	2.0	1.0	1	落合玄太	55	ダ1000		良	**	1:03.0	-0.3	**	1-1		37.9	456(0)			(アヴェルス)	250.0	202530082705
2023101930	2025-10-02	名古屋	晴	10	セレクトゴールド第3(2歳)		12	6	7	4.0	2.0	12	丸野勝虎	56	ダ1500		良	**	1:43.7	6.1	**	7-8-12		46.1	454(-2)			ミモザノキセツ		202548100210
2023101930	2025-10-15	名古屋	小雨	9	2歳特別		10	4	4	19.7	7.0	10	丸野勝虎	56	ダ1500		重	**	1:42.5	4.3	**	1-2-4		45.9	455(+1)			ハチハチローズ		202548101509
2023101930	2025-10-30	名古屋	晴	11	ネクストスター名古屋(重賞)		12	8	11	121.5	10.0	10	丸野勝虎	56	ダ1500		良	**	1:40.2	3.0	**	5-3-8		43.2	453(-2)			ミモザノキセツ		202548103011
2023101930	2025-11-21	名古屋	晴	9	2歳特別		10	1	1	201.4	10.0	7	丸野勝虎	56	ダ1500		良	**	1:39.9	4.1	**	9-8-7		41.4	459(+6)			アストラビアンコ		202548112109
2023101930	2025-12-23	名古屋	晴	6	初翔特別(2歳)		10	8	10	57.2	10.0	5	丸野勝虎	56	ダ1400		稍	**	1:31.6	1.5	**	5-4-4		40.7	457(-2)			アンラコル	10.0	202548122306
2023101930	2026-01-04	名古屋	晴	8	松竹特別(3歳)		11	7	9	40.3	9.0	7	丸野勝虎	57	ダ1700		良	**	1:54.4	2.2	**	8-8-11		40.4	456(-1)			カトレアノクターン		202648010408
2023101930	2026-01-15	名古屋	晴	11	新春ペガサスC(重賞)		8	8	8	99.2	8.0	5	丸野勝虎	57	ダ1700		良	**	1:52.6	2.8	**	8-8-8		38.6	453(-3)			アストラビアンコ	60.0	202648011511
2023101930	2026-01-29	名古屋	曇	10	桃色梅特別(3歳)		12	7	9	46.9	7.0	3	丸野勝虎	57	ダ1500		良	**	1:38.0	0.6	**	10-10-5		39.1	457(+4)			ヴェリタスポルタ	18.0	202648012910
2023101973	2025-09-20	4阪神6	曇	5	2歳新馬		14	7	12	15.8	6.0	4	和田竜二	55	芝1600		良	**	1:35.6	0.5	**	2-2	36.8-33.5	34.0	460(0)			グッドピース	110.0	202509040605
2023101973	2025-10-05	3京都2	曇	2	2歳未勝利		7	5	5	5.2	4.0	5	田口貫太	56	芝1600		稍	**	1:34.9	1.0	**	2-2	35.0-35.3	36.1	468(+8)			プレセピオ	56.0	202508030202
2023101973	2025-10-18	3京都6	曇	1	2歳未勝利		9	2	2	5.1	3.0	7	和田竜二	56	ダ1400		稍	**	1:25.9	0.7	**	1-1	34.7-38.1	38.8	458(-10)			エシェックオロワ		202508030601
2023102027	2025-06-28	1函館5	晴	5	2歳新馬		16	3	5	5.0	3.0	1	松本大輝	54	芝1200		稍	**	1:10.1	-0.1	**	2-2	34.4-35.7	35.5	438(0)			(チョウブク)	750.0	202502010505
2023102104	2025-11-22	4京都5	晴	6	2歳新馬		16	2	4	129.9	13.0	4	田山旺佑	53	ダ1400		良	**	1:26.4	1.6	**	4-4	35.6-36.6	37.9	530(0)			カタリテ	110.0	202508040506
2023102104	2025-12-07	5阪神2	晴	2	2歳未勝利		16	3	5	34.3	10.0	5	田山旺佑	53	ダ1400		良	**	1:26.5	0.8	**	1-2	34.8-38.0	38.7	526(-4)			ジョアン	56.0	202509050202
2023102179	2025-11-30	4京都8	晴	3	2歳新馬		13	8	13	47.0	10.0	5	酒井学	55	芝1200		良	**	1:10.9	1.0	**	3-3	35.3-34.6	35.4	432(0)			オンザマーチ	75.0	202508040803
2023102343	2025-10-26	3京都9	曇	5	2歳新馬		10	3	3	179.2	10.0	8	高倉稜	55	芝1800		稍	**	1:53.0	2.5	**	4-3	38.1-33.7	35.8	434(0)			テルヒコウ		202508030905
2023102343	2025-11-22	4京都5	晴	3	2歳未勝利		18	8	18	547.5	18.0	中	高倉稜	55	芝1200		良	**			**	16-17	33.6-35.0		436(+2)			トップアタック		202508040503
2023102621	2025-09-21	4中山7	晴	4	2歳新馬		16	3	5	65.0	10.0	14	三浦皇成	55	ダ1800		稍	**	2:00.3	4.9	**	7-6-9-12	38.4-38.6	42.8	474(0)			ナリノシャーウッド		202506040704
2023102621	2025-10-25	4東京8	小雨	3	2歳未勝利		9	5	5	141.6	8.0	8	遠藤汰月	53	芝1800		良	**	1:50.8	2.2	**	3-2-2	35.7-35.0	36.7	472(-2)			ノーウェアマン		202505040803
2023102621	2025-11-29	5東京7	晴	2	2歳未勝利		18	4	7	644.5	18.0	13	佐藤翔馬	53	芝1400		良	**	1:23.0	1.3	**	15-15	35.1-34.6	34.4	472(0)			アグネスクレスト		202505050702
2023102621	2025-12-21	5中山6	曇	1	2歳未勝利		16	5	10	64.3	11.0	13	佐藤翔馬	53	ダ1200		不	**	1:13.9	2.6	**	10-9	34.5-36.8	38.6	480(+8)			ホウオウヘッセン		202506050601
2023102695	2025-12-21	5阪神6	雨	5	2歳新馬		12	3	3	46.4	10.0	5	田山旺佑	53	芝1800		重	**	1:48.9	0.3	**	6-5	36.4-34.2	33.9	438(0)			トリニティ	75.0	202509050605
2023102695	2026-01-11	1京都4	晴	12	3歳未勝利		18	1	1	32.8	10.0	7	田山旺佑	54	芝1800		良	**	1:50.2	1.0	**	14-12	36.4-34.9	34.5	436(-2)			ナリタエスペランサ		202608010412
2023102982	2025-10-26	4新潟4	雨	5	2歳新馬		18	2	3	21.8	9.0	4	古川奈穂	52	芝1600		稍	**	1:38.6	0.9	**	6-6	37.7-33.9	34.5	466(0)			オーライカモン	110.0	202504040405
2023102982	2025-11-15	3福島3	晴	4	2歳未勝利		16	7	13	25.8	9.0	6	古川奈穂	52	芝1200		良	**	1:09.0	0.1	**	11-10	33.4-35.5	34.8	470(+4)			ロンドンオービタル		202503030304
2023102982	2026-01-25	1小倉2	晴	2	3歳未勝利		18	8	17	6.2	4.0	3	田山旺佑	52	芝1200		良	**	1:08.2	0.2	**	2-2	33.6-34.4	34.5	470(0)			ミトノリン	150.0	202610010202
2023103355	2025-06-14	3東京3	曇	6	2歳新馬		10	6	6	6.8	4.0	4	木幡巧也	55	芝1400		良	**	1:23.5	0.9	**	1-1	35.9-35.0	35.9	434(0)			サンアントワーヌ	110.0	202505030306
2023103355	2025-07-20	2福島8	晴	3	2歳未勝利		6	1	1	2.1	2.0	1	木幡巧也	55	芝1200		良	**	1:11.0	-0.3	**	2-2	35.3-35.7	35.5	440(+6)			(タイセイフレッサ)	560.0	202503020803
2023103355	2025-09-20	4中山6	曇	9	カンナS(OP)		13	8	13	8.3	6.0	9	木幡巧也	55	芝1200		良	**	1:09.3	1.1	**	7-7	33.9-34.3	34.9	444(+4)			ウチュウノセカイ		202506040609
2023103355	2025-11-16	3福島4	晴	9	福島2歳S(OP)		16	1	2	37.2	13.0	3	富田暁	55	芝1200		良	**	1:09.3	0.1	**	4-3	33.6-35.6	35.4	448(+4)			タマモイカロス	404.9	202503030409
2023103355	2025-12-13	5中山3	曇	9	黒松賞(1勝クラス)		13	7	10	9.4	5.0	8	木幡巧也	55	芝1200		良	**	1:08.9	0.7	**	6-6	34.3-33.9	34.2	444(-4)			マーブルパレス		202506050309
2023103355	2026-01-24	1小倉1	晴	9	萌黄賞(1勝クラス)		12	8	11	11.8	4.0	5	富田暁	55	芝1200		良	**	1:08.1	0.4	**	4-4	33.2-34.5	34.6	446(+2)			ルージュサウダージ	114.0	202610010109
2023103549	2025-09-27	4阪神8	晴	4	2歳新馬		16	3	6	22.4	6.0	8	藤岡佑介	55	芝1600		良	**	1:35.4	0.8	**	15-15	35.3-35.1	34.3	420(0)			ホワイトオーキッド		202509040804
2023103549	2025-11-30	4京都8	晴	2	2歳未勝利		13	6	8	15.8	4.0	7	鮫島克駿	55	芝1800		良	**	1:47.7	1.3	**	11-10	34.4-35.6	35.8	420(0)			サウンドムーブ		202508040802
2023103575	2025-11-16	3福島4	晴	6	2歳新馬		15	4	6	58.4	11.0	14	富田暁	56	ダ1700		良	**	1:53.1	6.2	**	7-10-14-15	30.6-38.3	42.5	494(0)			ロンギングフォユー		202503030406
2023103575	2025-12-06	5阪神1	晴	1	2歳未勝利		16	5	10	251.1	16.0	9	国分恭介	56	ダ1200		良	**	1:14.5	1.6	**	15-15	35.1-37.8	37.3	488(-6)			ベラジオリン		202509050101
2023103575	2026-01-04	1京都1	晴	1	3歳未勝利		16	3	6	172.7	14.0	15	国分恭介	57	ダ1200		良	**	1:15.1	1.9	**	15-16	36.2-37.0	37.4	488(0)			リーグナイト		202608010101
2023103915	2025-10-18	4東京6	晴	5	2歳新馬		16	6	11	67.9	10.0	7	横山武史	56	芝1600		良	**	1:35.1	1.0	**	3-3	35.9-34.0	34.7	482(0)			アドマイヤクワッズ		202505040605
2023103915	2025-11-01	4東京10	晴	1	2歳未勝利		16	7	14	63.8	9.0	6	横山武史	56	ダ1600		不	**	1:36.9	0.9	**	8-8	34.6-37.3	37.0	478(-4)			アルカディアカフェ		202505041001
2023103915	2026-01-04	1中山1	晴	4	3歳未勝利		12	7	10	9.9	4.0	11	横山琉人	57	ダ1800		稍	**	1:59.1	3.9	**	2-4-6-9	36.5-40.7	44.2	486(+8)			サトノリシャール		202606010104
2023103936	2025-06-28	1函館5	晴	5	2歳新馬		16	7	14	24.7	6.0	3	黛弘人	55	芝1200		稍	**	1:10.3	0.2	**	7-7	34.4-35.7	35.2	418(0)			フィオラーノ	190.0	202502010505
2023103936	2025-08-31	2札幌4	曇	1	2歳未勝利		10	7	8	11.0	4.0	7	黛弘人	55	芝1200		稍	**	1:11.9	1.0	**	10-10	34.7-36.2	35.9	416(-2)			ファニーバニー		202501020401
2023103936	2025-11-09	3福島2	曇	2	2歳未勝利		16	3	6	28.1	9.0	4	上里直汰	52	芝1200		良	**	1:09.9	0.5	**	11-12	34.0-35.4	34.9	414(-2)			アンジュプロミス	84.0	202503030202
2023103936	2025-11-24	3福島6	晴	6	2歳未勝利		16	8	16	24.9	11.0	14	上里直汰	52	芝1200		良	**	1:10.3	1.3	**	16-16	34.1-34.9	34.5	412(-2)			ジャスパールビー		202503030606
2023103936	2026-02-01	1小倉4	曇	2	3歳未勝利		18	8	17	37.4	9.0	18	今村聖奈	53	芝1200		良	**	1:10.6	2.8	**	5-7	33.6-34.2	36.6	422(+10)			デルマリシリ		202610010402
2023103980	2025-08-02	1札幌3	晴	5	2歳新馬		11	6	7	26.3	7.0	1	橋木太希	52	芝1500		良	**	1:29.3	-0.5	**	6-6-7	30.4-34.4	33.9	416(0)			(レッドスティンガー)	750.0	202501010305
2023103980	2025-09-06	2札幌5	曇	11	札幌2歳S(GIII)		12	3	3	7.3	5.0	9	橋木太希	55	芝1800		良	**	1:51.5	0.9	**	7-7-7-6	38.2-36.1	36.2	412(-4)			ショウナンガルフ		202501020511
2023103980	2025-11-01	3京都10	晴	11	KBSファンタジーS(GIII)		12	1	1	7.8	5.0	6	横山典弘	55	芝1400		良	**	1:21.1	0.2	**	11-11	35.3-34.0	32.8	418(+6)			フェスティバルヒル		202508031011
2023103980	2025-11-23	5東京5	曇	9	赤松賞(1勝クラス)		8	2	2	2.7	1.0	2	横山典弘	55	芝1600		良	**	1:33.9	0.3	**	8-8	35.9-33.8	32.9	418(0)			ヒズマスターピース	444.8	202505050509
2023103980	2026-01-17	1中山6	晴	9	菜の花賞(1勝クラス)		8	6	6	2.1	1.0	7	横山典弘	55	芝1600		良	**	1:34.9	0.5	**	8-6-7	35.3-34.6	34.4	418(0)			アメティスタ		202606010609
2023104066	2026-01-12	1京都5	晴	4	3歳新馬		16	1	1	19.3	6.0	10	鮫島克駿	57	ダ1800		良	**	1:56.7	2.0	**	11-10-9-10	38.1-36.7	37.9	486(0)			アメリカンスタイル		202608010504
2023104066	2026-01-25	1京都9	晴	1	3歳未勝利		11	4	4	31.9	7.0	5	鮫島克駿	57	ダ1800		良	**	1:56.6	0.5	**	6-6-4-4	38.0-37.6	37.8	476(-10)			ロックバンド	59.0	202608010901
2023104402	2025-06-15	3阪神4	曇	5	2歳新馬		8	8	8	33.9	6.0	5	戸崎圭太	55	芝1800		重	**	1:50.3	1.0	**	8-7	36.9-34.0	34.2	452(0)			サレジオ	75.0	202509030405
2023104402	2025-11-16	4京都4	晴	3	2歳未勝利		15	5	9	18.8	5.0	3	武豊	56	芝1600		良	**	1:34.5	0.6	**	8-9	34.9-35.5	35.5	470(+18)			エイシンティザー	140.0	202508040403
2023104402	2025-12-13	5中京3	曇	4	2歳未勝利		13	4	5	3.4	2.0	4	武豊	56	芝1600		良	**	1:34.9	0.6	**	10-11-11	35.7-35.0	34.2	460(-10)			イージーライダー	84.0	202507050304
2023104402	2026-01-04	1京都1	晴	3	3歳未勝利		16	2	3	13.0	7.0	6	武豊	57	ダ1400		良	**	1:27.1	0.5	**	15-10	35.7-38.2	37.4	466(+6)			ハードシングス		202608010103
2023104499	2025-11-29	4京都7	晴	6	2歳新馬		12	8	13	38.4	8.0	8	松本大輝	55	ダ1800		良	**	1:56.4	2.6	**	4-5-7-6	36.7-37.8	39.8	472(0)			バートラガッツ		202508040706
2023104499	2025-12-14	5阪神4	曇	2	2歳未勝利		16	3	5	113.9	13.0	14	西塚洸二	55	ダ1400		稍	**	1:28.8	4.1	**	7-7	34.3-38.0	41.3	468(-4)			カナタコナタ		202509050402
2023104528	2025-09-13	4阪神3	曇	5	2歳新馬		11	7	9	12.4	6.0	2	鮫島克駿	55	芝1200		良	**	1:10.2	0.0	**	1-2	34.8-35.4	35.4	460(0)			シラヌイ	300.0	202509040305
2023104528	2025-09-27	4阪神8	晴	3	2歳未勝利		14	7	13	21.4	8.0	3	松山弘平	55	芝1200		良	**	1:09.4	0.3	**	4-3	34.0-35.1	35.0	458(-2)			フォーゲル	140.0	202509040803
2023104528	2025-11-22	4京都5	晴	3	2歳未勝利		18	3	5	4.3	2.0	1	西村淳也	56	芝1200		良	**	1:08.6	-0.1	**	1-1	33.6-35.0	35.0	464(+6)			(マーゴットミスト)	560.0	202508040503
2023104528	2025-12-06	5阪神1	晴	9	さざんか賞(1勝クラス)		8	4	4	3.3	2.0	2	松山弘平	56	芝1200		良	**	1:09.1	0.0	**	1-1	35.2-33.9	33.9	460(-4)			フォーゲル	445.0	202509050109
2023104528	2026-01-24	1小倉1	晴	9	萌黄賞(1勝クラス)		12	7	9	2.1	1.0	6	松山弘平	57	芝1200		良	**	1:08.4	0.7	**	2-2	33.2-34.5	35.2	462(+2)			ルージュサウダージ		202610010109
2023104666	2025-07-06	2福島4	曇	4	2歳新馬		11	6	6	116.1	10.0	10	石神深道	52	芝1200		良	**	1:13.8	2.2	**	7-7	35.9-35.7	37.3	370(0)			リネンタイリン		202503020404
2023104666	2025-12-06	5中山1	晴	3	2歳未勝利		15	4	6	415.1	13.0	13	長浜鴻緒	54	芝1600		良	**	1:37.2	1.8	**	12-13-13	36.2-34.2	34.6	386(+16)			スミッコディスコ		202506050103
2023104666	2026-01-11	1中山4	晴	6	3歳未勝利		17	4	7	201.3	17.0	16	石田拓郎	54	芝2200		良	**	2:16.3	2.5	**	14-15-13-14	36.6-36.1	37.4	388(+2)			グランアルト		202606010406
2023104875	2025-07-26	3中京1	晴	4	2歳新馬		11	3	3	130.0	10.0	9	長岡禎仁	55	芝1400		良	**	1:23.9	1.9	**	1-1	34.6-35.5	37.4	430(0)			マイケルバローズ		202507030104
2023104875	2025-08-09	3中京5	曇	3	2歳未勝利		12	2	2	48.8	7.0	5	長岡禎仁	55	芝1200		良	**	1:09.4	0.6	**	1-1	34.1-34.7	35.3	426(-4)			フレンドモナコ	56.0	202507030503
2023104875	2025-10-25	4新潟3	晴	2	2歳未勝利		15	7	12	9.2	5.0	14	今村聖奈	53	ダ1200		良	**	1:17.0	4.9	**	3-3	34.5-37.6	42.2	438(+12)			レディサン		202504040302
2023104875	2025-12-06	5中京1	晴	4	2歳未勝利		18	2	4	78.8	10.0	6	長岡禎仁	55	芝1200		良	**	1:09.7	0.4	**	3-3	34.6-34.7	34.8	434(-4)			ハッピーラッキー		202507050104
2023104917	2025-12-14	5阪神4	晴	4	2歳新馬		11	1	1	39.0	9.0	8	松若風馬	55	芝1400		稍	**	1:23.2	1.2	**	3-3	34.8-35.4	36.4	430(0)			テイエムスティール		202509050404
2023104972	2025-08-23	2札幌1	晴	5	2歳新馬		9	1	1	50.5	7.0	8	和田陽希	52	芝1500		稍	**	1:37.1	6.2	**	8-8-8	31.6-35.3	38.9	484(0)			グリオンヴール		202501020105
2023104972	2025-09-27	4阪神8	晴	1	2歳未勝利		15	4	7	72.9	12.0	8	和田陽希	52	ダ1400		良	**	1:28.3	2.8	**	12-12	35.2-37.5	39.2	482(-2)			ブロンテス		202509040801
2023104972	2025-10-11	3京都3	曇	2	2歳未勝利		8	8	8	100.8	7.0	5	和田陽希	53	ダ1800		良	**	1:56.2	2.7	**	8-8-8-8	37.8-37.1	38.0	480(-2)			カムアップローゼス	56.0	202508030302
2023104972	2025-10-25	3京都8	曇	2	2歳未勝利		11	7	8	95.4	9.0	8	岩田康誠	56	ダ1800		良	**	1:57.6	2.0	**	2-2-2-2	38.7-37.7	39.5	484(+4)			ゴールデンスラム		202508030802
2023104998	2025-06-14	1函館1	晴	5	2歳新馬		12	1	1	1.5	1.0	1	池添謙一	55	芝1000		良	**	0:56.4	-0.5	**	1-1	33.7-33.9	33.9	452(0)			(ファニーバニー)	750.0	202502010105
2023104998	2025-07-20	1函館12	晴	11	函館2歳S(GIII)		12	2	2	2.6	2.0	3	池添謙一	55	芝1200		良	**	1:09.0	0.6	**	4-3	34.3-34.1	34.2	454(+2)			エイシンディード	786.3	202502011211
2023104998	2025-10-04	3京都1	小雨	9	りんどう賞(1勝クラス)		8	2	2	4.5	2.0	8	池添謙一	55	芝1400		重	**	1:22.8	1.1	**	5-5	35.0-34.8	35.3	460(+6)			ラスティングスノー		202508030109
2023104998	2025-12-06	5阪神1	晴	9	さざんか賞(1勝クラス)		8	7	7	3.8	3.0	3	武豊	55	芝1200		良	**	1:09.5	0.4	**	4-2	35.2-33.9	33.9	452(-8)			フォーゲル	282.5	202509050109
2023104998	2026-01-24	1小倉1	晴	9	萌黄賞(1勝クラス)		12	5	5	3.8	2.0	2	ルメール	55	芝1200		良	**	1:07.9	0.2	**	4-4	33.2-34.5	34.4	452(0)			ルージュサウダージ	467.2	202610010109
2023105112	2025-09-07	4中山2	晴	6	2歳新馬		16	4	8	15.5	7.0	6	菊沢一樹	55	ダ1800		良	**	1:58.2	1.6	**	4-4-4-4	37.1-40.3	41.3	450(0)			ヴァレンティーニ		202506040206
2023105112	2025-12-21	5中京6	小雨	1	2歳未勝利		16	5	9	21.4	6.0	6	丸山元気	56	ダ1800		稍	**	1:56.9	1.7	**	6-8-6-5	36.9-38.8	40.0	454(+4)			マッドゲイル		202507050601
2023105112	2026-01-11	1京都4	晴	1	3歳未勝利		16	8	15	66.9	9.0	5	高杉吏麒	57	ダ1800		良	**	1:56.5	1.6	**	2-2-2-2	37.1-37.7	39.1	450(-4)			キタノシャカール	59.0	202608010401
2023105144	2025-08-10	1札幌6	曇	5	2歳新馬		12	7	10	27.0	7.0	5	橋木太希	52	芝1500		良	**	1:31.6	0.5	**	8-9-11	30.5-35.6	35.2	424(0)			ドルチェミスト	75.0	202501010605
2023105144	2025-08-30	2札幌3	小雨	1	2歳未勝利		8	6	6	7.6	4.0	3	橋木太希	52	芝1500		稍	**	1:32.4	0.5	**	3-3-3	31.3-36.0	36.3	428(+4)			ラスティングスノー	140.0	202501020301
2023105144	2025-12-06	5中京1	晴	1	2歳未勝利		16	5	10	14.3	7.0	12	橋木太希	52	ダ1400		良	**	1:28.2	1.4	**	11-11	35.0-38.7	39.1	432(+4)			ダンシングドール		202507050101
2023105144	2025-12-20	5阪神5	晴	3	2歳未勝利		18	7	15	343.8	16.0	11	橋木太希	52	芝1600		良	**	1:34.9	1.3	**	16-17	35.7-34.3	34.3	426(-6)			サトノセプター		202509050503
2023105185	2025-06-22	3阪神6	晴	6	2歳新馬		16	4	8	56.9	13.0	14	国分優作	55	ダ1200		良	**	1:16.9	2.5	**	9-9	36.0-38.4	40.3	464(0)			シュテフィ		202509030606
2023105185	2025-09-28	4阪神9	晴	2	2歳未勝利		14	4	5	87.2	12.0	5	斎藤新	55	芝1400		良	**	1:22.3	0.6	**	3-2	34.4-35.5	35.8	474(+10)			ノアールビーナス	56.0	202509040902
2023105185	2025-10-13	3京都5	晴	3	2歳未勝利		16	2	4	36.8	9.0	4	菅原明良	55	芝1400		良	**	1:21.4	0.5	**	8-8	33.4-36.0	35.6	474(0)			ネネキリマル	84.0	202508030503
2023105185	2025-10-26	3京都9	曇	2	2歳未勝利		10	8	9	19.3	6.0	7	西村淳也	55	芝1600		稍	**	1:36.2	1.2	**	2-2	34.2-37.0	38.0	476(+2)			マイリトルヒーロー		202508030902
2023105185	2025-12-21	5中京6	雨	4	2歳未勝利		17	3	5	58.1	11.0	11	国分優作	55	芝1400		稍	**	1:22.7	0.8	**	6-6	35.0-35.0	35.3	468(-8)			テルヴィセクス		202507050604
2023105185	2025-12-28	5阪神8	晴	2	2歳未勝利		17	6	11	112.7	13.0	3	斎藤新	55	芝1400		良	**	1:21.5	0.1	**	10-8	34.2-35.5	34.9	472(+4)			デアヴェローチェ	140.0	202509050802
2023105185	2026-01-25	1小倉2	晴	2	3歳未勝利		18	2	4	5.7	3.0	1	斎藤新	55	芝1200		良	**	1:08.0	-0.1	**	4-4	33.6-34.4	33.8	472(0)			(マイネルユーゲント)	590.0	202610010202
2023105352	2025-08-09	3中京5	曇	4	2歳新馬		10	1	1			除	幸英明	55	芝1400		良	**			**		35.9-34.3		426(0)			アイニードユー		202507030504
2023105352	2025-08-23	4中京1	曇	5	2歳新馬		10	7	8	2.1	1.0	2	松山弘平	55	芝1400		良	**	1:22.5	0.2	**	1-1	35.2-34.9	35.1	430(0)			アルスマグナ	300.0	202507040105
2023105352	2025-12-07	5阪神2	晴	3	2歳未勝利		18	8	16	19.2	7.0	3	鮫島克駿	55	芝1400		良	**	1:20.8	0.6	**	3-3	33.7-35.0	35.1	428(-2)			メイクワンズデイ	140.0	202509050203
2023105727	2025-10-04	3京都1	雨	3	2歳新馬		16	4	7	19.9	6.0	4	国分恭介	56	ダ1400		重	**	1:25.6	1.2	**	7-7	34.9-37.2	37.3	508(0)			アスクケンタッキー	110.0	202508030103
2023105727	2025-10-18	4東京6	晴	1	2歳未勝利		11	8	11	5.3	2.0	6	北村友一	56	ダ1600		良	**	1:40.4	1.9	**	3-3	35.9-37.4	39.0	506(-2)			サンデーパーティー		202505040601
2023105727	2025-12-07	5阪神2	晴	3	2歳未勝利		18	6	12	57.3	10.0	10	和田陽希	53	芝1400		良	**	1:21.6	1.4	**	8-8	33.7-35.0	35.3	506(0)			メイクワンズデイ		202509050203
2023105727	2026-01-25	1京都9	晴	4	3歳未勝利		10	6	6	7.3	3.0	4	高杉吏麒	57	ダ1400		良	**	1:28.2	0.6	**	1-1	37.8-36.7	37.3	502(-4)			ワイドグンサ	89.0	202608010904
2023105810	2025-12-28	5阪神8	晴	6	2歳新馬		16	8	16	6.7	4.0	3	吉村誠之	56	芝1600		良	**	1:35.5	0.1	**	9-6	35.1-34.7	34.4	518(0)			キシダンチョウ	190.0	202509050806
2023105810	2026-01-18	1京都7	晴	6	3歳未勝利		18	8	16	31.9	7.0	7	吉村誠之	57	芝1600		良	**	1:34.7	0.7	**	6-6	33.6-36.8	36.5	516(-2)			マゲバスピード		202608010706
2023105812	2025-08-16	1札幌7	晴	5	2歳新馬		11	5	5	2.1	1.0	3	横山武史	55	芝1200		良	**	1:10.9	0.3	**	2-3	34.4-36.2	36.4	394(0)			ナオミライトニング	190.0	202501010705
2023105812	2025-08-31	2札幌4	曇	1	2歳未勝利		10	1	1	7.0	3.0	2	小林美駒	52	芝1200		稍	**	1:11.0	0.1	**	4-3	34.7-36.2	36.0	394(0)			ファニーバニー	220.0	202501020401
2023105812	2025-09-06	2札幌5	晴	2	2歳未勝利		11	8	11	3.7	2.0	1	小林美駒	52	芝1200		良	**	1:09.7	-0.9	**	1-1	34.7-35.0	35.0	400(+6)			(ココソラーレ)	560.0	202501020502
2023105812	2025-12-13	5中京3	曇	9	つわぶき賞(1勝クラス)		11	8	10	27.1	6.0	6	松山弘平	55	芝1400		良	**	1:20.5	0.6	**	3-3	33.7-35.0	34.8	408(+8)			プレセピオ		202507050309
2023105919	2025-06-28	1函館5	晴	5	2歳新馬		16	1	2	42.3	9.0	7	小林美駒	51	芝1200		稍	**	1:11.0	0.9	**	10-11	34.4-35.7	35.5	444(0)			フィオラーノ		202502010505
2023105919	2025-07-19	1函館11	曇	1	2歳未勝利		11	3	3	37.5	5.0	3	小林美駒	51	芝1800		良	**	1:49.7	0.7	**	1-1-1-1	36.3-35.3	36.0	444(0)			スマートプリエール	140.0	202502011101
2023105919	2025-08-02	1札幌3	晴	1	2歳未勝利		8	8	8	5.7	2.0	4	小林美駒	52	芝1800		良	**	1:51.0	0.8	**	1-1-1-1	36.4-35.8	36.6	440(-4)			ジャストビート	84.0	202501010301
2023105919	2025-11-08	3福島1	晴	2	2歳未勝利		16	6	12	28.5	10.0	10	永島まな	53	芝1800		良	**	1:49.3	1.7	**	16-16-16-16	34.6-36.3	36.2	446(+6)			ハーディジェナー		202503030102
2023105919	2025-11-23	5東京5	曇	2	2歳未勝利		18	8	16	343.7	16.0	18	原優介	55	芝1800		良	**	1:49.2	2.0	**	8-9-10	35.9-34.7	35.6	448(+2)			リスレジャンデール		202505050502
2023105919	2026-01-21	笠松	曇	8	中津川宿特別(3歳)		8	8	8	8.3	3.0	3	渡辺竜也	55	ダ1400		良	**	1:31.6	1.4	**	3-2-3		40.4	447(-1)			スマイルカーブ	17.5	202647012108
2023106184	2025-08-16	3中京7	晴	2	2歳新馬		10	2	2	12.1	6.0	10	坂井瑠星	55	芝1200		良	**	1:19.7	10.9	**	10-10	34.4-34.4	39.9	476(0)			シルバーナイツ		202507030702
2023106184	2025-10-13	3京都5	晴	3	2歳未勝利		16	7	13	45.5	10.0	1	高杉吏麒	56	芝1400		良	**	1:20.9	-0.3	**	7-4	33.4-36.0	35.2	472(-4)			(シャンデリュイーズ)	560.0	202508030503
2023106184	2025-11-08	5東京1	晴	11	京王杯2歳S(GII)		16	1	1	19.5	7.0	11	佐々木大	56	芝1400		良	**	1:22.0	1.1	**	4-4	35.2-33.7	34.4	472(0)			ダイヤモンドノット		202505050111
2023106184	2025-12-27	5阪神7	晴	9	万両賞(1勝クラス)		10	7	7	18.4	8.0	9	ジェルー	56	芝1400		良	**	1:21.9	1.3	**	9-9	35.2-34.0	34.4	480(+8)			アスミル		202509050709
2023106236	2025-07-12	2小倉5	晴	5	2歳新馬		12	8	12	203.5	12.0	6	小崎綾也	55	芝1800		良	**	1:52.4	1.6	**	2-2-2-3	37.4-36.7	38.2	440(0)			クールフラン		202510020505
2023106236	2025-10-13	3京都5	晴	2	2歳未勝利		10	3	3	132.3	10.0	7	小崎綾也	55	芝1600		良	**	1:35.0	0.4	**	4-5	35.2-34.8	34.9	446(+6)			メイプルハッピー		202508030502
2023106236	2025-10-25	3京都8	曇	3	2歳未勝利		12	3	3	225.5	11.0	6	小崎綾也	55	芝1400		良	**	1:21.9	0.6	**	6-6	34.2-35.4	35.6	448(+2)			フロムレイブン		202508030803
2023106242	2025-06-29	2小倉2	晴	6	2歳新馬		10	7	7	48.7	8.0	6	松若風馬	55	芝1200		良	**	1:10.3	0.6	**	5-5	34.9-34.8	34.9	398(0)			コラルリーフ		202510020206
2023106242	2025-07-12	2小倉5	晴	1	2歳未勝利		10	4	4	57.5	7.0	9	松若風馬	55	芝1200		良	**	1:10.9	2.9	**	5-7	33.0-35.0	37.4	392(-6)			スターアニス		202510020501
2023106242	2025-09-13	4阪神3	曇	2	2歳未勝利		8	3	3	209.0	8.0	7	和田陽希	52	ダ1200		良	**	1:15.6	2.9	**	8-8	36.0-36.7	38.3	402(+10)			イダテンシャチョウ		202509040302
2023106242	2025-10-04	3京都1	雨	2	2歳未勝利		8	7	7	171.1	6.0	7	和田陽希	52	芝2000		稍	**	2:05.2	2.3	**	3-3-8-8	37.5-34.4	35.7	402(0)			ウィズクィーン		202508030102
2023106242	2025-11-01	3京都10	晴	3	2歳未勝利		8	2	2	235.1	8.0	7	大久保友	52	芝1800		稍	**	1:51.0	1.6	**	2-3	36.4-34.2	35.6	404(+2)			フォルナックス		202508031003
2023106242	2025-12-21	5阪神6	雨	3	2歳未勝利		18	7	14	700.5	18.0	14	柴田裕一	53	芝1800		稍	**	1:49.0	1.5	**	5-5	35.2-35.3	36.3	400(-4)			エイズルブルーム		202509050603
2023106289	2025-11-09	4京都2	雨	4	2歳新馬		16	2	3	94.9	12.0	5	松若風馬	56	ダ1400		稍	**	1:25.5	0.6	**	3-4	35.8-36.9	37.2	426(0)			ヒルノプーリア	75.0	202508040204
2023106289	2025-11-23	4京都6	晴	1	2歳未勝利		14	1	1	40.0	8.0	12	高杉吏麒	56	ダ1400		良	**	1:28.2	3.2	**	9-9	35.0-37.6	40.0	434(+8)			ホットシート		202508040601
2023106464	2025-07-20	2小倉8	晴	5	2歳新馬		13	3	3	129.8	10.0	13	幸英明	55	芝1800		良	**	1:56.4	3.9	**	6-6-9-11	38.8-35.5	38.6	504(0)			ベレシート		202510020805
2023106464	2025-08-03	3中京4	晴	1	2歳未勝利		5	2	2	62.7	5.0	5	小崎綾也	55	芝2000		良	**	2:04.5	1.2	**	3-3-3-3	37.5-34.0	34.9	516(+12)			ユヴァスキュラ	56.0	202507030401
2023106464	2025-08-17	3中京8	晴	1	2歳未勝利		7	7	7	139.5	6.0	6	川端海翼	52	芝2000		良	**	2:02.6	1.9	**	1-1-1-1	35.1-35.1	37.0	516(0)			ローベルクランツ		202507030801
2023106464	2025-10-19	4新潟2	曇	1	2歳未勝利		12	2	2	54.0	9.0	10	斎藤新	55	芝2000		稍	**	2:03.1	1.5	**	3-3-3-3	35.0-36.4	37.6	514(-2)			ステラスペース		202504040201
2023106464	2025-11-16	4京都4	晴	1	2歳未勝利		14	8	14	115.9	12.0	10	丹内祐次	55	ダ1400		良	**	1:26.4	1.7	**	4-5	34.8-37.6	38.8	524(+10)			エイシンビリオン		202508040401
2023106464	2025-11-29	4京都7	晴	3	2歳未勝利		14	6	9	244.7	13.0	7	斎藤新	55	芝1600		良	**	1:35.6	1.0	**	1-1	35.0-35.2	36.2	524(0)			トミーバローズ		202508040703
2023106464	2026-01-24	1京都8	晴	6	3歳未勝利		17	8	17	178.8	15.0	4	小崎綾也	55	芝1400		良	**	1:22.5	0.5	**	1-1	34.8-35.3	35.8	516(-8)			メルメラーダ	89.0	202608010806
2023106474	2025-09-07	4中山2	晴	5	2歳新馬		12	2	2	6.3	3.0	6	津村明秀	55	芝1800		良	**	1:49.5	0.6	**	2-2-2-2	37.1-34.5	34.9	478(0)			フォルテアンジェロ		202506040205
2023106474	2025-09-21	4中山7	晴	3	2歳未勝利		10	5	5	17.1	3.0	5	石川裕紀	55	芝1800		良	**	1:50.5	1.1	**	2-2-2-2	36.7-35.4	36.2	480(+2)			パントルナイーフ	56.0	202506040703
2023106474	2025-10-18	4新潟1	曇	1	2歳未勝利		13	4	4	18.4	7.0	7	横山琉人	56	芝1600		良	**	1:34.8	0.9	**	9-9	35.2-33.9	34.1	486(+6)			リアライズブラーヴ		202504040101
2023106474	2026-01-05	1中山2	晴	6	3歳未勝利		18	7	14	144.6	15.0	11	横山琉人	57	芝2000		良	**	2:02.1	1.0	**	2-3-3-2	35.5-36.1	36.9	484(-2)			イモータリス		202606010206
2023106474	2026-02-01	1小倉4	曇	1	3歳未勝利		16	4	8	17.4	7.0	5	丹内祐次	57	ダ1700		良	**	1:48.6	1.5	**	7-7-5-5	29.8-38.2	39.3	492(+8)			ラブインアクション	59.0	202610010401
2023106485	2025-11-02	4東京11	曇	4	2歳新馬		16	7	14	5.4	3.0	8	津村明秀	55	芝1600		良	**	1:34.5	0.9	**	4-2	34.5-34.4	35.0	468(0)			モートンアイランド		202505041104
2023106485	2025-11-24	5東京6	晴	2	2歳未勝利		18	5	10	13.0	4.0	4	津村明秀	55	芝1400		良	**	1:22.0	0.7	**	10-10	35.3-34.0	33.8	474(+6)			ミッキーダムール	84.0	202505050602
2023106485	2025-12-21	5中京6	雨	4	2歳未勝利		17	4	7	5.3	3.0	5	斎藤新	55	芝1400		稍	**	1:22.2	0.3	**	3-3	35.0-35.0	35.0	468(-6)			テルヴィセクス	56.0	202507050604
2023106536	2025-11-08	4京都1	晴	6	2歳新馬		11	5	5	268.6	11.0	7	国分優作	55	芝1400		良	**	1:24.1	1.4	**	4-3	35.8-35.2	36.3	406(0)			コスモレッド		202508040106
2023106536	2025-11-22	4京都5	晴	1	2歳未勝利		14	5	8	169.6	11.0	14	国分優作	55	ダ1200		良	**	1:15.8	2.6	**	11-11	36.3-36.9	38.5	408(+2)			テーオーナタリー		202508040501
2023106807	2025-07-12	2福島5	曇	5	2歳新馬		11	7	9	2.6	1.0	3	戸崎圭太	55	芝1200		良	**	1:11.6	0.2	**	9-6	35.9-35.5	34.7	406(0)			ミスバレンシア	190.0	202503020505
2023106807	2025-08-31	3新潟4	晴	3	2歳未勝利		18	1	2	3.1	1.0	7	戸崎圭太	55	芝1400		良	**	1:23.6	1.1	**	9-8	34.1-36.2	36.7	408(+2)			ホットゥトロット		202504030403
2023106807	2025-11-15	3福島3	晴	4	2歳未勝利		16	4	8	8.3	5.0	2	荻野極	55	芝1200		良	**	1:09.0	0.1	**	13-12	33.4-35.5	34.6	416(+8)			ロンドンオービタル	220.0	202503030304
2023106862	2025-09-27	4阪神8	晴	4	2歳新馬		16	7	14	5.0	3.0	6	武豊	55	芝1600		良	**	1:35.1	0.5	**	7-5	35.3-35.1	34.9	422(0)			ホワイトオーキッド		202509040804
2023106862	2025-12-07	5中京2	晴	4	2歳未勝利		14	3	3	21.6	6.0	5	武豊	55	芝1600		良	**	1:34.4	0.3	**	5-5-5	35.1-34.7	34.5	424(+2)			トライアンフパス	56.0	202507050204
2023106862	2025-12-21	5中京6	雨	4	2歳未勝利		17	5	10	11.0	5.0	6	高杉吏麒	55	芝1400		稍	**	1:22.5	0.6	**	5-5	35.0-35.0	35.2	418(-6)			テルヴィセクス		202507050604
2023106877	2025-11-30	4京都8	晴	3	2歳新馬		13	7	10	3.2	1.0	9	西村淳也	55	芝1200		良	**	1:11.2	1.3	**	10-9	35.3-34.6	34.6	424(0)			オンザマーチ		202508040803
2023106912	2025-07-13	2小倉6	曇	6	2歳新馬		8	5	5	3.4	1.0	1	松山弘平	55	芝1200		良	**	1:11.2	-0.4	**	1-1	35.5-35.7	35.7	444(0)			(リトゥリア)	750.0	202510020606
2023106912	2025-08-31	4中京4	晴	11	中京2歳S(GIII)		13	8	13	46.3	9.0	12	高杉吏麒	55	芝1400		良	**	1:22.3	2.9	**	3-3	33.3-34.9	37.5	450(+6)			キャンディード		202507040411
2023106912	2025-09-20	4中山6	曇	9	カンナS(OP)		13	8	12	72.5	13.0	13	菅原明良	55	芝1200		良	**	1:09.7	1.5	**	13-13	33.9-34.3	34.7	448(-2)			ウチュウノセカイ		202506040609
2023106912	2026-01-24	1小倉1	晴	9	萌黄賞(1勝クラス)		12	1	1	99.2	9.0	8	横山琉人	55	芝1200		良	**	1:08.4	0.7	**	6-6	33.2-34.5	34.6	446(-2)			ルージュサウダージ		202610010109
2023107042	2025-10-19	3京都7	曇	4	2歳新馬		17	1	2	24.2	8.0	9	池添謙一	55	芝1400		良	**	1:23.2	1.0	**	7-7	35.3-35.0	35.4	412(0)			ミルトベスト		202508030704
2023107042	2026-01-25	1小倉2	晴	2	3歳未勝利		18	4	7	40.6	9.0	4	西塚洸二	54	芝1200		良	**	1:08.3	0.3	**	3-3	33.6-34.4	34.4	428(+16)			ミトノリン	89.0	202610010202
2023107125	2025-11-30	4京都8	晴	3	2歳新馬		13	8	12	9.0	4.0	8	松若風馬	55	芝1200		良	**	1:11.2	1.3	**	12-12	35.3-34.6	34.4	418(0)			オンザマーチ		202508040803
2023107235	2025-08-02	1札幌3	晴	5	2歳新馬		11	3	3	10.9	6.0	4	鮫島克駿	55	芝1500		良	**	1:29.9	0.6	**	3-3-3	30.4-34.4	34.8	402(0)			ポペット	110.0	202501010305
2023107235	2025-10-18	4新潟1	曇	3	2歳未勝利		18	4	7	11.6	7.0	6	斎藤新	55	芝1200		良	**	1:09.9	0.4	**	5-4	34.1-35.4	35.4	402(0)			ガラベイヤ		202504040103
2023107235	2025-11-01	3京都10	晴	2	2歳未勝利		12	6	7	7.5	4.0	4	鮫島克駿	55	芝1200		稍	**	1:10.2	0.3	**	6-5	35.1-34.8	34.6	402(0)			トモジャプレジール	84.0	202508031002
2023107303	2025-12-28	5阪神8	晴	6	2歳新馬		16	2	4	59.8	13.0	16	小沢大仁	56	芝1600		良	**	1:37.4	2.0	**	3-3	35.1-34.7	36.5	460(0)			キシダンチョウ		202509050806
2023107465	2025-07-20	2小倉8	晴	5	2歳新馬		13	7	11	257.8	12.0	8	川須栄彦	55	芝1800		良	**	1:54.6	2.1	**	9-9-2-3	38.8-35.5	37.5	466(0)			ベレシート		202510020805
2023107465	2025-10-04	3京都1	雨	1	2歳未勝利		14	8	14	286.4	12.0	10	西塚洸二	55	ダ1800		重	**	1:55.2	3.0	**	14-14-14-12	36.1-37.7	38.7	468(+2)			フルールドール		202508030101
2023110015	2025-09-13	4阪神3	曇	5	2歳新馬		11	8	10	2.7	1.0	10	松山弘平	55	芝1200		良	**	1:12.8	2.6	**	9-6	34.8-35.4	37.1	476(0)			シラヌイ		202509040305
2023110015	2025-10-26	3京都9	曇	2	2歳未勝利		10	2	2	5.4	3.0	3	松山弘平	56	芝1600		稍	**	1:35.2	0.2	**	7-9	34.2-37.0	36.3	484(+8)			マイリトルヒーロー	140.0	202508030902
2023110015	2025-11-29	4京都7	晴	3	2歳未勝利		14	4	6	3.3	2.0	5	Ｃ．デム	56	芝1600		良	**	1:35.0	0.4	**	5-7	35.0-35.2	35.2	476(-8)			トミーバローズ	56.0	202508040703
2023110015	2025-12-27	5阪神7	晴	4	2歳未勝利		15	3	5	5.2	4.0	3	Ｃ．デム	56	芝1600		良	**	1:34.0	0.2	**	11-13	34.6-35.4	34.6	472(-4)			フレイムスター	140.0	202509050704
2023110025	2025-12-07	5中京2	晴	5	2歳新馬		17	2	3	5.3	2.0	9	戸崎圭太	55	芝1400		良	**	1:22.6	0.8	**	7-7	35.6-34.2	34.4	464(0)			ゴーゴーリチャード		202507050205
2023110040	2025-06-14	3東京3	曇	6	2歳新馬		10	5	5	24.3	7.0	3	三浦皇成	55	芝1400		良	**	1:23.4	0.8	**	5-4	35.9-35.0	35.5	452(0)			サンアントワーヌ	190.0	202505030306
2023110040	2025-06-28	2福島1	晴	1	2歳未勝利		10	2	2	5.6	2.0	1	三浦皇成	55	芝1200		良	**	1:08.8	-0.4	**	1-1	33.6-35.2	35.2	452(0)			(フクチャンショウ)	560.0	202503020101
2023110040	2025-08-31	4中京4	晴	11	中京2歳S(GIII)		13	4	5	36.8	8.0	11	松若風馬	55	芝1400		良	**	1:22.2	2.8	**	1-1	33.3-34.9	37.7	460(+8)			キャンディード		202507040411
2023110040	2025-09-20	4中山6	曇	9	カンナS(OP)		13	5	7	8.0	4.0	11	丹内祐次	55	芝1200		良	**	1:09.4	1.2	**	7-7	33.9-34.3	35.0	464(+4)			ウチュウノセカイ		202506040609
2023110040	2025-11-16	3福島4	晴	9	福島2歳S(OP)		16	2	4	23.6	9.0	14	丸山元気	55	芝1200		良	**	1:10.1	0.9	**	10-11	33.6-35.6	35.8	460(-4)			タマモイカロス		202503030409
2023110054	2025-06-22	1函館4	曇	5	2歳新馬		12	6	8	5.9	3.0	2	鮫島克駿	55	芝1200		重	**	1:10.5	0.0	**	2-2	34.5-36.0	35.8	446(0)			クラディスティーナ	300.0	202502010405
2023110054	2025-07-06	1函館8	曇	1	2歳未勝利		10	2	2	2.6	2.0	3	鮫島克駿	55	芝1200		稍	**	1:10.5	0.3	**	5-6	34.2-36.0	35.1	448(+2)			タガノアラリア	140.0	202502010801
2023110054	2025-07-20	1函館12	晴	1	2歳未勝利		16	1	2	6.0	3.0	1	柴田裕一	52	芝1200		良	**	1:09.1	-0.1	**	1-1	33.8-35.3	35.3	456(+8)			(ロンドンオービタル)	560.0	202502011201
2023110097	2025-10-04	3京都1	雨	3	2歳新馬		16	3	6	28.7	9.0	16	松本大輝	54	ダ1400		重	**	1:32.5	8.1	**	8-12	34.9-37.2	43.8	438(0)			アスクケンタッキー		202508030103
2023110097	2025-11-08	4京都1	晴	2	2歳未勝利		15	8	14	296.3	14.0	2	田山旺佑	52	芝1400		良	**	1:21.2	0.3	**	1-1	35.1-34.3	34.6	438(0)			ナムラコスモス	220.0	202508040102
2023110097	2025-11-24	3福島6	晴	6	2歳未勝利		16	1	2	6.5	3.0	1	田山旺佑	52	芝1200		良	**	1:09.0	0.0	**	1-1	34.1-34.9	34.9	436(-2)			(ミスターマーボー)	560.0	202503030606
2023110097	2025-12-06	5阪神1	晴	9	さざんか賞(1勝クラス)		8	5	5	12.8	5.0	7	田山旺佑	55	芝1200		良	**	1:11.0	1.9	**	2-2	35.2-33.9	35.6	442(+6)			フォーゲル		202509050109
