horse_id	日付	開催	天気	R	レース名	映像	頭数	枠番	馬番	オッズ	人気	着順	騎手	斤量	距離	水分量	馬場	馬場指数	タイム	着差	ﾀｲﾑ指数	通過	ペース	上り	馬体重	厩舎ｺﾒﾝﾄ	備考	勝ち馬(2着馬)	賞金	race_id
2016100126	2018-08-05	1札幌4	晴	5.0	2歳新馬		11	3.0	3	29.2	7.0	4	菱田裕二	54.0	芝1800		良	**	1:52.6	0.6	**	10-9-9-8	38.9-34.8	34.6	428(0)			モンテアーサー	110.0	201801010405
2016100126	2018-10-27	3新潟5	雨	5.0	2歳未勝利		14	4.0	6	8.0	4.0	5	菱田裕二	55.0	芝1800		稍	**	1:50.6	1.3	**	6-6	35.8-35.4	36.2	440(+12)			キラープレゼンス	50.0	201804030505
2016100126	2018-11-04	5京都2	曇	2.0	2歳未勝利		15	2.0	3	40.4	6.0	8	戸崎圭太	55.0	芝1800		良	**	1:50.7	0.7	**	13-13	35.8-35.3	34.7	438(-2)			メイショウクライム		201808050202
2016100126	2018-12-15	5阪神5	曇	4.0	2歳未勝利		11	1.0	1	28.7	6.0	3	松若風馬	55.0	芝2000		良	**	2:03.1	0.3	**	6-5-6-6	36.1-36.2	36.1	430(-8)			リーガルメイン	130.0	201809050504
2016100126	2019-01-06	1京都2	曇	5.0	3歳未勝利		16	5.0	9	20.1	7.0	4	松若風馬	56.0	芝2000		良	**	2:03.5	0.6	**	7-7-7-6	35.7-37.0	37.2	434(+4)			メリーメーキング	75.0	201908010205
2016100126	2019-02-10	1小倉2	晴	4.0	3歳未勝利		12	5.0	5	3.9	2.0	2	菱田裕二	56.0	芝2000		稍	**	2:03.2	0.0	**	5-5-2-2	36.6-37.3	35.8	440(+6)			フィデリオグリーン	200.0	201910010204
2016100126	2019-03-03	1小倉8	雨	5.0	3歳未勝利		18	4.0	7	2.6	1.0	1	菱田裕二	56.0	芝2000		重	**	2:04.6	0.0	**	3-2-2-1	35.9-38.9	38.8	432(-8)			(モンドヌーヴォー)	500.0	201910010805
2016100126	2019-04-14	2阪神8	小雨	6.0	3歳500万下		11	8.0	10	27.9	8.0	5	大野拓弥	56.0	芝2000		稍	**	2:02.9	0.3	**	9-9-7-6	37.3-34.9	34.8	436(+4)			サヴォワールエメ	72.0	201909020806
2016100126	2019-05-11	3京都7	晴	6.0	3歳500万下		8	4.0	4	13.5	5.0	6	松若風馬	56.0	芝2000		良	**	2:00.9	0.9	**	2-1-1-1	36.9-34.2	35.1	438(+2)			ヒルノダカール		201908030706
2016100126	2019-06-16	3阪神6	曇	8.0	3歳以上1勝クラス		5	5.0	5	5.4	4.0	4	岩田望来	51.0	芝2000		稍	**	2:03.6	0.4	**	3-3-3-2	37.7-37.0	37.1	436(-2)			アルファライズ	110.0	201909030608
2016100126	2019-08-03	1札幌3	晴	9.0	3歳以上1勝クラス		9	6.0	6	22.8	6.0	4	菱田裕二	54.0	芝2000		良	**	2:03.3	0.9	**	4-3-3-4	36.2-35.2	35.7	440(+4)			ルヴォルグ	110.0	201901010309
2016100126	2019-08-10	1札幌5	曇	12.0	知床特別(1勝クラス)		10	7.0	8	32.0	8.0	3	五十嵐冬	54.0	芝2000		稍	**	2:02.8	0.6	**	8-8-7-7	35.1-35.8	35.7	436(-4)			ムーンライトナイト	264.1	201901010512
2016100126	2019-10-26	4京都8	曇	7.0	3歳以上1勝クラス		9	4.0	4	19.7	7.0	3	菱田裕二	55.0	芝2000		重	**	2:02.8	0.7	**	8-7-8-7	36.1-36.7	35.2	448(+12)			プライドランド	190.0	201908040807
2016100126	2019-11-17	3福島6	晴	10.0	高湯温泉特別(1勝クラス)		16	5.0	9	7.3	4.0	4	菱田裕二	55.0	芝2000		良	**	2:01.7	0.5	**	12-13-14-13	35.8-35.3	34.8	440(-8)			ダイワダグラス	160.0	201903030610
2016100126	2020-02-02	1小倉6	晴	12.0	宝満山特別(1勝クラス)		11	8.0	10	2.9	1.0	1	菱田裕二	56.0	芝2000		稍	**	2:03.0	-0.7	**	11-11-8-2	36.4-37.2	36.5	452(+12)			(ウレキサイト)	1097.8	202010010612
2016100126	2020-02-16	1小倉10	曇	10.0	玄海特別(2勝クラス)		16	3.0	5	3.5	1.0	2	菱田裕二	55.0	芝1800		重	**	1:51.9	0.2	**	11-11-10-9	37.5-37.3	36.6	452(0)			ドゥオーモ	610.6	202010011010
2016100126	2020-05-02	1福島7	晴	11.0	福島放送賞(2勝クラス)		15	2.0	3	4.1	1.0	4	菱田裕二	57.0	芝1800		良	**	1:48.1	0.5	**	13-12-9-7	36.4-34.7	34.5	452(0)			カフジジュピター	230.0	202003010711
2016100126	2020-05-30	3京都11	晴	9.0	紫野特別(2勝クラス)		7	7.0	7	4.9	4.0	4	菱田裕二	57.0	芝2000		良	**	2:01.9	0.3	**	6-5-7-7	37.3-33.9	33.7	452(0)			マイネルウィルトス	230.0	202008031109
2016100126	2020-06-28	1函館6	曇	12.0	松前特別(2勝クラス)		11	7.0	9	3.6	2.0	8	藤岡康太	57.0	芝2000		稍	**	2:02.7	1.3	**	9-9-7-6	35.0-36.3	36.8	450(-2)			スズカロング		202002010612
2016100126	2020-07-26	1札幌2	晴	9.0	HTB賞(2勝クラス)		10	1.0	1	5.8	2.0	2	武豊	57.0	芝2000		良	**	2:01.8	0.5	**	3-3-6-5	36.9-35.1	35.3	448(-2)			レッドアルマーダ	606.2	202001010209
2016100126	2020-08-16	2札幌2	晴	10.0	藻岩山特別(2勝クラス)		13	2.0	2	3.8	2.0	9	ルメール	57.0	芝2000		良	**	2:03.0	1.1	**	9-8-8-9	37.4-35.7	36.1	450(+2)			シャフトオブライト		202001020210
2016100126	2020-12-05	6阪神1	晴	8.0	3歳以上2勝クラス		8	5.0	5	7.0	4.0	3	武豊	57.0	芝2000		良	**	2:01.3	0.3	**	5-5-5-5	37.1-35.3	35.1	452(+2)			ミトノマルーン	280.0	202009060108
2016100126	2021-01-24	1小倉4	曇	12.0	海の中道特別(2勝クラス)		11	7.0	8	3.6	1.0	5	浜中俊	57.0	芝2600		重	**	2:43.3	1.0	**	7-7-8-5	37.0-38.3	37.9	456(+4)			メロディーレーン	150.0	202110010412
2016100126	2021-03-06	2小倉7	曇	11.0	八代特別(2勝クラス)		17	5.0	10	5.0	2.0	3	菱田裕二	57.0	芝2000		稍	**	2:02.3	0.2	**	11-11-8-6	36.7-35.6	35.0	450(-6)			ジェットモーション	385.7	202110020711
2016100126	2021-04-10	2阪神5	晴	9.0	千里山特別(2勝クラス)		12	1.0	1	14.1	5.0	9	菱田裕二	57.0	芝2200		良	**	2:12.0	0.7	**	9-10-10-9	35.9-34.5	34.4	450(0)			エヒト		202109020509
2016100126	2021-05-29	3中京7	晴	9.0	揖斐川特別(2勝クラス)		10	8.0	10	7.2	6.0	2	菱田裕二	57.0	芝2000		良	**	2:00.5	0.1	**	9-9-9-8	37.5-35.4	34.8	448(-2)			イロゴトシ	607.0	202107030709
2016100126	2021-07-18	3小倉6	晴	9.0	高千穂特別(2勝クラス)		14	6.0	10	5.2	3.0	6	川田将雅	57.0	芝2000		良	**	1:59.5	0.6	**	7-7-7-6	35.2-34.8	34.6	452(+4)			マリアエレーナ		202110030609
2016100126	2021-08-08	3新潟6	曇	10.0	信濃川特別(2勝クラス)		14	4.0	5	20.1	6.0	6	浜中俊	57.0	芝2000		良	**	1:59.1	0.7	**	8-7	35.8-34.9	35.1	456(+4)			ダノンレガーロ		202104030610
2016100126	2021-09-19	5中京4	曇	9.0	木曽川特別(2勝クラス)		9	8.0	9	15.7	6.0	3	菱田裕二	57.0	芝2200		良	**	2:13.0	0.6	**	6-6-6-6	36.3-34.6	34.7	448(-8)			ディヴァインラヴ	383.4	202107050409
2016100126	2021-10-03	5中京9	晴	9.0	浜名湖特別(2勝クラス)		8	3.0	3	15.0	4.0	5	菱田裕二	57.0	芝2000		良	**	2:02.6	1.1	**	4-5-5-5	38.6-33.2	33.8	448(0)			ジャックドール	150.0	202107050909
2016100126	2021-12-12	6中京4	曇	12.0	名古屋日刊スポーツ杯(2勝クラス)		12	1.0	1	12.0	6.0	4	菱田裕二	57.0	芝2000		良	**	2:01.2	0.5	**	6-6-9-9	36.9-34.8	34.6	450(+2)			オーロラフラッシュ	230.0	202107060412
2016100126	2022-01-15	1中京5	晴	9.0	渥美特別(2勝クラス)		10	4.0	4	24.6	5.0	5	菱田裕二	57.0	芝2000		良	**	2:01.2	1.1	**	5-4-4-4	36.2-35.0	35.7	452(+2)			ビッグリボン	151.0	202207010509
2016100126	2022-02-26	2小倉5	晴	11.0	八代特別(2勝クラス)		12	7.0	9	4.6	3.0	10	菱田裕二	57.0	芝2000		良	**	2:00.9	1.4	**	12-12-10-11	37.1-34.5	34.8	456(+4)			ウエストンバート		202210020511
2016100126	2022-03-12	2中京1	晴	10.0	恋路ケ浜特別(2勝クラス)		16	2.0	4	28.3	8.0	6	亀田温心	57.0	芝2000		良	**	1:59.7	0.5	**	9-9-9-8	36.1-35.4	35.3	450(-6)			ナリタブレード		202207020110
2016100126	2022-04-09	2阪神5	晴	9.0	白鷺特別(2勝クラス)		10	2.0	2	20.6	7.0	7	竹之下智	57.0	芝2400		良	**	2:31.4	0.7	**	5-5-5-6	38.2-33.5	33.6	456(+6)			タイソウ		202209020509
2016100126	2022-05-15	3中京4	曇	9.0	寒狭川特別(2勝クラス)		9	4.0	4	13.2	7.0	7	秋山真一	57.0	芝2200		良	**	2:13.4	0.6	**	8-7-7-7	35.3-35.3	35.3	456(0)			ダノンセレスタ		202207030409
2016100126	2022-06-05	4中京2	曇	9.0	一宮特別(2勝クラス)		8	1.0	1	25.1	5.0	3	菱田裕二	57.0	芝2200		良	**	2:12.2	0.6	**	4-3-3-3	35.7-35.5	35.8	454(-2)			ボルドグフーシュ	382.9	202207040209
2016100126	2022-08-13	4小倉1	晴	10.0	柳川特別(2勝クラス)		7	6.0	6	6.1	4.0	5	幸英明	57.0	芝2000		良	**	1:59.4	0.9	**	6-6-5-6	35.4-34.9	35.4	450(-4)			ウィンドリッパー	151.0	202210040110
2016100126	2022-10-02	5中京9	晴	9.0	浜名湖特別(2勝クラス)		10	1.0	1	16.8	5.0	3	幸英明	57.0	芝2000		良	**	2:02.6	0.2	**	3-3-3-3	38.7-34.1	34.1	448(-2)			スワヤンブナート	383.7	202207050909
2016100126	2022-11-13	5阪神4	雨	8.0	3歳以上2勝クラス		14	6.0	9	19.9	9.0	11	幸英明	57.0	芝2200		重	**	2:16.8	1.8	**	4-4-3-2	35.0-36.8	38.4	454(+6)			ミクソロジー		202209050408
2016100126	2023-01-14	1中京5	曇	9.0	渥美特別(2勝クラス)		8	1.0	1	13.1	5.0	4	菱田裕二	58.0	芝2000		重	**	2:03.9	0.4	**	3-4-4-4	38.1-36.6	35.6	468(+14)			シェルビーズアイ	230.0	202307010509
2016100126	2023-01-28	1中京9	晴	10.0	茶臼山高原特別(2勝クラス)		9	6.0	6	30.1	6.0	8	竹之下智	58.0	芝2200		良	**	2:15.3	0.9	**	8-8-8-9	37.2-34.6	34.7	466(-2)			レベランス		202307010910
2016100126	2023-03-25	2中京5	小雨	10.0	熊野特別(2勝クラス)		13	4.0	5	41.5	10.0	2	丸山元気	58.0	芝2200		重	**	2:15.9	0.7	**	5-5-7-7	37.0-35.4	35.4	460(-6)			レッドバリエンテ	628.6	202307020510
2016100126	2023-06-17	3阪神5	晴	9.0	京橋特別(2勝クラス)		8	4.0	4	41.2	8.0	5	秋山真一	58.0	芝2000		良	**	1:59.8	0.6	**	4-4-4-5	35.0-36.9	37.0	450(-10)			ラリュエル	155.0	202309030509
2016100126	2023-07-02	3中京2	晴	9.0	木曽川特別(2勝クラス)		9	2.0	2	25.2	5.0	8	菱田裕二	58.0	芝2200		良	**	2:14.9	2.7	**	2-2-3-3	35.2-36.5	38.8	452(+2)			サスツルギ		202307030209
2016100126	2023-10-01	4中山9	曇	10.0	茨城新聞杯(2勝クラス)		15	8.0	16	118.1	13.0	6	丸山元気	58.0	芝2000		良	**	2:02.4	0.8	**	6-6-5-5	36.7-34.9	35.1	456(+4)			マイネルモーント		202306040910
2016100126	2023-10-21	4新潟3	小雨	10.0	村上特別(2勝クラス)		9	8.0	9	20.3	7.0	5	秋山真一	58.0	芝2000		重	**	2:02.9	0.8	**	7-7	37.7-35.6	35.8	456(0)			モズロックンロール	155.0	202304040310
2016100126	2023-12-17	4中京6	晴	12.0	尾張特別(2勝クラス)		9	7.0	7	35.6	7.0	6	秋山真一	58.0	芝2200		良	**	2:15.8	0.7	**	5-5-5-6	37.4-34.4	34.6	456(0)			マイネルエンペラー		202307040612
2016100126	2024-01-07	1京都2	晴	9.0	琵琶湖特別(2勝クラス)		12	4.0	4	152.8	11.0	8	秋山真一	58.0	芝2400		良	**	2:28.7	2.0	**	6-6-6-5	34.1-37.1	36.4	456(0)			ゴールデンスナップ		202408010209
2016100126	2024-02-24	2小倉5	晴	11.0	八代特別(2勝クラス)		15	8.0	15	26.8	11.0	9	秋山真一	55.0	芝2000		稍	**	2:02.5	0.3	**	1-1-2-2	36.1-36.3	36.6	466(+10)			マリネロ		202410020511
2016100126	2024-03-23	1中京5	小雨	10.0	熊野特別(2勝クラス)		10	1.0	1	36.5	9.0	7	菱田裕二	58.0	芝2200		重	**	2:16.7	0.9	**	5-6-6-7	36.9-35.4	35.8	468(+2)			ホールネス		202407010510
2016100126	2024-06-15	4京都5	曇	9.0	稲荷特別(2勝クラス)		13	8.0	12	262.7	13.0	13	幸英明	58.0	芝2000		良	**	1:59.2	0.8	**	8-8-8-9	36.1-34.1	34.5	476(+8)			マイネルメモリー		202408040509
2016100126	2024-06-30	2福島2	曇	10.0	いわき特別(2勝クラス)		13	5.0	7	100.4	11.0	5	北村友一	58.0	ダ1700		良	**	1:46.5	0.8	**	8-7-9-7	29.9-37.1	37.2	468(-8)			サノノエスポ	155.0	202403020210
2016100126	2024-08-25	2中京6	曇	9.0	大府特別(2勝クラス)		16	6.0	11	76.4	13.0	3	幸英明	58.0	ダ1800		良	**	1:53.3	1.1	**	14-14-13-12	36.6-37.2	36.9	462(-6)			カズペトシーン	395.0	202407020609
2016100126	2024-09-14	3中京3	晴	10.0	恵那特別(2勝クラス)		12	1.0	1	43.0	7.0	3	幸英明	58.0	ダ1800		良	**	1:53.4	0.5	**	10-9-10-10	37.9-37.2	36.9	460(-2)			ポッドロゴ	394.7	202407030310
2016100126	2024-12-07	7京都3	晴	10.0	花見小路特別(2勝クラス)		14	6.0	9	18.0	4.0	4	幸英明	56.0	ダ1900		良	**	2:00.5	1.7	**	6-6-6-5	28.7-37.9	38.2	478(+18)			ロードクロンヌ	230.0	202408070310
2016100126	2025-02-02	1京都2	曇	9.0	天ケ瀬特別(2勝クラス)		10	7.0	8	29.9	7.0	3	団野大成	58.0	ダ1800		稍	**	1:53.5	0.4	**	4-4-4-4	37.0-38.5	38.3	478(0)			レーウィン	393.7	202508010209
2016100126	2025-03-29	2中京5	晴	9.0	矢作川特別(2勝クラス)		13	4.0	4	19.5	10.0	4	藤懸貴志	58.0	ダ1800		稍	**	1:53.1	0.2	**	7-10-11-11	38.0-39.1	38.2	470(-8)			ティンティンデオ	230.0	202507020509
2016100126	2025-05-17	1新潟5	曇	10.0	中ノ岳特別(2勝クラス)		10	6.0	6	19.5	6.0	4	丸山元気	58.0	ダ1800		稍	**	1:54.3	1.7	**	9-10-10-10	38.1-37.4	38.0	476(+6)			カゼノランナー	230.0	202504010510
2016100126	2025-06-01	2京都12	晴	9.0	與杼特別(2勝クラス)		14	7.0	12	33.6	12.0	7	団野大成	58.0	ダ1800		良	**	1:52.5	0.7	**	8-8-7-8	35.5-38.3	38.2	470(-6)			メイショウソウタ		202508021209
2016100126	2025-08-10	3中京6	曇	8.0	揖斐川特別(2勝クラス)		12	6.0	8	45.7	9.0	6	団野大成	58.0	ダ1800		良	**	1:53.6	1.0	**	7-7-7-7	37.3-37.5	37.5	472(+2)			タガノバビロン		202507030608
2016100126	2025-11-15	5東京3	晴	9.0	三浦特別(2勝クラス)		16	3.0	6	115.8	13.0	7	横山典弘	58.0	ダ1600		良	**	1:37.7	0.4	**	6-6	35.7-36.7	36.4	478(+6)			ロフティストーリー		202505050309
2016100126	2025-12-07	5阪神2	晴	9.0	豊中特別(2勝クラス)		13	5.0	7	53.2	11.0	3	横山典弘	58.0	ダ1800		良	**	1:52.3	0.2	**	12-11-9-9	35.8-39.0	37.5	476(-2)			タマモキャリコ	394.6	202509050209
2016104668	2019-02-17	1小倉4	晴	5.0	3歳新馬		18	5.0	10	5.7	4.0	2	三浦皇成	56.0	芝2000		良	**	2:03.4	0.1	**	5-6-4-4	35.8-35.9	35.6	490(0)			ダノンバリアント	240.0	201910010405
2016104668	2019-03-10	1阪神6	小雨	5.0	3歳未勝利		12	5.0	5	5.0	3.0	1	藤井勘一	56.0	芝1800		良	**	1:48.0	-0.1	**	5-5	35.9-35.5	35.3	484(-6)			(ガラチコ)	500.0	201909010605
2016104668	2019-04-06	2阪神5	晴	6.0	3歳500万下		11	5.0	5			除	川田将雅	56.0	芝1600		良	**			**		36.7-33.6		476(-8)			ゴータイミング		201909020506
2016104668	2019-04-20	3京都1	晴	9.0	あずさ賞(500万下)		7	7.0	7	4.2	3.0	1	藤井勘一	56.0	芝1800		良	**	1:47.3	-0.3	**	7-7	36.1-34.3	33.2	480(-4)			(ダンツキャッスル)	1018.2	201908030109
2016104668	2019-09-07	4阪神1	晴	9.0	野分特別(2勝クラス)		7	2.0	2	1.7	1.0	2	川田将雅	54.0	芝1800		良	**	1:45.0	0.3	**	4-4	35.5-33.3	33.0	486(+6)			ゴータイミング	604.8	201909040109
2016104668	2019-10-06	4京都2	晴	9.0	清滝特別(2勝クラス)		8	3.0	3	1.1	1.0	1	Ｍ．デム	55.0	芝1800		良	**	1:47.3	-0.1	**	7-6	35.4-34.5	33.9	490(+4)			(ナムラムツゴロー)	1520.3	201908040209
2016104668	2019-10-20	4京都7	晴	11.0	菊花賞(GI)		18	2.0	3	52.4	9.0	18	藤井勘一	57.0	芝3000		良	**	3:12.9	6.9	**	16-17-17-18	37.6-36.2	41.8	490(0)			ワールドプレミア		201908040711
2016104668	2020-02-02	2京都2	晴	10.0	飛鳥S(3勝クラス)		13	8.0	12	4.7	2.0	11	池添謙一	56.0	芝1800		良	**	1:48.6	0.5	**	2-3	36.5-34.4	34.7	500(+10)			バイオスパーク		202008020210
2016104668	2020-06-07	3阪神2	晴	11.0	ストークS(3勝クラス)		18	1.0	1	16.4	8.0	10	西村淳也	57.0	芝1600		良	**	1:33.7	0.5	**	10-10	35.5-34.4	34.0	492(-8)			スイーズドリームス		202009030211
2016104668	2020-06-21	3阪神6	晴	10.0	垂水S(3勝クラス)		16	6.0	12	22.7	8.0	13	富田暁	57.0	芝2000		良	**	2:01.4	2.3	**	12-12-13-13	34.8-36.5	37.0	488(-4)			ランブリングアレー		202009030610
2016104668	2021-05-16	2新潟4	雨	11.0	弥彦S(3勝クラス)		14	6.0	10	34.8	10.0	7	西村淳也	57.0	芝1800		稍	**	1:48.9	0.9	**	2-2	36.7-34.8	35.7	502(+14)			ユニコーンライオン		202104020411
2016104668	2021-06-12	4中京3	晴	11.0	桑名S(3勝クラス)		11	7.0	9	36.9	8.0	7	西村淳也	57.0	芝1600		良	**	1:33.4	0.6	**	9-9-9	35.5-34.4	33.6	492(-10)			カレンシュトラウス		202107040311
2016104668	2021-06-26	3阪神3	曇	10.0	水無月S(3勝クラス)		10	8.0	10	30.7	8.0	3	西村淳也	54.0	芝1400		良	**	1:21.0	0.1	**	9-9	34.6-34.8	34.2	492(0)			サンライズオネスト	463.3	202109030310
2016104668	2021-08-28	4新潟5	曇	10.0	長岡S(3勝クラス)		18	8.0	17	26.5	9.0	13	丸山元気	57.0	芝1600		良	**	1:35.0	1.1	**	16-17	35.4-35.0	34.3	490(-2)			クリノプレミアム		202104040510
2016104668	2021-10-16	4東京3	曇	10.0	白秋S(3勝クラス)		18	7.0	13	19.8	10.0	3	Ｍ．デム	57.0	芝1400		良	**	1:20.6	0.3	**	8-7	34.2-34.8	34.6	492(+2)			スカイグルーヴ	465.6	202105040310
2016104668	2021-11-13	5東京3	晴	10.0	奥多摩S(3勝クラス)		18	1.0	1	7.1	3.0	7	横山武史	55.0	芝1400		良	**	1:22.0	0.6	**	6-6	35.4-34.2	34.0	492(0)			ヴィジュネル		202105050310
2016104668	2022-01-09	1中京3	晴	10.0	新春S(3勝クラス)		16	4.0	7	35.8	8.0	4	池添謙一	57.0	芝1400		良	**	1:20.4	0.8	**	4-3	33.6-34.7	35.1	494(+2)			グレイイングリーン	280.0	202207010310
2016104668	2022-02-06	1中京12	晴	9.0	トリトンS(3勝クラス)		10	7.0	8	14.6	6.0	5	池添謙一	57.0	芝1400		稍	**	1:21.4	0.2	**	2-2	34.5-35.3	35.4	494(0)			ビップウインク	184.0	202207011209
2016104668	2022-03-06	1阪神8	晴	10.0	斑鳩S(3勝クラス)		11	6.0	6	11.5	6.0	4	岩田望来	55.0	芝1400		良	**	1:20.6	0.2	**	6-6	34.3-34.8	34.4	498(+4)			ルプリュフォール	280.0	202209010810
2016104668	2022-04-03	2阪神4	曇	10.0	心斎橋S(3勝クラス)		15	2.0	3	5.9	3.0	8	福永祐一	57.0	芝1400		良	**	1:21.0	0.7	**	11-11	34.1-35.0	34.6	498(0)			ロードマックス		202209020410
2016104668	2022-04-30	2阪神11	晴	10.0	芦屋川S(3勝クラス)		16	1.0	2	8.1	5.0	1	吉田隼人	57.0	芝1200		良	**	1:08.0	0.0	**	9-9	33.5-34.5	33.8	496(-2)			(サトノファビュラス)	1875.0	202209021110
2016104668	2022-07-03	3小倉2	曇	11.0	CBC賞(GIII)		17	6.0	11	20.7	7.0	9	西村淳也	54.0	芝1200		良	**	1:07.0	1.2	**	11-12	31.8-34.0	34.3	496(0)			テイエムスパーダ		202210030211
2016104668	2022-10-16	4新潟2	晴	11.0	信越S(L)		18	5.0	9	41.3	12.0	12	西村淳也	54.0	芝1400		良	**	1:20.9	0.7	**	8-7	33.6-35.2	34.9	498(+2)			ダディーズビビッド		202204040211
2016104668	2022-10-30	4新潟6	曇	11.0	ルミエールオータムD(L)		18	6.0	12	33.8	11.0	16	松田大作	54.0	芝1000		稍	**	0:56.4	1.3	**	7	32.8-32.9	33.6	500(+2)			ジャズエチュード		202204040611
2016104668	2023-01-09	1中京4	晴	11.0	淀短距離S(L)		15	5.0	9	49.1	12.0	5	イーガン	57.0	芝1200		良	**	1:07.8	0.3	**	10-10	33.3-34.2	33.2	496(-4)			ホープフルサイン	270.0	202307010411
2016104668	2023-02-12	2小倉2	晴	11.0	北九州短距離S(OP)		18	8.0	18	33.3	12.0	8	小崎綾也	57.0	芝1200		稍	**	1:08.4	0.2	**	17-18	33.1-35.1	34.4	496(0)			ヴァトレニ		202310020211
2016104668	2023-04-16	3中山8	晴	10.0	春雷S(L)		16	8.0	15	52.2	14.0	14	戸崎圭太	55.0	芝1200		重	**	1:10.0	1.2	**	11-11	33.6-35.2	35.5	494(-2)			マッドクール		202306030810
2016104668	2023-05-28	1京都12	晴	10.0	安土城S(L)		18	8.0	18	102.2	16.0	18	小崎綾也	55.0	芝1400		良	**	1:21.2	2.2	**	14-14	34.4-33.3	34.2	490(-4)			ママコチャ		202308011210
2016104668	2023-08-20	3新潟4	晴	11.0	NST賞(OP)		14	1.0	1	138.8	13.0	13	石橋脩	55.0	ダ1200		良	**	1:13.1	1.9	**	14-14	33.9-37.3	36.7	478(-12)			アルファマム		202304030411
2016104668	2023-09-09	4阪神1	晴	11.0	エニフS(L)		9	4.0	4	63.2	8.0	9	団野大成	57.0	ダ1400		良	**	1:27.2	2.8	**	2-3	34.5-38.1	40.8	482(+4)			ベルダーイメル		202309040111
2016104668	2023-12-16	5阪神5	曇	11.0	タンザナイトS(OP)		16	2.0	3	63.5	15.0	6	モリス	54.0	芝1200		稍	**	1:08.9	0.4	**	5-3	33.9-34.6	34.6	492(+10)			カルネアサーダ		202309050511
2016104668	2024-02-11	2小倉2	晴	11.0	北九州短距離S(OP)		18	7.0	14	168.6	16.0	14	小崎綾也	57.0	芝1200		良	**	1:08.7	0.7	**	9-9	34.0-34.0	34.1	494(+2)			ヨシノイースター		202410020211
2016104668	2024-02-25	1阪神2	小雨	11.0	阪急杯(GIII)		18	8.0	17	510.6	18.0	18	和田竜二	57.0	芝1400		重	**	1:24.4	3.2	**	8-12	33.9-35.9	38.4	496(+2)			ウインマーベル		202409010211
2016104668	2024-05-05	3京都6	晴	11.0	鞍馬S(OP)		13	4.0	5	121.4	13.0	3	川須栄彦	57.0	芝1200		良	**	1:07.1	0.2	**	7-7	33.7-33.2	32.9	494(-2)			ジャスティンスカイ	584.0	202408030611
2016104668	2024-07-14	2福島6	小雨	11.0	福島テレビOP(OP)		16	2.0	3	37.1	9.0	1	杉原誠人	57.0	芝1200		良	**	1:08.8	-0.1	**	4-2	34.1-34.7	34.0	486(-8)			(エターナルタイム)	2333.6	202403020611
2016104668	2024-08-18	2中京4	晴	11.0	CBC賞(GIII)		18	8.0	17	78.8	14.0	14	杉原誠人	56.0	芝1200		良	**	1:08.2	0.7	**	16-16	33.6-33.9	33.3	484(-2)			ドロップオブライト		202407020411
2016104668	2024-09-08	3中京2	晴	11.0	産経賞セントウルS(GII)		18	8.0	16	268.1	18.0	18	杉原誠人	57.0	芝1200		良	**	1:09.0	1.3	**	17-17	33.6-34.1	33.5	492(+8)			トウシンマカオ		202407030211
2016104668	2024-12-14	7京都5	曇	11.0	タンザナイトS(OP)		16	4.0	8	90.6	10.0	11	川須栄彦	56.0	芝1200		良	**	1:09.2	0.7	**	12-12	34.6-33.9	33.7	492(0)			メイショウソラフネ		202408070511
2016104668	2025-01-12	1中京4	曇	11.0	淀短距離S(L)		18	6.0	12	235.9	17.0	12	ルメート	58.0	芝1200		良	**	1:09.7	1.0	**	13-12	34.5-34.2	34.2	498(+6)			ソンシ		202507010411
2016104668	2025-03-23	2中山8	晴	11.0	千葉S(OP)		16	6.0	12	157.1	15.0	14	原優介	56.0	ダ1200		良	**	1:11.2	1.2	**	13-14	33.3-36.7	36.6	492(-6)			ボナンザ		202506020811
2016104668	2025-04-13	3中山6	雨	11.0	春雷S(L)		14	7.0	12	221.8	14.0	7	丸田恭介	56.0	芝1200		稍	**	1:08.6	0.6	**	11-11	33.5-34.5	34.0	498(+6)			ヨシノイースター		202506030611
2016104668	2025-05-17	2京都7	晴	11.0	鞍馬S(OP)		11	7.0	8	70.6	11.0	11	シュタル	58.0	芝1200		重	**	1:09.7	1.0	**	2-2	34.7-34.0	35.0	500(+2)			オタルエバー		202508020711
2016104668	2025-06-15	3東京4	曇	11.0	パラダイスS(L)		14	7.0	12	207.2	14.0	1	菊沢一樹	55.0	芝1400		稍	**	1:21.7	-0.4	**	2-2	34.4-35.7	35.5	500(0)			(ベガリス)	2730.1	202505030411
2016104668	2025-07-06	2小倉4	晴	11.0	TV西日本北九州記念(GIII)		18	1.0	2	70.6	17.0	11	西塚洸二	56.0	芝1200		良	**	1:08.6	0.8	**	10-10	32.5-35.3	35.5	506(+6)			ヤマニンアルリフラ		202510020411
2016104668	2025-08-10	3中京6	曇	7.0	CBC賞(GIII)		17	6.0	11			取	バデル	56.0	芝1200		良	**			**		34.0-33.4		計不			インビンシブルパパ		202507030607
2016104668	2025-10-04	3京都1	曇	11.0	オパールS(L)		18	6.0	12	44.5	14.0	9	田口貫太	56.0	芝1200		重	**	1:08.3	0.6	**	4-4	33.7-34.0	34.3	504(-2)			メイショウソラフネ		202508030111
2016104668	2025-11-16	5東京4	晴	11.0	オーロC(L)		18	5.0	10	47.4	15.0	11	杉原誠人	56.0	芝1400		良	**	1:20.6	0.7	**	8-10	34.2-34.4	33.9	498(-6)			フォーチュンタイム		202505050411
2016104668	2025-12-27	5阪神7	晴	11.0	阪神C(GII)		16	2.0	4	310.4	15.0	13	富田暁	58.0	芝1400		良	**	1:20.4	1.4	**	2-2	33.0-34.9	36.1	512(+14)			ルガル		202509050711
2017100655	2020-03-08	1中京4	雨	2.0	3歳未勝利		18	7.0	13	378.9	17.0	14	亀田温心	51.0	芝1400		不	**	1:26.2	1.8	**	17-17	35.6-36.6	36.0	382(0)			ヴィルトゥオシタ		202007010402
2017100655	2020-05-10	3京都6	曇	4.0	3歳未勝利		14	1.0	1	187.5	14.0	8	和田竜二	54.0	芝1800		良	**	1:48.9	1.1	**	13-14	35.7-34.7	34.7	398(+16)			ラヴユーライヴ		202008030604
2017100655	2020-05-24	3京都10	晴	5.0	3歳未勝利		14	6.0	9	43.2	9.0	6	泉谷楓真	51.0	芝2000		良	**	2:02.8	1.1	**	6-5-5-5	35.8-36.7	37.4	400(+2)			ウインサンフラワー		202008031005
2017100655	2020-06-20	3阪神5	晴	6.0	3歳未勝利		18	5.0	10	137.1	15.0	9	松若風馬	54.0	芝1800		稍	**	1:49.2	1.6	**	13-11	35.5-35.4	35.9	394(-6)			ダンツイノーバ		202009030506
2017100655	2020-08-16	2小倉2	晴	3.0	3歳未勝利		15	4.0	7	143.2	11.0	11	富田暁	53.0	芝1800		良	**	1:49.2	2.5	**	14-14-13-13	34.8-36.2	37.6	408(+14)			ハーランズハーツ		202010020203
2017100655	2020-09-18	名古屋	晴	1.0	名古屋モーニングフィ(3歳)		10	6.0	6	5.6	2.0	4	岡部誠	54.0	ダ800		良	**	0:51.7	1.2	**	4		36.9	423(+15)			ソーファイン	3.8	202048091801
2017100655	2020-10-02	名古屋	晴	4.0	3歳14組		10	8.0	10	3.4	2.0	2	岡部誠	54.0	ダ1400		良	**	1:33.3	0.2	**	3-3-1		41.4	415(-8)			トーホウカッフェ	10.2	202048100204
2017100655	2020-10-27	名古屋	晴	4.0	C27組		11	4.0	4	1.9	1.0	1	岡部誠	54.0	ダ1400		良	**	1:33.6	-0.6	**	6-4-1		40.1	427(+12)			(インディゴジェイ)	30.0	202048102704
2017100655	2020-11-11	名古屋	晴	12.0	乳岩川特別(C)		10	8.0	11	7.4	4.0	6	岡部誠	54.0	ダ1400		良	**	1:33.8	1.1	**	6-6-7		40.3	426(-1)			キラビヤカ		202048111112
2017100655	2020-11-24	名古屋	晴	5.0	第3回ハシルプーオウ(C)		10	7.0	9	1.9	1.0	2	岡部誠	54.0	ダ1400		良	**	1:34.4	1.1	**	2-2-2		41.5	422(-4)			ワイノナ	9.6	202048112405
2017100655	2020-12-23	名古屋	晴	2.0	C18組		10	5.0	5	4.3	2.0	5	岡部誠	54.0	ダ1400		良	**	1:34.6	1.6	**	6-5-4		42.0	424(+2)			スマイルサクラ	2.4	202048122302
2017100655	2021-01-02	名古屋	晴	4.0	C18組		10	2.0	2	8.5	4.0	3	岡部誠	54.0	ダ1400		良	**	1:34.0	0.2	**	6-5-5		40.7	424(0)			ディレクトゥス	5.4	202148010204
2017100655	2021-01-14	名古屋	晴	7.0	松村香織生誕記念(C)		12	7.0	9	24.0	6.0	4	水野翔	54.0	ダ1400		良	**	1:34.0	1.6	**	6-6-4		41.0	418(-6)			タッデオ	3.6	202148011407
2017100655	2021-01-27	名古屋	晴	5.0	C15組		11	3.0	3	80.9	8.0	7	丹羽克輝	54.0	ダ1400		不	**	1:31.6	1.5	**	5-5-6		40.7	417(-1)			ゴールドクレスト		202148012705
2017100655	2021-02-08	名古屋	晴	5.0	C23組		11	6.0	7	3.5	3.0	1	岡部誠	54.0	ダ1400		稍	**	1:33.4	-0.2	**	3-3-2		41.2	412(-5)			(オプティマス)	30.0	202148020805
2017100655	2021-03-12	名古屋	雨	7.0	C2組		11	6.0	6	161.3	9.0	6	戸部尚実	54.0	ダ1400		稍	**	1:31.8	2.3	**	10-10-9		38.8	411(-1)			テイエムレビュー		202148031207
2017100655	2021-03-25	名古屋	小雨	4.0	C11組		11	6.0	6	3.0	2.0	2	岡部誠	54.0	ダ1400		良	**	1:32.0	0.1	**	4-3-1		39.3	409(-2)			キーコーズウェイ	9.6	202148032504
2017100655	2021-04-08	名古屋	晴	4.0	C12組		11	6.0	6	9.5	4.0	4	丹羽克輝	54.0	ダ1400		稍	**	1:32.2	1.6	**	6-4-4		40.3	410(+1)			ルアスドゥーナッハ	3.8	202148040804
2017100655	2021-05-05	名古屋	雨	3.0	C13組		11	6.0	7	6.5	4.0	3	岡部誠	54.0	ダ1400		稍	**	1:32.0	1.4	**	8-2-3		40.1	408(-2)			クワトロチェント	5.8	202148050503
2017100655	2021-05-20	名古屋	雨	5.0	C11組		11	8.0	11	2.1	1.0	1	岡部誠	54.0	ダ1400		重	**	1:31.1	-0.2	**	5-4-2		39.5	409(+1)			(アンフィニフォルス)	32.0	202148052005
2017100655	2021-06-18	名古屋	曇	11.0	四谷の千枚田特別(C)		11	3.0	3	70.4	11.0	2	丹羽克輝	54.0	ダ1400		重	**	1:31.1	0.1	**	9-8-5		38.9	412(+3)			ノーブルルビー	14.4	202148061811
2017100655	2021-07-02	名古屋	曇	8.0	C3組		10	8.0	10	3.2	2.0	2	岡部誠	54.0	ダ1400		不	**	1:31.0	0.4	**	5-4-1		38.3	412(0)			サンモントレー	10.2	202148070208
2017100655	2021-07-23	名古屋	晴	7.0	C3組		10	3.0	3	5.1	2.0	9	戸部尚実	54.0	ダ1400		良	**	1:31.8	1.6	**	10-10-10		38.8	413(+1)			フェルカド		202148072307
2017100655	2021-08-20	名古屋	曇	7.0	C2組		10	3.0	3	3.7	2.0	4	岡部誠	54.0	ダ1400		不	**	1:30.2	0.8	**	5-5-4		38.5	417(+4)			バンカーズギャル	3.8	202148082007
2017100655	2021-09-03	名古屋	雨	12.0	鳴沢の滝特別(C)		12	5.0	6	14.9	6.0	4	宮下瞳	52.0	ダ1600		稍	**	1:46.4	1.1	**	9-6-4		40.0	421(+4)			ケイアイネイビー	5.4	202148090312
2017100655	2021-09-17	名古屋	雨	9.0	B8組		7	3.0	3	5.0	3.0	4	岡部誠	54.0	ダ1600		稍	**	1:46.2	0.4	**	2-2-2		39.8	421(0)			ヒロシゲシルバー	4.3	202148091709
2017100655	2021-10-15	名古屋	晴	8.0	C2組		12	3.0	3	20.1	3.0	8	岡部誠	54.0	ダ1400		良	**	1:32.9	2.3	**	7-7-7		40.4	421(0)			ドリームアイ		202148101508
2017100655	2021-10-25	名古屋	雨	7.0	C3組		9	4.0	4			取	岡部誠	54.0	ダ1400		稍	**			**				計不			ツェレトナー		202148102507
2017100655	2021-11-19	名古屋	晴	5.0	C4組		10	7.0	7	22.4	4.0	6	岡部誠	54.0	ダ1400		良	**	1:32.9	1.5	**	6-6-7		39.6	422(+1)			エベレストテソーロ		202148111905
2017100655	2021-12-03	名古屋	晴	7.0	C3組		11	7.0	9	16.7	4.0	8	岡部誠	54.0	ダ1400		重	**	1:32.6	1.9	**	8-7-8		40.1	420(-2)			メイショウペルム		202148120307
2017100655	2021-12-13	名古屋	晴	6.0	C4組		10	6.0	6	54.3	8.0	6	岡部誠	54.0	ダ1400		稍	**	1:34.5	0.9	**	8-8-6		40.5	421(+1)			ウェーブビクトリー		202148121306
2017100655	2021-12-24	名古屋	晴	6.0	瞬兵くん御生誕記念(C)		10	3.0	3	29.8	7.0	3	岡部誠	54.0	ダ1400		稍	**	1:34.6	0.4	**	7-6-6		40.0	420(-1)			タマモアテネ	5.8	202148122406
2017100655	2022-05-21	1新潟5	曇	1.0	障害4歳以上未勝利		13	7.0	10	163.4	13.0	5	大庭和弥	58.0	障2890		良		3:13.0	2.2		3-4-7-6	106.1-0.0	13.4	404(-16)			メイショウアルト	79.0	202204010501
2017100655	2022-06-12	4中京4	晴	1.0	障害3歳以上未勝利		13	2.0	2	56.4	9.0	5	大庭和弥	58.0	障3000		良		3:22.0	1.9		3-2-4-4	107.0-0.0	13.5	402(-2)			ダイメイコスモス	79.0	202207040401
2017100655	2022-07-10	2福島4	晴	1.0	障害3歳以上未勝利		13	6.0	8	39.7	10.0	5	大庭和弥	58.0	障2750		良		3:03.7	2.0		7-6-8-9	106.0-0.0	13.4	416(+14)			デストロイ	79.0	202203020401
2017100655	2022-07-24	2福島8	晴	1.0	障害3歳以上未勝利		11	6.0	7	22.4	6.0	7	大庭和弥	58.0	障2770		良		3:09.5	5.6		6-7-8-8	106.0-0.0	13.7	412(-4)			アルーフクライ		202203020801
2017100655	2022-08-28	3新潟6	曇	1.0	障害3歳以上未勝利		8	1.0	1	37.2	8.0	5	大庭和弥	58.0	障2850		稍		3:10.8	2.3		7-7-7-7	103.0-0.0	13.4	416(+4)			サペラヴィ	79.0	202204030601
2017100655	2022-09-25	5中京7	曇	1.0	障害3歳以上未勝利		12	8.0	12	26.1	7.0	6	大庭和弥	58.0	障3000		良		3:22.8	3.6		7-7-8-8	105.1-0.0	13.5	414(-2)			ロードアクア		202207050701
2017100655	2022-10-15	4新潟1	曇	4.0	障害3歳以上未勝利		10	1.0	1	87.4	10.0	中	大庭和弥	58.0	障2850		良					8-9-5-6	103.1-0.0		416(+2)			スーパーフェイバー		202204040104
2017100655	2023-12-02	5中山1	晴	7.0	3歳以上1勝クラス		16	7.0	14	513.1	16.0	16	的場勇人	56.0	ダ1200		良	**	1:14.6	2.9	**	16-16	34.0-37.7	38.8	434(+18)			ニーナブランド		202306050107
2017100655	2023-12-10	4中京4	晴	2.0	3歳以上1勝クラス		12	8.0	12	687.4	12.0	11	的場勇人	56.0	ダ1200		良	**	1:17.0	4.3	**	12-12	35.2-37.5	38.4	424(-10)			クルールデュヴァン		202307040402
2017100655	2024-06-23	3東京8	曇	12.0	3歳以上1勝クラス		16	3.0	6	398.6	16.0	14	的場勇人	56.0	ダ1400		重	**	1:26.2	3.5	**	15-15	34.1-37.1	37.1	432(+8)			トーセンサウダージ		202405030812
2017100655	2024-09-15	3中京4	曇	1.0	障害3歳以上未勝利		10	5.0	5	167.2	9.0	4	大江原圭	58.0	障3000		稍		3:20.9	1.6		8-8-6-5	106.1-0.0	13.4	424(-8)			ニシノパプルブリリ	120.0	202407030401
2017100655	2024-10-12	4新潟3	晴	4.0	障害3歳以上未勝利		10	7.0	7	6.1	2.0	7	大江原圭	58.0	障2850		良		3:11.6	4.8		8-8-8-7	102.1-0.0	13.4	430(+6)			ローディアマント		202404040304
2017100655	2024-12-22	7京都8	曇	5.0	障害3歳以上未勝利		14	3.0	4	85.5	11.0	11	草野太郎	58.0	障2910		良		3:25.6	6.8		14-14-14-13	109.0-0.0	14.1	424(-6)			マテンロウジョイ		202408070805
2017100655	2025-01-18	1中山6	晴	4.0	障害4歳以上未勝利		11	2.0	2	68.4	10.0	9	大江原圭	58.0	障2880		良		3:20.8	4.9		11-11-10-9	108.0-0.0	13.9	426(+2)			ヒートオンビート		202506010604
2017100655	2025-02-08	1小倉5	雪	5.0	障害4歳以上未勝利		9	8.0	9	101.2	9.0	6	大江原圭	58.0	障2860		稍		3:20.6	5.3		6-6-6-6	107.1-0.0	14.0	432(+6)			ウン		202510010505
2017100655	2025-02-22	1小倉9	晴	5.0	障害4歳以上未勝利		11	3.0	3	98.1	10.0	3	大江原圭	58.0	障2860		良		3:16.7	0.3		6-6-6-6	108.1-0.0	13.8	432(0)			タロントゥーズ	210.0	202510010905
2017100655	2025-03-02	1小倉12	雨	4.0	障害4歳以上未勝利		11	7.0	8	38.6	9.0	10	大江原圭	58.0	障2860		稍		3:23.1	6.7		11-11-10-10	110.1-0.0	14.2	428(-4)			ミヤジシャルマン		202510011204
2017100655	2025-05-03	1新潟1	晴	1.0	障害4歳以上未勝利		14	3.0	3	87.3	12.0	9	大江原圭	58.0	障2890		良		3:11.8	2.9		7-7-8-8	103.1-0.0	13.3	428(0)			サルサロッサ		202504010101
2017100655	2025-11-16	3福島4	晴	4.0	障害3歳以上未勝利		10	3.0	3	68.9	9.0	7	土田真翔	57.0	障2750		良		3:05.2	4.7		6-7-7-7	103.1-0.0	13.5	438(+10)			ウォーターリーダー		202503030404
2017101560	2020-01-06	1京都2	晴	2.0	3歳新馬		16	3.0	6	6.5	4.0	4	藤岡康太	56.0	ダ1800		良	**	1:55.6	0.8	**	9-8-2-2	37.9-37.4	38.0	486(0)			リュクスウォリアー	90.0	
2017101560	2020-02-02	2京都2	晴	1.0	3歳未勝利		12	7.0	9	3.1	2.0	2	和田竜二	56.0	ダ1800		稍	**	1:55.5	0.7	**	3-2-2-2	37.4-38.8	39.4	490(+4)			サンデーミラージュ	200.0	
2017101560	2020-04-12	2阪神6	雨	3.0	3歳未勝利		16	5.0	9	4.5	3.0	1	藤岡康太	56.0	ダ1800		良	**	1:54.2	-0.7	**	2-2-2-1	37.6-38.3	38.2	496(+6)			(シャープレシオ)	510.0	
2017101560	2020-07-18	4阪神5	晴	8.0	3歳以上1勝クラス		16	3.0	5	7.6	3.0	3	和田竜二	54.0	ダ2000		良	**	2:05.4	0.9	**	3-3-1-2	35.7-36.9	37.8	504(+8)			ハギノアレグリアス	190.0	202008010202
2017101560	2021-01-24	1中京8	小雨	7.0	4歳以上1勝クラス		9	4.0	4	3.5	2.0	3	和田竜二	56.0	ダ1800		不	**	1:52.0	0.2	**	3-3-3-2	36.3-38.3	38.3	506(+2)			コラルノクターン	190.0	202008020201
2017101560	2021-02-06	1小倉7	晴	12.0	角島特別(1勝クラス)		13	6.0	9	3.2	1.0	3	藤岡康太	56.0	ダ1700		稍	**	1:44.9	0.8	**	5-4-4-4	29.5-37.4	37.8	508(+2)			イプシランテ	274.9	202009020603
2017101560	2021-04-24	2阪神9	晴	8.0	4歳以上1勝クラス		14	8.0	13	2.5	1.0	1	藤岡康太	57.0	ダ1400		良	**	1:24.2	-0.8	**	3-3	34.9-37.0	36.7	506(-2)			(レッドブロンクス)	760.0	202009040508
2017101560	2021-11-14	5阪神4	晴	12.0	ドンカスターC(2勝クラス)		15	3.0	4	2.8	1.0	2	藤岡康太	57.0	ダ1400		良	**	1:24.6	0.0	**	1-1	34.2-38.3	38.3	516(+10)			ランドボルケーノ	609.4	202107010807
2017101560	2021-12-12	6阪神4	晴	12.0	夙川特別(2勝クラス)		16	7.0	13	3.0	2.0	1	藤岡康太	57.0	ダ1400		良	**	1:24.0	-0.2	**	4-4	34.9-36.6	36.2	512(-4)			(レモンポップ)	1534.3	202110010712
2017101560	2022-02-19	1阪神3	小雨	10.0	播磨S(3勝クラス)		16	6.0	12	2.4	1.0	2	藤岡康太	55.0	ダ1400		良	**	1:23.9	0.1	**	2-2	34.5-37.1	37.1	516(+4)			アドマイヤルプス	749.8	202109020908
2017101560	2022-03-20	1阪神12	曇	10.0	鳴門S(3勝クラス)		16	2.0	3	1.5	1.0	1	藤岡康太	57.0	ダ1400		重	**	1:23.1	-0.4	**	6-5	34.1-37.0	36.5	516(0)			(シゲルタイタン)	1874.3	202109050412
2017101560	2022-04-30	2阪神11	晴	11.0	天王山S(OP)		16	5.0	10	2.2	1.0	5	藤岡康太	56.0	ダ1200		稍	**	1:10.8	0.3	**	7-7	34.4-36.1	35.8	514(-2)			デュアリスト	220.0	202109060412
2017101560	2022-06-25	3阪神3	小雨	11.0	天保山S(OP)		16	1.0	2	2.6	1.0	1	藤岡康太	56.0	ダ1400		良	**	1:23.6	-0.3	**	6-4	34.5-36.7	36.2	514(0)			(シゲルタイタン)	2239.2	202209010310
2017101560	2022-10-10	4東京3	曇	11.0	グリーンチャンネルC(L)		16	6.0	12	12.6	6.0	14	藤岡康太	57.0	ダ1600		重	**	1:35.3	1.8	**	4-4	34.9-34.7	36.0	524(+10)			デシエルト		202209011210
2017101560	2022-10-22	4阪神6	晴	11.0	オータムリーフS(OP)		16	8.0	15	4.6	2.0	2	藤岡康太	59.0	ダ1400		良	**	1:23.6	0.0	**	4-4	34.1-37.8	37.3	520(-4)			オーヴァーネクサス	891.8	202209021111
2017101560	2022-12-04	6阪神2	曇	11.0	ギャラクシーS(OP)		14	5.0	8	2.2	1.0	5	藤岡康太	56.5	ダ1400		稍	**	1:24.2	0.4	**	1-2	35.5-36.4	36.7	514(-6)			デンコウリジエール	220.0	202209030311
2017101560	2022-12-25	6阪神8	晴	11.0	りんくうS(OP)		16	1.0	2	4.1	2.0	1	藤岡康太	57.0	ダ1200		良	**	1:10.6	-0.2	**	5-4	34.7-35.9	35.5	516(+2)			(スナークダヴィンチ)	2233.6	202205040311
2017101560	2023-02-19	1阪神4	曇	11.0	大和S(OP)		16	1.0	2	3.3	2.0	1	藤岡康太	59.0	ダ1200		稍	**	1:11.2	-0.3	**	4-3	35.0-36.2	35.6	516(0)			(ジェネティクス)	2233.6	202209040611
2017101560	2023-03-14	高知	晴	4.0	黒船賞[指定交流](JpnIII)		12	7.0	10	4.9	3.0	8	藤岡康太	56.0	ダ1400		不	**	1:29.8	1.5	**	1-1-1-1		39.9	522(+6)			シャマル		202209060211
2017101560	2023-04-19	大井	晴	11.0	東京スプリント競走(JpnIII)		11	6.0	6	3.3	2.0	2	藤岡康太	56.0	ダ1200		稍	**	1:10.4	0.1	**	4-4	33.8-36.5	36.2	512(-10)			リュウノユキナ	945.0	202209060811
2017101560	2023-06-01	門別	晴	11.0	北海道スプリントカッ(JpnIII)		10	1.0	1	4.6	3.0	1	藤岡康太	56.0	ダ1200		良	**	1:11.7	-0.3	**	4-4		37.2	528(+16)			(アイオライト)	2200.0	202309010411
2017101560	2023-10-04	大井	雨	11.0	東京盃競走(JpnII)		13	6.0	8	10.0	3.0	9	藤岡康太	56.0	ダ1200		不	**	1:12.3	2.3	**	5-6	34.2-35.8	37.9	517(-11)			ドンフランキー		202354031404
2017101560	2023-11-03	大井	晴	10.0	JBCスプリント競走(JpnI)		15	2.0	3	21.5	5.0	9	藤岡康太	57.0	ダ1200		良	**	1:14.2	2.2	**	9-9	34.4-37.6	38.8	512(-5)			イグナイター		202344041911
2017101560	2023-12-20	園田	晴	11.0	兵庫ゴールドトロフィ(JpnIII)		11	3.0	3	7.0	4.0	2	藤岡康太	59.5	ダ1400		稍	**	1:28.9	0.1	**	5-5-4-3		39.5	514(+2)			サンライズホーク	1200.0	202330060111
2017101560	2024-02-24	キングアブドゥル			リヤドダートスプリン(GIII)		11		5		5.0	6	ルメール	57.0	ダ1200		良								計不					202344100411
2017101560	2024-03-30	メイダン			ドバイゴールデンシャ(GI)		14		7	79.6	12.0	9	ルメール	57.0	ダ1200		良								計不					202344110310
2017101560	2024-08-12	盛岡		12.0	クラスターC(JpnIII)		0	6.0	9				和田竜二	55.0	ダ1200										計不					202350122011
2017101560	2024-08-14	盛岡	曇	12.0	クラスターC(JpnIII)		13	6.0	9	61.4	5.0	3	和田竜二	55.0	ダ1200		重	**	1:10.4	0.4	**	2-2		34.7	533(0)			ドンフランキー	600.0	202435081212
2017101560	2024-09-08	ソウル			コリアスプリント(GIII)		15		2			取	横山武史	57.0	ダ1200										計不					202435081412
2017106642	2019-09-16	4阪神5	晴	4.0	2歳新馬		12	4.0	4	39.1	8.0	10	太宰啓介	54.0	芝1200		良	**	1:12.2	1.8	**	12-12	34.6-35.8	35.0	474(0)			クリノアンカーマン		201909040504
2017106642	2019-10-05	4京都1	晴	1.0	2歳未勝利		14	8.0	14	41.7	9.0	4	国分恭介	55.0	ダ1400		稍	**	1:26.8	0.5	**	11-6	34.8-38.9	38.2	478(+4)			ノクターンノーツ	75.0	201908040101
2017106642	2019-11-03	5京都2	晴	3.0	2歳未勝利		9	3.0	3	3.6	1.0	4	国分恭介	55.0	ダ1800		良	**	1:55.9	3.2	**	7-7-8-7	37.0-37.2	39.4	486(+8)			レガーメペスカ	75.0	201908050203
2017106642	2019-11-24	5京都8	晴	2.0	2歳未勝利		15	1.0	1	10.4	7.0	2	鮫島克駿	55.0	ダ1800		良	**	1:54.8	0.4	**	1-1-1-1	36.4-38.9	39.3	476(-10)			アストゥーリアス	200.0	201908050802
2017106642	2020-04-05	2阪神4	晴	3.0	3歳未勝利		16	1.0	2	11.8	4.0	11	鮫島克駿	56.0	ダ1800		良	**	1:58.4	3.1	**	10-10-8-9	38.0-38.8	41.3	478(+2)			ユウゲン		202009020403
2017106642	2020-04-25	3京都1	晴	3.0	3歳未勝利		16	3.0	5	15.0	6.0	2	川須栄彦	56.0	ダ1900		良	**	2:00.5	0.2	**	2-3-3-2	29.0-38.8	38.7	478(0)			タガノキングロード	200.0	202008030103
2017106642	2020-05-09	3京都5	晴	2.0	3歳未勝利		16	7.0	13	3.5	2.0	2	北村友一	56.0	ダ1800		良	**	1:53.5	0.0	**	4-8-6-3	36.7-38.3	37.3	478(0)			タガノウィリアム	200.0	202008030502
2017106642	2020-05-23	3京都9	晴	4.0	3歳未勝利		13	8.0	12	1.8	1.0	2	川須栄彦	56.0	ダ1900		良	**	1:59.4	0.2	**	2-2-1-1	29.5-38.9	39.1	478(0)			メイショウコジョウ	200.0	202008030904
2017106642	2020-06-13	3阪神3	曇	3.0	3歳未勝利		16	5.0	9	2.2	1.0	1	松山弘平	56.0	ダ1800		不	**	1:51.8	-0.1	**	2-2-1-1	36.1-38.0	37.9	474(-4)			(ヴェルテックス)	510.0	202009030303
2017106642	2020-07-04	4阪神1	曇	12.0	3歳以上1勝クラス		12	2.0	2	4.1	3.0	1	松山弘平	54.0	ダ1800		不	**	1:49.4	0.0	**	1-1-1-1	36.4-36.6	36.6	478(+4)			(ハギノアレグリアス)	760.0	202009040112
2017106642	2020-08-30	2小倉6	晴	10.0	九州スポーツ杯(2勝クラス)		16	5.0	10	2.6	1.0	1	川田将雅	53.0	ダ1700		良	**	1:43.8	-0.7	**	1-1-1-1	29.8-36.3	36.3	474(-4)			(サンティーニ)	1535.7	202010020610
2017106642	2020-11-01	4京都8	晴	10.0	栞S(3勝クラス)		14	3.0	3	2.7	2.0	1	松山弘平	55.0	ダ1900		良	**	1:57.3	-1.1	**	1-1-1-1	30.3-36.7	36.7	488(+14)			(ブライトンロック)	1850.8	202008040810
2017106642	2020-11-29	5阪神9	晴	11.0	カノープスS(OP)		15	7.0	12	1.8	1.0	15	和田竜二	54.0	ダ2000		良	**	2:09.0	4.1	**	1-1-1-2	35.9-38.2	42.3	488(0)			ハナズレジェンド		202009050911
2017106642	2021-03-11	名古屋	晴	11.0	名古屋大賞典(JpnIII)		12	5.0	5	8.3	3.0	8	松山弘平	54.0	ダ1900		良	**	2:05.1	5.1	**	6-6-6		42.7	492(+4)			クリンチャー		202148031111
2017106642	2021-04-18	2阪神8	晴	11.0	アンタレスS(GIII)		16	6.0	11	32.3	10.0	15	国分優作	56.0	ダ1800		重	**	1:53.7	4.7	**	1-2-2-12	34.8-37.3	41.9	488(-4)			テーオーケインズ		202109020811
2017106642	2021-07-11	3小倉4	雨	11.0	プロキオンS(GIII)		16	2.0	3	19.8	9.0	1	松山弘平	56.0	ダ1700		重	**	1:40.9	-0.4	**	5-4-5-4	28.9-35.9	35.5	480(-8)			(トップウイナー)	3657.4	202110030411
2017106642	2021-08-14	4小倉1	雨	11.0	阿蘇S(OP)		15	6.0	11	3.0	1.0	6	松山弘平	58.0	ダ1700		不	**	1:44.3	1.4	**	2-3-3-4	29.3-37.6	38.9	478(-2)			ケイアイパープル		202110040111
2017106642	2021-09-22	金沢	雨	8.0	白山大賞典(JpnIII)		12	6.0	7	8.6	5.0	1	川田将雅	55.0	ダ2100		不	**	2:10.3	-0.6	**	1-1-1-1		36.3	477(-1)			(ミューチャリー)	2100.0	202146092208
2017106642	2021-11-23	浦和	晴	10.0	浦和記念(JpnII)		10	1.0	1	2.0	1.0	1	川田将雅	56.0	ダ2000		重	**	2:07.3	-0.4	**	1-1-1-1	38.4-37.3	37.3	469(-8)			(タービランス)	3500.0	202142112310
2017106642	2022-02-08	佐賀	晴	8.0	佐賀記念(JpnIII)		11	8.0	11	1.7	1.0	3	川田将雅	58.0	ダ2000		良	**	2:08.2	1.6	**	1-1-1-2		39.9	496(+27)			ケイアイパープル	230.0	202255020808
2017106642	2022-03-23	船橋	曇	11.0	ダイオライト記念(JpnII)		14	3.0	3	3.2	1.0	9	幸英明	56.0	ダ2400		不	**	2:41.3	4.1	**	2-2-4-6	37.2-41.1	44.3	480(-16)			ノーヴァレンダ		202243032311
2017106642	2022-07-18	盛岡	曇	12.0	マーキュリーC(JpnIII)		14	4.0	6	8.3	5.0	12	川田将雅	58.0	ダ2000		稍	**	2:06.7	4.2	**	3-3-8-9		40.7	475(-5)			バーデンヴァイラー		202235071812
2017106642	2022-10-04	金沢	曇	11.0	白山大賞典(JpnIII)		12	5.0	6	12.4	5.0	6	松山弘平	58.0	ダ2100		良	**	2:14.5	1.4	**	2-2-2-3		40.5	482(+7)			ケイアイパープル		202246100411
2017106642	2022-11-27	5阪神8	晴	11.0	カノープスS(OP)		16	1.0	2	42.3	13.0	11	坂井瑠星	58.0	ダ2000		稍	**	2:06.2	2.5	**	1-1-1-1	34.7-38.8	41.3	488(+6)			ウシュバテソーロ		202209050811
2017106642	2023-04-16	2阪神8	晴	11.0	アンタレスS(GIII)		15	2.0	2	39.5	10.0	7	池添謙一	58.0	ダ1800		重	**	1:50.9	1.4	**	2-2-2-2	35.5-38.0	39.3	488(0)			プロミストウォリア		202309020811
2017106642	2023-05-20	1京都9	晴	11.0	平安S(GIII)		16	8.0	16	120.8	14.0	14	浜中俊	57.0	ダ1900		稍	**	2:03.3	3.5	**	11-11-11-11	30.4-39.4	41.5	482(-6)			グロリアムンディ		202308010911
2017106642	2023-09-09	4阪神1	晴	11.0	エニフS(L)		9	3.0	3	46.5	7.0	7	池添謙一	61.0	ダ1400		良	**	1:25.8	1.4	**	7-7	34.5-38.1	38.3	480(-2)			ベルダーイメル		202309040111
2017106642	2023-11-05	3京都2	晴	11.0	みやこS(GIII)		16	6.0	11	271.2	15.0	15	古川吉洋	57.0	ダ1800		良	**	1:52.6	1.7	**	8-8-9-8	36.3-37.4	38.3	480(0)			セラフィックコール		202308030211
2017106642	2023-12-03	5阪神2	晴	11.0	ギャラクシーS(OP)		13	7.0	10	70.4	12.0	4	北村友一	57.0	ダ1400		良	**	1:23.9	0.2	**	12-11	34.2-37.4	36.3	484(+4)			マルモリスペシャル	330.0	202309050211
2017106642	2024-01-07	1京都2	晴	11.0	すばるS(L)		15	5.0	9	94.7	12.0	10	団野大成	61.0	ダ1400		良	**	1:25.2	0.7	**	11-12	34.7-37.4	37.0	490(+6)			テーオーステルス		202408010211
2017106642	2024-02-04	2京都4	晴	10.0	令月S(OP)		16	7.0	14	37.8	10.0	9	酒井学	57.0	ダ1200		良	**	1:11.5	0.5	**	3-2	34.9-36.1	36.3	492(+2)			クロジシジョー		202408020410
2017106642	2024-03-09	1阪神5	曇	11.0	コーラルS(L)		16	3.0	5	49.2	13.0	8	藤岡佑介	57.0	ダ1400		良	**	1:24.4	0.6	**	15-15	34.4-37.5	36.6	492(0)			レディバグ		202409010511
2017106642	2024-04-06	1福島1	曇	11.0	吾妻小富士S(OP)		15	6.0	11	25.4	9.0	15	丹内祐次	57.0	ダ1700		良	**	1:46.3	1.8	**	5-5-7-9	29.8-37.3	38.5	486(-6)			ブラックアーメット		202403010111
2017106642	2024-11-09	6京都3	晴	10.0	室町S(OP)		16	2.0	4	247.2	16.0	12	田口貫太	56.0	ダ1200		良	**	1:11.8	1.1	**	11-12	34.1-36.6	36.6	490(+4)			イスラアネーロ		202408060310
2017106642	2025-02-09	1小倉6	晴	4.0	障害4歳以上未勝利		12	3.0	3	14.3	6.0	10	森一馬	60.0	障2860		稍		3:20.7	6.6		8-6-10-10	107.0-0.0	14.0	492(+2)			クラウンセト		202510010604
2017106642	2025-03-02	1小倉12	雨	4.0	障害4歳以上未勝利		11	7.0	9	29.6	7.0	3	森一馬	60.0	障2860		稍		3:18.9	2.5		2-2-1-3	110.1-0.0	13.9	490(-2)			ミヤジシャルマン	210.0	202510011204
2017106642	2025-04-06	3中山4	曇	4.0	障害4歳以上未勝利		12	7.0	9	7.7	5.0	1	森一馬	60.0	障2880		良		3:18.2	-0.3		2-2-2-1	109.1-0.0	13.8	486(-4)			(アルデドゥオーモ)	840.0	202506030404
2017106642	2025-05-10	1新潟3	曇	4.0	障害4歳以上OP		11	7.0	9	7.2	3.0	10	森一馬	60.0	障2890		稍		3:16.6	5.3		2-2-6-7	104.1-0.0	13.6	488(+2)			ブリエヴェール		202504010304
2017106642	2025-08-09	3中京5	曇	1.0	障害3歳以上OP		9	1.0	1	20.4	7.0	7	森一馬	60.0	障3300		良		3:39.2	2.6		1-1-4-5	102.1-0.0	13.3	480(-8)			ケンアンビシャス		202507030501
2017106642	2025-08-30	3新潟3	曇	1.0	障害3歳以上OP		13	4.0	4	67.7	11.0	11	森一馬	60.0	障3250		良		3:43.0	7.7		1-1-8-10	107.1-0.0	13.7	476(-4)			スズカハービン		202504030301
2017106642	2025-11-22	3福島5	晴	5.0	障害3歳以上OP		14	7.0	12	177.4	14.0	14	中村将之	60.0	障3380		良		3:55.9	11.8		3-6-14-14	104.1-0.0	14.0	476(0)			エンデュミオン		202503030505
2017106642	2025-12-28	5阪神8	晴	11.0	ギャラクシーS(OP)		16	6.0	12	191.1	15.0	9	太宰啓介	61.0	ダ1400		良	**	1:24.2	0.8	**	13-12	33.9-37.6	36.9	486(+10)			ノーブルロジャー		202509050811
2017106722	2019-11-23	5京都7	晴	4.0	2歳新馬		13	1.0	1	45.4	10.0	2	松山弘平	55.0	ダ1800		良	**	1:55.0	0.9	**	13-13-12-10	36.6-39.1	37.6	444(0)			サトノラファール	280.0	201908050704
2017106722	2019-12-21	5阪神7	晴	3.0	2歳未勝利		16	7.0	13	6.9	5.0	1	松山弘平	55.0	ダ1800		稍	**	1:54.6	0.0	**	14-14-11-9	37.1-39.3	37.6	444(0)			(ハンメルフェスト)	500.0	201909050703
2017106722	2020-02-09	2京都4	曇	11.0	きさらぎ賞(GIII)		8	2.0	2	62.9	8.0	7	和田竜二	56.0	芝1800		良	**	1:49.5	1.2	**	8-8	36.7-34.1	34.3	440(-4)			コルテジア		202008020411
2017106722	2020-04-05	2阪神4	晴	5.0	3歳1勝クラス		12	3.0	3	8.3	5.0	10	松山弘平	56.0	ダ1800		良	**	1:55.7	1.9	**	12-12-10-9	37.4-38.3	38.9	432(-8)			キッズアガチャー		202009020405
2017106722	2020-06-13	3阪神3	雨	8.0	3歳以上1勝クラス		16	4.0	7	39.6	11.0	12	鮫島良太	54.0	ダ1800		不	**	1:54.0	2.6	**	13-13-12-12	36.7-36.3	37.6	432(0)			ペオース		202009030308
2017106722	2020-10-11	4新潟2	晴	3.0	3歳以上1勝クラス		11	6.0	6	38.1	8.0	4	斎藤新	54.0	ダ1800		良	**	1:52.7	1.0	**	10-10-6-6	36.0-37.7	37.7	436(+4)			ダッチマン	110.0	202004040203
2017106722	2020-10-25	4新潟6	曇	7.0	3歳以上1勝クラス		10	6.0	6	14.9	5.0	4	斎藤新	54.0	ダ1800		重	**	1:52.4	0.3	**	7-7-5-5	37.5-37.7	37.4	438(+2)			キョウエイパラスト	110.0	202004040607
2017106722	2020-11-22	5阪神6	晴	8.0	3歳以上1勝クラス		16	7.0	13	27.5	7.0	4	松山弘平	55.0	ダ1800		良	**	1:54.1	1.2	**	14-14-9-8	37.3-37.6	38.0	438(0)			リトルクレバー	110.0	202009050608
2017106722	2020-12-13	3中京4	曇	9.0	3歳以上1勝クラス		16	2.0	4	6.6	4.0	5	岩田望来	56.0	ダ1800		良	**	1:55.4	0.6	**	15-15-16-16	38.3-38.3	37.1	440(+2)			メイショウドヒョウ	76.0	202007030409
2017106722	2021-01-05	1中京1	曇	4.0	4歳以上1勝クラス		11	1.0	1	14.8	6.0	6	鮫島良太	56.0	ダ1800		良	**	1:54.5	0.6	**	10-10-10-10	38.4-38.3	37.9	442(+2)			スコルピウス		202107010104
2017106722	2021-02-07	1中京12	晴	7.0	4歳以上1勝クラス		11	2.0	2	5.7	3.0	4	幸英明	56.0	ダ1900		良	**	2:01.9	0.3	**	8-8-7-6	30.7-37.1	37.0	444(+2)			ユウゲン	110.0	202107011207
2017106722	2021-02-28	1阪神6	晴	7.0	4歳以上1勝クラス		9	8.0	8	5.0	2.0	1	幸英明	56.0	ダ1800		良	**	1:53.0	0.0	**	9-9-9-8	37.4-37.8	36.8	440(-4)			(ジロー)	760.0	202109010607
2017106722	2021-05-01	2阪神11	曇	12.0	4歳以上2勝クラス		10	2.0	2	7.3	3.0	9	幸英明	57.0	ダ1800		重	**	1:53.5	1.8	**	8-9-7-8	36.2-39.3	39.2	438(-2)			サンレイファイト		202109021112
2017106722	2021-05-16	2新潟4	雨	12.0	中ノ岳特別(2勝クラス)		15	5.0	9	20.4	7.0	7	浜中俊	54.0	ダ1800		稍	**	1:52.5	0.4	**	13-13-12-13	35.6-39.0	38.4	450(+12)			アルーフクライ		202104020412
2017106722	2021-06-05	4中京1	曇	9.0	一宮特別(2勝クラス)		10	8.0	10	22.0	5.0	5	浜中俊	57.0	芝2200		良	**	2:14.9	0.4	**	10-10-10-10	35.3-36.2	35.8	444(-6)			タイセイシリウス	150.0	202107040109
2017106722	2021-06-27	3阪神4	晴	12.0	リボン賞(2勝クラス)		13	5.0	6	14.3	7.0	8	幸英明	57.0	ダ1800		良	**	1:53.0	1.1	**	9-9-10-11	36.9-37.8	37.7	446(+2)			ジュディッタ		202109030412
2017106722	2021-07-10	3小倉3	晴	10.0	インディアT(2勝クラス)		14	8.0	13	53.9	11.0	7	幸英明	54.0	ダ1700		重	**	1:42.7	1.3	**	13-13-11-9	29.1-36.1	36.3	446(0)			ホッコーハナミチ		202110030310
2017106722	2021-10-09	4阪神1	晴	12.0	3歳以上2勝クラス		11	4.0	4	19.1	6.0	6	藤岡康太	57.0	ダ1800		良	**	1:54.0	2.3	**	10-10-8-8	36.5-38.2	39.5	446(0)			ユアヒストリー		202109040112
2017106722	2021-10-24	4東京6	晴	9.0	tvk賞(2勝クラス)		9	7.0	7	46.9	8.0	4	酒井学	57.0	芝2000		良	**	2:00.2	1.2	**	8-6-6	33.7-36.3	36.0	444(-2)			ノースブリッジ	230.0	202105040609
2017106722	2021-11-07	5阪神2	晴	8.0	3歳以上2勝クラス		14	8.0	13	32.7	11.0	5	浜中俊	57.0	ダ1800		良	**	1:53.2	0.6	**	14-14-13-10	35.7-38.7	38.0	446(+2)			ラヴネヴァーエンズ	110.0	202109050208
2017106722	2021-12-05	6阪神2	晴	8.0	3歳以上2勝クラス		10	3.0	3	4.9	4.0	5	Ｃ．デム	57.0	ダ2000		良	**	2:08.2	0.6	**	5-5-6-4	36.5-37.2	37.4	452(+6)			リバプールタウン	110.0	202109060208
2017106722	2022-02-15	船橋	晴	11.0	ハートビートレイン(A2B1)		14	8.0	13	13.8	5.0	4	本田正重	56.0	ダ1600		不	**	1:40.5	0.8	**	9-10-9-5	36.7-39.0	38.6	448(-4)			スマイルウィ	120.0	202243021511
2017106722	2022-03-12	2中京1	晴	10.0	恋路ケ浜特別(2勝クラス)		16	5.0	10	86.9	14.0	15	藤田菜七	57.0	芝2000		良	**	2:01.9	2.7	**	14-14-14-14	36.1-35.4	37.0	442(-6)			ナリタブレード		202207020110
2017106722	2022-04-02	2阪神3	晴	12.0	4歳以上2勝クラス		14	4.0	6	53.1	11.0	10	幸英明	57.0	ダ1800		良	**	1:53.7	1.0	**	14-14-14-14	37.3-38.0	37.6	446(+4)			アジャストザルート		202209020312
2017106722	2022-08-06	2新潟3	晴	12.0	3歳以上2勝クラス		15	6.0	11	100.8	14.0	8	幸英明	57.0	ダ1800		良	**	1:54.3	1.6	**	15-15-13-12	35.2-39.6	40.2	440(-6)			グットディール		202204020312
2017106722	2022-08-20	4小倉3	晴	10.0	宮崎特別(2勝クラス)		8	6.0	6	64.1	7.0	6	幸英明	57.0	芝1800		良	**	1:48.7	1.4	**	7-7-7-6	37.5-33.4	34.0	444(+4)			アドマイヤザーゲ		202210040310
2017106722	2022-09-17	4中山3	晴	9.0	松戸特別(2勝クラス)		15	2.0	3	142.4	15.0	13	北村宏司	57.0	ダ2400		良	**	2:37.8	2.5	**	8-8-8-10	39.8-36.7	38.5	442(-2)			トモジャリア		202206040309
2017106722	2022-10-08	4阪神1	晴	12.0	3歳以上2勝クラス		13	8.0	13	70.9	9.0	6	角田大河	54.0	ダ1800		稍	**	1:52.9	1.3	**	5-5-5-4	36.9-37.9	38.6	454(+12)			ヘラルドバローズ		202209040112
2017106722	2023-01-05	1中山1	晴	7.0	4歳以上2勝クラス		16	1.0	2	227.0	16.0	12	丸山元気	58.0	ダ1800		良	**	1:54.9	0.4	**	16-16-16-16	37.3-40.2	38.5	460(+6)			ブルーカルセドニー		202306010107
2017106722	2023-01-21	1中山7	晴	10.0	東雲賞(2勝クラス)		9	7.0	8	203.0	9.0	9	吉田豊	54.0	芝1800		稍	**	1:49.6	0.7	**	9-9-9-9	37.6-35.7	35.5	464(+4)			ゴーゴーユタカ		202306010710
2017106722	2023-02-11	1東京5	晴	12.0	4歳以上2勝クラス		16	3.0	6	330.5	15.0	11	原優介	56.0	ダ1600		不	**	1:36.6	1.2	**	12-12	35.2-35.7	35.8	462(-2)			サトノアポロン		202305010512
2017106722	2023-02-25	2中山1	曇	10.0	富里特別(2勝クラス)		10	2.0	2	290.6	10.0	10	永野猛蔵	58.0	芝1800		良	**	1:49.6	1.8	**	9-9-8-8	36.5-35.3	36.1	462(0)			デコラシオン		202306020110
2017106722	2023-03-11	2中山5	晴	9.0	鎌ケ谷特別(2勝クラス)		15	2.0	3	558.3	15.0	3	原優介	58.0	ダ1800		良	**	1:53.4	0.4	**	11-11-12-8	36.6-37.7	37.2	460(-2)			トップオブジェラス	395.0	202306020509
2017106722	2023-04-01	3中山3	晴	9.0	千葉日報杯(2勝クラス)		13	7.0	11	26.5	8.0	4	原優介	58.0	ダ1800		良	**	1:53.8	0.4	**	10-10-10-8	37.6-38.3	37.9	456(-4)			トップスティール	230.0	202306030309
2017106722	2023-04-22	1福島5	晴	10.0	尾瀬特別(2勝クラス)		15	7.0	13	36.1	14.0	10	原優介	55.0	ダ1700		良	**	1:47.2	1.4	**	15-14-15-14	29.7-38.1	38.2	454(-2)			ヴィブラフォン		202303010510
2017106722	2023-05-07	2東京6	雨	12.0	立川特別(2勝クラス)		10	8.0	9	43.3	8.0	10	幸英明	58.0	ダ1600		稍	**	1:37.9	0.7	**	8-9	36.6-35.3	35.3	452(-2)			サトノルフィアン		202305020612
2017106722	2023-05-27	2東京11	晴	12.0	4歳以上2勝クラス		16	6.0	11	165.7	15.0	12	原優介	56.0	ダ1600		良	**	1:38.8	1.8	**	12-13	35.7-36.8	37.3	456(+4)			サクセスローレル		202305021112
2017106722	2023-07-09	2福島4	曇	10.0	天の川賞(2勝クラス)		15	3.0	5	119.5	14.0	8	原優介	58.0	ダ1700		良	**	1:48.2	2.3	**	15-14-11-9	29.0-38.4	39.9	452(-4)			アシタガアルサ		202303020410
2017106722	2023-07-23	1札幌2	晴	10.0	大倉山特別(2勝クラス)		14	1.0	1	285.5	14.0	9	柴山雄一	58.0	ダ1700		良	**	1:47.7	1.0	**	11-12-14-13	30.9-37.1	36.8	454(+2)			シルバーブレッド		202301010210
2017106722	2023-10-01	4中山9	曇	9.0	3歳以上2勝クラス		16	7.0	13	187.0	15.0	13	原優介	57.0	ダ1800		良	**	1:56.3	2.4	**	14-14-11-12	37.8-37.6	39.2	460(+6)			カランセ		202306040909
2017106722	2023-12-28	5中山9	晴	9.0	立志賞(2勝クラス)		16	2.0	3	358.9	15.0	6	原優介	58.0	ダ1800		良	**	1:54.4	0.9	**	12-12-13-11	36.2-39.2	39.1	468(+8)			アクションプラン		202306050909
2017106722	2024-01-14	1中山5	晴	8.0	4歳以上2勝クラス		16	3.0	5	320.3	15.0	11	石川裕紀	58.0	ダ1800		良	**	1:55.1	2.5	**	13-13-13-12	37.0-38.0	38.8	474(+6)			ペンティメント		202406010508
2017106722	2024-02-03	1東京3	晴	12.0	4歳以上2勝クラス		16	4.0	8	584.3	16.0	14	武士沢友	58.0	ダ1600		良	**	1:41.3	1.9	**	13-14	37.9-35.3	36.2	476(+2)			タマモロック		202405010312
2017106722	2024-03-02	2中山3	曇	12.0	4歳以上2勝クラス		13	7.0	10	280.3	12.0	12	藤田菜七	56.0	ダ1800		重	**	1:55.0	1.4	**	13-13-13-13	38.2-37.0	37.5	466(-10)			リチャ		202406020312
2017106722	2024-04-28	1新潟2	晴	9.0	五泉特別(2勝クラス)		14	6.0	10	231.8	13.0	13	藤田菜七	58.0	ダ1800		良	**	1:54.9	1.3	**	13-12-14-14	37.6-37.0	37.1	456(-10)			ベンテイガ		202404010209
2017106722	2024-06-29	3小倉1	曇	10.0	熊本城特別(2勝クラス)		16	6.0	12	297.0	16.0	12	吉村誠之	58.0	ダ1700		稍	**	1:45.7	2.2	**	11-11-14-12	30.1-37.4	38.4	456(0)			メイショウホマレ		202410030110
2017106722	2024-07-07	3小倉4	晴	9.0	八女特別(2勝クラス)		12	8.0	11	271.0	12.0	10	吉村誠之	58.0	ダ1700		良	**	1:46.5	1.8	**	7-9-9-10	30.2-36.0	36.9	448(-8)			レアンダー		202410030409
2017106722	2024-07-21	3小倉8	曇	9.0	宗像特別(2勝クラス)		18	8.0	18	270.1	18.0	14	永島まな	58.0	芝2000		良	**	2:02.1	1.5	**	15-15-9-8	35.0-37.0	37.6	448(0)			ファベル		202410030809
2017106722	2024-09-15	3中京4	曇	9.0	茶臼山高原特別(2勝クラス)		10	8.0	10	161.3	9.0	9	永島まな	53.0	芝2200		稍	**	2:15.6	3.2	**	9-9-9-9	37.1-34.8	36.6	450(+2)			アドマイヤテラ		202407030409
2017106722	2024-10-05	4新潟1	晴	11.0	鳥屋野特別(2勝クラス)		13	8.0	12	129.9	13.0	8	藤田菜七	52.0	ダ1800		稍	**	1:52.9	0.6	**	13-12-12-13	36.6-37.5	37.1	454(+4)			エスティメート		202404040111
2017106722	2024-10-26	4新潟7	晴	4.0	障害3歳以上未勝利		8	4.0	4	30.9	6.0	8	大江原圭	60.0	障2850		良		3:12.7	6.0		7-7-8-8	103.1-0.0	13.5	458(+4)			トーセンアウローラ		202404040704
2017106722	2024-11-10	3福島4	晴	4.0	障害3歳以上未勝利		9	4.0	4	16.9	6.0	8	大江原圭	60.0	障2750		良		3:12.4	2.4		3-4-9-9	108.0-0.0	14.0	460(+2)			キタノブレイド		202403030404
2017106722	2024-12-07	7京都3	晴	10.0	花見小路特別(2勝クラス)		14	5.0	8	237.7	13.0	12	今村聖奈	52.0	ダ1900		良	**	2:01.8	3.0	**	13-13-10-13	28.7-37.9	38.1	464(+4)			ロードクロンヌ		202408070310
2017106722	2025-01-06	1中山2	曇	9.0	初茜賞(2勝クラス)		16	6.0	11	465.8	16.0	11	野中悠太	58.0	ダ1800		良	**	1:56.7	2.9	**	12-12-12-13	36.7-38.9	40.5	470(+6)			メイショウフジ		202506010209
2017106722	2025-03-08	2中山3	曇	9.0	潮来特別(2勝クラス)		10	3.0	3	271.2	10.0	10	野中悠太	58.0	芝2500		良	**	2:39.3	2.4	**	9-9-7-9	32.7-34.8	36.6	468(-2)			サンライズソレイユ		202506020309
2017106722	2025-03-29	2阪神1	曇	12.0	4歳以上2勝クラス		9	3.0	3	201.7	9.0	6	松若風馬	58.0	ダ2000		稍	**	2:08.8	1.3	**	9-9-8-8	36.8-37.4	37.4	454(-14)			オペラプラージュ		202509020112
2017106722	2025-04-05	3中山3	晴	10.0	千葉日報杯(2勝クラス)		16	8.0	16	283.4	15.0	12	長浜鴻緒	58.0	ダ1800		稍	**	1:54.6	2.4	**	13-13-14-16	36.0-38.1	39.2	462(+8)			ルージュアベリア		202506030310
2017106722	2025-04-27	2京都2	晴	9.0	比良山特別(2勝クラス)		8	5.0	5	132.3	8.0	8	松若風馬	51.0	芝2200		良	**	2:16.3	1.7	**	8-8-8-7	37.9-33.2	34.2	460(-2)			キャントウェイト		202508020209
2017106722	2025-06-22	3阪神6	晴	9.0	高砂特別(2勝クラス)		9	2.0	2	166.9	9.0	9	松若風馬	58.0	芝2000		良	**	2:04.7	4.1	**	9-9-9-9	37.7-35.9	37.5	452(-8)			イケイケドンドン		202509030609
2017106722	2025-07-06	2小倉4	晴	10.0	九州スポーツ杯(2勝クラス)		7	4.0	4	122.1	7.0	3	松若風馬	58.0	芝2600		良	**	2:43.9	4.4	**	6-6-6-4	36.3-36.8	39.4	454(+2)			ベトルス	392.2	202510020410
2017106722	2025-07-26	2新潟1	晴	6.0	麒麟山特別(2勝クラス)		15	8.0	14	291.5	15.0	10	丸山元気	58.0	ダ1800		良	**	1:54.5	2.1	**	14-14-14-13	37.8-37.2	37.6	452(-2)			クラウンシエンタ		202504020106
2017106722	2025-08-24	2札幌2	晴	10.0	オールスターJ第3戦(2勝クラス)		14	6.0	9	196.5	14.0	11	北村友一	58.0	ダ1700		良	**	1:47.9	2.4	**	13-13-13-11	31.3-37.4	37.8	456(+4)			ベルギューン		202501020210
2017106722	2025-11-29	5東京7	晴	12.0	3歳以上2勝クラス		9	8.0	8	297.7	9.0	9	野中悠太	58.0	芝1600		良	**	1:37.3	3.5	**	8-7	35.3-33.9	36.8	460(+4)			アンパドゥ		202505050712
2017106722	2025-12-14	5中京4	晴	10.0	一宮特別(2勝クラス)		10	2.0	2	220.1	10.0	10	長浜鴻緒	58.0	芝2200		稍	**	2:17.0	3.0	**	8-9-10-10	37.1-34.9	36.0	466(+6)			バルナバ		202507050410
2017106722	2026-01-11	1京都4	晴	9.0	五条坂特別(2勝クラス)		10	7.0	8	326.2	10.0	10	松若風馬	58.0	ダ1900		良	**	2:02.7	3.5	**	10-10-10-10	29.6-38.8	39.2	460(-6)			キーチパルフェ		202608010409
2018106354	2020-12-13	6阪神4	晴	5.0	2歳新馬		12	7.0	10	13.7	5.0	3	吉田隼人	55.0	芝1800		良	**	1:49.9	0.2	**	8-8	36.7-34.6	34.4	466(0)			アクセル	180.0	202009060405
2018106354	2021-01-16	1小倉1	晴	6.0	3歳未勝利		16	7.0	13	3.7	2.0	1	浜中俊	56.0	芝1800		良	**	1:47.9	0.0	**	11-9-7-2	34.0-36.6	36.1	472(+6)			(メイショウユウスイ)	510.0	202110010106
2018106354	2021-04-24	2阪神9	晴	9.0	あやめ賞(1勝クラス)		7	3.0	3	11.7	5.0	3	浜中俊	56.0	芝1800		良	**	1:46.0	0.0	**	3-3	35.8-33.5	33.3	464(-8)			ギャラントウォリア	252.3	202109020909
2018106354	2021-05-22	2新潟5	晴	10.0	早苗賞(1勝クラス)		9	4.0	4	1.8	1.0	2	吉田隼人	56.0	芝1800		稍	**	1:49.6	0.3	**	5-5	35.5-37.7	37.4	464(0)			アイコンテーラー	407.0	202104020510
2018106354	2021-08-14	4小倉1	雨	12.0	3歳以上1勝クラス		14	6.0	9	4.0	2.0	7	浜中俊	54.0	芝1800		不	**	1:53.1	0.9	**	5-5-6-5	36.8-38.6	38.9	460(-4)			ストゥーティ		202110040112
2018106354	2021-10-24	5新潟6	晴	10.0	柏崎特別(1勝クラス)		16	5.0	9	12.3	5.0	9	藤井勘一	55.0	芝1600		稍	**	1:35.8	0.6	**	10-9	35.5-35.5	35.3	466(+6)			シャンブル		202104050610
2018106354	2021-11-14	2福島4	晴	8.0	3歳以上1勝クラス		16	5.0	9	11.7	6.0	2	亀田温心	54.0	芝2000		良	**	2:01.1	0.5	**	9-9-9-4	34.9-36.0	35.9	464(-2)			タイフォン	300.0	202103020408
2018106354	2022-01-22	1小倉3	晴	10.0	鳥栖特別(1勝クラス)		15	6.0	10	4.7	3.0	5	吉田隼人	56.0	芝1800		良	**	1:47.2	0.3	**	4-4-4-3	35.4-36.6	36.4	468(+4)			シティレインボー	107.0	202210010310
2018106354	2022-02-12	2小倉1	晴	9.0	唐戸特別(1勝クラス)		10	3.0	3	3.9	2.0	4	吉田隼人	56.0	芝2000		良	**	2:01.1	0.2	**	3-4-4-4	37.1-35.5	35.4	470(+2)			ウインリブルマン	160.0	202210020109
2018106354	2022-11-06	3福島2	晴	9.0	高湯温泉特別(1勝クラス)		15	8.0	15	8.7	4.0	10	泉谷楓真	57.0	芝1800		良	**	1:49.6	0.7	**	3-6-5-4	35.5-36.3	36.5	466(-4)			シゲルローズマリー		202203030209
2018106354	2022-12-04	6阪神2	曇	7.0	3歳以上1勝クラス		9	2.0	2	5.2	4.0	5	岩田望来	57.0	ダ1800		稍	**	1:55.3	1.9	**	4-5-4-7	37.5-37.5	39.0	470(+4)			ラインオブソウル	77.0	202209060207
2018106354	2023-01-21	1小倉3	晴	10.0	戸畑特別(1勝クラス)		15	3.0	4	9.4	4.0	2	藤岡康太	58.0	芝2000		稍	**	2:00.3	0.1	**	4-4-6-6	34.8-36.5	36.1	470(0)			テーオーソロス	451.6	202310010310
2018106354	2023-02-11	2小倉1	晴	9.0	唐戸特別(1勝クラス)		12	2.0	2	3.8	1.0	6	藤岡康太	58.0	芝2000		重	**	2:02.2	0.2	**	6-5-6-6	37.3-35.4	35.1	472(+2)			カイザー		202310020109
2018106354	2023-04-15	1福島3	雨	8.0	4歳以上1勝クラス		16	8.0	15	5.9	2.0	2	富田暁	58.0	芝1800		稍	**	1:48.7	0.0	**	8-10-9-7	35.1-37.2	36.1	464(-8)			バレエマスター	320.0	202303010308
2018106354	2023-05-07	1京都6	雨	7.0	4歳以上1勝クラス		9	3.0	3	2.6	2.0	3	藤岡康太	58.0	芝2000		不	**	2:03.9	0.3	**	4-4-3-3	36.5-36.3	36.3	474(+10)			レディベル	200.0	202308010607
2018106354	2023-05-20	1新潟7	晴	10.0	二王子特別(1勝クラス)		16	1.0	1	5.1	3.0	5	北村友一	58.0	芝2000		良	**	2:01.2	0.4	**	11-10	35.6-35.1	34.7	462(-12)			ブリングトゥライフ	111.0	202304010710
2018106354	2023-06-18	1函館4	晴	9.0	八雲特別(1勝クラス)		11	3.0	3	4.0	1.0	8	富田暁	58.0	芝1800		良	**	1:49.6	0.7	**	4-4-5-5	36.4-35.1	35.4	470(+8)			アップストローク		202302010409
2018106354	2023-07-01	2函館1	晴	7.0	3歳以上1勝クラス		14	5.0	8	7.8	4.0	3	富田暁	58.0	芝2000		稍	**	2:02.7	0.4	**	8-7-11-5	36.0-36.2	35.3	470(0)			アマイ	200.0	202302020107
2018106354	2023-07-08	2函館3	晴	9.0	北斗特別(1勝クラス)		10	7.0	7	11.6	6.0	3	富田暁	58.0	芝2000		良	**	2:01.0	0.2	**	9-9-6-6	35.6-35.1	34.9	470(0)			ディープレイヤー	283.6	202302020309
2018106354	2023-08-05	1札幌5	曇	9.0	利尻特別(1勝クラス)		9	8.0	8	11.7	5.0	4	富田暁	58.0	芝2000		稍	**	2:02.6	0.7	**	7-6-5-5	34.9-37.7	36.0	472(+2)			フェアエールング	170.0	202301010509
2018106354	2023-08-19	2札幌3	曇	10.0	富良野特別(1勝クラス)		16	5.0	9	25.7	7.0	8	富田暁	58.0	芝2000		良	**	2:02.9	1.1	**	8-7-8-8	35.5-35.5	35.8	468(-4)			ウインスノーライト		202301020310
2018106354	2023-10-21	4新潟3	小雨	9.0	岩船特別(1勝クラス)		15	2.0	3	34.4	11.0	4	富田暁	58.0	芝2200		重	**	2:16.4	0.7	**	3-3-3-3	36.6-35.6	36.0	460(-8)			アームブランシュ	170.0	202304040309
2018106354	2023-11-11	3福島3	晴	9.0	二本松特別(1勝クラス)		12	4.0	4	7.7	3.0	6	富田暁	58.0	芝2000		良	**	2:02.5	1.5	**	6-6-7-7	35.7-36.4	37.4	456(-4)			ホウオウスーペリア		202303030309
2018106354	2024-01-21	1小倉4	曇	12.0	4歳以上1勝クラス		15	3.0	4	7.6	4.0	8	鷲頭虎太	55.0	芝1800		稍	**	1:50.8	1.5	**	7-7-7-7	37.1-35.9	36.9	470(+14)			パルティクラール		202410010412
2018106354	2024-06-08	3東京3	晴	1.0	障害3歳以上未勝利		11	1.0	1	16.8	6.0	7	森一馬	60.0	障3000		良		3:27.3	3.4		8-8-8-9	105.0-0.0	13.8	470(0)			アンクルブラック		202405030301
2018106354	2024-12-14	4中京5	晴	8.0	ヤングJSFR中京1(1勝クラス)		16	3.0	6	16.5	7.0	3	田口貫太	58.0	芝2000		良	**	2:01.9	0.7	**	1-1-2-1	37.8-35.2	35.9	476(+6)			タガノデュード	285.8	202407040508
2018106354	2024-12-28	7京都9	晴	7.0	3歳以上1勝クラス		17	3.0	5	37.4	12.0	3	田口貫太	57.0	芝1800		良	**	1:47.9	0.3	**	4-4	35.3-34.8	34.8	480(+4)			ショウナンガチ	200.0	202408070907
2018106354	2025-01-25	1中京8	晴	12.0	4歳以上1勝クラス		12	8.0	11	11.5	6.0	3	吉村誠之	56.0	芝2000		良	**	2:02.1	0.5	**	1-1-1-1	37.2-36.3	36.8	476(-4)			シルキーガール	200.0	202507010812
2018106354	2025-02-10	1京都3	晴	6.0	4歳以上1勝クラス		11	6.0	6	14.6	4.0	5	吉村誠之	56.0	芝1800		良	**	1:48.7	1.0	**	4-4	35.3-35.4	36.0	478(+2)			コルレオニス	80.0	202508010306
2018106354	2025-04-13	1福島2	小雨	7.0	4歳以上1勝クラス		16	3.0	5	5.8	2.0	6	田口貫太	58.0	芝2000		良	**	2:02.2	1.1	**	5-5-6-4	35.3-36.2	36.8	478(0)			バードウォッチャー		202503010207
2018106354	2025-04-27	2京都2	晴	9.0	比良山特別(2勝クラス)		8	1.0	1	15.9	7.0	3	田口貫太	54.0	芝2200		良	**	2:14.9	0.3	**	1-1-1-2	37.9-33.2	33.4	482(+4)			キャントウェイト	392.8	202508020209
2018106354	2025-05-17	1新潟5	曇	9.0	尖閣湾特別(1勝クラス)		9	1.0	1	5.5	3.0	3	小沢大仁	58.0	芝2000		稍	**	2:03.3	0.1	**	3-4	37.8-35.0	34.9	476(-6)			アンテロース	283.7	202504010509
2018106354	2025-06-07	3阪神1	曇	7.0	3歳以上1勝クラス		10	7.0	8	10.1	3.0	5	吉村誠之	57.0	芝2200		良	**	2:13.4	0.7	**	2-2-2-2	36.1-34.7	35.3	480(+4)			ヴァリディシームス	80.0	202509030107
2018106354	2025-10-18	3京都6	曇	7.0	3歳以上1勝クラス		8	8.0	8	3.3	2.0	1	岩田望来	58.0	芝2000		良	**	2:00.3	-0.2	**	7-7-7-5	35.2-35.9	35.1	478(-2)			(サンライズグラシア)	800.0	202508030607
2018106354	2025-11-01	3京都10	晴	9.0	北野特別(2勝クラス)		11	6.0	8	35.7	7.0	10	高杉吏麒	58.0	芝2000		良	**	2:00.6	1.1	**	3-4-5-5	35.9-34.2	35.0	478(0)			エコロディノス		202508031009
2018106354	2026-01-17	1京都6	晴	9.0	稲荷特別(2勝クラス)		10	7.0	8	16.1	5.0	6	岩田望来	58.0	芝2000		良	**	2:01.5	0.5	**	4-4-4-4	36.0-34.5	34.7	486(+8)			ジェットマグナム		202608010609
2018110149	2021-02-07	1東京4	晴	6.0	3歳新馬		16	5.0	10	15.3	6.0	3	柴田大知	54.0	芝1600		良	**	1:37.3	0.2	**	3-3	37.4-34.4	34.4	462(0)			ニシノオイカゼ	150.0	202105010406
2018110149	2021-03-06	2中山3	曇	5.0	3歳未勝利		16	4.0	8	8.3	3.0	2	柴田大知	54.0	芝1600		稍	**	1:36.1	0.0	**	2-2-2	36.6-35.1	35.0	464(+2)			ラングロワ	200.0	202106020305
2018110149	2021-03-28	2中京6	曇	4.0	3歳未勝利		18	7.0	14	5.5	2.0	1	Ｍ．デム	54.0	芝1400		良	**	1:21.5	0.0	**	7-7	34.1-36.0	35.2	474(+10)			(シュライエン)	510.0	202107020604
2018110149	2021-10-16	4東京3	曇	7.0	3歳以上1勝クラス		14	7.0	11	30.6	8.0	5	和田竜二	54.0	芝1600		良	**	1:34.7	0.6	**	2-2	36.1-34.3	34.7	496(+22)			レッドロワ	76.0	202105040307
2018110149	2021-10-31	5新潟8	晴	10.0	十日町特別(1勝クラス)		18	8.0	18	5.3	3.0	8	坂井瑠星	54.0	芝1400		良	**	1:22.8	0.3	**	3-2	35.2-35.6	35.8	492(-4)			テーオーディエス		202104050810
2018110149	2022-01-10	1中山4	曇	12.0	4歳以上1勝クラス		15	8.0	15	5.0	3.0	3	Ｍ．デム	55.0	芝1600		良	**	1:34.7	0.4	**	8-8-6	34.9-35.8	35.5	484(-8)			スリートップキズナ	190.0	202206010412
2018110149	2022-02-05	1東京3	曇	7.0	4歳以上1勝クラス		16	8.0	15	21.6	7.0	9	柴田大知	56.0	芝1600		良	**	1:34.2	0.9	**	2-4	34.8-34.5	35.2	492(+8)			レフトゥバーズ		202205010307
2018110149	2022-03-13	2中京2	曇	12.0	4歳以上1勝クラス		16	4.0	8	4.8	2.0	6	岩田望来	56.0	ダ1200		良	**	1:13.1	0.7	**	4-4	35.8-36.6	37.1	488(-4)			コズミックマインド		202207020212
2018110149	2022-05-22	1新潟6	晴	12.0	4歳以上1勝クラス		16	8.0	15	3.8	1.0	2	丹内祐次	56.0	芝1400		良	**	1:22.0	0.3	**	1-1	34.9-35.0	35.3	498(+10)			トーカイキング	310.0	202204010612
2018110149	2022-06-18	1函館3	晴	9.0	立待岬特別(1勝クラス)		8	8.0	8	12.2	4.0	3	丹内祐次	56.0	芝1200		良	**	1:09.3	0.4	**	5-5	35.1-33.8	33.9	484(-14)			ハギノモーリス	274.3	202202010309
2018110149	2023-04-30	1新潟2	曇	12.0	4歳以上1勝クラス		15	6.0	11	13.4	6.0	8	丹内祐次	58.0	芝1200		重	**	1:10.8	0.5	**	7-7	34.7-35.6	35.5	506(+22)			タウゼントシェーン		202304010212
2018110149	2023-07-02	2福島2	晴	12.0	3歳以上1勝クラス		16	8.0	16	6.9	5.0	2	松岡正海	58.0	芝1200		良	**	1:08.9	0.3	**	3-3	33.5-35.1	34.9	502(-4)			プレジャークルーズ	320.0	202303020212
2018110149	2023-07-23	2福島8	晴	12.0	3歳以上1勝クラス		13	8.0	14	3.7	2.0	6	石橋脩	58.0	芝1200		良	**	1:09.9	0.7	**	3-3	33.8-35.4	35.9	502(0)			スムースベルベット		202303020812
2018110149	2024-02-17	2小倉3	晴	12.0	4歳以上1勝クラス		18	7.0	14	8.7	5.0	5	丹内祐次	58.0	芝1200		良	**	1:08.2	0.2	**	2-2	33.1-34.9	34.9	514(+12)			シャウビンダー	80.0	202410020312
2018110149	2024-03-02	2小倉7	晴	12.0	4歳以上1勝クラス		18	7.0	14	3.7	2.0	3	丹内祐次	58.0	芝1200		稍	**	1:10.2	0.3	**	6-4	34.7-35.2	35.0	520(+6)			イグニション	200.0	202410020712
2018110149	2024-03-24	1中京6	小雨	8.0	4歳以上1勝クラス		16	3.0	5	3.3	1.0	2	ルメール	58.0	芝1200		重	**	1:10.6	0.3	**	4-3	35.1-35.2	35.2	514(-6)			アシャカタカ	320.0	202407010608
2018110149	2024-04-14	1福島4	晴	9.0	医王寺特別(1勝クラス)		14	6.0	10	2.4	1.0	1	丹内祐次	58.0	芝1200		良	**	1:08.3	-0.3	**	2-2	33.7-34.6	34.5	508(-6)			(ディアドコス)	1147.8	202403010409
2018110149	2024-05-18	1新潟7	晴	11.0	大日岳特別(2勝クラス)		16	1.0	2	4.5	1.0	11	丹内祐次	58.0	芝1200		良	**	1:10.4	0.7	**	3-3	33.9-35.8	36.1	510(+2)			サトノグレイト		202404010711
2018110149	2024-10-27	4新潟8	晴	10.0	清津峡特別(2勝クラス)		16	7.0	13	23.8	7.0	15	丹内祐次	58.0	芝1200		良	**	1:10.3	1.5	**	3-3	34.6-34.2	35.5	518(+8)			カピリナ		202404040810
2018110149	2025-02-08	1東京3	晴	10.0	テレビ山梨杯(2勝クラス)		13	4.0	4	50.9	10.0	1	石川裕紀	54.0	芝1400		良	**	1:20.9	-0.1	**	1-1	34.7-34.8	34.8	512(-6)			(ロジカルワーズ)	1580.1	202505010310
2018110149	2025-03-30	3中山2	晴	10.0	船橋S(3勝クラス)		16	2.0	3	32.3	10.0	7	津村明秀	54.0	芝1200		良	**	1:09.4	0.4	**	5-5	34.1-34.9	35.0	510(-2)			ジョーメッドヴィン		202506030210
2018110149	2025-04-27	2東京2	晴	9.0	湘南S(3勝クラス)		15	4.0	6	41.7	10.0	3	石川裕紀	54.0	芝1400		良	**	1:20.0	0.2	**	4-4	34.1-34.5	34.1	508(-2)			ハクサンバード	464.6	202505020209
2018110149	2025-05-25	2東京10	曇	10.0	フリーウェイS(3勝クラス)		9	8.0	9	19.9	7.0	3	石川裕紀	58.0	芝1400		良	**	1:21.5	0.1	**	1-1	35.3-34.5	34.6	516(+8)			グロリアラウス	462.9	202505021010
2018110149	2025-06-22	3東京6	晴	10.0	多摩川S(3勝クラス)		16	6.0	11	29.5	8.0	8	石川裕紀	58.0	芝1400		良	**	1:21.8	0.6	**	1-1	35.5-34.3	34.9	514(-2)			セフィロ		202505030610
2018110149	2025-12-06	5中京1	晴	11.0	飛騨S(3勝クラス)		12	6.0	7	15.5	8.0	10	ジェルー	58.0	芝1400		良	**	1:20.6	1.2	**	2-2	34.0-34.0	35.0	508(-6)			レディマリオン		202507050111
2018110149	2026-01-05	1中山2	晴	11.0	サンライズS(3勝クラス)		14	8.0	14	34.1	11.0	4	横山武史	55.0	芝1200		良	**	1:08.3	0.1	**	9-9	33.3-34.9	34.2	514(+6)			ウインアイオライト	280.0	202606010211
2019100286	2021-10-16	5新潟3	曇	5.0	2歳新馬		10	7.0	8	9.2	5.0	2	秋山稔樹	53.0	ダ1800		稍	**	1:55.4	0.2	**	7-5-6-7	37.6-38.8	38.5	490(0)			ジャカランダ	280.0	202104050305
2019100286	2021-11-07	5東京2	曇	1.0	2歳未勝利		14	4.0	6	2.8	1.0	2	田辺裕信	55.0	ダ1600		良	**	1:39.3	0.3	**	4-2	35.6-37.2	37.0	498(+8)			コンクエスト	200.0	202105050201
2019100286	2021-11-28	5東京8	晴	3.0	2歳未勝利		16	7.0	14	1.5	1.0	1	ルメール	55.0	ダ1600		良	**	1:38.7	-0.2	**	2-2	35.1-38.9	38.8	500(+2)			(オヤノナナヒカリ)	510.0	202105050803
2019100286	2022-01-29	1東京1	曇	4.0	3歳1勝クラス		16	6.0	11	45.7	7.0	6	丸山元気	56.0	ダ1600		良	**	1:38.0	1.1	**	7-8	34.7-37.9	38.1	500(0)			リッキーマジック		202205010104
2019100286	2022-04-09	3中山5	晴	7.0	3歳1勝クラス		14	2.0	2	11.1	5.0	1	田辺裕信	56.0	ダ1800		良	**	1:53.2	-0.2	**	8-8-7-7	35.4-39.2	38.4	502(+2)			(レッドラパルマ)	750.0	202206030507
2019100286	2022-05-22	3中京6	晴	10.0	鳳雛S(L)		10	5.0	5	7.9	4.0	6	和田竜二	56.0	ダ1800		良	**	1:54.5	1.5	**	4-5-3-3	37.2-37.6	39.0	504(+2)			ハピ		202207030610
2019100286	2022-08-20	3新潟3	雨	9.0	瀬波温泉特別(2勝クラス)		15	7.0	12	6.0	3.0	2	石橋脩	54.0	ダ1800		重	**	1:52.9	0.4	**	3-3-3-3	37.0-37.4	37.6	514(+10)			ウェルカムニュース	609.4	202204030309
2019100286	2022-09-04	3新潟8	晴	10.0	両津湾特別(2勝クラス)		15	5.0	9	5.3	2.0	5	石橋脩	54.0	ダ1800		良	**	1:52.6	0.7	**	1-1-1-1	36.4-37.7	38.4	518(+4)			タイセイスラッガー	151.0	202204030810
2019100286	2022-10-02	4中山9	晴	8.0	3歳以上2勝クラス		16	8.0	15	2.6	1.0	3	田辺裕信	55.0	ダ1800		良	**	1:53.4	0.5	**	13-13-12-12	37.0-38.7	38.1	524(+6)			ロードヴァレンチ	280.0	202206040908
2019100286	2022-12-11	5中山4	曇	9.0	チバテレ杯(2勝クラス)		16	2.0	3	2.3	1.0	4	田辺裕信	56.0	ダ1800		良	**	1:54.5	1.3	**	12-12-11-13	38.4-37.6	38.0	524(0)			ベストリーガード	230.0	202206050409
2019100286	2022-12-28	5中山9	晴	9.0	立志賞(2勝クラス)		16	8.0	15	4.4	1.0	3	田辺裕信	56.0	ダ1800		良	**	1:53.7	0.2	**	4-5-2-4	36.6-37.8	37.8	522(-2)			レッドラパルマ	385.5	202206050909
2019100286	2023-01-15	1中山6	曇	8.0	4歳以上2勝クラス		16	5.0	10	5.5	2.0	7	バシュロ	57.0	ダ1800		良	**	1:54.4	0.9	**	7-7-8-6	37.0-38.3	38.5	522(0)			ロスコフ		202306010608
2019100286	2023-03-11	2中山5	晴	9.0	鎌ケ谷特別(2勝クラス)		15	6.0	11	6.0	3.0	8	横山和生	58.0	ダ1800		良	**	1:53.8	0.8	**	15-15-14-13	36.6-37.7	36.9	518(-4)			トップオブジェラス		202306020509
2019100286	2023-06-24	3東京7	曇	9.0	清里特別(2勝クラス)		16	7.0	13	8.3	4.0	11	田辺裕信	58.0	ダ1400		良	**	1:25.4	1.4	**	14-14	35.0-36.9	36.6	520(+2)			モナルヒ		202305030709
2019100286	2023-10-29	4新潟6	雨	10.0	鳥屋野特別(2勝クラス)		15	5.0	8	20.0	7.0	2	大野拓弥	58.0	ダ1800		不	**	1:49.7	0.2	**	12-12-11-8	34.9-38.3	36.9	520(0)			ハッスルダンク	630.4	202304040610
2019100286	2023-11-18	3京都5	晴	9.0	蹴上特別(2勝クラス)		16	8.0	15	13.8	6.0	3	大野拓弥	58.0	ダ1800		重	**	1:52.5	0.2	**	14-14-11-8	35.7-37.8	37.1	512(-8)			メイショウモズ	395.4	202308030509
2019100286	2023-12-02	5中山1	晴	10.0	鹿島特別(2勝クラス)		16	5.0	10	15.9	5.0	13	大野拓弥	58.0	ダ1800		良	**	1:54.9	1.7	**	16-16-16-15	37.6-37.2	37.3	514(+2)			フラッパールック		202306050110
2019100286	2024-03-16	1中京3	晴	9.0	弥富特別(2勝クラス)		16	1.0	1	27.5	12.0	3	横山武史	56.0	ダ1900		良	**	1:59.7	0.5	**	6-6-6-6	30.6-36.9	36.8	520(+6)			メイショウコガシラ	395.7	202407010309
2019100286	2024-03-30	3中山3	晴	10.0	千葉日報杯(2勝クラス)		15	4.0	7	4.5	2.0	3	横山武史	58.0	ダ1800		重	**	1:51.4	0.2	**	10-10-10-9	36.4-37.5	36.9	520(0)			ストライク	395.4	202406030310
2019100286	2024-04-14	3中山8	晴	9.0	利根川特別(2勝クラス)		14	7.0	12	4.7	2.0	1	横山武史	58.0	ダ1800		良	**	1:52.6	-0.5	**	11-12-8-7	35.9-38.6	37.9	518(-2)			(ヴァナルガンド)	1582.9	202406030809
2019100286	2024-06-16	4京都6	晴	10.0	天橋立S(3勝クラス)		16	8.0	15	7.8	4.0	7	西村淳也	58.0	ダ1800		良	**	1:53.9	0.8	**	9-9-6-6	37.0-36.8	36.8	512(-6)			ペプチドソレイユ		202408040610
2019100286	2024-07-06	2福島3	曇	11.0	鶴ヶ城S(3勝クラス)		15	2.0	2	6.9	3.0	3	菅原明良	58.0	ダ1700		良	**	1:44.4	0.2	**	9-10-10-10	29.9-37.2	36.6	516(+4)			ショウナンライシン	464.5	202403020311
2019100286	2024-08-10	2札幌1	晴	11.0	報知杯大雪H(3勝クラス)		14	5.0	7	6.5	2.0	1	横山武史	56.0	ダ1700		良	**	1:45.3	-0.5	**	9-9-9-4	30.1-38.8	37.8	518(+2)			(ゴッドブルービー)	1869.4	202401020111
2019100286	2024-09-28	3中京8	曇	11.0	シリウスS(GIII)		15	6.0	10	24.3	8.0	4	横山武史	55.0	ダ1900		良	**	1:57.6	0.5	**	9-9-9-9	29.4-37.0	36.7	516(-2)			ハギノアレグリアス	570.0	202407030811
2019100286	2024-12-08	5中山4	晴	10.0	師走S(L)		16	3.0	5	11.2	4.0	9	横山武史	55.0	ダ1800		良	**	1:52.9	1.1	**	13-13-13-13	37.3-38.2	38.0	524(+8)			ロードアヴニール		202406050410
2019100286	2025-03-09	2中山4	晴	10.0	総武S(OP)		16	7.0	14	40.6	7.0	6	横山武史	57.0	ダ1800		重	**	1:52.1	0.6	**	15-15-15-15	36.9-38.0	36.9	516(-8)			ヴァンヤール		202506020410
2019100286	2025-03-22	1阪神7	晴	10.0	レグルスS(OP)		14	3.0	3	25.8	7.0	6	岩田康誠	58.0	ダ1800		良	**	1:53.0	1.2	**	11-11-12-12	37.3-37.8	37.4	510(-6)			マーブルロック		202509010710
2019100286	2025-05-24	2京都9	雨	11.0	平安S(GIII)		16	5.0	9	111.6	12.0	12	高杉吏麒	57.0	ダ1900		稍	**	1:58.6	1.4	**	14-14-15-15	30.4-35.4	35.7	512(+2)			アウトレンジ		202508020911
2019100286	2025-07-19	1函館11	晴	11.0	マリーンS(OP)		14	1.0	1	28.4	9.0	8	浜中俊	55.0	ダ1700		良	**	1:44.7	0.9	**	11-11-12-11	29.8-36.9	36.6	512(0)			ピュアキアン		202502011111
2019100286	2025-09-20	4中山6	小雨	11.0	イサ殿下御来場記念(OP)		15	2.0	3	63.2	10.0	7	横山和生	57.0	ダ1800		重	**	1:52.5	1.2	**	15-15-15-15	36.9-37.7	36.9	516(+4)			ムルソー		202506040611
2019100286	2025-11-22	4京都5	晴	11.0	シトリンS(OP)		16	3.0	5	193.8	12.0	4	マーカン	57.0	ダ1900		良	**	1:57.2	0.3	**	10-8-8-7	29.8-37.5	37.2	516(0)			ムルソー	330.0	202508040511
2019100615	2021-10-09	4阪神1	晴	5.0	2歳新馬		12	3.0	3	26.5	5.0	3	松若風馬	55.0	芝2000		良	**	2:03.3	0.5	**	1-1-1-1	38.2-34.0	34.5	490(0)			アートハウス	180.0	202109040105
2019100615	2021-11-06	5阪神1	晴	4.0	2歳未勝利		11	5.0	5	6.5	3.0	3	武豊	55.0	芝2000		良	**	2:02.9	1.0	**	4-4-7-6	35.8-36.2	36.4	492(+2)			フェーングロッテン	130.0	202109050104
2019100615	2022-02-05	1小倉7	曇	6.0	3歳未勝利		14	7.0	12	3.4	2.0	3	鮫島克駿	56.0	芝2000		良	**	2:02.2	0.2	**	4-5-5-3	36.2-35.8	35.3	496(+4)			リカンカブール	130.0	202210010706
2019100615	2022-02-19	1阪神3	曇	3.0	3歳未勝利		9	8.0	8	3.5	2.0	2	ルメール	56.0	ダ2000		良	**	2:08.2	0.3	**	5-2-2-1	35.6-39.7	40.0	494(-2)			エミサソウツバサ	210.0	202209010303
2019100615	2022-03-12	1阪神9	晴	3.0	3歳未勝利		8	3.0	3	1.4	1.0	2	川田将雅	56.0	ダ2000		良	**	2:07.4	0.1	**	4-4-4-4	35.8-37.7	37.4	494(0)			ニューダイアリーズ	210.0	202209010903
2019100615	2022-04-23	2阪神9	晴	4.0	3歳未勝利		10	5.0	5	1.2	1.0	2	川田将雅	56.0	ダ2000		良	**	2:07.8	0.1	**	2-2-2-1	36.8-37.0	37.0	496(+2)			ハイエンド	210.0	202209020904
2019100615	2022-05-07	3中京1	晴	4.0	3歳未勝利		8	8.0	8	1.3	1.0	2	川田将雅	56.0	ダ1900		良	**	2:00.3	0.4	**	2-2-2-2	30.6-38.0	38.1	500(+4)			グローツラング	210.0	202207030104
2019100615	2022-09-04	4小倉8	晴	6.0	3歳未勝利		15	7.0	13	2.1	1.0	7	福永祐一	56.0	ダ1700		稍	**	1:47.0	1.7	**	5-6-3-5	30.2-37.4	38.8	508(+8)			ワンダーブレット		202210040806
2019100615	2022-09-17	5中京3	曇	4.0	3歳以上1勝クラス		11	2.0	2	3.6	2.0	1	川田将雅	54.0	ダ1900		良	**	1:59.4	-0.2	**	3-3-4-3	30.8-38.1	37.3	508(0)			(ハギノロックオン)	770.0	202207050304
2019100615	2022-12-04	6中京2	晴	2.0	3歳以上1勝クラス		10	2.0	2	1.3	1.0	2	川田将雅	56.0	ダ1900		良	**	2:00.9	0.5	**	4-4-5-4	30.3-39.2	38.7	510(+2)			レッドファーロ	310.0	202207060202
2019100615	2022-12-18	6阪神6	晴	7.0	3歳以上1勝クラス		7	7.0	7	1.8	1.0	2	川田将雅	56.0	ダ2000		良	**	2:08.5	0.4	**	5-5-4-4	36.6-39.9	40.0	510(0)			ジューンアマデウス	310.0	202209060607
2019100615	2023-01-08	1中京3	晴	8.0	4歳以上1勝クラス		12	6.0	8	1.9	1.0	3	川田将雅	57.0	ダ1900		良	**	2:01.5	0.3	**	7-7-6-6	31.3-37.8	37.2	510(0)			ウインザナドゥ	200.0	202307010308
2019100615	2023-03-18	2中京3	小雨	7.0	4歳以上1勝クラス		10	7.0	7	2.4	2.0	2	武豊	58.0	ダ1900		不	**	1:57.7	0.3	**	3-3-3-3	30.2-36.5	36.4	506(-4)			インテンスフレイム	320.0	202307020307
2019100615	2023-04-08	2阪神5	晴	7.0	4歳以上1勝クラス		10	8.0	10	1.4	1.0	1	川田将雅	58.0	ダ2000		不	**	2:05.6	-0.8	**	7-7-4-4	36.0-39.2	38.4	518(+12)			(ジルバーン)	800.0	202309020507
2019100615	2023-06-24	3阪神7	曇	9.0	鷹取特別(2勝クラス)		16	1.0	1	6.9	4.0	3	岩田望来	58.0	ダ2000		稍	**	2:06.6	1.6	**	7-7-8-6	35.2-39.8	40.1	520(+2)			オーロイプラータ	395.1	202309030709
2019100615	2023-07-30	1札幌4	曇	9.0	阿寒湖特別(2勝クラス)		14	7.0	12	19.0	5.0	14	鮫島克駿	58.0	芝2600		良	**	2:47.1	7.7	**	3-4-10-14	36.4-35.3	42.4	518(-2)			ナイトインロンドン		202301010409
2019100615	2023-11-12	3京都4	曇	8.0	3歳以上2勝クラス		16	4.0	7	37.0	7.0	2	鮫島克駿	58.0	ダ1900		稍	**	2:01.4	0.6	**	11-11-11-11	30.1-39.2	37.5	516(-2)			ヤマニンウルス	460.0	202308030408
2019100615	2023-12-09	5中山3	晴	12.0	3歳以上2勝クラス		16	8.0	16	6.9	4.0	3	横山武史	58.0	ダ2400		良	**	2:35.8	0.3	**	13-13-12-11	37.5-38.7	38.0	522(+6)			ローズボウル	290.0	202306050312
2019100615	2024-02-10	2京都5	曇	12.0	4歳以上2勝クラス		14	6.0	9	4.4	2.0	10	岩田望来	58.0	ダ1900		良	**	2:00.5	1.3	**	10-10-8-10	29.7-37.6	38.3	524(+2)			エクセスリターン		202408020512
2019100615	2024-03-17	2中山8	晴	12.0	4歳以上2勝クラス		16	2.0	3	8.6	3.0	7	横山武史	58.0	ダ2400		良	**	2:37.8	1.8	**	11-11-10-8	39.3-38.3	38.5	520(-4)			ヨリノサファイヤ		202406020812
2019100615	2024-05-05	3京都6	晴	8.0	4歳以上2勝クラス		14	5.0	8	9.4	4.0	3	松若風馬	58.0	ダ1900		良	**	2:00.4	0.6	**	9-9-12-10	28.8-37.4	36.6	526(+6)			ペイシャモノノフ	290.0	202408030608
2019100615	2024-05-26	3京都12	晴	9.0	與杼特別(2勝クラス)		11	6.0	6	5.4	4.0	6	松若風馬	58.0	ダ1900		良	**	2:00.5	0.9	**	11-10-7-7	29.5-37.5	37.7	528(+2)			ペプチドソレイユ		202408031209
2019100615	2024-09-29	3中京9	曇	8.0	3歳以上2勝クラス		16	6.0	12	7.1	3.0	11	三浦皇成	58.0	ダ1900		重	**	2:00.0	1.7	**	8-8-11-13	29.4-37.8	38.5	524(-4)			リューデスハイム		202407030908
2019100615	2024-10-19	5京都5	雨	9.0	北國新聞杯(2勝クラス)		12	5.0	6	10.6	5.0	4	北村友一	56.0	ダ1900		稍	**	1:59.1	0.6	**	9-9-9-8	29.2-38.9	38.1	522(-2)			タイトニット	230.0	202408050509
2019100615	2025-09-28	4阪神9	曇	12.0	3歳以上2勝クラス		14	6.0	10	9.3	5.0	9	田口貫太	58.0	ダ2000		良	**	2:07.8	2.1	**	12-12-12-10	35.6-38.2	38.8	522(0)			シャルクハフト		202509040912
2019100615	2025-10-25	3京都8	曇	9.0	北國新聞杯(2勝クラス)		16	3.0	5	46.1	9.0	8	田口貫太	58.0	ダ1900		良	**	1:59.4	1.4	**	10-10-11-10	29.9-38.0	38.0	526(+4)			タガノマカシヤ		202508030809
2019100615	2025-12-20	5中山5	曇	10.0	香取特別(2勝クラス)		16	4.0	7	41.8	10.0	8	松若風馬	58.0	ダ2400		良	**	2:36.1	1.7	**	13-13-13-14	37.9-38.9	39.4	528(+2)			プレシャスデイ		202506050510
2019100702	2021-12-04	6阪神1	晴	5.0	2歳新馬		11	3.0	3	49.7	7.0	7	Ｍ．デム	55.0	芝1800		良	**	1:48.8	1.5	**	2-2	35.9-34.7	36.1	450(0)			ラリュエル		202109060105
2019100702	2021-12-28	6阪神9	曇	1.0	2歳未勝利		12	7.0	10	21.7	6.0	10	丹内祐次	55.0	ダ1800		良	**	1:57.3	2.0	**	9-10-11-11	37.3-38.6	39.3	456(+6)			アテンパーティ		202109060901
2019100702	2022-03-08	名古屋	晴	10.0	名古屋CCオレンジ賞(3歳)		10	8.0	9	4.5	2.0	3	丸野勝虎	56.0	ダ1400		良	**	1:32.8	1.6	**	2-2-2		41.3	452(-4)			ラパンドネージュ	10.8	202248030810
2019100702	2022-04-24	2東京2	曇	3.0	3歳未勝利		18	7.0	14	60.6	9.0	5	柴田大知	56.0	芝1400		良	**	1:22.8	0.6	**	9-9	35.8-34.3	34.0	468(+16)			マンドローネ	52.0	202205020203
2019100702	2022-05-15	2東京8	曇	4.0	3歳未勝利		18	4.0	8	22.6	7.0	2	柴田大知	56.0	芝1400		良	**	1:22.4	0.5	**	10-9	34.5-34.9	34.6	468(0)			コズミックフロスト	210.0	202205020804
2019100702	2022-06-04	3東京1	晴	4.0	3歳未勝利		18	2.0	4	8.6	5.0	5	柴田大知	56.0	芝1400		良	**	1:21.9	0.8	**	16-14	34.6-34.6	34.1	464(-4)			ミスボニータ	52.0	202205030104
2019100702	2022-06-25	3東京7	晴	6.0	3歳未勝利		16	1.0	2	22.6	5.0	3	柴田大知	56.0	芝1600		良	**	1:34.2	0.6	**	5-4	35.5-34.8	35.0	466(+2)			カーペンタリア	130.0	202205030706
2019100702	2022-07-17	2福島6	曇	7.0	3歳未勝利		15	6.0	12	5.7	3.0	1	柴田大知	56.0	芝1800		良	**	1:49.9	-0.1	**	5-5-5-4	36.0-36.1	35.8	466(0)			(サンマルディライト)	520.0	202203020607
2019100702	2022-08-07	2新潟4	晴	12.0	3歳以上1勝クラス		18	8.0	18	69.8	15.0	15	柴田大知	54.0	芝1600		良	**	1:35.5	2.1	**	18-18	35.5-33.9	33.7	466(0)			コミカライズ		202204020412
2019100702	2022-11-19	3福島5	晴	9.0	三春駒特別(1勝クラス)		16	6.0	12	31.7	12.0	15	柴田大知	55.0	芝1800		良	**	1:50.4	1.3	**	14-14-12-15	36.3-36.0	36.0	472(+6)			ウインシュクラン		202203030509
2019100702	2022-12-11	6中京4	晴	12.0	3歳以上1勝クラス		16	8.0	15	141.6	13.0	14	角田大河	54.0	芝1600		良	**	1:35.7	1.4	**	13-12-12	36.1-34.7	34.4	472(0)			ショウナンアデイブ		202207060412
2019100702	2022-12-18	6中京6	晴	7.0	3歳以上1勝クラス		16	2.0	4	398.2	16.0	3	原優介	54.0	芝1600		良	**	1:35.4	0.1	**	11-11-10	35.9-35.6	34.8	472(0)			オーソレミオ	190.0	202207060607
2019100702	2023-01-28	1小倉5	曇	9.0	日田特別(1勝クラス)		14	8.0	14	37.6	11.0	6	丹内祐次	57.0	芝1800		重	**	1:50.5	0.4	**	9-9-5-4	37.3-36.5	36.6	476(+4)			レヴォリオ		202310010509
2019100702	2023-02-26	2小倉6	晴	9.0	高千穂特別(1勝クラス)		15	2.0	2	15.2	7.0	9	丹内祐次	57.0	芝1800		良	**	1:50.9	0.9	**	5-5-7-6	38.0-35.7	36.1	482(+6)			オウケンボルト		202310020609
2019100702	2023-04-15	1福島3	雨	8.0	4歳以上1勝クラス		16	7.0	13	50.9	11.0	3	丹内祐次	58.0	芝1800		稍	**	1:48.9	0.2	**	13-13-11-9	35.1-37.2	36.0	480(-2)			バレエマスター	200.0	202303010308
2019100702	2023-04-30	1新潟2	曇	8.0	4歳以上1勝クラス		12	6.0	8	10.6	4.0	5	丹内祐次	58.0	芝1800		重	**	1:51.2	0.6	**	9-9	37.2-35.2	35.0	480(0)			ケイアイセナ	80.0	202304010208
2019100702	2023-05-13	2東京7	小雨	8.0	4歳以上1勝クラス		9	3.0	3	29.0	6.0	6	丹内祐次	58.0	芝1800		良	**	1:47.8	0.8	**	7-9-9	36.2-34.2	33.5	478(-2)			ルージュカルミア		202305020708
2019100702	2023-06-18	1函館4	晴	9.0	八雲特別(1勝クラス)		11	7.0	8	22.5	10.0	4	吉田隼人	58.0	芝1800		良	**	1:49.0	0.1	**	9-8-4-2	36.4-35.1	34.9	480(+2)			アップストローク	170.0	202302010409
2019100702	2023-07-08	2函館3	晴	9.0	北斗特別(1勝クラス)		10	7.0	8	42.7	9.0	2	丹内祐次	58.0	芝2000		良	**	2:00.9	0.1	**	4-3-3-2	35.6-35.1	35.0	478(-2)			ディープレイヤー	447.2	202302020309
2019100702	2023-07-16	2函館6	曇	9.0	臥牛山特別(1勝クラス)		14	7.0	11	5.7	2.0	2	丹内祐次	58.0	芝1800		稍	**	1:51.2	0.2	**	14-14-12-10	36.6-36.6	35.7	474(-4)			バールデュヴァン	449.2	202302020609
2019100702	2023-08-05	1札幌5	曇	8.0	3歳以上1勝クラス		13	5.0	7	11.4	4.0	9	丹内祐次	58.0	芝1800		稍	**	1:50.5	1.3	**	13-13-12-10	36.5-35.3	35.4	476(+2)			ゴッドファーザー		202301010508
2019100702	2023-08-19	2札幌3	曇	10.0	富良野特別(1勝クラス)		16	1.0	1	27.3	8.0	4	丹内祐次	58.0	芝2000		良	**	2:02.5	0.7	**	16-16-11-4	35.5-35.5	35.3	470(-6)			ウインスノーライト	170.0	202301020310
2019100702	2023-09-03	2札幌8	晴	7.0	3歳以上1勝クラス		14	6.0	9	12.7	6.0	8	丹内祐次	58.0	芝1800		良	**	1:50.9	0.7	**	14-14-3-1	37.3-35.6	36.1	484(+14)			ゲンパチムサシ		202301020807
2019100702	2023-12-28	5中山9	晴	7.0	3歳以上1勝クラス		16	4.0	8	68.7	10.0	5	モリス	58.0	芝1800		良	**	1:48.3	0.7	**	15-15-16-15	35.7-36.2	35.4	492(+8)			ランプシー	80.0	202306050907
2019100702	2024-01-13	1小倉1	晴	8.0	4歳以上1勝クラス		16	7.0	14	36.0	9.0	2	丹内祐次	58.0	芝1800		良	**	1:46.9	0.2	**	12-12-10-7	35.1-35.7	35.0	488(-4)			レッドバレンティア	320.0	202410010108
2019100702	2024-01-28	1小倉6	晴	12.0	4歳以上1勝クラス		13	3.0	3	4.3	3.0	2	丹内祐次	58.0	芝2000		稍	**	2:02.0	0.1	**	13-13-12-10	34.7-37.0	36.2	488(0)			ヴィンセドリス	320.0	202410010612
2019100702	2024-02-10	2小倉1	晴	8.0	4歳以上1勝クラス		11	6.0	7	2.4	1.0	6	丹内祐次	58.0	芝2000		良	**	2:01.8	0.5	**	11-11-10-9	36.6-35.4	34.7	490(+2)			タイキラフター		202410020108
2019100702	2024-02-24	2小倉5	晴	6.0	4歳以上1勝クラス		13	8.0	13	4.0	3.0	2	丹内祐次	58.0	芝1800		重	**	1:49.3	0.2	**	9-9-5-3	36.5-36.5	36.2	494(+4)			トーアライデン	320.0	202410020506
2019100702	2024-03-02	2小倉7	晴	10.0	高千穂特別(1勝クラス)		13	2.0	2	4.0	2.0	7	丹内祐次	58.0	芝1800		稍	**	1:50.1	1.1	**	13-13-12-11	36.0-36.4	35.5	492(-2)			ドラゴンヘッド		202410020710
2019100702	2024-06-08	1函館1	晴	7.0	3歳以上1勝クラス		13	2.0	2	19.8	7.0	6	丹内祐次	58.0	芝2000		良	**	2:00.7	0.1	**	12-12-4-4	35.1-36.0	35.7	482(-10)			フロムナウオン		202402010107
2019100702	2024-06-15	1函館3	晴	10.0	奥尻特別(1勝クラス)		12	4.0	4	12.3	7.0	4	丹内祐次	58.0	芝2000		良	**	2:00.1	0.3	**	12-12-12-10	35.2-36.3	35.3	484(+2)			キットハナガサク	170.0	202402010310
2019100702	2024-06-29	1函館7	晴	7.0	3歳以上1勝クラス		11	7.0	9	18.1	7.0	5	丹内祐次	58.0	芝2000		良	**	2:01.0	0.4	**	11-11-11-9	34.7-36.6	35.9	492(+8)			マイノワール	80.0	202402010707
2019100702	2024-07-14	1函館12	晴	9.0	臥牛山特別(1勝クラス)		13	5.0	7	10.0	4.0	9	丹内祐次	58.0	芝1800		良	**	1:50.0	1.0	**	13-13-13-12	36.0-36.0	35.4	490(-2)			ノレッジビューティ		202402011209
2019100702	2024-07-27	1札幌3	曇	7.0	3歳以上1勝クラス		9	7.0	7	18.3	7.0	3	丹内祐次	58.0	芝2000		良	**	2:00.3	0.2	**	6-6-6-3	35.2-35.1	34.3	496(+6)			タンゴバイラリン	200.0	202401010307
2019100702	2024-08-17	2札幌3	曇	10.0	富良野特別(1勝クラス)		12	6.0	7	18.6	6.0	6	永野猛蔵	58.0	芝2000		良	**	2:01.5	0.9	**	10-10-8-8	36.2-35.5	35.2	500(+4)			コスモブッドレア		202401020310
2019100702	2024-08-31	2札幌7	曇	8.0	3歳以上1勝クラス		16	2.0	3	43.3	11.0	7	斎藤新	58.0	芝2000		重	**	2:04.9	1.0	**	12-10-8-8	37.0-36.6	36.9	494(-6)			ノーブルスカイ		202401020708
2019100702	2024-12-28	5中山9	晴	7.0	3歳以上1勝クラス		16	7.0	14	185.5	14.0	9	柴田大知	58.0	芝1800		良	**	1:48.8	0.9	**	15-15-14-14	36.0-35.7	35.0	502(+8)			パンジャ		202406050907
2019100702	2025-02-02	1小倉4	晴	9.0	戸畑特別(1勝クラス)		16	4.0	8	34.9	9.0	13	斎藤新	58.0	芝2000		稍	**	2:03.9	2.2	**	15-15-13-14	35.5-36.4	37.8	506(+4)			イケイケドンドン		202510010409
2019100702	2025-02-16	1小倉8	晴	12.0	4歳以上1勝クラス		15	7.0	13	36.9	9.0	3	斎藤新	58.0	芝1800		良	**	1:48.4	0.1	**	11-10-8-9	35.8-35.7	34.9	500(-6)			マイネルバーテクス	200.0	202510010812
2019100702	2025-03-02	1小倉12	雨	6.0	4歳以上1勝クラス		18	2.0	4	15.9	7.0	4	丹内祐次	58.0	芝2000		重	**	2:05.1	0.6	**	17-17-15-10	37.0-37.4	36.4	498(-2)			オメガインペリアル	120.0	202510011206
2019100702	2025-03-22	2中京3	晴	9.0	金山特別(1勝クラス)		18	4.0	8	100.7	12.0	1	斎藤新	58.0	芝2000		良	**	2:00.2	0.0	**	15-15-14-14	36.2-35.8	34.7	496(-2)			(クリノアドバンス)	1152.0	202507020309
2019100702	2025-04-20	2阪神8	曇	9.0	蓬莱峡特別(2勝クラス)		8	3.0	3	12.1	6.0	5	シュタル	58.0	芝2000		良	**	2:00.4	0.5	**	7-7-8-8	36.6-34.9	34.7	492(-4)			ヴェルテンベルク	155.0	202509020809
2019100702	2025-05-18	1新潟6	曇	10.0	信濃川特別(2勝クラス)		10	7.0	7	20.3	9.0	9	佐々木大	58.0	芝2000		良	**	2:02.4	1.0	**	8-8	36.9-34.8	35.0	494(+2)			ドラゴンヘッド		202504010610
2019100702	2025-06-08	3東京2	晴	9.0	香港ジョッキーCT(2勝クラス)		12	8.0	12	154.2	11.0	5	佐々木大	58.0	芝2000		良	**	2:01.9	0.5	**	12-11-10	37.2-34.1	33.7	498(+4)			ウィクトルウェルス	155.0	202505030209
2019100702	2025-06-28	1函館5	晴	10.0	洞爺湖特別(2勝クラス)		16	1.0	1	50.4	12.0	13	斎藤新	58.0	芝2000		良	**	2:00.4	1.0	**	14-14-14-15	35.8-35.2	35.0	496(-2)			カネラフィーナ		202502010510
2019100702	2025-07-27	3中京2	晴	6.0	木曽川特別(2勝クラス)		10	7.0	8	44.9	7.0	9	吉村誠之	54.0	芝2000		良	**	2:01.0	1.5	**	10-10-9-9	37.1-34.0	34.5	496(0)			ヤングスカーレット		202507030206
2019100702	2025-08-30	2札幌3	曇	11.0	札幌日刊スポーツ杯(2勝クラス)		14	1.0	1	139.3	12.0	9	松岡正海	58.0	芝2000		稍	**	2:05.2	1.7	**	12-12-12-11	37.3-36.7	37.2	496(0)			ミラージュナイト		202501020311
2019100702	2025-12-27	5阪神7	晴	12.0	3歳以上2勝クラス		9	2.0	2	104.1	7.0	3	田口貫太	58.0	芝2000		良	**	2:00.5	0.6	**	3-3-3-3	37.4-34.9	35.2	492(-4)			ミュージシャン	290.0	202509050712
2019100702	2026-01-17	1京都6	晴	9.0	稲荷特別(2勝クラス)		10	1.0	1	56.1	8.0	9	菱田裕二	58.0	芝2000		良	**	2:02.2	1.2	**	9-9-10-10	36.0-34.5	34.9	498(+6)			ジェットマグナム		202608010609
2019101643	2022-06-26	3阪神4	晴	1.0	3歳未勝利		16	8.0	16	28.6	8.0	9	西村淳也	56.0	ダ1400		良	**	1:27.4	1.7	**	11-9	34.7-38.8	39.2	438(0)			ウインバリオス		202209030401
2019101643	2023-01-04	園田	晴	7.0	C2二		10	5.0	5	2.1	1.0	4	吉村智洋	56.0	ダ1400		良	**	1:33.9	0.3	**	5-5-5-5		39.3	466(+28)			マーブルウェイ	9.0	202350010407
2019101643	2023-01-26	姫路	晴	6.0	C2一		10	8.0	10	1.8	1.0	3	吉村智洋	56.0	ダ1400		稍	**	1:33.3	0.2	**	2-2-1-1		39.9	453(-13)			サニーウェザー	15.0	202351012606
2019101643	2023-02-16	姫路	曇	6.0	C2二		10	8.0	9	1.2	1.0	1	吉村智洋	56.0	ダ1400		良	**	1:34.2	-0.7	**	1-1-1-1		38.5	446(-7)			(カールグリン)	60.0	202351021606
2019101643	2023-03-09	姫路	晴	9.0	C2一		10	7.0	8	1.6	1.0	1	吉村智洋	57.0	ダ1400		良	**	1:32.7	-0.4	**	2-2-1-2		39.1	449(+3)			(ウィステリアダディ)	60.0	202351030909
2019101643	2023-03-28	園田	晴	12.0	C1		12	3.0	3	1.6	1.0	3	吉村智洋	56.0	ダ1230		稍	**	1:22.5	0.6	**	1-1-2-1		40.9	451(+2)			サトノアヴァロン	27.5	202350032812
2019101643	2023-04-11	園田	晴	10.0	C1		10	8.0	12	6.2	2.0	5	吉村智洋	56.0	ダ1230		良	**	1:22.0	2.1	**	4-4-4-5		41.2	448(-3)			トモジャスティス	11.0	202350041110
2019101643	2023-05-17	園田	晴	12.0	C1		12	6.0	7	7.5	4.0	4	吉村智洋	56.0	ダ820		良	**	0:50.8	0.5	**	9-9		36.4	453(+5)			ハローメリールー	16.5	202350051712
2019101643	2023-09-01	園田	晴	7.0	C2一		7	3.0	3	5.3	2.0	2	笹田知宏	56.0	ダ1400		良	**	1:32.9	0.4	**	1-1-1-1		40.3	463(+10)			エキゾチックルナ	28.0	202350090107
2019101643	2023-09-20	園田	曇	9.0	C2一		8	1.0	1	3.2	3.0	4	笹田知宏	56.0	ダ1230		良	**	1:22.0	1.3	**	1-1-1-2		40.9	463(0)			ミヤビフレッチャ	12.0	202350092009
2019101643	2023-10-05	園田	曇	5.0	C2		12	7.0	9	12.7	5.0	1	笹田知宏	56.0	ダ820		稍	**	0:50.7	0.0	**	1-1		36.7	462(-1)			(サンライズプライド)	80.0	202350100505
2019101643	2023-11-12	3福島4	曇	7.0	3歳以上1勝クラス		15	3.0	5	11.2	7.0	2	河原田菜	54.0	芝1200		良	**	1:10.6	0.0	**	2-2	34.4-36.2	36.0	452(-10)			スカプラリオ	320.0	202303030407
2019101643	2023-12-09	4中京3	晴	6.0	3歳以上1勝クラス		16	5.0	9	13.7	5.0	12	鮫島克駿	58.0	ダ1200		良	**	1:14.3	1.9	**	11-15	34.4-38.0	38.7	448(-4)			ストリンジェンド		202307040306
2019101643	2024-01-13	1京都4	曇	8.0	4歳以上1勝クラス		16	2.0	3	35.7	6.0	13	国分恭介	58.0	ダ1200		良	**	1:14.6	2.0	**	4-5	35.3-37.3	38.7	450(+2)			ツークフォーゲル		202408010408
2019101643	2024-01-21	1小倉4	曇	9.0	八幡特別(1勝クラス)		15	7.0	12	14.6	6.0	3	藤岡康太	58.0	芝1200		稍	**	1:10.4	0.1	**	3-3	35.6-34.7	34.7	446(-4)			トーセンエスクード	286.1	202410010409
2019101643	2024-02-17	2小倉3	晴	12.0	4歳以上1勝クラス		18	8.0	17	4.9	2.0	3	藤岡康太	58.0	芝1200		良	**	1:08.1	0.1	**	1-1	33.1-34.9	35.0	448(+2)			シャウビンダー	200.0	202410020312
2019101643	2024-04-07	1福島2	晴	7.0	4歳以上1勝クラス		16	7.0	13	2.4	1.0	10	河原田菜	54.0	芝1200		良	**	1:09.1	0.9	**	4-6	33.6-34.6	35.0	448(0)			ゴルトリッチ		202403010207
2019101643	2024-06-15	1函館3	晴	9.0	下北半島特別(1勝クラス)		8	4.0	4	12.5	4.0	3	菱田裕二	58.0	芝1200		良	**	1:08.5	0.4	**	4-3	33.5-34.6	34.5	452(+4)			ジューンブレア	284.1	202402010309
2019101643	2024-06-29	1函館7	晴	9.0	長万部特別(1勝クラス)		11	1.0	1	13.3	5.0	3	菱田裕二	58.0	芝1200		良	**	1:08.9	0.2	**	3-2	33.5-35.2	34.9	452(0)			ナムラローズマリー	283.6	202402010709
2019101643	2024-07-20	1札幌1	晴	7.0	3歳以上1勝クラス		11	3.0	3	5.2	4.0	1	菱田裕二	58.0	芝1200		良	**	1:08.7	-0.1	**	5-4	33.5-35.2	34.6	446(-6)			(ハレアカラフラ)	800.0	202401010107
2019101643	2024-08-24	2札幌5	晴	10.0	オールスターJ第1戦(2勝クラス)		14	3.0	3	7.0	3.0	10	横山典弘	58.0	芝1200		良	**	1:09.5	0.6	**	6-7	33.5-35.4	35.4	446(0)			クファシル		202401020510
2019101643	2024-11-09	3福島3	晴	10.0	飯坂温泉特別(2勝クラス)		16	4.0	7	17.0	8.0	2	国分恭介	58.0	芝1200		良	**	1:10.1	0.2	**	8-6	33.9-36.0	35.6	452(+6)			ニシノコウダイ	512.7	202403030310
2019101643	2024-12-08	7京都4	曇	12.0	鹿ケ谷特別(2勝クラス)		11	1.0	1	12.4	6.0	4	国分恭介	58.0	芝1200		良	**	1:08.9	0.2	**	3-3	34.5-34.2	34.1	454(+2)			イサチルシーサイド	230.0	202408070412
2019101643	2025-02-02	1小倉4	曇	10.0	周防灘特別(2勝クラス)		18	8.0	18	14.7	6.0	4	菱田裕二	58.0	芝1200		稍	**	1:10.0	0.5	**	3-3	34.3-35.2	35.5	460(+6)			トーラスシャイン	230.0	202510010410
2019101643	2025-02-16	1小倉8	晴	9.0	大濠特別(2勝クラス)		18	6.0	12	12.4	5.0	7	小沢大仁	57.0	芝1200		良	**	1:09.0	0.4	**	2-2	33.5-35.1	35.5	460(0)			ソノママソノママ		202510010809
2019101643	2025-04-26	1福島5	晴	11.0	福島中央テレビ杯(2勝クラス)		15	1.0	2	18.6	8.0	4	角田大和	57.0	芝1200		良	**	1:08.7	0.4	**	8-7	34.1-34.2	34.1	454(-6)			トールキン	230.0	202503010511
2019101643	2025-11-08	3福島1	晴	10.0	飯坂温泉特別(2勝クラス)		16	7.0	13	52.3	12.0	16	小沢大仁	58.0	芝1200		良	**	1:09.3	1.2	**	3-3	32.6-35.5	36.2	450(-4)			イツモニコニコ		202503030110
2019101889	2021-06-27	3東京8	曇	6.0	2歳新馬		15	3.0	4	2.3	1.0	1	三浦皇成	54.0	ダ1400		良	**	1:26.5	-0.7	**	5-4	37.2-36.9	36.3	484(0)			(リュウノブレイク)	700.0	
2019101889	2021-09-20	5中京5	晴	9.0	ヤマボウシ賞(1勝クラス)		8	3.0	3	1.7	1.0	1	三浦皇成	54.0	ダ1400		良	**	1:23.9	-0.1	**	4-3	34.9-37.2	36.8	488(+4)			(ケルンコンサート)	1026.8	202105030806
2019101889	2021-11-25	園田	曇	7.0	兵庫ジュニアグランプ(JpnII)		12	5.0	5	2.3	1.0	2	三浦皇成	55.0	ダ1400		稍	**	1:29.7	0.0	**	5-5-3-3		38.6	500(+12)			セキフウ	1200.0	202107050509
2019101889	2021-12-15	川崎	晴	11.0	全日本2歳優駿【国際(JpnI)		14	4.0	5	7.2	3.0	2	松山弘平	55.0	ダ1600		稍	**	1:39.7	0.5	**	5-5-4-3	36.6-37.3	37.3	496(-4)			ドライスタウト	1470.0	202150112507
2019101889	2022-02-20	1東京8	曇	9.0	ヒヤシンスS(L)		14	3.0	3	3.6	2.0	1	川田将雅	57.0	ダ1600		重	**	1:35.3	0.0	**	3-3	35.2-35.8	35.4	496(0)			(ヘラルドバローズ)	1931.5	202145121511
2019101889	2022-03-26	メイダン	晴		UAEダービー(GII)		16		6		1.0	11	ビュイッ	55.0	ダ1900		良								計不					202205010809
2019101889	2022-06-19	3東京6	晴	11.0	ユニコーンS(GIII)		15	2.0	3	6.0	4.0	9	田辺裕信	56.0	ダ1600		良	**	1:35.7	0.5	**	7-7	34.3-36.9	36.7	494(0)			ペイシャエス		202205030611
2019101889	2022-08-25	佐賀	晴	10.0	サマーチャンピオン(JpnIII)		12	3.0	3	2.8	2.0	4	川田将雅	53.0	ダ1400		不	**	1:26.2	0.7	**	4-4-4-3		37.2	503(+9)			シャマル	240.0	202255082510
2019101889	2023-02-12	1東京6	晴	10.0	バレンタインS(OP)		16	5.0	10	15.0	6.0	15	田辺裕信	60.0	ダ1400		重	**	1:24.9	2.9	**	2-2	33.5-36.8	39.6	520(+17)			ハセドン		202305010610
2019101889	2023-03-11	1阪神9	晴	11.0	コーラルS(L)		16	3.0	6	29.8	9.0	14	武豊	57.0	ダ1400		良	**	1:25.6	1.6	**	10-10	34.4-37.7	38.1	508(-12)			タガノビューティー		202309010911
2019101889	2023-05-14	1京都8	曇	11.0	栗東S(L)		16	4.0	8	105.6	15.0	7	北村友一	57.0	ダ1400		重	**	1:25.1	1.7	**	12-14	34.2-37.3	37.7	508(0)			アイオライト		202308010811
2019101889	2023-09-17	4中山4	晴	11.0	ラジオ日本賞(OP)		16	1.0	1	91.4	14.0	15	石橋脩	58.0	ダ1800		良	**	1:55.4	3.2	**	3-3-4-5	36.3-38.2	41.0	506(-2)			ウィリアムバローズ		202306040411
2019101889	2023-11-12	5東京4	曇	11.0	オーロC(L)		18	6.0	11	118.3	16.0	4	木幡巧也	56.0	芝1400		良	**	1:20.9	0.3	**	9-9	34.6-34.6	33.7	506(0)			グランデマーレ	410.0	202305050411
2019101889	2024-01-13	1中山4	曇	11.0	ニューイヤーS(L)		16	3.0	6	44.3	10.0	15	横山武史	58.0	芝1600		良	**	1:33.5	1.2	**	10-12-14	34.5-34.6	34.5	506(0)			パラレルヴィジョン		202406010411
2019101889	2024-03-24	2阪神2	曇	11.0	六甲S(L)		15	7.0	13	94.5	13.0	14	菱田裕二	58.0	芝1600		重	**	1:35.4	1.1	**	7-6	34.4-35.1	35.6	510(+4)			ボルザコフスキー		202409020211
2019101889	2025-05-31	2東京11	小雨	11.0	アハルテケS(OP)		16	7.0	14	177.4	16.0	16	木幡巧也	60.0	ダ1600		不	**	1:38.5	4.4	**	2-2	33.8-36.6	40.8	508(-2)			ウェイワードアクト		202505021111
2019101889	2025-06-15	3東京4	曇	11.0	パラダイスS(L)		14	5.0	7	130.2	13.0	5	木幡巧也	55.0	芝1400		稍	**	1:22.7	1.0	**	7-7	34.4-35.7	35.9	496(-12)			カリボール	270.0	202505030411
2019101889	2025-07-06	2福島4	晴	11.0	ジュライS(OP)		15	8.0	15	53.1	12.0	13	木幡巧也	55.0	ダ1700		良	**	1:47.0	3.6	**	3-3-3-4	29.5-37.3	40.6	492(-4)			シゲルショウグン		202503020411
2019101889	2025-11-24	3福島6	晴	4.0	障害3歳以上未勝利		14	6.0	9	19.0	6.0	14	上野翔	60.0	障2770		良		3:09.2	6.9		6-8-14-14	105.0-0.0	13.7	504(+12)			オステリア		202503030604
2019102705	2021-06-19	3阪神1	雨	5.0	2歳新馬		16	2.0	3	66.3	11.0	6	岩田康誠	54.0	ダ1200		不	**	1:13.4	0.6	**	12-11	35.4-37.4	36.7	474(0)			フェズカズマ		202109030105
2019102705	2021-07-11	3小倉4	晴	1.0	2歳未勝利		9	3.0	3	6.2	5.0	5	川須栄彦	54.0	ダ1000		稍	**	0:59.9	1.3	**	9-6	34.6-35.5	36.1	470(-4)			ケルンコンサート	51.0	202110030401
2019102705	2021-09-11	5中京1	曇	1.0	2歳未勝利		7	5.0	5	6.8	4.0	5	川須栄彦	54.0	ダ1200		稍	**	1:14.0	1.1	**	3-3	37.3-35.6	36.5	468(-2)			ケイティレインボー	51.0	202107050101
2019102705	2021-09-25	4中山6	曇	1.0	2歳未勝利		14	7.0	12	16.3	5.0	5	永野猛蔵	51.0	ダ1200		良	**	1:12.6	0.6	**	7-6	34.2-37.8	37.7	464(-4)			パスポートチェック	51.0	202106040601
2019102705	2021-10-10	4阪神2	晴	1.0	2歳未勝利		9	2.0	2	21.6	6.0	1	戸崎圭太	55.0	ダ1800		良	**	1:54.9	0.0	**	5-5-4-3	36.3-40.2	39.8	470(+6)			(ダノンフューチャー)	510.0	202109040201
2019102705	2022-01-16	1小倉2	曇	7.0	3歳1勝クラス		12	2.0	2	53.5	10.0	5	西谷凜	53.0	ダ1700		良	**	1:47.4	0.9	**	9-11-12-12	29.6-38.8	38.2	474(+4)			タイセイドレフォン	75.0	202210010207
2019102705	2022-02-06	1中京12	小雪	4.0	3歳1勝クラス		11	7.0	8	20.7	7.0	7	団野大成	56.0	ダ1800		稍	**	1:55.8	2.4	**	6-6-4-5	37.6-37.7	39.7	478(+4)			オディロン		202207011204
2019102705	2022-02-27	2小倉6	晴	9.0	ネモフィラ賞(1勝クラス)		16	7.0	13	49.0	13.0	5	丹内祐次	56.0	ダ1700		良	**	1:48.3	1.1	**	13-14-12-12	29.0-39.1	39.3	474(-4)			テーオードレフォン	103.0	202210020609
2019102705	2022-05-22	3中京6	晴	10.0	鳳雛S(L)		10	6.0	6	105.0	9.0	7	鮫島克駿	56.0	ダ1800		良	**	1:54.6	1.6	**	7-7-7-7	37.2-37.6	38.4	476(+2)			ハピ		202207030610
2019102705	2022-06-12	1函館2	晴	12.0	3歳以上1勝クラス		14	3.0	3	10.1	6.0	7	大久保友	51.0	ダ1700		良	**	1:47.0	0.4	**	8-9-11-12	29.5-38.4	37.7	466(-10)			ビジン		202202010212
2019102705	2022-06-19	1函館4	曇	8.0	3歳以上1勝クラス		12	2.0	2	5.2	2.0	3	岩田康誠	54.0	ダ1700		良	**	1:46.1	0.1	**	9-8-3-3	30.0-37.7	37.6	468(+2)			キュールエフウジン	190.0	202202010408
2019102705	2022-07-02	1函館7	曇	12.0	3歳以上1勝クラス		13	7.0	11	6.3	4.0	3	岩田康誠	54.0	ダ1700		重	**	1:45.4	0.8	**	7-8-5-5	29.4-37.6	37.8	472(+4)			バルムンク	190.0	202202010712
2019102705	2022-07-31	1札幌4	晴	8.0	3歳以上1勝クラス		14	7.0	11	9.4	5.0	5	浜中俊	54.0	ダ1700		良	**	1:47.0	1.0	**	11-11-11-8	30.4-38.0	37.7	468(-4)			ミラキュラスライト	77.0	202201010408
2019102705	2022-08-07	1札幌6	晴	7.0	3歳以上1勝クラス		14	5.0	8	3.3	1.0	2	浜中俊	54.0	ダ1700		良	**	1:46.8	0.2	**	7-6-5-4	29.9-37.8	37.6	470(+2)			スズカマジェスタ	310.0	202201010607
2019102705	2022-10-22	4新潟3	曇	6.0	3歳以上1勝クラス		9	1.0	1	3.6	2.0	5	原優介	52.0	ダ1800		良	**	1:55.1	0.8	**	5-5-5-5	37.0-39.4	39.5	474(+4)			クラーベドラド	77.0	202204040306
2019102705	2022-11-05	3福島1	晴	3.0	3歳以上1勝クラス		15	8.0	15	3.7	2.0	4	原優介	53.0	ダ1700		良	**	1:46.3	1.1	**	8-5-7-5	29.8-37.3	38.0	470(-4)			ジュリエットパール	120.0	202203030103
2019102705	2022-11-20	3福島6	曇	3.0	3歳以上1勝クラス		15	3.0	4	4.4	1.0	1	原優介	53.0	ダ1700		良	**	1:46.7	0.0	**	5-5-4-3	30.9-37.8	37.4	474(+4)			(ブライトホルン)	770.0	202203030603
2019102705	2023-04-30	1新潟2	曇	9.0	五泉特別(2勝クラス)		15	5.0	8	32.8	8.0	3	富田暁	58.0	ダ1800		重	**	1:53.3	1.1	**	9-9-4-5	36.5-36.7	37.3	490(+16)			ワールドタキオン	395.4	202304010209
2019102705	2023-05-14	1新潟6	晴	10.0	中ノ岳特別(2勝クラス)		15	3.0	5	10.5	3.0	11	富田暁	56.0	ダ1800		良	**	1:54.1	1.6	**	8-7-9-9	36.3-37.9	38.7	480(-10)			アルムブラーヴ		202304010610
2019102705	2023-07-16	2函館6	曇	10.0	駒場特別(2勝クラス)		14	4.0	6	24.8	6.0	8	富田暁	58.0	ダ1700		重	**	1:44.6	1.1	**	6-5-6-5	28.9-37.5	38.1	482(+2)			レイクリエイター		202302020610
2019102705	2023-07-23	1札幌2	晴	10.0	大倉山特別(2勝クラス)		14	4.0	5	16.3	6.0	8	富田暁	58.0	ダ1700		良	**	1:47.6	0.9	**	4-4-5-7	30.9-37.1	37.6	478(-4)			シルバーブレッド		202301010210
2019102705	2023-08-06	1札幌6	曇	9.0	HTB賞(2勝クラス)		11	2.0	2	77.0	9.0	10	富田暁	58.0	芝1800		重	**	1:53.7	2.2	**	9-9-9-9	37.8-36.3	37.7	486(+8)			レイトカンセイオー		202301010609
2019102705	2023-10-29	4新潟6	雨	10.0	鳥屋野特別(2勝クラス)		15	1.0	1	56.8	11.0	8	松岡正海	58.0	ダ1800		不	**	1:51.4	1.9	**	14-14-11-12	34.9-38.3	38.6	482(-4)			ハッスルダンク		202304040610
2019102705	2023-11-18	3京都5	晴	9.0	蹴上特別(2勝クラス)		16	5.0	10	189.0	15.0	2	松若風馬	58.0	ダ1800		重	**	1:52.4	0.1	**	12-12-2-1	35.7-37.8	37.9	496(+14)			メイショウモズ	630.8	202308030509
2019102705	2023-12-02	4中京1	晴	9.0	犬山特別(2勝クラス)		16	2.0	4	19.9	8.0	6	松若風馬	58.0	ダ1900		良	**	2:01.2	1.1	**	11-11-14-12	30.1-37.7	37.5	496(0)			アースライザー		202307040109
2019102705	2024-03-23	3中山1	曇	12.0	4歳以上2勝クラス		16	4.0	8	19.0	9.0	9	原優介	57.0	ダ1800		良	**	1:55.3	1.5	**	11-11-11-9	38.5-37.8	38.5	490(-6)			プラウドヘリテージ		202406030112
2019102705	2024-04-07	1福島2	晴	9.0	喜多方特別(2勝クラス)		13	1.0	1	22.5	10.0	7	田口貫太	58.0	ダ1700		良	**	1:47.2	1.1	**	11-11-8-7	30.3-38.1	38.3	486(-4)			ナイトアクアリウム		202403010209
2019102705	2024-04-13	2阪神7	晴	12.0	4歳以上2勝クラス		10	6.0	6	33.0	9.0	2	岩田望来	58.0	ダ1800		良	**	1:52.8	0.1	**	8-8-3-3	37.0-38.7	38.5	488(+2)			マリアナトレンチ	460.0	202409020712
2019102705	2024-04-28	3京都4	晴	9.0	六波羅特別(2勝クラス)		11	5.0	5	7.2	4.0	9	岩田望来	57.0	ダ1800		良	**	1:54.2	1.2	**	4-5-5-5	37.2-36.8	37.5	490(+2)			メイショウカゲカツ		202408030409
2019102705	2024-08-06	盛岡	晴	10.0	東京カップけやき賞(A)		11	8.0	11	6.7	4.0	5	高松亮	56.0	ダ1600		良	**	1:38.3	0.4	**	4-4		38.0	490(0)			ゼットセントラル	17.5	202435080610
2019102705	2024-09-08	3中京2	晴	9.0	天竜川特別(2勝クラス)		14	5.0	8	121.9	10.0	12	丸山元気	58.0	ダ1800		良	**	1:54.5	2.9	**	9-8-5-9	36.8-37.1	39.7	488(-2)			ムルソー		202407030209
2019102705	2024-09-21	3中京6	曇	12.0	3歳以上2勝クラス		16	2.0	4	101.7	13.0	8	浜中俊	58.0	ダ1800		良	**	1:54.0	1.3	**	12-12-13-14	37.0-38.5	38.6	488(0)			バンドマスター		202407030612
2019102705	2024-10-05	5京都1	晴	12.0	3歳以上2勝クラス		14	6.0	10	30.9	8.0	4	田口貫太	57.0	ダ1800		稍	**	1:54.3	1.2	**	9-9-9-9	36.8-38.1	38.4	490(+2)			マルチャレアル	170.0	202408050112
2019102705	2024-10-26	5京都7	曇	12.0	3歳以上2勝クラス		15	7.0	13	74.3	11.0	13	田口貫太	57.0	ダ1800		良	**	1:54.0	1.8	**	10-10-8-9	37.7-37.0	38.0	496(+6)			ヴィンテージボンド		202408050712
2019102705	2025-03-09	1阪神4	晴	8.0	4歳以上2勝クラス		12	7.0	10	68.9	11.0	6	シュタル	58.0	ダ1800		良	**	1:56.6	0.5	**	9-9-7-9	39.0-38.1	37.9	494(-2)			キャピタルサックス		202509010408
2019102705	2025-03-15	1阪神5	小雨	12.0	4歳以上2勝クラス		10	3.0	3	20.3	6.0	7	田口貫太	58.0	ダ1800		良	**	1:56.2	0.6	**	5-5-4-4	39.3-36.4	36.6	494(0)			シャンデルナゴル		202509010512
2019102705	2025-03-29	2中京5	晴	9.0	矢作川特別(2勝クラス)		13	6.0	8	42.1	12.0	2	シュタル	58.0	ダ1800		稍	**	1:53.1	0.2	**	7-8-5-5	38.0-39.1	38.6	494(0)			ティンティンデオ	629.0	202507020509
2019102705	2025-04-13	2阪神6	雨	8.0	天神橋特別(2勝クラス)		12	7.0	9	21.7	8.0	6	戸崎圭太	58.0	ダ1800		稍	**	1:53.6	1.0	**	8-8-8-9	36.5-39.0	38.8	498(+4)			ダブルジョーク		202509020608
2019102705	2025-08-10	3中京6	曇	8.0	揖斐川特別(2勝クラス)		12	5.0	6	112.7	11.0	10	川須栄彦	58.0	ダ1800		良	**	1:54.5	1.9	**	12-12-11-12	37.3-37.5	38.0	494(-4)			タガノバビロン		202507030608
2019102705	2025-08-31	3新潟4	晴	10.0	両津湾特別(2勝クラス)		11	6.0	7	36.4	8.0	11	原優介	58.0	ダ1800		良	**	1:54.5	2.3	**	10-10-7-8	36.0-36.7	38.3	494(0)			シュラザック		202504030410
2019102705	2025-10-04	3京都1	曇	12.0	3歳以上2勝クラス		13	8.0	13	89.2	10.0	12	和田陽希	55.0	ダ1800		不	**	1:52.0	1.8	**	5-5-2-6	36.3-36.7	38.2	502(+8)			ヒルノハンブルク		202508030112
2019102705	2026-01-11	1京都4	晴	9.0	五条坂特別(2勝クラス)		10	5.0	5	112.6	8.0	7	岩田康誠	58.0	ダ1900		良	**	2:01.5	2.3	**	3-3-3-3	29.6-38.8	39.8	508(+6)			キーチパルフェ		202608010409
2019102705	2026-01-25	1京都9	晴	8.0	4歳以上2勝クラス		10	6.0	6	132.1	10.0	8	吉村誠之	58.0	ダ1800		良	**	1:55.5	0.9	**	5-6-6-7	38.2-36.8	37.1	512(+4)			ショウサンジョージ		202608010908
2019103529	2021-10-24	5新潟6	晴	5.0	2歳新馬		15	7.0	12	4.3	1.0	1	亀田温心	53.0	ダ1200		不	**	1:11.8	-0.5	**	6-6	35.1-36.7	36.1	450(0)			(メイショウツガミネ)	700.0	202104050605
2019103529	2021-11-13	5東京3	晴	9.0	オキザリス賞(1勝クラス)		16	5.0	10	40.6	11.0	4	亀田温心	54.0	ダ1400		稍	**	1:24.7	1.3	**	10-9	35.0-36.5	36.7	446(-4)			ドライスタウト	150.0	202105050309
2019103529	2022-06-18	3阪神1	晴	12.0	3歳以上1勝クラス		16	8.0	16	6.0	3.0	11	亀田温心	51.0	ダ1400		良	**	1:26.1	1.4	**	8-7	35.4-36.8	37.7	456(+10)			ライラボンド		202209030112
2019103529	2022-07-10	3小倉4	晴	7.0	3歳以上1勝クラス		11	3.0	3	6.6	3.0	5	今村聖奈	49.0	ダ1000		稍	**	0:59.2	0.6	**	9-9	34.7-35.7	35.0	454(-2)			テンクウフラワー	77.0	202210030407
2019103529	2022-08-07	2新潟4	晴	8.0	3歳以上1勝クラス		14	5.0	8	3.3	1.0	1	今村聖奈	49.0	ダ1200		良	**	1:10.8	-0.3	**	13-13	32.9-37.9	35.7	460(+6)			(アイヴォリーアイ)	770.0	202204020408
2019103529	2022-10-23	4新潟4	曇	10.0	妙高特別(2勝クラス)		15	6.0	11	2.5	1.0	2	団野大成	53.0	ダ1200		稍	**	1:12.9	0.1	**	13-13	34.8-38.0	36.9	462(+2)			アイスリアン	611.0	202204040410
2019103529	2022-11-13	5東京4	曇	8.0	3歳以上2勝クラス		15	8.0	15	3.2	2.0	1	戸崎圭太	54.0	ダ1300		良	**	1:17.2	-0.3	**	12-12	28.7-36.8	35.4	462(0)			(マイステージ)	1110.0	202205050408
2019103529	2022-12-10	5中山3	晴	10.0	アクアラインS(3勝クラス)		16	2.0	4	2.7	1.0	4	戸崎圭太	53.0	ダ1200		良	**	1:10.6	0.1	**	14-13	33.8-36.7	35.4	464(+2)			カイアワセ	280.0	202206050310
2019103529	2023-03-11	2中京1	晴	11.0	中京スポーツ杯(3勝クラス)		16	4.0	7	8.2	5.0	6	鮫島克駿	56.0	ダ1400		良	**	1:23.7	0.4	**	14-12	34.8-36.6	35.4	470(+6)			テイエムアトム		202307020111
2019103529	2023-04-15	2阪神7	雨	10.0	天満橋S(3勝クラス)		16	2.0	4	12.8	5.0	3	鮫島克駿	54.0	ダ1400		不	**	1:23.0	0.4	**	11-9	34.4-36.4	35.7	466(-4)			タガノクリステル	464.9	202309020710
2019103529	2023-06-04	3東京2	曇	10.0	麦秋S(3勝クラス)		16	7.0	14	5.1	3.0	8	戸崎圭太	56.0	ダ1400		稍	**	1:24.0	0.8	**	14-14	34.1-37.3	36.6	466(0)			エルバリオ		202305030210
2019103529	2023-07-23	3中京8	晴	10.0	桶狭間S(3勝クラス)		16	4.0	7	7.5	3.0	1	菅原明良	56.0	ダ1200		良	**	1:10.5	-0.1	**	14-14	34.0-36.5	34.7	464(-2)			(コパノハンプトン)	1875.0	202307030810
2019103529	2023-08-20	3新潟4	晴	11.0	NST賞(OP)		14	5.0	7	3.7	1.0	1	丸田恭介	53.0	ダ1200		良	**	1:11.2	-0.1	**	12-11	33.9-37.3	35.5	462(-2)			(チェイスザドリーム)	2230.1	202304030411
2019103529	2023-10-29	4東京9	晴	10.0	ペルセウスS(OP)		13	3.0	3	4.8	3.0	9	菅原明良	55.0	ダ1400		良	**	1:24.3	0.7	**	11-11	35.3-36.4	35.0	468(+6)			ヘリオス		202305040910
2019103529	2023-11-19	5東京6	晴	11.0	霜月S(OP)		16	3.0	6	13.8	5.0	1	菅原明良	56.0	ダ1400		良	**	1:22.7	0.0	**	12-12	34.4-36.3	34.7	466(-2)			(レッドヴェイロン)	2236.4	202305050611
2019103529	2024-01-28	1東京2	曇	11.0	根岸S(GIII)		16	7.0	14	8.9	4.0	8	菅原明良	55.0	ダ1400		良	**	1:25.0	0.9	**	13-13	35.8-35.8	35.1	466(0)			エンペラーワケア		202405010211
2019103529	2024-02-18	1東京8	晴	11.0	フェブラリーS(GI)		16	8.0	16	41.7	12.0	10	キング	56.0	ダ1600		良	**	1:36.7	1.0	**	15-15	33.9-37.8	37.0	464(-2)			ペプチドナイル		202405010811
2019103529	2024-04-20	3京都1	曇	11.0	天王山S(OP)		13	5.0	7	8.5	4.0	4	西村淳也	57.0	ダ1200		良	**	1:11.6	0.6	**	13-12	35.1-35.9	34.7	464(0)			ジレトール	330.0	202408030111
2019103529	2024-05-12	3京都8	曇	11.0	栗東S(L)		16	8.0	16	9.1	5.0	3	北村友一	56.0	ダ1400		良	**	1:23.9	0.3	**	16-16	35.3-36.1	34.4	466(+2)			サンライズアムール	604.8	202408030811
2019103529	2024-06-22	4京都7	曇	11.0	天保山S(OP)		16	8.0	16	8.2	4.0	4	西村淳也	57.0	ダ1400		稍	**	1:23.9	0.6	**	15-12	34.7-36.6	35.8	470(+4)			サトノルフィアン	330.0	202408040711
2019103529	2024-08-18	3新潟4	晴	11.0	NST賞(OP)		14	4.0	5	5.4	2.0	2	三浦皇成	56.0	ダ1200		良	**	1:11.6	0.2	**	12-12	33.8-37.6	36.1	458(-12)			メタマックス	889.2	202404030411
2019103529	2024-10-27	4東京8	曇	12.0	ペルセウスS(OP)		16	4.0	8	6.5	3.0	9	三浦皇成	56.0	ダ1400		良	**	1:24.2	0.8	**	15-14	35.9-35.5	35.0	462(+4)			アームズレイン		202405040812
2019103529	2024-12-01	7京都2	晴	11.0	ギャラクシーS(OP)		15	5.0	10	6.1	3.0	1	北村友一	56.0	ダ1400		良	**	1:24.0	0.0	**	15-15	34.9-37.0	35.0	464(+2)			(ウェイワードアクト)	2235.7	202408070211
2019103529	2025-02-02	1東京2	曇	11.0	根岸S(GIII)		16	6.0	11	20.0	7.0	3	キング	55.0	ダ1400		稍	**	1:23.6	1.0	**	14-14	33.9-36.9	35.7	466(+2)			コスタノヴァ	1008.0	202505010211
2019103529	2025-04-05	2阪神3	晴	10.0	ポラリスS(OP)		16	3.0	6	6.7	3.0	3	幸英明	56.5	ダ1400		良	**	1:24.3	0.2	**	11-9	34.5-37.5	36.5	466(0)			サンライズフレイム	554.9	202509020310
2019103529	2025-05-18	2京都8	曇	11.0	栗東S(L)		16	7.0	14	7.5	3.0	12	幸英明	56.5	ダ1400		稍	**	1:23.5	1.1	**	16-16	34.7-35.8	34.8	466(0)			コンティノアール		202508020811
2019103529	2025-07-27	3中京2	晴	7.0	東海S(GIII)		16	6.0	12	21.1	8.0	8	団野大成	55.0	ダ1400		良	**	1:23.8	1.6	**	16-13	34.6-35.9	35.9	462(-4)			ヤマニンウルス		202507030207
2019103529	2025-08-17	2新潟8	晴	7.0	NST賞(OP)		15	4.0	7	9.5	6.0	6	丸田恭介	56.5	ダ1200		良	**	1:11.0	0.5	**	15-15	33.6-36.9	35.6	462(0)			クロジシジョー		202504020807
2019103529	2025-11-08	4京都1	晴	11.0	室町S(OP)		16	4.0	7	18.7	7.0	5	北村友一	56.5	ダ1200		良	**	1:10.6	0.3	**	16-16	34.2-36.1	34.3	470(+8)			ペプチドヤマト	220.0	202508040111
2019103529	2025-12-07	5阪神2	晴	11.0	りんくうS(OP)		16	3.0	5	8.1	5.0	7	北村友一	56.5	ダ1200		良	**	1:11.0	0.4	**	14-14	34.9-35.7	34.5	470(0)			メイショウホウレン		202509050211
2019103879	2021-07-24	3新潟1	晴	5.0	2歳新馬		18	8.0	16	76.0	10.0	4	三浦皇成	54.0	芝1600		良	**	1:35.6	1.0	**	6-6	36.0-33.5	33.9	478(0)			オタルエバー	110.0	202104030105
2019103879	2021-10-31	4東京8	曇	2.0	2歳未勝利		11	7.0	9	6.0	3.0	5	戸崎圭太	55.0	芝1600		良	**	1:36.4	0.3	**	5-5	36.8-34.4	34.2	482(+4)			ワールドコネクター	51.0	202105040802
2019103879	2021-11-27	5東京7	晴	2.0	2歳未勝利		18	2.0	3	7.1	4.0	4	三浦皇成	55.0	芝1400		良	**	1:24.0	0.2	**	2-2	36.0-35.1	35.2	486(+4)			ウェストファリア	77.0	202105050702
2019103879	2021-12-19	5中山6	晴	7.0	2歳未勝利		16	4.0	7	7.2	3.0	8	三浦皇成	55.0	芝1600		良	**	1:35.5	0.4	**	7-5-2	35.6-35.7	35.6	482(-4)			エールトゥヘヴン		202106050607
2019103879	2022-01-29	1中京9	晴	2.0	3歳未勝利		16	4.0	8	4.3	3.0	1	岩田望来	56.0	ダ1200		良	**	1:11.9	-1.7	**	2-1	35.3-36.6	36.5	480(-2)			(コブラクロー)	520.0	202207010902
2019103879	2022-02-26	1阪神5	晴	5.0	3歳1勝クラス		16	8.0	15	1.5	1.0	1	岩田望来	56.0	ダ1200		良	**	1:12.8	-0.1	**	10-7	35.1-37.7	36.9	480(0)			(クロジシジョー)	750.0	202209010505
2019103879	2022-05-01	2阪神12	晴	10.0	端午S(OP)		11	7.0	8	3.6	2.0	6	岩田望来	56.0	ダ1400		重	**	1:23.9	0.7	**	8-8	35.1-35.6	35.8	482(+2)			リメイク		202209021210
2019103879	2022-05-15	2東京8	曇	10.0	青竜S(OP)		13	8.0	12	23.5	9.0	3	戸崎圭太	56.0	ダ1600		稍	**	1:35.7	0.2	**	6-7	35.0-36.4	35.6	486(+4)			ハセドン	454.3	202205020810
2019103879	2022-06-19	3東京6	晴	11.0	ユニコーンS(GIII)		15	7.0	12	21.8	8.0	3	戸崎圭太	56.0	ダ1600		良	**	1:35.3	0.1	**	9-10	34.3-36.9	35.8	482(-4)			ペイシャエス	937.7	202205030611
2019103879	2022-10-08	4東京1	曇	10.0	西湖特別(2勝クラス)		16	8.0	16	1.6	1.0	1	戸崎圭太	55.0	ダ1600		重	**	1:34.3	-0.3	**	7-5	33.8-36.6	35.5	488(+6)			(ヨンク)	1548.5	202205040110
2019103879	2022-11-06	5東京2	晴	10.0	錦秋S(3勝クラス)		16	3.0	6	2.0	1.0	1	戸崎圭太	56.0	ダ1600		良	**	1:36.7	0.0	**	3-3	35.3-36.4	36.0	490(+2)			(ガンダルフ)	1874.3	202205050210
2019103879	2022-12-04	6阪神2	曇	11.0	ギャラクシーS(OP)		14	3.0	4	3.2	2.0	2	岩田望来	54.0	ダ1400		稍	**	1:23.8	0.0	**	5-4	35.5-36.4	36.0	492(+2)			デンコウリジエール	891.2	202209060211
2019103879	2023-01-07	1中京2	晴	11.0	すばるS(L)		14	6.0	10	2.8	2.0	1	川田将雅	56.0	ダ1400		良	**	1:23.8	-0.1	**	7-7	34.2-37.6	36.8	496(+4)			(ドライスタウト)	2430.1	202307010211
2019103879	2023-01-29	1東京2	晴	11.0	根岸S(GIII)		16	7.0	14	12.8	4.0	3	川田将雅	56.0	ダ1400		良	**	1:22.7	0.2	**	9-9	34.6-35.9	35.3	496(0)			レモンポップ	1008.1	202305010211
2019103879	2023-05-27	2東京11	晴	11.0	欅S(OP)		16	8.0	16	1.7	1.0	1	川田将雅	58.0	ダ1400		良	**	1:23.0	-0.1	**	7-7	34.8-36.4	35.7	498(+2)			(ジレトール)	2235.7	202305021111
2019103879	2024-05-25	2東京11	晴	11.0	欅S(OP)		16	1.0	1	12.4	3.0	16	戸崎圭太	59.0	ダ1400		良	**	1:25.3	3.4	**	14-14	35.0-35.1	37.0	502(+4)			コスタノヴァ		202405021111
2019103879	2024-06-23	1函館6	晴	11.0	大沼S(L)		14	8.0	13	13.3	6.0	13	鮫島克駿	59.0	ダ1700		良	**	1:47.4	3.1	**	1-1-2-3	29.2-38.3	41.4	502(0)			サヴァ		202402010611
2019103879	2024-07-06	1函館9	曇	11.0	マリーンS(OP)		13	8.0	13			除	北村友一	58.0	ダ1700		稍	**			**		29.3-37.9		504(+2)			ナチュラルハイ		202402010911
2019103879	2024-11-17	5東京6	晴	11.0	霜月S(OP)		16	8.0	16	18.1	7.0	4	菅原明良	59.0	ダ1400		良	**	1:23.4	0.4	**	3-3	35.5-35.5	35.6	504(+2)			ロードフォンス	330.0	202405050611
2019103879	2025-01-11	1中京3	晴	11.0	すばるS(L)		16	2.0	4	6.7	4.0	5	川田将雅	59.0	ダ1400		良	**	1:23.9	0.9	**	8-9	34.2-37.0	37.0	508(+4)			フリームファクシ	240.0	202507010311
2019103879	2025-02-09	1京都4	晴	10.0	令月S(OP)		16	6.0	12	16.6	7.0	5	丹内祐次	58.0	ダ1200		稍	**	1:11.9	0.7	**	9-7	35.2-36.0	35.7	506(-2)			ロードアウォード	220.0	202508010410
2019103879	2025-03-23	2中山8	晴	11.0	千葉S(OP)		16	6.0	11	13.8	5.0	3	菊沢一樹	58.0	ダ1200		良	**	1:10.2	0.2	**	10-11	33.3-36.7	35.9	504(-2)			ボナンザ	555.0	202506020811
2019103879	2025-04-27	2東京2	晴	10.0	オアシスS(L)		12	5.0	6	6.8	4.0	1	戸崎圭太	58.0	ダ1600		稍	**	1:35.5	0.0	**	7-7	35.1-36.3	35.6	504(0)			(バトゥーキ)	2426.6	202505020210
2019103879	2025-05-18	2京都8	曇	11.0	栗東S(L)		16	7.0	13	9.4	5.0	11	岩田望来	58.5	ダ1400		稍	**	1:23.4	1.0	**	11-11	34.7-35.8	35.4	500(-4)			コンティノアール		202508020811
2019103879	2025-11-01	4東京10	晴	11.0	ペルセウスS(OP)		16	7.0	13	5.6	1.0	10	戸崎圭太	58.5	ダ1600		重	**	1:35.1	2.2	**	11-12	33.6-35.8	36.6	506(+6)			ジェイパームス		202505041011
2019103879	2025-11-15	5東京3	晴	11.0	武蔵野S(GIII)		16	3.0	5	58.5	10.0	15	戸崎圭太	57.0	ダ1600		良	**	1:37.0	1.8	**	11-11	35.3-35.5	36.2	504(-2)			ルクソールカフェ		202505050311
2019103879	2025-12-07	5阪神2	晴	11.0	りんくうS(OP)		16	6.0	12	29.4	11.0	11	高杉吏麒	58.5	ダ1200		良	**	1:11.3	0.7	**	10-10	34.9-35.7	35.4	504(0)			メイショウホウレン		202509050211
2019104092	2021-08-28	2札幌5	晴	5.0	2歳新馬		9	8.0	8	2.8	2.0	6	小沢大仁	51.0	ダ1700		良	**	1:54.1	3.8	**	6-5-5-6	31.4-39.9	42.3	516(0)			クリノメガミエース		202101020505
2019104092	2021-10-10	4阪神2	晴	1.0	2歳未勝利		9	7.0	7	23.2	7.0	4	池添謙一	55.0	ダ1800		良	**	1:55.8	0.9	**	4-3-4-5	36.3-40.2	40.5	504(-12)			ヒデノレインボー	77.0	202109040201
2019104092	2021-10-24	4阪神6	晴	1.0	2歳未勝利		10	2.0	2	5.2	3.0	1	池添謙一	55.0	ダ1800		良	**	1:54.4	0.0	**	2-2-2-1	38.0-38.0	37.9	502(-2)			(タマモエース)	510.0	202109040601
2019104092	2021-11-14	5阪神4	晴	9.0	黄菊賞(1勝クラス)		6	5.0	5	19.9	5.0	2	池添謙一	55.0	芝2000		良	**	2:03.4	0.1	**	1-1-1-1	38.5-34.7	34.8	502(0)			ジャスティンパレス	403.8	202109050409
2019104092	2022-01-16	1中京6	晴	8.0	梅花賞(1勝クラス)		4	3.0	3	5.8	3.0	3	池添謙一	56.0	芝2200		良	**	2:16.0	0.3	**	1-1-1-1	37.8-34.3	34.6	510(+8)			セレシオン	261.9	202207010608
2019104092	2022-02-06	1中京12	晴	11.0	きさらぎ賞(GIII)		11	8.0	11	27.7	8.0	3	幸英明	56.0	芝2000		稍	**	2:00.7	0.2	**	1-1-1-1	36.2-35.9	36.1	506(-4)			マテンロウレオ	1005.7	202207011211
2019104092	2022-03-06	2中山4	曇	11.0	報知弥生ディープ記念(GII)		11	2.0	2	22.5	8.0	9	横山武史	56.0	芝2000		良	**	2:01.1	0.6	**	4-4-8-5	36.2-35.2	35.3	508(+2)			アスクビクターモア		202206020411
2019104092	2022-03-27	2中京6	晴	9.0	大寒桜賞(1勝クラス)		8	4.0	4	2.3	1.0	6	池添謙一	56.0	芝2200		重	**	2:17.2	3.1	**	2-2-1-1	34.9-36.5	39.6	504(-4)			ブラックブロッサム		202207020609
2019104092	2022-07-09	1函館9	曇	9.0	北斗特別(1勝クラス)		7	3.0	3	2.3	1.0	4	池添謙一	54.0	芝2000		良	**	2:02.3	1.1	**	2-2-2-3	35.4-36.4	37.3	502(-2)			フラワリングナイト	160.0	202202010909
2019104092	2022-11-27	5阪神8	晴	7.0	3歳以上1勝クラス		8	5.0	5	5.3	2.0	2	小沢大仁	54.0	ダ1800		稍	**	1:52.6	0.4	**	2-2-2-2	38.1-36.5	36.8	510(+8)			メイクアリープ	310.0	202209050807
2019104092	2022-12-11	6中京4	晴	9.0	大須特別(1勝クラス)		10	2.0	2	1.7	1.0	1	幸英明	56.0	ダ1800		良	**	1:53.9	-0.1	**	1-1-2-2	37.4-39.1	38.7	512(+2)			(ガラパゴス)	1097.3	202207060409
2019104092	2023-01-08	1中京3	晴	9.0	濃尾特別(2勝クラス)		16	6.0	11	4.6	2.0	8	幸英明	57.0	ダ1800		良	**	1:55.0	1.0	**	3-3-4-4	36.7-39.0	39.8	520(+8)			ジロー		202307010309
2019104092	2023-01-21	1中京7	晴	7.0	4歳以上2勝クラス		16	1.0	2	6.2	3.0	3	松山弘平	57.0	ダ1900		良	**	2:00.9	0.5	**	1-1-1-1	30.0-38.5	39.0	530(+10)			レッドファーロ	290.0	202307010707
2019104092	2023-02-19	1阪神4	曇	9.0	川西特別(2勝クラス)		11	2.0	2	3.5	1.0	9	池添謙一	57.0	ダ1800		稍	**	1:55.0	2.2	**	1-1-2-2	37.2-38.2	40.4	528(-2)			ジャスパーグレイト		202309010409
2019104092	2023-08-27	3小倉6	晴	10.0	九州スポーツ杯(2勝クラス)		16	1.0	1	8.6	2.0	16	荻野極	56.0	ダ1700		良	**	1:49.2	5.3	**	7-6-7-7	28.6-39.1	43.1	528(0)			グラストンベリー		202310030610
2019104092	2023-10-07	2京都1	曇	12.0	3歳以上2勝クラス		15	1.0	1	31.9	10.0	11	池添謙一	58.0	ダ1800		良	**	1:54.4	2.0	**	3-4-5-4	36.8-37.4	39.2	518(-10)			ドゥラリアル		202308020112
2019104092	2023-10-21	2京都6	曇	10.0	鳴滝特別(2勝クラス)		12	5.0	6	7.6	3.0	3	松山弘平	55.0	芝2400		良	**	2:25.6	0.4	**	2-2-3-3	34.7-35.9	35.8	518(0)			ブレイヴロッカー	394.0	202308020610
2019104092	2023-11-12	3京都4	小雨	7.0	3歳以上2勝クラス		11	8.0	10	7.8	4.0	2	松山弘平	58.0	芝2200		良	**	2:14.1	0.2	**	2-2-2-2	36.1-35.0	35.1	518(0)			アスクドゥポルテ	460.0	202308030407
2019104092	2023-12-17	4中京6	晴	12.0	尾張特別(2勝クラス)		9	4.0	4	3.0	2.0	2	西村淳也	58.0	芝2200		良	**	2:15.1	0.0	**	1-1-1-1	37.4-34.4	34.4	518(0)			マイネルエンペラー	626.2	202307040612
2019104092	2024-04-21	3京都2	雨	9.0	比良山特別(2勝クラス)		9	8.0	9	3.3	2.0	2	池添謙一	58.0	芝2200		良	**	2:14.2	0.1	**	2-2-2-2	36.0-35.2	35.3	520(+2)			コパノサントス	626.0	202408030209
2019104092	2024-05-12	3京都8	曇	9.0	白川特別(2勝クラス)		7	4.0	4	1.6	1.0	1	浜中俊	58.0	芝2400		良	**	2:27.7	-0.2	**	2-2-2-1	37.6-33.5	33.5	520(0)			(フォーチュンコード)	1566.1	202408030809
2019104092	2024-06-15	4京都5	曇	10.0	保津峡S(3勝クラス)		15	5.0	9	7.0	4.0	3	松山弘平	58.0	芝2200		良	**	2:11.0	0.2	**	4-4-3-3	35.4-34.3	34.2	518(-2)			ブラックブロッサム	464.9	202408040510
2019104092	2024-11-17	6京都6	曇	9.0	比叡S(3勝クラス)		17	1.0	2	31.8	8.0	15	池添謙一	56.0	芝2400		良	**	2:27.2	2.7	**	2-2-2-1	34.5-35.2	37.9	506(-12)			ヴェローチェエラ		202408060609
2019104092	2024-12-08	7京都4	小雨	9.0	オリオンS(3勝クラス)		12	1.0	1	14.0	4.0	3	池添謙一	58.0	芝2200		良	**	2:14.2	0.4	**	1-1-1-1	37.5-33.7	34.1	510(+4)			マイネルエンペラー	463.8	202408070409
2019104092	2025-01-06	1中京2	雨	10.0	寿S(3勝クラス)		18	8.0	18	32.4	11.0	4	松山弘平	58.0	芝2000		稍	**	2:02.7	0.7	**	2-2-2-2	36.4-36.1	36.8	514(+4)			グランドカリナン	280.0	202507010210
2019104092	2025-04-12	2阪神5	曇	10.0	京橋S(3勝クラス)		16	4.0	8	8.9	4.0	14	浜中俊	56.0	芝2000		良	**	1:59.9	1.0	**	9-11-11-10	35.7-35.1	35.3	514(0)			カネフラ		202509020510
2019104092	2025-05-11	2京都6	曇	9.0	烏丸S(3勝クラス)		14	7.0	11	43.7	8.0	10	西塚洸二	56.0	芝2400		良	**	2:26.4	2.1	**	2-2-1-1	34.0-35.1	37.2	520(+6)			サンライズソレイユ		202508020609
2019104092	2025-12-14	5阪神4	晴	9.0	オリオンS(3勝クラス)		15	3.0	5	89.0	11.0	9	西塚洸二	58.0	芝2200		良	**	2:12.9	1.3	**	1-1-1-1	34.8-35.2	36.5	514(-6)			エコロディノス		202509050409
2019104092	2026-01-04	1京都1	曇	10.0	寿S(3勝クラス)		9	5.0	5	20.4	7.0	5	西塚洸二	58.0	芝2000		良	**	2:01.4	0.3	**	4-3-4-3	36.9-34.0	33.9	524(+10)			タガノデュード	187.0	202608010110
2019104953	2021-07-04	1函館2	曇	5.0	2歳新馬		14	6.0	10	37.2	9.0	11	菱田裕二	54.0	芝1800		良	**	1:52.0	1.9	**	13-12-12-11	36.4-36.1	36.8	468(0)			アルナシーム		202102010205
2019104953	2021-08-08	1函館12	曇	1.0	2歳未勝利		14	4.0	6	20.6	8.0	4	大野拓弥	54.0	ダ1700		良	**	1:49.2	0.8	**	14-14-13-9	29.9-40.5	38.8	472(+4)			ウインアウォード	77.0	202102011201
2019104953	2021-10-23	5新潟5	曇	2.0	2歳未勝利		15	8.0	15	5.3	2.0	4	秋山稔樹	54.0	ダ1800		重	**	1:54.4	1.2	**	14-14-13-13	36.7-38.5	37.6	476(+4)			センタースリール	77.0	202104050502
2019104953	2021-12-12	5中山4	晴	2.0	2歳未勝利		15	4.0	7	5.1	2.0	6	永野猛蔵	52.0	ダ1800		稍	**	1:58.0	1.1	**	8-8-10-10	37.9-39.3	39.7	472(-4)			ミエノナイスガイ		202106050402
2019104953	2022-01-09	1中山3	晴	2.0	3歳未勝利		16	5.0	9	15.4	7.0	4	内田博幸	56.0	ダ1800		良	**	1:57.7	1.0	**	11-11-10-9	38.7-38.6	38.5	472(0)			パワーブローキング	78.0	202206010302
2019104953	2022-01-30	1東京2	晴	2.0	3歳未勝利		13	7.0	11	3.4	2.0	6	岩田康誠	56.0	ダ2100		良	**	2:16.5	1.8	**	8-10-12-11	32.7-37.5	37.9	474(+2)			セブンスレター		202205010202
2019104953	2022-05-01	2東京4	曇	3.0	3歳未勝利		16	1.0	2	11.6	4.0	7	木幡巧也	56.0	ダ2100		稍	**	2:15.3	1.1	**	3-3-3-3	31.3-36.7	37.5	456(-18)			トップスティール		202205020403
2019104953	2022-05-21	2東京9	雨	5.0	3歳未勝利		11	7.0	8	25.1	6.0	2	木幡巧也	56.0	ダ2100		良	**	2:13.5	0.3	**	8-8-9-6	30.5-39.1	37.9	454(-2)			トップオブジェラス	210.0	202205020905
2019104953	2022-06-25	3東京7	晴	4.0	3歳未勝利		15	2.0	3	5.4	3.0	5	木幡巧也	56.0	ダ2100		良	**	2:13.6	0.9	**	14-14-13-13	31.5-39.3	37.3	454(0)			コウユーパパニニテ	52.0	202205030704
2019104953	2022-07-23	1札幌1	曇	2.0	3歳未勝利		10	3.0	3	7.7	5.0	1	秋山稔樹	55.0	ダ1700		稍	**	1:47.0	0.0	**	10-10-5-4	30.5-38.5	38.1	452(-2)			(ジョーカーブラウン)	520.0	202201010102
2019104953	2022-10-29	4東京8	晴	6.0	3歳以上1勝クラス		12	7.0	10	18.4	7.0	3	松山弘平	55.0	ダ2100		良	**	2:13.7	0.6	**	6-6-4-4	31.6-38.5	38.8	456(+4)			コウユーパパニニテ	190.0	202205040806
2019104953	2023-02-11	1東京5	晴	4.0	4歳以上1勝クラス		16	1.0	1	3.8	1.0	8	松山弘平	57.0	ダ2100		不	**	2:12.5	1.6	**	8-9-11-9	30.7-37.0	37.6	464(+8)			オヤノナナヒカリ		202305010504
2019104953	2023-03-12	2中山6	曇	8.0	4歳以上1勝クラス		16	8.0	15	23.8	8.0	2	横山武史	57.0	ダ2400		良	**	2:36.5	0.6	**	9-9-3-3	39.0-38.9	39.3	464(0)			グリューヴルム	320.0	202306020608
2019104953	2023-04-01	3中山3	晴	8.0	4歳以上1勝クラス		11	7.0	8	6.3	4.0	6	西村淳也	58.0	ダ2400		良	**	2:36.4	0.6	**	4-3-3-4	37.8-40.1	40.3	462(-2)			ケリーズノベル		202306030308
2019104953	2023-05-14	2東京8	曇	6.0	4歳以上1勝クラス		13	5.0	7	5.6	2.0	2	横山武史	58.0	ダ2100		稍	**	2:10.9	0.0	**	4-3-3-4	31.8-37.5	36.7	462(0)			アコークロー	320.0	202305020806
2019104953	2023-06-25	3東京8	晴	8.0	3歳以上1勝クラス		16	1.0	2	5.7	2.0	16	戸崎圭太	58.0	ダ2100		良	**	2:17.9	5.8	**	14-14-12-16	31.3-36.8	40.1	456(-6)			マオノアラシ		202305030808
2019104953	2023-10-07	4東京1	晴	7.0	3歳以上1勝クラス		13	5.0	6	7.1	4.0	11	横山武史	58.0	ダ2100		良	**	2:14.6	2.7	**	10-10-12-13	30.6-38.6	38.4	474(+18)			メイショウカゲカツ		202305040107
2019104953	2023-10-28	4東京8	晴	6.0	3歳以上1勝クラス		13	6.0	8	42.6	8.0	3	木幡巧也	58.0	ダ2100		良	**	2:12.7	0.2	**	7-6-6-5	31.9-37.2	37.1	476(+2)			ビップスコーピオン	200.0	202305040806
2019104953	2023-11-18	5東京5	曇	7.0	3歳以上1勝クラス		11	7.0	8	8.9	3.0	1	木幡巧也	58.0	ダ2100		重	**	2:10.9	-0.1	**	6-6-4-4	31.4-38.9	38.6	474(-2)			(ルーラーリッチ)	800.0	202305050507
2019104953	2024-04-27	2東京3	曇	12.0	4歳以上2勝クラス		11	1.0	1	12.4	5.0	7	木幡巧也	58.0	ダ2100		稍	**	2:12.2	1.1	**	7-7-8-8	31.1-36.3	36.6	474(0)			ネッケツシャチョウ		202405020312
2019104953	2024-05-26	3京都12	晴	9.0	與杼特別(2勝クラス)		11	7.0	8	34.0	8.0	9	佐々木大	58.0	ダ1900		良	**	2:01.6	2.0	**	9-9-11-11	29.5-37.5	38.3	474(0)			ペプチドソレイユ		202408031209
2019104953	2024-08-10	2中京1	晴	10.0	日進特別(2勝クラス)		16	1.0	2	174.1	15.0	7	吉村誠之	58.0	ダ1800		良	**	1:54.2	1.0	**	12-13-13-13	37.1-37.9	37.7	478(+4)			サンマルパトロール		202407020110
2019104953	2024-10-13	4東京3	晴	8.0	3歳以上2勝クラス		16	1.0	1	57.3	13.0	3	原優介	57.0	ダ2100		良	**	2:11.2	0.7	**	14-14-14-13	31.4-36.5	35.7	484(+6)			リアレスト	290.0	202405040308
2019104953	2024-11-02	5東京1	小雨	9.0	神奈川新聞杯(2勝クラス)		16	8.0	15	25.8	9.0	10	木幡巧也	58.0	ダ2100		重	**	2:10.9	1.1	**	13-14-13-12	31.4-35.8	35.8	480(-4)			グロバーテソーロ		202405050109
2019104953	2024-12-15	5中山6	晴	9.0	香取特別(2勝クラス)		14	4.0	5	14.6	6.0	3	丹内祐次	58.0	ダ2400		良	**	2:35.5	0.5	**	11-12-8-6	37.9-39.2	38.8	484(+4)			ニューバラード	394.5	202406050609
2019104953	2025-01-13	1中山5	晴	9.0	成田特別(2勝クラス)		16	1.0	2	7.3	4.0	2	丹内祐次	58.0	ダ2400		良	**	2:38.0	0.2	**	12-12-5-4	38.4-40.8	40.7	482(-2)			アコークロー	630.8	202506010509
2019104953	2025-03-15	2中山5	曇	9.0	阿見特別(2勝クラス)		14	4.0	6	8.1	2.0	8	丹内祐次	57.0	ダ2400		稍	**	2:36.6	2.5	**	11-11-10-9	37.2-39.4	40.9	482(0)			ワンパット		202506020509
2019104953	2025-05-31	2東京11	小雨	12.0	4歳以上2勝クラス		15	8.0	14	31.9	8.0	8	原優介	58.0	ダ2100		不	**	2:09.9	1.1	**	13-12-12-13	29.6-37.1	36.5	484(+2)			ユアフラッシュ		202505021112
2019104953	2025-08-02	2新潟3	晴	8.0	苗場特別(2勝クラス)		12	5.0	6	30.9	9.0	4	木幡巧也	58.0	ダ1800		良	**	1:53.3	0.7	**	11-11-11-11	36.0-38.1	37.7	476(-8)			ピクシレーション	230.0	202504020308
2019104953	2025-10-19	3京都7	曇	12.0	聚楽第特別(2勝クラス)		14	7.0	11	39.0	10.0	10	丹内祐次	58.0	ダ1800		良	**	1:52.7	1.8	**	14-14-14-14	34.9-37.4	36.2	474(-2)			テスティモーネ		202508030712
2019104953	2025-12-20	5中山5	曇	10.0	香取特別(2勝クラス)		16	2.0	4	15.7	7.0	7	原優介	58.0	ダ2400		良	**	2:35.6	1.2	**	13-13-10-13	37.9-38.9	39.2	484(+10)			プレシャスデイ		202506050510
2019105658	2021-07-24	3新潟1	晴	5.0	2歳新馬		18	2.0	3	15.5	5.0	1	幸英明	54.0	芝1600		良	**	1:34.6	-0.7	**	1-1	36.0-33.5	33.5	468(0)			(コリエンテス)	700.0	202104030105
2019105658	2021-08-29	4新潟6	晴	11.0	新潟2歳S(GIII)		12	5.0	6	4.0	2.0	3	幸英明	54.0	芝1600		良	**	1:34.1	0.3	**	1-1	36.2-33.6	33.9	464(-4)			セリフォス	786.2	202104040611
2019105658	2021-10-24	4東京6	晴	6.0	2歳1勝クラス		8	5.0	5	1.9	1.0	2	石橋脩	55.0	芝1400		良	**	1:21.9	0.0	**	1-1	35.2-34.7	34.7	470(+6)			キミワクイーン	290.0	202105040606
2019105658	2021-11-21	5阪神6	晴	9.0	秋明菊賞(1勝クラス)		11	2.0	2	2.0	1.0	1	幸英明	55.0	芝1400		良	**	1:21.7	-0.3	**	1-1	34.7-35.1	35.1	462(-8)			(ブレスレスリー)	1036.6	202109050609
2019105658	2021-12-19	6阪神6	晴	11.0	朝日フューチュリティ(GI)		15	4.0	6	24.1	7.0	12	幸英明	55.0	芝1600		良	**	1:35.0	1.5	**	5-5	34.3-35.2	36.2	456(-6)			ドウデュース		202109060611
2019105658	2022-03-19	2中京3	曇	11.0	中スポ賞ファルコンS(GIII)		18	7.0	14	10.3	6.0	3	幸英明	56.0	芝1400		稍	**	1:21.3	0.4	**	11-11	33.1-36.5	36.0	470(+14)			プルパレイ	1009.1	202207020311
2019105658	2022-05-08	2東京6	曇	11.0	NHKマイルC(GI)		18	7.0	15	87.0	15.0	16	横山和生	57.0	芝1600		良	**	1:34.0	1.7	**	2-2	34.1-34.9	36.4	480(+10)			ダノンスコーピオン		202205020611
2019105658	2022-06-11	1函館1	晴	11.0	函館日刊スポーツ杯(2勝クラス)		14	4.0	5	2.3	1.0	1	横山武史	54.0	芝1200		良	**	1:08.0	-0.3	**	2-2	33.1-34.9	34.7	480(0)			(モンファボリ)	1540.1	202202010111
2019105658	2023-06-10	3阪神3	曇	11.0	水無月S(3勝クラス)		16	7.0	13	5.2	2.0	16	幸英明	58.0	芝1200		良	**	1:09.3	1.8	**	6-6	33.2-34.3	35.7	500(+20)			スリーパーダ		202309030311
2019105658	2023-07-15	2福島5	曇	11.0	バーデンバーデンC(3勝クラス)		11	8.0	10	5.7	4.0	2	北村宏司	58.0	芝1200		稍	**	1:10.7	0.5	**	3-3	34.3-35.9	36.1	492(-8)			デュガ	746.8	202303020511
2019105658	2023-08-19	3小倉3	晴	11.0	佐世保S(3勝クラス)		11	2.0	2	3.7	2.0	4	幸英明	58.0	芝1200		良	**	1:07.6	0.5	**	3-3	32.8-34.3	34.6	494(+2)			メイショウゲンセン	280.0	202310030311
2019105658	2023-10-21	4新潟3	小雨	11.0	北陸S(3勝クラス)		18	1.0	1	6.7	3.0	1	石橋脩	58.0	芝1200		重	**	1:09.4	0.0	**	6-5	33.3-36.1	35.5	494(0)			(エイシンエイト)	1878.5	202304040311
2019105658	2023-12-03	5中山2	晴	11.0	ラピスラズリS(L)		11	7.0	8	6.2	3.0	1	戸崎圭太	57.0	芝1200		良	**	1:07.8	-0.1	**	4-3	33.9-33.9	33.6	490(-4)			(カンティーユ)	2723.1	202306050211
2019105658	2024-01-28	2京都2	曇	11.0	シルクロードS(GIII)		18	8.0	17	11.4	5.0	16	松山弘平	57.0	芝1200		良	**	1:09.4	1.7	**	8-8	33.4-34.3	35.1	494(+4)			ルガル		202408020211
2019105658	2024-03-02	2中山3	曇	11.0	夕刊フジオーシャンS(GIII)		16	7.0	14	40.3	14.0	12	石川裕紀	57.0	芝1200		稍	**	1:08.8	0.8	**	2-2	33.3-34.7	35.4	490(-4)			トウシンマカオ		202406020311
2019105658	2024-06-09	1函館2	小雨	11.0	函館スプリントS(GIII)		16	3.0	5	69.9	13.0	5	角田大河	57.0	芝1200		良	**	1:08.7	0.3	**	6-6	33.4-35.0	34.8	490(0)			サトノレーヴ	410.0	202402010211
2019105658	2024-08-25	2札幌6	晴	11.0	キーンランドC(GIII)		16	8.0	15	91.7	13.0	15	松山弘平	57.0	芝1200		良	**	1:09.3	1.4	**	5-5	33.6-34.3	35.2	500(+10)			サトノレーヴ		202401020611
2019105658	2025-03-16	1阪神6	雨	11.0	米子城S(OP)		16	3.0	6	50.4	12.0	15	古川吉洋	57.0	芝1200		重	**	1:10.6	1.9	**	8-8	33.8-34.9	36.0	494(-6)			カルチャーデイ		202509010611
2019105658	2025-04-20	3中山8	曇	10.0	京葉S(L)		16	5.0	9	110.1	14.0	16	丹内祐次	58.0	ダ1200		良	**	1:14.5	3.4	**	16-16	34.7-36.4	37.4	492(-2)			インビンシブルパパ		202506030810
2019105658	2025-05-17	2京都7	晴	11.0	鞍馬S(OP)		11	8.0	10	32.7	8.0	1	幸英明	58.0	芝1200		重	**	1:08.7	-0.1	**	3-2	34.7-34.0	33.9	490(-2)			(キタノエクスプレス)	2324.5	202508020711
2019105658	2025-07-06	2小倉4	晴	11.0	TV西日本北九州記念(GIII)		18	7.0	13	29.2	14.0	18	幸英明	57.5	芝1200		良	**	1:12.5	4.7	**	9-10	32.5-35.3	39.6	500(+10)			ヤマニンアルリフラ		202510020411
2019105658	2025-11-30	4京都8	晴	12.0	京阪杯(GIII)		18	7.0	15	216.5	18.0	14	荻野琢真	57.0	芝1200		良	**	1:08.8	1.4	**	13-14	32.7-34.7	34.4	502(+2)			エーティーマクフィ		202508040812
2019105759	2021-09-25	4中山6	曇	5.0	2歳新馬		16	1.0	1	125.2	14.0	8	丹内祐次	54.0	芝1600		良	**	1:36.7	1.3	**	5-8-8	35.6-35.9	36.6	452(0)			ビジュノワール		202106040605
2019105759	2021-11-14	2福島4	晴	1.0	2歳未勝利		15	4.0	7	41.0	7.0	10	坂井瑠星	55.0	ダ1700		良	**	1:51.0	1.7	**	8-7-6-6	31.2-38.5	39.8	460(+8)			タイキマクスウェル		202103020401
2019105759	2021-12-11	6中京3	晴	1.0	2歳未勝利		12	5.0	5	197.9	11.0	7	丹内祐次	55.0	ダ1800		良	**	1:56.9	2.3	**	3-2-4-4	38.2-38.2	40.2	458(-2)			ハセドン		202107060301
2019105759	2022-02-06	1小倉8	晴	1.0	3歳未勝利		16	5.0	10	169.0	14.0	3	丹内祐次	56.0	ダ1700		良	**	1:49.0	0.2	**	6-6-9-6	30.4-38.6	38.2	462(+4)			トランソニック	130.0	202210010801
2019105759	2022-02-19	2小倉3	雨	1.0	3歳未勝利		16	8.0	16	16.4	8.0	5	丹内祐次	56.0	ダ1700		稍	**	1:50.9	1.9	**	9-7-9-9	30.5-39.1	40.3	464(+2)			サンレブンワース	52.0	202210020301
2019105759	2022-03-13	2中山6	曇	3.0	3歳未勝利		15	3.0	5	41.5	10.0	5	丹内祐次	56.0	ダ1800		良	**	1:57.8	0.9	**	6-6-8-9	37.7-40.0	40.0	458(-6)			スピードソルジャー	52.0	202206020603
2019105759	2022-04-09	3中山5	晴	2.0	3歳未勝利		15	6.0	11	10.7	7.0	7	丹内祐次	56.0	ダ1800		良	**	1:56.5	1.0	**	11-11-12-12	36.7-39.4	39.4	454(-4)			マイネルサハラ		202206030502
2019105759	2022-06-12	1函館2	晴	2.0	3歳未勝利		14	8.0	13	18.7	7.0	9	松田大作	56.0	ダ1700		良	**	1:48.8	1.5	**	14-13-11-10	29.8-38.9	38.4	452(-2)			アレマーナ		202202010202
2019105759	2022-06-25	1函館5	曇	4.0	3歳未勝利		9	1.0	1	8.1	5.0	4	丹内祐次	56.0	ダ2400		重	**	2:34.2	0.8	**	3-3-3-3	37.8-37.5	38.1	454(+2)			ミアステラ	78.0	202202010504
2019105759	2022-07-17	1函館12	雨	6.0	3歳未勝利		16	4.0	8	24.7	7.0	9	秋山稔樹	55.0	芝2600		重	**	2:51.8	2.8	**	1-1-1-1	37.9-39.1	41.9	454(0)			ジェンヌ		202202011206
2019105759	2022-08-13	3新潟1	曇	4.0	3歳未勝利		15	5.0	9	13.4	6.0	1	石川裕紀	56.0	ダ1800		良	**	1:53.3	-0.2	**	8-7-3-3	36.2-38.8	38.6	446(-8)			(クイーンカトリーヌ)	520.0	202204030104
2019105759	2022-10-16	4新潟2	晴	6.0	3歳以上1勝クラス		12	5.0	5	15.3	6.0	9	土田真翔	52.0	ダ1800		良	**	1:55.0	1.8	**	5-5-7-8	36.9-38.1	39.1	456(+10)			トップスティール		202204040206
2019105759	2022-10-29	4新潟5	晴	6.0	3歳以上1勝クラス		11	8.0	10	18.1	6.0	8	小林凌大	53.0	ダ1800		稍	**	1:55.6	1.8	**	8-8-7-9	36.9-38.9	40.1	456(0)			エクストラノート		202204040506
2019105759	2022-11-19	3福島5	晴	6.0	3歳以上1勝クラス		16	3.0	5	129.3	16.0	16	原優介	53.0	ダ2400		良	**	2:37.4	3.2	**	3-3-5-14	36.3-39.7	42.6	454(-2)			ダノンピーカブー		202203030506
2019105759	2023-05-21	1新潟8	晴	12.0	4歳以上1勝クラス		15	4.0	6	59.3	12.0	12	土田真翔	55.0	ダ1800		良	**	1:56.2	2.2	**	8-8-7-8	37.6-38.1	39.4	458(+4)			ヴィブラツィオーネ		202304010812
2019105759	2023-06-11	3阪神4	曇	7.0	3歳以上1勝クラス		12	3.0	3	305.2	12.0	12	秋山稔樹	57.0	ダ2000		重	**	2:07.0	3.5	**	9-9-7-10	35.5-36.9	39.5	448(-10)			レッドプロフェシー		202309030407
2019105759	2023-08-13	3新潟2	晴	8.0	3歳以上1勝クラス		15	7.0	12	240.8	12.0	11	佐藤翔馬	55.0	ダ1800		良	**	1:54.8	2.5	**	9-9-13-12	35.6-38.8	39.2	456(+8)			オールマイデイズ		202304030208
2019105759	2023-09-18	4中山5	晴	7.0	3歳以上1勝クラス		16	7.0	14	212.9	16.0	5	柴田大知	58.0	ダ1800		良	**	1:56.0	0.4	**	15-16-7-7	36.9-38.7	38.7	458(+2)			デルマオシダシ	80.0	202306040507
2019105759	2023-10-07	4東京1	晴	7.0	3歳以上1勝クラス		13	5.0	7	95.8	11.0	8	柴田大知	58.0	ダ2100		良	**	2:13.9	2.0	**	12-12-12-12	30.6-38.6	38.1	462(+4)			メイショウカゲカツ		202305040107
2019105759	2023-10-21	4新潟3	雨	6.0	3歳以上1勝クラス		14	7.0	12	23.4	9.0	4	佐々木大	57.0	ダ1800		重	**	1:53.0	0.7	**	9-9-6-5	36.6-37.9	38.0	464(+2)			ヒノデテイオー	120.0	202304040306
2019105759	2023-12-16	4中京5	曇	7.0	3歳以上1勝クラス		15	1.0	1	39.5	11.0	9	柴田大知	58.0	ダ1800		重	**	1:53.7	1.6	**	9-10-6-6	36.7-37.5	38.5	468(+4)			ジルバーン		202307040507
2019105759	2024-01-13	1中山4	曇	7.0	4歳以上1勝クラス		16	3.0	6	104.0	12.0	7	柴田大知	58.0	ダ1800		良	**	1:55.0	1.0	**	11-11-10-9	36.7-38.9	38.6	470(+2)			オセアバトルプラン		202406010407
2019105759	2024-02-10	1東京5	晴	4.0	4歳以上1勝クラス		12	4.0	4	167.5	10.0	10	柴田大知	58.0	ダ2100		稍	**	2:14.5	2.4	**	8-7-4-4	31.0-38.8	39.6	470(0)			ピュアグルーヴ		202405010504
2019105759	2024-03-03	2中山4	晴	7.0	4歳以上1勝クラス		11	4.0	4	240.1	11.0	10	柴田大知	58.0	ダ1800		稍	**	1:56.2	2.8	**	8-7-7-7	37.6-37.7	39.4	468(-2)			ベンテイガ		202406020407
2019105759	2024-04-20	1福島5	晴	4.0	障害4歳以上未勝利		14	4.0	6	36.4	9.0	13	石神深一	60.0	障2770		良		3:18.6	15.9		12-11-13-13	105.0-0.0	14.3	464(-4)			メイショウキョウジ		202403010504
2019105759	2024-05-12	1新潟6	曇	4.0	障害4歳以上未勝利		11	1.0	1	125.2	11.0	9	井上敏樹	60.0	障2890		良		3:17.8	8.6		9-9-9-9	105.0-0.0	13.7	468(+4)			ラストドラフト		202404010604
2019105759	2024-06-01	3東京1	晴	1.0	障害3歳以上未勝利		10	7.0	8	163.3	10.0	8	大江原圭	60.0	障3000		稍		3:28.8	3.6		10-9-8-7	105.1-0.0	13.9	464(-4)			オメガリッチマン		202405030101
2019105759	2024-10-06	4新潟2	晴	4.0	障害3歳以上未勝利		10	3.0	3	31.7	6.0	5	石神深一	60.0	障2850		良		3:08.7	0.9		10-9-6-6	103.1-0.0	13.2	458(-6)			クリノサンシャイン	79.0	202404040204
2019105759	2024-11-03	3福島2	晴	5.0	障害3歳以上未勝利		7	1.0	1	9.8	4.0	7	石神深一	60.0	障2750		重		3:06.3	1.6		7-7-7-7	109.0-0.0	13.5	458(0)			タイセイモンストル		202403030205
2019105759	2024-12-01	7京都2	晴	4.0	障害3歳以上未勝利		13	7.0	10	32.7	10.0	4	石神深一	60.0	障2910		良		3:23.1	3.1		10-10-6-6	107.0-0.0	14.0	462(+4)			テイエムエメラルド	120.0	202408070204
2019105759	2025-01-13	1中山5	晴	4.0	障害4歳以上未勝利		9	5.0	5	17.8	7.0	6	石神深一	60.0	障2880		良		3:18.4	3.2		8-8-6-7	107.1-0.0	13.8	470(+8)			フォージドブリック		202506010504
2019105759	2025-02-22	1小倉9	晴	5.0	障害4歳以上未勝利		11	5.0	5	21.6	5.0	中	石神深一	60.0	障2860		良					11	108.1-0.0		474(+4)			タロントゥーズ		202510010905
2019105759	2025-03-22	2中京3	晴	8.0	4歳以上1勝クラス		15	2.0	3	181.8	13.0	12	国分恭介	58.0	ダ1900		良	**	2:01.3	2.1	**	12-11-12-12	30.3-37.4	38.1	466(-8)			ホウオウベルクソン		202507020308
2019105759	2025-05-03	1新潟1	晴	7.0	4歳以上1勝クラス		11	5.0	5	113.9	10.0	7	木幡初也	58.0	ダ1800		稍	**	1:55.9	1.4	**	8-9-9-9	38.9-37.4	37.8	464(-2)			アルゴナヴィス		202504010107
2019105759	2025-11-24	3福島6	晴	4.0	障害3歳以上未勝利		14	4.0	5	66.1	11.0	3	石神深一	60.0	障2770		良		3:02.6	0.3		6-6-5-4	105.0-0.0	13.2	478(+14)			オステリア	210.0	202503030604
2019105759	2025-12-21	5中山6	曇	4.0	障害3歳以上未勝利		14	4.0	5	21.9	6.0	9	石神深一	60.0	障2880		重		3:21.3	5.1		8-7-10-10	109.1-0.0	14.0	480(+2)			ダノンロッキー		202506050604
2019105759	2026-01-11	1京都4	晴	4.0	障害4歳以上未勝利		14	1.0	1	58.8	8.0	4	石神深一	60.0	障2910		良		3:22.9	1.8		2-3-3-3	107.1-0.0	13.9	478(-2)			レッドファーロ	130.0	202608010404
2019105859	2021-06-20	1札幌4	曇	5.0	2歳新馬		16	3.0	6	15.6	5.0	2	藤岡佑介	54.0	芝1200		稍	**	1:09.7	0.2	**	12-10	34.7-34.8	33.7	432(0)			グランアプロウソ	280.0	202101010405
2019105859	2021-07-04	1函館2	晴	1.0	2歳未勝利		12	7.0	10	2.1	1.0	1	藤岡佑介	54.0	芝1200		良	**	1:10.4	0.0	**	6-4	34.4-36.0	35.4	436(+4)			(ジョーブリッランテ)	510.0	202102010201
2019105859	2021-08-14	2札幌1	曇	10.0	コスモス賞(OP)		6	6.0	6	4.4	3.0	2	藤岡佑介	54.0	芝1800		良	**	1:49.4	0.1	**	5-5-5-5	35.5-36.4	36.0	436(0)			トーセンヴァンノ	643.8	202101020110
2019105859	2021-09-04	2札幌7	晴	11.0	札幌2歳S(GIII)		9	4.0	4	23.4	6.0	7	藤岡佑介	54.0	芝1800		良	**	1:50.5	1.4	**	4-5-5-5	36.4-36.8	37.5	438(+2)			ジオグリフ		202101020711
2019105859	2022-05-07	3中京1	晴	6.0	3歳1勝クラス		9	2.0	2	32.7	6.0	6	藤岡佑介	56.0	芝1600		良	**	1:34.7	0.7	**	7-5-5	36.0-33.7	33.2	458(+20)			タガノフィナーレ		202207030106
2019105859	2022-05-28	3中京7	晴	6.0	3歳1勝クラス		9	3.0	3	11.5	5.0	2	藤岡佑介	56.0	芝1600		良	**	1:34.5	0.0	**	3-3-3	34.8-36.4	35.0	460(+2)			ロールアップ	300.0	202207030706
2019105859	2022-08-07	2新潟4	晴	12.0	3歳以上1勝クラス		18	7.0	14	14.9	8.0	2	藤岡佑介	54.0	芝1600		良	**	1:33.6	0.2	**	5-4	35.5-33.9	33.4	462(+2)			コミカライズ	310.0	202204020412
2019105859	2022-08-27	4小倉5	晴	12.0	3歳以上1勝クラス		8	8.0	8	1.8	1.0	3	富田暁	54.0	芝1800		良	**	1:46.8	0.1	**	5-5-5-3	36.5-34.9	33.9	452(-10)			ハッピーオーサム	190.0	202210040512
2019105859	2022-10-30	4新潟6	曇	12.0	3歳以上1勝クラス		18	4.0	7	4.2	1.0	3	富田暁	55.0	芝1400		稍	**	1:22.9	0.0	**	8-7	34.6-36.2	35.4	466(+14)			レッドルピナス	190.0	202204040612
2019105859	2022-12-04	6中京2	晴	8.0	3歳以上1勝クラス		18	7.0	13	2.8	1.0	4	ムーア	56.0	芝1400		良	**	1:20.6	0.2	**	7-7	33.4-35.3	34.8	474(+8)			ケデシュ	120.0	202207060208
2019105859	2022-12-17	6中京5	曇	2.0	3歳以上1勝クラス		16	8.0	15	3.4	1.0	1	富田暁	56.0	ダ1400		良	**	1:25.2	-0.2	**	2-2	35.1-37.9	37.8	472(-2)			(リバーサルバレット)	770.0	202207060502
2019105859	2023-03-26	2中京6	小雨	12.0	四日市特別(2勝クラス)		15	4.0	6	3.1	1.0	2	松山弘平	58.0	ダ1400		不	**	1:23.8	0.0	**	2-2	34.7-37.0	36.9	468(-4)			エルバリオ	630.0	202307020612
2019105859	2023-04-29	1京都3	小雨	12.0	4歳以上2勝クラス		15	1.0	1	2.5	1.0	1	角田大河	57.0	ダ1400		良	**	1:24.5	-0.3	**	6-6	35.3-36.9	36.3	470(+2)			(ヴアーサ)	1140.0	202308010312
2019105859	2023-05-21	1京都10	晴	11.0	高瀬川S(3勝クラス)		16	8.0	15	2.1	1.0	2	松山弘平	56.0	ダ1400		良	**	1:24.9	0.2	**	7-7	34.6-37.8	37.2	470(0)			サトノテンペスト	750.2	202308011011
2019105859	2023-06-25	3東京8	晴	10.0	甲州街道S(3勝クラス)		16	5.0	10	4.3	3.0	3	津村明秀	57.0	ダ1600		良	**	1:35.7	0.4	**	7-8	34.5-37.3	36.5	478(+8)			ワールドタキオン	465.7	202305030810
2019105859	2023-10-09	2京都3	曇	10.0	大山崎S(3勝クラス)		13	8.0	13	3.7	1.0	1	藤岡佑介	58.0	ダ1200		重	**	1:11.7	0.0	**	6-5	34.7-37.0	36.4	484(+6)			(パラシュラーマ)	1867.3	202308020310
2019105859	2023-10-29	4東京9	晴	10.0	ペルセウスS(OP)		13	5.0	6	8.5	6.0	2	松田大作	56.0	ダ1400		良	**	1:23.6	0.0	**	3-5	35.3-36.4	35.9	478(-6)			ヘリオス	888.0	202305040910
2019105859	2023-12-03	5阪神2	晴	11.0	ギャラクシーS(OP)		13	6.0	9	2.7	1.0	3	富田暁	56.0	ダ1400		良	**	1:23.9	0.2	**	10-9	34.2-37.4	36.5	482(+4)			マルモリスペシャル	554.0	202309050211
2019105859	2023-12-17	4中京6	晴	11.0	コールドムーンS(OP)		16	4.0	7	4.7	1.0	2	富田暁	58.0	ダ1400		良	**	1:24.2	0.1	**	9-9	33.9-38.4	37.6	480(-2)			フルム	890.0	202307040611
2019105859	2024-06-22	4京都7	曇	11.0	天保山S(OP)		16	2.0	3	6.7	3.0	2	団野大成	57.0	ダ1400		稍	**	1:23.8	0.5	**	10-9	34.7-36.6	36.1	480(0)			サトノルフィアン	889.8	202408040711
2019105859	2024-07-21	2福島8	晴	11.0	ジュライS(L)		15	7.0	13	3.2	1.0	10	石川裕紀	57.0	ダ1700		良	**	1:46.6	2.3	**	13-14-14-14	30.3-37.7	37.5	476(-4)			メイショウテンスイ		202403020811
2019105859	2024-10-06	5京都2	晴	10.0	藤森S(OP)		14	7.0	13	6.3	4.0	2	藤岡佑介	57.0	ダ1200		良	**	1:11.4	0.1	**	6-5	34.7-36.6	36.1	480(+4)			クインズメリッサ	889.8	202408050210
2019105859	2024-10-27	4東京8	曇	12.0	ペルセウスS(OP)		16	3.0	5	4.3	2.0	5	坂井瑠星	56.5	ダ1400		良	**	1:24.0	0.6	**	4-4	35.9-35.5	35.6	474(-6)			アームズレイン	220.0	202405040812
2019105859	2024-12-22	7京都8	晴	11.0	りんくうS(OP)		16	2.0	3	5.5	2.0	3	藤岡佑介	57.0	ダ1200		良	**	1:11.9	0.4	**	14-11	34.8-36.7	36.0	486(+12)			ドンアミティエ	554.8	202408070811
2019105859	2025-01-19	1中山7	曇	10.0	ジャニュアリーS(OP)		16	1.0	2	15.9	5.0	4	藤岡佑介	57.0	ダ1200		良	**	1:10.7	0.5	**	13-12	33.3-36.9	36.2	486(0)			ジャスパーゴールド	330.0	202506010710
2019105859	2025-02-23	1京都8	曇	11.0	大和S(OP)		16	5.0	9	12.9	5.0	3	富田暁	57.0	ダ1200		良	**	1:11.6	0.4	**	12-13	35.4-35.8	34.9	486(0)			ドンアミティエ	554.9	202508010811
2019105859	2025-04-26	2京都1	晴	11.0	天王山S(OP)		14	2.0	2	8.4	4.0	6	藤岡佑介	57.0	ダ1200		良	**	1:11.2	0.5	**	14-13	34.3-36.4	34.7	476(-10)			ドンアミティエ		202508020111
2019105859	2025-06-28	1函館5	晴	11.0	青函S(OP)		16	5.0	10	25.8	12.0	1	藤岡佑介	56.0	芝1200		良	**	1:08.1	0.0	**	11-10	33.3-34.8	33.7	470(-6)			(ティニア)	2333.6	202502010511
2019105859	2025-08-24	2札幌2	晴	11.0	キーンランドC(GIII)		16	2.0	4	11.4	7.0	7	戸崎圭太	57.0	芝1200		良	**	1:08.5	0.3	**	8-7	33.6-34.6	34.2	466(-4)			パンジャタワー		202501020211
2019105859	2025-11-30	4京都8	晴	12.0	京阪杯(GIII)		18	5.0	10	11.7	7.0	1	富田暁	57.0	芝1200		良	**	1:07.4	-0.1	**	10-9	32.7-34.7	33.4	480(+14)			(ルガル)	4165.8	202508040812
2019106027	2021-09-11	4中山1	曇	5.0	2歳新馬		12	8.0	12	75.7	10.0	10	大野拓弥	54.0	芝2000		良	**	2:06.0	1.8	**	2-3-3-3	38.0-34.5	36.1	444(0)			オニャンコポン		202106040105
2019106027	2021-10-02	4中山8	晴	4.0	2歳未勝利		15	4.0	7	185.4	11.0	15	大野拓弥	55.0	芝2000		稍	**	2:04.4	3.8	**	4-4-5-8	36.4-34.9	38.1	444(0)			レヴァンジル		202106040804
2019106027	2022-04-09	3中山5	晴	6.0	3歳未勝利		16	7.0	14	62.8	12.0	11	西塚洸二	53.0	ダ1200		良	**	1:14.6	1.4	**	16-15	35.3-37.9	37.1	456(+12)			シルバーキングダム		202206030506
2019106027	2022-05-29	2東京12	晴	1.0	3歳未勝利		16	5.0	10	41.1	7.0	4	田辺裕信	56.0	ダ1600		稍	**	1:38.6	1.1	**	3-3	35.5-36.7	37.7	450(-6)			ララエフォール	78.0	202205021201
2019106027	2022-06-19	3東京6	晴	3.0	3歳未勝利		16	6.0	12	14.4	6.0	2	団野大成	56.0	ダ1600		良	**	1:37.5	1.5	**	2-2	35.2-36.5	37.9	450(0)			メンアットワーク	210.0	202205030603
2019106027	2022-07-10	2福島4	晴	7.0	3歳未勝利		15	6.0	11	1.8	1.0	1	田辺裕信	56.0	ダ1700		良	**	1:46.3	-0.3	**	5-5-3-2	30.3-37.6	37.2	452(+2)			(メイリトルラバー)	520.0	202203020407
2019106027	2022-10-30	4東京9	晴	7.0	3歳以上1勝クラス		10	8.0	10	6.4	3.0	3	田辺裕信	55.0	ダ1600		良	**	1:39.2	0.4	**	2-2	37.0-36.6	36.8	458(+6)			ララエフォール	190.0	202205040907
2019106027	2022-12-10	5中山3	晴	8.0	3歳以上1勝クラス		13	1.0	1	4.9	3.0	1	田辺裕信	56.0	ダ1800		良	**	1:54.1	-0.1	**	7-6-7-6	37.8-38.5	38.0	460(+2)			(フォーワンセルフ)	770.0	202206050308
2019106027	2023-01-05	1中山1	晴	7.0	4歳以上2勝クラス		16	5.0	9	3.6	1.0	14	田辺裕信	57.0	ダ1800		良	**	1:55.2	0.7	**	12-12-9-7	37.3-40.2	39.6	468(+8)			ブルーカルセドニー		202306010107
2019106027	2023-05-07	2東京6	雨	12.0	立川特別(2勝クラス)		10	5.0	5	8.1	5.0	5	田辺裕信	58.0	ダ1600		稍	**	1:37.6	0.4	**	3-4	36.6-35.3	35.4	460(-8)			サトノルフィアン	155.0	202305020612
2019106027	2023-07-02	2福島2	晴	10.0	いわき特別(2勝クラス)		12	8.0	12	4.2	2.0	1	田辺裕信	58.0	ダ1700		稍	**	1:45.6	-0.3	**	3-2-2-1	30.3-38.1	38.1	456(-4)			(コスモコラッジョ)	1582.2	202303020210
2019106027	2023-09-24	4中山7	晴	10.0	内房S(3勝クラス)		13	5.0	6	5.3	3.0	7	田辺裕信	58.0	ダ1800		稍	**	1:54.4	1.2	**	2-2-2-2	37.3-38.4	39.3	464(+8)			ダノンマデイラ		202306040710
2019106027	2023-11-11	3福島3	晴	11.0	奥羽S(3勝クラス)		15	5.0	8	21.5	7.0	3	吉田隼人	58.0	ダ1700		良	**	1:45.2	0.5	**	4-5-5-3	29.8-37.3	37.5	462(-2)			ヴィブラフォン	464.9	202303030311
2019106027	2024-01-21	1中山7	曇	10.0	アレキサンドライトS(3勝クラス)		16	2.0	4	53.4	12.0	2	田辺裕信	58.0	ダ1800		不	**	1:50.7	0.1	**	9-9-12-9	36.6-37.1	36.2	470(+8)			ダイシンピスケス	750.2	202406010710
2019106027	2024-02-17	2小倉3	晴	11.0	小倉城S(3勝クラス)		16	3.0	6	5.2	3.0	1	吉田隼人	58.0	ダ1700		良	**	1:44.7	-0.2	**	7-7-7-6	29.8-38.3	37.7	468(-2)			(ロコポルティ)	1875.0	202410020311
2019106027	2024-04-06	1福島1	曇	11.0	吾妻小富士S(OP)		15	5.0	9	4.5	2.0	4	吉田隼人	56.0	ダ1700		良	**	1:45.0	0.5	**	7-8-10-9	29.8-37.3	36.9	466(-2)			ブラックアーメット	330.0	202403010111
2019106027	2024-06-23	1函館6	晴	11.0	大沼S(L)		14	1.0	1	8.3	4.0	6	丹内祐次	57.0	ダ1700		良	**	1:44.8	0.5	**	8-7-8-5	29.2-38.3	38.1	466(0)			サヴァ		202402010611
2019106027	2025-01-12	1中山4	曇	10.0	ポルックスS(OP)		16	3.0	6	29.8	8.0	11	田辺裕信	57.0	ダ1800		良	**	1:54.4	1.2	**	3-3-3-4	37.7-37.0	38.0	468(+2)			アクションプラン		202506010410
2019106027	2025-08-30	4中京3	晴	11.0	名古屋城S(OP)		16	3.0	6	213.5	16.0	12	富田暁	56.0	ダ1800		良	**	1:53.8	2.0	**	11-12-14-13	37.5-37.5	38.2	472(+4)			テーオーパスワード		202507040311
2019106027	2025-11-16	3福島4	晴	11.0	福島民友C(L)		15	2.0	3	58.0	13.0	6	角田大和	57.0	ダ1700		良	**	1:45.8	0.5	**	7-8-9-6	29.8-38.0	37.9	472(0)			ポッドロゴ		202503030411
2019106148	2021-09-04	4小倉7	曇	5.0	2歳新馬		13	7.0	11	47.7	10.0	3	国分優作	54.0	芝1200		稍	**	1:10.4	0.6	**	7-5	35.0-34.8	34.8	480(0)			ダークペイジ	180.0	202110040705
2019106148	2021-09-25	5中京6	晴	1.0	2歳未勝利		8	8.0	8	8.5	3.0	1	国分優作	54.0	ダ1400		良	**	1:25.6	0.0	**	3-2	35.6-37.8	37.6	478(-2)			(ビーアイオラクル)	510.0	202107050601
2019106148	2021-12-19	6阪神6	晴	11.0	朝日フューチュリティ(GI)		15	8.0	15	371.7	15.0	15	国分優作	55.0	芝1600		良	**	1:37.4	3.9	**	15-15	34.3-35.2	37.6	480(+2)			ドウデュース		202109060611
2019106148	2022-01-16	1小倉2	曇	7.0	3歳1勝クラス		12	7.0	9	24.3	6.0	12	古川吉洋	56.0	ダ1700		良	**	1:48.8	2.3	**	7-8-7-10	29.6-38.8	40.2	482(+2)			タイセイドレフォン		202210010207
2019106148	2022-02-12	1阪神1	晴	6.0	3歳1勝クラス		16	6.0	11	65.5	10.0	8	国分優作	56.0	ダ1400		良	**	1:26.0	1.2	**	13-13	34.4-38.0	37.9	484(+2)			コンクパール		202209010106
2019106148	2022-05-22	3中京6	晴	6.0	3歳1勝クラス		13	7.0	10	20.4	6.0	5	古川吉洋	56.0	ダ1400		良	**	1:25.6	1.1	**	4-4	34.7-37.4	38.4	480(-4)			ハーツアズワン	75.0	202207030606
2019106148	2022-06-18	3阪神1	晴	12.0	3歳以上1勝クラス		16	2.0	3	25.5	7.0	16	秋山真一	54.0	ダ1400		良	**	1:28.1	3.4	**	9-14	35.4-36.8	39.3	482(+2)			ライラボンド		202209030112
2019106148	2022-10-09	4阪神2	曇	6.0	3歳以上1勝クラス		16	7.0	14	36.0	8.0	4	国分優作	55.0	ダ1400		稍	**	1:24.5	1.2	**	16-15	34.3-36.8	36.0	488(+6)			ゴールドフライト	120.0	202209040206
2019106148	2022-11-05	5阪神1	晴	7.0	3歳以上1勝クラス		16	5.0	10	18.0	7.0	6	国分優作	56.0	ダ1400		良	**	1:25.4	0.5	**	11-8	35.0-37.9	37.3	490(+2)			イフティファール		202209050107
2019106148	2022-11-20	5阪神6	曇	7.0	3歳以上1勝クラス		16	2.0	4	21.5	6.0	11	国分優作	56.0	ダ1400		稍	**	1:26.9	1.7	**	11-11	36.2-36.3	37.0	488(-2)			ラクスバラディー		202209050607
2019106148	2023-03-29	園田	晴	11.0	JRA交流逆瀬川特別		11	6.0	6	3.7	2.0	3	国分優作	56.0	ダ1400		稍	**	1:31.2	0.4	**	4-4-4-4		40.6	489(+1)			ケンジーフェイス	50.0	202350032911
2019106148	2023-04-29	1京都3	曇	8.0	4歳以上1勝クラス		14	7.0	12	11.0	6.0	12	国分優作	58.0	ダ1400		良	**	1:27.7	1.4	**	7-8	36.6-37.2	37.7	494(+5)			ビオグラフィア		202308010308
2019106148	2023-05-14	1京都8	小雨	7.0	4歳以上1勝クラス		12	3.0	3	16.6	5.0	2	古川吉洋	58.0	ダ1800		重	**	1:54.4	0.1	**	1-1-1-1	37.0-39.4	39.5	500(+6)			グローツラング	320.0	202308010807
2019106148	2023-06-03	3阪神1	晴	6.0	3歳以上1勝クラス		13	4.0	5	7.1	3.0	7	古川吉洋	58.0	ダ1800		重	**	1:52.7	0.6	**	1-1-1-1	36.7-38.3	38.9	500(0)			コロンビアテソーロ		202309030106
2019106148	2023-08-19	3小倉3	晴	12.0	3歳以上1勝クラス		16	4.0	7	7.9	4.0	2	西塚洸二	55.0	ダ1700		良	**	1:45.4	0.1	**	2-2-2-2	29.9-39.4	39.2	492(-8)			タイセイウォリアー	320.0	202310030312
2019106148	2023-09-02	3小倉7	晴	12.0	3歳以上1勝クラス		16	4.0	8	9.4	5.0	5	西塚洸二	55.0	ダ1700		稍	**	1:45.3	0.4	**	7-7-9-10	29.3-39.0	38.8	492(0)			サイモンザナドゥ	80.0	202310030712
2019106148	2023-09-17	4阪神4	晴	8.0	3歳以上1勝クラス		12	2.0	2	3.1	1.0	5	西塚洸二	55.0	ダ1800		良	**	1:55.8	1.4	**	3-3-5-4	36.4-40.5	41.0	492(0)			オラヴェリタス	80.0	202309040408
2019106148	2023-11-09	園田	晴	11.0	JRA交流千種川特別		11	8.0	11	2.5	1.0	1	田口貫太	54.0	ダ1870		稍	**	2:02.9	-0.5	**	1-1-1-1		40.7	496(+4)			(ナムラタタ)	200.0	202350110911
2019106148	2023-11-26	3京都8	晴	7.0	3歳以上2勝クラス		15	1.0	1	11.4	5.0	13	西塚洸二	55.0	ダ1800		良	**	1:55.0	3.7	**	2-3-5-11	35.1-38.0	41.3	490(-6)			アウトレンジ		202308030807
2019106148	2024-02-04	1小倉8	晴	10.0	由布院特別(2勝クラス)		16	5.0	9	22.6	9.0	12	古川吉洋	54.0	ダ1700		重	**	1:45.5	0.9	**	3-3-2-1	28.8-39.4	40.3	490(0)			サンライズグルーヴ		202410010810
2019106148	2024-03-24	2阪神2	雨	8.0	4歳以上2勝クラス		14	7.0	12	17.8	9.0	11	西塚洸二	56.0	ダ2000		不	**	2:06.4	2.3	**	4-3-2-2	33.8-38.3	40.5	492(+2)			バリアントバイオ		202409020208
2019106148	2024-04-13	2阪神7	晴	9.0	明石特別(2勝クラス)		11	8.0	11	89.6	8.0	10	古川吉洋	58.0	芝1800		良	**	1:47.8	2.2	**	1-1	36.2-33.7	35.9	496(+4)			ショウナンアデイブ		202409020709
2019106148	2024-04-28	3京都4	晴	9.0	六波羅特別(2勝クラス)		11	3.0	3	52.3	9.0	6	古川吉洋	53.0	ダ1800		良	**	1:53.5	0.5	**	11-11-9-7	37.2-36.8	36.4	500(+4)			メイショウカゲカツ		202408030409
2019106148	2024-05-12	3京都8	曇	12.0	4歳以上2勝クラス		14	3.0	3	35.5	10.0	5	古川吉洋	58.0	ダ1800		良	**	1:53.8	0.9	**	12-11-10-9	37.1-37.5	37.2	500(0)			マーブルロック	114.0	202408030812
2019106148	2024-07-20	3小倉7	曇	10.0	天草特別(2勝クラス)		16	1.0	2	26.2	8.0	4	西塚洸二	58.0	ダ1700		重	**	1:44.7	0.2	**	16-16-16-16	30.8-37.6	35.5	494(-6)			シークレットキー	230.0	202410030710
2019106148	2024-08-10	2中京1	晴	10.0	日進特別(2勝クラス)		16	5.0	10	9.5	4.0	9	藤懸貴志	58.0	ダ1800		良	**	1:54.9	1.7	**	16-16-15-15	37.1-37.9	37.5	490(-4)			サンマルパトロール		202407020110
2019106148	2025-03-01	1小倉11	曇	11.0	早鞆特別(2勝クラス)		15	2.0	3	43.4	10.0	11	古川吉洋	54.0	ダ1700		良	**	1:46.3	0.9	**	14-15-12-10	30.7-36.6	36.8	494(+4)			コブラ		202510011111
2019106148	2025-03-22	1阪神7	晴	12.0	4歳以上2勝クラス		16	4.0	8	97.2	13.0	9	古川吉洋	58.0	ダ1800		良	**	1:55.1	1.6	**	13-14-16-14	37.7-38.5	37.9	498(+4)			トウカイポワール		202509010712
2019106148	2025-04-13	2阪神6	雨	8.0	天神橋特別(2勝クラス)		12	6.0	7	105.6	9.0	2	太宰啓介	58.0	ダ1800		稍	**	1:53.1	0.5	**	12-12-12-11	36.5-39.0	38.0	504(+6)			ダブルジョーク	627.8	202509020608
2019106148	2025-04-27	2京都2	晴	12.0	4歳以上2勝クラス		12	1.0	1	21.8	9.0	6	太宰啓介	58.0	ダ1800		良	**	1:52.8	0.8	**	11-11-11-9	37.0-37.2	36.9	500(-4)			スマートリアファル		202508020212
2019106148	2025-05-17	2京都7	晴	12.0	4歳以上2勝クラス		10	7.0	7	8.5	5.0	7	太宰啓介	58.0	ダ1800		不	**	1:51.0	1.1	**	7-7-8-8	35.6-37.0	37.4	498(-2)			ヒロノラメール		202508020712
2019106148	2025-07-26	2新潟1	晴	6.0	麒麟山特別(2勝クラス)		15	5.0	9	61.8	11.0	12	太宰啓介	58.0	ダ1800		良	**	1:55.3	2.9	**	7-8-9-10	37.8-37.2	39.3	500(+2)			クラウンシエンタ		202504020106
2019106148	2025-11-01	3京都10	晴	8.0	3歳以上2勝クラス		15	4.0	6	91.8	14.0	10	国分優作	58.0	ダ1800		重	**	1:50.6	1.5	**	13-13-13-14	35.4-36.6	36.8	504(+4)			アーロンイメル		202508031008
2019106148	2025-11-16	4京都4	晴	7.0	3歳以上2勝クラス		16	7.0	14	90.5	11.0	9	古川吉洋	58.0	ダ1800		良	**	1:52.3	1.5	**	13-13-12-13	35.3-38.0	38.0	502(-2)			ゴールデンクラウド		202508040407
2019106148	2025-11-29	4京都7	晴	9.0	栂尾特別(2勝クラス)		13	6.0	9	94.7	11.0	11	古川吉洋	53.0	ダ1800		良	**	1:54.3	1.0	**	11-10-10-11	37.1-36.8	36.7	496(-6)			カペルブリュッケ		202508040709
2019106280	2022-03-05	2中山3	晴	5.0	3歳未勝利		16	3.0	6	31.4	7.0	2	津村明秀	54.0	芝1600		良	**	1:35.4	0.0	**	4-4-4	35.6-35.5	35.2	436(0)			クイーンドライヴ	210.0	202206020305
2019106280	2022-03-26	3中山1	小雨	4.0	3歳未勝利		15	6.0	11	3.0	1.0	3	津村明秀	54.0	芝1600		良	**	1:35.9	0.4	**	3-3-3	35.8-35.3	35.2	432(-4)			サンクション	130.0	202206030104
2019106280	2022-04-24	2東京2	曇	3.0	3歳未勝利		18	5.0	10	2.4	1.0	6	武豊	54.0	芝1400		良	**	1:22.8	0.6	**	2-2	35.8-34.3	34.7	426(-6)			マンドローネ		202205020203
2019106280	2022-07-09	1函館9	曇	4.0	3歳未勝利		14	5.0	7	10.2	5.0	7	武豊	54.0	芝1800		良	**	1:50.1	1.0	**	4-5-3-4	37.7-35.0	35.6	432(+6)			ナックフローラ		202202010904
2019106280	2022-07-24	1札幌2	曇	4.0	3歳未勝利		14	4.0	6	5.8	4.0	4	武豊	54.0	ダ1700		良	**	1:48.3	0.6	**	1-1-1-1	30.9-39.2	39.8	430(-2)			サルサディーバ	78.0	202201010204
2019106280	2022-08-20	2札幌3	曇	4.0	3歳未勝利		16	1.0	2	5.9	3.0	10	武豊	54.0	芝1200		稍	**	1:11.2	1.2	**	5-6	34.1-35.9	36.3	440(+10)			バーニーフォールズ		202201020304
2019106280	2022-10-25	金沢	曇	6.0	C23		10	8.0	10	1.6	1.0	1	堀場裕充	54.0	ダ1400		稍	**	1:29.7	-0.3	**	2-2-2-1		39.0	432(-8)			(ヴェルーリヤ)	35.0	202246102506
2019106280	2022-11-15	金沢	晴	5.0	持田杏奈☆私は持田裕(C1)		11	2.0	2	1.2	1.0	1	堀場裕充	54.0	ダ1400		稍	**	1:31.0	-0.3	**	1-1-1-1		40.5	432(0)			(カンノンアラシ)	37.0	202246111505
2019106280	2022-11-28	金沢	晴	7.0	B29		9	4.0	4	2.5	2.0	2	堀場裕充	54.0	ダ1400		良	**	1:30.3	0.3	**	1-1-1-1		38.3	431(-1)			キープオンラビン	12.4	202246112807
2019106280	2023-04-04	川崎	曇	10.0	エイプリルスター賞(B2B3)		11	8.0	10	33.0	8.0	11	山崎誠士	55.0	ダ1500		良	**	1:43.2	6.5	**	3-4-5-11	31.2-39.4	45.3	418(-13)			ケイアイメビウス		202345040410
2019106280	2023-09-10	4中山2	晴	7.0	3歳以上1勝クラス		16	3.0	6	103.3	14.0	5	武藤雅	56.0	芝1600		良	**	1:33.6	0.2	**	4-4-4	35.5-34.7	34.7	444(+26)			サザンステート	80.0	202306040207
2019106280	2023-09-24	4中山7	晴	7.0	3歳以上1勝クラス		16	4.0	7	46.0	9.0	8	武藤雅	56.0	芝1600		良	**	1:35.1	0.8	**	8-7-7	35.3-35.6	35.8	450(+6)			コントラポスト		202306040707
2019106280	2024-01-28	1小倉6	小雨	7.0	4歳以上1勝クラス		14	3.0	4	40.0	8.0	11	藤田菜七	54.0	ダ1700		良	**	1:49.5	2.5	**	6-6-7-5	30.1-38.4	40.3	428(-22)			オシゲ		202410010607
2019106280	2024-03-16	1中京3	晴	8.0	4歳以上1勝クラス		13	1.0	1	69.5	10.0	5	菊沢一樹	56.0	芝1600		良	**	1:35.6	0.5	**	1-1-1	36.8-34.1	34.6	424(-4)			アクートゥス	80.0	202407010308
2019106280	2024-03-31	3中山4	晴	8.0	4歳以上1勝クラス		13	5.0	6	37.3	9.0	8	菊沢一樹	56.0	芝1600		良	**	1:35.2	0.7	**	2-2-3	36.6-34.1	34.6	430(+6)			タミオスター		202406030408
2019106280	2024-05-11	1新潟5	晴	10.0	三国特別(1勝クラス)		12	8.0	11	43.8	10.0	4	武藤雅	56.0	芝1600		良	**	1:36.6	0.4	**	6-5	37.2-34.2	34.1	428(-2)			エンファサイズ	170.0	202404010510
2019106280	2024-05-18	2東京9	晴	7.0	4歳以上1勝クラス		16	5.0	10	54.4	8.0	7	武藤雅	56.0	芝1600		良	**	1:34.1	0.8	**	12-13	35.1-35.0	34.1	424(-4)			ダッチアイリス		202405020907
2019106280	2024-08-11	2中京2	晴	9.0	鞍ケ池特別(1勝クラス)		10	6.0	6	111.1	8.0	4	酒井学	56.0	芝1600		良	**	1:32.8	0.4	**	5-4-4	34.2-35.4	35.0	432(+8)			ベラジオボンド	170.0	202407020209
2019106280	2024-09-29	3中京9	曇	7.0	3歳以上1勝クラス		16	7.0	13	53.0	12.0	5	酒井学	56.0	芝1600		重	**	1:35.7	0.7	**	4-4-4	35.8-35.5	35.2	444(+12)			ヨウシタンレイ	80.0	202407030907
2019106280	2024-10-26	4新潟7	晴	9.0	柏崎特別(1勝クラス)		16	6.0	12	36.1	9.0	3	酒井学	56.0	芝1600		良	**	1:34.4	0.3	**	3-4	35.7-33.8	34.0	440(-4)			ツルマウカタチ	287.2	202404040709
2019106280	2024-12-15	4中京6	晴	8.0	3歳以上1勝クラス		16	5.0	10	18.1	7.0	1	酒井学	56.0	芝1600		良	**	1:34.2	-0.1	**	7-6-6	34.5-36.4	35.8	442(+2)			(ブリックワーク)	800.0	202407040608
2019106280	2025-01-06	1中京2	雨	12.0	4歳以上2勝クラス		16	1.0	1	50.1	10.0	7	酒井学	56.0	芝1600		重	**	1:37.9	0.7	**	4-8-6	35.3-36.9	37.1	444(+2)			ナムラエイハブ		202507010212
2019106280	2025-03-22	2中京3	晴	10.0	熱田特別(2勝クラス)		17	6.0	12	29.0	7.0	3	斎藤新	56.0	芝1400		良	**	1:21.1	0.1	**	7-8	33.9-35.3	34.6	440(-4)			ソルトクィーン	395.1	202507020310
2019106280	2025-04-27	2東京2	晴	8.0	4歳以上2勝クラス		14	5.0	7	11.8	6.0	10	酒井学	56.0	芝1400		良	**	1:21.0	0.6	**	11-11	35.1-33.5	33.4	432(-8)			シンバーシア		202505020208
2019106280	2025-06-21	3阪神5	晴	9.0	舞子特別(2勝クラス)		13	3.0	3	69.3	12.0	10	酒井学	53.0	芝1600		良	**	1:33.7	1.1	**	7-7	34.5-34.6	35.0	452(+20)			ハワイアンティアレ		202509030509
2019106280	2025-08-03	3中京4	晴	8.0	納屋橋特別(2勝クラス)		8	6.0	6	19.6	6.0	5	酒井学	56.0	芝1600		良	**	1:33.4	0.7	**	5-5-5	36.2-33.3	33.5	448(-4)			ディアナザール	155.0	202507030408
2019106280	2025-08-23	4中京1	晴	10.0	有松特別(2勝クラス)		13	4.0	4	38.4	8.0	3	国分恭介	56.0	芝1600		良	**	1:33.6	0.1	**	2-2-2	36.1-33.9	33.9	454(+6)			モンテシート	394.2	202507040110
2019106280	2025-10-19	3京都7	曇	8.0	3歳以上2勝クラス		10	8.0	10	37.4	8.0	4	酒井学	56.0	芝1600		良	**	1:33.5	0.2	**	3-3	36.0-33.7	33.7	454(0)			ミニトランザット	170.0	202508030708
2019106280	2025-12-07	5中京2	晴	10.0	志摩特別(2勝クラス)		13	4.0	5	10.6	6.0	8	国分恭介	54.0	芝1600		良	**	1:34.6	0.8	**	5-4-3	36.3-33.8	34.3	450(-4)			キングメーカー		202507050210
2020100105	2022-12-28	6阪神9	晴	5.0	2歳新馬		18	6.0	12	5.5	2.0	5	団野大成	54.0	芝1600		良	**	1:37.0	1.0	**	2-2	37.1-34.0	34.9	470(0)			ランスオブサウンド	70.0	
2020100105	2023-01-14	1中京5	小雨	5.0	3歳未勝利		18	2.0	3	30.5	9.0	2	岩田望来	54.0	芝1400		重	**	1:23.6	0.1	**	5-5	34.8-36.5	36.2	472(+2)			アスクビートルズ	220.0	202209060905
2020100105	2023-02-12	1阪神2	晴	1.0	3歳未勝利		16	3.0	5	2.4	1.0	1	岩田望来	54.0	ダ1200		良	**	1:13.7	-0.2	**	2-1	35.7-38.0	37.8	468(-4)			(スターペスカオリ)	550.0	202307010505
2020100105	2023-02-25	1阪神5	晴	5.0	3歳1勝クラス		16	1.0	1	32.3	9.0	5	団野大成	54.0	ダ1200		稍	**	1:12.3	0.8	**	8-6	34.9-36.6	36.9	466(-2)			ミルトハンター	78.0	202309010201
2020100105	2023-04-15	2阪神7	雨	6.0	3歳1勝クラス		16	7.0	13	29.7	6.0	5	団野大成	54.0	ダ1200		不	**	1:12.8	0.9	**	13-13	34.9-37.0	36.3	468(+2)			メイショウピース	78.0	202309010505
2020100105	2023-06-18	1函館4	晴	12.0	3歳以上1勝クラス		15	4.0	6	5.2	2.0	1	川又賢治	53.0	芝1200		良	**	1:09.7	0.0	**	2-2	34.5-35.2	35.1	484(+16)			(ポルタフォルトゥナ)	800.0	202309020706
2020100105	2023-07-02	2函館2	曇	10.0	立待岬特別(2勝クラス)		9	4.0	4	16.9	6.0	3	川又賢治	53.0	芝1200		良	**	1:10.0	0.5	**	4-3	34.7-34.8	34.7	484(0)			スリーアイランド	392.9	202302010412
2020100105	2023-07-23	1札幌2	晴	9.0	HBC賞(2勝クラス)		9	8.0	9	3.5	1.0	1	川又賢治	53.0	芝1200		良	**	1:08.2	-0.1	**	4-4	33.9-34.3	33.9	474(-10)			(ミズノコキュウ)	1571.0	202302020210
2020100105	2023-11-18	3福島5	晴	11.0	キビタキS(3勝クラス)		16	4.0	8	13.3	7.0	3	川又賢治	53.0	芝1200		稍	**	1:10.3	0.2	**	6-5	33.6-36.5	36.2	468(-6)			ファイアダンサー	464.8	202301010209
2020100105	2023-12-28	5阪神9	晴	12.0	カウントダウンS(3勝クラス)		16	2.0	3	8.8	5.0	10	吉田隼人	55.0	芝1200		良	**	1:09.3	0.5	**	3-4	34.7-34.1	34.4	472(+4)			スコールユニバンス		202303030511
2020100105	2024-02-25	2小倉6	晴	11.0	下関S(3勝クラス)		17	7.0	13	14.1	8.0	3	川又賢治	56.0	芝1200		稍	**	1:09.3	0.3	**	3-3	33.6-35.4	34.8	464(-8)			カンチェンジュンガ	465.1	202309050912
2020100105	2024-03-16	1阪神7	晴	10.0	淀屋橋S(3勝クラス)		15	4.0	7	11.6	7.0	3	川又賢治	56.0	芝1200		良	**	1:08.4	0.1	**	2-2	33.8-34.5	34.1	474(+10)			ソウテン	464.8	202410020611
2020100105	2024-04-07	1福島2	晴	10.0	やまびこS(3勝クラス)		16	3.0	6	5.2	2.0	10	川又賢治	56.0	ダ1150		良	**	1:09.1	0.9	**	2-2	31.2-37.0	37.7	468(-6)			ナックドロップス		202409010710
2020100105	2024-06-29	1函館7	晴	11.0	TVh杯(3勝クラス)		16	8.0	15	12.5	6.0	2	川又賢治	56.0	芝1200		良	**	1:08.5	0.0	**	5-5	33.4-35.1	34.8	480(+12)			ミッキーハーモニー	749.8	202403010210
2020100105	2024-07-20	1札幌1	晴	11.0	TVh賞(3勝クラス)		16	8.0	16	4.5	1.0	1	川又賢治	56.0	芝1200		良	**	1:08.3	-0.1	**	6-4	33.9-34.4	33.9	476(-4)			(マイネルレノン)	1873.6	202402010711
2020100105	2024-08-11	2札幌2	晴	11.0	UHB賞(OP)		16	5.0	9	6.7	3.0	4	川又賢治	55.0	芝1200		良	**	1:08.2	0.2	**	6-5	33.3-34.7	34.4	482(+6)			プルパレイ	350.0	202401010111
2020100105	2024-12-14	7京都5	曇	11.0	タンザナイトS(OP)		16	7.0	14	13.1	7.0	13	川又賢治	53.0	芝1200		良	**	1:09.2	0.7	**	9-9	34.6-33.9	34.0	476(-6)			メイショウソラフネ		202401020211
2020100105	2025-01-18	1中山6	晴	11.0	カーバンクルS(OP)		16	7.0	13	41.2	11.0	1	川又賢治	53.0	芝1200		良	**	1:07.4	-0.1	**	3-3	33.2-34.2	33.8	476(0)			(バースクライ)	2335.7	202408070511
2020100105	2025-02-02	1京都2	曇	11.0	シルクロードS(GIII)		16	6.0	11	27.4	9.0	1	川又賢治	55.0	芝1200		稍	**	1:08.2	-0.3	**	7-7	33.1-35.1	34.0	480(+4)			(グランテスト)	4160.2	202506010611
2020100105	2025-03-30	2中京6	晴	11.0	高松宮記念(GI)		18	7.0	13	26.1	8.0	5	川又賢治	56.0	芝1200		良	**	1:08.5	0.6	**	5-5	33.8-34.1	34.2	482(+2)			サトノレーヴ	1700.0	202508010211
2020100105	2025-04-27	シャティン			チェアマンズSP(GI)		13		13	44.6	6.0	12	ウィリア	55.5	芝1200		良								計不					202507020611
2020100105	2025-11-30	4京都8	晴	12.0	京阪杯(GIII)		18	6.0	11	7.5	3.0	5	川又賢治	56.0	芝1200		良	**	1:07.9	0.5	**	6-6	32.7-34.7	34.1	480(+5)			エーティーマクフィ	410.0	202508040812
2020100105	2025-12-27	5阪神7	晴	11.0	阪神C(GII)		16	1.0	1	25.8	8.0	5	川又賢治	56.0	芝1400		良	**	1:19.6	0.6	**	4-4	33.0-34.9	34.7	478(-2)			ルガル	670.0	202509050711
2020100145	2022-09-10	5中京1	晴	3.0	2歳新馬		9	2.0	2	6.2	3.0	8	西村淳也	54.0	芝1400		稍	**	1:24.0	1.8	**	2-2	35.5-34.6	36.1	456(0)			ティニア		202207050103
2020100145	2022-09-24	5中京6	晴	2.0	2歳未勝利		13	4.0	4	29.1	8.0	1	松若風馬	54.0	ダ1400		不	**	1:25.0	0.0	**	3-3	34.5-38.5	38.3	452(-4)			(バールデュヴァン)	520.0	202207050602
2020100145	2022-12-18	6中京6	晴	9.0	寒椿賞(1勝クラス)		15	1.0	1	25.8	9.0	2	西村淳也	55.0	ダ1400		良	**	1:26.3	0.2	**	4-3	35.0-38.6	38.5	470(+18)			ニシノカシミヤ	420.0	202207060609
2020100145	2023-01-21	1中京7	晴	4.0	3歳1勝クラス		9	1.0	1	4.4	3.0	3	西村淳也	56.0	ダ1400		良	**	1:25.6	0.2	**	3-3	35.3-37.6	37.6	464(-6)			ゼットリアン	200.0	202307010704
2020100145	2023-04-23	2東京2	晴	6.0	3歳1勝クラス		16	3.0	6	3.6	2.0	1	横山和生	56.0	ダ1400		良	**	1:25.5	0.0	**	7-6	35.5-37.8	36.9	454(-10)			(ハッピーロンドン)	780.0	202305020206
2020100145	2023-07-08	3中京3	曇	10.0	インディアT(2勝クラス)		16	1.0	1	18.5	6.0	7	菱田裕二	55.0	ダ1400		良	**	1:24.8	0.7	**	11-10	34.8-37.4	36.9	456(+2)			サンライズフレイム		202307030310
2020100145	2023-12-03	4中京2	晴	10.0	鳴海特別(2勝クラス)		16	6.0	12	22.3	8.0	3	坂井瑠星	57.0	ダ1400		良	**	1:24.6	0.5	**	8-10	34.8-37.5	37.3	468(+12)			ロードアウォード	312.8	202307040210
2020100145	2024-01-28	1東京2	曇	8.0	4歳以上2勝クラス		16	5.0	10	3.9	2.0	3	川田将雅	57.0	ダ1400		良	**	1:25.4	0.2	**	4-6	36.1-36.6	36.2	472(+4)			ラックスアットゼア	290.0	202405010208
2020100145	2024-03-24	1中京6	小雨	12.0	鈴鹿特別(2勝クラス)		16	3.0	6	2.6	1.0	1	川田将雅	58.0	ダ1400		重	**	1:23.0	-0.2	**	4-4	34.9-36.1	35.7	480(+8)			(グラスシフォン)	1587.8	202407010612
2020100145	2024-04-21	2東京2	曇	10.0	鎌倉S(3勝クラス)		15	7.0	13	5.4	3.0	2	菅原明良	58.0	ダ1400		良	**	1:23.8	0.0	**	6-7	34.4-37.2	35.9	484(+4)			コパノニコルソン	750.4	202405020210
2020100145	2024-05-12	2東京8	曇	12.0	BSイレブン賞(3勝クラス)		16	5.0	10	4.1	1.0	6	菅原明良	58.0	ダ1400		良	**	1:24.2	1.1	**	12-12	34.8-35.9	36.1	482(-2)			サトノルフィアン		202405020812
2020100145	2024-10-13	4東京3	晴	10.0	テレビ静岡賞(3勝クラス)		16	4.0	7	5.5	2.0	1	横山和生	58.0	ダ1400		良	**	1:22.7	-0.3	**	9-7	34.5-36.0	35.3	490(+8)			(バトゥーキ)	1875.0	202405040310
2020100145	2024-11-17	5東京6	晴	11.0	霜月S(OP)		16	7.0	13	2.9	1.0	1	大野拓弥	57.0	ダ1400		良	**	1:23.0	-0.2	**	5-5	35.5-35.5	34.9	494(+4)			(スマートフォルス)	2237.8	202405050611
2020100145	2025-02-02	1東京2	曇	11.0	根岸S(GIII)		16	7.0	13	6.6	3.0	2	横山和生	57.0	ダ1400		稍	**	1:23.3	0.7	**	9-9	33.9-36.9	36.5	494(0)			コスタノヴァ	1616.0	202505010211
2020100145	2025-02-24	名古屋	晴	7.0	かきつばた記念(JpnIII)		10	1.0	1	2.8	1.0	1	横山和生	56.0	ダ1500		良	**	1:33.5	-0.1	**	3-2-1		37.6	501(+7)			(サンライズホーク)	3000.0	202548022407
2020100145	2025-05-05	船橋	晴	11.0	かしわ記念(JpnI)		10	8.0	10	5.7	3.0	4	横山和生	57.0	ダ1600		良	**	1:39.4	0.2	**	3-3-3-4	37.7-36.9	36.4	499(-2)			シャマル	800.0	202543050511
2020100145	2025-10-04	4東京1	曇	11.0	グリーンチャンネルC(L)		16	2.0	4	12.8	5.0	4	横山和生	60.0	ダ1600		良	**	1:36.4	0.9	**	11-11	34.8-36.3	36.1	502(+3)			オメガギネス	360.0	202505040111
2020100145	2025-11-15	5東京3	晴	11.0	武蔵野S(GIII)		16	2.0	3	23.3	8.0	5	横山和生	57.0	ダ1600		良	**	1:35.8	0.6	**	7-7	35.3-35.5	35.3	496(-6)			ルクソールカフェ	400.0	202505050311
2020100555	2022-08-28	3新潟6	曇	6.0	2歳新馬		15	5.0	8	35.4	8.0	8	野中悠太	54.0	ダ1200		稍	**	1:14.6	1.4	**	13-12	34.5-38.7	37.5	478(0)			エコロアイ		202204030606
2020100555	2022-10-09	4東京2	曇	1.0	2歳未勝利		16	5.0	10	25.1	7.0	7	野中悠太	55.0	ダ1400		稍	**	1:26.5	0.6	**	8-6	35.2-38.2	38.3	484(+6)			ノーブルヴィクター		202205040201
2020100555	2022-10-29	4東京8	晴	2.0	2歳未勝利		16	4.0	7	8.2	4.0	5	野中悠太	55.0	ダ1300		良	**	1:22.0	1.0	**	4-4	31.1-36.9	37.7	468(-16)			ジャックパール	52.0	202205040802
2020100555	2022-11-19	5東京5	晴	1.0	2歳未勝利		16	5.0	9	28.2	7.0	10	菅原明良	55.0	ダ1300		良	**	1:23.2	3.4	**	5-5	30.8-36.2	39.0	472(+4)			ニジュウダンサー		202205050501
2020100555	2023-08-19	3新潟3	晴	7.0	3歳未勝利		15	3.0	5	55.2	9.0	2	野中悠太	56.0	ダ1200		良	**	1:13.3	0.7	**	6-5	34.4-38.2	37.8	472(0)			エスジースパークル	220.0	202304030307
2020100555	2023-09-03	3新潟8	晴	7.0	3歳未勝利		15	7.0	13	11.8	5.0	4	永野猛蔵	55.0	ダ1200		良	**	1:13.6	0.5	**	6-4	35.3-37.8	37.7	470(-2)			フクチャンビーナス	83.0	202304030807
2020100555	2023-10-20	園田	曇	8.0	C2二		10	7.0	7	2.1	1.0	1	鴨宮祥行	56.0	ダ1400		稍	**	1:33.2	0.0	**	1-1-1-1		41.4	496(+26)			(カーターテソーロ)	70.0	202350102008
2020100555	2023-11-09	園田	晴	7.0	C1二		8	3.0	3	5.4	3.0	6	鴨宮祥行	56.0	ダ1400		稍	**	1:33.9	1.0	**	1-1-1-1		41.3	482(-14)			キークラシック		202350110907
2020100555	2023-11-29	園田	曇	12.0	C1		12	6.0	7	20.9	4.0	10	鴨宮祥行	56.0	ダ1400		良	**	1:33.8	1.9	**	4-4-4-5		41.9	485(+3)			イグニション		202350112912
2020100555	2023-12-31	園田	曇	8.0	C1二		12	8.0	12	62.9	9.0	4	永井孝典	56.0	ダ1400		良	**	1:31.9	0.4	**	1-1-1-1		40.6	481(-4)			セブンスストリート	15.0	202350123108
2020100555	2024-01-16	姫路	晴	8.0	C1二		12	7.0	10	3.5	2.0	4	永井孝典	56.0	ダ1400		良	**	1:34.2	0.7	**	2-2-2-2		41.1	485(+4)			エディストーン	15.0	202451011608
2020100555	2024-02-06	姫路	曇	8.0	C1二		11	7.0	8	3.9	2.0	1	永井孝典	56.0	ダ1400		重	**	1:34.1	-0.9	**	1-1-1-1		40.3	487(+2)			(プロヴァーブ)	110.0	202451020608
2020100555	2024-11-07	園田	晴	9.0	C2一		10	7.0	7	25.6	5.0	6	永井孝典	57.0	ダ1400		良	**	1:34.6	1.7	**	1-1-1-1		41.2	490(+3)			エランフェーヴル		202450110709
2020100555	2025-03-26	園田	晴	3.0	C3一		10	4.0	4	7.1	3.0	10	長尾翼玖	56.0	ダ1400		良	**	1:35.0	3.2	**	2-2-2-5		42.3	503(+13)			メイショウランザン		202550032603
2020100555	2025-04-22	園田	晴	4.0	木間生7ハロンC3一		12	6.0	8	8.5	4.0	3	長尾翼玖	57.0	ダ1400		良	**	1:33.4	1.1	**	1-1-1-2		40.6	498(-5)			アンモード	15.0	202550042204
2020100555	2025-05-14	園田	晴	4.0	興治7ハロンC3二		9	5.0	5	1.5	1.0	1	長尾翼玖	57.0	ダ1400		良	**	1:33.0	-1.7	**	1-1-1-1		39.9	500(+2)			(ディスクリーキング)	60.0	202550051404
2020100555	2025-06-06	園田	曇	6.0	C2二		12	7.0	9	2.2	1.0	1	長尾翼玖	57.0	ダ1400		良	**	1:32.4	-0.1	**	1-1-1-1		40.3	502(+2)			(ヤマニンフィリア)	70.0	202550060606
2020100555	2025-10-10	園田	晴	6.0	C3一		10	3.0	3	2.3	2.0	2	長尾翼玖	58.0	ダ1400		良	**	1:32.2	0.7	**	1-1-1-1		40.4	513(+11)			デイムサンライズ	24.0	202550101006
2020100555	2025-10-29	園田	晴	4.0	大日本プロレス☆来場(C3)		10	7.0	7	1.3	1.0	1	長尾翼玖	57.0	ダ1400		良	**	1:32.9	-0.5	**	2-2-1-1		41.1	510(-3)			(ワンダーブレス)	60.0	202550102904
2020100555	2025-12-28	5中山8	晴	7.0	3歳以上1勝クラス		16	2.0	4	33.0	9.0	13	小林美駒	55.0	ダ1200		良	**	1:14.0	2.0	**	12-12	34.4-37.6	38.6	512(+2)			タイセイルヴァン		202506050807
2020100651	2023-01-21	1中山7	曇	6.0	3歳新馬		16	2.0	4	35.9	10.0	15	松岡正海	54.0	ダ1800		稍	**	2:03.0	4.5	**	15-15-12-13	38.8-39.4	42.1	520(0)			メイショウフジ		202306010706
2020100651	2023-06-04	3東京2	晴	3.0	3歳未勝利		18	4.0	7	477.2	17.0	16	松岡正海	54.0	芝1400		稍	**	1:23.6	2.4	**	12-13	34.9-34.5	35.5	526(+6)			グランドカリナン		202305030203
2020100651	2023-08-12	3新潟1	曇	3.0	3歳未勝利		15	6.0	10	239.3	13.0	9	松岡正海	54.0	ダ1200		良	**	1:13.7	2.3	**	3-3	34.4-37.0	39.0	520(-6)			チュウワスプリング		202304030103
2020100651	2024-01-18	姫路	雨	5.0	C2二		10	1.0	1	5.9	2.0	8	永井孝典	54.0	ダ1400		良	**	1:37.7	1.9	**	4-4-5-5		41.4	534(+14)			クァンタムリープ		202451011805
2020100651	2024-02-07	姫路	晴	4.0	C2二		12	7.0	9	125.9	11.0	12	高野誠毅	54.0	ダ1400		重	**	1:39.8	4.8	**	6-6-8-9		45.5	534(0)			メイショウイッシン		202451020704
2020100651	2024-03-06	姫路	曇	6.0	C2三		12	8.0	12	202.8	11.0	11	永井孝典	54.0	ダ1400		重	**	1:38.2	3.6	**	9-10-11-11		42.9	537(+3)			アルマイメル		202451030606
2020100651	2024-03-22	園田	晴	4.0	C3一		12	2.0	2	259.1	12.0	11	大柿一真	54.0	ダ1400		稍	**	1:37.0	2.6	**	5-5-11-11		43.7	540(+3)			ファイアボルト		202450032204
2020100651	2024-04-10	園田	晴	3.0	C3		12	7.0	10	68.4	8.0	3	大柿一真	54.0	ダ820		重	**	0:52.2	0.3	**	2-2		37.7	543(+3)			リュウノヒナコ	11.2	202450041003
2020100651	2024-04-23	園田	曇	6.0	C3一		9	8.0	8	8.1	4.0	1	大柿一真	54.0	ダ820		重	**	0:51.8	-0.8	**	1-1		37.5	544(+1)			(リナルド)	56.0	202450042306
2020100651	2025-03-04	姫路	雨	12.0	C3一		12	7.0	9	5.1	3.0	3	大柿一真	55.0	ダ800		不	**	0:51.0	0.9	**	7-6		36.6	542(-2)			レオナルドスター	11.2	202551030412
2020100651	2025-03-27	園田	晴	1.0	C3二		12	6.0	7	2.0	1.0	1	大柿一真	54.0	ダ820		良	**	0:51.2	-0.3	**	3-3		36.7	548(+6)			(ララケリア)	56.0	202550032701
2020100651	2025-04-17	園田	晴	5.0	田路ダッシュC2二		12	1.0	1	13.3	5.0	8	永井孝典	55.0	ダ820		良	**	0:51.8	1.5	**	10-8		37.1	548(0)			ヤングブラッド		202550041705
2020100651	2025-05-08	園田	晴	4.0	オーパスツー☆来場記(C2)		10	4.0	4	3.9	2.0	2	大柿一真	55.0	ダ820		稍	**	0:51.7	0.6	**	5-4		37.1	550(+2)			フリューゲルノア	28.0	202550050804
2020100651	2025-06-13	園田	晴	7.0	今成亮太☆来場記念C(C2)		12	5.0	5	10.0	4.0	9	下原理	55.0	ダ820		稍	**	0:51.9	0.9	**	9-8		37.1	549(-1)			ベイブ		202550061307
2020100651	2025-06-27	園田	晴	10.0	クチナシ賞C2		11	4.0	4	38.1	7.0	9	大柿一真	55.0	ダ1230		稍	**	1:23.0	1.4	**	7-6-4-6		41.5	545(-4)			バルミーパール		202550062710
2020100651	2025-07-17	園田	雨	3.0	C3一		11	3.0	3	9.2	5.0	1	大柿一真	55.0	ダ820		不	**	0:50.9	-0.3	**	7-3		36.1	555(+10)			(ネヴァタップアウト)	60.0	202550071703
2020100651	2025-10-13	4東京5	晴	12.0	3歳以上1勝クラス		16	4.0	8	152.1	14.0	16	柴田大知	56.0	ダ1300		良	**	1:22.9	3.7	**	10-11	29.7-37.0	39.2	538(-17)			ラストシャリナ		202505040512
2020100771	2022-10-08	4阪神1	曇	6.0	2歳新馬		11	3.0	3	24.3	6.0	5	鮫島克駿	55.0	ダ1800		重	**	1:57.9	1.8	**	3-4-4-5	40.0-37.6	39.2	520(0)			コンティノアール	70.0	202209040106
2020100771	2022-10-23	4阪神7	晴	1.0	2歳未勝利		12	7.0	9	75.5	9.0	10	泉谷楓真	54.0	ダ1800		良	**	1:58.2	2.8	**	8-8-7-8	37.9-38.1	40.2	512(-8)			カレンアルカンタラ		202209040701
2020100771	2022-11-12	3福島3	晴	2.0	2歳未勝利		14	4.0	6	22.4	8.0	12	角田大和	54.0	ダ1700		良	**	1:57.4	9.0	**	6-7-10-12	31.5-38.0	45.4	502(-10)			プメハナ		202203030302
2020100771	2023-02-26	1阪神6	曇	4.0	3歳未勝利		13	8.0	13	303.5	12.0	8	服部寿希	53.0	ダ1800		稍	**	1:57.8	2.5	**	11-11-11-11	36.7-39.1	39.7	494(-8)			ローズスター		202309010604
2020100771	2023-03-12	1阪神10	晴	3.0	3歳未勝利		14	8.0	13	97.7	12.0	5	角田大河	54.0	ダ2000		良	**	2:11.3	1.5	**	7-7-9-8	37.0-38.9	39.0	492(-2)			エンツォウーノ	55.0	202309011003
2020100771	2023-04-02	2阪神4	晴	3.0	3歳未勝利		11	6.0	7	89.3	11.0	1	角田大河	54.0	ダ2000		良	**	2:09.3	-0.1	**	2-2-2-2	37.3-39.3	38.9	484(-8)			(ウォーターハウス)	550.0	202309020403
2020100771	2023-04-23	1京都2	晴	6.0	3歳1勝クラス		9	7.0	7	72.7	9.0	8	角田大河	55.0	ダ1800		良	**	1:56.1	3.8	**	9-9-9-9	37.5-37.9	39.9	492(+8)			ヤマニンウルス		202308010206
2020100771	2023-06-10	3阪神3	曇	12.0	3歳以上1勝クラス		13	3.0	3	192.9	10.0	9	田口貫太	52.0	ダ1800		稍	**	1:54.1	2.9	**	5-5-5-5	36.5-36.7	39.1	492(0)			オーサムリザルト		202309030312
2020100771	2023-09-23	4阪神6	晴	6.0	3歳以上1勝クラス		11	5.0	5	81.8	10.0	8	角田大河	54.0	ダ1800		稍	**	1:54.7	1.9	**	4-5-6-7	37.9-37.0	38.1	492(0)			ホウオウカブキ		202309040606
2020100771	2023-10-09	2京都3	曇	7.0	3歳以上1勝クラス		13	4.0	5	93.5	11.0	11	河原田菜	52.0	ダ1900		重	**	2:03.1	4.0	**	9-10-12-12	30.0-37.8	39.8	490(-2)			エンツォウーノ		202308020307
2020100771	2023-12-02	4中京1	晴	7.0	3歳以上1勝クラス		14	3.0	4	126.7	14.0	9	古川奈穂	53.0	ダ1900		良	**	2:02.2	1.3	**	3-3-5-5	31.0-39.1	39.7	498(+8)			フミヤングフェイス		202307040107
2020100771	2024-03-17	1中京4	曇	6.0	4歳以上1勝クラス		11	4.0	4	92.5	9.0	6	鮫島良太	58.0	ダ1900		良	**	2:01.8	1.2	**	5-5-6-6	30.1-38.6	38.9	482(-16)			ワイドアウェイク		202407010406
2020100771	2024-04-06	3中山5	曇	8.0	4歳以上1勝クラス		16	1.0	1	37.2	12.0	3	石橋脩	58.0	ダ2400		稍	**	2:35.4	0.9	**	2-2-2-1	37.3-40.4	41.3	476(-6)			ネイチャーシップ	200.0	202406030508
2020100771	2024-06-02	4京都2	曇	8.0	3歳以上1勝クラス		11	6.0	7	76.7	9.0	6	鮫島良太	58.0	ダ1800		稍	**	1:53.4	1.6	**	4-5-3-3	35.5-38.7	39.9	486(+10)			ポッドロゴ		202408040208
2020100771	2024-06-08	4京都3	晴	7.0	3歳以上1勝クラス		16	3.0	6	24.4	7.0	4	鮫島良太	58.0	ダ1900		良	**	1:59.7	1.0	**	1-1-1-1	29.5-38.3	39.3	484(-2)			クリノフィガロ	120.0	202408040307
2020100771	2024-08-10	2中京1	晴	8.0	3歳以上1勝クラス		15	7.0	13	13.4	5.0	2	鮫島良太	58.0	ダ1800		良	**	1:53.0	0.5	**	1-1-1-1	37.0-38.3	38.8	484(0)			デルマアートマン	320.0	202407020108
2020100771	2024-08-25	2中京6	曇	7.0	3歳以上1勝クラス		14	7.0	12	5.5	3.0	3	鮫島良太	58.0	ダ1900		良	**	2:00.0	0.4	**	1-1-1-1	30.0-39.1	39.5	488(+4)			カズタンジャー	200.0	202407020607
2020100771	2024-10-05	5京都1	晴	7.0	3歳以上1勝クラス		10	2.0	2	3.9	1.0	1	鮫島良太	58.0	ダ1800		稍	**	1:53.0	-0.1	**	1-1-1-1	36.3-38.6	38.6	494(+6)			(パカーラン)	800.0	202408050107
2020100771	2024-10-19	5京都5	雨	9.0	北國新聞杯(2勝クラス)		12	5.0	5	5.8	3.0	5	川須栄彦	55.0	ダ1900		稍	**	1:59.1	0.6	**	1-1-1-1	29.2-38.9	39.5	494(0)			タイトニット	155.0	202408050509
2020100771	2024-12-07	7京都3	晴	10.0	花見小路特別(2勝クラス)		14	3.0	3	5.1	3.0	3	鮫島良太	55.0	ダ1900		良	**	2:00.2	1.4	**	1-1-1-1	28.7-37.9	39.3	494(0)			ロードクロンヌ	395.1	202408070310
2020100771	2024-12-22	7京都8	晴	9.0	クリスマスエルフ賞(2勝クラス)		16	1.0	2	7.1	3.0	2	鮫島良太	58.0	ダ1800		良	**	1:53.9	0.1	**	1-1-1-1	37.2-38.6	38.7	500(+6)			タンゴバイラリン	630.4	202408070809
2020100771	2025-02-02	1京都2	曇	9.0	天ケ瀬特別(2勝クラス)		10	5.0	5	4.5	2.0	2	鮫島良太	58.0	ダ1800		稍	**	1:53.4	0.3	**	2-2-2-1	37.0-38.5	38.7	494(-6)			レーウィン	627.4	202508010209
2020100771	2025-02-15	1京都5	晴	12.0	4歳以上2勝クラス		13	2.0	2	5.2	3.0	6	鮫島良太	58.0	ダ1900		良	**	2:00.9	2.0	**	1-1-1-2	29.3-37.8	39.8	496(+2)			ジンセイ		202508010512
2020100771	2025-08-24	4中京2	晴	10.0	大府特別(2勝クラス)		16	4.0	8	11.1	5.0	2	鮫島良太	58.0	ダ1800		良	**	1:53.2	0.3	**	2-2-1-1	37.3-38.9	39.2	496(0)			パカーラン	630.4	202507040210
2020100771	2025-09-13	4阪神3	曇	10.0	鳥取特別(2勝クラス)		9	3.0	3	6.4	4.0	6	鮫島良太	58.0	ダ1800		良	**	1:52.4	0.8	**	2-2-2-2	36.8-37.7	38.3	498(+2)			マイノワール		202509040310
2020100771	2025-10-25	3京都8	曇	9.0	北國新聞杯(2勝クラス)		16	4.0	8	10.3	4.0	2	鮫島良太	58.0	ダ1900		良	**	1:58.2	0.2	**	1-1-1-1	29.9-38.0	38.2	498(0)			タガノマカシヤ	630.6	202508030809
2020100771	2025-11-16	4京都4	晴	7.0	3歳以上2勝クラス		16	6.0	12	6.6	3.0	8	鮫島良太	58.0	ダ1800		良	**	1:52.0	1.2	**	2-2-2-2	35.3-38.0	39.1	500(+2)			ゴールデンクラウド		202508040407
2020100771	2026-01-12	1中山5	晴	9.0	成田特別(2勝クラス)		16	3.0	5	8.3	6.0	6	鮫島良太	58.0	ダ2400		良	**	2:36.9	1.1	**	1-1-1-2	37.9-39.5	40.6	492(-8)			ダカラフェスティヴ		202606010509
2020100896	2022-08-21	4小倉4	曇	5.0	2歳新馬		8	6.0	6	2.1	1.0	3	幸英明	54.0	芝1200		重	**	1:08.7	0.4	**	2-2	33.4-34.9	35.2	500(0)			メイショウヒュウガ	180.0	202210040405
2020100896	2022-09-04	4小倉8	晴	2.0	2歳未勝利		13	5.0	6	2.3	1.0	2	松山弘平	54.0	芝1200		良	**	1:08.4	0.5	**	4-3	32.9-35.0	35.0	492(-8)			ペースセッティング	210.0	202210040802
2020100896	2022-09-18	5中京4	晴	3.0	2歳未勝利		8	1.0	1	1.3	1.0	1	幸英明	54.0	芝1200		良	**	1:07.9	-0.4	**	1-1	33.5-34.4	34.4	496(+4)			(ダンシングニードル)	520.0	202207050403
2020100896	2022-11-13	3福島4	曇	9.0	福島2歳S(OP)		16	2.0	4	2.9	1.0	1	酒井学	55.0	芝1200		良	**	1:10.0	-0.3	**	6-5	34.7-35.3	34.7	498(+2)			(スプレモフレイバー)	1635.0	202203030409
2020100896	2022-12-17	6中京5	小雨	9.0	報知杯中京2歳S(OP)		10	7.0	7	1.9	1.0	1	幸英明	56.0	芝1200		良	**	1:08.0	-0.3	**	2-3	34.2-33.8	33.3	502(+4)			(トレンディスター)	1622.4	202207060509
2020100896	2023-02-26	1阪神6	曇	10.0	マーガレットS(L)		10	4.0	4	1.3	1.0	1	幸英明	57.0	芝1200		良	**	1:08.6	-0.4	**	4-5	33.8-34.8	34.5	502(0)			(ブーケファロス)	2023.8	202309010610
2020100896	2023-05-27	1京都11	晴	11.0	葵S(GIII)		18	1.0	2	1.7	1.0	3	幸英明	57.0	芝1200		良	**	1:07.2	0.1	**	4-4	33.9-33.2	33.0	508(+6)			モズメイメイ	1009.2	202308011111
2020100896	2023-09-10	4阪神2	曇	11.0	産経賞セントウルS(GII)		15	4.0	6	3.7	1.0	10	幸英明	55.0	芝1200		良	**	1:07.9	0.7	**	5-5	33.5-33.7	33.8	512(+4)			テイエムスパーダ		202309040211
2020100896	2023-10-08	2京都2	小雨	11.0	夕刊フジ杯オパールS(L)		18	1.0	2	3.4	1.0	12	幸英明	56.0	芝1200		良	**	1:09.1	1.0	**	3-3	33.6-34.5	35.2	512(0)			メイショウゲンセン		202308020211
2020100896	2023-11-26	3京都8	晴	12.0	京阪杯(GIII)		18	1.0	2	7.2	3.0	5	坂井瑠星	56.0	芝1200		良	**	1:07.9	0.5	**	1-1	33.7-33.7	34.2	514(+2)			トウシンマカオ	410.0	202308030812
2020100896	2024-01-13	1京都4	曇	11.0	淀短距離S(L)		17	4.0	7	3.2	1.0	1	坂井瑠星	58.0	芝1200		良	**	1:08.6	-0.2	**	2-2	33.9-34.7	34.3	516(+2)			(メイショウソラフネ)	2738.5	202408010411
2020100896	2024-03-02	2中山3	曇	11.0	夕刊フジオーシャンS(GIII)		16	5.0	10	4.0	2.0	2	坂井瑠星	57.0	芝1200		稍	**	1:08.2	0.2	**	7-7	33.3-34.7	34.2	516(0)			トウシンマカオ	1716.2	202406020311
2020100896	2024-03-24	1中京6	小雨	11.0	高松宮記念(GI)		18	1.0	1	21.4	9.0	7	吉田隼人	58.0	芝1200		重	**	1:09.8	0.9	**	6-7	34.9-34.0	34.4	514(-2)			マッドクール		202407010611
2020100896	2024-06-09	1函館2	小雨	11.0	函館スプリントS(GIII)		16	7.0	13	7.6	3.0	3	坂井瑠星	57.0	芝1200		良	**	1:08.6	0.2	**	6-6	33.4-35.0	34.7	516(+2)			サトノレーヴ	1008.0	202402010211
2020100896	2024-06-22	1函館5	曇	11.0	青函S(OP)		16	7.0	14	2.9	1.0	6	鮫島克駿	59.0	芝1200		良	**	1:09.2	0.4	**	3-3	34.6-34.2	34.3	516(0)			モリノドリーム		202402010511
2020100896	2024-08-25	2札幌6	晴	11.0	キーンランドC(GIII)		16	6.0	12	13.1	5.0	6	坂井瑠星	57.0	芝1200		良	**	1:08.3	0.4	**	2-3	33.6-34.3	34.5	516(0)			サトノレーヴ		202401020611
2020100896	2024-10-05	5京都1	晴	11.0	夕刊フジ杯オパールS(L)		18	7.0	14	8.7	6.0	1	田口貫太	58.0	芝1200		良	**	1:07.4	-0.1	**	3-3	33.3-34.1	33.9	518(+2)			(メイショウソラフネ)	2738.5	202408050111
2020100896	2024-11-24	6京都8	曇	12.0	京阪杯(GIII)		18	2.0	3	4.7	1.0	1	北村友一	57.0	芝1200		良	**	1:07.7	-0.1	**	5-3	33.7-34.0	33.7	518(0)			(ウインカーネリアン)	4164.4	202408060812
2020100896	2025-03-30	2中京6	晴	11.0	高松宮記念(GI)		18	2.0	3	19.7	7.0	9	北村友一	58.0	芝1200		良	**	1:08.9	1.0	**	1-1	33.8-34.1	35.1	520(+2)			サトノレーヴ		202507020611
2020101024	2022-09-11	5中京2	晴	5.0	2歳新馬		7	7.0	7	6.5	2.0	2	団野大成	54.0	芝2000		良	**	2:05.8	0.0	**	2-2-1-2	39.4-33.9	33.9	460(0)			オープンファイア	280.0	202207050205
2020101024	2023-01-09	1中京4	晴	7.0	3歳未勝利		18	8.0	18	5.5	3.0	11	福永祐一	54.0	芝2000		良	**	2:02.1	1.2	**	12-12-13-12	36.3-35.1	35.2	472(+12)			ヨリマル		202307010407
2020101024	2023-04-30	1新潟2	曇	5.0	3歳未勝利		13	5.0	7	5.0	3.0	3	松田大作	54.0	芝2400		重	**	2:33.9	0.7	**	1-1-1-1	38.8-36.6	37.3	472(0)			ディープマインド	140.0	202304010205
2020101024	2023-05-21	1新潟8	晴	5.0	3歳未勝利		15	2.0	3	3.0	2.0	6	富田暁	54.0	芝2000		良	**	2:05.9	1.0	**	15-8-3-3	38.1-36.7	37.1	474(+2)			シルバープリペット		202304010805
2020101024	2023-07-16	3中京6	晴	6.0	3歳未勝利		15	8.0	14	3.7	1.0	3	団野大成	54.0	芝2000		良	**	2:01.4	0.5	**	6-7-5-5	35.5-36.0	35.9	476(+2)			ルソルティール	140.0	202307030606
2020101024	2023-08-06	1札幌6	曇	3.0	3歳未勝利		15	6.0	11	5.2	2.0	9	富田暁	54.0	芝2000		重	**	2:06.9	1.3	**	4-4-2-2	36.5-38.3	39.3	478(+2)			トゥルブレンツ		202301010603
2020101024	2023-08-27	3小倉6	晴	6.0	3歳未勝利		18	8.0	17	8.2	5.0	1	団野大成	54.0	芝2000		良	**	2:01.1	0.0	**	1-1-1-1	35.6-36.3	36.3	474(-4)			(レッドマジック)	550.0	202310030606
2020101024	2023-12-10	4中京4	晴	6.0	3歳以上1勝クラス		15	2.0	3	16.8	7.0	12	富田暁	55.0	芝2000		良	**	2:00.5	1.7	**	13-13-13-13	34.8-35.6	36.3	488(+14)			ラレーヌデリス		202307040406
2020101024	2024-01-20	1小倉3	雨	7.0	4歳以上1勝クラス		15	7.0	12	29.4	7.0	15	富田暁	55.0	芝2000		稍	**	2:04.4	2.3	**	3-3-5-10	35.1-37.6	39.2	482(-6)			フォレスタ		202410010307
2020101024	2024-03-17	1中京4	曇	8.0	4歳以上1勝クラス		10	4.0	4	5.6	3.0	3	富田暁	56.0	ダ1800		良	**	1:54.4	1.0	**	2-2-2-1	38.1-38.1	38.9	488(+6)			メジャークオリティ	200.0	202407010408
2020101024	2024-04-06	2阪神5	晴	7.0	4歳以上1勝クラス		12	8.0	12	3.0	1.0	1	岩田望来	56.0	ダ1800		稍	**	1:53.6	-0.2	**	2-2-2-2	37.5-37.6	37.5	488(0)			(サルサディーバ)	800.0	202409020507
2020101024	2024-04-20	3京都1	曇	8.0	4歳以上2勝クラス		11	1.0	1	7.4	3.0	1	団野大成	56.0	ダ1800		良	**	1:54.3	-0.2	**	7-7-7-7	37.8-37.3	36.8	488(0)			(アウロス)	1140.0	202408030108
2020101024	2024-04-27	1新潟1	晴	11.0	三条S(3勝クラス)		13	8.0	13	5.5	2.0	4	丹内祐次	56.0	ダ1800		良	**	1:52.2	0.2	**	10-10-6-4	35.9-38.0	37.5	478(-10)			ミファヴォリート	280.0	202404010111
2020101024	2024-07-28	1札幌4	晴	10.0	ポプラS(3勝クラス)		10	5.0	5	4.3	3.0	6	藤岡佑介	56.0	ダ1700		重	**	1:44.0	1.0	**	4-4-5-4	30.5-35.8	36.4	490(+12)			シダー		202401010410
2020101024	2024-10-06	4新潟2	晴	11.0	トルマリンS(3勝クラス)		13	3.0	3	8.1	4.0	1	西塚洸二	56.0	ダ1800		良	**	1:51.8	-0.2	**	6-6-8-6	36.2-37.7	37.0	482(-8)			(サトノアイオライト)	1868.7	202404040211
2020101024	2024-11-10	6京都4	曇	11.0	エリザベス女王杯(GI)		17	3.0	6	126.8	15.0	15	団野大成	56.0	芝2200		良	**	2:13.3	2.2	**	16-16-16-16	35.2-34.4	35.3	488(+6)			スタニングローズ		202408060411
2020101024	2024-12-08	5中山4	晴	10.0	師走S(L)		16	4.0	8	49.1	11.0	13	斎藤新	53.0	ダ1800		良	**	1:53.6	1.8	**	8-8-7-6	37.3-38.2	39.4	480(-8)			ロードアヴニール		202406050410
2020101024	2025-02-10	1京都3	晴	11.0	アルデバランS(OP)		16	2.0	4	136.0	16.0	11	浜中俊	55.0	ダ1900		良	**	2:00.9	2.7	**	15-15-15-15	30.4-36.4	37.7	498(+18)			ブライアンセンス		202508010311
2020101024	2025-05-31	2東京11	小雨	11.0	アハルテケS(OP)		16	4.0	8	165.0	14.0	14	武藤雅	56.0	ダ1600		不	**	1:36.2	2.1	**	6-5	33.8-36.6	38.2	492(-6)			ウェイワードアクト		202505021111
2020101024	2025-07-13	2小倉6	曇	11.0	阿蘇S(OP)		16	7.0	14	134.9	14.0	8	田口貫太	55.0	ダ1700		良	**	1:46.6	1.4	**	5-3-3-3	29.5-38.1	39.3	486(-6)			ローズスター		202510020611
2020101024	2025-08-03	3中京4	晴	7.0	名鉄杯(L)		12	8.0	11	101.8	11.0	9	田口貫太	55.0	ダ1800		良	**	1:54.0	1.9	**	9-9-9-9	37.1-37.5	38.3	488(+2)			マリオロード		202507030407
2020101024	2025-10-12	4東京4	曇	11.0	アイルランドT(GII)		16	5.0	9	207.1	16.0	15	菊沢一樹	55.0	芝1800		良	**	1:47.7	2.0	**	2-2-2	36.4-33.2	35.0	492(+4)			ラヴァンダ		202505040411
2020101024	2025-11-16	3福島4	晴	11.0	福島民友C(L)		15	4.0	6	112.9	15.0	5	国分恭介	55.0	ダ1700		良	**	1:45.8	0.5	**	15-14-14-8	29.8-38.0	37.5	488(-4)			ポッドロゴ	240.0	202503030411
2020101031	2022-09-03	2札幌7	晴	5.0	2歳新馬		13	5.0	6	1.9	1.0	2	藤岡佑介	54.0	芝1500		良	**	1:31.3	0.1	**	4-5-4	30.5-36.4	35.8	470(0)			サラサハウプリティ	280.0	202201020705
2020101031	2022-11-27	5阪神8	晴	3.0	2歳未勝利		12	3.0	3	3.2	2.0	3	岩田望来	55.0	芝1800		良	**	1:48.2	0.3	**	5-5	35.6-34.9	34.8	468(-2)			セッション	130.0	202209050803
2020101031	2022-12-17	6中京5	曇	4.0	2歳未勝利		16	4.0	7	2.4	1.0	4	藤岡佑介	55.0	芝1600		良	**	1:35.4	0.7	**	5-7-8	35.5-35.4	35.5	468(0)			ハッピーパンニャ	78.0	202207060504
2020101031	2023-01-07	1中京2	晴	5.0	3歳未勝利		15	6.0	10	8.2	4.0	3	岩田望来	56.0	芝1600		良	**	1:34.4	0.4	**	4-3-3	36.0-34.0	34.1	470(+2)			エアメテオラ	140.0	202307010205
2020101031	2023-03-18	2中京3	小雨	2.0	3歳未勝利		16	2.0	4	2.3	1.0	1	岩田望来	56.0	ダ1200		重	**	1:11.4	0.0	**	2-2	35.3-36.1	36.0	464(-6)			(トリプルウイナー)	550.0	202307020302
2020101031	2023-04-08	2阪神5	晴	6.0	3歳1勝クラス		11	7.0	9	5.0	3.0	4	岩田望来	56.0	芝1200		稍	**	1:09.6	0.6	**	10-10	33.8-35.2	34.9	460(-4)			カンチェンジュンガ	120.0	202309020506
2020101031	2023-07-01	2函館1	晴	9.0	長万部特別(1勝クラス)		12	6.0	7	6.6	4.0	1	藤岡佑介	55.0	芝1200		良	**	1:10.3	-0.2	**	4-4	35.2-35.1	34.8	464(+4)			(コーリングユー)	1135.9	202302020109
2020101031	2023-07-16	2函館6	曇	12.0	湯の川温泉特別(2勝クラス)		13	2.0	2	4.5	1.0	4	藤岡佑介	55.0	芝1200		稍	**	1:11.6	0.2	**	5-4	36.5-34.9	34.8	470(+6)			スズノナデシコ	230.0	202302020612
2020101031	2023-08-06	1札幌6	曇	10.0	札幌スポニチ賞(2勝クラス)		11	3.0	3	3.5	1.0	6	藤岡佑介	56.0	芝1200		重	**	1:11.1	0.4	**	3-3	34.1-36.6	36.5	472(+2)			シャークスポット		202301010610
2020101031	2023-09-02	2札幌7	曇	9.0	知床特別(2勝クラス)		16	5.0	9	5.2	2.0	4	松山弘平	56.0	芝1200		稍	**	1:10.3	0.2	**	10-6	34.1-36.0	35.1	468(-4)			クールムーア	230.0	202301020709
2020101031	2023-12-09	5阪神3	曇	12.0	3歳以上2勝クラス		12	5.0	6	5.3	3.0	3	松山弘平	57.0	芝1200		良	**	1:08.9	0.2	**	2-2	34.6-34.1	34.1	462(-6)			プロスペリダード	290.0	202309050312
2020101031	2023-12-24	5阪神8	晴	12.0	ジングルベル賞(2勝クラス)		15	5.0	9	9.6	4.0	8	北村友一	57.0	芝1400		良	**	1:21.0	0.7	**	12-12	33.9-34.8	34.5	466(+4)			アサカラキング		202309050812
2020101031	2024-01-21	1京都7	曇	12.0	4歳以上2勝クラス		11	8.0	10	7.9	4.0	3	ルメート	57.0	芝1400		重	**	1:23.4	0.3	**	6-7	36.0-35.3	34.4	474(+8)			テーオーダヴィンチ	290.0	202408010712
2020101031	2024-02-18	2京都8	晴	12.0	4歳以上2勝クラス		9	8.0	9	9.7	4.0	3	ルメート	58.0	芝1600		良	**	1:34.2	0.3	**	2-3	36.2-34.4	34.3	468(-6)			セーヌドゥレーヴ	290.0	202408020812
2020101031	2024-04-27	3京都3	曇	10.0	御池特別(2勝クラス)		13	2.0	2	3.8	2.0	5	川田将雅	58.0	芝1400		良	**	1:21.6	0.3	**	2-2	34.8-34.9	35.0	462(-6)			プリモカリーナ	155.0	202408030310
2020101031	2024-05-18	2東京9	晴	10.0	高尾特別(2勝クラス)		12	7.0	9	8.9	5.0	8	三浦皇成	58.0	芝1400		良	**	1:21.8	0.6	**	8-8	35.1-34.2	33.2	458(-4)			タガノシャーンス		202405020910
2020101031	2024-07-27	1札幌3	曇	10.0	摩周湖特別(2勝クラス)		14	4.0	6	12.3	6.0	10	北村友一	56.0	芝1500		良	**	1:28.5	0.8	**	8-6-8	30.2-34.8	34.8	462(+4)			エマヌエーレ		202401010310
2020101031	2024-08-10	2札幌1	晴	10.0	日高特別(2勝クラス)		12	6.0	7	35.7	9.0	7	武豊	58.0	芝1500		良	**	1:28.5	0.5	**	9-10-10	29.5-35.0	34.7	462(0)			オーサムストローク		202401020110
2020101031	2024-08-24	2札幌5	晴	10.0	オールスターJ第1戦(2勝クラス)		14	2.0	2	40.5	9.0	13	オシェア	58.0	芝1200		良	**	1:09.9	1.0	**	13-12	33.5-35.4	35.0	460(-2)			クファシル		202401020510
2020101031	2024-12-15	4中京6	晴	12.0	尾張特別(2勝クラス)		18	1.0	1	48.4	11.0	3	西塚洸二	55.0	芝1200		良	**	1:09.2	0.2	**	7-6	34.1-34.9	34.3	472(+12)			デイトナモード	395.5	202407040612
2020101031	2025-01-13	1中京5	晴	12.0	4歳以上2勝クラス		14	7.0	11	5.0	2.0	4	松山弘平	58.0	芝1200		良	**	1:10.3	0.2	**	6-7	34.6-35.5	35.0	470(-2)			ロードトレイル	170.0	202507010512
2020101031	2025-02-09	1京都4	晴	8.0	4歳以上2勝クラス		13	7.0	10	10.0	6.0	11	松山弘平	58.0	芝1200		稍	**	1:10.6	1.5	**	5-6	34.3-34.8	35.5	478(+8)			マキアージュ		202508010408
2020101031	2025-06-29	1函館6	晴	12.0	湯の川温泉特別(2勝クラス)		14	2.0	2	13.7	5.0	8	丹内祐次	58.0	芝1200		良	**	1:09.5	0.8	**	5-5	34.4-34.3	34.1	470(-8)			トウカイファクター		202502010612
2020101031	2026-01-10	1京都3	晴	10.0	鹿ケ谷特別(2勝クラス)		18	3.0	6	152.4	16.0	11	国分優作	55.0	芝1200		良	**	1:08.6	1.2	**	16-14	33.7-33.7	33.6	480(+10)			ジャスパーディビネ		202608010310
2020101171	2022-07-24	2福島8	晴	6.0	2歳新馬		14	8.0	13	109.7	13.0	13.0	木幡育也	54.0	芝1200		良	**	1:17.6	6.6	**	12-13	34.5-36.5	40.3	452(0)			アウクソー		202203020806
2020101171	2022-09-25	4中山7	晴	2.0	2歳未勝利		16	2.0	3	293.8	16.0	13.0	杉原誠人	54.0	芝1200		稍	**	1:11.1	1.7	**	7-10	33.8-35.6	36.6	450(-2)			クリノゴッホ		202206040702
2020101171	2022-11-12	3福島3	晴	3.0	2歳未勝利		16	4.0	8	284.8	15.0	15.0	秋山稔樹	53.0	芝1200		良	**	1:13.1	2.8	**	16-16	34.4-35.9	36.0	444(-6)			ヴェンチュラムーン		202203030303
2020101171	2022-12-25	5中山8	晴	3.0	2歳未勝利		16	1.0	1	569.0	15.0	16.0	杉原誠人	54.0	芝1600		良	**	1:39.2	4.4	**	1-1-4	35.0-35.6	40.0	444(0)			スズハローム		202206050803
2020101171	2023-04-15	1福島3	小雨	2.0	3歳未勝利		16	1.0	2	194.5	15.0	8.0	嶋田純次	54.0	芝1200		良	**	1:10.3	0.8	**	1-1	33.8-35.7	36.5	440(-4)			タリア		202303010302
2020101171	2023-06-17	1函館3	晴	1.0	3歳未勝利		16	8.0	15	121.8	13.0	4.0	嶋田純次	54.0	芝1200		良	**	1:09.5	0.3	**	2-2	34.4-34.8	35.0	444(+4)			クリノリアルレディ	83.0	202302010301
2020101171	2023-07-02	2函館2	曇	3.0	3歳未勝利		16	4.0	7	28.4	8.0	14.0	小林勝太	51.0	芝1200		良	**	1:12.6	2.3	**	2-1	34.2-36.1	38.4	450(+6)			ラウラーナ		202302020203
2020101171	2023-07-15	2函館5	雨	3.0	3歳未勝利		16	8.0	15	33.9	12.0	2.0	佐々木大	52.0	芝1200		重	**	1:11.7	0.1	**	2-2	34.5-37.1	37.1	448(-2)			シンデレラスマイル	220.0	202302020503
2020101171	2023-08-05	1札幌5	曇	3.0	3歳未勝利		16	5.0	9	65.4	13.0	13.0	鮫島克駿	54.0	芝1200		稍	**	1:10.8	0.7	**	1-1	34.9-35.2	35.9	448(0)			マテンロウアネモス		202301010503
2020101171	2023-09-14	笠松	曇	2.0	3歳5組		10	8.0	9	4.5	2.0	4.0	松本一心	51.0	ダ1400		良	**	1:31.6	2.6	**	3-2-2		41.6	446(-2)			ウインフィエルテ	4.5	202347091402
2020101171	2023-09-27	笠松	曇	2.0	3歳6組		7	5.0	5	9.2	3.0	5.0	松本一心	51.0	ダ1400		良	**	1:30.7	1.2	**	1-1-2		40.1	441(-5)			ナムラミシェル	2.2	202347092702
2020101171	2023-10-11	笠松	晴	9.0	夏日星特別(C)		9	3.0	3	14.5	4.0	8.0	大畑雅章	54.0	ダ1600		良	**	1:51.0	5.4	**	1-3-3		45.6	446(+5)			イノ		202347101109
2020101171	2023-10-25	笠松	晴	4.0	C14・C17組(CC)		8	6.0	6	15.8	5.0	5.0	藤原幹生	54.0	ダ1400		良	**	1:32.7	1.7	**	2-2-3		41.0	440(-6)			ソリッドステート	2.0	202347102504
2020101171	2024-01-05	川崎	晴	7.0	閃雷賞(C2)		12	7.0	10	89.4	7.0	12.0	矢野貴之	54.0	ダ900		良	**	1:00.4	4.7	**	2-12	29.3-38.3	42.6	458(+18)			ユアデスティニー		202445010507
2020101171	2024-02-22	浦和	雨	3.0	浦和800ラウンド(C2)		12	6.0	7	60.7	10.0	5.0	小林勝太	51.0	ダ800		稍	**	0:48.9	1.0	**	2-3	35.3-36.2	37.0	453(-5)			リュミヌーフィーユ	10.0	202442022203
2020101171	2024-03-29	浦和	曇	4.0	浦和800ラウンド(C2)		12	7.0	9	12.9	5.0	4.0	和田譲治	54.0	ダ800		不	**	0:48.8	0.3	**	3-3	34.9-36.5	36.7	459(+6)			スプリングローズ	15.0	202442032904
2020101171	2024-04-15	浦和	晴	4.0	浦和800ラウンド(C2)		11	4.0	4	8.7	4.0	10.0	和田譲治	54.0	ダ800		良	**	0:50.8	2.6	**	10-10	34.9-35.9	37.3	457(-2)			モーニングヒマワリ		202442041504
2020101171	2024-06-30	盛岡	曇	3.0	C2		10	8.0	10	1.5	1.0	1.0	山本政聡	54.0	ダ1000		良	**	1:01.6	-1.2	**	1-1		37.2	471(+14)			(マーマネ)	40.0	202435063003
2020101171	2024-07-15	盛岡	晴	2.0	C2		12	6.0	8	1.5	1.0	1.0	山本政聡	54.0	ダ1000		良	**	1:01.1	-0.4	**	1-1		37.0	468(-3)			(キラープリンセス)	40.0	202435071502
2020101171	2024-07-30	盛岡	晴	2.0	C2		10	4.0	4	3.9	2.0	5.0	山本政聡	54.0	ダ1000		稍	**	1:01.4	0.7	**	2-1		38.0	465(-3)			ビービーグリッター	2.8	202435073002
2020101171	2024-08-12	盛岡		2.0	シュガーエレガント賞(C2)		0	6.0	8				山本聡哉	55.0	ダ1000										計不					202435081202
2020101171	2024-08-14	盛岡	曇	2.0	シュガーエレガント賞(C2)		12	6.0	8	3.1	1.0	5.0	山本聡哉	55.0	ダ1000		不	**	1:01.0	0.7	**	2-2		37.3	458(-7)			アークヴィルヌーブ	2.8	202435081402
2020101171	2024-11-12	盛岡	曇	5.0	C1		11	3.0	3	10.3	4.0	8.0	山本政聡	54.0	ダ1200		良	**	1:16.9	1.4	**	1-1		40.8	474(+16)			テリオスドン		202435111205
2020101171	2024-11-25	水沢	晴	6.0	C1		9	6.0	6	1.8	1.0	1.0	山本政聡	54.0	ダ850		稍	**	0:51.9	-0.5	**	1-1		36.9	473(-1)			(ダズンフラワー)	45.0	202436112506
2020101171	2024-12-11	水沢	曇	8.0	C1		10	7.0	7	9.5	5.0	10.0	鈴木祐	55.0	ダ850		不	**	0:52.8	1.2	**	1-5		38.0	461(-12)			ミキノイチゴ		202436121108
2020101171	2025-02-01	1小倉3	雨	12.0	4歳以上1勝クラス		18	1.0	1	87.9	17.0	18.0	石神深道	53.0	芝1200		重	**	1:14.0	2.9	**	3-8	34.4-36.7	39.4	454(-7)			ラホーヤストーム		202510010312
2020101171	2025-02-15	1小倉7	曇	6.0	4歳以上1勝クラス		18	2.0	3	212.7	17.0	18.0	石神深道	53.0	芝1200		良	**	1:11.3	2.8	**	6-9	33.8-34.7	36.9	452(-2)			セシリエプラージュ		202510010706
2020101171	2025-08-24	3新潟2	晴	7.0	3歳以上1勝クラス		18	7.0	13	184.3	17.0	18.0	石神深道	53.0	芝1000		良	**	0:56.5	1.6	**	3	32.3-33.1	34.4	472(+20)			ラトルシェ		202504030207
2020101171	2025-10-19	4新潟2	曇	3.0	3歳以上1勝クラス		18	8.0	18	497.7	18.0	17.0	小沢大仁	56.0	芝1200		稍	**	1:11.2	1.4	**	3-3	34.5-35.3	36.4	476(+4)			インフローレ		202504040203
2020101171	2025-11-16	3福島4	晴	7.0	3歳以上1勝クラス		16	2.0	4	258.7	15.0	16.0	上里直汰	53.0	芝1200		良	**	1:11.4	2.4	**	2-2	33.5-35.5	37.8	470(-6)			モーデン		202503030407
2020101195	2022-12-18	6阪神6	晴	6.0	2歳新馬		13	7.0	10	3.2	2.0	4	坂井瑠星	55.0	ダ1200		良	**	1:14.9	1.7	**	10-8	35.7-37.5	38.2	490(0)			ユイノマチブセ	110.0	202209060606
2020101195	2023-01-05	1中京1	晴	2.0	3歳未勝利		15	3.0	5	5.6	3.0	7	坂井瑠星	56.0	ダ1200		良	**	1:15.4	1.7	**	11-11	35.2-38.5	38.7	488(-2)			エリスグリ		202307010102
2020101195	2023-02-18	2小倉3	小雨	6.0	3歳未勝利		18	7.0	15	6.7	4.0	1	浜中俊	56.0	芝1200		稍	**	1:09.3	-0.1	**	11-9	33.9-35.4	34.6	484(-4)			(タリア)	550.0	202310020306
2020101195	2023-03-12	2中山6	晴	7.0	3歳1勝クラス		12	5.0	6	7.5	4.0	7	戸崎圭太	56.0	芝1200		良	**	1:09.8	0.4	**	9-9	35.2-34.2	33.8	490(+6)			ワックスフラワー		202306020607
2020101195	2023-03-25	2阪神1	曇	7.0	3歳1勝クラス		10	6.0	6	10.0	5.0	8	松山弘平	56.0	芝1400		稍	**	1:22.6	0.6	**	7-7	36.1-34.3	34.3	490(0)			タガノシャーンス		202309020107
2020101195	2023-07-02	2福島2	晴	12.0	3歳以上1勝クラス		16	3.0	5	5.7	3.0	5	Ｍ．デム	55.0	芝1200		良	**	1:09.4	0.8	**	13-10	33.5-35.1	34.3	480(-10)			プレジャークルーズ	80.0	202303020212
2020101195	2023-07-23	2福島8	晴	12.0	3歳以上1勝クラス		13	3.0	3	5.6	4.0	8	津村明秀	55.0	芝1200		良	**	1:10.0	0.8	**	8-8	33.8-35.4	35.3	484(+4)			スムースベルベット		202303020812
2020101195	2023-09-03	3小倉8	晴	7.0	3歳以上1勝クラス		18	1.0	1	24.4	11.0	5	坂井瑠星	56.0	芝1200		良	**	1:08.6	0.4	**	17-15	33.4-34.8	33.6	488(+4)			トーホウフランゴ	80.0	202310030807
2020101195	2023-09-17	4阪神4	晴	7.0	3歳以上1勝クラス		16	7.0	14	18.1	7.0	5	Ｍ．デム	56.0	芝1200		良	**	1:09.2	0.6	**	3-3	34.6-34.0	34.2	492(+4)			プロスペリダード	80.0	202309040407
2020101195	2023-11-12	3福島4	曇	7.0	3歳以上1勝クラス		15	5.0	9	7.2	3.0	14	松岡正海	57.0	芝1200		良	**	1:11.6	1.0	**	8-8	34.4-36.2	36.4	492(0)			スカプラリオ		202303030407
2020101195	2024-01-27	1小倉5	晴	12.0	4歳以上1勝クラス		18	8.0	16	6.4	2.0	3	国分恭介	58.0	芝1200		良	**	1:09.2	0.2	**	9-7	34.3-34.7	34.2	492(0)			サトノグレイト	200.0	202410010512
2020101195	2024-02-17	2小倉3	晴	12.0	4歳以上1勝クラス		18	7.0	13	4.6	1.0	4	国分恭介	58.0	芝1200		良	**	1:08.2	0.2	**	9-9	33.1-34.9	34.2	494(+2)			シャウビンダー	120.0	202410020312
2020101195	2024-04-07	1福島2	晴	7.0	4歳以上1勝クラス		16	1.0	1	5.5	3.0	1	田口貫太	57.0	芝1200		良	**	1:08.2	-0.2	**	7-6	33.6-34.6	34.0	498(+4)			(ステークホルダー)	800.0	202403010207
2020101195	2024-04-21	1福島6	晴	11.0	福島中央テレビ杯(2勝クラス)		16	6.0	11	11.0	5.0	4	国分恭介	58.0	芝1200		良	**	1:08.8	0.1	**	11-10	34.2-34.5	33.7	498(0)			アシャカタカ	230.0	202403010611
2020101195	2024-06-30	2福島2	曇	9.0	さくらんぼ特別(2勝クラス)		8	7.0	7	3.3	3.0	4	Ｍ．デム	58.0	芝1200		良	**	1:08.7	0.4	**	3-3	34.2-34.1	34.2	496(-2)			ヴィントミューレ	230.0	202403020209
2020101195	2024-07-14	1函館12	晴	12.0	湯の川温泉特別(2勝クラス)		12	4.0	4	5.9	3.0	3	横山武史	58.0	芝1200		良	**	1:09.7	0.0	**	7-7	34.3-35.4	34.7	506(+10)			ラウラーナ	393.8	202402011212
2020101195	2024-08-04	1札幌6	曇	10.0	札幌スポニチ賞(2勝クラス)		16	7.0	13	4.7	1.0	9	横山武史	58.0	芝1200		稍	**	1:09.7	0.4	**	13-13	34.2-35.1	34.0	508(+2)			コナブラック		202401010610
2020101195	2024-10-27	4新潟8	晴	10.0	清津峡特別(2勝クラス)		16	1.0	2	34.5	11.0	7	菊沢一樹	58.0	芝1200		良	**	1:09.6	0.8	**	8-8	34.6-34.2	34.4	504(-4)			カピリナ		202404040810
2020101195	2025-02-02	1小倉4	曇	10.0	周防灘特別(2勝クラス)		18	2.0	3	19.5	9.0	7	菊沢一樹	58.0	芝1200		稍	**	1:10.1	0.6	**	13-14	34.3-35.2	34.8	512(+8)			トーラスシャイン		202510010410
2020101195	2025-03-01	1小倉11	曇	10.0	西日本新聞杯(2勝クラス)		18	7.0	15	15.1	6.0	7	小崎綾也	58.0	芝1200		良	**	1:09.1	0.7	**	15-13	33.6-34.8	34.5	512(0)			ジョーメッドヴィン		202510011110
2020101195	2025-04-26	1福島5	晴	11.0	福島中央テレビ杯(2勝クラス)		15	6.0	12	13.0	7.0	7	菊沢一樹	55.0	芝1200		良	**	1:08.8	0.5	**	14-12	34.1-34.2	33.4	504(-8)			トールキン		202503010511
2020101195	2025-05-10	2東京5	曇	8.0	4歳以上2勝クラス		12	8.0	12	68.7	10.0	7	横山武史	58.0	芝1400		稍	**	1:21.6	0.9	**	11-12	35.2-34.4	33.9	512(+8)			スカイハイ		202505020508
2020101195	2025-05-24	2東京9	曇	10.0	高尾特別(2勝クラス)		12	6.0	8	59.0	9.0	10	北村宏司	58.0	芝1400		良	**	1:21.9	0.9	**	11-11	35.4-33.8	33.6	510(-2)			ペリファーニア		202505020910
2020101229	2023-01-29	1小倉6	曇	5.0	3歳新馬		18	5.0	9	18.4	9.0	4	亀田温心	53.0	芝1200		重	**	1:10.7	0.5	**	3-5	35.1-35.1	35.3	402(0)			シンプリーオーサム	93.0	202310010605
2020101229	2023-02-19	2小倉4	小雨	2.0	3歳未勝利		18	7.0	14	13.7	7.0	10	亀田温心	54.0	芝1200		重	**	1:11.3	0.7	**	6-4	34.1-36.5	36.8	392(-10)			カンチェンジュンガ		202310020402
2020101229	2023-06-10	1函館1	曇	1.0	3歳未勝利		16	4.0	8	44.6	9.0	5	池添謙一	54.0	芝1200		稍	**	1:10.0	0.7	**	1-1	33.5-35.8	36.5	402(+10)			スプレンディダ	55.0	202302010101
2020101229	2023-06-24	1函館5	曇	3.0	3歳未勝利		16	7.0	13	46.1	11.0	2	池添謙一	54.0	芝1200		稍	**	1:10.1	0.2	**	1-1	34.4-35.5	35.7	398(-4)			オルフェスト	220.0	202302010503
2020101229	2023-07-16	2函館6	曇	3.0	3歳未勝利		16	4.0	8	8.1	5.0	11	池添謙一	54.0	芝1200		稍	**	1:11.6	1.0	**	1-1	34.3-36.3	37.3	404(+6)			フリントロック		202302020603
2020101229	2023-09-02	3小倉7	曇	3.0	3歳未勝利		18	3.0	6	28.8	10.0	1	幸英明	54.0	芝1200		稍	**	1:08.7	-0.1	**	1-1	32.8-35.9	35.9	402(-2)			(ジャパンノウレッジ)	550.0	202310030703
2020101229	2024-01-13	1小倉1	晴	12.0	4歳以上1勝クラス		18	6.0	12	4.3	1.0	17	幸英明	56.0	芝1200		良	**	1:09.9	1.2	**	6-7	33.9-34.8	35.6	400(-2)			キャニオニング		202410010112
2020101229	2024-02-18	2小倉4	晴	12.0	4歳以上1勝クラス		17	2.0	4	7.4	3.0	17	幸英明	56.0	芝1200		良	**	1:10.0	2.0	**	1-2	33.4-34.6	36.6	394(-6)			トリップトゥムーン		202410020412
2020101229	2024-06-30	3小倉2	曇	8.0	3歳以上1勝クラス		17	7.0	14	58.2	11.0	6	和田竜二	56.0	芝1200		稍	**	1:09.1	0.6	**	4-3	33.1-35.4	35.7	416(+22)			キャンシーエンゼル		202410030208
2020101229	2024-07-13	3小倉5	曇	12.0	3歳以上1勝クラス		11	2.0	2	10.2	5.0	3	和田竜二	56.0	芝1200		良	**	1:08.9	0.1	**	2-2	33.9-34.9	34.7	412(-4)			サンドロナイト	200.0	202410030512
2020101229	2024-07-20	3小倉7	晴	12.0	3歳以上1勝クラス		18	6.0	11	34.0	12.0	3	秋山稔樹	55.0	芝1200		稍	**	1:08.5	0.1	**	3-3	33.5-34.9	34.7	412(0)			エイムインライフ	200.0	202410030712
2020101229	2024-08-17	2中京3	晴	12.0	3歳以上1勝クラス		18	7.0	15	15.2	6.0	7	和田竜二	56.0	芝1200		良	**	1:08.3	0.3	**	4-6	33.1-34.9	34.7	410(-2)			セレッソデアモール		202407020312
2020101229	2024-11-02	3福島1	雨	12.0	3歳以上1勝クラス		16	5.0	10	8.1	4.0	5	丸山元気	56.0	芝1200		重	**	1:13.4	0.5	**	3-2	34.7-38.2	38.6	418(+8)			ソノママソノママ	80.0	202403030112
2020101229	2024-11-17	3福島6	晴	12.0	3歳以上1勝クラス		16	5.0	9	15.0	6.0	4	丸山元気	56.0	芝1200		良	**	1:10.0	0.2	**	2-2	34.8-35.0	34.9	414(-4)			マサノカナリア	120.0	202403030612
2020101229	2025-02-01	1小倉3	雨	12.0	4歳以上1勝クラス		18	7.0	13	6.7	4.0	8	丸山元気	56.0	芝1200		重	**	1:11.7	0.6	**	3-3	34.4-36.7	37.0	406(-8)			ラホーヤストーム		202510010312
2020101229	2025-05-25	1新潟8	曇	8.0	4歳以上1勝クラス		16	7.0	13	14.8	8.0	12	松岡正海	56.0	芝1200		稍	**	1:12.4	0.9	**	9-10	34.8-36.7	36.5	414(+8)			ソレントフレイバー		202504010808
2020101229	2025-07-12	2小倉5	晴	12.0	3歳以上1勝クラス		17	8.0	15	24.3	8.0	9	和田竜二	56.0	芝1200		良	**	1:09.2	0.7	**	15-12	33.0-35.5	35.1	418(+4)			シュブロンレーヴル		202510020512
2020101229	2025-07-19	2小倉7	晴	7.0	3歳以上1勝クラス		9	3.0	3	40.5	8.0	1	和田竜二	56.0	芝1200		良	**	1:08.9	-0.2	**	6-5	33.3-35.6	35.0	414(-4)			(ジェニファー)	800.0	202510020707
2020101229	2025-08-16	3中京7	晴	6.0	知多特別(2勝クラス)		13	2.0	2	85.6	11.0	6	菱田裕二	56.0	芝1200		良	**	1:07.7	0.6	**	5-5	33.6-33.5	33.5	402(-12)			サウスバンク		202507030706
2020101229	2025-10-26	3京都9	曇	8.0	壬生特別(2勝クラス)		14	2.0	2	87.8	14.0	9	和田竜二	56.0	芝1200		稍	**	1:09.2	0.5	**	5-6	34.6-34.1	34.1	420(+18)			モジャーリオ		202508030908
2020101262	2022-10-16	4新潟2	晴	5.0	2歳新馬		15	1.0	1	8.1	4.0	5	菊沢一樹	54.0	ダ1200		良	**	1:14.2	0.9	**	1-1	35.0-38.3	39.2	474(0)			ヨドノリリー	70.0	202204040205
2020101262	2022-11-05	3福島1	晴	1.0	2歳未勝利		16	5.0	10	5.5	4.0	2	菊沢一樹	54.0	ダ1150		良	**	1:09.6	0.1	**	1-1	31.7-37.8	37.9	476(+2)			ビルカール	210.0	202203030101
2020101262	2022-11-20	3福島6	曇	1.0	2歳未勝利		16	5.0	9	3.0	1.0	1	佐々木大	51.0	ダ1150		良	**	1:09.6	0.0	**	1-1	32.0-37.6	37.6	476(0)			(ディーズメイト)	520.0	202203030601
2020101262	2023-01-08	1中山3	晴	9.0	朱竹賞(1勝クラス)		12	4.0	4	23.3	7.0	4	菊沢一樹	54.0	芝1200		良	**	1:09.1	0.3	**	1-1	34.2-34.6	34.9	478(+2)			ニジュウダンサー	160.0	202306010309
2020101262	2023-02-04	1小倉7	晴	9.0	かささぎ賞(1勝クラス)		13	5.0	6	20.3	7.0	4	丹内祐次	54.0	芝1200		良	**	1:08.9	0.6	**	9-7	33.4-34.9	34.3	478(0)			トールキン	160.0	202310010709
2020101262	2023-03-12	2中山6	晴	7.0	3歳1勝クラス		12	7.0	10	7.6	5.0	4	菊沢一樹	54.0	芝1200		良	**	1:09.7	0.3	**	9-8	35.2-34.2	33.7	478(0)			ワックスフラワー	120.0	202306020607
2020101262	2023-05-21	1京都10	晴	6.0	3歳1勝クラス		13	1.0	1	6.3	4.0	9	浜中俊	54.0	芝1200		良	**	1:09.0	0.7	**	1-1	33.8-34.5	35.2	480(+2)			シルフィードレーヴ		202308011006
2020101262	2023-07-15	2福島5	雨	8.0	3歳以上1勝クラス		14	3.0	5	5.6	3.0	4	菊沢一樹	53.0	芝1200		稍	**	1:11.1	0.1	**	3-4	35.4-35.6	35.4	474(-6)			サウンドクレア	120.0	202303020508
2020101262	2023-08-05	2新潟3	晴	12.0	3歳以上1勝クラス		15	1.0	1	7.1	4.0	4	菊沢一樹	54.0	ダ1200		良	**	1:12.5	1.0	**	1-1	33.9-37.6	38.6	482(+8)			ロードラディウス	120.0	202304020312
2020101262	2023-09-02	3新潟7	曇	8.0	3歳以上1勝クラス		15	4.0	7	5.7	2.0	5	菊沢一樹	54.0	ダ1200		良	**	1:12.4	0.4	**	8-8	34.1-37.9	37.3	478(-4)			カンパニョーラ	80.0	202304030708
2020101262	2023-09-18	4中山5	晴	12.0	3歳以上1勝クラス		16	3.0	5	9.7	4.0	12	菊沢一樹	54.0	ダ1200		良	**	1:13.3	1.0	**	6-6	34.4-37.9	38.2	476(-2)			スティルディマーレ		202306040512
2020101262	2023-10-22	4新潟4	晴	12.0	3歳以上1勝クラス		18	2.0	4	8.4	5.0	1	菊沢一樹	55.0	芝1000		稍	**	0:55.9	-0.4	**	3	33.4-33.4	33.2	484(+8)			(ビヨンドザタイム)	800.0	202304040412
2020101262	2023-12-17	4中京6	晴	10.0	桑名特別(2勝クラス)		16	3.0	5	4.8	1.0	6	菊沢一樹	53.0	芝1200		良	**	1:09.3	0.4	**	11-10	34.1-34.8	34.2	488(+4)			タウゼントシェーン		202307040610
2020101262	2024-01-13	1中山4	小雨	12.0	4歳以上2勝クラス		15	3.0	4	7.0	4.0	1	小林勝太	53.0	芝1200		良	**	1:08.4	-0.1	**	4-4	33.4-35.0	34.7	494(+6)			(スムースベルベット)	1140.0	202406010412
2020101262	2024-02-25	2小倉6	晴	11.0	下関S(3勝クラス)		17	6.0	11	13.7	7.0	2	菊沢一樹	56.0	芝1200		稍	**	1:09.3	0.3	**	2-2	33.6-35.4	35.1	494(0)			カンチェンジュンガ	750.2	202410020611
2020101262	2024-05-05	1新潟4	晴	10.0	駿風S(3勝クラス)		16	2.0	3	5.8	3.0	13	菊沢一樹	56.0	芝1000		良	**	0:56.3	1.6	**	6	32.1-33.0	34.1	494(0)			ブーケファロス		202404010410
2020101262	2024-06-16	1函館4	雨	11.0	UHB杯(3勝クラス)		16	4.0	7	18.7	8.0	14	横山和生	55.0	芝1200		良	**	1:09.6	0.8	**	3-2	33.6-35.2	35.5	488(-6)			マメコ		202402010411
2020101262	2024-06-29	2福島1	晴	11.0	バーデンバーデンC(3勝クラス)		14	7.0	12	70.3	12.0	2	菊沢一樹	56.0	芝1200		良	**	1:07.1	0.1	**	11-9	32.4-34.6	33.5	484(-4)			キタノエクスプレス	748.8	202403020111
2020101262	2024-08-11	3新潟2	晴	10.0	稲妻S(3勝クラス)		17	2.0	3	16.3	8.0	8	菅原明良	56.0	芝1000		良	**	0:55.0	0.6	**	6	32.1-32.6	32.8	488(+4)			クムシラコ		202404030210
2020101262	2024-10-19	4新潟5	雨	11.0	北陸S(3勝クラス)		17	2.0	3	12.2	6.0	13	菊沢一樹	55.0	芝1200		稍	**	1:11.0	1.1	**	6-6	33.6-36.3	36.7	490(+2)			シロン		202404040511
2020101262	2024-12-01	5中山2	晴	9.0	南総S(3勝クラス)		16	2.0	3	30.7	9.0	3	菊沢一樹	56.0	芝1200		良	**	1:07.5	0.4	**	11-11	32.9-34.2	33.3	500(+10)			カピリナ	465.0	202406050209
2020101262	2025-01-06	1中山2	曇	11.0	サンライズS(3勝クラス)		16	2.0	4	13.7	5.0	5	菊沢一樹	55.0	芝1200		良	**	1:08.6	0.4	**	13-13	33.6-34.6	33.9	508(+8)			ステークホルダー	184.0	202506010211
2020101262	2025-02-02	1東京2	曇	10.0	節分S(3勝クラス)		11	7.0	9	27.9	7.0	10	石橋脩	56.0	芝1400		良	**	1:22.7	1.0	**	7-7	35.3-34.7	34.5	508(0)			オードリーバローズ		202505010210
2020101262	2025-03-30	3中山2	晴	10.0	船橋S(3勝クラス)		16	3.0	6	20.9	9.0	13	菊沢一樹	55.0	芝1200		良	**	1:09.8	0.8	**	11-13	34.1-34.9	34.9	502(-6)			ジョーメッドヴィン		202506030210
2020101262	2025-05-10	1新潟3	曇	11.0	駿風S(3勝クラス)		16	2.0	3	31.6	9.0	3	菊沢一樹	56.0	芝1000		稍	**	0:55.5	0.2	**	11	32.7-33.2	32.7	498(-4)			レベレンシア	464.8	202504010311
2020101262	2025-06-22	1函館4	小雨	11.0	UHB杯(3勝クラス)		15	4.0	6	18.9	6.0	2	菊沢一樹	55.0	芝1200		重	**	1:08.9	0.2	**	4-3	33.8-34.9	34.7	500(+2)			オードゥメール	749.4	202502010411
2020101262	2025-08-17	2新潟8	晴	6.0	稲妻S(3勝クラス)		11	7.0	9	2.2	1.0	1	菊沢一樹	56.0	芝1000		良	**	0:55.3	-0.3	**	4	32.8-33.1	32.9	500(0)			(スコーピオン)	1863.8	202504020806
2020101262	2025-10-26	4新潟4	雨	11.0	ルミエールオータムD(L)		17	3.0	5	6.6	3.0	3	菊沢一樹	54.0	芝1000		稍	**	0:55.8	0.5	**	13	32.7-33.2	32.6	510(+10)			イコサン	685.6	202504040411
2020101262	2025-12-07	5中山2	晴	11.0	ラピスラズリS(L)		16	2.0	3	20.1	7.0	4	菊沢一樹	55.0	芝1200		良	**	1:07.7	0.6	**	8-9	33.5-33.6	33.6	506(-4)			ロードフォアエース	410.0	202506050211
2020101262	2026-01-17	1中山6	晴	11.0	カーバンクルS(OP)		16	7.0	13	16.2	8.0	10	菊沢一樹	54.0	芝1200		良	**	1:07.9	0.5	**	16-16	33.7-33.7	32.6	508(+2)			ウイングレイテスト		202606010611
2020101301	2022-12-18	6中京6	晴	5.0	2歳新馬		18	2.0	4	5.9	3.0	17	岩田望来	55.0	芝1400		良	**	1:25.5	2.5	**	4-4	35.3-35.9	37.9	454(0)			プウスカンドゥール		202207060605
2020101301	2023-02-05	1小倉8	晴	6.0	3歳未勝利		18	6.0	12	163.7	15.0	17	大久保友	53.0	芝1200		良	**	1:10.5	1.6	**	5-9	33.4-35.5	36.6	452(-2)			トーセンエスクード		202310010806
2020101301	2023-02-18	1阪神3	曇	2.0	3歳未勝利		15	7.0	13	13.7	3.0	14	大久保友	53.0	ダ1200		良	**	1:17.1	5.2	**	12-13	35.8-36.1	39.4	446(-6)			リュウ		202309010302
2020101301	2023-04-19	門別	曇	5.0	3歳条件4ー2		12	6.0	7	19.2	6.0	1	井上俊彦	56.0	ダ1000		稍	**	1:00.5	-0.6	**	4-4		36.2	464(+18)			(ワンビ)	60.0	202330041905
2020101301	2023-05-11	門別	晴	8.0	3歳以上C3ー2C4		12	4.0	4	1.3	1.0	1	井上俊彦	56.0	ダ1000		良	**	1:01.7	-0.2	**	7-6		36.5	464(0)			(ラビアータ)	40.0	202330051108
2020101301	2023-05-30	門別	晴	6.0	ペテガリ岳賞(C3)		9	3.0	3	2.2	2.0	1	井上俊彦	56.0	ダ1200		良	**	1:14.3	-0.4	**	4-3		37.1	466(+2)			(クインズサクヤヒメ)	40.0	202330053006
2020101301	2023-06-13	門別	曇	11.0	スターチス特別(C1)		8	2.0	2	1.1	1.0	1	井上俊彦	56.0	ダ1200		稍	**	1:14.0	-2.0	**	5-2		37.1	466(0)			(リスカルダメント)	55.0	202330061311
2020101301	2023-07-12	大井	晴	2.0	3歳　240万		11	1.0	1	1.1	1.0	1	森泰斗	56.0	ダ1200		良	**	1:14.0	-1.0	**	5-4	35.7-38.3	36.8	466(0)			(ナックジャスパー)	150.0	202344071202
2020101301	2023-08-02	大井	晴	10.0	フォーチュネイトひま(C13歳)		13	6.0	9	4.7	3.0	1	森泰斗	56.0	ダ1200		重	**	1:12.6	-0.2	**	6-7	35.5-37.1	36.4	461(-5)			(キタサンベレーザ)	280.0	202344080210
2020101301	2023-09-07	大井	曇	10.0	C1二　三四(C1三)		10	6.0	6	1.3	1.0	2	森泰斗	55.0	ダ1200		重	**	1:12.4	0.1	**	9-9	35.0-37.3	36.4	470(+9)			ドレスドトゥーキル	48.0	202344090710
2020101301	2023-09-22	大井	雨	9.0	C1三　四五(C1四)		12	3.0	3	1.8	1.0	4	和田譲治	55.0	ダ1200		重	**	1:11.2	0.1	**	7-6	34.3-36.8	36.3	471(+1)			カノアレディー	18.0	202344092209
2020101301	2023-10-05	大井	曇	8.0	ピンク・スクアーレル(C1三)		7	4.0	4	2.5	2.0	1	森泰斗	56.0	ダ1400		不	**	1:25.9	-0.4	**	5-6-3	35.9-37.9	36.9	467(-4)			(バリブラック)	120.0	202344100508
2020101301	2023-10-31	大井	曇	12.0	神明坂賞競走(B3)		16	8.0	15	1.9	1.0	8	森泰斗	56.0	ダ1400		良	**	1:29.2	1.0	**	10-13-13	37.2-38.8	38.7	466(-1)			メーサンデュラント		202344103112
2020101301	2023-11-14	大井	晴	7.0	B3五		9	2.0	2	2.3	2.0	1	本橋孝太	56.0	ダ1400		良	**	1:29.4	0.0	**	9-8-8	37.5-39.1	37.6	466(0)			(スカイトライア)	210.0	202344111407
2020101301	2023-12-07	大井	晴	12.0	九段坂賞競走(B2B3)		16	1.0	2	4.1	2.0	9	本橋孝太	55.0	ダ1400		良	**	1:28.9	0.7	**	12-10-11	36.2-39.8	39.1	465(-1)			マザオ		202344120712
2020101301	2023-12-27	大井	晴	12.0	ウインターテール賞競(B3)		16	2.0	3	4.6	3.0	2	森泰斗	56.0	ダ1400		良	**	1:29.3	0.0	**	16-16-16	36.9-39.8	37.6	462(-3)			エスプリアラジン	96.0	202344122712
2020101301	2024-04-10	大井	晴	12.0	山王坂賞競走(B3)		14	6.0	10	3.4	1.0	5	森泰斗	56.0	ダ1400		重	**	1:29.5	0.6	**	10-11-11	37.7-38.7	37.9	464(+2)			ボニーマジェスティ	38.0	202444041012
2020101301	2024-04-26	大井	曇	12.0	東郷坂賞競走(B3)		11	7.0	8	3.1	2.0	2	森泰斗	56.0	ダ1400		重	**	1:29.1	0.6	**	7-9-10	37.3-38.5	38.0	464(0)			ラッシュワン	152.0	202444042612
2020101301	2024-05-15	大井	雨	12.0	新緑賞競走(B2)		16	1.0	2	8.4	4.0	12	森泰斗	56.0	ダ1200		重	**	1:14.7	1.7	**	16-16	36.1-36.9	36.0	463(-1)			ロアリングルックス		202444051512
2020101301	2024-06-05	大井	晴	10.0	夏木立賞競走(B2)		16	3.0	5	10.5	4.0	2	森泰斗	56.0	ダ1400		稍	**	1:28.4	0.3	**	11-15-16	37.4-38.4	36.9	460(-3)			ウナモンタナアルタ	168.0	202444060510
2020101301	2024-06-28	大井	雨	11.0	秋葉原賞競走(B2)		12	5.0	6	4.1	3.0	4	安藤洋一	56.0	ダ1600		不	**	1:43.7	1.5	**	12-12-12-11	37.9-39.5	39.4	466(+6)			ハリウッドヒルズ	63.0	202444062811
2020101301	2025-04-15	大井	晴	12.0	山王坂賞競走(B3)		13	5.0	7	16.1	6.0	2	安藤洋一	56.0	ダ1400		重	**	1:25.6	0.0	**	2-2-2	36.6-36.4	36.3	464(-2)			マスターオブライフ	152.0	202544041512
2020101301	2025-05-20	大井	晴	12.0	新緑賞競走(B2)		16	4.0	8	4.0	2.0	1	安藤洋一	56.0	ダ1200		稍	**	1:12.3	-0.1	**	4-4	34.6-37.7	37.1	469(+5)			(ジェットスピード)	440.0	202544052012
2020101301	2025-06-13	大井	晴	11.0	スポーツ報知賞競走(B2)		14	2.0	2	2.7	2.0	1	安藤洋一	56.0	ダ1200		稍	**	1:11.9	-0.1	**	4-4	35.4-36.5	36.1	465(-4)			(シンリンゲンカイ)	440.0	202544061311
2020101301	2025-07-02	大井	曇	12.0	ロマンティックナイト(B1)		10	8.0	9	2.4	2.0	2	安藤洋一	56.0	ダ1400		良	**	1:26.6	0.4	**	5-5-3	37.4-36.4	36.4	460(-5)			サイアンドコー	192.0	202544070212
2020101301	2025-07-15	大井	雨	11.0	カーネリアン賞競走(A2B1)		10	7.0	8	2.0	1.0	1	安藤洋一	55.0	ダ1400		不	**	1:25.4	-0.3	**	3-1-1	36.1-37.5	37.5	459(-1)			(ロードアラビアン)	620.0	202544071511
2020101301	2025-11-11	大井	曇	11.0	トパーズ賞競走(OP)(3上)		13	6.0	9	10.5	4.0	2	安藤洋一	54.0	ダ1400		稍	**	1:25.6	0.1	**	2-3-3	36.4-37.0	36.9	467(+8)			サトノテンペスト	280.0	202544111111
2020101301	2025-12-02	大井	曇	12.0	ノースウインド賞競走(A2B1)		12	4.0	4	1.5	1.0	1	安藤洋一	57.0	ダ1400		良	**	1:26.4	-0.3	**	3-2-2	37.1-37.2	37.2	465(-2)			(ロードアラビアン)	620.0	202544120212
2020101301	2025-12-26	大井	晴	10.0	ラストトゥインクル2(A2B1)		12	7.0	10	1.8	1.0	2	安藤洋一	57.0	ダ1200		重	**	1:12.8	0.0	**	6-9	35.2-37.6	36.8	468(+3)			ハーフブルー	248.0	202544122610
2020101547	2022-10-15	4阪神4	晴	5.0	2歳新馬		10	1.0	1	5.3	2.0	5	松山弘平	55.0	芝1600		良	**	1:36.1	1.1	**	1-1	36.8-33.7	34.8	522(0)			エイムインライフ	70.0	202209040405
2020101547	2022-11-12	5阪神3	晴	2.0	2歳未勝利		15	3.0	5	3.8	2.0	1	松山弘平	55.0	ダ1400		良	**	1:24.5	-1.7	**	1-1	35.4-36.4	36.4	512(-10)			(マンノライトニング)	520.0	202209050302
2020101547	2023-07-08	3中京3	曇	6.0	3歳以上1勝クラス		16	8.0	15	1.6	1.0	1	松山弘平	55.0	ダ1400		良	**	1:23.9	-0.1	**	4-5	34.1-38.1	37.8	528(+16)			(ロードラディウス)	800.0	202307030306
2020101547	2023-09-17	4阪神4	曇	12.0	3歳以上2勝クラス		16	3.0	5	1.9	1.0	2	松山弘平	56.0	ダ1400		良	**	1:24.4	0.5	**	1-1	33.8-38.0	38.5	532(+4)			ヘンリー	460.0	202309040412
2020101547	2023-11-12	3京都4	曇	12.0	ドンカスターC(2勝クラス)		16	4.0	8	2.0	1.0	1	松山弘平	57.0	ダ1400		稍	**	1:24.7	-0.7	**	2-2	35.7-36.6	36.4	530(-2)			(ペプチドタイガー)	1587.8	202308030412
2020101547	2023-12-17	5阪神6	晴	12.0	御影S(3勝クラス)		16	6.0	11	1.5	1.0	1	川田将雅	57.0	ダ1400		稍	**	1:23.4	-0.6	**	3-2	33.6-37.5	37.2	534(+4)			(サトノルフィアン)	1877.8	202309050612
2020101547	2024-01-28	1東京2	曇	11.0	根岸S(GIII)		16	4.0	7	2.5	1.0	1	川田将雅	56.0	ダ1400		良	**	1:24.1	-0.4	**	5-5	35.8-35.8	35.2	534(0)			(アームズレイン)	4056.0	202405010211
2020101547	2024-05-25	2東京11	晴	11.0	欅S(OP)		16	4.0	8	1.7	1.0	2	川田将雅	59.0	ダ1400		良	**	1:22.1	0.2	**	4-4	35.0-35.1	35.0	534(0)			コスタノヴァ	890.2	202405021111
2020101547	2024-09-07	3中京1	晴	11.0	エニフS(L)		10	2.0	2	1.2	1.0	1	川田将雅	59.0	ダ1400		良	**	1:22.4	-0.1	**	3-3	35.4-35.3	35.0	536(+2)			(ロードエクレール)	2421.7	202407030111
2020101547	2024-11-09	5東京3	晴	11.0	東京中日S杯武蔵野S(GIII)		15	6.0	10	1.7	1.0	1	川田将雅	57.0	ダ1600		良	**	1:36.0	-0.2	**	5-4	33.8-37.1	36.5	538(+2)			(カズペトシーン)	4054.6	202405050311
2020101547	2025-02-23	1東京8	晴	11.0	フェブラリーS(GI)		16	1.0	1	5.9	3.0	5	横山武史	58.0	ダ1600		良	**	1:36.0	0.5	**	4-4	35.0-36.1	36.2	550(+12)			コスタノヴァ	1200.0	202505010811
2020101547	2025-03-25	高知	晴	5.0	黒船賞[指定交流](JpnIII)		12	7.0	9	1.1	1.0	3	川田将雅	57.0	ダ1400		良	**	1:30.8	1.0	**	4-4-4-3		41.2	536(-14)			シャマル	600.0	202554032505
2020101547	2025-06-25	浦和	曇	11.0	さきたま杯[指定交流(JpnI)		12	1.0	1	3.8	3.0	3	川田将雅	57.0	ダ1400		不	**	1:24.2	1.0	**	5-6-6-8	34.9-36.3	36.2	535(-1)			シャマル	1600.0	202542062511
2020101547	2025-09-04	佐賀	曇	11.0	サマーチャンピオン(JpnIII)		10	2.0	2	2.4	1.0	2	川田将雅	59.0	ダ1400		良	**	1:27.0	0.1	**	5-4-2-1		37.2	531(-4)			ヤマニンチェルキ	960.0	202555090411
2020101781	2022-09-04	4小倉8	晴	5.0	2歳新馬		11	6.0	7	13.1	5.0	2	西村淳也	54.0	芝1800		良	**	1:50.6	0.0	**	2-3-2-2	37.9-35.5	35.4	474(0)			トーアライデン	280.0	202210040805
2020101781	2022-10-01	5中京8	晴	2.0	2歳未勝利		10	1.0	1	8.3	5.0	6	幸英明	55.0	芝2000		良	**	2:02.1	0.7	**	3-3-4-3	36.9-34.9	35.2	482(+8)			ビップクロエ		202207050802
2020101781	2022-10-29	4阪神8	晴	3.0	2歳未勝利		13	5.0	7	38.3	9.0	7	菅原明良	55.0	芝1800		良	**	1:48.1	0.4	**	10-12	36.4-34.9	34.4	486(+4)			ティムール		202209040803
2020101781	2022-12-10	6中京3	晴	5.0	2歳未勝利		13	2.0	2	9.4	4.0	3	和田竜二	55.0	芝2000		良	**	2:01.1	0.8	**	1-1-1-1	36.3-35.4	36.2	486(0)			ジェモロジー	130.0	202207060305
2020101781	2023-01-14	1小倉1	曇	6.0	3歳未勝利		13	7.0	11	5.3	4.0	9	幸英明	56.0	芝2000		重	**	2:02.8	0.9	**	2-2-2-2	35.9-36.4	37.3	494(+8)			エールミネルヴァ		202310010106
2020101781	2023-08-19	3小倉3	晴	7.0	3歳未勝利		18	6.0	11	20.1	8.0	6	角田大河	55.0	芝2000		良	**	2:01.7	1.1	**	1-1-1-1	35.4-36.8	37.9	488(-6)			タガノトラリア		202310030307
2020101781	2023-09-03	3小倉8	晴	12.0	3歳以上1勝クラス		12	2.0	2	9.8	5.0	10	和田竜二	55.0	芝2600		良	**	2:43.6	3.6	**	3-3-4-5	36.1-36.6	39.9	496(+8)			ジューンレインボー		202310030812
2020101781	2023-09-28	園田	曇	6.0	C2二		11	7.0	9	3.5	3.0	1	山本咲希	55.0	ダ1400		良	**	1:32.7	-0.9	**	2-2-2-1		40.2	505(+9)			(ゴコウサス)	70.0	202350092806
2020101781	2023-10-18	園田	晴	8.0	C1二		8	3.0	3	6.5	3.0	7	山本咲希	56.0	ダ1400		良	**	1:34.1	2.4	**	3-3-5-6		42.1	487(-18)			チアーズ		202350101808
2020101781	2023-11-07	園田	晴	12.0	C1		12	6.0	7	36.3	8.0	11	山本咲希	56.0	ダ1700		重	**	1:58.8	4.0	**	2-2-8-11		44.0	503(+16)			ジグラート		202350110712
2020101781	2023-11-22	園田	晴	7.0	C1二		12	2.0	2	151.0	11.0	8	鴨宮祥行	56.0	ダ1870		良	**	2:08.4	3.3	**	11-11-10-10		41.8	496(-7)			オーヴァルブルーム		202350112207
2020101781	2023-12-12	園田	曇	9.0	C1		12	6.0	8	103.7	10.0	9	山本咲希	56.0	ダ1400		稍	**	1:34.2	1.5	**	12-12-12-12		40.5	504(+8)			ポルトドール		202350121209
2020101781	2024-01-23	姫路	晴	8.0	C2一		10	1.0	1	34.3	8.0	3	山本咲希	56.0	ダ1400		良	**	1:35.2	0.5	**	1-1-1-1		41.2	505(+1)			スリーミスラピス	14.0	202451012308
2020101781	2024-02-07	姫路	晴	5.0	C2一		12	8.0	12	23.1	7.0	4	山本咲希	56.0	ダ1400		重	**	1:34.2	1.0	**	2-2-2-2		41.5	496(-9)			ダズリングダンス	10.5	202451020705
2020101781	2024-02-29	姫路	曇	5.0	C2一		10	5.0	5	28.9	7.0	5	山本咲希	56.0	ダ1400		良	**	1:34.1	0.2	**	2-2-1-1		41.3	493(-3)			キクノアーデント	7.0	202451022905
2020101781	2024-03-22	園田	晴	7.0	C2一		12	5.0	6	32.0	7.0	7	山本咲希	56.0	ダ1400		良	**	1:34.6	2.7	**	7-6-6-6		42.3	496(+3)			ユキマル		202450032207
2020101781	2024-04-16	園田	曇	12.0	C2一		11	7.0	8	3.6	1.0	3	山本咲希	56.0	ダ1400		良	**	1:33.0	0.4	**	2-2-3-2		41.8	490(-6)			メイショウシュート	14.0	202450041612
2020101781	2024-04-29	園田	曇	7.0	C2一		10	7.0	7	4.3	3.0	5	山本咲希	56.0	ダ1400		良	**	1:33.1	0.7	**	3-4-3-5		41.1	494(+4)			フローラサンライズ	7.0	202450042907
2020101781	2024-05-22	園田	曇	7.0	C2一		10	8.0	10	16.6	5.0	5	山本咲希	56.0	ダ1400		良	**	1:33.9	2.4	**	5-5-5-6		42.0	494(0)			ジャスティンカプリ	7.0	202450052207
2020101781	2024-06-05	園田	晴	9.0	C2一		10	1.0	1	30.5	6.0	6	山本咲希	56.0	ダ1400		良	**	1:33.7	1.3	**	9-10-9-7		40.2	498(+4)			ドゥーエニシング		202450060509
2020101781	2024-06-28	園田	曇	6.0	一族の誇りを胸に!!(C2)		10	2.0	2	15.4	6.0	7	山本咲希	56.0	ダ1400		不	**	1:34.9	2.0	**	3-3-4-4		42.6	490(-8)			ファイブレイナ		202450062806
2020101781	2024-07-25	園田	晴	2.0	遠方7ハロンC3二		12	8.0	12	1.5	1.0	1	山本咲希	56.0	ダ1400		良	**	1:32.9	-0.9	**	1-1-1-1		40.8	501(+11)			(グランプリシップ)	56.0	202450072502
2020101781	2024-08-15	園田	晴	3.0	C2四		9	6.0	6	2.5	1.0	7	山本咲希	56.0	ダ1400		重	**	1:35.3	0.9	**	2-2-2-2		42.7	491(-10)			イロメガネ		202450081503
2020101781	2024-09-05	園田	晴	3.0	C2三		12	7.0	9	13.8	4.0	4	山本咲希	56.0	ダ1400		良	**	1:34.9	1.8	**	2-2-3-3		42.7	490(-1)			グリューンヴァルト	10.5	202450090503
2020101781	2024-09-25	園田	曇	4.0	糯ケ坪7ハロンC2三		10	6.0	6	6.7	4.0	1	土方颯太	53.0	ダ1400		良	**	1:33.2	-0.5	**	1-1-1-1		40.7	495(+5)			(クリムゾンレッド)	70.0	202450092504
2020101781	2024-10-16	園田	曇	12.0	C2一		10	7.0	8	63.9	8.0	7	土方颯太	54.0	ダ1400		良	**	1:33.1	1.3	**	2-2-2-4		42.2	500(+5)			エイシンボーノ		202450101612
2020101781	2025-02-10	1京都3	晴	6.0	4歳以上1勝クラス		11	6.0	7	222.1	8.0	7	中井裕二	58.0	芝1800		良	**	1:49.1	1.4	**	3-4	35.3-35.4	36.5	516(+16)			コルレオニス		202508010306
2020101781	2025-04-20	1福島4	曇	7.0	4歳以上1勝クラス		16	1.0	2	101.0	14.0	14	中井裕二	58.0	芝1800		良	**	1:48.5	1.7	**	9-9-10-7	35.5-35.7	36.5	516(0)			アラタマフェーヴル		202503010407
2020101781	2025-07-20	2小倉8	晴	7.0	3歳以上1勝クラス		10	3.0	3	53.7	9.0	2	国分恭介	58.0	芝1800		良	**	1:49.5	0.0	**	1-1-1-1	37.5-36.1	36.1	506(-10)			キーウェーブ	320.0	202510020807
2020101781	2025-08-23	3新潟1	晴	7.0	3歳以上1勝クラス		11	5.0	5	44.1	7.0	9	丸山元気	58.0	芝1800		良	**	1:49.2	1.5	**	3-3	36.9-33.7	34.9	516(+10)			クラッシファイド		202504030107
2020101781	2025-11-15	3福島3	晴	9.0	土湯温泉特別(1勝クラス)		16	6.0	12	98.6	12.0	15	国分恭介	58.0	芝1800		良	**	1:49.5	2.6	**	2-2-2-5	35.1-36.3	38.8	512(-4)			マテンロウギフト		202503030309
2020101916	2022-10-29	4阪神8	晴	5.0	2歳新馬		11	6.0	6	83.8	9.0	2	菅原明良	55.0	芝2000		良	**	2:02.2	0.3	**	5-5-4-4	36.9-34.7	34.7	450(0)			マイネルエンペラー	280.0	202209040805
2020101916	2022-11-12	5東京3	晴	3.0	2歳未勝利		11	1.0	1	3.9	2.0	4	菅原明良	55.0	芝2000		良	**	2:01.6	0.7	**	9-8-8	37.1-34.0	33.5	448(-2)			ドゥレッツァ	78.0	202205050303
2020101916	2022-12-11	5中山4	晴	6.0	2歳未勝利		15	1.0	1	8.2	3.0	7	北村宏司	55.0	芝2000		良	**	2:03.0	0.8	**	10-10-8-9	36.8-35.7	35.8	446(-2)			ハウゼ		202206050406
2020101916	2022-12-24	6阪神7	晴	4.0	2歳未勝利		16	3.0	6	24.8	7.0	8	松本大輝	54.0	芝2000		良	**	2:02.2	0.7	**	8-9-9-7	37.6-35.7	35.9	452(+6)			セオ		202209060704
2020101916	2023-04-02	2阪神4	晴	4.0	3歳未勝利		13	5.0	6	29.2	8.0	8	戸崎圭太	56.0	芝2400		良	**	2:27.5	1.2	**	13-13-3-2	35.9-35.3	36.4	460(+8)			ファームツエンティ		202309020404
2020101916	2023-04-22	1京都1	晴	4.0	3歳未勝利		13	8.0	12	25.7	7.0	6	岩田康誠	56.0	芝2400		良	**	2:27.4	0.6	**	12-10-6-5	35.9-34.6	34.8	458(-2)			ゴールデンスナップ		202308010104
2020101916	2023-05-07	2東京6	小雨	3.0	3歳未勝利		13	7.0	11	24.8	6.0	6	松山弘平	56.0	芝2300		良	**	2:20.4	1.3	**	13-13-13-13	30.3-35.1	34.9	450(-8)			アヴィオンドール		202305020603
2020101916	2023-06-11	3阪神4	雨	2.0	3歳未勝利		18	8.0	17	15.1	6.0	2	団野大成	56.0	芝2200		稍	**	2:15.2	0.2	**	15-16-7-7	35.0-36.4	35.9	452(+2)			ポンテニオ	220.0	202309030402
2020101916	2023-06-24	3阪神7	曇	3.0	3歳未勝利		17	3.0	6			取	松山弘平	56.0	芝2400		良	**			**		35.2-36.4		計不			カズキ		202309030703
2020101916	2023-07-09	3中京4	曇	2.0	3歳未勝利		16	1.0	1	5.7	3.0	4	松山弘平	56.0	芝2200		稍	**	2:15.4	1.2	**	15-15-8-9	34.9-35.7	36.1	450(-2)			ケイアイサンデラ	83.0	202307030402
2020101916	2023-07-23	3中京8	晴	3.0	3歳未勝利		17	5.0	10	8.2	5.0	5	団野大成	56.0	芝2200		良	**	2:15.5	0.4	**	17-15-2-2	35.4-36.6	36.9	452(+2)			ディアマイサン	55.0	202307030803
2020101916	2023-08-06	2新潟4	晴	4.0	3歳未勝利		18	4.0	7	23.8	8.0	9	笹川翼	56.0	芝2000		良	**	2:00.6	1.7	**	17-18-16-18	34.9-36.2	36.0	456(+4)			デッドリー		202304020404
2020101916	2024-02-18	2京都8	曇	7.0	4歳以上1勝クラス		8	2.0	2	43.2	6.0	3	田口貫太	56.0	芝2400		良	**	2:28.0	0.6	**	8-8-8-8	36.6-34.3	34.1	444(-12)			マイネルカンパーナ	200.0	202408020807
2020101916	2024-03-17	1阪神8	曇	7.0	4歳以上1勝クラス		8	5.0	5	7.1	5.0	6	岡部誠	57.0	芝2400		良	**	2:27.9	0.8	**	8-8-7-5	36.6-35.4	35.5	448(+4)			ウェイビー		202409010807
2020101916	2024-04-13	2阪神7	晴	7.0	4歳以上1勝クラス		12	8.0	12	11.3	5.0	2	ムルザバ	58.0	芝2400		良	**	2:25.6	0.1	**	3-3-3-2	36.8-34.6	34.7	434(-14)			キャリーハピネス	320.0	202409020707
2020101916	2024-05-18	3京都9	晴	7.0	4歳以上1勝クラス		12	6.0	7	4.2	1.0	7	岩田康誠	58.0	芝2400		良	**	2:24.4	0.4	**	10-10-7-8	34.4-35.4	35.2	436(+2)			リッチブラック		202408030907
2020101916	2024-06-15	3東京5	晴	8.0	3歳以上1勝クラス		9	3.0	3	20.3	6.0	5	菅原明良	58.0	芝2400		良	**	2:26.2	1.6	**	7-6-5-5	36.8-34.0	35.0	434(-2)			ピースワンデュック	80.0	202405030508
2020101916	2024-07-14	3小倉6	雨	9.0	青島特別(1勝クラス)		10	8.0	10	19.4	7.0	6	田口貫太	58.0	芝1800		不	**	1:51.0	1.2	**	9-9-10-8	37.1-36.1	36.2	432(-2)			ハイディージェン		202410030609
2020101916	2024-08-17	3新潟3	晴	8.0	3歳以上1勝クラス		12	7.0	9	47.4	7.0	8	石橋脩	58.0	芝2400		良	**	2:26.7	2.0	**	10-9-3-5	35.0-35.6	37.4	428(-4)			スティンガーグラス		202404030308
2020101916	2024-10-05	5京都1	晴	8.0	3歳以上2勝クラス		8	5.0	5	38.0	4.0	7	永島まな	56.0	芝2400		良	**	2:26.4	1.4	**	7-7-7-7	34.7-36.1	35.2	432(+4)			ヴェローチェエラ		202408050108
2020101916	2024-11-24	6京都8	曇	5.0	3歳以上1勝クラス		15	2.0	2	67.9	12.0	3	吉村誠之	56.0	ダ1800		良	**	1:53.6	0.2	**	13-13-14-14	35.4-38.7	37.1	448(+16)			キングブルー	200.0	202408060805
2020101916	2024-12-14	7京都5	曇	8.0	3歳以上1勝クラス		16	6.0	11	5.9	3.0	3	吉村誠之	56.0	ダ1800		良	**	1:54.6	0.9	**	16-15-15-15	37.7-37.8	37.1	448(0)			カネトシゴウト	200.0	202408070508
2020101916	2025-01-12	1中山4	曇	8.0	4歳以上1勝クラス		16	3.0	5	5.3	2.0	2	吉村誠之	56.0	ダ1800		良	**	1:54.5	0.1	**	10-10-11-8	36.9-39.5	38.6	440(-8)			ブレスワード	320.0	202506010408
2020101916	2025-01-25	1中京8	晴	7.0	4歳以上1勝クラス		15	3.0	4	4.5	3.0	3	吉村誠之	56.0	ダ1800		良	**	1:53.6	0.5	**	12-12-11-10	37.0-38.1	37.5	442(+2)			ヒロノラメール	200.0	202507010807
2020101916	2025-03-08	1阪神3	曇	7.0	4歳以上1勝クラス		10	7.0	8	2.8	1.0	4	川田将雅	58.0	ダ2000		良	**	2:09.2	0.4	**	3-3-4-4	36.2-40.0	39.9	448(+6)			サンライズウェーヴ	120.0	202509010307
2020101916	2025-03-23	1阪神8	晴	8.0	4歳以上1勝クラス		14	5.0	7	5.1	3.0	6	川田将雅	58.0	ダ1800		良	**	1:55.2	1.9	**	11-11-12-12	37.6-37.1	38.0	440(-8)			リトルハピ		202509010808
2020101916	2025-05-04	2東京4	晴	7.0	4歳以上1勝クラス		10	7.0	7	5.1	2.0	6	坂井瑠星	58.0	ダ2100		稍	**	2:13.9	0.9	**	6-4-6-5	32.4-36.9	37.2	432(-8)			セイウンガレオン		202505020407
2020101916	2025-05-24	2京都9	雨	8.0	4歳以上1勝クラス		16	4.0	7	23.9	6.0	6	吉村誠之	57.0	ダ1800		稍	**	1:52.6	0.7	**	14-14-14-13	35.5-38.6	37.9	432(0)			シャハザマーン		202508020908
2020101916	2025-08-10	3中京6	曇	10.0	3歳以上1勝クラス		13	6.0	9	12.6	5.0	8	吉村誠之	57.0	ダ1900		良	**	2:02.6	1.7	**	11-11-11-11	30.9-38.3	38.2	436(+4)			メイケイロゼッタ		202507030610
2020102081	2022-11-26	5阪神7	曇	5.0	2歳新馬		18	5.0	9	22.9	7.0	2	太宰啓介	54.0	芝1600		良	**	1:35.4	0.1	**	5-4	36.5-34.3	34.0	468(0)			クファシル	280.0	202209050705
2020102081	2023-05-21	1京都10	晴	4.0	3歳未勝利		18	8.0	18	5.5	3.0	3	太宰啓介	54.0	芝1600		良	**	1:34.6	0.7	**	6-6	34.8-35.1	35.2	474(+6)			セーヌドゥレーヴ	140.0	202308011004
2020102081	2023-06-11	3阪神4	曇	6.0	3歳未勝利		18	8.0	16	5.7	4.0	7	太宰啓介	54.0	芝1600		稍	**	1:36.3	1.4	**	3-3	35.4-35.7	36.8	464(-10)			ハレアカラフラ		202309030406
2020102081	2023-08-19	3小倉3	晴	3.0	3歳未勝利		16	3.0	6	9.8	5.0	1	太宰啓介	54.0	芝1800		良	**	1:48.0	-0.1	**	11-10-11-6	35.1-36.8	36.1	458(-6)			(タイセイフェリーク)	550.0	202310030303
2020102081	2023-12-16	4中京5	曇	9.0	高山特別(1勝クラス)		18	6.0	12	36.9	11.0	13	太宰啓介	54.0	芝2200		稍	**	2:15.2	1.1	**	8-8-9-7	35.7-34.9	35.4	462(+4)			コスモフリーゲン		202307040509
2020102081	2024-01-20	1小倉3	雨	7.0	4歳以上1勝クラス		15	1.0	1	30.6	9.0	10	太宰啓介	55.0	芝2000		稍	**	2:03.1	1.0	**	9-10-12-12	35.1-37.6	37.0	464(+2)			フォレスタ		202410010307
2020102081	2024-02-11	2小倉2	晴	7.0	4歳以上1勝クラス		13	4.0	5	12.6	5.0	5	太宰啓介	55.0	芝1800		良	**	1:49.4	0.3	**	8-8-5-3	36.5-36.5	36.5	462(-2)			アストロフィライト	80.0	202410020207
2020102081	2024-03-23	1中京5	雨	7.0	4歳以上1勝クラス		14	5.0	7	32.9	13.0	4	太宰啓介	56.0	芝1600		重	**	1:36.7	0.1	**	1-1-1	36.2-36.2	36.3	470(+8)			ビターグラッセ	120.0	202407010507
2020102081	2024-04-14	2阪神8	晴	7.0	4歳以上1勝クラス		17	2.0	4	7.6	3.0	6	太宰啓介	56.0	芝1600		良	**	1:34.0	0.4	**	8-9	35.2-34.7	34.1	470(0)			ベルシャンブル		202409020807
2020102081	2024-09-14	3中京3	晴	6.0	3歳以上1勝クラス		16	2.0	3	24.4	8.0	13	河原田菜	52.0	芝1600		良	**	1:33.4	1.0	**	3-4-3	34.3-35.2	35.9	470(0)			レディントン		202407030306
2020102081	2024-11-03	6京都2	晴	12.0	3歳以上1勝クラス		15	6.0	11	28.8	10.0	12	太宰啓介	56.0	芝1600		稍	**	1:34.5	0.9	**	11-11	34.2-35.9	35.4	462(-8)			ビップジーニー		202408060212
2020102081	2024-12-28	7京都9	晴	7.0	3歳以上1勝クラス		17	8.0	18	115.3	16.0	2	河原田菜	52.0	芝1800		良	**	1:47.7	0.1	**	1-1	35.3-34.8	34.9	472(+10)			ショウナンガチ	320.0	202408070907
2020102081	2025-02-02	1小倉4	晴	7.0	4歳以上1勝クラス		18	2.0	3	19.3	9.0	14	河原田菜	52.0	芝2000		重	**	2:03.3	1.2	**	4-5-3-4	35.9-37.7	38.8	462(-10)			ファミリーツリー		202510010407
2020102081	2025-03-16	1阪神6	雨	7.0	4歳以上1勝クラス		16	8.0	15	30.0	7.0	13	河原田菜	52.0	芝1600		稍	**	1:35.8	1.5	**	1-1	35.0-35.3	36.8	466(+4)			ファーヴェント		202509010607
2020102081	2025-03-22	1阪神7	晴	6.0	4歳以上1勝クラス		10	8.0	10	11.2	4.0	3	太宰啓介	56.0	ダ1800		良	**	1:56.1	0.2	**	1-1-2-2	38.1-39.1	39.2	470(+4)			サイモンコーラル	200.0	202509010706
2020102081	2025-08-09	3中京5	晴	9.0	3歳以上1勝クラス		9	4.0	4	11.4	4.0	4	太宰啓介	56.0	ダ1800		良	**	1:55.5	2.3	**	4-4-6-6	37.4-38.5	39.5	478(+8)			アンドリーナ	120.0	202507030509
2020102081	2025-08-30	4中京3	晴	8.0	3歳以上1勝クラス		8	5.0	5	31.5	7.0	4	太宰啓介	56.0	芝2000		良	**	2:00.8	0.4	**	7-7-1-1	37.5-34.0	34.4	476(-2)			ジョイエッロ	120.0	202507040308
2020102081	2025-09-06	4阪神1	晴	8.0	3歳以上1勝クラス		9	5.0	5	9.0	5.0	7	太宰啓介	56.0	芝2000		良	**	2:01.5	2.0	**	9-9-9-9	34.7-36.8	36.2	474(-2)			ヴォワラクテ		202509040108
2020102081	2026-01-05	1京都2	晴	12.0	4歳以上1勝クラス		15	7.0	12	117.9	14.0	15	太宰啓介	56.0	芝1600		良	**	1:36.1	1.4	**	15-15	35.6-34.1	34.0	476(+2)			サンタンカ		202608010212
2020102081	2026-01-17	1京都6	晴	8.0	4歳以上1勝クラス		8	1.0	1	119.5	8.0	6	太宰啓介	56.0	ダ1800		良	**	1:55.2	2.4	**	3-3-2-3	36.7-37.0	39.2	482(+6)			ロカヒ		202608010608
2020102095	2022-12-11	6阪神4	晴	4.0	2歳新馬		9	4.0	4	2.7	1.0	1	横山和生	55.0	ダ1800		良	**	1:58.1	-0.1	**	4-3-3-4	39.3-38.3	38.0	496(0)			(ドナスウェット)	700.0	202209060404
2020102095	2024-03-16	1阪神7	晴	7.0	4歳以上1勝クラス		9	1.0	1	5.8	3.0	1	藤岡佑介	58.0	ダ1800		良	**	1:54.5	-0.3	**	2-2-2-2	38.1-37.9	37.7	502(+6)			(クリノグローリー)	800.0	202409010707
2020102095	2024-03-30	2阪神3	晴	12.0	4歳以上2勝クラス		15	1.0	1	2.3	1.0	12	藤岡佑介	58.0	ダ1800		稍	**	1:54.5	2.0	**	15-15-14-12	37.5-37.2	37.7	492(-10)			ハギノロックオン		202409020312
2020102095	2024-05-26	3京都12	晴	9.0	與杼特別(2勝クラス)		11	1.0	1	5.0	2.0	1	富田暁	58.0	ダ1900		良	**	1:59.6	-0.1	**	5-4-5-4	29.5-37.5	37.2	490(-2)			(ツウカイリアル)	1576.6	202408031209
2020102095	2024-06-16	4京都6	晴	10.0	天橋立S(3勝クラス)		16	5.0	10	5.9	2.0	1	富田暁	58.0	ダ1800		良	**	1:53.1	-0.1	**	13-13-2-2	37.0-36.8	36.8	490(0)			(オメガタキシード)	1875.0	202408040610
2020102095	2024-08-10	3新潟1	晴	11.0	BSN賞(L)		15	3.0	5	8.0	5.0	9	富田暁	56.0	ダ1800		良	**	1:52.4	1.4	**	11-10-10-11	35.1-38.5	38.3	492(+2)			ブレイクフォース		202404030111
2020102095	2024-10-20	4東京6	晴	11.0	ブラジルC(L)		13	8.0	13	15.8	6.0	9	富田暁	55.0	ダ2100		良	**	2:11.5	1.0	**	6-6-4-3	30.7-37.9	38.7	490(-2)			グロリアムンディ		202405040611
2020102095	2024-11-03	5東京2	晴	11.0	アルゼンチン共和国杯(GII)		16	4.0	7	206.9	15.0	12	小崎綾也	55.0	芝2500		良	**	2:31.9	2.9	**	4-2-4-4	29.6-36.1	38.7	486(-4)			ハヤヤッコ		202405050211
2020102095	2025-01-26	1中京9	晴	11.0	プロキオンS(GII)		16	8.0	15	241.6	15.0	16	菱田裕二	57.0	ダ1800		良	**	1:53.4	2.8	**	10-8-4-8	37.2-37.3	39.5	486(0)			サンデーファンデー		202507010911
2020102095	2025-05-11	2京都6	曇	11.0	平城京S(OP)		16	3.0	5	39.3	13.0	8	古川吉洋	57.0	ダ1800		稍	**	1:51.1	1.4	**	15-15-2-2	35.9-36.5	37.8	492(+6)			サンライズアリオン		202508020611
2020102095	2025-05-24	2京都9	雨	11.0	平安S(GIII)		16	5.0	10	258.0	16.0	13	古川吉洋	57.0	ダ1900		稍	**	1:58.7	1.5	**	16-16-14-11	30.4-35.4	36.1	486(-6)			アウトレンジ		202508020911
2020102095	2025-07-06	1函館8	晴	11.0	大沼S(L)		10	3.0	3	42.0	9.0	4	古川吉洋	57.0	ダ1700		稍	**	1:44.0	0.7	**	9-9-1-1	29.4-37.3	38.0	484(-2)			ペリエール	360.0	202502010811
2020102095	2025-07-19	1函館11	晴	11.0	マリーンS(OP)		14	5.0	7	24.9	8.0	4	古川吉洋	55.0	ダ1700		良	**	1:44.3	0.5	**	13-11-1-1	29.8-36.9	37.4	484(0)			ピュアキアン	330.0	202502011111
2020102095	2025-11-01	4東京10	晴	11.0	ペルセウスS(OP)		16	3.0	6	32.6	14.0	7	古川吉洋	55.0	ダ1600		重	**	1:34.7	1.8	**	16-15	33.6-35.8	35.7	498(+14)			ジェイパームス		202505041011
2020102095	2026-01-05	1京都2	晴	11.0	万葉S(OP)		9	8.0	8	48.2	9.0	8	古川吉洋	55.0	芝3000		良	**	3:09.7	2.2	**	5-6-6-6	39.6-34.0	35.2	506(+8)			アクアヴァーナル		202608010211
2020102640	2022-06-26	3東京8	晴	5.0	2歳新馬		16	8.0	15	40.9	10.0	3	菊沢一樹	54.0	芝1600		良	**	1:35.9	0.2	**	2-2	35.9-35.2	35.2	440(0)			ミシシッピテソーロ	180.0	202205030805
2020102640	2022-08-07	2新潟4	晴	1.0	2歳未勝利		15	3.0	5	7.0	4.0	1	戸崎圭太	54.0	芝1400		良	**	1:22.1	-0.1	**	1-1	34.6-35.6	35.6	446(+6)			(ネイキッド)	520.0	202204020401
2020102640	2022-11-05	5東京1	晴	11.0	京王杯2歳S(GII)		18	2.0	3	100.7	15.0	16	横山和生	54.0	芝1400		良	**	1:22.8	1.9	**	6-8	34.6-34.5	35.6	460(+14)			オオバンブルマイ		202205050111
2020102640	2022-12-10	6中京3	晴	9.0	つわぶき賞(1勝クラス)		13	7.0	10	248.2	11.0	11	斎藤新	54.0	芝1400		良	**	1:22.0	1.2	**	3-3	34.9-34.3	35.2	462(+2)			ルミノメテオール		202207060309
2020102640	2023-01-08	1中山3	晴	9.0	朱竹賞(1勝クラス)		12	6.0	7	29.1	8.0	12	戸崎圭太	54.0	芝1200		良	**	1:10.6	1.8	**	5-9	34.2-34.6	36.0	458(-4)			ニジュウダンサー		202306010309
2020102640	2023-04-08	2阪神5	晴	6.0	3歳1勝クラス		11	4.0	4	103.8	11.0	7	田口貫太	51.0	芝1200		稍	**	1:09.8	0.8	**	7-8	33.8-35.2	35.2	464(+6)			カンチェンジュンガ		202309020506
2020102640	2023-06-25	3阪神8	曇	8.0	城崎特別(1勝クラス)		10	3.0	3	248.9	10.0	9	加藤祥太	53.0	芝1800		良	**	1:49.1	3.0	**	3-3	35.3-34.5	37.1	452(-12)			ショウナンアレクサ		202309030808
2020102640	2023-07-09	3中京4	曇	9.0	タイランドC(1勝クラス)		18	8.0	16	320.7	18.0	14	加藤祥太	53.0	芝1400		稍	**	1:22.3	2.1	**	10-12	33.3-35.3	36.4	452(0)			スズハローム		202307030409
2020102640	2023-09-24	4阪神7	晴	6.0	3歳以上1勝クラス		16	6.0	11	163.5	15.0	6	松若風馬	54.0	ダ1400		良	**	1:25.7	0.4	**	4-4	35.1-37.6	37.6	456(+4)			シモズル		202309040706
2020102640	2023-10-07	2京都1	晴	7.0	3歳以上1勝クラス		16	5.0	9	14.4	4.0	12	幸英明	54.0	ダ1400		良	**	1:26.7	1.8	**	8-7	34.3-38.2	38.9	460(+4)			カセノミオ		202308020107
2020102640	2024-01-13	1京都4	曇	7.0	4歳以上1勝クラス		15	8.0	15	26.7	8.0	11	松若風馬	55.0	ダ1400		良	**	1:27.6	1.5	**	3-4	35.7-37.8	39.0	472(+12)			ジャミーレ		202408010407
2020102640	2024-01-28	1小倉6	小雨	8.0	4歳以上1勝クラス		14	8.0	14	24.7	8.0	9	河原田菜	52.0	芝1200		良	**	1:09.7	0.7	**	5-7	34.1-34.9	35.2	468(-4)			コナブラック		202410010608
2020102640	2024-02-10	2京都5	曇	8.0	4歳以上1勝クラス		16	2.0	3	155.7	16.0	9	小牧太	56.0	ダ1200		良	**	1:13.7	0.9	**	6-6	35.9-36.9	37.3	466(-2)			ウイスキータイム		202408020508
2020102640	2024-02-18	2京都8	曇	8.0	4歳以上1勝クラス		16	5.0	10	120.0	14.0	8	加藤祥太	56.0	ダ1200		良	**	1:13.2	1.0	**	6-6	35.3-36.9	37.4	466(0)			アロットドリーム		202408020808
2020102640	2024-06-08	1函館1	晴	8.0	3歳以上1勝クラス		11	6.0	7	39.8	9.0	5	高杉吏麒	53.0	ダ1000		良	**	0:59.3	0.7	**	2-2	34.5-35.9	36.5	462(-4)			パルプフィクション	80.0	202402010108
2020102640	2024-06-15	1函館3	晴	8.0	3歳以上1勝クラス		11	1.0	1			除	古川奈穂	52.0	ダ1000		良	**			**		34.6-36.1		468(+6)			ニルアドミラリ		202402010308
2020102640	2024-10-20	4新潟6	晴	8.0	3歳以上1勝クラス		18	8.0	16	7.0	5.0	5	加藤祥太	56.0	芝1000		良	**	0:56.1	0.4	**	2	32.9-33.3	33.6	472(+10)			タガノスペルノヴァ	80.0	202404040608
2020102640	2024-11-09	3福島3	晴	12.0	3歳以上1勝クラス		16	8.0	16	120.5	14.0	8	加藤祥太	56.0	芝1200		良	**	1:11.6	1.8	**	3-4	34.4-35.4	36.9	472(0)			レオテミス		202403030312
2020102640	2025-03-19	園田	曇	11.0	JRA交流藻川特別		8	8.0	8	27.1	7.0	5	加藤祥太	54.0	ダ1400		重	**	1:32.5	1.4	**	1-1-2-3		42.3	482(+10)			ウォーターハウス	20.0	202550031911
2020102640	2025-03-29	2阪神1	晴	7.0	4歳以上1勝クラス		16	6.0	11	112.6	12.0	3	岩田康誠	56.0	ダ1200		稍	**	1:13.3	0.3	**	2-2	34.7-38.3	38.2	472(-10)			フォルテローザ	200.0	202509020107
2020102640	2025-04-13	1福島2	小雨	8.0	4歳以上1勝クラス		16	1.0	1	16.1	8.0	15	三浦皇成	56.0	ダ1150		良	**	1:11.8	2.7	**	4-7	32.0-37.1	39.5	466(-6)			ニシノクラウン		202503010208
2020102640	2025-06-29	2小倉2	晴	8.0	3歳以上1勝クラス		14	6.0	10	110.1	11.0	11	今村聖奈	54.0	ダ1000		良	**	1:00.4	2.5	**	14-14	34.0-35.4	36.7	474(+8)			ディーエスショウマ		202510020208
2020102640	2025-08-16	3中京7	晴	9.0	3歳以上1勝クラス		16	2.0	4	237.2	16.0	15	松山弘平	56.0	ダ1200		良	**	1:14.1	3.2	**	10-10	35.0-35.9	38.0	470(-4)			ヤマニンシュラ		202507030709
2020102640	2025-11-16	4京都4	晴	6.0	3歳以上1勝クラス		16	7.0	14	233.3	14.0	15	戸崎圭太	56.0	ダ1200		良	**	1:14.0	2.6	**	10-12	35.2-36.2	37.6	482(+12)			バッハアルプゼー		202508040406
2020102737	2022-11-26	5阪神7	曇	5.0	2歳新馬		18	4.0	7	22.3	6.0	5	松若風馬	55.0	芝1600		良	**	1:36.1	0.8	**	5-4	36.5-34.3	34.7	470(0)			クファシル	70.0	202209050705
2020102737	2022-12-18	6阪神6	晴	4.0	2歳未勝利		15	5.0	8	46.7	7.0	12	松山弘平	55.0	芝1800		良	**	1:50.2	2.7	**	2-2	35.0-35.8	38.4	470(0)			ショウナンバシット		202209060604
2020102737	2023-01-08	1中京3	晴	2.0	3歳未勝利		16	6.0	11	23.1	9.0	1	鮫島克駿	56.0	ダ1400		良	**	1:26.2	-0.6	**	9-5	35.3-37.9	37.1	472(+2)			(スリーアイランド)	550.0	202307010302
2020102737	2023-03-12	1阪神10	晴	5.0	3歳1勝クラス		16	4.0	8	9.2	3.0	9	鮫島克駿	56.0	ダ1400		良	**	1:26.8	1.3	**	14-13	34.5-38.4	38.3	468(-4)			モックモック		202309011005
2020102737	2023-04-02	3中山4	曇	6.0	3歳1勝クラス		16	1.0	2	23.2	7.0	5	角田大和	55.0	ダ1800		良	**	1:54.5	1.0	**	9-9-10-7	37.8-38.1	38.1	468(0)			シェットランド	78.0	202306030406
2020102737	2023-04-23	1京都2	晴	6.0	3歳1勝クラス		9	6.0	6	19.5	4.0	2	松若風馬	56.0	ダ1800		良	**	1:53.3	1.0	**	7-6-8-6	37.5-37.9	37.9	466(-2)			ヤマニンウルス	310.0	202308010206
2020102737	2023-05-14	1京都8	小雨	5.0	3歳1勝クラス		14	3.0	4	4.7	2.0	2	松若風馬	56.0	ダ1800		重	**	1:54.3	0.6	**	2-2-3-2	36.6-38.7	39.1	470(+4)			テーオーリカード	310.0	202308010805
2020102737	2023-06-10	1函館1	晴	12.0	3歳以上1勝クラス		12	6.0	8	2.5	1.0	2	浜中俊	55.0	ダ1700		重	**	1:44.0	0.2	**	5-6-7-6	29.3-37.7	37.5	472(+2)			ディサイド	320.0	202302010112
2020102737	2023-06-24	1函館5	曇	8.0	3歳以上1勝クラス		13	1.0	1	4.2	2.0	1	藤岡佑介	55.0	ダ1700		重	**	1:44.0	-0.1	**	4-5-6-5	28.7-37.6	37.1	480(+8)			(ベイビールビオ)	800.0	202302010508
2020102737	2023-11-18	3京都5	晴	9.0	蹴上特別(2勝クラス)		16	6.0	11	8.8	5.0	5	Ｍ．デム	56.0	ダ1800		重	**	1:52.7	0.4	**	3-3-4-4	35.7-37.8	37.8	474(-6)			メイショウモズ	155.0	202308030509
2020102737	2023-12-09	5阪神3	曇	10.0	赤穂特別(2勝クラス)		15	2.0	2	16.4	6.0	6	Ｍ．デム	57.0	ダ1800		良	**	1:54.3	0.5	**	4-3-4-4	37.3-38.6	38.8	474(0)			サンライズジャスト		202309050310
2020102737	2024-01-08	1京都3	晴	9.0	蹴上特別(2勝クラス)		15	1.0	1	9.8	4.0	5	松山弘平	57.0	ダ1800		良	**	1:52.9	0.7	**	7-7-4-4	36.1-39.0	39.1	478(+4)			サンデーファンデー	155.0	202408010309
2020102737	2024-03-24	1中京6	小雨	10.0	ロードカナロアC(2勝クラス)		16	2.0	3	4.1	1.0	3	松山弘平	58.0	ダ1800		重	**	1:50.6	0.2	**	8-8-11-8	36.7-36.6	35.8	472(-6)			サンテックス	395.6	202407010610
2020102737	2024-04-13	2阪神7	晴	12.0	4歳以上2勝クラス		10	8.0	9	3.1	1.0	1	松若風馬	58.0	ダ1800		良	**	1:52.7	-0.1	**	6-6-5-4	37.0-38.7	38.3	468(-4)			(ヒデノレインボー)	1140.0	202409020712
2020102737	2024-05-11	3京都7	晴	10.0	上賀茂S(3勝クラス)		16	1.0	1	34.0	9.0	3	松若風馬	58.0	ダ1800		良	**	1:52.3	0.7	**	5-5-4-2	35.5-37.8	38.1	476(+8)			レガーメペスカ	464.9	202408030710
2020102737	2024-06-09	3東京4	曇	10.0	夏至S(3勝クラス)		16	6.0	12	34.1	7.0	7	三浦皇成	58.0	ダ1600		良	**	1:36.8	0.7	**	4-5	35.5-36.0	36.3	470(-6)			サンテックス		202405030410
2020102737	2024-09-29	3中京9	曇	10.0	白川郷S(3勝クラス)		15	6.0	11	21.9	8.0	11	和田竜二	58.0	ダ1800		稍	**	1:53.3	1.5	**	6-7-8-9	37.5-36.7	37.5	468(-2)			ディープリボーン		202407030910
2020102737	2024-10-13	5京都4	晴	10.0	アカイトリノムスメC(3勝クラス)		13	4.0	4	23.3	10.0	7	鮫島克駿	55.0	ダ1800		良	**	1:53.0	0.8	**	11-11-11-12	37.0-36.8	36.6	468(0)			ダンテバローズ		202408050410
2020102737	2024-10-26	5京都7	曇	10.0	ハロウィンS(3勝クラス)		9	1.0	1	13.5	6.0	4	鮫島克駿	58.0	ダ1900		良	**	1:59.3	2.1	**	5-5-5-2	30.1-37.2	38.7	478(+10)			シゲルショウグン	280.0	202408050710
2020102737	2025-01-13	1中京5	晴	10.0	雅S(3勝クラス)		15	3.0	5	36.8	9.0	3	鮫島克駿	55.0	ダ1800		良	**	1:52.7	0.6	**	2-2-2-2	37.5-37.3	37.8	480(+2)			スナークラファエロ	464.8	202507010510
2020102737	2025-02-08	1小倉5	曇	11.0	豊前S(3勝クラス)		15	4.0	7	8.9	5.0	1	松若風馬	55.0	ダ1700		稍	**	1:43.3	-0.2	**	6-6-4-2	29.2-37.2	37.0	482(+2)			(ゴッドブルービー)	1871.5	202510010511
2020102737	2025-04-12	1福島1	晴	11.0	吾妻小富士S(OP)		15	5.0	9	13.1	7.0	3	松若風馬	55.0	ダ1700		良	**	1:45.6	0.9	**	7-7-6-6	29.2-38.0	38.3	482(0)			ダンテバローズ	554.5	202503010111
2020102737	2025-05-11	2京都6	曇	11.0	平城京S(OP)		16	2.0	3	24.9	9.0	7	松若風馬	57.0	ダ1800		稍	**	1:50.9	1.2	**	8-8-9-9	35.9-36.5	36.9	480(-2)			サンライズアリオン		202508020611
2020102737	2025-07-06	1函館8	晴	11.0	大沼S(L)		10	7.0	8	23.7	7.0	8	鮫島克駿	57.0	ダ1700		稍	**	1:45.0	1.7	**	3-3-6-8	29.4-37.3	38.3	472(-8)			ペリエール		202502010811
2020102737	2025-07-19	1函館11	晴	11.0	マリーンS(OP)		14	6.0	10	49.8	12.0	7	鮫島克駿	55.0	ダ1700		良	**	1:44.7	0.9	**	9-9-9-7	29.8-36.9	36.9	472(0)			ピュアキアン		202502011111
2020102737	2025-10-26	3京都9	曇	10.0	カノープスS(OP)		14	6.0	10	74.2	13.0	4	松若風馬	55.0	ダ1800		重	**	1:49.2	0.6	**	8-8-8-8	35.6-36.7	36.8	478(+6)			シゲルショウグン	330.0	202508030910
2020102737	2025-11-16	3福島4	晴	11.0	福島民友C(L)		15	7.0	13	19.3	11.0	12	松若風馬	57.0	ダ1700		良	**	1:46.4	1.1	**	11-13-12-15	29.8-38.0	38.3	476(-2)			ポッドロゴ		202503030411
2020102861	2022-12-11	5中山4	晴	5.0	2歳新馬		16	2.0	4	21.3	7.0	1	永野猛蔵	54.0	芝1800		良	**	1:51.1	-0.2	**	1-1-1-1	37.5-35.6	35.6	428(0)			(ラファドゥラ)	700.0	202206050405
2020102861	2023-02-26	2中山2	晴	7.0	3歳1勝クラス		12	7.0	10	4.2	2.0	4	永野猛蔵	55.0	芝1600		良	**	1:34.7	0.7	**	1-1-2	35.9-34.7	35.4	426(-2)			エエヤン	120.0	202306020207
2020102861	2023-04-29	2東京3	晴	6.0	3歳1勝クラス		13	7.0	11	56.0	10.0	10	松山弘平	56.0	芝1600		良	**	1:33.3	1.0	**	7-7	34.0-34.5	34.9	416(-10)			ニシノライコウ		202305020306
2020102861	2023-07-29	2新潟1	晴	9.0	出雲崎特別(1勝クラス)		17	6.0	12	112.7	13.0	13	永野猛蔵	55.0	芝1800		良	**	1:46.5	1.1	**	14-14	34.7-34.3	34.3	410(-6)			トーホウガレオン		202304020109
2020102861	2023-10-09	4東京3	雨	8.0	3歳以上1勝クラス		16	5.0	9	57.2	10.0	9	佐々木大	55.0	芝1400		重	**	1:21.9	0.5	**	6-6	34.7-35.1	35.0	418(+8)			エリーズダイヤ		202305040308
2020102861	2023-12-02	4中京1	晴	6.0	3歳以上1勝クラス		16	7.0	14	53.2	12.0	3	佐々木大	56.0	芝1600		良	**	1:33.7	0.5	**	8-8-8	34.7-35.8	34.4	426(+8)			フェイト	200.0	202307040106
2020102861	2024-02-18	1東京8	晴	6.0	4歳以上1勝クラス		16	1.0	1	19.2	7.0	2	原優介	56.0	芝1800		良	**	1:46.3	0.1	**	6-7-6	35.1-35.5	35.0	432(+6)			ロードプレイヤー	320.0	202405010806
2020102861	2024-04-28	1新潟2	晴	8.0	4歳以上1勝クラス		9	8.0	9	2.3	1.0	6	小林勝太	55.0	芝1800		良	**	1:49.5	0.3	**	7-8	37.1-34.6	34.2	428(-4)			マンデヴィラ		202404010208
2020102861	2024-05-11	1新潟5	晴	7.0	4歳以上1勝クラス		8	5.0	5	1.8	1.0	1	佐々木大	57.0	芝1800		良	**	1:47.5	-0.2	**	6-6	35.5-36.2	35.4	426(-2)			(ルーチェロッサ)	800.0	202404010507
2020102861	2024-10-19	4新潟5	雨	10.0	村上特別(2勝クラス)		14	2.0	2	22.4	8.0	13	佐々木大	58.0	芝2000		稍	**	2:04.5	2.3	**	7-8	36.2-35.9	37.4	434(+8)			ショーマンフリート		202404040510
2020102861	2024-12-08	5中山4	晴	12.0	3歳以上2勝クラス		16	2.0	4	67.4	12.0	2	石川裕紀	58.0	芝1600		良	**	1:33.9	0.2	**	7-5-6	33.9-36.3	35.7	434(0)			マルチャン	460.0	202406050412
2020102861	2025-01-25	1中山8	曇	9.0	東雲賞(2勝クラス)		10	5.0	5	24.4	6.0	9	石川裕紀	58.0	芝1600		良	**	1:35.7	0.6	**	8-8-8	36.7-34.4	34.3	440(+6)			ユキノロイヤル		202506010809
2020102861	2025-03-23	2中山8	晴	9.0	鎌ケ谷特別(2勝クラス)		11	8.0	11	37.9	6.0	10	原優介	58.0	芝1600		良	**	1:35.3	2.2	**	6-6-8	34.4-35.3	37.1	434(-6)			ダイシンヤマト		202506020809
2020102861	2025-05-18	2東京8	曇	9.0	テレ玉杯(2勝クラス)		9	4.0	4	62.4	7.0	5	石川裕紀	58.0	芝1600		良	**	1:34.1	0.6	**	3-3	36.0-33.7	34.0	428(-6)			ボーモンド	155.0	202505020809
2020102861	2025-06-07	3東京1	晴	10.0	由比ヶ浜特別(2勝クラス)		15	8.0	14	95.1	14.0	6	石川裕紀	55.0	芝1400		良	**	1:21.5	0.5	**	13-11	35.0-34.1	33.3	424(-4)			アームテイル		202505030110
2020102861	2025-08-23	3新潟1	晴	10.0	飯豊特別(2勝クラス)		17	6.0	11	32.2	11.0	1	石川裕紀	58.0	芝1400		良	**	1:20.5	-0.1	**	9-7	34.2-34.9	34.1	424(0)			(サクセスカラー)	1588.5	202504030110
2020102861	2025-11-15	5東京3	晴	10.0	奥多摩S(3勝クラス)		18	6.0	11	105.5	15.0	11	佐々木大	58.0	芝1400		良	**	1:21.4	0.9	**	12-11	35.0-33.9	33.7	432(+8)			マイネルチケット		202505050310
2020102904	2022-12-24	5中山7	晴	6.0	2歳新馬		16	1.0	1	6.5	3.0	1	戸崎圭太	55.0	ダ1800		稍	**	1:56.8	-0.5	**	4-4-3-4	37.3-39.9	39.6	494(0)			(トゥービートライン)	700.0	202206050706
2020102904	2023-02-25	2中山1	曇	7.0	3歳1勝クラス		12	6.0	7	6.6	4.0	1	戸崎圭太	56.0	ダ1800		良	**	1:53.2	0.0	**	7-7-5-5	37.6-38.2	37.7	494(0)			(プレミアペガサス)	780.0	202306020107
2020102904	2023-08-06	2新潟4	晴	11.0	レパードS(GIII)		15	4.0	6	5.4	3.0	2	戸崎圭太	56.0	ダ1800		良	**	1:50.8	0.0	**	4-3-4-4	35.7-37.6	37.1	494(0)			ライオットガール	1615.4	202304020411
2020102904	2023-10-09	4東京3	小雨	11.0	グリーンチャンネルC(L)		16	5.0	9	4.8	2.0	1	戸崎圭太	55.0	ダ1600		不	**	1:34.3	-0.6	**	3-2	34.6-35.4	35.2	494(0)			(ベルダーイメル)	2434.3	202305040311
2020102904	2024-01-21	1京都7	曇	11.0	東海テレビ杯東海S(GII)		16	5.0	10	2.0	1.0	2	戸崎圭太	56.0	ダ1800		重	**	1:49.4	0.2	**	2-3-2-2	36.5-36.0	36.1	494(0)			ウィリアムバローズ	2232.0	202408010711
2020102904	2024-02-18	1東京8	晴	11.0	フェブラリーS(GI)		16	3.0	5	3.2	1.0	14	ルメール	58.0	ダ1600		良	**	1:38.0	2.3	**	6-6	33.9-37.8	39.5	496(+2)			ペプチドナイル		202405010811
2020102904	2024-04-20	2東京1	晴	11.0	オアシスS(L)		15	3.0	6	2.5	1.0	3	坂井瑠星	59.0	ダ1600		良	**	1:36.9	0.2	**	7-8	34.6-36.7	36.3	494(-2)			ユティタム	605.1	202405020111
2020102904	2024-06-09	4京都4	曇	11.0	三宮S(OP)		16	1.0	1	1.8	1.0	1	松山弘平	58.0	ダ1800		稍	**	1:50.8	-1.2	**	5-5-3-3	35.2-38.5	37.8	496(+2)			(ラインオブソウル)	2235.0	202408040411
2020102904	2024-09-28	3中京8	曇	11.0	シリウスS(GIII)		15	2.0	2	2.8	1.0	2	松山弘平	59.0	ダ1900		良	**	1:57.3	0.2	**	3-2-2-2	29.4-37.0	36.9	496(0)			ハギノアレグリアス	1515.4	202407030811
2020102904	2024-11-03	6京都2	晴	11.0	みやこS(GIII)		15	5.0	8	2.6	1.0	10	藤岡佑介	57.0	ダ1800		重	**	1:51.9	2.2	**	9-9-6-6	36.0-37.5	39.1	494(-2)			サンライズジパング		202408060211
2020102904	2025-01-26	1中京9	晴	11.0	プロキオンS(GII)		16	5.0	10	4.0	2.0	7	松山弘平	57.0	ダ1800		良	**	1:51.2	0.6	**	2-2-2-2	37.2-37.3	37.7	494(0)			サンデーファンデー		202507010911
2020102904	2025-04-19	2阪神7	晴	11.0	アンタレスS(GIII)		12	4.0	4	10.2	4.0	6	戸崎圭太	57.0	ダ1800		良	**	1:52.2	0.9	**	5-5-5-4	35.6-37.9	38.4	504(+10)			ミッキーファイト		202509020711
2020102904	2025-07-27	3中京2	晴	7.0	東海S(GIII)		16	2.0	3	10.5	5.0	4	岩田康誠	57.0	ダ1400		良	**	1:23.2	1.0	**	11-10	34.6-35.9	35.6	504(0)			ヤマニンウルス	570.0	202507030207
2020102904	2025-10-04	4東京1	曇	11.0	グリーンチャンネルC(L)		16	4.0	7	8.4	4.0	1	岩田康誠	60.0	ダ1600		良	**	1:35.5	-0.7	**	8-9	34.8-36.3	35.4	496(-8)			(マテンロウコマンド)	2434.3	202505040111
2020102904	2025-11-15	5東京3	晴	11.0	武蔵野S(GIII)		16	6.0	11	3.8	2.0	7	岩田康誠	57.0	ダ1600		良	**	1:36.1	0.9	**	11-11	35.3-35.5	35.3	494(-2)			ルクソールカフェ		202505050311
2020102926	2022-10-23	4東京7	晴	4.0	2歳新馬		17	6.0	12	3.7	2.0	1	津村明秀	54.0	芝1400		良	**	1:24.8	0.0	**	4-4	37.1-34.4	34.1	426(0)			(コンスピキュアス)	700.0	202205040704
2020102926	2022-12-17	5中山5	曇	9.0	ひいらぎ賞(1勝クラス)		13	2.0	2	12.2	5.0	8	津村明秀	54.0	芝1600		良	**	1:35.9	1.2	**	6-7-8	35.5-35.0	35.4	428(+2)			ジョウショーホープ		202206050509
2020102926	2023-03-18	2中山7	雨	6.0	3歳1勝クラス		12	4.0	4	13.5	5.0	3	横山武史	54.0	芝1600		重	**	1:36.8	0.1	**	2-3-1	35.7-36.8	36.8	436(+8)			ロードディフィート	200.0	202306020706
2020102926	2023-05-06	2東京5	晴	7.0	3歳1勝クラス		16	8.0	15	6.5	3.0	8	横山武史	54.0	芝1400		良	**	1:21.2	0.6	**	8-11	34.4-34.9	34.4	436(0)			リサリサ		202305020507
2020102926	2023-06-24	3東京7	曇	12.0	3歳以上1勝クラス		16	7.0	14	7.9	5.0	5	津村明秀	53.0	芝1600		良	**	1:33.2	0.3	**	9-9	34.0-35.1	34.8	430(-6)			キタノブライド	80.0	202305030712
2020102926	2023-08-19	3新潟3	晴	12.0	3歳以上1勝クラス		14	7.0	12	5.2	3.0	8	菅原明良	53.0	芝1800		良	**	1:46.6	0.4	**	6-5	35.5-34.3	34.4	434(+4)			メインクーン		202304030312
2020102926	2024-01-14	1中山5	晴	12.0	4歳以上1勝クラス		16	6.0	11	23.9	9.0	12	津村明秀	55.0	芝1600		良	**	1:36.0	1.4	**	7-12-12	36.0-34.7	35.1	444(+10)			ロゼル		202406010512
2020102926	2024-03-23	1中京5	雨	7.0	4歳以上1勝クラス		14	8.0	13	8.2	4.0	5	吉田隼人	56.0	芝1600		重	**	1:36.9	0.3	**	6-3-3	36.2-36.2	35.9	444(0)			ビターグラッセ	80.0	202407010507
2020102926	2024-05-05	2東京6	晴	7.0	4歳以上1勝クラス		15	3.0	4	14.4	5.0	7	鮫島克駿	56.0	芝1400		良	**	1:21.5	1.0	**	11-12	34.5-34.8	34.0	452(+8)			レッドシュヴェルト		202405020607
2020102926	2025-04-12	1福島1	曇	9.0	浄土平特別(1勝クラス)		14	4.0	7	76.8	12.0	2	小沢大仁	56.0	芝1800		良	**	1:47.3	0.4	**	2-2-2-2	35.6-35.3	35.6	456(+4)			バレルターン	451.2	202503010109
2020102926	2025-05-03	1新潟1	晴	8.0	4歳以上1勝クラス		11	4.0	5	4.0	2.0	3	小沢大仁	56.0	芝1600		良	**	1:34.5	0.8	**	3-3	34.7-34.9	35.4	454(-2)			ドーンコーラス	200.0	202504010108
2020102926	2025-07-13	2福島6	晴	9.0	織姫賞(1勝クラス)		13	7.0	11	11.4	4.0	2	田辺裕信	56.0	芝1800		良	**	1:48.7	0.0	**	3-3-3-2	35.6-36.1	35.9	458(+4)			ミラーダカリエンテ	449.8	202503020609
2020102926	2025-08-16	2新潟7	晴	6.0	中郷特別(1勝クラス)		11	4.0	4	15.8	4.0	3	田辺裕信	56.0	芝1800		良	**	1:46.1	1.3	**	1-1	34.8-33.5	34.8	446(-12)			エストゥペンダ	284.1	202504020706
2020102926	2025-12-14	5中京4	晴	12.0	3歳以上1勝クラス		16	1.0	1	4.3	2.0	9	松本大輝	55.0	芝1600		稍	**	1:36.1	0.5	**	10-7-9	36.1-34.9	34.5	456(+10)			ウインベアトリス		202507050412
2020103295	2022-06-19	3阪神2	晴	5.0	2歳新馬		14	5.0	8	5.2	3.0	3	北村友一	54.0	ダ1200		良	**	1:14.7	0.8	**	13-12	36.1-37.8	36.6	494(0)			ナイトキャッスル	180.0	202209030205
2020103295	2022-09-19	5中京5	曇	2.0	2歳未勝利		10	8.0	9	1.4	1.0	1	坂井瑠星	54.0	ダ1400		稍	**	1:26.5	-0.4	**	6-6	35.5-38.4	37.9	506(+12)			(ミルトプライム)	520.0	202207050502
2020103295	2022-11-12	5東京3	晴	9.0	オキザリス賞(1勝クラス)		16	8.0	15	10.9	4.0	14	ムーア	55.0	ダ1400		良	**	1:27.3	2.2	**	12-13	34.9-38.1	38.6	502(-4)			ペリエール		202205050309
2020103295	2023-01-22	1中京8	晴	4.0	3歳1勝クラス		8	4.0	4	19.8	8.0	1	イーガン	56.0	ダ1800		良	**	1:55.4	-0.1	**	2-1-1-1	37.9-38.2	38.2	516(+14)			(タマモロック)	780.0	202307010804
2020103295	2023-02-19	1東京8	晴	9.0	ヒヤシンスS(L)		14	7.0	12	46.1	9.0	3	坂井瑠星	56.0	ダ1600		良	**	1:38.0	0.8	**	1-1	34.9-37.2	38.0	504(-12)			ペリエール	484.7	202305010809
2020103295	2023-05-21	1京都10	晴	10.0	鳳雛S(L)		11	7.0	8	6.8	4.0	1	北村友一	56.0	ダ1800		良	**	1:53.6	-0.2	**	1-1-1-1	37.2-37.1	37.1	506(+2)			(ゼットリアン)	1923.1	202308011010
2020103295	2023-08-06	2新潟4	晴	11.0	レパードS(GIII)		15	7.0	13	4.8	2.0	4	北村友一	56.0	ダ1800		良	**	1:51.8	1.0	**	3-3-3-3	35.7-37.6	38.2	508(+2)			ライオットガール	600.0	202304020411
2020103295	2023-10-22	4東京7	晴	11.0	ブラジルC(L)		16	6.0	11	9.1	5.0	10	北村友一	55.0	ダ2100		良	**	2:11.8	1.9	**	8-7-7-8	31.1-37.5	38.2	502(-6)			テンカハル		202305040711
2020103295	2023-12-28	5阪神9	晴	11.0	ベテルギウスS(L)		15	5.0	8	19.9	6.0	11	北村友一	56.0	ダ1800		良	**	1:53.4	1.3	**	2-1-1-2	37.1-37.2	38.5	512(+10)			ペプチドナイル		202309050911
2020103295	2024-01-28	1東京2	曇	11.0	根岸S(GIII)		16	5.0	9	168.9	12.0	15	横山武史	56.0	ダ1400		良	**	1:26.2	2.1	**	11-12	35.8-35.8	36.5	502(-10)			エンペラーワケア		202405010211
2020103295	2024-06-09	4京都4	曇	11.0	三宮S(OP)		16	4.0	7	55.7	10.0	14	小沢大仁	56.0	ダ1800		稍	**	1:54.9	4.1	**	9-11-15-15	35.2-38.5	40.4	518(+16)			オメガギネス		202408040411
2020103295	2024-07-13	2福島5	晴	11.0	安達太良S(OP)		13	2.0	2	82.6	10.0	12	原優介	57.0	ダ1150		稍	**	1:08.7	2.2	**	13-13	30.9-35.6	35.3	516(-2)			マニバドラ		202403020511
2020103295	2024-12-01	7京都2	晴	11.0	ギャラクシーS(OP)		15	6.0	11	168.8	13.0	11	小沢大仁	55.0	ダ1400		良	**	1:26.7	2.7	**	12-12	34.9-37.0	38.1	524(+8)			アルファマム		202408070211
2020103295	2025-05-24	2東京9	曇	11.0	欅S(OP)		16	5.0	9	272.4	14.0	16	原優介	57.0	ダ1400		良	**	1:26.8	3.6	**	14-14	35.0-35.9	37.7	500(-24)			ビダーヤ		202505020911
2020103295	2025-09-07	4中山2	晴	1.0	障害3歳以上未勝利		13	3.0	3	9.7	4.0	6	小牧加矢	60.0	障2880		良		3:21.0	1.8		10-11-9-7	108.0-0.0	14.0	518(+18)			ウィズユアドリーム		202506040201
2020103534	2022-06-26	3東京8	晴	5.0	2歳新馬		16	3.0	6	5.1	2.0	7	岩田望来	54.0	芝1600		良	**	1:36.6	0.9	**	5-5	35.9-35.2	35.5	482(0)			ミシシッピテソーロ		202205030805
2020103534	2022-09-18	4中山4	曇	2.0	2歳未勝利		14	8.0	14	7.3	4.0	3	菅原明良	54.0	芝2000		良	**	2:02.7	0.2	**	10-10-10-9	36.0-35.9	35.1	478(-4)			ウインエタンセル	130.0	202206040402
2020103534	2022-10-01	4中山8	晴	4.0	2歳未勝利		17	6.0	12	4.5	2.0	2	菅原明良	55.0	芝2000		良	**	2:02.7	0.1	**	8-8-6-5	36.1-36.8	35.8	474(-4)			ビターグラッセ	210.0	202206040804
2020103534	2022-12-11	5中山4	晴	6.0	2歳未勝利		15	7.0	13	2.3	1.0	2	マーカン	55.0	芝2000		良	**	2:02.7	0.5	**	7-9-8-6	36.8-35.7	35.5	478(+4)			ハウゼ	210.0	202206050406
2020103534	2023-01-08	1中山3	晴	5.0	3歳未勝利		17	4.0	8	3.1	1.0	6	バシュロ	56.0	芝2200		良	**	2:16.5	1.2	**	1-1-1-1	36.1-36.3	37.5	478(0)			ロゼル		202306010305
2020103534	2023-03-18	2中山7	小雨	5.0	3歳未勝利		18	1.0	2	1.9	1.0	12	ルメール	56.0	芝2200		重	**	2:20.6	2.0	**	2-5-4-5	36.5-38.3	39.9	478(0)			セイウンパシュート		202306020705
2020103534	2023-05-07	2東京6	曇	4.0	3歳未勝利		18	3.0	5	4.8	2.0	2	レーン	56.0	芝1800		良	**	1:47.6	0.1	**	5-8-6	36.1-34.1	33.7	470(-8)			ウインアチーヴ	220.0	202305020604
2020103534	2023-05-28	2東京12	晴	4.0	3歳未勝利		18	8.0	16	3.3	2.0	1	レーン	56.0	芝1600		良	**	1:32.8	-0.1	**	4-4	34.9-34.0	33.6	476(+6)			(コントラポスト)	550.0	202305021204
2020103534	2023-08-13	3新潟2	晴	12.0	3歳以上1勝クラス		18	7.0	14	3.4	2.0	5	ルメール	55.0	芝1400		良	**	1:21.6	0.4	**	4-6	34.3-35.2	35.3	480(+4)			オメガキャプテン	80.0	202304030212
2020103534	2023-10-14	4東京4	晴	8.0	3歳以上1勝クラス		18	4.0	7	3.6	1.0	3	津村明秀	56.0	芝1600		良	**	1:33.7	0.2	**	3-5	35.2-34.6	34.3	480(0)			コスモスプモーニ	200.0	202305040408
2020103534	2023-10-29	4東京9	晴	6.0	3歳以上1勝クラス		14	2.0	2	5.2	3.0	3	モレイラ	56.0	芝1600		良	**	1:33.8	0.2	**	4-4	35.4-34.1	33.7	480(0)			マルディランダ	200.0	202305040906
2020103534	2024-01-14	1中山5	晴	12.0	4歳以上1勝クラス		16	2.0	3	3.1	1.0	4	ルメール	57.0	芝1600		良	**	1:35.0	0.4	**	7-6-5	36.0-34.7	34.4	486(+6)			ロゼル	120.0	202406010512
2020103534	2024-02-03	1東京3	晴	8.0	4歳以上1勝クラス		16	1.0	2	3.6	2.0	15	ルメール	58.0	ダ1600		良	**	1:40.6	2.1	**	8-7	36.0-37.6	38.9	484(-2)			エリンアキレウス		202405010308
2020103534	2024-04-21	2東京2	曇	8.0	4歳以上1勝クラス		10	8.0	9	4.2	2.0	1	津村明秀	58.0	芝1600		良	**	1:32.9	0.0	**	2-2	34.6-35.0	34.6	478(-6)			(ハワイアンタイム)	800.0	202405020208
2020103534	2024-08-10	3新潟1	晴	10.0	新発田城特別(2勝クラス)		14	7.0	12	29.6	7.0	11	石川裕紀	55.0	芝1400		良	**	1:20.9	0.6	**	8-7	33.5-35.0	34.7	488(+10)			サクセスアイ		202404030110
2020103534	2024-11-09	5東京3	晴	12.0	3歳以上2勝クラス		12	2.0	2	27.7	7.0	10	津村明秀	58.0	芝1600		良	**	1:35.2	0.4	**	4-3	36.6-33.6	33.6	480(-8)			セフィロ		202405050312
2020103534	2024-11-23	5東京7	晴	12.0	3歳以上2勝クラス		14	5.0	8	59.1	8.0	14	ドイル	58.0	芝1600		良	**	1:34.6	0.9	**	12-13	35.4-34.5	33.9	474(-6)			ミラビリスマジック		202405050712
2020103534	2025-03-09	2中山4	晴	12.0	4歳以上2勝クラス		15	8.0	15	113.6	12.0	10	杉原誠人	58.0	ダ1800		重	**	1:54.6	1.2	**	15-15-14-14	36.6-38.8	38.6	488(+14)			ブレスワード		202506020412
2020103534	2025-07-12	2福島5	曇	8.0	3歳以上2勝クラス		15	7.0	13	122.2	12.0	14	遠藤汰月	55.0	ダ1700		良	**	1:50.1	4.0	**	12-13-10-12	29.9-37.9	40.9	472(-16)			スペイドアン		202503020508
2020103534	2025-10-05	4東京2	曇	9.0	tvk賞(2勝クラス)		17	8.0	16	244.3	16.0	1	嶋田純次	58.0	芝1400		良	**	1:19.8	-0.2	**	8-10	33.9-34.3	33.5	476(+4)			(メイケイバートン)	1592.7	202505040209
2020103534	2025-11-15	5東京3	晴	10.0	奥多摩S(3勝クラス)		18	8.0	17	35.8	10.0	4	津村明秀	58.0	芝1400		良	**	1:21.0	0.5	**	9-9	35.0-33.9	33.6	474(-2)			マイネルチケット	280.0	202505050310
2020103616	2022-07-17	2福島6	曇	5.0	2歳新馬		14	8.0	14	3.1	1.0	5	津村明秀	54.0	芝1800		良	**	1:52.2	1.0	**	3-3-2-3	36.7-36.5	37.4	518(0)			マスキュリン	70.0	
2020103616	2023-01-22	1中山8	曇	2.0	3歳未勝利		15	7.0	12	3.4	1.0	1	坂井瑠星	54.0	ダ1800		良	**	1:55.3	-1.1	**	2-2-2-2	37.6-38.9	38.9	526(+8)			(エンジェルラウンド)	550.0	202203020605
2020103616	2023-03-12	2中山6	晴	6.0	3歳1勝クラス		16	6.0	11	2.4	1.0	1	ルメール	54.0	ダ1800		良	**	1:53.2	0.0	**	4-4-4-4	36.6-38.9	38.5	524(-2)			(ヴァナルガンド)	780.0	202306010802
2020103616	2023-06-14	川崎	曇	11.0	関東オークス【指定交(JpnII)		13	8.0	13	2.9	2.0	7	Ｃ．ルメ	54.0	ダ2100		稍	**	2:21.9	1.5	**	1-1-1-2	30.9-41.1	42.6	530(+6)			パライバトルマリン		202306020606
2020103616	2023-10-01	4中山9	曇	9.0	3歳以上2勝クラス		16	4.0	7	3.9	3.0	5	西村淳也	53.0	ダ1800		良	**	1:54.4	0.5	**	3-3-3-2	37.8-37.6	37.9	534(+4)			カランセ	114.0	202345061411
2020103616	2023-12-09	5阪神3	曇	10.0	赤穂特別(2勝クラス)		15	4.0	7	23.6	7.0	4	藤岡佑介	55.0	ダ1800		良	**	1:54.2	0.4	**	2-3-2-2	37.3-38.6	38.8	526(-8)			サンライズジャスト	230.0	202306040909
2020103616	2024-01-20	1中山6	小雨	9.0	初茜賞(2勝クラス)		16	6.0	12	3.2	1.0	2	ルメール	55.0	ダ1800		良	**	1:53.5	0.0	**	2-2-2-2	37.4-39.2	39.2	530(+4)			メイショウコバト	629.8	202309050310
2020103616	2024-04-07	2阪神6	晴	8.0	宝塚市制70周年記念(2勝クラス)		11	8.0	10	6.2	5.0	7	モレイラ	56.0	ダ1800		良	**	1:53.1	1.1	**	3-2-3-3	36.8-37.3	38.1	532(+2)			ハギノサステナブル		202406010609
2020103616	2024-06-01	3東京1	晴	8.0	3歳以上2勝クラス		16	8.0	15	3.0	2.0	1	ルメール	56.0	ダ1600		重	**	1:35.8	-0.4	**	3-3	35.1-36.2	36.0	540(+8)			(ルナビス)	1140.0	202409020608
2020103616	2024-10-06	4新潟2	晴	11.0	トルマリンS(3勝クラス)		13	7.0	10	6.2	2.0	3	丸山元気	56.0	ダ1800		良	**	1:52.2	0.4	**	2-2-2-2	36.2-37.7	38.0	538(-2)			ピースオブザライフ	464.1	202405030108
2020103616	2024-11-03	5東京2	晴	10.0	錦秋S(3勝クラス)		11	2.0	2	18.9	6.0	6	池添謙一	56.0	ダ1600		重	**	1:37.1	0.7	**	3-3	36.5-34.9	35.4	552(+14)			ウェイワードアクト		202404040211
2020103616	2024-12-30	大井	晴	10.0	東京シンデレラマイル(重賞)		15	2.0	3	2.7	1.0	1	吉原寛人	55.0	ダ1600		良	**	1:40.4	-1.1	**	2-2-1-1	36.9-38.5	38.5	550(-2)			(マーブルマカロン)	1500.0	202405050210
2020103616	2025-02-11	船橋	晴	11.0	クイーン賞(JpnIII)		7	5.0	5	13.0	4.0	5	吉原寛人	53.0	ダ1800		良	**	1:52.9	0.5	**	3-3-3-3	37.3-37.6	37.6	544(-6)			オーサムリザルト	150.0	202444123010
2020103616	2025-04-23	浦和	雨	11.0	しらさぎ賞[地方交流(重賞)		10	6.0	6	1.2	1.0	1	吉原寛人	57.0	ダ1400		稍	**	1:24.9	-1.1	**	1-1-1-1	34.9-37.4	37.4	543(-1)			(ツーシャドー)	1200.0	202543021111
2020103616	2025-07-09	川崎	晴	11.0	スパーキングレディー(JpnIII)		10	7.0	7	3.9	2.0	1	吉原寛人	55.0	ダ1600		良	**	1:41.4	-0.2	**	2-2-1-1	36.2-40.2	40.2	548(+5)			(ライオットガール)	3000.0	202542042311
2020103616	2025-10-07	大井	曇	11.0	レディスプレリュード(JpnII)		12	8.0	11	4.7	2.0	4	吉原寛人	55.0	ダ1800		良	**	1:53.1	0.2	**	4-4-3-2	36.8-38.8	38.9	553(+5)			ビヨンドザヴァレー	400.0	202545070911
2020103616	2025-11-01	デルマー		4.0	BCF&Mスプリント(GI)		10		5			取	吉原寛人	56.0	ダ1400		良								計不					202544100711
2020103616	2025-12-23	浦和	晴	11.0	ゴールドC(重賞)		13	6.0	9	2.9	2.0	2	吉原寛人	55.0	ダ1400		良	**	1:26.7	0.3	**	3-2-1-1	35.8-38.1	38.4	551(-2)			ムエックス	1085.0	202542122311
2020104617	2022-12-24	5中山7	晴	5.0	2歳新馬		16	6.0	11	206.9	15.0	14	藤田菜七	53.0	芝1800		稍	**	1:54.9	1.7	**	13-12-13-14	38.5-36.1	36.7	464(0)			オックスリップ		202206050705
2020104617	2023-01-21	1中山7	曇	5.0	3歳未勝利		13	6.0	8	348.1	11.0	13	横山琉人	54.0	芝2000		稍	**	2:06.9	3.3	**	9-9-13-13	37.8-36.3	37.9	460(-4)			アンバーホーク		202306010705
2020104617	2023-03-19	2中山8	晴	3.0	3歳未勝利		16	2.0	3	178.1	15.0	15	藤田菜七	54.0	ダ1800		不	**	1:57.6	4.8	**	16-16-16-16	36.8-38.1	40.2	464(+4)			パープルナイト		202306020803
2020104617	2023-04-24	名古屋	曇	3.0	3歳7組		12	5.0	5	4.7	3.0	1	岡部誠	56.0	ダ1500		良	**	1:38.1	-0.7	**	7-7-3		38.1	466(+2)			(バーンキャット)	50.0	202348042403
2020104617	2023-05-02	名古屋	晴	1.0	3歳4組		12	1.0	1	1.3	1.0	1	岡部誠	56.0	ダ1500		稍	**	1:37.2	-1.4	**	9-5-1		39.5	461(-5)			(フィーバーヒュー)	50.0	202348050201
2020104617	2023-05-31	名古屋	晴	8.0	3歳2組		11	6.0	6	2.7	2.0	4	岡部誠	56.0	ダ1500		稍	**	1:37.5	1.3	**	7-4-4		39.7	462(+1)			ダンシングラブリー	7.5	202348053108
2020104617	2023-06-14	名古屋	曇	8.0	3歳3組		12	6.0	8	8.1	4.0	2	山田祥雄	56.0	ダ1500		重	**	1:36.6	0.3	**	10-8-3		37.9	463(+1)			ヴィアスパークル	17.5	202348061408
2020104617	2023-06-28	名古屋	曇	10.0	名古屋CCミント賞(3歳)		10	3.0	3	7.3	5.0	9	山田祥雄	56.0	ダ1500		良	**	1:38.0	2.1	**	9-9-8		40.3	462(-1)			ダディーズラビング		202348062810
2020104617	2023-07-12	名古屋	晴	9.0	3歳2組		11	6.0	6	13.9	5.0	9	山田祥雄	56.0	ダ1500		不	**	1:37.1	1.3	**	11-11-11		37.9	463(+1)			トーホウランボ		202348071209
2020104617	2023-08-12	3新潟1	晴	12.0	3歳以上1勝クラス		15	6.0	10	277.1	15.0	14	藤田菜七	54.0	ダ1200		良	**	1:14.3	3.2	**	15-15	34.6-36.5	37.0	450(-13)			キュートヘスティア		202304030112
2020104617	2023-09-09	4中山1	晴	12.0	3歳以上1勝クラス		16	8.0	16	200.2	16.0	14	藤田菜七	54.0	ダ1200		重	**	1:13.3	2.1	**	14-14	34.3-36.9	37.6	444(-6)			ゴキゲンサン		202306040112
2020104617	2023-09-24	4中山7	晴	6.0	3歳以上1勝クラス		11	1.0	1	324.9	11.0	11	野中悠太	55.0	ダ1800		重	**	2:01.1	5.7	**	10-10-11-11	39.6-38.3	42.6	440(-4)			ヒューゴ		202306040706
2020104617	2023-12-12	川崎	曇	9.0	ディセンバースター賞(B2B3)		12	7.0	9	113.0	11.0	8	藤田菜七	55.0	ダ1500		稍	**	1:39.9	2.6	**	11-11-10-10	30.0-40.9	41.6	441(+1)			ソウルストライク		202345121209
2020104617	2024-01-13	1中山4	曇	7.0	4歳以上1勝クラス		16	1.0	2	577.3	15.0	16	野中悠太	57.0	ダ1800		良	**	2:02.3	8.3	**	16-16-16-16	36.7-38.9	44.8	448(+7)			オセアバトルプラン		202406010407
2020104617	2024-02-29	名古屋	雨	8.0	C6組		10	6.0	6	3.4	2.0	1	丹羽克輝	56.0	ダ1500		稍	**	1:37.4	-0.4	**	4-3-3		39.4	460(+12)			(バトルレジェンダ)	45.0	202448022908
2020104617	2024-03-12	名古屋	晴	12.0	マルカブ特別(B)		9	7.0	7	3.3	2.0	3	丹羽克輝	56.0	ダ1500		不	**	1:37.2	0.4	**	2-2-1		38.9	468(+8)			ローザキアーロ	13.0	202448031212
2020104617	2024-03-29	名古屋	晴	9.0	B8組		11	8.0	10	1.9	1.0	1	丹羽克輝	56.0	ダ1500		不	**	1:36.1	-0.1	**	8-6-3		39.4	473(+5)			(スパーキングブルー)	50.0	202448032909
2020104617	2024-04-11	名古屋	晴	12.0	B5組		12	4.0	4	4.1	2.0	5	丹羽克輝	56.0	ダ1500		良	**	1:37.0	0.3	**	8-8-8		39.0	470(-3)			ロードオブシャドウ	6.0	202448041112
2020104617	2024-04-24	名古屋	雨	12.0	春にんじん賞(B)		12	1.0	1	4.2	2.0	3	丹羽克輝	56.0	ダ1700		不	**	1:50.7	0.5	**	8-7-7		40.6	474(+4)			ルビータイプ	12.0	202448042412
2020104617	2024-05-16	名古屋	晴	7.0	B4組		12	2.0	2	6.7	5.0	2	丹羽克輝	56.0	ダ1500		重	**	1:36.6	0.7	**	9-5-3		39.6	480(+6)			ジャガンナート	21.0	202448051607
2020104617	2024-05-28	名古屋	雨	11.0	ポルックス特別(B)		12	1.0	1	9.8	4.0	3	丹羽克輝	56.0	ダ1500		不	**	1:35.9	1.1	**	5-6-3		38.4	473(-7)			ローズパレード	15.0	202448052811
2020104617	2024-06-12	名古屋	晴	11.0	アルフェラッツ特別(B)		12	7.0	9	12.4	5.0	5	丹羽克輝	56.0	ダ1700		良	**	1:50.2	1.1	**	7-7-7		39.1	478(+5)			ケンドチョウライ	7.5	202448061211
2020104617	2024-07-11	名古屋	曇	12.0	冷奴賞(B)		12	6.0	8	5.6	2.0	1	丹羽克輝	56.0	ダ1500		重	**	1:35.5	-0.1	**	6-5-4		38.5	484(+6)			(インジェニアス)	60.0	202448071112
2020104617	2024-08-06	名古屋	晴	11.0	しし座特別(B)		10	1.0	1	16.3	7.0	8	丸野勝虎	56.0	ダ1500		良	**	1:37.7	1.7	**	8-10-9		39.2	478(-6)			イストロス		202448080611
2020104617	2024-08-20	名古屋	曇	12.0	はくちょう座特別(B)		12	8.0	11	9.1	5.0	1	丸野勝虎	56.0	ダ1700		重	**	1:49.6	-0.4	**	8-7-5		38.9	475(-3)			(ブライトファントム)	90.0	202448082012
2020104617	2024-09-04	名古屋	晴	10.0	高浜特別(A)		11	6.0	6	5.3	3.0	2	丸野勝虎	56.0	ダ1500		良	**	1:34.9	0.1	**	11-9-5		37.7	474(-1)			エイシンメリダ	35.0	202448090410
2020104617	2024-09-18	名古屋	晴	10.0	名古屋CCヴェスタ賞(A)		11	6.0	7	31.0	7.0	4	塚本征吾	57.0	ダ2000		良	**	2:11.5	0.7	**	11-10-9		39.3	472(-2)			スカイドゥエラー	27.0	202448091810
2020104617	2024-10-03	名古屋	雨	11.0	秋刀魚特別(A)		9	7.0	7	5.7	4.0	3	丸野勝虎	56.0	ダ1700		不	**	1:48.7	0.6	**	9-6-5		37.6	473(+1)			キージュピター	24.0	202448100311
2020104617	2024-10-21	名古屋	晴	11.0	ダリア特別(A)		11	1.0	1	18.0	6.0	2	細川智史	56.0	ダ1500		良	**	1:35.2	0.0	**	9-9-8		36.9	472(-1)			ゼントユウイ	52.5	202448102111
2020104617	2024-11-13	名古屋	晴	12.0	豊田特別(A)		10	8.0	12	3.1	1.0	3	丹羽克輝	56.0	ダ1500		良	**	1:36.4	0.2	**	9-6-7		38.2	468(-4)			エイシンメヌエット	20.0	202448111312
2020104617	2024-11-25	名古屋	晴	11.0	ポインセチア特別(A)		12	2.0	2	8.9	5.0	5	丹羽克輝	56.0	ダ1400		良	**	1:29.5	0.6	**	9-9-7		37.8	469(+1)			ゴールドスノー	15.0	202448112511
2020104617	2024-12-05	名古屋	晴	12.0	真鯛特別(A)		12	5.0	6	9.9	4.0	3	丹羽克輝	56.0	ダ1700		良	**	1:49.4	0.0	**	7-6-2		38.7	469(0)			エルナーニ	24.0	202448120512
2020104617	2025-03-15	2中山5	曇	8.0	4歳以上1勝クラス		16	6.0	11	314.6	16.0	15	的場勇人	58.0	ダ1200		稍	**	1:13.6	1.5	**	15-14	34.4-37.7	36.7	448(-21)			ヴェルトラウム		202506020508
2020104617	2025-03-30	2中京6	晴	9.0	4歳以上1勝クラス		13	7.0	12	381.4	13.0	13	的場勇人	58.0	ダ1400		良	**	1:28.8	3.5	**	13-13	35.2-37.8	38.6	454(+6)			グラティアスミノル		202507020609
2020104617	2025-04-20	1福島4	曇	8.0	4歳以上1勝クラス		15	2.0	3	238.2	15.0	12	的場勇人	58.0	ダ1700		良	**	1:49.5	2.5	**	13-14-15-14	30.2-37.8	38.8	450(-4)			パープルナイト		202503010408
2020104617	2025-05-03	1新潟1	晴	7.0	4歳以上1勝クラス		11	4.0	4	187.1	11.0	11	的場勇人	58.0	ダ1800		稍	**	1:57.7	3.2	**	10-10-10-11	38.9-37.4	39.1	448(-2)			アルゴナヴィス		202504010107
2020104617	2025-11-08	3福島1	晴	8.0	3歳以上1勝クラス		16	7.0	13	573.0	16.0	16	的場勇人	58.0	ダ1150		良	**	1:11.2	2.5	**	16-16	31.2-37.5	36.6	446(-2)			ジャスパーソレイユ		202503030108
2020104617	2025-12-06	5中山1	曇	7.0	3歳以上1勝クラス		16	5.0	10	580.6	16.0	12	的場勇人	58.0	ダ1200		良	**	1:13.2	2.0	**	16-16	33.9-37.3	36.5	454(+8)			タイセイピューマ		202506050107
2020104617	2025-12-21	5中京6	雨	7.0	3歳以上1勝クラス		16	5.0	10	424.0	16.0	10	小林凌大	58.0	ダ1200		稍	**	1:13.1	1.4	**	16-16	35.1-36.6	36.5	456(+2)			エメラヴィ		202507050607
2020104744	2022-12-25	5中山8	晴	5.0	2歳新馬		16	7.0	13	69.1	12.0	3	水沼元輝	51.0	ダ1200		稍	**	1:13.9	0.5	**	11-11	34.9-38.5	37.6	496(0)			トウカイラメール	180.0	202206050805
2020104744	2023-01-09	1中山4	晴	1.0	3歳未勝利		15	1.0	1	8.6	5.0	10	水沼元輝	51.0	ダ1200		良	**	1:14.4	1.7	**	13-13	34.6-38.1	37.8	492(-4)			クインズベル		202306010401
2020104744	2023-02-12	2小倉2	晴	1.0	3歳未勝利		16	3.0	5	18.6	5.0	1	水沼元輝	51.0	ダ1700		重	**	1:45.3	-0.2	**	10-10-8-6	30.4-38.5	37.6	490(-2)			(アッチャゴーラ)	550.0	202310020201
2020104744	2023-02-26	2小倉6	晴	8.0	3歳1勝クラス		16	8.0	15	29.2	9.0	9	水沼元輝	51.0	ダ1700		稍	**	1:46.4	1.3	**	12-11-10-9	28.6-38.1	38.6	494(+4)			アイファーテイオー		202310020608
2020104744	2023-04-09	3中山6	晴	6.0	3歳1勝クラス		9	7.0	7	130.5	9.0	8	水沼元輝	51.0	ダ1800		稍	**	1:56.4	2.4	**	4-4-2-2	38.0-38.4	40.7	492(-2)			メイショウフジ		202306030606
2020104744	2023-06-04	3東京2	晴	8.0	3歳以上1勝クラス		16	8.0	15	112.6	11.0	11	水沼元輝	50.0	ダ1600		稍	**	1:37.5	2.4	**	12-12	34.7-36.1	36.8	488(-4)			コスタノヴァ		202305030208
2020104744	2023-07-01	2函館1	晴	12.0	3歳以上1勝クラス		11	4.0	4	44.0	7.0	5	横山琉人	52.0	ダ1700		重	**	1:45.9	1.4	**	10-10-8-6	28.8-37.6	38.2	494(+6)			モンネトワ	80.0	202302020112
2020104744	2023-07-16	2函館6	曇	7.0	3歳以上1勝クラス		14	6.0	10	62.6	10.0	12	横山琉人	52.0	ダ1700		重	**	1:47.2	2.2	**	10-10-11-10	29.8-37.1	38.7	492(-2)			エンプレスペイ		202302020607
2020104744	2023-12-24	5中山8	曇	7.0	3歳以上1勝クラス		16	2.0	3	140.0	15.0	15	水沼元輝	52.0	ダ1800		良	**	1:57.2	3.1	**	4-4-4-4	36.6-39.3	41.8	500(+8)			ショウナンカブト		202306050807
2020104744	2024-01-28	1小倉6	小雨	7.0	4歳以上1勝クラス		14	4.0	5	69.4	12.0	5	水沼元輝	52.0	ダ1700		良	**	1:47.5	0.5	**	13-13-13-8	30.1-38.4	37.9	500(0)			オシゲ	80.0	202410010607
2020104744	2024-02-10	2小倉1	晴	7.0	4歳以上1勝クラス		11	8.0	11	10.8	6.0	8	水沼元輝	52.0	ダ1700		稍	**	1:47.9	0.7	**	11-11-11-9	30.8-37.5	37.1	508(+8)			ブーバー		202410020107
2020104744	2024-04-06	1福島1	曇	6.0	4歳以上1勝クラス		15	5.0	9	27.1	8.0	11	水沼元輝	53.0	ダ1700		良	**	1:48.5	2.3	**	14-14-13-12	29.9-38.6	39.1	498(-10)			ウィズザドリーム		202403010106
2020104744	2024-05-12	1新潟6	曇	6.0	4歳以上1勝クラス		11	6.0	6	89.9	11.0	7	水沼元輝	53.0	ダ1800		良	**	1:54.9	1.8	**	6-6-5-5	37.2-37.4	38.5	502(+4)			ウィルフルネス		202404010606
2020104744	2024-08-18	3新潟4	晴	12.0	3歳以上1勝クラス		15	8.0	15	64.1	11.0	4	石田拓郎	53.0	ダ1800		良	**	1:53.8	0.7	**	7-7-6-6	36.5-39.1	38.7	514(+12)			サンダーアラート	120.0	202404030412
2020104744	2024-09-08	4中山2	晴	4.0	3歳以上1勝クラス		16	2.0	3	21.2	6.0	9	石田拓郎	53.0	ダ1800		良	**	1:54.9	1.2	**	13-13-11-11	35.3-39.4	39.8	516(+2)			アムールドパリ		202406040204
2020104744	2024-10-06	4新潟2	晴	3.0	3歳以上1勝クラス		12	7.0	10	27.4	8.0	5	石田拓郎	53.0	ダ1800		稍	**	1:54.6	0.9	**	10-11-10-8	37.6-37.0	36.9	514(-2)			ルージュアベリア	80.0	202404040203
2020104744	2024-11-02	3福島1	雨	8.0	3歳以上1勝クラス		11	6.0	6	52.5	10.0	2	石田拓郎	53.0	ダ1700		重	**	1:45.1	0.1	**	11-11-9-8	30.4-37.5	36.4	506(-8)			ヘヴンリーハンド	320.0	202403030108
2020104744	2024-11-16	3福島5	晴	6.0	3歳以上1勝クラス		15	6.0	10	6.0	2.0	3	石田拓郎	53.0	ダ1700		良	**	1:46.2	0.4	**	7-10-10-8	29.6-39.2	38.1	506(0)			スマートハンター	200.0	202403030506
2020104744	2025-01-26	1小倉2	晴	12.0	4歳以上1勝クラス		11	2.0	2	4.9	2.0	3	石田拓郎	53.0	ダ1700		良	**	1:46.2	0.3	**	9-9-8-5	31.6-37.0	36.6	504(-2)			ドッビアーコ	200.0	202510010212
2020104744	2025-02-08	1小倉5	小雪	8.0	4歳以上1勝クラス		15	3.0	5	3.8	2.0	5	石田拓郎	53.0	ダ1700		稍	**	1:45.0	1.1	**	12-13-13-13	29.3-37.2	37.1	510(+6)			サイドキック	80.0	202510010508
2020104744	2025-03-02	1小倉12	曇	8.0	4歳以上1勝クラス		14	8.0	13	3.2	1.0	3	水沼元輝	53.0	ダ1700		重	**	1:46.0	0.1	**	10-9-8-8	30.1-38.2	37.6	506(-4)			ミレニアムヒロイン	200.0	202510011208
2020104744	2025-04-19	1福島3	晴	7.0	4歳以上1勝クラス		15	8.0	15	3.0	1.0	6	水沼元輝	53.0	ダ1700		良	**	1:47.9	1.0	**	10-11-10-9	30.4-38.8	38.8	498(-8)			トゥピ		202503010307
2020104744	2025-06-28	2福島1	晴	12.0	3歳以上1勝クラス		15	2.0	2	20.5	8.0	7	大野拓弥	56.0	ダ1700		良	**	1:47.0	2.3	**	10-10-9-9	29.7-37.2	38.5	502(+4)			オーケーバーディー		202503020112
2020104744	2025-08-02	2新潟3	晴	10.0	3歳以上1勝クラス		13	6.0	9	37.0	8.0	4	水沼元輝	53.0	ダ1800		良	**	1:53.8	1.2	**	7-8-8-8	36.6-37.9	38.3	506(+4)			ファリーザ	120.0	202504020310
2020104744	2025-08-24	3新潟2	晴	8.0	3歳以上1勝クラス		10	7.0	7	7.6	5.0	3	水沼元輝	53.0	ダ1800		良	**	1:53.0	0.5	**	5-5-5-5	36.1-38.2	38.0	514(+8)			ロフティストーリー	200.0	202504030208
2020104744	2025-11-09	3福島2	曇	3.0	3歳以上1勝クラス		15	3.0	5	9.9	5.0	5	水沼元輝	53.0	ダ1700		良	**	1:46.7	1.0	**	7-7-7-5	30.3-37.7	37.8	520(+6)			ドゥラリス	80.0	202503030203
2020104744	2025-11-24	3福島6	晴	2.0	3歳以上1勝クラス		15	2.0	2	14.8	7.0	10	水沼元輝	53.0	ダ1700		良	**	1:47.8	1.0	**	7-7-10-12	29.5-39.1	39.1	522(+2)			ステラスプレンダー		202503030602
2020104825	2022-11-20	5東京6	曇	6.0	2歳新馬		17	7.0	15	4.6	2.0	14	戸崎圭太	54.0	芝1400		良	**	1:25.1	2.3	**	12-13	35.9-34.7	35.3	474(0)			ダルタニアン		202205050606
2020104825	2022-12-04	6阪神2	曇	1.0	2歳未勝利		13	3.0	3	41.7	7.0	9	団野大成	54.0	ダ1400		稍	**	1:28.3	2.2	**	13-13	35.2-38.5	38.6	474(0)			ジュンウィンダム		202209060201
2020104825	2023-02-05	1小倉8	晴	6.0	3歳未勝利		18	8.0	18	15.4	5.0	12	永島まな	50.0	芝1200		良	**	1:09.9	1.0	**	17-16	33.4-35.5	35.0	468(-6)			トーセンエスクード		202310010806
2020104825	2023-02-25	2小倉5	曇	2.0	3歳未勝利		18	5.0	10	101.0	16.0	2	田中健	54.0	芝1200		稍	**	1:10.0	0.1	**	1-1	34.3-35.6	35.7	466(-2)			サトノグレイト	220.0	202310020502
2020104825	2023-03-18	2中京3	小雨	5.0	3歳未勝利		18	3.0	5	6.6	4.0	2	田中健	54.0	芝1200		重	**	1:11.3	0.5	**	3-2	35.1-35.7	36.1	464(-2)			ソノママソノママ	220.0	202307020305
2020104825	2023-04-15	1福島3	小雨	5.0	3歳未勝利		16	2.0	3	2.9	1.0	1	田中健	54.0	芝1200		良	**	1:09.4	-0.6	**	1-1	33.9-35.5	35.5	460(-4)			(ソルエストレーラ)	550.0	202303010305
2020104825	2023-07-02	3中京2	晴	8.0	3歳以上1勝クラス		18	8.0	18	19.9	7.0	12	田中健	53.0	芝1200		良	**	1:09.2	1.1	**	5-4	33.6-34.5	35.2	460(0)			アドマイヤラヴィ		202307030208
2020104825	2023-09-03	3小倉8	晴	7.0	3歳以上1勝クラス		18	2.0	4	18.3	9.0	11	田中健	54.0	芝1200		良	**	1:08.9	0.7	**	1-1	33.4-34.8	35.5	456(-4)			トーホウフランゴ		202310030807
2020104825	2023-09-24	4阪神7	晴	7.0	3歳以上1勝クラス		18	8.0	17	65.1	13.0	16	田中健	54.0	芝1400		良	**	1:21.6	1.2	**	2-2	33.5-35.4	36.5	460(+4)			シンプリーオーサム		202309040707
2020104825	2023-10-15	2京都5	曇	7.0	3歳以上1勝クラス		13	2.0	2	36.1	7.0	9	田中健	54.0	ダ1400		重	**	1:26.9	2.9	**	1-3	34.1-38.0	40.9	462(+2)			ペプチドタイガー		202308020507
2020104825	2023-11-12	3福島4	曇	7.0	3歳以上1勝クラス		15	2.0	2	4.5	2.0	1	小林凌大	53.0	芝1200		良	**	1:10.6	0.0	**	1-1	34.4-36.2	36.2	468(+6)			(バシレウスシチー)	800.0	202303030407
2020104825	2024-02-10	2小倉1	晴	10.0	大濠特別(2勝クラス)		14	1.0	1	48.1	13.0	10	小林凌大	53.0	芝1200		良	**	1:09.0	0.4	**	2-2	33.9-34.7	34.9	460(-8)			サニーオーシャン		202410020110
2020104825	2024-04-28	1新潟2	晴	10.0	邁進特別(2勝クラス)		16	2.0	4	55.1	14.0	11	小林凌大	53.0	芝1000		良	**	0:56.0	1.1	**	9	32.1-33.2	33.6	468(+8)			ショウナンマッハ		202404010210
2020104825	2024-05-11	3京都7	晴	7.0	4歳以上2勝クラス		14	7.0	12	91.5	13.0	13	古川奈穂	52.0	芝1200		良	**	1:09.1	1.4	**	2-4	33.9-33.8	35.0	460(-8)			キタノエクスプレス		202408030707
2020104825	2024-06-02	4京都2	曇	9.0	祇園特別(2勝クラス)		14	7.0	11	337.1	13.0	13	古川吉洋	56.0	芝1200		良	**	1:09.1	1.5	**	14-14	33.1-34.5	33.7	470(+10)			ロードフォアエース		202408040209
2020104825	2024-07-13	2福島5	晴	9.0	郡山特別(2勝クラス)		16	1.0	2	47.1	11.0	9	丸田恭介	52.0	芝1200		良	**	1:09.7	1.5	**	13-12	33.9-34.3	34.1	458(-12)			トーセンエスクード		202403020509
2020104825	2024-09-21	3中京6	晴	10.0	賢島特別(2勝クラス)		16	1.0	1	190.7	16.0	7	酒井学	51.0	芝1200		良	**	1:09.0	0.6	**	8-6	34.2-34.2	34.0	460(+2)			フィオライア		202407030610
2020104825	2024-10-12	5京都3	晴	12.0	3歳以上2勝クラス		17	1.0	2	221.1	15.0	15	吉村誠之	53.0	芝1200		良	**	1:09.0	1.1	**	7-8	33.4-34.5	35.0	456(-4)			オックスリップ		202408050312
2020104825	2024-10-26	5京都7	曇	9.0	3歳以上2勝クラス		15	8.0	14	310.5	15.0	12	吉村誠之	53.0	芝1400		良	**	1:22.2	0.9	**	13-15	35.3-34.6	33.9	462(+6)			ナムラアトム		202408050709
2020104825	2024-12-22	7京都8	晴	12.0	ジングルベル賞(2勝クラス)		17	3.0	6	171.3	16.0	7	酒井学	51.0	芝1400		良	**	1:22.0	0.8	**	9-8	35.4-34.2	34.3	468(+6)			ヤマニンアルリフラ		202408070812
2020104825	2025-01-13	1中京5	晴	12.0	4歳以上2勝クラス		14	8.0	13	94.0	14.0	14	酒井学	56.0	芝1200		良	**	1:11.0	0.9	**	10-11	34.6-35.5	35.2	470(+2)			ロードトレイル		202507010512
2020104825	2025-05-17	2京都7	曇	7.0	4歳以上2勝クラス		13	5.0	7	76.9	10.0	4	田山旺佑	53.0	芝1200		不	**	1:09.7	0.1	**	4-4	34.8-34.8	34.4	472(+2)			ワンダーキサラ	170.0	202508020707
2020104825	2025-05-31	2京都11	曇	12.0	4歳以上2勝クラス		13	4.0	4	47.5	11.0	6	田山旺佑	53.0	芝1400		良	**	1:21.2	0.6	**	3-3	34.3-35.1	35.3	470(-2)			キタサンダムール		202508021112
2020104825	2025-06-15	3阪神4	晴	9.0	武庫川特別(2勝クラス)		15	4.0	7	127.1	12.0	5	田山旺佑	56.0	芝1200		稍	**	1:10.4	0.9	**	6-9	33.5-36.0	35.8	476(+6)			レイピア	155.0	202509030409
2020104825	2025-11-29	4京都7	晴	12.0	3歳以上2勝クラス		16	2.0	4	88.8	9.0	9	田山旺佑	53.0	芝1200		良	**	1:09.2	0.8	**	6-6	33.6-34.8	34.8	482(+6)			ジュンヴァンケット		202508040712
2020104825	2025-12-20	5阪神5	曇	12.0	3歳以上2勝クラス		16	3.0	5	69.7	11.0	6	田山旺佑	53.0	芝1200		良	**	1:08.6	0.4	**	9-9	33.3-34.9	34.1	484(+2)			ブルーアイドガール		202509050512
2020104825	2026-01-24	1京都8	晴	12.0	4歳以上2勝クラス		11	2.0	2	45.4	8.0	10	川端海翼	53.0	芝1400		良	**	1:24.1	1.3	**	4-4	36.8-33.8	34.8	492(+8)			エイムフォーエース		202608010812
2020104951	2023-01-14	1中京5	小雨	4.0	3歳新馬		16	8.0	15	159.0	16.0	14	松田大作	56.0	ダ1400		重	**	1:31.0	3.8	**	16-16	36.4-38.1	37.5	466(0)			ディクレアブルーム		202307010504
2020104951	2023-01-29	1中京10	晴	3.0	3歳未勝利		15	2.0	3	338.0	14.0	11	松田大作	56.0	ダ1400		良	**	1:29.1	2.9	**	9-9	35.1-38.9	40.2	470(+4)			バールデュヴァン		202307011003
2020104951	2023-04-15	3中山7	雨	3.0	3歳未勝利		16	6.0	12	375.9	16.0	11	的場勇人	56.0	ダ1200		稍	**	1:13.7	1.7	**	12-13	34.1-37.9	38.3	476(+6)			コパノエルパソ		202306030703
2020104951	2023-05-06	2東京5	晴	3.0	3歳未勝利		16	6.0	12	431.0	15.0	8	的場勇人	56.0	ダ1400		良	**	1:28.3	2.6	**	11-11	35.4-37.8	39.0	482(+6)			レディアス		202305020503
2020104951	2023-05-20	2東京9	曇	2.0	3歳未勝利		16	5.0	9	683.2	16.0	5	的場勇人	56.0	ダ1400		稍	**	1:26.2	0.8	**	11-10	35.6-37.3	37.1	480(-2)			トゥピ	55.0	202305020902
2020104951	2023-06-11	3東京4	雨	2.0	3歳未勝利		15	5.0	8	222.6	11.0	9	的場勇人	56.0	ダ1400		重	**	1:25.4	2.0	**	4-3	35.2-36.1	37.7	484(+4)			オーラビルス		202305030402
2020104951	2023-07-30	1札幌4	曇	2.0	3歳未勝利		12	8.0	12	191.6	11.0	10	的場勇人	56.0	ダ1000		良	**	1:01.5	2.2	**	10-10	35.1-35.8	36.1	490(+6)			ウェイオブサクセス		202301010402
2020104951	2023-10-16	名古屋	晴	7.0	C25組		12	3.0	3	2.3	1.0	1	岡部誠	56.0	ダ1500		稍	**	1:37.7	-0.3	**	2-2-1		40.2	510(+20)			(アーケイディア)	45.0	202348101607
2020104951	2023-11-01	名古屋	晴	12.0	鳥原川特別(C)		12	6.0	7	16.8	4.0	1	大畑雅章	56.0	ダ1500		良	**	1:35.3	-0.5	**	2-2-2		38.5	492(-18)			(ナンヨーノサラ)	58.0	202348110112
2020104951	2023-11-17	名古屋	晴	10.0	香嵐渓特別(C)		12	3.0	3	4.9	3.0	3	岡部誠	56.0	ダ1500		不	**	1:34.9	0.2	**	4-4-2		38.4	499(+7)			ブリングライト	13.0	202348111710
2020104951	2023-12-01	名古屋	晴	3.0	C7組		12	6.0	7	1.0	1.0	1	岡部誠	56.0	ダ1500		良	**	1:37.6	-0.7	**	2-2-1		38.5	490(-9)			(シエルリーナ)	45.0	202348120103
2020104951	2023-12-15	名古屋	曇	11.0	佐久島特別(C)		11	7.0	9	1.5	1.0	1	岡部誠	56.0	ダ2000		不	**	2:10.9	-0.3	**	3-1-1		37.3	495(+5)			(ゲイナー)	65.0	202348121511
2020104951	2024-01-01	名古屋	晴	8.0	B4組		10	3.0	3	1.5	1.0	1	岡部誠	56.0	ダ1700		稍	**	1:50.5	-0.9	**	2-2-1		39.7	503(+8)			(ハッピーミーク)	50.0	202448010108
2020104951	2024-02-01	川崎	晴	10.0	フェブラリースター賞(B2B3)		11	5.0	5	13.4	6.0	3	野中悠太	57.0	ダ1600		良	**	1:44.7	0.7	**	6-6-4-3	37.3-40.1	40.1	489(-14)			アーバンデザイン	100.0	202445020110
2020104951	2024-05-25	2東京11	晴	8.0	4歳以上1勝クラス		15	7.0	13	23.6	9.0	5	長浜鴻緒	55.0	ダ1600		良	**	1:38.1	0.7	**	7-7	35.2-38.0	37.3	496(+7)			コースタルテラス	80.0	202405021108
2020104951	2024-06-22	3東京7	晴	7.0	3歳以上1勝クラス		16	1.0	1	150.1	11.0	13	藤田菜七	56.0	ダ1600		重	**	1:38.2	2.3	**	11-13	35.1-37.4	37.6	508(+12)			レオスパーク		202405030707
2020104951	2025-02-01	1小倉3	小雨	3.0	4歳以上1勝クラス		16	7.0	13	155.6	13.0	11	石神深道	55.0	ダ1700		良	**	1:47.7	0.8	**	9-9-11-10	30.5-37.6	37.7	510(+2)			フラッシング		202510010303
2020104951	2025-02-15	1小倉7	曇	12.0	4歳以上1勝クラス		12	6.0	7	132.7	12.0	9	石神深道	55.0	ダ1700		良	**	1:47.2	1.5	**	8-9-9-11	30.3-38.4	38.5	516(+6)			グランドセントラル		202510010712
2020104951	2025-02-23	1小倉10	曇	8.0	4歳以上1勝クラス		14	5.0	7	127.7	13.0	8	菊沢一樹	58.0	ダ2400		良	**	2:36.3	2.1	**	10-10-9-9	38.4-38.3	39.2	514(-2)			コスモジンバック		202510011008
2020104951	2025-03-02	1小倉12	曇	12.0	4歳以上1勝クラス		16	2.0	4	114.8	14.0	8	石神深道	55.0	ダ1700		稍	**	1:45.9	0.9	**	14-13-12-11	30.0-37.8	37.4	504(-10)			アレナパラシオ		202510011212
2020104951	2025-05-29	浦和	曇	10.0	マルチステッキ特別(B2B3)		12	3.0	3	17.2	6.0	3	長浜鴻緒	55.0	ダ1400		良	**	1:28.2	0.4	**	11-9-9-3	37.1-38.1	37.6	518(+14)			エナジーポコアポコ	100.0	202542052910
2020104951	2025-06-15	1函館2	曇	12.0	3歳以上1勝クラス		11	8.0	11	79.0	9.0	7	長浜鴻緒	56.0	ダ1700		良	**	1:47.3	1.9	**	9-9-10-8	29.9-37.6	38.7	530(+12)			グレイテストソング		202502010212
2020104951	2025-06-28	1函館5	晴	12.0	3歳以上1勝クラス		14	8.0	13	179.3	14.0	5	野中悠太	58.0	ダ1700		稍	**	1:46.0	0.9	**	11-11-9-8	29.9-37.9	38.0	520(-10)			アレスグート	80.0	202502010512
2020104951	2025-07-06	1函館8	晴	8.0	3歳以上1勝クラス		13	4.0	5	89.5	11.0	8	丸山元気	58.0	ダ1700		稍	**	1:46.4	1.5	**	10-10-12-11	29.8-37.6	37.5	520(0)			レッドライトニング		202502010808
2020104951	2025-07-20	1函館12	晴	12.0	3歳以上1勝クラス		13	4.0	5	63.2	11.0	4	佐々木大	58.0	ダ1700		良	**	1:46.1	0.5	**	10-11-12-12	30.0-38.7	37.5	528(+8)			オカメノコイ	120.0	202502011212
2020104951	2025-08-02	2新潟3	晴	10.0	3歳以上1勝クラス		13	5.0	7	52.8	10.0	5	野中悠太	58.0	ダ1800		良	**	1:53.9	1.3	**	10-9-11-10	36.6-37.9	38.1	528(0)			ファリーザ	80.0	202504020310
2020104951	2025-08-17	2新潟8	晴	10.0	3歳以上1勝クラス		9	7.0	7	30.0	5.0	8	野中悠太	58.0	ダ1800		良	**	1:55.6	2.2	**	7-7-7-7	37.1-39.0	38.9	534(+6)			マーゴットゲイン		202504020810
2020104951	2025-08-30	3新潟3	晴	8.0	3歳以上1勝クラス		10	1.0	1	106.0	8.0	4	野中悠太	58.0	ダ1800		良	**	1:54.5	0.2	**	7-7-8-7	38.3-37.6	37.1	528(-6)			カゼノタカトシ	120.0	202504030308
2020104951	2025-09-21	4中山7	曇	7.0	3歳以上1勝クラス		16	3.0	6	65.8	9.0	9	野中悠太	58.0	ダ1800		良	**	1:55.3	2.4	**	12-12-11-10	36.7-37.9	39.2	526(-2)			メリークリスマス		202506040707
2020104951	2025-10-18	4新潟1	曇	6.0	3歳以上1勝クラス		15	4.0	7	87.2	10.0	2	野中悠太	58.0	ダ1800		良	**	1:54.0	0.8	**	12-12-13-12	36.5-38.4	37.7	536(+10)			ゴールデンクラウド	320.0	202504040106
2020104951	2025-11-08	3福島1	晴	12.0	3歳以上1勝クラス		15	3.0	5	23.2	9.0	8	野中悠太	58.0	ダ1700		良	**	1:47.1	1.2	**	10-10-8-7	30.0-38.5	39.0	536(0)			タイセイマンボ		202503030112
2020104951	2025-12-11	船橋	晴	9.0	フェイスフルブーツ特(B2B3)		14	3.0	3	6.8	3.0	8	野中悠太	57.0	ダ1800		良	**	1:57.7	1.6	**	8-8-8-8	36.7-40.6	40.9	540(+4)			セザンワールド		202543121109
2020104951	2025-12-20	5中京5	曇	6.0	3歳以上1勝クラス		16	6.0	11	91.3	12.0	7	野中悠太	58.0	ダ1800		稍	**	1:55.1	1.2	**	7-7-7-7	37.8-38.0	38.3	536(-4)			タガノヘラクレス		202507050506
2020105203	2022-07-31	1札幌4	晴	5.0	2歳新馬		6	1.0	1	3.5	2.0	4.0	松岡正海	54.0	芝2000		良	**	2:05.2	1.8	**	2-2-2-2	37.4-35.7	37.4	450(0)			ウェイビー	110.0	202201010405
2020105203	2023-02-04	1東京3	晴	5.0	3歳未勝利		18	7.0	15	5.3	2.0	10.0	松岡正海	54.0	芝2400		良	**	2:27.0	1.1	**	2-2-2-2	36.3-35.4	36.3	444(-6)			サトノトルネード		202305010305
2020105203	2023-04-29	2東京3	晴	4.0	3歳未勝利		12	8.0	11	8.1	4.0	3.0	松岡正海	54.0	芝1600		良	**	1:34.0	0.4	**	3-4	34.8-34.3	34.4	444(0)			アルヴィエンヌ	140.0	202305020304
2020105203	2023-06-17	3東京5	晴	3.0	3歳未勝利		16	2.0	3	4.7	3.0	2.0	Ｍ．デム	54.0	芝1600		良	**	1:32.8	0.5	**	3-2	34.1-34.7	35.0	450(+6)			ラファドゥラ	220.0	202305030503
2020105203	2023-07-02	2福島2	晴	7.0	3歳未勝利		16	8.0	16	2.6	1.0	2.0	Ｍ．デム	54.0	芝1800		良	**	1:48.9	0.2	**	3-3-3-2	35.3-36.5	36.1	456(+6)			リーリオブランコ	220.0	202303020207
2020105203	2023-07-29	2新潟1	晴	7.0	3歳未勝利		17	7.0	15	2.3	1.0	3.0	Ｍ．デム	54.0	芝1400		良	**	1:21.3	0.2	**	4-2	32.9-36.6	36.2	450(-6)			ゴーマックス	140.0	202304020107
2020105203	2023-08-20	3新潟4	晴	6.0	3歳未勝利		18	5.0	10	3.8	2.0	15.0	石川裕紀	54.0	芝1400		良	**	1:23.1	1.7	**	1-1	34.0-35.8	37.5	454(+4)			ディバイングレース		202304030406
2020105203	2024-01-09	笠松	晴	6.0	B8組		9	5.0	5	2.1	1.0	3.0	藤原幹生	54.0	ダ1400		良	**	1:29.7	0.6	**	3-3-3		38.8	455(+1)			マルヨニキーヤ	9.0	202447010906
2020105203	2024-01-24	笠松		3.0	令和6年能登半島地震(B)		0	7.0	7				藤原幹生	54.0	ダ1400										計不					202447012403
2020105203	2024-02-08	笠松	晴	6.0	B7組		10	5.0	5	3.2	1.0	1.0	藤原幹生	54.0	ダ1600		良	**	1:43.4	0.0	**	1-1-1		38.1	466(+11)			(リョウライライ)	45.0	202447020806
2020105203	2024-02-19	笠松	雨	9.0	雨水特別(B)		10	4.0	4	2.0	1.0	2.0	渡辺竜也	54.0	ダ1600		不	**	1:42.9	0.5	**	2-1-1		39.0	464(-2)			イノ	24.5	202447021909
2020105203	2024-03-04	笠松	曇	8.0	ユキヤナギ特別(B)		7	8.0	8	1.9	1.0	1.0	藤原幹生	54.0	ダ1600		良	**	1:43.9	-0.6	**	2-2-1		39.7	467(+3)			(エアミュニュレ)	60.0	202447030408
2020105203	2024-03-21	笠松	晴	8.0	A6組		8	7.0	7	1.4	1.0	1.0	藤原幹生	54.0	ダ1400		良	**	1:27.6	-0.2	**	2-1-1		37.6	466(-1)			(アンサングヒーロー)	55.0	202447032108
2020105203	2024-04-27	1新潟1	晴	8.0	4歳以上1勝クラス		10	7.0	8	3.7	2.0	1.0	丹内祐次	56.0	芝1600		良	**	1:36.3	-0.2	**	2-2	37.8-33.7	33.6	460(-6)			(ヨウシタンレイ)	800.0	202404010108
2020105203	2024-05-25	2東京11	晴	10.0	葉山特別(2勝クラス)		14	5.0	7	25.0	6.0	4.0	丹内祐次	56.0	芝1600		良	**	1:32.7	0.3	**	4-3	34.5-35.5	34.7	458(-2)			バトルハーデン	230.0	202405021110
2020105203	2024-10-06	4新潟2	晴	10.0	寺泊特別(2勝クラス)		8	1.0	1	2.3	1.0	8.0	丹内祐次	56.0	芝1600		良	**	1:35.5	0.9	**	3-3	36.4-34.7	35.2	460(+2)			エッセレンチ		202404040210
2020105203	2024-11-03	5東京2	晴	12.0	3歳以上2勝クラス		13	4.0	4	13.7	7.0	4.0	シュタル	56.0	芝1400		良	**	1:21.3	0.3	**	3-3	35.2-34.3	33.9	464(+4)			ハクサンバード	170.0	202405050212
2020105203	2024-12-22	5中山8	晴	10.0	オルフェーヴルC(2勝クラス)		16	6.0	12	16.4	8.0	11.0	マーカン	56.0	芝1600		良	**	1:34.2	0.8	**	2-2-1	34.6-35.6	36.4	470(+6)			ピックアチェリー		202406050810
2020105203	2025-01-18	1中京6	晴	12.0	4歳以上2勝クラス		13	6.0	9	14.7	6.0	10.0	団野大成	56.0	芝1600		良	**	1:35.5	1.4	**	2-2-2	35.5-35.3	36.5	470(0)			レディントン		202507010612
2020105203	2025-04-27	2東京2	晴	8.0	4歳以上2勝クラス		14	4.0	6	9.1	4.0	4.0	シュタル	56.0	芝1400		良	**	1:20.6	0.2	**	4-6	35.1-33.5	33.4	482(+12)			シンバーシア	170.0	202505020208
2020105203	2025-05-10	2東京5	曇	8.0	4歳以上2勝クラス		12	6.0	8	16.8	6.0	4.0	ディー	56.0	芝1400		稍	**	1:21.1	0.4	**	2-3	35.2-34.4	34.5	478(-4)			スカイハイ	170.0	202505020508
2020105203	2025-05-31	2東京11	小雨	10.0	葉山特別(2勝クラス)		16	5.0	10	12.6	5.0	1.0	横山和生	56.0	芝1600		重	**	1:35.9	-0.1	**	2-2	35.5-35.8	35.6	482(+4)			(ドーンコーラス)	1584.3	202505021110
2020105203	2025-06-22	3東京6	晴	10.0	多摩川S(3勝クラス)		16	1.0	2	60.9	12.0	13.0	横山琉人	56.0	芝1400		良	**	1:22.3	1.1	**	3-4	35.5-34.3	35.1	480(-2)			セフィロ		202505030610
2020105203	2025-08-10	2新潟6	雨	6.0	佐渡S(3勝クラス)		14	7.0	12	28.7	8.0	2.0	横山琉人	56.0	芝1800		重	**	1:48.7	0.0	**	1-1	37.0-33.9	33.9	476(-4)			オクタヴィアヌス	748.8	202504020606
2020105203	2025-08-24	3新潟2	晴	9.0	長岡S(3勝クラス)		18	1.0	2	19.6	9.0	15.0	横山琉人	54.0	芝1600		良	**	1:33.8	1.3	**	1-1	34.8-33.6	34.9	474(-2)			ファーヴェント		202504030209
2020105203	2025-10-25	4新潟3	曇	11.0	魚沼S(3勝クラス)		18	6.0	12	41.1	13.0	16.0	菊沢一樹	56.0	芝2000		良	**	2:00.3	2.1	**	1-1	36.1-33.4	35.5	472(-2)			シンハナーダ		202504040311
2020105203	2025-11-23	5東京5	晴	10.0	秋色S(3勝クラス)		17	8.0	16	80.8	12.0	7.0	丹内祐次	53.0	芝1600		良	**	1:32.4	0.5	**	4-4	34.2-34.5	34.4	478(+6)			エンペラーズソード		202505050510
2020105203	2026-01-05	1中山2	晴	11.0	サンライズS(3勝クラス)		14	8.0	13	15.6	6.0	1.0	丹内祐次	53.0	芝1200		良	**	1:08.2	0.0	**	7-7	33.3-34.9	34.2	478(0)			(イサチルシーサイド)	1900.8	202606010211
2020105639	2022-10-29	4阪神8	晴	5.0	2歳新馬		11	5.0	5	30.1	7.0	10	吉田隼人	55.0	芝2000		良	**	2:04.2	2.3	**	9-8-8-9	36.9-34.7	36.3	454(0)			マイネルエンペラー		202209040805
2020105639	2022-12-17	6阪神5	小雨	2.0	2歳未勝利		15	1.0	1	25.7	6.0	3	松若風馬	55.0	ダ1800		良	**	1:56.7	1.1	**	12-12-12-11	37.3-39.5	39.1	452(-2)			メジェド	130.0	202209060502
2020105639	2023-01-08	1中京3	晴	3.0	3歳未勝利		11	8.0	11	4.8	3.0	1	松若風馬	56.0	ダ1800		良	**	1:55.1	-0.1	**	2-2-2-2	38.7-36.9	36.8	450(-2)			(サンテックス)	550.0	202307010303
2020105639	2023-02-05	1中京12	晴	4.0	3歳1勝クラス		8	3.0	3	5.5	3.0	3	松山弘平	56.0	ダ1800		良	**	1:54.8	0.2	**	6-6-7-7	38.3-37.5	36.6	454(+4)			フルングニル	200.0	202307011204
2020105639	2023-03-04	1阪神7	晴	6.0	3歳1勝クラス		10	8.0	9	4.9	3.0	5	松若風馬	56.0	ダ1800		良	**	1:55.1	0.6	**	6-5-5-3	37.0-38.3	38.5	456(+2)			ベンダバリラビア	78.0	202309010706
2020105639	2023-04-01	2阪神3	晴	5.0	3歳1勝クラス		9	5.0	5	8.7	6.0	4	松若風馬	56.0	ダ1800		良	**	1:55.2	1.5	**	5-6-7-7	37.5-39.2	39.9	456(0)			マテンロウガイ	120.0	202309020305
2020105639	2023-05-14	1京都8	小雨	5.0	3歳1勝クラス		14	7.0	12	9.6	4.0	3	鮫島克駿	56.0	ダ1800		重	**	1:55.2	1.5	**	4-5-5-5	36.6-38.7	39.4	458(+2)			テーオーリカード	200.0	202308010805
2020105639	2023-12-17	5阪神6	晴	7.0	3歳以上1勝クラス		9	4.0	4	18.0	5.0	2	鮫島克駿	57.0	ダ1800		稍	**	1:53.8	0.1	**	2-2-2-2	38.4-38.1	38.0	476(+18)			チュウワハート	320.0	202309050607
2020105639	2024-01-07	1京都2	晴	7.0	4歳以上1勝クラス		13	7.0	11	1.9	1.0	1	鮫島克駿	57.0	ダ1900		良	**	2:00.9	-0.3	**	4-3-2-1	28.8-37.8	37.8	478(+2)			(サーティファイド)	800.0	202408010207
2020105639	2024-03-09	1阪神5	曇	12.0	4歳以上2勝クラス		14	4.0	5	6.7	4.0	3	鮫島克駿	58.0	ダ1800		良	**	1:54.1	0.3	**	10-10-9-8	37.9-37.6	37.0	478(0)			チュウワハート	290.0	202409010512
2020105639	2024-04-07	2阪神6	晴	8.0	宝塚市制70周年記念(2勝クラス)		11	6.0	6	5.1	3.0	1	鮫島克駿	58.0	ダ1800		良	**	1:52.0	-0.4	**	6-6-5-5	36.8-37.3	36.7	476(-2)			(バンドマスター)	1576.6	202409020608
2020105639	2024-04-27	2東京3	曇	9.0	是政S(3勝クラス)		16	4.0	7	4.8	3.0	2	鮫島克駿	58.0	ダ2100		稍	**	2:09.9	0.5	**	6-8-8-7	30.6-36.5	36.1	480(+4)			メイプルリッジ	750.0	202405020309
2020105639	2025-01-25	1中京8	晴	11.0	瀬戸S(3勝クラス)		14	6.0	9	4.6	2.0	2	西村淳也	58.0	ダ1900		良	**	1:58.0	0.0	**	3-3-4-4	31.2-36.9	36.7	482(+2)			テーオーパスワード	748.6	202507010811
2020105639	2025-02-22	1東京7	晴	10.0	金蹄S(3勝クラス)		12	3.0	3	2.1	1.0	3	鮫島克駿	58.0	ダ2100		良	**	2:13.9	0.4	**	6-6-5-4	31.8-37.0	37.1	480(-2)			サクラトップリアル	463.9	202505010710
2020105639	2025-04-26	2京都1	晴	10.0	観月橋S(3勝クラス)		12	5.0	5	5.4	2.0	2	鮫島克駿	58.0	ダ1900		良	**	1:58.3	0.3	**	8-8-7-6	29.5-36.4	36.1	486(+6)			ジンセイ	747.6	202508020110
2020105639	2025-05-17	2京都7	晴	10.0	上賀茂S(3勝クラス)		16	5.0	9	5.3	2.0	6	鮫島克駿	58.0	ダ1800		不	**	1:49.8	1.4	**	15-15-15-13	35.6-36.0	35.9	486(0)			グーデンドラーク		202508020710
2020105639	2025-06-29	2福島2	晴	10.0	鶴ヶ城S(3勝クラス)		15	3.0	4	3.3	2.0	6	小沢大仁	58.0	ダ1700		良	**	1:45.5	1.0	**	7-8-12-11	30.2-37.1	36.6	484(-2)			ジャスパーロブスト		202503020210
2020105639	2025-08-31	4中京4	晴	10.0	白川郷S(3勝クラス)		16	1.0	2	2.8	1.0	2	松山弘平	58.0	ダ1900		良	**	1:58.6	0.1	**	6-5-5-4	29.3-38.0	37.5	486(+2)			カゼノランナー	749.6	202507040410
2020105639	2025-09-21	4中山7	曇	10.0	内房S(3勝クラス)		16	6.0	12	4.0	2.0	1	モレイラ	57.0	ダ1800		良	**	1:53.0	0.0	**	5-5-6-5	37.0-39.9	39.2	484(-2)			(リバートゥルー)	1873.6	202506040710
2020105639	2025-11-22	4京都5	晴	11.0	シトリンS(OP)		16	2.0	3	51.3	9.0	2	北村友一	57.0	ダ1900		良	**	1:56.9	0.0	**	16-16-16-15	29.8-37.5	35.8	476(-8)			ムルソー	889.8	202508040511
2020105639	2026-01-11	1中山4	曇	10.0	ポルックスS(OP)		16	5.0	10	4.3	2.0	4	横山武史	57.0	ダ1800		良	**	1:53.4	0.3	**	12-11-8-7	37.8-38.0	37.7	480(+4)			カゼノランナー	330.0	202606010410
2020105670	2022-08-27	3新潟5	曇	5.0	2歳新馬		13	1.0	1	43.2	8.0	7	杉原誠人	54.0	芝1800		良	**	1:52.0	1.8	**	9-4	37.3-33.7	35.2	514(0)			フライヤートゥルー		202204030505
2020105670	2022-09-17	4中山3	晴	2.0	2歳未勝利		11	7.0	8	18.3	6.0	4	杉原誠人	54.0	ダ1800		良	**	1:56.8	2.4	**	8-8-5-6	38.5-37.6	39.4	520(+6)			モンドプリューム	78.0	202206040302
2020105670	2022-12-03	5中山1	晴	4.0	2歳未勝利		16	7.0	14	14.8	5.0	7	マーカン	55.0	ダ1800		稍	**	1:57.1	1.6	**	11-11-5-6	37.8-38.3	39.5	516(-4)			フクチャンキング		202206050104
2020105670	2023-01-09	1中山4	晴	3.0	3歳未勝利		16	2.0	3	28.5	10.0	2	杉原誠人	56.0	ダ1800		良	**	1:56.1	0.1	**	12-11-6-4	37.0-40.0	39.5	520(+4)			ポンサン	220.0	202306010403
2020105670	2023-01-21	1中山7	晴	3.0	3歳未勝利		16	4.0	7	6.9	4.0	6	杉原誠人	56.0	ダ1800		稍	**	1:57.9	0.4	**	16-16-14-14	38.4-41.0	39.6	524(+4)			デルマヨリキリ		202306010703
2020105670	2023-03-12	2中山6	晴	3.0	3歳未勝利		16	1.0	1	14.0	6.0	9	杉原誠人	56.0	ダ1800		良	**	1:56.1	2.3	**	15-15-12-11	37.5-37.8	38.9	518(-6)			ペンティメント		202306020603
2020105670	2023-05-28	2東京12	晴	3.0	3歳未勝利		16	4.0	8	14.6	5.0	4	杉原誠人	56.0	ダ2100		良	**	2:14.6	1.9	**	8-7-5-5	30.7-38.2	38.0	516(-2)			コルサファターレ	83.0	202305021203
2020105670	2023-06-18	3東京6	晴	3.0	3歳未勝利		11	1.0	1	16.0	6.0	5	杉原誠人	56.0	ダ2100		良	**	2:13.6	0.6	**	6-6-7-7	31.8-37.5	37.2	512(-4)			ボンドオブラヴ	55.0	202305030603
2020105670	2023-07-08	2福島3	曇	4.0	3歳未勝利		15	6.0	11	23.6	7.0	10	杉原誠人	56.0	ダ1700		良	**	1:50.2	2.4	**	15-15-15-15	31.1-38.7	38.1	518(+6)			トリオンファーレ		202303020304
2020105670	2023-08-06	1札幌6	曇	6.0	3歳未勝利		13	4.0	6	9.2	5.0	7	丹内祐次	56.0	芝2600		重	**	2:49.4	1.1	**	6-6-8-9	39.1-38.8	39.1	516(-2)			ジーククローネ		202301010606
2020105670	2023-10-08	金沢	曇	1.0	無料ネット新聞うまか(C1)		10	3.0	3	1.7	1.0	1	吉原寛人	56.0	ダ1400		良	**	1:29.8	-1.0	**	9-4-1-1		37.9	530(+14)			(ユメカナウトキ)	42.0	202346100801
2020105670	2023-10-22	金沢	晴	5.0	立ち位置ゼロ番!順位(C1)		9	7.0	7	1.1	1.0	1	吉原寛人	56.0	ダ1500		重	**	1:37.0	-1.1	**	3-3-3-1		37.6	525(-5)			(トリテレイア)	42.0	202346102205
2020105670	2023-12-10	5中山4	晴	8.0	3歳以上1勝クラス		11	5.0	5	14.8	7.0	4	丹内祐次	56.0	ダ2500		良	**	2:45.2	0.8	**	1-1-1-1	31.9-37.8	38.6	520(-5)			ボンベール	120.0	202306050408
2020105670	2024-01-07	1京都2	晴	7.0	4歳以上1勝クラス		13	2.0	2	17.0	4.0	12	松山弘平	57.0	ダ1900		良	**	2:05.1	4.2	**	2-2-1-2	28.8-37.8	42.0	520(0)			ハギノサステナブル		202408010207
2020105670	2024-02-18	2小倉4	晴	6.0	4歳以上1勝クラス		13	1.0	1	30.9	7.0	9	鮫島克駿	57.0	ダ2400		良	**	2:36.8	1.4	**	1-1-1-1	38.2-38.3	39.7	518(-2)			ムジェロ		202410020406
2020105670	2024-03-17	1中京4	曇	6.0	4歳以上1勝クラス		11	7.0	8	37.7	8.0	3	団野大成	58.0	ダ1900		良	**	2:00.9	0.3	**	6-5-4-4	30.1-38.6	38.1	510(-8)			ワイドアウェイク	200.0	202407010406
2020105670	2024-04-28	3京都4	晴	7.0	4歳以上1勝クラス		10	1.0	1	11.6	4.0	2	団野大成	58.0	ダ1900		良	**	2:00.1	0.1	**	6-6-7-6	30.6-36.8	36.4	514(+4)			ジーニアスバローズ	320.0	202408030407
2020105670	2024-05-18	3京都9	晴	8.0	4歳以上1勝クラス		10	3.0	3	2.1	1.0	1	団野大成	58.0	ダ1900		良	**	2:01.1	-0.3	**	7-6-7-7	30.9-37.7	37.2	512(-2)			(ハギノカノア)	800.0	202408030908
2020105670	2024-06-22	4京都7	曇	9.0	京極特別(2勝クラス)		12	1.0	1	20.5	7.0	4	団野大成	58.0	ダ1900		稍	**	1:59.9	2.1	**	9-9-8-7	30.4-36.3	37.6	518(+6)			ディープリボーン	230.0	202408040709
2020105670	2024-08-25	2中京6	曇	9.0	大府特別(2勝クラス)		16	4.0	8	36.1	7.0	9	団野大成	58.0	ダ1800		良	**	1:54.2	2.0	**	12-12-10-10	36.6-37.2	38.2	510(-8)			カズペトシーン		202407020609
2020105670	2024-11-16	6京都5	小雨	10.0	近江特別(2勝クラス)		16	3.0	5	150.9	13.0	9	鮫島克駿	58.0	ダ1900		良	**	2:00.3	1.4	**	14-14-14-15	30.5-38.1	38.2	518(+8)			メイプルタピット		202408060510
2020105670	2024-12-07	7京都3	晴	10.0	花見小路特別(2勝クラス)		14	3.0	4	59.8	9.0	9	三浦皇成	54.0	ダ1900		良	**	2:01.3	2.5	**	6-7-7-7	28.7-37.9	38.4	516(-2)			ロードクロンヌ		202408070310
2020105670	2025-02-15	1京都5	晴	12.0	4歳以上2勝クラス		13	7.0	11	79.6	11.0	11	ルメート	58.0	ダ1900		良	**	2:02.1	3.2	**	11-11-9-9	29.3-37.8	40.0	514(-2)			ジンセイ		202508010512
2020105670	2025-03-23	2中京4	晴	10.0	弥富特別(2勝クラス)		16	4.0	8	156.0	15.0	4	藤懸貴志	54.0	ダ1900		良	**	2:00.1	0.9	**	14-14-15-14	30.2-39.5	37.7	516(+2)			アスクデビューモア	230.0	202507020410
2020105670	2025-05-10	2京都5	曇	12.0	4歳以上2勝クラス		10	7.0	7	66.4	8.0	6	松若風馬	58.0	ダ1800		重	**	1:52.5	1.7	**	9-9-9-9	35.8-36.4	36.9	516(0)			リトルハピ		202508020512
2020105670	2025-05-25	2京都10	曇	12.0	4歳以上2勝クラス		9	8.0	9	44.3	8.0	7	藤懸貴志	58.0	ダ1900		重	**	1:59.0	1.4	**	8-8-8-8	31.1-37.3	37.4	522(+6)			アーマルコライト		202508021012
2020105670	2025-06-14	3東京3	小雨	9.0	日野特別(2勝クラス)		16	3.0	6	125.5	13.0	10	長岡禎仁	58.0	ダ2100		良	**	2:11.7	0.9	**	9-9-9-10	30.8-37.8	37.3	520(-2)			ノットイナフ		202505030309
2020105670	2025-08-02	3中京3	晴	6.0	日進特別(2勝クラス)		12	5.0	5	42.3	9.0	4	団野大成	58.0	ダ1800		良	**	1:54.1	0.6	**	11-11-11-10	36.9-39.8	38.9	518(-2)			グラヴィス	230.0	202507030306
2020105670	2025-08-24	4中京2	晴	10.0	大府特別(2勝クラス)		16	1.0	2	44.9	11.0	8	菱田裕二	58.0	ダ1800		良	**	1:54.4	1.5	**	12-12-12-13	37.3-38.9	37.2	524(+6)			パカーラン		202507040210
2020105670	2025-09-06	4阪神1	晴	9.0	出石特別(2勝クラス)		9	6.0	6	110.5	9.0	6	吉村誠之	58.0	ダ1800		稍	**	1:53.7	1.8	**	8-8-9-9	37.6-36.6	37.1	516(-8)			トリポリタニア		202509040109
2020105670	2025-10-13	3京都5	曇	9.0	蹴上特別(2勝クラス)		12	6.0	7	108.1	10.0	9	吉村誠之	58.0	ダ1800		良	**	1:53.6	1.7	**	11-12-12-12	35.6-38.4	38.2	516(0)			ハナウマビーチ		202508030509
2020105670	2025-11-29	5東京7	曇	8.0	3歳以上2勝クラス		16	7.0	13	219.9	16.0	5	菅原明良	58.0	ダ2100		良	**	2:11.3	0.5	**	11-11-11-7	30.7-37.7	37.4	516(0)			ヴァナルガンド	114.0	202505050708
2020105670	2025-12-13	5中京3	曇	10.0	鳴海特別(2勝クラス)		16	2.0	3	106.1	12.0	13	鮫島克駿	58.0	ダ1800		良	**	1:54.4	1.1	**	16-16-16-16	37.7-37.0	36.3	522(+6)			アラレタバシル		202507050310
2020105796	2022-11-27	5東京8	晴	6.0	2歳新馬		16	8.0	16	218.3	14.0	13	石橋脩	55.0	芝1800		良	**	1:49.7	2.5	**	16-15-15	36.8-33.5	34.7	440(0)			タスティエーラ		202205050806
2020105796	2022-12-17	5中山5	曇	7.0	2歳未勝利		18	5.0	9	383.0	17.0	5	柴田大知	55.0	芝2000		良	**	2:02.2	1.1	**	15-15-14-15	35.3-36.9	36.8	440(0)			グランベルナデット	52.0	202206050507
2020105796	2023-01-07	1中山2	晴	6.0	3歳未勝利		17	6.0	11	143.0	12.0	6	柴田大知	56.0	芝2000		良	**	2:02.5	1.3	**	15-14-14-12	36.0-35.8	36.0	438(-2)			モルトヴェローチェ		202306010206
2020105796	2023-01-22	1中山8	曇	5.0	3歳未勝利		15	7.0	12	53.3	9.0	1	柴田大知	56.0	芝2200		良	**	2:16.2	-0.1	**	13-13-10-7	35.8-37.1	36.0	438(0)			(ヤングローゼス)	550.0	202306010805
2020105796	2023-04-02	3中山4	曇	8.0	山吹賞(1勝クラス)		6	4.0	4	18.5	5.0	4	柴田大知	56.0	芝2200		良	**	2:17.1	0.8	**	3-3-3-2	38.6-34.7	34.9	436(-2)			ドゥレッツァ	160.0	202306030408
2020105796	2023-04-22	2東京1	晴	9.0	新緑賞(1勝クラス)		8	7.0	7	58.6	7.0	6	柴田大知	56.0	芝2300		良	**	2:21.9	1.3	**	4-3-3-3	31.7-34.2	35.1	430(-6)			サスツルギ		202305020109
2020105796	2023-07-01	2福島1	曇	9.0	開成山特別(1勝クラス)		10	4.0	4	16.3	6.0	4	柴田大知	55.0	芝2600		稍	**	2:42.7	0.9	**	10-10-9-8	37.7-36.2	36.1	432(+2)			ヒシシュシュ	170.0	202303020109
2020105796	2023-07-23	2福島8	晴	8.0	3歳以上1勝クラス		14	3.0	3	17.3	8.0	3	柴田大知	55.0	芝2600		良	**	2:43.5	0.4	**	5-7-5-4	36.6-37.4	37.2	426(-6)			シルバーティムール	200.0	202303020808
2020105796	2023-08-06	2新潟4	晴	7.0	3歳以上1勝クラス		16	7.0	14	110.8	12.0	10	柴田大知	55.0	芝2200		良	**	2:12.7	1.0	**	16-16-13-13	34.7-35.5	35.5	424(-2)			マコトヴェリーキー		202304020407
2020105796	2023-10-03	盛岡	曇	9.0	アンタレス賞(B1)		9	8.0	8	3.9	2.0	7	柴田大知	56.0	芝1700		重	**	1:47.6	1.9	**	8-7-7-7		38.7	431(+7)			マイネルエール		202335100309
2020105796	2023-10-15	4東京5	曇	7.0	3歳以上1勝クラス		10	1.0	1	93.2	9.0	7	柴田大知	55.0	芝2400		重	**	2:27.3	1.4	**	2-2-2-2	36.6-36.1	36.9	436(+5)			コパノサントス		202305040507
2020105796	2023-10-28	4新潟5	曇	9.0	萬代橋特別(1勝クラス)		12	5.0	6	46.5	10.0	7	黛弘人	55.0	芝2400		重	**	2:32.1	0.8	**	10-11-9-9	36.8-36.2	36.2	428(-8)			ビレッジイーグル		202304040509
2020105796	2023-11-11	3福島3	晴	8.0	3歳以上1勝クラス		12	5.0	5	14.6	7.0	6	小林凌大	54.0	芝2600		良	**	2:45.9	1.2	**	6-6-8-8	38.3-36.7	37.3	430(+2)			サイブレーカー		202303030308
2020105796	2024-01-13	1小倉1	晴	6.0	4歳以上1勝クラス		16	8.0	16	87.3	12.0	13	松岡正海	57.0	芝2600		良	**	2:40.6	1.7	**	16-16-16-15	35.7-35.3	35.2	436(+6)			カナオールウェイズ		202410010106
2020105796	2024-01-20	1小倉3	雨	10.0	戸畑特別(1勝クラス)		17	8.0	16	187.9	15.0	9	武藤雅	57.0	芝2000		稍	**	2:03.2	1.6	**	16-16-16-14	36.0-35.9	36.5	440(+4)			シランケド		202410010310
2020105796	2024-02-17	2小倉3	晴	9.0	筑紫特別(1勝クラス)		9	2.0	2	43.6	8.0	7	佐々木大	57.0	芝2000		良	**	2:01.2	1.9	**	9-9-8-7	36.4-36.6	37.0	438(-2)			メイショウウネビ		202410020309
2020105796	2024-03-03	2小倉8	曇	9.0	脊振山特別(1勝クラス)		11	8.0	11	130.0	10.0	5	丸山元気	57.0	芝2600		稍	**	2:43.5	1.3	**	7-7-8-6	38.1-35.3	35.5	434(-4)			パープルクラウド	111.0	202410020809
2020105796	2024-03-24	1中京6	小雨	7.0	4歳以上1勝クラス		9	8.0	9	62.5	9.0	7	丸山元気	57.0	芝2200		重	**	2:17.2	2.2	**	4-4-5-6	35.0-37.5	38.8	434(0)			コパノサントス		202407010607
2020105796	2024-04-07	1福島2	晴	8.0	4歳以上1勝クラス		16	7.0	13	58.7	13.0	5	丸山元気	58.0	芝2600		良	**	2:40.1	1.3	**	11-12-12-10	36.6-36.9	36.9	430(-4)			マルカブリッツ	80.0	202403010208
2020105796	2024-04-21	1福島6	晴	9.0	燧ヶ岳特別(1勝クラス)		9	3.0	3	27.1	9.0	4	丸山元気	58.0	芝2600		良	**	2:40.0	0.1	**	4-3-4-3	36.8-35.8	35.6	428(-2)			ウインマイルート	170.0	202403010609
2020105796	2024-06-08	1函館1	晴	9.0	駒ケ岳特別(1勝クラス)		15	3.0	5	89.5	12.0	3	永野猛蔵	58.0	芝2600		良	**	2:39.6	0.4	**	9-9-10-8	36.6-36.0	35.7	430(+2)			メイクユーマイン	284.7	202402010109
2020105796	2024-06-23	1函館6	曇	7.0	3歳以上1勝クラス		10	3.0	3	12.7	5.0	2	永野猛蔵	58.0	芝2600		良	**	2:40.4	0.6	**	6-6-9-7	36.9-38.0	36.7	434(+4)			オールナット	320.0	202402010607
2020105796	2024-07-13	1函館11	晴	7.0	3歳以上1勝クラス		12	4.0	4	8.9	6.0	6	永野猛蔵	58.0	芝2600		良	**	2:43.7	1.2	**	11-10-12-10	38.4-36.4	36.6	438(+4)			ゴージョニーゴー		202402011107
2020105796	2024-07-27	1札幌3	曇	9.0	積丹特別(1勝クラス)		9	7.0	7	10.7	5.0	4	永野猛蔵	58.0	芝2600		良	**	2:42.8	0.5	**	5-5-5-5	37.1-35.4	35.6	434(-4)			ライフセービング	170.0	202401010309
2020105796	2024-08-10	2札幌1	晴	8.0	3歳以上1勝クラス		11	5.0	5	8.1	5.0	5	永野猛蔵	58.0	芝2600		良	**	2:42.2	0.8	**	5-6-6-4	36.5-36.9	37.1	434(0)			ウインネモフィラ	80.0	202401020108
2020105796	2024-08-24	2札幌5	晴	9.0	ルスツ特別(1勝クラス)		14	3.0	3	50.4	8.0	5	永野猛蔵	58.0	芝2600		良	**	2:42.9	0.9	**	5-5-4-4	37.1-36.4	37.0	440(+6)			ヴェローチェエラ	111.0	202401020509
2020105796	2024-12-21	5中山7	晴	9.0	ノエル賞(1勝クラス)		18	2.0	4	87.3	11.0	10	丸山元気	58.0	芝2200		良	**	2:13.2	1.5	**	6-7-7-7	34.7-35.7	35.7	454(+14)			キャントウェイト		202406050709
2020105796	2025-01-25	1小倉1	晴	7.0	4歳以上1勝クラス		16	2.0	3	59.8	12.0	12	丸山元気	58.0	芝2600		良	**	2:40.9	1.6	**	12-12-11-11	37.2-36.1	36.8	446(-8)			セイウンパシュート		202510010107
2020105796	2025-02-08	1小倉5	曇	9.0	足立山特別(1勝クラス)		14	1.0	1	54.5	12.0	4	丸山元気	58.0	芝2600		稍	**	2:44.6	0.4	**	5-5-6-6	36.4-36.5	36.6	450(+4)			サークルオブジョイ	170.0	202510010509
2020105796	2025-03-01	1小倉11	曇	9.0	脊振山特別(1勝クラス)		16	4.0	8	28.2	10.0	12	柴田大知	58.0	芝2600		良	**	2:42.9	1.6	**	3-3-10-11	36.8-36.3	37.1	446(-4)			ローザサンリヴァル		202510011109
2020105796	2025-03-23	2中山8	晴	7.0	4歳以上1勝クラス		16	7.0	14	134.5	13.0	8	柴田大知	58.0	芝2500		良	**	2:34.1	1.2	**	6-5-4-5	30.8-36.1	37.0	448(+2)			イクリール		202506020807
2020105796	2025-06-21	1函館3	曇	10.0	駒ケ岳特別(1勝クラス)		8	1.0	1	19.1	8.0	3	柴田大知	58.0	芝2600		良	**	2:41.8	0.2	**	5-4-3-3	37.5-35.3	35.3	446(-2)			マイファミリー	282.9	202502010310
2020105796	2025-07-05	1函館7	晴	7.0	3歳以上1勝クラス		12	5.0	6	16.3	6.0	3	吉田隼人	58.0	芝2600		稍	**	2:43.6	0.5	**	8-8-9-7	36.0-38.7	37.0	448(+2)			リギーロ	200.0	202502010707
2020105796	2025-07-20	1函館12	晴	8.0	3歳以上1勝クラス		9	7.0	7	19.7	7.0	5	吉田隼人	58.0	芝2600		良	**	2:39.7	0.7	**	5-6-7-5	37.4-35.0	35.2	450(+2)			レクスノヴァス	80.0	202502011208
2020105796	2025-08-03	1札幌4	晴	12.0	積丹特別(1勝クラス)		7	3.0	3	36.3	7.0	7	吉田隼人	58.0	芝2600		良	**	2:45.8	1.3	**	6-7-7-7	39.7-34.9	35.2	442(-8)			アルマデオロ		202501010412
2020105796	2025-08-16	1札幌7	晴	7.0	3歳以上1勝クラス		9	5.0	5	32.2	7.0	8	舟山瑠泉	55.0	芝2600		良	**	2:43.3	0.9	**	7-7-7-7	38.4-35.5	35.7	446(+4)			ラーシャローム		202501010707
2020105796	2025-10-18	4新潟1	曇	9.0	岩船特別(1勝クラス)		15	6.0	10	159.7	13.0	9	国分優作	58.0	芝2200		良	**	2:13.6	0.8	**	13-13-11-10	35.3-36.2	35.9	448(+2)			レーヴドロペラ		202504040109
2020105796	2025-11-09	3福島2	曇	8.0	3歳以上1勝クラス		16	1.0	2	33.4	9.0	4	舟山瑠泉	55.0	芝2600		良	**	2:42.9	0.4	**	15-15-6-4	38.1-35.1	35.3	446(-2)			バーケンヘッド	120.0	202503030208
2020105796	2025-11-24	3福島6	曇	9.0	磐梯山特別(1勝クラス)		16	8.0	15	45.9	13.0	16	舟山瑠泉	58.0	芝2600		良	**	2:41.5	1.7	**	16-14-10-15	37.8-35.5	36.5	450(+4)			カーミングライツ		202503030609
2020105796	2026-01-24	1小倉1	晴	7.0	4歳以上1勝クラス		15	7.0	13	126.0	14.0	10	菊沢一樹	58.0	芝2600		良	**	2:38.5	0.5	**	15-13-8-8	36.3-35.0	34.9	452(+2)			スズカミエール		202610010107
2020106370	2022-10-10	4阪神3	曇	4.0	2歳新馬		12	8.0	13	19.4	7.0	8	幸英明	55.0	芝1400		重	**	1:23.3	1.1	**	6-5	34.8-35.5	36.1	464(0)			スーパーアグリ		202209040304
2020106370	2022-10-16	4阪神5	晴	1.0	2歳未勝利		10	8.0	9	21.2	7.0	5	国分優作	55.0	ダ1200		良	**	1:14.1	0.5	**	7-7	36.4-37.2	36.8	464(0)			ゴッドセンド	52.0	202209040501
2020106370	2023-03-08	笠松	晴	8.0	朧月特別(3歳)		7	5.0	5	1.7	1.0	1	田口貫太	53.0	ダ1400		良	**	1:28.2	-0.5	**	3-2-1		37.8	471(+7)			(ビービーザンダー)	62.0	202347030808
2020106370	2023-03-18	1阪神11	曇	6.0	3歳1勝クラス		15	8.0	15	91.6	14.0	9	田口貫太	53.0	ダ1800		不	**	1:54.0	1.6	**	11-11-14-12	37.5-37.0	37.0	468(-3)			キリンジ		202309011106
2020106370	2023-04-01	2阪神3	晴	5.0	3歳1勝クラス		9	8.0	9	23.2	7.0	3	田口貫太	53.0	ダ1800		良	**	1:54.5	0.8	**	3-3-4-4	37.5-39.2	39.6	468(0)			マテンロウガイ	200.0	202309020305
2020106370	2023-06-25	1函館6	晴	8.0	3歳以上1勝クラス		14	1.0	1	8.2	4.0	10	小沢大仁	54.0	ダ1700		稍	**	1:47.0	2.0	**	8-9-14-13	30.0-38.0	38.4	470(+2)			ローズスター		202302010608
2020106370	2023-07-01	2函館1	晴	8.0	3歳以上1勝クラス		7	3.0	3	6.8	3.0	4	小沢大仁	54.0	ダ2400		重	**	2:34.4	0.6	**	2-2-2-3	38.3-37.8	38.2	468(-2)			メジェド	120.0	202302020108
2020106370	2023-07-15	2函館5	小雨	9.0	湯浜特別(1勝クラス)		14	4.0	6	24.3	9.0	4	富田暁	55.0	ダ1700		不	**	1:45.2	0.5	**	13-13-14-9	29.6-37.7	36.8	470(+2)			オセアフラッグ	170.0	202302020509
2020106370	2023-07-29	1札幌3	曇	8.0	3歳以上1勝クラス		13	2.0	2	6.9	5.0	3	富田暁	55.0	ダ1700		良	**	1:46.9	1.1	**	5-3-5-4	30.8-36.4	37.3	472(+2)			サンテックス	200.0	202301010308
2020106370	2023-08-13	2札幌2	雨	6.0	3歳以上1勝クラス		14	6.0	9	9.8	4.0	2	富田暁	55.0	ダ1700		良	**	1:47.5	0.6	**	10-10-3-3	31.6-37.2	37.6	476(+4)			ドゥラレジリエント	320.0	202301020206
2020106370	2023-08-26	2札幌5	晴	12.0	ニセコ特別(1勝クラス)		12	5.0	8	8.3	5.0	4	富田暁	55.0	ダ1700		良	**	1:46.5	0.5	**	8-8-8-6	30.1-38.1	38.1	478(+2)			メイクザビート	170.0	202301020512
2020106370	2023-11-25	3京都7	晴	7.0	3歳以上1勝クラス		14	3.0	4	8.9	6.0	2	田口貫太	54.0	ダ1800		良	**	1:53.0	0.3	**	8-8-7-8	37.0-38.6	38.1	478(0)			サムハンター	320.0	202308030707
2020106370	2023-12-10	5阪神4	晴	7.0	3歳以上1勝クラス		9	3.0	3	1.8	1.0	2	田口貫太	55.0	ダ1800		良	**	1:54.8	0.6	**	7-7-7-7	38.5-37.0	36.7	482(+4)			マーブルロック	320.0	202309050407
2020106370	2023-12-24	5阪神8	晴	7.0	3歳以上1勝クラス		11	8.0	11	2.2	1.0	1	Ｍ．デム	57.0	ダ1800		良	**	1:54.6	-0.5	**	5-5-6-3	37.8-39.2	38.6	486(+4)			(ガウロン)	800.0	202309050807
2020106370	2024-03-16	1中京3	晴	9.0	弥富特別(2勝クラス)		16	5.0	9	23.7	8.0	13	永島まな	55.0	ダ1900		良	**	2:01.1	1.9	**	16-16-13-14	30.6-36.9	37.5	484(-2)			メイショウコガシラ		202407010309
2020106370	2024-03-24	2阪神2	雨	8.0	4歳以上2勝クラス		14	4.0	6	17.0	8.0	4	小沢大仁	57.0	ダ2000		不	**	2:04.6	0.5	**	6-8-9-10	33.8-38.3	38.1	480(-4)			バリアントバイオ	170.0	202409020208
2020106370	2024-04-13	2阪神7	晴	12.0	4歳以上2勝クラス		10	3.0	3	5.6	2.0	6	田口貫太	57.0	ダ1800		良	**	1:53.1	0.4	**	6-6-5-4	37.0-38.7	38.7	480(0)			マリアナトレンチ		202409020712
2020106370	2024-04-28	3京都4	晴	9.0	六波羅特別(2勝クラス)		11	6.0	6	3.9	2.0	2	田口貫太	55.0	ダ1800		良	**	1:53.0	0.0	**	7-7-7-6	37.2-36.8	36.1	480(0)			メイショウカゲカツ	627.8	202408030409
2020106370	2024-05-19	3京都10	小雨	9.0	愛宕特別(2勝クラス)		16	7.0	14	7.0	3.0	3	田口貫太	58.0	ダ1800		良	**	1:53.0	0.5	**	7-7-7-9	36.6-37.6	37.3	482(+2)			コンティノアール	395.4	202408031009
2020106370	2024-08-10	2中京1	晴	10.0	日進特別(2勝クラス)		16	4.0	8	5.7	2.0	1	Ｍ．デム	58.0	ダ1800		良	**	1:53.2	-0.1	**	14-14-8-7	37.1-37.9	37.3	480(-2)			(ムジェロ)	1583.6	202407020110
2020106370	2024-08-24	2中京5	晴	11.0	瀬戸S(3勝クラス)		15	2.0	2	4.1	1.0	1	菱田裕二	55.0	ダ1900		良	**	1:59.5	-0.3	**	11-11-10-6	30.2-38.6	37.8	484(+4)			(マテンロウガイ)	1872.2	202407020511
2020106370	2024-09-23	金沢	晴	11.0	白山大賞典(JpnIII)		12	8.0	12	6.7	4.0	3	Ｍ．デム	54.0	ダ2100		重	**	2:12.3	1.2	**	4-4-3-3		38.0	489(+5)			ディクテオン	480.0	202446092311
2020106370	2024-12-19	名古屋	晴	11.0	名古屋大賞典(JpnIII)		12	8.0	11	94.2	7.0	4	Ｍ．デム	55.0	ダ2000		良	**	2:07.6	0.2	**	9-8-8		38.0	483(-6)			ミッキーファイト	450.0	202448121911
2020106370	2025-01-26	1中京9	晴	11.0	プロキオンS(GII)		16	3.0	5	66.6	11.0	10	田口貫太	57.0	ダ1800		良	**	1:52.1	1.5	**	10-12-13-13	37.2-37.3	37.5	484(+1)			サンデーファンデー		202507010911
2020106370	2025-04-12	1福島1	晴	11.0	吾妻小富士S(OP)		15	6.0	11	22.2	8.0	11	田口貫太	55.0	ダ1700		良	**	1:46.1	1.4	**	10-10-9-9	29.2-38.0	38.7	484(0)			ダンテバローズ		202503010111
2020106370	2025-05-04	2東京4	晴	10.0	ブリリアントS(L)		16	2.0	4	133.9	15.0	11	田口貫太	55.0	ダ2100		稍	**	2:10.1	1.9	**	12-12-11-11	30.4-36.5	37.2	486(+2)			ディープリボーン		202505020410
2020106370	2025-08-30	4中京3	晴	11.0	名古屋城S(OP)		16	2.0	3	79.7	14.0	13	酒井学	55.0	ダ1800		良	**	1:53.8	2.0	**	14-12-10-10	37.5-37.5	38.6	492(+6)			テーオーパスワード		202507040311
2020106370	2025-09-20	4中山6	小雨	11.0	イサ殿下御来場記念(OP)		15	7.0	12	305.5	15.0	10	石橋脩	57.0	ダ1800		重	**	1:52.9	1.6	**	10-10-8-7	36.9-37.7	38.7	484(-8)			ムルソー		202506040611
2020106370	2026-01-11	1中山4	曇	10.0	ポルックスS(OP)		16	1.0	2	338.1	16.0	8	石橋脩	57.0	ダ1800		良	**	1:54.1	1.0	**	16-16-13-14	37.8-38.0	37.9	490(+6)			カゼノランナー		202606010410
2020106394	2023-03-26	2阪神2	雨	5.0	3歳未勝利		16	5.0	9	173.4	14.0	13	酒井学	54.0	芝2000		重	**	2:07.3	3.1	**	16-16-16-16	37.2-35.8	36.7	410(0)			リミットバスター		202309020205
2020106394	2023-04-22	1京都1	晴	1.0	3歳未勝利		18	2.0	4	330.7	16.0	13	国分恭介	54.0	芝2000		良	**	2:02.1	1.2	**	18-17-18-18	35.2-36.1	35.4	414(+4)			ウィズユアドリーム		202308010101
2020106394	2023-06-18	3阪神6	曇	2.0	3歳未勝利		18	8.0	16	346.2	17.0	9	菱田裕二	54.0	芝1400		良	**	1:22.3	1.5	**	18-18	34.9-34.4	34.4	412(-2)			グランデサラス		202309030602
2020106394	2023-08-13	3小倉2	晴	2.0	3歳未勝利		18	3.0	5	221.2	16.0	12	角田大河	53.0	芝1200		良	**	1:09.8	0.4	**	17-17	33.7-35.7	34.8	418(+6)			ユハンヌス		202310030202
2020106394	2023-09-19	金沢	晴	1.0	うまかつ.net金沢(C2)		9	7.0	7	2.6	1.0	3	吉原寛人	54.0	ダ1400		重	**	1:29.9	0.4	**	3-5-6-3		38.0	432(+14)			ジュジュジューン	6.4	202346091901
2020106394	2023-10-03	金沢	晴	3.0	C214		9	8.0	8	1.5	1.0	1	吉原寛人	54.0	ダ1500		稍	**	1:35.6	-0.9	**	2-2-1-1		37.9	427(-5)			(デルレイビーチ)	40.0	202346100303
2020106394	2023-10-30	金沢	晴	6.0	C23　特別編成(C2特別)		9	1.0	1	1.7	1.0	1	松戸政也	54.0	ダ1400		重	**	1:28.2	-0.6	**	2-1-2-1		38.0	429(+2)			(ワラッテユルシテ)	40.0	202346103006
2020106394	2024-01-13	1京都4	曇	7.0	4歳以上1勝クラス		15	2.0	2	174.3	12.0	15	北村友一	55.0	ダ1400		良	**	1:28.9	2.8	**	15-15	35.7-37.8	38.1	412(-17)			ジャミーレ		202408010407
2020106394	2024-02-04	2京都4	曇	7.0	4歳以上1勝クラス		9	2.0	2	172.8	9.0	7	田口貫太	54.0	ダ1800		良	**	1:54.6	0.9	**	1-1-1-1	37.4-38.1	39.0	418(+6)			ヒロノオオゾラ		202408020407
2020106394	2024-03-09	1阪神5	曇	6.0	4歳以上1勝クラス		10	6.0	6	116.0	9.0	8	田口貫太	55.0	ダ1800		良	**	1:58.1	1.9	**	1-1-6-9	40.4-37.1	38.4	418(0)			シャンデルナゴル		202409010506
2020106394	2024-06-11	金沢	晴	7.0	金沢城賞(A2B1)		11	4.0	4	3.6	2.0	4	吉原寛人	55.0	ダ1500		良	**	1:34.6	1.2	**	10-9-5-4		38.7	417(-1)			クラップアンドチア	12.0	202446061107
2020106394	2024-07-07	3小倉4	晴	8.0	3歳以上1勝クラス		14	4.0	6	76.7	14.0	11	永島まな	54.0	ダ1000		良	**	0:58.9	1.0	**	10-10	33.2-35.9	35.7	414(-3)			プレヴィスト		202410030408
2020106394	2024-10-01	金沢	晴	8.0	加賀粟津賞(A2B1)		11	4.0	4	5.0	2.0	7	吉原寛人	55.0	ダ1500		良	**	1:36.2	1.0	**	1-1-1-1		40.3	438(+24)			ブラックサウザー		202446100108
2020106394	2024-10-19	5京都5	雨	8.0	3歳以上1勝クラス		15	2.0	2	241.9	15.0	11	鷲頭虎太	53.0	ダ1400		稍	**	1:25.8	1.0	**	4-4	35.1-37.7	38.4	436(-2)			ナッカーフェイス		202408050508
2020106394	2024-12-05	園田	晴	10.0	JRA交流武庫川特別		9	2.0	2	8.1	5.0	2	下原理	54.0	ダ1400		良	**	1:30.8	0.3	**	1-1-2-1		39.7	432(-4)			ミューオン	80.0	202450120510
2020106394	2025-05-11	2京都6	曇	8.0	4歳以上1勝クラス		14	4.0	6	156.2	13.0	13	田口貫太	56.0	ダ1400		稍	**	1:28.2	2.7	**	7-8	35.9-37.2	39.1	426(-6)			メイショウザンゲツ		202508020608
2020106394	2025-06-28	2小倉1	晴	8.0	3歳以上1勝クラス		15	3.0	6	232.2	15.0	12	角田大和	56.0	ダ1700		良	**	1:49.2	4.4	**	13-13-14-14	29.1-37.4	39.8	424(-2)			レイナデアルシーラ		202510020108
2020106394	2025-10-21	金沢	曇	11.0	加賀粟津賞(A2B1)		8	3.0	3	22.1	6.0	5	中島龍也	55.0	ダ1500		良	**	1:35.7	0.2	**	2-2-2-2		40.3	433(+9)			ウェザーコック	10.0	202546102111
2020106549	2022-11-05	5東京1	晴	6.0	2歳新馬		10	3.0	3	29.4	8.0	9	菅原明良	55.0	芝2000		良	**	2:03.3	1.7	**	6-7-8	37.1-33.8	34.9	536(0)			ジェイパームス		202205050106
2020106549	2022-12-03	5中山1	晴	4.0	2歳未勝利		16	2.0	4	37.0	7.0	6	菅原明良	55.0	ダ1800		稍	**	1:57.1	1.6	**	11-13-14-12	37.8-38.3	39.1	536(0)			フクチャンキング		202206050104
2020106549	2023-01-09	1中山4	晴	3.0	3歳未勝利		16	4.0	7	16.0	5.0	10	菅原明良	56.0	ダ1800		良	**	1:58.7	2.7	**	6-6-6-7	37.0-40.0	42.1	540(+4)			ポンサン		202306010403
2020106549	2023-01-28	1中京9	晴	3.0	3歳未勝利		15	6.0	10	61.9	10.0	3	太宰啓介	56.0	ダ1900		良	**	2:03.6	2.3	**	9-11-5-5	30.2-38.3	40.3	534(-6)			バンドマスター	140.0	202307010903
2020106549	2023-02-19	1東京8	曇	2.0	3歳未勝利		15	7.0	13	46.0	7.0	8	菅原明良	56.0	ダ2100		稍	**	2:15.5	1.6	**	2-2-2-2	31.8-39.4	40.7	536(+2)			ダスク		202305010802
2020106549	2023-03-11	2中山5	晴	3.0	3歳未勝利		16	3.0	5	11.0	5.0	6	菅原明良	56.0	ダ1800		良	**	1:56.5	2.2	**	14-14-13-13	38.0-38.7	38.6	532(-4)			ハッスルダンク		202306020503
2020106549	2023-04-09	3中山6	晴	2.0	3歳未勝利		15	6.0	10	17.6	7.0	4	菅原明良	56.0	ダ1800		稍	**	1:55.6	0.7	**	9-9-7-7	36.8-40.3	40.4	530(-2)			グラシアス	83.0	202306030602
2020106549	2023-08-05	2新潟3	晴	4.0	3歳未勝利		15	4.0	6	12.9	4.0	2	内田博幸	56.0	ダ1800		良	**	1:54.6	1.4	**	3-3-3-3	37.5-38.1	39.0	520(-10)			メダルラッシュ	220.0	202304020304
2020106549	2023-08-13	3新潟2	晴	2.0	3歳未勝利		15	4.0	7	9.7	5.0	9	内田博幸	56.0	ダ1800		良	**	1:55.4	2.0	**	3-3-2-3	37.1-38.2	40.0	522(+2)			オールマキシマム		202304030202
2020106549	2023-11-22	浦和	晴	7.0	高崎ハム賞(C1)		12	4.0	4	2.8	1.0	1	張田昂	56.0	ダ1400		良	**	1:29.1	-1.0	**	2-2-1-1	36.8-39.5	39.5	543(+21)			(アロア)	120.0	202342112207
2020106549	2023-12-21	浦和	晴	12.0	カトレア特別(C1)		12	8.0	11	1.1	1.0	1	張田昂	56.0	ダ2000		良	**	2:13.7	-1.5	**	2-2-1-1	39.0-41.0	41.0	539(-4)			(キトゥンズルンバ)	160.0	202342122112
2020106549	2024-01-09	浦和	晴	12.0	初夢特別(C1)		10	3.0	3	1.1	1.0	1	張田昂	56.0	ダ2000		良	**	2:13.7	-0.9	**	1-1-1-1	39.8-40.5	40.5	542(+3)			(ガラデレオン)	160.0	202442010912
2020106549	2024-02-24	2中山1	晴	8.0	4歳以上1勝クラス		12	3.0	3	21.4	8.0	7	鮫島克駿	57.0	ダ1800		稍	**	1:54.0	1.0	**	1-1-1-1	37.8-37.6	38.6	546(+4)			シゲルカミカゼ		202406020108
2020106549	2024-03-10	2中山6	晴	8.0	4歳以上1勝クラス		15	6.0	11	14.2	8.0	2	岩田康誠	57.0	ダ2400		稍	**	2:39.1	0.1	**	3-3-2-2	39.2-39.8	39.8	544(-2)			ダスク	320.0	202406020608
2020106549	2024-04-06	3中山5	曇	8.0	4歳以上1勝クラス		16	6.0	11	3.0	1.0	2	横山武史	58.0	ダ2400		稍	**	2:35.0	0.5	**	6-7-6-6	37.3-40.4	40.3	546(+2)			ネイチャーシップ	320.0	202406030508
2020106549	2024-05-11	2東京7	晴	8.0	4歳以上1勝クラス		11	5.0	5	2.6	1.0	4	横山武史	58.0	ダ2100		良	**	2:13.4	0.5	**	1-1-1-1	32.5-38.9	39.4	548(+2)			ベルウッドグラス	120.0	202405020708
2020106549	2024-06-08	3東京3	晴	8.0	3歳以上1勝クラス		16	3.0	5	6.3	4.0	8	三浦皇成	58.0	ダ2100		良	**	2:12.7	1.3	**	2-3-3-3	31.5-37.9	38.8	542(-6)			メイプルタピット		202405030308
2020106549	2024-10-20	4新潟6	晴	6.0	3歳以上1勝クラス		10	8.0	9	6.6	4.0	7	佐々木大	58.0	ダ1800		稍	**	1:54.3	1.9	**	5-4-7-7	36.1-38.4	39.3	550(+8)			アッティラ		202404040606
2020106549	2024-11-17	5東京6	晴	6.0	3歳以上1勝クラス		16	8.0	16	44.2	11.0	10	北村宏司	58.0	ダ2100		良	**	2:13.2	2.3	**	3-3-3-3	30.1-37.7	39.5	550(0)			マウンテンエース		202405050606
2020106549	2024-12-14	5中山5	晴	8.0	3歳以上1勝クラス		16	2.0	3	137.5	13.0	9	北村宏司	58.0	ダ1800		良	**	1:56.1	1.0	**	15-15-15-15	37.7-39.4	38.3	558(+8)			フリーマントル		202406050508
2020106549	2025-01-12	1中山4	曇	8.0	4歳以上1勝クラス		16	6.0	11	31.9	11.0	3	北村宏司	58.0	ダ1800		良	**	1:54.7	0.3	**	12-12-12-8	36.9-39.5	38.7	552(-6)			ブレスワード	200.0	202506010408
2020106549	2025-01-26	1中山9	晴	6.0	4歳以上1勝クラス		16	5.0	10	17.3	7.0	3	北村宏司	58.0	ダ1800		良	**	1:55.4	0.1	**	9-9-10-9	37.1-40.6	38.6	558(+6)			ライジンマル	200.0	202506010906
2020106549	2025-02-15	1東京5	晴	4.0	4歳以上1勝クラス		16	8.0	15	6.6	3.0	11	北村宏司	58.0	ダ2100		良	**	2:15.0	1.2	**	14-14-10-10	31.7-37.0	37.3	556(-2)			クロックフォード		202505010504
2020106549	2025-03-08	2中山3	曇	8.0	4歳以上1勝クラス		16	3.0	5	9.9	4.0	3	北村宏司	58.0	ダ1800		稍	**	1:54.5	0.4	**	3-4-4-3	37.6-38.1	38.2	546(-10)			ホレーショ	200.0	202506020308
2020106549	2025-03-22	2中山7	晴	7.0	4歳以上1勝クラス		16	1.0	1	9.9	6.0	1	北村宏司	58.0	ダ1800		稍	**	1:54.4	-0.3	**	4-4-5-5	37.0-38.6	38.3	542(-4)			(スペイドアン)	800.0	202506020707
2020106549	2025-06-28	2福島1	晴	10.0	いわき特別(2勝クラス)		14	3.0	4	54.8	9.0	12	木幡育也	58.0	ダ1700		良	**	1:47.5	3.3	**	7-7-9-10	30.2-36.8	38.9	536(-6)			ナルカミ		202503020110
2020106549	2025-07-26	2新潟1	晴	6.0	麒麟山特別(2勝クラス)		15	4.0	7	182.6	14.0	14	木幡育也	58.0	ダ1800		良	**	1:55.6	3.2	**	12-11-12-13	37.8-37.2	39.1	534(-2)			クラウンシエンタ		202504020106
2020106549	2025-09-13	4中山3	曇	9.0	松戸特別(2勝クラス)		11	7.0	9	77.3	10.0	7	江田照男	54.0	ダ2400		不	**	2:38.0	1.9	**	5-5-5-6	40.5-36.3	37.7	536(+2)			ベルベルコンパス		202506040309
2020106549	2025-10-25	4新潟3	曇	10.0	菅名岳特別(2勝クラス)		15	3.0	5	243.9	15.0	12	江田照男	58.0	ダ1800		良	**	1:54.2	3.5	**	8-8-7-8	35.9-36.7	39.4	544(+8)			アスクシュタイン		202504040310
2020106549	2025-12-20	5中山5	曇	10.0	香取特別(2勝クラス)		16	6.0	11	206.2	13.0	13	江田照男	58.0	ダ2400		良	**	2:36.9	2.5	**	11-11-2-3	37.9-38.9	41.3	550(+6)			プレシャスデイ		202506050510
2020106549	2026-01-12	1中山5	晴	9.0	成田特別(2勝クラス)		16	7.0	13	315.9	16.0	14	江田照男	58.0	ダ2400		良	**	2:37.9	2.1	**	5-5-6-4	37.9-39.5	41.0	542(-8)			ダカラフェスティヴ		202606010509
2020106877	2022-10-22	4阪神6	晴	3.0	2歳新馬		10	3.0	3	2.0	1.0	4	武豊	54.0	ダ1800		良	**	1:57.6	1.8	**	3-3-3-4	39.1-38.5	39.9	520(0)			バリアントバイオ	110.0	202209040603
2020106877	2022-12-04	6中京2	晴	1.0	2歳未勝利		14	7.0	11	2.5	1.0	2	武豊	54.0	ダ1800		良	**	1:56.3	0.0	**	1-1-1-1	37.8-38.7	38.7	506(-14)			ツーエムルーイー	210.0	202207060201
2020106877	2023-01-08	1中京3	晴	1.0	3歳未勝利		15	1.0	1	1.8	1.0	3	武豊	54.0	ダ1800		良	**	1:56.8	0.4	**	1-1-1-1	37.1-39.4	39.8	504(-2)			サイモンコーラル	140.0	202307010301
2020106877	2023-02-04	1小倉7	曇	1.0	3歳未勝利		12	7.0	9	1.9	1.0	1	武豊	54.0	ダ1700		稍	**	1:47.5	-0.1	**	1-1-1-1	31.9-36.4	36.4	500(-4)			(ショウナンアキドン)	550.0	202310010701
2020106877	2023-05-07	2東京6	小雨	5.0	3歳1勝クラス		16	1.0	1	6.0	4.0	6	武豊	54.0	ダ1400		良	**	1:25.6	0.6	**	1-1	34.7-37.9	38.5	500(0)			ハードワイヤード		202305020605
2020106877	2023-06-04	3阪神2	晴	7.0	3歳以上1勝クラス		16	5.0	10	2.7	1.0	1	田口貫太	50.0	ダ1400		稍	**	1:24.1	-0.2	**	2-2	35.1-36.9	36.8	504(+4)			(ルクスレガート)	800.0	202309030207
2020106877	2023-06-25	3阪神8	曇	12.0	リボン賞(2勝クラス)		16	1.0	2	8.0	4.0	3	武豊	53.0	ダ1200		良	**	1:12.1	0.1	**	1-1	34.6-37.4	37.5	502(-2)			コパノハンプトン	395.1	202309030812
2020106877	2023-09-09	4阪神1	晴	12.0	3歳以上2勝クラス		16	2.0	3	2.9	2.0	4	武豊	54.0	ダ1200		良	**	1:13.0	1.0	**	10-10	34.7-37.3	37.1	510(+8)			メイショウクリフト	170.0	202309040112
2020106877	2023-10-09	2京都3	曇	12.0	3歳以上2勝クラス		13	8.0	13	4.2	3.0	2	今村聖奈	51.0	ダ1400		重	**	1:24.8	0.1	**	3-2	34.2-38.6	38.4	508(-2)			レディフォース	460.0	202308020312
2020106877	2023-11-18	5東京5	曇	8.0	3歳以上2勝クラス		16	5.0	10	5.4	2.0	10	横山武史	55.0	ダ1400		重	**	1:24.3	0.8	**	3-6	34.8-36.5	36.9	500(-8)			マーブルマカロン		202305050508
2020106877	2023-12-17	5阪神6	晴	8.0	3歳以上2勝クラス		14	5.0	7	5.3	3.0	3	ルメール	55.0	ダ1400		稍	**	1:25.5	0.1	**	2-2	34.1-39.2	39.2	502(+2)			スマートアンバー	290.0	202309050608
2020106877	2024-02-11	2京都6	曇	12.0	4歳以上2勝クラス		16	7.0	13	4.8	3.0	9	今村聖奈	53.0	ダ1200		良	**	1:13.4	1.2	**	12-12	35.2-37.0	37.1	506(+4)			ロードラディウス		202408020612
2020106877	2024-02-25	2中山2	小雨	12.0	4歳以上2勝クラス		12	6.0	8	6.1	2.0	9	武豊	55.0	ダ1800		重	**	1:56.2	2.9	**	3-3-1-1	37.3-38.8	41.7	494(-12)			ホウオウカブキ		202406020212
2020106877	2024-07-07	2福島4	晴	12.0	彦星賞(2勝クラス)		16	8.0	15	6.2	4.0	1	田辺裕信	56.0	ダ1150		良	**	1:08.2	-0.1	**	2-2	31.0-37.2	37.1	506(+12)			(ロープスピニング)	1583.6	202403020412
2020106877	2024-09-14	4中山3	晴	11.0	初風S(3勝クラス)		16	7.0	14	9.4	5.0	3	丹内祐次	53.0	ダ1200		良	**	1:11.7	0.4	**	1-1	33.9-37.4	37.8	514(+8)			エティエンヌ	464.8	202406040311
2020106877	2024-11-02	3福島1	雨	11.0	フルーツラインC(3勝クラス)		16	5.0	9	5.9	4.0	13	丹内祐次	56.0	ダ1150		不	**	1:09.0	2.1	**	2-3	30.9-36.0	38.0	520(+6)			エランティス		202403030111
2020106877	2025-01-05	1中京1	晴	10.0	門松S(3勝クラス)		16	2.0	3	11.7	4.0	2	武豊	56.0	ダ1200		良	**	1:11.6	0.0	**	1-1	35.5-36.1	36.1	516(-4)			サウンドアレグリア	750.0	202507010110
2020106877	2025-02-10	1京都3	晴	9.0	橿原S(3勝クラス)		13	5.0	7	2.7	1.0	10	武豊	56.0	ダ1200		良	**	1:13.1	0.9	**	2-1	35.8-36.4	37.2	516(0)			ペプチドヤマト		202508010309
2020106877	2025-03-01	2中山1	晴	10.0	春風S(3勝クラス)		16	8.0	15	13.6	4.0	13	ルメール	54.0	ダ1200		良	**	1:12.9	1.9	**	7-8	33.8-37.2	38.3	508(-8)			ニットウバジル		202506020110
2020106877	2025-04-13	1福島2	雨	10.0	やまびこS(3勝クラス)		16	8.0	16	41.8	11.0	14	田口貫太	56.0	ダ1150		良	**	1:10.0	1.3	**	6-5	30.4-38.3	38.8	506(-2)			シークレットヴァウ		202503010210
2020106877	2025-05-25	2京都10	曇	10.0	高瀬川S(3勝クラス)		16	2.0	4	34.4	10.0	9	武豊	56.0	ダ1400		重	**	1:23.0	0.8	**	1-1	34.2-36.3	37.1	516(+10)			キャプテンネキ		202508021010
2020106877	2025-07-12	2小倉5	晴	11.0	釜山S(3勝クラス)		10	3.0	3	12.1	6.0	1	幸英明	56.0	ダ1000		良	**	0:59.0	-0.2	**	1-1	33.9-36.4	36.4	504(-12)			(ユスティニアン)	1863.1	202510020511
2020106877	2025-08-17	2新潟8	晴	7.0	NST賞(OP)		15	5.0	9	11.8	7.0	3	今村聖奈	52.0	ダ1200		良	**	1:10.9	0.4	**	2-2	33.6-36.9	37.2	502(-2)			クロジシジョー	554.5	202504020807
2020106877	2025-11-08	4京都1	晴	11.0	室町S(OP)		16	7.0	14	22.3	10.0	16	田口貫太	52.0	ダ1200		良	**	1:12.0	1.7	**	2-2	34.2-36.1	37.6	504(+2)			ペプチドヤマト		202508040111
2020106877	2025-12-14	5中山4	曇	10.0	師走S(L)		16	7.0	13	124.8	14.0	15	舟山瑠泉	52.0	ダ1800		稍	**	1:55.6	3.9	**	11-11-12-15	37.1-37.5	40.2	500(-4)			ブライアンセンス		202506050410
2020106877	2025-12-28	5阪神8	晴	11.0	ギャラクシーS(OP)		16	5.0	10	97.2	13.0	16	今村聖奈	55.0	ダ1400		良	**	1:27.3	3.9	**	2-2	33.9-37.6	41.4	504(+4)			ノーブルロジャー		202509050811
2020106900	2022-09-24	4中山6	曇	5.0	2歳新馬		16	3.0	6	10.6	4.0	7	大野拓弥	54.0	芝1600		不	**	1:36.9	0.2	**	6-5-5	36.4-36.4	35.7	450(0)			コウセイマリア		202206040605
2020106900	2022-10-10	4東京3	晴	2.0	2歳未勝利		14	8.0	14	15.6	4.0	4	ルメール	54.0	芝1600		稍	**	1:35.2	0.3	**	7-6	34.9-35.2	35.1	448(-2)			ウヴァロヴァイト	78.0	202205040302
2020106900	2022-11-06	5東京2	晴	2.0	2歳未勝利		15	4.0	6	14.2	8.0	10	戸崎圭太	54.0	芝1600		良	**	1:35.4	0.9	**	3-3	35.1-34.9	35.5	448(0)			エバーハピネス		202205050202
2020106900	2023-03-11	2中京1	晴	4.0	3歳未勝利		18	2.0	3	7.7	4.0	8	永島まな	50.0	芝1400		良	**	1:22.7	1.0	**	14-13	35.0-35.2	34.3	430(-18)			ベルタソ		202307020104
2020106900	2023-06-04	3東京2	晴	3.0	3歳未勝利		18	6.0	11	34.5	9.0	8	田辺裕信	54.0	芝1400		稍	**	1:21.8	0.6	**	16-16	34.9-34.5	33.5	446(+16)			グランドカリナン		202305030203
2020106900	2023-07-01	2福島1	曇	7.0	3歳未勝利		16	7.0	13	23.7	9.0	1	原優介	52.0	芝2000		稍	**	2:01.1	0.0	**	9-8-7-5	35.7-36.4	35.6	442(-4)			(ダグフォース)	550.0	202303020107
2020106900	2023-10-01	4中山9	曇	7.0	3歳以上1勝クラス		15	2.0	3	27.0	9.0	5	横山典弘	53.0	芝2200		良	**	2:16.2	0.2	**	2-2-4-4	37.2-35.2	35.1	446(+4)			ホウオウサンデー	80.0	202306040907
2020106900	2023-10-21	4東京6	晴	12.0	3歳以上1勝クラス		9	3.0	3	15.7	6.0	7	横山典弘	54.0	芝1800		良	**	1:47.7	0.4	**	1-1-1	36.5-34.4	34.8	448(+2)			グランドカリナン		202305040612
2020106900	2024-02-03	1小倉7	小雨	12.0	4歳以上1勝クラス		11	6.0	6	8.7	5.0	8	佐々木大	54.0	芝2000		稍	**	2:05.1	2.3	**	2-2-2-3	35.0-38.2	40.2	458(+10)			マリネロ		202410010712
2020106900	2024-02-18	2小倉4	晴	8.0	4歳以上1勝クラス		9	8.0	8	9.6	6.0	6	鮫島克駿	55.0	芝2000		良	**	2:01.4	0.3	**	2-2-1-2	37.5-35.2	35.5	448(-10)			エリダヌス		202410020408
2020106900	2024-03-02	2小倉7	晴	8.0	4歳以上1勝クラス		13	7.0	11	32.6	8.0	6	斎藤新	56.0	芝2000		稍	**	2:03.1	1.4	**	9-10-8-6	34.7-37.1	36.8	446(-2)			アリスヴェリテ		202410020708
2020106900	2024-07-07	2福島4	晴	9.0	織姫賞(1勝クラス)		16	3.0	5	9.9	5.0	6	横山典弘	56.0	芝1800		良	**	1:49.1	0.6	**	14-14-14-15	35.9-35.5	35.0	456(+10)			ルーチェロッサ		202403020409
2020106900	2024-08-04	2新潟4	晴	10.0	3歳以上1勝クラス		18	6.0	11	30.1	7.0	3	横山典弘	56.0	芝1600		良	**	1:32.8	0.3	**	14-14	33.9-35.9	33.0	454(-2)			シヴァース	200.0	202404020410
2020106900	2024-10-14	4新潟4	晴	12.0	3歳以上1勝クラス		16	4.0	8	9.3	4.0	11	長浜鴻緒	53.0	芝1800		良	**	1:47.9	1.4	**	12-12	34.0-35.0	35.7	446(-8)			ムガ		202404040412
2020106900	2024-10-27	4新潟8	晴	7.0	3歳以上1勝クラス		18	3.0	5	11.2	5.0	5	石川裕紀	56.0	芝1800		良	**	1:46.8	0.6	**	12-12	34.7-34.6	34.4	450(+4)			デファイ	80.0	202404040807
2020106900	2025-03-16	2中京2	曇	7.0	4歳以上1勝クラス		16	3.0	6	34.2	12.0	12	石川裕紀	56.0	芝1600		重	**	1:38.5	1.3	**	7-10-11	36.3-35.9	36.1	460(+10)			マテンロウブラボー		202507020207
2020106900	2025-05-24	2東京9	曇	7.0	4歳以上1勝クラス		13	2.0	2	58.8	11.0	1	大野拓弥	56.0	芝1600		良	**	1:34.5	-0.1	**	5-4	35.7-33.9	33.4	466(+6)			(レイククレセント)	800.0	202505020907
2020106900	2025-06-07	3東京1	晴	10.0	由比ヶ浜特別(2勝クラス)		15	7.0	12	39.1	9.0	1	大野拓弥	53.0	芝1400		良	**	1:21.0	-0.3	**	6-7	35.0-34.1	33.3	468(+2)			(サダメ)	1584.3	202505030110
2020106900	2025-07-26	2新潟1	晴	7.0	新潟日報賞(3勝クラス)		10	7.0	7	8.2	5.0	4	大野拓弥	56.0	芝1400		良	**	1:19.9	0.8	**	3-3	34.4-33.2	33.6	464(-4)			ワールズエンド	280.0	202504020107
2020106900	2025-08-24	3新潟2	晴	9.0	長岡S(3勝クラス)		18	2.0	3	14.8	8.0	6	大野拓弥	54.0	芝1600		良	**	1:32.9	0.4	**	2-2	34.8-33.6	33.9	458(-6)			ファーヴェント		202504030209
2020106900	2025-10-04	4東京1	小雨	10.0	白秋S(3勝クラス)		15	5.0	8	10.0	5.0	9	大野拓弥	54.0	芝1400		良	**	1:20.3	0.5	**	5-5	34.4-34.0	33.9	460(+2)			レッドシュヴェルト		202505040110
2020106914	2022-06-25	1函館5	曇	5.0	2歳新馬		8	6.0	6	1.8	1.0	2	池添謙一	54.0	芝1200		稍	**	1:10.1	0.0	**	1-1	35.1-35.0	35.0	456(0)			フミサウンド	280.0	202202010505
2020106914	2022-07-09	1函館9	曇	1.0	2歳未勝利		7	2.0	2	1.1	1.0	1	池添謙一	54.0	芝1200		良	**	1:09.9	-0.4	**	1-1	34.7-35.2	35.2	460(+4)			(トラネスハープ)	520.0	202202010901
2020106914	2022-08-21	2札幌4	晴	9.0	クローバー賞(OP)		11	6.0	6	2.7	1.0	2	池添謙一	54.0	芝1500		良	**	1:31.6	0.0	**	5-4-4	30.2-36.5	36.2	476(+16)			ジョリダム	646.8	202201020409
2020106914	2022-09-17	5中京3	曇	9.0	ききょうS(OP)		10	8.0	10	3.0	1.0	5	池添謙一	54.0	芝1400		良	**	1:20.9	0.5	**	5-5	34.5-34.4	34.5	468(-8)			アロマデローサ	160.0	202207050309
2020106914	2022-11-13	3福島4	曇	9.0	福島2歳S(OP)		16	1.0	1	5.5	3.0	3	西村淳也	55.0	芝1200		良	**	1:10.3	0.3	**	3-3	34.7-35.3	35.4	482(+14)			ビッグシーザー	405.0	202203030409
2020106914	2022-12-04	6阪神2	曇	9.0	さざんか賞(1勝クラス)		8	7.0	7	2.3	1.0	3	西村淳也	55.0	芝1200		良	**	1:08.8	0.6	**	3-3	34.1-34.1	34.3	478(-4)			ミルトクレイモー	262.6	202209060209
2020106914	2023-02-25	1阪神5	晴	5.0	3歳1勝クラス		16	3.0	6	4.7	2.0	9	池添謙一	56.0	ダ1200		稍	**	1:13.1	1.6	**	2-2	34.9-36.6	38.1	490(+12)			ミルトハンター		202309010505
2020106914	2023-11-04	3福島1	曇	8.0	3歳以上1勝クラス		13	3.0	3	2.6	1.0	2	佐々木大	56.0	芝1200		良	**	1:08.8	0.2	**	3-2	33.6-35.0	34.9	494(+4)			グランツベリー	320.0	202303030108
2020106914	2024-07-07	3小倉4	晴	12.0	3歳以上1勝クラス		9	3.0	3	3.7	2.0	6	西村淳也	58.0	芝1200		良	**	1:08.6	0.7	**	2-2	32.9-35.0	35.6	490(-4)			タイキヴァンクール		202410030412
2020106914	2024-10-05	4新潟1	晴	12.0	3歳以上1勝クラス		18	2.0	4	6.2	3.0	1	丹内祐次	58.0	芝1000		良	**	0:55.1	-0.3	**	5	32.8-33.0	32.6	500(+10)			(ジョウゲンノツキ)	800.0	202404040112
2020106914	2024-10-12	4新潟3	晴	11.0	飛翼特別(2勝クラス)		18	7.0	14	4.0	1.0	2	津村明秀	58.0	芝1000		良	**	0:54.4	0.0	**	6	32.1-32.6	32.2	496(-4)			スコーピオン	631.4	202404040311
2020106914	2025-02-02	1小倉4	曇	10.0	周防灘特別(2勝クラス)		18	4.0	8	4.6	2.0	5	丹内祐次	58.0	芝1200		稍	**	1:10.0	0.5	**	4-3	34.3-35.2	35.4	504(+8)			トーラスシャイン	155.0	202510010410
2020106914	2025-05-04	1新潟2	晴	10.0	邁進特別(2勝クラス)		16	7.0	13	2.2	1.0	2	酒井学	58.0	芝1000		良	**	0:56.2	0.6	**	4	32.8-33.7	33.8	500(-4)			ニシノコニャック	630.2	202504010210
2020106914	2025-08-10	2新潟6	雨	8.0	驀進特別(2勝クラス)		18	3.0	5	18.8	5.0	5	津村明秀	58.0	芝1000		重	**	0:56.6	0.4	**	4	33.1-34.0	34.2	492(-8)			エコロジーク	155.0	202504020608
2020106914	2025-08-31	3新潟4	晴	12.0	雷光特別(2勝クラス)		12	6.0	7	3.9	2.0	1	津村明秀	58.0	芝1000		良	**	0:54.1	-0.1	**	4	32.0-32.4	32.1	494(+2)			(クールベイビー)	1577.3	202504030412
2020106914	2025-10-26	4新潟4	雨	11.0	ルミエールオータムD(L)		17	8.0	17	3.4	1.0	1	斎藤新	53.0	芝1000		稍	**	0:55.3	-0.1	**	1	32.7-33.2	33.2	498(+4)			(カルロヴェローチェ)	2739.2	202504040411
2020106974	2022-10-02	4中山9	晴	3.0	2歳新馬		16	6.0	11	56.9	12.0	13.0	杉原誠人	55.0	芝1200		良	**	1:12.4	2.2	**	16-16	35.3-34.9	34.5	468(0)			ミネヒメ		202206040903
2020106974	2022-10-16	4新潟2	晴	4.0	2歳未勝利		10	8.0	10	109.9	9.0	10.0	杉原誠人	55.0	芝1600		良	**	1:39.0	1.2	**	10-10	37.2-33.5	33.9	470(+2)			トーセントラム		202204040204
2020106974	2023-02-05	1東京4	晴	5.0	3歳未勝利		16	8.0	16	359.1	14.0	4.0	嶋田純次	56.0	芝1600		良	**	1:35.0	0.7	**	12-11	35.2-35.0	34.9	466(-4)			ココクレーター	83.0	202305010405
2020106974	2023-02-18	1東京7	晴	6.0	3歳未勝利		16	1.0	2	81.4	10.0	3.0	嶋田純次	56.0	芝1600		良	**	1:35.1	0.1	**	5-5	35.6-34.7	34.3	458(-8)			ハリケーンリッジ	140.0	202305010706
2020106974	2023-03-11	2中山5	晴	5.0	3歳未勝利		16	3.0	5	30.2	8.0	9.0	嶋田純次	56.0	芝1800		良	**	1:50.6	0.7	**	8-9-9-9	38.1-34.9	34.8	456(-2)			ガレストロ		202306020505
2020106974	2023-05-28	2東京12	晴	4.0	3歳未勝利		18	4.0	7	75.0	11.0	7.0	杉原誠人	56.0	芝1600		良	**	1:33.6	0.8	**	9-9	34.9-34.0	33.7	460(+4)			ジュドー		202305021204
2020106974	2023-06-24	3東京7	晴	4.0	3歳未勝利		16	2.0	4	49.2	7.0	9.0	嶋田純次	56.0	芝1600		良	**	1:34.7	0.7	**	9-9	35.6-34.3	34.2	458(-2)			コントラポスト		202305030704
2020106974	2023-09-02	3新潟7	曇	6.0	3歳未勝利		17	2.0	4	48.2	10.0	10.0	杉原誠人	56.0	芝1600		良	**	1:35.4	1.5	**	16-15	34.4-35.8	35.4	448(-10)			ランカグア		202304030706
2020106974	2023-12-25	金沢	雨	3.0	C28		7	6.0	6	1.6	1.0	2.0	栗原大河	56.0	ダ1400		不	**	1:30.2	0.0	**	6-5-4-4		38.4	468(+20)			ケイラブマッハ	12.8	202346122503
2020106974	2024-03-12	金沢	雨	7.0	北陸新幹線県内全線開(C2)		9	3.0	3	1.7	1.0	1.0	栗原大河	56.0	ダ1400		不	**	1:31.2	-0.6	**	1-1-1-1		39.7	471(+3)			(トップキング)	41.0	202446031207
2020106974	2024-04-03	金沢	雨	7.0	第1回こいちゃん結婚(C1)		9	6.0	6	1.4	1.0		栗原大河	56.0	ダ1500		稍	**	1:37.7		**	3-2-1-1			471(0)			コンチドリーム		202446040307
2020106974	2024-05-19	金沢	曇	7.0	おトクで楽しい楽天競(C2)		10	7.0	8	1.6	1.0	1.0	栗原大河	56.0	ダ1500		良	**	1:36.7	-0.8	**	1-1-1-1		38.1	478(+7)			(ウラカワノオト)	41.0	202446051907
2020106974	2024-06-02	金沢	曇	8.0	泰雅・美優の結婚記念(B2)		11	2.0	2	1.4	1.0	1.0	栗原大河	56.0	ダ1500		良	**	1:36.9	-0.5	**	3-3-1-1		39.3	481(+3)			(ノブノキャット)	45.0	202446060208
2020106974	2024-07-01	金沢	曇	7.0	B23		7	1.0	1	1.5	1.0	2.0	栗原大河	56.0	ダ1500		重	**	1:36.0	0.2	**	3-4-2-2		38.4	473(-8)			ベルウッドミカサ	14.4	202446070107
2020106974	2024-10-14	4東京4	晴	6.0	3歳以上1勝クラス		16	3.0	6	169.8	16.0	10.0	岩部純二	58.0	ダ1400		良	**	1:25.6	1.0	**	13-12	36.0-36.3	36.1	476(+3)			カリフォルニア		202405040406
2020106974	2024-10-27	4東京8	曇	7.0	3歳以上1勝クラス		13	6.0	8	200.4	11.0	6.0	長岡禎仁	58.0	ダ1600		良	**	1:38.0	1.0	**	5-6	34.7-36.7	36.8	478(+2)			アオイミモザ		202405040807
2020106974	2024-11-10	5東京4	曇	6.0	3歳以上1勝クラス		16	7.0	14	22.3	6.0	7.0	長岡禎仁	58.0	ダ1600		良	**	1:38.8	1.6	**	8-9	35.8-36.2	36.9	484(+6)			ホウキボシ		202405050406
2020106974	2025-05-17	2東京7	雨	8.0	4歳以上1勝クラス		13	5.0	7	43.1	8.0	5.0	内田博幸	58.0	ダ1600		不	**	1:37.1	1.4	**	6-6	36.1-35.9	36.6	474(-10)			レッドアレグロ	80.0	202505020708
2020106974	2025-05-31	2東京11	小雨	8.0	4歳以上1勝クラス		16	1.0	1	87.3	12.0	3.0	内田博幸	58.0	ダ1600		不	**	1:36.1	0.7	**	6-6	35.0-35.9	36.1	478(+4)			サンドオブエテル	200.0	202505021108
2020106974	2025-06-21	3東京5	晴	12.0	3歳以上1勝クラス		16	8.0	16	34.9	7.0	6.0	内田博幸	58.0	ダ1600		良	**	1:37.2	0.6	**	3-3	34.7-37.0	37.1	470(-8)			チザルピーノ		202505030512
2020106974	2025-10-12	4東京4	曇	7.0	3歳以上1勝クラス		16	3.0	6	48.1	11.0	9.0	内田博幸	58.0	ダ1600		良	**	1:39.1	0.8	**	7-9	36.5-36.8	36.9	486(+16)			アデランテ		202505040407
2020106974	2025-10-18	4東京6	晴	6.0	3歳以上1勝クラス		15	5.0	9	39.9	7.0	7.0	内田博幸	58.0	ダ1600		良	**	1:38.2	1.0	**	7-7	35.0-37.8	38.0	484(-2)			ヘリオトロープ		202505040606
2020106974	2025-11-02	4東京11	曇	7.0	3歳以上1勝クラス		15	3.0	5	213.8	12.0	8.0	内田博幸	58.0	ダ1600		重	**	1:37.1	1.3	**	9-9	34.8-36.8	37.1	482(-2)			ジェイエルマスター		202505041107
2020106974	2025-11-16	5東京4	晴	6.0	3歳以上1勝クラス		16	2.0	4	35.6	8.0	3.0	内田博幸	58.0	ダ1600		良	**	1:37.7	0.4	**	6-6	35.2-37.6	37.3	482(0)			エーデル	160.0	202505050406
2020106974	2025-11-29	5東京7	晴	6.0	3歳以上1勝クラス		16	5.0	9	70.2	9.0	10.0	内田博幸	58.0	ダ1600		良	**	1:39.4	1.7	**	11-11	35.7-36.3	37.0	484(+2)			コーカサスゴールド		202505050706
2020107018	2023-01-15	1中山6	曇	6.0	3歳新馬		13	8.0	13	4.8	2.0	5	三浦皇成	56.0	ダ1800		良	**	1:57.9	2.3	**	1-1-1-1	37.8-39.2	41.5	546(0)			ボールドゾーン	62.0	202306010606
2020107018	2023-03-25	2中京5	曇	2.0	3歳未勝利		16	4.0	7	4.9	2.0	10	黛弘人	56.0	ダ1400		不	**	1:26.6	2.4	**	10-10	35.4-36.7	38.2	536(-10)			スマートアンバー		202307020502
2020107018	2023-08-06	2新潟4	晴	3.0	3歳未勝利		15	3.0	5	54.1	9.0	8	秋山稔樹	55.0	ダ1200		良	**	1:13.0	1.5	**	13-13	34.2-37.3	36.5	532(-4)			カレンチャンキー		202304020403
2020107018	2024-08-08	門別	曇	4.0	チプサンケ賞(C4)		7	3.0	3	3.6	2.0	1	宮内勇樹	56.0	ダ1200		稍	**	1:14.5	-1.1	**	3-1		37.8	556(+24)			(エピタキシー)	40.0	202430080804
2020107018	2024-08-28	門別	晴	8.0	3歳以上C3C4ー1		9	1.0	1	1.0	1.0	1	宮内勇樹	56.0	ダ1200		重	**	1:14.3	-0.3	**	4-3		37.4	552(-4)			(ノリサムソン)	40.0	202430082808
2020107018	2024-10-02	門別	曇	10.0	北海道日高乳業ヨーグ(C2)		11	8.0	11	1.4	1.0	1	宮内勇樹	56.0	ダ1200		良	**	1:14.9	-0.2	**	4-4		37.5	558(+6)			(タイセイトリオンフ)	55.0	202430100210
2020107018	2025-08-02	3中京3	晴	10.0	3歳以上1勝クラス		13	7.0	11	65.4	10.0	13	小沢大仁	58.0	ダ1400		良	**	1:33.1	8.6	**	3-5	34.0-38.8	46.7	546(-12)			カルパ		202507030310
2020107018	2025-10-08	園田	晴	11.0	JRA交流猪名川特別		12	6.0	7	17.8	5.0	3	松若風馬	57.0	ダ1400		稍	**	1:30.7	0.7	**	1-1-1-1		39.5	558(+12)			カネトシフラム	50.0	202550100811
2020107018	2025-11-15	3福島3	晴	2.0	3歳以上1勝クラス		16	3.0	5	33.1	9.0	2	国分恭介	58.0	ダ1150		良	**	1:09.1	0.1	**	2-2	31.5-37.5	37.5	564(+6)			プレゼンティーア	320.0	202503030302
2020110024	2023-04-29	2東京3	晴	2.0	3歳未勝利		16	3.0	5	8.2	4.0	1	坂井瑠星	56.0	ダ1600		良	**	1:37.1	-1.3	**	3-3	34.8-38.2	37.5	524(0)			(ショウナンカブト)	550.0	202305020302
2020110024	2023-05-14	2東京8	曇	10.0	青竜S(OP)		9	2.0	2	2.2	2.0	3	坂井瑠星	56.0	ダ1600		稍	**	1:36.2	0.4	**	3-3	35.1-35.6	35.7	520(-4)			ユティタム	453.3	202305020810
2020110024	2024-03-24	3中山2	曇	7.0	4歳以上1勝クラス		15	1.0	1	1.3	1.0	1	戸崎圭太	58.0	ダ1800		良	**	1:53.3	-0.5	**	1-1-1-1	37.6-38.4	38.4	536(+16)			(ジャスパーワールド)	800.0	202406030207
2020110024	2024-04-21	2東京2	曇	12.0	4歳以上2勝クラス		13	8.0	13	1.4	1.0	1	戸崎圭太	58.0	ダ1600		良	**	1:37.6	-0.4	**	5-5	35.5-36.2	35.5	538(+2)			(シゲルソロソロ)	1140.0	202405020212
2020110024	2024-06-09	3東京4	曇	10.0	夏至S(3勝クラス)		16	3.0	6	1.9	1.0	3	戸崎圭太	58.0	ダ1600		良	**	1:36.3	0.2	**	2-2	35.5-36.0	36.1	542(+4)			サンテックス	465.1	202405030410
2020110024	2024-11-03	5東京2	晴	10.0	錦秋S(3勝クラス)		11	3.0	3	3.1	2.0	1	戸崎圭太	58.0	ダ1600		重	**	1:36.4	-0.1	**	8-8	36.5-34.9	34.3	542(0)			(ジョディーズマロン)	1865.2	202405050210
2020110024	2024-12-01	7京都2	晴	11.0	ギャラクシーS(OP)		15	6.0	12	2.3	1.0	2	戸崎圭太	56.0	ダ1400		良	**	1:24.0	0.0	**	5-4	34.9-37.0	36.5	538(-4)			アルファマム	890.2	202408070211
2020110024	2025-01-11	1中京3	晴	11.0	すばるS(L)		16	6.0	12	3.7	2.0	2	マーカン	57.0	ダ1400		良	**	1:23.5	0.5	**	11-11	34.2-37.0	36.5	540(+2)			フリームファクシ	970.0	202507010311
2020110024	2025-02-16	1東京6	曇	10.0	バレンタインS(OP)		16	3.0	5	2.1	1.0	2	戸崎圭太	58.0	ダ1400		良	**	1:23.9	0.0	**	6-7	35.7-36.3	35.8	546(+6)			ロードエクレール	889.8	202505010610
2020110024	2025-05-31	2東京11	小雨	11.0	アハルテケS(OP)		16	1.0	2	2.6	1.0	1	戸崎圭太	58.0	ダ1600		不	**	1:34.1	-0.2	**	1-1	33.8-36.6	36.6	540(-6)			(レディントン)	2233.6	202505021111
2020110024	2025-11-23	5東京5	晴	11.0	霜月S(OP)		16	2.0	4	2.1	1.0	1	戸崎圭太	58.0	ダ1400		良	**	1:23.3	-0.3	**	4-4	35.0-36.4	36.1	546(+6)			(ワイワイレジェンド)	2234.3	202505050511
2020110039	2022-06-18	3阪神1	曇	5.0	2歳新馬		12	3.0	3	5.5	3.0	6	岩田望来	54.0	芝1600		良	**	1:37.7	0.9	**	4-4	37.4-34.1	34.6	458(0)			ファントムシーフ		202209030105
2020110039	2023-03-04	1阪神7	晴	5.0	3歳未勝利		18	7.0	15	9.6	4.0	6	松山弘平	56.0	芝1600		良	**	1:35.2	0.2	**	7-5	35.9-34.6	34.4	466(+8)			ダノンバビル		202309010705
2020110039	2023-05-27	1京都11	晴	4.0	3歳未勝利		18	4.0	8	4.4	2.0	10	武豊	56.0	芝1400		良	**	1:21.4	0.7	**	6-6	34.4-34.7	35.1	472(+6)			シャングリラ		202308011104
2020110039	2023-07-16	3中京6	晴	3.0	3歳未勝利		18	1.0	2	5.7	3.0	2	菱田裕二	56.0	芝1400		良	**	1:20.6	0.1	**	2-2	33.6-35.5	35.6	472(0)			シランケド	220.0	202307030603
2020110039	2023-08-13	3小倉2	晴	2.0	3歳未勝利		18	4.0	7	1.9	1.0	1	川田将雅	56.0	芝1200		良	**	1:09.4	0.0	**	5-5	33.7-35.7	35.4	472(0)			(マカーリオ)	550.0	202310030202
2020110039	2023-12-17	4中京6	晴	8.0	3歳以上1勝クラス		16	2.0	3	28.4	10.0	5	角田大和	56.0	芝1600		良	**	1:35.0	0.6	**	3-4-3	35.8-34.7	35.0	474(+2)			タシット	80.0	202307040608
2020110039	2024-01-13	1京都4	晴	12.0	4歳以上1勝クラス		18	6.0	11	29.1	11.0	7	武豊	57.0	芝1600		良	**	1:35.6	0.5	**	11-13	35.1-35.1	34.8	476(+2)			スズカダブル		202408010412
2020110039	2024-03-17	1中京4	曇	7.0	4歳以上1勝クラス		16	4.0	7	4.5	3.0	1	藤岡康太	58.0	芝1400		良	**	1:21.6	0.0	**	7-7	34.8-34.8	34.1	472(-4)			(トモジャシーマ)	800.0	202407010407
2020110039	2024-05-04	2東京5	晴	8.0	4歳以上2勝クラス		10	3.0	3	2.3	1.0	1	モレイラ	58.0	芝1400		良	**	1:20.7	-0.3	**	5-5	35.5-33.7	33.1	470(-2)			(ルルローズ)	1140.0	202405020508
2020110039	2024-06-15	3東京5	曇	11.0	多摩川S(3勝クラス)		14	7.0	11	6.0	3.0	10	田辺裕信	58.0	芝1400		良	**	1:21.0	0.6	**	4-4	35.1-34.0	34.1	474(+4)			ミシシッピテソーロ		202405030511
2020110039	2024-08-17	2中京3	晴	11.0	豊明S(3勝クラス)		14	4.0	6	37.9	7.0	3	西塚洸二	58.0	芝1400		良	**	1:19.1	0.1	**	11-11	33.0-34.7	33.7	476(+2)			クランフォード	464.3	202407020311
2020110039	2024-09-15	3中京4	曇	10.0	納屋橋S(3勝クラス)		16	5.0	10	17.1	6.0	3	西塚洸二	58.0	芝1600		稍	**	1:33.7	0.2	**	12-11-11	35.6-34.8	33.8	476(0)			ペイシャフラワー	465.1	202407030410
2020110039	2024-10-06	5京都2	晴	9.0	長岡京S(3勝クラス)		16	1.0	1	7.8	5.0	4	横山武史	58.0	芝1400		良	**	1:20.1	0.1	**	3-3	34.1-34.6	34.4	478(+2)			ワイドラトゥール	280.0	202408050209
2020110039	2024-11-30	4中京1	晴	11.0	飛騨S(3勝クラス)		13	5.0	7	3.6	1.0	2	西塚洸二	58.0	芝1400		良	**	1:21.4	0.0	**	12-12	34.8-34.5	33.5	476(-2)			ベガリス	748.2	202407040111
2020110039	2025-01-26	1中京9	晴	10.0	トリトンS(3勝クラス)		14	7.0	11	2.2	1.0	3	坂井瑠星	58.0	芝1400		良	**	1:22.3	0.2	**	8-9	35.6-34.5	34.1	472(-4)			フルメタルボディー	464.3	202507010910
2020110039	2025-04-06	2阪神4	晴	10.0	夢洲S(3勝クラス)		14	8.0	13	8.4	4.0	5	西塚洸二	58.0	芝1600		良	**	1:32.7	0.4	**	12-10	35.4-33.7	33.2	470(-2)			シヴァース	184.0	202509020410
2020110039	2025-04-20	2阪神8	曇	11.0	心斎橋S(3勝クラス)		11	1.0	1	3.9	3.0	2	西塚洸二	58.0	芝1400		良	**	1:20.0	0.1	**	7-7	33.8-34.8	34.3	470(0)			ナムラアトム	747.2	202509020811
2020110039	2025-06-01	2京都12	晴	12.0	渡月橋S(3勝クラス)		14	2.0	2	4.8	2.0	13	西塚洸二	58.0	芝1400		良	**	1:21.7	0.9	**	5-6	35.7-33.6	34.2	476(+6)			ガロンヌ		202508021212
2020110039	2025-08-24	4中京2	晴	11.0	長篠S(3勝クラス)		9	7.0	7	4.4	3.0	8	菱田裕二	58.0	芝1200		良	**	1:08.4	1.2	**	8-7	33.7-33.5	34.1	480(+4)			ワンダーキサラ		202507040211
2020110039	2025-09-07	4中山2	晴	10.0	セプテンバーS(3勝クラス)		12	7.0	10	19.2	6.0	7	横山和生	56.0	芝1200		良	**	1:07.5	0.5	**	10-9	33.1-33.9	33.2	474(-6)			ルージュラナキラ		202506040210
2020110039	2025-10-04	4東京1	小雨	10.0	白秋S(3勝クラス)		15	7.0	13	18.8	8.0	2	横山和生	56.0	芝1400		良	**	1:19.8	0.0	**	9-8	34.4-34.0	33.2	470(-4)			レッドシュヴェルト	749.4	202505040110
2020110039	2025-11-15	5東京3	晴	10.0	奥多摩S(3勝クラス)		18	2.0	3	11.3	4.0	3	横山和生	58.0	芝1400		良	**	1:20.8	0.3	**	15-16	35.0-33.9	32.8	472(+2)			マイネルチケット	465.7	202505050310
2020110039	2025-12-06	5中京1	晴	11.0	飛騨S(3勝クラス)		12	2.0	2	4.1	2.0	3	藤岡佑介	58.0	芝1400		良	**	1:19.5	0.1	**	8-8	34.0-34.0	33.1	470(-2)			レディマリオン	464.0	202507050111
2021100104	2023-06-17	3阪神5	晴	5.0	2歳新馬		13	8.0	12	30.8	7.0	7	加藤祥太	55.0	ダ1200		良	**	1:14.8	1.5	**	6-6	36.2-37.1	38.2	468(0)			サトノフェニックス		202309030505
2021100104	2023-07-23	3中京8	晴	1.0	2歳未勝利		8	7.0	7	11.6	4.0	7	加藤祥太	55.0	芝1600		良	**	1:38.2	2.4	**	4-6-6	36.1-35.0	36.7	476(+8)			セキトバイースト		202307030801
2021100104	2023-10-14	2京都4	曇	2.0	2歳未勝利		8	2.0	2	11.5	4.0	3	西村淳也	56.0	ダ1800		良	**	1:57.1	1.8	**	3-4-4-4	36.5-39.8	41.2	478(+2)			ヒロノラメール	140.0	202308020402
2021100104	2023-11-04	3京都1	晴	2.0	2歳未勝利		11	6.0	6	20.7	4.0	4	西村淳也	56.0	ダ1800		良	**	1:57.1	2.7	**	1-1-1-1	37.8-37.4	40.1	478(0)			ポッドロゴ	83.0	202308030102
2021100104	2023-11-26	3京都8	曇	1.0	2歳未勝利		16	7.0	13	24.7	6.0	8	西村淳也	56.0	ダ1200		良	**	1:14.0	1.5	**	15-15	35.1-37.4	35.8	484(+6)			ゴッドカインド		202308030801
2021100104	2024-02-10	2京都5	曇	5.0	3歳未勝利		12	2.0	2	17.4	7.0	12	西村淳也	57.0	芝2000		良	**	2:05.0	2.5	**	9-8-9-9	37.3-35.3	37.0	488(+4)			テーオーダグラス		202408020505
2021100104	2024-03-13	名古屋	晴	9.0	名古屋CCオレンジ賞(3歳)		12	5.0	6	4.4	2.0	3	今井貴大	56.0	ダ1500		重	**	1:37.2	0.9	**	7-5-2		39.3	490(+2)			ウフフトルンナ	22.0	202448031309
2021100104	2024-04-13	2阪神7	晴	2.0	3歳未勝利		16	3.0	5	74.3	11.0	7	西村淳也	57.0	ダ1200		良	**	1:14.3	0.9	**	15-15	35.8-37.6	35.8	488(-2)			ハリウッドブルース		202409020702
2021100104	2024-05-04	3京都5	晴	3.0	3歳未勝利		16	2.0	4	14.8	7.0	10	和田竜二	57.0	ダ1200		良	**	1:14.6	1.7	**	12-11	35.4-37.5	38.2	486(-2)			ゴールデンチップス		202408030503
2021100104	2024-06-05	園田	晴	4.0	西治7ハロン3歳C1		11	8.0	10	1.2	1.0	1	吉村智洋	55.0	ダ1400		良	**	1:32.4	-1.3	**	6-6-3-1		40.4	480(-6)			(エーアイキリシマ)	80.0	202450060504
2021100104	2024-06-27	園田	曇	12.0	明日はウマ娘コラボ×(B)		12	1.0	1	1.4	1.0	6	吉村誠之	52.0	ダ1230		良	**	1:22.4	1.3	**	12-12-8-4		40.8	470(-10)			スマイルクラーク		202450062712
2021100104	2024-08-09	園田	晴	6.0	☆荒井かおり☆来場記(C2)		8	3.0	3	2.2	1.0	2	吉村智洋	55.0	ダ1400		良	**	1:33.1	0.2	**	2-2-1-1		41.2	468(-2)			ファッシネイトパイ	24.5	202450080906
2021100104	2024-09-19	園田	曇	6.0	C2二		8	8.0	8	2.5	2.0	1	廣瀬航	55.0	ダ1400		良	**	1:31.8	-1.4	**	3-3-2-1		40.0	479(+11)			(ルナプレス)	70.0	202450091906
2021100104	2024-10-24	園田	曇	5.0	SKE48熊崎晴香☆(C2)		12	6.0	7	1.7	1.0	1	吉村智洋	57.0	ダ1400		稍	**	1:30.9	-0.4	**	4-4-1-1		38.8	474(-5)			(タガノヒモロギ)	70.0	202450102405
2021100104	2024-12-03	園田	晴	8.0	C1二		9	2.0	2	2.1	1.0	1	吉村智洋	56.0	ダ1400		稍	**	1:32.6	-0.2	**	6-6-8-6		39.3	476(+2)			(カーロアヴァンティ)	100.0	202450120308
2021100104	2024-12-30	園田	曇	12.0	C1		11	6.0	8	2.8	2.0	3	吉村智洋	57.0	ダ1700		良	**	1:55.5	0.6	**	7-8-5-2		38.6	481(+5)			ファッシネイトパイ	22.0	202450123012
2021100104	2025-02-06	姫路	晴	12.0	カンザクラ賞C1一		11	6.0	7	3.3	2.0	1	川原正一	56.0	ダ1400		良	**	1:33.5	-0.2	**	5-5-4-4		39.6	477(-4)			(ベラジオホープ)	110.0	202551020612
2021100104	2025-03-26	園田	晴	11.0	大好きそのだけいば特(B2)		12	8.0	11	1.7	1.0	1	吉村智洋	56.0	ダ1400		良	**	1:30.5	-0.2	**	9-9-6-3		39.1	478(+1)			(マイネルアラウダ)	130.0	202550032611
2021100104	2025-05-06	園田	曇	9.0	B2一		9	1.0	1	1.3	1.0	2	吉村智洋	58.0	ダ1400		重	**	1:30.0	0.4	**	3-3-3-2		38.2	480(+2)			ビナカントー	52.0	202550050609
2021100104	2025-06-04	園田	晴	9.0	B2		9	8.0	8	1.4	1.0	1	吉村智洋	57.0	ダ1400		稍	**	1:31.9	-0.2	**	3-3-3-2		39.2	477(-3)			(レヴィアタン)	130.0	202550060409
2021100104	2025-07-23	園田	晴	7.0	B1		5	5.0	5	1.3	1.0	1	吉村智洋	57.0	ダ1400		良	**	1:30.6	-0.1	**	3-3-1-1		39.0	484(+7)			(アドワン)	150.0	202550072307
2021100104	2025-08-29	園田	晴	11.0	神戸ビーフ特別B1		8	2.0	2	1.7	1.0	5	吉村智洋	58.0	ダ1400		良	**	1:31.7	0.8	**	7-6-6-6		39.1	491(+7)			グッドハビッツ	15.0	202550082911
2021100104	2025-09-12	園田	雨	12.0	脳みそ夫☆来場記念2(B1)		10	3.0	3	2.3	1.0	7	吉村智洋	57.0	ダ1400		不	**	1:31.2	0.6	**	3-3-4-3		40.2	488(-3)			ヤマニンリジッド		202550091212
2021100104	2025-10-29	園田	晴	10.0	B1		10	2.0	2	8.7	4.0	4	鴨宮祥行	57.0	ダ1400		良	**	1:32.8	0.9	**	5-7-6-4		38.4	478(-10)			ブエラフェルテ	22.5	202550102910
2021100104	2026-01-10	1中山3	晴	8.0	4歳以上2勝クラス		13	7.0	11	184.9	11.0	12	菅原明良	58.0	ダ1800		良	**	1:56.1	2.4	**	3-2-3-4	36.8-37.7	39.9	480(+2)			エクリプスルバン		202606010308
2021100121	2023-09-24	盛岡	晴	2.0	ファーストステップ2(新馬)(2歳)		9	8.0	9	15.4	6.0	1	鈴木祐	54.0	芝1000		稍	**	0:59.6	-1.1	**	1-1		36.0	422(0)			(クイーンカード)	170.0	202335092402
2021100121	2023-10-01	盛岡	晴	5.0	フューチャーステップ(2歳)		9	3.0	3	2.7	2.0	1	鈴木祐	54.0	芝1000		重	**	0:59.6	-0.6	**	1-1		35.9	417(-5)			(タカマキスリー)	300.0	202335100105
2021100121	2023-10-16	盛岡	曇	6.0	フューチャーステップ(2歳)		11	3.0	3			除	高松亮	56.0	ダ1600		稍	**			**				計不			セイバイラック		202335101606
2021100121	2023-12-09	5中山3	晴	9.0	黒松賞(1勝クラス)		11	6.0	7	200.1	10.0	11	鈴木祐	55.0	芝1200		良	**	1:10.6	2.1	**	1-1	34.0-34.5	36.6	414(-3)			マスクオールウィン		202306050309
2021100121	2024-04-13	1福島3	晴	9.0	雪うさぎ賞(1勝クラス)		16	2.0	4	140.0	15.0	16	鈴木祐	55.0	芝1200		良	**	1:11.3	2.8	**	10-10	33.9-34.6	36.5	414(0)			モズトキキ		202403010309
2021100121	2024-05-07	盛岡	小雨	7.0	3歳		9	5.0	5	3.0	2.0	8	鈴木祐	54.0	ダ1200		稍	**	1:16.6	3.0	**	3-6		39.8	423(+9)			エイシンモシリ		202435050707
2021100121	2024-05-21	盛岡	晴	5.0	3歳		10	3.0	3	33.9	6.0	10	鈴木祐	54.0	ダ1000		稍	**	1:05.9	4.1	**	2-7		42.0	426(+3)			ゴーゴーダンサー		202435052105
2021100121	2024-07-01	川崎	雨	3.0	ライトニング賞(3歳)		8	1.0	1	25.2	7.0	8	池谷匠翔	55.0	ダ900		重	**	0:57.9	2.3	**	4-5	29.3-38.1	39.7	422(-4)			ミスサン		202445070103
2021100121	2024-07-24	川崎	晴	4.0	モルゲンロート賞(3歳)		11	3.0	3	153.1	11.0	8	池谷匠翔	55.0	ダ900		良	**	0:56.9	1.9	**	5-6	29.2-37.5	38.3	424(+2)			シントーユタカ		202445072404
2021100121	2024-08-08	川崎	曇	12.0	鶺鴒特別(3歳)		14	6.0	10	232.7	14.0	14	池谷匠翔	54.0	ダ1500		良	**	1:41.7	3.3	**	12-11-10-11	30.4-41.3	43.5	427(+3)			キャッスルレーヴ		202445080812
2021100121	2024-09-01	佐賀	晴	10.0	涼風賞(B)		8	5.0	5	45.7	7.0	8	山下裕貴	54.0	ダ1300		重	**	1:24.8	1.6	**	2-3-3-4		39.6	428(+1)			シゲルペガサス		202455090110
2021100121	2024-09-16	佐賀	雨	9.0	夜長月賞(B)		0	1.0	1				山下裕貴	54.0	ダ1400		不								計不					202455091609
2021100121	2024-09-29	佐賀	晴	8.0	なまらがばいJBC賞		11	8.0	11	97.6	11.0	11	山下裕貴	54.0	ダ1400		良	**	1:34.0	4.1	**	2-2-4-10		42.6	423(-5)			メイショウフェリオ		202455092908
2021100121	2024-10-20	佐賀	曇	7.0	佐賀牛の肉質基準は国(C1)		11	6.0	6	158.0	10.0	9	松木大地	54.0	ダ1400		重	**	1:35.0	2.4	**	11-11-11-9		42.0	417(-6)			テイエムボビーダン		202455102007
2021100121	2025-03-09	2中山4	晴	7.0	4歳以上1勝クラス		16	6.0	11	450.6	16.0	15	石神深道	53.0	ダ1200		重	**	1:15.1	4.0	**	5-13	33.5-37.6	41.2	418(+1)			アグラード		202506020407
2021100121	2025-05-03	1新潟1	晴	12.0	4歳以上1勝クラス		16	8.0	15	67.2	13.0	9	石神深道	53.0	芝1000		良	**	0:56.3	1.7	**	16	33.0-32.2	32.5	414(-4)			ニシノトキメキ		202504010112
2021100121	2025-07-26	2新潟1	晴	8.0	閃光特別(1勝クラス)		14	4.0	6	219.2	14.0	6	小林凌大	56.0	芝1000		良	**	0:55.2	0.5	**	8	32.6-32.5	32.4	426(+12)			ハッピーデービー		202504020108
2021100121	2025-08-24	3新潟2	晴	7.0	3歳以上1勝クラス		18	1.0	1	195.4	18.0	9	小林凌大	56.0	芝1000		良	**	0:55.6	0.7	**	16	32.3-33.1	32.2	428(+2)			ラトルシェ		202504030207
2021100121	2025-10-18	4新潟1	小雨	12.0	3歳以上1勝クラス		18	8.0	16	26.6	8.0	7	小林凌大	56.0	芝1000		良	**	0:55.9	0.6	**	12	32.9-33.1	32.9	428(0)			シュラフ		202504040112
2021100121	2025-11-09	3福島2	小雨	12.0	3歳以上1勝クラス		16	3.0	6	52.6	12.0	14	小林凌大	56.0	芝1200		良	**	1:10.6	1.5	**	16-16	33.8-35.3	35.2	426(-2)			バンディート		202503030212
2021100130	2023-09-23	4阪神6	晴	5.0	2歳新馬		13	8.0	13	1.5	1.0	2	川田将雅	55.0	芝1600		良	**	1:34.6	0.0	**	4-5	36.1-34.5	34.2	512(0)			アルバニー	290.0	202309040605
2021100130	2023-10-22	2京都7	晴	1.0	2歳未勝利		11	7.0	8	1.7	1.0	2	川田将雅	56.0	ダ1800		良	**	1:55.1	0.1	**	2-2-2-1	38.4-37.9	37.9	516(+4)			テンエースワン	220.0	202308020701
2021100130	2023-11-18	3京都5	曇	2.0	2歳未勝利		16	5.0	9	1.4	1.0	1	川田将雅	56.0	ダ1800		重	**	1:52.2	-0.5	**	1-1-1-1	36.0-38.1	38.1	520(+4)			(アリエスキング)	550.0	202308030502
2021100130	2024-02-18	2京都8	曇	6.0	3歳1勝クラス		11	7.0	9	2.6	1.0	7	田口貫太	56.0	ダ1900		良	**	2:00.6	1.4	**	1-1-1-1	29.6-37.9	39.3	532(+12)			ハーバーライト		202408020806
2021100130	2024-03-10	1阪神6	晴	6.0	3歳1勝クラス		14	3.0	4	5.1	2.0	1	坂井瑠星	57.0	ダ1400		良	**	1:24.8	-0.3	**	1-1	35.2-37.4	37.4	532(0)			(ニホンピロカラット)	780.0	202409010606
2021100130	2024-03-31	2阪神4	曇	9.0	バイオレットS(OP)		11	2.0	2	4.3	2.0	2	戸崎圭太	57.0	ダ1400		良	**	1:24.7	0.2	**	1-1	34.2-38.1	38.3	532(0)			エートラックス	726.8	202409020409
2021100130	2024-06-02	4京都2	曇	9.0	祇園特別(2勝クラス)		14	7.0	12	2.3	1.0	1	岩田望来	55.0	芝1200		良	**	1:07.6	-0.1	**	3-3	33.1-34.5	34.0	526(-6)			(ミルテンベルク)	1582.9	202408040209
2021100130	2024-08-31	2中京7	小雨	11.0	長篠S(3勝クラス)		18	5.0	9	2.6	1.0	2	川田将雅	55.0	芝1200		不	**	1:10.2	0.0	**	4-4	34.1-36.1	34.9	530(+4)			ティニア	751.0	202407020711
2021100130	2024-09-22	3中京7	曇	10.0	志摩S(3勝クラス)		17	6.0	12	1.6	1.0	2	川田将雅	56.0	芝1200		稍	**	1:09.1	0.6	**	1-2	34.9-33.6	34.0	536(+6)			ミルトクレイモー	751.4	202407030710
2021100130	2024-12-28	7京都9	晴	12.0	カウントダウンS(3勝クラス)		16	6.0	12	1.9	1.0	1	岩田望来	57.0	芝1200		良	**	1:08.5	0.0	**	6-7	33.7-34.8	33.7	538(+2)			(オードリーバローズ)	1874.3	202408070912
2021100130	2025-02-16	1小倉8	晴	11.0	北九州短距離S(OP)		15	6.0	11	2.2	1.0	2	鮫島克駿	57.0	芝1200		良	**	1:08.5	0.0	**	3-2	33.9-34.6	34.3	548(+10)			キタノエクスプレス	929.2	202510010811
2021100130	2025-03-16	1阪神6	雨	11.0	米子城S(OP)		16	3.0	5	2.9	1.0	2	浜中俊	56.0	芝1200		重	**	1:09.1	0.4	**	2-2	33.8-34.9	35.1	540(-8)			カルチャーデイ	930.0	202509010611
2021100130	2025-04-13	3中山6	雨	11.0	春雷S(L)		14	5.0	7	2.8	1.0	2	石川裕紀	56.5	芝1200		稍	**	1:08.2	0.2	**	2-2	33.5-34.5	34.6	544(+4)			ヨシノイースター	1108.4	202506030611
2021100130	2025-07-06	2小倉4	晴	11.0	TV西日本北九州記念(GIII)		18	7.0	15	5.8	2.0	9	川田将雅	56.5	芝1200		良	**	1:08.4	0.6	**	4-4	32.5-35.3	35.7	552(+8)			ヤマニンアルリフラ		202510020411
2021100130	2025-09-14	4中山4	曇	11.0	ラジオ日本賞(OP)		16	8.0	15	3.0	1.0	4	戸崎圭太	57.0	ダ1200		稍	**	1:10.8	0.9	**	6-6	33.8-36.1	36.3	544(-8)			ポッドベイダー	330.0	202506040411
2021100130	2025-12-07	5中山2	晴	11.0	ラピスラズリS(L)		16	4.0	8	4.2	3.0	1	マーカン	57.0	芝1200		良	**	1:07.1	-0.5	**	5-4	33.5-33.6	33.2	554(+10)			(カルロヴェローチェ)	2735.7	202506050211
2021100165	2024-01-07	1中山2	曇	6.0	3歳新馬		17	8.0	15	11.4	5.0	5	石橋脩	57.0	芝2000		良	**	2:02.9	0.8	**	3-3-2-2	36.4-35.9	36.6	442(0)			スティンガーグラス	62.0	202406010206
2021100165	2024-02-03	1小倉7	曇	6.0	3歳未勝利		12	6.0	7	4.6	2.0	3	佐々木大	56.0	芝1800		良	**	1:50.5	0.3	**	5-5-4-4	37.3-36.4	36.3	442(0)			オオナミコナミ	140.0	202410010706
2021100165	2024-07-28	1札幌4	曇	4.0	3歳未勝利		15	6.0	11	14.4	7.0	1	佐々木大	57.0	芝2000		重	**	2:02.0	-0.6	**	1-1-1-1	36.1-35.6	35.6	430(-12)			(モカラルビー)	550.0	202401010404
2021100165	2024-08-17	2札幌3	曇	10.0	富良野特別(1勝クラス)		12	5.0	5	7.5	4.0	5	佐々木大	55.0	芝2000		良	**	2:01.1	0.5	**	4-4-3-3	36.2-35.5	35.8	438(+8)			コスモブッドレア	111.0	202401020310
2021100165	2024-10-14	4新潟4	晴	6.0	3歳以上1勝クラス		12	8.0	12	2.5	1.0	12	佐々木大	56.0	芝2000		良	**	2:01.6	1.7	**	3-3	35.5-36.2	37.2	446(+8)			ワイドモヒート		202404040406
2021100165	2024-11-10	3福島4	晴	8.0	3歳以上1勝クラス		16	2.0	4	16.6	6.0	2	荻野極	56.0	芝1800		良	**	1:48.8	0.1	**	1-1-1-1	35.9-36.6	36.7	450(+4)			レッセパッセ	320.0	202403030408
2021100165	2024-11-16	3福島5	曇	9.0	高湯温泉特別(1勝クラス)		16	1.0	1	3.8	1.0	3	荻野極	56.0	芝1800		良	**	1:49.2	0.2	**	3-4-3-4	36.5-35.1	34.7	448(-2)			アイキャンドウイッ	287.3	202403030509
2021100165	2025-01-25	1小倉1	晴	12.0	4歳以上1勝クラス		16	7.0	14	8.0	4.0	12	鮫島克駿	57.0	芝1800		良	**	1:49.0	1.5	**	11-11-1-1	36.9-35.3	36.8	448(0)			ミッキースピネル		202510010112
2021100165	2025-04-12	1福島1	曇	9.0	浄土平特別(1勝クラス)		14	6.0	10	7.2	4.0	5	荻野極	58.0	芝1800		良	**	1:47.4	0.5	**	8-8-6-10	35.6-35.3	35.2	448(0)			バレルターン	111.0	202503010109
2021100165	2025-04-26	1福島5	晴	10.0	飯盛山特別(1勝クラス)		13	8.0	13	3.7	2.0	3	吉田隼人	58.0	芝2000		良	**	1:59.8	0.5	**	2-2-2-2	35.4-35.3	35.7	448(0)			カリーニョ	285.1	202503010510
2021100165	2025-06-28	1函館5	晴	7.0	3歳以上1勝クラス		16	8.0	16	10.6	5.0	14	吉田隼人	58.0	芝1800		稍	**	1:49.5	2.7	**	4-2-2-3	34.8-35.7	38.3	456(+8)			マイスターヴェルク		202502010507
2021100165	2025-07-13	1函館10	晴	8.0	3歳以上1勝クラス		12	7.0	10	6.6	3.0	10	横山和生	58.0	ダ1700		良	**	1:47.5	2.2	**	12-12-8-9	30.4-37.4	38.6	456(0)			アイウィル		202502011008
2021100165	2025-08-23	2札幌1	晴	7.0	3歳以上1勝クラス		14	8.0	14	10.0	4.0	7	ウィリア	58.0	芝1500		稍	**	1:29.8	1.1	**	6-8-6	28.8-36.5	36.5	452(-4)			エフォートレス		202501020107
2021100165	2025-10-13	4東京5	曇	9.0	3歳以上1勝クラス		18	4.0	7	45.9	10.0	11	菊沢一樹	58.0	芝1600		良	**	1:33.6	0.5	**	5-4	35.0-34.0	34.2	454(+2)			ダノンセンチュリー		202505040509
2021100165	2025-11-16	3福島4	晴	12.0	3歳以上1勝クラス		16	6.0	12	7.6	3.0	6	菊沢一樹	58.0	芝2000		良	**	2:01.8	0.7	**	10-12-13-9	36.0-35.2	34.7	454(0)			ファイナルヒート		202503030412
2021100248	2023-08-12	3小倉1	晴	6.0	2歳新馬		15	3.0	4	7.3	4.0	1	今村聖奈	52.0	芝1200		良	**	1:09.1	-0.2	**	1-1	33.9-35.2	35.2	460(0)			(ミライハーモニー)	720.0	202310030106
2021100248	2023-09-03	3小倉8	晴	11.0	小倉2歳S(GIII)		10	3.0	3	48.3	9.0	7	今村聖奈	55.0	芝1200		良	**	1:09.1	0.5	**	6-5	33.3-35.3	35.1	474(+14)			アスクワンタイム		202310030811
2021100248	2023-11-04	3京都1	曇	11.0	KBSファンタジーS(GIII)		18	5.0	9	146.8	17.0	9	今村聖奈	55.0	芝1400		良	**	1:21.1	0.7	**	5-5	34.1-35.2	34.7	482(+8)			カルチャーデイ		202308030111
2021100248	2023-12-09	4中京3	晴	9.0	つわぶき賞(1勝クラス)		14	1.0	1	14.7	6.0	2	幸英明	55.0	芝1400		良	**	1:21.3	0.4	**	4-3	34.7-34.3	34.4	482(0)			バウンシーステップ	439.4	202307040309
2021100248	2024-01-13	1京都4	曇	10.0	紅梅S(L)		9	6.0	6	11.4	6.0	5	武豊	55.0	芝1400		良	**	1:24.1	0.7	**	2-2	36.1-34.8	35.4	474(-8)			ワイドラトゥール	200.0	202408010410
2021100248	2024-03-02	2小倉7	晴	9.0	あざみ賞(1勝クラス)		13	8.0	12	5.0	3.0	10	幸英明	55.0	芝1200		稍	**	1:11.0	1.2	**	5-6	34.4-35.4	36.1	470(-4)			アンクルクロス		202410020709
2021100248	2024-06-30	3小倉2	曇	12.0	3歳以上1勝クラス		16	5.0	10	29.0	9.0	9	幸英明	53.0	ダ1700		重	**	1:45.4	1.7	**	2-2-3-2	30.1-36.6	38.1	470(0)			カズペトシーン		202410030212
2021100248	2024-08-25	2中京6	曇	6.0	3歳以上1勝クラス		15	6.0	12	14.2	7.0	11	幸英明	53.0	ダ1400		良	**	1:26.8	1.9	**	11-10	34.3-38.2	38.8	476(+6)			ブループリマドンナ		202407020606
2021100248	2024-10-19	4新潟5	雨	12.0	3歳以上1勝クラス		12	2.0	2	10.0	7.0	6	永島まな	53.0	ダ1200		稍	**	1:13.5	1.8	**	6-6	35.1-36.6	37.9	470(-6)			ランウインディ		202404040512
2021100248	2025-02-08	1小倉5	曇	12.0	4歳以上1勝クラス		18	5.0	10	26.3	10.0	6	小林美駒	52.0	芝1200		稍	**	1:10.6	0.6	**	8-6	34.2-35.8	35.7	482(+12)			イツモニコニコ		202510010512
2021100248	2025-04-13	1福島2	曇	6.0	4歳以上1勝クラス		16	6.0	12	13.8	5.0	4	小林美駒	52.0	芝1200		良	**	1:08.5	0.8	**	13-10	33.0-34.7	34.4	488(+6)			ソルレース	120.0	202503010206
2021100248	2025-04-27	1福島6	晴	7.0	4歳以上1勝クラス		14	8.0	13	9.1	6.0	3	今村聖奈	53.0	芝1200		良	**	1:09.2	0.2	**	13-13	34.3-34.7	33.8	492(+4)			ライクアフラワー	200.0	202503010607
2021100248	2025-05-17	1新潟5	曇	8.0	4歳以上1勝クラス		16	4.0	8	6.1	2.0	6	今村聖奈	54.0	芝1400		稍	**	1:24.0	0.8	**	11-11	35.4-35.5	35.5	490(-2)			キタサンダムール		202504010508
2021100248	2025-07-05	2福島3	晴	12.0	3歳以上1勝クラス		15	6.0	11	15.0	6.0	2	今村聖奈	54.0	芝1200		良	**	1:09.5	0.1	**	15-15	34.0-35.4	34.3	490(0)			ボンヌソワレ	320.0	202503020312
2021100248	2025-07-20	2福島8	晴	9.0	南相馬特別(1勝クラス)		11	5.0	5	3.6	2.0	2	今村聖奈	56.0	芝1200		良	**	1:10.8	0.0	**	11-9	35.8-35.0	33.9	488(-2)			スターウェーブ	446.6	202503020809
2021100248	2025-09-21	4中山7	曇	8.0	3歳以上1勝クラス		16	5.0	10	5.1	2.0	10	今村聖奈	54.0	芝1200		良	**	1:08.5	0.7	**	12-12	33.7-34.1	33.2	494(+6)			タマカヅラ		202506040708
2021100248	2025-11-15	3福島3	晴	7.0	3歳以上1勝クラス		16	1.0	1	5.0	1.0	6	今村聖奈	54.0	芝1200		良	**	1:09.7	0.4	**	14-14	34.4-34.9	34.4	500(+6)			クインズスピカ		202503030307
2021100297	2023-06-18	3阪神6	曇	5.0	2歳新馬		11	6.0	6	26.8	8.0	5	酒井学	55.0	芝1600		良	**	1:35.9	0.8	**	6-5	35.8-35.3	35.6	444(0)			レディントン	72.0	202309030605
2021100297	2023-09-02	3小倉7	曇	1.0	2歳未勝利		9	3.0	3	11.5	2.0	7	酒井学	55.0	芝2000		稍	**	2:06.3	1.1	**	3-3-4-4	37.6-36.0	36.8	456(+12)			ルシフェル		202310030701
2021100297	2023-09-23	4阪神6	曇	3.0	2歳未勝利		10	7.0	8	23.1	7.0	10	坂井瑠星	55.0	芝2000		良	**	2:03.1	1.8	**	1-1-1-1	36.7-36.1	37.9	458(+2)			ミラキュラスドラマ		202309040603
2021100297	2023-12-10	4中京4	晴	4.0	2歳未勝利		16	4.0	7	17.5	9.0	2	角田大河	54.0	芝1400		良	**	1:22.3	0.3	**	1-1	34.5-35.2	35.5	466(+8)			アンクルクロス	220.0	202307040404
2021100297	2024-02-18	2小倉4	晴	2.0	3歳未勝利		18	4.0	7	4.1	2.0	2	鮫島克駿	55.0	芝1200		良	**	1:08.9	0.1	**	2-2	33.5-35.3	35.3	472(+6)			モズトキキ	220.0	202410020402
2021100297	2024-03-16	1中京3	晴	3.0	3歳未勝利		18	3.0	5	4.7	2.0	2	角田大河	54.0	芝1200		良	**	1:09.4	0.5	**	6-6	33.5-35.4	35.0	470(-2)			アウェイキング	220.0	202407010303
2021100297	2024-04-06	1福島1	晴	2.0	3歳未勝利		16	2.0	4	1.6	1.0	3	角田大和	54.0	芝1200		良	**	1:09.2	0.1	**	1-1	34.4-34.7	34.8	466(-4)			ロマンスライト	140.0	202403010102
2021100297	2024-05-05	1新潟4	晴	2.0	3歳未勝利		15	3.0	4	3.5	2.0	5	角田大和	54.0	芝1200		良	**	1:10.6	0.4	**	7-7	34.4-35.8	35.7	474(+8)			サンドロナイト	55.0	202404010402
2021100297	2024-06-29	3小倉1	曇	3.0	3歳未勝利		18	2.0	3	4.3	1.0	1	角田大和	54.0	芝1200		良	**	1:08.5	0.0	**	1-1	32.7-35.8	35.8	462(-12)			(シャドフ)	550.0	202410030103
2021100297	2025-01-26	1小倉2	晴	9.0	八幡特別(1勝クラス)		18	6.0	12	10.6	3.0	14	国分恭介	56.0	芝1200		良	**	1:09.2	0.7	**	1-1	33.3-35.2	35.9	472(+10)			ニシノピウモッソ		202510010209
2021100297	2025-02-15	1小倉7	曇	6.0	4歳以上1勝クラス		18	7.0	14	7.7	4.0	2	国分恭介	56.0	芝1200		良	**	1:09.0	0.5	**	2-2	33.8-34.7	35.1	468(-4)			セシリエプラージュ	320.0	202510010706
2021100297	2025-03-02	1小倉12	雨	7.0	4歳以上1勝クラス		17	1.0	2	8.4	4.0	7	国分恭介	56.0	芝1200		重	**	1:10.7	0.3	**	4-6	34.2-36.2	36.1	470(+2)			パクスロマーナ		202510011207
2021100297	2025-05-03	1新潟1	晴	12.0	4歳以上1勝クラス		16	5.0	9	3.3	1.0	2	佐々木大	56.0	芝1000		良	**	0:55.3	0.7	**	4	33.0-32.2	32.7	480(+10)			ニシノトキメキ	320.0	202504010112
2021100297	2025-05-18	1新潟6	曇	9.0	飛竜特別(1勝クラス)		16	5.0	10	3.3	1.0	1	佐々木大	56.0	芝1000		良	**	0:56.6	0.0	**	3	33.6-33.9	33.7	476(-4)			(レジーナローズ)	1146.4	202504010609
2021100297	2025-08-10	2新潟6	雨	8.0	驀進特別(2勝クラス)		18	5.0	10	35.5	8.0	10	三浦皇成	56.0	芝1000		重	**	0:57.6	1.4	**	9	33.1-34.0	34.8	482(+6)			エコロジーク		202504020608
2021100297	2025-10-19	4新潟2	曇	10.0	飛翼特別(2勝クラス)		18	3.0	5	83.9	14.0	10	松本大輝	56.0	芝1000		良	**	0:56.1	1.1	**	6	32.6-33.2	33.8	490(+8)			ベイビーキッス		202504040210
2021100337	2024-02-18	2京都8	曇	4.0	3歳新馬		15	3.0	5	14.8	5.0	9	ルメート	57.0	ダ1400		稍	**	1:28.1	1.8	**	10-10	35.3-38.7	38.8	492(0)			キングヴァージル		202408020804
2021100337	2024-04-21	3京都2	曇	2.0	3歳未勝利		16	1.0	2	86.3	9.0	6	川須栄彦	57.0	ダ1200		良	**	1:14.1	1.2	**	16-16	35.2-37.7	36.5	490(-2)			フレイミングパイ		202408030202
2021100337	2024-06-01	4京都1	晴	3.0	3歳未勝利		16	8.0	15	7.4	4.0	3	吉村誠之	54.0	ダ1200		稍	**	1:12.7	0.4	**	13-11	35.1-37.2	36.1	488(-2)			イエデゴロゴロ	140.0	202408040103
2021100337	2024-06-15	4京都5	晴	3.0	3歳未勝利		16	8.0	16	3.6	2.0	1	吉村誠之	54.0	ダ1200		良	**	1:12.3	-1.3	**	7-7	34.8-37.5	36.8	486(-2)			(ウインオーブ)	550.0	202408040503
2021100337	2025-01-18	1中京6	晴	8.0	4歳以上1勝クラス		16	6.0	11	3.3	1.0	8	吉村誠之	56.0	ダ1200		良	**	1:12.8	0.7	**	6-7	34.5-37.6	37.4	496(+10)			サクラトップヒル		202507010608
2021100337	2025-02-10	1京都3	晴	12.0	4歳以上1勝クラス		16	3.0	5	5.0	1.0	6	吉村誠之	56.0	ダ1200		良	**	1:13.3	0.8	**	12-13	35.1-37.4	36.6	494(-2)			エコロネオ		202508010312
2021100337	2025-03-22	1阪神7	晴	7.0	4歳以上1勝クラス		15	2.0	2	5.4	3.0	13	吉村誠之	56.0	ダ1200		良	**	1:15.1	2.2	**	11-12	35.2-37.7	38.5	496(+2)			スナークシュンソウ		202509010707
2021100337	2025-06-14	3阪神3	小雨	7.0	3歳以上1勝クラス		16	2.0	4	29.5	8.0	4	川須栄彦	58.0	ダ1200		重	**	1:12.7	0.3	**	14-14	35.3-37.1	35.9	502(+6)			プレアデスグループ	120.0	202509030307
2021100337	2025-08-03	3中京4	晴	10.0	3歳以上1勝クラス		16	7.0	14	8.1	4.0	3	岩田康誠	58.0	ダ1200		良	**	1:12.2	0.8	**	15-15	34.4-37.0	35.6	494(-8)			フィドルファドル	200.0	202507030410
2021100337	2025-08-16	3中京7	晴	9.0	3歳以上1勝クラス		16	6.0	12	6.4	3.0	8	高杉吏麒	57.0	ダ1200		良	**	1:13.1	2.2	**	12-10	35.0-35.9	36.8	490(-4)			ヤマニンシュラ		202507030709
2021100337	2025-10-25	4東京8	雨	7.0	3歳以上1勝クラス		16	4.0	8	9.6	5.0	2	横山典弘	58.0	ダ1400		稍	**	1:23.6	0.9	**	7-6	35.3-35.6	36.0	486(-4)			メリディアンスター	320.0	202505040807
2021100337	2025-11-15	5東京3	晴	7.0	3歳以上1勝クラス		16	5.0	9	4.6	2.0	3	横山典弘	58.0	ダ1400		良	**	1:24.9	0.2	**	6-6	36.1-36.8	35.8	486(0)			エリカマユーリ	200.0	202505050307
2021100901	2024-05-04	1新潟3	晴	3.0	3歳未勝利		15	2.0	2	10.0	5.0	9	丹内祐次	57.0	ダ1200		良	**	1:14.0	1.3	**	7-7	34.4-38.3	38.5	482(0)			サンレイマリー		202404010303
2021100901	2024-07-14	3小倉6	雨	7.0	3歳未勝利		14	7.0	12	18.5	6.0	12	永島まな	55.0	ダ1000		不	**	1:00.7	3.0	**	5-9	34.2-34.9	37.5	486(+4)			ピリー		202410030607
2021100901	2024-07-21	3小倉8	曇	7.0	3歳以上1勝クラス		12	5.0	5	127.3	11.0	12	西塚洸二	54.0	芝1800		良	**	1:52.5	5.0	**	11-11-11-11	35.7-36.4	39.9	482(-4)			テーオーダグラス		202410030807
2021100901	2024-12-10	笠松	晴	1.0	C21組		8	5.0	5	1.8	1.0	1	筒井勇介	56.0	ダ1400		良	**	1:31.4	-0.9	**	2-2-1		39.7	498(+16)			(エッセイ)	40.0	202447121001
2021100901	2024-12-29	笠松	曇	9.0	馬産地日高特別(C)		8	8.0	8	2.1	1.0	4	筒井勇介	56.0	ダ1600		良	**	1:47.5	1.4	**	3-2-2		41.7	491(-7)			コパノランサー	5.0	202447122909
2021100901	2025-01-21	笠松	晴	5.0	C18組		8	3.0	3	5.9	3.0	4	筒井勇介	56.0	ダ1400		良	**	1:32.1	0.7	**	2-2-1		41.7	477(-14)			パッセアジル	4.0	202547012105
2021100901	2025-02-05	笠松	晴	5.0	C16組		9	8.0	9	1.8	1.0	1	筒井勇介	56.0	ダ1400		稍	**	1:33.3	-1.0	**	4-2-1		40.8	477(0)			(ミックスアップ)	40.0	202547020505
2021100901	2025-03-05	笠松	曇	9.0	根尾の滝特別(C)		8	1.0	1	5.4	2.0	5	筒井勇介	56.0	ダ1400		不	**	1:33.8	1.5	**	6-5-5		40.5	471(-6)			リヴァイデント	2.5	202547030509
2021100901	2025-06-19	門別	晴	6.0	3歳以上C4ー3		14	5.0	8	3.6	2.0	2	落合玄太	57.0	ダ1200		良	**	1:15.3	0.4	**	1-1		39.2	482(+11)			ロワン	11.2	202530061906
2021100901	2025-07-01	門別	晴	10.0	グランシャリオドリー(C4)		11	7.0	8	3.9	2.0	5	落合玄太	57.0	ダ1200		良	**	1:15.3	0.7	**	2-2		39.3	478(-4)			ホワイトマジック	3.8	202530070110
2021100901	2025-07-15	門別	曇	8.0	夏いちごすずりっか賞(C4)		9	4.0	4	3.9	2.0	2	服部茂史	57.0	ダ1000		稍	**	1:02.6	0.2	**	7-3		37.3	476(-2)			フリーパスポート	11.2	202530071508
2021100901	2025-07-29	門別	晴	10.0	グランシャリオドリー(C4)		12	3.0	3	9.1	4.0	5	宮内勇樹	57.0	ダ1200		重	**	1:16.5	0.7	**	6-6		38.7	478(+2)			エネルゲイア	3.8	202530072910
2021100901	2025-08-28	門別	曇	10.0	グランシャリオドリー(C4)		12	1.0	1	13.0	6.0	11	服部茂史	57.0	ダ1700		良	**	1:54.9	2.0	**	1-1-1-1		42.8	478(0)			ラディアンテ		202530082810
2021100901	2025-09-11	門別	曇	7.0	ランタナ特別(C3)		9	7.0	7			取	小野楓馬	57.0	ダ1600		良	**			**				計不			スイートキャンディ		202530091107
2021100901	2025-10-30	門別	晴	3.0	3歳以上C4ー2		11	6.0	6	1.5	1.0	1	落合玄太	57.0	ダ1000		稍	**	1:02.1	-1.2	**	2-1		37.4	482(+4)			(オセロ)	40.0	202530103003
2021101081	2024-04-20	1福島5	晴	2.0	3歳未勝利		16	3.0	6	183.3	12.0	8	小林美駒	53.0	芝1200		良	**	1:11.6	1.6	**	15-15	34.9-35.1	35.1	474(0)			ギルティプレジャー		202403010502
2021101081	2024-05-11	2東京7	晴	3.0	3歳未勝利		16	2.0	3	62.5	12.0	4	津村明秀	57.0	ダ1400		良	**	1:26.6	0.8	**	6-6	34.8-38.5	38.5	476(+2)			シベリアンポラリス	83.0	202405020703
2021101081	2024-06-09	3東京4	曇	2.0	3歳未勝利		16	4.0	7	11.3	3.0	1	津村明秀	57.0	ダ1400		良	**	1:25.5	-0.1	**	7-5	35.7-37.9	37.2	474(-2)			(ユイノコミチ)	550.0	202405030402
2021101081	2024-10-14	4東京4	晴	6.0	3歳以上1勝クラス		16	8.0	16	23.3	6.0	9	津村明秀	56.0	ダ1400		良	**	1:25.6	1.0	**	8-7	36.0-36.3	36.6	470(-4)			カリフォルニア		202405040406
2021101081	2024-11-10	3福島4	晴	3.0	3歳以上1勝クラス		15	6.0	11	55.0	10.0	2	津村明秀	56.0	ダ1700		良	**	1:46.2	0.5	**	9-9-9-7	29.8-38.6	38.1	466(-4)			クラウンシエンタ	320.0	202403030403
2021101081	2024-11-24	5東京8	晴	7.0	3歳以上1勝クラス		16	6.0	11	14.5	6.0	4	津村明秀	57.0	ダ1400		良	**	1:25.5	0.4	**	14-10	35.3-37.4	36.7	470(+4)			フクチャントウメイ	120.0	202405050807
2021101081	2025-02-02	1東京2	小雨	7.0	4歳以上1勝クラス		16	3.0	5	13.5	5.0	4	津村明秀	58.0	ダ1600		稍	**	1:37.7	0.2	**	12-10	34.7-38.4	37.1	474(+4)			マスグラバイト	120.0	202505010207
2021101081	2025-02-16	1東京6	晴	7.0	4歳以上1勝クラス		16	8.0	16	4.2	2.0	12	津村明秀	58.0	ダ1400		良	**	1:27.2	1.1	**	10-8	36.7-36.5	36.8	472(-2)			アイファーバトル		202505010607
2021101081	2025-03-30	2中京6	晴	9.0	4歳以上1勝クラス		13	8.0	13	26.9	7.0	8	横山武史	58.0	ダ1400		良	**	1:26.0	0.7	**	10-10	35.2-37.8	36.9	462(-10)			グラティアスミノル		202507020609
2021101081	2025-07-05	2福島3	晴	6.0	3歳以上1勝クラス		14	7.0	11	28.8	9.0	6	津村明秀	58.0	ダ1700		稍	**	1:46.4	0.9	**	12-12-11-10	30.3-38.8	38.2	464(+2)			ピコシー		202503020306
2021101081	2025-07-20	2福島8	晴	12.0	3歳以上1勝クラス		15	7.0	13	38.9	9.0	7	津村明秀	58.0	ダ1700		良	**	1:47.1	1.7	**	9-8-8-8	30.9-37.1	38.0	466(+2)			ブルータス		202503020812
2021101081	2025-10-04	4東京1	曇	6.0	3歳以上1勝クラス		16	1.0	2	38.9	11.0	6	小林美駒	55.0	ダ1400		良	**	1:26.5	0.6	**	14-15	35.8-37.3	36.4	466(0)			ゲキザル		202505040106
2021101081	2025-11-15	5東京3	晴	7.0	3歳以上1勝クラス		16	8.0	15	36.3	8.0	7	津村明秀	58.0	ダ1400		良	**	1:25.6	0.9	**	10-10	36.1-36.8	36.1	472(+6)			エリカマユーリ		202505050307
2021101253	2023-06-17	3東京5	晴	5.0	2歳新馬		16	2.0	4	192.2	15.0	7	武藤雅	55.0	芝1400		良	**	1:23.5	0.7	**	16-14	36.2-34.2	33.8	470(0)			ノヴァエクスプレス		202305030505
2021101253	2023-07-23	2福島8	晴	3.0	2歳未勝利		13	2.0	2	7.1	2.0	4	武藤雅	55.0	ダ1150		良	**	1:11.0	1.0	**	10-8	32.3-37.7	37.2	478(+8)			クラークテソーロ	83.0	202303020803
2021101253	2023-08-19	2札幌3	晴	2.0	2歳未勝利		14	5.0	7	8.3	5.0	5	藤岡佑介	55.0	ダ1700		良	**	1:49.3	1.0	**	8-8-2-3	30.4-38.8	39.8	482(+4)			フォーディアライフ	55.0	202301020302
2021101253	2023-11-12	5東京4	曇	1.0	2歳未勝利		14	7.0	11	4.9	3.0	3	菅原明良	56.0	ダ1400		良	**	1:27.0	0.5	**	7-7	36.0-37.9	37.4	486(+4)			アシャカデュメ	140.0	202305050401
2021101253	2023-11-26	5東京8	曇	1.0	2歳未勝利		16	3.0	5	9.1	3.0	2	三浦皇成	56.0	ダ1400		良	**	1:27.4	0.1	**	12-11	36.4-38.1	37.5	488(+2)			キミハスコール	220.0	202305050801
2021101253	2023-12-16	5中山5	晴	3.0	2歳未勝利		16	7.0	14	3.7	2.0	1	三浦皇成	56.0	ダ1800		稍	**	1:54.9	-0.4	**	7-6-2-3	37.0-40.3	40.2	488(0)			(ダノンマカルー)	550.0	202306050503
2021101253	2024-02-11	1東京6	晴	7.0	3歳1勝クラス		15	2.0	2	74.1	12.0	6	菅原明良	57.0	ダ1600		稍	**	1:38.7	1.2	**	11-12	34.8-37.7	37.4	488(0)			ラタフォレスト		202405010607
2021101253	2024-02-25	2中山2	小雨	4.0	3歳1勝クラス		12	2.0	2	28.2	8.0	11	菅原明良	57.0	ダ1800		稍	**	1:56.4	2.6	**	6-6-8-7	38.6-36.9	38.8	490(+2)			ラオラシオン		202406020204
2021101253	2024-03-09	1中京1	晴	6.0	3歳1勝クラス		14	7.0	11	92.7	11.0	4	団野大成	57.0	ダ1800		稍	**	1:55.1	1.1	**	6-7-5-5	37.0-39.4	38.9	490(0)			スナークラファエロ	120.0	202407010106
2021101253	2024-04-07	3中山6	晴	6.0	3歳1勝クラス		16	2.0	3	84.8	12.0	5	吉田豊	57.0	ダ1800		重	**	1:52.5	0.7	**	9-9-8-6	36.5-38.5	38.5	482(-8)			カシマエスパーダ	78.0	202406030606
2021101253	2024-05-11	2東京7	晴	6.0	3歳1勝クラス		16	8.0	16	22.3	6.0	6	オシェア	57.0	ダ1600		良	**	1:37.1	0.8	**	6-3	35.7-36.7	36.8	488(+6)			スタンリーテソーロ		202405020706
2021101253	2024-08-11	3新潟2	晴	8.0	3歳以上1勝クラス		14	6.0	10	6.9	4.0	3	戸崎圭太	55.0	ダ1800		良	**	1:53.4	0.5	**	3-4-5-5	37.9-36.4	36.5	488(0)			ウィンドフォール	200.0	202404030208
2021101253	2024-09-07	4中山1	晴	8.0	3歳以上1勝クラス		15	6.0	11	5.7	3.0	8	武豊	55.0	ダ1800		良	**	1:53.9	1.3	**	11-11-10-7	36.7-38.1	38.7	490(+2)			ウンガイソウテン		202406040108
2021101253	2024-09-22	4中山7	曇	6.0	3歳以上1勝クラス		12	1.0	1	5.1	2.0	2	三浦皇成	55.0	ダ1800		良	**	1:54.2	0.1	**	6-6-4-2	37.5-38.4	38.1	494(+4)			ダイヤモンドナイツ	320.0	202406040706
2021101253	2024-10-12	4新潟3	晴	7.0	3歳以上1勝クラス		11	8.0	11	1.9	1.0	2	菅原明良	56.0	ダ1800		良	**	1:53.3	0.0	**	7-7-7-7	37.2-37.6	36.8	490(-4)			カムランベイ	320.0	202404040307
2021101253	2024-11-10	3福島4	晴	3.0	3歳以上1勝クラス		15	5.0	9	2.9	1.0	1	三浦皇成	56.0	ダ1700		良	**	1:45.7	-0.5	**	8-8-7-4	29.8-38.6	38.0	492(+2)			(ラッキーヤース)	800.0	202403030403
2021101253	2025-01-25	1中山8	曇	10.0	初霞賞(2勝クラス)		13	8.0	12	22.2	6.0	4	三浦皇成	57.0	ダ1800		良	**	1:54.4	0.7	**	9-9-7-7	38.2-37.5	37.5	502(+10)			アピーリングルック	230.0	202506010810
2021101253	2025-02-23	1小倉10	曇	10.0	和布刈特別(2勝クラス)		14	5.0	8	4.0	1.0	2	佐々木大	57.0	ダ1700		良	**	1:45.3	0.1	**	5-7-7-6	29.1-39.2	37.4	500(-2)			サイモンブーケ	629.8	202510011010
2021101253	2025-03-01	1小倉11	曇	11.0	早鞆特別(2勝クラス)		15	2.0	2	3.3	1.0	4	佐々木大	56.0	ダ1700		良	**	1:45.8	0.4	**	7-7-6-8	30.7-36.6	36.6	496(-4)			コブラ	230.0	202510011111
2021101253	2025-03-29	3中山1	曇	12.0	4歳以上2勝クラス		13	7.0	10	13.5	5.0	2	三浦皇成	58.0	ダ1800		稍	**	1:52.7	1.0	**	9-9-9-8	36.9-38.2	37.3	494(-2)			イデアイゴッソウ	460.0	202506030112
2021101253	2025-06-28	2福島1	晴	10.0	いわき特別(2勝クラス)		14	4.0	6	9.0	3.0	2	三浦皇成	58.0	ダ1700		良	**	1:45.0	0.8	**	7-7-3-2	30.2-36.8	37.1	492(-2)			ナルカミ	630.6	202503020110
2021101253	2025-07-26	2新潟1	晴	6.0	麒麟山特別(2勝クラス)		15	8.0	15	3.1	1.0	1	三浦皇成	58.0	ダ1800		良	**	1:52.4	-0.4	**	1-2-2-1	37.8-37.2	37.2	494(+2)			(タマモキャリコ)	1582.2	202504020106
2021101253	2025-09-21	4中山7	曇	10.0	内房S(3勝クラス)		16	1.0	1	9.6	3.0	3	三浦皇成	55.0	ダ1800		良	**	1:53.0	0.0	**	7-7-7-7	37.0-39.9	38.9	498(+4)			ハギノサステナブル	464.8	202506040710
2021101253	2025-11-01	3京都10	晴	10.0	ハロウィンS(3勝クラス)		13	3.0	3	6.4	5.0	2	丹内祐次	58.0	ダ1800		重	**	1:50.2	0.8	**	6-7-7-6	36.4-34.9	35.1	498(0)			テーオーグランビル	748.4	202508031010
2021101253	2025-12-07	5中山2	晴	10.0	市川S(3勝クラス)		16	3.0	5	2.5	1.0	1	丹内祐次	56.0	ダ1800		良	**	1:52.3	-0.2	**	9-9-7-3	36.7-37.6	37.2	502(+4)			(ウィステリアリヴァ)	1873.6	202506050210
2021101253	2026-01-11	1中山4	曇	10.0	ポルックスS(OP)		16	3.0	5	12.5	5.0	10	三浦皇成	57.0	ダ1800		良	**	1:54.2	1.1	**	5-6-8-7	37.8-38.0	38.5	504(+2)			カゼノランナー		202606010410
2021101385	2023-06-22	門別	曇	4.0	JRA認定フレッシュ(新馬)(2歳)		11	3.0	3	2.8	2.0	1	服部茂史	54.0	ダ1100		良	**	1:10.1	-0.5	**	2-1		40.1	480(0)			(ハリウッドスマイル)	250.0	202330062204
2021101385	2023-07-11	門別	曇	8.0	スフェーン特別(OP)(2歳)		7	1.0	1	12.7	4.0	5	落合玄太	54.0	ダ1200		稍	**	1:15.5	0.5	**	6-6		38.5	480(0)			デュアルロンド	7.0	202330071108
2021101385	2023-07-27	門別	晴	12.0	サッポロクラシックカ(重賞)		12	7.0	10	17.5	7.0	12	多田羅誠	54.0	ダ1200		良	**	1:17.0	2.8	**	8-12		40.4	478(-2)			オスカーブレイン		202330072712
2021101385	2023-09-06	門別	曇	12.0	フローラルカップ〔H(重賞)		10	3.0	3	61.3	9.0	5	落合玄太	54.0	ダ1600		重	**	1:47.8	1.0	**	4-4-5-5		44.1	480(+2)			アメリアハート	28.0	202330090612
2021101385	2023-10-11	門別	晴	12.0	ブロッサムカップ〔H(重賞)		11	2.0	2	24.9	8.0	10	落合玄太	55.0	ダ1700		稍	**	1:53.8	2.3	**	4-4-4-10		42.7	482(+2)			ヴィヴィアンエイト		202330101112
2021101385	2023-11-07	門別	曇	10.0	日高軽種馬青年部連合(OP)(2歳)		10	7.0	8	25.8	7.0	8	岩橋勇二	54.0	ダ1200		不	**	1:14.8	1.3	**	9-10		37.7	482(0)			リュウワンカノア		202330110710
2021101385	2024-01-28	1東京2	曇	9.0	セントポーリア賞(1勝クラス)		9	8.0	9	456.1	8.0	8	石橋脩	55.0	芝1800		良	**	1:49.8	1.0	**	1-1-1	37.1-33.7	34.7	484(+2)			ペッレグリーニ		202405010209
2021101385	2024-02-17	1東京7	曇	9.0	フリージア賞(1勝クラス)		10	5.0	5	349.2	10.0	10	丸田恭介	55.0	芝2000		良	**	2:03.4	3.1	**	9-10-10	36.9-34.1	36.1	478(-6)			マーシャルポイント		202405010709
2021101385	2024-03-03	1阪神4	晴	8.0	アルメリア賞(1勝クラス)		7	4.0	4	272.6	7.0	7	長岡禎仁	55.0	芝1800		良	**	1:49.7	1.7	**	4-4	36.3-34.6	35.9	470(-8)			ギャンブルルーム		202409010408
2021101385	2024-03-16	2中山7	晴	6.0	3歳1勝クラス		9	2.0	2	558.5	9.0	9	丸田恭介	55.0	芝1600		良	**	1:38.6	3.8	**	6-9-9	35.1-35.3	37.9	474(+4)			ユキノロイヤル		202406020706
2021101385	2024-06-08	3東京3	晴	7.0	3歳以上1勝クラス		13	4.0	4	546.0	12.0	9	丸田恭介	53.0	芝1600		良	**	1:34.4	1.0	**	12-12	36.0-34.2	33.6	466(-8)			ハリケーンリッジ		202405030307
2021101385	2024-06-22	1函館5	曇	10.0	渡島特別(2勝クラス)		9	6.0	6	44.4	8.0	6	黛弘人	53.0	ダ1700		良	**	1:46.9	1.5	**	9-9-9-9	30.5-37.6	37.7	468(+2)			レディーシス		202402010510
2021101385	2024-07-14	2福島6	小雨	9.0	横手特別(2勝クラス)		12	2.0	2	128.6	11.0	8	柴田大知	53.0	ダ1700		稍	**	1:47.5	1.2	**	8-10-11-11	30.9-37.3	37.4	476(+8)			フェザーモチーフ		202403020609
2021101385	2024-08-10	3新潟1	晴	8.0	3歳以上1勝クラス		15	3.0	5	134.3	10.0	10	丸田恭介	53.0	ダ1800		良	**	1:55.0	2.3	**	13-13-13-11	36.8-36.9	37.9	480(+4)			マンマリアーレ		202404030108
2021101385	2024-11-03	5東京2	晴	7.0	3歳以上1勝クラス		16	4.0	8	154.9	15.0	16	丸田恭介	55.0	ダ1600		重	**	1:41.3	4.8	**	13-14	34.7-37.0	39.1	474(-6)			ベルブリエ		202405050207
2021101385	2024-11-16	3福島5	晴	6.0	3歳以上1勝クラス		15	8.0	14	437.2	15.0	14	松本大輝	53.0	ダ1700		良	**	1:49.4	3.6	**	14-14-14-13	29.6-39.2	40.3	470(-4)			スマートハンター		202403030506
2021101385	2024-12-01	4中京2	晴	7.0	3歳以上1勝クラス		12	5.0	6	488.3	12.0	12	鷲頭虎太	51.0	ダ1800		良	**	1:56.3	4.4	**	11-11-11-12	36.6-38.1	39.4	466(-4)			ホークフィールド		202407040207
2021101385	2024-12-08	4中京4	晴	9.0	大須特別(1勝クラス)		9	6.0	6	357.0	9.0	8	石神深道	55.0	ダ1800		良	**	1:56.2	2.6	**	7-8-9-9	37.1-38.5	39.5	466(0)			キングオブフジ		202407040409
2021101385	2025-02-09	1京都4	晴	7.0	4歳以上1勝クラス		10	4.0	4	202.6	10.0	10	酒井学	55.0	ダ1800		稍	**	1:58.4	3.8	**	6-6-8-9	37.4-37.9	40.8	470(+4)			ギマール		202508010407
2021101385	2025-02-15	1京都5	晴	8.0	4歳以上1勝クラス		12	1.0	1	262.1	12.0	12	酒井学	55.0	ダ1900		良	**	2:10.1	9.8	**	12-12-12-12	30.2-37.9	44.8	466(-4)			ダブルジャッジ		202508010508
2021101385	2025-09-21	4中山7	晴	6.0	3歳以上1勝クラス		16	1.0	2	364.6	15.0	15	菅原隆一	56.0	ダ1200		良	**	1:13.4	2.7	**	13-15	33.4-37.3	38.6	494(+28)			チャロ		202506040706
2021101385	2025-10-11	4東京3	雨	7.0	3歳以上1勝クラス		10	4.0	4	325.0	10.0	10	菅原隆一	56.0	芝2000		良	**	2:02.1	4.5	**	9-9-9	35.8-34.8	37.5	496(+2)			ボウウィンドウ		202505040307
2021101385	2025-10-18	4東京6	晴	6.0	3歳以上1勝クラス		15	4.0	6	518.7	15.0	14	菅原隆一	56.0	ダ1600		良	**	1:40.0	2.8	**	10-10	35.0-37.8	39.5	496(0)			ヘリオトロープ		202505040606
2021101385	2026-01-24	1中山8	晴	8.0	4歳以上1勝クラス		11	5.0	5	326.3	11.0	11	菅原隆一	56.0	ダ1800		良	**	1:59.0	4.1	**	8-8-9-11	37.1-38.6	41.6	488(-8)			キョウエイフロイデ		202606010808
2021101391	2023-06-17	1函館3	曇	5.0	2歳新馬		14	7.0	12	97.1	13.0	14	角田大和	54.0	芝1200		良	**	1:14.0	3.0	**	13-14	34.6-36.4	37.2	428(0)			コルルディ		202302010305
2021101391	2023-10-01	4阪神9	曇	1.0	2歳未勝利		15	8.0	15	129.5	13.0	6	川端海翼	52.0	ダ1400		不	**	1:26.6	1.2	**	12-10	34.7-38.5	38.1	428(0)			オウバイトウリ		202309040901
2021101391	2023-10-29	4新潟6	小雨	3.0	2歳未勝利		15	4.0	6	82.6	11.0	14	川端海翼	52.0	ダ1800		不	**	1:56.9	3.4	**	3-7-15-15	36.3-38.6	39.6	422(-6)			ハリウッドパーク		202304040603
2021101391	2023-12-03	5阪神2	晴	3.0	2歳未勝利		15	7.0	13	173.6	13.0	7	川端海翼	52.0	ダ1400		良	**	1:28.5	1.9	**	4-6	34.8-39.5	40.7	432(+10)			ソーニャシュニク		202309050203
2021101391	2023-12-23	5阪神7	晴	1.0	2歳未勝利		14	8.0	13	368.4	12.0	11	川端海翼	52.0	ダ1800		良	**	1:58.1	2.9	**	3-4-8-10	36.5-40.3	41.7	436(+4)			ペイシャコパ		202309050701
2021101391	2024-01-14	1小倉2	晴	1.0	3歳未勝利		12	5.0	6	40.4	8.0	4	永島まな	52.0	ダ1700		良	**	1:48.8	0.5	**	1-1-1-1	29.9-39.3	39.8	426(-10)			レーヴドレフォン	83.0	202410010201
2021101391	2024-02-04	1小倉8	曇	1.0	3歳未勝利		15	2.0	2	9.5	5.0	9	永島まな	52.0	ダ1700		重	**	1:48.3	2.7	**	15-15-15-15	30.4-37.9	38.0	426(0)			テーオールビー		202410010801
2021101391	2024-03-03	2小倉8	晴	6.0	3歳未勝利		14	3.0	3	19.8	6.0	3	永島まな	52.0	ダ1700		稍	**	1:48.4	0.8	**	5-5-9-8	30.5-38.8	38.4	422(-4)			メイショウリリー	140.0	202410020806
2021101391	2024-03-23	1中京5	雨	1.0	3歳未勝利		16	1.0	2	4.6	1.0	1	永島まな	52.0	ダ1800		稍	**	1:54.9	-0.1	**	3-3-3-3	36.9-39.1	39.0	426(+4)			(ヴァズレーヌ)	550.0	202407010501
2021101391	2024-04-14	2阪神8	晴	5.0	3歳1勝クラス		15	2.0	3	127.2	14.0	11	角田大河	54.0	ダ1800		良	**	1:56.1	2.8	**	12-12-14-13	35.9-39.1	40.5	420(-6)			テーオールビー		202409020805
2021101391	2024-07-13	3小倉5	曇	7.0	3歳以上1勝クラス		16	8.0	16	60.5	12.0	7	田口貫太	52.0	ダ1700		良	**	1:46.7	1.0	**	3-3-4-7	29.8-38.2	38.9	428(+8)			タガノチョコラータ		202410030507
2021101391	2024-08-18	2中京4	晴	7.0	3歳以上1勝クラス		13	8.0	13	63.8	10.0	5	柴田裕一	50.0	ダ1800		良	**	1:54.5	1.6	**	7-7-3-3	37.6-37.1	38.5	430(+2)			バスタードサフラン	80.0	202407020407
2021101391	2024-09-08	3中京2	晴	6.0	3歳以上1勝クラス		10	6.0	6	32.0	4.0	7	柴田裕一	50.0	ダ1800		良	**	1:54.0	2.8	**	2-2-2-3	36.7-36.7	39.3	436(+6)			ダブルハートボンド		202407030206
2021101391	2025-01-25	1小倉1	晴	8.0	4歳以上1勝クラス		16	6.0	11	91.5	12.0	10	永島まな	53.0	ダ1700		良	**	1:47.3	2.3	**	3-2-2-2	30.6-37.1	39.1	436(0)			レシプロシティ		202510010108
2021101391	2025-02-15	1小倉7	曇	7.0	4歳以上1勝クラス		11	4.0	4	36.1	9.0	3	川端海翼	52.0	ダ1700		良	**	1:46.9	0.4	**	2-1-1-1	30.5-38.5	38.9	434(-2)			ウェイトゥゴー	200.0	202510010707
2021101391	2025-03-02	1小倉12	曇	8.0	4歳以上1勝クラス		14	5.0	8	17.1	6.0	2	柴田裕一	53.0	ダ1700		重	**	1:45.9	0.0	**	1-1-1-1	30.1-38.2	38.2	438(+4)			ミレニアムヒロイン	320.0	202510011208
2021101391	2025-03-22	1阪神7	晴	6.0	4歳以上1勝クラス		10	2.0	2	3.1	2.0	9	幸英明	56.0	ダ1800		良	**	1:58.1	2.2	**	2-2-3-3	38.1-39.1	40.9	436(-2)			サイモンコーラル		202509010706
2021101391	2025-04-20	1福島4	曇	12.0	4歳以上1勝クラス		15	7.0	13	15.0	6.0	6	川端海翼	53.0	ダ1700		良	**	1:47.9	1.4	**	2-2-2-2	30.7-37.6	38.9	434(-2)			トーレ		202503010412
2021101391	2025-07-06	2小倉4	晴	12.0	3歳以上1勝クラス		16	4.0	7	47.3	9.0	14	川端海翼	53.0	ダ1700		良	**	1:48.2	2.8	**	5-5-11-10	29.8-37.9	39.8	434(0)			ジューンエオス		202510020412
2021101391	2025-07-27	3中京2	晴	9.0	3歳以上1勝クラス		9	4.0	4	25.0	6.0	4	永島まな	54.0	ダ1800		良	**	1:55.4	1.1	**	2-2-2-2	38.2-38.4	39.3	430(-4)			エターナルプロミス	120.0	202507030209
2021101391	2025-08-09	3中京5	晴	9.0	3歳以上1勝クラス		9	7.0	7	25.0	5.0	3	永島まな	54.0	ダ1800		良	**	1:55.4	2.2	**	5-6-5-5	37.4-38.5	40.0	434(+4)			アンドリーナ	200.0	202507030509
2021101391	2025-08-30	4中京3	晴	7.0	3歳以上1勝クラス		10	3.0	3	70.4	8.0	8	永島まな	54.0	ダ1800		良	**	1:56.2	2.7	**	3-3-5-5	38.7-37.1	38.8	438(+4)			オーケアニス		202507040307
2021101391	2025-09-21	4阪神7	曇	8.0	3歳以上1勝クラス		13	8.0	12	66.5	8.0	9	永島まな	54.0	ダ1800		良	**	1:57.2	1.6	**	2-2-2-2	38.0-37.8	39.2	442(+4)			フクキタテーラー		202509040708
2021101415	2023-06-18	3阪神6	曇	5.0	2歳新馬		11	6.0	7	37.5	10.0	6	木幡初也	55.0	芝1600		良	**	1:36.0	0.9	**	9-9	35.8-35.3	35.0	432(0)			レディントン		202309030605
2021101415	2023-08-12	3新潟1	曇	2.0	2歳未勝利		10	8.0	10	53.1	5.0	3	木幡初也	55.0	芝1800		良	**	1:48.2	1.3	**	7-7	36.7-33.2	33.3	426(-6)			チェルヴィニア	140.0	202304030102
2021101415	2023-09-10	4中山2	晴	2.0	2歳未勝利		10	2.0	2	5.4	3.0	7	木幡初也	55.0	芝2000		良	**	2:01.9	1.3	**	2-2-2-2	36.4-35.1	36.4	430(+4)			コイヌール		202306040202
2021101415	2023-10-08	4東京2	曇	3.0	2歳未勝利		9	2.0	2	14.0	5.0	8	木幡初也	55.0	芝2000		良	**	2:03.8	1.1	**	6-6-6	37.3-34.4	34.9	436(+6)			マイネルフランツ		202305040203
2021101415	2024-01-27	1東京1	晴	3.0	3歳未勝利		14	3.0	4	70.3	9.0	4	木幡初也	55.0	ダ1600		良	**	1:40.6	0.6	**	8-7	35.1-38.7	38.6	442(+6)			クォーツァイト	83.0	202405010103
2021101415	2024-02-11	1東京6	晴	3.0	3歳未勝利		16	3.0	5	9.1	4.0	3	田辺裕信	55.0	ダ1600		稍	**	1:40.4	0.5	**	10-12	35.9-38.1	37.4	446(+4)			ウエヲムイテゴラン	140.0	202405010603
2021101415	2024-04-20	2東京1	晴	1.0	3歳未勝利		16	8.0	15	3.0	1.0	1	田辺裕信	55.0	ダ1600		良	**	1:39.2	-0.4	**	5-5	35.8-38.2	37.7	438(-8)			(ルルフィーユ)	550.0	202405020101
2021101415	2024-05-18	2東京9	晴	6.0	3歳1勝クラス		10	7.0	7	30.1	5.0	4	田辺裕信	55.0	ダ1600		良	**	1:37.8	1.6	**	4-5	35.5-35.6	36.9	436(-2)			アッシュルバニパル	120.0	202405020906
2021101415	2024-06-09	3東京4	曇	7.0	3歳以上1勝クラス		14	6.0	9	28.1	5.0	7	オシェア	53.0	ダ1600		良	**	1:38.2	1.3	**	10-8	35.4-37.4	36.6	440(+4)			ルージュスタニング		202405030407
2021101415	2024-08-24	3新潟5	晴	8.0	3歳以上1勝クラス		15	1.0	1	13.3	6.0	2	木幡初也	53.0	ダ1800		良	**	1:54.4	0.0	**	9-10-8-8	36.1-39.7	38.8	434(-6)			エスシーヤマト	320.0	202404030508
2021101415	2024-09-16	3中京5	曇	7.0	3歳以上1勝クラス		11	5.0	5	13.4	5.0	4	木幡初也	53.0	ダ1800		稍	**	1:53.0	1.4	**	7-7-7-5	37.2-36.8	37.6	434(0)			モンブランミノル	120.0	202407030507
2021101415	2024-10-06	4新潟2	晴	3.0	3歳以上1勝クラス		12	8.0	11	5.5	3.0	6	木幡初也	54.0	ダ1800		稍	**	1:54.6	0.9	**	6-6-6-6	37.6-37.0	37.5	436(+2)			ルージュアベリア		202404040203
2021101415	2024-11-30	4中京1	曇	3.0	3歳以上1勝クラス		13	4.0	5	5.8	3.0	8	木幡初也	54.0	ダ1800		良	**	1:55.0	0.8	**	6-5-5-4	37.4-38.1	38.4	438(+2)			ザブライド		202407040103
2021101415	2024-12-14	4中京5	晴	7.0	3歳以上1勝クラス		16	6.0	12	47.8	11.0	14	今村聖奈	52.0	ダ1800		良	**	1:55.7	1.4	**	15-14-15-16	38.2-38.6	38.0	438(0)			アークドール		202407040507
2021101415	2025-03-15	2中京1	曇	7.0	4歳以上1勝クラス		15	6.0	10	30.5	9.0	9	木幡初也	56.0	ダ1400		良	**	1:26.7	1.3	**	14-14	35.3-37.5	37.7	444(+6)			シュヴァルツリーベ		202507020107
2021101415	2025-03-29	3中山1	雨	7.0	4歳以上1勝クラス		11	8.0	10	53.6	9.0	10	木幡初也	56.0	ダ1800		稍	**	1:57.8	2.7	**	7-7-7-8	38.0-40.0	42.0	444(0)			エーリアル		202506030107
2021101415	2025-05-17	2東京7	曇	12.0	4歳以上1勝クラス		14	8.0	14	24.7	9.0	4	田辺裕信	56.0	ダ1600		不	**	1:37.0	0.7	**	11-7	34.4-37.1	37.3	440(-4)			プチボヌール	120.0	202505020712
2021101415	2025-05-31	2東京11	小雨	8.0	4歳以上1勝クラス		16	4.0	7	30.7	7.0	10	戸崎圭太	56.0	ダ1600		不	**	1:37.3	1.9	**	11-10	35.0-35.9	36.9	442(+2)			サンドオブエテル		202505021108
2021101415	2025-06-15	3東京4	曇	7.0	3歳以上1勝クラス		14	6.0	10	319.7	12.0	11	木幡初也	56.0	芝2000		稍	**	2:04.4	2.5	**	6-6-6	37.6-34.6	36.4	440(-2)			ダンツファイター		202505030407
2021101415	2025-10-11	4東京3	雨	8.0	3歳以上1勝クラス		16	4.0	8	175.1	14.0	12	木幡初也	56.0	ダ1600		稍	**	1:39.2	1.5	**	11-10	34.6-38.1	38.2	448(+8)			パイシャオピン		202505040308
2021101415	2025-11-20	川崎	晴	10.0	ノベンバースター賞(B2B3)		12	3.0	3	26.3	8.0	1	木幡初也	55.0	ダ1600		良	**	1:43.9	0.0	**	5-6-3-1	37.0-40.5	40.2	447(-1)			(ジェントルタッチ)	400.0	202545112010
2021101429	2023-07-08	2函館3	晴	5.0	2歳新馬		13	5.0	6	2.4	1.0	2	横山武史	55.0	芝1200		良	**	1:09.5	0.2	**	1-1	35.2-34.1	34.3	456(0)			ドナベティ	290.0	202302020305
2021101429	2023-07-22	1札幌1	晴	1.0	2歳未勝利		8	5.0	5	1.2	1.0	1	横山武史	55.0	芝1200		良	**	1:09.5	0.0	**	2-2	35.0-34.5	34.3	452(-4)			(ベアゴーゴー)	550.0	202301010101
2021101429	2023-11-18	5東京5	晴	6.0	2歳1勝クラス		9	5.0	5	2.3	1.0	1	横山武史	56.0	芝1400		良	**	1:21.7	-0.3	**	5-4	34.8-34.7	33.8	454(+2)			(クリノハレルヤ)	780.0	202305050506
2021101429	2023-12-17	5阪神6	晴	11.0	朝日フューチュリティ(GI)		17	2.0	4	116.0	13.0	6	津村明秀	56.0	芝1600		良	**	1:34.2	0.4	**	13-15	34.1-35.4	34.6	456(+2)			ジャンタルマンタル		202309050611
2021101429	2024-03-16	1中京3	晴	11.0	中スポ賞ファルコンS(GIII)		17	2.0	3	10.1	4.0	11	横山武史	57.0	芝1400		良	**	1:21.1	0.9	**	12-12	33.8-34.7	34.7	464(+8)			ダノンマッキンリー		202407010311
2021101429	2024-04-06	3中山5	曇	11.0	ニュージーランドT(GII)		16	8.0	16	75.3	11.0	13	内田博幸	57.0	芝1600		稍	**	1:35.3	0.9	**	14-16-16	36.0-35.5	34.9	464(0)			エコロブルーム		202406030511
2021101429	2024-08-10	3新潟1	晴	10.0	新発田城特別(2勝クラス)		14	8.0	13	11.3	5.0	2	津村明秀	54.0	芝1400		良	**	1:20.3	0.0	**	10-10	33.5-35.0	33.9	460(-4)			サクセスアイ	629.2	202404030110
2021101429	2024-09-01	3新潟8	晴	9.0	飯豊特別(2勝クラス)		7	7.0	7	3.0	2.0	2	津村明秀	55.0	芝1400		良	**	1:22.0	0.4	**	4-4	35.2-34.4	34.4	458(-2)			セントメモリーズ	625.2	202404030809
2021101429	2024-10-06	4東京2	曇	8.0	3歳以上2勝クラス		13	6.0	8	1.9	1.0	1	津村明秀	56.0	芝1400		良	**	1:19.7	-0.5	**	6-6	33.8-34.5	33.8	456(-2)			(ニコラウス)	1140.0	202405040208
2021101429	2024-11-09	5東京3	晴	10.0	奥多摩S(3勝クラス)		14	5.0	8	3.8	2.0	9	津村明秀	57.0	芝1400		良	**	1:21.8	0.2	**	7-5	35.4-34.4	33.7	458(+2)			セントメモリーズ		202405050310
2021101429	2025-02-02	1東京2	曇	10.0	節分S(3勝クラス)		11	5.0	5	2.3	1.0	6	津村明秀	58.0	芝1400		良	**	1:22.3	0.6	**	11-11	35.3-34.7	33.6	464(+6)			オードリーバローズ		202505010210
2021101429	2025-02-23	1京都8	曇	9.0	山城S(3勝クラス)		9	8.0	9	3.6	1.0	6	岩田康誠	56.0	芝1400		良	**	1:22.7	0.4	**	3-3	36.4-34.1	34.2	460(-4)			スカイロケット		202508010809
2021101429	2025-04-27	2東京2	晴	9.0	湘南S(3勝クラス)		15	1.0	1	2.9	1.0	7	津村明秀	56.0	芝1400		良	**	1:20.1	0.3	**	14-14	34.1-34.5	33.2	458(-2)			ハクサンバード		202505020209
2021101429	2025-05-25	2東京10	曇	10.0	フリーウェイS(3勝クラス)		9	8.0	8	6.5	3.0	9	横山武史	58.0	芝1400		良	**	1:22.0	0.6	**	3-3	35.3-34.5	34.7	458(0)			グロリアラウス		202505021010
2021101429	2025-10-04	4東京1	小雨	10.0	白秋S(3勝クラス)		15	2.0	3	19.2	9.0	5	津村明秀	55.0	芝1400		良	**	1:20.1	0.3	**	9-8	34.4-34.0	33.5	456(-2)			レッドシュヴェルト	184.0	202505040110
2021101429	2025-11-15	5東京3	晴	10.0	奥多摩S(3勝クラス)		18	3.0	5	12.4	5.0	16	横山典弘	58.0	芝1400		良	**	1:23.0	2.5	**	12-14	35.0-33.9	35.1	462(+6)			マイネルチケット		202505050310
2021101429	2025-12-06	5中京1	晴	11.0	飛騨S(3勝クラス)		12	7.0	9	12.5	7.0	2	丸山元気	58.0	芝1400		良	**	1:19.4	0.0	**	6-6	34.0-34.0	33.2	458(-4)			レディマリオン	748.0	202507050111
2021101554	2024-03-30	2阪神3	晴	4.0	3歳未勝利		18	4.0	8	425.5	15.0	15	柴田裕一	54.0	芝1400		良	**	1:23.8	1.9	**	15-16	35.0-35.2	35.1	472(0)			ガロンヌ		202409020304
2021101554	2024-06-16	4京都6	晴	2.0	3歳未勝利		16	6.0	12	141.5	10.0	2	小沢大仁	56.0	ダ1800		稍	**	1:54.3	0.3	**	4-4-4-4	36.8-37.8	37.9	474(+2)			メイショウソウタ	220.0	202408040602
2021101554	2024-06-23	4京都8	小雨	2.0	3歳未勝利		16	8.0	15	2.2	1.0	1	松山弘平	57.0	ダ1800		不	**	1:52.1	0.0	**	5-5-4-2	36.5-37.1	36.8	476(+2)			(バトンインディ)	385.0	202408040802
2021101554	2024-07-14	3小倉6	雨	12.0	3歳以上1勝クラス		16	6.0	12	7.2	5.0	10	柴田裕一	52.0	ダ1700		不	**	1:45.1	2.1	**	10-11-12-12	29.4-36.9	37.9	476(0)			バガリーロータス		202410030612
2021101554	2024-09-08	3中京2	晴	7.0	3歳以上1勝クラス		9	1.0	1	17.7	6.0	4	柴田裕一	52.0	ダ1900		良	**	2:00.7	1.6	**	9-9-9-8	31.2-37.2	37.8	472(-4)			リューデスハイム	120.0	202407030207
2021101554	2024-09-29	3中京9	曇	4.0	3歳以上1勝クラス		9	2.0	2	5.3	4.0	1	柴田裕一	52.0	ダ1900		重	**	1:59.1	-0.6	**	3-3-4-4	31.1-37.4	36.9	470(-2)			(マサハヤウォルズ)	800.0	202407030904
2021101554	2024-12-07	4中京3	曇	10.0	鳴海特別(2勝クラス)		16	4.0	8	33.8	8.0	9	柴田裕一	57.0	ダ1800		良	**	1:53.2	1.2	**	7-7-8-8	37.2-36.9	37.3	464(-6)			スナークラファエロ		202407040310
2021101554	2024-12-22	7京都8	晴	9.0	クリスマスエルフ賞(2勝クラス)		16	3.0	6	19.0	7.0	13	柴田裕一	57.0	ダ1800		良	**	1:55.7	1.9	**	9-9-11-10	37.2-38.6	39.0	470(+6)			タンゴバイラリン		202408070809
2021101554	2025-01-18	1中京6	晴	9.0	濃尾特別(2勝クラス)		16	3.0	5	138.5	14.0	6	難波剛健	57.0	ダ1800		良	**	1:54.7	0.6	**	11-11-15-12	37.8-36.7	36.4	468(-2)			マーブルマウンテン		202507010609
2021101554	2025-05-11	1新潟4	曇	10.0	五泉特別(2勝クラス)		15	7.0	13	18.0	7.0	10	柴田裕一	54.0	ダ1800		稍	**	1:55.0	1.3	**	10-10-12-12	36.2-39.9	39.8	476(+8)			プレイサーゴールド		202504010410
2021101554	2025-07-12	2福島5	曇	9.0	信夫山特別(2勝クラス)		12	7.0	9	41.1	11.0	6	国分恭介	58.0	芝2600		良	**	2:44.3	1.1	**	10-10-2-2	38.4-36.4	37.3	480(+4)			ロードオールライト		202503020509
2021101554	2025-08-17	1札幌8	曇	12.0	阿寒湖特別(2勝クラス)		14	6.0	9	147.8	11.0	8	柴田裕一	58.0	芝2600		稍	**	2:44.4	1.2	**	6-6-6-8	37.7-36.6	37.2	482(+2)			レクスノヴァス		202501010812
2021101554	2025-08-30	2札幌3	曇	11.0	札幌日刊スポーツ杯(2勝クラス)		14	5.0	8	229.7	13.0	11	柴田裕一	58.0	芝2000		稍	**	2:05.7	2.2	**	3-4-5-8	37.3-36.7	38.4	482(0)			ミラージュナイト		202501020311
2021101554	2025-11-01	3京都10	晴	8.0	3歳以上2勝クラス		15	4.0	7	51.5	12.0	7	柴田裕一	56.0	ダ1800		重	**	1:50.3	1.2	**	10-9-9-11	35.4-36.6	36.7	480(-2)			アーロンイメル		202508031008
2021101554	2025-11-23	4京都6	晴	8.0	3歳以上2勝クラス		14	6.0	9	148.2	10.0	11	柴田裕一	56.0	ダ1800		良	**	1:54.1	1.9	**	13-13-13-14	37.6-36.1	36.9	480(0)			モックモック		202508040608
2021101554	2026-01-18	1京都7	晴	10.0	大津特別(2勝クラス)		16	5.0	10	139.4	11.0	7	鮫島克駿	58.0	ダ1800		良	**	1:54.2	0.6	**	15-15-14-15	37.5-37.4	36.5	488(+8)			バッケンレコード		202608010710
2021101603	2023-11-19	3京都6	晴	4.0	2歳新馬		13	6.0	8	6.0	3.0	2	和田竜二	56.0	芝1600		稍	**	1:38.0	0.0	**	4-4	37.2-34.5	34.1	522(0)			シヴァース	290.0	202308030604
2021101603	2023-12-03	4中京2	晴	4.0	2歳未勝利		16	2.0	4	1.8	1.0	1	モレイラ	56.0	芝1600		良	**	1:35.4	-0.5	**	3-3-3	36.3-34.1	33.7	522(0)			(トラペジスト)	550.0	202307040204
2021101603	2024-01-08	1京都3	晴	11.0	日刊スポシンザン記念(GIII)		18	8.0	17	9.7	4.0	13	モリス	57.0	芝1600		良	**	1:35.8	1.3	**	10-7	34.3-36.1	36.9	516(-6)			ノーブルロジャー		202408010311
2021101603	2024-03-03	1阪神4	晴	8.0	アルメリア賞(1勝クラス)		7	3.0	3	3.6	2.0	2	和田竜二	57.0	芝1800		良	**	1:48.0	0.0	**	4-4	36.3-34.6	34.3	524(+8)			ギャンブルルーム	434.2	202409010408
2021101603	2024-03-23	2阪神1	曇	11.0	毎日杯(GIII)		10	6.0	6	56.6	10.0	9	池添謙一	57.0	芝1800		重	**	1:48.5	2.5	**	2-2	35.2-34.4	36.8	518(-6)			メイショウタバル		202409020111
2021101603	2024-07-06	1函館9	曇	9.0	北斗特別(1勝クラス)		11	8.0	11	4.4	2.0	2	鮫島克駿	55.0	芝2000		良	**	2:02.3	0.1	**	8-8-9-6	35.3-36.6	36.0	522(+4)			ブラックヴァール	447.8	202402010909
2021101603	2024-07-21	1札幌2	晴	8.0	3歳以上1勝クラス		10	5.0	5	4.0	2.0	1	鮫島克駿	55.0	芝2000		良	**	2:00.1	0.0	**	7-7-2-2	36.6-35.1	35.0	518(-4)			(エルフストラック)	800.0	202401010208
2021101603	2024-08-17	2札幌3	曇	11.0	札幌日刊スポーツ杯(2勝クラス)		14	8.0	14	13.0	5.0	13	鮫島克駿	54.0	芝2600		良	**	2:42.1	1.6	**	3-5-3-9	37.9-36.0	37.4	516(-2)			フェミナフォルテ		202401020311
2021101603	2024-11-16	6京都5	曇	12.0	3歳以上2勝クラス		14	3.0	4	13.1	6.0	2	鮫島克駿	56.0	芝2000		良	**	2:01.4	0.0	**	10-10-5-5	37.3-35.3	34.9	526(+10)			ナムラフッカー	460.0	202408060512
2021101603	2024-12-08	4中京4	晴	10.0	名古屋日刊スポーツ杯(2勝クラス)		16	7.0	14	3.7	2.0	2	中井裕二	57.0	芝2000		良	**	2:01.0	0.1	**	16-16-4-4	35.9-36.1	35.9	524(-2)			ナヴォーナ	631.2	202407040410
2021101603	2025-01-05	1中京1	晴	9.0	鶴舞特別(2勝クラス)		11	8.0	11	4.7	3.0	4	鮫島克駿	57.0	芝2200		良	**	2:13.0	0.9	**	8-8-7-6	35.2-35.5	35.6	526(+2)			ハヤテノフクノスケ	230.0	202507010109
2021101603	2025-04-13	3中山6	雨	10.0	鹿野山特別(2勝クラス)		10	2.0	2	6.3	5.0	6	内田博幸	58.0	芝2000		良	**	2:02.3	0.5	**	3-3-4-4	37.4-34.8	35.0	512(-14)			ルカランフィースト		202506030610
2021101603	2025-04-27	2京都2	晴	9.0	比良山特別(2勝クラス)		8	8.0	8	2.7	1.0	6	鮫島克駿	57.0	芝2200		良	**	2:15.3	0.7	**	6-6-6-5	37.9-33.2	33.2	522(+10)			キャントウェイト		202508020209
2021101603	2025-07-13	2小倉6	曇	10.0	西部スポニチ賞(2勝クラス)		9	5.0	5	6.7	4.0	2	川田将雅	57.0	芝2000		良	**	2:01.3	0.0	**	8-8-8-6	37.3-35.5	34.2	522(0)			アロマデローサ	625.6	202510020610
2021101603	2025-08-03	2新潟4	晴	6.0	月岡温泉特別(2勝クラス)		5	3.0	3	2.0	1.0	3	戸崎圭太	58.0	芝2000		良	**	2:01.2	0.1	**	5-5	37.7-33.0	32.7	524(+2)			サダムオプシス	391.9	202504020406
2021101603	2025-09-07	4阪神2	晴	8.0	武田尾特別(2勝クラス)		5	4.0	4	1.6	1.0	2	川田将雅	58.0	芝1800		良	**	1:45.9	0.3	**	4-3	34.5-33.9	33.8	524(0)			インヴォーグ	623.6	202509040208
2021101603	2026-01-05	1京都2	晴	9.0	逢坂山特別(2勝クラス)		11	4.0	4	5.2	3.0	2	川田将雅	58.0	芝1800		良	**	1:46.9	0.1	**	8-8	35.3-36.0	35.2	534(+10)			チェルノボーグ	637.0	202608010209
2021101924	2023-10-01	4中山9	曇	3.0	2歳新馬		16	6.0	12	4.9	2.0	2	石橋脩	55.0	芝1200		良	**	1:11.1	0.1	**	1-1	35.9-35.1	35.2	452(0)			ジューンブレア	290.0	202306040903
2021101924	2024-05-19	1新潟8	晴	2.0	3歳未勝利		16	7.0	13	5.8	4.0	1	丸山元気	55.0	芝1200		良	**	1:10.7	-0.2	**	2-2	34.6-36.1	35.8	460(+8)			(ドレッド)	550.0	202404010802
2021101924	2024-06-09	1函館2	小雨	8.0	3歳以上1勝クラス		13	5.0	6	4.6	3.0	2	坂井瑠星	53.0	芝1200		良	**	1:08.9	0.1	**	2-2	33.8-35.0	35.0	458(-2)			クファシル	320.0	202402010208
2021101924	2024-08-25	2札幌6	晴	9.0	小樽特別(1勝クラス)		15	7.0	13	2.3	1.0	1	坂井瑠星	54.0	芝1200		良	**	1:08.2	0.0	**	2-2	33.4-34.8	34.4	464(+6)			(ベアゴーゴー)	1153.4	202401020609
2021101924	2024-09-21	3中京6	晴	10.0	賢島特別(2勝クラス)		16	8.0	15	4.6	2.0	1	坂井瑠星	53.0	芝1200		良	**	1:08.4	0.0	**	3-4	34.2-34.2	33.6	458(-6)			(ジョーメッドヴィン)	1584.3	202407030610
2021101924	2024-12-01	5中山2	晴	9.0	南総S(3勝クラス)		16	6.0	12	5.8	3.0	5	石橋脩	55.0	芝1200		良	**	1:07.6	0.5	**	2-2	32.9-34.2	34.5	470(+12)			カピリナ	184.0	202406050209
2021101924	2025-02-01	1小倉3	雨	11.0	巌流島S(3勝クラス)		18	5.0	9	6.1	2.0	1	国分恭介	54.0	芝1200		重	**	1:10.0	-0.1	**	4-4	33.0-37.0	36.3	474(+4)			(シュヴェルトライテ)	1879.2	202510010311
2021101924	2025-03-16	1阪神6	雨	11.0	米子城S(OP)		16	2.0	4	3.8	2.0	13	坂井瑠星	53.0	芝1200		重	**	1:10.2	1.5	**	2-3	33.8-34.9	36.0	474(0)			カルチャーデイ		202509010611
2021101924	2025-06-14	1函館1	曇	11.0	函館スプリントS(GIII)		16	5.0	9	172.7	15.0	14	小沢大仁	55.0	芝1200		良	**	1:07.5	0.9	**	3-3	32.5-34.1	34.7	472(-2)			カピリナ		202502010111
2021101924	2025-08-10	1札幌6	曇	11.0	UHB賞(OP)		16	6.0	11	6.7	2.0	1	鮫島克駿	55.0	芝1200		良	**	1:09.2	0.0	**	1-1	34.8-34.4	34.4	466(-6)			(レッドヒルシューズ)	2335.0	202501010611
2021101924	2025-08-24	2札幌2	晴	11.0	キーンランドC(GIII)		16	6.0	12	28.5	10.0	10	坂井瑠星	55.0	芝1200		良	**	1:08.8	0.6	**	2-2	33.6-34.6	35.1	466(0)			パンジャタワー		202501020211
2021101924	2025-10-04	3京都1	曇	11.0	オパールS(L)		18	3.0	6	9.7	5.0	5	国分恭介	54.0	芝1200		重	**	1:08.2	0.5	**	1-1	33.7-34.0	34.5	464(-2)			メイショウソラフネ	270.0	202508030111
2021101924	2025-10-26	4新潟4	雨	11.0	ルミエールオータムD(L)		17	2.0	4	24.5	10.0	4	国分恭介	54.0	芝1000		稍	**	0:55.9	0.6	**	6	32.7-33.2	33.3	464(0)			イコサン	410.0	202504040411
2021101924	2025-12-07	5中山2	晴	11.0	ラピスラズリS(L)		16	1.0	1	15.3	6.0	13	石橋脩	56.0	芝1200		良	**	1:08.1	1.0	**	1-1	33.5-33.6	34.6	472(+8)			ロードフォアエース		202506050211
2021101924	2026-01-11	1京都4	晴	11.0	淀短距離S(L)		16	5.0	9	18.8	8.0	6	松山弘平	56.0	芝1200		良	**	1:09.2	0.3	**	1-1	34.6-34.3	34.6	472(0)			ヤブサメ		202608010411
2021102009	2023-10-21	4東京6	晴	4.0	2歳新馬		16	5.0	9	3.0	1.0	1	岩田望来	56.0	ダ1600		良	**	1:38.3	-1.1	**	5-4	35.5-37.6	37.1	490(0)			(メイショウソムリエ)	720.0	202305040604
2021102009	2023-11-25	5東京7	晴	9.0	カトレアS(OP)		16	7.0	14	4.2	1.0	7	岩田望来	56.0	ダ1600		良	**	1:38.3	0.8	**	6-4	35.1-37.4	37.7	496(+6)			アマンテビアンコ		202305050709
2021102009	2024-02-11	1東京6	晴	7.0	3歳1勝クラス		15	8.0	15	2.8	1.0	1	岩田望来	57.0	ダ1600		稍	**	1:37.5	-0.6	**	7-6	34.8-37.7	37.0	498(+2)			(ディアスポラ)	780.0	202405010607
2021102009	2024-03-23	3中山1	小雨	10.0	伏竜S(OP)		11	1.0	1	4.8	2.0	8	横山武史	57.0	ダ1800		良	**	1:54.7	0.6	**	4-3-5-5	37.7-37.9	38.2	498(0)			テーオーパスワード		202406030110
2021102009	2024-05-04	2東京5	晴	9.0	青竜S(OP)		8	1.0	1	4.3	3.0	3	オシェア	57.0	ダ1600		稍	**	1:36.4	0.2	**	6-5	34.4-37.7	37.4	506(+8)			ソニックスター	452.9	202405020509
2021102009	2024-06-22	3東京7	晴	10.0	日野特別(2勝クラス)		16	2.0	3	10.2	2.0	2	津村明秀	55.0	ダ1600		重	**	1:35.1	0.0	**	9-9	35.0-36.5	35.5	502(-4)			アッシュルバニパル	630.2	202405030710
2021102009	2025-02-08	1東京3	晴	8.0	4歳以上2勝クラス		15	5.0	9	2.6	2.0	2	津村明秀	58.0	ダ1600		良	**	1:37.6	0.2	**	5-5	35.3-37.3	36.8	510(+8)			ウェットシーズン	460.0	202505010308
2021102009	2025-05-03	2東京3	晴	12.0	4歳以上2勝クラス		14	3.0	4	1.6	1.0	1	津村明秀	58.0	ダ1600		重	**	1:35.7	0.0	**	4-4	35.5-35.5	35.2	514(+4)			(レッドダンルース)	1140.0	202505020312
2021102009	2025-06-01	2東京12	晴	9.0	薫風S(3勝クラス)		16	3.0	5	5.0	3.0	4	津村明秀	58.0	ダ1600		稍	**	1:35.6	0.4	**	7-9	35.6-35.3	35.0	510(-4)			ダノンザボルケーノ	280.0	202505021209
2021102009	2025-07-27	1札幌2	晴	10.0	ポプラS(3勝クラス)		8	2.0	2	3.3	3.0	1	鮫島克駿	58.0	ダ1700		重	**	1:42.8	-0.5	**	2-2-2-2	30.7-35.8	35.7	512(+2)			(ドバイブルース)	1857.5	202501010210
2021102009	2025-11-15	5東京3	晴	11.0	武蔵野S(GIII)		16	6.0	12	61.9	11.0	8	マーカン	57.0	ダ1600		良	**	1:36.1	0.9	**	7-10	35.3-35.5	35.5	508(-4)			ルクソールカフェ		202505050311
2021102009	2025-12-14	5中山4	曇	10.0	師走S(L)		16	5.0	9	10.2	5.0	9	鮫島克駿	56.0	ダ1800		稍	**	1:53.5	1.8	**	6-6-4-4	37.1-37.5	38.8	508(0)			ブライアンセンス		202506050410
2021102406	2023-10-15	4東京5	雨	5.0	2歳新馬		14	4.0	5	2.5	1.0	6	戸崎圭太	56.0	芝1600		重	**	1:38.5	0.5	**	6-7	36.2-35.6	35.6	486(0)			カルツァクライン		202305040505
2021102406	2023-12-09	4中京3	晴	4.0	2歳未勝利		16	6.0	11	3.9	2.0	1	ムルザバ	56.0	芝2000		良	**	2:02.5	0.0	**	13-12-6-5	35.9-35.5	35.1	488(+2)			(コルレオニス)	550.0	202307040304
2021102406	2024-03-16	1阪神7	晴	11.0	若葉S(L)		9	4.0	4	35.3	7.0	7	ムルザバ	57.0	芝2000		良	**	2:01.0	1.3	**	9-9-9-9	36.1-34.6	35.2	486(-2)			ミスタージーティー		202409010711
2021102406	2024-04-14	2阪神8	晴	6.0	3歳1勝クラス		7	6.0	6	9.1	5.0	7	鮫島克駿	57.0	芝2000		良	**	2:01.3	0.9	**	1-1-1-1	36.2-35.3	36.2	486(0)			ログラール		202409020806
2021102406	2024-07-14	1函館12	晴	9.0	臥牛山特別(1勝クラス)		13	7.0	10	18.5	6.0	5	浜中俊	55.0	芝1800		良	**	1:49.5	0.5	**	3-3-3-3	36.0-36.0	36.2	498(+12)			ノレッジビューティ	111.0	202402011209
2021102406	2024-08-03	1札幌5	晴	8.0	3歳以上1勝クラス		13	3.0	3	23.0	6.0	8	浜中俊	55.0	芝1800		良	**	1:48.4	1.0	**	6-6-5-5	35.8-35.1	35.4	498(0)			ホウオウプロサンゲ		202401010508
2021102406	2024-10-13	5京都4	晴	6.0	3歳以上1勝クラス		10	6.0	6	17.8	6.0	4	鮫島克駿	56.0	ダ1800		良	**	1:54.0	0.3	**	2-3-3-3	35.8-38.7	38.6	486(-12)			タイセイミニスター	120.0	202408050406
2021102406	2024-11-09	6京都3	晴	6.0	3歳以上1勝クラス		15	3.0	5	4.0	2.0	3	Ｃ．デム	56.0	ダ1800		良	**	1:52.0	0.4	**	2-2-2-2	35.9-37.8	37.9	490(+4)			ルシュヴァルドール	200.0	202408060306
2021102406	2024-12-07	4中京3	曇	6.0	3歳以上1勝クラス		16	1.0	2	3.1	2.0	2	鮫島克駿	57.0	ダ1900		良	**	2:00.0	0.6	**	5-5-2-2	30.2-38.3	38.9	484(-6)			ジャスパーワールド	320.0	202407040306
2021102406	2025-01-18	1中京6	晴	7.0	4歳以上1勝クラス		12	5.0	6	3.2	2.0	3	鮫島克駿	57.0	ダ1900		良	**	2:00.6	0.5	**	6-6-4-3	30.4-37.1	37.2	498(+14)			アンバードール	200.0	202507010607
2021102406	2025-02-02	1京都2	曇	7.0	4歳以上1勝クラス		13	8.0	12	2.3	1.0	3	川田将雅	57.0	ダ1800		稍	**	1:54.6	0.3	**	5-5-5-3	38.0-39.0	38.9	492(-6)			メイショウトム	200.0	202508010207
2021102406	2025-03-23	2中京4	晴	7.0	4歳以上1勝クラス		16	8.0	16	7.2	4.0	4	亀田温心	58.0	ダ1800		良	**	1:55.0	0.1	**	6-5-4-4	38.6-37.4	37.3	502(+10)			メイショウヘール	120.0	202507020407
2021102406	2025-04-20	1福島4	曇	12.0	4歳以上1勝クラス		15	2.0	2	2.2	1.0	2	亀田温心	58.0	ダ1700		良	**	1:47.3	0.8	**	3-3-3-2	30.7-37.6	38.2	496(-6)			トーレ	320.0	202503010412
2021102406	2025-08-16	1札幌7	晴	8.0	3歳以上1勝クラス		14	8.0	13	6.8	3.0	8	鮫島克駿	58.0	ダ1700		良	**	1:46.7	0.9	**	10-10-10-7	30.3-38.7	38.6	502(+6)			ゼロスネーク		202501010708
2021102406	2025-08-23	2札幌1	晴	12.0	ニセコ特別(1勝クラス)		6	4.0	4	5.5	3.0	6	バデル	58.0	ダ1700		稍	**	1:47.7	2.0	**	3-2-2-3	31.5-37.7	39.5	498(-4)			アーロンイメル		202501020112
2021102406	2025-10-18	4新潟1	曇	6.0	3歳以上1勝クラス		15	6.0	10	10.8	3.0	5	亀田温心	58.0	ダ1800		良	**	1:54.6	1.4	**	6-5-5-5	36.5-38.4	39.0	490(-8)			ゴールデンクラウド	80.0	202504040106
2021102406	2025-11-08	3福島1	晴	12.0	3歳以上1勝クラス		15	7.0	12	13.2	7.0	4	亀田温心	58.0	ダ1700		良	**	1:46.4	0.5	**	5-4-4-4	30.0-38.5	38.6	486(-4)			タイセイマンボ	120.0	202503030112
2021102461	2023-10-09	2京都3	曇	4.0	2歳新馬		17	7.0	14	14.7	4.0	1	菅原明良	56.0	芝1400		重	**	1:22.7	0.0	**	8-9	34.6-36.6	35.6	458(0)			(サリュエ)	720.0	202308020304
2021102461	2023-11-04	5東京1	晴	11.0	京王杯2歳S(GII)		12	7.0	9	15.9	7.0	4	菅原明良	56.0	芝1400		良	**	1:21.2	0.6	**	3-4	34.2-34.9	34.1	460(+2)			コラソンビート	570.0	202305050111
2021102461	2023-12-17	5阪神6	晴	11.0	朝日フューチュリティ(GI)		17	5.0	10	114.8	12.0	12	池添謙一	56.0	芝1600		良	**	1:34.7	0.9	**	5-4	34.1-35.4	35.7	464(+4)			ジャンタルマンタル		202309050611
2021102461	2024-03-16	1阪神7	晴	6.0	3歳1勝クラス		10	2.0	2	2.8	1.0	4	鮫島克駿	57.0	芝1200		良	**	1:09.0	0.3	**	7-7	34.2-34.5	34.3	476(+12)			トーラスシャイン	120.0	202409010706
2021102461	2024-04-06	2阪神5	晴	6.0	3歳1勝クラス		10	4.0	4	2.3	1.0	2	モレイラ	57.0	芝1200		良	**	1:08.8	0.2	**	4-4	34.6-34.0	33.9	474(-2)			モンシュマン	310.0	202409020506
2021102461	2024-06-09	4京都4	曇	12.0	3歳以上1勝クラス		13	6.0	9	2.1	1.0	1	松山弘平	55.0	芝1200		稍	**	1:08.7	-0.2	**	10-9	33.8-34.9	33.9	470(-4)			(イツモニコニコ)	800.0	202408040412
2021102461	2024-07-21	3小倉8	曇	10.0	九州スポーツ杯(2勝クラス)		18	5.0	9	6.3	3.0	6	松山弘平	55.0	芝1200		良	**	1:09.1	0.8	**	11-10	33.3-35.0	34.7	478(+8)			ミルテンベルク		202410030810
2021102461	2024-10-12	5京都3	晴	12.0	3歳以上2勝クラス		17	4.0	7	4.9	3.0	2	ルメール	57.0	芝1200		良	**	1:08.0	0.1	**	17-16	33.4-34.5	32.9	482(+4)			オックスリップ	460.0	202408050312
2021102461	2024-11-23	6京都7	曇	12.0	3歳以上2勝クラス		15	8.0	15	2.9	1.0	8	Ｃ．デム	57.0	芝1200		良	**	1:08.8	0.6	**	9-10	34.3-33.9	33.4	480(-2)			アンクルクロス		202408060712
2021102461	2025-01-26	1中京9	晴	12.0	4歳以上2勝クラス		13	8.0	12	4.0	2.0	8	松山弘平	57.0	芝1400		良	**	1:22.1	0.7	**	12-11	34.2-35.6	34.7	478(-2)			マサノカナリア		202507010912
2021102461	2025-03-08	1阪神3	曇	12.0	4歳以上2勝クラス		11	4.0	4	4.7	3.0	5	鮫島克駿	58.0	芝1200		良	**	1:08.9	0.2	**	11-11	34.2-34.5	33.3	482(+4)			アムールリーベ	114.0	202509010312
2021102461	2025-04-06	2阪神4	晴	8.0	4歳以上2勝クラス		10	7.0	8	3.8	2.0	1	鮫島克駿	58.0	芝1200		良	**	1:08.6	-0.1	**	8-7	34.6-34.0	33.3	482(0)			(イツモニコニコ)	1140.0	202509020408
2021102461	2025-05-04	2京都4	晴	10.0	淀S(3勝クラス)		13	6.0	9	15.8	5.0	2	丹内祐次	58.0	芝1200		良	**	1:08.4	0.2	**	10-9	34.3-33.9	33.4	482(0)			ヤマニンアルリフラ	748.4	202508020410
2021102461	2025-06-01	2京都12	晴	12.0	渡月橋S(3勝クラス)		14	4.0	6	6.9	4.0	9	鮫島克駿	58.0	芝1400		良	**	1:21.4	0.6	**	10-10	35.7-33.6	33.7	486(+4)			ガロンヌ		202508021212
2021102461	2025-08-24	4中京2	晴	11.0	長篠S(3勝クラス)		9	6.0	6	3.6	2.0	4	角田大和	58.0	芝1200		良	**	1:07.8	0.6	**	6-7	33.7-33.5	33.5	488(+2)			ワンダーキサラ	280.0	202507040211
2021102461	2025-09-27	4阪神8	晴	10.0	道頓堀S(3勝クラス)		16	2.0	3	10.6	5.0	6	鮫島克駿	58.0	芝1200		良	**	1:08.6	0.3	**	13-12	34.4-33.9	32.9	490(+2)			シュタールヴィント		202509040810
2021102461	2025-11-23	4京都6	晴	12.0	醍醐S(3勝クラス)		16	1.0	1	19.4	7.0	4	鮫島克駿	58.0	芝1200		良	**	1:08.2	0.2	**	7-5	34.3-33.7	33.3	490(0)			アンクルクロス	280.0	202508040612
2021102461	2025-12-28	5阪神8	晴	12.0	カウントダウンS(3勝クラス)		10	2.0	2	3.7	1.0	3	岩田望来	58.0	芝1200		良	**	1:08.5	0.1	**	9-8	34.9-33.5	32.8	494(+4)			イツモニコニコ	371.7	202509050812
2021102633	2023-08-19	3小倉3	晴	5.0	2歳新馬		13	5.0	7	2.8	1.0	5	坂井瑠星	55.0	芝1200		良	**	1:10.8	0.5	**	5-6	34.5-35.8	35.6	504(0)			シークレットキー	72.0	202310030305
2021102633	2023-11-26	3京都8	曇	1.0	2歳未勝利		16	6.0	12	5.5	3.0	3	松山弘平	55.0	ダ1200		良	**	1:13.2	0.7	**	3-3	35.1-37.4	37.6	502(-2)			ゴッドカインド	140.0	202308030801
2021102633	2023-12-16	5阪神5	曇	1.0	2歳未勝利		16	8.0	16	6.6	4.0	5	松山弘平	55.0	ダ1400		稍	**	1:26.9	0.8	**	3-3	34.6-39.0	39.5	498(-4)			クリノオリーブ	55.0	202309050501
2021102633	2023-12-23	5阪神7	晴	2.0	2歳未勝利		15	6.0	11	9.0	4.0	6	松山弘平	55.0	ダ1200		良	**	1:14.7	1.1	**	6-3	35.6-38.0	38.6	506(+8)			エコロエイト		202309050702
2021102633	2024-01-13	1京都4	晴	1.0	3歳未勝利		16	1.0	1	5.7	3.0	2	松本大輝	54.0	ダ1200		良	**	1:13.7	0.1	**	1-1	35.9-37.7	37.8	502(-4)			ピカリ	220.0	202408010401
2021102633	2024-01-27	1小倉5	晴	3.0	3歳未勝利		11	6.0	6	2.3	1.0	1	松本大輝	54.0	ダ1000		良	**	0:58.6	-0.5	**	2-2	34.6-35.7	35.6	496(-6)			(テイエムタリスマ)	550.0	202410010503
2021102633	2024-06-08	1函館1	晴	8.0	3歳以上1勝クラス		11	7.0	9	2.3	1.0	3	松本大輝	52.0	ダ1000		良	**	0:59.0	0.4	**	2-2	34.5-35.9	36.2	502(+6)			パルプフィクション	200.0	202402010108
2021102633	2024-06-22	1函館5	曇	8.0	3歳以上1勝クラス		12	6.0	8	4.5	2.0	2	松本大輝	52.0	ダ1000		良	**	0:59.1	0.0	**	2-2	34.6-36.0	35.9	496(-6)			サザンカ	320.0	202402010508
2021102633	2024-06-30	1函館8	雨	12.0	3歳以上1勝クラス		10	2.0	2	1.5	1.0	1	佐々木大	53.0	ダ1000		良	**	0:58.8	-0.2	**	2-2	34.6-35.8	35.7	496(0)			(サザンレイク)	800.0	202402010812
2021102633	2024-07-27	1札幌3	曇	12.0	3歳以上2勝クラス		12	7.0	10	3.6	2.0	8	佐々木大	53.0	ダ1000		良	**	1:00.0	1.3	**	7-7	34.4-35.7	36.4	494(-2)			ジョーローリット		202401010312
2021102633	2024-11-16	3福島5	曇	10.0	西郷特別(2勝クラス)		15	2.0	4	20.0	7.0	12	松本大輝	55.0	ダ1150		良	**	1:09.5	1.2	**	1-1	31.5-36.8	38.0	504(+10)			グッジョブ		202403030510
2021102633	2025-02-16	1小倉8	晴	10.0	伊万里特別(2勝クラス)		14	6.0	10	37.4	13.0	7	松本大輝	56.0	ダ1000		良	**	0:58.7	0.8	**	9-6	33.5-35.6	35.5	500(-4)			メイショウカゼマチ		202510010810
2021102633	2025-04-19	3中山7	晴	9.0	袖ケ浦特別(2勝クラス)		13	3.0	3	48.1	8.0	3	杉原誠人	56.0	芝1200		良	**	1:07.6	0.4	**	1-1	33.7-33.5	33.9	518(+18)			レッドエヴァンス	394.0	202506030709
2021102633	2025-05-17	2京都7	曇	7.0	4歳以上2勝クラス		13	8.0	13	12.4	7.0	3	松山弘平	56.0	芝1200		不	**	1:09.6	0.0	**	1-1	34.8-34.8	34.8	510(-8)			ワンダーキサラ	290.0	202508020707
2021102633	2025-07-05	2小倉3	晴	12.0	フィリピンT(2勝クラス)		10	4.0	4	4.8	3.0	7	松山弘平	56.0	芝1200		良	**	1:09.0	0.5	**	1-2	33.5-35.0	35.5	516(+6)			メイショウピース		202510020312
2021102633	2025-07-12	2小倉5	晴	11.0	釜山S(3勝クラス)		10	7.0	7	6.8	3.0	9	松山弘平	56.0	ダ1000		良	**	1:00.1	1.1	**	6-7	33.9-36.4	37.0	506(-10)			スマートアイ		202510020511
2021102633	2025-09-13	4中山3	晴	10.0	汐留特別(2勝クラス)		11	6.0	7	10.6	6.0	5	杉原誠人	56.0	芝1200		稍	**	1:08.6	0.3	**	2-2	35.1-33.2	33.4	526(+20)			モンシュマン	155.0	202506040310
2021102633	2025-09-27	4中山8	晴	10.0	勝浦特別(2勝クラス)		16	8.0	15	34.3	9.0	9	杉原誠人	56.0	芝1200		良	**	1:08.2	0.6	**	2-2	33.8-33.8	34.2	518(-8)			ソーダーンライト		202506040810
2021102633	2025-11-08	4京都1	晴	9.0	亀岡特別(2勝クラス)		16	2.0	4	74.9	9.0	16	松山弘平	56.0	ダ1400		良	**	1:27.8	4.5	**	1-1	33.8-37.7	42.2	510(-8)			ジャスパーバローズ		202508040109
2021102717	2023-09-23	4中山6	曇	5.0	2歳新馬		16	8.0	15	14.7	4.0	3	菅原明良	55.0	芝1600		重	**	1:38.7	0.6	**	2-2-2	37.7-35.1	35.6	432(0)			タイガードラゴン	180.0	202306040605
2021102717	2023-10-14	4新潟1	晴	6.0	2歳未勝利		11	7.0	9	6.5	3.0	5	原優介	55.0	芝1600		良	**	1:36.5	1.4	**	3-2	35.8-34.6	35.9	438(+6)			ウインディオーネ	55.0	202304040106
2021102717	2023-10-28	4新潟5	小雨	5.0	2歳未勝利		18	8.0	17	25.9	8.0	4	菊沢一樹	56.0	芝1400		重	**	1:24.6	0.5	**	15-13	34.2-37.8	36.5	438(0)			アイファーバトル	83.0	202304040505
2021102717	2023-11-25	5東京7	晴	2.0	2歳未勝利		18	7.0	13	58.6	9.0	4	岩田望来	56.0	芝1400		良	**	1:22.2	0.5	**	12-12	35.3-34.4	33.9	440(+2)			エリカカリーナ	83.0	202305050702
2021102717	2023-12-16	5中山5	晴	8.0	2歳未勝利		16	1.0	1	20.6	6.0	3	戸崎圭太	56.0	芝1600		良	**	1:34.6	0.2	**	12-12-9	34.7-35.8	34.6	440(0)			ユキノロイヤル	140.0	202306050508
2021102717	2024-01-14	1中山5	晴	5.0	3歳未勝利		16	2.0	4	9.7	4.0	2	戸崎圭太	57.0	芝1600		稍	**	1:34.2	0.5	**	13-13-9	35.1-35.4	34.4	440(0)			アンドアイラヴハー	220.0	202406010505
2021102717	2024-02-04	1東京4	曇	6.0	3歳未勝利		15	8.0	14	3.1	2.0	2	戸崎圭太	57.0	芝1600		良	**	1:34.3	0.4	**	10-9	35.3-34.7	34.3	444(+4)			テウメッサ	220.0	202405010406
2021102717	2024-03-03	2中山4	晴	5.0	3歳未勝利		16	5.0	10	1.9	1.0	1	戸崎圭太	57.0	芝1600		稍	**	1:34.8	-0.4	**	13-9-7	35.3-35.7	34.8	442(-2)			(パストラーレ)	550.0	202406020405
2021102717	2024-05-19	2東京10	曇	5.0	3歳1勝クラス		11	6.0	6	6.8	3.0	6	戸崎圭太	57.0	芝1600		良	**	1:34.9	0.5	**	4-4	36.6-33.8	33.9	452(+10)			レガーロデルシエロ		202405021005
2021102717	2024-06-09	3東京4	曇	12.0	3歳以上1勝クラス		17	1.0	2	27.4	7.0	10	原優介	54.0	芝1600		良	**	1:33.9	0.9	**	3-3	35.0-34.7	35.3	450(-2)			ニュージーズ		202405030412
2021102717	2024-09-22	4中山7	曇	7.0	3歳以上1勝クラス		16	2.0	4	7.3	4.0	9	戸崎圭太	56.0	芝1600		良	**	1:33.1	0.5	**	14-15-15	34.5-35.1	33.7	454(+4)			マンウォル		202406040707
2021102717	2024-10-05	4新潟1	晴	10.0	聖籠特別(1勝クラス)		18	6.0	11	29.6	9.0	12	小沢大仁	56.0	芝1600		良	**	1:34.9	0.8	**	13-13	36.0-34.0	34.0	454(0)			エコロマーズ		202404040110
2021102717	2025-01-13	1中山5	晴	12.0	4歳以上1勝クラス		16	1.0	1	18.9	9.0	12	石橋脩	57.0	芝1600		良	**	1:35.2	1.3	**	12-12-11	35.2-35.3	35.5	456(+2)			ボーモンド		202506010512
2021102717	2025-02-09	1小倉6	晴	12.0	4歳以上1勝クラス		17	4.0	8	10.2	6.0	2	菊沢一樹	58.0	芝1200		稍	**	1:10.4	0.0	**	7-6	34.9-35.5	35.0	462(+6)			ダイヤモンドフジ	320.0	202510010612
2021102717	2025-02-22	1小倉9	晴	9.0	秋吉台特別(1勝クラス)		18	2.0	4	12.0	7.0	11	菊沢一樹	58.0	芝1200		良	**	1:09.1	0.8	**	11-11	34.3-34.0	33.9	462(0)			レッドエヴァンス		202510010909
2021102717	2025-04-19	1福島3	晴	12.0	4歳以上1勝クラス		16	6.0	12	9.4	4.0	9	丹内祐次	58.0	芝1200		良	**	1:09.0	0.5	**	6-7	33.8-34.7	34.5	458(-4)			エクセルゴールド		202503010312
2021102717	2025-06-14	3東京3	小雨	8.0	3歳以上1勝クラス		18	8.0	18	189.5	16.0	9	原優介	58.0	芝1400		良	**	1:22.5	0.6	**	14-15	35.0-35.0	34.5	454(-4)			イブニングタイド		202505030308
2021102717	2025-07-05	1函館7	晴	8.0	3歳以上1勝クラス		9	8.0	8	15.4	6.0	5	松岡正海	58.0	芝1200		稍	**	1:10.4	1.0	**	7-6	34.4-35.0	34.7	456(+2)			ベビーズブレス	80.0	202502010708
2021102717	2025-07-26	1札幌1	曇	7.0	3歳以上1勝クラス		8	7.0	7	8.0	4.0	3	松岡正海	58.0	芝1200		良	**	1:09.0	0.3	**	3-2	33.7-35.0	34.5	452(-4)			ラセーヌシュメール	200.0	202501010107
2021102717	2025-08-09	1札幌5	晴	12.0	厚岸特別(1勝クラス)		11	7.0	8	66.3	9.0	7	鮫島克駿	58.0	芝1500		良	**	1:29.9	0.8	**	9-10-8	30.2-35.1	35.2	456(+4)			ヒシアマン		202501010512
2021102717	2025-09-07	2札幌6	晴	8.0	3歳以上1勝クラス		16	8.0	16	61.5	11.0	12	原田和真	58.0	芝1200		稍	**	1:11.7	1.7	**	9-10	34.3-35.7	36.5	454(-2)			ブルーアイドガール		202501020608
2021102717	2025-12-13	5中京3	晴	12.0	3歳以上1勝クラス		18	3.0	5	155.5	15.0	8	丸山元気	58.0	芝1200		良	**	1:08.7	0.4	**	10-9	34.7-33.6	33.1	468(+14)			クイーンズデイ		202507050312
2021102888	2023-12-23	5阪神7	晴	6.0	2歳新馬		17	1.0	2	2.0	1.0	3	浜中俊	56.0	芝1400		良	**	1:21.3	0.3	**	3-3	34.8-34.8	34.6	494(0)			マーシーラン	180.0	202309050706
2021102888	2024-01-14	1小倉2	晴	2.0	3歳未勝利		18	7.0	15	2.3	1.0	1	浜中俊	57.0	芝1200		良	**	1:08.2	-0.1	**	7-6	33.4-34.8	34.2	496(+2)			(ロードトレイル)	550.0	202410010202
2021102888	2024-02-17	2京都7	晴	6.0	3歳1勝クラス		10	7.0	8	2.9	2.0	1	浜中俊	57.0	芝1400		良	**	1:21.6	-0.1	**	7-8	35.4-34.4	33.9	490(-6)			(ヤマニンアストロン)	780.0	202408020706
2021102888	2024-03-16	1中京3	晴	11.0	中スポ賞ファルコンS(GIII)		17	6.0	11	13.5	6.0	4	浜中俊	57.0	芝1400		良	**	1:20.8	0.6	**	4-4	33.8-34.7	35.0	484(-6)			ダノンマッキンリー	620.0	202407010311
2021102888	2024-05-25	3京都11	晴	11.0	葵S(GIII)		18	1.0	1	7.6	3.0	6	浜中俊	57.0	芝1200		良	**	1:07.5	0.4	**	13-11	33.2-33.9	33.4	488(+4)			ピューロマジック		202408031111
2021102888	2024-07-21	3小倉8	曇	10.0	九州スポーツ杯(2勝クラス)		18	8.0	17	3.2	1.0	8	西村淳也	55.0	芝1200		良	**	1:09.1	0.8	**	6-8	33.3-35.0	35.2	504(+16)			ミルテンベルク		202410030810
2021102888	2024-10-26	5京都7	曇	9.0	3歳以上2勝クラス		15	5.0	9	4.1	3.0	1	浜中俊	56.0	芝1400		良	**	1:21.3	0.0	**	5-5	35.3-34.6	34.0	500(-4)			(モズアンタレス)	1140.0	202408050709
2021102888	2024-11-24	6京都8	曇	10.0	清水S(3勝クラス)		13	7.0	10	5.8	4.0	8	浜中俊	57.0	芝1600		良	**	1:33.9	0.9	**	7-8	36.0-33.6	33.8	492(-8)			ビヨンドザヴァレー		202408060810
2021102888	2024-12-28	7京都9	晴	12.0	カウントダウンS(3勝クラス)		16	8.0	15	10.6	5.0	7	菱田裕二	57.0	芝1200		良	**	1:09.2	0.7	**	11-10	33.7-34.8	34.1	488(-4)			ロードフォアエース		202408070912
2021102888	2025-03-22	1阪神7	晴	9.0	立雲峡S(3勝クラス)		18	3.0	5	6.7	4.0	3	菱田裕二	56.0	芝1400		良	**	1:20.7	0.3	**	6-7	34.4-34.5	34.0	496(+8)			マサノカナリア	465.6	202509010709
2021102888	2025-04-20	2阪神8	曇	11.0	心斎橋S(3勝クラス)		11	4.0	4	3.8	2.0	1	菱田裕二	58.0	芝1400		良	**	1:19.9	-0.1	**	4-4	33.8-34.8	34.5	490(-6)			(ユハンヌス)	1865.2	202509020811
2021102888	2025-06-28	1函館5	晴	11.0	青函S(OP)		16	7.0	13	11.4	6.0	9	菱田裕二	55.0	芝1200		良	**	1:08.9	0.8	**	2-2	33.3-34.8	35.3	504(+14)			エーティーマクフィ		202502010511
2021102888	2025-08-10	1札幌6	曇	11.0	UHB賞(OP)		16	4.0	8	11.6	6.0	6	菱田裕二	57.0	芝1200		良	**	1:09.3	0.1	**	7-6	34.8-34.4	34.0	496(-8)			フィオライア		202501010611
2021102888	2025-11-16	5東京4	晴	11.0	オーロC(L)		18	5.0	9	22.4	9.0	4	菅原明良	55.0	芝1400		良	**	1:20.1	0.2	**	8-7	34.2-34.4	33.5	482(-14)			フォーチュンタイム	410.0	202505050411
2021102888	2026-01-11	1京都4	晴	11.0	淀短距離S(L)		16	4.0	7	13.1	5.0	4	菱田裕二	57.0	芝1200		良	**	1:09.1	0.2	**	6-6	34.6-34.3	34.0	490(+8)			ヤブサメ	410.0	202608010411
2021103051	2023-07-29	1札幌3	晴	5.0	2歳新馬		14	5.0	7	44.0	9.0	8	藤岡佑介	55.0	芝1500		良	**	1:31.5	0.6	**	2-2-2	30.5-35.7	36.2	464(0)			ギヴイットアゴー		202301010305
2021103051	2023-08-19	2札幌3	晴	2.0	2歳未勝利		14	7.0	12	58.1	10.0	14	角田大和	54.0	ダ1700		良	**	1:53.3	5.0	**	4-5-11-14	30.4-38.8	42.7	464(0)			フォーディアライフ		202301020302
2021103051	2023-11-05	5東京2	晴	3.0	2歳未勝利		15	3.0	6	23.0	8.0	13	菅原明良	56.0	ダ1300		良	**	1:22.3	3.6	**	14-14	29.7-37.2	37.0	476(+12)			ライヴアメデオ		202305050203
2021103051	2023-12-17	5中山6	晴	2.0	2歳未勝利		15	6.0	11	153.8	14.0	2	勝浦正樹	56.0	ダ1800		良	**	1:58.4	0.0	**	3-3-3-3	38.1-41.3	41.0	466(-10)			ユイノコキュウ	220.0	202306050602
2021103051	2024-01-08	1中山3	晴	3.0	3歳未勝利		16	4.0	8	17.5	6.0	7	勝浦正樹	57.0	ダ1800		良	**	1:59.7	2.2	**	3-4-4-3	38.3-40.5	42.2	470(+4)			プレジール		202406010303
2021103051	2024-01-21	1中山7	雨	3.0	3歳未勝利		16	5.0	9	15.2	5.0	13	松岡正海	57.0	ダ1800		不	**	1:58.0	4.2	**	4-4-3-4	36.5-39.5	43.3	472(+2)			ラムゼイテソーロ		202406010703
2021103051	2024-03-03	2中山4	晴	3.0	3歳未勝利		15	6.0	12	68.8	9.0	2	原優介	56.0	ダ1800		稍	**	1:55.3	0.0	**	1-1-1-1	37.1-39.2	39.2	478(+6)			メジャーレーベル	220.0	202406020403
2021103051	2024-03-24	3中山2	曇	3.0	3歳未勝利		16	4.0	8	5.8	3.0	8	原優介	56.0	ダ1800		良	**	1:56.6	2.1	**	2-2-2-2	37.1-39.3	41.4	474(-4)			スプレーフォール		202406030203
2021103051	2024-04-13	3中山7	晴	4.0	3歳未勝利		12	2.0	2	4.3	2.0	3	長浜鴻緒	54.0	ダ1800		良	**	1:56.3	0.3	**	1-1-1-1	37.4-39.5	39.8	478(+4)			タンゴノアール	140.0	202406030704
2021103051	2024-07-13	1函館11	晴	6.0	3歳未勝利		14	8.0	13	11.8	6.0	12	藤岡佑介	57.0	ダ1700		良	**	1:50.0	5.4	**	4-4-6-9	29.1-37.5	42.1	476(-2)			サンライズシア		202402011106
2021103051	2024-08-17	3新潟3	晴	2.0	3歳未勝利		14	8.0	14	15.2	5.0	9	菊沢一樹	57.0	ダ1800		良	**	1:57.6	3.0	**	1-1-1-1	36.4-40.8	43.8	474(-2)			ミダース		202404030302
2021103051	2024-10-04	園田	曇	12.0	カトレア賞C2		12	4.0	4	3.4	2.0	5	吉村智洋	56.0	ダ1700		重	**	1:58.1	1.0	**	1-1-1-1		43.0	489(+15)			マテンロウミラクル	8.0	202450100412
2021103051	2024-10-25	園田	晴	7.0	C2二		9	7.0	7	1.4	1.0	2	吉村智洋	56.0	ダ1400		良	**	1:33.3	0.4	**	3-4-2-3		40.9	492(+3)			イングリッドローズ	24.5	202450102507
2021103051	2025-02-13	姫路	晴	3.0	C3一		12	7.0	10	2.3	1.0	1	小牧太	56.0	ダ1400		稍	**	1:34.3	-0.3	**	1-1-1-1		40.8	490(-2)			(ダイボウケン)	56.0	202551021303
2021103051	2025-03-04	姫路	雨	3.0	C2三		8	6.0	6	2.9	2.0	3	小牧太	56.0	ダ1400		不	**	1:35.2	0.9	**	1-1-1-2		42.1	495(+5)			イッツマイビジネス	14.0	202551030403
2021103051	2025-03-26	園田	晴	6.0	C2一		12	7.0	9	11.4	5.0	7	川原正一	56.0	ダ1400		良	**	1:32.9	1.4	**	3-3-5-8		41.4	496(+1)			ベストディシジョン		202550032606
2021103051	2025-04-15	園田	曇	6.0	C2二		9	4.0	4	1.7	1.0	1	小牧太	57.0	ダ1400		稍	**	1:34.1	-0.6	**	1-1-1-1		41.3	501(+5)			(ピエナフェリーチェ)	70.0	202550041506
2021103051	2025-05-05	園田	晴	7.0	C2一		10	6.0	6	3.9	3.0	8	小牧太	58.0	ダ1400		良	**	1:35.2	2.9	**	1-1-4-7		44.7	511(+10)			サムタイムアゴー		202550050507
2021103051	2025-05-29	園田	曇	8.0	C2一		12	5.0	5	13.7	5.0	1	小牧太	57.0	ダ1400		良	**	1:32.3	-0.2	**	4-4-4-3		40.5	509(-2)			(フセノスイショウ)	70.0	202550052908
2021103051	2025-10-04	4東京1	曇	6.0	3歳以上1勝クラス		16	4.0	8	216.8	15.0	12	原優介	58.0	ダ1400		良	**	1:27.3	1.4	**	3-3	35.8-37.3	38.4	498(-11)			ゲキザル		202505040106
2021103051	2025-10-26	4東京9	小雨	12.0	3歳以上1勝クラス		16	7.0	13	78.2	13.0	12	長浜鴻緒	56.0	ダ1600		不	**	1:37.5	1.8	**	3-3	35.3-35.3	36.9	498(0)			チュウワチーフ		202505040912
2021103116	2023-12-16	5阪神5	曇	5.0	2歳新馬		11	6.0	6	18.1	6.0	5	角田大河	55.0	芝1200		稍	**	1:10.7	0.6	**	10-8	35.2-34.9	34.3	482(0)			ラブコメディ	72.0	202309050505
2021103116	2024-01-14	1京都5	晴	6.0	3歳未勝利		18	4.0	7	54.3	12.0	4	角田大河	56.0	芝1400		良	**	1:22.8	0.5	**	12-12	34.3-36.2	35.8	480(-2)			コネッシオーネ	83.0	202408010506
2021103116	2024-02-03	2京都3	晴	5.0	3歳未勝利		16	5.0	9	36.1	9.0	4	角田大河	56.0	芝1600		良	**	1:35.2	0.8	**	6-6	34.1-36.4	36.7	478(-2)			モアニ	83.0	202408020305
2021103116	2024-02-25	2小倉6	晴	6.0	3歳未勝利		18	1.0	2	5.2	4.0	3	富田暁	57.0	芝1200		稍	**	1:10.1	0.3	**	7-10	34.2-35.6	35.3	476(-2)			トーラスシャイン	140.0	202410020606
2021103116	2024-04-20	3京都1	晴	3.0	3歳未勝利		18	4.0	7	5.3	4.0	3	角田大河	56.0	芝1400		良	**	1:20.7	0.1	**	8-8	34.2-35.0	34.5	474(-2)			グローブアマランス	140.0	202408030103
2021103116	2024-05-11	1新潟5	晴	3.0	3歳未勝利		16	5.0	9	4.4	2.0	1	角田大河	56.0	芝1400		良	**	1:22.5	-0.3	**	6-7	34.3-36.4	35.8	474(0)			(プレアデスグループ)	550.0	202404010503
2021103116	2024-09-16	3中京5	曇	8.0	3歳以上1勝クラス		18	3.0	6	4.6	2.0	7	幸英明	56.0	芝1400		良	**	1:21.5	0.4	**	8-7	34.5-34.7	34.6	480(+6)			コト		202407030508
2021103116	2024-10-26	5京都7	曇	9.0	3歳以上2勝クラス		15	4.0	7	18.6	6.0	5	幸英明	56.0	芝1400		良	**	1:21.6	0.3	**	7-6	35.3-34.6	34.1	480(0)			ナムラアトム	114.0	202408050709
2021103116	2024-11-10	3福島4	晴	7.0	3歳以上1勝クラス		16	3.0	5	5.8	3.0	1	幸英明	57.0	芝1200		良	**	1:10.1	-0.2	**	7-6	34.5-35.6	35.2	476(-4)			(ソレントフレイバー)	800.0	202403030407
2021103116	2025-03-01	1阪神1	晴	12.0	4歳以上2勝クラス		15	3.0	5	6.5	4.0	2	坂井瑠星	58.0	芝1400		良	**	1:20.3	0.1	**	9-7	33.1-35.4	34.6	482(+6)			バウンシーステップ	460.0	202509010112
2021103116	2025-03-23	1阪神8	晴	9.0	讃岐特別(2勝クラス)		13	7.0	10	4.0	2.0	1	坂井瑠星	58.0	芝1400		良	**	1:20.2	-0.2	**	3-3	33.0-35.7	35.4	484(+2)			(スカイハイ)	1580.8	202509010809
2021103116	2025-11-08	4京都1	晴	10.0	清水S(3勝クラス)		12	2.0	2	15.9	6.0	9	武豊	58.0	芝1600		良	**	1:33.6	0.6	**	10-11	34.7-34.3	34.1	494(+10)			フロムダスク		202508040110
2021103116	2025-11-29	4京都7	晴	10.0	東山S(3勝クラス)		12	1.0	1	5.6	2.0	1	武豊	56.0	芝1400		良	**	1:22.3	-0.1	**	10-10	36.4-33.7	32.9	490(-4)			(モンテシート)	1865.9	202508040710
2021103116	2025-12-20	5阪神5	晴	11.0	タンザナイトS(OP)		15	7.0	14	6.7	4.0	3	武豊	56.0	芝1200		良	**	1:07.4	0.1	**	11-12	33.4-33.9	32.4	494(+4)			デュガ	585.1	202509050511
2021103116	2026-01-11	1京都4	晴	11.0	淀短距離S(L)		16	6.0	12	3.6	1.0	1	武豊	57.0	芝1200		良	**	1:08.9	0.0	**	11-11	34.6-34.3	33.3	498(+4)			(アンクルクロス)	2735.7	202608010411
2021103210	2023-09-09	4阪神1	晴	5.0	2歳新馬		6	2.0	2	4.0	3.0	1	和田竜二	55.0	芝1400		良	**	1:22.9	-0.5	**	1-1	36.3-34.4	34.4	462(0)			(アスティスプマンテ)	720.0	202309040105
2021103210	2023-11-11	3京都3	曇	11.0	デイリー杯2歳S(GII)		11	5.0	5	34.4	9.0	5	和田竜二	56.0	芝1600		稍	**	1:35.0	0.5	**	1-1	35.0-35.0	35.5	472(+10)			ジャンタルマンタル	380.0	202308030311
2021103210	2024-01-08	1京都3	晴	11.0	日刊スポシンザン記念(GIII)		18	8.0	18	70.1	13.0	16	和田竜二	57.0	芝1600		良	**	1:36.0	1.5	**	2-2	34.3-36.1	37.6	480(+8)			ノーブルロジャー		202408010311
2021103210	2024-03-16	1阪神7	晴	6.0	3歳1勝クラス		10	8.0	9	6.8	4.0	5	和田竜二	57.0	芝1200		良	**	1:09.1	0.4	**	2-2	34.2-34.5	34.8	482(+2)			トーラスシャイン	78.0	202409010706
2021103210	2024-04-07	2阪神6	晴	5.0	3歳1勝クラス		16	7.0	13	14.4	7.0	16	和田竜二	57.0	ダ1400		良	**	1:27.5	3.1	**	4-4	33.8-38.3	40.9	478(-4)			リジル		202409020605
2021103210	2024-08-17	2中京3	晴	12.0	3歳以上1勝クラス		18	5.0	9	5.9	3.0	6	河原田菜	52.0	芝1200		良	**	1:08.3	0.3	**	4-3	33.1-34.9	34.9	468(-10)			セレッソデアモール		202407020312
2021103210	2024-09-01	2中京8	曇	8.0	3歳以上1勝クラス		18	2.0	3	20.5	7.0	12	河原田菜	51.0	芝1400		重	**	1:22.0	0.8	**	1-1	34.2-34.8	35.6	466(-2)			ジュンヴァンケット		202407020808
2021103210	2024-11-16	3福島5	晴	8.0	3歳以上1勝クラス		15	4.0	8	6.1	4.0	10	河原田菜	53.0	芝1200		良	**	1:10.4	0.8	**	7-7	34.6-35.0	35.3	472(+6)			ファイツオン		202403030508
2021103210	2025-02-22	1小倉9	晴	9.0	秋吉台特別(1勝クラス)		18	5.0	10	14.4	8.0	6	小沢大仁	58.0	芝1200		良	**	1:09.0	0.7	**	3-3	34.3-34.0	34.5	488(+16)			レッドエヴァンス		202510010909
2021103210	2025-03-30	2阪神2	曇	7.0	4歳以上1勝クラス		17	3.0	6	13.3	6.0	3	藤懸貴志	58.0	芝1400		良	**	1:21.2	0.1	**	1-1	33.8-35.7	35.8	496(+8)			レディマリオン	200.0	202509020207
2021103210	2025-04-26	2京都1	晴	9.0	4歳以上1勝クラス		12	6.0	7	5.4	4.0	2	武豊	58.0	芝1400		良	**	1:20.8	0.0	**	3-3	34.6-34.5	34.2	492(-4)			サダメ	320.0	202508020109
2021103210	2025-05-17	1新潟5	曇	8.0	4歳以上1勝クラス		16	8.0	16	3.0	1.0	2	武豊	58.0	芝1400		稍	**	1:23.5	0.3	**	2-2	35.4-35.5	35.8	486(-6)			キタサンダムール	320.0	202504010508
2021103210	2025-06-08	3阪神2	曇	12.0	3歳以上1勝クラス		16	1.0	1	6.8	4.0	8	幸英明	58.0	芝1400		良	**	1:21.1	0.8	**	3-3	33.2-35.7	36.2	484(-2)			チューラワンサ		202509030212
2021103210	2025-12-20	5中京5	小雨	12.0	3歳以上1勝クラス		18	1.0	2	15.3	7.0	17	藤懸貴志	58.0	芝1400		稍	**	1:22.2	1.4	**	2-2	33.4-36.0	37.1	502(+18)			ガンマジーティーピ		202507050512
2021103210	2026-01-10	1京都3	晴	12.0	4歳以上1勝クラス		18	8.0	16	23.9	9.0	5	和田竜二	58.0	芝1400		良	**	1:22.4	1.1	**	6-6	35.1-34.5	35.3	500(-2)			サーナーティオン	82.0	202608010312
2021103283	2023-10-22	2京都7	晴	5.0	2歳新馬		8	1.0	1	8.7	3.0	6	池添謙一	56.0	芝2000		良	**	2:02.9	1.5	**	2-3-3-3	36.3-35.2	36.4	486(0)			サンライズアース		202308020705
2021103283	2023-12-17	5阪神6	晴	1.0	2歳未勝利		13	8.0	12	6.3	3.0	4	池添謙一	56.0	ダ1800		稍	**	1:56.5	0.4	**	6-7-6-2	37.2-39.3	39.5	496(+10)			ポルポラジール	83.0	202309050601
2021103283	2024-01-13	1京都4	晴	2.0	3歳未勝利		14	6.0	10	4.2	2.0	2	池添謙一	57.0	ダ1800		良	**	1:55.8	0.0	**	2-3-3-1	35.8-39.8	39.7	496(0)			ハッピーマインド	220.0	202408010402
2021103283	2024-02-03	2京都3	曇	2.0	3歳未勝利		9	4.0	4	2.5	2.0	1	池添謙一	57.0	ダ1800		良	**	1:54.2	0.0	**	3-2-3-2	37.2-38.6	38.4	496(0)			(チョウガンバレ)	550.0	202408020302
2021103283	2024-03-17	1阪神8	雨	6.0	3歳1勝クラス		15	1.0	1	48.1	9.0	15	池添謙一	57.0	ダ1800		良	**	1:57.0	2.5	**	4-4-6-11	37.6-37.9	39.7	494(-2)			クロドラバール		202409010806
2021103283	2024-06-08	4京都3	晴	7.0	3歳以上1勝クラス		16	7.0	14	34.6	9.0	10	西村淳也	55.0	ダ1900		良	**	2:01.3	2.6	**	6-8-9-9	29.5-38.3	39.5	496(+2)			クリノフィガロ		202408040307
2021103283	2024-06-22	4京都7	曇	7.0	3歳以上1勝クラス		16	6.0	11	87.5	11.0	5	長岡禎仁	55.0	ダ1800		稍	**	1:53.7	2.1	**	7-7-3-3	36.2-37.8	39.7	496(0)			タイトニット	80.0	202408040707
2021103283	2024-07-14	3小倉6	雨	12.0	3歳以上1勝クラス		16	7.0	13	69.8	10.0	14	長岡禎仁	55.0	ダ1700		不	**	1:45.7	2.7	**	12-12-11-12	29.4-36.9	38.7	484(-12)			バガリーロータス		202410030612
2021103283	2024-12-08	7京都4	曇	7.0	3歳以上1勝クラス		10	3.0	3	59.8	10.0	8	池添謙一	57.0	ダ1800		良	**	1:56.4	2.3	**	2-2-3-5	36.4-39.2	41.2	488(+4)			レーウィン		202408070407
2021103283	2025-01-06	1中京2	小雨	7.0	4歳以上1勝クラス		16	1.0	1	131.3	15.0	14	池添謙一	57.0	ダ1800		良	**	1:57.7	3.7	**	13-13-13-14	38.9-38.3	40.4	504(+16)			ティンティンデオ		202507010207
2021103283	2025-01-19	1中京7	晴	7.0	4歳以上1勝クラス		10	8.0	9	175.8	9.0	10	池添謙一	57.0	ダ1800		良	**	1:57.2	4.4	**	3-5-8-10	37.0-38.7	41.9	504(0)			ヴォルスター		202507010707
2021103283	2025-04-13	1福島2	小雨	7.0	4歳以上1勝クラス		16	5.0	9	58.4	10.0	15	松本大輝	57.0	芝2000		良	**	2:03.7	2.6	**	3-3-13-16	35.3-36.2	37.5	498(-6)			バードウォッチャー		202503010207
2021103283	2025-05-03	2京都3	晴	8.0	4歳以上1勝クラス		14	3.0	4	104.6	13.0	10	池添謙一	58.0	ダ1200		重	**	1:12.6	1.0	**	14-14	35.0-36.6	35.4	496(-2)			プリンスノット		202508020308
2021103283	2025-07-27	2新潟2	晴	9.0	3歳以上1勝クラス		13	4.0	4	117.8	11.0	6	丸山元気	58.0	ダ1800		良	**	1:55.0	0.5	**	3-3-4-4	36.8-37.8	37.9	506(+10)			アールプロスト		202504020209
2021103283	2025-08-17	2新潟8	晴	10.0	3歳以上1勝クラス		9	7.0	8	51.5	7.0	6	菊沢一樹	58.0	ダ1800		良	**	1:55.1	1.7	**	1-1-1-1	37.1-39.0	40.7	502(-4)			マーゴットゲイン		202504020810
2021103283	2025-11-24	3福島6	晴	3.0	3歳以上1勝クラス		15	8.0	15	182.2	15.0	13	小林凌大	58.0	ダ1700		良	**	1:48.9	2.0	**	3-3-6-7	30.5-38.4	40.1	510(+8)			マナエトレ		202503030603
2021103283	2025-12-21	5中京6	小雨	2.0	3歳以上1勝クラス		16	7.0	14	97.4	9.0	3	丸山元気	58.0	ダ1200		稍	**	1:13.0	0.5	**	15-15	35.7-36.8	35.7	504(-6)			スプランドゥール	200.0	202507050602
2021103283	2026-01-10	1中山3	晴	12.0	4歳以上1勝クラス		16	7.0	14	25.4	7.0	5	丸山元気	58.0	ダ1200		良	**	1:12.9	0.4	**	16-15	34.7-37.8	36.2	508(+4)			キボウノホシ	82.0	202606010312
2021103306	2023-10-21	2京都6	曇	3.0	2歳新馬		15	7.0	14	50.6	10.0	4	城戸義政	56.0	ダ1800		良	**	1:57.1	1.3	**	8-8-2-2	37.0-40.1	41.3	496(0)			キャストロペペ	110.0	202308020603
2021103306	2023-11-04	3福島1	晴	1.0	2歳未勝利		15	4.0	7	13.2	5.0	2	城戸義政	56.0	ダ1700		良	**	1:47.4	0.5	**	2-2-2-2	29.1-39.1	39.4	498(+2)			ワイワイレジェンド	220.0	202303030101
2021103306	2023-11-18	3福島5	晴	3.0	2歳未勝利		15	8.0	15	3.0	1.0	1	城戸義政	56.0	ダ1700		不	**	1:45.1	-0.1	**	2-2-2-2	29.3-37.6	37.6	498(0)			(バガリーロータス)	550.0	202303030503
2021103306	2024-02-25	2小倉6	晴	9.0	ネモフィラ賞(1勝クラス)		12	6.0	8	6.4	2.0	2	城戸義政	57.0	ダ1700		稍	**	1:45.1	0.2	**	5-5-4-4	28.6-38.4	38.3	502(+4)			エートラックス	437.2	202410020609
2021103306	2024-04-27	1新潟1	晴	9.0	わらび賞(1勝クラス)		14	5.0	7	4.4	3.0	1	城戸義政	57.0	ダ1800		良	**	1:53.5	-1.1	**	2-2-2-2	36.7-37.5	37.4	502(0)			(オーケーバーディー)	1102.9	202404010109
2021103306	2024-05-25	3京都11	晴	9.0	鳳雛S(L)		11	6.0	7	4.3	2.0	4	城戸義政	57.0	ダ1800		良	**	1:52.8	1.7	**	3-3-3-4	35.9-37.7	38.8	502(0)			カシマエスパーダ	290.0	202408031109
2021103306	2024-06-16	4京都6	晴	12.0	3歳以上2勝クラス		16	2.0	4	2.2	1.0	4	坂井瑠星	55.0	ダ1800		良	**	1:53.7	0.9	**	4-3-5-6	37.4-36.8	37.3	494(-8)			ジーサイクロン	170.0	202408040612
2021103306	2024-09-16	4中山5	曇	9.0	鋸山特別(2勝クラス)		16	5.0	9	3.2	2.0	2	佐々木大	55.0	ダ1800		良	**	1:54.1	0.3	**	3-3-4-4	36.8-39.1	39.1	500(+6)			テリフィックプラン	632.0	202406040509
2021103306	2024-11-23	6京都7	曇	9.0	栂尾特別(2勝クラス)		13	5.0	6	3.0	2.0	2	川田将雅	56.0	ダ1800		良	**	1:52.6	0.4	**	2-2-2-1	36.5-37.8	38.0	506(+6)			ルシュヴァルドール	628.4	202408060709
2021103306	2024-12-15	7京都6	晴	9.0	小倉山特別(2勝クラス)		11	5.0	5	2.5	1.0	1	川田将雅	57.0	ダ1800		良	**	1:52.8	-0.6	**	4-4-4-4	37.1-37.1	36.7	508(+2)			(スリリングチェイス)	1578.7	202408070609
2021103306	2025-04-19	3中山7	晴	10.0	下総S(3勝クラス)		16	3.0	6	3.7	2.0	14	モレイラ	58.0	ダ1800		良	**	1:56.2	3.6	**	7-7-9-14	35.5-38.5	41.2	514(+6)			ジョージテソーロ		202506030710
2021103306	2025-08-16	1札幌7	晴	11.0	報知杯大雪H(3勝クラス)		14	5.0	7	13.6	7.0	1	佐々木大	57.0	ダ1700		良	**	1:44.3	-0.3	**	3-3-3-2	29.1-38.3	37.7	508(-6)			(ウェイトゥゴー)	1869.4	202501010711
2021103306	2025-08-30	4中京3	晴	11.0	名古屋城S(OP)		16	5.0	10	8.9	3.0	8	川田将雅	56.0	ダ1800		良	**	1:53.0	1.2	**	4-4-6-5	37.5-37.5	38.2	500(-8)			テーオーパスワード		202507040311
2021103306	2025-10-26	3京都9	曇	10.0	カノープスS(OP)		14	7.0	11	13.2	6.0	8	川田将雅	56.0	ダ1800		重	**	1:49.6	1.0	**	3-4-5-4	35.6-36.7	37.3	506(+6)			シゲルショウグン		202508030910
2021103665	2023-11-26	3京都8	晴	4.0	2歳新馬		15	6.0	10	6.8	3.0	12	田口貫太	53.0	ダ1800		良	**	2:01.4	6.5	**	4-7-14-13	36.6-38.4	42.8	480(0)			マッシャーブルム		202308030804
2021103665	2024-01-07	1京都2	晴	5.0	3歳未勝利		17	5.0	10	124.4	11.0	10	松本大輝	54.0	芝1600		良	**	1:37.8	1.1	**	16-17	35.0-37.0	36.1	476(-4)			グロリアラウス		202408010205
2021103665	2024-03-17	1中京4	曇	5.0	3歳未勝利		16	5.0	10	55.2	9.0	5	松本大輝	54.0	芝2000		良	**	2:02.7	0.5	**	2-2-2-2	37.0-35.0	35.4	476(0)			クリノアドバンス	55.0	202407010405
2021103665	2024-04-07	1福島2	晴	5.0	3歳未勝利		16	2.0	3	6.7	3.0	4	松本大輝	54.0	芝1800		良	**	1:49.3	0.9	**	2-3-5-6	35.0-35.7	36.2	472(-4)			スプリンクルソルト	83.0	202403010205
2021103665	2024-05-04	1新潟3	晴	5.0	3歳未勝利		16	2.0	3	9.1	4.0	2	松本大輝	54.0	芝1800		良	**	1:48.4	0.1	**	2-2	35.6-35.6	35.4	478(+6)			ザブライド	220.0	202404010305
2021103665	2024-05-19	1新潟8	晴	6.0	3歳未勝利		16	7.0	14	3.6	2.0	4	松本大輝	54.0	芝1800		良	**	1:51.0	1.1	**	4-4	36.8-35.2	35.8	482(+4)			ケイツールピア	83.0	202404010806
2021103665	2024-07-13	3小倉5	曇	2.0	3歳未勝利		16	1.0	1	5.3	2.0	1	松本大輝	54.0	芝1800		良	**	1:47.4	-0.1	**	1-1-1-1	35.7-36.6	36.6	482(0)			(ラガークイン)	550.0	202410030502
2021103665	2024-07-28	2新潟2	曇	11.0	3歳以上1勝クラス		16	8.0	15	7.7	4.0	4	松本大輝	52.0	芝1800		良	**	1:46.3	0.5	**	5-5	34.6-34.5	34.5	484(+2)			エマロア	120.0	202404020211
2021103665	2024-10-14	4新潟4	晴	12.0	3歳以上1勝クラス		16	8.0	15	20.8	9.0	9	松本大輝	53.0	芝1800		良	**	1:47.5	1.0	**	5-6	34.0-35.0	35.7	484(0)			ムガ		202404040412
2021103665	2024-11-02	3福島1	雨	7.0	3歳以上1勝クラス		15	1.0	1	6.5	3.0	7	古川奈穂	50.0	芝1800		稍	**	1:50.3	1.3	**	8-8-11-9	35.0-37.2	36.2	482(-2)			ソルトブリーズ		202403030107
2021103665	2024-11-24	6京都8	曇	7.0	3歳以上1勝クラス		18	7.0	13	29.0	11.0	12	荻野極	54.0	芝1800		良	**	1:47.5	0.6	**	8-8	35.3-34.6	34.7	480(-2)			キュクヌス		202408060807
2021103665	2025-03-16	2中京2	曇	7.0	4歳以上1勝クラス		16	4.0	8	14.3	6.0	2	池添謙一	56.0	芝1600		重	**	1:37.3	0.1	**	1-1-1	36.3-35.9	36.0	488(+8)			マテンロウブラボー	320.0	202507020207
2021103665	2025-05-03	1新潟1	晴	8.0	4歳以上1勝クラス		11	4.0	4			除	荻野極	56.0	芝1600		良	**			**		34.7-34.9		478(-10)			ドーンコーラス		202504010108
2021103665	2025-05-18	1新潟6	曇	7.0	4歳以上1勝クラス		13	4.0	4	4.1	2.0	3	永島まな	54.0	芝1800		良	**	1:48.9	0.0	**	1-1	37.0-35.2	35.2	488(0)			ディーガレジェンド	200.0	202504010607
2021103665	2025-05-31	2京都11	曇	8.0	4歳以上1勝クラス		18	8.0	18	18.5	8.0	1	池添謙一	56.0	芝1600		良	**	1:33.6	-0.2	**	1-1	34.3-34.8	34.8	486(-2)			(ロストシークレット)	800.0	202508021108
2021103665	2025-09-27	4阪神8	晴	8.0	3歳以上2勝クラス		13	5.0	7	19.9	5.0	12	池添謙一	56.0	芝1600		良	**	1:34.4	1.0	**	1-1	35.9-33.7	34.7	492(+6)			スライビングロード		202509040808
2021103665	2025-11-23	4京都6	晴	9.0	花見小路特別(2勝クラス)		13	8.0	13	39.7	7.0	3	池添謙一	53.0	芝1600		良	**	1:33.8	0.3	**	1-1	35.6-33.6	33.9	492(0)			ダノンフェアレディ	394.2	202508040609
2021103665	2025-12-07	5中京2	晴	10.0	志摩特別(2勝クラス)		13	5.0	6	20.7	8.0	12	池添謙一	53.0	芝1600		良	**	1:35.2	1.4	**	3-3-3	36.3-33.8	34.9	490(-2)			キングメーカー		202507050210
2021103723	2023-11-18	3京都5	曇	4.0	2歳新馬		13	5.0	6	3.7	1.0	6	坂井瑠星	55.0	ダ1400		重	**	1:28.3	1.4	**	8-8	36.9-37.1	37.7	428(0)			ミスティカ		202308030504
2021103723	2024-02-25	1阪神2	雨	1.0	3歳未勝利		13	1.0	1	39.1	9.0	9	松山弘平	55.0	ダ1800		不	**	1:55.2	2.6	**	6-6-12-11	37.8-36.9	38.2	426(-2)			スマートプレシャス		202409010201
2021103723	2024-04-20	3京都1	晴	1.0	3歳未勝利		16	5.0	9	79.2	9.0	4	団野大成	55.0	ダ1400		良	**	1:26.6	0.4	**	7-6	35.4-38.5	37.6	432(+6)			ランランガール	83.0	202408030101
2021103723	2024-05-04	3京都5	晴	1.0	3歳未勝利		16	3.0	5	9.4	6.0	6	団野大成	55.0	ダ1400		良	**	1:27.7	1.4	**	10-8	35.2-38.5	38.9	432(0)			トウカイポワール		202408030501
2021103723	2024-06-02	4京都2	曇	2.0	3歳未勝利		16	6.0	11	4.9	2.0	2	松山弘平	55.0	ダ1800		稍	**	1:54.6	0.2	**	1-1-1-1	36.0-39.9	40.1	426(-6)			ウェイトゥゴー	220.0	202408040202
2021103723	2024-06-22	4京都7	晴	2.0	3歳未勝利		16	1.0	2	3.6	3.0	4	松山弘平	55.0	ダ1800		重	**	1:56.6	1.7	**	1-1-2-1	36.0-39.5	41.2	426(0)			シンコーナホチャン	83.0	202408040702
2021103723	2024-07-21	3小倉8	小雨	3.0	3歳未勝利		16	3.0	5	3.7	2.0	1	松山弘平	55.0	ダ1700		稍	**	1:45.7	-0.4	**	2-2-2-2	29.6-38.1	37.9	424(-2)			(デイムサンライズ)	550.0	202410030803
2021103723	2024-11-17	3福島6	曇	2.0	3歳以上1勝クラス		15	3.0	5	10.4	5.0	11	ドイル	54.0	ダ1700		良	**	1:49.1	2.6	**	11-11-14-15	29.9-38.6	39.9	426(+2)			スマートプレシャス		202403030602
2021103723	2025-01-25	1小倉1	晴	8.0	4歳以上1勝クラス		16	3.0	6	62.4	11.0	9	斎藤新	55.0	ダ1700		良	**	1:47.2	2.2	**	8-8-12-11	30.6-37.1	38.2	414(-12)			レシプロシティ		202510010108
2021103723	2025-04-12	1福島1	曇	7.0	4歳以上1勝クラス		14	2.0	3	50.2	10.0	8	斎藤新	56.0	ダ1700		良	**	1:48.5	1.5	**	4-5-5-6	30.2-39.2	40.2	422(+8)			ファイントパーズ		202503010107
2021103723	2025-08-17	3中京8	晴	10.0	3歳以上1勝クラス		16	4.0	8	54.9	11.0	6	高杉吏麒	55.0	ダ1400		良	**	1:25.6	0.9	**	12-10	33.9-38.9	38.7	434(+12)			エイプリルインパリ		202507030810
2021103723	2025-09-07	4阪神2	晴	6.0	3歳以上1勝クラス		15	4.0	7	38.4	11.0	10	高杉吏麒	55.0	ダ1400		良	**	1:26.0	2.0	**	12-11	33.8-37.9	38.7	436(+2)			ポートデラメール		202509040206
2021103723	2025-11-08	4京都1	晴	7.0	3歳以上1勝クラス		16	1.0	2	135.7	12.0	3	田口貫太	56.0	ダ1400		良	**	1:24.2	0.3	**	4-4	34.6-37.4	37.2	436(0)			ランスオブセヘル	200.0	202508040107
2021103723	2025-12-07	5中京2	晴	2.0	3歳以上1勝クラス		16	2.0	3	18.1	7.0	6	西村淳也	56.0	ダ1400		良	**	1:26.0	0.8	**	8-6	34.8-37.6	37.6	438(+2)			マーゴットレーヴ		202507050202
2021103868	2023-06-04	3阪神2	晴	5.0	2歳新馬		8	2.0	2	5.9	4.0	2	和田竜二	55.0	芝1400		良	**	1:24.5	0.1	**	3-3	36.8-34.8	34.7	484(0)			アトロルーベンス	290.0	
2021103868	2023-07-01	3中京1	曇	1.0	2歳未勝利		7	4.0	4	3.6	2.0	6	和田竜二	55.0	芝1400		不	**	1:25.3	1.5	**	2-2	35.0-36.5	37.9	480(-4)			ジュントネフ		
2021103868	2023-09-09	4阪神1	晴	1.0	2歳未勝利		12	6.0	7	3.9	1.0	2	鮫島克駿	55.0	ダ1400		良	**	1:26.7	0.2	**	1-1	35.1-38.8	39.0	480(0)			オーケーカルメン	220.0	202309030205
2021103868	2023-09-30	4阪神8	晴	2.0	2歳未勝利		8	2.0	2	1.5	1.0	2	鮫島克駿	55.0	ダ1200		良	**	1:13.3	0.0	**	3-3	35.8-37.5	37.3	484(+4)			カネトシゴウト	220.0	202307030101
2021103868	2023-10-21	4新潟3	雨	3.0	2歳未勝利		14	8.0	14	1.7	1.0	1	永島まな	53.0	ダ1200		重	**	1:12.1	-0.5	**	4-4	34.8-37.3	37.0	482(-2)			(サトミノエガオ)	550.0	202309040101
2021103868	2023-11-11	5東京3	曇	9.0	オキザリス賞(1勝クラス)		16	7.0	13	78.0	14.0	2	横山典弘	56.0	ダ1400		良	**	1:25.2	0.1	**	8-7	34.7-38.1	37.5	478(-4)			ノヴァエクスプレス	440.2	202309040802
2021103868	2023-12-23	5中山7	晴	7.0	2歳1勝クラス		15	7.0	13	3.6	2.0	1	横山武史	56.0	ダ1200		良	**	1:11.6	-0.4	**	9-9	33.9-37.7	36.9	482(+4)			(エスカル)	780.0	202304040303
2021103868	2024-02-18	1東京8	晴	9.0	ヒヤシンスS(L)		11	4.0	4	17.0	6.0	5	キング	57.0	ダ1600		良	**	1:37.3	1.0	**	3-3	34.6-37.2	37.9	482(0)			ラムジェット	190.0	202305050309
2021103868	2024-03-10	1中京2	晴	10.0	昇竜S(OP)		9	6.0	6	5.1	4.0	1	三浦皇成	57.0	ダ1400		良	**	1:25.4	0.0	**	2-2	35.9-37.1	37.0	482(0)			(ジョージテソーロ)	1821.7	202306050707
2021103868	2024-04-29	園田	雨	11.0	兵庫チャンピオンシッ(JpnII)		11	1.0	1	7.0	4.0	2	吉村智洋	57.0	ダ1400		良	**	1:28.9	0.5	**	3-3-3-2		39.5	477(-5)			エートラックス	1600.0	202405010809
2021103868	2024-08-15	門別	曇	11.0	北海道スプリントカッ(JpnIII)		13	7.0	10	5.3	3.0	1	武豊	56.0	ダ1200		稍	**	1:12.6	-0.4	**	9-7		36.8	498(+21)			(エートラックス)	2400.0	202407010210
2021103868	2024-10-03	大井	曇	11.0	東京盃競走(JpnII)		14	4.0	6	7.7	4.0	1	横山典弘	55.0	ダ1200		良	**	1:11.3	-0.1	**	8-7	34.2-37.1	36.5	497(-1)			(マックス)	4000.0	202450042911
2021103868	2024-11-04	佐賀	晴	10.0	JBCスプリント(JpnI)		12	8.0	11	2.4	1.0	2	武豊	56.0	ダ1400		良	**	1:26.8	0.0	**	5-4-5-1		37.6	497(0)			タガノビューティー	2560.0	202430081511
2021103868	2024-12-08	5中山4	晴	11.0	カペラS(GIII)		15	6.0	11	5.1	2.0	6	横山典弘	58.0	ダ1200		良	**	1:10.3	0.2	**	12-11	32.5-37.6	35.7	500(+3)			ガビーズシスター		202444100311
2021103868	2025-02-22	キングアブドゥル	晴		リヤドダートスプリン(GII)		12		2		4.0	10	武豊	57.0	ダ1200		良								計不					202455110410
2021103868	2025-06-25	浦和	曇	11.0	さきたま杯[指定交流(JpnI)		12	7.0	9	9.4	4.0	7	武豊	57.0	ダ1400		不	**	1:24.6	1.4	**	6-5-4-5	34.9-36.3	37.2	501(0)			シャマル		202406050411
2021103868	2025-08-11	盛岡	曇	11.0	クラスターC(JpnIII)		14	4.0	6	2.3	2.0	4	武豊	57.0	ダ1200		稍	**	1:09.7	0.5	**	7-6		34.5	504(+3)			サンライズアムール	390.0	202542062511
2021103868	2025-09-07	ソウル			コリアスプリント(GIII)		13		13		1.0	2	武豊	57.0	ダ1200		良		1:10.5						計不					202535081111
2021103868	2025-11-03	船橋	晴	10.0	JBCスプリント(JpnI)		14	7.0	11	7.9	6.0	4	武豊	57.0	ダ1000		稍	**	0:59.2	0.4	**	8-8	34.1-36.2	35.7	504(0)			ファーンヒル	800.0	202543110310
2021103868	2025-12-14	5中山4	曇	11.0	カペラS(GIII)		16	6.0	11	18.4	8.0	8	横山典弘	58.0	ダ1200		稍	**	1:10.2	1.6	**	14-14	32.9-35.7	35.8	518(+14)			テーオーエルビス		202506050411
2021103932	2024-01-20	1京都6	小雨	3.0	3歳新馬		16	6.0	12	28.4	7.0	3	角田大河	54.0	ダ1200		稍	**	1:13.2	0.6	**	5-5	35.0-37.6	37.7	440(0)			ネグレスコ	160.0	202408010603
2021103932	2024-02-17	2京都7	曇	1.0	3歳未勝利		15	8.0	14	17.0	5.0	9	角田大河	54.0	ダ1200		稍	**	1:14.0	2.0	**	2-2	34.8-37.2	39.0	444(+4)			プレヴィスト		202408020701
2021103932	2024-03-10	1阪神6	晴	2.0	3歳未勝利		16	5.0	10	6.3	4.0	1	角田大河	54.0	ダ1200		良	**	1:14.2	-0.2	**	3-2	35.6-38.6	38.4	438(-6)			(ラムテリオス)	550.0	202409010602
2021103932	2024-06-08	1函館1	晴	8.0	3歳以上1勝クラス		11	2.0	2	22.6	7.0	9	角田大河	52.0	ダ1000		良	**	1:00.2	1.6	**	6-6	34.5-35.9	37.1	458(+20)			パルプフィクション		202402010108
2021103932	2024-06-15	1函館3	晴	8.0	3歳以上1勝クラス		11	6.0	7	19.5	5.0	6	角田大河	52.0	ダ1000		良	**	1:00.0	1.0	**	5-5	34.6-36.1	36.7	452(-6)			ニルアドミラリ		202402010308
2021103932	2024-06-30	1函館8	雨	12.0	3歳以上1勝クラス		10	3.0	3	81.0	10.0	10	大野拓弥	53.0	ダ1000		良	**	1:00.9	2.1	**	5-4	34.6-35.8	37.4	452(0)			フーコサンライズ		202402010812
2021103932	2025-01-13	1中京5	晴	6.0	4歳以上1勝クラス		16	8.0	16	78.1	15.0	16	西村淳也	55.0	ダ1400		良	**	1:28.4	1.9	**	2-2	35.0-38.8	40.6	458(+6)			プウスカンドゥール		202507010506
2021103932	2025-01-26	1中京9	晴	7.0	4歳以上1勝クラス		16	6.0	11	148.1	11.0	9	水口優也	56.0	ダ1200		良	**	1:13.4	1.5	**	2-2	35.4-36.5	37.9	448(-10)			オコタンペ		202507010907
2021103932	2025-03-29	2阪神1	晴	7.0	4歳以上1勝クラス		16	8.0	16	132.2	14.0	9	吉村誠之	54.0	ダ1200		稍	**	1:13.9	0.9	**	2-2	34.7-38.3	38.7	462(+14)			フォルテローザ		202509020107
2021103932	2025-05-08	園田	晴	10.0	JRA交流由良川特別		12	6.0	8	5.9	3.0	5	田口貫太	55.0	ダ1400		良	**	1:31.2	1.2	**	2-1-1-1		40.9	455(-7)			グレイスオブゴッド	20.0	202550050810
2021103932	2025-05-25	2京都10	曇	9.0	4歳以上1勝クラス		18	3.0	6	140.8	14.0	15	中井裕二	56.0	芝1400		重	**	1:23.5	1.2	**	6-9	36.0-34.3	35.1	458(+3)			エールトゥヘヴン		202508021009
2021103932	2025-07-12	2小倉5	晴	12.0	3歳以上1勝クラス		17	5.0	9	45.9	11.0	2	田山旺佑	53.0	芝1200		良	**	1:08.5	0.0	**	3-2	33.0-35.5	35.4	458(0)			シュブロンレーヴル	320.0	202510020512
2021103932	2025-07-19	2小倉7	晴	7.0	3歳以上1勝クラス		9	2.0	2	6.4	3.0	2	田山旺佑	53.0	芝1200		良	**	1:09.1	0.2	**	2-2	33.3-35.6	35.7	458(0)			レディメローラ	320.0	202510020707
2021103932	2025-10-04	3京都1	曇	7.0	3歳以上1勝クラス		18	3.0	5	10.0	4.0	5	田山旺佑	53.0	芝1200		重	**	1:08.3	0.3	**	2-2	32.7-35.3	35.2	476(+18)			ジャスパーディビネ	80.0	202508030107
2021103932	2025-10-19	4新潟2	曇	3.0	3歳以上1勝クラス		18	1.0	1	8.8	4.0	15	鮫島克駿	56.0	芝1200		稍	**	1:10.9	1.1	**	6-5	34.5-35.3	35.9	470(-6)			インフローレ		202504040203
2021103932	2025-11-15	3福島3	晴	7.0	3歳以上1勝クラス		16	5.0	9	7.3	4.0	2	柴田裕一	54.0	芝1200		良	**	1:09.3	0.0	**	4-3	34.4-34.9	34.7	446(-24)			クインズスピカ	320.0	202503030307
2021103977	2023-09-24	4阪神7	晴	5.0	2歳新馬		7	7.0	7	2.7	1.0	5	横山武史	55.0	芝2000		良	**	2:03.3	2.0	**	1-1-1-1	38.1-34.6	36.6	512(0)			ショウナンラプンタ	72.0	202309040705
2021103977	2023-10-14	2京都4	曇	3.0	2歳未勝利		11	8.0	11	5.2	3.0	2	岩田望来	56.0	芝1600		良	**	1:34.6	0.1	**	8-7	35.1-35.1	34.6	506(-6)			バレルターン	220.0	202308020403
2021103977	2023-11-05	3京都2	晴	3.0	2歳未勝利		9	1.0	1	2.1	1.0	5	鮫島克駿	56.0	芝1800		良	**	1:47.4	0.4	**	7-7	35.6-35.0	34.4	512(+6)			ブロードグリン	55.0	202308030203
2021103977	2024-02-11	2京都6	曇	5.0	3歳未勝利		14	4.0	5	2.6	1.0	2	横山和生	57.0	芝1600		良	**	1:36.3	0.1	**	6-5	35.6-35.3	35.0	506(-6)			ハワイアンティアレ	220.0	202408020605
2021103977	2024-03-03	1阪神4	晴	4.0	3歳未勝利		15	3.0	5	3.6	2.0	2	松山弘平	57.0	芝1600		良	**	1:35.7	0.9	**	3-2	35.7-34.1	35.0	506(0)			ジュンヴァンケット	220.0	202409010404
2021103977	2024-03-24	2阪神2	雨	5.0	3歳未勝利		18	6.0	11	3.0	1.0	4	団野大成	57.0	芝1600		重	**	1:35.6	1.0	**	2-2	35.0-35.6	36.6	504(-2)			パシフィックハイ	83.0	202409020205
2021103977	2024-05-12	3京都8	曇	3.0	3歳未勝利		18	5.0	9	1.6	1.0	1	団野大成	57.0	芝1200		良	**	1:08.2	-0.3	**	7-5	33.6-34.6	33.9	502(-2)			(ミッキージャスミン)	550.0	202408030803
2021103977	2024-06-16	4京都6	晴	8.0	3歳以上1勝クラス		15	4.0	6	3.4	2.0	1	岩田望来	55.0	芝1400		良	**	1:21.3	-0.1	**	5-3	35.3-34.1	33.8	494(-8)			(ビダーヤ)	800.0	202408040608
2021103977	2024-08-18	2中京4	晴	10.0	中京スポニチ賞(2勝クラス)		16	6.0	11	2.9	1.0	3	坂井瑠星	55.0	芝1400		良	**	1:20.2	0.1	**	3-3	34.8-34.0	33.8	502(+8)			アクートゥス	395.0	202407020410
2021103977	2024-09-16	3中京5	曇	10.0	桑名特別(2勝クラス)		13	3.0	3	4.7	2.0	2	岩田望来	56.0	芝1400		良	**	1:21.0	0.3	**	3-3	35.1-33.9	33.7	510(+8)			ソンシ	628.2	202407030510
2021103977	2024-11-10	6京都4	曇	12.0	ドンカスターC(2勝クラス)		14	7.0	12	2.4	1.0	3	岩田望来	57.0	芝1400		良	**	1:21.0	0.3	**	8-3	35.0-34.4	34.3	506(-4)			フルメタルボディー	394.6	202408060412
2021103977	2025-05-17	2京都7	曇	7.0	4歳以上2勝クラス		13	1.0	1	2.8	1.0	9	坂井瑠星	58.0	芝1200		不	**	1:10.3	0.7	**	10-8	34.8-34.8	34.4	512(+6)			ワンダーキサラ		202508020707
2021103977	2025-05-31	2京都11	曇	12.0	4歳以上2勝クラス		13	7.0	10	3.8	2.0	5	北村友一	58.0	芝1400		良	**	1:21.1	0.5	**	6-7	34.3-35.1	34.6	508(-4)			キタサンダムール	114.0	202508021112
2021103977	2025-11-02	3京都11	晴	12.0	3歳以上2勝クラス		12	8.0	11	4.3	1.0	7	岩田望来	58.0	芝1400		良	**	1:21.8	0.4	**	3-2	36.4-33.4	33.8	504(-4)			ハワイアンタイム		202508031112
2021103977	2025-12-21	5中京6	曇	12.0	尾張特別(2勝クラス)		18	8.0	17	8.3	4.0	1	菅原明良	56.0	芝1400		稍	**	1:21.9	-0.1	**	14-14	34.6-35.5	34.1	516(+12)			(メイショウカイト)	1593.4	202507050612
2021103987	2024-01-14	1小倉2	晴	5.0	3歳新馬		14	1.0	1	21.0	8.0	10	富田暁	57.0	芝2000		良	**	2:03.8	2.2	**	3-3-6-4	35.4-36.1	37.7	478(0)			インテグレイト		202410010205
2021103987	2024-02-18	2小倉4	晴	1.0	3歳未勝利		16	7.0	14	6.8	3.0	1	小沢大仁	56.0	ダ1700		良	**	1:46.4	-0.2	**	4-4-3-3	29.5-39.6	39.0	472(-6)			(ズバットマサムネ)	550.0	202410020401
2021103987	2024-03-09	1中京1	晴	6.0	3歳1勝クラス		14	3.0	3	17.1	6.0	1	小沢大仁	56.0	ダ1800		稍	**	1:54.0	-0.4	**	2-2-2-1	37.0-39.4	39.3	474(+2)			(サンライズソレイユ)	780.0	202407010106
2021103987	2024-04-27	3京都3	曇	11.0	ユニコーンS(GIII)		16	1.0	1	50.2	10.0	10	小沢大仁	57.0	ダ1900		良	**	2:00.8	2.2	**	3-3-5-6	29.5-38.1	40.1	474(0)			ラムジェット		202408030311
2021103987	2024-12-07	4中京3	曇	10.0	鳴海特別(2勝クラス)		16	3.0	5	2.9	2.0	1	西村淳也	57.0	ダ1800		良	**	1:52.0	-0.3	**	1-1-1-1	37.2-36.9	36.9	486(+12)			(アルファヒディ)	1594.8	202407040310
2021103987	2025-01-13	1中京5	晴	10.0	雅S(3勝クラス)		15	5.0	10	2.3	1.0	1	西村淳也	56.0	ダ1800		良	**	1:52.1	-0.3	**	1-1-1-1	37.5-37.3	37.3	480(-6)			(タイトニット)	1873.6	202507010510
2021103987	2025-10-26	3京都9	曇	10.0	カノープスS(OP)		14	3.0	3	9.8	5.0	3	岩田望来	56.0	ダ1800		重	**	1:49.1	0.5	**	10-10-8-4	35.6-36.7	36.6	480(0)			シゲルショウグン	554.4	202508030910
2021103987	2025-11-22	4京都5	晴	11.0	シトリンS(OP)		16	4.0	7	7.1	3.0	14	岩田望来	57.0	ダ1900		良	**	1:59.9	3.0	**	2-2-2-2	29.8-37.5	40.3	474(-6)			ムルソー		202508040511
2021104052	2023-10-29	4新潟6	小雨	5.0	2歳新馬		17	3.0	5	40.5	12.0	7	古川奈穂	52.0	芝1400		不	**	1:26.7	0.9	**	11-12	35.2-38.5	37.5	416(0)			ニュージェネラル		202304040605
2021104052	2024-02-11	2小倉2	晴	6.0	3歳未勝利		18	3.0	6	118.9	15.0	18	菱田裕二	57.0	芝1200		良	**	1:11.7	2.8	**	18-18	34.5-34.4	35.1	428(+12)			セイウンティーダ		202410020206
2021104052	2024-03-09	1中京1	晴	1.0	3歳未勝利		16	8.0	15	139.4	12.0	7	西塚洸二	55.0	ダ1400		稍	**	1:27.9	1.2	**	7-7	36.1-37.7	38.3	420(-8)			スート		202407010101
2021104052	2024-07-14	2福島6	晴	4.0	3歳未勝利		16	5.0	10	43.3	7.0	6	横山琉人	56.0	ダ1150		稍	**	1:10.1	1.2	**	6-7	31.9-37.0	37.7	426(+6)			ペイシャスウィフト		202403020604
2021104052	2024-08-25	3新潟6	曇	2.0	3歳未勝利		15	4.0	7	103.6	12.0	1	藤田菜七	55.0	ダ1800		良	**	1:54.6	-1.0	**	2-2-1-1	36.9-38.5	38.5	422(-4)			(バウンドトゥウィン)	550.0	202404030602
2021104052	2024-09-21	4中山6	曇	7.0	3歳以上1勝クラス		14	1.0	1	20.6	9.0	10	藤田菜七	53.0	ダ1800		良	**	1:55.5	1.3	**	3-3-4-4	37.2-37.8	38.7	424(+2)			イモータルバード		202406040607
2021104052	2024-10-20	4新潟6	晴	6.0	3歳以上1勝クラス		10	6.0	6	8.9	5.0	3	長浜鴻緒	53.0	ダ1800		稍	**	1:53.1	0.7	**	3-3-2-2	36.1-38.4	39.0	420(-4)			アッティラ	200.0	202404040606
2021104052	2024-11-16	3福島5	晴	6.0	3歳以上1勝クラス		15	1.0	1	9.6	6.0	4	西塚洸二	55.0	ダ1700		良	**	1:46.8	1.0	**	2-2-2-2	29.6-39.2	40.1	424(+4)			スマートハンター	120.0	202403030506
2021104052	2024-12-08	4中京4	晴	6.0	3歳以上1勝クラス		11	6.0	6	8.0	4.0	11	西塚洸二	56.0	ダ1800		良	**	1:57.9	4.2	**	2-1-1-1	36.3-38.6	42.8	420(-4)			アスクデビューモア		202407040406
2021104052	2025-03-30	3中山2	晴	7.0	4歳以上1勝クラス		16	3.0	5	69.7	10.0	15	石川裕紀	58.0	ダ1800		稍	**	1:57.7	4.1	**	1-1-1-1	36.9-39.9	44.0	430(+10)			タナサンブラック		202506030207
2021104052	2025-04-20	1福島4	曇	12.0	4歳以上1勝クラス		15	2.0	3	25.0	8.0	14	今村聖奈	55.0	ダ1700		良	**	1:49.8	3.3	**	9-8-14-13	30.7-37.6	39.8	430(0)			トーレ		202503010412
2021104052	2025-11-16	3福島4	晴	3.0	3歳以上1勝クラス		15	2.0	2	149.3	14.0	14	和田陽希	55.0	ダ1700		良	**	1:48.5	2.5	**	2-2-4-11	29.2-38.7	40.8	420(-10)			ユウェンタース		202503030403
2021104052	2025-12-06	5中京1	晴	7.0	3歳以上1勝クラス		16	1.0	2	110.0	12.0	6	柴田裕一	56.0	ダ1800		良	**	1:54.9	1.2	**	1-1-1-1	36.8-38.2	39.4	418(-2)			ストーンズ		202507050107
2021104052	2025-12-20	5中京5	曇	6.0	3歳以上1勝クラス		16	7.0	14	57.1	11.0	15	柴田裕一	56.0	ダ1800		稍	**	1:56.6	2.7	**	1-1-1-2	37.8-38.0	40.7	418(0)			タガノヘラクレス		202507050506
2021104137	2023-08-20	3新潟4	晴	5.0	2歳新馬		16	8.0	15	27.5	8.0	3	丸田恭介	55.0	芝1800		良	**	1:50.2	0.3	**	10-10	36.5-34.8	34.2	460(0)			アドマイヤベル	180.0	202304030405
2021104137	2023-09-18	4中山5	晴	2.0	2歳未勝利		16	7.0	14	12.6	4.0	1	丸田恭介	55.0	芝1600		良	**	1:35.4	-0.2	**	12-11-11	35.5-35.6	34.7	468(+8)			(ガジュノリ)	550.0	202306040502
2021104137	2023-10-28	4東京8	晴	11.0	アルテミスS(GIII)		10	6.0	6	54.6	8.0	8	丸田恭介	55.0	芝1600		良	**	1:34.7	1.1	**	6-6	35.9-33.6	34.2	466(-2)			チェルヴィニア		202305040811
2021104137	2023-11-19	5東京6	晴	9.0	赤松賞(1勝クラス)		9	3.0	3	15.6	6.0	4	丸田恭介	55.0	芝1600		良	**	1:34.1	0.3	**	9-7	35.7-33.9	33.6	470(+4)			ステレンボッシュ	160.0	202305050609
2021104137	2024-02-25	2中山2	小雨	9.0	デイジー賞(1勝クラス)		13	8.0	13	5.1	2.0	10	丸田恭介	55.0	芝1800		稍	**	1:51.6	1.0	**	9-8-7-6	37.6-36.2	36.5	474(+4)			イゾラフェリーチェ		202406020209
2021104137	2024-03-31	3中山4	晴	6.0	3歳1勝クラス		11	3.0	3	10.2	6.0	9	丸田恭介	55.0	芝1600		良	**	1:35.0	1.3	**	6-6-5	35.5-34.9	35.8	468(-6)			ケイケイ		202406030406
2021104137	2024-05-18	2東京9	晴	9.0	カーネーションC(1勝クラス)		11	1.0	1	23.1	7.0	7	三浦皇成	55.0	芝1800		良	**	1:47.6	0.8	**	4-4-3	36.1-34.5	35.1	464(-4)			カンティアーモ		202405020909
2021104137	2024-06-08	3東京3	晴	7.0	3歳以上1勝クラス		13	8.0	13	22.0	5.0	7	菅原明良	53.0	芝1600		良	**	1:34.0	0.6	**	6-7	36.0-34.2	33.9	466(+2)			ハリケーンリッジ		202405030307
2021104137	2024-09-22	4中山7	曇	7.0	3歳以上1勝クラス		16	6.0	12	31.9	9.0	13	菅原明良	54.0	芝1600		良	**	1:33.6	1.0	**	6-10-9	34.5-35.1	35.1	472(+6)			マンウォル		202406040707
2021104137	2024-10-19	4東京5	晴	7.0	3歳以上1勝クラス		13	3.0	3	24.3	9.0	9	丸田恭介	54.0	ダ1600		良	**	1:40.4	2.1	**	8-7	35.6-37.1	38.3	474(+2)			セイウンマカロン		202405040507
2021104137	2024-11-09	3福島3	晴	6.0	3歳以上1勝クラス		16	3.0	6	10.4	7.0	8	石田拓郎	52.0	芝1200		良	**	1:10.7	0.9	**	14-12	33.8-36.0	35.0	474(0)			ジオパーククラウン		202403030306
2021104137	2025-02-02	1小倉4	曇	12.0	4歳以上1勝クラス		18	6.0	12	67.7	16.0	4	石田拓郎	53.0	芝1200		稍	**	1:10.2	0.3	**	14-16	34.1-35.8	34.9	480(+6)			スマートジェイナ	120.0	202510010412
2021104137	2025-02-23	1小倉10	曇	12.0	4歳以上1勝クラス		18	8.0	16	10.2	4.0	2	石田拓郎	53.0	芝1200		良	**	1:08.5	0.3	**	4-3	33.7-34.5	34.4	486(+6)			アスティスプマンテ	320.0	202510011012
2021104137	2025-03-01	1小倉11	曇	12.0	4歳以上1勝クラス		18	3.0	6	3.8	1.0	2	石田拓郎	53.0	芝1200		良	**	1:09.2	0.1	**	12-12	33.4-35.7	34.8	478(-8)			ハピアーザンエバー	320.0	202510011112
2021104137	2025-05-11	1新潟4	晴	12.0	4歳以上1勝クラス		16	4.0	8	9.9	5.0	4	丸田恭介	56.0	芝1200		稍	**	1:10.7	0.4	**	7-8	35.0-35.3	35.0	462(-16)			ソングオブライフ	120.0	202504010412
2021104137	2025-05-25	1新潟8	曇	8.0	4歳以上1勝クラス		16	1.0	1	8.5	5.0	10	丸田恭介	56.0	芝1200		稍	**	1:12.1	0.6	**	7-3	34.8-36.7	36.3	466(+4)			ソレントフレイバー		202504010808
2021104137	2025-08-30	3新潟3	晴	9.0	新発田城特別(1勝クラス)		18	6.0	12	10.2	5.0	4	ルメール	56.0	芝1400		良	**	1:21.4	0.7	**	10-9	34.1-35.0	34.5	470(+4)			ポッドロワール	170.0	202504030309
2021104137	2025-09-14	4中山4	曇	12.0	3歳以上1勝クラス		16	6.0	11	23.9	7.0	6	柴田善臣	56.0	芝1600		良	**	1:33.4	0.9	**	2-4-4	34.9-34.7	35.1	470(0)			エンペラーズソード		202506040412
2021104137	2025-09-28	4中山9	晴	7.0	3歳以上1勝クラス		16	5.0	10	98.4	9.0	6	柴田善臣	56.0	芝1600		良	**	1:33.5	1.0	**	8-9-10	34.6-34.6	34.4	472(+2)			リバーバレイト		202506040907
2021104137	2025-11-22	3福島5	晴	12.0	3歳以上1勝クラス		16	8.0	15	8.0	4.0	14	柴田善臣	56.0	芝1200		良	**	1:09.8	0.7	**	6-3	34.3-34.8	34.9	476(+4)			ガットネロ		202503030512
2021104176	2024-02-04	1東京4	曇	5.0	3歳新馬		16	1.0	1	9.4	4.0	2	藤岡佑介	57.0	芝1800		良	**	1:49.7	0.2	**	4-3-3	37.8-34.0	33.9	482(0)			スーパーバイザー	250.0	202405010405
2021104176	2024-03-30	2阪神3	晴	3.0	3歳未勝利		18	7.0	13	3.6	1.0	10	藤岡佑介	57.0	芝1800		良	**	1:48.0	1.7	**	8-8	35.1-36.7	36.9	488(+6)			エマロア		202409020303
2021104176	2024-06-23	4京都8	小雨	4.0	3歳未勝利		18	2.0	3	17.8	8.0	10	幸英明	57.0	芝1600		重	**	1:36.8	1.4	**	9-7	34.8-35.8	36.6	480(-8)			プリズマジコ		202408040804
2021104176	2024-07-20	1札幌1	晴	6.0	3歳未勝利		14	5.0	7	21.0	8.0	8	菱田裕二	57.0	芝1800		良	**	1:49.6	0.9	**	6-5-6-7	36.8-35.4	35.8	480(0)			オメガインペリアル		202401010106
2021104176	2024-08-11	2札幌2	晴	3.0	3歳未勝利		14	5.0	7	6.3	4.0	1	藤岡佑介	57.0	ダ1700		良	**	1:46.1	-0.5	**	3-3-2-1	29.7-39.0	39.0	486(+6)			(アイウィル)	550.0	202401020203
2021104176	2024-08-31	2札幌7	曇	7.0	3歳以上1勝クラス		14	5.0	7	3.7	3.0	5	藤岡佑介	55.0	ダ1700		重	**	1:44.9	0.8	**	7-7-7-6	30.0-37.4	37.4	488(+2)			ルージュシュエット	80.0	202401020707
2021104176	2024-11-24	6京都8	曇	5.0	3歳以上1勝クラス		15	5.0	9	3.2	1.0	1	藤岡佑介	56.0	ダ1800		良	**	1:53.4	-0.1	**	4-4-4-3	35.4-38.7	38.2	490(+2)			(レーウィン)	800.0	202408060805
2021104176	2025-03-22	1阪神7	晴	12.0	4歳以上2勝クラス		16	2.0	3	5.3	3.0	5	富田暁	58.0	ダ1800		良	**	1:54.6	1.1	**	15-13-3-2	37.7-38.5	39.5	488(-2)			トウカイポワール	114.0	202509010712
2021104176	2025-08-24	4中京2	晴	10.0	大府特別(2勝クラス)		16	4.0	7	4.2	2.0	6	川田将雅	58.0	ダ1800		良	**	1:54.0	1.1	**	8-8-8-8	37.3-38.9	37.4	496(+8)			パカーラン		202507040210
2021104176	2025-09-13	4阪神3	曇	10.0	鳥取特別(2勝クラス)		9	7.0	7	10.2	6.0	4	藤岡佑介	58.0	ダ1800		良	**	1:51.9	0.3	**	6-5-5-5	36.8-37.7	37.4	488(-8)			マイノワール	230.0	202509040310
2021104176	2025-12-13	5中京3	曇	10.0	鳴海特別(2勝クラス)		16	7.0	13	9.7	4.0	2	藤岡佑介	58.0	ダ1800		良	**	1:53.4	0.1	**	8-8-5-5	37.7-37.0	36.8	490(+2)			アラレタバシル	631.6	202507050310
2021104176	2026-01-18	1京都7	晴	10.0	大津特別(2勝クラス)		16	1.0	1	8.5	6.0	4	藤岡佑介	58.0	ダ1800		良	**	1:54.1	0.5	**	13-13-14-13	37.5-37.4	36.6	486(-4)			バッケンレコード	240.0	202608010710
2021104617	2024-04-07	1福島2	晴	6.0	3歳未勝利		15	2.0	4	94.2	12.0	3	石田拓郎	54.0	ダ1150		良	**	1:10.2	0.6	**	3-3	31.8-37.8	38.0	540(0)			アイスリンディ	140.0	202403010206
2021104617	2024-04-21	1福島6	曇	1.0	3歳未勝利		16	2.0	3	8.2	5.0	3	石田拓郎	54.0	ダ1150		良	**	1:10.0	0.8	**	3-3	31.6-37.6	38.2	538(-2)			ワークソング	140.0	202403010601
2021104617	2024-05-11	1新潟5	晴	6.0	3歳未勝利		15	3.0	4	6.9	4.0	2	丹内祐次	57.0	ダ1200		良	**	1:12.7	0.3	**	1-1	34.3-38.1	38.4	538(0)			アイズ	220.0	202404010506
2021104617	2024-06-01	3東京1	晴	6.0	3歳未勝利		16	3.0	5	12.2	4.0	11	丹内祐次	57.0	ダ1300		重	**	1:19.6	1.2	**	2-2	28.9-38.0	39.1	538(0)			ダイチジェム		202405030106
2021104617	2024-07-28	1札幌4	曇	2.0	3歳未勝利		12	7.0	10	4.4	3.0	3	丹内祐次	57.0	ダ1000		不	**	0:59.2	0.3	**	2-2	34.6-35.6	35.8	540(+2)			テイエムタリスマ	140.0	202401010402
2021104617	2024-08-10	2札幌1	曇	3.0	3歳未勝利		12	8.0	11	4.1	2.0	1	丹内祐次	57.0	ダ1000		良	**	0:59.9	-0.2	**	1-1	34.6-36.9	36.9	536(-4)			(ミルフルール)	550.0	202401020103
2021104617	2025-02-02	1小倉4	曇	3.0	4歳以上1勝クラス		14	5.0	7	14.7	8.0	3	古川吉洋	58.0	ダ1000		不	**	0:57.4	0.2	**	4-4	33.1-35.2	35.1	542(+6)			ジェイエルバルカー	200.0	202510010403
2021104617	2025-02-16	1小倉8	曇	3.0	4歳以上1勝クラス		14	7.0	12	4.1	1.0	8	丹内祐次	58.0	ダ1000		良	**	0:59.2	1.0	**	2-3	33.9-35.9	36.7	548(+6)			ジェネラーレ		202510010803
2021104617	2025-03-15	2中山5	曇	8.0	4歳以上1勝クラス		16	8.0	15	10.6	5.0	8	丹内祐次	58.0	ダ1200		稍	**	1:12.8	0.7	**	5-4	34.4-37.7	37.9	534(-14)			ヴェルトラウム		202506020508
2021104617	2025-06-28	1函館5	晴	8.0	3歳以上1勝クラス		12	8.0	12	27.1	10.0	7	古川吉洋	58.0	ダ1000		稍	**	0:59.1	0.6	**	8-6	34.0-35.9	35.7	546(+12)			サベージラヴ		202502010508
2021104617	2025-07-20	1函館12	晴	7.0	3歳以上1勝クラス		12	8.0	11	48.8	9.0	11	菱田裕二	58.0	ダ1000		良	**	1:00.1	1.2	**	5-5	34.3-36.1	36.6	546(0)			パールフロント		202502011207
2021104617	2025-08-24	2札幌2	晴	7.0	3歳以上1勝クラス		11	7.0	8	15.3	5.0	8	丹内祐次	58.0	ダ1000		良	**	1:00.7	1.3	**	5-5	35.3-35.7	36.5	544(-2)			タミゼ		202501020207
2021104622	2023-08-20	3小倉4	晴	5.0	2歳新馬		15	4.0	8	35.9	10.0	6	太宰啓介	55.0	芝1800		良	**	1:51.1	1.2	**	8-7-5-4	36.4-36.0	36.8	450(0)			ジュンゴールド		202310030405
2021104622	2023-09-09	4阪神1	晴	3.0	2歳未勝利		7	2.0	2	32.6	5.0	5	太宰啓介	55.0	芝2000		良	**	2:02.9	1.0	**	1-1-1-2	36.8-35.5	36.5	456(+6)			アクアヴァーナル	55.0	202309040103
2021104622	2024-04-20	3京都1	晴	2.0	3歳未勝利		16	2.0	4	13.2	5.0	2	田口貫太	56.0	ダ1800		良	**	1:54.8	0.3	**	3-3-4-3	37.6-37.9	37.9	484(+28)			タマモキャリコ	220.0	202408030102
2021104622	2024-05-05	3京都6	晴	3.0	3歳未勝利		12	3.0	3	1.6	1.0	2	田口貫太	56.0	ダ1800		良	**	1:54.9	0.1	**	1-1-1-1	37.3-38.5	38.6	482(-2)			ツリーフロッグ	220.0	202408030603
2021104622	2024-05-19	3京都10	小雨	2.0	3歳未勝利		15	3.0	4	2.2	1.0	2	田口貫太	56.0	ダ1900		良	**	2:01.0	0.1	**	4-4-4-3	29.8-39.0	38.8	480(-2)			アーマルコライト	220.0	202408031002
2021104622	2024-06-01	4京都1	晴	2.0	3歳未勝利		16	2.0	4	1.7	1.0	6	武豊	57.0	ダ1800		稍	**	1:54.6	1.0	**	8-8-4-5	37.0-37.7	38.2	480(0)			ソーニーイシュー		202408040102
2021104622	2024-06-23	1函館6	曇	6.0	3歳未勝利		11	6.0	6	2.4	1.0	2	角田大河	56.0	ダ1700		良	**	1:46.7	0.1	**	3-3-3-2	29.7-40.0	39.9	476(-4)			ヒデシンイメル	220.0	202402010606
2021104622	2024-07-06	1函館9	曇	4.0	3歳未勝利		11	6.0	6	1.9	1.0	1	角田大河	56.0	ダ1700		稍	**	1:45.9	-1.1	**	2-2-2-2	30.1-37.8	37.7	480(+4)			(イッツナッシング)	550.0	202402010904
2021104622	2024-10-27	5京都8	曇	7.0	3歳以上1勝クラス		11	4.0	4	5.6	4.0	10	Ｍ．デム	56.0	ダ1900		良	**	2:05.0	4.2	**	3-3-9-11	30.6-39.1	42.0	482(+2)			マサハヤウォルズ		202408050807
2021104622	2024-11-09	6京都3	晴	6.0	3歳以上1勝クラス		15	6.0	11	26.9	9.0	12	田口貫太	55.0	ダ1800		良	**	1:54.4	2.8	**	6-8-9-10	35.9-37.8	39.2	482(0)			ルシュヴァルドール		202408060306
2021104622	2025-03-23	2中京4	晴	7.0	4歳以上1勝クラス		16	6.0	12	15.3	6.0	1	幸英明	58.0	ダ1800		良	**	1:54.9	0.0	**	11-11-7-7	38.6-37.4	37.0	484(+2)			(シャハザマーン)	800.0	202507020407
2021104622	2025-12-07	5阪神2	晴	9.0	豊中特別(2勝クラス)		13	6.0	8	20.3	8.0	9	田口貫太	58.0	ダ1800		良	**	1:53.3	1.2	**	10-10-11-11	35.8-39.0	38.3	488(+4)			タマモキャリコ		202509050209
2021104622	2025-12-13	5阪神3	晴	10.0	赤穂特別(2勝クラス)		14	4.0	5	99.2	11.0	12	酒井学	58.0	ダ2000		良	**	2:06.9	1.9	**	8-7-7-7	35.5-37.1	38.4	484(-4)			ポルポラジール		202509050310
2021104889	2023-07-22	1札幌1	晴	5.0	2歳新馬		10	7.0	7	6.2	4.0	3	横山武史	55.0	ダ1700		良	**	1:49.6	1.0	**	1-1-1-1	31.0-39.0	40.0	504(0)			アセレラシオン	180.0	202301010105
2021104889	2023-08-19	2札幌3	晴	2.0	2歳未勝利		14	5.0	8	6.0	3.0	10	横山武史	55.0	ダ1700		良	**	1:50.7	2.4	**	12-11-13-13	30.4-38.8	39.8	502(-2)			フォーディアライフ		202301020302
2021104889	2023-10-21	4新潟3	雨	2.0	2歳未勝利		15	7.0	13	15.5	6.0	10	吉田隼人	56.0	ダ1800		重	**	1:58.0	2.5	**	4-4-5-5	37.5-39.3	41.3	502(0)			ブレードサクセス		202304040302
2021104889	2023-11-04	5東京1	晴	1.0	2歳未勝利		12	7.0	10	50.8	7.0	7	内田博幸	56.0	ダ1600		良	**	1:41.2	3.9	**	2-3	35.4-37.2	40.8	510(+8)			ソニックライン		202305050101
2021104889	2024-02-25	2中山2	小雨	1.0	3歳未勝利		16	6.0	12	103.0	11.0	5	内田博幸	57.0	ダ1800		稍	**	1:56.8	1.3	**	4-3-3-4	37.3-39.6	40.7	508(-2)			ドバイブルース	55.0	202406020201
2021104889	2024-03-17	2中山8	晴	3.0	3歳未勝利		15	7.0	13	31.2	4.0	3	内田博幸	57.0	ダ1800		良	**	1:56.9	1.9	**	4-4-5-4	36.8-39.0	40.0	508(0)			アスクハッピーモア	140.0	202406020803
2021104889	2024-05-04	2東京5	晴	5.0	3歳未勝利		12	5.0	6	26.7	5.0	5	内田博幸	57.0	ダ1600		稍	**	1:38.6	1.7	**	8-10	35.4-36.9	37.4	502(-6)			ダンツティアラ	55.0	202405020505
2021104889	2024-05-18	1新潟7	晴	6.0	3歳未勝利		15	6.0	11	11.0	6.0	6	横山琉人	56.0	ダ1800		良	**	1:55.4	2.1	**	5-5-11-12	36.9-37.7	38.6	500(-2)			メイショウフウドウ		202404010706
2021104889	2024-06-22	3東京7	晴	2.0	3歳未勝利		16	6.0	12	7.5	3.0	1	木幡巧也	57.0	ダ2100		重	**	2:11.1	-0.5	**	2-2-2-2	31.1-37.3	37.2	498(-2)			(ベレッタ)	550.0	202405030702
2021104889	2024-10-05	4東京1	小雨	6.0	3歳以上1勝クラス		9	3.0	3	8.9	5.0	6	木幡巧也	56.0	ダ2100		重	**	2:09.3	0.5	**	1-1-1-1	31.1-36.9	37.4	506(+8)			グロバーテソーロ		202405040106
2021104889	2024-11-17	5東京6	晴	6.0	3歳以上1勝クラス		16	3.0	5	7.6	4.0	8	木幡巧也	56.0	ダ2100		良	**	2:13.1	2.2	**	2-2-2-3	30.1-37.7	39.5	500(-6)			マウンテンエース		202405050606
2021104889	2025-02-02	1東京2	雨	2.0	4歳以上1勝クラス		14	4.0	5	21.4	9.0	12	木幡巧也	57.0	ダ2100		稍	**	2:15.7	3.4	**	14-14-13-13	30.7-38.8	39.0	502(+2)			バナマンテソーロ		202505010202
2021104889	2025-02-15	1東京5	晴	4.0	4歳以上1勝クラス		16	7.0	14	28.8	9.0	6	内田博幸	57.0	ダ2100		良	**	2:14.5	0.7	**	2-3-2-2	31.7-37.0	37.5	504(+2)			クロックフォード		202505010504
2021104889	2025-04-12	3中山5	晴	8.0	4歳以上1勝クラス		14	6.0	10	6.2	3.0	1	木幡巧也	58.0	ダ2400		良	**	2:37.7	-0.8	**	2-2-2-2	38.8-39.7	39.7	496(-8)			(ロードインフェルノ)	800.0	202506030508
2021104889	2025-05-11	2東京6	晴	9.0	日吉特別(2勝クラス)		16	8.0	16	43.9	12.0	15	木幡巧也	58.0	ダ2100		稍	**	2:11.8	2.6	**	4-3-3-3	30.7-36.5	38.9	490(-6)			カズタンジャー		202505020609
2021104889	2025-07-26	2新潟1	晴	6.0	麒麟山特別(2勝クラス)		15	2.0	3	108.2	12.0	5	内田博幸	58.0	ダ1800		良	**	1:53.5	1.1	**	7-8-10-9	37.8-37.2	37.4	486(-4)			クラウンシエンタ	155.0	202504020106
2021104889	2025-09-13	4中山3	曇	9.0	松戸特別(2勝クラス)		11	5.0	5	13.8	5.0	2	内田博幸	56.0	ダ2400		不	**	2:36.6	0.5	**	2-2-2-2	40.5-36.3	36.7	490(+4)			ベルベルコンパス	626.6	202506040309
2021104889	2025-10-11	4東京3	雨	10.0	東村山特別(2勝クラス)		16	1.0	2	54.4	11.0	6	内田博幸	58.0	ダ2100		稍	**	2:12.8	2.0	**	10-12-11-12	31.4-37.2	38.2	498(+8)			シャンパンポップ		202505040310
2021104889	2025-12-20	5中山5	曇	10.0	香取特別(2勝クラス)		16	2.0	3	13.8	5.0	12	内田博幸	58.0	ダ2400		良	**	2:36.9	2.5	**	6-6-10-11	37.9-38.9	40.5	504(+6)			プレシャスデイ		202506050510
2021104945	2023-06-17	3東京5	晴	6.0	2歳新馬		16	3.0	5	13.8	4.0	3	津村明秀	55.0	ダ1400		良	**	1:25.9	0.4	**	2-2	36.1-37.0	37.4	448(0)			アマンテビアンコ	180.0	202305030506
2021104945	2023-10-07	2京都1	晴	1.0	2歳未勝利		13	8.0	13	2.0	1.0	5	田口貫太	53.0	ダ1400		良	**	1:26.7	0.6	**	6-7	34.8-39.0	38.8	454(+6)			モズナイスバディー	55.0	202308020101
2021104945	2023-10-29	4東京9	曇	1.0	2歳未勝利		13	4.0	4	2.3	1.0	1	松山弘平	56.0	ダ1400		良	**	1:26.9	-0.2	**	2-2	36.4-37.3	37.2	450(-4)			(エースアビリティ)	550.0	202305040901
2021104945	2024-02-17	1東京7	曇	2.0	3歳1勝クラス		16	5.0	10	10.9	4.0	7	キング	57.0	ダ1400		良	**	1:26.8	1.3	**	14-14	35.7-37.6	37.2	448(-2)			ジョージテソーロ		202405010702
2021104945	2024-03-10	1阪神6	晴	6.0	3歳1勝クラス		14	4.0	6	70.7	9.0	14	橋木太希	54.0	ダ1400		良	**	1:28.8	4.0	**	10-13	35.2-37.4	39.9	448(0)			ロードフォアエース		202409010606
2021104945	2024-05-12	2東京8	曇	7.0	3歳1勝クラス		16	8.0	16	66.7	12.0	10	田辺裕信	57.0	ダ1400		良	**	1:25.7	1.7	**	8-8	35.4-36.3	37.2	450(+2)			ベルウェザー		202405020807
2021104945	2024-05-26	3京都12	晴	6.0	3歳1勝クラス		12	8.0	11	36.5	9.0	4	幸英明	57.0	ダ1400		良	**	1:25.3	0.2	**	4-4	35.2-37.3	37.1	446(-4)			メイショウヨシノ	120.0	202408031206
2021104945	2024-06-22	4京都7	曇	8.0	3歳以上1勝クラス		16	6.0	11	50.5	9.0	10	田口貫太	54.0	ダ1400		稍	**	1:25.7	2.3	**	11-9	34.6-36.5	37.6	452(+6)			クリノキングマン		202408040708
2021104945	2024-09-28	3中京8	曇	12.0	3歳以上1勝クラス		11	4.0	4	11.0	3.0	3	鮫島克駿	56.0	ダ1400		良	**	1:24.3	0.2	**	2-2	34.9-37.2	37.4	450(-2)			シンエン	200.0	202407030812
2021104945	2024-10-12	5京都3	晴	7.0	3歳以上1勝クラス		16	1.0	1	22.1	7.0	4	鮫島克駿	56.0	ダ1400		良	**	1:24.8	0.9	**	6-7	34.5-37.3	37.4	446(-4)			タガノミスト	120.0	202408050307
2021104945	2025-02-15	1京都5	晴	7.0	4歳以上1勝クラス		16	7.0	13	7.4	4.0	4	松山弘平	58.0	ダ1400		良	**	1:25.7	0.3	**	3-3	34.8-38.5	38.5	450(+4)			キングツェッペリン	120.0	202508010507
2021104945	2025-03-01	1阪神1	晴	7.0	4歳以上1勝クラス		16	5.0	10	5.3	3.0	9	松山弘平	58.0	ダ1400		良	**	1:26.6	1.2	**	6-6	35.0-38.0	38.5	450(0)			タイセイレスポンス		202509010107
2021104945	2025-06-07	3阪神1	曇	12.0	3歳以上1勝クラス		16	7.0	13	40.5	9.0	2	鮫島克駿	58.0	ダ1400		良	**	1:24.4	0.0	**	2-2	34.5-37.6	37.4	450(0)			アンズアメ	320.0	202509030112
2021104945	2025-06-22	3阪神6	晴	8.0	3歳以上1勝クラス		16	1.0	1	20.2	8.0	4	幸英明	58.0	ダ1400		良	**	1:25.0	0.9	**	11-11	33.8-38.2	37.9	450(0)			ホウショウマリス	120.0	202509030608
2021104945	2025-09-15	4阪神5	晴	12.0	3歳以上1勝クラス		15	5.0	8	5.0	2.0	4	鮫島克駿	58.0	ダ1400		良	**	1:25.1	0.4	**	2-2	35.4-37.0	37.2	452(+2)			タマモティーカップ	120.0	202509040512
2021104945	2025-10-04	3京都1	曇	6.0	3歳以上1勝クラス		16	8.0	16	9.5	6.0	5	鮫島克駿	58.0	ダ1400		不	**	1:23.2	0.7	**	4-4	33.6-37.3	37.6	450(-2)			サンダーロード	80.0	202508030106
2021104945	2025-10-26	4新潟4	雨	12.0	3歳以上1勝クラス		12	3.0	3	4.4	2.0	5	鮫島克駿	58.0	ダ1200		重	**	1:11.5	0.7	**	10-9	33.8-37.0	36.6	454(+4)			オトメナシャチョウ	80.0	202504040412
2021104945	2025-11-23	4京都6	晴	6.0	3歳以上1勝クラス		16	3.0	5	35.7	10.0	6	鮫島克駿	58.0	ダ1400		良	**	1:24.7	0.6	**	4-5	34.9-37.1	37.4	456(+2)			ポッドドンナー		202508040606
2021104945	2026-01-12	1京都5	晴	7.0	4歳以上1勝クラス		16	4.0	8	29.0	6.0	5	和田陽希	55.0	ダ1400		良	**	1:25.4	0.3	**	1-1	36.2-36.8	37.1	458(+2)			メイケイレイン	82.0	202608010507
2021105085	2023-10-21	4東京6	晴	6.0	2歳新馬		12	7.0	10	5.9	3.0	3	横山武史	55.0	芝1400		良	**	1:23.0	0.3	**	5-5	36.5-34.0	33.7	426(0)			アトリウムチャペル	180.0	202305040606
2021105085	2023-12-02	5中山1	晴	3.0	2歳未勝利		15	1.0	1	11.3	4.0	2	戸崎圭太	55.0	芝1600		良	**	1:33.7	0.2	**	7-7-5	35.1-34.7	34.4	424(-2)			エリカエスティーム	220.0	202306050103
2021105085	2023-12-28	5中山9	曇	3.0	2歳未勝利		16	1.0	2	3.4	3.0	1	横山武史	55.0	芝1600		良	**	1:35.6	-0.1	**	2-4-4	34.8-36.2	35.8	428(+4)			(ソルレース)	550.0	202306050903
2021105085	2024-06-01	3東京1	晴	7.0	3歳以上1勝クラス		18	8.0	17	20.5	6.0	5	菅原明良	53.0	芝1400		良	**	1:20.7	0.4	**	12-11	34.2-34.2	33.7	436(+8)			サクセスカラー	80.0	202405030107
2021105085	2024-08-10	3新潟1	晴	12.0	3歳以上1勝クラス		18	8.0	16	9.1	6.0	14	富田暁	53.0	芝1400		良	**	1:22.1	0.9	**	14-13	34.2-34.8	34.6	440(+4)			ララマセラシオン		202404030112
2021105085	2024-09-14	4中山3	晴	12.0	3歳以上1勝クラス		15	8.0	14	15.8	6.0	5	菅原明良	53.0	芝1800		良	**	1:47.8	0.6	**	7-7-6-5	36.3-34.1	34.2	440(0)			ガールズレジェンド	80.0	202406040312
2021105085	2024-10-14	4東京4	晴	8.0	3歳以上1勝クラス		17	5.0	9	19.1	6.0	6	横山武史	54.0	芝1600		良	**	1:33.3	0.6	**	7-7	34.3-35.2	34.7	446(+6)			コンテネレッツア		202405040408
2021105085	2025-01-13	1中山5	晴	12.0	4歳以上1勝クラス		16	7.0	13	38.4	11.0	9	佐々木大	55.0	芝1600		良	**	1:34.8	0.9	**	5-8-6	35.2-35.3	35.6	442(-4)			ボーモンド		202506010512
2021105085	2025-04-12	1福島1	曇	7.0	4歳以上1勝クラス		14	8.0	14	24.5	7.0	4	松若風馬	56.0	ダ1700		良	**	1:47.8	0.8	**	12-12-5-5	30.2-39.2	39.5	442(0)			ファイントパーズ	120.0	202503010107
2021105085	2025-05-04	1新潟2	晴	6.0	4歳以上1勝クラス		12	6.0	8	5.8	3.0	2	小林美駒	52.0	ダ1800		稍	**	1:54.0	0.3	**	1-1-1-1	36.5-39.3	39.6	440(-2)			ウインアルドーレ	320.0	202504010206
2021105085	2025-05-24	1新潟7	曇	8.0	4歳以上1勝クラス		15	5.0	9	5.2	3.0	1	小林美駒	52.0	ダ1800		良	**	1:53.3	-0.1	**	3-2-1-1	36.0-39.0	39.0	444(+4)			(カレンワッツアップ)	800.0	202504010708
2021105085	2025-09-21	4中山7	曇	12.0	3歳以上2勝クラス		16	2.0	4	43.7	11.0	8	小林美駒	53.0	ダ1800		良	**	1:54.3	0.8	**	9-8-9-7	36.9-39.0	39.2	442(-2)			サンセットブライト		202506040712
2021105085	2025-10-13	3京都5	曇	9.0	蹴上特別(2勝クラス)		12	5.0	6	37.2	6.0	5	菅原明良	56.0	ダ1800		良	**	1:52.3	0.4	**	5-5-4-3	35.6-38.4	38.5	444(+2)			ハナウマビーチ	155.0	202508030509
2021105092	2024-06-30	3小倉2	小雨	2.0	3歳未勝利		18	4.0	8	7.2	4.0	4	松若風馬	57.0	芝1200		稍	**	1:09.9	0.2	**	15-15	32.8-36.9	34.9	504(0)			エルプロフェッサー	83.0	202410030202
2021105092	2024-07-21	3小倉8	晴	2.0	3歳未勝利		18	3.0	6	5.8	3.0	1	松若風馬	57.0	芝1200		良	**	1:08.7	-0.6	**	1-1	33.7-35.0	35.0	500(-4)			(ディーエストッキー)	550.0	202410030802
2021105092	2024-10-12	4新潟3	晴	9.0	朝日岳特別(1勝クラス)		18	7.0	14	3.6	2.0	6	丸山元気	57.0	芝1200		良	**	1:09.3	0.8	**	3-4	34.1-34.4	34.8	506(+6)			ゴールドスター		202404040309
2021105092	2024-11-03	3福島2	晴	8.0	3歳以上1勝クラス		16	5.0	10	5.8	3.0	3	国分恭介	57.0	芝1200		稍	**	1:11.1	0.3	**	4-3	34.5-36.3	36.3	502(-4)			ディージェーサン	200.0	202403030208
2021105092	2024-11-16	3福島5	晴	8.0	3歳以上1勝クラス		15	6.0	11	5.6	3.0	2	丸山元気	57.0	芝1200		良	**	1:09.9	0.3	**	3-2	34.6-35.0	35.0	502(0)			ファイツオン	320.0	202403030508
2021105092	2024-12-14	4中京5	晴	12.0	3歳以上1勝クラス		18	7.0	13	13.8	7.0	6	国分恭介	57.0	芝1400		良	**	1:21.9	0.7	**	2-2	33.8-35.5	36.2	502(0)			スカイハイ		202407040512
2021105092	2025-04-20	1福島4	曇	9.0	医王寺特別(1勝クラス)		15	1.0	1	2.8	1.0	2	三浦皇成	58.0	芝1200		良	**	1:08.4	0.1	**	2-2	33.4-34.9	34.6	496(-6)			ロードマイライフ	451.8	202503010409
2021105092	2025-05-11	1新潟4	晴	12.0	4歳以上1勝クラス		16	5.0	9	3.1	1.0	1	丸山元気	58.0	芝1200		稍	**	1:10.3	-0.3	**	2-2	35.0-35.3	35.1	502(+6)			(ブルーアイドガール)	800.0	202504010412
2021105092	2025-06-15	3阪神4	晴	9.0	武庫川特別(2勝クラス)		15	5.0	8	10.6	4.0	2	幸英明	58.0	芝1200		稍	**	1:10.0	0.5	**	9-7	33.5-36.0	35.4	496(-6)			レイピア	629.2	202509030409
2021105092	2025-07-05	2小倉3	晴	12.0	フィリピンT(2勝クラス)		10	7.0	7	3.4	1.0	8	幸英明	58.0	芝1200		良	**	1:09.1	0.6	**	3-4	33.5-35.0	35.4	494(-2)			メイショウピース		202510020312
2021105092	2025-10-05	3京都2	曇	12.0	3歳以上2勝クラス		16	3.0	5	8.0	4.0	10	鮫島克駿	58.0	芝1200		稍	**	1:08.7	0.8	**	4-3	33.3-34.6	35.0	500(+6)			ブラックケリー		202508030212
2021105092	2025-11-29	4京都7	晴	12.0	3歳以上2勝クラス		16	4.0	8	9.5	5.0	8	松山弘平	58.0	芝1200		良	**	1:09.0	0.6	**	2-3	33.6-34.8	35.1	506(+6)			ジュンヴァンケット		202508040712
2021105092	2026-01-10	1京都3	晴	10.0	鹿ケ谷特別(2勝クラス)		18	4.0	8	12.2	6.0	8	菱田裕二	55.0	芝1200		良	**	1:08.4	1.0	**	8-8	33.7-33.7	33.9	508(+2)			ジャスパーディビネ		202608010310
2021105098	2023-07-15	3中京5	晴	6.0	2歳新馬		9	1.0	1	3.0	2.0	3	松山弘平	55.0	芝1200		良	**	1:09.2	0.5	**	8-6	34.2-34.5	33.7	444(0)			キャンシーエンゼル	180.0	202307030506
2021105098	2023-09-17	4阪神4	晴	3.0	2歳未勝利		13	5.0	7	2.8	1.0	2	松山弘平	55.0	芝1400		良	**	1:21.3	0.1	**	4-3	33.3-35.8	35.6	448(+4)			イツモニコニコ	220.0	202309040403
2021105098	2023-10-09	2京都3	曇	1.0	2歳未勝利		12	7.0	9	2.9	1.0	5	松山弘平	56.0	芝1400		重	**	1:22.9	0.3	**	3-5	34.3-36.7	36.6	458(+10)			マイネルティグレ	55.0	202308020301
2021105098	2023-12-17	5阪神6	晴	3.0	2歳未勝利		15	7.0	13	4.8	3.0	5	松山弘平	56.0	芝1400		稍	**	1:22.7	0.4	**	4-3	34.3-36.2	36.4	456(-2)			アレンジャー	55.0	202309050603
2021105098	2024-01-14	1小倉2	晴	2.0	3歳未勝利		18	1.0	2	3.9	2.0	4	鮫島克駿	57.0	芝1200		良	**	1:08.7	0.5	**	7-7	33.4-34.8	34.7	456(0)			ナムラアトム	83.0	202410010202
2021105098	2024-03-03	2小倉8	曇	1.0	3歳未勝利		18	3.0	5	3.6	2.0	2	鮫島克駿	57.0	芝1200		稍	**	1:10.2	0.2	**	2-1	34.4-35.6	35.6	452(-4)			ラブカムーン	220.0	202410020801
2021105098	2024-03-23	1中京5	雨	2.0	3歳未勝利		18	8.0	17	5.8	3.0	5	永島まな	54.0	芝1400		重	**	1:24.3	0.7	**	7-7	36.1-35.2	35.4	454(+2)			ストレイトアスク	55.0	202407010502
2021105098	2024-06-30	3小倉2	小雨	2.0	3歳未勝利		18	1.0	2	3.2	1.0	3	松山弘平	57.0	芝1200		稍	**	1:09.9	0.2	**	6-4	32.8-36.9	36.4	444(-10)			エルプロフェッサー	140.0	202410030202
2021105098	2024-07-21	3小倉8	晴	2.0	3歳未勝利		18	2.0	3	6.7	4.0	2	松山弘平	57.0	芝1200		良	**	1:09.3	0.6	**	9-7	33.7-35.0	34.9	448(+4)			ソングオブライフ	220.0	202410030802
2021105098	2024-08-10	2中京1	晴	7.0	3歳未勝利		18	5.0	10	4.6	3.0	2	松山弘平	57.0	芝1200		良	**	1:08.4	0.2	**	7-6	34.0-34.2	33.8	448(0)			アイルドリアン	220.0	202407020107
2021105098	2024-08-31	2中京7	小雨	4.0	3歳未勝利		18	3.0	5	5.0	3.0	5	松山弘平	57.0	芝1400		重	**	1:23.7	0.7	**	7-7	34.3-36.9	37.0	452(+4)			レッドエヴァンス	55.0	202407020704
2021105098	2024-10-29	園田	雨	12.0	パール賞C2		12	6.0	7	1.9	1.0	1	鴨宮祥行	56.0	ダ1230		重	**	1:21.0	-0.5	**	5-5-4-5		40.0	476(+24)			(アーニャワクワク)	80.0	202450102912
2021105098	2024-11-14	園田	晴	10.0	C1二		9	1.0	1	1.3	1.0	1	鴨宮祥行	56.0	ダ1230		良	**	1:19.4	-0.6	**	1-1-1-1		39.0	476(0)			(タガノロビンソン)	110.0	202450111410
2021105098	2024-12-11	園田	曇	12.0	C1		12	7.0	10	1.1	1.0	1	鴨宮祥行	57.0	ダ1230		良	**	1:19.9	-0.8	**	4-4-5-4		39.2	480(+4)			(グランドジュビリー)	110.0	202450121112
2021105098	2025-03-08	1阪神3	曇	8.0	4歳以上1勝クラス		16	7.0	14	3.0	1.0	6	松山弘平	58.0	ダ1200		良	**	1:13.6	0.8	**	7-7	35.4-37.4	37.4	470(-10)			プロテア		202509010308
2021105098	2025-05-03	2京都3	晴	8.0	4歳以上1勝クラス		14	8.0	14	5.3	3.0	9	菱田裕二	58.0	ダ1200		重	**	1:12.3	0.7	**	7-7	35.0-36.6	36.2	470(0)			プリンスノット		202508020308
2021105098	2025-06-28	2小倉1	晴	12.0	3歳以上1勝クラス		14	5.0	8	15.9	6.0	2	幸英明	58.0	芝1200		良	**	1:08.5	0.5	**	8-7	33.3-34.7	34.5	460(-10)			インブロリオ	320.0	202510020112
2021105098	2025-07-12	2小倉5	晴	12.0	3歳以上1勝クラス		17	4.0	7	4.7	2.0	7	幸英明	58.0	芝1200		良	**	1:08.9	0.4	**	12-9	33.0-35.5	35.0	462(+2)			シュブロンレーヴル		202510020512
2021105098	2025-09-07	4阪神2	晴	9.0	3歳以上1勝クラス		13	6.0	8	12.5	6.0	5	菱田裕二	58.0	芝1200		良	**	1:09.1	0.7	**	10-10	33.7-34.7	34.6	458(-4)			ブラックケリー	80.0	202509040209
2021105098	2025-10-04	3京都1	曇	7.0	3歳以上1勝クラス		18	4.0	7	49.6	13.0	15	菱田裕二	58.0	芝1200		重	**	1:09.0	1.0	**	15-16	32.7-35.3	34.0	468(+10)			ジャスパーディビネ		202508030107
2021105098	2025-12-07	5中京2	晴	8.0	3歳以上1勝クラス		18	7.0	13	157.6	14.0	10	中井裕二	58.0	芝1400		良	**	1:20.9	0.5	**	13-14	34.6-34.4	33.8	470(+2)			レーヴジーニアル		202507050208
2021105123	2024-01-07	1中山2	曇	6.0	3歳新馬		17	3.0	5	53.6	9.0	17	西村淳也	55.0	芝2000		良	**	2:07.1	5.0	**	17-17-17-17	36.4-35.9	38.3	420(0)			スティンガーグラス		202406010206
2021105123	2024-03-16	2中山7	晴	2.0	3歳未勝利		16	4.0	8	177.7	14.0	3	原優介	54.0	ダ1800		稍	**	1:58.1	2.0	**	13-13-13-13	36.9-40.7	40.5	430(+10)			ミツカネジェミニ	140.0	202406020702
2021105123	2024-04-14	3中山8	晴	1.0	3歳未勝利		16	1.0	2	46.1	10.0	1	原優介	54.0	ダ1800		良	**	1:55.9	-0.1	**	13-13-10-10	37.0-40.2	38.8	432(+2)			(メイショウコオロギ)	550.0	202406030801
2021105123	2024-08-24	3新潟5	晴	8.0	3歳以上1勝クラス		15	7.0	13	16.0	8.0	3	原優介	52.0	ダ1800		良	**	1:54.6	0.2	**	12-12-10-9	36.1-39.7	38.6	440(+8)			エスシーヤマト	200.0	202404030508
2021105123	2024-09-29	4中山9	曇	4.0	3歳以上1勝クラス		16	2.0	3	15.8	5.0	10	原優介	52.0	ダ1800		良	**	1:56.2	1.8	**	15-15-16-14	38.3-38.3	38.5	444(+4)			コスモオピニオン		202406040904
2021105123	2024-12-01	5中山2	晴	7.0	3歳以上1勝クラス		12	4.0	4	20.7	8.0	7	原優介	53.0	ダ1800		良	**	1:54.7	1.6	**	11-11-11-10	37.1-37.7	38.0	434(-10)			サツキノジョウ		202406050207
2021105123	2025-01-05	1中山1	晴	7.0	4歳以上1勝クラス		16	7.0	14	25.9	8.0	8	木幡巧也	55.0	ダ1800		良	**	1:55.7	0.7	**	14-14-12-14	38.4-38.7	38.1	436(+2)			アンブロジアーナ		202506010107
2021105123	2025-03-16	2中京2	曇	6.0	4歳以上1勝クラス		10	4.0	4	20.9	5.0	7	岩田望来	56.0	ダ1800		重	**	1:54.7	2.0	**	9-10-10-10	38.1-36.9	36.1	434(-2)			メイショウタムシバ		202507020206
2021105123	2025-03-30	2中京6	晴	7.0	4歳以上1勝クラス		9	4.0	4	51.4	6.0	8	佐々木大	56.0	ダ1800		稍	**	1:56.7	2.5	**	5-5-7-8	37.9-39.1	40.2	432(-2)			フローラルセント		202507020607
2021105123	2025-05-17	1新潟5	曇	7.0	4歳以上1勝クラス		10	5.0	5	36.0	8.0	4	長浜鴻緒	54.0	ダ1800		稍	**	1:54.6	0.5	**	10-10-10-10	38.3-37.7	36.7	426(-6)			ベルイストワール	120.0	202504010507
2021105123	2025-06-07	3東京1	晴	8.0	3歳以上1勝クラス		16	1.0	1	80.9	10.0	10	長浜鴻緒	54.0	ダ1600		良	**	1:37.9	1.0	**	16-16	34.9-36.9	35.5	432(+6)			バランスダンサー		202505030108
2021105123	2025-08-09	2新潟5	晴	9.0	3歳以上1勝クラス		14	4.0	5	15.5	7.0	4	原優介	56.0	ダ1800		良	**	1:53.9	0.8	**	13-13-12-12	36.7-38.6	38.0	436(+4)			コンアフェット	120.0	202504020509
2021105123	2025-08-24	3新潟2	晴	8.0	3歳以上1勝クラス		10	2.0	2	12.8	7.0	6	原優介	56.0	ダ1800		良	**	1:54.1	1.6	**	9-9-9-9	36.1-38.2	38.3	436(0)			ロフティストーリー		202504030208
2021105123	2025-09-15	4中山5	曇	7.0	3歳以上1勝クラス		16	6.0	12	41.7	9.0	6	原優介	56.0	ダ1800		良	**	1:55.3	1.0	**	15-15-15-15	36.9-40.2	39.2	440(+4)			ゲンパチルーナ		202506040507
2021105123	2025-10-11	4東京3	雨	8.0	3歳以上1勝クラス		16	1.0	2	53.8	9.0	8	長浜鴻緒	54.0	ダ1600		稍	**	1:39.0	1.3	**	16-16	34.6-38.1	36.9	448(+8)			パイシャオピン		202505040308
2021105123	2025-11-23	5東京5	曇	6.0	3歳以上1勝クラス		16	2.0	4	127.8	10.0	11	長浜鴻緒	54.0	ダ1600		良	**	1:39.1	1.4	**	15-15	36.1-36.7	36.1	448(0)			カーラデマドレ		202505050506
2021105244	2024-03-30	3中山3	晴	5.0	3歳未勝利		18	7.0	14	55.9	8.0	5	岩田望来	57.0	芝2000		重	**	2:02.2	1.2	**	6-6-6-8	36.4-35.6	36.3	440(0)			アンゴラブラック	55.0	202406030305
2021105244	2024-04-27	2東京3	曇	5.0	3歳未勝利		15	1.0	1	4.1	2.0	5	横山武史	57.0	芝1800		良	**	1:49.0	0.6	**	7-7-6	36.8-34.6	34.4	434(-6)			ルトゥール	55.0	202405020305
2021105244	2024-07-13	1函館11	晴	6.0	3歳未勝利		14	1.0	1	8.7	4.0	5	横山武史	57.0	ダ1700		良	**	1:47.4	2.8	**	14-14-12-12	29.1-37.5	38.0	442(+8)			サンライズシア	55.0	202402011106
2021105244	2024-08-11	2札幌2	晴	2.0	3歳未勝利		12	1.0	1	13.0	7.0	7	横山武史	57.0	ダ2400		良	**	2:40.5	2.5	**	7-10-9-8	37.6-39.7	40.9	440(-2)			マルチライセンス		202401020202
2021105244	2024-09-12	門別	晴	4.0	3歳以上C4ー2		10	8.0	10	2.2	1.0	1	服部茂史	57.0	ダ1600		良	**	1:45.0	-0.5	**	2-2-2-1		40.2	434(-6)			(ライーナシェリー)	40.0	202430091204
2021105244	2024-10-10	門別	晴	8.0	3歳以上C3ー2C4		11	6.0	7	2.7	2.0	2	服部茂史	57.0	ダ1700		良	**	1:52.2	0.3	**	3-3-3-1		39.3	438(+4)			グローリアミノル	11.2	202430101008
2021105244	2024-10-24	門別	晴	7.0	3歳以上C3ー2C4		8	7.0	7	2.5	2.0	1	服部茂史	57.0	ダ1600		重	**	1:43.5	0.0	**	2-2-2-2		39.3	440(+2)			(サンドオブエテル)	40.0	202430102407
2021105244	2024-10-31	門別	晴	8.0	シュウカイドウ特別(C2)		12	8.0	11	3.5	2.0	1	服部茂史	57.0	ダ1800		良	**	1:58.0	-0.3	**	5-5-5-3		40.0	442(+2)			(サトノフォルテ)	55.0	202430103108
2021105244	2025-03-15	2中京1	曇	8.0	4歳以上1勝クラス		18	8.0	16	78.8	12.0	6	松若風馬	57.0	芝2200		良	**	2:15.4	0.3	**	2-2-2-2	36.3-35.2	35.3	438(-4)			ファミリータイム		202507020108
2021105244	2025-05-17	1新潟5	曇	9.0	尖閣湾特別(1勝クラス)		9	8.0	8	6.4	4.0	6	武豊	58.0	芝2000		稍	**	2:03.8	0.6	**	3-4	37.8-35.0	35.3	436(-2)			アンテロース		202504010509
2021105244	2025-06-22	1函館4	曇	7.0	3歳以上1勝クラス		13	4.0	4	36.0	10.0	2	横山和生	58.0	芝1800		重	**	1:47.7	0.0	**	9-9-9-9	34.9-36.2	35.4	436(0)			ドゥカート	320.0	202502010407
2021105244	2025-08-02	1札幌3	晴	7.0	3歳以上1勝クラス		10	4.0	4	8.7	5.0	9	横山武史	58.0	芝1800		良	**	1:48.3	1.7	**	9-9-10-10	36.1-34.9	34.5	436(0)			ハートメテオ		202501010307
2021105244	2025-11-08	3福島1	晴	6.0	3歳以上1勝クラス		16	1.0	1	11.9	4.0	2	石神深道	55.0	芝1800		良	**	1:46.3	0.3	**	10-11-9-10	34.9-35.6	35.1	438(+2)			バセリーナ	320.0	202503030106
2021105375	2023-11-11	5東京3	曇	5.0	2歳新馬		12	5.0	6	2.7	1.0	1	ルメール	56.0	芝1800		良	**	1:50.3	-0.2	**	7-9-9	37.7-34.4	33.5	476(0)			(ワイマング)	720.0	202305050305
2021105375	2024-01-14	1中山5	晴	11.0	京成杯(GIII)		14	2.0	2	4.8	3.0	7	ルメール	57.0	芝2000		良	**	2:01.0	0.5	**	9-8-5-6	35.6-34.8	34.5	486(+10)			ダノンデサイル		202406010511
2021105375	2024-02-17	1東京7	曇	9.0	フリージア賞(1勝クラス)		10	2.0	2	4.5	2.0	8	キング	57.0	芝2000		良	**	2:00.6	0.3	**	7-8-8	36.9-34.1	33.7	480(-6)			マーシャルポイント		202405010709
2021105375	2024-05-12	2東京8	曇	6.0	3歳1勝クラス		11	1.0	1	13.3	7.0	8	オシェア	57.0	芝1800		良	**	1:46.4	0.9	**	9-8-8	35.4-34.6	34.1	478(-2)			ショーマンフリート		202405020806
2021105375	2024-06-15	3東京5	晴	8.0	3歳以上1勝クラス		9	2.0	2	14.2	5.0	4	北村宏司	54.0	芝2400		良	**	2:25.5	0.9	**	3-3-2-2	36.8-34.0	34.6	478(0)			ピースワンデュック	120.0	202405030508
2021105375	2024-08-31	3新潟7	雨	9.0	瓢湖特別(1勝クラス)		14	3.0	3	4.5	2.0	8	北村宏司	55.0	芝2200		稍	**	2:16.5	0.9	**	6-6-7-10	36.5-35.9	36.3	484(+6)			ベンサレム		202404030709
2021105375	2024-12-07	5中山3	晴	7.0	3歳以上1勝クラス		16	7.0	13	11.9	5.0	4	荻野極	57.0	芝1800		良	**	1:48.0	0.3	**	14-13-14-12	36.5-34.8	33.9	484(0)			オルノア	120.0	202406050307
2021105375	2024-12-28	5中山9	晴	7.0	3歳以上1勝クラス		16	3.0	6	7.1	4.0	7	武豊	57.0	芝1800		良	**	1:48.6	0.7	**	12-12-12-12	36.0-35.7	35.2	486(+2)			パンジャ		202406050907
2021105375	2025-02-01	1東京1	曇	12.0	4歳以上1勝クラス		16	5.0	10	20.0	5.0	4	幸英明	57.0	芝1800		良	**	1:47.2	0.5	**	11-11-11	36.2-34.1	33.5	480(-6)			ショウナンラピダス	120.0	202505010112
2021105375	2025-02-23	1東京8	晴	6.0	4歳以上1勝クラス		15	2.0	3	10.4	5.0	8	幸英明	57.0	芝1800		良	**	1:47.6	0.8	**	12-12-12	36.1-34.6	34.2	482(+2)			アンゴラブラック		202505010806
2021105375	2025-04-13	1福島2	小雨	7.0	4歳以上1勝クラス		16	7.0	13	6.0	3.0	1	小沢大仁	58.0	芝2000		良	**	2:01.1	-0.6	**	12-11-11-7	35.3-36.2	35.2	484(+2)			(アスクメークシェア)	800.0	202503010207
2021105375	2025-05-18	1新潟6	曇	10.0	信濃川特別(2勝クラス)		10	8.0	10	8.8	6.0	10	小沢大仁	58.0	芝2000		良	**	2:02.8	1.4	**	10-10	36.9-34.8	35.1	484(0)			ドラゴンヘッド		202504010610
2021105375	2025-06-28	1函館5	晴	10.0	洞爺湖特別(2勝クラス)		16	5.0	9	36.1	10.0	8	吉田隼人	58.0	芝2000		良	**	2:00.2	0.8	**	10-10-10-11	35.8-35.2	35.1	484(0)			カネラフィーナ		202502010510
2021105375	2025-08-30	2札幌3	曇	11.0	札幌日刊スポーツ杯(2勝クラス)		14	4.0	6	42.0	7.0	12	斎藤新	58.0	芝2000		稍	**	2:05.9	2.4	**	3-4-5-6	37.3-36.7	38.7	486(+2)			ミラージュナイト		202501020311
2021105375	2025-10-04	4東京1	曇	9.0	八ヶ岳特別(2勝クラス)		12	8.0	11	77.8	9.0	5	吉田隼人	58.0	芝1800		良	**	1:45.9	0.5	**	8-9-9	35.6-34.9	33.1	480(-6)			サトノヴィレ	155.0	202505040109
2021105375	2025-10-26	4新潟4	雨	10.0	村上特別(2勝クラス)		16	3.0	5	25.0	8.0	7	吉田隼人	58.0	芝2000		稍	**	2:01.4	1.0	**	9-9	36.0-35.6	35.8	484(+4)			マイネルオーシャン		202504040410
2021105375	2025-12-21	5中京6	雨	10.0	名古屋日刊スポーツ杯(2勝クラス)		10	5.0	5	31.7	7.0	7	吉田隼人	58.0	芝2000		稍	**	2:03.3	0.4	**	8-5-6-6	37.5-35.7	35.4	484(0)			ディヴァインスター		202507050610
2021105384	2023-12-10	5阪神4	晴	4.0	2歳新馬		17	4.0	8	16.2	5.0	1	ムルザバ	55.0	芝1600		良	**	1:37.1	-0.2	**	13-12	37.7-34.1	33.4	452(0)			(ミスズサンダスノー)	720.0	202309050404
2021105384	2024-02-03	2京都3	曇	10.0	エルフィンS(L)		11	8.0	11	7.1	5.0	10	ルメート	55.0	芝1600		良	**	1:35.8	0.7	**	10-10	36.4-34.5	34.2	450(-2)			ライトバック		202408020310
2021105384	2024-04-27	3京都3	曇	9.0	矢車賞(1勝クラス)		12	4.0	4	4.6	1.0	1	西村淳也	55.0	芝2200		良	**	2:12.8	-0.3	**	8-8-8-6	35.5-35.6	34.9	446(-4)			(アクアヴァーナル)	1095.9	202408030309
2021105384	2024-06-15	4京都5	曇	9.0	稲荷特別(2勝クラス)		13	2.0	2	3.9	3.0	8	西村淳也	53.0	芝2000		良	**	1:58.8	0.4	**	5-5-3-3	36.1-34.1	34.3	452(+6)			マイネルメモリー		202408040509
2021105384	2024-08-25	2中京6	曇	10.0	長久手特別(2勝クラス)		7	6.0	6	5.0	3.0	1	西村淳也	53.0	芝2000		良	**	1:59.2	-0.1	**	4-4-4-4	36.5-34.3	33.8	456(+4)			(イトカワサクラ)	1564.7	202407020610
2021105384	2024-10-13	5京都4	晴	11.0	秋華賞(GI)		15	4.0	7	55.5	12.0	8	鮫島克駿	55.0	芝2000		良	**	1:57.9	0.8	**	13-12-13-14	34.5-36.7	34.5	460(+4)			チェルヴィニア		202408050411
2021105384	2024-11-10	5東京4	曇	10.0	ユートピアS(3勝クラス)		13	3.0	3	3.6	1.0	8	戸崎圭太	54.0	芝1800		良	**	1:46.9	0.4	**	6-7-7	36.1-34.2	33.6	460(0)			ウインエーデル		202405050410
2021105384	2025-02-02	1京都2	曇	10.0	八坂S(3勝クラス)		7	4.0	4	3.9	2.0	4	北村友一	55.0	芝2200		稍	**	2:16.1	0.3	**	3-3-3-3	37.2-34.5	34.5	464(+4)			リビアングラス	280.0	202508010210
2021105384	2025-04-12	2阪神5	曇	10.0	京橋S(3勝クラス)		16	5.0	9	11.9	6.0	6	西村淳也	54.0	芝2000		良	**	1:59.2	0.3	**	12-10-11-10	35.7-35.1	34.6	466(+2)			カネフラ		202509020510
2021105384	2025-07-12	1函館9	晴	11.0	五稜郭S(3勝クラス)		14	7.0	11	7.4	5.0	13	横山武史	56.0	芝1800		良	**	1:47.8	1.5	**	6-6-6-6	35.3-35.5	36.4	474(+8)			パレハ		202502010911
2021105384	2025-09-21	4阪神7	曇	10.0	ムーンライトH(3勝クラス)		9	7.0	7	14.9	5.0	4	亀田温心	53.0	芝2200		良	**	2:15.0	0.2	**	4-3-3-2	37.7-33.9	33.9	466(-8)			ファミリータイム	280.0	202509040710
2021105384	2025-10-19	4新潟2	曇	11.0	新潟牝馬S(L)		14	6.0	9	13.9	6.0	6	鮫島克駿	55.0	芝2200		良	**	2:13.2	0.5	**	9-8-8-7	35.8-35.0	34.7	466(0)			カネラフィーナ		202504040211
2021105412	2023-11-12	3京都4	曇	5.0	2歳新馬		8	4.0	4	7.4	4.0	4	池添謙一	56.0	芝2000		良	**	2:05.7	0.3	**	6-6-5-4	38.0-35.0	34.9	514(0)			アドミラルシップ	110.0	202308030405
2021105412	2024-01-08	1京都3	晴	6.0	3歳未勝利		18	3.0	6	5.7	4.0	1	松山弘平	57.0	芝2200		良	**	2:15.5	0.0	**	5-4-3-3	35.3-37.3	37.0	512(-2)			(オリエンタルナイト)	550.0	202408010306
2021105412	2024-02-24	1阪神1	晴	9.0	すみれS(L)		10	7.0	7	16.1	9.0	10	松山弘平	57.0	芝2200		良	**	2:13.6	1.6	**	3-4-4-3	34.5-35.0	36.1	508(-4)			サンライズアース		202409010109
2021105412	2024-04-06	2阪神5	晴	5.0	3歳1勝クラス		12	5.0	6	10.0	4.0	10	松山弘平	57.0	ダ1800		稍	**	1:54.9	3.1	**	7-7-8-9	37.2-36.4	38.9	506(-2)			ムルソー		202409020505
2021105412	2024-07-27	2新潟1	曇	8.0	3歳以上1勝クラス		15	2.0	2	68.9	11.0	9	小沢大仁	54.0	ダ1800		良	**	1:55.4	3.5	**	4-4-5-6	36.6-37.3	40.4	500(-6)			ダノンピレネー		202404020108
2021105412	2024-10-06	4新潟2	晴	9.0	萬代橋特別(1勝クラス)		16	1.0	2	7.2	4.0	1	斎藤新	55.0	芝2400		良	**	2:25.1	-0.1	**	10-9-12-11	34.9-36.7	35.7	504(+4)			(イゾレエオリア)	1146.4	202404040209
2021105412	2024-10-27	4東京8	曇	8.0	本栖湖特別(2勝クラス)		7	4.0	4	8.8	4.0	3	松山弘平	55.0	芝2400		良	**	2:28.1	0.4	**	5-7-7-7	37.7-33.9	33.5	500(-4)			ベンサレム	392.4	202405040808
2021105412	2025-02-01	1京都1	曇	10.0	許波多特別(2勝クラス)		10	5.0	5	4.3	3.0	1	松山弘平	56.0	芝2400		良	**	2:24.9	0.0	**	5-5-5-5	35.6-36.5	35.5	500(0)			(クルミナーレ)	1573.8	202508010110
2021105412	2025-03-23	1阪神8	晴	11.0	阪神大賞典(GII)		11	8.0	11	48.5	9.0	11	鮫島克駿	56.0	芝3000		良	**	3:07.3	4.0	**	9-9-8-11	37.7-35.1	38.1	496(-4)			サンライズアース		202509010811
2021105412	2025-06-15	3東京4	曇	10.0	江の島S(3勝クラス)		15	7.0	13	12.2	6.0	14	石川裕紀	58.0	芝2400		稍	**	2:34.9	7.8	**	7-7-8-14	36.9-37.1	43.3	508(+12)			カフェグランデ		202505030410
2021105412	2025-10-13	4東京5	曇	10.0	昇仙峡S(3勝クラス)		8	3.0	3	13.6	5.0	8	斎藤新	58.0	芝2400		良	**	2:27.3	0.6	**	3-4-6-7	37.9-34.5	34.3	498(-10)			シャイニングソード		202505040510
2021105412	2025-11-16	4京都4	晴	12.0	ドンカスターC(3勝クラス)		12	7.0	9	48.5	10.0	4	斎藤新	55.0	芝1800		良	**	1:46.1	0.5	**	2-2	36.1-33.9	34.2	498(0)			ガイアメンテ	280.0	202508040412
2021105412	2026-01-11	1京都4	曇	10.0	新春S(3勝クラス)		15	2.0	2	23.9	8.0	11	松山弘平	58.0	芝1600		良	**	1:33.8	1.0	**	8-7	34.6-34.8	34.4	506(+8)			ベラジオボンド		202608010410
2021105584	2024-03-17	1阪神8	雨	5.0	3歳未勝利		13	4.0	5	7.0	3.0	2	ムルザバ	57.0	芝1800		良	**	1:46.8	0.5	**	10-10	34.8-34.7	34.3	496(0)			カズミクラーシュ	220.0	202409010805
2021105584	2024-04-13	2阪神7	晴	4.0	3歳未勝利		18	3.0	6	1.8	1.0	2	坂井瑠星	57.0	芝1600		良	**	1:34.4	0.2	**	9-7	35.7-33.7	33.4	502(+6)			フォーチュンタイム	220.0	202409020704
2021105584	2024-04-27	3京都3	曇	4.0	3歳未勝利		17	2.0	3	1.9	1.0	8	坂井瑠星	57.0	芝1600		良	**	1:34.3	1.3	**	3-3	34.1-35.2	36.2	504(+2)			ニックオブタイム		202408030304
2021105584	2024-06-01	4京都1	晴	4.0	3歳未勝利		18	3.0	6	2.7	2.0	2	坂井瑠星	57.0	芝1600		良	**	1:32.7	0.1	**	2-1	33.9-35.5	35.6	502(-2)			スカイハイ	220.0	202408040104
2021105584	2024-06-15	4京都5	晴	4.0	3歳未勝利		18	1.0	1	1.8	1.0	1	坂井瑠星	57.0	芝1400		良	**	1:20.0	-0.1	**	6-7	34.2-34.3	33.6	504(+2)			(メイショウソニック)	550.0	202408040504
2021105584	2025-07-12	2福島5	曇	7.0	3歳以上1勝クラス		14	5.0	9	5.1	4.0	6	菅原明良	58.0	芝2000		良	**	2:04.1	1.1	**	9-9-8-10	36.0-36.7	37.2	506(+2)			リアンベーレ		202503020507
2021105584	2025-07-27	3中京2	晴	8.0	御在所特別(1勝クラス)		7	1.0	1	4.1	3.0	5	坂井瑠星	58.0	芝2000		良	**	1:59.8	0.6	**	7-7-7-7	35.9-34.9	34.2	502(-4)			メディテラニアン	111.0	202507030208
2021105584	2025-08-31	4中京4	晴	8.0	3歳以上1勝クラス		16	4.0	7	5.9	2.0	7	富田暁	58.0	芝1600		良	**	1:32.6	1.3	**	6-6-7	34.2-34.4	34.8	504(+2)			グローリーリンク		202507040408
2021105584	2025-11-01	4東京10	晴	12.0	3歳以上1勝クラス		15	2.0	2	11.8	4.0	3	菅原明良	58.0	芝1800		良	**	1:44.6	0.5	**	3-4-5	34.7-35.2	34.7	510(+6)			ベストミーエヴァー	200.0	202505041012
2021105584	2025-11-09	5東京2	小雨	7.0	3歳以上1勝クラス		16	6.0	12	7.3	4.0	5	菅原明良	58.0	ダ1600		稍	**	1:38.9	1.0	**	1-1	35.4-36.8	37.8	510(0)			ディーズゴールド	80.0	202505050207
2021105618	2024-01-08	1京都3	晴	5.0	3歳新馬		18	6.0	12	3.4	1.0	2	武豊	57.0	芝1800		良	**	1:49.7	0.6	**	3-5	36.1-36.4	36.6	478(0)			オルトパラティウム	250.0	202408010305
2021105618	2024-01-27	2京都1	曇	5.0	3歳未勝利		9	7.0	7	4.1	2.0	1	武豊	57.0	芝1800		良	**	1:47.3	-0.1	**	2-2	34.8-35.8	35.7	476(-2)			(カズミクラーシュ)	550.0	202408020105
2021105618	2024-03-23	2阪神1	曇	11.0	毎日杯(GIII)		10	7.0	8	20.0	8.0	5	武豊	57.0	芝1800		重	**	1:47.3	1.3	**	4-4	35.2-34.4	35.3	476(0)			メイショウタバル	410.0	202409020111
2021105618	2024-05-18	3京都9	晴	9.0	メルボルンT(1勝クラス)		13	5.0	7	2.9	2.0	1	武豊	57.0	芝1600		良	**	1:32.9	-0.1	**	3-2	35.3-34.1	33.6	478(+2)			(アルトゥーム)	1102.2	202408030909
2021105618	2024-06-16	4京都6	晴	9.0	皆生特別(2勝クラス)		8	7.0	7	1.3	1.0	1	川田将雅	55.0	芝1600		良	**	1:33.0	0.0	**	3-5	35.3-34.5	33.9	476(-2)			(スイープアワーズ)	1569.6	202408040609
2021105618	2024-10-20	5京都6	晴	10.0	キセキC(3勝クラス)		17	5.0	10	4.3	2.0	4	坂井瑠星	55.0	芝1600		良	**	1:34.5	0.2	**	3-3	35.6-34.5	34.4	480(+4)			キープカルム	280.0	202408050610
2021105618	2025-06-22	3東京6	晴	10.0	多摩川S(3勝クラス)		16	8.0	16	14.9	4.0	2	田辺裕信	58.0	芝1400		良	**	1:21.2	0.0	**	9-7	35.5-34.3	33.7	494(+14)			セフィロ	750.2	202505030610
2021105618	2025-09-27	4中山8	晴	11.0	秋風S(3勝クラス)		16	4.0	7	8.8	3.0	14	リョン	58.0	芝1600		良	**	1:34.3	1.4	**	6-11-13	35.2-34.6	35.1	504(+10)			ピースワンデュック		202506040811
2021105618	2025-10-25	3京都8	曇	10.0	長岡京S(3勝クラス)		13	8.0	13	4.2	2.0	2	松山弘平	58.0	芝1400		良	**	1:20.3	0.1	**	4-4	35.0-34.1	33.9	490(-14)			スリールミニョン	748.0	202508030810
2021105618	2025-12-21	5阪神6	小雨	12.0	六甲アイランドS(3勝クラス)		14	7.0	12	5.5	3.0	2	松山弘平	58.0	芝1400		重	**	1:21.6	0.0	**	2-2	35.5-34.5	34.5	484(-6)			ディアナザール	748.8	202509050612
2021105647	2023-08-26	3新潟5	晴	5.0	2歳新馬		11	2.0	2	5.9	4.0	2	岩田康誠	55.0	芝1800		良	**	1:49.6	0.4	**	7-8	37.3-34.9	33.7	444(0)			エリカリーシャン	290.0	202304030505
2021105647	2023-10-15	4東京5	雨	2.0	2歳未勝利		7	2.0	2	2.1	2.0	2	岩田康誠	56.0	芝1800		重	**	1:49.7	0.0	**	1-1-1	37.2-34.8	34.8	446(+2)			ホーエリート	220.0	202305040502
2021105647	2023-11-25	5東京7	晴	3.0	2歳未勝利		13	7.0	11	4.9	3.0	1	ビュイッ	56.0	芝1800		良	**	1:47.4	-0.1	**	5-5-4	36.0-34.3	33.8	452(+6)			(トゥルーサクセサー)	550.0	202305050703
2021105647	2024-01-28	1東京2	曇	9.0	セントポーリア賞(1勝クラス)		9	7.0	7	5.0	3.0	1	キングス	57.0	芝1800		良	**	1:48.8	0.0	**	4-2-2	37.1-33.7	33.6	452(0)			(ポッドテオ)	1092.4	202405010209
2021105647	2024-03-17	2中山8	晴	11.0	フジTVスプリングS(GII)		10	6.0	6	7.8	5.0	7	岩田康誠	57.0	芝1800		良	**	1:50.3	0.9	**	6-6-6-6	37.5-33.7	33.7	452(0)			シックスペンス		202406020811
2021105647	2025-03-29	3中山1	雨	8.0	4歳以上2勝クラス		12	5.0	5	10.1	5.0	11	石川裕紀	58.0	芝1800		稍	**	1:51.6	1.5	**	11-11-11-11	37.7-36.4	36.9	454(+2)			マイネルブリックス		202506030108
2021105647	2025-05-31	2東京11	小雨	10.0	葉山特別(2勝クラス)		16	3.0	5	15.4	8.0	7	津村明秀	58.0	芝1600		重	**	1:36.7	0.8	**	6-7	35.5-35.8	36.0	458(+4)			ウインアイオライト		202505021110
2021105647	2025-07-27	2新潟2	晴	6.0	豊栄特別(2勝クラス)		11	1.0	1	65.3	9.0	9	内田博幸	55.0	芝1600		良	**	1:32.8	1.0	**	7-8	34.1-33.9	33.1	464(+6)			コートアリシアン		202504020206
2021105662	2023-11-11	3京都3	晴	5.0	2歳新馬		11	2.0	2	8.6	3.0	5	マーカン	56.0	芝1800		稍	**	1:51.3	0.9	**	8-8	36.9-33.9	34.1	480(0)			オスカーブレーヴ	72.0	202308030305
2021105662	2023-12-28	5阪神9	晴	3.0	2歳未勝利		14	3.0	3	5.8	2.0	3	北村友一	56.0	芝1800		良	**	1:48.4	0.4	**	9-7	35.8-34.6	34.5	478(-2)			ジンセイ	140.0	202309050903
2021105662	2024-01-27	1小倉5	晴	5.0	3歳未勝利		13	5.0	7	1.6	1.0	1	北村友一	57.0	芝1800		良	**	1:49.5	-0.2	**	5-5-4-2	35.7-37.8	37.1	470(-8)			(プラムダンディ)	550.0	202410010505
2021105662	2024-03-17	2中山8	晴	11.0	フジTVスプリングS(GII)		10	7.0	8	53.4	10.0	8	北村友一	57.0	芝1800		良	**	1:50.3	0.9	**	6-6-6-6	37.5-33.7	33.7	480(+10)			シックスペンス		202406020811
2021105662	2024-04-14	2阪神8	晴	6.0	3歳1勝クラス		7	4.0	4	3.8	3.0	1	北村友一	57.0	芝2000		良	**	2:00.4	-0.1	**	2-2-3-3	36.2-35.3	34.8	474(-6)			(シルバーカレッジ)	780.0	202409020806
2021105662	2024-06-30	2福島2	雨	11.0	ラジオNIKKEI賞(GIII)		12	7.0	9	22.4	11.0	6	北村友一	54.0	芝1800		良	**	1:46.0	0.7	**	10-10-11-11	34.5-35.0	34.9	470(-4)			オフトレイル		202403020211
2021105662	2024-09-16	4中山5	曇	11.0	朝日セントライト記念(GII)		14	5.0	7	98.0	11.0	10	北村友一	57.0	芝2200		良	**	2:13.3	1.7	**	11-10-13-13	36.2-34.6	34.8	474(+4)			アーバンシック		202406040511
2021105662	2024-11-24	5東京8	晴	9.0	オリエンタル賞(2勝クラス)		13	1.0	1	22.7	6.0	3	Ｃ．デム	55.0	芝2000		良	**	1:59.6	0.2	**	9-9-7	36.7-34.0	33.8	474(0)			アドマイヤマツリ	394.4	202405050809
2021105662	2025-02-01	1京都1	曇	10.0	許波多特別(2勝クラス)		10	3.0	3	4.2	2.0	6	坂井瑠星	56.0	芝2400		良	**	2:26.4	1.5	**	2-2-2-2	35.6-36.5	37.6	480(+6)			ウィープディライト		202508010110
2021105662	2025-02-16	1京都6	曇	9.0	春日特別(2勝クラス)		9	8.0	9	7.6	4.0	4	北村友一	57.0	芝2000		稍	**	2:03.3	0.7	**	6-6-3-3	37.7-36.0	36.2	480(0)			バッデレイト	230.0	202508010609
2021105662	2025-03-29	2中京5	晴	9.0	矢作川特別(2勝クラス)		13	8.0	12	7.8	4.0	13	小沢大仁	58.0	ダ1800		稍	**	1:56.2	3.3	**	4-4-4-6	38.0-39.1	42.0	482(+2)			ティンティンデオ		202507020509
2021105662	2025-11-30	5東京8	晴	9.0	オリエンタル賞(2勝クラス)		9	2.0	2	11.8	4.0	3	Ｃ．デム	56.0	芝2000		良	**	1:58.7	0.3	**	2-3-3	36.5-34.5	34.4	476(-6)			レイニング	392.8	202505050809
2021105688	2023-06-25	3東京8	晴	5.0	2歳新馬		16	7.0	14	13.4	6.0	6	北村宏司	55.0	芝1600		良	**	1:37.3	0.5	**	7-5	36.9-34.3	34.4	524(0)			トーセンクライネ		202305030805
2021105688	2023-08-26	3新潟5	晴	1.0	2歳未勝利		18	2.0	3	9.8	5.0	1	北村宏司	55.0	芝1600		良	**	1:34.3	0.0	**	4-3	35.1-34.9	34.7	526(+2)			(ロジリオン)	550.0	202304030501
2021105688	2024-01-21	1中山7	小雨	9.0	若竹賞(1勝クラス)		11	8.0	11	14.8	5.0	11	石川裕紀	57.0	芝1800		不	**	1:54.2	2.1	**	2-3-2-2	36.0-37.8	39.8	544(+18)			ルカランフィースト		202406010709
2021105688	2024-05-12	2東京8	曇	7.0	3歳1勝クラス		16	5.0	10	13.3	6.0	9	北村宏司	57.0	ダ1400		良	**	1:25.3	1.3	**	15-13	35.4-36.3	35.9	540(-4)			ベルウェザー		202405020807
2021105688	2024-07-27	2新潟1	曇	8.0	3歳以上1勝クラス		15	1.0	1	18.2	4.0	7	ルメール	55.0	ダ1800		良	**	1:54.2	2.3	**	7-8-8-8	36.6-37.3	39.0	536(-4)			ダノンピレネー		202404020108
2021105688	2024-10-20	4東京6	晴	8.0	3歳以上1勝クラス		12	2.0	2	8.8	4.0	3	北村宏司	56.0	ダ1600		良	**	1:38.5	0.4	**	6-5	36.3-37.0	36.8	544(+8)			ピコニ	200.0	202405040608
2021105688	2024-11-16	5東京5	曇	7.0	3歳以上1勝クラス		16	7.0	13	12.0	6.0	5	北村宏司	57.0	ダ1600		良	**	1:37.7	0.4	**	3-3	35.1-37.4	37.6	542(-2)			ミラーオブマインド	80.0	202405050507
2021105688	2025-03-29	2中京5	晴	8.0	4歳以上1勝クラス		16	7.0	13	7.6	4.0	2	鮫島克駿	58.0	芝1600		稍	**	1:34.4	0.1	**	12-12-12	35.1-35.3	34.4	540(-2)			エーデルサンライズ	320.0	202507020508
2021105688	2025-10-26	4東京9	小雨	12.0	3歳以上1勝クラス		16	4.0	8	4.5	2.0	2	横山武史	58.0	ダ1600		不	**	1:35.8	0.1	**	4-3	35.3-35.3	35.1	536(-4)			チュウワチーフ	320.0	202505040912
2021105747	2024-05-18	1新潟7	晴	7.0	3歳未勝利		16	1.0	2	16.2	5.0	11	荻野極	55.0	芝1600		良	**	1:38.0	1.5	**	4-4	35.7-36.4	37.6	440(0)			ホウオウペトリュス		202404010707
2021105747	2024-07-14	2福島6	曇	7.0	3歳未勝利		16	1.0	2	4.5	2.0	1	戸崎圭太	55.0	芝1200		良	**	1:09.2	-0.2	**	3-3	33.7-35.5	35.2	442(+2)			(クリーゲリン)	550.0	202403020607
2021105747	2024-11-09	3福島3	晴	12.0	3歳以上1勝クラス		16	1.0	2	3.9	1.0	6	ドイル	55.0	芝1200		良	**	1:11.2	1.4	**	6-6	34.4-35.4	36.3	442(0)			レオテミス		202403030312
2021105747	2025-01-11	1中山3	晴	8.0	4歳以上1勝クラス		16	3.0	6	4.5	3.0	4	戸崎圭太	56.0	ダ1200		稍	**	1:12.0	0.2	**	3-3	33.6-38.2	37.8	450(+8)			スーパーマン	120.0	202506010308
2021105747	2025-04-13	1福島2	曇	6.0	4歳以上1勝クラス		16	2.0	4	6.5	3.0	11	丸山元気	56.0	芝1200		良	**	1:09.1	1.4	**	3-5	33.0-34.7	35.6	452(+2)			ソルレース		202503010206
2021105747	2025-06-14	3東京3	小雨	8.0	3歳以上1勝クラス		18	6.0	11	106.7	14.0	11	荻野極	56.0	芝1400		良	**	1:22.6	0.7	**	2-2	35.0-35.0	35.5	444(-8)			イブニングタイド		202505030308
2021105747	2025-07-05	2福島3	晴	12.0	3歳以上1勝クラス		15	2.0	2	17.6	7.0	3	杉原誠人	56.0	芝1200		良	**	1:09.7	0.3	**	5-4	34.0-35.4	35.4	444(0)			ボンヌソワレ	200.0	202503020312
2021105747	2025-11-15	3福島3	晴	12.0	3歳以上1勝クラス		16	2.0	4	7.9	3.0	5	荻野極	56.0	芝1200		良	**	1:09.5	0.3	**	4-4	33.5-35.7	35.6	448(+4)			マリノトニトゥルス	80.0	202503030312
2021105765	2023-07-30	2新潟2	晴	5.0	2歳新馬		9	6.0	6	4.8	3.0	2	戸崎圭太	55.0	芝1800		良	**	1:46.5	0.1	**	4-4	35.5-34.6	34.2	440(0)			カンティアーモ	290.0	202304020205
2021105765	2023-09-16	4阪神3	晴	3.0	2歳未勝利		9	8.0	8	1.3	1.0	2	岩田望来	55.0	芝1800		良	**	1:48.7	0.4	**	6-6	35.6-33.8	33.5	442(+2)			ナムラフッカー	220.0	202309040303
2021105765	2023-11-25	3京都7	晴	3.0	2歳未勝利		14	5.0	8	2.3	1.0	3	川田将雅	56.0	芝1800		良	**	1:48.9	0.5	**	4-4	35.6-34.6	34.7	466(+24)			ジャスティンアース	140.0	202308030703
2021105765	2023-12-17	5阪神6	晴	6.0	2歳未勝利		12	2.0	2	1.9	1.0	2	川田将雅	56.0	芝1600		稍	**	1:35.5	0.1	**	5-4	34.5-36.5	36.3	460(-6)			シンドリームシン	220.0	202309050606
2021105765	2024-01-07	1京都2	晴	5.0	3歳未勝利		17	6.0	12	2.5	2.0	2	川田将雅	57.0	芝1600		良	**	1:36.9	0.2	**	6-5	35.0-37.0	36.6	466(+6)			グロリアラウス	220.0	202408010205
2021105765	2024-03-03	1阪神4	晴	4.0	3歳未勝利		15	3.0	4	1.9	1.0	3	ムルザバ	57.0	芝1600		良	**	1:35.9	1.1	**	6-4	35.7-34.1	34.8	468(+2)			ジュンヴァンケット	140.0	202409010404
2021105765	2024-03-23	1中京5	雨	2.0	3歳未勝利		18	6.0	11	2.6	1.0	10	団野大成	57.0	芝1400		重	**	1:24.9	1.3	**	7-7	36.1-35.2	36.0	460(-8)			ストレイトアスク		202407010502
2021105765	2024-05-26	3京都12	晴	3.0	3歳未勝利		17	8.0	17	4.5	2.0	6	菱田裕二	57.0	芝1600		良	**	1:33.8	0.1	**	5-3	34.6-34.9	34.8	456(-4)			ペルフェツィオーネ		202408031203
2021105765	2024-07-20	1札幌1	晴	3.0	3歳未勝利		14	7.0	12	6.8	3.0	14	浜中俊	57.0	ダ1700		良	**	1:50.4	3.5	**	3-5-3-4	30.4-38.8	42.0	450(-6)			メイショウソムリエ		202401010103
2021105765	2024-07-27	1札幌3	曇	7.0	3歳以上1勝クラス		9	5.0	5	9.0	4.0	7	浜中俊	55.0	芝2000		良	**	2:02.1	2.0	**	9-9-9-8	35.2-35.1	35.8	450(0)			タンゴバイラリン		202401010307
2021105765	2025-01-13	1中京5	晴	7.0	4歳以上1勝クラス		18	2.0	4	80.2	10.0	16	浜中俊	57.0	芝2200		良	**	2:16.0	1.5	**	1-1-1-1	35.0-35.7	37.2	462(+12)			ダノンブリザード		202507010507
2021105765	2025-04-06	3中山4	小雨	8.0	4歳以上1勝クラス		13	8.0	12	25.4	7.0	2	石川裕紀	58.0	芝1800		良	**	1:48.7	0.1	**	8-8-2-2	36.2-35.1	34.7	454(-8)			ビジューブリランテ	320.0	202506030408
2021105765	2025-04-19	3中山7	晴	7.0	4歳以上1勝クラス		15	3.0	4	14.5	5.0	6	石川裕紀	58.0	芝2000		良	**	1:58.9	0.5	**	1-1-1-1	36.5-34.1	34.6	454(0)			エラン		202506030707
2021105765	2025-05-04	2京都4	晴	7.0	4歳以上1勝クラス		9	8.0	9	6.2	4.0	1	丹内祐次	58.0	芝1600		良	**	1:34.0	-0.4	**	1-1	35.7-34.2	34.2	450(-4)			(マーシーラン)	800.0	202508020407
2021105765	2025-05-31	2京都11	曇	8.0	4歳以上1勝クラス		18	7.0	13	6.0	2.0	9	丹内祐次	58.0	芝1600		良	**	1:34.2	0.6	**	4-2	34.3-34.8	35.2	448(-2)			クスクス		202508021108
2021105765	2025-09-06	2札幌5	晴	7.0	3歳以上1勝クラス		14	5.0	7	22.0	9.0	8	丹内祐次	58.0	芝1500		良	**	1:29.9	0.5	**	6-3-4	28.9-36.3	36.3	460(+12)			ダノンミッション		202501020507
2021105765	2025-10-12	3京都4	曇	12.0	3歳以上1勝クラス		18	2.0	4	23.3	8.0	2	高杉吏麒	58.0	芝1600		良	**	1:32.8	0.1	**	1-1	34.4-34.3	34.4	458(-2)			ワンモアスマイル	320.0	202508030412
2021105765	2025-11-01	3京都10	晴	12.0	3歳以上1勝クラス		15	1.0	1	7.4	3.0	2	高杉吏麒	58.0	芝1600		良	**	1:33.7	0.0	**	2-2	36.0-34.1	34.0	460(+2)			オリバナム	320.0	202508031012
2021105765	2025-11-15	4京都3	晴	12.0	3歳以上1勝クラス		18	5.0	9	3.3	1.0	15	坂井瑠星	58.0	芝1600		良	**	1:33.9	0.6	**	3-3	34.5-35.0	34.9	462(+2)			ジーティードレス		202508040312
2021105767	2023-09-24	4中山7	晴	5.0	2歳新馬		8	3.0	3	6.9	3.0	4	田辺裕信	55.0	芝2000		稍	**	2:05.6	1.6	**	6-6-7-7	38.1-35.0	35.8	520(0)			シュバルツクーゲル	110.0	202306040705
2021105767	2023-12-09	5中山3	晴	2.0	2歳未勝利		12	7.0	10	3.4	1.0	3	横山武史	56.0	ダ1800		良	**	1:55.9	0.4	**	3-4-4-2	38.4-38.1	38.0	530(+10)			ラオラシオン	140.0	202306050302
2021105767	2023-12-24	5中山8	曇	2.0	2歳未勝利		16	1.0	2	7.3	4.0	2	ムルザバ	56.0	ダ1800		良	**	1:55.6	0.3	**	9-10-7-7	37.2-38.8	38.5	528(-2)			インテルメディオ	220.0	202306050802
2021105767	2024-01-27	1東京1	晴	2.0	3歳未勝利		15	7.0	13	1.8	1.0	1	ピーヒュ	57.0	ダ2100		良	**	2:15.1	-0.3	**	8-8-5-5	30.7-39.5	39.1	526(-2)			(ラキアレクサンダー)	550.0	202405010102
2021105767	2024-03-30	3中山3	晴	9.0	山吹賞(1勝クラス)		14	8.0	13	48.4	12.0	14	菅原明良	57.0	芝2200		稍	**	2:17.6	2.5	**	11-10-4-14	36.5-35.3	37.6	524(-2)			ダイシンアポロン		202406030309
2021105767	2024-12-07	5中山3	晴	8.0	3歳以上1勝クラス		16	8.0	16	12.0	4.0	11	丸田恭介	57.0	ダ1800		良	**	1:55.7	1.9	**	13-13-14-13	38.3-37.8	38.3	530(+6)			エッグスラット		202406050308
2021105767	2024-12-14	5中山5	晴	8.0	3歳以上1勝クラス		16	7.0	13	25.2	9.0	5	マーカン	57.0	ダ1800		良	**	1:55.5	0.4	**	9-9-10-8	37.7-39.4	38.7	528(-2)			フリーマントル	80.0	202406050508
2021105767	2025-03-22	2中京3	晴	8.0	4歳以上1勝クラス		15	7.0	12	6.5	4.0	1	シュタル	58.0	ダ1900		良	**	1:59.2	-0.2	**	7-7-6-6	30.3-37.4	36.8	538(+10)			(ラファミリア)	800.0	202507020308
2021105767	2025-05-11	2東京6	晴	9.0	日吉特別(2勝クラス)		16	4.0	8	6.8	4.0	4	ディー	58.0	ダ2100		稍	**	2:10.2	1.0	**	11-10-8-8	30.7-36.5	36.9	542(+4)			カズタンジャー	230.0	202505020609
2021105767	2025-05-31	2東京11	小雨	12.0	4歳以上2勝クラス		15	7.0	12	12.4	5.0	15	ディー	58.0	ダ2100		不	**	2:11.8	3.0	**	6-6-6-7	29.6-37.1	39.0	534(-8)			ユアフラッシュ		202505021112
2021105774	2023-09-30	4阪神8	晴	4.0	2歳新馬		18	3.0	6	2.1	1.0	1	川田将雅	55.0	芝1400		良	**	1:21.2	-0.2	**	2-2	34.3-35.1	35.0	464(0)			(ポエットリー)	720.0	
2021105774	2023-11-19	3京都6	晴	9.0	秋明菊賞(1勝クラス)		8	3.0	3	1.8	1.0	1	川田将雅	56.0	芝1400		良	**	1:20.7	-0.4	**	6-5	34.8-34.7	34.0	464(0)			(タイセイレスポンス)	1088.9	
2021105774	2023-12-17	5阪神6	晴	11.0	朝日フューチュリティ(GI)		17	4.0	8	5.1	3.0	8	ルメール	56.0	芝1600		良	**	1:34.3	0.5	**	5-4	34.1-35.4	35.3	468(+4)			ジャンタルマンタル		202309040804
2021105774	2024-01-27	1東京1	晴	10.0	クロッカスS(L)		10	4.0	4	2.1	1.0	5	ルメール	57.0	芝1400		良	**	1:21.2	0.3	**	3-3	35.2-33.8	33.7	468(0)			ロジリオン	200.0	202308030609
2021105774	2024-03-16	1中京3	晴	11.0	中スポ賞ファルコンS(GIII)		17	8.0	15	13.6	7.0	1	北村友一	57.0	芝1400		良	**	1:20.2	-0.1	**	14-14	33.8-34.7	33.6	468(0)			(オーキッドロマンス)	4159.5	202309050611
2021105774	2024-05-05	2東京6	晴	11.0	NHKマイルC(GI)		18	1.0	1	24.2	8.0	13	北村友一	57.0	芝1600		良	**	1:33.6	1.2	**	12-14	34.3-34.1	34.2	474(+6)			ジャンタルマンタル		202405010110
2021105774	2024-08-11	2札幌2	晴	11.0	UHB賞(OP)		16	6.0	11	3.9	2.0	6	北村友一	56.0	芝1200		良	**	1:08.2	0.2	**	3-4	33.3-34.7	34.6	472(-2)			プルパレイ		202407010311
2021105774	2024-08-25	2札幌6	晴	11.0	キーンランドC(GIII)		16	7.0	14	23.9	9.0	7	戸崎圭太	55.0	芝1200		良	**	1:08.5	0.6	**	8-8	33.6-34.3	34.2	468(-4)			サトノレーヴ		202405020611
2021105774	2024-10-26	5京都7	曇	11.0	MBS賞スワンS(GII)		17	8.0	17	10.9	5.0	1	松山弘平	55.0	芝1400		良	**	1:20.5	-0.1	**	11-11	34.0-35.0	34.0	464(-4)			(オフトレイル)	6021.8	202401020211
2021105774	2024-12-21	7京都7	曇	11.0	阪神C(GII)		18	7.0	13	8.1	5.0	11	Ｃ．デム	57.0	芝1400		良	**	1:20.6	0.5	**	9-9	34.5-34.4	34.0	472(+8)			ナムラクレア		202401020611
2021105774	2025-02-22	1京都7	曇	11.0	阪急杯(GIII)		18	8.0	17	7.3	4.0	4	北村友一	58.0	芝1400		良	**	1:22.0	0.3	**	7-8	35.2-34.8	34.5	476(+4)			カンチェンジュンガ	650.0	202408050711
2021105774	2025-04-05	メイダン			アルクオーツスプリン(GI)		11		2		11.0	4	Ｃ．デム	59.5	芝1200		良								計不					202408070711
2021105774	2025-04-27	シャティン			チェアマンズSP(GI)		13		7	64.7	7.0	13	レーン	57.0	芝1200		良								計不					202508010711
2021105774	2025-09-28	4中山9	晴	11.0	スプリンターズS(GI)		16	2.0	3	81.5	13.0	6	横山典弘	58.0	芝1200		良	**	1:07.3	0.4	**	11-12	33.7-33.2	32.8	476(+19)			ウインカーネリアン		202506040911
2021105774	2025-12-27	5阪神7	晴	11.0	阪神C(GII)		16	6.0	11	9.2	5.0	7	Ｃ．デム	58.0	芝1400		良	**	1:19.6	0.6	**	12-13	33.0-34.9	33.6	468(-8)			ルガル		202509050711
2021105777	2023-10-14	4東京4	晴	5.0	2歳新馬		11	7.0	9	2.1	1.0	2	ルメール	56.0	芝1800		良	**	1:49.4	0.1	**	1-1-1	37.4-33.8	33.9	474(0)			ルカランフィースト	290.0	202305040405
2021105777	2023-11-05	5東京2	晴	4.0	2歳未勝利		6	2.0	2	1.3	1.0	1	モレイラ	56.0	芝1800		良	**	1:48.5	-0.3	**	1-1-1	36.5-34.3	34.3	478(+4)			(パストラーレ)	550.0	202305050204
2021105777	2024-01-06	1中山1	晴	10.0	ジュニアC(L)		10	7.0	7	4.9	3.0	9	戸崎圭太	57.0	芝1600		良	**	1:34.2	1.7	**	4-3-3	34.8-34.6	36.0	484(+6)			キャプテンシー		202406010110
2021105777	2024-06-16	1函館4	雨	9.0	八雲特別(1勝クラス)		10	8.0	10	6.7	3.0	2	横山武史	55.0	芝1800		良	**	1:48.2	0.1	**	1-1-1-1	35.6-34.9	35.0	482(-2)			ジャスティンアース	365.9	202402010409
2021105777	2024-11-10	5東京4	曇	12.0	3歳以上1勝クラス		16	6.0	11	5.2	2.0	7	横山和生	56.0	芝1800		良	**	1:47.6	0.3	**	2-2-2	36.1-34.5	34.5	490(+8)			ユキワリザクラ		202405050412
2021105777	2025-01-13	1中山5	晴	12.0	4歳以上1勝クラス		16	6.0	12	5.8	3.0	1	マーカン	57.0	芝1600		良	**	1:33.9	-0.2	**	5-5-3	35.2-35.3	34.9	492(+2)			(ソルトブリーズ)	800.0	202506010512
2021105777	2025-05-18	2東京8	曇	9.0	テレ玉杯(2勝クラス)		9	8.0	8	2.5	1.0	1	ルメール	58.0	芝1600		良	**	1:33.5	-0.2	**	2-2	36.0-33.7	33.6	486(-6)			(オーシャントライブ)	1571.7	202505020809
2021105777	2025-07-19	2福島7	晴	11.0	阿武隈S(3勝クラス)		10	8.0	11	2.2	1.0	6	戸崎圭太	56.0	芝1800		良	**	1:50.1	0.5	**	2-2-2-2	36.5-36.1	36.5	484(-2)			アンリーロード		202503020711
2021105777	2025-12-28	5中山8	晴	12.0	2025ファイナルS(3勝クラス)		16	5.0	9	22.5	6.0	11	マーカン	56.0	芝1600		良	**	1:34.9	1.3	**	6-8-9	35.6-34.0	34.5	498(+14)			ジョイフルニュース		202506050812
2021105873	2023-09-10	4阪神2	晴	4.0	2歳新馬		11	4.0	4	11.1	6.0	9	池添謙一	55.0	芝1600		良	**	1:36.8	2.0	**	3-3	36.3-33.6	35.3	406(0)			ビーグラッド		202309040204
2021105873	2023-11-26	3京都8	曇	2.0	2歳未勝利		18	5.0	10	231.8	15.0	9	藤岡康太	55.0	芝1400		良	**	1:22.8	1.1	**	7-6	34.5-35.9	35.9	406(0)			ラヴァンダ		202308030802
2021105873	2024-03-10	1中京2	晴	3.0	3歳未勝利		18	6.0	12	43.8	8.0	4	長岡禎仁	55.0	芝1400		良	**	1:22.7	0.2	**	4-3	34.6-36.0	35.8	416(+10)			コーティアスマナー	83.0	202407010203
2021105873	2024-04-28	3京都4	晴	3.0	3歳未勝利		18	1.0	1	21.2	7.0	10	長岡禎仁	55.0	芝1400		良	**	1:22.1	0.5	**	5-6	34.7-35.3	35.4	408(-8)			ドゥーカスコーリ		202408030403
2021105873	2024-06-08	1函館1	晴	3.0	3歳未勝利		12	4.0	4	13.3	4.0	6	川端海翼	52.0	ダ1000		良	**	1:01.0	2.3	**	10-9	34.4-35.8	36.5	408(0)			サザンカ		202402010103
2021105873	2024-07-16	盛岡	晴	8.0	オニキス賞(3歳)		11	3.0	3	1.9	1.0	1	長岡禎仁	54.0	芝1700		良	**	1:45.7	-0.3	**	3-3-2-2		36.7	396(-12)			(ルボートン)	115.0	202435071608
2021105873	2024-09-16	3中京5	曇	8.0	3歳以上1勝クラス		18	3.0	5	127.0	15.0	12	長岡禎仁	54.0	芝1400		良	**	1:21.8	0.7	**	3-4	34.5-34.7	35.1	408(+12)			コト		202407030508
2021105873	2024-12-01	4中京2	晴	8.0	3歳以上1勝クラス		18	7.0	14	198.2	11.0	8	岩田望来	55.0	芝1400		良	**	1:21.7	1.0	**	6-6	34.3-34.4	34.8	414(+6)			グロリアラウス		202407040208
2021105873	2025-02-02	1小倉4	曇	12.0	4歳以上1勝クラス		18	8.0	18	108.7	18.0	7	荻野極	56.0	芝1200		稍	**	1:10.2	0.3	**	12-12	34.1-35.8	35.1	416(+2)			スマートジェイナ		202510010412
2021105873	2025-02-08	1小倉5	小雪	8.0	4歳以上1勝クラス		15	2.0	3	54.7	11.0	12	永島まな	53.0	ダ1700		稍	**	1:47.1	3.2	**	10-10-6-8	29.3-37.2	39.6	418(+2)			サイドキック		202510010508
2021105873	2025-03-01	1小倉11	曇	12.0	4歳以上1勝クラス		18	2.0	4	52.5	12.0	6	川又賢治	56.0	芝1200		良	**	1:09.6	0.5	**	10-11	33.4-35.7	35.4	400(-18)			ハピアーザンエバー		202510011112
2021105873	2025-05-18	2京都8	晴	6.0	4歳以上1勝クラス		16	6.0	12	21.4	9.0	9	岩田望来	56.0	芝1200		稍	**	1:09.8	1.0	**	11-10	34.6-34.2	34.3	418(+18)			トウカイエルデ		202508020806
2021105873	2025-05-25	2京都10	曇	9.0	4歳以上1勝クラス		18	1.0	1	194.2	16.0	14	川又賢治	56.0	芝1400		重	**	1:23.2	0.9	**	1-2	36.0-34.3	35.1	416(-2)			エールトゥヘヴン		202508021009
2021105873	2025-07-12	2小倉5	晴	12.0	3歳以上1勝クラス		17	1.0	2	22.5	7.0	1	秋山稔樹	56.0	芝1200		良	**	1:08.5	0.0	**	3-4	33.0-35.5	35.3	410(-6)			(ジェニファー)	800.0	202510020512
2021105873	2025-08-16	3中京7	晴	6.0	知多特別(2勝クラス)		13	4.0	4	41.6	8.0	7	秋山稔樹	56.0	芝1200		良	**	1:07.8	0.7	**	6-5	33.6-33.5	33.6	412(+2)			サウスバンク		202507030706
2021105873	2025-10-05	3京都2	曇	12.0	3歳以上2勝クラス		16	8.0	15	60.7	14.0	4	斎藤新	56.0	芝1200		稍	**	1:08.4	0.5	**	15-13	33.3-34.6	33.4	422(+10)			ブラックケリー	170.0	202508030212
2021105873	2025-10-26	3京都9	曇	8.0	壬生特別(2勝クラス)		14	8.0	13	33.7	9.0	7	吉村誠之	56.0	芝1200		稍	**	1:09.1	0.4	**	5-3	34.6-34.1	34.0	420(-2)			モジャーリオ		202508030908
2021105976	2023-10-29	2京都9	晴	5.0	2歳新馬		11	7.0	8	7.3	4.0	3	藤岡康太	55.0	芝1800		良	**	1:48.1	0.5	**	5-5	35.3-35.8	35.7	432(0)			カーメルタザイト	180.0	202308020905
2021105976	2023-11-18	3京都5	曇	3.0	2歳未勝利		12	5.0	5	7.2	4.0	8	藤岡康太	55.0	芝1600		稍	**	1:37.1	0.8	**	7-8	36.8-34.4	34.6	432(0)			タガノデュード		202308030503
2021105976	2024-02-17	2小倉3	晴	1.0	3歳未勝利		16	7.0	14	6.3	3.0	6	藤岡康太	55.0	ダ1700		良	**	1:49.2	1.6	**	6-6-2-2	30.3-39.1	40.6	414(-18)			ベルメサイア		202410020301
2021105976	2024-05-11	3京都7	晴	1.0	3歳未勝利		13	4.0	4	10.5	6.0	4	吉村誠之	52.0	ダ1800		良	**	1:55.9	1.3	**	4-5-5-6	36.3-39.7	40.4	414(0)			ルージュシュエット	83.0	202408030701
2021105976	2024-06-08	1函館1	晴	2.0	3歳未勝利		14	5.0	7	19.7	6.0	5	北村友一	55.0	ダ1700		良	**	1:47.7	0.7	**	4-3-2-2	29.7-38.6	39.2	414(0)			ネバーモア	55.0	202402010102
2021105976	2024-07-28	1札幌4	雨	1.0	3歳未勝利		14	7.0	12	18.2	6.0	11	鮫島克駿	55.0	芝1500		重	**	1:31.4	1.3	**	2-2-2	30.1-35.7	36.9	432(+18)			インマイポケット		202401010401
2021105976	2024-08-25	2札幌6	晴	4.0	3歳未勝利		14	4.0	6	16.9	5.0	1	ホー	55.0	ダ1700		良	**	1:47.4	-0.5	**	7-6-6-3	30.6-37.6	37.3	432(0)			(ユーヴェリア)	550.0	202401020604
2021105976	2024-11-30	4中京1	曇	3.0	3歳以上1勝クラス		13	8.0	12	7.9	5.0	3	ドイル	54.0	ダ1800		良	**	1:54.5	0.3	**	5-5-7-6	37.4-38.1	37.8	428(-4)			ザブライド	200.0	202407040103
2021105976	2025-01-25	1小倉1	晴	8.0	4歳以上1勝クラス		16	8.0	15	7.5	4.0	11	北村友一	55.0	ダ1700		良	**	1:47.3	2.3	**	7-4-2-2	30.6-37.1	39.1	418(-10)			レシプロシティ		202510010108
2021105976	2025-06-22	1函館4	曇	12.0	3歳以上1勝クラス		12	6.0	7	13.0	7.0	8	北村友一	56.0	ダ1700		重	**	1:46.7	1.1	**	7-5-5-7	29.1-38.7	39.4	436(+18)			ネクストダンサー		202502010412
2021105976	2025-07-05	1函館7	晴	12.0	3歳以上1勝クラス		13	6.0	8	15.3	9.0	7	鮫島克駿	56.0	ダ1700		重	**	1:46.1	0.7	**	7-4-7-5	30.0-37.4	37.5	432(-4)			オンザスクエア		202502010712
2021105976	2025-11-16	3福島4	晴	2.0	3歳以上1勝クラス		15	2.0	2	57.5	10.0	11	富田暁	56.0	ダ1700		良	**	1:48.4	2.2	**	2-2-2-2	29.4-38.9	41.0	434(+2)			シェリルファミーユ		202503030402
2021105993	2024-08-03	2新潟3	晴	9.0	3歳未勝利		15	1.0	1	118.1	11.0	7	柴田裕一	54.0	ダ1800		良	**	1:55.8	1.4	**	15-15-14-14	36.3-38.5	38.4	504(0)			タガノディガー		202404020309
2021105993	2024-08-25	2中京6	曇	7.0	3歳以上1勝クラス		14	3.0	3	125.3	11.0	10	柴田裕一	52.0	ダ1900		良	**	2:02.8	3.2	**	7-7-8-8	30.0-39.1	40.8	500(-4)			カズタンジャー		202407020607
2021105993	2024-10-04	園田	曇	12.0	カトレア賞C2		12	2.0	2	5.0	3.0	1	笹田知宏	56.0	ダ1700		重	**	1:57.1	-0.5	**	4-3-3-3		41.7	500(0)			(ピエナフェリーチェ)	80.0	202450100412
2021105993	2024-10-31	園田	曇	12.0	オパール賞C1		12	4.0	4	3.8	1.0	6	笹田知宏	56.0	ダ1700		稍	**	1:56.0	0.5	**	6-6-6-5		41.5	496(-4)			ヴィクトリーアイ		202450103112
2021105993	2024-11-19	園田	曇	8.0	C1二		10	7.0	7	3.9	2.0	3	笹田知宏	56.0	ダ1400		稍	**	1:33.4	0.3	**	2-2-2-3		38.7	489(-7)			スカリーワグ	22.0	202450111908
2021105993	2024-12-12	園田	晴	7.0	セントポーリア賞C1		11	4.0	4	16.4	4.0	1	笹田知宏	56.0	ダ1400		良	**	1:31.6	-0.2	**	8-7-7-4		39.1	490(+1)			(ライペニング)	100.0	202450121207
2021105993	2025-01-19	1中京7	晴	8.0	4歳以上1勝クラス		16	1.0	1	56.2	10.0	2	柴田裕一	54.0	ダ1400		良	**	1:24.8	0.0	**	13-13	34.6-38.0	36.3	492(+2)			テーオードラッカー	320.0	202507010708
2021105993	2025-02-15	1京都5	晴	7.0	4歳以上1勝クラス		16	4.0	8	4.4	2.0	5	西村淳也	58.0	ダ1400		良	**	1:25.8	0.4	**	8-7	34.8-38.5	38.0	496(+4)			キングツェッペリン	80.0	202508010507
2021105993	2025-05-18	1新潟6	曇	8.0	4歳以上1勝クラス		14	4.0	6	5.1	2.0	5	柴田裕一	55.0	ダ1800		良	**	1:54.6	1.4	**	12-12-11-10	36.2-39.1	39.2	496(0)			エイブラムス	80.0	202504010608
2021105993	2025-06-07	3阪神1	曇	12.0	3歳以上1勝クラス		16	6.0	12	17.6	6.0	6	高杉吏麒	57.0	ダ1400		良	**	1:25.4	1.0	**	13-13	34.5-37.6	37.1	494(-2)			アンズアメ		202509030112
2021105993	2025-12-07	5中京2	晴	6.0	3歳以上1勝クラス		16	6.0	12	16.0	7.0	4	三浦皇成	58.0	ダ1400		良	**	1:24.9	0.3	**	10-9	34.6-38.1	37.1	502(+8)			カレンワッツアップ	120.0	202507050206
2021105993	2025-12-20	5中京5	小雨	7.0	3歳以上1勝クラス		15	2.0	3	14.4	7.0	9	柴田裕一	56.0	ダ1400		稍	**	1:26.2	0.9	**	13-12	35.6-37.2	36.9	506(+4)			ペイドラロワール		202507050507
2021106063	2023-09-10	4中山2	晴	3.0	2歳新馬		16	8.0	15	7.1	4.0	1	田辺裕信	55.0	ダ1800		稍	**	1:56.4	-0.1	**	7-7-4-2	37.4-39.7	39.5	496(0)			(ディアスポラ)	720.0	202306040203
2021106063	2023-10-14	4東京4	晴	9.0	プラタナス賞(1勝クラス)		14	6.0	10	73.2	10.0	4	田辺裕信	56.0	ダ1600		良	**	1:38.4	1.1	**	13-10	35.1-37.5	37.6	500(+4)			イーグルノワール	160.0	202305040409
2021106063	2024-01-07	1中山2	曇	7.0	3歳1勝クラス		13	5.0	6	6.9	4.0	2	田辺裕信	57.0	ダ1800		良	**	1:55.0	0.2	**	9-9-6-6	36.8-39.9	39.3	500(0)			アラレタバシル	310.0	202406010207
2021106063	2024-04-07	3中山6	晴	6.0	3歳1勝クラス		16	3.0	6	11.8	4.0	8	小林凌大	57.0	ダ1800		重	**	1:52.7	0.9	**	12-13-14-8	36.5-38.5	38.1	496(-4)			カシマエスパーダ		202406030606
2021106063	2024-05-05	2東京6	晴	5.0	3歳1勝クラス		16	7.0	14	15.1	7.0	9	田辺裕信	57.0	ダ2100		良	**	2:13.9	2.8	**	10-10-10-10	30.2-37.3	39.4	502(+6)			サンライズソレイユ		202405020605
2021106063	2024-06-02	3東京2	小雨	8.0	3歳以上1勝クラス		16	4.0	8	31.8	8.0	6	田辺裕信	55.0	ダ1600		重	**	1:35.9	1.3	**	8-9	35.1-35.6	36.0	492(-10)			ターコイズフリンジ		202405030208
2021106063	2024-08-25	3新潟6	曇	8.0	3歳以上1勝クラス		15	2.0	2	9.8	4.0	5	田辺裕信	55.0	ダ1800		良	**	1:54.6	2.1	**	8-10-10-9	36.1-37.7	38.5	498(+6)			グロッシェン	80.0	202404030608
2021106063	2024-09-14	4中山3	晴	8.0	3歳以上1勝クラス		15	8.0	15	4.1	2.0	3	田辺裕信	55.0	ダ1800		良	**	1:54.2	0.6	**	7-7-7-6	37.4-38.2	38.1	496(-2)			シグムンド	200.0	202406040308
2021106063	2024-10-13	4東京3	晴	6.0	3歳以上1勝クラス		12	3.0	3	7.9	5.0	3	田辺裕信	56.0	ダ1600		良	**	1:37.7	0.3	**	4-3	36.7-35.3	35.3	496(0)			ウェットシーズン	200.0	202405040306
2021106063	2024-11-02	5東京1	小雨	7.0	3歳以上1勝クラス		13	3.0	3	5.6	4.0	3	田辺裕信	57.0	ダ1600		重	**	1:36.5	1.1	**	10-9	34.9-36.4	36.3	502(+6)			サクラトップリアル	200.0	202405050107
2021106063	2025-03-22	2中山7	晴	7.0	4歳以上1勝クラス		16	3.0	5	3.3	1.0	5	田辺裕信	58.0	ダ1800		稍	**	1:55.0	0.6	**	6-6-5-5	37.0-38.6	38.8	500(-2)			イデアユウシン	80.0	202506020707
2021106063	2025-04-19	3中山7	晴	8.0	4歳以上1勝クラス		14	6.0	9	1.8	1.0	8	田辺裕信	58.0	ダ1800		良	**	1:54.7	1.0	**	7-7-5-5	36.3-39.6	40.1	500(0)			マンダリンボレロ		202506030708
2021106063	2025-04-27	2東京2	晴	7.0	4歳以上1勝クラス		14	7.0	12	4.2	2.0	2	田辺裕信	58.0	ダ1600		稍	**	1:38.0	0.1	**	5-4	35.2-37.0	36.8	502(+2)			ロードブライト	320.0	202505020207
2021106063	2025-05-31	2東京11	小雨	8.0	4歳以上1勝クラス		16	6.0	11	10.6	4.0	7	田辺裕信	58.0	ダ1600		不	**	1:37.0	1.6	**	6-6	35.0-35.9	37.0	504(+2)			サンドオブエテル		202505021108
2021106063	2025-07-12	2福島5	曇	12.0	3歳以上1勝クラス		15	7.0	12	16.3	6.0	6	田辺裕信	58.0	ダ1700		良	**	1:47.1	0.9	**	8-9-6-6	30.2-38.2	38.5	502(-2)			プライベートアイズ		202503020512
2021106063	2025-11-09	5東京2	小雨	7.0	3歳以上1勝クラス		16	4.0	8	47.5	9.0	8	横山典弘	58.0	ダ1600		稍	**	1:39.0	1.1	**	13-14	35.4-36.8	36.6	506(+4)			ディーズゴールド		202505050207
2021106063	2025-12-07	5中山2	晴	12.0	3歳以上1勝クラス		16	3.0	6	88.7	11.0	9	石田拓郎	55.0	ダ1800		良	**	1:54.7	2.0	**	10-9-9-8	37.2-37.3	38.2	514(+8)			リザードアイランド		202506050212
2021106063	2026-01-04	1中山1	晴	7.0	4歳以上1勝クラス		16	6.0	12	62.9	10.0	10	田辺裕信	58.0	ダ1800		稍	**	1:56.0	2.2	**	9-9-8-8	36.7-39.6	40.9	514(0)			バタール		202606010107
2021106078	2024-02-24	2中山1	晴	3.0	3歳未勝利		16	2.0	3	309.7	15.0	12	横山琉人	56.0	ダ1200		稍	**	1:13.7	2.4	**	15-15	34.5-36.8	37.4	458(0)			レヴィテーション		202406020103
2021106078	2024-03-31	3中山4	晴	2.0	3歳未勝利		16	1.0	1	324.3	15.0	11	横山琉人	56.0	ダ1200		稍	**	1:14.7	2.9	**	13-13	34.6-37.2	38.0	460(+2)			ノーブルゲイル		202406030402
2021106078	2024-08-11	2札幌2	晴	3.0	3歳未勝利		14	3.0	4	157.9	10.0	5	丹内祐次	57.0	ダ1700		良	**	1:48.1	2.0	**	9-9-9-7	29.7-39.0	39.1	458(-2)			キングブルー	55.0	202401020203
2021106078	2024-08-25	3新潟6	曇	2.0	3歳未勝利		15	6.0	10	72.2	11.0	9	岩田康誠	57.0	ダ1800		良	**	1:56.5	1.9	**	10-11-11-11	36.9-38.5	39.5	458(0)			ウヌボレヤサン		202404030602
2021106078	2024-09-22	佐賀	曇	6.0	KYUSHUDREA(3歳)		8	2.0	2	1.7	1.0	1	青海大樹	54.0	ダ1400		不	**	1:29.7	-1.2	**	3-3-3-1		37.5	468(+10)			(ナムラベロニカ)	43.0	202455092206
2021106078	2024-10-12	佐賀	晴	6.0	C2ー17組		10	1.0	1	1.6	1.0	1	青海大樹	55.0	ダ1400		良	**	1:33.8	-0.5	**	4-3-4-2		38.4	473(+5)			(カイマナエレエレ)	40.0	202455101206
2021106078	2024-11-09	佐賀	曇	8.0	C2ー10組		12	3.0	3	1.6	1.0	1	山田義貴	55.0	ダ1400		良	**	1:31.7	-0.1	**	6-6-4-2		39.0	479(+6)			(ヴェストラン)	40.0	202455110908
2021106078	2024-11-23	佐賀	曇	6.0	C2ー5組		12	7.0	9	1.2	1.0	2	石川倭	56.0	ダ1400		良	**	1:31.4	0.5	**	12-9-5-2		38.1	479(0)			サンスイレン	12.8	202455112306
2021106078	2024-12-07	佐賀	晴	11.0	ケフェウス座特選(C2)		12	4.0	4	1.3	1.0	1	石川倭	56.0	ダ1400		良	**	1:30.6	-0.2	**	7-6-4-2		39.0	482(+3)			(コステロアスール)	45.0	202455120711
2021106078	2024-12-21	佐賀	曇	6.0	C1ー10組		11	6.0	7	1.2	1.0	1	石川倭	56.0	ダ1300		稍	**	1:24.5	-0.1	**	6-5-4-1		37.9	483(+1)			(バイコーン)	42.0	202455122106
2021106078	2025-01-06	佐賀	曇	10.0	ジャニュアリー特選(C1)		12	7.0	10	1.6	1.0	1	石川倭	56.0	ダ1860		稍	**	2:03.8	-0.6	**	4-4-1-1		39.0	485(+2)			(ロッソ)	55.0	202555010610
2021106078	2025-02-01	佐賀	雨	11.0	フェブラリー特選(C1)		11	4.0	4	1.3	1.0	1	石川倭	56.0	ダ1750		不	**	1:59.8	-0.6	**	6-4-4-1		38.9	483(-2)			(ミカヅキ)	55.0	202555020111
2021106078	2025-02-16	佐賀	晴	6.0	向春特別(B)		9	7.0	7	4.0	3.0	1	山田義貴	56.0	ダ1750		不	**	1:56.8	-0.3	**	6-6-4-2		37.9	483(0)			(カシノルーカス)	80.0	202555021606
2021106078	2025-03-01	佐賀	曇	4.0	春望賞(B)		10	8.0	10	1.1	1.0	1	山田義貴	56.0	ダ1860		良	**	2:07.2	-0.3	**	4-4-3-1		37.2	482(-1)			(ダンツトレント)	100.0	202555030104
2021106078	2025-12-06	5中京1	晴	6.0	3歳以上1勝クラス		16	4.0	8	121.0	12.0	10	城戸義政	58.0	ダ1900		良	**	2:02.4	2.2	**	9-9-9-11	30.8-37.8	39.2	478(-4)			スマートシーカー		202507050106
2021106078	2025-12-21	5中京6	雨	3.0	3歳以上1勝クラス		16	6.0	12	289.9	15.0	10	城戸義政	58.0	ダ1800		稍	**	1:54.4	1.3	**	9-10-12-12	37.0-38.4	38.5	472(-6)			ゼンエスポワール		202507050603
2021106078	2026-01-12	1京都5	晴	8.0	4歳以上1勝クラス		15	5.0	9	341.8	15.0	10	城戸義政	58.0	ダ1900		良	**	2:01.6	1.3	**	8-8-9-9	30.7-37.5	38.2	470(-2)			グレイルクエスト		202608010508
2021106078	2026-01-24	1小倉1	晴	8.0	4歳以上1勝クラス		7	6.0	6	20.4	6.0	7	団野大成	58.0	ダ2400		良	**	2:39.0	3.5	**	3-3-5-5	39.6-37.9	40.8	468(-2)			ベイラム		202610010108
2021106192	2023-08-20	3小倉4	晴	5.0	2歳新馬		15	7.0	14	125.5	14.0	8	角田大河	54.0	芝1800		良	**	1:51.5	1.6	**	6-6-5-4	36.4-36.0	37.2	458(0)			ジュンゴールド		202310030405
2021106192	2023-09-10	4阪神2	晴	2.0	2歳未勝利		7	1.0	1	33.4	7.0	5	角田大河	54.0	芝1600		良	**	1:36.2	0.3	**	3-3	36.5-33.6	33.7	468(+10)			コートリーバウ	55.0	202309040202
2021106192	2023-09-18	4阪神5	晴	1.0	2歳未勝利		11	7.0	9	6.0	3.0	5	和田竜二	55.0	ダ1800		良	**	1:58.4	1.8	**	6-7-6-4	36.9-41.1	41.4	464(-4)			スノーライトニング	55.0	202309040501
2021106192	2023-12-02	4中京1	晴	1.0	2歳未勝利		16	1.0	2	47.9	12.0	8	小沢大仁	55.0	ダ1400		良	**	1:27.6	1.7	**	9-7	35.8-37.3	38.4	482(+18)			テイエムリステット		202307040101
2021106192	2023-12-17	5阪神6	晴	1.0	2歳未勝利		13	6.0	9	134.9	10.0	10	モリス	56.0	ダ1800		稍	**	1:58.4	2.3	**	3-2-2-5	37.2-39.3	41.4	468(-14)			ポルポラジール		202309050601
2021106192	2024-01-13	1京都4	晴	3.0	3歳未勝利		14	6.0	10	93.7	11.0	7	ルメート	57.0	ダ1400		良	**	1:28.1	1.1	**	6-6	36.7-37.4	37.9	474(+6)			キャピタルサックス		202408010403
2021106192	2024-01-28	2京都2	晴	3.0	3歳未勝利		16	4.0	7	147.2	9.0	3	岩田望来	57.0	ダ1400		良	**	1:26.7	1.4	**	6-5	35.1-37.8	38.5	466(-8)			ストレングス	140.0	202408020203
2021106192	2024-03-17	1阪神8	曇	2.0	3歳未勝利		16	3.0	6	16.1	5.0	2	岩田望来	57.0	ダ1400		良	**	1:25.9	0.2	**	2-2	35.5-37.7	37.7	468(+2)			カルパ	220.0	202409010802
2021106192	2024-04-06	2阪神5	晴	2.0	3歳未勝利		16	2.0	3	2.4	1.0	2	岩田望来	57.0	ダ1400		稍	**	1:25.7	0.3	**	3-2	34.8-38.1	38.2	466(-2)			ドッビアーコ	220.0	202409020502
2021106192	2024-05-05	3京都6	晴	2.0	3歳未勝利		16	4.0	7	3.3	1.0	6	藤岡佑介	57.0	ダ1400		良	**	1:26.2	1.1	**	3-4	34.3-38.7	39.1	464(-2)			ズバットマサムネ		202408030602
2021106192	2024-06-22	4京都7	晴	3.0	3歳未勝利		16	2.0	3	6.6	3.0	10	岩田望来	57.0	ダ1400		重	**	1:26.3	0.9	**	5-5	34.7-38.7	39.0	466(+2)			ブーヤカ		202408040703
2021106192	2024-07-13	1函館11	晴	6.0	3歳未勝利		14	6.0	10	8.5	3.0	2	佐々木大	57.0	ダ1700		良	**	1:45.6	1.0	**	4-4-3-2	29.1-37.5	38.2	482(+16)			サンライズシア	220.0	202402011106
2021106192	2024-07-28	1札幌4	曇	3.0	3歳未勝利		14	7.0	11	2.6	1.0	1	佐々木大	57.0	ダ1700		不	**	1:46.1	-0.1	**	2-3-3-2	29.4-38.8	38.5	476(-6)			(ノーブルブランカ)	550.0	202401010403
2021106192	2024-12-14	4中京5	晴	6.0	3歳以上1勝クラス		16	2.0	3	12.0	5.0	11	鮫島克駿	57.0	ダ1400		良	**	1:25.3	1.2	**	8-7	33.8-38.1	38.0	480(+4)			ミッドナイトラスタ		202407040506
2021106192	2025-01-11	1中京3	晴	4.0	4歳以上1勝クラス		16	3.0	5	17.0	8.0	7	松山弘平	57.0	ダ1400		良	**	1:25.9	0.4	**	1-1	34.8-38.6	39.0	484(+4)			ダミエ		202507010304
2021106192	2025-02-08	1小倉5	小雪	8.0	4歳以上1勝クラス		15	5.0	8	6.4	3.0	11	佐々木大	57.0	ダ1700		稍	**	1:46.9	3.0	**	2-3-3-5	29.3-37.2	39.9	478(-6)			サイドキック		202510010508
2021106192	2025-05-04	1新潟2	晴	6.0	4歳以上1勝クラス		12	6.0	7	16.1	6.0	1	小沢大仁	58.0	ダ1800		稍	**	1:53.7	-0.3	**	2-3-3-3	36.5-39.3	39.0	490(+12)			(ゴヴェルナーレリコ)	800.0	202504010206
2021106192	2025-05-17	1新潟5	曇	10.0	中ノ岳特別(2勝クラス)		10	8.0	10	21.6	7.0	6	小沢大仁	58.0	ダ1800		稍	**	1:54.6	2.0	**	4-6-5-6	38.1-37.4	38.9	490(0)			カゼノランナー		202504010510
2021106192	2025-07-26	1札幌1	小雨	12.0	桑園特別(2勝クラス)		14	3.0	4	36.1	9.0	2	松岡正海	58.0	ダ1700		良	**	1:45.7	0.5	**	2-2-2-2	30.8-36.5	36.9	496(+6)			ワイドブリザード	628.8	202501010112
2021106192	2025-08-10	1札幌6	曇	12.0	Fビレッジ特別(2勝クラス)		14	4.0	6	43.7	10.0	13	松岡正海	56.0	ダ1700		良	**	1:47.0	3.1	**	2-2-2-3	29.3-37.5	40.4	498(+2)			イムホテプ		202501010612
2021106192	2025-11-09	3福島2	小雨	10.0	河北新報杯(2勝クラス)		15	4.0	7	28.5	9.0	7	国分恭介	58.0	ダ1700		良	**	1:46.4	0.9	**	10-11-11-10	30.1-37.8	37.7	504(+6)			アレナパラシオ		202503030210
2021106192	2025-11-29	4京都7	晴	9.0	栂尾特別(2勝クラス)		13	4.0	5	46.7	9.0	7	松山弘平	56.0	ダ1800		良	**	1:53.7	0.4	**	5-5-5-5	37.1-36.8	36.6	506(+2)			カペルブリュッケ		202508040709
2021106353	2024-01-14	1中山5	晴	4.0	3歳新馬		16	5.0	9	19.1	7.0	9	津村明秀	57.0	ダ1800		稍	**	1:59.0	2.3	**	14-14-13-12	36.9-39.9	40.4	506(0)			クレイヴィンオナー		202406010504
2021106353	2024-02-18	1東京8	晴	2.0	3歳未勝利		16	8.0	15	350.0	15.0	5	柴田大知	57.0	ダ2100		良	**	2:15.9	1.0	**	8-9-10-10	31.2-38.7	38.5	494(-12)			ニシノコルベット	55.0	202405010802
2021106353	2024-03-09	2中山5	晴	6.0	3歳未勝利		12	5.0	5	99.0	10.0	5	柴田大知	57.0	ダ1800		重	**	1:55.9	2.6	**	6-6-8-8	37.0-39.0	40.8	494(0)			グラウンドビート	55.0	202406020506
2021106353	2024-03-31	3中山4	晴	3.0	3歳未勝利		14	7.0	11	18.7	6.0	8	柴田大知	57.0	ダ1800		稍	**	1:56.7	1.9	**	9-9-7-7	37.8-38.1	39.4	494(0)			ダイオジェナイト		202406030403
2021106353	2024-04-27	2東京3	曇	3.0	3歳未勝利		12	5.0	5	36.6	7.0	4	柴田大知	57.0	ダ2100		稍	**	2:14.6	1.3	**	5-5-6-6	32.3-37.7	38.4	492(-2)			キャネル	83.0	202405020303
2021106353	2024-05-11	2東京7	晴	2.0	3歳未勝利		15	5.0	8	9.5	4.0	6	柴田大知	57.0	ダ2100		良	**	2:15.7	0.7	**	8-8-7-7	31.3-38.5	38.8	492(0)			ニューバラード		202405020702
2021106353	2024-06-02	3東京2	曇	2.0	3歳未勝利		16	4.0	7	23.4	7.0	2	柴田大知	57.0	ダ2100		重	**	2:11.1	0.1	**	4-4-4-2	30.9-37.6	37.4	494(+2)			ヴァズレーヌ	220.0	202405030202
2021106353	2024-06-15	3東京5	晴	2.0	3歳未勝利		16	4.0	7	7.9	4.0	1	柴田大知	57.0	ダ2100		良	**	2:13.7	-0.6	**	10-7-5-5	30.2-38.3	37.8	496(+2)			(トクシージェネラル)	550.0	202405030502
2021106353	2024-09-01	3新潟8	晴	8.0	3歳以上1勝クラス		12	5.0	6	12.2	3.0	5	柴田大知	55.0	ダ1800		良	**	1:53.9	1.0	**	5-5-3-4	36.5-37.9	38.6	496(0)			ノーブルラン	80.0	202404030808
2021106353	2024-09-14	4中山3	晴	8.0	3歳以上1勝クラス		15	4.0	7	9.1	4.0	1	柴田大知	55.0	ダ1800		良	**	1:53.6	-0.5	**	3-3-3-2	37.4-38.2	37.8	490(-6)			(タナバタ)	800.0	202406040308
2021106353	2024-10-13	4東京3	晴	8.0	3歳以上2勝クラス		16	3.0	6	17.6	8.0	2	柴田大知	56.0	ダ2100		良	**	2:11.0	0.5	**	2-3-4-4	31.4-36.5	36.7	496(+6)			リアレスト	460.0	202405040308
2021106353	2024-11-02	5東京1	小雨	9.0	神奈川新聞杯(2勝クラス)		16	2.0	4	12.9	6.0	6	柴田大知	56.0	ダ2100		重	**	2:10.6	0.8	**	7-6-8-6	31.4-35.8	36.1	500(+4)			グロバーテソーロ		202405050109
2021106353	2025-02-01	1東京1	晴	8.0	4歳以上2勝クラス		11	3.0	3	13.3	5.0	4	柴田大知	57.0	ダ2100		良	**	2:15.2	0.3	**	3-3-2-2	32.2-36.3	36.6	504(+4)			ハーバーライト	170.0	202505010108
2021106353	2025-02-23	1東京8	晴	7.0	4歳以上2勝クラス		14	8.0	14	37.6	11.0	13	柴田大知	57.0	ダ2100		良	**	2:15.3	2.3	**	3-3-2-2	32.3-36.6	38.8	502(-2)			アムールドパリ		202505010807
2021106353	2025-05-11	2東京6	晴	9.0	日吉特別(2勝クラス)		16	7.0	13	72.8	13.0	12	柴田大知	58.0	ダ2100		稍	**	2:11.1	1.9	**	5-7-5-5	30.7-36.5	38.0	504(+2)			カズタンジャー		202505020609
2021106353	2025-05-31	2東京11	小雨	12.0	4歳以上2勝クラス		15	1.0	1	55.1	12.0	3	内田博幸	58.0	ダ2100		不	**	2:09.3	0.5	**	1-1-1-1	29.6-37.1	37.6	502(-2)			ユアフラッシュ	290.0	202505021112
2021106353	2025-06-14	3東京3	小雨	9.0	日野特別(2勝クラス)		16	2.0	3	30.8	7.0	6	原優介	58.0	ダ2100		良	**	2:11.3	0.5	**	2-2-2-2	30.8-37.8	38.2	508(+6)			ノットイナフ		202505030309
2021106353	2025-09-15	4中山5	曇	9.0	鋸山特別(2勝クラス)		11	2.0	2	26.3	6.0	3	原優介	58.0	ダ1800		良	**	1:53.3	1.3	**	2-2-2-1	36.4-37.6	38.8	504(-4)			リアライズカミオン	394.1	202506040509
2021106353	2025-10-11	4東京3	雨	10.0	東村山特別(2勝クラス)		16	8.0	15	29.1	7.0	15	原優介	58.0	ダ2100		稍	**	2:14.3	3.5	**	3-3-3-3	31.4-37.2	40.3	504(0)			シャンパンポップ		202505040310
2021106353	2025-12-13	5中山3	曇	8.0	3歳以上2勝クラス		15	4.0	7	33.7	9.0	7	原優介	58.0	ダ1800		良	**	1:54.9	0.6	**	4-3-2-3	37.5-38.5	38.8	508(+4)			ミライヘノカギ		202506050308
2021106353	2026-01-24	1中山8	曇	10.0	初霞賞(2勝クラス)		10	7.0	8	13.5	4.0	3	原優介	58.0	ダ1800		良	**	1:55.9	0.7	**	5-5-5-5	37.7-39.3	39.4	512(+4)			プルナチャンドラ	403.6	202606010810
2021106401	2025-10-25	4新潟3	晴	7.0	3歳以上1勝クラス		14	5.0	7	247.2	14.0	14	橋木太希	55.0	ダ1200		良	**	1:15.8	4.3	**	14-14	34.7-36.8	37.4	506(0)			サンライズプルート		202504040307
2021106401	2025-12-06	5中京1	晴	2.0	3歳以上1勝クラス		13	3.0	3	543.3	12.0	13	橋木太希	55.0	ダ1200		良	**	1:15.4	3.5	**	13-13	35.1-36.8	37.9	500(-6)			セルヴァンス		202507050102
2021106601	2024-01-14	1京都5	晴	5.0	3歳新馬		18	5.0	9	2.2	1.0	7	ルメート	57.0	芝1600		良	**	1:36.5	1.4	**	9-9	34.7-35.6	36.0	454(0)			ミエスペランサ		202408010505
2021106601	2024-01-27	2京都1	曇	5.0	3歳未勝利		9	1.0	1	7.0	4.0	4	団野大成	57.0	芝1800		良	**	1:48.3	1.0	**	5-4	34.8-35.8	36.5	458(+4)			スマートワイス	83.0	202408020105
2021106601	2024-03-24	2阪神2	雨	5.0	3歳未勝利		18	8.0	18	9.1	4.0	2	角田大河	56.0	芝1600		重	**	1:35.1	0.5	**	4-4	35.0-35.6	35.9	466(+8)			パシフィックハイ	220.0	202409020205
2021106601	2024-04-14	2阪神8	晴	2.0	3歳未勝利		15	7.0	13	3.8	2.0	3	団野大成	57.0	ダ1400		良	**	1:25.5	0.1	**	5-5	35.0-38.1	37.3	464(-2)			グリーズマン	111.5	202409020802
2021106601	2024-06-15	4京都5	晴	4.0	3歳未勝利		18	7.0	13	15.4	5.0	3	幸英明	57.0	芝1400		良	**	1:20.2	0.2	**	8-8	34.2-34.3	33.6	470(+6)			ツーネサーン	140.0	202408040504
2021106601	2024-07-07	3小倉4	晴	7.0	3歳未勝利		16	1.0	2	4.3	2.0	3	幸英明	57.0	芝1800		良	**	1:47.7	0.6	**	2-2-2-2	34.9-36.5	37.0	472(+2)			ダノンアトラス	140.0	202410030407
2021106601	2024-08-03	2新潟3	晴	5.0	3歳未勝利		18	4.0	8	5.5	3.0	11	幸英明	57.0	芝2000		良	**	2:01.4	1.6	**	1-1-1-2	34.1-35.7	37.3	478(+6)			サダムオプシス		202404020305
2021106601	2024-10-12	4新潟3	晴	8.0	3歳以上1勝クラス		13	4.0	4	4.7	2.0	3	菅原明良	57.0	ダ1200		良	**	1:11.7	0.0	**	7-8	34.3-37.4	36.6	478(0)			ネイト	200.0	202404040308
2021106601	2024-12-22	7京都8	晴	12.0	ジングルベル賞(2勝クラス)		17	5.0	10	6.9	4.0	1	Ｍ．デム	53.0	芝1400		良	**	1:21.2	-0.4	**	5-4	35.4-34.2	33.7	482(+4)			(ショウナンラウール)	1593.4	202408070812
2021106601	2025-03-02	1阪神2	曇	12.0	4歳以上2勝クラス		16	5.0	10	5.0	3.0	3	森田誠也	55.0	ダ1200		良	**	1:12.0	0.3	**	2-1	34.7-37.0	37.3	486(+4)			キタノズエッジ	290.0	202509010212
2021106601	2025-03-15	2中京1	小雨	9.0	伊良湖特別(2勝クラス)		16	2.0	3	2.2	1.0	1	鮫島克駿	58.0	ダ1200		良	**	1:12.3	-0.2	**	2-2	35.9-36.4	36.3	486(0)			(セントラルヴァレー)	1588.5	202507020109
2021106601	2025-05-04	2京都4	晴	10.0	淀S(3勝クラス)		13	4.0	4	4.5	2.0	1	団野大成	58.0	芝1200		良	**	1:08.2	-0.2	**	4-3	34.3-33.9	33.6	482(-4)			(バンドシェル)	1869.4	202508020410
2021106601	2025-07-06	2小倉4	晴	11.0	TV西日本北九州記念(GIII)		18	5.0	9	5.7	1.0	1	団野大成	55.0	芝1200		良	**	1:07.8	-0.1	**	10-7	32.5-35.3	34.7	496(+14)			(ヨシノイースター)	4163.7	202510020411
2021106601	2025-08-10	3中京6	曇	7.0	CBC賞(GIII)		17	7.0	14	4.2	2.0	12	団野大成	57.5	芝1200		良	**	1:08.0	0.6	**	11-10	34.0-33.4	33.3	494(-2)			インビンシブルパパ		202507030607
2021106601	2025-09-28	4中山9	晴	11.0	スプリンターズS(GI)		16	6.0	12	140.0	15.0	15	団野大成	58.0	芝1200		良	**	1:08.2	1.3	**	13-14	33.7-33.2	33.4	498(+4)			ウインカーネリアン		202506040911
2021106601	2025-11-30	4京都8	晴	12.0	京阪杯(GIII)		18	8.0	16	25.4	12.0	7	団野大成	58.0	芝1200		良	**	1:08.1	0.7	**	10-12	32.7-34.7	33.8	492(-6)			エーティーマクフィ		202508040812
2021106661	2023-12-05	大井	曇	3.0	2歳　新馬(新馬)		0	8.0	9				笹川翼	55.0	ダ1400		良								計不					202344120503
2021106661	2023-12-09	大井	晴	3.0	2歳　新馬(新馬)		9	8.0	9	1.4	1.0	1.0	笹川翼	55.0	ダ1400		良	**	1:30.4	-2.0	**	5-3-3	38.1-39.6	39.3	473(0)			(コロラドフォンテン)	400.0	202344120903
2021106661	2023-12-28	大井	晴	9.0	’23セラフィナイト(OP)(2歳)		6	6.0	6	2.0	1.0	5.0	笹川翼	55.0	ダ1800		良	**	2:02.3	3.8	**	4-4-3-3	41.2-37.6	40.9	470(-3)			ティントレット	58.5	202344122809
2021106661	2024-03-21	大井	晴	6.0	3歳四　五		14	5.0	9	1.6	1.0	3.0	笹川翼	56.0	ダ1200		良	**	1:16.2	0.1	**	6-6	36.4-39.7	39.2	463(-7)			サブノコイゴコロ	65.0	202444032106
2021106661	2024-04-12	大井	曇	5.0	3歳一　二三(3歳二)		13	4.0	6	2.7	1.0	4.0	笹川翼	56.0	ダ1400		重	**	1:30.3	0.2	**	6-6-6	37.8-39.6	39.5	469(+6)			ゲールタクト	27.0	202444041205
2021106661	2024-04-26	大井	曇	3.0	3歳一　二三(3歳二)		11	8.0	11	4.8	2.0	8.0	御神本訓	56.0	ダ1200		重	**	1:15.7	1.7	**	10-8	36.1-37.9	38.6	469(0)			フクノフードゥル		202444042603
2021106661	2024-12-20	名古屋	晴	9.0	B6組		11	2.0	2	12.0	2.0	2.0	丸野勝虎	56.0	ダ1700		良	**	1:51.0	1.2	**	2-2-1		39.4	459(-10)			メイショウタイセツ	21.0	202448122009
2021106661	2025-01-19	1中京7	晴	12.0	4歳以上1勝クラス		16	1.0	2	63.7	11.0	11.0	西村淳也	57.0	芝1600		良	**	1:36.0	1.8	**	9-15-15	35.5-35.3	35.1	458(-1)			オトコギアンパン		202507010712
2021106661	2025-02-01	1京都1	曇	8.0	4歳以上1勝クラス		15	2.0	3	242.2	12.0	11.0	川又賢治	58.0	ダ1400		良	**	1:26.3	1.5	**	5-5	35.9-36.7	37.7	458(0)			ヒルノドゴール		202508010108
2021106661	2025-03-01	1小倉11	曇	12.0	4歳以上1勝クラス		18	4.0	8	82.2	17.0	4.0	西塚洸二	57.0	芝1200		良	**	1:09.3	0.2	**	15-15	33.4-35.7	34.6	452(-6)			ハピアーザンエバー	120.0	202510011112
2021106661	2025-04-20	1福島4	曇	9.0	医王寺特別(1勝クラス)		15	4.0	7	18.0	7.0	7.0	斎藤新	58.0	芝1200		良	**	1:09.0	0.7	**	12-11	33.4-34.9	34.3	452(0)			ロードマイライフ		202503010409
2021106661	2025-05-25	1新潟8	曇	8.0	4歳以上1勝クラス		16	5.0	10	6.9	4.0	2.0	松本大輝	57.0	芝1200		稍	**	1:11.5	0.0	**	10-13	34.8-36.7	35.4	454(+2)			ソレントフレイバー	320.0	202504010808
2021106661	2025-06-14	3阪神3	雨	12.0	3歳以上1勝クラス		16	2.0	3	9.9	5.0	2.0	西塚洸二	57.0	芝1200		重	**	1:10.5	0.3	**	15-15	34.8-35.4	34.5	446(-8)			ペプチドクレマチス	320.0	202509030312
2021106661	2025-07-06	2小倉4	晴	9.0	小郡特別(1勝クラス)		8	7.0	7	9.4	4.0	1.0	西塚洸二	58.0	芝1200		良	**	1:08.4	-0.1	**	7-6	33.7-34.7	33.8	448(+2)			(ベルビースタローン)	1131.7	202510020409
2021106661	2025-07-20	2小倉8	晴	12.0	耶馬渓特別(2勝クラス)		18	1.0	1	20.8	6.0	9.0	西塚洸二	58.0	芝1200		良	**	1:08.8	1.1	**	18-18	32.9-34.8	34.0	450(+2)			フリッカージャブ		202510020812
2021106661	2025-08-16	3中京7	晴	6.0	知多特別(2勝クラス)		13	7.0	11	13.9	5.0	12.0	西塚洸二	58.0	芝1200		良	**	1:08.3	1.2	**	12-12	33.6-33.5	32.9	448(-2)			サウスバンク		202507030706
2021106661	2025-08-24	4中京2	晴	11.0	長篠S(3勝クラス)		9	5.0	5	23.1	6.0	3.0	富田暁	58.0	芝1200		良	**	1:07.8	0.6	**	9-9	33.7-33.5	33.3	446(-2)			ワンダーキサラ	463.1	202507040211
2021106661	2025-09-21	4阪神7	曇	9.0	北摂特別(2勝クラス)		10	8.0	9	8.3	3.0	5.0	富田暁	58.0	芝1200		良	**	1:08.6	0.4	**	8-7	34.2-34.0	33.3	448(+2)			アスティスプマンテ	155.0	202509040709
2021106661	2025-11-29	4京都7	晴	12.0	3歳以上2勝クラス		16	7.0	14	7.6	2.0	6.0	富田暁	58.0	芝1200		良	**	1:09.0	0.6	**	13-12	33.6-34.8	33.6	448(0)			ジュンヴァンケット		202508040712
2021106661	2025-12-28	5阪神8	晴	12.0	カウントダウンS(3勝クラス)		10	1.0	1	22.8	8.0	7.0	富田暁	58.0	芝1200		良	**	1:08.9	0.5	**	5-5	34.9-33.5	33.5	446(-2)			イツモニコニコ		202509050812
2021106694	2023-07-23	3中京8	晴	5.0	2歳新馬		11	6.0	7	3.7	2.0	4	松山弘平	55.0	芝2000		良	**	2:05.7	0.4	**	7-8-7-7	37.5-35.8	35.5	490(0)			マテンロウゴールド	110.0	202307030805
2021106694	2023-09-18	4中山5	晴	4.0	2歳未勝利		11	8.0	10	5.1	4.0	7	松山弘平	55.0	芝1800		良	**	1:50.1	1.2	**	6-7-7-6	37.1-34.6	35.2	488(-2)			サトノオラシオン		202306040504
2021106694	2023-10-22	4東京7	晴	3.0	2歳未勝利		8	8.0	8			取	菅原明良	56.0	芝2000		良	**			**		36.6-35.4		計不			エセルフリーダ		202305040703
2021106694	2023-12-16	4中京5	曇	4.0	2歳未勝利		14	4.0	7	11.7	4.0	1	藤岡佑介	56.0	芝2000		重	**	2:00.7	-0.2	**	2-2-2-2	36.1-35.8	35.7	498(+10)			(メイクユーマイン)	550.0	202307040504
2021106694	2024-03-24	1中京6	小雨	9.0	大寒桜賞(1勝クラス)		10	7.0	7	6.8	4.0	8	川田将雅	57.0	芝2200		重	**	2:18.5	1.1	**	2-2-2-2	35.8-35.6	36.6	502(+4)			シュガークン		202407010609
2021106694	2024-04-07	3中山6	晴	6.0	3歳1勝クラス		16	6.0	12	27.8	7.0	13	団野大成	57.0	ダ1800		重	**	1:54.2	2.4	**	7-4-5-8	36.5-38.5	40.5	498(-4)			カシマエスパーダ		202406030606
2021106694	2024-06-08	1函館1	晴	7.0	3歳以上1勝クラス		13	8.0	13	16.6	6.0	7	富田暁	55.0	芝2000		良	**	2:00.9	0.3	**	2-2-2-2	35.1-36.0	36.1	500(+2)			フロムナウオン		202402010107
2021106694	2024-06-29	1函館7	晴	7.0	3歳以上1勝クラス		11	5.0	5	20.9	9.0	3	角田大河	54.0	芝2000		良	**	2:00.8	0.2	**	2-2-2-2	34.7-36.6	36.7	498(-2)			マイノワール	200.0	202402010707
2021106694	2024-08-04	1札幌6	曇	8.0	3歳以上1勝クラス		10	5.0	5	11.9	6.0	5	富田暁	55.0	芝2000		稍	**	2:03.2	1.7	**	4-4-5-6	35.5-36.4	37.5	488(-10)			ハヤテノフクノスケ	80.0	202401010608
2021106694	2024-08-24	2札幌5	晴	9.0	ルスツ特別(1勝クラス)		14	7.0	11	34.6	6.0	6	富田暁	55.0	芝2600		良	**	2:43.0	1.0	**	3-3-3-6	37.1-36.4	37.2	486(-2)			ヴェローチェエラ		202401020509
2021106694	2024-09-14	4中山3	晴	7.0	3歳以上1勝クラス		10	7.0	8	3.8	2.0	8	丹内祐次	55.0	芝2500		良	**	2:34.4	2.8	**	9-8-1-1	29.9-35.6	38.4	486(0)			エメリヨン		202406040307
2021106694	2025-01-26	1小倉2	晴	8.0	4歳以上1勝クラス		13	1.0	1	9.9	5.0	1	丹内祐次	57.0	ダ2400		良	**	2:32.0	-1.5	**	1-1-1-1	37.6-38.7	38.7	504(+18)			(アイファーキャップ)	800.0	202510010208
2021106694	2025-03-15	2中山5	曇	9.0	阿見特別(2勝クラス)		14	8.0	13	2.0	1.0	6	横山武史	56.0	ダ2400		稍	**	2:36.0	1.9	**	1-1-1-2	37.2-39.4	41.3	508(+4)			ワンパット		202506020509
2021106694	2025-04-13	3中山6	雨	9.0	印西特別(2勝クラス)		11	3.0	3	6.8	3.0	5	木幡巧也	58.0	ダ2400		良	**	2:35.2	0.7	**	8-8-4-5	38.6-38.2	38.6	506(-2)			コスモジンバック	155.0	202506030609
2021106694	2025-05-11	2東京6	晴	9.0	日吉特別(2勝クラス)		16	6.0	11	5.5	3.0	11	レーン	58.0	ダ2100		稍	**	2:11.1	1.9	**	9-9-8-8	30.7-36.5	37.8	506(0)			カズタンジャー		202505020609
2021106694	2025-05-25	2京都10	曇	12.0	4歳以上2勝クラス		9	8.0	8	5.6	3.0	2	川須栄彦	58.0	ダ1900		重	**	1:57.8	0.2	**	4-4-1-1	31.1-37.3	37.5	502(-4)			アーマルコライト	460.0	202508021012
2021106694	2025-09-28	4阪神9	曇	12.0	3歳以上2勝クラス		14	8.0	13	4.6	2.0	2	川須栄彦	58.0	ダ2000		良	**	2:06.2	0.5	**	1-1-1-1	35.6-38.2	38.7	494(-8)			シャルクハフト	460.0	202509040912
2021106694	2025-10-25	3京都8	曇	9.0	北國新聞杯(2勝クラス)		16	5.0	10	4.5	2.0	3	松山弘平	58.0	ダ1900		良	**	1:58.8	0.8	**	2-2-2-2	29.9-38.0	38.6	494(0)			タガノマカシヤ	395.3	202508030809
2021106694	2025-12-13	5阪神3	晴	10.0	赤穂特別(2勝クラス)		14	4.0	6	4.2	3.0	7	坂井瑠星	58.0	ダ2000		良	**	2:05.8	0.8	**	10-10-10-10	35.5-37.1	36.9	504(+10)			ポルポラジール		202509050310
2021106694	2026-01-11	1京都4	晴	9.0	五条坂特別(2勝クラス)		10	7.0	7	9.7	5.0	3	坂井瑠星	58.0	ダ1900		良	**	1:59.8	0.6	**	1-1-1-1	29.6-38.8	39.4	504(0)			キーチパルフェ	403.5	202608010409
2021106759	2024-01-08	1中山3	晴	4.0	3歳新馬		16	4.0	8	13.8	5.0	4	三浦皇成	55.0	ダ1800		良	**	2:00.7	1.1	**	13-13-7-6	39.9-39.4	39.9	472(0)			ジーティーアグリム	93.0	202406010304
2021106759	2024-03-10	2中山6	晴	1.0	3歳未勝利		16	1.0	1	58.3	10.0	3	武藤雅	55.0	ダ1800		稍	**	1:57.1	0.9	**	13-13-8-5	37.3-40.3	40.5	482(+10)			ゴールドアローン	140.0	202406020601
2021106759	2024-03-31	3中山4	晴	1.0	3歳未勝利		13	6.0	8	10.8	5.0	6	武藤雅	55.0	ダ1800		稍	**	1:56.5	1.4	**	6-5-6-7	36.3-39.5	40.3	488(+6)			ザロック		202406030401
2021106759	2024-05-18	2東京9	晴	1.0	3歳未勝利		16	4.0	8	5.7	3.0	1	三浦皇成	55.0	ダ1600		良	**	1:39.1	-0.1	**	7-7	35.9-37.5	36.9	488(0)			(サラフォーコン)	550.0	202405020901
2021106759	2024-06-30	2福島2	曇	8.0	3歳以上1勝クラス		13	6.0	8	6.2	5.0	2	三浦皇成	53.0	ダ1700		良	**	1:47.1	0.7	**	7-7-4-3	30.4-37.3	37.6	494(+6)			アパイシュナール	320.0	202403020208
2021106759	2024-08-10	3新潟1	晴	8.0	3歳以上1勝クラス		15	1.0	1	47.9	7.0	15	武藤雅	53.0	ダ1800		良	**	1:56.9	4.2	**	12-11-10-9	36.8-36.9	40.1	494(0)			マンマリアーレ		202404030108
2021106759	2024-09-08	4中山2	晴	4.0	3歳以上1勝クラス		16	6.0	11	28.5	8.0	10	佐々木大	53.0	ダ1800		良	**	1:55.0	1.3	**	11-10-9-6	35.3-39.4	40.2	494(0)			アムールドパリ		202406040204
2021106759	2024-12-01	5中山2	晴	7.0	3歳以上1勝クラス		12	8.0	12	30.0	10.0	9	鮫島克駿	54.0	ダ1800		良	**	1:55.3	2.2	**	10-10-8-8	37.1-37.7	39.0	496(+2)			サツキノジョウ		202406050207
2021106759	2025-02-08	1東京3	晴	4.0	4歳以上1勝クラス		16	2.0	4	28.8	7.0	7	三浦皇成	56.0	ダ1600		良	**	1:40.3	0.9	**	14-14	35.9-38.3	37.8	498(+2)			アルドール		202505010304
2021106759	2025-03-16	2中山6	雨	7.0	4歳以上1勝クラス		16	6.0	11	21.0	8.0	5	三浦皇成	56.0	ダ1200		不	**	1:12.0	0.7	**	14-12	33.4-37.9	36.4	488(-10)			バロン	80.0	202506020607
2021106759	2025-03-30	3中山2	晴	8.0	4歳以上1勝クラス		16	7.0	13	47.2	10.0	12	三浦皇成	56.0	ダ1200		稍	**	1:13.2	0.9	**	14-14	36.0-36.3	36.0	484(-4)			セキテイオー		202506030208
2021106759	2025-04-26	2東京1	曇	7.0	4歳以上1勝クラス		14	8.0	13	14.2	5.0	3	三浦皇成	56.0	ダ1400		稍	**	1:26.0	0.3	**	10-10	36.5-36.6	36.2	492(+8)			チェイスザウェイ	200.0	202505020107
2021106759	2025-05-10	2東京5	曇	7.0	4歳以上1勝クラス		16	8.0	16	29.3	6.0	12	三浦皇成	56.0	ダ1300		重	**	1:18.4	1.4	**	15-15	30.0-34.7	35.0	494(+2)			トルーマンテソーロ		202505020507
2021106759	2025-09-15	4中山5	曇	12.0	3歳以上1勝クラス		16	5.0	9	35.2	8.0	4	岩田望来	56.0	ダ1200		良	**	1:11.9	1.1	**	13-13	33.8-37.0	37.0	510(+16)			ワンダラー	120.0	202506040512
2021106759	2025-10-04	4東京1	曇	6.0	3歳以上1勝クラス		16	1.0	1	36.1	10.0	7	三浦皇成	56.0	ダ1400		良	**	1:26.6	0.7	**	14-13	35.8-37.3	36.7	514(+4)			ゲキザル		202505040106
2021106759	2025-10-26	4新潟4	雨	6.0	3歳以上1勝クラス		13	5.0	6	21.1	6.0	5	柴田裕一	54.0	ダ1200		稍	**	1:12.0	1.2	**	11-11	34.7-36.1	36.0	510(-4)			セレジェイラ	80.0	202504040406
2021106759	2025-11-15	3福島3	晴	2.0	3歳以上1勝クラス		16	6.0	12	37.5	10.0	12	柴田裕一	54.0	ダ1150		良	**	1:10.3	1.3	**	15-13	31.5-37.5	37.0	500(-10)			プレゼンティーア		202503030302
2021106935	2023-06-07	門別	曇	4.0	JRA認定フレッシュ(新馬)(2歳)		7	2.0	2	1.3	1.0	1	服部茂史	54.0	ダ1200		稍	**	1:14.5	-1.2	**	1-1		39.2	494(0)			(バレンタインガール)	250.0	202330060704
2021106935	2023-06-28	門別	晴	4.0	パール特別(OP)(2歳)		6	4.0	4	4.8	3.0	1	服部茂史	54.0	ダ1700		稍	**	1:51.0	-0.4	**	2-2-2-1		39.1	490(-4)			(ルクスシールズ)	100.0	202330062804
2021106935	2023-08-10	門別	曇	12.0	ブリーダーズゴールド(重賞)		8	4.0	4	1.8	1.0	3	服部茂史	54.0	ダ1700		稍	**	1:51.3	0.5	**	2-2-2-2		41.1	496(+6)			ブラックバトラー	105.0	202330081012
2021106935	2023-10-11	川崎	晴	11.0	鎌倉記念【地方交流】(重賞)		11	2.0	2	4.3	2.0	1	服部茂史	55.0	ダ1500		稍	**	1:37.0	-0.5	**	2-2-1-1	29.5-41.2	41.1	498(+2)			(ライゾマティクス)	1500.0	202345101111
2021106935	2023-11-09	門別	晴	9.0	ビアパーティーAib(OP)(2歳)		9	2.0	2	1.4	1.0	6	服部茂史	57.0	ダ1700		稍	**	1:51.3	0.4	**	1-1-1-2		42.0	506(+8)			キタサンヒコボシ		202330110909
2021106935	2023-12-13	川崎	晴	11.0	全日本2歳優駿【国際(JpnI)		12	6.0	7	105.3	7.0	3	服部茂史	56.0	ダ1600		稍	**	1:45.5	2.0	**	5-4-4-3	36.6-40.1	41.9	500(-6)			フォーエバーヤング	840.0	202345121311
2021106935	2024-02-14	大井	晴	11.0	雲取賞競走(JpnIII)		16	8.0	16	41.7	6.0	3	服部茂史	57.0	ダ1800		良	**	1:55.9	0.7	**	3-3-3-3	37.5-39.6	40.2	510(+10)			ブルーサン	400.0	202444021411
2021106935	2024-03-20	大井	曇	11.0	京浜盃競走(JpnII)		9	1.0	1	6.7	3.0	1	服部茂史	56.0	ダ1700		良	**	1:48.7	-1.5	**	3-3-4-3	31.3-40.2	39.9	513(+3)			(アンモシエラ)	3000.0	202444032011
2021106935	2024-09-04	川崎	晴	11.0	戸塚記念(重賞)		13	1.0	1	2.4	1.0	1	笹川翼	56.0	ダ2100		重	**	2:20.0	-1.3	**	3-2-1-1	31.2-40.0	40.0	536(+23)			(フロインフォッサル)	3000.0	202445090411
2021106935	2024-10-02	大井	晴	11.0	ジャパンダートクラシ(JpnI)		15	4.0	6	38.4	6.0	7	笹川翼	57.0	ダ2000		良	**	2:06.0	1.9	**	6-6-5-4	35.7-38.2	39.7	531(-5)			フォーエバーヤング		202444100211
2021106935	2025-02-24	名古屋	晴	7.0	かきつばた記念(JpnIII)		10	4.0	4	7.8	4.0	6	吉原寛人	58.0	ダ1500		良	**	1:35.0	1.5	**	5-5-6		38.9	533(+2)			ロードフォンス		202548022407
2021106935	2025-06-03	船橋	雨	11.0	短夜賞(OP)(3上)		9	2.0	2	1.8	1.0	1	矢野貴之	56.0	ダ1800		不	**	1:52.1	-1.0	**	1-1-1-1	36.5-38.9	38.9	531(-2)			(ギガキング)	800.0	202543060311
2021106935	2025-08-27	船橋	晴	11.0	フリオーソレジェンド(重賞)		9	1.0	1	2.0	2.0	1	矢野貴之	56.0	ダ1800		良	**	1:51.1	-1.7	**	1-1-1-1	36.9-36.5	36.5	534(+3)			(キングストンボーイ)	1500.0	202543082711
2021106935	2025-11-03	船橋	晴	11.0	JBCクラシック(JpnI)		13	4.0	5	6.6	3.0	3	矢野貴之	57.0	ダ1800		稍	**	1:53.6	1.6	**	1-1-1-1	35.5-39.1	40.7	538(+4)			ミッキーファイト	2000.0	202543110311
2021110014	2023-06-04	3阪神2	晴	5.0	2歳新馬		8	7.0	7	4.1	2.0	3	岩田康誠	55.0	芝1400		良	**	1:24.5	0.1	**	8-8	36.8-34.8	34.4	480(0)			アトロルーベンス	180.0	202309030205
2021110014	2023-06-25	3東京8	晴	1.0	2歳未勝利		6	4.0	4	4.2	2.0	3	横山典弘	55.0	芝1600		良	**	1:35.2	0.6	**	4-4	34.7-35.9	35.6	482(+2)			コラソンビート	140.0	202305030801
2021110014	2023-09-17	4阪神4	晴	3.0	2歳未勝利		13	8.0	13	4.9	3.0	5	武豊	55.0	芝1400		良	**	1:21.6	0.4	**	8-8	33.3-35.8	35.6	480(-2)			イツモニコニコ	55.0	202309040403
2021110014	2023-11-26	3京都8	曇	1.0	2歳未勝利		16	1.0	1	2.7	1.0	4	菅原明良	55.0	ダ1200		良	**	1:13.4	0.9	**	4-3	35.1-37.4	37.8	484(+4)			ゴッドカインド	83.0	202308030801
2021110014	2023-12-09	5阪神3	晴	3.0	2歳未勝利		13	6.0	8	5.3	4.0	7	川田将雅	55.0	ダ1200		良	**	1:15.0	1.7	**	6-7	35.7-37.6	38.7	474(-10)			ペプチドシュチク		202309050303
2021110014	2024-01-23	高知	晴	3.0	室戸盃(3歳)		10	8.0	9	1.8	1.0	1	吉原寛人	54.0	ダ1400		重	**	1:33.0	-0.2	**	2-2-3-2		41.3	476(+2)			(エクステンシヴリー)	200.0	202454012303
2021110014	2024-02-10	1東京5	晴	11.0	デイリー杯クイーンC(GIII)		13	7.0	10	403.1	13.0	12	石橋脩	55.0	芝1600		良	**	1:35.0	1.9	**	2-2	35.4-34.4	36.1	468(-8)			クイーンズウォーク		202405010511
2021110014	2024-03-10	1阪神6	晴	6.0	3歳1勝クラス		14	4.0	5	55.3	8.0	11	団野大成	55.0	ダ1400		良	**	1:27.5	2.7	**	6-7	35.2-37.4	39.2	468(0)			ロードフォアエース		202409010606
2021110014	2024-03-24	2阪神2	雨	6.0	3歳1勝クラス		12	5.0	5	111.7	12.0	11	団野大成	55.0	ダ1200		不	**	1:12.1	1.6	**	10-10	34.6-35.9	36.2	470(+2)			ミライテーラー		202409020206
2021110014	2024-08-17	2中京3	晴	12.0	3歳以上1勝クラス		18	2.0	3	30.4	10.0	10	吉村誠之	51.0	芝1200		良	**	1:08.5	0.5	**	11-12	33.1-34.9	34.3	472(+2)			セレッソデアモール		202407020312
2021110014	2024-10-14	4新潟4	晴	9.0	稲光特別(1勝クラス)		17	8.0	17	6.7	3.0	3	団野大成	55.0	芝1000		良	**	0:55.2	0.0	**	1	32.9-33.0	33.0	480(+8)			セイウンティーダ	285.6	202404040409
2021110014	2024-11-10	3福島4	晴	7.0	3歳以上1勝クラス		16	2.0	3	17.6	7.0	10	永島まな	53.0	芝1200		良	**	1:11.4	1.3	**	2-3	34.5-35.6	36.8	480(0)			ヤブサメ		202403030407
2021110014	2025-01-26	1小倉2	晴	9.0	八幡特別(1勝クラス)		18	3.0	5	30.1	6.0	5	川又賢治	56.0	芝1200		良	**	1:08.9	0.4	**	6-5	33.3-35.2	35.1	476(-4)			ニシノピウモッソ	111.0	202510010209
2021110014	2025-02-22	1小倉9	晴	9.0	秋吉台特別(1勝クラス)		18	4.0	8	32.3	11.0	17	川端海翼	56.0	芝1200		良	**	1:09.8	1.5	**	8-10	34.3-34.0	34.8	478(+2)			レッドエヴァンス		202510010909
2021110014	2025-03-30	2阪神2	曇	7.0	4歳以上1勝クラス		17	3.0	5	40.2	10.0	5	浜中俊	56.0	芝1400		良	**	1:21.3	0.2	**	5-5	33.8-35.7	35.2	480(+2)			レディマリオン	80.0	202509020207
2021110014	2025-04-20	1福島4	曇	9.0	医王寺特別(1勝クラス)		15	7.0	13	16.1	6.0	4	石川裕紀	56.0	芝1200		良	**	1:08.9	0.6	**	4-4	33.4-34.9	34.9	478(-2)			ロードマイライフ	170.0	202503010409
2021110014	2025-05-18	1新潟6	曇	9.0	飛竜特別(1勝クラス)		16	2.0	4	19.9	8.0	8	吉田隼人	56.0	芝1000		良	**	0:57.0	0.4	**	11	33.6-33.9	33.7	470(-8)			ブルボンクイーン		202504010609
2021110014	2025-10-25	4新潟3	曇	9.0	稲光特別(1勝クラス)		18	4.0	7	35.8	9.0	11	中井裕二	56.0	芝1000		良	**	0:55.8	0.8	**	8	33.4-32.3	32.6	484(+14)			スペルキャスター		202504040309
2021110126	2023-09-30	4阪神8	晴	4.0	2歳新馬		18	5.0	9	40.5	7.0	5	秋山真一	55.0	芝1400		良	**	1:21.9	0.7	**	12-13	34.3-35.1	34.2	480(0)			ダノンマッキンリー	72.0	202309040804
2021110126	2023-10-14	2京都4	曇	3.0	2歳未勝利		11	6.0	7	4.7	2.0	3	坂井瑠星	56.0	芝1600		良	**	1:34.9	0.4	**	5-4	35.1-35.1	35.1	484(+4)			バレルターン	140.0	202308020403
2021110126	2023-11-12	3京都4	曇	3.0	2歳未勝利		13	1.0	1	8.3	4.0	8	坂井瑠星	56.0	芝1600		良	**	1:35.6	0.6	**	6-6	34.7-36.3	36.6	480(-4)			オフトレイル		202308030403
2021110126	2024-02-11	2京都6	晴	2.0	3歳未勝利		16	5.0	10	3.8	2.0	1	酒井学	57.0	ダ1200		良	**	1:11.6	-0.7	**	2-2	35.4-36.2	36.1	486(+6)			(ローガンパス)	550.0	202408020602
2021110126	2024-02-25	1阪神2	小雨	5.0	3歳1勝クラス		10	3.0	3	1.4	1.0	4	酒井学	57.0	ダ1200		不	**	1:12.0	0.8	**	8-7	35.3-35.9	35.9	484(-2)			ネグレスコ	120.0	202409010205
2021110126	2024-06-15	4京都5	曇	12.0	3歳以上1勝クラス		16	2.0	4	1.9	1.0	1	川田将雅	55.0	ダ1200		良	**	1:11.3	-0.3	**	13-11	34.0-37.3	35.4	472(-12)			(ビバップ)	800.0	202408040512
2021110126	2024-08-25	3新潟6	曇	9.0	岩室温泉特別(2勝クラス)		15	6.0	10	1.8	1.0	2	横山武史	56.0	ダ1200		良	**	1:12.0	0.0	**	6-6	35.1-36.9	36.2	482(+10)			トーアアイギス	630.6	202404030609
2021110126	2024-09-22	3中京7	曇	12.0	3歳以上2勝クラス		10	8.0	10	1.6	1.0	1	川田将雅	56.0	ダ1200		良	**	1:11.1	-0.6	**	8-6	35.1-36.0	35.5	474(-8)			(プレイテシア)	1140.0	202407030712
2021110126	2024-11-02	6京都1	雨	10.0	貴船S(3勝クラス)		16	2.0	4	2.6	1.0	1	佐々木大	56.0	ダ1200		不	**	1:10.2	-0.5	**	5-4	34.5-35.7	35.1	478(+4)			(カミーロ)	1879.9	202408060110
2021110126	2024-12-08	5中山4	晴	11.0	カペラS(GIII)		15	1.0	2	6.0	3.0	9	横山武史	56.0	ダ1200		良	**	1:10.6	0.5	**	7-8	32.5-37.6	36.7	482(+4)			ガビーズシスター		202406050411
2021110126	2025-02-09	1京都4	晴	10.0	令月S(OP)		16	8.0	15	2.5	1.0	2	川田将雅	56.0	ダ1200		稍	**	1:11.6	0.4	**	5-3	35.2-36.0	35.7	482(0)			ロードアウォード	889.6	202508010410
2021110126	2025-03-23	2中山8	晴	11.0	千葉S(OP)		16	2.0	3	4.8	2.0	11	佐々木大	56.0	ダ1200		良	**	1:10.6	0.6	**	10-12	33.3-36.7	36.3	482(0)			ボナンザ		202506020811
2021110126	2025-04-26	2京都1	晴	11.0	天王山S(OP)		14	4.0	6	6.0	3.0	2	団野大成	57.0	ダ1200		良	**	1:10.8	0.1	**	9-8	34.3-36.4	34.9	480(-2)			ドンアミティエ	888.8	202508020111
2021110126	2025-05-24	2東京9	曇	11.0	欅S(OP)		16	6.0	12	9.2	4.0	2	戸崎圭太	57.0	ダ1400		良	**	1:23.2	0.0	**	7-9	35.0-35.9	35.0	482(+2)			ビダーヤ	889.8	202505020911
2021110126	2025-06-21	3阪神5	晴	11.0	天保山S(OP)		16	1.0	1	4.1	1.0	4	幸英明	57.0	ダ1400		良	**	1:23.7	0.1	**	11-9	33.8-37.8	36.9	484(+2)			コンクイスタ	330.0	202509030511
2021110126	2025-07-27	3中京2	晴	7.0	東海S(GIII)		16	4.0	8	6.0	3.0	2	川田将雅	57.0	ダ1400		良	**	1:22.8	0.6	**	6-6	34.6-35.9	35.7	486(+2)			ヤマニンウルス	1516.4	202507030207
2021110126	2025-09-06	4阪神1	晴	11.0	エニフS(L)		14	8.0	14	1.7	1.0	1	川田将雅	57.0	ダ1400		稍	**	1:22.7	-0.3	**	9-8	33.9-37.1	36.0	488(+2)			(ライツフォル)	2430.8	202509040111
2021110126	2025-10-26	4東京9	小雨	11.0	神無月S(OP)		16	7.0	13	2.8	1.0	1	横山武史	59.0	ダ1400		不	**	1:22.1	-0.1	**	6-6	34.7-35.4	34.8	488(0)			(ジャスティンアース)	2236.4	202505040911
2022100087	2025-01-06	1中京2	曇	3.0	3歳新馬		16	6.0	12	101.2	11.0	8	川端海翼	52.0	ダ1400		良	**	1:27.9	1.7	**	7-7	35.2-38.7	39.5	376(0)			フィリップバローズ		202507010203
2022100087	2025-03-23	2中京4	晴	1.0	3歳未勝利		16	5.0	10	196.5	15.0	13	川端海翼	52.0	ダ1200		良	**	1:15.2	2.3	**	11-10	35.2-37.7	39.0	376(0)			セレジェイラ		202507020401
2022100087	2025-06-22	3阪神6	曇	1.0	3歳未勝利		16	2.0	4	308.8	16.0	4	河原田菜	51.0	ダ1400		良	**	1:26.6	0.9	**	4-4	34.4-38.9	39.5	388(+12)			リメンバーヒム	84.0	202509030601
2022100087	2025-08-24	4中京2	晴	4.0	3歳未勝利		16	1.0	2	51.2	10.0	6	河原田菜	51.0	ダ1400		良	**	1:26.2	1.2	**	3-3	34.6-38.5	39.3	396(+8)			イーブンベター		202507040204
2022100087	2025-10-02	園田	晴	8.0	C2二		10	2.0	2	2.3	1.0	1	土方颯太	54.0	ダ1400		稍	**	1:33.1	-0.2	**	2-2-1-1		40.8	405(+9)			(エルマニート)	70.0	202550100208
2022100087	2025-11-04	園田	晴	12.0	B2二		11	8.0	11	5.3	3.0	3	土方颯太	54.0	ダ1400		稍	**	1:32.3	0.1	**	3-3-2-2		39.4	418(+13)			ロードレガシー	32.5	202550110412
2022100087	2025-12-02	園田	晴	7.0	C1二		8	8.0	8	1.4	1.0	1	小牧太	55.0	ダ1230		良	**	1:20.1	-0.9	**	1-1-1-1		39.0	410(-8)			(エイユーマックス)	100.0	202550120207
2022100091	2024-09-21	3中京6	晴	4.0	2歳新馬		10	7.0	9	3.5	2.0	3	坂井瑠星	55.0	ダ1200		良	**	1:14.4	0.4	**	2-2	35.6-38.4	38.7	454(0)			ザクシス	180.0	202407030604
2022100091	2024-10-26	5京都7	曇	1.0	2歳未勝利		13	5.0	7	24.0	8.0	8	岩田望来	55.0	ダ1400		良	**	1:26.7	1.3	**	4-4	34.6-38.8	39.6	450(-4)			アンズアメ		202408050701
2022100091	2024-11-30	7京都1	晴	1.0	2歳未勝利		14	6.0	9	21.5	6.0	5	今村聖奈	52.0	ダ1800		稍	**	1:57.7	2.9	**	1-1-1-2	37.0-38.9	41.8	450(0)			ヴァンアグレアブル	55.0	202408070101
2022100091	2024-12-14	7京都5	小雨	1.0	2歳未勝利		15	4.0	7	27.5	10.0	7	坂井瑠星	55.0	ダ1200		良	**	1:15.2	1.0	**	2-1	35.5-38.7	39.7	450(0)			ショウナンアトレ		202408070501
2022100091	2025-01-25	1小倉1	晴	3.0	3歳未勝利		12	4.0	5	7.6	5.0	7	今村聖奈	52.0	ダ1000		良	**	1:00.5	1.8	**	8-8	34.4-35.8	36.8	442(-8)			クーデール		202510010103
2022100091	2025-02-09	1小倉6	曇	3.0	3歳未勝利		14	7.0	11	16.1	7.0	2	菊沢一樹	55.0	ダ1000		稍	**	0:58.6	0.2	**	2-2	34.5-35.6	35.7	442(0)			ボルセーナ	220.0	202510010603
2022100091	2025-02-23	1小倉10	晴	3.0	3歳未勝利		14	5.0	7	2.4	1.0	1	菊沢一樹	55.0	ダ1000		良	**	0:59.1	-0.7	**	1-1	34.6-36.2	36.2	434(-8)			(チュッチュポッポ)	560.0	202510011003
2022100091	2025-04-26	1福島5	晴	9.0	雪うさぎ賞(1勝クラス)		16	7.0	13	88.3	12.0	15	菊沢一樹	55.0	芝1200		良	**	1:10.2	1.5	**	7-7	34.3-34.4	35.5	436(+2)			ワース		202503010509
2022100091	2025-06-15	1函館2	曇	7.0	3歳以上1勝クラス		9	7.0	7	5.2	2.0	4	川又賢治	53.0	ダ1000		良	**	0:58.9	0.6	**	2-3	35.0-34.9	35.3	450(+14)			クーデール	120.0	202502010207
2022100091	2025-06-28	1函館5	晴	8.0	3歳以上1勝クラス		12	3.0	3	21.3	8.0	10	川又賢治	53.0	ダ1000		稍	**	0:59.5	1.0	**	2-2	34.0-35.9	36.8	452(+2)			サベージラヴ		202502010508
2022100091	2025-07-05	1函館7	晴	8.0	3歳以上1勝クラス		9	1.0	1	24.5	7.0	9	森田誠也	50.0	芝1200		稍	**	1:11.3	1.9	**	5-6	34.4-35.0	35.8	448(-4)			ベビーズブレス		202502010708
2022100091	2025-08-30	2札幌3	曇	7.0	3歳以上1勝クラス		12	6.0	8	35.7	8.0	7	川又賢治	54.0	ダ1000		重	**	0:59.2	1.3	**	10-10	34.4-34.7	34.7	456(+8)			ミニョンマルーン		202501020307
2022100091	2025-10-25	4新潟3	晴	4.0	3歳以上1勝クラス		15	4.0	7	47.8	10.0	8	菊沢一樹	55.0	ダ1200		良	**	1:12.8	0.9	**	2-2	34.1-37.8	38.6	448(-8)			ロッカバイベイビー		202504040304
2022100091	2025-11-22	3福島5	晴	2.0	3歳以上1勝クラス		16	2.0	3	32.6	8.0	5	菊沢一樹	55.0	ダ1150		良	**	1:10.0	0.4	**	3-3	31.9-37.7	37.9	440(-8)			ビーアイフォルテ	80.0	202503030502
2022100329	2025-01-05	1中京1	晴	4.0	3歳新馬		16	6.0	12	185.8	15.0	15	太宰啓介	57.0	ダ1800		良	**	1:59.9	4.9	**	16-16-16-16	38.2-38.3	39.3	528(0)			ソルナシエンテ		202507010104
2022100329	2025-01-11	1中京3	晴	1.0	3歳未勝利		16	3.0	5	425.0	15.0	15	太宰啓介	57.0	ダ1800		良	**	1:58.7	4.9	**	16-16-16-16	36.2-38.9	41.1	528(0)			エンマ		202507010301
2022100329	2025-05-24	2京都9	小雨	2.0	3歳未勝利		16	4.0	8	205.9	15.0	13	太宰啓介	57.0	ダ1800		良	**	1:59.0	5.4	**	13-13-11-11	35.6-39.2	43.0	504(-24)			ヤノマスティーロ		202508020902
2022100329	2025-08-02	3中京3	晴	5.0	3歳未勝利		16	8.0	16	62.4	9.0	3	川須栄彦	57.0	ダ1400		良	**	1:25.9	1.1	**	6-8	34.6-37.9	38.5	500(-4)			モズケイスター	140.0	202507030305
2022100329	2025-08-16	3中京7	晴	5.0	3歳未勝利		16	2.0	3	22.1	7.0	2	川須栄彦	57.0	ダ1400		良	**	1:25.1	0.1	**	4-3	35.6-37.6	37.3	500(0)			ワンウェイトゥヘル	220.0	202507030705
2022100329	2025-08-31	4中京4	晴	4.0	3歳未勝利		16	1.0	2	3.8	2.0	5	川須栄彦	57.0	ダ1400		良	**	1:26.6	1.2	**	1-1	35.0-38.3	39.5	508(+8)			シュテルンビルト	56.0	202507040404
2022100329	2025-09-14	4阪神4	曇	4.0	3歳未勝利		15	6.0	11	25.1	9.0	4	川須栄彦	57.0	ダ1200		良	**	1:12.8	0.3	**	6-4	35.2-37.3	37.1	508(0)			ヴィヴァシャス	84.0	202509040404
2022100329	2025-10-26	4新潟4	雨	12.0	3歳以上1勝クラス		12	7.0	9	15.6	7.0	10	国分優作	57.0	ダ1200		重	**	1:12.0	1.2	**	5-5	33.8-37.0	37.7	514(+6)			オトメナシャチョウ		202504040412
2022100476	2024-11-09	6京都3	晴	4.0	2歳新馬		15	5.0	8	7.7	4.0	4	池添謙一	56.0	ダ1800		良	**	1:54.5	3.3	**	3-3-2-3	36.8-36.3	39.4	508(0)			ナルカミ	110.0	202408060304
2022100476	2024-11-24	6京都8	曇	2.0	2歳未勝利		13	1.0	1	3.1	1.0	4	西村淳也	56.0	ダ1800		良	**	1:55.6	1.1	**	1-1-1-1	36.7-39.1	40.2	504(-4)			ゴッドエスパーダ	83.0	202408060802
2022100476	2025-02-23	1京都8	晴	3.0	3歳未勝利		16	7.0	13	2.9	1.0	2	池添謙一	57.0	ダ1400		良	**	1:26.2	0.3	**	14-12	35.0-38.8	37.3	524(+20)			ユウトザレン	220.0	202508010803
2022100476	2025-03-16	2中京2	曇	3.0	3歳未勝利		16	4.0	7	2.9	1.0	5	西村淳也	57.0	ダ1400		重	**	1:24.7	1.2	**	6-6	35.0-36.2	37.0	514(-10)			ハードセルツァー	56.0	202507020203
2022100476	2025-04-06	2阪神4	晴	3.0	3歳未勝利		16	8.0	16	3.0	2.0	1	西村淳也	57.0	ダ1400		良	**	1:25.9	-0.2	**	3-3	35.5-37.7	37.5	516(+2)			(エイシンマールス)	560.0	202509020403
2022100614	2024-10-05	4新潟1	曇	5.0	2歳新馬		18	3.0	5	24.3	7.0	4	石田拓郎	52.0	芝1400		良	**	1:23.5	0.4	**	11-8	35.5-35.1	34.7	398(0)			バニーラビット	110.0	202404040105
2022100614	2024-11-10	5東京4	曇	3.0	2歳未勝利		11	8.0	11	4.3	2.0	3	横山武史	55.0	芝1400		良	**	1:22.7	0.4	**	7-7	35.3-34.9	34.6	406(+8)			ラブリーガール	140.0	202405050403
2022100614	2024-11-24	5東京8	晴	2.0	2歳未勝利		18	7.0	14	18.2	5.0	4	横山武史	55.0	芝1600		良	**	1:35.3	0.8	**	2-1	35.3-34.9	35.7	406(0)			ブルーベリーフィズ	83.0	202405050802
2022100614	2024-12-14	4中京5	晴	4.0	2歳未勝利		18	7.0	15	26.5	8.0	12	石田拓郎	52.0	芝1400		良	**	1:23.3	1.0	**	13-13	34.6-35.9	35.5	398(-8)			コルドンブルー		202407040504
2022100614	2025-03-16	2中山6	雨	5.0	3歳未勝利		16	4.0	7	26.2	9.0	9	大野拓弥	55.0	芝1600		重	**	1:39.8	3.0	**	4-4-4	35.6-37.1	39.5	404(+6)			キャトルエピス		202506020605
2022100614	2025-04-26	2東京1	曇	5.0	3歳未勝利		18	7.0	15	210.9	11.0	4	大野拓弥	55.0	芝1400		良	**	1:21.3	0.3	**	12-13	34.3-35.0	34.1	396(-8)			フロウアンドライム	84.0	202505020105
2022100614	2025-05-24	1新潟7	曇	7.0	3歳未勝利		16	1.0	1	10.9	7.0	6	丹内祐次	55.0	芝1400		良	**	1:23.3	0.3	**	3-3	34.6-36.2	36.2	398(+2)			クリールスル		202504010707
2022100614	2025-07-12	1函館9	晴	1.0	3歳未勝利		14	5.0	7	5.7	3.0	2	丹内祐次	55.0	芝1200		良	**	1:08.4	0.3	**	4-3	33.1-35.0	34.8	404(+6)			セゾンデフィーユ	220.0	202502010901
2022100614	2025-07-27	1札幌2	曇	2.0	3歳未勝利		14	5.0	8	3.4	2.0	3	丹内祐次	55.0	芝1200		重	**	1:09.2	0.0	**	3-3	33.8-35.4	35.1	400(-4)			キャナルクルーズ	140.0	202501010202
2022100614	2025-08-09	1札幌5	晴	3.0	3歳未勝利		15	8.0	15	3.2	1.0	1	ルメール	55.0	芝1200		稍	**	1:09.4	-0.2	**	7-4	34.3-35.1	34.6	402(+2)			(セガンティーニ)	560.0	202501010503
2022100614	2025-11-22	3福島5	晴	12.0	3歳以上1勝クラス		16	1.0	2	5.3	2.0	11	横山武史	55.0	芝1200		良	**	1:09.7	0.6	**	7-7	34.3-34.8	34.7	400(-2)			ガットネロ		202503030512
2022100623	2024-09-16	3中京5	晴	4.0	2歳新馬		14	3.0	4	3.9	2.0	2	岩田望来	55.0	ダ1400		稍	**	1:24.0	0.1	**	3-3	34.9-36.8	36.6	460(0)			ミリアッドラヴ	290.0	202407030504
2022100623	2024-10-06	5京都2	晴	1.0	2歳未勝利		11	5.0	5	1.1	1.0	1	川田将雅	56.0	ダ1400		良	**	1:25.5	-1.0	**	4-4	35.3-37.9	37.5	464(+4)			(ショウナンアトレ)	550.0	202408050201
2022100623	2025-02-23	1東京8	晴	9.0	ヒヤシンスS(L)		10	4.0	4	22.9	7.0	6	岩田望来	57.0	ダ1600		良	**	1:38.8	1.2	**	2-2	35.9-35.6	36.7	470(+6)			ルクソールカフェ		202505010809
2022100623	2025-04-13	2阪神6	小雨	5.0	3歳1勝クラス		16	1.0	1	4.3	2.0	12	岩田望来	57.0	ダ1400		良	**	1:26.5	1.8	**	10-10	34.0-38.3	39.1	466(-4)			アローオブライト		202509020605
2022100623	2025-05-04	2京都4	晴	5.0	3歳1勝クラス		15	5.0	8	4.8	3.0	1	レーン	57.0	ダ1400		良	**	1:24.0	0.0	**	7-8	34.6-37.4	36.8	466(0)			(ユウトザレン)	800.0	202508020405
2022100623	2025-09-21	4阪神7	曇	12.0	3歳以上2勝クラス		15	8.0	15	3.2	1.0	1	川田将雅	56.0	ダ1400		良	**	1:23.2	-0.7	**	4-4	35.1-36.1	35.7	470(+4)			(コスモストーム)	1140.0	202509040712
2022100623	2025-10-19	3京都7	曇	10.0	京都開設100周年(3勝クラス)		16	7.0	13	1.5	1.0	3	川田将雅	55.0	ダ1400		良	**	1:23.5	0.3	**	4-6	35.7-35.4	35.3	476(+6)			グランフォーブル	465.1	202508030710
2022100623	2025-11-16	5東京4	晴	9.0	銀嶺S(3勝クラス)		14	2.0	2	2.9	2.0	1	菅原明良	56.0	ダ1400		良	**	1:23.4	-0.5	**	5-3	35.2-36.2	35.9	474(-2)			(グレノークス)	1871.5	202505050409
2022100623	2025-12-21	5中京6	曇	11.0	コールドムーンS(OP)		16	8.0	15	3.2	1.0	1	菅原明良	57.0	ダ1400		稍	**	1:22.5	-0.1	**	7-7	34.1-36.4	35.8	464(-10)			(ドンインザムード)	2234.3	202507050611
2022100632	2024-08-17	2中京3	晴	5.0	2歳新馬		18	3.0	5	3.0	1.0	2	西村淳也	55.0	芝1400		良	**	1:22.1	0.1	**	2-2	34.8-35.3	35.0	448(0)			ラヴェンデル	290.0	202407020305
2022100632	2024-09-14	3中京3	晴	3.0	2歳未勝利		15	3.0	4	2.0	1.0	5	川田将雅	55.0	芝1600		良	**	1:34.7	0.4	**	3-4-3	35.0-35.2	35.3	446(-2)			ウォーターガーベラ	55.0	202407030303
2022100632	2024-11-30	7京都1	晴	6.0	2歳未勝利		12	2.0	2	3.2	2.0	4	川田将雅	55.0	芝1400		良	**	1:22.4	0.4	**	5-5	34.8-35.4	35.2	454(+8)			スライビングロード	83.0	202408070106
2022100632	2024-12-22	7京都8	曇	3.0	2歳未勝利		18	4.0	8	4.5	2.0	2	団野大成	55.0	芝1400		良	**	1:21.7	0.1	**	1-2	34.6-35.5	35.6	458(+4)			ウィンストン	220.0	202408070803
2022100632	2025-01-06	1中京2	曇	6.0	3歳未勝利		18	8.0	18	4.9	2.0	12	団野大成	55.0	芝1400		良	**	1:23.5	1.3	**	3-2	33.5-36.4	37.7	456(-2)			ザカリナン		202507010206
2022100632	2025-02-15	1小倉7	晴	2.0	3歳未勝利		18	2.0	4	2.9	1.0	2	佐々木大	55.0	芝1200		良	**	1:08.5	0.5	**	2-2	33.1-34.9	35.1	452(-4)			ヴェントゥーラ	220.0	202510010702
2022100632	2025-04-12	1福島1	曇	2.0	3歳未勝利		16	1.0	2	1.3	1.0	1	丹内祐次	55.0	芝1200		良	**	1:09.3	0.0	**	4-2	34.1-35.2	35.0	454(+2)			(ペイシャアーサー)	560.0	202503010102
2022100632	2025-06-14	1函館1	晴	7.0	3歳以上1勝クラス		14	8.0	14	7.3	4.0	2	丹内祐次	53.0	芝1200		良	**	1:07.5	0.3	**	1-1	32.6-34.6	34.9	458(+4)			ラパンチュール	320.0	202502010107
2022100632	2025-06-28	1函館5	晴	9.0	長万部特別(1勝クラス)		8	1.0	1	1.8	1.0	4	丹内祐次	53.0	芝1200		良	**	1:09.0	0.4	**	1-1	34.2-34.4	34.8	458(0)			エルサトアナ	170.0	202502010509
2022100632	2025-07-13	1函館10	晴	12.0	3歳以上1勝クラス		8	5.0	5	3.6	3.0	8	丹内祐次	53.0	芝1200		良	**	1:10.2	1.7	**	2-2	32.3-36.2	37.9	458(0)			ブライティアダイヤ		202502011012
2022100632	2025-08-17	1札幌8	曇	9.0	小樽特別(1勝クラス)		16	6.0	12	7.3	4.0	1	横山和生	54.0	芝1200		稍	**	1:10.1	-0.2	**	9-7	34.8-35.3	34.5	450(-8)			(ジョーブラック)	1147.1	202501010809
2022100632	2025-09-06	2札幌5	曇	10.0	札幌スポニチ賞(2勝クラス)		16	1.0	2	5.0	3.0	3	横山和生	54.0	芝1200		良	**	1:09.5	0.2	**	7-7	34.3-35.0	34.5	456(+6)			サウンドモリアーナ	395.0	202501020510
2022100632	2025-11-29	4京都7	晴	12.0	3歳以上2勝クラス		16	8.0	15	7.7	3.0	10	西村淳也	55.0	芝1200		良	**	1:09.2	0.8	**	11-12	33.6-34.8	33.9	464(+8)			ジュンヴァンケット		202508040712
2022100637	2024-11-10	6京都4	晴	5.0	2歳新馬		10	6.0	6	6.8	4.0	6	松山弘平	56.0	芝2000		良	**	2:02.8	1.9	**	5-5-3-7	37.5-34.8	36.2	450(0)			エコロディノス		202408060405
2022100637	2024-12-01	4中京2	晴	5.0	2歳未勝利		8	1.0	1	4.4	3.0	3	松山弘平	56.0	芝2000		良	**	2:03.5	0.8	**	4-4-2-3	36.3-34.5	35.1	454(+4)			インターポーザー	140.0	202407040205
2022100637	2025-01-18	1中京6	晴	5.0	3歳未勝利		18	3.0	5	12.1	6.0	12	西村淳也	57.0	芝2000		良	**	2:02.9	2.1	**	5-3-4-4	35.4-35.0	36.8	460(+6)			トッピボーン		202507010605
2022100637	2025-03-15	1阪神5	小雨	5.0	3歳未勝利		18	1.0	2	90.1	13.0	9	和田竜二	57.0	芝1800		良	**	1:48.5	0.9	**	11-11	36.4-34.2	34.3	460(0)			レッドフェルメール		202509010505
2022100637	2025-05-03	1新潟1	晴	6.0	3歳未勝利		16	2.0	3	13.9	6.0	3	和田陽希	54.0	芝2400		良	**	2:30.3	0.5	**	1-1-1-1	36.3-36.7	37.2	460(0)			シャインバオバブ	140.0	202504010106
2022100637	2025-05-25	1新潟8	小雨	6.0	3歳未勝利		16	2.0	4	16.6	7.0	15	佐々木大	57.0	芝2200		稍	**	2:24.6	5.6	**	4-5-13-16	36.3-37.5	42.4	450(-10)			トラストモアリズム		202504010806
2022100637	2025-11-11	大井	曇	5.0	C212　1314(C213)		13	3.0	3	3.1	2.0	1	本田正重	56.0	ダ1600		稍	**	1:43.2	-0.4	**	2-2-3-3	38.5-40.3	39.9	463(+13)			(マルチキータ)	100.0	202544111105
2022100637	2025-12-01	大井	晴	12.0	オリオン座特別競走(C2)		16	8.0	15	3.2	2.0	1	本田正重	56.0	ダ1800		良	**	1:57.3	-0.4	**	4-4-3-3	39.7-38.3	38.2	460(-3)			(ドラゴンバスター)	180.0	202544120112
2022100688	2025-02-22	1京都7	晴	4.0	3歳新馬		15	3.0	4	32.8	10.0	13	幸英明	57.0	ダ1400		良	**	1:31.4	4.0	**	15-15	36.2-38.5	38.5	518(0)			アクアマリーナ		202508010704
2022100688	2025-03-16	1阪神6	小雨	2.0	3歳未勝利		11	8.0	10	53.0	6.0	5	幸英明	57.0	ダ1800		稍	**	1:57.1	3.3	**	11-11-10-7	38.0-38.5	39.1	502(-16)			シドニーホバート	56.0	202509010602
2022100688	2025-03-29	2阪神1	晴	4.0	3歳未勝利		12	5.0	5	54.9	9.0	5	幸英明	57.0	ダ2000		稍	**	2:09.3	0.6	**	12-12-12-9	36.9-39.7	38.9	496(-6)			カルテシウス	56.0	202509020104
2022100688	2025-04-19	2阪神7	晴	3.0	3歳未勝利		16	3.0	5	24.7	8.0	2	幸英明	57.0	ダ2000		良	**	2:08.6	0.1	**	16-16-14-8	36.2-39.0	37.8	496(0)			ミラクルブルー	220.0	202509020703
2022100688	2025-11-15	3福島3	晴	6.0	3歳以上1勝クラス		16	3.0	6	25.0	10.0	11	秋山稔樹	56.0	ダ2400		良	**	2:36.7	2.1	**	11-11-7-7	38.8-40.0	41.2	510(+14)			オオタチ		202503030306
2022100688	2025-12-06	5中京1	晴	7.0	3歳以上1勝クラス		16	3.0	5	13.5	6.0	4	亀田温心	57.0	ダ1800		良	**	1:54.6	0.9	**	15-15-12-9	36.8-38.2	37.9	502(-8)			ストーンズ	120.0	202507050107
2022100688	2026-01-12	1京都5	晴	8.0	4歳以上1勝クラス		15	7.0	13	22.8	7.0	14	古川吉洋	57.0	ダ1900		良	**	2:03.6	3.3	**	11-10-13-13	30.7-37.5	39.8	512(+10)			グレイルクエスト		202608010508
2022100688	2026-01-18	1京都7	晴	7.0	4歳以上1勝クラス		11	1.0	1	77.8	10.0	8	古川吉洋	57.0	ダ1900		良	**	2:01.6	1.2	**	10-10-5-6	30.7-38.4	38.8	506(-6)			エンマ		202608010707
2022100997	2025-03-08	1阪神3	晴	2.0	3歳未勝利		12	6.0	8	6.6	4.0	11	吉村誠之	55.0	ダ1800		良	**	2:00.9	5.8	**	8-8-8-10	38.0-37.7	41.9	512(0)			ロードヴォイジャー		202509010302
2022100997	2025-04-24	名古屋	晴	10.0	名古屋CCチェリー賞(3歳)		11	4.0	4	17.7	5.0	4	吉村誠之	56.0	ダ1500		稍	**	1:37.4	0.8	**	7-7-7		40.2	506(-6)			イエローブリック	21.0	202548042410
2022100997	2025-05-10	2東京5	小雨	3.0	3歳未勝利		15	4.0	7	54.4	6.0	3	北村宏司	57.0	ダ1600		重	**	1:36.6	0.5	**	3-2	35.6-35.6	36.0	508(+2)			ヘリオトロープ	140.0	202505020503
2022100997	2025-05-25	2京都10	曇	1.0	3歳未勝利		16	7.0	13	5.3	3.0	11	吉村誠之	56.0	ダ1400		不	**	1:25.3	1.9	**	12-13	34.9-36.5	37.1	504(-4)			テーオーライマン		202508021001
2022100997	2025-06-21	1函館3	晴	3.0	3歳未勝利		13	8.0	13	6.3	3.0	4	横山武史	57.0	ダ1700		良	**	1:47.7	1.6	**	8-8-10-8	29.7-38.4	39.1	504(0)			サンライズバレット	84.0	202502010303
2022100997	2025-07-13	1函館10	晴	4.0	3歳未勝利		13	5.0	6	7.5	2.0	7	横山武史	57.0	ダ1700		良	**	1:49.1	2.4	**	1-1-2-2	30.5-38.5	40.8	516(+12)			ロードスカイブルー		202502011004
2022100997	2025-07-26	1札幌1	曇	3.0	3歳未勝利		14	8.0	13	10.4	4.0	2	丹内祐次	57.0	ダ1700		良	**	1:45.9	0.3	**	2-2-2-2	29.6-38.5	38.8	506(-10)			ディアウス	220.0	202501010103
2022100997	2025-08-10	1札幌6	晴	4.0	3歳未勝利		14	7.0	12	3.1	2.0	2	丹内祐次	57.0	ダ1700		稍	**	1:47.1	0.1	**	2-1-1-1	30.1-39.8	39.9	502(-4)			マーウォルス	220.0	202501010604
2022100997	2025-08-24	2札幌2	晴	3.0	3歳未勝利		14	6.0	10	2.4	1.0	1	丹内祐次	57.0	ダ1700		良	**	1:46.5	-0.3	**	2-2-2-1	30.5-38.7	38.7	504(+2)			(ビービーバザーク)	560.0	202501020203
2022100997	2025-09-07	2札幌6	晴	12.0	3歳以上1勝クラス		14	8.0	13	2.5	1.0	5	丹内祐次	55.0	ダ1700		稍	**	1:46.9	1.2	**	6-5-2-1	28.8-38.8	39.9	508(+4)			ジュンラトゥール	80.0	202501020612
2022100997	2026-01-05	1京都2	晴	7.0	4歳以上1勝クラス		15	3.0	4	18.5	8.0	14	吉村誠之	57.0	ダ1800		良	**	1:56.6	4.6	**	2-2-2-3	35.4-38.1	42.4	504(-4)			ルクスフレンジー		202608010207
2022100997	2026-01-17	1京都6	晴	8.0	4歳以上1勝クラス		8	6.0	6	21.5	6.0	7	吉村誠之	57.0	ダ1800		良	**	1:55.8	3.0	**	3-4-5-6	36.7-37.0	39.6	506(+2)			ロカヒ		202608010608
2022101060	2024-06-15	3東京5	晴	6.0	2歳新馬		15	8.0	15	13.8	5.0	4	菅原明良	55.0	ダ1400		良	**	1:26.9	1.0	**	3-3	35.8-37.7	38.4	486(0)			クレーキング	110.0	202405030506
2022101060	2024-09-15	4中山4	晴	3.0	2歳未勝利		13	6.0	9	3.7	2.0	3	菅原明良	55.0	ダ1800		良	**	1:57.3	1.9	**	8-8-4-4	36.5-39.6	40.8	480(-6)			リュキア	140.0	202406040403
2022101060	2024-10-14	4東京4	晴	3.0	2歳未勝利		12	5.0	5	13.2	5.0	中	菅原明良	56.0	ダ1600		良	**			**	7-12	35.2-37.7		480(0)			ゴーゴーステーツ		202405040403
2022101060	2024-11-24	5東京8	晴	3.0	2歳未勝利		16	8.0	15	28.7	9.0	6	石神深道	53.0	ダ1600		良	**	1:39.3	1.1	**	2-2	35.5-36.7	37.4	480(0)			ダンツファイター		202405050803
2022101060	2024-12-21	5中山7	晴	1.0	2歳未勝利		16	6.0	12	3.8	3.0	3	石神深道	53.0	ダ1200		良	**	1:12.8	0.8	**	1-1	34.1-37.9	38.7	478(-2)			トリリオンボーイ	140.0	202406050701
2022101060	2025-01-12	1中山4	曇	1.0	3歳未勝利		16	4.0	8	2.0	1.0	1	横山典弘	57.0	ダ1200		良	**	1:12.6	-0.3	**	3-3	34.1-38.5	37.9	480(+2)			(アイアンソリッド)	560.0	202506010401
2022101060	2025-03-09	2中山4	晴	6.0	3歳1勝クラス		15	1.0	1	15.4	8.0	13	横山典弘	57.0	ダ1200		重	**	1:12.2	1.7	**	13-11	33.4-37.1	37.8	480(0)			マサノユニコーン		202506020406
2022101060	2025-03-30	3中山2	晴	6.0	3歳1勝クラス		16	8.0	15	73.7	12.0	11	横山典弘	57.0	ダ1200		稍	**	1:12.4	1.2	**	16-16	33.4-37.8	36.4	480(0)			ヤマメキング		202506030206
2022101060	2025-04-26	2東京1	曇	6.0	3歳1勝クラス		16	7.0	13	108.4	10.0	16	横山典弘	57.0	ダ1600		稍	**	1:40.1	2.9	**	16-16	35.4-36.5	37.9	476(-4)			トルショー		202505020106
2022101060	2025-11-30	5東京8	晴	7.0	3歳以上1勝クラス		16	4.0	7	92.2	11.0	4	柴田善臣	57.0	ダ1400		良	**	1:25.8	1.0	**	7-7	35.3-37.4	37.3	486(+10)			フィーチャリング	120.0	202505050807
2022101060	2025-12-28	5中山8	晴	7.0	3歳以上1勝クラス		16	3.0	6	14.1	7.0	11	横山典弘	57.0	ダ1200		良	**	1:13.7	1.7	**	5-8	34.4-37.6	38.7	486(0)			タイセイルヴァン		202506050807
2022101126	2025-03-08	1阪神3	晴	1.0	3歳未勝利		16	5.0	9	75.2	13.0	5	角田大和	55.0	ダ1400		良	**	1:28.0	0.9	**	2-2	35.2-39.1	39.9	452(0)			リアルクィーン	56.0	202509010301
2022101126	2025-03-23	2中京4	晴	3.0	3歳未勝利		16	2.0	3	8.8	3.0	2	角田大和	55.0	ダ1400		良	**	1:25.9	0.5	**	3-2	34.9-38.1	38.4	450(-2)			ハウリングウィンド	220.0	202507020403
2022101126	2025-06-07	3阪神1	晴	1.0	3歳未勝利		15	2.0	2	8.0	2.0	7	高杉吏麒	54.0	ダ1400		良	**	1:26.9	1.2	**	1-2	35.4-37.6	38.8	448(-2)			ルクスデイジー		202509030101
2022101126	2025-08-09	3中京5	曇	5.0	3歳未勝利		16	3.0	5	6.3	4.0	4	角田大和	55.0	ダ1200		良	**	1:13.1	0.5	**	9-8	34.7-37.9	37.5	450(+2)			キーガッツ	84.0	202507030505
2022101126	2025-08-23	4中京1	晴	7.0	3歳未勝利		16	5.0	9	10.0	5.0	8	角田大和	55.0	ダ1200		良	**	1:13.8	1.0	**	5-6	35.0-37.8	38.5	456(+6)			チムニーパイプ		202507040107
2022101126	2025-10-08	大井	晴	8.0	シャーリー・テンプル(C2九)		10	4.0	4	1.5	1.0	1	和田譲治	54.0	ダ1400		良	**	1:28.3	-0.6	**	5-4-3	36.8-39.1	38.7	469(+13)			(シャッダンコナー)	100.0	202544100808
2022101126	2025-10-24	大井	雨	7.0	上野の山で芸術満喫台(C2二)		12	7.0	9	1.4	1.0	1	和田譲治	54.0	ダ1400		重	**	1:28.6	0.0	**	7-7-6	37.6-38.4	38.0	472(+3)			(ルーシーノワール)	100.0	202544102407
2022101126	2025-11-12	大井	晴	9.0	ひいらぎ特別競走(C1)		11	6.0	6	3.0	1.0	2	和田譲治	54.0	ダ1400		稍	**	1:27.6	0.0	**	6-5-5	37.2-38.1	37.5	468(-4)			ハッピーゲート	80.0	202544111209
2022101204	2024-10-20	4新潟6	晴	5.0	2歳新馬		17	6.0	12	23.6	7.0	11	永島まな	53.0	芝1200		良	**	1:12.4	2.2	**	14-14	34.5-35.7	35.2	424(0)			サウスバンク		202404040605
2022101204	2024-12-28	5中山9	晴	1.0	2歳未勝利		16	3.0	5	214.3	12.0	4	小林凌大	55.0	ダ1200		良	**	1:13.2	0.7	**	12-11	33.8-38.7	38.0	424(0)			アパッシメント	83.0	202406050901
2022101204	2025-01-19	1中山7	晴	1.0	3歳未勝利		16	7.0	13	20.5	5.0	7	小林凌大	55.0	ダ1200		良	**	1:13.7	1.6	**	10-11	34.2-37.9	38.7	426(+2)			スターランウェイ		202506010701
2022101204	2025-03-06	笠松	曇	8.0	河渡宿特別(3歳)		8	5.0	5	4.2	3.0	3	秋山稔樹	54.0	ダ1400		稍	**	1:30.8	1.4	**	5-4-4		39.6	415(-11)			ワンダーリズム	14.0	202547030608
2022101204	2025-04-05	3中山3	晴	1.0	3歳未勝利		15	7.0	13	19.5	8.0	11	丸田恭介	55.0	ダ1800		重	**	1:57.3	2.5	**	9-10-9-9	37.0-40.2	41.4	414(-1)			ネクストダンサー		202506030301
2022101204	2025-05-24	1新潟7	曇	3.0	3歳未勝利		15	1.0	1	129.4	12.0	6	今村聖奈	53.0	ダ1200		良	**	1:13.1	1.9	**	11-10	34.6-36.6	37.1	420(+6)			ゼットエール		202504010703
2022101204	2025-06-15	3東京4	小雨	1.0	3歳未勝利		16	4.0	7	60.5	10.0	9	丸田恭介	55.0	ダ1400		重	**	1:25.1	0.8	**	15-15	34.8-37.3	36.3	426(+6)			キカオクベシ		202505030401
2022101204	2025-07-06	1函館8	曇	2.0	3歳未勝利		12	4.0	4	24.6	5.0	6	古川吉洋	55.0	ダ1000		稍	**	0:59.8	1.4	**	12-11	34.5-35.7	35.2	424(-2)			パールフロント		202502010802
2022101204	2025-07-26	1札幌1	曇	2.0	3歳未勝利		12	6.0	8	31.6	6.0	4	古川吉洋	55.0	ダ1000		良	**	0:59.6	0.1	**	11-10	35.2-36.1	35.3	418(-6)			エンジェルラダー	84.0	202501010102
2022101204	2025-08-10	1札幌6	晴	2.0	3歳未勝利		12	4.0	4	7.4	4.0	3	古川吉洋	55.0	ダ1000		稍	**	1:00.0	0.2	**	7-6	35.4-36.0	35.7	428(+10)			メイショウハボマイ	140.0	202501010602
2022101204	2025-08-23	2札幌1	晴	2.0	3歳未勝利		12	6.0	7	9.9	5.0	3	古川吉洋	55.0	ダ1000		重	**	0:58.8	0.1	**	6-6	35.0-35.2	34.8	432(+4)			レイアポポ	140.0	202501020102
2022101204	2025-09-06	2札幌5	晴	3.0	3歳未勝利		12	2.0	2	5.4	3.0	1	古川吉洋	55.0	ダ1000		良	**	0:58.9	-0.4	**	1-1	34.6-35.7	35.7	436(+4)			(テーオーテバルディ)	560.0	202501020503
2022101230	2025-01-25	1中山8	曇	5.0	3歳新馬		18	7.0	14	7.6	5.0	2	横山琉人	56.0	芝2000		良	**	2:03.7	0.1	**	5-5-2-3	37.6-35.2	35.2	510(0)			ブルーマエストロ	250.0	202506010805
2022101230	2025-02-08	1東京3	晴	6.0	3歳未勝利		18	7.0	15	4.1	3.0	2	横山武史	57.0	芝2400		良	**	2:27.1	0.2	**	1-1-1-1	37.3-35.2	35.4	510(0)			アロンズロッド	220.0	202505010306
2022101230	2025-03-08	2中山3	曇	5.0	3歳未勝利		15	2.0	3	1.5	1.0	1	横山武史	57.0	芝2000		良	**	2:01.5	-0.7	**	2-2-1-1	36.5-35.4	35.4	510(0)			(エポナ)	560.0	202506020305
2022101230	2025-05-04	2東京4	晴	11.0	プリンシパルS(L)		14	6.0	9	4.0	2.0	10	横山武史	57.0	芝2000		良	**	2:00.4	1.1	**	7-5-5	36.4-34.7	34.9	514(+4)			レディネス		202505020411
2022101230	2025-06-29	2福島2	晴	11.0	ラジオNIKKEI賞(GIII)		14	5.0	7	14.0	8.0	3	横山琉人	53.0	芝1800		良	**	1:47.1	0.2	**	7-7-7-4	35.2-35.4	35.0	526(+12)			エキサイトバイオ	1007.0	202503020211
2022101230	2025-07-19	1函館11	晴	9.0	湯浜特別(1勝クラス)		14	3.0	3	2.5	2.0	2	横山武史	55.0	芝1800		良	**	1:47.2	0.8	**	2-2-2-2	35.8-34.1	34.8	526(0)			サクラファレル	449.4	202502011109
2022101230	2025-09-28	4中山9	晴	7.0	3歳以上1勝クラス		16	8.0	15	6.4	2.0	2	横山武史	56.0	芝1600		良	**	1:32.6	0.1	**	2-2-2	34.6-34.6	34.6	526(0)			リバーバレイト	320.0	202506040907
2022101230	2025-10-26	4東京9	曇	8.0	3歳以上1勝クラス		15	8.0	14	1.6	1.0	4	横山武史	56.0	芝1600		稍	**	1:34.3	0.1	**	5-4	36.0-33.7	33.3	526(0)			ラージギャラリー	120.0	202505040908
2022101230	2025-11-15	3福島3	晴	9.0	土湯温泉特別(1勝クラス)		16	1.0	2	1.6	1.0	2	横山琉人	56.0	芝1800		良	**	1:46.9	0.0	**	2-3-4-2	35.1-36.3	36.0	526(0)			マテンロウギフト	452.6	202503030309
2022101259	2024-12-22	5中山8	晴	6.0	2歳新馬		15	1.0	1	23.7	6.0	2	戸崎圭太	55.0	芝1600		良	**	1:36.6	0.0	**	1-1-1	36.2-35.6	35.6	424(0)			ディオデルマーレ	290.0	202406050806
2022101259	2025-01-19	1中山7	小雨	12.0	3歳未勝利		16	2.0	3	4.3	2.0	1	戸崎圭太	55.0	芝1600		良	**	1:35.7	0.0	**	7-6-5	35.6-35.8	35.2	428(+4)			(ガンビーチ)	560.0	202506010712
2022101259	2025-04-06	3中山4	曇	7.0	3歳1勝クラス		9	4.0	4	29.2	6.0	7	荻野極	55.0	芝1600		良	**	1:35.3	1.1	**	4-6-7	35.7-34.5	35.1	422(-6)			ジョイフルニュース		202506030407
2022101259	2025-05-03	2東京3	晴	5.0	3歳1勝クラス		9	8.0	8	32.6	6.0	5	幸英明	55.0	芝1400		良	**	1:21.7	0.5	**	8-7	35.7-33.3	33.1	428(+6)			ウイントワイライト	80.0	202505020305
2022101259	2025-09-07	2札幌6	晴	8.0	3歳以上1勝クラス		16	2.0	4	21.2	7.0	15	佐々木大	54.0	芝1200		稍	**	1:12.0	2.0	**	11-16	34.3-35.7	36.5	432(+4)			ブルーアイドガール		202501020608
2022101259	2025-10-05	4東京2	晴	7.0	3歳以上1勝クラス		18	7.0	15	49.5	9.0	15	丸山元気	54.0	芝1400		良	**	1:21.3	1.2	**	9-11	34.6-34.1	34.2	428(-4)			レイククレセント		202505040207
2022101259	2026-01-11	1中山4	晴	8.0	4歳以上1勝クラス		16	6.0	11	257.2	14.0	13	丸山元気	55.0	芝1600		良	**	1:35.3	3.2	**	7-7-13	33.8-35.3	37.7	434(+6)			クライスレリアーナ		202606010408
2022101418	2024-08-18	2中京4	晴	5.0	2歳新馬		16	6.0	11	20.8	7.0	5	酒井学	55.0	芝1600		良	**	1:35.5	0.8	**	10-9-9	34.1-36.2	35.9	456(0)			ビップデイジー	72.0	202407020405
2022101418	2024-10-26	5京都7	曇	3.0	2歳未勝利		12	6.0	8	29.7	8.0	12	斎藤新	55.0	芝1600		良	**	1:37.3	3.0	**	2-2	34.5-35.1	38.0	456(0)			アイサンサン		202408050703
2022101418	2025-06-07	3阪神1	晴	1.0	3歳未勝利		15	8.0	14	31.4	7.0	6	斎藤新	55.0	ダ1400		良	**	1:26.8	1.1	**	3-3	35.4-37.6	38.6	460(+4)			ルクスデイジー		202509030101
2022101418	2025-07-19	1函館11	曇	2.0	3歳未勝利		12	7.0	10	6.7	4.0	1	斎藤新	55.0	ダ1000		良	**	0:58.7	-0.6	**	2-2	34.7-35.6	35.5	460(0)			(ハイエンドモデル)	560.0	202502011102
2022101418	2025-12-07	5阪神2	晴	7.0	3歳以上1勝クラス		11	5.0	5	19.5	7.0	11	斎藤新	55.0	ダ1200		良	**	1:16.0	3.4	**	3-3	34.8-37.8	40.8	472(+12)			モンテディアーナ		202509050207
2022101431	2024-12-28	5中山9	晴	6.0	2歳新馬		16	8.0	15	2.0	1.0	5	西村淳也	56.0	ダ1200		良	**	1:15.0	0.9	**	3-3	35.0-39.1	39.7	542(0)			ドルンレースツェン	72.0	202406050906
2022101431	2025-01-12	1中京4	曇	2.0	3歳未勝利		16	6.0	12	18.9	7.0	11	西村淳也	57.0	ダ1400		良	**	1:27.8	2.3	**	11-11	35.0-38.2	39.5	534(-8)			レーティッシュ		202507010402
2022101431	2025-01-18	1中京6	晴	2.0	3歳未勝利		11	4.0	4	15.6	3.0	5	吉村誠之	55.0	ダ1800		良	**	1:56.8	3.8	**	1-2-3-3	36.7-37.8	41.2	530(-4)			ドラゴン	56.0	202507010602
2022101431	2025-02-02	1小倉4	曇	1.0	3歳未勝利		15	2.0	2	26.8	9.0	11	丸山元気	57.0	ダ1700		不	**	1:49.5	4.3	**	2-2-2-4	29.3-38.5	42.7	524(-6)			ローズマイスター		202510010401
2022101431	2025-04-19	1福島3	晴	6.0	3歳未勝利		16	4.0	8	7.3	5.0	1	泉谷楓真	57.0	芝1200		良	**	1:09.1	-0.5	**	1-1	34.1-35.0	35.0	528(+4)			(グッバイウェーブ)	560.0	202503010306
2022101431	2025-06-28	2小倉1	晴	12.0	3歳以上1勝クラス		14	5.0	7	6.1	2.0	9	泉谷楓真	55.0	芝1200		良	**	1:09.3	1.3	**	1-2	33.3-34.7	36.0	530(+2)			インブロリオ		202510020112
2022101431	2025-10-18	4新潟1	曇	8.0	3歳以上1勝クラス		15	4.0	6	17.6	7.0	13	泉谷楓真	57.0	ダ1200		良	**	1:13.5	1.8	**	3-4	33.8-37.9	39.4	534(+4)			ミッキーマカパ		202504040108
2022101431	2025-11-22	3福島5	晴	12.0	3歳以上1勝クラス		16	7.0	14	18.4	8.0	7	和田陽希	54.0	芝1200		良	**	1:09.4	0.3	**	1-1	34.3-34.8	35.1	520(-14)			ガットネロ		202503030512
2022101473	2024-11-23	6京都7	曇	6.0	2歳新馬		11	8.0	11	129.6	11.0	8	小沢大仁	54.0	ダ1800		良	**	1:58.2	3.7	**	5-6-6-6	37.5-38.2	41.2	458(0)			スマートシーカー		202408060706
2022101473	2025-02-16	1小倉8	曇	1.0	3歳未勝利		16	3.0	5	204.2	14.0	7	河原田菜	51.0	ダ1700		良	**	1:49.4	1.7	**	12-12-14-13	30.9-38.1	38.4	458(0)			サザンティスプーン		202510010801
2022101473	2025-03-01	1阪神1	曇	1.0	3歳未勝利		12	7.0	10	8.4	4.0	4	田口貫太	54.0	ダ1800		良	**	1:58.9	1.2	**	4-5-5-2	37.4-40.4	41.1	458(0)			イフリーティア	84.0	202509010101
2022101473	2025-03-15	1阪神5	曇	1.0	3歳未勝利		12	1.0	1	48.9	6.0	4	永島まな	53.0	ダ1800		良	**	1:57.3	1.1	**	9-9-10-7	38.8-37.7	37.6	458(0)			マキシマムビスタ	84.0	202509010501
2022101473	2025-07-20	2小倉8	晴	3.0	3歳未勝利		16	4.0	8	41.6	10.0	3	鮫島良太	55.0	ダ1700		稍	**	1:47.4	1.3	**	9-7-5-5	29.7-38.9	39.6	466(+8)			エイシンマールス	140.0	202510020803
2022101473	2025-08-10	3中京6	曇	2.0	3歳未勝利		15	8.0	15	20.1	8.0	8	鮫島良太	55.0	ダ1800		良	**	1:56.2	1.3	**	8-8-6-6	37.5-39.2	39.8	464(-2)			ロカヒ		202507030602
2022101473	2025-08-31	2札幌4	曇	8.0	3歳以上1勝クラス		13	2.0	2	27.4	8.0	4	和田陽希	50.0	ダ1700		稍	**	1:45.6	0.5	**	5-6-8-6	29.3-38.7	37.0	462(-2)			タイヨウフレア	120.0	202501020408
2022101473	2025-09-06	2札幌5	晴	6.0	3歳未勝利		14	1.0	1	9.7	4.0	1	和田陽希	52.0	ダ1700		良	**	1:46.7	-0.1	**	7-9-10-9	30.0-39.4	38.8	462(0)			(タイキインドラ)	560.0	202501020506
2022101495	2024-11-09	3福島3	晴	5.0	2歳新馬		16	8.0	16	136.7	16.0	12	黛弘人	56.0	芝2000		良	**	2:06.0	1.3	**	8-7-7-11	36.7-36.4	37.0	472(0)			ピリカサンライズ		202403030305
2022101495	2024-12-07	5中山3	晴	3.0	2歳未勝利		15	3.0	5	105.8	13.0	12	嶋田純次	56.0	芝2000		良	**	2:02.6	1.3	**	4-4-5-11	35.7-36.1	37.0	476(+4)			ガンバルマン		202406050303
2022101495	2025-01-26	1小倉2	晴	6.0	3歳未勝利		17	4.0	8	221.1	17.0	5	黛弘人	57.0	芝2000		良	**	2:02.2	0.4	**	4-4-5-5	35.3-36.3	36.3	464(-12)			ニホンピロデヴィン	56.0	202510010206
2022101495	2025-02-01	1小倉3	雨	7.0	3歳未勝利		12	8.0	11	30.3	9.0	7	黛弘人	57.0	芝2000		稍	**	2:04.2	0.7	**	2-2-3-3	36.6-36.1	36.7	470(+6)			バズアップビート		202510010307
2022101495	2025-02-23	1小倉10	小雨	5.0	3歳未勝利		13	8.0	13	45.9	9.0	3	黛弘人	57.0	芝2000		良	**	2:01.7	0.2	**	6-6-8-7	36.0-36.2	35.9	470(0)			コスモアンソロジー	140.0	202510011005
2022101495	2025-04-13	1福島2	曇	3.0	3歳未勝利		16	6.0	12	3.0	1.0	2	丹内祐次	57.0	芝2600		良	**	2:42.0	0.3	**	7-6-2-2	36.9-37.2	37.3	474(+4)			オロスコピオ	220.0	202503010203
2022101495	2025-05-03	1新潟1	晴	6.0	3歳未勝利		16	6.0	12	3.8	1.0	4	丹内祐次	57.0	芝2400		良	**	2:30.5	0.7	**	10-9-9-8	36.3-36.7	36.6	474(0)			シャインバオバブ	84.0	202504010106
2022101495	2025-06-15	1函館2	晴	4.0	3歳未勝利		10	3.0	3	8.9	5.0	5	黛弘人	57.0	芝2600		良	**	2:38.6	1.3	**	5-5-6-6	35.1-35.3	36.2	476(+2)			リギーロ	56.0	202502010204
2022101495	2025-06-28	1函館5	晴	4.0	3歳未勝利		13	3.0	3	32.6	11.0	4	黛弘人	57.0	芝2000		稍	**	2:01.1	0.7	**	6-6-7-5	34.4-36.2	36.3	474(-2)			アルマデオロ	84.0	202502010504
2022101495	2025-08-03	1札幌4	晴	3.0	3歳未勝利		16	2.0	4	10.7	5.0	3	黛弘人	57.0	芝2000		良	**	2:02.3	0.4	**	11-12-11-8	37.0-35.4	34.8	470(-4)			パーフェクトパール	140.0	202501010403
2022101495	2025-08-17	1札幌8	雨	3.0	3歳未勝利		15	7.0	14	4.4	2.0	2	キング	57.0	芝2000		良	**	2:02.7	0.3	**	13-13-12-8	35.6-36.9	35.8	470(0)			ヒルノレーダン	220.0	202501010803
2022101495	2025-08-24	2札幌2	晴	4.0	3歳未勝利		13	3.0	4	3.9	2.0	5	丹内祐次	57.0	芝2600		良	**	2:43.5	1.0	**	3-3-3-3	37.0-38.5	39.2	466(-4)			レイデラティエラ	56.0	202501020204
2022101495	2025-09-06	2札幌5	晴	4.0	3歳未勝利		16	7.0	13	11.8	4.0	16	横山和生	57.0	芝2000		良	**	2:06.0	3.6	**	16-16-10-15	35.3-36.9	39.6	468(+2)			ラファヴォリット		202501020504
2022101580	2024-09-08	3中京2	晴	5.0	2歳新馬		7	4.0	4	23.2	6.0	4	西村淳也	55.0	芝2000		良	**	2:03.6	0.7	**	7-7-6-6	36.8-34.2	34.3	420(0)			ゲルチュタール	110.0	202407030205
2022101580	2024-10-13	5京都4	晴	3.0	2歳未勝利		9	8.0	8	21.4	5.0	4	西村淳也	55.0	芝2000		良	**	2:01.2	0.9	**	2-2-2-2	35.0-35.6	36.3	424(+4)			センツブラッド	83.0	202408050403
2022101580	2024-11-16	3福島5	晴	7.0	2歳未勝利		16	4.0	8	13.7	6.0	3	亀田温心	55.0	芝1800		良	**	1:50.2	0.2	**	6-5-5-6	36.4-36.1	35.9	426(+2)			エーオーキング	140.0	202403030507
2022101580	2025-02-01	1小倉3	雨	7.0	3歳未勝利		12	2.0	2	4.5	2.0	4	石田拓郎	52.0	芝2000		稍	**	2:03.9	0.4	**	11-11-11-9	36.6-36.1	35.4	424(-2)			バズアップビート	84.0	202510010307
2022101580	2025-02-22	1京都7	晴	5.0	3歳未勝利		15	5.0	8	7.2	3.0	5	岩田望来	55.0	芝2400		良	**	2:29.4	1.0	**	6-7-6-6	35.5-34.6	35.1	426(+2)			ロットブラータ	56.0	202508010705
2022101580	2025-04-13	3中山6	雨	6.0	3歳未勝利		18	4.0	7	4.3	2.0	6	横山和生	55.0	芝2000		良	**	2:02.3	0.6	**	3-3-3-3	36.5-34.9	35.2	422(-4)			シャドウメテオ		202506030606
2022101580	2025-05-03	2京都3	晴	1.0	3歳未勝利		15	2.0	3	6.0	2.0	5	鮫島克駿	55.0	ダ1800		重	**	1:54.9	2.2	**	5-5-3-2	35.1-39.3	40.6	428(+6)			ルージュミステリオ	56.0	202508020301
2022101580	2025-07-20	1函館12	晴	3.0	3歳未勝利		14	4.0	5	6.5	4.0	7	キング	55.0	芝1800		良	**	1:48.1	0.7	**	9-9-8-8	35.8-35.0	34.9	428(0)			ハニードレス		202502011203
2022101580	2025-08-09	1札幌5	晴	6.0	3歳未勝利		15	3.0	4	18.7	5.0	7	キング	55.0	芝2000		稍	**	2:03.2	1.1	**	10-10-8-8	36.1-36.1	36.1	432(+4)			アリスメティーク		202501010506
2022101580	2025-09-17	園田	曇	10.0	JRA交流摩耶山特別		8	5.0	5	2.3	1.0	1	吉村智洋	55.0	ダ1870		良	**	2:05.0	-0.4	**	2-1-1-1		38.6	425(-7)			(イプシロンナンバー)	150.0	202550091710
2022101580	2025-11-22	4京都5	晴	7.0	3歳以上1勝クラス		16	8.0	15	93.9	12.0	9	西村淳也	54.0	ダ1800		良	**	1:54.5	1.6	**	10-8-5-4	38.2-37.3	38.3	430(+5)			ヴァンアグレアブル		202508040507
2022101580	2025-12-13	5中京3	曇	6.0	3歳以上1勝クラス		16	4.0	8	54.8	12.0	6	西村淳也	55.0	ダ1800		良	**	1:54.7	0.9	**	10-10-9-8	37.3-37.5	37.4	432(+2)			カロローザ		202507050306
2022101623	2024-07-21	2福島8	晴	6.0	2歳新馬		11	8.0	11	3.2	2.0	1	石川裕紀	55.0	芝1200		良	**	1:11.0	-0.1	**	5-4	35.5-35.5	35.0	412(0)			(ヴィンブルレー)	720.0	202403020806
2022101623	2024-09-01	2中京8	曇	11.0	小倉2歳S(GIII)		13	3.0	3	35.9	10.0	5	西塚洸二	55.0	芝1200		重	**	1:09.6	0.6	**	6-4	34.5-34.5	34.7	408(-4)			エイシンワンド	310.0	202407020811
2022101623	2024-10-05	5京都1	晴	9.0	りんどう賞(1勝クラス)		10	7.0	9	10.5	5.0	6	岩田望来	55.0	芝1400		良	**	1:22.2	0.4	**	4-4	35.6-34.3	34.4	410(+2)			ヴーレヴー		202408050109
2022101623	2024-11-30	7京都1	晴	9.0	さざんか賞(1勝クラス)		9	1.0	1	7.2	4.0	2	岩田望来	55.0	芝1200		良	**	1:09.4	0.3	**	4-4	34.9-34.2	34.0	416(+6)			ルクスレゼルヴァ	435.6	202408070109
2022101623	2025-01-25	1小倉1	晴	9.0	萌黄賞(1勝クラス)		12	8.0	11	14.4	6.0	1	岩田望来	55.0	芝1200		良	**	1:08.9	-0.1	**	6-5	33.8-35.1	34.7	406(-10)			(レイピア)	1135.2	202510010109
2022101623	2025-02-23	1京都8	曇	10.0	マーガレットS(L)		8	5.0	5	19.1	7.0	6	ルメート	55.0	芝1200		良	**	1:10.2	0.6	**	5-6	35.5-34.1	33.9	418(+12)			ポッドベイダー		202508010810
2022101623	2025-05-31	2京都11	曇	11.0	葵S(GIII)		16	4.0	8	60.5	15.0	1	岩田望来	55.0	芝1200		良	**	1:08.3	-0.1	**	6-6	33.5-34.8	33.6	420(+2)			(クラスペディア)	4156.7	202508021111
2022101623	2025-07-06	2小倉4	晴	11.0	TV西日本北九州記念(GIII)		18	7.0	14	14.3	7.0	3	坂井瑠星	53.0	芝1200		良	**	1:07.9	0.1	**	10-13	32.5-35.3	34.7	408(-12)			ヤマニンアルリフラ	1009.1	202510020411
2022101623	2025-09-07	4阪神2	晴	11.0	産経賞セントウルS(GII)		16	3.0	6	21.1	9.0	6	吉村誠之	53.0	芝1200		良	**	1:07.8	0.4	**	8-8	33.0-34.4	33.9	422(+14)			カンチェンジュンガ		202509040211
2022101623	2025-11-30	4京都8	晴	12.0	京阪杯(GIII)		18	1.0	2	25.0	11.0	6	吉村誠之	55.0	芝1200		良	**	1:08.0	0.6	**	13-12	32.7-34.7	33.7	438(+16)			エーティーマクフィ		202508040812
2022101678	2025-03-29	2阪神1	晴	1.0	3歳未勝利		16	6.0	12	37.1	10.0	8	坂井瑠星	55.0	ダ1400		稍	**	1:28.0	2.0	**	9-7	35.0-38.7	39.6	424(0)			リトルスカーレット		202509020101
2022101678	2025-07-12	2小倉5	晴	2.0	3歳未勝利		16	3.0	6	74.1	10.0	7	菱田裕二	55.0	芝1800		良	**	1:49.9	0.4	**	4-4-6-4	36.3-36.5	36.4	424(0)			ヴォワラクテ		202510020502
2022101678	2025-08-09	1札幌5	晴	2.0	3歳未勝利		14	1.0	1	37.8	9.0	14	藤岡佑介	55.0	ダ1700		重	**	1:52.0	6.8	**	8-8-8-12	29.6-38.8	44.3	422(-2)			ミサビスケッツ		202501010502
2022101678	2025-12-06	5中京1	晴	3.0	3歳以上1勝クラス		15	2.0	3	133.3	15.0	4	西塚洸二	54.0	ダ1800		良	**	1:54.5	0.3	**	1-1-1-1	38.2-38.6	38.9	430(+8)			レーヴドレフォン	120.0	202507050103
2022101678	2026-01-04	1京都1	曇	7.0	4歳以上1勝クラス		10	7.0	7	24.6	8.0	5	西塚洸二	54.0	ダ1800		良	**	1:54.4	0.9	**	1-1-1-1	37.3-37.3	38.2	426(-4)			クインズショコラ	82.0	202608010107
2022101733	2024-09-14	4中山3	晴	4.0	2歳新馬		16	3.0	5	99.2	13.0	9	小林勝太	53.0	ダ1800		良	**	1:59.2	2.9	**	15-15-12-11	37.4-38.4	40.1	470(0)			バギーウィップ		202406040304
2022101733	2024-09-28	4中山8	曇	3.0	2歳未勝利		16	6.0	12	75.3	10.0	8	小林勝太	53.0	ダ1800		良	**	1:57.8	3.2	**	11-10-10-7	37.7-38.9	41.0	464(-6)			トルショー		202406040803
2022101733	2025-05-10	2東京5	小雨	3.0	3歳未勝利		15	5.0	8	165.9	11.0	4	杉原誠人	57.0	ダ1600		重	**	1:37.4	1.3	**	10-11	35.6-35.6	35.7	472(+8)			ヘリオトロープ	84.0	202505020503
2022101733	2025-06-01	2東京12	晴	3.0	3歳未勝利		16	2.0	4	24.8	6.0	8	ディー	57.0	ダ1600		重	**	1:37.3	0.9	**	13-9	35.7-35.9	35.8	464(-8)			セブンメデュラス		202505021203
2022101733	2025-06-22	3東京6	晴	2.0	3歳未勝利		16	6.0	11	24.0	8.0	8	杉原誠人	57.0	ダ1600		良	**	1:38.4	1.5	**	14-15	35.1-36.9	36.9	460(-4)			ワスカル		202505030602
2022101733	2025-07-27	2新潟2	晴	5.0	3歳未勝利		15	5.0	9	19.5	8.0	4	石神深道	54.0	ダ1200		良	**	1:12.5	0.9	**	12-11	34.9-36.7	36.6	466(+6)			トラストパイロ	84.0	202504020205
2022101733	2025-08-17	2新潟8	晴	5.0	3歳未勝利		15	7.0	12	12.1	4.0	7	石神深道	54.0	ダ1200		良	**	1:12.5	0.8	**	8-8	34.6-37.1	36.8	466(0)			ハニーローリエ		202504020805
2022101733	2025-09-17	大井	晴	9.0	フォーチュネイトりん(C13歳)		14	6.0	11	4.2	1.0	1	石神深道	53.0	ダ1200		良	**	1:13.8	0.0	**	9-8	35.4-38.4	37.1	477(+11)			(タイセイルーマー)	280.0	202544091709
2022101733	2025-10-11	4東京3	小雨	12.0	3歳以上1勝クラス		16	5.0	10	155.1	13.0	8	石神深道	53.0	ダ1400		稍	**	1:26.3	1.5	**	12-12	35.7-36.6	37.1	476(-1)			トラヴェリンバンド		202505040312
2022101733	2025-12-20	5中京5	小雨	7.0	3歳以上1勝クラス		15	7.0	14	430.3	15.0	11	柴田大知	57.0	ダ1400		稍	**	1:26.3	1.0	**	10-11	35.6-37.2	37.3	494(+18)			ペイドラロワール		202507050507
2022101920	2024-07-28	2新潟2	曇	4.0	2歳新馬		12	6.0	7	8.4	5.0	3	団野大成	55.0	芝1600		良	**	1:36.0	0.5	**	5-5	36.0-34.4	34.4	440(0)			プロクレイア	180.0	202404020204
2022101920	2024-09-22	4中山7	曇	3.0	2歳未勝利		13	8.0	12	6.5	5.0	8	田辺裕信	55.0	芝1800		良	**	1:51.1	2.0	**	3-3-3-3	35.9-34.1	35.7	440(0)			エンペラーズソード		202406040703
2022101920	2024-11-23	5東京7	晴	2.0	2歳未勝利		18	6.0	11	12.3	5.0	4	田辺裕信	56.0	芝1400		良	**	1:22.6	0.4	**	2-2	34.8-35.2	35.4	456(+16)			ソーダーンライト	83.0	202405050702
2022101920	2024-12-14	5中山5	晴	3.0	2歳未勝利		16	2.0	3	7.0	4.0	9	ルメール	56.0	ダ1200		良	**	1:14.4	1.3	**	1-1	34.1-39.0	40.3	458(+2)			ヤマメキング		202406050503
2022101920	2025-02-16	1小倉8	曇	2.0	3歳未勝利		18	7.0	13	12.5	6.0	4	吉田隼人	57.0	芝1200		良	**	1:09.7	0.1	**	1-1	34.7-34.9	35.0	464(+6)			チェルビアット	84.0	202510010802
2022101920	2025-04-20	1福島4	曇	3.0	3歳未勝利		16	3.0	5	8.1	4.0	4	吉田隼人	57.0	芝1200		良	**	1:09.4	0.4	**	15-16	33.5-35.5	34.5	460(-4)			アンダースコア	84.0	202503010403
2022101920	2025-05-11	1新潟4	曇	6.0	3歳未勝利		16	8.0	16	1.9	1.0	1	丹内祐次	57.0	芝1000		稍	**	0:57.3	-0.1	**	4	33.9-34.6	34.3	458(-2)			(テンペストヒロイン)	560.0	202504010406
2022101920	2025-10-25	4新潟3	曇	9.0	稲光特別(1勝クラス)		18	8.0	17	4.0	2.0	3	丹内祐次	57.0	芝1000		良	**	0:55.2	0.2	**	3	33.4-32.3	32.4	466(+8)			スペルキャスター	285.5	202504040309
2022102138	2024-11-09	6京都3	晴	4.0	2歳新馬		15	4.0	6	7.5	3.0	2	吉村誠之	52.0	ダ1800		良	**	1:53.2	2.0	**	3-3-3-2	36.8-36.3	38.1	506(0)			ナルカミ	290.0	202408060304
2022102138	2024-12-07	4中京3	曇	1.0	2歳未勝利		10	3.0	3	1.1	1.0	1	鮫島克駿	55.0	ダ1800		良	**	1:54.5	-1.3	**	2-2-1-1	38.7-37.4	37.4	496(-10)			(シウダーエヴィータ)	550.0	202407040301
2022102138	2025-01-18	1中京6	晴	4.0	3歳1勝クラス		16	7.0	13	11.4	8.0	16	吉村誠之	53.0	ダ1800		良	**	1:55.5	2.5	**	6-6-6-7	37.1-37.7	39.7	508(+12)			ベルベルコンパス		202507010604
2022102138	2025-03-02	1阪神2	小雨	11.0	チューリップ賞(GII)		14	4.0	6	100.9	13.0	8	和田竜二	55.0	芝1600		良	**	1:34.5	0.5	**	1-1	35.7-34.2	34.7	500(-8)			クリノメイ		202509010211
2022102138	2025-04-13	2阪神6	雨	9.0	忘れな草賞(L)		8	7.0	7	12.5	4.0	8	津村明秀	55.0	芝2000		稍	**	2:05.2	1.7	**	5-5-5-4	37.4-35.7	37.1	502(+2)			サヴォンリンナ		202509020609
2022102138	2025-09-15	4阪神5	晴	12.0	3歳以上1勝クラス		15	4.0	7	5.4	3.0	10	松若風馬	54.0	ダ1400		良	**	1:25.6	0.9	**	6-5	35.4-37.0	37.4	514(+12)			タマモティーカップ		202509040512
2022102138	2025-10-13	3京都5	晴	4.0	3歳以上1勝クラス		13	6.0	8	4.9	3.0	1	松若風馬	54.0	ダ1800		良	**	1:52.2	-0.2	**	2-2-2-2	37.0-37.5	37.3	510(-4)			(ヴァンアグレアブル)	800.0	202508030504
2022102218	2025-04-05	2阪神3	晴	3.0	3歳未勝利		16	6.0	11	71.4	11.0	3	鮫島克駿	57.0	ダ1800		良	**	1:55.5	0.0	**	13-13-4-2	38.2-39.2	38.9	510(0)			スマートクラビ	140.0	202509020303
2022102218	2025-04-26	2京都1	晴	2.0	3歳未勝利		16	5.0	9	4.2	1.0	9	岩田望来	57.0	ダ1800		良	**	1:55.2	1.5	**	4-5-4-4	36.1-39.1	40.1	506(-4)			パーフェクト		202508020102
2022102218	2025-06-21	1函館3	晴	3.0	3歳未勝利		13	7.0	10	3.4	2.0	1	鮫島克駿	57.0	ダ1700		良	**	1:46.1	-0.9	**	6-6-2-2	29.7-38.4	38.3	506(0)			(メイショウタイピン)	560.0	202502010303
2022102218	2025-07-13	1函館10	晴	8.0	3歳以上1勝クラス		12	6.0	7	1.9	1.0	3	鮫島克駿	55.0	ダ1700		良	**	1:45.6	0.3	**	3-4-3-2	30.4-37.4	37.5	510(+4)			アイウィル	200.0	202502011008
2022102218	2026-01-11	1京都4	晴	6.0	4歳以上1勝クラス		14	8.0	13	8.1	4.0	1	鮫島克駿	57.0	ダ1800		良	**	1:53.3	-0.1	**	8-10-9-8	36.6-37.3	36.4	510(0)			(エイユーファイヤー)	820.0	202608010406
2022102228	2024-10-05	5京都1	晴	4.0	2歳新馬		16	4.0	8	17.7	6.0	3	西村淳也	56.0	ダ1400		稍	**	1:26.9	2.2	**	9-7	35.1-37.3	38.5	506(0)			ドラゴンウェルズ	180.0	202408050104
2022102228	2024-11-03	6京都2	晴	1.0	2歳未勝利		13	6.0	9	8.8	5.0	3	西村淳也	56.0	ダ1400		重	**	1:28.1	1.2	**	7-6	35.4-38.5	39.2	504(-2)			マテンロウコマンド	140.0	202408060201
2022102228	2024-11-16	3福島5	晴	3.0	2歳未勝利		15	7.0	13	9.2	4.0	3	ドイル	56.0	ダ1700		良	**	1:47.5	1.5	**	6-6-5-3	30.7-37.3	38.2	504(0)			ベリタバグス	140.0	202403030503
2022102228	2025-02-08	1小倉5	小雪	1.0	3歳未勝利		15	8.0	16	3.7	1.0	1	藤岡佑介	57.0	ダ1700		稍	**	1:45.3	-0.3	**	5-2-4-4	29.6-38.1	37.8	500(-4)			(キョウキランブ)	560.0	202510010501
2022102228	2025-04-26	2京都1	晴	7.0	3歳1勝クラス		12	2.0	2	16.6	8.0	2	藤岡佑介	57.0	ダ1800		良	**	1:52.8	0.1	**	7-7-5-4	35.9-38.3	38.1	492(-8)			ロードラビリンス	320.0	202508020107
2022102228	2025-05-18	2京都8	晴	5.0	3歳1勝クラス		13	4.0	5	2.3	1.0	2	藤岡佑介	57.0	ダ1800		重	**	1:51.3	0.1	**	10-9-8-8	36.2-36.4	35.7	494(+2)			タガノマカシヤ	320.0	202508020805
2022102228	2025-07-06	2小倉4	晴	12.0	3歳以上1勝クラス		16	5.0	9	2.0	1.0	4	団野大成	55.0	ダ1700		良	**	1:46.1	0.7	**	10-10-6-5	29.8-37.9	38.1	488(-6)			ジューンエオス	120.0	202510020412
2022102228	2025-07-26	3中京1	晴	10.0	3歳以上1勝クラス		11	7.0	8	2.4	1.0	3	団野大成	55.0	ダ1800		良	**	1:53.6	0.1	**	6-6-6-6	37.9-38.4	37.9	488(0)			メイショウソウセキ	200.0	202507030110
2022102228	2025-10-26	4新潟4	雨	8.0	3歳以上1勝クラス		12	6.0	8	1.6	1.0	1	丹内祐次	56.0	ダ1800		稍	**	1:52.3	-1.1	**	4-4-3-2	36.2-37.6	37.5	496(+8)			(ラマンシュ)	800.0	202504040408
2022102228	2025-11-08	5東京1	晴	9.0	神奈川新聞杯(2勝クラス)		13	4.0	5	4.2	2.0	2	横山武史	56.0	ダ2100		良	**	2:10.4	0.4	**	3-4-4-3	30.6-36.8	36.9	492(-4)			キョウキランブ	628.2	202505050109
2022102228	2026-01-11	1京都4	晴	9.0	五条坂特別(2勝クラス)		10	2.0	2	2.6	1.0	4	藤岡佑介	57.0	ダ1900		良	**	1:59.8	0.6	**	5-5-7-7	29.6-38.8	37.6	504(+12)			キーチパルフェ	240.0	202608010409
2022102260	2024-12-14	5中山5	晴	6.0	2歳新馬		15	7.0	12	64.4	10.0	2	木幡巧也	56.0	ダ1800		良	**	1:57.0	0.0	**	8-8-6-2	38.8-39.5	38.8	478(0)			ワンカードフェロー	290.0	202406050506
2022102260	2024-12-28	5中山9	晴	2.0	2歳未勝利		16	3.0	6	9.4	3.0	2	木幡巧也	56.0	ダ1800		良	**	1:56.5	0.1	**	4-4-4-3	38.0-39.8	39.7	482(+4)			オストラヴァ	220.0	202406050902
2022102260	2025-01-13	1中山5	晴	2.0	3歳未勝利		16	3.0	6	4.0	2.0	1	木幡巧也	57.0	ダ1800		良	**	1:57.2	-0.1	**	4-2-4-3	37.4-40.9	40.6	484(+2)			(ケルピー)	560.0	202506010502
2022102260	2025-03-02	2中山2	晴	6.0	3歳1勝クラス		16	1.0	2	54.8	12.0	10	木幡巧也	57.0	ダ1800		良	**	1:55.3	1.4	**	5-6-6-9	37.3-38.1	38.9	484(0)			アメージング		202506020206
2022102260	2025-03-23	1阪神8	晴	6.0	3歳1勝クラス		16	5.0	9	156.5	15.0	11	岩田康誠	57.0	ダ1800		良	**	1:56.5	3.1	**	9-9-12-13	37.8-38.5	39.9	480(-4)			カナルビーグル		202509010806
2022102260	2025-10-12	4東京4	曇	7.0	3歳以上1勝クラス		16	6.0	12	56.5	12.0	2	木幡巧也	56.0	ダ1600		良	**	1:38.4	0.1	**	2-2	36.5-36.8	36.8	484(+4)			アデランテ	320.0	202505040407
2022102260	2025-10-26	4東京9	小雨	12.0	3歳以上1勝クラス		16	1.0	1	12.4	6.0	7	石橋脩	56.0	ダ1600		不	**	1:36.8	1.1	**	4-3	35.3-35.3	36.1	486(+2)			チュウワチーフ		202505040912
2022102262	2024-07-20	2福島7	曇	5.0	2歳新馬		10	7.0	8	30.6	8.0	10.0	木幡巧也	55.0	芝2000		良	**	2:06.6	3.0	**	2-2-2-5	37.2-35.0	37.8	476(0)			ピコチャンブラック		202403020705
2022102262	2024-10-19	4東京5	晴	1.0	2歳未勝利		15	8.0	14	107.8	13.0	7.0	木幡巧也	56.0	ダ1400		良	**	1:26.5	0.7	**	3-3	35.6-37.3	37.8	472(-4)			アメリカンビーチ		202405040501
2022102262	2024-11-03	5東京2	晴	2.0	2歳未勝利		15	4.0	7	9.8	5.0	3.0	柴田大知	56.0	ダ1600		重	**	1:37.7	0.7	**	5-3	34.6-38.2	38.6	470(-2)			カンレイスキー	140.0	202405050202
2022102262	2024-11-24	5東京8	晴	3.0	2歳未勝利		16	6.0	11	5.9	3.0	4.0	川田将雅	56.0	ダ1600		良	**	1:39.2	1.0	**	2-2	35.5-36.7	37.4	472(+2)			ダンツファイター	83.0	202405050803
2022102262	2025-07-21	浦和	晴	2.0	3歳四		9	5.0	5	1.2	1.0	1.0	笹川翼	56.0	ダ1400		良	**	1:28.0	-2.2	**	1-1-1-1	37.9-37.4	37.4	495(+23)			(ハヤオ)	180.0	202542072102
2022102262	2025-08-18	浦和	曇	8.0	花氷特別(3歳)		0	6.0	6				笹川翼	56.0	ダ1400		良								495(0)					202542081808
2022102262	2025-08-25	川崎	晴	2.0	笹五位特別(3歳)		14	3.0	3	1.1	1.0	1.0	保園翔也	56.0	ダ1500		良	**	1:36.8	-1.1	**	1-1-1-1	29.3-41.0	41.0	496(+1)			(セラード)	160.0	202545082502
2022102262	2025-10-25	4東京8	雨	7.0	3歳以上1勝クラス		16	5.0	9	10.1	7.0	5.0	戸崎圭太	56.0	ダ1400		稍	**	1:24.2	1.5	**	3-4	35.3-35.6	36.7	494(-2)			メリディアンスター	80.0	202505040807
2022102262	2025-11-09	5東京2	小雨	7.0	3歳以上1勝クラス		16	8.0	15	49.4	10.0	2.0	石橋脩	57.0	ダ1600		稍	**	1:38.5	0.6	**	2-2	35.4-36.8	37.3	492(-2)			ディーズゴールド	320.0	202505050207
2022102262	2025-11-29	5東京7	晴	6.0	3歳以上1勝クラス		16	2.0	3	32.6	7.0	4.0	石橋脩	57.0	ダ1600		良	**	1:38.3	0.6	**	1-1	35.7-36.3	36.9	494(+2)			コーカサスゴールド	120.0	202505050706
2022102262	2025-12-21	5中山6	曇	8.0	3歳以上1勝クラス		15	7.0	13	10.6	5.0	10.0	石橋脩	57.0	ダ1800		重	**	1:52.3	1.0	**	2-2-2-2	36.8-37.8	38.7	494(0)			コンティオ		202506050608
2022102594	2024-08-10	2中京1	晴	5.0	2歳新馬		14	8.0	13	76.6	11.0	8	河原田菜	51.0	芝1200		良	**	1:11.3	2.1	**	3-3	35.5-33.7	35.5	458(0)			エイシンワンド		202407020105
2022102594	2024-12-01	7京都2	晴	1.0	2歳未勝利		15	8.0	15	6.4	3.0	3	田口貫太	55.0	ダ1200		良	**	1:14.2	0.8	**	2-1	35.9-37.5	38.1	476(+18)			ペイシャケイプ	140.0	202408070201
2022102594	2024-12-14	7京都5	小雨	1.0	2歳未勝利		15	5.0	8	12.6	4.0	8	幸英明	56.0	ダ1200		良	**	1:15.4	1.2	**	3-3	35.5-38.7	39.7	478(+2)			ショウナンアトレ		202408070501
2022102594	2025-03-01	1阪神1	曇	2.0	3歳未勝利		16	6.0	11	52.0	9.0	9	田口貫太	56.0	ダ1200		良	**	1:15.2	1.5	**	4-4	35.5-38.2	39.2	476(-2)			ホウショウマリス		202509010102
2022102594	2025-03-23	1阪神8	晴	2.0	3歳未勝利		16	6.0	12	21.9	7.0	6	田口貫太	57.0	ダ1200		良	**	1:14.6	0.9	**	3-2	35.8-37.9	38.6	474(-2)			ミルトライディーン		202509010802
2022102594	2025-04-22	金沢	晴	8.0	加賀手取川賞(未勝利)(3歳)		9	5.0	5	2.4	2.0	5	田口貫太	57.0	ダ1500		良	**	1:36.4	1.9	**	1-1-2-3		39.8	471(-3)			クリノチャールズ	8.5	202546042208
2022102594	2025-06-28	2小倉1	晴	6.0	3歳未勝利		14	6.0	9	12.5	5.0	9	幸英明	57.0	ダ1000		良	**	1:00.3	1.9	**	5-8	34.7-35.2	36.5	480(+9)			ナムラモモ		202510020106
2022102594	2025-08-10	盛岡	曇	6.0	3歳C2二組		11	5.0	6			除	山本聡哉	56.0	ダ1200		良	**			**				計不			フェアリアルギフト		202535081006
2022102594	2025-08-25	盛岡	曇	7.0	3歳C2三組		12	8.0	11	1.5	1.0	1	山本聡哉	56.0	ダ1200		良	**	1:13.2	-0.4	**	4-2		37.2	488(+8)			(スカーレットクロス)	50.0	202535082507
2022102594	2025-09-16	水沢	晴	8.0	3歳C1二組		11	8.0	11	1.6	1.0	3	山本聡哉	56.0	ダ1400		稍	**	1:29.0	1.2	**	3-3-3-4		39.5	490(+2)			キーソナタ	12.0	202536091608
2022102594	2025-10-05	水沢	曇	7.0	C1七組		10	3.0	3	3.9	2.0	2	山本聡哉	56.0	ダ1400		稍	**	1:30.5	0.6	**	9-9-6-4		39.1	491(+1)			タナハシ	17.5	202536100507
2022102594	2025-10-21	盛岡	曇	4.0	C1		11	6.0	7	2.2	2.0	1	山本聡哉	56.0	ダ1200		稍	**	1:12.7	-0.9	**	4-3		36.3	489(-2)			(コスモタラゴン)	50.0	202535102104
2022102594	2025-11-04	盛岡	晴	6.0	C1		12	3.0	3	1.4	1.0	1	山本聡哉	57.0	ダ1000		稍	**	0:59.2	-1.0	**	1-1		35.6	495(+6)			(サンマルセレッソ)	50.0	202535110406
2022102594	2025-11-25	水沢	曇	9.0	B2		9	8.0	8	1.3	1.0	1	山本聡哉	56.0	ダ850		稍	**	0:50.8	-0.6	**	1-1		35.6	498(+3)			(サンエイゴロー)	60.0	202536112509
2022102594	2025-12-08	水沢	小雨	8.0	B2		10	5.0	5	1.0	1.0	1	山本聡哉	56.0	ダ850		不	**	0:49.8	-1.0	**	1-1		35.0	489(-9)			(タカマキスリー)	60.0	202536120808
2022102769	2024-11-10	5東京4	曇	4.0	2歳新馬		16	3.0	6	49.8	11.0	12	石橋脩	56.0	ダ1300		良	**	1:23.4	3.3	**	15-15	31.0-36.3	36.1	496(0)			ピコレッド		202405050404
2022102769	2025-02-15	1東京5	晴	1.0	3歳未勝利		16	2.0	4	62.9	12.0	8	北村宏司	57.0	ダ1400		良	**	1:28.2	0.6	**	9-9	36.0-38.5	38.3	500(+4)			マイネルブリオン		202505010501
2022102769	2025-03-23	2中山8	晴	2.0	3歳未勝利		16	4.0	8	15.5	7.0	5	北村宏司	57.0	ダ1200		稍	**	1:13.7	1.7	**	13-11	33.9-38.1	38.2	496(-4)			サマースイートピー	56.0	202506020802
2022102769	2025-04-26	2東京1	曇	2.0	3歳未勝利		16	1.0	1	70.7	11.0	10	北村宏司	57.0	ダ1400		稍	**	1:26.8	1.0	**	8-7	36.3-36.7	37.2	488(-8)			アイアムイチバン		202505020102
2022102769	2025-05-24	2東京9	曇	2.0	3歳未勝利		16	2.0	4	79.9	9.0	5	横山和生	57.0	ダ1400		良	**	1:27.5	0.7	**	15-15	37.2-36.2	35.6	488(0)			ウフドゥウフ	56.0	202505020902
2022102769	2025-06-07	3東京1	晴	3.0	3歳未勝利		16	6.0	11	14.9	5.0	2	横山和生	57.0	ダ1600		良	**	1:38.4	0.9	**	15-15	35.1-37.0	36.0	488(0)			ファリーザ	220.0	202505030103
2022102769	2025-06-21	3東京5	晴	3.0	3歳未勝利		16	4.0	8	11.3	5.0	4	戸崎圭太	57.0	ダ1600		良	**	1:38.6	0.9	**	16-14	35.4-38.0	36.5	488(0)			カフェロワドール	84.0	202505030503
2022102769	2025-07-20	2福島8	晴	2.0	3歳未勝利		15	4.0	6	11.1	7.0	13	戸崎圭太	57.0	ダ1700		良	**	1:50.5	3.3	**	15-15-13-11	30.0-39.0	40.7	494(+6)			スターエンブレム		202503020802
2022102769	2025-09-25	笠松	曇	7.0	秋彼岸賞(3歳)		9	6.0	6	1.3	1.0	2	丸野勝虎	57.0	ダ1600		良	**	1:47.5	1.2	**	7-4-2		39.8	488(-6)			コスモフィネス	22.0	202547092507
2022102769	2025-10-10	笠松	晴	7.0	C8組		10	8.0	10	4.1	2.0	2	丸野勝虎	57.0	ダ1400		良	**	1:30.6	1.4	**	6-3-3		40.3	490(+2)			アンピュルシオン	16.0	202547101007
2022102769	2025-11-06	笠松	晴	4.0	C7組		10	5.0	5	3.7	2.0	1	渡辺竜也	57.0	ダ1400		良	**	1:29.4	-0.7	**	2-2-1		38.5	489(-1)			(エイシンクァンタム)	40.0	202547110604
2022102769	2025-12-03	笠松	曇	10.0	師走特別(C)		10	8.0	10	8.7	5.0	1	丸野勝虎	57.0	ダ1600		良	**	1:42.5	-0.2	**	3-3-4		38.5	496(+7)			(ダディーズグーグー)	60.0	202547120310
2022102878	2024-06-30	1函館8	曇	5.0	2歳新馬		11	5.0	5	23.4	8.0	6	菱田裕二	55.0	芝1800		良	**	1:51.6	0.7	**	6-7-9-8	36.5-36.1	35.9	446(0)			ゴーゴータカシ		202402010805
2022102878	2024-08-18	2札幌4	曇	1.0	2歳未勝利		9	8.0	9	10.9	5.0	7	佐々木大	55.0	芝1500		良	**	1:30.5	0.8	**	3-2-2	29.2-36.3	37.0	442(-4)			オーケースマイル		202401020401
2022102878	2024-08-24	2札幌5	晴	1.0	2歳未勝利		7	7.0	7	22.1	4.0	5	長浜鴻緒	52.0	芝1200		良	**	1:10.9	1.2	**	4-4	35.0-34.7	35.5	440(-2)			ロードヴェルト	55.0	202401020501
2022102878	2024-08-31	2札幌7	曇	1.0	2歳未勝利		13	4.0	5	23.9	6.0	3	高杉吏麒	52.0	芝1200		重	**	1:11.9	0.5	**	7-6	35.3-36.1	35.9	446(+6)			オイランブチ	140.0	202401020701
2022102878	2024-12-22	5中山8	晴	3.0	2歳未勝利		16	1.0	2	52.4	12.0	6	戸崎圭太	55.0	芝1200		良	**	1:10.1	0.3	**	7-6	33.5-36.3	36.1	448(+2)			ミクストベリーズ		202406050803
2022102878	2025-01-13	1中山5	晴	7.0	3歳1勝クラス		11	2.0	2	86.0	9.0	8	長浜鴻緒	52.0	芝1200		良	**	1:10.7	1.4	**	9-8	34.7-34.6	34.9	446(-2)			モジャーリオ		202506010507
2022102878	2025-02-09	1小倉6	晴	6.0	3歳未勝利		17	3.0	5	41.6	10.0	2	石神深道	52.0	芝1200		稍	**	1:11.0	0.5	**	13-12	33.8-36.7	35.6	446(0)			アーサーズウェイン	220.0	202510010606
2022102878	2025-02-22	1小倉9	曇	7.0	3歳未勝利		18	3.0	6	17.1	6.0	8	石神深道	52.0	芝1200		良	**	1:09.6	0.9	**	14-12	33.8-34.9	34.6	446(0)			ウインマスカレード		202510010907
2022102878	2025-04-12	1福島1	曇	6.0	3歳未勝利		16	7.0	13	35.4	8.0	5	石神深道	52.0	芝1200		良	**	1:09.5	1.1	**	7-6	33.2-35.2	35.4	444(-2)			カランダッシュ	56.0	202503010106
2022102878	2025-05-03	1新潟1	晴	5.0	3歳未勝利		16	6.0	12	41.9	10.0	2	長浜鴻緒	53.0	芝1400		良	**	1:22.9	0.4	**	3-3	34.1-36.5	36.7	438(-6)			マーゴットカーラ	220.0	202504010105
2022102878	2025-05-24	1新潟7	曇	7.0	3歳未勝利		16	2.0	3	7.2	4.0	7	佐々木大	55.0	芝1400		良	**	1:23.9	0.9	**	6-7	34.6-36.2	36.6	440(+2)			クリールスル		202504010707
2022102878	2025-06-26	園田	曇	8.0	3歳C1		11	5.0	5	2.3	1.0	1	高橋愛叶	53.0	ダ1230		重	**	1:21.7	-0.5	**	3-3-3-2		40.9	439(-1)			(ヴィタコンパーニ)	80.0	202550062608
2022102878	2025-07-16	園田	晴	7.0	C2一		8	5.0	5	1.8	1.0	1	高橋愛叶	53.0	ダ1400		稍	**	1:32.9	-0.2	**	2-2-1-1		39.2	440(+1)			(シナモンショコラ)	70.0	202550071607
2022102878	2025-08-08	園田	曇	10.0	北風ミシェル☆来場記(C1)		10	6.0	6	6.0	3.0	5	高橋愛叶	53.0	ダ1400		重	**	1:32.6	0.6	**	3-3-3-3		41.3	443(+3)			イザグリーンライト	11.0	202550080810
2022102878	2025-11-09	3福島2	小雨	12.0	3歳以上1勝クラス		16	4.0	8	49.6	11.0	3	舟山瑠泉	52.0	芝1200		良	**	1:09.5	0.4	**	8-7	33.8-35.3	35.0	452(+9)			バンディート	200.0	202503030212
2022102878	2025-11-22	3福島5	晴	12.0	3歳以上1勝クラス		16	5.0	9	20.7	11.0	9	舟山瑠泉	52.0	芝1200		良	**	1:09.5	0.4	**	7-7	34.3-34.8	34.4	454(+2)			ガットネロ		202503030512
2022103039	2024-09-01	2中京8	雨	5.0	2歳新馬		11	1.0	1	71.4	10.0	10	国分恭介	55.0	芝1400		重	**	1:25.1	2.5	**	3-2	35.3-35.1	37.4	466(0)			フードマン		202407020805
2022103039	2024-09-22	4中山7	曇	2.0	2歳未勝利		10	8.0	9	98.0	9.0	5	丸山元気	55.0	芝1200		良	**	1:09.5	0.7	**	2-2	34.8-34.0	34.5	464(-2)			ニシノクードクール	55.0	202406040702
2022103039	2024-10-14	4新潟4	晴	3.0	2歳未勝利		15	2.0	3	15.2	7.0	5	国分恭介	55.0	芝1200		良	**	1:10.3	0.2	**	2-2	34.2-35.9	36.0	458(-6)			トシッキー	55.0	202404040403
2022103039	2024-11-24	6京都8	曇	3.0	2歳未勝利		18	5.0	10	38.6	11.0	16	北村友一	55.0	芝1600		良	**	1:36.4	1.6	**	2-3	35.0-35.4	36.7	456(-2)			ベイリークロア		202408060803
2022103039	2024-11-30	4中京1	曇	4.0	2歳未勝利		17	8.0	16	78.0	10.0	12	吉田隼人	55.0	芝1200		良	**	1:10.7	1.6	**	14-14	34.3-34.8	34.4	452(-4)			タガノアンファン		202407040104
2022103039	2025-01-26	1小倉2	晴	2.0	3歳未勝利		17	7.0	14	85.1	10.0	4	長岡禎仁	55.0	芝1200		良	**	1:10.1	1.0	**	4-4	34.2-34.9	35.5	450(-2)			フウセツ	84.0	202510010202
2022103039	2025-02-15	1小倉7	晴	2.0	3歳未勝利		18	1.0	2	55.3	11.0	4	丸山元気	55.0	芝1200		良	**	1:08.9	0.9	**	5-4	33.1-34.9	35.3	456(+6)			ヴェントゥーラ	84.0	202510010702
2022103039	2025-03-02	1小倉12	曇	2.0	3歳未勝利		18	8.0	17	5.5	3.0	1	丸山元気	55.0	芝1200		稍	**	1:10.2	-0.6	**	10-8	34.4-35.8	35.1	452(-4)			(デボラ)	560.0	202510011202
2022103039	2025-03-23	1阪神8	晴	5.0	3歳1勝クラス		13	5.0	7	42.0	10.0	10	鮫島克駿	55.0	芝1200		良	**	1:09.1	0.9	**	5-5	33.5-34.7	35.2	460(+8)			レイピア		202509010805
2022103039	2025-03-30	2阪神2	曇	6.0	3歳1勝クラス		16	5.0	10	126.4	13.0	7	中井裕二	55.0	ダ1200		良	**	1:13.4	1.4	**	11-10	34.8-37.2	37.6	456(-4)			テーオーエルビス		202509020206
2022103039	2025-06-22	3阪神6	晴	8.0	3歳以上1勝クラス		16	2.0	4	194.1	13.0	15	和田竜二	53.0	ダ1400		良	**	1:28.1	4.0	**	4-7	33.8-38.2	41.6	464(+8)			ホウショウマリス		202509030608
2022103039	2025-07-12	2小倉5	晴	12.0	3歳以上1勝クラス		17	5.0	10	10.6	5.0	5	団野大成	53.0	芝1200		良	**	1:08.8	0.3	**	6-5	33.0-35.5	35.5	450(-14)			シュブロンレーヴル	80.0	202510020512
2022103039	2025-07-27	3中京2	晴	12.0	3歳以上1勝クラス		9	8.0	8	16.4	6.0	7	団野大成	53.0	芝1200		良	**	1:08.5	0.6	**	2-2	33.7-34.2	34.7	456(+6)			ピースフルナイト		202507030212
2022103039	2025-09-07	2札幌6	晴	8.0	3歳以上1勝クラス		16	7.0	14	13.6	6.0	7	松本大輝	53.0	芝1200		稍	**	1:10.5	0.5	**	5-4	34.3-35.7	35.6	452(-4)			ブルーアイドガール		202501020608
2022103039	2025-11-08	3福島1	晴	7.0	3歳以上1勝クラス		16	1.0	1	11.7	5.0	5	松本大輝	54.0	芝1200		良	**	1:08.3	0.3	**	7-6	33.3-34.7	34.3	446(-6)			バシレイア	80.0	202503030107
2022103039	2025-11-22	3福島5	晴	12.0	3歳以上1勝クラス		16	3.0	5	15.4	7.0	8	松本大輝	54.0	芝1200		良	**	1:09.4	0.3	**	11-11	34.3-34.8	34.1	450(+4)			ガットネロ		202503030512
2022103066	2024-06-02	4京都2	曇	5.0	2歳新馬		13	3.0	3	2.7	1.0	2	松山弘平	55.0	芝1400		良	**	1:23.4	0.2	**	4-4	35.9-35.2	35.1	476(0)			キトンインザスカイ	290.0	202408040205
2022103066	2024-06-29	3小倉1	曇	1.0	2歳未勝利		7	6.0	6	1.4	1.0	1	松山弘平	55.0	芝1200		良	**	1:08.2	-0.4	**	1-1	33.4-34.8	34.8	474(-2)			(テーオーシュターデ)	550.0	202410030101
2022103066	2024-09-01	2中京8	曇	11.0	小倉2歳S(GIII)		13	4.0	4	4.8	3.0	4	松山弘平	55.0	芝1200		重	**	1:09.4	0.4	**	1-1	34.5-34.5	34.9	486(+12)			エイシンワンド	470.0	202407020811
2022103066	2024-09-21	4中山6	曇	9.0	カンナS(OP)		8	7.0	7	3.3	2.0	3	佐々木大	55.0	芝1200		良	**	1:07.8	0.6	**	2-2	32.6-34.6	35.1	484(-2)			エコロジーク	402.5	202406040609
2022103066	2024-11-10	3福島4	晴	9.0	福島2歳S(OP)		16	1.0	2	3.6	1.0	3	ドイル	56.0	芝1200		良	**	1:11.0	0.3	**	1-1	34.0-36.7	37.0	484(0)			ポッドベイダー	405.0	202403030409
2022103066	2024-12-07	5中山3	晴	9.0	黒松賞(1勝クラス)		13	7.0	11	3.0	1.0	5	戸崎圭太	56.0	芝1200		良	**	1:07.9	0.2	**	1-2	32.9-34.8	35.0	484(0)			サウスバンク	107.0	202406050309
2022103066	2025-01-25	1小倉1	晴	9.0	萌黄賞(1勝クラス)		12	8.0	12	1.9	1.0	2	鮫島克駿	57.0	芝1200		良	**	1:09.0	0.1	**	2-3	33.8-35.1	35.2	488(+4)			アブキールベイ	447.2	202510010109
2022103066	2025-03-02	1小倉12	曇	9.0	あざみ賞(1勝クラス)		18	3.0	6	1.9	1.0	2	鮫島克駿	57.0	芝1200		重	**	1:10.5	0.0	**	3-3	34.1-36.4	36.1	498(+10)			ベイビーキッス	451.2	202510011209
2022103066	2025-03-23	1阪神8	晴	5.0	3歳1勝クラス		13	7.0	10	3.1	1.0	1	柴田裕一	54.0	芝1200		良	**	1:08.2	-0.2	**	3-2	33.5-34.7	34.4	500(+2)			(ジャスパーディビネ)	800.0	202509010805
2022103066	2025-05-31	2京都11	曇	11.0	葵S(GIII)		16	6.0	12	13.8	8.0	3	柴田裕一	57.0	芝1200		良	**	1:08.5	0.2	**	8-8	33.5-34.8	33.6	500(0)			アブキールベイ	1008.1	202508021111
2022103066	2025-06-15	3阪神4	晴	9.0	武庫川特別(2勝クラス)		15	7.0	12	2.1	1.0	1	北村友一	55.0	芝1200		稍	**	1:09.5	-0.5	**	6-5	33.5-36.0	35.2	502(+2)			(ソングオブライフ)	1582.2	202509030409
2022103066	2025-07-12	2福島5	曇	10.0	会津S(3勝クラス)		9	8.0	8	1.3	1.0	1	戸崎圭太	55.0	芝1200		良	**	1:10.6	-0.2	**	5-3	36.0-34.6	34.0	502(0)			(トーセンエスクード)	1861.0	202503020510
2022103066	2025-08-24	2札幌2	晴	11.0	キーンランドC(GIII)		16	2.0	3	9.7	6.0	11	北村友一	55.0	芝1200		良	**	1:09.0	0.8	**	10-10	33.6-34.6	34.5	510(+8)			パンジャタワー		202501020211
2022103066	2025-11-09	3福島2	小雨	11.0	みちのくS(OP)		16	3.0	6	4.0	1.0	1	丸山元気	56.0	芝1200		良	**	1:08.3	-0.2	**	1-1	33.5-34.8	34.8	502(-8)			(バースクライ)	2335.0	202503030211
2022103066	2025-11-30	4京都8	晴	12.0	京阪杯(GIII)		18	3.0	6	11.4	6.0	4	鮫島克駿	56.0	芝1200		良	**	1:07.7	0.3	**	10-9	32.7-34.7	33.6	506(+4)			エーティーマクフィ	620.0	202508040812
2022103078	2025-01-13	1中京5	晴	4.0	3歳新馬		15	2.0	2	24.7	7.0	9	永島まな	53.0	ダ1200		良	**	1:14.9	1.3	**	8-8	36.2-37.4	37.9	420(0)			ヨリノレジェンド		202507010504
2022103078	2025-01-26	1中京9	晴	2.0	3歳未勝利		16	4.0	8	102.7	12.0	5	幸英明	55.0	ダ1400		良	**	1:26.8	0.2	**	5-5	34.8-39.3	38.9	418(-2)			スリーソング	56.0	202507010902
2022103078	2025-04-20	2阪神8	曇	1.0	3歳未勝利		16	1.0	1	13.9	7.0	12	菱田裕二	55.0	ダ1400		良	**	1:30.0	4.2	**	6-6	34.4-39.0	42.5	428(+10)			ニューオーリンズ		202509020801
2022103078	2025-06-28	2小倉1	晴	6.0	3歳未勝利		14	6.0	10	29.2	9.0	1	小沢大仁	55.0	ダ1000		良	**	0:58.4	-0.1	**	1-1	34.7-35.2	35.2	428(0)			(デーモンスレイヤー)	560.0	202510020106
2022103078	2025-07-20	2小倉8	晴	6.0	3歳以上1勝クラス		9	8.0	9	3.4	1.0	2	小沢大仁	53.0	ダ1000		良	**	0:58.0	0.6	**	2-2	33.7-35.0	35.5	434(+6)			ペイシャヴァルツー	320.0	202510020806
2022103078	2025-10-13	3京都5	晴	12.0	3歳以上1勝クラス		16	1.0	2	27.4	10.0	11	小沢大仁	55.0	ダ1200		良	**	1:12.7	1.3	**	1-2	35.2-36.2	37.5	436(+2)			セールヴォラン		202508030512
2022103078	2025-11-16	3福島4	晴	8.0	3歳以上1勝クラス		16	3.0	6	8.4	3.0	3	和田陽希	52.0	ダ1150		良	**	1:09.6	0.1	**	2-2	31.6-37.9	37.9	436(0)			ディニトーソ	200.0	202503030408
2022103151	2024-11-23	5東京7	晴	4.0	2歳新馬		15	5.0	9	30.1	8.0	9	菊沢一樹	55.0	ダ1400		稍	**	1:27.2	3.4	**	1-1	35.7-35.6	39.0	468(0)			ヘニーガイスト		202405050704
2022103151	2025-01-12	1中山4	曇	1.0	3歳未勝利		16	7.0	14	19.4	5.0	3	菊沢一樹	55.0	ダ1200		良	**	1:13.0	0.4	**	2-2	34.1-38.5	38.7	464(-4)			エルオレンス	140.0	202506010401
2022103151	2025-01-25	1中山8	小雨	1.0	3歳未勝利		16	2.0	3	4.6	3.0	2	長浜鴻緒	52.0	ダ1200		良	**	1:12.4	0.3	**	1-1	34.0-38.1	38.4	460(-4)			テルユアワールド	220.0	202506010801
2022103151	2025-03-01	2中山1	晴	2.0	3歳未勝利		16	8.0	15	2.5	1.0	2	長浜鴻緒	52.0	ダ1200		良	**	1:12.5	0.0	**	1-1	34.9-37.6	37.6	462(+2)			ルシード	220.0	202506020102
2022103151	2025-03-15	2中山5	晴	1.0	3歳未勝利		16	7.0	13	1.6	1.0	6	長浜鴻緒	52.0	ダ1200		稍	**	1:13.7	1.4	**	1-1	34.5-37.8	39.2	458(-4)			フクチャンヒメ		202506020501
2022103151	2025-05-04	1新潟2	曇	2.0	3歳未勝利		15	2.0	3	3.4	1.0	3	長浜鴻緒	53.0	ダ1200		稍	**	1:12.0	0.6	**	1-1	33.7-37.7	38.3	464(+6)			チケットトゥヘブン	140.0	202504010202
2022103151	2025-05-18	1新潟6	曇	2.0	3歳未勝利		15	4.0	6	2.6	1.0	1	長浜鴻緒	53.0	ダ1200		稍	**	1:12.0	-0.6	**	1-1	34.3-37.7	37.7	470(+6)			(ハニーローリエ)	560.0	202504010602
2022103151	2025-07-13	2福島6	晴	8.0	3歳以上1勝クラス		15	2.0	3	4.2	2.0	2	谷原柚希	50.0	ダ1150		良	**	1:09.1	0.2	**	1-1	31.1-37.8	38.0	470(0)			フェデルミエール	320.0	202503020608
2022103151	2025-08-02	1札幌3	晴	6.0	3歳以上1勝クラス		7	2.0	2	1.7	1.0	2	小林美駒	51.0	ダ1000		良	**	0:58.7	0.2	**	1-1	34.6-35.4	35.6	472(+2)			サウンドモリアーナ	320.0	202501010306
2022103151	2025-08-17	1札幌8	雨	6.0	3歳以上1勝クラス		12	8.0	12	1.4	1.0	2	小林美駒	51.0	ダ1000		稍	**	0:58.6	0.0	**	1-1	34.3-35.6	35.6	476(+4)			ミルフルール	320.0	202501010806
2022103151	2025-08-30	2札幌3	曇	7.0	3歳以上1勝クラス		12	6.0	7	2.6	1.0	1	小林美駒	51.0	ダ1000		重	**	0:57.9	-0.1	**	2-2	34.4-34.7	34.6	472(-4)			(スパークルジョイ)	800.0	202501020307
2022103151	2025-12-06	5中山1	晴	12.0	3歳以上2勝クラス		13	5.0	9	10.9	6.0	5	谷原柚希	51.0	芝1200		良	**	1:07.8	0.3	**	4-5	33.9-33.6	33.5	476(+4)			アンドアイラヴハー	114.0	202506050112
2022103151	2025-12-27	5中山7	曇	9.0	ベストウィッシュC(2勝クラス)		16	3.0	6	7.7	4.0	8	丹内祐次	55.0	芝1200		良	**	1:08.8	1.0	**	1-1	33.2-34.6	35.6	474(-2)			アンビバレント		202506050709
2022103183	2024-11-02	5東京1	小雨	6.0	2歳新馬		16	8.0	15	3.2	1.0	5	戸崎圭太	56.0	ダ1600		重	**	1:39.8	0.4	**	6-6	37.4-35.6	35.6	510(0)			ボルトテソーロ	72.0	202405050106
2022103183	2024-11-24	5東京8	晴	1.0	2歳未勝利		16	7.0	13	4.9	3.0	10	戸崎圭太	56.0	ダ1400		良	**	1:28.4	1.8	**	8-9	36.7-37.0	38.0	508(-2)			ヘルヴェティオス		202405050801
2022103183	2025-03-29	3中山1	雨	3.0	3歳未勝利		16	7.0	13	5.5	4.0	9	松岡正海	57.0	ダ1200		稍	**	1:13.7	1.4	**	8-10	34.8-37.5	38.3	510(+2)			リクエイ		202506030103
2022103183	2025-04-26	2東京1	曇	2.0	3歳未勝利		16	4.0	7	32.0	7.0	1	松岡正海	57.0	ダ1400		稍	**	1:25.8	0.0	**	1-1	36.3-36.7	36.7	502(-8)			(アラスカフレイバー)	560.0	202505020102
2022103263	2024-06-08	1函館1	晴	5.0	2歳新馬		11	8.0	10	5.2	3.0	4	角田大河	54.0	芝1000		良	**	0:58.2	0.6	**	8-6	33.8-34.8	33.7	466(0)			ヒデノブルースカイ	110.0	202402010105
2022103263	2024-06-22	1函館5	晴	1.0	2歳未勝利		9	2.0	2	7.0	4.0	5	角田大河	54.0	芝1200		良	**	1:10.6	0.7	**	3-3	33.8-36.1	36.5	464(-2)			モジャーリオ	55.0	202402010501
2022103263	2024-07-27	1札幌3	曇	1.0	2歳未勝利		10	2.0	2	14.3	4.0	4	角田大河	54.0	芝1800		良	**	1:50.0	0.3	**	6-6-7-8	37.0-35.7	35.0	466(+2)			シマサンブラック	83.0	202401010301
2022103263	2024-08-10	2札幌1	曇	1.0	2歳未勝利		7	7.0	7	10.2	4.0	6	高杉吏麒	52.0	芝1800		良	**	1:50.3	0.9	**	4-5-7-5	37.5-34.9	35.2	458(-8)			テリオスララ		202401020101
2022103263	2024-09-21	3中京6	晴	2.0	2歳未勝利		9	1.0	1	11.5	7.0	8	松山弘平	55.0	芝2000		良	**	2:03.6	1.3	**	9-9-9-9	37.5-35.2	34.9	458(0)			サンライズグラシア		202407030602
2022103263	2024-12-01	4中京2	晴	5.0	2歳未勝利		8	5.0	5	16.7	5.0	4	永島まな	54.0	芝2000		良	**	2:03.5	0.8	**	8-8-8-8	36.3-34.5	34.8	462(+4)			インターポーザー	83.0	202407040205
2022103263	2024-12-14	4中京5	晴	5.0	2歳未勝利		18	3.0	5	45.0	6.0	9	長浜鴻緒	53.0	芝2000		良	**	2:03.9	1.3	**	16-15-16-17	36.8-35.3	35.2	462(0)			ノラリクラリ		202407040505
2022103263	2025-01-18	1中京6	晴	5.0	3歳未勝利		18	6.0	11	125.2	16.0	5	太宰啓介	57.0	芝2000		良	**	2:02.2	1.4	**	14-15-15-14	35.4-35.0	35.5	466(+4)			トッピボーン	56.0	202507010605
2022103263	2025-02-09	1京都4	晴	6.0	3歳未勝利		13	8.0	13	12.1	6.0	2	丹内祐次	57.0	芝2200		稍	**	2:16.1	0.4	**	11-12-12-11	35.2-36.4	35.8	466(0)			ホウオウアートマン	220.0	202508010406
2022103263	2025-03-08	1阪神3	曇	6.0	3歳未勝利		10	4.0	4	4.1	2.0	3	武豊	57.0	芝2400		良	**	2:26.9	0.5	**	7-7-7-8	36.8-34.4	34.3	464(-2)			ジーティーダーリン	140.0	202509010306
2022103263	2025-03-22	1阪神7	晴	5.0	3歳未勝利		15	2.0	3	2.9	1.0	5	武豊	57.0	芝2400		良	**	2:33.5	0.3	**	14-15-13-11	37.8-34.0	33.5	464(0)			ダノンカゼルタ	56.0	202509010705
2022103263	2025-04-06	2阪神4	晴	4.0	3歳未勝利		14	7.0	12	2.5	1.0	3	古川吉洋	57.0	芝2400		良	**	2:27.2	0.6	**	9-8-8-6	36.2-35.5	35.4	464(0)			セイキュート	140.0	202509020404
2022103263	2025-04-27	2東京2	晴	4.0	3歳未勝利		11	8.0	10	4.9	2.0	6	横山典弘	57.0	芝2400		良	**	2:28.6	1.2	**	10-10-10-9	36.4-34.3	34.6	466(+2)			レヴーズマン		202505020204
2022103263	2025-05-31	2東京11	雨	2.0	3歳未勝利		16	2.0	4	7.9	4.0	1	石橋脩	57.0	芝2400		稍	**	2:31.3	0.0	**	12-12-12-12	37.7-36.1	35.3	468(+2)			(オビドス)	560.0	202505021102
2022103263	2025-08-16	1札幌7	晴	7.0	3歳以上1勝クラス		9	4.0	4	3.1	1.0	9	武豊	55.0	芝2600		良	**	2:46.9	4.5	**	5-5-8-9	38.4-35.5	39.0	492(+24)			ラーシャローム		202501010707
2022103263	2025-10-12	4東京4	曇	8.0	3歳以上1勝クラス		11	8.0	11	36.9	9.0	10	石橋脩	55.0	芝2400		良	**	2:26.0	1.1	**	11-11-11-11	37.3-34.3	34.3	476(-16)			アロンズロッド		202505040408
2022103263	2025-10-26	4新潟4	雨	7.0	3歳以上1勝クラス		15	2.0	3	108.7	14.0	14	中井裕二	56.0	芝2000		稍	**	2:03.7	2.2	**	6-7	36.4-34.7	36.3	472(-4)			ディヴァインスター		202504040407
2022103263	2025-12-07	5中京2	晴	12.0	栄特別(1勝クラス)		10	2.0	2	102.9	10.0	9	松本大輝	56.0	芝2200		良	**	2:13.6	1.5	**	6-6-7-6	35.1-34.9	35.0	478(+6)			ホウオウレイヴン		202507050212
2022103263	2025-12-20	5中京5	曇	6.0	3歳以上1勝クラス		16	8.0	15	42.8	9.0	4	藤懸貴志	57.0	ダ1800		稍	**	1:54.8	0.9	**	12-12-15-14	37.8-38.0	37.3	476(-2)			タガノヘラクレス	120.0	202507050506
2022103271	2025-04-05	2阪神3	晴	1.0	3歳未勝利		16	3.0	6	82.1	10.0	6	幸英明	55.0	ダ1800		良	**	1:56.9	1.4	**	12-12-11-11	38.2-38.4	38.7	428(0)			エターナルプロミス		202509020301
2022103271	2025-06-21	3阪神5	晴	2.0	3歳未勝利		16	6.0	11	11.3	5.0	9	幸英明	55.0	ダ1800		良	**	1:58.2	2.9	**	10-9-6-6	37.1-40.5	42.6	438(+10)			オーケアニス		202509030502
2022103271	2025-07-19	2小倉7	晴	3.0	3歳未勝利		18	7.0	14	60.4	10.0	1	国分恭介	55.0	芝2000		稍	**	2:02.8	0.0	**	12-12-10-9	35.6-37.1	36.3	436(-2)			(ジョリーピクシー)	560.0	202510020703
2022103271	2025-09-07	4中山2	晴	11.0	紫苑S(GII)		13	2.0	2	90.7	11.0	12	石川裕紀	55.0	芝2000		良	**	2:00.2	1.1	**	10-11-12-12	34.7-34.0	33.9	444(+8)			ケリフレッドアスク		202506040211
2022103271	2025-09-27	4阪神8	晴	7.0	3歳以上1勝クラス		16	7.0	14	29.9	8.0	2	国分恭介	53.0	芝2200		良	**	2:13.7	0.1	**	3-3-5-5	35.4-35.2	35.0	438(-6)			アロンディ	320.0	202509040807
2022103271	2025-10-18	4新潟1	曇	9.0	岩船特別(1勝クラス)		15	3.0	5	8.5	3.0	2	国分恭介	53.0	芝2200		良	**	2:12.9	0.1	**	12-12-12-10	35.3-36.2	35.1	434(-4)			レーヴドロペラ	452.6	202504040109
2022103327	2024-06-16	3東京6	晴	5.0	2歳新馬		12	4.0	4	87.1	10.0	6	岩部純二	55.0	芝1400		良	**	1:23.4	1.3	**	3-3	35.5-34.7	35.6	438(0)			プリティディーヴァ		202405030605
2022103327	2024-07-20	2福島7	曇	1.0	2歳未勝利		13	3.0	3	40.2	6.0	4	岩部純二	55.0	ダ1150		良	**	1:10.3	0.9	**	6-6	31.9-37.5	37.7	434(-4)			アイビーヒメチャン	83.0	202403020701
2022103327	2024-08-17	3新潟3	晴	3.0	2歳未勝利		15	3.0	4	17.3	7.0	5	岩部純二	55.0	ダ1200		良	**	1:14.0	1.0	**	6-6	34.4-38.6	38.3	438(+4)			ニシノリンダ	55.0	202404030303
2022103327	2024-10-14	4東京4	晴	1.0	2歳未勝利		16	7.0	13	33.0	7.0	11	杉原誠人	56.0	ダ1300		良	**	1:21.3	2.4	**	7-10	29.7-36.7	38.0	438(0)			ドントゥザムーン		202405040401
2022103327	2024-11-02	5東京1	雨	3.0	2歳未勝利		12	3.0	3	38.1	8.0	6	小林脩斗	54.0	ダ1400		重	**	1:26.5	1.8	**	5-5	36.3-35.9	37.3	442(+4)			キアヌ		202405050103
2022103327	2024-11-17	5東京6	晴	1.0	2歳未勝利		16	2.0	4	294.1	13.0	10	嶋田純次	56.0	ダ1300		良	**	1:20.9	2.0	**	11-11	29.5-36.9	37.6	446(+4)			スパルタンキング		202405050601
2022103327	2024-11-23	5東京7	晴	2.0	2歳未勝利		18	8.0	16	461.9	14.0	6	嶋田純次	56.0	芝1400		良	**	1:22.8	0.6	**	15-16	34.8-35.2	34.4	448(+2)			ソーダーンライト		202405050702
2022103327	2025-02-22	1東京7	曇	6.0	3歳未勝利		16	1.0	2	88.0	10.0	9	嶋田純次	57.0	芝1600		良	**	1:36.0	0.6	**	8-8	35.7-35.1	34.8	452(+4)			フォルテム		202505010706
2022103327	2025-03-08	2中山3	曇	7.0	3歳1勝クラス		10	2.0	2	80.9	8.0	6	嶋田純次	57.0	芝1600		良	**	1:36.1	0.6	**	6-7-8	35.8-35.2	35.0	452(0)			レーヴブリリアント		202506020307
2022103327	2025-04-08	金沢	雨	5.0	桜花爛漫!金沢競馬特(3歳)		9	7.0	7	1.1	1.0	1	中島龍也	57.0	ダ1500		稍	**	1:38.1	-0.2	**	3-3-1-1		41.5	459(+7)			(ゴールドパース)	45.0	202546040805
2022103327	2025-04-20	金沢	雨	7.0	竹本杯★武&千佳初金(3歳)		10	8.0	10	2.3	2.0	2	中島龍也	57.0	ダ1400		良	**	1:30.1	0.2	**	1-1-1-1		39.9	461(+2)			タルバン	15.3	202546042007
2022103327	2025-05-05	金沢	曇	11.0	花嫁のれん特別(3歳)		11	6.0	7	5.8	4.0	2	米倉知	57.0	ダ1400		良	**	1:29.3	0.0	**	2-2-1-2		39.2	459(-2)			タルバン	28.8	202546050511
2022103327	2025-06-15	金沢	曇	7.0	3歳A　2		11	6.0	6	21.4	4.0	2	米倉知	57.0	ダ1400		不	**	1:28.0	0.8	**	4-4-3-3		38.6	462(+3)			リトルサムシング	17.6	202546061507
2022103327	2025-07-01	金沢	曇	7.0	加賀片山津賞(未勝利)(3歳)		10	2.0	2	3.1	2.0	2	米倉知	57.0	ダ1500		良	**	1:35.3	0.1	**	3-3-2-2		39.0	461(-1)			マニーヒーロー	27.2	202546070107
2022103327	2025-07-13	金沢	晴	12.0	兼六園スプリント(重賞)		12	7.0	9	19.8	4.0	8	米倉知	57.0	ダ1500		良	**	1:36.9	3.5	**	3-4-4-6		40.5	457(-4)			ケイズレーヴ		202546071312
2022103327	2025-10-28	金沢	曇	6.0	C13		8	4.0	4	1.1	1.0	1	中島龍也	57.0	ダ1500		重	**	1:38.2	-0.9	**	1-1-1-1		39.0	475(+18)			(ミテクレコノアシ)	45.0	202546102806
2022103327	2025-11-11	金沢	晴	10.0	B25		9	6.0	6	1.7	1.0	1	中島龍也	57.0	ダ1400		稍	**	1:29.1	-0.1	**	1-1-1-1		38.5	478(+3)			(キタノダイヤ)	50.0	202546111110
2022103327	2026-01-17	1中山6	晴	6.0	4歳以上1勝クラス		16	4.0	7	152.1	16.0	12	嶋田純次	58.0	ダ1200		良	**	1:13.0	1.1	**	5-5	34.3-37.6	38.3	464(-14)			メッエフアパラ		202606010606
2022103345	2024-11-03	6京都2	晴	5.0	2歳新馬		9	7.0	8	11.8	4.0	1	田口貫太	55.0	芝1800		稍	**	1:48.3	-0.1	**	2-2	36.0-34.4	34.4	480(0)			(ラヴァーズティフ)	720.0	202408060205
2022103345	2024-11-23	6京都7	曇	11.0	ラジオN杯京都2歳S(GIII)		8	3.0	3	16.9	5.0	4	武豊	56.0	芝2000		良	**	2:01.4	0.5	**	1-1-1-1	36.8-34.5	35.0	482(+2)			エリキング	500.0	202408060711
2022103345	2025-02-22	1京都7	曇	9.0	つばき賞(1勝クラス)		8	2.0	2	4.4	2.0	6	田口貫太	57.0	芝1800		良	**	1:48.2	1.4	**	5-4	35.1-35.3	36.4	476(-6)			パラディレーヌ		202508010709
2022103345	2025-03-09	1阪神4	晴	9.0	アルメリア賞(1勝クラス)		8	6.0	6	6.1	3.0	4	武豊	57.0	芝1800		良	**	1:47.4	0.2	**	4-3	35.5-34.2	34.1	474(-2)			テレサ	170.0	202509010409
2022103345	2025-03-29	2阪神1	曇	11.0	毎日杯(GIII)		9	2.0	2	57.5	8.0	6	幸英明	57.0	芝1800		良	**	1:46.7	0.8	**	2-3	35.2-33.3	33.9	468(-6)			ファンダム		202509020111
2022103345	2025-06-28	1函館5	晴	7.0	3歳以上1勝クラス		16	8.0	15	4.5	2.0	3	武豊	55.0	芝1800		稍	**	1:47.2	0.4	**	4-5-2-2	34.8-35.7	35.9	474(+6)			マイスターヴェルク	200.0	202502010507
2022103345	2025-07-05	1函館7	晴	9.0	恵山特別(1勝クラス)		8	3.0	3	3.5	2.0	1	武豊	55.0	芝1800		稍	**	1:48.6	-0.1	**	3-3-3-3	35.0-37.0	36.7	474(0)			(トレミニョン)	1131.0	202502010709
2022103345	2025-08-02	1札幌3	晴	10.0	釧路湿原特別(2勝クラス)		14	3.0	4	6.6	3.0	6	武豊	55.0	芝1800		良	**	1:47.7	0.6	**	2-2-3-2	36.3-35.5	35.9	468(-6)			リラボニート		202501010310
2022103345	2025-12-14	5阪神4	晴	12.0	甲東特別(2勝クラス)		10	7.0	7	4.6	3.0	2	武豊	57.0	芝1600		良	**	1:34.4	0.0	**	9-7	35.0-34.8	34.2	488(+20)			ネーヴェフレスカ	626.4	202509050412
2022103345	2026-01-05	1京都2	晴	9.0	逢坂山特別(2勝クラス)		11	7.0	8	4.4	2.0	5	武豊	57.0	芝1800		良	**	1:47.4	0.6	**	9-8	35.3-36.0	35.5	492(+4)			チェルノボーグ	158.0	202608010209
2022103425	2024-10-05	4新潟1	曇	5.0	2歳新馬		18	8.0	17	10.6	4.0	9	丹内祐次	56.0	芝1400		良	**	1:24.1	1.0	**	9-8	35.5-35.1	35.5	460(0)			バニーラビット		202404040105
2022103425	2024-11-30	5中山1	晴	1.0	2歳未勝利		16	5.0	9	4.6	2.0	1	田辺裕信	56.0	ダ1200		稍	**	1:12.7	-0.2	**	2-2	34.1-38.6	38.5	454(-6)			(ビレッジルミエール)	550.0	202406050101
2022103425	2025-03-30	3中山2	晴	6.0	3歳1勝クラス		16	6.0	12	79.3	13.0	16	田辺裕信	57.0	ダ1200		稍	**	1:13.1	1.9	**	8-9	33.4-37.8	38.5	462(+8)			ヤマメキング		202506030206
2022103425	2025-06-21	3東京5	晴	12.0	3歳以上1勝クラス		16	5.0	9	269.2	14.0	14	木幡巧也	55.0	ダ1600		良	**	1:39.4	2.8	**	6-5	34.7-37.0	39.0	454(-8)			チザルピーノ		202505030512
2022103425	2025-07-13	1函館10	晴	8.0	3歳以上1勝クラス		12	8.0	12	94.8	10.0	7	古川奈穂	52.0	ダ1700		良	**	1:46.7	1.4	**	2-2-2-1	30.4-37.4	38.8	466(+12)			アイウィル		202502011008
2022103425	2025-08-17	1札幌8	雨	6.0	3歳以上1勝クラス		12	1.0	1	31.3	9.0	9	和田陽希	53.0	ダ1000		稍	**	1:00.1	1.5	**	5-7	34.3-35.6	35.8	470(+4)			ミルフルール		202501010806
2022103425	2025-09-13	4中山3	曇	8.0	3歳以上1勝クラス		15	7.0	14	77.1	10.0	3	石神深道	53.0	ダ1200		不	**	1:11.3	1.1	**	4-3	34.3-35.9	36.7	470(0)			アシャカトベ	200.0	202506040308
2022103425	2025-11-08	3福島1	晴	8.0	3歳以上1勝クラス		16	2.0	4	81.1	12.0	15	石神深道	54.0	ダ1150		良	**	1:10.7	2.0	**	11-14	31.2-37.5	38.2	476(+6)			ジャスパーソレイユ		202503030108
2022103425	2025-11-29	5東京7	晴	6.0	3歳以上1勝クラス		16	3.0	6	388.4	15.0	14	石神深道	54.0	ダ1600		良	**	1:40.1	2.4	**	2-2	35.7-36.3	38.5	480(+4)			コーカサスゴールド		202505050706
2022103425	2025-12-14	5中京4	曇	3.0	3歳以上1勝クラス		16	1.0	1	56.5	9.0	14	石神深道	54.0	ダ1200		稍	**	1:14.8	3.1	**	4-4	35.6-36.1	38.9	474(-6)			ドラゴンテイラー		202507050403
2022103472	2024-10-06	4東京2	曇	3.0	2歳新馬		16	8.0	15	76.7	11.0	9	原優介	55.0	ダ1600		重	**	1:39.5	2.7	**	8-10	35.3-36.3	38.2	446(0)			マリブオレンジ		202405040203
2022103472	2024-10-20	4新潟6	晴	2.0	2歳未勝利		9	7.0	7	79.3	7.0	4	菊沢一樹	56.0	ダ1800		稍	**	1:56.8	3.8	**	3-3-3-2	35.8-37.9	41.5	442(-4)			タガノマカシヤ	83.0	202404040602
2022103472	2024-11-09	3福島3	晴	2.0	2歳未勝利		14	7.0	12	61.8	10.0	5	長浜鴻緒	53.0	ダ1700		良	**	1:47.9	0.9	**	8-8-8-8	30.1-38.9	39.0	442(0)			アメージング	55.0	202403030302
2022103472	2024-11-23	5東京7	晴	1.0	2歳未勝利		16	5.0	10	63.3	7.0	5	長浜鴻緒	53.0	ダ1600		稍	**	1:38.8	3.0	**	13-12	35.1-36.0	37.7	450(+8)			ルクソールカフェ	55.0	202405050701
2022103472	2025-02-08	1東京3	晴	3.0	3歳未勝利		16	2.0	3	60.1	4.0	5	原優介	56.0	ダ1600		良	**	1:40.4	1.4	**	11-11	35.9-37.8	37.5	444(-6)			アドマイヤデイトナ	56.0	202505010303
2022103472	2025-02-23	1東京8	晴	1.0	3歳未勝利		16	2.0	3	15.7	6.0	3	原優介	56.0	ダ1400		良	**	1:26.5	0.1	**	13-12	36.0-38.0	36.6	444(0)			プライベートアイズ	140.0	202505010801
2022103472	2025-05-11	2東京6	晴	2.0	3歳未勝利		16	2.0	3	10.1	5.0	3	原優介	57.0	ダ1400		稍	**	1:24.6	0.7	**	3-3	34.7-36.8	37.2	444(0)			アラスカフレイバー	140.0	202505020602
2022103472	2025-06-01	2東京12	晴	2.0	3歳未勝利		15	6.0	12	2.4	1.0	1	原優介	57.0	ダ1400		重	**	1:24.0	-0.2	**	5-5	35.0-36.7	35.7	444(0)			(カフェブーケット)	560.0	202505021202
2022103472	2025-06-22	3東京6	晴	12.0	3歳以上1勝クラス		16	6.0	12	8.7	5.0	4	原優介	55.0	ダ1400		良	**	1:24.3	0.5	**	6-6	34.6-37.1	36.9	438(-6)			フウセツ	120.0	202505030612
2022103472	2025-10-11	4東京3	小雨	12.0	3歳以上1勝クラス		16	6.0	12	8.6	5.0	4	原優介	56.0	ダ1400		稍	**	1:26.0	1.2	**	13-12	35.7-36.6	36.9	446(+8)			トラヴェリンバンド	120.0	202505040312
2022103472	2025-11-02	4東京11	曇	6.0	3歳以上1勝クラス		16	3.0	5	8.8	4.0	3	原優介	57.0	ダ1400		重	**	1:24.2	0.6	**	5-5	35.9-35.8	35.9	446(0)			アンクエンチャブル	200.0	202505041106
2022103472	2025-11-24	5東京6	晴	5.0	3歳以上1勝クラス		16	6.0	12	13.7	6.0	6	原優介	57.0	ダ1400		良	**	1:25.9	1.4	**	7-8	35.9-36.3	36.8	454(+8)			スリーピース		202505050605
2022103510	2025-01-05	1中山1	晴	6.0	3歳新馬		18	4.0	7	14.4	6.0	10	菅原明良	57.0	芝2000		良	**	2:04.5	2.6	**	6-7-8-11	36.8-35.9	37.5	452(0)			ノクターン		202506010106
2022103510	2025-03-15	2中山5	晴	2.0	3歳未勝利		16	3.0	6	90.5	11.0	12	大野拓弥	57.0	ダ1800		稍	**	1:59.1	3.0	**	13-13-13-13	38.2-39.8	40.8	452(0)			ナムラジミー		202506020502
2022103510	2025-03-29	2中京5	晴	5.0	3歳未勝利		18	7.0	15	249.9	15.0	10	泉谷楓真	57.0	芝2200		重	**	2:16.3	1.4	**	17-16-18-17	35.9-35.9	35.7	444(-8)			バルナバ		202507020505
2022103510	2025-05-10	2東京5	小雨	4.0	3歳未勝利		8	5.0	5	72.1	7.0	4	団野大成	57.0	芝2400		稍	**	2:28.7	0.4	**	6-5-6-6	36.7-34.5	34.4	448(+4)			イリュストル	84.0	202505020504
2022103510	2025-05-18	2東京8	曇	5.0	3歳未勝利		13	2.0	2	25.9	8.0	7	戸崎圭太	57.0	芝2400		稍	**	2:28.5	0.5	**	8-7-7-8	36.4-34.4	34.2	446(-2)			ビリングス		202505020805
2022103510	2025-07-12	1函館9	晴	6.0	3歳未勝利		16	5.0	9	24.7	12.0	8	古川吉洋	57.0	芝2600		良	**	2:41.1	1.2	**	15-15-16-15	37.4-36.0	35.6	450(+4)			レッドヴァリアート		202502010906
2022103510	2025-08-10	1札幌6	曇	6.0	3歳未勝利		14	5.0	7	5.2	4.0	3	池添謙一	57.0	芝2600		良	**	2:43.5	0.5	**	3-1-1-1	39.1-37.3	37.8	448(-2)			アスクデッドヒート	140.0	202501010606
2022103510	2025-08-24	2札幌2	晴	4.0	3歳未勝利		13	4.0	5	8.9	3.0	4	池添謙一	57.0	芝2600		良	**	2:43.0	0.5	**	11-11-1-2	37.0-38.5	39.0	452(+4)			レイデラティエラ	84.0	202501020204
2022103510	2025-09-15	4中山5	曇	8.0	3歳以上1勝クラス		14	6.0	9	7.8	3.0	1	佐々木大	55.0	芝2500		良	**	2:31.7	-0.5	**	6-7-1-1	30.2-35.3	35.3	442(-10)			(エデルクローネ)	800.0	202506040508
2022103510	2025-11-09	3福島2	曇	8.0	3歳以上1勝クラス		16	3.0	6	2.7	1.0	3	丹内祐次	56.0	芝2600		良	**	2:42.7	0.2	**	12-12-2-1	38.1-35.1	35.3	450(+8)			バーケンヘッド	200.0	202503030208
2022103577	2024-12-22	5中山8	晴	6.0	2歳新馬		15	8.0	15	51.7	9.0	6	横山琉人	55.0	芝1600		良	**	1:37.0	0.4	**	2-3-3	36.2-35.6	35.7	474(0)			ディオデルマーレ		202406050806
2022103577	2025-01-18	1中山6	晴	2.0	3歳未勝利		16	2.0	3	13.9	6.0	6	大野拓弥	57.0	ダ1800		良	**	1:56.5	1.1	**	10-10-7-5	37.2-39.8	39.8	476(+2)			カージオイド		202506010602
2022103577	2025-02-01	1京都1	晴	4.0	3歳未勝利		9	8.0	8	10.4	4.0	8	岩田望来	57.0	ダ1900		良	**	2:04.3	2.9	**	4-4-6-6	30.1-37.7	40.2	478(+2)			テルアスワッド		202508010104
2022103577	2025-02-23	1小倉10	晴	1.0	3歳未勝利		10	1.0	1	27.2	7.0	7	佐々木大	57.0	ダ1700		良	**	1:50.4	1.6	**	3-3-8-7	31.4-38.1	38.4	478(0)			ゴールドダイアー		202510011001
2022103577	2025-03-25	金沢	晴	8.0	能登千里浜賞(未勝利)(3歳)		7	8.0	8	2.9	2.0	1	中島龍也	56.0	ダ1500		良	**	1:35.4	-0.7	**	1-1-1-1		37.6	469(-9)			(ウルスクローム)	85.0	202546032508
2022103577	2025-10-19	4東京7	曇	8.0	3歳以上1勝クラス		15	7.0	13	102.8	10.0	7	石橋脩	56.0	ダ1400		良	**	1:26.5	0.6	**	11-11	36.8-36.6	36.1	476(+7)			ゴールドハンマー		202505040708
2022103577	2025-11-02	4東京11	曇	6.0	3歳以上1勝クラス		16	5.0	10	92.9	11.0	9	石橋脩	57.0	ダ1400		重	**	1:25.2	1.6	**	7-8	35.9-35.8	36.5	472(-4)			アンクエンチャブル		202505041106
2022103577	2025-11-24	5東京6	晴	5.0	3歳以上1勝クラス		16	5.0	9	129.8	12.0	4	菅原明良	57.0	ダ1400		良	**	1:25.1	0.6	**	11-11	35.9-36.3	35.8	472(0)			スリーピース	120.0	202505050605
2022103577	2025-12-13	5中京3	曇	8.0	3歳以上1勝クラス		16	2.0	4	13.9	6.0	5	菅原明良	57.0	ダ1400		良	**	1:25.3	0.8	**	2-2	34.6-37.5	38.1	476(+4)			マジックローズ	80.0	202507050308
2022103577	2026-01-05	1中山2	晴	12.0	4歳以上1勝クラス		16	4.0	7	13.8	6.0	3	菅原明良	58.0	ダ1200		稍	**	1:11.9	0.2	**	2-2	34.6-37.1	37.2	484(+8)			ビーコング	210.0	202606010212
2022103619	2024-10-05	5京都1	晴	4.0	2歳新馬		16	7.0	14	144.8	14.0	7	太宰啓介	55.0	ダ1400		稍	**	1:27.8	3.1	**	4-6	35.1-37.3	40.0	510(0)			ドラゴンウェルズ		202408050104
2022103619	2024-10-26	5京都7	曇	2.0	2歳未勝利		11	2.0	2	200.8	9.0	5	田口貫太	54.0	ダ1800		良	**	1:55.8	1.3	**	3-3-3-3	37.2-38.3	39.3	504(-6)			ジューンエオス	55.0	202408050702
2022103619	2024-11-10	6京都4	晴	2.0	2歳未勝利		10	3.0	3	82.6	7.0	3	太宰啓介	55.0	ダ1800		良	**	1:55.3	1.9	**	2-2-2-1	35.9-38.4	40.3	500(-4)			チムニートップス	140.0	202408060402
2022103619	2024-11-30	7京都1	晴	1.0	2歳未勝利		14	6.0	10	5.6	2.0	2	田口貫太	54.0	ダ1800		稍	**	1:55.0	0.2	**	2-2-2-1	37.0-38.9	39.0	500(0)			ヴァンアグレアブル	220.0	202408070101
2022103619	2025-02-22	1京都7	晴	1.0	3歳未勝利		11	7.0	9	2.6	2.0	3	田口貫太	54.0	ダ1800		良	**	1:56.2	1.0	**	2-2-2-2	37.8-38.9	39.8	492(-8)			クリノスワロー	140.0	202508010701
2022103619	2025-03-15	1阪神5	曇	1.0	3歳未勝利		12	8.0	11	8.5	4.0	3	田口貫太	55.0	ダ1800		良	**	1:56.7	0.5	**	1-1-1-1	38.8-37.7	38.2	498(+6)			マキシマムビスタ	140.0	202509010501
2022103619	2025-03-30	2阪神2	晴	1.0	3歳未勝利		12	7.0	10	4.9	2.0	3	田口貫太	55.0	ダ1800		良	**	1:57.9	1.6	**	4-5-5-3	38.1-39.1	40.2	494(-4)			シュドゥン	140.0	202509020201
2022103619	2025-04-20	1福島4	曇	2.0	3歳未勝利		15	1.0	1	4.3	2.0	1	小沢大仁	55.0	ダ1700		良	**	1:48.0	-0.6	**	1-1-1-1	30.1-39.6	39.6	494(0)			(オーケーエンジェル)	560.0	202503010402
2022103619	2025-07-12	1函館9	晴	7.0	3歳以上1勝クラス		10	5.0	5	2.0	1.0	2	武豊	53.0	ダ1700		良	**	1:46.6	0.2	**	3-3-3-2	30.4-38.0	38.0	506(+12)			リアルクィーン	320.0	202502010907
2022103619	2025-07-27	1札幌2	晴	7.0	3歳以上1勝クラス		13	1.0	1	3.1	1.0	10	丹内祐次	53.0	ダ1700		不	**	1:46.2	2.1	**	9-9-10-9	29.5-38.1	39.7	506(0)			サンキャメロン		202501010207
2022103619	2025-08-02	1札幌3	晴	8.0	3歳以上1勝クラス		11	3.0	3	5.7	2.0	2	森田誠也	50.0	ダ1700		良	**	1:46.0	0.6	**	1-1-1-2	30.0-38.1	38.7	506(0)			リアライズカミオン	320.0	202501010308
2022103619	2025-08-17	1札幌8	小雨	8.0	3歳以上1勝クラス		13	8.0	12	9.7	4.0	3	森田誠也	50.0	ダ1700		稍	**	1:45.7	0.5	**	2-2-1-1	30.2-37.7	38.2	506(0)			ディアウス	200.0	202501010808
2022103619	2025-08-31	2札幌4	曇	8.0	3歳以上1勝クラス		13	8.0	13	3.6	1.0	3	森田誠也	50.0	ダ1700		稍	**	1:45.2	0.1	**	2-2-2-1	29.3-38.7	38.8	512(+6)			タイヨウフレア	200.0	202501020408
2022103619	2025-11-16	3福島4	晴	2.0	3歳以上1勝クラス		15	2.0	3	4.6	2.0	2	国分恭介	54.0	ダ1700		良	**	1:46.4	0.2	**	4-3-3-2	29.4-38.9	38.8	508(-4)			シェリルファミーユ	320.0	202503030402
2022103619	2025-12-06	5中京1	晴	3.0	3歳以上1勝クラス		15	8.0	14	2.4	1.0	7	小沢大仁	55.0	ダ1800		良	**	1:54.6	0.4	**	3-3-4-4	38.2-38.6	38.7	508(0)			レーヴドレフォン		202507050103
2022103622	2024-06-01	4京都1	晴	5.0	2歳新馬		11	3.0	3	12.2	5.0	10	横山典弘	55.0	芝1600		良	**	1:38.9	5.1	**	7-10	35.7-33.8	38.0	462(0)			ダノンフェアレディ		202408040105
2022103622	2024-10-06	5京都2	晴	1.0	2歳未勝利		11	3.0	3	19.2	3.0	4	横山武史	56.0	ダ1400		良	**	1:27.7	2.2	**	4-4	35.3-37.9	39.8	498(+36)			ダノンフィーゴ	83.0	202408050201
2022103622	2024-10-13	5京都4	晴	1.0	2歳未勝利		11	2.0	2	3.1	2.0	3	横山武史	56.0	ダ1400		良	**	1:26.0	0.5	**	8-10	34.6-38.2	37.8	490(-8)			シャドウキャッスル	140.0	202408050401
2022103622	2024-11-03	6京都2	晴	1.0	2歳未勝利		13	7.0	11	2.3	1.0	1	松山弘平	56.0	ダ1400		重	**	1:26.9	-1.2	**	3-3	35.4-38.5	38.2	496(+6)			(ダブルシルバー)	550.0	202408060201
2022103622	2025-01-12	1中京4	曇	7.0	3歳1勝クラス		16	6.0	11	36.0	8.0	1	松山弘平	57.0	ダ1400		良	**	1:24.1	0.0	**	2-2	35.0-36.9	36.8	512(+16)			(ピエマンソン)	800.0	202507010407
2022103622	2025-03-16	2中京2	小雨	10.0	昇竜S(OP)		12	3.0	3	3.0	2.0	1	松山弘平	57.0	ダ1400		重	**	1:23.2	-0.2	**	6-5	34.5-37.0	36.1	512(0)			(ハグ)	1832.9	202507020210
2022103622	2025-05-01	園田	晴	11.0	兵庫チャンピオンシッ(JpnII)		12	7.0	9	1.9	1.0	1	松山弘平	57.0	ダ1400		良	**	1:27.9	-0.3	**	3-3-3-3		37.3	508(-4)			(ハッピーマン)	5000.0	202550050111
2022103622	2025-08-14	門別	曇	11.0	北海道スプリントカッ(JpnIII)		8	2.0	2	2.0	1.0	2	松山弘平	57.0	ダ1200		良	**	1:12.6	0.2	**	5-5		37.1	520(+12)			ヤマニンチェルキ	840.0	202530081411
2022103622	2025-10-04	4東京1	曇	11.0	グリーンチャンネルC(L)		16	7.0	14	5.6	2.0	2	松山弘平	57.0	ダ1600		良	**	1:36.2	0.7	**	3-3	34.8-36.3	36.6	520(0)			オメガギネス	969.8	202505040111
2022103622	2025-11-15	5東京3	晴	11.0	武蔵野S(GIII)		16	5.0	9	28.5	9.0	10	松山弘平	57.0	ダ1600		良	**	1:36.3	1.1	**	4-4	35.3-35.5	36.0	520(0)			ルクソールカフェ		202505050311
2022103622	2025-12-25	園田	雨	11.0	兵庫ゴールドトロフィ(JpnIII)		11	8.0	11	2.0	1.0	2	松山弘平	57.0	ダ1400		不	**	1:27.8	0.1	**	3-3-4-3		38.1	519(-1)			ハッピーマン	1200.0	202550122511
2022103704	2024-07-14	1函館12	晴	5.0	2歳新馬		9	1.0	1	5.1	3.0	5	武豊	55.0	芝1800		良	**	1:52.9	1.2	**	4-4-5-6	38.8-34.7	35.6	494(0)			アスクシュタイン	72.0	202402011205
2022103704	2024-07-27	1札幌3	曇	1.0	2歳未勝利		10	8.0	9	6.7	2.0	3	武豊	55.0	芝1800		良	**	1:49.9	0.2	**	1-1-1-1	37.0-35.7	35.9	490(-4)			シマサンブラック	140.0	202401010301
2022103704	2024-10-13	5京都4	晴	8.0	もみじS(OP)		6	3.0	3	29.4	6.0	4	北村友一	56.0	芝1400		良	**	1:22.0	0.8	**	5-5	34.4-35.4	35.4	496(+6)			リリーフィールド	240.0	202408050408
2022103704	2024-10-27	4東京8	晴	3.0	2歳未勝利		11	6.0	6	5.3	3.0	5	坂井瑠星	56.0	芝1400		良	**	1:22.0	1.3	**	4-3	34.3-34.7	35.4	496(0)			チューラワンサ	55.0	202405040803
2022103704	2024-11-10	6京都4	晴	1.0	2歳未勝利		16	4.0	8	7.9	5.0	2	坂井瑠星	56.0	ダ1400		良	**	1:26.0	0.3	**	2-2	34.7-38.7	38.8	504(+8)			ポッドドンナー	220.0	202408060401
2022103704	2024-12-15	7京都6	晴	2.0	2歳未勝利		16	8.0	16	2.5	2.0	2	坂井瑠星	56.0	ダ1400		良	**	1:26.1	0.3	**	2-2	35.7-37.5	37.7	502(-2)			シホノペルフェット	220.0	202408070602
2022103704	2024-12-28	7京都9	晴	1.0	2歳未勝利		16	4.0	8	1.8	1.0	5	岩田望来	56.0	ダ1400		良	**	1:27.1	0.6	**	3-3	35.7-38.2	38.4	506(+4)			ダイシンリンク	55.0	202408070901
2022103704	2025-03-01	1阪神1	曇	2.0	3歳未勝利		16	5.0	10	2.5	2.0	4	坂井瑠星	57.0	ダ1200		良	**	1:14.0	0.3	**	2-2	35.5-38.2	38.3	508(+2)			ホウショウマリス	84.0	202509010102
2022103704	2025-03-16	1阪神6	小雨	3.0	3歳未勝利		16	1.0	2	2.2	1.0	9	坂井瑠星	57.0	ダ1400		稍	**	1:28.3	2.1	**	8-8	34.8-38.9	40.2	510(+2)			サンマルノヴェル		202509010603
2022103704	2025-06-15	1函館2	晴	3.0	3歳未勝利		12	4.0	4	2.2	1.0	2	古川奈穂	54.0	ダ1000		良	**	0:58.6	0.0	**	4-2	34.9-35.6	35.2	504(-6)			トーアジョウトウ	220.0	202502010203
2022103704	2025-06-22	1函館4	曇	3.0	3歳未勝利		12	4.0	4	1.8	1.0	1	古川奈穂	54.0	ダ1000		重	**	0:58.5	0.0	**	8-7	34.2-35.8	35.1	500(-4)			(エンジェルラダー)	560.0	202502010403
2022103704	2025-07-12	1函館9	晴	12.0	3歳以上1勝クラス		12	4.0	4	4.0	2.0	9	古川奈穂	52.0	ダ1000		良	**	0:59.7	1.0	**	9-9	34.0-36.0	35.6	492(-8)			ボルセーナ		202502010912
2022103704	2025-07-19	1函館11	晴	8.0	3歳以上1勝クラス		10	6.0	6	24.0	8.0	8	古川奈穂	52.0	ダ1700		良	**	1:46.6	0.9	**	8-8-7-9	30.4-37.4	37.7	494(+2)			ライフゲート		202502011108
2022103704	2025-11-15	3福島3	晴	2.0	3歳以上1勝クラス		16	6.0	11	20.4	7.0	11	古川奈穂	54.0	ダ1150		良	**	1:10.2	1.2	**	11-13	31.5-37.5	37.3	500(+6)			プレゼンティーア		202503030302
2022103816	2025-03-15	2中京1	曇	3.0	3歳未勝利		16	3.0	5	22.9	4.0	6	丸山元気	55.0	芝1600		良	**	1:36.3	1.0	**	7-7-8	36.0-34.8	34.8	406(0)			ケリフレッドアスク		202507020103
2022103816	2025-08-03	1札幌4	晴	3.0	3歳未勝利		16	1.0	1	14.6	6.0	2	古川吉洋	55.0	芝2000		良	**	2:02.2	0.3	**	8-8-8-5	37.0-35.4	35.0	424(+18)			パーフェクトパール	220.0	202501010403
2022103816	2025-08-17	1札幌8	雨	3.0	3歳未勝利		15	2.0	4	5.1	3.0	1	古川吉洋	55.0	芝2000		良	**	2:02.4	-0.3	**	5-5-4-3	35.6-36.9	36.6	426(+2)			(シャインフリーリー)	560.0	202501010803
2022103816	2025-12-14	5中京4	曇	6.0	3歳以上1勝クラス		18	1.0	2	6.1	3.0	11	丸山元気	55.0	芝2000		稍	**	2:02.3	1.1	**	3-3-4-4	36.8-34.9	35.7	430(+4)			テンミラクルスター		202507050406
2022103816	2025-12-21	5阪神6	雨	7.0	3歳以上1勝クラス		18	1.0	1	28.5	10.0	7	古川吉洋	54.0	芝2200		重	**	2:13.7	1.0	**	3-3-3-4	34.9-36.2	36.9	424(-6)			ヴァリージア		202509050607
2022103875	2024-10-05	5京都1	晴	5.0	2歳新馬		15	8.0	15	8.0	4.0	2	永島まな	53.0	芝1600		良	**	1:34.5	0.1	**	2-2	35.2-34.8	34.7	450(0)			テレサ	290.0	202408050105
2022103875	2024-10-26	5京都7	曇	3.0	2歳未勝利		12	6.0	7	1.8	1.0	1	岩田望来	55.0	芝1600		良	**	1:34.3	-0.2	**	4-4	34.5-35.1	34.7	446(-4)			(モンテシート)	550.0	202408050703
2022103875	2025-01-18	1中京6	晴	10.0	紅梅S(L)		12	5.0	5	3.1	1.0	12	岩田望来	55.0	芝1400		良	**	1:22.8	1.7	**	10-7	34.1-35.2	35.9	446(0)			ナムラクララ		202507010610
2022103875	2025-02-15	1京都5	晴	9.0	こぶし賞(1勝クラス)		6	7.0	7	2.5	2.0	3	岩田望来	55.0	芝1600		良	**	1:35.3	0.0	**	4-4	35.8-35.2	34.5	446(0)			マテンロウバローズ	282.3	202508010509
2022103875	2025-05-25	2東京10	曇	11.0	優駿牝馬(GI)		18	2.0	4	253.7	15.0	12	北村宏司	55.0	芝2400		良	**	2:27.0	1.3	**	11-11-12-11	34.8-34.7	35.0	448(+2)			カムニャック		202505021011
2022103875	2025-08-09	3中京5	晴	12.0	3歳以上1勝クラス		12	8.0	11	5.5	3.0	1	田山旺佑	50.0	芝1600		良	**	1:32.4	-0.1	**	2-2-2	35.1-33.8	33.7	450(+2)			(エーデルヴェーグ)	800.0	202507030512
2022103875	2025-09-14	4阪神4	晴	11.0	関西TVローズS(GII)		17	7.0	13	91.1	14.0	12	田山旺佑	55.0	芝1800		良	**	1:44.6	1.1	**	1-1	34.0-35.0	36.1	458(+8)			カムニャック		202509040411
2022103875	2025-10-12	4東京4	曇	9.0	鷹巣山特別(2勝クラス)		16	4.0	7	4.7	2.0	1	石川裕紀	52.0	芝1600		良	**	1:32.0	-0.2	**	2-2	34.5-34.5	34.0	462(+4)			(マテンロウバローズ)	1585.7	202505040409
2022103875	2025-11-08	4京都1	晴	10.0	清水S(3勝クラス)		12	4.0	4	3.9	3.0	10	岩田望来	55.0	芝1600		良	**	1:33.6	0.6	**	3-3	34.7-34.3	34.6	466(+4)			フロムダスク		202508040110
2022104122	2024-07-20	2福島7	曇	6.0	2歳新馬		13	2.0	2	27.6	7.0	5	菅原明良	55.0	芝1200		良	**	1:12.2	1.6	**	1-2	35.0-35.6	37.2	446(0)			ミーントゥビー	72.0	202403020706
2022104122	2024-08-25	3新潟6	曇	3.0	2歳未勝利		11	4.0	4	8.0	5.0	11	菅原明良	55.0	芝1000		良	**	1:02.2	5.5	**	1	33.6-33.8	38.7	444(-2)			チョングク		202404030603
2022104122	2024-10-14	4新潟4	晴	3.0	2歳未勝利		15	4.0	6	183.2	13.0	13	北村宏司	55.0	芝1200		良	**	1:11.0	0.9	**	6-6	34.2-35.9	36.3	446(+2)			トシッキー		202404040403
2022104122	2024-11-17	3福島6	曇	1.0	2歳未勝利		16	2.0	3	80.0	11.0	9	丸山元気	55.0	ダ1150		良	**	1:11.0	1.4	**	4-3	31.6-38.0	39.1	446(0)			ディーエスショウマ		202403030601
2022104122	2025-01-12	1中山4	曇	1.0	3歳未勝利		16	1.0	2	137.2	13.0	15	丸山元気	55.0	ダ1200		良	**	1:15.0	2.4	**	1-1	34.1-38.5	40.9	458(+12)			エルオレンス		202506010401
2022104122	2025-02-23	1小倉10	晴	3.0	3歳未勝利		14	4.0	6	35.3	9.0	3	石田拓郎	52.0	ダ1000		良	**	1:00.4	1.3	**	5-5	34.6-36.2	37.1	450(-8)			キャリーグレイス	112.0	202510011003
2022104122	2025-03-02	1小倉12	雨	3.0	3歳未勝利		14	6.0	10	50.0	9.0	13	石神深道	52.0	ダ1000		稍	**	1:01.4	2.9	**	4-8	34.2-35.8	38.4	448(-2)			ブルドッグキング		202510011203
2022104122	2025-05-03	1新潟1	晴	3.0	3歳未勝利		15	7.0	12	119.3	11.0	7	石田拓郎	52.0	ダ1200		稍	**	1:13.2	1.3	**	5-6	34.4-37.5	38.2	446(-2)			テイエムパイロット		202504010103
2022104122	2025-05-25	2東京10	曇	1.0	3歳未勝利		16	2.0	3	240.6	14.0	9	野中悠太	55.0	ダ1400		不	**	1:25.6	1.1	**	5-5	34.9-37.4	38.0	458(+12)			ホシニネガイヲ		202505021001
2022104122	2025-06-28	2福島1	晴	8.0	3歳未勝利		16	8.0	16	16.5	7.0	6	大野拓弥	55.0	芝1200		良	**	1:10.0	1.1	**	3-3	33.1-35.8	36.7	452(-6)			バシレイア		202503020108
2022104122	2025-08-09	2新潟5	晴	11.0	3歳未勝利		18	4.0	7	39.0	10.0	4	石橋脩	55.0	芝1000		良	**	0:55.4	0.7	**	10	32.8-32.5	32.2	456(+4)			フラッシュポイント	84.0	202504020511
2022104122	2025-09-07	2札幌6	曇	4.0	3歳未勝利		16	3.0	6	39.7	9.0	8	和田陽希	52.0	芝1200		稍	**	1:11.0	0.5	**	7-8	34.2-36.3	36.0	464(+8)			グリフォン		202501020604
2022104122	2025-10-08	門別	晴	9.0	シュウカイドウ特別(C3)		11	3.0	3	8.0	5.0	6	岩橋勇二	55.0	ダ1200		良	**	1:17.2	1.2	**	5-4		40.0	470(+6)			ブラヴォケラトプス		202530100809
2022104122	2025-10-22	門別	晴	6.0	3歳以上C3ー2C4		12	5.0	5	4.9	2.0	1	落合玄太	55.0	ダ1000		稍	**	1:01.8	-1.3	**	1-1		38.2	472(+2)			(イケノシティー)	40.0	202530102206
2022104122	2025-10-28	門別	晴	9.0	サザンカ特別(C2)		12	3.0	3	3.0	2.0	1	落合玄太	55.0	ダ1000		稍	**	1:01.5	-0.7	**	1-1		37.3	470(-2)			(アームズクイーン)	55.0	202530102809
2022104197	2024-08-03	1札幌5	晴	5.0	2歳新馬		9	7.0	7	1.8	1.0	2	横山武史	55.0	芝1200		良	**	1:09.6	0.6	**	4-3	34.2-34.8	34.6	480(0)			カワキタマナレア	290.0	202401010505
2022104197	2024-08-24	2札幌5	晴	1.0	2歳未勝利		7	3.0	3	1.2	1.0	2	モレイラ	55.0	芝1200		良	**	1:09.7	0.0	**	3-2	35.0-34.7	34.5	476(-4)			ロードヴェルト	220.0	202401020501
2022104197	2024-09-15	4中山4	晴	1.0	2歳未勝利		12	5.0	5	2.0	1.0	6	横山武史	55.0	ダ1200		良	**	1:14.7	1.2	**	4-4	35.4-38.1	39.0	480(+4)			サノノワンダー		202406040401
2022104197	2024-11-03	3福島2	晴	2.0	2歳未勝利		15	4.0	6	2.6	1.0	2	松岡正海	56.0	芝1200		重	**	1:11.8	0.4	**	3-2	34.9-36.5	36.6	480(0)			ヒラボクカレラ	220.0	202403030202
2022104197	2024-11-17	3福島6	晴	6.0	2歳未勝利		16	5.0	10	4.0	1.0	6	ドイル	56.0	芝1200		良	**	1:10.7	0.8	**	12-13	34.3-35.6	35.4	482(+2)			ルクスレゼルヴァ		202403030606
2022104197	2024-11-30	4中京1	曇	4.0	2歳未勝利		17	7.0	14	6.2	3.0	4	岩田康誠	56.0	芝1200		良	**	1:09.6	0.5	**	8-8	34.3-34.8	34.5	482(0)			タガノアンファン	83.0	202407040104
2022104197	2024-12-28	5中山9	晴	3.0	2歳未勝利		16	6.0	11	11.4	5.0	4	坂井瑠星	56.0	芝1600		良	**	1:35.8	0.7	**	2-2-2	34.6-36.7	37.2	484(+2)			カーラデマドレ	83.0	202406050903
2022104197	2025-01-25	1中山8	晴	12.0	3歳未勝利		16	8.0	16	14.6	6.0	8	松岡正海	57.0	芝1600		良	**	1:37.1	1.0	**	2-3-3	36.7-35.0	35.8	480(-4)			ラブリージャブリー		202506010812
2022104197	2025-03-23	2中山8	晴	2.0	3歳未勝利		16	3.0	6	5.0	3.0	8	松岡正海	57.0	ダ1200		稍	**	1:14.1	2.1	**	1-2	33.9-38.1	40.2	488(+8)			サマースイートピー		202506020802
2022104197	2025-04-20	3中山8	曇	5.0	3歳1勝クラス		11	8.0	11	19.6	6.0	2	松山弘平	57.0	芝1200		良	**	1:07.8	0.4	**	1-1	33.9-33.5	33.9	490(+2)			マックアルイーン	320.0	202506030805
2022104197	2025-04-26	1福島5	晴	4.0	3歳未勝利		12	8.0	12	1.6	1.0	1	丹内祐次	57.0	芝1200		良	**	1:08.7	-0.7	**	1-1	33.7-35.0	35.0	486(-4)			(アンビシャスヨシノ)	560.0	202503010504
2022104197	2025-05-24	1新潟7	小雨	9.0	はやぶさ賞(1勝クラス)		15	8.0	14	2.5	1.0	3	今村聖奈	57.0	芝1000		良	**	0:55.4	0.1	**	7	33.4-32.6	32.2	490(+4)			ゼンダンタカ	284.6	202504010709
2022104197	2025-09-07	2札幌6	晴	8.0	3歳以上1勝クラス		16	2.0	3	4.9	3.0	9	浜中俊	56.0	芝1200		稍	**	1:10.9	0.9	**	2-2	34.3-35.7	36.3	492(+2)			ブルーアイドガール		202501020608
2022104197	2025-10-18	4新潟1	小雨	12.0	3歳以上1勝クラス		18	4.0	7	5.7	3.0	3	丹内祐次	57.0	芝1000		良	**	0:55.4	0.1	**	9	32.9-33.1	32.7	494(+2)			シュラフ	200.0	202504040112
2022104197	2025-11-09	3福島2	曇	7.0	3歳以上1勝クラス		16	2.0	4	1.9	1.0	4	丹内祐次	57.0	芝1200		良	**	1:09.4	0.3	**	7-9	34.2-34.9	34.7	492(-2)			ホウオウブースター	120.0	202503030207
2022104197	2025-11-24	3福島6	曇	8.0	3歳以上1勝クラス		16	6.0	12	4.4	2.0	14	横山武史	57.0	芝1200		良	**	1:09.6	0.9	**	12-10	33.9-34.8	34.8	492(0)			バンブルビー		202503030608
2022104197	2026-01-25	1小倉2	晴	9.0	八幡特別(1勝クラス)		16	7.0	13	20.0	7.0	1	小林美駒	58.0	芝1200		良	**	1:07.1	-0.1	**	1-1	32.7-34.4	34.4	514(+22)			(セゾンデフィーユ)	1177.1	202610010209
2022104313	2024-07-14	1函館12	晴	5.0	2歳新馬		9	8.0	8	17.6	5.0	3	丹内祐次	55.0	芝1800		良	**	1:52.2	0.5	**	7-5-2-3	38.8-34.7	35.1	498(0)			アスクシュタイン	180.0	202402011205
2022104313	2024-08-31	2札幌7	曇	2.0	2歳未勝利		14	5.0	8	5.6	2.0	3	横山武史	55.0	ダ1700		重	**	1:47.3	1.4	**	11-11-6-4	30.0-37.4	38.0	494(-4)			アローオブライト	140.0	202401020702
2022104313	2024-10-05	4新潟1	曇	2.0	2歳未勝利		12	7.0	10	2.4	1.0	3	丹内祐次	56.0	ダ1800		重	**	1:54.5	1.0	**	10-10-3-3	36.3-38.4	39.1	502(+8)			ダテミカヅキ	140.0	202404040102
2022104313	2024-12-22	5中山8	晴	2.0	2歳未勝利		16	6.0	12	4.6	2.0	1	ムーア	56.0	ダ1800		良	**	1:57.7	0.0	**	12-12-7-7	37.3-41.5	40.7	510(+8)			(ブレトワルダ)	550.0	202406050802
2022104313	2025-02-22	1東京7	曇	9.0	フリージア賞(1勝クラス)		9	2.0	2	75.3	8.0	5	内田博幸	57.0	芝2000		良	**	2:01.2	0.7	**	5-7-7	36.5-34.3	34.2	500(-10)			ヴァルキリーバース	111.0	202505010709
2022104313	2025-03-23	2中山8	晴	6.0	3歳1勝クラス		12	7.0	10	19.2	5.0	4	内田博幸	57.0	芝2000		良	**	2:00.8	0.8	**	11-12-10-10	35.6-35.8	35.5	500(0)			アマキヒ	120.0	202506020806
2022104313	2025-10-25	4東京8	雨	8.0	3歳以上1勝クラス		8	4.0	4	27.2	6.0	5	長浜鴻緒	54.0	芝2000		稍	**	2:02.2	0.7	**	4-3-3	37.3-33.5	33.9	530(+30)			レイニング	80.0	202505040808
2022104313	2025-11-24	3福島6	曇	9.0	磐梯山特別(1勝クラス)		16	6.0	11	19.0	9.0	5	丹内祐次	56.0	芝2600		良	**	2:40.3	0.5	**	4-4-4-4	37.8-35.5	35.8	532(+2)			カーミングライツ	111.0	202503030609
2022104317	2025-02-23	1東京8	晴	3.0	3歳新馬		16	2.0	4	15.7	6.0	3	吉田豊	55.0	ダ1400		良	**	1:27.9	0.5	**	4-4	37.2-37.0	37.1	434(0)			メルシージュテーム	160.0	202505010803
2022104317	2025-03-15	2中山5	晴	1.0	3歳未勝利		16	7.0	14	11.7	4.0	4	吉田豊	55.0	ダ1200		稍	**	1:13.4	1.1	**	13-10	34.5-37.8	37.6	436(+2)			フクチャンヒメ	84.0	202506020501
2022104317	2025-04-13	1福島2	曇	1.0	3歳未勝利		15	4.0	6	4.5	2.0	2	菱田裕二	55.0	ダ1700		良	**	1:49.1	0.0	**	3-3-5-3	30.4-38.9	38.4	440(+4)			エルバステラ	220.0	202503010201
2022104317	2025-07-27	1札幌2	曇	1.0	3歳未勝利		14	2.0	2	2.4	1.0	3	丹内祐次	55.0	ダ1700		不	**	1:45.4	0.2	**	5-4-4-3	29.4-39.0	38.9	436(-4)			メイショウハマギク	140.0	202501010201
2022104317	2025-08-09	1札幌5	晴	2.0	3歳未勝利		14	4.0	5	1.6	1.0	1	ルメール	55.0	ダ1700		重	**	1:45.2	-0.7	**	4-4-4-3	29.6-38.8	38.4	448(+12)			(ハローエンジェル)	560.0	202501010502
2022104317	2025-08-24	2札幌2	晴	8.0	3歳以上1勝クラス		11	6.0	6	2.6	1.0	2	ゴンサル	53.0	ダ1700		良	**	1:46.3	0.7	**	3-3-2-2	30.5-38.7	39.2	454(+6)			エンプレスフレーム	320.0	202501020208
2022104452	2024-10-06	4東京2	曇	5.0	2歳新馬		17	5.0	10	118.8	10.0	7	永野猛蔵	55.0	芝1800		良	**	1:50.1	0.9	**	1-4-5	36.4-33.8	34.3	470(0)			ガルダイア		202405040205
2022104452	2024-11-24	5東京8	晴	3.0	2歳未勝利		16	3.0	5	45.8	10.0	2	吉田豊	55.0	ダ1600		良	**	1:38.6	0.4	**	1-1	35.5-36.7	37.1	462(-8)			ダンツファイター	220.0	202405050803
2022104452	2024-12-14	5中山5	晴	2.0	2歳未勝利		16	2.0	4	3.4	2.0	4	吉田豊	55.0	ダ1800		良	**	1:57.2	0.5	**	2-2-1-1	38.2-40.1	40.6	460(-2)			ニシノケンタマン	83.0	202406050502
2022104452	2025-01-13	1中山5	晴	3.0	3歳未勝利		16	3.0	5	3.6	1.0	8	吉田豊	55.0	ダ1800		良	**	1:58.6	2.8	**	1-1-1-1	37.1-40.1	42.9	460(0)			キョウエイタイコ		202506010503
2022104452	2025-03-22	2中京3	晴	4.0	3歳未勝利		16	2.0	3	6.3	3.0	4	吉田豊	55.0	ダ1400		良	**	1:25.8	1.1	**	1-1	34.2-38.5	39.6	452(-8)			パヴィーア	84.0	202507020304
2022104452	2025-05-17	2東京7	雨	1.0	3歳未勝利		16	1.0	1	3.6	2.0	2	吉田豊	55.0	ダ1400		稍	**	1:25.3	0.3	**	1-1	34.8-37.9	38.2	456(+4)			エイミームーン	220.0	202505020701
2022104452	2025-06-15	3東京4	小雨	1.0	3歳未勝利		16	4.0	8	3.0	2.0	2	吉田豊	55.0	ダ1400		重	**	1:24.4	0.1	**	2-2	34.8-37.3	37.3	462(+6)			キカオクベシ	220.0	202505030401
2022104452	2025-07-12	2福島5	曇	2.0	3歳未勝利		15	1.0	1	4.8	2.0	1	吉田豊	55.0	ダ1700		良	**	1:47.4	-0.4	**	2-2-2-2	30.2-39.6	39.2	462(0)			(マキャベリー)	560.0	202503020502
2022104452	2025-10-26	4東京9	曇	7.0	3歳以上1勝クラス		13	7.0	11	7.8	4.0	10	吉田豊	54.0	ダ1600		不	**	1:37.2	0.8	**	1-1	36.0-36.0	36.8	468(+6)			スカイビート		202505040907
2022104452	2025-11-23	5東京5	曇	6.0	3歳以上1勝クラス		16	4.0	8	52.9	8.0	8	吉田豊	55.0	ダ1600		良	**	1:38.6	0.9	**	6-6	36.1-36.7	37.0	464(-4)			カーラデマドレ		202505050506
2022104499	2025-01-06	1中山2	曇	5.0	3歳新馬		16	2.0	4	22.0	9.0	8	武藤雅	55.0	芝1600		良	**	1:36.6	1.1	**	4-4-4	36.5-35.1	35.9	440(0)			ストレイトトーカー		202506010205
2022104499	2025-04-12	1福島1	曇	2.0	3歳未勝利		16	6.0	12	174.9	15.0	16	武藤雅	55.0	芝1200		良	**	1:11.6	2.3	**	2-8	34.1-35.2	37.4	432(-8)			ハリウッドメモリー		202503010102
2022104499	2025-05-27	浦和	曇	9.0	ツイントップ特別(3歳)		12	5.0	6	6.0	3.0	1	菊澤一樹	54.0	ダ1400		良	**	1:27.7	-0.5	**	2-2-2-1	36.8-37.6	37.5	433(+1)			(エクストラチャージ)	300.0	202542052709
2022104499	2025-08-03	2新潟4	晴	10.0	3歳以上1勝クラス		15	5.0	8	25.4	9.0	12	菊沢一樹	54.0	ダ1200		良	**	1:14.0	1.9	**	1-1	34.9-37.2	39.1	428(-5)			サマースイートピー		202504020410
2022104499	2025-10-18	4新潟1	小雨	12.0	3歳以上1勝クラス		18	8.0	17	11.8	6.0	6	菊沢一樹	55.0	芝1000		良	**	0:55.9	0.6	**	1	32.9-33.1	33.7	442(+14)			シュラフ		202504040112
2022104499	2025-11-15	3福島3	晴	7.0	3歳以上1勝クラス		16	2.0	4	96.4	12.0	13	斎藤新	55.0	芝1200		良	**	1:10.3	1.0	**	10-12	34.4-34.9	35.3	432(-10)			クインズスピカ		202503030307
2022104588	2024-09-07	3中京1	晴	5.0	2歳新馬		8	4.0	4	13.2	5.0	1	西村淳也	55.0	芝1600		良	**	1:36.5	-0.3	**	1-1-1	37.8-33.9	33.9	486(0)			(ベイリークロア)	720.0	202407030105
2022104588	2024-10-05	4東京1	小雨	11.0	サウジアラビアRC(GIII)		7	5.0	5	12.9	4.0	2	横山武史	56.0	芝1600		稍	**	1:33.1	0.1	**	7-7	34.0-35.3	34.3	486(0)			アルテヴェローチェ	1307.2	202405040111
2022104588	2024-12-15	7京都6	晴	11.0	朝日フューチュリティ(GI)		16	8.0	16	12.7	7.0	15	坂井瑠星	56.0	芝1600		良	**	1:36.3	2.2	**	9-10	35.4-33.7	35.5	486(0)			アドマイヤズーム		202408070611
2022104588	2025-01-13	1中京5	晴	11.0	日刊スポシンザン記念(GIII)		15	2.0	2	8.1	4.0	5	武豊	57.0	芝1600		良	**	1:35.4	0.8	**	2-4-3	35.1-35.8	36.3	480(-6)			リラエンブレム	410.0	202507010511
2022104588	2025-02-19	大井	晴	11.0	雲取賞競走(JpnIII)		12	3.0	3	7.1	4.0	8	吉原寛人	57.0	ダ1800		良	**	1:57.0	1.2	**	7-7-7-6	38.0-39.6	40.1	480(0)			ジャナドリア		202544021911
2022104588	2025-03-22	2中京3	晴	11.0	中スポ賞ファルコンS(GIII)		18	1.0	1	14.6	8.0	11	丸山元気	57.0	芝1400		良	**	1:22.0	1.0	**	15-14	34.4-35.0	35.0	474(-6)			ヤンキーバローズ		202507020311
2022104588	2025-04-06	2阪神4	晴	9.0	バイオレットS(OP)		15	3.0	5	64.8	14.0	13	岩田康誠	57.0	ダ1400		良	**	1:26.9	2.9	**	7-7	33.9-38.1	39.8	466(-8)			ヤマニンチェルキ		202509020409
2022104588	2025-06-21	3阪神5	晴	9.0	舞子特別(2勝クラス)		13	5.0	7	13.5	6.0	7	吉村誠之	54.0	芝1600		良	**	1:33.2	0.6	**	4-6	34.5-34.6	34.6	476(+10)			ハワイアンティアレ		202509030509
2022104588	2025-08-09	3中京5	晴	6.0	中京スポニチ賞(2勝クラス)		11	8.0	11	9.2	5.0	6	岩田康誠	55.0	芝1400		良	**	1:21.2	0.2	**	7-7	35.8-33.7	33.3	478(+2)			スリールミニョン		202507030506
2022104588	2025-08-23	3新潟1	晴	10.0	飯豊特別(2勝クラス)		17	4.0	7	5.9	2.0	12	岩田康誠	55.0	芝1400		良	**	1:21.3	0.8	**	7-7	34.2-34.9	35.0	484(+6)			ラテラルシンキング		202504030110
2022104588	2025-10-05	4東京2	曇	9.0	tvk賞(2勝クラス)		17	5.0	10	17.2	9.0	3	岩田康誠	56.0	芝1400		良	**	1:20.0	0.2	**	12-13	33.9-34.3	33.4	486(+2)			ジュドー	396.1	202505040209
2022104588	2025-10-25	4東京8	雨	9.0	精進湖特別(2勝クラス)		12	6.0	8	22.2	7.0	2	横山武史	56.0	芝1400		稍	**	1:21.4	0.0	**	7-6	35.2-34.3	33.5	484(-2)			ウイントワイライト	628.0	202505040809
2022104588	2025-11-09	5東京2	曇	12.0	3歳以上2勝クラス		18	7.0	14	4.7	2.0	1	横山武史	57.0	芝1400		良	**	1:21.4	-0.1	**	14-14	35.6-33.6	32.6	478(-6)			(ポッドロワール)	1140.0	202505050212
2022104588	2025-12-21	5阪神6	小雨	12.0	六甲アイランドS(3勝クラス)		14	2.0	2	7.2	4.0	4	坂井瑠星	57.0	芝1400		重	**	1:21.8	0.2	**	8-8	35.5-34.5	34.2	484(+6)			ディアナザール	280.0	202509050612
2022104617	2024-06-15	1函館3	晴	5.0	2歳新馬		7	2.0	2	3.2	2.0	1	浜中俊	55.0	芝1200		良	**	1:09.2	-0.2	**	1-1	34.1-35.1	35.1	466(0)			(チギリ)	720.0	202402010305
2022104617	2024-07-13	1函館11	晴	11.0	函館2歳S(GIII)		14	6.0	9	9.7	7.0	9	浜中俊	55.0	芝1200		良	**	1:09.9	0.7	**	12-11	34.0-35.2	34.4	468(+2)			サトノカルナバル		202402011111
2022104617	2024-08-18	2札幌4	晴	8.0	クローバー賞(OP)		9	6.0	6			取	浜中俊	55.0	芝1500		良	**			**		30.1-34.9		計不			ニタモノドウシ		202401020408
2022104617	2024-09-01	2札幌8	晴	9.0	シンガポールTC賞(OP)		10	5.0	5	6.5	3.0	2	浜中俊	55.0	芝1200		稍	**	1:10.4	0.3	**	2-2	34.2-35.9	36.1	466(-2)			カワキタマナレア	646.2	202401020809
2022104617	2024-10-05	5京都1	晴	9.0	りんどう賞(1勝クラス)		10	7.0	8	5.0	3.0	1	シュタル	55.0	芝1400		良	**	1:21.8	0.0	**	7-6	35.6-34.3	33.8	462(-4)			(エメラヴィ)	1093.1	202408050109
2022104617	2024-11-02	6京都1	雨	11.0	KBSファンタジーS(GIII)		15	5.0	9	4.4	2.0	4	シュタル	55.0	芝1400		不	**	1:22.9	0.1	**	10-8	36.0-34.7	34.2	456(-6)			ダンツエラン	440.0	202408060111
2022104617	2025-02-10	1京都3	晴	10.0	エルフィンS(L)		9	7.0	8	11.7	4.0	1	浜中俊	55.0	芝1600		良	**	1:35.3	-0.1	**	2-2	35.3-34.8	34.8	474(+18)			(グローリーリンク)	2022.4	202508010310
2022104617	2025-04-13	2阪神6	雨	11.0	桜花賞(GI)		18	1.0	1	38.5	10.0	8	浜中俊	55.0	芝1600		稍	**	1:34.5	1.4	**	9-8	34.5-34.5	35.4	480(+6)			エンブロイダリー		202509020611
2022104617	2025-05-11	2東京6	晴	11.0	NHKマイルC(GI)		18	8.0	17	181.7	17.0	15	浜中俊	55.0	芝1600		良	**	1:33.0	1.3	**	1-1	33.4-35.3	36.6	472(-8)			パンジャタワー		202505020611
2022104617	2025-09-14	4阪神4	晴	11.0	関西TVローズS(GII)		17	3.0	6	64.3	12.0	6	浜中俊	55.0	芝1800		良	**	1:44.0	0.5	**	8-7	34.0-35.0	34.8	488(+16)			カムニャック		202509040411
2022104617	2025-10-19	3京都7	曇	11.0	秋華賞(GI)		18	6.0	12	122.6	16.0	12	菱田裕二	55.0	芝2000		良	**	1:59.4	1.1	**	11-15-11-10	35.6-35.3	35.5	494(+6)			エンブロイダリー		202508030711
2022104628	2024-08-03	2新潟3	晴	3.0	2歳新馬		15	2.0	2	4.9	3.0	5	戸崎圭太	55.0	ダ1800		良	**	1:56.5	1.8	**	9-7-4-5	36.3-39.8	40.7	494(0)			シンビリーブ	72.0	202404020303
2022104628	2024-10-13	5京都4	晴	2.0	2歳未勝利		10	7.0	8	2.9	1.0	2	松山弘平	55.0	ダ1800		良	**	1:54.1	0.6	**	1-1-1-1	36.1-38.5	39.1	496(+2)			マテンロウブレイブ	220.0	202408050402
2022104628	2024-11-02	6京都1	雨	1.0	2歳未勝利		7	1.0	1	1.6	1.0	1	岩田望来	55.0	ダ1800		不	**	1:53.1	-0.6	**	1-1-1-1	35.3-39.8	39.8	500(+4)			(ショウナンカゼルタ)	550.0	202408060101
2022104628	2024-11-23	5東京7	晴	9.0	カトレアS(OP)		16	2.0	3	89.2	9.0	11	石橋脩	55.0	ダ1600		稍	**	1:38.4	2.0	**	1-1	34.3-36.8	38.8	498(-2)			ナチュラルライズ		202405050709
2022104628	2025-03-08	1阪神3	晴	4.0	3歳1勝クラス		12	8.0	11	8.7	5.0	12	岩田望来	55.0	ダ1800		良	**	1:57.7	3.6	**	3-3-3-2	37.1-38.1	41.5	504(+6)			メイショウズイウン		202509010304
2022104628	2025-03-30	2阪神2	曇	6.0	3歳1勝クラス		16	6.0	12	19.4	4.0	5	田口貫太	55.0	ダ1200		良	**	1:13.1	1.1	**	4-6	34.8-37.2	37.9	502(-2)			テーオーエルビス	80.0	202509020206
2022104628	2025-04-27	2京都2	晴	6.0	3歳1勝クラス		10	2.0	2	9.8	5.0	2	田口貫太	55.0	ダ1400		良	**	1:25.3	0.3	**	1-1	35.4-37.3	37.6	500(-2)			ゲッティヴィラ	320.0	202508020206
2022104628	2025-06-28	2小倉1	晴	8.0	3歳以上1勝クラス		15	8.0	16	3.6	1.0	1	田口貫太	53.0	ダ1700		良	**	1:44.8	-0.9	**	1-1-1-1	29.1-37.4	37.4	496(-4)			(ハイウェイスター)	800.0	202510020108
2022104628	2025-07-19	2小倉7	曇	10.0	熊本城特別(2勝クラス)		16	8.0	15	3.0	1.0	1	田口貫太	53.0	ダ1700		重	**	1:43.2	-0.2	**	1-1-1-1	29.7-36.7	36.7	500(+4)			(ジューンエオス)	1588.5	202510020710
2022104628	2025-10-18	3京都6	曇	11.0	トルマリンS(3勝クラス)		16	3.0	5	3.2	1.0	1	田口貫太	54.0	ダ1800		稍	**	1:51.1	-0.1	**	1-1-1-1	36.4-36.6	36.6	512(+12)			(パルクリチュード)	1874.3	202508030611
2022104628	2025-11-09	4京都2	小雨	11.0	みやこS(GIII)		15	7.0	13	27.3	11.0	13	田口貫太	53.0	ダ1800		不	**	1:51.5	4.0	**	3-3-3-7	35.1-36.2	40.0	516(+4)			ダブルハートボンド		202508040211
2022104639	2024-07-13	2福島5	晴	5.0	2歳新馬		10	6.0	6	1.5	1.0	5	戸崎圭太	55.0	芝1800		良	**	1:52.7	1.0	**	4-5-6-6	37.5-36.0	36.5	460(0)			ニシノルプ	72.0	202403020505
2022104639	2025-02-16	1東京6	晴	5.0	3歳未勝利		16	6.0	11	6.9	5.0	8	武豊	57.0	芝1800		良	**	1:47.7	1.2	**	4-6-6	35.9-34.7	35.2	468(+8)			トレサフィール		202505010605
2022104639	2025-05-04	2東京4	晴	2.0	3歳未勝利		16	4.0	7	9.2	4.0	3	戸崎圭太	57.0	ダ1400		稍	**	1:25.4	0.2	**	3-2	36.1-36.3	36.3	482(+14)			ポッドベル	140.0	202505020402
2022104639	2025-05-11	2東京6	晴	2.0	3歳未勝利		16	6.0	12	3.2	2.0	2	レーン	57.0	ダ1400		稍	**	1:24.1	0.2	**	5-5	34.7-36.8	36.5	484(+2)			アラスカフレイバー	220.0	202505020602
2022104639	2025-06-08	3東京2	曇	4.0	3歳未勝利		16	6.0	11	1.5	1.0	1	レーン	57.0	ダ1400		良	**	1:24.4	-0.8	**	2-2	35.8-36.3	36.2	476(-8)			(オブシディアーナ)	560.0	202505030204
2022104639	2025-11-24	5東京6	晴	5.0	3歳以上1勝クラス		16	1.0	2	2.5	1.0	2	レーン	57.0	ダ1400		良	**	1:25.0	0.5	**	7-8	35.9-36.3	36.0	484(+8)			スリーピース	320.0	202505050605
2022104644	2024-07-07	3小倉4	晴	6.0	2歳新馬		7	2.0	2	7.6	4.0	6	武豊	55.0	芝1200		良	**	1:13.3	3.1	**	7-7	34.9-35.3	34.3	482(0)			スリールミニョン		202410030406
2022104644	2024-10-06	5京都2	晴	2.0	2歳未勝利		14	4.0	6	103.1	9.0	9	中井裕二	55.0	芝1400		良	**	1:22.0	0.7	**	10-10	34.1-35.4	34.9	494(+12)			ランフォーヴァウ		202408050202
2022104644	2024-10-26	4東京7	曇	1.0	2歳未勝利		12	4.0	4	16.7	6.0	6	津村明秀	55.0	ダ1600		良	**	1:40.3	1.3	**	1-1	35.2-38.3	39.6	482(-12)			クラリネットソナタ		202405040701
2022104644	2025-03-08	1阪神3	晴	1.0	3歳未勝利		16	7.0	14	9.2	6.0	3	吉田隼人	55.0	ダ1400		良	**	1:27.3	0.2	**	5-5	35.2-39.1	39.0	494(+12)			リアルクィーン	140.0	202509010301
2022104644	2025-03-23	2中京4	晴	1.0	3歳未勝利		16	2.0	4	4.2	2.0	5	吉田隼人	55.0	ダ1200		良	**	1:13.7	0.8	**	6-6	35.2-37.7	38.2	490(-4)			セレジェイラ	56.0	202507020401
2022104644	2025-04-06	2阪神4	晴	1.0	3歳未勝利		16	7.0	14	5.2	2.0	3	丹内祐次	55.0	ダ1200		良	**	1:14.1	0.7	**	3-3	35.5-37.9	38.3	488(-2)			バシリス	140.0	202509020401
2022104644	2025-05-03	1新潟1	晴	3.0	3歳未勝利		15	7.0	13	6.7	3.0	2	佐々木大	55.0	ダ1200		稍	**	1:12.1	0.2	**	1-1	34.4-37.5	37.7	484(-4)			テイエムパイロット	220.0	202504010103
2022104644	2025-06-01	2京都12	晴	1.0	3歳未勝利		15	7.0	13	3.7	2.0	1	藤岡佑介	55.0	ダ1200		良	**	1:12.3	-0.5	**	3-3	35.2-37.1	36.6	482(-2)			(フラッシュケリー)	560.0	202508021201
2022104644	2025-07-06	2小倉4	晴	8.0	3歳以上1勝クラス		14	7.0	12	10.1	5.0	10	吉村誠之	52.0	ダ1000		良	**	0:59.2	1.3	**	5-6	34.0-35.3	36.2	480(-2)			ファムエレガンテ		202510020408
2022104644	2025-09-07	4阪神2	晴	6.0	3歳以上1勝クラス		15	2.0	2	26.8	9.0	3	横山武史	54.0	ダ1400		良	**	1:24.7	0.7	**	3-3	33.8-37.9	38.3	478(-2)			ポートデラメール	200.0	202509040206
2022104644	2025-09-28	4阪神9	晴	6.0	3歳以上1勝クラス		16	5.0	10	6.3	2.0	7	浜中俊	54.0	ダ1200		良	**	1:12.2	0.7	**	12-9	35.1-36.4	36.3	478(0)			ウルスクローム		202509040906
2022104644	2025-12-07	5阪神2	晴	7.0	3歳以上1勝クラス		11	3.0	3	4.1	2.0	2	プーシャ	55.0	ダ1200		良	**	1:12.7	0.1	**	5-5	34.8-37.8	37.3	488(+10)			モンテディアーナ	320.0	202509050207
2022104644	2026-01-04	1京都1	曇	8.0	4歳以上1勝クラス		16	8.0	15	12.7	6.0	4	武豊	56.0	ダ1200		良	**	1:13.1	0.5	**	8-6	36.3-36.3	35.8	484(-4)			イマージョン	120.0	202608010108
2022104649	2024-09-28	3中京8	曇	5.0	2歳新馬		17	7.0	13	12.5	6.0	3	鮫島克駿	55.0	芝2000		良	**	2:04.4	0.8	**	4-6-4-4	38.4-34.6	35.0	474(0)			ロケベンドラ	180.0	202407030805
2022104649	2024-12-01	4中京2	晴	5.0	2歳未勝利		8	7.0	7	2.2	1.0	1	Ｃ．デム	56.0	芝2000		良	**	2:02.7	-0.3	**	7-7-7-3	36.3-34.5	34.2	486(+12)			(エリーナストーム)	550.0	202407040205
2022104649	2025-01-19	1中山7	小雨	11.0	京成杯(GIII)		14	3.0	4	38.1	10.0	12	斎藤新	57.0	芝2000		良	**	2:02.7	2.8	**	3-3-4-6	35.0-36.8	38.9	500(+14)			ニシノエージェント		202506010711
2022104649	2025-03-09	1阪神4	晴	9.0	アルメリア賞(1勝クラス)		8	2.0	2	6.1	4.0	6	西村淳也	57.0	芝1800		良	**	1:47.6	0.4	**	2-2	35.5-34.2	34.5	498(-2)			テレサ		202509010409
2022104649	2025-05-11	1新潟4	曇	9.0	ゆきつばき賞(1勝クラス)		13	7.0	11	6.0	2.0	3	亀田温心	57.0	芝1200		稍	**	1:10.9	0.4	**	12-11	33.9-36.6	35.9	496(-2)			オンザブルースカイ	284.2	202504010409
2022104649	2025-06-14	3阪神3	雨	12.0	3歳以上1勝クラス		16	6.0	11	5.0	2.0	13	吉村誠之	54.0	芝1200		重	**	1:11.4	1.2	**	9-10	34.8-35.4	35.8	494(-2)			ペプチドクレマチス		202509030312
2022104649	2025-09-28	4阪神9	曇	8.0	3歳以上1勝クラス		18	4.0	7	146.0	13.0	11	小沢大仁	55.0	芝1800		良	**	1:46.5	1.1	**	3-3	35.2-34.9	35.3	496(+2)			ローランドバローズ		202509040908
2022104649	2025-11-22	3福島5	晴	9.0	高湯温泉特別(1勝クラス)		16	1.0	1	35.7	9.0	12	小沢大仁	56.0	芝1800		良	**	1:49.2	0.7	**	3-3-4-3	36.4-34.7	35.1	496(0)			バルナバ		202503030509
2022104658	2024-10-19	4東京5	晴	5.0	2歳新馬		13	4.0	5	4.9	2.0	11	松山弘平	56.0	芝2000		良	**	2:04.4	2.0	**	1-2-2	37.9-34.2	36.0	512(0)			キングノジョー		202405040505
2022104658	2024-11-09	6京都3	晴	2.0	2歳未勝利		14	8.0	14	5.7	2.0	9	岩田望来	56.0	ダ1800		良	**	1:57.2	1.6	**	7-9-6-7	37.5-38.7	39.6	518(+6)			ウォーターエルピス		202408060302
2022104658	2025-02-16	1京都6	曇	1.0	3歳未勝利		10	2.0	2	34.5	7.0	5	幸英明	57.0	ダ1900		稍	**	2:03.2	0.2	**	4-4-5-6	30.1-39.7	39.4	518(0)			リアルスター	56.0	202508010601
2022104658	2025-03-02	1阪神2	小雨	3.0	3歳未勝利		12	7.0	9	8.0	4.0	7	幸英明	57.0	ダ2000		良	**	2:11.6	2.1	**	2-2-2-2	37.3-38.8	40.8	516(-2)			シャルクハフト		202509010203
2022104658	2025-06-14	3阪神3	小雨	3.0	3歳未勝利		16	6.0	12	10.2	5.0	5	岩田望来	57.0	ダ2000		稍	**	2:09.7	1.7	**	7-7-7-8	35.1-39.8	40.5	518(+2)			ロックウイズユー	56.0	202509030303
2022104658	2025-06-29	2小倉2	晴	3.0	3歳未勝利		16	1.0	2	7.6	4.0	4	松山弘平	57.0	芝2600		良	**	2:44.6	0.2	**	4-5-4-3	36.8-36.4	36.3	518(0)			サンライズロジャー	84.0	202510020203
2022104658	2025-07-27	3中京2	晴	2.0	3歳未勝利		16	7.0	14	16.7	8.0	3	高杉吏麒	56.0	ダ1800		良	**	1:54.5	0.4	**	8-8-10-10	37.1-38.7	38.1	520(+2)			テーオーシュタイン	140.0	202507030202
2022104658	2025-08-24	4中京2	晴	2.0	3歳未勝利		16	6.0	12	4.7	2.0	4	高杉吏麒	56.0	ダ1900		良	**	2:01.7	0.4	**	3-3-3-3	30.3-39.5	39.4	520(0)			ドウジャスティ	84.0	202507040202
2022104658	2025-09-13	4阪神3	曇	4.0	3歳未勝利		16	7.0	14	5.2	3.0	11	高杉吏麒	56.0	ダ1800		良	**	1:55.5	1.2	**	11-12-7-4	36.9-39.9	40.5	522(+2)			バルミラクル		202509040304
2022104658	2025-12-20	5阪神5	晴	7.0	3歳以上1勝クラス		16	5.0	9	215.4	13.0	16	団野大成	57.0	ダ1800		良	**	1:57.8	4.3	**	4-4-7-8	37.7-36.9	40.8	518(-4)			アカデミア		202509050507
2022104669	2024-12-15	7京都6	晴	5.0	2歳新馬		14	7.0	11	3.5	2.0	8	ムーア	56.0	芝1600		良	**	1:38.6	1.0	**	10-9	37.5-34.6	34.8	472(0)			ノクナレア		202408070605
2022104669	2025-03-02	1阪神2	小雨	6.0	3歳未勝利		16	3.0	5	5.9	3.0	8	武豊	57.0	芝2000		良	**	2:02.2	1.1	**	11-10-10-10	35.9-35.5	35.8	468(-4)			ジョイエッロ		202509010206
2022104669	2025-06-28	2小倉1	晴	4.0	3歳未勝利		16	4.0	8	13.9	5.0	6	Ｍ．デム	57.0	芝1800		良	**	1:48.2	1.0	**	12-12-11-7	35.1-36.7	36.4	474(+6)			ラトラース		202510020104
2022104669	2025-07-20	2小倉8	晴	4.0	3歳未勝利		18	6.0	11	12.8	7.0	2	北村友一	57.0	芝2000		良	**	2:03.3	0.1	**	1-1-1-1	36.1-36.8	36.9	474(0)			サミダレナイツ	220.0	202510020804
2022104669	2025-08-10	3中京6	曇	9.0	3歳未勝利		14	8.0	13	3.9	1.0	1	北村友一	57.0	芝2000		良	**	2:01.9	-0.1	**	1-1-1-1	36.6-34.2	34.2	472(-2)			(アスクコモンタレヴ)	560.0	202507030609
2022104669	2025-12-21	5阪神6	雨	7.0	3歳以上1勝クラス		18	8.0	18	26.7	9.0	8	北村友一	56.0	芝2200		重	**	2:13.9	1.2	**	1-1-1-1	34.9-36.2	37.4	476(+4)			ヴァリージア		202509050607
2022104688	2024-10-26	5京都7	曇	5.0	2歳新馬		13	3.0	3	16.2	6.0	4	松山弘平	56.0	芝2000		良	**	2:02.3	0.1	**	9-9-10-9	37.3-34.8	34.0	518(0)			ミッキーゴールド	110.0	202408050705
2022104688	2024-11-23	6京都7	曇	3.0	2歳未勝利		10	6.0	6	3.7	2.0	3	松山弘平	56.0	芝2000		良	**	2:01.2	0.4	**	4-5-5-5	35.4-36.0	35.9	522(+4)			シュバルツマサムネ	140.0	202408060703
2022104688	2024-12-21	7京都7	曇	4.0	2歳未勝利		16	5.0	9	12.8	4.0	2	松山弘平	56.0	芝2000		良	**	2:01.2	0.4	**	4-5-3-3	37.2-34.8	34.9	522(0)			リンクスティップ	220.0	202408070704
2022104688	2025-02-22	1京都7	晴	5.0	3歳未勝利		15	2.0	3	1.9	1.0	1	和田竜二	57.0	芝2400		良	**	2:28.4	0.0	**	2-2-2-2	35.5-34.6	34.5	526(+4)			(ヴァリディシームス)	560.0	202508010705
2022104688	2025-03-30	2中京6	晴	8.0	大寒桜賞(1勝クラス)		7	6.0	6	3.3	3.0	3	和田竜二	57.0	芝2200		良	**	2:14.4	0.8	**	1-1-1-1	37.0-34.7	35.5	522(-4)			エムズ	282.2	202507020608
2022104688	2025-05-10	2京都5	曇	11.0	京都新聞杯(GII)		10	3.0	3	63.4	9.0	8	和田竜二	57.0	芝2200		稍	**	2:15.8	1.1	**	8-8-8-7	37.0-33.8	34.3	526(+4)			ショウヘイ		202508020511
2022104688	2025-06-07	3阪神1	曇	7.0	3歳以上1勝クラス		10	8.0	9	3.6	2.0	3	和田竜二	54.0	芝2200		良	**	2:13.1	0.4	**	3-3-2-2	36.1-34.7	35.0	524(-2)			ヴァリディシームス	200.0	202509030107
2022104688	2025-08-31	2札幌4	曇	9.0	北辰特別(1勝クラス)		14	7.0	11	5.2	2.0	4	池添謙一	55.0	芝2600		稍	**	2:43.7	0.9	**	2-2-2-2	37.8-37.0	37.8	536(+12)			ボンドロア	170.0	202501020409
2022104688	2025-11-23	4京都6	晴	7.0	3歳以上1勝クラス		18	4.0	7	2.0	1.0	3	Ｃ．デム	56.0	芝2400		良	**	2:24.2	0.3	**	2-2-2-1	34.4-34.5	34.8	530(-6)			ウインデイジー	200.0	202508040607
2022104688	2025-12-21	5阪神6	雨	7.0	3歳以上1勝クラス		18	8.0	17	6.9	3.0	9	和田竜二	56.0	芝2200		重	**	2:13.9	1.2	**	12-11-10-12	34.9-36.2	36.7	528(-2)			ヴァリージア		202509050607
2022104751	2024-07-27	1札幌3	曇	5.0	2歳新馬		14	7.0	12	3.2	1.0	1	武豊	55.0	芝1500		良	**	1:29.9	0.0	**	4-4-4	29.7-35.2	34.7	448(0)			(ヒシアマン)	720.0	202401010305
2022104751	2024-10-05	4東京1	小雨	11.0	サウジアラビアRC(GIII)		7	1.0	1	3.5	2.0	1	佐々木大	56.0	芝1600		稍	**	1:33.0	-0.1	**	5-6	34.0-35.3	34.5	458(+10)			(タイセイカレント)	3325.2	202405040111
2022104751	2024-12-15	7京都6	晴	11.0	朝日フューチュリティ(GI)		16	4.0	8	3.3	1.0	5	武豊	56.0	芝1600		良	**	1:35.4	1.3	**	12-13	35.4-33.7	34.4	472(+14)			アドマイヤズーム	700.0	202408070611
2022104751	2025-01-13	1中京5	晴	11.0	日刊スポシンザン記念(GIII)		15	5.0	8	3.0	1.0	2	川田将雅	57.0	芝1600		良	**	1:35.0	0.4	**	7-7-6	35.1-35.8	35.7	462(-10)			リラエンブレム	1617.0	202507010511
2022104751	2025-04-05	2阪神3	晴	11.0	チャーチルダウンズC(GIII)		11	6.0	6	2.7	1.0	2	佐々木大	57.0	芝1600		良	**	1:32.5	0.3	**	8-5	34.4-34.2	34.1	462(0)			ランスオブカオス	1612.0	202509020311
2022104751	2025-05-11	2東京6	晴	11.0	NHKマイルC(GI)		18	7.0	15	16.3	8.0	13	佐々木大	57.0	芝1600		良	**	1:32.5	0.8	**	7-7	33.4-35.3	35.3	456(-6)			パンジャタワー		202505020611
2022104751	2025-10-13	3京都5	晴	11.0	MBS賞スワンS(GII)		18	5.0	10	16.9	6.0	15	佐々木大	55.0	芝1400		良	**	1:19.8	0.9	**	4-4	33.5-34.0	34.5	462(+6)			オフトレイル		202508030511
2022104751	2025-11-08	4京都1	晴	11.0	室町S(OP)		16	1.0	2	11.2	5.0	13	岩田望来	57.0	ダ1200		良	**	1:11.5	1.2	**	3-3	34.2-36.1	37.0	460(-2)			ペプチドヤマト		202508040111
2022104887	2024-07-27	1札幌3	曇	5.0	2歳新馬		14	8.0	14	46.8	10.0	6	浜中俊	55.0	芝1500		良	**	1:31.0	1.1	**	14-13-11	29.7-35.2	34.6	460(0)			アルテヴェローチェ		202401010305
2022104887	2024-10-26	5京都7	曇	3.0	2歳未勝利		12	3.0	3	15.8	5.0	6	浜中俊	56.0	芝1600		良	**	1:35.1	0.8	**	6-5	34.5-35.1	35.4	446(-14)			アイサンサン		202408050703
2022104887	2024-11-23	6京都7	曇	3.0	2歳未勝利		10	7.0	7	31.1	7.0	1	浜中俊	56.0	芝2000		良	**	2:00.8	-0.4	**	10-10-9-8	35.4-36.0	35.0	452(+6)			(サリーチェ)	550.0	202408060703
2022104887	2025-01-25	1中京8	晴	9.0	若駒S(L)		10	3.0	3	35.5	8.0	7	浜中俊	57.0	芝2000		良	**	2:03.7	1.4	**	5-5-5-5	37.5-35.5	36.3	458(+6)			ジュタ		202507010809
2022104887	2025-02-15	1京都5	晴	9.0	こぶし賞(1勝クラス)		6	1.0	1	14.3	5.0	5	国分優作	57.0	芝1600		良	**	1:35.6	0.3	**	5-5	35.8-35.2	34.7	460(+2)			マテンロウバローズ	111.0	202508010509
2022104887	2025-03-22	1阪神7	晴	11.0	若葉S(L)		9	1.0	1	141.3	9.0	5	幸英明	57.0	芝2000		良	**	1:59.9	0.9	**	3-3-3-4	36.1-34.7	35.2	462(+2)			ジョバンニ	200.0	202509010711
2022104887	2025-04-12	3中山5	晴	11.0	ニュージーランドT(GII)		14	5.0	8	238.0	14.0	10	田辺裕信	57.0	芝1600		良	**	1:33.5	1.1	**	11-11-11	34.3-34.7	33.9	456(-6)			イミグラントソング		202506030511
2022104887	2025-06-14	1函館1	晴	9.0	奥尻特別(1勝クラス)		11	6.0	7			取	北村友一	55.0	芝2000		良	**			**		36.2-34.7		計不			ロードリベラシオン		202502010109
2022104887	2025-06-29	1函館6	晴	9.0	臥牛山特別(1勝クラス)		10	8.0	9	8.9	4.0	1	北村友一	55.0	芝2000		良	**	1:59.1	0.0	**	5-5-5-4	34.6-35.1	34.5	472(+16)			(レクスノヴァス)	1135.2	202502010609
2022104887	2025-08-17	1札幌8	曇	12.0	阿寒湖特別(2勝クラス)		14	2.0	2	6.1	3.0	7	北村友一	55.0	芝2600		稍	**	2:44.4	1.2	**	4-5-5-7	37.7-36.6	37.3	462(-10)			レクスノヴァス		202501010812
2022104887	2025-10-18	3京都6	曇	10.0	清滝特別(2勝クラス)		9	4.0	4	3.5	2.0	2	藤岡佑介	55.0	芝2200		良	**	2:13.8	0.1	**	1-1-1-1	37.7-33.8	33.9	470(+8)			ジョイボーイ	626.8	202508030610
2022104887	2025-12-20	5阪神5	晴	10.0	境港特別(2勝クラス)		8	4.0	4	3.3	3.0	1	藤岡佑介	56.0	芝2400		良	**	2:26.7	0.0	**	1-1-1-1	38.0-33.1	33.1	476(+6)			(クルミナーレ)	1569.6	202509050510
2022104960	2024-06-22	1函館5	曇	5.0	2歳新馬		7	2.0	2	6.7	4.0	1	鮫島克駿	55.0	芝1200		良	**	1:09.7	-0.1	**	4-4	35.6-34.1	33.8	448(0)			(ポッドベイダー)	720.0	202402010505
2022104960	2024-07-13	1函館11	晴	11.0	函館2歳S(GIII)		14	6.0	10	7.0	4.0	5	鮫島克駿	55.0	芝1200		良	**	1:09.5	0.3	**	5-5	34.0-35.2	34.9	452(+4)			サトノカルナバル	310.0	202402011111
2022104960	2024-11-02	6京都1	雨	11.0	KBSファンタジーS(GIII)		15	4.0	7	17.4	8.0	11	佐々木大	55.0	芝1400		不	**	1:23.7	0.9	**	4-5	36.0-34.7	35.4	464(+12)			ダンツエラン		202408060111
2022104960	2024-11-30	7京都1	晴	9.0	さざんか賞(1勝クラス)		9	7.0	7	3.8	3.0	4	幸英明	55.0	芝1200		良	**	1:09.5	0.4	**	2-2	34.9-34.2	34.6	456(-8)			ルクスレゼルヴァ	160.0	202408070109
2022104960	2025-02-09	1小倉6	晴	9.0	かささぎ賞(1勝クラス)		16	4.0	7	4.9	2.0	3	菱田裕二	55.0	芝1200		稍	**	1:10.2	0.2	**	5-3	34.4-35.6	35.5	466(+10)			ドゥアムール	285.0	202510010609
2022104960	2025-02-23	1京都8	曇	10.0	マーガレットS(L)		8	7.0	7	27.1	8.0	3	高杉吏麒	55.0	芝1200		良	**	1:10.0	0.4	**	4-4	35.5-34.1	33.9	466(0)			ポッドベイダー	502.6	202508010810
2022104960	2025-04-26	1福島5	晴	9.0	雪うさぎ賞(1勝クラス)		16	8.0	16	8.2	5.0	4	吉田隼人	55.0	芝1200		良	**	1:09.0	0.3	**	3-6	34.3-34.4	34.4	464(-2)			ワース	170.0	202503010509
2022104960	2025-06-22	1函館4	曇	8.0	3歳以上1勝クラス		11	2.0	2	1.9	1.0	1	横山武史	53.0	芝1200		重	**	1:09.1	-0.2	**	2-2	34.5-34.6	34.6	464(0)			(クインズスピカ)	800.0	202502010408
2022104960	2025-07-12	1函館9	晴	10.0	HTB杯(2勝クラス)		11	5.0	5	3.0	1.0	1	横山武史	53.0	芝1200		良	**	1:07.2	-0.5	**	2-2	32.9-34.3	34.3	470(+6)			(エヴァンスウィート)	1575.2	202502010910
2022104960	2025-07-26	1札幌1	小雨	11.0	TVh賞(3勝クラス)		12	3.0	3	2.0	1.0	1	横山武史	53.0	芝1200		良	**	1:07.4	-0.2	**	2-2	33.8-33.6	33.5	460(-10)			(ルーフ)	1865.9	202501010111
2022104960	2025-08-24	2札幌2	晴	11.0	キーンランドC(GIII)		16	8.0	16	5.7	3.0	3	横山武史	53.0	芝1200		良	**	1:08.4	0.2	**	3-3	33.6-34.6	34.6	480(+20)			パンジャタワー	1108.0	202501020211
2022104960	2025-12-07	5中山2	晴	11.0	ラピスラズリS(L)		16	8.0	15	4.0	2.0	5	横山武史	54.0	芝1200		良	**	1:07.7	0.6	**	10-10	33.5-33.6	33.5	466(-14)			ロードフォアエース	270.0	202506050211
2022104980	2024-11-17	5東京6	晴	5.0	2歳新馬		9	2.0	2	1.8	1.0	2	マーカン	56.0	芝2000		良	**	2:03.7	0.1	**	7-7-5	38.6-33.6	33.4	474(0)			サトノパトリオット	290.0	202405050605
2022104980	2025-02-22	1東京7	曇	5.0	3歳未勝利		18	5.0	10	1.8	1.0	1	戸崎圭太	57.0	芝2400		良	**	2:28.5	0.0	**	6-6-6-7	36.3-34.9	34.5	476(+2)			(エリーナストーム)	560.0	202505010705
2022104980	2025-04-12	3中山5	晴	9.0	山藤賞(1勝クラス)		9	1.0	1	4.2	2.0	7	横山武史	57.0	芝2000		良	**	2:01.7	2.7	**	2-2-2-3	35.9-36.1	38.4	476(0)			ビーオンザカバー		202506030509
2022104980	2025-08-17	2新潟8	晴	11.0	3歳以上1勝クラス		11	4.0	4	3.8	2.0	9	戸崎圭太	55.0	芝2400		良	**	2:27.7	2.3	**	3-3-3-6	35.3-36.2	38.0	492(+16)			オビドス		202504020811
2022104980	2025-12-11	船橋	晴	9.0	フェイスフルブーツ特(B2B3)		14	7.0	12	4.1	2.0	12	舟山瑠泉	54.0	ダ1800		良	**	2:00.0	3.9	**	2-2-4-9	36.7-40.6	43.8	480(-12)			セザンワールド		202543121109
2022104980	2026-01-25	1小倉2	晴	12.0	4歳以上1勝クラス		14	8.0	14	18.6	8.0	9	舟山瑠泉	54.0	芝2000		良	**	2:00.8	0.8	**	14-14-13-14	35.3-34.3	33.7	482(+2)			ヤコブセン		202610010212
2022104992	2024-08-04	2新潟4	晴	3.0	2歳新馬		9	3.0	3	15.7	4.0	9	坂井瑠星	55.0	芝1800		良	**	1:53.7	2.8	**	6-6	37.9-33.7	35.8	498(0)			ジェゼロ		202404020403
2022104992	2024-10-13	5京都4	晴	2.0	2歳未勝利		10	1.0	1	13.4	5.0	4	団野大成	56.0	ダ1800		良	**	1:55.8	2.3	**	7-7-5-4	36.1-38.5	40.5	512(+14)			マテンロウブレイブ	83.0	202408050402
2022104992	2024-11-09	3福島3	晴	2.0	2歳未勝利		14	2.0	2	15.5	5.0	8	ドイル	56.0	ダ1700		良	**	1:48.5	1.5	**	4-3-6-3	30.1-38.9	40.0	512(0)			アメージング		202403030302
2022104992	2025-01-12	1中京4	曇	2.0	3歳未勝利		16	1.0	1	37.3	10.0	8	Ｍ．デム	57.0	ダ1400		良	**	1:27.6	2.1	**	8-6	35.0-38.2	39.6	516(+4)			レーティッシュ		202507010402
2022104992	2025-01-25	1中京8	晴	1.0	3歳未勝利		15	7.0	13	18.8	4.0	3	団野大成	57.0	ダ1200		良	**	1:14.2	1.7	**	3-3	35.3-37.2	38.6	512(-4)			エコロレオナ	140.0	202507010801
2022104992	2025-02-09	1京都4	晴	1.0	3歳未勝利		13	3.0	3	9.5	5.0	6	吉村誠之	55.0	ダ1200		稍	**	1:15.0	1.5	**	9-7	37.0-36.5	36.9	514(+2)			ウォーターパラディ		202508010401
2022104992	2025-02-15	1京都5	晴	1.0	3歳未勝利		16	6.0	11	32.3	9.0	7	岩田望来	57.0	ダ1200		良	**	1:14.1	1.3	**	5-5	35.8-37.0	37.9	512(-2)			ハヤテノツバサ		202508010501
2022104992	2025-04-20	2阪神8	曇	5.0	3歳未勝利		18	8.0	16	46.5	9.0	2	団野大成	57.0	芝1800		良	**	1:46.5	0.3	**	3-2	35.0-35.2	35.2	518(+6)			アスクヴォルテージ	220.0	202509020805
2022104992	2025-05-03	2京都3	晴	5.0	3歳未勝利		12	6.0	8	6.2	3.0	2	団野大成	57.0	芝1800		稍	**	1:48.7	0.1	**	5-4	36.1-34.4	34.3	514(-4)			ヤエギリ	220.0	202508020305
2022104992	2025-05-17	1新潟5	雨	3.0	3歳未勝利		16	4.0	8	3.8	2.0	8	団野大成	57.0	芝1800		稍	**	1:50.0	1.3	**	2-2	36.1-35.4	36.6	512(-2)			シャンクス		202504010503
2022104992	2025-06-22	3阪神6	曇	3.0	3歳未勝利		18	5.0	9	8.5	5.0	1	吉村誠之	56.0	芝1600		良	**	1:33.8	0.0	**	7-6	34.5-35.1	34.7	520(+8)			(コスモグローリー)	560.0	202509030603
2022104992	2025-07-13	2小倉6	曇	8.0	3歳以上1勝クラス		16	1.0	2	6.4	3.0	2	吉村誠之	54.0	芝1800		良	**	1:48.7	0.1	**	6-6-5-4	35.7-37.5	36.6	516(-4)			インヴォーグ	320.0	202510020608
2022104992	2025-09-15	4阪神5	晴	8.0	3歳以上1勝クラス		8	1.0	1	6.4	4.0	4	吉村誠之	54.0	芝1800		良	**	1:45.4	0.5	**	5-4	34.7-34.4	34.6	524(+8)			エバーグルーヴ	120.0	202509040508
2022104992	2025-10-12	3京都4	曇	12.0	3歳以上1勝クラス		18	1.0	1	11.1	7.0	8	団野大成	56.0	芝1600		良	**	1:33.3	0.6	**	9-9	34.4-34.3	33.8	520(-4)			ワンモアスマイル		202508030412
2022104992	2025-11-08	5東京1	晴	12.0	3歳以上1勝クラス		14	7.0	11	13.2	6.0	6	プーシャ	57.0	芝1600		良	**	1:34.4	0.9	**	2-2	36.6-33.5	34.3	510(-10)			ダノンエンブレム		202505050112
2022105002	2025-03-08	2中山3	曇	5.0	3歳未勝利		15	5.0	8	11.8	4.0	5	藤岡佑介	55.0	芝2000		良	**	2:02.7	1.2	**	12-8-8-6	36.5-35.4	36.0	472(0)			インパクトシー	56.0	202506020305
2022105002	2025-05-18	2東京8	晴	4.0	3歳未勝利		14	5.0	7	4.4	3.0	3	ルメール	55.0	芝1800		稍	**	1:48.0	0.2	**	9-6-7	36.0-33.7	33.2	466(-6)			フェンスブレイカー	140.0	202505020804
2022105002	2025-07-26	2新潟1	晴	5.0	3歳未勝利		18	5.0	9	2.3	1.0	1	ルメール	55.0	芝1800		良	**	1:46.0	-0.2	**	8-8	35.2-33.5	33.1	466(0)			(ミエノフェアリー)	560.0	202504020105
2022105002	2025-10-11	4東京3	雨	7.0	3歳以上1勝クラス		10	1.0	1	3.0	2.0	1	ルメール	54.0	芝2000		良	**	1:57.6	-0.3	**	3-4-4	35.8-34.8	33.7	470(+4)			(エテルニータ)	800.0	202505040307
2022105002	2025-11-30	5東京8	晴	9.0	オリエンタル賞(2勝クラス)		9	8.0	8	2.0	1.0	2	戸崎圭太	53.0	芝2000		良	**	1:58.5	0.1	**	3-4-4	36.5-34.5	34.0	470(0)			レイニング	625.6	202505050809
2022105068	2024-12-14	7京都5	曇	5.0	2歳新馬		10	3.0	3	2.1	1.0	1	坂井瑠星	56.0	芝2000		良	**	2:02.6	0.0	**	4-4-5-2	37.0-35.5	35.3	462(0)			(ルージュスティーズ)	720.0	202408070505
2022105068	2025-02-09	1東京4	晴	9.0	ゆりかもめ賞(1勝クラス)		11	5.0	5	37.9	10.0	9	菅原明良	57.0	芝2400		良	**	2:28.9	1.1	**	9-10-10-8	37.4-33.8	34.4	452(-10)			ウィクトルウェルス		202505010409
2022105068	2025-04-19	2阪神7	晴	5.0	3歳1勝クラス		7	4.0	4	4.0	3.0	3	ルメール	57.0	芝2000		良	**	1:58.9	1.0	**	5-5-5-4	34.5-35.5	35.7	460(+8)			トッピボーン	200.0	202509020705
2022105068	2025-07-27	3中京2	晴	8.0	御在所特別(1勝クラス)		7	6.0	6	2.9	2.0	1	バデル	55.0	芝2000		良	**	1:59.2	0.0	**	3-3-3-2	35.9-34.9	34.8	460(0)			(フルレゾン)	1126.8	202507030208
2022105068	2025-11-01	3京都10	晴	9.0	北野特別(2勝クラス)		11	7.0	9	6.2	3.0	2	Ｃ．デム	56.0	芝2000		良	**	2:00.0	0.5	**	5-5-5-5	35.9-34.2	34.3	460(0)			エコロディノス	627.4	202508031009
2022105068	2025-12-21	5中京6	雨	10.0	名古屋日刊スポーツ杯(2勝クラス)		10	8.0	10	3.1	1.0	2	荻野極	57.0	芝2000		稍	**	2:03.0	0.1	**	3-4-5-5	37.5-35.7	35.2	460(0)			ディヴァインスター	626.6	202507050610
2022105108	2024-06-29	3小倉1	曇	6.0	2歳新馬		8	2.0	2	2.7	1.0	6	田口貫太	54.0	ダ1000		稍	**	1:00.5	1.8	**	6-6	34.3-35.9	36.4	490(0)			コスモストーム		202410030106
2022105108	2024-07-14	3小倉6	雨	2.0	2歳未勝利		9	8.0	9	26.1	7.0	3	田口貫太	54.0	芝1200		稍	**	1:11.3	0.7	**	6-6	33.9-36.7	36.9	480(-10)			ベルビースタローン	140.0	202410030602
2022105108	2024-10-05	4新潟1	晴	6.0	2歳未勝利		12	8.0	11	4.5	3.0	2	斎藤新	56.0	芝1600		良	**	1:35.2	0.5	**	3-3	35.8-33.9	34.3	492(+12)			ネーブルオレンジ	220.0	202404040106
2022105108	2024-10-26	5京都7	曇	3.0	2歳未勝利		12	5.0	6	3.2	2.0	2	Ｃ．デム	56.0	芝1600		良	**	1:34.5	0.2	**	1-1	34.5-35.1	35.3	488(-4)			アイサンサン	220.0	202408050703
2022105108	2024-12-08	7京都4	晴	3.0	2歳未勝利		10	6.0	6	1.1	1.0	1	ルメール	56.0	芝1600		良	**	1:34.9	-0.2	**	2-2	35.0-36.0	35.8	500(+12)			(セクシーマージュ)	550.0	202408070403
2022105108	2025-01-05	1中山1	曇	10.0	ジュニアC(L)		15	4.0	7	61.9	10.0	3	松岡正海	57.0	芝1600		良	**	1:34.0	0.5	**	2-3-4	35.6-34.4	34.7	496(-4)			ファンダム	504.6	202506010110
2022105108	2025-02-01	1京都1	曇	9.0	白梅賞(1勝クラス)		8	5.0	5	3.5	2.0	1	ルメート	57.0	芝1600		良	**	1:34.7	0.0	**	1-1	36.7-33.9	33.9	494(-2)			(マッドマックス)	1127.5	202508010109
2022105108	2025-04-05	2阪神3	晴	11.0	チャーチルダウンズC(GIII)		11	8.0	11	7.7	4.0	5	西村淳也	57.0	芝1600		良	**	1:32.7	0.5	**	2-2	34.4-34.2	34.6	498(+4)			ランスオブカオス	410.0	202509020311
2022105108	2025-05-11	2京都6	曇	10.0	橘S(L)		11	1.0	1	3.0	1.0	5	坂井瑠星	57.0	芝1400		良	**	1:22.1	0.3	**	3-2	36.0-34.1	34.4	492(-6)			ムイ	200.0	202508020610
2022105108	2025-08-23	4中京1	晴	10.0	有松特別(2勝クラス)		13	5.0	7	3.9	2.0	1	吉村誠之	55.0	芝1600		良	**	1:33.5	-0.1	**	2-1-1	36.1-33.9	33.9	498(+6)			(テラメリタ)	1579.4	202507040110
2022105108	2025-09-14	4阪神4	曇	10.0	仲秋S(3勝クラス)		11	4.0	4	4.9	3.0	7	モレイラ	56.0	芝1600		良	**	1:32.9	0.7	**	4-4	35.6-33.4	33.9	494(-4)			ラヴァンダ		202509040410
2022105108	2025-11-29	4京都7	晴	10.0	東山S(3勝クラス)		12	6.0	8	2.9	1.0	2	Ｃ．デム	56.0	芝1400		良	**	1:22.4	0.1	**	3-2	36.4-33.7	33.6	502(+8)			ヤブサメ	747.4	202508040710
2022105108	2025-12-21	5阪神6	小雨	12.0	六甲アイランドS(3勝クラス)		14	3.0	3	10.3	5.0	5	西村淳也	57.0	芝1400		重	**	1:21.8	0.2	**	4-5	35.5-34.5	34.4	502(0)			ディアナザール	184.0	202509050612
2022105109	2024-09-22	3中京7	小雨	5.0	2歳新馬		11	1.0	1	2.3	1.0	2	川田将雅	55.0	芝2000		良	**	2:04.6	0.3	**	4-5-5-5	39.4-34.2	33.9	478(0)			サトノシャイニング	290.0	202407030705
2022105109	2024-10-19	4東京5	晴	3.0	2歳未勝利		7	2.0	2	2.4	2.0	4	川田将雅	56.0	芝2000		良	**	1:59.8	1.1	**	2-2-2	35.3-34.7	35.6	468(-10)			リトルジャイアンツ	83.0	202405040503
2022105109	2025-01-06	1中京2	曇	5.0	3歳未勝利		18	6.0	11	4.6	2.0	1	武豊	57.0	芝2000		良	**	2:02.9	-0.2	**	1-1-1-1	37.2-35.2	35.2	488(+20)			(メイショウキンタイ)	560.0	202507010205
2022105109	2025-01-25	1中京8	晴	9.0	若駒S(L)		10	2.0	2	6.1	3.0	3	岩田康誠	57.0	芝2000		良	**	2:02.5	0.2	**	7-7-9-8	37.5-35.5	34.8	484(-4)			ジュタ	503.1	202507010809
2022105109	2025-03-01	1阪神1	晴	9.0	すみれS(L)		8	6.0	6	5.2	4.0	2	藤岡佑介	57.0	芝2200		良	**	2:11.2	0.2	**	2-2-2-2	34.8-35.1	35.0	486(+2)			ジーティーアダマン	805.8	202509010109
2022105109	2025-08-10	1札幌6	曇	9.0	3歳以上1勝クラス		9	7.0	7	1.4	1.0	1	藤岡佑介	55.0	芝2000		良	**	2:01.0	-0.1	**	9-9-9-6	36.2-34.9	34.1	492(+6)			(ヨヒーン)	800.0	202501010609
2022105109	2025-08-30	2札幌3	曇	11.0	札幌日刊スポーツ杯(2勝クラス)		14	6.0	10	2.3	1.0	1	丹内祐次	55.0	芝2000		稍	**	2:03.5	-0.4	**	9-9-5-3	37.3-36.7	36.2	486(-6)			(ショウナンサムデイ)	1582.2	202501020311
2022105109	2025-10-26	3京都9	小雨	11.0	菊花賞(GI)		18	3.0	6	15.2	8.0	6	藤岡佑介	57.0	芝3000		稍	**	3:04.5	0.5	**	18-18-17-14	36.4-35.3	35.1	492(+6)			エネルジコ		202508030911
2022105160	2025-02-22	1東京7	晴	4.0	3歳新馬		16	8.0	16	1.8	1.0	1	原優介	56.0	ダ1600		良	**	1:40.5	-0.2	**	5-5	36.6-37.4	36.8	468(0)			(オンザスクエア)	620.0	202505010704
2022105160	2025-06-21	3東京5	晴	12.0	3歳以上1勝クラス		16	6.0	11	4.3	2.0	3	大野拓弥	55.0	ダ1600		良	**	1:36.9	0.3	**	8-8	34.7-37.0	36.1	470(+2)			チザルピーノ	200.0	202505030512
2022105160	2025-07-12	2福島5	曇	12.0	3歳以上1勝クラス		15	4.0	6	3.0	1.0	11	大野拓弥	55.0	ダ1700		良	**	1:47.9	1.7	**	8-10-10-8	30.2-38.2	39.0	468(-2)			プライベートアイズ		202503020512
2022105160	2025-10-18	4東京6	晴	6.0	3歳以上1勝クラス		15	2.0	3	8.5	3.0	4	原優介	56.0	ダ1600		良	**	1:37.8	0.6	**	7-5	35.0-37.8	37.9	472(+4)			ヘリオトロープ	120.0	202505040606
2022105160	2025-11-16	5東京4	晴	6.0	3歳以上1勝クラス		16	1.0	1	3.8	2.0	3	プーシャ	57.0	ダ1600		良	**	1:37.7	0.4	**	5-3	35.2-37.6	37.7	470(-2)			エーデル	160.0	202505050406
2022105194	2024-06-16	4京都6	晴	5.0	2歳新馬		10	3.0	3	1.7	1.0	2	川田将雅	55.0	芝1600		良	**	1:36.6	0.1	**	2-2	37.0-34.1	34.2	462(0)			トータルクラリティ	290.0	202408040605
2022105194	2024-09-08	3中京2	晴	3.0	2歳未勝利		7	7.0	7	1.2	1.0	3	西村淳也	55.0	芝1600		良	**	1:34.6	0.1	**	6-6-4	34.5-35.9	35.6	462(0)			マイネルチケット	140.0	202407030203
2022105194	2024-12-01	4中京2	晴	4.0	2歳未勝利		15	3.0	5	1.7	1.0	3	川田将雅	56.0	芝1600		良	**	1:35.4	0.5	**	3-5-5	36.0-34.4	34.3	474(+12)			ラージギャラリー	140.0	202407040204
2022105194	2025-06-08	3阪神2	曇	7.0	3歳未勝利		18	1.0	1	3.4	1.0	3	藤岡佑介	57.0	芝1600		良	**	1:34.2	0.2	**	1-1	34.6-35.3	35.5	470(-4)			ロールザダイス	140.0	202509030207
2022105194	2025-06-28	2小倉1	晴	4.0	3歳未勝利		16	8.0	15	2.5	1.0	1	川田将雅	57.0	芝1800		良	**	1:47.2	-0.2	**	7-5-2-1	35.1-36.7	36.6	462(-8)			(ジーティームッシュ)	560.0	202510020104
2022105194	2025-10-12	3京都4	曇	12.0	3歳以上1勝クラス		18	7.0	15	4.7	1.0	4	川田将雅	56.0	芝1600		良	**	1:32.9	0.2	**	3-3	34.4-34.3	34.0	476(+14)			ワンモアスマイル	120.0	202508030412
2022105217	2024-12-07	5中山3	晴	6.0	2歳新馬		12	7.0	10	13.2	5.0	5	大野拓弥	55.0	ダ1800		良	**	1:57.4	0.5	**	4-5-6-5	37.9-40.5	40.5	462(0)			タマモカンパネラ	72.0	202406050306
2022105217	2025-01-13	1中山5	晴	3.0	3歳未勝利		16	4.0	8	9.5	6.0	3	横山武史	55.0	ダ1800		良	**	1:57.3	1.5	**	2-2-2-2	37.1-40.1	41.5	460(-2)			キョウエイタイコ	140.0	202506010503
2022105217	2025-03-02	2中山2	晴	4.0	3歳未勝利		16	4.0	8	9.0	4.0	5	横山武史	55.0	ダ1800		良	**	1:57.1	1.2	**	3-4-5-6	37.6-39.4	39.9	452(-8)			シャンハイナイト	56.0	202506020204
2022105217	2025-07-19	2福島7	晴	2.0	3歳未勝利		15	3.0	5	5.3	3.0	1	田辺裕信	55.0	ダ1700		良	**	1:47.1	0.0	**	7-5-2-2	30.1-39.1	39.1	464(+12)			(プロメテドール)	560.0	202503020702
2022105217	2025-10-19	4新潟2	曇	6.0	3歳以上1勝クラス		15	1.0	1	71.4	13.0	15	小沢大仁	54.0	ダ1800		重	**	1:59.9	7.2	**	4-3-11-14	36.2-38.0	43.7	466(+2)			ケーヴァラ		202504040206
2022105267	2024-12-01	7京都2	晴	5.0	2歳新馬		9	8.0	9	17.8	5.0	7	団野大成	55.0	芝1400		良	**	1:23.6	1.1	**	3-3	36.0-34.4	35.3	450(0)			ランスオブカオス		202408070205
2022105267	2025-02-23	1小倉10	晴	2.0	3歳未勝利		18	7.0	13	41.9	9.0	4	和田竜二	55.0	芝1200		良	**	1:08.8	0.2	**	10-10	33.5-35.1	34.2	444(-6)			ペガサスノース	84.0	202510011002
2022105267	2025-03-15	1阪神5	曇	4.0	3歳未勝利		18	1.0	2	7.6	3.0	14	和田竜二	55.0	芝1400		良	**	1:22.8	1.1	**	5-7	34.3-35.3	35.9	440(-4)			デアリングエア		202509010504
2022105267	2025-05-03	1新潟1	晴	5.0	3歳未勝利		16	1.0	1	12.4	5.0	5	和田陽希	52.0	芝1400		良	**	1:23.2	0.7	**	11-10	34.1-36.5	36.3	434(-6)			マーゴットカーラ	56.0	202504010105
2022105267	2025-05-24	2京都9	小雨	3.0	3歳未勝利		17	8.0	18	42.7	11.0	12	和田陽希	52.0	芝1400		良	**	1:21.9	0.9	**	11-9	33.9-35.3	35.5	442(+8)			セクシーマージュ		202508020903
2022105267	2025-07-13	2小倉6	曇	2.0	3歳未勝利		18	7.0	14	6.4	2.0	7	和田竜二	55.0	芝1200		良	**	1:09.5	0.7	**	9-10	33.4-35.4	35.4	448(+6)			ノボリリア		202510020602
2022105267	2025-08-16	1札幌7	晴	2.0	3歳未勝利		14	8.0	14	16.4	7.0	1	小林美駒	52.0	ダ1700		良	**	1:46.3	-0.3	**	8-7-5-2	29.9-38.8	38.3	452(+4)			(カスバートテソーロ)	560.0	202501010702
2022105267	2025-08-31	2札幌4	曇	8.0	3歳以上1勝クラス		13	6.0	8	3.9	2.0	2	小林美駒	50.0	ダ1700		稍	**	1:45.2	0.1	**	4-4-4-2	29.3-38.7	37.6	460(+8)			タイヨウフレア	320.0	202501020408
2022105267	2025-11-16	3福島4	晴	2.0	3歳以上1勝クラス		15	3.0	4	5.8	3.0	3	松若風馬	54.0	ダ1700		良	**	1:46.7	0.5	**	9-7-4-4	29.4-38.9	38.9	450(-10)			シェリルファミーユ	200.0	202503030402
2022105267	2025-12-13	5中京3	曇	6.0	3歳以上1勝クラス		16	8.0	16	7.6	3.0	13	永島まな	53.0	ダ1800		良	**	1:55.6	1.8	**	5-5-5-5	37.3-37.5	38.8	450(0)			カロローザ		202507050306
2022105345	2024-08-17	2中京3	晴	5.0	2歳新馬		18	6.0	11	217.6	15.0	5	角田大和	54.0	芝1400		良	**	1:22.9	0.9	**	15-14	34.8-35.3	34.5	434(0)			ラヴェンデル	72.0	202407020305
2022105345	2024-08-31	2中京7	小雨	2.0	2歳未勝利		8	4.0	4	14.9	4.0	4	角田大和	54.0	芝1400		重	**	1:24.0	1.1	**	3-2	35.1-35.7	36.6	430(-4)			カロローザ	83.0	202407020702
2022105345	2024-09-22	3中京7	曇	3.0	2歳未勝利		18	6.0	12	46.9	12.0	8	角田大和	55.0	芝1400		良	**	1:23.4	1.5	**	14-14	33.8-36.7	36.2	428(-2)			キャッスルレイク		202407030703
2022105345	2025-01-11	1中京3	晴	12.0	3歳未勝利		16	3.0	5	122.0	14.0	6	高杉吏麒	55.0	芝1600		良	**	1:37.0	0.9	**	5-8-8	35.3-36.2	36.5	452(+24)			マッドマックス		202507010312
2022105345	2025-02-02	1京都2	曇	6.0	3歳未勝利		11	4.0	4	25.6	8.0	1	幸英明	57.0	芝1600		稍	**	1:35.7	-0.2	**	3-4	34.6-36.6	36.4	448(-4)			(プチプランス)	560.0	202508010206
2022105345	2025-02-15	1京都5	晴	9.0	こぶし賞(1勝クラス)		6	2.0	2	17.6	6.0	6	幸英明	57.0	芝1600		良	**	1:35.7	0.4	**	3-3	35.8-35.2	35.1	446(-2)			マテンロウバローズ		202508010509
2022105345	2025-06-15	1函館2	曇	9.0	八雲特別(1勝クラス)		13	5.0	6	113.4	12.0	9	黛弘人	55.0	芝1800		良	**	1:47.6	1.0	**	5-2-8-7	35.8-35.4	36.0	440(-6)			マルカオペラ		202502010209
2022105345	2025-07-05	1函館7	晴	9.0	恵山特別(1勝クラス)		8	5.0	5	31.2	6.0	4	黛弘人	55.0	芝1800		稍	**	1:49.4	0.8	**	4-4-4-5	35.0-37.0	37.3	448(+8)			ウォータークラーク	170.0	202502010709
2022105345	2025-07-19	1函館11	晴	9.0	湯浜特別(1勝クラス)		14	1.0	1	19.1	4.0	3	武豊	55.0	芝1800		良	**	1:47.3	0.9	**	4-4-4-3	35.8-34.1	34.7	446(-2)			サクラファレル	284.7	202502011109
2022105345	2025-08-02	1札幌3	晴	7.0	3歳以上1勝クラス		10	8.0	10	8.0	3.0	2	武豊	55.0	芝1800		良	**	1:46.7	0.1	**	6-6-6-6	36.1-34.9	34.5	442(-4)			ハートメテオ	320.0	202501010307
2022105345	2025-08-24	2札幌2	晴	9.0	ルスツ特別(1勝クラス)		13	6.0	8	3.1	1.0	2	武豊	55.0	芝2000		良	**	2:02.0	0.7	**	5-5-5-3	36.3-36.3	36.4	448(+6)			コスモアバンサ	450.6	202501020209
2022105347	2025-01-05	1中山1	晴	3.0	3歳新馬		16	7.0	13	6.2	3.0	5	吉田豊	57.0	ダ1800		良	**	1:58.6	1.7	**	10-10-6-5	39.3-38.6	39.8	472(0)			タマモトリノ	62.0	202506010103
2022105347	2025-02-02	1東京2	雨	3.0	3歳未勝利		16	1.0	1	34.2	10.0	11	吉田豊	57.0	ダ1600		稍	**	1:40.4	2.8	**	3-3	35.0-36.9	39.3	472(0)			ルヴァレドクール		202505010203
2022105347	2025-03-02	2中山2	晴	2.0	3歳未勝利		16	8.0	16	20.4	6.0	12	吉田豊	57.0	ダ1800		良	**	1:59.2	3.7	**	5-5-4-8	36.7-39.8	42.7	468(-4)			アイオリア		202506020202
2022105347	2025-10-19	4新潟2	曇	12.0	3歳以上1勝クラス		14	6.0	9	265.3	14.0	13	石田拓郎	54.0	ダ1200		稍	**	1:13.8	2.8	**	12-13	35.0-36.0	37.7	474(+6)			スノーサイレンス		202504040212
2022105439	2024-12-28	5中山9	晴	5.0	2歳新馬		18	8.0	17	4.5	3.0	2	武豊	56.0	芝2000		良	**	2:04.2	0.4	**	4-5-4-5	37.0-35.5	35.4	488(0)			ブラックジェダイト	290.0	
2022105439	2025-01-18	1中京6	晴	2.0	3歳未勝利		11	2.0	2	2.6	2.0	1	武豊	57.0	ダ1800		良	**	1:53.0	-1.5	**	7-7-1-2	36.7-37.8	37.8	486(-2)			(タケルハーロック)	560.0	202406050905
2022105439	2025-02-23	1東京8	晴	9.0	ヒヤシンスS(L)		10	5.0	5	8.6	4.0	5	Ｍ．デム	57.0	ダ1600		良	**	1:38.5	0.9	**	9-7	35.9-35.6	35.9	494(+8)			ルクソールカフェ	190.0	202507010602
2022105439	2025-04-05	メイダン			UAEダービー(GII)		9		3		7.0	6	武豊	57.0	ダ1900		良								計不					202505010809
2022105439	2025-06-01	2東京12	晴	5.0	3歳1勝クラス		11	7.0	9	2.2	1.0	6	武豊	57.0	ダ1400		重	**	1:23.5	0.5	**	7-7	35.5-35.3	35.0	496(0)			トリリオンボーイ		202505021205
2022105439	2025-10-04	3京都1	曇	6.0	3歳以上1勝クラス		16	4.0	8	4.5	2.0	8	武豊	56.0	ダ1400		不	**	1:23.7	1.2	**	16-16	33.6-37.3	35.5	504(+8)			サンダーロード		202508030106
2022105439	2025-10-11	3京都3	曇	9.0	3歳以上1勝クラス		12	7.0	9	2.2	1.0	3	武豊	56.0	ダ1800		良	**	1:52.3	0.3	**	3-3-3-3	37.1-37.1	37.0	496(-8)			スマートカイロス	200.0	202508030309
2022105439	2026-01-17	1京都6	晴	8.0	4歳以上1勝クラス		8	2.0	2	2.2	1.0	2	武豊	57.0	ダ1800		良	**	1:53.0	0.2	**	1-1-1-1	36.7-37.0	37.2	500(+4)			ロカヒ	330.0	202608010608
2022105467	2024-08-24	3新潟5	晴	5.0	2歳新馬		12	2.0	2	6.3	2.0	1	田辺裕信	55.0	芝1600		良	**	1:37.3	0.0	**	9-8	37.5-35.1	33.8	484(0)			(エルムラント)	720.0	202404030505
2022105467	2024-10-26	4東京7	曇	11.0	アルテミスS(GIII)		11	6.0	6	57.9	8.0	7	田辺裕信	55.0	芝1600		良	**	1:34.3	0.5	**	8-8	35.1-33.6	33.4	500(+16)			ブラウンラチェット		202405040711
2022105467	2024-11-17	5東京6	晴	8.0	赤松賞(1勝クラス)		7	5.0	5	5.2	3.0	1	田辺裕信	55.0	芝1600		良	**	1:33.9	-0.1	**	4-3	36.2-34.0	33.8	494(-6)			(レイユール)	1087.5	202405050608
2022105467	2025-02-15	1東京5	晴	11.0	デイリー杯クイーンC(GIII)		14	4.0	6	23.4	8.0	2	田辺裕信	55.0	芝1600		良	**	1:32.6	0.4	**	7-4	34.2-35.0	34.8	494(0)			エンブロイダリー	1514.0	202505010511
2022105467	2025-04-13	2阪神6	雨	11.0	桜花賞(GI)		18	2.0	3	35.8	9.0	4	田辺裕信	55.0	芝1600		稍	**	1:34.0	0.9	**	12-12	34.5-34.5	34.7	486(-8)			エンブロイダリー	2100.0	202509020611
2022105467	2025-05-11	2東京6	晴	11.0	NHKマイルC(GI)		18	6.0	12	10.1	5.0	7	田辺裕信	55.0	芝1600		良	**	1:32.2	0.5	**	12-12	33.4-35.3	34.6	482(-4)			パンジャタワー		202505020611
2022105467	2025-08-17	3中京8	晴	7.0	中京記念(GIII)		12	1.0	1	8.7	5.0	1	横山武史	52.0	芝1600		良	**	1:32.3	-0.1	**	2-2-2	35.4-33.9	33.6	488(+6)			(シンフォーエバー)	4142.7	202507030807
2022105467	2025-10-19	3京都7	曇	11.0	秋華賞(GI)		18	5.0	9	28.1	10.0	10	横山武史	55.0	芝2000		良	**	1:59.2	0.9	**	11-10-9-10	35.6-35.3	35.3	488(0)			エンブロイダリー		202508030711
2022105467	2025-11-29	5東京7	晴	11.0	キャピタルS(L)		18	3.0	5	7.5	5.0	9	横山武史	55.0	芝1600		良	**	1:32.5	0.6	**	4-3	34.3-34.7	34.6	494(+6)			ミッキーゴージャス		202505050711
2022105499	2024-08-04	2新潟4	晴	2.0	2歳新馬		14	3.0	3	96.8	11.0	5	吉田豊	55.0	芝1600		良	**	1:36.6	0.6	**	3-3	36.8-33.6	34.0	412(0)			ダンツエラン	72.0	202404020402
2022105499	2024-09-28	4中山8	曇	2.0	2歳未勝利		13	4.0	5	17.5	6.0	4	吉田豊	55.0	芝1200		良	**	1:09.6	0.2	**	4-5	34.2-35.2	35.1	426(+14)			ラトルシェ	83.0	202406040802
2022105499	2024-10-20	4東京6	晴	2.0	2歳未勝利		10	8.0	9	4.9	2.0	3	吉田豊	55.0	芝1600		良	**	1:36.3	0.3	**	2-2	37.1-34.9	35.1	428(+2)			カリーン	140.0	202405040602
2022105499	2024-11-10	5東京4	曇	3.0	2歳未勝利		11	8.0	10	5.4	4.0	2	Ｍ．デム	55.0	芝1400		良	**	1:22.6	0.3	**	6-4	35.3-34.9	34.8	420(-8)			ラブリーガール	220.0	202405050403
2022105499	2024-12-21	5中山7	晴	3.0	2歳未勝利		16	8.0	16	14.3	5.0	3	吉田豊	55.0	芝1600		良	**	1:34.9	0.4	**	7-8-8	34.8-36.0	35.4	420(0)			コムユンプリュム	140.0	202406050703
2022105499	2025-01-11	1中山3	晴	7.0	3歳未勝利		16	5.0	9	6.0	5.0	6	吉田豊	55.0	芝1600		良	**	1:34.7	0.3	**	7-8-8	34.6-36.3	35.8	420(0)			ニシノヒナアラレ		202506010307
2022105499	2025-04-13	3中山6	雨	5.0	3歳未勝利		16	6.0	11	5.5	3.0	12	吉田豊	55.0	芝1600		良	**	1:35.9	1.0	**	5-7-7	34.9-35.9	36.3	420(0)			ドルビナ		202506030605
2022105499	2025-08-09	2新潟5	晴	12.0	3歳未勝利		18	3.0	6	9.5	5.0	10	吉田豊	55.0	芝1400		良	**	1:22.1	0.8	**	6-8	34.0-35.6	35.8	422(+2)			サウンドリアン		202504020512
2022105499	2025-08-30	3新潟3	晴	6.0	3歳未勝利		18	4.0	8	63.4	11.0	8	吉田豊	55.0	芝1800		良	**	1:48.3	0.8	**	7-8	35.5-34.9	35.1	422(0)			キョウエイグッド		202504030306
2022105499	2025-10-05	4東京2	曇	8.0	3歳以上1勝クラス		14	4.0	6	128.6	12.0	13	木幡巧也	54.0	芝1800		良	**	1:47.3	1.6	**	4-4-4	35.7-33.8	35.0	432(+10)			ジャサルディア		202505040208
2022105499	2025-10-19	4東京7	曇	7.0	3歳以上1勝クラス		13	5.0	6	310.6	12.0	11	吉田豊	54.0	芝1800		良	**	1:47.4	1.5	**	10-9-9	34.8-34.0	34.1	434(+2)			ミッキーソルジャー		202505040707
2022105499	2025-10-26	4東京9	曇	7.0	3歳以上1勝クラス		13	7.0	10	139.3	12.0	13	遠藤汰月	51.0	ダ1600		不	**	1:39.2	2.8	**	2-2	36.0-36.0	38.7	432(-2)			スカイビート		202505040907
2022105516	2024-10-27	4東京8	晴	4.0	2歳新馬		16	5.0	10	24.7	6.0	5	松山弘平	55.0	ダ1600		良	**	1:40.9	2.0	**	5-6	36.4-37.3	38.3	450(0)			タガノバビロン	72.0	202405040804
2022105516	2024-11-16	5東京5	曇	1.0	2歳未勝利		16	1.0	1	35.5	9.0	9	松山弘平	55.0	ダ1600		良	**	1:40.5	1.4	**	4-3	35.4-37.6	38.7	450(0)			スクレイピング		202405050501
2022105516	2025-02-01	1東京1	晴	3.0	3歳未勝利		16	7.0	14	15.8	7.0	4	キング	55.0	ダ1600		良	**	1:40.2	0.5	**	7-7	34.9-38.6	38.7	448(-2)			ユーディキウム	84.0	202505010103
2022105516	2025-02-22	1東京7	晴	1.0	3歳未勝利		16	3.0	5	12.0	3.0	3	横山武史	55.0	ダ1400		良	**	1:27.9	1.0	**	1-1	37.8-36.1	37.1	448(0)			フィザルモニカ	140.0	202505010701
2022105516	2025-04-19	1福島3	晴	4.0	3歳未勝利		15	4.0	6	10.4	5.0	12	佐々木大	55.0	ダ1700		良	**	1:49.6	2.3	**	5-5-5-5	30.0-39.2	40.9	444(-4)			ルージュミラージュ		202503010304
2022105516	2025-05-25	2東京10	曇	1.0	3歳未勝利		16	7.0	14	19.6	6.0	13	横山武史	55.0	ダ1400		不	**	1:26.3	1.8	**	10-13	34.9-37.4	37.8	452(+8)			ホシニネガイヲ		202505021001
2022105516	2025-06-21	3東京5	晴	1.0	3歳未勝利		16	5.0	10	41.1	9.0	1	小沢大仁	55.0	ダ1600		良	**	1:37.8	-0.4	**	1-1	35.0-38.4	38.4	448(-4)			(センジュコスモス)	560.0	202505030501
2022105516	2025-08-09	2新潟5	晴	9.0	3歳以上1勝クラス		14	7.0	12	8.4	3.0	13	津村明秀	53.0	ダ1800		良	**	1:56.4	3.3	**	3-3-3-5	36.7-38.6	41.7	446(-2)			コンアフェット		202504020509
2022105516	2025-10-11	4東京3	雨	8.0	3歳以上1勝クラス		16	5.0	9	59.1	10.0	15	三浦皇成	54.0	ダ1600		稍	**	1:42.1	4.4	**	3-4	34.6-38.1	42.0	458(+12)			パイシャオピン		202505040308
2022105516	2025-10-25	4東京8	雨	7.0	3歳以上1勝クラス		16	6.0	12	179.0	14.0	10	原優介	54.0	ダ1400		稍	**	1:25.1	2.4	**	16-16	35.3-35.6	35.7	458(0)			メリディアンスター		202505040807
2022105516	2025-11-15	5東京3	晴	7.0	3歳以上1勝クラス		16	8.0	16	199.6	12.0	10	菅原明良	55.0	ダ1400		良	**	1:26.3	1.6	**	10-11	36.1-36.8	36.5	456(-2)			エリカマユーリ		202505050307
2022105556	2024-06-30	2福島2	曇	5.0	2歳新馬		16	6.0	11	10.1	5.0	10	津村明秀	55.0	芝1800		良	**	1:51.3	1.4	**	14-16-15-14	37.1-35.3	35.1	482(0)			デルアヴァー		202403020205
2022105556	2024-08-04	1札幌6	曇	1.0	2歳未勝利		14	4.0	6	9.0	2.0	2	丹内祐次	55.0	ダ1700		稍	**	1:48.3	0.8	**	13-14-13-7	30.1-39.4	37.8	480(-2)			ベルベルコンパス	220.0	202401010601
2022105556	2024-08-17	2札幌3	曇	2.0	2歳未勝利		14	1.0	1	3.4	2.0	3	横山武史	55.0	ダ1700		良	**	1:48.4	0.4	**	13-13-4-3	30.5-37.8	38.0	476(-4)			ルージュマローネ	140.0	202401020302
2022105556	2025-02-09	1東京4	晴	2.0	3歳未勝利		16	2.0	3	5.4	3.0	7	横山武史	57.0	ダ2100		良	**	2:16.8	2.4	**	1-1-1-1	31.1-39.4	41.8	486(+10)			マウントバーノン		202505010402
2022105556	2025-03-08	2中山3	曇	2.0	3歳未勝利		16	2.0	3	7.2	4.0	2	横山武史	57.0	ダ1800		重	**	1:55.6	0.1	**	1-1-2-1	38.5-39.3	39.4	484(-2)			ハルノアラシ	220.0	202506020302
2022105556	2025-05-04	1新潟2	晴	3.0	3歳未勝利		15	4.0	7	3.2	1.0	2	武藤雅	57.0	ダ1800		稍	**	1:55.2	0.3	**	2-2-2-2	37.3-39.5	39.8	490(+6)			ショウサンジョージ	220.0	202504010203
2022105556	2025-05-25	2東京10	曇	2.0	3歳未勝利		16	6.0	11	4.2	2.0	7	横山武史	57.0	ダ1600		不	**	1:37.2	0.9	**	3-3	34.8-36.3	36.9	490(0)			デルマムーン		202505021002
2022105556	2025-06-29	2福島2	晴	3.0	3歳未勝利		15	6.0	11	2.2	1.0	1	田辺裕信	57.0	ダ1700		良	**	1:45.9	-0.7	**	3-3-1-2	30.4-36.8	36.8	484(-6)			(キタノマーシャル)	560.0	202503020203
2022105556	2025-09-07	4中山2	晴	8.0	3歳以上1勝クラス		15	2.0	2	3.9	2.0	6	津村明秀	55.0	ダ1800		良	**	1:54.6	1.5	**	7-8-12-12	36.4-38.9	39.1	484(0)			ロンパイア		202506040208
2022105556	2025-09-28	4中山9	晴	6.0	3歳以上1勝クラス		16	6.0	11	4.3	1.0	7	丹内祐次	55.0	ダ1800		良	**	1:55.3	1.0	**	6-5-3-2	37.9-37.9	38.7	488(+4)			フジレイメイ		202506040906
2022105556	2025-11-24	3福島6	晴	3.0	3歳以上1勝クラス		15	7.0	12	6.9	4.0	9	高杉吏麒	56.0	ダ1700		良	**	1:48.2	1.3	**	11-12-5-5	30.5-38.4	39.5	490(+2)			マナエトレ		202503030603
2022105580	2025-05-10	2京都5	曇	5.0	3歳未勝利		15	5.0	9	3.1	2.0	1	和田竜二	57.0	芝1800		稍	**	1:48.0	-0.3	**	9-9	34.3-36.2	35.4	470(0)			(マテンロウギフト)	560.0	202508020505
2022105580	2025-06-01	2京都12	晴	11.0	白百合S(L)		11	7.0	8	5.4	3.0	1	和田竜二	57.0	芝1800		良	**	1:45.3	0.0	**	7-7	34.0-35.4	34.5	468(-2)			(センツブラッド)	2024.5	202508021211
2022105580	2025-09-21	4阪神7	曇	11.0	神戸新聞杯(GII)		10	1.0	1	13.9	4.0	5	和田竜二	57.0	芝2400		良	**	2:26.9	0.5	**	6-5-5-6	36.9-33.1	33.0	478(+10)			エリキング	540.0	202509040711
2022105580	2025-10-26	3京都9	小雨	11.0	菊花賞(GI)		18	2.0	3	41.9	11.0	12	和田竜二	57.0	芝3000		稍	**	3:05.5	1.5	**	6-6-8-8	36.4-35.3	36.3	474(-4)			エネルジコ		202508030911
2022105590	2024-06-22	3東京7	晴	5.0	2歳新馬		13	6.0	8	3.9	2.0	2	戸崎圭太	55.0	芝1800		稍	**	1:49.9	0.2	**	2-2-2	37.7-33.8	33.9	442(0)			モンドデラモーレ	290.0	202405030705
2022105590	2024-07-21	3小倉8	晴	1.0	2歳未勝利		9	7.0	7	1.2	1.0	1	松山弘平	55.0	芝1800		良	**	1:50.2	-0.5	**	8-8-3-2	36.7-36.4	36.0	440(-2)			(ベストファンタジー)	550.0	202410030801
2022105590	2024-09-21	3中京6	晴	8.0	野路菊S(OP)		5	3.0	3	5.3	3.0	3	武豊	55.0	芝2000		良	**	2:03.3	0.5	**	1-1-1-1	38.1-33.6	34.1	446(+6)			エリキング	401.8	202407030608
2022105590	2024-10-12	5京都3	晴	8.0	紫菊賞(1勝クラス)		6	5.0	5	2.3	2.0	2	松山弘平	56.0	芝1800		良	**	1:49.0	0.2	**	2-2	37.2-33.6	33.7	448(+2)			ビップデイジー	434.4	202408050308
2022105590	2024-12-07	7京都3	晴	9.0	エリカ賞(1勝クラス)		7	4.0	4	3.9	3.0	2	デットー	56.0	芝2000		良	**	2:01.3	0.7	**	5-4-3-3	36.1-34.2	34.6	456(+8)			ナグルファル	434.6	202408070309
2022105590	2025-02-16	1東京6	曇	11.0	共同通信杯(GIII)		9	3.0	3	26.2	7.0	9	横山武史	57.0	芝1800		良	**	1:48.1	2.1	**	3-2-2	36.4-34.2	36.2	460(+4)			マスカレードボール		202505010611
2022105590	2025-03-16	1阪神6	雨	6.0	3歳1勝クラス		9	2.0	2	2.3	1.0	2	高杉吏麒	56.0	芝1600		稍	**	1:34.8	0.1	**	8-6	35.7-35.2	34.6	462(+2)			ネーヴェフレスカ	320.0	202509010606
2022105590	2025-04-05	2阪神3	晴	11.0	チャーチルダウンズC(GIII)		11	7.0	9	18.5	6.0	8	岩田康誠	57.0	芝1600		良	**	1:33.1	0.9	**	10-9	34.4-34.2	34.4	452(-10)			ランスオブカオス		202509020311
2022105590	2025-06-29	2小倉2	晴	9.0	青島特別(1勝クラス)		8	1.0	1	2.5	1.0	2	高杉吏麒	55.0	芝1800		良	**	1:47.6	0.1	**	5-5-7-3	36.3-35.6	34.9	456(+4)			レディーミコノス	446.2	202510020209
2022105590	2025-10-12	3京都4	曇	12.0	3歳以上1勝クラス		18	8.0	17	8.3	5.0	1	坂井瑠星	56.0	芝1600		良	**	1:32.7	-0.1	**	5-5	34.4-34.3	33.5	454(-2)			(ミッキースターダム)	800.0	202508030412
2022105590	2025-11-02	4東京11	曇	9.0	国立特別(2勝クラス)		10	3.0	3	8.0	4.0	4	レーン	57.0	芝1600		良	**	1:33.5	0.4	**	3-3	36.3-33.1	33.2	452(-2)			エンペラーズソード	230.0	202505041109
2022105590	2026-01-10	1中山3	晴	10.0	初凪賞(2勝クラス)		16	5.0	9	4.9	3.0	11	荻野極	57.0	芝1600		良	**	1:35.1	1.3	**	15-13-9	35.4-34.7	34.9	460(+8)			マテンロウブラボー		202606010310
2022105710	2024-10-26	5京都7	曇	5.0	2歳新馬		13	6.0	8	13.1	5.0	5	団野大成	56.0	芝2000		良	**	2:02.5	0.3	**	3-6-4-5	37.3-34.8	34.8	492(0)			ミッキーゴールド	72.0	202408050705
2022105710	2024-11-17	6京都6	曇	2.0	2歳未勝利		12	2.0	2	1.9	1.0	3	団野大成	56.0	ダ1800		良	**	1:54.1	0.5	**	4-4-2-2	36.8-37.6	38.1	504(+12)			チュウジョウ	140.0	202408060602
2022105710	2025-03-08	1阪神3	曇	6.0	3歳未勝利		10	1.0	1	2.0	1.0	1	ルメール	57.0	芝2400		良	**	2:26.4	-0.5	**	2-2-2-2	36.8-34.4	34.4	502(-2)			(アスクデッドヒート)	560.0	202509010306
2022105710	2025-04-05	2阪神3	晴	9.0	アザレア賞(1勝クラス)		9	7.0	7	3.4	2.0	5	岩田望来	57.0	芝2400		良	**	2:25.6	0.8	**	1-2-1-1	35.3-36.0	36.8	504(+2)			ダノンシーマ	111.0	202509020309
2022105710	2025-11-01	4東京10	晴	12.0	3歳以上1勝クラス		15	8.0	14	7.6	3.0	6	プーシャ	56.0	芝1800		良	**	1:44.9	0.8	**	3-1-2	34.7-35.2	36.0	502(-2)			ベストミーエヴァー		202505041012
2022105710	2025-12-07	5中京2	晴	3.0	3歳以上1勝クラス		14	3.0	4	3.6	1.0	1	ルメール	57.0	ダ1800		良	**	1:53.4	-0.5	**	3-3-3-3	36.9-38.0	37.6	508(+6)			(グレイルクエスト)	800.0	202507050203
2022105791	2024-08-31	2中京7	雨	6.0	2歳新馬		16	1.0	1	21.3	8.0	6	亀田温心	55.0	ダ1400		不	**	1:28.1	1.1	**	12-11	36.5-38.3	36.8	488(0)			ハリーケーン		202407020706
2022105791	2024-09-16	3中京5	晴	2.0	2歳未勝利		10	8.0	10	3.2	2.0	2	亀田温心	55.0	ダ1800		稍	**	1:55.9	0.2	**	6-6-4-4	37.2-39.6	39.5	480(-8)			パワーストーン	220.0	202407030502
2022105791	2024-10-26	5京都7	曇	2.0	2歳未勝利		11	7.0	8	5.3	3.0	3	Ｃ．デム	56.0	ダ1800		良	**	1:55.1	0.6	**	8-7-5-4	37.2-38.3	38.4	480(0)			ジューンエオス	140.0	202408050702
2022105791	2024-11-23	6京都7	曇	2.0	2歳未勝利		14	4.0	5	3.4	2.0	1	Ｃ．デム	56.0	ダ1800		良	**	1:54.1	-0.7	**	6-5-3-2	37.4-37.6	37.3	478(-2)			(チュウワチーフ)	550.0	202408060702
2022105791	2025-02-09	1京都4	晴	4.0	3歳1勝クラス		10	7.0	7	17.5	4.0	2	団野大成	57.0	ダ1800		稍	**	1:54.0	0.5	**	7-7-5-3	36.7-37.8	37.6	480(+2)			グランドプラージュ	320.0	202508010404
2022105791	2025-03-15	2中京1	曇	6.0	3歳1勝クラス		13	1.0	1	4.0	1.0	1	亀田温心	57.0	ダ1800		良	**	1:52.9	-0.2	**	6-6-7-6	37.6-37.9	37.2	480(0)			(チュウワクリスエス)	800.0	202507020106
2022105791	2026-01-04	1京都1	曇	9.0	天ケ瀬特別(2勝クラス)		13	3.0	3	17.9	5.0	5	亀田温心	57.0	ダ1800		良	**	1:53.3	0.9	**	4-5-5-4	37.1-37.0	37.1	496(+16)			グランドプラージュ	158.0	202608010109
2022105887	2024-10-06	5京都2	晴	3.0	2歳新馬		16	1.0	1	26.9	9.0	14	菅原明良	56.0	ダ1800		良	**	2:00.9	4.4	**	13-13-12-11	37.8-37.5	40.6	494(0)			ステイクオール		202408050203
2022105887	2024-10-20	4新潟6	晴	2.0	2歳未勝利		9	1.0	1	97.5	8.0	7	長浜鴻緒	53.0	ダ1800		稍	**	1:59.0	6.0	**	3-4-7-7	35.8-37.9	42.9	490(-4)			タガノマカシヤ		202404040602
2022105887	2025-02-02	1小倉4	晴	6.0	3歳未勝利		13	8.0	12	93.8	12.0	13	松本大輝	56.0	芝1800		重	**	1:54.3	3.9	**	9-9-13-13	37.4-36.2	38.6	498(+8)			クモヒトツナイ		202510010406
2022105887	2025-04-26	2京都1	晴	1.0	3歳未勝利		16	4.0	7	443.6	15.0	6	中井裕二	57.0	ダ1400		良	**	1:25.6	1.1	**	9-8	34.7-37.6	37.7	488(-10)			アメリカンポリス		202508020101
2022105887	2025-06-22	3阪神6	曇	1.0	3歳未勝利		16	1.0	2	14.9	3.0	12	幸英明	57.0	ダ1400		良	**	1:28.3	2.6	**	1-1	34.4-38.9	41.5	484(-4)			リメンバーヒム		202509030601
2022105887	2025-07-12	2小倉5	晴	6.0	3歳未勝利		18	6.0	11	35.2	8.0	8	小沢大仁	57.0	芝1200		良	**	1:09.9	0.8	**	8-9	33.7-35.4	35.6	480(-4)			ピアストイヤーズ		202510020506
2022105887	2025-08-23	4中京1	曇	4.0	3歳未勝利		18	8.0	17	146.1	14.0	15	小沢大仁	57.0	芝1200		良	**	1:09.6	1.8	**	7-7	33.8-34.0	35.2	474(-6)			ヤマニンレセディ		202507040104
2022105887	2025-11-22	3福島5	晴	4.0	障害3歳以上未勝利		14	8.0	14	176.0	14.0	11	小野寺祐	58.0	障2770		良		3:12.4	10.9		8-8-10-10	103.1-0.0	13.9	488(+14)			マルベリーシチー		202503030504
2022105905	2024-11-17	5東京6	晴	4.0	2歳新馬		16	5.0	9	55.2	10.0	6	江田照男	56.0	ダ1600		良	**	1:41.0	1.6	**	7-5	36.1-36.9	38.0	492(0)			レイクストライプス		202405050604
2022105905	2024-12-08	4中京4	晴	2.0	2歳未勝利		16	4.0	7	27.8	8.0	3	江田照男	56.0	ダ1800		良	**	1:57.3	1.4	**	4-3-4-4	37.0-40.1	41.2	492(0)			タイセイレグノ	140.0	202407040402
2022105905	2024-12-28	5中山9	晴	2.0	2歳未勝利		16	6.0	11	82.4	9.0	8	江田照男	56.0	ダ1800		良	**	1:57.5	1.1	**	1-1-1-1	38.0-39.8	40.9	496(+4)			オストラヴァ		202406050902
2022105905	2025-03-02	2中山2	晴	3.0	3歳未勝利		16	5.0	10	8.6	4.0	7	江田照男	57.0	ダ1200		良	**	1:13.4	0.7	**	4-4	34.6-38.1	38.3	492(-4)			シュレン		202506020203
2022105905	2025-04-08	川崎	晴	7.0	エイプリルフラワー賞(3歳)		12	6.0	7	1.9	1.0	2	江田照男	56.0	ダ1400		稍	**	1:32.0	0.6	**	3-3-1-1	39.5-40.2	40.6	495(+3)			レインボーラッキー	100.0	202545040807
2022105905	2025-06-15	1函館2	晴	3.0	3歳未勝利		12	8.0	11	4.6	3.0	1	舟山瑠泉	54.0	ダ1000		良	**	0:58.6	0.0	**	1-1	34.9-35.6	35.6	496(+1)			(アスゴッド)	560.0	202502010203
2022105905	2025-06-28	1函館5	晴	8.0	3歳以上1勝クラス		12	5.0	5	5.2	2.0	9	舟山瑠泉	52.0	ダ1000		稍	**	0:59.5	1.0	**	2-2	34.0-35.9	36.8	500(+4)			サベージラヴ		202502010508
2022105905	2025-10-19	4新潟2	曇	12.0	3歳以上1勝クラス		14	3.0	3	45.1	10.0	12	江田照男	57.0	ダ1200		稍	**	1:13.1	2.1	**	4-4	35.0-36.0	37.7	500(0)			スノーサイレンス		202504040212
2022105905	2025-11-09	3福島2	小雨	12.0	3歳以上1勝クラス		16	2.0	4	33.5	8.0	15	江田照男	57.0	芝1200		良	**	1:11.1	2.0	**	5-7	33.8-35.3	36.9	490(-10)			バンディート		202503030212
2022105988	2024-09-21	3中京6	晴	5.0	2歳新馬		14	7.0	11	5.7	3.0	6	藤岡佑介	55.0	芝1600		良	**	1:36.4	0.5	**	4-5-5	36.0-34.7	34.6	432(0)			ザラタン		202407030605
2022105988	2025-03-02	1阪神2	小雨	5.0	3歳未勝利		18	1.0	1	23.7	9.0	4	菱田裕二	55.0	芝1800		良	**	1:46.6	0.4	**	12-11	34.7-35.2	34.8	440(+8)			エバーグルーヴ	84.0	202509010205
2022105988	2025-03-29	2阪神1	晴	5.0	3歳未勝利		15	1.0	1	3.9	2.0	7	藤岡佑介	55.0	芝2000		良	**	2:03.4	1.0	**	6-5-6-7	37.1-35.5	36.0	438(-2)			ディスパラール		202509020105
2022105988	2025-05-24	2京都9	小雨	4.0	3歳未勝利		18	6.0	11	6.7	3.0	4	藤岡佑介	55.0	芝1800		良	**	1:49.3	0.8	**	6-6	36.4-34.1	34.4	434(-4)			エーデルヴェーグ	84.0	202508020904
2022105988	2025-06-14	3阪神3	小雨	4.0	3歳未勝利		18	8.0	18	7.6	4.0	1	岩田望来	55.0	芝1600		稍	**	1:34.8	-0.1	**	8-7	35.4-35.2	34.6	434(0)			(リオンプライム)	560.0	202509030304
2022105988	2025-09-14	4阪神4	曇	7.0	3歳以上1勝クラス		14	8.0	13	11.1	3.0	5	岩田望来	54.0	芝1600		良	**	1:34.8	0.3	**	10-10	36.5-33.4	32.8	448(+14)			ロンドボス	80.0	202509040407
2022105988	2025-10-11	3京都3	曇	7.0	3歳以上1勝クラス		11	4.0	4	4.2	2.0	3	岩田望来	54.0	芝1800		良	**	1:44.7	0.1	**	4-4	34.8-34.7	34.5	446(-2)			アラベラ	200.0	202508030307
2022105988	2025-11-15	4京都3	晴	12.0	3歳以上1勝クラス		18	5.0	10	4.7	3.0	1	岩田望来	55.0	芝1600		良	**	1:33.3	-0.2	**	8-8	34.5-35.0	33.9	440(-6)			(サリュエ)	800.0	202508040312
2022105988	2025-12-07	5中京2	晴	10.0	志摩特別(2勝クラス)		13	7.0	10	3.8	2.0	7	岩田望来	53.0	芝1600		良	**	1:34.3	0.5	**	5-6-6	36.3-33.8	33.7	438(-2)			キングメーカー		202507050210
2022105996	2024-10-26	4東京7	曇	4.0	2歳新馬		13	8.0	13	14.5	6.0	4	津村明秀	55.0	芝1400		良	**	1:23.9	0.8	**	3-3	37.0-33.8	34.3	440(0)			ルージュラナキラ	110.0	202405040704
2022105996	2024-11-23	5東京7	晴	2.0	2歳未勝利		18	7.0	13	96.4	9.0	11	津村明秀	55.0	芝1400		良	**	1:23.0	0.8	**	3-3	34.8-35.2	35.7	440(0)			ソーダーンライト		202405050702
2022105996	2025-01-25	1中山8	小雨	1.0	3歳未勝利		16	5.0	10	36.5	7.0	6	北村宏司	55.0	ダ1200		良	**	1:13.8	1.7	**	3-3	34.0-38.1	39.6	442(+2)			テルユアワールド		202506010801
2022105996	2025-04-12	1福島1	曇	6.0	3歳未勝利		16	5.0	10	18.5	6.0	9	小林美駒	51.0	芝1200		良	**	1:09.7	1.3	**	2-2	33.2-35.2	36.4	426(-16)			カランダッシュ		202503010106
2022105996	2025-06-28	2福島1	晴	8.0	3歳未勝利		16	1.0	1	6.8	4.0	2	津村明秀	55.0	芝1200		良	**	1:09.0	0.1	**	1-1	33.1-35.8	35.9	428(+2)			バシレイア	220.0	202503020108
2022105996	2025-07-13	2福島6	晴	4.0	3歳未勝利		16	4.0	8	4.8	2.0	1	津村明秀	55.0	芝1200		良	**	1:10.7	-0.2	**	1-1	34.5-36.2	36.2	430(+2)			(ラウレア)	560.0	202503020604
2022105996	2025-09-21	4中山7	曇	8.0	3歳以上1勝クラス		16	2.0	3	14.0	7.0	6	遠藤汰月	51.0	芝1200		良	**	1:08.3	0.5	**	4-4	33.7-34.1	34.0	440(+10)			タマカヅラ		202506040708
2022105996	2025-11-16	3福島4	晴	7.0	3歳以上1勝クラス		16	2.0	3	12.7	7.0	4	舟山瑠泉	52.0	芝1200		良	**	1:09.2	0.2	**	1-1	33.5-35.5	35.7	440(0)			モーデン	120.0	202503030407
2022105996	2025-11-22	3福島5	晴	12.0	3歳以上1勝クラス		16	7.0	13	14.1	6.0	5	津村明秀	55.0	芝1200		良	**	1:09.4	0.3	**	3-3	34.3-34.8	34.6	440(0)			ガットネロ	80.0	202503030512
2022106016	2024-08-10	2札幌1	晴	5.0	2歳新馬		7	4.0	4	51.6	7.0	6	横山和生	55.0	芝1500		良	**	1:30.6	0.9	**	2-2-2	30.7-34.9	35.7	466(0)			クリノメイ		202401020105
2022106016	2024-08-31	2札幌7	曇	2.0	2歳未勝利		14	5.0	7	28.3	9.0	14	横山典弘	55.0	ダ1700		重	**	1:52.4	6.5	**	4-4-6-11	30.0-37.4	43.1	468(+2)			アローオブライト		202401020702
2022106016	2024-09-21	3中京6	晴	1.0	2歳未勝利		9	4.0	4	26.4	6.0	5	小崎綾也	55.0	ダ1400		良	**	1:26.7	1.5	**	1-1	34.4-38.3	39.8	456(-12)			フィドルファドル	55.0	202407030601
2022106016	2024-10-12	5京都3	晴	1.0	2歳未勝利		15	7.0	12	22.9	7.0	9	吉村誠之	52.0	ダ1200		良	**	1:15.3	1.9	**	10-11	36.1-37.3	37.9	456(0)			トゥインクルアップ		202408050301
2022106016	2025-01-05	1中京1	晴	2.0	3歳未勝利		16	5.0	10	90.3	14.0	5	小崎綾也	55.0	ダ1400		良	**	1:26.8	0.7	**	2-2	35.9-38.1	38.7	472(+16)			セルズパワー	56.0	202507010102
2022106016	2025-01-19	1中京7	曇	1.0	3歳未勝利		16	5.0	9	10.2	6.0	8	小崎綾也	55.0	ダ1200		良	**	1:14.7	2.0	**	12-13	35.4-37.3	38.0	468(-4)			アオイレーギーナ		202507010701
2022106016	2025-02-09	1京都4	晴	1.0	3歳未勝利		13	1.0	1	29.4	7.0	4	国分優作	55.0	ダ1200		稍	**	1:14.8	1.3	**	1-1	37.0-36.5	37.8	468(0)			ウォーターパラディ	84.0	202508010401
2022106016	2025-05-18	2京都8	晴	3.0	3歳未勝利		16	6.0	11	52.7	11.0	2	国分優作	55.0	芝1200		稍	**	1:09.5	0.1	**	5-5	34.2-35.2	34.7	470(+2)			ブライティアブーケ	220.0	202508020803
2022106016	2025-06-07	3阪神1	曇	3.0	3歳未勝利		16	7.0	13	13.9	5.0	2	国分優作	55.0	芝1200		良	**	1:08.9	0.0	**	2-2	34.7-34.2	34.1	466(-4)			コウセキ	220.0	202509030103
2022106016	2025-07-06	2小倉4	晴	3.0	3歳未勝利		18	8.0	16	4.8	2.0	1	国分優作	55.0	芝1200		良	**	1:08.7	0.0	**	2-2	33.6-35.1	35.0	464(-2)			(ダノンプリマ)	560.0	202510020403
2022106016	2025-09-13	4阪神3	曇	9.0	3歳以上1勝クラス		18	2.0	4	23.8	6.0	17	国分優作	54.0	芝1400		良	**	1:22.3	2.0	**	2-2	33.7-35.2	37.1	474(+10)			ブルクトーア		202509040309
2022106016	2025-10-25	4新潟3	曇	9.0	稲光特別(1勝クラス)		18	5.0	10	11.4	6.0	15	国分優作	55.0	芝1000		良	**	0:56.1	1.1	**	12	33.4-32.3	32.6	474(0)			スペルキャスター		202504040309
2022106016	2025-11-24	3福島6	曇	8.0	3歳以上1勝クラス		16	4.0	7	44.2	11.0	9	川又賢治	55.0	芝1200		良	**	1:09.2	0.5	**	9-13	33.9-34.8	34.6	472(-2)			バンブルビー		202503030608
2022106065	2024-07-06	2福島3	曇	5.0	2歳新馬		14	8.0	13	45.3	11.0	12	丸田恭介	55.0	芝1800		良	**	1:53.9	1.8	**	12-12-11-13	37.7-35.4	36.2	416(0)			マーズオデッセイ		202403020305
2022106065	2024-07-20	2福島7	曇	2.0	2歳未勝利		16	2.0	3	107.8	11.0	5	丸田恭介	55.0	芝1800		良	**	1:50.5	0.5	**	11-11-12-8	35.9-36.4	36.2	420(+4)			ソルエパトリオット	55.0	202403020702
2022106065	2024-08-18	3新潟4	晴	2.0	2歳未勝利		10	3.0	3	81.4	6.0	3	丸田恭介	55.0	芝1800		良	**	1:49.3	1.1	**	3-3	36.8-33.9	34.7	418(-2)			シルバーレイン	140.0	202404030402
2022106065	2024-09-16	4中山5	曇	2.0	2歳未勝利		13	5.0	8	35.8	8.0	1	丸田恭介	55.0	芝1600		良	**	1:35.0	-0.1	**	3-3-3	36.2-35.4	35.2	424(+6)			(メルシーボクアスク)	550.0	202406040502
2022106065	2025-01-18	1中山6	晴	9.0	菜の花賞(1勝クラス)		16	4.0	8	147.4	12.0	7	丸田恭介	55.0	芝1600		良	**	1:34.1	0.9	**	14-13-12	34.9-34.7	34.5	422(-2)			コムユンプリュム		202506010609
2022106065	2025-03-01	2中山1	晴	7.0	3歳1勝クラス		9	1.0	1	14.6	5.0	6	丸田恭介	55.0	芝1800		良	**	1:47.9	0.8	**	8-8-8-8	35.8-35.8	35.0	432(+10)			ブラックルビー		202506020107
2022106065	2025-03-22	2中山7	晴	11.0	フラワーC(GIII)		16	7.0	13	343.0	16.0	9	松岡正海	55.0	芝1800		良	**	1:49.3	1.5	**	7-7-7-6	35.5-35.4	36.4	438(+6)			レーゼドラマ		202506020711
2022106065	2025-04-19	3中山7	晴	6.0	3歳1勝クラス		8	1.0	1	89.6	8.0	8	松岡正海	55.0	芝1800		良	**	1:47.4	1.4	**	6-6-5-8	35.7-33.4	34.2	438(0)			ノビリシマビジョン		202506030706
2022106065	2025-05-18	2東京8	曇	7.0	3歳1勝クラス		10	5.0	5	80.4	8.0	8	遠藤汰月	52.0	芝1600		良	**	1:34.7	1.5	**	9-9	35.4-34.6	34.8	434(-4)			ラブリージャブリー		202505020807
2022106065	2025-07-27	2新潟2	晴	12.0	3歳以上1勝クラス		16	3.0	5	100.1	14.0	3	遠藤汰月	50.0	芝1400		良	**	1:20.8	0.3	**	15-15	33.8-34.9	33.8	434(0)			ガーネットウインク	200.0	202504020212
2022106065	2025-08-10	2新潟6	雨	12.0	3歳以上1勝クラス		18	7.0	13	22.9	9.0	12	遠藤汰月	50.0	芝1400		重	**	1:24.7	0.7	**	14-13	35.2-36.4	35.8	440(+6)			クレオズニードル		202504020612
2022106065	2025-10-05	4東京2	晴	7.0	3歳以上1勝クラス		18	2.0	4	67.9	11.0	13	遠藤汰月	51.0	芝1400		良	**	1:21.1	1.0	**	13-12	34.6-34.1	33.8	442(+2)			レイククレセント		202505040207
2022106065	2025-10-26	4東京9	曇	8.0	3歳以上1勝クラス		15	7.0	12	257.3	14.0	13	遠藤汰月	51.0	芝1600		稍	**	1:35.5	1.3	**	15-14	36.0-33.7	33.6	442(0)			ラージギャラリー		202505040908
2022106065	2025-11-09	3福島2	曇	7.0	3歳以上1勝クラス		16	4.0	8	144.7	14.0	10	佐藤翔馬	52.0	芝1200		良	**	1:09.6	0.5	**	12-9	34.2-34.9	34.5	440(-2)			ホウオウブースター		202503030207
2022106065	2025-11-24	5東京6	晴	12.0	3歳以上1勝クラス		18	7.0	14	546.0	18.0	15	佐藤翔馬	52.0	芝1600		良	**	1:33.8	1.8	**	17-18	34.6-34.5	34.2	442(+2)			レッドキングリー		202505050612
2022106229	2024-06-02	3東京2	曇	5.0	2歳新馬		12	3.0	3	12.7	5.0	5	丹内祐次	55.0	芝1600		稍	**	1:37.4	1.0	**	10-9	37.1-33.7	33.9	472(0)			ミリオンローズ	72.0	202405030205
2022106229	2024-06-23	3東京8	曇	1.0	2歳未勝利		10	5.0	5	5.2	3.0	4	三浦皇成	55.0	芝1600		稍	**	1:36.3	0.5	**	5-3	34.6-37.2	37.3	478(+6)			レーヴドロペラ	83.0	202405030801
2022106229	2024-07-28	2新潟2	曇	1.0	2歳未勝利		11	4.0	4	6.2	3.0	5	川田将雅	55.0	芝1400		良	**	1:21.3	0.7	**	6-6	33.9-35.2	35.5	478(0)			アーリントンロウ	55.0	202404020201
2022106229	2024-12-22	5中山8	晴	3.0	2歳未勝利		16	8.0	15	9.7	5.0	4	Ｃ．デム	55.0	芝1200		良	**	1:09.9	0.1	**	5-5	33.5-36.3	36.1	484(+6)			ミクストベリーズ	83.0	202406050803
2022106229	2025-01-19	1中山7	小雨	12.0	3歳未勝利		16	3.0	6	5.9	4.0	3	丹内祐次	55.0	芝1600		良	**	1:35.7	0.0	**	4-2-2	35.6-35.8	35.6	488(+4)			ショウナンマリーナ	140.0	202506010712
2022106229	2025-02-15	1東京5	晴	5.0	3歳未勝利		16	3.0	6	5.9	2.0	2	キング	55.0	芝1400		良	**	1:22.4	0.0	**	7-7	35.7-35.0	34.3	498(+10)			ダノンリュラ	220.0	202505010505
2022106229	2025-03-16	2中京2	曇	5.0	3歳未勝利		18	7.0	13	2.2	1.0	3	丹内祐次	55.0	芝1400		重	**	1:24.3	0.3	**	3-3	34.2-37.4	37.3	488(-10)			ラミアメンテ	140.0	202507020205
2022106229	2025-05-17	2東京7	雨	5.0	3歳未勝利		18	8.0	16	2.8	2.0	2	レーン	55.0	芝1400		良	**	1:22.6	0.2	**	11-9	35.1-35.2	34.6	496(+8)			ベラジオワールド	220.0	202505020705
2022106229	2025-06-15	3東京4	曇	4.0	3歳未勝利		18	6.0	11	2.0	1.0	3	三浦皇成	55.0	芝1400		稍	**	1:23.9	0.3	**	10-9	36.2-35.1	34.6	500(+4)			ザカート	140.0	202505030404
2022106229	2025-08-03	1札幌4	晴	6.0	3歳未勝利		14	8.0	13	3.5	1.0	1	丹内祐次	55.0	芝1500		良	**	1:27.8	0.0	**	7-3-3	28.3-36.5	36.0	498(-2)			(アルシャンティ)	560.0	202501010406
2022106229	2026-01-11	1中山4	晴	8.0	4歳以上1勝クラス		16	8.0	16	20.8	5.0	15	丹内祐次	55.0	芝1600		良	**	1:36.0	3.9	**	4-4-8	33.8-35.3	38.7	500(+2)			クライスレリアーナ		202606010408
2022106231	2024-07-28	1札幌4	曇	5.0	2歳新馬		12	8.0	12	42.8	8.0	3	丹内祐次	55.0	芝1800		重	**	1:51.3	0.8	**	5-7-5-6	37.5-35.0	35.4	436(0)			ファイアンクランツ	180.0	202401010405
2022106231	2024-08-10	2札幌1	曇	1.0	2歳未勝利		7	1.0	1	10.6	5.0	3	丹内祐次	55.0	芝1800		良	**	1:49.7	0.3	**	2-3-3-4	37.5-34.9	34.9	434(-2)			テリオスララ	140.0	202401020101
2022106231	2024-12-21	7京都7	曇	4.0	2歳未勝利		16	4.0	8	21.0	6.0	5	松岡正海	56.0	芝2000		良	**	2:01.6	0.8	**	1-1-1-2	37.2-34.8	35.6	448(+14)			リンクスティップ	55.0	202408070704
2022106231	2025-01-18	1中京6	晴	5.0	3歳未勝利		18	1.0	1	4.1	2.0	16	松山弘平	57.0	芝2000		良	**	2:04.3	3.5	**	1-1-1-1	35.4-35.0	38.5	446(-2)			トッピボーン		202507010605
2022106231	2025-02-15	1小倉7	曇	5.0	3歳未勝利		16	7.0	13	3.9	2.0	2	丹内祐次	57.0	芝1800		良	**	1:49.2	0.1	**	2-2-2-2	35.7-36.3	36.3	442(-4)			ゼンダンハヤブサ	220.0	202510010705
2022106231	2025-03-02	1小倉12	雨	5.0	3歳未勝利		16	8.0	16	3.3	2.0	6	西塚洸二	56.0	芝1800		重	**	1:52.4	0.8	**	2-2-2-2	36.6-38.1	38.7	446(+4)			ミュージシャン		202510011205
2022106231	2025-04-19	1福島3	晴	5.0	3歳未勝利		15	3.0	6	4.6	3.0	2	佐々木大	57.0	芝1800		良	**	1:48.5	0.0	**	2-2-3-2	36.9-35.4	35.2	448(+2)			レッドシュテルン	220.0	202503010305
2022106231	2025-05-11	2京都6	曇	4.0	3歳未勝利		16	2.0	4	3.6	3.0	5	岩田康誠	57.0	芝1600		良	**	1:35.5	0.7	**	2-2	35.2-35.1	35.7	454(+6)			プチプランス	56.0	202508020604
2022106231	2025-06-14	1函館1	晴	4.0	3歳未勝利		15	6.0	11	8.6	4.0	1	丹内祐次	57.0	芝1800		良	**	1:46.0	-0.6	**	1-1-1-1	34.6-35.3	35.3	454(0)			(コンドゥイア)	560.0	202502010104
2022106231	2025-07-05	1函館7	晴	9.0	恵山特別(1勝クラス)		8	2.0	2	2.6	1.0	3	丹内祐次	55.0	芝1800		稍	**	1:49.4	0.8	**	1-1-1-1	35.0-37.0	37.8	460(+6)			ウォータークラーク	283.0	202502010709
2022106231	2025-11-15	3福島3	晴	9.0	土湯温泉特別(1勝クラス)		16	4.0	7	5.3	2.0	7	荻野極	56.0	芝1800		良	**	1:48.0	1.1	**	1-1-1-1	35.1-36.3	37.4	456(-4)			マテンロウギフト		202503030309
2022106232	2025-02-15	1東京5	晴	2.0	3歳新馬		16	6.0	11	2.5	1.0	1	川田将雅	55.0	ダ1400		良	**	1:26.7	-0.3	**	1-1	37.3-36.7	36.7	444(0)			(メモリアカフェ)	620.0	202505010502
2022106232	2025-05-03	2東京3	晴	5.0	3歳1勝クラス		9	6.0	6	4.7	2.0	1	戸崎圭太	55.0	芝1400		良	**	1:21.2	-0.2	**	4-3	35.7-33.3	32.9	450(+6)			(レッドキングリー)	800.0	202505020305
2022106232	2025-05-31	2京都11	曇	11.0	葵S(GIII)		16	1.0	2	5.6	1.0	13	シュタル	55.0	芝1200		良	**	1:08.9	0.6	**	15-16	33.5-34.8	33.4	446(-4)			アブキールベイ		202508021111
2022106232	2025-10-25	4東京8	雨	9.0	精進湖特別(2勝クラス)		12	5.0	6	6.3	3.0	1	武豊	54.0	芝1400		稍	**	1:21.4	0.0	**	12-12	35.2-34.3	32.5	446(0)			(タイセイカレント)	1578.0	202505040809
2022106232	2025-12-21	5阪神6	小雨	12.0	六甲アイランドS(3勝クラス)		14	6.0	9	4.5	2.0	12	武豊	55.0	芝1400		重	**	1:22.4	0.8	**	14-14	35.5-34.5	33.9	446(0)			ディアナザール		202509050612
2022106433	2024-09-08	3中京2	晴	4.0	2歳新馬		7	6.0	6	4.8	2.0	5	永島まな	53.0	芝1200		良	**	1:10.4	0.7	**	6-6	35.3-34.4	34.6	436(0)			パンジャタワー	72.0	202407030204
2022106433	2024-11-17	6京都6	曇	1.0	2歳未勝利		18	7.0	15	12.3	5.0	11	松山弘平	55.0	芝1200		良	**	1:10.9	1.2	**	1-2	33.9-35.8	36.9	444(+8)			ダイヤモンド		202408060601
2022106433	2024-11-30	4中京1	曇	4.0	2歳未勝利		17	5.0	10	83.4	11.0	6	西塚洸二	54.0	芝1200		良	**	1:10.0	0.9	**	13-13	34.3-34.8	34.3	436(-8)			タガノアンファン		202407040104
2022106433	2025-02-09	1小倉6	晴	6.0	3歳未勝利		17	1.0	1	12.2	5.0	1	小沢大仁	54.0	芝1200		稍	**	1:10.5	-0.5	**	5-4	33.8-36.7	36.1	442(+6)			(ナンナンプー)	560.0	202510010606
2022106433	2025-03-02	1小倉12	曇	9.0	あざみ賞(1勝クラス)		18	1.0	2	31.8	8.0	4	小崎綾也	55.0	芝1200		重	**	1:10.8	0.3	**	8-9	34.1-36.4	35.9	444(+2)			ベイビーキッス	170.0	202510011209
2022106433	2025-04-26	1福島5	晴	9.0	雪うさぎ賞(1勝クラス)		16	2.0	4	15.9	6.0	7	小沢大仁	55.0	芝1200		良	**	1:09.3	0.6	**	10-9	34.3-34.4	34.2	444(0)			ワース		202503010509
2022106433	2025-07-13	2小倉6	曇	12.0	3歳以上1勝クラス		15	6.0	11	6.0	3.0	5	小沢大仁	53.0	芝1200		良	**	1:08.6	0.0	**	9-8	33.2-35.4	34.9	450(+6)			ドナウパール	80.0	202510020612
2022106433	2025-08-10	3中京6	曇	12.0	3歳以上1勝クラス		15	5.0	8	7.1	4.0	9	小沢大仁	53.0	芝1400		良	**	1:21.0	0.8	**	8-8	34.0-34.7	34.7	448(-2)			アンダースコア		202507030612
2022106433	2025-10-04	3京都1	曇	7.0	3歳以上1勝クラス		18	7.0	15	51.1	14.0	6	小沢大仁	55.0	芝1200		重	**	1:08.4	0.4	**	9-11	32.7-35.3	34.1	454(+6)			ジャスパーディビネ		202508030107
2022106433	2025-11-15	3福島3	晴	7.0	3歳以上1勝クラス		16	7.0	14	11.5	6.0	7	小沢大仁	55.0	芝1200		良	**	1:09.8	0.5	**	10-10	34.4-34.9	34.7	452(-2)			クインズスピカ		202503030307
2022106470	2024-11-02	3福島1	雨	5.0	2歳新馬		16	1.0	2	5.2	3.0	2	加藤祥太	56.0	芝1200		稍	**	1:11.3	0.4	**	7-6	35.2-35.7	35.6	460(0)			クロユキ	290.0	202403030105
2022106470	2024-11-17	3福島6	晴	6.0	2歳未勝利		16	5.0	9	7.4	4.0	2	加藤祥太	56.0	芝1200		良	**	1:09.9	0.0	**	6-5	34.3-35.6	35.0	456(-4)			ルクスレゼルヴァ	220.0	202403030606
2022106470	2024-12-14	7京都5	曇	3.0	2歳未勝利		15	3.0	5	3.9	2.0	10	加藤祥太	56.0	芝1200		良	**	1:10.5	1.1	**	13-14	34.6-34.8	34.6	452(-4)			スピリットライズ		202408070503
2022106470	2025-01-25	1小倉1	晴	2.0	3歳未勝利		17	2.0	3	11.6	5.0	2	加藤祥太	57.0	芝1200		良	**	1:09.0	0.3	**	12-11	33.3-35.4	34.6	448(-4)			オンザブルースカイ	220.0	202510010102
2022106470	2025-02-15	1小倉7	晴	2.0	3歳未勝利		18	8.0	16	5.6	3.0	7	加藤祥太	57.0	芝1200		良	**	1:09.3	1.3	**	10-8	33.1-34.9	35.3	454(+6)			ヴェントゥーラ		202510010702
2022106470	2025-04-20	1福島4	曇	3.0	3歳未勝利		16	5.0	9	4.0	3.0	1	三浦皇成	57.0	芝1200		良	**	1:09.0	-0.1	**	11-8	33.5-35.5	34.6	454(0)			(ラースアルアイン)	560.0	202503010403
2022106470	2025-05-11	2京都6	曇	10.0	橘S(L)		11	7.0	8	51.7	10.0	10	シュタル	57.0	芝1400		良	**	1:23.0	1.2	**	9-11	36.0-34.1	34.4	452(-2)			ムイ		202508020610
2022106470	2025-07-19	2小倉7	晴	7.0	3歳以上1勝クラス		9	1.0	1	14.2	5.0	3	田口貫太	55.0	芝1200		良	**	1:09.1	0.2	**	5-5	33.3-35.6	35.3	456(+4)			レディメローラ	200.0	202510020707
2022106470	2025-08-10	3中京6	曇	12.0	3歳以上1勝クラス		15	1.0	1	14.9	7.0	1	田口貫太	55.0	芝1400		良	**	1:20.2	-0.3	**	5-5	34.0-34.7	34.2	448(-8)			(サンタンカ)	800.0	202507030612
2022106470	2025-11-16	4京都4	晴	8.0	3歳以上2勝クラス		15	5.0	8	24.4	7.0	1	田口貫太	57.0	芝1400		良	**	1:20.7	-0.1	**	5-5	35.0-34.4	34.0	458(+10)			(オンザブルースカイ)	1140.0	202508040408
2022106628	2024-08-17	2中京3	晴	6.0	2歳新馬		16	7.0	14	6.3	3.0	4	西村淳也	55.0	ダ1800		良	**	1:56.4	1.8	**	2-2-1-1	37.5-37.5	39.3	496(0)			クァンタムウェーブ	110.0	202407020306
2022106628	2024-09-07	3中京1	晴	2.0	2歳未勝利		7	4.0	4	14.1	3.0	6	西村淳也	55.0	ダ1800		良	**	1:57.2	3.2	**	6-5-4-5	37.3-38.6	41.3	484(-12)			メイショウハチロー		202407030102
2022106628	2024-11-30	4中京1	曇	1.0	2歳未勝利		16	6.0	11	4.3	2.0	12	鮫島克駿	55.0	ダ1400		良	**	1:26.8	1.7	**	10-9	34.8-38.3	38.6	486(+2)			フルドド		202407040101
2022106628	2025-01-06	1中京2	曇	1.0	3歳未勝利		16	2.0	4	5.5	2.0	7	西村淳也	55.0	ダ1800		良	**	1:56.9	0.6	**	10-10-8-5	37.5-39.6	39.5	490(+4)			コンテナライン		202507010201
2022106628	2025-03-15	2中京1	曇	1.0	3歳未勝利		16	7.0	14	6.8	3.0	4	田山旺佑	52.0	ダ1800		良	**	1:56.5	1.1	**	10-9-7-7	37.7-38.7	39.1	490(0)			サリーチェ	84.0	202507020101
2022106628	2025-04-12	2阪神5	晴	1.0	3歳未勝利		16	2.0	4	8.1	4.0	11	田山旺佑	52.0	ダ1800		良	**	1:58.0	2.1	**	7-6-5-6	36.9-39.7	41.3	490(0)			メイショウウメゴチ		202509020501
2022106628	2025-07-05	2小倉3	晴	2.0	3歳未勝利		16	8.0	15	27.5	11.0	1	田口貫太	55.0	ダ1700		良	**	1:47.4	-0.6	**	10-10-1-1	30.2-38.2	38.2	490(0)			(オリビアサンライズ)	560.0	202510020302
2022106633	2024-09-28	3中京8	曇	5.0	2歳新馬		17	4.0	8	48.5	11.0	16	武豊	55.0	芝2000		良	**	2:06.4	2.8	**	17-16-16-16	38.4-34.6	35.3	512(0)			ロケベンドラ		202407030805
2022106633	2024-12-15	7京都6	晴	4.0	2歳未勝利		14	6.0	9	101.5	9.0	8	吉村誠之	54.0	芝1800		良	**	1:50.0	1.1	**	14-13	36.3-34.9	34.7	498(-14)			ショウヘイ		202408070604
2022106633	2025-01-11	1中京3	晴	5.0	3歳未勝利		18	8.0	16	101.8	15.0	2	幸英明	57.0	芝2200		良	**	2:16.6	0.1	**	14-15-5-8	35.8-35.6	35.2	496(-2)			マイユニバース	220.0	202507010305
2022106633	2025-01-26	1中京9	晴	6.0	3歳未勝利		16	1.0	1	7.1	3.0	3	幸英明	57.0	芝2200		良	**	2:15.9	0.4	**	11-9-7-7	35.3-35.7	35.5	494(-2)			ビゾー	140.0	202507010906
2022106633	2025-03-29	2中京5	晴	5.0	3歳未勝利		18	6.0	11	2.5	1.0	1	佐々木大	57.0	芝2200		重	**	2:14.9	-0.4	**	9-9-10-10	35.9-35.9	35.2	494(0)			(マイネルフィスキオ)	560.0	202507020505
2022106633	2025-07-20	1函館12	晴	8.0	3歳以上1勝クラス		9	3.0	3	7.5	3.0	3	佐々木大	55.0	芝2600		良	**	2:39.6	0.6	**	2-4-3-3	37.4-35.0	35.3	516(+22)			レクスノヴァス	200.0	202502011208
2022106633	2025-08-10	1札幌6	曇	9.0	3歳以上1勝クラス		9	1.0	1	6.1	2.0	5	キング	55.0	芝2000		良	**	2:02.5	1.5	**	7-8-8-7	36.2-34.9	35.8	518(+2)			ミラージュナイト	80.0	202501010609
2022106633	2025-08-31	2札幌4	曇	9.0	北辰特別(1勝クラス)		14	4.0	6	9.2	5.0	12	武豊	55.0	芝2600		稍	**	2:45.2	2.4	**	14-13-9-10	37.8-37.0	38.3	520(+2)			ボンドロア		202501020409
2022106633	2025-11-22	3福島5	晴	9.0	高湯温泉特別(1勝クラス)		16	3.0	6	29.2	8.0	1	佐々木大	56.0	芝1800		良	**	1:48.5	0.0	**	6-6-7-8	36.4-34.7	34.1	502(-18)			(デイジー)	1169.5	202503030509
2022106633	2025-12-14	5中京4	晴	10.0	一宮特別(2勝クラス)		10	5.0	5	4.7	3.0	1	斎藤新	56.0	芝2200		稍	**	2:14.0	-0.1	**	5-6-3-3	37.1-34.9	34.7	504(+2)			(ダノンジョーカー)	1572.4	202507050410
2022106684	2024-10-12	5京都3	晴	5.0	2歳新馬		13	2.0	2	21.5	7.0	9	池添謙一	56.0	芝2000		良	**	2:02.3	1.6	**	10-9-9-8	37.3-34.2	35.0	418(0)			ナグルファル		202408050305
2022106684	2024-10-27	5京都8	晴	3.0	2歳未勝利		12	5.0	5	112.6	9.0	8	鮫島良太	56.0	芝2000		良	**	2:03.1	1.5	**	11-11-11-10	35.8-35.7	36.3	418(0)			ロードガレリア		202408050803
2022106684	2024-12-28	7京都9	晴	3.0	2歳未勝利		16	3.0	5	325.8	15.0	3	鮫島良太	56.0	芝2000		良	**	2:01.9	0.2	**	11-11-9-10	36.0-35.4	34.8	406(-12)			リガーレ	140.0	202408070903
2022106684	2025-01-18	1中京6	晴	5.0	3歳未勝利		18	2.0	3	39.8	10.0	9	鮫島良太	57.0	芝2000		良	**	2:02.6	1.8	**	12-13-13-14	35.4-35.0	36.0	410(+4)			トッピボーン		202507010605
2022106684	2025-03-29	2中京5	晴	5.0	3歳未勝利		18	7.0	14	28.6	8.0	5	鮫島良太	57.0	芝2200		重	**	2:15.4	0.5	**	12-11-12-12	35.9-35.9	35.4	404(-6)			バルナバ	56.0	202507020505
2022106684	2025-04-19	1福島3	晴	3.0	3歳未勝利		16	5.0	10	9.0	5.0	4	鮫島良太	57.0	芝2600		良	**	2:42.2	0.9	**	7-7-4-5	35.5-36.0	36.6	408(+4)			ブリヤディアマンテ	84.0	202503010303
2022106684	2025-06-15	1函館2	晴	4.0	3歳未勝利		10	6.0	6	5.4	3.0	3	丹内祐次	57.0	芝2600		良	**	2:38.4	1.1	**	10-9-8-3	35.1-35.3	35.9	406(-2)			リギーロ	140.0	202502010204
2022106684	2025-06-28	1函館5	晴	2.0	3歳未勝利		12	5.0	5	5.2	3.0	4	丹内祐次	57.0	ダ2400		稍	**	2:35.9	1.7	**	3-3-3-3	38.3-37.2	38.6	408(+2)			ピストルスター	84.0	202502010502
2022106684	2025-07-12	1函館9	晴	6.0	3歳未勝利		16	3.0	6	8.3	4.0	14	舟山瑠泉	54.0	芝2600		良	**	2:42.2	2.3	**	11-10-10-12	37.4-36.0	37.1	412(+4)			レッドヴァリアート		202502010906
2022106684	2025-08-24	2札幌2	晴	4.0	3歳未勝利		13	6.0	9	12.0	5.0	2	佐々木大	57.0	芝2600		良	**	2:42.7	0.2	**	10-8-5-4	37.0-38.5	38.1	410(-2)			レイデラティエラ	220.0	202501020204
2022106684	2025-09-06	2札幌5	晴	4.0	3歳未勝利		16	8.0	16	13.2	5.0	13	佐々木大	57.0	芝2000		良	**	2:04.1	1.7	**	10-9-10-12	35.3-36.9	37.6	406(-4)			ラファヴォリット		202501020504
2022106684	2025-11-09	3福島2	曇	8.0	3歳以上1勝クラス		16	1.0	1	21.1	7.0	7	酒井学	56.0	芝2600		良	**	2:43.0	0.5	**	10-9-6-8	38.1-35.1	35.3	420(+14)			バーケンヘッド		202503030208
2022106684	2025-11-29	5東京7	曇	7.0	3歳以上1勝クラス		16	3.0	6	226.4	13.0	13	佐々木大	56.0	芝2400		良	**	2:25.6	2.1	**	6-6-6-7	35.4-35.9	36.5	414(-6)			サトノパトリオット		202505050707
2022106744	2024-07-07	2福島4	晴	5.0	2歳新馬		11	7.0	8	8.1	6.0	2	三浦皇成	55.0	芝2000		良	**	2:01.3	0.1	**	1-1-1-1	35.9-35.4	35.5	436(0)			ジェットマグナム	290.0	202403020405
2022106744	2024-09-01	3新潟8	晴	2.0	2歳未勝利		11	6.0	6	3.5	2.0	4	三浦皇成	55.0	芝2000		良	**	2:01.9	0.4	**	9-9-8-6	36.0-36.4	35.7	430(-6)			ヴァルキリーバース	83.0	202404030802
2022106744	2024-10-19	4東京5	晴	3.0	2歳未勝利		7	7.0	7	7.1	3.0	1	横山典弘	56.0	芝2000		良	**	1:58.7	-0.4	**	5-5-6	35.3-34.7	34.1	442(+12)			(ソードマスター)	550.0	202405040503
2022106744	2024-11-30	5中山1	晴	9.0	葉牡丹賞(1勝クラス)		12	6.0	7	3.9	1.0	3	横山典弘	56.0	芝2000		良	**	1:58.8	0.0	**	12-12-12-9	34.3-35.3	33.9	446(+4)			ヴィンセンシオ	273.7	202406050109
2022106744	2025-01-26	1中山9	晴	9.0	若竹賞(1勝クラス)		11	5.0	5	3.0	2.0	1	横山典弘	57.0	芝1800		良	**	1:49.5	-0.2	**	11-11-11-10	37.8-36.5	35.1	450(+4)			(エデルクローネ)	1134.5	202506010909
2022106744	2025-02-16	1東京6	曇	11.0	共同通信杯(GIII)		9	8.0	9	5.4	4.0	3	横山典弘	57.0	芝1800		良	**	1:46.4	0.4	**	8-8-8	36.4-34.2	33.3	446(-4)			マスカレードボール	1004.7	202505010611
2022106770	2024-07-20	2福島7	曇	5.0	2歳新馬		10	2.0	2	29.1	7.0	4	柴田大知	55.0	芝2000		良	**	2:04.9	1.3	**	8-8-10-8	37.2-35.0	35.5	436(0)			ピコチャンブラック	110.0	202403020705
2022106770	2024-08-04	2新潟4	晴	1.0	2歳未勝利		8	8.0	8	7.8	5.0	2	柴田大知	55.0	芝2000		良	**	2:02.2	0.0	**	8-8-7-7	36.1-36.1	35.3	436(0)			コスモイシュタル	220.0	202404020401
2022106770	2024-09-01	3新潟8	晴	2.0	2歳未勝利		11	8.0	10	5.7	3.0	5	柴田大知	55.0	芝2000		良	**	2:02.0	0.5	**	8-8-7-6	36.0-36.4	36.0	436(0)			ヴァルキリーバース	55.0	202404030802
2022106770	2024-09-15	4中山4	晴	2.0	2歳未勝利		14	7.0	12	6.0	4.0	5	横山武史	55.0	芝2000		良	**	2:01.3	1.1	**	4-6-7-7	34.9-35.8	36.1	436(0)			ヤコブセン	55.0	202406040402
2022106770	2024-12-22	5中山8	晴	4.0	2歳未勝利		18	4.0	7	21.2	6.0	15	マーカン	56.0	芝2000		良	**	2:03.7	2.4	**	5-6-10-14	36.4-36.1	37.8	432(-4)			ロジャリーマイン		202406050804
2022106770	2025-01-18	1中山6	晴	5.0	3歳未勝利		18	5.0	9	133.9	11.0	15	佐々木大	57.0	芝2000		良	**	2:02.8	2.6	**	12-13-12-12	36.1-35.4	36.7	436(+4)			シェーンシュティア		202506010605
2022106770	2025-05-17	1新潟5	雨	5.0	3歳未勝利		16	2.0	4	89.8	14.0	14	石橋脩	57.0	芝2000		稍	**	2:07.6	2.4	**	11-11-11-14	37.6-36.5	38.0	436(0)			サンカシグレ		202504010505
2022106770	2025-06-29	2福島2	晴	4.0	3歳未勝利		15	5.0	9	103.4	12.0	5	柴田大知	57.0	芝2000		良	**	2:02.6	0.4	**	4-3-6-6	36.5-35.2	35.2	432(-4)			レイヤードレッド	56.0	202503020204
2022106770	2025-07-19	2福島7	晴	8.0	3歳未勝利		16	4.0	8	12.4	5.0	4	柴田大知	57.0	芝2000		良	**	2:03.1	0.4	**	8-8-8-5	35.1-37.5	37.1	430(-2)			エテルニータ	84.0	202503020708
2022106770	2025-08-16	2新潟7	晴	12.0	3歳未勝利		17	8.0	17	12.1	5.0	2	柴田大知	57.0	芝2000		良	**	2:01.1	0.2	**	12-11-7-7	36.2-35.7	35.3	436(+6)			スイートオレンジ	220.0	202504020712
2022106770	2025-08-31	3新潟4	晴	4.0	3歳未勝利		18	5.0	9	10.7	5.0	9	柴田大知	57.0	芝2200		良	**	2:15.0	1.7	**	8-9-9-10	35.0-36.9	37.6	440(+4)			オリオアルセーリオ		202504030404
2022106770	2026-01-24	1小倉1	晴	7.0	4歳以上1勝クラス		15	2.0	2	162.2	15.0	12	石川裕紀	57.0	芝2600		良	**	2:39.1	1.1	**	8-8-12-8	36.3-35.0	35.3	452(+12)			スズカミエール		202610010107
2022106925	2024-12-15	7京都6	晴	6.0	2歳新馬		16	2.0	3	2.4	1.0	2	ムーア	56.0	ダ1800		良	**	1:55.1	0.3	**	2-2-2-2	36.6-38.3	38.5	514(0)			ショーダンサー	290.0	202408070606
2022106925	2025-01-05	1中京1	晴	3.0	3歳未勝利		16	3.0	5	1.5	1.0	1	高杉吏麒	55.0	ダ1900		良	**	2:02.2	0.0	**	2-2-3-2	30.2-39.0	38.8	510(-4)			(アメリカンバー)	560.0	202507010103
2022106925	2025-01-18	1中京6	晴	4.0	3歳1勝クラス		16	8.0	16	57.2	11.0	11	高杉吏麒	56.0	ダ1800		良	**	1:54.7	1.7	**	2-2-3-3	37.1-37.7	39.1	504(-6)			ベルベルコンパス		202507010604
2022106925	2025-03-16	2中京2	小雨	10.0	昇竜S(OP)		12	8.0	11	43.0	10.0	2	シュタル	57.0	ダ1400		重	**	1:23.4	0.2	**	2-2	34.5-37.0	36.9	500(-4)			マテンロウコマンド	729.4	202507020210
2022106925	2025-04-06	2阪神4	晴	9.0	バイオレットS(OP)		15	1.0	1	24.3	7.0	15	シュタル	57.0	ダ1400		良	**	1:27.3	3.3	**	13-14	33.9-38.1	39.2	498(-2)			ヤマニンチェルキ		202509020409
2022106925	2025-05-31	2京都11	曇	9.0	鳳雛S(L)		9	3.0	3	13.0	5.0	1	シュタル	57.0	ダ1800		良	**	1:53.8	-0.3	**	3-3-3-2	37.8-36.8	36.5	498(0)			(シャルクハフト)	1921.7	202508021109
2022106925	2025-08-10	2新潟6	雨	7.0	レパードS(GIII)		15	8.0	15	29.1	10.0	4	高杉吏麒	57.0	ダ1800		不	**	1:51.1	0.6	**	3-4-4-4	35.8-36.9	37.2	508(+10)			ドンインザムード	560.0	202504020607
2022106925	2025-09-02	盛岡	曇	10.0	不来方賞(JpnII)		12	6.0	7	12.4	4.0	2	高杉吏麒	56.0	ダ2000		不	**	2:01.6	0.4	**	2-2-2-2		35.5	505(-3)			ナルカミ	1400.0	202535090210
2022106925	2025-10-08	大井	晴	11.0	ジャパンダートクラシ(JpnI)		16	1.0	1	38.1	7.0	4	川田将雅	57.0	ダ2000		良	**	2:06.4	2.7	**	7-7-7-6	35.3-39.0	40.3	506(+1)			ナルカミ	700.0	202544100811
2022106925	2025-11-22	4京都5	晴	11.0	シトリンS(OP)		16	8.0	16	13.5	6.0	11	高杉吏麒	55.0	ダ1900		良	**	1:59.2	2.3	**	2-3-3-2	29.8-37.5	39.5	506(0)			ムルソー		202508040511
2022106975	2024-09-07	4中山1	晴	5.0	2歳新馬		7	5.0	5	28.5	6.0	7	大野拓弥	55.0	芝2000		良	**	2:05.1	0.5	**	7-7-5-5	38.4-34.3	34.3	490(0)			ハードワーカー		202406040105
2022106975	2024-09-28	4中山8	曇	4.0	2歳未勝利		16	2.0	4			取	大野拓弥	55.0	芝2000		良	**			**		36.5-36.6		計不			サトノラポール		202406040804
2022106975	2024-10-26	4新潟7	晴	2.0	2歳未勝利		12	8.0	11	15.5	5.0	3	大野拓弥	56.0	ダ1800		良	**	1:54.3	0.5	**	4-4-3-3	37.1-37.6	37.7	488(-2)			ブラックジジ	140.0	202404040702
2022106975	2024-11-24	5東京8	晴	3.0	2歳未勝利		16	6.0	12	7.0	6.0	3	大野拓弥	56.0	ダ1600		良	**	1:38.9	0.7	**	10-9	35.5-36.7	36.4	488(0)			ダンツファイター	140.0	202405050803
2022106975	2024-12-14	5中山5	晴	4.0	2歳未勝利		16	4.0	7	2.6	1.0	2	大野拓弥	56.0	ダ1800		良	**	1:57.0	0.1	**	5-5-4-4	37.6-40.7	40.5	490(+2)			ソクヅモドラドラ	220.0	202406050504
2022106975	2025-01-06	1中山2	曇	3.0	3歳未勝利		16	2.0	3	4.0	2.0	3	大野拓弥	57.0	ダ1800		良	**	1:56.2	1.0	**	8-8-7-6	37.0-40.0	39.8	488(-2)			ニューファウンド	140.0	202506010203
2022106975	2025-05-25	2東京10	曇	2.0	3歳未勝利		16	1.0	2	8.5	4.0	2	大野拓弥	57.0	ダ1600		不	**	1:36.3	0.0	**	4-4	34.8-36.3	35.7	500(+12)			デルマムーン	220.0	202505021002
2022106975	2025-06-15	3東京4	曇	3.0	3歳未勝利		16	1.0	2	1.8	1.0	1	大野拓弥	57.0	ダ1600		重	**	1:36.4	-0.2	**	1-1	34.4-36.8	36.8	494(-6)			(グラスグリード)	560.0	202505030403
2022106975	2025-12-27	5中山7	曇	8.0	3歳以上1勝クラス		16	1.0	2	11.2	5.0	7	大野拓弥	57.0	ダ1800		稍	**	1:55.2	1.3	**	5-5-5-4	37.1-38.3	39.3	510(+16)			ミダース		202506050708
2022106998	2024-10-26	5京都7	曇	4.0	2歳新馬		16	5.0	9	15.2	4.0	4	藤岡佑介	56.0	ダ1400		良	**	1:26.6	1.1	**	9-10	35.8-37.2	37.4	454(0)			ヴィリアリート	110.0	202408050704
2022106998	2024-11-17	6京都6	曇	2.0	2歳未勝利		12	3.0	3	3.9	3.0	4	藤岡佑介	56.0	ダ1800		良	**	1:56.1	2.5	**	12-12-5-4	36.8-37.6	39.4	460(+6)			チュウジョウ	83.0	202408060602
2022106998	2024-12-08	7京都4	晴	1.0	2歳未勝利		11	6.0	7	8.8	4.0	4	藤岡佑介	56.0	ダ1400		良	**	1:27.1	1.6	**	10-9	35.2-37.7	38.4	462(+2)			ベルジュロネット	83.0	202408070401
2022106998	2025-02-01	1京都1	晴	3.0	3歳未勝利		15	3.0	4	19.3	6.0	2	池添謙一	57.0	ダ1400		良	**	1:25.8	0.3	**	4-3	36.0-37.2	37.1	460(-2)			ハクサンアイリス	220.0	202508010103
2022106998	2025-02-16	1京都6	曇	3.0	3歳未勝利		16	5.0	9	2.8	2.0	1	池添謙一	57.0	ダ1400		稍	**	1:26.8	-0.3	**	6-3	35.8-38.2	37.7	460(0)			(モズケイスター)	560.0	202508010603
2022106998	2025-03-23	2中山8	晴	8.0	3歳1勝クラス		15	8.0	15	32.0	9.0	6	大野拓弥	57.0	ダ1200		良	**	1:12.5	1.3	**	9-9	33.8-37.4	37.7	462(+2)			アスタールフナ		202506020808
2022106998	2025-04-26	2東京1	曇	6.0	3歳1勝クラス		16	4.0	7	163.0	12.0	11	田辺裕信	57.0	ダ1600		稍	**	1:37.6	0.4	**	15-15	35.4-36.5	35.7	460(-2)			トルショー		202505020106
2022106998	2025-11-16	3福島4	晴	3.0	3歳以上1勝クラス		15	5.0	8	11.7	4.0	5	永島まな	54.0	ダ1700		良	**	1:46.9	0.9	**	14-14-14-14	29.2-38.7	37.9	468(+8)			ユウェンタース	80.0	202503030403
2022106998	2025-11-30	4京都8	晴	4.0	3歳以上1勝クラス		16	4.0	7	21.0	7.0	6	永島まな	55.0	ダ1400		良	**	1:26.1	0.9	**	14-11	34.6-38.0	37.8	466(-2)			アンビシャスヨシノ		202508040804
2022106998	2026-01-17	1京都6	晴	7.0	4歳以上1勝クラス		15	7.0	13	19.5	6.0	4	池添謙一	57.0	ダ1400		良	**	1:25.6	0.6	**	10-9	36.0-36.6	36.2	462(-4)			レーティッシュ	120.0	202608010607
2022107138	2024-11-02	5東京1	小雨	6.0	2歳新馬		16	8.0	16	41.6	9.0	8	杉原誠人	56.0	ダ1600		重	**	1:40.6	1.2	**	8-7	37.4-35.6	36.2	474(0)			ボルトテソーロ		202405050106
2022107138	2025-01-13	1中山5	晴	2.0	3歳未勝利		16	7.0	13	41.6	11.0	13	丹内祐次	57.0	ダ1800		良	**	2:01.5	4.3	**	5-5-6-6	37.4-40.9	44.8	480(+6)			ジェシーテソーロ		202506010502
2022107138	2025-04-13	1福島2	曇	2.0	3歳未勝利		16	3.0	5	37.9	7.0	1	上里直汰	54.0	芝1200		良	**	1:09.4	-0.3	**	1-1	34.2-35.2	35.2	486(+6)			(ユーティジャーニー)	560.0	202503010202
2022107138	2025-06-29	2福島2	晴	12.0	3歳以上1勝クラス		14	3.0	4	3.8	1.0	1	遠藤汰月	52.0	芝1200		良	**	1:09.4	0.0	**	5-5	33.5-35.9	35.4	488(+2)			(レオプルミエール)	800.0	202503020212
2022107138	2025-09-27	4中山8	晴	10.0	勝浦特別(2勝クラス)		16	1.0	1	41.7	11.0	6	松岡正海	56.0	芝1200		良	**	1:08.0	0.4	**	5-6	33.8-33.8	33.7	482(-6)			ソーダーンライト		202506040810
2022107138	2025-11-09	5東京2	曇	12.0	3歳以上2勝クラス		18	8.0	18	48.7	9.0	13	遠藤汰月	54.0	芝1400		良	**	1:22.3	0.9	**	6-6	35.6-33.6	34.0	490(+8)			タイセイカレント		202505050212
2022107167	2024-08-03	2新潟3	晴	4.0	2歳新馬		11	7.0	9	153.8	9.0	5	木幡巧也	55.0	芝1600		良	**	1:37.1	1.2	**	5-6	36.9-33.3	33.8	454(0)			シンフォーエバー	72.0	202404020304
2022107167	2024-08-24	3新潟5	曇	1.0	2歳未勝利		10	3.0	3	22.1	6.0	5	木幡巧也	55.0	芝1600		良	**	1:35.5	0.7	**	8-6	35.1-34.9	34.8	460(+6)			カポレイラ	55.0	202404030501
2022107167	2024-09-15	4中山4	晴	3.0	2歳未勝利		13	8.0	13	8.6	5.0	1	木幡巧也	55.0	ダ1800		良	**	1:55.4	-0.2	**	2-2-2-2	36.5-39.6	39.5	460(0)			(アメージング)	550.0	202406040403
2022107167	2025-01-25	1中山8	曇	6.0	3歳1勝クラス		6	6.0	6	26.0	6.0	5	木幡巧也	57.0	ダ1800		良	**	1:57.2	4.3	**	5-6-6-6	38.0-37.3	40.8	472(+12)			クレーキング	80.0	202506010806
2022107167	2025-02-01	1東京1	晴	4.0	3歳1勝クラス		13	7.0	11	166.5	12.0	9	木幡巧也	57.0	ダ1600		良	**	1:39.7	2.5	**	2-2	35.2-36.4	38.8	474(+2)			ヘニーガイスト		202505010104
2022107167	2025-04-20	3中山8	曇	6.0	3歳1勝クラス		15	5.0	8	371.6	14.0	15	木幡巧也	57.0	ダ1800		良	**	1:56.7	3.8	**	1-1-1-3	36.6-37.5	41.3	466(-8)			ナルカミ		202506030806
2022107167	2025-07-05	2福島3	晴	6.0	3歳以上1勝クラス		14	6.0	10	41.1	11.0	12	木幡巧也	55.0	ダ1700		稍	**	1:48.5	3.0	**	3-3-3-6	30.3-38.8	41.5	466(0)			ピコシー		202503020306
2022107167	2025-09-06	4中山1	晴	12.0	3歳以上1勝クラス		16	5.0	10	34.2	8.0	2	木幡巧也	56.0	ダ1200		稍	**	1:11.8	0.4	**	2-2	35.4-36.0	36.4	476(+10)			ドナカルナバル	320.0	202506040112
2022107167	2025-09-21	4中山7	晴	6.0	3歳以上1勝クラス		16	2.0	4	5.9	2.0	11	木幡巧也	56.0	ダ1200		良	**	1:12.7	2.0	**	8-7	33.4-37.3	38.5	478(+2)			チャロ		202506040706
2022107167	2025-12-13	5阪神3	晴	8.0	3歳以上1勝クラス		16	3.0	5	66.0	10.0	15	ジェルー	57.0	ダ1400		良	**	1:28.6	4.6	**	3-6	34.5-37.2	41.2	456(-22)			ラファル		202509050308
2022107233	2024-10-05	4東京1	小雨	5.0	2歳新馬		12	5.0	6	242.3	12.0	11	丸田恭介	56.0	芝2000		稍	**	2:04.2	1.8	**	6-6-6	37.5-33.8	34.4	456(0)			レッドキングリー		202405040105
2022107233	2024-10-20	4東京6	晴	3.0	2歳未勝利		10	8.0	9	125.6	7.0	6	木幡巧也	56.0	芝1800		良	**	1:51.0	1.0	**	9-8-7	37.2-33.9	34.2	460(+4)			プレシャスデイ		202405040603
2022107233	2024-11-09	5東京3	晴	3.0	2歳未勝利		12	8.0	11	355.5	11.0	12	木幡巧也	56.0	芝2000		良	**	2:04.6	2.1	**	12-12-11	38.0-34.1	35.3	456(-4)			リアンベーレ		202405050303
2022107233	2024-11-24	5東京8	晴	4.0	2歳未勝利		12	6.0	7	436.4	11.0	8	木幡巧也	56.0	芝2000		良	**	2:03.8	2.1	**	10-10-8	37.0-33.9	35.1	450(-6)			ウィクトルウェルス		202405050804
2022107233	2025-01-12	1中山4	曇	5.0	3歳未勝利		18	4.0	7	415.6	16.0	14	杉原誠人	57.0	芝2000		良	**	2:03.5	1.5	**	13-13-16-16	36.6-36.1	36.0	454(+4)			ニシノエピカリ		202506010405
2022107233	2025-02-01	1東京1	晴	6.0	3歳未勝利		16	2.0	3	573.0	16.0	9	杉原誠人	57.0	芝1800		良	**	1:49.8	0.6	**	5-4-5	36.5-34.1	34.4	450(-4)			タイセイプランセス		202505010106
2022107233	2025-03-02	2中山2	晴	2.0	3歳未勝利		16	1.0	1	92.7	11.0	3	杉原誠人	57.0	ダ1800		良	**	1:57.4	1.9	**	16-15-14-13	36.7-39.8	40.0	454(+4)			アイオリア	140.0	202506020202
2022107233	2025-03-23	2中山8	晴	1.0	3歳未勝利		16	3.0	5	15.6	5.0	9	杉原誠人	57.0	ダ1800		稍	**	1:57.5	1.9	**	10-10-10-8	38.1-38.5	39.3	458(+4)			フジレイメイ		202506020801
2022107233	2025-06-15	1函館2	晴	2.0	3歳未勝利		14	3.0	3	136.6	12.0	2	古川奈穂	54.0	ダ1700		良	**	1:46.5	0.5	**	13-13-9-8	29.9-38.6	38.2	454(-4)			ライフゲート	220.0	202502010202
2022107233	2025-06-29	1函館6	曇	4.0	3歳未勝利		9	3.0	3	7.7	4.0	4	古川奈穂	54.0	ダ1700		良	**	1:47.7	0.7	**	6-4-4-4	30.6-37.9	38.3	456(+2)			ミッキーコンドル	84.0	202502010604
2022107233	2025-07-12	1函館9	晴	4.0	3歳未勝利		14	3.0	4	4.9	3.0	2	古川奈穂	54.0	ダ1700		良	**	1:48.1	0.5	**	12-12-7-7	30.4-38.8	38.5	456(0)			ララエキリーブル	220.0	202502010904
2022107233	2025-07-19	1函館11	晴	6.0	3歳未勝利		13	6.0	10	8.9	5.0	2	古川奈穂	54.0	ダ1700		良	**	1:46.6	0.1	**	11-8-7-7	29.5-39.1	38.6	454(-2)			モリノアミーゴ	220.0	202502011106
2022107233	2025-08-03	1札幌4	晴	4.0	3歳未勝利		14	8.0	14	4.2	2.0	4	古川奈穂	54.0	ダ1700		良	**	1:47.9	0.8	**	6-6-5-3	30.1-39.6	39.9	458(+4)			ザハント	84.0	202501010404
2022107233	2025-08-17	1札幌8	雨	4.0	3歳未勝利		14	7.0	12	7.5	5.0	7	古川奈穂	54.0	ダ1700		良	**	1:48.8	2.0	**	11-9-8-9	30.7-38.0	38.8	462(+4)			マナエトレ		202501010804
2022107233	2025-08-31	2札幌4	曇	12.0	3歳以上1勝クラス		12	7.0	10	74.6	10.0	7	古川奈穂	52.0	ダ1700		稍	**	1:46.3	0.9	**	10-11-12-11	30.2-37.7	37.1	468(+6)			アイオリア		202501020412
2022107233	2025-10-19	4新潟2	曇	6.0	3歳以上1勝クラス		15	8.0	14	50.7	12.0	7	古川奈穂	53.0	ダ1800		重	**	1:54.1	1.4	**	12-12-8-9	36.2-38.0	38.5	456(-12)			ケーヴァラ		202504040206
2022107233	2025-10-26	4新潟4	雨	8.0	3歳以上1勝クラス		12	5.0	5	63.7	10.0	5	古川吉洋	56.0	ダ1800		稍	**	1:53.8	1.5	**	11-11-12-12	36.2-37.6	38.0	450(-6)			テーオーマルコーニ	80.0	202504040408
2022107233	2025-11-23	5東京5	曇	7.0	3歳以上1勝クラス		16	6.0	12	45.7	12.0	8	菊沢一樹	56.0	ダ2100		良	**	2:13.7	1.1	**	14-13-12-10	31.2-37.0	37.1	460(+10)			タイキインドラ		202505050507
2022107233	2025-12-13	5中京3	曇	3.0	3歳以上1勝クラス		12	6.0	7	140.5	10.0	6	石神深道	54.0	ダ1900		良	**	2:02.2	1.3	**	8-8-10-12	31.2-38.4	38.6	458(-2)			ギュルヴィ		202507050303
2022107233	2026-01-18	1中山7	晴	6.0	4歳以上1勝クラス		14	8.0	13	99.4	9.0	4	石神深道	54.0	ダ1800		良	**	1:56.6	1.0	**	1-1-5-4	38.5-38.6	39.2	468(+10)			リラゲイル	120.0	202606010706
2022107282	2025-01-05	1中京1	晴	5.0	3歳新馬		18	8.0	17	6.2	3.0	3	岩田望来	57.0	芝2000		良	**	2:02.2	0.5	**	17-16-16-13	36.9-35.5	34.5	486(0)			ジーティーアダマン	160.0	202507010105
2022107282	2025-03-29	2阪神1	晴	5.0	3歳未勝利		15	5.0	8	2.0	1.0	2	岩田康誠	57.0	芝2000		良	**	2:02.6	0.2	**	4-4-3-3	37.1-35.5	35.5	486(0)			ディスパラール	220.0	202509020105
2022107282	2025-06-15	1函館2	晴	6.0	3歳未勝利		12	7.0	11	1.4	1.0	1	岩田康誠	57.0	芝2000		良	**	1:59.6	-0.2	**	7-7-7-5	35.0-35.4	34.9	492(+6)			(ピティロディア)	560.0	202502010206
2022107282	2025-06-29	1函館6	晴	9.0	臥牛山特別(1勝クラス)		10	1.0	1	2.7	2.0	2	岩田康誠	55.0	芝2000		良	**	1:59.1	0.0	**	9-9-8-5	34.6-35.1	34.1	494(+2)			シュバルツマサムネ	447.2	202502010609
2022107282	2025-07-20	1函館12	晴	8.0	3歳以上1勝クラス		9	2.0	2	1.5	1.0	1	横山和生	55.0	芝2600		良	**	2:39.0	-0.3	**	2-2-2-2	37.4-35.0	35.0	492(-2)			(マイファミリー)	800.0	202502011208
2022107282	2025-08-17	1札幌8	曇	12.0	阿寒湖特別(2勝クラス)		14	5.0	7	3.1	1.0	1	横山和生	55.0	芝2600		稍	**	2:43.2	-0.5	**	2-3-3-3	37.7-36.6	36.4	490(-2)			(ヴァイザーバルコ)	1580.8	202501010812
2022107282	2025-10-26	3京都9	小雨	11.0	菊花賞(GI)		18	4.0	8	20.4	10.0	9	横山和生	57.0	芝3000		稍	**	3:04.8	0.8	**	2-3-3-2	36.4-35.3	36.0	484(-6)			エネルジコ		202508030911
2022107317	2024-07-27	2新潟1	晴	2.0	2歳新馬		15	7.0	13	4.4	2.0	4	川田将雅	55.0	芝1400		良	**	1:23.0	1.1	**	7-7	34.5-35.2	35.8	444(0)			ジャスパーディビネ	110.0	202404020102
2022107317	2024-08-31	2中京7	小雨	2.0	2歳未勝利		8	8.0	9	3.8	2.0	2	川田将雅	55.0	芝1400		重	**	1:23.9	1.0	**	5-5	35.1-35.7	36.1	440(-4)			カロローザ	220.0	202407020702
2022107317	2024-09-14	3中京3	晴	3.0	2歳未勝利		15	4.0	7	12.1	4.0	13	ルメール	55.0	芝1600		良	**	1:35.5	1.2	**	9-10-9	35.0-35.2	35.5	444(+4)			ウォーターガーベラ		202407030303
2022107317	2024-12-14	4中京5	晴	4.0	2歳未勝利		18	7.0	14	62.1	11.0	13	ドイル	55.0	芝1400		良	**	1:23.6	1.3	**	13-13	34.6-35.9	35.7	432(-12)			コルドンブルー		202407040504
2022107317	2025-03-29	2中京5	曇	1.0	3歳未勝利		16	4.0	7	23.9	7.0	6	斎藤新	55.0	ダ1400		稍	**	1:26.7	2.7	**	7-7	35.4-36.6	38.2	442(+10)			キョラムン		202507020501
2022107317	2025-05-25	2京都10	曇	1.0	3歳未勝利		16	2.0	4	80.8	11.0	5	田山旺佑	52.0	ダ1400		不	**	1:24.2	0.8	**	6-6	34.9-36.5	36.7	444(+2)			テーオーライマン	56.0	202508021001
2022107317	2025-06-07	3阪神1	晴	1.0	3歳未勝利		15	6.0	11	36.9	9.0	3	坂井瑠星	55.0	ダ1400		良	**	1:26.3	0.6	**	6-4	35.4-37.6	38.0	436(-8)			ルクスデイジー	140.0	202509030101
2022107317	2025-06-28	2小倉1	晴	3.0	3歳未勝利		16	6.0	11	15.1	5.0	2	田山旺佑	52.0	ダ1700		良	**	1:46.3	0.0	**	2-2-2-2	29.3-39.4	39.2	436(0)			カルドウェル	220.0	202510020103
2022107317	2025-07-19	2小倉7	晴	6.0	3歳未勝利		16	7.0	14	6.2	4.0	1	田山旺佑	52.0	ダ1700		重	**	1:45.0	0.0	**	3-3-3-3	30.1-38.2	37.7	434(-2)			(シュパネントウィル)	560.0	202510020706
2022107317	2025-10-13	3京都5	晴	4.0	3歳以上1勝クラス		13	7.0	11	12.6	5.0	5	松山弘平	54.0	ダ1800		良	**	1:54.0	1.8	**	2-3-3-3	37.0-37.5	38.9	446(+12)			プリンセッサ	80.0	202508030504
2022107317	2025-10-26	3京都9	曇	7.0	3歳以上1勝クラス		12	7.0	9	12.1	5.0	6	川田将雅	54.0	ダ1800		重	**	1:52.8	1.0	**	3-3-3-4	37.0-36.2	36.8	442(-4)			ステアハート		202508030907
2022107325	2024-08-03	2新潟3	晴	3.0	2歳新馬		15	4.0	7	33.9	8.0	11	和田竜二	55.0	ダ1800		良	**	2:00.1	5.4	**	5-10-12-13	36.3-39.8	43.0	458(0)			シンビリーブ		202404020303
2022107325	2024-09-07	3中京1	晴	1.0	2歳未勝利		10	1.0	1	25.2	8.0	7	幸英明	55.0	ダ1400		良	**	1:26.3	1.5	**	10-8	35.2-37.5	38.0	454(-4)			サディーク		202407030101
2022107325	2024-09-21	3中京6	晴	3.0	2歳未勝利		16	4.0	8	38.7	7.0	14	幸英明	55.0	ダ1400		良	**	1:27.9	2.7	**	3-2	34.7-38.4	41.0	452(-2)			ユウトザユウト		202407030603
2022107325	2024-11-24	6京都8	曇	1.0	2歳未勝利		16	6.0	11	19.1	8.0	1	高杉吏麒	54.0	ダ1200		良	**	1:12.6	-0.4	**	2-2	35.2-37.4	37.2	466(+14)			(ロードヴァルカン)	550.0	202408060801
2022107325	2024-12-08	7京都4	曇	6.0	2歳1勝クラス		10	1.0	1	79.5	6.0	7	団野大成	56.0	ダ1200		良	**	1:14.0	2.8	**	10-10	35.1-36.1	37.3	462(-4)			アメリカンステージ		202408070406
2022107325	2025-02-01	1京都1	曇	7.0	3歳1勝クラス		8	4.0	4	39.3	7.0	3	田口貫太	56.0	ダ1200		良	**	1:13.2	0.9	**	6-6	36.0-36.3	36.2	474(+12)			ドラゴンウェルズ	200.0	202508010107
2022107325	2025-02-16	1京都6	曇	4.0	3歳1勝クラス		11	3.0	3	42.9	8.0	10	田口貫太	56.0	ダ1400		稍	**	1:28.0	3.1	**	2-2	35.4-37.0	40.0	466(-8)			ピエマンソン		202508010604
2022107325	2025-04-20	2阪神8	曇	6.0	3歳1勝クラス		16	5.0	10	51.5	11.0	16	高杉吏麒	56.0	ダ1200		良	**	2:10.8	58.1	**	8-16	35.1-37.6	94.3	468(+2)			フェデラー		202509020806
2022107325	2025-08-16	3中京7	晴	9.0	3歳以上1勝クラス		16	8.0	16	72.0	10.0	16	川須栄彦	56.0	ダ1200		良	**	1:14.5	3.6	**	6-7	35.0-35.9	38.9	468(0)			ヤマニンシュラ		202507030709
2022107325	2025-11-15	4京都3	晴	12.0	3歳以上1勝クラス		18	7.0	14	93.4	13.0	18	松若風馬	57.0	芝1600		良	**	1:34.1	0.8	**	16-16	34.5-35.0	33.8	478(+10)			ジーティードレス		202508040312
2022107325	2025-12-20	5阪神5	晴	7.0	3歳以上1勝クラス		16	4.0	7	302.7	15.0	8	和田竜二	57.0	ダ1800		良	**	1:54.8	1.3	**	16-16-16-16	37.7-36.9	36.8	482(+4)			アカデミア		202509050507
2022107325	2026-01-11	1京都4	晴	6.0	4歳以上1勝クラス		14	1.0	1	27.6	8.0	8	高倉稜	57.0	ダ1800		良	**	1:54.7	1.4	**	13-14-13-14	36.6-37.3	37.1	482(0)			サンライズバレット		202608010406
2022110026	2025-05-25	1新潟8	小雨	1.0	3歳未勝利		16	7.0	13	7.2	5.0	4	佐々木大	57.0	芝1200		稍	**	1:11.1	0.5	**	3-3	34.8-35.8	35.7	476(0)			ティピティーナ	84.0	202504010801
2022110026	2025-06-07	3阪神1	曇	3.0	3歳未勝利		16	2.0	4	5.6	4.0	1	坂井瑠星	57.0	芝1200		良	**	1:08.9	0.0	**	1-1	34.7-34.2	34.2	474(-2)			(ブライアーヒル)	560.0	202509030103
2022110026	2025-07-06	2小倉4	晴	9.0	小郡特別(1勝クラス)		8	5.0	5	5.3	3.0	3	松山弘平	55.0	芝1200		良	**	1:09.0	0.6	**	2-2	33.7-34.7	35.3	476(+2)			ヒーローインチーフ	283.1	202510020409
2022110026	2025-07-20	2小倉8	晴	8.0	3歳以上1勝クラス		12	1.0	1	2.7	1.0	1	松山弘平	55.0	芝1200		良	**	1:08.8	0.0	**	1-1	33.3-35.5	35.5	482(+6)			(ブルーレース)	800.0	202510020808
2022110026	2025-09-13	4中山3	晴	10.0	汐留特別(2勝クラス)		11	6.0	6	4.2	2.0	2	石橋脩	56.0	芝1200		稍	**	1:08.4	0.1	**	1-1	35.1-33.2	33.3	484(+2)			モンシュマン	627.2	202506040310
2022110026	2025-09-27	4中山8	晴	10.0	勝浦特別(2勝クラス)		16	4.0	7	5.2	4.0	3	石橋脩	56.0	芝1200		良	**	1:07.9	0.3	**	1-1	33.8-33.8	34.1	486(+2)			ソーダーンライト	395.3	202506040810
2022110026	2025-10-26	3京都9	曇	8.0	壬生特別(2勝クラス)		14	8.0	14	3.8	2.0	4	ルメール	57.0	芝1200		稍	**	1:08.9	0.2	**	2-2	34.6-34.1	34.1	486(0)			モジャーリオ	230.0	202508030908
2022110026	2025-11-08	3福島1	晴	10.0	飯坂温泉特別(2勝クラス)		16	4.0	8	5.0	2.0	13	石川裕紀	57.0	芝1200		良	**	1:08.9	0.8	**	2-2	32.6-35.5	36.0	484(-2)			イツモニコニコ		202503030110
2022110026	2026-01-10	1京都3	晴	10.0	鹿ケ谷特別(2勝クラス)		18	6.0	12	11.5	5.0	3	松山弘平	57.0	芝1200		良	**	1:08.0	0.6	**	2-2	33.7-33.7	34.1	488(+4)			ジャスパーディビネ	405.8	202608010310
2022110056	2024-09-01	2中京8	雨	5.0	2歳新馬		11	3.0	3	2.2	1.0	1	松山弘平	55.0	芝1400		重	**	1:22.6	-0.1	**	1-1	35.3-35.1	35.1	462(0)			(チムグクル)	720.0	202407020805
2022110056	2024-10-05	4東京1	小雨	11.0	サウジアラビアRC(GIII)		7	7.0	7	7.8	3.0	7	松山弘平	56.0	芝1600		稍	**	1:34.2	1.2	**	2-2	34.0-35.3	36.3	466(+4)			アルテヴェローチェ		202405040111
2022110056	2024-12-21	7京都7	曇	9.0	万両賞(1勝クラス)		12	1.0	1	7.2	3.0	3	松山弘平	56.0	芝1400		良	**	1:22.0	0.3	**	3-3	35.9-34.0	34.1	466(0)			ライラ	273.6	202408070709
2022110056	2025-01-11	1中京3	晴	6.0	3歳1勝クラス		7	5.0	5	3.9	2.0	1	松山弘平	57.0	芝1200		良	**	1:10.0	-0.2	**	3-3	34.5-35.5	35.1	464(-2)			(ガンマジーティーピ)	800.0	202507010306
2022110056	2025-02-23	1京都8	曇	10.0	マーガレットS(L)		8	6.0	6	5.4	3.0	4	北村友一	57.0	芝1200		良	**	1:10.0	0.4	**	3-3	35.5-34.1	34.0	466(+2)			ポッドベイダー	300.0	202508010810
2022110056	2025-05-11	2京都6	曇	10.0	橘S(L)		11	8.0	10	8.0	4.0	8	高杉吏麒	57.0	芝1400		良	**	1:22.2	0.4	**	5-5	36.0-34.1	34.1	464(-2)			ムイ		202508020610
2022110056	2025-10-05	4東京2	曇	9.0	tvk賞(2勝クラス)		17	7.0	13	10.1	5.0	14	岩田望来	56.0	芝1400		良	**	1:20.6	0.8	**	2-2	33.9-34.3	35.0	484(+20)			ジュドー		202505040209
2022110056	2025-10-26	3京都9	曇	8.0	壬生特別(2勝クラス)		14	3.0	3	6.6	4.0	3	岩田望来	57.0	芝1200		稍	**	1:08.8	0.1	**	7-7	34.6-34.1	33.6	482(-2)			モジャーリオ	394.7	202508030908
2022110056	2025-11-08	3福島1	晴	10.0	飯坂温泉特別(2勝クラス)		16	5.0	10	5.0	3.0	3	横山琉人	57.0	芝1200		良	**	1:08.2	0.1	**	9-7	32.6-35.5	34.7	478(-4)			イツモニコニコ	396.2	202503030110
2022110056	2026-01-10	1京都3	晴	10.0	鹿ケ谷特別(2勝クラス)		18	3.0	5	3.6	1.0	5	岩田望来	57.0	芝1200		良	**	1:08.4	1.0	**	5-5	33.7-33.7	34.2	480(+2)			ジャスパーディビネ	158.0	202608010310
2022110130	2025-01-06	1中山2	曇	5.0	3歳新馬		16	5.0	10	2.3	1.0	2	戸崎圭太	55.0	芝1600		良	**	1:35.7	0.2	**	4-6-4	36.5-35.1	34.9	482(0)			ストレイトトーカー	250.0	202506010205
2022110130	2025-03-29	3中山1	雨	6.0	3歳1勝クラス		8	5.0	5	5.9	4.0	3	戸崎圭太	55.0	芝1800		稍	**	1:50.9	0.3	**	7-7-5-6	37.0-36.5	36.1	486(+4)			センツブラッド	200.0	202506030106
2022110130	2025-04-26	2東京1	曇	5.0	3歳未勝利		18	4.0	7	3.3	2.0	3	戸崎圭太	55.0	芝1400		良	**	1:21.2	0.2	**	4-5	34.3-35.0	34.9	480(-6)			フロウアンドライム	140.0	202505020105
2022110130	2025-05-17	2東京7	雨	5.0	3歳未勝利		18	1.0	1	2.2	1.0	1	ディー	55.0	芝1400		良	**	1:22.4	-0.2	**	6-6	35.1-35.2	34.7	478(-2)			(ウインイザナミ)	560.0	202505020705
2022110130	2025-08-30	3新潟3	晴	9.0	新発田城特別(1勝クラス)		18	7.0	14	2.5	1.0	3	戸崎圭太	53.0	芝1400		良	**	1:21.2	0.5	**	8-8	34.1-35.0	34.5	496(+18)			ポッドロワール	285.7	202504030309
2022110130	2025-09-28	4中山9	晴	7.0	3歳以上1勝クラス		16	3.0	6	7.3	3.0	3	佐々木大	54.0	芝1600		良	**	1:33.2	0.7	**	2-3-3	34.6-34.6	34.9	484(-12)			リバーバレイト	200.0	202506040907
2022110130	2025-10-18	4東京6	晴	7.0	3歳以上1勝クラス		17	5.0	9	4.1	1.0	6	横山武史	55.0	芝1400		良	**	1:21.0	0.9	**	7-7	34.8-33.9	34.1	486(+2)			ミクストベリーズ		202505040607
2023100101	2025-09-28	4中山9	晴	4.0	2歳新馬		16	3.0	5	94.6	10.0	14	菊沢一樹	55.0	ダ1200		良	**	1:16.5	3.9	**	6-7	35.2-37.4	40.8	480(0)			サノノアルペン		202506040904
2023100282	2025-12-06	5中山1	晴	6.0	2歳新馬		16	7.0	13	15.7	8.0	2	吉田豊	56.0	ダ1200		良	**	1:13.5	0.4	**	9-8	35.4-37.7	36.6	506(0)			トワイライトサイト	300.0	202506050106
2023100328	2025-06-14	3東京3	曇	5.0	2歳新馬		11	4.0	4	112.9	7.0	8	内田博幸	55.0	芝1600		良	**	1:39.0	2.3	**	5-4	37.1-34.5	36.4	426(0)			ドリームコア		202505030305
2023100328	2025-07-13	2福島6	晴	1.0	2歳未勝利		9	6.0	6	39.8	5.0	6	杉原誠人	55.0	芝1200		良	**	1:14.9	3.2	**	2-3	34.7-37.0	39.9	430(+4)			フォトンゲイザー		202503020601
2023100328	2025-08-17	2新潟8	晴	3.0	2歳未勝利		11	8.0	11	239.0	11.0	9	丸田恭介	55.0	芝1600		良	**	1:37.4	1.6	**	11-10	35.9-34.8	35.6	422(-8)			アルバンヌ		202504020803
2023100328	2025-11-01	4東京10	晴	2.0	2歳未勝利		12	7.0	9	121.8	8.0	10	丸田恭介	55.0	芝1400		稍	**	1:24.4	0.9	**	11-11	36.9-34.0	33.9	426(+4)			モルニケ		202505041002
2023100328	2025-12-06	5中山1	晴	1.0	2歳未勝利		15	4.0	7	114.4	10.0	8	柴田善臣	55.0	ダ1200		良	**	1:14.3	2.1	**	5-5	35.0-37.2	38.9	420(-6)			ビップムーラン		202506050101
2023100332	2025-08-31	3新潟4	晴	6.0	2歳新馬		15	3.0	4	296.5	15.0	5	柴田大知	55.0	ダ1800		良	**	1:57.9	2.7	**	5-5-9-7	37.9-37.4	39.1	472(0)			マテンロウダビンチ	75.0	202504030406
2023100332	2025-10-18	4新潟1	曇	2.0	2歳未勝利		14	7.0	11	32.2	7.0	8	江田照男	55.0	ダ1800		良	**	1:57.1	2.4	**	9-7-9-9	37.0-39.0	40.2	470(-2)			ゴールデンブラッド		202504040102
2023100332	2025-12-28	5中山8	晴	2.0	2歳未勝利		16	8.0	16	183.3	12.0	10	五十嵐雄	55.0	ダ1800		良	**	1:58.6	1.7	**	3-3-4-9	38.8-39.9	41.1	474(+4)			タイセツナヒ		202506050802
2023100332	2026-01-11	1中山4	曇	2.0	3歳未勝利		16	7.0	14	233.6	12.0	8	江田照男	55.0	ダ1800		良	**	1:59.2	2.3	**	11-10-11-11	37.2-39.2	40.6	476(+2)			ノーブルクラウド		202606010402
2023100578	2025-06-21	3東京5	晴	5.0	2歳新馬		12	5.0	6	206.0	10.0	12	大野拓弥	55.0	芝1800		良	**	1:52.2	4.4	**	11-12-12	36.3-34.7	35.9	480(0)			モノポリオ		202505030505
2023100578	2025-11-30	5東京8	晴	2.0	2歳未勝利		13	5.0	6	339.9	13.0	12	野中悠太	56.0	芝1600		良	**	1:37.1	2.4	**	7-10	35.8-33.9	35.3	480(0)			ゴバド		202505050802
2023100578	2026-01-05	1中山2	晴	3.0	3歳未勝利		12	1.0	1	144.0	10.0	8	野中悠太	57.0	ダ1800		稍	**	1:58.5	2.6	**	12-12-12-11	37.2-39.5	40.7	484(+4)			カフェラジェム		202606010203
2023100609	2026-01-11	1京都4	晴	2.0	3歳新馬		16	7.0	13	45.2	10.0	4	吉村誠之	55.0	ダ1800		良	**	1:55.6	0.4	**	7-9-8-6	36.5-40.1	39.0	504(0)			ハッピーラブソング	98.0	202608010402
2023100619	2025-10-18	3京都6	曇	6.0	2歳新馬		16	5.0	9	46.8	11.0	15	鮫島良太	56.0	ダ1400		稍	**	1:29.8	4.8	**	10-10	35.6-36.6	40.3	472(0)			エブリーポッシブル		202508030606
2023100619	2026-01-25	1小倉2	晴	7.0	3歳未勝利		18	7.0	15	83.1	13.0	16	古川奈穂	54.0	芝2000		良	**	2:01.9	2.4	**	8-9-11-16	34.8-35.0	36.5	486(+14)			ドッグウッド		202610010207
2023100629	2025-10-18	4東京6	晴	5.0	2歳新馬		16	1.0	2	32.3	8.0	8	長浜鴻緒	54.0	芝1600		良	**	1:35.1	1.0	**	9-10	35.9-34.0	34.1	532(0)			アドマイヤクワッズ		202505040605
2023100629	2025-11-15	5東京3	晴	2.0	2歳未勝利		17	8.0	17	36.0	7.0	14	津村明秀	56.0	芝1600		良	**	1:35.9	1.0	**	14-14	35.7-34.3	34.3	532(0)			スペルーチェ		202505050302
2023100629	2025-12-13	5中山3	曇	2.0	2歳未勝利		16	3.0	5	11.6	5.0	2	長浜鴻緒	54.0	ダ1800		良	**	1:56.4	0.9	**	4-4-3-3	38.0-38.6	39.2	530(-2)			イッテラッシャイ	220.0	202506050302
2023100629	2026-01-04	1中山1	晴	2.0	3歳未勝利		13	5.0	7	6.1	2.0	3	長浜鴻緒	55.0	ダ1800		稍	**	1:56.9	2.4	**	7-7-7-7	38.5-37.9	39.5	528(-2)			フィンガー	150.0	202606010102
2023100633	2025-10-11	4東京3	雨	4.0	2歳新馬		16	8.0	16	27.5	7.0	6	小林美駒	53.0	ダ1400		稍	**	1:28.5	3.1	**	15-13	36.2-37.0	37.1	454(0)			ウィッキドピケット		202505040304
2023100633	2025-10-26	4東京9	小雨	1.0	2歳未勝利		14	4.0	5	16.7	6.0	3	小林凌大	56.0	ダ1400		不	**	1:26.0	0.5	**	8-9	36.4-36.7	36.5	448(-6)			エスシーレイジュ	140.0	202505040901
2023100686	2025-07-06	2福島4	曇	4.0	2歳新馬		11	5.0	5	30.4	7.0	7	菊沢一樹	55.0	芝1200		良	**	1:12.7	1.1	**	1-1	35.9-35.7	36.8	450(0)			リネンタイリン		202503020404
2023100686	2025-07-26	2新潟1	晴	1.0	2歳未勝利		8	7.0	7	24.5	5.0	7	菊沢一樹	55.0	ダ1200		良	**	1:15.8	3.4	**	2-2	34.5-37.9	41.2	448(-2)			セイウンアインス		202504020101
2023100804	2025-09-20	4阪神6	曇	5.0	2歳新馬		14	3.0	4	36.0	8.0	11	池添謙一	55.0	芝1600		良	**	1:37.1	2.0	**	9-9	36.8-33.5	34.7	452(0)			グッドピース		202509040605
2023100804	2025-12-21	5阪神6	雨	3.0	2歳未勝利		18	3.0	6	419.4	16.0	16	池添謙一	55.0	芝1800		稍	**	1:49.3	1.8	**	15-17	35.2-35.3	35.5	440(-12)			エイズルブルーム		202509050603
2023100804	2026-01-11	1京都4	晴	1.0	3歳未勝利		16	1.0	1	254.1	16.0	11	橋木太希	52.0	ダ1800		良	**	1:57.6	2.7	**	7-8-9-9	37.1-37.7	39.4	440(0)			キタノシャカール		202608010401
2023100892	2025-05-08	門別	曇	5.0	JRA認定競走フレッ(新馬)(2歳)		8	8.0	8			取	宮内勇樹	55.0	ダ1100		良	**			**				計不			ミスティライズ		202530050805
2023100892	2025-11-24	5東京6	晴	6.0	2歳新馬		13	2.0	2	183.8	12.0	10	長浜鴻緒	53.0	芝1600		良	**	1:36.4	2.0	**	2-2	35.6-34.3	36.0	438(0)			フェルミアーク		202505050606
2023100892	2025-12-14	5中山4	雨	1.0	2歳未勝利		15	2.0	4	54.7	9.0	9	野中悠太	55.0	ダ1200		稍	**	1:14.1	1.2	**	8-8	34.2-38.7	39.1	434(-4)			ヴェネチアンキング		202506050401
2023100922	2026-01-12	1京都5	晴	4.0	3歳新馬		16	7.0	13	6.9	4.0	13	岩田望来	57.0	ダ1800		良	**	1:57.3	2.6	**	16-15-9-10	38.1-36.7	38.4	538(0)			アメリカンスタイル		202608010504
2023100940	2025-08-31	3新潟4	晴	6.0	2歳新馬		15	5.0	9	17.2	6.0	12	杉原誠人	55.0	ダ1800		良	**	2:00.0	4.8	**	9-8-5-7	37.9-37.4	41.6	502(0)			マテンロウダビンチ		202504030406
2023100940	2025-09-21	4中山7	晴	3.0	2歳未勝利		10	4.0	4	86.5	7.0	2	杉原誠人	55.0	芝1800		良	**	1:49.6	0.2	**	3-3-3-3	36.7-35.4	35.0	500(-2)			パントルナイーフ	220.0	202506040703
2023100940	2025-10-11	4東京3	雨	3.0	2歳未勝利		10	1.0	1	3.9	2.0	1	杉原誠人	56.0	芝1800		良	**	1:48.6	-0.1	**	1-1-1	37.5-33.4	33.4	506(+6)			(リスレジャンデール)	560.0	202505040303
2023100940	2025-11-24	5東京6	晴	11.0	東京スポーツ杯2歳S(GII)		12	1.0	1	39.6	10.0	5	杉原誠人	56.0	芝1800		良	**	1:46.5	0.5	**	2-3-4	35.9-33.5	33.5	512(+6)			パントルナイーフ	380.0	202505050611
2023100967	2025-09-21	4阪神7	晴	5.0	2歳新馬		9	1.0	1	36.7	8.0	1	松若風馬	55.0	芝1800		良	**	1:47.2	-0.1	**	7-8	36.5-34.4	33.6	454(0)			(コスモフィレンツェ)	750.0	202509040705
2023100997	2025-11-30	4京都8	晴	3.0	2歳新馬		13	6.0	9	3.2	2.0	2	藤懸貴志	55.0	芝1200		良	**	1:10.0	0.1	**	2-2	35.3-34.6	34.6	466(0)			オンザマーチ	300.0	202508040803
2023101048	2025-11-02	4東京11	曇	5.0	2歳新馬		9	3.0	3	15.1	5.0	3	プーシャ	55.0	芝2000		良	**	2:04.0	0.4	**	5-5-5	37.8-34.0	33.8	428(0)			アローメタル	190.0	202505041105
2023101070	2026-01-10	1中山3	晴	5.0	3歳新馬		15	7.0	12	110.1	13.0	13	内田博幸	57.0	芝2000		良	**	2:04.7	2.5	**	6-6-12-13	37.0-34.7	36.5	444(0)			ランザワールド		202606010305
2023101113	2025-08-02	3中京3	晴	2.0	2歳新馬		7	2.0	2	35.8	5.0	5	幸英明	55.0	芝1600		良	**	1:36.1	0.7	**	6-6-6	36.7-34.2	34.4	458(0)			コニーアイランド	75.0	202507030302
2023101113	2025-08-23	4中京1	曇	3.0	2歳未勝利		9	7.0	7	59.3	6.0	7	菱田裕二	55.0	芝1400		良	**	1:22.2	1.0	**	7-7	35.3-34.1	34.4	468(+10)			メイショウハッケイ		202507040103
2023101113	2025-09-14	4阪神4	曇	1.0	2歳未勝利		13	6.0	9	18.4	6.0	2	菱田裕二	55.0	ダ1400		良	**	1:25.2	1.2	**	7-5	34.6-37.3	37.4	448(-20)			ラブルラウザー	220.0	202509040401
2023101113	2025-12-20	5阪神5	晴	1.0	2歳未勝利		16	5.0	9	2.4	1.0	3	岩田望来	55.0	ダ1400		良	**	1:26.7	1.2	**	5-4	34.4-38.7	39.1	454(+6)			ゴールデンバランス	140.0	202509050501
2023101113	2026-01-12	1京都5	晴	3.0	3歳未勝利		16	6.0	11	6.7	4.0	1	岩田望来	55.0	ダ1400		良	**	1:26.6	-0.2	**	4-3	35.5-38.3	37.9	462(+8)			(アンティスマ)	590.0	202608010503
2023101125	2025-10-11	4東京3	雨	6.0	2歳新馬		16	4.0	8	77.7	14.0	6	津村明秀	56.0	ダ1600		稍	**	1:41.3	1.4	**	13-13	36.0-38.3	38.3	482(0)			セイントエルモズ		202505040306
2023101125	2025-12-13	5中山3	曇	2.0	2歳未勝利		16	4.0	7	50.6	8.0	6	津村明秀	56.0	ダ1800		良	**	1:57.6	2.1	**	7-6-1-1	38.0-38.6	40.7	488(+6)			イッテラッシャイ		202506050302
2023101145	2025-10-18	3京都6	小雨	5.0	2歳新馬		13	7.0	11	12.4	4.0	6	鮫島克駿	55.0	芝1600		良	**	1:35.9	1.1	**	9-9	36.1-34.6	34.8	514(0)			スウィートハピネス		202508030605
2023101145	2026-01-10	1京都3	晴	5.0	3歳未勝利		18	2.0	4	116.0	13.0	8	鮫島克駿	55.0	芝1600		良	**	1:36.0	0.8	**	12-13	34.8-35.6	35.6	498(-16)			ダンデノン		202608010305
2023101215	2025-10-05	4東京2	晴	5.0	2歳新馬		15	1.0	1	21.9	8.0	8	木幡巧也	55.0	芝2000		良	**	2:02.7	1.9	**	13-15-12	37.6-34.5	35.2	452(0)			ゴーイントゥスカイ		202505040205
2023101215	2025-10-26	4東京9	小雨	2.0	2歳未勝利		10	6.0	6	21.5	6.0	3	石橋脩	55.0	芝2000		稍	**	2:01.9	0.8	**	8-8-6	36.1-36.1	36.2	458(+6)			セヴェロ	140.0	202505040902
2023101215	2025-11-15	5東京3	晴	4.0	2歳未勝利		13	8.0	13	71.4	8.0	10	石橋脩	55.0	芝2000		良	**	2:01.8	1.0	**	12-12-12	37.0-34.1	34.2	460(+2)			オルフセン		202505050304
2023101260	2025-11-29	5東京7	晴	4.0	2歳新馬		16	5.0	9	31.0	8.0	9	丹内祐次	55.0	ダ1400		良	**	1:28.7	2.8	**	15-15	35.8-37.2	38.4	434(0)			オクトーバーナイン		202505050704
2023101260	2025-12-27	5中山7	曇	3.0	2歳未勝利		16	3.0	6	138.0	11.0	16	横山武史	55.0	ダ1200		稍	**	1:23.3	11.6	**	16-16	33.7-38.0	41.4	430(-4)			パータリプトラ		202506050703
2023101404	2025-12-13	5中京3	曇	5.0	2歳新馬		12	1.0	1	112.9	9.0	6	松本大輝	54.0	芝2000		良	**	2:02.3	0.9	**	6-4-4-5	36.9-33.6	34.2	414(0)			イベントホライゾン		202507050305
2023101404	2026-01-17	1京都6	晴	5.0	3歳未勝利		18	1.0	2	143.6	12.0	4	大久保友	52.0	芝2000		良	**	2:01.3	0.2	**	18-18-17-14	34.8-36.8	35.1	406(-8)			ラコンチャビエン	89.0	202608010605
2023101438	2025-12-27	5中山7	曇	6.0	2歳新馬		14	8.0	13	108.9	11.0	14	丸山元気	55.0	ダ1200		稍	**	1:18.4	6.5	**	11-13	34.2-37.7	42.1	460(0)			ジェラートキティ		202506050706
2023101566	2025-08-30	3新潟3	曇	5.0	2歳新馬		18	4.0	7	26.1	6.0	4	菅原明良	55.0	芝1400		良	**	1:23.5	0.4	**	4-4	35.2-35.7	35.8	486(0)			ミツカネベネラ	110.0	202504030305
2023101566	2025-09-27	4中山8	曇	2.0	2歳未勝利		16	7.0	14	25.5	7.0	3	菅原明良	55.0	芝1600		良	**	1:34.4	0.5	**	5-8-8	35.0-34.8	34.8	488(+2)			ホワイトドラゴン	140.0	202506040802
2023101566	2025-10-19	4東京7	曇	2.0	2歳未勝利		8	7.0	7	2.5	2.0	1	菅原明良	56.0	芝1600		良	**	1:34.4	-0.5	**	5-5	35.5-34.9	33.6	492(+4)			(テルケンレンスキー)	560.0	202505040702
2023101566	2025-12-20	5中山5	曇	9.0	ひいらぎ賞(1勝クラス)		12	6.0	7	13.0	5.0	3	菅原明良	56.0	芝1600		良	**	1:33.4	0.5	**	11-8-8	34.9-34.4	34.2	498(+6)			クレパスキュラー	283.6	202506050509
2023101577	2025-11-22	4京都5	晴	5.0	2歳新馬		17	2.0	3	72.1	13.0	12	西村淳也	56.0	芝1600		良	**	1:36.0	1.6	**	14-14	34.6-35.3	35.3	526(0)			アルトラムス		202508040505
2023101577	2025-12-13	5阪神3	晴	7.0	2歳未勝利		8	6.0	6	87.1	7.0	6	吉村誠之	55.0	芝2000		良	**	2:01.9	1.0	**	3-3-3-3	36.6-35.3	36.1	528(+2)			ヨカオウ		202509050307
2023101577	2025-12-27	5阪神7	晴	4.0	2歳未勝利		15	6.0	10	51.8	7.0	1	和田竜二	56.0	芝1600		良	**	1:33.8	-0.1	**	1-1	34.6-35.4	35.4	526(-2)			(マゲバスピード)	560.0	202509050704
2023101577	2026-01-12	1京都5	晴	11.0	日刊スポシンザン記念(GIII)		16	3.0	5	67.6	13.0	15	高杉吏麒	57.0	芝1600		良	**	1:35.4	2.0	**	2-2	34.5-35.1	36.7	520(-6)			サンダーストラック		202608010511
2023101606	2025-10-26	4東京9	小雨	6.0	2歳新馬		18	6.0	11	16.7	7.0	16	泉谷楓真	56.0	芝1400		稍	**	1:25.0	1.7	**	16-16	35.9-34.9	34.5	490(0)			エゴンウレア		202505040906
2023101606	2025-11-22	4京都5	晴	3.0	2歳未勝利		18	4.0	8	47.1	8.0	15	小崎綾也	56.0	芝1200		良	**	1:12.3	3.7	**	18-17	33.6-35.0	36.5	494(+4)			トップアタック		202508040503
2023101644	2025-10-25	4東京8	小雨	6.0	2歳新馬		16	7.0	13	85.6	11.0	10	大野拓弥	56.0	ダ1600		稍	**	1:40.1	2.5	**	15-16	36.4-36.2	36.7	478(0)			ホウオウルクソール		202505040806
2023101644	2025-11-09	5東京2	小雨	2.0	2歳未勝利		16	2.0	4	158.5	8.0	6	遠藤汰月	53.0	ダ1600		稍	**	1:39.6	2.0	**	11-10	35.4-37.2	38.2	478(0)			サンラザール		202505050202
2023101644	2025-12-06	5中山1	晴	4.0	2歳未勝利		16	8.0	16	65.8	8.0	5	木幡巧也	56.0	ダ1800		良	**	1:55.1	0.5	**	8-8-5-4	37.0-38.7	38.3	472(-6)			ショウナンパトス	56.0	202506050104
2023101644	2025-12-20	5中山5	曇	7.0	2歳未勝利		16	8.0	15	8.4	5.0	5	木幡巧也	56.0	ダ1800		良	**	1:57.0	1.7	**	7-8-7-6	38.2-38.4	39.5	472(0)			エコロガノン	56.0	202506050507
2023101644	2026-01-04	1中山1	晴	2.0	3歳未勝利		13	2.0	2	13.0	4.0	4	大野拓弥	57.0	ダ1800		稍	**	1:57.1	2.6	**	10-10-10-5	38.5-37.9	39.3	470(-2)			フィンガー	89.0	202606010102
2023101742	2026-01-11	1京都4	晴	2.0	3歳新馬		16	1.0	1	53.4	12.0	12	古川吉洋	55.0	ダ1800		良	**	1:57.7	2.5	**	16-16-16-16	36.5-40.1	39.2	490(0)			ハッピーラブソング		202608010402
2023101742	2026-01-24	1小倉1	曇	1.0	3歳未勝利		10	3.0	3	107.2	10.0	10	古川吉洋	55.0	ダ1700		良	**	1:50.8	3.4	**	10-10-9-10	30.7-38.6	40.6	480(-10)			アンコールアゲイン		202610010101
2023101878	2025-11-16	5東京4	晴	4.0	2歳新馬		16	5.0	10	101.3	11.0	12	吉村誠之	54.0	ダ1600		良	**	1:42.3	1.8	**	11-12	36.9-36.9	37.5	432(0)			アジアントレジャー		202505050404
2023101878	2026-01-12	1中山5	晴	2.0	3歳未勝利		16	7.0	13	196.8	14.0	15	長浜鴻緒	53.0	ダ1800		良	**	2:00.8	4.1	**	14-14-16-16	38.6-38.9	40.2	420(-12)			ホールドザデイ		202606010502
2023101880	2025-10-13	4東京5	晴	5.0	2歳新馬		13	3.0	3	25.8	6.0	6	石川裕紀	56.0	芝1800		良	**	1:48.0	0.6	**	1-1-1	36.2-34.7	35.3	460(0)			スタニングレディ		202505040505
2023101880	2025-11-01	4東京10	晴	1.0	2歳未勝利		16	1.0	1	20.5	4.0	13	石川裕紀	56.0	ダ1600		不	**	1:39.9	3.9	**	4-5	34.6-37.3	40.5	460(0)			アルカディアカフェ		202505041001
2023101880	2025-11-15	5東京3	晴	4.0	2歳未勝利		13	5.0	7	59.4	7.0	12	津村明秀	56.0	芝2000		良	**	2:02.1	1.3	**	3-3-2	37.0-34.1	35.3	466(+6)			オルフセン		202505050304
2023101907	2025-10-26	4東京9	小雨	5.0	2歳新馬		16	6.0	12	147.9	15.0	15	柴田大知	55.0	芝1800		稍	**	1:52.8	3.2	**	12-12-12	37.8-34.4	35.9	476(0)			ヴァリスマリネリス		202505040905
2023101907	2025-11-29	5東京7	晴	3.0	2歳未勝利		12	2.0	2	442.6	12.0	12	木幡初也	55.0	芝1800		良	**	1:50.4	2.5	**	9-11-9	36.0-34.4	36.0	482(+6)			ブリガンティン		202505050703
2023101988	2025-11-02	3京都11	晴	3.0	2歳新馬		16	4.0	8	190.9	15.0	12	国分優作	55.0	ダ1400		稍	**	1:28.5	3.7	**	10-10	36.0-36.2	38.6	460(0)			メイショウカクウチ		202508031103
2023101988	2026-01-10	1京都3	晴	1.0	3歳未勝利		16	1.0	2	221.2	14.0	7	国分優作	55.0	ダ1800		良	**	1:56.6	1.8	**	10-8-9-7	36.9-38.1	38.9	448(-12)			クイーンズドリーム		202608010301
2023102033	2025-11-16	5東京4	晴	5.0	2歳新馬		12	6.0	7	70.8	7.0	7	横山和生	55.0	芝1600		良	**	1:36.2	1.3	**	10-9	35.3-35.2	34.6	480(0)			マテンロウネイビー		202505050405
2023102033	2025-12-06	5中山1	晴	2.0	2歳未勝利		13	2.0	2	23.7	8.0	4	石田拓郎	52.0	ダ1800		良	**	1:56.8	0.4	**	11-11-12-10	37.0-40.3	39.5	476(-4)			ハニーオーケストラ	84.0	202506050102
2023102033	2025-12-28	5中山8	晴	2.0	2歳未勝利		16	6.0	12	11.5	4.0	2	横山和生	55.0	ダ1800		良	**	1:57.0	0.1	**	16-16-4-2	38.8-39.9	39.4	478(+2)			タイセツナヒ	220.0	202506050802
2023102033	2026-01-11	1中山4	曇	2.0	3歳未勝利		16	6.0	12	3.7	3.0	6	横山和生	55.0	ダ1800		良	**	1:58.9	2.0	**	16-16-9-7	37.2-39.2	40.5	472(-6)			ノーブルクラウド		202606010402
2023102080	2026-01-12	1京都5	晴	5.0	3歳新馬		18	6.0	12	60.1	12.0	7	河原田菜	51.0	芝1600		良	**	1:37.1	1.2	**	8-10	36.1-34.8	35.3	420(0)			ニシノサリーナ		202608010505
2023102208	2025-06-21	1函館3	曇	5.0	2歳新馬		15	5.0	8	58.5	10.0	4	古川吉洋	55.0	芝1200		良	**	1:09.1	0.9	**	6-6	33.4-34.8	34.8	442(0)			ブラックチャリス	110.0	202502010305
2023102208	2025-07-05	1函館7	晴	1.0	2歳未勝利		8	6.0	6	5.0	3.0	2	古川吉洋	55.0	芝1200		重	**	1:10.6	0.2	**	3-3	34.1-36.3	36.3	440(-2)			トウカイマシェリ	220.0	202502010701
2023102208	2025-07-20	1函館12	晴	1.0	2歳未勝利		16	8.0	16	5.1	2.0	8	古川奈穂	52.0	芝1200		良	**	1:10.1	1.0	**	2-2	33.8-35.3	36.1	440(0)			クワイエットアイ		202502011201
2023102208	2025-09-06	2札幌5	晴	2.0	2歳未勝利		11	8.0	10	3.1	1.0	4	古川吉洋	55.0	芝1200		良	**	1:10.9	1.2	**	3-4	34.7-35.0	35.9	440(0)			ラスベガスサイン	84.0	202501020502
2023102208	2025-09-27	4阪神8	晴	1.0	2歳未勝利		15	5.0	8	5.8	3.0	2	古川吉洋	55.0	ダ1400		良	**	1:26.3	0.8	**	8-7	35.2-37.5	37.6	442(+2)			ブロンテス	220.0	202509040801
2023102208	2025-10-12	3京都4	曇	1.0	2歳未勝利		12	4.0	4	4.3	3.0	1	古川吉洋	55.0	ダ1400		良	**	1:25.4	-0.1	**	9-9	34.2-38.8	37.8	444(+2)			(フィアーブル)	560.0	202508030401
2023102208	2025-11-30	4京都8	晴	9.0	白菊賞(1勝クラス)		11	1.0	1	115.6	9.0	8	古川吉洋	55.0	芝1600		良	**	1:35.1	1.5	**	10-8	35.3-34.6	35.4	444(0)			マーゴットラヴミー		202508040809
2023102208	2025-12-21	5中京6	雨	9.0	寒椿賞(1勝クラス)		16	3.0	5	61.8	12.0	4	長岡禎仁	55.0	ダ1400		稍	**	1:24.8	0.3	**	7-7	34.7-37.3	37.1	444(0)			カタリテ	170.0	202507050609
2023102266	2025-09-28	4中山9	晴	5.0	2歳新馬		17	6.0	12	170.4	15.0	11	菊沢一樹	55.0	芝2000		良	**	2:03.1	1.9	**	11-11-11-12	36.5-35.0	35.4	442(0)			エピックフライト		202506040905
2023102266	2025-10-12	4東京4	曇	3.0	2歳未勝利		10	7.0	7	217.6	10.0	9	菊沢一樹	56.0	芝2000		良	**	2:01.7	1.7	**	8-9-7	36.6-34.9	35.5	442(0)			チャリングクロス		202505040403
2023102266	2026-01-18	1中山7	晴	3.0	3歳未勝利		13	5.0	6	242.4	10.0	10	菊沢一樹	57.0	ダ1800		良	**	2:00.7	5.0	**	11-11-11-10	38.0-38.6	42.7	446(+4)			サイモフェーン		202606010703
2023102305	2025-10-25	4東京8	小雨	4.0	2歳新馬		16	7.0	14	287.2	16.0	16	水沼元輝	52.0	ダ1400		稍	**	1:30.0	3.1	**	10-14	36.7-37.6	38.9	446(0)			ジャレッド		202505040804
2023102305	2025-11-08	5東京1	曇	1.0	2歳未勝利		15	6.0	12	541.4	14.0	7	柴田大知	55.0	ダ1300		良	**	1:21.8	2.5	**	13-13	29.4-37.1	37.7	446(0)			プルメリアリノ		202505050101
2023102305	2025-11-23	5東京5	曇	1.0	2歳未勝利		16	6.0	12	398.5	16.0	9	柴田大知	55.0	ダ1300		良	**	1:21.4	1.1	**	15-15	30.1-37.6	36.9	438(-8)			ロードストラダーレ		202505050501
2023102305	2025-12-14	5中山4	雨	1.0	2歳未勝利		15	4.0	8	194.5	11.0	7	柴田大知	55.0	ダ1200		稍	**	1:13.7	0.8	**	10-10	34.2-38.7	38.2	436(-2)			ヴェネチアンキング		202506050401
2023102305	2026-01-11	1中山4	曇	1.0	3歳未勝利		16	5.0	9	202.3	13.0	7	柴田大知	55.0	ダ1200		良	**	1:15.4	1.5	**	9-8	35.8-38.1	38.6	436(0)			ゼファーテソーロ		202606010401
2023102333	2025-09-21	4中山7	晴	5.0	2歳新馬		10	8.0	10	166.3	10.0	8	木幡巧也	55.0	芝2000		良	**	2:04.8	1.6	**	9-9-9-10	38.2-34.3	35.0	452(0)			フロレセール		202506040705
2023102333	2025-10-19	4新潟2	曇	1.0	2歳未勝利		12	8.0	12	69.8	11.0	8	黛弘人	56.0	芝2000		稍	**	2:02.8	1.2	**	11-11-11-12	35.0-36.4	36.3	466(+14)			ステラスペース		202504040201
2023102333	2026-01-11	1中山4	晴	6.0	3歳未勝利		17	5.0	9	113.5	13.0	7	木幡初也	57.0	芝2200		良	**	2:14.5	0.7	**	7-9-9-9	36.6-36.1	36.1	468(+2)			グランアルト		202606010406
2023102435	2026-01-10	1京都3	晴	3.0	3歳新馬		16	4.0	7	8.0	4.0	11	ハマーハ	57.0	ダ1400		良	**	1:27.4	2.2	**	9-8	35.8-37.0	38.1	426(0)			ビービークローサー		202608010303
2023102442	2025-06-29	2福島2	晴	5.0	2歳新馬		13	5.0	6	173.1	12.0	8	横山琉人	54.0	芝1800		良	**	1:51.5	2.0	**	9-8-10-10	35.6-36.5	36.6	428(0)			ロスパレドネス		202503020205
2023102442	2025-07-12	2福島5	曇	1.0	2歳未勝利		10	6.0	6	132.7	9.0	5	横山琉人	55.0	芝1800		良	**	1:52.2	1.3	**	4-3-2-2	36.1-36.8	37.9	426(-2)			ブラックハヤテ	56.0	202503020501
2023102442	2025-08-23	3新潟1	晴	1.0	2歳未勝利		6	2.0	2	5.6	3.0	2	荻野極	55.0	芝2000		良	**	2:04.9	0.1	**	1-1-1-1	37.1-36.4	36.5	420(-6)			ストロングエース	220.0	202504030101
2023102442	2025-10-19	4新潟2	曇	1.0	2歳未勝利		12	5.0	6	13.2	5.0	4	菊沢一樹	56.0	芝2000		稍	**	2:02.4	0.8	**	5-5-3-3	35.0-36.4	36.8	426(+6)			ステラスペース	84.0	202504040201
2023102442	2025-11-15	3福島3	晴	3.0	2歳未勝利		16	1.0	1	23.1	8.0	8	菊沢一樹	56.0	芝2000		良	**	2:01.7	0.6	**	6-3-5-5	34.5-36.0	36.3	426(0)			アメティスタ		202503030303
2023102442	2025-12-06	5中京1	晴	5.0	2歳未勝利		14	1.0	1	17.1	6.0	6	菊沢一樹	56.0	芝2000		良	**	2:02.6	1.3	**	3-3-3-3	36.9-34.4	35.5	434(+8)			アクロフェイズ		202507050105
2023102442	2026-01-11	1中山4	晴	6.0	3歳未勝利		17	8.0	16	53.9	9.0	10	菊沢一樹	57.0	芝2200		良	**	2:14.7	0.9	**	7-6-6-6	36.6-36.1	36.5	432(-2)			グランアルト		202606010406
2023102459	2025-07-06	1函館8	曇	5.0	2歳新馬		6	5.0	5	11.6	4.0	6	鮫島克駿	55.0	芝1800		稍	**	1:54.0	2.9	**	2-3-3-3	38.5-35.5	38.0	492(0)			ショウナンガルフ		202502010805
2023102459	2025-08-03	1札幌4	晴	1.0	2歳未勝利		12	8.0	12	9.7	6.0	5	松本大輝	54.0	ダ1000		良	**	1:01.3	0.8	**	3-3	34.8-37.3	37.9	486(-6)			アンティミスト	56.0	202501010401
2023102459	2025-10-25	4新潟3	晴	2.0	2歳未勝利		15	8.0	15	15.1	8.0	15	松本大輝	55.0	ダ1200		良	**	1:17.7	5.6	**	4-10	34.5-37.6	42.7	480(-6)			レディサン		202504040302
2023102459	2025-12-27	5阪神7	晴	3.0	2歳未勝利		16	8.0	15	125.5	10.0	9	松本大輝	55.0	ダ1400		稍	**	1:27.2	1.8	**	2-2	35.2-37.7	39.4	486(+6)			ハグレジョー		202509050703
2023102459	2026-01-24	1京都8	晴	2.0	3歳未勝利		14	8.0	13	26.0	6.0	9	高杉吏麒	57.0	ダ1200		良	**	1:15.0	0.9	**	12-12	37.1-37.0	36.5	492(+6)			リアルアルバ		202608010802
2023102504	2025-12-21	5中山6	曇	5.0	2歳新馬		16	2.0	3	67.0	11.0	4	佐々木大	56.0	芝1600		重	**	1:36.0	0.9	**	6-6-5	35.3-35.7	35.9	448(0)			ロデオドライブ	110.0	202506050605
2023102504	2026-01-10	1中山3	晴	7.0	3歳未勝利		16	8.0	15	32.6	6.0	5	佐々木大	57.0	芝1600		良	**	1:34.9	0.9	**	8-6-6	35.4-34.7	34.9	442(-6)			ディールメーカー	59.0	202606010307
2023102527	2025-10-18	4東京6	晴	4.0	2歳新馬		18	5.0	10	67.1	11.0	12	大野拓弥	55.0	芝1400		良	**	1:24.4	1.1	**	2-2	36.8-33.8	34.8	420(0)			エピッククイーン		202505040604
2023102530	2025-11-16	3福島4	晴	6.0	2歳新馬		15	4.0	7	114.9	14.0	15	石田拓郎	53.0	ダ1700		良	**	1:53.4	6.5	**	6-6-8-9	30.6-38.3	43.8	484(0)			ロンギングフォユー		202503030406
2023102589	2025-09-28	4阪神9	晴	5.0	2歳新馬		18	8.0	18	100.4	17.0	14	森田誠也	52.0	芝1400		良	**	1:25.2	0.9	**	12-10	36.1-35.5	35.7	418(0)			プレダトゥール		202509040905
2023102589	2025-11-22	4京都5	晴	2.0	2歳未勝利		15	5.0	8	106.9	9.0	6	団野大成	56.0	ダ1800		良	**	1:54.9	2.2	**	10-11-11-7	36.8-37.5	38.7	420(+2)			ジャスティンダラス		202508040502
2023102589	2025-12-06	5阪神1	晴	2.0	2歳未勝利		16	8.0	16	184.0	13.0	7	団野大成	56.0	ダ1800		良	**	1:55.8	2.1	**	10-12-12-11	37.3-37.4	38.3	418(-2)			ヴォーカライズ		202509050102
2023102630	2025-12-27	5阪神7	晴	6.0	2歳新馬		11	8.0	11	6.0	5.0	6	ルメール	56.0	ダ1800		稍	**	1:56.7	2.7	**	7-8-7-7	38.0-36.8	38.6	552(0)			アメリカンコール		202509050706
2023102630	2026-01-17	1京都6	晴	3.0	3歳未勝利		13	5.0	7	8.0	4.0	6	ルメール	57.0	ダ1900		良	**	2:04.0	1.9	**	10-9-9-10	30.4-38.6	39.3	548(-4)			テスタヴェローチェ		202608010603
2023102642	2025-07-06	1函館8	曇	5.0	2歳新馬		6	2.0	2	44.3	5.0	4	松本大輝	54.0	芝1800		稍	**	1:53.4	2.3	**	6-5-4-6	38.5-35.5	37.0	470(0)			ショウナンガルフ	110.0	202502010805
2023102642	2025-07-19	1函館11	曇	1.0	2歳未勝利		11	8.0	11	87.0	7.0	7	松本大輝	54.0	芝1800		良	**	1:50.8	1.8	**	9-9-8-8	36.3-35.3	35.9	468(-2)			スマートプリエール		202502011101
2023102642	2025-08-02	1札幌3	晴	1.0	2歳未勝利		8	6.0	6	51.2	7.0	7	松本大輝	54.0	芝1800		良	**	1:51.3	1.1	**	5-5-6-6	36.4-35.8	36.2	474(+6)			ジャストビート		202501010301
2023102642	2025-09-20	4阪神6	曇	2.0	2歳未勝利		7	1.0	1	143.6	7.0	7	松本大輝	54.0	芝2000		良	**	2:01.3	1.6	**	5-4-5-6	35.8-36.3	37.4	472(-2)			エチゴドラゴン		202509040602
2023102642	2025-12-06	5中京1	晴	5.0	2歳未勝利		14	7.0	12	158.2	11.0	13	和田陽希	53.0	芝2000		良	**	2:02.9	1.6	**	12-12-13-13	36.9-34.4	34.1	474(+2)			アクロフェイズ		202507050105
2023102662	2026-01-04	1中山1	晴	6.0	3歳新馬		17	6.0	12	61.3	15.0	3	遠藤汰月	54.0	芝2000		良	**	2:04.2	0.2	**	12-12-12-9	38.2-35.6	34.8	474(0)			トップオブザライン	160.0	202606010106
2023102730	2025-07-20	2福島8	晴	5.0	2歳新馬		13	2.0	2	3.3	2.0	3	丸山元気	55.0	芝2000		良	**	2:05.1	1.3	**	1-1-1-1	37.1-36.4	37.7	458(0)			オブラプリーマ	190.0	202503020805
2023102730	2025-08-30	3新潟3	曇	3.0	2歳未勝利		11	8.0	10	4.1	3.0	2	三浦皇成	55.0	芝1800		良	**	1:48.1	0.3	**	8-8	35.0-34.8	34.8	464(+6)			ドナルンバ	220.0	202504030303
2023102730	2025-09-27	4中山8	曇	2.0	2歳未勝利		16	7.0	13	8.3	3.0	4	三浦皇成	55.0	芝1600		良	**	1:34.5	0.6	**	5-4-4	35.0-34.8	35.1	480(+16)			ホワイトドラゴン	84.0	202506040802
2023102730	2025-10-25	4新潟3	晴	3.0	2歳未勝利		13	8.0	12	2.5	1.0	1	丸山元気	56.0	芝1800		良	**	1:48.7	-0.3	**	10-9	36.3-34.4	33.6	476(-4)			(ローズプリンセス)	560.0	202504040303
2023102730	2025-12-06	5中京1	晴	9.0	こうやまき賞(1勝クラス)		8	1.0	1	22.2	6.0	7	丸山元気	56.0	芝1600		良	**	1:37.6	0.8	**	7-7-7	37.4-33.6	33.5	482(+6)			クールデイトナ		202507050109
2023102737	2025-10-19	4新潟2	曇	5.0	2歳新馬		18	3.0	5	42.3	12.0	14	江田照男	55.0	芝1400		稍	**	1:25.1	1.4	**	3-3	35.7-35.9	37.0	422(0)			ヘルモソブレード		202504040205
2023102737	2026-01-05	1中山2	晴	6.0	3歳未勝利		18	4.0	8	292.0	17.0	15	長浜鴻緒	53.0	芝2000		良	**	2:02.6	1.5	**	1-1-1-2	35.5-36.1	37.6	412(-10)			イモータリス		202606010206
2023102797	2025-10-11	4東京3	雨	5.0	2歳新馬		14	1.0	1	11.2	5.0	11	丹内祐次	56.0	芝1600		良	**	1:37.2	0.7	**	1-1	36.8-34.0	34.7	458(0)			シュペルリング		202505040305
2023102833	2025-12-06	5阪神1	晴	5.0	2歳新馬		10	2.0	2	160.3	9.0	8	丸田恭介	56.0	芝2000		良	**	2:06.3	1.9	**	7-7-8-9	38.0-34.3	35.4	504(0)			エルハーベン		202509050105
2023102833	2026-01-11	1中山4	晴	6.0	3歳未勝利		17	3.0	6	165.8	15.0	11	丸田恭介	57.0	芝2200		良	**	2:15.0	1.2	**	9-11-13-11	36.6-36.1	36.2	512(+8)			グランアルト		202606010406
2023102891	2025-09-28	4阪神9	晴	4.0	2歳新馬		9	4.0	4	7.9	5.0	3	田口貫太	55.0	ダ1800		良	**	1:55.7	0.9	**	3-3-5-4	39.2-37.0	37.5	458(0)			ジュウリョクピエロ	190.0	202509040904
2023102891	2025-10-12	3京都4	曇	2.0	2歳未勝利		7	4.0	4	8.1	6.0	5	田口貫太	55.0	ダ1800		良	**	1:55.6	1.8	**	3-3-3-3	37.6-37.7	39.2	456(-2)			サイン	56.0	202508030402
2023102891	2025-11-22	3福島5	晴	1.0	2歳未勝利		14	3.0	4	12.3	4.0	8	松本大輝	54.0	ダ1700		良	**	1:49.5	1.5	**	8-7-9-9	30.7-39.3	40.1	456(0)			ウィングブルー		202503030501
2023102964	2025-06-08	3東京2	曇	5.0	2歳新馬		10	5.0	5	115.5	8.0	10	松山弘平	55.0	芝1800		良	**	1:51.6	4.8	**	7-10-10	35.4-34.8	37.7	466(0)			ダノンヒストリー		202505030205
2023102964	2025-09-06	2札幌5	晴	1.0	2歳未勝利		10	8.0	10	40.5	7.0	4	松本大輝	54.0	ダ1700		良	**	1:50.0	1.2	**	9-9-3-2	30.9-39.0	39.9	464(-2)			リピース	84.0	202501020501
2023102964	2025-09-28	4中山9	晴	1.0	2歳未勝利		12	7.0	9	87.6	8.0	10	菊沢一樹	55.0	ダ1800		良	**	1:58.1	3.5	**	9-9-9-9	37.3-39.0	41.5	468(+4)			ハイライトニング		202506040901
2023102964	2025-11-24	5東京6	晴	3.0	2歳未勝利		16	1.0	2	250.3	11.0	13	田口貫太	56.0	芝2000		良	**	2:02.3	2.2	**	2-2-3	35.5-34.7	36.7	474(+6)			エムズビギン		202505050603
2023102964	2025-12-13	5中山3	曇	4.0	2歳未勝利		16	1.0	2	174.2	11.0	9	舟山瑠泉	53.0	ダ1800		良	**	1:58.6	2.5	**	6-6-6-8	38.6-39.1	41.0	476(+2)			ガンダ		202506050304
2023102964	2026-01-04	1中山1	晴	2.0	3歳未勝利		13	5.0	6	206.5	12.0	6	丹内祐次	57.0	ダ1800		稍	**	1:58.1	3.6	**	3-3-4-5	38.5-37.9	40.9	476(0)			フィンガー		202606010102
2023102987	2026-01-17	1京都6	晴	4.0	3歳新馬		16	3.0	5	13.8	6.0	7	北村友一	55.0	ダ1400		良	**	1:28.4	1.4	**	14-12	36.4-37.5	37.6	466(0)			ホウショウルクス		202608010604
2023103158	2025-12-06	5阪神1	晴	6.0	2歳新馬		10	8.0	10	22.2	6.0	8	横山典弘	55.0	ダ1200		良	**	1:16.9	3.0	**	9-9	36.6-37.3	38.2	410(0)			エルル		202509050106
2023103218	2025-09-28	4阪神9	晴	5.0	2歳新馬		18	8.0	16	31.6	10.0	7	和田竜二	55.0	芝1400		良	**	1:24.9	0.6	**	6-3	36.1-35.5	35.8	436(0)			プレダトゥール		202509040905
2023103218	2025-10-11	3京都3	曇	1.0	2歳未勝利		16	6.0	12	9.2	5.0	3	高杉吏麒	55.0	ダ1200		良	**	1:13.3	0.4	**	1-1	35.3-37.6	38.0	440(+4)			ランスオブキング	140.0	202508030301
2023103218	2025-11-01	3京都10	晴	2.0	2歳未勝利		12	8.0	12	8.0	5.0	11	高杉吏麒	55.0	芝1200		稍	**	1:11.0	1.1	**	10-11	35.1-34.8	34.8	440(0)			トモジャプレジール		202508031002
2023103218	2026-01-17	1京都6	晴	2.0	3歳未勝利		16	2.0	3	5.7	3.0	1	松山弘平	55.0	ダ1200		良	**	1:13.7	0.0	**	4-4	35.7-38.0	37.5	442(+2)			(タナスーペルノーバ)	590.0	202608010602
2023103298	2025-10-25	4東京8	小雨	5.0	2歳新馬		9	7.0	7	38.7	7.0	5	内田博幸	56.0	芝2000		良	**	2:03.6	0.5	**	6-6-6	37.8-34.2	34.2	526(0)			ウップヘリーア	75.0	202505040805
2023103298	2025-11-15	5東京3	晴	4.0	2歳未勝利		13	7.0	10	71.6	9.0	8	内田博幸	56.0	芝2000		良	**	2:01.5	0.7	**	6-6-4	37.0-34.1	34.5	528(+2)			オルフセン		202505050304
2023103298	2025-12-07	5中山2	晴	2.0	2歳未勝利		16	4.0	7	38.0	8.0	5	内田博幸	56.0	芝1800		良	**	1:49.1	0.2	**	12-13-13-12	36.9-35.1	33.7	526(-2)			テルケンレンスキー	56.0	202506050202
2023103298	2025-12-20	5中山5	小雨	3.0	2歳未勝利		16	8.0	15	21.7	6.0	8	内田博幸	56.0	芝1800		良	**	1:48.8	1.2	**	16-16-13-12	36.4-34.4	34.7	522(-4)			ミスターライト		202506050503
2023103410	2025-11-24	5東京6	晴	7.0	2歳新馬		14	2.0	2	22.6	6.0	8	佐々木大	55.0	芝1400		良	**	1:24.1	1.3	**	6-7	36.5-33.6	34.1	456(0)			カフェラバー		202505050607
2023103424	2025-11-09	4京都2	雨	5.0	2歳新馬		8	1.0	1	44.8	7.0	5	団野大成	56.0	芝2000		重	**	2:06.2	1.7	**	7-6-6-5	38.1-35.4	36.8	482(0)			ロブチェン	75.0	202508040205
2023103424	2025-11-22	3福島5	晴	3.0	2歳未勝利		15	3.0	4	54.5	9.0	3	鷲頭虎太	54.0	ダ1700		良	**	1:48.5	0.6	**	13-12-12-8	29.8-39.7	39.1	478(-4)			ブリッジエフェクト	140.0	202503030503
2023103427	2025-08-17	2新潟8	晴	4.0	2歳新馬		11	1.0	1	9.1	6.0	6	丸山元気	55.0	芝1800		良	**	1:50.8	1.3	**	6-5	36.7-33.7	34.6	498(0)			スウィフトミモザ		202504020804
2023103427	2025-11-08	3福島1	晴	1.0	2歳未勝利		14	3.0	4	3.5	2.0	4	丸山元気	55.0	ダ1700		良	**	1:48.6	0.3	**	7-7-6-6	30.6-39.4	39.1	496(-2)			オトシダマ	84.0	202503030101
2023103427	2025-12-06	5中山1	晴	2.0	2歳未勝利		13	8.0	12	2.2	1.0	5	マーカン	55.0	ダ1800		良	**	1:57.0	0.6	**	5-7-7-6	37.0-40.3	40.4	494(-2)			ハニーオーケストラ	56.0	202506050102
2023103458	2025-10-04	4東京1	曇	5.0	2歳新馬		17	3.0	5	12.9	7.0	2	菅原明良	56.0	芝1800		良	**	1:48.5	0.2	**	8-7-6	37.1-34.2	34.0	422(0)			カレントゥルーシー	300.0	202505040105
2023103458	2025-10-25	4東京8	小雨	3.0	2歳未勝利		9	1.0	1	1.9	1.0	6	菅原明良	56.0	芝1800		良	**	1:49.7	1.1	**	5-5-5	35.7-35.0	35.1	420(-2)			ノーウェアマン		202505040803
2023103470	2025-07-06	2小倉4	晴	5.0	2歳新馬		9	5.0	5	6.5	4.0	中	坂井瑠星	55.0	芝1800		良	**			**	8-9-9	36.2-36.7		470(0)			ロードラヴォール		202510020405
2023103470	2025-11-22	4京都5	晴	2.0	2歳未勝利		15	6.0	11	55.1	6.0	9	小崎綾也	56.0	ダ1800		良	**	1:55.7	3.0	**	14-14-13-13	36.8-37.5	38.9	472(+2)			ジャスティンダラス		202508040502
2023103502	2025-09-21	4阪神7	晴	6.0	2歳新馬		9	7.0	7	67.8	8.0	9	吉村誠之	54.0	ダ1800		良	**	2:01.4	4.6	**	9-9-9-9	40.7-36.6	40.1	520(0)			ボクマダネムイヨ		202509040706
2023103502	2025-10-04	3京都1	雨	1.0	2歳未勝利		14	6.0	9	445.2	14.0	13	小沢大仁	56.0	ダ1800		重	**	1:56.8	4.6	**	9-9-12-14	36.1-37.7	40.5	516(-4)			フルールドール		202508030101
2023103502	2026-01-14	園田	晴	10.0	JRA交流多紀連山特		11	6.0	7	43.5	8.0	5	廣瀬航	57.0	ダ1870		良	**	2:05.8	2.2	**	9-9-8-6		40.7	525(+9)			キタノファーンヒル	15.0	202650011410
2023103517	2025-12-21	5阪神6	雨	6.0	2歳新馬		11	7.0	8	7.8	5.0	4	岩田望来	56.0	芝1200		重	**	1:11.5	1.0	**	4-4	36.1-34.4	35.0	468(0)			ワイドシュテルケ	110.0	202509050606
2023103517	2026-01-04	1京都1	晴	1.0	3歳未勝利		16	4.0	7	22.0	8.0	2	富田暁	57.0	ダ1200		良	**	1:13.3	0.1	**	4-4	36.2-37.0	36.8	468(0)			リーグナイト	240.0	202608010101
2023103543	2025-07-19	2福島7	晴	5.0	2歳新馬		16	5.0	9	1.7	1.0	3	石川裕紀	55.0	芝1800		良	**	1:53.5	0.3	**	3-3-2-2	36.8-37.1	37.3	462(0)			ザーフィル	190.0	202503020705
2023103543	2025-10-18	4新潟1	曇	1.0	2歳未勝利		13	8.0	13	3.7	1.0	4	丹内祐次	55.0	芝1600		良	**	1:34.5	0.6	**	6-5	35.2-33.9	34.0	470(+8)			リアライズブラーヴ	84.0	202504040101
2023103612	2025-10-25	3京都8	曇	6.0	2歳新馬		16	7.0	14	35.2	9.0	8	田口貫太	55.0	ダ1400		良	**	1:26.8	1.2	**	10-9	35.2-38.2	38.5	426(0)			フレグレイ		202508030806
2023103612	2026-01-04	1京都1	晴	1.0	3歳未勝利		16	1.0	2	34.3	9.0	14	田口貫太	55.0	ダ1200		良	**	1:14.9	1.7	**	4-6	36.2-37.0	38.4	436(+10)			リーグナイト		202608010101
2023103619	2026-01-12	1中山5	晴	5.0	3歳新馬		16	5.0	10	13.5	7.0	5	荻野極	57.0	ダ1200		良	**	1:14.8	0.9	**	2-3	36.2-37.7	38.5	502(0)			スローモーション	65.0	202606010505
2023103621	2025-07-19	2福島7	晴	4.0	2歳新馬		16	4.0	8	25.3	8.0	6	岩部純二	55.0	芝1200		良	**	1:13.3	1.0	**	3-4	35.7-36.6	37.4	460(0)			コックオーヴァン		202503020704
2023103621	2025-08-10	2新潟6	雨	1.0	2歳未勝利		18	1.0	1	73.1	13.0	8	内田博幸	55.0	芝1400		稍	**	1:23.2	1.1	**	17-16	34.5-35.7	34.7	456(-4)			タイセイフレッサ		202504020601
2023103621	2025-11-23	5東京5	曇	3.0	2歳未勝利		17	1.0	1	95.7	11.0	13	菊沢一樹	56.0	芝1600		良	**	1:35.9	2.0	**	1-1	35.1-34.3	36.3	460(+4)			ピエドゥラパン		202505050503
2023103621	2025-12-13	5中山3	曇	4.0	2歳未勝利		16	2.0	3	45.8	9.0	7	菊沢一樹	56.0	ダ1800		良	**	1:57.4	1.3	**	4-4-4-3	38.6-39.1	40.1	468(+8)			ガンダ		202506050304
2023103621	2026-01-04	1中山1	晴	2.0	3歳未勝利		13	8.0	13	39.1	6.0	5	菊沢一樹	57.0	ダ1800		稍	**	1:57.5	3.0	**	8-9-9-9	38.5-37.9	39.9	472(+4)			フィンガー	59.0	202606010102
2023103643	2025-09-13	4阪神3	曇	5.0	2歳新馬		11	1.0	1	44.9	8.0	5	小崎綾也	55.0	芝1200		良	**	1:10.6	0.4	**	6-8	34.8-35.4	35.0	426(0)			シラヌイ	75.0	202509040305
2023103643	2025-10-13	3京都5	晴	3.0	2歳未勝利		16	4.0	7	32.3	8.0	6	小崎綾也	55.0	芝1400		良	**	1:21.5	0.6	**	3-2	33.4-36.0	36.3	418(-8)			ネネキリマル		202508030503
2023103674	2025-09-13	4阪神3	曇	6.0	2歳新馬		13	1.0	1	12.9	5.0	2	西村淳也	55.0	ダ1400		良	**	1:26.5	0.7	**	2-2	34.8-38.6	39.2	460(0)			クリムゾンキャット	300.0	202509040306
2023103674	2025-10-12	3京都4	曇	1.0	2歳未勝利		12	1.0	1	4.0	2.0	2	西村淳也	55.0	ダ1400		良	**	1:25.5	0.1	**	4-4	34.2-38.8	38.6	460(0)			ワイズギャング	220.0	202508030401
2023103674	2025-10-19	3京都7	曇	1.0	2歳未勝利		12	8.0	11	1.4	1.0	1	松山弘平	55.0	ダ1400		稍	**	1:25.4	-0.6	**	1-1	34.8-38.2	38.2	460(0)			(アーガイルショア)	560.0	202508030701
2023103762	2025-10-25	3京都8	曇	6.0	2歳新馬		16	8.0	16	19.3	6.0	13	高杉吏麒	55.0	ダ1400		良	**	1:28.7	3.1	**	12-14	35.2-38.2	40.1	474(0)			フレグレイ		202508030806
2023103799	2025-10-12	4東京4	曇	5.0	2歳新馬		12	4.0	4	31.3	6.0	3	吉田豊	56.0	芝2000		良	**	2:00.8	0.6	**	6-7-7	36.9-34.1	34.0	422(0)			イクシード	190.0	202505040405
2023103799	2025-11-08	5東京1	曇	3.0	2歳未勝利		12	7.0	10	11.1	4.0	7	吉田豊	56.0	芝2000		良	**	2:02.6	1.4	**	7-8-8	37.5-32.9	33.8	422(0)			グリーンエナジー		202505050103
2023103861	2025-09-06	4阪神1	晴	5.0	2歳新馬		11	3.0	3	17.2	7.0	3	小沢大仁	55.0	芝1400		良	**	1:22.4	0.5	**	3-4	35.8-34.3	34.5	488(0)			ベネサルート	190.0	202509040105
2023103861	2025-09-28	4阪神9	晴	3.0	2歳未勝利		10	7.0	8	7.3	3.0	7	小沢大仁	55.0	芝1800		良	**	1:47.9	1.3	**	3-2	36.0-34.7	35.8	484(-4)			サントルドパリ		202509040903
2023103861	2025-10-13	3京都5	晴	3.0	2歳未勝利		16	7.0	14	16.7	6.0	7	和田陽希	53.0	芝1400		良	**	1:21.6	0.7	**	1-1	33.4-36.0	36.7	480(-4)			ネネキリマル		202508030503
2023103861	2025-12-21	5阪神6	雨	2.0	2歳未勝利		16	2.0	3	8.9	4.0	6	菱田裕二	56.0	ダ1200		稍	**	1:13.8	0.9	**	5-6	35.6-37.3	37.7	496(+16)			ネメス		202509050602
2023103861	2026-01-21	笠松	曇	8.0	中津川宿特別(3歳)		8	5.0	5	1.3	1.0	2	今井貴大	57.0	ダ1400		良	**	1:30.7	0.5	**	2-1-1		39.7	500(+4)			スマイルカーブ	28.0	202647012108
2023103875	2025-09-20	4阪神6	曇	5.0	2歳新馬		14	6.0	9	26.6	7.0	3	北村友一	55.0	芝1600		良	**	1:35.6	0.5	**	6-6	36.8-33.5	33.5	458(0)			グッドピース	190.0	202509040605
2023103875	2025-10-12	4東京4	晴	2.0	2歳未勝利		10	8.0	10	4.7	2.0	5	武豊	56.0	芝1600		良	**	1:34.7	0.7	**	2-2	35.9-34.2	34.9	458(0)			コズミックボックス	56.0	202505040402
2023103875	2025-11-29	4京都7	晴	1.0	2歳未勝利		14	5.0	8	9.0	5.0	4	武豊	56.0	ダ1400		良	**	1:26.4	0.7	**	10-10	34.9-37.9	37.8	454(-4)			ラッキーバック	84.0	202508040701
2023103875	2025-12-21	5中京6	雨	4.0	2歳未勝利		17	2.0	3	11.9	6.0	7	松本大輝	55.0	芝1400		稍	**	1:22.5	0.6	**	8-8	35.0-35.0	34.9	452(-2)			テルヴィセクス		202507050604
2023103875	2026-01-18	1京都7	晴	6.0	3歳未勝利		18	1.0	2	63.2	10.0	9	角田大和	57.0	芝1600		良	**	1:34.9	0.9	**	11-9	33.6-36.8	36.5	454(+2)			マゲバスピード		202608010706
2023103885	2025-10-04	4東京1	曇	5.0	2歳新馬		17	6.0	11	165.9	13.0	9	大野拓弥	55.0	芝1800		良	**	1:49.2	0.9	**	10-11-11	37.1-34.2	34.0	484(0)			カレントゥルーシー		202505040105
2023103885	2025-10-25	4東京8	小雨	3.0	2歳未勝利		9	6.0	6	12.4	4.0	2	大野拓弥	55.0	芝1800		良	**	1:48.7	0.1	**	5-5-6	35.7-35.0	33.9	486(+2)			ノーウェアマン	220.0	202505040803
2023103885	2025-11-16	5東京4	晴	2.0	2歳未勝利		18	8.0	18	11.0	5.0	4	木幡巧也	55.0	芝1800		良	**	1:46.7	0.4	**	16-15-13	35.2-35.3	34.6	480(-6)			ランズダウンロード	84.0	202505050402
2023103885	2026-01-11	1中山4	晴	6.0	3歳未勝利		17	2.0	4	4.2	2.0	5	大野拓弥	55.0	芝2200		良	**	2:14.2	0.4	**	2-4-4-4	36.6-36.1	36.2	478(-2)			グランアルト	59.0	202606010406
2023103936	2025-06-28	1函館5	晴	5.0	2歳新馬		16	7.0	14	24.7	6.0	3	黛弘人	55.0	芝1200		稍	**	1:10.3	0.2	**	7-7	34.4-35.7	35.2	418(0)			フィオラーノ	190.0	202502010505
2023103936	2025-08-31	2札幌4	曇	1.0	2歳未勝利		10	7.0	8	11.0	4.0	7	黛弘人	55.0	芝1200		稍	**	1:11.9	1.0	**	10-10	34.7-36.2	35.9	416(-2)			ファニーバニー		202501020401
2023103936	2025-11-09	3福島2	曇	2.0	2歳未勝利		16	3.0	6	28.1	9.0	4	上里直汰	52.0	芝1200		良	**	1:09.9	0.5	**	11-12	34.0-35.4	34.9	414(-2)			アンジュプロミス	84.0	202503030202
2023103936	2025-11-24	3福島6	晴	6.0	2歳未勝利		16	8.0	16	24.9	11.0	14	上里直汰	52.0	芝1200		良	**	1:10.3	1.3	**	16-16	34.1-34.9	34.5	412(-2)			ジャスパールビー		202503030606
2023104007	2025-11-16	3福島4	晴	6.0	2歳新馬		15	8.0	15	26.0	8.0	8	黛弘人	56.0	ダ1700		良	**	1:49.9	3.0	**	14-14-12-9	30.6-38.3	39.5	524(0)			ロンギングフォユー		202503030406
2023104007	2025-12-13	5中山3	曇	2.0	2歳未勝利		16	5.0	9	64.7	9.0	16	小林美駒	53.0	ダ1800		良	**	2:13.3	17.8	**	15-16-16-16	38.0-38.6	49.3	524(0)			イッテラッシャイ		202506050302
2023104025	2026-01-10	1中山3	晴	4.0	3歳新馬		12	7.0	9	26.5	7.0	6	佐々木大	55.0	ダ1800		良	**	1:59.6	0.5	**	7-7-6-5	38.5-41.3	41.2	478(0)			ガーヴィ		202606010304
2023104086	2025-09-27	4阪神8	晴	4.0	2歳新馬		16	5.0	9	217.2	16.0	14	藤懸貴志	55.0	芝1600		良	**	1:36.8	2.2	**	12-14	35.3-35.1	35.9	450(0)			ホワイトオーキッド		202509040804
2023104086	2025-11-22	3福島5	晴	1.0	2歳未勝利		14	4.0	5	145.4	12.0	10	藤懸貴志	55.0	ダ1700		良	**	1:49.8	1.8	**	5-5-6-5	30.7-39.3	40.5	462(+12)			ウィングブルー		202503030501
2023104086	2025-12-07	5阪神2	晴	1.0	2歳未勝利		10	6.0	6	248.9	10.0	8	和田陽希	52.0	ダ1800		良	**	1:57.0	2.1	**	10-10-10-10	37.3-37.4	38.2	450(-12)			オラヴィンリンナ		202509050201
2023104103	2025-11-16	5東京4	晴	4.0	2歳新馬		16	3.0	6	19.9	5.0	6	木幡巧也	56.0	ダ1600		良	**	1:41.2	0.7	**	5-7	36.9-36.9	37.0	498(0)			アジアントレジャー		202505050404
2023104103	2025-12-13	5中京3	曇	1.0	2歳未勝利		14	8.0	13	33.7	7.0	5	丸山元気	56.0	ダ1800		良	**	1:56.4	1.0	**	8-8-7-7	38.4-37.4	37.9	498(0)			インシオン	56.0	202507050301
2023104103	2026-01-04	1中山1	晴	4.0	3歳未勝利		12	2.0	2	20.9	6.0	2	丸山元気	57.0	ダ1800		稍	**	1:55.2	0.0	**	9-9-8-5	36.5-40.7	40.0	506(+8)			サトノリシャール	240.0	202606010104
2023104103	2026-01-18	1中山7	晴	3.0	3歳未勝利		13	6.0	8	2.9	2.0	3	丸山元気	57.0	ダ1800		良	**	1:56.2	0.5	**	2-2-1-3	38.0-38.6	39.1	504(-2)			サイモフェーン	150.0	202606010703
2023104316	2025-10-05	3京都2	曇	3.0	2歳新馬		16	5.0	9	15.0	6.0	7	菱田裕二	56.0	ダ1800		重	**	1:55.0	3.2	**	6-6-5-8	35.8-37.3	39.3	460(0)			パイロマンサー		202508030203
2023104316	2025-10-18	4新潟1	曇	2.0	2歳未勝利		14	4.0	5	17.5	5.0	12	吉田隼人	56.0	ダ1800		良	**	1:59.3	4.6	**	6-7-14-14	37.0-39.0	41.8	448(-12)			ゴールデンブラッド		202504040102
2023104316	2025-12-21	5中京6	小雨	1.0	2歳未勝利		16	5.0	10	63.0	10.0	14	国分優作	56.0	ダ1800		稍	**	1:59.6	4.4	**	6-7-9-12	36.9-38.8	42.5	442(-6)			マッドゲイル		202507050601
2023104345	2025-09-27	4阪神8	晴	4.0	2歳新馬		16	1.0	1	169.7	14.0	9	角田大和	55.0	芝1600		良	**	1:35.9	1.3	**	8-8	35.3-35.1	35.5	418(0)			ホワイトオーキッド		202509040804
2023104345	2026-01-10	1京都3	晴	5.0	3歳未勝利		18	4.0	8	499.7	18.0	13	和田陽希	52.0	芝1600		良	**	1:36.9	1.7	**	16-16	34.8-35.6	36.2	412(-6)			ダンデノン		202608010305
2023104348	2025-11-16	4京都4	晴	5.0	2歳新馬		9	3.0	3	103.7	9.0	6	丹内祐次	56.0	芝2000		良	**	2:03.4	1.5	**	7-6-7-5	36.8-35.4	36.3	520(0)			アクセス		202508040405
2023104348	2025-12-07	5中京2	晴	1.0	2歳未勝利		13	4.0	4	21.6	3.0	10	松山弘平	56.0	ダ1800		良	**	1:57.7	3.9	**	7-7-9-9	37.4-37.6	40.7	516(-4)			リベッチオ		202507050201
2023104377	2025-10-05	3京都2	曇	3.0	2歳新馬		16	1.0	1	157.3	16.0	11	柴田裕一	53.0	ダ1800		重	**	1:57.2	5.4	**	8-6-12-13	35.8-37.3	40.5	500(0)			パイロマンサー		202508030203
2023104377	2025-11-08	3福島1	晴	3.0	2歳未勝利		15	5.0	8	272.0	15.0	6	柴田裕一	54.0	ダ1700		良	**	1:48.3	1.8	**	10-12-7-7	30.3-38.9	39.3	494(-6)			アトモス		202503030103
2023104377	2025-11-23	4京都6	晴	2.0	2歳未勝利		13	6.0	8	36.0	9.0	7	柴田裕一	54.0	ダ1800		良	**	1:56.0	2.0	**	1-1-1-2	36.0-38.3	40.3	490(-4)			クラックショット		202508040602
2023104377	2025-12-13	5中京3	曇	1.0	2歳未勝利		14	3.0	4	216.8	11.0	6	柴田裕一	54.0	ダ1800		良	**	1:56.6	1.2	**	3-3-4-3	38.4-37.4	38.3	490(0)			インシオン		202507050301
2023104406	2025-10-13	4東京5	晴	6.0	2歳新馬		17	7.0	14	5.4	2.0	9	三浦皇成	55.0	芝1600		良	**	1:34.9	0.7	**	10-10	35.1-35.2	34.4	442(0)			ノーザンタイタン		202505040506
2023104433	2025-08-23	4中京1	晴	6.0	2歳新馬		12	6.0	7	14.6	6.0	12	小沢大仁	55.0	ダ1800		良	**	2:07.7	12.6	**	6-6-6-10	39.4-37.7	49.7	506(0)			シュガービスケッツ		202507040106
2023104433	2025-12-14	5中京4	曇	2.0	2歳未勝利		13	7.0	11	159.0	13.0	11	富田暁	56.0	ダ1400		稍	**	1:28.2	2.3	**	12-11	34.5-39.1	39.5	502(-4)			クラシオン		202507050402
2023104433	2025-12-27	5阪神7	晴	1.0	2歳未勝利		15	1.0	1	91.2	11.0	15	富田暁	56.0	ダ1200		稍	**	1:16.3	3.5	**	13-13	35.5-37.3	39.5	508(+6)			ファイブタンゴ		202509050701
2023104433	2026-01-17	1京都6	晴	2.0	3歳未勝利		16	1.0	1	482.0	15.0	6	松若風馬	57.0	ダ1200		良	**	1:14.3	0.6	**	6-6	35.7-38.0	37.9	502(-6)			グラスゴー		202608010602
2023104506	2025-11-09	4京都2	雨	5.0	2歳新馬		8	2.0	2	7.6	3.0	3	武豊	56.0	芝2000		重	**	2:05.4	0.9	**	8-8-6-6	38.1-35.4	35.9	438(0)			ロブチェン	150.0	202508040205
2023104506	2026-01-10	1京都3	晴	6.0	3歳未勝利		18	4.0	7	5.8	2.0	4	武豊	57.0	芝2400		良	**	2:27.6	0.4	**	13-12-11-10	35.3-35.6	35.2	450(+12)			ガウディ	89.0	202608010306
2023104552	2025-12-13	5中京3	曇	5.0	2歳新馬		12	8.0	12	8.7	4.0	3	武豊	56.0	芝2000		良	**	2:01.7	0.3	**	7-7-7-7	36.9-33.6	33.4	462(0)			イベントホライゾン	190.0	202507050305
2023104572	2025-08-03	2新潟4	晴	2.0	2歳新馬		15	2.0	3	151.5	14.0	8	遠藤汰月	52.0	ダ1800		良	**	1:59.9	3.2	**	15-15-15-14	36.6-38.8	40.0	452(0)			チャチャコマニ		202504020402
2023104572	2025-08-30	3新潟3	曇	2.0	2歳未勝利		15	5.0	8	497.8	15.0	8	遠藤汰月	52.0	ダ1800		良	**	1:59.2	3.5	**	13-13-12-11	37.0-38.9	41.0	460(+8)			ファイアマン		202504030302
2023104572	2025-12-20	5中山5	曇	7.0	2歳未勝利		16	1.0	2	399.2	16.0	13	小林凌大	56.0	ダ1800		良	**	1:59.1	3.8	**	16-16-16-15	38.2-38.4	39.7	468(+8)			エコロガノン		202506050507
2023104572	2026-01-11	1中山4	曇	3.0	3歳未勝利		16	7.0	14	535.5	16.0	6	遠藤汰月	54.0	ダ1800		良	**	1:58.2	2.7	**	16-16-14-14	35.9-40.1	40.6	468(0)			ファイタージェット		202606010403
2023104596	2025-12-21	5中京6	雨	5.0	2歳新馬		15	4.0	7	6.8	4.0	1	河原田菜	51.0	ダ1400		稍	**	1:26.0	-0.2	**	3-3	35.8-37.5	37.4	478(0)			(メイショウサッソウ)	750.0	202507050605
2023104611	2025-06-29	2小倉2	晴	6.0	2歳新馬		10	6.0	6	29.7	6.0	7	Ｍ．デム	55.0	芝1200		良	**	1:11.0	1.3	**	9-8	34.9-34.8	34.8	452(0)			コラルリーフ		202510020206
2023104611	2025-08-31	4中京4	晴	1.0	2歳未勝利		13	6.0	8	55.8	10.0	8	団野大成	55.0	芝1400		良	**	1:22.2	0.9	**	8-6	33.7-35.9	36.2	436(-16)			レディーゴール		202507040401
2023104611	2025-12-13	5中京3	曇	4.0	2歳未勝利		13	6.0	8	25.0	8.0	13	Ｍ．デム	56.0	芝1600		良	**	1:37.7	3.4	**	13-13-12	35.7-35.0	36.8	450(+14)			イージーライダー		202507050304
2023104679	2025-08-31	3新潟4	晴	5.0	2歳新馬		12	8.0	11	16.5	4.0	6	大野拓弥	55.0	芝1800		良	**	1:50.6	0.8	**	8-8	36.9-35.2	35.4	462(0)			ガローファノ		202504030405
2023104679	2025-11-23	5東京5	曇	2.0	2歳未勝利		18	7.0	15	61.8	10.0	13	荻野極	55.0	芝1800		良	**	1:48.6	1.4	**	4-4-5	35.9-34.7	35.5	458(-4)			リスレジャンデール		202505050502
2023104679	2025-12-06	5中山1	晴	2.0	2歳未勝利		13	4.0	5	8.4	5.0	7	荻野極	55.0	ダ1800		良	**	1:57.7	1.3	**	5-4-4-6	37.0-40.3	41.3	462(+4)			ハニーオーケストラ		202506050102
2023104699	2025-08-09	2新潟5	晴	3.0	2歳新馬		17	5.0	10	14.9	6.0	9	今村聖奈	53.0	芝1200		良	**	1:11.1	1.3	**	1-1	34.6-35.2	36.5	416(0)			ベルフラム		202504020503
2023104699	2025-09-14	4中山4	曇	2.0	2歳未勝利		16	6.0	12	78.8	9.0	11	石田拓郎	52.0	芝1200		良	**	1:09.7	0.9	**	11-10	34.2-34.6	34.7	416(0)			フクチャンショウ		202506040402
2023104699	2025-11-09	3福島2	曇	2.0	2歳未勝利		16	2.0	4	171.7	14.0	15	河原田菜	51.0	芝1200		良	**	1:10.8	1.4	**	11-12	34.0-35.4	35.9	420(+4)			アンジュプロミス		202503030202
2023104714	2025-11-08	3福島1	晴	5.0	2歳新馬		16	6.0	12	14.8	6.0	5	今村聖奈	53.0	芝1200		良	**	1:09.5	0.3	**	4-4	33.8-35.4	35.3	376(0)			ディヴァインスカイ	75.0	202503030105
2023104714	2025-11-24	3福島6	晴	6.0	2歳未勝利		16	3.0	6	39.2	13.0	6	今村聖奈	53.0	芝1200		良	**	1:09.4	0.4	**	10-10	34.1-34.9	34.6	372(-4)			ジャスパールビー		202503030606
2023104826	2025-10-19	4新潟2	曇	5.0	2歳新馬		18	6.0	11	30.1	8.0	8	富田暁	55.0	芝1400		稍	**	1:24.8	1.1	**	6-7	35.7-35.9	36.5	482(0)			ヘルモソブレード		202504040205
2023104826	2026-01-12	1京都5	晴	12.0	3歳未勝利		18	2.0	3	200.9	16.0	11	松若風馬	55.0	芝1400		良	**	1:23.2	1.0	**	17-17	34.4-36.0	35.4	478(-4)			ケールハイム		202608010512
2023104852	2025-08-10	2新潟6	雨	3.0	2歳新馬		15	4.0	7	21.2	6.0	5	戸崎圭太	55.0	ダ1200		稍	**	1:14.1	1.3	**	3-3	34.7-38.1	39.1	446(0)			マイネルミストラル	75.0	202504020603
2023104852	2025-09-27	4中山8	曇	3.0	2歳未勝利		16	8.0	16	20.3	5.0	2	戸崎圭太	55.0	ダ1200		良	**	1:12.2	0.4	**	3-3	34.7-37.1	37.1	450(+4)			コパノトーマス	220.0	202506040803
2023104852	2025-10-25	4新潟3	晴	2.0	2歳未勝利		15	3.0	4	2.4	1.0	1	丹内祐次	55.0	ダ1200		良	**	1:12.1	-0.7	**	1-1	34.5-37.6	37.6	462(+12)			(ウーマンズパワー)	560.0	202504040302
2023104852	2026-01-11	1中山4	晴	4.0	3歳1勝クラス		16	2.0	3	18.5	6.0	4	小林美駒	52.0	ダ1200		良	**	1:13.5	1.4	**	13-12	34.8-37.3	37.4	454(-8)			エコロシード	120.0	202606010404
2023104937	2026-01-18	1京都7	晴	5.0	3歳新馬		17	8.0	16	22.4	6.0	5	ハマーハ	57.0	芝2000		良	**	2:04.0	0.5	**	8-6-4-3	37.5-35.4	35.7	482(0)			クリスレジーナ	65.0	202608010705
2023104940	2026-01-18	1京都7	晴	5.0	3歳新馬		17	1.0	1	135.5	12.0	4	小崎綾也	57.0	芝2000		良	**	2:04.0	0.5	**	3-3-4-5	37.5-35.4	35.6	470(0)			クリスレジーナ	98.0	202608010705
2023105002	2025-07-12	2小倉5	晴	5.0	2歳新馬		12	1.0	1	4.4	3.0	5	川田将雅	55.0	芝1800		良	**	1:51.4	0.6	**	7-7-9-8	37.4-36.7	36.5	460(0)			クールフラン	75.0	202510020505
2023105002	2025-10-04	4東京1	曇	2.0	2歳未勝利		9	1.0	1	4.2	2.0	1	松山弘平	55.0	芝2000		良	**	2:00.3	-0.3	**	5-5-2	36.5-34.4	34.2	456(-4)			(ガードオブオナー)	560.0	202505040102
2023105021	2025-11-29	4京都7	晴	5.0	2歳新馬		12	7.0	9	15.1	6.0	2	団野大成	56.0	芝1600		良	**	1:35.4	0.0	**	9-7	35.7-35.1	34.3	456(0)			レッドリガーレ	300.0	202508040705
2023105021	2025-12-20	5阪神5	晴	3.0	2歳未勝利		18	8.0	16	6.1	3.0	6	団野大成	56.0	芝1600		良	**	1:34.1	0.5	**	10-11	35.7-34.3	34.1	456(0)			サトノセプター		202509050503
2023105021	2026-01-11	1京都4	晴	12.0	3歳未勝利		18	4.0	8	7.3	4.0	2	団野大成	57.0	芝1800		良	**	1:49.4	0.2	**	10-10	36.4-34.9	34.0	452(-4)			ナリタエスペランサ	240.0	202608010412
2023105042	2026-01-12	1京都5	晴	5.0	3歳新馬		18	1.0	1	8.4	5.0	6	高杉吏麒	57.0	芝1600		良	**	1:37.1	1.2	**	4-4	36.1-34.8	35.6	482(0)			ニシノサリーナ		202608010505
2023105097	2025-12-21	5中山6	曇	5.0	2歳新馬		16	7.0	14	170.4	14.0	9	木幡巧也	55.0	芝1600		重	**	1:37.8	2.7	**	10-13-12	35.3-35.7	36.8	454(0)			ロデオドライブ		202506050605
2023105139	2025-07-06	1函館8	曇	5.0	2歳新馬		6	6.0	6	4.3	2.0	3	北村友一	55.0	芝1800		稍	**	1:52.6	1.5	**	5-5-4-3	38.5-35.5	36.3	538(0)			ショウナンガルフ	190.0	202502010805
2023105139	2025-07-19	1函館11	曇	1.0	2歳未勝利		11	8.0	10	11.1	2.0	4	北村友一	55.0	芝1800		良	**	1:49.8	0.8	**	6-5-4-4	36.3-35.3	35.4	528(-10)			スマートプリエール	84.0	202502011101
2023105139	2025-08-24	2札幌2	晴	1.0	2歳未勝利		14	6.0	9	5.8	3.0	12	北村友一	55.0	ダ1700		良	**	1:51.1	4.0	**	4-3-2-5	30.4-38.4	42.1	532(+4)			マーゴットサンズ		202501020201
2023105139	2025-09-06	2札幌5	晴	1.0	2歳未勝利		10	8.0	9	5.3	3.0	6	佐々木大	55.0	ダ1700		良	**	1:50.5	1.7	**	5-6-5-2	30.9-39.0	40.2	526(-6)			リピース		202501020501
2023105139	2025-11-02	4東京11	晴	2.0	2歳未勝利		14	7.0	11	44.6	5.0	14	横山和生	56.0	ダ1400		重	**	1:27.6	3.6	**	10-10	35.3-36.5	38.9	538(+12)			ヘリテージブルーム		202505041102
2023105139	2025-11-29	5東京7	晴	3.0	2歳未勝利		12	7.0	10	9.6	6.0	6	津村明秀	56.0	芝1800		良	**	1:48.7	0.8	**	6-6-6	36.0-34.4	34.6	538(0)			ブリガンティン		202505050703
2023105148	2025-12-21	5阪神6	雨	5.0	2歳新馬		12	6.0	7	21.0	8.0	12	酒井学	56.0	芝1800		重	**	1:50.8	2.2	**	3-5	36.4-34.2	35.8	522(0)			トリニティ		202509050605
2023105153	2025-11-16	5東京4	晴	5.0	2歳新馬		12	7.0	10	14.5	5.0	1	横山典弘	56.0	芝1600		良	**	1:34.9	0.0	**	5-6	35.3-35.2	34.3	464(0)			(リピ)	750.0	202505050405
2023105232	2026-01-18	1京都7	晴	5.0	3歳新馬		17	1.0	2	16.8	5.0	12	岩田望来	57.0	芝2000		良	**	2:04.9	1.4	**	14-15-16-15	37.5-35.4	35.7	474(0)			クリスレジーナ		202608010705
2023105301	2025-06-22	3阪神6	晴	6.0	2歳新馬		16	7.0	14	10.9	5.0	1	松山弘平	55.0	ダ1200		良	**	1:14.4	-0.1	**	4-4	36.0-38.4	38.3	448(0)			(テーオーグレーザー)	750.0	202509030606
2023105301	2025-08-31	4中京4	晴	11.0	中京2歳S(GIII)		13	7.0	10	65.8	10.0	6	岩田康誠	55.0	芝1400		良	**	1:21.0	1.6	**	12-12	33.3-34.9	35.0	460(+12)			キャンディード		202507040411
2023105301	2025-09-27	4阪神8	晴	9.0	ヤマボウシ賞(1勝クラス)		8	6.0	6	9.0	4.0	4	岩田康誠	55.0	ダ1400		良	**	1:25.8	0.3	**	8-8	35.6-37.2	36.6	450(-10)			ペルセア	170.0	202509040809
2023105301	2025-11-02	3京都11	晴	9.0	もちの木賞(1勝クラス)		16	4.0	7	38.4	11.0	15	田口貫太	55.0	ダ1800		稍	**	1:55.2	3.6	**	9-8-7-9	35.4-37.3	40.2	446(-4)			パイロマンサー		202508031109
2023105301	2026-01-11	1京都4	晴	5.0	3歳1勝クラス		10	8.0	9	18.1	7.0	8	吉村誠之	55.0	ダ1400		良	**	1:28.8	1.8	**	8-7	36.4-37.8	38.9	458(+12)			ライトオブヌカタ		202608010405
2023105322	2026-01-11	1中山4	晴	5.0	3歳新馬		16	5.0	10	3.1	1.0	3	戸崎圭太	57.0	ダ1800		良	**	1:56.4	0.5	**	3-3-2-2	37.3-38.5	38.9	494(0)			エスシービクトリア	160.0	202606010405
2023105348	2025-08-31	4中京4	晴	6.0	2歳新馬		14	7.0	11	3.3	2.0	4	岩田望来	55.0	芝1600		良	**	1:35.2	1.0	**	4-4-5	35.8-34.6	35.1	486(0)			カヴァレリッツォ	110.0	202507040406
2023105348	2025-09-14	4阪神4	曇	2.0	2歳未勝利		10	7.0	7	4.9	4.0	6	岩田望来	55.0	芝1400		良	**	1:21.9	1.2	**	2-2	34.3-34.7	35.8	484(-2)			ダイヤモンドノット		202509040402
2023105348	2025-12-27	5阪神7	晴	3.0	2歳未勝利		16	2.0	4	2.8	2.0	2	Ｃ．デム	56.0	ダ1400		稍	**	1:25.6	0.2	**	4-4	35.2-37.7	37.5	484(0)			ハグレジョー	220.0	202509050703
2023105348	2026-01-11	1京都4	曇	3.0	3歳未勝利		16	1.0	1	2.9	1.0	3	岩田望来	57.0	ダ1400		良	**	1:26.6	0.5	**	4-4	35.5-38.1	38.3	486(+2)			ウルスツイスター	150.0	202608010403
2023105370	2025-10-26	3京都9	曇	5.0	2歳新馬		10	7.0	8	6.4	2.0	7	松山弘平	55.0	芝1800		稍	**	1:52.0	1.5	**	3-3	38.1-33.7	34.9	496(0)			テルヒコウ		202508030905
2023105475	2025-09-13	4中山3	曇	5.0	2歳新馬		16	5.0	10	84.4	9.0	7	荻野極	55.0	芝1600		稍	**	1:37.3	1.3	**	3-3-3	36.8-34.7	35.7	468(0)			スタートレイン		202506040305
2023105475	2025-10-04	4東京1	曇	1.0	2歳未勝利		16	8.0	16	10.1	4.0	14	荻野極	55.0	ダ1600		良	**	1:44.6	5.7	**	2-2	35.1-38.7	44.2	470(+2)			テンカムテキ		202505040101
2023105475	2026-01-04	1中山1	晴	5.0	3歳未勝利		16	3.0	6	166.5	12.0	16	田辺裕信	55.0	芝1600		良	**	1:36.2	1.7	**	6-5-5	35.1-35.6	36.7	464(-6)			タイセイアストロ		202606010105
2023105514	2025-10-04	3京都1	雨	3.0	2歳新馬		16	1.0	2	11.8	4.0	5	小沢大仁	55.0	ダ1400		重	**	1:25.8	1.4	**	5-5	34.9-37.2	38.1	462(0)			アスクケンタッキー	75.0	202508030103
2023105514	2025-10-25	4新潟3	晴	2.0	2歳未勝利		15	5.0	9	8.9	4.0	4	小沢大仁	55.0	ダ1200		良	**	1:14.1	2.0	**	4-6	34.5-37.6	39.1	468(+6)			レディサン	84.0	202504040302
2023105514	2025-11-16	4京都4	晴	1.0	2歳未勝利		14	3.0	4	37.1	8.0	1	田山旺佑	52.0	ダ1400		良	**	1:24.7	0.0	**	1-1	34.8-37.6	37.6	470(+2)			(ペンダント)	560.0	202508040401
2023105521	2026-01-12	1京都5	晴	4.0	3歳新馬		16	3.0	5	56.7	10.0	3	和田陽希	54.0	ダ1800		良	**	1:55.8	1.1	**	4-4-3-4	38.1-36.7	37.4	480(0)			アメリカンスタイル	160.0	202608010504
2023105562	2025-10-04	4東京1	曇	3.0	2歳新馬		17	2.0	4	20.5	6.0	11	杉原誠人	56.0	芝1400		良	**	1:24.7	1.3	**	9-7	36.8-33.9	34.4	498(0)			ファインサマーデイ		202505040103
2023105623	2025-11-15	4京都3	晴	5.0	2歳新馬		18	2.0	3	148.8	14.0	17	和田竜二	55.0	芝1600		良	**	1:38.8	3.1	**	5-7	35.2-35.5	38.2	514(0)			グレースジェンヌ		202508040305
2023105635	2025-10-18	3京都6	曇	6.0	2歳新馬		16	1.0	1	5.4	2.0	2	高杉吏麒	56.0	ダ1400		稍	**	1:25.6	0.6	**	7-6	35.6-36.6	36.6	474(0)			エブリーポッシブル	300.0	202508030606
2023105635	2025-11-09	4京都2	雨	1.0	2歳未勝利		16	2.0	4	4.2	2.0	3	高杉吏麒	56.0	ダ1400		稍	**	1:26.4	0.4	**	9-8	35.4-38.0	37.7	482(+8)			ムテキシャチョウ	140.0	202508040201
2023105635	2026-01-11	1京都4	曇	3.0	3歳未勝利		16	4.0	8	4.0	2.0	4	高杉吏麒	57.0	ダ1400		良	**	1:26.8	0.7	**	7-6	35.5-38.1	38.1	488(+6)			ウルスツイスター	89.0	202608010403
2023105644	2026-01-17	1中山6	晴	3.0	3歳新馬		16	6.0	11	21.5	7.0	11	横山武史	57.0	ダ1800		良	**	1:59.3	2.4	**	12-11-12-12	38.4-40.2	40.6	522(0)			ガムラスタン		202606010603
2023105704	2025-12-28	5阪神8	晴	4.0	2歳新馬		16	8.0	15	16.8	6.0	11	岩田望来	55.0	ダ1400		良	**	1:28.8	1.6	**	5-4	34.9-39.8	40.8	454(0)			ソルオーブ		202509050804
2023105712	2025-07-20	1函館12	晴	5.0	2歳新馬		9	4.0	4	59.4	9.0	8	横山和生	55.0	芝1800		良	**	1:51.6	2.9	**	7-7-9-8	37.3-34.8	36.5	472(0)			アーレムアレス		202502011205
2023105712	2025-08-02	1札幌3	晴	1.0	2歳未勝利		8	1.0	1	47.6	6.0	8	舟山瑠泉	52.0	芝1800		良	**	1:51.6	1.4	**	8-8-8-8	36.4-35.8	36.2	466(-6)			ジャストビート		202501010301
2023105712	2025-11-22	3福島5	晴	3.0	2歳未勝利		15	6.0	11	199.5	15.0	15	長浜鴻緒	54.0	ダ1700		良	**	1:53.4	5.5	**	11-13-14-15	29.8-39.7	43.0	476(+10)			ブリッジエフェクト		202503030503
2023105726	2025-11-23	5東京5	曇	5.0	2歳新馬		11	6.0	7	15.7	5.0	3	津村明秀	56.0	芝2000		良	**	2:02.5	0.4	**	3-4-3	37.4-34.2	34.3	488(0)			ノーブルサヴェージ	190.0	202505050505
2023105726	2025-12-14	5中山4	雨	3.0	2歳未勝利		18	6.0	12	14.5	6.0	5	鮫島克駿	56.0	芝2000		稍	**	2:04.8	1.8	**	3-5-5-5	36.9-36.5	37.8	490(+2)			ラージアンサンブル	56.0	202506050403
2023105738	2025-07-13	1函館10	晴	5.0	2歳新馬		7	1.0	1	13.1	5.0	3	古川奈穂	52.0	芝1200		良	**	1:09.7	0.8	**	4-4	34.1-34.8	35.0	490(0)			ハイヤーマーク	190.0	202502011005
2023105738	2025-07-26	1札幌1	曇	1.0	2歳未勝利		12	5.0	5	5.5	4.0	9	佐々木大	55.0	芝1200		良	**	1:10.4	1.5	**	7-7	34.2-34.7	35.5	488(-2)			ショウナンカリス		202501010101
2023105738	2025-08-09	1札幌5	晴	1.0	2歳未勝利		12	3.0	3	14.9	5.0	7	古川奈穂	52.0	芝1500		稍	**	1:30.7	0.6	**	6-9-11	28.9-36.5	36.2	494(+6)			ブライトフレア		202501010501
2023105738	2025-08-23	2札幌1	曇	1.0	2歳未勝利		8	5.0	5	45.6	5.0	6	ウィリア	55.0	芝1800		稍	**	1:52.9	2.7	**	6-7-7-6	36.2-37.0	39.1	502(+8)			ストロベリーツリー		202501020101
2023105738	2025-12-20	5阪神5	晴	1.0	2歳未勝利		16	8.0	16	7.6	4.0	4	北村友一	56.0	ダ1400		良	**	1:26.7	1.2	**	3-2	34.4-38.7	39.4	516(+14)			ゴールデンバランス	84.0	202509050501
2023105738	2026-01-04	1京都1	晴	3.0	3歳未勝利		16	7.0	13	7.5	4.0	11	坂井瑠星	57.0	ダ1400		良	**	1:28.0	1.4	**	10-10	35.7-38.2	38.8	504(-12)			ハードシングス		202608010103
2023105738	2026-01-18	1京都7	晴	3.0	3歳未勝利		16	3.0	6	19.6	6.0	5	古川奈穂	54.0	ダ1400		良	**	1:26.9	0.6	**	4-5	35.2-38.4	38.6	508(+4)			カフジクロミエ	59.0	202608010703
2023105779	2025-08-31	3新潟4	晴	5.0	2歳新馬		12	6.0	8	96.8	9.0	5	石神深道	52.0	芝1800		良	**	1:50.2	0.4	**	1-1	36.9-35.2	35.6	458(0)			ガローファノ	75.0	202504030405
2023105779	2025-09-21	4中山7	晴	3.0	2歳未勝利		10	8.0	10	25.5	4.0	7	石神深道	52.0	芝1800		良	**	1:51.1	1.7	**	1-1-1-1	36.7-35.4	37.1	458(0)			パントルナイーフ		202506040703
2023105779	2025-12-14	5中山4	雨	3.0	2歳未勝利		18	7.0	15	119.7	12.0	18	小林美駒	53.0	芝2000		稍	**	2:07.5	4.5	**	3-2-1-2	36.9-36.5	41.0	472(+14)			ラージアンサンブル		202506050403
2023105779	2026-01-24	1小倉1	曇	2.0	3歳未勝利		16	4.0	7	278.9	13.0	10	水沼元輝	54.0	芝1800		良	**	1:48.1	2.0	**	14-14-14-15	36.2-34.6	35.3	462(-10)			アルヴァンドルード		202610010102
2023105870	2026-01-11	1中山4	晴	5.0	3歳新馬		16	8.0	15	65.4	10.0	7	菊沢一樹	57.0	ダ1800		良	**	1:57.4	1.5	**	6-4-7-6	37.3-38.5	39.5	468(0)			エスシービクトリア		202606010405
2023105893	2025-09-20	4中山6	曇	5.0	2歳新馬		16	6.0	12	251.8	13.0	15	菊沢一樹	55.0	芝1600		良	**	1:37.0	2.2	**	8-11-13	35.8-34.6	35.5	440(0)			サンブライト		202506040605
2023105893	2025-11-09	5東京2	小雨	3.0	2歳未勝利		18	4.0	8	183.4	14.0	9	亀田温心	56.0	芝1400		良	**	1:22.5	1.0	**	14-15	34.8-34.8	34.5	442(+2)			シャルトル		202505050203
2023105893	2025-11-15	5東京3	晴	2.0	2歳未勝利		17	8.0	15	249.3	14.0	16	木幡巧也	56.0	芝1600		良	**	1:36.1	1.2	**	17-17	35.7-34.3	34.3	440(-2)			スペルーチェ		202505050302
2023105893	2026-01-12	1中山5	晴	6.0	3歳未勝利		18	4.0	8	340.9	16.0	10	舟山瑠泉	54.0	芝2000		良	**	2:01.4	1.4	**	2-2-3-4	35.1-36.8	37.9	442(+2)			サトノマティーニ		202606010506
2023105979	2025-12-28	5中山8	晴	5.0	2歳新馬		16	2.0	4	8.0	3.0	8	松山弘平	56.0	ダ1800		良	**	2:00.7	5.0	**	14-14-13-11	38.2-38.7	41.8	572(0)			クラウトロック		202506050805
2023105979	2026-01-18	1京都7	晴	2.0	3歳未勝利		12	7.0	9	165.3	9.0	11	小沢大仁	57.0	ダ1800		良	**	1:58.0	2.2	**	3-3-3-3	38.4-38.2	40.1	574(+2)			アミラル		202608010702
2023105989	2025-10-05	3京都2	曇	4.0	2歳新馬		12	7.0	10	4.7	3.0	4	富田暁	55.0	芝1200		稍	**	1:10.7	0.7	**	7-5	35.2-34.8	34.8	406(0)			マーブルパレス	110.0	202508030204
2023105989	2025-11-22	4京都5	晴	3.0	2歳未勝利		18	5.0	10	25.3	6.0	11	松山弘平	55.0	芝1200		良	**	1:11.3	2.7	**	16-16	33.6-35.0	35.7	406(0)			トップアタック		202508040503
2023106037	2025-09-20	4中山6	曇	5.0	2歳新馬		16	6.0	11	377.5	16.0	14	石川裕紀	55.0	芝1600		良	**	1:36.4	1.6	**	16-15-15	35.8-34.6	34.5	480(0)			サンブライト		202506040605
2023106037	2025-10-12	4東京4	晴	1.0	2歳未勝利		15	7.0	13	127.0	12.0	6	丹内祐次	56.0	ダ1600		良	**	1:40.0	1.3	**	8-8	35.2-37.9	38.4	482(+2)			サンダーヴィント		202505040401
2023106037	2025-10-19	4東京7	曇	1.0	2歳未勝利		13	5.0	8	18.6	6.0	3	原優介	56.0	ダ1400		良	**	1:27.1	0.8	**	7-6	35.8-38.5	37.9	476(-6)			リフレックス	140.0	202505040701
2023106077	2025-09-27	4阪神8	晴	5.0	2歳新馬		11	7.0	8	29.6	9.0	8	富田暁	55.0	芝2000		良	**	2:03.4	1.9	**	2-3-3-3	36.7-35.5	37.2	426(0)			フリーガー		202509040805
2023106077	2025-12-14	5阪神4	曇	1.0	2歳未勝利		11	4.0	4	41.8	8.0	3	津村明秀	56.0	ダ1800		稍	**	1:54.6	1.0	**	10-10-9-6	36.8-39.1	38.6	430(+4)			サンライズケヴィン	140.0	202509050401
2023106079	2025-09-21	4中山7	晴	5.0	2歳新馬		10	1.0	1	30.4	7.0	3	吉田隼人	55.0	芝2000		良	**	2:03.8	0.6	**	4-4-3-2	38.2-34.3	34.6	458(0)			フロレセール	190.0	202506040705
2023106079	2025-10-19	4新潟2	曇	1.0	2歳未勝利		12	1.0	1	6.6	4.0	6	吉田隼人	56.0	芝2000		稍	**	2:02.5	0.9	**	9-9-10-9	35.0-36.4	36.2	458(0)			ステラスペース		202504040201
2023106079	2025-11-08	5東京1	曇	3.0	2歳未勝利		12	6.0	7	33.2	6.0	3	菅原明良	56.0	芝2000		良	**	2:02.0	0.8	**	1-1-1	37.5-32.9	33.7	458(0)			グリーンエナジー	140.0	202505050103
2023106079	2025-11-22	3福島5	晴	7.0	2歳未勝利		16	4.0	7	12.6	8.0	2	吉田隼人	56.0	芝1800		良	**	1:48.2	0.1	**	3-3-3-2	35.4-35.5	35.4	446(-12)			アロンソア	220.0	202503030507
2023106110	2025-07-26	2新潟1	晴	2.0	2歳新馬		12	8.0	11	103.0	11.0	12	菊沢一樹	55.0	芝1600		良	**	1:36.5	1.9	**	4-4	35.8-33.7	35.2	462(0)			ヒルデグリム		202504020102
2023106110	2025-10-26	4新潟4	小雨	1.0	2歳未勝利		13	6.0	9	34.8	8.0	7	国分恭介	55.0	ダ1800		良	**	1:57.2	1.2	**	11-11-8-8	36.8-39.9	40.1	474(+12)			ガーネットテソーロ		202504040401
2023106110	2025-11-08	5東京1	曇	2.0	2歳未勝利		15	6.0	11	91.8	8.0	15	木幡巧也	55.0	ダ1600		良	**	1:43.2	4.6	**	2-4	35.6-37.1	41.4	470(-4)			アンディラメナ		202505050102
2023106127	2025-08-02	3中京3	晴	2.0	2歳新馬		7	3.0	3	98.0	7.0	3	小沢大仁	55.0	芝1600		良	**	1:35.7	0.3	**	4-6-6	36.7-34.2	34.0	454(0)			コニーアイランド	190.0	202507030302
2023106127	2025-08-24	4中京2	晴	3.0	2歳未勝利		8	8.0	8	6.0	3.0	8	小沢大仁	55.0	芝1600		良	**	1:36.3	2.9	**	2-2-2	35.1-34.8	37.6	452(-2)			クールデイトナ		202507040203
2023106127	2025-10-25	3京都8	曇	3.0	2歳未勝利		12	5.0	5	30.6	8.0	10	高杉吏麒	55.0	芝1400		良	**	1:22.5	1.2	**	3-5	34.2-35.4	36.3	456(+4)			フロムレイブン		202508030803
2023106127	2025-11-16	4京都4	晴	1.0	2歳未勝利		14	5.0	8	90.0	10.0	5	森田誠也	52.0	ダ1400		良	**	1:25.3	0.6	**	13-13	34.8-37.6	36.6	454(-2)			エイシンビリオン	56.0	202508040401
2023106127	2025-12-06	5中京1	晴	1.0	2歳未勝利		16	8.0	16	2.9	1.0	1	森田誠也	52.0	ダ1400		良	**	1:26.8	-0.7	**	15-15	35.0-38.7	37.2	460(+6)			(ジュディーイメル)	560.0	202507050101
2023106169	2025-08-31	3新潟4	晴	6.0	2歳新馬		15	2.0	3	91.6	13.0	14	菊沢一樹	55.0	ダ1800		良	**	2:00.4	5.2	**	8-8-12-14	37.9-37.4	40.8	438(0)			マテンロウダビンチ		202504030406
2023106169	2025-09-21	4阪神7	晴	2.0	2歳未勝利		13	4.0	5	454.6	13.0	13	柴田裕一	52.0	芝1600		良	**	1:36.4	2.6	**	13-13	34.9-35.3	36.3	432(-6)			コルテオソレイユ		202509040702
2023106169	2025-10-11	3京都3	曇	8.0	紫菊賞(1勝クラス)		7	5.0	5	212.3	7.0	5	古川吉洋	56.0	芝2000		良	**	2:02.7	3.4	**	7-7-6-6	35.9-36.3	38.2	430(-2)			ロードラヴォール	111.0	202508030308
2023106169	2025-10-26	3京都9	曇	9.0	萩S(L)		8	3.0	3	161.7	8.0	8	田口貫太	56.0	芝1800		稍	**	1:50.6	3.5	**	8-8	36.1-34.6	36.8	428(-2)			バドリナート		202508030909
2023106169	2025-11-15	4京都3	晴	4.0	2歳未勝利		12	7.0	10	504.7	12.0	10	古川吉洋	56.0	芝2000		良	**	2:05.2	3.6	**	10-10-11-10	36.8-35.0	37.6	432(+4)			ソルパッサーレ		202508040304
2023106169	2026-01-22	姫路	晴	10.0	JRA交流書写山特別		7	5.0	5	45.3	6.0	3	大山真吾	57.0	ダ1500		良	**	1:43.3	0.5	**	5-5-5-6		42.0	448(+16)			エレガントファラオ	37.5	202651012210
2023106277	2025-06-29	2福島2	晴	5.0	2歳新馬		13	7.0	11	19.6	6.0	5	津村明秀	55.0	芝1800		良	**	1:50.4	0.9	**	3-3-3-4	35.6-36.5	37.1	486(0)			ロスパレドネス	75.0	202503020205
2023106277	2025-08-03	2新潟4	晴	3.0	2歳未勝利		6	4.0	4	2.8	2.0	1	津村明秀	55.0	芝1600		良	**	1:34.6	-0.9	**	1-1	36.3-34.2	34.2	480(-6)			(ステラスペース)	560.0	202504020403
2023106277	2025-10-11	4東京3	小雨	11.0	サウジアラビアRC(GIII)		8	7.0	7	15.1	5.0	8	三浦皇成	56.0	芝1600		良	**	1:34.9	1.1	**	3-3	35.7-34.0	34.9	486(+6)			エコロアルバ		202505040311
2023106277	2025-11-30	5東京8	晴	8.0	ベゴニア賞(1勝クラス)		8	4.0	4	18.8	7.0	6	バルザロ	56.0	芝1600		良	**	1:34.2	1.1	**	3-3	35.5-34.1	34.9	486(0)			ドリームコア		202505050808
2023106277	2025-12-20	5中山5	曇	9.0	ひいらぎ賞(1勝クラス)		12	3.0	3	65.2	10.0	4	津村明秀	56.0	芝1600		良	**	1:33.5	0.6	**	3-6-5	34.9-34.4	34.5	492(+6)			クレパスキュラー	170.0	202506050509
2023106285	2025-07-26	2新潟1	晴	2.0	2歳新馬		12	5.0	5	8.7	4.0	9	三浦皇成	55.0	芝1600		良	**	1:35.9	1.3	**	9-9	35.8-33.7	34.1	456(0)			ヒルデグリム		202504020102
2023106285	2025-10-25	4東京8	小雨	2.0	2歳未勝利		10	3.0	3	24.5	5.0	4	三浦皇成	55.0	芝1600		良	**	1:35.2	0.3	**	7-7	35.6-35.2	34.8	464(+8)			ヒズマスターピース	84.0	202505040802
2023106285	2025-11-23	5東京5	曇	2.0	2歳未勝利		18	4.0	7	39.0	7.0	12	三浦皇成	55.0	芝1800		良	**	1:48.4	1.2	**	8-9-10	35.9-34.7	34.8	470(+6)			リスレジャンデール		202505050502
2023106286	2025-10-04	4東京1	曇	3.0	2歳新馬		17	5.0	10	24.3	8.0	8	横山琉人	55.0	芝1400		良	**	1:24.5	1.1	**	16-15	36.8-33.9	33.7	424(0)			ファインサマーデイ		202505040103
2023106286	2025-10-25	4新潟3	晴	3.0	2歳未勝利		13	6.0	9	13.8	5.0	6	横山琉人	55.0	芝1800		良	**	1:49.2	0.5	**	5-5	36.3-34.4	34.4	420(-4)			ショウナンダイン		202504040303
2023106286	2026-01-10	1中山3	晴	2.0	3歳未勝利		16	1.0	1	18.8	8.0	6	横山琉人	55.0	ダ1800		良	**	1:57.5	1.1	**	7-7-7-7	36.8-40.1	40.7	416(-4)			ベルウッドピース		202606010302
2023106317	2025-12-21	5中山6	曇	5.0	2歳新馬		16	6.0	12	210.3	15.0	8	丸田恭介	55.0	芝1600		重	**	1:37.5	2.4	**	10-10-8	35.3-35.7	36.9	412(0)			ロデオドライブ		202506050605
2023106350	2025-10-05	4東京2	晴	6.0	2歳新馬		16	1.0	2	32.0	7.0	4	大野拓弥	55.0	ダ1600		良	**	1:40.9	0.4	**	10-11	37.0-36.6	35.8	490(0)			ゲームカレンダー	110.0	202505040206
2023106350	2025-10-25	4東京8	小雨	1.0	2歳未勝利		15	7.0	13	8.6	4.0	7	大野拓弥	55.0	ダ1600		稍	**	1:39.4	1.3	**	6-6	36.2-36.4	37.1	492(+2)			ケイアイアギト		202505040801
2023106350	2025-12-20	5中山5	小雨	2.0	2歳未勝利		16	5.0	9	10.1	6.0	9	斎藤新	55.0	ダ1800		良	**	1:56.5	1.9	**	6-6-6-6	36.8-39.9	41.0	490(-2)			ケイツーリーブル		202506050502
2023106350	2026-01-12	1中山5	晴	2.0	3歳未勝利		16	4.0	7	27.3	8.0	5	大野拓弥	55.0	ダ1800		良	**	1:58.2	1.5	**	12-12-14-10	38.6-38.9	39.4	494(+4)			ホールドザデイ	59.0	202606010502
2023106351	2025-07-19	2福島7	晴	5.0	2歳新馬		16	5.0	10	70.0	11.0	15	木幡巧也	55.0	芝1800		良	**	1:56.3	3.1	**	5-4-4-6	36.8-37.1	39.9	470(0)			ザーフィル		202503020705
2023106369	2025-11-01	4東京10	晴	4.0	2歳新馬		16	3.0	5	6.3	4.0	4	吉田豊	55.0	ダ1400		不	**	1:25.2	0.7	**	10-7	35.6-36.3	36.0	484(0)			ビルバンテ	110.0	202505041004
2023106372	2025-11-08	3福島1	晴	5.0	2歳新馬		16	8.0	15	45.3	8.0	4	石田拓郎	52.0	芝1200		良	**	1:09.4	0.2	**	6-6	33.8-35.4	35.0	420(0)			ディヴァインスカイ	110.0	202503030105
2023106372	2025-11-24	3福島6	晴	6.0	2歳未勝利		16	4.0	8	6.3	2.0	9	横山武史	55.0	芝1200		良	**	1:09.6	0.6	**	12-11	34.1-34.9	34.4	414(-6)			ジャスパールビー		202503030606
2023106388	2025-11-09	4京都2	雨	4.0	2歳新馬		16	1.0	1	7.2	4.0	1	秋山稔樹	55.0	ダ1400		稍	**	1:24.9	-0.4	**	1-1	35.8-36.9	36.9	514(0)			(ホットシート)	750.0	202508040204
2023106388	2025-11-29	5東京7	曇	9.0	カトレアS(OP)		12	5.0	6	198.4	12.0	11	秋山稔樹	55.0	ダ1600		良	**	1:40.2	2.8	**	1-1	34.6-37.2	40.0	508(-6)			サトノボヤージュ		202505050709
2023106403	2025-09-07	4阪神2	晴	5.0	2歳新馬		6	3.0	3	26.4	5.0	5	岩田望来	55.0	芝1800		良	**	1:50.0	2.5	**	6-3	36.2-33.9	36.0	432(0)			キッコベッロ	37.5	202509040205
2023106403	2025-09-28	4阪神9	晴	3.0	2歳未勝利		10	8.0	9	166.1	9.0	9	西塚洸二	54.0	芝1800		良	**	1:48.3	1.7	**	8-9	36.0-34.7	35.6	436(+4)			サントルドパリ		202509040903
2023106403	2025-10-12	3京都4	曇	3.0	2歳未勝利		9	6.0	6	187.7	9.0	3	松若風馬	56.0	芝2000		良	**	2:00.1	0.6	**	8-8-6-6	35.8-35.5	35.4	434(-2)			ブレナヴォン	140.0	202508030403
2023106403	2025-10-26	3京都9	曇	3.0	2歳未勝利		10	5.0	5	12.5	5.0	8	戸崎圭太	56.0	芝2000		稍	**	2:03.9	1.4	**	5-5-7-5	36.4-35.7	36.6	438(+4)			メイショウソラリス		202508030903
2023106403	2025-12-20	5阪神5	晴	2.0	2歳未勝利		16	3.0	6	78.0	7.0	7	古川吉洋	56.0	芝2000		良	**	2:01.8	1.1	**	12-12-11-10	36.6-34.3	34.7	442(+4)			バステール		202509050502
2023106403	2026-01-05	1京都2	晴	2.0	3歳未勝利		16	5.0	9	4.9	3.0	3	岩田康誠	57.0	ダ1900		良	**	2:01.3	0.4	**	14-14-13-12	30.4-38.5	37.6	442(0)			エドウィンナルコ	150.0	202608010202
2023106416	2025-09-21	4中山7	晴	5.0	2歳新馬		10	7.0	8	30.1	6.0	6	原優介	55.0	芝2000		良	**	2:04.5	1.3	**	9-9-9-9	38.2-34.3	34.7	462(0)			フロレセール		202506040705
2023106416	2025-10-12	4東京4	曇	3.0	2歳未勝利		10	5.0	5	49.8	7.0	5	丹内祐次	55.0	芝2000		良	**	2:00.4	0.4	**	5-5-6	36.6-34.9	34.5	466(+4)			チャリングクロス	56.0	202505040403
2023106416	2025-10-26	4東京9	小雨	2.0	2歳未勝利		10	7.0	8	4.9	2.0	5	横山武史	55.0	芝2000		稍	**	2:02.6	1.5	**	3-2-2	36.1-36.1	37.6	466(0)			セヴェロ	56.0	202505040902
2023106416	2026-01-12	1中山5	晴	6.0	3歳未勝利		18	2.0	4	42.8	11.0	6	丹内祐次	55.0	芝2000		良	**	2:00.4	0.4	**	10-11-10-10	35.1-36.8	36.0	460(-6)			サトノマティーニ		202606010506
2023106424	2026-01-04	1中山1	晴	6.0	3歳新馬		17	7.0	13	53.5	14.0	13	丹内祐次	57.0	芝2000		良	**	2:05.2	1.2	**	6-6-5-8	38.2-35.6	36.3	486(0)			トップオブザライン		202606010106
2023106426	2025-08-24	3新潟2	晴	5.0	2歳新馬		14	6.0	10	34.5	11.0	1	原優介	55.0	芝2000		良	**	2:03.9	-0.1	**	7-7-7-6	36.6-36.6	35.8	480(0)			(カンティーナ)	750.0	202504030205
2023106426	2025-09-27	4中山8	晴	9.0	芙蓉S(OP)		9	8.0	8	70.4	7.0	7	丹内祐次	55.0	芝2000		良	**	2:01.8	1.5	**	7-7-7-6	36.2-35.4	36.1	482(+2)			ウイナーズナイン		202506040809
2023106426	2025-11-02	4東京11	曇	8.0	百日草特別(1勝クラス)		5	4.0	4	41.8	5.0	3	丹内祐次	56.0	芝2000		良	**	2:00.7	0.6	**	1-1-1	37.9-34.7	35.3	486(+4)			アッカン	281.8	202505041108
2023106426	2026-01-05	1中山2	晴	7.0	3歳1勝クラス		10	1.0	1	45.9	9.0	6	丹内祐次	57.0	芝2000		良	**	2:01.7	0.6	**	4-4-4-2	36.7-36.1	36.3	488(+2)			ステラスペース		202606010207
2023106432	2025-11-23	5東京5	曇	5.0	2歳新馬		11	5.0	5	39.4	9.0	5	丹内祐次	56.0	芝2000		良	**	2:02.8	0.7	**	5-5-5	37.4-34.2	34.3	460(0)			ノーブルサヴェージ	75.0	202505050505
2023106432	2025-12-14	5中山4	雨	3.0	2歳未勝利		18	7.0	13	58.9	10.0	11	丹内祐次	56.0	芝2000		稍	**	2:05.6	2.6	**	10-10-7-7	36.9-36.5	38.4	460(0)			ラージアンサンブル		202506050403
2023106435	2025-09-27	4中山8	晴	5.0	2歳新馬		16	3.0	6	184.8	14.0	11	石神深道	52.0	芝1600		良	**	1:37.1	1.3	**	4-4-5	36.2-34.8	35.8	470(0)			ギリーズボール		202506040805
2023106435	2025-10-12	4東京4	晴	1.0	2歳未勝利		15	4.0	8	138.2	13.0	14	石神深道	53.0	ダ1600		良	**	1:45.3	6.6	**	9-11	35.2-37.9	43.3	472(+2)			サンダーヴィント		202505040401
2023106435	2026-01-05	1中山2	晴	6.0	3歳未勝利		18	8.0	17	389.4	18.0	13	柴田大知	57.0	芝2000		良	**	2:02.3	1.2	**	4-6-5-6	35.5-36.1	36.8	474(+2)			イモータリス		202606010206
2023106436	2025-08-02	2新潟3	晴	4.0	2歳新馬		12	6.0	8	60.9	9.0	6	柴田大知	55.0	芝1800		良	**	1:49.3	1.5	**	11-10	34.9-33.3	33.9	484(0)			アートバーゼル		202504020304
2023106436	2025-11-22	3福島5	晴	7.0	2歳未勝利		16	7.0	14	11.1	7.0	16	佐々木大	56.0	芝1800		良	**	1:52.0	3.9	**	13-13-14-16	35.4-35.5	38.2	482(-2)			アロンソア		202503030507
2023106436	2025-12-06	5中京1	晴	5.0	2歳未勝利		14	2.0	2	159.1	12.0	12	武藤雅	56.0	芝2000		良	**	2:02.9	1.6	**	13-13-12-12	36.9-34.4	34.6	486(+4)			アクロフェイズ		202507050105
2023106436	2026-01-05	1京都2	晴	5.0	3歳未勝利		17	1.0	1	270.3	15.0	7	小崎綾也	57.0	芝2000		良	**	2:02.9	0.6	**	9-8-7-8	35.7-36.0	36.0	486(0)			タガノアルトゥーラ		202608010205
2023106438	2025-11-30	5東京8	晴	6.0	2歳新馬		12	7.0	9	136.4	10.0	11	丹内祐次	56.0	芝1800		良	**	1:49.6	2.6	**	10-10-10	36.3-33.6	34.7	422(0)			ゴーラッキー		202505050806
2023106438	2025-12-20	5中京5	曇	5.0	2歳未勝利		18	4.0	8	351.0	15.0	6	森田誠也	53.0	芝2000		稍	**	2:02.9	0.4	**	10-10-12-13	35.8-36.7	34.8	426(+4)			ロードメルヴェイユ		202507050505
2023106459	2026-01-11	1中山4	晴	5.0	3歳新馬		16	8.0	16	104.3	13.0	10	木幡巧也	57.0	ダ1800		良	**	1:59.4	3.5	**	13-14-12-11	37.3-38.5	40.6	522(0)			エスシービクトリア		202606010405
2023106462	2025-10-19	4東京7	雨	5.0	2歳新馬		18	8.0	17	106.2	15.0	11	木幡初也	56.0	芝1800		良	**	1:51.1	0.9	**	14-12-12	38.6-34.0	34.1	436(0)			ブラウンバナナ		202505040705
2023106462	2025-11-02	4東京11	曇	3.0	2歳未勝利		10	7.0	8	72.0	6.0	8	木幡初也	56.0	芝1800		良	**	1:49.0	1.5	**	5-4-4	36.1-35.1	36.2	434(-2)			タッセルノット		202505041103
2023106462	2025-11-24	5東京6	晴	3.0	2歳未勝利		16	8.0	16	326.7	12.0	10	原優介	56.0	芝2000		良	**	2:01.5	1.4	**	15-14-15	35.5-34.7	34.7	436(+2)			エムズビギン		202505050603
2023106462	2025-12-14	5中京4	曇	4.0	2歳未勝利		13	3.0	3	99.6	12.0	13	和田陽希	53.0	芝2000		稍	**	2:12.2	10.2	**	13-13-13-13	36.7-35.5	43.5	440(+4)			グレーヌドジョワ		202507050404
2023106473	2026-01-04	1中山1	晴	5.0	3歳未勝利		16	8.0	15	90.3	11.0	15	矢野貴之	57.0	芝1600		良	**	1:36.1	1.6	**	16-15-16	35.1-35.6	35.4	444(0)			タイセイアストロ		202606010105
2023106474	2025-09-07	4中山2	晴	5.0	2歳新馬		12	2.0	2	6.3	3.0	6	津村明秀	55.0	芝1800		良	**	1:49.5	0.6	**	2-2-2-2	37.1-34.5	34.9	478(0)			フォルテアンジェロ		202506040205
2023106474	2025-09-21	4中山7	晴	3.0	2歳未勝利		10	5.0	5	17.1	3.0	5	石川裕紀	55.0	芝1800		良	**	1:50.5	1.1	**	2-2-2-2	36.7-35.4	36.2	480(+2)			パントルナイーフ	56.0	202506040703
2023106474	2025-10-18	4新潟1	曇	1.0	2歳未勝利		13	4.0	4	18.4	7.0	7	横山琉人	56.0	芝1600		良	**	1:34.8	0.9	**	9-9	35.2-33.9	34.1	486(+6)			リアライズブラーヴ		202504040101
2023106474	2026-01-05	1中山2	晴	6.0	3歳未勝利		18	7.0	14	144.6	15.0	11	横山琉人	57.0	芝2000		良	**	2:02.1	1.0	**	2-3-3-2	35.5-36.1	36.9	484(-2)			イモータリス		202606010206
2023106478	2025-06-15	1函館2	晴	5.0	2歳新馬		9	8.0	8	5.3	3.0	5	丹内祐次	55.0	芝1200		良	**	1:09.6	1.2	**	4-4	33.4-35.0	35.6	402(0)			ルージュサウダージ	75.0	202502010205
2023106478	2025-06-29	1函館6	曇	1.0	2歳未勝利		12	1.0	1	24.8	4.0	3	丹内祐次	55.0	芝1200		良	**	1:10.1	0.2	**	4-2	34.5-35.4	35.3	408(+6)			シーグルロス	140.0	202502010601
2023106478	2025-07-20	1函館12	晴	1.0	2歳未勝利		16	7.0	13	20.2	9.0	5	丹内祐次	55.0	芝1200		良	**	1:09.8	0.7	**	6-6	33.8-35.3	35.3	414(+6)			クワイエットアイ	56.0	202502011201
2023106598	2025-08-09	2新潟5	晴	3.0	2歳新馬		17	1.0	2	13.8	5.0	4	杉原誠人	55.0	芝1200		良	**	1:10.5	0.7	**	11-11	34.6-35.2	34.6	422(0)			ベルフラム	110.0	202504020503
2023106598	2025-10-18	4新潟1	曇	3.0	2歳未勝利		18	5.0	9	20.1	8.0	5	杉原誠人	55.0	芝1200		良	**	1:09.8	0.3	**	5-4	34.1-35.4	35.3	428(+6)			ガラベイヤ	56.0	202504040103
2023106598	2025-11-09	3福島2	曇	2.0	2歳未勝利		16	3.0	5	19.4	7.0	10	杉原誠人	55.0	芝1200		良	**	1:10.2	0.8	**	9-9	34.0-35.4	35.5	430(+2)			アンジュプロミス		202503030202
2023106607	2025-09-13	4中山3	晴	6.0	2歳新馬		9	8.0	8	79.7	9.0	3	黛弘人	55.0	芝2000		稍	**	2:03.3	0.2	**	6-6-6-6	37.0-35.3	34.6	440(0)			メイショウハチコウ	190.0	202506040306
2023106607	2025-09-28	4中山9	晴	3.0	2歳未勝利		16	3.0	6	7.8	4.0	7	黛弘人	55.0	芝2000		良	**	2:02.5	1.8	**	5-5-6-6	37.0-33.9	34.9	444(+4)			コッツォリーノ		202506040903
2023106607	2025-11-15	3福島3	晴	3.0	2歳未勝利		16	3.0	6	48.0	11.0	16	黛弘人	56.0	芝2000		良	**	2:02.8	1.7	**	15-15-16-16	34.5-36.0	36.2	448(+4)			アメティスタ		202503030303
2023106607	2025-11-30	5東京8	晴	4.0	2歳未勝利		13	5.0	7	248.6	9.0	5	黛弘人	56.0	芝2000		良	**	2:01.1	1.2	**	11-10-10	36.8-34.1	34.5	452(+4)			ファムクラジューズ	56.0	202505050804
2023106607	2025-12-20	5中京5	曇	5.0	2歳未勝利		18	3.0	5	36.7	8.0	11	黛弘人	56.0	芝2000		稍	**	2:03.7	1.2	**	13-14-15-14	35.8-36.7	35.4	448(-4)			ロードメルヴェイユ		202507050505
2023106612	2025-11-15	5東京3	晴	5.0	2歳新馬		10	7.0	8	226.2	10.0	7	遠藤汰月	53.0	芝1800		良	**	1:50.1	1.4	**	7-7-7	37.3-33.9	34.5	454(0)			コレオシークエンス		202505050305
2023106612	2025-11-30	5東京8	晴	4.0	2歳未勝利		13	6.0	8	463.6	13.0	6	遠藤汰月	53.0	芝2000		良	**	2:01.2	1.3	**	13-13-13	36.8-34.1	33.9	448(-6)			ファムクラジューズ		202505050804
2023106658	2025-08-16	2新潟7	晴	4.0	2歳新馬		11	3.0	3	10.6	3.0	4	木幡育也	55.0	芝1600		良	**	1:36.8	1.3	**	8-8	36.3-33.9	34.4	454(0)			モンローウォーク	110.0	202504020704
2023106658	2025-08-30	3新潟3	曇	3.0	2歳未勝利		11	7.0	8	32.6	7.0	8	木幡育也	55.0	芝1800		良	**	1:49.7	1.9	**	5-6	35.0-34.8	36.4	450(-4)			ドナルンバ		202504030303
2023106658	2025-11-30	5東京8	晴	1.0	2歳未勝利		16	7.0	13	25.7	8.0	6	木幡育也	56.0	ダ1400		良	**	1:27.6	0.8	**	3-2	35.8-38.0	38.5	464(+14)			ヒナノムサシ		202505050801
2023106658	2025-12-20	5中山5	曇	1.0	2歳未勝利		16	6.0	11	6.3	3.0	3	木幡育也	56.0	ダ1200		良	**	1:13.0	0.5	**	10-9	34.3-38.2	37.8	466(+2)			シュピラー	140.0	202506050501
2023106658	2026-01-12	1中山5	晴	1.0	3歳未勝利		16	2.0	4	20.9	4.0	4	木幡育也	57.0	ダ1200		良	**	1:13.3	0.5	**	9-8	35.1-37.7	37.5	466(0)			アイスメルティング	89.0	202606010501
2023106687	2025-09-06	4中山1	晴	5.0	2歳新馬		16	5.0	10	58.5	11.0	11	原優介	55.0	芝1200		良	**	1:10.6	1.6	**	9-11	34.3-34.7	35.1	440(0)			ランプローグ		202506040105
2023106687	2025-09-27	4阪神8	晴	3.0	2歳未勝利		14	3.0	4	557.7	13.0	8	小林脩斗	55.0	芝1200		良	**	1:10.2	1.1	**	8-10	34.0-35.1	35.1	438(-2)			フォーゲル		202509040803
2023106687	2025-10-18	4新潟1	曇	1.0	2歳未勝利		13	3.0	3	185.1	12.0	10	石田拓郎	53.0	芝1600		良	**	1:35.5	1.6	**	4-3	35.2-33.9	35.1	448(+10)			リアライズブラーヴ		202504040101
2023106687	2025-10-25	4新潟3	晴	1.0	2歳未勝利		15	2.0	2	91.5	12.0	11	河原田菜	52.0	芝1200		良	**	1:10.8	0.7	**	10-10	34.3-35.8	35.7	450(+2)			ラテラルパーム		202504040301
2023106687	2026-01-21	笠松	曇	8.0	中津川宿特別(3歳)		8	7.0	7	11.3	4.0	4	原優介	57.0	ダ1400		良	**	1:31.9	1.7	**	6-6-4		39.8	458(+8)			スマイルカーブ	10.5	202647012108
2023106721	2025-09-20	4中山6	曇	5.0	2歳新馬		16	1.0	2	36.2	7.0	4	大野拓弥	55.0	芝1600		良	**	1:35.1	0.3	**	1-2-2	35.8-34.6	34.7	470(0)			サンブライト	110.0	202506040605
2023106721	2025-10-12	4東京4	晴	1.0	2歳未勝利		15	6.0	12	4.8	3.0	3	大野拓弥	56.0	ダ1600		良	**	1:39.8	1.1	**	2-2	35.2-37.9	39.0	470(0)			サンダーヴィント	140.0	202505040401
2023106721	2025-11-09	3福島2	曇	2.0	2歳未勝利		16	2.0	3	5.2	3.0	8	丸山元気	56.0	芝1200		良	**	1:10.1	0.7	**	4-3	34.0-35.4	35.8	470(0)			アンジュプロミス		202503030202
2023106921	2025-09-14	4阪神4	曇	5.0	2歳新馬		7	5.0	5	3.8	3.0	1	和田竜二	55.0	芝2000		良	**	2:04.5	0.0	**	2-2-2-1	39.2-34.2	34.2	534(0)			(ジャスティンルマン)	750.0	202509040405
2023106921	2025-10-11	3京都3	曇	8.0	紫菊賞(1勝クラス)		7	4.0	4	2.8	2.0	4	和田竜二	56.0	芝2000		良	**	2:01.3	2.0	**	1-2-2-2	35.9-36.3	38.3	536(+2)			ロードラヴォール	170.0	202508030308
2023106921	2025-12-13	5阪神3	晴	9.0	エリカ賞(1勝クラス)		9	6.0	6	31.6	6.0	4	和田竜二	56.0	芝2000		良	**	2:02.3	0.4	**	3-2-2-2	38.2-33.4	33.7	534(-2)			コロナドブリッジ	170.0	202509050309
2023106940	2025-10-18	3京都6	曇	6.0	2歳新馬		16	5.0	10	2.0	1.0	1	岩田望来	55.0	ダ1400		稍	**	1:25.0	-0.6	**	2-2	35.6-36.6	36.4	450(0)			(ナリタアーマー)	750.0	202508030606
2023106940	2025-11-29	5東京7	曇	9.0	カトレアS(OP)		12	6.0	8	25.8	5.0	4	岩田望来	55.0	ダ1600		良	**	1:37.9	0.5	**	10-10	34.6-37.2	37.1	452(+2)			サトノボヤージュ	240.0	202505050709
2023106968	2025-08-23	2札幌1	晴	5.0	2歳新馬		9	6.0	6	12.2	5.0	6	バデル	55.0	芝1500		稍	**	1:33.0	2.1	**	5-7-6	31.6-35.3	37.0	416(0)			グリオンヴール		202501020105
2023106968	2025-10-19	3京都7	曇	1.0	2歳未勝利		12	7.0	9	47.2	7.0	4	吉村誠之	54.0	ダ1400		稍	**	1:26.7	1.3	**	2-2	34.8-38.2	39.3	418(+2)			フィアーブル	84.0	202508030701
2023106968	2025-12-06	5阪神1	晴	1.0	2歳未勝利		16	2.0	3	23.8	5.0	1	高杉吏麒	55.0	ダ1200		良	**	1:12.9	-0.5	**	5-5	35.1-37.8	37.3	422(+4)			(メイショウイブキ)	560.0	202509050101
2023106988	2025-10-05	3京都2	小雨	5.0	2歳新馬		13	2.0	2	105.1	13.0	8	秋山稔樹	55.0	芝1800		稍	**	1:49.7	0.9	**	9-7	36.7-34.7	35.1	428(0)			コウギョク		202508030205
2023106988	2025-12-20	5中京5	曇	4.0	2歳未勝利		16	7.0	14	150.4	13.0	8	秋山稔樹	55.0	芝1600		稍	**	1:36.3	1.0	**	9-6-6	35.2-35.7	36.2	430(+2)			アンディムジーク		202507050504
2023106989	2025-06-22	3阪神6	晴	6.0	2歳新馬		16	4.0	7	2.6	1.0	3	坂井瑠星	55.0	ダ1200		良	**	1:14.8	0.4	**	5-5	36.0-38.4	38.5	472(0)			シュテフィ	190.0	202509030606
2023106989	2025-08-23	4中京1	曇	3.0	2歳未勝利		9	1.0	1	16.0	5.0	8	吉村誠之	54.0	芝1400		良	**	1:22.3	1.1	**	5-4	35.3-34.1	34.8	478(+6)			メイショウハッケイ		202507040103
2023106989	2025-09-21	4阪神7	晴	4.0	2歳未勝利		13	7.0	11	2.5	1.0	1	坂井瑠星	55.0	ダ1400		良	**	1:26.4	-0.1	**	2-2	34.9-38.9	38.6	478(0)			(スマートジュリアス)	560.0	202509040704
2023106989	2025-10-18	3京都6	曇	8.0	なでしこ賞(1勝クラス)		7	1.0	1	23.5	6.0	5	岩田望来	55.0	ダ1400		稍	**	1:26.2	1.5	**	3-4	36.0-36.2	37.4	476(-2)			ローズカリス	111.0	202508030608
2023106989	2025-12-14	5阪神4	晴	6.0	2歳1勝クラス		7	6.0	6	6.5	3.0	5	坂井瑠星	55.0	ダ1200		良	**	1:13.3	1.6	**	3-3	35.9-35.8	37.0	474(-2)			テーオーグレーザー	80.0	202509050406
2023107036	2025-10-12	3京都4	曇	5.0	2歳新馬		13	7.0	10	3.3	2.0	4	池添謙一	56.0	芝2000		良	**	2:00.9	0.4	**	3-3-3-3	36.1-35.3	34.3	462(0)			ヴィサージュ	110.0	202508030405
2023107036	2025-10-26	3京都9	曇	3.0	2歳未勝利		10	4.0	4	3.8	2.0	3	池添謙一	56.0	芝2000		稍	**	2:03.1	0.6	**	3-4-3-2	36.4-35.7	36.1	466(+4)			メイショウソラリス	140.0	202508030903
2023107057	2025-12-13	5阪神3	晴	5.0	2歳新馬		7	7.0	7	1.8	1.0	2	団野大成	55.0	芝1800		良	**	1:49.0	0.1	**	6-2	37.2-33.6	33.6	438(0)			ダノンハドソン	300.0	202509050305
2023107157	2025-10-05	3京都2	小雨	5.0	2歳新馬		13	8.0	13	2.3	1.0	2	川田将雅	56.0	芝1800		稍	**	1:49.1	0.3	**	3-3	36.7-34.7	34.8	496(0)			コウギョク	300.0	202508030205
2023107157	2025-12-06	5阪神1	晴	4.0	2歳未勝利		9	3.0	3	1.4	1.0	1	川田将雅	56.0	芝1800		良	**	1:48.4	0.0	**	5-5	35.6-33.5	33.0	490(-6)			(カフジエメンタール)	560.0	202509050104
2023107196	2025-12-07	5中山2	晴	3.0	2歳新馬		13	4.0	5	8.0	4.0	3	荻野極	55.0	ダ1800		良	**	1:56.9	1.2	**	3-2-6-5	38.1-37.6	38.5	472(0)			ユアフェリシティ	190.0	202506050203
2023107211	2025-11-09	4京都2	雨	4.0	2歳新馬		16	6.0	11	6.6	3.0	3	佐々木大	55.0	ダ1400		稍	**	1:25.3	0.4	**	3-3	35.8-36.9	37.0	452(0)			ヒルノプーリア	190.0	202508040204
2023107211	2025-12-07	5阪神2	晴	2.0	2歳未勝利		16	4.0	8	2.5	1.0	1	プーシャ	55.0	ダ1400		良	**	1:25.7	-0.4	**	3-3	34.8-38.0	37.7	452(0)			(ハードシングス)	560.0	202509050202
2023107227	2025-08-31	4中京4	晴	5.0	2歳新馬		7	7.0	7	1.9	1.0	5	岩田望来	55.0	芝2000		良	**	2:05.2	0.5	**	5-6-5-5	39.4-34.3	34.4	506(0)			サトノアイボリー	75.0	202507040405
2023107227	2025-09-20	4阪神6	曇	1.0	2歳未勝利		10	3.0	3	4.0	3.0	6	岩田望来	55.0	ダ1800		良	**	1:56.2	0.9	**	6-6-4-4	36.8-40.5	40.7	506(0)			エコロレーヴ		202509040601
2023107227	2025-11-23	4京都6	晴	3.0	2歳未勝利		16	6.0	12	8.3	4.0	6	Ｃ．デム	56.0	芝2000		良	**	2:01.0	0.6	**	10-10-4-3	35.9-35.7	35.9	514(+8)			エアビーアゲイル		202508040603
2023107227	2026-01-10	1京都3	晴	6.0	3歳未勝利		18	7.0	14	4.3	1.0	3	岩田望来	57.0	芝2400		良	**	2:27.6	0.4	**	3-3-3-1	35.3-35.6	36.0	516(+2)			ガウディ	150.0	202608010306
2023107237	2025-09-21	4中山7	晴	4.0	2歳新馬		16	2.0	4	13.8	6.0	3	ルメール	55.0	ダ1800		稍	**	1:55.6	0.2	**	5-3-5-5	38.4-38.6	38.6	448(0)			ナリノシャーウッド	190.0	202506040704
2023107237	2025-11-08	5東京1	曇	2.0	2歳未勝利		15	4.0	6	2.0	2.0	1	ルメール	55.0	ダ1600		良	**	1:38.6	-0.3	**	8-6	35.6-37.1	36.7	456(+8)			(ヴンダーバール)	560.0	202505050102
2023107267	2025-08-17	3中京8	晴	3.0	2歳新馬		9	5.0	5	7.8	4.0	6	松山弘平	55.0	芝1600		良	**	1:37.2	1.0	**	6-5-5	37.2-34.2	34.6	488(0)			スウィッチインラヴ		202507030803
2023107267	2025-10-12	3京都4	曇	3.0	2歳未勝利		9	8.0	9	13.0	4.0	5	北村友一	55.0	芝2000		良	**	2:00.3	0.8	**	5-4-4-4	35.8-35.5	35.9	496(+8)			ブレナヴォン	56.0	202508030403
2023107267	2025-10-26	3京都9	曇	1.0	2歳未勝利		9	1.0	1	10.2	5.0	3	北村友一	55.0	ダ1800		重	**	1:53.7	0.7	**	4-3-3-3	36.8-38.4	38.8	496(0)			サリカリーフォリア	140.0	202508030901
2023107267	2025-11-08	4京都1	晴	1.0	2歳未勝利		12	5.0	5	7.2	4.0	2	北村友一	55.0	ダ1800		良	**	1:54.0	0.7	**	3-3-2-2	36.4-37.7	38.2	496(0)			ショコラプリン	220.0	202508040101
2023107267	2026-01-05	1京都2	晴	1.0	3歳未勝利		14	4.0	6	2.5	1.0	2	北村友一	55.0	ダ1800		良	**	1:53.9	0.4	**	3-3-3-3	35.6-38.7	38.7	496(0)			ルージュビバーチェ	240.0	202608010201
2023107267	2026-01-10	1京都3	晴	1.0	3歳未勝利		16	2.0	3	1.5	1.0	2	北村友一	55.0	ダ1800		良	**	1:55.3	0.5	**	1-1-1-1	36.9-38.1	38.6	494(-2)			クイーンズドリーム	240.0	202608010301
2023107269	2025-06-14	1函館1	晴	5.0	2歳新馬		12	4.0	4	4.5	2.0	3	藤岡佑介	55.0	芝1000		良	**	0:56.9	0.5	**	2-2	33.7-33.9	34.3	450(0)			カイショー	190.0	202502010105
2023107269	2025-06-29	1函館6	曇	1.0	2歳未勝利		12	3.0	3	4.5	2.0	11	藤岡佑介	55.0	芝1200		良	**	1:11.2	1.3	**	2-2	34.5-35.4	36.5	442(-8)			シーグルロス		202502010601
2023107269	2025-11-01	3京都10	晴	2.0	2歳未勝利		12	8.0	11	3.1	1.0	2	Ｃ．デム	55.0	芝1200		稍	**	1:10.0	0.1	**	6-10	35.1-34.8	34.1	442(0)			トモジャプレジール	220.0	202508031002
2023107269	2025-11-22	4京都5	晴	3.0	2歳未勝利		18	7.0	15	4.9	3.0	7	マーカン	55.0	芝1200		良	**	1:09.9	1.3	**	9-10	33.6-35.0	34.8	440(-2)			トップアタック		202508040503
2023107269	2026-01-12	1京都5	晴	12.0	3歳未勝利		18	4.0	7	24.3	10.0	3	吉村誠之	55.0	芝1400		良	**	1:22.6	0.4	**	3-3	34.4-36.0	36.0	442(+2)			ケールハイム	150.0	202608010512
2023107320	2025-08-24	2札幌2	晴	5.0	2歳新馬		11	3.0	3	1.8	1.0	2	ルメール	55.0	芝2000		良	**	2:04.9	0.4	**	3-4-4-4	39.1-35.4	35.5	450(0)			ミスティックレナン	300.0	202501020205
2023107320	2025-10-11	4東京3	雨	3.0	2歳未勝利		10	2.0	2	1.4	1.0	2	ルメール	55.0	芝1800		良	**	1:48.7	0.1	**	3-3-2	37.5-33.4	33.3	458(+8)			ラストスマイル	220.0	202505040303
2023107320	2025-11-23	5東京5	曇	2.0	2歳未勝利		18	6.0	11	1.4	1.0	1	戸崎圭太	55.0	芝1800		良	**	1:47.2	-0.5	**	7-7-7	35.9-34.7	33.9	456(-2)			(ジャストビコーズ)	560.0	202505050502
2023107321	2025-06-08	3東京2	曇	5.0	2歳新馬		10	8.0	11	5.5	2.0	2	ルメール	55.0	芝1800		良	**	1:47.2	0.4	**	10-9-9	35.4-34.8	34.0	482(0)			ダノンヒストリー	300.0	202505030205
2023107321	2025-11-30	5東京8	晴	2.0	2歳未勝利		13	6.0	8	1.1	1.0	2	ルメール	56.0	芝1600		良	**	1:34.7	0.0	**	7-4	35.8-33.9	33.5	494(+12)			ゴバド	220.0	202505050802
2023107382	2025-11-09	5東京2	小雨	6.0	2歳新馬		15	8.0	15	6.9	3.0	2	プーシャ	56.0	ダ1600		稍	**	1:39.3	0.3	**	3-3	35.8-37.2	37.4	502(0)			ピースサイン	300.0	202505050206
2023107407	2025-10-18	4東京6	晴	5.0	2歳新馬		16	2.0	4	36.1	9.0	16	武豊	55.0	芝1600		良	**	1:36.3	2.2	**	9-10	35.9-34.0	35.3	510(0)			アドマイヤクワッズ		202505040605
2023107517	2025-09-27	4中山8	晴	5.0	2歳新馬		16	8.0	16	16.7	5.0	13	横山和生	55.0	芝1600		良	**	1:38.0	2.2	**	2-2-2	36.2-34.8	36.9	482(0)			ギリーズボール		202506040805
2023107517	2025-11-01	3京都10	晴	2.0	2歳未勝利		12	7.0	9	18.0	7.0	8	和田陽希	52.0	芝1200		稍	**	1:10.6	0.7	**	6-7	35.1-34.8	34.9	486(+4)			トモジャプレジール		202508031002
2023107517	2025-12-13	5阪神3	晴	3.0	2歳未勝利		14	7.0	12	6.9	4.0	2	団野大成	55.0	芝1200		良	**	1:09.2	0.1	**	1-1	34.2-34.9	35.0	484(-2)			ナクソス	220.0	202509050303
2023107517	2026-01-12	1京都5	晴	12.0	3歳未勝利		18	2.0	4	37.8	11.0	17	団野大成	55.0	芝1400		良	**	1:24.8	2.6	**	1-1	34.4-36.0	38.6	482(-2)			ケールハイム		202608010512
2023107545	2026-01-05	1京都2	晴	3.0	3歳新馬		14	5.0	8	1.8	1.0	2	岩田望来	57.0	ダ1200		良	**	1:13.7	0.2	**	4-4	36.1-37.4	37.0	468(0)			マナボニート	260.0	202608010203
2023109129	2025-06-29	2小倉2	晴	5.0	2歳新馬		17	7.0	13	43.0	9.0	2	秋山稔樹	55.0	芝1200		良	**	1:11.3	0.5	**	10-11	34.6-36.2	35.3	448(0)			アンヘリータス	300.0	202510020205
2023109129	2025-07-06	2小倉4	晴	1.0	2歳未勝利		16	2.0	4	4.5	2.0	5	秋山稔樹	55.0	芝1200		良	**	1:11.3	0.5	**	2-2	34.3-36.5	36.9	454(+6)			エイシンディアマン	56.0	202510020401
2023109129	2025-07-20	2小倉8	晴	1.0	2歳未勝利		11	6.0	6	18.6	5.0	6	吉村誠之	54.0	ダ1000		稍	**	1:01.0	2.6	**	7-7	34.3-35.6	37.7	448(-6)			ローズカリス		202510020801
2023109129	2025-09-27	4中山8	曇	3.0	2歳未勝利		16	2.0	3	83.6	10.0	13	今村聖奈	53.0	ダ1200		良	**	1:14.4	2.6	**	12-12	34.7-37.1	37.9	460(+12)			コパノトーマス		202506040803
2023109129	2025-10-25	4新潟3	晴	1.0	2歳未勝利		15	6.0	10	67.9	10.0	10	上里直汰	53.0	芝1200		良	**	1:10.8	0.7	**	14-14	34.3-35.8	35.4	456(-4)			ラテラルパーム		202504040301
2023109129	2025-11-09	5東京2	小雨	3.0	2歳未勝利		18	2.0	3	206.0	15.0	中	松本大輝	55.0	芝1400		良	**			**	18-18	34.8-34.8		464(+8)			シャルトル		202505050203
2023109129	2026-01-05	1中山2	晴	1.0	3歳未勝利		16	7.0	14	186.7	15.0	9	上里直汰	54.0	ダ1200		稍	**	1:14.1	1.7	**	15-14	34.8-37.6	37.8	466(+2)			ヴァイオスペース		202606010201
2023109161	2025-06-29	2小倉2	晴	5.0	2歳新馬		17	3.0	5	6.7	3.0	4	高倉稜	55.0	芝1200		良	**	1:11.8	1.0	**	3-4	34.6-36.2	36.8	456(0)			アンヘリータス	110.0	202510020205
2023109161	2025-07-06	2小倉4	晴	1.0	2歳未勝利		16	1.0	1	12.2	5.0	1	高倉稜	55.0	芝1200		良	**	1:10.8	-0.1	**	5-4	34.3-36.5	36.2	446(-10)			(ニシノメイホウ)	560.0	202510020401
2023109161	2025-07-19	2小倉7	晴	9.0	ひまわり賞(OP)		18	8.0	17	23.1	6.0	5	高倉稜	55.0	芝1200		良	**	1:10.7	0.4	**	3-3	34.1-36.2	36.4	444(-2)			アンヘリータス	140.0	202510020709
2023109161	2025-11-22	4京都5	晴	9.0	秋明菊賞(1勝クラス)		9	8.0	9	112.8	8.0	9	和田竜二	55.0	芝1400		良	**	1:22.6	2.0	**	5-5	35.0-34.0	35.3	446(+2)			タガノアラリア		202508040509
2023109161	2025-12-14	5阪神4	晴	6.0	2歳1勝クラス		7	3.0	3	84.8	7.0	7	松若風馬	55.0	ダ1200		良	**	1:14.4	2.7	**	5-6	35.9-35.8	38.0	450(+4)			テーオーグレーザー		202509050406
2023110008	2025-09-15	4中山5	曇	6.0	2歳新馬		11	3.0	3	9.1	5.0	5	戸崎圭太	55.0	ダ1200		良	**	1:13.7	1.6	**	5-5	34.6-37.5	38.5	500(0)			カリヨンアヴォン	75.0	202506040506
2023110008	2025-10-05	4東京2	曇	1.0	2歳未勝利		16	7.0	14	37.3	9.0	8	岩田望来	56.0	ダ1400		良	**	1:27.9	2.8	**	7-7	35.4-36.9	39.1	504(+4)			エコロシード		202505040201
2023110008	2025-12-28	5中山8	晴	1.0	2歳未勝利		16	2.0	4	4.7	3.0	3	マーカン	56.0	ダ1200		良	**	1:13.6	0.5	**	6-5	34.1-39.0	39.0	520(+16)			ピュール	140.0	202506050801
2023110008	2026-01-18	1中山7	晴	1.0	3歳未勝利		16	3.0	6	4.5	3.0	2	戸崎圭太	57.0	ダ1200		良	**	1:13.2	0.1	**	4-1	33.5-39.6	39.5	518(-2)			マーガレットクレア	240.0	202606010701
2023110020	2025-07-19	2小倉7	晴	5.0	2歳新馬		9	5.0	5	39.6	7.0	2	和田竜二	55.0	芝1200		良	**	1:11.1	0.1	**	5-4	34.8-36.2	36.1	472(0)			ナムラドロン	300.0	202510020705
2023110020	2025-08-16	3中京7	晴	1.0	2歳未勝利		9	8.0	9	1.8	1.0	8	松山弘平	55.0	ダ1200		良	**	1:15.5	2.8	**	6-5	35.3-37.4	39.5	474(+2)			テーオーグレーザー		202507030701
2023110020	2025-08-24	4中京2	晴	3.0	2歳未勝利		8	1.0	1	41.0	7.0	7	菱田裕二	55.0	芝1600		良	**	1:34.8	1.4	**	4-4-4	35.1-34.8	35.7	470(-4)			クールデイトナ		202507040203
2023110026	2025-06-29	1函館6	曇	5.0	2歳新馬		12	5.0	6	12.8	5.0	8	三浦皇成	55.0	芝1200		良	**	1:12.1	1.4	**	12-11	36.0-34.7	34.5	432(0)			エスカレイト		202502010605
2023110026	2025-07-06	1函館8	曇	1.0	2歳未勝利		10	1.0	1	33.0	6.0	6	小林美駒	51.0	芝1200		稍	**	1:11.5	1.3	**	9-8	34.2-36.0	35.6	436(+4)			タガノアラリア		202502010801
2023110026	2025-08-09	1札幌5	晴	1.0	2歳未勝利		12	5.0	6	30.9	7.0	4	小林美駒	52.0	芝1500		稍	**	1:30.4	0.3	**	2-2-2	28.9-36.5	36.6	436(0)			ブライトフレア	84.0	202501010501
2023110026	2025-08-24	2札幌2	晴	2.0	2歳未勝利		11	5.0	6	17.9	6.0	8	小林美駒	52.0	芝1500		良	**	1:31.7	1.9	**	5-10-11	30.7-35.6	36.6	440(+4)			レッドスティンガー		202501020202
2023110026	2025-10-26	4新潟4	小雨	2.0	2歳未勝利		13	4.0	4	56.9	8.0	7	鮫島克駿	55.0	芝1400		良	**	1:24.0	0.8	**	12-11	34.7-36.4	36.0	442(+2)			アスミル		202504040402
2023110026	2025-11-15	5東京3	晴	2.0	2歳未勝利		17	7.0	14	92.5	9.0	7	松山弘平	55.0	芝1600		良	**	1:35.5	0.6	**	2-2	35.7-34.3	34.8	434(-8)			スペルーチェ		202505050302
2023110026	2025-11-30	4京都8	晴	1.0	2歳未勝利		16	8.0	16	22.2	7.0	12	西村淳也	55.0	ダ1200		良	**	1:15.6	2.5	**	14-13	35.6-37.5	37.8	434(0)			ジャンシ		202508040801
2023110026	2026-01-11	1京都4	曇	3.0	3歳未勝利		16	3.0	6	216.0	14.0	9	古川奈穂	52.0	ダ1400		良	**	1:28.1	2.0	**	13-12	35.5-38.1	38.8	434(0)			ウルスツイスター		202608010403
2023110043	2025-10-13	3京都5	晴	6.0	2歳新馬		15	5.0	9	3.1	1.0	4	坂井瑠星	55.0	芝1600		良	**	1:34.6	1.0	**	2-2	34.0-35.4	36.2	470(0)			バルセシート	110.0	202508030506
2023110043	2025-11-09	4京都2	雨	1.0	2歳未勝利		16	2.0	3	2.4	1.0	4	坂井瑠星	55.0	ダ1400		稍	**	1:26.4	0.4	**	6-6	35.4-38.0	38.0	476(+6)			ムテキシャチョウ	84.0	202508040201
