horse_id	日付	開催	天気	R	レース名	映像	頭数	枠番	馬番	オッズ	人気	着順	騎手	斤量	距離	水分量	馬場	馬場指数	タイム	着差	ﾀｲﾑ指数	通過	ペース	上り	馬体重	厩舎ｺﾒﾝﾄ	備考	勝ち馬(2着馬)	賞金	race_id
2017100583	2019-11-23	5京都7	晴	5.0	2歳新馬		18	7.0	15	16.5	5.0	2	松山弘平	55.0	芝1400		良	**	1:22.8	0.1	**	8-8	34.9-35.9	34.7	430(0)			ファーストフォリオ	280.0	201908050705
2017100583	2019-12-07	5阪神3	曇	7.0	2歳未勝利		11	1.0	1	4.5	2.0	2	松山弘平	55.0	芝1800		良	**	1:49.0	0.2	**	4-4	36.3-34.3	34.1	430(0)			エレヴァテッツァ	200.0	201909050307
2017100583	2019-12-28	5阪神9	晴	3.0	2歳未勝利		18	8.0	17	2.9	1.0	5	川田将雅	55.0	芝1800		良	**	1:48.3	0.5	**	3-3	34.7-36.3	36.6	432(+2)			シルバーエース	50.0	201909050903
2017100583	2020-01-25	1京都8	晴	5.0	3歳未勝利		11	7.0	9	3.9	3.0	3	川田将雅	56.0	芝1600		稍	**	1:37.6	0.5	**	2-2	35.3-36.8	37.2	430(-2)			ヒルノエドワード	130.0	202008010805
2017100583	2020-02-22	2京都7	雨	5.0	3歳未勝利		16	6.0	11	5.2	3.0	1	武豊	56.0	芝1600		稍	**	1:37.5	-0.1	**	3-2	35.7-37.1	37.0	436(+6)			(ノルカソルカ)	510.0	202008020705
2017100583	2020-03-08	2中山4	曇	11.0	報知弥生ディープ記念(GII)		11	8.0	11	107.9	9.0	11	内田博幸	56.0	芝2000		重	**	2:06.9	4.0	**	3-2-2-5	36.2-36.6	40.5	430(-6)			サトノフラッグ		202006020411
2017100583	2020-05-23	3京都9	晴	6.0	3歳1勝クラス		12	6.0	7	48.9	9.0	9	松田大作	56.0	芝1600		良	**	1:34.6	0.8	**	7-8	34.4-35.4	35.5	430(0)			スマートリアン		202008030906
2017100583	2020-05-31	3京都12	曇	6.0	3歳1勝クラス		16	3.0	6	30.5	12.0	5	松田大作	56.0	芝1200		良	**	1:09.8	0.4	**	16-16	33.8-35.6	34.1	426(-4)			ボンボヤージ	73.0	202008031206
2017100583	2020-06-28	1函館6	曇	10.0	立待岬特別(1勝クラス)		9	3.0	3	6.3	3.0	7	丸山元気	54.0	芝1200		稍	**	1:10.1	0.7	**	9-9	34.1-35.3	34.2	430(+4)			ニシノドレッシー		202002010610
2017100583	2020-08-01	1札幌3	晴	9.0	礼文特別(1勝クラス)		11	8.0	11	12.3	5.0	5	田中勝春	54.0	芝1200		良	**	1:09.2	0.4	**	7-7	33.4-35.4	34.9	430(0)			ラキ	106.0	202001010309
2017100583	2020-08-22	2札幌3	晴	12.0	千歳特別(1勝クラス)		12	2.0	2	12.0	6.0	2	松田大作	54.0	芝1200		良	**	1:09.2	0.1	**	10-9	34.3-34.8	34.1	438(+8)			チェアリングソング	428.2	202001020312
2017100583	2020-09-06	2札幌8	晴	6.0	3歳以上1勝クラス		16	7.0	14	7.8	4.0	9	桑村真明	55.0	芝1200		良	**	1:10.0	0.6	**	12-9	34.2-35.2	34.8	448(+10)			インザムービー		202001020806
2017100583	2020-09-26	2中京6	曇	8.0	3歳以上1勝クラス		18	7.0	15	34.6	10.0	15	北村友一	55.0	芝1400		良	**	1:21.8	1.3	**	18-18	33.8-35.0	34.3	432(-16)			セルフィー		202007020608
2017100583	2020-11-01	3福島2	曇	8.0	3歳以上1勝クラス		15	5.0	8	10.6	6.0	5	西村淳也	55.0	芝1200		良	**	1:09.0	0.4	**	12-12	33.7-34.9	34.3	426(-6)			ビオグラフィー	76.0	202003030208
2017100583	2020-11-28	5阪神8	晴	12.0	3歳以上2勝クラス		13	1.0	1	25.3	7.0	8	西村淳也	56.0	芝1200		良	**	1:09.7	0.6	**	9-9	33.8-35.3	34.5	436(+10)			ファンタジステラ		202009050812
2017100583	2020-12-13	5中山4	曇	12.0	3歳以上2勝クラス		15	5.0	9	71.9	11.0	3	亀田温心	55.0	芝1200		良	**	1:09.6	0.2	**	10-9	34.1-35.3	34.6	436(0)			トキメキ	280.0	202006050412
2017100583	2021-01-09	1中京2	晴	9.0	鳥羽特別(2勝クラス)		15	2.0	2	30.9	8.0	5	和田竜二	56.0	芝1200		良	**	1:09.3	0.6	**	10-10	34.3-34.4	34.2	452(+16)			スワーヴシャルル	150.0	202107010209
2017100583	2021-01-31	1小倉6	晴	10.0	合馬特別(1勝クラス)		10	3.0	3	4.1	2.0	2	勝浦正樹	56.0	芝1200		良	**	1:09.1	0.0	**	10-7	34.2-34.9	34.2	452(0)			イリスファルコン	427.8	202110010610
2017100583	2021-02-20	2小倉3	晴	10.0	八幡特別(1勝クラス)		14	5.0	7	2.6	1.0	2	勝浦正樹	57.0	芝1200		良	**	1:08.9	0.1	**	6-6	34.8-34.0	33.5	450(-2)			ガリレイ	431.8	202110020310
2017100583	2021-03-07	2小倉8	曇	7.0	4歳以上1勝クラス		17	1.0	2	4.2	2.0	4	松本大輝	54.0	芝1200		稍	**	1:09.7	0.3	**	12-11	34.2-35.2	34.6	450(0)			ストラトスフィア	110.0	202110020807
2017100583	2021-03-21	1阪神12	曇	9.0	豊中特別(2勝クラス)		13	3.0	3	23.5	8.0	3	松本大輝	57.0	芝1200		重	**	1:10.2	0.6	**	10-9	34.3-35.3	34.8	452(+2)			サウンドカナロア	307.1	202109011209
2017100583	2021-04-24	1新潟5	晴	10.0	栃尾特別(1勝クラス)		15	1.0	2	2.3	1.0	1	川田将雅	57.0	芝1200		良	**	1:09.4	-0.2	**	8-9	34.8-34.6	34.0	450(-2)			(トミケンルーア)	1097.8	202104010510
2017100583	2021-05-22	2新潟5	晴	11.0	大日岳特別(2勝クラス)		16	8.0	15	4.9	2.0	5	松本大輝	57.0	芝1200		稍	**	1:11.0	0.4	**	8-10	34.8-35.8	35.7	450(0)			ショウナンバニラ	150.0	202104020511
2017100583	2021-06-05	3東京1	曇	10.0	由比ヶ浜特別(2勝クラス)		14	4.0	5	18.5	8.0	8	戸崎圭太	55.0	芝1400		良	**	1:21.3	1.2	**	5-9	35.3-33.6	34.2	446(-4)			アビッグチア		202105030110
2017100583	2021-12-12	6阪神4	晴	8.0	3歳以上2勝クラス		13	6.0	8	14.0	6.0	10	団野大成	57.0	芝1200		良	**	1:09.2	0.8	**	5-4	33.7-34.7	34.4	468(+22)			フォドラ		202109060408
2017100583	2021-12-18	6中京5	晴	11.0	有松特別(2勝クラス)		17	4.0	7	18.7	10.0	2	古川吉洋	55.0	芝1200		良	**	1:09.0	0.1	**	12-10	34.1-34.8	34.0	468(0)			フミロア	610.8	202107060511
2017100583	2022-01-08	1中京2	晴	9.0	鳥羽特別(2勝クラス)		14	5.0	7	15.1	7.0	8	古川吉洋	57.0	芝1200		良	**	1:09.1	0.9	**	9-11	33.9-34.3	33.8	476(+8)			テーオーマルクス		202207010209
2017100583	2022-02-06	1中京12	曇	12.0	4歳以上2勝クラス		16	4.0	7	15.4	5.0	5	松田大作	57.0	芝1200		稍	**	1:09.0	0.1	**	13-13	33.6-35.3	33.6	474(-2)			オシリスブレイン	111.0	202207011212
2017100583	2022-02-19	2小倉3	雨	11.0	大濠特別(2勝クラス)		18	7.0	13	5.5	3.0	5	松本大輝	57.0	芝1200		重	**	1:10.2	0.2	**	13-12	34.0-36.0	34.8	470(-4)			ヴィズサクセス	151.0	202210020311
2017100583	2022-03-05	1阪神7	晴	8.0	4歳以上2勝クラス		11	5.0	5	4.2	3.0	2	川田将雅	57.0	芝1200		良	**	1:08.5	0.0	**	5-4	34.2-34.3	33.9	474(+4)			スンリ	440.0	202209010708
2017100583	2022-04-02	2阪神3	晴	10.0	ラジオ関西賞仲春特別(2勝クラス)		14	8.0	13	2.0	1.0	4	川田将雅	57.0	芝1200		良	**	1:08.7	0.3	**	4-5	34.0-34.4	34.1	476(+2)			エーティーメジャー	230.0	202209020310
2017100583	2022-05-07	1新潟1	晴	10.0	大日岳特別(2勝クラス)		13	5.0	7	4.8	2.0	5	勝浦正樹	57.0	芝1200		良	**	1:09.1	0.2	**	13-12	34.3-34.6	33.4	466(-10)			ワンスカイ	151.0	202204010110
2017100583	2022-05-21	3中京5	雨	12.0	オーストラリアT(2勝クラス)		12	3.0	3	2.7	1.0	1	川田将雅	57.0	芝1200		良	**	1:08.4	0.0	**	10-10	33.7-34.7	33.4	460(-6)			(アビエルト)	1537.3	202207030512
2017100583	2022-06-19	1函館4	曇	11.0	UHB杯(3勝クラス)		16	4.0	8	21.3	8.0	6	松田大作	57.0	芝1200		良	**	1:08.6	0.3	**	15-15	33.7-34.6	33.6	462(+2)			マウンテンムスメ		202202010411
2017100583	2022-07-23	3小倉7	晴	11.0	佐世保S(3勝クラス)		9	6.0	6	2.6	1.0	1	川田将雅	55.0	芝1200		良	**	1:07.1	0.0	**	5-4	33.1-34.0	33.5	464(+2)			(ハリーバローズ)	1861.0	202210030711
2017100583	2022-08-21	4小倉4	晴	11.0	TV西日本北九州記念(GIII)		18	7.0	14	22.0	6.0	8	横山典弘	54.0	芝1200		良	**	1:07.5	0.6	**	17-13	32.8-34.1	33.5	466(+2)			ボンボヤージ		202210040411
2017100583	2022-10-09	4阪神2	雨	11.0	夕刊フジ杯オパールS(L)		16	7.0	13	14.3	7.0	12	岩田望来	54.0	芝1200		稍	**	1:10.3	1.7	**	15-16	33.8-34.8	35.2	462(-4)			トウシンマカオ		202209040211
2017100583	2022-12-04	5中山2	曇	11.0	ラピスラズリS(L)		16	2.0	4	27.8	10.0	6	勝浦正樹	56.0	芝1200		良	**	1:08.4	0.3	**	15-14	33.7-34.4	33.6	468(+6)			ジャスパージャック		202206050211
2017100583	2023-01-14	1中山5	曇	11.0	カーバンクルS(OP)		16	4.0	7	19.6	9.0	13	北村宏司	55.0	芝1200		稍	**	1:09.9	0.9	**	11-12	34.2-34.8	34.5	476(+8)			ジュビリーヘッド		202306010511
2017100583	2023-03-04	2中山3	晴	11.0	夕刊フジオーシャンS(GIII)		16	1.0	1	154.7	15.0	2	菅原明良	57.0	芝1200		良	**	1:07.7	0.3	**	8-8	33.4-34.0	33.5	472(-4)			ヴェントヴォーチェ	1716.2	202306020311
2017100583	2023-03-26	2中京6	小雨	11.0	高松宮記念(GI)		18	5.0	9	237.6	16.0	14	松本大輝	58.0	芝1200		不	**	1:13.0	1.5	**	15-14	35.6-35.9	36.3	478(+6)			ファストフォース		202307020611
2017100583	2023-06-11	1函館2	曇	11.0	函館スプリントS(GIII)		16	5.0	9	54.7	13.0	6	松田大作	57.0	芝1200		良	**	1:08.7	0.5	**	15-11	33.0-35.2	34.7	476(-2)			キミワクイーン		202302010211
2017100583	2023-07-02	3中京2	晴	11.0	CBC賞(GIII)		12	8.0	11	20.0	6.0	7	川田将雅	56.0	芝1200		良	**	1:07.9	0.7	**	9-9	33.7-33.5	33.3	474(-2)			ジャスパークローネ		202307030211
2017100583	2023-09-10	4阪神2	曇	11.0	産経賞セントウルS(GII)		15	7.0	13	88.4	12.0	14	団野大成	57.0	芝1200		良	**	1:08.3	1.1	**	15-12	33.5-33.7	33.2	482(+8)			テイエムスパーダ		202309040211
2017100583	2023-10-08	2京都2	小雨	11.0	夕刊フジ杯オパールS(L)		18	2.0	4	43.2	14.0	3	団野大成	56.0	芝1200		良	**	1:08.3	0.2	**	16-15	33.6-34.5	33.3	480(-2)			メイショウゲンセン	685.7	202308020211
2017100583	2023-11-05	3福島2	曇	11.0	みちのくS(OP)		16	5.0	10	25.4	8.0	9	松田大作	58.0	芝1200		良	**	1:10.2	0.6	**	15-15	33.8-35.8	35.2	466(-14)			グレイトゲイナー		202303030211
2017100583	2023-11-26	3京都8	晴	12.0	京阪杯(GIII)		18	7.0	14	88.0	16.0	15	団野大成	57.0	芝1200		良	**	1:08.4	1.0	**	18-18	33.7-33.7	32.6	478(+12)			トウシンマカオ		202308030812
2017100583	2024-01-08	1中山3	晴	11.0	カーバンクルS(OP)		16	5.0	9	39.8	12.0	7	菅原明良	58.0	芝1200		良	**	1:08.0	0.2	**	15-14	33.1-34.7	33.6	476(-2)			シュバルツカイザー		202406010311
2017100583	2024-01-28	2京都2	曇	11.0	シルクロードS(GIII)		18	4.0	8	151.9	15.0	13	古川吉洋	56.0	芝1200		良	**	1:09.1	1.4	**	13-12	33.4-34.3	34.4	484(+8)			ルガル		202408020211
2017100583	2024-05-05	3京都6	晴	11.0	鞍馬S(OP)		13	1.0	1	20.9	8.0	8	古川吉洋	58.0	芝1200		良	**	1:07.7	0.8	**	13-12	33.7-33.2	32.7	480(-4)			ジャスティンスカイ		202408030611
2017100583	2024-05-19	1新潟8	晴	11.0	韋駄天S(OP)		16	5.0	10	25.3	10.0	5	松本大輝	56.0	芝1000		良	**	0:55.3	0.3	**	11	32.5-33.0	32.2	476(-4)			チェイスザドリーム	230.0	202404010811
2017100583	2024-06-30	3小倉2	曇	11.0	TV西日本北九州記念(GIII)		18	1.0	1	79.7	14.0	11	松本大輝	56.0	芝1200		稍	**	1:09.1	1.2	**	16-14	32.3-35.6	35.4	480(+4)			ピューロマジック		202410030211
2017100583	2024-07-28	2新潟2	曇	7.0	アイビスサマーD(GIII)		18	8.0	16	10.3	5.0	4	松山弘平	57.0	芝1000		良	**	0:55.5	0.2	**	7	32.5-33.5	33.0	472(-8)			モズメイメイ	620.0	202404020207
2017100583	2024-08-24	3新潟5	晴	11.0	朱鷺S(L)		13	7.0	10	37.3	10.0	8	田辺裕信	58.0	芝1400		良	**	1:20.9	0.7	**	7-7	33.7-35.1	34.4	472(0)			バルサムノート		202404030511
2017100583	2024-12-14	7京都5	曇	11.0	タンザナイトS(OP)		16	3.0	5	96.2	12.0	12	浜中俊	55.0	芝1200		良	**	1:09.2	0.7	**	15-14	34.6-33.9	33.5	474(+2)			メイショウソラフネ		202408070511
2017100583	2025-02-16	1小倉8	晴	11.0	北九州短距離S(OP)		15	5.0	8	60.4	12.0	6	吉田隼人	58.0	芝1200		良	**	1:08.7	0.2	**	14-14	33.9-34.6	33.6	480(+6)			キタノエクスプレス		202510010811
2017100583	2025-04-13	3中山6	雨	11.0	春雷S(L)		14	8.0	14	64.4	10.0	11	柴田大知	55.0	芝1200		稍	**	1:08.8	0.8	**	9-8	33.5-34.5	34.5	480(0)			ヨシノイースター		202506030611
2017100583	2025-05-17	2京都7	晴	11.0	鞍馬S(OP)		11	4.0	4	44.1	9.0	6	松山弘平	58.0	芝1200		重	**	1:09.3	0.6	**	9-10	34.7-34.0	33.9	484(+4)			オタルエバー		202508020711
2017100583	2025-07-12	2福島5	曇	11.0	安達太良S(OP)		14	6.0	10	44.2	10.0	11	菅原明良	58.0	芝1200		良	**	1:11.0	1.5	**	10-11	34.6-34.9	35.3	480(-4)			カルロヴェローチェ		202503020511
2017100583	2026-01-17	1中山6	晴	11.0	カーバンクルS(OP)		16	8.0	16	217.1	15.0	15	菅原明良	54.0	芝1200		良	**	1:08.3	0.9	**	6-6	33.7-33.7	34.1	492(+12)			ウイングレイテスト		202606010611
2017101423	2019-06-23	3東京8	曇	5.0	2歳新馬		16	8.0	15	3.0	1.0	2	松岡正海	54.0	芝1600		重	**	1:36.7	0.1	**	7-7	36.4-35.3	34.8	472(0)			サナチャン	280.0	
2017101423	2019-07-14	2福島6	小雨	3.0	2歳未勝利		15	2.0	3	1.9	1.0	1	松岡正海	54.0	芝1800		重	**	1:52.2	0.0	**	4-5-4-2	36.5-37.4	37.2	476(+4)			(コスモタイシ)	500.0	201905030805
2017101423	2019-11-09	5京都3	晴	11.0	デイリー杯2歳S(GII)		11	8.0	10	30.9	7.0	2	松岡正海	55.0	芝1600		良	**	1:34.7	0.2	**	9-9	35.3-34.8	34.2	488(+12)			レッドベルジュール	1511.6	201903020603
2017101423	2019-12-15	5阪神6	晴	11.0	朝日フューチュリティ(GI)		16	4.0	7	43.5	8.0	9	松岡正海	55.0	芝1600		良	**	1:34.3	1.3	**	5-6	33.8-35.8	36.5	492(+4)			サリオス		201908050311
2017101423	2020-03-14	1中京5	曇	11.0	中スポ賞ファルコンS(GIII)		18	1.0	1	16.9	7.0	6	ミナリク	56.0	芝1400		重	**	1:22.2	0.9	**	7-8	33.8-35.8	35.4	486(-6)			シャインガーネット		201909050611
2017101423	2020-04-11	3中山5	晴	11.0	ニュージーランドT(GII)		16	8.0	16	13.8	7.0	3	横山武史	56.0	芝1600		良	**	1:33.1	0.1	**	11-12-10	34.2-35.4	34.3	490(+4)			ルフトシュトローム	1416.4	202007010511
2017101423	2020-05-10	2東京6	晴	11.0	NHKマイルC(GI)		18	8.0	18	27.0	8.0	7	横山武史	57.0	芝1600		良	**	1:33.1	0.6	**	18-18	34.1-34.5	33.7	486(-4)			ラウダシオン		202006030511
2017101423	2020-10-03	4中山8	曇	11.0	秋風S(3勝クラス)		16	8.0	15	3.6	1.0	10	横山武史	55.0	芝1600		良	**	1:34.1	0.8	**	4-3-2	35.1-35.2	35.7	500(+14)			インターミッション		202005020611
2017101423	2020-10-31	4東京7	晴	10.0	キタサンブラックM(3勝クラス)		18	4.0	8	7.2	3.0	2	松岡正海	54.0	芝1600		良	**	1:33.0	0.2	**	9-9	34.8-34.6	34.0	504(+4)			トライン	741.8	202006040811
2017101423	2020-11-29	5阪神9	晴	10.0	立雲峡S(3勝クラス)		11	6.0	6	2.9	1.0	8	松岡正海	56.0	芝1600		良	**	1:34.6	0.5	**	8-8	36.5-33.9	33.6	504(0)			サトノウィザード		202005040710
2017101423	2021-01-23	1中山7	雨	11.0	初富士S(3勝クラス)		14	4.0	6	7.3	4.0	4	横山武史	55.0	芝1800		重	**	1:50.8	0.2	**	4-3-4-3	36.0-39.1	36.8	512(+8)			ドナアトラエンテ	270.0	202009050910
2017101423	2021-02-27	2中山1	晴	11.0	幕張S(3勝クラス)		16	7.0	13	12.2	5.0	6	横山武史	57.0	芝1600		良	**	1:32.8	1.0	**	7-11-10	34.3-34.8	34.6	506(-6)			ウインカーネリアン		202106010711
2017101423	2021-05-09	2東京6	晴	9.0	湘南S(3勝クラス)		18	1.0	2	6.5	2.0	17	横山武史	57.0	芝1600		良	**	1:34.7	2.7	**	8-10	34.0-34.9	37.2	502(-4)			ハーメティキスト		202106020111
2017101423	2021-08-28	4新潟5	曇	10.0	長岡S(3勝クラス)		18	2.0	3	12.6	6.0	6	田辺裕信	57.0	芝1600		良	**	1:34.3	0.4	**	12-11	35.4-35.0	34.6	488(-14)			クリノプレミアム		202105020609
2017101423	2021-09-19	5中京4	曇	10.0	納屋橋S(3勝クラス)		12	5.0	5	12.3	6.0	3	武豊	57.0	芝1600		良	**	1:35.0	0.4	**	8-8-8	36.9-33.6	33.2	492(+4)			フォルコメン	463.8	202104040510
2017101423	2021-10-30	4東京7	晴	10.0	紅葉S(3勝クラス)		16	2.0	3	7.6	3.0	3	武豊	55.0	芝1600		良	**	1:32.9	0.2	**	7-7	35.0-34.6	34.1	502(+10)			アオイクレアトール	464.8	202107050410
2017101423	2021-11-20	5東京5	晴	10.0	秋色S(3勝クラス)		17	5.0	9	7.6	4.0	13	松岡正海	57.0	芝1600		良	**	1:34.3	1.3	**	9-8	35.7-34.0	34.5	514(+12)			ゴールデンシロップ		202105040710
2017101423	2021-11-28	5阪神8	晴	10.0	立雲峡S(3勝クラス)		11	6.0	6	8.5	5.0	2	松岡正海	55.0	芝1600		良	**	1:32.9	0.0	**	3-5	35.3-34.7	34.2	502(-12)			ラヴユーライヴ	737.2	202105050510
2017101423	2022-01-09	1中山3	晴	10.0	若潮S(3勝クラス)		13	4.0	4	4.2	2.0	2	松岡正海	56.0	芝1600		良	**	1:34.3	0.1	**	4-6-5	35.0-35.3	34.8	514(+12)			エイシンチラー	749.6	202109050810
2017101423	2022-01-30	1東京2	曇	10.0	節分S(3勝クラス)		8	2.0	2	3.2	2.0	3	松岡正海	57.0	芝1600		良	**	1:34.3	0.4	**	3-3	36.5-34.3	33.3	514(0)			リフレイム	462.6	202206010310
2017101423	2022-07-09	2福島3	曇	11.0	阿武隈S(3勝クラス)		16	8.0	15	6.7	3.0	7	松岡正海	56.0	芝1800		良	**	1:48.5	0.7	**	8-9-8-6	36.4-35.7	35.6	496(-18)			ゴールドスミス		202205010210
2017101423	2022-08-27	3新潟5	曇	10.0	長岡S(3勝クラス)		15	6.0	11	6.9	3.0	2	松岡正海	57.0	芝1600		良	**	1:33.8	0.1	**	3-3	36.4-33.5	33.4	506(+10)			ライティア	749.4	202203020311
2017101423	2022-09-18	4中山4	雨	10.0	レインボーS(3勝クラス)		15	7.0	13	5.3	2.0	5	松岡正海	56.0	芝1800		重	**	1:50.3	0.4	**	4-6-5-4	36.3-36.4	36.3	504(-2)			ロングラン	184.0	202204030510
2017101423	2022-10-29	4東京8	晴	10.0	紅葉S(3勝クラス)		12	7.0	10	4.0	2.0	1	松岡正海	56.0	芝1600		良	**	1:34.1	0.0	**	3-3	36.0-33.4	33.0	504(0)			(アオイシンゴ)	1867.3	202206040410
2017101423	2022-12-18	5中山6	晴	11.0	ディセンバーS(L)		16	7.0	14	10.1	6.0	3	松岡正海	56.0	芝1800		稍	**	1:48.6	0.2	**	6-6-6-4	36.1-37.5	36.2	510(+6)			ショウナンマグマ	654.9	202205040810
2017101423	2023-01-07	1中山2	晴	11.0	ニューイヤーS(L)		13	1.0	1	5.7	2.0	1	松岡正海	57.0	芝1600		良	**	1:33.2	0.0	**	1-1-1	35.5-34.3	34.3	512(+2)			(サクラトゥジュール)	2730.1	202206050611
2017101423	2023-02-19	2小倉4	晴	11.0	小倉大賞典(GIII)		16	6.0	12	8.1	5.0	8	松岡正海	57.0	芝1800		重	**	1:50.5	0.8	**	6-6-4-4	36.5-37.0	36.7	506(-6)			ヒンドゥタイムズ		202306010211
2017101423	2023-04-01	3中山3	晴	11.0	ダービー卿チャレンジ(GIII)		16	6.0	11	21.3	6.0	5	松岡正海	57.0	芝1600		良	**	1:33.6	0.4	**	3-3-3	35.4-34.1	34.1	512(+6)			インダストリア	410.0	202310020411
2017101423	2023-06-17	3阪神5	晴	11.0	米子S(L)		13	5.0	7	10.5	4.0	4	松岡正海	58.0	芝1600		良	**	1:32.0	0.3	**	4-3	33.7-35.4	35.2	496(-16)			メイショウシンタケ	410.0	202306030311
2017101423	2023-07-23	3中京8	晴	11.0	中京記念(GIII)		16	5.0	10	7.2	3.0	4	松岡正海	57.0	芝1600		良	**	1:33.5	0.5	**	7-6-7	34.6-35.6	35.3	494(-2)			セルバーグ	620.0	202309030511
2017101423	2023-09-10	4中山2	晴	11.0	京成杯オータムH(GIII)		11	8.0	10	11.1	5.0	2	松岡正海	57.0	芝1600		良	**	1:31.6	0.0	**	2-2-2	34.6-34.6	33.9	496(+2)			ソウルラッシュ	1611.0	202307030811
2017101423	2023-10-28	2京都8	晴	11.0	MBS賞スワンS(GII)		18	2.0	3	21.6	10.0	1	松岡正海	57.0	芝1400		良	**	1:19.9	-0.1	**	2-2	34.1-34.5	34.4	500(+4)			(ララクリスティーヌ)	6027.4	202306040211
2017101423	2023-12-23	5阪神7	晴	11.0	阪神C(GII)		17	8.0	17	16.8	7.0	8	松岡正海	58.0	芝1400		良	**	1:19.6	0.3	**	1-1	33.1-35.0	35.3	508(+8)			ウインマーベル		202308020811
2017101423	2024-02-24	キングアブドゥル			1351ターフスプリ(GII)		14		12		7.0	4	松岡正海	57.0	芝1351		良								計不					202309050711
2017101423	2024-06-09	1函館2	小雨	11.0	函館スプリントS(GIII)		16	5.0	10	18.5	5.0	2	松岡正海	59.0	芝1200		良	**	1:08.6	0.2	**	3-3	33.4-35.0	34.8	504(0)			サトノレーヴ	1616.0	202402010211
2017101423	2024-07-28	2新潟2	曇	7.0	アイビスサマーD(GIII)		18	6.0	12	6.5	2.0	2	松岡正海	59.0	芝1000		良	**	0:55.4	0.1	**	5	32.5-33.5	33.1	504(0)			モズメイメイ	1618.2	202404020207
2017101423	2024-09-29	4中山9	曇	11.0	スプリンターズS(GI)		16	8.0	16	91.7	14.0	14	松岡正海	58.0	芝1200		良	**	1:07.8	0.8	**	2-2	32.1-34.9	35.3	510(+6)			ルガル		202406040911
2017101423	2024-12-21	7京都7	曇	11.0	阪神C(GII)		18	3.0	6	16.1	7.0	17	松岡正海	58.0	芝1400		良	**	1:21.1	1.0	**	4-4	34.5-34.4	34.8	512(+2)			ナムラクレア		202408070711
2017101423	2025-03-01	2中山1	晴	11.0	オーシャンS(GIII)		15	2.0	2	9.9	6.0	3	横山武史	57.0	芝1200		良	**	1:07.5	0.4	**	4-4	33.7-33.4	33.4	516(+4)			ママコチャ	1107.6	202506020111
2017101423	2025-03-30	2中京6	晴	11.0	高松宮記念(GI)		18	1.0	2	91.3	12.0	16	松岡正海	58.0	芝1200		良	**	1:09.5	1.6	**	4-2	33.8-34.1	35.5	516(0)			サトノレーヴ		202507020611
2017101423	2025-06-14	1函館1	曇	11.0	函館スプリントS(GIII)		16	3.0	6	36.2	9.0	11	松岡正海	58.0	芝1200		良	**	1:07.3	0.7	**	8-8	32.5-34.1	34.0	496(-20)			カピリナ		202502010111
2017101423	2025-08-03	2新潟4	晴	7.0	アイビスサマーD(GIII)		18	5.0	10	24.5	10.0	3	松岡正海	58.0	芝1000		良	**	0:53.9	0.2	**	7	32.0-32.0	31.7	500(+4)			ピューロマジック	1009.0	202504020407
2017101423	2025-09-07	4阪神2	晴	11.0	産経賞セントウルS(GII)		16	5.0	10	61.6	11.0	10	松岡正海	57.0	芝1200		良	**	1:08.0	0.6	**	7-7	33.0-34.4	34.2	500(0)			カンチェンジュンガ		202509040211
2017101423	2025-11-16	5東京4	晴	11.0	オーロC(L)		18	3.0	6	16.8	6.0	12	松岡正海	58.0	芝1400		良	**	1:20.6	0.7	**	2-2	34.2-34.4	34.7	512(+12)			フォーチュンタイム		202505050411
2017101423	2025-12-20	5阪神5	晴	11.0	タンザナイトS(OP)		15	8.0	16	22.3	7.0	5	松岡正海	58.0	芝1200		良	**	1:07.6	0.3	**	2-3	33.4-33.9	34.0	510(-2)			デュガ	230.0	202509050511
2017101423	2026-01-17	1中山6	晴	11.0	カーバンクルS(OP)		16	4.0	8	12.6	7.0	1	松岡正海	58.0	芝1200		良	**	1:07.4	0.0	**	3-3	33.7-33.7	33.5	520(+10)			(カルロヴェローチェ)	2335.0	202606010611
2017110086	2019-10-20	4京都7	晴	4.0	2歳新馬		18	5.0	9	37.7	10.0	5	浜中俊	55.0	芝1400		稍	**	1:23.9	0.6	**	13-10	34.8-36.5	36.2	446(0)			タケルラスティ	70.0	201908040704
2017110086	2020-01-12	1中山4	小雨	5.0	3歳未勝利		16	2.0	4	32.6	9.0	12	大野拓弥	56.0	芝1600		良	**	1:36.5	1.5	**	12-13-13	35.4-35.7	35.9	454(+8)			ピーエムピンコ		202006010405
2017110086	2020-03-29	3中山2	雨	2.0	3歳未勝利		16	3.0	6	9.4	4.0	3	武藤雅	56.0	ダ1200		不	**	1:12.4	1.2	**	3-3	34.0-37.2	38.0	458(+4)			ネバーランド	130.0	202006030202
2017110086	2020-04-19	3中山8	晴	3.0	3歳未勝利		15	8.0	15	5.6	3.0	1	武藤雅	56.0	ダ1200		重	**	1:10.7	0.0	**	2-2	34.6-36.1	36.0	458(0)			(ヴァンデリオン)	510.0	202006030803
2017110086	2020-12-20	5中山6	晴	7.0	3歳以上1勝クラス		16	1.0	1	4.5	2.0	3	武藤雅	56.0	ダ1200		良	**	1:12.6	0.5	**	7-8	33.5-38.6	38.4	468(+10)			グローサーベア	190.0	202006050607
2017110086	2021-01-10	1中山3	晴	7.0	4歳以上1勝クラス		16	6.0	12	2.4	1.0	5	武藤雅	56.0	ダ1200		良	**	1:12.8	0.3	**	7-7	34.6-37.9	37.7	470(+2)			ハルワタート	76.0	202106010307
2017110086	2021-01-17	1中山6	曇	6.0	4歳以上1勝クラス		16	6.0	11	4.6	2.0	4	武藤雅	56.0	ダ1200		良	**	1:12.5	0.2	**	13-13	34.3-38.0	37.0	468(-2)			ディスモーメント	110.0	202106010606
2017110086	2021-03-06	2中山3	曇	7.0	4歳以上1勝クラス		16	3.0	6	4.9	2.0	9	大野拓弥	57.0	ダ1200		稍	**	1:12.9	1.3	**	5-5	33.9-37.7	38.6	470(+2)			コルニリア		202106020307
2017110086	2021-03-21	2中京4	小雨	7.0	4歳以上1勝クラス		15	6.0	10	18.9	7.0	6	泉谷楓真	55.0	ダ1400		不	**	1:24.6	1.8	**	14-14	33.8-37.5	37.4	466(-4)			タケルラスティ		202107020407
2017110086	2021-04-18	3中山8	晴	6.0	4歳以上1勝クラス		16	2.0	3	5.7	2.0	2	岩田望来	57.0	ダ1200		重	**	1:11.0	0.5	**	6-5	33.4-37.1	37.0	466(0)			ブルーダイヤカフェ	300.0	202106030806
2017110086	2021-05-09	2東京6	晴	6.0	4歳以上1勝クラス		16	4.0	8	7.8	2.0	6	岩田望来	57.0	ダ1300		良	**	1:18.8	0.7	**	4-5	29.2-37.2	36.9	466(0)			エリモグリッター		202105020606
2017110086	2021-08-01	3新潟4	晴	8.0	3歳以上1勝クラス		15	4.0	7	22.8	8.0	8	菅原明良	57.0	ダ1200		良	**	1:12.4	1.8	**	12-12	34.0-36.6	37.2	470(+4)			ノーリス		202104030408
2017110086	2021-09-19	4中山4	晴	12.0	3歳以上1勝クラス		15	4.0	6	13.5	8.0	14	大野拓弥	57.0	芝1200		良	**	1:09.3	1.0	**	13-15	33.4-34.9	34.8	466(-4)			ヴィクトワールメイ		202106040412
2017110086	2021-09-26	4中山7	曇	7.0	3歳以上1勝クラス		15	1.0	1	279.7	15.0	9	丹内祐次	57.0	芝1600		良	**	1:35.2	0.3	**	2-5-6	36.9-35.1	34.8	468(+2)			バルドルブレイン		202106040707
2017110086	2021-11-14	5東京4	晴	7.0	3歳以上1勝クラス		14	3.0	3	24.2	10.0	10	江田照男	57.0	ダ1300		良	**	1:19.8	1.3	**	12-11	29.4-36.8	36.7	472(+4)			コスモノアゼット		202105050407
2017110086	2021-12-05	6阪神2	曇	12.0	3歳以上2勝クラス		14	5.0	7	354.6	14.0	13	角田大和	54.0	芝1400		良	**	1:21.6	1.0	**	5-7	34.5-34.6	35.0	468(-4)			ショウリュウレーヴ		202109060212
2017110086	2022-01-08	1中山2	晴	7.0	4歳以上1勝クラス		16	5.0	9	12.0	5.0	6	秋山稔樹	56.0	ダ1200		稍	**	1:12.3	0.6	**	15-15	34.1-37.6	36.1	468(0)			ロングジャーニー		202206010207
2017110086	2022-01-29	1中京9	晴	7.0	4歳以上1勝クラス		11	5.0	5	181.5	10.0	5	古川吉洋	57.0	芝1600		良	**	1:34.7	0.5	**	5-7-5	34.2-35.4	35.4	466(-2)			エーティーソブリン	77.0	202207010907
2017110086	2022-02-20	1東京8	曇	6.0	4歳以上1勝クラス		16	5.0	9	14.1	4.0	2	菅原明良	57.0	ダ1400		重	**	1:23.8	0.2	**	1-1	35.2-35.9	36.1	468(+2)			アルマドラード	310.0	202205010806
2017110086	2022-03-21	2中京4	晴	12.0	4歳以上1勝クラス		16	7.0	13	8.7	4.0	2	古川吉洋	57.0	ダ1400		稍	**	1:25.2	0.2	**	3-2	35.3-37.7	37.6	466(-2)			ケイサンフリーゼ	310.0	202207020412
2017110086	2022-04-03	3中山4	雨	7.0	4歳以上1勝クラス		16	7.0	14	18.5	9.0	3	横山琉人	54.0	芝1600		稍	**	1:35.4	0.2	**	2-3-2	35.5-36.3	36.1	470(+4)			オメガロマンス	190.0	202206030407
2017110086	2022-04-23	2東京1	晴	7.0	4歳以上1勝クラス		15	5.0	9	2.7	1.0	11	大野拓弥	57.0	ダ1400		稍	**	1:26.2	1.0	**	2-3	36.5-36.4	37.2	472(+2)			ターニングアップ		202205020107
2017110086	2022-08-28	3新潟6	晴	12.0	3歳以上1勝クラス		15	2.0	2	8.1	4.0	13	三浦皇成	57.0	ダ1200		稍	**	1:13.4	2.2	**	10-10	34.5-36.7	37.0	470(-2)			ヤマトコウセイ		202204030612
2017110086	2022-09-18	4中山4	雨	12.0	3歳以上1勝クラス		16	7.0	13	19.4	7.0	11	斎藤新	57.0	芝1200		重	**	1:11.7	1.1	**	13-14	34.6-36.0	35.9	470(0)			タッカーシルバー		202206040412
2017110086	2022-10-10	4東京3	曇	8.0	3歳以上1勝クラス		18	8.0	18	107.1	14.0	1	斎藤新	57.0	芝1400		稍	**	1:20.9	0.0	**	6-4	34.3-34.8	34.2	472(+2)			(ヴェールアンレーヴ)	770.0	202205040308
2017110086	2022-11-06	5東京2	晴	12.0	3歳以上2勝クラス		14	8.0	14	42.2	12.0	8	大野拓弥	57.0	芝1400		良	**	1:21.9	0.8	**	8-10	35.8-33.5	33.1	468(-4)			ミスボニータ		202205050212
2017110086	2023-02-04	1東京3	晴	10.0	テレビ山梨杯(2勝クラス)		11	7.0	8	13.3	7.0	10	菅原明良	55.0	芝1400		良	**	1:22.4	0.9	**	8-8	36.1-34.1	33.7	476(+8)			ファロロジー		202305010310
2017110086	2023-02-12	1東京6	晴	8.0	4歳以上2勝クラス		12	5.0	6	153.8	9.0	5	菅原明良	58.0	芝1600		良	**	1:34.5	1.0	**	4-4	35.9-34.2	34.6	470(-6)			エターナルタイム	114.0	202305010608
2017110086	2023-03-05	2中山4	曇	8.0	4歳以上2勝クラス		15	8.0	15	94.1	12.0	10	菅原明良	58.0	芝1600		良	**	1:34.2	0.6	**	5-4-6	35.7-34.7	34.9	470(0)			ニシノスーベニア		202306020408
2017110086	2023-03-19	2中山8	晴	8.0	4歳以上2勝クラス		13	5.0	7	93.0	12.0	8	永野猛蔵	57.0	芝1600		重	**	1:35.9	0.9	**	8-7-6	35.6-35.9	36.3	476(+6)			トゥデイイズザデイ		202306020808
2017110086	2023-05-21	2東京10	晴	9.0	調布特別(2勝クラス)		10	8.0	9	84.2	8.0	3	大野拓弥	58.0	芝1800		良	**	1:45.8	0.5	**	4-4-4	34.6-35.2	34.9	480(+4)			アドマイヤハレー	393.7	202305021009
2017110086	2023-06-10	3東京3	曇	10.0	芦ノ湖特別(2勝クラス)		10	3.0	3	102.0	9.0	5	大野拓弥	58.0	芝1600		良	**	1:34.5	0.4	**	3-3	36.6-33.6	33.6	474(-6)			ミカッテヨンデイイ	155.0	202305030310
2017110086	2023-11-12	5東京4	曇	8.0	3歳以上2勝クラス		8	7.0	7	14.8	5.0	6	菅原明良	58.0	芝1800		良	**	1:48.6	0.6	**	2-2-2	37.3-33.9	34.4	470(-4)			ラケマーダ		202305050408
2017110086	2023-11-25	5東京7	晴	12.0	3歳以上2勝クラス		14	4.0	6	107.7	9.0	5	大野拓弥	58.0	芝1600		良	**	1:33.0	0.6	**	3-3	33.9-35.1	35.3	472(+2)			レッドロワ	114.0	202305050712
2017110086	2023-12-10	5中山4	晴	12.0	3歳以上2勝クラス		11	8.0	10	39.0	9.0	7	幸英明	58.0	芝1600		良	**	1:33.5	0.5	**	7-4-4	34.7-35.2	35.3	476(+4)			ブランデーロック		202306050412
2017110086	2024-05-12	2東京8	曇	9.0	テレ玉杯(2勝クラス)		8	8.0	8	25.8	6.0	3	大野拓弥	58.0	芝1600		良	**	1:33.5	0.7	**	2-2	35.4-33.9	34.5	478(+2)			ゴートゥファースト	392.7	202405020809
2017110086	2024-05-25	2東京11	晴	10.0	葉山特別(2勝クラス)		14	6.0	9	91.6	11.0	10	大野拓弥	58.0	芝1600		良	**	1:33.3	0.9	**	6-6	34.5-35.5	35.0	470(-8)			バトルハーデン		202405021110
2017110086	2024-06-08	3東京3	晴	9.0	芦ノ湖特別(2勝クラス)		12	2.0	2	49.1	8.0	8	石川裕紀	55.0	芝1600		良	**	1:33.2	0.7	**	8-8	34.8-35.0	34.4	480(+10)			トロヴァトーレ		202405030309
2017110086	2024-08-24	3新潟5	晴	10.0	五頭連峰特別(2勝クラス)		16	1.0	2	108.2	13.0	13	菅原明良	58.0	芝1600		良	**	1:34.9	0.9	**	7-6	36.1-34.3	34.6	472(-8)			ワンダイレクト		202404030510
2017110086	2024-09-22	4中山7	曇	9.0	木更津特別(2勝クラス)		13	7.0	11	250.4	12.0	9	原優介	58.0	芝1600		良	**	1:34.0	1.6	**	2-3-5	35.3-33.9	35.3	478(+6)			キープカルム		202406040709
2017110086	2024-10-13	5京都4	晴	7.0	3歳以上2勝クラス		8	6.0	6	138.3	8.0	6	津村明秀	58.0	芝1800		良	**	1:46.2	0.9	**	6-6	35.3-34.5	34.2	474(-4)			オールナット		202408050407
2017110086	2024-11-10	5東京4	曇	8.0	3歳以上2勝クラス		10	5.0	5	95.4	7.0	8	菅原明良	58.0	芝1800		良	**	1:47.9	1.5	**	6-8-9	35.7-34.0	34.5	484(+10)			シヴァース		202405050408
2017110086	2024-11-30	4中京1	晴	10.0	中京日経賞(2勝クラス)		13	1.0	1	177.8	13.0	12	黛弘人	54.0	芝1600		良	**	1:36.0	2.1	**	12-13-13	35.1-35.6	34.3	470(-14)			メルトユアハート		202407040110
2017110086	2024-12-22	5中山8	晴	10.0	オルフェーヴルC(2勝クラス)		16	6.0	11	330.7	16.0	14	黛弘人	58.0	芝1600		良	**	1:34.6	1.2	**	3-5-7	34.6-35.6	36.3	480(+10)			ピックアチェリー		202406050810
2017110086	2025-01-18	1中京6	晴	12.0	4歳以上2勝クラス		13	8.0	13	206.7	12.0	8	酒井学	58.0	芝1600		良	**	1:35.1	1.0	**	9-9-9	35.5-35.3	35.4	474(-6)			レディントン		202507010612
2017110086	2025-04-13	3中山6	雨	4.0	障害4歳以上未勝利		13	8.0	12	59.5	10.0	13	伴啓太	60.0	障2880		良		3:25.5	12.5		11-11-11-12	108.0-0.0	14.3	484(+10)			シホノスペランツァ		202506030604
2017110086	2025-05-10	1新潟3	曇	1.0	障害4歳以上未勝利		14	6.0	9	183.8	14.0	13	井上敏樹	57.0	障2890		稍		3:19.1	7.7		12-12-13-13	105.1-0.0	13.8	482(-2)			コスモチプリア		202504010301
2017110086	2025-07-26	3中京1	晴	1.0	障害3歳以上未勝利		14	5.0	7	152.8	13.0	13	伴啓太	60.0	障3000		良		3:26.3	9.3		12-13-13-13	102.1-0.0	13.8	476(-6)			ヘザルフェン		202507030101
2017110086	2025-08-09	3中京5	晴	6.0	中京スポニチ賞(2勝クラス)		11	3.0	3	155.8	11.0	4	高杉吏麒	58.0	芝1400		良	**	1:21.1	0.1	**	2-1	35.8-33.7	33.8	478(+2)			スリールミニョン	230.0	202507030506
2017110086	2025-10-04	4東京1	曇	9.0	八ヶ岳特別(2勝クラス)		12	7.0	9	92.9	11.0	9	大野拓弥	58.0	芝1800		良	**	1:46.5	1.1	**	5-5-5	35.6-34.9	34.4	492(+14)			サトノヴィレ		202505040109
2017110086	2025-10-13	3京都5	曇	10.0	堀川特別(2勝クラス)		10	1.0	1	173.2	10.0	10	菅原明良	58.0	芝1800		良	**	1:47.2	1.4	**	7-10	35.7-33.5	34.2	484(-8)			ローランドバローズ		202508030510
2017110086	2026-01-17	1京都6	晴	12.0	4歳以上2勝クラス		18	4.0	7	336.5	16.0	11	和田陽希	55.0	芝1600		良	**	1:34.9	1.4	**	11-11	35.2-34.5	34.9	480(-4)			カズミクラーシュ		202608010612
2018101243	2020-10-31	4東京7	晴	4.0	2歳新馬		16	2.0	4	4.0	2.0	7	内田博幸	55.0	ダ1400		良	**	1:27.6	1.1	**	8-6	37.6-36.2	36.8	462(0)			マーチリリー		202005040704
2018101243	2020-11-21	5東京5	晴	2.0	2歳未勝利		16	2.0	4	10.8	4.0	2	内田博幸	55.0	ダ1400		良	**	1:26.5	0.4	**	5-4	35.7-38.0	37.9	466(+4)			スズノナデシコ	200.0	202005050502
2018101243	2020-12-20	5中山6	晴	3.0	2歳未勝利		16	3.0	5	3.8	1.0	2	内田博幸	55.0	ダ1200		良	**	1:13.9	0.3	**	12-10	34.3-39.3	38.3	476(+10)			キミワテル	200.0	202006050603
2018101243	2021-01-16	1中山5	晴	3.0	3歳未勝利		16	2.0	3	3.5	2.0	3	内田博幸	56.0	ダ1200		良	**	1:13.9	0.3	**	11-6	35.5-38.1	37.1	468(-8)			ボイラーハウス	130.0	202106010503
2018101243	2021-02-07	1東京4	晴	1.0	3歳未勝利		16	1.0	1	6.6	3.0	2	内田博幸	56.0	ダ1400		良	**	1:26.4	0.3	**	1-1	35.4-37.9	38.2	472(+4)			リワードマレンゴ	200.0	202105010401
2018101243	2021-02-28	2中山2	晴	4.0	3歳未勝利		16	8.0	15	1.6	1.0	2	内田博幸	56.0	ダ1200		良	**	1:13.4	0.0	**	1-1	35.3-38.1	38.1	472(0)			カフェアヴニール	200.0	202106020204
2018101243	2021-05-01	2東京3	晴	1.0	3歳未勝利		16	5.0	10	3.8	2.0	2	内田博幸	56.0	ダ1600		稍	**	1:38.3	0.1	**	3-3	34.4-38.3	38.2	470(-2)			アシタガアルサ	200.0	202105020301
2018101243	2021-05-23	2東京10	晴	1.0	3歳未勝利		16	7.0	14	1.3	1.0	1	内田博幸	56.0	ダ1400		稍	**	1:26.0	-0.3	**	2-2	36.7-36.4	36.3	474(+4)			(ラインスプラッシュ)	510.0	202105021001
2018101243	2021-06-20	3東京6	曇	12.0	3歳以上1勝クラス		16	4.0	8	14.7	6.0	3	内田博幸	54.0	ダ1400		重	**	1:24.0	0.5	**	11-10	35.1-36.8	36.6	484(+10)			アドマイヤルプス	190.0	202105030612
2018101243	2021-10-16	4東京3	曇	4.0	3歳以上1勝クラス		15	5.0	8	3.1	1.0	3	内田博幸	55.0	ダ1300		良	**	1:18.4	0.1	**	10-7	28.6-38.0	36.7	484(0)			ホウオウモントレー	190.0	202105040304
2018101243	2021-11-07	5東京2	晴	7.0	3歳以上1勝クラス		16	3.0	5	2.3	1.0	1	内田博幸	56.0	ダ1400		良	**	1:25.3	-0.3	**	4-3	35.3-37.6	37.3	484(0)			(ブラックパンサー)	760.0	202105050207
2018101243	2021-11-27	5東京7	晴	8.0	3歳以上2勝クラス		16	2.0	4	4.7	3.0	4	内田博幸	56.0	ダ1400		稍	**	1:25.4	0.3	**	5-5	36.5-36.0	35.8	490(+6)			イディオム	170.0	202105050708
2018101243	2022-02-20	1東京8	曇	12.0	大島特別(2勝クラス)		16	4.0	8	5.8	3.0	4	内田博幸	57.0	ダ1400		重	**	1:23.9	0.2	**	10-8	35.7-35.4	35.0	500(+10)			ノーリス	230.0	202205010812
2018101243	2022-04-23	2東京1	晴	12.0	4歳以上2勝クラス		16	6.0	12	5.4	4.0	4	内田博幸	57.0	ダ1400		稍	**	1:25.2	1.5	**	5-6	36.8-34.3	35.4	494(-6)			タイセイサムソン	170.0	202205020112
2018101243	2022-05-14	2東京7	曇	9.0	日吉特別(2勝クラス)		14	4.0	7	14.5	7.0	6	内田博幸	57.0	ダ1400		重	**	1:23.2	0.7	**	5-5	35.2-35.0	35.2	496(+2)			ナンヨーアイボリー		202205020709
2018101243	2022-10-22	4東京6	曇	8.0	3歳以上2勝クラス		16	6.0	11	18.6	5.0	5	内田博幸	57.0	ダ1400		良	**	1:25.0	0.7	**	6-6	35.3-36.5	36.8	490(-6)			ロードアラビアン	111.0	202205040608
2018101243	2022-11-19	5東京5	晴	7.0	3歳以上2勝クラス		16	7.0	13	18.6	6.0	5	内田博幸	57.0	ダ1400		良	**	1:24.8	0.8	**	9-9	35.1-36.8	36.7	494(+4)			テーオーステルス	111.0	202205050507
2018101243	2022-12-11	5中山4	曇	9.0	チバテレ杯(2勝クラス)		16	4.0	8	15.0	7.0	2	内田博幸	57.0	ダ1800		良	**	1:54.2	1.0	**	4-5-6-5	38.4-37.6	38.1	498(+4)			ベストリーガード	611.6	202206050409
2018101243	2023-01-05	1中山1	晴	7.0	4歳以上2勝クラス		16	4.0	8	6.3	3.0	2	内田博幸	58.0	ダ1800		良	**	1:54.5	0.0	**	3-3-3-3	37.3-40.2	39.8	504(+6)			ブルーカルセドニー	460.0	202306010107
2018101243	2023-03-04	2中山3	晴	12.0	4歳以上2勝クラス		16	1.0	2	3.4	1.0	7	内田博幸	58.0	ダ1800		良	**	1:53.8	0.6	**	4-4-4-2	37.1-38.4	38.8	504(0)			パワーブローキング		202306020312
2018101243	2023-04-01	3中山3	晴	9.0	千葉日報杯(2勝クラス)		13	3.0	3	9.5	4.0	7	内田博幸	58.0	ダ1800		良	**	1:54.0	0.6	**	2-2-2-2	37.6-38.3	38.8	498(-6)			トップスティール		202306030309
2018101243	2023-06-24	3東京7	曇	9.0	清里特別(2勝クラス)		16	2.0	3	18.8	7.0	7	内田博幸	58.0	ダ1400		良	**	1:24.6	0.6	**	6-6	35.0-36.9	36.5	500(+2)			モナルヒ		202305030709
2018101243	2023-07-29	2新潟1	晴	10.0	麒麟山特別(2勝クラス)		15	8.0	14	12.4	6.0	6	内田博幸	58.0	ダ1800		良	**	1:53.1	0.7	**	10-9-8-8	36.5-37.8	37.6	504(+4)			エメヴィベール		202304020110
2018101243	2023-10-01	4中山9	曇	9.0	3歳以上2勝クラス		16	7.0	14	44.3	9.0	8	内田博幸	58.0	ダ1800		良	**	1:55.0	1.1	**	9-10-11-9	37.8-37.6	37.9	500(-4)			カランセ		202306040909
2018101243	2023-10-22	4東京7	晴	12.0	3歳以上2勝クラス		16	8.0	16	14.3	8.0	1	内田博幸	58.0	ダ1600		良	**	1:36.8	-0.1	**	7-6	33.9-38.3	37.4	500(0)			(ギョウネン)	1140.0	202305040712
2018101243	2024-02-04	1東京4	曇	10.0	白嶺S(3勝クラス)		16	5.0	9	149.7	12.0	10	内田博幸	58.0	ダ1600		良	**	1:38.1	1.6	**	15-14	35.1-37.2	37.2	510(+10)			コスタノヴァ		202405010410
2018101243	2024-04-13	3中山7	晴	10.0	下総S(3勝クラス)		14	8.0	13	130.5	11.0	11	内田博幸	58.0	ダ1800		良	**	1:53.7	2.0	**	13-13-13-12	37.4-37.4	37.7	502(-8)			アクションプラン		202406030710
2018101243	2024-08-03	2新潟3	晴	6.0	柳都S(3勝クラス)		15	4.0	7	127.3	13.0	8	内田博幸	54.0	ダ1800		良	**	1:52.6	0.7	**	7-7-6-8	36.2-38.1	38.2	500(-2)			ゴールドバランサー		202404020306
2018101243	2024-09-22	4中山7	曇	10.0	内房S(3勝クラス)		14	8.0	14	41.5	10.0	5	内田博幸	54.0	ダ1800		良	**	1:53.2	0.1	**	7-6-7-7	37.6-38.3	37.8	504(+4)			ヒューゴ	184.0	202406040710
2018101243	2024-12-15	5中山6	晴	10.0	北総S(3勝クラス)		16	4.0	7	57.8	11.0	8	内田博幸	58.0	ダ1800		良	**	1:53.8	1.0	**	5-5-5-3	36.8-38.8	39.4	512(+8)			ハビレ		202406050610
2018101243	2025-01-18	1中山6	晴	10.0	アレキサンドライトS(3勝クラス)		16	6.0	12	29.8	10.0	6	内田博幸	54.0	ダ1800		良	**	1:53.8	1.4	**	8-7-8-7	36.8-38.5	39.3	512(0)			マーブルロック		202506010610
2018101243	2025-03-08	2中山3	曇	10.0	上総S(3勝クラス)		16	6.0	11	163.5	14.0	14	内田博幸	54.0	ダ1800		稍	**	1:54.2	2.1	**	14-14-14-14	36.9-38.5	38.8	514(+2)			ロードクロンヌ		202506020310
2018101243	2025-04-19	3中山7	晴	10.0	下総S(3勝クラス)		16	6.0	12	242.2	15.0	5	内田博幸	58.0	ダ1800		良	**	1:53.6	1.0	**	9-9-6-5	35.5-38.5	38.9	506(-8)			ジョージテソーロ	184.0	202506030710
2018101243	2025-06-01	2東京12	晴	9.0	薫風S(3勝クラス)		16	1.0	1	76.9	12.0	7	内田博幸	58.0	ダ1600		稍	**	1:35.9	0.7	**	7-8	35.6-35.3	35.4	502(-4)			ダノンザボルケーノ		202505021209
2018101243	2025-08-02	2新潟3	晴	7.0	柳都S(3勝クラス)		14	1.0	1	101.1	13.0	6	内田博幸	54.0	ダ1800		良	**	1:52.6	1.1	**	5-6-7-7	36.6-37.5	38.1	510(+8)			タクシンイメル		202504020307
2018101243	2025-10-25	4東京8	雨	10.0	河口湖S(3勝クラス)		16	1.0	1	79.7	11.0	11	内田博幸	54.0	ダ1600		稍	**	1:36.5	1.4	**	7-7	35.0-35.8	36.5	512(+2)			ロジアデレード		202505040810
2018101243	2025-12-07	5中山2	晴	10.0	市川S(3勝クラス)		16	4.0	8	64.8	13.0	7	内田博幸	54.0	ダ1800		良	**	1:53.3	1.0	**	5-5-4-4	36.7-37.6	38.3	510(-2)			クラウンシエンタ		202506050210
2018101243	2026-01-17	1中山6	晴	10.0	アレキサンドライトS(3勝クラス)		16	5.0	9	111.4	13.0	15	内田博幸	54.0	ダ1800		良	**	1:54.7	2.5	**	15-14-15-14	37.4-37.5	38.3	514(+4)			チュウワクリスエス		202606010610
2018102394	2020-09-13	4中山2	曇	5.0	2歳新馬		16	4.0	8	86.8	10.0	9	内田博幸	54.0	芝1600		良	**	1:39.1	1.4	**	6-6-8	35.8-35.7	36.6	486(0)			アヴァノス		202006040205
2018102394	2020-09-19	4中山3	曇	2.0	2歳未勝利		14	7.0	11	55.7	8.0	3	伊藤工真	54.0	ダ1800		良	**	1:55.7	1.0	**	2-2-1-1	37.7-38.8	39.8	478(-8)			サンキューレター	130.0	202006040302
2018102394	2020-12-26	5中山7	晴	2.0	2歳未勝利		16	2.0	4	3.2	1.0	2	伊藤工真	55.0	ダ1800		良	**	1:58.4	0.0	**	1-1-1-1	38.3-39.4	39.4	492(+14)			セルヴァン	200.0	202006050702
2018102394	2021-01-09	1中山2	晴	2.0	3歳未勝利		15	1.0	2	3.0	1.0	3	伊藤工真	56.0	ダ1800		良	**	1:57.1	0.6	**	2-3-4-3	37.4-38.9	39.2	488(-4)			クリーンスレイト	130.0	202106010202
2018102394	2021-01-24	1中京8	小雨	1.0	3歳未勝利		12	6.0	7	6.1	2.0	3	伊藤工真	56.0	ダ1900		不	**	2:00.4	1.0	**	2-2-2-2	30.4-36.5	37.5	484(-4)			ゲンパチハマジ	130.0	202107010801
2018102394	2021-03-21	2中山8	雨	1.0	3歳未勝利		13	3.0	4	1.9	1.0	2	伊藤工真	56.0	ダ1800		稍	**	1:56.8	0.7	**	3-3-6-6	36.7-40.5	40.8	476(-8)			クールマニワ	200.0	202106020801
2018102394	2021-04-10	3中山5	晴	2.0	3歳未勝利		13	3.0	3	1.7	1.0	1	ルメール	56.0	ダ1800		良	**	1:54.3	-0.1	**	1-1-1-1	38.0-37.9	37.9	480(+4)			(デルマタモン)	510.0	202106030502
2018102394	2021-05-01	2東京3	曇	6.0	3歳1勝クラス		16	2.0	4	14.8	7.0	9	丸山元気	56.0	ダ1600		稍	**	1:38.4	2.1	**	7-6	35.3-37.0	38.6	480(0)			タイセイサムソン		202105020306
2018102394	2022-02-20	1東京8	曇	6.0	4歳以上1勝クラス		16	4.0	8	23.2	6.0	8	柴田大知	57.0	ダ1400		重	**	1:24.9	1.3	**	5-7	35.2-35.9	36.6	510(+30)			アルマドラード		202205010806
2018102394	2022-03-13	1阪神10	曇	8.0	4歳以上1勝クラス		12	2.0	2	15.7	8.0	10	秋山稔樹	56.0	ダ1800		良	**	1:55.8	1.5	**	1-1-1-4	38.0-39.3	40.8	506(-4)			ブラビオ		202209011008
2018102394	2022-03-26	2中京5	雨	7.0	4歳以上1勝クラス		13	4.0	4	10.0	6.0	6	荻野極	57.0	ダ1800		重	**	1:55.4	0.6	**	1-1-1-1	38.3-37.4	38.0	506(0)			ランカンカン		202207020507
2018102394	2022-04-10	3中山6	晴	7.0	4歳以上1勝クラス		13	6.0	8	7.1	3.0	3	秋山稔樹	56.0	ダ1800		良	**	1:54.6	0.3	**	1-1-1-1	37.4-39.1	39.4	500(-6)			セイウンロミオ	190.0	202206030607
2018102394	2022-04-30	1福島5	晴	8.0	4歳以上1勝クラス		10	6.0	6	7.0	4.0	5	秋山稔樹	56.0	ダ1700		重	**	1:45.4	0.6	**	1-1-1-1	29.7-38.0	38.6	490(-10)			ナンヨーヴィヨレ	77.0	202203010508
2018102394	2022-05-21	1新潟5	曇	12.0	4歳以上1勝クラス		13	5.0	6	6.7	4.0	10	秋山稔樹	56.0	ダ1800		良	**	1:56.5	3.3	**	4-5-11-12	37.0-38.5	40.1	500(+10)			ロードインファイト		202204010512
2018102394	2022-09-03	2札幌7	晴	12.0	3歳以上1勝クラス		14	3.0	4	14.4	6.0	10	横山琉人	55.0	ダ1700		良	**	1:48.5	2.3	**	8-8-9-11	29.5-39.5	40.0	508(+8)			フームスムート		202201020712
2018102394	2022-09-19	4中山5	晴	7.0	3歳以上1勝クラス		9	5.0	5	5.7	2.0	4	丹内祐次	57.0	ダ1800		重	**	1:53.4	1.7	**	1-1-1-1	36.0-37.5	39.2	506(-2)			パワーブローキング	120.0	202206040507
2018102394	2022-10-02	4中山9	晴	4.0	3歳以上1勝クラス		15	1.0	1	14.3	6.0	2	丹内祐次	57.0	ダ1800		良	**	1:53.9	0.1	**	1-1-1-1	37.6-38.8	38.9	504(-2)			ゴールドブリーズ	310.0	202206040904
2018102394	2022-12-18	5中山6	晴	8.0	3歳以上1勝クラス		15	3.0	5	5.4	3.0	2	丹内祐次	57.0	ダ1800		稍	**	1:53.9	0.2	**	1-1-1-1	37.5-39.0	39.2	504(0)			サクセスエース	310.0	202206050608
2018102394	2023-01-09	1中山4	晴	7.0	4歳以上1勝クラス		16	3.0	6	3.1	1.0	3	丹内祐次	58.0	ダ1800		良	**	1:54.9	0.3	**	1-1-1-1	37.2-39.5	39.8	504(0)			デルマタモン	200.0	202306010407
2018102394	2023-01-28	1小倉5	雪	7.0	4歳以上1勝クラス		15	7.0	13	3.9	2.0	5	丹内祐次	58.0	ダ1700		不	**	1:44.6	0.4	**	3-3-2-3	29.5-37.1	37.2	504(0)			トップスターサン	80.0	202310010507
2018102394	2023-02-18	2小倉3	曇	7.0	4歳以上1勝クラス		12	8.0	11	3.8	2.0	7	丹内祐次	58.0	ダ2400		稍	**	2:35.8	1.6	**	1-1-1-1	35.4-38.8	40.4	508(+4)			イーサンバーニング		202310020307
2018102394	2023-02-26	2小倉6	晴	12.0	4歳以上1勝クラス		16	8.0	16	10.1	5.0	3	松本大輝	57.0	ダ1700		稍	**	1:46.0	0.5	**	1-1-1-1	29.8-37.9	38.4	508(0)			エルバリオ	200.0	202310020612
2018102394	2023-03-18	2中山7	雨	7.0	4歳以上1勝クラス		13	4.0	6	4.8	3.0	1	丹内祐次	58.0	ダ1800		重	**	1:53.1	0.0	**	1-1-1-1	38.1-37.1	37.1	506(-2)			(モネータドーロ)	800.0	202306020707
2018102394	2023-09-03	2札幌8	晴	12.0	3歳以上2勝クラス		14	8.0	13	45.1	11.0	13	丹内祐次	58.0	ダ1700		良	**	1:48.1	1.6	**	5-5-6-9	30.6-38.1	39.3	506(0)			スマートムーラン		202301020812
2018102394	2023-10-09	4東京3	雨	9.0	昇仙峡特別(2勝クラス)		16	2.0	4	57.5	10.0	16	木幡巧也	55.0	ダ2100		不	**	2:13.6	4.0	**	1-1-1-2	31.0-37.1	41.1	512(+6)			グリューヴルム		202305040309
2018102394	2023-11-11	5東京3	曇	8.0	3歳以上2勝クラス		16	7.0	13	136.4	14.0	16	木幡巧也	58.0	ダ1600		良	**	1:40.3	3.9	**	4-5	35.0-37.3	40.7	512(0)			クインズジュピタ		202305050308
2018102394	2024-04-20	1福島5	晴	10.0	尾瀬特別(2勝クラス)		15	8.0	15	95.4	14.0	5	丹内祐次	54.0	ダ1700		良	**	1:45.7	0.5	**	2-3-2-2	29.5-38.4	38.7	506(-6)			ニホンピロハーバー	155.0	202403010510
2018102394	2024-05-12	2東京8	曇	10.0	ウオッカC(2勝クラス)		12	8.0	12	33.2	9.0	5	オシェア	54.0	ダ1600		良	**	1:37.6	0.5	**	2-2	35.6-37.6	38.1	510(+4)			アイファーエポック	155.0	202405020810
2018102394	2024-06-02	3東京2	小雨	12.0	小金井特別(2勝クラス)		16	8.0	15	8.0	4.0	7	オシェア	58.0	ダ1400		重	**	1:23.8	0.7	**	2-2	36.1-34.8	35.4	512(+2)			ジャスリー		202405030212
2018102394	2024-10-19	4東京5	晴	8.0	3歳以上2勝クラス		16	4.0	7	33.1	6.0	12	原優介	57.0	ダ1400		良	**	1:26.1	2.2	**	10-10	35.8-35.9	37.0	508(-4)			ストレングス		202405040508
2018102394	2024-10-26	4東京7	曇	12.0	3歳以上2勝クラス		14	4.0	6	101.2	10.0	12	内田博幸	58.0	ダ1400		良	**	1:26.7	2.2	**	4-6	36.1-35.9	37.6	508(0)			スタンリーテソーロ		202405040712
2018102394	2025-04-05	3中山3	晴	10.0	千葉日報杯(2勝クラス)		16	1.0	2	95.2	13.0	14	荻野極	58.0	ダ1800		稍	**	1:55.6	3.4	**	7-7-8-9	36.0-38.1	40.6	506(-2)			ルージュアベリア		202506030310
2018102394	2025-05-25	1新潟8	小雨	10.0	火打山特別(2勝クラス)		15	5.0	8	217.8	15.0	6	亀田温心	58.0	ダ1200		稍	**	1:12.1	1.6	**	11-11	33.9-36.6	36.8	504(-2)			サフランヒーロー		202504010810
2018102394	2025-07-06	2福島4	晴	9.0	さくらんぼ特別(2勝クラス)		16	8.0	16	133.7	14.0	12	荻野極	58.0	ダ1150		良	**	1:09.9	2.2	**	14-15	31.2-36.5	37.2	506(+2)			ビバップ		202503020409
2018102394	2025-07-19	2福島7	晴	10.0	米沢特別(2勝クラス)		16	1.0	2	274.0	15.0	8	杉原誠人	58.0	ダ1150		良	**	1:09.7	0.8	**	14-11	32.1-36.8	36.0	504(-2)			ワークソング		202503020710
2018102394	2025-11-30	5東京8	晴	10.0	アプローズ賞(2勝クラス)		16	1.0	2	294.5	16.0	15	丹内祐次	58.0	ダ1400		良	**	1:26.4	2.3	**	12-11	35.3-36.7	37.8	510(+6)			シャパリュ		202505050810
2018102394	2026-01-17	1中山6	晴	4.0	障害4歳以上未勝利		12	5.0	5	112.0	9.0	12	大江原圭	60.0	障2880		良		3:25.1	10.2		11-10-12-12	106.1-0.0	14.2	524(+14)			コレクテイニア		202606010604
2018103205	2020-06-13	1函館1	晴	5.0	2歳新馬		11	7.0	8	13.8	7.0	2	嶋田純次	54.0	芝1000		良	**	0:57.9	0.3	**	2-2	35.2-33.8	33.9	456(0)			リンゴアメ	280.0	202002010105
2018103205	2020-06-28	1函館6	曇	1.0	2歳未勝利		9	7.0	7	6.4	4.0	3	嶋田純次	54.0	芝1200		稍	**	1:10.8	0.1	**	4-5	34.2-36.5	36.4	458(+2)			ニシノエルサ	130.0	202002010601
2018103205	2020-08-30	3新潟6	晴	3.0	2歳未勝利		15	5.0	9	1.9	1.0	1	嶋田純次	54.0	芝1000		良	**	0:56.0	0.0	**	3	33.6-33.3	33.1	458(0)			(ルミナスライン)	510.0	202004030603
2018103205	2020-09-26	4中山6	小雨	9.0	カンナS(OP)		8	2.0	2	8.5	4.0	2	嶋田純次	54.0	芝1200		稍	**	1:10.1	0.2	**	3-3	34.2-35.7	35.5	454(-4)			オールアットワンス	645.2	202006040609
2018103205	2020-11-07	5東京1	曇	11.0	京王杯2歳S(GII)		18	7.0	13	170.9	16.0	11	嶋田純次	55.0	芝1400		良	**	1:22.9	1.1	**	13-17	34.7-34.7	34.3	456(+2)			モントライゼ		202005050111
2018103205	2020-12-12	5中山3	曇	9.0	黒松賞(1勝クラス)		16	3.0	5	14.5	4.0	11	嶋田純次	55.0	芝1200		良	**	1:10.2	1.3	**	7-7	33.6-35.3	36.0	454(-2)			エムオーシャトル		202006050309
2018103205	2020-12-19	3中京5	晴	10.0	報知杯中京2歳S(OP)		14	7.0	11	102.2	11.0	10	水口優也	55.0	芝1200		良	**	1:10.3	0.8	**	3-3	34.1-35.4	35.7	458(+4)			ゴールドチャリス		202007030510
2018103205	2021-01-10	1中山3	晴	9.0	朱竹賞(1勝クラス)		16	1.0	1	26.4	8.0	14	石川裕紀	56.0	芝1200		良	**	1:10.8	1.6	**	1-1	33.3-35.9	37.5	460(+2)			ロンギングバース		202106010309
2018103205	2021-03-27	3中山1	晴	5.0	3歳1勝クラス		11	2.0	2	15.5	6.0	4	嶋田純次	56.0	芝1200		良	**	1:10.4	0.3	**	7-9	34.8-35.3	34.9	454(-6)			カンタベリーマッハ	110.0	202106030105
2018103205	2021-04-17	3中山7	曇	6.0	3歳1勝クラス		16	5.0	10	30.5	8.0	10	嶋田純次	56.0	芝1200		良	**	1:09.5	0.7	**	12-13	33.4-35.4	34.6	456(+2)			メインターゲット		202106030706
2018103205	2021-05-08	2新潟1	晴	10.0	はやぶさ賞(1勝クラス)		16	2.0	4	18.7	9.0	11	菱田裕二	56.0	芝1000		良	**	0:57.3	1.5	**	5	33.2-33.4	34.7	458(+2)			キモンブラウン		202104020110
2018103205	2021-05-29	2東京11	曇	6.0	3歳1勝クラス		12	6.0	7	200.5	12.0	6	杉原誠人	56.0	芝1400		良	**	1:21.2	0.3	**	2-2	34.7-34.6	34.7	454(-4)			ペイシャフェスタ		202105021106
2018103205	2021-07-31	3新潟3	晴	12.0	3歳以上1勝クラス		18	1.0	1	50.5	10.0	8	杉原誠人	54.0	芝1400		良	**	1:21.9	0.9	**	6-5	34.3-34.9	35.3	444(-10)			ララクリスティーヌ		202104030312
2018103205	2021-08-15	4新潟2	晴	12.0	3歳以上1勝クラス		18	2.0	4	34.0	8.0	11	杉原誠人	54.0	芝1200		良	**	1:10.3	1.4	**	6-5	34.5-34.4	34.9	452(+8)			フミロア		202104040212
2018103205	2021-11-13	2福島3	晴	9.0	3歳以上1勝クラス		15	3.0	5	19.0	6.0	1	黛弘人	56.0	芝1200		良	**	1:10.3	-0.1	**	2-2	35.2-35.1	34.9	462(+10)			(テセウス)	760.0	202103020309
2018103205	2021-12-04	5中山1	晴	12.0	3歳以上2勝クラス		16	7.0	14	135.3	14.0	3	黛弘人	56.0	芝1200		良	**	1:08.3	0.5	**	9-8	33.3-34.5	34.1	468(+6)			ゼログラヴィティ	280.0	202106050112
2018103205	2021-12-26	5中山8	晴	12.0	キャンドルライト賞(2勝クラス)		16	5.0	10	17.5	7.0	8	黛弘人	56.0	芝1200		良	**	1:09.3	0.2	**	6-6	33.1-36.0	35.8	472(+4)			コスモアンジュ		202106050812
2018103205	2022-03-27	3中山2	曇	12.0	4歳以上2勝クラス		13	6.0	9	22.2	7.0	6	黛弘人	57.0	芝1200		重	**	1:09.7	0.6	**	9-9	33.6-35.5	35.4	472(0)			イルクオーレ		202206030212
2018103205	2022-04-17	3中山8	晴	8.0	袖ケ浦特別(2勝クラス)		14	8.0	14	20.6	8.0	5	大野拓弥	54.0	芝1200		良	**	1:09.1	0.5	**	7-6	33.9-34.7	34.4	470(-2)			マウンテンムスメ	151.0	202206030808
2018103205	2022-05-07	1新潟1	晴	10.0	大日岳特別(2勝クラス)		13	5.0	6	51.0	11.0	8	黛弘人	57.0	芝1200		良	**	1:09.4	0.5	**	5-4	34.3-34.6	34.5	464(-6)			ワンスカイ		202204010110
2018103205	2022-06-26	1函館6	曇	10.0	HTB杯(2勝クラス)		15	2.0	3	22.5	8.0	5	勝浦正樹	54.0	芝1200		良	**	1:09.1	0.2	**	11-10	34.1-34.8	33.9	462(-2)			グランアリエル	151.0	202202010610
2018103205	2022-07-09	1函館9	曇	10.0	潮騒特別(2勝クラス)		13	8.0	13	67.4	9.0	7	勝浦正樹	57.0	芝1200		良	**	1:10.0	0.1	**	8-8	34.4-35.5	34.8	464(+2)			ソウテン		202202010910
2018103205	2022-07-17	1函館12	雨	12.0	湯の川温泉特別(2勝クラス)		14	7.0	11	16.4	7.0	3	勝浦正樹	57.0	芝1200		重	**	1:13.0	0.3	**	5-5	35.3-37.4	37.0	462(-2)			タツリュウオー	384.2	202202011212
2018103205	2022-08-07	1札幌6	晴	10.0	HBC賞(2勝クラス)		16	6.0	12	42.5	11.0	7	勝浦正樹	57.0	芝1200		良	**	1:09.0	0.4	**	15-14	33.8-34.8	33.7	468(+6)			ショウナンラスボス		202201010610
2018103205	2022-12-25	5中山8	晴	12.0	キャンドルライト賞(2勝クラス)		16	4.0	8	120.7	15.0	15	黛弘人	57.0	芝1200		良	**	1:10.4	1.6	**	9-8	33.7-35.1	35.9	478(+10)			ホウオウノーサイド		202206050812
2018103205	2023-04-08	1福島1	曇	10.0	花見山特別(2勝クラス)		16	1.0	1	58.7	12.0	7	黛弘人	58.0	芝1200		良	**	1:09.6	0.6	**	7-6	32.8-36.2	36.2	470(-8)			オードゥメール		202303010110
2018103205	2023-04-15	3中山7	雨	8.0	4歳以上2勝クラス		16	2.0	3	71.8	12.0	3	内田博幸	58.0	芝1200		重	**	1:10.6	0.8	**	3-3	34.2-35.6	36.0	476(+6)			ジャスパークローネ	290.0	202306030708
2018103205	2023-04-30	1新潟2	曇	10.0	邁進特別(2勝クラス)		15	6.0	12	7.1	4.0	1	黛弘人	55.0	芝1000		重	**	0:57.7	-0.1	**	12	33.4-35.3	34.3	472(-4)			(ルルルージュ)	1585.0	202304010210
2018103205	2023-08-12	3新潟1	晴	11.0	稲妻S(3勝クラス)		16	5.0	9	48.5	11.0	7	江田照男	55.0	芝1000		良	**	0:55.9	1.2	**	11	32.0-33.1	33.5	470(-2)			マイヨアポア		202304030111
2018103205	2023-09-10	4中山2	晴	10.0	セプテンバーS(3勝クラス)		12	5.0	5	99.9	12.0	10	内田博幸	58.0	芝1200		良	**	1:08.2	0.6	**	9-9	33.3-34.3	33.9	464(-6)			ファロロジー		202306040210
2018103205	2023-10-21	4新潟3	小雨	11.0	北陸S(3勝クラス)		18	7.0	13	54.7	15.0	13	黛弘人	58.0	芝1200		重	**	1:10.1	0.7	**	15-15	33.3-36.1	35.0	474(+10)			オタルエバー		202304040311
2018103205	2023-10-29	4新潟6	曇	11.0	ルミエールオータムD(L)		18	8.0	17	15.0	5.0	7	江田照男	52.0	芝1000		不	**	0:57.8	0.5	**	11	33.6-34.7	34.1	476(+2)			カイザーメランジェ		202304040611
2018103205	2023-12-28	5阪神9	晴	12.0	カウントダウンS(3勝クラス)		16	8.0	16	368.3	15.0	15	荻野琢真	58.0	芝1200		良	**	1:09.8	1.0	**	5-4	34.7-34.1	34.9	472(-4)			スコールユニバンス		202309050912
2018103205	2024-02-25	2小倉6	晴	11.0	下関S(3勝クラス)		17	3.0	5	255.2	17.0	15	黛弘人	58.0	芝1200		稍	**	1:10.2	1.2	**	9-8	33.6-35.4	35.3	480(+8)			カンチェンジュンガ		202410020611
2018103205	2024-05-05	1新潟4	晴	10.0	駿風S(3勝クラス)		16	5.0	10	42.9	12.0	4	黛弘人	58.0	芝1000		良	**	0:54.9	0.2	**	9	32.1-33.0	32.5	476(-4)			ブーケファロス	280.0	202404010410
2018103205	2024-05-19	2東京10	曇	9.0	フリーウェイS(3勝クラス)		13	3.0	3	230.7	12.0	13	黛弘人	58.0	芝1400		良	**	1:22.2	1.7	**	9-9	34.6-34.2	34.2	468(-8)			シャドウフューリー		202405021009
2018103205	2024-07-28	2新潟2	曇	7.0	アイビスサマーD(GIII)		18	3.0	6	141.8	15.0	7	内田博幸	57.0	芝1000		良	**	0:55.6	0.3	**	10	32.5-33.5	33.0	468(0)			モズメイメイ		202404020207
2018103205	2024-08-11	3新潟2	晴	10.0	稲妻S(3勝クラス)		17	8.0	17	4.9	1.0	1	杉原誠人	58.0	芝1000		良	**	0:54.4	-0.1	**	6	32.1-32.6	32.2	468(0)			(カフジテトラゴン)	1877.1	202404030210
2018103205	2024-10-27	4新潟8	晴	11.0	ルミエールオータムD(L)		17	4.0	7	20.3	8.0	4	杉原誠人	56.0	芝1000		良	**	0:54.7	0.5	**	11	32.0-32.5	31.7	470(+2)			マイヨアポア	410.0	202404040811
2018103205	2025-02-16	1小倉8	晴	11.0	北九州短距離S(OP)		15	6.0	10	95.6	14.0	15	黛弘人	57.0	芝1200		良	**	1:09.3	0.8	**	8-7	33.9-34.6	34.6	474(+4)			キタノエクスプレス		202510010811
2018103205	2025-03-01	2中山1	晴	11.0	オーシャンS(GIII)		15	8.0	14	379.5	15.0	11	杉原誠人	57.0	芝1200		良	**	1:08.1	1.0	**	12-11	33.7-33.4	32.9	478(+4)			ママコチャ		202506020111
2018103205	2025-05-25	1新潟8	小雨	11.0	韋駄天S(OP)		16	2.0	4	37.9	13.0	3	嶋田純次	56.0	芝1000		稍	**	0:56.1	0.6	**	14	33.2-33.0	32.8	472(-6)			テイエムスパーダ	584.9	202504010811
2018103205	2025-06-28	1函館5	晴	11.0	青函S(OP)		16	1.0	1	52.9	14.0	12	杉原誠人	55.0	芝1200		良	**	1:09.0	0.9	**	11-10	33.3-34.8	34.6	468(-4)			エーティーマクフィ		202502010511
2018103205	2025-08-03	2新潟4	晴	7.0	アイビスサマーD(GIII)		18	3.0	5	24.1	9.0	11	杉原誠人	57.0	芝1000		良	**	0:54.5	0.8	**	14	32.0-32.0	31.8	470(+2)			ピューロマジック		202504020407
2018103205	2025-10-26	4新潟4	雨	11.0	ルミエールオータムD(L)		17	1.0	1	64.4	14.0	8	杉原誠人	56.0	芝1000		稍	**	0:56.2	0.9	**	16	32.7-33.2	32.5	470(0)			イコサン		202504040411
2018103205	2026-01-17	1中山6	晴	11.0	カーバンクルS(OP)		16	6.0	12	231.0	16.0	11	嶋田純次	54.0	芝1200		良	**	1:08.0	0.6	**	11-11	33.7-33.7	33.5	472(+2)			ウイングレイテスト		202606010611
2018103473	2020-08-15	3新潟1	曇	5.0	2歳新馬		18	6.0	11	21.6	7.0	4	川須栄彦	54.0	芝1600		良	**	1:37.4	0.4	**	11-11	36.0-36.3	35.5	418(0)			イルーシヴパンサー	110.0	202004030105
2018103473	2020-09-13	2中京2	曇	3.0	2歳未勝利		10	7.0	7	19.5	5.0	5	川須栄彦	54.0	芝1600		良	**	1:36.7	0.5	**	3-6-6	35.9-35.6	35.5	418(0)			シャドウエリス	51.0	202007020203
2018103473	2020-10-10	4京都1	小雨	2.0	2歳未勝利		13	3.0	3	7.9	3.0	2	藤岡佑介	55.0	芝1400		不	**	1:24.3	0.7	**	3-3	34.8-36.5	37.0	418(0)			デルマヤクシ	200.0	202008040102
2018103473	2020-10-25	4京都6	晴	2.0	2歳未勝利		18	5.0	9	31.2	10.0	17	藤岡佑介	55.0	芝1400		良	**	1:25.7	2.2	**	2-3	35.6-35.6	37.6	422(+4)			スーパーホープ		202008040602
2018103473	2021-01-24	1小倉4	曇	6.0	3歳未勝利		18	4.0	8	7.3	3.0	8	藤岡康太	56.0	芝1200		重	**	1:11.3	0.9	**	2-2	34.0-36.4	37.1	428(+6)			フォイアーロート		202110010406
2018103473	2021-02-07	1中京12	晴	1.0	3歳未勝利		16	1.0	2	8.0	5.0	4	幸英明	56.0	ダ1200		稍	**	1:14.0	1.6	**	16-16	35.4-37.0	36.4	426(-2)			ベンチャーアウト	77.0	202107011201
2018103473	2021-02-28	1阪神6	晴	2.0	3歳未勝利		15	2.0	4	2.3	1.0	8	幸英明	56.0	ダ1200		良	**	1:15.5	1.3	**	7-6	36.1-38.1	38.8	420(-6)			ミッキークイック		202109010602
2018103473	2021-05-16	2新潟4	曇	2.0	3歳未勝利		15	8.0	14	4.3	3.0	7	坂井瑠星	56.0	ダ1200		良	**	1:13.6	1.0	**	9-9	35.2-37.4	37.7	428(+8)			ディベルティール		202104020402
2018103473	2021-06-12	4中京3	曇	2.0	3歳未勝利		16	8.0	15	16.0	6.0	8	藤岡康太	56.0	ダ1200		良	**	1:13.2	1.1	**	9-9	35.0-37.1	37.2	418(-10)			レッドフランカー		202107040302
2018103473	2021-07-04	1函館2	曇	6.0	3歳未勝利		13	7.0	10	11.8	6.0	1	坂井瑠星	56.0	ダ1700		良	**	1:45.9	-0.9	**	3-3-2-2	30.6-37.4	37.2	426(+8)			(メイショウコトダマ)	510.0	202102010206
2018103473	2021-07-25	1函館8	晴	8.0	3歳以上1勝クラス		13	8.0	13	2.0	1.0	1	坂井瑠星	54.0	ダ1700		良	**	1:45.9	0.0	**	3-3-3-2	30.1-38.3	38.0	428(+2)			(ラルフ)	760.0	202102010808
2018103473	2021-08-22	2札幌4	曇	10.0	大通公園特別(2勝クラス)		14	8.0	13	6.8	4.0	7	坂井瑠星	54.0	ダ1700		良	**	1:47.2	1.7	**	9-8-7-7	29.3-38.4	38.9	422(-6)			ロードエクレール		202101020410
2018103473	2022-01-22	1小倉3	晴	11.0	小倉城特別(2勝クラス)		16	6.0	11	19.7	8.0	9	坂井瑠星	56.0	ダ1700		良	**	1:47.7	0.5	**	3-3-3-3	30.7-38.1	38.4	424(+2)			サトノロイヤル		202210010311
2018103473	2022-02-12	2小倉1	晴	11.0	和布刈特別(2勝クラス)		13	7.0	11	42.0	11.0	8	亀田温心	56.0	ダ1700		良	**	1:47.7	1.1	**	12-12-13-10	29.6-39.3	39.2	424(0)			ギブミーラブ		202210020111
2018103473	2022-05-01	1福島6	雨	10.0	喜多方特別(2勝クラス)		14	2.0	3	55.3	11.0	4	藤懸貴志	57.0	ダ1700		重	**	1:45.1	0.2	**	1-1-1-1	29.7-38.3	38.5	442(+18)			リリーミニスター	230.0	202203010610
2018103473	2022-06-19	1函館4	曇	10.0	檜山特別(2勝クラス)		14	3.0	4	8.9	4.0	9	丸山元気	54.0	ダ1700		良	**	1:45.7	0.6	**	3-2-3-4	29.7-37.8	38.2	432(-10)			タイセイシェダル		202202010410
2018103473	2022-07-17	1函館12	雨	10.0	駒場特別(2勝クラス)		13	5.0	6	60.5	11.0	3	丸山元気	57.0	ダ1700		重	**	1:43.5	0.7	**	2-2-2-2	29.5-37.5	37.7	430(-2)			コパノニコルソン	384.0	202202011210
2018103473	2022-08-06	1札幌5	晴	10.0	桑園特別(2勝クラス)		14	5.0	7	13.3	6.0	13	丸山元気	54.0	ダ1700		良	**	1:48.8	3.2	**	3-2-2-5	29.1-37.6	40.6	430(0)			クレスコジョケツ		202201010510
2018103473	2022-08-28	2札幌6	晴	10.0	オールスターJ第3戦(2勝クラス)		12	5.0	8	20.8	5.0	6	ウィリア	58.0	ダ1700		良	**	1:45.7	1.2	**	3-3-6-6	29.4-37.1	37.8	430(0)			メンアットワーク		202201020610
2018103473	2022-11-05	3福島1	晴	11.0	河北新報杯(2勝クラス)		15	5.0	8	37.7	12.0	6	丸山元気	57.0	ダ1700		良	**	1:45.7	0.5	**	3-3-2-3	30.2-37.3	37.5	426(-4)			ラヴィータエベラ		202203030111
2018103473	2023-01-21	1小倉3	晴	11.0	小倉城特別(2勝クラス)		16	5.0	10	41.0	9.0	10	丸山元気	58.0	ダ1700		稍	**	1:45.5	1.7	**	5-4-4-3	29.3-36.5	37.8	438(+12)			メイクアリープ		202310010311
2018103473	2023-02-11	2小倉1	曇	11.0	和布刈特別(2勝クラス)		15	2.0	2	16.1	6.0	13	丸山元気	58.0	ダ1700		不	**	1:44.6	2.1	**	1-1-2-2	29.7-37.1	39.1	432(-6)			メイショウジブリ		202310020111
2018103473	2023-03-12	1阪神10	晴	9.0	天神橋特別(2勝クラス)		10	3.0	3	64.0	9.0	10	藤懸貴志	58.0	芝1600		良	**	1:35.7	1.7	**	2-4	34.9-35.2	36.4	434(+2)			ロワンディシー		202309011009
2018103473	2023-04-29	1京都3	小雨	12.0	4歳以上2勝クラス		15	5.0	8	48.1	11.0	10	川須栄彦	58.0	ダ1400		良	**	1:26.1	1.6	**	3-4	35.3-36.9	38.1	432(-2)			エーティーマクフィ		202308010312
2018103473	2023-07-16	2函館6	曇	10.0	駒場特別(2勝クラス)		14	4.0	5	89.8	12.0	9	小林凌大	58.0	ダ1700		重	**	1:44.6	1.1	**	8-8-8-10	28.9-37.5	38.0	430(-2)			レイクリエイター		202302020610
2018103473	2023-07-23	1札幌2	晴	10.0	大倉山特別(2勝クラス)		14	6.0	9	59.8	10.0	2	小林凌大	58.0	ダ1700		良	**	1:46.7	0.0	**	5-5-5-3	30.9-37.1	36.7	430(0)			シルバーブレッド	628.6	202301010210
2018103473	2023-08-05	1札幌5	曇	10.0	桑園特別(2勝クラス)		14	2.0	2	22.7	7.0	4	小林凌大	56.0	ダ1700		重	**	1:44.5	0.1	**	6-6-6-5	30.6-36.9	36.3	436(+6)			ローズスター	230.0	202301010510
2018103473	2023-08-20	2札幌4	曇	9.0	大通公園特別(2勝クラス)		14	3.0	3	11.4	5.0	10	小林凌大	58.0	ダ1700		稍	**	1:48.6	1.5	**	4-4-4-6	30.8-37.6	38.4	430(-6)			ミラクルティアラ		202301020409
2018103473	2023-11-05	3福島2	曇	10.0	河北新報杯(2勝クラス)		15	4.0	6	13.4	6.0	10	小林凌大	58.0	ダ1700		良	**	1:48.1	1.3	**	7-7-8-6	30.9-37.0	37.8	436(+6)			レリジールダモーレ		202303030210
2018103473	2023-11-18	3京都5	晴	9.0	蹴上特別(2勝クラス)		16	3.0	5	147.2	11.0	6	藤岡康太	58.0	ダ1800		重	**	1:52.8	0.5	**	1-1-1-2	35.7-37.8	38.3	436(0)			メイショウモズ		202308030509
2018103473	2024-01-20	1小倉3	雨	11.0	和布刈特別(2勝クラス)		13	6.0	9	52.7	12.0	10	藤岡康太	58.0	ダ1700		稍	**	1:44.9	2.0	**	8-8-9-10	30.1-36.4	37.4	440(+4)			ゴッドブルービー		202410010311
2018103473	2024-02-18	2京都8	曇	9.0	天ケ瀬特別(2勝クラス)		13	7.0	11	166.1	12.0	11	城戸義政	58.0	ダ1800		良	**	1:54.6	1.9	**	5-6-10-12	37.3-37.7	38.1	436(-4)			ヴァンドゥラン		202408020809
2018103473	2024-04-20	1福島5	晴	10.0	尾瀬特別(2勝クラス)		15	6.0	10	29.1	9.0	8	小林凌大	55.0	ダ1700		良	**	1:46.1	0.9	**	4-4-4-4	29.5-38.4	38.5	438(+2)			ニホンピロハーバー		202403010510
2018103473	2024-07-14	1函館12	晴	10.0	駒場特別(2勝クラス)		14	4.0	6	105.9	13.0	6	小林凌大	58.0	ダ1700		良	**	1:46.3	0.9	**	8-8-9-8	29.2-38.6	38.0	436(-2)			レッドラグラス		202402011210
2018103473	2024-08-03	1札幌5	曇	10.0	苫小牧特別(2勝クラス)		14	8.0	14	53.9	12.0	9	小林凌大	55.0	ダ1700		良	**	1:47.2	2.1	**	3-3-7-8	30.4-36.6	38.1	436(0)			ゲットアップ		202401010510
2018103473	2024-08-25	2札幌6	晴	10.0	オールスターJ第3戦(2勝クラス)		13	2.0	2	70.2	10.0	12	ホー	58.0	ダ1700		良	**	1:49.1	2.5	**	9-9-11-11	30.4-38.3	39.7	438(+2)			ティアップリオン		202401020610
2018103473	2024-11-03	3福島2	晴	10.0	河北新報杯(2勝クラス)		15	7.0	12	165.1	14.0	11	小林凌大	58.0	ダ1700		重	**	1:45.5	2.3	**	9-10-12-13	29.7-37.6	38.4	440(+2)			クロースコンバット		202403030210
2018103473	2024-11-23	6京都7	曇	9.0	栂尾特別(2勝クラス)		13	6.0	9	436.8	13.0	8	藤懸貴志	58.0	ダ1800		良	**	1:54.2	2.0	**	10-10-12-13	36.5-37.8	38.8	436(-4)			ルシュヴァルドール		202408060709
2018103473	2025-04-19	1福島3	晴	11.0	ラジオ福島賞(2勝クラス)		15	3.0	5	122.9	15.0	10	松本大輝	54.0	ダ1700		良	**	1:47.8	1.2	**	12-12-12-12	31.0-38.3	38.3	444(+8)			クーアフュルスト		202503010311
2018103473	2025-06-08	3阪神2	小雨	10.0	洲本特別(2勝クラス)		16	7.0	13	379.5	16.0	12	松本大輝	58.0	ダ1400		良	**	1:26.0	1.5	**	12-11	35.1-37.0	37.5	442(-2)			プロトポロス		202509030210
2018103473	2025-07-19	2小倉7	曇	10.0	熊本城特別(2勝クラス)		16	6.0	12	197.3	16.0	13	角田大和	58.0	ダ1700		重	**	1:45.6	2.4	**	15-14-14-14	29.7-36.7	37.9	442(0)			レイナデアルシーラ		202510020710
2018103473	2025-09-07	2札幌6	晴	9.0	旭川特別(2勝クラス)		14	6.0	9	268.6	14.0	7	和田陽希	58.0	ダ1700		稍	**	1:46.4	1.1	**	11-11-8-7	30.0-37.5	37.8	442(0)			トーセンサウダージ		202501020609
2018103473	2025-11-09	3福島2	小雨	10.0	河北新報杯(2勝クラス)		15	8.0	14	242.3	15.0	11	石田拓郎	58.0	ダ1700		良	**	1:47.3	1.8	**	6-7-7-8	30.1-37.8	38.9	444(+2)			アレナパラシオ		202503030210
2018103473	2025-12-07	5阪神2	晴	8.0	3歳以上2勝クラス		8	8.0	8	177.8	8.0	7	田山旺佑	55.0	芝1800		良	**	1:46.7	1.6	**	2-2	36.3-33.8	35.3	448(+4)			ジーティームソウ		202509050208
2018103473	2025-12-21	5中山6	雨	12.0	3歳以上2勝クラス		16	6.0	12	282.0	15.0	13	原優介	58.0	芝1600		重	**	1:36.1	1.6	**	7-14-16	35.5-35.8	36.0	458(+10)			メタルスピード		202506050612
2018103473	2026-01-17	1京都6	晴	12.0	4歳以上2勝クラス		18	1.0	2	465.2	18.0	15	田山旺佑	55.0	芝1600		良	**	1:35.3	1.8	**	14-15	35.2-34.5	34.9	454(-4)			カズミクラーシュ		202608010612
2018103485	2020-10-11	4東京2	曇	4.0	2歳新馬		18	8.0	17	5.5	3.0	1	Ｍ．デム	55.0	芝1400		重	**	1:24.3	-0.1	**	4-5	36.9-35.2	34.7	422(0)			(シュアーヴアリア)	700.0	202005040204
2018103485	2020-11-07	5東京1	曇	11.0	京王杯2歳S(GII)		18	5.0	10	64.8	10.0	6	Ｍ．デム	55.0	芝1400		良	**	1:22.6	0.8	**	5-4	34.7-34.7	35.0	426(+4)			モントライゼ		202005050111
2018103485	2021-02-13	1東京5	晴	7.0	3歳1勝クラス		16	6.0	11	7.2	3.0	10	Ｍ．デム	56.0	芝1400		良	**	1:22.6	1.0	**	8-7	34.4-35.5	35.5	426(0)			レイモンドバローズ		202105010507
2018103485	2021-03-14	2中山6	晴	7.0	3歳1勝クラス		15	2.0	3	17.2	6.0	10	三浦皇成	56.0	芝1200		重	**	1:12.5	1.0	**	7-6	35.1-36.4	37.0	420(-6)			ユキノファラオ		202106020607
2018103485	2021-04-17	1新潟3	雨	10.0	雪うさぎ賞(1勝クラス)		15	1.0	1	69.6	12.0	7	吉田豊	56.0	芝1200		重	**	1:11.3	0.7	**	14-12	34.7-35.9	34.8	418(-2)			レイハリア		202104010310
2018103485	2021-07-25	1函館8	晴	12.0	3歳以上1勝クラス		11	5.0	5	28.1	8.0	6	亀田温心	53.0	芝1200		良	**	1:10.1	0.6	**	5-5	34.2-35.3	35.4	418(0)			クインズセージ		202102010812
2018103485	2021-08-14	2札幌1	曇	9.0	3歳以上1勝クラス		16	2.0	4	19.9	8.0	2	亀田温心	53.0	芝1200		良	**	1:09.4	0.1	**	7-7	34.0-35.3	34.7	414(-4)			ディキシークイーン	300.0	202101020109
2018103485	2021-09-05	2札幌8	晴	6.0	3歳以上1勝クラス		16	7.0	14	8.5	4.0	5	亀田温心	54.0	芝1200		稍	**	1:10.8	0.6	**	6-6	35.0-35.2	35.2	418(+4)			カシノフォワード	76.0	202101020806
2018103485	2021-09-25	4中山6	曇	4.0	3歳以上1勝クラス		15	2.0	2	16.7	7.0	3	Ｍ．デム	55.0	芝1200		良	**	1:08.5	0.5	**	4-3	33.9-34.1	34.1	420(+2)			ゼログラヴィティ	190.0	202106040604
2018103485	2021-11-20	2福島5	晴	8.0	3歳以上1勝クラス		16	3.0	5	19.7	9.0	1	亀田温心	55.0	芝1200		良	**	1:09.7	0.0	**	10-9	34.0-35.7	35.0	410(-10)			(ファイアダンサー)	760.0	202103020508
2018103485	2021-12-12	6阪神4	晴	8.0	3歳以上2勝クラス		13	8.0	13	13.5	5.0	7	Ｍ．デム	56.0	芝1200		良	**	1:09.1	0.7	**	7-7	33.7-34.7	34.0	412(+2)			フォドラ		202109060408
2018103485	2022-01-08	1中京2	晴	9.0	鳥羽特別(2勝クラス)		14	6.0	9	43.5	10.0	12	亀田温心	56.0	芝1200		良	**	1:09.8	1.6	**	4-4	33.9-34.3	35.4	414(+2)			テーオーマルクス		202207010209
2018103485	2022-03-27	3中山2	曇	12.0	4歳以上2勝クラス		13	4.0	5	49.5	10.0	8	小林脩斗	54.0	芝1200		重	**	1:09.8	0.7	**	6-5	33.6-35.5	35.7	414(0)			イルクオーレ		202206030212
2018103485	2022-05-07	2東京5	晴	12.0	4歳以上2勝クラス		9	6.0	6	17.1	7.0	9	Ｍ．デム	57.0	芝1400		良	**	1:22.4	1.2	**	2-2	35.2-34.1	35.2	422(+8)			ブルーシンフォニー		202205020512
2018103485	2022-06-26	1函館6	曇	10.0	HTB杯(2勝クラス)		15	6.0	10	103.4	15.0	12	黛弘人	54.0	芝1200		良	**	1:09.6	0.7	**	12-13	34.1-34.8	34.3	428(+6)			グランアリエル		202202010610
2018103485	2022-07-09	1函館9	曇	10.0	潮騒特別(2勝クラス)		13	5.0	7	293.5	13.0	10	黛弘人	57.0	芝1200		良	**	1:10.3	0.4	**	10-8	34.4-35.5	35.0	426(-2)			ソウテン		202202010910
2018103485	2022-08-13	2札幌1	曇	10.0	羊ヶ丘特別(2勝クラス)		14	6.0	9	215.6	13.0	13	川島信二	57.0	芝1500		良	**	1:31.1	1.3	**	3-3-3	30.4-35.0	36.0	424(-2)			グレイトオーサー		202201020110
2018103485	2022-08-27	2札幌5	曇	10.0	オールスターJ第1戦(2勝クラス)		14	6.0	9	121.7	14.0	9	バシュロ	58.0	芝1200		良	**	1:10.6	1.1	**	8-8	34.0-35.5	35.8	424(0)			メイショウツツジ		202201020510
2018103485	2022-10-22	4東京6	曇	8.0	3歳以上2勝クラス		16	2.0	4	216.5	14.0	16	荻野極	57.0	ダ1400		良	**	1:30.1	5.8	**	2-2	35.3-36.5	42.1	422(-2)			ロードアラビアン		202205040608
2018103485	2023-03-11	2中山5	晴	12.0	4歳以上2勝クラス		16	3.0	6	221.9	14.0	13	永野猛蔵	57.0	芝1200		良	**	1:09.2	0.9	**	14-14	34.2-34.1	33.5	424(+2)			ウィリン		202306020512
2018103485	2023-03-26	3中山2	雨	12.0	4歳以上2勝クラス		13	8.0	12	101.6	13.0	8	永野猛蔵	57.0	芝1200		不	**	1:12.4	0.5	**	13-13	34.7-37.2	36.3	420(-4)			アイルビーザワン		202306030212
2018103485	2023-04-15	3中山7	雨	8.0	4歳以上2勝クラス		16	6.0	12	93.2	13.0	11	永野猛蔵	57.0	芝1200		重	**	1:10.9	1.1	**	15-15	34.2-35.6	35.1	426(+6)			ジャスパークローネ		202306030708
2018103485	2023-08-06	1札幌6	曇	10.0	札幌スポニチ賞(2勝クラス)		11	6.0	7	120.7	10.0	5	亀田温心	58.0	芝1200		重	**	1:11.1	0.4	**	10-9	34.1-36.6	35.9	414(-12)			シャークスポット	155.0	202301010610
2018103485	2023-09-02	2札幌7	曇	9.0	知床特別(2勝クラス)		16	2.0	4	74.8	15.0	14	亀田温心	58.0	芝1200		稍	**	1:10.9	0.8	**	10-11	34.1-36.0	35.6	424(+10)			クールムーア		202301020709
2018103485	2023-09-30	4中山8	晴	10.0	勝浦特別(2勝クラス)		16	1.0	2	200.3	16.0	5	吉田豊	58.0	芝1200		良	**	1:09.7	0.5	**	9-7	34.7-34.5	34.4	420(-4)			タリア	155.0	202306040810
2018103485	2023-12-02	5中山1	晴	12.0	3歳以上2勝クラス		16	1.0	2	69.2	14.0	10	吉田豊	58.0	芝1200		良	**	1:08.4	0.6	**	12-13	33.0-34.8	34.2	428(+8)			ピンクマクフィー		202306050112
2018103485	2024-01-13	1中山4	小雨	12.0	4歳以上2勝クラス		15	8.0	15	95.7	12.0	7	吉田豊	58.0	芝1200		良	**	1:09.2	0.8	**	13-13	33.4-35.0	34.3	426(-2)			エコロレジーナ		202406010412
2018103485	2024-03-09	2中山5	晴	12.0	4歳以上2勝クラス		13	7.0	10	137.7	12.0	9	吉田豊	58.0	芝1200		稍	**	1:10.3	0.7	**	12-11	33.7-35.9	35.6	420(-6)			サウザンサニー		202406020512
2018103485	2024-04-13	3中山7	晴	8.0	4歳以上2勝クラス		12	8.0	11	152.0	12.0	10	吉田豊	58.0	芝1200		良	**	1:09.8	0.7	**	11-10	35.3-33.8	33.7	420(0)			ティニア		202406030708
2018103485	2024-05-04	2東京5	晴	8.0	4歳以上2勝クラス		10	6.0	6	82.8	9.0	8	吉田豊	58.0	芝1400		良	**	1:21.6	0.9	**	9-9	35.5-33.7	33.2	418(-2)			ユハンヌス		202405020508
2018103485	2024-11-09	3福島3	晴	10.0	飯坂温泉特別(2勝クラス)		16	2.0	4	156.2	16.0	8	亀田温心	58.0	芝1200		良	**	1:10.5	0.6	**	11-10	33.9-36.0	35.6	418(0)			ニシノコウダイ		202403030310
2018103485	2024-12-21	5中山7	晴	12.0	クリスマスC(2勝クラス)		16	1.0	1	214.7	16.0	4	吉田豊	58.0	芝1200		良	**	1:08.7	0.7	**	9-8	33.5-34.5	34.2	422(+4)			ジューンブレア	230.0	202406050712
2018103485	2025-01-05	1中山1	晴	8.0	4歳以上2勝クラス		16	7.0	14	126.5	13.0	9	吉田豊	58.0	芝1200		良	**	1:08.4	1.3	**	14-12	33.1-34.0	33.9	426(+4)			レオテミス		202506010108
2018103485	2025-02-08	1東京3	晴	10.0	テレビ山梨杯(2勝クラス)		13	3.0	3	164.0	12.0	9	吉田豊	54.0	芝1400		良	**	1:21.5	0.6	**	11-10	34.7-34.8	34.4	424(-2)			コスモアディラート		202505010310
2018103485	2025-03-15	2中山5	曇	12.0	4歳以上2勝クラス		16	3.0	5	152.3	15.0	15	吉田豊	58.0	芝1200		良	**	1:09.3	0.7	**	13-13	33.8-34.8	34.4	416(-8)			アララララ		202506020512
2018103485	2025-03-30	3中山2	晴	12.0	4歳以上2勝クラス		13	6.0	9	106.6	13.0	9	吉田豊	58.0	芝1200		良	**	1:09.7	1.0	**	8-9	33.9-34.8	34.7	420(+4)			パクスロマーナ		202506030212
2018103485	2025-04-19	3中山7	晴	9.0	袖ケ浦特別(2勝クラス)		13	1.0	1	181.3	11.0	6	吉田豊	58.0	芝1200		良	**	1:07.8	0.6	**	10-10	33.7-33.5	33.3	420(0)			レッドエヴァンス		202506030709
2018103485	2025-06-29	2福島2	晴	9.0	郡山特別(2勝クラス)		11	7.0	9	98.4	10.0	6	吉田豊	58.0	芝1200		良	**	1:08.8	0.7	**	11-11	33.2-34.9	33.8	424(+4)			マックアルイーン		202503020209
2018103485	2025-07-13	2福島6	晴	12.0	彦星賞(2勝クラス)		9	3.0	3	17.7	6.0	5	吉田豊	58.0	芝1200		良	**	1:11.0	0.7	**	6-6	35.2-35.1	34.2	422(-2)			エコロマーズ	155.0	202503020612
2018103485	2025-08-03	1札幌4	晴	10.0	苫小牧特別(2勝クラス)		13	2.0	2	68.2	12.0	10	吉田隼人	58.0	芝1200		良	**	1:08.9	0.5	**	12-12	33.5-34.9	34.2	414(-8)			エヴァンスウィート		202501010410
2018103485	2025-08-23	2札幌1	晴	10.0	オールスターJ第1戦(2勝クラス)		14	4.0	6	42.3	11.0	10	武豊	58.0	芝1200		良	**	1:09.9	0.9	**	8-8	33.9-35.1	35.2	424(+10)			ハートホイップ		202501020110
2018103485	2025-09-06	2札幌5	曇	10.0	札幌スポニチ賞(2勝クラス)		16	5.0	9	328.9	16.0	11	森田誠也	58.0	芝1200		良	**	1:10.1	0.8	**	11-13	34.3-35.0	34.7	430(+6)			サウンドモリアーナ		202501020510
2018103485	2025-12-06	5中山1	晴	12.0	3歳以上2勝クラス		13	4.0	7	198.0	12.0	8	吉田豊	58.0	芝1200		良	**	1:08.0	0.5	**	11-11	33.9-33.6	33.2	430(0)			アンドアイラヴハー		202506050112
2018103485	2026-01-17	1中山6	晴	12.0	4歳以上2勝クラス		16	2.0	3	190.7	15.0	12	吉田豊	58.0	芝1200		良	**	1:08.6	0.6	**	13-12	34.3-33.7	33.4	424(-6)			カンシン		202606010612
2018105423	2020-06-27	3東京7	晴	5.0	2歳新馬		16	4.0	7	2.5	1.0	12	横山典弘	54.0	芝1800		良	**	1:52.8	3.1	**	13-11-13	36.9-35.3	37.1	466(0)			スライリー		202005030705
2018105423	2020-10-10	4東京1	雨	2.0	2歳未勝利		14	5.0	7	54.2	10.0	5	横山典弘	55.0	芝1800		不	**	1:52.9	0.4	**	11-9-9	36.8-36.3	35.9	478(+12)			プラチナトレジャー	51.0	202005040102
2018105423	2020-11-01	4東京8	晴	1.0	2歳未勝利		13	6.0	8	7.3	4.0	4	横山典弘	55.0	ダ1600		良	**	1:39.8	0.3	**	5-5	36.6-37.6	37.3	482(+4)			ノーダブルディップ	77.0	202005040801
2018105423	2020-11-21	5東京5	晴	3.0	2歳未勝利		16	3.0	6	7.6	4.0	9	横山典弘	55.0	芝1800		良	**	1:48.6	1.5	**	10-7-6	34.4-36.4	37.2	480(-2)			カナリキケン		202005050503
2018105423	2021-02-14	1東京6	晴	3.0	3歳未勝利		16	2.0	3	28.7	10.0	2	Ｍ．デム	56.0	ダ1600		良	**	1:39.2	0.0	**	14-8	36.2-37.2	36.5	480(0)			コンソレーション	200.0	202105010603
2018105423	2021-03-07	2中山4	曇	4.0	3歳未勝利		16	7.0	14	2.1	1.0	1	Ｍ．デム	56.0	ダ1800		稍	**	1:57.1	-0.4	**	10-6-3-2	38.4-39.0	38.7	476(-4)			(ジョット)	510.0	202106020404
2018105423	2021-07-17	1函館5	晴	10.0	湯浜特別(1勝クラス)		14	3.0	4	20.7	9.0	3	藤岡佑介	54.0	ダ1700		良	**	1:46.8	1.4	**	8-7-6-5	30.1-36.6	37.4	482(+6)			オセアダイナスティ	275.1	202102010510
2018105423	2021-07-31	1函館9	晴	12.0	3歳以上1勝クラス		13	6.0	9	3.3	1.0	12	藤岡佑介	54.0	ダ1700		良	**	1:47.4	1.2	**	5-5-5-5	30.0-38.6	39.1	480(-2)			ウィッチクラフト		202102010912
2018105423	2021-11-14	5東京4	晴	4.0	3歳以上1勝クラス		14	8.0	13	4.2	1.0	2	田辺裕信	56.0	ダ1600		良	**	1:37.9	0.6	**	9-8	35.1-37.4	36.8	476(-4)			フォーヴィスム	300.0	202105050404
2018105423	2021-11-28	5東京8	晴	5.0	3歳以上1勝クラス		16	3.0	5	11.3	4.0	4	Ｍ．デム	56.0	ダ1600		良	**	1:38.6	1.2	**	14-12	34.7-37.2	37.2	474(-2)			オブデュモンド	110.0	202105050805
2018105423	2022-03-20	2中山7	晴	7.0	4歳以上1勝クラス		16	1.0	2	4.9	2.0	5	横山武史	57.0	ダ1800		重	**	1:53.2	0.4	**	7-7-8-6	36.6-39.4	38.7	480(+6)			コスモコラッジョ	77.0	202206020707
2018105423	2022-04-09	3中山5	晴	12.0	4歳以上1勝クラス		11	6.0	6	3.0	1.0	2	横山武史	57.0	ダ1800		良	**	1:54.1	0.2	**	2-2-3-3	37.6-38.2	38.2	478(-2)			ダノンマヴロス	310.0	202206030512
2018105423	2022-06-19	3東京6	晴	7.0	3歳以上1勝クラス		16	4.0	7	12.7	6.0	8	菅原明良	57.0	ダ1600		良	**	1:37.9	0.9	**	11-11	35.4-36.7	36.5	474(-4)			フィフティシェビー		202205030607
2018105423	2022-09-10	4中山1	晴	8.0	3歳以上1勝クラス		12	7.0	10	2.8	2.0	2	横山武史	57.0	ダ1800		良	**	1:54.9	0.8	**	6-6-3-3	37.6-38.9	39.2	474(0)			ヘキクウ	310.0	202206040108
2018105423	2022-10-02	4中山9	晴	4.0	3歳以上1勝クラス		15	6.0	10	3.6	2.0	5	横山武史	57.0	ダ1800		良	**	1:54.8	1.0	**	4-3-4-3	37.6-38.8	38.7	478(+4)			ゴールドブリーズ	77.0	202206040904
2018105423	2022-10-23	4東京7	晴	8.0	3歳以上1勝クラス		11	6.0	7	4.3	3.0	1	Ｍ．デム	57.0	ダ1400		良	**	1:25.0	0.0	**	8-7	35.0-37.7	36.5	474(-4)			(ムーヴ)	770.0	202205040708
2018105423	2023-01-09	1中京4	晴	9.0	鳥羽特別(2勝クラス)		14	6.0	10	18.2	6.0	2	坂井瑠星	58.0	ダ1400		良	**	1:24.8	0.3	**	11-11	34.3-38.4	37.2	482(+8)			フォーチュンテラー	630.8	202307010409
2018105423	2023-01-29	1東京2	晴	8.0	4歳以上2勝クラス		16	8.0	15	8.3	4.0	7	坂井瑠星	58.0	ダ1400		良	**	1:25.4	0.7	**	10-10	35.0-37.5	36.8	490(+8)			フォーヴィスム		202305010208
2018105423	2023-04-22	2東京1	晴	12.0	4歳以上2勝クラス		16	8.0	15	5.9	2.0	1	Ｍ．デム	58.0	ダ1400		良	**	1:24.8	0.0	**	6-6	35.9-36.8	36.3	486(-4)			(ブリエヴェール)	1140.0	202305020112
2018105423	2023-05-14	2東京8	小雨	12.0	BSイレブン賞(3勝クラス)		16	2.0	3	29.6	9.0	9	Ｍ．デム	58.0	ダ1400		稍	**	1:23.6	1.0	**	7-7	34.5-36.3	36.5	490(+4)			フルム		202305020812
2018105423	2023-10-15	4東京5	曇	10.0	テレビ静岡賞(3勝クラス)		14	8.0	13	121.3	14.0	5	藤岡佑介	58.0	ダ1400		不	**	1:22.6	0.7	**	7-6	34.4-35.5	35.6	486(-4)			レオノーレ	184.0	202305040510
2018105423	2024-01-27	1東京1	晴	9.0	銀蹄S(3勝クラス)		16	6.0	11	93.3	11.0	13	ピーヒュ	55.0	ダ1400		良	**	1:26.3	1.5	**	15-13	35.3-37.0	37.1	492(+6)			ハチメンロッピ		202405010109
2018105423	2024-04-21	2東京2	曇	10.0	鎌倉S(3勝クラス)		15	8.0	14	63.8	13.0	13	田辺裕信	58.0	ダ1400		良	**	1:26.0	2.2	**	15-15	34.4-37.2	36.8	482(-10)			コパノニコルソン		202405020210
2018105423	2024-07-28	1札幌4	晴	10.0	ポプラS(3勝クラス)		10	2.0	2	70.3	8.0	3	丹内祐次	58.0	ダ1700		重	**	1:43.7	0.7	**	6-7-7-6	30.5-35.8	35.9	482(0)			シダー	463.0	202401010410
2018105423	2024-10-05	4東京1	小雨	10.0	赤富士S(3勝クラス)		14	4.0	6	155.5	13.0	12	横山和生	55.0	ダ1600		重	**	1:36.0	1.7	**	14-14	34.7-35.2	35.1	480(-2)			アッシュルバニパル		202405040110
2018105423	2025-04-05	3中山3	晴	4.0	障害4歳以上未勝利		14	3.0	4	44.4	8.0	11	金子光希	60.0	障2880		稍		3:26.6	10.4		12-12-12-12	107.0-0.0	14.3	486(+6)			ウイングランブルー		202506030304
2018105423	2025-07-20	2福島8	晴	1.0	障害3歳以上未勝利		14	2.0	2	16.8	7.0	11	金子光希	60.0	障2770		良		3:12.5	6.1		11-11-12-12	108.0-0.0	13.9	466(-20)			マイネルメサイア		202503020801
2018105423	2026-01-17	1中山6	晴	4.0	障害4歳以上未勝利		12	6.0	7	125.8	10.0	9	金子光希	60.0	障2880		良		3:20.5	5.6		8-8-9-9	106.1-0.0	13.9	470(+4)			コレクテイニア		202606010604
2018106354	2020-12-13	6阪神4	晴	5.0	2歳新馬		12	7.0	10	13.7	5.0	3	吉田隼人	55.0	芝1800		良	**	1:49.9	0.2	**	8-8	36.7-34.6	34.4	466(0)			アクセル	180.0	202009060405
2018106354	2021-01-16	1小倉1	晴	6.0	3歳未勝利		16	7.0	13	3.7	2.0	1	浜中俊	56.0	芝1800		良	**	1:47.9	0.0	**	11-9-7-2	34.0-36.6	36.1	472(+6)			(メイショウユウスイ)	510.0	202110010106
2018106354	2021-04-24	2阪神9	晴	9.0	あやめ賞(1勝クラス)		7	3.0	3	11.7	5.0	3	浜中俊	56.0	芝1800		良	**	1:46.0	0.0	**	3-3	35.8-33.5	33.3	464(-8)			ギャラントウォリア	252.3	202109020909
2018106354	2021-05-22	2新潟5	晴	10.0	早苗賞(1勝クラス)		9	4.0	4	1.8	1.0	2	吉田隼人	56.0	芝1800		稍	**	1:49.6	0.3	**	5-5	35.5-37.7	37.4	464(0)			アイコンテーラー	407.0	202104020510
2018106354	2021-08-14	4小倉1	雨	12.0	3歳以上1勝クラス		14	6.0	9	4.0	2.0	7	浜中俊	54.0	芝1800		不	**	1:53.1	0.9	**	5-5-6-5	36.8-38.6	38.9	460(-4)			ストゥーティ		202110040112
2018106354	2021-10-24	5新潟6	晴	10.0	柏崎特別(1勝クラス)		16	5.0	9	12.3	5.0	9	藤井勘一	55.0	芝1600		稍	**	1:35.8	0.6	**	10-9	35.5-35.5	35.3	466(+6)			シャンブル		202104050610
2018106354	2021-11-14	2福島4	晴	8.0	3歳以上1勝クラス		16	5.0	9	11.7	6.0	2	亀田温心	54.0	芝2000		良	**	2:01.1	0.5	**	9-9-9-4	34.9-36.0	35.9	464(-2)			タイフォン	300.0	202103020408
2018106354	2022-01-22	1小倉3	晴	10.0	鳥栖特別(1勝クラス)		15	6.0	10	4.7	3.0	5	吉田隼人	56.0	芝1800		良	**	1:47.2	0.3	**	4-4-4-3	35.4-36.6	36.4	468(+4)			シティレインボー	107.0	202210010310
2018106354	2022-02-12	2小倉1	晴	9.0	唐戸特別(1勝クラス)		10	3.0	3	3.9	2.0	4	吉田隼人	56.0	芝2000		良	**	2:01.1	0.2	**	3-4-4-4	37.1-35.5	35.4	470(+2)			ウインリブルマン	160.0	202210020109
2018106354	2022-11-06	3福島2	晴	9.0	高湯温泉特別(1勝クラス)		15	8.0	15	8.7	4.0	10	泉谷楓真	57.0	芝1800		良	**	1:49.6	0.7	**	3-6-5-4	35.5-36.3	36.5	466(-4)			シゲルローズマリー		202203030209
2018106354	2022-12-04	6阪神2	曇	7.0	3歳以上1勝クラス		9	2.0	2	5.2	4.0	5	岩田望来	57.0	ダ1800		稍	**	1:55.3	1.9	**	4-5-4-7	37.5-37.5	39.0	470(+4)			ラインオブソウル	77.0	202209060207
2018106354	2023-01-21	1小倉3	晴	10.0	戸畑特別(1勝クラス)		15	3.0	4	9.4	4.0	2	藤岡康太	58.0	芝2000		稍	**	2:00.3	0.1	**	4-4-6-6	34.8-36.5	36.1	470(0)			テーオーソロス	451.6	202310010310
2018106354	2023-02-11	2小倉1	晴	9.0	唐戸特別(1勝クラス)		12	2.0	2	3.8	1.0	6	藤岡康太	58.0	芝2000		重	**	2:02.2	0.2	**	6-5-6-6	37.3-35.4	35.1	472(+2)			カイザー		202310020109
2018106354	2023-04-15	1福島3	雨	8.0	4歳以上1勝クラス		16	8.0	15	5.9	2.0	2	富田暁	58.0	芝1800		稍	**	1:48.7	0.0	**	8-10-9-7	35.1-37.2	36.1	464(-8)			バレエマスター	320.0	202303010308
2018106354	2023-05-07	1京都6	雨	7.0	4歳以上1勝クラス		9	3.0	3	2.6	2.0	3	藤岡康太	58.0	芝2000		不	**	2:03.9	0.3	**	4-4-3-3	36.5-36.3	36.3	474(+10)			レディベル	200.0	202308010607
2018106354	2023-05-20	1新潟7	晴	10.0	二王子特別(1勝クラス)		16	1.0	1	5.1	3.0	5	北村友一	58.0	芝2000		良	**	2:01.2	0.4	**	11-10	35.6-35.1	34.7	462(-12)			ブリングトゥライフ	111.0	202304010710
2018106354	2023-06-18	1函館4	晴	9.0	八雲特別(1勝クラス)		11	3.0	3	4.0	1.0	8	富田暁	58.0	芝1800		良	**	1:49.6	0.7	**	4-4-5-5	36.4-35.1	35.4	470(+8)			アップストローク		202302010409
2018106354	2023-07-01	2函館1	晴	7.0	3歳以上1勝クラス		14	5.0	8	7.8	4.0	3	富田暁	58.0	芝2000		稍	**	2:02.7	0.4	**	8-7-11-5	36.0-36.2	35.3	470(0)			アマイ	200.0	202302020107
2018106354	2023-07-08	2函館3	晴	9.0	北斗特別(1勝クラス)		10	7.0	7	11.6	6.0	3	富田暁	58.0	芝2000		良	**	2:01.0	0.2	**	9-9-6-6	35.6-35.1	34.9	470(0)			ディープレイヤー	283.6	202302020309
2018106354	2023-08-05	1札幌5	曇	9.0	利尻特別(1勝クラス)		9	8.0	8	11.7	5.0	4	富田暁	58.0	芝2000		稍	**	2:02.6	0.7	**	7-6-5-5	34.9-37.7	36.0	472(+2)			フェアエールング	170.0	202301010509
2018106354	2023-08-19	2札幌3	曇	10.0	富良野特別(1勝クラス)		16	5.0	9	25.7	7.0	8	富田暁	58.0	芝2000		良	**	2:02.9	1.1	**	8-7-8-8	35.5-35.5	35.8	468(-4)			ウインスノーライト		202301020310
2018106354	2023-10-21	4新潟3	小雨	9.0	岩船特別(1勝クラス)		15	2.0	3	34.4	11.0	4	富田暁	58.0	芝2200		重	**	2:16.4	0.7	**	3-3-3-3	36.6-35.6	36.0	460(-8)			アームブランシュ	170.0	202304040309
2018106354	2023-11-11	3福島3	晴	9.0	二本松特別(1勝クラス)		12	4.0	4	7.7	3.0	6	富田暁	58.0	芝2000		良	**	2:02.5	1.5	**	6-6-7-7	35.7-36.4	37.4	456(-4)			ホウオウスーペリア		202303030309
2018106354	2024-01-21	1小倉4	曇	12.0	4歳以上1勝クラス		15	3.0	4	7.6	4.0	8	鷲頭虎太	55.0	芝1800		稍	**	1:50.8	1.5	**	7-7-7-7	37.1-35.9	36.9	470(+14)			パルティクラール		202410010412
2018106354	2024-06-08	3東京3	晴	1.0	障害3歳以上未勝利		11	1.0	1	16.8	6.0	7	森一馬	60.0	障3000		良		3:27.3	3.4		8-8-8-9	105.0-0.0	13.8	470(0)			アンクルブラック		202405030301
2018106354	2024-12-14	4中京5	晴	8.0	ヤングJSFR中京1(1勝クラス)		16	3.0	6	16.5	7.0	3	田口貫太	58.0	芝2000		良	**	2:01.9	0.7	**	1-1-2-1	37.8-35.2	35.9	476(+6)			タガノデュード	285.8	202407040508
2018106354	2024-12-28	7京都9	晴	7.0	3歳以上1勝クラス		17	3.0	5	37.4	12.0	3	田口貫太	57.0	芝1800		良	**	1:47.9	0.3	**	4-4	35.3-34.8	34.8	480(+4)			ショウナンガチ	200.0	202408070907
2018106354	2025-01-25	1中京8	晴	12.0	4歳以上1勝クラス		12	8.0	11	11.5	6.0	3	吉村誠之	56.0	芝2000		良	**	2:02.1	0.5	**	1-1-1-1	37.2-36.3	36.8	476(-4)			シルキーガール	200.0	202507010812
2018106354	2025-02-10	1京都3	晴	6.0	4歳以上1勝クラス		11	6.0	6	14.6	4.0	5	吉村誠之	56.0	芝1800		良	**	1:48.7	1.0	**	4-4	35.3-35.4	36.0	478(+2)			コルレオニス	80.0	202508010306
2018106354	2025-04-13	1福島2	小雨	7.0	4歳以上1勝クラス		16	3.0	5	5.8	2.0	6	田口貫太	58.0	芝2000		良	**	2:02.2	1.1	**	5-5-6-4	35.3-36.2	36.8	478(0)			バードウォッチャー		202503010207
2018106354	2025-04-27	2京都2	晴	9.0	比良山特別(2勝クラス)		8	1.0	1	15.9	7.0	3	田口貫太	54.0	芝2200		良	**	2:14.9	0.3	**	1-1-1-2	37.9-33.2	33.4	482(+4)			キャントウェイト	392.8	202508020209
2018106354	2025-05-17	1新潟5	曇	9.0	尖閣湾特別(1勝クラス)		9	1.0	1	5.5	3.0	3	小沢大仁	58.0	芝2000		稍	**	2:03.3	0.1	**	3-4	37.8-35.0	34.9	476(-6)			アンテロース	283.7	202504010509
2018106354	2025-06-07	3阪神1	曇	7.0	3歳以上1勝クラス		10	7.0	8	10.1	3.0	5	吉村誠之	57.0	芝2200		良	**	2:13.4	0.7	**	2-2-2-2	36.1-34.7	35.3	480(+4)			ヴァリディシームス	80.0	202509030107
2018106354	2025-10-18	3京都6	曇	7.0	3歳以上1勝クラス		8	8.0	8	3.3	2.0	1	岩田望来	58.0	芝2000		良	**	2:00.3	-0.2	**	7-7-7-5	35.2-35.9	35.1	478(-2)			(サンライズグラシア)	800.0	202508030607
2018106354	2025-11-01	3京都10	晴	9.0	北野特別(2勝クラス)		11	6.0	8	35.7	7.0	10	高杉吏麒	58.0	芝2000		良	**	2:00.6	1.1	**	3-4-5-5	35.9-34.2	35.0	478(0)			エコロディノス		202508031009
2018106354	2026-01-17	1京都6	晴	9.0	稲荷特別(2勝クラス)		10	7.0	8	16.1	5.0	6	岩田望来	58.0	芝2000		良	**	2:01.5	0.5	**	4-4-4-4	36.0-34.5	34.7	486(+8)			ジェットマグナム		202608010609
2019100214	2021-07-17	1福島5	晴	6.0	2歳新馬		16	6.0	11	4.2	2.0	1	武藤雅	54.0	芝1200		良	**	1:10.8	-0.2	**	7-6	35.0-35.8	35.2	470(0)			(ヴェラフォルツァ)	700.0	202103010506
2019100214	2021-08-22	2札幌4	曇	9.0	クローバー賞(OP)		11	3.0	3	8.6	3.0	4	横山武史	54.0	芝1500		良	**	1:29.9	0.8	**	3-3-3	30.0-35.1	35.7	468(-2)			ラブリイユアアイズ	240.0	202101020409
2019100214	2022-01-29	1東京1	晴	10.0	クロッカスS(L)		9	5.0	5	51.5	8.0	8	松岡正海	56.0	芝1400		良	**	1:22.8	1.0	**	7-7	36.2-33.3	33.6	486(+18)			トウシンマカオ		202205010110
2019100214	2022-02-27	2中山2	晴	7.0	3歳1勝クラス		10	8.0	9	93.0	9.0	4	松岡正海	56.0	芝1600		良	**	1:35.6	0.2	**	2-2-1	35.5-34.9	34.9	490(+4)			レッドモンレーヴ	110.0	202206020207
2019100214	2022-03-21	2中山8	晴	6.0	3歳1勝クラス		13	8.0	12	15.3	6.0	3	松岡正海	56.0	芝1600		稍	**	1:35.0	0.4	**	2-3-2	34.4-35.9	35.6	484(-6)			サーマルウインド	190.0	202206020806
2019100214	2022-04-24	1福島4	曇	9.0	雪うさぎ賞(1勝クラス)		16	3.0	5	3.6	1.0	1	松岡正海	56.0	芝1200		良	**	1:09.9	-0.3	**	5-5	34.3-35.6	35.0	484(0)			(グランアプロウソ)	1065.7	202203010409
2019100214	2022-05-28	3中京7	晴	11.0	葵S(GIII)		17	6.0	12	9.0	6.0	4	松岡正海	56.0	芝1200		良	**	1:08.6	0.4	**	3-2	33.2-35.0	35.1	480(-4)			ウインマーベル	600.0	202207030711
2019100214	2023-01-15	1小倉2	曇	9.0	小郡特別(2勝クラス)		18	7.0	15	3.3	1.0	2	松岡正海	58.0	芝1200		稍	**	1:09.1	0.0	**	5-5	33.2-35.9	35.3	496(+16)			バンデルオーラ	631.8	202310010209
2019100214	2023-01-28	1小倉5	曇	11.0	周防灘特別(2勝クラス)		18	7.0	14	2.6	1.0	4	松岡正海	58.0	芝1200		重	**	1:09.6	0.4	**	3-4	33.7-35.5	35.5	496(0)			エナジーグラン	230.0	202310010511
2019100214	2023-04-08	1福島1	曇	10.0	花見山特別(2勝クラス)		16	6.0	12	2.4	1.0	13	松岡正海	58.0	芝1200		良	**	1:10.3	1.3	**	5-3	32.8-36.2	37.0	502(+6)			オードゥメール		202303010110
2019100214	2023-10-08	4東京2	曇	9.0	三鷹特別(2勝クラス)		9	3.0	3	8.5	4.0	2	松岡正海	58.0	芝1400		良	**	1:21.4	0.1	**	3-3	35.0-34.5	34.1	504(+2)			レフトゥバーズ	626.2	202305040209
2019100214	2023-10-28	4新潟5	小雨	10.0	清津峡特別(2勝クラス)		18	7.0	14	5.4	3.0	3	黛弘人	58.0	芝1200		重	**	1:10.5	0.2	**	6-6	33.5-36.8	36.2	508(+4)			アメトリーチェ	395.7	202304040510
2019100214	2023-11-11	3福島3	晴	10.0	飯坂温泉特別(2勝クラス)		16	3.0	6	4.6	1.0	1	黛弘人	58.0	芝1200		良	**	1:09.7	0.0	**	6-6	33.3-36.4	35.6	500(-8)			(ブロンズレッド)	1587.8	202303030310
2019100214	2023-12-03	5中山2	晴	9.0	南総S(3勝クラス)		15	7.0	13	15.9	8.0	10	松岡正海	56.0	芝1200		良	**	1:07.7	0.5	**	4-4	33.0-34.2	34.5	502(+2)			バースクライ		202306050209
2019100214	2024-04-06	3中山5	曇	10.0	船橋S(3勝クラス)		15	6.0	11	39.2	13.0	8	松岡正海	58.0	芝1200		稍	**	1:09.2	0.6	**	4-4	33.6-35.0	35.3	486(-16)			サウザンサニー		202406030510
2019100214	2024-05-19	2東京10	曇	9.0	フリーウェイS(3勝クラス)		13	7.0	10	16.9	5.0	5	松岡正海	58.0	芝1400		良	**	1:21.3	0.8	**	7-7	34.6-34.2	33.6	492(+6)			シャドウフューリー	184.0	202405021009
2019100214	2024-06-29	2福島1	晴	11.0	バーデンバーデンC(3勝クラス)		14	6.0	9	5.5	4.0	4	松岡正海	58.0	芝1200		良	**	1:07.5	0.5	**	7-7	32.4-34.6	34.2	488(-4)			キタノエクスプレス	280.0	202403020111
2019100214	2024-09-08	4中山2	晴	10.0	セプテンバーS(3勝クラス)		10	5.0	5	12.4	7.0	1	松岡正海	56.0	芝1200		良	**	1:07.3	-0.1	**	3-5	33.7-33.6	33.2	502(+14)			(ブルースピリット)	1861.0	202406040210
2019100214	2024-11-03	3福島2	晴	11.0	みちのくS(OP)		16	7.0	14	7.4	3.0	2	松岡正海	57.0	芝1200		稍	**	1:10.8	0.1	**	4-3	35.2-35.5	35.3	500(-2)			エターナルタイム	929.8	202403030211
2019100214	2024-12-01	5中山2	晴	11.0	ラピスラズリS(L)		16	4.0	7	5.4	3.0	3	松岡正海	57.0	芝1200		良	**	1:07.5	0.3	**	2-2	33.7-33.5	33.6	498(-2)			ペアポルックス	684.9	202406050211
2019100214	2025-03-01	2中山1	晴	11.0	オーシャンS(GIII)		15	6.0	10	8.0	4.0	5	松岡正海	57.0	芝1200		良	**	1:07.7	0.6	**	7-7	33.7-33.4	33.2	504(+6)			ママコチャ	430.0	202506020111
2019100214	2025-04-27	1福島6	晴	11.0	モルガナイトS(OP)		16	5.0	10	2.0	1.0	12	松岡正海	57.0	芝1200		良	**	1:09.3	0.8	**	2-2	34.2-34.3	35.0	496(-8)			ジャスティンスカイ		202503010611
2019100214	2025-05-25	1新潟8	小雨	11.0	韋駄天S(OP)		16	2.0	3	17.3	8.0	8	松岡正海	56.0	芝1000		稍	**	0:56.6	1.1	**	8	33.2-33.0	33.7	496(0)			テイエムスパーダ		202504010811
2019100214	2025-06-28	1函館5	晴	11.0	青函S(OP)		16	1.0	2	13.4	8.0	13	松岡正海	56.0	芝1200		良	**	1:09.1	1.0	**	8-7	33.3-34.8	35.0	494(-2)			エーティーマクフィ		202502010511
2019100214	2025-12-07	5中山2	晴	11.0	ラピスラズリS(L)		16	6.0	11	35.7	8.0	6	松岡正海	57.0	芝1200		良	**	1:07.8	0.7	**	8-6	33.5-33.6	33.7	504(+10)			ロードフォアエース		202506050211
2019100214	2026-01-17	1中山6	晴	11.0	カーバンクルS(OP)		16	1.0	1	10.8	6.0	16	横山武史	56.0	芝1200		良	**	1:08.4	1.0	**	8-8	33.7-33.7	34.0	510(+6)			ウイングレイテスト		202606010611
2019100702	2021-12-04	6阪神1	晴	5.0	2歳新馬		11	3.0	3	49.7	7.0	7	Ｍ．デム	55.0	芝1800		良	**	1:48.8	1.5	**	2-2	35.9-34.7	36.1	450(0)			ラリュエル		202109060105
2019100702	2021-12-28	6阪神9	曇	1.0	2歳未勝利		12	7.0	10	21.7	6.0	10	丹内祐次	55.0	ダ1800		良	**	1:57.3	2.0	**	9-10-11-11	37.3-38.6	39.3	456(+6)			アテンパーティ		202109060901
2019100702	2022-03-08	名古屋	晴	10.0	名古屋CCオレンジ賞(3歳)		10	8.0	9	4.5	2.0	3	丸野勝虎	56.0	ダ1400		良	**	1:32.8	1.6	**	2-2-2		41.3	452(-4)			ラパンドネージュ	10.8	202248030810
2019100702	2022-04-24	2東京2	曇	3.0	3歳未勝利		18	7.0	14	60.6	9.0	5	柴田大知	56.0	芝1400		良	**	1:22.8	0.6	**	9-9	35.8-34.3	34.0	468(+16)			マンドローネ	52.0	202205020203
2019100702	2022-05-15	2東京8	曇	4.0	3歳未勝利		18	4.0	8	22.6	7.0	2	柴田大知	56.0	芝1400		良	**	1:22.4	0.5	**	10-9	34.5-34.9	34.6	468(0)			コズミックフロスト	210.0	202205020804
2019100702	2022-06-04	3東京1	晴	4.0	3歳未勝利		18	2.0	4	8.6	5.0	5	柴田大知	56.0	芝1400		良	**	1:21.9	0.8	**	16-14	34.6-34.6	34.1	464(-4)			ミスボニータ	52.0	202205030104
2019100702	2022-06-25	3東京7	晴	6.0	3歳未勝利		16	1.0	2	22.6	5.0	3	柴田大知	56.0	芝1600		良	**	1:34.2	0.6	**	5-4	35.5-34.8	35.0	466(+2)			カーペンタリア	130.0	202205030706
2019100702	2022-07-17	2福島6	曇	7.0	3歳未勝利		15	6.0	12	5.7	3.0	1	柴田大知	56.0	芝1800		良	**	1:49.9	-0.1	**	5-5-5-4	36.0-36.1	35.8	466(0)			(サンマルディライト)	520.0	202203020607
2019100702	2022-08-07	2新潟4	晴	12.0	3歳以上1勝クラス		18	8.0	18	69.8	15.0	15	柴田大知	54.0	芝1600		良	**	1:35.5	2.1	**	18-18	35.5-33.9	33.7	466(0)			コミカライズ		202204020412
2019100702	2022-11-19	3福島5	晴	9.0	三春駒特別(1勝クラス)		16	6.0	12	31.7	12.0	15	柴田大知	55.0	芝1800		良	**	1:50.4	1.3	**	14-14-12-15	36.3-36.0	36.0	472(+6)			ウインシュクラン		202203030509
2019100702	2022-12-11	6中京4	晴	12.0	3歳以上1勝クラス		16	8.0	15	141.6	13.0	14	角田大河	54.0	芝1600		良	**	1:35.7	1.4	**	13-12-12	36.1-34.7	34.4	472(0)			ショウナンアデイブ		202207060412
2019100702	2022-12-18	6中京6	晴	7.0	3歳以上1勝クラス		16	2.0	4	398.2	16.0	3	原優介	54.0	芝1600		良	**	1:35.4	0.1	**	11-11-10	35.9-35.6	34.8	472(0)			オーソレミオ	190.0	202207060607
2019100702	2023-01-28	1小倉5	曇	9.0	日田特別(1勝クラス)		14	8.0	14	37.6	11.0	6	丹内祐次	57.0	芝1800		重	**	1:50.5	0.4	**	9-9-5-4	37.3-36.5	36.6	476(+4)			レヴォリオ		202310010509
2019100702	2023-02-26	2小倉6	晴	9.0	高千穂特別(1勝クラス)		15	2.0	2	15.2	7.0	9	丹内祐次	57.0	芝1800		良	**	1:50.9	0.9	**	5-5-7-6	38.0-35.7	36.1	482(+6)			オウケンボルト		202310020609
2019100702	2023-04-15	1福島3	雨	8.0	4歳以上1勝クラス		16	7.0	13	50.9	11.0	3	丹内祐次	58.0	芝1800		稍	**	1:48.9	0.2	**	13-13-11-9	35.1-37.2	36.0	480(-2)			バレエマスター	200.0	202303010308
2019100702	2023-04-30	1新潟2	曇	8.0	4歳以上1勝クラス		12	6.0	8	10.6	4.0	5	丹内祐次	58.0	芝1800		重	**	1:51.2	0.6	**	9-9	37.2-35.2	35.0	480(0)			ケイアイセナ	80.0	202304010208
2019100702	2023-05-13	2東京7	小雨	8.0	4歳以上1勝クラス		9	3.0	3	29.0	6.0	6	丹内祐次	58.0	芝1800		良	**	1:47.8	0.8	**	7-9-9	36.2-34.2	33.5	478(-2)			ルージュカルミア		202305020708
2019100702	2023-06-18	1函館4	晴	9.0	八雲特別(1勝クラス)		11	7.0	8	22.5	10.0	4	吉田隼人	58.0	芝1800		良	**	1:49.0	0.1	**	9-8-4-2	36.4-35.1	34.9	480(+2)			アップストローク	170.0	202302010409
2019100702	2023-07-08	2函館3	晴	9.0	北斗特別(1勝クラス)		10	7.0	8	42.7	9.0	2	丹内祐次	58.0	芝2000		良	**	2:00.9	0.1	**	4-3-3-2	35.6-35.1	35.0	478(-2)			ディープレイヤー	447.2	202302020309
2019100702	2023-07-16	2函館6	曇	9.0	臥牛山特別(1勝クラス)		14	7.0	11	5.7	2.0	2	丹内祐次	58.0	芝1800		稍	**	1:51.2	0.2	**	14-14-12-10	36.6-36.6	35.7	474(-4)			バールデュヴァン	449.2	202302020609
2019100702	2023-08-05	1札幌5	曇	8.0	3歳以上1勝クラス		13	5.0	7	11.4	4.0	9	丹内祐次	58.0	芝1800		稍	**	1:50.5	1.3	**	13-13-12-10	36.5-35.3	35.4	476(+2)			ゴッドファーザー		202301010508
2019100702	2023-08-19	2札幌3	曇	10.0	富良野特別(1勝クラス)		16	1.0	1	27.3	8.0	4	丹内祐次	58.0	芝2000		良	**	2:02.5	0.7	**	16-16-11-4	35.5-35.5	35.3	470(-6)			ウインスノーライト	170.0	202301020310
2019100702	2023-09-03	2札幌8	晴	7.0	3歳以上1勝クラス		14	6.0	9	12.7	6.0	8	丹内祐次	58.0	芝1800		良	**	1:50.9	0.7	**	14-14-3-1	37.3-35.6	36.1	484(+14)			ゲンパチムサシ		202301020807
2019100702	2023-12-28	5中山9	晴	7.0	3歳以上1勝クラス		16	4.0	8	68.7	10.0	5	モリス	58.0	芝1800		良	**	1:48.3	0.7	**	15-15-16-15	35.7-36.2	35.4	492(+8)			ランプシー	80.0	202306050907
2019100702	2024-01-13	1小倉1	晴	8.0	4歳以上1勝クラス		16	7.0	14	36.0	9.0	2	丹内祐次	58.0	芝1800		良	**	1:46.9	0.2	**	12-12-10-7	35.1-35.7	35.0	488(-4)			レッドバレンティア	320.0	202410010108
2019100702	2024-01-28	1小倉6	晴	12.0	4歳以上1勝クラス		13	3.0	3	4.3	3.0	2	丹内祐次	58.0	芝2000		稍	**	2:02.0	0.1	**	13-13-12-10	34.7-37.0	36.2	488(0)			ヴィンセドリス	320.0	202410010612
2019100702	2024-02-10	2小倉1	晴	8.0	4歳以上1勝クラス		11	6.0	7	2.4	1.0	6	丹内祐次	58.0	芝2000		良	**	2:01.8	0.5	**	11-11-10-9	36.6-35.4	34.7	490(+2)			タイキラフター		202410020108
2019100702	2024-02-24	2小倉5	晴	6.0	4歳以上1勝クラス		13	8.0	13	4.0	3.0	2	丹内祐次	58.0	芝1800		重	**	1:49.3	0.2	**	9-9-5-3	36.5-36.5	36.2	494(+4)			トーアライデン	320.0	202410020506
2019100702	2024-03-02	2小倉7	晴	10.0	高千穂特別(1勝クラス)		13	2.0	2	4.0	2.0	7	丹内祐次	58.0	芝1800		稍	**	1:50.1	1.1	**	13-13-12-11	36.0-36.4	35.5	492(-2)			ドラゴンヘッド		202410020710
2019100702	2024-06-08	1函館1	晴	7.0	3歳以上1勝クラス		13	2.0	2	19.8	7.0	6	丹内祐次	58.0	芝2000		良	**	2:00.7	0.1	**	12-12-4-4	35.1-36.0	35.7	482(-10)			フロムナウオン		202402010107
2019100702	2024-06-15	1函館3	晴	10.0	奥尻特別(1勝クラス)		12	4.0	4	12.3	7.0	4	丹内祐次	58.0	芝2000		良	**	2:00.1	0.3	**	12-12-12-10	35.2-36.3	35.3	484(+2)			キットハナガサク	170.0	202402010310
2019100702	2024-06-29	1函館7	晴	7.0	3歳以上1勝クラス		11	7.0	9	18.1	7.0	5	丹内祐次	58.0	芝2000		良	**	2:01.0	0.4	**	11-11-11-9	34.7-36.6	35.9	492(+8)			マイノワール	80.0	202402010707
2019100702	2024-07-14	1函館12	晴	9.0	臥牛山特別(1勝クラス)		13	5.0	7	10.0	4.0	9	丹内祐次	58.0	芝1800		良	**	1:50.0	1.0	**	13-13-13-12	36.0-36.0	35.4	490(-2)			ノレッジビューティ		202402011209
2019100702	2024-07-27	1札幌3	曇	7.0	3歳以上1勝クラス		9	7.0	7	18.3	7.0	3	丹内祐次	58.0	芝2000		良	**	2:00.3	0.2	**	6-6-6-3	35.2-35.1	34.3	496(+6)			タンゴバイラリン	200.0	202401010307
2019100702	2024-08-17	2札幌3	曇	10.0	富良野特別(1勝クラス)		12	6.0	7	18.6	6.0	6	永野猛蔵	58.0	芝2000		良	**	2:01.5	0.9	**	10-10-8-8	36.2-35.5	35.2	500(+4)			コスモブッドレア		202401020310
2019100702	2024-08-31	2札幌7	曇	8.0	3歳以上1勝クラス		16	2.0	3	43.3	11.0	7	斎藤新	58.0	芝2000		重	**	2:04.9	1.0	**	12-10-8-8	37.0-36.6	36.9	494(-6)			ノーブルスカイ		202401020708
2019100702	2024-12-28	5中山9	晴	7.0	3歳以上1勝クラス		16	7.0	14	185.5	14.0	9	柴田大知	58.0	芝1800		良	**	1:48.8	0.9	**	15-15-14-14	36.0-35.7	35.0	502(+8)			パンジャ		202406050907
2019100702	2025-02-02	1小倉4	晴	9.0	戸畑特別(1勝クラス)		16	4.0	8	34.9	9.0	13	斎藤新	58.0	芝2000		稍	**	2:03.9	2.2	**	15-15-13-14	35.5-36.4	37.8	506(+4)			イケイケドンドン		202510010409
2019100702	2025-02-16	1小倉8	晴	12.0	4歳以上1勝クラス		15	7.0	13	36.9	9.0	3	斎藤新	58.0	芝1800		良	**	1:48.4	0.1	**	11-10-8-9	35.8-35.7	34.9	500(-6)			マイネルバーテクス	200.0	202510010812
2019100702	2025-03-02	1小倉12	雨	6.0	4歳以上1勝クラス		18	2.0	4	15.9	7.0	4	丹内祐次	58.0	芝2000		重	**	2:05.1	0.6	**	17-17-15-10	37.0-37.4	36.4	498(-2)			オメガインペリアル	120.0	202510011206
2019100702	2025-03-22	2中京3	晴	9.0	金山特別(1勝クラス)		18	4.0	8	100.7	12.0	1	斎藤新	58.0	芝2000		良	**	2:00.2	0.0	**	15-15-14-14	36.2-35.8	34.7	496(-2)			(クリノアドバンス)	1152.0	202507020309
2019100702	2025-04-20	2阪神8	曇	9.0	蓬莱峡特別(2勝クラス)		8	3.0	3	12.1	6.0	5	シュタル	58.0	芝2000		良	**	2:00.4	0.5	**	7-7-8-8	36.6-34.9	34.7	492(-4)			ヴェルテンベルク	155.0	202509020809
2019100702	2025-05-18	1新潟6	曇	10.0	信濃川特別(2勝クラス)		10	7.0	7	20.3	9.0	9	佐々木大	58.0	芝2000		良	**	2:02.4	1.0	**	8-8	36.9-34.8	35.0	494(+2)			ドラゴンヘッド		202504010610
2019100702	2025-06-08	3東京2	晴	9.0	香港ジョッキーCT(2勝クラス)		12	8.0	12	154.2	11.0	5	佐々木大	58.0	芝2000		良	**	2:01.9	0.5	**	12-11-10	37.2-34.1	33.7	498(+4)			ウィクトルウェルス	155.0	202505030209
2019100702	2025-06-28	1函館5	晴	10.0	洞爺湖特別(2勝クラス)		16	1.0	1	50.4	12.0	13	斎藤新	58.0	芝2000		良	**	2:00.4	1.0	**	14-14-14-15	35.8-35.2	35.0	496(-2)			カネラフィーナ		202502010510
2019100702	2025-07-27	3中京2	晴	6.0	木曽川特別(2勝クラス)		10	7.0	8	44.9	7.0	9	吉村誠之	54.0	芝2000		良	**	2:01.0	1.5	**	10-10-9-9	37.1-34.0	34.5	496(0)			ヤングスカーレット		202507030206
2019100702	2025-08-30	2札幌3	曇	11.0	札幌日刊スポーツ杯(2勝クラス)		14	1.0	1	139.3	12.0	9	松岡正海	58.0	芝2000		稍	**	2:05.2	1.7	**	12-12-12-11	37.3-36.7	37.2	496(0)			ミラージュナイト		202501020311
2019100702	2025-12-27	5阪神7	晴	12.0	3歳以上2勝クラス		9	2.0	2	104.1	7.0	3	田口貫太	58.0	芝2000		良	**	2:00.5	0.6	**	3-3-3-3	37.4-34.9	35.2	492(-4)			ミュージシャン	290.0	202509050712
2019100702	2026-01-17	1京都6	晴	9.0	稲荷特別(2勝クラス)		10	1.0	1	56.1	8.0	9	菱田裕二	58.0	芝2000		良	**	2:02.2	1.2	**	9-9-10-10	36.0-34.5	34.9	498(+6)			ジェットマグナム		202608010609
2019100876	2022-01-05	1中山1	晴	4.0	3歳新馬		11	7.0	9	12.1	4.0	4	黛弘人	56.0	ダ1800		良	**	2:00.2	1.3	**	6-5-7-5	39.5-39.3	39.9	506(0)			エクセスリターン	90.0	202206010104
2019100876	2022-01-30	1東京2	晴	2.0	3歳未勝利		13	8.0	13	15.7	6.0	1	大野拓弥	56.0	ダ2100		良	**	2:14.7	-0.5	**	3-3-3-3	32.7-37.5	37.4	496(-10)			(スペイスフォース)	520.0	202205010202
2019100876	2022-02-26	2中山1	晴	7.0	3歳1勝クラス		10	1.0	1	50.6	8.0	7	大野拓弥	56.0	ダ1800		良	**	1:55.2	1.5	**	9-9-9-9	37.1-37.6	38.3	504(+8)			セイルオンセイラー		202206020107
2019100876	2022-04-03	3中山4	雨	6.0	3歳1勝クラス		16	3.0	6	51.8	11.0	14	大野拓弥	56.0	ダ1800		稍	**	1:57.9	3.4	**	9-9-9-8	36.5-40.2	42.6	504(0)			クアトロマジコ		202206030406
2019100876	2022-06-12	3東京4	雨	7.0	3歳以上1勝クラス		13	8.0	13	16.3	7.0	7	佐々木大	51.0	ダ2100		稍	**	2:11.6	1.3	**	10-9-9-9	29.8-37.5	38.0	496(-8)			プラチナドリーム		202205030407
2019100876	2022-08-21	2札幌4	晴	6.0	3歳以上1勝クラス		12	1.0	1	21.3	8.0	1	黛弘人	54.0	ダ2400		良	**	2:34.6	-0.1	**	2-2-1-2	38.5-39.8	39.8	492(-4)			(イーサンバーニング)	770.0	202201020406
2019100876	2022-09-17	4中山3	晴	9.0	松戸特別(2勝クラス)		15	2.0	2	19.0	7.0	4	黛弘人	54.0	ダ2400		良	**	2:36.7	1.4	**	3-4-4-3	39.8-36.7	37.7	488(-4)			トモジャリア	230.0	202206040309
2019100876	2022-10-10	4東京3	曇	9.0	昇仙峡特別(2勝クラス)		16	6.0	12	21.9	9.0	2	黛弘人	53.0	ダ2100		重	**	2:08.2	0.3	**	4-3-4-3	30.8-36.2	36.2	488(0)			セブンデイズ	610.2	202205040309
2019100876	2022-12-17	5中山5	曇	10.0	香取特別(2勝クラス)		16	7.0	13	9.9	3.0	6	黛弘人	55.0	ダ2400		良	**	2:35.6	1.8	**	5-5-4-2	38.1-38.4	39.7	492(+4)			メイプルリッジ		202206050510
2019100876	2023-01-21	1中京7	晴	7.0	4歳以上2勝クラス		16	4.0	8	22.4	6.0	4	松田大作	57.0	ダ1900		良	**	2:01.3	0.9	**	2-2-2-2	30.0-38.5	39.4	490(-2)			レッドファーロ	170.0	202307010707
2019100876	2023-02-18	1東京7	晴	8.0	4歳以上2勝クラス		16	2.0	4	5.1	3.0	3	バシュロ	57.0	ダ2100		稍	**	2:12.2	0.2	**	3-3-4-3	30.7-38.3	38.2	492(+2)			ウォーロード	290.0	202305010708
2019100876	2023-03-11	1阪神9	晴	12.0	4歳以上2勝クラス		12	7.0	9	11.5	4.0	3	松田大作	58.0	ダ2000		良	**	2:08.2	0.3	**	1-1-1-1	36.5-38.3	38.6	486(-6)			オブジェダート	290.0	202309010912
2019100876	2023-03-26	2中京6	小雨	10.0	天白川特別(2勝クラス)		13	6.0	8	5.5	4.0	1	黛弘人	58.0	ダ1900		不	**	1:58.3	0.0	**	3-3-3-3	29.9-37.2	36.9	488(+2)			(ジョーコモド)	1581.5	202307020610
2019100876	2023-04-22	1京都1	晴	10.0	栞S(3勝クラス)		16	3.0	6	13.0	6.0	8	黛弘人	58.0	ダ1900		良	**	2:00.7	0.6	**	1-1-1-1	30.3-39.3	39.9	488(0)			ヴィジョンオブラヴ		202308010110
2019100876	2023-06-18	3阪神6	曇	10.0	灘S(3勝クラス)		16	6.0	12	14.7	6.0	12	酒井学	58.0	ダ1800		良	**	1:54.7	2.8	**	2-2-2-2	36.4-37.8	40.5	482(-6)			トウセツ		202309030610
2019100876	2023-10-21	4東京6	晴	10.0	神無月S(3勝クラス)		16	4.0	7	62.0	12.0	14	江田照男	58.0	ダ2100		良	**	2:15.1	5.5	**	3-6-9-8	30.1-37.7	42.5	494(+12)			オーロイプラータ		202305040610
2019100876	2023-11-11	3京都3	曇	10.0	観月橋S(3勝クラス)		16	4.0	7	148.9	14.0	14	松田大作	58.0	ダ1900		稍	**	2:03.0	3.1	**	2-2-2-2	30.0-38.9	41.8	490(-4)			ゼットリアン		202308030310
2019100876	2023-12-10	5阪神4	晴	10.0	竹田城S(3勝クラス)		16	4.0	7	122.3	12.0	15	大野拓弥	58.0	ダ2000		良	**	2:10.6	5.2	**	3-3-5-12	35.7-38.7	43.3	486(-4)			リチュアル		202309050410
2019100876	2024-03-23	1中京5	小雨	11.0	伊勢S(3勝クラス)		16	3.0	5	52.7	11.0	7	黛弘人	53.0	ダ1900		重	**	1:57.0	1.4	**	6-5-7-6	29.1-36.4	37.3	488(+2)			ロコポルティ		202407010511
2019100876	2024-05-19	2東京10	曇	10.0	エアグルーヴC(3勝クラス)		16	6.0	12	56.6	10.0	10	黛弘人	53.0	ダ2100		良	**	2:11.5	1.0	**	4-5-5-5	30.8-36.9	37.2	488(0)			ルクスフロンティア		202405021010
2019100876	2024-08-03	2新潟3	晴	6.0	柳都S(3勝クラス)		15	6.0	11	91.2	12.0	4	吉田豊	53.0	ダ1800		良	**	1:52.2	0.3	**	10-10-9-8	36.2-38.1	37.6	478(-10)			ゴールドバランサー	280.0	202404020306
2019100876	2024-10-19	4東京5	曇	10.0	神無月S(3勝クラス)		15	8.0	14	29.3	9.0	7	吉田豊	53.0	ダ2100		良	**	2:11.2	0.7	**	13-13-13-12	30.8-37.1	36.8	488(+10)			ダノンブレット		202405040510
2019100876	2024-11-16	5東京5	曇	10.0	晩秋S(3勝クラス)		15	8.0	14	86.7	13.0	6	津村明秀	58.0	ダ2100		良	**	2:12.9	1.3	**	11-12-13-13	31.8-36.0	36.3	494(+6)			リアレスト		202405050510
2019100876	2024-12-15	5中山6	晴	10.0	北総S(3勝クラス)		16	7.0	14	50.7	10.0	12	津村明秀	58.0	ダ1800		良	**	1:54.4	1.6	**	11-12-13-14	36.8-38.8	39.1	496(+2)			ハビレ		202406050610
2019100876	2025-01-13	1中京5	晴	10.0	雅S(3勝クラス)		15	1.0	2	106.6	13.0	14	荻野極	53.0	ダ1800		良	**	1:54.5	2.4	**	9-9-11-10	37.5-37.3	38.8	486(-10)			スナークラファエロ		202507010510
2019100876	2025-05-25	2東京10	曇	12.0	丹沢S(3勝クラス)		16	8.0	16	160.4	16.0	14	吉田豊	53.0	ダ2100		重	**	2:09.7	2.5	**	9-6-5-5	30.3-35.9	38.0	500(+14)			カズタンジャー		202505021012
2019100876	2025-07-13	2福島6	晴	10.0	天の川S(3勝クラス)		15	4.0	6	158.9	14.0	8	丸田恭介	58.0	ダ1700		良	**	1:46.7	0.9	**	14-13-13-12	29.3-38.1	37.6	486(-14)			ノーブルゲイル		202503020610
2019100876	2025-08-10	2新潟6	雨	6.0	佐渡S(3勝クラス)		14	6.0	10	84.4	13.0	12	菊沢一樹	58.0	芝1800		重	**	1:49.6	0.9	**	7-5	37.0-33.9	34.5	482(-4)			オクタヴィアヌス		202504020606
2019100876	2025-10-18	4東京6	曇	10.0	伊勢佐木S(3勝クラス)		16	4.0	8	299.9	16.0	10	柴田大知	58.0	ダ2100		良	**	2:13.9	1.9	**	10-10-10-9	31.4-36.6	37.9	498(+16)			ピカピカサンダー		202505040610
2019100876	2026-01-17	1中山6	晴	10.0	アレキサンドライトS(3勝クラス)		16	5.0	10	224.0	14.0	13	黛弘人	52.0	ダ1800		良	**	1:54.3	2.1	**	11-11-13-11	37.4-37.5	38.1	512(+14)			チュウワクリスエス		202606010610
2019101023	2021-12-11	5中山3	晴	5.0	2歳新馬		12	8.0	12	18.5	5.0	7	吉田豊	55.0	芝1800		良	**	1:51.7	1.1	**	5-5-5-5	38.1-35.0	35.5	476(0)			ポケットシンデレラ		202106050305
2019101023	2022-01-09	1中山3	晴	5.0	3歳未勝利		16	6.0	11	75.2	13.0	13	丸山元気	56.0	芝1600		稍	**	1:36.5	1.7	**	15-15-15	35.1-36.1	36.1	480(+4)			ゴーゴーユタカ		202206010305
2019101023	2022-01-22	1中山7	晴	6.0	3歳未勝利		14	8.0	14	132.5	10.0	11	吉田豊	56.0	芝2000		良	**	2:04.7	2.0	**	2-2-2-1	37.0-36.9	38.9	478(-2)			エンギダルマ		202206010706
2019101023	2022-02-20	1東京8	曇	5.0	3歳1勝クラス		15	3.0	5	284.3	10.0	8	岩田康誠	56.0	芝1600		重	**	1:36.4	2.0	**	13-13	34.2-36.0	36.3	474(-4)			ラスール		202205010805
2019101023	2022-04-23	2東京1	晴	5.0	3歳未勝利		18	8.0	17	58.6	10.0	16	岩田康誠	56.0	芝1600		良	**	1:36.3	2.8	**	12-14	34.5-35.3	36.7	474(0)			シュヴェルトライテ		202205020105
2019101023	2022-05-08	2東京6	晴	3.0	3歳未勝利		9	8.0	8	199.0	9.0	8	吉田豊	56.0	芝2300		良	**	2:23.7	1.4	**	7-7-7-7	31.3-34.0	34.7	474(0)			ホウオウフウジン		202205020603
2019101023	2022-05-29	2東京12	晴	4.0	3歳未勝利		18	2.0	3	358.3	14.0	10	吉田豊	56.0	芝1600		良	**	1:35.1	1.4	**	16-16	35.0-35.2	34.8	474(0)			グレイスフル		202205021204
2019101023	2022-06-12	3東京4	晴	2.0	3歳未勝利		11	7.0	8	19.6	5.0	8	岩田康誠	56.0	ダ1600		稍	**	1:40.8	1.8	**	3-3	36.9-36.9	38.4	472(-2)			ハリウッドフェーム		202205030402
2019101023	2022-07-10	1函館10	晴	2.0	3歳未勝利		13	2.0	2	121.8	10.0	8	丸山元気	56.0	ダ1700		良	**	1:49.0	2.5	**	10-9-8-9	29.9-38.0	39.6	460(-12)			シルバーブレッド		202202011002
2019101023	2022-08-07	1札幌6	晴	4.0	3歳未勝利		14	3.0	4	68.2	9.0	8	丸山元気	56.0	ダ1700		良	**	1:49.5	1.7	**	10-11-11-9	30.1-38.9	39.2	454(-6)			セイウンガレオン		202201010604
2019101023	2022-09-07	門別	晴	8.0	ヒヤデス特別(C1)		7	3.0	3	26.1	6.0	5	丸山元気	56.0	ダ1700		良	**	1:55.0	3.9	**	6-6-6-5		44.0	468(+14)			サンオークレア	7.0	202230090708
2019101023	2022-12-11	5中山4	晴	4.0	障害3歳以上未勝利		13	5.0	7	39.6	8.0	11	石神深一	58.0	障2880		良		3:29.5	14.8		13-13-13-11	109.1-0.0	14.5	474(+6)			オメガエリタージュ		202206050404
2019101023	2023-04-22	1福島5	晴	5.0	障害4歳以上未勝利		11	8.0	11	81.3	8.0	9	水沼元輝	57.0	障2770		良		3:08.9	4.6		8-9-9-9	104.0-0.0	13.6	474(0)			ポールトゥウィン		202303010505
2019101023	2023-05-21	1新潟8	晴	4.0	障害4歳以上未勝利		13	5.0	7	260.9	13.0	11	水沼元輝	57.0	障2890		良		3:15.7	3.1		10-11-11-11	106.0-0.0	13.5	470(-4)			ロードトゥフェイム		202304010804
2019101023	2023-06-18	3東京6	晴	1.0	障害3歳以上未勝利		6	6.0	6	42.7	6.0	3	水沼元輝	57.0	障3000		良		3:30.7	1.6		3-3-3-3	108.0-0.0	14.0	476(+6)			ナリノモンターニュ	200.0	202305030601
2019101023	2023-07-16	3中京6	晴	1.0	障害3歳以上未勝利		10	2.0	2	13.7	4.0	2	水沼元輝	57.0	障3000		良		3:20.6	0.3		5-7-6-4	103.1-0.0	13.4	472(-4)			サイード	320.0	202307030601
2019101023	2023-08-13	3新潟2	晴	1.0	障害3歳以上未勝利		14	8.0	14	3.1	2.0	6	水沼元輝	57.0	障2850		良		3:08.2	1.5		5-6-2-2	104.1-0.0	13.2	474(+2)			サクラトップラン		202304030201
2019101023	2023-09-18	4中山5	晴	1.0	障害3歳以上未勝利		13	8.0	12	6.1	4.0	5	水沼元輝	57.0	障2880		良		3:17.4	1.3		7-6-6-4	108.0-0.0	13.7	480(+6)			コスモスタック	79.0	202306040501
2019101023	2023-10-14	4新潟1	晴	4.0	障害3歳以上未勝利		13	4.0	4	7.9	3.0	5	水沼元輝	57.0	障2850		良		3:07.1	1.3		4-4-5-5	102.1-0.0	13.1	470(-10)			ロスコフ	79.0	202304040104
2019101023	2023-11-05	3福島2	曇	4.0	障害3歳以上未勝利		11	7.0	9	7.6	4.0	中	水沼元輝	57.0	障2750		良						106.1-0.0		474(+4)			ブラックボイス		202303030204
2019101023	2023-11-19	3福島6	晴	4.0	障害3歳以上未勝利		14	6.0	10	15.0	5.0	7	蓑島靖典	60.0	障2770		良		3:11.5	4.5		6-6-10-10	110.0-0.0	13.8	468(-6)			エイムトゥルー		202303030604
2019101023	2023-12-28	5阪神9	晴	4.0	障害3歳以上未勝利		14	4.0	5	45.7	8.0	6	水沼元輝	57.0	障2970		良		3:22.5	1.5		9-8-8-7	107.0-0.0	13.6	474(+6)			ドンカルロ		202309050904
2019101023	2024-02-11	2小倉2	晴	4.0	障害4歳以上未勝利		12	2.0	2	24.6	6.0	5	水沼元輝	57.0	障2860		良		3:12.8	2.0		7-8-7-5	108.0-0.0	13.5	472(-2)			ルリアン	79.0	202410020204
2019101023	2024-08-10	2中京1	晴	1.0	障害3歳以上未勝利		10	3.0	3	27.5	8.0	5	大江原圭	60.0	障3000		良		3:20.8	2.2		7-7-7-7	103.1-0.0	13.4	472(0)			ゼンカイテン	79.0	202407020101
2019101023	2024-09-01	2中京8	曇	1.0	障害3歳以上未勝利		9	7.0	7	3.1	2.0	4	大江原圭	60.0	障3000		不		3:25.7	1.3		2-2-2-2	109.0-0.0	13.7	466(-6)			コルドゥーン	120.0	202407020801
2019101023	2024-09-22	3中京7	曇	1.0	障害3歳以上未勝利		13	6.0	9	8.7	3.0	8	大江原圭	60.0	障3000		良		3:24.1	2.8		10-10-10-10	103.1-0.0	13.6	478(+12)			タイセイスラッガー		202407030701
2019101023	2024-10-12	4新潟3	晴	1.0	障害3歳以上未勝利		11	7.0	9	13.1	5.0	8	大江原圭	60.0	障2850		良		3:09.0	4.0		7-7-8-8	103.0-0.0	13.3	478(0)			エターナリー		202404040301
2019101023	2024-11-03	3福島2	晴	5.0	障害3歳以上未勝利		7	6.0	6	26.1	7.0	4	土田真翔	57.0	障2750		重		3:05.2	0.5		5-5-6-6	109.0-0.0	13.5	474(-4)			タイセイモンストル	120.0	202403030205
2019101023	2024-11-17	3福島6	晴	4.0	障害3歳以上未勝利		14	7.0	11	41.1	8.0	4	土田真翔	57.0	障2770		良		3:03.6	0.4		6-6-5-6	107.0-0.0	13.3	470(-4)			パープルアドミラル	120.0	202403030604
2019101023	2024-12-08	5中山4	晴	4.0	障害3歳以上未勝利		11	1.0	1	14.3	5.0	4	土田真翔	57.0	障2880		良		3:17.9	0.1		7-7-5-4	108.0-0.0	13.7	484(+14)			ヤマタケアオイバラ	120.0	202406050404
2019101023	2025-01-19	1中山7	晴	4.0	障害4歳以上未勝利		11	2.0	2	15.3	8.0	5	土田真翔	57.0	障2880		良		3:16.5	0.8		8-6-6-6	107.0-0.0	13.6	490(+6)			ディナースタ	84.0	202506010704
2019101023	2025-02-08	1小倉5	雪	5.0	障害4歳以上未勝利		9	7.0	7	8.7	5.0	中	土田真翔	57.0	障2860		稍						107.1-0.0		482(-8)			ウン		202510010505
2019101023	2025-02-23	1小倉10	曇	4.0	障害4歳以上未勝利		12	5.0	6	12.5	5.0	3	土田真翔	57.0	障2860		良		3:13.7	0.5		7-6-6-6	108.0-0.0	13.5	484(+2)			サンデーヒーロー	210.0	202510011004
2019101023	2025-03-09	2中山4	晴	4.0	障害4歳以上未勝利		11	2.0	2	18.6	8.0	2	土田真翔	57.0	障2880		稍		3:17.7	0.4		8-8-4-3	110.1-0.0	13.7	484(0)			テンメジャーガール	340.0	202506020404
2019101023	2025-04-06	3中山4	曇	4.0	障害4歳以上未勝利		12	3.0	3	3.8	1.0	3	土田真翔	57.0	障2880		良		3:18.7	0.5		8-8-7-6	109.1-0.0	13.8	486(+2)			メイショウカズサ	210.0	202506030404
2019101023	2025-04-20	2阪神8	曇	4.0	障害4歳以上未勝利		14	5.0	8	16.3	7.0	6	伴啓太	60.0	障2970		良		3:26.4	1.8		10-9-7-5	106.0-0.0	13.9	472(-14)			テイエムマジック		202509020804
2019101023	2025-05-31	2東京11	雨	4.0	障害4歳以上未勝利		14	8.0	13	18.2	6.0	6	土田真翔	57.0	障3000		稍		3:32.7	3.4		9-9-5-5	110.0-0.0	14.2	488(+16)			スズカハービン		202505021104
2019101023	2025-06-22	3東京6	晴	1.0	障害3歳以上未勝利		12	4.0	4	30.2	9.0	6	土田真翔	57.0	障3000		良		3:25.0	1.2		5-4-2-1	106.0-0.0	13.7	488(0)			マホロバ		202505030601
2019101023	2025-07-27	3中京2	晴	1.0	障害3歳以上未勝利		14	7.0	11	16.4	5.0	6	土田真翔	57.0	障3000		良		3:19.5	0.5		9-9-7-7	102.1-0.0	13.3	486(-2)			タマモエース		202507030201
2019101023	2025-08-24	4中京2	晴	1.0	障害3歳以上未勝利		11	4.0	4	14.2	6.0	中	西谷誠	60.0	障3000		良					9-9-5-4	103.1-0.0		486(0)			アメリカンピース		202507040201
2019101023	2025-09-14	4中山4	曇	1.0	障害3歳以上未勝利		9	8.0	8	4.5	2.0	6	西谷誠	60.0	障2880		良		3:19.8	1.3		7-7-7-7	110.1-0.0	13.9	490(+4)			フェーングロッテン		202506040401
2019101023	2025-10-12	3京都4	曇	4.0	障害3歳以上未勝利		12	6.0	8	10.4	4.0	10	西谷誠	60.0	障2910		良		3:22.9	4.8		11-11-11-11	105.1-0.0	13.9	482(-8)			ヴィアルークス		202508030404
2019101023	2025-11-09	3福島2	曇	4.0	障害3歳以上未勝利		10	7.0	7	16.1	7.0	5	土田真翔	57.0	障2750		良		3:04.5	1.2		7-7-6-6	105.0-0.0	13.4	478(-4)			ローンウルフ	84.0	202503030204
2019101023	2025-11-22	3福島5	晴	4.0	障害3歳以上未勝利		14	6.0	10	20.6	7.0	8	土田真翔	57.0	障2770		良		3:05.7	4.2		9-9-8-8	103.1-0.0	13.4	482(+4)			マルベリーシチー		202503030504
2019101023	2025-12-28	5阪神8	晴	5.0	障害3歳以上未勝利		14	7.0	12	64.8	11.0	5	土田真翔	57.0	障2970		良		3:26.3	1.7		12-12-10-6	108.0-0.0	13.9	484(+2)			ナックエルドラド	84.0	202509050805
2019101023	2026-01-17	1中山6	晴	4.0	障害4歳以上未勝利		12	7.0	9	36.3	7.0	2	土田真翔	57.0	障2880		良		3:16.1	1.2		9-8-7-6	106.1-0.0	13.6	488(+4)			コレクテイニア	340.0	202606010604
2019101464	2021-10-17	5新潟4	曇	5.0	2歳新馬		16	4.0	8	38.3	12.0	9	菊沢一樹	55.0	芝1200		重	**	1:12.7	1.3	**	7-8	35.1-36.3	36.7	430(0)			ラインアルテア		202104050405
2019101464	2021-11-06	2福島1	晴	1.0	2歳未勝利		16	2.0	4	79.9	11.0	7	菊沢一樹	55.0	ダ1150		良	**	1:10.7	0.7	**	8-9	31.6-38.4	37.9	434(+4)			トモノボーイ		202103020101
2019101464	2022-01-22	1中山7	晴	1.0	3歳未勝利		16	2.0	3	259.7	11.0	7	菊沢一樹	56.0	ダ1200		良	**	1:13.6	1.6	**	5-6	34.2-37.8	39.0	440(+6)			サカエショウ		202206010701
2019101464	2022-02-22	浦和	曇	9.0	ツインマッチ特別(3歳)		12	2.0	2	15.1	4.0	2	藤本現暉	56.0	ダ1400		良	**	1:30.5	0.3	**	7-7-5-3	37.6-39.7	39.0	435(-5)			ルワンジュ	87.5	202242022209
2019101464	2022-04-17	1福島2	晴	3.0	3歳未勝利		15	7.0	12	27.4	7.0	4	菊沢一樹	56.0	ダ1700		稍	**	1:47.4	0.8	**	3-3-3-3	30.2-38.1	38.7	434(-1)			クルル	78.0	202203010203
2019101464	2022-04-24	1福島4	晴	1.0	3歳未勝利		15	7.0	13	15.1	6.0	3	菊沢一樹	56.0	ダ1700		良	**	1:48.5	0.4	**	3-3-3-3	30.6-38.5	38.8	434(0)			ダノンマジック	130.0	202203010401
2019101464	2022-05-14	1新潟3	曇	4.0	3歳未勝利		13	8.0	13	4.7	3.0	2	菊沢一樹	56.0	ダ1800		稍	**	1:53.9	0.1	**	8-8-8-5	36.3-39.4	38.7	434(0)			モズミツボシ	210.0	202204010304
2019101464	2022-07-02	2福島1	晴	3.0	3歳未勝利		15	5.0	8	2.1	1.0	1	菊沢一樹	56.0	ダ1700		良	**	1:46.9	-0.5	**	3-2-3-3	30.8-37.5	37.2	436(+2)			(ヤサカシュエット)	520.0	202203020103
2019101464	2022-07-24	2福島8	曇	8.0	3歳以上1勝クラス		15	4.0	6	7.5	3.0	1	菊沢一樹	54.0	ダ1700		稍	**	1:45.4	-0.1	**	7-7-5-6	28.8-39.6	38.3	438(+2)			(ヴィブラフォン)	770.0	202203020808
2019101464	2022-10-16	4新潟2	晴	10.0	菅名岳特別(2勝クラス)		15	7.0	13	10.7	7.0	4	菊沢一樹	55.0	ダ1800		良	**	1:53.5	1.3	**	7-8-5-5	36.6-37.4	37.9	444(+6)			ジャズブルース	230.0	202204040210
2019101464	2022-11-05	3福島1	晴	11.0	河北新報杯(2勝クラス)		15	8.0	14	5.1	3.0	3	菊沢一樹	55.0	ダ1700		良	**	1:45.5	0.3	**	7-7-6-6	30.2-37.3	36.9	442(-2)			ラヴィータエベラ	385.2	202203030111
2019101464	2023-01-05	1中山1	晴	7.0	4歳以上2勝クラス		16	3.0	6	5.6	2.0	10	菊沢一樹	57.0	ダ1800		良	**	1:54.8	0.3	**	10-9-9-11	37.3-40.2	39.2	452(+10)			ブルーカルセドニー		202306010107
2019101464	2023-03-04	2中山3	晴	12.0	4歳以上2勝クラス		16	8.0	16	16.3	6.0	10	菊沢一樹	58.0	ダ1800		良	**	1:54.7	1.5	**	2-2-2-3	37.1-38.4	39.8	454(+2)			パワーブローキング		202306020312
2019101464	2023-04-09	1福島2	晴	9.0	喜多方特別(2勝クラス)		15	7.0	12	17.8	8.0	8	菊沢一樹	58.0	ダ1700		良	**	1:46.2	1.1	**	9-9-9-6	29.6-37.8	38.2	450(-4)			テーオードレフォン		202303010209
2019101464	2023-08-19	3新潟3	晴	9.0	瀬波温泉特別(2勝クラス)		15	2.0	3	68.3	10.0	8	菊沢一樹	58.0	ダ1800		良	**	1:53.7	1.2	**	10-9-8-8	36.2-38.5	39.1	454(+4)			ゴールドバランサー		202304030309
2019101464	2023-09-10	4中山2	晴	9.0	白井特別(2勝クラス)		10	5.0	5	208.9	10.0	10	菊沢一樹	58.0	芝1800		良	**	1:48.9	1.8	**	6-6-7-9	37.0-34.1	34.7	452(-2)			ロジレット		202306040209
2019101464	2023-10-29	4新潟6	雨	10.0	鳥屋野特別(2勝クラス)		15	3.0	4	64.8	13.0	7	菊沢一樹	58.0	ダ1800		不	**	1:51.2	1.7	**	12-13-14-13	34.9-38.3	38.0	450(-2)			ハッスルダンク		202304040610
2019101464	2024-04-07	1福島2	晴	9.0	喜多方特別(2勝クラス)		13	8.0	12	97.2	12.0	11	永野猛蔵	58.0	ダ1700		良	**	1:47.6	1.5	**	10-8-10-9	30.3-38.1	38.1	436(-14)			ナイトアクアリウム		202403010209
2019101464	2024-04-21	2東京2	曇	12.0	4歳以上2勝クラス		13	7.0	10	262.1	13.0	12	長浜鴻緒	55.0	ダ1600		良	**	1:40.1	2.5	**	6-7	35.5-36.2	37.8	436(0)			ウェイワードアクト		202405020212
2019101464	2024-08-17	3新潟3	晴	9.0	瀬波温泉特別(2勝クラス)		15	7.0	13	528.5	15.0	8	伴啓太	58.0	ダ1800		良	**	1:53.6	1.9	**	5-5-4-6	36.0-38.0	39.1	438(+2)			ジャスパーロブスト		202404030309
2019101464	2024-09-01	2中京8	曇	1.0	障害3歳以上未勝利		9	5.0	5	8.0	4.0	3	伴啓太	60.0	障3000		不		3:24.9	0.5		6-6-5-4	109.0-0.0	13.7	440(+2)			コルドゥーン	200.0	202407020801
2019101464	2024-10-20	4新潟6	晴	4.0	障害3歳以上未勝利		7	7.0	7	3.2	1.0	4	伴啓太	60.0	障2850		稍		3:11.9	1.1		2-6-6-6	104.1-0.0	13.5	446(+6)			サンマルグレイト	120.0	202404040604
2019101464	2024-11-03	3福島2	晴	5.0	障害3歳以上未勝利		7	5.0	5	4.1	3.0	3	伴啓太	60.0	障2750		重		3:04.8	0.1		1-1-3-3	109.0-0.0	13.4	444(-2)			タイセイモンストル	200.0	202403030205
2019101464	2025-01-19	1中山7	晴	4.0	障害4歳以上未勝利		11	6.0	6	7.1	4.0	2	伴啓太	60.0	障2880		良		3:15.9	0.2		1-1-1-1	107.0-0.0	13.6	454(+10)			ディナースタ	340.0	202506010704
2019101464	2025-03-08	2中山3	曇	4.0	障害4歳以上未勝利		9	4.0	4	1.7	1.0	4	伴啓太	60.0	障2880		稍		3:17.4	0.7		3-2-2-4	108.0-0.0	13.7	454(0)			プラチナムレイアー	130.0	202506020304
2019101464	2025-04-05	3中山3	晴	4.0	障害4歳以上未勝利		14	7.0	12	4.7	3.0	8	伴啓太	60.0	障2880		稍		3:19.1	2.9		4-5-5-6	107.0-0.0	13.8	446(-8)			ウイングランブルー		202506030304
2019101464	2025-07-06	2福島4	晴	1.0	障害3歳以上未勝利		14	2.0	2	3.7	2.0	2	伴啓太	60.0	障2750		良		3:03.6	0.1		6-6-5-4	107.0-0.0	13.4	444(-2)			ビーンスターク	340.0	202503020401
2019101464	2025-08-24	4中京2	晴	1.0	障害3歳以上未勝利		11	5.0	5	5.8	3.0	3	伴啓太	60.0	障3000		良		3:19.7	1.0		7-7-6-6	103.1-0.0	13.3	444(0)			アメリカンピース	210.0	202507040201
2019101464	2025-11-09	3福島2	曇	5.0	障害3歳以上未勝利		9	1.0	1	2.0	1.0	5	上野翔	60.0	障2750		良		3:05.3	0.6		3-3-4-4	106.0-0.0	13.5	456(+12)			イルディヴィーノ	84.0	202503030205
2019101464	2025-12-28	5阪神8	晴	5.0	障害3歳以上未勝利		14	6.0	10	3.7	2.0	4	上野翔	60.0	障2970		良		3:26.0	1.4		1-1-2-3	108.0-0.0	13.9	450(-6)			ナックエルドラド	130.0	202509050805
2019101464	2026-01-17	1中山6	晴	4.0	障害4歳以上未勝利		12	5.0	6	7.2	3.0	4	上野翔	60.0	障2880		良		3:17.0	2.1		2-3-4-4	106.1-0.0	13.7	452(+2)			コレクテイニア	130.0	202606010604
2019102273	2021-07-17	1福島5	晴	5.0	2歳新馬		13	2.0	2	112.0	12.0	5	木幡育也	53.0	芝1800		良	**	1:51.9	0.3	**	8-9-7-7	37.9-35.1	34.8	472(0)			セプテンベル	70.0	202103010505
2019102273	2021-08-15	4新潟2	曇	3.0	2歳未勝利		14	8.0	13	32.1	8.0	4	木幡育也	53.0	芝1600		稍	**	1:36.1	0.8	**	13-13	35.9-34.5	34.3	458(-14)			リアグラシア	77.0	202104040203
2019102273	2022-03-05	2中山3	晴	5.0	3歳未勝利		16	6.0	12	10.3	4.0	3	江田照男	54.0	芝1600		良	**	1:35.8	0.4	**	4-4-4	35.6-35.5	35.6	460(+2)			クイーンドライヴ	130.0	202206020305
2019102273	2022-03-26	3中山1	小雨	4.0	3歳未勝利		15	4.0	8	12.1	6.0	9	江田照男	54.0	芝1600		良	**	1:36.5	1.0	**	5-6-6	35.8-35.3	35.6	464(+4)			サンクション		202206030104
2019102273	2022-04-23	2東京1	晴	1.0	3歳未勝利		16	1.0	2	7.0	3.0	9	江田照男	54.0	ダ1600		重	**	1:39.9	2.3	**	5-3	35.0-37.6	39.5	460(-4)			ラズライト		202205020101
2019102273	2022-05-15	1新潟4	晴	1.0	3歳未勝利		15	6.0	10	7.3	4.0	5	横山琉人	51.0	ダ1200		稍	**	1:13.2	0.7	**	3-2	33.8-38.7	39.2	456(-4)			ヴァーチュアス	52.0	202204010401
2019102273	2022-06-18	1函館3	曇	3.0	3歳未勝利		12	7.0	9	34.4	7.0	7	丸山元気	54.0	ダ1000		良	**	1:00.5	1.4	**	7-7	35.0-35.9	36.4	462(+6)			ルアル		202202010303
2019102273	2022-07-23	1札幌1	曇	4.0	3歳未勝利		16	6.0	11	36.5	10.0	1	丸山元気	54.0	芝1200		稍	**	1:10.0	-0.2	**	5-5	34.0-36.0	35.4	466(+4)			(マヒナライズ)	520.0	202201010104
2019102273	2022-09-04	2札幌8	晴	6.0	3歳以上1勝クラス		16	5.0	10	13.1	5.0	1	西塚洸二	50.0	芝1200		良	**	1:09.4	-0.2	**	14-12	34.2-35.2	34.1	486(+20)			(トーホウデュラン)	770.0	202201020806
2019102273	2022-10-01	4中山8	晴	10.0	勝浦特別(2勝クラス)		14	6.0	9	11.5	6.0	2	丸山元気	53.0	芝1200		良	**	1:08.0	0.3	**	4-3	33.4-34.3	34.1	470(-16)			サトノレーヴ	609.6	202206040810
2019102273	2023-06-10	1函館1	晴	11.0	函館日刊スポーツ杯(2勝クラス)		13	5.0	6	2.9	1.0	1	横山武史	56.0	芝1200		良	**	1:08.5	-0.1	**	6-6	33.0-35.5	34.8	480(+10)			(クラリティスケール)	1577.3	202302010111
2019102273	2023-07-01	2函館1	晴	11.0	TVh杯(3勝クラス)		16	5.0	9	1.9	1.0	1	横山武史	54.0	芝1200		良	**	1:09.3	-0.1	**	9-10	34.0-35.3	34.6	484(+4)			(ドロップオブライト)	1873.6	202302020111
2019102273	2023-09-10	4阪神2	曇	11.0	産経賞セントウルS(GII)		15	8.0	15	32.5	11.0	11	鮫島克駿	55.0	芝1200		良	**	1:08.0	0.8	**	2-2	33.5-33.7	34.3	484(0)			テイエムスパーダ		202309040211
2019102273	2024-01-08	1中山3	晴	11.0	カーバンクルS(OP)		16	6.0	12	4.8	2.0	4	横山武史	55.0	芝1200		良	**	1:07.9	0.1	**	12-12	33.1-34.7	33.7	488(+4)			シュバルツカイザー	350.0	202406010311
2019102273	2024-04-07	1福島2	晴	11.0	モルガナイトS(OP)		16	3.0	6	10.2	3.0	2	丸山元気	55.0	芝1200		良	**	1:08.0	0.3	**	3-3	33.0-34.7	34.6	478(-10)			アサカラキング	930.2	202403010211
2019102273	2024-06-22	1函館5	曇	11.0	青函S(OP)		16	4.0	8	3.8	2.0	1	横山武史	55.0	芝1200		良	**	1:08.8	0.0	**	6-5	34.6-34.2	33.6	490(+12)			(カンティーユ)	2336.4	202402010511
2019102273	2024-08-25	2札幌6	晴	11.0	キーンランドC(GIII)		16	2.0	4	11.7	4.0	4	ルメール	55.0	芝1200		良	**	1:08.2	0.3	**	11-11	33.6-34.3	33.8	492(+2)			サトノレーヴ	650.0	202401020611
2019102273	2024-10-05	5京都1	晴	11.0	夕刊フジ杯オパールS(L)		18	8.0	16	19.1	9.0	11	丸山元気	55.0	芝1200		良	**	1:08.1	0.7	**	9-11	33.3-34.1	34.0	486(-6)			ビッグシーザー		202408050111
2019102273	2025-01-18	1中山6	晴	11.0	カーバンクルS(OP)		16	2.0	3	13.5	7.0	5	横山武史	55.0	芝1200		良	**	1:07.7	0.3	**	8-5	33.2-34.2	33.8	494(+8)			エイシンフェンサー	230.0	202506010611
2019102273	2025-03-23	2中京4	晴	11.0	愛知杯(GIII)		18	5.0	10	45.0	14.0	7	荻野極	55.0	芝1400		良	**	1:20.8	0.6	**	10-11	32.7-36.0	35.5	486(-8)			ワイドラトゥール		202507020411
2019102273	2025-06-14	1函館1	曇	11.0	函館スプリントS(GIII)		16	8.0	15	31.5	8.0	9	佐々木大	55.0	芝1200		良	**	1:07.2	0.6	**	10-9	32.5-34.1	33.6	488(+2)			カピリナ		202502010111
2019102273	2025-06-28	1函館5	晴	11.0	青函S(OP)		16	2.0	4	5.4	2.0	5	横山武史	55.0	芝1200		良	**	1:08.6	0.5	**	5-4	33.3-34.8	34.7	494(+6)			エーティーマクフィ	230.0	202502010511
2019102273	2025-08-24	2札幌2	晴	11.0	キーンランドC(GIII)		16	5.0	9	9.3	5.0	9	ルメール	55.0	芝1200		良	**	1:08.8	0.6	**	13-14	33.6-34.6	34.1	496(+2)			パンジャタワー		202501020211
2019102273	2026-01-17	1中山6	晴	11.0	カーバンクルS(OP)		16	3.0	6	32.9	11.0	4	津村明秀	54.0	芝1200		良	**	1:07.6	0.2	**	8-8	33.7-33.7	33.2	492(-4)			ウイングレイテスト	350.0	202606010611
2019103308	2021-12-28	5中山9	晴	6.0	2歳新馬		14	3.0	4	11.3	4.0	14	横山和生	55.0	ダ1200		良	**	1:16.7	3.6	**	2-2	34.3-38.8	42.3	450(0)			ギユウ		202106050906
2019103308	2022-01-30	1小倉6	曇	3.0	3歳未勝利		13	1.0	1	41.2	9.0	9	泉谷楓真	55.0	ダ1000		良	**	1:01.2	1.0	**	10-10	34.7-37.1	37.0	452(+2)			キョウエイゾロ		202210010603
2019103308	2022-02-19	2小倉3	雨	3.0	3歳未勝利		14	7.0	11	140.2	11.0	10	角田大和	53.0	ダ1000		稍	**	1:01.7	2.0	**	10-9	34.7-36.4	37.5	456(+4)			イスラアネーロ		202210020303
2019103308	2022-04-03	3中山4	雨	2.0	3歳未勝利		16	6.0	11	135.5	14.0	5	小林脩斗	53.0	ダ1200		稍	**	1:13.1	1.3	**	1-1	34.2-37.6	38.9	452(-4)			ルプランドル	52.0	202206030402
2019103308	2022-04-23	1福島3	曇	1.0	3歳未勝利		16	1.0	2	59.9	7.0	7	横山琉人	53.0	ダ1150		良	**	1:11.9	1.1	**	5-5	32.5-38.3	38.9	448(-4)			ゴッドクインビー		202203010301
2019103308	2022-05-28	1新潟7	曇	3.0	3歳未勝利		15	2.0	2	40.3	7.0	2	角田大和	54.0	ダ1200		重	**	1:12.8	0.2	**	2-2	34.6-38.0	38.0	456(+8)			クランシリーニー	210.0	202204010703
2019103308	2022-06-18	3東京5	曇	3.0	3歳未勝利		15	7.0	13	52.6	9.0	9	小林脩斗	53.0	ダ1300		良	**	1:19.8	1.5	**	2-2	29.6-36.5	37.9	458(+2)			ホワイトガーベラ		202205030503
2019103308	2022-08-14	3新潟2	曇	4.0	3歳未勝利		15	8.0	14	28.8	8.0	1	小林脩斗	54.0	ダ1200		重	**	1:10.7	0.0	**	4-3	33.9-36.8	36.4	460(+2)			(パンタナル)	520.0	202204030204
2019103308	2022-10-23	4新潟4	曇	7.0	3歳以上1勝クラス		15	4.0	6	13.5	5.0	5	小林脩斗	53.0	ダ1200		稍	**	1:12.9	0.8	**	6-5	34.3-37.8	38.0	458(-2)			オンザダブル	77.0	202204040407
2019103308	2022-12-28	5中山9	晴	8.0	3歳以上1勝クラス		16	1.0	1	46.5	11.0	6	小林脩斗	54.0	ダ1200		良	**	1:12.1	1.2	**	6-6	34.1-36.8	37.4	460(+2)			ドリームビリーバー		202206050908
2019103308	2023-03-12	2中山6	曇	12.0	4歳以上1勝クラス		15	3.0	5	13.2	5.0	7	小林脩斗	56.0	ダ1200		良	**	1:12.6	0.7	**	2-2	34.7-37.2	37.7	466(+6)			アメトリーチェ		202306020612
2019103308	2023-05-07	1新潟4	雨	12.0	4歳以上1勝クラス		15	1.0	1	6.7	3.0	11	永島まな	55.0	ダ1200		不	**	1:13.1	1.2	**	1-1	34.7-37.2	38.4	464(-2)			スキャッターシード		202304010412
2019103308	2023-08-05	2新潟3	晴	12.0	3歳以上1勝クラス		15	6.0	11	47.8	10.0	9	田口貫太	55.0	ダ1200		良	**	1:13.2	1.7	**	5-5	33.9-37.6	38.7	458(-6)			ロードラディウス		202304020312
2019103308	2023-09-09	4中山1	晴	12.0	3歳以上1勝クラス		16	2.0	3	45.5	10.0	12	小林勝太	55.0	ダ1200		重	**	1:13.1	1.9	**	9-10	34.3-36.9	37.8	468(+10)			ゴキゲンサン		202306040112
2019103308	2023-10-29	4新潟6	雨	6.0	3歳以上1勝クラス		12	4.0	4	25.3	6.0	2	佐々木大	57.0	ダ1200		不	**	1:10.2	0.0	**	3-2	34.0-36.2	35.8	468(0)			ブラーヴ	320.0	202304040606
2019103308	2023-12-16	4中京5	曇	8.0	3歳以上1勝クラス		16	2.0	3	14.0	5.0	5	団野大成	58.0	ダ1200		重	**	1:11.5	0.9	**	4-4	35.0-35.6	36.1	466(-2)			タイキエクセロン	80.0	202307040508
2019103308	2024-01-08	1中山3	晴	7.0	4歳以上1勝クラス		16	8.0	16	16.1	6.0	3	原優介	57.0	ダ1200		良	**	1:13.0	0.1	**	5-4	33.7-39.2	38.9	474(+8)			オルコス	200.0	202406010307
2019103308	2024-02-25	1阪神2	小雨	12.0	4歳以上1勝クラス		15	6.0	11	7.1	3.0	4	原優介	57.0	ダ1200		不	**	1:11.8	0.8	**	5-5	34.6-36.4	36.6	472(-2)			サクハル	120.0	202409010212
2019103308	2024-03-17	2中山8	晴	7.0	4歳以上1勝クラス		16	5.0	10	8.2	3.0	2	原優介	57.0	ダ1200		良	**	1:13.0	1.0	**	2-2	35.2-36.8	37.7	478(+6)			ナスノカンゲツ	320.0	202406020807
2019103308	2024-09-22	4中山7	曇	8.0	3歳以上1勝クラス		16	6.0	12	20.1	9.0	9	小林勝太	56.0	ダ1200		良	**	1:12.7	1.1	**	6-5	33.8-37.8	38.4	482(+4)			リリージェーン		202406040708
2019103308	2024-10-14	4新潟4	晴	8.0	3歳以上1勝クラス		8	5.0	5	7.3	4.0	5	永島まな	56.0	ダ1200		良	**	1:12.0	0.8	**	8-8	34.4-36.8	36.5	476(-6)			テイエムヒショウ	80.0	202404040408
2019103308	2025-03-22	2中山7	晴	6.0	4歳以上1勝クラス		16	2.0	4	35.1	10.0	12	北村宏司	58.0	ダ1200		稍	**	1:13.2	1.1	**	6-5	34.7-37.4	38.1	472(-4)			オセアエクスプレス		202506020706
2019103308	2025-05-24	1新潟7	曇	12.0	4歳以上1勝クラス		14	3.0	5	38.3	10.0	9	永島まな	56.0	ダ1200		良	**	1:13.3	1.6	**	13-13	35.2-36.5	36.3	470(-2)			ジーベック		202504010712
2019103308	2025-12-13	5中山3	曇	7.0	3歳以上1勝クラス		16	6.0	11	61.6	10.0	7	横山典弘	58.0	ダ1200		良	**	1:12.9	0.6	**	13-13	35.1-37.2	36.8	480(+10)			レイユール		202506050307
2019103308	2026-01-17	1中山6	晴	6.0	4歳以上1勝クラス		16	1.0	2	24.3	10.0	9	横山典弘	58.0	ダ1200		良	**	1:12.6	0.7	**	8-5	34.3-37.6	37.7	482(+2)			メッエフアパラ		202606010606
2019103816	2022-04-17	2阪神8	晴	4.0	3歳未勝利		18	3.0	6	157.3	15.0	4	藤岡康太	56.0	芝2200		良	**	2:13.8	0.7	**	8-8-8-9	35.0-34.9	34.8	470(0)			ディナースタ	78.0	202209020804
2019103816	2022-05-14	3中京3	晴	5.0	3歳未勝利		10	4.0	4	3.6	2.0	2	藤岡康太	56.0	芝2200		重	**	2:15.6	0.2	**	10-9-1-1	36.2-36.1	36.3	462(-8)			エンドウノハナ	210.0	202207030305
2019103816	2022-05-29	1新潟8	晴	6.0	3歳未勝利		12	6.0	8	2.6	1.0	2	今村聖奈	52.0	芝2200		良	**	2:16.8	0.1	**	2-2-2-1	36.4-36.6	36.7	458(-4)			コスモフロイデ	210.0	202204010806
2019103816	2022-06-18	3阪神1	曇	2.0	3歳未勝利		13	7.0	10	2.0	1.0	1	藤岡康太	56.0	芝2400		良	**	2:27.2	-0.2	**	2-2-2-2	37.5-34.8	34.8	460(+2)			(サンセットクラウド)	520.0	202209030102
2019103816	2022-10-16	4東京5	曇	7.0	3歳以上1勝クラス		12	7.0	10	5.2	2.0	7	石川裕紀	54.0	芝2400		良	**	2:24.9	1.1	**	3-5-5-4	36.2-34.8	35.5	464(+4)			レッドミラージュ		202205040507
2019103816	2022-11-12	3福島3	晴	8.0	3歳以上1勝クラス		16	8.0	16	4.5	1.0	2	藤岡佑介	55.0	芝2600		良	**	2:43.0	0.0	**	2-2-2-1	38.0-36.6	36.6	460(-4)			ブラックラテ	310.0	202203030308
2019103816	2022-12-11	6中京4	晴	7.0	3歳以上1勝クラス		12	8.0	11	3.4	2.0	7	藤岡康太	55.0	芝2200		良	**	2:13.7	1.2	**	4-4-3-2	35.7-34.9	36.0	460(0)			メイショウブレゲ		202207060407
2019103816	2023-04-23	1福島6	晴	9.0	燧ヶ岳特別(1勝クラス)		14	4.0	6	9.9	3.0	4	荻野極	58.0	芝2600		良	**	2:41.6	0.6	**	3-3-3-3	37.3-35.7	36.0	448(-12)			タガノバルコス	170.0	202303010609
2019103816	2023-05-14	1新潟6	晴	9.0	尖閣湾特別(1勝クラス)		12	5.0	5	3.7	2.0	5	荻野極	58.0	芝2000		良	**	2:00.7	0.4	**	2-2	36.3-35.2	35.6	450(+2)			サンライズロナウド	111.0	202304010609
2019103816	2023-11-19	3福島6	晴	9.0	磐梯山特別(1勝クラス)		16	7.0	14	28.4	9.0	14	丸山元気	58.0	芝2600		良	**	2:46.2	1.3	**	5-5-6-7	38.7-36.5	37.2	460(+10)			シリンガバルガリス		202303030609
2019103816	2024-01-13	1小倉1	晴	6.0	4歳以上1勝クラス		16	4.0	8	17.3	7.0	6	幸英明	58.0	芝2600		良	**	2:39.8	0.9	**	5-4-2-2	35.7-35.3	36.1	470(+10)			カナオールウェイズ		202410010106
2019103816	2024-02-10	2小倉1	晴	9.0	帆柱山特別(1勝クラス)		8	2.0	2	10.3	5.0	4	幸英明	58.0	芝2600		良	**	2:41.9	0.6	**	1-1-1-1	37.2-35.3	35.9	466(-4)			シリアルノヴェル	170.0	202410020109
2019103816	2024-03-09	1中京1	晴	7.0	4歳以上1勝クラス		9	1.0	1	5.2	3.0	4	三浦皇成	58.0	芝2200		良	**	2:13.5	0.5	**	1-1-1-1	34.9-36.9	37.4	478(+12)			バンフィエルド	120.0	202407010107
2019103816	2024-04-07	1福島2	晴	8.0	4歳以上1勝クラス		16	4.0	8	4.1	1.0	11	菅原明良	58.0	芝2600		良	**	2:40.3	1.5	**	3-3-3-3	36.6-36.9	38.0	472(-6)			マルカブリッツ		202403010208
2019103816	2024-05-04	1新潟3	晴	10.0	荒川峡特別(1勝クラス)		13	3.0	3	9.8	6.0	8	小沢大仁	58.0	芝2200		良	**	2:16.0	1.0	**	1-1-1-2	35.6-36.5	37.5	470(-2)			イゾレエオリア		202404010310
2019103816	2024-05-18	3京都9	晴	7.0	4歳以上1勝クラス		12	3.0	3	9.0	6.0	1	西村淳也	58.0	芝2400		良	**	2:24.0	0.0	**	2-2-2-2	34.4-35.4	35.4	470(0)			(ノートルプロメス)	800.0	202408030907
2019103816	2024-09-15	3中京4	曇	9.0	茶臼山高原特別(2勝クラス)		10	4.0	4	15.7	4.0	5	西村淳也	54.0	芝2200		稍	**	2:13.9	1.5	**	1-1-1-1	37.1-34.8	36.3	470(0)			アドマイヤテラ	155.0	202407030409
2019103816	2024-10-05	5京都1	晴	8.0	3歳以上2勝クラス		8	7.0	7	7.1	3.0	2	西村淳也	58.0	芝2400		良	**	2:25.2	0.2	**	3-3-2-2	34.7-36.1	35.9	468(-2)			ヴェローチェエラ	460.0	202408050108
2019103816	2024-11-09	6京都3	晴	12.0	3歳以上2勝クラス		6	5.0	5	2.8	1.0	3	松山弘平	58.0	芝2400		良	**	2:27.3	0.4	**	3-3-3-3	37.6-34.4	34.6	464(-4)			キングサーガ	290.0	202408060312
2019103816	2024-12-07	7京都3	晴	12.0	3歳以上2勝クラス		10	3.0	3	3.7	3.0	8	坂井瑠星	58.0	芝2400		良	**	2:26.6	1.9	**	2-2-2-2	34.6-36.3	37.0	466(+2)			ギャンブルルーム		202408070312
2019103816	2025-02-01	1京都1	曇	10.0	許波多特別(2勝クラス)		10	8.0	10	9.0	5.0	5	西村淳也	56.0	芝2400		良	**	2:26.2	1.3	**	4-4-3-4	35.6-36.5	37.2	464(-2)			ウィープディライト	155.0	202508010110
2019103816	2025-03-02	1阪神2	小雨	9.0	淡路特別(2勝クラス)		9	4.0	4	31.0	5.0	3	西村淳也	58.0	芝2200		良	**	2:12.3	0.5	**	5-5-6-5	33.7-35.4	35.4	466(+2)			タガノデュード	393.2	202509010209
2019103816	2025-03-22	1阪神7	晴	8.0	4歳以上2勝クラス		9	6.0	6	3.0	2.0	6	坂井瑠星	58.0	芝2600		良	**	2:39.7	0.6	**	2-2-2-2	37.2-34.9	35.5	466(0)			リミットバスター		202509010708
2019103816	2025-06-14	1函館1	晴	10.0	松前特別(2勝クラス)		16	2.0	3	58.4	11.0	6	藤岡佑介	58.0	芝1800		良	**	1:46.7	0.4	**	11-12-14-13	34.6-34.9	34.2	470(+4)			パレハ		202502010110
2019103816	2025-07-13	1函館10	晴	9.0	北海ハンデキャップ(2勝クラス)		11	4.0	4	22.1	6.0	10	藤岡佑介	56.0	芝1800		良	**	1:47.5	1.9	**	2-2-2-3	35.3-34.8	36.4	468(-2)			ミッキージュエリー		202502011009
2019103816	2025-08-09	1札幌5	晴	10.0	藻岩山特別(2勝クラス)		11	3.0	3	47.5	6.0	8	藤岡佑介	58.0	芝2000		稍	**	2:04.3	1.2	**	11-11-9-7	38.3-34.7	34.9	470(+2)			サクラファレル		202501010510
2019103816	2025-08-24	2札幌2	晴	12.0	オールスターJ第4戦(2勝クラス)		14	5.0	7	112.0	14.0	11	横山武史	58.0	芝1800		良	**	1:49.5	0.8	**	12-12-12-11	36.2-35.7	35.5	466(-4)			ピンクジン		202501020212
2019103816	2026-01-17	1京都6	晴	9.0	稲荷特別(2勝クラス)		10	3.0	3	25.4	6.0	7	ハマーハ	58.0	芝2000		良	**	2:01.9	0.9	**	6-5-7-7	36.0-34.5	34.7	460(-6)			ジェットマグナム		202608010609
2019103996	2022-08-20	3新潟3	曇	2.0	3歳未勝利		15	2.0	2	65.5	11.0	4	菅原明良	56.0	ダ1800		稍	**	1:55.2	0.5	**	15-15-13-11	36.3-39.4	38.6	496(0)			アーバンデザイン	78.0	202204030302
2019103996	2022-09-04	3新潟8	晴	3.0	3歳未勝利		15	3.0	5	3.6	1.0	6	菅原明良	56.0	ダ1800		稍	**	1:55.2	1.1	**	9-8-2-2	36.9-39.1	39.9	494(-2)			ミニョンルミエール		202204030803
2019103996	2022-10-12	門別	晴	5.0	みついし花だより賞(C4)		12	3.0	3	2.3	1.0	3	亀井洋司	56.0	ダ1200		重	**	1:14.8	0.5	**	6-7		37.6	508(+14)			シトラスダル	6.3	202230101205
2019103996	2022-10-27	門別	晴	3.0	3歳以上C4ー2		12	1.0	1	1.1	1.0	1	落合玄太	56.0	ダ1200		良	**	1:14.7	-0.3	**	6-2		37.9	510(+2)			(バーマン)	30.0	202230102703
2019103996	2022-11-09	門別	晴	8.0	ハマナデシコ特別(C3)		11	6.0	7	2.7	2.0	2	落合玄太	56.0	ダ1200		稍	**	1:13.8	0.5	**	2-1		38.1	510(0)			ローゼンヴォルフ	12.6	202230110908
2019103996	2022-12-30	大井	晴	3.0	3歳　152		16	1.0	2	5.1	3.0	3	和田譲治	56.0	ダ1200		良	**	1:14.7	0.6	**	1-1	35.6-38.5	39.1	525(+15)			ローゼンヴォルフ	35.0	202244123003
2019103996	2023-01-26	大井	晴	1.0	C3三　四		15	2.0	4	2.0	1.0	2	森泰斗	56.0	ダ1200		良	**	1:14.6	0.0	**	8-5	36.6-38.0	37.6	520(-5)			ディーカラーズ	32.0	202344012601
2019103996	2023-02-24	大井	曇	1.0	C3一　二		16	3.0	6	1.2	1.0	1	森泰斗	56.0	ダ1200		良	**	1:14.3	-0.1	**	8-9	35.6-38.7	37.6	520(0)			(フレンチバローズ)	80.0	202344022401
2019103996	2023-03-08	大井	晴	6.0	C2九　十		15	4.0	7	3.5	2.0	1	森泰斗	56.0	ダ1200		良	**	1:13.6	-0.8	**	2-2	36.0-37.6	37.4	514(-6)			(キタノライアン)	100.0	202344030806
2019103996	2023-03-31	大井	晴	5.0	C2一　二三(C2二)		14	4.0	6			取	森泰斗	56.0	ダ1200		重	**			**		36.0-37.2		計不			ゴールデンレアル		202344033105
2019103996	2023-06-03	3阪神1	晴	8.0	3歳以上1勝クラス		16	6.0	12	47.7	10.0	8	吉田隼人	58.0	ダ1200		重	**	1:11.9	1.0	**	6-4	34.6-36.3	36.7	502(-12)			コパノハンプトン		202309030108
2019103996	2023-08-13	3小倉2	晴	12.0	3歳以上1勝クラス		14	3.0	3	24.9	10.0	2	国分恭介	58.0	ダ1000		良	**	0:58.5	0.5	**	10-9	33.5-35.8	34.5	506(+4)			ダノンセシボン	320.0	202310030212
2019103996	2023-09-03	3小倉8	晴	8.0	3歳以上1勝クラス		13	1.0	1	4.3	2.0	8	坂井瑠星	58.0	ダ1000		良	**	0:58.8	1.0	**	10-8	33.5-35.5	35.5	506(0)			メイショウカゼマチ		202310030808
2019103996	2023-09-24	4阪神7	晴	7.0	3歳以上1勝クラス		18	4.0	8	26.3	10.0	8	国分恭介	58.0	芝1400		良	**	1:21.1	0.7	**	13-12	33.5-35.4	34.9	502(-4)			シンプリーオーサム		202309040707
2019103996	2023-10-09	2京都3	曇	8.0	3歳以上1勝クラス		16	2.0	3	13.1	6.0	7	国分恭介	58.0	ダ1200		重	**	1:13.6	0.8	**	5-5	34.7-38.1	38.6	502(0)			ギーロカスタル		202308020308
2019103996	2023-12-16	4中京5	曇	8.0	3歳以上1勝クラス		16	1.0	1	14.9	6.0	1	国分恭介	58.0	ダ1200		重	**	1:10.6	-0.3	**	3-2	35.0-35.6	35.3	502(0)			(ジューンアース)	800.0	202307040508
2019103996	2024-01-06	1京都1	曇	8.0	4歳以上2勝クラス		16	6.0	11	20.4	7.0	8	国分恭介	58.0	ダ1200		良	**	1:12.9	1.0	**	8-9	34.6-37.3	37.2	506(+4)			ジュンウィンダム		202408010108
2019103996	2024-03-09	1中京1	曇	9.0	伊良湖特別(2勝クラス)		16	2.0	4	6.5	3.0	2	国分恭介	58.0	ダ1200		良	**	1:13.0	0.0	**	6-5	34.2-38.8	38.0	500(-6)			ロングファイナリー	630.8	202407010109
2019103996	2024-03-24	2阪神2	曇	12.0	4歳以上2勝クラス		15	5.0	10	7.3	4.0	13	国分恭介	58.0	ダ1200		不	**	1:12.2	1.2	**	9-8	34.9-36.1	36.4	502(+2)			オーガスタスカイ		202409020212
2019103996	2024-05-26	3京都12	晴	8.0	4歳以上2勝クラス		15	6.0	10	39.6	10.0	13	荻野極	58.0	ダ1200		良	**	1:13.3	1.5	**	8-9	35.5-36.3	36.8	502(0)			グッドウッドガイ		202408031208
2019103996	2024-08-24	2中京5	晴	10.0	清洲特別(2勝クラス)		15	6.0	12	11.8	6.0	7	国分恭介	58.0	ダ1200		良	**	1:11.9	0.6	**	11-11	34.5-36.8	36.4	502(0)			ヒビキ		202407020510
2019103996	2024-09-15	3中京4	曇	12.0	3歳以上2勝クラス		13	3.0	3	25.9	7.0	9	国分恭介	58.0	ダ1400		重	**	1:24.1	1.1	**	10-10	33.9-37.4	37.1	502(0)			ヴィヴァン		202407030412
2019103996	2024-12-01	4中京2	晴	10.0	クロフネC(2勝クラス)		16	4.0	7	72.3	11.0	7	国分恭介	58.0	ダ1200		良	**	1:11.8	0.9	**	13-12	34.5-36.4	35.8	504(+2)			ライジン		202407040210
2019103996	2024-12-14	4中京5	晴	10.0	ヤングJSFR中京2(2勝クラス)		16	4.0	7	40.2	11.0	7	及川烈	58.0	ダ1400		良	**	1:25.7	0.7	**	15-15	34.2-39.0	36.1	508(+4)			アイファースキャン		202407040510
2019103996	2025-03-15	2中京1	小雨	9.0	伊良湖特別(2勝クラス)		16	3.0	6	30.4	7.0	10	国分恭介	58.0	ダ1200		良	**	1:13.0	0.7	**	15-15	35.9-36.4	35.9	508(0)			ヤマニンアルリフラ		202507020109
2019103996	2025-03-29	2中京5	晴	9.0	矢作川特別(2勝クラス)		13	8.0	13	92.0	13.0	11	国分恭介	58.0	ダ1800		稍	**	1:55.3	2.4	**	13-13-13-13	38.0-39.1	39.7	508(0)			ティンティンデオ		202507020509
2019103996	2025-04-06	2阪神4	晴	8.0	4歳以上2勝クラス		10	6.0	6	93.7	9.0	6	国分恭介	58.0	芝1200		良	**	1:09.2	0.6	**	8-8	34.6-34.0	33.7	508(0)			バンドシェル		202509020408
2019103996	2025-06-21	1函館3	曇	11.0	STV杯(2勝クラス)		15	2.0	2	40.5	10.0	6	国分恭介	58.0	芝1200		良	**	1:09.2	0.3	**	2-2	34.2-34.7	34.8	508(0)			ゴールドサーベル		202502010311
2019103996	2025-06-29	1函館6	晴	12.0	湯の川温泉特別(2勝クラス)		14	8.0	13	37.1	12.0	11	佐々木大	58.0	芝1200		良	**	1:09.7	1.0	**	2-2	34.4-34.3	34.8	506(-2)			トウカイファクター		202502010612
2019103996	2025-12-20	5阪神5	曇	12.0	3歳以上2勝クラス		16	4.0	7	181.1	15.0	2	酒井学	58.0	芝1200		良	**	1:08.3	0.1	**	11-12	33.3-34.9	33.6	512(+6)			ブルーアイドガール	460.0	202509050512
2019103996	2026-01-17	1中山6	晴	12.0	4歳以上2勝クラス		16	6.0	12	50.3	12.0	13	田辺裕信	58.0	芝1200		良	**	1:08.8	0.8	**	10-12	34.3-33.7	33.9	512(0)			カンシン		202606010612
2019104861	2021-12-25	5中山7	晴	5.0	2歳新馬		16	5.0	10	33.9	8.0	4	菅原明良	54.0	芝1800		稍	**	1:51.1	0.5	**	2-2-2-2	37.5-35.6	36.0	448(0)			ルージュエヴァイユ	110.0	202106050705
2019104861	2022-01-16	1中山6	晴	5.0	3歳未勝利		16	8.0	15	11.0	5.0	8	菅原明良	54.0	芝1600		良	**	1:36.8	0.8	**	4-2-2	35.6-36.5	37.2	444(-4)			ハピネスアゲン		202206010605
2019104861	2022-04-02	3中山3	晴	5.0	3歳未勝利		18	8.0	18	115.5	11.0	10	三浦皇成	54.0	芝2000		稍	**	2:03.8	1.6	**	5-2-2-2	37.0-35.3	36.8	438(-6)			ヴィブラツィオーネ		202206030305
2019104861	2022-06-19	3東京6	晴	4.0	3歳未勝利		16	5.0	10	17.4	6.0	5	津村明秀	54.0	芝1400		良	**	1:22.2	0.6	**	2-2	35.4-34.2	34.7	450(+12)			ソレントフレイバー	52.0	202205030604
2019104861	2022-07-10	2福島4	晴	2.0	3歳未勝利		15	4.0	6	9.5	6.0	1	津村明秀	54.0	ダ1700		良	**	1:46.5	-1.2	**	10-8-5-2	29.6-38.1	37.6	448(-2)			(ミニョンルミエール)	520.0	202203020402
2019104861	2022-08-28	3新潟6	晴	8.0	3歳以上1勝クラス		8	5.0	5	2.7	2.0	3	津村明秀	52.0	ダ1800		稍	**	1:53.5	0.8	**	2-3-3-2	36.6-37.6	38.1	436(-12)			モントブレッチア	190.0	202204030608
2019104861	2022-09-25	4中山7	晴	8.0	3歳以上1勝クラス		13	7.0	11	4.2	1.0	4	津村明秀	52.0	ダ1800		稍	**	1:54.2	0.9	**	6-5-5-2	37.5-38.7	39.1	436(0)			スピードソルジャー	120.0	202206040708
2019104861	2023-03-25	3中山1	小雨	8.0	4歳以上1勝クラス		14	4.0	6	5.8	3.0	1	津村明秀	56.0	ダ1800		不	**	1:53.7	-0.2	**	6-5-4-3	37.8-38.9	38.6	452(+16)			(ハローサブリナ)	800.0	202306030108
2019104861	2023-10-01	4中山9	曇	9.0	3歳以上2勝クラス		16	8.0	16	60.2	11.0	14	松山弘平	56.0	ダ1800		良	**	1:57.4	3.5	**	9-6-8-9	37.8-37.6	40.5	450(-2)			カランセ		202306040909
2019104861	2023-11-11	5東京3	曇	8.0	3歳以上2勝クラス		16	3.0	6	210.2	15.0	10	柴田大知	56.0	ダ1600		良	**	1:38.0	1.6	**	11-10	35.0-37.3	38.0	444(-6)			クインズジュピタ		202305050308
2019104861	2024-01-20	1中山6	小雨	9.0	初茜賞(2勝クラス)		16	4.0	7	330.5	16.0	12	内田博幸	56.0	ダ1800		良	**	1:54.7	1.2	**	16-16-16-16	37.4-39.2	38.1	442(-2)			メイショウコバト		202406010609
2019104861	2024-04-20	1福島5	晴	10.0	尾瀬特別(2勝クラス)		15	4.0	6	87.5	12.0	6	西塚洸二	52.0	ダ1700		良	**	1:45.9	0.7	**	7-7-7-7	29.5-38.4	38.1	434(-8)			ニホンピロハーバー		202403010510
2019104861	2024-05-12	2東京8	曇	9.0	テレ玉杯(2勝クラス)		8	3.0	3	142.1	7.0	8	内田博幸	56.0	芝1600		良	**	1:34.5	1.7	**	7-7	35.4-33.9	34.6	446(+12)			ゴートゥファースト		202405020809
2019104861	2024-07-07	2福島4	晴	10.0	天の川賞(2勝クラス)		10	5.0	5	59.5	9.0	4	内田博幸	56.0	ダ1700		良	**	1:46.4	1.0	**	3-5-6-5	30.8-36.5	37.2	442(-4)			ジョージテソーロ	230.0	202403020410
2019104861	2024-08-04	2新潟4	晴	12.0	苗場特別(2勝クラス)		15	1.0	1	25.0	6.0	4	西塚洸二	56.0	ダ1800		良	**	1:53.3	0.3	**	1-1-1-1	36.6-38.2	38.5	438(-4)			ダイメイセブン	230.0	202404020412
2019104861	2024-09-01	3新潟8	晴	10.0	両津湾特別(2勝クラス)		15	3.0	5	69.7	9.0	5	内田博幸	56.0	ダ1800		良	**	1:53.6	1.6	**	8-8-7-7	36.2-37.8	38.8	440(+2)			ハビレ	155.0	202404030810
2019104861	2024-10-05	4新潟1	晴	11.0	鳥屋野特別(2勝クラス)		13	4.0	4	6.0	3.0	6	丹内祐次	53.0	ダ1800		稍	**	1:52.8	0.5	**	8-8-4-4	36.6-37.5	37.8	444(+4)			エスティメート		202404040111
2019104861	2024-10-26	4新潟7	晴	10.0	直江津特別(2勝クラス)		14	5.0	7	26.8	9.0	5	西塚洸二	56.0	ダ1800		良	**	1:53.4	0.6	**	6-7-5-5	36.4-37.0	37.2	440(-4)			ウィステリアリヴァ	155.0	202404040710
2019104861	2024-11-10	3福島4	晴	10.0	福島放送賞(2勝クラス)		15	5.0	9	53.3	15.0	1	柴田大知	56.0	ダ1700		良	**	1:45.9	-0.2	**	14-14-15-10	29.7-38.8	37.9	442(+2)			(ケイアイメキラ)	1590.6	202403030410
2019104861	2024-12-01	5中山2	晴	10.0	市川S(3勝クラス)		16	2.0	3	88.4	12.0	9	内田博幸	52.0	ダ1800		良	**	1:53.2	1.1	**	12-12-14-14	36.2-38.5	38.6	444(+2)			クインズミモザ		202406050210
2019104861	2025-03-08	2中山3	曇	10.0	上総S(3勝クラス)		16	7.0	13	207.2	16.0	15	柴田大知	52.0	ダ1800		稍	**	1:54.2	2.1	**	15-15-14-15	36.9-38.5	38.7	444(0)			ロードクロンヌ		202506020310
2019104861	2025-04-13	2阪神6	雨	12.0	梅田S(3勝クラス)		16	2.0	4	243.6	16.0	12	津村明秀	56.0	ダ1800		稍	**	1:54.7	1.9	**	11-10-9-7	37.6-37.4	38.5	440(-4)			ネバーモア		202509020612
2019104861	2025-06-29	2福島2	晴	10.0	鶴ヶ城S(3勝クラス)		15	3.0	5	135.0	12.0	8	山本咲希	56.0	ダ1700		良	**	1:45.7	1.2	**	12-13-14-13	30.2-37.1	36.6	452(+12)			ジャスパーロブスト		202503020210
2019104861	2025-08-16	1札幌7	晴	11.0	報知杯大雪H(3勝クラス)		14	1.0	1	112.1	14.0	8	川又賢治	51.0	ダ1700		良	**	1:45.2	0.9	**	6-6-5-7	29.1-38.3	38.4	448(-4)			コトホドサヨウニ		202501010711
2019104861	2025-10-11	3京都3	晴	11.0	御陵S(3勝クラス)		16	2.0	4	198.5	15.0	10	柴田大知	51.0	ダ1900		良	**	1:59.0	1.4	**	10-11-11-11	30.0-37.7	38.0	452(+4)			タガノバビロン		202508030311
2019104861	2025-11-24	3福島6	曇	11.0	奥羽S(3勝クラス)		15	2.0	2	211.5	15.0	10	柴田大知	56.0	ダ1700		良	**	1:47.4	1.2	**	11-11-11-13	30.8-37.7	37.8	456(+4)			シェットランド		202503030611
2019104861	2026-01-17	1中山6	晴	10.0	アレキサンドライトS(3勝クラス)		16	7.0	14	261.9	16.0	14	柴田大知	50.0	ダ1800		良	**	1:54.4	2.2	**	9-10-9-11	37.4-37.5	38.5	462(+6)			チュウワクリスエス		202606010610
2019105076	2021-09-04	4新潟7	曇	5.0	2歳新馬		10	8.0	10	5.2	2.0	6	戸崎圭太	54.0	芝2000		稍	**	2:05.7	0.9	**	3-3-3-3	37.0-35.8	36.5	506(0)			キャンデセント		202104040705
2019105076	2021-10-17	4東京4	雨	3.0	2歳未勝利		9	4.0	4	7.4	3.0	3	三浦皇成	55.0	芝1800		稍	**	1:52.5	0.3	**	5-5-3	38.3-34.6	34.5	504(-2)			アサヒ	130.0	202105040403
2019105076	2021-11-07	5東京2	曇	3.0	2歳未勝利		10	5.0	5	2.3	2.0	2	三浦皇成	55.0	芝2000		良	**	2:03.1	0.3	**	6-6-6	37.7-34.5	34.2	504(0)			コリエンテス	200.0	202105050203
2019105076	2022-01-29	1東京1	曇	5.0	3歳未勝利		16	5.0	9	5.2	3.0	2	武豊	56.0	芝1800		良	**	1:48.2	0.0	**	5-3-4	36.3-34.3	34.1	512(+8)			ベジャール	210.0	202205010105
2019105076	2022-02-20	1東京8	曇	4.0	3歳未勝利		16	1.0	2	2.6	2.0	3	武豊	56.0	芝1800		重	**	1:49.8	0.8	**	5-4-4	35.9-34.4	34.9	510(-2)			スガオノママデ	130.0	202205010804
2019105076	2022-03-20	2中山7	晴	5.0	3歳未勝利		17	8.0	17	3.7	2.0	3	武豊	56.0	芝2000		重	**	2:04.1	0.2	**	4-6-4-3	36.6-36.7	36.6	508(-2)			レガラール	130.0	202206020705
2019105076	2022-04-17	3中山8	晴	4.0	3歳未勝利		18	3.0	6	3.7	3.0	13	横山武史	56.0	芝2200		稍	**	2:17.0	2.1	**	1-2-3-6	35.5-36.1	37.9	508(0)			キングズパレス		202206030804
2019105076	2022-07-02	2福島1	晴	7.0	3歳未勝利		10	4.0	4	2.3	1.0	2	戸崎圭太	56.0	芝2000		良	**	2:01.2	0.2	**	4-4-4-4	35.7-36.1	35.4	524(+16)			イヴニングスター	210.0	202203020107
2019105076	2022-07-24	2福島8	晴	7.0	3歳未勝利		16	5.0	10	1.8	1.0	4	戸崎圭太	56.0	芝2000		良	**	2:04.6	0.7	**	9-8-7-7	35.7-37.6	37.4	514(-10)			シャドウマッドネス	78.0	202203020807
2019105076	2022-08-21	3新潟4	晴	6.0	3歳未勝利		18	4.0	8	2.8	1.0	1	戸崎圭太	56.0	芝2000		稍	**	2:00.9	0.0	**	17-17-2-3	35.2-35.6	35.3	518(+4)			(キーワード)	520.0	202204030406
2019105076	2022-11-26	5東京7	曇	7.0	3歳以上1勝クラス		7	3.0	3	3.4	2.0	2	ルメール	55.0	芝2400		良	**	2:26.6	0.5	**	4-4-3-3	36.7-34.0	34.3	524(+6)			シュトルーヴェ	310.0	202205050707
2019105076	2023-05-21	2東京10	晴	6.0	4歳以上1勝クラス		8	3.0	3	2.2	2.0	2	ルメール	58.0	芝2400		良	**	2:28.4	0.0	**	3-3-2-4	37.8-34.1	33.7	512(-12)			ライリッズ	320.0	202305021006
2019105076	2023-06-17	3東京5	晴	8.0	3歳以上1勝クラス		9	6.0	6	2.1	2.0	2	ルメール	58.0	芝2400		良	**	2:25.4	0.5	**	7-6-6-6	37.1-34.4	34.4	502(-10)			ナイトインロンドン	320.0	202305030508
2019105076	2023-08-26	2札幌5	晴	9.0	ルスツ特別(1勝クラス)		14	6.0	10	2.5	1.0	14	ルメール	58.0	芝2600		良	**	2:45.3	2.4	**	7-7-10-13	38.3-37.2	38.3	506(+4)			ニシノファンフェア		202301020509
2019105076	2023-10-15	4東京5	曇	7.0	3歳以上1勝クラス		10	8.0	9	6.2	4.0	9	菅原明良	58.0	芝2400		重	**	2:28.0	2.1	**	10-10-10-10	36.6-36.1	35.8	504(-2)			コパノサントス		202305040507
2019105076	2023-12-03	4中京2	晴	12.0	栄特別(1勝クラス)		11	8.0	10	8.5	4.0	3	横山武史	58.0	芝2200		良	**	2:15.0	0.4	**	9-9-9-9	37.6-34.5	34.2	510(+6)			プラニスフェリオ	284.8	202307040212
2019105076	2024-01-20	1中山6	曇	12.0	4歳以上1勝クラス		17	2.0	4	11.5	7.0	12	横山武史	58.0	芝2200		良	**	2:14.6	1.4	**	12-12-13-14	36.3-35.6	35.6	514(+4)			サトノトルネード		202406010612
2019105076	2024-03-24	1中京6	小雨	7.0	4歳以上1勝クラス		9	6.0	6	3.5	2.0	3	ルメール	58.0	芝2200		重	**	2:16.1	1.1	**	8-8-5-4	35.0-37.5	37.8	512(-2)			コパノサントス	200.0	202407010607
2019105076	2024-05-19	2東京10	曇	7.0	4歳以上1勝クラス		9	5.0	5	5.0	3.0	6	ルメール	58.0	芝2400		良	**	2:27.5	1.7	**	7-7-8-7	37.1-34.9	35.9	514(+2)			ジュンツバメガエシ		202405021007
2019105076	2024-09-07	4中山1	晴	7.0	3歳以上1勝クラス		10	3.0	3	10.7	5.0	4	菅原明良	58.0	芝2000		良	**	1:59.2	1.6	**	4-4-4-4	35.0-35.3	34.7	516(+2)			フナデ	120.0	202406040107
2019105076	2024-10-06	4新潟2	晴	9.0	萬代橋特別(1勝クラス)		16	3.0	5	14.6	6.0	9	丸山元気	58.0	芝2400		良	**	2:26.0	0.9	**	12-12-9-7	34.9-36.7	36.9	516(0)			ウィープディライト		202404040209
2019105076	2024-10-27	4新潟8	晴	9.0	湯沢特別(1勝クラス)		16	7.0	14	57.9	12.0	16	丸山元気	58.0	芝2000		良	**	2:03.8	4.4	**	3-4	35.7-34.7	38.5	516(0)			クロシェットノエル		202404040809
2019105076	2025-04-26	1福島5	晴	10.0	飯盛山特別(1勝クラス)		13	1.0	1	52.0	11.0	8	内田博幸	58.0	芝2000		良	**	2:00.3	1.0	**	8-8-9-8	35.4-35.3	35.4	506(-10)			カリーニョ		202503010510
2019105076	2025-05-17	1新潟5	曇	9.0	尖閣湾特別(1勝クラス)		9	2.0	2	47.7	7.0	2	荻野極	58.0	芝2000		稍	**	2:03.2	0.0	**	3-2	37.8-35.0	34.9	506(0)			アンテロース	447.4	202504010509
2019105076	2025-06-15	3東京4	曇	7.0	3歳以上1勝クラス		14	2.0	2	23.4	7.0	7	荻野極	58.0	芝2000		稍	**	2:02.8	0.9	**	3-4-3	37.6-34.6	35.1	508(+2)			ダンツファイター		202505030407
2019105076	2025-08-31	3新潟4	晴	9.0	瓢湖特別(1勝クラス)		11	8.0	12	20.0	6.0	11	荻野極	58.0	芝2200		良	**	2:18.6	5.0	**	2-2-2-5	35.6-35.5	40.4	510(+2)			トリプルコーク		202504030409
2019105076	2025-09-27	4中山8	晴	7.0	3歳以上1勝クラス		16	8.0	15	98.8	10.0	14	荻野極	58.0	芝2200		良	**	2:14.5	2.0	**	16-15-13-15	36.9-34.5	35.5	510(0)			サンカシグレ		202506040807
2019105076	2026-01-17	1中山6	晴	7.0	4歳以上1勝クラス		12	3.0	3	134.3	10.0	7	菅原明良	58.0	芝2200		良	**	2:12.6	0.6	**	8-8-8-9	36.6-35.6	35.5	500(-10)			クリフハンガー		202606010607
2019105808	2021-09-11	4中山1	曇	5.0	2歳新馬		12	3.0	3	34.2	7.0	7	丸田恭介	54.0	芝2000		良	**	2:05.5	1.3	**	7-8-7-9	38.0-34.5	35.2	456(0)			オニャンコポン		202106040105
2019105808	2021-12-26	5中山8	晴	4.0	2歳未勝利		18	6.0	11	76.8	11.0	11	丸田恭介	55.0	芝2000		良	**	2:04.3	1.7	**	18-17-18-16	36.9-35.6	35.7	464(+8)			デインティハート		202106050804
2019105808	2022-02-05	1東京3	晴	5.0	3歳未勝利		15	5.0	9	44.6	9.0	6	丸田恭介	56.0	芝2400		良	**	2:30.3	0.5	**	3-3-3-2	37.6-34.3	34.6	456(-8)			ダノンギャラクシー		202205010305
2019105808	2022-04-09	3中山5	晴	5.0	3歳未勝利		18	4.0	8	29.5	7.0	7	丸田恭介	56.0	芝2000		良	**	2:01.9	1.1	**	8-7-6-9	34.6-37.0	37.1	456(0)			パラレルヴィジョン		202206030505
2019105808	2022-05-01	1福島6	曇	6.0	3歳未勝利		13	6.0	8	9.6	4.0	2	岩田康誠	56.0	芝2600		稍	**	2:42.9	0.1	**	6-6-4-4	36.1-36.8	36.7	454(-2)			マイネルメサイア	210.0	202203010606
2019105808	2022-06-18	1函館3	晴	7.0	3歳未勝利		9	8.0	8	2.8	1.0	3	岩田康誠	56.0	芝2600		良	**	2:41.9	0.3	**	6-6-6-6	37.2-35.9	35.5	456(+2)			レッドファーロ	130.0	202202010307
2019105808	2022-07-17	1函館12	雨	6.0	3歳未勝利		16	4.0	7	2.8	1.0	5	岩田康誠	56.0	芝2600		重	**	2:50.8	1.8	**	9-9-3-2	37.9-39.1	40.7	458(+2)			ジェンヌ	52.0	202202011206
2019105808	2022-08-06	1札幌5	晴	6.0	3歳未勝利		16	4.0	7	11.8	7.0	1	横山和生	56.0	芝2000		良	**	2:02.4	0.0	**	16-9-1-1	35.8-36.3	36.3	460(+2)			(ダノンフロイデ)	365.0	202201010506
2019105808	2022-11-12	3福島3	晴	8.0	3歳以上1勝クラス		16	8.0	15	15.5	8.0	3	団野大成	55.0	芝2600		良	**	2:43.1	0.1	**	6-6-5-4	38.0-36.6	36.4	456(-4)			ブラックラテ	190.0	202203030308
2019105808	2022-12-18	5中山6	晴	12.0	3歳以上1勝クラス		12	6.0	7	5.8	4.0	5	岩田康誠	55.0	芝2500		稍	**	2:39.1	0.5	**	6-6-7-7	32.4-35.4	35.3	466(+10)			ブローザホーン	77.0	202206050612
2019105808	2023-01-21	1小倉3	晴	7.0	4歳以上1勝クラス		9	4.0	4	3.5	2.0	1	団野大成	57.0	芝2600		稍	**	2:41.1	-0.1	**	4-3-3-2	37.6-35.1	34.9	464(-2)			(ルヴェルディ)	800.0	202310010307
2019105808	2023-02-18	2小倉3	小雨	10.0	皿倉山特別(2勝クラス)		11	5.0	5	5.1	3.0	8	幸英明	55.0	芝2600		稍	**	2:43.4	2.1	**	10-10-5-8	36.4-36.9	38.6	466(+2)			ジャンカズマ		202310020310
2019105808	2023-04-16	1福島4	晴	10.0	奥の細道特別(2勝クラス)		13	8.0	13	13.2	8.0	2	菱田裕二	58.0	芝2600		稍	**	2:44.5	0.1	**	13-13-12-8	39.0-38.2	37.1	464(-2)			ウインエアフォルク	628.0	202303010410
2019105808	2023-05-28	2東京12	晴	8.0	青嵐賞(2勝クラス)		11	6.0	7	46.1	10.0	6	丸田恭介	58.0	芝2400		良	**	2:26.3	0.7	**	7-6-8-11	37.6-34.5	34.3	462(-2)			ドリームインパクト		202305021208
2019105808	2023-07-16	2福島6	晴	9.0	信夫山特別(2勝クラス)		11	3.0	3	8.4	3.0	4	丸田恭介	58.0	芝2600		良	**	2:42.6	0.7	**	10-9-8-7	38.2-36.2	36.2	466(+4)			サヴォーナ	230.0	202303020609
2019105808	2023-11-04	3福島1	曇	10.0	三陸特別(2勝クラス)		16	3.0	5	8.6	4.0	10	丸田恭介	56.0	芝2600		良	**	2:41.4	1.6	**	16-16-14-13	35.2-37.7	38.2	458(-8)			ダイム		202303030110
2019105808	2023-12-03	5中山2	晴	8.0	3歳以上2勝クラス		12	4.0	4	33.6	9.0	10	丸田恭介	58.0	芝2500		良	**	2:33.4	1.1	**	2-2-2-2	31.3-34.6	35.6	468(+10)			エリカヴァレリア		202306050208
2019105808	2024-01-14	1小倉2	晴	9.0	玄海特別(2勝クラス)		13	3.0	3	37.9	7.0	8	浜中俊	58.0	芝2000		良	**	2:00.4	0.7	**	13-7-2-3	36.5-34.6	35.0	470(+2)			ウインシュクラン		202410010209
2019105808	2024-02-17	2小倉3	晴	10.0	皿倉山特別(2勝クラス)		16	2.0	4	48.6	12.0	10	荻野極	58.0	芝2600		良	**	2:40.3	0.8	**	10-9-13-12	36.3-35.6	35.4	480(+10)			サトノクローク		202410020310
2019105808	2024-02-24	2小倉5	晴	11.0	八代特別(2勝クラス)		15	6.0	10	19.7	8.0	13	丸山元気	55.0	芝2000		稍	**	2:02.9	0.7	**	9-9-6-7	36.1-36.3	36.5	476(-4)			マリネロ		202410020511
2019105808	2024-03-24	1中京6	小雨	10.0	ロードカナロアC(2勝クラス)		16	3.0	5	56.8	13.0	14	岩田康誠	58.0	ダ1800		重	**	1:52.6	2.2	**	14-14-15-15	36.7-36.6	37.1	476(0)			サンテックス		202407010610
2019105808	2025-03-01	1小倉11	曇	4.0	障害4歳以上未勝利		12	7.0	10	33.2	7.0	9	伴啓太	60.0	障2860		良		3:19.5	4.0		10-9-9-7	106.1-0.0	14.0	496(+20)			ダイスアローリング		202510011104
2019105808	2025-05-04	1新潟2	晴	4.0	障害4歳以上未勝利		14	8.0	14	33.4	10.0	9	伴啓太	60.0	障2890		稍		3:16.0	3.9		12-11-10-10	106.1-0.0	13.6	496(0)			ジーククローネ		202504010204
2019105808	2025-07-20	2福島8	晴	1.0	障害3歳以上未勝利		14	4.0	5	14.9	6.0	8	伴啓太	60.0	障2770		良		3:08.3	1.9		7-6-6-6	108.0-0.0	13.6	492(-4)			マイネルメサイア		202503020801
2019105808	2025-09-28	4阪神9	晴	1.0	障害3歳以上未勝利		12	8.0	12	16.5	5.0	9	伴啓太	60.0	障2970		良		3:28.8	4.0		8-9-6-7	105.1-0.0	14.1	486(-6)			フームスムート		202509040901
2019105808	2026-01-17	1中山6	晴	4.0	障害4歳以上未勝利		12	7.0	10	53.9	8.0	5	伴啓太	60.0	障2880		良		3:17.2	2.3		6-6-5-5	106.1-0.0	13.7	490(+4)			コレクテイニア	84.0	202606010604
2019106030	2022-01-08	1中山2	晴	6.0	3歳新馬		16	1.0	1	6.9	4.0	5	戸崎圭太	56.0	芝1600		稍	**	1:37.0	1.3	**	7-7-7	35.4-36.0	35.8	528(0)			リヴォリ	60.0	202206010206
2019106030	2022-01-29	1東京1	曇	5.0	3歳未勝利		16	4.0	7	75.5	7.0	10	岩田康誠	56.0	芝1800		良	**	1:49.8	1.6	**	2-3-4	36.3-34.3	35.6	524(-4)			ベジャール		202205010105
2019106030	2022-04-02	3中山3	晴	6.0	3歳未勝利		15	6.0	10	5.8	2.0	1	戸崎圭太	56.0	ダ1800		重	**	1:54.4	-0.5	**	3-2-2-2	37.0-38.8	38.6	526(+2)			(ダンディジャック)	520.0	202206030306
2019106030	2022-04-17	3中山8	晴	5.0	3歳1勝クラス		13	5.0	6	67.7	9.0	7	戸崎圭太	56.0	ダ1800		稍	**	1:53.8	1.7	**	8-7-10-9	36.8-37.8	38.3	530(+4)			ペイシャエス		202206030805
2019106030	2022-08-14	3新潟2	曇	8.0	3歳以上1勝クラス		15	2.0	2	15.2	7.0	3	戸崎圭太	54.0	ダ1800		重	**	1:52.3	0.4	**	12-12-13-13	35.9-38.9	38.0	534(+4)			イスカンダル	190.0	202204030208
2019106030	2022-09-19	4中山5	晴	8.0	3歳以上1勝クラス		16	5.0	10	4.2	1.0	3	戸崎圭太	54.0	ダ2400		重	**	2:34.7	0.6	**	10-10-10-7	37.5-39.9	39.1	520(-14)			ワカミヤプレスト	190.0	202206040508
2019106030	2022-10-08	4東京1	曇	8.0	3歳以上1勝クラス		13	6.0	9	6.3	4.0	1	戸崎圭太	55.0	ダ2100		重	**	2:08.5	-0.1	**	7-7-7-4	30.2-37.2	36.7	520(0)			(スリーエクスプレス)	770.0	202205040108
2019106030	2023-01-28	1東京1	晴	8.0	4歳以上2勝クラス		16	1.0	1	6.7	3.0	1	ルメール	57.0	ダ2100		良	**	2:11.2	-0.5	**	1-1-1-1	30.6-36.7	36.7	526(+6)			(キングサーガ)	1140.0	202305010108
2019106030	2023-02-18	1東京7	晴	10.0	金蹄S(3勝クラス)		16	3.0	5	2.3	1.0	3	ルメール	57.0	ダ2100		稍	**	2:10.2	1.1	**	2-2-3-3	30.8-36.6	37.4	522(-4)			ダノンラスター	464.9	202305010710
2019106030	2023-09-02	3新潟7	曇	11.0	古町S(3勝クラス)		15	6.0	10	7.0	4.0	7	坂井瑠星	57.0	ダ1800		良	**	1:53.6	1.5	**	6-6-5-7	36.5-37.8	38.6	510(-12)			ラブリークイーン		202304030711
2019106030	2023-10-21	4東京6	晴	10.0	神無月S(3勝クラス)		16	6.0	12	5.3	3.0	2	坂井瑠星	58.0	ダ2100		良	**	2:09.8	0.2	**	7-7-5-3	30.1-37.7	37.7	514(+4)			オーロイプラータ	749.6	202305040610
2019106030	2023-11-18	5東京5	晴	10.0	晩秋S(3勝クラス)		16	8.0	16	3.0	2.0	4	ルメール	57.0	ダ2100		重	**	2:10.0	0.7	**	8-3-3-3	31.8-36.9	37.4	510(-4)			オーサムリザルト	280.0	202305050510
2019106030	2024-02-17	1東京7	曇	10.0	金蹄S(3勝クラス)		13	8.0	13	11.3	4.0	3	ピーヒュ	58.0	ダ2100		良	**	2:11.6	0.5	**	12-12-12-10	30.6-37.2	36.8	522(+12)			クールミラボー	464.0	202405010710
2019106030	2024-03-16	2中山7	晴	10.0	韓国馬事会杯(3勝クラス)		14	6.0	9	5.4	3.0	2	戸崎圭太	58.0	ダ1800		良	**	1:51.7	0.2	**	8-8-6-6	35.6-38.6	38.3	526(+4)			ブレイクフォース	748.8	202406020710
2019106030	2024-04-13	3中山7	晴	10.0	下総S(3勝クラス)		14	6.0	9	2.0	1.0	3	戸崎圭太	58.0	ダ1800		良	**	1:52.1	0.4	**	4-4-3-2	37.4-37.4	37.6	524(-2)			アクションプラン	464.2	202406030710
2019106030	2024-05-19	2東京10	曇	10.0	エアグルーヴC(3勝クラス)		16	3.0	5	2.4	1.0	2	ルメール	58.0	ダ2100		良	**	2:10.7	0.2	**	6-5-5-5	30.8-36.9	36.4	526(+2)			ルクスフロンティア	750.2	202405021010
2019106030	2025-10-18	4東京6	曇	10.0	伊勢佐木S(3勝クラス)		16	4.0	7	12.7	6.0	12	横山武史	58.0	ダ2100		良	**	2:14.4	2.4	**	14-14-14-13	31.4-36.6	37.5	524(-2)			ピカピカサンダー		202505040610
2019106030	2025-11-24	5東京6	晴	10.0	晩秋S(3勝クラス)		16	4.0	8	44.2	7.0	5	プーシャ	57.0	ダ2100		良	**	2:11.4	1.4	**	12-9-7-6	30.9-37.4	37.9	528(+4)			キョウキランブ	184.0	202505050610
2019106030	2025-12-21	5中山6	曇	10.0	北総S(3勝クラス)		15	6.0	11	15.5	5.0	6	プーシャ	58.0	ダ1800		重	**	1:52.1	1.0	**	2-3-5-5	36.4-36.9	37.5	530(+2)			イムホテプ		202506050610
2019106030	2026-01-17	1中山6	晴	10.0	アレキサンドライトS(3勝クラス)		16	6.0	11	18.6	9.0	2	横山武史	57.0	ダ1800		良	**	1:52.8	0.6	**	3-3-3-3	37.4-37.5	37.9	532(+2)			チュウワクリスエス	760.0	202606010610
2019106632	2021-11-07	5阪神2	晴	4.0	2歳新馬		12	2.0	2	13.3	6.0	11	角田大和	52.0	ダ1200		良	**	1:17.1	3.2	**	7-12	36.5-37.4	39.4	492(0)			クロデメニル		202109050204
2019106632	2021-11-21	5阪神6	晴	2.0	2歳未勝利		15	2.0	3	44.4	9.0	5	岩田康誠	55.0	ダ1200		良	**	1:13.8	1.1	**	4-5	35.5-37.2	38.0	490(-2)			ファーンヒル	51.0	202109050602
2019106632	2021-12-11	6中京3	晴	2.0	2歳未勝利		16	3.0	6	3.4	2.0	1	岩田康誠	55.0	ダ1200		良	**	1:12.8	-0.6	**	1-1	34.9-37.9	37.9	486(-4)			(デルマシルフ)	510.0	202107060302
2019106632	2022-01-15	1中京5	晴	7.0	3歳1勝クラス		11	8.0	11	12.5	8.0	8	石川裕紀	56.0	ダ1200		良	**	1:13.9	1.0	**	4-5	35.4-37.5	38.1	484(-2)			ペプチドヤマト		202207010507
2019106632	2022-01-30	1中京10	曇	4.0	3歳1勝クラス		12	6.0	8	25.7	7.0	12	酒井学	56.0	ダ1200		良	**	1:15.5	3.0	**	2-2	35.3-37.2	40.1	486(+2)			フルム		202207011004
2019106632	2022-02-12	1阪神1	晴	6.0	3歳1勝クラス		16	5.0	9	290.1	15.0	15	中井裕二	56.0	ダ1400		良	**	1:26.9	2.1	**	16-16	34.4-38.0	38.4	482(-4)			コンクパール		202209010106
2019106632	2022-09-10	5中京1	晴	7.0	3歳以上1勝クラス		11	6.0	6	11.7	7.0	3	岩田康誠	55.0	ダ1200		不	**	1:10.6	1.2	**	4-4	34.3-35.1	35.9	470(-12)			クレア	190.0	202207050107
2019106632	2022-10-10	4阪神3	曇	7.0	3歳以上1勝クラス		14	4.0	6	13.2	7.0	4	岩田康誠	55.0	ダ1200		不	**	1:11.2	0.4	**	3-4	34.5-36.3	36.4	482(+12)			スリードレフォン	120.0	202209040307
2019106632	2022-11-12	5阪神3	晴	6.0	3歳以上1勝クラス		15	6.0	11	6.5	4.0	1	岩田望来	56.0	ダ1400		良	**	1:24.0	-0.4	**	4-4	34.4-37.5	36.9	480(-2)			(サトノテンペスト)	770.0	202209050306
2019106632	2022-12-11	6阪神4	晴	12.0	夙川特別(2勝クラス)		16	7.0	13	3.3	1.0	1	岩田望来	56.0	ダ1200		良	**	1:11.7	-0.3	**	5-4	34.9-36.8	36.3	476(-4)			(ユスティニアン)	1543.6	202209060412
2019106632	2023-01-05	1中京1	晴	9.0	門松S(3勝クラス)		16	6.0	12	5.4	3.0	2	岩田望来	57.0	ダ1400		良	**	1:24.9	0.4	**	3-3	35.0-37.0	37.2	486(+10)			ヴァルキュリア	750.8	202307010109
2019106632	2023-01-28	1中京9	晴	11.0	伊賀S(3勝クラス)		16	3.0	6	6.3	4.0	7	岩田望来	57.0	ダ1200		良	**	1:12.4	1.0	**	8-7	34.4-37.0	37.3	484(-2)			サンライズホーク		202307010911
2019106632	2023-04-15	2阪神7	雨	10.0	天満橋S(3勝クラス)		16	6.0	11	15.5	7.0	7	岩田康誠	57.0	ダ1400		不	**	1:23.5	0.9	**	9-9	34.4-36.4	36.4	480(-4)			タガノクリステル		202309020710
2019106632	2023-05-21	1京都10	晴	11.0	高瀬川S(3勝クラス)		16	1.0	2	8.5	4.0	16	岩田康誠	57.0	ダ1400		良	**	1:28.0	3.3	**	10-8	34.6-37.8	40.1	484(+4)			サトノテンペスト		202308011011
2019106632	2023-11-04	3京都1	曇	10.0	貴船S(3勝クラス)		16	5.0	9	52.9	11.0	12	岩田康誠	56.0	ダ1200		良	**	1:12.4	1.6	**	16-16	35.4-35.4	35.4	494(+10)			パラシュラーマ		202308030110
2019106632	2023-11-19	3京都6	晴	12.0	西陣S(3勝クラス)		14	8.0	14	39.2	10.0	6	Ｍ．デム	58.0	ダ1400		稍	**	1:24.6	0.6	**	2-2	34.9-36.9	37.3	490(-4)			テーオーステルス		202308030612
2019106632	2023-12-24	5中山8	晴	12.0	フェアウェルS(3勝クラス)		16	7.0	14	53.0	10.0	13	佐々木大	58.0	ダ1200		良	**	1:11.6	1.3	**	8-9	33.5-36.8	37.4	494(+4)			メズメライザー		202306050812
2019106632	2024-02-03	2京都3	晴	9.0	橿原S(3勝クラス)		16	1.0	1	68.2	11.0	6	Ｍ．デム	58.0	ダ1200		良	**	1:11.7	0.9	**	5-5	34.0-36.8	36.9	502(+8)			ドンアミティエ		202408020309
2019106632	2024-03-02	1阪神3	曇	10.0	なにわS(3勝クラス)		16	5.0	10	25.5	7.0	8	田辺裕信	58.0	ダ1200		稍	**	1:12.0	1.0	**	12-12	34.6-36.4	36.1	490(-12)			コパノパサディナ		202409010310
2019106632	2024-04-21	2東京2	曇	10.0	鎌倉S(3勝クラス)		15	7.0	12	27.8	7.0	12	吉田豊	58.0	ダ1400		良	**	1:26.0	2.2	**	10-11	34.4-37.2	37.5	494(+4)			コパノニコルソン		202405020210
2019106632	2024-06-23	4京都8	曇	10.0	サイレンススズカC(3勝クラス)		15	8.0	14	132.0	14.0	3	鮫島良太	58.0	ダ1400		不	**	1:23.4	0.1	**	2-2	35.9-35.4	35.2	484(-10)			ライツフォル	466.2	202408040810
2019106632	2024-07-13	3小倉5	雨	11.0	宮崎S(3勝クラス)		15	3.0	6			取	鮫島良太	56.0	ダ1700		良	**			**		29.6-37.2		計不			クレスコジョケツ		202410030511
2019106632	2024-09-01	2中京8	曇	10.0	桶狭間S(3勝クラス)		16	3.0	5	23.0	6.0	4	鮫島良太	58.0	ダ1400		重	**	1:22.7	1.0	**	8-8	34.2-35.8	36.0	484(0)			アドバンスファラオ	280.0	202407020810
2019106632	2024-10-20	5京都6	晴	12.0	桂川S(3勝クラス)		12	2.0	2	26.0	8.0	10	鮫島良太	58.0	ダ1400		稍	**	1:26.2	1.8	**	1-1	35.3-37.1	38.9	492(+8)			テイエムリステット		202408050612
2019106632	2024-11-03	5東京2	晴	10.0	錦秋S(3勝クラス)		11	1.0	1	141.3	10.0	11	鮫島良太	58.0	ダ1600		重	**	1:38.0	1.6	**	4-4	36.5-34.9	36.1	480(-12)			ウェイワードアクト		202405050210
2019106632	2024-12-15	7京都6	晴	10.0	サリオスC(3勝クラス)		16	4.0	8	87.1	12.0	15	古川吉洋	58.0	ダ1400		良	**	1:27.6	2.0	**	7-9	35.5-37.8	39.0	492(+12)			ナスティウェザー		202408070610
2019106632	2025-02-22	1京都7	曇	10.0	河原町S(3勝クラス)		16	7.0	14	61.1	12.0	8	鮫島良太	55.0	ダ1400		良	**	1:25.2	1.3	**	9-11	35.1-36.9	37.2	496(+4)			ニシキギミッチー		202508010710
2019106632	2025-04-06	2阪神4	晴	12.0	陽春S(3勝クラス)		11	8.0	10	17.6	7.0	7	鮫島良太	58.0	ダ1200		良	**	1:12.0	0.6	**	6-6	34.3-37.1	37.0	490(-6)			エコロガイア		202509020412
2019106632	2025-05-25	2京都10	曇	10.0	高瀬川S(3勝クラス)		16	7.0	14	88.0	14.0	10	鮫島良太	58.0	ダ1400		重	**	1:23.0	0.8	**	3-2	34.2-36.3	36.9	490(0)			キャプテンネキ		202508021010
2019106632	2025-07-20	2小倉8	晴	10.0	宮崎S(3勝クラス)		13	6.0	8	21.7	9.0	9	鮫島良太	54.0	ダ1700		良	**	1:45.8	2.1	**	12-12-13-13	30.1-38.1	36.8	492(+2)			レアンダー		202510020810
2019106632	2025-09-20	4阪神6	曇	11.0	大阪スポーツ杯(3勝クラス)		13	7.0	11	161.3	13.0	2	鮫島良太	58.0	ダ1400		良	**	1:24.4	0.1	**	4-4	35.6-36.6	36.4	488(-4)			スターペスカオリ	747.8	202509040611
2019106632	2025-10-19	3京都7	曇	10.0	京都開設100周年(3勝クラス)		16	6.0	11	46.6	9.0	14	鮫島良太	55.0	ダ1400		良	**	1:25.1	1.9	**	13-15	35.7-35.4	36.3	494(+6)			グランフォーブル		202508030710
2019106632	2026-01-17	1京都6	晴	11.0	羅生門S(3勝クラス)		16	6.0	11	144.3	13.0	12	鮫島良太	58.0	ダ1400		良	**	1:25.4	1.5	**	3-3	35.3-36.2	37.5	498(+4)			エストレヤデベレン		202608010611
2020100363	2022-10-10	4東京3	曇	6.0	2歳新馬		16	8.0	15	11.4	5.0	3	横山和生	55.0	ダ1400		重	**	1:25.1	0.1	**	9-9	35.5-37.4	36.2	504(0)			マーゴットレーヴ	180.0	202205040306
2020100363	2023-02-04	1東京3	晴	2.0	3歳未勝利		16	4.0	7	1.6	1.0	7	横山和生	56.0	ダ1300		良	**	1:22.1	0.6	**	13-13	31.3-36.8	35.9	494(-10)			ドラゴングライダー		202305010302
2020100363	2023-03-25	3中山1	雨	2.0	3歳未勝利		16	6.0	12	3.5	2.0	1	横山和生	56.0	ダ1200		不	**	1:11.1	-0.1	**	4-4	34.0-37.1	36.7	500(+6)			(コパノエルパソ)	550.0	202306030102
2020100363	2023-04-16	3中山8	晴	5.0	3歳1勝クラス		16	6.0	11	21.9	9.0	6	横山和生	56.0	ダ1200		重	**	1:11.4	0.8	**	16-14	33.9-36.7	36.0	500(0)			スクーバー		202306030805
2020100363	2023-08-20	3新潟4	晴	8.0	3歳以上1勝クラス		15	8.0	15	8.3	6.0	8	吉田豊	56.0	ダ1200		良	**	1:13.3	0.5	**	10-11	35.0-37.8	37.6	514(+14)			ダークンストーミー		202304030408
2020100363	2023-09-10	4中山2	晴	4.0	3歳以上1勝クラス		16	1.0	2	14.5	5.0	2	吉田豊	56.0	ダ1200		稍	**	1:11.3	0.1	**	11-10	33.9-37.3	36.0	514(0)			エコロドゥネス	320.0	202306040204
2020100363	2023-10-01	4中山9	曇	6.0	3歳以上1勝クラス		16	1.0	1	5.4	2.0	1	吉田豊	56.0	ダ1200		良	**	1:11.1	0.0	**	12-11	33.5-37.6	35.9	514(0)			(バンドールロゼ)	800.0	202306040906
2020100363	2023-10-28	4東京8	晴	12.0	3歳以上2勝クラス		11	8.0	10	5.3	3.0	4	吉田豊	56.0	ダ1400		良	**	1:26.3	0.5	**	11-9	36.5-36.5	36.0	514(0)			フォトスフィア	170.0	202305040812
2020100363	2023-11-25	5東京7	晴	8.0	3歳以上2勝クラス		16	7.0	13	14.4	4.0	8	吉田豊	57.0	ダ1400		良	**	1:24.9	1.0	**	14-13	35.3-36.8	36.2	514(0)			プラチナジュビリー		202305050708
2020100363	2024-03-03	2中山4	晴	12.0	4歳以上2勝クラス		16	4.0	7	8.4	3.0	5	吉田豊	58.0	ダ1200		稍	**	1:11.7	0.7	**	14-13	33.6-37.4	36.1	512(-2)			ロレンツォ	114.0	202406020412
2020100363	2024-03-31	3中山4	晴	12.0	4歳以上2勝クラス		16	1.0	1	9.3	4.0	5	吉田豊	58.0	ダ1200		良	**	1:11.9	0.7	**	14-13	34.5-36.7	36.1	508(-4)			ムーヴ	114.0	202406030412
2020100363	2024-04-13	3中山7	晴	12.0	袖ケ浦特別(2勝クラス)		15	4.0	7	20.1	7.0	6	吉田豊	58.0	ダ1200		良	**	1:11.4	0.6	**	13-13	34.7-36.1	35.5	510(+2)			ハヤブサジェット		202406030712
2020100363	2024-06-02	3東京2	小雨	12.0	小金井特別(2勝クラス)		16	3.0	6	29.6	10.0	8	横山和生	58.0	ダ1400		重	**	1:24.2	1.1	**	14-14	36.1-34.8	34.4	522(+12)			ジャスリー		202405030212
2020100363	2024-09-08	4中山2	晴	12.0	3歳以上2勝クラス		15	4.0	6	14.5	3.0	3	原優介	57.0	ダ1200		良	**	1:11.3	0.7	**	13-10	33.7-36.9	36.0	514(-8)			ブシン	290.0	202406040212
2020100363	2024-09-28	4中山8	曇	12.0	3歳以上2勝クラス		16	1.0	2	18.8	6.0	3	原優介	57.0	ダ1200		良	**	1:11.0	0.4	**	11-11	33.3-37.3	36.5	522(+8)			カンパニョーラ	290.0	202406040812
2020100363	2024-10-13	4東京3	晴	12.0	西湖特別(2勝クラス)		11	8.0	11	6.8	4.0	3	原優介	58.0	ダ1300		良	**	1:17.8	0.2	**	8-8	29.7-35.9	35.2	522(0)			ガンウルフ	393.5	202405040312
2020100363	2024-12-22	5中山8	晴	8.0	冬至特別(2勝クラス)		16	8.0	16	5.7	3.0	3	横山和生	58.0	ダ1200		良	**	1:11.9	0.3	**	3-3	33.6-38.0	38.1	530(+8)			ロードフロンティア	395.2	202406050808
2020100363	2025-01-12	1中山4	曇	12.0	4歳以上2勝クラス		16	2.0	3	6.6	4.0	3	横山和生	58.0	ダ1200		良	**	1:10.9	0.3	**	14-14	33.7-36.9	35.8	520(-10)			ニットウバジル	290.0	202506010412
2020100363	2025-12-13	5中山3	曇	12.0	3歳以上2勝クラス		13	7.0	11	4.8	2.0	6	戸崎圭太	58.0	ダ1200		良	**	1:12.1	0.9	**	10-9	34.3-36.9	36.9	528(+8)			シュヴァルボヌール		202506050312
2020100363	2026-01-17	1中山6	晴	8.0	4歳以上2勝クラス		16	7.0	13	12.1	4.0	2	横山和生	58.0	ダ1200		良	**	1:11.8	0.0	**	9-9	33.8-38.0	36.6	528(0)			ゴールドハンマー	480.0	202606010608
2020100665	2022-09-25	4中山7	晴	5.0	2歳新馬		10	4.0	4	15.0	5.0	5	菅原明良	54.0	芝2000		良	**	2:07.0	0.7	**	1-1-1-1	38.6-35.1	35.8	504(0)			スマラグドス	70.0	202206040705
2020100665	2022-10-09	4阪神2	曇	2.0	2歳未勝利		10	6.0	6	14.9	6.0	5	岩田望来	55.0	芝1800		良	**	1:48.3	0.3	**	1-1	36.2-34.1	34.4	498(-6)			ワイドアラジン	52.0	202209040202
2020100665	2022-10-23	4阪神7	晴	1.0	2歳未勝利		12	2.0	2	4.7	2.0	4	岩田望来	55.0	ダ1800		良	**	1:55.6	0.2	**	6-4-4-4	37.9-38.1	37.9	496(-2)			カレンアルカンタラ	78.0	202209040701
2020100665	2022-11-13	5阪神4	曇	1.0	2歳未勝利		11	5.0	5	6.1	4.0	1	フォーリ	55.0	ダ1800		良	**	1:55.6	-0.1	**	2-3-5-4	38.9-37.8	37.5	496(0)			(イサイアス)	520.0	202209050401
2020100665	2022-12-11	5中山4	曇	7.0	2歳1勝クラス		14	8.0	14	12.9	6.0	4	永野猛蔵	54.0	ダ1800		良	**	1:55.5	0.9	**	8-10-10-10	38.3-38.9	38.8	494(-2)			モンドプリューム	110.0	202206050407
2020100665	2022-12-28	6阪神9	晴	6.0	2歳1勝クラス		11	2.0	2	17.4	4.0	4	岩田望来	55.0	ダ1800		良	**	1:54.8	0.9	**	4-4-3-4	37.3-37.6	38.3	496(+2)			ユティタム	110.0	202209060906
2020100665	2023-01-22	1中京8	晴	4.0	3歳1勝クラス		8	5.0	5	10.3	6.0	6	ムルザバ	56.0	ダ1800		良	**	1:56.5	1.1	**	5-5-2-2	37.9-38.2	39.3	500(+4)			エクロジャイト		202307010804
2020100665	2023-04-15	3中山7	雨	6.0	3歳1勝クラス		13	8.0	13	13.0	7.0	4	津村明秀	56.0	ダ1800		重	**	1:53.1	0.9	**	6-4-4-2	37.1-37.5	38.1	494(-6)			ハッスルダンク	120.0	202306030706
2020100665	2023-05-06	1新潟3	曇	9.0	わらび賞(1勝クラス)		15	2.0	3	13.6	6.0	1	丸山元気	56.0	ダ1800		稍	**	1:53.8	-0.3	**	11-10-11-8	35.5-39.8	38.4	496(+2)			(ディアサクセサー)	1106.4	202304010309
2020100665	2023-05-21	1京都10	晴	10.0	鳳雛S(L)		11	4.0	4	21.3	10.0	3	松山弘平	56.0	ダ1800		良	**	1:54.1	0.5	**	4-4-5-6	37.2-37.1	37.1	498(+2)			エクロジャイト	483.3	202308011010
2020100665	2023-06-18	3東京6	晴	11.0	ユニコーンS(GIII)		15	2.0	2	42.1	9.0	13	丸山元気	56.0	ダ1600		良	**	1:37.2	2.2	**	8-9	34.6-37.0	37.7	504(+6)			ペリエール		202305030611
2020100665	2023-12-28	5中山9	晴	9.0	立志賞(2勝クラス)		16	3.0	6	12.9	5.0	4	松山弘平	57.0	ダ1800		良	**	1:54.3	0.8	**	10-10-10-11	36.2-39.2	39.2	512(+8)			アクションプラン	230.0	202306050909
2020100665	2024-01-14	1中山5	晴	8.0	4歳以上2勝クラス		16	5.0	9	9.1	4.0	中	横山武史	57.0	ダ1800		良	**			**		37.0-38.0		522(+10)			ペンティメント		202406010508
2020100665	2024-03-16	1中京3	晴	9.0	弥富特別(2勝クラス)		16	6.0	11	42.0	13.0	8	北村宏司	57.0	ダ1900		良	**	2:00.6	1.4	**	12-12-13-12	30.6-36.9	37.1	512(-10)			メイショウコガシラ		202407010309
2020100665	2024-03-30	3中山3	晴	10.0	千葉日報杯(2勝クラス)		15	8.0	15	5.7	4.0	4	岩田望来	58.0	ダ1800		重	**	1:51.5	0.3	**	2-2-2-2	36.4-37.5	37.8	502(-10)			ストライク	230.0	202406030310
2020100665	2024-05-12	3京都8	曇	12.0	4歳以上2勝クラス		14	5.0	8	6.9	4.0	3	和田竜二	58.0	ダ1800		良	**	1:53.6	0.7	**	2-2-3-3	37.1-37.5	37.8	516(+14)			マーブルロック	290.0	202408030812
2020100665	2024-05-25	2東京11	晴	12.0	4歳以上2勝クラス		16	1.0	1	11.8	4.0	4	モレイラ	58.0	ダ1600		良	**	1:36.5	0.4	**	7-7	35.0-36.5	36.4	508(-8)			プラーヴィ	170.0	202405021112
2020100665	2024-06-16	4京都6	晴	12.0	3歳以上2勝クラス		16	1.0	1	8.4	4.0	3	松山弘平	58.0	ダ1800		良	**	1:53.3	0.5	**	6-6-9-10	37.4-36.8	36.6	508(0)			ジーサイクロン	290.0	202408040612
2020100665	2024-11-16	6京都5	小雨	10.0	近江特別(2勝クラス)		16	6.0	12	14.1	6.0	5	シュタル	58.0	ダ1900		良	**	2:00.0	1.1	**	4-4-3-4	30.5-38.1	38.9	512(+4)			メイプルタピット	155.0	202408060510
2020100665	2024-11-30	5中山1	晴	10.0	鹿島特別(2勝クラス)		15	6.0	10	8.2	5.0	7	坂井瑠星	58.0	ダ1800		稍	**	1:53.8	1.0	**	4-3-6-4	35.8-37.6	38.3	502(-10)			サクラトップリアル		202406050110
2020100665	2024-12-22	7京都8	晴	9.0	クリスマスエルフ賞(2勝クラス)		16	5.0	9	12.1	5.0	4	岩田望来	58.0	ダ1800		良	**	1:54.3	0.5	**	2-2-2-2	37.2-38.6	38.5	514(+12)			タンゴバイラリン	230.0	202408070809
2020100665	2025-01-13	1中京5	晴	9.0	鳥羽特別(2勝クラス)		16	3.0	5	8.2	5.0	7	川田将雅	58.0	ダ1400		良	**	1:25.2	0.4	**	11-11	34.8-37.4	36.9	512(-2)			エムズマインド		202507010509
2020100665	2025-03-23	1阪神8	晴	12.0	4歳以上2勝クラス		16	1.0	2	27.5	8.0	5	浜中俊	58.0	ダ1400		良	**	1:25.4	1.2	**	4-4	34.2-37.5	38.4	512(0)			ビダーヤ	114.0	202509010812
2020100665	2025-04-05	2阪神3	曇	12.0	4歳以上2勝クラス		16	8.0	15	10.1	5.0	8	浜中俊	58.0	ダ1400		良	**	1:25.4	0.7	**	4-4	35.5-36.7	37.0	512(0)			フラムリンガム		202509020312
2020100665	2025-04-19	2阪神7	晴	9.0	吹田特別(2勝クラス)		16	4.0	7	17.6	6.0	4	浜中俊	58.0	ダ1400		良	**	1:25.4	0.4	**	12-11	35.1-37.5	36.9	512(0)			ルディック	230.0	202509020709
2020100665	2025-05-11	2京都6	曇	12.0	4歳以上2勝クラス		16	8.0	16	7.9	6.0	2	シュタル	58.0	ダ1400		稍	**	1:24.3	0.4	**	6-6	35.0-36.4	36.4	510(-2)			プルートマスター	460.0	202508020612
2020100665	2025-06-08	3東京2	晴	10.0	八王子特別(2勝クラス)		16	8.0	16	11.6	4.0	11	浜中俊	58.0	ダ1400		良	**	1:24.6	0.9	**	3-3	35.4-36.4	37.1	504(-6)			スティールブルー		202505030210
2020100665	2025-09-07	4阪神2	晴	12.0	3歳以上2勝クラス		12	3.0	3	28.1	9.0	10	池添謙一	58.0	ダ1400		良	**	1:25.4	1.2	**	3-2	35.3-36.8	37.7	514(+10)			ダノンスウィッチ		202509040212
2020100665	2025-09-27	4阪神8	晴	12.0	3歳以上2勝クラス		16	1.0	1	19.6	6.0	3	松山弘平	58.0	ダ1200		良	**	1:11.5	0.9	**	7-7	34.3-36.3	36.2	512(-2)			タカネノハナコサン	290.0	202509040812
2020100665	2025-10-18	4新潟1	曇	10.0	妙高特別(2勝クラス)		15	6.0	11	6.5	3.0	11	松山弘平	58.0	ダ1200		良	**	1:12.9	1.7	**	12-12	34.0-37.2	37.6	510(-2)			ファムエレガンテ		202504040110
2020100665	2025-11-08	4京都1	晴	9.0	亀岡特別(2勝クラス)		16	2.0	3	88.5	10.0	1	吉村誠之	58.0	ダ1400		良	**	1:23.3	-0.2	**	8-6	33.8-37.7	36.8	514(+4)			(ポートデラメール)	1585.7	202508040109
2020100665	2025-11-23	4京都6	晴	10.0	LトレーナーC(3勝クラス)		16	2.0	4	35.8	10.0	8	吉村誠之	58.0	ダ1400		良	**	1:24.3	0.6	**	8-7	34.9-36.6	36.6	516(+2)			フェルヴェンテ		202508040610
2020100665	2026-01-17	1京都6	晴	11.0	羅生門S(3勝クラス)		16	5.0	10	33.5	7.0	16	吉村誠之	58.0	ダ1400		良	**	1:25.6	1.7	**	9-9	35.3-36.2	37.2	524(+8)			エストレヤデベレン		202608010611
2020100678	2022-06-26	3阪神4	晴	5.0	2歳新馬		12	4.0	4	7.8	4.0	4	武豊	54.0	芝1800		良	**	1:50.9	0.7	**	3-3	36.2-34.4	34.9	436(0)			カルロヴェローチェ	110.0	202209030405
2020100678	2022-07-23	1札幌1	曇	1.0	2歳未勝利		5	1.0	1	1.2	1.0	1	武豊	54.0	芝1800		稍	**	1:53.5	-0.1	**	2-2-2-2	38.3-36.1	35.9	436(0)			(トーセンウォルト)	520.0	202201010101
2020100678	2022-08-13	2札幌1	曇	9.0	コスモス賞(OP)		9	5.0	5	7.0	4.0	4	武豊	54.0	芝1800		良	**	1:51.0	1.0	**	8-8-7-6	36.8-36.2	36.2	440(+4)			モリアーナ	240.0	202201020109
2020100678	2022-09-03	2札幌7	晴	11.0	札幌2歳S(GIII)		14	5.0	8	42.7	9.0	10	武豊	54.0	芝1800		良	**	1:51.6	1.6	**	8-8-7-7	36.7-36.3	37.2	436(-4)			ドゥーラ		202201020711
2020100678	2022-12-04	6中京2	晴	9.0	こうやまき賞(1勝クラス)		12	2.0	2	10.3	5.0	8	武豊	55.0	芝1600		良	**	1:35.5	0.9	**	4-5-4	35.2-35.3	35.8	440(+4)			コレペティトール		202207060209
2020100678	2022-12-28	6阪神9	晴	6.0	2歳1勝クラス		11	8.0	10	57.0	7.0	10	団野大成	55.0	ダ1800		良	**	1:57.4	3.5	**	7-7-7-7	37.3-37.6	40.4	436(-4)			ユティタム		202209060906
2020100678	2023-04-22	1京都1	晴	9.0	あやめ賞(1勝クラス)		8	8.0	8	43.4	7.0	3	吉田隼人	56.0	芝1800		良	**	1:45.6	0.6	**	5-4	33.1-35.5	35.6	436(0)			プッシュオン	272.6	202308010109
2020100678	2023-05-13	1京都7	曇	9.0	あずさ賞(1勝クラス)		12	5.0	6	25.2	8.0	2	吉田隼人	56.0	芝2000		良	**	2:00.0	0.1	**	1-1-1-1	36.0-33.7	33.8	440(+4)			リミットバスター	437.6	202308010709
2020100678	2023-07-23	1札幌2	晴	8.0	3歳以上1勝クラス		11	6.0	6	3.5	2.0	5	武豊	55.0	芝2000		良	**	2:00.6	0.8	**	5-5-5-4	35.3-34.8	34.9	444(+4)			クレバーテースト	80.0	202301010208
2020100678	2023-08-19	2札幌3	小雨	9.0	千歳特別(1勝クラス)		14	3.0	3	6.2	3.0	8	武豊	55.0	芝1500		良	**	1:30.1	0.8	**	6-5-5	29.5-35.9	36.1	448(+4)			ビジュノワール		202301020309
2020100678	2023-09-16	4阪神3	晴	4.0	3歳以上1勝クラス		18	8.0	18	18.4	6.0	7	武豊	56.0	芝1600		良	**	1:32.8	0.6	**	14-14	34.1-34.9	34.3	442(-6)			マイネルラッシュ		202309040304
2020100678	2023-12-17	4中京6	晴	8.0	3歳以上1勝クラス		16	6.0	12	16.0	5.0	7	角田大河	56.0	芝1600		良	**	1:35.1	0.7	**	3-3-3	35.8-34.7	35.2	446(+4)			タシット		202307040608
2020100678	2024-01-06	1京都1	曇	12.0	4歳以上1勝クラス		17	6.0	12	21.1	7.0	7	吉田隼人	57.0	芝1800		良	**	1:48.2	0.9	**	2-2	35.2-35.9	36.8	450(+4)			アスクオンディープ		202408010112
2020100678	2024-02-10	2小倉1	晴	8.0	4歳以上1勝クラス		11	5.0	5	6.5	3.0	2	吉田隼人	57.0	芝2000		良	**	2:01.5	0.2	**	1-1-1-1	36.6-35.4	35.6	444(-6)			タイキラフター	320.0	202410020108
2020100678	2024-04-07	1福島2	晴	12.0	4歳以上1勝クラス		14	8.0	13	7.7	4.0	5	吉田隼人	58.0	芝2000		良	**	2:00.5	0.9	**	2-2-2-2	35.9-35.4	36.2	444(0)			ラスハンメル	80.0	202403010212
2020100678	2024-04-21	1福島6	晴	10.0	飯盛山特別(1勝クラス)		10	3.0	3	9.2	5.0	6	石橋脩	58.0	芝2000		良	**	1:59.5	0.6	**	1-1-1-1	35.6-35.8	36.4	440(-4)			グランドゴールド		202403010610
2020100678	2024-06-29	3小倉1	曇	8.0	3歳以上1勝クラス		12	7.0	10	21.6	5.0	5	幸英明	58.0	芝1800		良	**	1:48.5	0.6	**	3-3-3-3	35.1-37.0	37.4	438(-2)			カズミクラーシュ	80.0	202410030108
2020100678	2024-07-14	3小倉6	雨	9.0	青島特別(1勝クラス)		10	6.0	6	21.6	8.0	8	幸英明	58.0	芝1800		不	**	1:51.1	1.3	**	10-10-9-4	37.1-36.1	36.4	444(+6)			ハイディージェン		202410030609
2020100678	2024-09-14	3中京3	晴	6.0	3歳以上1勝クラス		16	6.0	12	86.8	14.0	6	菱田裕二	58.0	芝1600		良	**	1:32.9	0.5	**	9-10-10	34.3-35.2	34.9	450(+6)			レディントン		202407030306
2020100678	2024-10-05	4新潟1	晴	10.0	聖籠特別(1勝クラス)		18	1.0	2	27.6	7.0	14	石橋脩	58.0	芝1600		良	**	1:35.1	1.0	**	11-10	36.0-34.0	34.3	450(0)			エコロマーズ		202404040110
2020100678	2024-12-14	4中京5	晴	12.0	3歳以上1勝クラス		18	6.0	11	53.4	12.0	8	田口貫太	57.0	芝1400		良	**	1:22.6	1.4	**	18-18	33.8-35.5	35.4	458(+8)			スカイハイ		202407040512
2020100678	2025-02-02	1京都2	曇	12.0	4歳以上1勝クラス		17	4.0	7	42.8	12.0	11	岩田康誠	58.0	芝1400		稍	**	1:24.2	1.2	**	11-11	36.1-35.0	35.1	464(+6)			フライングブレード		202508010212
2020100678	2025-04-12	1福島1	曇	9.0	浄土平特別(1勝クラス)		14	2.0	3	56.5	11.0	3	吉田隼人	58.0	芝1800		良	**	1:47.4	0.5	**	1-1-1-1	35.6-35.3	35.8	454(-10)			バレルターン	285.6	202503010109
2020100678	2025-04-27	2京都2	晴	7.0	4歳以上1勝クラス		10	7.0	7	8.1	6.0	6	武豊	58.0	芝1800		良	**	1:47.2	0.6	**	3-3	36.2-34.5	34.9	460(+6)			ジーティームソウ		202508020207
2020100678	2025-05-17	1新潟5	曇	9.0	尖閣湾特別(1勝クラス)		9	5.0	5	19.9	5.0	1	吉田隼人	58.0	芝2000		稍	**	2:03.2	0.0	**	1-1	37.8-35.0	35.0	452(-8)			(フォーグッド)	1135.9	202504010509
2020100678	2025-09-15	4中山5	曇	10.0	Mディープインパクト(2勝クラス)		9	8.0	9	23.4	5.0	8	吉田隼人	58.0	芝1800		良	**	1:48.9	1.3	**	1-1-1-1	38.3-33.9	35.2	456(+4)			フレミングフープ		202506040510
2020100678	2026-01-05	1中山2	晴	10.0	初日の出賞(2勝クラス)		11	7.0	9	21.3	7.0	10	吉田隼人	58.0	芝2000		良	**	2:02.7	1.1	**	11-11-11-10	37.1-34.6	34.7	462(+6)			ダンツファイター		202606010210
2020100678	2026-01-17	1京都6	晴	9.0	稲荷特別(2勝クラス)		10	6.0	6	49.2	7.0	8	浜中俊	58.0	芝2000		良	**	2:02.0	1.0	**	7-7-5-4	36.0-34.5	35.1	466(+4)			ジェットマグナム		202608010609
2020101143	2022-08-14	3新潟2	曇	5.0	2歳新馬		15	3.0	4	101.1	12.0	8	内田博幸	54.0	芝1800		稍	**	1:52.1	1.3	**	14-14	37.2-34.3	34.3	430(0)			ヒシルリアン		202204030205
2020101143	2022-09-11	4中山2	曇	2.0	2歳未勝利		9	4.0	4	66.0	6.0	4	内田博幸	54.0	芝2000		良	**	2:04.4	0.6	**	8-8-8-9	37.0-34.8	34.9	438(+8)			ファイナルヒート	78.0	202206040202
2020101143	2022-10-30	4新潟6	雨	1.0	2歳未勝利		14	5.0	8	23.0	6.0	1	西村淳也	54.0	芝2000		良	**	2:03.0	-0.4	**	2-2-2-2	35.9-37.0	36.9	434(-4)			(ヴァイルマティ)	520.0	202204040601
2020101143	2023-01-05	1中山1	晴	6.0	3歳1勝クラス		9	7.0	8	48.0	8.0	4	石橋脩	54.0	芝2000		良	**	2:01.2	0.4	**	5-5-4-5	36.0-36.1	36.2	428(-6)			アヴニールドブリエ	120.0	202306010106
2020101143	2023-03-26	3中山2	雨	9.0	ミモザ賞(1勝クラス)		11	2.0	2	7.5	5.0	2	石橋脩	54.0	芝2000		不	**	2:06.9	0.0	**	11-11-10-7	35.6-40.3	38.6	430(+2)			アグラシアド	437.2	202306030209
2020101143	2023-04-15	3中山7	雨	9.0	山藤賞(1勝クラス)		12	2.0	2	8.7	5.0	7	石橋脩	54.0	芝2000		重	**	2:05.0	0.8	**	4-4-3-2	36.3-38.0	38.4	426(-4)			スズカハービン		202306030709
2020101143	2023-06-10	1函館1	晴	9.0	駒ケ岳特別(1勝クラス)		8	5.0	5	9.1	4.0	6	鮫島克駿	52.0	芝2600		良	**	2:42.8	0.4	**	3-4-4-4	37.0-35.8	35.9	428(+2)			ダノンジャッカル		202302010109
2020101143	2023-06-25	1函館6	晴	7.0	3歳以上1勝クラス		9	2.0	2	5.1	3.0	4	佐々木大	50.0	芝2600		良	**	2:42.5	0.6	**	5-5-4-5	36.2-38.7	38.5	430(+2)			サトノミスチーフ	120.0	202302010607
2020101143	2023-08-20	2札幌4	曇	7.0	3歳以上1勝クラス		16	3.0	5	15.3	7.0	13	武豊	53.0	芝2000		稍	**	2:06.5	2.2	**	11-10-11-15	35.2-37.5	38.8	440(+10)			ワレハウミノコ		202301020407
2020101143	2023-10-14	4新潟1	晴	10.0	松浜特別(1勝クラス)		15	8.0	14	52.0	14.0	12	吉田隼人	54.0	芝2000		良	**	2:00.8	1.7	**	3-3	35.2-35.5	36.9	428(-12)			ヴァイルマティ		202304040110
2020101143	2024-01-06	1中山1	晴	8.0	4歳以上1勝クラス		16	2.0	4	45.7	11.0	2	石橋脩	55.0	ダ1800		良	**	1:55.9	0.1	**	11-10-7-8	37.2-39.3	38.9	444(+16)			セイカティターニア	320.0	202406010108
2020101143	2024-02-25	2中山2	小雨	7.0	4歳以上1勝クラス		10	6.0	6	8.1	5.0	2	石橋脩	55.0	ダ1800		稍	**	1:54.0	0.0	**	9-9-8-6	37.2-39.5	38.7	444(0)			ピッチパーフェクト	320.0	202406020207
2020101143	2024-03-23	3中山1	小雨	7.0	4歳以上1勝クラス		16	8.0	15	2.0	1.0	1	石橋脩	56.0	ダ1800		良	**	1:55.1	-0.4	**	12-11-5-4	37.9-38.2	37.8	442(-2)			(ランスノーブル)	800.0	202406030107
2020101143	2024-04-14	3中山8	晴	9.0	利根川特別(2勝クラス)		14	8.0	13	22.5	8.0	6	西村淳也	56.0	ダ1800		良	**	1:53.4	0.8	**	13-12-12-10	35.9-38.6	38.4	442(0)			カンピオーネ		202406030809
2020101143	2024-07-28	2新潟2	曇	12.0	麒麟山特別(2勝クラス)		15	6.0	10	6.6	3.0	5	石橋脩	56.0	ダ1800		稍	**	1:53.5	0.6	**	11-9-5-5	35.8-39.3	39.4	436(-6)			ヒューゴ	155.0	202404020212
2020101143	2024-09-21	4中山6	曇	12.0	3歳以上2勝クラス		14	8.0	15	6.3	4.0	3	田辺裕信	56.0	ダ1800		良	**	1:52.8	0.7	**	12-12-10-10	36.5-37.4	37.2	440(+4)			マンマリアーレ	290.0	202406040612
2020101143	2024-10-14	4新潟4	晴	10.0	菅名岳特別(2勝クラス)		10	2.0	2	5.4	2.0	1	佐々木大	56.0	ダ1800		良	**	1:52.0	-0.1	**	4-3-4-3	36.2-37.4	37.1	438(-2)			(シゲルカミカゼ)	1574.5	202404040410
2020101143	2025-03-08	2中山3	曇	10.0	上総S(3勝クラス)		16	4.0	8	49.4	12.0	5	北村宏司	53.0	ダ1800		稍	**	1:53.5	1.4	**	12-12-11-11	36.9-38.5	38.4	452(+14)			ロードクロンヌ	184.0	202506020310
2020101143	2025-05-03	1新潟1	晴	11.0	三条S(3勝クラス)		15	2.0	3	17.0	8.0	6	小崎綾也	56.0	ダ1800		稍	**	1:52.9	0.6	**	8-7-7-6	37.9-37.3	37.1	450(-2)			アピーリングルック		202504010111
2020101143	2025-07-13	2福島6	晴	10.0	天の川S(3勝クラス)		15	8.0	14	19.3	8.0	7	石橋脩	56.0	ダ1700		良	**	1:46.5	0.7	**	9-9-8-8	29.3-38.1	38.0	448(-2)			ノーブルゲイル		202503020610
2020101143	2025-09-21	4中山7	曇	10.0	内房S(3勝クラス)		16	3.0	6	60.0	9.0	4	原優介	53.0	ダ1800		良	**	1:53.3	0.3	**	10-10-10-9	37.0-39.9	38.9	448(0)			ハギノサステナブル	280.0	202506040710
2020101143	2025-10-18	3京都6	曇	11.0	トルマリンS(3勝クラス)		16	4.0	7	22.6	9.0	4	西村淳也	56.0	ダ1800		稍	**	1:51.6	0.5	**	7-6-9-7	36.4-36.6	36.6	442(-6)			レイナデアルシーラ	280.0	202508030611
2020101143	2025-12-07	5中山2	晴	10.0	市川S(3勝クラス)		16	5.0	10	12.9	5.0	4	木幡巧也	53.0	ダ1800		良	**	1:52.9	0.6	**	7-8-8-8	36.7-37.6	37.7	444(+2)			クラウンシエンタ	280.0	202506050210
2020101143	2026-01-17	1中山6	晴	10.0	アレキサンドライトS(3勝クラス)		16	4.0	7	13.0	5.0	7	原優介	53.0	ダ1800		良	**	1:53.5	1.3	**	9-8-9-10	37.4-37.5	37.6	450(+6)			チュウワクリスエス		202606010610
2020101174	2024-02-21	姫路	雨	1.0	C3四		10	2.0	2	1.2	1.0	1	下原理	56.0	ダ1400		重	**	1:34.3	-2.4	**	1-1-1-1		39.2	510(0)			(マーストファクト)	56.0	202451022101
2020101174	2024-03-07	姫路	晴	5.0	C2三		11	3.0	3	1.1	1.0	1	下原理	56.0	ダ1400		稍	**	1:34.1	-1.7	**	2-2-1-1		40.8	509(-1)			(アモールファティ)	70.0	202451030705
2020101174	2024-03-22	園田	晴	7.0	C2一		12	6.0	8	1.4	1.0	1	下原理	57.0	ダ1400		良	**	1:31.9	-1.6	**	2-2-1-1		40.5	505(-4)			(マジーク)	70.0	202450032207
2020101174	2024-04-20	1福島5	晴	6.0	4歳以上1勝クラス		9	6.0	6	2.1	1.0	1	丹内祐次	58.0	ダ1700		良	**	1:45.9	0.0	**	1-1-1-1	29.5-38.7	38.7	490(-15)			(ゲットアップ)	800.0	202403010506
2020101174	2024-05-11	2東京7	晴	12.0	4歳以上2勝クラス		12	7.0	10	2.7	1.0	1	戸崎圭太	58.0	ダ1400		良	**	1:24.1	-0.1	**	2-2	35.6-36.6	36.4	496(+6)			(ウィンダミア)	1140.0	202405020712
2020101174	2024-10-13	4東京3	晴	10.0	テレビ静岡賞(3勝クラス)		16	1.0	2	6.7	3.0	4	田辺裕信	58.0	ダ1400		良	**	1:23.2	0.5	**	1-1	34.5-36.0	36.5	504(+8)			ロードフォンス	280.0	202405040310
2020101174	2024-10-27	4東京8	曇	10.0	エイシンフラッシュC(3勝クラス)		15	8.0	14	6.6	3.0	4	江田照男	58.0	ダ1300		良	**	1:18.0	0.4	**	4-5	29.8-35.7	35.7	502(-2)			エピックジョイ	280.0	202405040810
2020101174	2024-11-23	5東京7	晴	10.0	シャングリラS(3勝クラス)		16	5.0	10	7.2	4.0	10	丹内祐次	58.0	ダ1400		稍	**	1:24.6	1.4	**	4-3	34.6-36.4	37.5	496(-6)			サルヴァトーレ		202405050710
2020101174	2025-03-22	2中山7	晴	10.0	韓国馬事会杯(3勝クラス)		16	4.0	8	26.0	8.0	14	鮫島克駿	58.0	ダ1800		稍	**	1:55.4	2.5	**	2-2-2-2	36.7-38.2	40.6	496(0)			ストライク		202506020710
2020101174	2025-04-06	2阪神4	晴	12.0	陽春S(3勝クラス)		11	6.0	7	7.0	4.0	8	中井裕二	58.0	ダ1200		良	**	1:12.7	1.3	**	2-2	34.3-37.1	38.3	490(-6)			エコロガイア		202509020412
2020101174	2025-05-25	2京都10	曇	10.0	高瀬川S(3勝クラス)		16	3.0	5	44.8	12.0	5	中井裕二	58.0	ダ1400		重	**	1:22.6	0.4	**	14-15	34.2-36.3	35.5	500(+10)			キャプテンネキ	184.0	202508021010
2020101174	2025-06-22	3東京6	晴	10.0	多摩川S(3勝クラス)		16	5.0	10	30.1	9.0	3	木幡巧也	58.0	芝1400		良	**	1:21.3	0.1	**	15-14	35.5-34.3	33.4	494(-6)			セフィロ	465.1	202505030610
2020101174	2025-07-26	2新潟1	晴	7.0	新潟日報賞(3勝クラス)		10	7.0	8	7.6	4.0	6	木幡巧也	58.0	芝1400		良	**	1:20.2	1.1	**	9-8	34.4-33.2	33.1	488(-6)			ワールズエンド		202504020107
2020101174	2025-08-24	3新潟2	晴	9.0	長岡S(3勝クラス)		18	2.0	4	10.7	6.0	7	石川裕紀	56.0	芝1600		良	**	1:32.9	0.4	**	8-6	34.8-33.6	33.5	488(0)			ファーヴェント		202504030209
2020101174	2025-09-13	4中山3	曇	11.0	初風S(3勝クラス)		10	4.0	4	4.0	3.0	1	丹内祐次	58.0	ダ1200		重	**	1:09.9	0.0	**	4-2	34.1-35.8	35.5	498(+10)			(ドンレパルス)	1861.7	202506040311
2020101174	2025-11-23	5東京5	晴	11.0	霜月S(OP)		16	3.0	5	18.0	6.0	4	丹内祐次	57.0	ダ1400		良	**	1:23.8	0.5	**	4-4	35.0-36.4	36.6	504(+6)			ウェイワードアクト	330.0	202505050511
2020101174	2025-12-28	5阪神8	晴	11.0	ギャラクシーS(OP)		16	5.0	9	6.9	4.0	5	吉田隼人	57.0	ダ1400		良	**	1:23.7	0.3	**	7-6	33.9-37.6	37.1	500(-4)			ノーブルロジャー	220.0	202509050811
2020101174	2026-01-17	1中山6	晴	11.0	カーバンクルS(OP)		16	5.0	10	10.5	5.0	9	丹内祐次	55.0	芝1200		良	**	1:07.9	0.5	**	8-8	33.7-33.7	33.5	506(+6)			ウイングレイテスト		202606010611
2020101184	2022-10-08	4東京1	曇	5.0	2歳新馬		17	2.0	4	55.7	10.0	4	佐々木大	52.0	芝1800		良	**	1:48.7	1.7	**	4-4-4	36.3-34.3	35.4	426(0)			タイセイクラージュ	110.0	202205040105
2020101184	2022-10-29	4東京8	晴	3.0	2歳未勝利		9	8.0	8	32.0	5.0	6	佐々木大	52.0	芝1800		良	**	1:48.1	1.7	**	3-3-3	34.8-36.8	35.8	422(-4)			グリューネグリーン		202205040803
2020101184	2023-01-21	1小倉3	晴	2.0	3歳未勝利		13	1.0	1	20.4	6.0	2	佐々木大	53.0	芝1800		稍	**	1:49.3	0.1	**	1-1-1-1	36.6-36.0	36.1	436(+14)			ミントマーク	220.0	202310010302
2020101184	2023-02-04	1小倉7	曇	2.0	3歳未勝利		13	6.0	8	9.5	4.0	2	佐々木大	53.0	芝1800		良	**	1:48.0	0.4	**	1-1-1-1	35.4-35.6	36.0	436(0)			ドナウパール	220.0	202310010702
2020101184	2023-02-26	2小倉6	晴	5.0	3歳未勝利		16	8.0	16	7.8	4.0	2	佐々木大	53.0	芝1800		良	**	1:51.1	0.4	**	1-1-1-1	37.5-35.6	36.0	436(0)			ソレイユヴィータ	220.0	202310020605
2020101184	2023-05-21	1新潟8	晴	6.0	3歳未勝利		16	4.0	7	1.8	1.0	2	佐々木大	53.0	芝1800		良	**	1:49.0	0.1	**	1-1	36.6-35.7	35.8	436(0)			フェミナフォルテ	220.0	202304010806
2020101184	2023-06-17	1函館3	曇	7.0	3歳未勝利		14	1.0	1	2.7	1.0	4	佐々木大	54.0	芝1800		良	**	1:48.3	0.5	**	1-1-1-1	35.8-35.3	35.8	436(0)			スイーツバイキング	83.0	202302010307
2020101184	2023-07-08	2函館3	晴	6.0	3歳未勝利		13	5.0	7	3.1	2.0	2	横山武史	56.0	芝1800		良	**	1:48.9	0.0	**	2-2-2-2	36.6-35.2	35.1	436(0)			エンライトメント	220.0	202302020306
2020101184	2023-07-30	1札幌4	曇	1.0	3歳未勝利		14	4.0	6	2.1	1.0	1	横山武史	56.0	芝1500		良	**	1:27.8	-0.4	**	2-2-2	29.0-35.1	34.7	440(+4)			(アオイコウキ)	550.0	202301010401
2020101184	2023-10-29	4東京9	晴	6.0	3歳以上1勝クラス		14	6.0	9	27.2	7.0	5	横山武史	56.0	芝1600		良	**	1:34.0	0.4	**	2-2	35.4-34.1	34.3	438(-2)			マルディランダ	80.0	202305040906
2020101184	2023-11-19	3福島6	曇	12.0	3歳以上1勝クラス		16	5.0	9	4.1	2.0	16	佐々木大	56.0	芝1200		良	**	1:12.7	2.1	**	5-6	34.4-36.2	37.5	436(-2)			マルプリ		202303030612
2020101184	2023-12-17	4中京6	晴	8.0	3歳以上1勝クラス		16	2.0	4	45.8	12.0	14	小林勝太	54.0	芝1600		良	**	1:36.4	2.0	**	1-1-1	35.8-34.7	36.7	438(+2)			タシット		202307040608
2020101184	2024-03-24	1中京6	小雨	5.0	4歳以上1勝クラス		13	7.0	11	21.3	8.0	7	吉田豊	58.0	芝1600		重	**	1:37.3	1.1	**	1-1-1	35.6-36.5	37.6	434(-4)			アルゲンテウス		202407010605
2020101184	2024-05-05	2東京6	晴	7.0	4歳以上1勝クラス		15	6.0	10	71.8	9.0	6	吉田豊	58.0	芝1400		良	**	1:20.9	0.4	**	2-2	34.5-34.8	34.6	440(+6)			レッドシュヴェルト		202405020607
2020101184	2024-06-09	3東京4	曇	12.0	3歳以上1勝クラス		17	4.0	8	100.4	12.0	14	柴田善臣	58.0	芝1600		良	**	1:34.9	1.9	**	1-1	35.0-34.7	36.6	436(-4)			ニュージーズ		202405030412
2020101184	2024-08-03	1札幌5	晴	9.0	旭川特別(1勝クラス)		14	2.0	2	18.6	8.0	4	丹内祐次	58.0	芝1500		良	**	1:29.0	0.5	**	3-3-3	29.5-35.3	35.1	432(-4)			ブルーミンデザイン	170.0	202401010509
2020101184	2024-08-25	2札幌6	晴	8.0	3歳以上1勝クラス		14	8.0	13	27.6	9.0	12	丹内祐次	58.0	芝1500		良	**	1:29.2	1.2	**	2-5-5	28.8-35.8	36.5	436(+4)			チュウワダンス		202401020608
2020101184	2024-12-08	4中京4	晴	12.0	3歳以上1勝クラス		16	3.0	5	79.7	11.0	11	小林脩斗	56.0	芝1600		良	**	1:35.8	0.8	**	5-7-7	35.3-35.8	36.1	432(-4)			アルトゥーム		202407040412
2020101184	2025-02-02	1東京2	小雨	7.0	4歳以上1勝クラス		16	8.0	15	120.3	10.0	16	長浜鴻緒	55.0	ダ1600		稍	**	1:43.4	5.9	**	3-5	34.7-38.4	43.4	442(+10)			マスグラバイト		202505010207
2020101184	2025-06-29	2福島2	晴	8.0	3歳以上1勝クラス		9	4.0	4	53.2	7.0	1	舟山瑠泉	55.0	芝1800		良	**	1:48.3	-0.3	**	1-1-1-1	36.2-34.9	34.9	434(-8)			(ディバイングレース)	800.0	202503020208
2020101184	2025-08-02	1札幌3	晴	10.0	釧路湿原特別(2勝クラス)		14	6.0	10	73.5	13.0	14	舟山瑠泉	58.0	芝1800		良	**	1:49.1	2.0	**	3-2-3-2	36.3-35.5	37.2	432(-2)			リラボニート		202501010310
2020101184	2025-08-31	2札幌4	曇	10.0	HBC賞(2勝クラス)		16	5.0	9	114.6	15.0	11	黛弘人	54.0	芝1200		稍	**	1:10.5	0.9	**	8-8	34.5-35.1	35.4	436(+4)			ロードマイライフ		202501020410
2020101184	2025-11-15	5東京3	晴	12.0	3歳以上2勝クラス		13	1.0	1	280.5	13.0	13	遠藤汰月	55.0	芝1600		良	**	1:35.4	2.0	**	7-9	36.4-33.5	34.8	442(+6)			ダノンセンチュリー		202505050312
2020101184	2025-12-28	5阪神8	晴	9.0	フォーチュンC(2勝クラス)		12	5.0	6	222.4	12.0	8	吉田隼人	53.0	芝1600		良	**	1:34.3	0.3	**	1-1	35.6-34.8	35.1	442(0)			マイエレメント		202509050809
2020101184	2026-01-17	1京都6	晴	12.0	4歳以上2勝クラス		18	6.0	12	370.8	17.0	12	鷲頭虎太	56.0	芝1600		良	**	1:35.0	1.5	**	18-15	35.2-34.5	34.4	434(-8)			カズミクラーシュ		202608010612
2020101262	2022-10-16	4新潟2	晴	5.0	2歳新馬		15	1.0	1	8.1	4.0	5	菊沢一樹	54.0	ダ1200		良	**	1:14.2	0.9	**	1-1	35.0-38.3	39.2	474(0)			ヨドノリリー	70.0	202204040205
2020101262	2022-11-05	3福島1	晴	1.0	2歳未勝利		16	5.0	10	5.5	4.0	2	菊沢一樹	54.0	ダ1150		良	**	1:09.6	0.1	**	1-1	31.7-37.8	37.9	476(+2)			ビルカール	210.0	202203030101
2020101262	2022-11-20	3福島6	曇	1.0	2歳未勝利		16	5.0	9	3.0	1.0	1	佐々木大	51.0	ダ1150		良	**	1:09.6	0.0	**	1-1	32.0-37.6	37.6	476(0)			(ディーズメイト)	520.0	202203030601
2020101262	2023-01-08	1中山3	晴	9.0	朱竹賞(1勝クラス)		12	4.0	4	23.3	7.0	4	菊沢一樹	54.0	芝1200		良	**	1:09.1	0.3	**	1-1	34.2-34.6	34.9	478(+2)			ニジュウダンサー	160.0	202306010309
2020101262	2023-02-04	1小倉7	晴	9.0	かささぎ賞(1勝クラス)		13	5.0	6	20.3	7.0	4	丹内祐次	54.0	芝1200		良	**	1:08.9	0.6	**	9-7	33.4-34.9	34.3	478(0)			トールキン	160.0	202310010709
2020101262	2023-03-12	2中山6	晴	7.0	3歳1勝クラス		12	7.0	10	7.6	5.0	4	菊沢一樹	54.0	芝1200		良	**	1:09.7	0.3	**	9-8	35.2-34.2	33.7	478(0)			ワックスフラワー	120.0	202306020607
2020101262	2023-05-21	1京都10	晴	6.0	3歳1勝クラス		13	1.0	1	6.3	4.0	9	浜中俊	54.0	芝1200		良	**	1:09.0	0.7	**	1-1	33.8-34.5	35.2	480(+2)			シルフィードレーヴ		202308011006
2020101262	2023-07-15	2福島5	雨	8.0	3歳以上1勝クラス		14	3.0	5	5.6	3.0	4	菊沢一樹	53.0	芝1200		稍	**	1:11.1	0.1	**	3-4	35.4-35.6	35.4	474(-6)			サウンドクレア	120.0	202303020508
2020101262	2023-08-05	2新潟3	晴	12.0	3歳以上1勝クラス		15	1.0	1	7.1	4.0	4	菊沢一樹	54.0	ダ1200		良	**	1:12.5	1.0	**	1-1	33.9-37.6	38.6	482(+8)			ロードラディウス	120.0	202304020312
2020101262	2023-09-02	3新潟7	曇	8.0	3歳以上1勝クラス		15	4.0	7	5.7	2.0	5	菊沢一樹	54.0	ダ1200		良	**	1:12.4	0.4	**	8-8	34.1-37.9	37.3	478(-4)			カンパニョーラ	80.0	202304030708
2020101262	2023-09-18	4中山5	晴	12.0	3歳以上1勝クラス		16	3.0	5	9.7	4.0	12	菊沢一樹	54.0	ダ1200		良	**	1:13.3	1.0	**	6-6	34.4-37.9	38.2	476(-2)			スティルディマーレ		202306040512
2020101262	2023-10-22	4新潟4	晴	12.0	3歳以上1勝クラス		18	2.0	4	8.4	5.0	1	菊沢一樹	55.0	芝1000		稍	**	0:55.9	-0.4	**	3	33.4-33.4	33.2	484(+8)			(ビヨンドザタイム)	800.0	202304040412
2020101262	2023-12-17	4中京6	晴	10.0	桑名特別(2勝クラス)		16	3.0	5	4.8	1.0	6	菊沢一樹	53.0	芝1200		良	**	1:09.3	0.4	**	11-10	34.1-34.8	34.2	488(+4)			タウゼントシェーン		202307040610
2020101262	2024-01-13	1中山4	小雨	12.0	4歳以上2勝クラス		15	3.0	4	7.0	4.0	1	小林勝太	53.0	芝1200		良	**	1:08.4	-0.1	**	4-4	33.4-35.0	34.7	494(+6)			(スムースベルベット)	1140.0	202406010412
2020101262	2024-02-25	2小倉6	晴	11.0	下関S(3勝クラス)		17	6.0	11	13.7	7.0	2	菊沢一樹	56.0	芝1200		稍	**	1:09.3	0.3	**	2-2	33.6-35.4	35.1	494(0)			カンチェンジュンガ	750.2	202410020611
2020101262	2024-05-05	1新潟4	晴	10.0	駿風S(3勝クラス)		16	2.0	3	5.8	3.0	13	菊沢一樹	56.0	芝1000		良	**	0:56.3	1.6	**	6	32.1-33.0	34.1	494(0)			ブーケファロス		202404010410
2020101262	2024-06-16	1函館4	雨	11.0	UHB杯(3勝クラス)		16	4.0	7	18.7	8.0	14	横山和生	55.0	芝1200		良	**	1:09.6	0.8	**	3-2	33.6-35.2	35.5	488(-6)			マメコ		202402010411
2020101262	2024-06-29	2福島1	晴	11.0	バーデンバーデンC(3勝クラス)		14	7.0	12	70.3	12.0	2	菊沢一樹	56.0	芝1200		良	**	1:07.1	0.1	**	11-9	32.4-34.6	33.5	484(-4)			キタノエクスプレス	748.8	202403020111
2020101262	2024-08-11	3新潟2	晴	10.0	稲妻S(3勝クラス)		17	2.0	3	16.3	8.0	8	菅原明良	56.0	芝1000		良	**	0:55.0	0.6	**	6	32.1-32.6	32.8	488(+4)			クムシラコ		202404030210
2020101262	2024-10-19	4新潟5	雨	11.0	北陸S(3勝クラス)		17	2.0	3	12.2	6.0	13	菊沢一樹	55.0	芝1200		稍	**	1:11.0	1.1	**	6-6	33.6-36.3	36.7	490(+2)			シロン		202404040511
2020101262	2024-12-01	5中山2	晴	9.0	南総S(3勝クラス)		16	2.0	3	30.7	9.0	3	菊沢一樹	56.0	芝1200		良	**	1:07.5	0.4	**	11-11	32.9-34.2	33.3	500(+10)			カピリナ	465.0	202406050209
2020101262	2025-01-06	1中山2	曇	11.0	サンライズS(3勝クラス)		16	2.0	4	13.7	5.0	5	菊沢一樹	55.0	芝1200		良	**	1:08.6	0.4	**	13-13	33.6-34.6	33.9	508(+8)			ステークホルダー	184.0	202506010211
2020101262	2025-02-02	1東京2	曇	10.0	節分S(3勝クラス)		11	7.0	9	27.9	7.0	10	石橋脩	56.0	芝1400		良	**	1:22.7	1.0	**	7-7	35.3-34.7	34.5	508(0)			オードリーバローズ		202505010210
2020101262	2025-03-30	3中山2	晴	10.0	船橋S(3勝クラス)		16	3.0	6	20.9	9.0	13	菊沢一樹	55.0	芝1200		良	**	1:09.8	0.8	**	11-13	34.1-34.9	34.9	502(-6)			ジョーメッドヴィン		202506030210
2020101262	2025-05-10	1新潟3	曇	11.0	駿風S(3勝クラス)		16	2.0	3	31.6	9.0	3	菊沢一樹	56.0	芝1000		稍	**	0:55.5	0.2	**	11	32.7-33.2	32.7	498(-4)			レベレンシア	464.8	202504010311
2020101262	2025-06-22	1函館4	小雨	11.0	UHB杯(3勝クラス)		15	4.0	6	18.9	6.0	2	菊沢一樹	55.0	芝1200		重	**	1:08.9	0.2	**	4-3	33.8-34.9	34.7	500(+2)			オードゥメール	749.4	202502010411
2020101262	2025-08-17	2新潟8	晴	6.0	稲妻S(3勝クラス)		11	7.0	9	2.2	1.0	1	菊沢一樹	56.0	芝1000		良	**	0:55.3	-0.3	**	4	32.8-33.1	32.9	500(0)			(スコーピオン)	1863.8	202504020806
2020101262	2025-10-26	4新潟4	雨	11.0	ルミエールオータムD(L)		17	3.0	5	6.6	3.0	3	菊沢一樹	54.0	芝1000		稍	**	0:55.8	0.5	**	13	32.7-33.2	32.6	510(+10)			イコサン	685.6	202504040411
2020101262	2025-12-07	5中山2	晴	11.0	ラピスラズリS(L)		16	2.0	3	20.1	7.0	4	菊沢一樹	55.0	芝1200		良	**	1:07.7	0.6	**	8-9	33.5-33.6	33.6	506(-4)			ロードフォアエース	410.0	202506050211
2020101262	2026-01-17	1中山6	晴	11.0	カーバンクルS(OP)		16	7.0	13	16.2	8.0	10	菊沢一樹	54.0	芝1200		良	**	1:07.9	0.5	**	16-16	33.7-33.7	32.6	508(+2)			ウイングレイテスト		202606010611
2020102081	2022-11-26	5阪神7	曇	5.0	2歳新馬		18	5.0	9	22.9	7.0	2	太宰啓介	54.0	芝1600		良	**	1:35.4	0.1	**	5-4	36.5-34.3	34.0	468(0)			クファシル	280.0	202209050705
2020102081	2023-05-21	1京都10	晴	4.0	3歳未勝利		18	8.0	18	5.5	3.0	3	太宰啓介	54.0	芝1600		良	**	1:34.6	0.7	**	6-6	34.8-35.1	35.2	474(+6)			セーヌドゥレーヴ	140.0	202308011004
2020102081	2023-06-11	3阪神4	曇	6.0	3歳未勝利		18	8.0	16	5.7	4.0	7	太宰啓介	54.0	芝1600		稍	**	1:36.3	1.4	**	3-3	35.4-35.7	36.8	464(-10)			ハレアカラフラ		202309030406
2020102081	2023-08-19	3小倉3	晴	3.0	3歳未勝利		16	3.0	6	9.8	5.0	1	太宰啓介	54.0	芝1800		良	**	1:48.0	-0.1	**	11-10-11-6	35.1-36.8	36.1	458(-6)			(タイセイフェリーク)	550.0	202310030303
2020102081	2023-12-16	4中京5	曇	9.0	高山特別(1勝クラス)		18	6.0	12	36.9	11.0	13	太宰啓介	54.0	芝2200		稍	**	2:15.2	1.1	**	8-8-9-7	35.7-34.9	35.4	462(+4)			コスモフリーゲン		202307040509
2020102081	2024-01-20	1小倉3	雨	7.0	4歳以上1勝クラス		15	1.0	1	30.6	9.0	10	太宰啓介	55.0	芝2000		稍	**	2:03.1	1.0	**	9-10-12-12	35.1-37.6	37.0	464(+2)			フォレスタ		202410010307
2020102081	2024-02-11	2小倉2	晴	7.0	4歳以上1勝クラス		13	4.0	5	12.6	5.0	5	太宰啓介	55.0	芝1800		良	**	1:49.4	0.3	**	8-8-5-3	36.5-36.5	36.5	462(-2)			アストロフィライト	80.0	202410020207
2020102081	2024-03-23	1中京5	雨	7.0	4歳以上1勝クラス		14	5.0	7	32.9	13.0	4	太宰啓介	56.0	芝1600		重	**	1:36.7	0.1	**	1-1-1	36.2-36.2	36.3	470(+8)			ビターグラッセ	120.0	202407010507
2020102081	2024-04-14	2阪神8	晴	7.0	4歳以上1勝クラス		17	2.0	4	7.6	3.0	6	太宰啓介	56.0	芝1600		良	**	1:34.0	0.4	**	8-9	35.2-34.7	34.1	470(0)			ベルシャンブル		202409020807
2020102081	2024-09-14	3中京3	晴	6.0	3歳以上1勝クラス		16	2.0	3	24.4	8.0	13	河原田菜	52.0	芝1600		良	**	1:33.4	1.0	**	3-4-3	34.3-35.2	35.9	470(0)			レディントン		202407030306
2020102081	2024-11-03	6京都2	晴	12.0	3歳以上1勝クラス		15	6.0	11	28.8	10.0	12	太宰啓介	56.0	芝1600		稍	**	1:34.5	0.9	**	11-11	34.2-35.9	35.4	462(-8)			ビップジーニー		202408060212
2020102081	2024-12-28	7京都9	晴	7.0	3歳以上1勝クラス		17	8.0	18	115.3	16.0	2	河原田菜	52.0	芝1800		良	**	1:47.7	0.1	**	1-1	35.3-34.8	34.9	472(+10)			ショウナンガチ	320.0	202408070907
2020102081	2025-02-02	1小倉4	晴	7.0	4歳以上1勝クラス		18	2.0	3	19.3	9.0	14	河原田菜	52.0	芝2000		重	**	2:03.3	1.2	**	4-5-3-4	35.9-37.7	38.8	462(-10)			ファミリーツリー		202510010407
2020102081	2025-03-16	1阪神6	雨	7.0	4歳以上1勝クラス		16	8.0	15	30.0	7.0	13	河原田菜	52.0	芝1600		稍	**	1:35.8	1.5	**	1-1	35.0-35.3	36.8	466(+4)			ファーヴェント		202509010607
2020102081	2025-03-22	1阪神7	晴	6.0	4歳以上1勝クラス		10	8.0	10	11.2	4.0	3	太宰啓介	56.0	ダ1800		良	**	1:56.1	0.2	**	1-1-2-2	38.1-39.1	39.2	470(+4)			サイモンコーラル	200.0	202509010706
2020102081	2025-08-09	3中京5	晴	9.0	3歳以上1勝クラス		9	4.0	4	11.4	4.0	4	太宰啓介	56.0	ダ1800		良	**	1:55.5	2.3	**	4-4-6-6	37.4-38.5	39.5	478(+8)			アンドリーナ	120.0	202507030509
2020102081	2025-08-30	4中京3	晴	8.0	3歳以上1勝クラス		8	5.0	5	31.5	7.0	4	太宰啓介	56.0	芝2000		良	**	2:00.8	0.4	**	7-7-1-1	37.5-34.0	34.4	476(-2)			ジョイエッロ	120.0	202507040308
2020102081	2025-09-06	4阪神1	晴	8.0	3歳以上1勝クラス		9	5.0	5	9.0	5.0	7	太宰啓介	56.0	芝2000		良	**	2:01.5	2.0	**	9-9-9-9	34.7-36.8	36.2	474(-2)			ヴォワラクテ		202509040108
2020102081	2026-01-05	1京都2	晴	12.0	4歳以上1勝クラス		15	7.0	12	117.9	14.0	15	太宰啓介	56.0	芝1600		良	**	1:36.1	1.4	**	15-15	35.6-34.1	34.0	476(+2)			サンタンカ		202608010212
2020102081	2026-01-17	1京都6	晴	8.0	4歳以上1勝クラス		8	1.0	1	119.5	8.0	6	太宰啓介	56.0	ダ1800		良	**	1:55.2	2.4	**	3-3-2-3	36.7-37.0	39.2	482(+6)			ロカヒ		202608010608
2020102672	2022-08-06	1札幌5	晴	5.0	2歳新馬		8	8.0	8	7.0	3.0	1	岩田望来	54.0	芝1200		良	**	1:10.1	0.0	**	2-1	36.1-34.0	34.0	438(0)			(セフィロ)	700.0	202201010505
2020102672	2022-10-23	4東京7	晴	6.0	2歳1勝クラス		7	3.0	3	2.8	1.0	1	戸崎圭太	54.0	芝1400		良	**	1:22.8	-0.2	**	1-1	36.9-33.6	33.6	430(-8)			(ハーエクセレンシー)	750.0	202205040706
2020102672	2023-01-09	1中山4	晴	11.0	フェアリーS(GIII)		16	5.0	10	12.6	7.0	2	戸崎圭太	54.0	芝1600		良	**	1:34.3	0.0	**	13-10-9	34.5-36.1	35.3	436(+6)			キタウイング	1517.0	202306010411
2020102672	2023-04-08	3中山5	曇	11.0	ニュージーランドT(GII)		16	7.0	13	17.2	6.0	11	戸崎圭太	54.0	芝1600		稍	**	1:34.5	0.8	**	9-6-8	35.0-36.0	36.2	432(-4)			エエヤン		202306030511
2020102672	2023-06-24	1函館5	曇	11.0	青函S(OP)		16	2.0	3	2.7	1.0	9	横山武史	52.0	芝1200		稍	**	1:10.2	0.9	**	6-5	34.6-34.7	35.0	444(+12)			ゾンニッヒ		202302010511
2020102672	2023-10-15	4新潟2	曇	11.0	信越S(L)		15	3.0	5	10.5	5.0	11	丸山元気	52.0	芝1400		稍	**	1:21.3	0.7	**	9-9	34.0-34.9	34.6	440(-4)			サーマルウインド		202304040211
2020102672	2024-11-03	3福島2	晴	11.0	みちのくS(OP)		16	1.0	1	64.6	13.0	10	横山琉人	55.0	芝1200		稍	**	1:11.3	0.6	**	4-3	35.2-35.5	35.8	456(+16)			エターナルタイム		202403030211
2020102672	2025-01-18	1中山6	晴	11.0	カーバンクルS(OP)		16	1.0	2	123.1	14.0	10	石川裕紀	53.0	芝1200		良	**	1:08.0	0.6	**	15-12	33.2-34.2	33.6	452(-4)			エイシンフェンサー		202506010611
2020102672	2025-04-13	3中山6	雨	11.0	春雷S(L)		14	4.0	6	71.6	11.0	10	石神深道	53.0	芝1200		稍	**	1:08.8	0.8	**	13-13	33.5-34.5	33.9	446(-6)			ヨシノイースター		202506030611
2020102672	2025-06-28	1函館5	晴	11.0	青函S(OP)		16	5.0	9	113.5	16.0	6	小林美駒	52.0	芝1200		良	**	1:08.8	0.7	**	16-15	33.3-34.8	33.7	456(+10)			エーティーマクフィ		202502010511
2020102672	2025-08-10	1札幌6	曇	11.0	UHB賞(OP)		16	8.0	15	77.3	15.0	8	舟山瑠泉	55.0	芝1200		良	**	1:09.3	0.1	**	11-14	34.8-34.4	33.7	456(0)			フィオライア		202501010611
2020102672	2025-11-09	3福島2	小雨	11.0	みちのくS(OP)		16	3.0	5	43.6	15.0	10	舟山瑠泉	55.0	芝1200		良	**	1:08.9	0.6	**	14-15	33.5-34.8	34.1	450(-6)			レイピア		202503030211
2020102672	2026-01-17	1中山6	晴	11.0	カーバンクルS(OP)		16	3.0	5	97.0	13.0	3	舟山瑠泉	52.0	芝1200		良	**	1:07.6	0.2	**	12-12	33.7-33.7	33.0	462(+12)			ウイングレイテスト	585.0	202606010611
2020102703	2023-01-28	1東京1	晴	2.0	3歳新馬		16	8.0	16	20.8	7.0	2	吉田豊	54.0	ダ1400		良	**	1:27.7	0.1	**	9-9	36.8-37.4	36.7	454(0)			ハッピーロンドン	250.0	202305010102
2020102703	2023-02-18	1東京7	晴	1.0	3歳未勝利		16	5.0	9	3.9	2.0	1	吉田豊	54.0	ダ1400		稍	**	1:26.2	-0.6	**	14-12	35.9-37.5	36.4	454(0)			(フクチャンビーナス)	550.0	202305010701
2020102703	2023-05-13	2東京7	小雨	6.0	3歳1勝クラス		16	7.0	14	7.5	4.0	5	吉田豊	54.0	ダ1400		稍	**	1:23.4	0.6	**	6-6	35.0-35.9	35.9	456(+2)			レディフォース	78.0	202305020706
2020102703	2023-06-11	3東京4	小雨	7.0	3歳以上1勝クラス		16	2.0	4	10.0	6.0	1	吉田豊	53.0	ダ1600		重	**	1:36.5	0.0	**	13-13	36.4-35.2	33.9	456(0)			(ビターゼノビア)	800.0	202305030407
2020102703	2023-08-06	2新潟4	晴	11.0	レパードS(GIII)		15	1.0	1	42.3	11.0	9	吉田豊	54.0	ダ1800		良	**	1:52.4	1.6	**	15-15-15-14	35.7-37.6	37.2	456(0)			ライオットガール		202304020411
2020102703	2023-10-15	4東京5	曇	8.0	3歳以上2勝クラス		12	8.0	12	2.4	1.0	1	吉田豊	54.0	ダ1600		不	**	1:35.0	-0.2	**	10-10	34.7-36.2	35.2	454(-2)			(ナンヨーヴィヨレ)	1140.0	202305040508
2020102703	2023-11-12	5東京4	曇	9.0	銀嶺S(3勝クラス)		15	6.0	10	3.9	2.0	7	吉田豊	55.0	ダ1400		良	**	1:25.0	0.8	**	15-14	35.6-36.1	35.9	452(-2)			メタマックス		202305050409
2020102703	2024-02-04	1東京4	曇	10.0	白嶺S(3勝クラス)		16	6.0	12	13.3	4.0	4	吉田豊	56.0	ダ1600		良	**	1:37.3	0.8	**	16-15	35.1-37.2	36.1	456(+4)			コスタノヴァ	280.0	202405010410
2020102703	2024-03-31	3中山4	晴	10.0	アリエスS(3勝クラス)		16	1.0	2	13.7	5.0	3	吉田豊	56.0	ダ1800		良	**	1:53.1	0.0	**	13-13-15-15	37.6-37.7	36.4	456(0)			ドライゼ	464.9	202406030410
2020102703	2024-05-26	2東京12	晴	10.0	ディープインパクトC(3勝クラス)		16	3.0	6	9.4	4.0	8	吉田豊	56.0	ダ1600		良	**	1:36.8	1.2	**	15-15	35.5-35.4	35.2	460(+4)			ドゥラレジリエント		202405021210
2020102703	2024-06-23	3東京8	曇	10.0	甲州街道S(3勝クラス)		16	8.0	16	3.9	1.0	3	吉田豊	53.0	ダ1600		重	**	1:35.0	0.5	**	11-11	35.2-35.5	34.8	460(0)			ニシノカシミヤ	465.3	202405030810
2020102703	2024-08-25	3新潟6	曇	10.0	長岡S(3勝クラス)		14	4.0	6	10.9	5.0	8	吉田豊	53.0	芝1600		良	**	1:34.1	0.7	**	12-13	34.9-34.7	33.8	462(+2)			バレエマスター		202404030610
2020102703	2024-09-28	4中山8	曇	11.0	秋風S(3勝クラス)		15	7.0	13			取	吉田豊	56.0	芝1600		良	**			**		35.3-34.3		計不			トロヴァトーレ		202406040811
2020102703	2024-11-03	5東京2	晴	10.0	錦秋S(3勝クラス)		11	7.0	8	21.6	7.0	7	吉田豊	56.0	ダ1600		重	**	1:37.1	0.7	**	8-9	36.5-34.9	34.9	460(-2)			ウェイワードアクト		202405050210
2020102703	2024-12-21	7京都7	曇	10.0	御陵S(3勝クラス)		16	6.0	12	38.9	9.0	8	吉田隼人	53.0	ダ1800		良	**	1:53.8	1.4	**	13-14-15-15	36.4-36.6	36.7	452(-8)			モンブランミノル		202408070710
2020102703	2025-02-01	1東京1	晴	9.0	白嶺S(3勝クラス)		16	1.0	2	57.6	12.0	9	吉田豊	53.0	ダ1600		良	**	1:37.5	0.8	**	15-15	35.8-36.1	34.7	460(+8)			タガノエスコート		202505010109
2020102703	2025-04-06	3中山4	晴	10.0	アリエスS(3勝クラス)		16	6.0	12	10.9	7.0	2	吉田豊	56.0	ダ1800		稍	**	1:52.5	0.6	**	9-9-10-11	36.0-37.8	37.6	462(+2)			マンマリアーレ	749.8	202506030410
2020102703	2025-05-03	1新潟1	晴	11.0	三条S(3勝クラス)		15	2.0	2	7.4	4.0	5	吉田隼人	56.0	ダ1800		稍	**	1:52.9	0.6	**	8-9-11-11	37.9-37.3	36.7	464(+2)			アピーリングルック	184.0	202504010111
2020102703	2025-06-01	2東京12	晴	9.0	薫風S(3勝クラス)		16	4.0	8	20.8	6.0	3	吉田豊	56.0	ダ1600		稍	**	1:35.6	0.4	**	11-11	35.6-35.3	34.7	462(-2)			ダノンザボルケーノ	465.2	202505021209
2020102703	2025-09-21	4中山7	曇	10.0	内房S(3勝クラス)		16	1.0	2	22.2	7.0	2	吉田豊	54.0	ダ1800		良	**	1:53.0	0.0	**	13-13-12-12	37.0-39.9	38.3	470(+8)			ハギノサステナブル	749.6	202506040710
2020102703	2025-10-18	3京都6	曇	11.0	トルマリンS(3勝クラス)		16	2.0	4	7.6	4.0	14	吉田豊	56.0	ダ1800		稍	**	1:52.6	1.5	**	13-14-13-14	36.4-36.6	37.0	466(-4)			レイナデアルシーラ		202508030611
2020102703	2026-01-04	1中山1	晴	9.0	招福S(3勝クラス)		11	8.0	11	6.5	3.0	6	吉田豊	56.0	ダ1800		稍	**	1:53.9	0.8	**	8-8-10-10	37.6-38.2	38.3	466(0)			アスクデビューモア		202606010109
2020102703	2026-01-17	1中山6	晴	10.0	アレキサンドライトS(3勝クラス)		16	8.0	16	18.1	8.0	8	吉田豊	54.0	ダ1800		良	**	1:53.8	1.6	**	14-14-11-14	37.4-37.5	37.7	466(0)			チュウワクリスエス		202606010610
2020102728	2022-11-06	5阪神2	晴	5.0	2歳新馬		13	7.0	10	5.5	3.0	7	川田将雅	55.0	芝2000		良	**	2:04.5	2.0	**	3-3-2-2	37.7-35.1	36.8	484(0)			ノーブルクライ		202209050205
2020102728	2022-12-25	6阪神8	晴	3.0	2歳未勝利		15	8.0	14	20.3	7.0	8	荻野極	55.0	芝1600		良	**	1:36.4	0.5	**	13-13	36.9-34.8	33.9	480(-4)			パンデアスカル		202209060803
2020102728	2023-01-28	1小倉5	小雪	6.0	3歳未勝利		10	7.0	8	6.5	4.0	2	永島まな	52.0	芝1800		重	**	1:51.1	0.6	**	2-2-2-2	36.6-36.6	37.0	476(-4)			トーセンアウローラ	220.0	202310010506
2020102728	2023-02-19	2小倉4	曇	6.0	3歳未勝利		16	7.0	13	3.9	2.0	10	ムルザバ	56.0	芝1800		重	**	1:53.0	1.5	**	2-3-2-4	36.6-37.5	38.8	474(-2)			ダズリングブレイヴ		202310020406
2020102728	2023-05-13	1京都7	曇	5.0	3歳未勝利		11	7.0	9	10.5	4.0	4	岩田望来	56.0	芝1800		良	**	1:47.4	0.2	**	2-1	35.1-34.8	35.0	474(0)			ツクヨミ	83.0	202308010705
2020102728	2023-06-03	3阪神1	晴	2.0	3歳未勝利		16	2.0	3	5.3	3.0	3	岩田望来	56.0	ダ1800		重	**	1:52.1	0.4	**	1-1-1-1	37.4-36.4	36.8	474(0)			ウォーターハウス	140.0	202309030102
2020102728	2023-06-24	1函館5	曇	2.0	3歳未勝利		9	4.0	4	1.4	1.0	2	武豊	56.0	ダ1700		不	**	1:44.2	0.0	**	2-2-1-1	29.6-37.6	37.6	472(-2)			ネッケツシャチョウ	220.0	202302010502
2020102728	2023-07-15	2函館5	雨	4.0	3歳未勝利		12	8.0	14	1.5	1.0	3	武豊	56.0	ダ1700		不	**	1:46.2	0.3	**	2-2-2-2	30.8-37.9	38.2	474(+2)			ブリスキー	140.0	202302020504
2020102728	2023-08-05	1札幌5	曇	4.0	3歳未勝利		14	3.0	3	3.9	3.0	5	武豊	56.0	ダ1700		不	**	1:46.1	1.4	**	5-4-4-2	29.7-37.3	38.5	476(+2)			ポワンキュルミナン	55.0	202301010504
2020102728	2023-08-20	2札幌4	曇	2.0	3歳未勝利		11	3.0	3	7.7	4.0	9	武豊	56.0	ダ1000		稍	**	1:00.3	1.5	**	4-8	35.1-35.3	36.3	474(-2)			テイエムルンバ		202301020402
2020102728	2023-10-06	園田	晴	12.0	カトレア賞C2一		9	6.0	6	1.7	1.0	1	田中学	56.0	ダ1400		稍	**	1:32.3	-0.8	**	1-1-1-1		38.7	475(+1)			(サンセットベリー)	70.0	202350100612
2020102728	2023-10-20	園田	曇	12.0	C1		11	5.0	5	1.8	1.0	2	田中学	56.0	ダ1400		稍	**	1:32.5	0.5	**	1-1-1-1		40.7	470(-5)			イーシャ	44.0	202350102012
2020102728	2023-11-07	園田	晴	12.0	C1		12	5.0	5	2.7	1.0	7	田中学	56.0	ダ1700		重	**	1:56.2	1.4	**	3-4-1-1		41.7	471(+1)			ジグラート		202350110712
2020102728	2023-11-22	園田	晴	8.0	C1一		12	8.0	12	6.4	3.0	4	田中学	56.0	ダ1870		良	**	2:08.1	1.6	**	2-2-2-2		42.0	472(+1)			チェリーロシアン	16.5	202350112208
2020102728	2023-12-12	園田	曇	9.0	C1		12	1.0	1	6.2	3.0	1	下原理	56.0	ダ1400		稍	**	1:32.7	-0.3	**	4-4-3-3		41.5	470(-2)			(サトノアルペジオ)	100.0	202350121209
2020102728	2024-02-24	1阪神1	晴	7.0	4歳以上1勝クラス		17	7.0	14	144.8	15.0	14	幸英明	58.0	芝1600		稍	**	1:35.4	2.1	**	9-8	34.9-34.5	36.2	460(-10)			スイープアワーズ		202409010107
2020102728	2024-03-17	1中京4	曇	7.0	4歳以上1勝クラス		16	3.0	5	145.0	13.0	4	斎藤新	58.0	芝1400		良	**	1:22.0	0.4	**	1-1	34.8-34.8	35.2	458(-2)			ユハンヌス	120.0	202407010407
2020102728	2024-05-05	1新潟4	晴	7.0	4歳以上1勝クラス		16	7.0	13	52.7	12.0	15	富田暁	58.0	芝1400		良	**	1:24.5	1.9	**	1-1	34.3-36.3	38.2	458(0)			アスクドリームモア		202404010407
2020102728	2024-05-19	3京都10	小雨	8.0	4歳以上1勝クラス		17	7.0	13	69.9	12.0	17	田口貫太	57.0	芝1600		良	**	1:36.4	3.2	**	2-2	33.5-35.7	38.7	458(0)			サクセスアイ		202408031008
2020102728	2024-08-25	2中京6	曇	8.0	3歳以上1勝クラス		15	4.0	8	127.6	12.0	10	幸英明	58.0	芝1600		良	**	1:34.8	1.5	**	2-2-2	35.0-34.6	36.0	454(-4)			ハワイアンティアレ		202407020608
2020102728	2024-09-07	3中京1	晴	8.0	3歳以上1勝クラス		18	7.0	14	121.4	15.0	16	斎藤新	58.0	芝1200		良	**	1:09.6	1.3	**	1-1	33.8-34.5	35.8	452(-2)			サトノプリエール		202407030108
2020102728	2024-12-08	4中京4	晴	8.0	3歳以上1勝クラス		16	5.0	10	56.7	12.0	12	小沢大仁	57.0	ダ1400		良	**	1:27.4	1.9	**	3-3	34.3-38.9	40.7	466(+14)			エチャケナ		202407040408
2020102728	2025-02-05	川崎	晴	10.0	フェブラリースター賞(B2B3)		11	7.0	9	23.9	7.0	3	山崎誠士	57.0	ダ1600		稍	**	1:45.2	0.8	**	5-5-2-2	38.8-39.9	40.4	459(-7)			マイケルマキシマス	100.0	202545020510
2020102728	2025-02-16	1京都6	曇	7.0	4歳以上1勝クラス		13	7.0	10	108.4	11.0	5	角田大和	58.0	ダ1800		稍	**	1:55.3	1.1	**	9-9-7-4	37.0-38.2	38.3	464(+5)			アリエスキング	80.0	202508010607
2020102728	2025-04-20	2阪神8	曇	8.0	4歳以上1勝クラス		13	6.0	8	23.6	9.0	3	高杉吏麒	57.0	ダ1800		良	**	1:54.9	1.5	**	11-11-6-5	35.4-39.3	39.8	466(+2)			アラナコア	200.0	202509020808
2020102728	2025-04-27	2京都2	晴	8.0	4歳以上1勝クラス		12	6.0	8	17.7	8.0	2	鮫島克駿	58.0	ダ1800		良	**	1:52.9	0.0	**	7-7-8-7	36.3-38.4	37.1	462(-4)			メイショウオオコ	320.0	202508020208
2020102728	2025-05-18	2京都8	晴	7.0	4歳以上1勝クラス		10	5.0	5	3.1	1.0	5	吉村誠之	57.0	ダ1900		重	**	1:59.6	0.5	**	1-1-1-1	31.1-36.3	36.8	460(-2)			メイショウカシワデ	80.0	202508020807
2020102728	2025-08-02	3中京3	晴	9.0	3歳以上1勝クラス		10	3.0	3	5.8	3.0	8	高杉吏麒	57.0	ダ1800		良	**	1:55.8	2.1	**	1-1-2-2	38.0-38.4	40.4	462(+2)			ショーダンサー		202507030309
2020102728	2025-08-24	4中京2	晴	7.0	3歳以上1勝クラス		7	1.0	1	6.4	3.0	3	高杉吏麒	57.0	ダ1800		良	**	1:54.3	0.6	**	7-7-6-5	37.8-38.0	37.9	464(+2)			タガノマルアフ	200.0	202507040207
2020102728	2025-11-05	園田	曇	11.0	JRA交流武庫川特別		9	7.0	7	2.4	1.0	6	吉村智洋	57.0	ダ1870		良	**	2:05.1	1.1	**	7-7-6-4		41.1	458(-6)			ベファーナ		202550110511
2020102728	2026-01-11	1京都4	晴	6.0	4歳以上1勝クラス		14	2.0	2	23.5	7.0	13	高杉吏麒	58.0	ダ1800		良	**	1:56.0	2.7	**	8-8-8-8	36.6-37.3	39.3	464(+6)			サンライズバレット		202608010406
2020102728	2026-01-17	1京都6	晴	7.0	4歳以上1勝クラス		15	4.0	8			除	鮫島克駿	58.0	ダ1400		良	**			**		36.0-36.6		466(+2)			レーティッシュ		202608010607
2020102868	2023-01-22	1中山8	曇	6.0	3歳新馬		17	7.0	13	3.7	2.0	1	横山武史	54.0	芝2000		良	**	2:05.7	-0.3	**	8-7-6-6	38.2-35.5	34.8	468(0)			(ダールフルート)	620.0	202306010806
2020102868	2023-03-11	2中山5	晴	7.0	3歳1勝クラス		11	6.0	6	2.3	1.0	4	横山武史	54.0	芝2000		良	**	2:01.2	0.5	**	9-9-8-7	35.6-35.7	35.5	466(-2)			メイテソーロ	120.0	202306020507
2020102868	2023-04-23	2東京2	晴	11.0	サンスポ賞フローラS(GII)		15	8.0	15	51.7	11.0	7	横山武史	54.0	芝2000		良	**	1:59.7	0.8	**	5-4-4	36.1-34.1	34.6	466(0)			ゴールデンハインド		202305020211
2020102868	2023-07-09	2福島4	曇	9.0	織姫賞(1勝クラス)		16	1.0	1	4.9	4.0	8	菅原明良	53.0	芝1800		良	**	1:48.9	0.5	**	12-12-12-10	36.0-36.0	35.6	468(+2)			ラファドゥラ		202303020409
2020102868	2023-09-23	4中山6	曇	6.0	3歳以上1勝クラス		13	1.0	1	5.9	3.0	8	横山武史	53.0	芝2000		重	**	2:03.0	0.5	**	7-7-8-9	37.3-35.2	35.0	468(0)			メジャークロニクル		202306040606
2020102868	2023-11-19	3福島6	晴	8.0	3歳以上1勝クラス		16	1.0	1	29.1	11.0	5	菊沢一樹	54.0	芝2000		良	**	2:02.5	0.9	**	6-6-7-8	35.5-37.1	37.5	466(-2)			コイニョウボウ	80.0	202303030608
2020102868	2023-12-09	4中京3	晴	8.0	3歳以上1勝クラス		18	7.0	15	9.1	4.0	8	永島まな	52.0	芝2000		良	**	2:01.4	0.6	**	17-17-18-16	36.0-34.5	33.3	470(+4)			ロジシルバー		202307040308
2020102868	2024-02-03	1小倉7	小雨	7.0	4歳以上1勝クラス		15	7.0	12	8.6	4.0	8	菊沢一樹	55.0	芝2600		良	**	2:42.8	1.1	**	7-8-7-10	37.0-37.0	37.5	468(-2)			ヴェルミセル		202410010707
2020102868	2024-02-18	2小倉4	晴	8.0	4歳以上1勝クラス		9	3.0	3	5.1	4.0	2	菊沢一樹	55.0	芝2000		良	**	2:01.2	0.1	**	5-5-3-4	37.5-35.2	35.0	464(-4)			エリダヌス	320.0	202410020408
2020102868	2024-03-02	2小倉7	晴	8.0	4歳以上1勝クラス		13	6.0	9	4.5	2.0	3	菊沢一樹	56.0	芝2000		稍	**	2:02.7	1.0	**	5-5-5-3	34.7-37.1	37.2	462(-2)			アリスヴェリテ	200.0	202410020708
2020102868	2024-07-28	1札幌4	曇	7.0	3歳以上1勝クラス		10	1.0	1	28.9	7.0	5	小林勝太	54.0	芝1800		稍	**	1:48.7	0.6	**	6-6-7-6	36.3-36.1	35.4	478(+16)			リラボニート	80.0	202401010407
2020102868	2024-08-18	2札幌4	晴	7.0	3歳以上1勝クラス		13	4.0	4	18.6	6.0	8	小林勝太	54.0	芝2000		良	**	2:02.2	1.0	**	9-9-9-9	36.5-35.3	35.6	480(+2)			ウインルピナス		202401020407
2020102868	2024-10-20	4新潟6	晴	7.0	3歳以上1勝クラス		15	6.0	10	10.2	5.0	1	菊沢一樹	56.0	芝2000		良	**	2:00.3	-0.4	**	12-12	35.2-35.2	33.5	480(0)			(メイショウノブカ)	800.0	202404040607
2020102868	2024-11-24	5東京8	晴	9.0	オリエンタル賞(2勝クラス)		13	8.0	12	109.5	10.0	10	菊沢一樹	53.0	芝2000		良	**	2:00.5	1.1	**	3-3-5	36.7-34.0	34.8	478(-2)			アドマイヤマツリ		202405050809
2020102868	2024-12-21	7京都7	曇	12.0	3歳以上2勝クラス		13	2.0	2	31.7	8.0	5	横山典弘	56.0	芝1800		良	**	1:47.4	0.7	**	10-11	35.5-33.9	33.5	478(0)			サフィラ	114.0	202408070712
2020102868	2025-02-15	1小倉7	曇	10.0	太宰府特別(2勝クラス)		15	7.0	12	11.1	4.0	9	菊沢一樹	56.0	芝2000		良	**	2:00.5	0.8	**	10-10-11-8	35.6-35.9	35.7	476(-2)			シルキーガール		202510010710
2020102868	2025-03-15	2中京1	小雨	10.0	恋路ケ浜特別(2勝クラス)		13	6.0	8	49.5	10.0	8	吉田隼人	56.0	芝2000		良	**	2:01.6	0.7	**	10-10-11-11	37.2-35.2	34.9	480(+4)			ヴィレム		202507020110
2020102868	2025-05-18	1新潟6	曇	10.0	信濃川特別(2勝クラス)		10	6.0	6	36.5	10.0	8	吉田隼人	56.0	芝2000		良	**	2:02.2	0.8	**	6-5	36.9-34.8	35.0	490(+10)			ドラゴンヘッド		202504010610
2020102868	2025-07-05	2福島3	晴	10.0	横手特別(2勝クラス)		15	3.0	4	30.9	5.0	3	菊沢一樹	56.0	ダ1700		良	**	1:45.9	0.4	**	10-9-7-4	30.9-36.6	36.4	484(-6)			プロミストジーン	394.5	202503020310
2020102868	2025-08-02	2新潟3	晴	8.0	苗場特別(2勝クラス)		12	4.0	4	4.0	2.0	1	菊沢一樹	56.0	ダ1800		良	**	1:52.6	-0.5	**	5-3-3-4	36.0-38.1	37.8	486(+2)			(ヴァナルガンド)	1578.0	202504020308
2020102868	2025-10-18	3京都6	曇	11.0	トルマリンS(3勝クラス)		16	7.0	14	6.2	3.0	9	吉村誠之	56.0	ダ1800		稍	**	1:52.0	0.9	**	9-11-11-12	36.4-36.6	36.7	484(-2)			レイナデアルシーラ		202508030611
2020102868	2025-12-20	5中京5	小雨	11.0	尾頭橋S(3勝クラス)		11	8.0	10	26.4	6.0	2	小沢大仁	56.0	ダ1800		稍	**	1:52.6	0.1	**	8-8-9-9	36.8-37.1	36.5	486(+2)			メイショウズイウン	748.8	202507050511
2020102868	2026-01-17	1中山6	晴	10.0	アレキサンドライトS(3勝クラス)		16	6.0	12	16.1	6.0	3	菊沢一樹	55.0	ダ1800		良	**	1:53.2	1.0	**	7-8-6-7	37.4-37.5	37.5	494(+8)			チュウワクリスエス	475.0	202606010610
2020103434	2022-06-26	3阪神4	晴	5.0	2歳新馬		12	3.0	3	4.7	2.0	1	ルメール	54.0	芝1800		良	**	1:50.2	-0.3	**	3-3	36.2-34.4	34.2	494(0)			(チャンスザローゼス)	700.0	202209030405
2020103434	2022-09-24	5中京6	晴	9.0	野路菊S(OP)		7	6.0	6	1.5	1.0	7	ルメール	54.0	芝2000		良	**	2:03.1	2.9	**	2-2-2-2	36.3-33.8	36.5	490(-4)			ファントムシーフ		202207050609
2020103434	2023-01-28	1中京9	晴	9.0	白梅賞(1勝クラス)		7	4.0	4	3.2	2.0	1	福永祐一	56.0	芝1600		良	**	1:33.3	-0.5	**	1-1-1	35.5-34.2	34.2	508(+18)			(アルジーヌ)	1086.1	202307010909
2020103434	2023-03-18	2中京3	曇	11.0	中スポ賞ファルコンS(GIII)		14	2.0	2	2.9	1.0	2	武豊	56.0	芝1400		重	**	1:22.6	0.0	**	4-4	34.8-35.9	35.5	498(-10)			タマモブラックタイ	1614.8	202307020311
2020103434	2023-05-07	2東京6	雨	11.0	NHKマイルC(GI)		17	7.0	15	5.7	1.0	5	レーン	57.0	芝1600		稍	**	1:34.2	0.4	**	9-7	34.3-35.4	35.2	494(-4)			シャンパンカラー	1300.0	202305020611
2020103434	2024-02-10	2京都5	曇	11.0	洛陽S(L)		18	3.0	5	8.4	4.0	16	岩田望来	56.0	芝1600		良	**	1:34.6	2.0	**	9-12	33.8-35.3	36.0	516(+22)			ドゥアイズ		202408020511
2020103434	2024-02-25	1阪神2	小雨	11.0	阪急杯(GIII)		18	4.0	8	17.2	6.0	8	酒井学	57.0	芝1400		重	**	1:22.5	1.3	**	10-12	33.9-35.9	36.5	506(-10)			ウインマーベル		202409010211
2020103434	2024-05-05	3京都6	晴	11.0	鞍馬S(OP)		13	6.0	8	6.4	3.0	12	酒井学	57.0	芝1200		良	**	1:08.3	1.4	**	2-2	33.7-33.2	34.6	504(-2)			ジャスティンスカイ		202408030611
2020103434	2024-06-22	1函館5	曇	11.0	青函S(OP)		16	5.0	9	30.2	8.0	13	佐々木大	57.0	芝1200		良	**	1:09.8	1.0	**	11-11	34.6-34.2	34.3	504(0)			モリノドリーム		202402010511
2020103434	2024-11-09	6京都3	晴	10.0	室町S(OP)		16	8.0	16	61.9	13.0	16	池添謙一	56.0	ダ1200		良	**	1:14.1	3.4	**	2-3	34.1-36.6	39.8	518(+14)			イスラアネーロ		202408060310
2020103434	2025-03-16	1阪神6	雨	11.0	米子城S(OP)		16	6.0	12	18.2	8.0	10	Ｍ．デム	55.0	芝1200		重	**	1:10.1	1.4	**	4-3	33.8-34.9	35.9	506(-12)			カルチャーデイ		202509010611
2020103434	2025-05-03	2東京3	晴	11.0	京王杯スプリングC(GII)		12	2.0	2	153.3	12.0	10	Ｍ．デム	57.0	芝1400		良	**	1:19.4	1.1	**	3-3	33.9-33.2	34.0	508(+2)			トウシンマカオ		202505020311
2020103434	2025-07-12	2福島5	曇	11.0	安達太良S(OP)		14	2.0	2	10.3	6.0	1	丸山元気	57.0	芝1200		良	**	1:09.5	0.0	**	2-3	34.6-34.9	34.7	504(-4)			(ブーケファロス)	2329.4	202503020511
2020103434	2025-08-03	2新潟4	晴	7.0	アイビスサマーD(GIII)		18	8.0	16	8.0	4.0	4	丸山元気	57.0	芝1000		良	**	0:54.0	0.3	**	2	32.0-32.0	32.2	500(-4)			ピューロマジック	620.0	202504020407
2020103434	2025-08-24	2札幌2	晴	11.0	キーンランドC(GIII)		16	7.0	14	19.1	9.0	6	佐々木大	57.0	芝1200		良	**	1:08.4	0.2	**	5-5	33.6-34.6	34.4	490(-10)			パンジャタワー		202501020211
2020103434	2025-10-26	4新潟4	雨	11.0	ルミエールオータムD(L)		17	8.0	15	3.4	2.0	2	丸山元気	57.0	芝1000		稍	**	0:55.4	0.1	**	3	32.7-33.2	33.2	502(+12)			イコサン	1111.2	202504040411
2020103434	2025-12-07	5中山2	晴	11.0	ラピスラズリS(L)		16	5.0	10	11.7	4.0	2	丸山元気	58.0	芝1200		良	**	1:07.6	0.5	**	3-2	33.5-33.6	33.8	502(0)			ロードフォアエース	1110.2	202506050211
2020103434	2025-12-20	5阪神5	晴	11.0	タンザナイトS(OP)		15	5.0	9			除	川田将雅	57.0	芝1200		良	**			**		33.4-33.9		502(0)			デュガ		202509050511
2020103434	2026-01-17	1中山6	晴	11.0	カーバンクルS(OP)		16	7.0	14	5.5	3.0	2	丸山元気	57.0	芝1200		良	**	1:07.4	0.0	**	4-4	33.7-33.7	33.3	502(0)			ウイングレイテスト	930.0	202606010611
2020103499	2022-07-03	3小倉2	曇	5.0	2歳新馬		8	2.0	2	3.1	1.0	2	福永祐一	54.0	芝1800		良	**	1:50.8	0.2	**	6-6-6-7	37.6-35.5	35.1	496(0)			アリスヴェリテ	280.0	202210030205
2020103499	2022-09-10	5中京1	晴	2.0	2歳未勝利		8	2.0	2	6.4	2.0	2	福永祐一	54.0	芝2000		稍	**	2:02.0	0.6	**	2-3-3-3	37.1-34.4	34.7	502(+6)			チャンスザローゼス	210.0	202207050102
2020103499	2022-09-24	5中京6	晴	3.0	2歳未勝利		11	3.0	3	2.6	1.0	2	福永祐一	54.0	芝2000		稍	**	2:01.0	0.2	**	2-2-2-2	37.4-35.2	35.3	498(-4)			エゾダイモン	210.0	202207050603
2020103499	2022-11-05	5阪神1	晴	4.0	2歳未勝利		8	8.0	8	1.7	1.0	1	福永祐一	55.0	芝1800		良	**	1:47.9	-0.2	**	2-2	36.7-34.5	34.3	496(-2)			(リリーバローズ)	520.0	202209050104
2020103499	2023-01-08	1中京3	晴	11.0	日刊スポシンザン記念(GIII)		7	4.0	4	6.8	4.0	3	福永祐一	56.0	芝1600		良	**	1:34.0	0.3	**	4-3-3	34.8-35.6	35.2	500(+4)			ライトクオンタム	1004.4	202307010311
2020103499	2023-04-15	2阪神7	雨	11.0	アーリントンC(GIII)		18	4.0	7	23.3	10.0	4	岩田康誠	56.0	芝1600		重	**	1:34.1	0.2	**	11-9	34.1-36.2	34.6	506(+6)			オオバンブルマイ	500.0	202309020711
2020103499	2023-05-14	2東京8	曇	5.0	3歳1勝クラス		13	8.0	13	3.5	2.0	3	岩田康誠	56.0	芝1800		良	**	1:48.3	0.9	**	8-6-6	35.9-33.3	33.7	506(0)			レーベンスティール	200.0	202305020805
2020103499	2023-07-29	2新潟1	晴	9.0	出雲崎特別(1勝クラス)		17	2.0	4	4.0	3.0	1	川田将雅	55.0	芝1800		良	**	1:45.4	-0.1	**	4-3	34.7-34.3	33.9	510(+4)			(フェイト)	1146.4	202304020109
2020103499	2023-10-01	4中山9	曇	10.0	茨城新聞杯(2勝クラス)		15	5.0	10	2.6	1.0	3	川田将雅	55.0	芝2000		良	**	2:02.2	0.6	**	5-5-5-5	36.7-34.9	34.8	512(+2)			マイネルモーント	395.3	202306040910
2020103499	2023-10-21	4新潟3	小雨	10.0	村上特別(2勝クラス)		9	5.0	5	2.9	2.0	7	富田暁	56.0	芝2000		重	**	2:03.5	1.4	**	3-3	37.7-35.6	36.7	508(-4)			モズロックンロール		202304040310
2020103499	2023-12-02	5阪神1	晴	12.0	3歳以上2勝クラス		10	8.0	9	13.3	5.0	8	ムルザバ	57.0	芝1800		良	**	1:46.5	1.3	**	2-2	34.7-34.6	35.8	512(+4)			グランヴィノス		202309050112
2020103499	2024-01-28	2京都2	曇	12.0	4歳以上2勝クラス		9	1.0	1	4.3	2.0	9	ルメート	57.0	芝1600		良	**	1:35.6	1.3	**	4-6	35.1-35.3	36.0	516(+4)			ペイシャフラワー		202408020212
2020103499	2024-02-11	2京都6	曇	9.0	春日特別(2勝クラス)		9	7.0	7	47.4	7.0	8	岩田康誠	57.0	芝1800		良	**	1:48.9	1.1	**	1-1	37.1-34.0	35.1	512(-4)			ココナッツブラウン		202408020609
2020103499	2024-04-14	2阪神8	晴	9.0	三木特別(2勝クラス)		17	8.0	15	17.2	8.0	13	岩田康誠	55.0	芝1400		良	**	1:21.3	1.8	**	17-17	33.6-34.7	34.3	516(+4)			スカイロケット		202409020809
2020103499	2024-04-28	3京都4	晴	9.0	六波羅特別(2勝クラス)		11	7.0	8	39.8	8.0	8	菱田裕二	55.0	ダ1800		良	**	1:53.8	0.8	**	3-3-2-3	37.2-36.8	37.5	512(-4)			メイショウカゲカツ		202408030409
2020103499	2024-06-29	3小倉1	曇	10.0	熊本城特別(2勝クラス)		16	5.0	9	21.0	6.0	14	和田竜二	58.0	ダ1700		稍	**	1:46.3	2.8	**	7-6-4-5	30.1-37.4	39.9	516(+4)			メイショウホマレ		202410030110
2020103499	2024-07-07	3小倉4	曇	10.0	耶馬渓特別(2勝クラス)		15	8.0	14	130.5	13.0	14	菱田裕二	58.0	芝1200		良	**	1:09.3	1.3	**	2-3	33.0-35.0	36.0	510(-6)			レッドヒルシューズ		202410030410
2020103499	2024-09-28	3中京8	曇	8.0	3歳以上2勝クラス		13	2.0	2	57.5	11.0	6	田口貫太	57.0	芝1600		良	**	1:34.6	0.6	**	10-6-6	35.8-34.7	34.5	504(-6)			スズカダブル		202407030808
2020103499	2025-03-29	2阪神1	曇	10.0	ラジオ関西賞仲春特別(2勝クラス)		8	8.0	8	74.1	8.0	7	田口貫太	54.0	芝1600		良	**	1:34.1	0.5	**	6-6	35.6-34.0	33.9	522(+18)			ブルーミンデザイン		202509020110
2020103499	2025-04-26	2京都1	晴	12.0	4歳以上2勝クラス		9	2.0	2	17.3	5.0	2	田口貫太	58.0	芝1600		良	**	1:33.1	0.2	**	2-2	35.4-33.9	34.0	518(-4)			ブリックワーク	460.0	202508020112
2020103499	2025-05-10	2京都5	曇	9.0	久御山特別(2勝クラス)		8	8.0	8	6.1	5.0	2	田口貫太	58.0	芝1600		稍	**	1:35.1	0.1	**	2-2	37.0-34.3	34.4	520(+2)			アルトゥーム	625.6	202508020509
2020103499	2025-05-31	2東京11	小雨	10.0	葉山特別(2勝クラス)		16	1.0	2	13.0	6.0	10	内田博幸	58.0	芝1600		重	**	1:37.1	1.2	**	4-4	35.5-35.8	36.6	512(-8)			ウインアイオライト		202505021110
2020103499	2025-12-14	5阪神4	晴	12.0	甲東特別(2勝クラス)		10	4.0	4	28.3	6.0	10	田口貫太	58.0	芝1600		良	**	1:35.6	1.2	**	2-2	35.0-34.8	35.9	528(+16)			ネーヴェフレスカ		202509050412
2020103499	2025-12-28	5阪神8	晴	9.0	フォーチュンC(2勝クラス)		12	2.0	2	21.1	6.0	7	田口貫太	55.0	芝1600		良	**	1:34.3	0.3	**	3-3	35.6-34.8	34.0	528(0)			マイエレメント		202509050809
2020103499	2026-01-17	1京都6	晴	12.0	4歳以上2勝クラス		18	3.0	5	34.8	10.0	9	田口貫太	58.0	芝1600		良	**	1:34.5	1.0	**	5-5	35.2-34.5	35.0	530(+2)			カズミクラーシュ		202608010612
2020103517	2022-12-25	5中山8	晴	6.0	2歳新馬		16	4.0	8	5.6	2.0	2	Ｍ．デム	55.0	芝1600		良	**	1:36.3	0.3	**	16-8-5	35.9-35.5	35.1	466(0)			ペリファーニア	280.0	202206050806
2020103517	2023-01-15	1中山6	曇	5.0	3歳未勝利		16	7.0	13	2.7	1.0	2	バシュロ	56.0	芝1600		良	**	1:35.7	0.2	**	15-10-5	35.4-36.3	35.1	464(-2)			エエヤン	220.0	202306010605
2020103517	2023-04-22	2東京1	曇	5.0	3歳未勝利		13	6.0	8	1.9	1.0	3	Ｍ．デム	56.0	芝1600		良	**	1:35.6	0.4	**	4-5	35.9-33.9	33.3	462(-2)			エンデミズム	140.0	202305020105
2020103517	2023-05-20	2東京9	曇	4.0	3歳未勝利		18	5.0	10	1.7	1.0	1	ルメール	56.0	芝1400		稍	**	1:21.3	-0.1	**	7-7	34.9-34.4	33.8	450(-12)			(オメガキャプテン)	550.0	202305020904
2020103517	2023-08-19	2札幌3	小雨	9.0	千歳特別(1勝クラス)		14	7.0	11	2.5	1.0	3	ルメール	55.0	芝1500		良	**	1:29.4	0.1	**	11-9-7	29.5-35.9	35.2	474(+24)			ビジュノワール	285.0	202301020309
2020103517	2023-10-09	4東京3	雨	8.0	3歳以上1勝クラス		16	6.0	12	2.9	1.0	4	戸崎圭太	56.0	芝1400		重	**	1:21.6	0.2	**	12-12	34.7-35.1	34.1	464(-10)			エリーズダイヤ	120.0	202305040308
2020103517	2023-10-21	4新潟3	小雨	7.0	3歳以上1勝クラス		18	8.0	17	3.3	1.0	3	三浦皇成	56.0	芝1400		重	**	1:22.2	0.1	**	11-12	34.1-36.2	35.6	462(-2)			ミッキーチャレンジ	200.0	202304040307
2020103517	2024-01-14	1中山5	晴	12.0	4歳以上1勝クラス		16	4.0	7	3.2	2.0	2	坂井瑠星	57.0	芝1600		良	**	1:34.6	0.0	**	1-3-4	36.0-34.7	34.3	476(+14)			ロゼル	320.0	202406010512
2020103517	2024-02-03	1東京3	晴	7.0	4歳以上1勝クラス		13	4.0	4	7.8	2.0	3	横山武史	58.0	芝1600		良	**	1:33.0	0.2	**	10-7	35.0-33.9	33.2	470(-6)			ペリファーニア	200.0	202405010307
2020103517	2024-05-05	2東京6	晴	7.0	4歳以上1勝クラス		15	8.0	15	2.0	1.0	1	モレイラ	58.0	芝1400		良	**	1:20.5	-0.1	**	11-12	34.5-34.8	33.0	474(+4)			(ニシノピウモッソ)	800.0	202405020607
2020103517	2024-06-01	3東京1	晴	10.0	由比ヶ浜特別(2勝クラス)		10	5.0	5	2.1	2.0	1	ルメール	58.0	芝1400		良	**	1:20.6	-0.3	**	9-9	34.3-34.8	32.9	468(-6)			(プレジャークルーズ)	1573.1	202405030110
2020103517	2024-08-17	2中京3	晴	11.0	豊明S(3勝クラス)		14	5.0	7	5.2	3.0	13	Ｍ．デム	58.0	芝1400		良	**	1:20.3	1.3	**	11-11	33.0-34.7	34.9	470(+2)			クランフォード		202407020311
2020103517	2024-11-09	5東京3	晴	10.0	奥多摩S(3勝クラス)		14	4.0	5	3.4	1.0	11	ルメール	58.0	芝1400		良	**	1:22.1	0.5	**	11-11	35.4-34.4	33.6	472(+2)			セントメモリーズ		202405050310
2020103517	2024-12-15	7京都6	晴	12.0	東山S(3勝クラス)		18	2.0	4	7.1	3.0	6	ルメール	56.0	芝1400		良	**	1:21.2	0.6	**	15-16	34.2-35.2	33.7	476(+4)			フォーチュンタイム		202408070612
2020103517	2025-02-15	1東京5	晴	10.0	銀蹄S(3勝クラス)		16	6.0	11	16.3	6.0	10	横山武史	58.0	ダ1400		良	**	1:25.6	1.9	**	14-14	35.6-36.1	36.5	478(+2)			コンクイスタ		202505010510
2020103517	2025-03-15	2中山5	曇	10.0	幕張S(3勝クラス)		13	6.0	8	42.9	11.0	7	大野拓弥	55.0	芝1600		良	**	1:33.8	0.4	**	11-12-12	34.8-35.6	34.6	470(-8)			キョウエイブリッサ		202506020510
2020103517	2025-04-27	2東京2	晴	9.0	湘南S(3勝クラス)		15	6.0	10	4.7	3.0	2	ルメール	55.0	芝1400		良	**	1:19.8	0.0	**	13-13	34.1-34.5	33.1	472(+2)			ハクサンバード	749.2	202505020209
2020103517	2025-05-25	2東京10	曇	10.0	フリーウェイS(3勝クラス)		9	1.0	1	2.7	1.0	6	ルメール	58.0	芝1400		良	**	1:21.7	0.3	**	8-8	35.3-34.5	33.7	466(-6)			グロリアラウス		202505021010
2020103517	2025-08-24	3新潟2	晴	9.0	長岡S(3勝クラス)		18	8.0	16	8.4	3.0	9	田辺裕信	56.0	芝1600		良	**	1:33.1	0.6	**	13-12	34.8-33.6	33.0	478(+12)			ファーヴェント		202504030209
2020103517	2025-10-04	4東京1	小雨	10.0	白秋S(3勝クラス)		15	2.0	2	12.7	6.0	1	佐々木大	56.0	芝1400		良	**	1:19.8	0.0	**	12-13	34.4-34.0	32.8	468(-10)			(ユハンヌス)	1872.9	202505040110
2020103517	2025-11-16	5東京4	晴	11.0	オーロC(L)		18	7.0	13	6.7	4.0	8	プーシャ	55.0	芝1400		良	**	1:20.5	0.6	**	14-11	34.2-34.4	33.6	476(+8)			フォーチュンタイム		202505050411
2020103517	2026-01-17	1中山6	晴	11.0	カーバンクルS(OP)		16	8.0	15	29.9	10.0	7	佐々木大	55.0	芝1200		良	**	1:07.7	0.3	**	14-12	33.7-33.7	32.9	476(0)			ウイングレイテスト		202606010611
2020103679	2022-10-23	4東京7	晴	5.0	2歳新馬		13	4.0	5	14.9	6.0	2	北村宏司	55.0	芝1800		良	**	1:50.1	0.3	**	1-2-2	37.9-34.4	34.5	510(0)			ガストリック	280.0	202205040705
2020103679	2022-12-25	5中山8	晴	4.0	2歳未勝利		18	5.0	9	3.7	2.0	1	マーカン	55.0	芝2000		良	**	2:02.6	-0.4	**	3-3-3-2	37.1-36.6	36.3	512(+2)			(ゴールドバランサー)	520.0	202206050804
2020103679	2023-02-25	2中山1	曇	9.0	水仙賞(1勝クラス)		8	5.0	5	3.4	2.0	3	北村宏司	56.0	芝2200		良	**	2:14.5	0.3	**	3-4-3-3	37.4-35.3	35.4	508(-4)			ハウゼ	272.6	202306020109
2020103679	2023-04-15	3中山7	雨	9.0	山藤賞(1勝クラス)		12	8.0	12	6.5	3.0	3	北村宏司	56.0	芝2000		重	**	2:04.2	0.0	**	4-5-5-2	36.3-38.0	37.2	500(-8)			スズカハービン	274.2	202306030709
2020103679	2023-07-15	2福島5	曇	9.0	南相馬特別(1勝クラス)		10	2.0	2	2.1	1.0	10	北村宏司	55.0	芝2000		稍	**	2:06.8	2.7	**	6-7-7-10	36.2-37.0	39.1	502(+2)			エイトキングゴッド		202303020509
2020103679	2023-10-07	4東京1	晴	8.0	3歳以上1勝クラス		14	2.0	2	8.1	3.0	1	ルメール	56.0	芝2000		良	**	1:57.2	-0.1	**	3-7-6	35.5-34.9	34.1	504(+2)			(イングランドアイズ)	800.0	202305040108
2020103679	2023-11-26	5東京8	曇	9.0	アーモンドアイM(2勝クラス)		11	7.0	9	3.5	2.0	1	ルメール	55.0	芝2000		良	**	1:59.2	0.0	**	5-4-4	35.8-34.3	34.0	512(+8)			(オクタヴィアヌス)	1575.9	202305050809
2020103679	2024-01-06	1中山1	晴	9.0	迎春S(3勝クラス)		7	6.0	6	1.5	1.0	6	戸崎圭太	57.0	芝2200		良	**	2:12.2	0.4	**	4-3-4-4	36.6-35.5	34.6	502(-10)			アドマイヤハレー		202406010109
2020103679	2024-11-24	5東京8	晴	11.0	アーモンドアイC(3勝クラス)		15	3.0	5	17.5	8.0	15	マーカン	58.0	芝2000		良	**	2:01.0	1.5	**	7-8-6	36.8-34.0	34.8	504(+2)			タッチウッド		202405050811
2020103679	2025-07-19	2福島7	晴	11.0	阿武隈S(3勝クラス)		10	7.0	9	19.1	8.0	9	石川裕紀	55.0	芝1800		良	**	1:50.7	1.1	**	7-8-9-9	36.5-36.1	36.1	502(-2)			アンリーロード		202503020711
2020103679	2025-09-14	4中山4	曇	10.0	レインボーS(3勝クラス)		14	5.0	7	18.1	7.0	12	武藤雅	54.0	芝2000		良	**	2:00.9	1.6	**	5-4-6-7	36.9-34.5	35.6	498(-4)			ブラックシールド		202506040410
2020103679	2025-11-08	5東京1	晴	10.0	錦秋S(3勝クラス)		11	6.0	6	67.5	9.0	11	内田博幸	58.0	ダ1600		良	**	1:39.0	3.2	**	8-11	35.1-36.1	37.8	514(+16)			ナイトアクアリウム		202505050110
2020103679	2026-01-17	1中山6	晴	10.0	アレキサンドライトS(3勝クラス)		16	3.0	5	231.9	15.0	12	杉原誠人	54.0	ダ1800		良	**	1:54.0	1.8	**	7-7-6-6	37.4-37.5	38.4	510(-4)			チュウワクリスエス		202606010610
2020103902	2023-02-25	1阪神5	晴	4.0	3歳未勝利		15	3.0	5			除	団野大成	56.0	芝2000		稍	**			**		37.4-35.1		476(0)			クレオメデス		202309010504
2020103902	2023-04-16	2阪神8	晴	3.0	3歳未勝利		18	5.0	9	134.1	12.0	17	酒井学	56.0	芝1600		稍	**	1:37.2	3.5	**	15-17	34.7-35.6	36.5	474(0)			エルトンバローズ		202309020803
2020103902	2023-04-30	1京都4	曇	4.0	3歳未勝利		10	7.0	7	167.8	8.0	8	酒井学	56.0	芝2000		稍	**	2:02.8	2.0	**	8-7-7-7	36.2-35.6	36.1	468(-6)			ジーニアスバローズ		202308010404
2020103902	2023-06-21	園田	曇	8.0	JRA交流氷ノ山特別		8	1.0	1	19.5	5.0	1	田中学	56.0	ダ1400		良	**	1:29.4	-1.2	**	8-8-3-2		37.6	468(0)			(オリンポスカズマ)	150.0	202350062108
2020103902	2023-07-15	3中京5	晴	7.0	3歳以上1勝クラス		11	2.0	2	24.9	8.0	8	酒井学	55.0	ダ1800		稍	**	1:56.4	2.2	**	1-2-2-2	37.2-38.8	40.9	474(+6)			テーオーレガシー		202307030507
2020103902	2023-10-15	2京都5	曇	7.0	3歳以上1勝クラス		13	3.0	3	26.0	6.0	5	酒井学	56.0	ダ1400		重	**	1:25.6	1.6	**	8-8	34.1-38.0	38.3	486(+12)			ペプチドタイガー	80.0	202308020507
2020103902	2023-10-29	2京都9	晴	8.0	3歳以上1勝クラス		16	3.0	5	26.0	7.0	5	酒井学	56.0	ダ1400		良	**	1:25.6	0.8	**	2-2	34.4-38.3	38.9	486(0)			カマチョクイン	80.0	202308020908
2020103902	2023-11-25	3京都7	晴	8.0	3歳以上1勝クラス		15	7.0	13	29.2	8.0	6	酒井学	57.0	ダ1400		良	**	1:24.3	0.6	**	8-7	34.4-37.4	37.0	482(-4)			ケイアイアニラ		202308030708
2020103902	2023-12-09	5阪神3	晴	8.0	3歳以上1勝クラス		16	5.0	10	5.3	3.0	7	岩田望来	57.0	ダ1400		良	**	1:26.4	1.4	**	3-3	35.2-37.6	38.7	482(0)			トモジャケーヤ		202309050308
2020103902	2024-02-17	2京都7	晴	8.0	4歳以上1勝クラス		16	7.0	14	7.5	4.0	2	岩田望来	58.0	ダ1400		稍	**	1:24.2	0.6	**	12-11	34.2-37.5	36.6	478(-4)			アドバンスファラオ	320.0	202408020708
2020103902	2024-03-16	1阪神7	晴	12.0	4歳以上1勝クラス		14	4.0	5	3.3	1.0	6	岩田望来	58.0	ダ1400		良	**	1:25.7	0.3	**	12-11	35.4-37.7	36.6	478(0)			ハクサンバード		202409010712
2020103902	2024-04-14	2阪神8	晴	8.0	4歳以上1勝クラス		12	8.0	12	3.0	2.0	5	岩田望来	58.0	ダ1400		良	**	1:25.6	0.5	**	7-7	35.4-37.4	37.1	474(-4)			サザーランド	80.0	202409020808
2020103902	2024-05-25	3京都11	晴	6.0	4歳以上1勝クラス		16	3.0	5	4.2	2.0	3	松山弘平	58.0	ダ1400		良	**	1:25.2	0.2	**	7-7	34.8-37.7	37.3	480(+6)			マイド	200.0	202408031106
2020103902	2024-06-08	4京都3	晴	12.0	3歳以上1勝クラス		15	1.0	2	11.8	5.0	2	松山弘平	58.0	ダ1400		良	**	1:24.8	0.5	**	4-4	34.7-37.4	37.0	478(-2)			カズゴルティス	320.0	202408040312
2020103902	2024-06-22	4京都7	曇	8.0	3歳以上1勝クラス		16	1.0	1	11.9	4.0	11	松山弘平	58.0	ダ1400		稍	**	1:25.9	2.5	**	13-13	34.6-36.5	37.8	486(+8)			クリノキングマン		202408040708
2020103902	2024-10-05	5京都1	晴	6.0	3歳以上1勝クラス		14	8.0	13	4.4	2.0	1	岩田望来	58.0	ダ1400		稍	**	1:25.9	0.0	**	10-9	35.0-37.9	37.1	484(-2)			(クアトロジャック)	800.0	202408050106
2020103902	2024-10-27	5京都8	曇	12.0	3歳以上2勝クラス		12	2.0	2	23.8	6.0	5	西村淳也	58.0	ダ1400		良	**	1:24.3	0.7	**	7-6	34.3-37.4	37.0	488(+4)			ラブコメディ	114.0	202408050812
2020103902	2024-12-01	7京都2	晴	8.0	3歳以上2勝クラス		16	5.0	10	23.2	8.0	1	Ｍ．デム	58.0	ダ1400		良	**	1:24.2	-0.2	**	3-3	35.7-36.4	36.0	488(0)			(サザーランド)	1140.0	202408070208
2020103902	2024-12-15	7京都6	晴	10.0	サリオスC(3勝クラス)		16	7.0	13	13.8	5.0	6	岩田望来	58.0	ダ1400		良	**	1:26.2	0.6	**	12-11	35.5-37.8	37.2	490(+2)			ナスティウェザー		202408070610
2020103902	2025-02-22	1京都7	曇	10.0	河原町S(3勝クラス)		16	1.0	2	25.6	7.0	5	ルメート	56.0	ダ1400		良	**	1:24.8	0.9	**	5-5	35.1-36.9	37.3	496(+6)			ニシキギミッチー	184.0	202508010710
2020103902	2025-03-15	2中京1	小雨	11.0	中京スポーツ杯(3勝クラス)		16	5.0	10	20.4	7.0	7	泉谷楓真	58.0	ダ1400		良	**	1:25.1	0.6	**	8-10	35.8-36.3	36.3	492(-4)			リジル		202507020111
2020103902	2025-05-25	2京都10	曇	10.0	高瀬川S(3勝クラス)		16	3.0	6	7.4	3.0	7	岩田康誠	58.0	ダ1400		重	**	1:22.7	0.5	**	11-14	34.2-36.3	35.8	496(+4)			キャプテンネキ		202508021010
2020103902	2025-08-03	3中京4	晴	6.0	桶狭間S(3勝クラス)		16	8.0	15	34.5	11.0	8	団野大成	58.0	ダ1400		良	**	1:24.5	0.4	**	11-13	34.3-37.9	37.2	496(0)			アッチャゴーラ		202507030406
2020103902	2025-09-20	4阪神6	曇	11.0	大阪スポーツ杯(3勝クラス)		13	7.0	10	15.5	6.0	6	岩田望来	58.0	ダ1400		良	**	1:24.8	0.5	**	9-8	35.6-36.6	36.3	494(-2)			スターペスカオリ		202509040611
2020103902	2025-10-19	3京都7	曇	10.0	京都開設100周年(3勝クラス)		16	8.0	15	20.8	7.0	12	坂井瑠星	55.0	ダ1400		良	**	1:24.7	1.5	**	11-12	35.7-35.4	36.0	498(+4)			グランフォーブル		202508030710
2020103902	2025-11-23	4京都6	晴	10.0	LトレーナーC(3勝クラス)		16	1.0	1	129.1	15.0	13	藤懸貴志	58.0	ダ1400		良	**	1:24.7	1.0	**	8-10	34.9-36.6	37.0	498(0)			フェルヴェンテ		202508040610
2020103902	2026-01-17	1京都6	晴	11.0	羅生門S(3勝クラス)		16	1.0	2	204.0	14.0	2	藤懸貴志	58.0	ダ1400		良	**	1:24.6	0.7	**	13-13	35.3-36.2	35.6	494(-4)			エストレヤデベレン	759.6	202608010611
2020103915	2022-08-28	3新潟6	曇	5.0	2歳新馬		11	7.0	9	18.0	7.0	5	木幡巧也	54.0	芝1600		稍	**	1:35.9	0.4	**	3-3	35.7-34.9	34.9	504(0)			クロスライセンス	70.0	202204030605
2020103915	2022-09-17	4中山3	晴	2.0	2歳未勝利		11	7.0	9	4.1	2.0	2	木幡巧也	54.0	ダ1800		良	**	1:55.2	0.8	**	1-1-1-1	38.5-37.6	38.4	506(+2)			モンドプリューム	210.0	202206040302
2020103915	2022-10-10	4東京3	晴	1.0	2歳未勝利		14	5.0	7	2.1	1.0	1	木幡巧也	54.0	ダ1600		不	**	1:36.6	-0.2	**	1-1	34.6-37.4	37.4	506(0)			(フリッパー)	520.0	202205040301
2020103915	2022-10-15	4東京4	晴	9.0	プラタナス賞(1勝クラス)		8	3.0	3	24.5	6.0	5	木幡巧也	54.0	ダ1600		稍	**	1:38.6	1.7	**	1-1	35.1-37.2	38.9	496(-10)			トレド	103.0	202205040409
2020103915	2023-01-28	1東京1	晴	4.0	3歳1勝クラス		12	1.0	1	18.8	6.0	10	木幡巧也	54.0	ダ1600		良	**	1:40.3	2.2	**	6-5	35.2-38.2	39.4	522(+26)			ラフエイジアン		202305010104
2020103915	2023-02-26	2中山2	晴	9.0	デイジー賞(1勝クラス)		9	5.0	5	16.3	5.0	4	木幡巧也	54.0	芝1800		良	**	1:50.8	0.5	**	2-2-2-2	37.8-35.7	36.1	514(-8)			エミュー	160.0	202306020209
2020103915	2023-03-26	3中山2	雨	9.0	ミモザ賞(1勝クラス)		11	4.0	4	17.0	8.0	3	木幡巧也	54.0	芝2000		不	**	2:06.9	0.0	**	1-1-1-1	35.6-40.3	40.3	512(-2)			アグラシアド	273.6	202306030209
2020103915	2023-04-08	1福島1	曇	9.0	ひめさゆり賞(1勝クラス)		10	2.0	2	6.6	5.0	9	木幡巧也	54.0	芝2000		良	**	2:02.2	1.2	**	1-1-1-1	34.6-36.6	37.8	508(-4)			ソレイユヴィータ		202303010109
2020103915	2023-09-02	2札幌7	晴	7.0	3歳以上1勝クラス		15	2.0	4	14.0	5.0	2	佐々木大	52.0	芝2000		稍	**	2:02.2	0.5	**	1-1-1-1	35.2-37.5	38.0	506(-2)			シェイクユアハート	320.0	202301020707
2020103915	2023-09-16	4中山3	晴	8.0	3歳以上1勝クラス		14	1.0	1	3.8	2.0	8	木幡巧也	53.0	ダ1800		良	**	1:54.6	1.2	**	2-2-2-2	35.9-39.1	40.2	506(0)			グランサバナ		202306040308
2020103915	2023-10-08	4東京2	曇	6.0	3歳以上1勝クラス		15	8.0	14	5.5	4.0	7	木幡巧也	54.0	ダ1400		良	**	1:25.9	0.7	**	2-2	35.4-37.6	37.9	506(0)			フミバレンタイン		202305040206
2020103915	2023-11-19	3福島6	晴	8.0	3歳以上1勝クラス		16	4.0	8	20.8	9.0	16	木幡巧也	54.0	芝2000		良	**	2:05.7	4.1	**	2-2-2-2	35.5-37.1	41.2	504(-2)			コイニョウボウ		202303030608
2020103915	2024-02-01	川崎	晴	10.0	フェブラリースター賞(B2B3)		11	8.0	11	5.0	3.0	8	木幡巧也	55.0	ダ1600		良	**	1:46.0	2.0	**	2-2-3-5	37.3-40.1	41.9	509(+5)			アーバンデザイン		202445020110
2020103915	2024-04-06	3中山5	曇	12.0	4歳以上1勝クラス		16	3.0	5	14.4	6.0	16	石橋脩	56.0	ダ1200		稍	**	1:13.9	2.1	**	5-7	34.7-37.1	38.8	506(-3)			スマイルアップ		202406030512
2020103915	2024-04-14	1福島4	晴	7.0	4歳以上1勝クラス		16	6.0	12	26.3	8.0	6	木幡巧也	56.0	芝1200		良	**	1:09.2	0.7	**	7-7	33.5-35.0	35.1	502(-4)			アイヲツグモノ		202403010407
2020103915	2024-04-27	1新潟1	晴	12.0	4歳以上1勝クラス		10	8.0	10	4.1	2.0	1	丹内祐次	56.0	芝1200		良	**	1:09.5	-0.2	**	3-3	34.6-34.9	34.5	504(+2)			(マイレーヌ)	800.0	202404010112
2020103915	2024-05-18	1新潟7	晴	11.0	大日岳特別(2勝クラス)		16	2.0	3	42.8	14.0	15	永島まな	56.0	芝1200		良	**	1:11.6	1.9	**	13-13	33.9-35.8	36.5	500(-4)			サトノグレイト		202404010711
2020103915	2024-08-18	2札幌4	晴	10.0	知床特別(2勝クラス)		16	6.0	12	372.5	16.0	2	古川吉洋	56.0	芝1200		良	**	1:08.4	0.1	**	11-10	33.3-35.0	34.2	508(+8)			シカゴスティング	629.6	202401020410
2020103915	2024-08-31	2札幌7	晴	12.0	マレーシアC(2勝クラス)		16	8.0	15	8.3	3.0	1	古川吉洋	56.0	芝1200		重	**	1:10.5	-0.2	**	12-7	34.7-35.8	34.9	510(+2)			(スイミーユニバンス)	1584.3	202401020712
2020103915	2024-09-22	3中京7	曇	10.0	志摩S(3勝クラス)		17	2.0	3	15.2	5.0	3	古川吉洋	56.0	芝1200		稍	**	1:09.1	0.6	**	4-3	34.9-33.6	33.8	512(+2)			ミルトクレイモー	465.7	202407030710
2020103915	2024-10-19	4新潟5	雨	11.0	北陸S(3勝クラス)		17	4.0	8	6.4	2.0	3	古川吉洋	54.0	芝1200		稍	**	1:10.3	0.4	**	11-11	33.6-36.3	35.6	508(-4)			シロン	465.5	202404040511
2020103915	2024-11-16	3福島5	曇	11.0	キビタキS(3勝クラス)		16	5.0	9	9.9	6.0	8	古川吉洋	54.0	芝1200		良	**	1:09.6	0.6	**	12-12	33.3-35.7	34.7	508(0)			レッドアヴァンティ		202403030511
2020103915	2025-03-02	2中山2	晴	10.0	アクアマリンS(3勝クラス)		16	8.0	15	71.6	12.0	8	木幡巧也	56.0	芝1200		良	**	1:08.2	0.8	**	12-12	32.7-34.7	33.9	518(+10)			ジューンブレア		202506020210
2020103915	2025-03-09	1阪神4	晴	10.0	淀屋橋S(3勝クラス)		12	6.0	8	32.9	7.0	1	古川吉洋	56.0	芝1200		良	**	1:07.7	0.0	**	12-12	32.8-34.9	33.1	518(0)			(ヤマニンアンフィル)	1865.2	202509010410
2020103915	2025-04-27	1福島6	晴	11.0	モルガナイトS(OP)		16	6.0	11	18.7	9.0	5	古川吉洋	55.0	芝1200		良	**	1:08.7	0.2	**	12-11	34.2-34.3	33.8	514(-4)			ジャスティンスカイ	230.0	202503010611
2020103915	2025-06-28	1函館5	晴	11.0	青函S(OP)		16	3.0	6	22.8	10.0	8	古川吉洋	53.0	芝1200		良	**	1:08.9	0.8	**	9-10	33.3-34.8	34.7	514(0)			エーティーマクフィ		202502010511
2020103915	2025-08-10	1札幌6	曇	11.0	UHB賞(OP)		16	4.0	7	24.4	10.0	16	古川吉洋	55.0	芝1200		良	**	1:09.9	0.7	**	14-11	34.8-34.4	33.9	514(0)			フィオライア		202501010611
2020103915	2025-08-24	2札幌2	晴	11.0	キーンランドC(GIII)		16	1.0	1	176.3	16.0	16	古川吉洋	55.0	芝1200		良	**	1:09.9	1.7	**	16-16	33.6-34.6	34.7	514(0)			パンジャタワー		202501020211
2020103915	2025-11-09	3福島2	小雨	11.0	みちのくS(OP)		16	8.0	15	101.8	16.0	14	横山琉人	55.0	芝1200		良	**	1:09.9	1.6	**	14-16	33.5-34.8	35.0	514(0)			レイピア		202503030211
2020103915	2026-01-17	1中山6	晴	11.0	カーバンクルS(OP)		16	5.0	9	137.6	14.0	14	木幡巧也	52.0	芝1200		良	**	1:08.3	0.9	**	12-14	33.7-33.7	33.7	520(+6)			ウイングレイテスト		202606010611
2020103985	2022-11-12	5東京3	晴	4.0	2歳新馬		16	2.0	3	51.5	8.0	4	津村明秀	54.0	ダ1600		良	**	1:40.4	0.3	**	3-3	36.7-37.3	37.3	420(0)			トニトゥルス	110.0	202205050304
2020103985	2022-12-04	5中山2	晴	1.0	2歳未勝利		16	1.0	1	3.4	2.0	1	津村明秀	54.0	ダ1200		良	**	1:12.6	-0.9	**	9-6	34.2-38.4	37.4	426(+6)			(イデアミラーグロ)	520.0	202206050201
2020103985	2022-12-24	5中山7	晴	7.0	2歳1勝クラス		16	8.0	16	31.8	9.0	10	津村明秀	54.0	ダ1200		稍	**	1:12.1	1.0	**	9-11	33.8-37.3	37.3	420(-6)			マニバドラ		202206050707
2020103985	2023-02-19	1東京8	曇	3.0	3歳1勝クラス		16	5.0	9	105.1	12.0	7	津村明秀	54.0	ダ1400		稍	**	1:25.8	1.4	**	7-8	35.5-36.3	37.2	414(-6)			スマートフォルス		202305010803
2020103985	2023-03-19	2中山8	晴	4.0	3歳1勝クラス		16	7.0	14	46.3	10.0	16	津村明秀	54.0	ダ1200		不	**	1:12.3	1.7	**	12-15	33.6-37.0	37.0	414(0)			タリエシン		202306020804
2020103985	2023-09-02	3新潟7	曇	8.0	3歳以上1勝クラス		15	8.0	14	26.0	9.0	2	津村明秀	54.0	ダ1200		良	**	1:12.0	0.0	**	12-12	34.1-37.9	36.3	424(+10)			カンパニョーラ	320.0	202304030708
2020103985	2023-09-24	4中山7	晴	8.0	3歳以上1勝クラス		16	6.0	11	7.5	5.0	2	津村明秀	54.0	ダ1200		稍	**	1:11.6	0.2	**	13-13	33.2-38.2	36.5	422(-2)			トモジャミ	320.0	202306040708
2020103985	2023-10-14	4東京4	晴	6.0	3歳以上1勝クラス		16	4.0	7	4.3	2.0	1	津村明秀	54.0	ダ1400		良	**	1:25.2	-0.1	**	9-11	36.0-36.7	35.5	422(0)			(トモジャシーマ)	800.0	202305040406
2020103985	2023-11-05	5東京2	晴	8.0	3歳以上2勝クラス		16	5.0	10	11.5	4.0	5	大野拓弥	55.0	ダ1400		良	**	1:24.7	0.7	**	16-16	35.6-36.2	35.0	424(+2)			ダノンミカエル	114.0	202305050208
2020103985	2024-02-18	1東京8	晴	12.0	大島特別(2勝クラス)		16	6.0	12	11.6	6.0	11	菅原明良	56.0	ダ1400		良	**	1:25.9	1.6	**	13-15	35.3-37.1	36.4	432(+8)			エミサキホコル		202405010812
2020103985	2024-03-24	1中京6	小雨	12.0	鈴鹿特別(2勝クラス)		16	8.0	15	42.0	11.0	2	菅原明良	56.0	ダ1400		重	**	1:23.2	0.2	**	13-13	34.9-36.1	34.9	422(-10)			ロードフォンス	630.8	202407010612
2020103985	2024-04-28	2東京4	晴	12.0	4歳以上2勝クラス		16	2.0	4	5.9	5.0	3	大野拓弥	56.0	ダ1400		良	**	1:23.9	0.5	**	8-8	34.8-36.8	36.0	422(0)			エピックジョイ	290.0	202405020412
2020103985	2024-05-25	2東京11	晴	9.0	富嶽賞(2勝クラス)		16	8.0	16	4.4	2.0	5	大野拓弥	56.0	ダ1400		良	**	1:24.6	0.7	**	12-12	36.3-35.5	34.9	426(+4)			コンクイスタ	155.0	202405021109
2020103985	2024-06-22	3東京7	晴	9.0	清里特別(2勝クラス)		16	4.0	8	11.1	4.0	9	石橋脩	56.0	ダ1400		重	**	1:23.9	1.1	**	10-12	34.6-36.4	36.1	422(-4)			エストレヤデベレン		202405030709
2020103985	2024-11-10	5東京4	曇	7.0	3歳以上2勝クラス		12	2.0	2	9.2	4.0	1	木幡巧也	56.0	ダ1400		良	**	1:25.7	-0.1	**	6-6	36.3-36.4	35.8	436(+14)			(ノットファウンド)	1140.0	202405050407
2020103985	2024-12-07	5中山3	晴	10.0	アクアラインS(3勝クラス)		16	3.0	6	16.0	9.0	8	木幡巧也	53.0	ダ1200		良	**	1:11.1	0.9	**	13-13	33.5-36.7	36.2	438(+2)			グッジョブ		202406050310
2020103985	2025-02-15	1東京5	晴	10.0	銀蹄S(3勝クラス)		16	3.0	6	44.4	12.0	11	大野拓弥	56.0	ダ1400		良	**	1:25.6	1.9	**	14-15	35.6-36.1	36.4	444(+6)			コンクイスタ		202505010510
2020103985	2025-03-15	2中京1	小雨	11.0	中京スポーツ杯(3勝クラス)		16	1.0	1	106.6	12.0	12	小沢大仁	56.0	ダ1400		良	**	1:25.5	1.0	**	8-8	35.8-36.3	36.7	434(-10)			リジル		202507020111
2020103985	2025-04-26	2東京1	曇	10.0	鎌倉S(3勝クラス)		16	5.0	9	293.1	16.0	15	木幡巧也	56.0	ダ1400		稍	**	1:25.1	2.2	**	12-13	35.4-35.4	36.0	432(-2)			ビダーヤ		202505020110
2020103985	2025-06-14	3東京3	小雨	10.0	夏至S(3勝クラス)		16	7.0	13	204.5	16.0	10	大野拓弥	56.0	ダ1600		良	**	1:36.5	0.9	**	8-10	34.3-37.2	36.1	438(+6)			アルムラトゥール		202505030310
2020103985	2025-07-20	2小倉8	晴	10.0	宮崎S(3勝クラス)		13	1.0	1	33.0	11.0	7	加藤聡一	52.0	ダ1700		良	**	1:45.0	1.3	**	11-11-11-12	30.1-38.1	36.6	428(-10)			レアンダー		202510020810
2020103985	2025-12-21	5阪神6	雨	9.0	御影S(3勝クラス)		16	4.0	7	201.3	15.0	14	田口貫太	56.0	ダ1400		重	**	1:23.9	1.4	**	10-12	34.0-36.8	37.1	432(+4)			トリリオンボーイ		202509050609
2020103985	2026-01-17	1京都6	晴	11.0	羅生門S(3勝クラス)		16	8.0	16	334.0	16.0	14	菱田裕二	56.0	ダ1400		良	**	1:25.6	1.7	**	13-13	35.3-36.2	36.6	432(0)			エストレヤデベレン		202608010611
2020104632	2022-11-12	5東京3	晴	4.0	2歳新馬		16	2.0	4	41.4	7.0	2	西村淳也	55.0	ダ1600		良	**	1:40.1	0.0	**	2-2	36.7-37.3	37.2	438(0)			トニトゥルス	280.0	202205050304
2020104632	2022-11-26	5東京7	小雨	1.0	2歳未勝利		16	3.0	6	23.3	6.0	5	菅原明良	55.0	ダ1600		稍	**	1:38.8	1.4	**	16-16	34.2-38.1	36.1	440(+2)			ドライブアローカス	52.0	202205050701
2020104632	2023-03-11	2中山5	晴	3.0	3歳未勝利		16	5.0	10	3.3	2.0	1	杉原誠人	56.0	ダ1800		良	**	1:54.3	-0.9	**	1-1-1-1	38.0-38.7	38.7	438(-2)			(ショウナンカブト)	550.0	202306020503
2020104632	2023-04-15	3中山7	雨	6.0	3歳1勝クラス		13	4.0	5	6.6	4.0	1	杉原誠人	56.0	ダ1800		重	**	1:52.2	-0.6	**	3-4-4-4	37.1-37.5	37.1	438(0)			(ワンライトスター)	780.0	202306030706
2020104632	2023-07-09	2福島4	曇	10.0	天の川賞(2勝クラス)		15	6.0	10	1.7	1.0	6	杉原誠人	55.0	ダ1700		良	**	1:47.0	1.1	**	7-7-6-4	29.0-38.4	39.0	446(+8)			アシタガアルサ		202303020410
2020104632	2023-08-06	2新潟4	晴	11.0	レパードS(GIII)		15	8.0	15	36.4	10.0	13	杉原誠人	56.0	ダ1800		良	**	1:53.7	2.9	**	4-5-4-4	35.7-37.6	40.0	438(-8)			ライオットガール		202304020411
2020104632	2023-10-29	4新潟6	雨	10.0	鳥屋野特別(2勝クラス)		15	4.0	6	6.7	4.0	1	杉原誠人	56.0	ダ1800		不	**	1:49.5	-0.2	**	10-10-10-5	34.9-38.3	37.0	440(+2)			(カンピオーネ)	1586.4	202304040610
2020104632	2024-05-26	2東京12	晴	10.0	ディープインパクトC(3勝クラス)		16	7.0	13	87.6	12.0	12	杉原誠人	58.0	ダ1600		良	**	1:37.2	1.6	**	16-15	35.5-35.4	35.6	444(+4)			ドゥラレジリエント		202405021210
2020104632	2024-08-03	2新潟3	晴	6.0	柳都S(3勝クラス)		15	3.0	4	13.5	7.0	7	杉原誠人	55.0	ダ1800		良	**	1:52.4	0.5	**	13-14-14-14	36.2-38.1	37.3	446(+2)			ゴールドバランサー		202404020306
2020104632	2024-09-29	3中京9	曇	10.0	白川郷S(3勝クラス)		15	4.0	6	28.5	10.0	9	杉原誠人	58.0	ダ1800		稍	**	1:52.7	0.9	**	14-13-12-12	37.5-36.7	36.4	442(-4)			ディープリボーン		202407030910
2020104632	2024-11-16	5東京5	曇	10.0	晩秋S(3勝クラス)		15	2.0	3	39.6	9.0	11	菅原明良	58.0	ダ2100		良	**	2:13.2	1.6	**	1-1-1-1	31.8-36.0	37.6	452(+10)			リアレスト		202405050510
2020104632	2024-12-14	4中京5	晴	11.0	尾頭橋S(3勝クラス)		13	8.0	13	42.2	10.0	9	杉原誠人	58.0	ダ1800		良	**	1:52.6	1.3	**	10-12-12-12	37.3-37.6	36.8	454(+2)			フタイテンロック		202407040511
2020104632	2025-01-18	1中山6	晴	10.0	アレキサンドライトS(3勝クラス)		16	6.0	11	34.6	11.0	3	江田照男	55.0	ダ1800		良	**	1:53.1	0.7	**	11-11-12-11	36.8-38.5	38.0	454(0)			マーブルロック	464.9	202506010610
2020104632	2025-03-08	2中山3	曇	10.0	上総S(3勝クラス)		16	1.0	1	21.7	7.0	6	江田照男	55.0	ダ1800		稍	**	1:53.6	1.5	**	6-6-5-4	36.9-38.5	39.0	454(0)			ロードクロンヌ		202506020310
2020104632	2025-04-19	3中山7	晴	10.0	下総S(3勝クラス)		16	3.0	5	90.7	11.0	9	江田照男	58.0	ダ1800		良	**	1:54.0	1.4	**	16-16-15-12	35.5-38.5	38.3	448(-6)			ジョージテソーロ		202506030710
2020104632	2025-08-16	1札幌7	晴	11.0	報知杯大雪H(3勝クラス)		14	3.0	4	42.3	12.0	5	斎藤新	55.0	ダ1700		良	**	1:44.8	0.5	**	13-14-14-12	29.1-38.3	36.8	454(+6)			コトホドサヨウニ	184.0	202501010711
2020104632	2026-01-17	1中山6	晴	10.0	アレキサンドライトS(3勝クラス)		16	3.0	6	78.0	11.0	4	江田照男	55.0	ダ1800		良	**	1:53.3	1.1	**	12-12-11-7	37.4-37.5	37.2	446(-8)			チュウワクリスエス	280.0	202606010610
2020104864	2022-12-04	5中山2	晴	4.0	2歳新馬		15	8.0	14	4.7	2.0	3	菊沢一樹	55.0	ダ1800		良	**	1:56.5	0.2	**	7-6-2-2	38.6-38.8	38.9	436(0)			タイセイマンボ	180.0	202206050204
2020104864	2023-02-26	2中山2	晴	4.0	3歳未勝利		16	7.0	14	3.9	2.0	6	菊沢一樹	56.0	ダ1800		良	**	1:57.3	1.4	**	7-7-4-5	38.4-38.8	40.0	436(0)			ナムラテディー		202306020204
2020104864	2023-03-26	3中山2	小雨	2.0	3歳未勝利		16	5.0	10	6.2	5.0	2	菊沢一樹	56.0	ダ1800		不	**	1:53.7	0.0	**	7-7-3-1	37.4-38.4	38.1	426(-10)			エドノトップラン	220.0	202306030202
2020104864	2023-04-16	1福島4	晴	6.0	3歳未勝利		15	1.0	1	2.4	1.0	9	菊沢一樹	56.0	ダ1700		稍	**	1:49.3	2.6	**	14-14-13-12	31.3-37.5	38.5	420(-6)			ディアサクセサー		202303010406
2020104864	2023-08-13	3新潟2	晴	2.0	3歳未勝利		15	5.0	9	5.2	3.0	2	菊沢一樹	56.0	ダ1800		良	**	1:53.6	0.2	**	5-5-2-2	37.1-38.2	38.2	440(+20)			オールマキシマム	220.0	202304030202
2020104864	2023-09-03	3新潟8	晴	3.0	3歳未勝利		15	3.0	4	2.5	1.0	1	菊沢一樹	56.0	ダ1800		良	**	1:53.6	-0.8	**	4-5-4-3	36.3-39.7	39.2	446(+6)			(ユイアングレイス)	550.0	202304030803
2020104864	2023-10-22	4新潟4	晴	8.0	3歳以上1勝クラス		10	7.0	8	3.4	3.0	2	菊沢一樹	56.0	ダ1800		稍	**	1:53.9	0.1	**	3-2-2-2	38.6-36.7	36.6	448(+2)			ファンジオ	320.0	202304040408
2020104864	2023-11-26	5東京8	曇	7.0	3歳以上1勝クラス		16	5.0	9	2.4	1.0	7	菊沢一樹	57.0	ダ1400		良	**	1:27.3	1.0	**	8-7	36.1-37.1	37.6	448(0)			キャプテンローレル		202305050807
2020104864	2024-02-25	2小倉6	晴	8.0	4歳以上1勝クラス		11	6.0	7	4.6	3.0	1	菊沢一樹	57.0	ダ1700		稍	**	1:44.2	-0.2	**	5-5-3-3	30.3-37.2	36.7	448(0)			(クリノグローリー)	800.0	202410020608
2020104864	2024-03-02	2小倉7	晴	11.0	早鞆特別(2勝クラス)		16	5.0	10	6.3	3.0	2	菊沢一樹	56.0	ダ1700		稍	**	1:43.8	0.1	**	10-8-4-5	28.1-38.1	37.8	442(-6)			アイファーテイオー	631.8	202410020711
2020104864	2024-06-22	3東京7	晴	9.0	清里特別(2勝クラス)		16	1.0	2	25.2	7.0	5	菊沢一樹	58.0	ダ1400		重	**	1:23.5	0.7	**	7-7	34.6-36.4	36.4	446(+4)			エストレヤデベレン	155.0	202405030709
2020104864	2024-07-07	2福島4	晴	10.0	天の川賞(2勝クラス)		10	8.0	9	3.8	2.0	3	菊沢一樹	58.0	ダ1700		良	**	1:46.4	1.0	**	6-6-3-3	30.8-36.5	37.4	440(-6)			ジョージテソーロ	393.3	202403020410
2020104864	2024-11-03	3福島2	晴	10.0	河北新報杯(2勝クラス)		15	7.0	13	3.3	1.0	5	菊沢一樹	58.0	ダ1700		重	**	1:44.6	1.4	**	12-12-10-9	29.7-37.6	37.7	448(+8)			クロースコンバット	155.0	202403030210
2020104864	2024-11-24	5東京8	晴	10.0	アプローズ賞(2勝クラス)		16	1.0	1	40.6	10.0	12	菊沢一樹	58.0	ダ1400		良	**	1:26.2	1.8	**	7-6	36.1-36.0	37.3	442(-6)			シゲルソロソロ		202405050810
2020104864	2025-02-09	1小倉6	晴	10.0	由布院特別(2勝クラス)		16	2.0	4	8.4	4.0	7	菊沢一樹	58.0	ダ1700		稍	**	1:46.0	1.0	**	7-7-8-5	29.5-37.6	38.0	454(+12)			レシプロシティ		202510010610
2020104864	2025-06-22	1函館4	曇	10.0	檜山特別(2勝クラス)		14	5.0	7	32.2	8.0	14	菊沢一樹	58.0	ダ1700		重	**	1:45.9	1.6	**	1-1-1-2	30.0-37.0	38.6	450(-4)			バギーウィップ		202502010410
2020104864	2025-09-20	4中山6	曇	12.0	3歳以上2勝クラス		16	2.0	4	51.4	10.0	14	菊沢一樹	58.0	ダ1200		重	**	1:12.5	2.0	**	7-7	34.2-36.3	37.7	450(0)			エコロエイト		202506040612
2020104864	2026-01-17	1中山6	晴	8.0	4歳以上2勝クラス		16	3.0	6	159.6	11.0	4	菊沢一樹	58.0	ダ1200		良	**	1:12.2	0.4	**	14-14	33.8-38.0	36.4	452(+2)			ゴールドハンマー	180.0	202606010608
2020104893	2022-06-25	3阪神3	晴	5.0	2歳新馬		11	6.0	7	18.9	6.0	2	団野大成	54.0	芝1400		良	**	1:22.8	0.1	**	2-2	34.5-36.5	36.6	488(0)			オリオンネビュラ	280.0	202209030305
2020104893	2022-08-07	2新潟4	晴	1.0	2歳未勝利		15	7.0	12	2.8	1.0	5	福永祐一	54.0	芝1400		良	**	1:22.6	0.5	**	6-6	34.6-35.6	35.6	484(-4)			サイモンオリーブ	52.0	202204020401
2020104893	2022-10-08	4阪神1	曇	2.0	2歳未勝利		10	6.0	6	2.7	2.0	2	団野大成	55.0	芝1400		稍	**	1:21.7	0.1	**	5-5	34.5-35.5	35.3	490(+6)			ハウピア	210.0	202209040102
2020104893	2022-12-04	6中京2	晴	4.0	2歳未勝利		18	8.0	18	4.5	2.0	4	福永祐一	55.0	芝1400		良	**	1:22.1	0.7	**	4-4	34.3-35.8	36.1	486(-4)			スカイロケット	78.0	202207060204
2020104893	2022-12-24	6阪神7	晴	3.0	2歳未勝利		16	6.0	12	3.0	1.0	2	川田将雅	55.0	ダ1400		稍	**	1:26.2	0.0	**	7-4	34.9-38.8	38.5	490(+4)			ゴルデールスカー	210.0	202209060703
2020104893	2023-01-22	1中京8	晴	2.0	3歳未勝利		15	1.0	1	1.9	1.0	1	川田将雅	56.0	ダ1400		良	**	1:26.5	-0.2	**	4-4	35.6-38.7	38.0	492(+2)			(アルルカン)	550.0	202307010802
2020104893	2023-04-22	1京都1	晴	5.0	3歳1勝クラス		16	4.0	8	14.7	7.0	6	吉田隼人	56.0	ダ1400		良	**	1:26.3	1.6	**	13-10	34.1-38.5	38.8	506(+14)			ヘンリー		202308010105
2020104893	2023-05-06	1京都5	曇	6.0	3歳1勝クラス		16	7.0	14	25.4	11.0	2	団野大成	56.0	ダ1400		良	**	1:25.8	0.2	**	7-6	35.5-37.6	36.8	502(-4)			スズカコーズ	310.0	202308010506
2020104893	2023-07-08	3中京3	曇	6.0	3歳以上1勝クラス		16	7.0	14	12.8	5.0	7	団野大成	55.0	ダ1400		良	**	1:25.4	1.5	**	6-6	34.1-38.1	39.1	506(+4)			エンペラーワケア		202307030306
2020104893	2024-03-10	1中京2	晴	12.0	4歳以上1勝クラス		16	4.0	7	19.4	6.0	4	三浦皇成	58.0	ダ1400		良	**	1:25.5	1.5	**	6-6	35.0-37.0	37.7	522(+16)			アルシオーネ	120.0	202407010212
2020104893	2024-03-30	2阪神3	晴	7.0	4歳以上1勝クラス		16	7.0	13	3.1	1.0	1	西村淳也	58.0	ダ1400		稍	**	1:25.0	-0.3	**	3-3	35.6-37.2	36.7	524(+2)			(エンドレスロード)	800.0	202409020307
2020104893	2024-11-24	6京都8	曇	8.0	3歳以上2勝クラス		16	3.0	6	16.3	5.0	2	西村淳也	58.0	ダ1400		良	**	1:24.3	0.0	**	10-9	34.7-37.6	36.4	526(+2)			サウンドアレグリア	460.0	202408060808
2020104893	2024-12-22	7京都8	晴	8.0	3歳以上2勝クラス		16	3.0	5	2.3	1.0	5	西村淳也	58.0	ダ1400		良	**	1:25.9	0.5	**	5-5	36.0-37.6	37.6	532(+6)			スターペスカオリ	114.0	202408070808
2020104893	2025-03-09	1阪神4	晴	12.0	4歳以上2勝クラス		14	4.0	6	3.4	2.0	3	西村淳也	58.0	ダ1400		良	**	1:24.7	0.2	**	10-7	34.6-37.5	36.6	530(-2)			レイズカイザー	290.0	202509010412
2020104893	2025-03-30	2中京6	晴	12.0	鈴鹿特別(2勝クラス)		16	3.0	6	3.0	1.0	1	モレイラ	58.0	ダ1400		良	**	1:24.7	-0.2	**	7-7	35.3-37.2	36.5	526(-4)			(ルージュスタニング)	1587.8	202507020612
2020104893	2025-04-26	2東京1	曇	10.0	鎌倉S(3勝クラス)		16	2.0	4	59.6	11.0	12	松山弘平	58.0	ダ1400		稍	**	1:24.7	1.8	**	7-8	35.4-35.4	36.4	526(0)			ビダーヤ		202505020110
2020104893	2025-09-20	4阪神6	曇	11.0	大阪スポーツ杯(3勝クラス)		13	6.0	8	23.3	8.0	4	鮫島克駿	58.0	ダ1400		良	**	1:24.6	0.3	**	3-3	35.6-36.6	36.7	538(+12)			スターペスカオリ	280.0	202509040611
2020104893	2025-10-19	3京都7	曇	10.0	京都開設100周年(3勝クラス)		16	5.0	9	17.8	5.0	4	西村淳也	55.0	ダ1400		良	**	1:23.6	0.4	**	4-4	35.7-35.4	35.4	534(-4)			グランフォーブル	280.0	202508030710
2020104893	2025-11-23	4京都6	晴	10.0	LトレーナーC(3勝クラス)		16	3.0	6	14.5	7.0	2	西村淳也	58.0	ダ1400		良	**	1:23.8	0.1	**	12-14	34.9-36.6	35.9	534(0)			フェルヴェンテ	750.0	202508040610
2020104893	2026-01-17	1京都6	晴	11.0	羅生門S(3勝クラス)		16	8.0	15	8.6	4.0	4	西村淳也	58.0	ダ1400		良	**	1:24.6	0.7	**	9-7	35.3-36.2	36.2	538(+4)			エストレヤデベレン	280.0	202608010611
2020104960	2022-06-18	3東京5	曇	5.0	2歳新馬		16	8.0	16	47.0	9.0	11	江田照男	54.0	芝1400		良	**	1:24.1	2.0	**	6-5	36.2-34.2	35.8	466(0)			ウンブライル		202205030505
2020104960	2022-07-03	1函館8	曇	1.0	2歳未勝利		11	7.0	8	18.9	7.0	6	菱田裕二	54.0	芝1200		稍	**	1:11.8	0.8	**	9-8	34.2-36.8	36.5	476(+10)			シンゼンイズモ		202202010801
2020104960	2022-07-17	1函館12	小雨	1.0	2歳未勝利		8	6.0	6	65.3	7.0	4	菱田裕二	54.0	芝1200		稍	**	1:12.4	0.7	**	4-4	34.8-36.9	37.0	468(-8)			マルモリディライト	78.0	202202011201
2020104960	2022-08-14	3新潟2	曇	3.0	2歳未勝利		17	3.0	5	80.0	10.0	4	佐々木大	51.0	芝1200		稍	**	1:09.4	0.3	**	8-7	33.9-35.2	35.0	464(-4)			リバーラ	78.0	202204030203
2020104960	2022-09-04	3新潟8	晴	2.0	2歳未勝利		18	2.0	3	33.8	8.0	2	佐々木大	51.0	芝1400		良	**	1:23.2	0.5	**	4-4	34.7-35.9	36.1	472(+8)			ノーブルラン	210.0	202204030802
2020104960	2022-10-16	4新潟2	晴	1.0	2歳未勝利		16	3.0	5	15.7	6.0	2	佐々木大	52.0	芝1200		良	**	1:09.2	0.5	**	8-8	33.6-35.1	34.5	478(+6)			ダンシングニードル	210.0	202204040201
2020104960	2022-11-06	3福島2	晴	2.0	2歳未勝利		16	2.0	4	3.6	2.0	2	佐々木大	52.0	芝1200		良	**	1:09.5	0.4	**	3-3	33.5-35.6	35.4	484(+6)			ミルトクレイモー	210.0	202203030202
2020104960	2022-11-19	3福島5	晴	4.0	2歳未勝利		16	3.0	6	2.0	1.0	1	佐々木大	52.0	芝1200		良	**	1:10.3	-0.5	**	3-3	34.3-36.0	35.7	482(-2)			(シンリンゲンカイ)	520.0	202203030504
2020104960	2022-12-17	6中京5	小雨	9.0	報知杯中京2歳S(OP)		10	8.0	10	47.8	7.0	7	佐々木大	55.0	芝1200		良	**	1:09.7	1.7	**	6-6	34.2-33.8	34.6	488(+6)			ビッグシーザー		202207060509
2020104960	2022-12-24	5中山7	晴	7.0	2歳1勝クラス		16	3.0	5	87.0	12.0	11	武藤雅	55.0	ダ1200		稍	**	1:12.1	1.0	**	14-13	33.8-37.3	36.8	494(+6)			マニバドラ		202206050707
2020104960	2023-01-15	1中京6	晴	4.0	3歳1勝クラス		11	8.0	11	85.9	11.0	4	富田暁	56.0	ダ1200		稍	**	1:12.9	1.1	**	8-7	35.6-36.2	36.7	488(-6)			アームズレイン	120.0	202307010604
2020104960	2023-02-04	1東京3	晴	4.0	3歳1勝クラス		11	8.0	10	22.2	6.0	8	小林脩斗	54.0	ダ1400		良	**	1:26.8	0.8	**	10-10	36.6-36.6	36.5	496(+8)			ニフェーデービル		202305010304
2020104960	2023-03-04	2中山3	晴	7.0	3歳1勝クラス		16	7.0	14	32.3	11.0	10	武藤雅	56.0	ダ1200		良	**	1:12.2	1.2	**	12-13	33.1-37.9	37.5	494(-2)			ハチメンロッピ		202306020307
2020104960	2023-03-19	2中山8	晴	4.0	3歳1勝クラス		16	4.0	7	104.4	14.0	7	丹内祐次	56.0	ダ1200		不	**	1:11.4	0.8	**	12-10	33.6-37.0	36.1	496(+2)			タリエシン		202306020804
2020104960	2023-04-23	2東京2	晴	6.0	3歳1勝クラス		16	7.0	13	72.1	13.0	11	小林脩斗	54.0	ダ1400		良	**	1:26.9	1.4	**	16-15	35.5-37.8	37.3	492(-4)			ロードフォンス		202305020206
2020104960	2023-07-02	2福島2	晴	12.0	3歳以上1勝クラス		16	4.0	7	13.6	8.0	13	小林脩斗	53.0	芝1200		良	**	1:10.2	1.6	**	10-10	33.5-35.1	35.3	480(-12)			プレジャークルーズ		202303020212
2020104960	2023-07-08	2福島3	曇	9.0	須賀川特別(1勝クラス)		13	7.0	10	131.2	11.0	13	武藤雅	55.0	芝1200		良	**	1:10.5	1.5	**	13-13	34.0-35.0	34.8	482(+2)			ダレモトメラレナイ		202303020309
2020104960	2023-09-30	4中山8	晴	8.0	3歳以上1勝クラス		16	8.0	16	96.2	13.0	11	小林脩斗	54.0	ダ1200		良	**	1:12.6	2.4	**	13-13	33.8-36.4	37.5	494(+12)			サイモンギフト		202306040808
2020104960	2023-11-26	5東京8	曇	7.0	3歳以上1勝クラス		16	8.0	16	294.0	16.0	12	野中悠太	57.0	ダ1400		良	**	1:27.6	1.3	**	12-10	36.1-37.1	37.8	504(+10)			キャプテンローレル		202305050807
2020104960	2023-12-12	川崎	曇	9.0	ディセンバースター賞(B2B3)		12	5.0	5	76.3	10.0	4	野中悠太	57.0	ダ1500		稍	**	1:38.9	1.6	**	7-7-6-6	30.0-40.9	41.9	500(-4)			ソウルストライク	60.0	202345121209
2020104960	2024-01-21	1京都7	曇	8.0	4歳以上1勝クラス		14	5.0	9	259.1	12.0	4	松若風馬	57.0	ダ1400		重	**	1:23.9	0.8	**	13-13	34.3-37.3	35.8	506(+6)			エムズマインド	120.0	202408010708
2020104960	2024-02-10	2京都5	曇	8.0	4歳以上1勝クラス		16	6.0	11	22.3	9.0	5	松若風馬	58.0	ダ1200		良	**	1:13.1	0.3	**	15-14	35.9-36.9	35.8	508(+2)			ウイスキータイム	80.0	202408020508
2020104960	2024-03-02	2中山3	曇	7.0	4歳以上1勝クラス		16	6.0	11	15.2	5.0	4	長浜鴻緒	55.0	ダ1200		重	**	1:11.5	0.5	**	12-13	33.4-37.6	36.8	520(+12)			サトノガレオン	120.0	202406020307
2020104960	2024-09-28	4中山8	曇	8.0	3歳以上1勝クラス		16	7.0	13	29.8	9.0	9	長浜鴻緒	55.0	ダ1200		良	**	1:12.2	0.8	**	14-13	33.9-37.5	36.7	526(+6)			ヒストリアイ		202406040808
2020104960	2024-10-14	4新潟4	晴	8.0	3歳以上1勝クラス		8	8.0	8	21.6	6.0	6	長浜鴻緒	55.0	ダ1200		良	**	1:12.0	0.8	**	5-5	34.4-36.8	36.7	524(-2)			テイエムヒショウ		202404040408
2020104960	2024-10-27	4新潟8	晴	8.0	3歳以上1勝クラス		11	7.0	9	30.1	6.0	4	長浜鴻緒	55.0	ダ1200		良	**	1:11.5	0.8	**	11-11	34.2-36.5	35.7	522(-2)			キタノソワレ	120.0	202404040808
2020104960	2024-11-17	5東京6	晴	7.0	3歳以上1勝クラス		16	3.0	5	11.4	5.0	中	野中悠太	58.0	ダ1300		良	**			**		30.1-36.3		530(+8)			フラーハ		202405050607
2020104960	2024-12-14	4中京5	晴	3.0	3歳以上1勝クラス		16	4.0	8	17.3	5.0	12	長浜鴻緒	55.0	ダ1200		良	**	1:13.6	2.0	**	13-13	35.2-36.4	35.4	522(-8)			ビバップ		202407040503
2020104960	2025-01-26	1中山9	晴	8.0	4歳以上2勝クラス		14	6.0	10	103.4	11.0	11	長浜鴻緒	55.0	ダ1200		良	**	1:12.7	1.3	**	13-12	33.4-38.0	37.4	542(+20)			シークレットヴァウ		202506010908
2020104960	2025-02-10	1京都3	晴	12.0	4歳以上1勝クラス		16	4.0	7	82.6	13.0	5	古川吉洋	58.0	ダ1200		良	**	1:13.2	0.7	**	15-15	35.1-37.4	35.7	538(-4)			エコロネオ	80.0	202508010312
2020104960	2025-03-01	2中山1	晴	8.0	4歳以上1勝クラス		16	3.0	6	20.0	5.0	1	長浜鴻緒	55.0	ダ1200		良	**	1:12.5	-0.3	**	14-12	34.4-38.1	36.5	540(+2)			(ショウナンハクウン)	800.0	202506020108
2020104960	2025-03-22	2中山7	晴	12.0	4歳以上2勝クラス		16	7.0	13	22.2	7.0	14	長浜鴻緒	55.0	ダ1200		稍	**	1:12.9	1.5	**	14-15	34.3-37.1	36.4	534(-6)			スマイルアップ		202506020712
2020104960	2025-04-06	3中山4	晴	12.0	4歳以上2勝クラス		15	4.0	6	107.8	11.0	12	野中悠太	58.0	ダ1200		稍	**	1:13.1	1.6	**	14-14	35.7-35.8	35.6	538(+4)			ネイト		202506030412
2020104960	2025-06-22	3東京6	晴	9.0	甲州街道特別(2勝クラス)		16	1.0	1	141.3	16.0	10	野中悠太	58.0	ダ1400		良	**	1:25.4	2.0	**	15-15	34.8-37.0	36.7	528(-10)			トクシーカイザー		202505030609
2020104960	2025-07-13	2福島6	晴	12.0	彦星賞(2勝クラス)		9	4.0	4	42.4	8.0	8	野中悠太	58.0	芝1200		良	**	1:12.1	1.8	**	7-7	35.2-35.1	35.0	528(0)			エコロマーズ		202503020612
2020104960	2025-09-27	4中山8	晴	12.0	3歳以上2勝クラス		16	1.0	2	253.4	14.0	15	長浜鴻緒	56.0	ダ1200		良	**	1:12.8	1.4	**	16-16	34.4-37.0	35.8	536(+8)			ワンダラー		202506040812
2020104960	2025-10-25	4東京8	雨	12.0	3歳以上2勝クラス		13	8.0	13	193.4	13.0	9	長浜鴻緒	56.0	ダ1400		稍	**	1:25.2	1.1	**	12-12	36.4-35.4	35.3	540(+4)			フウセツ		202505040812
2020104960	2025-11-08	4京都1	晴	9.0	亀岡特別(2勝クラス)		16	1.0	1	344.5	15.0	10	古川吉洋	58.0	ダ1400		良	**	1:25.2	1.9	**	16-16	33.8-37.7	36.9	536(-4)			ジャスパーバローズ		202508040109
2020104960	2025-12-06	5阪神1	晴	8.0	3歳以上2勝クラス		16	4.0	7	409.8	16.0	15	古川吉洋	58.0	ダ1400		良	**	1:25.2	1.3	**	16-16	34.4-37.2	36.5	546(+10)			メイショウツヨキ		202509050108
2020104960	2025-12-20	5中京5	小雨	10.0	ヤングJSFR中京2(2勝クラス)		16	8.0	16	179.7	16.0	9	神尾香澄	58.0	ダ1400		稍	**	1:26.0	0.7	**	14-16	35.6-37.7	37.0	548(+2)			トルーマンテソーロ		202507050510
2020104960	2026-01-17	1中山6	晴	8.0	4歳以上2勝クラス		16	5.0	10	267.8	15.0	10	長浜鴻緒	56.0	ダ1200		良	**	1:12.7	0.9	**	15-15	33.8-38.0	36.6	558(+10)			ゴールドハンマー		202606010608
2020104983	2022-12-03	5中山1	曇	6.0	2歳新馬		16	4.0	8	13.8	7.0	5	丸田恭介	54.0	ダ1200		良	**	1:13.9	1.0	**	7-7	35.1-37.8	38.0	462(0)			ラックスアットゼア	70.0	202206050106
2020104983	2022-12-24	5中山7	晴	3.0	2歳未勝利		16	3.0	6	16.2	5.0	2	丸田恭介	54.0	芝1200		稍	**	1:10.0	0.2	**	12-12	33.8-36.0	35.0	462(0)			マーレアペルト	210.0	202206050703
2020104983	2023-02-19	2小倉4	小雨	2.0	3歳未勝利		18	4.0	8	5.3	3.0	3	丸田恭介	54.0	芝1200		重	**	1:10.8	0.2	**	7-7	34.1-36.5	36.1	450(-12)			カンチェンジュンガ	140.0	202310020402
2020104983	2023-02-26	2小倉6	晴	2.0	3歳未勝利		18	3.0	5	10.8	6.0	5	丸山元気	54.0	芝1200		稍	**	1:10.2	0.4	**	5-5	34.2-35.6	35.5	448(-2)			リトルミム	55.0	202310020602
2020104983	2023-04-22	1福島5	晴	2.0	3歳未勝利		16	6.0	11	2.5	1.0	2	丸田恭介	54.0	芝1200		良	**	1:10.7	0.0	**	9-9	35.2-35.5	34.8	446(-2)			クリノエンジェル	220.0	202303010502
2020104983	2023-05-13	1新潟5	晴	3.0	3歳未勝利		16	1.0	1	4.8	2.0	2	原優介	52.0	芝1400		良	**	1:22.2	0.1	**	1-1	35.5-34.6	34.7	436(-10)			パルティクラール	220.0	202304010503
2020104983	2023-06-11	1函館2	曇	1.0	3歳未勝利		16	2.0	4	1.4	1.0	1	横山武史	54.0	芝1200		良	**	1:09.2	0.0	**	7-6	33.8-35.4	34.6	440(+4)			(ピンクジン)	550.0	202302010201
2020104983	2023-08-27	2札幌6	雨	9.0	勝馬投票100周年(1勝クラス)		16	7.0	13	6.1	2.0	2	横山武史	54.0	芝1200		重	**	1:11.6	0.2	**	13-13	34.8-36.6	35.9	448(+8)			イイヒニナル	452.0	202301020609
2020104983	2023-09-23	4中山6	曇	4.0	3歳以上1勝クラス		16	2.0	4	3.3	1.0	11	横山武史	54.0	芝1200		重	**	1:10.2	0.8	**	13-13	34.3-35.1	34.6	446(-2)			ランドオブラヴ		202306040604
2020104983	2023-11-11	3福島3	晴	6.0	3歳以上1勝クラス		16	3.0	5	6.1	3.0	2	原優介	54.0	芝1200		良	**	1:10.3	0.3	**	5-4	33.7-36.3	36.3	446(0)			ビッグボーンリタ	320.0	202303030306
2020104983	2023-11-19	3福島6	曇	12.0	3歳以上1勝クラス		16	1.0	2	8.3	4.0	1	原優介	54.0	芝1200		良	**	1:10.6	-0.1	**	3-3	34.4-36.2	35.7	444(-2)			(フライングブレード)	800.0	202303030612
2020104983	2024-03-09	2中山5	晴	12.0	4歳以上2勝クラス		13	4.0	4	13.5	7.0	8	原優介	55.0	芝1200		稍	**	1:09.9	0.3	**	13-13	33.7-35.9	35.0	458(+14)			サウザンサニー		202406020512
2020104983	2024-03-24	3中山2	曇	12.0	4歳以上2勝クラス		13	4.0	4	14.0	6.0	10	原優介	55.0	芝1200		良	**	1:08.5	0.8	**	12-12	33.4-34.3	33.6	460(+2)			ルーフ		202406030212
2020104983	2024-04-06	1福島1	曇	10.0	花見山特別(2勝クラス)		16	5.0	9	24.5	8.0	9	菊沢一樹	56.0	芝1200		良	**	1:09.6	0.8	**	15-15	34.1-34.7	34.1	452(-8)			リシャールケリー		202403010110
2020104983	2024-05-18	2東京9	晴	10.0	高尾特別(2勝クラス)		12	2.0	2	26.3	8.0	12	原優介	56.0	芝1400		良	**	1:22.4	1.2	**	10-10	35.1-34.2	33.3	464(+12)			タガノシャーンス		202405020910
2020104983	2024-07-13	2福島5	晴	9.0	郡山特別(2勝クラス)		16	3.0	6	42.4	10.0	7	原優介	52.0	芝1200		良	**	1:09.5	1.3	**	11-12	33.9-34.3	34.1	458(-6)			トーセンエスクード		202403020509
2020104983	2024-08-04	1札幌6	曇	10.0	札幌スポニチ賞(2勝クラス)		16	5.0	10	59.4	14.0	2	斎藤新	56.0	芝1200		稍	**	1:09.3	0.0	**	6-6	34.2-35.1	34.4	460(+2)			コナブラック	630.2	202401010610
2020104983	2024-08-18	2札幌4	晴	10.0	知床特別(2勝クラス)		16	5.0	10	46.9	8.0	7	富田暁	56.0	芝1200		良	**	1:08.6	0.3	**	11-10	33.3-35.0	34.3	462(+2)			シカゴスティング		202401020410
2020104983	2024-09-07	4中山1	晴	10.0	汐留特別(2勝クラス)		10	2.0	2			取	原優介	56.0	芝1200		良	**			**		33.4-33.4		計不			ランドオブラヴ		202406040110
2020104983	2024-11-09	3福島3	晴	10.0	飯坂温泉特別(2勝クラス)		16	1.0	1	20.2	11.0	9	永島まな	56.0	芝1200		良	**	1:10.6	0.7	**	15-15	33.9-36.0	35.1	460(-2)			ニシノコウダイ		202403030310
2020104983	2024-11-30	5中山1	晴	12.0	3歳以上2勝クラス		15	4.0	6	51.7	11.0	5	原優介	55.0	芝1200		良	**	1:08.0	0.5	**	14-12	32.9-34.6	33.8	470(+10)			ステークホルダー	114.0	202406050112
2020104983	2024-12-21	5中山7	晴	12.0	クリスマスC(2勝クラス)		16	7.0	13	20.3	8.0	11	原優介	56.0	芝1200		良	**	1:09.0	1.0	**	13-13	33.5-34.5	34.0	470(0)			ジューンブレア		202406050712
2020104983	2025-03-15	2中山5	曇	12.0	4歳以上2勝クラス		16	3.0	6	40.9	11.0	9	原優介	56.0	芝1200		良	**	1:09.1	0.5	**	15-16	33.8-34.8	33.9	482(+12)			アララララ		202506020512
2020104983	2025-03-22	2中京3	晴	10.0	熱田特別(2勝クラス)		17	8.0	16	83.8	10.0	8	杉原誠人	56.0	芝1400		良	**	1:21.5	0.5	**	9-10	33.9-35.3	34.7	470(-12)			ソルトクィーン		202507020310
2020104983	2025-04-27	2東京2	晴	8.0	4歳以上2勝クラス		14	8.0	13	55.6	11.0	8	原優介	56.0	芝1400		良	**	1:20.7	0.3	**	11-11	35.1-33.5	33.1	478(+8)			シンバーシア		202505020208
2020104983	2025-06-21	1函館3	曇	11.0	STV杯(2勝クラス)		15	2.0	3	8.9	5.0	8	原優介	56.0	芝1200		良	**	1:09.3	0.4	**	4-5	34.2-34.7	34.6	476(-2)			ゴールドサーベル		202502010311
2020104983	2025-06-29	1函館6	晴	12.0	湯の川温泉特別(2勝クラス)		14	3.0	3	19.2	7.0	12	小林脩斗	56.0	芝1200		良	**	1:09.7	1.0	**	8-10	34.4-34.3	34.0	474(-2)			トウカイファクター		202502010612
2020104983	2025-08-16	1札幌7	晴	10.0	知床特別(2勝クラス)		13	5.0	6	24.2	9.0	7	原優介	56.0	芝1200		良	**	1:09.0	0.4	**	4-6	34.5-34.1	34.0	468(-6)			エスペシャリー		202501010710
2020104983	2025-08-23	2札幌1	晴	10.0	オールスターJ第1戦(2勝クラス)		14	2.0	2	18.2	6.0	2	ゴンサル	56.0	芝1200		良	**	1:09.0	0.0	**	4-3	33.9-35.1	34.5	474(+6)			ハートホイップ	629.2	202501020110
2020104983	2025-11-09	5東京2	曇	12.0	3歳以上2勝クラス		18	2.0	4	80.3	12.0	11	武藤雅	56.0	芝1400		良	**	1:22.2	0.8	**	10-10	35.6-33.6	33.7	482(+8)			タイセイカレント		202505050212
2020104983	2025-11-23	5東京5	曇	12.0	3歳以上2勝クラス		18	1.0	1	188.1	17.0	13	原優介	56.0	芝1400		良	**	1:21.4	0.9	**	4-3	35.0-33.8	34.3	476(-6)			アニトラ		202505050512
2020104983	2025-12-28	5阪神8	晴	12.0	カウントダウンS(3勝クラス)		10	7.0	7	93.5	10.0	10	斎藤新	56.0	芝1200		良	**	1:09.3	0.9	**	5-5	34.9-33.5	33.9	464(-12)			イツモニコニコ		202509050812
2020104983	2026-01-17	1京都6	晴	12.0	4歳以上2勝クラス		18	3.0	6	249.4	15.0	14	斎藤新	56.0	芝1600		良	**	1:35.3	1.8	**	14-17	35.2-34.5	34.8	468(+4)			カズミクラーシュ		202608010612
2020105525	2022-07-16	2福島5	曇	6.0	2歳新馬		12	1.0	1	165.0	11.0	7	松岡正海	54.0	ダ1150		重	**	1:10.3	0.9	**	6-4	32.3-37.1	37.2	440(0)			シナジーエフェクト		202203020506
2020105525	2022-08-14	3新潟2	曇	3.0	2歳未勝利		17	7.0	13	272.7	17.0	6	松岡正海	54.0	芝1200		稍	**	1:10.1	1.0	**	10-9	33.9-35.2	35.4	434(-6)			リバーラ		202204030203
2020105525	2022-09-11	4中山2	曇	1.0	2歳未勝利		16	3.0	5	30.4	8.0	7	松岡正海	54.0	ダ1200		良	**	1:13.7	2.7	**	4-4	33.5-37.5	39.8	440(+6)			ネバレチュゴー		202206040201
2020105525	2022-10-01	4中山8	晴	2.0	2歳未勝利		16	4.0	8	46.6	8.0	7	松岡正海	55.0	芝1200		良	**	1:10.4	1.0	**	3-5	34.0-35.4	36.0	436(-4)			クールムーア		202206040802
2020105525	2022-10-22	4東京6	曇	4.0	2歳未勝利		14	7.0	12	49.0	8.0	8	松岡正海	55.0	芝1400		良	**	1:22.9	1.4	**	4-4	34.6-35.0	35.7	436(0)			トレブランシュ		202205040604
2020105525	2022-12-03	5中山1	曇	1.0	2歳未勝利		16	7.0	13	20.5	7.0	5	松岡正海	55.0	ダ1200		稍	**	1:13.3	1.0	**	3-3	34.2-38.1	38.8	446(+10)			セイウンダマシイ	52.0	202206050101
2020105525	2022-12-28	5中山9	晴	1.0	2歳未勝利		16	8.0	16	38.4	8.0	8	松岡正海	55.0	ダ1200		良	**	1:13.5	0.9	**	7-8	34.0-38.6	38.8	446(0)			ヨロ		202206050901
2020105525	2023-01-21	1中山7	晴	2.0	3歳未勝利		16	1.0	1	26.5	5.0	4	松岡正海	56.0	ダ1200		稍	**	1:13.9	1.1	**	4-4	33.4-39.4	40.1	444(-2)			ターンソウル	83.0	202306010702
2020105525	2023-02-12	2小倉2	晴	3.0	3歳未勝利		14	5.0	7	26.3	9.0	3	勝浦正樹	56.0	ダ1000		重	**	0:58.7	0.4	**	7-6	33.8-35.8	35.5	436(-8)			ミッキースピナッチ	140.0	202310020203
2020105525	2023-03-04	2中山3	晴	2.0	3歳未勝利		16	3.0	6	7.3	5.0	2	松岡正海	56.0	ダ1200		良	**	1:13.1	0.1	**	3-3	33.8-39.2	39.1	436(0)			イデアミラーグロ	220.0	202306020302
2020105525	2023-08-19	3新潟3	晴	7.0	3歳未勝利		15	5.0	8	4.3	3.0	12	松岡正海	56.0	ダ1200		良	**	1:14.9	2.3	**	1-1	34.4-38.2	40.5	440(+4)			エスジースパークル		202304030307
2020105525	2023-10-19	園田	晴	8.0	C2一		10	8.0	9	2.0	1.0	3	田中学	56.0	ダ1400		良	**	1:32.9	0.4	**	1-1-1-1		40.1	441(+1)			ピエルナフェルテ	17.5	202350101908
2020105525	2023-11-15	園田	晴	9.0	C2一		10	7.0	8	2.0	1.0	4	田中学	56.0	ダ820		稍	**	0:51.4	0.7	**	2-3		37.3	443(+2)			ルールメイプル	12.0	202350111509
2020105525	2023-12-05	園田	雨	12.0	C2		12	6.0	7	3.5	2.0	1	永井孝典	56.0	ダ1230		良	**	1:20.5	-0.3	**	1-1-1-1		39.7	436(-7)			(エイシンニーダー)	80.0	202350120512
2020105525	2023-12-30	園田	晴	9.0	C2		12	2.0	2	1.9	1.0	1	永井孝典	57.0	ダ1230		良	**	1:20.2	-0.5	**	1-1-1-1		39.9	442(+6)			(メイプルエルガー)	80.0	202350123009
2020105525	2024-04-28	1新潟2	晴	7.0	4歳以上1勝クラス		11	2.0	2	19.1	8.0	9	大江原比	54.0	ダ1200		良	**	1:13.6	2.0	**	5-5	34.1-37.5	38.8	442(0)			ヒルノピレネー		202404010207
2020105525	2024-05-12	1新潟6	晴	8.0	4歳以上1勝クラス		14	1.0	1	96.6	12.0	9	大江原比	54.0	ダ1200		良	**	1:13.4	1.6	**	1-1	34.4-37.4	39.0	442(0)			スペキオサレジーナ		202404010608
2020105525	2024-06-09	1函館2	小雨	8.0	3歳以上1勝クラス		13	8.0	12	146.7	13.0	12	松岡正海	58.0	芝1200		良	**	1:10.3	1.5	**	6-5	33.8-35.0	36.0	436(-6)			クファシル		202402010208
2020105525	2024-06-15	1函館3	晴	8.0	3歳以上1勝クラス		11	6.0	8	89.2	9.0	10	松岡正海	58.0	ダ1000		良	**	1:00.5	1.5	**	7-8	34.6-36.1	36.5	436(0)			ニルアドミラリ		202402010308
2020105525	2024-10-05	4新潟1	曇	3.0	3歳以上1勝クラス		15	7.0	12	125.7	12.0	10	藤田菜七	56.0	ダ1200		重	**	1:12.8	1.2	**	3-3	34.1-37.5	38.4	442(+6)			ルソレイユ		202404040103
2020105525	2024-11-10	3福島4	晴	12.0	3歳以上1勝クラス		16	5.0	10	370.3	16.0	11	原田和真	58.0	ダ1150		良	**	1:09.6	1.5	**	6-6	31.7-36.4	37.5	436(-6)			シークレットヴァウ		202403030412
2020105525	2024-11-30	4中京1	曇	2.0	3歳以上1勝クラス		16	6.0	12	337.4	16.0	16	永島まな	56.0	ダ1200		良	**	1:14.7	2.4	**	11-11	34.6-37.7	39.0	440(+4)			イミュータブル		202407040102
2020105525	2025-03-15	2中山5	曇	8.0	4歳以上1勝クラス		16	7.0	13	158.0	15.0	7	遠藤汰月	55.0	ダ1200		稍	**	1:12.8	0.7	**	3-4	34.4-37.7	38.1	450(+10)			ヴェルトラウム		202506020508
2020105525	2025-04-19	1福島3	晴	8.0	4歳以上1勝クラス		16	7.0	13	77.6	13.0	5	遠藤汰月	55.0	ダ1150		良	**	1:09.6	0.2	**	3-3	31.7-37.7	37.7	448(-2)			アオカミ	80.0	202503010308
2020105525	2025-05-03	1新潟1	晴	12.0	4歳以上1勝クラス		16	5.0	10	23.8	9.0	4	長浜鴻緒	56.0	芝1000		良	**	0:55.8	1.2	**	7	33.0-32.2	32.9	446(-2)			ニシノトキメキ	120.0	202504010112
2020105525	2025-05-18	1新潟6	曇	9.0	飛竜特別(1勝クラス)		16	1.0	1	122.1	13.0	15	長浜鴻緒	58.0	芝1000		良	**	0:57.7	1.1	**	7	33.6-33.9	34.6	448(+2)			ブルボンクイーン		202504010609
2020105525	2025-07-13	2福島6	晴	8.0	3歳以上1勝クラス		15	6.0	10	66.3	11.0	6	遠藤汰月	55.0	ダ1150		良	**	1:09.6	0.7	**	4-5	31.1-37.8	37.4	440(-8)			フェデルミエール		202503020608
2020105525	2025-08-24	3新潟2	晴	7.0	3歳以上1勝クラス		18	6.0	11	72.8	14.0	15	遠藤汰月	55.0	芝1000		良	**	0:56.1	1.2	**	7	32.3-33.1	33.7	444(+4)			ラトルシェ		202504030207
2020105525	2025-09-13	4中山3	曇	8.0	3歳以上1勝クラス		15	5.0	10	135.0	13.0	10	遠藤汰月	55.0	ダ1200		不	**	1:11.9	1.7	**	5-5	34.3-35.9	37.2	444(0)			アシャカトベ		202506040308
2020105525	2025-09-27	4中山8	晴	8.0	3歳以上1勝クラス		16	3.0	6	433.6	14.0	13	松岡正海	58.0	ダ1200		良	**	1:13.2	2.1	**	5-4	33.3-37.8	39.2	446(+2)			ショウナンハクウン		202506040808
2020105525	2025-11-22	3福島5	晴	2.0	3歳以上1勝クラス		16	4.0	8	278.5	15.0	8	遠藤汰月	55.0	ダ1150		良	**	1:10.6	1.0	**	11-11	31.9-37.7	37.8	452(+6)			ビーアイフォルテ		202503030502
2020105525	2025-12-13	5中山3	曇	7.0	3歳以上1勝クラス		16	2.0	3	282.5	16.0	11	遠藤汰月	55.0	ダ1200		良	**	1:13.3	1.0	**	8-8	35.1-37.2	37.6	456(+4)			レイユール		202506050307
2020105525	2026-01-05	1中山2	晴	12.0	4歳以上1勝クラス		16	7.0	14	255.9	16.0	5	松岡正海	58.0	ダ1200		稍	**	1:12.0	0.3	**	5-5	34.6-37.1	37.0	456(0)			ビーコング	82.0	202606010212
2020105525	2026-01-17	1中山6	晴	6.0	4歳以上1勝クラス		16	3.0	5	86.2	14.0	8	松岡正海	58.0	ダ1200		良	**	1:12.5	0.6	**	4-3	34.3-37.6	37.9	454(-2)			メッエフアパラ		202606010606
2020105603	2022-12-04	5中山2	晴	5.0	2歳新馬		14	3.0	4	9.6	5.0	6	菅原明良	55.0	芝2000		良	**	2:05.3	0.3	**	4-4-4-3	37.0-35.6	35.6	494(0)			ディヴァージオン		202206050205
2020105603	2023-04-30	1新潟2	小雨	3.0	3歳未勝利		15	3.0	5	7.9	3.0	1	勝浦正樹	56.0	ダ1800		重	**	1:52.4	-0.1	**	8-7-4-4	35.9-38.8	38.2	490(-4)			(テーオーレガシー)	550.0	202304010203
2020105603	2023-07-08	2福島3	曇	8.0	3歳以上1勝クラス		15	2.0	2	3.3	1.0	1	戸崎圭太	55.0	ダ1700		良	**	1:47.3	-0.3	**	2-2-2-2	30.7-37.9	37.7	496(+6)			(リュクススティール)	800.0	202303020308
2020105603	2023-08-06	2新潟4	晴	9.0	苗場特別(2勝クラス)		14	8.0	15	4.0	3.0	3	戸崎圭太	55.0	ダ1800		良	**	1:53.4	0.4	**	3-3-3-3	37.3-36.7	36.9	500(+4)			レッドバロッサ	395.7	202304020409
2020105603	2023-10-01	4中山9	曇	10.0	茨城新聞杯(2勝クラス)		15	8.0	17	16.6	7.0	5	戸崎圭太	55.0	芝2000		良	**	2:02.4	0.8	**	7-7-7-7	36.7-34.9	34.7	496(-4)			マイネルモーント	155.0	202306040910
2020105603	2023-10-29	4新潟6	雨	10.0	鳥屋野特別(2勝クラス)		15	6.0	11	4.6	2.0	6	丹内祐次	56.0	ダ1800		不	**	1:51.0	1.5	**	6-6-6-5	34.9-38.3	38.9	500(+4)			ハッスルダンク		202304040610
2020105603	2024-01-07	1中山2	晴	9.0	初日の出賞(2勝クラス)		17	3.0	6	6.7	4.0	2	横山武史	57.0	芝2000		良	**	2:00.1	0.1	**	12-13-1-2	36.7-35.5	35.6	500(0)			ダイバリオン	631.4	202406010209
2020105603	2024-03-16	2中山7	晴	9.0	館山特別(2勝クラス)		11	6.0	6	3.7	2.0	1	大野拓弥	58.0	芝2000		良	**	2:00.0	-0.3	**	3-3-3-3	36.1-35.3	35.2	500(0)			(ロジシルバー)	1574.5	202406020709
2020105603	2024-05-11	2東京7	晴	10.0	六社S(3勝クラス)		10	3.0	3	44.5	7.0	6	大野拓弥	58.0	芝2400		良	**	2:26.4	0.5	**	2-2-2-2	38.1-33.7	34.1	500(0)			マキシ		202405020710
2020105603	2024-07-14	2福島6	小雨	10.0	阿武隈S(3勝クラス)		14	6.0	9	4.0	2.0	10	内田博幸	55.0	芝2000		良	**	2:01.5	0.9	**	3-3-2-5	36.0-35.7	36.4	506(+6)			ウインシュクラン		202403020610
2020105603	2024-09-28	3中京8	曇	10.0	高山S(3勝クラス)		13	5.0	6	21.6	8.0	11	横山武史	58.0	芝2000		良	**	2:01.4	1.5	**	3-7-8-8	36.2-35.4	36.2	508(+2)			マコトヴェリーキー		202407030810
2020105603	2025-05-25	2東京10	曇	12.0	丹沢S(3勝クラス)		16	3.0	6	75.0	14.0	2	大野拓弥	54.0	ダ2100		重	**	2:08.0	0.8	**	2-2-3-2	30.3-35.9	36.7	512(+4)			カズタンジャー	750.6	202505021012
2020105603	2025-10-18	4東京6	曇	10.0	伊勢佐木S(3勝クラス)		16	6.0	12	9.4	3.0	8	大野拓弥	58.0	ダ2100		良	**	2:13.2	1.2	**	2-2-2-2	31.4-36.6	37.7	514(+2)			ピカピカサンダー		202505040610
2020105603	2026-01-17	1中山6	晴	10.0	アレキサンドライトS(3勝クラス)		16	1.0	1	22.1	10.0	11	大野拓弥	55.0	ダ1800		良	**	1:53.9	1.7	**	4-4-4-4	37.4-37.5	38.5	518(+4)			チュウワクリスエス		202606010610
2020105625	2022-10-22	4阪神6	晴	4.0	2歳新馬		18	4.0	8	11.1	4.0	5	浜中俊	54.0	芝1400		良	**	1:22.2	0.3	**	15-14	35.1-35.0	34.0	434(0)			サザーランド	70.0	202209040604
2020105625	2022-11-13	5阪神4	雨	4.0	2歳未勝利		10	2.0	2	8.1	4.0	6	浜中俊	54.0	芝1600		稍	**	1:35.8	1.1	**	7-6	35.5-34.7	35.3	438(+4)			ユリーシャ		202209050404
2020105625	2022-12-18	6阪神6	晴	3.0	2歳未勝利		15	8.0	15	27.8	7.0	7	横山武史	54.0	芝1600		良	**	1:36.1	0.8	**	5-5	36.0-34.5	34.9	436(-2)			ハーパー		202209060603
2020105625	2023-03-26	2阪神2	雨	1.0	3歳未勝利		11	4.0	4	4.7	3.0	6	今村聖奈	51.0	ダ1800		不	**	1:54.6	1.2	**	9-9-9-9	37.5-38.4	38.0	434(-2)			レッツゴーローズ		202309020201
2020105625	2023-07-02	3中京2	晴	3.0	3歳未勝利		16	5.0	9	7.7	3.0	1	坂井瑠星	54.0	ダ1400		重	**	1:24.1	-0.2	**	11-10	34.2-37.9	36.5	432(-2)			(デアデルマーレ)	550.0	202307030203
2020105625	2023-09-24	4阪神7	晴	6.0	3歳以上1勝クラス		16	5.0	9	5.1	3.0	2	坂井瑠星	54.0	ダ1400		良	**	1:25.5	0.2	**	12-12	35.1-37.6	36.9	442(+10)			シモズル	320.0	202309040706
2020105625	2023-10-07	2京都1	晴	7.0	3歳以上1勝クラス		16	2.0	3	2.6	1.0	4	坂井瑠星	54.0	ダ1400		良	**	1:25.5	0.6	**	15-15	34.3-38.2	37.3	440(-2)			カセノミオ	120.0	202308020107
2020105625	2023-11-05	3京都2	晴	6.0	3歳以上1勝クラス		15	4.0	7	3.2	1.0	2	坂井瑠星	55.0	ダ1400		良	**	1:24.8	0.1	**	11-9	34.5-38.1	36.9	432(-8)			シンゼンイズモ	320.0	202308030206
2020105625	2023-12-03	4中京2	晴	3.0	3歳以上1勝クラス		15	6.0	10	2.6	1.0	1	坂井瑠星	55.0	ダ1400		良	**	1:24.7	-0.4	**	9-8	35.3-37.1	36.4	440(+8)			(ルージュシェノン)	800.0	202307040203
2020105625	2024-04-20	2東京1	晴	12.0	4歳以上2勝クラス		15	4.0	8	4.8	2.0	3	坂井瑠星	56.0	ダ1400		良	**	1:25.1	0.6	**	8-8	35.3-37.2	37.0	438(-2)			キャンディドライヴ	290.0	202405020112
2020105625	2024-05-11	2東京7	晴	12.0	4歳以上2勝クラス		12	3.0	3	3.4	2.0	4	横山武史	56.0	ダ1400		良	**	1:24.5	0.4	**	4-4	35.6-36.6	36.5	434(-4)			ユキマル	170.0	202405020712
2020105625	2024-09-15	3中京4	曇	12.0	3歳以上2勝クラス		13	8.0	12	4.2	2.0	4	武豊	56.0	ダ1400		重	**	1:23.5	0.5	**	10-10	33.9-37.4	36.5	444(+10)			ヴィヴァン	170.0	202407030412
2020105625	2024-10-06	5京都2	晴	8.0	3歳以上2勝クラス		11	6.0	7	4.3	2.0	4	川田将雅	56.0	ダ1400		良	**	1:24.3	1.2	**	8-8	34.7-36.3	36.5	444(0)			キャプテンネキ	170.0	202408050208
2020105625	2024-11-03	6京都2	晴	8.0	3歳以上2勝クラス		9	1.0	1	6.2	4.0	1	岩田望来	56.0	ダ1400		重	**	1:23.6	-0.1	**	9-9	33.9-37.8	37.1	438(-6)			(サザーランド)	1140.0	202408060208
2020105625	2025-03-15	2中京1	小雨	11.0	中京スポーツ杯(3勝クラス)		16	5.0	9	20.7	8.0	13	川又賢治	56.0	ダ1400		良	**	1:25.8	1.3	**	11-11	35.8-36.3	36.8	442(+4)			リジル		202507020111
2020105625	2025-04-20	2阪神8	曇	10.0	天満橋S(3勝クラス)		16	7.0	14	36.5	11.0	4	酒井学	52.0	ダ1400		良	**	1:24.7	0.3	**	9-7	34.5-37.4	36.9	442(0)			ローズスター	280.0	202509020810
2020105625	2025-09-07	4阪神2	晴	10.0	オークランドTRT(3勝クラス)		12	4.0	4	63.1	7.0	6	横山武史	56.0	ダ1200		良	**	1:12.0	1.5	**	10-10	35.0-35.5	35.7	448(+6)			テーオーエルビス		202509040210
2020105625	2025-10-04	3京都1	小雨	10.0	大山崎S(3勝クラス)		16	6.0	12	22.4	11.0	7	武豊	56.0	ダ1200		不	**	1:10.1	1.0	**	11-13	33.6-35.5	34.9	446(-2)			メイショウホウレン		202508030110
2020105625	2025-11-09	4京都2	小雨	10.0	貴船S(3勝クラス)		12	4.0	4	42.8	9.0	10	武豊	56.0	ダ1200		不	**	1:10.8	0.9	**	11-10	34.1-35.8	35.1	442(-4)			アガシ		202508040210
2020105625	2026-01-17	1京都6	晴	11.0	羅生門S(3勝クラス)		16	4.0	8	40.3	8.0	10	武豊	56.0	ダ1400		良	**	1:25.2	1.3	**	12-12	35.3-36.2	36.5	452(+10)			エストレヤデベレン		202608010611
2020106353	2022-07-02	2福島1	晴	6.0	2歳新馬		12	7.0	10	17.9	5.0	3	原優介	51.0	ダ1150		良	**	1:10.6	0.6	**	2-2	32.7-37.3	37.9	418(0)			バグラダス	180.0	202203020106
2020106353	2022-08-13	3新潟1	晴	1.0	2歳未勝利		15	8.0	14	25.9	9.0	3	原優介	51.0	ダ1200		良	**	1:12.9	0.3	**	8-9	34.1-38.5	37.8	420(+2)			ペイシャフェリ	130.0	202204030101
2020106353	2022-09-17	4中山3	晴	1.0	2歳未勝利		14	8.0	13	9.1	3.0	2	原優介	51.0	ダ1200		良	**	1:11.9	0.5	**	2-1	34.3-37.1	37.4	412(-8)			トモジャミ	210.0	202206040301
2020106353	2022-10-02	4中山9	晴	1.0	2歳未勝利		16	1.0	2	2.8	1.0	3	原優介	51.0	ダ1200		良	**	1:12.7	0.0	**	1-1	33.5-39.2	39.2	418(+6)			ダンスインザリング	130.0	202206040901
2020106353	2022-11-12	3福島3	晴	1.0	2歳未勝利		16	5.0	9	1.5	1.0	10	原優介	52.0	ダ1150		良	**	1:11.6	2.1	**	11-10	31.6-37.9	38.4	418(0)			エレガントムーン		202203030301
2020106353	2023-02-25	2中山1	晴	2.0	3歳未勝利		16	4.0	8	2.6	1.0	2	戸崎圭太	54.0	ダ1200		良	**	1:12.0	0.2	**	2-2	34.2-37.6	37.5	420(+2)			カイザーブリッツ	220.0	202306020102
2020106353	2023-03-18	2中山7	雨	1.0	3歳未勝利		15	2.0	3	1.6	1.0	5	戸崎圭太	54.0	ダ1200		重	**	1:12.5	0.7	**	5-4	34.5-37.3	37.5	422(+2)			リトルウインディー	55.0	202306020701
2020106353	2023-04-09	3中山6	晴	1.0	3歳未勝利		16	6.0	11	2.7	1.0	1	三浦皇成	54.0	ダ1200		稍	**	1:11.7	-0.5	**	3-3	33.4-38.3	38.1	416(-6)			(ハクサンオリヒメ)	550.0	202306030601
2020106353	2023-09-09	4中山1	曇	6.0	3歳以上1勝クラス		16	4.0	7	17.7	6.0	9	三浦皇成	54.0	ダ1200		重	**	1:11.5	1.6	**	6-10	33.7-36.2	36.9	424(+8)			ルーラルハピネス		202306040106
2020106353	2023-09-30	4中山8	晴	8.0	3歳以上1勝クラス		16	6.0	12	8.0	4.0	3	原優介	53.0	ダ1200		良	**	1:11.6	1.4	**	3-2	33.8-36.4	37.6	426(+2)			サイモンギフト	200.0	202306040808
2020106353	2023-10-14	4新潟1	晴	12.0	3歳以上1勝クラス		15	2.0	2	10.7	5.0	4	原優介	54.0	ダ1200		良	**	1:12.1	1.9	**	4-3	34.0-36.2	37.4	430(+4)			シラキヌ	120.0	202304040112
2020106353	2023-12-03	4中京2	晴	2.0	3歳以上1勝クラス		16	6.0	12	13.2	4.0	15	横山武史	55.0	ダ1200		良	**	1:14.1	2.1	**	3-5	35.1-36.9	38.7	432(+2)			マヴォロンテ		202307040202
2020106353	2024-02-25	2中山2	小雨	8.0	4歳以上1勝クラス		16	6.0	12	17.9	6.0	4	三浦皇成	56.0	ダ1200		稍	**	1:11.9	0.5	**	3-3	33.6-37.8	38.1	426(-6)			ハヤブサジェット	120.0	202406020208
2020106353	2024-03-17	2中山8	晴	7.0	4歳以上1勝クラス		16	6.0	12	10.9	5.0	7	三浦皇成	56.0	ダ1200		良	**	1:13.6	1.6	**	3-3	35.2-36.8	38.0	426(0)			ナスノカンゲツ		202406020807
2020106353	2024-05-19	1新潟8	晴	7.0	4歳以上1勝クラス		15	4.0	7	4.7	2.0	8	小林美駒	52.0	ダ1200		良	**	1:12.5	1.3	**	15-15	34.6-36.6	35.4	420(-6)			トーセンニック		202404010807
2020106353	2024-06-08	1函館1	晴	8.0	3歳以上1勝クラス		11	7.0	8	16.4	6.0	2	丹内祐次	56.0	ダ1000		良	**	0:58.9	0.3	**	5-5	34.5-35.9	35.9	416(-4)			パルプフィクション	320.0	202402010108
2020106353	2024-09-22	4中山7	曇	8.0	3歳以上1勝クラス		16	7.0	14	10.6	7.0	1	丹内祐次	56.0	ダ1200		良	**	1:11.6	-0.1	**	3-2	33.8-37.8	37.5	432(+16)			(キボウノホシ)	800.0	202406040708
2020106353	2025-07-06	2福島4	晴	9.0	さくらんぼ特別(2勝クラス)		16	6.0	12	53.3	11.0	9	原優介	56.0	ダ1150		良	**	1:09.5	1.8	**	3-3	31.2-36.5	38.0	432(0)			ビバップ		202503020409
2020106353	2025-09-07	4中山2	晴	9.0	浦安特別(2勝クラス)		16	1.0	2	70.3	11.0	6	原優介	56.0	ダ1200		良	**	1:12.1	1.0	**	2-2	33.8-37.3	38.1	442(+10)			モンドプリューム		202506040209
2020106353	2025-12-13	5中山3	曇	12.0	3歳以上2勝クラス		13	6.0	8	25.8	6.0	11	原優介	56.0	ダ1200		良	**	1:12.7	1.5	**	10-10	34.3-36.9	37.5	446(+4)			シュヴァルボヌール		202506050312
2020106353	2026-01-17	1中山6	晴	8.0	4歳以上2勝クラス		16	2.0	3	172.9	12.0	7	原優介	56.0	ダ1200		良	**	1:12.6	0.8	**	15-15	33.8-38.0	36.5	442(-4)			ゴールドハンマー		202606010608
2020106475	2022-10-15	4東京4	曇	3.0	2歳新馬		18	6.0	12	19.0	6.0	5	柴田大知	55.0	芝1600		良	**	1:36.7	0.4	**	12-11	36.8-34.0	33.4	464(0)			リックスター	70.0	202205040403
2020106475	2022-11-05	5東京1	晴	4.0	2歳未勝利		11	8.0	11	9.3	4.0	3	柴田大知	55.0	芝1800		良	**	1:49.5	0.8	**	8-6-6	36.2-33.8	34.1	468(+4)			シュタールヴィント	130.0	202205050104
2020106475	2022-11-19	5東京5	晴	2.0	2歳未勝利		14	6.0	10	19.9	5.0	8	Ｍ．デム	55.0	芝2000		良	**	2:01.5	1.2	**	13-14-11	35.8-34.2	34.5	468(0)			スキルヴィング		202205050502
2020106475	2023-04-30	2東京4	曇	5.0	3歳未勝利		13	5.0	6	7.5	5.0	1	柴田大知	56.0	芝2000		良	**	2:00.4	0.0	**	1-2-2	36.5-35.1	34.5	466(-2)			(ベッピンサン)	550.0	202305020405
2020106475	2023-05-14	2東京8	曇	5.0	3歳1勝クラス		13	1.0	1	91.2	11.0	6	松岡正海	56.0	芝1800		良	**	1:48.3	0.9	**	10-10-10	35.9-33.3	33.4	468(+2)			レーベンスティール		202305020805
2020106475	2023-06-11	3東京4	小雨	8.0	3歳以上1勝クラス		9	4.0	4	13.7	5.0	6	柴田大知	55.0	芝2000		稍	**	2:01.4	0.8	**	6-5-5	36.6-34.8	35.1	460(-8)			マイネルビジョン		202305030408
2020106475	2023-08-06	2新潟4	晴	7.0	3歳以上1勝クラス		16	3.0	5	69.0	10.0	5	木幡巧也	55.0	芝2200		良	**	2:12.3	0.6	**	7-6-8-7	34.7-35.5	35.6	466(+6)			マコトヴェリーキー	80.0	202304020407
2020106475	2023-09-02	3新潟7	曇	9.0	瓢湖特別(1勝クラス)		10	6.0	6	6.1	4.0	1	木幡巧也	55.0	芝2200		良	**	2:14.3	0.0	**	8-8-8-9	35.3-36.1	35.4	462(-4)			(サトノトルネード)	1135.2	202304030709
2020106475	2023-10-01	4中山9	曇	10.0	茨城新聞杯(2勝クラス)		15	4.0	8			除	木幡巧也	55.0	芝2000		良	**			**		36.7-34.9		462(0)			マイネルモーント		202306040910
2020106475	2024-05-05	2東京6	晴	8.0	4歳以上2勝クラス		10	4.0	4	90.3	9.0	4	木幡巧也	58.0	芝2000		良	**	2:00.6	0.6	**	4-5-6	37.5-34.5	34.4	488(+26)			ハギノアルデバラン	170.0	202405020608
2020106475	2024-06-02	3東京2	小雨	9.0	ホンコンJCT(2勝クラス)		10	4.0	4	21.4	7.0	5	木幡巧也	58.0	芝2000		稍	**	1:59.3	0.6	**	7-7-7	35.0-36.7	34.7	488(0)			グランドカリナン	155.0	202405030209
2020106475	2024-06-23	3東京8	曇	9.0	八ヶ岳特別(2勝クラス)		9	4.0	4	23.6	6.0	6	木幡巧也	58.0	芝1800		稍	**	1:47.4	0.6	**	5-5-5	36.2-34.7	34.7	488(0)			ロジシルバー		202405030809
2020106475	2024-07-20	2福島7	晴	10.0	白河特別(2勝クラス)		16	5.0	10	14.1	5.0	8	木幡巧也	58.0	芝1800		良	**	1:48.4	0.4	**	7-6-8-8	36.1-35.5	35.2	484(-4)			レガーロデルシエロ		202403020710
2020106475	2024-08-31	3新潟7	曇	10.0	赤倉特別(2勝クラス)		12	8.0	11	7.4	2.0	2	木幡巧也	58.0	芝2000		稍	**	2:01.0	0.1	**	6-5	36.8-35.3	35.0	476(-8)			コスモシャングリラ	627.4	202404030710
2020106475	2024-09-16	4中山5	曇	10.0	習志野特別(2勝クラス)		10	7.0	8	27.7	7.0	5	木幡巧也	58.0	芝2000		良	**	2:00.2	0.9	**	9-9-9-7	36.0-35.5	34.5	470(-6)			コスモブッドレア	155.0	202406040510
2020106475	2024-10-19	4新潟5	雨	10.0	村上特別(2勝クラス)		14	8.0	14	14.1	6.0	11	黛弘人	58.0	芝2000		稍	**	2:03.5	1.3	**	14-12	36.2-35.9	36.2	480(+10)			ショーマンフリート		202404040510
2020106475	2025-01-06	1中山2	曇	10.0	初日の出賞(2勝クラス)		15	4.0	7	66.2	10.0	9	丹内祐次	58.0	芝2000		良	**	2:01.1	1.0	**	15-15-15-15	35.9-36.0	35.2	490(+10)			アスクナイスショー		202506010210
2020106475	2025-03-22	2中山7	晴	9.0	館山特別(2勝クラス)		13	6.0	8	97.0	12.0	5	木幡巧也	58.0	芝2000		良	**	2:00.2	0.7	**	9-9-6-8	34.5-36.0	36.3	492(+2)			エセルフリーダ	155.0	202506020709
2020106475	2025-04-13	3中山6	雨	10.0	鹿野山特別(2勝クラス)		10	6.0	6	24.0	7.0	4	木幡巧也	58.0	芝2000		良	**	2:02.1	0.3	**	5-5-4-4	37.4-34.8	34.7	484(-8)			ルカランフィースト	230.0	202506030610
2020106475	2025-05-11	2東京6	晴	7.0	4歳以上2勝クラス		5	4.0	4	8.3	3.0	3	木幡巧也	58.0	芝2000		良	**	2:02.0	0.7	**	3-3-3	38.7-33.4	33.9	484(0)			シンハナーダ	290.0	202505020607
2020106475	2025-06-08	3東京2	晴	9.0	香港ジョッキーCT(2勝クラス)		12	6.0	7	79.7	10.0	11	木幡巧也	58.0	芝2000		良	**	2:02.4	1.0	**	9-8-7	37.2-34.1	34.4	476(-8)			ウィクトルウェルス		202505030209
2020106475	2025-08-17	2新潟8	晴	8.0	阿賀野川特別(2勝クラス)		9	4.0	4	26.5	5.0	8	津村明秀	58.0	芝2200		良	**	2:15.2	0.9	**	7-8-8-8	35.8-35.9	35.2	490(+14)			アマキヒ		202504020808
2020106475	2025-08-30	3新潟3	晴	10.0	赤倉特別(2勝クラス)		13	6.0	9	73.4	11.0	13	石川裕紀	54.0	芝1800		良	**	1:51.1	2.9	**	13-13	38.0-32.8	34.3	480(-10)			アスクセクシーモア		202504030310
2020106475	2025-09-28	4中山9	晴	10.0	茨城新聞杯(2勝クラス)		13	4.0	5	198.2	13.0	5	丹内祐次	58.0	芝2000		良	**	1:59.2	0.4	**	6-6-6-5	35.6-35.1	34.4	484(+4)			ショウナンサムデイ	155.0	202506040910
2020106475	2025-10-18	4東京6	晴	8.0	3歳以上2勝クラス		7	6.0	6	29.8	5.0	7	矢野貴之	58.0	芝2000		良	**	2:01.1	1.3	**	7-7-7	37.5-34.3	34.3	488(+4)			エラン		202505040608
2020106475	2026-01-17	1京都6	晴	9.0	稲荷特別(2勝クラス)		10	8.0	10	93.5	9.0	3	斎藤新	58.0	芝2000		良	**	2:01.4	0.4	**	5-5-5-4	36.0-34.5	34.5	488(0)			ジェットマグナム	403.4	202608010609
2020106623	2022-06-18	1函館3	晴	5.0	2歳新馬		10	7.0	7	3.0	2.0	1	藤岡佑介	54.0	芝1200		良	**	1:10.3	0.0	**	3-3	34.4-35.9	35.5	488(0)			(ブルジュドバイ)	700.0	202202010305
2020106623	2022-07-16	1函館11	小雨	11.0	函館2歳S(GIII)		13	6.0	9	30.9	10.0	4	藤岡佑介	54.0	芝1200		稍	**	1:12.2	0.4	**	7-6	34.5-37.3	37.1	486(-2)			ブトンドール	470.0	202202011111
2020106623	2023-02-19	1阪神4	小雨	6.0	3歳1勝クラス		11	2.0	2	12.7	7.0	8	和田竜二	54.0	芝1400		稍	**	1:23.6	0.6	**	7-7	35.8-35.0	35.0	498(+12)			スカイロケット		202309010406
2020106623	2023-03-18	2中山7	雨	6.0	3歳1勝クラス		12	8.0	11	21.5	6.0	5	Ｍ．デム	54.0	芝1600		重	**	1:37.4	0.7	**	1-1-2	35.7-36.8	37.5	496(-2)			ロードディフィート	78.0	202306020706
2020106623	2023-04-09	3中山6	晴	7.0	3歳1勝クラス		9	3.0	3	12.1	4.0	6	Ｍ．デム	54.0	芝1200		良	**	1:09.6	0.9	**	4-4	33.3-35.4	35.9	494(-2)			スピードオブライト		202306030607
2020106623	2023-05-06	2東京5	晴	7.0	3歳1勝クラス		16	4.0	8	48.1	10.0	13	Ｍ．デム	54.0	芝1400		良	**	1:21.8	1.2	**	5-6	34.4-34.9	35.4	490(-4)			リサリサ		202305020507
2020106623	2023-09-09	4中山1	晴	12.0	3歳以上1勝クラス		16	1.0	1	9.3	5.0	1	Ｍ．デム	54.0	ダ1200		重	**	1:11.2	-0.1	**	1-1	34.3-36.9	36.9	488(-2)			(ゲキザル)	800.0	202306040112
2020106623	2024-02-24	2中山1	晴	12.0	4歳以上2勝クラス		16	1.0	1	22.8	8.0	10	石橋脩	56.0	ダ1200		稍	**	1:11.7	1.0	**	14-15	33.5-37.2	36.8	500(+12)			エレガントムーン		202406020112
2020106623	2024-03-17	1阪神8	雨	12.0	4歳以上2勝クラス		14	7.0	12	64.1	10.0	11	松若風馬	56.0	ダ1400		稍	**	1:25.4	1.5	**	4-4	34.0-38.0	38.7	484(-16)			カセノミオ		202409010812
2020106623	2024-06-23	1函館6	晴	10.0	HTB杯(2勝クラス)		13	6.0	8	10.3	7.0	5	丹内祐次	53.0	芝1200		良	**	1:08.8	0.3	**	3-4	33.9-34.6	34.6	498(+14)			トーセンサンダー	155.0	202402010610
2020106623	2024-06-30	1函館8	曇	10.0	立待岬特別(2勝クラス)		15	3.0	5			取	永野猛蔵	56.0	芝1200		良	**			**		34.1-34.7		計不			オウバイトウリ		202402010810
2020106623	2024-07-14	1函館12	晴	12.0	湯の川温泉特別(2勝クラス)		12	3.0	3	12.0	5.0	7	丹内祐次	56.0	芝1200		良	**	1:10.0	0.3	**	5-5	34.3-35.4	35.3	498(0)			ラウラーナ		202402011212
2020106623	2024-08-04	1札幌6	曇	10.0	札幌スポニチ賞(2勝クラス)		16	4.0	7	59.7	15.0	6	永野猛蔵	56.0	芝1200		稍	**	1:09.6	0.3	**	6-6	34.2-35.1	34.7	498(0)			コナブラック		202401010610
2020106623	2024-12-08	7京都4	曇	8.0	3歳以上2勝クラス		15	5.0	8	70.6	12.0	7	戸崎圭太	56.0	ダ1200		良	**	1:13.1	0.9	**	15-14	34.7-37.5	36.4	510(+12)			メイショウタイゲイ		202408070408
2020106623	2024-12-21	5中山7	晴	12.0	クリスマスC(2勝クラス)		16	3.0	5	92.4	12.0	15	菊沢一樹	56.0	芝1200		良	**	1:09.4	1.4	**	10-10	33.5-34.5	34.8	508(-2)			ジューンブレア		202406050712
2020106623	2025-02-16	1東京6	曇	12.0	4歳以上2勝クラス		15	8.0	14	59.7	10.0	8	原優介	55.0	ダ1400		良	**	1:26.3	1.3	**	11-11	36.7-36.1	35.6	502(-6)			カフェニクス		202505010612
2020106623	2025-04-12	3中山5	晴	12.0	4歳以上2勝クラス		16	1.0	1	82.7	14.0	11	原優介	56.0	ダ1200		良	**	1:11.9	1.0	**	14-14	34.4-36.5	36.2	500(-2)			オーブルクール		202506030512
2020106623	2025-04-27	2東京2	晴	8.0	4歳以上2勝クラス		14	5.0	8	210.9	14.0	7	杉原誠人	56.0	芝1400		良	**	1:20.7	0.3	**	2-2	35.1-33.5	33.8	500(0)			シンバーシア		202505020208
2020106623	2025-06-15	1函館2	曇	11.0	函館日刊スポーツ杯(2勝クラス)		14	2.0	2	14.8	5.0	2	岩田康誠	56.0	芝1200		良	**	1:07.8	0.3	**	9-8	33.2-34.3	33.5	504(+4)			ドゥアムール	628.4	202502010211
2020106623	2025-06-21	1函館3	曇	11.0	STV杯(2勝クラス)		15	5.0	9	5.2	2.0	2	岩田康誠	56.0	芝1200		良	**	1:09.0	0.1	**	4-5	34.2-34.7	34.4	504(0)			ゴールドサーベル	629.4	202502010311
2020106623	2025-07-06	1函館8	晴	9.0	立待岬特別(2勝クラス)		11	3.0	3	18.2	6.0	10	丹内祐次	56.0	芝1200		稍	**	1:10.2	0.8	**	2-3	34.6-34.8	35.3	506(+2)			ルージュラナキラ		202502010809
2020106623	2025-09-27	4中山8	晴	10.0	勝浦特別(2勝クラス)		16	7.0	13	31.9	8.0	11	佐々木大	56.0	芝1200		良	**	1:08.5	0.9	**	14-14	33.8-33.8	33.5	510(+4)			ソーダーンライト		202506040810
2020106623	2025-12-27	5中山7	曇	9.0	ベストウィッシュC(2勝クラス)		16	1.0	1	16.7	5.0	11	岩田康誠	56.0	芝1200		良	**	1:09.0	1.2	**	7-7	33.2-34.6	34.9	506(-4)			アンビバレント		202506050709
2020106623	2026-01-17	1京都6	晴	12.0	4歳以上2勝クラス		18	8.0	18	157.6	14.0	17	岩田康誠	56.0	芝1600		良	**	1:35.8	2.3	**	8-8	35.2-34.5	36.1	496(-10)			カズミクラーシュ		202608010612
2020106771	2022-09-25	4中山7	晴	4.0	2歳新馬		16	6.0	11	6.1	3.0	1	横山典弘	54.0	ダ1200		重	**	1:12.3	-0.1	**	2-2	34.2-38.1	37.9	492(0)			(メイデンタワー)	700.0	202206040704
2020106771	2022-12-24	5中山7	晴	7.0	2歳1勝クラス		16	6.0	12	56.1	11.0	5	田辺裕信	55.0	ダ1200		稍	**	1:11.6	0.5	**	14-13	33.8-37.3	36.3	498(+6)			マニバドラ	75.0	202206050707
2020106771	2023-06-18	3東京6	晴	12.0	3歳以上1勝クラス		16	2.0	3	17.7	6.0	2	横山武史	55.0	芝1400		良	**	1:20.8	0.2	**	5-5	34.8-34.3	34.0	502(+4)			スプレモフレイバー	320.0	202305030612
2020106771	2023-07-08	2福島3	曇	9.0	須賀川特別(1勝クラス)		13	1.0	1	3.7	2.0	3	田辺裕信	55.0	芝1200		良	**	1:09.2	0.2	**	8-5	34.0-35.0	34.7	502(0)			ダレモトメラレナイ	284.1	202303020309
2020106771	2023-10-14	4東京4	晴	6.0	3歳以上1勝クラス		16	4.0	8	2.6	1.0	2	横山武史	56.0	ダ1400		良	**	1:25.3	0.1	**	6-5	36.0-36.7	36.2	498(-4)			グラスシフォン	320.0	202305040406
2020106771	2023-11-04	5東京1	晴	6.0	3歳以上1勝クラス		16	5.0	10	4.0	2.0	3	横山武史	57.0	ダ1400		良	**	1:24.7	1.3	**	4-4	35.7-35.5	36.5	496(-2)			プラチナジュビリー	200.0	202305050106
2020106771	2024-03-17	1中京4	曇	7.0	4歳以上1勝クラス		16	3.0	6	2.3	1.0	2	松山弘平	58.0	芝1400		良	**	1:21.6	0.0	**	5-5	34.8-34.8	34.4	510(+14)			ユハンヌス	320.0	202407010407
2020106771	2024-05-05	2東京6	晴	7.0	4歳以上1勝クラス		15	7.0	13	4.1	2.0	3	横山武史	58.0	芝1400		良	**	1:20.6	0.1	**	9-9	34.5-34.8	33.2	502(-8)			レッドシュヴェルト	200.0	202405020607
2020106771	2024-06-01	3東京1	晴	7.0	3歳以上1勝クラス		18	8.0	16	5.2	3.0	6	小林美駒	54.0	芝1400		良	**	1:20.8	0.5	**	3-2	34.2-34.2	34.6	500(-2)			サクセスカラー		202405030107
2020106771	2024-08-10	3新潟1	晴	12.0	3歳以上1勝クラス		18	4.0	7	5.6	3.0	2	津村明秀	58.0	芝1400		良	**	1:21.3	0.1	**	2-2	34.2-34.8	34.8	502(+2)			ララマセラシオン	320.0	202404030112
2020106771	2024-10-06	4新潟2	晴	7.0	3歳以上1勝クラス		18	5.0	10	2.7	1.0	3	斎藤新	58.0	芝1400		良	**	1:21.3	0.3	**	1-1	34.3-35.1	35.4	506(+4)			メリージェーン	200.0	202404040207
2020106771	2024-12-01	4中京2	晴	8.0	3歳以上1勝クラス		18	5.0	9	5.5	4.0	11	横山武史	58.0	芝1400		良	**	1:22.0	1.3	**	13-13	34.3-34.4	34.3	508(+2)			グロリアラウス		202407040208
2020106771	2025-03-22	2中山7	晴	6.0	4歳以上1勝クラス		16	7.0	14	3.1	1.0	4	横山武史	58.0	ダ1200		稍	**	1:12.4	0.3	**	11-11	34.7-37.4	36.9	522(+14)			オセアエクスプレス	120.0	202506020706
2020106771	2025-04-20	3中山8	曇	7.0	4歳以上1勝クラス		16	8.0	16	4.1	2.0	5	横山武史	58.0	ダ1200		良	**	1:12.5	0.8	**	5-5	34.8-36.9	37.0	510(-12)			エコロエイト	80.0	202506030807
2020106771	2025-05-11	1新潟4	晴	12.0	4歳以上1勝クラス		16	6.0	12	4.3	2.0	8	小林美駒	54.0	芝1200		稍	**	1:11.3	1.0	**	7-5	35.0-35.3	35.6	510(0)			ソングオブライフ		202504010412
2020106771	2025-08-30	3新潟3	晴	12.0	3歳以上1勝クラス		15	3.0	4	9.6	4.0	7	津村明秀	58.0	ダ1200		良	**	1:12.8	0.8	**	13-12	34.6-37.4	36.9	492(-18)			ミスエル		202504030312
2020106771	2025-09-27	4中山8	晴	8.0	3歳以上1勝クラス		16	6.0	12	14.7	6.0	5	津村明秀	58.0	ダ1200		良	**	1:12.0	0.9	**	13-13	33.3-37.8	36.9	500(+8)			ショウナンハクウン	80.0	202506040808
2020106771	2025-10-25	4東京8	雨	7.0	3歳以上1勝クラス		16	5.0	10	17.1	8.0	6	津村明秀	58.0	ダ1400		稍	**	1:24.5	1.8	**	7-6	35.3-35.6	36.8	504(+4)			メリディアンスター		202505040807
2020106771	2025-11-24	3福島6	曇	7.0	3歳以上1勝クラス		16	8.0	16	8.4	5.0	6	横山武史	58.0	ダ1150		良	**	1:09.6	0.9	**	15-12	32.1-36.6	36.1	506(+2)			レグザゴン		202503030607
2020106771	2026-01-17	1中山6	晴	6.0	4歳以上1勝クラス		16	3.0	6	13.6	8.0	4	津村明秀	58.0	ダ1200		良	**	1:12.3	0.4	**	12-12	34.3-37.6	37.1	512(+6)			メッエフアパラ	120.0	202606010606
2020106987	2022-07-02	2福島1	晴	6.0	2歳新馬		12	5.0	6	3.2	2.0	7	嶋田純次	54.0	ダ1150		良	**	1:11.8	1.8	**	5-6	32.7-37.3	38.6	484(0)			バグラダス		202203020106
2020106987	2022-07-17	2福島6	曇	2.0	2歳未勝利		11	7.0	9	7.5	4.0	1	嶋田純次	54.0	芝1200		稍	**	1:10.6	-0.1	**	2-2	35.3-35.3	35.2	488(+4)			(リサリサ)	520.0	202203020602
2020106987	2022-08-06	2新潟3	晴	9.0	ダリア賞(OP)		11	3.0	3	41.8	9.0	5	嶋田純次	54.0	芝1400		良	**	1:22.6	0.9	**	1-1	34.3-35.4	36.3	488(0)			ミシシッピテソーロ	160.0	202204020309
2020106987	2022-12-17	6中京5	小雨	9.0	報知杯中京2歳S(OP)		10	4.0	4	108.4	9.0	5	嶋田純次	54.0	芝1200		良	**	1:08.9	0.9	**	2-2	34.2-33.8	34.3	488(0)			ビッグシーザー	160.0	202207060509
2020106987	2023-01-08	1中山3	晴	9.0	朱竹賞(1勝クラス)		12	5.0	6	7.7	4.0	5	嶋田純次	54.0	芝1200		良	**	1:09.6	0.8	**	3-2	34.2-34.6	35.2	486(-2)			ニジュウダンサー	107.0	202306010309
2020106987	2023-01-28	1東京1	晴	10.0	クロッカスS(L)		10	8.0	9	34.9	8.0	5	嶋田純次	54.0	芝1400		良	**	1:21.8	0.7	**	2-2	35.2-33.8	34.4	490(+4)			ヤクシマ	200.0	202305010110
2020106987	2023-03-12	2中山6	曇	11.0	アネモネS(L)		16	6.0	11	126.8	12.0	12	嶋田純次	54.0	芝1600		良	**	1:35.0	1.2	**	3-3-3	34.7-35.1	36.0	488(-2)			トーセンローリエ		202306020611
2020106987	2023-03-25	3中山1	雨	5.0	3歳1勝クラス		11	3.0	3	6.3	3.0	2	嶋田純次	54.0	芝1200		不	**	1:11.5	0.6	**	3-3	34.1-36.8	37.0	496(+8)			アンビバレント	310.0	202306030105
2020106987	2023-04-15	1福島3	雨	9.0	雪うさぎ賞(1勝クラス)		16	5.0	10	5.5	2.0	5	黛弘人	54.0	芝1200		稍	**	1:10.1	0.8	**	5-5	33.2-36.1	36.3	494(-2)			リトルウインディー	107.0	202303010309
2020106987	2023-07-15	2福島5	雨	8.0	3歳以上1勝クラス		14	1.0	1	4.5	2.0	7	嶋田純次	53.0	芝1200		稍	**	1:11.4	0.4	**	6-6	35.4-35.6	35.5	494(0)			サウンドクレア		202303020508
2020106987	2023-07-23	2福島8	晴	12.0	3歳以上1勝クラス		13	3.0	4	10.9	5.0	1	内田博幸	53.0	芝1200		良	**	1:09.2	-0.1	**	4-3	33.8-35.4	35.1	490(-4)			(サウザンサニー)	800.0	202303020812
2020106987	2023-09-30	4中山8	晴	10.0	勝浦特別(2勝クラス)		16	5.0	10	27.0	9.0	14	内田博幸	54.0	芝1200		良	**	1:10.4	1.2	**	7-10	34.7-34.5	35.2	496(+6)			タリア		202306040810
2020106987	2023-11-19	5東京6	晴	12.0	3歳以上2勝クラス		18	6.0	11	123.3	15.0	7	内田博幸	55.0	芝1400		良	**	1:21.4	0.6	**	4-4	35.3-33.6	33.9	490(-6)			ベガリス		202305050612
2020106987	2024-01-13	1中山4	小雨	12.0	4歳以上2勝クラス		15	1.0	1	17.9	8.0	2	内田博幸	56.0	芝1200		良	**	1:08.5	0.1	**	1-1	33.4-35.0	35.1	492(+2)			エコロレジーナ	460.0	202406010412
2020106987	2024-02-10	2小倉1	晴	10.0	大濠特別(2勝クラス)		14	8.0	13	5.3	3.0	7	佐々木大	55.0	芝1200		良	**	1:08.8	0.2	**	2-4	33.9-34.7	34.6	496(+4)			サニーオーシャン		202410020110
2020106987	2024-03-09	2中山5	晴	12.0	4歳以上2勝クラス		13	8.0	13	11.4	5.0	2	内田博幸	56.0	芝1200		稍	**	1:09.6	0.0	**	5-5	33.7-35.9	35.3	496(0)			サウザンサニー	460.0	202406020512
2020106987	2024-04-13	3中山7	晴	8.0	4歳以上2勝クラス		12	5.0	5	3.1	2.0	11	内田博幸	56.0	芝1200		良	**	1:09.8	0.7	**	8-8	35.3-33.8	34.0	494(-2)			ティニア		202406030708
2020106987	2024-04-21	1福島6	晴	11.0	福島中央テレビ杯(2勝クラス)		16	8.0	15	14.3	7.0	16	杉原誠人	56.0	芝1200		良	**	1:09.9	1.2	**	9-10	34.2-34.5	35.1	490(-4)			アシャカタカ		202403010611
2020106987	2024-06-30	1函館8	曇	10.0	立待岬特別(2勝クラス)		15	2.0	3	19.1	10.0	5	黛弘人	56.0	芝1200		良	**	1:09.3	0.5	**	3-4	34.1-34.7	34.9	490(0)			オウバイトウリ	155.0	202402010810
2020106987	2024-08-04	1札幌6	曇	10.0	札幌スポニチ賞(2勝クラス)		16	2.0	3	16.5	8.0	16	黛弘人	56.0	芝1200		稍	**	1:11.1	1.8	**	10-11	34.2-35.1	35.8	492(+2)			コナブラック		202401010610
2020106987	2024-12-21	5中山7	晴	12.0	クリスマスC(2勝クラス)		16	8.0	15	68.7	11.0	14	嶋田純次	56.0	芝1200		良	**	1:09.3	1.3	**	10-11	33.5-34.5	34.7	500(+8)			ジューンブレア		202406050712
2020106987	2025-08-03	1札幌4	晴	10.0	苫小牧特別(2勝クラス)		13	1.0	1	202.0	13.0	9	黛弘人	56.0	芝1200		良	**	1:08.7	0.3	**	3-5	33.5-34.9	34.8	508(+8)			エヴァンスウィート		202501010410
2020106987	2025-08-16	1札幌7	晴	10.0	知床特別(2勝クラス)		13	4.0	4	62.5	10.0	9	黛弘人	56.0	芝1200		良	**	1:09.0	0.4	**	4-4	34.5-34.1	34.1	510(+2)			エスペシャリー		202501010710
2020106987	2025-11-09	5東京2	小雨	8.0	3歳以上2勝クラス		16	7.0	13	97.9	14.0	12	松岡正海	56.0	ダ1300		稍	**	1:20.1	2.6	**	6-7	29.0-36.5	38.2	508(-2)			アンズアメ		202505050208
2020106987	2025-12-27	5中山7	曇	9.0	ベストウィッシュC(2勝クラス)		16	8.0	15	295.3	14.0	2	嶋田純次	56.0	芝1200		良	**	1:08.5	0.7	**	5-5	33.2-34.6	34.6	504(-4)			アンビバレント	630.4	202506050709
2020106987	2026-01-17	1中山6	晴	12.0	4歳以上2勝クラス		16	1.0	2	23.0	10.0	3	嶋田純次	56.0	芝1200		良	**	1:08.1	0.1	**	5-5	34.3-33.7	33.5	504(0)			カンシン	300.0	202606010612
2020109148	2022-07-02	3小倉1	晴	5.0	2歳新馬		17	7.0	14	27.6	9.0	6	藤岡康太	54.0	芝1200		良	**	1:10.7	1.4	**	4-2	33.4-35.9	36.9	456(0)			サツマノオンナ		202210030105
2020109148	2022-07-16	3小倉5	曇	1.0	2歳未勝利		15	7.0	12	13.1	6.0	6	藤岡康太	54.0	芝1200		稍	**	1:10.2	0.8	**	4-4	33.6-35.8	36.2	448(-8)			テイエムユメキュウ		202210030501
2020109148	2022-08-13	4小倉1	晴	9.0	フェニックス賞(OP)		9	2.0	2	94.3	8.0	5	幸英明	54.0	芝1200		良	**	1:09.1	1.4	**	7-7	33.8-33.9	34.7	456(+8)			ミカッテヨンデイイ	160.0	202210040109
2020109148	2022-08-27	4小倉5	晴	9.0	ひまわり賞(OP)		17	5.0	10	25.0	4.0	3	幸英明	53.0	芝1200		良	**	1:09.5	0.6	**	6-6	33.4-35.5	35.3	444(-12)			サツマノオンナ	355.1	202210040509
2020109148	2022-09-04	4小倉8	晴	11.0	小倉2歳S(GIII)		13	3.0	3	193.9	13.0	13	富田暁	54.0	芝1200		良	**	1:10.1	2.0	**	11-11	33.2-34.9	35.7	442(-2)			ロンドンプラン		202210040811
2020109148	2022-12-03	6中京1	晴	2.0	2歳未勝利		16	4.0	8	132.4	14.0	9	角田大和	53.0	ダ1400		良	**	1:27.8	1.0	**	15-15	36.3-37.9	37.5	454(+12)			ユメハハテシナク		202207060102
2020109148	2023-01-12	佐賀	曇	4.0	JRA交流ミヤマキリ(3歳)		10	7.0	7	1.7	1.0	1	山口勲	54.0	ダ1400		稍	**	1:29.9	-1.0	**	1-1-1-1		39.0	448(-6)			(テイエムハヤカケン)	300.0	202355011204
2020109148	2023-02-23	佐賀	晴	7.0	JRA交流たんぽぽ賞(重賞)		12	7.0	9	2.1	1.0	3	山口勲	54.0	ダ1400		重	**	1:31.7	1.2	**	6-6-3-3		40.7	445(-3)			オバケノキンタ	112.0	202355022307
2020109148	2023-07-18	佐賀	晴	4.0	JRA交流えびの特別		10	5.0	5	2.0	1.0	1	飛田愛斗	54.0	ダ1400		良	**	1:30.8	-0.1	**	1-1-1-1		40.6	444(-1)			(セロンテソーロ)	500.0	202355071804
2020109148	2023-08-16	佐賀	晴	6.0	JRA交流霧島賞(重賞)		12	2.0	2	4.6	3.0	7	鮫島克駿	54.0	ダ1400		良	**	1:30.8	1.1	**	8-8-9-5		39.7	443(-1)			イチザウイナー		202355081606
2020109148	2023-11-25	3京都7	晴	4.0	障害3歳以上未勝利		9	7.0	7	79.0	8.0	8	黒岩悠	56.0	障2910		良		3:27.1	7.5		5-5-6-7	108.1-0.0	14.2	466(+23)			メイショウキリモン		202308030704
2020109148	2024-01-28	1小倉6	雨	4.0	障害4歳以上未勝利		12	3.0	3	253.4	12.0	11	黒岩悠	57.0	障2860		良		3:18.0	7.2		7-7-10-10	105.1-0.0	13.8	450(-16)			ヴァリアメンテ		202410010604
2020109148	2024-04-20	2東京1	曇	8.0	4歳以上2勝クラス		10	8.0	9	225.6	10.0	10	丸田恭介	56.0	芝1400		良	**	1:22.0	1.3	**	10-9	34.9-34.1	34.1	444(-6)			タイセイキューティ		202405020108
2020109148	2024-07-09	佐賀	曇	6.0	JRA交流霧島賞(重賞)		12	4.0	4	47.7	8.0	5	山口勲	54.0	ダ1400		良	**	1:29.9	1.5	**	6-6-8-7		39.5	451(+7)			ルピナステソーロ	64.0	202455070906
2020109148	2024-07-20	3小倉7	曇	4.0	障害3歳以上未勝利		7	7.0	7	61.9	7.0	6	黒岩悠	58.0	障2860		稍		3:18.9	2.5		6-5-4-5	107.0-0.0	13.9	454(+3)			パーリーブラック		202410030704
2020109148	2024-09-08	3中京2	晴	1.0	障害3歳以上未勝利		9	8.0	8	87.6	8.0	6	黒岩悠	58.0	障3000		良		3:24.3	2.8		2-2-5-5	103.1-0.0	13.6	462(+8)			トーセンオリジン		202407030201
2020109148	2024-09-28	4中山8	曇	1.0	障害3歳以上未勝利		10	3.0	3	139.2	9.0	6	黒岩悠	58.0	障2880		良		3:16.5	2.4		8-8-8-9	105.1-0.0	13.6	462(0)			フェーレンベルク		202406040801
2020109148	2025-02-08	1小倉5	晴	4.0	障害4歳以上未勝利		10	8.0	9	77.3	9.0	5	黒岩悠	58.0	障2860		稍		3:18.1	4.9		9-9-7-7	109.1-0.0	13.9	464(+2)			グルーヴビート	84.0	202510010504
2020109148	2025-03-09	2中山4	晴	4.0	障害4歳以上未勝利		11	8.0	10	115.9	11.0	中	黒岩悠	58.0	障2880		稍					9-9-9	110.1-0.0		462(-2)			テンメジャーガール		202506020404
2020109148	2025-05-31	2京都11	曇	7.0	4歳以上2勝クラス		6	6.0	6	123.2	6.0	6	黒岩悠	56.0	芝2000		良	**	2:04.0	4.5	**	6-6-6-6	37.3-35.3	38.6	474(+12)			ハニーコム		202508021107
2020109148	2025-07-06	2福島4	晴	1.0	障害3歳以上未勝利		14	7.0	12	68.2	11.0	8	黒岩悠	58.0	障2750		良		3:05.8	2.3		6-6-6-7	107.0-0.0	13.5	462(-12)			ビーンスターク		202503020401
2020109148	2025-07-22	佐賀	晴	6.0	JRA交流霧島賞(重賞)		12	2.0	2	15.5	6.0	2	石川慎将	54.0	ダ1400		良	**	1:29.0	0.4	**	9-7-5-5		38.6	460(-2)			ルピナステソーロ	256.0	202555072206
2020109148	2025-09-14	4中山4	曇	1.0	障害3歳以上未勝利		9	5.0	5	44.6	6.0	3	黒岩悠	58.0	障2880		良		3:19.1	0.6		3-3-2-2	110.1-0.0	13.8	458(-2)			フェーングロッテン	210.0	202506040401
2020109148	2025-09-27	4中山8	曇	1.0	障害3歳以上未勝利		11	8.0	11	5.3	3.0	2	黒岩悠	58.0	障2880		良		3:17.4	0.3		3-3-1-1	107.1-0.0	13.7	454(-4)			ヴラディア	340.0	202506040801
2020109148	2025-12-21	5中山6	曇	4.0	障害3歳以上未勝利		14	2.0	2	5.4	5.0	11	黒岩悠	58.0	障2880		重		3:25.3	9.1		6-6-8-7	109.1-0.0	14.3	464(+10)			ダノンロッキー		202506050604
2020109148	2026-01-17	1中山6	晴	4.0	障害4歳以上未勝利		12	1.0	1	7.7	4.0	3	黒岩悠	58.0	障2880		良		3:16.5	1.6		3-3-2-2	106.1-0.0	13.6	458(-6)			コレクテイニア	210.0	202606010604
2020110020	2022-10-23	4東京7	晴	5.0	2歳新馬		13	5.0	7	50.7	10.0	6	吉田豊	55.0	芝1800		良	**	1:50.7	0.9	**	12-12-11	37.9-34.4	34.3	468(0)			ガストリック		202205040705
2020110020	2022-11-19	5東京5	晴	3.0	2歳未勝利		16	8.0	15	11.6	3.0	2	吉田豊	55.0	ダ1600		良	**	1:40.8	0.4	**	10-5	35.6-39.2	38.7	468(0)			サンデュエル	210.0	202205050503
2020110020	2023-01-05	1中山1	晴	2.0	3歳未勝利		16	2.0	3	5.0	3.0	5	吉田豊	56.0	ダ1800		良	**	1:56.4	1.1	**	13-13-10-9	37.7-38.7	38.8	478(+10)			プレミアペガサス	55.0	202306010102
2020110020	2023-01-22	1中山8	曇	3.0	3歳未勝利		16	8.0	15	4.1	2.0	9	ルメール	56.0	ダ1800		良	**	1:57.9	1.9	**	12-12-7-4	37.5-39.7	41.1	476(-2)			ヒューゴ		202306010803
2020110020	2023-03-18	2中山7	雨	2.0	3歳未勝利		16	7.0	14	22.4	3.0	4	吉田豊	56.0	ダ1800		重	**	1:55.3	1.2	**	11-11-7-7	38.5-37.3	37.7	474(-2)			レイズカイザー	83.0	202306020702
2020110020	2023-05-13	2東京7	雨	2.0	3歳未勝利		16	6.0	12	7.0	4.0	2	吉田豊	56.0	ダ1600		稍	**	1:37.4	0.0	**	9-9	35.5-36.9	35.9	474(0)			トーセンサウダージ	220.0	202305020702
2020110020	2023-06-03	3東京1	曇	3.0	3歳未勝利		16	7.0	13	3.3	1.0	1	吉田豊	56.0	ダ1600		不	**	1:36.3	-0.2	**	4-4	34.9-36.7	36.3	474(0)			(マンダリンボレロ)	550.0	202305030103
2020110020	2023-10-14	4東京4	晴	8.0	3歳以上1勝クラス		18	4.0	8	37.9	9.0	7	吉田豊	56.0	芝1600		良	**	1:34.1	0.6	**	10-10	35.2-34.6	34.2	472(-2)			コスモスプモーニ		202305040408
2020110020	2023-11-05	5東京2	晴	7.0	3歳以上1勝クラス		12	5.0	6	14.5	4.0	11	大野拓弥	57.0	ダ1600		良	**	1:39.7	2.3	**	6-6	35.7-36.4	38.1	470(-2)			ネイビースター		202305050207
2020110020	2023-12-02	4中京1	晴	3.0	3歳以上1勝クラス		16	1.0	1	55.7	12.0	7	吉田隼人	57.0	ダ1400		良	**	1:26.2	1.0	**	9-9	34.8-37.9	37.7	466(-4)			スマートアンバー		202307040103
2020110020	2024-01-20	1中山6	小雨	8.0	4歳以上1勝クラス		15	7.0	12	99.7	13.0	2	吉田豊	57.0	ダ1800		良	**	1:54.5	0.2	**	11-11-6-4	36.5-40.5	39.4	470(+4)			ジャックパール	320.0	202406010608
2020110020	2024-02-24	2中山1	晴	8.0	4歳以上1勝クラス		12	8.0	12	9.6	4.0	6	吉田豊	57.0	ダ1800		稍	**	1:53.9	0.9	**	8-8-6-6	37.8-37.6	37.9	468(-2)			シゲルカミカゼ		202406020108
2020110020	2024-06-29	2福島1	晴	8.0	3歳以上1勝クラス		15	3.0	5	46.0	12.0	8	吉田豊	58.0	ダ1700		良	**	1:48.2	1.3	**	12-12-10-10	30.5-38.0	38.0	462(-6)			スプレーフォール		202403020108
2020110020	2024-08-18	3新潟4	晴	12.0	3歳以上1勝クラス		15	8.0	14	12.7	5.0	3	吉田豊	58.0	ダ1800		良	**	1:53.7	0.6	**	12-12-8-8	36.5-39.1	38.3	468(+6)			サンダーアラート	200.0	202404030412
2020110020	2024-09-08	4中山2	晴	8.0	3歳以上1勝クラス		16	4.0	7	8.3	4.0	3	吉田豊	58.0	ダ1800		良	**	1:53.9	0.5	**	13-12-10-9	36.9-38.8	38.3	466(-2)			カンジ	200.0	202406040208
2020110020	2024-10-13	4東京3	晴	6.0	3歳以上1勝クラス		12	7.0	10	10.4	7.0	7	吉田豊	58.0	ダ1600		良	**	1:38.7	1.3	**	10-8	36.7-35.3	35.8	470(+4)			ウェットシーズン		202405040306
2020110020	2024-11-10	5東京4	曇	6.0	3歳以上1勝クラス		16	1.0	2	25.6	8.0	14	吉田豊	58.0	ダ1600		良	**	1:39.5	2.3	**	14-14	35.8-36.2	37.1	470(0)			ホウキボシ		202405050406
2020110020	2024-12-07	4中京3	曇	6.0	3歳以上1勝クラス		16	5.0	9	63.8	11.0	9	古川吉洋	58.0	ダ1900		良	**	2:01.3	1.9	**	15-14-14-13	30.2-38.3	37.5	468(-2)			ジャスパーワールド		202407040306
2020110020	2025-01-19	1中山7	曇	7.0	4歳以上1勝クラス		13	5.0	7	28.2	8.0	7	吉田豊	58.0	ダ1800		良	**	1:55.9	1.4	**	9-9-9-11	38.2-38.5	39.3	474(+6)			ソレルビュレット		202506010707
2020110020	2025-02-16	1東京6	晴	6.0	4歳以上1勝クラス		16	4.0	7	246.3	16.0	12	吉田豊	58.0	芝2400		良	**	2:27.8	0.8	**	12-12-11-11	37.6-34.2	34.3	476(+2)			イクリール		202505010606
2020110020	2025-03-23	2中山8	晴	7.0	4歳以上1勝クラス		16	4.0	8	146.2	14.0	5	吉田豊	58.0	芝2500		良	**	2:33.9	1.0	**	12-12-13-10	30.8-36.1	36.0	476(0)			イクリール	80.0	202506020807
2020110020	2025-07-06	2福島4	晴	8.0	3歳以上1勝クラス		14	5.0	7	34.0	8.0	10	吉田豊	58.0	芝1800		良	**	1:50.0	1.3	**	13-13-12-12	35.1-37.0	36.4	470(-6)			コスモアンソロジー		202503020408
2020110020	2025-11-16	3福島4	晴	4.0	障害3歳以上未勝利		10	4.0	4	31.1	6.0	3	草野太郎	60.0	障2750		良		3:01.5	1.0		4-3-2-2	103.1-0.0	13.2	470(0)			ウォーターリーダー	210.0	202503030404
2020110020	2025-12-13	5阪神3	晴	4.0	障害3歳以上未勝利		12	5.0	5	4.7	3.0	2	草野太郎	60.0	障2970		良		3:24.9	0.2		4-4-3-1	105.1-0.0	13.8	470(0)			ロードリベラシオン	340.0	202509050304
2020110020	2026-01-17	1中山6	晴	4.0	障害4歳以上未勝利		12	6.0	8	1.6	1.0	1	草野太郎	60.0	障2880		良		3:14.9	-1.2		3-1-1-1	106.1-0.0	13.5	474(+4)			(アルカンサス)	840.0	202606010604
2020110034	2023-01-07	1中山2	晴	3.0	3歳新馬		16	2.0	4	3.8	2.0	1	ムルザバ	56.0	ダ1200		良	**	1:12.8	-0.3	**	1-1	34.8-38.0	38.0	510(0)			(ニットウバジル)	620.0	202306010203
2020110034	2023-03-04	2中山3	晴	7.0	3歳1勝クラス		16	5.0	9	4.8	2.0	3	ムルザバ	56.0	ダ1200		良	**	1:11.2	0.2	**	2-2	33.1-37.9	38.1	504(-6)			ハチメンロッピ	200.0	202306020307
2020110034	2023-05-07	2東京6	小雨	5.0	3歳1勝クラス		16	5.0	9	3.5	1.0	1	岩田望来	56.0	ダ1400		良	**	1:25.0	0.0	**	4-5	34.7-37.9	37.4	502(-2)			(ケンキョ)	780.0	202305020605
2020110034	2023-06-18	3東京6	晴	11.0	ユニコーンS(GIII)		15	8.0	14	86.4	12.0	10	菅原明良	56.0	ダ1600		良	**	1:36.7	1.7	**	8-9	34.6-37.0	37.2	510(+8)			ペリエール		202305030611
2020110034	2023-12-23	5阪神7	晴	8.0	3歳以上2勝クラス		16	8.0	16	13.0	4.0	5	岩田望来	57.0	ダ1400		良	**	1:25.0	0.7	**	2-2	34.9-37.3	37.9	506(-4)			ペプチドタイガー	114.0	202309050708
2020110034	2024-01-20	1京都6	曇	8.0	4歳以上2勝クラス		13	7.0	11	8.9	5.0	2	川田将雅	57.0	ダ1400		稍	**	1:23.3	0.2	**	2-2	34.4-36.9	37.0	512(+6)			フェルヴェンテ	460.0	202408010608
2020110034	2024-02-11	1東京6	曇	12.0	4歳以上2勝クラス		15	5.0	8	2.0	1.0	1	川田将雅	58.0	ダ1400		稍	**	1:25.6	-0.2	**	2-2	37.1-35.9	35.8	512(0)			(キャンディドライヴ)	1140.0	202405010612
2020110034	2024-05-12	2東京8	曇	12.0	BSイレブン賞(3勝クラス)		16	3.0	6	5.9	3.0	2	川田将雅	58.0	ダ1400		良	**	1:23.8	0.7	**	3-3	34.8-35.9	36.3	514(+2)			サトノルフィアン	750.4	202405020812
2020110034	2024-06-02	3東京2	小雨	10.0	タイキシャトルC(3勝クラス)		16	7.0	13	3.4	1.0	13	川田将雅	58.0	ダ1400		重	**	1:23.4	1.6	**	13-13	34.2-36.0	36.1	514(0)			バグラダス		202405030210
2020110034	2025-04-26	2東京1	曇	10.0	鎌倉S(3勝クラス)		16	3.0	5	88.2	13.0	16	大野拓弥	58.0	ダ1400		稍	**	1:25.4	2.5	**	14-13	35.4-35.4	36.2	518(+4)			ビダーヤ		202505020110
2020110034	2025-06-07	3東京1	曇	11.0	麦秋S(3勝クラス)		16	4.0	8	36.6	10.0	9	津村明秀	57.0	ダ1400		良	**	1:24.0	1.3	**	12-12	34.8-35.9	36.2	516(-2)			サフランヒーロー		202505030111
2020110034	2025-11-02	4東京11	曇	10.0	秋嶺S(3勝クラス)		12	6.0	8	49.2	11.0	11	岩田康誠	58.0	ダ1300		重	**	1:18.2	1.7	**	4-4	29.5-35.7	36.9	516(0)			エコロアゼル		202505041110
2020110034	2026-01-17	1京都6	晴	11.0	羅生門S(3勝クラス)		16	2.0	3	40.7	9.0	7	ハマーハ	58.0	ダ1400		良	**	1:25.0	1.1	**	3-3	35.3-36.2	36.9	512(-4)			エストレヤデベレン		202608010611
2020110051	2022-09-24	4中山6	曇	5.0	2歳新馬		16	2.0	4	2.3	1.0	2	横山武史	54.0	芝1600		不	**	1:36.7	0.0	**	2-4-3	36.4-36.4	35.7	492(0)			コウセイマリア	280.0	202206040605
2020110051	2022-11-26	5東京7	小雨	2.0	2歳未勝利		17	6.0	11	5.6	2.0	12	マーカン	55.0	芝1400		良	**	1:23.0	1.5	**	9-11	35.1-34.4	34.9	498(+6)			ニシノピウモッソ		202205050702
2020110051	2023-01-14	1中山5	小雨	3.0	3歳未勝利		16	2.0	4	4.3	2.0	3	バシュロ	56.0	ダ1200		良	**	1:13.0	0.5	**	4-4	35.4-37.1	37.3	508(+10)			タリエシン	140.0	202306010503
2020110051	2023-01-29	1東京2	晴	1.0	3歳未勝利		15	4.0	8	3.2	1.0	4	横山武史	56.0	ダ1400		良	**	1:27.1	0.3	**	3-3	35.6-38.5	38.5	510(+2)			ジェイケイファイン	83.0	202305010201
2020110051	2023-03-19	2中京4	晴	3.0	3歳未勝利		16	1.0	1	5.4	4.0	6	三浦皇成	56.0	ダ1400		重	**	1:24.9	0.3	**	8-6	35.2-37.0	36.7	506(-4)			ユイノイチゲキ		202307020403
2020110051	2023-06-18	1函館4	晴	2.0	3歳未勝利		16	3.0	5	7.7	4.0	3	鮫島克駿	56.0	芝1200		良	**	1:09.1	0.2	**	8-8	33.6-35.3	34.7	494(-12)			ケイアイクビラ	140.0	202302010402
2020110051	2024-05-30	園田	曇	12.0	C2一		12	7.0	9	1.8	1.0	3	吉村智洋	56.0	ダ1400		稍	**	1:33.5	0.7	**	6-5-2-2		40.5	538(+44)			サンライズプライド	14.0	202450053012
2020110051	2024-06-19	園田	晴	2.0	ウマ娘コラボまで、あ(C2)		12	6.0	8	2.0	1.0	1	吉村智洋	56.0	ダ1400		重	**	1:33.4	0.0	**	2-2-2-1		41.4	533(-5)			(フレイムフォース)	70.0	202450061902
2020110051	2024-07-11	園田	曇	9.0	C1二		11	8.0	10	3.8	3.0	3	廣瀬航	56.0	ダ1400		重	**	1:32.8	1.3	**	5-5-5-3		40.3	525(-8)			ヨドノルミナス	20.0	202450071109
2020110051	2024-08-01	園田	晴	10.0	C1二		9	7.0	7	1.9	1.0	1	吉村智洋	56.0	ダ1400		良	**	1:31.7	-1.4	**	2-2-2-1		40.6	521(-4)			(ジョイブラック)	110.0	202450080110
2020110051	2024-08-21	園田	曇	9.0	C1一		11	8.0	10	1.6	1.0	5	吉村智洋	57.0	ダ1400		稍	**	1:34.3	1.4	**	6-6-4-3		41.3	521(0)			スナークドリアン	10.0	202450082109
2020110051	2024-12-18	園田	晴	7.0	C2一		10	3.0	3	1.7	1.0	1	吉村智洋	56.0	ダ1400		良	**	1:31.1	-1.1	**	1-1-1-1		39.4	517(-4)			(ドゥーエニシング)	70.0	202450121807
2020110051	2025-03-30	2中京6	晴	9.0	4歳以上1勝クラス		13	2.0	2	63.5	9.0	6	亀田温心	58.0	ダ1400		良	**	1:25.8	0.5	**	5-5	35.2-37.8	37.7	504(-13)			グラティアスミノル		202507020609
2020110051	2025-04-12	2阪神5	晴	8.0	4歳以上1勝クラス		16	4.0	7	26.9	11.0	12	西塚洸二	57.0	ダ1200		良	**	1:14.0	1.1	**	11-13	34.7-38.2	38.2	504(0)			シリウス		202509020508
2020110051	2025-06-15	1函館2	曇	8.0	3歳以上1勝クラス		13	5.0	7	28.2	8.0	7	浜中俊	58.0	芝1200		良	**	1:08.3	0.7	**	10-10	33.1-34.5	34.3	508(+4)			シアター		202502010208
2020110051	2025-08-30	2札幌3	曇	12.0	3歳以上1勝クラス		15	4.0	7	34.1	10.0	12	浜中俊	58.0	芝1200		稍	**	1:11.9	1.7	**	14-14	34.4-35.8	35.5	514(+6)			ムチャスグラシアス		202501020312
2020110051	2025-09-07	2札幌6	晴	12.0	3歳以上1勝クラス		14	4.0	6	70.4	10.0	7	柴田裕一	55.0	ダ1700		稍	**	1:48.0	2.3	**	13-12-12-12	28.8-38.8	40.1	514(0)			ジュンラトゥール		202501020612
2020110051	2025-11-08	5東京1	晴	7.0	3歳以上1勝クラス		16	3.0	5	64.7	11.0	8	長岡禎仁	58.0	ダ1300		良	**	1:19.2	1.3	**	13-13	29.5-36.5	36.5	504(-10)			ドントゥザムーン		202505050107
2020110051	2025-12-20	5中京5	小雨	7.0	3歳以上1勝クラス		15	3.0	5			除	西塚洸二	57.0	ダ1400		稍	**			**		35.6-37.2		504(0)			ペイドラロワール		202507050507
2020110051	2025-12-28	5阪神8	晴	7.0	3歳以上1勝クラス		16	8.0	15	167.6	14.0	5	ジェルー	58.0	ダ1400		良	**	1:24.9	1.0	**	9-7	34.3-37.3	37.4	502(-2)			ニューオーリンズ	80.0	202509050807
2020110051	2026-01-17	1京都6	晴	7.0	4歳以上1勝クラス		15	6.0	11	43.9	9.0	7	ハマーハ	58.0	ダ1400		良	**	1:25.9	0.9	**	10-9	36.0-36.6	36.6	502(0)			レーティッシュ		202608010607
2020110065	2022-11-12	5阪神3	晴	4.0	2歳新馬		9	6.0	6	4.5	3.0	6	川田将雅	55.0	ダ1800		良	**	1:57.2	1.5	**	5-5-4-6	38.6-37.6	38.5	498(0)			サンデーファンデー		202209050304
2020110065	2022-11-26	5阪神7	曇	1.0	2歳未勝利		11	4.0	4	19.8	4.0	7	福永祐一	55.0	ダ1800		稍	**	1:55.7	2.1	**	10-10-10-9	37.6-37.4	38.4	496(-2)			ジョヴィアン		202209050701
2020110065	2023-06-01	浦和	晴	7.0	ツイントップ特別(3歳)		12	2.0	2	4.3	3.0	2	森泰斗	56.0	ダ1400		稍	**	1:30.1	1.0	**	11-11-5-4	37.3-38.5	39.0	500(+4)			ノーブルプロセス	100.0	202342060107
2020110065	2023-07-08	3中京3	曇	3.0	3歳未勝利		16	8.0	16	17.5	7.0	8	幸英明	56.0	ダ1800		良	**	1:56.3	1.7	**	3-2-2-3	36.7-39.0	40.6	498(-2)			シゲルソロソロ		202307030303
2020110065	2023-08-09	船橋	曇	8.0	ナティブーツ特別(3歳C1)		10	8.0	10	2.7	1.0	1	森泰斗	56.0	ダ1600		良	**	1:43.0	-0.1	**	1-1-1-1	38.2-39.8	39.8	485(-13)			(ナリノヴァニーユ)	250.0	202343080908
2020110065	2024-04-14	3中山8	晴	6.0	4歳以上1勝クラス		15	6.0	11	48.7	8.0	13	ムルザバ	58.0	ダ1800		良	**	1:57.0	2.3	**	4-5-5-7	38.0-37.4	39.4	522(+37)			ラップスター		202406030806
2020110065	2024-04-28	3京都4	晴	7.0	4歳以上1勝クラス		10	3.0	3	148.5	9.0	10	川又賢治	58.0	ダ1900		良	**	2:05.3	5.3	**	8-8-9-10	30.6-36.8	41.1	514(-8)			ジーニアスバローズ		202408030407
2020110065	2024-09-01	2中京8	曇	7.0	3歳以上1勝クラス		11	4.0	4	64.1	10.0	1	吉村誠之	55.0	ダ1800		不	**	1:51.3	-0.3	**	2-2-2-2	37.8-36.6	36.5	514(0)			(キングオブフジ)	800.0	202407020807
2020110065	2024-09-16	4中山5	曇	9.0	鋸山特別(2勝クラス)		16	5.0	10	37.4	8.0	15	武豊	58.0	ダ1800		良	**	1:58.4	4.6	**	3-5-6-14	36.8-39.1	43.1	508(-6)			テリフィックプラン		202406040509
2020110065	2024-11-17	5東京6	晴	9.0	3歳以上2勝クラス		16	6.0	11	112.0	12.0	7	横山和生	58.0	ダ1600		良	**	1:37.1	1.1	**	15-15	34.3-37.4	36.9	516(+8)			ラフエイジアン		202405050609
2020110065	2024-12-07	7京都3	晴	10.0	花見小路特別(2勝クラス)		14	7.0	11	48.8	8.0	13	吉村誠之	54.0	ダ1900		良	**	2:03.0	4.2	**	4-4-5-5	28.7-37.9	41.3	516(0)			ロードクロンヌ		202408070310
2020110065	2025-08-26	盛岡	曇	10.0	東京カップけやき賞(A)		10	2.0	2	29.9	6.0	5	山本聡哉	56.0	ダ1600		良	**	1:38.5	1.9	**	6-6		39.4	517(+1)			グランドセントラル	17.5	202535082610
2020110065	2025-10-13	3京都5	曇	9.0	蹴上特別(2勝クラス)		12	5.0	5	76.6	9.0	11	松若風馬	58.0	ダ1800		良	**	1:53.9	2.0	**	3-3-3-5	35.6-38.4	40.1	516(-1)			ハナウマビーチ		202508030509
2020110065	2025-12-28	5阪神8	晴	5.0	障害3歳以上未勝利		14	3.0	4	15.8	6.0	10	森一馬	60.0	障2970		良		3:29.2	4.6		11-11-12-11	108.0-0.0	14.1	528(+12)			ナックエルドラド		202509050805
2020110065	2026-01-17	1中山6	晴	4.0	障害4歳以上未勝利		12	8.0	12	25.8	6.0	6	森一馬	60.0	障2880		良		3:17.5	2.6		3-5-5-7	106.1-0.0	13.7	520(-8)			コレクテイニア		202606010604
2020110090	2022-09-10	5中京1	晴	3.0	2歳新馬		9	7.0	7	1.5	1.0	1	福永祐一	54.0	芝1400		稍	**	1:22.2	-0.2	**	5-5	35.5-34.6	34.0	476(0)			(カシノインディード)	700.0	202207050103
2020110090	2022-11-19	5東京5	晴	6.0	2歳1勝クラス		9	4.0	4	2.7	1.0	2	福永祐一	55.0	芝1400		良	**	1:20.9	0.1	**	5-5	34.3-34.7	33.5	480(+4)			バグラダス	300.0	202205050506
2020110090	2022-12-18	6阪神6	晴	11.0	朝日フューチュリティ(GI)		17	6.0	11	23.2	7.0	8	福永祐一	55.0	芝1600		良	**	1:34.7	0.8	**	7-7	34.1-36.1	36.2	486(+6)			ドルチェモア		202209060611
2020110090	2023-03-19	2中京4	晴	9.0	フローラルウォーク賞(1勝クラス)		8	1.0	1	4.4	3.0	1	荻野極	56.0	芝1600		稍	**	1:36.2	0.0	**	1-1-1	37.1-34.5	34.5	496(+10)			(セフィロ)	1091.7	202307020409
2020110090	2023-04-15	2阪神7	雨	11.0	アーリントンC(GIII)		18	8.0	18	39.2	13.0	15	荻野極	56.0	芝1600		重	**	1:36.1	2.2	**	11-11	34.1-36.2	36.5	492(-4)			オオバンブルマイ		202309020711
2020110090	2023-07-16	3中京6	晴	10.0	中京スポニチ賞(2勝クラス)		14	4.0	6	3.8	2.0	6	荻野極	55.0	芝1400		良	**	1:20.7	0.3	**	1-1	34.7-34.3	34.6	488(-4)			サトノペルセウス		202307030610
2020110090	2023-08-20	3小倉4	晴	9.0	西部スポニチ賞(2勝クラス)		16	6.0	12	6.8	4.0	9	鮫島克駿	56.0	芝1200		良	**	1:09.1	0.8	**	8-8	33.4-34.9	35.1	482(-6)			アドマイヤラヴィ		202310030409
2020110090	2023-10-22	2京都7	晴	9.0	壬生特別(2勝クラス)		16	8.0	16	12.9	5.0	4	モレイラ	57.0	芝1200		良	**	1:08.1	0.4	**	7-6	33.9-33.8	33.5	494(+12)			ミルトクレイモー	230.0	202308020709
2020110090	2023-11-11	3福島3	晴	10.0	飯坂温泉特別(2勝クラス)		16	4.0	8	6.2	3.0	4	丹内祐次	57.0	芝1200		良	**	1:09.8	0.1	**	9-8	33.3-36.4	35.4	492(-2)			ウインモナーク	230.0	202303030310
2020110090	2023-11-25	3京都7	晴	12.0	3歳以上2勝クラス		18	3.0	6	4.0	2.0	2	モレイラ	57.0	芝1200		良	**	1:08.2	0.0	**	5-4	33.9-34.3	33.9	500(+8)			マメコ	460.0	202308030712
2020110090	2024-03-24	3中山2	曇	12.0	4歳以上2勝クラス		13	5.0	6	3.0	1.0	4	戸崎圭太	58.0	芝1200		良	**	1:08.1	0.4	**	5-5	33.4-34.3	34.0	504(+4)			ルーフ	170.0	202406030212
2020110090	2024-04-13	3中山7	晴	8.0	4歳以上2勝クラス		12	3.0	3	2.3	1.0	1	戸崎圭太	58.0	芝1200		良	**	1:09.1	-0.3	**	2-2	35.3-33.8	33.7	498(-6)			(ニシノコウダイ)	1140.0	202406030708
2020110090	2024-05-19	2東京10	曇	9.0	フリーウェイS(3勝クラス)		13	6.0	9	9.8	3.0	2	戸崎圭太	58.0	芝1400		良	**	1:20.7	0.2	**	6-6	34.6-34.2	33.2	504(+6)			シャドウフューリー	748.6	202405021009
2020110090	2024-08-17	2中京3	晴	11.0	豊明S(3勝クラス)		14	7.0	12	9.1	4.0	4	坂井瑠星	58.0	芝1400		良	**	1:19.1	0.1	**	4-4	33.0-34.7	34.4	502(-2)			クランフォード	280.0	202407020311
2020110090	2024-08-31	2中京7	小雨	11.0	長篠S(3勝クラス)		18	6.0	11	7.0	4.0	1	坂井瑠星	57.0	芝1200		不	**	1:10.2	0.0	**	5-4	34.1-36.1	34.9	506(+4)			(ロードフォアエース)	1878.5	202407020711
2020110090	2024-11-10	5東京4	曇	11.0	オーロC(L)		18	4.0	8	5.4	2.0	16	横山武史	55.0	芝1400		良	**	1:21.5	0.8	**	5-6	34.7-34.7	34.9	502(-4)			ゴールデンシロップ		202405050411
2020110090	2024-12-01	5中山2	晴	11.0	ラピスラズリS(L)		16	7.0	13	21.5	9.0	16	ビュイッ	57.0	芝1200		良	**	1:08.8	1.6	**	14-16	33.7-33.5	34.0	508(+6)			ペアポルックス		202406050211
2020110090	2025-03-16	1阪神6	雨	11.0	米子城S(OP)		16	7.0	14	13.1	5.0	3	荻野極	55.0	芝1200		重	**	1:09.4	0.7	**	9-8	33.8-34.9	34.7	508(0)			カルチャーデイ	585.0	202509010611
2020110090	2025-04-13	3中山6	雨	11.0	春雷S(L)		14	6.0	9	11.0	6.0	4	横山和生	55.0	芝1200		稍	**	1:08.2	0.2	**	4-4	33.5-34.5	34.3	510(+2)			ヨシノイースター	410.0	202506030611
2020110090	2025-06-28	1函館5	晴	11.0	青函S(OP)		16	6.0	12	11.2	5.0	2	佐々木大	55.0	芝1200		良	**	1:08.1	0.0	**	5-4	33.3-34.8	34.2	508(-2)			エーティーマクフィ	929.6	202502010511
2020110090	2025-07-12	2福島5	曇	11.0	安達太良S(OP)		14	5.0	8	3.7	2.0	5	戸崎圭太	57.0	芝1200		良	**	1:10.0	0.5	**	10-10	34.6-34.9	34.4	504(-4)			カルロヴェローチェ	230.0	202503020511
2020110090	2025-09-07	4阪神2	晴	11.0	産経賞セントウルS(GII)		16	6.0	12	154.0	15.0	8	高杉吏麒	57.0	芝1200		良	**	1:07.8	0.4	**	15-14	33.0-34.4	33.2	504(0)			カンチェンジュンガ		202509040211
2020110090	2025-12-07	5中山2	晴	11.0	ラピスラズリS(L)		16	7.0	13	12.8	5.0	7	荻野極	57.0	芝1200		良	**	1:07.8	0.7	**	12-13	33.5-33.6	33.4	504(0)			ロードフォアエース		202506050211
2020110090	2026-01-17	1中山6	晴	11.0	カーバンクルS(OP)		16	6.0	11	17.2	9.0	13	荻野極	56.0	芝1200		良	**	1:08.1	0.7	**	15-15	33.7-33.7	33.1	504(0)			ウイングレイテスト		202606010611
2020110100	2022-07-30	2新潟1	晴	6.0	2歳新馬		15	5.0	9	15.1	6.0	15	Ｍ．デム	54.0	ダ1200		良	**	1:23.4	10.1	**	15-15	35.4-37.9	41.0	460(0)			ニシキギミッチー		202204020106
2020110100	2022-12-28	6阪神9	晴	1.0	2歳未勝利		13	3.0	3	129.7	12.0	6	和田翼	54.0	ダ1800		良	**	1:57.2	1.3	**	13-13-13-13	37.8-38.4	38.3	472(+12)			オルノア		202209060901
2020110100	2023-01-14	1小倉1	雨	1.0	3歳未勝利		16	8.0	16	21.9	8.0	7	和田翼	54.0	ダ1700		不	**	1:47.8	2.4	**	6-7-7-7	29.6-37.7	39.4	470(-2)			ウェザーコック		202310010101
2020110100	2023-02-04	1中京11	晴	3.0	3歳未勝利		16	5.0	9	69.9	10.0	6	和田翼	54.0	ダ1900		良	**	2:04.8	1.3	**	11-11-11-11	31.1-38.2	38.6	464(-6)			ラミアストラーダ		202307011103
2020110100	2023-03-04	1阪神7	晴	2.0	3歳未勝利		13	7.0	10	19.0	7.0	6	和田翼	54.0	ダ2000		良	**	2:10.2	2.1	**	11-11-10-9	36.6-37.9	38.4	460(-4)			レッドプロフェシー		202309010702
2020110100	2023-03-18	1阪神11	雨	2.0	3歳未勝利		11	8.0	10	31.9	5.0	6	田口貫太	51.0	ダ1800		不	**	1:55.5	2.7	**	9-9-7-7	37.8-36.7	38.6	456(-4)			ミスティックロア		202309011102
2020110100	2023-04-15	2阪神7	雨	2.0	3歳未勝利		16	1.0	1	321.7	15.0	2	和田翼	54.0	ダ1800		不	**	1:52.5	0.0	**	9-8-8-6	36.7-37.1	36.4	458(+2)			ラップスター	220.0	202309020702
2020110100	2023-04-29	1京都3	曇	4.0	3歳未勝利		12	2.0	2	10.5	5.0	3	和田翼	54.0	ダ1800		良	**	1:55.2	1.2	**	6-8-7-5	37.6-37.5	37.9	458(0)			タイガースパーク	140.0	202308010304
2020110100	2023-05-21	1新潟8	晴	3.0	3歳未勝利		15	8.0	15	4.1	1.0	3	和田翼	54.0	ダ1800		良	**	1:54.5	0.5	**	1-1-1-2	35.9-39.2	39.7	454(-4)			リュクススティール	140.0	202304010803
2020110100	2023-06-11	3阪神4	小雨	4.0	3歳未勝利		16	4.0	8	5.9	3.0	3	和田翼	54.0	ダ1800		重	**	1:53.2	0.2	**	6-4-5-5	36.5-38.9	38.5	454(0)			ジョウショーパワー	140.0	202309030404
2020110100	2023-07-08	3中京3	曇	3.0	3歳未勝利		16	6.0	11	7.6	4.0	1	和田翼	54.0	ダ1800		良	**	1:54.6	0.0	**	2-2-2-2	36.7-39.0	38.9	460(+6)			(ロングウッド)	550.0	202307030303
2020110100	2023-08-05	2新潟3	晴	8.0	3歳以上1勝クラス		15	2.0	3	19.9	8.0	10	和田竜二	53.0	ダ1800		良	**	1:55.4	2.9	**	4-4-4-5	36.7-37.8	40.4	460(0)			ティルドーン		202304020308
2020110100	2023-09-17	4阪神4	晴	8.0	3歳以上1勝クラス		12	3.0	3	7.4	4.0	3	和田翼	53.0	ダ1800		良	**	1:54.8	0.4	**	4-5-8-4	36.4-40.5	39.8	474(+14)			オラヴェリタス	200.0	202309040408
2020110100	2023-10-15	2京都5	晴	6.0	3歳以上1勝クラス		8	4.0	4	4.3	2.0	4	和田翼	54.0	ダ1800		重	**	1:53.4	1.0	**	3-3-4-4	35.9-37.4	37.9	472(-2)			オメガタキシード	120.0	202308020506
2020110100	2023-11-04	3京都1	晴	8.0	3歳以上1勝クラス		12	8.0	12	18.1	7.0	6	和田翼	54.0	ダ1800		良	**	1:53.6	0.8	**	5-5-10-10	36.9-37.6	37.5	476(+4)			ヘニータイフーン		202308030108
2020110100	2023-11-25	3京都7	晴	7.0	3歳以上1勝クラス		14	8.0	14	8.2	5.0	11	幸英明	54.0	ダ1800		良	**	1:54.1	1.4	**	8-8-2-3	37.0-38.6	39.9	476(0)			サムハンター		202308030707
2020110100	2023-12-16	4中京5	曇	7.0	3歳以上1勝クラス		15	8.0	15	14.3	6.0	6	和田翼	55.0	ダ1800		重	**	1:53.1	1.0	**	9-11-11-9	36.7-37.5	37.5	464(-12)			ジルバーン		202307040507
2020110100	2024-01-21	1京都7	曇	8.0	4歳以上1勝クラス		14	4.0	8	10.5	5.0	3	幸英明	55.0	ダ1400		重	**	1:23.4	0.3	**	12-12	34.3-37.3	35.4	468(+4)			エムズマインド	200.0	202408010708
2020110100	2024-02-17	2京都7	晴	8.0	4歳以上1勝クラス		16	1.0	1	9.9	5.0	4	Ｍ．デム	56.0	ダ1400		稍	**	1:24.5	0.9	**	14-13	34.2-37.5	36.5	472(+4)			アドバンスファラオ	120.0	202408020708
2020110100	2024-03-02	1阪神3	曇	8.0	4歳以上1勝クラス		14	6.0	10	3.8	1.0	1	鮫島克駿	56.0	ダ1400		稍	**	1:24.7	-0.4	**	8-9	34.9-37.7	36.7	472(0)			(ハクサンバード)	800.0	202409010308
2020110100	2024-03-31	2阪神4	曇	7.0	4歳以上2勝クラス		16	5.0	9	16.0	6.0	2	鮫島克駿	56.0	ダ1400		良	**	1:24.5	0.4	**	15-12	34.5-37.6	36.1	466(-6)			アウグスト	460.0	202409020407
2020110100	2024-04-21	2東京2	曇	12.0	4歳以上2勝クラス		13	8.0	12	5.8	2.0	2	鮫島克駿	56.0	ダ1600		良	**	1:38.0	0.4	**	7-7	35.5-36.2	35.7	466(0)			ウェイワードアクト	460.0	202405020212
2020110100	2024-05-18	3京都9	晴	12.0	オーストラリアT(2勝クラス)		16	1.0	1	3.8	1.0	3	鮫島克駿	56.0	ダ1400		良	**	1:24.6	0.2	**	14-13	34.8-37.3	35.9	472(+6)			パーティーベル	394.9	202408030912
2020110100	2024-06-08	4京都3	曇	10.0	長浜特別(2勝クラス)		11	7.0	8	6.2	2.0	5	幸英明	56.0	ダ1400		良	**	1:25.1	0.8	**	7-6	35.5-36.8	36.6	472(0)			テイエムリステット	155.0	202408040310
2020110100	2024-09-29	3中京9	曇	12.0	3歳以上2勝クラス		16	4.0	8	10.0	6.0	3	鮫島克駿	56.0	ダ1400		稍	**	1:23.4	0.0	**	2-2	35.0-36.4	36.3	478(+6)			リンドラゴ	290.0	202407030912
2020110100	2024-10-27	5京都8	曇	12.0	3歳以上2勝クラス		12	7.0	9	3.1	1.0	3	鮫島克駿	56.0	ダ1400		良	**	1:23.7	0.1	**	4-4	34.3-37.4	36.7	478(0)			ラブコメディ	290.0	202408050812
2020110100	2024-11-24	5東京8	晴	10.0	アプローズ賞(2勝クラス)		16	3.0	5	4.9	4.0	1	鮫島克駿	56.0	ダ1400		良	**	1:24.4	0.0	**	7-6	36.1-36.0	35.5	476(-2)			(ヴァンドーム)	1587.1	202405050810
2020110100	2025-01-18	1中京6	晴	11.0	遠江S(3勝クラス)		16	3.0	6	13.8	5.0	4	鮫島克駿	56.0	ダ1400		良	**	1:23.9	0.6	**	14-12	35.3-35.8	35.2	476(0)			モズミギカタアガリ	280.0	202507010611
2020110100	2025-02-22	1京都7	曇	10.0	河原町S(3勝クラス)		16	2.0	3	4.7	3.0	6	Ｍ．デム	54.0	ダ1400		良	**	1:25.0	1.1	**	15-15	35.1-36.9	36.4	474(-2)			ニシキギミッチー		202508010710
2020110100	2025-08-03	3中京4	晴	6.0	桶狭間S(3勝クラス)		16	4.0	7	25.6	10.0	9	川須栄彦	56.0	ダ1400		良	**	1:24.5	0.4	**	15-14	34.3-37.9	36.8	482(+8)			アッチャゴーラ		202507030406
2020110100	2025-08-23	4中京1	晴	11.0	伊賀S(3勝クラス)		16	3.0	6	18.0	7.0	13	川須栄彦	54.0	ダ1400		良	**	1:24.6	1.1	**	15-15	34.0-37.4	36.9	480(-2)			プロトポロス		202507040111
2020110100	2026-01-17	1京都6	晴	11.0	羅生門S(3勝クラス)		16	3.0	6	90.2	11.0	9	鮫島克駿	56.0	ダ1400		良	**	1:25.1	1.2	**	15-15	35.3-36.2	35.9	486(+6)			エストレヤデベレン		202608010611
2021100382	2023-12-24	5中山8	曇	5.0	2歳新馬		16	8.0	16	73.4	12.0	13	伊藤工真	55.0	ダ1200		良	**	1:15.5	2.4	**	10-12	34.4-38.7	39.2	464(0)			パドマ		202306050805
2021100382	2024-03-23	3中山1	曇	1.0	3歳未勝利		16	5.0	9	215.6	12.0	2	伊藤工真	55.0	ダ1200		良	**	1:13.0	0.3	**	6-6	34.5-38.2	37.7	466(+2)			チェルシー	220.0	202406030101
2021100382	2024-04-20	2東京1	晴	1.0	3歳未勝利		16	5.0	10	13.7	5.0	7	伊藤工真	55.0	ダ1600		良	**	1:40.5	1.3	**	9-8	35.8-38.2	38.4	462(-4)			フイノマジワリ		202405020101
2021100382	2024-05-11	2東京7	晴	1.0	3歳未勝利		16	3.0	5	59.8	9.0	7	オシェア	55.0	ダ1600		良	**	1:39.4	0.9	**	1-1	36.0-36.6	37.5	472(+10)			エーリアル		202405020701
2021100382	2024-07-28	2新潟2	曇	5.0	3歳未勝利		15	3.0	5	8.8	4.0	6	永島まな	53.0	ダ1200		良	**	1:13.0	1.0	**	10-10	34.3-37.7	37.6	462(-10)			ビーコング		202404020205
2021100382	2024-09-05	園田	晴	4.0	オミナエシ7ハロンC(C2)		12	2.0	2	1.7	1.0	2	小牧太	54.0	ダ1400		良	**	1:32.3	0.5	**	7-7-3-2		39.9	469(+7)			サリータ	24.5	202450090504
2021100382	2024-09-26	園田	晴	12.0	C2		11	8.0	11	2.1	1.0	1	小牧太	54.0	ダ1230		良	**	1:20.8	-0.2	**	2-2-2-1		38.8	461(-8)			(モズマサニャン)	80.0	202450092612
2021100382	2024-10-18	園田	曇	12.0	ローズマリー賞C2		12	4.0	4	3.0	1.0	1	小牧太	55.0	ダ1230		良	**	1:20.2	-0.3	**	8-6-3-2		39.8	470(+9)			(モズマサニャン)	80.0	202450101812
2021100382	2024-12-15	5中山6	晴	8.0	3歳以上1勝クラス		16	4.0	7	27.8	9.0	3	丹内祐次	55.0	ダ1200		良	**	1:12.5	0.4	**	10-11	34.3-37.8	37.2	452(-18)			イルザ	200.0	202406050608
2021100382	2025-01-12	1中山4	曇	6.0	4歳以上1勝クラス		16	1.0	2	12.3	6.0	1	丹内祐次	56.0	ダ1200		良	**	1:11.9	-0.1	**	4-3	34.0-37.9	37.5	460(+8)			(マイレーヌ)	800.0	202506010406
2021100382	2025-02-09	1京都4	晴	12.0	4歳以上2勝クラス		16	7.0	13	44.6	10.0	11	丹内祐次	56.0	ダ1200		稍	**	1:13.7	1.1	**	12-13	34.8-37.8	37.3	456(-4)			ネグレスコ		202508010412
2021100382	2025-05-25	1新潟8	小雨	10.0	火打山特別(2勝クラス)		15	1.0	1	54.7	11.0	14	横山琉人	56.0	ダ1200		稍	**	1:13.1	2.6	**	15-15	33.9-36.6	37.3	464(+8)			サフランヒーロー		202504010810
2021100382	2025-08-09	2新潟5	晴	10.0	3歳以上2勝クラス		15	3.0	4	152.9	13.0	13	菊沢一樹	56.0	ダ1200		良	**	1:12.8	2.4	**	11-11	34.3-36.1	36.9	460(-4)			ドラゴンウェルズ		202504020510
2021100382	2025-11-22	3福島5	晴	10.0	福島放送賞(2勝クラス)		16	5.0	9	164.1	13.0	8	菊沢一樹	56.0	ダ1150		良	**	1:09.8	1.1	**	12-12	31.4-37.3	37.1	462(+2)			ルージュアズライト		202503030510
2021100382	2025-12-13	5中山3	曇	12.0	3歳以上2勝クラス		13	5.0	7	125.3	10.0	3	伊藤工真	56.0	ダ1200		良	**	1:11.9	0.7	**	9-10	34.3-36.9	36.9	474(+12)			シュヴァルボヌール	290.0	202506050312
2021100382	2026-01-04	1中山1	晴	12.0	4歳以上2勝クラス		16	3.0	5	54.8	10.0	5	伊藤工真	56.0	ダ1200		稍	**	1:11.6	0.6	**	4-4	34.7-36.3	36.5	478(+4)			スリーピース	119.0	202606010112
2021100382	2026-01-17	1中山6	晴	8.0	4歳以上2勝クラス		16	5.0	9	81.0	9.0	12	伊藤工真	56.0	ダ1200		良	**	1:12.8	1.0	**	13-12	33.8-38.0	37.3	478(0)			ゴールドハンマー		202606010608
2021100899	2023-07-02	2福島2	晴	6.0	2歳新馬		10	8.0	10	1.4	1.0	1	幸英明	55.0	芝1200		良	**	1:10.2	-1.0	**	2-2	35.3-34.9	34.9	516(0)			(メイザーキック)	720.0	202303020206
2021100899	2023-09-03	3小倉8	晴	11.0	小倉2歳S(GIII)		10	7.0	7	3.5	1.0	4	幸英明	55.0	芝1200		良	**	1:08.9	0.3	**	4-3	33.3-35.3	35.1	518(+2)			アスクワンタイム	470.0	202310030811
2021100899	2023-09-23	4中山6	曇	9.0	カンナS(OP)		10	7.0	8	2.7	1.0	3	幸英明	55.0	芝1200		稍	**	1:09.2	0.3	**	3-2	33.3-35.6	35.6	520(+2)			オーキッドロマンス	403.1	202306040609
2021100899	2023-12-16	4中京5	曇	10.0	報知杯中京2歳S(OP)		9	8.0	9	3.7	3.0	2	吉田隼人	56.0	芝1200		稍	**	1:08.7	0.1	**	4-4	33.8-34.8	34.6	522(+2)			クリスアーサー	645.8	202307040510
2021100899	2024-01-20	1小倉3	雨	9.0	萌黄賞(1勝クラス)		7	1.0	1	1.8	1.0	1	吉田隼人	57.0	芝1200		稍	**	1:09.9	-0.1	**	3-2	33.8-36.1	35.9	522(0)			(ロードマイライフ)	1085.4	202410010309
2021100899	2024-02-25	1阪神2	小雨	10.0	マーガレットS(L)		11	2.0	2	4.2	1.0	8	ムルザバ	57.0	芝1200		重	**	1:11.0	1.6	**	5-6	34.1-35.3	36.3	524(+2)			ナナオ		202409010210
2021100899	2024-07-21	3小倉8	曇	10.0	九州スポーツ杯(2勝クラス)		18	3.0	6	10.0	6.0	9	幸英明	55.0	芝1200		良	**	1:09.2	0.9	**	7-6	33.3-35.0	35.1	522(-2)			ミルテンベルク		202410030810
2021100899	2025-04-13	1福島2	小雨	9.0	花見山特別(2勝クラス)		10	4.0	4	4.8	3.0	5	丸山元気	58.0	芝1200		良	**	1:08.5	0.3	**	3-3	32.6-35.6	35.6	532(+10)			エイムインライフ	155.0	202503010209
2021100899	2025-04-26	1福島5	晴	11.0	福島中央テレビ杯(2勝クラス)		15	3.0	6	6.7	3.0	15	丸山元気	55.0	芝1200		良	**	1:10.0	1.7	**	2-2	34.1-34.2	35.8	528(-4)			トールキン		202503010511
2021100899	2025-06-15	1函館2	曇	11.0	函館日刊スポーツ杯(2勝クラス)		14	7.0	11	29.6	9.0	9	小沢大仁	58.0	芝1200		良	**	1:08.3	0.8	**	2-3	33.2-34.3	34.9	532(+4)			ドゥアムール		202502010211
2021100899	2025-07-19	2福島7	晴	10.0	米沢特別(2勝クラス)		16	3.0	6	12.2	5.0	3	田辺裕信	58.0	ダ1150		良	**	1:09.0	0.1	**	1-1	32.1-36.8	36.9	530(-2)			ワークソング	394.8	202503020710
2021100899	2025-08-09	2新潟5	晴	10.0	3歳以上2勝クラス		15	8.0	15	12.1	5.0	2	三浦皇成	58.0	ダ1200		良	**	1:11.1	0.7	**	2-2	34.3-36.1	36.6	534(+4)			ドラゴンウェルズ	460.0	202504020510
2021100899	2025-09-07	4中山2	晴	9.0	浦安特別(2勝クラス)		16	7.0	14	3.0	1.0	2	ルメール	58.0	ダ1200		良	**	1:11.1	0.0	**	4-4	33.8-37.3	36.6	534(0)			モンドプリューム	630.0	202506040209
2021100899	2025-09-27	4中山8	晴	12.0	3歳以上2勝クラス		16	8.0	15	2.9	1.0	2	ルメール	58.0	ダ1200		良	**	1:11.5	0.1	**	2-2	34.4-37.0	37.1	536(+2)			ワンダラー	375.0	202506040812
2021100899	2025-11-15	4京都3	晴	9.0	深草特別(2勝クラス)		15	6.0	11	1.9	1.0	2	Ｃ．デム	58.0	ダ1200		良	**	1:11.0	0.0	**	3-2	34.6-36.4	35.9	536(0)			ジェネラーレ	629.6	202508040309
2021100899	2025-12-06	5中京1	晴	10.0	中京日経賞(2勝クラス)		13	8.0	13	5.4	2.0	3	丸山元気	58.0	ダ1200		良	**	1:11.5	0.6	**	3-3	34.8-36.1	36.6	538(+2)			ゼットエール	395.2	202507050110
2021100899	2026-01-17	1中山6	晴	8.0	4歳以上2勝クラス		16	2.0	4	4.3	2.0	8	戸崎圭太	58.0	ダ1200		良	**	1:12.6	0.8	**	1-1	33.8-38.0	38.8	536(-2)			ゴールドハンマー		202606010608
2021100980	2023-11-05	3福島2	曇	6.0	2歳新馬		15	2.0	2	3.6	1.0	1	横山琉人	54.0	ダ1700		良	**	1:47.4	-2.9	**	1-1-1-1	31.3-36.8	36.8	438(0)			(デルマヴェーダ)	720.0	202303030206
2021100980	2023-11-25	5東京7	晴	9.0	カトレアS(OP)		16	5.0	10	10.5	5.0	13	石川裕紀	55.0	ダ1600		良	**	1:38.8	1.3	**	10-9	35.1-37.4	37.8	442(+4)			アマンテビアンコ		202305050709
2021100980	2024-04-07	3中山6	晴	6.0	3歳1勝クラス		16	8.0	16	12.1	5.0	3	横山琉人	54.0	ダ1800		重	**	1:52.1	0.3	**	2-2-2-1	36.5-38.5	38.8	426(-16)			カシマエスパーダ	200.0	202406030606
2021100980	2024-04-27	1新潟1	晴	9.0	わらび賞(1勝クラス)		14	3.0	4	2.8	1.0	2	横山琉人	55.0	ダ1800		良	**	1:54.6	1.1	**	1-1-1-1	36.7-37.5	38.6	428(+2)			コトホドサヨウニ	439.4	202404010109
2021100980	2024-05-25	2東京11	晴	6.0	3歳1勝クラス		13	6.0	8	3.3	1.0	8	横山琉人	54.0	ダ1600		良	**	1:37.9	1.3	**	4-4	34.8-36.8	37.7	434(+6)			トウカイポワール		202405021106
2021100980	2025-04-12	1福島1	曇	7.0	4歳以上1勝クラス		14	3.0	4	2.9	1.0	10	横山琉人	55.0	ダ1700		良	**	1:48.9	1.9	**	2-2-2-2	30.2-39.2	41.0	444(+10)			ファイントパーズ		202503010107
2021100980	2025-04-26	1福島5	晴	12.0	4歳以上1勝クラス		13	4.0	4	7.8	4.0	4	横山琉人	55.0	ダ1700		良	**	1:47.9	0.8	**	2-2-2-2	30.8-38.2	39.0	444(0)			マッスルバック	120.0	202503010512
2021100980	2025-06-28	2福島1	晴	12.0	3歳以上1勝クラス		15	6.0	11	11.3	5.0	1	横山琉人	55.0	ダ1700		良	**	1:44.7	-1.1	**	1-2-1-1	29.7-37.2	37.2	458(+14)			(ヘリオトロープ)	800.0	202503020112
2021100980	2025-11-09	3福島2	小雨	10.0	河北新報杯(2勝クラス)		15	1.0	1	3.3	1.0	14	横山琉人	56.0	ダ1700		良	**	1:47.9	2.4	**	13-12-11-13	30.1-37.8	39.1	464(+6)			アレナパラシオ		202503030210
2021100980	2026-01-05	1中山2	晴	9.0	初茜賞(2勝クラス)		12	3.0	3	15.9	6.0	1	横山琉人	56.0	ダ1800		稍	**	1:52.7	-0.6	**	1-1-1-1	37.1-38.7	38.7	464(0)			(サノノワンダー)	1610.1	202606010209
2021100980	2026-01-17	1中山6	晴	10.0	アレキサンドライトS(3勝クラス)		16	1.0	2	5.6	3.0	16	横山琉人	54.0	ダ1800		良	**	1:54.8	2.6	**	1-1-1-1	37.4-37.5	40.1	466(+2)			チュウワクリスエス		202606010610
2021101397	2024-07-07	3小倉4	晴	2.0	3歳未勝利		18	7.0	15	42.1	8.0	12	西塚洸二	54.0	芝2000		良	**	2:02.2	1.4	**	2-2-2-2	34.5-36.8	38.0	490(0)			スナークサファイア		202410030402
2021101397	2024-08-17	2中京3	晴	2.0	3歳未勝利		16	3.0	5	4.7	2.0	6	吉村誠之	52.0	ダ1800		良	**	1:56.8	1.9	**	4-3-6-7	37.0-39.7	41.0	488(-2)			ゼットレジーナ		202407020302
2021101397	2024-10-06	盛岡	曇	3.0	C2十一組		10	7.0	7	1.4	1.0	1	陶文峰	54.0	ダ1200		良	**	1:12.3	-1.0	**	2-1		36.9	492(+4)			(インジケーター)	40.0	202435100603
2021101397	2024-10-21	盛岡	晴	6.0	C2五組		12	5.0	5	1.2	1.0	1	阿部英俊	54.0	ダ1200		稍	**	1:13.6	-0.2	**	1-1		36.8	487(-5)			(フィローシャ)	40.0	202435102106
2021101397	2025-02-10	1京都3	晴	7.0	4歳以上1勝クラス		15	4.0	7	16.3	6.0	4	吉村誠之	54.0	ダ1400		良	**	1:26.1	0.2	**	7-6	35.5-38.2	37.7	476(-11)			ルミッキ	120.0	202508010307
2021101397	2025-03-02	1阪神2	小雨	7.0	4歳以上1勝クラス		16	1.0	2	5.3	2.0	1	西村淳也	56.0	ダ1400		良	**	1:26.1	-0.3	**	2-2	35.4-38.0	37.7	470(-6)			(カネトシフラム)	800.0	202509010207
2021101397	2025-03-16	1阪神6	雨	12.0	4歳以上2勝クラス		12	5.0	5	4.3	2.0	2	坂井瑠星	56.0	ダ1400		重	**	1:24.2	0.1	**	2-2	34.2-37.9	37.9	472(+2)			ランスオブサターン	460.0	202509010612
2021101397	2025-07-26	3中京1	晴	6.0	四日市特別(2勝クラス)		16	7.0	14	3.6	1.0	5	坂井瑠星	56.0	ダ1400		良	**	1:24.2	0.8	**	3-3	34.0-37.5	37.7	472(0)			ワイワイレジェンド	155.0	202507030106
2021101397	2025-08-17	3中京8	晴	6.0	大垣特別(2勝クラス)		16	7.0	14	7.8	5.0	2	高杉吏麒	56.0	ダ1400		良	**	1:24.2	0.0	**	1-1	35.4-36.5	36.5	472(0)			タイセイレスポンス	629.8	202507030806
2021101397	2025-10-18	3京都6	曇	9.0	3歳以上2勝クラス		12	7.0	10	2.6	1.0	1	高杉吏麒	56.0	ダ1400		稍	**	1:23.1	-0.4	**	2-1	34.8-36.2	36.2	476(+4)			(ワイノナオミ)	1140.0	202508030609
2021101397	2025-11-23	4京都6	晴	10.0	LトレーナーC(3勝クラス)		16	6.0	11	5.0	2.0	3	高杉吏麒	56.0	ダ1400		良	**	1:23.8	0.1	**	2-1	34.9-36.6	36.6	476(0)			フェルヴェンテ	465.0	202508040610
2021101397	2026-01-17	1京都6	晴	11.0	羅生門S(3勝クラス)		16	7.0	13	4.3	2.0	6	高杉吏麒	56.0	ダ1400		良	**	1:25.0	1.1	**	1-2	35.3-36.2	37.3	480(+4)			エストレヤデベレン		202608010611
2021101399	2023-06-17	3東京5	晴	5.0	2歳新馬		16	5.0	9	12.2	5.0	3	Ｍ．デム	55.0	芝1400		良	**	1:23.2	0.4	**	13-10	36.2-34.2	33.8	490(0)			ノヴァエクスプレス	180.0	202305030505
2021101399	2023-07-08	2福島3	曇	2.0	2歳未勝利		7	5.0	5	2.0	1.0	1	Ｍ．デム	55.0	芝1800		良	**	1:50.7	-0.8	**	6-5-4-2	36.6-37.2	36.7	488(-2)			(ミルタンドレス)	550.0	202303020302
2021101399	2023-08-27	3新潟6	晴	11.0	新潟2歳S(GIII)		12	2.0	2	14.6	6.0	6	Ｍ．デム	55.0	芝1600		良	**	1:34.6	0.8	**	8-8	35.4-34.0	33.7	490(+2)			アスコリピチェーノ		202304030611
2021101399	2023-11-11	5東京3	曇	9.0	オキザリス賞(1勝クラス)		16	8.0	16	20.1	6.0	7	横山武史	56.0	ダ1400		良	**	1:26.0	0.9	**	12-12	34.7-38.1	37.6	492(+2)			ノヴァエクスプレス		202305050309
2021101399	2024-02-11	2小倉2	晴	9.0	あすなろ賞(1勝クラス)		10	2.0	2	20.1	7.0	4	菱田裕二	57.0	芝2000		良	**	2:02.3	0.1	**	6-5-4-4	37.0-34.8	34.6	496(+4)			サトノシュトラーセ	160.0	202410020209
2021101399	2024-04-06	1福島1	曇	9.0	ひめさゆり賞(1勝クラス)		13	5.0	7	7.3	3.0	8	菱田裕二	57.0	芝2000		良	**	2:00.6	0.5	**	3-3-4-4	34.4-35.5	35.6	496(0)			キープカルム		202403010109
2021101399	2024-04-21	3京都2	小雨	6.0	3歳1勝クラス		12	5.0	5	20.9	6.0	6	Ｍ．デム	57.0	ダ1400		良	**	1:25.6	1.0	**	8-6	34.9-37.4	37.5	496(0)			アスクアイルビゼア		202408030206
2021101399	2024-06-30	3小倉2	曇	12.0	3歳以上1勝クラス		16	2.0	4	23.8	7.0	2	国分恭介	55.0	ダ1700		重	**	1:44.0	0.3	**	1-1-1-1	30.1-36.6	36.9	496(0)			カズペトシーン	320.0	202410030212
2021101399	2024-07-20	3小倉7	曇	8.0	3歳以上1勝クラス		15	2.0	2	3.8	2.0	7	国分恭介	55.0	ダ1700		重	**	1:45.5	1.3	**	13-13-7-5	29.5-37.5	38.2	492(-4)			メイショウフウドウ		202410030708
2021101399	2024-10-20	4新潟6	晴	9.0	十日町特別(1勝クラス)		18	4.0	7	10.0	5.0	1	国分恭介	56.0	芝1400		良	**	1:22.4	-0.1	**	4-4	34.6-35.8	35.5	500(+8)			(アイファーバトル)	1154.8	202404040609
2021101399	2024-11-10	3福島4	晴	10.0	福島放送賞(2勝クラス)		15	8.0	15	16.2	9.0	11	国分恭介	56.0	ダ1700		良	**	1:47.5	1.6	**	10-10-8-10	29.7-38.8	39.8	498(-2)			スズノテレサ		202403030410
2021101399	2024-12-01	7京都2	晴	12.0	3歳以上2勝クラス		12	8.0	11	5.4	4.0	9	高杉吏麒	55.0	芝1400		良	**	1:22.0	1.1	**	4-7	36.1-33.9	34.3	504(+6)			ウルトラソニック		202408070212
2021101399	2025-02-09	1小倉6	晴	10.0	由布院特別(2勝クラス)		16	3.0	6	38.5	10.0	15	国分恭介	57.0	ダ1700		稍	**	1:47.7	2.7	**	4-3-7-7	29.5-37.6	39.9	510(+6)			レシプロシティ		202510010610
2021101399	2025-03-30	3中山2	晴	12.0	4歳以上2勝クラス		13	4.0	5	5.6	2.0	3	北村宏司	58.0	芝1200		良	**	1:09.1	0.4	**	4-3	33.9-34.8	34.5	506(-4)			パクスロマーナ	290.0	202506030212
2021101399	2025-04-13	1福島2	小雨	9.0	花見山特別(2勝クラス)		10	3.0	3	5.5	4.0	2	佐々木大	58.0	芝1200		良	**	1:08.2	0.0	**	7-5	32.6-35.6	34.5	508(+2)			エイムインライフ	627.0	202503010209
2021101399	2025-06-29	2福島2	晴	9.0	郡山特別(2勝クラス)		11	3.0	3	5.3	3.0	2	戸崎圭太	58.0	芝1200		良	**	1:08.2	0.1	**	5-5	33.2-34.9	34.4	504(-4)			マックアルイーン	626.8	202503020209
2021101399	2025-07-20	1函館12	晴	9.0	潮騒特別(2勝クラス)		13	8.0	13	6.1	3.0	4	キング	58.0	芝1200		良	**	1:08.3	0.4	**	8-8	33.7-34.2	33.9	500(-4)			モズナナスター	230.0	202502011209
2021101399	2025-08-03	1札幌4	晴	10.0	苫小牧特別(2勝クラス)		13	6.0	9	4.6	2.0	6	佐々木大	58.0	芝1200		良	**	1:08.7	0.3	**	5-5	33.5-34.9	34.6	506(+6)			エヴァンスウィート		202501010410
2021101399	2025-11-08	3福島1	晴	10.0	飯坂温泉特別(2勝クラス)		16	3.0	6	4.3	1.0	2	国分恭介	58.0	芝1200		良	**	1:08.2	0.1	**	3-3	32.6-35.5	35.0	510(+4)			イツモニコニコ	632.4	202503030110
2021101399	2025-12-06	5中山1	晴	12.0	3歳以上2勝クラス		13	2.0	3	4.2	2.0	2	マーカン	58.0	芝1200		良	**	1:07.6	0.1	**	8-8	33.9-33.6	33.0	512(+2)			アンドアイラヴハー	460.0	202506050112
2021101399	2025-12-27	5中山7	曇	9.0	ベストウィッシュC(2勝クラス)		16	5.0	9	3.1	2.0	4	マーカン	58.0	芝1200		良	**	1:08.5	0.7	**	11-11	33.2-34.6	34.2	518(+6)			アンビバレント	230.0	202506050709
2021101399	2026-01-17	1中山6	晴	12.0	4歳以上2勝クラス		16	5.0	9	4.2	1.0	2	戸崎圭太	58.0	芝1200		良	**	1:08.1	0.1	**	9-8	34.3-33.7	33.3	512(-6)			カンシン	480.0	202606010612
2021101461	2023-11-26	3京都8	晴	4.0	2歳新馬		15	4.0	7	8.3	4.0	3	菅原明良	56.0	ダ1800		良	**	1:55.6	0.7	**	7-7-7-5	36.6-38.4	38.4	482(0)			マッシャーブルム	180.0	202308030804
2021101461	2023-12-16	5阪神5	曇	2.0	2歳未勝利		13	7.0	10	2.8	2.0	3	川田将雅	56.0	ダ1800		稍	**	1:56.5	1.1	**	5-5-4-4	37.4-38.6	39.2	488(+6)			ヴィアダクト	140.0	202309050502
2021101461	2024-01-07	1京都2	晴	1.0	3歳未勝利		16	5.0	9	6.4	4.0	1	川田将雅	57.0	ダ1800		良	**	1:55.3	0.0	**	1-2-2-2	36.0-40.1	40.0	484(-4)			(ベラジオラオウ)	550.0	202408010201
2021101461	2024-02-11	1東京6	晴	7.0	3歳1勝クラス		15	1.0	1	17.5	7.0	15	川田将雅	57.0	ダ1600		稍	**	1:40.9	3.4	**	5-4	34.8-37.7	40.7	476(-8)			ラタフォレスト		202405010607
2021101461	2024-04-20	3京都1	曇	5.0	3歳1勝クラス		10	7.0	8	39.6	8.0	10	角田大河	56.0	ダ1800		良	**	1:55.5	1.9	**	3-3-2-2	37.1-37.2	38.9	482(+6)			ジーサイクロン		202408030105
2021101461	2024-05-12	3京都8	曇	5.0	3歳1勝クラス		16	1.0	2	88.5	15.0	4	小沢大仁	56.0	ダ1800		良	**	1:54.1	1.8	**	9-8-13-9	37.2-37.1	37.8	482(0)			クーアフュルスト	120.0	202408030805
2021101461	2024-06-02	4京都2	曇	8.0	3歳以上1勝クラス		11	3.0	3	48.0	7.0	10	小沢大仁	54.0	ダ1800		稍	**	1:54.5	2.7	**	4-3-3-3	35.5-38.7	41.1	486(+4)			ポッドロゴ		202408040208
2021101461	2024-08-24	2中京5	晴	8.0	3歳以上1勝クラス		13	3.0	3	12.1	6.0	9	岩田望来	55.0	ダ1800		良	**	1:55.6	1.9	**	8-6-11-10	38.0-36.9	38.0	486(0)			スリリングチェイス		202407020508
2021101461	2024-09-16	3中京5	曇	7.0	3歳以上1勝クラス		11	6.0	7	21.3	8.0	6	岩田望来	55.0	ダ1800		稍	**	1:53.2	1.6	**	8-8-8-8	37.2-36.8	37.6	486(0)			モンブランミノル		202407030507
2021101461	2024-09-28	3中京8	曇	12.0	3歳以上1勝クラス		11	7.0	9	16.7	6.0	5	岩田康誠	56.0	ダ1400		良	**	1:24.7	0.6	**	9-9	34.9-37.2	36.3	486(0)			シンエン	80.0	202407030812
2021101461	2024-10-12	5京都3	晴	7.0	3歳以上1勝クラス		16	6.0	11	32.1	8.0	8	岩田康誠	56.0	ダ1400		良	**	1:25.1	1.2	**	12-11	34.5-37.3	37.1	488(+2)			タガノミスト		202408050307
2021101461	2024-12-07	4中京3	曇	8.0	3歳以上1勝クラス		15	3.0	4	9.5	4.0	1	岩田康誠	57.0	ダ1200		良	**	1:12.1	-0.1	**	9-9	35.4-36.7	35.9	492(+4)			(ヨドノゴールド)	800.0	202407040308
2021101461	2025-01-05	1中京1	晴	8.0	4歳以上2勝クラス		16	3.0	5	23.5	10.0	10	岩田望来	58.0	ダ1200		良	**	1:12.8	0.9	**	10-8	34.1-37.8	37.3	490(-2)			ナッカーフェイス		202507010108
2021101461	2025-02-09	1京都4	晴	12.0	4歳以上2勝クラス		16	2.0	3	75.0	12.0	15	岩田康誠	58.0	ダ1200		稍	**	1:15.0	2.4	**	7-7	34.8-37.8	39.2	492(+2)			ネグレスコ		202508010412
2021101461	2025-05-03	2京都3	晴	12.0	4歳以上2勝クラス		16	3.0	5	262.7	15.0	14	角田大和	58.0	ダ1200		稍	**	1:12.6	1.7	**	10-10	35.0-35.9	36.8	490(-2)			アガシ		202508020312
2021101461	2025-05-22	大井	曇	11.0	’25メトロポリタン(A2B1)		15	6.0	10	44.3	9.0	14	笹川翼	57.0	ダ1200		良	**	1:14.6	1.9	**	10-9	34.1-38.6	39.5	493(+3)			モデルハント		202544052211
2021101461	2025-09-21	4阪神7	曇	9.0	北摂特別(2勝クラス)		10	1.0	1	125.7	10.0	10	田口貫太	58.0	芝1200		良	**	1:09.3	1.1	**	10-10	34.2-34.0	33.6	498(+5)			アスティスプマンテ		202509040709
2021101461	2025-09-27	4阪神8	晴	8.0	3歳以上2勝クラス		13	7.0	11	328.3	13.0	13	岩田康誠	58.0	芝1600		良	**	1:34.6	1.2	**	3-3	35.9-33.7	34.6	494(-4)			スライビングロード		202509040808
2021101461	2025-10-12	3京都4	小雨	9.0	円山特別(2勝クラス)		14	1.0	1	157.2	13.0	12	岩田康誠	58.0	ダ1200		良	**	1:12.1	2.0	**	11-11	34.3-35.8	36.2	494(0)			アメリカンビキニ		202508030409
2021101461	2025-12-20	5中京5	小雨	10.0	ヤングJSFR中京2(2勝クラス)		16	5.0	10	79.4	13.0	6	佐野遥久	58.0	ダ1400		稍	**	1:25.8	0.5	**	2-2	35.6-37.7	38.2	498(+4)			トルーマンテソーロ		202507050510
2021101461	2026-01-17	1中山6	晴	8.0	4歳以上2勝クラス		16	4.0	7	225.9	14.0	5	木幡巧也	58.0	ダ1200		良	**	1:12.4	0.6	**	6-6	33.8-38.0	37.9	490(-8)			ゴールドハンマー	119.0	202606010608
2021101701	2023-07-30	1札幌4	曇	5.0	2歳新馬		12	3.0	3	9.7	5.0	12	松山弘平	55.0	芝1800		良	**	1:53.7	2.1	**	4-5-5-4	37.9-34.5	36.2	448(0)			パワーホール		202301010405
2021101701	2023-08-19	2札幌3	晴	1.0	2歳未勝利		12	4.0	4	81.1	8.0	11	鮫島克駿	55.0	芝1800		良	**	1:52.2	3.7	**	8-7-9-9	36.3-35.6	37.9	450(+2)			セットアップ		202301020301
2021101701	2024-02-17	1東京7	曇	5.0	3歳未勝利		18	5.0	9	57.7	10.0	3	菱田裕二	57.0	芝2400		良	**	2:28.0	0.2	**	3-3-2-2	36.5-34.6	34.7	450(0)			リアルファインド	140.0	202405010705
2021101701	2024-04-14	3中山8	晴	4.0	3歳未勝利		17	6.0	11	2.9	1.0	1	モレイラ	57.0	芝2200		良	**	2:13.8	-0.1	**	6-6-7-4	36.3-35.8	35.2	446(-4)			(ブラックバラード)	550.0	202406030804
2021101701	2024-07-13	1函館11	晴	7.0	3歳以上1勝クラス		12	7.0	10	15.8	7.0	3	佐々木大	55.0	芝2600		良	**	2:43.3	0.8	**	7-7-6-7	38.4-36.4	36.5	456(+10)			ゴージョニーゴー	200.0	202402011107
2021101701	2024-08-10	2札幌1	晴	8.0	3歳以上1勝クラス		11	4.0	4	2.8	1.0	4	佐々木大	55.0	芝2600		良	**	2:42.0	0.6	**	3-4-2-3	36.5-36.9	37.2	458(+2)			ウインネモフィラ	120.0	202401020108
2021101701	2024-09-29	4中山9	曇	7.0	3歳以上1勝クラス		17	8.0	16	6.0	3.0	7	モレイラ	55.0	芝2200		良	**	2:14.6	1.2	**	16-16-13-9	37.1-34.6	34.9	450(-8)			コンフェルマ		202406040907
2021101701	2025-03-15	2中京1	曇	8.0	4歳以上1勝クラス		18	6.0	12	26.1	7.0	12	佐々木大	57.0	芝2200		良	**	2:16.3	1.2	**	9-10-11-10	36.3-35.2	35.6	438(-12)			ファミリータイム		202507020108
2021101701	2025-08-17	2新潟8	晴	11.0	3歳以上1勝クラス		11	3.0	3	43.4	9.0	10	大野拓弥	58.0	芝2400		良	**	2:28.2	2.8	**	9-9-10-10	35.3-36.2	37.4	454(+16)			オビドス		202504020811
2021101701	2025-08-31	3新潟4	晴	9.0	瓢湖特別(1勝クラス)		11	6.0	8	182.2	10.0	4	大野拓弥	58.0	芝2200		良	**	2:14.0	0.4	**	1-1-1-1	35.6-35.5	35.9	454(0)			トリプルコーク	170.0	202504030409
2021101701	2025-09-27	4中山8	晴	7.0	3歳以上1勝クラス		16	7.0	14	19.1	6.0	4	大野拓弥	58.0	芝2200		良	**	2:13.1	0.6	**	11-11-12-9	36.9-34.5	34.3	458(+4)			サンカシグレ	120.0	202506040807
2021101701	2025-11-22	3福島5	晴	9.0	高湯温泉特別(1勝クラス)		16	7.0	14	25.2	7.0	6	荻野極	58.0	芝1800		良	**	1:48.7	0.2	**	10-9-7-8	36.4-34.7	34.3	456(-2)			バルナバ		202503030509
2021101701	2026-01-11	1中山4	晴	8.0	4歳以上1勝クラス		16	5.0	9	38.0	8.0	8	荻野極	58.0	芝1600		良	**	1:33.7	1.6	**	12-14-13	33.8-35.3	35.6	454(-2)			クライスレリアーナ		202606010408
2021101701	2026-01-17	1中山6	晴	7.0	4歳以上1勝クラス		12	6.0	7	12.3	6.0	1	荻野極	58.0	芝2200		良	**	2:12.0	-0.1	**	7-6-5-6	36.6-35.6	35.2	450(-4)			(サラスヴァティー)	820.0	202606010607
2021101793	2023-10-14	4新潟1	晴	5.0	2歳新馬		15	3.0	4	20.5	6.0	3	藤田菜七	53.0	ダ1200		良	**	1:14.8	1.4	**	2-2	35.9-37.5	38.8	428(0)			トニーテソーロ	180.0	202304040105
2021101793	2023-11-11	3福島3	曇	1.0	2歳未勝利		16	4.0	7	29.1	6.0	7	藤田菜七	53.0	ダ1150		稍	**	1:11.3	2.1	**	11-11	32.2-37.0	38.2	434(+6)			パルプフィクション		202303030301
2021101793	2024-01-21	1小倉4	曇	7.0	3歳未勝利		18	8.0	17	83.4	13.0	6	丸山元気	55.0	芝1200		重	**	1:11.5	0.6	**	1-1	35.1-35.8	36.4	436(+2)			ビアフォーナウ		202410010407
2021101793	2024-02-03	1小倉7	曇	3.0	3歳未勝利		14	5.0	7	16.1	4.0	5	丸山元気	55.0	ダ1000		良	**	1:00.4	1.5	**	10-9	34.5-36.1	36.6	444(+8)			ジェネラーレ	55.0	202410010703
2021101793	2024-03-02	2中山3	晴	1.0	3歳未勝利		16	2.0	3	51.1	8.0	2	長浜鴻緒	52.0	ダ1200		重	**	1:12.6	0.2	**	4-4	34.0-38.4	38.3	442(-2)			ペイシャニット	220.0	202406020301
2021101793	2024-03-16	2中山7	晴	1.0	3歳未勝利		16	3.0	5	12.7	4.0	3	長浜鴻緒	52.0	ダ1200		稍	**	1:12.9	1.3	**	7-7	33.6-38.0	38.1	440(-2)			ホークレア	140.0	202406020701
2021101793	2024-04-07	3中山6	曇	1.0	3歳未勝利		16	5.0	9	2.2	1.0	1	長浜鴻緒	52.0	ダ1200		重	**	1:10.9	-0.4	**	2-2	33.9-37.0	36.9	442(+2)			(クミンフレイバー)	550.0	202406030601
2021101793	2024-06-09	1函館2	小雨	7.0	3歳以上1勝クラス		10	8.0	10	4.5	4.0	3	長浜鴻緒	50.0	ダ1000		良	**	0:59.6	0.8	**	5-4	35.2-35.5	36.0	454(+12)			レアグリフォン	200.0	202402010207
2021101793	2024-06-22	1函館5	曇	8.0	3歳以上1勝クラス		12	5.0	5	11.5	6.0	中	長浜鴻緒	50.0	ダ1000		良	**			**		34.6-36.0		450(-4)			サザンカ		202402010508
2021101793	2024-07-13	1函館11	晴	12.0	3歳以上1勝クラス		13	1.0	1	5.1	2.0	7	長浜鴻緒	50.0	芝1200		良	**	1:10.5	0.4	**	5-9	34.6-35.5	35.3	450(0)			ハートホイップ		202402011112
2021101793	2024-07-28	1札幌4	曇	8.0	3歳以上1勝クラス		14	1.0	1	6.9	3.0	13	長浜鴻緒	50.0	芝1200		稍	**	1:10.7	1.1	**	1-2	34.2-35.4	36.5	442(-8)			ロードトレイル		202401010408
2021101793	2024-08-10	2札幌1	晴	12.0	3歳以上1勝クラス		16	3.0	5	61.4	12.0	7	長浜鴻緒	51.0	芝1200		良	**	1:09.1	0.5	**	10-12	32.8-35.8	35.0	452(+10)			ジョーメッドヴィン		202401020112
2021101793	2024-09-01	2札幌8	晴	6.0	3歳以上1勝クラス		16	4.0	7	8.5	4.0	5	長浜鴻緒	51.0	芝1200		稍	**	1:10.4	0.5	**	14-12	34.0-35.9	35.3	450(-2)			レザンノワール	80.0	202401020806
2021101793	2024-11-16	3福島5	晴	8.0	3歳以上1勝クラス		15	1.0	1	26.5	8.0	14	長浜鴻緒	52.0	芝1200		良	**	1:10.7	1.1	**	3-2	34.6-35.0	35.7	438(-12)			ファイツオン		202403030508
2021101793	2024-12-15	4中京6	晴	2.0	3歳以上1勝クラス		16	7.0	14	23.3	7.0	5	丸山元気	55.0	ダ1200		良	**	1:12.9	1.4	**	5-5	34.6-36.9	37.6	456(+18)			メイショウキルギス	80.0	202407040602
2021101793	2025-01-06	1中山2	曇	4.0	4歳以上1勝クラス		16	7.0	13	12.6	8.0	10	丸山元気	56.0	ダ1200		良	**	1:12.8	0.6	**	10-12	33.8-38.4	38.0	466(+10)			ホウオウフロイト		202506010204
2021101793	2025-03-22	2中山7	晴	6.0	4歳以上1勝クラス		16	2.0	3	38.1	11.0	13	長浜鴻緒	53.0	ダ1200		稍	**	1:13.3	1.2	**	11-11	34.7-37.4	37.8	464(-2)			オセアエクスプレス		202506020706
2021101793	2025-05-10	1新潟3	曇	12.0	4歳以上1勝クラス		14	8.0	13	40.1	10.0	11	長浜鴻緒	54.0	ダ1200		稍	**	1:13.0	2.1	**	11-11	34.1-36.8	37.8	460(-4)			モリノレッドスター		202504010312
2021101793	2025-07-19	2福島7	晴	12.0	3歳以上1勝クラス		11	5.0	5	132.3	9.0	2	野中悠太	56.0	ダ1150		良	**	1:09.8	0.0	**	6-6	32.7-37.1	36.4	460(0)			グラスブランシュ	320.0	202503020712
2021101793	2025-08-03	2新潟4	晴	10.0	3歳以上1勝クラス		15	7.0	12	34.9	10.0	6	野中悠太	56.0	ダ1200		良	**	1:12.6	0.5	**	10-10	34.9-37.2	36.8	462(+2)			サマースイートピー		202504020410
2021101793	2025-09-20	4中山6	曇	3.0	3歳以上1勝クラス		16	4.0	8	27.3	8.0	4	野中悠太	56.0	ダ1200		重	**	1:11.9	0.4	**	8-9	33.2-38.3	37.7	464(+2)			ニシノクードクール	120.0	202506040603
2021101793	2025-11-08	3福島1	晴	4.0	3歳以上1勝クラス		16	4.0	7	14.5	6.0	11	野中悠太	56.0	ダ1150		良	**	1:09.9	1.4	**	15-14	31.3-37.2	36.6	464(0)			ハニーローリエ		202503030104
2021101793	2026-01-04	1中山1	晴	8.0	4歳以上1勝クラス		16	6.0	11	21.5	10.0	2	野中悠太	56.0	ダ1200		稍	**	1:12.1	0.0	**	9-9	33.8-38.3	37.4	476(+12)			ラヴァグロウ	330.0	202606010108
2021101793	2026-01-17	1中山6	晴	6.0	4歳以上1勝クラス		16	7.0	14	13.4	6.0	11	野中悠太	56.0	ダ1200		良	**	1:12.9	1.0	**	11-12	34.3-37.6	37.9	480(+4)			メッエフアパラ		202606010606
2021102083	2024-01-06	1京都1	晴	4.0	3歳新馬		16	6.0	12	11.0	5.0	2	幸英明	57.0	ダ1800		良	**	1:57.5	0.4	**	3-4-2-2	38.8-37.5	37.8	496(0)			テーオーパスワード	250.0	202408010104
2021102083	2024-01-21	1京都7	小雨	1.0	3歳未勝利		10	8.0	10	3.6	2.0	1	幸英明	57.0	ダ1900		不	**	1:59.6	-0.1	**	3-3-3-2	30.2-36.6	36.4	490(-6)			(カズヴィトシャ)	550.0	202408010701
2021102083	2024-03-17	1阪神8	雨	6.0	3歳1勝クラス		15	3.0	5	10.3	4.0	3	武豊	57.0	ダ1800		良	**	1:54.9	0.4	**	6-6-4-3	37.6-37.9	37.7	484(-6)			クロドラバール	200.0	202409010806
2021102083	2024-04-06	2阪神5	晴	5.0	3歳1勝クラス		12	8.0	12	14.6	5.0	8	幸英明	57.0	ダ1800		稍	**	1:54.7	2.9	**	3-3-3-3	37.2-36.4	39.1	484(0)			ムルソー		202409020505
2021102083	2024-12-08	4中京4	晴	9.0	大須特別(1勝クラス)		9	3.0	3	5.7	4.0	6	西塚洸二	57.0	ダ1800		良	**	1:55.2	1.6	**	1-2-4-4	37.1-38.5	39.8	496(+12)			キングオブフジ		202407040409
2021102083	2024-12-28	7京都9	晴	8.0	3歳以上1勝クラス		16	5.0	9	33.1	10.0	14	荻野極	57.0	ダ1800		良	**	1:56.8	3.0	**	8-8-12-15	36.9-38.7	40.7	498(+2)			ペンナヴェローチェ		202408070908
2021102083	2025-02-23	1京都8	曇	8.0	4歳以上1勝クラス		12	7.0	9	10.0	5.0	2	富田暁	57.0	ダ1800		良	**	1:54.3	0.2	**	2-2-2-1	37.5-38.1	38.2	498(0)			シャハザマーン	320.0	202508010808
2021102083	2025-03-16	1阪神6	雨	8.0	4歳以上1勝クラス		13	6.0	8	3.3	1.0	1	富田暁	58.0	ダ1800		重	**	1:54.9	0.0	**	3-3-2-2	37.2-40.1	39.9	492(-6)			(ワイドブリザード)	800.0	202509010608
2021102083	2025-04-27	2京都2	晴	12.0	4歳以上2勝クラス		12	5.0	5	12.8	6.0	1	武豊	58.0	ダ1800		良	**	1:52.0	0.0	**	1-1-2-2	37.0-37.2	37.1	492(0)			(ワイドブリザード)	1140.0	202508020212
2021102083	2025-05-17	2京都7	晴	10.0	上賀茂S(3勝クラス)		16	1.0	1	15.5	6.0	16	シュタル	58.0	ダ1800		不	**	1:53.6	5.2	**	3-3-10-16	35.6-36.0	39.7	486(-6)			グーデンドラーク		202508020710
2021102083	2025-09-15	4阪神5	晴	11.0	JRAアニバーサリー(3勝クラス)		14	8.0	13	16.9	6.0	9	和田竜二	56.0	ダ1800		良	**	1:54.0	2.4	**	4-4-4-6	36.7-38.5	39.6	500(+14)			バスタードサフラン		202509040511
2021102083	2025-10-11	3京都3	晴	11.0	御陵S(3勝クラス)		16	2.0	3	58.8	11.0	14	富田暁	55.0	ダ1900		良	**	2:00.4	2.8	**	2-2-5-12	30.0-37.7	39.8	492(-8)			タガノバビロン		202508030311
2021102083	2026-01-17	1京都6	晴	11.0	羅生門S(3勝クラス)		16	5.0	9	104.3	12.0	15	松若風馬	58.0	ダ1400		良	**	1:25.6	1.7	**	6-9	35.3-36.2	37.3	498(+6)			エストレヤデベレン		202608010611
2021102458	2023-07-29	2新潟1	晴	6.0	2歳新馬		12	5.0	5	70.0	10.0	7	佐藤翔馬	52.0	ダ1200		良	**	1:14.9	2.2	**	6-6	34.9-37.8	39.2	426(0)			ウエスタンシーズン		202304020106
2021102458	2023-08-12	3新潟1	曇	1.0	2歳未勝利		15	8.0	15	81.7	9.0	3	佐藤翔馬	52.0	ダ1200		良	**	1:13.5	1.4	**	8-6	35.2-36.9	37.7	432(+6)			レーザーショー	140.0	202304030101
2021102458	2023-09-10	4中山2	晴	1.0	2歳未勝利		16	8.0	16	14.5	6.0	1	佐藤翔馬	52.0	ダ1200		稍	**	1:12.2	-0.2	**	2-2	34.6-37.6	37.5	442(+10)			(カラフルメロディー)	550.0	202306040201
2021102458	2023-09-30	4阪神8	晴	9.0	ヤマボウシ賞(1勝クラス)		9	8.0	8	80.4	8.0	6	佐藤翔馬	55.0	ダ1400		良	**	1:27.4	1.6	**	2-2	34.9-38.6	40.1	440(-2)			サトノフェニックス		202309040809
2021102458	2023-11-01	門別	雨	11.0	エーデルワイス賞(JpnIII)		14	2.0	2	14.1	7.0	8	永島まな	54.0	ダ1200		重	**	1:14.2	1.1	**	5-6		38.9	446(+6)			モズミギカタアガリ		202330110111
2021102458	2024-02-11	2京都6	晴	4.0	3歳1勝クラス		9	6.0	6	153.0	9.0	9	木幡初也	55.0	ダ1400		良	**	1:27.3	2.6	**	5-6	35.1-37.4	39.5	434(-12)			フラムリンガム		202408020604
2021102458	2024-03-03	2中山4	晴	4.0	3歳1勝クラス		16	5.0	10	284.1	15.0	11	木幡初也	55.0	ダ1200		稍	**	1:13.0	1.5	**	7-6	34.0-37.5	38.5	436(+2)			ガビーズシスター		202406020404
2021102458	2024-03-24	3中山2	曇	6.0	3歳1勝クラス		15	7.0	12	167.4	14.0	12	木幡初也	55.0	ダ1200		良	**	1:12.8	1.2	**	9-9	33.9-37.7	38.2	436(0)			チュウワキャリア		202406030206
2021102458	2024-06-29	2福島1	晴	12.0	3歳以上1勝クラス		16	4.0	7	29.8	9.0	4	津村明秀	53.0	ダ1150		良	**	1:08.8	0.3	**	2-2	30.7-37.8	38.1	438(+2)			ネバレチュゴー	120.0	202403020112
2021102458	2024-07-13	1函館11	晴	8.0	3歳以上1勝クラス		12	5.0	5	8.2	5.0	6	川又賢治	53.0	ダ1000		良	**	1:00.1	1.3	**	9-8	34.9-35.6	35.8	446(+8)			スコーピオン		202402011108
2021102458	2024-08-10	2札幌1	晴	7.0	3歳以上1勝クラス		12	2.0	2	13.6	5.0	10	川又賢治	54.0	ダ1000		良	**	1:00.5	1.1	**	1-1	34.5-36.5	37.6	442(-4)			セリエル		202401020107
2021102458	2024-08-25	2札幌6	晴	7.0	3歳以上1勝クラス		12	4.0	4	16.7	6.0	2	川又賢治	54.0	ダ1000		良	**	0:59.9	0.2	**	6-5	35.6-36.0	35.5	456(+14)			ペプチドシュチク	320.0	202401020607
2021102458	2024-09-14	4中山3	晴	6.0	3歳以上1勝クラス		16	3.0	5	9.9	4.0	2	津村明秀	54.0	ダ1200		良	**	1:12.1	0.0	**	3-3	34.9-37.2	36.8	450(-6)			オリビアジュテーム	320.0	202406040306
2021102458	2025-01-25	1中山8	曇	7.0	4歳以上1勝クラス		16	3.0	5	23.8	7.0	13	木幡初也	56.0	ダ1200		良	**	1:13.7	2.4	**	6-6	33.4-37.9	39.7	454(+4)			マイレーヌ		202506010807
2021102458	2025-04-13	1福島2	小雨	8.0	4歳以上1勝クラス		16	3.0	6	10.1	5.0	10	石田拓郎	53.0	ダ1150		良	**	1:10.3	1.2	**	10-10	32.0-37.1	37.5	454(0)			ニシノクラウン		202503010208
2021102458	2025-06-21	1函館3	曇	8.0	3歳以上1勝クラス		12	7.0	10	18.4	7.0	8	川又賢治	56.0	ダ1000		良	**	0:59.8	1.0	**	11-11	34.6-36.0	34.7	458(+4)			テイエムタリスマ		202502010308
2021102458	2025-07-06	1函館8	晴	12.0	3歳以上1勝クラス		10	1.0	1	21.0	6.0	8	川又賢治	56.0	芝1200		稍	**	1:10.8	1.1	**	3-3	34.8-34.9	35.6	470(+12)			アジュマン		202502010812
2021102458	2025-07-12	1函館9	晴	12.0	3歳以上1勝クラス		12	8.0	12	18.8	6.0	6	丹内祐次	56.0	ダ1000		良	**	0:59.4	0.7	**	8-7	34.0-36.0	35.4	470(0)			ボルセーナ		202502010912
2021102458	2025-12-21	5中京6	雨	7.0	3歳以上1勝クラス		16	4.0	7	50.3	10.0	8	永島まな	54.0	ダ1200		稍	**	1:12.9	1.2	**	14-15	35.1-36.6	36.6	462(-8)			エメラヴィ		202507050607
2021102458	2026-01-17	1中山6	晴	6.0	4歳以上1勝クラス		16	6.0	11	40.0	11.0	5	小林美駒	53.0	ダ1200		良	**	1:12.3	0.4	**	1-1	34.3-37.6	38.0	468(+6)			メッエフアパラ	82.0	202606010606
2021102718	2023-12-09	5阪神3	晴	5.0	2歳新馬		12	3.0	3	12.4	6.0	1	角田大河	55.0	芝1400		良	**	1:22.2	-0.1	**	2-2	34.1-35.9	35.8	456(0)			(シャインズオンユー)	720.0	202309050305
2021102718	2024-01-08	1京都3	晴	11.0	日刊スポシンザン記念(GIII)		18	1.0	2	94.7	15.0	14	角田大河	57.0	芝1600		良	**	1:35.9	1.4	**	17-16	34.3-36.1	36.4	458(+2)			ノーブルロジャー		202408010311
2021102718	2024-03-31	2阪神4	曇	5.0	3歳1勝クラス		9	8.0	8	47.1	7.0	9	角田大河	56.0	芝1600		良	**	1:36.4	2.0	**	2-2	35.6-34.0	35.8	456(-2)			テラメリタ		202409020405
2021102718	2024-04-28	3京都4	晴	6.0	3歳1勝クラス		11	5.0	5	105.8	11.0	10	幸英明	57.0	芝1400		良	**	1:21.8	1.6	**	9-10	35.0-33.9	34.6	452(-4)			クランフォード		202408030406
2021102718	2024-06-16	1函館4	曇	8.0	3歳以上1勝クラス		14	2.0	2	53.6	11.0	11	角田大河	54.0	芝1200		良	**	1:09.7	0.9	**	9-9	33.9-34.9	35.1	456(+4)			スイミーユニバンス		202402010408
2021102718	2024-06-30	1函館8	雨	12.0	3歳以上1勝クラス		10	4.0	4	8.0	3.0	4	高杉吏麒	52.0	ダ1000		良	**	0:59.5	0.7	**	6-4	34.6-35.8	35.9	458(+2)			フーコサンライズ	120.0	202402010812
2021102718	2024-07-21	1札幌2	晴	7.0	3歳以上1勝クラス		9	6.0	6	3.9	3.0	1	川端海翼	52.0	ダ1000		良	**	0:59.3	-0.1	**	1-1	35.0-35.7	35.7	456(-2)			(スノーホルンロード)	800.0	202401010207
2021102718	2024-07-27	1札幌3	曇	12.0	3歳以上2勝クラス		12	1.0	1	20.7	7.0	4	川端海翼	52.0	ダ1000		良	**	0:59.3	0.6	**	10-7	34.4-35.7	35.4	454(-2)			ジョーローリット	170.0	202401010312
2021102718	2024-12-08	7京都4	曇	8.0	3歳以上2勝クラス		15	1.0	1	40.4	10.0	11	岩田望来	57.0	ダ1200		良	**	1:13.5	1.3	**	11-11	34.7-37.5	37.5	462(+8)			メイショウタイゲイ		202408070408
2021102718	2025-03-02	1阪神2	曇	12.0	4歳以上2勝クラス		16	7.0	13	109.4	13.0	2	菱田裕二	58.0	ダ1200		良	**	1:11.8	0.1	**	10-10	34.7-37.0	35.9	460(-2)			キタノズエッジ	460.0	202509010212
2021102718	2025-03-30	2阪神2	曇	12.0	4歳以上2勝クラス		14	8.0	13	4.1	1.0	1	浜中俊	58.0	ダ1200		良	**	1:11.9	-0.1	**	3-2	35.6-36.3	35.8	464(+4)			(アスクアイルビゼア)	1140.0	202509020212
2021102718	2025-04-20	2阪神8	曇	10.0	天満橋S(3勝クラス)		16	2.0	4	8.4	5.0	2	浜中俊	55.0	ダ1400		良	**	1:24.5	0.1	**	12-11	34.5-37.4	36.5	466(+2)			ローズスター	750.2	202509020810
2021102718	2025-06-15	3阪神4	晴	12.0	リボン賞(3勝クラス)		16	8.0	16	4.4	1.0	4	武豊	56.0	ダ1200		重	**	1:10.9	0.5	**	8-6	33.8-36.6	36.0	468(+2)			ムーヴ	280.0	202509030412
2021102718	2025-09-07	4阪神2	晴	10.0	オークランドTRT(3勝クラス)		12	1.0	1	12.9	5.0	3	高杉吏麒	58.0	ダ1200		良	**	1:11.5	1.0	**	4-4	35.0-35.5	36.2	464(-4)			テーオーエルビス	463.7	202509040210
2021102718	2025-10-04	3京都1	小雨	10.0	大山崎S(3勝クラス)		16	8.0	16	7.8	3.0	3	高杉吏麒	58.0	ダ1200		不	**	1:09.7	0.6	**	9-8	33.6-35.5	34.9	464(0)			メイショウホウレン	464.9	202508030110
2021102718	2025-10-19	3京都7	曇	10.0	京都開設100周年(3勝クラス)		16	2.0	4	8.7	3.0	13	武豊	56.0	ダ1400		良	**	1:24.7	1.5	**	13-12	35.7-35.4	36.0	464(0)			グランフォーブル		202508030710
2021102718	2026-01-17	1京都6	晴	11.0	羅生門S(3勝クラス)		16	2.0	4	16.5	6.0	3	浜中俊	58.0	ダ1400		良	**	1:24.6	0.7	**	15-16	35.3-36.2	35.4	466(+2)			エストレヤデベレン	474.8	202608010611
2021103227	2023-12-17	5阪神6	晴	5.0	2歳新馬		10	7.0	8	9.6	4.0	3	岩田望来	56.0	芝1800		稍	**	1:49.1	0.1	**	5-6	35.2-35.8	35.2	476(0)			トップオブザロック	180.0	202309050605
2021103227	2024-01-06	1京都1	曇	5.0	3歳未勝利		17	8.0	17	16.4	7.0	9	岩田望来	57.0	芝1800		良	**	1:49.7	1.3	**	15-13	34.9-35.3	35.6	478(+2)			エラトー		202408010105
2021103227	2024-03-17	1中京4	曇	4.0	3歳未勝利		16	2.0	4	5.2	3.0	2	斎藤新	57.0	芝1600		良	**	1:35.8	0.1	**	3-4-4	36.8-34.4	34.2	468(-10)			ピックアチェリー	220.0	202407010404
2021103227	2024-04-13	2阪神7	晴	4.0	3歳未勝利		18	1.0	1	4.6	2.0	4	西村淳也	57.0	芝1600		良	**	1:34.6	0.4	**	7-7	35.7-33.7	33.6	474(+6)			フォーチュンタイム	83.0	202409020704
2021103227	2024-05-05	3京都6	晴	4.0	3歳未勝利		15	4.0	7	3.0	1.0	1	浜中俊	57.0	芝1600		良	**	1:32.6	-0.5	**	6-5	33.8-35.7	35.1	476(+2)			(エリカマルゲリータ)	550.0	202408030604
2021103227	2024-08-11	2中京2	晴	9.0	鞍ケ池特別(1勝クラス)		10	7.0	8	3.8	2.0	7	浜中俊	55.0	芝1600		良	**	1:33.0	0.6	**	9-9-9	34.2-35.4	34.8	478(+2)			ベラジオボンド		202407020209
2021103227	2024-10-05	4新潟1	晴	10.0	聖籠特別(1勝クラス)		18	1.0	1	10.6	5.0	8	西塚洸二	56.0	芝1600		良	**	1:34.7	0.6	**	15-15	36.0-34.0	33.7	482(+4)			エコロマーズ		202404040110
2021103227	2024-11-03	6京都2	晴	12.0	3歳以上1勝クラス		15	4.0	8			取	浜中俊	57.0	芝1600		稍	**			**		34.2-35.9		計不			ビップジーニー		202408060212
2021103227	2025-01-19	1中京7	晴	12.0	4歳以上1勝クラス		16	7.0	13	5.9	3.0	8	浜中俊	57.0	芝1600		良	**	1:34.9	0.7	**	11-7-7	35.5-35.3	35.0	476(-6)			オトコギアンパン		202507010712
2021103227	2025-02-16	1京都6	曇	8.0	4歳以上1勝クラス		18	7.0	15	11.6	4.0	4	浜中俊	58.0	芝1600		稍	**	1:35.7	0.1	**	14-13	34.9-36.4	35.2	480(+4)			ロストシークレット	120.0	202508010608
2021103227	2025-03-16	1阪神6	雨	7.0	4歳以上1勝クラス		16	6.0	12	6.7	2.0	8	浜中俊	58.0	芝1600		稍	**	1:35.1	0.8	**	7-7	35.0-35.3	35.7	480(0)			ファーヴェント		202509010607
2021103227	2025-05-04	2京都4	晴	7.0	4歳以上1勝クラス		9	8.0	8	3.4	2.0	3	浜中俊	58.0	芝1600		良	**	1:35.0	1.0	**	8-7	35.7-34.2	33.3	476(-4)			ミッキースターダム	200.0	202508020407
2021103227	2025-06-01	2東京12	晴	6.0	4歳以上1勝クラス		16	5.0	9	11.2	5.0	6	浜中俊	58.0	芝1800		稍	**	1:46.8	1.0	**	7-7-7	35.9-34.1	34.4	476(0)			ニシノティアモ		202505021206
2021103227	2025-10-26	4新潟4	雨	9.0	柏崎特別(1勝クラス)		14	6.0	9	6.3	4.0	1	吉田隼人	58.0	芝1600		稍	**	1:34.8	-0.1	**	4-4	35.2-35.2	34.9	482(+6)			(ベストシーン)	1147.8	202504040409
2021103227	2025-11-23	4京都6	晴	9.0	花見小路特別(2勝クラス)		13	7.0	10	9.2	4.0	5	レーン	55.0	芝1600		良	**	1:34.0	0.5	**	9-9	35.6-33.6	33.6	480(-2)			ダノンフェアレディ	155.0	202508040609
2021103227	2026-01-17	1京都6	晴	12.0	4歳以上2勝クラス		18	6.0	11	5.2	3.0	4	坂井瑠星	58.0	芝1600		良	**	1:33.8	0.3	**	8-8	35.2-34.5	34.1	476(-4)			カズミクラーシュ	180.0	202608010612
2021103242	2024-04-13	2阪神7	晴	3.0	3歳未勝利		16	7.0	14	9.6	6.0	3	坂井瑠星	57.0	ダ2000		良	**	2:09.2	0.2	**	8-7-7-6	35.5-39.0	38.6	460(0)			オクヤマ	140.0	202409020703
2021103242	2024-04-27	3京都3	曇	3.0	3歳未勝利		11	8.0	10	2.1	1.0	1	坂井瑠星	57.0	ダ1900		良	**	2:02.5	-0.1	**	4-4-3-1	30.3-39.3	39.2	460(0)			(レイドデザート)	550.0	202408030303
2021103242	2024-07-14	3小倉6	雨	12.0	3歳以上1勝クラス		16	4.0	7	6.0	4.0	2	坂井瑠星	55.0	ダ1700		不	**	1:43.3	0.3	**	4-3-4-3	29.4-36.9	36.8	452(-8)			バガリーロータス	320.0	202410030612
2021103242	2024-07-27	2新潟1	曇	8.0	3歳以上1勝クラス		15	4.0	7	4.5	2.0	10	坂井瑠星	55.0	ダ1800		良	**	1:55.7	3.8	**	2-2-3-4	36.6-37.3	40.8	456(+4)			ダノンピレネー		202404020108
2021103242	2024-10-27	5京都8	曇	7.0	3歳以上1勝クラス		11	5.0	5	4.6	3.0	11	鮫島克駿	56.0	ダ1900		良	**	2:05.3	4.5	**	2-2-2-2	30.6-39.1	43.5	456(0)			マサハヤウォルズ		202408050807
2021103242	2024-11-02	5東京1	小雨	7.0	3歳以上1勝クラス		13	7.0	12	6.9	5.0	8	吉田豊	57.0	ダ1600		重	**	1:37.3	1.9	**	7-6	34.9-36.4	37.5	454(-2)			サクラトップリアル		202405050107
2021103242	2024-12-14	4中京5	晴	6.0	3歳以上1勝クラス		16	7.0	13	17.2	9.0	7	古川奈穂	54.0	ダ1400		良	**	1:25.1	1.0	**	13-14	33.8-38.1	37.0	466(+12)			ミッドナイトラスタ		202407040506
2021103242	2025-01-11	1中京3	晴	7.0	4歳以上1勝クラス		16	7.0	13	48.2	10.0	8	古川奈穂	54.0	ダ1800		良	**	1:54.5	1.2	**	5-7-10-8	37.8-38.8	39.0	468(+2)			メイショウコナン		202507010307
2021103242	2025-03-16	1阪神6	雨	8.0	4歳以上1勝クラス		13	8.0	13	4.4	3.0	10	坂井瑠星	58.0	ダ1800		重	**	1:58.0	3.1	**	2-2-2-2	37.2-40.1	43.1	462(-6)			スマートリアファル		202509010608
2021103242	2025-03-29	2中京5	晴	12.0	4歳以上1勝クラス		16	6.0	11	15.5	6.0	4	鮫島克駿	58.0	ダ1200		稍	**	1:12.7	0.5	**	10-10	34.6-37.6	37.2	454(-8)			ダズリングダンス	120.0	202507020512
2021103242	2025-05-24	1新潟7	曇	12.0	4歳以上1勝クラス		14	7.0	13	11.1	4.0	1	古川奈穂	55.0	ダ1200		良	**	1:11.7	-0.1	**	5-5	35.2-36.5	36.0	452(-2)			(ゲーベル)	800.0	202504010712
2021103242	2025-06-01	2京都12	晴	8.0	4歳以上2勝クラス		16	1.0	2	20.7	9.0	9	古川奈穂	55.0	ダ1200		良	**	1:12.1	0.7	**	8-8	35.1-36.3	36.5	460(+8)			パドマ		202508021208
2021103242	2025-07-13	1函館10	晴	10.0	噴火湾特別(2勝クラス)		12	6.0	8	11.6	4.0	5	松岡正海	58.0	ダ1000		良	**	0:59.4	0.5	**	7-6	34.4-36.0	35.9	450(-10)			テイエムタリスマ	155.0	202502011010
2021103242	2025-08-03	1札幌4	晴	9.0	3歳以上2勝クラス		10	3.0	3	17.1	8.0	2	古川奈穂	55.0	ダ1000		良	**	0:59.2	0.6	**	7-6	34.5-35.7	35.5	454(+4)			メイショウキルギス	460.0	202501010409
2021103242	2025-08-17	1札幌8	曇	10.0	大通公園特別(2勝クラス)		11	8.0	10	14.9	7.0	3	古川奈穂	58.0	ダ1000		稍	**	0:59.1	0.4	**	8-8	34.2-35.9	35.1	452(-2)			カウスリップ	393.4	202501010810
2021103242	2025-11-30	5東京8	晴	10.0	アプローズ賞(2勝クラス)		16	1.0	1	58.2	13.0	8	坂井瑠星	58.0	ダ1400		良	**	1:25.4	1.3	**	7-7	35.3-36.7	37.1	462(+10)			シャパリュ		202505050810
2021103242	2025-12-13	5中山3	曇	12.0	3歳以上2勝クラス		13	8.0	13	7.6	4.0	4	マーカン	58.0	ダ1200		良	**	1:12.0	0.8	**	6-6	34.3-36.9	37.1	462(0)			シュヴァルボヌール	170.0	202506050312
2021103242	2026-01-17	1中山6	晴	8.0	4歳以上2勝クラス		16	8.0	16	29.5	7.0	6	津村明秀	58.0	ダ1200		良	**	1:12.5	0.7	**	5-3	33.8-38.0	38.2	462(0)			ゴールドハンマー		202606010608
2021103513	2024-02-04	1東京4	曇	3.0	3歳新馬		16	7.0	14	7.2	4.0	8	坂井瑠星	55.0	ダ1600		良	**	1:42.4	1.7	**	5-5	36.0-38.9	40.0	460(0)			キタノライジン		202405010403
2021103513	2024-04-13	1福島3	晴	1.0	3歳未勝利		16	8.0	15	48.3	10.0	1	斎藤新	55.0	ダ1150		良	**	1:09.4	0.0	**	4-4	31.6-37.8	37.4	458(-2)			(ミスエル)	550.0	202403010301
2021103513	2024-05-04	2東京5	晴	6.0	3歳1勝クラス		10	7.0	8	37.0	8.0	5	オシェア	55.0	芝1400		良	**	1:21.4	0.6	**	5-5	35.1-33.9	33.6	460(+2)			ニコラウス	78.0	202405020506
2021103513	2024-08-10	3新潟1	晴	12.0	3歳以上1勝クラス		18	3.0	6	12.4	8.0	4	石川裕紀	53.0	芝1400		良	**	1:21.7	0.5	**	3-3	34.2-34.8	35.0	466(+6)			ララマセラシオン	120.0	202404030112
2021103513	2024-09-07	4中山1	晴	6.0	3歳以上1勝クラス		16	3.0	5	8.3	4.0	7	石川裕紀	54.0	ダ1200		良	**	1:12.0	0.5	**	12-12	34.0-37.5	37.0	462(-4)			オーブルクール		202406040106
2021103513	2024-10-26	4東京7	曇	7.0	3歳以上1勝クラス		15	8.0	14	25.5	6.0	7	横山武史	54.0	ダ1400		良	**	1:26.5	0.6	**	12-12	36.4-36.5	36.1	460(-2)			フクノブルジュ		202405040707
2021103513	2024-12-21	5中山7	晴	8.0	3歳以上1勝クラス		16	4.0	7	13.6	7.0	7	戸崎圭太	55.0	ダ1200		良	**	1:13.8	1.1	**	5-7	34.7-38.0	38.3	462(+2)			レッドセニョール		202406050708
2021103513	2025-02-01	1京都1	曇	8.0	4歳以上1勝クラス		15	2.0	4	50.7	10.0	13	北村友一	56.0	ダ1400		良	**	1:27.6	2.8	**	7-7	35.9-36.7	38.8	452(-10)			ヒルノドゴール		202508010108
2021103513	2025-04-13	1福島2	小雨	8.0	4歳以上1勝クラス		16	2.0	4	52.8	10.0	5	斎藤新	56.0	ダ1150		良	**	1:10.0	0.9	**	7-7	32.0-37.1	37.4	450(-2)			ニシノクラウン	80.0	202503010208
2021103513	2025-04-26	1福島5	晴	8.0	4歳以上1勝クラス		16	5.0	9	21.7	6.0	9	斎藤新	56.0	ダ1150		良	**	1:10.3	1.1	**	4-5	31.9-37.3	38.0	448(-2)			ニホンピロトッティ		202503010508
2021103513	2025-05-17	2東京7	曇	12.0	4歳以上1勝クラス		14	8.0	13	62.7	11.0	12	斎藤新	56.0	ダ1600		不	**	1:37.9	1.6	**	9-11	34.4-37.1	37.8	446(-2)			プチボヌール		202505020712
2021103513	2025-09-06	4中山1	晴	12.0	3歳以上1勝クラス		16	2.0	3	84.4	13.0	9	団野大成	56.0	ダ1200		稍	**	1:12.8	1.4	**	14-13	35.4-36.0	36.5	464(+18)			ドナカルナバル		202506040112
2021103513	2025-11-08	5東京1	晴	7.0	3歳以上1勝クラス		16	1.0	1	102.1	12.0	5	岩田康誠	56.0	ダ1300		良	**	1:18.9	1.0	**	4-4	29.5-36.5	37.1	462(-2)			ドントゥザムーン	80.0	202505050107
2021103513	2025-11-24	3福島6	曇	7.0	3歳以上1勝クラス		16	6.0	11	41.3	8.0	1	吉村誠之	55.0	ダ1150		良	**	1:08.7	-0.1	**	1-1	32.1-36.6	36.6	462(0)			(ヒラボクカレラ)	800.0	202503030607
2021103513	2026-01-17	1中山6	晴	8.0	4歳以上2勝クラス		16	1.0	1	75.0	8.0	16	舟山瑠泉	53.0	ダ1200		良	**	1:13.8	2.0	**	2-3	33.8-38.0	39.8	458(-4)			ゴールドハンマー		202606010608
2021103706	2023-06-17	1函館3	曇	6.0	2歳新馬		12	8.0	12	6.0	4.0	3	横山武史	55.0	ダ1000		良	**	1:00.3	0.4	**	1-1	35.5-36.3	36.7	462(0)			ゼルトザーム	180.0	202302010306
2021103706	2023-07-09	2函館4	晴	1.0	2歳未勝利		12	6.0	8	8.2	4.0	4	横山武史	55.0	ダ1000		良	**	1:00.1	0.5	**	2-2	34.8-36.4	36.6	466(+4)			ブシン	83.0	202302020401
2021103706	2023-07-23	1札幌2	晴	1.0	2歳未勝利		8	4.0	4	6.9	3.0	1	小林凌大	53.0	ダ1000		良	**	1:00.1	-0.4	**	1-1	35.9-36.1	36.1	468(+2)			(ワイワイレジェンド)	550.0	202301010201
2021103706	2023-12-03	5中山2	晴	6.0	2歳1勝クラス		13	4.0	4	91.6	11.0	9	小林凌大	53.0	ダ1200		良	**	1:12.9	1.9	**	10-11	34.2-36.8	37.5	468(0)			グランオルカ		202306050206
2021103706	2024-03-03	2中山4	晴	4.0	3歳1勝クラス		16	7.0	13	384.0	16.0	5	永野猛蔵	54.0	ダ1200		稍	**	1:12.3	0.8	**	14-14	34.0-37.5	37.0	468(0)			ガビーズシスター	78.0	202406020404
2021103706	2024-03-17	2中山8	晴	4.0	3歳1勝クラス		16	1.0	1	116.8	11.0	3	永野猛蔵	54.0	ダ1200		良	**	1:13.3	0.4	**	10-10	34.9-38.0	37.1	456(-12)			オウバイトウリ	200.0	202406020804
2021103706	2024-04-21	2東京2	晴	6.0	3歳1勝クラス		16	3.0	5	49.6	10.0	3	大野拓弥	55.0	ダ1400		良	**	1:25.8	0.8	**	11-10	35.4-37.2	37.0	456(0)			エストレヤデベレン	200.0	202405020206
2021103706	2024-04-28	2東京4	晴	6.0	3歳1勝クラス		14	5.0	8	5.3	3.0	2	永野猛蔵	54.0	ダ1400		良	**	1:24.7	0.2	**	8-6	34.7-37.5	36.7	448(-8)			ヴァンドーム	310.0	202405020406
2021103706	2024-05-26	2東京12	晴	5.0	3歳1勝クラス		16	1.0	2	5.2	2.0	4	永野猛蔵	54.0	ダ1400		良	**	1:24.8	0.1	**	9-8	35.8-36.5	35.9	458(+10)			クインズデネブ	120.0	202405021205
2021103706	2024-06-08	3東京3	晴	12.0	3歳以上1勝クラス		16	8.0	15	2.3	1.0	1	戸崎圭太	53.0	ダ1400		良	**	1:24.4	-0.1	**	5-5	34.5-38.3	37.1	462(+4)			(マーゴットレーヴ)	800.0	202405030312
2021103706	2024-10-05	4東京1	小雨	12.0	3歳以上2勝クラス		16	1.0	1	23.7	8.0	6	永野猛蔵	54.0	ダ1400		重	**	1:23.6	0.4	**	6-6	35.7-35.0	35.1	468(+6)			ベルウェザー		202405040112
2021103706	2025-01-25	1中京8	晴	8.0	4歳以上2勝クラス		16	7.0	13	31.9	7.0	14	Ｍ．デム	55.0	ダ1400		良	**	1:25.6	1.7	**	8-9	34.8-36.8	37.7	464(-4)			リジル		202507010808
2021103706	2025-02-16	1京都6	曇	12.0	4歳以上2勝クラス		16	2.0	4	32.1	10.0	7	西村淳也	56.0	ダ1200		稍	**	1:13.1	0.9	**	16-16	35.1-37.1	36.1	460(-4)			タガノミスト		202508010612
2021103706	2025-04-12	3中山5	晴	12.0	4歳以上2勝クラス		16	5.0	9	53.2	11.0	6	木幡巧也	56.0	ダ1200		良	**	1:11.3	0.4	**	6-6	34.4-36.5	36.3	462(+2)			オーブルクール		202506030512
2021103706	2025-05-10	2東京5	晴	12.0	4歳以上2勝クラス		16	4.0	8	10.7	6.0	6	木幡巧也	56.0	ダ1400		重	**	1:23.0	0.7	**	7-7	34.6-35.9	36.0	462(0)			イノセントキャット		202505020512
2021103706	2025-05-24	2京都9	雨	12.0	オーストラリアT(2勝クラス)		13	6.0	9	52.4	10.0	8	幸英明	56.0	ダ1400		稍	**	1:23.0	1.2	**	7-6	34.8-35.2	35.5	460(-2)			プロミシングスター		202508020912
2021103706	2025-07-27	2新潟2	晴	8.0	出雲崎特別(2勝クラス)		15	4.0	7	13.6	6.0	4	木幡巧也	56.0	ダ1200		良	**	1:11.8	0.3	**	8-6	33.5-38.0	37.4	470(+10)			ノットファウンド	230.0	202504020208
2021103706	2025-08-09	2新潟5	晴	10.0	3歳以上2勝クラス		15	5.0	9	14.0	7.0	9	木幡巧也	56.0	ダ1200		良	**	1:12.6	2.2	**	8-9	34.3-36.1	37.3	466(-4)			ドラゴンウェルズ		202504020510
2021103706	2025-09-27	4中山8	晴	12.0	3歳以上2勝クラス		16	5.0	9	69.9	10.0	5	木幡巧也	56.0	ダ1200		良	**	1:11.9	0.5	**	5-4	34.4-37.0	36.9	470(+4)			ワンダラー	114.0	202506040812
2021103706	2025-10-25	4東京8	雨	12.0	3歳以上2勝クラス		13	5.0	6	26.4	7.0	10	木幡巧也	56.0	ダ1400		稍	**	1:25.2	1.1	**	9-10	36.4-35.4	35.8	480(+10)			フウセツ		202505040812
2021103706	2025-11-22	4京都5	晴	8.0	3歳以上2勝クラス		16	8.0	15	113.4	11.0	11	マーカン	56.0	ダ1400		良	**	1:25.2	1.1	**	7-8	34.1-37.8	38.2	468(-12)			リネアグローリア		202508040508
2021103706	2026-01-17	1中山6	晴	8.0	4歳以上2勝クラス		16	8.0	15	99.9	10.0	11	佐藤翔馬	53.0	ダ1200		良	**	1:12.7	0.9	**	10-10	33.8-38.0	37.3	468(0)			ゴールドハンマー		202606010608
2021103725	2023-07-16	3中京6	晴	5.0	2歳新馬		12	7.0	10	68.3	11.0	9	酒井学	55.0	芝1600		良	**	1:37.4	2.1	**	11-9-8	37.3-34.5	35.4	474(0)			エンヤラヴフェイス		202307030605
2021103725	2023-11-18	3京都5	曇	1.0	2歳未勝利		16	3.0	6	40.2	8.0	3	和田竜二	56.0	ダ1400		重	**	1:25.2	0.4	**	13-12	35.1-37.3	36.4	476(+2)			フラムリンガム	140.0	202308030501
2021103725	2023-12-02	4中京1	晴	1.0	2歳未勝利		16	1.0	1	3.9	1.0	1	酒井学	56.0	ダ1400		良	**	1:25.9	-0.1	**	4-2	35.8-37.3	37.0	464(-12)			(サトノアインス)	550.0	202307040101
2021103725	2024-01-08	1京都3	晴	11.0	日刊スポシンザン記念(GIII)		18	1.0	1	202.5	16.0	6	酒井学	57.0	芝1600		良	**	1:35.1	0.6	**	6-7	34.3-36.1	36.3	466(+2)			ノーブルロジャー		202408010311
2021103725	2024-02-04	2京都4	晴	11.0	きさらぎ賞(GIII)		12	8.0	11	142.9	11.0	9	酒井学	57.0	芝1800		良	**	1:47.4	0.6	**	2-1	35.6-34.4	35.0	472(+6)			ビザンチンドリーム		202408020411
2021103725	2024-04-28	3京都4	晴	5.0	3歳1勝クラス		12	7.0	9	3.3	2.0	1	酒井学	57.0	ダ1400		良	**	1:23.5	-0.7	**	2-2	34.0-37.5	37.4	472(0)			(スターターン)	780.0	202408030405
2021103725	2024-06-08	4京都3	曇	10.0	長浜特別(2勝クラス)		11	4.0	4	1.5	1.0	1	酒井学	55.0	ダ1400		良	**	1:24.3	-0.2	**	1-1	35.5-36.8	36.8	468(-4)			(カッティングジェム)	1573.1	202408040310
2021103725	2024-09-01	2中京8	曇	10.0	桶狭間S(3勝クラス)		16	5.0	9	1.8	1.0	2	酒井学	55.0	ダ1400		重	**	1:21.7	0.0	**	2-2	34.2-35.8	35.7	474(+6)			アドバンスファラオ	749.8	202407020810
2021103725	2024-09-21	3中京6	曇	11.0	伊賀S(3勝クラス)		15	1.0	1	1.6	1.0	5	酒井学	56.0	ダ1400		良	**	1:23.7	0.5	**	1-1	34.4-36.9	37.4	474(0)			エミサキホコル	184.0	202407030611
2021103725	2024-10-20	5京都6	晴	12.0	桂川S(3勝クラス)		12	8.0	12	1.8	1.0	1	酒井学	56.0	ダ1400		稍	**	1:24.4	-0.6	**	2-2	35.3-37.1	36.9	476(+2)			(フェルヴェンテ)	1868.7	202408050612
2021103725	2024-12-01	7京都2	晴	11.0	ギャラクシーS(OP)		15	1.0	2	3.1	2.0	6	酒井学	55.0	ダ1400		良	**	1:24.5	0.5	**	1-1	34.9-37.0	37.5	478(+2)			アルファマム		202408070211
2021103725	2025-02-16	1東京6	曇	10.0	バレンタインS(OP)		16	2.0	3	15.8	5.0	10	酒井学	58.0	ダ1400		良	**	1:25.0	1.1	**	3-4	35.7-36.3	37.0	482(+4)			ロードエクレール		202505010610
2021103725	2025-03-15	1阪神5	小雨	11.0	コーラルS(L)		11	5.0	5	6.3	4.0	2	武豊	57.0	ダ1400		良	**	1:24.3	0.1	**	2-2	35.7-36.2	36.2	476(-6)			アドバンスファラオ	967.4	202509010511
2021103725	2025-04-05	2阪神3	晴	10.0	ポラリスS(OP)		16	6.0	11	10.9	5.0	6	浜中俊	56.0	ダ1400		良	**	1:24.6	0.5	**	11-11	34.5-37.5	36.8	476(0)			サンライズフレイム		202509020310
2021103725	2025-06-21	3阪神5	晴	11.0	天保山S(OP)		16	6.0	11	18.5	10.0	16	川須栄彦	57.0	ダ1400		良	**	1:25.1	1.5	**	3-3	33.8-37.8	39.0	476(0)			コンクイスタ		202509030511
2021103725	2025-08-10	3中京6	曇	7.0	CBC賞(GIII)		17	1.0	2	61.5	16.0	14	川須栄彦	56.0	芝1200		良	**	1:08.1	0.7	**	14-16	34.0-33.4	32.9	478(+2)			インビンシブルパパ		202507030607
2021103725	2025-10-04	4東京1	曇	11.0	グリーンチャンネルC(L)		16	1.0	2	85.1	15.0	13	太宰啓介	57.0	ダ1600		良	**	1:37.4	1.9	**	1-1	34.8-36.3	38.2	478(0)			オメガギネス		202505040111
2021103725	2025-11-30	4京都8	晴	11.0	オータムリーフS(OP)		16	5.0	10	20.0	7.0	9	酒井学	57.0	ダ1400		良	**	1:24.6	1.4	**	2-2	34.1-36.9	38.1	482(+4)			ハッピーマン		202508040811
2021103725	2026-01-17	1中山6	晴	11.0	カーバンクルS(OP)		16	4.0	7	7.0	4.0	6	石橋脩	55.0	芝1200		良	**	1:07.7	0.3	**	1-1	33.7-33.7	34.0	476(-6)			ウイングレイテスト		202606010611
2021103918	2024-04-27	2東京3	曇	2.0	3歳未勝利		15	1.0	1	40.6	5.0	12	丸田恭介	57.0	ダ1600		稍	**	1:40.6	2.7	**	14-15	35.5-37.1	38.0	508(0)			ライクファーザー		202405020302
2021103918	2024-06-02	3東京2	曇	2.0	3歳未勝利		16	2.0	4	73.2	10.0	13	内田博幸	57.0	ダ2100		重	**	2:13.7	2.7	**	13-13-11-11	30.9-37.6	39.3	500(-8)			ヴァズレーヌ		202405030202
2021103918	2024-07-21	1札幌2	晴	4.0	3歳未勝利		13	1.0	1	84.1	12.0	13	亀田温心	57.0	ダ1700		良	**	1:52.1	4.6	**	6-6-8-10	29.8-39.8	43.5	516(+16)			トモジャシャトー		202401010204
2021103918	2024-09-03	盛岡	曇	1.0	大船渡市観光物産協会(3歳C2)		11	4.0	4	48.8	7.0	1	関本淳	56.0	ダ1200		重	**	1:12.9	-1.0	**	1-1		37.9	511(-5)			(パリッドキャリア)	45.0	202435090301
2021103918	2024-09-24	水沢	晴	6.0	3歳C1二組		9	6.0	6	2.0	1.0	1	鈴木祐	56.0	ダ1400		稍	**	1:28.6	-1.0	**	1-1-1-1		38.7	518(+7)			(タイセイシップ)	55.0	202436092406
2021103918	2024-10-22	盛岡	晴	4.0	C2一組		9	8.0	8	1.7	1.0	2	鈴木祐	56.0	ダ1400		稍	**	1:27.3	0.1	**	2-2		38.3	513(-5)			タイセイシップ	14.0	202435102204
2021103918	2024-11-10	盛岡	晴	8.0	C1七組		11	6.0	7	1.6	1.0	1	鈴木祐	56.0	ダ1400		良	**	1:27.7	-0.4	**	2-2		38.0	516(+3)			(メイショウニコニコ)	45.0	202435111008
2021103918	2024-12-11	水沢	曇	6.0	C1		12	5.0	5	1.0	1.0	1	鈴木祐	56.0	ダ1400		不	**	1:28.7	-0.1	**	2-2-1-1		39.0	502(-14)			(グローサーベア)	45.0	202436121106
2021103918	2025-03-01	2中山1	晴	8.0	4歳以上1勝クラス		16	7.0	14	50.4	11.0	8	小林凌大	58.0	ダ1200		良	**	1:13.4	0.9	**	10-10	34.4-38.1	38.0	512(+10)			トロピカルヒーロー		202506020108
2021103918	2025-03-30	3中山2	晴	8.0	4歳以上1勝クラス		16	1.0	2	50.1	11.0	5	小林凌大	58.0	ダ1200		稍	**	1:12.8	0.5	**	7-6	36.0-36.3	36.2	510(-2)			セキテイオー	80.0	202506030208
2021103918	2025-04-20	3中山8	曇	7.0	4歳以上1勝クラス		16	1.0	1	85.0	12.0	8	小林凌大	58.0	ダ1200		良	**	1:13.1	1.4	**	5-5	34.8-36.9	37.6	512(+2)			エコロエイト		202506030807
2021103918	2025-08-09	2新潟5	晴	5.0	3歳以上1勝クラス		15	8.0	14	24.6	10.0	5	小林凌大	58.0	ダ1200		良	**	1:12.3	0.2	**	7-6	33.8-38.3	37.3	502(-10)			サンダーアリュール	80.0	202504020505
2021103918	2025-08-30	3新潟3	晴	12.0	3歳以上1勝クラス		15	6.0	11	18.2	7.0	4	小林凌大	58.0	ダ1200		良	**	1:12.7	0.7	**	7-8	34.6-37.4	37.4	510(+8)			ミスエル	120.0	202504030312
2021103918	2025-09-21	4中山7	晴	6.0	3歳以上1勝クラス		16	4.0	7	17.4	6.0	5	小林凌大	58.0	ダ1200		良	**	1:11.8	1.1	**	13-12	33.4-37.3	36.9	502(-8)			チャロ	80.0	202506040706
2021103918	2025-10-18	4新潟1	曇	8.0	3歳以上1勝クラス		15	8.0	15	7.7	5.0	3	小林凌大	58.0	ダ1200		良	**	1:12.0	0.3	**	5-5	33.8-37.9	37.5	512(+10)			ミッキーマカパ	200.0	202504040108
2021103918	2025-11-15	5東京3	晴	7.0	3歳以上1勝クラス		16	5.0	10	26.1	7.0	12	横山和生	58.0	ダ1400		良	**	1:26.3	1.6	**	14-15	36.1-36.8	36.0	512(0)			エリカマユーリ		202505050307
2021103918	2025-12-20	5中山5	曇	8.0	3歳以上1勝クラス		16	6.0	12	18.0	5.0	3	小林凌大	58.0	ダ1200		良	**	1:11.6	1.1	**	7-5	33.6-36.9	37.0	514(+2)			ダンケルド	200.0	202506050508
2021103918	2026-01-17	1中山6	晴	6.0	4歳以上1勝クラス		16	4.0	8	4.7	2.0	2	小林凌大	58.0	ダ1200		良	**	1:12.0	0.1	**	2-2	34.3-37.6	37.5	514(0)			メッエフアパラ	330.0	202606010606
2021104325	2024-02-18	2京都8	曇	4.0	3歳新馬		15	2.0	3	34.0	9.0	10	団野大成	55.0	ダ1400		稍	**	1:28.2	1.9	**	14-12	35.3-38.7	37.9	462(0)			キングヴァージル		202408020804
2021104325	2024-04-07	3中山6	曇	3.0	3歳未勝利		16	7.0	14	19.0	5.0	10	団野大成	55.0	ダ1200		重	**	1:13.2	2.2	**	9-10	34.5-36.5	37.8	446(-16)			ストライクオン		202406030603
2021104325	2024-06-02	3東京2	曇	4.0	3歳未勝利		16	6.0	11	114.6	10.0	3	斎藤新	55.0	ダ1400		重	**	1:24.8	0.2	**	3-2	36.4-35.0	35.2	454(+8)			フクチャントウメイ	140.0	202405030204
2021104325	2024-06-23	3東京8	曇	6.0	3歳未勝利		16	6.0	11	9.6	4.0	4	津村明秀	55.0	ダ1400		重	**	1:24.2	0.6	**	1-1	35.8-35.7	36.3	452(-2)			ミスヨシゼン	83.0	202405030806
2021104325	2024-07-14	2福島6	晴	4.0	3歳未勝利		16	7.0	13	3.8	2.0	2	菅原明良	55.0	ダ1150		稍	**	1:08.9	0.0	**	5-6	31.9-37.0	36.6	452(0)			ペイシャスウィフト	220.0	202403020604
2021104325	2024-08-10	3新潟1	晴	2.0	3歳未勝利		15	6.0	10	2.7	2.0	1	菅原明良	55.0	ダ1200		良	**	1:12.2	-0.2	**	2-2	35.4-36.8	36.7	456(+4)			(サラフォーコン)	550.0	202404030102
2021104325	2024-10-27	4新潟8	晴	6.0	3歳以上1勝クラス		13	7.0	10	2.4	1.0	6	斎藤新	55.0	ダ1200		良	**	1:12.1	1.2	**	4-5	34.5-36.4	37.2	458(+2)			イノセントキャット		202404040806
2021104325	2024-12-01	4中京2	晴	6.0	3歳以上1勝クラス		16	1.0	1	7.9	4.0	2	岩田望来	55.0	ダ1200		良	**	1:12.6	0.2	**	1-1	35.9-36.5	36.7	466(+8)			ズバットマサムネ	320.0	202407040206
2021104325	2024-12-28	5中山9	晴	8.0	3歳以上1勝クラス		16	1.0	1	7.5	4.0	5	菅原明良	55.0	ダ1200		良	**	1:12.8	0.3	**	4-5	34.7-37.8	37.7	466(0)			サンレイマリー	80.0	202406050908
2021104325	2025-01-18	1中山6	晴	6.0	4歳以上1勝クラス		16	5.0	9	7.5	5.0	1	菅原明良	56.0	ダ1200		良	**	1:12.1	0.0	**	2-3	34.2-37.9	37.7	464(-2)			(ソーニャシュニク)	800.0	202506010606
2021104325	2025-03-02	1阪神2	曇	12.0	4歳以上2勝クラス		16	3.0	5	18.7	8.0	14	武豊	56.0	ダ1200		良	**	1:13.5	1.8	**	14-13	34.7-37.0	37.3	460(-4)			キタノズエッジ		202509010212
2021104325	2025-05-04	2東京4	晴	12.0	4歳以上2勝クラス		16	2.0	4	118.1	13.0	16	佐々木大	56.0	ダ1300		稍	**	1:21.9	5.0	**	6-7	29.4-35.9	39.5	462(+2)			キュムロンニンバス		202505020412
2021104325	2025-11-16	5東京4	晴	7.0	3歳以上2勝クラス		16	5.0	9	350.8	15.0	14	石橋脩	56.0	ダ1400		良	**	1:26.8	2.6	**	13-13	35.6-36.7	37.5	462(0)			メイショウハチロー		202505050407
2021104325	2026-01-17	1中山6	晴	8.0	4歳以上2勝クラス		16	1.0	2	204.0	13.0	15	丹内祐次	56.0	ダ1200		良	**	1:13.2	1.4	**	7-7	33.8-38.0	38.2	460(-2)			ゴールドハンマー		202606010608
2021104422	2023-12-09	5阪神3	晴	5.0	2歳新馬		12	2.0	2	26.0	10.0	4	池添謙一	56.0	芝1400		良	**	1:22.6	0.4	**	4-5	34.1-35.9	35.9	470(0)			ノボリショウリュウ	110.0	202309050305
2021104422	2023-12-23	5阪神7	晴	3.0	2歳未勝利		16	1.0	1	46.7	10.0	5	池添謙一	56.0	ダ1400		良	**	1:27.2	1.5	**	4-3	36.0-37.2	38.4	468(-2)			エートラックス	55.0	202309050703
2021104422	2024-01-13	1京都4	晴	3.0	3歳未勝利		14	4.0	6	46.2	8.0	3	池添謙一	57.0	ダ1400		良	**	1:27.7	0.7	**	4-4	36.7-37.4	37.8	464(-4)			キャピタルサックス	140.0	202408010403
2021104422	2024-02-03	2京都3	曇	3.0	3歳未勝利		14	1.0	1	10.0	5.0	5	池添謙一	57.0	ダ1400		良	**	1:25.9	0.7	**	2-4	35.1-37.5	38.0	468(+4)			キングツェッペリン	55.0	202408020303
2021104422	2024-04-06	2阪神5	晴	2.0	3歳未勝利		16	8.0	15	7.0	4.0	4	池添謙一	57.0	ダ1400		稍	**	1:26.2	0.8	**	5-4	34.8-38.1	38.5	464(-4)			ドッビアーコ	83.0	202409020502
2021104422	2024-04-21	1福島6	曇	3.0	3歳未勝利		15	2.0	2	4.8	3.0	1	秋山稔樹	56.0	ダ1700		良	**	1:46.8	-0.3	**	1-1-1-1	30.1-38.5	38.5	462(-2)			(ロードインフェルノ)	550.0	202403010603
2021104422	2024-05-12	3京都8	曇	5.0	3歳1勝クラス		16	3.0	5	27.0	11.0	7	酒井学	57.0	ダ1800		良	**	1:54.3	2.0	**	1-1-1-2	37.2-37.1	39.1	464(+2)			クーアフュルスト		202408030805
2021104422	2024-08-11	2中京2	晴	8.0	3歳以上1勝クラス		13	3.0	3	21.5	5.0	4	和田竜二	55.0	ダ1800		良	**	1:53.7	0.6	**	4-3-3-4	37.1-38.2	38.5	462(-2)			グーヴェルナイユ	120.0	202407020208
2021104422	2024-08-24	2中京5	晴	8.0	3歳以上1勝クラス		13	7.0	10	9.5	4.0	7	和田竜二	55.0	ダ1800		良	**	1:55.1	1.4	**	6-6-2-4	38.0-36.9	38.2	464(+2)			スリリングチェイス		202407020508
2021104422	2024-09-15	3中京4	曇	8.0	3歳以上1勝クラス		12	8.0	12	17.8	5.0	3	和田竜二	55.0	ダ1800		重	**	1:50.9	0.4	**	2-2-2-2	37.4-36.8	37.1	466(+2)			スリリングチェイス	200.0	202407030408
2021104422	2024-11-03	3福島2	晴	3.0	3歳以上1勝クラス		15	5.0	8	4.1	2.0	2	小林凌大	56.0	ダ1700		重	**	1:45.1	0.2	**	7-8-5-6	29.4-37.9	37.7	468(+2)			ツインビスケッツ	320.0	202403030203
2021104422	2024-11-17	3福島6	晴	3.0	3歳以上1勝クラス		15	2.0	2	3.6	1.0	3	亀田温心	56.0	ダ1700		良	**	1:46.6	0.1	**	10-8-8-5	30.1-38.8	38.1	468(0)			ポワンキュルミナン	200.0	202403030603
2021104422	2025-02-15	1小倉7	曇	12.0	4歳以上1勝クラス		12	1.0	1	3.7	2.0	1	秋山稔樹	57.0	ダ1700		良	**	1:45.7	-0.5	**	3-3-3-3	30.3-38.4	38.1	460(-8)			(アレナパラシオ)	800.0	202510010712
2021104422	2025-03-01	1小倉11	曇	11.0	早鞆特別(2勝クラス)		15	5.0	9	7.7	4.0	3	秋山稔樹	55.0	ダ1700		良	**	1:45.6	0.2	**	5-4-6-6	30.7-36.6	36.4	466(+6)			コブラ	394.9	202510011111
2021104422	2025-06-22	1函館4	曇	10.0	檜山特別(2勝クラス)		14	1.0	1	7.7	3.0	7	秋山稔樹	58.0	ダ1700		重	**	1:44.9	0.6	**	3-2-4-5	30.0-37.0	37.3	478(+12)			バギーウィップ		202502010410
2021104422	2025-07-20	1函館12	晴	10.0	駒場特別(2勝クラス)		12	8.0	11	7.4	4.0	9	池添謙一	58.0	ダ1700		良	**	1:47.1	1.5	**	5-5-6-6	30.4-37.7	38.7	480(+2)			グレイテストソング		202502011210
2021104422	2025-08-26	盛岡	曇	10.0	東京カップけやき賞(A)		10	6.0	6	4.9	2.0	1	秋山稔樹	56.0	ダ1600		良	**	1:36.6	-0.6	**	5-3		37.6	473(-7)			(シンヨモギネス)	250.0	202535082610
2021104422	2025-12-27	5阪神7	晴	10.0	摩耶S(3勝クラス)		16	7.0	13	279.4	15.0	14	秋山稔樹	58.0	ダ1800		稍	**	1:54.9	2.1	**	11-9-9-11	36.2-38.4	39.9	466(-7)			ハナウマビーチ		202509050710
2021104422	2026-01-17	1京都6	晴	11.0	羅生門S(3勝クラス)		16	1.0	1	271.8	15.0	11	秋山稔樹	58.0	ダ1400		良	**	1:25.3	1.4	**	6-7	35.3-36.2	37.1	468(+2)			エストレヤデベレン		202608010611
2021104490	2023-09-09	4中山1	曇	5.0	2歳新馬		10	8.0	10	22.6	6.0	2	菅原明良	55.0	芝2000		稍	**	2:03.3	0.6	**	1-1-1-1	36.6-34.7	35.3	462(0)			フォルラニーニ	290.0	202306040105
2021104490	2023-09-30	4中山8	曇	4.0	2歳未勝利		14	5.0	8	8.8	4.0	5	菅原明良	55.0	芝2000		良	**	2:04.1	0.7	**	1-1-1-1	37.3-35.3	36.0	464(+2)			アバンデル	55.0	202306040804
2021104490	2023-11-12	3福島4	曇	2.0	2歳未勝利		16	4.0	8	5.8	3.0	5	大野拓弥	56.0	芝2000		良	**	2:04.0	0.9	**	1-1-1-1	34.5-38.3	39.2	462(-2)			マイネルレグルス	55.0	202303030402
2021104490	2023-12-03	5中山2	晴	2.0	2歳未勝利		16	8.0	15	6.8	4.0	6	大野拓弥	56.0	ダ1800		良	**	1:57.5	2.5	**	4-4-4-4	37.1-40.1	41.9	464(+2)			モデルハント		202306050202
2021104490	2024-02-10	2小倉1	晴	2.0	3歳未勝利		14	5.0	7	6.1	2.0	6	丹内祐次	57.0	芝1800		稍	**	1:50.2	0.6	**	3-3-2-2	37.0-35.4	35.9	470(+6)			ジェロニモス		202410020102
2021104490	2024-02-24	2小倉5	晴	5.0	3歳未勝利		18	3.0	5	12.4	6.0	7	丹内祐次	57.0	芝2000		重	**	2:04.6	2.1	**	11-8-9-5	36.5-36.2	37.7	474(+4)			ゴージョニーゴー		202410020505
2021104490	2024-06-30	2福島2	曇	3.0	3歳未勝利		16	1.0	1	8.1	4.0	1	菊沢一樹	57.0	芝1200		良	**	1:09.0	-0.3	**	4-4	34.5-34.5	34.3	462(-12)			(ダイシンネイビー)	550.0	202403020203
2021104490	2024-09-21	4中山6	曇	4.0	3歳以上1勝クラス		15	4.0	7	18.4	6.0	5	菊沢一樹	56.0	芝1200		良	**	1:07.8	0.6	**	13-11	34.0-33.2	32.7	468(+6)			ステークホルダー	80.0	202406040604
2021104490	2024-11-03	3福島2	晴	8.0	3歳以上1勝クラス		16	6.0	12	5.4	2.0	4	菊沢一樹	57.0	芝1200		稍	**	1:11.2	0.4	**	11-11	34.5-36.3	35.9	472(+4)			ディージェーサン	120.0	202403030208
2021104490	2024-11-17	3福島6	晴	12.0	3歳以上1勝クラス		16	3.0	5	5.4	2.0	7	丹内祐次	57.0	芝1200		良	**	1:10.1	0.3	**	4-4	34.8-35.0	34.8	472(0)			マサノカナリア		202403030612
2021104490	2025-02-02	1小倉4	曇	12.0	4歳以上1勝クラス		18	7.0	14	11.1	5.0	5	丹内祐次	58.0	芝1200		稍	**	1:10.2	0.3	**	9-10	34.1-35.8	35.4	486(+14)			スマートジェイナ	40.0	202510010412
2021104490	2025-03-02	1小倉12	雨	7.0	4歳以上1勝クラス		17	7.0	13	7.6	2.0	2	丹内祐次	58.0	芝1200		重	**	1:10.5	0.1	**	10-10	34.2-36.2	35.3	486(0)			パクスロマーナ	320.0	202510011207
2021104490	2025-04-19	1福島3	晴	12.0	4歳以上1勝クラス		16	2.0	4	3.4	1.0	1	菊沢一樹	58.0	芝1200		良	**	1:08.5	-0.1	**	6-5	33.8-34.7	34.0	478(-8)			(ルージュレベッカ)	800.0	202503010312
2021104490	2025-05-31	2京都11	曇	12.0	4歳以上2勝クラス		13	4.0	5	23.9	8.0	11	菊沢一樹	58.0	芝1400		良	**	1:22.2	1.6	**	2-2	34.3-35.1	36.6	476(-2)			キタサンダムール		202508021112
2021104490	2025-06-29	2福島2	晴	9.0	郡山特別(2勝クラス)		11	4.0	4	29.8	7.0	8	菊沢一樹	58.0	芝1200		良	**	1:09.0	0.9	**	3-2	33.2-34.9	35.4	478(+2)			マックアルイーン		202503020209
2021104490	2025-09-27	4中山8	晴	10.0	勝浦特別(2勝クラス)		16	5.0	10	192.9	15.0	14	丸田恭介	58.0	芝1200		良	**	1:08.6	1.0	**	10-10	33.8-33.8	33.9	468(-10)			ソーダーンライト		202506040810
2021104490	2025-11-16	4京都4	晴	8.0	3歳以上2勝クラス		15	7.0	13	336.0	15.0	14	津村明秀	58.0	芝1400		良	**	1:21.5	0.8	**	13-12	35.0-34.4	34.4	476(+8)			アンダースコア		202508040408
2021104490	2026-01-17	1中山6	晴	12.0	4歳以上2勝クラス		16	5.0	10	174.6	14.0	11	津村明秀	58.0	芝1200		良	**	1:08.6	0.6	**	13-12	34.3-33.7	33.5	486(+10)			カンシン		202606010612
2021104665	2023-12-02	5中山1	晴	5.0	2歳新馬		15	3.0	5	5.2	2.0	1	マーカン	56.0	芝1200		良	**	1:09.0	-0.2	**	9-10	33.8-35.2	33.9	468(0)			(キングズブレス)	720.0	202306050105
2021104665	2024-01-06	1中山1	晴	7.0	3歳1勝クラス		13	5.0	6	3.2	2.0	9	横山武史	57.0	芝1200		良	**	1:08.4	0.8	**	9-9	32.9-34.7	34.5	474(+6)			スピリットガイド		202406010107
2021104665	2024-03-10	2中山6	晴	7.0	3歳1勝クラス		11	6.0	6	7.9	3.0	5	内田博幸	57.0	芝1200		稍	**	1:09.6	0.8	**	9-9	33.9-34.9	34.8	460(-14)			アララララ	78.0	202406020607
2021104665	2024-04-07	3中山6	晴	7.0	3歳1勝クラス		13	4.0	4	7.0	3.0	10	内田博幸	57.0	芝1200		重	**	1:10.6	0.9	**	10-8	34.6-35.1	35.2	466(+6)			タイセイフェスタ		202406030607
2021104665	2024-06-30	2福島2	雨	12.0	3歳以上1勝クラス		16	1.0	2	12.3	7.0	2	菊沢一樹	55.0	芝1200		良	**	1:08.6	0.0	**	8-7	34.0-34.6	34.1	462(-4)			テセラリアン	320.0	202403020212
2021104665	2024-07-20	2福島7	曇	9.0	南相馬特別(1勝クラス)		14	8.0	14	6.9	4.0	5	菊沢一樹	55.0	芝1200		良	**	1:09.3	0.6	**	9-9	34.2-34.5	34.3	460(-2)			クオレス	111.0	202403020709
2021104665	2024-08-10	2札幌1	晴	12.0	3歳以上1勝クラス		16	1.0	2	9.1	3.0	4	永野猛蔵	56.0	芝1200		良	**	1:08.9	0.3	**	10-8	32.8-35.8	34.7	466(+6)			ジョーメッドヴィン	120.0	202401020112
2021104665	2024-09-01	2札幌8	晴	6.0	3歳以上1勝クラス		16	1.0	1	6.8	3.0	1	永野猛蔵	56.0	芝1200		稍	**	1:09.9	-0.2	**	4-3	34.0-35.9	35.6	462(-4)			(シルバーダイヤ)	800.0	202401020806
2021104665	2024-09-28	4中山8	曇	10.0	茨城新聞杯(2勝クラス)		14	4.0	6	13.1	5.0	2	永野猛蔵	56.0	芝1200		良	**	1:08.0	0.1	**	7-7	32.9-35.0	34.0	460(-2)			ハピネスアゲン	628.6	202406040810
2021104665	2024-11-30	5中山1	晴	12.0	3歳以上2勝クラス		15	7.0	13	5.4	3.0	12	横山武史	57.0	芝1200		良	**	1:08.8	1.3	**	14-14	32.9-34.6	34.6	456(-4)			ステークホルダー		202406050112
2021104665	2025-09-27	4中山8	晴	10.0	勝浦特別(2勝クラス)		16	3.0	6	62.4	12.0	8	菊沢一樹	58.0	芝1200		良	**	1:08.1	0.5	**	9-8	33.8-33.8	33.6	460(+4)			ソーダーンライト		202506040810
2021104665	2025-11-09	5東京2	曇	12.0	3歳以上2勝クラス		18	6.0	11	66.0	11.0	6	吉田豊	58.0	芝1400		良	**	1:21.8	0.4	**	14-14	35.6-33.6	33.0	466(+6)			タイセイカレント		202505050212
2021104665	2025-12-07	5阪神2	晴	12.0	3歳以上2勝クラス		17	8.0	16	28.4	12.0	8	小崎綾也	58.0	芝1400		良	**	1:20.4	0.5	**	5-5	33.9-35.0	35.2	468(+2)			チューラワンサ		202509050212
2021104665	2026-01-17	1中山6	晴	12.0	4歳以上2勝クラス		16	7.0	13	14.3	7.0	7	丹内祐次	58.0	芝1200		良	**	1:08.4	0.4	**	4-2	34.3-33.7	33.9	474(+6)			カンシン		202606010612
2021104770	2023-06-11	1函館2	曇	5.0	2歳新馬		11	7.0	8	14.2	6.0	5	吉田隼人	55.0	芝1200		良	**	1:10.8	0.6	**	2-2	34.6-35.6	36.1	512(0)			ロータスワンド	72.0	202302010205
2021104770	2023-07-16	2函館6	曇	1.0	2歳未勝利		16	3.0	6	12.9	7.0	3	吉田隼人	55.0	芝1200		稍	**	1:12.5	0.3	**	3-4	35.9-36.3	36.3	512(0)			ピコサン	140.0	202302020601
2021104770	2023-08-06	1札幌6	雨	1.0	2歳未勝利		14	5.0	7	6.4	3.0	5	吉田隼人	55.0	芝1500		重	**	1:34.1	1.0	**	2-2-2	29.6-38.6	39.5	516(+4)			レーヴジーニアル	55.0	202301010601
2021104770	2023-08-19	2札幌3	晴	2.0	2歳未勝利		14	3.0	4	7.2	4.0	1	吉田隼人	55.0	ダ1700		良	**	1:48.3	0.0	**	1-1-1-1	30.4-38.8	38.8	518(+2)			(アンジュグルーヴ)	550.0	202301020302
2021104770	2023-10-14	4東京4	晴	9.0	プラタナス賞(1勝クラス)		14	7.0	11	57.6	9.0	10	戸崎圭太	56.0	ダ1600		良	**	1:39.2	1.9	**	2-2	35.1-37.5	39.2	526(+8)			イーグルノワール		202305040409
2021104770	2023-11-03	門別	晴	11.0	JBC2歳優駿(JpnIII)		12	6.0	7	27.9	6.0	8	吉田隼人	55.0	ダ1800		稍	**	2:00.0	5.7	**	1-1-1-4		45.0	528(+2)			フォーエバーヤング		202330110311
2021104770	2024-02-25	2小倉6	晴	9.0	ネモフィラ賞(1勝クラス)		12	5.0	5	18.1	8.0	8	秋山真一	57.0	ダ1700		稍	**	1:45.9	1.0	**	6-6-4-4	28.6-38.4	39.0	528(0)			エートラックス		202410020609
2021104770	2024-03-10	1阪神6	晴	6.0	3歳1勝クラス		14	1.0	1	85.3	10.0	6	鮫島克駿	57.0	ダ1400		良	**	1:26.0	1.2	**	10-10	35.2-37.4	37.2	526(-2)			ロードフォアエース		202409010606
2021104770	2024-03-24	2阪神2	雨	6.0	3歳1勝クラス		12	5.0	6	9.1	4.0	10	菱田裕二	57.0	ダ1200		不	**	1:12.1	1.6	**	8-7	34.6-35.9	36.7	520(-6)			ミライテーラー		202409020206
2021104770	2024-04-07	3中山6	晴	7.0	3歳1勝クラス		13	2.0	2	13.6	6.0	5	田辺裕信	57.0	芝1200		重	**	1:10.3	0.6	**	7-8	34.6-35.1	35.0	512(-8)			タイセイフェスタ	78.0	202406030607
2021104770	2024-06-16	4京都6	晴	8.0	3歳以上1勝クラス		15	6.0	10	126.3	11.0	11	荻野極	55.0	芝1400		良	**	1:22.1	0.8	**	10-9	35.3-34.1	34.3	512(0)			リチャードバローズ		202408040608
2021104770	2024-06-29	3小倉1	曇	8.0	3歳以上1勝クラス		12	5.0	5	142.5	10.0	10	中井裕二	55.0	芝1800		良	**	1:50.7	2.8	**	5-5-7-8	35.1-37.0	39.0	506(-6)			カズミクラーシュ		202410030108
2021104770	2024-09-07	4中山1	晴	8.0	3歳以上1勝クラス		15	3.0	5	56.4	9.0	14	菅原明良	55.0	ダ1800		良	**	1:55.2	2.6	**	6-6-6-7	36.7-38.1	40.3	526(+20)			ウンガイソウテン		202406040108
2021104770	2024-10-06	4東京2	曇	7.0	3歳以上1勝クラス		16	1.0	1	254.2	15.0	10	北村宏司	56.0	ダ1600		重	**	1:36.6	1.5	**	9-10	34.0-37.3	37.9	520(-6)			サトノアインス		202405040207
2021104770	2025-02-01	1小倉3	小雨	4.0	障害4歳以上未勝利		12	6.0	7	80.5	7.0	5	石神深一	59.0	障2860		良		3:14.2	4.2		5-5-5-5	106.0-0.0	13.6	532(+12)			ラエール	84.0	202510010304
2021104770	2025-02-23	1小倉10	曇	4.0	障害4歳以上未勝利		12	7.0	10	9.6	4.0	6	石神深一	59.0	障2860		良		3:14.3	1.1		1-1-1-1	108.0-0.0	13.6	530(-2)			サンデーヒーロー		202510011004
2021104770	2025-05-24	1新潟7	曇	4.0	障害4歳以上未勝利		13	7.0	10	12.2	4.0	9	石神深一	59.0	障2890		良		3:18.2	5.7		2-2-5-6	105.1-0.0	13.7	540(+10)			サクセスバラード		202504010704
2021104770	2025-09-14	4中山4	曇	1.0	障害3歳以上未勝利		9	7.0	7	9.5	4.0	4	石神深一	60.0	障2880		良		3:19.1	0.6		1-1-1-1	110.1-0.0	13.8	542(+2)			フェーングロッテン	130.0	202506040401
2021104770	2025-10-12	3京都4	曇	4.0	障害3歳以上未勝利		12	5.0	5	4.6	2.0	2	石神深一	60.0	障2910		良		3:19.3	1.2		1-1-1-2	105.1-0.0	13.7	538(-4)			ヴィアルークス	340.0	202508030404
2021104770	2026-01-17	1中山6	晴	4.0	障害4歳以上未勝利		12	8.0	11	4.5	2.0	8	石神深一	60.0	障2880		良		3:17.9	3.0		1-2-3-3	106.1-0.0	13.7	538(0)			コレクテイニア		202606010604
2021104832	2023-06-10	3阪神3	曇	5.0	2歳新馬		10	4.0	4	6.2	3.0	9	松山弘平	55.0	芝1600		良	**	1:39.1	2.5	**	10-10	37.0-34.0	35.1	486(0)			ヒヒーン		202309030305
2021104832	2023-06-24	3阪神7	曇	1.0	2歳未勝利		9	8.0	8	38.2	6.0	2	岩田望来	55.0	芝1600		良	**	1:35.8	0.7	**	2-2	34.9-37.2	37.4	480(-6)			フェンダー	220.0	202309030701
2021104832	2023-08-20	3小倉4	晴	2.0	2歳未勝利		5	5.0	5	3.7	2.0	1	団野大成	55.0	芝1800		良	**	1:51.0	-0.1	**	5-4-4-4	35.7-37.0	36.8	478(-2)			(ナムラエデン)	550.0	202310030402
2021104832	2023-09-23	4阪神6	晴	8.0	野路菊S(OP)		7	6.0	6	34.6	7.0	6	坂井瑠星	55.0	芝1800		良	**	1:46.9	0.9	**	2-2	35.5-35.2	36.1	478(0)			ヴェロキラプトル		202309040608
2021104832	2023-10-14	2京都4	曇	8.0	紫菊賞(1勝クラス)		5	2.0	2	10.7	4.0	5	団野大成	56.0	芝1800		良	**	1:48.0	0.8	**	2-2	37.0-34.0	34.7	478(0)			ジュンゴールド	107.0	202308020408
2021104832	2023-11-03	門別	晴	11.0	JBC2歳優駿(JpnIII)		12	5.0	6	29.7	7.0	11	團野大成	55.0	ダ1800		稍	**	2:01.1	6.8	**	5-8-8-9		44.8	486(+8)			フォーエバーヤング		202330110311
2021104832	2024-02-03	2京都3	晴	6.0	3歳1勝クラス		9	7.0	7	80.1	9.0	8	団野大成	57.0	ダ1800		良	**	1:55.6	2.9	**	6-6-7-8	37.6-37.9	39.8	476(-10)			マルチャレアル		202408020306
2021104832	2024-02-17	2京都7	晴	6.0	3歳1勝クラス		10	8.0	11	58.9	9.0	9	ルメート	57.0	芝1400		良	**	1:22.4	0.8	**	4-5	35.4-34.4	34.9	478(+2)			ナムラアトム		202408020706
2021104832	2024-03-10	1阪神6	晴	5.0	3歳1勝クラス		11	8.0	11	208.7	10.0	10	和田竜二	57.0	芝1600		良	**	1:34.0	0.6	**	8-7	35.4-34.2	34.1	480(+2)			ディスペランツァ		202409010605
2021104832	2024-08-18	2中京4	晴	8.0	3歳以上1勝クラス		16	3.0	5	155.2	12.0	10	杉原誠人	55.0	ダ1400		良	**	1:25.9	2.1	**	1-1	34.1-37.9	40.0	490(+10)			ヘルモーズ		202407020408
2021104832	2024-09-16	3中京5	晴	6.0	3歳以上1勝クラス		15	2.0	2	15.5	8.0	7	高杉吏麒	53.0	ダ1400		稍	**	1:24.8	0.9	**	7-7	34.8-37.3	37.4	484(-6)			ライズンシャイン		202407030506
2021104832	2024-10-05	4新潟1	晴	10.0	聖籠特別(1勝クラス)		18	8.0	16	36.0	10.0	9	杉原誠人	56.0	芝1600		良	**	1:34.7	0.6	**	5-5	36.0-34.0	34.2	484(0)			エコロマーズ		202404040110
2021104832	2024-12-14	4中京5	晴	6.0	3歳以上1勝クラス		16	8.0	16	15.0	7.0	9	杉原誠人	57.0	ダ1400		良	**	1:25.2	1.1	**	10-10	33.8-38.1	37.6	494(+10)			ミッドナイトラスタ		202407040506
2021104832	2025-03-15	1阪神5	小雨	7.0	4歳以上1勝クラス		16	7.0	14	66.2	12.0	14	幸英明	58.0	ダ1400		良	**	1:27.7	2.4	**	14-15	34.8-38.3	39.3	504(+10)			リネアグローリア		202509010507
2021104832	2025-03-30	2中京6	晴	6.0	4歳以上1勝クラス		11	1.0	1	74.7	9.0	6	角田大和	57.0	芝2200		良	**	2:16.0	0.7	**	4-5-5-5	36.1-34.8	35.1	502(-2)			インビジブルセルフ		202507020606
2021104832	2025-05-25	1新潟8	曇	9.0	二王子特別(1勝クラス)		15	8.0	16	10.4	5.0	12	菊沢一樹	58.0	芝1800		稍	**	1:51.3	1.3	**	3-3	36.9-35.5	36.5	500(-2)			ルトゥール		202504010809
2021104832	2025-06-07	3阪神1	曇	7.0	3歳以上1勝クラス		10	4.0	4	117.0	9.0	8	角田大和	58.0	芝2200		良	**	2:14.0	1.3	**	3-4-4-4	36.1-34.7	35.8	494(-6)			ヴァリディシームス		202509030107
2021104832	2025-08-02	1札幌3	晴	7.0	3歳以上1勝クラス		10	5.0	5	77.6	8.0	5	森田誠也	55.0	芝1800		良	**	1:47.4	0.8	**	3-3-3-4	36.1-34.9	35.4	492(-2)			ハートメテオ	80.0	202501010307
2021104832	2025-08-09	1札幌5	晴	9.0	3歳以上1勝クラス		10	5.0	5	55.8	5.0	5	森田誠也	55.0	芝1800		稍	**	1:49.3	1.4	**	5-5-3-4	36.1-35.3	36.2	492(0)			キングスコール	80.0	202501010509
2021104832	2025-08-31	2札幌4	曇	7.0	3歳以上1勝クラス		13	7.0	10	53.0	8.0	6	森田誠也	55.0	芝1800		稍	**	1:49.7	0.3	**	4-4-4-3	35.5-37.2	36.9	500(+8)			マイネルフーガ		202501020407
2021104832	2025-12-20	5中京5	小雨	8.0	ヤングJSFR中京1(1勝クラス)		16	8.0	15	9.1	6.0	1	古川奈穂	58.0	芝2000		稍	**	2:00.1	-0.1	**	1-2-1-1	36.2-35.9	35.9	510(+10)			(タマモランプ)	1148.5	202507050508
2021104832	2026-01-05	1京都2	晴	9.0	逢坂山特別(2勝クラス)		11	8.0	10	64.2	10.0	8	古川奈穂	58.0	芝1800		良	**	1:47.8	1.0	**	1-1	35.3-36.0	37.0	508(-2)			チェルノボーグ		202608010209
2021104832	2026-01-17	1京都6	晴	12.0	4歳以上2勝クラス		18	8.0	17	37.0	11.0	2	古川奈穂	55.0	芝1600		良	**	1:33.7	0.2	**	1-1	35.2-34.5	34.7	504(-4)			カズミクラーシュ	480.0	202608010612
2021104905	2023-10-22	2京都7	晴	5.0	2歳新馬		8	2.0	2	1.7	1.0	4	川田将雅	55.0	芝2000		良	**	2:02.6	1.2	**	4-3-3-2	36.3-35.2	36.0	476(0)			サンライズアース	110.0	202308020705
2021104905	2023-11-19	3京都6	晴	3.0	2歳未勝利		12	7.0	9	3.1	1.0	4	川田将雅	55.0	芝1800		稍	**	1:49.4	0.4	**	3-4	36.0-35.6	35.8	466(-10)			サンセットビュー	83.0	202308030603
2021104905	2024-05-04	1新潟3	晴	5.0	3歳未勝利		16	8.0	16	3.0	1.0	1	佐々木大	54.0	芝1800		良	**	1:48.3	-0.1	**	8-10	35.6-35.6	34.8	466(0)			(クスクス)	550.0	202404010305
2021104905	2024-09-15	3中京4	曇	11.0	関西TVローズS(GII)		15	7.0	12	111.3	15.0	14	和田竜二	55.0	芝2000		稍	**	2:01.9	2.0	**	9-10-10-11	36.1-35.6	35.1	474(+8)			クイーンズウォーク		202407030411
2021104905	2024-10-14	4新潟4	晴	12.0	3歳以上1勝クラス		16	5.0	9	9.9	5.0	7	田口貫太	53.0	芝1800		良	**	1:47.2	0.7	**	9-12	34.0-35.0	35.1	472(-2)			ムガ		202404040412
2021104905	2024-11-10	5東京4	曇	12.0	3歳以上1勝クラス		16	5.0	10	19.5	6.0	10	原優介	53.0	芝1800		良	**	1:47.9	0.6	**	15-15-15	36.1-34.5	33.0	468(-4)			ユキワリザクラ		202405050412
2021104905	2024-11-30	4中京1	曇	3.0	3歳以上1勝クラス		13	6.0	8	3.0	1.0	1	鮫島克駿	54.0	ダ1800		良	**	1:54.2	-0.2	**	2-2-2-2	37.4-38.1	37.9	470(+2)			(サイモンブーケ)	800.0	202407040103
2021104905	2025-07-12	2小倉5	晴	10.0	八女特別(2勝クラス)		13	4.0	5	4.1	2.0	13	坂井瑠星	56.0	ダ1700		良	**	1:51.3	3.9	**	6-6-6-7	30.0-39.5	42.9	478(+8)			ルフトクス		202510020510
2021104905	2026-01-05	1京都2	晴	9.0	逢坂山特別(2勝クラス)		11	2.0	2	37.5	9.0	6	鮫島克駿	56.0	芝1800		良	**	1:47.5	0.7	**	2-2	35.3-36.0	36.3	478(0)			チェルノボーグ		202608010209
2021104905	2026-01-17	1京都6	晴	12.0	4歳以上2勝クラス		18	7.0	15	55.6	12.0	10	鮫島克駿	56.0	芝1600		良	**	1:34.7	1.2	**	11-11	35.2-34.5	34.7	474(-4)			カズミクラーシュ		202608010612
2021104910	2023-06-25	1函館6	晴	5.0	2歳新馬		6	5.0	5	5.4	3.0	5	丸山元気	55.0	芝1200		良	**	1:12.7	1.2	**	4-3	36.1-35.4	36.2	462(0)			クールベイビー	72.0	202302010605
2021104910	2023-07-08	2函館3	曇	1.0	2歳未勝利		7	6.0	6	10.9	3.0	4	佐々木大	53.0	芝1200		良	**	1:10.6	0.9	**	4-4	34.5-35.2	35.7	460(-2)			セントキルダ	83.0	202302020301
2021104910	2023-07-16	2函館6	曇	1.0	2歳未勝利		16	6.0	11	52.3	8.0	5	北村友一	55.0	芝1200		稍	**	1:12.9	0.7	**	6-6	35.9-36.3	36.4	464(+4)			ピコサン	55.0	202302020601
2021104910	2023-11-04	3京都1	晴	1.0	2歳未勝利		16	1.0	1	18.1	7.0	2	北村友一	56.0	ダ1400		良	**	1:26.2	0.2	**	1-1	34.7-38.7	38.9	484(+20)			スターターン	220.0	202308030101
2021104910	2023-11-18	3京都5	曇	1.0	2歳未勝利		16	5.0	10	3.6	2.0	1	坂井瑠星	56.0	ダ1400		重	**	1:24.8	-0.1	**	1-2	35.1-37.3	37.3	484(0)			(テーオードラッカー)	550.0	202308030501
2021104910	2024-01-20	1京都6	曇	4.0	3歳1勝クラス		7	5.0	5	3.6	1.0	5	坂井瑠星	57.0	ダ1400		稍	**	1:24.7	1.3	**	3-3	34.8-36.6	37.6	484(0)			ワイワイレジェンド	78.0	202408010604
2021104910	2024-02-11	2京都6	晴	4.0	3歳1勝クラス		9	2.0	2	7.2	5.0	1	団野大成	57.0	ダ1400		良	**	1:24.7	-1.2	**	2-1	35.1-37.4	37.4	490(+6)			(ネグレスコ)	780.0	202408020604
2021104910	2024-03-10	1中京2	晴	10.0	昇竜S(OP)		9	8.0	9	2.8	1.0	5	川田将雅	57.0	ダ1400		良	**	1:26.1	0.7	**	5-5	35.9-37.1	37.4	492(+2)			チカッパ	180.0	202407010210
2021104910	2024-06-08	4京都3	曇	10.0	長浜特別(2勝クラス)		11	8.0	11	11.2	5.0	3	団野大成	55.0	ダ1400		良	**	1:24.7	0.4	**	3-3	35.5-36.8	36.9	484(-8)			テイエムリステット	393.3	202408040310
2021104910	2024-06-29	3小倉1	曇	10.0	熊本城特別(2勝クラス)		16	7.0	14	2.3	1.0	9	団野大成	55.0	ダ1700		稍	**	1:45.4	1.9	**	4-4-3-3	30.1-37.4	39.1	484(0)			メイショウホマレ		202410030110
2021104910	2025-04-05	2阪神3	曇	12.0	4歳以上2勝クラス		16	6.0	11	18.8	8.0	1	北村友一	58.0	ダ1400		良	**	1:24.7	-0.1	**	2-2	35.5-36.7	36.6	484(0)			(ワーズワース)	1140.0	202509020312
2021104910	2025-05-25	2京都10	曇	10.0	高瀬川S(3勝クラス)		16	8.0	15	5.0	2.0	13	浜中俊	58.0	ダ1400		重	**	1:23.5	1.3	**	3-4	34.2-36.3	37.2	484(0)			キャプテンネキ		202508021010
2021104910	2025-08-23	4中京1	晴	11.0	伊賀S(3勝クラス)		16	4.0	7	31.3	10.0	16	小沢大仁	56.0	ダ1400		良	**	1:25.1	1.6	**	3-3	34.0-37.4	38.8	482(-2)			プロトポロス		202507040111
2021104910	2025-11-16	5東京4	晴	9.0	銀嶺S(3勝クラス)		14	4.0	6	63.0	9.0	12	木幡巧也	55.0	ダ1400		良	**	1:25.5	2.1	**	3-3	35.2-36.2	38.0	484(+2)			ダノンフィーゴ		202505050409
2021104910	2026-01-17	1中山6	晴	10.0	アレキサンドライトS(3勝クラス)		16	4.0	8	87.5	12.0	9	木幡巧也	54.0	ダ1800		良	**	1:53.8	1.6	**	5-5-6-7	37.4-37.5	38.2	490(+6)			チュウワクリスエス		202606010610
2021105072	2023-07-16	3中京6	晴	5.0	2歳新馬		12	2.0	2	5.1	3.0	5	坂井瑠星	55.0	芝1600		良	**	1:36.4	1.1	**	4-4-3	37.3-34.5	35.1	458(0)			エンヤラヴフェイス	72.0	202307030605
2021105072	2024-01-28	1小倉6	小雨	6.0	3歳未勝利		15	7.0	13	9.2	5.0	3	西塚洸二	54.0	芝2000		良	**	2:03.7	0.6	**	1-1-1-1	36.2-35.4	36.0	460(+2)			グラヴィス	140.0	202410010606
2021105072	2024-02-24	1阪神1	晴	5.0	3歳未勝利		13	3.0	3	13.5	6.0	3	松山弘平	57.0	芝2000		稍	**	2:03.4	0.6	**	2-2-2-1	36.0-34.7	35.2	458(-2)			シュガークン	140.0	202409010105
2021105072	2024-03-17	1中京4	曇	5.0	3歳未勝利		16	5.0	9	3.8	2.0	3	西塚洸二	55.0	芝2000		良	**	2:02.5	0.3	**	5-5-7-6	37.0-35.0	34.7	464(+6)			クリノアドバンス	140.0	202407010405
2021105072	2024-05-05	1新潟4	晴	5.0	3歳未勝利		16	5.0	9	4.4	3.0	3	荻野極	57.0	芝1800		良	**	1:48.6	0.2	**	6-6	36.4-35.7	34.4	448(-16)			ハイディージェン	140.0	202404010405
2021105072	2024-05-26	3京都12	晴	5.0	3歳未勝利		14	3.0	3	2.8	1.0	1	菱田裕二	57.0	芝2000		良	**	2:00.8	0.0	**	3-3-4-4	36.2-34.8	34.4	452(+4)			(モズマーヴェリック)	550.0	202408031205
2021105072	2024-09-28	3中京8	曇	7.0	3歳以上1勝クラス		14	3.0	3	17.2	5.0	4	シュタル	55.0	芝2200		良	**	2:12.7	0.3	**	3-3-4-3	34.4-36.4	36.2	464(+12)			シャイニングソード	120.0	202407030807
2021105072	2024-10-19	4新潟5	雨	9.0	岩船特別(1勝クラス)		10	5.0	5	4.3	2.0	10	小沢大仁	55.0	芝2200		稍	**	2:20.7	1.7	**	8-9-7-7	38.6-35.5	36.6	458(-6)			ドゥレイクパセージ		202404040509
2021105072	2024-12-07	4中京3	曇	7.0	3歳以上1勝クラス		18	5.0	10	9.4	6.0	15	西塚洸二	55.0	芝2200		良	**	2:13.4	1.6	**	4-4-5-6	34.3-35.8	36.9	468(+10)			ファミリータイム		202407040307
2021105072	2025-03-15	2中京1	曇	8.0	4歳以上1勝クラス		18	6.0	11	11.5	4.0	2	西塚洸二	56.0	芝2200		良	**	2:15.2	0.1	**	4-4-3-3	36.3-35.2	34.9	468(0)			ファミリータイム	320.0	202507020108
2021105072	2025-04-06	2阪神4	晴	6.0	4歳以上1勝クラス		11	6.0	6	12.7	5.0	4	西塚洸二	57.0	芝2000		良	**	2:00.2	0.3	**	2-2-2-2	35.0-35.6	35.8	464(-4)			クリノアドバンス	120.0	202509020406
2021105072	2025-05-18	1新潟6	曇	7.0	4歳以上1勝クラス		13	6.0	9	2.6	1.0	1	西塚洸二	57.0	芝1800		良	**	1:48.9	0.0	**	2-2	37.0-35.2	35.1	460(-4)			(シンドリームシン)	800.0	202504010607
2021105072	2025-06-08	3阪神2	小雨	9.0	三木特別(2勝クラス)		8	3.0	3	4.1	2.0	3	西塚洸二	58.0	芝1800		良	**	1:46.7	0.3	**	2-3	36.2-33.8	33.9	466(+6)			テーオーダグラス	392.7	202509030209
2021105072	2025-10-26	4新潟4	雨	10.0	村上特別(2勝クラス)		16	6.0	11	9.0	5.0	4	西塚洸二	58.0	芝2000		稍	**	2:01.1	0.7	**	2-2	36.0-35.6	36.1	470(+4)			マイネルオーシャン	230.0	202504040410
2021105072	2026-01-17	1京都6	晴	9.0	稲荷特別(2勝クラス)		10	4.0	4	6.2	4.0	4	西塚洸二	58.0	芝2000		良	**	2:01.4	0.4	**	2-2-2-2	36.0-34.5	34.8	476(+6)			ジェットマグナム	240.0	202608010609
2021105260	2024-03-09	1中京1	晴	5.0	3歳未勝利		15	5.0	9	31.2	9.0	14	永島まな	52.0	芝1600		良	**	1:37.7	2.4	**	7-14-14	35.6-35.3	36.1	460(0)			ケイケイ		202407010105
2021105260	2024-05-11	1新潟5	晴	1.0	3歳未勝利		15	5.0	9	17.3	4.0	2	菊沢一樹	55.0	ダ1200		良	**	1:12.6	0.0	**	3-3	34.9-37.7	37.5	450(-10)			エンジェルスノー	220.0	202404010501
2021105260	2024-06-01	3東京1	晴	2.0	3歳未勝利		16	3.0	6	4.6	3.0	11	菊沢一樹	55.0	ダ1400		重	**	1:26.5	2.4	**	2-3	35.5-36.2	38.3	454(+4)			アルプスオジョー		202405030102
2021105260	2024-07-14	1函館12	晴	4.0	3歳未勝利		12	4.0	4	9.3	6.0	6	小林勝太	52.0	ダ1000		良	**	1:00.3	1.0	**	10-10	34.7-36.0	36.2	444(-10)			ペレグリン		202402011204
2021105260	2024-08-29	船橋	曇	2.0	今日は肉の日千葉の牛(3歳)		12	5.0	5	4.6	2.0	1	川島正太	54.0	ダ1200		良	**	1:14.9	-0.9	**	1-1-1	37.0-37.9	37.9	455(+11)			(ドナミント)	130.0	202443082902
2021105260	2024-09-25	船橋	曇	5.0	コキアスプリント(3歳)		12	8.0	11	1.3	1.0	1	川島正太	54.0	ダ1200		良	**	1:16.0	-0.2	**	2-2-1	37.6-38.4	38.2	451(-4)			(セレナエフォール)	200.0	202443092505
2021105260	2024-11-09	3福島3	晴	7.0	3歳以上1勝クラス		16	2.0	4	71.9	12.0	6	吉田隼人	55.0	ダ1150		良	**	1:09.2	0.9	**	6-3	31.7-36.6	37.1	444(-7)			シャカシャカシー		202403030307
2021105260	2024-11-30	4中京1	曇	2.0	3歳以上1勝クラス		16	2.0	3	50.8	12.0	9	吉田隼人	55.0	ダ1200		良	**	1:13.3	1.0	**	9-7	34.6-37.7	37.7	444(0)			イミュータブル		202407040102
2021105260	2025-02-08	1小倉5	晴	3.0	4歳以上1勝クラス		14	6.0	9	71.1	11.0	7	佐々木大	56.0	ダ1000		稍	**	0:59.0	1.3	**	6-7	33.5-35.3	35.7	454(+10)			タイセイアレス		202510010503
2021105260	2025-04-05	3中山3	晴	12.0	4歳以上1勝クラス		16	8.0	15	263.0	14.0	12	木幡巧也	56.0	ダ1200		稍	**	1:12.5	2.0	**	7-9	34.1-36.4	37.7	452(-2)			ロサンゼルス		202506030312
2021105260	2025-04-27	1福島6	晴	7.0	4歳以上1勝クラス		14	5.0	7	111.1	12.0	5	佐藤翔馬	53.0	芝1200		良	**	1:09.3	0.3	**	3-3	34.3-34.7	34.7	450(-2)			ライクアフラワー	80.0	202503010607
2021105260	2025-06-14	1函館1	晴	7.0	3歳以上1勝クラス		14	5.0	7	31.8	10.0	8	佐々木大	56.0	芝1200		良	**	1:08.2	1.0	**	3-3	32.6-34.6	35.3	446(-4)			ラパンチュール		202502010107
2021105260	2025-06-28	1函館5	晴	9.0	長万部特別(1勝クラス)		8	5.0	5	28.4	5.0	5	木幡巧也	56.0	芝1200		良	**	1:09.0	0.4	**	4-4	34.2-34.4	34.3	450(+4)			エルサトアナ	111.0	202502010509
2021105260	2025-07-19	1函館11	晴	12.0	3歳以上1勝クラス		16	1.0	2	10.9	5.0	2	佐々木大	56.0	芝1200		良	**	1:08.6	0.2	**	5-5	33.4-35.0	34.6	456(+6)			マジカルフェアリー	320.0	202502011112
2021105260	2025-07-26	1札幌1	曇	7.0	3歳以上1勝クラス		8	1.0	1	2.8	1.0	1	佐々木大	56.0	芝1200		良	**	1:08.7	-0.2	**	4-4	33.7-35.0	34.0	446(-10)			(ハイファイスピード)	800.0	202501010107
2021105260	2025-09-06	2札幌5	曇	10.0	札幌スポニチ賞(2勝クラス)		16	6.0	11	23.7	9.0	16	浜中俊	56.0	芝1200		良	**	1:10.9	1.6	**	9-10	34.3-35.0	35.8	456(+10)			サウンドモリアーナ		202501020510
2021105260	2025-11-09	5東京2	曇	12.0	3歳以上2勝クラス		18	5.0	10	218.0	15.0	9	木幡巧也	56.0	芝1400		良	**	1:22.1	0.7	**	10-10	35.6-33.6	33.6	450(-6)			タイセイカレント		202505050212
2021105260	2026-01-17	1中山6	晴	12.0	4歳以上2勝クラス		16	8.0	15	214.8	16.0	15	木幡巧也	56.0	芝1200		良	**	1:09.1	1.1	**	13-15	34.3-33.7	34.0	462(+12)			カンシン		202606010612
2021105295	2023-07-16	2函館6	曇	5.0	2歳新馬		14	6.0	9	2.7	1.0	9	武豊	55.0	芝1800		稍	**	1:53.0	2.0	**	2-2-2-2	36.6-36.2	38.2	472(0)			マーゴットソラーレ		202302020605
2021105295	2023-08-06	1札幌6	雨	1.0	2歳未勝利		14	4.0	5	5.1	2.0	1	武豊	55.0	芝1500		重	**	1:33.1	-0.1	**	1-1-1	29.6-38.6	38.6	474(+2)			(カレンナオトメ)	550.0	202301010601
2021105295	2023-10-07	4東京1	晴	11.0	サウジアラビアRC(GIII)		9	7.0	7	36.0	4.0	4	横山和生	56.0	芝1600		良	**	1:33.8	0.4	**	1-1	34.9-34.2	34.6	476(+2)			ゴンバデカーブース	500.0	202305040111
2021105295	2023-11-19	3京都6	晴	9.0	秋明菊賞(1勝クラス)		8	2.0	2	4.8	3.0	4	横山和生	56.0	芝1400		良	**	1:21.3	0.6	**	1-2	34.8-34.7	35.2	472(-4)			ダノンマッキンリー	160.0	202308030609
2021105295	2024-08-25	2札幌6	晴	8.0	3歳以上1勝クラス		14	2.0	2	3.9	2.0	3	横山典弘	55.0	芝1500		良	**	1:28.4	0.4	**	1-1-1	28.8-35.8	36.2	490(+18)			チュウワダンス	200.0	202401020608
2021105295	2024-09-21	3中京6	晴	10.0	賢島特別(2勝クラス)		16	7.0	14	12.2	6.0	16	横山典弘	53.0	芝1200		良	**	1:09.9	1.5	**	16-16	34.2-34.2	33.5	484(-6)			フィオライア		202407030610
2021105295	2024-10-27	4東京8	曇	6.0	3歳以上1勝クラス		18	8.0	16	10.0	7.0	5	横山典弘	56.0	芝1400		良	**	1:21.2	0.1	**	5-6	34.9-34.0	33.7	486(+2)			エヴァンスウィート	80.0	202405040806
2021105295	2025-12-07	5中京2	晴	8.0	3歳以上1勝クラス		18	7.0	15	22.6	7.0	1	吉田隼人	58.0	芝1400		良	**	1:20.4	-0.1	**	4-4	34.6-34.4	34.0	488(+2)			(エイヘンハールト)	800.0	202507050208
2021105295	2025-12-21	5中京6	曇	12.0	尾張特別(2勝クラス)		18	6.0	12	5.3	1.0	5	国分優作	56.0	芝1400		稍	**	1:22.2	0.3	**	6-6	34.6-35.5	35.0	486(-2)			リチャードバローズ	155.0	202507050612
2021105295	2026-01-17	1京都6	晴	12.0	4歳以上2勝クラス		18	5.0	10	9.6	6.0	5	国分優作	58.0	芝1600		良	**	1:34.0	0.5	**	5-5	35.2-34.5	34.5	490(+4)			カズミクラーシュ	119.0	202608010612
2021105431	2023-07-09	2福島4	晴	5.0	2歳新馬		11	4.0	4	3.5	2.0	1	団野大成	55.0	芝2000		良	**	2:04.4	0.0	**	2-2-2-1	36.0-36.4	36.4	500(0)			(マイファミリー)	720.0	202303020405
2021105431	2023-09-23	4阪神6	晴	8.0	野路菊S(OP)		7	1.0	1	13.7	6.0	3	団野大成	55.0	芝1800		良	**	1:46.2	0.2	**	6-5	35.5-35.2	35.0	506(+6)			ヴェロキラプトル	402.2	202309040608
2021105431	2023-11-12	3京都4	曇	9.0	黄菊賞(1勝クラス)		7	6.0	6	2.3	1.0	6	ムーア	56.0	芝2000		良	**	2:02.2	0.4	**	3-5-3-4	36.5-35.4	35.5	506(0)			センチュリボンド		202308030409
2021105431	2023-12-02	5中山1	晴	9.0	葉牡丹賞(1勝クラス)		9	2.0	2	37.6	7.0	8	津村明秀	56.0	芝2000		良	**	2:01.2	0.8	**	6-7-7-8	36.2-34.4	34.3	498(-8)			トロヴァトーレ		202306050109
2021105431	2024-01-28	1小倉6	小雨	9.0	くすのき賞(1勝クラス)		10	1.0	1	6.8	4.0	2	鮫島克駿	57.0	ダ1700		良	**	1:47.1	0.1	**	10-5-1-1	30.4-38.2	38.3	516(+18)			シークレットキー	436.4	202410010609
2021105431	2024-03-02	1阪神3	曇	6.0	3歳1勝クラス		6	2.0	2	5.8	3.0	6	ムルザバ	57.0	ダ1800		稍	**	1:55.4	2.9	**	4-3-3-3	36.6-38.4	40.8	506(-10)			ハビレ		202409010306
2021105431	2024-05-19	3京都10	小雨	6.0	3歳1勝クラス		12	8.0	14			取	北村友一	57.0	ダ1800		良	**			**		35.9-37.7		計不			デトネイション		202408031006
2021105431	2024-07-06	3小倉3	晴	12.0	3歳以上1勝クラス		16	3.0	5	11.2	6.0	3	吉村誠之	52.0	ダ1700		良	**	1:45.9	0.4	**	2-3-3-2	29.9-38.1	38.4	502(-4)			キタノズエッジ	200.0	202410030312
2021105431	2024-08-18	2中京4	晴	8.0	3歳以上1勝クラス		16	6.0	11	10.7	5.0	1	吉村誠之	52.0	ダ1400		良	**	1:23.8	-0.6	**	14-12	34.1-37.9	36.5	504(+2)			(メイショウミシガン)	800.0	202407020408
2021105431	2024-09-29	3中京9	曇	12.0	3歳以上2勝クラス		16	5.0	10	3.4	1.0	2	吉村誠之	53.0	ダ1400		稍	**	1:23.4	0.0	**	3-3	35.0-36.4	36.1	504(0)			リンドラゴ	460.0	202407030912
2021105431	2024-11-10	6京都4	晴	8.0	3歳以上2勝クラス		13	5.0	7	1.9	1.0	1	Ｃ．デム	57.0	ダ1400		良	**	1:24.0	0.0	**	5-4	34.3-37.9	37.1	512(+8)			(マイド)	1140.0	202408060408
2021105431	2025-01-18	1中京6	晴	11.0	遠江S(3勝クラス)		16	6.0	11	16.0	6.0	11	Ｍ．デム	57.0	ダ1400		良	**	1:24.9	1.6	**	9-10	35.3-35.8	36.6	512(0)			モズミギカタアガリ		202507010611
2021105431	2025-03-15	2中京1	小雨	11.0	中京スポーツ杯(3勝クラス)		16	8.0	16	19.9	6.0	10	シュタル	58.0	ダ1400		良	**	1:25.4	0.9	**	5-5	35.8-36.3	36.9	516(+4)			リジル		202507020111
2021105431	2025-04-20	2阪神8	曇	10.0	天満橋S(3勝クラス)		16	5.0	10	16.4	8.0	3	吉村誠之	54.0	ダ1400		良	**	1:24.6	0.2	**	3-2	34.5-37.4	37.2	514(-2)			ローズスター	465.1	202509020810
2021105431	2025-05-25	2京都10	曇	10.0	高瀬川S(3勝クラス)		16	1.0	2	10.1	5.0	3	吉村誠之	58.0	ダ1400		重	**	1:22.6	0.4	**	11-11	34.2-36.3	35.6	516(+2)			キャプテンネキ	465.1	202508021010
2021105431	2025-06-07	3東京1	曇	11.0	麦秋S(3勝クラス)		16	6.0	12	4.6	3.0	13	レーン	56.0	ダ1400		良	**	1:24.7	2.0	**	15-15	34.8-35.9	36.4	514(-2)			サフランヒーロー		202505030111
2021105431	2025-11-23	4京都6	晴	10.0	LトレーナーC(3勝クラス)		16	5.0	10	53.9	13.0	9	北村友一	58.0	ダ1400		良	**	1:24.3	0.6	**	15-12	34.9-36.6	36.3	524(+10)			フェルヴェンテ		202508040610
2021105431	2026-01-17	1京都6	晴	11.0	羅生門S(3勝クラス)		16	7.0	14	57.9	10.0	8	北村友一	58.0	ダ1400		良	**	1:25.1	1.2	**	6-6	35.3-36.2	36.8	524(0)			エストレヤデベレン		202608010611
2021105564	2023-11-11	3京都3	晴	5.0	2歳新馬		11	8.0	10	16.5	5.0	3	松山弘平	56.0	芝1800		稍	**	1:50.9	0.5	**	6-5	36.9-33.9	33.9	504(0)			オスカーブレーヴ	180.0	202308030305
2021105564	2024-01-06	1京都1	曇	5.0	3歳未勝利		17	2.0	3	6.3	3.0	2	松山弘平	57.0	芝1800		良	**	1:48.5	0.1	**	8-9	34.9-35.3	35.0	500(-4)			エラトー	220.0	202408010105
2021105564	2024-01-27	2京都1	曇	5.0	3歳未勝利		9	8.0	8	1.8	1.0	2	松山弘平	57.0	芝1800		良	**	1:47.4	0.1	**	5-4	34.8-35.8	35.6	496(-4)			スマートワイス	220.0	202408020105
2021105564	2024-03-17	1阪神8	雨	5.0	3歳未勝利		13	6.0	8	1.5	1.0	1	川田将雅	57.0	芝1800		良	**	1:46.3	-0.5	**	4-3	34.8-34.7	34.4	492(-4)			(ツーネサーン)	550.0	202409010805
2021105564	2024-04-06	3中山5	曇	11.0	ニュージーランドT(GII)		16	1.0	1	9.3	5.0	4	菅原明良	57.0	芝1600		稍	**	1:34.6	0.2	**	9-7-7	36.0-35.5	35.1	482(-10)			エコロブルーム	810.0	202406030511
2021105564	2024-06-29	3小倉1	曇	8.0	3歳以上1勝クラス		12	5.0	6	1.3	1.0	1	川田将雅	55.0	芝1800		良	**	1:47.9	-0.2	**	7-7-2-1	35.1-37.0	37.0	492(+10)			(エコロマーズ)	800.0	202410030108
2021105564	2024-07-27	2新潟1	曇	6.0	豊栄特別(2勝クラス)		18	8.0	17	12.4	7.0	18	幸英明	55.0	芝1600		良	**	1:34.2	2.1	**	7-6	35.1-33.4	35.1	488(-4)			トラマンダーレ		202404020106
2021105564	2025-09-21	4中山7	曇	9.0	木更津特別(2勝クラス)		9	6.0	6	16.4	5.0	8	岩田望来	58.0	芝1600		良	**	1:33.6	1.6	**	5-5-6	34.2-35.4	35.9	492(+4)			ヒシアマン		202506040709
2021105564	2026-01-17	1京都6	晴	12.0	4歳以上2勝クラス		18	4.0	8	21.6	9.0	1	岩田望来	58.0	芝1600		良	**	1:33.5	-0.2	**	4-2	35.2-34.5	34.2	512(+20)			(モアリジット)	1190.0	202608010612
2021105598	2023-06-25	3阪神8	曇	5.0	2歳新馬		7	1.0	1	2.0	1.0	4	ルメール	55.0	芝1800		良	**	1:50.0	1.2	**	3-3	36.1-34.2	35.1	456(0)			ギャンブルルーム	110.0	202309030805
2021105598	2023-09-16	4阪神3	晴	2.0	2歳未勝利		16	5.0	10	3.2	2.0	2	ルメール	55.0	ダ1400		良	**	1:26.4	0.8	**	3-3	34.9-38.4	38.9	472(+16)			リジル	220.0	202309040302
2021105598	2023-10-15	2京都5	晴	1.0	2歳未勝利		9	6.0	6	1.8	1.0	1	ルメール	56.0	ダ1400		重	**	1:26.4	-0.2	**	5-5	35.2-39.0	37.6	474(+2)			(プレヴィスト)	550.0	202308020501
2021105598	2023-12-10	5中山4	晴	7.0	2歳1勝クラス		16	8.0	16	7.9	4.0	4	津村明秀	56.0	ダ1800		良	**	1:54.1	1.6	**	2-2-2-2	37.1-37.9	39.4	474(0)			ミッキーファイト	120.0	202306050407
2021105598	2024-01-20	1京都6	曇	4.0	3歳1勝クラス		7	4.0	4	4.8	3.0	4	和田竜二	57.0	ダ1400		稍	**	1:24.5	1.1	**	5-6	34.8-36.6	37.1	474(0)			ワイワイレジェンド	120.0	202408010604
2021105598	2024-02-11	1東京6	晴	7.0	3歳1勝クラス		15	3.0	5	15.6	6.0	4	戸崎圭太	57.0	ダ1600		稍	**	1:38.2	0.7	**	6-6	34.8-37.7	37.6	470(-4)			ラタフォレスト	120.0	202405010607
2021105598	2024-08-11	2札幌2	晴	6.0	3歳以上1勝クラス		13	4.0	5	3.4	1.0	1	武豊	55.0	ダ1700		良	**	1:46.3	0.0	**	3-3-2-2	30.5-39.2	38.4	476(+6)			(ポワンキュルミナン)	800.0	202401020206
2021105598	2024-08-31	2札幌7	曇	9.0	インディアT(2勝クラス)		13	7.0	10	4.6	1.0	11	武豊	55.0	ダ1700		重	**	1:45.9	2.3	**	10-11-7-10	30.6-36.1	37.9	480(+4)			クラヴィコード		202401020709
2021105598	2024-10-20	4東京6	晴	12.0	3歳以上2勝クラス		14	7.0	11	5.1	2.0	4	津村明秀	56.0	ダ1600		良	**	1:38.0	0.6	**	2-2	36.4-36.1	36.7	476(-4)			ロジアデレード	170.0	202405040612
2021105598	2024-11-10	6京都4	晴	8.0	3歳以上2勝クラス		13	6.0	8	6.7	3.0	6	ルメール	57.0	ダ1400		良	**	1:24.2	0.2	**	7-6	34.3-37.9	37.0	478(+2)			ヘルモーズ		202408060408
2021105598	2024-12-22	7京都8	晴	8.0	3歳以上2勝クラス		16	4.0	8	8.7	4.0	3	浜中俊	57.0	ダ1400		良	**	1:25.8	0.4	**	2-1	36.0-37.6	37.9	488(+10)			スターペスカオリ	290.0	202408070808
2021105598	2025-01-13	1中京5	晴	9.0	鳥羽特別(2勝クラス)		16	2.0	3	16.0	8.0	5	浜中俊	57.0	ダ1400		良	**	1:25.2	0.4	**	4-4	34.8-37.4	37.6	486(-2)			エムズマインド	155.0	202507010509
2021105598	2025-02-02	1東京2	小雨	8.0	4歳以上2勝クラス		16	8.0	15	5.8	3.0	5	浜中俊	58.0	ダ1400		稍	**	1:25.2	1.3	**	3-3	35.5-36.3	37.4	480(-6)			アッチャゴーラ	114.0	202505010208
2021105598	2025-03-01	1小倉11	曇	11.0	早鞆特別(2勝クラス)		15	7.0	12	5.4	3.0	14	丹内祐次	55.0	ダ1700		良	**	1:46.7	1.3	**	3-3-2-4	30.7-36.6	37.7	482(+2)			コブラ		202510011111
2021105598	2025-05-17	2東京7	曇	10.0	立川特別(2勝クラス)		12	5.0	6	9.5	6.0	9	津村明秀	58.0	ダ1400		不	**	1:24.3	1.3	**	4-4	34.4-36.7	37.3	492(+10)			アンジュフィールド		202505020710
2021105598	2025-06-29	2小倉2	晴	10.0	西部日刊スポーツ杯(2勝クラス)		15	6.0	10	10.6	5.0	2	松若風馬	58.0	ダ1700		良	**	1:45.8	0.2	**	13-14-5-3	29.9-37.6	37.3	486(-6)			メイショウフウドウ	629.0	202510020210
2021105598	2025-09-07	4阪神2	晴	12.0	3歳以上2勝クラス		12	4.0	4	7.5	3.0	1	松若風馬	58.0	ダ1400		良	**	1:24.2	-0.4	**	1-1	35.3-36.8	36.8	490(+4)			(アラナコア)	1140.0	202509040212
2021105598	2025-09-20	4阪神6	曇	11.0	大阪スポーツ杯(3勝クラス)		13	8.0	12	6.0	3.0	7	松若風馬	58.0	ダ1400		良	**	1:24.8	0.5	**	2-2	35.6-36.6	37.0	492(+2)			スターペスカオリ		202509040611
2021105598	2025-11-23	4京都6	晴	10.0	LトレーナーC(3勝クラス)		16	5.0	9	6.7	4.0	10	Ｃ．デム	58.0	ダ1400		良	**	1:24.4	0.7	**	5-3	34.9-36.6	36.9	494(+2)			フェルヴェンテ		202508040610
2021105598	2025-12-21	5阪神6	雨	9.0	御影S(3勝クラス)		16	7.0	14	13.7	6.0	2	Ｃ．デム	58.0	ダ1400		重	**	1:22.5	0.0	**	7-7	34.0-36.8	36.2	492(-2)			トリリオンボーイ	749.6	202509050609
2021105598	2026-01-17	1京都6	晴	11.0	羅生門S(3勝クラス)		16	6.0	12	10.5	5.0	13	坂井瑠星	58.0	ダ1400		良	**	1:25.4	1.5	**	3-3	35.3-36.2	37.4	494(+2)			エストレヤデベレン		202608010611
2021105599	2024-03-17	2中山8	晴	5.0	3歳未勝利		16	4.0	7	2.9	2.0	9	ルメール	55.0	芝1600		良	**	1:36.3	0.8	**	12-13-14	36.4-35.6	35.1	458(0)			デイジー		202406020805
2021105599	2024-05-05	2東京6	晴	4.0	3歳未勝利		18	3.0	5	4.8	2.0	2	ルメール	55.0	芝1800		良	**	1:47.8	0.3	**	2-2-2	36.2-34.9	35.2	456(-2)			サトノラクローヌ	220.0	202405020604
2021105599	2024-08-11	3新潟2	晴	6.0	3歳未勝利		18	2.0	4	2.3	1.0	8	ルメール	55.0	芝1800		良	**	1:47.8	0.9	**	6-6	35.1-35.1	35.4	442(-14)			エイシンポリシー		202404030206
2021105599	2024-11-04	大井	晴	5.0	C215　1617(C216)		10	2.0	2	1.5	1.0	1	Ｒ．クア	54.0	ダ1600		稍	**	1:42.5	-0.8	**	1-1-1-1	38.4-39.3	39.3	447(+5)			(ココナッツガーデン)	100.0	202444110405
2021105599	2024-12-04	大井	晴	6.0	C2九　十		13	1.0	1	1.1	1.0	1	Ｒ．クア	54.0	ダ1600		良	**	1:43.0	-1.5	**	1-1-1-1	39.3-38.5	38.5	453(+6)			(ピンネシリ)	100.0	202444120406
2021105599	2025-02-15	1東京5	晴	12.0	4歳以上1勝クラス		16	3.0	5	7.6	4.0	1	戸崎圭太	56.0	芝1600		良	**	1:33.5	0.0	**	1-1	34.9-35.2	35.2	458(+5)			(レッドレナート)	800.0	202505010512
2021105599	2025-04-27	2東京2	晴	8.0	4歳以上2勝クラス		14	6.0	10	2.8	1.0	1	戸崎圭太	56.0	芝1400		良	**	1:20.4	-0.1	**	2-3	35.1-33.5	33.4	456(-2)			(アニトラ)	1140.0	202505020208
2021105599	2025-06-22	3東京6	晴	10.0	多摩川S(3勝クラス)		16	4.0	7	4.6	2.0	4	レーン	56.0	芝1400		良	**	1:21.4	0.2	**	2-2	35.5-34.3	34.4	450(-6)			セフィロ	280.0	202505030610
2021105599	2025-10-04	4東京1	小雨	10.0	白秋S(3勝クラス)		15	1.0	1	5.1	2.0	11	戸崎圭太	55.0	芝1400		良	**	1:20.8	1.0	**	2-2	34.4-34.0	34.9	450(0)			レッドシュヴェルト		202505040110
2021105599	2025-12-07	5中山2	晴	9.0	南総S(3勝クラス)		12	7.0	9	10.7	5.0	1	マーカン	56.0	芝1200		良	**	1:07.2	-0.1	**	6-3	32.8-34.4	33.9	460(+10)			(ソーダーンライト)	1867.3	202506050209
2021105599	2026-01-17	1中山6	晴	11.0	カーバンクルS(OP)		16	1.0	2	5.3	2.0	12	石川裕紀	53.0	芝1200		良	**	1:08.1	0.7	**	4-4	33.7-33.7	34.1	462(+2)			ウイングレイテスト		202606010611
2021105608	2023-10-01	4阪神9	曇	5.0	2歳新馬		9	8.0	8	4.1	3.0	1	和田竜二	55.0	芝2000		稍	**	2:02.1	0.0	**	1-1-1-1	36.9-35.2	35.2	512(0)			(ガルデルクラージュ)	720.0	202309040905
2021105608	2023-11-25	3京都7	晴	11.0	ラジオN杯京都2歳S(GIII)		14	8.0	14	105.4	13.0	10	和田竜二	56.0	芝2000		良	**	2:00.7	0.9	**	1-1-1-1	35.0-35.9	36.8	508(-4)			シンエンペラー		202308030711
2021105608	2024-01-06	1中山1	晴	10.0	ジュニアC(L)		10	8.0	10	14.1	7.0	10	ピーヒュ	57.0	芝1600		良	**	1:34.3	1.8	**	2-2-2	34.8-34.6	36.2	498(-10)			キャプテンシー		202406010110
2021105608	2024-03-23	2阪神1	雨	7.0	3歳1勝クラス		10	5.0	5	7.0	4.0	5	ムルザバ	57.0	芝1400		重	**	1:23.6	0.5	**	5-4	35.7-35.5	35.7	500(+2)			コーティアスマナー	78.0	202409020107
2021105608	2024-04-28	3京都4	晴	5.0	3歳1勝クラス		12	6.0	7	22.7	6.0	3	和田竜二	57.0	ダ1400		良	**	1:24.7	1.2	**	1-1	34.0-37.5	38.7	498(-2)			テイエムリステット	200.0	202408030405
2021105608	2024-05-18	3京都9	晴	6.0	3歳1勝クラス		15	8.0	14	5.7	4.0	2	和田竜二	57.0	ダ1400		良	**	1:24.4	0.0	**	2-2	34.8-37.5	37.3	502(+4)			アレ	310.0	202408030906
2021105608	2024-06-08	4京都3	晴	12.0	3歳以上1勝クラス		15	4.0	8	2.5	1.0	1	和田竜二	55.0	ダ1400		良	**	1:24.3	-0.5	**	2-2	34.7-37.4	37.2	504(+2)			(ジャーヴィス)	800.0	202408040312
2021105608	2024-08-31	2中京7	小雨	10.0	鳥羽特別(2勝クラス)		15	2.0	2	3.1	1.0	1	和田竜二	55.0	ダ1400		不	**	1:23.4	-0.3	**	1-1	34.7-36.8	36.8	506(+2)			(カフェニクス)	1584.3	202407020710
2021105608	2024-09-21	3中京6	曇	11.0	伊賀S(3勝クラス)		15	2.0	2	7.2	2.0	9	和田竜二	55.0	ダ1400		良	**	1:24.3	1.1	**	2-2	34.4-36.9	37.9	506(0)			エミサキホコル		202407030611
2021105608	2024-11-17	6京都6	曇	10.0	グランアレグリアC(3勝クラス)		15	2.0	2	5.8	3.0	7	Ｃ．デム	57.0	ダ1400		良	**	1:24.6	1.1	**	2-2	34.1-37.5	38.4	504(-2)			インビンシブルパパ		202408060610
2021105608	2025-01-18	1中京6	晴	11.0	遠江S(3勝クラス)		16	7.0	14	16.4	7.0	8	西村淳也	57.0	ダ1400		良	**	1:24.3	1.0	**	2-2	35.3-35.8	36.6	512(+8)			モズミギカタアガリ		202507010611
2021105608	2025-04-06	2阪神4	晴	12.0	陽春S(3勝クラス)		11	7.0	9	5.6	2.0	6	和田竜二	58.0	ダ1200		良	**	1:11.8	0.4	**	2-2	34.3-37.1	37.3	508(-4)			エコロガイア		202509020412
2021105608	2025-06-15	3阪神4	晴	10.0	花のみちS(3勝クラス)		18	1.0	2	72.4	14.0	18	鮫島克駿	58.0	芝1600		稍	**	1:40.4	7.8	**	1-2	34.1-35.0	42.8	502(-6)			ブルーミンデザイン		202509030410
2021105608	2025-09-28	4中山9	晴	12.0	外房S(3勝クラス)		16	3.0	6	9.8	5.0	1	菅原明良	55.0	ダ1200		良	**	1:10.9	-0.1	**	4-4	33.7-37.2	36.9	494(-8)			(ショウナンアビアス)	1877.8	202506040912
2021105608	2025-11-08	4京都1	晴	11.0	室町S(OP)		16	6.0	11	20.5	9.0	7	西村淳也	54.0	ダ1200		良	**	1:10.9	0.6	**	12-9	34.2-36.1	35.7	486(-8)			ペプチドヤマト		202508040111
2021105608	2026-01-17	1中山6	晴	11.0	カーバンクルS(OP)		16	2.0	3	55.3	12.0	8	三浦皇成	54.0	芝1200		良	**	1:07.7	0.3	**	6-6	33.7-33.7	33.5	484(-2)			ウイングレイテスト		202606010611
2021105677	2023-11-11	3京都3	晴	4.0	2歳新馬		11	8.0	10	2.3	1.0	3	ムーア	56.0	芝1600		重	**	1:36.0	0.4	**	3-3	35.8-35.8	36.1	488(0)			キーウェーブ	180.0	202308030304
2021105677	2023-12-03	5阪神2	晴	1.0	2歳未勝利		13	6.0	8	4.1	2.0	5	西村淳也	56.0	ダ1800		良	**	1:56.8	0.9	**	2-2-2-1	37.4-39.3	40.1	480(-8)			アリエスキング	55.0	202309050201
2021105677	2024-02-11	2京都6	晴	2.0	3歳未勝利		16	1.0	2	3.9	3.0	2	西村淳也	57.0	ダ1200		良	**	1:12.3	0.7	**	1-1	35.4-36.2	36.9	484(+4)			インユアパレス	220.0	202408020602
2021105677	2024-02-24	1阪神1	曇	3.0	3歳未勝利		15	4.0	6	1.1	1.0	1	ムルザバ	57.0	ダ1200		稍	**	1:12.5	-1.1	**	1-1	36.0-36.5	36.5	484(0)			(カズトシクン)	550.0	202409010103
2021105677	2024-04-13	2阪神7	晴	6.0	3歳1勝クラス		15	2.0	2	5.4	3.0	8	ムルザバ	57.0	ダ1200		良	**	1:13.5	1.6	**	5-7	34.9-37.0	38.1	490(+6)			ジョーローリット		202409020706
2021105677	2024-06-22	4京都7	曇	8.0	3歳以上1勝クラス		16	5.0	9	39.4	8.0	12	西村淳也	55.0	ダ1400		稍	**	1:26.1	2.7	**	3-4	34.6-36.5	38.8	490(0)			クリノキングマン		202408040708
2021105677	2024-09-16	3中京5	晴	6.0	3歳以上1勝クラス		15	4.0	6	7.5	2.0	12	西村淳也	56.0	ダ1400		稍	**	1:26.0	2.1	**	11-13	34.8-37.3	38.1	492(+2)			ライズンシャイン		202407030506
2021105677	2024-12-07	7京都3	晴	8.0	3歳以上1勝クラス		12	6.0	9	8.6	5.0	3	Ｃ．デム	57.0	ダ1200		良	**	1:12.9	0.5	**	3-3	35.6-36.8	37.0	496(+4)			メイショウヤーキス	200.0	202408070308
2021105677	2024-12-21	7京都7	曇	8.0	3歳以上1勝クラス		16	6.0	11	13.0	6.0	16	Ｃ．デム	57.0	ダ1400		良	**	1:28.4	3.6	**	7-8	35.4-36.9	39.7	496(0)			ビダーヤ		202408070708
2021105677	2025-03-22	2中京3	晴	12.0	4歳以上1勝クラス		16	2.0	3	11.6	6.0	16	シュタル	58.0	ダ1200		良	**	1:15.7	4.3	**	15-15	34.8-36.6	38.7	500(+4)			ヨシノヤッタルデー		202507020312
2021105677	2025-05-17	1新潟5	曇	8.0	4歳以上1勝クラス		16	3.0	6	42.3	10.0	12	亀田温心	58.0	芝1400		稍	**	1:24.5	1.3	**	1-1	35.4-35.5	36.8	498(-2)			キタサンダムール		202504010508
2021105677	2025-06-08	3阪神2	曇	12.0	3歳以上1勝クラス		16	4.0	7	111.7	14.0	14	荻野極	58.0	芝1400		良	**	1:24.2	3.9	**	3-6	33.2-35.7	39.1	492(-6)			チューラワンサ		202509030212
2021105677	2025-07-20	2小倉8	晴	7.0	3歳以上1勝クラス		10	8.0	9	21.4	6.0	9	亀田温心	58.0	芝1800		良	**	1:51.5	2.0	**	2-2-2-2	37.5-36.1	37.9	494(+2)			キーウェーブ		202510020807
2021105677	2025-10-04	3京都1	曇	6.0	3歳以上1勝クラス		16	1.0	2	100.6	14.0	14	富田暁	58.0	ダ1400		不	**	1:24.1	1.6	**	1-1	33.6-37.3	38.9	482(-12)			サンダーロード		202508030106
2021105677	2025-12-06	5中京1	晴	2.0	3歳以上1勝クラス		13	7.0	10	4.7	3.0	9	小沢大仁	58.0	ダ1200		良	**	1:13.9	2.0	**	2-2	35.1-36.8	38.7	488(+6)			セルヴァンス		202507050102
2021105677	2026-01-17	1中山6	晴	4.0	障害4歳以上未勝利		12	4.0	4	25.5	5.0	11	小牧加矢	60.0	障2880		良		3:22.1	7.2		10-10-10-10	106.1-0.0	14.0	478(-10)			コレクテイニア		202606010604
2021105749	2023-11-11	5東京3	曇	6.0	2歳新馬		14	8.0	13	10.0	3.0	5	菅原明良	55.0	芝1600		良	**	1:37.0	0.9	**	4-4	36.0-34.7	35.1	420(0)			アルセナール	72.0	202305050306
2021105749	2024-02-17	1東京7	曇	1.0	3歳未勝利		14	3.0	5	13.4	6.0	3	菅原明良	55.0	ダ1400		良	**	1:27.3	0.3	**	11-11	35.6-38.5	37.0	432(+12)			カルネヴァーレ	140.0	202405010701
2021105749	2024-04-27	2東京3	曇	1.0	3歳未勝利		16	1.0	1	7.0	3.0	3	菅原明良	55.0	ダ1400		稍	**	1:25.9	1.9	**	11-13	36.1-35.4	36.0	430(-2)			アピーリングルック	140.0	202405020301
2021105749	2024-06-15	3東京5	晴	3.0	3歳未勝利		16	2.0	4	4.7	3.0	2	菅原明良	55.0	ダ1600		良	**	1:38.3	0.5	**	2-2	35.7-37.1	37.4	424(-6)			セイウンマカロン	220.0	202405030503
2021105749	2024-07-13	2福島5	晴	2.0	3歳未勝利		15	7.0	12	3.4	2.0	7	菅原明良	55.0	ダ1700		重	**	1:48.0	1.3	**	3-3-3-4	29.6-38.9	39.9	414(-10)			ケープウィッカム		202403020502
2021105749	2024-08-24	2札幌5	曇	4.0	3歳未勝利		14	7.0	12	7.0	5.0	4	武豊	55.0	ダ1700		良	**	1:48.5	1.4	**	4-5-6-6	29.8-39.1	39.9	426(+12)			アイウィル	83.0	202401020504
2021105749	2024-09-01	2札幌8	晴	5.0	3歳未勝利		14	5.0	8	20.7	7.0	6	落合玄太	55.0	ダ1700		重	**	1:47.3	0.6	**	2-2-3-4	30.7-38.2	38.6	426(0)			イーブンナウ		202401020805
2021105749	2024-12-10	園田	晴	8.0	C2二		12	4.0	4	2.2	2.0	1	吉村智洋	54.0	ダ1400		良	**	1:32.1	-0.2	**	1-1-1-1		40.0	451(+25)			(スーパーアスラーダ)	70.0	202450121008
2021105749	2024-12-26	園田	曇	12.0	C1二		12	7.0	9	2.5	1.0	3	吉村智洋	54.0	ダ1400		良	**	1:33.0	0.3	**	2-2-2-2		39.7	452(+1)			タガノフルチャンス	22.0	202450122612
2021105749	2025-01-22	姫路	晴	8.0	C1二		12	6.0	7	1.5	1.0	1	小牧太	54.0	ダ1400		良	**	1:34.2	-0.1	**	5-5-2-1		40.7	445(-7)			(ハングタイム)	110.0	202551012208
2021105749	2025-02-13	姫路	曇	12.0	ストロベリーキャンド(C1)		12	2.0	2	5.0	2.0	4	小牧太	55.0	ダ1500		稍	**	1:40.4	0.7	**	4-3-3-3		40.7	446(+1)			フェヴリエ	16.5	202551021312
2021105749	2025-03-11	園田	曇	12.0	B2二		11	3.0	3	17.3	5.0	3	川原正一	54.0	ダ1400		重	**	1:32.6	1.3	**	3-3-3-2		40.5	448(+2)			シンメクローサ	26.0	202550031112
2021105749	2025-04-02	園田	曇	9.0	B2二		10	8.0	9	10.3	4.0	2	川原正一	55.0	ダ1400		良	**	1:32.9	0.1	**	1-1-1-1		39.6	453(+5)			アズグレーター	52.0	202550040209
2021105749	2025-04-29	園田	晴	8.0	B2二		8	5.0	5	8.1	4.0	3	川原正一	55.0	ダ1400		稍	**	1:32.4	0.5	**	2-2-2-2		39.0	448(-5)			メイショウハンゾウ	32.5	202550042908
2021105749	2025-05-30	園田	晴	11.0	新緑特別B2		10	3.0	3	3.2	2.0	1	米玉利燕	52.0	ダ1230		良	**	1:20.1	-0.4	**	4-4-3-3		39.1	449(+1)			(グランレイハート)	130.0	202550053011
2021105749	2025-09-20	4中山6	曇	3.0	3歳以上1勝クラス		16	2.0	3	27.3	9.0	5	小林美駒	53.0	ダ1200		重	**	1:12.0	0.5	**	11-13	33.2-38.3	37.5	450(+1)			ニシノクードクール	80.0	202506040603
2021105749	2025-10-12	4東京4	曇	6.0	3歳以上1勝クラス		15	5.0	8	32.8	9.0	10	菅原明良	56.0	ダ1400		良	**	1:26.3	1.3	**	11-11	35.9-36.2	36.6	452(+2)			モーニングマジック		202505040406
2021105749	2025-12-07	5中京2	晴	7.0	3歳以上1勝クラス		14	7.0	12	14.8	7.0	9	岩田康誠	56.0	ダ1200		良	**	1:13.3	1.4	**	5-5	35.3-36.6	37.7	446(-6)			ラーナローザ		202507050207
2021105749	2026-01-17	1中山6	晴	6.0	4歳以上1勝クラス		16	7.0	13	48.0	13.0	7	石田拓郎	53.0	ダ1200		良	**	1:12.5	0.6	**	14-15	34.3-37.6	37.2	444(-2)			メッエフアパラ		202606010606
2021105867	2023-06-25	3阪神8	曇	5.0	2歳新馬		7	7.0	7	7.5	3.0	3	池添謙一	55.0	芝1800		良	**	1:49.8	1.0	**	6-3	36.1-34.2	35.0	492(0)			ギャンブルルーム	180.0	202309030805
2021105867	2023-09-16	4阪神3	晴	3.0	2歳未勝利		9	1.0	1	4.4	2.0	5	池添謙一	55.0	芝1800		良	**	1:49.1	0.8	**	8-8	35.6-33.8	33.8	496(+4)			ナムラフッカー	55.0	202309040303
2021105867	2023-10-07	2京都1	晴	3.0	2歳未勝利		6	1.0	1	3.9	3.0	3	西村淳也	56.0	芝2000		良	**	2:02.5	0.2	**	5-5-4-4	37.2-35.1	34.9	500(+4)			エルフストラック	140.0	202308020103
2021105867	2023-11-11	3京都3	晴	3.0	2歳未勝利		10	7.0	7	3.6	2.0	4	ムーア	56.0	芝2000		重	**	2:03.4	1.9	**	10-9-1-1	36.1-36.3	38.2	500(0)			メリオーレム	83.0	202308030303
2021105867	2023-11-26	3京都8	曇	3.0	2歳未勝利		15	6.0	10	15.5	6.0	1	松若風馬	56.0	芝2000		良	**	2:02.6	-0.1	**	15-15-1-1	36.3-35.3	35.3	498(-2)			(ヴィスマール)	550.0	202308030803
2021105867	2024-02-04	1東京4	曇	9.0	ゆりかもめ賞(1勝クラス)		9	7.0	7	54.4	8.0	8	津村明秀	57.0	芝2400		良	**	2:28.0	1.1	**	9-9-9-9	36.8-33.9	34.1	496(-2)			ウインマクシマム		202405010409
2021105867	2024-02-24	1阪神1	晴	9.0	すみれS(L)		10	1.0	1	113.9	10.0	9	松若風馬	57.0	芝2200		良	**	2:13.5	1.5	**	10-10-9-9	34.5-35.0	35.3	498(+2)			サンライズアース		202409010109
2021105867	2024-03-17	1阪神8	雨	6.0	3歳1勝クラス		15	3.0	4	83.5	12.0	14	松若風馬	57.0	ダ1800		良	**	1:56.9	2.4	**	15-15-15-15	37.6-37.9	38.6	498(0)			クロドラバール		202409010806
2021105867	2024-04-20	2東京1	晴	9.0	新緑賞(1勝クラス)		11	2.0	2	56.0	10.0	7	吉田豊	57.0	芝2300		良	**	2:19.5	0.7	**	11-11-11-10	30.4-35.8	35.4	484(-14)			リアレスト		202405020109
2021105867	2024-06-16	4京都6	晴	7.0	3歳以上1勝クラス		11	6.0	7	13.4	5.0	2	Ｍ．デム	54.0	芝2400		良	**	2:26.2	0.0	**	2-2-1-1	35.9-34.9	34.9	496(+12)			ノーブルライジング	320.0	202408040607
2021105867	2024-06-29	3小倉1	曇	9.0	英彦山特別(1勝クラス)		11	3.0	3	4.0	2.0	7	松山弘平	54.0	芝2600		良	**	2:42.3	2.0	**	3-3-4-5	36.0-36.5	38.1	488(-8)			アスターブジエ		202410030109
2021105867	2024-09-16	3中京5	曇	9.0	長良川特別(1勝クラス)		9	5.0	5	9.8	4.0	1	池添謙一	55.0	芝2200		良	**	2:13.1	-0.2	**	7-6-1-1	35.3-35.3	35.3	502(+14)			(オルトパラティウム)	1132.4	202407030509
2021105867	2024-10-20	5京都6	晴	9.0	清滝特別(2勝クラス)		8	6.0	6	6.8	3.0	3	池添謙一	55.0	芝2200		良	**	2:14.6	0.8	**	8-8-6-6	37.0-35.2	35.4	504(+2)			サブマリーナ	392.6	202408050609
2021105867	2024-11-09	6京都3	晴	12.0	3歳以上2勝クラス		6	1.0	1	3.2	3.0	5	池添謙一	56.0	芝2400		良	**	2:27.6	0.7	**	4-4-1-1	37.6-34.4	35.1	510(+6)			キングサーガ	114.0	202408060312
2021105867	2024-12-07	7京都3	晴	12.0	3歳以上2勝クラス		10	1.0	1	15.3	5.0	10	田口貫太	55.0	芝2400		良	**	2:26.9	2.2	**	8-7-2-5	34.6-36.3	36.9	506(-4)			ギャンブルルーム		202408070312
2021105867	2025-01-05	1中京1	晴	9.0	鶴舞特別(2勝クラス)		11	7.0	8	17.0	4.0	10	Ｍ．デム	57.0	芝2200		良	**	2:14.6	2.5	**	5-5-3-6	35.2-35.5	37.3	506(0)			ハヤテノフクノスケ		202507010109
2021105867	2025-02-01	1京都1	曇	10.0	許波多特別(2勝クラス)		10	8.0	9	71.0	10.0	10	池添謙一	55.0	芝2400		良	**	2:28.1	3.2	**	9-9-9-9	35.6-36.5	37.1	504(-2)			ウィープディライト		202508010110
2021105867	2025-05-04	2京都4	晴	9.0	須知特別(2勝クラス)		10	6.0	6	61.8	6.0	10	池添謙一	58.0	ダ1900		良	**	2:03.4	3.9	**	8-8-4-10	31.7-36.8	40.2	512(+8)			カネトシゴウト		202508020409
2021105867	2025-05-25	2京都10	曇	12.0	4歳以上2勝クラス		9	3.0	3	60.1	9.0	9	池添謙一	58.0	ダ1900		重	**	2:01.0	3.4	**	9-9-9-9	31.1-37.3	38.7	504(-8)			アーマルコライト		202508021012
2021105867	2025-09-28	4阪神9	曇	9.0	兵庫特別(2勝クラス)		12	8.0	11	89.9	9.0	11	菱田裕二	54.0	芝2400		良	**	2:28.1	2.3	**	11-11-11-11	38.3-33.7	35.0	498(-6)			ダノンシーマ		202509040909
2021105867	2025-10-18	3京都6	曇	10.0	清滝特別(2勝クラス)		9	8.0	9	71.8	8.0	8	松若風馬	58.0	芝2200		良	**	2:15.2	1.5	**	9-9-8-7	37.7-33.8	34.0	498(0)			ジョイボーイ		202508030610
2021105867	2025-12-27	5阪神7	晴	12.0	3歳以上2勝クラス		9	8.0	9	96.1	6.0	6	松若風馬	58.0	芝2000		良	**	2:01.0	1.1	**	9-9-9-6	37.4-34.9	35.3	498(0)			ミュージシャン		202509050712
2021105867	2026-01-17	1京都6	晴	9.0	稲荷特別(2勝クラス)		10	7.0	7	103.1	10.0	10	北村友一	58.0	芝2000		良	**	2:02.5	1.5	**	10-10-7-7	36.0-34.5	35.5	502(+4)			ジェットマグナム		202608010609
2021106066	2023-12-16	4中京5	曇	5.0	2歳新馬		12	8.0	12	91.6	11.0	1	河原田菜	52.0	ダ1800		重	**	1:54.7	-0.9	**	1-1-1-1	37.8-36.6	36.6	466(0)			(タニセンドリーム)	720.0	202307040505
2021106066	2024-01-07	1中山2	曇	7.0	3歳1勝クラス		13	4.0	5	24.5	8.0	12	小林勝太	54.0	ダ1800		良	**	1:58.1	3.3	**	3-3-3-3	36.8-39.9	42.9	460(-6)			アラレタバシル		202406010207
2021106066	2024-07-14	2福島6	小雨	12.0	3歳以上1勝クラス		15	4.0	6	51.2	9.0	6	吉田豊	55.0	ダ1700		稍	**	1:47.7	1.2	**	3-3-5-5	31.0-37.6	38.3	462(+2)			ロジアデレード		202403020612
2021106066	2024-10-20	4東京6	晴	8.0	3歳以上1勝クラス		12	7.0	10	7.9	3.0	4	吉田豊	56.0	ダ1600		良	**	1:38.9	0.8	**	3-3	36.3-37.0	37.5	468(+6)			ピコニ	120.0	202405040608
2021106066	2024-11-16	5東京5	曇	7.0	3歳以上1勝クラス		16	5.0	9	13.6	7.0	6	ルメール	57.0	ダ1600		良	**	1:37.8	0.5	**	1-1	35.1-37.4	37.9	466(-2)			ミラーオブマインド		202405050507
2021106066	2024-12-08	4中京4	晴	8.0	3歳以上1勝クラス		16	3.0	5	4.2	3.0	5	河原田菜	53.0	ダ1400		良	**	1:26.3	0.8	**	2-2	34.3-38.9	39.7	466(0)			エチャケナ	80.0	202407040408
2021106066	2025-03-16	2中京2	小雨	12.0	4歳以上1勝クラス		16	5.0	10	5.7	3.0	12	武豊	58.0	ダ1400		重	**	1:24.9	1.5	**	1-1	34.5-36.8	38.3	460(-6)			クレイヴィンオナー		202507020212
2021106066	2025-04-20	1福島4	曇	8.0	4歳以上1勝クラス		15	5.0	9	15.9	7.0	7	松本大輝	57.0	ダ1700		良	**	1:48.4	1.4	**	4-4-5-5	30.2-37.8	38.8	462(+2)			パープルナイト		202503010408
2021106066	2025-06-07	3東京1	曇	12.0	3歳以上1勝クラス		15	2.0	3	46.6	9.0	5	大野拓弥	58.0	ダ1600		良	**	1:37.3	0.6	**	6-5	34.9-37.4	37.1	458(-4)			ロッシニアーナ	80.0	202505030112
2021106066	2025-06-22	3東京6	晴	12.0	3歳以上1勝クラス		16	8.0	15	18.5	8.0	6	吉田豊	58.0	ダ1400		良	**	1:24.5	0.7	**	11-10	34.6-37.1	36.6	452(-6)			フウセツ		202505030612
2021106066	2025-11-02	4東京11	曇	6.0	3歳以上1勝クラス		16	6.0	11	26.1	9.0	5	大野拓弥	58.0	ダ1400		重	**	1:24.5	0.9	**	3-3	35.9-35.8	36.4	456(+4)			アンクエンチャブル	80.0	202505041106
2021106066	2025-11-30	5東京8	晴	7.0	3歳以上1勝クラス		16	7.0	14	10.3	4.0	3	坂井瑠星	58.0	ダ1400		良	**	1:25.3	0.5	**	4-4	35.3-37.4	37.3	462(+6)			フィーチャリング	200.0	202505050807
2021106066	2025-12-28	5中山8	晴	7.0	3歳以上1勝クラス		16	3.0	5	4.1	2.0	4	坂井瑠星	58.0	ダ1200		良	**	1:12.8	0.8	**	5-5	34.4-37.6	37.8	470(+8)			タイセイルヴァン	120.0	202506050807
2021106066	2026-01-17	1中山6	晴	6.0	4歳以上1勝クラス		16	5.0	9	4.3	1.0	1	戸崎圭太	58.0	ダ1200		良	**	1:11.9	-0.1	**	5-5	34.3-37.6	37.2	470(0)			(アツキヤマト)	820.0	202606010606
2021106119	2023-09-10	4中山2	晴	3.0	2歳新馬		16	2.0	3	7.0	3.0	8	大野拓弥	55.0	ダ1800		稍	**	1:58.2	1.8	**	1-1-2-4	37.4-39.7	41.5	462(0)			ネオシルバー		202306040203
2021106119	2023-10-08	4東京2	曇	1.0	2歳未勝利		16	3.0	5	12.6	6.0	6	大野拓弥	56.0	ダ1400		良	**	1:28.1	0.6	**	12-12	37.0-37.4	36.8	470(+8)			アイウィルビー		202305040201
2021106119	2024-01-14	1中山5	晴	1.0	3歳未勝利		15	6.0	12	9.6	5.0	3	大野拓弥	57.0	ダ1200		稍	**	1:13.1	0.1	**	5-6	34.7-38.3	37.9	476(+6)			ヘルメース	140.0	202406010501
2021106119	2024-02-04	1東京4	小雨	1.0	3歳未勝利		16	8.0	16	8.0	4.0	4	大野拓弥	57.0	ダ1400		良	**	1:27.4	1.4	**	9-7	36.4-37.1	37.5	482(+6)			イサチルカゼニタツ	83.0	202405010401
2021106119	2024-02-25	2中山2	小雨	2.0	3歳未勝利		16	5.0	10	3.4	1.0	1	大野拓弥	57.0	ダ1200		稍	**	1:12.1	-0.3	**	2-2	34.5-37.6	37.5	482(0)			(ニシノジーク)	550.0	202406020202
2021106119	2024-06-01	3東京1	晴	12.0	3歳以上1勝クラス		16	5.0	9	57.6	10.0	8	大野拓弥	55.0	ダ1400		重	**	1:24.9	0.6	**	8-6	35.9-35.9	36.0	470(-12)			ランタナヒルズ		202405030112
2021106119	2024-07-13	2福島5	晴	7.0	3歳以上1勝クラス		16	1.0	2	24.8	7.0	5	石田拓郎	52.0	ダ1150		稍	**	1:08.5	0.4	**	14-11	31.5-36.6	35.9	470(0)			ヨーカイディスコ	80.0	202403020507
2021106119	2024-08-11	3新潟2	晴	12.0	3歳以上1勝クラス		15	4.0	6	10.1	4.0	8	石田拓郎	53.0	ダ1200		良	**	1:13.0	1.6	**	14-12	34.4-37.0	37.1	480(+10)			サフランヒーロー		202404030212
2021106119	2024-09-28	4中山8	曇	8.0	3歳以上1勝クラス		16	5.0	9	8.4	5.0	6	大野拓弥	56.0	ダ1200		良	**	1:11.9	0.5	**	10-11	33.9-37.5	36.8	472(-8)			ヒストリアイ		202406040808
2021106119	2024-10-14	4新潟4	晴	8.0	3歳以上1勝クラス		8	4.0	4	8.9	5.0	3	大野拓弥	57.0	ダ1200		良	**	1:11.6	0.4	**	4-3	34.4-36.8	36.5	476(+4)			テイエムヒショウ	200.0	202404040408
2021106119	2024-10-26	4新潟7	晴	8.0	3歳以上1勝クラス		10	2.0	2	9.7	5.0	5	大野拓弥	57.0	ダ1200		良	**	1:11.9	0.6	**	8-6	34.0-37.3	37.0	478(+2)			ストームバンガード	80.0	202404040708
2021106119	2024-12-28	5中山9	晴	8.0	3歳以上1勝クラス		16	5.0	9	4.3	3.0	3	大野拓弥	57.0	ダ1200		良	**	1:12.7	0.2	**	6-5	34.7-37.8	37.5	486(+8)			サンレイマリー	200.0	202406050908
2021106119	2025-01-18	1中山6	晴	6.0	4歳以上1勝クラス		16	3.0	5	5.2	3.0	7	大野拓弥	58.0	ダ1200		良	**	1:12.3	0.2	**	7-7	34.2-37.9	37.3	488(+2)			クールソル		202506010606
2021106119	2025-03-09	2中山4	晴	7.0	4歳以上1勝クラス		16	6.0	12	5.3	3.0	3	大野拓弥	58.0	ダ1200		重	**	1:11.5	0.4	**	9-8	33.5-37.6	37.3	486(-2)			アグラード	200.0	202506020407
2021106119	2025-03-30	3中山2	晴	8.0	4歳以上1勝クラス		16	3.0	6	7.6	5.0	2	大野拓弥	58.0	ダ1200		稍	**	1:12.3	0.0	**	4-4	36.0-36.3	35.9	482(-4)			セキテイオー	320.0	202506030208
2021106119	2025-04-20	3中山8	曇	7.0	4歳以上1勝クラス		16	5.0	9	5.1	3.0	13	大野拓弥	58.0	ダ1200		良	**	1:13.5	1.8	**	8-8	34.8-36.9	37.8	482(0)			エコロエイト		202506030807
2021106119	2025-07-06	2福島4	晴	12.0	3歳以上1勝クラス		15	6.0	11	9.0	6.0	4	大野拓弥	58.0	ダ1150		良	**	1:09.7	1.9	**	11-10	31.2-36.6	36.8	474(-8)			シュヴァルボヌール	120.0	202503020412
2021106119	2025-07-26	2新潟1	晴	10.0	3歳以上1勝クラス		14	6.0	10	18.0	6.0	6	大野拓弥	58.0	ダ1200		良	**	1:12.4	0.8	**	10-9	34.4-37.2	36.9	480(+6)			ドナレア		202504020110
2021106119	2025-09-21	4中山7	晴	6.0	3歳以上1勝クラス		16	5.0	10	8.9	3.0	6	大野拓弥	58.0	ダ1200		良	**	1:11.9	1.2	**	13-12	33.4-37.3	37.0	480(0)			チャロ		202506040706
2021106119	2025-10-26	4新潟4	雨	6.0	3歳以上1勝クラス		13	2.0	2	13.3	5.0	4	石田拓郎	55.0	ダ1200		稍	**	1:12.0	1.2	**	11-11	34.7-36.1	36.1	494(+14)			セレジェイラ	120.0	202504040406
2021106119	2025-11-15	3福島3	晴	2.0	3歳以上1勝クラス		16	7.0	14	22.6	8.0	7	石田拓郎	55.0	ダ1150		良	**	1:09.9	0.9	**	14-16	31.5-37.5	36.9	494(0)			プレゼンティーア		202503030302
2021106119	2025-12-06	5中山1	曇	7.0	3歳以上1勝クラス		16	5.0	9	15.2	5.0	1	石田拓郎	55.0	ダ1200		良	**	1:11.2	0.0	**	4-4	33.9-37.3	36.5	492(-2)			(ピコテンダー)	800.0	202506050107
2021106119	2026-01-04	1中山1	晴	12.0	4歳以上2勝クラス		16	2.0	4	15.7	7.0	4	石田拓郎	55.0	ダ1200		稍	**	1:11.5	0.5	**	7-6	34.7-36.3	36.2	492(0)			スリーピース	180.0	202606010112
2021106119	2026-01-17	1中山6	晴	8.0	4歳以上2勝クラス		16	7.0	14	12.2	5.0	3	石田拓郎	55.0	ダ1200		良	**	1:12.0	0.2	**	10-10	33.8-38.0	36.7	496(+4)			ゴールドハンマー	300.0	202606010608
2021106394	2023-12-24	5阪神8	晴	4.0	2歳新馬		15	4.0	7	7.5	3.0	1	幸英明	55.0	ダ1400		良	**	1:27.8	-0.2	**	4-4	36.1-38.9	38.2	448(0)			(タマモブリリオ)	720.0	202309050804
2021106394	2024-01-28	1小倉6	小雨	9.0	くすのき賞(1勝クラス)		10	7.0	8	16.6	7.0	9	幸英明	55.0	ダ1700		良	**	1:48.6	1.6	**	8-9-8-5	30.4-38.2	39.2	444(-4)			シークレットキー		202410010609
2021106394	2024-02-11	2京都6	晴	4.0	3歳1勝クラス		9	3.0	3	89.7	8.0	7	田口貫太	54.0	ダ1400		良	**	1:26.4	1.7	**	7-6	35.1-37.4	38.3	440(-4)			フラムリンガム		202408020604
2021106394	2024-03-03	1阪神4	晴	5.0	3歳1勝クラス		11	6.0	6	137.6	10.0	5	松若風馬	55.0	ダ1400		稍	**	1:26.7	1.1	**	10-9	34.4-39.0	38.5	434(-6)			ラヴオントップ	78.0	202409010405
2021106394	2024-10-12	5京都3	晴	7.0	3歳以上1勝クラス		16	7.0	13	92.7	15.0	13	幸英明	54.0	ダ1400		良	**	1:26.3	2.4	**	3-4	34.5-37.3	39.3	462(+28)			タガノミスト		202408050307
2021106394	2024-10-27	5京都8	曇	6.0	3歳以上1勝クラス		15	8.0	15	15.9	8.0	9	Ｍ．デム	54.0	ダ1400		良	**	1:26.1	1.1	**	7-5	35.2-37.6	38.1	456(-6)			アナスタシス		202408050806
2021106394	2024-11-23	6京都7	曇	7.0	3歳以上1勝クラス		16	1.0	2	91.0	13.0	15	Ｍ．デム	55.0	ダ1200		良	**	1:14.6	2.1	**	10-10	35.6-36.9	38.2	460(+4)			ヘルメース		202408060707
2021106394	2025-03-30	2中京6	晴	9.0	4歳以上1勝クラス		13	4.0	6	277.7	12.0	7	川端海翼	53.0	ダ1400		良	**	1:25.9	0.6	**	5-5	35.2-37.8	37.7	448(-12)			グラティアスミノル		202507020609
2021106394	2025-08-09	3中京5	晴	10.0	3歳以上1勝クラス		14	8.0	15	272.6	12.0	12	加藤祥太	56.0	ダ1400		良	**	1:27.0	2.3	**	3-2	34.8-37.5	39.6	464(+16)			メイショウハチロー		202507030510
2021106394	2025-12-07	5中京2	晴	2.0	3歳以上1勝クラス		16	3.0	5	420.3	15.0	16	川端海翼	53.0	ダ1400		良	**	1:28.0	2.8	**	4-3	34.8-37.6	40.1	466(+2)			マーゴットレーヴ		202507050202
2021106394	2026-01-17	1中山6	晴	4.0	障害4歳以上未勝利		12	2.0	2	264.9	12.0	10	難波剛健	58.0	障2880		良		3:21.2	6.3		12-12-11-11	106.1-0.0	14.0	458(-8)			コレクテイニア		202606010604
2021106587	2023-09-17	4阪神4	晴	4.0	2歳新馬		8	4.0	4	2.4	1.0	1	ルメール	55.0	ダ1800		良	**	1:55.8	-1.1	**	5-5-1-1	37.0-39.7	39.7	522(0)			(サンライズガッツ)	720.0	202309040404
2021106587	2023-11-03	門別	晴	11.0	JBC2歳優駿(JpnIII)		12	7.0	9	7.2	4.0	5	鮫島克駿	55.0	ダ1800		稍	**	1:57.5	3.2	**	7-4-5-3		42.3	522(0)			フォーエバーヤング	245.0	202330110311
2021106587	2024-02-11	1東京6	晴	7.0	3歳1勝クラス		15	2.0	3	8.6	4.0	5	ルメール	57.0	ダ1600		稍	**	1:38.4	0.9	**	3-3	34.8-37.7	38.4	536(+14)			ラタフォレスト	78.0	202405010607
2021106587	2024-04-21	2東京2	晴	6.0	3歳1勝クラス		16	8.0	15	2.3	1.0	1	戸崎圭太	57.0	ダ1400		良	**	1:25.0	-0.2	**	9-8	35.4-37.2	36.5	540(+4)			(カピリナ)	780.0	202405020206
2021106587	2024-06-22	3東京7	晴	9.0	清里特別(2勝クラス)		16	5.0	10	2.7	1.0	1	ルメール	55.0	ダ1400		重	**	1:22.8	-0.2	**	2-2	34.6-36.4	36.3	540(0)			(リンドラゴ)	1587.8	202405030709
2021106587	2024-10-13	4東京3	晴	10.0	テレビ静岡賞(3勝クラス)		16	3.0	6	7.8	4.0	5	佐々木大	56.0	ダ1400		良	**	1:23.4	0.7	**	5-4	34.5-36.0	36.3	536(-4)			ロードフォンス	184.0	202405040310
2021106587	2024-11-10	5東京4	曇	9.0	銀嶺S(3勝クラス)		14	5.0	8	5.0	3.0	5	シュタル	56.0	ダ1400		良	**	1:24.6	1.1	**	2-2	35.3-36.4	37.5	534(-2)			バトゥーキ	184.0	202405050409
2021106587	2025-02-15	1東京5	晴	10.0	銀蹄S(3勝クラス)		16	1.0	1	25.4	7.0	2	津村明秀	58.0	ダ1400		良	**	1:23.8	0.1	**	4-4	35.6-36.1	35.9	542(+8)			コンクイスタ	750.2	202505010510
2021106587	2025-04-26	2東京1	曇	10.0	鎌倉S(3勝クラス)		16	7.0	13	5.1	3.0	7	津村明秀	58.0	ダ1400		稍	**	1:24.1	1.2	**	7-7	35.4-35.4	35.9	544(+2)			ビダーヤ		202505020110
2021106587	2025-08-03	3中京4	晴	6.0	桶狭間S(3勝クラス)		16	6.0	11	12.4	6.0	2	亀田温心	58.0	ダ1400		良	**	1:24.1	0.0	**	6-6	34.3-37.9	37.3	550(+6)			アッチャゴーラ	749.8	202507030406
2021106587	2025-08-23	4中京1	晴	11.0	伊賀S(3勝クラス)		16	6.0	11	6.8	2.0	8	亀田温心	57.0	ダ1400		良	**	1:24.3	0.8	**	9-9	34.0-37.4	37.4	546(-4)			プロトポロス		202507040111
2021106587	2025-10-19	3京都7	曇	10.0	京都開設100周年(3勝クラス)		16	5.0	10	12.1	4.0	2	ルメール	57.0	ダ1400		良	**	1:23.5	0.3	**	2-2	35.7-35.4	35.5	536(-10)			グランフォーブル	750.2	202508030710
2021106587	2025-11-29	5東京7	曇	10.0	シャングリラS(3勝クラス)		16	2.0	4	4.5	3.0	3	ルメール	58.0	ダ1400		良	**	1:24.2	0.2	**	4-4	35.5-36.3	36.2	542(+6)			アンシール	465.0	202505050710
2021106587	2026-01-17	1京都6	晴	11.0	羅生門S(3勝クラス)		16	3.0	5	6.3	3.0	1	ルメール	58.0	ダ1400		良	**	1:23.9	-0.7	**	2-1	35.3-36.2	36.1	552(+10)			(ジャーヴィス)	1903.6	202608010611
2021106724	2023-10-09	4東京3	雨	6.0	2歳新馬		15	2.0	2	8.0	4.0	6	吉田豊	55.0	ダ1400		不	**	1:26.9	0.6	**	1-1	35.7-38.0	38.6	430(0)			エンブレムボム		202305040306
2021106724	2023-11-19	5東京6	晴	1.0	2歳未勝利		16	2.0	3	8.1	4.0	16	吉田豊	55.0	ダ1400		稍	**	1:28.0	3.2	**	1-1	34.9-37.6	40.8	436(+6)			ニシノアウェイク		202305050601
2021106724	2024-02-11	1東京6	晴	1.0	3歳未勝利		16	6.0	12	46.4	8.0	5	吉田豊	55.0	ダ1400		稍	**	1:27.3	0.6	**	6-6	35.7-38.0	38.0	430(-6)			フラーハ	55.0	202405010601
2021106724	2024-03-02	2中山3	晴	1.0	3歳未勝利		16	5.0	10	14.4	4.0	5	吉田豊	55.0	ダ1200		重	**	1:13.6	1.2	**	11-10	34.0-38.4	38.3	430(0)			ペイシャニット	55.0	202406020301
2021106724	2024-03-23	3中山1	曇	1.0	3歳未勝利		16	7.0	13	8.7	4.0	1	小林勝太	52.0	ダ1200		良	**	1:12.7	-0.3	**	5-5	34.5-38.2	37.8	426(-4)			(ケープアグラス)	550.0	202406030101
2021106724	2024-06-30	2福島2	雨	12.0	3歳以上1勝クラス		16	2.0	3	10.9	6.0	12	原優介	52.0	芝1200		良	**	1:09.4	0.8	**	8-9	34.0-34.6	34.9	426(0)			テセラリアン		202403020212
2021106724	2024-09-07	4中山1	晴	6.0	3歳以上1勝クラス		16	8.0	15	16.4	6.0	2	長浜鴻緒	51.0	ダ1200		良	**	1:11.6	0.1	**	9-8	34.0-37.5	37.1	426(0)			オーブルクール	320.0	202406040106
2021106724	2024-09-29	4中山9	曇	6.0	3歳以上1勝クラス		16	8.0	16	4.4	2.0	2	長浜鴻緒	51.0	ダ1200		良	**	1:11.3	0.3	**	3-3	34.0-37.0	36.9	428(+2)			マイネルディレクト	320.0	202406040906
2021106724	2024-10-26	4新潟7	晴	3.0	3歳以上1勝クラス		11	8.0	11	2.4	1.0	9	長浜鴻緒	52.0	ダ1200		良	**	1:12.2	1.1	**	6-6	34.1-37.0	37.4	426(-2)			フレイミングパイ		202404040703
2021106724	2025-03-16	2中山6	雨	7.0	4歳以上1勝クラス		16	2.0	3	4.5	3.0	2	長浜鴻緒	53.0	ダ1200		不	**	1:11.9	0.6	**	10-10	33.4-37.9	37.1	444(+18)			バロン	320.0	202506020607
2021106724	2025-04-13	3中山6	雨	12.0	4歳以上1勝クラス		16	8.0	15	2.3	1.0	4	長浜鴻緒	53.0	ダ1200		稍	**	1:12.0	1.0	**	9-10	34.1-36.9	37.1	442(-2)			ソーニャシュニク	120.0	202506030612
2021106724	2025-07-05	2福島3	晴	6.0	3歳以上1勝クラス		14	8.0	14	20.8	7.0	13	原優介	56.0	ダ1700		稍	**	1:50.0	4.5	**	5-5-6-10	30.3-38.8	42.5	438(-4)			ピコシー		202503020306
2021106724	2025-10-25	4新潟3	晴	4.0	3歳以上1勝クラス		15	6.0	10	20.3	5.0	10	上里直汰	53.0	ダ1200		良	**	1:13.4	1.5	**	12-14	34.1-37.8	37.6	440(+2)			ロッカバイベイビー		202504040304
2021106724	2025-12-28	5中山8	晴	7.0	3歳以上1勝クラス		16	8.0	16	7.2	4.0	2	長浜鴻緒	54.0	ダ1200		良	**	1:12.3	0.3	**	3-2	34.4-37.6	37.5	444(+4)			タイセイルヴァン	320.0	202506050807
2021106724	2026-01-17	1中山6	晴	6.0	4歳以上1勝クラス		16	2.0	3	4.8	3.0	13	長浜鴻緒	54.0	ダ1200		良	**	1:13.1	1.2	**	15-16	34.3-37.6	37.6	444(0)			メッエフアパラ		202606010606
2021106936	2024-01-20	1京都6	小雨	3.0	3歳新馬		16	7.0	14	265.0	16.0	8	松本大輝	54.0	ダ1200		稍	**	1:13.8	1.2	**	9-8	35.0-37.6	37.5	432(0)			ネグレスコ		202408010603
2021106936	2024-03-02	2小倉7	晴	3.0	3歳未勝利		14	7.0	12	72.8	11.0	6	柴田裕一	52.0	ダ1000		重	**	0:59.3	1.0	**	9-10	34.4-35.3	35.7	434(+2)			スパークルジョイ		202410020703
2021106936	2024-03-16	1阪神7	晴	3.0	3歳未勝利		16	3.0	5	17.0	6.0	3	柴田裕一	52.0	ダ1200		良	**	1:13.9	0.4	**	2-2	35.2-38.3	38.7	436(+2)			ミキノクラップス	140.0	202409010703
2021106936	2024-04-21	3京都2	曇	2.0	3歳未勝利		16	1.0	1	19.9	5.0	1	柴田裕一	52.0	ダ1200		良	**	1:12.9	-0.6	**	2-1	35.2-37.7	37.7	436(0)			(ビーコング)	550.0	202408030202
2021106936	2024-06-30	3小倉2	曇	7.0	3歳以上1勝クラス		14	1.0	1	5.8	2.0	2	永島まな	51.0	ダ1000		重	**	0:57.0	0.1	**	7-7	33.1-34.8	34.2	438(+2)			プリンセスカレン	320.0	202410030207
2021106936	2024-07-28	2新潟2	曇	8.0	3歳以上1勝クラス		15	8.0	15	3.4	1.0	2	柴田裕一	50.0	ダ1200		稍	**	1:11.4	0.0	**	3-3	33.4-38.0	37.7	446(+8)			グッジョブ	320.0	202404020208
2021106936	2024-08-18	2中京4	晴	12.0	3歳以上1勝クラス		16	2.0	3	3.5	1.0	5	柴田裕一	51.0	ダ1200		良	**	1:12.2	0.8	**	5-5	34.6-36.8	37.1	444(-2)			パドマ	80.0	202407020412
2021106936	2024-10-12	4新潟3	晴	12.0	3歳以上1勝クラス		14	4.0	5	4.0	2.0	8	柴田裕一	52.0	ダ1200		良	**	1:12.7	0.8	**	7-8	34.6-37.3	37.3	450(+6)			クリニエールグラス		202404040312
2021106936	2024-10-26	4新潟7	晴	3.0	3歳以上1勝クラス		11	1.0	1	4.7	2.0	1	柴田裕一	52.0	ダ1200		良	**	1:11.1	-0.1	**	7-6	34.1-37.0	36.1	450(0)			(スターザサンライズ)	800.0	202404040703
2021106936	2024-12-14	7京都5	曇	9.0	深草特別(2勝クラス)		16	8.0	16	19.6	6.0	9	Ｍ．デム	55.0	ダ1200		良	**	1:13.2	1.0	**	11-11	36.1-36.1	36.3	440(-10)			ルクスメテオール		202408070509
2021106936	2025-01-12	1中山4	曇	12.0	4歳以上2勝クラス		16	3.0	6	17.2	7.0	13	キング	56.0	ダ1200		良	**	1:12.0	1.4	**	9-8	33.7-36.9	37.5	434(-6)			ニットウバジル		202506010412
2021106936	2025-03-15	2中京1	小雨	9.0	伊良湖特別(2勝クラス)		16	8.0	15	88.5	13.0	5	柴田裕一	56.0	ダ1200		良	**	1:12.7	0.4	**	4-7	35.9-36.4	36.4	442(+8)			ヤマニンアルリフラ	155.0	202507020109
2021106936	2025-04-12	3中山5	晴	12.0	4歳以上2勝クラス		16	3.0	6	15.6	6.0	2	北村宏司	56.0	ダ1200		良	**	1:11.1	0.2	**	4-4	34.4-36.5	36.3	444(+2)			オーブルクール	460.0	202506030512
2021106936	2025-05-18	2京都8	曇	12.0	4歳以上2勝クラス		16	7.0	13	5.1	1.0	4	岩田望来	56.0	ダ1200		稍	**	1:11.0	0.7	**	9-9	34.9-35.4	35.2	450(+6)			イミュータブル	170.0	202508020812
2021106936	2025-06-01	2京都12	晴	8.0	4歳以上2勝クラス		16	1.0	1	8.7	4.0	11	角田大和	56.0	ダ1200		良	**	1:12.3	0.9	**	11-11	35.1-36.3	36.4	452(+2)			パドマ		202508021208
2021106936	2025-08-02	3中京3	晴	8.0	浜松特別(2勝クラス)		14	5.0	7	26.2	5.0	7	幸英明	56.0	ダ1200		良	**	1:12.4	1.2	**	4-4	34.6-36.6	37.3	450(-2)			テーオーエルビス		202507030308
2021106936	2025-09-15	4阪神5	晴	9.0	新涼特別(2勝クラス)		13	4.0	4	52.8	9.0	6	池添謙一	56.0	ダ1200		良	**	1:12.2	1.0	**	10-11	34.6-36.6	36.0	460(+10)			ヤマニンシュラ		202509040509
2021106936	2025-11-15	4京都3	晴	9.0	深草特別(2勝クラス)		15	6.0	10	44.8	10.0	4	池添謙一	56.0	ダ1200		良	**	1:11.5	0.5	**	8-8	34.6-36.4	35.3	450(-10)			ジェネラーレ	230.0	202508040309
2021106936	2025-12-06	5中京1	晴	10.0	中京日経賞(2勝クラス)		13	3.0	3	62.9	8.0	8	柴田裕一	56.0	ダ1200		良	**	1:12.0	1.1	**	6-6	34.8-36.1	36.5	448(-2)			ゼットエール		202507050110
2021106936	2026-01-17	1中山6	晴	8.0	4歳以上2勝クラス		16	4.0	8	28.6	6.0	13	小林美駒	53.0	ダ1200		良	**	1:12.9	1.1	**	10-13	33.8-38.0	37.6	448(0)			ゴールドハンマー		202606010608
2021107192	2023-07-02	2福島2	晴	5.0	2歳新馬		16	7.0	14	230.2	15.0	13	野中悠太	55.0	芝1800		良	**	1:54.1	2.5	**	11-12-12-15	37.8-35.6	37.2	418(0)			トレミニョン		202303020205
2021107192	2023-07-16	2福島6	晴	2.0	2歳未勝利		13	5.0	6	233.0	11.0	6	藤田菜七	53.0	芝1800		良	**	1:52.4	0.9	**	10-10-13-13	36.3-37.4	36.9	420(+2)			ロジルーラー		202303020602
2021107192	2023-08-05	2新潟3	晴	1.0	2歳未勝利		12	7.0	9	128.3	9.0	10	野中悠太	55.0	芝2000		良	**	2:04.7	1.4	**	11-11-11-12	36.6-35.2	35.1	422(+2)			ラケダイモーン		202304020301
2021107192	2023-08-20	3新潟4	晴	2.0	2歳未勝利		9	5.0	5	112.7	7.0	6	藤田菜七	53.0	芝1800		良	**	1:48.9	1.7	**	7-7	35.6-35.5	36.1	426(+4)			マイネルブリックス		202304030402
2021107192	2023-09-02	3新潟7	曇	2.0	2歳未勝利		15	5.0	9	42.7	7.0	1	野中悠太	55.0	ダ1800		良	**	1:56.9	-0.1	**	7-7-5-5	37.2-39.1	38.5	432(+6)			(フィリップ)	550.0	202304030702
2021107192	2023-11-05	3京都2	晴	9.0	もちの木賞(1勝クラス)		11	7.0	8	80.9	10.0	2	野中悠太	56.0	ダ1800		良	**	1:53.0	0.0	**	9-9-10-8	36.5-39.2	38.3	442(+10)			アンモシエラ	436.6	202308030209
2021107192	2024-01-07	1中山2	曇	7.0	3歳1勝クラス		13	6.0	9	6.9	5.0	1	野中悠太	57.0	ダ1800		良	**	1:54.8	-0.2	**	11-11-12-9	36.8-39.9	38.5	446(+4)			(ネオシルバー)	780.0	202406010207
2021107192	2024-03-23	3中山1	小雨	10.0	伏竜S(OP)		11	4.0	4	14.0	6.0	2	野中悠太	57.0	ダ1800		良	**	1:54.1	0.0	**	10-9-9-7	37.7-37.9	37.2	444(-2)			テーオーパスワード	727.0	202406030110
2021107192	2024-04-27	3京都3	曇	11.0	ユニコーンS(GIII)		16	8.0	15	15.2	6.0	6	野中悠太	57.0	ダ1900		良	**	2:00.2	1.6	**	13-13-12-13	29.5-38.1	38.6	440(-4)			ラムジェット		202408030311
2021107192	2024-08-04	2新潟4	晴	7.0	レパードS(GIII)		15	8.0	15	26.1	9.0	10	野中悠太	57.0	ダ1800		良	**	1:53.6	2.4	**	13-13-14-13	35.7-37.8	38.4	438(-2)			ミッキーファイト		202404020407
2021107192	2024-09-29	4中山9	曇	8.0	3歳以上2勝クラス		13	8.0	12	3.7	2.0	2	野中悠太	55.0	ダ1800		良	**	1:53.9	0.7	**	9-9-6-7	37.6-37.5	37.5	448(+10)			ウンガイソウテン	460.0	202406040908
2021107192	2024-10-13	4東京3	晴	8.0	3歳以上2勝クラス		16	2.0	3	4.9	2.0	10	野中悠太	56.0	ダ2100		良	**	2:12.1	1.6	**	8-9-11-11	31.4-36.5	36.9	452(+4)			リアレスト		202405040308
2021107192	2024-12-07	5中山3	晴	12.0	3歳以上2勝クラス		16	8.0	15	4.9	2.0	2	野中悠太	57.0	ダ1800		良	**	1:53.5	0.0	**	15-15-14-14	36.9-38.8	37.7	454(+2)			ゴールドアローン	460.0	202406050312
2021107192	2024-12-28	5中山9	晴	10.0	コントレイルC(2勝クラス)		16	3.0	6	5.4	3.0	4	野中悠太	57.0	ダ1800		良	**	1:54.4	1.2	**	14-14-12-13	36.8-37.8	38.1	464(+10)			レヴォントゥレット	230.0	202406050910
2021107192	2025-01-25	1中山8	曇	10.0	初霞賞(2勝クラス)		13	7.0	11	8.0	3.0	5	野中悠太	57.0	ダ1800		良	**	1:54.5	0.8	**	6-6-7-8	38.2-37.5	37.7	464(0)			アピーリングルック	155.0	202506010810
2021107192	2025-04-05	3中山3	晴	10.0	千葉日報杯(2勝クラス)		16	3.0	5	4.7	3.0	6	野中悠太	58.0	ダ1800		稍	**	1:53.3	1.1	**	14-14-14-13	36.0-38.1	37.9	464(0)			ルージュアベリア		202506030310
2021107192	2025-05-04	2京都4	晴	9.0	須知特別(2勝クラス)		10	8.0	10	6.1	4.0	3	野中悠太	58.0	ダ1900		良	**	2:00.1	0.6	**	6-7-4-4	31.7-36.8	36.9	460(-4)			カネトシゴウト	393.5	202508020409
2021107192	2025-06-07	3阪神1	曇	10.0	加古川特別(2勝クラス)		9	6.0	6	20.5	4.0	5	野中悠太	58.0	ダ1800		良	**	1:53.9	0.9	**	7-7-5-7	38.5-36.4	36.7	458(-2)			ロードラビリンス	155.0	202509030110
2021107192	2025-07-12	2福島5	曇	8.0	3歳以上2勝クラス		15	7.0	12	4.9	2.0	3	丸山元気	58.0	ダ1700		良	**	1:46.6	0.5	**	6-5-4-4	29.9-37.9	38.0	454(-4)			スペイドアン	290.0	202503020508
2021107192	2025-10-25	4新潟3	曇	10.0	菅名岳特別(2勝クラス)		15	6.0	11	11.2	6.0	2	丸山元気	58.0	ダ1800		良	**	1:51.2	0.5	**	12-11-7-5	35.9-36.7	36.4	466(+12)			アスクシュタイン	630.6	202504040310
2021107192	2025-11-23	5東京5	曇	8.0	3歳以上2勝クラス		16	5.0	10	2.9	1.0	3	丸山元気	58.0	ダ1600		良	**	1:38.9	0.4	**	11-11	37.1-35.6	35.1	472(+6)			セギレエルビエント	290.0	202505050508
2021107192	2025-12-13	5中京3	曇	10.0	鳴海特別(2勝クラス)		16	8.0	16	4.6	2.0	1	丸山元気	58.0	ダ1800		良	**	1:53.3	-0.1	**	12-13-5-5	37.7-37.0	36.6	466(-6)			(キングブルー)	1590.6	202507050310
2021107192	2026-01-17	1中山6	晴	10.0	アレキサンドライトS(3勝クラス)		16	2.0	4	5.4	2.0	5	丸山元気	56.0	ダ1800		良	**	1:53.3	1.1	**	16-16-15-14	37.4-37.5	37.0	474(+8)			チュウワクリスエス	187.0	202606010610
2021107255	2023-07-22	1札幌1	晴	5.0	2歳新馬		10	2.0	2	49.9	9.0	7	古川吉洋	55.0	ダ1700		良	**	1:50.8	2.2	**	10-10-8-8	31.0-39.0	40.3	452(0)			アセレラシオン		202301010105
2021107255	2023-08-05	1札幌5	曇	1.0	2歳未勝利		14	6.0	10	180.6	12.0	3	古川吉洋	55.0	ダ1700		不	**	1:47.5	1.0	**	6-6-4-3	29.3-39.4	39.8	452(0)			バルミーウェザー	140.0	202301010501
2021107255	2023-08-19	2札幌3	晴	2.0	2歳未勝利		14	4.0	6	16.2	7.0	6	古川吉洋	55.0	ダ1700		良	**	1:49.6	1.3	**	3-4-4-3	30.4-38.8	39.8	452(0)			フォーディアライフ		202301020302
2021107255	2024-01-27	1小倉5	晴	1.0	3歳未勝利		12	7.0	10	10.6	4.0	8	藤岡康太	57.0	ダ1700		良	**	1:49.1	1.3	**	7-7-2-3	29.4-39.2	40.5	460(+8)			グラティアスミノル		202410010501
2021107255	2024-03-06	姫路	曇	10.0	JRA交流大撫山特別		12	4.0	4	1.6	1.0	1	藤岡康太	55.0	ダ1500		重	**	1:39.5	-0.6	**	5-5-2-1		41.0	461(+1)			(ノアスペシャル)	150.0	202451030610
2021107255	2024-03-31	2阪神4	曇	5.0	3歳1勝クラス		9	2.0	2	81.0	8.0	7	藤岡康太	57.0	芝1600		良	**	1:35.1	0.7	**	5-4	35.6-34.0	34.4	456(-5)			テラメリタ		202409020405
2021107255	2024-04-20	3京都1	曇	9.0	あやめ賞(1勝クラス)		7	3.0	3	55.8	7.0	6	幸英明	57.0	芝1800		良	**	1:47.5	0.8	**	5-7	35.4-33.7	33.7	454(-2)			ナムラフッカー		202408030109
2021107255	2024-06-15	1函館3	晴	10.0	奥尻特別(1勝クラス)		12	7.0	10	41.6	10.0	11	古川吉洋	55.0	芝2000		良	**	2:01.5	1.7	**	2-2-2-2	35.2-36.3	38.0	460(+6)			キットハナガサク		202402010310
2021107255	2024-06-30	1函館8	曇	8.0	3歳以上1勝クラス		15	2.0	3	127.6	13.0	5	長浜鴻緒	52.0	芝1800		良	**	1:49.4	0.6	**	7-6-6-6	36.4-35.4	35.4	462(+2)			ガジュノリ	80.0	202402010808
2021107255	2024-07-14	1函館12	晴	9.0	臥牛山特別(1勝クラス)		13	4.0	5	109.4	11.0	11	長浜鴻緒	55.0	芝1800		良	**	1:50.2	1.2	**	10-11-12-10	36.0-36.0	35.9	458(-4)			ノレッジビューティ		202402011209
2021107255	2024-09-01	2札幌8	晴	7.0	3歳以上1勝クラス		14	8.0	13	95.5	11.0	12	藤岡佑介	55.0	芝1800		稍	**	1:51.9	1.3	**	8-10-9-6	37.6-36.1	36.6	458(0)			ガイアメンテ		202401020807
2021107255	2024-10-10	園田	晴	10.0	JRA交流猪名川特別		8	8.0	8	11.8	5.0	4	高杉吏麒	53.0	ダ1870		稍	**	2:05.6	1.3	**	5-6-5-4		40.6	460(+2)			レイドデザート	30.0	202450101010
2021107255	2024-11-30	4中京1	晴	8.0	3歳以上1勝クラス		16	3.0	5	192.6	15.0	9	柴田裕一	54.0	芝1600		良	**	1:35.0	1.5	**	12-12-12	34.6-35.8	36.0	472(+12)			ダズリングブレイヴ		202407040108
2021107255	2025-02-01	1京都1	曇	8.0	4歳以上1勝クラス		15	6.0	11	26.1	7.0	5	藤岡佑介	58.0	ダ1400		良	**	1:25.5	0.7	**	7-7	35.9-36.7	36.5	474(+2)			ヒルノドゴール	80.0	202508010108
2021107255	2025-03-01	1阪神1	晴	7.0	4歳以上1勝クラス		16	7.0	14	26.8	8.0	7	高杉吏麒	57.0	ダ1400		良	**	1:26.1	0.7	**	14-14	35.0-38.0	37.1	474(0)			タイセイレスポンス		202509010107
2021107255	2025-08-24	4中京2	晴	12.0	3歳以上1勝クラス		14	7.0	12	45.6	9.0	2	高杉吏麒	57.0	ダ1400		良	**	1:24.7	0.1	**	12-12	34.3-38.4	37.4	480(+6)			ダイシンリンク	320.0	202507040212
2021107255	2025-09-15	4阪神5	晴	12.0	3歳以上1勝クラス		15	6.0	10	7.7	5.0	5	高杉吏麒	57.0	ダ1400		良	**	1:25.1	0.4	**	12-12	35.4-37.0	36.3	470(-10)			タマモティーカップ	80.0	202509040512
2021107255	2025-10-11	3京都3	晴	12.0	3歳以上1勝クラス		16	3.0	5	18.4	6.0	6	高杉吏麒	58.0	ダ1400		良	**	1:24.2	1.0	**	13-12	34.3-37.2	37.0	476(+6)			ゴールデンカイト		202508030312
2021107255	2025-12-07	5中京2	晴	6.0	3歳以上1勝クラス		16	8.0	15	7.3	4.0	6	藤岡佑介	58.0	ダ1400		良	**	1:25.0	0.4	**	14-13	34.6-38.1	36.5	472(-4)			カレンワッツアップ		202507050206
2021107255	2026-01-17	1京都6	晴	7.0	4歳以上1勝クラス		15	1.0	1	23.1	8.0	8	藤岡佑介	58.0	ダ1400		良	**	1:26.0	1.0	**	6-7	36.0-36.6	36.9	478(+6)			レーティッシュ		202608010607
2021110023	2023-07-01	3中京1	曇	5.0	2歳新馬		7	2.0	2	4.9	3.0	4	幸英明	55.0	芝1200		重	**	1:11.5	1.0	**	2-2	36.0-34.5	35.2	482(0)			クリノハレルヤ	110.0	202307030105
2021110023	2023-07-23	2福島8	晴	3.0	2歳未勝利		13	8.0	13	9.3	4.0	5	石橋脩	55.0	ダ1150		良	**	1:11.2	1.2	**	2-2	32.3-37.7	38.8	482(0)			クラークテソーロ	55.0	202303020803
2021110023	2023-10-21	4新潟3	雨	5.0	2歳未勝利		18	5.0	10	7.7	4.0	2	石橋脩	56.0	芝1000		重	**	0:58.1	0.1	**	12	34.2-35.0	34.6	486(+4)			ルクスパラディ	220.0	202304040305
2021110023	2023-11-05	3福島2	曇	2.0	2歳未勝利		16	1.0	2	7.5	5.0	2	吉田隼人	56.0	芝1200		良	**	1:10.7	0.9	**	4-3	33.9-35.9	36.6	488(+2)			アララララ	220.0	202303030202
2021110023	2024-01-14	1小倉2	晴	6.0	3歳未勝利		17	4.0	8	7.3	4.0	6	永島まな	54.0	芝1200		良	**	1:08.7	0.9	**	2-3	33.2-34.6	35.5	486(-2)			ペアポルックス		202410010206
2021110023	2024-02-24	2小倉5	晴	2.0	3歳未勝利		18	2.0	4	4.6	2.0	1	吉田隼人	57.0	芝1200		重	**	1:09.7	-0.2	**	6-4	34.2-35.5	35.1	488(+2)			(ナムラローズマリー)	550.0	202410020502
2021110023	2024-03-16	1阪神7	晴	6.0	3歳1勝クラス		10	1.0	1	20.2	6.0	7	田口貫太	56.0	芝1200		良	**	1:09.6	0.9	**	8-8	34.2-34.5	34.8	486(-2)			トーラスシャイン		202409010706
2021110023	2024-04-07	3中山6	晴	7.0	3歳1勝クラス		13	6.0	8	19.7	7.0	3	三浦皇成	57.0	芝1200		重	**	1:10.0	0.3	**	4-4	34.6-35.1	35.1	480(-6)			タイセイフェスタ	200.0	202406030607
2021110023	2025-01-12	1中京4	曇	12.0	4歳以上1勝クラス		18	7.0	15	50.1	12.0	12	橋木太希	54.0	芝1400		良	**	1:23.5	1.6	**	6-6	34.6-35.0	36.1	490(+10)			トラペジスト		202507010412
2021110023	2025-04-12	1福島1	晴	12.0	4歳以上1勝クラス		16	4.0	7	9.0	4.0	8	橋木太希	55.0	芝1200		良	**	1:09.1	0.7	**	11-8	34.1-34.3	34.3	490(0)			アイノセンシ		202503010112
2021110023	2025-06-08	3阪神2	曇	12.0	3歳以上1勝クラス		16	3.0	6	88.5	13.0	4	酒井学	58.0	芝1400		良	**	1:20.8	0.5	**	3-3	33.2-35.7	35.8	492(+2)			チューラワンサ	120.0	202509030212
2021110023	2025-06-28	2小倉1	晴	12.0	3歳以上1勝クラス		14	3.0	4	9.1	3.0	6	酒井学	58.0	芝1200		良	**	1:08.8	0.8	**	3-5	33.3-34.7	35.2	494(+2)			インブロリオ		202510020112
2021110023	2025-07-20	2小倉8	晴	8.0	3歳以上1勝クラス		12	6.0	7	4.4	2.0	3	北村友一	58.0	芝1200		良	**	1:08.9	0.1	**	2-2	33.3-35.5	35.5	492(-2)			コウセキ	200.0	202510020808
2021110023	2025-08-03	3中京4	晴	12.0	3歳以上1勝クラス		18	3.0	6	9.6	4.0	1	団野大成	58.0	芝1400		良	**	1:19.8	0.0	**	5-4	34.0-34.4	34.1	496(+4)			(ノボリリア)	800.0	202507030412
2021110023	2025-10-05	4東京2	曇	9.0	tvk賞(2勝クラス)		17	4.0	8	16.2	8.0	10	三浦皇成	58.0	芝1400		良	**	1:20.4	0.6	**	5-3	33.9-34.3	34.6	500(+4)			ジュドー		202505040209
2021110023	2025-10-25	4東京8	雨	9.0	精進湖特別(2勝クラス)		12	7.0	9	64.5	9.0	10	石橋脩	58.0	芝1400		稍	**	1:22.0	0.6	**	1-1	35.2-34.3	34.9	498(-2)			ウイントワイライト		202505040809
2021110023	2025-11-16	4京都4	晴	8.0	3歳以上2勝クラス		15	8.0	14	54.0	10.0	11	幸英明	58.0	芝1400		良	**	1:21.0	0.3	**	3-3	35.0-34.4	34.6	500(+2)			アンダースコア		202508040408
2021110023	2026-01-17	1中山6	晴	12.0	4歳以上2勝クラス		16	3.0	5	6.9	4.0	6	石橋脩	58.0	芝1200		良	**	1:08.4	0.4	**	5-5	34.3-33.7	33.8	506(+6)			カンシン		202606010612
2021110058	2025-01-02	園田	晴	1.0	C3三		12	2.0	2	1.6	1.0	1	下原理	54.0	ダ1400		良	**	1:33.0	-1.9	**	1-1-1-1		39.5	527(0)			(シンゼンコタロウ)	56.0	202550010201
2021110058	2025-01-23	姫路	晴	4.0	土師7ハロンC2三		10	4.0	4	1.1	1.0	2	下原理	54.0	ダ1400		良	**	1:35.6	0.0	**	4-4-3-3		39.9	514(-13)			ファームラヴ	24.5	202551012304
2021110058	2025-02-26	姫路	晴	6.0	C2二		8	1.0	1	1.1	1.0	1	下原理	54.0	ダ1400		良	**	1:35.0	-0.9	**	1-1-1-1		39.0	526(+12)			(ショウナンマントル)	70.0	202551022606
2021110058	2025-04-03	園田	晴	4.0	☆SKE48熊崎晴香(C2)		10	7.0	8	1.3	1.0	1	下原理	56.0	ダ1400		良	**	1:31.9	-1.3	**	3-4-2-2		39.3	521(-5)			(フークレゼルヴ)	70.0	202550040304
2021110058	2025-05-06	園田	曇	12.0	C1		11	6.0	8	1.7	1.0	1	下原理	55.0	ダ1400		重	**	1:29.8	-0.7	**	3-3-2-1		39.2	523(+2)			(ソニック)	100.0	202550050612
2021110058	2025-11-08	3福島1	晴	12.0	3歳以上1勝クラス		15	4.0	7	9.7	6.0	9	小沢大仁	56.0	ダ1700		良	**	1:47.3	1.4	**	2-2-2-2	30.0-38.5	39.8	542(+19)			タイセイマンボ		202503030112
2021110058	2026-01-17	1京都6	晴	7.0	4歳以上1勝クラス		15	2.0	4	8.9	4.0	9	岩田望来	56.0	ダ1400		良	**	1:26.1	1.1	**	1-1	36.0-36.6	37.7	522(-20)			レーティッシュ		202608010607
2021110123	2023-09-23	4阪神6	晴	5.0	2歳新馬		13	8.0	12	22.1	8.0	12	武豊	55.0	芝1600		良	**	1:37.1	2.5	**	2-2	36.1-34.5	36.9	468(0)			アルバニー		202309040605
2021110123	2023-11-26	3京都8	曇	1.0	2歳未勝利		16	7.0	14	4.6	2.0	7	松若風馬	56.0	ダ1200		良	**	1:13.9	1.4	**	4-5	35.1-37.4	38.1	466(-2)			ゴッドカインド		202308030801
2021110123	2023-12-09	4中京3	晴	1.0	2歳未勝利		10	7.0	7	9.2	4.0	2	松若風馬	56.0	ダ1800		良	**	1:56.3	0.4	**	5-5-5-4	37.5-38.8	38.9	466(0)			タイセイアディクト	220.0	202307040301
2021110123	2024-01-06	1京都1	晴	1.0	3歳未勝利		16	7.0	14	5.0	2.0	5	松若風馬	57.0	ダ1800		良	**	1:56.2	0.8	**	6-6-5-5	36.3-39.5	39.8	468(+2)			セレブレイトエール	55.0	202408010101
2021110123	2024-01-28	1小倉6	晴	1.0	3歳未勝利		11	6.0	6	3.0	2.0	2	西塚洸二	54.0	ダ1700		良	**	1:48.5	0.2	**	2-2-3-3	31.1-39.4	39.4	460(-8)			ヤマニンアラクリア	220.0	202410010601
2021110123	2024-04-07	1福島2	晴	1.0	3歳未勝利		15	4.0	6	3.3	1.0	1	西塚洸二	55.0	ダ1700		良	**	1:47.5	-0.3	**	5-5-4-2	29.9-39.8	39.4	464(+4)			(オモカゲジョー)	550.0	202403010201
2021110123	2024-04-27	1新潟1	晴	9.0	わらび賞(1勝クラス)		14	5.0	8	30.4	8.0	13	西塚洸二	57.0	ダ1800		良	**	1:56.5	3.0	**	3-3-3-5	36.7-37.5	40.2	464(0)			コトホドサヨウニ		202404010109
2021110123	2024-07-21	3小倉8	晴	12.0	3歳以上1勝クラス		15	6.0	10	51.0	11.0	12	西塚洸二	54.0	ダ1700		稍	**	1:46.8	2.1	**	3-3-5-8	29.2-37.8	39.5	464(0)			モズアカボス		202410030812
2021110123	2024-10-20	4新潟6	晴	12.0	3歳以上1勝クラス		13	7.0	10	24.2	6.0	6	小沢大仁	56.0	ダ1200		稍	**	1:12.6	1.1	**	12-11	34.6-36.9	36.9	468(+4)			ドゥータップ		202404040612
2021110123	2024-11-09	6京都3	晴	7.0	3歳以上1勝クラス		16	7.0	13	56.8	8.0	7	池添謙一	57.0	ダ1200		良	**	1:12.4	1.2	**	13-13	34.9-36.3	35.7	470(+2)			クリノオリーブ		202408060307
2021110123	2024-11-30	4中京1	晴	6.0	3歳以上1勝クラス		16	3.0	6	29.4	7.0	5	西塚洸二	56.0	ダ1400		良	**	1:25.6	1.0	**	12-11	35.1-37.4	37.1	472(+2)			アンシール	80.0	202407040106
2021110123	2024-12-21	7京都7	曇	8.0	3歳以上1勝クラス		16	2.0	4	30.2	10.0	6	吉村誠之	55.0	ダ1400		良	**	1:25.9	1.1	**	7-8	35.4-36.9	37.5	478(+6)			ビダーヤ		202408070708
2021110123	2025-02-08	1小倉5	小雪	8.0	4歳以上1勝クラス		15	5.0	9	9.4	5.0	4	松若風馬	57.0	ダ1700		稍	**	1:44.7	0.8	**	4-3-3-3	29.3-37.2	37.7	472(-6)			サイドキック	120.0	202510010508
2021110123	2025-04-20	1福島4	曇	12.0	4歳以上1勝クラス		15	8.0	14	3.8	2.0	3	永島まな	56.0	ダ1700		良	**	1:47.8	1.3	**	3-3-3-2	30.7-37.6	38.7	472(0)			トーレ	200.0	202503010412
2021110123	2025-07-06	2小倉4	晴	12.0	3歳以上1勝クラス		16	3.0	5	13.4	5.0	7	松山弘平	58.0	ダ1700		良	**	1:46.6	1.2	**	10-10-11-10	29.8-37.9	38.2	470(-2)			ジューンエオス		202510020412
2021110123	2025-10-11	3京都3	晴	12.0	3歳以上1勝クラス		16	3.0	6	57.8	11.0	4	団野大成	58.0	ダ1400		良	**	1:23.4	0.2	**	8-6	34.3-37.2	36.8	470(0)			ゴールデンカイト	120.0	202508030312
2021110123	2025-11-01	3京都10	晴	7.0	3歳以上1勝クラス		16	6.0	12	4.7	2.0	6	団野大成	58.0	ダ1400		重	**	1:24.5	0.8	**	8-9	35.0-36.6	36.8	472(+2)			ヴリトラハン		202508031007
2021110123	2025-12-28	5阪神8	晴	7.0	3歳以上1勝クラス		16	5.0	9	8.3	4.0	6	斎藤新	58.0	ダ1400		良	**	1:24.9	1.0	**	6-7	34.3-37.3	37.6	474(+2)			ニューオーリンズ		202509050807
2021110123	2026-01-17	1京都6	晴	7.0	4歳以上1勝クラス		15	5.0	10	16.8	5.0	10	斎藤新	58.0	ダ1400		良	**	1:26.2	1.2	**	6-9	36.0-36.6	37.0	478(+4)			レーティッシュ		202608010607
2021110134	2023-08-19	3新潟3	晴	3.0	2歳新馬		14	2.0	2			除	菅原明良	55.0	ダ1800		良	**			**		39.2-39.1		計不			ブループリマドンナ		202304030303
2021110134	2023-10-09	4東京3	雨	6.0	2歳新馬		15	3.0	5	2.7	1.0	1	戸崎圭太	56.0	ダ1400		不	**	1:26.3	-0.2	**	2-2	35.7-38.0	37.9	502(0)			(エッカート)	720.0	202305040306
2021110134	2023-12-10	5中山4	晴	7.0	2歳1勝クラス		16	4.0	8	36.8	11.0	16	池添謙一	56.0	ダ1800		良	**	2:00.5	8.0	**	6-6-7-15	37.1-37.9	45.0	506(+4)			ミッキーファイト		202306050407
2021110134	2024-02-25	1阪神2	小雨	5.0	3歳1勝クラス		10	2.0	2	23.8	6.0	9	松若風馬	57.0	ダ1200		不	**	1:13.6	2.4	**	8-9	35.3-35.9	37.3	506(0)			ネグレスコ		202409010205
2021110134	2024-03-10	1中京2	晴	10.0	昇竜S(OP)		9	5.0	5	65.0	7.0	7	吉田隼人	57.0	ダ1400		良	**	1:27.0	1.6	**	7-8	35.9-37.1	38.1	506(0)			チカッパ		202407010210
2021110134	2024-04-20	2東京1	晴	6.0	3歳1勝クラス		16	3.0	5	155.9	14.0	10	吉田豊	57.0	ダ1600		良	**	1:39.2	2.0	**	11-8	35.1-37.2	38.0	502(-4)			ブシン		202405020106
2021110134	2024-05-18	2東京9	晴	6.0	3歳1勝クラス		10	2.0	2	77.9	8.0	9	戸崎圭太	57.0	ダ1600		良	**	1:40.5	4.3	**	2-2	35.5-35.6	39.8	498(-4)			アッシュルバニパル		202405020906
2021110134	2024-06-27	園田	曇	8.0	JRA交流円山川特別		9	2.0	2	11.4	4.0	6	吉村智洋	56.0	ダ1400		良	**	1:33.6	2.8	**	5-5-6-6		40.6	492(-6)			ドンカポノ		202450062708
2021110134	2024-11-16	6京都5	小雨	7.0	3歳以上1勝クラス		16	5.0	10	179.0	15.0	9	渡辺竜也	57.0	ダ1400		良	**	1:25.6	1.0	**	8-9	34.4-38.0	38.0	510(+18)			アストラカ		202408060507
2021110134	2024-11-26	船橋	晴	10.0	フェイスフルブーツ特(B2B3)		12	6.0	8	6.8	3.0	2	Ｍ．ミシ	55.0	ダ1700		良	**	1:49.0	0.3	**	2-2-2-2	30.6-39.9	39.4	514(+4)			モデルハント	160.0	202443112610
2021110134	2024-12-28	7京都9	晴	8.0	3歳以上1勝クラス		16	6.0	12	76.8	14.0	13	田口貫太	56.0	ダ1800		良	**	1:56.6	2.8	**	2-2-4-6	36.9-38.7	41.1	510(-4)			ペンナヴェローチェ		202408070908
2021110134	2025-02-05	川崎	晴	10.0	フェブラリースター賞(B2B3)		11	6.0	6	4.1	2.0	4	笹川翼	57.0	ダ1600		稍	**	1:45.4	1.0	**	2-2-2-3	38.8-39.9	40.9	503(-7)			マイケルマキシマス	60.0	202545020510
2021110134	2025-04-19	2阪神7	晴	12.0	4歳以上1勝クラス		15	4.0	7			除	団野大成	58.0	ダ1400		良	**			**		34.7-38.3		506(+3)			マイティマイティー		202509020712
2021110134	2025-11-08	5東京1	晴	7.0	3歳以上1勝クラス		16	7.0	13	154.1	14.0	4	松岡正海	58.0	ダ1300		良	**	1:18.7	0.8	**	2-2	29.5-36.5	37.2	530(+27)			ドントゥザムーン	120.0	202505050107
2021110134	2025-11-23	4京都6	晴	6.0	3歳以上1勝クラス		16	4.0	7	79.9	13.0	12	マーカン	58.0	ダ1400		良	**	1:26.1	2.0	**	2-2	34.9-37.1	39.0	532(+2)			ポッドドンナー		202508040606
2021110134	2026-01-17	1京都6	晴	7.0	4歳以上1勝クラス		15	3.0	6	126.4	12.0	13	松本大輝	57.0	ダ1400		良	**	1:27.0	2.0	**	2-2	36.0-36.6	38.5	544(+12)			レーティッシュ		202608010607
2022100018	2024-10-26	5京都7	曇	4.0	2歳新馬		16	6.0	11	20.0	6.0	2	吉村誠之	53.0	ダ1400		良	**	1:26.1	0.6	**	8-7	35.8-37.2	37.1	464(0)			ヴィリアリート	290.0	202408050704
2022100018	2024-11-10	6京都4	晴	1.0	2歳未勝利		16	3.0	6	7.5	4.0	1	吉村誠之	53.0	ダ1400		良	**	1:25.7	-0.3	**	5-4	34.7-38.7	38.3	470(+6)			(アスゴッド)	550.0	202408060401
2022100018	2024-12-21	7京都7	曇	9.0	万両賞(1勝クラス)		12	6.0	8	50.1	9.0	5	吉村誠之	56.0	芝1400		良	**	1:22.3	0.6	**	9-8	35.9-34.0	34.1	470(0)			ライラ	107.0	202408070709
2022100018	2025-10-26	3京都9	曇	6.0	3歳以上1勝クラス		11	6.0	7	15.7	6.0	4	吉村誠之	55.0	ダ1400		重	**	1:23.8	0.4	**	7-7	34.4-36.8	36.7	476(+6)			アンビシャスヨシノ	120.0	202508030906
2022100018	2025-11-23	4京都6	晴	6.0	3歳以上1勝クラス		16	8.0	15	9.0	5.0	1	吉村誠之	56.0	ダ1400		良	**	1:24.1	-0.3	**	11-8	34.9-37.1	36.2	478(+2)			(ジェミート)	800.0	202508040606
2022100018	2026-01-17	1京都6	晴	12.0	4歳以上2勝クラス		18	1.0	1	8.7	5.0	3	吉村誠之	57.0	芝1600		良	**	1:33.7	0.2	**	8-8	35.2-34.5	34.0	480(+2)			カズミクラーシュ	300.0	202608010612
2022100084	2024-07-07	2福島4	晴	5.0	2歳新馬		11	2.0	2	5.6	3.0	1	戸崎圭太	55.0	芝2000		良	**	2:01.2	-0.1	**	5-3-4-4	35.9-35.4	34.7	474(0)			(リトルジャイアンツ)	720.0	202403020405
2022100084	2024-08-11	2札幌2	晴	8.0	コスモス賞(OP)		7	2.0	2	2.0	1.0	7	丹内祐次	55.0	芝1800		良	**	1:54.9	5.7	**	3-3-3-5	37.4-35.0	40.4	474(0)			アスクシュタイン		202401020208
2022100084	2024-09-28	4中山8	曇	9.0	芙蓉S(OP)		9	2.0	2	10.7	4.0	1	丹内祐次	55.0	芝2000		良	**	2:02.8	-0.1	**	2-2-2-2	36.3-35.3	35.1	484(+10)			(レーヴドロペラ)	1620.3	202406040809
2022100084	2024-12-28	5中山9	晴	11.0	ホープフルS(GI)		18	2.0	3	46.2	10.0	7	丹内祐次	56.0	芝2000		良	**	2:01.5	1.0	**	2-2-3-3	36.0-35.5	36.0	488(+4)			クロワデュノール		202406050911
2022100084	2025-02-09	1京都4	晴	11.0	きさらぎ賞(GIII)		10	1.0	1	22.1	7.0	9	丹内祐次	57.0	芝1800		稍	**	1:49.1	2.1	**	1-1	34.4-35.7	37.8	488(0)			サトノシャイニング		202508010411
2022100084	2025-03-16	2中山6	小雨	11.0	スプリングS(GII)		12	5.0	6	12.1	6.0	8	津村明秀	57.0	芝1800		重	**	1:52.1	0.6	**	6-7-7-7	37.5-38.1	38.0	484(-4)			ピコチャンブラック		202506020611
2022100084	2025-04-12	3中山5	晴	11.0	ニュージーランドT(GII)		14	6.0	9	41.0	9.0	8	三浦皇成	57.0	芝1600		良	**	1:33.3	0.9	**	6-6-5	34.3-34.7	34.6	486(+2)			イミグラントソング		202506030511
2022100084	2025-08-02	1札幌3	晴	10.0	釧路湿原特別(2勝クラス)		14	6.0	9	11.9	4.0	5	丹内祐次	55.0	芝1800		良	**	1:47.6	0.5	**	10-10-14-12	36.3-35.5	35.0	496(+10)			リラボニート	155.0	202501010310
2022100084	2025-08-24	2札幌2	晴	12.0	オールスターJ第4戦(2勝クラス)		14	6.0	10	7.7	3.0	3	本田正重	56.0	芝1800		良	**	1:48.8	0.1	**	7-7-6-6	36.2-35.7	35.4	502(+6)			ピンクジン	395.2	202501020212
2022100084	2025-10-13	3京都5	曇	10.0	堀川特別(2勝クラス)		10	3.0	3	7.5	4.0	7	戸崎圭太	56.0	芝1800		良	**	1:46.6	0.8	**	9-8	35.7-33.5	33.6	494(-8)			ローランドバローズ		202508030510
2022100084	2025-11-01	3京都10	晴	9.0	北野特別(2勝クラス)		11	2.0	2	16.4	6.0	7	丹内祐次	56.0	芝2000		良	**	2:00.3	0.8	**	8-8-7-7	35.9-34.2	34.5	500(+6)			エコロディノス		202508031009
2022100084	2026-01-17	1京都6	晴	9.0	稲荷特別(2勝クラス)		10	8.0	9	4.1	3.0	1	松山弘平	57.0	芝2000		良	**	2:01.0	-0.1	**	1-1-1-1	36.0-34.5	34.5	504(+4)			(ハートメテオ)	1603.8	202608010609
2022100204	2024-10-27	5京都8	曇	5.0	2歳新馬		10	4.0	4	5.2	4.0	4	池添謙一	56.0	芝1600		良	**	1:35.1	0.9	**	3-3	35.1-34.9	35.5	474(0)			リラエンブレム	110.0	202408050805
2022100204	2024-11-16	6京都5	曇	3.0	2歳未勝利		13	8.0	13	2.9	1.0	1	池添謙一	56.0	ダ1400		良	**	1:25.5	-0.5	**	4-2	34.3-38.7	38.4	468(-6)			(ミライエイゴウ)	550.0	202408060503
2022100204	2025-01-12	1中京4	曇	7.0	3歳1勝クラス		16	4.0	7	21.2	5.0	2	池添謙一	57.0	ダ1400		良	**	1:24.1	0.0	**	4-4	35.0-36.9	36.6	472(+4)			マテンロウコマンド	320.0	202507010407
2022100204	2025-02-16	1京都6	曇	4.0	3歳1勝クラス		11	8.0	11	2.0	1.0	1	池添謙一	57.0	ダ1400		稍	**	1:24.9	-1.0	**	4-1	35.4-37.0	36.7	472(0)			(ゴールデンカイト)	800.0	202508010604
2022100204	2025-10-05	3京都2	曇	8.0	3歳以上2勝クラス		16	3.0	5	2.5	1.0	2	池添謙一	56.0	ダ1400		重	**	1:22.7	0.1	**	6-5	33.8-37.0	36.1	476(+4)			タマモティーカップ	460.0	202508030208
2022100204	2025-10-26	3京都9	曇	12.0	嵯峨野特別(2勝クラス)		16	7.0	13	2.5	1.0	1	池添謙一	56.0	ダ1400		重	**	1:22.8	-0.2	**	5-5	34.1-36.7	36.3	478(+2)			(ウルスクローム)	1589.9	202508030912
2022100204	2025-12-21	5阪神6	雨	9.0	御影S(3勝クラス)		16	3.0	6	1.7	1.0	3	池添謙一	57.0	ダ1400		重	**	1:22.6	0.1	**	4-4	34.0-36.8	36.6	484(+6)			トリリオンボーイ	464.8	202509050609
2022100204	2026-01-17	1京都6	晴	11.0	羅生門S(3勝クラス)		16	4.0	7	2.1	1.0	5	池添謙一	57.0	ダ1400		良	**	1:24.7	0.8	**	11-9	35.3-36.2	36.1	486(+2)			エストレヤデベレン	187.0	202608010611
2022100381	2025-03-29	2阪神1	晴	1.0	3歳未勝利		16	1.0	1	24.1	8.0	10	森田誠也	52.0	ダ1400		稍	**	1:28.3	2.3	**	3-5	35.0-38.7	40.7	474(0)			リトルスカーレット		202509020101
2022100381	2025-05-31	2京都11	曇	5.0	3歳未勝利		18	7.0	15	12.5	6.0	1	団野大成	55.0	芝1800		良	**	1:46.7	-0.2	**	2-2	35.4-34.6	34.6	470(-4)			(アルディスティーノ)	560.0	202508021105
2022100381	2025-07-19	2小倉7	晴	8.0	3歳以上1勝クラス		10	8.0	10	4.3	2.0	7	団野大成	53.0	芝2000		良	**	2:04.3	1.8	**	3-3-2-3	35.9-36.5	38.2	482(+12)			マトラコーニッシュ		202510020708
2022100381	2025-09-14	4阪神4	曇	7.0	3歳以上1勝クラス		14	4.0	6	13.0	5.0	2	西村淳也	54.0	芝1600		良	**	1:34.7	0.2	**	1-1	36.5-33.4	33.6	486(+4)			ロンドボス	320.0	202509040407
2022100381	2025-11-01	3京都10	晴	12.0	3歳以上1勝クラス		15	8.0	15	21.0	6.0	1	団野大成	55.0	芝1600		良	**	1:33.7	0.0	**	6-4	36.0-34.1	33.7	476(-10)			(ミッキースターダム)	800.0	202508031012
2022100381	2026-01-17	1京都6	晴	12.0	4歳以上2勝クラス		18	5.0	9	4.6	1.0	7	団野大成	55.0	芝1600		良	**	1:34.0	0.5	**	2-2	35.2-34.5	34.8	480(+4)			カズミクラーシュ		202608010612
2022100439	2025-01-11	1中京3	晴	3.0	3歳新馬		16	4.0	8	21.8	8.0	5	今村聖奈	52.0	ダ1800		良	**	1:56.0	1.6	**	12-12-11-7	36.8-38.5	38.8	470(0)			リープアップ	62.0	202507010303
2022100439	2025-02-02	1京都2	曇	1.0	3歳未勝利		12	8.0	11	5.1	3.0	3	川又賢治	55.0	ダ1800		稍	**	1:56.0	0.4	**	8-8-4-4	37.1-40.0	39.5	472(+2)			デルマサクラサク	140.0	202508010201
2022100439	2025-03-09	1阪神4	晴	1.0	3歳未勝利		15	6.0	10	4.3	2.0	4	今村聖奈	52.0	ダ1800		良	**	1:56.8	1.2	**	7-7-8-7	38.5-37.7	38.3	468(-4)			ツキノアカリ	84.0	202509010401
2022100439	2025-03-23	1阪神8	晴	1.0	3歳未勝利		11	4.0	4	3.3	1.0	2	坂井瑠星	55.0	ダ1800		良	**	1:56.8	1.0	**	5-3-5-3	37.0-39.0	39.7	466(-2)			ヒメモモアスク	220.0	202509010801
2022100439	2025-05-18	2京都8	晴	2.0	3歳未勝利		12	4.0	5	2.8	1.0	1	岩田望来	55.0	ダ1800		重	**	1:52.2	-0.2	**	8-8-6-6	35.3-38.4	37.9	466(0)			(ベルシエル)	560.0	202508020802
2022100439	2025-05-31	2京都11	曇	9.0	鳳雛S(L)		9	8.0	8	26.8	6.0	3	岩田望来	55.0	ダ1800		良	**	1:54.2	0.4	**	7-8-7-5	37.8-36.8	36.5	470(+4)			ハグ	483.1	202508021109
2022100439	2025-07-13	2小倉6	曇	7.0	3歳以上1勝クラス		16	1.0	1	2.7	1.0	8	坂井瑠星	53.0	ダ1700		良	**	1:48.4	1.4	**	11-11-11-13	29.6-39.5	40.0	462(-8)			マキシマムビスタ		202510020607
2022100439	2025-07-26	3中京1	晴	8.0	遠州灘特別(2勝クラス)		7	7.0	7	5.7	2.0	2	坂井瑠星	53.0	ダ1800		良	**	1:54.5	0.2	**	3-3-2-3	38.9-37.9	38.0	464(+2)			パルクリチュード	624.4	202507030108
2022100439	2025-09-21	4阪神7	曇	8.0	3歳以上1勝クラス		13	1.0	1	1.7	1.0	6	坂井瑠星	53.0	ダ1800		良	**	1:56.0	0.4	**	4-4-6-6	38.0-37.8	37.8	470(+6)			フクキタテーラー		202509040708
2022100439	2025-10-13	3京都5	晴	4.0	3歳以上1勝クラス		13	8.0	12	3.1	1.0	6	坂井瑠星	54.0	ダ1800		良	**	1:54.1	1.9	**	4-5-5-6	37.0-37.5	38.9	478(+8)			プリンセッサ		202508030504
2022100439	2025-10-26	3京都9	曇	7.0	3歳以上1勝クラス		12	6.0	8	8.3	3.0	3	岩田望来	54.0	ダ1800		重	**	1:52.5	0.7	**	8-8-5-4	37.0-36.2	36.3	474(-4)			ステアハート	200.0	202508030907
2022100439	2025-12-06	5阪神1	晴	7.0	3歳以上1勝クラス		14	7.0	12	7.7	4.0	4	岩田望来	55.0	ダ1800		良	**	1:54.0	0.4	**	3-3-3-3	37.9-37.9	38.0	470(-4)			サンライズシュガー	120.0	202509050107
2022100439	2026-01-04	1京都1	曇	7.0	4歳以上1勝クラス		10	8.0	10	2.8	2.0	2	岩田望来	55.0	ダ1800		良	**	1:54.0	0.5	**	9-9-8-7	37.3-37.3	37.2	470(0)			クインズショコラ	330.0	202608010107
2022100439	2026-01-17	1京都6	晴	8.0	4歳以上1勝クラス		8	5.0	5	5.6	3.0	3	岩田望来	55.0	ダ1800		良	**	1:54.0	1.2	**	5-5-5-6	36.7-37.0	37.7	470(0)			ロカヒ	210.0	202608010608
2022100655	2024-08-10	2札幌1	晴	5.0	2歳新馬		7	6.0	6	3.7	3.0	3	鮫島克駿	55.0	芝1500		良	**	1:30.2	0.5	**	4-4-4	30.7-34.9	35.0	446(0)			クリノメイ	180.0	202401020105
2022100655	2024-08-25	2札幌6	晴	1.0	2歳未勝利		7	6.0	6	3.3	2.0	4	モレイラ	55.0	芝1500		良	**	1:30.6	0.3	**	4-2-2	30.3-34.8	34.8	444(-2)			ウォーターエアリー	83.0	202401020601
2022100655	2024-11-24	6京都8	曇	3.0	2歳未勝利		18	7.0	13	30.4	8.0	14	小沢大仁	54.0	芝1600		良	**	1:36.3	1.5	**	17-16	35.0-35.4	35.9	434(-10)			ベイリークロア		202408060803
2022100655	2024-12-14	4中京5	晴	5.0	2歳未勝利		18	3.0	6	81.4	8.0	5	長岡禎仁	55.0	芝2000		良	**	2:03.6	1.0	**	9-10-12-12	36.8-35.3	35.4	434(0)			ノラリクラリ	55.0	202407040505
2022100655	2025-01-12	1中京4	曇	6.0	3歳未勝利		18	2.0	3	81.6	14.0	3	長岡禎仁	55.0	芝2000		良	**	2:02.6	1.0	**	10-8-8-7	35.7-36.9	37.3	436(+2)			レーゼドラマ	140.0	202507010406
2022100655	2025-02-23	1小倉10	小雨	5.0	3歳未勝利		13	1.0	1	8.9	4.0	5	角田大和	55.0	芝2000		良	**	2:01.8	0.3	**	6-8-8-7	36.0-36.2	35.9	436(0)			コスモアンソロジー	56.0	202510011005
2022100655	2025-03-16	1阪神6	小雨	5.0	3歳未勝利		16	3.0	6	21.7	7.0	3	長岡禎仁	55.0	芝2000		稍	**	2:03.5	0.1	**	12-13-1-1	37.2-37.1	37.2	438(+2)			ヴィーナスバブル	140.0	202509010605
2022100655	2025-05-11	2京都6	曇	5.0	3歳未勝利		12	1.0	1	3.5	2.0	2	高杉吏麒	54.0	芝2200		良	**	2:15.8	0.1	**	4-4-6-5	37.2-34.6	34.2	444(+6)			サンライズバブル	220.0	202508020605
2022100655	2025-05-25	2京都10	曇	5.0	3歳未勝利		14	3.0	3	2.5	1.0	1	高杉吏麒	54.0	芝2200		重	**	2:15.5	0.0	**	12-12-7-6	35.8-36.0	35.5	444(0)			(メイショウキンタイ)	560.0	202508021005
2022100655	2025-06-21	3阪神5	晴	7.0	3歳以上1勝クラス		10	8.0	10	5.6	3.0	7	吉村誠之	51.0	芝2400		良	**	2:27.5	0.7	**	7-7-5-5	35.8-35.4	35.5	444(0)			ミントマーク		202509030507
2022100655	2025-09-21	4阪神7	晴	7.0	3歳以上1勝クラス		13	8.0	12	26.8	8.0	7	吉村誠之	52.0	芝2000		良	**	2:00.2	0.7	**	9-10-13-13	34.8-36.0	34.7	448(+4)			キーパフォーマー		202509040707
2022100655	2025-10-05	3京都2	小雨	7.0	3歳以上1勝クラス		12	6.0	8	14.1	6.0	8	長岡禎仁	54.0	芝2000		稍	**	2:01.0	0.9	**	5-5-2-2	35.0-35.0	35.6	450(+2)			フォーキャンドルズ		202508030207
2022100655	2025-11-02	3京都11	晴	7.0	3歳以上1勝クラス		16	1.0	2	40.5	10.0	12	長岡禎仁	54.0	芝2200		良	**	2:14.5	1.2	**	13-11-1-2	36.2-34.4	35.6	450(0)			スカイサーベイ		202508031107
2022100655	2026-01-17	1京都6	晴	8.0	4歳以上1勝クラス		8	4.0	4	19.5	5.0	5	西村淳也	55.0	ダ1800		良	**	1:54.7	1.9	**	8-8-8-6	36.7-37.0	38.2	450(0)			ロカヒ	82.0	202608010608
2022100997	2025-03-08	1阪神3	晴	2.0	3歳未勝利		12	6.0	8	6.6	4.0	11	吉村誠之	55.0	ダ1800		良	**	2:00.9	5.8	**	8-8-8-10	38.0-37.7	41.9	512(0)			ロードヴォイジャー		202509010302
2022100997	2025-04-24	名古屋	晴	10.0	名古屋CCチェリー賞(3歳)		11	4.0	4	17.7	5.0	4	吉村誠之	56.0	ダ1500		稍	**	1:37.4	0.8	**	7-7-7		40.2	506(-6)			イエローブリック	21.0	202548042410
2022100997	2025-05-10	2東京5	小雨	3.0	3歳未勝利		15	4.0	7	54.4	6.0	3	北村宏司	57.0	ダ1600		重	**	1:36.6	0.5	**	3-2	35.6-35.6	36.0	508(+2)			ヘリオトロープ	140.0	202505020503
2022100997	2025-05-25	2京都10	曇	1.0	3歳未勝利		16	7.0	13	5.3	3.0	11	吉村誠之	56.0	ダ1400		不	**	1:25.3	1.9	**	12-13	34.9-36.5	37.1	504(-4)			テーオーライマン		202508021001
2022100997	2025-06-21	1函館3	晴	3.0	3歳未勝利		13	8.0	13	6.3	3.0	4	横山武史	57.0	ダ1700		良	**	1:47.7	1.6	**	8-8-10-8	29.7-38.4	39.1	504(0)			サンライズバレット	84.0	202502010303
2022100997	2025-07-13	1函館10	晴	4.0	3歳未勝利		13	5.0	6	7.5	2.0	7	横山武史	57.0	ダ1700		良	**	1:49.1	2.4	**	1-1-2-2	30.5-38.5	40.8	516(+12)			ロードスカイブルー		202502011004
2022100997	2025-07-26	1札幌1	曇	3.0	3歳未勝利		14	8.0	13	10.4	4.0	2	丹内祐次	57.0	ダ1700		良	**	1:45.9	0.3	**	2-2-2-2	29.6-38.5	38.8	506(-10)			ディアウス	220.0	202501010103
2022100997	2025-08-10	1札幌6	晴	4.0	3歳未勝利		14	7.0	12	3.1	2.0	2	丹内祐次	57.0	ダ1700		稍	**	1:47.1	0.1	**	2-1-1-1	30.1-39.8	39.9	502(-4)			マーウォルス	220.0	202501010604
2022100997	2025-08-24	2札幌2	晴	3.0	3歳未勝利		14	6.0	10	2.4	1.0	1	丹内祐次	57.0	ダ1700		良	**	1:46.5	-0.3	**	2-2-2-1	30.5-38.7	38.7	504(+2)			(ビービーバザーク)	560.0	202501020203
2022100997	2025-09-07	2札幌6	晴	12.0	3歳以上1勝クラス		14	8.0	13	2.5	1.0	5	丹内祐次	55.0	ダ1700		稍	**	1:46.9	1.2	**	6-5-2-1	28.8-38.8	39.9	508(+4)			ジュンラトゥール	80.0	202501020612
2022100997	2026-01-05	1京都2	晴	7.0	4歳以上1勝クラス		15	3.0	4	18.5	8.0	14	吉村誠之	57.0	ダ1800		良	**	1:56.6	4.6	**	2-2-2-3	35.4-38.1	42.4	504(-4)			ルクスフレンジー		202608010207
2022100997	2026-01-17	1京都6	晴	8.0	4歳以上1勝クラス		8	6.0	6	21.5	6.0	7	吉村誠之	57.0	ダ1800		良	**	1:55.8	3.0	**	3-4-5-6	36.7-37.0	39.6	506(+2)			ロカヒ		202608010608
2022101062	2025-01-25	1中京8	晴	4.0	3歳新馬		16	3.0	5	4.5	1.0	1	団野大成	57.0	ダ1800		良	**	1:56.4	-0.7	**	3-3-4-3	38.0-39.4	39.0	482(0)			(ランツフート)	620.0	202507010804
2022101062	2025-06-08	3阪神2	曇	8.0	3歳以上1勝クラス		13	7.0	10	5.7	3.0	10	岩田望来	55.0	ダ1800		良	**	1:56.3	3.1	**	7-7-7-6	37.2-37.2	39.6	490(+8)			チュウジョウ		202509030208
2022101062	2025-09-28	4阪神9	晴	7.0	3歳以上1勝クラス		16	4.0	8	10.6	6.0	10	鮫島克駿	56.0	ダ1400		良	**	1:25.8	1.2	**	10-10	34.3-38.2	38.4	488(-2)			ゲイルライダー		202509040907
2022101062	2025-10-19	4新潟2	曇	6.0	3歳以上1勝クラス		15	2.0	2	23.4	10.0	12	斎藤新	56.0	ダ1800		重	**	1:54.4	1.7	**	10-10-11-11	36.2-38.0	38.3	492(+4)			ケーヴァラ		202504040206
2022101062	2025-12-07	5中京2	晴	6.0	3歳以上1勝クラス		16	3.0	5	56.1	10.0	3	岩田望来	57.0	ダ1400		良	**	1:24.7	0.1	**	12-12	34.6-38.1	36.5	488(-4)			カレンワッツアップ	200.0	202507050206
2022101062	2025-12-28	5阪神8	晴	7.0	3歳以上1勝クラス		16	3.0	6	15.1	7.0	9	西塚洸二	56.0	ダ1400		良	**	1:25.4	1.5	**	8-9	34.3-37.3	37.9	490(+2)			ニューオーリンズ		202509050807
2022101062	2026-01-17	1京都6	晴	7.0	4歳以上1勝クラス		15	6.0	12	60.5	10.0	5	西塚洸二	56.0	ダ1400		良	**	1:25.7	0.7	**	14-12	36.0-36.6	36.2	502(+12)			レーティッシュ	82.0	202608010607
2022101203	2024-07-21	1札幌2	晴	5.0	2歳新馬		8	6.0	6	57.1	8.0	6	浜中俊	55.0	芝1800		良	**	1:49.0	1.2	**	3-3-4-4	36.9-34.8	35.6	434(0)			キングスコール		202401010205
2022101203	2024-08-03	1札幌5	曇	1.0	2歳未勝利		10	7.0	8	14.5	6.0	3	浜中俊	55.0	芝1500		良	**	1:29.7	0.2	**	4-3-3	30.3-35.4	35.3	434(0)			ソロモン	140.0	202401010501
2022101203	2024-08-25	2札幌6	晴	1.0	2歳未勝利		7	7.0	7	5.0	3.0	5	浜中俊	55.0	芝1500		良	**	1:30.6	0.3	**	1-1-1	30.3-34.8	35.1	436(+2)			ウォーターエアリー	55.0	202401020601
2022101203	2024-11-30	4中京1	曇	4.0	2歳未勝利		17	8.0	17	29.4	7.0	7	横山和生	55.0	芝1200		良	**	1:10.4	1.3	**	5-5	34.3-34.8	35.6	442(+6)			タガノアンファン		202407040104
2022101203	2024-12-08	7京都4	晴	3.0	2歳未勝利		10	7.0	7	18.1	3.0	7	松山弘平	55.0	芝1600		良	**	1:36.9	2.0	**	3-3	35.0-36.0	37.6	440(-2)			モンテシート		202408070403
2022101203	2025-03-01	1小倉11	曇	1.0	3歳未勝利		16	4.0	7	88.3	13.0	13	松本大輝	54.0	芝1800		良	**	1:51.5	1.4	**	11-11-10-7	37.2-36.2	36.9	444(+4)			メイショウピリカ		202510011101
2022101203	2025-03-29	水沢	曇	6.0	3歳C1二組		11	8.0	11	2.3	2.0	1	山本聡哉	54.0	ダ1400		稍	**	1:30.5	-0.1	**	4-4-3-2		39.3	439(-5)			(インディーフィルム)	60.0	202536032906
2022101203	2025-04-22	水沢	晴	6.0	3歳B2一組		9	4.0	4	1.7	1.0	1	山本聡哉	54.0	ダ1400		良	**	1:30.4	-0.2	**	1-1-1-1		39.0	443(+4)			(コックリサン)	70.0	202536042206
2022101203	2025-05-12	盛岡	曇	6.0	3歳B1二組		7	5.0	5	1.4	1.0	1	山本聡哉	54.0	ダ1400		重	**	1:27.3	-0.8	**	3-1		38.1	438(-5)			(リュウノコルサ)	80.0	202535051206
2022101203	2025-05-25	盛岡	小雨	7.0	3歳B1		8	6.0	6	1.7	1.0	1	山本聡哉	54.0	ダ1600		不	**	1:40.9	-0.8	**	1-1		38.0	441(+3)			(サンカリプソ)	80.0	202535052507
2022101203	2025-06-22	水沢	曇	7.0	3歳B1		9	6.0	6	1.5	1.0	6	山本聡哉	54.0	ダ1600		良	**	1:44.7	0.8	**	6-6-4-5		40.1	443(+2)			コックリサン		202536062207
2022101203	2025-07-06	盛岡	曇	12.0	サファイア賞(重賞)		12	6.0	7	1.7	1.0	2	山本聡哉	54.0	芝1700		良	**	1:47.5	0.2	**	3-3-3-3		35.8	446(+3)			サンカリプソ	122.5	202535070612
2022101203	2025-08-31	2札幌4	曇	9.0	北辰特別(1勝クラス)		14	6.0	9	217.8	14.0	14	和田陽希	53.0	芝2600		稍	**	2:45.9	3.1	**	8-8-14-14	37.8-37.0	38.4	444(-2)			ボンドロア		202501020409
2022101203	2025-11-24	3福島6	曇	12.0	3歳以上1勝クラス		16	1.0	2	349.0	16.0	10	上野翔	54.0	芝2000		良	**	2:01.4	0.8	**	8-7-11-12	35.8-34.9	35.0	444(0)			イガッチ		202503030612
2022101203	2025-12-27	5中山7	曇	7.0	3歳以上1勝クラス		18	2.0	4	480.1	18.0	7	上野翔	54.0	芝2200		良	**	2:15.0	0.3	**	7-8-13-11	36.0-35.9	35.2	446(+2)			ウィッシュツリー		202506050707
2022101203	2026-01-17	1中山6	晴	7.0	4歳以上1勝クラス		12	8.0	12	102.6	9.0	9	上野翔	55.0	芝2200		良	**	2:13.2	1.2	**	11-11-10-9	36.6-35.6	35.7	450(+4)			クリフハンガー		202606010607
2022101290	2024-07-21	2福島8	晴	6.0	2歳新馬		11	2.0	2	6.1	4.0	4	大江原比	51.0	芝1200		良	**	1:11.6	0.6	**	3-4	35.5-35.5	35.7	460(0)			アブキールベイ	110.0	202403020806
2022101290	2024-08-11	3新潟2	晴	3.0	2歳未勝利		14	8.0	13	19.5	7.0	4	大江原比	51.0	芝1400		良	**	1:22.8	0.6	**	9-9	33.9-36.3	36.0	454(-6)			キョウエイボニータ	83.0	202404030203
2022101290	2024-09-01	3新潟8	晴	1.0	2歳未勝利		12	6.0	8	10.5	5.0	1	大江原比	51.0	芝1400		良	**	1:22.4	0.0	**	1-1	35.5-34.6	34.6	452(-2)			(ルチアーナ)	550.0	202404030801
2022101290	2024-11-02	5東京1	小雨	11.0	京王杯2歳S(GII)		14	5.0	8	170.7	13.0	11	原優介	55.0	芝1400		稍	**	1:22.3	1.1	**	1-1	34.9-34.9	36.0	460(+8)			パンジャタワー		202405050111
2022101290	2025-08-09	2新潟5	晴	5.0	3歳以上1勝クラス		15	2.0	3	6.2	2.0	12	遠藤汰月	51.0	ダ1200		良	**	1:13.2	1.1	**	11-12	33.8-38.3	37.9	444(-16)			サンダーアリュール		202504020505
2022101290	2025-11-15	3福島3	晴	12.0	3歳以上1勝クラス		16	4.0	8	9.8	5.0	1	菊沢一樹	55.0	芝1200		良	**	1:09.2	0.0	**	1-1	33.5-35.7	35.7	470(+26)			(サウンドレイラ)	800.0	202503030312
2022101290	2025-12-06	5中山1	晴	12.0	3歳以上2勝クラス		13	6.0	11	28.2	7.0	6	石橋脩	55.0	芝1200		良	**	1:07.8	0.3	**	3-3	33.9-33.6	33.6	476(+6)			アンドアイラヴハー		202506050112
2022101290	2026-01-17	1中山6	晴	12.0	4歳以上2勝クラス		16	6.0	11	9.2	5.0	4	菊沢一樹	56.0	芝1200		良	**	1:08.1	0.1	**	2-2	34.3-33.7	33.7	476(0)			カンシン	180.0	202606010612
2022101464	2024-09-15	4中山4	晴	5.0	2歳新馬		16	2.0	3	5.2	3.0	1	嶋田純次	55.0	芝1600		良	**	1:35.2	-0.6	**	10-6-4	35.7-34.8	34.2	408(0)			(レディオンステージ)	720.0	202406040405
2022101464	2024-11-17	5東京6	晴	8.0	赤松賞(1勝クラス)		7	3.0	3	2.8	2.0	2	嶋田純次	55.0	芝1600		良	**	1:34.0	0.1	**	7-6	36.2-34.0	33.4	416(+8)			マピュース	435.0	202405050608
2022101464	2025-01-12	1中山4	曇	11.0	フェアリーS(GIII)		16	4.0	8	4.7	1.0	9	嶋田純次	55.0	芝1600		良	**	1:34.5	1.7	**	7-10-11	34.1-35.5	35.9	416(0)			エリカエクスプレス		202506010411
2022101464	2025-02-15	1東京5	晴	11.0	デイリー杯クイーンC(GIII)		14	6.0	9	45.4	11.0	12	嶋田純次	55.0	芝1600		良	**	1:34.6	2.4	**	10-11	34.2-35.0	36.1	412(-4)			エンブロイダリー		202505010511
2022101464	2025-07-13	2福島6	晴	9.0	織姫賞(1勝クラス)		13	5.0	6	9.0	3.0	7	嶋田純次	53.0	芝1800		良	**	1:49.4	0.7	**	5-6-8-5	35.6-36.1	36.1	412(0)			ミラーダカリエンテ		202503020609
2022101464	2025-08-16	2新潟7	晴	6.0	中郷特別(1勝クラス)		11	7.0	10	20.1	6.0	9	横山琉人	53.0	芝1800		良	**	1:46.5	1.7	**	7-9	34.8-33.5	34.0	410(-2)			エストゥペンダ		202504020706
2022101464	2025-09-07	4中山2	晴	12.0	3歳以上1勝クラス		16	3.0	6	4.6	3.0	9	木幡巧也	54.0	芝1200		良	**	1:09.3	0.5	**	9-9	35.1-33.7	33.6	410(0)			ユキノエミリオ		202506040212
2022101464	2025-11-22	3福島5	晴	12.0	3歳以上1勝クラス		16	6.0	12	5.9	3.0	10	丹内祐次	55.0	芝1200		良	**	1:09.6	0.5	**	7-7	34.3-34.8	34.5	410(0)			ガットネロ		202503030512
2022101464	2025-12-13	5中山3	曇	7.0	3歳以上1勝クラス		16	4.0	8	13.7	7.0	1	長浜鴻緒	53.0	ダ1200		良	**	1:12.3	-0.3	**	4-4	35.1-37.2	36.9	420(+10)			(エフエイト)	800.0	202506050307
2022101464	2026-01-17	1中山6	晴	12.0	4歳以上2勝クラス		16	8.0	16	29.5	11.0	16	横山武史	56.0	芝1200		良	**	1:09.7	1.7	**	5-8	34.3-33.7	35.1	416(-4)			カンシン		202606010612
2022102062	2024-11-09	6京都3	晴	4.0	2歳新馬		15	7.0	13	19.6	8.0	3	団野大成	56.0	ダ1800		良	**	1:54.2	3.0	**	10-9-8-4	36.8-36.3	38.1	522(0)			ナルカミ	180.0	202408060304
2022102062	2024-12-01	4中京2	晴	1.0	2歳未勝利		12	6.0	7	4.5	2.0	1	川田将雅	56.0	ダ1800		良	**	1:53.2	-0.2	**	2-2-2-2	37.3-37.1	37.0	526(+4)			(メイショウズイウン)	550.0	202407040201
2022102062	2025-01-26	1中京9	晴	4.0	3歳1勝クラス		8	1.0	1	2.6	1.0	2	川田将雅	57.0	ダ1800		良	**	1:53.3	0.1	**	6-5-4-3	37.2-37.4	37.0	528(+2)			イサナ	320.0	202507010904
2022102062	2025-02-16	1東京6	晴	4.0	3歳1勝クラス		11	6.0	7	2.6	1.0	8	キング	57.0	ダ1600		良	**	1:39.6	1.5	**	6-6	35.6-37.3	37.9	532(+4)			サノノワンダー		202505010604
2022102062	2025-04-06	3中山4	小雨	6.0	3歳1勝クラス		14	5.0	7	5.0	4.0	6	佐々木大	57.0	ダ1800		稍	**	1:54.1	0.8	**	4-4-3-4	36.2-39.1	39.5	520(-12)			ゴッドエスパーダ		202506030406
2022102062	2025-05-03	1新潟1	晴	9.0	わらび賞(1勝クラス)		15	2.0	2	9.6	4.0	2	荻野極	57.0	ダ1800		稍	**	1:53.5	0.7	**	5-3-3-3	37.2-37.3	37.7	522(+2)			バギーウィップ	449.6	202504010109
2022102062	2025-05-25	2京都10	曇	7.0	3歳1勝クラス		16	4.0	8	6.2	3.0	6	松山弘平	57.0	ダ1800		重	**	1:51.0	1.4	**	11-10-11-11	35.5-36.6	37.1	526(+4)			トリポリタニア		202508021007
2022102062	2025-08-23	3新潟1	晴	8.0	3歳以上1勝クラス		11	8.0	11	2.7	1.0	1	荻野極	55.0	ダ1800		良	**	1:52.8	-0.3	**	2-2-2-2	36.8-38.2	38.2	520(-6)			(サンカルミア)	800.0	202504030108
2022102062	2025-10-25	4新潟3	曇	10.0	菅名岳特別(2勝クラス)		15	5.0	8	4.4	2.0	4	荻野極	56.0	ダ1800		良	**	1:51.8	1.1	**	6-7-5-5	35.9-36.7	37.3	528(+8)			アスクシュタイン	230.0	202504040310
2022102062	2025-11-09	3福島2	小雨	10.0	河北新報杯(2勝クラス)		15	7.0	12	3.5	2.0	4	丹内祐次	56.0	ダ1700		良	**	1:45.7	0.2	**	4-5-5-6	30.1-37.8	37.6	528(0)			アレナパラシオ	230.0	202503030210
2022102062	2025-12-13	5中山3	曇	8.0	3歳以上2勝クラス		15	7.0	12	3.3	2.0	1	戸崎圭太	57.0	ダ1800		良	**	1:54.3	0.0	**	4-5-2-3	37.5-38.5	38.2	534(+6)			(パイシャオピン)	1140.0	202506050308
2022102062	2025-12-21	5中山6	曇	10.0	北総S(3勝クラス)		15	2.0	3	16.8	6.0	3	石橋脩	57.0	ダ1800		重	**	1:51.5	0.4	**	7-5-6-6	36.4-36.9	36.7	536(+2)			イムホテプ	465.5	202506050610
2022102062	2026-01-17	1中山6	晴	10.0	アレキサンドライトS(3勝クラス)		16	8.0	15	2.8	1.0	6	戸崎圭太	56.0	ダ1800		良	**	1:53.4	1.2	**	5-5-4-5	37.4-37.5	38.0	532(-4)			チュウワクリスエス		202606010610
2022102127	2024-12-14	7京都5	曇	6.0	2歳新馬		14	7.0	12	46.4	8.0	5	池添謙一	56.0	ダ1200		良	**	1:15.3	2.1	**	11-11	36.4-36.8	37.0	458(0)			ペイシャヴァルツー	72.0	202408070506
2022102127	2025-01-13	1中京5	晴	2.0	3歳未勝利		16	8.0	16	87.1	12.0	15	池添謙一	57.0	ダ1400		良	**	1:29.6	3.6	**	14-14	35.3-37.9	40.2	462(+4)			ゲイルライダー		202507010502
2022102127	2025-02-16	1京都6	曇	3.0	3歳未勝利		16	6.0	12	71.9	8.0	2	高杉吏麒	56.0	ダ1400		稍	**	1:27.1	0.3	**	13-14	35.8-38.2	37.4	464(+2)			ニシノジェダイ	220.0	202508010603
2022102127	2025-03-09	1阪神4	晴	2.0	3歳未勝利		16	4.0	7	7.5	4.0	2	高杉吏麒	56.0	ダ1400		良	**	1:27.2	0.5	**	9-7	34.8-39.3	38.8	462(-2)			チュウワチーフ	220.0	202509010402
2022102127	2025-04-06	2阪神4	晴	3.0	3歳未勝利		16	4.0	7	4.5	3.0	3	高杉吏麒	56.0	ダ1400		良	**	1:26.3	0.4	**	3-4	35.5-37.7	37.8	462(0)			ザックザク	140.0	202509020403
2022102127	2025-05-03	2京都3	晴	2.0	3歳未勝利		16	5.0	9	5.5	3.0	2	高杉吏麒	56.0	ダ1400		重	**	1:23.7	0.1	**	11-8	34.9-36.7	35.4	464(+2)			ソリスクラヴィス	220.0	202508020302
2022102127	2025-05-31	2京都11	曇	2.0	3歳未勝利		16	4.0	8	1.5	1.0	6	高杉吏麒	56.0	ダ1400		良	**	1:25.2	0.2	**	14-9	35.1-37.5	36.5	468(+4)			モレポブラーノ		202508021102
2022102127	2025-08-02	3中京3	晴	5.0	3歳未勝利		16	6.0	11	3.6	2.0	1	高杉吏麒	56.0	ダ1400		良	**	1:24.8	-1.1	**	4-4	34.6-37.9	37.6	458(-10)			(シュパネントウィル)	560.0	202507030305
2022102127	2025-10-04	3京都1	曇	6.0	3歳以上1勝クラス		16	7.0	14	3.7	1.0	3	高杉吏麒	56.0	ダ1400		不	**	1:22.7	0.2	**	13-13	33.6-37.3	35.8	470(+12)			サンダーロード	200.0	202508030106
2022102127	2025-11-01	3京都10	晴	7.0	3歳以上1勝クラス		16	1.0	2	2.5	1.0	2	高杉吏麒	57.0	ダ1400		重	**	1:23.9	0.2	**	8-9	35.0-36.6	36.2	472(+2)			ヴリトラハン	320.0	202508031007
2022102127	2025-11-30	4京都8	晴	4.0	3歳以上1勝クラス		16	4.0	8	2.0	1.0	2	高杉吏麒	57.0	ダ1400		良	**	1:25.5	0.3	**	6-7	34.6-38.0	37.7	470(-2)			アンビシャスヨシノ	320.0	202508040804
2022102127	2025-12-28	5阪神8	晴	7.0	3歳以上1勝クラス		16	7.0	14	2.0	1.0	2	高杉吏麒	57.0	ダ1400		良	**	1:24.5	0.6	**	9-6	34.3-37.3	37.1	472(+2)			ニューオーリンズ	320.0	202509050807
2022102127	2026-01-17	1京都6	晴	7.0	4歳以上1勝クラス		15	8.0	16	1.9	1.0	2	高杉吏麒	57.0	ダ1400		良	**	1:25.2	0.2	**	6-6	36.0-36.6	36.1	476(+4)			レーティッシュ	330.0	202608010607
2022102280	2025-01-12	1中山4	曇	4.0	3歳新馬		16	4.0	7	5.0	3.0	3	原田和真	57.0	ダ1800		良	**	1:56.0	1.6	**	2-2-2-2	37.4-38.1	39.5	478(0)			イムホテプ	160.0	202506010404
2022102280	2025-01-25	1中山8	曇	2.0	3歳未勝利		16	8.0	16	2.9	2.0	1	原田和真	57.0	ダ1800		良	**	1:55.8	-0.4	**	1-1-1-1	38.9-38.7	38.7	480(+2)			(ハルノアラシ)	560.0	202506010802
2022102280	2025-03-15	2中京1	曇	6.0	3歳1勝クラス		13	5.0	7	20.2	8.0	2	原田和真	57.0	ダ1800		良	**	1:53.1	0.2	**	1-1-1-1	37.6-37.9	38.1	480(0)			ブルックリンダンス	320.0	202507020106
2022102280	2025-04-06	3中山4	小雨	6.0	3歳1勝クラス		14	3.0	4	3.2	1.0	11	原田和真	57.0	ダ1800		稍	**	1:55.2	1.9	**	1-1-1-1	36.2-39.1	41.0	490(+10)			ゴッドエスパーダ		202506030406
2022102280	2025-05-03	1新潟1	晴	9.0	わらび賞(1勝クラス)		15	4.0	7	13.8	6.0	5	原田和真	57.0	ダ1800		稍	**	1:54.3	1.5	**	8-9-8-8	37.2-37.3	38.0	486(-4)			バギーウィップ	111.0	202504010109
2022102280	2025-06-29	1函館6	晴	8.0	3歳以上1勝クラス		11	8.0	11	2.6	1.0	1	小林美駒	51.0	ダ1700		良	**	1:45.1	-0.2	**	1-1-1-1	28.5-40.2	40.2	490(+4)			(ライフゲート)	800.0	202502010608
2022102280	2025-08-24	2札幌2	晴	10.0	オールスターJ第3戦(2勝クラス)		14	4.0	6	5.0	3.0	4	戸崎圭太	56.0	ダ1700		良	**	1:46.5	1.0	**	1-1-1-2	31.3-37.4	38.4	498(+8)			ベルギューン	230.0	202501020210
2022102280	2025-09-07	2札幌6	晴	9.0	旭川特別(2勝クラス)		14	8.0	13	4.1	3.0	2	浜中俊	55.0	ダ1700		稍	**	1:45.6	0.3	**	2-3-2-1	30.0-37.5	37.7	496(-2)			トーセンサウダージ	629.0	202501020609
2022102280	2025-09-28	4中山9	晴	8.0	3歳以上2勝クラス		16	4.0	7	4.0	2.0	1	小林美駒	52.0	ダ1800		良	**	1:52.9	-0.1	**	2-2-2-1	35.9-38.5	38.4	494(-2)			(アイウィル)	1140.0	202506040908
2022102280	2025-12-07	5中山2	晴	10.0	市川S(3勝クラス)		16	2.0	3	14.5	7.0	3	原田和真	55.0	ダ1800		良	**	1:52.7	0.4	**	2-2-1-1	36.7-37.6	38.0	494(0)			クラウンシエンタ	464.8	202506050210
2022102280	2026-01-17	1中山6	晴	10.0	アレキサンドライトS(3勝クラス)		16	2.0	3	6.7	4.0	1	原田和真	56.0	ダ1800		良	**	1:52.2	-0.6	**	2-2-2-2	37.4-37.5	37.4	498(+4)			(ホウオウバリスタ)	1905.0	202606010610
2022102338	2024-10-14	4新潟4	晴	5.0	2歳新馬		15	4.0	7	6.0	3.0	2	浜中俊	56.0	ダ1800		良	**	1:56.1	0.1	**	3-3-2-2	38.2-37.8	37.8	496(0)			スワッガー	290.0	202404040405
2022102338	2024-10-26	4新潟7	晴	2.0	2歳未勝利		12	7.0	9	2.2	1.0	4	横山琉人	55.0	ダ1800		良	**	1:54.4	0.6	**	2-2-2-2	37.1-37.6	38.0	492(-4)			ブラックジジ	83.0	202404040702
2022102338	2024-11-23	5東京7	晴	3.0	2歳未勝利		14	6.0	10	14.2	7.0	3	戸崎圭太	56.0	芝1800		良	**	1:48.6	0.5	**	2-2-2	36.4-34.5	34.9	488(-4)			ベストシーン	140.0	202405050703
2022102338	2024-12-22	5中山8	晴	4.0	2歳未勝利		18	4.0	8	12.2	5.0	7	戸崎圭太	56.0	芝2000		良	**	2:02.0	0.7	**	2-2-2-2	36.4-36.1	36.7	488(0)			ロジャリーマイン		202406050804
2022102338	2025-04-06	3中山4	小雨	5.0	3歳未勝利		16	2.0	4	4.6	2.0	2	石川裕紀	57.0	芝1600		良	**	1:34.3	0.1	**	5-4-2	35.1-35.0	34.8	484(-4)			ガーネットウインク	220.0	202506030405
2022102338	2025-05-04	2東京4	晴	4.0	3歳未勝利		15	3.0	4	2.9	1.0	10	石川裕紀	57.0	芝1600		良	**	1:34.3	1.0	**	5-5	35.2-34.8	35.4	484(0)			アセンブリールーム		202505020404
2022102338	2025-05-25	2東京10	曇	5.0	3歳未勝利		17	2.0	3	4.7	3.0	1	岩田望来	57.0	芝1800		稍	**	1:48.5	0.0	**	8-7-7	36.9-34.6	34.1	488(+4)			(オルグジェシダ)	560.0	202505021005
2022102338	2025-08-16	1札幌7	晴	12.0	石狩特別(1勝クラス)		12	8.0	12	3.8	2.0	5	キング	55.0	芝1800		良	**	1:49.2	0.4	**	8-8-7-4	36.6-35.6	35.4	484(-4)			ショウナンバルドル	111.0	202501010712
2022102338	2025-08-24	2札幌2	晴	9.0	ルスツ特別(1勝クラス)		13	8.0	12	11.5	5.0	7	ティータ	55.0	芝2000		良	**	2:02.6	1.3	**	3-3-3-3	36.3-36.3	37.3	486(+2)			コスモアバンサ		202501020209
2022102338	2025-09-13	4中山3	曇	12.0	3歳以上1勝クラス		16	4.0	7	17.6	6.0	7	津村明秀	55.0	芝2000		稍	**	2:01.1	0.7	**	7-7-7-6	35.6-34.0	34.1	478(-8)			ミクニインスパイア		202506040312
2022102338	2025-11-09	5東京2	小雨	7.0	3歳以上1勝クラス		16	7.0	14	37.2	8.0	13	岩田望来	57.0	ダ1600		稍	**	1:40.3	2.4	**	4-3	35.4-36.8	38.9	490(+12)			ディーズゴールド		202505050207
2022102338	2025-11-29	5東京7	晴	6.0	3歳以上1勝クラス		16	6.0	11	99.1	10.0	11	岩田望来	57.0	ダ1600		良	**	1:39.5	1.8	**	8-9	35.7-36.3	37.3	498(+8)			コーカサスゴールド		202505050706
2022102338	2026-01-17	1中山6	晴	7.0	4歳以上1勝クラス		12	7.0	9	15.9	7.0	8	田辺裕信	57.0	芝2200		良	**	2:12.6	0.6	**	3-3-2-3	36.6-35.6	36.1	502(+4)			クリフハンガー		202606010607
2022102360	2025-01-13	1中京5	晴	4.0	3歳新馬		15	4.0	7	32.9	9.0	2	中井裕二	57.0	ダ1200		良	**	1:13.9	0.3	**	4-4	36.2-37.4	37.3	458(0)			ヨリノレジェンド	250.0	202507010504
2022102360	2025-02-01	1小倉3	曇	1.0	3歳未勝利		14	7.0	12	5.3	3.0	2	中井裕二	57.0	ダ1000		良	**	0:59.4	0.1	**	6-6	34.1-36.9	36.2	442(-16)			フェアリーメドウ	220.0	202510010301
2022102360	2025-05-24	2京都9	小雨	1.0	3歳未勝利		16	3.0	6	5.4	3.0	4	中井裕二	57.0	ダ1200		良	**	1:12.2	1.3	**	14-12	34.8-36.1	35.8	456(+14)			バッハアルプゼー	84.0	202508020901
2022102360	2025-06-21	3阪神5	晴	3.0	3歳未勝利		16	8.0	15	1.9	1.0	4	松山弘平	57.0	ダ1200		良	**	1:13.0	0.6	**	7-5	35.4-37.0	37.0	458(+2)			ウルスクローム	84.0	202509030503
2022102360	2025-07-19	2小倉7	晴	2.0	3歳未勝利		14	7.0	11	4.1	3.0	4	松山弘平	57.0	ダ1000		重	**	0:58.2	0.4	**	5-5	34.1-35.3	35.3	462(+4)			アスコットアイ	84.0	202510020702
2022102360	2025-08-16	3中京7	晴	5.0	3歳未勝利		16	4.0	8	5.1	3.0	3	松山弘平	57.0	ダ1400		良	**	1:25.2	0.2	**	6-5	35.6-37.6	37.2	458(-4)			ワンウェイトゥヘル	140.0	202507030705
2022102360	2025-08-31	4中京4	晴	4.0	3歳未勝利		16	8.0	15	2.6	1.0	1	松山弘平	57.0	ダ1400		良	**	1:25.4	-0.1	**	4-3	35.0-38.3	38.1	458(0)			(オオデンタ)	560.0	202507040404
2022102360	2025-12-20	5中京5	小雨	7.0	3歳以上1勝クラス		15	1.0	2	32.1	9.0	7	丸山元気	57.0	ダ1400		稍	**	1:25.9	0.6	**	10-9	35.6-37.2	36.9	454(-4)			ペイドラロワール		202507050507
2022102360	2026-01-17	1京都6	晴	7.0	4歳以上1勝クラス		15	2.0	3	21.5	7.0	3	松山弘平	57.0	ダ1400		良	**	1:25.6	0.6	**	3-4	36.0-36.6	36.8	456(+2)			レーティッシュ	210.0	202608010607
2022102434	2024-10-26	4東京7	曇	4.0	2歳新馬		13	4.0	5	7.1	4.0	1	岩田康誠	55.0	芝1400		良	**	1:23.1	-0.1	**	1-1	37.0-33.8	33.8	466(0)			(ブルーベリーフィズ)	720.0	202405040704
2022102434	2024-12-07	4中京3	曇	9.0	つわぶき賞(1勝クラス)		12	7.0	9	13.6	7.0	1	岩田康誠	55.0	芝1400		良	**	1:21.9	0.0	**	12-11	33.8-36.0	35.1	466(0)			(ナムラクララ)	1095.2	202407040309
2022102434	2025-03-08	1阪神3	曇	11.0	フィリーズレビュー(GII)		18	3.0	6	4.5	1.0	10	岩田康誠	55.0	芝1400		良	**	1:21.8	1.1	**	7-8	33.2-35.8	36.3	468(+2)			ショウナンザナドゥ		202509010311
2022102434	2025-04-12	3中山5	晴	11.0	ニュージーランドT(GII)		14	4.0	6	14.5	4.0	7	岩田康誠	55.0	芝1600		良	**	1:33.1	0.7	**	2-2-2	34.3-34.7	34.9	468(0)			イミグラントソング		202506030511
2022102434	2025-07-06	1函館8	晴	9.0	立待岬特別(2勝クラス)		11	6.0	7	4.4	3.0	1	横山武史	53.0	芝1200		稍	**	1:09.4	-0.1	**	5-5	34.6-34.8	34.2	462(-6)			(リリーフィールド)	1574.5	202502010809
2022102434	2025-09-07	4中山2	晴	10.0	セプテンバーS(3勝クラス)		12	5.0	6	5.0	2.0	1	鮫島克駿	53.0	芝1200		良	**	1:07.0	-0.2	**	4-5	33.1-33.9	33.5	458(-4)			(マックアルイーン)	1868.0	202506040210
2022102434	2025-12-07	5中山2	晴	11.0	ラピスラズリS(L)		16	2.0	4	3.1	1.0	3	横山和生	54.0	芝1200		良	**	1:07.6	0.5	**	5-6	33.5-33.6	33.7	458(0)			ロードフォアエース	685.1	202506050211
2022102434	2026-01-17	1中山6	晴	11.0	カーバンクルS(OP)		16	2.0	4	4.0	1.0	5	横山和生	54.0	芝1200		良	**	1:07.7	0.3	**	2-2	33.7-33.7	34.0	462(+4)			ウイングレイテスト	230.0	202606010611
2022102763	2024-11-03	5東京2	晴	5.0	2歳新馬		12	6.0	8	96.9	8.0	11	佐々木大	56.0	芝1800		良	**	1:52.3	2.0	**	5-6-5	38.5-33.5	35.1	486(0)			レイニング		202405050205
2022102763	2024-11-09	5東京3	晴	2.0	2歳未勝利		13	5.0	6	158.0	9.0	12	佐々木大	56.0	芝1600		良	**	1:36.8	2.1	**	9-9	35.5-34.7	35.6	484(-2)			ツインピークス		202405050302
2022102763	2024-12-28	5中山9	晴	2.0	2歳未勝利		16	7.0	13	240.9	13.0	16	野中悠太	56.0	ダ1800		良	**	2:05.3	8.9	**	8-9-16-16	38.0-39.8	46.3	490(+6)			オストラヴァ		202406050902
2022102763	2025-07-12	2福島5	曇	4.0	3歳未勝利		16	7.0	13	203.7	15.0	16	原優介	57.0	芝2000		良	**	2:16.7	13.0	**	12-16-16-16	37.1-36.6	45.4	482(-8)			ポッポノフェスタ		202503020504
2022102763	2025-08-27	門別	晴	7.0	新ひだか建設協会賞(C4)		11	6.0	7	1.8	1.0	1	石川倭	57.0	ダ1000		良	**	1:03.0	-0.2	**	3-3		38.2	484(+2)			(イマーシブ)	40.0	202530082707
2022102763	2025-09-11	門別	曇	9.0	農業大事じゃあーりま(C3)		9	5.0	5	12.6	5.0	4	落合玄太	57.0	ダ1200		良	**	1:16.2	1.3	**	2-1		40.0	490(+6)			アーロッタレット	5.6	202530091109
2022102763	2025-09-24	門別	曇	7.0	3歳以上C3ー2C4		12	6.0	7	33.2	7.0	9	小杉亮	57.0	ダ1200		良	**	1:17.0	1.9	**	7-9		39.2	496(+6)			トゥスイート		202530092407
2022102763	2025-10-08	門別	晴	8.0	サンゴソウ特別(C3)		10	4.0	4	10.8	5.0	1	石川倭	57.0	ダ1200		良	**	1:15.6	-1.0	**	2-2		39.6	496(0)			(スズロビンソン)	55.0	202530100808
2022102763	2025-10-14	門別	晴	9.0	ホクレンSS特別(C2)		11	2.0	2	31.4	5.0	7	宮内勇樹	57.0	ダ1200		稍	**	1:15.8	1.5	**	1-1		40.3	500(+4)			アーロッタレット		202530101409
2022102763	2025-10-28	門別	晴	10.0	グランシャリオドリー(C2)		12	1.0	1	92.9	8.0	9	宮内勇樹	57.0	ダ1200		稍	**	1:16.3	1.9	**	3-4		39.7	504(+4)			ウインドファルクス		202530102810
2022102763	2025-11-11	門別	曇	10.0	グランシャリオドリー(C2)		15	7.0	13	12.2	7.0	1	宮内勇樹	57.0	ダ1200		稍	**	1:14.9	-0.3	**	2-2		38.7	504(0)			(バルジール)	55.0	202530111110
2022102763	2026-01-17	1中山6	晴	6.0	4歳以上1勝クラス		16	8.0	15	93.5	15.0	16	佐々木大	58.0	ダ1200		良	**	1:19.0	7.1	**	5-11	34.3-37.6	44.3	506(+2)			メッエフアパラ		202606010606
2022103053	2024-08-18	3新潟4	晴	5.0	2歳新馬		12	3.0	3	19.0	3.0	10	荻野極	55.0	芝1800		良	**	1:52.2	2.7	**	8-8	36.9-34.5	36.3	488(0)			パッションリッチ		202404030405
2022103053	2024-10-13	5京都4	晴	3.0	2歳未勝利		9	4.0	4	24.4	6.0	5	岩田望来	56.0	芝2000		良	**	2:01.3	1.0	**	5-5-5-5	35.0-35.6	36.2	490(+2)			センツブラッド	55.0	202408050403
2022103053	2024-10-27	5京都8	晴	2.0	2歳未勝利		13	8.0	14	4.3	2.0	6	藤岡佑介	56.0	ダ1800		良	**	1:55.4	1.7	**	8-8-4-4	37.3-39.1	40.2	494(+4)			コシュデリ		202408050802
2022103053	2025-02-22	1京都7	晴	3.0	3歳未勝利		12	5.0	5	6.8	4.0	4	岩田望来	57.0	ダ1900		良	**	2:03.0	1.1	**	7-7-7-6	30.2-39.0	39.2	504(+10)			ランツフート	84.0	202508010703
2022103053	2025-03-22	1阪神7	晴	4.0	3歳未勝利		11	7.0	9	4.1	2.0	2	坂井瑠星	57.0	ダ2000		良	**	2:11.3	0.2	**	2-2-2-1	38.2-38.6	38.7	500(-4)			バッケンレコード	220.0	202509010704
2022103053	2025-06-28	1函館5	晴	2.0	3歳未勝利		12	2.0	2	2.0	1.0	2	武豊	57.0	ダ2400		稍	**	2:34.4	0.2	**	1-1-1-1	38.3-37.2	37.4	502(+2)			ピストルスター	220.0	202502010502
2022103053	2025-07-19	1函館11	曇	3.0	3歳未勝利		12	1.0	1	1.9	1.0	4	武豊	57.0	ダ2400		良	**	2:36.2	2.0	**	5-6-6-5	38.1-38.0	38.9	508(+6)			アルデツヨシ	84.0	202502011103
2022103053	2025-08-17	1札幌8	雨	2.0	3歳未勝利		12	7.0	10	4.8	3.0	3	武豊	57.0	ダ2400		良	**	2:37.9	0.7	**	2-2-1-1	37.7-38.2	38.9	490(-18)			オオタチ	140.0	202501010802
2022103053	2025-09-06	4阪神1	晴	3.0	3歳未勝利		16	5.0	10	3.0	1.0	7	高杉吏麒	56.0	ダ1800		重	**	1:56.5	2.2	**	8-8-7-6	37.0-39.2	40.7	490(0)			モズプリヴェール		202509040103
2022103053	2025-09-27	4阪神8	晴	7.0	3歳以上1勝クラス		16	5.0	10	236.0	12.0	13	富田暁	55.0	芝2200		良	**	2:14.6	1.0	**	1-1-1-2	35.4-35.2	36.2	492(+2)			アロンディ		202509040807
2022103053	2025-11-08	4京都1	晴	12.0	3歳以上1勝クラス		14	3.0	3	35.9	9.0	11	田口貫太	56.0	芝2000		良	**	2:02.0	1.1	**	2-3-4-5	36.7-34.4	35.3	492(0)			ノーランサンライズ		202508040112
2022103053	2025-12-06	5中京1	晴	2.0	3歳以上1勝クラス		13	5.0	7	18.1	7.0	6	吉村誠之	56.0	ダ1200		良	**	1:13.1	1.2	**	7-6	35.1-36.8	37.3	500(+8)			セルヴァンス		202507050102
2022103053	2025-12-14	5中京4	晴	8.0	3歳以上1勝クラス		16	2.0	3	63.4	13.0	5	亀田温心	57.0	ダ1400		稍	**	1:26.3	1.2	**	13-13	35.2-37.6	37.4	500(0)			キョウエイカンセ	80.0	202507050408
2022103053	2026-01-17	1京都6	晴	7.0	4歳以上1勝クラス		15	3.0	5	217.1	14.0	11	亀田温心	57.0	ダ1400		良	**	1:26.7	1.7	**	6-7	36.0-36.6	37.6	500(0)			レーティッシュ		202608010607
2022103146	2024-09-29	4中山9	曇	3.0	2歳新馬		16	2.0	4	3.2	1.0	1	坂井瑠星	55.0	芝1200		良	**	1:09.3	-0.5	**	1-1	34.9-34.4	34.4	462(0)			(エコロヴァイス)	720.0	202406040903
2022103146	2024-12-07	5中山3	晴	9.0	黒松賞(1勝クラス)		13	4.0	5	3.8	2.0	2	マーカン	56.0	芝1200		良	**	1:07.8	0.1	**	5-5	32.9-34.8	34.1	466(+4)			サウスバンク	438.0	202406050309
2022103146	2025-01-11	1中京3	晴	6.0	3歳1勝クラス		7	7.0	7	1.8	1.0	4	坂井瑠星	57.0	芝1200		良	**	1:10.3	0.3	**	2-2	34.5-35.5	35.7	464(-2)			フードマン	120.0	202507010306
2022103146	2025-03-16	2中山6	雨	6.0	3歳1勝クラス		8	5.0	5	3.7	3.0	2	三浦皇成	57.0	芝1200		重	**	1:11.1	0.2	**	5-4	34.2-36.7	36.5	468(+4)			ソーダーンライト	320.0	202506020606
2022103146	2025-04-12	2阪神5	晴	6.0	3歳1勝クラス		11	8.0	10	4.1	3.0	1	坂井瑠星	57.0	芝1200		良	**	1:08.1	0.0	**	7-6	33.9-34.2	33.6	466(-2)			(タガノアンファン)	800.0	202509020506
2022103146	2025-05-31	2京都11	曇	11.0	葵S(GIII)		16	6.0	11	6.9	3.0	8	坂井瑠星	57.0	芝1200		良	**	1:08.6	0.3	**	9-9	33.5-34.8	33.5	466(0)			アブキールベイ		202508021111
2022103146	2025-08-09	3中京5	晴	6.0	中京スポニチ賞(2勝クラス)		11	8.0	10	4.3	2.0	8	川田将雅	55.0	芝1400		良	**	1:21.3	0.3	**	4-6	35.8-33.7	33.5	468(+2)			スリールミニョン		202507030506
2022103146	2025-10-05	3京都2	曇	12.0	3歳以上2勝クラス		16	5.0	9	4.8	2.0	3	坂井瑠星	57.0	芝1200		稍	**	1:08.3	0.4	**	11-11	33.3-34.6	33.7	462(-6)			ブラックケリー	290.0	202508030212
2022103146	2025-11-02	3京都11	晴	12.0	3歳以上2勝クラス		12	7.0	9	5.7	3.0	4	北村友一	57.0	芝1400		良	**	1:21.5	0.1	**	10-9	36.4-33.4	32.7	468(+6)			ハワイアンタイム	170.0	202508031112
2022103146	2026-01-17	1中山6	晴	12.0	4歳以上2勝クラス		16	4.0	8	5.8	3.0	1	菅原明良	58.0	芝1200		良	**	1:08.0	-0.1	**	10-8	34.3-33.7	33.0	470(+2)			(ヴァンヴィーヴ)	1190.0	202606010612
2022103290	2025-01-05	1中京1	晴	4.0	3歳新馬		16	8.0	15	5.1	3.0	11	田口貫太	56.0	ダ1800		良	**	1:58.3	3.3	**	2-3-4-5	38.2-38.3	40.8	540(0)			ソルナシエンテ		202507010104
2022103290	2025-01-19	1中京7	曇	2.0	3歳未勝利		13	8.0	12	47.0	9.0	9	田口貫太	56.0	ダ1800		良	**	1:56.7	2.1	**	7-6-6-7	38.3-38.1	39.1	542(+2)			ロードトルネード		202507010702
2022103290	2025-02-01	1京都1	晴	4.0	3歳未勝利		9	8.0	9	51.6	7.0	3	田口貫太	56.0	ダ1900		良	**	2:02.5	1.1	**	6-6-6-6	30.1-37.7	38.4	542(0)			テルアスワッド	140.0	202508010104
2022103290	2025-02-16	1京都6	曇	1.0	3歳未勝利		10	3.0	3	23.4	5.0	1	田口貫太	56.0	ダ1900		稍	**	2:03.0	0.0	**	2-2-2-2	30.1-39.7	39.6	542(0)			(シャルクハフト)	560.0	202508010601
2022103290	2025-03-08	1阪神3	晴	4.0	3歳1勝クラス		12	3.0	3	43.8	10.0	4	田口貫太	57.0	ダ1800		良	**	1:55.2	1.1	**	5-4-4-4	37.1-38.1	38.9	544(+2)			メイショウズイウン	120.0	202509010304
2022103290	2025-05-18	2京都8	晴	5.0	3歳1勝クラス		13	2.0	2	12.2	4.0	12	田口貫太	57.0	ダ1800		重	**	1:52.9	1.7	**	4-4-4-4	36.2-36.4	37.7	544(0)			タガノマカシヤ		202508020805
2022103290	2026-01-12	1京都5	晴	8.0	4歳以上1勝クラス		15	6.0	11	25.0	8.0	9	田口貫太	57.0	ダ1900		良	**	2:01.5	1.2	**	3-3-5-6	30.7-37.5	38.3	556(+12)			グレイルクエスト		202608010508
2022103290	2026-01-17	1京都6	晴	8.0	4歳以上1勝クラス		8	3.0	3	26.0	7.0	8	田口貫太	57.0	ダ1800		良	**	1:57.4	4.6	**	2-2-2-5	36.7-37.0	41.4	556(0)			ロカヒ		202608010608
2022103308	2024-07-06	2福島3	曇	5.0	2歳新馬		14	7.0	11	40.7	10.0	7	嶋田純次	55.0	芝1800		良	**	1:53.5	1.4	**	11-11-11-11	37.7-35.4	35.8	438(0)			マーズオデッセイ		202403020305
2022103308	2024-07-20	2福島7	曇	2.0	2歳未勝利		16	5.0	10	216.1	13.0	7	嶋田純次	55.0	芝1800		良	**	1:51.2	1.2	**	11-11-10-11	35.9-36.4	37.0	436(-2)			ソルエパトリオット		202403020702
2022103308	2024-09-15	4中山4	晴	2.0	2歳未勝利		14	4.0	6	154.3	14.0	6	嶋田純次	55.0	芝2000		良	**	2:01.5	1.3	**	7-6-13-8	34.9-35.8	35.8	442(+6)			ヤコブセン		202406040402
2022103308	2024-09-28	4中山8	曇	9.0	芙蓉S(OP)		9	4.0	4	212.4	9.0	8	嶋田純次	55.0	芝2000		良	**	2:03.9	1.1	**	7-7-7-7	36.3-35.3	35.6	438(-4)			ジェットマグナム		202406040809
2022103308	2024-10-20	4新潟6	晴	1.0	2歳未勝利		10	2.0	2	47.1	10.0	6	黛弘人	56.0	芝2000		稍	**	2:03.8	0.6	**	6-6-6-7	36.8-36.6	36.7	430(-8)			ハイタイド		202404040601
2022103308	2024-12-28	5中山9	晴	4.0	2歳未勝利		16	3.0	6	112.4	13.0	5	丸田恭介	56.0	芝1800		良	**	1:49.4	0.4	**	12-13-14-12	36.8-36.4	35.4	454(+24)			ルージュミレネール	55.0	202406050904
2022103308	2025-01-18	1中山6	晴	5.0	3歳未勝利		18	4.0	8	99.6	10.0	9	丸田恭介	57.0	芝2000		良	**	2:01.5	1.3	**	16-15-14-13	36.1-35.4	35.1	460(+6)			シェーンシュティア		202506010605
2022103308	2025-02-16	1小倉8	曇	5.0	3歳未勝利		14	4.0	5	27.3	8.0	2	小林脩斗	55.0	芝2000		良	**	2:02.3	0.0	**	7-7-10-6	36.8-36.3	35.4	450(-10)			オーシンエス	220.0	202510010805
2022103308	2025-02-23	1小倉10	小雨	5.0	3歳未勝利		13	7.0	10	9.2	5.0	6	小林脩斗	55.0	芝2000		良	**	2:01.8	0.3	**	6-8-8-7	36.0-36.2	35.9	452(+2)			コスモアンソロジー		202510011005
2022103308	2025-04-27	1福島6	晴	5.0	3歳未勝利		13	3.0	4	22.8	6.0	5	小林脩斗	57.0	芝2000		良	**	2:00.6	0.8	**	5-4-5-6	34.6-35.7	36.1	442(-10)			ウインポセイドン	56.0	202503010605
2022103308	2025-05-10	1新潟3	曇	6.0	3歳未勝利		16	5.0	10	11.3	6.0	2	小林脩斗	57.0	芝2000		稍	**	2:03.3	0.0	**	6-5-6-4	36.0-36.8	36.2	438(-4)			マドモアゼルアスク	220.0	202504010306
2022103308	2025-05-25	1新潟8	小雨	6.0	3歳未勝利		16	4.0	8	14.0	6.0	11	小林脩斗	57.0	芝2200		稍	**	2:20.4	1.4	**	4-5-5-7	36.3-37.5	38.6	440(+2)			トラストモアリズム		202504010806
2022103308	2025-07-06	2福島4	曇	7.0	3歳未勝利		16	8.0	16	12.4	4.0	3	嶋田純次	57.0	芝2000		良	**	2:02.2	0.4	**	5-5-4-2	34.6-37.3	37.0	440(0)			ウアーシュプルング	140.0	202503020407
2022103308	2025-08-03	2新潟4	晴	11.0	3歳未勝利		14	4.0	6	21.9	7.0	8	嶋田純次	57.0	芝2000		良	**	2:01.1	0.4	**	5-5-7-6	36.3-35.4	35.4	440(0)			マカナ		202504020411
2022103308	2025-08-16	2新潟7	晴	12.0	3歳未勝利		17	1.0	2	18.7	8.0	4	嶋田純次	57.0	芝2000		良	**	2:01.2	0.3	**	12-13-10-9	36.2-35.7	35.3	442(+2)			スイートオレンジ	84.0	202504020712
2022103308	2025-09-06	4中山1	晴	7.0	3歳未勝利		18	2.0	3	7.5	3.0	1	嶋田純次	57.0	芝2000		良	**	1:59.6	-0.4	**	3-3-6-3	35.5-34.9	34.5	448(+6)			(スタニングヴュー)	560.0	202506040107
2022103308	2025-12-27	5中山7	曇	7.0	3歳以上1勝クラス		18	6.0	11	48.0	14.0	3	嶋田純次	56.0	芝2200		良	**	2:14.8	0.1	**	7-7-8-9	36.0-35.9	35.5	486(+38)			ウィッシュツリー	200.0	202506050707
2022103308	2026-01-17	1中山6	晴	7.0	4歳以上1勝クラス		12	5.0	6	6.6	3.0	6	嶋田純次	57.0	芝2200		良	**	2:12.5	0.5	**	3-4-4-4	36.6-35.6	35.8	484(-2)			クリフハンガー		202606010607
2022103327	2024-06-16	3東京6	晴	5.0	2歳新馬		12	4.0	4	87.1	10.0	6	岩部純二	55.0	芝1400		良	**	1:23.4	1.3	**	3-3	35.5-34.7	35.6	438(0)			プリティディーヴァ		202405030605
2022103327	2024-07-20	2福島7	曇	1.0	2歳未勝利		13	3.0	3	40.2	6.0	4	岩部純二	55.0	ダ1150		良	**	1:10.3	0.9	**	6-6	31.9-37.5	37.7	434(-4)			アイビーヒメチャン	83.0	202403020701
2022103327	2024-08-17	3新潟3	晴	3.0	2歳未勝利		15	3.0	4	17.3	7.0	5	岩部純二	55.0	ダ1200		良	**	1:14.0	1.0	**	6-6	34.4-38.6	38.3	438(+4)			ニシノリンダ	55.0	202404030303
2022103327	2024-10-14	4東京4	晴	1.0	2歳未勝利		16	7.0	13	33.0	7.0	11	杉原誠人	56.0	ダ1300		良	**	1:21.3	2.4	**	7-10	29.7-36.7	38.0	438(0)			ドントゥザムーン		202405040401
2022103327	2024-11-02	5東京1	雨	3.0	2歳未勝利		12	3.0	3	38.1	8.0	6	小林脩斗	54.0	ダ1400		重	**	1:26.5	1.8	**	5-5	36.3-35.9	37.3	442(+4)			キアヌ		202405050103
2022103327	2024-11-17	5東京6	晴	1.0	2歳未勝利		16	2.0	4	294.1	13.0	10	嶋田純次	56.0	ダ1300		良	**	1:20.9	2.0	**	11-11	29.5-36.9	37.6	446(+4)			スパルタンキング		202405050601
2022103327	2024-11-23	5東京7	晴	2.0	2歳未勝利		18	8.0	16	461.9	14.0	6	嶋田純次	56.0	芝1400		良	**	1:22.8	0.6	**	15-16	34.8-35.2	34.4	448(+2)			ソーダーンライト		202405050702
2022103327	2025-02-22	1東京7	曇	6.0	3歳未勝利		16	1.0	2	88.0	10.0	9	嶋田純次	57.0	芝1600		良	**	1:36.0	0.6	**	8-8	35.7-35.1	34.8	452(+4)			フォルテム		202505010706
2022103327	2025-03-08	2中山3	曇	7.0	3歳1勝クラス		10	2.0	2	80.9	8.0	6	嶋田純次	57.0	芝1600		良	**	1:36.1	0.6	**	6-7-8	35.8-35.2	35.0	452(0)			レーヴブリリアント		202506020307
2022103327	2025-04-08	金沢	雨	5.0	桜花爛漫!金沢競馬特(3歳)		9	7.0	7	1.1	1.0	1	中島龍也	57.0	ダ1500		稍	**	1:38.1	-0.2	**	3-3-1-1		41.5	459(+7)			(ゴールドパース)	45.0	202546040805
2022103327	2025-04-20	金沢	雨	7.0	竹本杯★武&千佳初金(3歳)		10	8.0	10	2.3	2.0	2	中島龍也	57.0	ダ1400		良	**	1:30.1	0.2	**	1-1-1-1		39.9	461(+2)			タルバン	15.3	202546042007
2022103327	2025-05-05	金沢	曇	11.0	花嫁のれん特別(3歳)		11	6.0	7	5.8	4.0	2	米倉知	57.0	ダ1400		良	**	1:29.3	0.0	**	2-2-1-2		39.2	459(-2)			タルバン	28.8	202546050511
2022103327	2025-06-15	金沢	曇	7.0	3歳A　2		11	6.0	6	21.4	4.0	2	米倉知	57.0	ダ1400		不	**	1:28.0	0.8	**	4-4-3-3		38.6	462(+3)			リトルサムシング	17.6	202546061507
2022103327	2025-07-01	金沢	曇	7.0	加賀片山津賞(未勝利)(3歳)		10	2.0	2	3.1	2.0	2	米倉知	57.0	ダ1500		良	**	1:35.3	0.1	**	3-3-2-2		39.0	461(-1)			マニーヒーロー	27.2	202546070107
2022103327	2025-07-13	金沢	晴	12.0	兼六園スプリント(重賞)		12	7.0	9	19.8	4.0	8	米倉知	57.0	ダ1500		良	**	1:36.9	3.5	**	3-4-4-6		40.5	457(-4)			ケイズレーヴ		202546071312
2022103327	2025-10-28	金沢	曇	6.0	C13		8	4.0	4	1.1	1.0	1	中島龍也	57.0	ダ1500		重	**	1:38.2	-0.9	**	1-1-1-1		39.0	475(+18)			(ミテクレコノアシ)	45.0	202546102806
2022103327	2025-11-11	金沢	晴	10.0	B25		9	6.0	6	1.7	1.0	1	中島龍也	57.0	ダ1400		稍	**	1:29.1	-0.1	**	1-1-1-1		38.5	478(+3)			(キタノダイヤ)	50.0	202546111110
2022103327	2026-01-17	1中山6	晴	6.0	4歳以上1勝クラス		16	4.0	7	152.1	16.0	12	嶋田純次	58.0	ダ1200		良	**	1:13.0	1.1	**	5-5	34.3-37.6	38.3	464(-14)			メッエフアパラ		202606010606
2022103353	2024-11-17	3福島6	晴	5.0	2歳新馬		14	3.0	3	23.7	9.0	4	黛弘人	55.0	芝1800		良	**	1:51.1	0.6	**	12-12-13-13	35.8-36.6	36.2	422(0)			ウインファヴォリ	110.0	202403030605
2022103353	2025-02-01	1小倉3	曇	2.0	3歳未勝利		15	4.0	7	5.1	3.0	5	黛弘人	55.0	芝2000		良	**	2:04.6	0.8	**	12-14-5-4	37.6-35.1	35.8	430(+8)			トーセンリバーブ	56.0	202510010302
2022103353	2025-02-16	1小倉8	曇	5.0	3歳未勝利		14	3.0	3	11.9	6.0	4	黛弘人	55.0	芝2000		良	**	2:02.4	0.1	**	12-12-11-8	36.8-36.3	35.3	434(+4)			オーシンエス	84.0	202510010805
2022103353	2025-03-01	1小倉11	曇	6.0	3歳未勝利		18	4.0	8	5.6	2.0	9	黛弘人	55.0	芝2000		良	**	2:03.4	0.7	**	16-15-11-10	36.6-35.8	35.9	430(-4)			ダノンジャイアン		202510011106
2022103353	2025-04-26	1福島5	晴	3.0	3歳未勝利		16	8.0	15	7.9	3.0	7	永島まな	53.0	芝2000		良	**	2:02.5	0.9	**	15-15-13-13	35.2-36.8	36.1	428(-2)			ティティナ		202503010503
2022103353	2025-05-17	2東京7	雨	4.0	3歳未勝利		15	1.0	1	21.0	5.0	3	松岡正海	55.0	芝2000		良	**	2:00.7	0.4	**	3-4-4	36.5-35.2	35.3	428(0)			リポサンテ	140.0	202505020704
2022103353	2025-06-07	3東京1	晴	4.0	3歳未勝利		14	6.0	10	5.4	2.0	3	松岡正海	55.0	芝2000		良	**	2:00.3	0.4	**	3-3-3	36.7-34.1	34.3	432(+4)			エポナ	140.0	202505030104
2022103353	2025-08-02	1札幌3	晴	4.0	3歳未勝利		16	2.0	3	4.1	2.0	2	松岡正海	55.0	芝2000		良	**	1:59.7	0.2	**	8-8-7-4	34.8-35.9	35.6	426(-6)			ロパシック	220.0	202501010304
2022103353	2025-08-10	1札幌6	晴	3.0	3歳未勝利		16	2.0	3	2.8	1.0	3	松岡正海	55.0	芝2000		良	**	2:01.8	0.8	**	3-3-4-4	35.8-35.1	35.6	436(+10)			アルディスティーノ	140.0	202501010603
2022103353	2025-08-30	2札幌3	小雨	6.0	3歳未勝利		16	5.0	9	2.9	1.0	4	松岡正海	55.0	芝2000		稍	**	2:04.3	0.4	**	7-7-6-3	35.6-38.8	38.1	438(+2)			スタードメイソン	84.0	202501020306
2022103353	2025-09-14	4中山4	曇	7.0	3歳未勝利		18	1.0	1	4.9	2.0	2	石神深道	52.0	芝2000		良	**	1:58.6	0.2	**	4-3-3-3	35.1-35.0	34.9	434(-4)			シャンソンドール	220.0	202506040407
2022103353	2026-01-17	1中山6	晴	7.0	4歳以上1勝クラス		12	7.0	10	10.8	4.0	3	松岡正海	55.0	芝2200		良	**	2:12.3	0.3	**	9-8-8-7	36.6-35.6	35.2	432(-2)			クリフハンガー	210.0	202606010607
2022103651	2024-10-12	5京都3	晴	5.0	2歳新馬		13	1.0	1	31.5	8.0	6	酒井学	56.0	芝2000		良	**	2:01.8	1.1	**	7-6-4-4	37.3-34.2	35.0	500(0)			ナグルファル		202408050305
2022103651	2024-10-27	5京都8	晴	3.0	2歳未勝利		12	6.0	7	29.5	8.0	4	酒井学	56.0	芝2000		良	**	2:02.4	0.8	**	3-3-3-2	35.8-35.7	36.3	502(+2)			ロードガレリア	83.0	202408050803
2022103651	2024-11-24	6京都8	曇	3.0	2歳未勝利		18	5.0	9	19.5	7.0	5	酒井学	56.0	芝1600		良	**	1:35.7	0.9	**	6-7	35.0-35.4	35.8	502(0)			ベイリークロア	55.0	202408060803
2022103651	2024-12-08	7京都4	晴	3.0	2歳未勝利		10	3.0	3	19.8	4.0	6	太宰啓介	56.0	芝1600		良	**	1:36.4	1.5	**	10-10	35.0-36.0	35.6	500(-2)			モンテシート		202408070403
2022103651	2025-01-05	1中京1	晴	1.0	3歳未勝利		16	7.0	14	36.3	7.0	13	太宰啓介	57.0	ダ1800		良	**	1:57.7	2.9	**	11-11-10-12	37.7-37.8	39.9	504(+4)			ルヴァンユニベール		202507010101
2022103651	2025-02-09	1小倉6	曇	2.0	3歳未勝利		16	2.0	3	7.6	4.0	4	丸山元気	57.0	芝1800		稍	**	1:52.7	1.5	**	9-9-10-7	36.7-36.6	37.1	506(+2)			ヴォラヴィア	84.0	202510010602
2022103651	2025-02-22	1小倉9	晴	2.0	3歳未勝利		16	2.0	3	23.0	6.0	2	丸山元気	57.0	芝1800		良	**	1:49.1	0.1	**	1-1-1-1	35.7-35.9	36.0	504(-2)			スナークピカソ	220.0	202510010902
2022103651	2025-03-22	2中京3	晴	5.0	3歳未勝利		16	1.0	1	16.0	4.0	1	丸山元気	57.0	芝1600		良	**	1:35.2	-0.2	**	1-1-1	35.3-35.4	35.4	504(0)			(ビップディラン)	560.0	202507020305
2022103651	2025-04-05	2阪神3	晴	11.0	チャーチルダウンズC(GIII)		11	8.0	10	100.2	11.0	9	団野大成	57.0	芝1600		良	**	1:33.1	0.9	**	1-1	34.4-34.2	35.1	504(0)			ランスオブカオス		202509020311
2022103651	2025-04-26	2京都1	晴	8.0	あやめ賞(1勝クラス)		7	6.0	6	25.2	7.0	7	太宰啓介	57.0	芝1800		良	**	1:48.5	1.6	**	2-3	36.1-33.6	34.9	506(+2)			キングメーカー		202508020108
2022103651	2025-07-19	1函館11	晴	9.0	湯浜特別(1勝クラス)		14	4.0	5	38.5	9.0	8	松本大輝	55.0	芝1800		良	**	1:47.9	1.5	**	4-4-4-4	35.8-34.1	35.3	508(+2)			サクラファレル		202502011109
2022103651	2025-08-02	1札幌3	晴	7.0	3歳以上1勝クラス		10	3.0	3	36.1	7.0	4	松本大輝	54.0	芝1800		良	**	1:47.3	0.7	**	1-1-1-1	36.1-34.9	35.6	506(-2)			ハートメテオ	120.0	202501010307
2022103651	2025-08-16	1札幌7	晴	12.0	石狩特別(1勝クラス)		12	2.0	2	8.8	4.0	2	松本大輝	55.0	芝1800		良	**	1:48.9	0.1	**	1-1-1-1	36.6-35.6	35.7	504(-2)			ショウナンバルドル	447.8	202501010712
2022103651	2025-09-15	4阪神5	晴	8.0	3歳以上1勝クラス		8	5.0	5	14.3	5.0	5	松本大輝	54.0	芝1800		良	**	1:45.4	0.5	**	3-4	34.7-34.4	34.6	500(-4)			エバーグルーヴ	80.0	202509040508
2022103651	2025-11-29	4京都7	晴	7.0	3歳以上1勝クラス		18	3.0	6	45.1	11.0	15	松本大輝	55.0	芝1800		良	**	1:47.3	1.0	**	14-14	34.1-35.1	34.9	512(+12)			ジーティーマン		202508040707
2022103651	2025-12-06	5中京1	晴	12.0	3歳以上1勝クラス		16	3.0	6	14.1	5.0	1	松本大輝	56.0	芝1600		良	**	1:33.0	-0.2	**	5-5-5	35.3-34.3	33.8	512(0)			(クイーンズワーフ)	800.0	202507050112
2022103651	2026-01-17	1京都6	晴	12.0	4歳以上2勝クラス		18	7.0	14	7.6	4.0	16	松山弘平	57.0	芝1600		良	**	1:35.5	2.0	**	16-17	35.2-34.5	34.9	514(+2)			カズミクラーシュ		202608010612
2022103779	2025-01-19	1中山7	晴	1.0	3歳未勝利		16	1.0	1	55.1	8.0	2	横山典弘	55.0	ダ1200		良	**	1:12.6	0.5	**	13-11	34.2-37.9	37.2	482(0)			スターランウェイ	220.0	202506010701
2022103779	2025-03-08	2中山3	曇	3.0	3歳未勝利		16	2.0	3	2.7	2.0	2	横山典弘	55.0	ダ1200		重	**	1:11.9	0.4	**	2-2	34.8-36.7	36.9	482(0)			チャロ	220.0	202506020303
2022103779	2025-03-29	3中山1	小雨	1.0	3歳未勝利		16	4.0	8	1.1	1.0	1	横山典弘	55.0	ダ1200		良	**	1:11.3	-0.6	**	2-2	34.1-37.2	37.1	482(0)			(キタノライブリー)	560.0	202506030101
2022103779	2025-06-29	2福島2	晴	7.0	3歳以上1勝クラス		16	2.0	4	1.6	1.0	2	横山典弘	53.0	ダ1150		良	**	1:08.2	0.6	**	2-2	31.4-36.2	36.7	488(+6)			ルージュアズライト	320.0	202503020207
2022103779	2025-10-19	4東京7	曇	8.0	3歳以上1勝クラス		15	1.0	1	5.1	2.0	1	横山典弘	54.0	ダ1400		良	**	1:25.9	-0.2	**	4-4	36.8-36.6	36.2	502(+14)			(マーゴットレーヴ)	800.0	202505040708
2022103779	2025-11-23	5東京5	曇	8.0	3歳以上2勝クラス		16	5.0	9	4.6	3.0	9	横山典弘	55.0	ダ1600		良	**	1:39.5	1.0	**	11-11	37.1-35.6	35.7	492(-10)			セギレエルビエント		202505050508
2022103779	2026-01-17	1中山6	晴	8.0	4歳以上2勝クラス		16	6.0	11	5.8	3.0	1	横山典弘	56.0	ダ1200		良	**	1:11.8	0.0	**	7-7	33.8-38.0	36.8	492(0)			(キョウエイカンフ)	1190.0	202606010608
2022103857	2025-01-11	1中山3	晴	4.0	3歳新馬		16	1.0	2	17.8	6.0	9	石神深道	52.0	ダ1200		稍	**	1:14.2	2.2	**	13-13	34.0-38.0	37.1	452(0)			ワンダーイロネ		202506010304
2022103857	2025-03-15	2中山5	晴	1.0	3歳未勝利		16	2.0	3	52.6	8.0	2	石神深道	52.0	ダ1200		稍	**	1:12.3	0.0	**	3-3	34.5-37.8	37.4	448(-4)			フクチャンヒメ	220.0	202506020501
2022103857	2025-04-06	3中山4	曇	2.0	3歳未勝利		16	8.0	16	1.4	1.0	1	石神深道	52.0	ダ1200		稍	**	1:12.6	-0.4	**	4-4	35.2-37.4	37.0	444(-4)			(グリーンエリクサー)	560.0	202506030402
2022103857	2025-05-25	2東京10	曇	6.0	3歳1勝クラス		9	1.0	1	37.4	8.0	5	石川裕紀	55.0	ダ1400		不	**	1:23.8	1.1	**	9-9	34.6-36.2	36.1	450(+6)			シホノペルフェット	80.0	202505021006
2022103857	2025-08-03	2新潟4	晴	10.0	3歳以上1勝クラス		15	6.0	10	5.0	2.0	10	石神深道	51.0	ダ1200		良	**	1:13.6	1.5	**	11-11	34.9-37.2	37.4	452(+2)			サマースイートピー		202504020410
2022103857	2025-09-27	4中山8	晴	8.0	3歳以上1勝クラス		16	4.0	8	21.8	9.0	6	石神深道	51.0	ダ1200		良	**	1:12.3	1.2	**	15-14	33.3-37.8	37.0	456(+4)			ショウナンハクウン		202506040808
2022103857	2025-12-28	5中山8	晴	7.0	3歳以上1勝クラス		16	4.0	7	9.2	6.0	5	石神深道	52.0	ダ1200		良	**	1:12.9	0.9	**	9-8	34.4-37.6	37.7	456(0)			タイセイルヴァン	80.0	202506050807
2022103857	2026-01-17	1中山6	晴	6.0	4歳以上1勝クラス		16	6.0	12	16.9	9.0	3	石神深道	53.0	ダ1200		良	**	1:12.0	0.1	**	8-8	34.3-37.6	37.1	452(-4)			メッエフアパラ	210.0	202606010606
2022103884	2024-10-19	4東京5	晴	6.0	2歳新馬		17	2.0	3	77.0	12.0	16	横山武史	56.0	芝1400		良	**	1:25.8	2.9	**	7-7	36.6-34.2	36.3	458(0)			コルチェスター		202405040506
2022103884	2024-11-09	3福島3	晴	3.0	2歳未勝利		16	1.0	2	210.8	12.0	9	西塚洸二	55.0	芝1200		良	**	1:12.4	2.2	**	15-12	34.6-35.6	36.2	454(-4)			タマモブラウンタイ		202403030303
2022103884	2024-12-01	4中京2	晴	4.0	2歳未勝利		15	7.0	13	443.6	13.0	13	斎藤新	56.0	芝1600		良	**	1:37.3	2.4	**	8-11-11	36.0-34.4	35.6	458(+4)			ラージギャラリー		202407040204
2022103884	2024-12-15	7京都6	晴	2.0	2歳未勝利		16	5.0	9	622.5	16.0	10	菱田裕二	56.0	ダ1400		良	**	1:29.5	3.7	**	15-14	35.7-37.5	39.4	456(-2)			シホノペルフェット		202408070602
2022103884	2025-02-09	1小倉6	晴	6.0	3歳未勝利		17	4.0	7	268.6	16.0	8	松本大輝	56.0	芝1200		稍	**	1:11.1	0.6	**	12-12	33.8-36.7	35.9	470(+14)			アーサーズウェイン		202510010606
2022103884	2025-03-25	金沢	晴	8.0	能登千里浜賞(未勝利)(3歳)		7	5.0	5	29.1	6.0	4	栗原大河	56.0	ダ1500		良	**	1:37.3	1.9	**	3-3-3-4		39.2	464(-6)			リッキースタイル	10.2	202546032508
2022103884	2025-05-17	2東京7	雨	5.0	3歳未勝利		18	2.0	3	262.9	15.0	12	江田照男	57.0	芝1400		良	**	1:23.8	1.4	**	11-12	35.1-35.2	35.6	466(+2)			ベラジオワールド		202505020705
2022103884	2025-06-22	1函館4	曇	1.0	3歳未勝利		15	6.0	12	163.4	14.0	15	菊沢一樹	57.0	芝1200		重	**	1:10.8	1.3	**	10-10	34.0-35.5	35.7	460(-6)			ベビーズブレス		202502010401
2022103884	2025-06-29	1函館6	曇	3.0	3歳未勝利		12	6.0	8	262.3	12.0	9	木幡巧也	57.0	芝1200		良	**	1:10.1	1.0	**	6-6	34.3-34.8	35.3	458(-2)			ペイシャアーサー		202502010603
2022103884	2025-09-14	4中山4	曇	1.0	障害3歳以上未勝利		9	6.0	6	136.6	9.0	9	伴啓太	58.0	障2880		良		3:34.7	16.2		9-9-9-9	110.1-0.0	14.9	446(-12)			フェーングロッテン		202506040401
2022103884	2025-12-21	5中山6	曇	4.0	障害3歳以上未勝利		14	7.0	11	268.4	14.0	8	水沼元輝	56.0	障2880		重		3:21.1	4.9		4-4-6-5	109.1-0.0	14.0	464(+18)			ダノンロッキー		202506050604
2022103884	2026-01-17	1中山6	晴	4.0	障害4歳以上未勝利		12	3.0	3	167.9	11.0	7	水沼元輝	57.0	障2880		良		3:17.8	2.9		6-7-8-8	106.1-0.0	13.7	468(+4)			コレクテイニア		202606010604
2022104135	2024-07-28	1札幌4	曇	5.0	2歳新馬		12	3.0	3	9.3	5.0	7	横山武史	55.0	芝1800		重	**	1:52.0	1.5	**	1-1-1-2	37.5-35.0	36.5	472(0)			ファイアンクランツ		202401010405
2022104135	2024-08-17	2札幌3	曇	1.0	2歳未勝利		10	3.0	3	65.9	7.0	7	浜中俊	55.0	芝1800		良	**	1:51.4	1.1	**	4-3-3-4	37.2-34.8	35.6	466(-6)			ショウナンサムデイ		202401020301
2022104135	2024-09-07	4中山1	晴	2.0	2歳未勝利		12	8.0	11	38.4	9.0	11	石神深道	52.0	芝1600		良	**	1:34.9	1.1	**	8-7-7	35.1-34.6	35.2	468(+2)			ニシノルアノーヴァ		202406040102
2022104135	2024-12-15	5中山6	晴	7.0	2歳未勝利		18	3.0	6	154.6	12.0	15	長浜鴻緒	53.0	芝2000		良	**	2:02.2	2.5	**	11-10-13-14	35.8-35.5	37.0	480(+12)			スワローシチー		202406050607
2022104135	2025-01-12	1中山4	曇	2.0	3歳未勝利		16	5.0	10	127.3	13.0	12	小林美駒	53.0	ダ1800		良	**	1:59.3	5.1	**	16-16-14-13	37.0-38.8	41.4	470(-10)			サムシャイン		202506010402
2022104135	2025-05-11	1新潟4	曇	5.0	3歳未勝利		16	6.0	11	172.1	15.0	11	舟山瑠泉	54.0	芝1800		稍	**	1:51.3	1.3	**	10-10	36.2-35.6	35.9	460(-10)			ベストレーサー		202504010405
2022104135	2025-05-31	2京都11	曇	5.0	3歳未勝利		18	4.0	8	132.2	17.0	17	丹内祐次	57.0	芝1800		良	**	1:49.3	2.6	**	16-16	35.4-34.6	35.8	464(+4)			オリバナム		202508021105
2022104135	2025-12-14	5中京4	曇	3.0	3歳以上1勝クラス		16	7.0	14	257.4	15.0	16	菊沢一樹	57.0	ダ1200		稍	**	1:15.4	3.7	**	16-16	35.6-36.1	38.2	468(+4)			ドラゴンテイラー		202507050403
2022104135	2026-01-17	1中山6	晴	7.0	4歳以上1勝クラス		12	8.0	11	649.3	12.0	12	柴田大知	57.0	芝2200		良	**	2:14.1	2.1	**	12-11-12-12	36.6-35.6	36.4	476(+8)			クリフハンガー		202606010607
2022104316	2024-12-07	7京都3	晴	5.0	2歳新馬		10	8.0	9	3.9	2.0	2	三浦皇成	56.0	芝1200		良	**	1:09.9	0.2	**	2-2	35.2-34.5	33.8	430(0)			ガンマジーティーピ	290.0	202408070305
2022104316	2024-12-22	5中山8	晴	3.0	2歳未勝利		16	4.0	7	5.6	3.0	9	三浦皇成	56.0	芝1200		良	**	1:10.7	0.9	**	16-16	33.5-36.3	35.6	436(+6)			ミクストベリーズ		202406050803
2022104316	2025-05-10	2東京5	曇	5.0	3歳未勝利		16	5.0	10	15.0	4.0	8	三浦皇成	57.0	芝1400		稍	**	1:22.8	0.7	**	6-7	35.1-35.2	35.2	438(+2)			ポッドロワール		202505020505
2022104316	2025-05-31	2東京11	小雨	7.0	3歳1勝クラス		11	6.0	7	124.0	10.0	10	三浦皇成	57.0	芝1400		稍	**	1:24.5	1.2	**	8-9	36.2-34.6	35.2	442(+4)			パワースナッチ		202505021107
2022104316	2025-07-27	1札幌2	曇	2.0	3歳未勝利		14	6.0	10	29.1	8.0	2	松岡正海	57.0	芝1200		重	**	1:09.2	0.0	**	2-2	33.8-35.4	35.3	438(-4)			キャナルクルーズ	220.0	202501010202
2022104316	2025-08-24	2札幌2	晴	6.0	3歳未勝利		16	8.0	16	9.3	5.0	1	松岡正海	57.0	芝1200		良	**	1:09.4	-0.1	**	6-7	33.3-36.1	35.6	446(+8)			(サマースピリット)	560.0	202501020206
2022104316	2025-09-07	4中山2	晴	12.0	3歳以上1勝クラス		16	6.0	12	9.0	5.0	1	鮫島克駿	56.0	芝1200		良	**	1:08.8	-0.2	**	2-1	35.1-33.7	33.7	436(-10)			(レッドカメリア)	800.0	202506040212
2022104316	2025-09-27	4中山8	晴	10.0	勝浦特別(2勝クラス)		16	8.0	16	27.9	7.0	16	津村明秀	56.0	芝1200		良	**	1:09.4	1.8	**	14-14	33.8-33.8	34.4	438(+2)			ソーダーンライト		202506040810
2022104316	2025-12-27	5中山7	曇	9.0	ベストウィッシュC(2勝クラス)		16	8.0	16	76.0	11.0	15	松岡正海	57.0	芝1200		良	**	1:09.6	1.8	**	14-15	33.2-34.6	34.9	440(+2)			アンビバレント		202506050709
2022104316	2026-01-17	1京都6	晴	12.0	4歳以上2勝クラス		18	2.0	3	81.7	13.0	18	高杉吏麒	57.0	芝1600		良	**	1:35.8	2.3	**	11-11	35.2-34.5	35.8	440(0)			カズミクラーシュ		202608010612
2022104362	2025-02-16	1東京6	晴	5.0	3歳未勝利		16	6.0	12	57.4	9.0	15	原優介	56.0	芝1800		良	**	1:50.1	3.6	**	16-15-15	35.9-34.7	35.7	452(0)			トレサフィール		202505010605
2022104362	2025-04-22	浦和	晴	9.0	ツインゴールド特別(3歳)		11	8.0	12	11.1	7.0	6	秋元耕成	56.0	ダ1400		良	**	1:32.0	2.5	**	9-9-5-6	37.1-39.2	41.2	450(-2)			シナノクーパー		202542042209
2022104362	2025-05-04	2東京4	晴	3.0	3歳未勝利		16	6.0	11	245.5	10.0	11	木幡巧也	57.0	ダ1600		稍	**	1:40.5	3.4	**	12-12	35.6-36.6	38.1	448(-2)			ノアヴィヴァーチェ		202505020403
2022104362	2025-05-11	2東京6	晴	3.0	3歳未勝利		12	8.0	12	376.8	10.0	5	木幡巧也	57.0	芝2000		良	**	2:00.9	0.7	**	10-11-10	37.1-35.3	35.2	452(+4)			ヘヴンウィンド	56.0	202505020603
2022104362	2025-07-12	2福島5	曇	4.0	3歳未勝利		16	3.0	6	24.9	7.0	4	内田博幸	57.0	芝2000		良	**	2:04.1	0.4	**	7-9-10-8	37.1-36.6	35.9	442(-10)			ポッポノフェスタ	84.0	202503020504
2022104362	2025-07-27	2新潟2	晴	10.0	3歳未勝利		14	4.0	5	30.1	10.0	10	丸田恭介	57.0	芝2200		良	**	2:13.4	0.7	**	13-13-13-13	35.8-35.1	34.0	440(-2)			ディアボリカドンナ		202504020210
2022104362	2025-08-24	3新潟2	晴	3.0	3歳未勝利		17	4.0	8	14.0	6.0	2	木幡巧也	57.0	芝2000		良	**	2:01.6	0.4	**	7-7-7-7	35.9-35.1	35.0	438(-2)			マイネルアレス	220.0	202504030203
2022104362	2025-08-30	3新潟3	晴	6.0	3歳未勝利		18	7.0	13	7.6	3.0	1	木幡巧也	57.0	芝1800		良	**	1:47.5	0.0	**	7-7	35.5-34.9	34.3	434(-4)			(スピアッジャローザ)	560.0	202504030306
2022104362	2025-12-27	5中山7	曇	7.0	3歳以上1勝クラス		18	4.0	8	41.0	13.0	6	木幡巧也	56.0	芝2200		良	**	2:15.0	0.3	**	11-11-12-11	36.0-35.9	35.5	454(+20)			ウィッシュツリー		202506050707
2022104362	2026-01-17	1中山6	晴	7.0	4歳以上1勝クラス		12	2.0	2	10.9	5.0	5	木幡巧也	57.0	芝2200		良	**	2:12.4	0.4	**	6-6-5-7	36.6-35.6	35.5	452(-2)			クリフハンガー	82.0	202606010607
2022104403	2024-09-28	3中京8	曇	5.0	2歳新馬		17	8.0	16	124.2	14.0	15	幸英明	55.0	芝2000		良	**	2:06.4	2.8	**	7-8-8-10	38.4-34.6	36.5	470(0)			ロケベンドラ		202407030805
2022104403	2024-12-01	4中京2	晴	5.0	2歳未勝利		8	2.0	2	174.4	8.0	7	北村宏司	56.0	芝2000		良	**	2:04.4	1.7	**	5-5-5-3	36.3-34.5	35.9	476(+6)			インターポーザー		202407040205
2022104403	2025-02-23	1京都8	晴	2.0	3歳未勝利		16	6.0	11	11.9	4.0	1	武藤雅	57.0	ダ1800		良	**	1:55.5	-0.2	**	7-7-5-5	36.9-38.9	38.2	478(+2)			(マルターズヴェロス)	560.0	202508010802
2022104403	2025-03-08	1阪神3	晴	4.0	3歳1勝クラス		12	1.0	1	31.9	8.0	8	幸英明	57.0	ダ1800		良	**	1:56.4	2.3	**	7-8-7-11	37.1-38.1	39.6	476(-2)			メイショウズイウン		202509010304
2022104403	2025-05-18	2京都8	晴	5.0	3歳1勝クラス		13	7.0	10	68.7	13.0	13	幸英明	57.0	ダ1800		重	**	1:53.7	2.5	**	12-13-11-13	36.2-36.4	37.9	472(-4)			タガノマカシヤ		202508020805
2022104403	2025-10-25	3京都8	曇	7.0	3歳以上1勝クラス		11	8.0	11	38.4	9.0	8	池添謙一	56.0	ダ1800		良	**	1:54.1	1.4	**	2-2-4-6	36.9-38.6	39.5	494(+22)			エリカヴェネチア		202508030807
2022104403	2025-11-15	4京都3	晴	7.0	3歳以上1勝クラス		16	2.0	4	94.4	10.0	5	池添謙一	56.0	ダ1800		良	**	1:52.6	0.7	**	8-8-7-8	35.8-37.1	37.3	494(0)			アートレスマインド	80.0	202508040307
2022104403	2025-12-13	5中京3	曇	3.0	3歳以上1勝クラス		12	6.0	8	13.8	5.0	3	池添謙一	57.0	ダ1900		良	**	2:01.6	0.7	**	6-6-7-5	31.2-38.4	38.3	502(+8)			ギュルヴィ	200.0	202507050303
2022104403	2026-01-17	1京都6	晴	8.0	4歳以上1勝クラス		8	7.0	7	8.7	4.0	4	池添謙一	57.0	ダ1800		良	**	1:54.2	1.4	**	5-5-2-2	36.7-37.0	38.2	496(-6)			ロカヒ	120.0	202608010608
2022104479	2024-10-27	4東京8	曇	5.0	2歳新馬		15	8.0	14	49.0	8.0	11	菅原明良	55.0	芝2000		良	**	2:03.9	2.2	**	8-11-11	37.2-34.0	35.2	478(0)			アマキヒ		202405040805
2022104479	2025-01-06	1中山2	曇	6.0	3歳未勝利		18	2.0	4	192.0	13.0	15	大野拓弥	55.0	芝2000		良	**	2:04.6	1.9	**	1-1-1-2	37.1-35.5	37.4	490(+12)			マイネルゼウス		202506010206
2022104479	2025-03-01	1小倉11	曇	7.0	3歳未勝利		16	5.0	10	37.9	7.0	5	石田拓郎	52.0	ダ1700		良	**	1:49.1	1.6	**	2-2-3-5	30.7-38.9	40.3	484(-6)			グレイスフルマーチ	56.0	202510011107
2022104479	2025-03-29	2中京5	曇	1.0	3歳未勝利		16	3.0	6	40.7	8.0	4	小崎綾也	55.0	ダ1400		稍	**	1:25.2	1.2	**	4-3	35.4-36.6	37.5	486(+2)			キョラムン	84.0	202507020501
2022104479	2025-04-27	1福島6	晴	1.0	3歳未勝利		16	8.0	15	4.2	2.0	1	斎藤新	55.0	ダ1150		良	**	1:08.8	-0.2	**	1-1	32.0-36.8	36.8	486(0)			(ジョイナーテソーロ)	560.0	202503010601
2022104479	2025-07-13	2福島6	晴	8.0	3歳以上1勝クラス		15	2.0	2	3.2	1.0	1	石田拓郎	50.0	ダ1150		良	**	1:08.9	-0.2	**	2-2	31.1-37.8	37.3	486(0)			(ミニョンマルーン)	800.0	202503020608
2022104479	2025-08-09	2新潟5	晴	10.0	3歳以上2勝クラス		15	4.0	6	9.8	3.0	7	遠藤汰月	51.0	ダ1200		良	**	1:12.2	1.8	**	3-3	34.3-36.1	37.5	488(+2)			ドラゴンウェルズ		202504020510
2022104479	2025-11-22	3福島5	晴	10.0	福島放送賞(2勝クラス)		16	4.0	8	21.0	6.0	12	斎藤新	55.0	ダ1150		良	**	1:10.6	1.9	**	15-15	31.4-37.3	37.5	490(+2)			ルージュアズライト		202503030510
2022104479	2025-12-13	5中山3	曇	12.0	3歳以上2勝クラス		13	4.0	5	26.0	7.0	9	石田拓郎	52.0	ダ1200		良	**	1:12.5	1.3	**	6-7	34.3-36.9	37.6	494(+4)			シュヴァルボヌール		202506050312
2022104479	2026-01-17	1中山6	晴	8.0	4歳以上2勝クラス		16	3.0	5	273.0	16.0	14	上里直汰	53.0	ダ1200		良	**	1:13.1	1.3	**	4-3	33.8-38.0	39.0	498(+4)			ゴールドハンマー		202606010608
2022104629	2025-04-19	1福島3	晴	2.0	3歳未勝利		16	2.0	3	21.4	6.0	7	武藤雅	55.0	芝1200		良	**	1:10.2	1.3	**	13-14	34.1-34.8	34.6	460(0)			デボラ		202503010302
2022104629	2025-06-28	2福島1	晴	8.0	3歳未勝利		16	2.0	4	5.2	2.0	1	武藤雅	55.0	芝1200		良	**	1:08.9	-0.1	**	3-3	33.1-35.8	35.6	450(-10)			(ルシェロアズーリ)	560.0	202503020108
2022104629	2025-08-30	3新潟3	晴	9.0	新発田城特別(1勝クラス)		18	4.0	7	29.2	8.0	11	武藤雅	53.0	芝1400		良	**	1:22.1	1.4	**	9-9	34.1-35.0	35.3	446(-4)			ポッドロワール		202504030309
2022104629	2025-11-08	3福島1	晴	7.0	3歳以上1勝クラス		16	3.0	5	17.1	7.0	1	武藤雅	55.0	芝1200		良	**	1:08.0	0.0	**	4-3	33.3-34.7	34.3	448(+2)			(ダガーリング)	800.0	202503030107
2022104629	2026-01-17	1中山6	晴	12.0	4歳以上2勝クラス		16	4.0	7	20.7	9.0	10	武藤雅	56.0	芝1200		良	**	1:08.5	0.5	**	5-5	34.3-33.7	33.8	446(-2)			カンシン		202606010612
2022104637	2024-06-02	3東京2	曇	6.0	2歳新馬		9	4.0	4	8.0	3.0	4	横山武史	55.0	芝1400		稍	**	1:23.7	0.8	**	1-1	36.7-33.8	34.6	414(0)			スターウェーブ	110.0	202405030206
2022104637	2024-07-06	2福島3	曇	1.0	2歳未勝利		8	2.0	2	1.6	1.0	1	菅原明良	55.0	芝1200		良	**	1:10.1	-0.2	**	1-1	34.3-35.8	35.8	416(+2)			(ニシノコイブミ)	550.0	202403020301
2022104637	2024-09-01	2中京8	曇	11.0	小倉2歳S(GIII)		13	5.0	7	107.2	13.0	8	丸田恭介	55.0	芝1200		重	**	1:09.9	0.9	**	6-7	34.5-34.5	34.8	418(+2)			エイシンワンド		202407020811
2022104637	2024-11-10	3福島4	晴	9.0	福島2歳S(OP)		16	7.0	14	63.9	12.0	7	丸田恭介	56.0	芝1200		良	**	1:11.5	0.8	**	13-14	34.0-36.7	36.2	422(+4)			ポッドベイダー		202403030409
2022104637	2025-01-13	1中山5	晴	7.0	3歳1勝クラス		11	7.0	9	37.6	8.0	5	三浦皇成	57.0	芝1200		良	**	1:09.7	0.4	**	2-2	34.7-34.6	34.8	434(+12)			モジャーリオ	80.0	202506010507
2022104637	2025-03-02	1小倉12	曇	9.0	あざみ賞(1勝クラス)		18	7.0	15	19.6	6.0	10	黛弘人	57.0	芝1200		重	**	1:11.3	0.8	**	15-15	34.1-36.4	36.0	430(-4)			ベイビーキッス		202510011209
2022104637	2025-05-11	1新潟4	曇	9.0	ゆきつばき賞(1勝クラス)		13	4.0	5	24.3	10.0	9	長浜鴻緒	57.0	芝1200		稍	**	1:11.9	1.4	**	10-11	33.9-36.6	37.1	438(+8)			オンザブルースカイ		202504010409
2022104637	2025-09-21	4中山7	晴	6.0	3歳以上1勝クラス		16	7.0	13	19.2	7.0	13	鮫島克駿	56.0	ダ1200		良	**	1:13.3	2.6	**	2-2	33.4-37.3	39.7	434(-4)			チャロ		202506040706
2022104637	2025-11-09	3福島2	曇	7.0	3歳以上1勝クラス		16	4.0	7	30.7	9.0	1	杉原誠人	57.0	芝1200		良	**	1:09.1	-0.2	**	3-3	34.2-34.9	34.7	438(+4)			(ピアストイヤーズ)	800.0	202503030207
2022104637	2026-01-17	1中山6	晴	12.0	4歳以上2勝クラス		16	7.0	14	86.9	13.0	8	杉原誠人	58.0	芝1200		良	**	1:08.4	0.4	**	2-2	34.3-33.7	34.0	448(+10)			カンシン		202606010612
2022104722	2024-07-28	2新潟2	曇	4.0	2歳新馬		12	5.0	5	2.1	1.0	2	川田将雅	55.0	芝1600		良	**	1:35.6	0.1	**	4-3	36.0-34.4	34.2	502(0)			プロクレイア	290.0	202404020204
2022104722	2024-09-21	4中山6	曇	2.0	2歳未勝利		13	7.0	10	1.5	1.0	3	ルメール	55.0	芝1600		良	**	1:33.4	0.4	**	3-2-2	34.9-34.3	34.5	498(-4)			ロードリベラシオン	140.0	202406040602
2022104722	2024-10-27	4東京8	晴	3.0	2歳未勝利		11	7.0	8	1.7	1.0	2	ルメール	56.0	芝1400		良	**	1:20.9	0.2	**	1-1	34.3-34.7	34.9	502(+4)			チューラワンサ	220.0	202405040803
2022104722	2025-05-31	2東京11	雨	3.0	3歳未勝利		18	5.0	9	1.6	1.0	3	レーン	57.0	芝1400		稍	**	1:23.2	0.1	**	1-1	34.9-36.5	36.6	508(+6)			メイリー	140.0	202505021103
2022104722	2025-07-26	2新潟1	晴	12.0	3歳未勝利		17	7.0	13	1.7	1.0	7	戸崎圭太	57.0	芝1400		良	**	1:21.3	0.5	**	1-1	33.7-35.8	36.3	502(-6)			ポッドロルフ		202504020112
2022104722	2025-09-13	4中山3	曇	3.0	3歳未勝利		16	2.0	4	5.3	2.0	1	杉原誠人	57.0	ダ1200		不	**	1:10.6	-0.4	**	2-2	33.8-36.8	36.7	504(+2)			(スイートロータス)	560.0	202506040303
2022104722	2025-12-20	5中山5	曇	8.0	3歳以上1勝クラス		16	1.0	1	4.2	2.0	1	杉原誠人	57.0	ダ1200		良	**	1:10.5	-0.7	**	1-1	33.6-36.9	36.9	506(+2)			(ピコテンダー)	800.0	202506050508
2022104722	2026-01-17	1中山6	晴	8.0	4歳以上2勝クラス		16	6.0	12	1.8	1.0	9	杉原誠人	58.0	ダ1200		良	**	1:12.6	0.8	**	2-2	33.8-38.0	38.7	506(0)			ゴールドハンマー		202606010608
2022104771	2024-06-02	3東京2	曇	6.0	2歳新馬		9	3.0	3	2.2	2.0	1	三浦皇成	55.0	芝1400		稍	**	1:22.9	-0.2	**	5-5	36.7-33.8	33.4	472(0)			(カルデライト)	720.0	202405030206
2022104771	2024-08-25	3新潟6	曇	11.0	新潟2歳S(GIII)		11	3.0	3	4.7	3.0	6	三浦皇成	55.0	芝1600		良	**	1:35.3	1.1	**	5-5	35.0-34.5	35.0	474(+2)			トータルクラリティ		202404030611
2022104771	2024-11-16	5東京5	曇	6.0	2歳1勝クラス		10	5.0	5	2.9	2.0	4	三浦皇成	56.0	芝1400		良	**	1:23.5	0.8	**	2-2	36.6-33.4	34.0	482(+8)			エンブロイダリー	120.0	202405050506
2022104771	2025-03-08	2中山3	曇	7.0	3歳1勝クラス		10	1.0	1	2.7	2.0	7	三浦皇成	57.0	芝1600		良	**	1:36.1	0.6	**	3-2-2	35.8-35.2	35.6	492(+10)			レーヴブリリアント		202506020307
2022104771	2025-07-20	2福島8	晴	9.0	南相馬特別(1勝クラス)		11	6.0	7	3.8	3.0	1	三浦皇成	55.0	芝1200		良	**	1:10.8	0.0	**	2-2	35.8-35.0	34.8	506(+14)			(セイウンデセオ)	1133.1	202503020809
2022104771	2025-09-13	4中山3	晴	10.0	汐留特別(2勝クラス)		11	1.0	1	3.7	1.0	10	三浦皇成	56.0	芝1200		稍	**	1:09.2	0.9	**	8-7	35.1-33.2	33.4	500(-6)			モンシュマン		202506040310
2022104771	2025-12-27	5中山7	曇	9.0	ベストウィッシュC(2勝クラス)		16	1.0	2	17.5	6.0	5	三浦皇成	57.0	芝1200		良	**	1:08.7	0.9	**	14-13	33.2-34.6	33.9	504(+4)			アンビバレント	155.0	202506050709
2022104771	2026-01-17	1中山6	晴	12.0	4歳以上2勝クラス		16	2.0	4	15.2	8.0	14	三浦皇成	58.0	芝1200		良	**	1:09.1	1.1	**	16-16	34.3-33.7	33.3	496(-8)			カンシン		202606010612
2022104774	2024-08-10	3新潟1	晴	5.0	2歳新馬		16	6.0	12	1.8	1.0	2	ルメール	55.0	芝1800		良	**	1:47.9	0.1	**	9-8	36.1-34.7	33.6	472(0)			ジーティーマン	290.0	202404030105
2022104774	2024-10-06	4東京2	曇	2.0	2歳未勝利		7	7.0	7	1.1	1.0	1	ルメール	56.0	芝2000		良	**	2:00.2	-0.1	**	4-4-4	36.5-34.9	33.5	476(+4)			(タイセイリコルド)	550.0	202405040202
2022104774	2025-01-26	1中山9	晴	9.0	若竹賞(1勝クラス)		11	7.0	9	2.8	1.0	2	ルメール	57.0	芝1800		良	**	1:49.7	0.2	**	10-8-8-8	37.8-36.5	35.9	484(+8)			リトルジャイアンツ	447.0	202506010909
2022104774	2025-03-01	2中山1	晴	9.0	水仙賞(1勝クラス)		13	8.0	13	2.1	1.0	2	ルメール	57.0	芝2200		良	**	2:16.8	0.3	**	11-11-3-3	36.0-34.7	34.9	484(0)			エーオーキング	448.8	202506020109
2022104774	2025-05-17	2東京7	雨	6.0	3歳1勝クラス		8	8.0	8	2.2	1.0	7	ルメール	57.0	芝2400		良	**	2:29.8	1.9	**	5-5-4-4	36.8-35.2	36.6	472(-12)			ホウオウアートマン		202505020706
2022104774	2025-06-28	2福島1	晴	7.0	3歳以上1勝クラス		7	2.0	2	2.8	2.0	3	ルメール	54.0	芝2600		良	**	2:41.2	0.3	**	2-2-2-2	35.3-34.6	34.8	474(+2)			オストラヴァ	200.0	202503020107
2022104774	2025-09-15	4中山5	曇	8.0	3歳以上1勝クラス		14	3.0	3	1.4	1.0	2	ルメール	55.0	芝2500		良	**	2:32.2	0.5	**	1-1-2-2	30.2-35.3	35.6	478(+4)			キングズトゥルー	320.0	202506040508
2022104774	2025-11-16	5東京4	晴	12.0	3歳以上1勝クラス		13	8.0	13	3.3	2.0	3	プーシャ	56.0	芝2000		良	**	2:00.2	0.5	**	5-6-6	36.3-34.7	34.6	484(+6)			プルミエソルティ	200.0	202505050412
2022104774	2026-01-17	1中山6	晴	7.0	4歳以上1勝クラス		12	6.0	8	2.7	1.0	4	戸崎圭太	57.0	芝2200		良	**	2:12.3	0.3	**	2-2-2-2	36.6-35.6	35.8	492(+8)			クリフハンガー	120.0	202606010607
2022104784	2024-10-20	5京都6	晴	4.0	2歳新馬		17	2.0	4	4.9	3.0	2	池添謙一	55.0	芝1600		稍	**	1:35.1	0.4	**	6-4	35.1-36.0	35.9	450(0)			エリカエクスプレス	290.0	202408050604
2022104784	2024-11-17	6京都6	曇	3.0	2歳未勝利		14	8.0	14	5.1	3.0	2	池添謙一	55.0	芝1600		良	**	1:34.9	0.3	**	3-1	34.7-35.0	35.3	444(-6)			キスアンドクライ	220.0	202408060603
2022104784	2025-01-18	1中京6	晴	6.0	3歳未勝利		16	3.0	6	2.1	1.0	2	池添謙一	55.0	芝1600		良	**	1:35.1	0.2	**	1-1-1	34.9-35.7	35.9	444(0)			アスクセクシーモア	220.0	202507010606
2022104784	2025-02-10	1京都3	晴	5.0	3歳未勝利		18	7.0	15	2.8	1.0	5	池添謙一	55.0	芝1600		良	**	1:36.9	0.6	**	4-3	36.3-34.6	34.7	444(0)			インヴォーグ	56.0	202508010305
2022104784	2025-03-01	1阪神1	晴	5.0	3歳未勝利		18	6.0	12	2.9	1.0	1	池添謙一	55.0	芝1600		良	**	1:33.9	-0.5	**	1-1	35.6-33.6	33.6	440(-4)			(ダノンブギ)	560.0	202509010105
2022104784	2025-03-29	2阪神1	晴	9.0	君子蘭賞(1勝クラス)		14	6.0	10	2.5	1.0	1	池添謙一	55.0	芝1800		良	**	1:45.8	-0.1	**	1-1	35.1-34.6	34.6	434(-6)			(ケリフレッドアスク)	1141.5	202509020109
2022104784	2025-04-27	2東京2	晴	11.0	サンスポ賞フローラS(GII)		18	7.0	13	16.2	9.0	7	池添謙一	55.0	芝2000		良	**	1:59.2	0.6	**	7-7-7	36.1-34.2	34.1	432(-2)			カムニャック		202505020211
2022104784	2025-08-02	1札幌3	晴	10.0	釧路湿原特別(2勝クラス)		14	4.0	5	2.4	1.0	3	池添謙一	53.0	芝1800		良	**	1:47.1	0.0	**	1-1-1-1	36.3-35.5	35.5	446(+14)			リラボニート	394.4	202501010310
2022104784	2025-09-07	2札幌6	晴	10.0	HTB賞(2勝クラス)		14	3.0	4	2.1	1.0	6	浜中俊	53.0	芝1800		稍	**	1:50.1	0.5	**	6-6-6-4	36.2-36.9	36.9	446(0)			タイキラフター		202501020610
2022104784	2025-12-14	5阪神4	晴	12.0	甲東特別(2勝クラス)		10	8.0	9	2.7	1.0	5	池添謙一	55.0	芝1600		良	**	1:34.8	0.4	**	1-1	35.0-34.8	35.2	440(-6)			ネーヴェフレスカ	155.0	202509050412
2022104784	2026-01-17	1京都6	晴	12.0	4歳以上2勝クラス		18	2.0	4	5.0	2.0	6	池添謙一	55.0	芝1600		良	**	1:34.0	0.5	**	7-7	35.2-34.5	34.4	444(+4)			カズミクラーシュ		202608010612
2022105139	2024-09-07	4中山1	晴	5.0	2歳新馬		7	6.0	6	3.7	2.0	4	ルメール	55.0	芝2000		良	**	2:04.9	0.3	**	5-6-5-5	38.4-34.3	34.2	462(0)			ハードワーカー	110.0	202406040105
2022105139	2025-08-02	2新潟3	晴	12.0	3歳未勝利		12	7.0	10	5.3	3.0	2	戸崎圭太	55.0	芝2000		良	**	1:59.7	0.1	**	4-4-4-4	35.2-35.1	33.9	490(+28)			オプレントジュエル	220.0	202504020312
2022105139	2025-10-04	4東京1	曇	7.0	3歳以上1勝クラス		10	7.0	7	12.8	6.0	1	横山武史	54.0	芝2000		良	**	2:00.8	0.0	**	2-1-1	37.7-33.2	33.2	470(-20)			(リポサンテ)	800.0	202505040107
2022105139	2026-01-17	1中山6	晴	7.0	4歳以上1勝クラス		12	1.0	1	2.8	2.0	2	横山武史	55.0	芝2200		良	**	2:12.1	0.1	**	3-4-5-4	36.6-35.6	35.3	478(+8)			クリフハンガー	330.0	202606010607
2022105209	2024-07-14	3小倉6	雨	5.0	2歳新馬		7	3.0	3	7.6	4.0	4	松山弘平	55.0	芝2000		不	**	2:07.3	0.2	**	3-3-3-3	37.3-38.4	38.4	452(0)			トップオンザヒル	110.0	202410030605
2022105209	2024-09-01	2中京8	小雨	3.0	2歳未勝利		8	4.0	4	3.8	2.0	1	松山弘平	55.0	芝2000		重	**	2:03.3	-0.1	**	1-1-1-1	36.5-37.5	37.5	454(+2)			(リビングストン)	550.0	202407020803
2022105209	2024-09-21	3中京6	晴	8.0	野路菊S(OP)		5	5.0	5	11.4	4.0	4	岩田望来	55.0	芝2000		良	**	2:04.1	1.3	**	2-2-2-2	38.1-33.6	34.9	454(0)			エリキング	240.0	202407030608
2022105209	2024-12-07	7京都3	晴	9.0	エリカ賞(1勝クラス)		7	1.0	1	68.5	7.0	5	菱田裕二	56.0	芝2000		良	**	2:02.2	1.6	**	7-7-7-7	36.1-34.2	35.0	458(+4)			ナグルファル	107.0	202408070309
2022105209	2025-07-27	3中京2	晴	8.0	御在所特別(1勝クラス)		7	3.0	3	10.8	5.0	6	松山弘平	55.0	芝2000		良	**	2:00.9	1.7	**	2-1-1-1	35.9-34.9	36.6	456(-2)			メディテラニアン		202507030208
2022105209	2025-08-30	4中京3	晴	8.0	3歳以上1勝クラス		8	1.0	1	11.6	5.0	7	松山弘平	55.0	芝2000		良	**	2:01.1	0.7	**	4-5-8-7	37.5-34.0	33.9	450(-6)			ジョイエッロ		202507040308
2022105209	2025-12-21	5中京6	雨	8.0	3歳以上1勝クラス		16	6.0	12	36.7	9.0	16	荻野極	57.0	芝1600		稍	**	1:37.3	1.5	**	3-3-3	35.9-36.3	36.9	470(+20)			ミトノオルフェ		202507050608
2022105209	2026-01-17	1京都6	晴	7.0	4歳以上1勝クラス		15	1.0	2	87.4	11.0	12	松若風馬	57.0	ダ1400		良	**	1:26.9	1.9	**	12-12	36.0-36.6	37.5	468(-2)			レーティッシュ		202608010607
2022105422	2024-10-26	5京都7	曇	5.0	2歳新馬		13	2.0	2	38.5	9.0	3	横山典弘	56.0	芝2000		良	**	2:02.2	0.0	**	7-6-8-9	37.3-34.8	34.3	508(0)			ミッキーゴールド	180.0	202408050705
2022105422	2024-11-16	6京都5	曇	4.0	2歳未勝利		14	5.0	7	3.0	2.0	1	横山典弘	56.0	芝1800		良	**	1:49.2	-0.1	**	3-3	35.5-35.2	34.9	508(0)			(ルージュシークエル)	550.0	202408060504
2022105422	2025-01-05	1中京1	晴	7.0	3歳1勝クラス		9	1.0	1	19.1	6.0	8	横山典弘	57.0	芝2000		良	**	2:03.1	2.2	**	8-9-9-8	36.9-35.3	36.1	512(+4)			ミッキーゴールド		202507010107
2022105422	2025-02-15	1小倉7	曇	9.0	あすなろ賞(1勝クラス)		9	4.0	4	15.3	6.0	3	丸山元気	57.0	芝2000		良	**	2:01.9	0.6	**	7-7-7-7	36.3-35.0	35.0	502(-10)			タイセイリコルド	282.8	202510010709
2022105422	2025-03-15	1阪神5	小雨	9.0	ゆきやなぎ賞(1勝クラス)		12	5.0	6	45.5	10.0	7	古川吉洋	57.0	芝2400		良	**	2:25.5	0.9	**	11-11-11-6	36.1-34.8	35.1	502(0)			ゲルチュタール		202509010509
2022105422	2025-04-26	2京都1	晴	8.0	あやめ賞(1勝クラス)		7	4.0	4	9.4	5.0	4	団野大成	57.0	芝1800		良	**	1:47.4	0.5	**	5-4	36.1-33.6	33.6	500(-2)			キングメーカー	170.0	202508020108
2022105422	2025-06-07	3阪神1	曇	9.0	城崎特別(1勝クラス)		10	8.0	9	12.8	6.0	4	団野大成	55.0	芝1800		良	**	1:46.7	0.2	**	9-5	35.5-34.5	34.2	496(-4)			ゼンダンハヤブサ	170.0	202509030109
2022105422	2025-06-29	2小倉2	晴	9.0	青島特別(1勝クラス)		8	8.0	8	7.4	5.0	6	団野大成	55.0	芝1800		良	**	1:48.2	0.7	**	3-3-1-1	36.3-35.6	36.3	498(+2)			レディーミコノス		202510020209
2022105422	2025-09-21	4阪神7	晴	7.0	3歳以上1勝クラス		13	7.0	10	18.0	7.0	10	松本大輝	54.0	芝2000		良	**	2:00.5	1.0	**	11-11-11-11	34.8-36.0	35.4	502(+4)			キーパフォーマー		202509040707
2022105422	2025-10-05	3京都2	小雨	7.0	3歳以上1勝クラス		12	4.0	4	35.4	8.0	1	松本大輝	55.0	芝2000		稍	**	2:00.1	-0.1	**	8-7-6-4	35.0-35.0	34.5	498(-4)			(クラウディアイ)	800.0	202508030207
2022105422	2025-11-22	4京都5	晴	12.0	3歳以上2勝クラス		15	3.0	4	31.1	9.0	4	団野大成	56.0	芝2000		良	**	1:59.9	0.7	**	7-5-6-5	36.7-34.5	34.7	504(+6)			ミッキーゴールド	170.0	202508040512
2022105422	2025-12-07	5中京2	晴	10.0	志摩特別(2勝クラス)		13	8.0	12	31.6	9.0	6	松本大輝	55.0	芝1600		良	**	1:34.3	0.5	**	7-8-8	36.3-33.8	33.5	504(0)			キングメーカー		202507050210
2022105422	2025-12-28	5阪神8	晴	9.0	フォーチュンC(2勝クラス)		12	8.0	11	29.6	9.0	10	太宰啓介	55.0	芝1600		良	**	1:34.5	0.5	**	12-11	35.6-34.8	32.9	510(+6)			マイエレメント		202509050809
2022105422	2026-01-17	1京都6	晴	12.0	4歳以上2勝クラス		18	7.0	13	16.1	8.0	8	太宰啓介	57.0	芝1600		良	**	1:34.2	0.7	**	16-14	35.2-34.5	33.8	506(-4)			カズミクラーシュ		202608010612
2022105438	2025-02-16	1小倉8	曇	5.0	3歳未勝利		14	2.0	2	5.1	3.0	11	荻野極	57.0	芝2000		良	**	2:03.0	0.7	**	2-3-5-8	36.8-36.3	36.5	444(0)			オーシンエス		202510010805
2022105438	2025-03-02	1阪神2	小雨	6.0	3歳未勝利		16	1.0	2	14.9	7.0	1	田口貫太	56.0	芝2000		良	**	2:01.1	-0.1	**	1-1-1-1	35.9-35.5	35.5	446(+2)			(アオイタケル)	560.0	202509010206
2022105438	2025-05-04	2東京4	晴	11.0	プリンシパルS(L)		14	2.0	2	63.2	12.0	2	田口貫太	57.0	芝2000		良	**	1:59.4	0.1	**	2-2-3	36.4-34.7	34.3	444(-2)			レディネス	808.4	202505020411
2022105438	2025-08-30	4中京3	晴	8.0	3歳以上1勝クラス		8	7.0	7	2.4	2.0	1	田口貫太	55.0	芝2000		良	**	2:00.4	-0.1	**	2-2-3-3	37.5-34.0	33.6	448(+4)			(ニュークレド)	800.0	202507040308
2022105438	2026-01-17	1京都6	晴	9.0	稲荷特別(2勝クラス)		10	5.0	5	2.6	1.0	5	田口貫太	57.0	芝2000		良	**	2:01.5	0.5	**	3-3-2-2	36.0-34.5	34.8	446(-2)			ジェットマグナム	158.0	202608010609
2022105439	2024-12-28	5中山9	晴	5.0	2歳新馬		18	8.0	17	4.5	3.0	2	武豊	56.0	芝2000		良	**	2:04.2	0.4	**	4-5-4-5	37.0-35.5	35.4	488(0)			ブラックジェダイト	290.0	
2022105439	2025-01-18	1中京6	晴	2.0	3歳未勝利		11	2.0	2	2.6	2.0	1	武豊	57.0	ダ1800		良	**	1:53.0	-1.5	**	7-7-1-2	36.7-37.8	37.8	486(-2)			(タケルハーロック)	560.0	202406050905
2022105439	2025-02-23	1東京8	晴	9.0	ヒヤシンスS(L)		10	5.0	5	8.6	4.0	5	Ｍ．デム	57.0	ダ1600		良	**	1:38.5	0.9	**	9-7	35.9-35.6	35.9	494(+8)			ルクソールカフェ	190.0	202507010602
2022105439	2025-04-05	メイダン			UAEダービー(GII)		9		3		7.0	6	武豊	57.0	ダ1900		良								計不					202505010809
2022105439	2025-06-01	2東京12	晴	5.0	3歳1勝クラス		11	7.0	9	2.2	1.0	6	武豊	57.0	ダ1400		重	**	1:23.5	0.5	**	7-7	35.5-35.3	35.0	496(0)			トリリオンボーイ		202505021205
2022105439	2025-10-04	3京都1	曇	6.0	3歳以上1勝クラス		16	4.0	8	4.5	2.0	8	武豊	56.0	ダ1400		不	**	1:23.7	1.2	**	16-16	33.6-37.3	35.5	504(+8)			サンダーロード		202508030106
2022105439	2025-10-11	3京都3	曇	9.0	3歳以上1勝クラス		12	7.0	9	2.2	1.0	3	武豊	56.0	ダ1800		良	**	1:52.3	0.3	**	3-3-3-3	37.1-37.1	37.0	496(-8)			スマートカイロス	200.0	202508030309
2022105439	2026-01-17	1京都6	晴	8.0	4歳以上1勝クラス		8	2.0	2	2.2	1.0	2	武豊	57.0	ダ1800		良	**	1:53.0	0.2	**	1-1-1-1	36.7-37.0	37.2	500(+4)			ロカヒ	330.0	202608010608
2022105549	2025-04-05	2阪神3	晴	5.0	3歳未勝利		17	5.0	9	16.3	5.0	4	鮫島克駿	55.0	芝1800		良	**	1:47.1	0.8	**	10-10	34.5-34.7	34.7	440(0)			レッドイステル	84.0	202509020305
2022105549	2025-04-26	2京都1	晴	5.0	3歳未勝利		18	8.0	16	4.7	2.0	2	鮫島克駿	55.0	芝1800		良	**	1:48.0	0.0	**	2-2	35.6-35.0	34.9	438(-2)			エイカイカッシーナ	220.0	202508020105
2022105549	2025-05-24	2京都9	小雨	4.0	3歳未勝利		18	4.0	7	4.2	2.0	2	鮫島克駿	55.0	芝1800		良	**	1:48.7	0.2	**	6-6	36.4-34.1	33.8	446(+8)			エーデルヴェーグ	220.0	202508020904
2022105549	2025-06-21	1函館3	曇	7.0	3歳未勝利		16	2.0	4	1.9	1.0	1	鮫島克駿	55.0	芝1800		良	**	1:46.9	-0.6	**	5-5-5-4	34.9-35.4	35.0	442(-4)			(パーフェクトパール)	560.0	202502010307
2022105549	2025-08-02	1札幌3	晴	7.0	3歳以上1勝クラス		10	7.0	7	1.8	1.0	1	鮫島克駿	53.0	芝1800		良	**	1:46.6	-0.1	**	3-3-3-3	36.1-34.9	34.6	444(+2)			(シンゼンカガ)	800.0	202501010307
2022105549	2025-08-30	2札幌3	曇	11.0	札幌日刊スポーツ杯(2勝クラス)		14	2.0	2	3.3	2.0	14	武豊	53.0	芝2000		稍	**	2:06.2	2.7	**	7-7-8-14	37.3-36.7	38.6	440(-4)			ミラージュナイト		202501020311
2022105549	2025-12-13	5阪神3	晴	12.0	3歳以上2勝クラス		10	8.0	9	9.1	4.0	5	岩田望来	55.0	芝1800		良	**	1:44.8	0.3	**	4-3	35.0-34.1	33.9	444(+4)			アラベラ	114.0	202509050312
2022105549	2026-01-17	1京都6	晴	9.0	稲荷特別(2勝クラス)		10	2.0	2	3.3	2.0	2	鮫島克駿	55.0	芝2000		良	**	2:01.1	0.1	**	8-8-7-7	36.0-34.5	34.0	444(0)			ジェットマグナム	636.8	202608010609
2022105598	2024-09-14	4中山3	晴	4.0	2歳新馬		16	5.0	10	31.3	9.0	4	丹内祐次	55.0	ダ1800		良	**	1:57.9	1.6	**	2-2-1-2	37.4-38.4	40.0	464(0)			バギーウィップ	110.0	202406040304
2022105598	2024-09-29	4中山9	曇	1.0	2歳未勝利		16	2.0	4	7.5	4.0	1	ルメール	55.0	ダ1200		良	**	1:12.5	0.0	**	4-4	33.7-38.8	38.5	470(+6)			(レイオーバー)	550.0	202406040901
2022105598	2024-11-02	5東京1	小雨	11.0	京王杯2歳S(GII)		14	2.0	2	139.7	12.0	14	三浦皇成	56.0	芝1400		稍	**	1:23.7	2.5	**	9-9	34.9-34.9	36.1	462(-8)			パンジャタワー		202405050111
2022105598	2024-12-21	5中山7	晴	7.0	2歳1勝クラス		16	8.0	15	16.2	5.0	5	佐々木大	56.0	ダ1200		良	**	1:13.0	1.7	**	7-7	34.6-36.7	37.8	470(+8)			カネショウレジェン	78.0	202406050707
2022105598	2025-02-22	1東京7	晴	2.0	3歳1勝クラス		16	4.0	8	98.2	11.0	12	横山武史	57.0	ダ1400		良	**	1:28.0	2.5	**	12-10	35.6-37.0	38.7	468(-2)			ベルジュロネット		202505010702
2022105598	2025-06-22	3東京6	晴	12.0	3歳以上1勝クラス		16	2.0	3	200.3	15.0	10	杉原誠人	55.0	ダ1400		良	**	1:25.9	2.1	**	10-12	34.6-37.1	37.6	466(-2)			フウセツ		202505030612
2022105598	2025-10-11	4東京3	小雨	12.0	3歳以上1勝クラス		16	6.0	11	175.0	14.0	12	佐々木大	56.0	ダ1400		稍	**	1:26.9	2.1	**	9-9	35.7-36.6	38.0	464(-2)			トラヴェリンバンド		202505040312
2022105598	2026-01-17	1中山6	晴	6.0	4歳以上1勝クラス		16	8.0	16	47.1	12.0	14	木幡巧也	58.0	ダ1200		良	**	1:13.1	1.2	**	8-8	34.3-37.6	38.3	464(0)			メッエフアパラ		202606010606
2022105623	2025-01-26	1小倉2	晴	5.0	3歳新馬		18	8.0	18	22.8	7.0	3	丸田恭介	55.0	芝1200		良	**	1:09.1	0.1	**	12-10	33.4-35.6	34.3	416(0)			ムイ	160.0	202510010205
2022105623	2025-02-08	1小倉5	雪	6.0	3歳未勝利		18	3.0	5	4.2	2.0	3	斎藤新	55.0	芝1200		稍	**	1:10.3	0.4	**	6-6	33.9-36.0	35.8	422(+6)			ジーティーエスピ	140.0	202510010506
2022105623	2025-03-01	1小倉11	曇	2.0	3歳未勝利		18	7.0	13	3.4	1.0	2	斎藤新	55.0	芝1200		良	**	1:09.4	0.1	**	6-3	33.8-35.5	35.2	424(+2)			セイプリーズ	220.0	202510011102
2022105623	2025-04-12	1福島1	曇	6.0	3歳未勝利		16	7.0	14	1.8	1.0	4	斎藤新	55.0	芝1200		良	**	1:09.3	0.9	**	5-4	33.2-35.2	35.6	424(0)			カランダッシュ	84.0	202503010106
2022105623	2025-04-27	1福島6	晴	4.0	3歳未勝利		16	6.0	11	2.8	1.0	1	丹内祐次	55.0	芝1200		良	**	1:09.8	0.0	**	1-1	35.1-34.7	34.7	426(+2)			(グリフォン)	560.0	202503010604
2022105623	2025-08-30	2札幌3	曇	12.0	3歳以上1勝クラス		15	2.0	3	10.5	7.0	2	小林美駒	51.0	芝1200		稍	**	1:10.6	0.4	**	2-2	34.4-35.8	36.1	434(+8)			ムチャスグラシアス	320.0	202501020312
2022105623	2025-09-21	4中山7	曇	8.0	3歳以上1勝クラス		16	7.0	13	8.9	4.0	1	小林美駒	51.0	芝1200		良	**	1:07.8	-0.1	**	2-2	33.7-34.1	34.0	430(-4)			(イコノスタシス)	800.0	202506040708
2022105623	2025-11-09	5東京2	曇	12.0	3歳以上2勝クラス		18	2.0	3	22.3	6.0	7	岩田望来	55.0	芝1400		良	**	1:22.0	0.6	**	3-3	35.6-33.6	33.9	426(-4)			タイセイカレント		202505050212
2022105623	2025-12-27	5中山7	曇	9.0	ベストウィッシュC(2勝クラス)		16	7.0	13	7.6	3.0	3	岩田望来	55.0	芝1200		良	**	1:08.5	0.7	**	3-4	33.2-34.6	34.8	426(0)			アンビバレント	395.2	202506050709
2022105623	2026-01-17	1中山6	晴	12.0	4歳以上2勝クラス		16	3.0	6	4.9	2.0	5	小林美駒	53.0	芝1200		良	**	1:08.3	0.3	**	1-1	34.3-33.7	34.0	424(-2)			カンシン	119.0	202606010612
2022105936	2025-02-02	1東京2	小雨	4.0	3歳新馬		16	1.0	1	9.3	3.0	1	横山典弘	57.0	ダ1600		稍	**	1:41.1	-0.1	**	3-3	35.3-38.5	38.2	510(0)			(シークザドリーム)	620.0	202505010204
2022105936	2025-03-02	2中山2	晴	6.0	3歳1勝クラス		16	4.0	7	78.6	13.0	13	横山典弘	57.0	ダ1800		良	**	1:56.1	2.2	**	12-12-14-14	37.3-38.1	38.8	506(-4)			アメージング		202506020206
2022105936	2025-03-23	1阪神8	晴	6.0	3歳1勝クラス		16	1.0	2	124.4	14.0	10	横山典弘	57.0	ダ1800		良	**	1:56.4	3.0	**	14-13-13-14	37.8-38.5	39.8	508(+2)			カナルビーグル		202509010806
2022105936	2025-11-08	3福島1	晴	12.0	3歳以上1勝クラス		15	8.0	15	37.9	11.0	15	丸山元気	56.0	ダ1700		良	**	1:50.0	4.1	**	2-4-6-11	30.0-38.5	42.1	510(+2)			タイセイマンボ		202503030112
2022105936	2025-12-06	5中京1	晴	6.0	3歳以上1勝クラス		16	6.0	11	90.8	11.0	14	丸山元気	57.0	ダ1900		良	**	2:04.3	4.1	**	13-15-4-5	30.8-37.8	41.7	512(+2)			スマートシーカー		202507050106
2022105936	2025-12-28	5阪神8	晴	7.0	3歳以上1勝クラス		16	2.0	3	257.7	16.0	11	古川吉洋	57.0	ダ1400		良	**	1:25.7	1.8	**	16-15	34.3-37.3	37.5	514(+2)			ニューオーリンズ		202509050807
2022105936	2026-01-17	1京都6	晴	7.0	4歳以上1勝クラス		15	8.0	15	142.6	13.0	14	古川吉洋	57.0	ダ1400		良	**	1:27.1	2.1	**	14-14	36.0-36.6	37.4	516(+2)			レーティッシュ		202608010607
2022106122	2024-12-22	5中山8	晴	5.0	2歳新馬		16	4.0	7	59.1	10.0	13	内田博幸	55.0	ダ1200		良	**	1:18.1	4.9	**	4-9	35.2-38.0	42.5	440(0)			シュヴァルボヌール		202406050805
2022106122	2025-03-08	2中山3	曇	3.0	3歳未勝利		16	6.0	12	185.2	12.0	3	丹内祐次	55.0	ダ1200		重	**	1:12.9	1.4	**	4-3	34.8-36.7	37.8	432(-8)			チャロ	140.0	202506020303
2022106122	2025-03-30	3中山2	曇	2.0	3歳未勝利		16	4.0	7	29.0	7.0	2	丹内祐次	55.0	ダ1200		稍	**	1:12.7	0.2	**	2-2	34.2-38.3	38.3	438(+6)			エコロカディス	220.0	202506030202
2022106122	2025-04-19	1福島3	晴	1.0	3歳未勝利		16	7.0	14	2.8	1.0	1	丹内祐次	55.0	ダ1150		良	**	1:09.4	-0.1	**	4-4	31.6-37.8	37.2	438(0)			(メイショウホダワラ)	560.0	202503010301
2022106122	2025-11-22	3福島5	晴	2.0	3歳以上1勝クラス		16	1.0	2	12.3	6.0	2	丹内祐次	55.0	ダ1150		良	**	1:09.8	0.2	**	1-1	31.9-37.7	37.9	462(+24)			ビーアイフォルテ	320.0	202503030502
2022106122	2025-12-20	5中山5	曇	8.0	3歳以上1勝クラス		16	4.0	7	8.3	3.0	9	丹内祐次	55.0	ダ1200		良	**	1:12.4	1.9	**	3-3	33.6-36.9	38.2	456(-6)			ダンケルド		202506050508
2022106122	2026-01-17	1中山6	晴	6.0	4歳以上1勝クラス		16	5.0	10	10.1	4.0	15	丹内祐次	56.0	ダ1200		良	**	1:13.3	1.4	**	2-3	34.3-37.6	38.8	454(-2)			メッエフアパラ		202606010606
2022106324	2024-12-07	4中京3	曇	5.0	2歳新馬		16	7.0	13	8.7	5.0	6	岩田望来	55.0	ダ1400		良	**	1:26.6	1.4	**	2-2	35.8-37.2	38.5	440(0)			トゥロン		202407040305
2022106324	2025-04-08	川崎	晴	7.0	エイプリルフラワー賞(3歳)		12	4.0	4	3.0	2.0	1	斉藤新	54.0	ダ1400		稍	**	1:31.4	-0.6	**	6-5-4-4	39.5-40.2	39.8	433(-7)			(トーアジョウトウ)	250.0	202545040807
2022106324	2025-05-18	2東京8	曇	6.0	3歳1勝クラス		16	2.0	3	124.2	13.0	10	斎藤新	55.0	ダ1600		重	**	1:36.5	1.8	**	7-6	34.3-36.1	37.3	440(+7)			メモリアカフェ		202505020806
2022106324	2025-09-15	4中山5	曇	12.0	3歳以上1勝クラス		16	8.0	16	13.7	6.0	9	斎藤新	54.0	ダ1200		良	**	1:12.7	1.9	**	7-9	33.8-37.0	38.3	436(-4)			ワンダラー		202506040512
2022106324	2026-01-04	1中山1	晴	8.0	4歳以上1勝クラス		16	6.0	12	14.8	8.0	3	横山琉人	56.0	ダ1200		稍	**	1:12.1	0.0	**	12-12	33.8-38.3	37.1	450(+14)			ラヴァグロウ	210.0	202606010108
2022106324	2026-01-17	1中山6	晴	6.0	4歳以上1勝クラス		16	2.0	4	13.5	7.0	10	横山琉人	56.0	ダ1200		良	**	1:12.7	0.8	**	15-12	34.3-37.6	37.2	444(-6)			メッエフアパラ		202606010606
2022106541	2025-01-12	1中山4	曇	4.0	3歳新馬		16	2.0	3	82.5	13.0	2	佐々木大	57.0	ダ1800		良	**	1:55.9	1.5	**	7-8-7-6	37.4-38.1	38.5	436(0)			イムホテプ	250.0	202506010404
2022106541	2025-03-08	2中山3	曇	6.0	3歳未勝利		16	6.0	11	3.1	2.0	2	佐々木大	57.0	ダ1800		稍	**	1:55.5	0.0	**	6-7-6-6	38.1-38.6	38.2	432(-4)			プロスペクトパーク	220.0	202506020306
2022106541	2025-04-06	3中山4	曇	3.0	3歳未勝利		13	7.0	11	1.2	1.0	1	佐々木大	57.0	ダ1800		稍	**	1:54.9	-0.4	**	6-5-4-4	37.9-37.4	37.1	428(-4)			(キープオントップ)	560.0	202506030403
2022106541	2025-06-15	1函館2	曇	12.0	3歳以上1勝クラス		11	7.0	9	3.0	1.0	1	佐々木大	55.0	ダ1700		良	**	1:45.4	-0.2	**	5-4-5-4	29.9-37.6	37.4	430(+2)			(ドゥラリス)	800.0	202502010212
2022106541	2025-07-05	1函館7	晴	10.0	竜飛崎特別(2勝クラス)		14	3.0	3	6.8	2.0	5	佐々木大	55.0	ダ1700		重	**	1:43.7	0.9	**	4-3-4-4	29.3-37.3	37.8	436(+6)			ドバイブルース	155.0	202502010710
2022106541	2025-07-20	1函館12	晴	10.0	駒場特別(2勝クラス)		12	6.0	8	3.0	1.0	1	佐々木大	55.0	ダ1700		良	**	1:45.6	-0.1	**	5-5-4-3	30.4-37.7	37.3	436(0)			(プラムダンディ)	1577.3	202502011210
2022106541	2025-12-07	5中山2	晴	10.0	市川S(3勝クラス)		16	6.0	12	13.4	6.0	9	菊沢一樹	55.0	ダ1800		良	**	1:53.6	1.3	**	7-7-8-5	36.7-37.6	38.3	440(+4)			クラウンシエンタ		202506050210
2022106541	2026-01-17	1中山6	晴	10.0	アレキサンドライトS(3勝クラス)		16	7.0	13	16.7	7.0	10	佐々木大	55.0	ダ1800		良	**	1:53.8	1.6	**	12-12-13-11	37.4-37.5	37.6	440(0)			チュウワクリスエス		202606010610
2022106544	2024-12-14	5中山5	晴	5.0	2歳新馬		15	2.0	2	31.0	8.0	7	横山武史	56.0	芝2000		良	**	2:02.2	1.2	**	10-10-8-7	36.5-35.0	35.2	470(0)			トリプルコーク		202406050505
2022106544	2025-11-16	3福島4	晴	12.0	3歳以上1勝クラス		16	4.0	8	114.2	14.0	10	富田暁	56.0	芝2000		良	**	2:02.1	1.0	**	7-7-8-11	36.0-35.2	35.4	486(+16)			ファイナルヒート		202503030412
2022106544	2025-12-06	5中京1	晴	6.0	3歳以上1勝クラス		16	2.0	4	273.8	15.0	15	富田暁	57.0	ダ1900		良	**	2:04.7	4.5	**	6-6-7-8	30.8-37.8	41.8	484(-2)			スマートシーカー		202507050106
2022106544	2026-01-17	1中山6	晴	7.0	4歳以上1勝クラス		12	5.0	5	160.0	11.0	10	丸山元気	57.0	芝2200		良	**	2:13.6	1.6	**	9-10-10-11	36.6-35.6	36.2	488(+4)			クリフハンガー		202606010607
2022106597	2024-10-19	4東京5	晴	4.0	2歳新馬		16	7.0	13	10.6	4.0	7	石川裕紀	56.0	ダ1600		良	**	1:41.0	1.4	**	2-2	35.4-38.2	39.5	474(0)			レッドルイナール		202405040504
2022106597	2024-11-30	7京都1	晴	2.0	2歳未勝利		13	6.0	9	34.3	9.0	7	岩田望来	56.0	ダ1400		稍	**	1:28.4	1.8	**	11-11	36.3-37.7	37.5	482(+8)			セディバン		202408070102
2022106597	2024-12-15	7京都6	晴	2.0	2歳未勝利		16	2.0	4	64.9	8.0	12	岩田望来	56.0	ダ1400		良	**	1:29.7	3.9	**	3-5	35.7-37.5	41.1	474(-8)			シホノペルフェット		202408070602
2022106597	2025-02-19	笠松	晴	8.0	加納宿特別(3歳)		8	5.0	5	2.5	1.0	1	渡辺竜也	56.0	ダ1400		良	**	1:30.6	0.0	**	2-1-1		41.0	470(-4)			(アイビーガオー)	70.0	202547021908
2022106597	2025-06-21	3阪神5	晴	12.0	3歳以上1勝クラス		14	4.0	6	299.2	13.0	13	和田竜二	55.0	芝1600		良	**	1:35.7	1.9	**	11-11	34.7-35.4	36.2	470(0)			リカントロポ		202509030512
2022106597	2025-07-20	2福島8	晴	12.0	3歳以上1勝クラス		15	6.0	11	134.4	13.0	15	今村聖奈	53.0	ダ1700		良	**	1:50.9	5.5	**	11-11-14-14	30.9-37.1	40.9	470(0)			ブルータス		202503020812
2022106597	2025-08-30	4中京3	晴	12.0	3歳以上1勝クラス		12	3.0	3	321.6	12.0	9	小崎綾也	55.0	ダ1400		良	**	1:26.8	1.9	**	12-12	35.1-37.7	38.7	470(0)			エリカドリーム		202507040312
2022106597	2025-09-06	4阪神1	晴	12.0	3歳以上1勝クラス		13	1.0	1	232.1	12.0	10	角田大和	56.0	ダ1400		稍	**	1:26.3	1.7	**	3-4	35.1-36.9	38.4	468(-2)			リメンバーヒム		202509040112
2022106597	2026-01-17	1京都6	晴	7.0	4歳以上1勝クラス		15	7.0	14	576.1	15.0	15	小崎綾也	57.0	ダ1400		良	**	1:28.3	3.3	**	12-15	36.0-36.6	38.7	490(+22)			レーティッシュ		202608010607
2022106644	2024-08-25	2中京6	曇	5.0	2歳新馬		10	8.0	9	3.5	1.0	3	酒井学	55.0	芝2000		良	**	2:03.3	0.7	**	4-4-4-3	38.2-34.3	34.7	460(0)			クラウディアイ	180.0	202407020605
2022106644	2024-09-21	3中京6	晴	2.0	2歳未勝利		9	8.0	9	4.9	3.0	5	酒井学	55.0	芝2000		良	**	2:02.7	0.4	**	3-3-3-3	37.5-35.2	34.9	466(+6)			サンライズグラシア	55.0	202407030602
2022106644	2024-12-14	4中京5	晴	5.0	2歳未勝利		18	5.0	9	6.1	3.0	2	荻野極	56.0	芝2000		良	**	2:02.7	0.1	**	5-6-2-2	36.8-35.3	35.3	466(0)			ノラリクラリ	220.0	202407040505
2022106644	2025-01-06	1中京2	曇	5.0	3歳未勝利		18	7.0	14	11.9	5.0	6	酒井学	57.0	芝2000		良	**	2:04.0	1.1	**	3-4-5-6	37.2-35.2	35.8	470(+4)			ミラージュナイト		202507010205
2022106644	2025-07-06	2小倉4	晴	2.0	3歳未勝利		16	6.0	12	3.7	1.0	3	酒井学	57.0	ダ1700		良	**	1:48.1	0.1	**	5-5-3-2	29.2-40.8	40.4	486(+16)			ココデイック	140.0	202510020402
2022106644	2025-07-13	2小倉6	曇	3.0	3歳未勝利		16	8.0	15	5.3	3.0	5	酒井学	57.0	ダ1700		良	**	1:48.8	1.0	**	5-5-8-6	30.3-38.9	39.2	478(-8)			ハッコウイチウ	56.0	202510020603
2022106644	2025-08-10	3中京6	曇	2.0	3歳未勝利		15	7.0	13	3.1	1.0	1	武豊	57.0	ダ1800		良	**	1:54.9	-0.2	**	14-14-13-11	37.5-39.2	38.0	482(+4)			(イフウドウドウ)	560.0	202507030602
2022106644	2025-11-15	4京都3	晴	7.0	3歳以上1勝クラス		16	8.0	16	12.7	6.0	4	酒井学	56.0	ダ1800		良	**	1:52.5	0.6	**	8-8-7-5	35.8-37.1	37.1	496(+14)			アートレスマインド	120.0	202508040307
2022106644	2025-12-06	5中京1	晴	6.0	3歳以上1勝クラス		16	3.0	6	4.3	2.0	2	藤岡佑介	57.0	ダ1900		良	**	2:00.4	0.2	**	9-9-9-8	30.8-37.8	37.2	492(-4)			スマートシーカー	320.0	202507050106
2022106644	2026-01-17	1京都6	晴	8.0	4歳以上1勝クラス		8	8.0	8	2.6	2.0	1	藤岡佑介	57.0	ダ1800		良	**	1:52.8	-0.2	**	7-7-5-3	36.7-37.0	36.6	498(+6)			(ドラゴン)	820.0	202608010608
2022106669	2024-12-15	5中山6	晴	6.0	2歳新馬		16	5.0	9	3.7	2.0	3	石橋脩	56.0	ダ1200		良	**	1:13.6	0.5	**	9-10	34.8-38.3	37.3	462(0)			サヨノジャンボリー	180.0	202406050606
2022106669	2025-01-06	1中山2	曇	1.0	3歳未勝利		16	2.0	4	4.7	3.0	1	石橋脩	57.0	ダ1200		良	**	1:12.5	-0.1	**	6-5	34.2-38.3	37.5	462(0)			(イズルード)	560.0	202506010201
2022106669	2025-02-08	1東京3	晴	7.0	3歳1勝クラス		14	3.0	4	21.6	8.0	5	石川裕紀	57.0	ダ1400		良	**	1:27.4	1.1	**	12-10	35.2-38.6	37.9	466(+4)			アパッシメント	80.0	202505010307
2022106669	2025-04-20	2阪神8	曇	6.0	3歳1勝クラス		16	6.0	11	47.7	10.0	5	Ｍ．デム	57.0	ダ1200		良	**	1:13.2	0.5	**	12-8	35.1-37.6	37.2	464(-2)			フェデラー	80.0	202509020806
2022106669	2025-05-17	2東京7	雨	7.0	3歳1勝クラス		14	1.0	1	26.1	7.0	7	三浦皇成	57.0	ダ1400		不	**	1:24.3	1.5	**	9-10	34.2-36.3	36.4	470(+6)			ベンヌ		202505020707
2022106669	2025-06-01	2東京12	晴	5.0	3歳1勝クラス		11	1.0	1	27.4	7.0	8	三浦皇成	57.0	ダ1400		重	**	1:24.0	1.0	**	10-10	35.5-35.3	35.2	466(-4)			トリリオンボーイ		202505021205
2022106669	2025-12-06	5中山1	曇	7.0	3歳以上1勝クラス		16	2.0	3	7.7	3.0	4	鮫島克駿	57.0	ダ1200		良	**	1:12.1	0.9	**	4-4	33.9-37.3	37.4	480(+14)			タイセイピューマ	120.0	202506050107
2022106669	2025-12-28	5中山8	晴	7.0	3歳以上1勝クラス		16	4.0	8	6.4	3.0	3	三浦皇成	57.0	ダ1200		良	**	1:12.6	0.6	**	5-5	34.4-37.6	37.6	482(+2)			タイセイルヴァン	200.0	202506050807
2022106669	2026-01-17	1中山6	晴	6.0	4歳以上1勝クラス		16	1.0	1	11.1	5.0	6	三浦皇成	58.0	ダ1200		良	**	1:12.4	0.5	**	12-8	34.3-37.6	37.2	486(+4)			メッエフアパラ		202606010606
2022106800	2024-09-22	4中山7	曇	5.0	2歳新馬		14	2.0	2	3.7	2.0	10	丹内祐次	55.0	芝1800		良	**	1:52.5	2.6	**	7-7-6-8	37.3-34.8	37.0	480(0)			テリオスルナ		202406040705
2022106800	2025-02-23	1東京8	晴	4.0	3歳未勝利		15	2.0	4	40.4	10.0	2	キング	57.0	芝1800		良	**	1:48.5	0.1	**	1-1-1	37.0-34.1	34.2	488(+8)			モティスフォント	220.0	202505010804
2022106800	2025-03-15	2中山5	曇	6.0	3歳未勝利		16	6.0	11	11.0	4.0	9	丹内祐次	57.0	芝1800		良	**	1:50.0	1.1	**	2-3-2-2	36.7-35.6	36.5	488(0)			グロスビーク		202506020506
2022106800	2025-04-27	2東京2	晴	5.0	3歳未勝利		14	7.0	11	7.1	3.0	3	横山武史	57.0	芝1800		良	**	1:47.3	0.9	**	1-2-2	35.8-34.6	35.4	482(-6)			アールヴィヴァン	140.0	202505020205
2022106800	2025-05-18	2東京8	晴	4.0	3歳未勝利		14	1.0	1	2.8	2.0	4	横山武史	57.0	芝1800		稍	**	1:48.5	0.7	**	2-2-2	36.0-33.7	34.3	486(+4)			フェンスブレイカー	84.0	202505020804
2022106800	2025-06-08	3東京2	曇	3.0	3歳未勝利		17	2.0	4	3.4	2.0	1	横山武史	57.0	芝1800		良	**	1:47.7	0.0	**	1-1-1	36.1-35.0	35.0	488(+2)			(マイネルアレス)	560.0	202505030203
2022106800	2025-12-27	5中山7	曇	7.0	3歳以上1勝クラス		18	2.0	3	34.7	11.0	16	丹内祐次	56.0	芝2200		良	**	2:16.3	1.6	**	2-2-1-1	36.0-35.9	37.5	496(+8)			ウィッシュツリー		202506050707
2022106800	2026-01-17	1中山6	晴	7.0	4歳以上1勝クラス		12	4.0	4	30.2	8.0	11	丹内祐次	57.0	芝2200		良	**	2:14.0	2.0	**	1-1-1-1	36.6-35.6	37.6	496(0)			クリフハンガー		202606010607
2022106998	2024-10-26	5京都7	曇	4.0	2歳新馬		16	5.0	9	15.2	4.0	4	藤岡佑介	56.0	ダ1400		良	**	1:26.6	1.1	**	9-10	35.8-37.2	37.4	454(0)			ヴィリアリート	110.0	202408050704
2022106998	2024-11-17	6京都6	曇	2.0	2歳未勝利		12	3.0	3	3.9	3.0	4	藤岡佑介	56.0	ダ1800		良	**	1:56.1	2.5	**	12-12-5-4	36.8-37.6	39.4	460(+6)			チュウジョウ	83.0	202408060602
2022106998	2024-12-08	7京都4	晴	1.0	2歳未勝利		11	6.0	7	8.8	4.0	4	藤岡佑介	56.0	ダ1400		良	**	1:27.1	1.6	**	10-9	35.2-37.7	38.4	462(+2)			ベルジュロネット	83.0	202408070401
2022106998	2025-02-01	1京都1	晴	3.0	3歳未勝利		15	3.0	4	19.3	6.0	2	池添謙一	57.0	ダ1400		良	**	1:25.8	0.3	**	4-3	36.0-37.2	37.1	460(-2)			ハクサンアイリス	220.0	202508010103
2022106998	2025-02-16	1京都6	曇	3.0	3歳未勝利		16	5.0	9	2.8	2.0	1	池添謙一	57.0	ダ1400		稍	**	1:26.8	-0.3	**	6-3	35.8-38.2	37.7	460(0)			(モズケイスター)	560.0	202508010603
2022106998	2025-03-23	2中山8	晴	8.0	3歳1勝クラス		15	8.0	15	32.0	9.0	6	大野拓弥	57.0	ダ1200		良	**	1:12.5	1.3	**	9-9	33.8-37.4	37.7	462(+2)			アスタールフナ		202506020808
2022106998	2025-04-26	2東京1	曇	6.0	3歳1勝クラス		16	4.0	7	163.0	12.0	11	田辺裕信	57.0	ダ1600		稍	**	1:37.6	0.4	**	15-15	35.4-36.5	35.7	460(-2)			トルショー		202505020106
2022106998	2025-11-16	3福島4	晴	3.0	3歳以上1勝クラス		15	5.0	8	11.7	4.0	5	永島まな	54.0	ダ1700		良	**	1:46.9	0.9	**	14-14-14-14	29.2-38.7	37.9	468(+8)			ユウェンタース	80.0	202503030403
2022106998	2025-11-30	4京都8	晴	4.0	3歳以上1勝クラス		16	4.0	7	21.0	7.0	6	永島まな	55.0	ダ1400		良	**	1:26.1	0.9	**	14-11	34.6-38.0	37.8	466(-2)			アンビシャスヨシノ		202508040804
2022106998	2026-01-17	1京都6	晴	7.0	4歳以上1勝クラス		15	7.0	13	19.5	6.0	4	池添謙一	57.0	ダ1400		良	**	1:25.6	0.6	**	10-9	36.0-36.6	36.2	462(-4)			レーティッシュ	120.0	202608010607
2022110015	2024-06-16	3東京6	晴	5.0	2歳新馬		12	7.0	9	1.6	1.0	1	ルメール	55.0	芝1400		良	**	1:22.1	-0.1	**	2-2	35.5-34.7	34.5	458(0)			(ダノンブランニュー)	720.0	202405030605
2022110015	2024-08-04	2新潟4	晴	11.0	ダリア賞(OP)		9	8.0	8	1.9	1.0	1	ルメール	55.0	芝1400		良	**	1:21.6	-0.1	**	5-4	34.4-35.4	35.1	466(+8)			(セイウンビッグバン)	1620.3	202404020411
2022110015	2025-02-01	1東京1	晴	10.0	クロッカスS(L)		7	1.0	1	2.1	1.0	3	戸崎圭太	55.0	芝1400		良	**	1:23.3	0.4	**	5-5	36.7-33.6	33.2	474(+8)			クラスペディア	502.5	202505010110
2022110015	2025-04-12	3中山5	晴	11.0	ニュージーランドT(GII)		14	7.0	12	6.4	3.0	4	モレイラ	55.0	芝1600		良	**	1:32.6	0.2	**	8-8-7	34.3-34.7	33.6	464(-10)			イミグラントソング	810.0	202506030511
2022110015	2025-06-21	3東京5	晴	10.0	相模湖特別(2勝クラス)		14	4.0	5	2.3	1.0	7	ディー	53.0	芝1400		良	**	1:21.7	0.6	**	5-5	34.7-35.0	35.0	468(+4)			トラペジスト		202505030510
2022110015	2025-09-27	4中山8	晴	10.0	勝浦特別(2勝クラス)		16	6.0	11	4.3	3.0	15	ルメール	54.0	芝1200		良	**	1:08.8	1.2	**	10-12	33.8-33.8	34.2	474(+6)			ソーダーンライト		202506040810
2022110015	2025-11-23	5東京5	曇	12.0	3歳以上2勝クラス		18	3.0	5	20.1	7.0	5	舟山瑠泉	52.0	芝1400		良	**	1:20.8	0.3	**	6-5	35.0-33.8	33.5	474(0)			アニトラ	114.0	202505050512
2022110015	2026-01-17	1中山6	晴	12.0	4歳以上2勝クラス		16	1.0	1	12.2	6.0	9	舟山瑠泉	53.0	芝1200		良	**	1:08.4	0.4	**	10-8	34.3-33.7	33.4	474(0)			カンシン		202606010612
2022110063	2024-06-16	4京都6	晴	5.0	2歳新馬		10	7.0	7	29.7	7.0	5	西村淳也	55.0	芝1600		良	**	1:37.3	0.8	**	5-3	37.0-34.1	34.6	428(0)			トータルクラリティ	72.0	202408040605
2022110063	2024-09-07	3中京1	晴	1.0	2歳未勝利		10	4.0	4	2.4	1.0	1	西村淳也	55.0	ダ1400		良	**	1:24.8	-0.4	**	2-2	35.2-37.5	37.4	430(+2)			(ボル)	550.0	202407030101
2022110063	2024-10-20	5京都6	晴	8.0	なでしこ賞(1勝クラス)		11	8.0	11	6.8	4.0	2	鮫島克駿	55.0	ダ1400		稍	**	1:26.4	0.3	**	6-6	34.5-39.1	38.6	440(+10)			コスモストーム	436.6	202408050608
2022110063	2024-12-15	4中京6	晴	9.0	寒椿賞(1勝クラス)		7	2.0	2	5.1	3.0	5	鮫島克駿	55.0	ダ1400		良	**	1:26.0	1.1	**	3-3	36.0-36.4	37.2	434(-6)			ポールセン	107.0	202407040609
2022110063	2025-02-16	1京都6	曇	4.0	3歳1勝クラス		11	7.0	9	20.9	6.0	3	西村淳也	55.0	ダ1400		稍	**	1:26.0	1.1	**	5-5	35.4-37.0	37.6	438(+4)			ピエマンソン	200.0	202508010604
2022110063	2025-03-02	1阪神2	小雨	4.0	3歳1勝クラス		16	7.0	14	17.8	5.0	6	坂井瑠星	55.0	ダ1200		良	**	1:13.5	1.0	**	14-12	35.6-36.9	36.8	436(-2)			ヤマニンチェルキ		202509010204
2022110063	2025-05-04	2東京4	晴	6.0	3歳1勝クラス		16	7.0	13	9.2	4.0	3	坂井瑠星	55.0	ダ1400		稍	**	1:24.8	0.8	**	5-4	35.1-36.9	37.3	432(-4)			ハリーケーン	200.0	202505020406
2022110063	2025-07-12	2小倉5	晴	8.0	3歳以上1勝クラス		16	5.0	10	14.0	7.0	10	坂井瑠星	53.0	ダ1700		良	**	1:47.8	1.5	**	2-2-2-2	29.7-39.0	40.3	440(+8)			バッケンレコード		202510020508
2022110063	2025-09-06	4阪神1	晴	12.0	3歳以上1勝クラス		13	3.0	3	5.9	3.0	2	坂井瑠星	54.0	ダ1400		稍	**	1:25.0	0.4	**	1-1	35.1-36.9	37.3	438(-2)			リメンバーヒム	320.0	202509040112
2022110063	2025-11-23	4京都6	晴	6.0	3歳以上1勝クラス		16	1.0	1	17.6	6.0	13	西村淳也	55.0	ダ1400		良	**	1:26.4	2.3	**	1-1	34.9-37.1	39.4	448(+10)			ポッドドンナー		202508040606
2022110063	2026-01-17	1京都6	晴	7.0	4歳以上1勝クラス		15	4.0	7	7.0	3.0	6	田山旺佑	52.0	ダ1400		良	**	1:25.8	0.8	**	3-4	36.0-36.6	37.0	444(-4)			レーティッシュ		202608010607
2022110066	2024-07-28	2新潟2	曇	3.0	2歳新馬		9	1.0	1	6.9	4.0	8	Ｍ．デム	55.0	芝1800		良	**	1:49.9	1.3	**	8-8	36.5-34.2	34.4	462(0)			ディアナザール		202404020203
2022110066	2024-09-16	3中京5	晴	3.0	2歳未勝利		12	1.0	1	10.2	4.0	3	鮫島克駿	55.0	芝2000		良	**	2:01.6	0.1	**	2-2-2-2	35.9-35.9	35.8	468(+6)			サトノクローザー	140.0	202407030503
2022110066	2024-10-05	5京都1	晴	3.0	2歳未勝利		8	8.0	8	5.3	3.0	5	鮫島克駿	55.0	芝1800		良	**	1:48.0	1.2	**	3-3	36.2-34.6	35.5	468(0)			ミュージアムマイル	55.0	202408050103
2022110066	2024-12-01	4中京2	晴	4.0	2歳未勝利		15	3.0	4	7.1	4.0	1	ルメール	55.0	芝1600		良	**	1:34.9	-0.5	**	1-1-1	36.0-34.4	34.4	470(+2)			(シドニーホバート)	550.0	202407040204
2022110066	2025-01-13	1中京5	晴	11.0	日刊スポシンザン記念(GIII)		15	7.0	12	51.4	10.0	8	坂井瑠星	55.0	芝1600		良	**	1:36.1	1.5	**	4-2-2	35.1-35.8	37.3	470(0)			リラエンブレム		202507010511
2022110066	2025-02-10	1京都3	晴	10.0	エルフィンS(L)		9	1.0	1	35.8	5.0	3	西村淳也	55.0	芝1600		良	**	1:36.0	0.7	**	1-1	35.3-34.8	35.5	464(-6)			ヴーレヴー	503.2	202508010310
2022110066	2025-04-26	2京都1	晴	7.0	3歳1勝クラス		12	1.0	1	7.2	4.0	10	鮫島克駿	55.0	ダ1800		良	**	1:55.4	2.7	**	2-2-2-2	35.9-38.3	40.9	466(+2)			ロードラビリンス		202508020107
2022110066	2025-10-12	3京都4	曇	12.0	3歳以上1勝クラス		18	2.0	3	10.9	6.0	7	鮫島克駿	54.0	芝1600		良	**	1:33.3	0.6	**	5-6	34.4-34.3	34.0	484(+18)			ワンモアスマイル		202508030412
2022110066	2025-10-26	4東京9	曇	8.0	3歳以上1勝クラス		15	1.0	1	20.5	6.0	1	石川裕紀	54.0	芝1600		稍	**	1:34.2	-0.1	**	1-1	36.0-33.7	33.7	478(-6)			(サンタンカ)	800.0	202505040908
2022110066	2025-12-21	5中山6	雨	12.0	3歳以上2勝クラス		16	3.0	5	6.6	4.0	8	石川裕紀	55.0	芝1600		重	**	1:35.2	0.7	**	3-4-3	35.5-35.8	36.1	478(0)			メタルスピード		202506050612
2022110066	2026-01-17	1京都6	晴	12.0	4歳以上2勝クラス		18	8.0	16	11.5	7.0	13	西村淳也	55.0	芝1600		良	**	1:35.1	1.6	**	2-2	35.2-34.5	35.9	476(-2)			カズミクラーシュ		202608010612
2022110152	2024-10-27	4東京8	晴	4.0	2歳新馬		16	6.0	11	11.1	5.0	4	三浦皇成	56.0	ダ1600		良	**	1:40.2	1.3	**	4-3	36.4-37.3	38.0	510(0)			タガノバビロン	110.0	202405040804
2022110152	2024-11-16	6京都5	曇	3.0	2歳未勝利		13	4.0	5	4.3	3.0	6	Ｃ．デム	56.0	ダ1400		良	**	1:27.2	1.7	**	4-6	34.3-38.7	40.0	510(0)			ピエマンソン		202408060503
2022110152	2025-01-12	1中京4	曇	2.0	3歳未勝利		16	5.0	10	7.9	5.0	1	坂井瑠星	57.0	ダ1400		良	**	1:25.5	-1.0	**	2-1	35.0-38.2	38.2	514(+4)			(バルミラクル)	560.0	202507010402
2022110152	2025-02-08	1東京3	晴	7.0	3歳1勝クラス		14	6.0	9	6.1	5.0	3	津村明秀	57.0	ダ1400		良	**	1:26.5	0.2	**	2-2	35.2-38.6	38.6	504(-10)			アパッシメント	200.0	202505010307
2022110152	2025-04-13	2阪神6	小雨	5.0	3歳1勝クラス		16	8.0	15	14.3	8.0	14	坂井瑠星	57.0	ダ1400		良	**	1:26.8	2.1	**	1-1	34.0-38.3	40.4	508(+4)			アローオブライト		202509020605
2022110152	2025-05-17	2東京7	雨	7.0	3歳1勝クラス		14	7.0	12	8.5	4.0	2	石川裕紀	57.0	ダ1400		不	**	1:23.9	1.1	**	4-2	34.2-36.3	36.9	504(-4)			ベンヌ	320.0	202505020707
2022110152	2025-06-01	2東京12	晴	5.0	3歳1勝クラス		11	3.0	3	3.1	2.0	2	レーン	57.0	ダ1400		重	**	1:23.1	0.1	**	1-1	35.5-35.3	35.4	500(-4)			トリリオンボーイ	320.0	202505021205
2022110152	2025-08-24	4中京2	晴	12.0	3歳以上1勝クラス		14	5.0	8	2.0	1.0	3	川田将雅	55.0	ダ1400		良	**	1:24.8	0.2	**	2-2	34.3-38.4	38.5	516(+16)			ダイシンリンク	200.0	202507040212
2022110152	2025-09-06	4阪神1	晴	12.0	3歳以上1勝クラス		13	5.0	7	1.7	1.0	5	川田将雅	56.0	ダ1400		稍	**	1:25.6	1.0	**	6-6	35.1-36.9	37.4	512(-4)			リメンバーヒム	80.0	202509040112
2022110152	2025-10-11	3京都3	晴	12.0	3歳以上1勝クラス		16	5.0	10	7.9	4.0	7	岩田望来	56.0	ダ1400		良	**	1:24.3	1.1	**	7-6	34.3-37.2	37.7	512(0)			ゴールデンカイト		202508030312
2022110152	2025-12-07	5中京2	晴	6.0	3歳以上1勝クラス		16	7.0	14	3.1	1.0	5	川田将雅	57.0	ダ1400		良	**	1:25.0	0.4	**	6-6	34.6-38.1	38.0	512(0)			カレンワッツアップ	80.0	202507050206
2022110152	2025-12-20	5中京5	小雨	7.0	3歳以上1勝クラス		15	6.0	12	5.1	2.0	2	吉田隼人	57.0	ダ1400		稍	**	1:25.4	0.1	**	5-5	35.6-37.2	36.9	510(-2)			ペイドラロワール	320.0	202507050507
2022110152	2026-01-17	1京都6	晴	7.0	4歳以上1勝クラス		15	5.0	9	4.5	2.0	1	川田将雅	57.0	ダ1400		良	**	1:25.0	-0.2	**	3-2	36.0-36.6	36.2	514(+4)			(モズケイスター)	820.0	202608010607
2023100102	2025-06-28	2福島1	晴	5.0	2歳新馬		8	2.0	2	4.1	3.0	2	内田博幸	55.0	芝1200		良	**	1:09.7	0.0	**	1-1	34.0-35.7	35.7	486(0)			メーゼ	300.0	202503020105
2023100102	2025-07-13	2福島6	晴	1.0	2歳未勝利		9	8.0	8	1.1	1.0	2	内田博幸	55.0	芝1200		良	**	1:12.9	1.2	**	1-1	34.7-37.0	38.2	488(+2)			フォトンゲイザー	220.0	202503020601
2023100102	2025-08-02	2新潟3	晴	3.0	2歳未勝利		12	5.0	6	2.3	1.0	8	内田博幸	55.0	芝1000		良	**	0:56.7	1.5	**	2	32.9-32.8	34.2	484(-4)			プリティーミズホ		202504020303
2023100102	2025-10-25	4新潟3	晴	1.0	2歳未勝利		15	4.0	7	11.3	5.0	12	石神深道	53.0	芝1200		良	**	1:10.9	0.8	**	1-1	34.3-35.8	36.6	494(+10)			ラテラルパーム		202504040301
2023100102	2025-11-30	4京都8	晴	1.0	2歳未勝利		16	4.0	7	7.7	4.0	3	内田博幸	56.0	ダ1200		良	**	1:13.3	0.2	**	3-3	35.6-37.5	37.4	500(+6)			ジャンシ	140.0	202508040801
2023100102	2025-12-28	5中山8	晴	1.0	2歳未勝利		16	7.0	14	3.2	2.0	2	内田博幸	56.0	ダ1200		良	**	1:13.6	0.5	**	1-1	34.1-39.0	39.5	506(+6)			ピュール	220.0	202506050801
2023100102	2026-01-17	1中山6	晴	1.0	3歳未勝利		16	5.0	9	5.7	3.0	2	内田博幸	57.0	ダ1200		良	**	1:13.1	0.1	**	3-3	34.4-38.6	38.4	510(+4)			サントマーレ	240.0	202606010601
2023100145	2025-06-21	3東京5	晴	5.0	2歳新馬		12	4.0	4	18.9	7.0	8	横山典弘	55.0	芝1800		良	**	1:50.1	2.3	**	11-11-10	36.3-34.7	34.8	464(0)			モノポリオ		202505030505
2023100145	2025-11-08	3福島1	晴	3.0	2歳未勝利		15	8.0	15	5.1	2.0	1	角田大和	56.0	ダ1700		良	**	1:46.5	-0.2	**	2-2-2-2	30.3-38.9	38.8	474(+10)			(ハグレジョー)	560.0	202503030103
2023100145	2026-01-17	1京都6	晴	6.0	3歳1勝クラス		8	3.0	3	9.1	5.0	3	角田大和	57.0	ダ1800		良	**	1:54.2	0.6	**	3-5-3-3	37.7-36.5	36.8	474(0)			トリグラフヒル	210.0	202608010606
2023100230	2025-12-14	5中京4	曇	5.0	2歳新馬		13	4.0	5	6.5	3.0	3	斎藤新	56.0	ダ1800		稍	**	1:57.8	2.1	**	6-6-6-5	38.3-38.2	39.2	464(0)			ウルフ	190.0	202507050405
2023100230	2026-01-05	1京都2	晴	2.0	3歳未勝利		16	2.0	3	33.5	8.0	4	斎藤新	57.0	ダ1900		良	**	2:01.7	0.8	**	5-3-3-3	30.4-38.5	39.1	466(+2)			エドウィンナルコ	89.0	202608010202
2023100230	2026-01-17	1京都6	晴	3.0	3歳未勝利		13	6.0	8	5.5	3.0	3	斎藤新	57.0	ダ1900		良	**	2:02.7	0.6	**	6-6-3-3	30.4-38.6	38.6	464(-2)			テスタヴェローチェ	150.0	202608010603
2023100312	2025-12-06	5中山1	晴	5.0	2歳新馬		18	8.0	17	372.0	18.0	10	北村宏司	55.0	芝2000		良	**	2:02.7	1.6	**	17-16-17-17	36.4-34.9	34.4	438(0)			ゴディアーモ		202506050105
2023100312	2026-01-17	1中山6	晴	5.0	3歳未勝利		18	7.0	15	323.9	16.0	12	石橋脩	55.0	芝2000		良	**	2:01.4	0.7	**	7-7-12-10	35.6-35.5	35.3	432(-6)			レダアトミカ		202606010605
2023100325	2025-10-19	4新潟2	曇	5.0	2歳新馬		18	2.0	4	44.4	13.0	10	小林凌大	56.0	芝1400		稍	**	1:24.8	1.1	**	11-11	35.7-35.9	36.0	466(0)			ヘルモソブレード		202504040205
2023100325	2025-10-25	4東京8	小雨	3.0	2歳未勝利		9	2.0	2	135.1	7.0	7	石川裕紀	56.0	芝1800		良	**	1:50.5	1.9	**	2-2-2	35.7-35.0	36.5	466(0)			ノーウェアマン		202505040803
2023100325	2025-12-14	5中山4	雨	1.0	2歳未勝利		15	4.0	7			除	荻野極	56.0	ダ1200		稍	**			**		34.2-38.7		466(0)			ヴェネチアンキング		202506050401
2023100325	2025-12-28	5中山8	晴	1.0	2歳未勝利		16	7.0	13	23.8	7.0	14	舟山瑠泉	53.0	ダ1200		良	**	1:15.0	1.9	**	4-6	34.1-39.0	40.5	466(0)			ピュール		202506050801
2023100325	2026-01-17	1中山6	晴	2.0	3歳未勝利		16	5.0	9	114.4	10.0	中	石川裕紀	57.0	ダ1800		良	**			**		37.7-39.6		464(-2)			ウリズンベー		202606010602
2023100392	2025-12-14	5阪神4	晴	4.0	2歳新馬		11	7.0	8	20.1	5.0	9	横山武史	55.0	芝1400		稍	**	1:23.4	1.4	**	2-2	34.8-35.4	36.8	490(0)			テイエムスティール		202509050404
2023100392	2025-12-27	5阪神7	晴	1.0	2歳未勝利		15	5.0	9	21.9	6.0	6	西塚洸二	54.0	ダ1200		稍	**	1:14.2	1.4	**	8-9	35.5-37.3	37.9	486(-4)			ファイブタンゴ		202509050701
2023100392	2026-01-17	1京都6	晴	1.0	3歳未勝利		10	1.0	1	144.5	7.0	6	西塚洸二	54.0	ダ1800		良	**	1:57.3	2.8	**	1-1-1-2	37.0-37.9	40.7	484(-2)			リアライズグリント		202608010601
2023100395	2025-11-30	4京都8	晴	6.0	2歳新馬		8	1.0	1	48.4	7.0	6	松本大輝	54.0	芝2000		良	**	2:04.1	1.8	**	7-6-5-6	37.3-34.9	36.2	444(0)			パラディオン		202508040806
2023100395	2026-01-17	1京都6	晴	5.0	3歳未勝利		18	8.0	16	355.3	15.0	13	松本大輝	54.0	芝2000		良	**	2:03.5	2.4	**	15-16-15-16	34.8-36.8	37.3	440(-4)			ラコンチャビエン		202608010605
2023100452	2025-06-22	3阪神6	晴	6.0	2歳新馬		16	2.0	4	40.3	10.0	8	吉村誠之	54.0	ダ1200		良	**	1:15.9	1.5	**	16-16	36.0-38.4	38.1	460(0)			シュテフィ		202509030606
2023100452	2025-10-05	3京都2	小雨	1.0	2歳未勝利		16	1.0	2	38.9	8.0	13	鮫島克駿	56.0	ダ1400		重	**	1:27.3	2.8	**	7-7	34.9-37.1	39.4	496(+36)			サヨノパララックス		202508030201
2023100452	2025-10-18	3京都6	曇	1.0	2歳未勝利		9	1.0	1	94.4	9.0	4	鮫島克駿	56.0	ダ1400		稍	**	1:25.7	0.5	**	4-4	34.7-38.1	38.1	492(-4)			エシェックオロワ	84.0	202508030601
2023100452	2025-11-01	3京都10	晴	1.0	2歳未勝利		13	1.0	1	47.7	7.0	6	鮫島克駿	56.0	ダ1200		不	**	1:12.6	0.7	**	10-8	35.5-36.4	36.2	492(0)			メイショウテリオス		202508031001
2023100452	2026-01-04	1京都1	晴	1.0	3歳未勝利		16	2.0	4	20.8	7.0	6	鮫島克駿	57.0	ダ1200		良	**	1:13.6	0.4	**	10-9	36.2-37.0	36.5	490(-2)			リーグナイト		202608010101
2023100452	2026-01-17	1京都6	晴	2.0	3歳未勝利		16	8.0	16	5.9	4.0	5	斎藤新	57.0	ダ1200		良	**	1:14.2	0.5	**	12-9	35.7-38.0	37.1	478(-12)			グラスゴー	59.0	202608010602
2023100530	2025-11-09	4京都2	雨	4.0	2歳新馬		16	7.0	14	177.0	16.0	16	和田竜二	56.0	ダ1400		稍	**	1:28.5	3.6	**	14-15	35.8-36.9	38.5	502(0)			ヒルノプーリア		202508040204
2023100530	2025-11-23	4京都6	晴	1.0	2歳未勝利		14	4.0	6	450.8	12.0	13	田山旺佑	53.0	ダ1400		良	**	1:29.2	4.2	**	11-12	35.0-37.6	40.7	504(+2)			ホットシート		202508040601
2023100530	2026-01-11	1京都4	曇	3.0	3歳未勝利		16	5.0	9	370.0	16.0	14	和田陽希	54.0	ダ1400		良	**	1:29.6	3.5	**	5-6	35.5-38.1	41.1	500(-4)			ウルスツイスター		202608010403
2023100530	2026-01-17	1京都6	晴	3.0	3歳未勝利		13	1.0	1	396.8	13.0	8	和田陽希	54.0	ダ1900		良	**	2:04.3	2.2	**	10-12-12-12	30.4-38.6	39.1	494(-6)			テスタヴェローチェ		202608010603
2023100533	2026-01-17	1中山6	晴	3.0	3歳新馬		16	5.0	10	84.8	14.0	6	北村宏司	57.0	ダ1800		良	**	1:57.3	0.4	**	2-4-3-3	38.4-40.2	40.3	498(0)			ガムラスタン		202606010603
2023100732	2025-10-18	3京都6	小雨	5.0	2歳新馬		13	8.0	12	4.1	3.0	8	西村淳也	55.0	芝1600		良	**	1:36.5	1.7	**	3-3	36.1-34.6	36.1	462(0)			スウィートハピネス		202508030605
2023100732	2025-12-20	5中京5	曇	4.0	2歳未勝利		16	1.0	2	16.9	8.0	6	吉田隼人	55.0	芝1600		稍	**	1:35.8	0.5	**	3-3-5	35.2-35.7	35.8	466(+4)			アンディムジーク		202507050504
2023100732	2026-01-17	1京都6	晴	5.0	3歳未勝利		18	7.0	15	92.5	9.0	16	吉村誠之	55.0	芝2000		良	**	2:04.0	2.9	**	3-4-5-5	34.8-36.8	39.2	470(+4)			ラコンチャビエン		202608010605
2023100760	2025-06-28	2福島1	晴	6.0	2歳新馬		11	6.0	6	36.5	7.0	5	石神深道	52.0	ダ1150		良	**	1:11.2	0.8	**	4-4	32.3-38.1	38.5	460(0)			セイカミナミホリエ	75.0	202503020106
2023100760	2026-01-17	1中山6	晴	1.0	3歳未勝利		16	2.0	3	43.5	8.0	14	小林美駒	54.0	ダ1200		良	**	1:15.7	2.7	**	9-10	34.4-38.6	40.3	468(+8)			サントマーレ		202606010601
2023100850	2026-01-17	1京都6	晴	4.0	3歳新馬		16	8.0	15	40.7	9.0	14	井上敏樹	55.0	ダ1400		良	**	1:30.2	3.2	**	9-12	36.4-37.5	39.9	448(0)			ホウショウルクス		202608010604
2023100925	2025-06-15	3東京4	曇	5.0	2歳新馬		10	7.0	8	3.5	2.0	4	横山琉人	54.0	芝1600		稍	**	1:37.7	2.0	**	8-7	36.4-34.8	36.1	480(0)			リアライズシリウス	110.0	202505030405
2023100925	2025-07-05	2福島3	曇	3.0	2歳未勝利		9	6.0	6	2.0	1.0	7	戸崎圭太	55.0	芝1800		稍	**	1:52.4	1.3	**	3-3-3-2	36.5-36.7	37.7	480(0)			ルージュカルデア		202503020303
2023100925	2026-01-05	1中山2	晴	6.0	3歳未勝利		18	4.0	7	31.4	9.0	3	三浦皇成	57.0	芝2000		良	**	2:01.3	0.2	**	12-9-9-6	35.5-36.1	35.6	492(+12)			イモータリス	150.0	202606010206
2023100925	2026-01-17	1中山6	晴	5.0	3歳未勝利		18	8.0	16	6.7	2.0	8	丹内祐次	57.0	芝2000		良	**	2:01.1	0.4	**	3-3-3-2	35.6-35.5	35.7	486(-6)			レダアトミカ		202606010605
2023100928	2025-10-26	4新潟4	雨	5.0	2歳新馬		18	3.0	5	57.1	13.0	11	富田暁	56.0	芝1600		稍	**	1:39.4	1.7	**	9-9	37.7-33.9	34.9	472(0)			オーライカモン		202504040405
2023100928	2025-11-09	5東京2	小雨	4.0	2歳未勝利		14	1.0	1	334.6	14.0	13	鮫島克駿	56.0	芝1800		良	**	1:49.2	2.1	**	9-8-8	35.2-35.2	36.4	472(0)			ラディアントスター		202505050204
2023100928	2026-01-05	1中山2	晴	3.0	3歳未勝利		12	6.0	8	84.5	9.0	5	横山琉人	57.0	ダ1800		稍	**	1:57.5	1.6	**	6-6-5-5	37.2-39.5	40.8	474(+2)			カフェラジェム	59.0	202606010203
2023100928	2026-01-17	1中山6	晴	2.0	3歳未勝利		16	1.0	1	23.6	6.0	3	横山琉人	57.0	ダ1800		良	**	1:56.7	1.2	**	1-1-1-1	37.7-39.6	40.8	470(-4)			ウリズンベー	150.0	202606010602
2023100998	2025-12-27	5阪神7	晴	5.0	2歳新馬		14	3.0	3	3.9	3.0	2	武豊	55.0	芝2000		良	**	2:02.9	0.3	**	3-3-4-4	38.5-34.1	34.1	472(0)			ショウナンハヤナミ	300.0	202509050705
2023100998	2026-01-17	1京都6	晴	5.0	3歳未勝利		18	7.0	13	5.7	4.0	9	武豊	55.0	芝2000		良	**	2:01.7	0.6	**	2-2-2-2	34.8-36.8	37.2	472(0)			ラコンチャビエン		202608010605
2023101046	2025-07-05	2福島3	曇	4.0	2歳新馬		9	7.0	7	8.2	3.0	3	木幡巧也	55.0	芝1200		稍	**	1:11.3	0.6	**	2-2	35.8-34.9	35.4	450(0)			ヤマメライズ	190.0	202503020304
2023101046	2025-07-20	2福島8	晴	4.0	2歳未勝利		8	7.0	7	2.8	1.0	5	木幡巧也	55.0	ダ1150		良	**	1:10.9	1.8	**	3-3	32.0-37.1	38.7	452(+2)			ライフオブラクーン	56.0	202503020804
2023101046	2025-08-10	2新潟6	雨	1.0	2歳未勝利		18	8.0	18	44.8	10.0	14	木幡巧也	55.0	芝1400		稍	**	1:24.0	1.9	**	4-4	34.5-35.7	37.1	452(0)			タイセイフレッサ		202504020601
2023101046	2025-12-13	5中山3	曇	3.0	2歳未勝利		16	1.0	1	128.4	11.0	10	木幡巧也	55.0	芝1600		良	**	1:35.3	1.5	**	4-6-7	34.8-34.9	35.9	470(+18)			バルボアパーク		202506050303
2023101046	2026-01-11	1中山4	曇	2.0	3歳未勝利		16	8.0	15	47.6	9.0	10	木幡巧也	55.0	ダ1800		良	**	1:59.5	2.6	**	8-12-12-12	37.2-39.2	40.7	464(-6)			ノーブルクラウド		202606010402
2023101046	2026-01-17	1中山6	晴	2.0	3歳未勝利		16	4.0	8	170.1	12.0	4	木幡巧也	55.0	ダ1800		良	**	1:57.6	2.1	**	13-13-10-9	37.7-39.6	40.2	460(-4)			ウリズンベー	89.0	202606010602
2023101053	2026-01-17	1京都6	晴	4.0	3歳新馬		16	7.0	14	47.4	11.0	15	岩田康誠	55.0	ダ1400		良	**	1:30.5	3.5	**	13-12	36.4-37.5	39.9	470(0)			ホウショウルクス		202608010604
2023101159	2025-08-09	3中京5	曇	4.0	2歳新馬		10	7.0	8	3.2	1.0	1	川田将雅	55.0	芝1400		良	**	1:22.3	-0.2	**	2-2	35.9-34.3	34.1	462(0)			(スマートジュリアス)	750.0	202507030504
2023101159	2025-10-04	3京都1	小雨	9.0	りんどう賞(1勝クラス)		8	4.0	4	5.3	4.0	4	川田将雅	55.0	芝1400		重	**	1:21.8	0.1	**	3-4	35.0-34.8	34.6	468(+6)			ラスティングスノー	170.0	202508030109
2023101159	2025-12-13	5中京3	曇	9.0	つわぶき賞(1勝クラス)		11	4.0	4	10.1	5.0	5	菅原明良	55.0	芝1400		良	**	1:20.4	0.5	**	6-8	33.7-35.0	34.2	464(-4)			プレセピオ	111.0	202507050309
2023101159	2026-01-17	1京都6	晴	10.0	紅梅S(L)		9	6.0	6	17.2	6.0	5	ハマーハ	55.0	芝1400		良	**	1:22.0	1.3	**	7-7	34.8-34.2	34.3	464(0)			リリージョワ	210.0	202608010610
2023101204	2026-01-17	1京都6	晴	4.0	3歳新馬		16	2.0	4	65.8	13.0	12	酒井学	55.0	ダ1400		良	**	1:29.5	2.5	**	4-4	36.4-37.5	39.7	474(0)			ホウショウルクス		202608010604
2023101397	2025-10-11	4東京3	雨	4.0	2歳新馬		16	5.0	9	3.2	2.0	1	津村明秀	56.0	ダ1400		稍	**	1:25.4	-1.0	**	1-1	36.2-37.0	37.0	498(0)			(カーリキュー)	750.0	202505040304
2023101397	2025-11-29	5東京7	曇	9.0	カトレアS(OP)		12	2.0	2	95.5	10.0	7	丹内祐次	56.0	ダ1600		良	**	1:39.1	1.7	**	4-4	34.6-37.2	38.7	498(0)			サトノボヤージュ		202505050709
2023101397	2026-01-17	1京都6	晴	6.0	3歳1勝クラス		8	2.0	2	7.4	4.0	6	ルメール	57.0	ダ1800		良	**	1:55.5	1.9	**	6-7-7-7	37.7-36.5	37.7	496(-2)			トリグラフヒル		202608010606
2023101404	2025-12-13	5中京3	曇	5.0	2歳新馬		12	1.0	1	112.9	9.0	6	松本大輝	54.0	芝2000		良	**	2:02.3	0.9	**	6-4-4-5	36.9-33.6	34.2	414(0)			イベントホライゾン		202507050305
2023101404	2026-01-17	1京都6	晴	5.0	3歳未勝利		18	1.0	2	143.6	12.0	4	大久保友	52.0	芝2000		良	**	2:01.3	0.2	**	18-18-17-14	34.8-36.8	35.1	406(-8)			ラコンチャビエン	89.0	202608010605
2023101478	2025-11-02	4東京11	曇	4.0	2歳新馬		16	1.0	1	21.6	7.0	7	プーシャ	55.0	芝1600		良	**	1:34.4	0.8	**	13-13	34.5-34.4	33.8	410(0)			モートンアイランド		202505041104
2023101478	2025-11-24	5東京6	晴	3.0	2歳未勝利		16	3.0	6	16.2	4.0	6	戸崎圭太	55.0	芝2000		良	**	2:00.8	0.7	**	5-11-12	35.5-34.7	34.4	408(-2)			エムズビギン		202505050603
2023101478	2026-01-17	1中山6	晴	5.0	3歳未勝利		18	8.0	17	48.0	11.0	9	横山琉人	55.0	芝2000		良	**	2:01.3	0.6	**	6-5-5-7	35.6-35.5	35.7	402(-6)			レダアトミカ		202606010605
2023101519	2025-12-27	5阪神7	晴	5.0	2歳新馬		14	1.0	1	105.9	12.0	13	田口貫太	55.0	芝2000		良	**	2:05.5	2.9	**	12-12-12-12	38.5-34.1	35.7	490(0)			ショウナンハヤナミ		202509050705
2023101519	2026-01-17	1京都6	晴	5.0	3歳未勝利		18	7.0	14	241.0	13.0	18	田口貫太	55.0	芝2000		良	**	2:05.0	3.9	**	5-5-8-9	34.8-36.8	39.9	484(-6)			ラコンチャビエン		202608010605
2023101549	2025-11-29	5東京7	晴	4.0	2歳新馬		16	3.0	5	41.5	9.0	10	木幡巧也	55.0	ダ1400		良	**	1:29.1	3.2	**	7-8	35.8-37.2	39.5	424(0)			オクトーバーナイン		202505050704
2023101549	2026-01-17	1中山6	晴	1.0	3歳未勝利		16	4.0	7	250.4	11.0	11	木幡巧也	55.0	ダ1200		良	**	1:15.0	2.0	**	12-12	34.4-38.6	39.3	428(+4)			サントマーレ		202606010601
2023101656	2026-01-17	1中山6	晴	3.0	3歳新馬		16	5.0	9	196.8	15.0	14	小林脩斗	57.0	ダ1800		良	**	2:00.4	3.5	**	14-14-10-11	38.4-40.2	42.2	488(0)			ガムラスタン		202606010603
2023101705	2026-01-17	1中山6	晴	3.0	3歳新馬		16	4.0	7	14.4	6.0	1	横山琉人	57.0	ダ1800		良	**	1:56.9	-0.1	**	7-7-8-8	38.4-40.2	39.1	530(0)			(インディヴァイン)	650.0	202606010603
2023101724	2025-09-28	4中山9	晴	4.0	2歳新馬		16	2.0	3	100.5	11.0	8	柴田善臣	55.0	ダ1200		良	**	1:14.7	2.1	**	14-13	35.2-37.4	37.1	462(0)			サノノアルペン		202506040904
2023101724	2025-10-19	4東京7	曇	1.0	2歳未勝利		13	6.0	10	13.3	4.0	7	柴田善臣	56.0	ダ1400		良	**	1:27.8	1.5	**	6-6	35.8-38.5	38.6	470(+8)			リフレックス		202505040701
2023101724	2025-11-09	5東京2	小雨	2.0	2歳未勝利		16	2.0	3	202.8	10.0	10	柴田善臣	56.0	ダ1600		稍	**	1:40.2	2.6	**	1-1	35.4-37.2	39.8	472(+2)			サンラザール		202505050202
2023101724	2026-01-17	1中山6	晴	1.0	3歳未勝利		16	7.0	13	11.9	6.0	3	柴田善臣	57.0	ダ1200		良	**	1:13.2	0.2	**	2-2	34.4-38.6	38.7	484(+12)			サントマーレ	150.0	202606010601
2023101743	2026-01-17	1京都6	晴	4.0	3歳新馬		16	4.0	7	20.9	7.0	8	吉田隼人	55.0	ダ1400		良	**	1:28.6	1.6	**	5-8	36.4-37.5	38.6	430(0)			ホウショウルクス		202608010604
2023101918	2025-09-06	4阪神1	晴	6.0	2歳新馬		13	1.0	1	274.3	13.0	11	太宰啓介	55.0	ダ1400		稍	**	1:31.1	6.5	**	13-13	35.2-37.0	40.1	504(0)			マグナヴィクトル		202509040106
2023101918	2025-11-09	4京都2	雨	1.0	2歳未勝利		16	4.0	8	406.0	16.0	16	荻野琢真	56.0	ダ1400		稍	**	1:28.5	2.5	**	16-14	35.4-38.0	38.9	504(0)			ムテキシャチョウ		202508040201
2023101918	2025-11-30	4京都8	晴	1.0	2歳未勝利		16	4.0	8	408.6	15.0	13	荻野琢真	56.0	ダ1200		良	**	1:15.7	2.6	**	16-13	35.6-37.5	37.9	502(-2)			ジャンシ		202508040801
2023101918	2025-12-21	5阪神6	雨	2.0	2歳未勝利		16	8.0	16	791.6	16.0	10	荻野琢真	56.0	ダ1200		稍	**	1:14.7	1.8	**	15-14	35.6-37.3	37.4	492(-10)			ネメス		202509050602
2023101918	2026-01-17	1京都6	晴	2.0	3歳未勝利		16	2.0	4	511.9	16.0	11	荻野琢真	57.0	ダ1200		良	**	1:15.0	1.3	**	15-13	35.7-38.0	37.6	492(0)			グラスゴー		202608010602
2023102008	2025-12-21	5中京6	雨	5.0	2歳新馬		15	8.0	15	11.8	5.0	5	長岡禎仁	55.0	ダ1400		稍	**	1:26.9	0.9	**	5-5	35.8-37.5	38.1	458(0)			ペルセポネ	75.0	202507050605
2023102008	2025-12-28	5阪神8	晴	2.0	2歳未勝利		17	2.0	4	52.0	10.0	12	長岡禎仁	55.0	芝1400		良	**	1:22.1	0.7	**	4-5	34.2-35.5	36.0	456(-2)			デアヴェローチェ		202509050802
2023102008	2026-01-17	1京都6	晴	2.0	3歳未勝利		16	1.0	2	18.1	6.0	12	長岡禎仁	55.0	ダ1200		良	**	1:15.2	1.5	**	6-6	35.7-38.0	38.8	458(+2)			グラスゴー		202608010602
2023102023	2025-06-21	1函館3	曇	6.0	2歳新馬		9	4.0	4	4.6	3.0	2	長浜鴻緒	53.0	ダ1000		良	**	0:59.7	0.1	**	1-1	35.5-36.1	36.2	476(0)			スターオブロンドン	300.0	202502010306
2023102023	2025-09-15	4中山5	曇	1.0	2歳未勝利		16	5.0	9	1.2	1.0	16	横山武史	55.0	ダ1200		良	**	1:16.3	3.0	**	4-5	33.7-39.6	42.3	470(-6)			トップマジシャン		202506040501
2023102023	2025-10-25	4新潟3	晴	2.0	2歳未勝利		15	6.0	11	23.1	9.0	9	黛弘人	56.0	ダ1200		良	**	1:14.7	2.6	**	13-13	34.5-37.6	39.0	472(+2)			レディサン		202504040302
2023102023	2025-12-06	5中山1	晴	1.0	2歳未勝利		15	3.0	4	14.4	6.0	5	長浜鴻緒	54.0	ダ1200		良	**	1:13.9	1.7	**	9-7	35.0-37.2	38.2	476(+4)			ビップムーラン	56.0	202506050101
2023102023	2025-12-28	5中山8	晴	1.0	2歳未勝利		16	3.0	5	26.7	8.0	4	長浜鴻緒	54.0	ダ1200		良	**	1:13.7	0.6	**	6-3	34.1-39.0	39.1	478(+2)			ピュール	84.0	202506050801
2023102023	2026-01-17	1中山6	晴	1.0	3歳未勝利		16	5.0	10	24.0	7.0	7	長浜鴻緒	55.0	ダ1200		良	**	1:14.5	1.5	**	8-7	34.4-38.6	39.4	474(-4)			サントマーレ		202606010601
2023102050	2026-01-17	1中山6	晴	3.0	3歳新馬		16	2.0	3	209.6	16.0	16	丸山元気	57.0	ダ1800		良	**	2:01.4	4.5	**	14-14-12-13	38.4-40.2	42.8	488(0)			ガムラスタン		202606010603
2023102089	2025-07-20	2小倉8	晴	5.0	2歳新馬		13	2.0	2	294.9	13.0	10	亀田温心	55.0	芝1800		良	**	1:55.4	2.9	**	10-9-11-11	38.8-35.5	37.5	522(0)			ベレシート		202510020805
2023102089	2025-09-21	4阪神7	晴	3.0	2歳未勝利		11	2.0	2	28.4	7.0	11	亀田温心	55.0	ダ1800		良	**	2:02.3	6.2	**	8-8-8-10	38.2-38.8	43.9	522(0)			タガノアバンドーネ		202509040703
2023102089	2025-12-28	5阪神8	晴	1.0	2歳未勝利		13	5.0	6	32.7	9.0	6	西塚洸二	55.0	ダ1800		良	**	1:58.5	3.2	**	7-6-8-7	37.6-38.7	40.9	528(+6)			ミヤジオズ		202509050801
2023102089	2026-01-17	1京都6	晴	3.0	3歳未勝利		13	4.0	4	228.2	11.0	9	大久保友	54.0	ダ1900		良	**	2:04.5	2.4	**	8-8-5-7	30.4-38.6	39.9	524(-4)			テスタヴェローチェ		202608010603
2023102090	2025-12-20	5中山5	曇	6.0	2歳新馬		16	5.0	9	9.4	5.0	3	長浜鴻緒	53.0	芝1800		良	**	1:49.9	0.0	**	2-2-2-2	37.6-35.0	34.9	464(0)			リュクスパトロール	190.0	202506050506
2023102090	2026-01-17	1中山6	晴	5.0	3歳未勝利		18	5.0	9	9.0	6.0	14	長浜鴻緒	53.0	芝2000		良	**	2:01.9	1.2	**	2-2-2-2	35.6-35.5	36.6	466(+2)			レダアトミカ		202606010605
2023102118	2025-10-05	4東京2	晴	6.0	2歳新馬		16	6.0	12	80.6	12.0	14	荻野極	55.0	ダ1600		良	**	1:45.6	5.1	**	5-7	37.0-36.6	41.0	474(0)			ゲームカレンダー		202505040206
2023102118	2026-01-17	1中山6	晴	5.0	3歳未勝利		18	1.0	1	245.2	15.0	18	原優介	55.0	芝2000		良	**	2:04.0	3.3	**	14-15-16-18	35.6-35.5	37.6	484(+10)			レダアトミカ		202606010605
2023102132	2025-12-07	5阪神2	晴	6.0	2歳新馬		9	2.0	2			除	Ｍ．デム	56.0	ダ1800		良	**			**		38.4-37.6		500(0)			クイノールト		202509050206
2023102132	2025-12-20	5阪神5	晴	6.0	2歳新馬		16	1.0	2	20.3	6.0	4	酒井学	56.0	ダ1800		良	**	1:55.9	1.0	**	8-8-8-7	38.4-37.3	37.7	498(0)			メイショウコマチ	110.0	202509050506
2023102132	2026-01-05	1京都2	晴	2.0	3歳未勝利		16	8.0	16	8.0	4.0	5	酒井学	57.0	ダ1900		良	**	2:01.9	1.0	**	5-7-5-5	30.4-38.5	39.0	500(+2)			エドウィンナルコ	59.0	202608010202
2023102132	2026-01-17	1京都6	晴	3.0	3歳未勝利		13	7.0	10	2.8	1.0	1	田山旺佑	54.0	ダ1900		良	**	2:02.1	0.0	**	1-1-1-1	30.4-38.6	38.6	486(-14)			(グリーンゴー)	590.0	202608010603
2023102210	2025-10-18	4東京6	晴	4.0	2歳新馬		18	7.0	13	86.9	12.0	5	松岡正海	55.0	芝1400		良	**	1:23.7	0.4	**	6-7	36.8-33.8	33.6	448(0)			エピッククイーン	75.0	202505040604
2023102210	2026-01-17	1中山6	晴	1.0	3歳未勝利		16	3.0	5	8.8	5.0	13	松岡正海	55.0	ダ1200		良	**	1:15.6	2.6	**	1-1	34.4-38.6	41.2	450(+2)			サントマーレ		202606010601
2023102250	2026-01-17	1京都6	晴	4.0	3歳新馬		16	6.0	12	41.6	10.0	11	松本大輝	54.0	ダ1400		良	**	1:28.9	1.9	**	9-10	36.4-37.5	38.7	456(0)			ホウショウルクス		202608010604
2023102364	2025-09-07	4中山2	晴	5.0	2歳新馬		12	7.0	9	72.7	9.0	8	柴田善臣	55.0	芝1800		良	**	1:50.9	2.0	**	9-9-9-9	37.1-34.5	35.5	472(0)			フォルテアンジェロ		202506040205
2023102364	2025-09-28	4中山9	晴	3.0	2歳未勝利		16	1.0	1	177.3	10.0	8	柴田善臣	55.0	芝2000		良	**	2:02.7	2.0	**	9-9-9-8	37.0-33.9	34.5	476(+4)			コッツォリーノ		202506040903
2023102364	2026-01-17	1中山6	晴	2.0	3歳未勝利		16	3.0	6	21.0	5.0	2	舟山瑠泉	54.0	ダ1800		良	**	1:56.4	0.9	**	4-4-2-2	37.7-39.6	40.3	476(0)			ウリズンベー	240.0	202606010602
2023102365	2025-12-21	5中山6	曇	6.0	2歳新馬		16	6.0	12	121.7	14.0	8	丸田恭介	55.0	ダ1200		重	**	1:14.2	1.9	**	10-11	34.9-37.4	37.8	432(0)			ファンシーズ		202506050606
2023102365	2026-01-17	1中山6	晴	1.0	3歳未勝利		16	6.0	12	257.1	12.0	15	佐々木大	55.0	ダ1200		良	**	1:15.8	2.8	**	13-14	34.4-38.6	39.8	436(+4)			サントマーレ		202606010601
2023102369	2025-11-02	3京都11	晴	3.0	2歳新馬		16	4.0	7	53.1	11.0	6	国分恭介	56.0	ダ1400		稍	**	1:27.8	3.0	**	15-15	36.0-36.2	37.3	472(0)			メイショウカクウチ		202508031103
2023102369	2025-11-15	4京都3	晴	3.0	2歳未勝利		10	8.0	10	9.0	5.0	8	幸英明	56.0	ダ1800		良	**	1:56.8	3.2	**	8-8-9-9	37.5-37.4	39.7	470(-2)			ブームバップビート		202508040303
2023102369	2025-12-21	5中京6	小雨	1.0	2歳未勝利		16	1.0	1	83.6	12.0	7	小崎綾也	56.0	ダ1800		稍	**	1:57.3	2.1	**	16-16-16-16	36.9-38.8	38.5	466(-4)			マッドゲイル		202507050601
2023102369	2026-01-11	1京都4	晴	1.0	3歳未勝利		16	3.0	5	207.3	14.0	12	小崎綾也	57.0	ダ1800		良	**	1:58.0	3.1	**	15-15-15-15	37.1-37.7	38.7	470(+4)			キタノシャカール		202608010401
2023102369	2026-01-17	1京都6	晴	3.0	3歳未勝利		13	8.0	13	38.2	9.0	10	国分優作	57.0	ダ1900		良	**	2:04.6	2.5	**	10-9-9-10	30.4-38.6	39.8	456(-14)			テスタヴェローチェ		202608010603
2023102376	2025-10-11	3京都3	曇	5.0	2歳新馬		17	8.0	17	34.8	11.0	9	岩田望来	55.0	芝1400		良	**	1:22.0	1.8	**	12-12	34.8-33.7	34.3	420(0)			マーゴットラヴミー		202508030305
2023102376	2025-12-20	5中京5	曇	4.0	2歳未勝利		16	2.0	4	55.3	10.0	5	藤懸貴志	55.0	芝1600		稍	**	1:35.7	0.4	**	14-14-14	35.2-35.7	34.9	424(+4)			アンディムジーク	56.0	202507050504
2023102376	2026-01-17	1京都6	晴	5.0	3歳未勝利		18	1.0	1	28.3	8.0	10	ハマーハ	55.0	芝2000		良	**	2:01.9	0.8	**	11-11-11-12	34.8-36.8	36.6	420(-4)			ラコンチャビエン		202608010605
2023102476	2025-06-22	1函館4	曇	5.0	2歳新馬		12	5.0	5	16.2	8.0	6	佐々木大	55.0	芝1200		重	**	1:10.9	0.4	**	5-5	34.5-36.0	35.8	478(0)			クラディスティーナ		202502010405
2023102476	2025-07-20	1函館12	晴	1.0	2歳未勝利		16	3.0	6	16.9	8.0	9	斎藤新	55.0	芝1200		良	**	1:10.1	1.0	**	13-13	33.8-35.3	34.8	470(-8)			クワイエットアイ		202502011201
2023102476	2025-08-24	2札幌2	晴	1.0	2歳未勝利		14	6.0	10	18.8	9.0	8	ウィリア	55.0	ダ1700		良	**	1:49.8	2.7	**	14-13-13-13	30.4-38.4	39.4	474(+4)			マーゴットサンズ		202501020201
2023102476	2025-09-20	4阪神6	曇	1.0	2歳未勝利		10	8.0	10	27.4	6.0	8	吉村誠之	54.0	ダ1800		良	**	1:56.8	1.5	**	8-8-6-5	36.8-40.5	40.9	476(+2)			エコロレーヴ		202509040601
2023102476	2025-10-05	3京都2	小雨	1.0	2歳未勝利		16	7.0	13	57.8	11.0	8	高杉吏麒	56.0	ダ1400		重	**	1:26.1	1.6	**	3-3	34.9-37.1	38.3	474(-2)			サヨノパララックス		202508030201
2023102476	2025-10-25	3京都8	曇	1.0	2歳未勝利		14	7.0	11	101.5	13.0	8	長岡禎仁	56.0	ダ1400		良	**	1:28.4	2.1	**	2-2	34.7-39.6	41.7	478(+4)			ホールオブミラーズ		202508030801
2023102476	2025-12-27	5阪神7	晴	1.0	2歳未勝利		15	3.0	5	12.1	4.0	8	高杉吏麒	56.0	ダ1200		稍	**	1:14.5	1.7	**	4-4	35.5-37.3	38.7	484(+6)			ファイブタンゴ		202509050701
2023102476	2026-01-17	1京都6	晴	2.0	3歳未勝利		16	5.0	10	15.7	5.0	8	高杉吏麒	57.0	ダ1200		良	**	1:14.4	0.7	**	5-6	35.7-38.0	38.0	486(+2)			グラスゴー		202608010602
2023102518	2025-07-19	2福島7	晴	5.0	2歳新馬		16	7.0	14	13.2	5.0	2	荻野極	55.0	芝1800		良	**	1:53.3	0.1	**	10-10-1-1	36.8-37.1	37.2	466(0)			ザーフィル	300.0	202503020705
2023102518	2025-09-27	4中山8	曇	2.0	2歳未勝利		16	8.0	16	13.8	5.0	7	荻野極	55.0	芝1600		良	**	1:35.2	1.3	**	9-11-11	35.0-34.8	35.3	470(+4)			ホワイトドラゴン		202506040802
2023102518	2025-12-21	5中山6	曇	3.0	2歳未勝利		15	8.0	15	19.9	7.0	3	佐々木大	55.0	芝1800		重	**	1:52.3	0.1	**	2-2-2-2	38.2-35.0	35.0	472(+2)			ロンギングセリーヌ	140.0	202506050603
2023102518	2026-01-17	1中山6	晴	5.0	3歳未勝利		18	3.0	6	8.4	4.0	13	荻野極	55.0	芝2000		良	**	2:01.4	0.7	**	1-1-1-1	35.6-35.5	36.2	472(0)			レダアトミカ		202606010605
2023102575	2025-10-11	4東京3	雨	6.0	2歳新馬		16	6.0	12	35.3	9.0	10	小林美駒	53.0	ダ1600		稍	**	1:42.3	2.4	**	14-14	36.0-38.3	39.1	450(0)			セイントエルモズ		202505040306
2023102575	2026-01-17	1中山6	晴	2.0	3歳未勝利		16	3.0	5	193.6	13.0	10	小林美駒	54.0	ダ1800		良	**	1:58.8	3.3	**	15-15-15-14	37.7-39.6	40.4	464(+14)			ウリズンベー		202606010602
2023102584	2025-10-05	3京都2	小雨	5.0	2歳新馬		13	7.0	10	15.7	5.0	5	高杉吏麒	55.0	芝1800		稍	**	1:49.3	0.5	**	3-3	36.7-34.7	34.9	442(0)			コウギョク	75.0	202508030205
2023102584	2025-12-21	5阪神6	雨	3.0	2歳未勝利		18	2.0	4	10.7	5.0	2	ルメール	55.0	芝1800		稍	**	1:47.5	0.0	**	7-7	35.2-35.3	34.7	430(-12)			エイズルブルーム	220.0	202509050603
2023102584	2026-01-17	1京都6	晴	5.0	3歳未勝利		18	5.0	9	4.3	2.0	1	ルメール	55.0	芝2000		良	**	2:01.1	0.0	**	6-5-5-5	34.8-36.8	36.3	436(+6)			(ティタノマキア)	590.0	202608010605
2023102593	2025-12-27	5阪神7	晴	5.0	2歳新馬		14	7.0	11	36.1	8.0	9	ジェルー	56.0	芝2000		良	**	2:04.3	1.7	**	11-11-11-10	38.5-34.1	34.7	518(0)			ショウナンハヤナミ		202509050705
2023102593	2026-01-17	1京都6	晴	1.0	3歳未勝利		10	4.0	4	30.7	3.0	2	北村友一	57.0	ダ1800		良	**	1:55.5	1.0	**	5-5-3-3	37.0-37.9	38.5	516(-2)			リアライズグリント	240.0	202608010601
2023102630	2025-12-27	5阪神7	晴	6.0	2歳新馬		11	8.0	11	6.0	5.0	6	ルメール	56.0	ダ1800		稍	**	1:56.7	2.7	**	7-8-7-7	38.0-36.8	38.6	552(0)			アメリカンコール		202509050706
2023102630	2026-01-17	1京都6	晴	3.0	3歳未勝利		13	5.0	7	8.0	4.0	6	ルメール	57.0	ダ1900		良	**	2:04.0	1.9	**	10-9-9-10	30.4-38.6	39.3	548(-4)			テスタヴェローチェ		202608010603
2023102643	2025-12-28	5阪神8	晴	4.0	2歳新馬		16	5.0	10	8.3	4.0	6	亀田温心	56.0	ダ1400		良	**	1:28.4	1.2	**	5-6	34.9-39.8	40.4	450(0)			ソルオーブ		202509050804
2023102643	2026-01-17	1京都6	晴	2.0	3歳未勝利		16	3.0	5	21.7	7.0	7	亀田温心	57.0	ダ1200		良	**	1:14.3	0.6	**	10-9	35.7-38.0	37.6	448(-2)			グラスゴー		202608010602
2023102657	2025-12-28	5阪神8	晴	4.0	2歳新馬		16	6.0	11	41.7	9.0	15	岩田康誠	56.0	ダ1400		良	**	1:31.3	4.1	**	11-12	34.9-39.8	42.0	468(0)			ソルオーブ		202509050804
2023102657	2026-01-17	1京都6	晴	2.0	3歳未勝利		16	4.0	7	223.7	13.0	16	柴田裕一	55.0	ダ1200		良	**	1:17.1	3.4	**	14-15	35.7-38.0	39.6	466(-2)			グラスゴー		202608010602
2023102661	2025-09-15	4中山5	曇	5.0	2歳新馬		13	5.0	6	20.2	6.0	3	岩田望来	55.0	芝1600		良	**	1:37.0	0.1	**	2-3-3	37.3-34.8	34.7	454(0)			サンダーストラック	190.0	202506040505
2023102661	2025-10-18	4新潟1	曇	1.0	2歳未勝利		13	2.0	2	8.1	5.0	5	今村聖奈	54.0	芝1600		良	**	1:34.7	0.8	**	1-1	35.2-33.9	34.7	462(+8)			リアライズブラーヴ	56.0	202504040101
2023102661	2025-11-15	3福島3	晴	4.0	2歳未勝利		16	6.0	12	9.5	6.0	7	今村聖奈	54.0	芝1200		良	**	1:09.1	0.2	**	2-2	33.4-35.5	35.6	462(0)			ロンドンオービタル		202503030304
2023102661	2025-12-07	5阪神2	晴	2.0	2歳未勝利		16	5.0	9	10.3	7.0	4	今村聖奈	54.0	ダ1400		良	**	1:26.5	0.8	**	5-3	34.8-38.0	38.5	464(+2)			ジョアン	84.0	202509050202
2023102661	2026-01-04	1京都1	晴	1.0	3歳未勝利		16	7.0	14	5.4	2.0	4	今村聖奈	55.0	ダ1200		良	**	1:13.5	0.3	**	1-1	36.2-37.0	37.3	466(+2)			リーグナイト	89.0	202608010101
2023102661	2026-01-17	1京都6	晴	2.0	3歳未勝利		16	4.0	8	2.8	1.0	2	岩田望来	57.0	ダ1200		良	**	1:13.7	0.0	**	2-2	35.7-38.0	37.8	462(-4)			グラスゴー	240.0	202608010602
2023102736	2026-01-11	1京都4	晴	2.0	3歳新馬		16	1.0	2	37.4	7.0	16	岩田康誠	55.0	ダ1800		良	**	1:58.9	3.7	**	14-13-10-11	36.5-40.1	42.0	500(0)			ハッピーラブソング		202608010402
2023102736	2026-01-17	1京都6	晴	1.0	3歳未勝利		10	2.0	2	420.9	9.0	10	橋木太希	52.0	ダ1800		良	**	1:58.7	4.2	**	3-3-3-5	37.0-37.9	41.7	494(-6)			リアライズグリント		202608010601
2023102827	2026-01-05	1京都2	晴	3.0	3歳新馬		14	4.0	6	30.5	8.0	6	田口貫太	57.0	ダ1200		良	**	1:14.8	1.3	**	8-6	36.1-37.4	36.9	474(0)			マナボニート		202608010203
2023102827	2026-01-17	1京都6	晴	2.0	3歳未勝利		16	5.0	9	47.5	9.0	14	田口貫太	57.0	ダ1200		良	**	1:15.5	1.8	**	6-9	35.7-38.0	38.9	474(0)			グラスゴー		202608010602
2023102898	2025-12-28	5阪神8	晴	4.0	2歳新馬		16	3.0	5	134.8	15.0	16	田山旺佑	53.0	ダ1400		良	**	1:31.5	4.3	**	16-16	34.9-39.8	39.0	516(0)			ソルオーブ		202509050804
2023102898	2026-01-17	1京都6	晴	1.0	3歳未勝利		10	3.0	3	465.1	10.0	8	田山旺佑	54.0	ダ1800		良	**	1:57.6	3.1	**	8-8-7-7	37.0-37.9	40.2	510(-6)			リアライズグリント		202608010601
2023102923	2025-10-19	3京都7	曇	5.0	2歳新馬		11	3.0	3	4.5	2.0	3	岩田望来	55.0	芝2000		良	**	2:02.4	0.3	**	10-10-10-10	36.9-35.8	35.3	446(0)			ヴァロンブローサ	190.0	202508030705
2023102923	2025-11-02	3京都11	晴	2.0	2歳未勝利		7	1.0	1	4.1	2.0	4	浜中俊	55.0	芝2000		良	**	2:02.4	0.5	**	7-7-2-2	37.8-35.2	35.6	444(-2)			ワンダフルボンド	84.0	202508031102
2023102923	2025-11-23	4京都6	晴	3.0	2歳未勝利		16	7.0	14	7.4	3.0	3	ルメール	55.0	芝2000		良	**	2:00.8	0.4	**	3-2-2-2	35.9-35.7	35.9	446(+2)			エアビーアゲイル	140.0	202508040603
2023102923	2026-01-17	1京都6	晴	5.0	3歳未勝利		18	4.0	8	8.3	5.0	5	岩田望来	55.0	芝2000		良	**	2:01.3	0.2	**	3-3-2-3	34.8-36.8	36.6	444(-2)			ラコンチャビエン	59.0	202608010605
2023102952	2026-01-17	1京都6	晴	4.0	3歳新馬		16	8.0	16	4.0	2.0	4	川田将雅	55.0	ダ1400		良	**	1:27.4	0.4	**	7-4	36.4-37.5	37.3	472(0)			ホウショウルクス	98.0	202608010604
2023102987	2026-01-17	1京都6	晴	4.0	3歳新馬		16	3.0	5	13.8	6.0	7	北村友一	55.0	ダ1400		良	**	1:28.4	1.4	**	14-12	36.4-37.5	37.6	466(0)			ホウショウルクス		202608010604
2023103066	2025-07-13	2福島6	晴	5.0	2歳新馬		15	2.0	3	10.4	5.0	14	横山典弘	55.0	芝1800		良	**	1:56.5	2.9	**	15-15-13-14	38.8-35.8	37.6	460(0)			ルージュボヤージュ		202503020605
2023103066	2025-09-15	4中山5	曇	2.0	2歳未勝利		10	2.0	2	5.7	3.0	3	菅原明良	55.0	芝1800		良	**	1:51.1	0.1	**	7-6-6-6	38.9-35.1	34.7	464(+4)			ユメシルベ	140.0	202506040502
2023103066	2025-10-12	4東京4	曇	3.0	2歳未勝利		10	8.0	10	3.3	2.0	7	菅原明良	55.0	芝2000		良	**	2:01.0	1.0	**	2-2-2	36.6-34.9	35.5	468(+4)			チャリングクロス		202505040403
2023103066	2026-01-17	1中山6	晴	5.0	3歳未勝利		18	8.0	18	56.1	12.0	10	菅原明良	55.0	芝2000		良	**	2:01.3	0.6	**	9-10-10-11	35.6-35.5	35.4	460(-8)			レダアトミカ		202606010605
2023103085	2025-07-03	門別	曇	5.0	JRA認定競走フレッ(新馬)(2歳)		7	6.0	6	1.6	1.0	1	落合玄太	55.0	ダ1200		稍	**	1:15.7	-0.1	**	3-2		38.8	480(0)			(キングテヤン)	250.0	202530070305
2023103085	2025-07-22	門別	晴	8.0	JRA認定競走ターフ(OP)(2歳)		8	2.0	2	9.5	5.0	5	落合玄太	55.0	ダ1200		良	**	1:17.0	1.8	**	6-7		40.2	478(-2)			ファインキック	21.0	202530072208
2023103085	2025-08-23	2札幌1	晴	9.0	クローバー賞(OP)		9	8.0	8	106.1	9.0	3	落合玄太	55.0	芝1500		良	**	1:30.5	0.8	**	3-4-2	29.5-36.8	37.0	476(-2)			ストームサンダー	402.9	202501020109
2023103085	2025-10-26	盛岡	雨	11.0	プリンセスC(重賞)		12	4.0	4	9.7	4.0	6	落合玄太	54.0	ダ1400		稍	**	1:26.6	1.4	**	4-3		38.0	482(+6)			トリップス		202535102611
2023103085	2026-01-17	1中山6	晴	9.0	菜の花賞(1勝クラス)		8	5.0	5	49.8	7.0	6	大野拓弥	55.0	芝1600		良	**	1:34.9	0.5	**	5-6-5	35.3-34.6	34.4	468(-14)			アメティスタ		202606010609
2023103161	2026-01-17	1中山6	晴	3.0	3歳新馬		16	1.0	2	49.6	10.0	12	上里直汰	54.0	ダ1800		良	**	1:59.6	2.7	**	13-13-15-13	38.4-40.2	40.6	486(0)			ガムラスタン		202606010603
2023103187	2026-01-17	1中山6	晴	3.0	3歳新馬		16	2.0	4	72.5	11.0	9	木幡巧也	57.0	ダ1800		良	**	1:57.9	1.0	**	2-2-4-4	38.4-40.2	40.8	490(0)			ガムラスタン		202606010603
2023103218	2025-09-28	4阪神9	晴	5.0	2歳新馬		18	8.0	16	31.6	10.0	7	和田竜二	55.0	芝1400		良	**	1:24.9	0.6	**	6-3	36.1-35.5	35.8	436(0)			プレダトゥール		202509040905
2023103218	2025-10-11	3京都3	曇	1.0	2歳未勝利		16	6.0	12	9.2	5.0	3	高杉吏麒	55.0	ダ1200		良	**	1:13.3	0.4	**	1-1	35.3-37.6	38.0	440(+4)			ランスオブキング	140.0	202508030301
2023103218	2025-11-01	3京都10	晴	2.0	2歳未勝利		12	8.0	12	8.0	5.0	11	高杉吏麒	55.0	芝1200		稍	**	1:11.0	1.1	**	10-11	35.1-34.8	34.8	440(0)			トモジャプレジール		202508031002
2023103218	2026-01-17	1京都6	晴	2.0	3歳未勝利		16	2.0	3	5.7	3.0	1	松山弘平	55.0	ダ1200		良	**	1:13.7	0.0	**	4-4	35.7-38.0	37.5	442(+2)			(タナスーペルノーバ)	590.0	202608010602
2023103225	2025-12-21	5中山6	曇	5.0	2歳新馬		16	5.0	10	318.0	16.0	14	木幡初也	55.0	芝1600		重	**	1:39.3	4.2	**	6-10-14	35.3-35.7	38.7	418(0)			ロデオドライブ		202506050605
2023103225	2026-01-17	1中山6	晴	1.0	3歳未勝利		16	8.0	15	289.1	13.0	9	木幡初也	55.0	ダ1200		良	**	1:14.6	1.6	**	9-10	34.4-38.6	39.2	418(0)			サントマーレ		202606010601
2023103233	2025-12-14	5中山4	曇	6.0	2歳新馬		15	7.0	13			除	小林美駒	52.0	ダ1200		稍	**			**		35.6-37.6		438(0)			ルクスポップスター		202506050406
2023103233	2025-12-27	5中山7	曇	6.0	2歳新馬		14	5.0	8	47.6	9.0	5	石田拓郎	52.0	ダ1200		稍	**	1:13.4	1.5	**	10-9	34.2-37.7	37.2	438(0)			ジェラートキティ	37.5	202506050706
2023103233	2026-01-17	1中山6	晴	1.0	3歳未勝利		16	3.0	6	51.6	10.0	10	石田拓郎	52.0	ダ1200		良	**	1:14.7	1.7	**	14-14	34.4-38.6	38.5	442(+4)			サントマーレ		202606010601
2023103245	2026-01-17	1中山6	晴	3.0	3歳新馬		16	6.0	12	29.7	9.0	8	石橋脩	57.0	ダ1800		良	**	1:57.6	0.7	**	10-11-8-8	38.4-40.2	39.8	524(0)			ガムラスタン		202606010603
2023103247	2025-08-30	4中京3	晴	5.0	2歳新馬		10	2.0	2	11.8	5.0	1	田口貫太	55.0	芝1400		良	**	1:21.7	-0.1	**	1-1	34.4-35.6	35.6	458(0)			(フロムレイブン)	750.0	202507040305
2023103247	2025-10-04	3京都1	小雨	9.0	りんどう賞(1勝クラス)		8	3.0	3	18.5	6.0	3	和田竜二	55.0	芝1400		重	**	1:21.8	0.1	**	3-3	35.0-34.8	34.7	460(+2)			ラスティングスノー	282.5	202508030109
2023103247	2025-11-01	3京都10	晴	11.0	KBSファンタジーS(GIII)		12	7.0	10	24.9	8.0	10	田口貫太	55.0	芝1400		良	**	1:21.7	0.8	**	2-2	35.3-34.0	34.8	460(0)			フェスティバルヒル		202508031011
2023103247	2026-01-17	1京都6	晴	10.0	紅梅S(L)		9	2.0	2	62.6	9.0	6	田口貫太	55.0	芝1400		良	**	1:22.2	1.5	**	3-3	34.8-34.2	34.9	458(-2)			リリージョワ		202608010610
2023103313	2025-12-27	5阪神7	晴	6.0	2歳新馬		11	3.0	3	23.4	8.0	5	古川奈穂	53.0	ダ1800		稍	**	1:56.5	2.5	**	7-7-7-7	38.0-36.8	38.5	444(0)			アメリカンコール	75.0	202509050706
2023103313	2026-01-17	1京都6	晴	3.0	3歳未勝利		13	4.0	5	32.7	8.0	12	古川奈穂	54.0	ダ1900		良	**	2:04.9	2.8	**	13-13-13-13	30.4-38.6	39.3	450(+6)			テスタヴェローチェ		202608010603
2023103319	2025-10-19	3京都7	曇	4.0	2歳新馬		17	2.0	3	43.3	9.0	12	松若風馬	55.0	芝1400		良	**	1:23.8	1.6	**	7-7	35.3-35.0	36.1	380(0)			ミルトベスト		202508030704
2023103319	2025-11-01	3京都10	晴	2.0	2歳未勝利		12	6.0	8	117.5	10.0	9	田山旺佑	52.0	芝1200		稍	**	1:10.6	0.7	**	4-5	35.1-34.8	35.1	380(0)			トモジャプレジール		202508031002
2023103319	2026-01-17	1京都6	晴	2.0	3歳未勝利		16	7.0	14	103.6	10.0	15	田山旺佑	52.0	ダ1200		良	**	1:15.8	2.1	**	12-14	35.7-38.0	38.6	386(+6)			グラスゴー		202608010602
2023103429	2025-11-08	5東京1	曇	5.0	2歳新馬		13	6.0	9	40.0	6.0	4	三浦皇成	56.0	芝1800		良	**	1:47.6	0.9	**	6-6-7	37.2-34.1	34.1	434(0)			ラヴェニュー	110.0	202505050105
2023103429	2026-01-17	1中山6	晴	5.0	3歳未勝利		18	6.0	11	15.0	9.0	7	横山和生	57.0	芝2000		良	**	2:01.1	0.4	**	7-7-9-7	35.6-35.5	35.3	438(+4)			レダアトミカ		202606010605
2023103503	2025-06-21	1函館3	曇	5.0	2歳新馬		15	4.0	6	12.2	6.0	7	岩田康誠	55.0	芝1200		良	**	1:09.9	1.7	**	4-4	33.4-34.8	35.8	460(0)			ブラックチャリス		202502010305
2023103503	2025-07-05	1函館7	晴	1.0	2歳未勝利		8	4.0	4	41.4	7.0	3	浜中俊	55.0	芝1200		重	**	1:11.0	0.6	**	5-4	34.1-36.3	36.4	464(+4)			トウカイマシェリ	140.0	202502010701
2023103503	2025-09-14	4阪神4	曇	2.0	2歳未勝利		10	8.0	9	37.7	8.0	5	浜中俊	55.0	芝1400		良	**	1:21.6	0.9	**	4-4	34.3-34.7	35.2	472(+8)			ダイヤモンドノット	56.0	202509040402
2023103503	2025-10-05	3京都2	曇	2.0	2歳未勝利		7	2.0	2	5.1	3.0	1	浜中俊	55.0	芝1600		稍	**	1:33.9	0.0	**	1-1	35.0-35.3	35.3	472(0)			(ミッキーラヴィータ)	560.0	202508030202
2023103503	2025-11-30	4京都8	晴	9.0	白菊賞(1勝クラス)		11	4.0	4	25.8	8.0	7	鮫島克駿	55.0	芝1600		良	**	1:35.0	1.4	**	2-2	35.3-34.6	35.8	470(-2)			マーゴットラヴミー		202508040809
2023103503	2025-12-13	5中京3	曇	9.0	つわぶき賞(1勝クラス)		11	6.0	6	51.5	8.0	1	富田暁	55.0	芝1400		良	**	1:19.9	-0.1	**	2-2	33.7-35.0	34.8	474(+4)			(プリンセスモコ)	1139.4	202507050309
2023103503	2026-01-17	1京都6	晴	10.0	紅梅S(L)		9	8.0	8	10.2	4.0	8	浜中俊	55.0	芝1400		良	**	1:23.3	2.6	**	9-8	34.8-34.2	35.4	476(+2)			リリージョワ		202608010610
2023103546	2026-01-17	1京都6	晴	4.0	3歳新馬		16	5.0	9	220.1	16.0	10	加藤祥太	55.0	ダ1400		良	**	1:28.9	1.9	**	9-10	36.4-37.5	38.7	432(0)			ホウショウルクス		202608010604
2023103556	2025-11-08	4京都1	晴	5.0	2歳新馬		9	2.0	2	76.2	8.0	8	池添謙一	56.0	芝1800		良	**	1:49.7	2.5	**	9-9	36.0-34.5	36.1	470(0)			アドマイヤシュラ		202508040105
2023103556	2025-12-27	5阪神7	晴	3.0	2歳未勝利		16	2.0	3	135.3	11.0	6	古川吉洋	56.0	ダ1400		稍	**	1:26.7	1.3	**	16-15	35.2-37.7	37.4	464(-6)			ハグレジョー		202509050703
2023103556	2026-01-17	1京都6	晴	1.0	3歳未勝利		10	8.0	9	30.5	2.0	9	古川吉洋	57.0	ダ1800		良	**	1:58.0	3.5	**	5-5-9-10	37.0-37.9	40.2	464(0)			リアライズグリント		202608010601
2023103560	2025-08-17	2新潟8	晴	4.0	2歳新馬		11	6.0	7	16.6	7.0	9	大野拓弥	55.0	芝1800		良	**	1:52.0	2.5	**	5-5	36.7-33.7	35.9	474(0)			スウィフトミモザ		202504020804
2023103560	2025-10-12	4東京4	曇	3.0	2歳未勝利		10	7.0	8	43.0	6.0	3	長浜鴻緒	54.0	芝2000		良	**	2:00.3	0.3	**	6-7-7	36.6-34.9	34.2	474(0)			チャリングクロス	140.0	202505040403
2023103560	2025-11-30	5東京8	晴	4.0	2歳未勝利		13	4.0	4	7.2	3.0	3	佐々木大	56.0	芝2000		良	**	2:00.6	0.7	**	3-4-4	36.8-34.1	34.5	472(-2)			ファムクラジューズ	140.0	202505050804
2023103560	2026-01-17	1中山6	晴	5.0	3歳未勝利		18	1.0	2	8.6	5.0	6	佐々木大	57.0	芝2000		良	**	2:01.0	0.3	**	9-9-5-7	35.6-35.5	35.4	474(+2)			レダアトミカ		202606010605
2023103648	2025-11-24	3福島6	晴	5.0	2歳新馬		16	8.0	16	30.5	7.0	1	斎藤新	55.0	芝1800		良	**	1:50.6	-0.1	**	2-2-2-2	37.9-34.5	34.4	438(0)			(ミエノストロング)	750.0	202503030605
2023103648	2026-01-17	1中山6	晴	9.0	菜の花賞(1勝クラス)		8	4.0	4	8.0	5.0	2	丹内祐次	55.0	芝1600		良	**	1:34.4	0.0	**	2-2-2	35.3-34.6	34.5	444(+6)			アメティスタ	465.2	202606010609
2023103654	2025-08-03	3中京4	晴	3.0	2歳新馬		7	3.0	3	24.0	6.0	7	岩田康誠	55.0	芝1600		良	**	1:37.9	1.0	**	2-4-3	38.2-34.3	35.0	408(0)			ラエトゥス		202507030403
2023103654	2025-11-29	4京都7	晴	3.0	2歳未勝利		14	2.0	2	219.3	12.0	14	小沢大仁	56.0	芝1600		良	**	1:36.3	1.7	**	8-9	35.0-35.2	36.3	416(+8)			トミーバローズ		202508040703
2023103654	2026-01-17	1京都6	晴	2.0	3歳未勝利		16	7.0	13	188.1	12.0	13	森田誠也	54.0	ダ1200		良	**	1:15.4	1.7	**	15-16	35.7-38.0	37.7	408(-8)			グラスゴー		202608010602
2023103676	2025-12-20	5阪神5	晴	5.0	2歳新馬		18	7.0	13	28.5	9.0	7	岩田康誠	55.0	芝1600		良	**	1:35.9	0.4	**	12-13	35.8-34.1	33.4	470(0)			スピナーリート		202509050505
2023103676	2026-01-17	1京都6	晴	5.0	3歳未勝利		18	6.0	12	13.6	6.0	7	岩田康誠	55.0	芝2000		良	**	2:01.5	0.4	**	6-5-5-5	34.8-36.8	36.6	466(-4)			ラコンチャビエン		202608010605
2023103682	2025-10-05	3京都2	曇	3.0	2歳新馬		16	6.0	12	73.9	13.0	6	団野大成	56.0	ダ1800		重	**	1:54.6	2.8	**	10-10-11-9	35.8-37.3	38.5	486(0)			パイロマンサー		202508030203
2023103682	2025-11-02	3京都11	晴	1.0	2歳未勝利		15	7.0	12	13.1	6.0	7	鮫島克駿	56.0	ダ1800		稍	**	1:55.7	2.1	**	8-6-4-4	36.6-38.6	39.9	488(+2)			テイエムゴッホ		202508031101
2023103682	2025-12-27	5阪神7	晴	2.0	2歳未勝利		11	7.0	9	73.9	9.0	5	吉村誠之	56.0	ダ1800		稍	**	1:56.8	3.5	**	8-10-11-9	37.1-37.6	39.9	494(+6)			トリグラフヒル	56.0	202509050702
2023103682	2026-01-17	1京都6	晴	3.0	3歳未勝利		13	3.0	3	47.7	10.0	5	吉村誠之	57.0	ダ1900		良	**	2:03.8	1.7	**	6-6-5-5	30.4-38.6	39.4	496(+2)			テスタヴェローチェ	59.0	202608010603
2023103703	2025-10-26	3京都9	曇	4.0	2歳新馬		16	3.0	5	3.9	2.0	14	佐々木大	56.0	ダ1800		重	**	1:58.8	6.9	**	11-13-13-13	37.1-36.1	41.6	500(0)			ダノンバーボン		202508030904
2023103703	2026-01-05	1京都2	晴	2.0	3歳未勝利		16	3.0	6	15.3	6.0	10	小崎綾也	57.0	ダ1900		良	**	2:03.1	2.2	**	2-2-2-2	30.4-38.5	40.7	494(-6)			エドウィンナルコ		202608010202
2023103703	2026-01-17	1京都6	晴	3.0	3歳未勝利		13	2.0	2	27.3	7.0	11	小崎綾也	57.0	ダ1900		良	**	2:04.7	2.6	**	3-4-3-4	30.4-38.6	40.6	490(-4)			テスタヴェローチェ		202608010603
2023103709	2025-10-11	4東京3	雨	6.0	2歳新馬		16	3.0	5	8.8	5.0	2	岩田康誠	56.0	ダ1600		稍	**	1:39.9	0.0	**	11-11	36.0-38.3	37.2	472(0)			セイントエルモズ	300.0	202505040306
2023103709	2025-11-01	4東京10	晴	1.0	2歳未勝利		16	3.0	5	5.6	2.0	5	岩田康誠	56.0	ダ1600		不	**	1:36.8	0.8	**	8-8	34.6-37.3	37.0	468(-4)			アルカディアカフェ	56.0	202505041001
2023103709	2026-01-17	1中山6	晴	2.0	3歳未勝利		16	7.0	13	1.7	1.0	1	横山武史	57.0	ダ1800		良	**	1:55.5	-0.9	**	10-10-5-4	37.7-39.6	39.0	470(+2)			(サムシングニュー)	590.0	202606010602
2023103720	2025-10-04	3京都1	小雨	5.0	2歳新馬		14	7.0	11	3.3	1.0	2	坂井瑠星	56.0	芝2000		重	**	2:02.4	0.1	**	5-5-3-3	37.3-35.1	34.9	480(0)			ダークマルス	300.0	202508030105
2023103720	2025-10-12	3京都4	曇	3.0	2歳未勝利		9	2.0	2	1.8	1.0	2	坂井瑠星	56.0	芝2000		良	**	2:00.1	0.6	**	3-3-3-3	35.8-35.5	35.8	474(-6)			ブレナヴォン	220.0	202508030403
2023103720	2026-01-04	1京都1	晴	2.0	3歳未勝利		16	2.0	4	1.5	1.0	2	坂井瑠星	57.0	ダ1800		良	**	1:53.6	0.1	**	3-3-3-2	36.0-38.0	37.7	490(+16)			タガノエルー	240.0	202608010102
2023103720	2026-01-17	1京都6	晴	1.0	3歳未勝利		10	7.0	8	1.1	1.0	1	坂井瑠星	57.0	ダ1800		良	**	1:54.5	-1.0	**	2-2-2-1	37.0-37.9	37.8	488(-2)			(ジャスティンレビン)	590.0	202608010601
2023103746	2025-06-14	3阪神3	小雨	5.0	2歳新馬		8	8.0	8	59.3	7.0	7	吉村誠之	54.0	芝1200		稍	**	1:12.3	1.8	**	7-7	35.2-35.3	36.3	460(0)			マイオウンウェイ		202509030305
2023103746	2025-06-28	2小倉1	晴	2.0	2歳未勝利		6	5.0	5	94.6	6.0	6	吉村誠之	54.0	芝1200		良	**	1:10.9	1.9	**	6-6	33.2-35.8	37.0	456(-4)			ユウファラオ		202510020102
2023103746	2025-10-25	3京都8	曇	1.0	2歳未勝利		14	4.0	5	29.0	9.0	13	高杉吏麒	56.0	ダ1400		良	**	1:29.9	3.6	**	4-9	34.7-39.6	42.9	466(+10)			ホールオブミラーズ		202508030801
2023103746	2026-01-17	1京都6	晴	2.0	3歳未勝利		16	3.0	6	164.4	11.0	4	鮫島良太	57.0	ダ1200		良	**	1:14.2	0.5	**	1-1	35.7-38.0	38.5	476(+10)			グラスゴー	89.0	202608010602
2023103777	2025-10-25	3京都8	曇	5.0	2歳新馬		14	5.0	7	29.1	9.0	10	高杉吏麒	55.0	芝1600		良	**	1:37.4	2.6	**	9-9	35.7-34.8	36.6	488(0)			アーリーハーベスト		202508030805
2023103777	2026-01-17	1京都6	晴	5.0	3歳未勝利		18	4.0	7	110.5	11.0	17	高杉吏麒	55.0	芝2000		良	**	2:04.5	3.4	**	9-9-8-9	34.8-36.8	39.4	478(-10)			ラコンチャビエン		202608010605
2023103805	2025-10-13	4東京5	晴	6.0	2歳新馬		17	6.0	11	26.9	8.0	15	長浜鴻緒	53.0	芝1600		良	**	1:36.8	2.6	**	17-17	35.1-35.2	34.5	408(0)			ノーザンタイタン		202505040506
2023103805	2025-11-23	5東京5	曇	2.0	2歳未勝利		18	3.0	5	282.7	13.0	10	上里直汰	52.0	芝1800		良	**	1:48.3	1.1	**	17-17-15	35.9-34.7	34.2	406(-2)			リスレジャンデール		202505050502
2023103805	2026-01-17	1中山6	晴	5.0	3歳未勝利		18	2.0	3	369.8	17.0	11	上里直汰	52.0	芝2000		良	**	2:01.3	0.6	**	12-11-10-11	35.6-35.5	35.4	408(+2)			レダアトミカ		202606010605
2023103896	2025-08-23	4中京1	晴	6.0	2歳新馬		12	6.0	8	27.0	9.0	4	団野大成	55.0	ダ1800		良	**	1:56.9	1.8	**	3-3-4-4	39.4-37.7	39.2	488(0)			シュガービスケッツ	110.0	202507040106
2023103896	2025-09-13	4阪神3	曇	1.0	2歳未勝利		8	2.0	2	12.8	5.0	5	団野大成	55.0	ダ1800		良	**	1:56.6	1.9	**	4-4-4-6	37.4-37.9	39.4	484(-4)			ノースミソロジー	56.0	202509040301
2023103896	2025-11-08	4京都1	晴	4.0	2歳未勝利		12	6.0	8	25.3	4.0	5	団野大成	56.0	ダ1800		良	**	1:55.3	1.6	**	7-7-7-6	37.0-37.6	38.7	494(+10)			ジャスティンルマン	56.0	202508040104
2023103896	2025-12-07	5中京2	晴	1.0	2歳未勝利		13	8.0	13	32.3	5.0	8	佐々木大	56.0	ダ1800		良	**	1:56.2	2.4	**	6-4-4-4	37.4-37.6	39.6	486(-8)			リベッチオ		202507050201
2023103896	2025-12-21	5阪神6	雨	1.0	2歳未勝利		12	8.0	12	32.7	5.0	6	松山弘平	56.0	ダ1800		稍	**	1:56.3	2.9	**	8-7-7-7	38.0-37.4	39.5	486(0)			ソルチェリア		202509050601
2023103896	2026-01-17	1京都6	晴	3.0	3歳未勝利		13	6.0	9	25.3	6.0	4	鮫島克駿	57.0	ダ1900		良	**	2:03.7	1.6	**	9-9-9-7	30.4-38.6	39.0	486(0)			テスタヴェローチェ	89.0	202608010603
2023103906	2025-12-13	5中京3	曇	5.0	2歳新馬		12	5.0	6	5.6	3.0	2	鮫島克駿	55.0	芝2000		良	**	2:01.7	0.3	**	8-8-8-7	36.9-33.6	33.3	488(0)			イベントホライゾン	300.0	202507050305
2023103906	2026-01-17	1京都6	晴	5.0	3歳未勝利		18	5.0	10	3.3	1.0	8	鮫島克駿	55.0	芝2000		良	**	2:01.6	0.5	**	9-9-8-8	34.8-36.8	36.5	488(0)			ラコンチャビエン		202608010605
2023103980	2025-08-02	1札幌3	晴	5.0	2歳新馬		11	6.0	7	26.3	7.0	1	橋木太希	52.0	芝1500		良	**	1:29.3	-0.5	**	6-6-7	30.4-34.4	33.9	416(0)			(レッドスティンガー)	750.0	202501010305
2023103980	2025-09-06	2札幌5	曇	11.0	札幌2歳S(GIII)		12	3.0	3	7.3	5.0	9	橋木太希	55.0	芝1800		良	**	1:51.5	0.9	**	7-7-7-6	38.2-36.1	36.2	412(-4)			ショウナンガルフ		202501020511
2023103980	2025-11-01	3京都10	晴	11.0	KBSファンタジーS(GIII)		12	1.0	1	7.8	5.0	6	横山典弘	55.0	芝1400		良	**	1:21.1	0.2	**	11-11	35.3-34.0	32.8	418(+6)			フェスティバルヒル		202508031011
2023103980	2025-11-23	5東京5	曇	9.0	赤松賞(1勝クラス)		8	2.0	2	2.7	1.0	2	横山典弘	55.0	芝1600		良	**	1:33.9	0.3	**	8-8	35.9-33.8	32.9	418(0)			ヒズマスターピース	444.8	202505050509
2023103980	2026-01-17	1中山6	晴	9.0	菜の花賞(1勝クラス)		8	6.0	6	2.1	1.0	7	横山典弘	55.0	芝1600		良	**	1:34.9	0.5	**	8-6-7	35.3-34.6	34.4	418(0)			アメティスタ		202606010609
2023104034	2025-12-14	5阪神4	晴	4.0	2歳新馬		11	2.0	2	4.6	3.0	1	田山旺佑	52.0	芝1400		稍	**	1:22.0	-0.4	**	6-6	34.8-35.4	35.0	426(0)			(ララディアーブル)	750.0	202509050404
2023104034	2026-01-17	1京都6	晴	10.0	紅梅S(L)		9	4.0	4	5.5	2.0	3	高杉吏麒	55.0	芝1400		良	**	1:21.7	1.0	**	8-8	34.8-34.2	33.7	428(+2)			リリージョワ	532.9	202608010610
2023104046	2026-01-17	1京都6	晴	4.0	3歳新馬		16	4.0	8	5.8	3.0	2	鮫島良太	55.0	ダ1400		良	**	1:27.1	0.1	**	9-9	36.4-37.5	36.8	424(0)			ホウショウルクス	260.0	202608010604
2023104065	2025-07-13	2福島6	晴	5.0	2歳新馬		15	7.0	13	31.5	9.0	2	今村聖奈	53.0	芝1800		良	**	1:54.3	0.7	**	5-4-5-3	38.8-35.8	36.0	484(0)			ルージュボヤージュ	300.0	202503020605
2023104065	2025-08-16	2新潟7	晴	1.0	2歳未勝利		13	4.0	5	10.9	4.0	6	今村聖奈	53.0	芝1800		良	**	1:49.0	0.8	**	5-4	36.4-34.4	34.8	476(-8)			ジーネキング		202504020701
2023104065	2025-09-13	4中山3	曇	1.0	2歳未勝利		11	1.0	1	4.3	3.0	5	今村聖奈	53.0	ダ1800		不	**	1:55.6	1.8	**	1-1-1-2	35.8-39.2	41.0	474(-2)			デールエルバハリ	56.0	202506040301
2023104065	2025-10-13	4東京5	曇	1.0	2歳未勝利		15	8.0	15	7.5	4.0	4	横山武史	55.0	ダ1600		良	**	1:40.7	0.7	**	11-11	34.9-39.9	38.7	478(+4)			エコールナヴァール	84.0	202505040501
2023104065	2025-11-23	5東京5	曇	2.0	2歳未勝利		18	2.0	3	43.3	8.0	2	今村聖奈	53.0	芝1800		良	**	1:47.7	0.5	**	8-9-7	35.9-34.7	34.3	470(-8)			リスレジャンデール	220.0	202505050502
2023104065	2025-12-21	5中山6	曇	3.0	2歳未勝利		15	3.0	4	9.9	5.0	4	今村聖奈	53.0	芝1800		重	**	1:52.4	0.2	**	4-3-4-3	38.2-35.0	34.9	472(+2)			ロンギングセリーヌ	84.0	202506050603
2023104065	2026-01-17	1中山6	晴	5.0	3歳未勝利		18	3.0	5	11.8	8.0	3	三浦皇成	55.0	芝2000		良	**	2:00.9	0.2	**	4-3-3-4	35.6-35.5	35.5	480(+8)			レダアトミカ	150.0	202606010605
2023104099	2025-12-06	5阪神1	晴	6.0	2歳新馬		10	2.0	2	45.1	8.0	9	高杉吏麒	56.0	ダ1200		良	**	1:17.3	3.4	**	8-8	36.6-37.3	39.6	430(0)			エルル		202509050106
2023104099	2025-12-27	5阪神7	晴	1.0	2歳未勝利		15	4.0	7	455.6	15.0	11	柴田裕一	54.0	ダ1200		稍	**	1:15.0	2.2	**	12-13	35.5-37.3	38.3	432(+2)			ファイブタンゴ		202509050701
2023104099	2026-01-17	1京都6	晴	2.0	3歳未勝利		16	6.0	12	328.2	14.0	9	古川奈穂	54.0	ダ1200		良	**	1:14.9	1.2	**	11-9	35.7-38.0	38.2	434(+2)			グラスゴー		202608010602
2023104164	2025-07-12	2福島5	曇	5.0	2歳新馬		11	6.0	7	150.5	11.0	10	石神深道	52.0	芝1200		良	**	1:13.7	2.3	**	11-10	35.9-35.5	35.5	400(0)			ミスバレンシア		202503020505
2023104164	2025-08-02	2新潟3	晴	3.0	2歳未勝利		12	7.0	9	110.1	10.0	10	水沼元輝	52.0	芝1000		良	**	0:56.9	1.7	**	11	32.9-32.8	33.0	402(+2)			プリティーミズホ		202504020303
2023104164	2025-08-23	3新潟1	晴	1.0	2歳未勝利		6	1.0	1	25.9	4.0	6	水沼元輝	52.0	芝2000		良	**	2:05.9	1.1	**	6-6-6-6	37.1-36.4	36.1	406(+4)			ストロングエース		202504030101
2023104164	2025-10-25	4新潟3	晴	3.0	2歳未勝利		13	5.0	6	94.5	10.0	12	上里直汰	52.0	芝1800		良	**	1:50.8	2.1	**	10-11	36.3-34.4	35.2	412(+6)			ショウナンダイン		202504040303
2023104164	2025-11-16	5東京4	晴	2.0	2歳未勝利		18	8.0	17	215.9	13.0	18	西塚洸二	54.0	芝1800		良	**	1:52.4	6.1	**	11-2-3	35.2-35.3	41.0	412(0)			ランズダウンロード		202505050402
2023104164	2026-01-17	1中山6	晴	5.0	3歳未勝利		18	5.0	10	634.0	18.0	16	水沼元輝	52.0	芝2000		良	**	2:02.8	2.1	**	16-16-17-16	35.6-35.5	36.3	406(-6)			レダアトミカ		202606010605
2023104252	2026-01-17	1京都6	晴	4.0	3歳新馬		16	1.0	2	48.5	12.0	6	古川奈穂	52.0	ダ1400		良	**	1:28.2	1.2	**	7-4	36.4-37.5	38.2	466(0)			ホウショウルクス		202608010604
2023104255	2025-08-31	4中京4	晴	6.0	2歳新馬		14	8.0	13	32.6	9.0	7	松山弘平	55.0	芝1600		良	**	1:36.1	1.9	**	11-8-8	35.8-34.6	35.6	422(0)			カヴァレリッツォ		202507040406
2023104255	2025-09-15	4阪神5	晴	3.0	2歳未勝利		5	3.0	3	68.1	5.0	5	松山弘平	55.0	芝2000		良	**	2:05.1	1.5	**	5-5-5-5	38.5-33.8	34.6	418(-4)			コロナドブリッジ	56.0	202509040503
2023104255	2025-12-07	5阪神2	晴	2.0	2歳未勝利		16	1.0	1	87.6	12.0	11	鮫島克駿	56.0	ダ1400		良	**	1:28.2	2.5	**	6-9	34.8-38.0	40.1	432(+14)			ジョアン		202509050202
2023104255	2025-12-27	5阪神7	晴	1.0	2歳未勝利		15	7.0	12	86.2	10.0	5	鮫島克駿	56.0	ダ1200		稍	**	1:13.8	1.0	**	7-7	35.5-37.3	37.7	428(-4)			ファイブタンゴ	56.0	202509050701
2023104255	2026-01-17	1京都6	晴	2.0	3歳未勝利		16	8.0	15	28.8	8.0	10	鮫島克駿	57.0	ダ1200		良	**	1:15.0	1.3	**	6-5	35.7-38.0	38.5	426(-2)			グラスゴー		202608010602
2023104341	2025-10-19	4新潟2	曇	5.0	2歳新馬		18	8.0	16	32.7	9.0	4	石田拓郎	53.0	芝1400		稍	**	1:24.4	0.7	**	9-9	35.7-35.9	35.7	458(0)			ヘルモソブレード	110.0	202504040205
2023104341	2025-11-01	4東京10	晴	2.0	2歳未勝利		12	3.0	3	6.4	3.0	4	菅原明良	56.0	芝1400		稍	**	1:23.9	0.4	**	1-1	36.9-34.0	34.4	458(0)			モルニケ	84.0	202505041002
2023104341	2025-12-06	5中山1	晴	3.0	2歳未勝利		15	5.0	9	28.8	8.0	5	菅原明良	56.0	芝1600		良	**	1:35.7	0.3	**	4-4-4	36.2-34.2	34.1	458(0)			スミッコディスコ	56.0	202506050103
2023104341	2025-12-20	5中山5	小雨	3.0	2歳未勝利		16	6.0	12	116.4	12.0	5	菅原明良	56.0	芝1800		良	**	1:48.6	1.0	**	2-2-2-2	36.4-34.4	35.3	458(0)			ミスターライト	56.0	202506050503
2023104341	2026-01-17	1中山6	晴	2.0	3歳未勝利		16	8.0	15	4.0	2.0	7	菅原明良	57.0	ダ1800		良	**	1:58.4	2.9	**	4-6-7-7	37.7-39.6	41.7	458(0)			ウリズンベー		202606010602
2023104371	2025-10-04	4東京1	曇	5.0	2歳新馬		17	4.0	8	3.2	1.0	5	三浦皇成	56.0	芝1800		良	**	1:48.8	0.5	**	10-9-9	37.1-34.2	34.0	474(0)			カレントゥルーシー	75.0	202505040105
2023104371	2025-11-02	4東京11	曇	3.0	2歳未勝利		10	1.0	1	3.5	2.0	3	三浦皇成	56.0	芝1800		良	**	1:47.8	0.3	**	5-6-6	36.1-35.1	34.8	468(-6)			タッセルノット	140.0	202505041103
2023104371	2026-01-17	1中山6	晴	5.0	3歳未勝利		18	7.0	13	28.2	10.0	5	田辺裕信	57.0	芝2000		良	**	2:01.0	0.3	**	11-11-14-14	35.6-35.5	34.7	462(-6)			レダアトミカ	59.0	202606010605
2023104433	2025-08-23	4中京1	晴	6.0	2歳新馬		12	6.0	7	14.6	6.0	12	小沢大仁	55.0	ダ1800		良	**	2:07.7	12.6	**	6-6-6-10	39.4-37.7	49.7	506(0)			シュガービスケッツ		202507040106
2023104433	2025-12-14	5中京4	曇	2.0	2歳未勝利		13	7.0	11	159.0	13.0	11	富田暁	56.0	ダ1400		稍	**	1:28.2	2.3	**	12-11	34.5-39.1	39.5	502(-4)			クラシオン		202507050402
2023104433	2025-12-27	5阪神7	晴	1.0	2歳未勝利		15	1.0	1	91.2	11.0	15	富田暁	56.0	ダ1200		稍	**	1:16.3	3.5	**	13-13	35.5-37.3	39.5	508(+6)			ファイブタンゴ		202509050701
2023104433	2026-01-17	1京都6	晴	2.0	3歳未勝利		16	1.0	1	482.0	15.0	6	松若風馬	57.0	ダ1200		良	**	1:14.3	0.6	**	6-6	35.7-38.0	37.9	502(-6)			グラスゴー		202608010602
2023104586	2026-01-04	1京都1	晴	4.0	3歳新馬		12	3.0	3	63.3	9.0	6	和田竜二	57.0	ダ1800		良	**	1:56.8	1.6	**	5-5-8-8	36.4-39.6	39.1	504(0)			ペイシャプル		202608010104
2023104586	2026-01-17	1京都6	晴	3.0	3歳未勝利		13	7.0	11	10.3	5.0	13	松山弘平	57.0	ダ1900		良	**	2:07.5	5.4	**	2-2-5-7	30.4-38.6	43.0	502(-2)			テスタヴェローチェ		202608010603
2023104677	2026-01-17	1京都6	晴	4.0	3歳新馬		16	6.0	11	121.2	14.0	16	和田陽希	52.0	ダ1400		良	**	1:34.3	7.3	**	16-16	36.4-37.5	40.9	478(0)			ホウショウルクス		202608010604
2023104764	2025-09-06	4中山1	晴	5.0	2歳新馬		16	2.0	3	21.2	5.0	4	石神深道	52.0	芝1200		良	**	1:09.5	0.5	**	9-7	34.3-34.7	34.0	488(0)			ランプローグ	110.0	202506040105
2023104764	2026-01-17	1中山6	晴	1.0	3歳未勝利		16	7.0	14	4.2	2.0	5	石神深道	54.0	ダ1200		良	**	1:14.0	1.0	**	5-7	34.4-38.6	39.0	498(+10)			サントマーレ	59.0	202606010601
2023104775	2026-01-17	1京都6	晴	4.0	3歳新馬		16	5.0	10	139.5	15.0	13	斎藤新	55.0	ダ1400		良	**	1:29.5	2.5	**	15-15	36.4-37.5	38.3	432(0)			ホウショウルクス		202608010604
2023104932	2025-06-28	1函館5	晴	5.0	2歳新馬		16	5.0	9	112.8	15.0	15	横山和生	55.0	芝1200		稍	**	1:12.7	2.6	**	14-14	34.4-35.7	35.9	452(0)			フィオラーノ		202502010505
2023104932	2025-09-06	2札幌5	晴	1.0	2歳未勝利		10	7.0	8	45.4	8.0	8	松岡正海	55.0	ダ1700		良	**	1:51.5	2.7	**	10-10-10-10	30.9-39.0	40.2	458(+6)			リピース		202501020501
2023104932	2025-09-20	4中山6	曇	1.0	2歳未勝利		13	4.0	4	277.6	12.0	9	黛弘人	55.0	ダ1800		重	**	1:59.1	3.4	**	11-12-12-11	37.2-40.2	41.1	462(+4)			ラフレードピエル		202506040601
2023104932	2025-10-18	4新潟1	曇	2.0	2歳未勝利		14	8.0	14	288.5	13.0	13	丸田恭介	56.0	ダ1800		良	**	1:59.5	4.8	**	11-13-10-12	37.0-39.0	42.3	466(+4)			ゴールデンブラッド		202504040102
2023104932	2026-01-17	1中山6	晴	2.0	3歳未勝利		16	4.0	7	415.2	15.0	13	松岡正海	57.0	ダ1800		良	**	1:59.6	4.1	**	8-9-10-11	37.7-39.6	42.2	472(+6)			ウリズンベー		202606010602
2023104954	2026-01-17	1中山6	晴	1.0	3歳未勝利		16	1.0	2	342.9	15.0	16	菅原隆一	55.0	ダ1200		良	**	1:15.9	2.9	**	16-16	34.4-38.6	39.2	404(0)			サントマーレ		202606010601
2023104957	2025-11-30	4京都8	晴	6.0	2歳新馬		8	8.0	8	100.3	8.0	5	河原田菜	51.0	芝2000		良	**	2:03.8	1.5	**	8-8-8-8	37.3-34.9	35.3	428(0)			パラディオン	75.0	202508040806
2023104957	2025-12-14	5中京4	曇	4.0	2歳未勝利		13	7.0	10	67.0	10.0	10	河原田菜	51.0	芝2000		稍	**	2:04.1	2.1	**	10-9-10-10	36.7-35.5	36.6	426(-2)			グレーヌドジョワ		202507050404
2023104957	2026-01-05	1京都2	晴	1.0	3歳未勝利		14	4.0	5	130.1	12.0	11	河原田菜	51.0	ダ1800		良	**	1:56.6	3.1	**	11-11-12-12	35.6-38.7	39.4	430(+4)			ルージュビバーチェ		202608010201
2023104957	2026-01-17	1京都6	晴	5.0	3歳未勝利		18	8.0	17	576.1	17.0	14	菱田裕二	55.0	芝2000		良	**	2:03.9	2.8	**	15-15-15-16	34.8-36.8	37.7	430(0)			ラコンチャビエン		202608010605
2023104992	2025-08-10	2新潟6	雨	3.0	2歳新馬		15	7.0	13	22.5	7.0	9	菊沢一樹	55.0	ダ1200		稍	**	1:15.5	2.7	**	6-7	34.7-38.1	39.4	496(0)			マイネルミストラル		202504020603
2023104992	2025-09-15	4中山5	曇	1.0	2歳未勝利		16	2.0	3	21.5	6.0	3	菊沢一樹	55.0	ダ1200		良	**	1:13.7	0.4	**	7-7	33.7-39.6	39.3	488(-8)			トップマジシャン	140.0	202506040501
2023104992	2025-10-13	4東京5	晴	2.0	2歳未勝利		13	5.0	6	15.0	6.0	8	菊沢一樹	56.0	ダ1400		良	**	1:28.5	2.0	**	4-4	36.1-37.6	39.0	498(+10)			エッジアキュート		202505040502
2023104992	2026-01-05	1中山2	晴	1.0	3歳未勝利		16	6.0	11	8.3	4.0	3	菊沢一樹	57.0	ダ1200		稍	**	1:13.1	0.7	**	12-10	34.8-37.6	37.3	496(-2)			ヴァイオスペース	150.0	202606010201
2023104992	2026-01-17	1中山6	晴	1.0	3歳未勝利		16	2.0	4	6.8	4.0	6	菊沢一樹	57.0	ダ1200		良	**	1:14.0	1.0	**	5-5	34.4-38.6	39.1	492(-4)			サントマーレ		202606010601
2023105008	2025-10-12	4東京4	曇	4.0	2歳新馬		16	1.0	2	5.9	3.0	6	武豊	56.0	ダ1300		良	**	1:21.3	0.5	**	7-8	30.0-37.9	37.9	488(0)			レイオブファイア		202505040404
2023105008	2025-10-25	3京都8	曇	2.0	2歳未勝利		11	8.0	11	3.3	2.0	1	坂井瑠星	56.0	ダ1800		良	**	1:55.6	-0.5	**	3-3-3-2	38.7-37.7	37.3	484(-4)			(サンライズケヴィン)	560.0	202508030802
2023105008	2026-01-17	1京都6	晴	6.0	3歳1勝クラス		8	8.0	8	22.2	7.0	7	武豊	57.0	ダ1800		良	**	1:55.6	2.0	**	8-7-7-7	37.7-36.5	37.7	494(+10)			トリグラフヒル		202608010606
2023105060	2026-01-17	1中山6	晴	3.0	3歳新馬		16	8.0	15	3.8	2.0	4	横山和生	57.0	ダ1800		良	**	1:57.1	0.2	**	1-1-1-1	38.4-40.2	40.4	524(0)			ガムラスタン	98.0	202606010603
2023105203	2025-10-05	3京都2	曇	4.0	2歳新馬		12	5.0	6	3.2	1.0	1	酒井学	55.0	芝1200		稍	**	1:10.0	-0.2	**	2-2	35.2-34.8	34.7	418(0)			(ヒバリノコ)	750.0	202508030204
2023105203	2025-11-01	3京都10	晴	11.0	KBSファンタジーS(GIII)		12	4.0	4	24.8	7.0	9	酒井学	55.0	芝1400		良	**	1:21.7	0.8	**	1-1	35.3-34.0	34.8	418(0)			フェスティバルヒル		202508031011
2023105203	2025-12-13	5中山3	曇	9.0	黒松賞(1勝クラス)		13	1.0	1	10.5	6.0	1	石橋脩	55.0	芝1200		良	**	1:08.2	-0.4	**	1-1	34.3-33.9	33.9	418(0)			(ロンドンオービタル)	1138.0	202506050309
2023105203	2026-01-17	1京都6	晴	10.0	紅梅S(L)		9	5.0	5	56.7	8.0	7	酒井学	55.0	芝1400		良	**	1:22.3	1.6	**	5-5	34.8-34.2	34.8	410(-8)			リリージョワ		202608010610
2023105230	2025-11-15	5東京3	晴	5.0	2歳新馬		10	7.0	7	30.7	6.0	5	北村宏司	55.0	芝1800		良	**	1:49.3	0.6	**	7-5-5	37.3-33.9	33.9	446(0)			コレオシークエンス	75.0	202505050305
2023105230	2026-01-17	1中山6	晴	5.0	3歳未勝利		18	4.0	7	77.8	13.0	15	北村宏司	55.0	芝2000		良	**	2:02.5	1.8	**	18-18-14-14	35.6-35.5	36.2	436(-10)			レダアトミカ		202606010605
2023105246	2025-11-29	5東京7	晴	5.0	2歳新馬		13	6.0	8	7.3	3.0	2	横山和生	55.0	芝1600		良	**	1:35.3	0.0	**	1-1	36.3-34.0	34.0	504(0)			ヴァロアーク	300.0	202505050705
2023105246	2025-12-21	5中山6	曇	3.0	2歳未勝利		15	7.0	12	5.5	3.0	1	横山和生	55.0	芝1800		重	**	1:52.2	0.0	**	1-1-1-1	38.2-35.0	35.0	502(-2)			(バンオンタイム)	560.0	202506050603
2023105246	2026-01-17	1中山6	晴	9.0	菜の花賞(1勝クラス)		8	3.0	3	5.9	3.0	3	横山和生	55.0	芝1600		良	**	1:34.7	0.3	**	1-1-1	35.3-34.6	34.9	496(-6)			アメティスタ	292.6	202606010609
2023105272	2025-09-07	4中山2	晴	6.0	2歳新馬		16	5.0	9	4.7	1.0	2	津村明秀	55.0	ダ1800		良	**	1:56.9	0.3	**	2-3-2-2	37.1-40.3	40.6	510(0)			ヴァレンティーニ	300.0	202506040206
2023105272	2025-09-21	4阪神7	晴	3.0	2歳未勝利		11	4.0	4	2.4	1.0	4	藤岡佑介	55.0	ダ1800		良	**	1:56.8	0.7	**	7-5-6-5	38.2-38.8	38.9	504(-6)			タガノアバンドーネ	84.0	202509040703
2023105272	2025-11-08	4京都1	晴	1.0	2歳未勝利		12	7.0	10	2.3	1.0	1	坂井瑠星	55.0	ダ1800		良	**	1:53.3	-0.7	**	1-1-1-1	36.4-37.7	37.7	506(+2)			(ジーティービキニ)	560.0	202508040101
2023105272	2026-01-17	1京都6	晴	6.0	3歳1勝クラス		8	4.0	4	5.2	3.0	2	川田将雅	55.0	ダ1800		良	**	1:53.8	0.2	**	1-1-1-1	37.7-36.5	36.7	500(-6)			トリグラフヒル	330.0	202608010606
2023105294	2025-07-20	1函館12	晴	5.0	2歳新馬		9	8.0	9	3.7	2.0	5	池添謙一	55.0	芝1800		良	**	1:49.5	0.8	**	3-2-1-1	37.3-34.8	35.6	466(0)			アーレムアレス	75.0	202502011205
2023105294	2026-01-05	1京都2	晴	5.0	3歳未勝利		17	4.0	8	4.6	3.0	4	池添謙一	57.0	芝2000		良	**	2:02.6	0.3	**	5-4-4-3	35.7-36.0	36.0	480(+14)			タガノアルトゥーラ	89.0	202608010205
2023105294	2026-01-17	1京都6	晴	3.0	3歳未勝利		13	8.0	12	2.9	2.0	2	池添謙一	57.0	ダ1900		良	**	2:02.1	0.0	**	3-2-2-2	30.4-38.6	38.4	486(+6)			テスタヴェローチェ	240.0	202608010603
2023105300	2025-08-17	3中京8	晴	3.0	2歳新馬		9	2.0	2	2.4	1.0	1	坂井瑠星	55.0	芝1600		良	**	1:36.2	0.0	**	2-2-2	37.2-34.2	34.0	442(0)			(メイクワンズデイ)	750.0	
2023105300	2025-09-20	4阪神6	曇	8.0	野路菊S(OP)		6	6.0	6	2.4	2.0	2	坂井瑠星	55.0	芝1600		良	**	1:34.1	0.6	**	1-1	35.8-33.9	34.5	442(0)			アランカール	644.0	202507030803
2023105300	2025-10-31	デルマー			BCJフィリーズターフ(GI)		12		6		5.0	11	坂井瑠星	55.5	芝1600		良								計不					202509040608
2023105300	2026-01-17	1京都6	晴	10.0	紅梅S(L)		9	7.0	7	12.2	5.0	9	坂井瑠星	55.0	芝1400		良	**	1:23.4	2.7	**	3-3	34.8-34.2	36.1	446(0)			リリージョワ		202608010610
2023105312	2025-09-06	2札幌5	晴	5.0	2歳新馬		10	5.0	5	2.8	1.0	1	浜中俊	55.0	芝1500		良	**	1:29.4	-0.5	**	4-2-2	29.7-35.4	35.2	444(0)			(ゴバド)	750.0	202501020505
2023105312	2025-10-19	3京都7	曇	9.0	もみじS(OP)		7	7.0	7	2.7	2.0	1	ルメール	55.0	芝1400		良	**	1:20.5	-0.1	**	1-1	35.1-34.2	34.2	434(-10)			(ダイヤモンドノット)	1618.9	202508030709
2023105312	2026-01-17	1京都6	晴	10.0	紅梅S(L)		9	8.0	9	1.6	1.0	1	ルメール	55.0	芝1400		良	**	1:20.7	-0.7	**	1-1	34.8-34.2	34.2	450(+16)			(プリンセスモコ)	2120.3	202608010610
2023105432	2025-08-23	3新潟1	晴	5.0	2歳新馬		13	7.0	10	77.8	11.0	6	石神深道	52.0	芝1600		良	**	1:39.0	0.4	**	3-3	38.3-33.8	33.8	464(0)			ローザレイア		202504030105
2023105432	2025-09-07	4阪神2	晴	2.0	2歳未勝利		7	6.0	6	42.8	5.0	6	長岡禎仁	55.0	芝1600		良	**	1:35.2	1.3	**	4-5	34.8-34.9	35.6	460(-4)			カクウチ		202509040202
2023105432	2026-01-04	1中山1	晴	5.0	3歳未勝利		16	7.0	14	171.2	13.0	10	長岡禎仁	57.0	芝1600		良	**	1:35.6	1.1	**	6-7-9	35.1-35.6	35.9	474(+14)			タイセイアストロ		202606010105
2023105432	2026-01-17	1中山6	晴	2.0	3歳未勝利		16	5.0	10	56.6	9.0	12	石神深道	54.0	ダ1800		良	**	1:59.4	3.9	**	8-7-7-8	37.7-39.6	42.7	472(-2)			ウリズンベー		202606010602
2023105466	2025-12-28	5阪神8	晴	4.0	2歳新馬		16	5.0	9	3.1	2.0	2	吉村誠之	55.0	ダ1400		良	**	1:27.5	0.3	**	2-1	34.9-39.8	40.1	468(0)			ソルオーブ	300.0	202509050804
2023105466	2026-01-17	1京都6	晴	2.0	3歳未勝利		16	6.0	11	3.2	2.0	3	吉村誠之	55.0	ダ1200		良	**	1:14.0	0.3	**	2-2	35.7-38.0	37.9	462(-6)			グラスゴー	150.0	202608010602
2023105587	2025-09-13	4阪神3	曇	6.0	2歳新馬		13	8.0	13	22.5	6.0	13	川須栄彦	55.0	ダ1400		良	**	1:29.6	3.8	**	8-10	34.8-38.6	41.4	444(0)			クリムゾンキャット		202509040306
2023105587	2025-11-22	4京都5	晴	3.0	2歳未勝利		18	2.0	3	126.8	12.0	12	団野大成	55.0	芝1200		良	**	1:11.4	2.8	**	13-13	33.6-35.0	35.9	450(+6)			トップアタック		202508040503
2023105587	2025-11-29	4京都7	晴	3.0	2歳未勝利		14	5.0	7	489.0	14.0	10	柴田裕一	53.0	芝1600		良	**	1:35.8	1.2	**	12-13	35.0-35.2	35.5	450(0)			トミーバローズ		202508040703
2023105587	2026-01-17	1京都6	晴	5.0	3歳未勝利		18	3.0	5	465.7	16.0	6	柴田裕一	53.0	芝2000		良	**	2:01.3	0.2	**	12-11-11-13	34.8-36.8	35.9	448(-2)			ラコンチャビエン		202608010605
2023105641	2026-01-11	1京都4	晴	2.0	3歳新馬		16	4.0	8	203.2	16.0	14	川又賢治	55.0	ダ1800		良	**	1:57.9	2.7	**	11-13-13-14	36.5-40.1	40.8	466(0)			ハッピーラブソング		202608010402
2023105641	2026-01-17	1京都6	晴	3.0	3歳未勝利		13	5.0	6	360.1	12.0	7	川又賢治	55.0	ダ1900		良	**	2:04.1	2.0	**	5-5-5-5	30.4-38.6	39.7	458(-8)			テスタヴェローチェ		202608010603
2023105644	2026-01-17	1中山6	晴	3.0	3歳新馬		16	6.0	11	21.5	7.0	11	横山武史	57.0	ダ1800		良	**	1:59.3	2.4	**	12-11-12-12	38.4-40.2	40.6	522(0)			ガムラスタン		202606010603
2023105651	2025-10-12	4東京4	曇	5.0	2歳新馬		12	6.0	8	17.4	5.0	5	丸山元気	56.0	芝2000		良	**	2:01.1	0.9	**	2-2-2	36.9-34.1	34.9	462(0)			イクシード	75.0	202505040405
2023105651	2025-11-08	3福島1	晴	2.0	2歳未勝利		16	7.0	14	14.9	7.0	15	丸山元気	56.0	芝1800		良	**	1:50.1	2.5	**	4-5-6-12	34.6-36.3	38.3	458(-4)			ハーディジェナー		202503030102
2023105651	2026-01-17	1中山6	晴	5.0	3歳未勝利		18	6.0	12	204.9	14.0	17	丸山元気	57.0	芝2000		良	**	2:03.2	2.5	**	16-16-18-16	35.6-35.5	36.4	462(+4)			レダアトミカ		202606010605
2023105729	2026-01-17	1京都6	晴	4.0	3歳新馬		16	3.0	6	9.6	5.0	5	松山弘平	55.0	ダ1400		良	**	1:27.5	0.5	**	2-2	36.4-37.5	37.7	438(0)			ホウショウルクス	65.0	202608010604
2023105765	2026-01-17	1京都6	晴	4.0	3歳新馬		16	7.0	13	3.4	1.0	3	藤岡佑介	55.0	ダ1400		良	**	1:27.2	0.2	**	5-4	36.4-37.5	37.2	470(0)			ホウショウルクス	160.0	202608010604
2023105803	2025-09-15	4中山5	曇	5.0	2歳新馬		13	6.0	8	21.8	7.0	7	丹内祐次	55.0	芝1600		良	**	1:37.6	0.7	**	11-11-8	37.3-34.8	34.7	434(0)			サンダーストラック		202506040505
2023105803	2025-10-04	4東京1	曇	1.0	2歳未勝利		16	5.0	10	13.5	5.0	6	横山和生	55.0	ダ1600		良	**	1:41.8	2.9	**	3-2	35.1-38.7	41.3	430(-4)			テンカムテキ		202505040101
2023105803	2026-01-04	1中山1	晴	1.0	3歳未勝利		16	4.0	7	22.4	5.0	5	矢野貴之	55.0	ダ1200		稍	**	1:14.0	1.3	**	8-8	33.8-38.9	39.2	428(-2)			フュルスティン	59.0	202606010101
2023105803	2026-01-17	1中山6	晴	1.0	3歳未勝利		16	4.0	8	49.3	9.0	8	横山和生	55.0	ダ1200		良	**	1:14.5	1.5	**	9-7	34.4-38.6	39.1	426(-2)			サントマーレ		202606010601
2023105807	2025-10-12	3京都4	曇	5.0	2歳新馬		13	2.0	2	27.1	8.0	2	高杉吏麒	55.0	芝2000		良	**	2:00.5	0.0	**	3-3-4-4	36.1-35.3	33.8	462(0)			ヴィサージュ	300.0	202508030405
2023105807	2025-11-15	3福島3	晴	3.0	2歳未勝利		16	3.0	5	1.9	1.0	1	西塚洸二	54.0	芝2000		良	**	2:01.1	-0.1	**	4-5-5-5	34.5-36.0	35.7	470(+8)			(アストリル)	560.0	202503030303
2023105807	2026-01-17	1中山6	晴	9.0	菜の花賞(1勝クラス)		8	1.0	1	3.5	2.0	1	横山武史	55.0	芝1600		良	**	1:34.4	0.0	**	3-3-3	35.3-34.6	34.2	462(-8)			(ファンクション)	1158.2	202606010609
2023106011	2025-12-07	5阪神2	晴	5.0	2歳新馬		17	6.0	12	22.3	9.0	4	和田竜二	56.0	芝1600		良	**	1:36.6	0.4	**	3-2	36.4-34.1	34.4	494(0)			アンソニー	110.0	202509050205
2023106011	2025-12-28	5阪神8	晴	1.0	2歳未勝利		13	4.0	5	1.8	1.0	1	和田竜二	56.0	ダ1800		良	**	1:55.3	0.0	**	3-3-3-3	37.6-38.7	38.4	494(0)			(ジューンセクレタ)	560.0	202509050801
2023106011	2026-01-17	1京都6	晴	6.0	3歳1勝クラス		8	1.0	1	61.8	8.0	4	田口貫太	57.0	ダ1800		良	**	1:54.8	1.2	**	3-3-3-3	37.7-36.5	37.4	490(-4)			トリグラフヒル	120.0	202608010606
2023106052	2026-01-17	1中山6	晴	3.0	3歳新馬		16	3.0	5	14.0	5.0	5	菊沢一樹	57.0	ダ1800		良	**	1:57.2	0.3	**	10-9-10-10	38.4-40.2	38.9	518(0)			ガムラスタン	65.0	202606010603
2023106060	2026-01-17	1中山6	晴	3.0	3歳新馬		16	3.0	6	11.3	4.0	3	津村明秀	57.0	ダ1800		良	**	1:57.0	0.1	**	5-5-7-6	38.4-40.2	39.5	484(0)			ガムラスタン	160.0	202606010603
2023106078	2025-11-16	5東京4	晴	4.0	2歳新馬		16	3.0	5	22.6	6.0	8	小崎綾也	56.0	ダ1600		良	**	1:41.5	1.0	**	8-7	36.9-36.9	37.3	480(0)			アジアントレジャー		202505050404
2023106078	2026-01-04	1京都1	晴	2.0	3歳未勝利		16	4.0	8	26.8	6.0	4	小崎綾也	57.0	ダ1800		良	**	1:55.1	1.6	**	12-11-8-7	36.0-38.0	38.5	482(+2)			タガノエルー	89.0	202608010102
2023106078	2026-01-17	1京都6	晴	1.0	3歳未勝利		10	6.0	6	56.8	5.0	3	小崎綾也	57.0	ダ1800		良	**	1:56.6	2.1	**	8-8-6-5	37.0-37.9	39.3	480(-2)			リアライズグリント	150.0	202608010601
2023106219	2025-11-24	3福島6	晴	5.0	2歳新馬		16	7.0	13	4.4	2.0	3	横山武史	55.0	芝1800		良	**	1:51.2	0.6	**	12-12-9-10	37.9-34.5	34.3	482(0)			ファンクション	190.0	202503030605
2023106219	2025-12-21	5中山6	曇	3.0	2歳未勝利		15	5.0	9	6.2	4.0	5	横山武史	55.0	芝1800		重	**	1:52.5	0.3	**	12-12-4-3	38.2-35.0	35.0	490(+8)			ロンギングセリーヌ	56.0	202506050603
2023106219	2026-01-17	1中山6	晴	5.0	3歳未勝利		18	2.0	4	9.6	7.0	2	横山武史	55.0	芝2000		良	**	2:00.7	0.0	**	13-13-13-11	35.6-35.5	34.5	494(+4)			レダアトミカ	240.0	202606010605
2023106247	2025-09-28	4中山9	晴	4.0	2歳新馬		16	4.0	8	199.8	13.0	13	遠藤汰月	52.0	ダ1200		良	**	1:15.8	3.2	**	12-12	35.2-37.4	39.2	478(0)			サノノアルペン		202506040904
2023106247	2025-12-27	5中山7	曇	3.0	2歳未勝利		16	5.0	10	718.0	16.0	14	遠藤汰月	53.0	ダ1200		稍	**	1:14.9	3.2	**	15-15	33.7-38.0	38.7	494(+16)			パータリプトラ		202506050703
2023106247	2026-01-17	1中山6	晴	1.0	3歳未勝利		16	1.0	1	444.9	16.0	12	岩部純二	57.0	ダ1200		良	**	1:15.3	2.3	**	14-13	34.4-38.6	39.2	484(-10)			サントマーレ		202606010601
2023106298	2026-01-17	1京都6	晴	4.0	3歳新馬		16	1.0	1	6.8	4.0	1	角田大和	55.0	ダ1400		良	**	1:27.0	-0.1	**	1-1	36.4-37.5	37.5	446(0)			(プリンセスアツコ)	650.0	202608010604
2023106331	2025-10-11	4東京3	雨	4.0	2歳新馬		16	3.0	5	74.6	12.0	11	遠藤汰月	53.0	ダ1400		稍	**	1:29.7	4.3	**	4-4	36.2-37.0	40.3	454(0)			ウィッキドピケット		202505040304
2023106331	2025-10-26	4東京9	小雨	1.0	2歳未勝利		14	6.0	10	228.9	14.0	12	遠藤汰月	53.0	ダ1400		不	**	1:28.3	2.8	**	5-4	36.4-36.7	39.0	450(-4)			エスシーレイジュ		202505040901
2023106331	2025-12-21	5中山6	曇	1.0	2歳未勝利		16	3.0	6	109.4	13.0	8	遠藤汰月	53.0	ダ1200		不	**	1:13.2	1.9	**	8-9	34.5-36.8	38.1	454(+4)			ホウオウヘッセン		202506050601
2023106331	2026-01-17	1中山6	晴	1.0	3歳未勝利		16	8.0	16	311.5	14.0	4	遠藤汰月	54.0	ダ1200		良	**	1:13.4	0.4	**	3-3	34.4-38.6	38.7	450(-4)			サントマーレ	89.0	202606010601
2023106374	2025-11-01	4東京10	晴	4.0	2歳新馬		16	5.0	10	262.7	16.0	12	原田和真	56.0	ダ1400		不	**	1:27.4	2.9	**	11-10	35.6-36.3	37.9	522(0)			ビルバンテ		202505041004
2023106374	2026-01-04	1中山1	晴	4.0	3歳未勝利		12	5.0	6	313.9	12.0	12	原田和真	57.0	ダ1800		稍	**	1:59.6	4.4	**	11-11-11-11	36.5-40.7	43.8	522(0)			サトノリシャール		202606010104
2023106374	2026-01-17	1中山6	晴	2.0	3歳未勝利		16	8.0	16	341.6	14.0	15	原田和真	57.0	ダ1800		良	**	2:03.6	8.1	**	7-7-12-15	37.7-39.6	46.0	506(-16)			ウリズンベー		202606010602
2023106551	2025-12-28	5阪神8	晴	4.0	2歳新馬		16	2.0	3	71.5	11.0	13	田口貫太	56.0	ダ1400		良	**	1:30.5	3.3	**	12-15	34.9-39.8	40.9	456(0)			ソルオーブ		202509050804
2023106551	2026-01-17	1京都6	晴	1.0	3歳未勝利		10	7.0	7	343.8	8.0	7	和田陽希	54.0	ダ1800		良	**	1:57.4	2.9	**	5-5-9-9	37.0-37.9	39.7	450(-6)			リアライズグリント		202608010601
2023106554	2026-01-17	1中山6	晴	3.0	3歳新馬		16	4.0	8	21.8	8.0	10	石神深道	54.0	ダ1800		良	**	1:58.3	1.4	**	2-2-5-6	38.4-40.2	41.0	484(0)			ガムラスタン		202606010603
2023106582	2025-06-15	3東京4	曇	5.0	2歳新馬		10	2.0	2	95.4	9.0	9	小林脩斗	55.0	芝1600		稍	**	1:40.0	4.3	**	8-9	36.4-34.8	38.1	468(0)			リアライズシリウス		202505030405
2023106582	2025-09-07	4中山2	晴	4.0	2歳未勝利		10	5.0	5	75.5	7.0	7	小林脩斗	55.0	芝2000		良	**	2:05.7	0.9	**	9-9-7-2	38.6-34.2	34.4	484(+16)			マイネルマスター		202506040204
2023106582	2025-09-20	4中山6	曇	2.0	2歳未勝利		14	4.0	5	145.9	12.0	7	杉原誠人	55.0	芝2000		良	**	2:02.7	1.1	**	7-6-7-7	37.0-34.8	35.3	480(-4)			ポルフュロゲネトス		202506040602
2023106582	2025-11-02	4東京11	曇	3.0	2歳未勝利		10	4.0	4	127.5	7.0	7	小林脩斗	56.0	芝1800		良	**	1:48.9	1.4	**	9-8-9	36.1-35.1	35.7	484(+4)			タッセルノット		202505041103
2023106582	2025-11-16	5東京4	晴	2.0	2歳未勝利		18	5.0	10	421.5	14.0	15	小林脩斗	56.0	芝1800		良	**	1:48.5	2.2	**	11-9-8	35.2-35.3	36.7	482(-2)			ランズダウンロード		202505050402
2023106582	2025-12-06	5中山1	曇	9.0	葉牡丹賞(1勝クラス)		11	8.0	11	512.5	11.0	10	小林脩斗	56.0	芝2000		良	**	2:01.7	3.5	**	10-10-9-10	35.1-35.3	37.6	476(-6)			サノノグレーター		202506050109
2023106582	2026-01-04	1中山1	晴	2.0	3歳未勝利		13	7.0	10	184.1	10.0	11	遠藤汰月	54.0	ダ1800		稍	**	1:59.3	4.8	**	12-12-11-11	38.5-37.9	41.1	476(0)			フィンガー		202606010102
2023106582	2026-01-17	1中山6	晴	2.0	3歳未勝利		16	6.0	12	559.4	16.0	14	遠藤汰月	54.0	ダ1800		良	**	1:59.9	4.4	**	11-11-9-10	37.7-39.6	42.9	476(0)			ウリズンベー		202606010602
2023106620	2025-08-17	1札幌8	雨	5.0	2歳新馬		5	4.0	4	5.8	3.0	3	池添謙一	55.0	芝1800		稍	**	1:54.1	1.5	**	2-2-2-2	39.7-35.6	37.0	444(0)			ジャスティンシカゴ	190.0	202501010805
2023106620	2025-08-30	2札幌3	小雨	2.0	2歳未勝利		7	1.0	1	15.5	4.0	3	横山和生	55.0	芝1800		稍	**	1:53.1	0.9	**	1-1-1-1	37.7-36.7	37.6	448(+4)			ノチェセラーダ	140.0	202501020302
2023106620	2025-12-20	5中山5	小雨	3.0	2歳未勝利		16	6.0	11	32.6	7.0	10	横山和生	56.0	芝1800		良	**	1:49.1	1.5	**	14-14-11-9	36.4-34.4	35.2	460(+12)			ミスターライト		202506050503
2023106620	2026-01-17	1中山6	晴	2.0	3歳未勝利		16	7.0	14	5.0	3.0	9	戸崎圭太	57.0	ダ1800		良	**	1:58.6	3.1	**	2-3-2-2	37.7-39.6	42.6	464(+4)			ウリズンベー		202606010602
2023106639	2026-01-04	1京都1	曇	5.0	3歳新馬		18	8.0	18	243.8	16.0	15	川端海翼	52.0	芝1800		良	**	1:52.6	2.1	**	17-17	36.2-34.7	35.3	448(0)			タイキルッジェーロ		202608010105
2023106639	2026-01-17	1京都6	晴	5.0	3歳未勝利		18	6.0	11	731.7	18.0	15	川端海翼	52.0	芝2000		良	**	2:04.0	2.9	**	15-16-18-18	34.8-36.8	37.4	446(-2)			ラコンチャビエン		202608010605
2023106686	2026-01-17	1中山6	晴	3.0	3歳新馬		16	1.0	1	82.7	13.0	13	松岡正海	57.0	ダ1800		良	**	2:00.2	3.3	**	14-14-15-15	38.4-40.2	41.1	444(0)			ガムラスタン		202606010603
2023106733	2025-12-20	5中山5	曇	4.0	2歳新馬		13	7.0	11	214.9	12.0	7	木幡巧也	56.0	ダ1800		良	**	1:57.1	1.9	**	9-9-7-8	37.4-39.2	39.8	446(0)			ゴールドブレイズ		202506050504
2023106733	2026-01-05	1中山2	晴	3.0	3歳未勝利		12	5.0	6	153.5	11.0	6	原優介	57.0	ダ1800		稍	**	1:57.6	1.7	**	11-11-11-9	37.2-39.5	40.0	446(0)			カフェラジェム		202606010203
2023106733	2026-01-17	1中山6	晴	2.0	3歳未勝利		16	1.0	2	37.9	7.0	6	原優介	57.0	ダ1800		良	**	1:58.2	2.7	**	4-4-5-6	37.7-39.6	41.7	448(+2)			ウリズンベー		202606010602
2023106835	2025-10-26	4東京9	小雨	5.0	2歳新馬		16	7.0	13	3.1	1.0	3	津村明秀	55.0	芝1800		稍	**	1:49.8	0.2	**	8-8-8	37.8-34.4	33.7	480(0)			ヴァリスマリネリス	190.0	202505040905
2023106835	2026-01-17	1中山6	晴	5.0	3歳未勝利		18	7.0	14	3.7	1.0	1	津村明秀	55.0	芝2000		良	**	2:00.7	0.0	**	14-13-5-4	35.6-35.5	35.1	486(+6)			(サムシングスイート)	590.0	202606010605
2023106901	2025-10-04	4東京1	曇	5.0	2歳新馬		17	1.0	2	8.3	5.0	6	吉村誠之	54.0	芝1800		良	**	1:48.8	0.5	**	5-3-4	37.1-34.2	34.5	446(0)			カレントゥルーシー		202505040105
2023106901	2025-12-21	5阪神6	雨	3.0	2歳未勝利		18	5.0	9	11.5	6.0	10	ジェルー	55.0	芝1800		稍	**	1:48.5	1.0	**	7-8	35.2-35.3	35.6	438(-8)			エイズルブルーム		202509050603
2023106901	2026-01-17	1京都6	晴	5.0	3歳未勝利		18	2.0	3	93.6	10.0	11	池添謙一	55.0	芝2000		良	**	2:02.3	1.2	**	6-5-4-4	34.8-36.8	37.6	426(-12)			ラコンチャビエン		202608010605
2023106949	2025-10-12	3京都4	曇	5.0	2歳新馬		13	7.0	11	34.6	9.0	3	鮫島克駿	55.0	芝2000		良	**	2:00.5	0.0	**	2-2-2-2	36.1-35.3	34.0	454(0)			ヴィサージュ	190.0	202508030405
2023106949	2026-01-17	1京都6	晴	5.0	3歳未勝利		18	8.0	18	4.7	3.0	3	川田将雅	55.0	芝2000		良	**	2:01.2	0.1	**	14-14-13-9	34.8-36.8	35.9	456(+2)			ラコンチャビエン	150.0	202608010605
2023107000	2025-09-28	4阪神9	晴	5.0	2歳新馬		18	6.0	12	5.9	3.0	13	鮫島克駿	55.0	芝1400		良	**	1:25.2	0.9	**	16-16	36.1-35.5	35.2	456(0)			プレダトゥール		202509040905
2023107000	2025-12-06	5阪神1	晴	4.0	2歳未勝利		9	5.0	5	22.3	5.0	5	西村淳也	56.0	芝1800		良	**	1:49.6	1.2	**	7-7	35.6-33.5	34.0	468(+12)			ブレットパス	56.0	202509050104
2023107000	2026-01-05	1京都2	晴	5.0	3歳未勝利		17	6.0	11	119.2	12.0	10	鮫島克駿	57.0	芝2000		良	**	2:03.3	1.0	**	15-11-11-12	35.7-36.0	36.2	466(-2)			タガノアルトゥーラ		202608010205
2023107000	2026-01-17	1京都6	晴	1.0	3歳未勝利		10	5.0	5	63.0	6.0	4	西村淳也	57.0	ダ1800		良	**	1:56.7	2.2	**	10-10-7-7	37.0-37.9	39.2	466(0)			リアライズグリント	89.0	202608010601
2023107006	2025-06-08	3東京2	曇	6.0	2歳新馬		17	5.0	9	2.9	2.0	1	ルメール	55.0	芝1400		良	**	1:23.1	-0.1	**	7-5	35.6-35.1	34.7	462(0)			(ルーチェフィオーレ)	750.0	202505030206
2023107006	2025-08-31	4中京4	晴	11.0	中京2歳S(GIII)		13	6.0	8	7.1	2.0	5	吉村誠之	55.0	芝1400		良	**	1:20.8	1.4	**	10-10	33.3-34.9	35.1	472(+10)			キャンディード	310.0	202507040411
2023107006	2025-11-23	5東京5	曇	9.0	赤松賞(1勝クラス)		8	5.0	5	3.7	2.0	5	プーシャ	55.0	芝1600		良	**	1:34.2	0.6	**	6-6	35.9-33.8	33.6	486(+14)			ヒズマスターピース	111.0	202505050509
2023107006	2026-01-17	1京都6	晴	10.0	紅梅S(L)		9	3.0	3	24.5	7.0	4	吉村誠之	55.0	芝1400		良	**	1:21.8	1.1	**	6-5	34.8-34.2	34.3	472(-14)			リリージョワ	320.0	202608010610
2023107051	2025-08-23	3新潟1	晴	5.0	2歳新馬		13	3.0	3	3.9	1.0	2	岩田望来	55.0	芝1600		良	**	1:38.6	0.0	**	11-11	38.3-33.8	32.9	446(0)			ローザレイア	300.0	202504030105
2023107051	2025-11-08	5東京1	曇	3.0	2歳未勝利		12	8.0	11	3.3	2.0	5	プーシャ	55.0	芝2000		良	**	2:02.5	1.3	**	11-8-8	37.5-32.9	33.7	464(+18)			グリーンエナジー	56.0	202505050103
2023107051	2026-01-17	1中山6	晴	5.0	3歳未勝利		18	4.0	8	7.5	3.0	4	戸崎圭太	55.0	芝2000		良	**	2:01.0	0.3	**	4-5-5-6	35.6-35.5	35.4	466(+2)			レダアトミカ	89.0	202606010605
2023107060	2025-06-22	3東京6	晴	6.0	2歳新馬		16	1.0	2	3.8	1.0	2	戸崎圭太	55.0	芝1400		良	**	1:23.5	0.4	**	5-4	35.4-35.7	35.4	474(0)			ランドスター	300.0	202505030606
2023107060	2025-08-10	2新潟6	雨	1.0	2歳未勝利		18	2.0	3	2.5	1.0	9	戸崎圭太	55.0	芝1400		稍	**	1:23.3	1.2	**	12-14	34.5-35.7	35.6	474(0)			タイセイフレッサ		202504020601
2023107060	2025-10-13	4東京5	曇	1.0	2歳未勝利		15	3.0	4	2.5	1.0	1	ルメール	55.0	ダ1600		良	**	1:40.0	-0.3	**	4-3	34.9-39.9	39.3	474(0)			(ウィングブルー)	560.0	202505040501
2023107060	2026-01-17	1中山6	晴	9.0	菜の花賞(1勝クラス)		8	8.0	8	16.7	6.0	5	戸崎圭太	55.0	芝1600		良	**	1:34.9	0.5	**	5-5-5	35.3-34.6	34.5	476(+2)			アメティスタ	114.0	202606010609
2023107071	2025-10-25	3京都8	曇	5.0	2歳新馬		14	3.0	4	6.8	4.0	1	北村友一	55.0	芝1600		良	**	1:34.8	-0.2	**	1-1	35.7-34.8	34.8	460(0)			(トミーバローズ)	750.0	202508030805
2023107071	2025-12-06	5中京1	晴	9.0	こうやまき賞(1勝クラス)		8	5.0	5	4.6	2.0	2	ジェルー	55.0	芝1600		良	**	1:37.0	0.2	**	2-2-2	37.4-33.6	33.7	460(0)			クールデイトナ	445.4	202507050109
2023107071	2026-01-17	1中山6	晴	9.0	菜の花賞(1勝クラス)		8	2.0	2	7.4	4.0	4	小沢大仁	55.0	芝1600		良	**	1:34.8	0.4	**	3-3-3	35.3-34.6	34.6	456(-4)			アメティスタ	170.0	202606010609
2023107090	2026-01-17	1中山6	晴	3.0	3歳新馬		16	7.0	14	4.8	3.0	2	舟山瑠泉	54.0	ダ1800		良	**	1:57.0	0.1	**	7-7-2-2	38.4-40.2	40.2	536(0)			ガムラスタン	260.0	202606010603
2023107092	2025-09-15	4阪神5	晴	5.0	2歳新馬		10	5.0	5	5.1	2.0	3	松山弘平	55.0	芝1600		良	**	1:36.9	0.4	**	7-7	37.5-33.7	33.7	458(0)			アイガーリー	190.0	202509040505
2023107092	2025-11-08	4京都1	晴	3.0	2歳未勝利		9	1.0	1	3.9	3.0	3	Ｃ．デム	55.0	芝1800		良	**	1:47.7	0.5	**	4-2	35.6-34.3	34.5	458(0)			ネッタイヤライ	140.0	202508040103
2023107092	2026-01-17	1京都6	晴	5.0	3歳未勝利		18	3.0	6	18.4	7.0	2	西村淳也	55.0	芝2000		良	**	2:01.1	0.0	**	1-1-1-1	34.8-36.8	36.8	462(+4)			ラコンチャビエン	240.0	202608010605
2023107122	2025-12-06	5阪神1	晴	5.0	2歳新馬		10	1.0	1	44.5	6.0	9	川端海翼	52.0	芝2000		良	**	2:07.5	3.1	**	9-9-10-10	38.0-34.3	36.0	386(0)			エルハーベン		202509050105
2023107122	2025-12-28	5阪神8	晴	3.0	2歳未勝利		18	8.0	17	419.6	15.0	10	国分優作	55.0	芝1800		良	**	1:47.4	1.2	**	16-15	34.6-35.2	35.1	384(-2)			ストームゲイル		202509050803
2023107122	2026-01-17	1京都6	晴	5.0	3歳未勝利		18	2.0	4	304.8	14.0	12	河原田菜	51.0	芝2000		良	**	2:02.8	1.7	**	13-13-13-14	34.8-36.8	37.2	384(0)			ラコンチャビエン		202608010605
2023107131	2025-08-23	4中京1	晴	6.0	2歳新馬		12	1.0	1	3.2	1.0	8	松山弘平	55.0	ダ1800		良	**	1:58.5	3.4	**	4-5-4-5	39.4-37.7	40.7	524(0)			シュガービスケッツ		202507040106
2023107131	2025-12-27	5阪神7	晴	2.0	2歳未勝利		11	8.0	10	3.8	2.0	1	Ｃ．デム	56.0	ダ1800		稍	**	1:53.3	-1.6	**	2-3-3-1	37.1-37.6	37.3	538(+14)			(サンライズアーサー)	560.0	202509050702
2023107131	2026-01-17	1京都6	晴	6.0	3歳1勝クラス		8	5.0	5	2.2	1.0	1	松山弘平	57.0	ダ1800		良	**	1:53.6	-0.2	**	2-2-2-2	37.7-36.5	36.4	532(-6)			(ショコラプリン)	820.0	202608010606
2023107184	2026-01-17	1中山6	晴	3.0	3歳新馬		16	7.0	13	2.8	1.0	7	石川裕紀	57.0	ダ1800		良	**	1:57.5	0.6	**	5-6-5-5	38.4-40.2	40.2	492(0)			ガムラスタン		202606010603
2023107206	2025-08-02	1札幌3	晴	5.0	2歳新馬		11	1.0	1	10.5	5.0	6	丹内祐次	55.0	芝1500		良	**	1:30.3	1.0	**	9-10-10	30.4-34.4	34.6	418(0)			ポペット		202501010305
2023107206	2025-08-23	2札幌1	曇	1.0	2歳未勝利		8	1.0	1	15.2	2.0	4	丹内祐次	55.0	芝1800		稍	**	1:50.9	0.7	**	4-5-4-3	36.2-37.0	37.3	420(+2)			ストロベリーツリー	84.0	202501020101
2023107206	2025-11-02	4東京11	晴	1.0	2歳未勝利		12	1.0	1	7.1	4.0	6	丹内祐次	55.0	芝1600		良	**	1:34.9	1.3	**	3-2	35.1-34.6	35.6	420(0)			グランセレスト		202505041101
2023107206	2026-01-17	1中山6	晴	9.0	菜の花賞(1勝クラス)		8	7.0	7	123.3	8.0	8	菊沢一樹	55.0	芝1600		良	**	1:35.0	0.6	**	7-8-7	35.3-34.6	34.3	422(+2)			アメティスタ		202606010609
2023107307	2025-10-04	4東京1	曇	5.0	2歳新馬		17	6.0	12	12.0	6.0	10	戸崎圭太	56.0	芝1800		良	**	1:49.3	1.0	**	13-11-11	37.1-34.2	34.2	536(0)			カレントゥルーシー		202505040105
2023107307	2025-11-15	5東京3	晴	3.0	2歳未勝利		14	4.0	6	5.6	2.0	9	プーシャ	56.0	ダ1600		良	**	1:41.4	1.7	**	11-10	35.4-38.2	38.7	540(+4)			ムーランオランジュ		202505050303
2023107307	2026-01-17	1中山6	晴	2.0	3歳未勝利		16	2.0	4	18.0	4.0	5	内田博幸	57.0	ダ1800		良	**	1:58.0	2.5	**	12-12-12-11	37.7-39.6	40.3	524(-16)			ウリズンベー	59.0	202606010602
2023107313	2025-10-11	4東京3	雨	5.0	2歳新馬		14	4.0	6	9.8	4.0	9	戸崎圭太	56.0	芝1600		良	**	1:37.2	0.7	**	3-3	36.8-34.0	34.5	510(0)			シュペルリング		202505040305
2023107313	2025-12-27	5中山7	曇	3.0	2歳未勝利		16	6.0	11	4.4	3.0	3	マーカン	56.0	ダ1200		稍	**	1:12.5	0.8	**	5-4	33.7-38.0	38.0	516(+6)			パータリプトラ	140.0	202506050703
2023107313	2026-01-17	1中山6	晴	1.0	3歳未勝利		16	6.0	11	2.6	1.0	1	戸崎圭太	57.0	ダ1200		良	**	1:13.0	-0.1	**	5-5	34.4-38.6	38.1	518(+2)			(イイクニパッション)	590.0	202606010601
2023107351	2025-12-27	5阪神7	晴	6.0	2歳新馬		11	7.0	8	5.0	3.0	4	団野大成	56.0	ダ1800		稍	**	1:56.3	2.3	**	6-5-6-4	38.0-36.8	38.6	520(0)			アメリカンコール	110.0	202509050706
2023107351	2026-01-17	1京都6	晴	1.0	3歳未勝利		10	8.0	10	33.0	4.0	5	池添謙一	57.0	ダ1800		良	**	1:56.9	2.4	**	3-3-3-3	37.0-37.9	39.9	516(-4)			リアライズグリント	59.0	202608010601
2023107371	2025-12-07	5阪神2	晴	6.0	2歳新馬		9	7.0	7	4.5	3.0	1	プーシャ	56.0	ダ1800		良	**	1:54.0	-0.3	**	3-3-2-1	38.4-37.6	37.6	472(0)			(ジャスティンゴッホ)	750.0	202509050206
2023107371	2026-01-17	1京都6	晴	6.0	3歳1勝クラス		8	6.0	6	4.8	2.0	8	坂井瑠星	57.0	ダ1800		良	**	1:56.4	2.8	**	3-3-3-3	37.7-36.5	39.0	470(-2)			トリグラフヒル		202608010606
2023107440	2025-08-31	3新潟4	晴	5.0	2歳新馬		12	6.0	7	145.4	10.0	9	上里直汰	52.0	芝1800		良	**	1:51.4	1.6	**	10-10	36.9-35.2	36.0	420(0)			ガローファノ		202504030405
2023107440	2025-09-14	4中山4	曇	4.0	2歳未勝利		11	4.0	4	134.4	10.0	8	上里直汰	52.0	ダ1800		稍	**	1:56.7	2.9	**	11-11-10-10	36.9-38.6	39.9	418(-2)			ワンダーディーン		202506040404
2023107440	2025-10-04	4東京1	曇	1.0	2歳未勝利		16	4.0	8	151.8	10.0	5	上里直汰	53.0	ダ1600		良	**	1:41.7	2.8	**	14-14	35.1-38.7	39.3	422(+4)			テンカムテキ	56.0	202505040101
2023107440	2025-10-12	4東京4	晴	1.0	2歳未勝利		15	6.0	11	84.9	9.0	7	上里直汰	53.0	ダ1600		良	**	1:40.3	1.6	**	12-9	35.2-37.9	38.4	422(0)			サンダーヴィント		202505040401
2023107440	2025-11-30	5東京8	晴	3.0	2歳未勝利		16	1.0	1	355.5	13.0	13	上里直汰	53.0	ダ1600		良	**	1:41.8	4.1	**	15-15	35.3-37.6	39.6	424(+2)			ヴンダーバール		202505050803
2023107440	2025-12-13	5阪神3	晴	2.0	2歳未勝利		10	2.0	2	287.0	10.0	4	長岡禎仁	56.0	ダ1800		良	**	1:56.2	2.5	**	6-5-7-6	37.4-37.1	38.9	426(+2)			スカイストライプス	84.0	202509050302
2023107440	2025-12-28	5中山8	晴	2.0	2歳未勝利		16	2.0	4	115.8	9.0	11	小林凌大	56.0	ダ1800		良	**	1:59.0	2.1	**	3-3-4-4	38.8-39.9	41.5	428(+2)			タイセツナヒ		202506050802
2023107440	2026-01-17	1中山6	晴	2.0	3歳未勝利		16	6.0	11	146.5	11.0	11	小林凌大	57.0	ダ1800		良	**	1:58.9	3.4	**	14-14-14-13	37.7-39.6	41.1	430(+2)			ウリズンベー		202606010602
2023107477	2026-01-17	1京都6	晴	4.0	3歳新馬		16	2.0	3	20.9	7.0	9	吉村誠之	55.0	ダ1400		良	**	1:28.9	1.9	**	2-2	36.4-37.5	39.3	426(0)			ホウショウルクス		202608010604
2023107489	2026-01-17	1中山6	晴	3.0	3歳新馬		16	8.0	16	77.9	12.0	15	長浜鴻緒	55.0	ダ1800		良	**	2:01.0	4.1	**	9-10-14-16	38.4-40.2	42.2	506(0)			ガムラスタン		202606010603
2023107520	2025-11-15	4京都3	晴	6.0	2歳新馬		16	3.0	5	1.7	1.0	1	北村友一	55.0	ダ1200		良	**	1:12.3	-0.5	**	3-3	35.8-36.5	36.1	460(0)			(アーディアイリ)	750.0	202508040306
2023107520	2025-12-13	5中京3	曇	9.0	つわぶき賞(1勝クラス)		11	5.0	5	7.2	4.0	2	西塚洸二	55.0	芝1400		良	**	1:20.0	0.1	**	1-1	33.7-35.0	35.1	454(-6)			プレセピオ	448.4	202507050309
2023107520	2026-01-17	1京都6	晴	10.0	紅梅S(L)		9	1.0	1	7.3	3.0	2	武豊	55.0	芝1400		良	**	1:21.4	0.7	**	2-2	34.8-34.2	34.4	454(0)			リリージョワ	845.8	202608010610
2023109058	2025-07-12	2福島5	曇	6.0	2歳新馬		14	2.0	2	54.9	11.0	8	武藤雅	55.0	ダ1150		良	**	1:11.9	1.9	**	13-12	32.0-38.0	37.8	456(0)			ショーリバース		202503020506
2023109058	2025-08-10	2新潟6	雨	1.0	2歳未勝利		18	3.0	6	141.0	15.0	10	武藤雅	55.0	芝1400		稍	**	1:23.8	1.7	**	14-14	34.5-35.7	35.8	452(-4)			タイセイフレッサ		202504020601
2023109058	2025-09-20	4中山6	曇	1.0	2歳未勝利		13	6.0	9	55.4	9.0	5	武藤雅	55.0	ダ1800		重	**	1:57.4	1.7	**	6-5-3-4	37.2-40.2	41.6	458(+6)			ラフレードピエル	56.0	202506040601
2023109058	2025-10-18	4新潟1	曇	2.0	2歳未勝利		14	6.0	10	54.9	9.0	4	武藤雅	56.0	ダ1800		良	**	1:56.1	1.4	**	14-13-7-6	37.0-39.0	39.6	460(+2)			ゴールデンブラッド	84.0	202504040102
2023109058	2025-11-08	3福島1	晴	3.0	2歳未勝利		15	7.0	12	24.1	8.0	10	武藤雅	56.0	ダ1700		良	**	1:49.6	3.1	**	14-13-10-9	30.3-38.9	40.2	468(+8)			アトモス		202503030103
2023109058	2025-12-28	5中山8	晴	2.0	2歳未勝利		16	1.0	2	83.7	7.0	9	武藤雅	56.0	ダ1800		良	**	1:58.5	1.6	**	14-15-14-12	38.8-39.9	39.9	472(+4)			タイセツナヒ		202506050802
2023109058	2026-01-17	1中山6	晴	2.0	3歳未勝利		16	2.0	3	51.6	8.0	8	武藤雅	57.0	ダ1800		良	**	1:58.5	3.0	**	2-2-2-4	37.7-39.6	42.5	472(0)			ウリズンベー		202606010602
2023110070	2025-09-21	4中山7	晴	4.0	2歳新馬		16	6.0	12	2.9	1.0	6	横山武史	55.0	ダ1800		稍	**	1:57.3	1.9	**	3-3-2-3	38.4-38.6	40.4	548(0)			ナリノシャーウッド		202506040704
2023110070	2025-10-18	3京都6	曇	2.0	2歳未勝利		10	5.0	5	6.0	4.0	3	西村淳也	56.0	ダ1800		稍	**	1:53.9	1.6	**	2-3-3-3	35.7-38.3	39.7	544(-4)			シルバーレシオ	140.0	202508030602
2023110070	2025-11-15	4京都3	晴	3.0	2歳未勝利		10	5.0	5	2.4	1.0	1	西村淳也	56.0	ダ1800		良	**	1:53.6	-0.6	**	1-1-1-1	37.5-37.4	37.4	536(-8)			(サンライズケヴィン)	560.0	202508040303
2023110070	2026-01-17	1京都6	晴	6.0	3歳1勝クラス		8	7.0	7	9.5	6.0	5	西村淳也	57.0	ダ1800		良	**	1:55.2	1.6	**	6-5-6-6	37.7-36.5	37.6	540(+4)			トリグラフヒル	82.0	202608010606
