horse_id	date	rank	prize	rank_diff	weather	race_type	course_len	ground_state	agari	race_class	n_horses
2017105433	2019-07-28	2	280.0	0.1	0	0	1700	0	38.0	0.0	14
2017105433	2019-08-10	1	500.0	0.0	1	0	1700	3	37.7	1.0	14
2017105433	2019-12-08	1	720.0	0.0	0	0	1800	0	38.2	2.0	16
2017105433	2020-02-23	3	484.4	0.6	0	0	1600	0	36.0		14
2017105433	2020-03-28	7	0.0	1.0	1	0	1800	0	39.4	5.0	13
2017105433	2020-05-24	9	0.0	1.3	0	0	1800	0	39.2		16
2017105433	2020-07-11	6	0.0	0.8	1	0	1700	0	37.6	5.0	14
2017105433	2020-07-19	4	230.0	1.0	1	0	1700	0	38.0	5.0	12
2017105433	2020-09-27	3	280.0	0.3	0	0	1400	2	37.8	3.0	16
2017105433	2020-10-11	7	0.0	1.2	0	0	1400	1	37.2	3.0	16
2017105433	2020-11-01	11	0.0	1.0	1	0	1400	0	36.7	5.0	16
2017105433	2021-03-14	5	110.0	0.9	0	0	1400	2	37.2	3.0	16
2017105433	2021-04-04	13	0.0	1.3	3	0	1400	2	38.4	3.0	16
2017105433	2021-05-01	4	170.0	0.5	1	0	1400	2	38.0	3.0	15
2017105433	2021-06-26	3	386.2	0.4	1	0	1400	0	36.0	5.0	16
2017105433	2021-10-23	8	0.0	1.1	0	0	1400	2	36.5	3.0	16
2017105433	2021-12-05	3	385.9	0.5	1	0	1400	0	37.1	5.0	16
2017105433	2021-12-18	7	0.0	1.6	0	0	1400	1	36.1	5.0	15
2017105433	2022-02-20	13	0.0	1.4	1	0	1400	1	35.8	5.0	16
2017105433	2022-05-08	4	170.0	1.1	1	0	1400	0	35.8	3.0	16
2017105433	2022-05-28	14	0.0	1.5	0	0	1400	2	35.8	3.0	16
2017105433	2022-10-29	7	0.0	1.4	0	0	1400	0	37.2	3.0	16
2017105433	2022-11-13	11	0.0	2.0	1	0	1300	0	36.9	3.0	15
2017105433	2023-01-08	6	0.0	0.8	0	1	1600	0	35.3	3.0	16
2017105433	2023-02-12	12	0.0	2.3	0	1	1600	0	34.8	3.0	12
2017105433	2023-02-26	10	0.0	1.9	0	0	1800	0	40.3	3.0	16
2017105433	2023-05-14	10	0.0	1.0	0	0	1800	0	37.5	5.0	15
2017105433	2023-07-23	5	155.0	0.8	0	0	1700	0	37.1	5.0	15
2017105433	2023-08-19	7	0.0	1.0	0	0	1800	0	38.7	5.0	15
2017105433	2023-10-22	12	0.0	1.5	0	0	1600	0	37.5	3.0	16
2017105433	2023-12-28	3	395.5	0.8	0	0	1800	0	38.9	3.0	16
2017105433	2024-01-14	6	0.0	1.7	0	0	1800	0	37.8	3.0	16
2017105433	2024-01-28	6	0.0	1.0	1	0	1800	0	36.8	5.0	11
2017105433	2024-03-23	10	0.0	1.5	1	0	1800	0	38.6	3.0	16
2017105433	2024-04-14	11	0.0	3.0	0	0	1800	0	38.5	5.0	14
2017105433	2024-07-14	3	393.7	0.7	2	0	1700	2	37.4	5.0	12
2017105433	2024-08-04	3	395.7	0.1	0	0	1800	0	37.9	5.0	15
2017105433	2024-09-01	9	0.0	2.4	0	0	1800	0	39.2	5.0	15
2017105433	2025-01-25	12	0.0	1.9	1	0	1800	0	38.1	3.0	13
2017105433	2025-04-27	3	395.6	0.4	0	0	1700	0	39.1	5.0	15
2017105433	2025-05-17	7	0.0	2.1	1	0	1800	2	38.8	5.0	10
2017105433	2025-07-12	9	0.0	1.8	1	0	1700	0	38.6	3.0	15
2017105433	2025-10-05	14	0.0	1.9	1	0	1600	0	37.2	3.0	16
2017105433	2025-12-20	15	0.0	3.2	1	0	2400	0	40.9	5.0	16
2017105433	2026-01-10	11	0.0	1.8	0	0	1800	0	38.8	3.0	13
2017105433	2026-01-24	9	0.0	2.4	1	0	1800	0	40.3	3.0	10
2018100664	2020-09-13	3	180.0	1.7	1	0	1800	2	40.4	0.0	15
2018100664	2020-10-17	1	510.0	0.0	1	0	1800	0	38.9	1.0	12
2018100664	2020-11-21	1	1039.4	0.0	0	0	1800	0	37.2	2.0	14
2018100664	2020-12-26	11	0.0	2.0	0	1	2000	0	38.2		15
2018100664	2021-11-27	1	1100.0	0.0	1	0	1800	0	38.0	3.0	16
2018100664	2021-12-19	1	1853.6	0.0	0	0	1800	2	36.9	4.0	14
2018100664	2022-01-16	13	0.0	2.0	1	0	1700	0	38.3	5.0	15
2018100664	2022-03-21	10	0.0	1.4	0	0	1800	2	37.9	5.0	16
2018100664	2022-06-04	2	890.0	0.6	0	0	1600	0	36.3	5.0	16
2018100664	2022-08-27	2	929.4	0.3	1	0	1800	2	37.6		15
2018100664	2022-09-18	8	0.0	1.0	3	0	1800	3	37.1	5.0	16
2018100664	2024-06-23	12	0.0	1.9	0	0	1700	0	39.7		14
2018100664	2024-11-24	15	0.0	2.4	1	0	1900	0	39.0	5.0	16
2018100664	2025-02-02	1	2234.3	0.0	1	0	1700	1	35.9	5.0	16
2018100664	2025-03-09	5	220.0	0.6	0	0	1800	1	38.1	5.0	16
2018100664	2025-05-11	12	0.0	2.0	1	0	1800	2	37.5	5.0	16
2018100664	2025-07-13	6	0.0	1.0	1	0	1700	0	38.4	5.0	16
2018100664	2025-11-16	8	0.0	0.8	0	0	1700	0	38.2		15
2018102576	2020-12-06	1	490.0	0.0	0	1	2000	0	34.6	0.0	9
2018102576	2021-02-20	8	0.0	0.7	0	1	2000	0	35.3	2.0	14
2018102576	2021-03-13	4	150.0	1.3	0	1	2400	2	37.3	2.0	11
2018102576	2021-06-27	3	190.0	0.1	1	1	2200	0	34.8	2.0	11
2018102576	2021-09-18	3	274.6	0.5	1	1	2200	1	35.2	5.0	13
2018102576	2021-10-03	11	0.0	2.5	0	1	2200	0	38.1	2.0	16
2018102576	2021-12-05	1	760.0	0.0	1	1	2200	0	34.8	2.0	18
2018102576	2022-01-29	1	1533.1	0.0	0	1	2200	0	35.4	5.0	10
2018102576	2022-05-08	4	280.0	0.8	0	1	2200	0	35.6	4.0	14
2018102576	2022-11-19	11	0.0	0.8	0	1	2400	0	34.3	4.0	12
2018102576	2022-12-11	6	0.0	0.8	1	1	2200	0	36.3	4.0	12
2018102576	2023-05-07	2	749.6	0.8	3	1	2200	3	36.5	4.0	15
2018102576	2023-06-10	10	0.0	1.2	1	1	2400	0	34.7	4.0	18
2018102576	2024-04-14	8	0.0	0.8	0	1	2500	0	34.0	4.0	14
2018102576	2024-05-05	5	184.0	0.5	0	1	2400	0	34.6	4.0	11
2018102576	2024-06-15	4	280.0	0.6	1	1	2200	0	34.0	4.0	15
2018102576	2024-09-07	5	184.0	0.5	0	1	2200	0	34.4	4.0	16
2018102576	2024-10-27	5	184.0	0.6	1	1	3000	0	34.2	4.0	8
2018102576	2024-12-08	9	0.0	1.5	2	1	2200	0	34.6	4.0	12
2018102576	2025-01-06	5	240.0	1.3	3	1	3000	2	38.6	5.0	17
2018102576	2025-03-30	10	0.0	1.0	1	1	2400	0	35.1	4.0	12
2018102576	2025-04-20	7	0.0	1.9	1	2	2970	0	13.9	1.0	14
2018102576	2025-06-08	5	84.0	2.8	1	2	2970	0	13.7	1.0	11
2018102576	2025-06-29	2	340.0	0.3	0	2	2860	0	13.4	1.0	12
2018102576	2025-08-24	6	0.0	2.6	0	2	3000	0	13.4	1.0	11
2018102576	2025-09-15	2	340.0	0.1	0	2	2970	0	14.2	1.0	7
2018102576	2025-11-02	6	0.0	0.9	0	1	3000	0	34.9	4.0	13
2018102576	2025-12-14	1	1874.3	0.0	0	0	2000	0	37.2	4.0	16
2018103603	2021-01-23	7	0.0	3.4	3	0	1800	2	41.6	0.0	10
2018103603	2021-04-25	2	200.0	1.4	0	1	2000	0	35.8	1.0	15
2018103603	2021-05-16	3	130.0	0.1	2	1	2000	0	35.1	1.0	12
2018103603	2021-07-03	11	0.0	2.9	2	1	1800	0	36.4	1.0	16
2018103603	2021-08-08	3	130.0	0.1	1	1	2000	0	37.2	1.0	16
2018103603	2021-08-21	7	0.0	1.2	0	1	2000	0	37.7	1.0	16
2018103603	2021-11-20	10	0.0	1.1	0	1	2600	0	37.5	2.0	16
2018103603	2021-12-18	11	0.0	2.7	0	0	1800	1	40.4	2.0	14
2018103603	2022-01-23	8	0.0	0.6	3	1	2000	1	37.7	2.0	15
2018103603	2022-02-06	7	0.0	0.4	0	1	1800	0	35.5	5.0	16
2018103603	2022-02-20	7	0.0	1.4	0	1	2000	2	37.4	2.0	13
2018103603	2022-04-16	4	160.0	0.2	0	1	1800	2	36.6	5.0	15
2018103603	2022-05-07	2	310.0	0.1	0	1	1800	0	34.1	2.0	12
2018103603	2022-05-29	4	160.0	0.2	0	1	2000	0	36.5	5.0	13
2018103603	2022-11-06	15	0.0	2.4	0	1	1800	0	38.6	5.0	15
2018103603	2022-11-19	5	107.0	0.5	0	1	1800	0	36.5	5.0	16
2018103603	2022-12-03	15	0.0	1.5	0	1	2000	0	37.1	2.0	16
2018103603	2023-02-04	7	0.0	1.0	0	1	2000	0	36.3	2.0	15
2018103603	2023-02-18	9	0.0	1.0	1	1	1800	2	36.9	2.0	16
2018103603	2023-04-30	2	320.0	0.3	1	1	1800	1	35.3	2.0	12
2018103603	2023-05-13	5	111.0	0.3	0	1	1600	0	34.3	5.0	14
2018103603	2023-07-23	8	0.0	2.4	0	1	2000	0	37.0	2.0	11
2018103603	2023-08-05	9	0.0	5.8	1	1	2000	2	43.5	5.0	9
2018103603	2023-10-22	16	0.0	1.6	0	1	1800	2	36.8	2.0	16
2018103603	2023-11-11	7	0.0	2.0	0	1	2000	0	38.4	5.0	12
2018103603	2024-07-13	5	80.0	0.6	1	1	2000	0	36.7	2.0	14
2018103603	2024-07-28	10	0.0	0.8	1	1	1800	0	35.3	2.0	16
2018103603	2024-08-31	5	111.0	0.8	3	1	2000	3	37.4	5.0	9
2018103603	2024-09-14	15	0.0	2.0	0	1	1800	0	35.8	2.0	15
2018103603	2024-11-10	7	0.0	1.6	0	2	2750	0	13.9	1.0	9
2018103603	2024-12-01	8	0.0	4.3	0	2	2910	0	14.0	1.0	13
2018103603	2025-02-02	7	0.0	2.4	0	2	2860	1	13.6	1.0	12
2018103603	2025-02-22	4	130.0	0.3	0	2	2860	0	13.8	1.0	11
2018103603	2025-03-23	6	0.0	0.8	0	2	2880	0	13.8	1.0	14
2018103603	2025-04-20	10	0.0	2.9	1	2	2970	0	14.0	1.0	14
2018103603	2025-06-29	6	0.0	1.3	0	2	2860	0	13.5	1.0	12
2018103603	2025-07-19	10	0.0	2.2	0	1	2000	0	38.5	2.0	10
2018103603	2025-11-09	3	210.0	0.3	1	2	2750	0	13.4	1.0	10
2018103603	2025-11-24	4	130.0	0.4	0	2	2770	0	13.2	1.0	14
2018103603	2026-01-25	5	84.0	3.3	0	2	2860	0	13.5	1.0	12
2018104841	2021-01-16	16	0.0	3.8	2	1	2000	0	38.2	0.0	16
2018104841	2021-01-31	8	0.0	3.9	0	0	1900	2	42.4	1.0	13
2018104841	2021-03-07	14	0.0	2.9	1	0	1700	1	39.3	1.0	15
2018104841	2021-07-06	5	25.0	1.8	1	0	1400	1	39.5	11.0	11
2018104841	2021-12-09	6	0.0	1.2	0	0	1400	2	39.2	10.0	8
2018104841	2021-12-29	1	49.0	0.0	1	0	1870	0	39.7	10.0	12
2018104841	2022-01-19	1	70.0	0.0	1	0	1800	0	38.5	10.0	12
2018104841	2022-02-08	1	90.0	0.0	1	0	1800	0	38.1	11.0	8
2018104841	2022-03-21	1	770.0	0.0	0	1	2000	2	35.6	2.0	14
2018104841	2022-04-10	5	151.0	1.0	0	1	2000	0	35.1	5.0	12
2018104841	2022-07-09	12	0.0	1.0	1	1	2000	0	35.8	5.0	13
2018104841	2022-10-08	11	0.0	0.5	1	1	2000	0	33.9	3.0	13
2018104841	2022-10-22	11	0.0	1.8	0	1	2400	0	36.2	5.0	11
2018104841	2022-12-25	15	0.0	2.2	0	1	2500	0	39.1	3.0	16
2018104841	2023-01-14	8	0.0	0.9	1	1	2200	2	35.6	3.0	11
2018104841	2023-03-18	5	155.0	0.8	3	1	2000	3	37.1	5.0	11
2018104841	2023-04-09	2	626.8	0.7	0	1	2000	0	35.7	5.0	10
2018104841	2023-05-06	2	626.0	0.1	0	1	2000	0	33.6	5.0	9
2018104841	2023-06-04	4	230.0	1.0	0	1	2000	0	33.5	3.0	9
2018104841	2023-09-18	10	0.0	1.1	0	1	2000	0	35.1	3.0	14
2018104841	2023-10-14	5	114.0	1.3	0	1	2500	0	36.7	3.0	7
2018104841	2023-11-04	5	114.0	0.4	0	1	2000	0	33.4	3.0	10
2018104841	2024-01-28	10	0.0	1.5	0	1	2000	0	34.8	3.0	11
2018104841	2024-03-16	8	0.0	0.8	0	1	2000	0	35.1	5.0	11
2018104841	2024-04-07	7	0.0	0.8	0	1	2000	1	35.6	5.0	15
2018104841	2024-05-05	8	0.0	1.0	0	1	2000	0	35.0	3.0	10
2018104841	2024-09-29	10	0.0	2.6	1	0	1800	0	39.0	3.0	13
2018104841	2024-10-19	10	0.0	1.2	3	1	2000	2	36.6	5.0	14
2018104841	2024-11-24	8	0.0	0.9	0	1	2000	0	34.5	3.0	13
2018104841	2025-01-06	12	0.0	1.7	1	1	2000	0	36.8	3.0	15
2018104841	2025-01-26	6	0.0	0.9	0	1	2000	0	35.7	5.0	9
2018104841	2025-03-08	9	0.0	0.9	1	1	2000	0	35.9	5.0	12
2018104841	2025-03-29	2	460.0	0.0	3	1	1800	2	36.4	3.0	12
2018104841	2025-06-14	10	0.0	0.7	0	1	1800	0	34.9	5.0	16
2018104841	2025-07-13	2	627.8	0.6	0	1	1800	0	35.1	3.0	11
2018104841	2025-09-15	6	0.0	1.0	1	1	1800	0	34.9	3.0	9
2018104841	2025-10-25	12	0.0	1.4	1	1	1800	0	35.7	3.0	12
2018104841	2025-12-21	11	0.0	0.6	1	1	1400	2	35.1	5.0	18
2018106458	2020-11-21	6	0.0	1.4	0	1	1600	0	34.3	0.0	8
2018106458	2020-12-05	5	51.0	0.6	0	1	1800	0	34.4	1.0	11
2018106458	2021-04-18	3	130.0	0.2	0	1	1600	2	34.9	1.0	18
2018106458	2021-05-01	6	0.0	0.7	0	1	1800	0	34.9	1.0	15
2018106458	2021-05-22	5	51.0	0.5	0	1	1800	2	35.9	1.0	16
2018106458	2021-06-06	10	0.0	1.8	0	1	1600	0	36.1	1.0	16
2018106458	2021-07-11	8	0.0	1.4	0	1	1800	0	34.6	1.0	16
2018106458	2021-08-21	2	200.0	0.1	1	0	1700	0	39.7	1.0	16
2018106458	2021-09-05	2	200.0	0.1	1	0	1700	2	38.7	1.0	16
2018106458	2021-09-12	1	760.0	0.0	1	0	1800	0	38.1	2.0	11
2018106458	2021-12-05	2	300.0	1.0	1	0	1800	0	37.8	2.0	14
2018106458	2021-12-18	1	760.0	0.0	0	0	1800	1	37.3	2.0	12
2018106458	2022-01-09	3	386.0	0.5	0	0	1800	0	36.6	5.0	15
2018106458	2022-03-19	8	0.0	1.0	1	0	1800	1	37.3	5.0	16
2018106458	2022-04-10	1	1540.1	0.0	0	0	1800	0	37.9	5.0	13
2018106458	2022-05-14	5	184.0	0.9	0	0	1800	3	38.1	4.0	16
2018106458	2022-05-29	12	0.0	2.1	0	0	1600	0	37.8	4.0	13
2018106458	2022-09-19	8	0.0	1.9	3	0	1800	1	38.9	4.0	16
2018106458	2022-10-16	3	464.9	0.3	0	0	1800	0	36.8	4.0	15
2018106458	2022-11-12	4	280.0	1.0	0	0	1800	0	38.3	4.0	14
2018106458	2022-12-17	7	0.0	0.3	2	0	1800	0	36.7	4.0	16
2018106458	2023-01-09	5	184.0	0.5	0	0	1800	0	37.1	4.0	16
2018106458	2023-02-12	5	184.0	0.6	0	0	1800	0	38.0	4.0	13
2018106458	2023-02-25	5	184.0	0.7	0	0	1800	2	36.5	4.0	16
2018106458	2023-08-05	4	280.0	0.6	0	0	1800	0	38.6	4.0	15
2018106458	2023-09-03	2	749.0	0.1	0	0	1700	0	37.9	4.0	15
2018106458	2023-09-24	2	747.8	0.0	0	0	1800	2	37.9	4.0	13
2018106458	2024-02-17	10	0.0	0.9	0	0	1400	2	37.2	4.0	16
2018106458	2024-06-30	7	0.0	1.1	1	0	1700	1	38.0	4.0	15
2018106458	2024-07-13	5	184.0	0.5	3	0	1700	0	37.2	4.0	15
2018106458	2024-09-16	9	0.0	1.5	0	0	1800	0	38.7	4.0	16
2018106458	2025-01-18	11	0.0	1.9	0	0	1800	0	40.1	4.0	16
2018106458	2025-01-25	4	280.0	0.7	0	0	1900	0	36.9	4.0	14
2018106458	2025-04-26	6	0.0	1.4	0	0	1900	0	36.9	4.0	12
2018106458	2025-05-17	3	465.1	0.7	0	0	1800	3	36.1	4.0	16
2018106458	2025-06-28	3	465.3	0.2	0	0	1700	0	37.3	4.0	16
2018106458	2025-07-20	4	280.0	0.4	0	0	1700	0	38.1	4.0	13
2018106458	2025-11-08	7	0.0	1.0	0	0	1600	0	36.7	4.0	11
2018106458	2025-11-30	8	0.0	1.7	0	0	1800	0	39.3	4.0	16
2018106458	2025-12-14	5	184.0	0.7	0	0	2000	0	38.4	4.0	16
2019100094	2021-12-05	1	700.0	0.0	0	0	1800	0	38.0	0.0	10
2019100094	2022-01-08	5	75.0	0.5	0	0	1800	0	38.6	2.0	14
2019100094	2022-03-12	10	0.0	1.0	0	0	1800	0	39.5	2.0	16
2019100094	2022-09-19	9	0.0	1.2	1	0	1800	2	39.2	2.0	11
2019100094	2022-10-16	10	0.0	2.5	0	0	1800	0	39.1	2.0	15
2019100094	2022-11-06	3	190.0	0.2	0	0	1700	0	37.3	2.0	15
2019100094	2022-12-04	4	120.0	1.0	1	0	1800	2	37.9	2.0	9
2019100094	2023-02-11	3	200.0	0.4	0	0	1800	0	38.8	2.0	8
2019100094	2023-02-25	1	800.0	0.0	0	0	1800	2	36.6	2.0	10
2019100094	2023-03-19	1	1140.0	0.0	0	0	1800	1	38.4	3.0	16
2019100094	2023-04-29	1	1871.5	0.0	0	0	1800	0	37.6	4.0	15
2019100094	2023-06-11	12	0.0	2.0	1	0	1800	1	37.8	5.0	15
2019100094	2023-07-05	6	0.0	1.1	1	0	1600	0	39.0		9
2019100094	2023-10-14	8	0.0	0.7	1	0	1800	0	38.0	5.0	12
2019100094	2023-11-05	9	0.0	1.3	0	0	1800	0	36.8		16
2019100094	2024-01-07	9	0.0	0.7	1	0	1800	0	38.2	5.0	16
2019100094	2024-02-24	8	0.0	0.5	0	0	2000	2	37.7		16
2019100094	2024-03-17	13	0.0	2.0	2	0	1800	0	37.2	5.0	13
2019100094	2024-04-28	15	0.0	2.6	0	0	2100	0	36.9		16
2019100094	2024-08-27	7	0.0	2.6	3	0	2000	3	39.9		12
2019100094	2024-09-28	6	0.0	0.7	1	0	1900	0	36.6		15
2019100094	2024-11-24	3	555.0	0.6	1	0	1900	0	37.1	5.0	16
2019100094	2025-02-10	12	0.0	3.0	0	0	1900	0	38.2	5.0	16
2019100094	2025-03-01	13	0.0	2.2	0	0	2000	0	38.7		16
2019100094	2025-06-14	8	0.0	1.2	3	0	1800	1	37.9	5.0	12
2019100094	2025-08-03	6	0.0	1.0	0	0	1800	0	37.0		12
2019100094	2025-09-27	9	0.0	1.2	0	0	2000	0	37.5		14
2019100094	2025-10-12	8	0.0	1.1	1	0	1800	0	36.8	5.0	9
2019100094	2025-10-26	9	0.0	1.1	1	0	1800	1	36.8	5.0	14
2019100606	2021-10-24	7	0.0	2.2	0	1	1800	0	35.6	0.0	10
2019100606	2022-01-23	13	0.0	2.7	3	1	1800	2	40.8	1.0	16
2019100606	2022-06-19	4	78.0	1.0	0	1	1800	0	34.5	1.0	16
2019100606	2022-07-10	1	520.0	0.0	0	1	1800	0	34.7	1.0	16
2019100606	2022-09-25	6	0.0	0.6	0	1	2000	0	35.5	2.0	13
2019100606	2022-10-15	4	120.0	0.4	1	1	2000	0	33.2	2.0	14
2019100606	2023-02-26	6	0.0	0.4	0	1	1800	0	34.7	5.0	15
2019100606	2023-03-19	5	80.0	1.6	0	1	2000	2	35.7	2.0	15
2019100606	2023-04-09	1	800.0	0.0	0	1	2000	0	36.1	2.0	15
2019100606	2023-04-30	5	155.0	1.0	1	1	2400	0	33.6	5.0	10
2019100606	2023-07-22	5	155.0	0.2	0	1	2000	0	33.3	3.0	9
2019100606	2023-08-06	5	155.0	0.7	1	1	1800	1	35.6	3.0	11
2019100606	2023-08-13	5	155.0	0.2	1	1	2000	0	33.6	5.0	9
2019100606	2024-02-24	11	0.0	0.6	0	1	2000	2	35.9	5.0	15
2019100606	2024-03-09	10	0.0	2.0	1	1	2000	0	35.2	5.0	10
2019100606	2024-07-21	4	230.0	0.4	1	1	2000	0	35.4	5.0	18
2019100606	2024-08-10	2	627.2	0.1	0	1	2000	0	34.6	5.0	11
2019100606	2024-09-07	4	230.0	0.3	0	1	2000	0	34.2	5.0	8
2019100606	2024-09-29	7	0.0	0.6	1	1	2000	2	35.0	5.0	9
2019100606	2025-02-22	8	0.0	0.9	1	1	1800	0	34.7	3.0	11
2019100606	2025-06-08	2	625.4	0.1	2	1	1800	0	32.8	5.0	8
2019100606	2025-06-22	3	392.7	0.5	0	1	2000	0	34.9	5.0	9
2019100606	2025-07-06	5	155.0	0.7	0	1	1800	0	35.2	5.0	16
2019100606	2025-08-30	5	155.0	0.7	0	1	1800	0	32.8	5.0	13
2019100606	2025-09-14	4	230.0	0.5	1	1	2000	0	33.9	5.0	9
2019100631	2021-08-07	8	0.0	2.3	0	0	1800	0	41.5	0.0	15
2019100631	2021-09-04	3	130.0	1.7	1	0	1700	3	38.4	1.0	16
2019100631	2021-09-26	4	77.0	0.6	3	0	1800	1	36.4	1.0	10
2019100631	2021-12-11	1	510.0	0.0	0	0	1800	0	37.0	1.0	10
2019100631	2022-01-08	9	0.0	1.5	0	0	1800	0	39.9	2.0	14
2019100631	2022-01-22	4	110.0	1.2	0	0	1400	0	36.6	2.0	8
2019100631	2022-04-02	9	0.0	1.8	0	0	1800	0	38.4	2.0	13
2019100631	2022-04-24	3	190.0	0.3	2	0	1400	2	37.0	2.0	15
2019100631	2022-05-08	2	300.0	0.2	0	0	1400	0	37.8	2.0	12
2019100631	2022-06-05	3	190.0	0.5	1	0	1400	0	37.0	2.0	15
2019100631	2022-09-11	1	770.0	0.0	0	0	1400	2	37.1	2.0	13
2019100631	2022-10-02	3	280.0	1.1	0	0	1400	0	37.2	3.0	16
2019100631	2022-10-15	4	170.0	0.3	0	0	1400	0	37.6	3.0	15
2019100631	2022-12-17	2	612.8	0.7	2	0	1400	0	37.3	3.0	16
2019100631	2023-01-09	1	1587.8	0.0	0	0	1400	0	37.1	5.0	14
2019100631	2023-02-05	4	280.0	0.8	0	0	1400	0	35.7	4.0	16
2019100631	2023-04-15	12	0.0	1.4	3	0	1400	3	36.5	4.0	16
2019100631	2023-10-22	2	748.4	0.7	0	0	1400	0	36.2	4.0	14
2019100631	2023-11-19	7	0.0	0.6	0	0	1400	2	36.9	4.0	14
2019100631	2024-01-06	3	464.2	0.7	1	0	1400	0	36.7	4.0	12
2019100631	2024-01-27	11	0.0	0.7	0	0	1400	0	36.7	4.0	16
2019100631	2024-04-13	5	184.0	0.5	0	0	1400	0	36.1	4.0	15
2019100631	2024-05-19	7	0.0	1.0	2	0	1400	0	37.0	4.0	16
2019100631	2024-07-28	2	746.0	0.3	0	0	1700	1	35.9	4.0	10
2019100631	2024-08-10	6	0.0	0.7	0	0	1700	0	38.0	4.0	14
2019100631	2024-11-17	9	0.0	1.2	1	0	1400	0	37.2	4.0	15
2019100631	2024-11-24	1	1867.3	0.0	1	0	1800	0	35.9	4.0	13
2019100631	2024-12-28	5	240.0	1.2	0	0	1800	0	36.8		16
2019100631	2025-03-01	11	0.0	1.8	0	0	2000	0	38.5		16
2019100631	2025-11-22	7	0.0	0.9	0	0	1900	0	37.0	5.0	16
2019101351	2021-12-05	3	180.0	0.0	0	1	2000	0	35.0	0.0	8
2019101351	2021-12-28	5	51.0	0.9	0	1	1800	0	35.6	1.0	16
2019101351	2022-03-13	3	130.0	0.7	0	1	2000	0	36.3	1.0	17
2019101351	2022-04-02	5	52.0	0.7	0	1	2000	2	36.0	1.0	18
2019101351	2022-04-23	3	130.0	0.4	1	1	1800	0	37.0	1.0	16
2019101351	2022-06-11	2	210.0	0.0	1	1	1600	0	34.0	1.0	17
2019101351	2022-06-25	2	210.0	0.4	0	1	1600	0	35.2	1.0	16
2019101351	2022-08-06	1	520.0	0.0	0	1	1600	0	34.0	1.0	18
2019101351	2022-10-30	7	0.0	0.6	0	1	1600	0	33.8	2.0	16
2019101351	2022-11-19	5	77.0	0.3	0	1	1600	0	34.4	2.0	18
2019101351	2022-12-10	11	0.0	1.3	0	1	1800	0	37.0	2.0	16
2019101351	2023-03-04	8	0.0	1.0	0	1	1600	0	36.5	2.0	16
2019101351	2023-03-26	3	200.0	0.2	3	0	1800	3	39.5	2.0	12
2019101351	2023-05-07	8	0.0	1.3	3	0	1600	0	39.3	2.0	10
2019101351	2023-05-21	12	0.0	1.6	0	0	1600	2	38.1	2.0	16
2019101351	2023-07-01	2	320.0	0.0	1	0	1150	1	36.0	2.0	16
2019101351	2023-07-22	2	320.0	0.4	0	0	1150	0	36.9	2.0	16
2019101351	2024-03-02	6	0.0	0.8	1	0	1200	1	38.4	2.0	16
2019101351	2024-04-14	5	80.0	0.5	0	0	1150	0	37.2	2.0	16
2019101351	2024-05-05	2	320.0	0.2	0	0	1200	0	36.9	2.0	13
2019101351	2024-05-18	6	0.0	0.6	0	0	1400	0	36.0	2.0	16
2019101351	2024-07-13	9	0.0	0.5	0	0	1150	2	36.1	2.0	16
2019101351	2024-10-26	9	0.0	2.0	0	0	1200	0	38.7	2.0	10
2019101351	2024-11-10	16	0.0	3.2	1	0	1600	0	39.3	2.0	16
2019101351	2025-02-22	7	0.0	1.3	1	0	1400	0	37.5	2.0	16
2019101351	2025-03-30	1	800.0	0.0	0	0	1200	2	36.2	2.0	16
2019101351	2025-04-19	7	0.0	0.5	0	0	1200	0	36.6	5.0	15
2019101351	2025-06-28	11	0.0	3.0	0	0	1700	0	39.3	5.0	14
2019101351	2025-07-19	11	0.0	1.0	0	0	1150	0	35.5	5.0	16
2019101351	2025-09-07	11	0.0	1.7	0	0	1200	0	37.3	5.0	16
2019101351	2025-10-18	12	0.0	2.4	1	0	1400	0	37.9	3.0	14
2019101416	2021-09-11	4	110.0	0.5	1	1	2000	0	34.7	0.0	12
2019101416	2021-10-09	5	51.0	0.5	1	1	1800	0	34.9	1.0	12
2019101416	2021-11-20	5	51.0	1.1	0	1	2000	0	35.3	1.0	14
2019101416	2021-12-19	1	510.0	0.0	0	1	1600	0	34.9	1.0	16
2019101416	2022-01-30	4	150.0	0.7	1	1	1800	0	35.7	2.0	8
2019101416	2022-02-27	6	0.0	0.4	0	1	1600	0	34.5	2.0	10
2019101416	2023-01-15	6	0.0	0.6	1	1	1600	0	36.1	2.0	16
2019101416	2023-03-05	2	460.0	0.2	1	1	1600	0	34.5	3.0	15
2019101416	2023-04-02	4	120.0	0.2	1	1	1600	0	34.5	2.0	16
2019101416	2023-04-23	9	0.0	0.5	0	1	1600	0	34.7	2.0	15
2019101416	2023-04-30	7	0.0	0.5	1	1	1600	0	33.8	3.0	11
2019101416	2023-06-24	2	320.0	0.0	1	1	1600	0	34.3	2.0	16
2019101416	2023-12-23	5	111.0	0.5	0	1	1600	0	34.5	2.0	16
2019101416	2024-01-14	5	80.0	0.5	0	1	1600	0	34.3	2.0	16
2019101416	2024-03-10	4	120.0	0.2	0	1	1600	0	34.9	2.0	10
2019101416	2024-04-06	2	320.0	0.1	1	1	1200	0	34.3	2.0	16
2019101416	2024-04-20	7	0.0	0.4	0	1	1200	0	34.6	5.0	14
2019101416	2024-06-01	10	0.0	0.7	0	1	1400	0	34.4	2.0	18
2019101416	2024-06-16	3	200.0	0.2	0	1	1400	0	33.5	2.0	14
2019101416	2024-09-15	4	120.0	0.4	0	1	1200	0	34.1	2.0	16
2019101416	2024-09-21	7	0.0	1.0	1	1	1200	0	33.4	2.0	15
2019101416	2024-11-16	4	120.0	0.4	0	1	1200	0	35.0	2.0	15
2019101416	2024-12-15	6	0.0	0.3	0	1	1600	0	34.7	2.0	16
2019101416	2025-01-26	4	120.0	0.7	0	1	1600	0	35.6	2.0	14
2019101416	2025-02-15	4	120.0	0.3	0	1	1600	0	34.8	2.0	16
2019101416	2025-03-15	9	0.0	0.5	2	1	1400	0	35.0	2.0	18
2019101416	2025-04-12	4	120.0	0.3	0	1	1600	0	34.1	2.0	16
2019101416	2025-05-11	5	80.0	0.3	0	1	1400	0	33.5	2.0	12
2019101416	2025-05-25	1	800.0	0.0	1	1	1400	1	34.3	2.0	18
2019101416	2025-10-11	7	0.0	0.3	0	1	1400	0	34.3	5.0	13
2019101416	2025-11-16	4	170.0	0.1	0	1	1400	0	34.3	3.0	15
2019101416	2025-12-07	15	0.0	1.9	0	1	1400	0	36.9	3.0	17
2019101416	2026-01-10	13	0.0	1.4	0	1	1600	0	36.1	3.0	16
2019101825	2021-10-16	8	0.0	3.1	1	0	1800	2	41.1	0.0	10
2019101825	2022-01-16	4	78.0	0.7	1	1	1800	0	35.7	1.0	15
2019101825	2022-01-23	12	0.0	2.3	3	1	1800	2	40.2	1.0	16
2019101825	2022-02-20	6	0.0	1.2	1	1	1800	1	34.7	1.0	16
2019101825	2022-03-13	11	0.0	2.0	0	1	2000	0	37.5	1.0	17
2019101825	2022-04-17	3	130.0	0.4	0	1	2200	2	36.2	1.0	18
2019101825	2022-05-14	2	210.0	0.4	1	1	2400	2	37.1	1.0	14
2019101825	2022-06-18	4	78.0	0.5	0	1	2600	0	36.1	1.0	9
2019101825	2022-07-09	6	0.0	0.6	1	1	2000	0	37.2	1.0	14
2019101825	2022-08-07	14	0.0	3.7	0	1	2600	0	39.9	1.0	14
2019101825	2022-12-18	7	0.0	4.7	0	2	2880	2	14.0	1.0	12
2019101825	2023-01-15	5	79.0	0.9	2	2	2860	2	13.6	1.0	12
2019101825	2023-02-12	5	79.0	1.3	0	2	2860	2	13.6	1.0	12
2019101825	2023-03-12	3	200.0	0.2	0	2	2880	0	13.4	1.0	9
2019101825	2023-04-09	6	0.0	2.4	0	2	2750	2	13.6	1.0	10
2019101825	2023-07-19	1	80.0	0.0	1	0	1700	0	40.9	10.0	12
2019101825	2023-08-04	1	110.0	0.0	0	0	1870	0	39.7	11.0	7
2019101825	2023-08-31	4	16.5	2.4	1	0	1870	0	41.5	11.0	7
2019101825	2023-09-27	1	110.0	0.0	0	0	1870	0	38.4	5.0	11
2019101825	2023-10-20	3	32.5	0.1	1	0	1870	2	41.3	13.0	11
2019101825	2023-11-09	4	19.5	0.5	0	0	1700	2	38.6	5.0	8
2019101825	2024-01-20	8	0.0	1.2	1	1	2200	0	35.8	2.0	17
2019101825	2024-02-10	9	0.0	1.0	0	1	2000	0	36.0	2.0	11
2019101825	2024-04-07	10	0.0	1.5	0	1	2600	0	37.5	2.0	16
2019101825	2024-05-12	8	0.0	8.5	1	2	2890	0	13.7	1.0	11
2019101825	2024-06-09	8	0.0	3.3	1	2	2910	2	13.7	1.0	10
2019101825	2024-10-06	9	0.0	0.9	0	1	1800	0	34.9	2.0	16
2019101825	2024-10-19	5	80.0	1.0	2	1	2400	2	35.7	2.0	6
2019101825	2024-11-03	9	0.0	1.7	0	1	2600	2	37.9	2.0	14
2019101825	2024-12-01	14	0.0	2.0	0	1	2200	0	35.1	5.0	16
2019101825	2025-01-18	3	210.0	0.1	0	2	2880	0	13.6	1.0	11
2019101825	2025-02-08	5	84.0	1.2	4	2	2860	2	13.7	1.0	9
2019101825	2025-05-18	2	340.0	0.7	1	2	2890	2	13.4	1.0	13
2019101825	2025-06-08	11	0.0	20.2	1	2	2970	0	14.9	1.0	11
2019101825	2025-12-14	2	340.0	0.1	3	2	2880	2	13.8	1.0	14
2019102937	2021-06-27	11	0.0	3.2	1	0	1400	0	38.1	0.0	15
2019102937	2021-07-18	4	77.0	0.6	0	1	1800	0	36.6	1.0	16
2019102937	2021-08-07	4	77.0	0.8	0	1	2000	0	36.1	1.0	11
2019102937	2021-09-05	4	77.0	1.0	1	1	2000	0	36.7	1.0	10
2019102937	2021-10-02	7	0.0	2.1	0	1	2000	2	35.5	1.0	15
2019102937	2022-03-20	2	210.0	0.0	0	1	2000	1	36.5	1.0	17
2019102937	2022-04-09	3	130.0	0.7	0	1	2000	0	36.7	1.0	18
2019102937	2022-04-24	3	130.0	0.0	0	1	2000	0	35.8	1.0	16
2019102937	2022-05-29	1	520.0	0.0	0	1	2200	0	36.4	1.0	12
2019102937	2022-06-18	4	160.0	0.3	0	1	2000	0	34.6	5.0	9
2019102937	2022-11-12	10	0.0	1.1	0	1	2600	0	37.7	2.0	16
2019102937	2022-12-04	5	107.0	0.7	0	1	2200	0	34.8	5.0	11
2019102937	2022-12-28	5	77.0	0.8	0	1	2000	0	37.2	2.0	18
2019102937	2023-01-09	5	80.0	0.4	0	1	2000	0	34.6	2.0	17
2019102937	2023-02-11	8	0.0	0.4	0	1	2000	1	35.5	5.0	12
2019102937	2023-05-20	8	0.0	0.5	0	1	2000	0	35.3	5.0	16
2019102937	2023-06-17	1	1137.3	0.0	1	1	2000	0	35.1	5.0	9
2019102937	2023-06-25	6	0.0	0.7	0	1	2000	0	35.6	3.0	13
2019102937	2023-07-22	8	0.0	0.6	0	1	2000	0	34.6	3.0	9
2019102937	2024-01-07	15	0.0	0.9	0	1	2000	0	35.7	3.0	17
2019102937	2024-02-03	3	393.5	0.4	2	1	1800	2	35.8	5.0	11
2019102937	2024-02-24	10	0.0	0.4	0	1	2000	2	36.1	5.0	15
2019102937	2024-03-16	5	155.0	0.6	0	1	2000	0	35.7	5.0	11
2019102937	2024-04-07	2	629.4	0.4	0	1	2000	1	35.6	5.0	15
2019102937	2024-06-08	8	0.0	0.4	0	1	1800	0	35.0	5.0	16
2019102937	2024-06-23	1	1570.3	0.0	1	1	2000	0	35.3	5.0	9
2019102937	2024-07-27	5	184.0	0.4	1	1	2000	0	34.9	4.0	14
2019102937	2024-08-24	13	0.0	2.0	0	1	2000	0	39.5	4.0	14
2019102937	2025-03-02	11	0.0	1.1	1	1	2000	1	38.0	4.0	13
2019102937	2025-04-06	12	0.0	1.2	0	1	2000	0	36.0	4.0	16
2019102937	2025-04-27	13	0.0	0.8	0	1	1800	0	34.2	4.0	16
2019102937	2025-05-17	4	280.0	0.7	1	1	2400	2	37.3	4.0	12
2019102937	2025-06-07	14	0.0	1.2	1	1	2000	0	36.2	4.0	15
2019102937	2025-10-19	12	0.0	1.2	2	1	1800	0	35.3	4.0	18
2019102937	2025-11-09	7	0.0	1.0	2	1	2000	0	34.7	4.0	12
2019102937	2025-11-30	14	0.0	1.6	0	1	2000	0	35.4	4.0	15
2019102937	2025-12-14	13	0.0	1.9	0	1	2200	0	36.5	4.0	15
2019102937	2026-01-04	8	0.0	0.5	1	1	2000	0	34.3	4.0	9
2019102937	2026-01-24	15	0.0	0.8	1	1	2000	0	34.9	4.0	18
2019103285	2021-09-12	11	0.0	6.0	1	0	1800	0	42.6	0.0	11
2019103285	2021-12-11	6	0.0	1.3	0	0	1200	0	38.1	1.0	16
2019103285	2022-01-05	6	0.0	1.8	0	0	1200	0	38.1	1.0	15
2019103285	2022-01-16	3	130.0	1.2	0	0	1400	0	38.6	1.0	12
2019103285	2022-01-30	8	0.0	2.5	0	0	1400	0	39.7	1.0	16
2019103285	2022-02-13	3	130.0	0.8	2	0	1400	0	38.5	1.0	14
2019103285	2022-02-26	4	78.0	0.8	0	0	1400	0	38.9	1.0	13
2019103285	2022-03-20	5	52.0	1.2	0	0	1400	1	38.4	1.0	16
2019103285	2022-04-03	4	78.0	1.0	1	0	1400	0	38.1	1.0	16
2019103285	2022-04-24	5	52.0	0.8	0	0	1700	0	38.6	1.0	15
2019103285	2022-12-22	4	9.0	2.2	0	0	1400	1	41.4	10.0	9
2019103285	2023-01-04	4	9.0	1.0	0	0	1400	0	39.5	10.0	10
2019103285	2023-01-19	2	24.0	0.1	0	0	1400	0	39.2	10.0	10
2019103285	2023-02-09	4	9.0	1.3	0	0	1400	0	39.6	10.0	10
2019103285	2023-02-22	3	15.0	0.5	0	0	1400	2	39.8	10.0	12
2019103285	2023-03-08	1	60.0	0.0	0	0	1400	0	39.2	10.0	10
2019103285	2023-03-31	2	40.0	0.3	0	0	1400	0	39.8	11.0	12
2019103285	2023-04-14	4	15.0	1.5	1	0	1400	0	39.8	11.0	10
2019103285	2023-07-27	1	70.0	0.0	0	0	1400	0	40.0	10.0	10
2019103285	2023-08-23	2	40.0	0.1	1	0	1400	0	40.1	11.0	12
2019103285	2023-09-14	2	40.0	0.0	1	0	1400	0	38.7	11.0	11
2019103285	2023-10-06	3	27.5	1.0	0	0	1400	2	40.0	5.0	9
2019103285	2023-10-18	1	100.0	0.0	0	0	1400	0	38.7	11.0	9
2019103285	2024-01-13	11	0.0	1.4	0	0	1700	0	38.6	2.0	16
2019103285	2024-03-03	10	0.0	2.0	1	0	1700	2	39.7	2.0	15
2019103285	2024-03-16	8	0.0	1.3	0	0	1800	0	38.6	2.0	9
2019103285	2024-04-06	8	0.0	1.6	1	0	1700	0	40.1	2.0	15
2019103285	2024-04-20	5	80.0	0.9	1	0	1400	0	37.7	2.0	14
2019103285	2024-05-05	8	0.0	0.7	0	0	1400	0	37.3	2.0	16
2019103285	2024-05-19	9	0.0	0.7	1	0	1200	0	36.7	2.0	16
2019103285	2024-10-05	9	0.0	1.1	1	0	1200	1	37.5	2.0	15
2019103285	2024-10-19	9	0.0	2.0	2	0	1200	0	38.6	2.0	12
2019103285	2024-11-30	12	0.0	2.2	0	0	1400	0	38.8	2.0	16
2019103285	2024-12-08	11	0.0	1.9	0	0	1400	0	39.7	2.0	16
2019103285	2025-05-08	6	0.0	1.6	0	0	1400	0	41.0	5.0	12
2019103285	2025-05-17	2	320.0	0.0	1	0	1200	2	36.9	2.0	15
2019103285	2025-05-31	11	0.0	0.8	1	0	1400	0	37.3	2.0	16
2019103285	2025-07-06	5	80.0	0.9	0	0	1000	0	35.3	2.0	14
2019103285	2025-07-20	3	200.0	0.7	0	0	1000	0	35.0	2.0	9
2019103285	2025-08-03	7	0.0	1.2	0	0	1200	0	37.2	2.0	16
2019103285	2025-10-04	6	0.0	0.7	1	0	1400	3	37.1	2.0	16
2019103285	2025-10-19	6	0.0	1.5	1	0	1200	2	37.1	2.0	14
2019103285	2025-11-16	7	0.0	0.4	0	0	1150	0	37.1	2.0	16
2019103285	2026-01-10	8	0.0	1.0	0	0	1200	0	36.7	2.0	15
2019103816	2022-04-17	4	78.0	0.7	0	1	2200	0	34.8	1.0	18
2019103816	2022-05-14	2	210.0	0.2	0	1	2200	1	36.3	1.0	10
2019103816	2022-05-29	2	210.0	0.1	0	1	2200	0	36.7	1.0	12
2019103816	2022-06-18	1	520.0	0.0	1	1	2400	0	34.8	1.0	13
2019103816	2022-10-16	7	0.0	1.1	1	1	2400	0	35.5	2.0	12
2019103816	2022-11-12	2	310.0	0.0	0	1	2600	0	36.6	2.0	16
2019103816	2022-12-11	7	0.0	1.2	0	1	2200	0	36.0	2.0	12
2019103816	2023-04-23	4	170.0	0.6	0	1	2600	0	36.0	5.0	14
2019103816	2023-05-14	5	111.0	0.4	0	1	2000	0	35.6	5.0	12
2019103816	2023-11-19	14	0.0	1.3	0	1	2600	0	37.2	5.0	16
2019103816	2024-01-13	6	0.0	0.9	0	1	2600	0	36.1	2.0	16
2019103816	2024-02-10	4	170.0	0.6	0	1	2600	0	35.9	5.0	8
2019103816	2024-03-09	4	120.0	0.5	0	1	2200	0	37.4	2.0	9
2019103816	2024-04-07	11	0.0	1.5	0	1	2600	0	38.0	2.0	16
2019103816	2024-05-04	8	0.0	1.0	0	1	2200	0	37.5	5.0	13
2019103816	2024-05-18	1	800.0	0.0	0	1	2400	0	35.4	2.0	12
2019103816	2024-09-15	5	155.0	1.5	1	1	2200	2	36.3	5.0	10
2019103816	2024-10-05	2	460.0	0.2	0	1	2400	0	35.9	3.0	8
2019103816	2024-11-09	3	290.0	0.4	0	1	2400	0	34.6	3.0	6
2019103816	2024-12-07	8	0.0	1.9	0	1	2400	0	37.0	3.0	10
2019103816	2025-02-01	5	155.0	1.3	1	1	2400	0	37.2	5.0	10
2019103816	2025-03-02	3	393.2	0.5	2	1	2200	0	35.4	5.0	9
2019103816	2025-03-22	6	0.0	0.6	0	1	2600	0	35.5	3.0	9
2019103816	2025-06-14	6	0.0	0.4	0	1	1800	0	34.2	5.0	16
2019103816	2025-07-13	10	0.0	1.9	0	1	1800	0	36.4	3.0	11
2019103816	2025-08-09	8	0.0	1.2	0	1	2000	2	34.9	5.0	11
2019103816	2025-08-24	11	0.0	0.8	0	1	1800	0	35.5	3.0	14
2019103816	2026-01-17	7	0.0	0.9	0	1	2000	0	34.7	5.0	10
2019104005	2021-06-13	6	0.0	1.2	1	1	1800	0	35.2	0.0	8
2019104005	2021-07-18	5	51.0	0.9	0	1	1800	0	36.5	1.0	16
2019104005	2021-08-14	7	0.0	1.5	3	1	1800	2	34.7	1.0	11
2019104005	2021-09-11	6	0.0	3.1	1	0	1800	2	42.4	1.0	16
2019104005	2021-11-14	3	130.0	0.5	0	0	1700	0	38.6	1.0	15
2019104005	2021-12-04	4	77.0	1.8	0	0	1800	2	39.9	1.0	12
2019104005	2021-12-11	6	0.0	0.7	0	0	1800	2	38.5	1.0	15
2019104005	2022-02-06	4	78.0	0.6	0	0	2100	0	38.8	1.0	14
2019104005	2022-02-26	4	78.0	2.3	0	0	1800	0	40.3	1.0	16
2019104005	2022-05-15	3	130.0	0.4	1	0	1600	1	36.7	1.0	14
2019104005	2022-06-04	4	78.0	1.1	0	0	1600	2	37.0	1.0	16
2019104005	2022-06-26	1	520.0	0.0	0	0	1600	0	37.7	1.0	16
2019104005	2022-10-22	7	0.0	1.6	1	0	1600	0	38.1	2.0	13
2019104005	2022-11-06	9	0.0	1.2	0	0	1600	0	36.2	2.0	12
2019104005	2022-11-27	8	0.0	1.5	0	0	1600	2	37.9	2.0	16
2019104005	2022-12-18	9	0.0	1.6	0	0	1800	2	39.7	2.0	15
2019104005	2023-03-18	11	0.0	0.8	3	0	1800	1	36.7	2.0	13
2019104005	2023-03-26	4	120.0	0.2	3	0	1800	3	38.3	2.0	12
2019104005	2023-04-16	6	0.0	0.8	0	0	1800	1	37.7	2.0	10
2019104005	2023-05-14	8	0.0	1.7	1	0	2100	2	37.3	2.0	13
2019104005	2023-06-25	6	0.0	0.8	0	0	1700	2	37.9	2.0	14
2019104005	2023-07-08	6	0.0	0.8	0	0	1700	0	38.8	2.0	11
2019104005	2023-07-29	4	120.0	1.2	1	0	1700	0	37.5	2.0	13
2019104005	2023-08-20	9	0.0	1.5	1	0	1700	2	38.4	2.0	13
2019104005	2023-09-03	9	0.0	2.0	0	0	1700	0	39.0	2.0	14
2019104005	2024-01-13	11	0.0	2.0	1	0	1800	0	39.6	2.0	16
2019104005	2024-02-03	8	0.0	0.7	0	0	1600	0	37.0	2.0	16
2019104005	2024-02-24	11	0.0	2.5	0	0	1800	2	38.6	2.0	12
2019104005	2024-07-28	10	0.0	1.9	1	0	1700	3	37.6	2.0	14
2019104005	2024-08-11	4	120.0	0.8	0	0	1700	0	38.7	2.0	13
2019104005	2024-08-24	7	0.0	2.3	0	0	1700	0	38.4	5.0	10
2019104005	2024-09-01	7	0.0	1.4	0	0	1700	1	38.2	2.0	14
2019104005	2024-09-29	5	80.0	0.6	1	0	1800	0	38.2	2.0	16
2019104005	2024-10-20	5	80.0	1.0	0	0	1600	0	36.4	2.0	12
2019104005	2024-11-10	6	0.0	1.5	1	0	1600	0	36.1	2.0	16
2019104005	2024-12-07	5	80.0	1.3	0	0	1800	0	37.9	2.0	16
2019104005	2025-01-13	6	0.0	1.6	0	0	1800	0	39.3	2.0	14
2019104005	2025-03-22	4	120.0	0.5	0	0	1800	2	38.6	2.0	16
2019104005	2025-04-13	3	200.0	0.5	3	0	1700	0	38.2	2.0	15
2019104005	2025-04-27	3	200.0	0.4	0	0	1700	0	37.5	2.0	14
2019104005	2025-05-24	5	80.0	0.2	1	0	1800	0	38.2	2.0	15
2019104005	2025-06-21	9	0.0	1.3	0	0	1600	0	36.3	2.0	16
2019104005	2025-07-12	8	0.0	1.0	1	0	1700	0	37.8	2.0	15
2019104005	2025-07-20	9	0.0	2.0	0	0	1700	0	38.2	2.0	15
2019104005	2026-01-18	14	0.0	4.3	0	0	1800	0	41.9	2.0	14
2019104089	2021-09-18	10	0.0	4.6	3	0	1800	3	41.5	0.0	12
2019104089	2021-10-09	4	77.0	0.8	0	0	1800	0	37.9	1.0	11
2019104089	2022-01-05	1	520.0	0.0	0	0	1900	0	39.2	1.0	14
2019104089	2022-01-23	2	300.0	0.1	1	0	1800	0	38.7	2.0	11
2019104089	2022-02-06	2	300.0	0.2	5	0	1800	2	37.8	2.0	11
2019104089	2022-03-12	2	300.0	0.1	0	0	1800	0	38.9	2.0	16
2019104089	2022-04-23	3	190.0	0.1	0	0	1800	0	38.3	2.0	15
2019104089	2022-05-07	1	1067.8	0.0	0	0	1800	0	38.2	2.0	15
2019104089	2022-08-07	8	0.0	1.9	0	0	1800	0	40.3		15
2019104089	2022-09-10	1	1538.0	0.0	0	0	1800	1	36.2	5.0	13
2019104089	2022-10-02	12	0.0	3.4	0	0	1900	0	39.9	4.0	14
2019104089	2022-11-12	3	464.6	0.3	0	0	1800	0	38.1	4.0	14
2019104089	2022-11-26	3	464.9	0.8	0	0	1800	2	36.8	4.0	16
2019104089	2023-01-09	3	465.4	0.2	0	0	1800	0	36.0	4.0	16
2019104089	2023-02-05	1	1870.1	0.0	0	0	1900	0	37.8	4.0	14
2019104089	2023-02-25	8	0.0	0.4	0	0	2000	2	38.5		16
2019104089	2023-05-06	3	554.8	0.3	1	0	1800	0	35.4	5.0	15
2019104089	2023-06-25	3	604.0	0.6	0	0	1700	2	36.9		13
2019104089	2023-07-08	11	0.0	2.3	0	0	1700	0	37.1	5.0	14
2019104089	2023-11-26	8	0.0	0.6	0	0	1900	0	38.1	5.0	16
2019104089	2023-12-28	13	0.0	1.8	0	0	1800	0	38.5		15
2019104089	2024-02-17	8	0.0	2.2	1	1	3400	0	36.1		10
2019104089	2024-06-23	8	0.0	0.8	0	0	1700	0	38.7		14
2019104089	2024-07-21	8	0.0	2.1	0	0	1700	0	37.7		15
2019104089	2024-08-25	6	0.0	0.6	1	0	1800	0	37.6	5.0	13
2019104089	2024-10-12	14	0.0	1.4	0	0	1800	0	37.5	5.0	16
2019104089	2025-01-12	4	330.0	0.7	1	0	1800	0	37.0	5.0	16
2019104089	2025-02-16	12	0.0	1.9	1	1	2200	2	35.4		12
2019104089	2025-05-11	15	0.0	2.6	1	0	1800	2	38.1	5.0	16
2019104169	2021-08-15	12	0.0	2.7	1	1	1800	2	36.4	0.0	16
2019104169	2021-11-14	5	51.0	0.8	0	0	1700	0	38.6	1.0	15
2019104169	2021-11-28	5	51.0	0.6	0	0	1800	0	40.4	1.0	14
2019104169	2021-12-11	5	51.0	2.9	0	0	1800	0	38.9	1.0	10
2019104169	2021-12-26	4	77.0	0.8	0	0	1800	0	40.9	1.0	16
2019104169	2022-01-15	3	130.0	0.5	0	0	1700	0	38.8	1.0	9
2019104169	2022-01-29	11	0.0	1.7	1	0	1700	0	40.3	1.0	13
2019104169	2022-05-22	5	52.0	1.9	1	0	1800	0	39.4	1.0	15
2019104169	2022-06-11	3	130.0	0.1	0	0	1700	0	39.1	1.0	14
2019104169	2022-06-25	1	520.0	0.0	1	0	1700	1	36.8	1.0	8
2019104169	2022-09-10	9	0.0	1.9	0	0	1800	3	37.8	2.0	10
2019104169	2022-09-17	9	0.0	2.0	1	0	1800	0	39.2	2.0	12
2019104169	2023-05-21	6	0.0	1.7	0	0	1900	0	40.0	2.0	10
2019104169	2023-06-03	9	0.0	1.2	0	0	1800	1	38.8	2.0	13
2019104169	2023-06-24	10	0.0	2.3	1	0	1800	2	39.9	2.0	14
2019104169	2023-07-16	11	0.0	1.0	0	1	1200	0	34.4	2.0	14
2019104169	2023-08-26	9	0.0	1.0	0	1	1200	0	34.7	2.0	14
2019104169	2023-09-16	16	0.0	1.4	0	1	1600	0	35.4	2.0	18
2019104169	2023-10-15	3	200.0	1.2	1	0	1400	1	37.5	2.0	13
2019104169	2023-10-29	2	320.0	0.1	0	0	1400	0	36.7	2.0	16
2019104169	2023-11-11	3	200.0	1.0	1	0	1200	1	36.8	2.0	16
2019104169	2023-11-25	5	80.0	0.6	0	0	1400	0	37.1	2.0	15
2019104169	2024-03-23	9	0.0	1.6	3	0	1400	1	36.5	2.0	16
2019104169	2024-04-14	9	0.0	1.4	0	0	1400	0	37.6	2.0	12
2019104169	2024-05-05	7	0.0	0.5	0	0	1400	0	37.2	2.0	16
2019104169	2024-05-19	2	320.0	0.1	1	0	1200	0	37.2	2.0	16
2019104169	2024-06-01	3	200.0	0.5	0	0	1200	2	36.0	2.0	16
2019104169	2024-06-15	7	0.0	0.9	1	0	1200	0	37.7	2.0	16
2019104169	2024-09-21	3	200.0	0.8	0	0	1200	0	37.1	2.0	13
2019104169	2024-10-13	1	800.0	0.0	0	0	1200	0	36.5	2.0	14
2019104169	2024-11-03	2	460.0	0.4	0	0	1200	1	36.2	3.0	12
2019104169	2024-11-17	5	114.0	0.9	1	0	1200	0	36.0	3.0	16
2019104169	2024-12-08	1	1140.0	0.0	1	0	1200	0	35.8	3.0	15
2019104169	2025-03-23	13	0.0	2.2	0	0	1400	0	37.7	4.0	16
2019104169	2025-04-06	2	747.4	0.2	0	0	1200	0	35.7	4.0	11
2019104169	2025-04-20	10	0.0	1.2	1	0	1400	0	37.3	4.0	16
2019104169	2025-08-16	12	0.0	1.3	0	0	1200	0	36.1	4.0	15
2019104169	2025-09-07	10	0.0	1.8	0	0	1200	0	35.9	4.0	12
2019104169	2025-09-20	9	0.0	0.7	1	0	1400	0	36.3	4.0	13
2019104169	2025-12-21	8	0.0	0.7	3	0	1400	1	36.5	4.0	16
2019104169	2026-01-05	11	0.0	1.3	0	0	1200	0	35.9	4.0	16
2019104632	2021-12-19	6	0.0	0.7	1	1	1400	0	35.8	0.0	18
2019104632	2022-01-16	1	520.0	0.0	0	0	1400	0	38.3	1.0	12
2019104632	2022-02-12	4	110.0	0.4	0	0	1400	0	37.7	2.0	16
2019104632	2022-03-13	8	0.0	1.4	1	0	1400	0	38.2	2.0	13
2019104632	2023-12-28	5	80.0	1.0	0	0	1400	0	38.0	2.0	15
2019104632	2024-02-03	1	800.0	0.0	1	0	1400	0	36.8	2.0	16
2019104632	2025-02-02	6	0.0	2.3	1	0	1400	2	38.9	3.0	12
2019104632	2025-02-23	7	0.0	1.7	1	0	1400	0	39.2	3.0	12
2019104632	2025-05-11	1	1140.0	0.0	1	0	1400	2	36.4	3.0	16
2019104632	2025-08-03	6	0.0	0.3	0	0	1400	0	37.9	4.0	16
2019104632	2025-09-20	5	184.0	0.4	1	0	1400	0	37.0	4.0	13
2019104632	2025-11-23	11	0.0	1.0	0	0	1400	0	37.4	4.0	16
2019104660	2021-11-20	6	0.0	1.0	0	1	1400	0	35.6	0.0	15
2019104660	2022-02-05	3	130.0	1.3	1	0	1400	0	38.8	1.0	16
2019104660	2022-02-19	1	520.0	0.0	1	0	1400	0	38.0	1.0	13
2019104660	2022-04-24	4	110.0	0.3	2	0	1400	2	36.3	2.0	15
2019104660	2022-05-22	3	190.0	0.8	0	0	1400	0	37.7	2.0	13
2019104660	2022-08-27	8	0.0	1.8	0	0	1700	0	39.7	2.0	16
2019104660	2022-09-17	8	0.0	1.0	1	0	1400	0	38.4	2.0	16
2019104660	2022-11-20	8	0.0	1.0	1	0	1400	2	37.3	2.0	16
2019104660	2022-12-10	2	310.0	0.2	0	0	1200	0	36.6	2.0	14
2019104660	2023-01-14	2	320.0	0.7	1	0	1200	1	36.8	2.0	14
2019104660	2023-02-04	3	200.0	0.3	0	0	1200	0	38.1	2.0	16
2019104660	2023-04-08	2	320.0	0.2	1	0	1150	0	36.8	2.0	16
2019104660	2023-04-29	1	800.0	0.0	0	0	1200	0	37.4	2.0	14
2019104660	2023-05-21	3	395.4	0.2	0	0	1200	0	37.4	5.0	14
2019104660	2023-08-26	2	629.4	0.2	0	0	1200	0	36.3	5.0	15
2019104660	2023-09-24	2	460.0	0.3	0	0	1200	2	37.0	3.0	16
2019104660	2023-12-17	2	627.8	0.2	0	0	1200	2	37.6	5.0	11
2019104660	2024-01-07	1	1140.0	0.0	1	0	1200	0	36.5	3.0	16
2019104660	2024-03-23	10	0.0	1.6	2	0	1200	0	36.8	4.0	16
2019104660	2024-05-19	8	0.0	1.0	2	0	1400	0	36.5	4.0	16
2019104660	2024-08-17	5	184.0	0.5	0	0	1200	0	35.6	4.0	15
2019104660	2024-09-21	12	0.0	1.6	1	0	1400	0	37.9	4.0	15
2019104660	2024-11-30	11	0.0	1.0	0	0	1200	2	36.1	4.0	15
2019104660	2025-02-10	6	0.0	0.5	0	0	1200	0	36.0	4.0	13
2019104660	2025-04-13	4	280.0	0.1	3	0	1150	0	36.3	4.0	16
2019104660	2025-07-05	12	0.0	1.1	0	0	1150	0	36.4	4.0	16
2019104660	2025-09-07	9	0.0	1.7	0	0	1200	0	35.6	4.0	12
2019104660	2025-11-15	8	0.0	0.7	0	0	1150	0	36.2	4.0	16
2019104660	2025-12-06	14	0.0	1.4	0	0	1200	0	36.7	4.0	16
2019104843	2022-02-05	4	90.0	0.7	0	1	1800	0	34.9	0.0	16
2019104843	2023-04-26	2	14.0	0.3	3	0	800	3	36.1	11.0	10
2019104843	2023-05-10	1	40.0	0.0	0	0	1400	0	39.1	11.0	9
2019104843	2023-05-24	1	50.0	0.0	0	0	1600	0	39.3	5.0	8
2019104843	2024-09-11	1	50.0	0.0	0	0	1600	0	38.5	5.0	10
2019104843	2025-03-16	14	0.0	2.3	1	1	1600	1	36.5	2.0	16
2019104843	2025-04-13	7	0.0	1.5	2	1	2000	0	36.3	2.0	16
2019104843	2025-05-04	6	0.0	1.1	0	1	1800	0	35.3	2.0	9
2019104843	2025-07-05	8	0.0	1.4	0	1	2600	2	37.7	2.0	12
2019104843	2025-07-20	9	0.0	3.1	0	1	2600	0	37.2	2.0	9
2019104843	2025-08-10	8	0.0	2.0	1	1	2000	0	36.5	2.0	9
2019105188	2021-09-19	12	0.0	1.8	0	1	1200	2	34.8	0.0	16
2019105188	2022-09-08	1	62.0	0.0	1	0	1400	2	37.3	5.0	8
2019105188	2022-11-20	6	0.0	0.7	1	0	1400	0	36.8	2.0	16
2019105188	2023-01-28	3	200.0	0.3	0	0	1400	0	37.0	2.0	16
2019105188	2023-08-27	6	0.0	0.6	0	0	1200	0	36.7	2.0	15
2019105188	2023-10-29	1	800.0	0.0	0	0	1600	0	36.7	2.0	11
2019105188	2024-01-06	8	0.0	0.7	0	0	1800	0	39.1	3.0	16
2019105188	2024-03-09	5	155.0	0.6	0	0	1800	1	38.7	5.0	16
2019105188	2024-08-03	5	155.0	1.0	1	0	1700	0	37.1	5.0	14
2019105188	2024-08-31	3	394.0	0.5	1	0	1700	1	36.5	3.0	13
2019105188	2024-11-03	1	1586.4	0.0	0	0	1700	1	37.5	3.0	15
2019105188	2025-02-08	5	184.0	0.6	1	0	1700	2	37.6	4.0	15
2019105188	2025-04-19	12	0.0	2.4	0	0	1800	0	40.3	4.0	16
2019105188	2025-06-29	2	751.6	0.2	0	0	1700	0	37.2	4.0	15
2019105188	2025-08-16	6	0.0	0.7	0	0	1700	0	38.4	4.0	14
2019105188	2025-11-24	3	465.1	0.3	1	0	1700	0	37.7	4.0	15
2019105808	2021-09-11	7	0.0	1.3	1	1	2000	0	35.2	0.0	12
2019105808	2021-12-26	11	0.0	1.7	0	1	2000	0	35.7	1.0	18
2019105808	2022-02-05	6	0.0	0.5	0	1	2400	0	34.6	1.0	15
2019105808	2022-04-09	7	0.0	1.1	0	1	2000	0	37.1	1.0	18
2019105808	2022-05-01	2	210.0	0.1	1	1	2600	2	36.7	1.0	13
2019105808	2022-06-18	3	130.0	0.3	0	1	2600	0	35.5	1.0	9
2019105808	2022-07-17	5	52.0	1.8	3	1	2600	1	40.7	1.0	16
2019105808	2022-08-06	1	365.0	0.0	0	1	2000	0	36.3	1.0	16
2019105808	2022-11-12	3	190.0	0.1	0	1	2600	0	36.4	2.0	16
2019105808	2022-12-18	5	77.0	0.5	0	1	2500	2	35.3	2.0	12
2019105808	2023-01-21	1	800.0	0.0	0	1	2600	2	34.9	2.0	9
2019105808	2023-02-18	8	0.0	2.1	2	1	2600	2	38.6	5.0	11
2019105808	2023-04-16	2	628.0	0.1	0	1	2600	2	37.1	5.0	13
2019105808	2023-05-28	6	0.0	0.7	0	1	2400	0	34.3	3.0	11
2019105808	2023-07-16	4	230.0	0.7	0	1	2600	0	36.2	5.0	11
2019105808	2023-11-04	10	0.0	1.6	1	1	2600	0	38.2	5.0	16
2019105808	2023-12-03	10	0.0	1.1	0	1	2500	0	35.6	3.0	12
2019105808	2024-01-14	8	0.0	0.7	0	1	2000	0	35.0	5.0	13
2019105808	2024-02-17	10	0.0	0.8	0	1	2600	0	35.4	5.0	16
2019105808	2024-02-24	13	0.0	0.7	0	1	2000	2	36.5	5.0	15
2019105808	2024-03-24	14	0.0	2.2	2	0	1800	1	37.1	3.0	16
2019105808	2025-03-01	9	0.0	4.0	1	2	2860	0	14.0	1.0	12
2019105808	2025-05-04	9	0.0	3.9	0	2	2890	2	13.6	1.0	14
2019105808	2025-07-20	8	0.0	1.9	0	2	2770	0	13.6	1.0	14
2019105808	2025-09-28	9	0.0	4.0	0	2	2970	0	14.1	1.0	12
2019105808	2026-01-17	5	84.0	2.3	0	2	2880	0	13.7	1.0	12
2020100052	2022-07-10	3	180.0	0.3	0	1	1800	0	34.8	0.0	12
2020100052	2022-07-30	1	520.0	0.0	0	1	1800	0	34.2	1.0	8
2020100052	2022-10-08	3	834.6	0.6	1	1	1600	0	33.9		9
2020100052	2022-11-12	4	570.0	0.4	0	1	1600	0	34.4		10
2020100052	2023-01-15	5	400.0	0.8	1	1	2000	0	35.6		9
2020100052	2023-03-19	4	160.0	0.2	0	1	1600	2	34.3	2.0	8
2020100052	2023-04-15	4	500.0	0.2	3	1	1600	1	35.2		18
2020100052	2023-05-06	2	310.0	0.3	1	1	1600	0	34.1	2.0	8
2020100052	2023-07-02	3	200.0	0.4	0	1	1600	0	34.4	2.0	8
2020100052	2023-08-12	10	0.0	2.1	0	1	1800	0	37.2	5.0	16
2020100052	2023-10-22	2	451.2	0.0	0	1	1600	2	33.7	5.0	14
2020100052	2023-11-18	2	320.0	0.5	0	1	1600	2	34.3	2.0	14
2020100052	2023-12-17	2	320.0	0.4	0	1	1600	0	34.5	2.0	16
2020100052	2024-01-06	13	0.0	2.1	1	1	1800	0	37.9	2.0	17
2020100052	2024-04-21	2	320.0	0.0	3	1	1400	0	34.8	2.0	13
2020100052	2024-05-19	13	0.0	1.1	0	1	1400	0	36.3	2.0	16
2020100052	2024-07-28	8	0.0	0.8	1	1	1800	0	34.4	2.0	16
2020100052	2024-09-01	10	0.0	0.7	1	1	1400	1	35.1	2.0	18
2020100052	2024-11-10	14	0.0	1.7	0	1	1800	0	36.9	2.0	16
2020100052	2025-03-22	11	0.0	1.0	0	1	1600	0	35.3	2.0	16
2020100052	2025-04-19	11	0.0	1.0	0	1	1600	0	34.1	2.0	14
2020100052	2025-05-03	5	80.0	1.1	0	1	2000	0	35.3	2.0	6
2020100052	2025-05-24	14	0.0	3.1	3	0	1800	2	40.6	2.0	16
2020100052	2025-09-27	3	210.0	1.1	1	2	2880	0	13.8	1.0	11
2020100052	2025-10-26	8	0.0	4.2	2	2	3000	2	13.8	1.0	14
2020100052	2025-12-28	2	340.0	1.1	0	2	2970	0	13.9	1.0	14
2020100052	2026-01-25	2	340.0	0.3	0	2	2860	0	13.3	1.0	12
2020100621	2022-07-10	7	0.0	2.1	0	1	2000	0	36.9	0.0	10
2020100621	2022-07-30	5	52.0	0.7	0	1	1800	0	35.1	1.0	8
2020100621	2022-08-21	4	78.0	0.5	0	1	1800	2	34.0	1.0	9
2020100621	2022-09-19	6	0.0	0.9	0	1	1800	1	36.2	1.0	14
2020100621	2022-12-10	3	130.0	0.9	0	1	1800	0	36.2	1.0	16
2020100621	2022-12-28	7	0.0	0.7	0	1	1800	0	36.2	1.0	16
2020100621	2023-02-05	4	83.0	0.8	0	1	1600	0	34.8	1.0	15
2020100621	2023-02-26	3	140.0	0.9	0	1	1800	0	36.1	1.0	16
2020100621	2023-03-11	8	0.0	0.6	0	1	1800	0	35.3	1.0	16
2020100621	2023-05-07	6	0.0	0.7	1	1	1800	0	33.9	1.0	18
2020100621	2023-05-21	1	550.0	0.0	1	1	2000	0	35.3	1.0	16
2020100621	2023-06-18	8	0.0	0.8	0	1	1800	0	35.3	2.0	15
2020100621	2023-08-27	4	120.0	0.7	0	1	1800	0	34.3	2.0	8
2020100621	2023-09-16	5	80.0	0.2	0	1	2000	0	35.5	2.0	11
2020100621	2023-10-07	9	0.0	2.2	0	1	2000	0	36.7	2.0	14
2020100621	2024-03-02	9	0.0	1.2	0	1	1800	2	37.2	5.0	13
2020100621	2024-04-07	8	0.0	0.8	0	1	1800	1	35.8	2.0	8
2020100621	2024-06-08	5	80.0	0.1	0	1	2000	0	35.8	2.0	13
2020100621	2024-06-22	3	283.6	0.4	1	1	1800	0	35.3	5.0	11
2020100621	2024-07-06	3	283.9	0.1	1	1	2000	0	36.4	5.0	11
2020100621	2024-07-20	4	170.0	0.5	0	1	1800	0	35.2	5.0	10
2020100621	2024-08-03	7	0.0	0.9	0	1	1800	0	35.2	2.0	13
2020100621	2024-12-28	5	80.0	0.6	0	1	1800	0	35.5	2.0	16
2020100621	2025-01-25	10	0.0	1.2	0	1	1800	0	35.8	2.0	16
2020100621	2025-02-09	5	80.0	0.6	0	1	2000	2	37.0	2.0	16
2020100621	2025-02-23	12	0.0	1.0	1	1	1800	0	35.4	5.0	14
2020100621	2025-03-02	11	0.0	1.0	3	1	2000	1	37.6	2.0	18
2020100621	2025-06-15	6	0.0	0.7	1	1	1800	0	35.8	5.0	13
2020100621	2025-06-29	7	0.0	1.2	0	1	2000	0	36.2	5.0	10
2020100621	2025-07-12	4	170.0	0.3	0	1	2000	0	34.3	5.0	11
2020100621	2025-07-26	4	120.0	0.6	1	1	2000	0	34.7	2.0	5
2020100621	2025-08-10	3	200.0	0.6	1	1	2000	0	35.3	2.0	9
2020100621	2025-08-24	6	0.0	1.3	0	1	2000	0	37.3	5.0	13
2020100621	2025-12-27	12	0.0	0.7	1	1	2200	0	36.3	2.0	18
2020100621	2026-01-25	6	0.0	0.3	0	1	2000	0	34.0	2.0	14
2020100665	2022-09-25	5	70.0	0.7	0	1	2000	0	35.8	0.0	10
2020100665	2022-10-09	5	52.0	0.3	1	1	1800	0	34.4	1.0	10
2020100665	2022-10-23	4	78.0	0.2	0	0	1800	0	37.9	1.0	12
2020100665	2022-11-13	1	520.0	0.0	1	0	1800	0	37.5	1.0	11
2020100665	2022-12-11	4	110.0	0.9	1	0	1800	0	38.8	2.0	14
2020100665	2022-12-28	4	110.0	0.9	0	0	1800	0	38.3	2.0	11
2020100665	2023-01-22	6	0.0	1.1	0	0	1800	0	39.3	2.0	8
2020100665	2023-04-15	4	120.0	0.9	3	0	1800	1	38.1	2.0	13
2020100665	2023-05-06	1	1106.4	0.0	1	0	1800	2	38.4	2.0	15
2020100665	2023-05-21	3	483.3	0.5	0	0	1800	0	37.1		11
2020100665	2023-06-18	13	0.0	2.2	0	0	1600	0	37.7		15
2020100665	2023-12-28	4	230.0	0.8	0	0	1800	0	39.2	3.0	16
2020100665	2024-03-16	8	0.0	1.4	0	0	1900	0	37.1	5.0	16
2020100665	2024-03-30	4	230.0	0.3	0	0	1800	1	37.8	3.0	15
2020100665	2024-05-12	3	290.0	0.7	1	0	1800	0	37.8	3.0	14
2020100665	2024-05-25	4	170.0	0.4	0	0	1600	0	36.4	3.0	16
2020100665	2024-06-16	3	290.0	0.5	0	0	1800	0	36.6	3.0	16
2020100665	2024-11-16	5	155.0	1.1	2	0	1900	0	38.9	5.0	16
2020100665	2024-11-30	7	0.0	1.0	0	0	1800	2	38.3	5.0	15
2020100665	2024-12-22	4	230.0	0.5	0	0	1800	0	38.5	3.0	16
2020100665	2025-01-13	7	0.0	0.4	0	0	1400	0	36.9	5.0	16
2020100665	2025-03-23	5	114.0	1.2	0	0	1400	0	38.4	3.0	16
2020100665	2025-04-05	8	0.0	0.7	1	0	1400	0	37.0	3.0	16
2020100665	2025-04-19	4	230.0	0.4	0	0	1400	0	36.9	5.0	16
2020100665	2025-05-11	2	460.0	0.4	1	0	1400	2	36.4	3.0	16
2020100665	2025-06-08	11	0.0	0.9	0	0	1400	0	37.1	5.0	16
2020100665	2025-09-07	10	0.0	1.2	0	0	1400	0	37.7	3.0	12
2020100665	2025-09-27	3	290.0	0.9	0	0	1200	0	36.2	3.0	16
2020100665	2025-10-18	11	0.0	1.7	1	0	1200	0	37.6	5.0	15
2020100665	2025-11-08	1	1585.7	0.0	0	0	1400	0	36.8	5.0	16
2020100665	2025-11-23	8	0.0	0.6	0	0	1400	0	36.6	4.0	16
2020100665	2026-01-17	16	0.0	1.7	0	0	1400	0	37.2	4.0	16
2020100806	2022-11-26	5	70.0	1.9	1	0	1800	2	39.4	0.0	16
2020100806	2023-03-19	1	550.0	0.0	0	0	1900	1	38.1	1.0	13
2020100806	2023-09-10	2	320.0	0.6	0	0	1800	0	38.7	2.0	13
2020100806	2023-10-09	2	320.0	0.6	1	0	1900	1	37.8	2.0	13
2020100806	2023-12-10	1	800.0	0.0	0	0	1900	0	37.5	2.0	10
2020100806	2024-03-16	2	631.4	0.2	0	0	1900	0	37.0	5.0	16
2020100806	2024-05-05	5	114.0	0.9	0	0	1900	0	38.2	3.0	14
2020100806	2024-06-22	1	1576.6	0.0	1	0	1900	2	36.3	5.0	12
2020100806	2024-09-29	1	1872.9	0.0	1	0	1800	2	36.6	4.0	15
2020100806	2024-11-24	6	0.0	0.8	1	0	1900	0	38.5	5.0	16
2020100806	2025-01-26	8	0.0	0.9	0	0	1800	0	37.8		16
2020100806	2025-05-04	1	2433.6	0.0	0	0	2100	2	36.2		16
2020100806	2025-07-21	3	600.0	0.8	1	0	2000	0	39.1		10
2020100806	2025-09-30	2	960.0	0.2	1	0	2100	0	37.9		12
2020100806	2025-12-21	3	605.2	0.4	3	0	1800	1	36.3		16
2020100912	2023-04-08	3	140.0	0.2	0	1	2000	1	35.2	1.0	15
2020100912	2023-04-22	3	140.0	0.3	0	1	2400	0	34.6	1.0	13
2020100912	2023-05-07	1	550.0	0.0	3	1	2200	3	35.7	1.0	9
2020100912	2023-06-25	2	320.0	0.9	1	1	2200	0	36.9	2.0	10
2020100912	2023-07-08	6	0.0	1.2	1	1	2200	0	36.3	2.0	10
2020100912	2023-10-14	3	200.0	0.5	1	1	2400	0	33.8	2.0	10
2020100912	2023-11-04	1	800.0	0.0	0	1	2200	0	33.7	2.0	11
2020100912	2024-01-07	5	155.0	1.6	0	1	2400	0	35.7	5.0	12
2020100912	2024-01-27	1	1569.6	0.0	1	1	2200	0	33.6	5.0	9
2020100912	2024-05-05	1	1863.1	0.0	0	1	2400	0	34.3	4.0	11
2020100912	2024-05-26	12	0.0	0.6	0	1	2500	0	33.8		13
2020100912	2024-09-01	9	0.0	0.9	0	1	2000	0	34.4		11
2020100912	2024-10-06	9	0.0	0.9	0	1	2400	0	35.1		11
2020100912	2024-11-16	6	0.0	1.4	1	1	2000	0	35.6		15
2020100912	2024-12-28	2	970.0	0.4	0	0	1800	0	37.5		16
2020100912	2025-02-10	3	554.8	0.4	0	0	1900	0	36.6	5.0	16
2020100912	2025-03-01	5	240.0	0.6	0	0	2000	0	38.6		16
2020100912	2025-05-11	3	554.8	0.3	1	0	1800	2	36.2	5.0	16
2020100912	2025-05-25	12	0.0	1.9	1	1	1800	2	37.0		17
2020100912	2025-09-27	3	957.3	0.1	0	0	2000	0	37.2		14
2020100912	2025-10-26	2	888.8	0.2	1	0	1800	1	36.7	5.0	14
2020100912	2025-11-22	9	0.0	1.7	0	0	1900	0	38.8	5.0	16
2020100976	2022-10-23	6	0.0	0.7	0	1	1800	0	34.4	0.0	11
2020100976	2022-11-19	5	52.0	0.3	0	1	2000	0	34.8	1.0	13
2020100976	2023-07-09	2	220.0	0.2	1	1	2000	2	36.1	1.0	14
2020100976	2023-07-23	3	140.0	0.3	0	1	2000	0	35.4	1.0	18
2020100976	2023-08-13	1	550.0	0.0	0	1	2000	0	36.5	1.0	18
2020100976	2023-10-21	1	800.0	0.0	1	1	2000	0	35.1	2.0	7
2020100976	2023-11-12	3	290.0	0.2	2	1	2200	0	34.3	3.0	11
2020100976	2023-12-17	3	393.1	0.2	0	1	2200	0	34.0	5.0	9
2020100976	2024-01-07	3	393.9	0.6	0	1	2400	0	35.0	5.0	12
2020100976	2024-03-23	4	230.0	0.5	2	1	2200	1	35.4	5.0	10
2020100976	2024-04-13	3	393.4	0.1	0	1	1800	0	33.1	5.0	11
2020100976	2024-05-05	1	1140.0	0.0	0	1	2000	0	33.7	3.0	10
2020100976	2025-01-25	14	0.0	1.4	0	1	2000	0	35.9	4.0	17
2020100976	2025-02-15	6	0.0	1.5	0	1	2000	0	36.0	4.0	9
2020100976	2025-04-20	9	0.0	0.8	1	1	2200	0	34.6	4.0	13
2020100976	2025-05-17	11	0.0	2.5	0	0	1800	3	37.2	4.0	16
2020100976	2025-08-16	5	184.0	0.5	0	1	2000	0	34.2	4.0	9
2020100976	2025-08-30	4	280.0	0.4	0	1	2200	0	34.5	4.0	16
2020100976	2025-11-09	13	0.0	0.5	1	1	2500	0	34.1		18
2020100976	2025-12-14	4	280.0	0.3	0	1	2200	0	35.1	4.0	15
2020101319	2022-07-17	6	0.0	0.9	1	1	1200	0	36.6	0.0	11
2020101319	2022-09-25	3	130.0	0.3	0	1	1200	2	35.4	1.0	16
2020101319	2022-10-16	4	78.0	0.7	0	1	1200	0	35.0	1.0	16
2020101319	2022-11-12	6	0.0	0.7	0	1	1200	0	36.2	1.0	16
2020101319	2023-01-09	2	220.0	0.7	0	0	1200	0	38.6	1.0	15
2020101319	2023-01-22	4	83.0	0.3	1	0	1200	0	38.4	1.0	16
2020101319	2023-02-11	6	0.0	1.6	0	0	1300	3	37.8	1.0	16
2020101319	2023-04-23	12	0.0	2.6	0	0	1700	0	38.8	1.0	15
2020101319	2023-05-13	9	0.0	1.3	1	1	1600	0	35.6	1.0	18
2020101319	2023-06-17	9	0.0	1.0	0	1	1800	0	34.9	1.0	15
2020101319	2023-07-28	1	70.0	0.0	3	0	1400	2	40.7	10.0	10
2020101319	2023-08-16	6	0.0	1.3	0	0	1400	1	40.6	10.0	10
2020101319	2023-09-06	2	28.0	0.6	3	0	1400	0	40.1	10.0	10
2020101319	2023-09-27	1	70.0	0.0	0	0	1400	0	39.5	5.0	10
2020101319	2024-01-21	7	0.0	0.7	3	0	1200	3	37.7	2.0	16
2020101319	2024-02-10	10	0.0	0.9	1	0	1200	0	36.7	2.0	16
2020101319	2024-03-24	5	80.0	0.5	1	0	1200	0	36.7	2.0	15
2020101319	2024-04-14	14	0.0	2.4	0	0	1200	0	37.7	2.0	16
2020101319	2024-07-06	11	0.0	1.4	1	0	1150	0	36.9	2.0	16
2020101319	2024-08-17	6	0.0	0.8	1	0	1000	0	36.5	2.0	12
2020101319	2024-09-07	12	0.0	0.9	0	0	1200	0	36.6	2.0	16
2020101319	2024-10-05	15	0.0	1.4	0	1	1000	0	33.1	2.0	18
2020101319	2024-11-16	7	0.0	1.1	0	0	1150	0	37.2	2.0	16
2020101319	2024-12-28	11	0.0	10.6	0	2	2910	0	14.5	1.0	14
2020101319	2025-01-19	9	0.0	2.5	1	0	1800	0	40.7	2.0	13
2020101319	2025-02-23	9	0.0	4.5	1	2	2860	0	13.8	1.0	12
2020101319	2025-04-27	7	0.0	1.8	0	2	2910	0	14.0	1.0	12
2020101319	2025-07-06	5	84.0	0.4	0	2	2750	0	13.4	1.0	14
2020101319	2025-08-03	7	0.0	3.7	0	2	2850	0	13.3	1.0	14
2020101319	2025-10-12	11	0.0	5.1	1	2	2910	0	14.0	1.0	12
2020101319	2025-11-16	4	130.0	0.6	0	2	2750	0	13.3	1.0	11
2020101319	2026-01-25	4	130.0	2.3	0	2	2860	0	13.5	1.0	12
2020101323	2023-01-14	7	0.0	1.2	2	0	1400	1	39.0	0.0	16
2020101323	2023-01-22	8	0.0	2.0	0	0	1400	0	39.3	1.0	15
2020101323	2023-04-15	11	0.0	2.9	1	0	1700	0	39.7	1.0	15
2020101323	2023-04-29	10	0.0	1.6	1	0	1800	0	39.9	1.0	16
2020101323	2023-05-13	4	83.0	0.6	1	0	1900	0	39.0	1.0	10
2020101323	2023-07-04	1	250.0	0.0	0	0	1600	0	40.0	11.0	13
2020101323	2023-09-18	10	0.0	3.2	0	0	1800	0	40.6	2.0	13
2020101323	2023-10-09	12	0.0	4.1	1	0	1900	1	39.9	2.0	13
2020101323	2024-02-18	12	0.0	1.6	0	0	2400	0	38.6	2.0	13
2020101323	2024-03-02	6	0.0	0.7	1	0	2000	2	38.2	2.0	8
2020101323	2024-04-13	9	0.0	2.0	0	1	2400	0	35.3	2.0	12
2020101323	2024-04-27	4	120.0	0.8	1	1	2200	0	35.5	2.0	10
2020101323	2024-05-18	12	0.0	2.0	0	1	2400	0	37.1	2.0	12
2020101323	2024-06-01	9	0.0	2.1	0	1	2200	0	34.5	2.0	9
2020101323	2024-07-27	9	0.0	1.3	1	1	2600	0	36.7	5.0	9
2020101323	2024-08-10	10	0.0	2.0	0	1	2600	0	37.7	2.0	11
2020101323	2024-08-17	11	0.0	2.6	1	1	2000	0	36.4	5.0	12
2020101323	2025-02-23	8	0.0	1.4	1	1	2400	0	35.2	2.0	10
2020101323	2025-03-23	7	0.0	1.9	0	1	2400	0	34.7	2.0	9
2020101323	2025-04-19	7	0.0	1.8	0	1	2400	0	34.6	2.0	10
2020101323	2025-05-03	2	320.0	0.0	0	1	2200	2	33.8	2.0	8
2020101323	2025-05-24	6	0.0	0.6	3	1	2400	2	35.3	2.0	12
2020101323	2025-06-07	4	120.0	0.7	1	1	2200	0	35.0	2.0	10
2020101323	2025-06-21	5	80.0	0.4	0	1	2400	0	35.4	2.0	10
2020101323	2025-10-12	5	80.0	0.3	2	1	2400	0	33.9	2.0	13
2020101323	2025-11-02	5	80.0	0.3	0	1	2200	0	33.8	2.0	16
2020101323	2025-11-23	4	120.0	0.8	0	1	2400	0	34.2	2.0	18
2020101323	2025-12-21	6	0.0	0.9	3	1	2200	1	36.3	2.0	18
2020101323	2026-01-18	7	0.0	0.9	0	1	2400	0	35.9	2.0	12
2020102468	2022-06-04	7	0.0	1.6	0	1	1600	0	34.6	0.0	13
2020102468	2022-06-25	3	130.0	0.6	0	1	1600	0	36.3	1.0	9
2020102468	2022-07-09	2	210.0	1.6	2	1	1800	0	38.0	1.0	8
2020102468	2022-09-10	7	0.0	1.5	0	1	1600	0	35.5	1.0	14
2020102468	2022-10-02	5	52.0	1.0	0	1	1600	0	34.8	1.0	14
2020102468	2022-11-19	9	0.0	0.8	0	1	1800	0	36.5	1.0	16
2020102468	2022-12-03	3	130.0	0.4	0	1	1600	0	33.8	1.0	11
2020102468	2022-12-25	6	0.0	1.6	0	1	1600	0	36.6	1.0	16
2020102468	2023-01-15	8	0.0	1.7	0	1	1800	2	38.5	1.0	14
2020102468	2023-01-28	6	0.0	0.7	0	1	1200	1	35.4	1.0	16
2020102468	2023-03-11	5	55.0	1.3	0	0	1200	0	36.9	1.0	16
2020102468	2023-03-25	6	0.0	1.1	3	0	1200	3	36.5	1.0	16
2020102468	2023-04-08	2	220.0	0.1	1	0	1800	2	39.0	1.0	15
2020102468	2023-04-30	3	140.0	0.4	1	0	1400	0	36.6	1.0	16
2020102468	2023-05-13	1	550.0	0.0	3	0	1600	2	36.4	1.0	16
2020102468	2023-06-03	5	80.0	1.2	0	0	1400	1	34.7	2.0	16
2020102468	2023-12-02	3	200.0	0.8	0	0	1400	0	36.9	2.0	16
2020102468	2023-12-17	4	120.0	0.4	0	0	1400	2	37.7	2.0	16
2020102468	2024-01-13	10	0.0	1.7	1	0	1800	0	39.1	2.0	16
2020102468	2024-02-17	6	0.0	0.7	1	0	1600	0	37.6	2.0	16
2020102468	2024-05-18	2	320.0	0.1	0	0	1400	0	35.3	2.0	16
2020102468	2024-06-01	4	120.0	0.3	0	0	1400	1	35.5	2.0	16
2020102468	2024-06-23	1	800.0	0.0	1	0	1400	1	35.2	2.0	16
2020102468	2024-07-27	17	0.0	1.9	1	1	1600	0	34.2	5.0	18
2020102468	2024-10-05	9	0.0	0.7	2	0	1400	1	34.9	3.0	16
2020102468	2024-12-22	7	0.0	0.7	0	0	1400	0	37.2	3.0	16
2020102468	2025-02-16	3	290.0	0.7	1	0	1400	0	35.5	3.0	15
2020102468	2025-02-23	3	395.3	0.5	1	0	1400	0	36.2	5.0	14
2020102468	2025-03-23	3	290.0	0.4	0	0	1400	0	36.8	3.0	16
2020102468	2025-04-27	3	290.0	0.4	0	0	1400	2	35.2	3.0	16
2020102468	2025-05-17	6	0.0	1.0	1	0	1400	3	36.6	5.0	12
2020102468	2025-06-08	5	155.0	0.5	2	0	1400	0	36.2	5.0	16
2020102468	2025-07-26	4	230.0	0.8	0	0	1400	0	36.5	5.0	16
2020102468	2025-09-07	1	1581.5	0.0	0	0	1700	2	36.6	5.0	14
2020102468	2025-10-12	11	0.0	1.7	1	0	1400	0	35.7	4.0	16
2020102468	2025-11-29	10	0.0	0.8	1	0	1400	0	35.9	4.0	16
2020102648	2022-07-24	1	700.0	0.0	0	1	1800	0	36.1	0.0	12
2020102648	2022-09-10	5	103.0	0.7	0	1	1600	0	34.2	2.0	10
2020102648	2022-12-03	15	0.0	2.3	1	1	2000	0	37.5	2.0	18
2020102648	2023-03-12	8	0.0	1.3	0	0	1400	0	38.3	2.0	16
2020102648	2023-11-12	8	0.0	2.2	1	0	1600	0	38.7	2.0	11
2020102648	2024-01-27	3	200.0	0.1	0	1	1800	0	33.9	2.0	16
2020102648	2024-04-07	2	320.0	0.0	0	1	1800	1	35.4	2.0	8
2020102648	2024-05-12	4	120.0	0.5	1	1	1800	0	35.4	2.0	9
2020102648	2024-06-30	13	0.0	0.9	1	1	1800	0	35.8	2.0	15
2020102648	2024-09-08	8	0.0	0.7	0	1	1600	0	33.4	2.0	16
2020102648	2024-12-07	3	200.0	0.3	0	1	1800	0	34.9	2.0	16
2020102648	2025-02-01	9	0.0	1.0	1	1	1800	0	33.8	2.0	16
2020102648	2025-04-12	13	0.0	2.4	1	1	1800	0	37.3	5.0	14
2020102648	2025-08-03	4	130.0	2.2	0	2	2850	0	13.2	1.0	14
2020102664	2022-12-04	13	0.0	2.2	1	1	1800	0	35.0	0.0	14
2020102664	2023-02-04	12	0.0	2.6	1	1	1800	0	37.0	1.0	13
2020102664	2023-03-04	2	220.0	0.2	0	0	2000	0	38.1	1.0	13
2020102664	2023-04-02	2	220.0	0.1	0	0	2000	0	39.4	1.0	11
2020102664	2023-06-03	1	550.0	0.0	0	0	1800	1	36.3	1.0	16
2020102664	2023-12-02	9	0.0	2.4	0	0	1800	0	40.8	2.0	10
2020102664	2024-02-11	10	0.0	2.4	0	0	1700	0	39.1	2.0	13
2020102664	2024-03-02	2	320.0	0.2	1	0	2000	2	38.1	2.0	8
2020102664	2024-04-28	5	80.0	2.0	0	0	1900	0	38.7	2.0	10
2020102664	2024-06-22	15	0.0	5.8	1	0	1800	2	41.6	2.0	16
2020102664	2025-01-13	15	0.0	3.0	0	0	1900	0	43.0	2.0	16
2020102664	2025-03-19	1	200.0	0.0	1	0	1400	1	40.9	5.0	8
2020102664	2025-06-15	13	0.0	1.2	1	0	1700	0	37.2	5.0	14
2020102664	2025-08-17	14	0.0	4.6	1	1	2600	2	39.4	5.0	14
2020102664	2025-09-20	13	0.0	2.7	1	0	1800	0	39.4	3.0	16
2020102664	2025-10-28	6	0.0	2.3	0	0	1400	1	38.6	16.0	10
2020102750	2023-09-03	14	0.0	3.4	0	0	1700	0	40.4	1.0	16
2020102750	2023-11-07	5	2.0	2.3	1	0	800	1	35.9	10.0	7
2020102750	2023-12-06	3	8.0	0.4	0	0	1400	0	37.7		8
2020102750	2023-12-27	1	40.0	0.0	0	0	1400	0	39.9	10.0	7
2020102750	2024-01-09	1	50.0	0.0	0	0	1600	0	38.0	5.0	7
2020102750	2024-02-06	1	50.0	0.0	0	0	1600	2	37.2	5.0	9
2020102750	2024-06-09	5	80.0	1.0	1	0	1800	2	37.9	2.0	16
2020102750	2024-06-22	1	800.0	0.0	1	0	1800	2	37.1	2.0	16
2020102750	2024-09-21	2	460.0	0.0	1	0	1800	0	37.6	3.0	16
2020102750	2024-10-19	1	1578.7	0.0	3	0	1900	2	38.2	3.0	12
2020102750	2025-01-13	2	749.6	0.3	0	0	1800	0	37.2	4.0	15
2020102750	2025-02-16	10	0.0	1.2	1	0	1800	2	38.4	4.0	13
2020102750	2025-03-16	1	1871.5	0.0	3	0	2000	1	36.3	4.0	15
2020102750	2025-04-19	2	1513.2	0.4	0	0	1800	0	37.6		12
2020102750	2025-05-24	5	380.0	0.3	3	0	1900	2	35.1		16
2020102750	2025-09-27	8	0.0	0.8	0	0	2000	0	37.6		14
2020102750	2025-10-26	7	0.0	1.0	1	0	1800	1	36.9	5.0	14
2020102750	2025-12-21	2	970.4	0.1	3	0	1800	1	35.5		16
2020102785	2022-08-14	11	0.0	1.4	1	1	1800	2	34.8	0.0	15
2020102785	2022-10-22	4	78.0	0.4	1	1	2000	0	34.4	1.0	12
2020102785	2022-12-18	3	130.0	0.1	0	1	1800	2	35.9	1.0	16
2020102785	2023-01-09	8	0.0	1.1	0	1	1600	0	36.0	1.0	16
2020102785	2023-02-25	8	0.0	0.5	1	1	2000	0	35.8	1.0	17
2020102785	2023-03-12	4	83.0	2.3	0	0	1800	0	41.2	1.0	16
2020102785	2023-04-29	11	0.0	2.3	0	0	1800	0	41.4	1.0	14
2020102785	2023-05-13	3	140.0	0.2	0	1	2200	0	36.7	1.0	13
2020102785	2023-07-02	7	0.0	0.8	1	1	2000	0	37.8	1.0	14
2020102785	2023-07-08	5	55.0	0.7	1	1	2000	0	35.1	1.0	13
2020102785	2023-07-29	4	83.0	0.9	0	1	2000	0	35.0	1.0	15
2020102785	2023-08-12	2	220.0	0.2	0	1	2000	0	36.3	1.0	16
2020102785	2023-09-02	4	83.0	0.6	0	1	2000	2	37.2	1.0	16
2020102785	2023-11-11	3	284.5	0.7	0	1	2000	0	36.7	5.0	12
2020102785	2024-01-20	5	80.0	0.6	3	1	2000	2	37.2	2.0	15
2020102785	2024-02-03	4	120.0	1.2	2	1	2000	2	38.7	2.0	11
2020102785	2024-02-25	2	320.0	0.2	0	1	2600	2	36.3	2.0	13
2020102785	2024-05-04	1	1140.1	0.0	0	1	2200	0	35.9	5.0	13
2020102785	2024-08-04	4	120.0	0.7	0	1	2200	0	34.9	2.0	14
2020102785	2024-10-06	2	450.4	0.1	0	1	2400	0	36.5	5.0	16
2020102785	2024-10-19	7	0.0	1.0	3	1	2200	2	35.9	5.0	10
2020102785	2024-12-21	5	111.0	0.7	0	1	2200	0	34.7	2.0	18
2020102785	2025-01-25	7	0.0	1.1	0	1	2600	0	36.6	2.0	16
2020102785	2025-02-08	3	285.3	0.2	1	1	2600	2	36.1	5.0	14
2020102785	2025-05-24	3	285.4	0.2	2	1	2000	0	34.3	5.0	16
2020102785	2025-06-21	5	111.0	0.6	1	1	2600	0	35.7	5.0	8
2020102785	2025-08-03	7	0.0	0.8	0	1	2000	0	35.8	2.0	11
2020102785	2025-08-23	4	120.0	0.5	0	1	1800	2	35.8	2.0	13
2020102785	2025-10-18	8	0.0	0.6	1	1	2200	0	36.5	5.0	15
2020102785	2025-12-14	11	0.0	0.9	1	1	1800	2	34.7	2.0	16
2020102785	2026-01-25	8	0.0	0.7	0	1	2000	0	34.2	2.0	14
2020102862	2022-12-18	4	110.0	0.1	0	1	1600	2	34.0	0.0	16
2020102862	2023-02-12	1	550.0	0.0	0	1	2000	0	35.7	1.0	12
2020102862	2023-04-23	13	0.0	1.0	0	1	2000	0	34.4		15
2020102862	2023-06-25	7	0.0	1.6	0	1	2000	0	35.4	2.0	11
2020102862	2023-09-16	6	0.0	0.6	0	1	2000	0	35.8	2.0	11
2020102862	2023-10-14	8	0.0	0.5	0	1	2000	0	35.5	5.0	15
2020102862	2023-12-16	6	0.0	0.5	0	1	2000	0	35.9	2.0	16
2020102862	2024-01-27	4	120.0	0.1	0	1	1800	0	33.5	2.0	16
2020102862	2024-02-18	6	0.0	0.4	0	1	1800	0	35.1	2.0	16
2020102862	2024-04-28	5	80.0	0.2	0	1	1800	0	34.5	2.0	9
2020102862	2024-05-26	3	200.0	0.5	0	1	1800	0	33.9	2.0	9
2020102862	2024-08-17	10	0.0	1.1	0	1	1800	0	34.3	2.0	18
2020102862	2024-10-14	6	0.0	0.4	0	1	1800	0	34.8	2.0	16
2020102862	2024-10-27	7	0.0	0.9	0	1	1800	0	34.3	2.0	18
2020102862	2024-11-16	4	120.0	0.3	1	0	1600	0	36.8	2.0	16
2020102862	2025-01-25	1	800.0	0.0	0	0	1700	0	37.1	2.0	16
2020102862	2025-02-09	1	1585.7	0.0	0	0	1700	2	37.5	5.0	16
2020102862	2025-02-22	4	280.0	0.3	0	0	1700	0	38.0	4.0	9
2020102862	2025-05-03	4	280.0	0.4	0	0	1800	2	37.7	4.0	15
2020102862	2025-07-13	12	0.0	1.2	0	0	1700	0	38.6	4.0	15
2020102862	2025-09-21	5	184.0	0.4	1	0	1800	0	39.7	4.0	16
2020102862	2025-11-24	4	280.0	0.4	1	0	1700	0	37.4	4.0	15
2020102956	2022-12-10	2	280.0	0.2	0	0	1800	2	38.2	0.0	15
2020102956	2022-12-28	5	52.0	0.5	0	0	1800	0	39.5	1.0	16
2020102956	2023-03-05	4	83.0	0.6	1	0	1800	0	40.2	1.0	16
2020102956	2023-03-25	2	220.0	0.3	3	0	1800	3	39.2	1.0	16
2020102956	2023-04-16	8	0.0	2.3	0	0	1800	3	40.8	1.0	13
2020102956	2023-05-28	1	550.0	0.0	0	0	1600	0	37.7	1.0	16
2020102956	2023-06-17	10	0.0	1.8	0	0	1600	0	36.9	2.0	16
2020102956	2023-10-08	4	120.0	0.7	1	0	1600	0	37.1	2.0	16
2020102956	2024-02-24	5	80.0	0.8	0	0	1800	2	37.7	2.0	12
2020102956	2024-03-16	9	0.0	1.9	0	0	1800	0	40.3	2.0	15
2020102956	2024-06-15	13	0.0	3.4	1	0	1600	0	39.3	2.0	13
2020102956	2024-08-18	2	320.0	0.1	0	0	1800	0	38.8	2.0	15
2020102956	2024-09-08	6	0.0	0.9	0	0	1800	0	39.3	2.0	16
2020102956	2024-10-27	4	120.0	0.7	0	0	1800	0	37.8	2.0	10
2020102956	2024-12-08	9	0.0	2.9	0	0	1800	0	41.3	5.0	9
2020102956	2025-01-12	13	0.0	2.5	1	0	1800	0	41.2	2.0	16
2020102956	2025-03-16	13	0.0	1.6	2	0	1400	1	36.6	2.0	16
2020102956	2025-03-23	13	0.0	1.1	0	0	1800	0	37.1	2.0	16
2020102956	2025-04-27	11	0.0	1.1	0	0	1600	2	37.0	2.0	14
2020102956	2025-08-02	10	0.0	5.7	0	2	2850	0	13.2	1.0	14
2020102956	2025-10-05	5	84.0	1.6	0	2	3000	0	13.9	1.0	14
2020102956	2025-10-26	5	84.0	2.2	2	2	3000	2	13.7	1.0	14
2020102956	2026-01-12	5	84.0	1.4	0	2	2880	0	13.7	1.0	14
2020103168	2022-09-04	1	700.0	0.0	0	1	1800	0	35.5	0.0	11
2020103168	2022-11-13	4	150.0	1.0	1	1	2000	1	36.4	2.0	9
2020103168	2022-11-26	6	0.0	0.6	1	0	1600	2	37.5	5.0	10
2020103168	2023-02-12	7	0.0	0.9	0	1	2000	2	36.5	2.0	14
2020103168	2023-03-05	4	160.0	0.7	0	1	1800	0	35.8	2.0	7
2020103168	2023-04-08	2	437.2	0.0	1	1	2000	0	36.4	2.0	10
2020103168	2023-04-22	4	160.0	0.8	0	1	1800	0	36.0	2.0	8
2020103168	2023-07-15	5	80.0	0.9	0	1	2000	0	35.4	2.0	8
2020103168	2023-08-12	12	0.0	2.2	0	1	1800	0	37.5	5.0	16
2020103168	2023-08-31	2	160.0	0.2	0	0	2000	0	38.5	5.0	11
2020103168	2023-12-02	6	0.0	0.9	0	1	1600	0	36.0	2.0	16
2020103168	2023-12-17	3	200.0	0.5	0	1	1600	0	34.6	2.0	16
2020103168	2024-01-13	15	0.0	1.4	0	1	1800	0	36.8	2.0	16
2020103168	2024-02-24	1	800.0	0.0	0	1	1800	1	36.1	2.0	13
2020103168	2024-03-10	5	155.0	0.5	0	1	1600	0	34.2	5.0	10
2020103168	2024-05-04	3	392.7	0.4	0	1	2000	0	35.0	5.0	7
2020103168	2024-05-18	5	155.0	0.6	0	1	1800	0	34.7	3.0	9
2020103168	2024-06-30	4	230.0	0.7	1	1	1800	2	38.1	5.0	10
2020103168	2024-07-13	13	0.0	1.3	1	1	1800	0	36.2	5.0	15
2020103168	2024-09-14	9	0.0	1.4	0	0	1800	0	38.6	5.0	12
2020103168	2024-10-05	12	0.0	2.1	0	0	1800	2	39.5	3.0	14
2020103168	2024-11-10	10	0.0	1.4	0	0	1700	0	39.9	3.0	15
2020103168	2024-12-28	5	155.0	0.4	0	1	2000	0	35.4	3.0	16
2020103168	2025-02-08	8	0.0	0.4	1	1	2000	2	37.9	3.0	16
2020103168	2025-03-02	2	631.0	0.3	1	1	1800	1	36.4	5.0	16
2020103168	2025-04-13	2	626.6	0.0	3	1	2000	0	34.8	5.0	10
2020103168	2025-06-14	9	0.0	0.6	0	1	1800	0	35.3	5.0	16
2020103168	2025-06-28	16	0.0	1.5	0	1	2000	0	36.7	5.0	16
2020103168	2025-08-24	7	0.0	0.5	0	1	1800	0	36.2	3.0	14
2020103168	2025-09-15	6	0.0	0.8	0	1	1400	0	35.1	3.0	9
2020103168	2025-11-23	6	0.0	0.6	0	1	1600	0	34.0	5.0	13
2020103189	2023-03-05	3	140.0	0.7	0	0	1800	0	38.0	1.0	11
2020103189	2023-03-18	1	550.0	0.0	3	0	1800	1	36.0	1.0	16
2020103189	2023-04-09	3	200.0	0.2	0	0	1800	2	38.2	2.0	9
2020103189	2023-07-01	7	0.0	1.5	1	0	1900	3	38.5	2.0	16
2020103189	2023-10-08	4	120.0	1.5	2	0	1800	0	37.9	2.0	13
2020103189	2024-05-05	2	320.0	0.2	0	0	1400	0	37.0	2.0	16
2020103189	2024-05-25	11	0.0	0.9	0	0	1400	0	37.7	2.0	16
2020103189	2024-08-31	4	120.0	0.5	2	0	1400	3	37.3	2.0	13
2020103189	2024-09-22	1	800.0	0.0	3	0	1400	0	36.9	2.0	12
2020103189	2024-10-26	3	393.6	0.4	1	0	1600	0	35.7	5.0	10
2020103189	2024-12-28	7	0.0	0.9	0	0	1400	0	37.4	3.0	16
2020103189	2025-02-02	2	460.0	0.9	1	0	1400	2	37.2	3.0	12
2020103189	2025-02-23	10	0.0	2.2	1	0	1400	0	38.0	5.0	14
2020103189	2025-04-05	9	0.0	0.8	1	0	1400	0	37.0	3.0	16
2020103189	2025-05-03	2	460.0	0.0	0	0	1600	1	35.4	3.0	14
2020103189	2025-06-08	9	0.0	1.8	1	0	1600	0	37.6	5.0	14
2020103189	2025-07-19	5	155.0	1.0	1	0	1700	1	37.2	5.0	16
2020103189	2025-09-21	3	290.0	0.9	1	0	1400	0	36.9	3.0	15
2020103189	2025-10-19	4	230.0	0.6	1	0	1600	0	36.8	5.0	13
2020103189	2025-12-28	5	114.0	0.5	0	0	1800	0	38.6	3.0	13
2020103189	2026-01-11	4	180.0	0.3	5	0	1400	0	37.1	3.0	16
2020103218	2022-06-25	1	700.0	0.0	1	1	1200	2	34.9	0.0	8
2020103218	2022-08-06	2	646.8	0.1	0	1	1400	0	35.0	5.0	11
2020103218	2023-04-22	7	0.0	1.4	0	1	1800	0	36.1	2.0	8
2020103218	2023-05-06	7	0.0	0.5	0	1	1400	0	34.9	2.0	16
2020103218	2023-07-30	6	0.0	0.3	1	1	1200	0	34.6	2.0	12
2020103218	2023-08-12	2	320.0	0.2	0	1	1200	0	34.7	2.0	16
2020103218	2023-09-03	6	0.0	1.1	0	1	1200	0	35.8	2.0	16
2020103218	2023-10-29	2	320.0	0.2	1	1	1400	3	36.0	2.0	18
2020103218	2023-11-19	6	0.0	0.6	1	1	1200	0	36.0	2.0	16
2020103218	2023-12-10	1	800.0	0.0	0	0	1400	0	37.9	2.0	16
2020103218	2024-02-11	6	0.0	0.8	1	0	1400	2	36.5	3.0	15
2020103218	2024-04-20	13	0.0	1.9	0	0	1400	0	38.6	3.0	15
2020103218	2024-06-16	4	230.0	0.5	0	1	1400	0	34.1	5.0	12
2020103218	2024-06-30	3	392.6	0.3	1	1	1200	0	33.8	5.0	8
2020103218	2024-12-21	9	0.0	0.9	0	1	1200	0	34.8	3.0	16
2020103218	2025-02-23	4	170.0	0.3	0	1	1400	0	33.9	3.0	12
2020103218	2025-03-15	12	0.0	0.5	1	1	1200	0	34.8	3.0	16
2020103218	2025-03-30	12	0.0	1.4	0	0	1400	0	38.1	5.0	16
2020103218	2025-04-26	5	114.0	1.0	2	0	1600	2	37.5	3.0	16
2020103218	2025-05-24	6	0.0	0.3	1	0	1600	0	36.0	3.0	14
2020103218	2025-06-15	14	0.0	2.0	1	1	1200	0	35.2	3.0	14
2020103218	2025-11-01	3	290.0	0.1	1	0	1400	1	35.2	3.0	14
2020103218	2025-11-30	14	0.0	2.2	0	0	1400	0	37.7	3.0	16
2020103367	2022-09-24	2	280.0	0.2	0	0	1400	3	36.7	0.0	10
2020103367	2022-10-01	3	130.0	1.0	0	0	1400	0	39.2	1.0	15
2020103367	2022-11-20	1	520.0	0.0	1	0	1400	2	37.2	1.0	12
2020103367	2022-12-10	12	0.0	1.4	0	1	1400	0	34.3	2.0	13
2020103367	2023-01-28	1	780.0	0.0	0	0	1400	0	37.8	2.0	13
2020103367	2023-03-12	9	0.0	1.1	1	0	1400	0	38.4	5.0	16
2020103367	2023-06-03	11	0.0	1.7	0	0	1600	1	36.3	3.0	16
2020103367	2023-07-09	12	0.0	3.7	1	0	1800	2	43.0	3.0	13
2020103367	2023-10-09	7	0.0	1.2	1	0	1400	1	39.5	3.0	13
2020103367	2023-10-14	6	0.0	0.5	1	0	1400	0	38.2	3.0	14
2020103367	2023-12-03	14	0.0	2.4	0	0	1200	0	39.7	3.0	16
2020103367	2024-01-27	12	0.0	1.7	0	0	1200	0	38.3	3.0	16
2020103367	2024-04-14	9	0.0	1.5	0	0	1400	0	38.4	3.0	15
2020103367	2024-07-13	1	1580.8	0.0	1	0	1000	0	34.9	5.0	14
2020103367	2024-08-11	6	0.0	0.5	0	1	1000	0	33.0	4.0	17
2020103367	2024-11-02	3	465.6	1.0	3	0	1150	3	36.1	4.0	16
2020103367	2024-11-30	15	0.0	2.6	0	0	1200	2	38.4	4.0	15
2020103367	2025-03-08	11	0.0	1.4	1	0	1200	0	37.4	4.0	16
2020103367	2025-03-22	14	0.0	1.2	0	1	1400	0	35.7	4.0	18
2020103367	2025-05-10	12	0.0	1.6	1	1	1000	2	33.6	4.0	16
2020103367	2025-07-12	3	463.3	0.2	0	0	1000	0	36.2	4.0	10
2020103367	2025-08-17	7	0.0	0.9	0	1	1000	0	33.6	4.0	11
2020103367	2025-11-15	9	0.0	0.8	0	0	1150	0	36.6	4.0	16
2020103530	2022-07-30	4	110.0	0.7	0	1	1600	0	32.1	0.0	12
2020103530	2022-09-19	2	210.0	0.2	0	1	1800	1	35.6	1.0	14
2020103530	2022-10-10	5	52.0	0.6	1	1	1800	2	34.8	1.0	8
2020103530	2022-11-27	1	520.0	0.0	0	1	1600	0	35.0	1.0	17
2020103530	2023-01-09	8	0.0	0.7	0	1	1600	0	36.4		16
2020103530	2023-03-12	14	0.0	1.0	0	1	1400	0	35.5		18
2020103530	2023-06-24	8	0.0	0.7	1	1	1600	0	35.8	2.0	16
2020103530	2023-08-26	2	320.0	0.2	0	1	1200	0	34.4	2.0	14
2020103530	2023-11-11	6	0.0	0.9	0	1	1200	0	36.2	2.0	14
2020103530	2024-03-09	8	0.0	0.4	0	1	1400	0	36.4	2.0	18
2020103530	2024-06-16	9	0.0	0.6	1	1	1200	0	35.1	2.0	14
2020103530	2024-08-03	6	0.0	0.6	0	1	1500	0	34.4	5.0	14
2020103530	2024-10-27	4	120.0	0.1	1	1	1400	0	33.3	2.0	18
2020103530	2024-12-21	13	0.0	2.4	0	0	1200	0	38.7	2.0	16
2020103530	2025-04-13	10	0.0	1.4	1	1	1200	0	35.1	2.0	16
2020103530	2025-06-14	12	0.0	0.8	2	1	1400	0	35.0	2.0	18
2020103530	2025-07-27	11	0.0	0.8	0	1	1400	0	35.6	2.0	16
2020103530	2025-09-21	2	320.0	0.1	1	1	1200	0	33.3	2.0	16
2020103530	2025-10-18	8	0.0	1.1	0	1	1400	0	34.6	2.0	17
2020103530	2025-11-09	3	200.0	0.3	1	1	1200	0	34.7	2.0	16
2020103530	2025-11-24	6	0.0	0.4	1	1	1200	0	34.7	2.0	16
2020103575	2022-07-24	7	0.0	1.3	1	1	1800	0	37.1	0.0	9
2020103575	2022-09-04	12	0.0	2.2	0	1	1500	0	38.4	1.0	14
2020103575	2022-11-27	3	130.0	0.4	0	0	1400	2	37.3	1.0	16
2020103575	2022-12-17	2	210.0	0.0	1	0	1200	0	37.7	1.0	16
2020103575	2023-01-05	1	550.0	0.0	0	0	1200	0	38.1	1.0	16
2020103575	2023-04-23	7	0.0	0.6	0	0	1400	0	37.1	2.0	16
2020103575	2023-05-06	15	0.0	2.1	0	1	1400	0	36.0	2.0	16
2020103575	2023-07-22	4	120.0	0.9	0	0	1150	0	37.2	2.0	16
2020103575	2023-08-12	2	320.0	0.6	0	0	1200	0	36.7	2.0	15
2020103575	2023-09-24	5	80.0	1.2	0	0	1200	2	38.9	2.0	16
2020103575	2023-12-16	9	0.0	1.4	0	0	1200	2	37.7	2.0	16
2020103575	2024-02-25	7	0.0	0.9	2	0	1200	3	36.3	2.0	15
2020103575	2024-05-05	1	800.0	0.0	0	0	1200	0	36.9	2.0	13
2020103575	2024-05-19	4	230.0	0.6	0	0	1200	0	37.1	5.0	15
2020103575	2024-07-27	8	0.0	0.9	1	0	1200	0	37.3	5.0	15
2020103575	2024-08-31	15	0.0	4.6	2	0	1400	3	40.5	5.0	15
2020103575	2024-12-22	14	0.0	1.4	0	0	1200	0	38.4	5.0	16
2020103575	2025-03-30	10	0.0	1.2	0	0	1400	0	37.9	5.0	16
2020103575	2025-06-22	15	0.0	3.7	0	0	1400	0	40.4	5.0	16
2020103575	2025-08-17	16	0.0	2.5	0	0	1400	0	38.3	5.0	16
2020103575	2025-09-27	9	0.0	2.2	1	2	2880	0	13.8	1.0	11
2020103575	2025-12-14	12	0.0	10.2	3	2	2880	2	14.5	1.0	14
2020103928	2022-10-23	5	70.0	0.6	0	1	1800	0	34.8	0.0	11
2020103928	2023-01-15	1	550.0	0.0	0	1	1800	2	36.9	1.0	14
2020103928	2023-02-19	5	78.0	0.9	1	1	1600	0	35.3	2.0	12
2020103928	2023-04-08	3	273.6	0.0	1	1	2000	0	35.9	2.0	10
2020103928	2023-07-09	2	320.0	0.1	1	1	1800	0	35.4	2.0	16
2020103928	2023-08-06	3	200.0	0.3	0	1	2200	0	35.5	2.0	16
2020103928	2023-10-21	2	450.2	0.3	2	1	2200	1	35.9	5.0	15
2020103928	2023-11-11	1	1141.5	0.0	0	1	2000	0	36.2	5.0	12
2020103928	2024-01-14	2	628.2	0.0	0	1	2000	0	34.3	5.0	13
2020103928	2024-02-03	4	230.0	0.4	2	1	1800	2	34.9	5.0	11
2020103928	2024-03-23	2	460.0	0.3	2	1	1800	0	34.7	3.0	11
2020103928	2024-04-07	1	1582.9	0.0	0	1	2000	1	34.9	5.0	15
2020103928	2024-07-07	5	184.0	0.5	1	1	1800	2	35.9	4.0	14
2020103928	2024-07-27	14	0.0	0.8	1	1	2000	0	34.9	4.0	14
2020103928	2024-12-07	4	280.0	0.2	0	1	1800	0	34.4	4.0	15
2020103928	2025-01-26	7	0.0	1.0	0	1	1800	0	35.6	4.0	12
2020103928	2025-03-02	6	0.0	0.3	1	1	2000	1	36.9	4.0	13
2020103928	2025-03-23	5	184.0	0.5	0	0	1400	0	37.2	4.0	16
2020103928	2025-06-01	11	0.0	1.2	0	0	1600	2	36.2	4.0	16
2020103928	2025-07-20	2	747.8	0.1	0	0	1700	0	37.1	4.0	13
2020103928	2025-08-16	10	0.0	1.1	0	0	1700	0	38.7	4.0	14
2020103928	2025-11-24	6	0.0	0.5	1	0	1700	0	37.5	4.0	15
2020104491	2022-09-11	6	0.0	0.4	0	1	2000	0	33.7	0.0	7
2020104491	2022-09-24	3	130.0	0.5	0	1	2000	2	35.0	1.0	11
2020104491	2022-10-23	2	210.0	0.1	0	1	2000	0	34.9	1.0	10
2020104491	2022-11-12	2	210.0	0.7	0	1	2000	0	35.7	1.0	11
2020104491	2022-12-04	3	130.0	0.1	1	1	2000	0	34.1	1.0	11
2020104491	2023-04-02	1	550.0	0.0	0	1	2400	0	34.5	1.0	13
2020104491	2023-05-06	9	0.0	1.0	2	1	2200	0	33.9		12
2020104491	2023-09-18	7	0.0	1.3	0	1	2000	0	35.0	2.0	11
2020104491	2023-09-30	3	200.0	0.8	1	1	2600	0	35.8	2.0	8
2020104491	2023-10-14	9	0.0	1.4	1	1	2400	0	35.0	2.0	10
2020104491	2024-03-31	5	80.0	1.2	1	0	1800	0	38.7	2.0	11
2020104491	2024-04-21	5	80.0	1.0	3	0	1800	0	38.0	2.0	9
2020104491	2024-05-12	5	80.0	0.4	2	1	2000	0	32.9	2.0	7
2020104491	2024-06-01	6	0.0	0.7	0	1	2200	0	34.3	2.0	9
2020104491	2024-12-15	10	0.0	0.9	0	1	2200	0	34.8	2.0	18
2020104491	2025-01-13	9	0.0	0.8	0	1	2200	0	36.3	2.0	18
2020104491	2025-05-03	3	200.0	0.5	0	1	2200	2	34.3	2.0	8
2020104491	2025-05-10	4	120.0	1.1	1	1	2000	2	35.2	2.0	11
2020104491	2025-05-24	2	320.0	0.0	3	1	2400	2	34.6	2.0	12
2020104491	2025-09-06	2	320.0	0.1	0	1	2000	0	35.8	2.0	9
2020104491	2025-09-21	3	200.0	0.2	0	1	2000	0	34.7	2.0	13
2020104491	2025-10-12	8	0.0	0.4	2	1	2400	0	33.5	2.0	13
2020104550	2022-09-17	6	0.0	1.2	0	1	1800	0	35.3	0.0	13
2020104550	2022-10-02	5	52.0	0.3	0	1	1600	0	34.4	1.0	13
2020104550	2022-10-09	1	520.0	0.0	1	1	1800	0	33.8	1.0	10
2020104550	2023-04-22	5	107.0	0.9	0	1	1800	0	35.8	2.0	8
2020104550	2023-05-14	2	310.0	0.8	1	1	1800	0	33.6	2.0	13
2020104550	2023-05-28	4	300.0	0.4	0	1	1800	0	34.3		8
2020104550	2023-07-29	4	170.0	0.2	0	1	1800	0	33.8	5.0	17
2020104550	2023-09-09	2	320.0	0.1	0	1	1800	0	34.0	2.0	10
2020104550	2023-12-03	3	200.0	0.4	0	1	1800	0	34.7	2.0	11
2020104550	2023-12-16	1	800.0	0.0	1	1	1800	2	33.6	2.0	10
2020104550	2024-01-14	1	1574.5	0.0	0	1	1800	0	34.5	5.0	11
2020104550	2024-03-17	14	0.0	0.9	0	1	1800	0	35.1	4.0	16
2020104550	2024-04-07	10	0.0	0.9	0	1	2000	0	34.7	4.0	16
2020104550	2024-06-23	15	0.0	3.0	1	0	1600	1	37.8	4.0	16
2020104550	2024-06-29	3	463.9	0.5	1	1	1800	0	36.6	4.0	13
2020104550	2024-07-14	2	748.4	0.1	2	1	2000	0	35.5	4.0	14
2020104550	2024-11-09	4	280.0	0.3	0	1	2000	0	35.5	4.0	14
2020104550	2024-12-01	11	0.0	1.3	0	1	1800	0	34.5	4.0	13
2020104550	2024-12-22	11	0.0	0.9	0	1	2000	0	34.7	4.0	14
2020104550	2025-03-02	3	464.3	0.1	1	1	2000	1	36.5	4.0	13
2020104550	2025-04-06	2	749.6	0.1	0	1	2000	0	35.5	4.0	16
2020104550	2025-06-28	4	280.0	0.1	0	1	2000	0	35.8	4.0	16
2020104550	2025-07-19	2	746.8	0.1	0	1	1800	0	35.7	4.0	10
2020104550	2025-08-16	8	0.0	0.9	0	1	2000	0	35.1	4.0	9
2020104550	2025-11-16	6	0.0	0.6	0	1	1800	0	34.1	4.0	12
2020104550	2025-12-13	7	0.0	0.5	1	1	1800	0	34.5	4.0	16
2020104550	2026-01-25	10	0.0	0.8	0	1	1800	0	34.2	4.0	12
2020104679	2022-07-03	7	0.0	0.6	1	1	1800	0	36.1	0.0	8
2020104679	2022-09-19	3	130.0	0.6	1	0	1400	2	38.7	1.0	10
2020104679	2022-10-10	1	520.0	0.0	1	0	1400	3	36.9	1.0	12
2020104679	2022-10-23	2	415.6	0.3	0	0	1400	0	37.9	2.0	9
2020104679	2022-12-14	12	0.0	4.7	0	0	1600	2	45.4		14
2020104679	2023-01-29	2	310.0	0.2	0	0	1200	0	36.9	2.0	13
2020104679	2023-03-12	3	200.0	0.4	0	0	1400	0	37.6	2.0	16
2020104679	2023-04-15	2	310.0	0.0	3	0	1200	3	36.2	2.0	16
2020104679	2023-05-20	3	200.0	1.5	0	0	1200	2	37.0	2.0	15
2020104679	2023-06-03	1	800.0	0.0	0	0	1200	1	35.5	2.0	16
2020104679	2023-06-25	1	1585.7	0.0	1	0	1200	0	36.8	3.0	16
2020104679	2023-07-23	2	750.0	0.1	0	0	1200	0	35.6	4.0	16
2020104679	2023-08-19	6	0.0	1.0	0	0	1200	0	36.2	4.0	15
2020104679	2023-10-09	10	0.0	1.3	1	0	1200	1	37.7	4.0	13
2020104679	2023-12-02	9	0.0	1.2	0	0	1200	0	37.1	4.0	16
2020104679	2024-02-03	9	0.0	1.4	0	0	1200	0	36.9	4.0	16
2020104679	2024-03-31	7	0.0	0.9	1	0	1200	0	36.8	4.0	16
2020104679	2024-06-09	7	0.0	0.7	1	0	1200	2	37.5	4.0	16
2020104679	2024-10-05	8	0.0	0.8	0	0	1200	2	37.1	4.0	16
2020104679	2024-11-30	8	0.0	0.5	0	0	1200	2	36.1	4.0	15
2020104679	2025-01-26	11	0.0	0.7	0	0	1200	0	37.7	4.0	15
2020104679	2025-04-06	4	280.0	0.3	0	0	1200	0	36.2	4.0	11
2020104760	2022-10-09	2	280.0	0.8	1	0	1400	2	38.1	0.0	11
2020104760	2022-10-22	1	520.0	0.0	1	0	1400	0	37.3	1.0	12
2020104760	2022-12-18	9	0.0	1.3	0	0	1400	0	37.8	2.0	15
2020104760	2023-01-21	1	780.0	0.0	0	0	1400	0	37.1	2.0	9
2020104760	2023-02-19	2	769.4	0.2	0	0	1600	0	36.9		14
2020104760	2023-04-30	8	0.0	1.1	1	0	1400	1	38.3	5.0	11
2020104760	2023-05-21	2	766.6	0.2	0	0	1800	0	37.2		11
2020104760	2023-06-18	2	460.0	0.1	1	0	1800	0	36.9	3.0	16
2020104760	2023-07-15	1	1585.0	0.0	0	0	1800	0	37.1	5.0	16
2020104760	2023-11-11	1	1875.7	0.0	1	0	1900	2	38.3	4.0	16
2020104760	2023-12-10	8	0.0	0.8	0	0	1800	0	38.1		14
2020104760	2024-02-03	3	553.9	0.6	1	0	1900	0	36.9	5.0	12
2020104760	2024-02-24	4	360.0	0.2	0	0	2000	2	37.7		16
2020104760	2024-05-04	6	0.0	1.0	0	0	1800	0	37.5	5.0	16
2020104760	2024-05-18	14	0.0	1.5	0	0	1900	0	37.6		16
2020104760	2024-10-06	4	360.0	0.9	1	0	1600	1	35.8		16
2020104760	2024-11-09	12	0.0	1.6	0	0	1600	0	37.4		15
2020104760	2025-02-10	4	330.0	0.6	0	0	1900	0	36.2	5.0	16
2020104760	2025-03-01	2	970.0	0.4	0	0	2000	0	37.6		16
2020104760	2025-03-22	4	330.0	0.7	0	0	1800	0	37.6	5.0	14
2020104760	2025-06-21	3	553.3	0.2	0	0	2100	0	37.3	5.0	11
2020104760	2025-08-03	2	967.4	0.1	0	0	1800	0	36.7		12
2020104760	2025-09-20	6	0.0	1.2	2	0	1800	1	37.7	5.0	15
2020104760	2025-10-19	2	785.6	0.1	2	0	2100	0	36.3		12
2020104760	2025-11-22	3	554.9	0.3	0	0	1900	0	36.9	5.0	16
2020104881	2022-10-29	9	0.0	1.5	0	1	2000	0	35.1	0.0	11
2020104881	2023-01-09	10	0.0	1.1	0	1	2000	0	34.7	1.0	18
2020104881	2023-03-25	6	0.0	1.3	1	1	2200	1	37.3	1.0	18
2020104881	2023-04-22	8	0.0	1.1	0	1	2400	0	34.9	1.0	13
2020104881	2023-07-09	1	550.0	0.0	1	1	2200	2	35.7	1.0	16
2020104881	2023-07-22	10	0.0	1.4	0	1	2200	0	37.0	2.0	14
2020104881	2023-08-06	7	0.0	0.8	0	1	2200	0	35.2	2.0	16
2020104881	2023-10-14	1	800.0	0.0	1	1	2400	0	33.9	2.0	10
2020104881	2023-11-04	16	0.0	8.8	1	1	2600	0	46.3	5.0	16
2020104881	2024-01-07	2	627.8	0.0	0	1	2400	0	37.1	5.0	12
2020104881	2024-02-25	1	1140.0	0.0	2	1	2400	1	36.4	3.0	7
2020104881	2024-05-05	3	463.3	0.3	0	1	2400	0	34.9	4.0	11
2020104881	2024-05-26	9	0.0	0.5	0	1	2500	0	34.3		13
2020104881	2024-09-07	1	1874.3	0.0	0	1	2200	0	34.6	4.0	16
2020104881	2024-10-06	10	0.0	2.0	0	1	2400	0	37.0		11
2020104881	2025-01-19	15	0.0	3.4	0	1	2200	0	39.3		16
2020104881	2025-04-13	6	0.0	0.3	3	1	2000	0	35.6		15
2020104881	2025-05-11	9	0.0	1.6	0	1	2400	0	36.5		10
2020105635	2023-01-08	5	62.0	3.2	0	0	1200	0	36.9	0.0	16
2020105635	2023-01-22	4	83.0	1.1	0	0	1400	0	37.7	1.0	15
2020105635	2023-02-04	1	550.0	0.0	0	0	1400	0	37.1	1.0	16
2020105635	2023-03-04	6	0.0	0.8	0	0	1800	0	37.8	2.0	10
2020105635	2023-06-10	5	80.0	0.8	1	0	1400	2	36.3	2.0	16
2020105635	2023-06-24	7	0.0	1.6	1	0	1400	2	37.3	2.0	16
2020105635	2023-07-09	8	0.0	1.1	1	0	1800	2	39.1	2.0	16
2020105635	2024-01-13	1	800.0	0.0	1	0	1200	0	36.2	2.0	16
2020105635	2024-01-27	7	0.0	0.6	0	0	1200	0	36.7	3.0	16
2020105635	2024-05-11	2	460.0	0.1	0	0	1200	0	35.6	3.0	13
2020105635	2024-05-26	2	460.0	0.2	0	0	1200	0	35.2	3.0	15
2020105635	2024-10-06	5	114.0	0.7	0	0	1200	0	36.3	3.0	15
2020105635	2024-11-03	4	170.0	0.6	0	0	1200	1	36.2	3.0	12
2020105635	2024-11-17	1	1140.0	0.0	1	0	1200	0	35.7	3.0	16
2020105635	2025-04-20	13	0.0	2.0	1	0	1400	0	38.6	4.0	16
2020105635	2025-05-18	11	0.0	0.9	1	0	1400	1	36.4	4.0	16
2020105635	2025-12-06	13	0.0	1.3	0	0	1200	0	36.0	4.0	16
2020105635	2026-01-05	10	0.0	1.2	0	0	1200	0	35.9	4.0	16
2020106063	2022-08-14	4	110.0	0.4	0	1	1800	0	34.7	0.0	13
2020106063	2022-09-03	1	520.0	0.0	2	0	1700	2	38.5	1.0	16
2020106063	2023-02-05	5	78.0	0.7	0	0	1800	0	37.9	2.0	8
2020106063	2023-03-04	2	310.0	0.2	0	0	1800	0	38.5	2.0	10
2020106063	2023-04-08	5	78.0	0.8	0	0	1800	3	39.0	2.0	11
2020106063	2023-04-22	5	78.0	1.6	0	0	1400	0	39.6	2.0	16
2020106063	2023-07-23	1	800.0	0.0	0	0	1400	0	37.7	2.0	16
2020106063	2023-08-13	2	629.6	0.0	0	0	1700	0	36.9	3.0	16
2020106063	2023-11-26	13	0.0	2.1	0	0	1400	0	38.7	3.0	16
2020106063	2024-01-20	1	1580.1	0.0	3	0	1700	2	36.3	5.0	13
2020106063	2024-02-17	6	0.0	0.6	0	0	1700	0	38.5	4.0	16
2020106063	2024-03-16	13	0.0	2.6	0	0	1800	0	41.2	4.0	14
2020106063	2024-06-30	5	184.0	0.2	1	0	1700	1	37.3	4.0	15
2020106063	2024-08-10	2	748.4	0.5	0	0	1700	0	38.9	4.0	14
2020106063	2024-09-16	8	0.0	1.4	0	0	1800	0	38.4	4.0	16
2020106063	2024-11-09	2	750.2	0.0	0	0	1700	0	37.2	4.0	15
2020106063	2024-11-23	6	0.0	1.1	0	0	1400	2	36.9	4.0	16
2020106063	2025-02-08	2	749.0	0.2	1	0	1700	2	37.2	4.0	15
2020106063	2025-02-22	6	0.0	0.5	0	0	1700	0	37.8	4.0	9
2020106063	2025-05-11	9	0.0	1.4	0	0	1600	2	36.9	4.0	16
2020106063	2025-07-20	11	0.0	2.7	0	0	1700	0	40.5	4.0	13
2020106063	2025-11-24	2	750.2	0.1	1	0	1700	0	36.9	4.0	15
2020106413	2022-10-15	2	280.0	0.1	1	1	1600	0	33.8	0.0	18
2020106413	2022-11-12	4	78.0	0.9	0	1	1600	0	34.6	1.0	12
2020106413	2022-12-03	2	210.0	0.1	0	1	1600	0	34.6	1.0	15
2020106413	2023-01-29	4	83.0	0.5	0	1	1600	0	35.0	1.0	16
2020106413	2023-02-25	4	83.0	0.5	1	1	1600	0	36.3	1.0	16
2020106413	2023-03-26	2	220.0	0.5	3	1	1800	3	38.3	1.0	16
2020106413	2023-04-15	1	550.0	0.0	3	1	1600	2	35.8	1.0	16
2020106413	2023-07-22	7	0.0	0.4	0	1	1800	0	35.6	5.0	14
2020106413	2023-09-24	5	80.0	0.5	0	1	1600	0	35.2	2.0	16
2020106413	2023-10-22	6	0.0	0.4	0	1	1600	2	34.5	5.0	14
2020106413	2023-12-28	4	120.0	0.6	0	1	1800	0	36.6	2.0	16
2020106413	2024-01-13	1	800.0	0.0	0	1	1800	0	35.3	2.0	16
2020106413	2024-03-23	6	0.0	0.6	2	1	1800	0	34.9	3.0	11
2020106413	2024-04-20	10	0.0	3.2	1	1	1600	0	38.0	3.0	10
2020106413	2024-07-27	3	394.5	0.3	1	1	1500	0	33.8	5.0	14
2020106413	2024-08-10	10	0.0	0.8	0	1	1500	0	35.0	5.0	12
2020106413	2024-09-01	8	0.0	1.4	1	1	1600	1	35.4	5.0	8
2020106413	2024-12-01	6	0.0	0.6	0	1	1400	0	33.6	3.0	12
2020106413	2024-12-22	17	0.0	1.3	0	1	1400	0	34.7	3.0	17
2020106413	2025-03-09	11	0.0	1.2	0	1	1600	2	37.1	3.0	16
2020106413	2025-04-26	7	0.0	0.9	1	1	1800	0	34.6	5.0	9
2020106413	2025-05-25	5	155.0	1.2	1	1	1800	0	35.4	5.0	9
2020106413	2025-07-06	16	0.0	3.3	0	1	1800	0	40.3	5.0	16
2020106413	2025-08-31	13	0.0	1.3	1	1	1200	2	35.4	3.0	16
2020106413	2025-12-07	15	0.0	2.9	0	0	1200	0	39.4	3.0	16
2020106413	2025-12-21	15	0.0	1.7	3	1	1600	1	36.5	3.0	16
2020106475	2022-10-15	5	70.0	0.4	1	1	1600	0	33.4	0.0	18
2020106475	2022-11-05	3	130.0	0.8	0	1	1800	0	34.1	1.0	11
2020106475	2022-11-19	8	0.0	1.2	0	1	2000	0	34.5	1.0	14
2020106475	2023-04-30	1	550.0	0.0	1	1	2000	0	34.5	1.0	13
2020106475	2023-05-14	6	0.0	0.9	1	1	1800	0	33.4	2.0	13
2020106475	2023-06-11	6	0.0	0.8	2	1	2000	2	35.1	2.0	9
2020106475	2023-08-06	5	80.0	0.6	0	1	2200	0	35.6	2.0	16
2020106475	2023-09-02	1	1135.2	0.0	1	1	2200	0	35.4	5.0	10
2020106475	2024-05-05	4	170.0	0.6	0	1	2000	0	34.4	3.0	10
2020106475	2024-06-02	5	155.0	0.6	2	1	2000	2	34.7	3.0	10
2020106475	2024-06-23	6	0.0	0.6	1	1	1800	2	34.7	5.0	9
2020106475	2024-07-20	8	0.0	0.4	0	1	1800	0	35.2	5.0	16
2020106475	2024-08-31	2	627.4	0.1	1	1	2000	2	35.0	5.0	12
2020106475	2024-09-16	5	155.0	0.9	1	1	2000	0	34.5	5.0	10
2020106475	2024-10-19	11	0.0	1.3	3	1	2000	2	36.2	5.0	14
2020106475	2025-01-06	9	0.0	1.0	1	1	2000	0	35.2	3.0	15
2020106475	2025-03-22	5	155.0	0.7	0	1	2000	0	36.3	5.0	13
2020106475	2025-04-13	4	230.0	0.3	3	1	2000	0	34.7	5.0	10
2020106475	2025-05-11	3	290.0	0.7	0	1	2000	0	33.9	3.0	5
2020106475	2025-06-08	11	0.0	1.0	0	1	2000	0	34.4	3.0	12
2020106475	2025-08-17	8	0.0	0.9	0	1	2200	0	35.2	5.0	9
2020106475	2025-08-30	13	0.0	2.9	0	1	1800	0	34.3	5.0	13
2020106475	2025-09-28	5	155.0	0.4	0	1	2000	0	34.4	3.0	13
2020106475	2025-10-18	7	0.0	1.3	0	1	2000	0	34.3	3.0	7
2020106475	2026-01-17	3	403.4	0.4	0	1	2000	0	34.5	5.0	10
2020106635	2022-11-20	5	70.0	2.4	1	1	2000	2	35.7	0.0	9
2020106635	2022-12-03	6	0.0	1.3	0	1	2000	0	36.8	1.0	16
2020106635	2023-07-01	7	0.0	1.7	1	1	2000	1	37.7	1.0	17
2020106635	2023-07-09	11	0.0	2.3	1	1	2200	2	36.8	1.0	16
2020106635	2023-07-30	3	111.5	0.3	1	0	1700	0	36.5	1.0	14
2020106635	2023-08-06	1	550.0	0.0	2	0	1700	3	37.4	1.0	14
2020106635	2023-08-20	1	800.0	0.0	1	0	1700	2	37.4	2.0	13
2020106635	2023-12-24	14	0.0	2.1	0	0	1800	0	39.4	3.0	15
2020106635	2024-01-08	12	0.0	1.6	0	0	1800	0	39.3	5.0	15
2020106635	2024-01-20	6	0.0	1.3	3	0	1700	2	37.1	5.0	13
2020106635	2024-02-10	4	170.0	0.7	1	0	1900	0	37.6	3.0	14
2020106635	2024-05-26	4	230.0	0.7	0	0	1900	0	38.0	5.0	11
2020106635	2024-06-01	1	1572.4	0.0	0	0	1800	2	35.9	5.0	10
2020106635	2024-06-30	2	750.0	0.1	1	0	1700	1	37.1	4.0	15
2020106635	2024-07-13	8	0.0	0.8	3	0	1700	0	36.6	4.0	15
2020106635	2024-09-29	6	0.0	0.6	1	0	1800	2	36.3	4.0	15
2020106635	2024-10-13	10	0.0	1.2	0	0	1800	0	37.5	4.0	13
2020106635	2024-10-26	5	184.0	2.3	1	0	1900	0	39.0	4.0	9
2020106635	2024-11-10	4	280.0	0.6	1	0	1800	0	36.6	4.0	14
2020106635	2024-11-24	5	184.0	0.3	1	0	1800	0	36.3	4.0	13
2020106635	2025-05-31	15	0.0	1.9	1	0	1900	0	36.7	4.0	16
2020106635	2025-07-13	3	464.5	0.4	0	0	1700	0	37.6	4.0	15
2020106635	2025-08-09	6	0.0	0.2	0	0	1800	0	36.7	4.0	16
2020106635	2026-01-12	10	0.0	1.4	0	0	1800	0	36.8	4.0	16
2020106635	2026-01-24	12	0.0	0.8	0	0	1900	0	37.0	4.0	15
2020106974	2022-10-02	13	0.0	2.2	0	1	1200	0	34.5	0.0	16
2020106974	2022-10-16	10	0.0	1.2	0	1	1600	0	33.9	1.0	10
2020106974	2023-02-05	4	83.0	0.7	0	1	1600	0	34.9	1.0	16
2020106974	2023-02-18	3	140.0	0.1	0	1	1600	0	34.3	1.0	16
2020106974	2023-03-11	9	0.0	0.7	0	1	1800	0	34.8	1.0	16
2020106974	2023-05-28	7	0.0	0.8	0	1	1600	0	33.7	1.0	18
2020106974	2023-06-24	9	0.0	0.7	0	1	1600	0	34.2	1.0	16
2020106974	2023-09-02	10	0.0	1.5	1	1	1600	0	35.4	1.0	17
2020106974	2023-12-25	2	12.8	0.0	3	0	1400	3	38.4	10.0	7
2020106974	2024-03-12	1	41.0	0.0	3	0	1400	3	39.7	10.0	9
2020106974	2024-05-19	1	41.0	0.0	1	0	1500	0	38.1	10.0	10
2020106974	2024-06-02	1	45.0	0.0	1	0	1500	0	39.3	13.0	11
2020106974	2024-07-01	2	14.4	0.2	1	0	1500	1	38.4	13.0	7
2020106974	2024-10-14	10	0.0	1.0	0	0	1400	0	36.1	2.0	16
2020106974	2024-10-27	6	0.0	1.0	1	0	1600	0	36.8	2.0	13
2020106974	2024-11-10	7	0.0	1.6	1	0	1600	0	36.9	2.0	16
2020106974	2025-05-17	5	80.0	1.4	3	0	1600	3	36.6	2.0	13
2020106974	2025-05-31	3	200.0	0.7	2	0	1600	3	36.1	2.0	16
2020106974	2025-06-21	6	0.0	0.6	0	0	1600	0	37.1	2.0	16
2020106974	2025-10-12	9	0.0	0.8	1	0	1600	0	36.9	2.0	16
2020106974	2025-10-18	7	0.0	1.0	0	0	1600	0	38.0	2.0	15
2020106974	2025-11-02	8	0.0	1.3	1	0	1600	1	37.1	2.0	15
2020106974	2025-11-16	3	160.0	0.4	0	0	1600	0	37.3	2.0	16
2020106974	2025-11-29	10	0.0	1.7	0	0	1600	0	37.0	2.0	16
2020106974	2026-02-01	5	82.0	0.9	0	0	1600	0	37.6	2.0	15
2020107082	2022-09-24	9	0.0	1.0	0	1	1400	0	35.8	0.0	14
2020107082	2023-02-26	1	550.0	0.0	1	0	1400	2	38.6	1.0	15
2020107082	2023-03-12	5	78.0	0.9	0	0	1400	0	38.9	2.0	16
2020107082	2023-05-06	8	0.0	1.0	1	0	1400	0	37.6	2.0	16
2020107082	2024-07-28	7	0.0	0.6	1	0	1200	2	37.8	2.0	15
2020107082	2024-08-25	2	320.0	0.4	1	0	1200	0	37.1	2.0	15
2020107082	2024-09-15	1	800.0	0.0	1	0	1200	1	35.7	2.0	13
2020107082	2024-12-01	1	1590.6	0.0	0	0	1200	0	36.3	3.0	16
2020107082	2025-01-05	11	0.0	0.6	0	0	1200	0	35.4	4.0	16
2020107082	2025-03-08	4	280.0	0.6	1	0	1200	0	36.3	4.0	16
2020107082	2025-05-18	7	0.0	0.5	1	0	1400	1	36.6	4.0	16
2020107082	2025-08-16	14	0.0	1.9	0	0	1200	0	37.1	4.0	15
2020107082	2025-10-19	9	0.0	1.1	1	0	1400	0	36.0	4.0	16
2020107082	2025-11-23	14	0.0	1.2	0	0	1400	0	37.6	4.0	16
2020109094	2022-12-18	5	70.0	0.4	0	1	1600	2	34.8	0.0	16
2020109094	2022-12-28	4	78.0	0.3	0	1	1800	0	36.4	1.0	16
2020109094	2023-01-14	2	220.0	0.0	3	1	2000	0	36.7	1.0	17
2020109094	2023-02-25	1	550.0	0.0	0	0	1800	0	40.5	1.0	16
2020109094	2023-03-18	4	120.0	1.4	1	0	1800	3	37.9	2.0	15
2020109094	2023-04-15	10	0.0	2.1	3	0	1800	1	38.9	2.0	13
2020109094	2023-06-04	10	0.0	2.3	0	0	1600	2	36.4	2.0	16
2020109094	2023-06-25	13	0.0	2.5	0	0	2100	0	39.3	2.0	16
2020109094	2023-09-18	16	0.0	3.5	0	0	1800	0	42.2	2.0	16
2020109094	2023-09-23	13	0.0	1.4	1	1	2000	1	36.5	2.0	13
2020109094	2023-10-07	9	0.0	2.1	0	0	1400	0	37.1	2.0	15
2020109094	2023-11-26	6	0.0	0.7	1	0	1400	0	37.6	2.0	16
2020109094	2023-12-09	6	0.0	1.1	0	0	1200	0	37.8	2.0	16
2020109094	2024-02-10	2	320.0	0.1	1	0	1200	0	36.6	2.0	16
2020109094	2024-03-02	2	320.0	0.0	1	0	1200	1	37.3	2.0	16
2020109094	2024-03-17	1	800.0	0.0	0	0	1200	0	36.8	2.0	16
2020109094	2024-04-13	7	0.0	0.6	0	0	1200	0	36.4	5.0	15
2020109094	2024-05-11	1	1140.0	0.0	0	0	1200	0	35.8	3.0	13
2020109094	2024-06-09	10	0.0	0.8	1	0	1200	2	37.5	4.0	16
2020109094	2024-09-14	15	0.0	2.0	0	0	1200	0	37.0	4.0	16
2020109094	2024-10-05	7	0.0	0.7	0	0	1200	2	37.3	4.0	16
2020109094	2025-06-15	6	0.0	0.5	0	0	1200	1	36.6	4.0	16
2020109094	2025-07-12	7	0.0	0.6	0	0	1000	0	36.2	4.0	10
2020109094	2025-11-09	12	0.0	1.4	2	0	1200	3	36.2	4.0	12
2020109094	2025-12-06	12	0.0	1.3	0	0	1200	0	36.4	4.0	16
2020109094	2026-01-05	13	0.0	2.0	0	0	1200	0	36.9	4.0	16
2021100148	2024-03-16	5	55.0	1.1	0	1	2000	0	35.9	1.0	12
2021100148	2024-06-09	1	550.0	0.0	2	1	2000	0	35.8	1.0	14
2021100148	2024-06-29	10	0.0	1.5	0	1	2000	0	37.2	2.0	11
2021100148	2024-11-17	5	111.0	0.6	0	1	2600	0	36.1	5.0	15
2021100148	2024-12-07	12	0.0	1.4	1	1	2200	0	36.2	2.0	18
2021100148	2025-03-08	6	0.0	0.5	1	0	2000	0	40.4	2.0	10
2021100148	2025-05-03	1	800.0	0.0	0	1	2200	2	34.0	2.0	8
2021100148	2025-07-12	1	1575.9	0.0	1	1	2600	0	36.4	5.0	12
2021100148	2025-10-13	6	0.0	0.4	1	1	2400	0	34.9	4.0	8
2021100148	2025-11-02	9	0.0	1.7	0	1	3000	0	36.4	4.0	13
2021100148	2026-01-10	8	0.0	1.6	0	1	2200	0	36.0	4.0	17
2021100730	2023-07-15	5	72.0	2.1	3	0	1150	2	38.5	0.0	14
2021100730	2023-07-30	5	55.0	0.8	0	0	1200	0	37.6	1.0	11
2021100730	2023-10-28	9	0.0	3.8	0	0	1600	0	40.1	1.0	13
2021100730	2024-04-07	12	0.0	2.1	0	0	1700	0	40.5	1.0	15
2021100730	2024-05-05	5	55.0	1.6	0	0	1800	0	39.1	1.0	15
2021100730	2024-05-19	4	83.0	1.5	0	0	1800	0	36.9	1.0	15
2021100730	2024-06-09	2	220.0	0.4	1	0	1600	0	37.7	1.0	16
2021100730	2024-06-23	5	55.0	0.8	1	0	1600	1	36.6	1.0	16
2021100730	2024-07-06	2	220.0	0.7	1	0	1700	0	37.6	1.0	15
2021100730	2024-07-20	2	220.0	0.5	1	0	1700	0	38.8	1.0	15
2021100730	2024-08-11	1	550.0	0.0	0	0	1800	0	37.7	1.0	15
2021100730	2024-12-14	7	0.0	0.5	0	0	1800	0	39.3	2.0	16
2021100730	2025-01-13	11	0.0	2.3	0	0	1800	0	41.6	2.0	14
2021100730	2025-01-25	4	120.0	0.6	0	0	1800	0	37.8	2.0	15
2021100730	2025-02-08	7	0.0	1.2	5	0	1700	2	37.7	2.0	15
2021100730	2025-02-22	2	320.0	0.5	1	0	1700	0	38.2	2.0	16
2021100730	2025-03-02	5	80.0	0.4	1	0	1700	2	37.6	2.0	16
2021100730	2025-03-23	10	0.0	0.6	0	0	1800	0	37.7	2.0	16
2021100730	2025-04-20	6	0.0	1.3	1	0	1700	0	37.8	2.0	15
2021100730	2025-08-30	5	80.0	1.6	1	0	1700	1	37.3	2.0	11
2021100730	2025-09-21	7	0.0	2.2	1	0	1800	0	39.3	2.0	16
2021100730	2025-10-18	6	0.0	1.6	1	0	1800	0	38.8	2.0	15
2021100730	2025-12-11	3	100.0	0.6	0	0	1800	0	40.3	13.0	14
2021100730	2025-12-20	8	0.0	1.6	2	0	1900	2	39.0	2.0	16
2021100730	2026-01-11	6	0.0	1.4	0	0	1800	0	39.1	2.0	16
2021100730	2026-01-25	7	0.0	1.4	0	0	1800	0	40.4	2.0	15
2021101081	2024-04-20	8	0.0	1.6	0	1	1200	0	35.1	1.0	16
2021101081	2024-05-11	4	83.0	0.8	0	0	1400	0	38.5	1.0	16
2021101081	2024-06-09	1	550.0	0.0	1	0	1400	0	37.2	1.0	16
2021101081	2024-10-14	9	0.0	1.0	0	0	1400	0	36.6	2.0	16
2021101081	2024-11-10	2	320.0	0.5	0	0	1700	0	38.1	2.0	15
2021101081	2024-11-24	4	120.0	0.4	0	0	1400	0	36.7	2.0	16
2021101081	2025-02-02	4	120.0	0.2	2	0	1600	2	37.1	2.0	16
2021101081	2025-02-16	12	0.0	1.1	0	0	1400	0	36.8	2.0	16
2021101081	2025-03-30	8	0.0	0.7	0	0	1400	0	36.9	2.0	13
2021101081	2025-07-05	6	0.0	0.9	0	0	1700	2	38.2	2.0	14
2021101081	2025-07-20	7	0.0	1.7	0	0	1700	0	38.0	2.0	15
2021101081	2025-10-04	6	0.0	0.6	1	0	1400	0	36.4	2.0	16
2021101081	2025-11-15	7	0.0	0.9	0	0	1400	0	36.1	2.0	16
2021101081	2026-02-01	7	0.0	1.4	0	0	1400	0	37.2	2.0	16
2021101216	2023-09-23	7	0.0	0.6	0	1	1600	0	34.2	0.0	13
2021101216	2023-10-09	1	550.0	0.0	1	1	1800	1	35.9	1.0	9
2021101216	2023-12-02	9	0.0	1.1	0	1	2000	0	34.2	2.0	9
2021101216	2024-02-17	9	0.0	1.6	0	1	1800	0	34.5	2.0	9
2021101216	2024-03-09	7	0.0	2.0	1	1	2400	0	34.9	2.0	7
2021101216	2024-06-08	15	0.0	3.2	0	0	1900	0	39.7	2.0	16
2021101216	2024-09-08	10	0.0	1.8	0	1	2000	0	35.2	2.0	11
2021101216	2024-09-21	12	0.0	1.3	0	1	2000	0	34.9	2.0	16
2021101216	2025-02-23	8	0.0	3.2	1	2	2860	0	13.7	1.0	12
2021101216	2025-04-20	12	0.0	6.3	1	2	2970	0	14.2	1.0	14
2021101216	2025-06-29	4	130.0	0.7	0	2	2860	0	13.4	1.0	12
2021101216	2025-10-12	7	0.0	3.2	1	2	2910	0	13.8	1.0	12
2021101216	2025-12-14	7	0.0	3.4	3	2	2880	2	14.0	1.0	14
2021101219	2024-02-17	2	250.0	0.2	1	0	1600	0	37.4	0.0	16
2021101219	2024-03-09	4	83.0	0.2	0	0	1800	1	39.4	1.0	14
2021101219	2024-05-11	3	140.0	0.7	0	0	1600	0	36.1	1.0	16
2021101219	2024-06-02	1	550.0	0.0	1	0	1600	1	36.3	1.0	16
2021101219	2024-08-04	14	0.0	1.2	0	1	1600	0	34.8	2.0	18
2021101219	2024-10-06	10	0.0	1.8	1	0	1400	1	36.4	2.0	16
2021101219	2024-10-19	5	80.0	0.7	0	0	1600	0	37.1	2.0	13
2021101219	2024-11-03	14	0.0	3.6	0	0	1600	1	37.6	2.0	16
2021101219	2025-01-05	3	200.0	0.1	0	0	1800	0	38.4	2.0	16
2021101219	2025-01-25	6	0.0	0.9	1	0	1800	0	38.4	2.0	16
2021101219	2025-03-01	1	800.0	0.0	0	0	1800	0	37.9	2.0	13
2021101219	2025-05-04	12	0.0	2.1	0	0	1800	2	39.2	5.0	14
2021101219	2025-05-18	9	0.0	2.9	1	1	1600	0	35.5	3.0	9
2021101219	2025-08-02	12	0.0	2.4	0	0	1700	0	38.3	5.0	14
2021101219	2025-08-24	10	0.0	2.3	0	0	1700	0	39.0	3.0	14
2021101219	2025-09-21	10	0.0	1.3	1	0	1800	0	39.8	3.0	16
2021101219	2025-11-08	8	0.0	1.9	0	1	2000	0	34.9	3.0	8
2021101219	2025-12-06	11	0.0	1.0	0	0	1400	0	37.2	3.0	16
2021101219	2026-01-18	7	0.0	1.5	0	0	1800	0	39.5	3.0	16
2021101237	2023-10-01	3	180.0	1.4	1	0	1200	3	37.3	0.0	13
2021101237	2023-10-09	9	0.0	3.1	1	0	1200	1	38.5	1.0	10
2021101237	2024-06-01	2	220.0	0.3	0	0	1200	2	37.5	1.0	16
2021101237	2024-06-29	1	550.0	0.0	1	0	1000	1	35.0	1.0	14
2021101237	2024-07-21	2	320.0	0.0	0	0	1000	2	35.2	2.0	12
2021101237	2024-11-09	1	800.0	0.0	0	0	1150	0	36.6	2.0	16
2021101237	2025-01-05	2	460.0	0.0	0	0	1200	0	36.3	3.0	16
2021101237	2025-02-01	1	1580.1	0.0	3	0	1000	1	34.7	5.0	14
2021101237	2025-04-13	12	0.0	1.0	3	0	1150	0	38.7	4.0	16
2021101237	2025-11-15	11	0.0	0.9	0	0	1150	0	37.7	4.0	16
2021101237	2025-12-13	13	0.0	1.0	1	0	1200	0	37.8	4.0	15
2021101280	2023-12-28	6	0.0	1.1	0	1	1800	0	34.5	0.0	14
2021101280	2024-01-21	4	83.0	0.5	1	1	2000	1	37.4	1.0	11
2021101280	2024-02-10	1	550.0	0.0	0	1	1800	2	35.0	1.0	14
2021101280	2024-03-24	4	160.0	0.5	2	1	2200	1	35.9	2.0	10
2021101280	2024-04-14	4	120.0	0.5	0	1	2000	0	34.9	2.0	7
2021101280	2024-05-11	3	273.6	0.9	0	1	2000	0	34.6	2.0	11
2021101280	2024-07-21	8	0.0	0.9	0	1	2000	0	36.5	5.0	13
2021101280	2024-11-02	11	0.0	3.1	3	1	2000	1	40.1	5.0	14
2021101280	2024-12-01	9	0.0	1.2	0	1	2200	0	35.7	5.0	16
2021101280	2025-03-23	7	0.0	2.3	0	0	1800	0	38.5	2.0	14
2021101280	2025-04-05	6	0.0	1.7	0	0	1800	0	38.1	2.0	7
2021101280	2025-05-24	3	200.0	0.3	3	1	2400	2	36.0	2.0	12
2021101280	2025-06-07	6	0.0	0.9	1	1	2200	0	35.0	2.0	10
2021101280	2025-12-14	10	0.0	2.9	0	0	1800	2	41.3	5.0	12
2021101280	2026-01-18	4	120.0	0.7	0	1	2400	0	36.7	2.0	12
2021101414	2023-10-07	2	290.0	0.0	0	1	1600	0	34.6	0.0	18
2021101414	2023-11-04	4	83.0	0.5	0	1	1600	0	34.3	1.0	13
2021101414	2024-05-11	4	83.0	0.2	0	1	1600	0	34.9	1.0	18
2021101414	2024-06-01	7	0.0	0.8	0	0	1400	2	38.3	1.0	16
2021101414	2024-08-17	2	220.0	0.0	0	1	1600	0	34.6	1.0	16
2021101414	2024-08-31	4	83.0	0.3	3	1	1600	3	37.0	1.0	16
2021101414	2024-11-05	1	70.0	0.0	0	0	1400	2	39.2	10.0	10
2021101414	2024-11-28	3	22.0	0.6	0	0	1400	2	40.9	11.0	11
2021101414	2024-12-18	1	100.0	0.0	0	0	1400	0	39.6	11.0	12
2021101414	2025-08-17	10	0.0	1.2	3	1	1500	2	36.6	2.0	14
2021101414	2025-11-09	8	0.0	0.4	2	1	1400	1	35.4	2.0	17
2021101737	2023-07-16	1	720.0	0.0	0	1	1600	0	34.3	0.0	12
2021101737	2023-08-27	7	0.0	0.9	0	1	1600	0	33.7		12
2021101737	2023-11-11	2	1511.2	0.3	1	1	1600	2	34.9		11
2021101737	2023-12-17	13	0.0	0.9	0	1	1600	0	35.6		17
2021101737	2024-02-11	9	0.0	1.3	1	1	1800	0	33.9		10
2021101737	2024-03-16	8	0.0	0.7	0	1	1400	0	34.5		17
2021101737	2024-04-06	9	0.0	0.6	1	1	1600	2	35.2		16
2021101737	2024-05-05	10	0.0	1.0	0	1	1600	0	34.6		18
2021101737	2024-06-22	8	0.0	0.4	1	1	1400	0	33.1	4.0	17
2021101737	2024-09-28	12	0.0	1.2	1	1	1600	0	35.1	4.0	15
2021101737	2024-10-14	13	0.0	1.3	0	1	1400	0	33.8	4.0	14
2021101737	2024-11-17	13	0.0	2.5	0	1	1600	0	34.3	4.0	13
2021101737	2024-12-22	2	749.6	0.8	0	0	1200	0	36.4	4.0	16
2021101737	2025-01-18	7	0.0	0.9	0	0	1400	0	35.5	4.0	16
2021101737	2025-02-10	3	464.0	0.4	0	0	1200	0	35.7	4.0	13
2021101737	2025-03-23	11	0.0	1.9	0	0	1400	0	36.9	4.0	16
2021101737	2025-06-15	5	184.0	0.5	0	0	1200	1	34.9	4.0	16
2021101737	2025-09-28	3	465.4	0.3	0	0	1200	0	35.5	4.0	16
2021101737	2025-11-09	6	0.0	0.5	2	0	1200	3	35.6	4.0	12
2021101737	2025-12-13	6	0.0	0.3	1	0	1200	0	35.5	4.0	15
2021101737	2026-01-05	4	280.0	0.3	0	0	1200	0	35.2	4.0	16
2021102200	2024-03-16	4	83.0	0.4	0	1	1800	0	34.9	1.0	16
2021102200	2024-04-21	6	0.0	0.6	0	1	2400	0	34.8	1.0	11
2021102200	2024-05-11	4	83.0	0.7	0	1	2000	0	34.4	1.0	17
2021102200	2024-06-02	8	0.0	0.4	1	1	1400	2	34.3	1.0	18
2021102200	2024-06-29	4	83.0	0.8	0	0	1700	0	39.7	1.0	15
2021102200	2024-07-20	1	550.0	0.0	1	0	1700	0	38.1	1.0	15
2021102200	2024-08-11	4	120.0	1.0	0	0	1800	0	37.2	2.0	14
2021102200	2024-11-10	5	80.0	0.8	0	0	1700	0	39.0	2.0	15
2021102200	2024-11-23	9	0.0	1.4	0	0	1600	2	36.8	2.0	16
2021102200	2024-12-07	4	120.0	1.1	1	0	1900	0	38.9	2.0	16
2021102200	2025-01-06	6	0.0	0.7	2	0	1800	0	39.4	2.0	16
2021102200	2025-02-08	3	200.0	0.5	5	0	1700	2	37.3	2.0	15
2021102200	2025-02-22	3	200.0	0.5	1	0	1700	0	38.5	2.0	16
2021102200	2025-05-11	6	0.0	0.5	1	0	1800	2	40.3	2.0	15
2021102200	2025-05-31	5	80.0	1.1	2	0	1600	3	36.4	2.0	16
2021102200	2025-06-28	2	320.0	0.1	0	0	1700	2	38.0	2.0	14
2021102200	2025-07-06	1	800.0	0.0	0	0	1700	2	37.5	2.0	13
2021102200	2025-11-15	9	0.0	1.6	0	0	1700	0	37.6	5.0	15
2021102200	2026-01-10	3	300.0	0.7	0	0	1800	0	38.1	3.0	13
2021102256	2023-10-01	3	180.0	0.4	1	1	2000	2	34.4	0.0	9
2021102256	2023-10-29	6	0.0	1.5	2	1	2000	1	37.0	1.0	15
2021102256	2023-12-23	3	140.0	0.3	0	1	1800	0	34.4	1.0	14
2021102256	2024-01-13	1	550.0	0.0	0	1	2000	0	35.9	1.0	12
2021102256	2024-03-16	8	0.0	2.0	0	1	2000	0	36.5		9
2021102256	2024-06-15	3	283.8	0.1	0	1	2000	0	35.6	5.0	12
2021102256	2024-06-29	4	120.0	0.3	0	1	2000	0	36.3	2.0	11
2021102256	2024-08-17	3	284.3	0.2	1	1	2000	0	35.4	5.0	12
2021102256	2024-08-31	1	800.0	0.0	1	1	2000	1	36.6	2.0	16
2021102256	2024-10-20	18	0.0	15.6	0	1	3000	0	50.5		18
2021102256	2025-01-26	5	155.0	0.7	0	1	2000	0	35.6	5.0	9
2021102256	2025-02-10	1	1140.0	0.0	0	1	1800	0	34.7	3.0	8
2021102256	2025-04-12	13	0.0	1.0	1	1	2000	0	35.8	4.0	16
2021102256	2025-04-27	15	0.0	1.0	0	1	1800	0	34.6	4.0	16
2021102256	2025-11-16	5	184.0	0.5	0	1	1800	0	33.5	4.0	12
2021102256	2025-12-07	5	184.0	0.4	0	1	1800	0	33.3	4.0	18
2021102433	2023-07-15	2	290.0	0.4	0	1	1200	0	34.2	0.0	9
2021102433	2023-08-27	1	550.0	0.0	0	1	1200	0	35.2	1.0	13
2021102433	2023-11-12	12	0.0	1.2	1	1	1200	0	36.2	5.0	15
2021102433	2024-02-03	4	160.0	0.9	2	1	1200	0	35.5	2.0	12
2021102433	2024-04-13	7	0.0	1.1	0	1	1200	0	34.7	2.0	16
2021102433	2024-06-30	7	0.0	0.6	1	1	1200	2	34.9	2.0	17
2021102433	2024-09-01	6	0.0	0.5	1	1	1400	1	34.5	2.0	18
2021102433	2024-10-20	10	0.0	1.0	0	1	1400	0	36.2	5.0	18
2021102433	2024-11-17	10	0.0	0.4	0	1	1200	0	34.1	2.0	16
2021102433	2025-01-13	7	0.0	0.7	0	0	1400	0	37.9	2.0	16
2021102433	2025-03-15	10	0.0	1.5	1	0	1400	0	38.2	2.0	15
2021102433	2025-04-12	15	0.0	1.8	0	0	1200	0	38.2	2.0	16
2021102433	2025-05-25	7	0.0	0.4	1	1	1200	2	35.4	2.0	16
2021102433	2025-07-13	4	120.0	0.0	1	1	1200	0	34.9	2.0	15
2021102433	2025-08-17	13	0.0	0.8	0	1	1200	0	34.3	2.0	18
2021102433	2025-09-07	11	0.0	1.6	0	1	1200	0	34.0	2.0	13
2021102433	2025-09-20	13	0.0	1.1	1	1	1600	0	34.8	2.0	16
2021102433	2025-11-16	5	80.0	0.2	0	1	1200	0	34.5	2.0	16
2021102561	2023-11-11	1	720.0	0.0	0	1	1600	1	35.8	0.0	11
2021102561	2024-01-20	7	0.0	3.7	1	1	2000	1	40.2		7
2021102561	2024-02-10	8	0.0	1.9	1	1	1600	0	35.6	2.0	9
2021102561	2024-05-19	3	200.0	0.3	2	1	1200	0	33.8	2.0	11
2021102561	2024-06-09	4	120.0	0.2	1	1	1200	2	33.8	2.0	13
2021102561	2024-06-29	4	120.0	0.1	1	1	1200	0	34.4	2.0	11
2021102561	2024-07-20	9	0.0	0.9	0	1	1200	2	34.3	2.0	18
2021102561	2024-11-03	6	0.0	0.4	0	1	1200	2	36.1	2.0	16
2021102561	2025-01-26	3	286.1	0.4	0	1	1200	0	34.3	5.0	18
2021102561	2025-02-15	16	0.0	2.0	1	1	1200	0	34.7	2.0	18
2021102561	2025-03-30	14	0.0	1.0	1	1	1400	0	35.8	2.0	17
2021102561	2025-05-11	12	0.0	1.4	0	1	1200	2	34.8	2.0	16
2021102561	2025-05-31	11	0.0	0.8	1	1	1600	0	34.6	2.0	18
2021102561	2025-07-20	1	800.0	0.0	0	1	1800	0	35.4	2.0	10
2021102561	2025-08-23	12	0.0	1.0	0	1	1600	0	33.8	5.0	13
2021102561	2025-11-23	9	0.0	0.9	0	1	1600	0	33.9	5.0	13
2021102595	2024-06-30	5	55.0	1.3	1	0	1700	0	38.2	1.0	15
2021102595	2024-07-21	4	83.0	1.1	0	0	1700	0	37.4	1.0	15
2021102595	2024-08-11	7	0.0	1.7	0	0	1800	0	38.8	1.0	15
2021102595	2025-02-15	4	120.0	1.1	0	0	1900	0	38.2	2.0	12
2021102595	2025-03-01	6	0.0	1.2	0	0	1800	0	38.8	2.0	16
2021102595	2025-03-16	4	120.0	0.5	1	0	1800	1	35.8	2.0	14
2021102595	2025-03-29	1	800.0	0.0	0	0	1800	2	37.0	2.0	14
2021102595	2025-05-25	1	800.0	0.0	2	0	1800	2	37.7	2.0	15
2021102595	2025-06-22	10	0.0	1.1	0	0	1800	0	38.1	3.0	15
2021102595	2025-10-26	12	0.0	1.6	3	1	2000	2	35.3	5.0	16
2021102595	2025-11-23	2	460.0	0.3	1	0	1600	0	34.6	3.0	16
2021102676	2024-01-20	4	93.0	0.9	1	0	1800	0	39.7	0.0	16
2021102676	2024-02-10	1	550.0	0.0	0	0	1600	2	35.8	1.0	16
2021102676	2024-02-25	7	0.0	1.9	2	0	1800	2	37.7	2.0	12
2021102676	2024-05-11	3	200.0	0.4	0	0	1600	0	35.2	2.0	16
2021102676	2024-06-02	2	320.0	0.9	2	0	1600	1	35.4	2.0	16
2021102676	2024-06-22	2	320.0	0.2	0	0	1600	1	35.8	2.0	16
2021102676	2025-07-27	8	0.0	0.8	0	0	1800	0	37.9	2.0	13
2021102676	2025-08-16	5	80.0	3.0	0	0	1800	0	40.5	2.0	8
2021102676	2025-10-12	4	120.0	0.5	1	0	1600	0	36.7	2.0	16
2021102676	2025-11-02	3	200.0	0.4	1	0	1600	1	36.4	2.0	15
2021102676	2025-11-29	1	800.0	0.0	0	0	1600	0	36.1	2.0	16
2021102753	2023-12-17	3	180.0	1.7	0	0	1800	0	41.4	0.0	16
2021102753	2024-01-07	11	0.0	2.9	1	0	1800	0	40.8	1.0	16
2021102753	2024-02-17	3	140.0	0.5	0	0	1700	0	38.6	1.0	16
2021102753	2024-03-10	2	220.0	0.8	0	0	1800	2	40.8	1.0	16
2021102753	2024-03-30	2	220.0	0.3	0	0	1800	1	39.1	1.0	16
2021102753	2024-04-20	1	550.0	0.0	0	0	1700	0	39.4	1.0	15
2021102753	2024-07-20	8	0.0	1.1	1	0	1700	0	39.4	2.0	15
2021102753	2024-08-04	13	0.0	2.9	1	0	1700	2	41.8	2.0	13
2021102753	2024-10-12	2	320.0	0.1	0	0	1800	0	38.7	2.0	13
2021102753	2024-11-10	7	0.0	1.3	0	0	1700	0	39.3	2.0	15
2021102753	2025-02-08	5	80.0	0.2	0	0	1600	0	37.5	2.0	16
2021102753	2025-02-22	7	0.0	0.6	0	0	1600	0	37.7	2.0	16
2021102753	2025-05-10	1	800.0	0.0	1	0	1800	2	39.0	2.0	11
2021102753	2025-07-26	13	0.0	3.1	0	0	1800	0	39.7	5.0	15
2021102753	2025-08-16	5	155.0	0.9	0	0	1800	0	37.5	5.0	13
2021102753	2025-08-31	6	0.0	1.4	0	0	1800	0	37.2	5.0	11
2021102753	2025-09-21	1	1140.0	0.0	1	0	1800	0	37.9	3.0	16
2021102753	2025-12-07	5	184.0	0.8	0	0	1800	0	37.3	4.0	16
2021102753	2025-12-21	6	0.0	1.0	1	0	1800	1	36.8	4.0	15
2021102801	2024-07-06	17	0.0	3.8	0	1	1200	0	36.4	1.0	17
2021102801	2024-08-18	18	0.0	3.5	0	1	2000	0	37.1	1.0	18
2021102801	2024-10-29	2	12.8	0.0	1	0	1400	1	39.9	10.0	10
2021102801	2024-11-10	1	40.0	0.0	0	0	1400	0	39.5	10.0	9
2021102801	2024-11-26	7	0.0	2.2	0	0	1500	1	39.7	10.0	9
2021102801	2024-12-10	2	12.8	0.0	1	0	1500	1	37.8	10.0	12
2021102801	2024-12-23	1	40.0	0.0	3	0	1400	3	37.4	10.0	9
2021102801	2025-02-23	12	0.0	3.8	1	0	1800	0	41.1	2.0	12
2021102801	2025-03-09	10	0.0	4.3	0	0	1800	0	39.4	2.0	11
2021102801	2025-08-09	7	0.0	2.8	0	0	1800	0	39.0	2.0	9
2021102801	2025-09-06	5	80.0	1.2	0	1	2000	0	36.5	2.0	9
2021102801	2025-10-05	6	0.0	0.7	2	1	2000	2	35.0	2.0	12
2021102980	2023-10-21	2	290.0	1.1	0	0	1600	0	37.7	0.0	16
2021102980	2023-11-11	6	0.0	1.1	1	0	1600	0	39.4	1.0	13
2021102980	2023-12-03	3	140.0	0.7	0	0	1800	0	39.6	1.0	16
2021102980	2023-12-24	3	140.0	0.4	1	0	1800	0	38.8	1.0	16
2021102980	2024-02-25	4	83.0	0.5	2	0	1800	2	38.3	1.0	16
2021102980	2024-03-17	3	140.0	0.8	0	0	1200	0	37.5	1.0	16
2021102980	2024-04-06	3	140.0	0.4	1	0	1200	2	38.1	1.0	16
2021102980	2024-04-28	2	220.0	0.2	0	0	1400	0	36.8	1.0	16
2021102980	2024-05-18	3	140.0	0.4	0	0	1400	0	35.8	1.0	16
2021102980	2024-07-20	1	550.0	0.0	0	0	1700	0	38.5	1.0	14
2021102980	2024-08-18	2	320.0	0.5	0	0	1700	0	38.0	2.0	14
2021102980	2024-10-20	2	320.0	0.1	0	0	1800	2	37.6	2.0	10
2021102980	2024-11-10	3	200.0	0.5	0	0	1700	0	39.0	2.0	15
2021102980	2025-03-08	6	0.0	1.2	1	0	1800	2	38.7	2.0	16
2021102980	2025-03-30	2	320.0	0.1	0	1	2200	0	34.4	2.0	11
2021102980	2025-05-04	10	0.0	1.7	0	0	2100	2	38.6	2.0	10
2021102980	2025-05-17	7	0.0	1.6	3	0	1600	3	36.7	2.0	13
2021102980	2025-07-19	5	80.0	0.7	0	0	1700	0	37.4	2.0	10
2021102980	2025-08-10	4	120.0	0.3	3	0	1800	3	38.0	2.0	15
2021102980	2025-12-21	10	0.0	6.9	1	2	2880	1	14.1	1.0	14
2021103037	2024-01-21	3	160.0	0.3	2	1	2000	3	38.0	0.0	17
2021103037	2024-02-03	13	0.0	4.7	0	1	2400	0	39.8	1.0	13
2021103037	2025-04-27	1	60.0	0.0	0	0	1400	2	39.7	9.0	10
2021103037	2025-05-11	1	60.0	0.0	3	0	1300	3	38.0	9.0	10
2021103037	2025-05-24	1	60.0	0.0	3	0	1400	3	39.4	9.0	9
2021103037	2025-08-16	10	0.0	1.1	0	1	1800	0	36.5	5.0	12
2021103037	2025-08-31	5	80.0	0.3	1	1	1800	2	36.3	2.0	13
2021103037	2025-10-19	13	0.0	2.0	1	1	2000	2	36.3	5.0	15
2021103037	2025-11-24	12	0.0	1.2	1	1	2600	0	36.4	5.0	16
2021103037	2026-01-25	5	82.0	0.3	0	1	2000	0	33.6	2.0	14
2021103061	2023-06-17	13	0.0	2.1	1	1	1200	0	36.4	0.0	14
2021103061	2023-09-17	1	550.0	0.0	1	0	1200	0	38.6	1.0	14
2021103061	2023-11-01	5	140.0	0.5	3	0	1200	1	38.9		14
2021103061	2023-12-23	15	0.0	3.6	0	0	1200	0	40.2	2.0	15
2021103061	2024-01-14	3	200.0	0.4	0	0	1200	0	38.6	2.0	11
2021103061	2024-01-27	3	200.0	1.3	1	0	1200	0	36.8	2.0	7
2021103061	2024-03-24	4	120.0	1.1	3	0	1200	3	36.8	2.0	12
2021103061	2024-05-04	8	0.0	1.0	0	0	1200	0	38.6	2.0	14
2021103061	2024-06-08	4	120.0	0.6	0	0	1000	0	36.3	2.0	11
2021103061	2024-07-27	1	800.0	0.0	1	0	1000	0	35.5	2.0	12
2021103061	2024-09-28	6	0.0	0.8	1	0	1200	0	37.9	3.0	16
2021103061	2024-11-17	6	0.0	0.9	1	0	1200	0	37.0	3.0	16
2021103061	2024-12-14	2	630.6	0.2	1	0	1200	0	36.2	5.0	16
2021103061	2025-01-05	1	1140.0	0.0	0	0	1200	0	36.5	3.0	16
2021103061	2025-03-01	11	0.0	1.5	0	0	1200	0	38.7	4.0	16
2021103061	2025-04-06	3	463.7	0.2	0	0	1200	0	36.9	4.0	11
2021103061	2025-05-04	4	280.0	0.1	0	0	1200	0	36.3	4.0	16
2021103061	2025-07-12	4	280.0	0.2	0	0	1000	0	36.5	4.0	10
2021103061	2025-09-07	12	0.0	2.7	0	0	1200	0	37.7	4.0	12
2021103061	2025-11-09	11	0.0	1.4	2	0	1200	3	37.0	4.0	12
2021103061	2025-12-28	7	0.0	0.7	0	0	1200	0	38.0	4.0	16
2021103075	2024-01-21	1	620.0	0.0	1	1	1200	1	35.0	0.0	18
2021103075	2024-07-14	5	80.0	1.0	3	1	1200	3	36.4	2.0	9
2021103075	2025-02-01	6	0.0	0.5	3	1	1200	1	36.7	2.0	18
2021103075	2025-02-22	14	0.0	1.1	0	1	1200	0	33.8	5.0	18
2021103075	2025-05-04	9	0.0	0.6	0	1	1400	0	35.7	2.0	13
2021103075	2025-05-25	14	0.0	2.0	2	0	1200	2	38.1	2.0	15
2021103075	2025-11-16	10	0.0	0.6	0	0	1150	0	37.9	2.0	16
2021103129	2023-09-17	1	720.0	0.0	0	1	1200	0	34.7	0.0	16
2021103129	2023-10-07	9	0.0	3.9	0	1	1600	0	37.9		9
2021103129	2024-04-27	4	120.0	0.3	1	1	1600	0	34.4	2.0	9
2021103129	2024-09-16	7	0.0	0.6	1	0	1200	0	37.1	2.0	16
2021103129	2024-09-28	9	0.0	1.9	1	0	1800	0	39.7	2.0	10
2021103129	2024-10-19	6	0.0	2.1	2	0	1800	0	39.8	2.0	7
2021103129	2024-12-28	14	0.0	1.0	0	0	1200	0	38.0	2.0	16
2021103129	2025-01-19	5	80.0	0.8	0	0	1800	0	38.8	2.0	10
2021103129	2025-03-09	5	80.0	1.7	0	0	1800	0	39.0	2.0	11
2021103129	2025-04-05	3	200.0	0.3	0	0	1800	2	37.9	2.0	11
2021103129	2025-04-19	2	320.0	0.0	0	0	1800	0	39.2	2.0	14
2021103129	2025-05-11	3	200.0	0.6	0	0	1600	2	36.6	2.0	11
2021103129	2025-05-31	6	0.0	1.2	2	0	1600	3	36.0	2.0	16
2021103129	2025-07-12	9	0.0	1.0	1	0	1700	0	38.0	2.0	15
2021103129	2025-07-20	6	0.0	1.4	0	0	1700	0	38.1	2.0	15
2021103129	2025-10-04	5	80.0	0.5	1	0	1600	0	36.1	2.0	16
2021103129	2025-10-26	10	0.0	1.5	2	0	1600	3	36.3	2.0	16
2021103129	2025-11-16	6	0.0	0.7	0	0	1600	0	37.1	2.0	16
2021103129	2025-12-07	8	0.0	2.0	0	0	1800	0	38.7	2.0	16
2021103129	2025-12-21	9	0.0	0.9	1	0	1800	1	37.7	2.0	15
2021103129	2026-01-10	4	120.0	0.7	0	0	1800	0	38.6	2.0	16
2021103129	2026-01-25	3	210.0	0.2	0	0	1800	0	39.7	2.0	15
2021103204	2023-07-15	1	720.0	0.0	3	0	1150	2	37.6	0.0	14
2021103204	2023-10-22	2	435.0	0.1	0	0	1400	0	37.8	2.0	8
2021103204	2023-11-11	13	0.0	1.5	1	0	1400	0	39.1	2.0	16
2021103204	2023-12-23	3	200.0	0.6	0	0	1200	0	37.9	2.0	15
2021103204	2024-01-20	1	780.0	0.0	2	0	1200	0	37.1	2.0	10
2021103204	2024-03-10	4	270.0	0.3	0	0	1400	0	37.2	5.0	9
2021103204	2024-03-31	5	180.0	0.4	1	0	1400	0	38.2	5.0	11
2021103204	2024-06-22	6	0.0	0.8	0	0	1400	1	36.9	5.0	16
2021103204	2024-09-28	10	0.0	1.5	1	0	1200	0	37.8	3.0	16
2021103204	2024-12-01	3	290.0	0.2	0	0	1200	0	36.3	3.0	16
2021103204	2024-12-28	1	1587.1	0.0	0	0	1200	0	36.4	3.0	16
2021103204	2025-01-26	10	0.0	0.7	0	0	1200	0	38.0	4.0	15
2021103204	2025-07-05	5	184.0	0.4	0	0	1150	0	35.7	4.0	16
2021103204	2025-12-28	12	0.0	1.7	0	0	1200	0	38.6	4.0	16
2021103214	2024-01-20	1	620.0	0.0	2	0	1200	2	37.6	0.0	16
2021103214	2024-02-11	2	310.0	1.2	0	0	1400	0	38.4	2.0	9
2021103214	2024-02-25	1	780.0	0.0	2	0	1200	3	35.7	2.0	10
2021103214	2024-03-31	9	0.0	2.3	1	0	1400	0	39.6	5.0	11
2021103214	2024-06-23	15	0.0	4.4	1	0	1200	3	39.0	3.0	16
2021103214	2024-09-22	14	0.0	1.9	1	0	1200	0	38.4	3.0	15
2021103214	2024-11-17	13	0.0	2.1	1	0	1200	0	37.6	3.0	16
2021103214	2025-02-09	1	1140.0	0.0	0	0	1200	2	37.4	3.0	16
2021103214	2025-03-01	16	0.0	3.1	0	0	1200	0	38.7	4.0	16
2021103214	2025-06-15	2	750.4	0.2	0	0	1200	1	36.8	4.0	16
2021103214	2025-07-12	6	0.0	0.5	0	0	1000	0	36.5	4.0	10
2021103214	2025-09-07	4	280.0	1.0	0	0	1200	0	36.4	4.0	12
2021103214	2025-10-04	14	0.0	2.3	2	0	1200	3	36.9	4.0	16
2021103214	2025-12-06	6	0.0	0.9	0	0	1200	0	36.9	4.0	16
2021103214	2025-12-28	16	0.0	2.6	0	0	1200	0	40.1	4.0	16
2021103217	2023-10-07	10	0.0	0.7	0	1	1600	0	34.8	0.0	18
2021103217	2023-12-02	7	0.0	0.8	0	1	1600	0	35.1	1.0	10
2021103217	2024-02-11	1	550.0	0.0	1	1	2000	0	35.2	1.0	10
2021103217	2024-04-07	4	300.0	0.7	0	1	2000	0	35.7		8
2021103217	2024-04-27	11	0.0	2.1	1	1	2200	0	37.4	2.0	12
2021103217	2024-08-17	5	111.0	1.0	0	1	2000	0	35.2	5.0	9
2021103217	2024-10-20	8	0.0	1.1	0	1	2000	0	35.0	2.0	15
2021103217	2024-12-08	3	200.0	0.2	0	1	2000	0	35.1	2.0	18
2021103217	2025-02-02	16	0.0	1.4	0	1	2000	1	38.8	2.0	18
2021103217	2025-03-29	8	0.0	1.6	0	1	2000	1	37.9	2.0	15
2021103217	2025-05-11	3	200.0	0.3	1	0	1400	2	37.2	2.0	14
2021103217	2025-07-05	8	0.0	1.0	0	0	1700	1	37.6	2.0	13
2021103217	2025-08-09	10	0.0	1.8	0	0	1700	1	38.4	2.0	11
2021103217	2025-11-08	13	0.0	2.1	0	0	1400	0	38.6	2.0	16
2021103226	2023-11-25	6	0.0	0.5	1	1	1600	0	33.8	0.0	18
2021103226	2024-02-11	1	550.0	0.0	0	0	1600	2	37.5	1.0	16
2021103226	2024-10-06	4	120.0	0.6	1	0	1400	1	35.9	2.0	16
2021103226	2024-10-26	3	200.0	0.3	1	0	1400	0	36.1	2.0	15
2021103226	2024-11-24	6	0.0	1.2	0	0	1400	0	37.3	2.0	16
2021103226	2025-03-15	4	120.0	0.5	1	0	1400	0	37.2	2.0	15
2021103226	2025-04-12	9	0.0	1.6	1	0	1700	0	40.5	2.0	14
2021103226	2025-10-12	4	120.0	0.4	1	0	1400	0	36.3	2.0	15
2021103226	2025-11-01	4	120.0	0.8	1	0	1400	1	36.4	2.0	15
2021103226	2025-11-23	3	200.0	0.1	1	0	1600	0	36.3	2.0	16
2021103226	2025-12-13	2	320.0	0.1	1	0	1800	0	36.8	2.0	16
2021103227	2023-12-17	3	180.0	0.1	0	1	1800	2	35.2	0.0	10
2021103227	2024-01-06	9	0.0	1.3	1	1	1800	0	35.6	1.0	17
2021103227	2024-03-17	2	220.0	0.1	1	1	1600	0	34.2	1.0	16
2021103227	2024-04-13	4	83.0	0.4	0	1	1600	0	33.6	1.0	18
2021103227	2024-05-05	1	550.0	0.0	0	1	1600	0	35.1	1.0	15
2021103227	2024-08-11	7	0.0	0.6	0	1	1600	0	34.8	5.0	10
2021103227	2024-10-05	8	0.0	0.6	0	1	1600	0	33.7	5.0	18
2021103227	2025-01-19	8	0.0	0.7	0	1	1600	0	35.0	2.0	16
2021103227	2025-02-16	4	120.0	0.1	1	1	1600	2	35.2	2.0	18
2021103227	2025-03-16	8	0.0	0.8	3	1	1600	2	35.7	2.0	16
2021103227	2025-05-04	3	200.0	1.0	0	1	1600	0	33.3	2.0	9
2021103227	2025-06-01	6	0.0	1.0	0	1	1800	2	34.4	2.0	16
2021103227	2025-10-26	1	1147.8	0.0	3	1	1600	2	34.9	5.0	14
2021103227	2025-11-23	5	155.0	0.5	0	1	1600	0	33.6	5.0	13
2021103227	2026-01-17	4	180.0	0.3	0	1	1600	0	34.1	3.0	18
2021103303	2023-06-03	5	72.0	2.2	1	1	1600	3	36.0	0.0	9
2021103303	2023-07-02	3	140.0	1.1	0	1	1800	0	36.0	1.0	7
2021103303	2023-09-03	7	0.0	1.2	0	1	2000	0	36.6	1.0	13
2021103303	2023-09-23	3	140.0	0.2	2	1	1600	1	35.0	1.0	16
2021103303	2023-10-22	1	550.0	0.0	0	1	1600	0	33.5	1.0	11
2021103303	2023-12-17	4	160.0	0.5	0	1	1600	0	35.2	2.0	9
2021103303	2024-02-18	3	200.0	0.3	0	1	1600	0	33.6	2.0	12
2021103303	2024-03-17	4	160.0	0.2	1	1	1600	0	33.6	2.0	10
2021103303	2024-04-06	5	540.0	0.3	1	1	1600	2	34.6		16
2021103303	2024-05-19	5	78.0	0.5	1	1	1600	0	33.4	2.0	11
2021103303	2024-06-09	6	0.0	0.7	1	1	1600	0	33.8	2.0	17
2021103303	2024-07-28	11	0.0	0.8	1	1	1800	0	34.1	2.0	16
2021103303	2024-08-31	5	80.0	0.7	1	1	1600	2	33.4	2.0	17
2021103303	2024-09-22	6	0.0	0.2	1	1	1600	0	33.7	2.0	16
2021103303	2024-11-16	8	0.0	0.3	1	1	1600	0	33.7	2.0	18
2021103303	2025-02-15	6	0.0	0.5	0	1	1600	0	34.1	2.0	16
2021103303	2025-03-22	2	320.0	0.0	0	1	1600	0	34.1	2.0	16
2021103303	2025-04-12	3	200.0	0.1	0	1	1600	0	33.4	2.0	16
2021103303	2025-04-26	2	320.0	0.1	1	1	1600	0	32.8	2.0	12
2021103303	2025-05-24	3	200.0	0.2	1	1	1600	0	33.2	2.0	13
2021103303	2025-08-02	9	0.0	1.2	0	1	1600	0	33.5	5.0	14
2021103303	2025-10-13	4	120.0	0.2	1	1	1600	0	33.4	2.0	18
2021103303	2025-10-26	5	80.0	0.3	1	1	1600	2	33.3	2.0	15
2021103303	2025-11-24	5	80.0	0.4	0	1	1600	0	33.4	2.0	18
2021103502	2023-10-29	7	0.0	2.2	1	0	1600	0	38.9	0.0	16
2021103502	2023-11-18	12	0.0	3.1	0	0	1600	1	40.9	1.0	15
2021103502	2024-03-16	10	0.0	0.9	0	1	1800	0	36.3	1.0	16
2021103502	2024-04-06	15	0.0	1.5	1	1	2000	2	37.0	1.0	18
2021103502	2024-06-29	10	0.0	2.0	0	0	1700	0	39.7	1.0	15
2021103502	2024-07-28	4	83.0	0.3	1	0	1700	3	38.8	1.0	14
2021103502	2024-08-11	2	220.0	0.5	0	0	1700	0	39.5	1.0	14
2021103502	2024-08-24	1	550.0	0.0	1	0	1700	0	38.8	1.0	14
2021103502	2025-01-19	8	0.0	1.7	1	0	1800	0	39.9	2.0	13
2021103502	2025-02-02	6	0.0	0.9	2	0	1600	2	38.8	2.0	16
2021103502	2025-03-02	8	0.0	1.1	0	0	1800	0	40.2	2.0	16
2021103502	2025-07-13	1	800.0	0.0	0	0	1700	0	37.0	2.0	12
2021103502	2025-07-26	6	0.0	1.1	2	0	1700	0	37.4	5.0	14
2021103502	2025-09-07	8	0.0	1.1	0	0	1700	2	37.8	5.0	14
2021103502	2025-09-28	2	460.0	0.1	0	0	1800	0	37.7	3.0	16
2021103502	2025-10-25	8	0.0	1.8	1	0	1800	0	37.7	5.0	15
2021103502	2026-01-05	3	404.3	0.8	0	0	1800	2	38.9	3.0	12
2021103502	2026-01-25	1	1616.4	0.0	0	0	1700	0	36.6	5.0	16
2021103504	2024-02-18	9	0.0	1.0	0	1	1800	0	34.8	1.0	16
2021103504	2024-03-09	1	550.0	0.0	0	1	2000	0	35.4	1.0	12
2021103504	2024-04-06	4	120.0	0.9	1	1	1800	2	35.4	2.0	8
2021103504	2024-05-18	8	0.0	0.8	0	1	1800	0	34.5	2.0	11
2021103504	2024-08-24	9	0.0	1.0	0	1	1800	0	36.7	2.0	14
2021103504	2024-09-01	8	0.0	2.6	0	0	1700	1	38.4	2.0	14
2021103504	2024-11-16	14	0.0	2.1	1	1	2000	0	37.7	2.0	16
2021103504	2025-03-22	15	0.0	2.7	0	1	1600	0	36.2	2.0	16
2021103504	2025-04-13	12	0.0	2.4	2	1	2000	0	38.4	2.0	16
2021103504	2025-05-03	5	80.0	0.7	0	1	2200	2	34.5	2.0	8
2021103504	2025-06-07	8	0.0	3.0	0	1	2400	0	36.1	5.0	12
2021103504	2025-09-15	10	0.0	2.3	1	1	2500	0	37.0	2.0	14
2021103504	2025-09-27	16	0.0	2.5	0	1	2200	0	36.6	2.0	16
2021103504	2026-01-11	12	0.0	8.7	0	2	2910	0	14.4	1.0	14
2021103520	2023-09-16	1	720.0	0.0	0	1	1600	0	33.9	0.0	8
2021103520	2023-10-28	4	260.0	0.5	0	1	1800	0	34.5		6
2021103520	2023-11-19	3	272.7	0.5	0	1	1400	0	34.3	2.0	8
2021103520	2023-12-23	3	274.1	0.3	0	1	1400	0	34.6	2.0	13
2021103520	2024-01-08	17	0.0	1.8	0	1	1600	0	37.0		18
2021103520	2024-04-28	4	120.0	1.0	0	1	1400	0	34.1	2.0	11
2021103520	2024-05-18	4	160.0	0.4	0	1	1600	0	33.6	2.0	13
2021103520	2024-06-02	8	0.0	1.5	3	1	1400	2	36.7	2.0	16
2021103520	2024-06-22	8	0.0	0.7	2	1	1600	0	33.8	2.0	15
2021103520	2024-09-14	5	80.0	0.4	0	1	1600	0	34.5	2.0	16
2021103520	2024-09-29	8	0.0	1.3	1	1	1600	1	35.0	2.0	16
2021103520	2024-11-24	4	120.0	0.2	1	1	1800	0	33.8	2.0	18
2021103520	2024-12-08	6	0.0	0.6	0	1	1600	0	35.2	2.0	16
2021103520	2025-03-09	2	320.0	0.2	0	1	2000	0	35.5	2.0	9
2021103520	2025-03-22	13	0.0	1.4	0	1	2000	0	35.7	5.0	18
2021103520	2025-04-06	6	0.0	0.5	0	1	2000	0	35.4	2.0	11
2021103520	2025-04-27	3	200.0	0.2	0	1	1800	0	34.0	2.0	10
2021103520	2025-05-18	5	80.0	0.5	1	1	1800	2	34.0	2.0	10
2021103520	2025-07-20	3	200.0	0.2	0	1	1800	0	35.3	2.0	10
2021103520	2025-08-09	3	282.3	0.4	0	1	2000	0	34.0	5.0	7
2021103520	2025-10-05	3	200.0	0.1	2	1	2000	2	34.4	2.0	12
2021103520	2025-10-25	5	80.0	0.3	3	1	1800	0	34.1	2.0	10
2021103520	2025-11-08	5	80.0	0.5	0	1	2000	0	33.9	2.0	14
2021103520	2025-11-23	8	0.0	0.9	0	1	2400	0	34.3	2.0	18
2021103790	2023-08-05	4	110.0	0.4	0	1	1800	0	33.8	0.0	13
2021103790	2023-08-26	1	550.0	0.0	0	1	1800	2	35.5	1.0	11
2021103790	2023-09-23	5	160.0	0.7	0	1	1800	0	35.5	5.0	7
2021103790	2023-10-14	2	433.4	0.6	1	1	1800	0	34.0	2.0	5
2021103790	2023-11-12	5	107.0	0.3	1	1	2000	0	35.5	2.0	7
2021103790	2024-08-11	6	0.0	1.0	0	1	2000	0	34.7	2.0	11
2021103790	2024-09-07	1	800.0	0.0	0	1	2000	0	33.9	2.0	10
2021103790	2025-08-03	2	623.8	0.0	0	1	2000	0	33.0	5.0	5
2021103790	2025-12-14	12	0.0	1.6	1	1	1800	2	37.4	5.0	12
2021103862	2023-11-19	3	180.0	0.1	0	1	1600	2	34.1	0.0	13
2021103862	2023-12-03	5	55.0	0.8	0	1	1600	0	34.4	1.0	16
2021103862	2024-06-29	1	550.0	0.0	1	1	1800	0	36.5	1.0	15
2021103862	2025-01-12	3	200.0	0.3	1	1	1400	0	34.3	2.0	18
2021103862	2025-02-02	3	200.0	0.0	1	1	1400	2	34.7	2.0	17
2021103862	2025-04-26	1	800.0	0.0	0	1	1400	0	34.2	2.0	12
2021103862	2025-05-10	5	155.0	0.6	1	1	1600	2	34.6	5.0	8
2021103862	2025-06-07	2	629.8	0.3	0	1	1400	0	33.9	5.0	15
2021103862	2025-12-07	6	0.0	0.5	0	1	1400	0	34.3	3.0	17
2021103862	2025-12-21	15	0.0	1.1	1	1	1400	2	34.8	5.0	18
2021103862	2026-01-04	10	0.0	0.9	1	1	1400	0	33.3	3.0	12
2021104101	2024-06-08	10	0.0	3.5	0	0	1800	0	39.7	1.0	16
2021104101	2024-07-18	1	250.0	0.0	0	0	1600	1	41.0	5.0	9
2021104101	2024-09-01	6	0.0	0.8	1	0	1800	3	36.8	2.0	11
2021104101	2024-09-14	2	320.0	0.5	0	0	1400	0	37.3	2.0	15
2021104101	2024-10-12	9	0.0	1.4	0	0	1400	0	37.7	2.0	16
2021104101	2024-10-26	3	200.0	0.4	0	0	1200	0	36.9	2.0	10
2021104101	2025-01-19	14	0.0	1.9	0	0	1400	0	38.8	2.0	16
2021104101	2025-02-10	11	0.0	1.3	0	0	1200	0	37.2	2.0	16
2021104101	2025-09-06	6	0.0	1.3	0	0	1400	2	37.5	2.0	13
2021104101	2025-10-11	16	0.0	2.5	2	0	1400	2	38.4	2.0	16
2021104101	2025-12-07	10	0.0	1.2	0	0	1400	0	39.1	2.0	16
2021104101	2025-12-21	2	320.0	0.0	3	0	1200	2	36.3	2.0	16
2021104101	2026-01-10	5	82.0	0.5	0	0	1200	0	36.3	2.0	15
2021104208	2023-10-06	4	24.0	0.8	0	0	900	2	38.3	0.0	7
2021104208	2023-10-19	1	60.0	0.0	0	0	920	0	36.8		11
2021104208	2023-11-14	2	21.0	0.1	0	0	1500	2	39.3		9
2021104208	2024-02-12	9	0.0	2.6	0	0	1500	0	41.9		11
2021104208	2024-02-28	3	10.0	0.8	0	0	1500	2	38.5		11
2021104208	2024-03-13	1	50.0	0.0	0	0	1500	1	39.0		12
2021104208	2024-03-28	9	0.0	1.4	3	0	1700	1	40.4		11
2021104208	2024-04-23	1	120.0	0.0	1	0	1500	1	38.1		11
2021104208	2024-09-01	5	80.0	2.9	1	0	2000	1	38.2	18.0	12
2021104208	2024-09-19	2	28.0	0.3	1	0	1700	0	38.7		12
2021104208	2024-10-04	1	50.0	0.0	3	0	1500	3	39.3		12
2021104208	2024-12-24	1	60.0	0.0	0	0	1400	0	37.7		9
2021104208	2025-02-16	5	80.0	0.3	1	1	1600	2	35.4	2.0	18
2021104208	2025-03-09	6	0.0	0.7	0	1	2000	0	35.5	2.0	9
2021104208	2025-10-18	5	80.0	0.8	1	1	2000	0	36.2	2.0	8
2021104208	2025-11-09	6	0.0	0.3	2	1	1800	0	34.9	5.0	16
2021104320	2023-10-22	2	290.0	0.1	0	1	1800	0	34.5	0.0	16
2021104320	2023-11-19	5	55.0	1.3	0	1	2000	0	36.8	1.0	15
2021104320	2024-02-11	2	220.0	0.1	0	0	1700	0	39.2	1.0	15
2021104320	2024-02-24	1	550.0	0.0	0	0	1700	1	38.0	1.0	16
2021104320	2024-03-31	5	78.0	0.8	0	0	1800	2	38.8	2.0	16
2021104320	2024-11-10	13	0.0	4.1	0	0	1700	0	42.3	2.0	15
2021104320	2025-07-20	11	0.0	1.7	0	0	1700	0	39.1	2.0	13
2021104320	2025-11-24	7	0.0	0.7	0	0	1700	0	38.0	2.0	15
2021104320	2025-12-27	10	0.0	1.8	1	0	1800	2	40.0	2.0	16
2021104365	2023-10-07	6	0.0	0.8	0	1	1600	0	34.9	0.0	18
2021104365	2023-11-05	7	0.0	1.2	0	1	1600	0	34.2	1.0	13
2021104365	2023-11-19	6	0.0	1.0	0	1	1800	0	35.2	1.0	16
2021104365	2024-06-08	5	55.0	0.7	0	1	1800	0	33.3	1.0	18
2021104365	2024-06-22	9	0.0	1.1	0	1	1600	2	34.9	1.0	16
2021104365	2024-07-20	9	0.0	0.8	1	1	2000	0	35.3	1.0	16
2021104365	2024-09-02	4	5.9	0.6	3	0	1200	2	39.4	10.0	11
2021104365	2024-09-29	1	45.0	0.0	0	0	1300	0	39.5	10.0	9
2021104365	2024-10-15	2	14.0	0.1	1	0	1400	0	38.6	10.0	8
2021104365	2024-10-29	2	14.0	0.3	0	0	1400	2	39.0	10.0	9
2021104365	2024-11-10	1	45.0	0.0	0	0	1400	0	37.7	11.0	10
2021104365	2024-12-11	1	45.0	0.0	1	0	1600	3	39.0	11.0	11
2021104365	2025-01-24	4	15.0	0.5	0	0	1200	0	38.2	10.0	12
2021104365	2025-02-14	1	100.0	0.0	0	0	1500	0	38.6	10.0	12
2021104365	2025-03-11	1	100.0	0.0	1	0	1500	0	39.2	10.0	10
2021104365	2025-03-31	1	150.0	0.0	1	0	1600	0	38.8	10.0	6
2021104365	2025-06-22	1	800.0	0.0	0	0	1600	0	37.9	2.0	16
2021104365	2025-10-05	10	0.0	1.2	1	0	1600	0	37.8	3.0	16
2021104365	2025-10-18	11	0.0	2.0	1	0	1400	0	38.4	3.0	14
2021104365	2026-01-18	15	0.0	3.0	0	0	1800	0	41.5	3.0	16
2021104511	2024-02-17	10	0.0	1.7	1	0	1400	0	38.7	1.0	14
2021104511	2024-06-02	9	0.0	1.8	1	0	1600	1	36.3	1.0	16
2021104511	2024-06-22	8	0.0	2.1	0	0	1600	1	38.4	1.0	16
2021104511	2024-08-18	11	0.0	4.2	0	0	1800	0	41.8	1.0	15
2021104511	2024-10-29	3	10.0	0.4	3	0	1500	1	38.9	10.0	11
2021104511	2024-11-11	1	50.0	0.0	0	0	1500	0	40.0	10.0	12
2021104511	2024-11-21	1	65.0	0.0	0	0	1400	0	39.2	5.0	12
2021104511	2024-12-06	10	0.0	2.0	0	0	1700	0	41.5	5.0	12
2021104511	2024-12-24	1	50.0	0.0	0	0	1500	0	39.1		9
2021104511	2025-01-03	1	130.0	0.0	0	0	1500	0	38.8		11
2021104511	2025-01-27	1	90.0	0.0	2	0	1500	0	37.9	5.0	9
2021104511	2025-02-10	1	90.0	0.0	0	0	1700	2	38.6	5.0	12
2021104511	2025-04-19	4	120.0	0.5	0	0	1700	0	38.5	2.0	15
2021104511	2025-05-10	4	120.0	0.8	1	0	1800	2	39.5	2.0	11
2021104511	2025-06-22	10	0.0	1.3	1	0	1700	1	39.4	2.0	12
2021104511	2025-07-05	6	0.0	0.2	0	0	1700	1	37.6	2.0	13
2021104511	2025-10-11	5	80.0	0.8	3	0	1600	2	37.7	2.0	16
2021104511	2025-10-26	11	0.0	1.0	1	0	1600	3	35.9	2.0	13
2021104511	2025-11-23	2	320.0	0.1	1	0	1600	0	36.5	2.0	16
2021104669	2023-07-02	3	180.0	0.6	0	1	1600	0	34.5	0.0	8
2021104669	2023-07-23	2	220.0	0.7	0	1	1600	0	35.5	1.0	8
2021104669	2023-11-12	4	83.0	0.5	1	1	1600	0	36.5	1.0	13
2021104669	2023-11-18	7	0.0	0.7	1	1	1600	2	34.9	1.0	12
2021104669	2023-12-09	4	83.0	0.7	0	0	1800	0	39.4	1.0	10
2021104669	2023-12-23	7	0.0	1.9	0	0	1400	0	37.9	1.0	16
2021104669	2024-04-27	2	220.0	0.5	1	1	1600	0	35.5	1.0	17
2021104669	2024-05-19	6	0.0	0.8	2	1	1600	0	36.1	1.0	18
2021104669	2024-06-26	1	120.0	0.0	1	0	1500	0	39.0		12
2021104669	2024-09-29	4	120.0	0.7	1	1	1600	1	34.9	2.0	16
2021104669	2024-10-26	12	0.0	1.8	0	1	1600	0	35.0	5.0	16
2021104669	2025-01-05	6	0.0	0.4	0	1	1600	0	34.7	2.0	16
2021104669	2025-01-19	9	0.0	0.9	0	1	1600	0	34.7	2.0	16
2021104669	2025-01-25	13	0.0	2.9	0	0	1800	0	40.1	2.0	15
2021104669	2025-05-31	13	0.0	0.9	1	1	1600	0	34.6	2.0	18
2021104669	2025-07-08	1	400.0	0.0	0	0	1600	0	39.4	13.0	10
2021104669	2025-09-09	5	80.0	1.4	0	0	1600	2	39.4	16.0	14
2021104669	2025-10-05	12	0.0	1.7	1	0	1400	1	37.3	3.0	16
2021104673	2023-08-27	6	0.0	0.8	0	1	1200	0	36.4	0.0	9
2021104673	2023-11-12	8	0.0	0.9	1	1	1400	0	35.8	1.0	17
2021104673	2023-11-26	10	0.0	1.5	1	1	1400	0	36.3	1.0	18
2021104673	2024-02-03	2	220.0	0.4	1	0	1400	0	37.9	1.0	14
2021104673	2024-02-17	8	0.0	1.7	1	0	1400	2	40.4	1.0	16
2021104673	2024-04-13	3	140.0	0.5	0	0	1200	0	38.1	1.0	16
2021104673	2024-05-11	1	550.0	0.0	0	0	1400	0	38.7	1.0	16
2021104673	2024-07-20	18	0.0	3.7	0	1	1200	2	37.2	2.0	18
2021104673	2024-10-05	12	0.0	0.8	0	0	1400	2	38.3	2.0	14
2021104673	2025-01-12	13	0.0	1.6	1	0	1200	0	36.9	2.0	16
2021104673	2025-01-26	3	200.0	0.7	0	0	1200	0	37.0	2.0	16
2021104673	2025-03-22	7	0.0	1.3	0	0	1200	0	38.6	2.0	15
2021104673	2025-05-04	12	0.0	2.4	0	0	1200	2	39.2	2.0	14
2021104673	2025-08-02	8	0.0	1.2	0	0	1400	0	39.3	2.0	13
2021104673	2025-09-28	4	120.0	0.5	0	0	1400	0	38.3	2.0	16
2021104673	2025-10-19	12	0.0	1.8	1	0	1400	2	39.2	2.0	12
2021104673	2026-01-25	6	0.0	0.9	0	0	1200	0	36.4	2.0	15
2021104856	2023-07-16	4	110.0	1.1	0	1	1800	0	36.3	0.0	13
2021104856	2023-12-02	10	0.0	0.9	0	1	1600	0	35.2	1.0	15
2021104856	2024-01-21	2	220.0	0.7	3	0	1800	3	38.9	1.0	15
2021104856	2024-03-02	2	220.0	0.2	1	0	1800	1	39.7	1.0	16
2021104856	2024-05-11	1	550.0	0.0	0	0	1600	0	36.3	1.0	16
2021104856	2024-07-14	6	0.0	1.7	0	0	1700	0	38.9	2.0	14
2021104856	2024-09-08	8	0.0	1.0	0	0	1800	0	39.9	2.0	16
2021104856	2024-10-06	8	0.0	0.8	1	0	1600	1	37.4	2.0	16
2021104856	2024-12-14	4	120.0	0.8	0	0	1800	0	38.1	2.0	16
2021104856	2025-01-11	2	320.0	0.3	0	0	1800	2	40.2	2.0	13
2021104856	2025-03-01	2	320.0	0.0	0	0	1800	0	38.0	2.0	13
2021104856	2025-03-29	1	800.0	0.0	3	0	1800	2	40.0	2.0	11
2021104856	2025-05-25	3	394.8	0.3	1	0	1600	3	35.6	5.0	16
2021104856	2025-06-15	5	155.0	0.9	1	0	1800	1	38.4	5.0	16
2021104856	2026-01-18	5	119.0	1.4	0	0	1800	0	40.2	3.0	16
2021104857	2023-10-07	6	0.0	0.4	0	1	1600	0	34.3	0.0	18
2021104857	2023-10-28	4	83.0	0.2	0	1	1800	0	34.3	1.0	10
2021104857	2023-12-23	2	220.0	0.3	0	1	1800	0	34.7	1.0	14
2021104857	2024-01-20	10	0.0	1.3	3	1	1800	2	38.5	1.0	11
2021104857	2024-03-30	4	83.0	0.6	0	1	1800	0	35.9	1.0	18
2021104857	2024-04-27	14	0.0	1.6	1	1	1800	0	37.8	1.0	17
2021104857	2024-05-12	5	55.0	1.1	1	0	1800	0	40.3	1.0	15
2021104857	2024-07-14	1	550.0	0.0	3	0	1700	1	37.0	1.0	16
2021104857	2024-08-03	3	200.0	0.8	0	0	1800	0	38.9	2.0	13
2021104857	2024-10-12	5	80.0	1.0	0	0	1800	0	38.3	2.0	13
2021104857	2025-02-09	6	0.0	0.7	0	0	1700	2	38.6	2.0	13
2021104857	2025-03-09	3	200.0	1.0	0	0	1800	0	38.7	2.0	11
2021104857	2025-03-30	1	800.0	0.0	0	0	1800	2	39.1	2.0	9
2021104857	2025-06-15	15	0.0	3.2	1	0	1800	1	40.5	5.0	16
2021104857	2025-07-12	9	0.0	1.3	0	0	1700	0	40.5	5.0	13
2021104857	2025-11-09	8	0.0	1.0	3	0	1800	1	37.8	3.0	16
2021104857	2025-11-16	15	0.0	2.8	0	0	1800	0	39.7	3.0	16
2021104882	2023-09-24	1	720.0	0.0	0	1	2000	2	35.0	0.0	8
2021104882	2023-11-18	2	1510.2	0.3	0	1	1800	0	35.6		10
2021104882	2024-03-03	5	540.0	0.7	0	1	2000	0	35.6		11
2021104882	2024-04-27	10	0.0	0.6	1	1	2400	0	34.8		17
2021104882	2024-07-27	3	464.5	0.3	1	1	2000	0	34.6	4.0	14
2021104882	2024-08-24	1	1872.2	0.0	0	1	2000	0	36.4	4.0	14
2021104882	2024-10-20	7	0.0	1.9	0	1	3000	0	37.8		18
2021104882	2025-06-14	9	0.0	0.8	2	1	1800	0	34.6	5.0	15
2021104882	2025-07-27	5	280.0	0.8	1	1	2600	2	36.1		10
2021104882	2025-09-21	9	0.0	0.9	1	1	2200	0	35.1		11
2021104882	2025-11-15	13	0.0	1.4	0	1	2000	0	36.3		16
2021104971	2024-03-10	1	550.0	0.0	0	1	2200	0	34.2	1.0	11
2021104971	2024-05-04	13	0.0	2.3	0	1	2200	0	35.2		15
2021104971	2024-06-01	1	800.0	0.0	0	1	2200	0	33.1	2.0	9
2021104971	2024-08-03	1	1568.9	0.0	0	1	2000	0	32.3	5.0	8
2021104971	2024-09-22	4	810.0	0.7	1	1	2200	2	35.1		14
2021104971	2024-11-17	5	184.0	0.6	1	1	2400	0	34.7	4.0	17
2021104971	2025-06-21	5	184.0	0.5	0	1	2200	0	35.3	4.0	12
2021104971	2025-07-20	5	430.0	0.6	0	1	2000	0	36.4		16
2021104971	2025-08-30	12	0.0	1.7	0	1	2200	0	35.7	4.0	16
2021104971	2025-12-14	7	0.0	0.9	0	1	2200	0	35.5	4.0	15
2021104971	2026-01-10	4	280.0	0.4	0	1	2200	0	34.6	4.0	17
2021104995	2023-06-25	8	0.0	0.8	0	1	1600	0	34.9	0.0	16
2021104995	2023-09-23	4	83.0	0.2	2	1	1600	1	35.7	1.0	16
2021104995	2023-11-18	5	55.0	0.9	0	1	1600	0	36.2	1.0	18
2021104995	2024-01-20	1	550.0	0.0	3	1	1800	2	37.1	1.0	11
2021104995	2024-03-23	1	780.0	0.0	1	1	1800	0	35.1	2.0	11
2021104995	2024-05-04	8	0.0	0.5	0	1	2000	0	34.4		13
2021104995	2024-07-20	3	395.1	0.1	0	1	1800	0	35.3	5.0	16
2021104995	2024-09-08	6	0.0	0.6	0	1	1800	0	33.1	5.0	9
2021104995	2024-09-29	1	1580.8	0.0	1	1	1800	0	35.5	3.0	14
2021104995	2024-12-07	11	0.0	0.6	0	1	1800	0	34.2	4.0	15
2021104995	2025-01-25	8	0.0	0.5	0	1	2000	0	35.2	4.0	17
2021104995	2025-03-23	11	0.0	1.2	0	1	1800	0	36.2	4.0	16
2021104995	2025-05-25	4	232.0	0.9	1	0	2100	1	36.3	4.0	16
2021104995	2025-07-13	10	0.0	1.0	0	0	1700	0	37.9	4.0	15
2021104995	2025-09-15	6	0.0	1.6	0	0	1800	0	38.9	4.0	14
2021104995	2025-11-24	13	0.0	2.4	0	0	2100	0	38.3	4.0	16
2021105057	2023-07-08	2	290.0	0.2	1	1	1200	0	35.6	0.0	12
2021105057	2023-07-22	1	550.0	0.0	1	1	1200	0	35.3	1.0	15
2021105057	2023-09-23	5	160.0	0.7	1	1	1200	2	36.0	5.0	10
2021105057	2023-11-12	9	0.0	0.9	1	1	1200	0	37.2	5.0	15
2021105057	2024-01-06	6	0.0	0.5	0	1	1200	0	34.9	2.0	13
2021105057	2024-03-10	7	0.0	1.1	0	1	1200	2	35.8	2.0	11
2021105057	2024-04-13	8	0.0	1.2	0	1	1200	0	35.2	2.0	16
2021105057	2024-05-25	5	78.0	0.9	0	1	1400	0	34.4	2.0	15
2021105057	2024-07-13	2	320.0	0.5	0	1	1200	0	34.9	2.0	16
2021105057	2024-08-31	6	0.0	0.6	3	0	1200	2	38.6	2.0	15
2021105057	2024-11-02	7	0.0	0.8	3	0	1150	2	37.3	2.0	15
2021105057	2024-12-08	8	0.0	1.0	0	0	1200	0	38.4	2.0	16
2021105057	2025-02-08	7	0.0	0.9	1	1	1200	2	35.8	2.0	18
2021105057	2025-04-13	12	0.0	1.5	1	1	1200	0	35.8	2.0	16
2021105057	2025-09-21	4	120.0	0.2	1	1	1200	0	34.3	2.0	16
2021105057	2025-10-19	12	0.0	0.8	1	1	1200	2	35.8	2.0	18
2021105057	2025-11-24	13	0.0	0.7	1	1	1200	0	35.5	2.0	16
2021105066	2024-01-21	1	620.0	0.0	2	1	2000	3	37.7	0.0	17
2021105066	2024-03-03	11	0.0	1.8	0	1	2000	0	35.8		11
2021105066	2024-04-13	3	272.3	0.4	0	1	2000	0	34.4	2.0	6
2021105066	2024-06-23	10	0.0	2.0	1	1	1800	2	35.7	2.0	13
2021105066	2024-07-21	2	449.8	0.1	0	1	2000	0	35.0	5.0	13
2021105066	2024-09-07	2	320.0	0.3	0	1	2000	0	33.4	2.0	10
2021105066	2024-09-29	8	0.0	1.2	1	1	2200	0	35.0	2.0	17
2021105066	2024-12-21	2	450.8	0.2	0	1	2200	0	34.2	2.0	18
2021105066	2025-01-12	1	800.0	0.0	1	1	2200	0	34.4	2.0	18
2021105066	2025-03-08	3	393.2	0.3	1	1	2500	0	35.0	5.0	10
2021105066	2025-04-06	1	1577.3	0.0	2	1	2500	0	34.7	5.0	12
2021105066	2025-11-22	6	0.0	0.5	0	1	2400	0	34.4	4.0	16
2021105066	2025-12-27	6	0.0	0.5	1	1	2500	0	34.4	4.0	14
2021105072	2023-07-16	5	72.0	1.1	0	1	1600	0	35.1	0.0	12
2021105072	2024-01-28	3	140.0	0.6	2	1	2000	0	36.0	1.0	15
2021105072	2024-02-24	3	140.0	0.6	0	1	2000	2	35.2	1.0	13
2021105072	2024-03-17	3	140.0	0.3	1	1	2000	0	34.7	1.0	16
2021105072	2024-05-05	3	140.0	0.2	0	1	1800	0	34.4	1.0	16
2021105072	2024-05-26	1	550.0	0.0	0	1	2000	0	34.4	1.0	14
2021105072	2024-09-28	4	120.0	0.3	1	1	2200	0	36.2	2.0	14
2021105072	2024-10-19	10	0.0	1.7	3	1	2200	2	36.6	5.0	10
2021105072	2024-12-07	15	0.0	1.6	1	1	2200	0	36.9	2.0	18
2021105072	2025-03-15	2	320.0	0.1	1	1	2200	0	34.9	2.0	18
2021105072	2025-04-06	4	120.0	0.3	0	1	2000	0	35.8	2.0	11
2021105072	2025-05-18	1	800.0	0.0	1	1	1800	0	35.1	2.0	13
2021105072	2025-06-08	3	392.7	0.3	2	1	1800	0	33.9	5.0	8
2021105072	2025-10-26	4	230.0	0.7	3	1	2000	2	36.1	5.0	16
2021105072	2026-01-17	4	240.0	0.4	0	1	2000	0	34.8	5.0	10
2021105112	2024-02-17	1	620.0	0.0	1	0	1800	2	37.7	0.0	16
2021105112	2024-05-25	3	483.4	1.3	0	0	1800	0	38.3		11
2021105112	2024-06-15	1	800.0	0.0	1	0	1800	0	37.9	2.0	14
2021105112	2024-08-04	3	937.6	0.7	0	0	1800	0	37.7		15
2021105112	2024-10-12	2	460.0	0.6	0	0	1800	0	36.2	3.0	13
2021105112	2025-01-12	1	1592.0	0.0	1	0	1900	0	37.0	5.0	16
2021105112	2025-03-02	1	1861.7	0.0	2	0	1800	0	36.5	4.0	10
2021105112	2025-11-22	13	0.0	3.0	0	0	1900	0	39.4	5.0	16
2021105155	2023-08-20	7	0.0	0.9	1	1	2000	2	36.4	0.0	9
2021105155	2024-03-16	5	55.0	2.2	0	0	1800	2	40.7	1.0	16
2021105155	2024-04-06	9	0.0	1.7	1	0	1800	2	38.8	1.0	12
2021105155	2024-04-28	4	83.0	0.2	0	1	2400	0	35.2	1.0	15
2021105155	2024-05-19	2	220.0	0.0	0	1	2200	0	36.9	1.0	16
2021105155	2024-06-15	1	550.0	0.0	0	1	2000	0	36.1	1.0	16
2021105155	2024-07-13	2	320.0	0.4	0	1	2600	0	36.5	2.0	12
2021105155	2024-08-31	4	120.0	0.6	1	1	2000	1	36.4	2.0	16
2021105155	2024-09-16	8	0.0	1.6	1	1	2200	0	34.9		14
2021105155	2024-10-27	7	0.0	0.7	0	1	2000	0	33.9	5.0	16
2021105155	2024-11-16	2	320.0	0.4	1	1	2000	0	35.9	2.0	16
2021105155	2024-12-07	2	320.0	0.2	0	1	1800	0	34.4	2.0	16
2021105155	2024-12-28	1	800.0	0.0	0	1	1800	0	35.3	2.0	16
2021105155	2025-03-02	4	230.0	0.0	0	1	1800	0	33.4	5.0	11
2021105155	2025-03-29	4	170.0	0.1	3	1	1800	2	36.0	3.0	12
2021105155	2025-04-26	3	393.1	0.4	1	1	1800	0	34.2	5.0	9
2021105155	2025-09-06	1	1568.2	0.0	0	1	2000	0	34.0	5.0	7
2021105155	2025-11-30	3	464.8	0.2	0	1	2000	0	34.2	4.0	15
2021105229	2024-03-17	6	0.0	1.5	0	0	1200	0	38.2	1.0	16
2021105229	2024-05-11	3	140.0	0.6	0	0	1400	0	38.4	1.0	16
2021105229	2024-05-26	14	0.0	1.9	1	0	1400	0	39.1	1.0	16
2021105229	2024-06-16	3	140.0	0.5	1	0	1400	0	37.0	1.0	16
2021105229	2024-07-14	5	55.0	1.0	0	0	1150	2	37.7	1.0	16
2021105229	2024-08-11	4	83.0	1.0	0	0	1200	0	38.3	1.0	14
2021105229	2024-10-29	1	100.0	0.0	3	0	1500	2	41.1	10.0	10
2021105229	2025-03-10	1	120.0	0.0	0	0	1500	2	38.6	11.0	9
2021105229	2025-04-04	9	0.0	1.8	0	0	1600	1	42.1	11.0	10
2021105229	2025-08-27	1	120.0	0.0	0	0	1600	0	38.9	11.0	13
2021105229	2025-10-03	1	180.0	0.0	1	0	1600	0	38.4	11.0	14
2021105229	2025-11-23	6	0.0	0.5	1	0	1600	0	36.1	3.0	16
2021105274	2023-12-02	8	0.0	1.4	0	1	2000	0	35.6	0.0	12
2021105274	2024-01-27	1	550.0	0.0	0	1	2000	0	37.3	1.0	14
2021105274	2024-04-27	8	0.0	1.1	1	1	2200	0	36.1	2.0	12
2021105274	2024-05-11	9	0.0	2.3	0	1	2000	0	35.1	2.0	11
2021105274	2024-10-06	5	111.0	0.5	0	1	2400	0	37.0	5.0	16
2021105274	2024-11-03	3	200.0	0.8	0	1	2600	2	37.2	2.0	14
2021105274	2025-02-23	6	0.0	1.0	1	1	2000	0	36.0	2.0	12
2021105274	2025-04-12	15	0.0	2.5	1	1	2600	0	38.0	2.0	16
2021105274	2025-05-24	2	450.8	0.1	2	1	2000	0	33.8	5.0	16
2021105274	2025-06-22	2	320.0	0.1	0	1	2000	0	35.5	2.0	9
2021105274	2025-07-19	3	200.0	0.6	0	1	2000	0	36.8	2.0	10
2021105274	2025-08-02	12	0.0	1.6	0	1	2000	0	35.9	2.0	13
2021105274	2025-11-09	15	0.0	1.2	1	1	2600	0	35.8	2.0	16
2021105274	2025-11-22	15	0.0	3.8	0	0	1800	0	40.2	2.0	16
2021105321	2023-12-09	1	720.0	0.0	0	0	1800	0	37.1	0.0	9
2021105321	2024-06-15	3	200.0	0.4	0	0	1700	0	39.8	2.0	14
2021105321	2024-06-29	11	0.0	1.8	0	0	1700	0	39.2	2.0	12
2021105321	2024-11-17	5	80.0	1.0	1	0	1700	0	38.4	2.0	15
2021105321	2024-12-08	13	0.0	5.2	0	0	2500	0	45.6	2.0	14
2021105321	2025-03-16	6	0.0	1.2	1	0	1800	1	36.8	2.0	14
2021105321	2025-03-30	3	200.0	0.4	0	0	1800	2	38.5	2.0	9
2021105321	2025-04-27	6	0.0	0.9	0	0	1700	0	38.3	2.0	14
2021105321	2025-10-11	4	120.0	0.2	3	0	1600	2	36.6	2.0	16
2021105321	2025-11-02	11	0.0	1.7	1	0	1600	1	37.1	2.0	15
2021105321	2025-11-16	1	800.0	0.0	0	0	1600	0	35.9	2.0	16
2021105321	2025-12-21	8	0.0	1.2	3	0	1800	1	37.7	3.0	15
2021105321	2026-01-10	8	0.0	1.3	0	0	1800	0	37.9	3.0	13
2021105335	2024-03-30	9	0.0	2.0	0	0	1800	1	39.6	1.0	14
2021105335	2024-08-11	10	0.0	2.2	0	0	1200	0	38.2	1.0	14
2021105335	2024-09-01	9	0.0	2.2	0	0	1200	0	38.7	1.0	15
2021105335	2025-08-10	8	0.0	5.2	1	2	3000	0	13.6	1.0	11
2021105335	2025-10-13	3	210.0	2.0	0	2	3000	0	13.6	1.0	14
2021105335	2025-11-09	3	210.0	0.2	1	2	2750	0	13.4	1.0	9
2021105335	2025-12-07	3	210.0	0.8	0	2	2880	0	14.0	1.0	11
2021105352	2023-10-08	9	0.0	1.0	1	1	2000	0	33.6	0.0	12
2021105352	2023-12-17	2	220.0	0.0	0	1	2000	0	36.1	1.0	18
2021105352	2024-01-13	3	140.0	0.5	0	1	2000	0	34.6	1.0	17
2021105352	2024-03-16	1	550.0	0.0	0	1	2200	0	35.3	1.0	17
2021105352	2024-06-01	2	446.4	0.0	0	1	2400	0	33.4	5.0	10
2021105352	2024-08-31	1	1142.2	0.0	3	1	2200	2	35.8	5.0	14
2021105352	2024-10-27	1	1566.8	0.0	1	1	2400	0	33.8	5.0	7
2021105367	2023-11-25	2	290.0	0.2	1	1	1600	0	33.6	0.0	18
2021105367	2024-02-17	3	140.0	0.1	1	1	1600	0	34.0	1.0	16
2021105367	2024-05-25	2	180.0	0.1	1	1	2000	0	34.3	1.0	11
2021105367	2024-08-17	1	550.0	0.0	0	1	1600	0	33.3	1.0	18
2021105367	2024-10-14	1	800.0	0.0	0	1	1600	0	34.8	2.0	17
2021105367	2025-02-09	11	0.0	1.1	0	1	1800	0	35.9	3.0	11
2021105367	2025-04-05	6	0.0	0.6	0	1	1600	0	35.3	3.0	13
2021105367	2025-05-18	3	393.1	0.3	1	1	1600	0	33.3	3.0	9
2021105367	2025-06-21	3	394.9	0.0	0	1	1400	0	33.9	5.0	14
2021105367	2025-11-09	15	0.0	1.0	1	1	1400	0	33.3	3.0	18
2021105382	2023-11-19	3	180.0	0.2	0	1	1400	0	34.1	0.0	16
2021105382	2023-12-17	1	550.0	0.0	0	1	1600	2	35.3	1.0	12
2021105382	2024-01-06	7	0.0	1.4	0	1	1600	0	35.2		10
2021105382	2024-04-13	15	0.0	1.6	0	1	1600	0	33.5		16
2021105382	2024-07-14	4	170.0	0.8	3	1	1800	3	36.1	5.0	10
2021105382	2025-01-06	9	0.0	1.6	2	0	1800	0	39.4	2.0	16
2021105382	2025-01-19	6	0.0	1.3	0	0	1800	0	39.3	2.0	10
2021105382	2025-02-01	8	0.0	1.0	1	0	1400	0	36.9	2.0	15
2021105382	2025-03-02	13	0.0	0.8	3	1	1200	1	35.4	2.0	17
2021105382	2025-05-18	2	320.0	0.0	1	1	1800	0	34.9	2.0	13
2021105382	2025-06-08	12	0.0	1.1	0	1	1600	0	34.3	2.0	18
2021105382	2025-07-13	3	200.0	0.6	1	1	1800	0	36.6	2.0	16
2021105382	2025-08-03	5	80.0	0.5	0	1	2200	0	34.3	2.0	8
2021105382	2025-09-27	8	0.0	0.4	0	1	2200	0	35.5	2.0	16
2021105382	2025-10-11	6	0.0	1.5	3	1	2000	0	34.5	2.0	10
2021105382	2025-12-27	2	320.0	0.2	0	1	1800	0	33.4	2.0	15
2021105382	2026-01-11	4	120.0	0.5	1	1	2000	0	33.8	2.0	14
2021105459	2023-10-22	2	290.0	0.1	0	1	2000	0	34.8	0.0	8
2021105459	2023-11-26	2	220.0	0.1	1	1	2000	0	35.0	1.0	15
2021105459	2024-03-02	1	550.0	0.0	1	1	2200	2	36.5	1.0	12
2021105459	2024-06-08	4	170.0	0.6	0	1	2600	0	36.3	5.0	15
2021105459	2024-07-13	5	80.0	0.9	0	1	2600	0	36.7	2.0	12
2021105459	2024-09-28	5	80.0	0.5	1	1	2200	0	36.1	2.0	14
2021105459	2024-10-12	5	111.0	0.5	0	1	1800	0	33.3	5.0	12
2021105459	2025-01-25	5	80.0	0.4	0	1	1800	0	34.4	2.0	16
2021105459	2025-02-09	2	320.0	0.0	0	1	2000	2	37.0	2.0	16
2021105459	2025-02-22	2	320.0	0.0	0	1	2000	0	34.6	2.0	16
2021105459	2025-06-01	1	800.0	0.0	0	1	2000	0	36.0	2.0	12
2021105459	2025-06-22	2	625.4	0.5	0	1	2000	0	35.6	5.0	9
2021105459	2025-09-28	9	0.0	0.8	0	1	2000	0	34.4	3.0	13
2021105459	2025-10-19	3	290.0	0.1	1	1	1600	0	33.8	3.0	10
2021105459	2025-12-07	5	155.0	0.3	0	1	1600	0	34.0	5.0	13
2021105489	2023-08-19	1	720.0	0.0	0	1	1200	0	35.3	0.0	13
2021105489	2023-09-16	3	402.1	0.3	0	1	1400	0	34.9	5.0	6
2021105489	2023-11-11	8	0.0	0.9	1	0	1400	0	38.1	2.0	16
2021105489	2024-01-28	1	1092.4	0.0	2	0	1700	0	38.1	2.0	10
2021105489	2024-03-20	4	300.0	2.1	1	0	1700	0	41.4		9
2021105489	2024-05-25	10	0.0	4.8	0	0	1800	0	40.7		11
2021105489	2024-07-20	1	1587.1	0.0	1	0	1700	1	36.8	5.0	16
2021105489	2024-09-21	10	0.0	1.2	1	0	1400	0	37.0	4.0	15
2021105489	2024-11-09	11	0.0	1.1	0	0	1700	0	38.2	4.0	15
2021105489	2025-02-08	7	0.0	1.1	1	0	1700	2	37.9	4.0	15
2021105489	2025-04-20	9	0.0	1.0	1	1	1400	0	35.2	4.0	11
2021105489	2025-07-20	12	0.0	3.8	0	0	1700	0	39.8	4.0	13
2021105489	2025-09-15	14	0.0	3.4	0	0	1800	0	40.3	4.0	14
2021105489	2025-10-25	12	0.0	1.1	1	1	1400	0	33.6	4.0	13
2021105489	2025-12-21	15	0.0	1.9	3	0	1400	1	36.9	4.0	16
2021105496	2023-10-01	4	110.0	0.1	1	1	1800	0	35.7	0.0	14
2021105496	2023-12-03	4	83.0	0.6	0	1	2000	0	34.7	1.0	18
2021105496	2023-12-24	1	550.0	0.0	1	1	2000	0	35.2	1.0	16
2021105496	2024-02-24	3	272.8	0.7	0	1	2200	2	36.3	2.0	7
2021105496	2024-03-24	6	0.0	0.6	2	1	2200	1	35.7	2.0	10
2021105496	2024-04-20	1	1095.9	0.0	0	1	2300	0	34.8	2.0	11
2021105496	2024-06-16	6	0.0	1.0	0	1	2400	0	34.1	5.0	7
2021105496	2024-07-13	7	0.0	1.1	0	1	2600	0	35.9	5.0	12
2021105496	2024-10-13	1	1140.0	0.0	0	0	2100	0	36.2	3.0	16
2021105496	2024-11-16	1	1872.9	0.0	1	0	2100	0	35.4	4.0	15
2021105496	2025-02-10	7	0.0	1.0	0	0	1900	0	36.1	5.0	16
2021105496	2025-03-01	15	0.0	3.2	0	0	2000	0	41.0		16
2021105496	2025-06-21	6	0.0	0.7	0	0	2100	0	38.0	5.0	11
2021105496	2025-08-30	10	0.0	1.8	0	0	1800	0	37.7	5.0	16
2021105496	2025-10-19	6	0.0	0.7	2	0	2100	0	36.9		12
2021105496	2025-11-22	6	0.0	0.9	0	0	1900	0	37.3	5.0	16
2021105639	2023-12-28	2	290.0	0.8	1	1	2000	0	35.4	0.0	15
2021105639	2024-05-04	2	220.0	0.4	0	1	2000	0	36.5	1.0	15
2021105639	2024-05-18	1	550.0	0.0	0	1	2000	0	34.6	1.0	18
2021105639	2024-08-11	3	200.0	0.8	0	1	2000	0	34.2	2.0	11
2021105639	2024-11-23	1	800.0	0.0	0	1	2400	0	34.8	2.0	12
2021105639	2025-02-15	4	230.0	0.8	0	1	2400	0	34.8	5.0	11
2021105639	2025-06-01	8	0.0	0.9	0	1	2400	2	34.8	3.0	16
2021105639	2025-10-11	1	1571.7	0.0	3	1	2400	0	33.5	5.0	10
2021105639	2025-11-22	13	0.0	1.3	0	1	2400	0	35.0	4.0	16
2021105707	2024-02-04	10	0.0	1.2	1	1	1800	0	34.2	0.0	16
2021105707	2024-04-28	1	550.0	0.0	0	0	1600	0	36.5	1.0	16
2021105707	2024-06-16	4	120.0	1.5	0	0	1600	0	37.5	2.0	13
2021105707	2025-02-08	1	800.0	0.0	0	0	1600	0	38.1	2.0	16
2021105707	2025-03-23	8	0.0	1.0	0	0	1800	0	40.3	3.0	15
2021105707	2025-06-15	4	170.0	1.2	0	0	1600	1	35.5	3.0	16
2021105734	2024-04-27	2	220.0	0.7	1	0	1600	2	37.8	1.0	15
2021105734	2024-06-16	2	220.0	0.0	1	0	1600	0	37.1	1.0	16
2021105734	2024-07-07	1	550.0	0.0	0	0	1700	0	38.0	1.0	15
2021105734	2025-07-12	2	320.0	0.3	1	0	1700	0	38.3	2.0	15
2021105734	2025-08-10	13	0.0	1.9	3	0	1800	3	40.0	2.0	15
2021105734	2025-11-02	4	120.0	0.5	1	0	1600	1	37.3	2.0	15
2021105734	2025-11-29	8	0.0	1.1	0	0	1600	0	37.0	2.0	16
2021105839	2023-08-26	2	290.0	1.0	0	0	1700	0	38.8	0.0	13
2021105839	2023-12-02	2	220.0	0.3	0	0	1800	0	38.4	1.0	8
2021105839	2023-12-16	11	0.0	2.8	1	0	1800	2	41.4	1.0	13
2021105839	2024-03-03	2	220.0	0.7	0	0	1800	2	39.8	1.0	15
2021105839	2024-03-23	10	0.0	3.3	3	0	1800	3	39.2	1.0	13
2021105839	2024-08-07	1	120.0	0.0	0	0	1500	0	40.5		12
2021105839	2024-11-02	12	0.0	2.9	2	0	1600	1	38.7	2.0	13
2021105839	2024-11-16	16	0.0	4.1	1	1	2000	0	39.7	2.0	16
2021105839	2025-02-09	17	0.0	1.3	0	1	1200	2	35.6	2.0	17
2021105839	2025-03-08	11	0.0	2.2	1	0	1200	0	37.9	2.0	16
2021105839	2025-03-13	5	40.0	1.4	0	0	1600	1	40.5	13.0	13
2021105839	2025-05-24	11	0.0	1.8	1	0	1200	0	36.9	2.0	14
2021105839	2025-09-28	13	0.0	1.5	0	0	1400	0	38.2	2.0	16
2021105839	2025-10-11	5	80.0	1.2	1	0	1800	0	38.3	2.0	12
2021105839	2025-10-25	11	0.0	2.7	1	0	1800	0	41.3	2.0	11
2021105839	2025-12-20	16	0.0	5.6	2	0	1900	2	40.6	2.0	16
2021105863	2023-06-24	7	0.0	0.9	0	1	1800	0	33.4	0.0	11
2021105863	2023-09-03	1	550.0	0.0	0	1	1400	0	35.7	1.0	15
2021105863	2023-10-22	1	780.0	0.0	0	1	1400	0	33.4	2.0	9
2021105863	2024-02-10	3	956.6	0.3	0	1	1600	0	33.5		13
2021105863	2024-04-06	11	0.0	0.8	1	1	1600	2	35.5		16
2021105863	2024-07-27	6	0.0	0.8	1	1	1600	0	34.2	5.0	18
2021105863	2024-11-03	2	460.0	0.1	0	1	1400	0	33.1	3.0	13
2021105863	2025-02-08	5	155.0	0.4	0	1	1400	0	34.4	3.0	13
2021105863	2025-03-22	5	155.0	0.2	0	1	1400	0	34.1	5.0	17
2021105863	2025-05-17	8	0.0	1.6	3	1	1800	2	35.5	5.0	9
2021105863	2025-07-12	6	0.0	1.1	0	1	1200	0	33.7	3.0	11
2021105863	2025-08-16	3	394.1	0.0	0	1	1200	0	33.3	5.0	13
2021105863	2025-10-26	5	155.0	0.3	1	1	1200	2	33.2	5.0	14
2021105863	2025-12-07	9	0.0	0.6	0	1	1400	0	34.3	3.0	17
2021105867	2023-06-25	3	180.0	1.0	1	1	1800	0	35.0	0.0	7
2021105867	2023-09-16	5	55.0	0.8	0	1	1800	0	33.8	1.0	9
2021105867	2023-10-07	3	140.0	0.2	0	1	2000	0	34.9	1.0	6
2021105867	2023-11-11	4	83.0	1.9	0	1	2000	1	38.2	1.0	10
2021105867	2023-11-26	1	550.0	0.0	1	1	2000	0	35.3	1.0	15
2021105867	2024-02-04	8	0.0	1.1	1	1	2400	0	34.1	2.0	9
2021105867	2024-02-24	9	0.0	1.5	0	1	2200	0	35.3		10
2021105867	2024-03-17	14	0.0	2.4	3	0	1800	0	38.6	2.0	15
2021105867	2024-04-20	7	0.0	0.7	0	1	2300	0	35.4	2.0	11
2021105867	2024-06-16	2	320.0	0.0	0	1	2400	0	34.9	2.0	11
2021105867	2024-06-29	7	0.0	2.0	1	1	2600	0	38.1	5.0	11
2021105867	2024-09-16	1	1132.4	0.0	1	1	2200	0	35.3	5.0	9
2021105867	2024-10-20	3	392.6	0.8	0	1	2200	0	35.4	5.0	8
2021105867	2024-11-09	5	114.0	0.7	0	1	2400	0	35.1	3.0	6
2021105867	2024-12-07	10	0.0	2.2	0	1	2400	0	36.9	3.0	10
2021105867	2025-01-05	10	0.0	2.5	0	1	2200	0	37.3	5.0	11
2021105867	2025-02-01	10	0.0	3.2	1	1	2400	0	37.1	5.0	10
2021105867	2025-05-04	10	0.0	3.9	0	0	1900	0	40.2	5.0	10
2021105867	2025-05-25	9	0.0	3.4	1	0	1900	1	38.7	3.0	9
2021105867	2025-09-28	11	0.0	2.3	1	1	2400	0	35.0	5.0	12
2021105867	2025-10-18	8	0.0	1.5	1	1	2200	0	34.0	5.0	9
2021105867	2025-12-27	6	0.0	1.1	0	1	2000	0	35.3	3.0	9
2021105867	2026-01-17	10	0.0	1.5	0	1	2000	0	35.5	5.0	10
2021105971	2023-10-21	4	110.0	1.6	0	0	1600	0	38.5	0.0	16
2021105971	2023-11-11	4	83.0	1.0	1	0	1600	0	38.8	1.0	13
2021105971	2024-02-04	2	220.0	0.7	1	0	1800	0	38.8	1.0	9
2021105971	2024-02-24	1	550.0	0.0	1	0	1800	2	38.0	1.0	12
2021105971	2024-05-12	8	0.0	2.1	1	0	1800	0	38.4	2.0	16
2021105971	2024-06-09	7	0.0	1.5	1	0	1800	2	38.1	2.0	16
2021105971	2024-09-15	6	0.0	1.8	1	0	1800	1	37.9	2.0	12
2021105971	2024-10-06	6	0.0	1.6	0	0	1800	0	38.9	2.0	11
2021105971	2024-10-20	9	0.0	1.5	0	0	1600	0	37.9	2.0	12
2021105971	2024-11-17	2	320.0	0.1	0	0	1700	0	37.8	2.0	15
2021105971	2025-02-01	1	800.0	0.0	2	0	1700	0	37.6	2.0	16
2021105971	2025-03-01	6	0.0	0.7	1	0	1700	0	36.7	5.0	15
2021105971	2025-04-20	16	0.0	3.0	1	0	1800	0	40.5	5.0	16
2021105971	2025-06-28	6	0.0	2.7	0	0	1700	0	38.6	5.0	14
2021105971	2025-07-26	14	0.0	3.8	2	0	1700	0	39.2	5.0	14
2021105971	2025-11-15	6	0.0	1.2	0	0	1700	0	37.5	5.0	15
2021106237	2024-06-15	4	83.0	0.2	0	1	1400	0	33.3	1.0	18
2021106237	2024-08-03	3	140.0	0.3	0	1	1200	0	35.0	1.0	18
2021106237	2024-08-25	1	550.0	0.0	1	1	1400	0	34.3	1.0	17
2021106237	2025-09-13	4	120.0	0.3	1	1	1400	0	34.8	2.0	18
2021106237	2025-10-18	6	0.0	0.4	1	1	1400	0	33.1	2.0	15
2021106237	2025-11-09	6	0.0	0.3	2	1	1400	1	35.1	2.0	17
2021106237	2026-01-10	1	820.0	0.0	0	1	1400	0	34.4	2.0	18
2021106421	2023-11-12	1	720.0	0.0	1	0	1300	0	36.0	0.0	16
2021106421	2023-12-10	13	0.0	3.1	0	0	1800	0	40.7	2.0	16
2021106421	2024-04-14	5	78.0	1.3	0	0	1200	0	35.8	2.0	16
2021106421	2024-05-12	7	0.0	1.0	1	0	1400	0	35.6	2.0	16
2021106421	2024-06-08	5	80.0	0.4	0	0	1400	0	36.1	2.0	16
2021106421	2024-06-23	8	0.0	0.7	1	0	1400	1	35.6	2.0	16
2021106421	2024-10-27	1	800.0	0.0	0	0	1200	0	35.7	2.0	11
2021106421	2024-11-24	10	0.0	1.3	0	0	1400	0	36.3	3.0	16
2021106421	2024-12-28	7	0.0	1.0	0	0	1200	0	36.6	3.0	16
2021106421	2025-01-18	1	1140.0	0.0	0	0	1200	0	36.4	3.0	16
2021106421	2025-03-01	3	464.8	0.3	0	0	1200	0	36.2	4.0	16
2021106421	2025-03-29	14	0.0	1.2	3	0	1200	2	37.6	4.0	16
2021106421	2025-05-04	7	0.0	0.6	0	0	1200	0	35.1	4.0	16
2021106421	2025-09-28	4	280.0	0.4	0	0	1200	0	37.0	4.0	16
2021106421	2025-11-09	8	0.0	0.6	2	0	1200	3	35.0	4.0	12
2021106421	2025-12-06	10	0.0	1.0	0	0	1200	0	35.8	4.0	16
2021106421	2026-01-12	7	0.0	1.2	0	0	1200	0	36.5	4.0	16
2021106574	2023-10-08	5	72.0	0.5	1	1	2000	0	33.6	0.0	12
2021106574	2023-10-22	7	0.0	1.4	1	1	1800	1	36.3	1.0	9
2021106574	2023-12-09	7	0.0	1.2	0	1	1800	0	35.9	1.0	16
2021106574	2024-02-11	8	0.0	2.3	0	1	1800	0	36.7	1.0	16
2021106574	2024-04-06	5	55.0	1.0	1	0	1800	2	40.0	1.0	12
2021106574	2024-04-28	14	0.0	2.8	0	0	1600	0	40.8	1.0	16
2021106574	2024-05-19	11	0.0	1.7	0	1	1800	0	36.6	1.0	16
2021106574	2025-02-09	8	0.0	3.0	0	2	2860	2	13.8	1.0	12
2021106574	2025-03-02	4	130.0	3.1	3	2	2860	2	14.0	1.0	11
2021106574	2025-04-13	7	0.0	4.9	3	2	2880	0	13.7	1.0	13
2021106574	2025-05-11	2	340.0	0.3	1	2	2890	2	13.5	1.0	14
2021106574	2025-08-02	5	84.0	2.3	0	2	2850	0	13.0	1.0	14
2021106574	2025-08-31	5	84.0	1.1	0	2	2850	0	13.4	1.0	14
2021106574	2025-11-09	2	340.0	0.3	1	2	2750	0	13.4	1.0	10
2021106583	2023-06-17	13	0.0	3.8	0	0	1400	0	39.7	0.0	16
2021106583	2023-12-17	1	550.0	0.0	0	0	1800	0	41.0	1.0	15
2021106583	2024-03-09	11	0.0	7.8	0	1	2000	1	43.6	2.0	11
2021106583	2024-04-07	12	0.0	1.1	0	1	1200	1	35.6	2.0	13
2021106583	2024-06-29	4	120.0	0.3	0	0	1700	0	38.3	2.0	15
2021106583	2024-07-20	7	0.0	0.8	0	0	1700	0	38.4	2.0	15
2021106583	2024-09-15	8	0.0	1.8	0	0	1800	0	40.3	2.0	16
2021106583	2024-12-22	16	0.0	6.6	0	0	1800	0	46.0	2.0	16
2021106583	2025-03-08	8	0.0	4.3	1	2	2880	2	14.0	1.0	9
2021106583	2025-04-06	8	0.0	1.9	1	2	2880	0	13.9	1.0	12
2021106583	2025-07-06	7	0.0	2.1	0	2	2750	0	13.5	1.0	14
2021106583	2025-09-07	5	84.0	1.5	0	2	2880	0	13.9	1.0	13
2021106583	2025-09-27	7	0.0	2.1	1	2	2880	0	13.8	1.0	11
2021106583	2025-10-25	5	80.0	1.1	0	0	1800	0	38.8	2.0	14
2021106583	2025-11-16	15	0.0	3.1	0	0	1700	0	39.0	2.0	15
2021106583	2026-01-24	14	0.0	2.6	0	0	1700	0	40.6	2.0	15
2021106621	2023-10-29	3	180.0	1.3	0	0	1800	0	38.3	0.0	10
2021106621	2023-11-18	6	0.0	2.3	1	0	1800	1	39.4	1.0	16
2021106621	2024-01-14	3	140.0	0.3	0	0	1700	0	39.4	1.0	12
2021106621	2024-02-04	7	0.0	2.4	1	0	1700	1	39.4	1.0	15
2021106621	2024-03-02	6	0.0	0.9	0	0	1800	1	38.9	1.0	12
2021106621	2024-05-26	2	220.0	0.2	0	0	1800	0	38.8	1.0	16
2021106621	2024-06-08	2	220.0	0.3	0	0	1800	0	38.5	1.0	16
2021106621	2024-07-07	1	550.0	0.0	0	0	1700	0	38.1	1.0	16
2021106621	2024-09-15	6	0.0	1.3	1	0	1800	1	37.7	2.0	12
2021106621	2024-10-06	4	120.0	0.6	0	0	1800	2	37.6	2.0	12
2021106621	2024-10-27	3	200.0	0.0	0	0	1800	0	38.7	2.0	11
2021106621	2025-01-05	3	200.0	0.4	0	0	1800	0	36.8	2.0	16
2021106621	2025-01-25	6	0.0	1.8	0	0	1700	0	38.3	2.0	16
2021106621	2025-06-07	4	120.0	0.8	1	0	1800	0	38.6	2.0	9
2021106621	2025-06-28	2	320.0	0.9	0	0	1700	0	37.1	2.0	15
2021106621	2025-08-30	3	200.0	1.5	0	0	1800	0	37.2	2.0	10
2021106621	2025-09-21	7	0.0	0.6	1	0	1800	0	38.3	2.0	13
2021106621	2025-11-01	6	0.0	3.3	1	2	2910	2	13.9	1.0	11
2021106621	2025-11-24	2	340.0	0.2	0	2	2770	0	13.2	1.0	14
2021106621	2025-12-13	3	210.0	1.1	0	2	2970	0	13.9	1.0	12
2021106648	2023-09-18	1	720.0	0.0	0	1	1200	0	34.6	0.0	9
2021106648	2023-10-09	5	107.0	0.1	1	1	1400	1	35.7	2.0	10
2021106648	2024-02-03	8	0.0	1.3	2	1	1200	0	35.7	2.0	12
2021106648	2024-03-02	4	160.0	0.4	0	1	1200	2	35.4	2.0	13
2021106648	2024-03-16	6	0.0	0.7	0	1	1200	0	34.6	2.0	10
2021106648	2024-04-07	9	0.0	2.0	0	0	1400	0	40.1	2.0	16
2021106648	2024-04-21	7	0.0	1.2	2	0	1400	0	38.5	2.0	12
2021106648	2024-05-04	6	0.0	1.0	0	1	1400	0	33.4	2.0	10
2021106648	2025-06-14	12	0.0	1.2	3	1	1200	1	36.3	2.0	16
2021106648	2025-07-06	12	0.0	1.7	0	0	1000	0	36.8	2.0	14
2021106648	2025-07-12	10	0.0	0.9	0	1	1200	0	35.9	2.0	17
2021106811	2023-09-09	4	110.0	1.2	1	1	2000	2	35.4	0.0	10
2021106811	2023-09-24	3	140.0	0.2	0	1	1800	2	36.3	1.0	12
2021106811	2023-10-14	3	140.0	0.3	1	1	2000	0	34.5	1.0	7
2021106811	2023-12-10	3	140.0	1.1	0	1	2000	0	36.4	1.0	18
2021106811	2024-01-06	2	220.0	0.0	0	1	2000	0	34.9	1.0	17
2021106811	2024-01-21	6	0.0	0.8	3	1	2200	3	39.0	1.0	17
2021106811	2024-03-02	2	220.0	0.8	1	1	2200	2	35.4	1.0	18
2021106811	2024-03-30	2	220.0	0.1	0	1	2000	1	35.6	1.0	18
2021106811	2024-04-20	1	550.0	0.0	0	1	2000	0	37.3	1.0	16
2021106811	2024-08-17	9	0.0	0.8	1	1	1500	0	35.9	5.0	13
2021106811	2024-09-01	14	0.0	3.1	0	1	1800	2	38.4	2.0	14
2021106811	2024-11-02	4	170.0	1.2	3	1	2000	1	38.6	5.0	14
2021106811	2024-11-16	5	80.0	0.7	1	1	2000	0	36.5	2.0	16
2021106811	2024-12-07	13	0.0	1.0	0	1	1800	0	35.1	2.0	16
2021106811	2025-02-16	15	0.0	1.0	0	1	2400	0	34.5	2.0	16
2021106811	2025-04-26	2	450.2	0.2	0	1	2000	0	35.2	5.0	13
2021106811	2025-05-11	2	320.0	0.0	1	1	1800	2	35.4	2.0	13
2021106811	2025-06-14	4	170.0	0.3	0	1	2000	0	34.2	5.0	11
2021106811	2025-06-28	4	120.0	0.4	0	1	1800	2	35.7	2.0	16
2021106811	2025-08-31	7	0.0	0.4	1	1	1800	2	36.7	2.0	13
2021106811	2025-09-06	7	0.0	0.6	1	1	2000	0	36.4	5.0	15
2021106811	2025-09-20	6	0.0	0.5	1	1	2000	0	34.7	2.0	18
2021107085	2023-07-09	3	180.0	0.5	0	1	2000	0	36.6	0.0	11
2021107085	2023-07-30	2	220.0	0.0	0	1	1800	0	34.7	1.0	9
2021107085	2023-09-03	1	550.0	0.0	0	1	2000	0	36.2	1.0	13
2021107085	2023-10-07	6	0.0	1.3	0	1	1600	0	35.3		9
2021107085	2024-01-21	7	0.0	1.1	2	1	1800	3	38.5	2.0	11
2021107085	2024-03-02	5	78.0	0.8	1	1	1600	2	35.9	2.0	12
2021107085	2024-04-06	7	0.0	0.5	1	1	2000	0	36.0	2.0	13
2021107085	2024-07-14	3	284.5	0.2	0	1	1800	0	35.5	5.0	13
2021107085	2024-08-24	1	800.0	0.0	0	1	1800	0	35.6	2.0	14
2021107085	2024-09-01	9	0.0	0.4	0	1	2000	2	36.4	3.0	15
2021107085	2024-12-14	11	0.0	0.8	0	1	1800	0	37.5	5.0	16
2021107085	2025-01-19	5	114.0	0.5	1	1	1800	0	34.6	3.0	14
2021107085	2025-02-08	2	630.2	0.1	1	1	2000	2	36.3	3.0	16
2021107085	2025-03-02	5	155.0	0.6	1	1	1800	1	36.4	5.0	16
2021107085	2025-03-29	3	290.0	0.1	3	1	1800	2	36.4	3.0	12
2021107085	2025-06-28	3	394.8	0.4	0	1	2000	0	35.3	5.0	16
2021107085	2025-07-13	11	0.0	2.0	0	1	1800	0	36.0	3.0	11
2021107085	2025-08-24	2	630.4	0.1	0	1	1800	0	35.6	3.0	14
2021107085	2025-09-07	3	394.5	0.3	0	1	1800	2	36.6	3.0	14
2021107085	2025-10-26	3	395.5	0.6	3	1	2000	2	35.4	5.0	16
2021107085	2025-11-22	11	0.0	1.7	0	1	2000	0	35.7	3.0	15
2021107173	2024-01-14	2	250.0	0.0	0	1	1600	0	35.4	0.0	18
2021107173	2024-02-03	1	550.0	0.0	1	1	1800	0	36.1	1.0	12
2021107173	2024-04-07	8	0.0	6.5	0	1	2000	0	41.8		8
2021107173	2024-07-06	2	320.0	0.1	0	1	1800	0	35.3	2.0	16
2021107173	2024-07-21	4	120.0	1.0	1	1	1800	0	37.1	2.0	12
2021107173	2024-10-26	6	0.0	0.5	0	1	1600	0	34.1	5.0	16
2021107173	2024-11-16	5	111.0	0.5	1	1	1800	0	34.5	5.0	16
2021107173	2025-02-16	2	320.0	0.0	1	1	1800	0	35.0	2.0	16
2021107173	2025-03-01	1	800.0	0.0	1	1	1800	0	36.2	2.0	15
2021107173	2025-05-03	7	0.0	0.5	0	1	1800	0	34.6	5.0	10
2021107253	2023-08-05	1	720.0	0.0	0	1	1600	0	33.5	0.0	13
2021107253	2023-10-28	10	0.0	2.0	0	1	1600	0	35.3		10
2021107253	2024-02-03	7	0.0	0.5	1	1	1600	0	33.7		11
2021107253	2024-03-23	4	160.0	0.8	2	1	1800	1	36.0	2.0	7
2021107253	2024-07-06	12	0.0	2.3	0	1	1800	0	38.3	2.0	16
2021107253	2024-08-17	18	0.0	2.2	0	1	1800	0	35.6	2.0	18
2021107253	2024-08-31	7	0.0	1.0	1	1	1600	2	34.5	2.0	17
2021107253	2024-10-14	8	0.0	0.7	0	1	1600	0	35.1	2.0	17
2021107253	2024-11-16	17	0.0	1.8	1	1	1600	0	35.5	2.0	18
2021107253	2025-01-25	9	0.0	0.9	0	1	1800	0	34.4	2.0	16
2021107253	2025-02-16	5	80.0	0.8	1	1	1800	0	35.7	2.0	16
2021107253	2025-03-01	8	0.0	1.0	1	1	1800	0	37.3	2.0	15
2021107253	2025-04-27	4	120.0	0.1	0	1	1800	0	35.3	2.0	16
2021107253	2025-05-18	8	0.0	0.9	1	1	1800	0	35.5	2.0	13
2021107253	2025-07-13	9	0.0	1.2	0	1	1800	0	36.3	2.0	13
2021107253	2025-08-16	10	0.0	2.5	0	1	1800	0	34.5	5.0	11
2021107253	2025-09-06	6	0.0	0.5	0	1	1800	0	33.3	5.0	11
2021107253	2025-11-08	10	0.0	1.1	0	1	1800	0	35.4	2.0	16
2021107253	2025-12-14	10	0.0	1.1	1	1	2000	2	35.8	2.0	18
2021107253	2026-01-25	4	120.0	0.3	0	1	1800	0	36.2	2.0	16
2021110058	2025-01-02	1	56.0	0.0	0	0	1400	0	39.5	9.0	12
2021110058	2025-01-23	2	24.5	0.0	0	0	1400	0	39.9	10.0	10
2021110058	2025-02-26	1	70.0	0.0	0	0	1400	0	39.0	10.0	8
2021110058	2025-04-03	1	70.0	0.0	0	0	1400	0	39.3	10.0	10
2021110058	2025-05-06	1	100.0	0.0	1	0	1400	1	39.2	11.0	11
2021110058	2025-11-08	9	0.0	1.4	0	0	1700	0	39.8	2.0	15
2021110058	2026-01-17	9	0.0	1.1	0	0	1400	0	37.7	2.0	15
2021110121	2023-11-04	9	0.0	2.9	0	0	1600	0	39.7	0.0	16
2021110121	2024-02-25	2	220.0	0.4	2	0	1800	2	39.9	1.0	16
2021110121	2024-03-17	3	140.0	0.5	0	0	1800	0	38.3	1.0	16
2021110121	2024-04-14	3	140.0	1.1	0	0	1800	0	40.0	1.0	15
2021110121	2024-05-12	3	140.0	0.8	1	0	1600	0	37.5	1.0	16
2021110121	2024-05-25	2	220.0	0.7	1	0	1400	0	37.0	1.0	16
2021110121	2024-06-16	2	220.0	0.4	1	0	1400	0	36.5	1.0	16
2021110121	2024-07-06	4	83.0	1.2	1	0	1700	0	38.8	1.0	15
2021110121	2024-08-04	2	220.0	0.6	0	0	1200	0	37.6	1.0	15
2021110121	2024-08-18	2	220.0	0.5	0	0	1200	0	36.8	1.0	15
2021110121	2024-09-01	2	220.0	0.3	0	0	1200	0	37.3	1.0	15
2021110121	2024-11-13	3	14.0	0.3	0	0	1400	0	40.2	10.0	10
2021110121	2024-12-03	1	70.0	0.0	0	0	1400	2	41.3	10.0	12
2021110121	2024-12-19	2	24.5	0.1	0	0	1400	0	38.6	10.0	10
2021110121	2025-02-28	1	90.0	0.0	1	0	1500	0	38.3	5.0	12
2021110121	2025-03-17	1	120.0	0.0	0	0	1400	3	36.9	5.0	11
2021110121	2025-05-10	7	0.0	3.3	1	0	1800	1	38.7	2.0	8
2021110121	2025-11-01	4	120.0	0.6	0	0	1400	1	36.8	2.0	16
2021110121	2025-11-23	10	0.0	1.2	0	0	1400	0	37.0	2.0	16
2021110134	2023-10-09	1	720.0	0.0	3	0	1400	3	37.9	0.0	15
2021110134	2023-12-10	16	0.0	8.0	0	0	1800	0	45.0	2.0	16
2021110134	2024-02-25	9	0.0	2.4	2	0	1200	3	37.3	2.0	10
2021110134	2024-03-10	7	0.0	1.6	0	0	1400	0	38.1	5.0	9
2021110134	2024-04-20	10	0.0	2.0	0	0	1600	0	38.0	2.0	16
2021110134	2024-05-18	9	0.0	4.3	0	0	1600	0	39.8	2.0	10
2021110134	2024-06-27	6	0.0	2.8	1	0	1400	0	40.6	5.0	9
2021110134	2024-11-16	9	0.0	1.0	2	0	1400	0	38.0	2.0	16
2021110134	2024-11-26	2	160.0	0.3	0	0	1700	0	39.4	13.0	12
2021110134	2024-12-28	13	0.0	2.8	0	0	1800	0	41.1	2.0	16
2021110134	2025-02-05	4	60.0	1.0	0	0	1600	2	40.9	13.0	11
2021110134	2025-11-08	4	120.0	0.8	0	0	1300	0	37.2	2.0	16
2021110134	2025-11-23	12	0.0	2.0	0	0	1400	0	39.0	2.0	16
2021110134	2026-01-17	13	0.0	2.0	0	0	1400	0	38.5	2.0	15
2021110136	2023-10-28	3	180.0	0.8	0	0	1400	0	39.2	0.0	11
2021110136	2023-12-02	5	55.0	0.8	0	0	1400	0	38.1	1.0	16
2021110136	2024-02-25	12	0.0	4.7	2	0	1400	3	42.4	1.0	14
2021110136	2024-05-18	1	550.0	0.0	0	0	1200	0	36.9	1.0	16
2021110136	2024-10-20	2	320.0	0.3	0	0	1200	2	37.2	2.0	13
2021110136	2024-11-03	1	800.0	0.0	0	0	1150	1	35.5	2.0	10
2021110136	2024-12-01	1	1140.0	0.0	0	0	1200	0	36.7	3.0	16
2021110136	2024-12-22	12	0.0	1.7	0	0	1200	0	39.2	4.0	16
2021110136	2025-03-01	6	0.0	1.0	0	0	1200	0	37.6	4.0	16
2021110136	2025-04-13	5	184.0	0.1	3	0	1150	0	38.0	4.0	16
2021110136	2025-06-15	15	0.0	1.9	0	0	1200	1	38.5	4.0	16
2021110136	2025-07-12	8	0.0	0.6	0	0	1000	0	36.2	4.0	10
2021110136	2025-11-15	5	184.0	0.2	0	0	1150	0	37.1	4.0	16
2021110162	2024-04-27	11	0.0	3.6	1	0	1800	0	41.1	1.0	15
2021110162	2024-05-11	11	0.0	2.8	0	0	1900	0	42.8	1.0	13
2021110162	2024-12-14	13	0.0	1.4	0	0	1800	0	38.8	2.0	16
2021110162	2025-03-30	8	0.0	1.2	1	0	1200	0	36.7	3.0	14
2021110162	2025-05-17	10	0.0	2.5	3	0	1600	3	37.2	2.0	13
2021110162	2025-06-20	1	70.0	0.0	0	0	1230	0	39.4	10.0	12
2021110162	2025-11-26	1	80.0	0.0	0	0	1230	2	39.2	10.0	10
2021110162	2025-12-17	1	100.0	0.0	1	0	1230	0	38.1	11.0	12
2022100511	2024-12-28	6	0.0	1.1	0	0	1200	0	37.6	0.0	16
2022100511	2025-02-16	1	560.0	0.0	1	0	1700	0	37.1	1.0	16
2022100511	2025-05-03	4	120.0	0.3	0	1	1400	0	32.6	2.0	9
2022100511	2025-05-18	5	80.0	1.2	1	1	1600	0	34.5	2.0	10
2022100511	2025-09-14	7	0.0	0.9	1	1	1600	0	33.9	2.0	16
2022100511	2025-10-05	5	80.0	0.2	0	1	1400	0	33.3	2.0	18
2022100511	2025-10-26	2	320.0	0.2	1	0	1600	3	35.9	2.0	13
2022100511	2025-11-24	2	320.0	0.0	0	0	1700	0	38.1	2.0	15
2022100619	2024-10-12	2	290.0	0.1	0	1	2000	0	34.3	0.0	13
2022100619	2024-10-27	1	550.0	0.0	0	1	2000	0	35.7	1.0	12
2022100619	2024-11-10	4	160.0	1.1	0	1	2000	0	35.0	2.0	8
2022100619	2025-03-09	14	0.0	2.3	0	1	2000	2	38.7		14
2022100619	2025-04-05	2	445.6	0.3	0	1	2400	0	36.0	2.0	9
2022100619	2025-04-26	9	0.0	0.8	1	1	2400	0	34.6		13
2022100619	2025-06-01	8	0.0	0.7	0	1	1800	0	35.8		11
2022100619	2025-11-09	10	0.0	0.8	1	1	2600	0	35.9	2.0	16
2022100619	2025-11-24	2	453.2	0.2	1	1	2600	0	35.4	5.0	16
2022100619	2025-12-13	2	320.0	0.5	1	1	2200	0	34.3	2.0	18
2022100626	2025-07-12	3	140.0	0.8	0	1	2000	0	37.5	1.0	18
2022100626	2025-08-10	7	0.0	0.4	1	1	1600	0	33.7	1.0	15
2022100626	2025-09-07	1	560.0	0.0	0	1	2000	0	35.9	1.0	16
2022100626	2025-11-08	6	0.0	0.6	0	1	2000	0	35.0	2.0	14
2022100626	2025-12-14	3	200.0	0.3	1	1	2000	2	34.9	2.0	18
2022100725	2024-12-21	2	290.0	0.6	1	1	1600	0	35.6	0.0	17
2022100725	2025-01-11	12	0.0	1.7	0	1	1600	0	36.9	1.0	16
2022100725	2025-03-22	4	84.0	1.9	0	0	1400	0	39.1	1.0	16
2022100725	2025-04-12	15	0.0	1.6	0	1	1600	0	35.8	1.0	18
2022100725	2025-06-14	7	0.0	1.6	0	0	1700	0	38.6	1.0	14
2022100725	2025-06-28	5	56.0	1.9	0	0	1700	2	40.3	1.0	12
2022100725	2025-09-04	1	150.0	0.0	1	0	1400	0	39.5	5.0	8
2022100725	2025-09-20	8	0.0	1.2	1	0	1400	0	37.6	2.0	16
2022100725	2025-11-24	5	80.0	0.5	0	0	1700	0	38.5	2.0	15
2022100725	2025-12-14	8	0.0	0.8	1	0	1800	2	39.5	2.0	15
2022100792	2025-04-19	4	84.0	1.5	0	1	1600	0	34.9	1.0	16
2022100792	2025-05-11	7	0.0	0.9	1	1	1600	0	35.4	1.0	16
2022100792	2025-05-31	3	140.0	0.5	1	1	1800	0	34.7	1.0	18
2022100792	2025-07-13	3	140.0	0.1	1	1	1800	0	36.1	1.0	16
2022100792	2025-08-03	2	220.0	0.2	0	1	2000	0	33.8	1.0	17
2022100792	2025-08-24	4	84.0	0.3	0	1	2000	0	34.3	1.0	15
2022100792	2025-12-14	7	0.0	0.8	1	1	2000	2	35.0	2.0	18
2022100979	2024-07-20	5	72.0	1.6	1	1	2000	0	36.2	0.0	10
2022100979	2024-08-04	4	83.0	0.3	0	1	2000	0	35.7	1.0	8
2022100979	2024-08-17	6	0.0	0.8	1	1	1800	0	35.5	1.0	10
2022100979	2024-09-01	8	0.0	1.6	0	1	2000	2	38.8	1.0	12
2022100979	2024-09-16	5	55.0	0.6	1	1	1800	0	35.1	1.0	12
2022100979	2025-03-29	5	56.0	0.4	3	1	1800	2	37.8	1.0	16
2022100979	2025-04-20	6	0.0	0.8	1	1	2000	0	35.1	1.0	16
2022100979	2025-05-11	2	220.0	0.2	0	1	2000	0	35.5	1.0	12
2022100979	2025-05-31	2	220.0	0.0	3	1	2000	2	35.6	1.0	16
2022100979	2025-06-29	9	0.0	0.8	0	1	2000	0	35.1	1.0	15
2022100979	2025-07-27	7	0.0	0.5	0	1	2200	0	35.5	1.0	11
2022100979	2025-08-16	8	0.0	0.6	0	1	2000	0	35.3	1.0	17
2022100979	2025-08-30	3	140.0	0.2	0	1	1800	0	35.0	1.0	18
2022100979	2025-09-14	17	0.0	2.1	1	1	2000	0	36.6	1.0	18
2022100979	2025-11-22	14	0.0	19.0	0	2	2770	0	14.5	1.0	14
2022100994	2024-08-17	3	180.0	0.3	0	0	1800	0	38.3	0.0	15
2022100994	2024-11-09	6	0.0	1.0	0	0	1600	0	38.7	1.0	16
2022100994	2025-02-02	1	560.0	0.0	3	0	1600	2	36.7	1.0	16
2022100994	2025-11-02	2	320.0	0.2	1	0	1600	1	36.5	2.0	15
2022100994	2025-11-29	3	200.0	0.3	0	0	1600	0	36.3	2.0	16
2022101039	2024-11-03	4	110.0	0.4	0	1	1200	2	33.7	0.0	14
2022101039	2024-11-24	8	0.0	0.9	1	1	1600	0	35.4	1.0	18
2022101039	2025-01-25	6	0.0	0.6	0	1	1400	0	35.6	1.0	18
2022101039	2025-02-15	12	0.0	1.6	0	0	1000	0	36.6	1.0	14
2022101039	2025-05-03	3	140.0	0.6	0	1	1600	2	33.7	1.0	18
2022101039	2025-05-24	9	0.0	0.7	2	1	1400	0	35.7	1.0	17
2022101039	2025-06-28	1	560.0	0.0	0	1	1200	2	34.4	1.0	15
2022101039	2025-07-13	3	200.0	0.0	0	1	1200	0	34.9	2.0	8
2022101039	2025-08-30	5	80.0	0.6	1	1	1200	2	35.1	2.0	15
2022101039	2025-09-07	5	80.0	0.4	0	1	1200	2	35.0	2.0	16
2022101044	2024-11-10	5	72.0	1.3	1	0	1300	0	36.8	0.0	16
2022101044	2024-12-01	10	0.0	1.5	0	0	1200	0	37.9	1.0	15
2022101044	2025-02-15	4	84.0	0.7	0	0	1700	0	38.2	1.0	14
2022101044	2025-03-01	1	560.0	0.0	1	0	1700	0	38.6	1.0	16
2022101044	2025-04-26	9	0.0	2.3	0	0	1800	0	40.1	2.0	12
2022101044	2025-06-15	3	200.0	1.0	1	0	1700	0	38.1	2.0	11
2022101044	2025-06-28	3	200.0	0.3	0	0	1700	2	37.9	2.0	14
2022101044	2025-08-02	10	0.0	1.9	0	0	1700	0	39.7	2.0	11
2022101044	2025-11-16	7	0.0	1.0	0	0	1700	0	39.7	2.0	15
2022101044	2026-01-24	7	0.0	1.3	0	0	1700	0	38.9	2.0	15
2022101139	2025-02-02	12	0.0	2.8	1	1	1800	2	36.8	0.0	17
2022101139	2025-03-02	8	0.0	3.1	1	0	1700	2	39.1	1.0	16
2022101139	2025-03-16	8	0.0	4.6	1	0	1900	1	39.4	1.0	13
2022101139	2025-05-31	11	0.0	2.5	1	0	1800	0	38.6	1.0	15
2022101139	2025-06-14	6	0.0	1.8	2	0	2000	2	40.7	1.0	16
2022101139	2025-06-22	9	0.0	2.8	1	0	1800	0	40.1	1.0	14
2022101139	2025-07-20	13	0.0	1.5	0	1	2000	0	36.5	1.0	18
2022101139	2025-08-09	10	0.0	1.8	1	0	1800	0	37.8	1.0	15
2022101139	2025-12-14	5	84.0	2.4	3	2	2880	2	13.9	1.0	14
2022101139	2026-01-12	4	130.0	1.3	0	2	2880	0	13.6	1.0	14
2022101389	2024-11-02	10	0.0	1.3	2	0	1600	1	36.3	0.0	16
2022101389	2024-11-30	6	0.0	1.0	0	0	1800	2	38.8	1.0	15
2022101389	2025-01-26	5	56.0	1.4	0	0	1800	0	39.2	1.0	15
2022101389	2025-02-08	2	220.0	0.7	0	0	1600	0	37.4	1.0	16
2022101389	2025-03-09	2	220.0	0.3	0	0	1800	1	39.2	1.0	16
2022101389	2025-05-04	2	220.0	0.7	0	0	1600	2	36.3	1.0	16
2022101389	2025-06-01	2	220.0	0.6	0	0	1600	1	35.9	1.0	16
2022101389	2025-06-29	2	220.0	0.3	1	0	1700	0	37.7	1.0	9
2022101389	2025-07-20	2	220.0	0.8	0	0	1700	0	38.4	1.0	14
2022101389	2025-08-31	1	560.0	0.0	1	0	1700	2	37.4	1.0	14
2022101389	2025-12-21	2	320.0	0.0	1	0	1800	1	37.6	2.0	15
2022101389	2026-01-11	1	820.0	0.0	0	0	1800	0	38.4	2.0	16
2022101412	2025-03-30	10	0.0	0.9	0	1	1200	0	34.7	1.0	18
2022101412	2025-04-06	14	0.0	2.6	1	0	1200	2	39.7	1.0	16
2022101412	2025-06-21	4	84.0	0.2	1	1	1200	0	35.1	1.0	16
2022101412	2025-07-12	3	140.0	0.8	0	1	1200	0	35.6	1.0	14
2022101412	2025-07-26	2	220.0	0.0	1	1	1500	0	34.8	1.0	14
2022101412	2025-08-16	1	560.0	0.0	0	1	1500	0	35.4	1.0	14
2022101412	2025-10-25	1	800.0	0.0	1	1	1400	0	34.9	2.0	17
2022101412	2025-12-21	14	0.0	0.9	1	1	1400	2	35.8	5.0	18
2022101412	2026-01-10	14	0.0	1.5	0	1	1600	0	35.7	3.0	16
2022101431	2024-12-28	5	72.0	0.9	0	0	1200	0	39.7	0.0	16
2022101431	2025-01-12	11	0.0	2.3	1	0	1400	0	39.5	1.0	16
2022101431	2025-01-18	5	56.0	3.8	0	0	1800	0	41.2	1.0	11
2022101431	2025-02-02	11	0.0	4.3	1	0	1700	3	42.7	1.0	15
2022101431	2025-04-19	1	560.0	0.0	0	1	1200	0	35.0	1.0	16
2022101431	2025-06-28	9	0.0	1.3	0	1	1200	0	36.0	2.0	14
2022101431	2025-10-18	13	0.0	1.8	1	0	1200	0	39.4	2.0	15
2022101431	2025-11-22	7	0.0	0.3	0	1	1200	0	35.1	2.0	16
2022101431	2026-02-01	12	0.0	1.0	1	1	1200	0	35.1	2.0	18
2022101469	2024-10-19	12	0.0	2.3	0	1	2000	0	35.9	0.0	13
2022101469	2024-11-16	12	0.0	2.5	1	0	1600	0	39.7	1.0	16
2022101469	2025-01-06	13	0.0	5.3	1	0	1800	0	44.1	1.0	16
2022101469	2025-02-25	1	300.0	0.0	0	0	1400	0	39.6	5.0	12
2022101469	2025-03-16	7	0.0	1.8	3	1	1200	1	38.2	2.0	8
2022101469	2025-03-29	5	80.0	0.9	3	1	1200	2	37.1	2.0	10
2022101469	2025-05-24	1	795.7	0.0	2	1	1000	0	32.3	2.0	15
2022101469	2025-08-10	4	230.0	0.4	3	1	1000	1	33.4	5.0	18
2022101469	2025-08-31	8	0.0	1.2	0	1	1000	0	33.3	5.0	12
2022101469	2025-10-19	9	0.0	1.1	1	1	1000	0	33.5	5.0	18
2022101469	2025-12-07	16	0.0	3.4	0	0	1200	0	40.3	3.0	16
2022101548	2025-01-05	10	0.0	3.0	0	0	1800	0	40.1	0.0	16
2022101548	2025-03-02	16	0.0	8.3	0	0	1800	0	47.3	1.0	16
2022101548	2025-05-18	6	0.0	1.5	1	0	1800	2	41.2	1.0	13
2022101548	2025-08-02	4	84.0	0.8	0	0	1800	0	40.0	1.0	15
2022101548	2025-08-24	15	0.0	6.4	0	0	1800	0	44.3	1.0	15
2022101548	2025-11-29	8	0.0	2.2	0	2	2910	0	14.0	1.0	9
2022101573	2024-06-30	11	0.0	1.5	1	1	1800	0	35.7	0.0	16
2022101573	2024-09-01	3	140.0	0.3	0	1	2000	0	36.7	1.0	11
2022101573	2024-09-28	4	83.0	0.4	1	1	2000	0	36.5	1.0	16
2022101573	2024-10-19	5	55.0	1.4	0	1	2000	0	35.8	1.0	7
2022101573	2024-11-03	9	0.0	2.3	0	0	1600	1	40.4	1.0	15
2022101573	2025-01-12	6	0.0	0.6	1	1	2000	0	36.7	1.0	18
2022101573	2025-02-08	9	0.0	1.6	0	1	2400	0	36.5	1.0	18
2022101573	2025-04-12	11	0.0	2.8	0	0	1800	2	40.9	1.0	13
2022101573	2025-05-10	1	560.0	0.0	1	1	1400	2	34.6	1.0	16
2022101573	2025-05-31	9	0.0	1.1	2	1	1400	2	34.9	2.0	11
2022101573	2025-08-30	1	1149.9	0.0	0	1	1400	0	34.6	5.0	18
2022101573	2025-10-05	6	0.0	0.4	1	1	1400	0	34.5	3.0	17
2022101573	2025-11-09	2	460.0	0.1	1	1	1400	0	33.0	3.0	18
2022101579	2024-10-02	3	50.0	0.2	0	0	820	0	37.9		6
2022101579	2024-11-14	1	90.0	0.0	0	0	820	0	36.6	1.0	12
2022101579	2024-11-27	3	26.0	1.2	0	0	1400	1	41.2	5.0	7
2022101579	2025-02-12	8	0.0	0.7	1	0	800	0	37.8		10
2022101579	2025-03-11	8	0.0	1.6	1	0	1230	1	41.5		9
2022101579	2025-03-27	6	0.0	1.3	1	0	1230	0	41.1		7
2022101579	2025-06-27	1	180.0	0.0	1	0	800	2	35.4		10
2022101579	2025-07-25	8	0.0	1.3	0	0	800	0	36.7		11
2022101579	2025-08-15	6	0.0	1.8	0	0	800	0	35.6		9
2022101579	2025-09-11	6	0.0	0.8	0	0	900	2	38.4		12
2022101579	2025-09-26	1	180.0	0.0	0	0	800	0	35.6		12
2022101605	2025-01-05	6	0.0	1.2	0	1	2000	0	35.6	0.0	18
2022101605	2025-01-26	6	0.0	0.6	0	1	2000	0	35.5	1.0	17
2022101605	2025-02-16	5	56.0	0.1	1	1	2000	0	36.4	1.0	14
2022101605	2025-03-01	7	0.0	0.6	1	1	2000	0	36.2	1.0	18
2022101605	2025-03-23	5	56.0	0.5	0	1	2000	0	35.4	1.0	17
2022101605	2025-04-19	7	0.0	0.9	0	1	1800	0	35.4	1.0	15
2022101605	2025-05-10	4	84.0	0.8	1	1	2000	2	37.3	1.0	16
2022101605	2025-05-25	6	0.0	0.8	2	1	2200	2	38.0	1.0	16
2022101605	2025-06-15	6	0.0	0.8	1	1	2200	1	36.7	1.0	15
2022101605	2025-07-20	1	560.0	0.0	0	1	2000	0	35.9	1.0	18
2022101605	2025-12-07	2	448.2	0.0	0	1	2200	0	34.6	5.0	10
2022101605	2025-12-21	2	320.0	0.1	3	1	2200	1	35.5	2.0	18
2022101605	2026-01-11	5	82.0	0.6	1	1	2000	0	34.2	2.0	14
2022101608	2024-06-16	6	0.0	1.0	0	1	1600	0	34.6	0.0	10
2022101608	2024-07-06	3	140.0	1.0	0	1	1800	0	38.1	1.0	9
2022101608	2024-12-07	4	83.0	0.8	0	1	2000	0	35.0	1.0	10
2022101608	2025-01-18	10	0.0	2.0	0	1	2000	0	36.5	1.0	18
2022101608	2025-02-16	1	560.0	0.0	1	1	2000	0	36.3	1.0	14
2022101608	2025-03-15	6	0.0	0.8	2	1	2400	0	34.7	2.0	12
2022101608	2025-05-10	10	0.0	1.3	1	1	2200	2	35.1		10
2022101608	2025-06-15	2	320.0	1.0	1	1	2000	2	36.0	2.0	10
2022101608	2025-07-05	3	283.1	0.6	0	1	2000	0	36.7	2.0	8
2022101608	2025-08-30	5	80.0	0.5	0	1	2000	0	33.8	2.0	8
2022101684	2024-09-28	8	0.0	2.2	1	0	1800	0	39.7	0.0	16
2022101684	2024-12-07	7	0.0	2.1	0	0	1800	0	41.0	1.0	12
2022101684	2025-02-15	4	84.0	0.3	0	0	1400	0	38.6	1.0	16
2022101684	2025-02-23	5	56.0	0.5	0	0	1400	0	37.5	1.0	16
2022101684	2025-04-26	4	84.0	0.3	1	0	1400	2	36.6	1.0	16
2022101684	2025-05-18	3	140.0	0.1	0	0	1400	1	35.5	1.0	16
2022101684	2025-06-08	4	84.0	0.9	1	0	1400	0	36.4	1.0	16
2022101684	2025-08-16	1	560.0	0.0	0	0	1700	0	38.2	1.0	14
2022101684	2025-08-30	2	320.0	0.5	1	0	1700	1	36.8	2.0	11
2022101684	2025-12-07	11	0.0	2.3	0	0	1800	0	38.5	2.0	16
2022101684	2025-12-21	11	0.0	1.2	1	0	1800	1	38.6	2.0	15
2022101925	2024-07-27	5	72.0	0.9	0	0	1200	0	38.2	0.0	14
2022101925	2024-08-10	11	0.0	2.5	0	0	1200	0	38.6	1.0	16
2022101925	2024-10-26	13	0.0	2.5	1	0	1400	0	40.0	1.0	13
2022101925	2024-11-10	11	0.0	1.4	0	1	1600	0	35.3	1.0	14
2022101925	2024-12-01	5	55.0	1.2	0	1	2000	0	35.6	1.0	8
2022101925	2025-02-01	12	0.0	1.2	1	1	2000	0	36.0	1.0	15
2022101925	2025-02-16	1	560.0	0.0	1	1	2000	2	36.3	1.0	14
2022101925	2025-03-30	3	282.8	0.6	0	1	2000	0	36.2	2.0	7
2022101925	2025-06-22	1	800.0	0.0	0	1	2000	0	35.7	2.0	9
2022101925	2025-08-16	8	0.0	1.2	0	1	2000	0	35.3	5.0	8
2022101925	2025-10-04	10	0.0	1.5	1	1	2000	1	36.9	3.0	12
2022101925	2025-10-25	5	114.0	0.4	1	1	1800	0	34.4	3.0	12
2022101925	2026-01-25	8	0.0	1.7	0	1	2000	0	36.9	3.0	10
2022102097	2024-08-17	9	0.0	2.4	0	1	1200	0	35.0	0.0	18
2022102097	2024-09-16	12	0.0	3.6	1	1	1800	0	36.3	1.0	12
2022102097	2024-10-05	4	83.0	1.1	1	0	1800	1	38.7	1.0	12
2022102097	2024-10-20	3	140.0	3.6	0	0	1800	2	40.7	1.0	9
2022102097	2024-11-16	7	0.0	2.9	0	0	1700	0	39.7	1.0	15
2022102097	2025-01-25	7	0.0	2.4	0	0	1700	0	38.9	1.0	12
2022102097	2025-02-15	9	0.0	1.4	0	0	1700	0	38.7	1.0	14
2022102097	2025-04-20	2	220.0	0.0	1	0	1700	0	39.6	1.0	15
2022102097	2025-05-10	1	560.0	0.0	1	0	1800	2	38.6	1.0	15
2022102097	2025-05-25	12	0.0	2.6	1	0	1800	1	37.9	2.0	16
2022102097	2025-07-20	10	0.0	2.1	0	0	1700	0	38.2	2.0	15
2022102295	2024-11-02	11	0.0	1.9	3	1	1600	1	36.7	0.0	14
2022102295	2025-03-15	3	140.0	0.1	1	1	2000	0	35.6	1.0	18
2022102295	2025-03-29	8	0.0	1.3	0	1	2000	0	36.5	1.0	15
2022102295	2025-05-10	1	560.0	0.0	1	1	2000	2	36.7	1.0	16
2022102295	2025-05-24	7	0.0	1.6	1	1	1800	0	34.9	2.0	9
2022102295	2025-08-02	9	0.0	0.9	0	1	2000	0	35.1	2.0	13
2022102295	2025-08-23	5	80.0	1.0	0	1	2000	0	33.9	2.0	8
2022102295	2025-09-06	3	200.0	0.6	0	1	2000	0	36.6	2.0	9
2022102303	2024-09-15	5	72.0	1.8	1	1	2000	2	38.4	0.0	9
2022102303	2024-10-05	6	0.0	1.3	0	1	1800	0	35.8	1.0	8
2022102303	2024-10-27	5	55.0	1.5	0	0	1800	0	38.8	1.0	13
2022102303	2024-11-10	6	0.0	2.6	0	0	1800	0	40.5	1.0	10
2022102303	2025-03-19	4	7.0	0.6	0	0	1400	0	40.9	5.0	8
2022102303	2025-03-30	5	56.0	1.8	0	0	1800	0	39.8	1.0	9
2022102303	2025-04-19	10	0.0	2.8	0	0	1800	0	41.6	1.0	13
2022102303	2025-07-13	5	56.0	0.4	1	1	1800	0	36.5	1.0	16
2022102303	2025-07-27	3	140.0	0.1	0	1	2200	0	34.8	1.0	11
2022102303	2025-08-10	2	220.0	0.1	1	1	2000	0	33.9	1.0	14
2022102303	2025-08-24	2	220.0	0.1	0	1	2000	0	34.1	1.0	15
2022102303	2025-09-07	2	220.0	0.3	0	1	2000	0	35.9	1.0	16
2022102303	2025-09-15	1	560.0	0.0	0	1	2200	0	34.9	1.0	18
2022102303	2025-12-07	5	111.0	0.7	0	1	2200	0	34.0	5.0	10
2022102303	2025-12-21	5	80.0	0.9	3	1	2200	1	36.6	2.0	18
2022102303	2026-01-18	2	330.0	0.0	0	1	2400	0	35.5	2.0	12
2022102435	2025-01-11	5	62.0	1.3	0	0	1200	2	38.1	0.0	16
2022102435	2025-01-26	8	0.0	1.3	0	0	1700	0	40.8	1.0	13
2022102435	2025-02-22	2	220.0	0.2	0	0	1700	0	37.8	1.0	16
2022102435	2025-04-19	1	560.0	0.0	0	0	1700	0	39.2	1.0	15
2022102435	2025-06-28	10	0.0	2.8	0	0	1700	0	40.1	2.0	15
2022102435	2025-07-27	2	320.0	0.2	0	0	1700	3	38.3	2.0	13
2022102435	2025-08-09	6	0.0	0.6	0	0	1700	1	39.5	2.0	11
2022102435	2025-09-06	1	800.0	0.0	1	0	1700	0	39.1	2.0	14
2022102435	2025-10-12	1	1140.0	0.0	2	0	1800	0	37.0	3.0	14
2022102435	2025-11-16	14	0.0	3.2	0	0	1800	0	40.2	4.0	14
2022102550	2024-12-28	10	0.0	2.2	0	1	2000	0	36.9	0.0	16
2022102550	2025-01-26	11	0.0	1.6	0	1	1800	0	36.6	1.0	14
2022102550	2025-03-01	1	560.0	0.0	1	1	1800	0	35.0	1.0	16
2022102550	2025-03-29	9	0.0	0.9	0	1	1800	0	34.9	2.0	14
2022102550	2025-04-13	6	0.0	0.7	3	1	2000	2	35.9		8
2022102550	2025-08-03	11	0.0	1.6	0	1	2000	0	36.1	2.0	11
2022102550	2025-08-23	11	0.0	1.5	0	1	1800	2	36.3	2.0	13
2022102550	2025-09-14	14	0.0	1.3	1	1	1600	0	33.6	2.0	14
2022102550	2025-12-14	4	120.0	0.3	1	1	2000	2	34.5	2.0	18
2022102550	2025-12-27	13	0.0	1.4	0	1	1800	0	34.5	2.0	15
2022102550	2026-01-11	7	0.0	0.9	1	1	2000	0	34.6	2.0	14
2022102604	2025-05-11	1	560.0	0.0	1	1	2200	0	34.1	1.0	12
2022102604	2025-06-21	6	0.0	0.5	0	1	2400	0	35.2	2.0	10
2022102604	2025-09-21	7	0.0	0.9	1	1	2400	0	33.0		10
2022102604	2025-11-02	13	0.0	1.3	0	1	2200	0	35.3	2.0	16
2022102604	2025-12-21	3	200.0	0.6	3	1	2200	1	35.6	2.0	18
2022102604	2026-01-11	6	0.0	0.6	1	1	2000	0	34.5	2.0	14
2022102716	2025-02-22	2	250.0	0.8	0	0	1400	0	39.0	0.0	15
2022102716	2025-03-16	1	560.0	0.0	2	0	1400	2	38.4	1.0	16
2022102716	2025-06-07	4	120.0	0.9	1	0	1400	0	37.6	2.0	16
2022102716	2025-06-22	7	0.0	1.1	0	0	1400	0	38.8	2.0	16
2022102716	2025-09-20	3	200.0	0.1	1	0	1400	0	37.7	2.0	16
2022102716	2025-10-11	2	320.0	0.1	0	0	1400	0	36.9	2.0	16
2022102716	2025-10-26	2	320.0	0.3	1	0	1400	1	36.9	2.0	11
2022102716	2026-01-12	13	0.0	1.4	0	0	1400	0	38.2	2.0	16
2022102716	2026-01-25	3	210.0	0.6	0	0	1200	0	36.5	2.0	15
2022102796	2024-10-12	8	0.0	1.0	0	0	1800	0	39.4	0.0	16
2022102796	2024-11-09	1	550.0	0.0	0	0	1800	0	38.5	1.0	14
2022102796	2025-01-18	10	0.0	1.6	0	0	1800	0	37.8	2.0	16
2022102796	2025-02-22	7	0.0	0.9	1	1	2000	0	35.2	2.0	9
2022102796	2025-03-30	6	0.0	2.2	0	1	2200	0	36.1	2.0	7
2022102796	2025-05-24	7	0.0	0.8	3	1	1600	2	36.3	2.0	13
2022102796	2025-10-04	13	0.0	0.8	1	1	1200	1	33.2	2.0	18
2022102796	2025-10-18	11	0.0	0.9	1	1	1400	0	33.6	2.0	15
2022102796	2026-01-25	5	82.0	0.9	0	0	1200	0	37.0	2.0	15
2022102878	2024-06-30	6	0.0	0.7	1	1	1800	0	35.9	0.0	11
2022102878	2024-08-18	7	0.0	0.8	1	1	1500	0	37.0	1.0	9
2022102878	2024-08-24	5	55.0	1.2	0	1	1200	0	35.5	1.0	7
2022102878	2024-08-31	3	140.0	0.5	1	1	1200	1	35.9	1.0	13
2022102878	2024-12-22	6	0.0	0.3	0	1	1200	0	36.1	1.0	16
2022102878	2025-01-13	8	0.0	1.4	0	1	1200	0	34.9	2.0	11
2022102878	2025-02-09	2	220.0	0.5	0	1	1200	2	35.6	1.0	17
2022102878	2025-02-22	8	0.0	0.9	1	1	1200	0	34.6	1.0	18
2022102878	2025-04-12	5	56.0	1.1	1	1	1200	0	35.4	1.0	16
2022102878	2025-05-03	2	220.0	0.4	0	1	1400	0	36.7	1.0	16
2022102878	2025-05-24	7	0.0	0.9	1	1	1400	0	36.6	1.0	16
2022102878	2025-06-26	1	80.0	0.0	1	0	1230	1	40.9	11.0	11
2022102878	2025-07-16	1	70.0	0.0	0	0	1400	2	39.2	10.0	8
2022102878	2025-08-08	5	11.0	0.6	1	0	1400	1	41.3	11.0	10
2022102878	2025-11-09	3	200.0	0.4	2	1	1200	0	35.0	2.0	16
2022102878	2025-11-22	9	0.0	0.4	0	1	1200	0	34.4	2.0	16
2022102878	2026-02-01	4	120.0	0.3	1	1	1200	0	34.0	2.0	18
2022102984	2024-10-13	12	0.0	2.3	0	1	1400	0	34.9	0.0	14
2022102984	2024-11-02	6	0.0	1.9	3	0	1300	1	36.4	1.0	14
2022102984	2025-01-05	12	0.0	2.6	0	0	1200	0	38.0	1.0	16
2022102984	2025-02-08	10	0.0	1.8	0	0	1300	0	38.2	1.0	16
2022102984	2025-03-30	11	0.0	2.0	1	0	1800	2	39.7	1.0	15
2022102984	2025-06-03	3	62.5	0.7	3	0	1800	3	39.6	5.0	12
2022102984	2025-06-22	9	0.0	1.4	1	0	1700	1	37.9	1.0	14
2022102984	2025-07-06	9	0.0	2.2	1	1	2000	2	36.8	1.0	12
2022102984	2025-07-20	7	0.0	2.0	0	0	1700	0	38.8	1.0	13
2022102984	2025-08-23	5	56.0	1.8	0	0	1700	1	37.8	1.0	14
2022102984	2025-09-07	3	140.0	0.7	1	0	1700	2	37.2	1.0	14
2022102984	2025-09-15	4	84.0	2.2	1	0	1800	0	38.3	1.0	16
2022102984	2025-09-27	12	0.0	1.8	0	1	2200	0	34.9	2.0	16
2022102984	2025-11-04	3	10.0	0.7	0	0	1400	2	37.7	11.0	9
2022102984	2025-11-18	7	0.0	2.1	1	0	1600	0	41.3	11.0	11
2022102984	2025-12-01	1	50.0	0.0	1	0	1600	2	40.2	11.0	11
2022102984	2025-12-16	1	50.0	0.0	2	0	1600	1	37.7	11.0	12
2022103063	2024-12-14	2	290.0	0.0	1	1	2000	0	35.1	0.0	10
2022103063	2024-12-28	2	220.0	0.1	0	1	2000	0	34.8	1.0	16
2022103063	2025-03-08	4	84.0	0.3	0	1	2000	0	34.6	1.0	13
2022103063	2025-03-30	6	0.0	0.8	0	1	2000	0	35.5	1.0	13
2022103063	2025-04-27	1	560.0	0.0	0	1	2000	0	34.8	1.0	14
2022103063	2025-08-17	5	80.0	0.7	0	1	2400	0	36.2	2.0	11
2022103063	2025-10-18	3	200.0	0.3	1	1	2000	0	35.8	2.0	8
2022103063	2025-11-08	7	0.0	0.8	0	1	2000	0	34.9	2.0	14
2022103063	2026-01-18	5	82.0	0.8	0	1	2400	0	36.5	2.0	12
2022103115	2024-09-14	6	0.0	2.6	0	0	1800	0	40.0	0.0	16
2022103115	2024-10-20	3	140.0	0.8	0	0	1600	0	37.8	1.0	10
2022103115	2024-11-23	9	0.0	3.7	0	0	1600	2	38.1	1.0	16
2022103115	2025-02-08	2	220.0	0.3	5	0	1700	2	37.9	1.0	15
2022103115	2025-02-23	1	560.0	0.0	2	0	1700	0	37.3	1.0	12
2022103115	2025-05-03	9	0.0	2.2	0	0	1800	2	37.8	2.0	15
2022103115	2025-09-14	1	800.0	0.0	1	0	1800	2	36.8	2.0	15
2022103115	2025-10-11	2	630.4	0.8	3	0	2100	2	38.0	5.0	16
2022103115	2025-11-08	1	1578.7	0.0	0	0	2100	0	36.8	3.0	13
2022103115	2025-11-24	1	1876.4	0.0	0	0	2100	0	37.4	4.0	16
2022103214	2024-12-15	5	72.0	0.7	0	1	1600	0	35.0	0.0	14
2022103214	2025-01-06	9	0.0	1.2	1	1	1400	0	37.1	1.0	18
2022103214	2025-03-15	3	140.0	0.4	1	1	1400	0	34.9	1.0	18
2022103214	2025-04-05	3	140.0	0.3	0	1	1400	0	35.5	1.0	17
2022103214	2025-06-07	9	0.0	0.7	1	1	1200	0	34.3	1.0	16
2022103214	2025-07-12	2	220.0	0.5	0	1	1200	0	35.8	1.0	18
2022103214	2025-08-09	12	0.0	0.9	0	1	1200	2	35.4	1.0	15
2022103214	2025-09-05	1	70.0	0.0	1	0	1400	3	41.5	10.0	10
2022103214	2025-09-25	3	27.5	0.6	1	0	1400	0	39.1	11.0	12
2022103214	2025-10-15	4	16.5	0.8	1	0	1400	0	40.6	11.0	10
2022103214	2025-11-04	8	0.0	2.2	0	0	1230	2	40.9	11.0	11
2022103214	2025-11-25	1	45.0	0.0	1	0	1400	3	37.9	11.0	9
2022103214	2025-12-07	2	16.0	0.5	3	0	1500	1	38.1	13.0	8
2022103233	2025-03-02	13	0.0	0.9	2	1	1800	0	35.4	1.0	18
2022103233	2025-03-30	5	56.0	0.6	0	1	1600	0	34.8	1.0	17
2022103233	2025-06-21	2	220.0	0.6	1	1	1800	0	35.7	1.0	16
2022103233	2025-07-12	2	220.0	0.2	0	1	1800	0	35.5	1.0	12
2022103233	2025-08-03	1	560.0	0.0	0	1	2000	0	35.3	1.0	16
2022103288	2024-06-30	8	0.0	0.9	1	1	1800	0	36.5	0.0	11
2022103288	2024-07-13	4	83.0	0.6	0	1	1800	0	36.3	1.0	10
2022103288	2024-07-27	2	220.0	0.2	1	1	1800	0	35.2	1.0	10
2022103288	2024-09-01	4	83.0	0.5	0	1	2000	2	37.4	1.0	12
2022103288	2024-09-15	1	550.0	0.0	0	1	2000	0	35.4	1.0	14
2022103288	2024-11-30	11	0.0	3.0	0	1	2000	0	37.8	2.0	12
2022103288	2025-03-01	10	0.0	0.7	0	1	2200	0	34.7	2.0	13
2022103288	2025-03-23	3	200.0	0.6	0	1	2000	0	35.9	2.0	12
2022103288	2025-04-05	6	0.0	1.1	0	1	2200	0	36.2	2.0	7
2022103288	2025-05-10	3	200.0	0.7	1	1	1800	2	34.6	2.0	9
2022103288	2025-07-05	4	120.0	0.6	0	1	2600	2	38.1	2.0	12
2022103288	2025-07-20	4	120.0	0.7	0	1	2600	0	35.7	2.0	9
2022103288	2025-09-06	8	0.0	0.9	1	1	2000	0	37.2	5.0	15
2022103288	2025-09-28	11	0.0	1.3	0	0	1800	0	38.9	2.0	16
2022103288	2025-10-13	13	0.0	2.0	1	0	2100	0	40.9	2.0	16
2022103288	2025-10-26	8	0.0	1.3	3	1	1600	2	34.7	5.0	14
2022103288	2025-12-27	9	0.0	0.4	1	1	2200	0	36.2	2.0	18
2022103288	2026-01-25	1	820.0	0.0	0	1	2000	0	34.1	2.0	14
2022103473	2024-09-22	8	0.0	2.2	2	0	1400	0	38.8	0.0	11
2022103473	2024-10-12	7	0.0	0.9	0	1	2000	0	36.8	1.0	14
2022103473	2025-01-26	4	84.0	0.9	0	1	1800	0	37.1	1.0	14
2022103473	2025-02-08	6	0.0	0.7	0	1	1800	2	37.0	1.0	16
2022103473	2025-04-26	9	0.0	1.1	0	1	1800	0	37.2	1.0	16
2022103473	2025-06-22	12	0.0	1.2	1	1	1800	1	38.8	1.0	16
2022103473	2025-07-27	2	220.0	0.1	0	1	1400	0	34.6	1.0	18
2022103473	2025-08-16	1	560.0	0.0	0	1	1400	0	35.1	1.0	17
2022103473	2025-10-25	2	320.0	0.2	1	1	1400	0	35.4	2.0	17
2022103473	2025-11-09	2	320.0	0.0	2	1	1400	1	35.1	2.0	17
2022103473	2025-12-07	9	0.0	0.4	0	1	1400	0	34.7	2.0	18
2022103509	2024-06-08	3	180.0	0.4	0	1	1000	0	34.3	0.0	11
2022103509	2024-06-22	3	140.0	0.1	0	1	1200	0	35.9	1.0	9
2022103509	2024-06-30	1	550.0	0.0	0	1	1200	0	35.4	1.0	5
2022103509	2024-07-13	12	0.0	1.3	0	1	1200	0	35.9		14
2022103509	2025-03-08	5	80.0	0.4	1	1	1600	0	35.3	2.0	10
2022103509	2025-03-22	10	0.0	2.4	0	1	1600	0	38.0	2.0	10
2022103509	2025-04-26	12	0.0	1.2	0	1	1200	0	34.9	2.0	16
2022103509	2025-11-30	14	0.0	3.0	0	0	1400	0	38.2	2.0	16
2022103509	2025-12-14	11	0.0	2.4	1	0	1200	2	38.2	2.0	16
2022103527	2024-10-06	9	0.0	1.2	0	1	1400	0	35.3	0.0	17
2022103527	2024-11-30	2	220.0	0.1	1	0	1400	0	37.6	1.0	16
2022103527	2024-12-22	9	0.0	1.4	1	0	1400	0	39.2	1.0	16
2022103527	2025-03-02	1	560.0	0.0	2	0	1400	0	39.3	1.0	16
2022103527	2025-03-22	13	0.0	1.1	0	1	1400	0	35.8		18
2022103527	2025-06-01	12	0.0	1.9	0	0	1400	0	39.7	2.0	14
2022103527	2025-07-20	4	120.0	1.1	0	0	1000	0	35.7	2.0	9
2022103527	2025-08-03	10	0.0	1.9	0	0	1200	0	37.7	2.0	16
2022103527	2025-10-04	15	0.0	2.0	1	0	1400	3	38.6	2.0	16
2022103609	2024-08-24	1	720.0	0.0	0	0	1200	0	38.0	0.0	14
2022103609	2024-10-20	11	0.0	4.0	0	0	1400	2	40.8	2.0	11
2022103609	2024-12-08	3	200.0	1.3	1	0	1200	0	36.3	2.0	10
2022103609	2025-02-08	2	320.0	0.1	0	0	1400	0	37.7	2.0	14
2022103609	2025-03-16	7	0.0	0.9	2	0	1400	1	36.7	5.0	12
2022103609	2025-05-24	8	0.0	0.4	1	0	1600	0	36.5	2.0	13
2022103609	2025-07-27	11	0.0	2.3	0	0	1400	0	38.1	2.0	12
2022103609	2026-01-10	4	120.0	0.5	0	0	1200	0	36.0	2.0	15
2022103644	2024-07-14	5	72.0	1.2	3	1	1200	3	37.1	0.0	8
2022103644	2024-08-10	6	0.0	1.5	0	0	1200	0	38.4	1.0	16
2022103644	2024-09-21	8	0.0	1.7	0	0	1400	0	39.3	1.0	16
2022103644	2025-01-12	3	140.0	1.1	1	0	1400	0	39.1	1.0	16
2022103644	2025-01-26	4	84.0	0.1	0	0	1400	0	39.2	1.0	16
2022103644	2025-02-10	3	140.0	1.6	0	0	1400	0	39.1	1.0	12
2022103644	2025-03-16	6	0.0	1.9	2	0	1400	2	40.4	1.0	16
2022103644	2025-03-29	4	84.0	1.2	1	0	1800	2	39.5	1.0	13
2022103644	2025-05-08	1	250.0	0.0	0	0	1600	2	39.8	5.0	10
2022103644	2025-05-24	10	0.0	1.2	1	0	1600	0	37.5	2.0	13
2022103644	2025-07-26	2	320.0	0.1	2	0	1700	0	38.2	2.0	13
2022103644	2025-08-16	4	120.0	0.5	0	0	1700	0	38.6	2.0	14
2022103644	2025-08-31	2	320.0	0.1	1	0	1700	2	37.6	2.0	12
2022103644	2025-11-09	7	0.0	1.5	1	0	1700	0	38.8	2.0	15
2022103644	2026-01-24	12	0.0	2.0	0	0	1700	0	39.8	2.0	15
2022103651	2024-10-12	6	0.0	1.1	0	1	2000	0	35.0	0.0	13
2022103651	2024-10-27	4	83.0	0.8	0	1	2000	0	36.3	1.0	12
2022103651	2024-11-24	5	55.0	0.9	1	1	1600	0	35.8	1.0	18
2022103651	2024-12-08	6	0.0	1.5	0	1	1600	0	35.6	1.0	10
2022103651	2025-01-05	13	0.0	2.9	0	0	1800	0	39.9	1.0	16
2022103651	2025-02-09	4	84.0	1.5	1	1	1800	2	37.1	1.0	16
2022103651	2025-02-22	2	220.0	0.1	0	1	1800	0	36.0	1.0	16
2022103651	2025-03-22	1	560.0	0.0	0	1	1600	0	35.4	1.0	16
2022103651	2025-04-05	9	0.0	0.9	0	1	1600	0	35.1		11
2022103651	2025-04-26	7	0.0	1.6	0	1	1800	0	34.9	2.0	7
2022103651	2025-07-19	8	0.0	1.5	0	1	1800	0	35.3	5.0	14
2022103651	2025-08-02	4	120.0	0.7	0	1	1800	0	35.6	2.0	10
2022103651	2025-08-16	2	447.8	0.1	0	1	1800	0	35.7	5.0	12
2022103651	2025-09-15	5	80.0	0.5	0	1	1800	0	34.6	2.0	8
2022103651	2025-11-29	15	0.0	1.0	0	1	1800	0	34.9	2.0	18
2022103651	2025-12-06	1	800.0	0.0	0	1	1600	0	33.8	2.0	16
2022103651	2026-01-17	16	0.0	2.0	0	1	1600	0	34.9	3.0	18
2022103705	2024-07-28	12	0.0	5.3	1	1	1800	1	39.2	0.0	12
2022103705	2025-03-01	8	0.0	1.0	1	1	1800	0	36.1	1.0	16
2022103705	2025-03-16	7	0.0	0.4	2	1	2000	2	36.4	1.0	16
2022103705	2025-04-20	1	560.0	0.0	1	1	2000	0	35.6	1.0	16
2022103705	2025-05-03	5	111.0	0.6	0	1	2200	0	34.0	2.0	6
2022103705	2025-07-13	10	0.0	1.6	1	1	1800	0	37.2	2.0	16
2022103705	2025-08-03	6	0.0	0.7	0	1	2000	0	35.2	2.0	11
2022103705	2025-11-22	7	0.0	0.7	0	1	2000	0	35.9	2.0	16
2022103705	2025-12-14	2	320.0	0.0	1	1	2000	2	34.4	2.0	18
2022103880	2024-06-30	1	720.0	0.0	1	1	1200	2	36.5	0.0	6
2022103880	2024-08-04	5	160.0	1.1	0	1	1400	0	36.5	5.0	9
2022103880	2025-01-25	9	0.0	0.9	0	1	1200	0	35.1	2.0	12
2022103880	2025-02-09	8	0.0	0.8	0	1	1200	2	35.5	2.0	16
2022103880	2025-03-09	14	0.0	3.9	0	0	1400	0	40.2	2.0	16
2022103880	2025-03-29	11	0.0	1.2	0	1	1800	0	35.6	2.0	14
2022103880	2025-04-20	6	0.0	0.5	1	1	1600	0	33.3	2.0	11
2022103880	2025-05-11	6	0.0	1.5	1	1	1600	0	36.7	2.0	8
2022103880	2025-05-25	9	0.0	0.9	1	1	1200	1	35.5	2.0	13
2022103880	2025-09-20	6	0.0	0.3	1	1	1600	0	33.8	2.0	16
2022104130	2024-08-24	2	290.0	0.1	0	1	1600	0	34.5	0.0	16
2022104130	2024-09-14	4	83.0	0.3	0	1	1600	0	34.4	1.0	15
2022104130	2024-10-26	4	83.0	0.7	0	1	1600	0	34.6	1.0	15
2022104130	2024-11-16	4	83.0	0.5	1	1	1800	0	35.6	1.0	14
2022104130	2025-02-22	12	0.0	2.0	0	1	2000	0	37.4	1.0	15
2022104130	2025-03-23	7	0.0	1.2	0	1	1600	0	35.0	1.0	17
2022104130	2025-05-11	4	84.0	0.7	1	1	1600	0	34.7	1.0	16
2022104130	2025-05-24	5	56.0	0.8	2	1	1800	0	34.4	1.0	18
2022104130	2025-06-08	5	56.0	0.4	1	1	1800	0	34.4	1.0	18
2022104130	2025-06-29	1	560.0	0.0	0	1	2000	0	37.8	1.0	18
2022104130	2025-10-25	9	0.0	1.0	3	1	1800	0	35.3	2.0	10
2022104130	2025-11-24	16	0.0	2.2	1	1	2000	0	36.7	2.0	16
2022104176	2025-02-02	8	0.0	1.8	1	1	1800	2	37.7	0.0	17
2022104176	2025-02-16	11	0.0	2.6	1	1	2000	2	38.9	1.0	14
2022104176	2025-03-02	3	140.0	0.0	2	0	1800	0	37.8	1.0	12
2022104176	2025-03-15	3	140.0	0.1	1	0	1800	0	38.5	1.0	13
2022104176	2025-04-13	5	56.0	1.1	1	0	1800	0	39.5	1.0	15
2022104176	2025-06-29	1	560.0	0.0	0	0	1700	0	37.7	1.0	16
2022104176	2025-07-19	7	0.0	0.6	1	0	1700	1	36.1	2.0	16
2022104176	2025-10-19	8	0.0	1.5	1	0	1800	1	39.0	2.0	15
2022104176	2025-11-30	7	0.0	1.3	0	0	1800	0	37.5	2.0	16
2022104176	2026-01-31	12	0.0	1.7	0	0	1700	0	39.1	2.0	16
2022104316	2024-12-07	2	290.0	0.2	0	1	1200	0	33.8	0.0	10
2022104316	2024-12-22	9	0.0	0.9	0	1	1200	0	35.6	1.0	16
2022104316	2025-05-10	8	0.0	0.7	1	1	1400	2	35.2	1.0	16
2022104316	2025-05-31	10	0.0	1.2	2	1	1400	2	35.2	2.0	11
2022104316	2025-07-27	2	220.0	0.0	1	1	1200	1	35.3	1.0	14
2022104316	2025-08-24	1	560.0	0.0	0	1	1200	0	35.6	1.0	16
2022104316	2025-09-07	1	800.0	0.0	0	1	1200	0	33.7	2.0	16
2022104316	2025-09-27	16	0.0	1.8	0	1	1200	0	34.4	5.0	16
2022104316	2025-12-27	15	0.0	1.8	1	1	1200	0	34.9	3.0	16
2022104316	2026-01-17	18	0.0	2.3	0	1	1600	0	35.8	3.0	18
2022104391	2025-02-01	5	62.0	0.6	1	0	1400	0	37.4	0.0	16
2022104391	2025-02-23	9	0.0	1.3	0	0	1200	0	37.9	1.0	14
2022104391	2025-03-15	5	56.0	1.7	1	0	1200	0	37.7	1.0	16
2022104391	2025-06-01	4	84.0	0.7	0	0	1200	0	36.6	1.0	15
2022104391	2025-06-15	3	140.0	0.4	1	0	1200	3	36.5	1.0	16
2022104391	2025-07-05	10	0.0	1.7	0	0	1700	0	38.6	1.0	16
2022104391	2025-09-07	3	140.0	0.2	0	0	1400	0	37.9	1.0	16
2022104391	2025-09-14	1	560.0	0.0	1	0	1200	0	36.8	1.0	15
2022104391	2025-12-07	5	80.0	0.5	0	0	1200	0	37.3	2.0	11
2022104391	2025-12-20	7	0.0	0.8	2	0	1400	2	37.4	2.0	16
2022104391	2026-01-12	6	0.0	0.6	0	0	1400	0	36.3	2.0	16
2022104419	2024-10-27	8	0.0	3.1	0	0	1600	0	36.4	0.0	16
2022104419	2025-01-06	6	0.0	1.7	1	0	1800	0	40.9	1.0	16
2022104419	2025-02-02	1	560.0	0.0	1	0	1700	3	38.5	1.0	15
2022104419	2025-03-02	5	80.0	1.2	0	0	1800	0	38.0	2.0	16
2022104419	2025-04-26	7	0.0	0.2	1	0	1600	2	36.3	2.0	16
2022104419	2025-05-31	7	0.0	1.1	2	0	1600	3	37.1	2.0	10
2022104419	2025-07-06	4	120.0	1.1	0	0	1700	2	37.9	2.0	13
2022104419	2025-08-03	2	320.0	0.0	0	0	1700	0	37.7	2.0	12
2022104419	2025-08-17	4	120.0	0.7	2	0	1700	2	37.6	2.0	13
2022104419	2025-08-31	3	200.0	0.1	1	0	1700	2	37.0	2.0	12
2022104419	2025-09-06	3	200.0	0.2	1	0	1700	0	37.5	2.0	14
2022104419	2025-12-07	7	0.0	1.8	0	0	1800	0	38.3	2.0	16
2022104419	2025-12-21	4	120.0	0.5	3	0	1800	2	38.3	2.0	16
2022104419	2026-01-11	3	210.0	1.1	0	0	1800	0	38.6	2.0	16
2022104512	2024-12-07	1	720.0	0.0	0	0	1800	0	40.3	0.0	12
2022104512	2025-03-15	11	0.0	3.0	1	0	1800	2	39.4	2.0	16
2022104512	2025-04-19	3	200.0	0.3	0	0	1800	0	41.0	2.0	8
2022104512	2025-05-11	7	0.0	1.4	1	0	1800	2	37.6	2.0	11
2022104512	2025-06-22	2	320.0	0.1	0	0	1600	0	37.4	2.0	16
2022104512	2025-07-19	11	0.0	3.4	0	0	1700	0	39.7	2.0	14
2022104512	2025-10-11	2	320.0	0.0	3	0	1600	2	36.9	2.0	16
2022104512	2025-10-26	4	120.0	0.3	1	0	1600	3	35.1	2.0	13
2022104512	2025-11-23	6	0.0	0.6	1	0	1600	0	36.5	2.0	16
2022104555	2024-06-16	3	180.0	0.4	0	1	1600	0	34.2	0.0	10
2022104555	2024-08-24	4	83.0	0.5	0	1	1600	0	35.5	1.0	9
2022104555	2024-09-22	17	0.0	3.5	1	1	1400	0	39.4	1.0	18
2022104555	2024-12-22	7	0.0	0.9	1	1	1600	0	36.4	1.0	18
2022104555	2025-01-26	13	0.0	0.8	0	1	2000	0	36.2	1.0	17
2022104555	2025-02-08	1	560.0	0.0	4	1	2000	2	36.7	1.0	13
2022104555	2025-04-19	6	0.0	3.8	0	1	2000	0	39.1	2.0	7
2022104555	2025-05-18	7	0.0	0.8	0	0	1800	1	37.1	2.0	13
2022104555	2025-07-12	6	0.0	1.2	0	0	1700	0	40.0	2.0	16
2022104555	2025-10-19	11	0.0	1.0	1	1	1600	2	35.0	2.0	18
2022104555	2025-11-09	16	0.0	2.3	1	1	1200	0	37.0	2.0	16
2022104555	2026-01-24	6	0.0	1.3	0	0	1700	0	38.6	2.0	15
2022104598	2024-09-22	4	110.0	0.9	2	1	2000	0	34.9	0.0	11
2022104598	2025-02-09	6	0.0	0.9	0	1	2200	2	37.3	1.0	13
2022104598	2025-03-02	7	0.0	0.9	2	1	2000	0	35.7	1.0	16
2022104598	2025-05-18	3	140.0	0.7	0	1	2000	2	36.0	1.0	12
2022104598	2025-06-21	12	0.0	1.6	0	1	2000	0	38.4	1.0	16
2022104598	2025-07-06	4	84.0	0.5	1	0	1700	2	37.3	1.0	13
2022104598	2025-07-19	5	56.0	2.1	1	0	2400	0	38.9	1.0	12
2022104598	2025-08-30	4	84.0	0.8	2	0	1700	1	37.6	1.0	14
2022104598	2025-09-06	9	0.0	1.1	0	0	1700	0	40.1	1.0	14
2022104598	2025-11-08	2	320.0	0.1	0	1	2000	0	33.7	2.0	14
2022104598	2025-11-23	13	0.0	1.4	0	1	2400	0	34.9	2.0	18
2022104598	2026-01-18	6	0.0	0.8	0	1	2400	0	36.6	2.0	12
2022104615	2024-10-27	1	720.0	0.0	1	1	2000	0	34.0	0.0	15
2022104615	2024-12-28	17	0.0	2.2	0	1	2000	0	36.5		18
2022104615	2025-02-09	3	283.5	0.4	0	1	2400	0	33.9	2.0	11
2022104615	2025-03-23	1	800.0	0.0	0	1	2000	0	35.8	2.0	12
2022104615	2025-04-26	5	540.0	0.2	1	1	2400	0	34.0		13
2022104615	2025-08-17	1	1569.6	0.0	0	1	2200	0	35.0	5.0	9
2022104615	2025-10-26	11	0.0	1.4	2	1	3000	2	35.7		18
2022104615	2025-12-27	2	748.8	0.3	1	1	2500	0	34.6	4.0	14
2022104648	2024-12-21	1	720.0	0.0	1	1	1600	0	35.4	0.0	17
2022104648	2025-03-23	9	0.0	0.9	0	1	1600	0	35.6	2.0	10
2022104648	2025-08-17	8	0.0	0.6	0	1	1200	0	33.8	2.0	18
2022104648	2025-09-07	2	320.0	0.1	0	1	1200	0	34.4	2.0	13
2022104648	2025-11-09	14	0.0	0.9	2	1	1400	1	35.9	2.0	17
2022104720	2024-07-28	1	720.0	0.0	1	1	1800	1	34.8	0.0	12
2022104720	2024-08-31	3	786.3	0.2	0	1	1800	1	36.4		12
2022104720	2024-11-16	4	570.0	0.4	1	1	1800	0	33.4		9
2022104720	2025-02-09	2	447.0	0.2	0	1	2400	0	33.5	2.0	11
2022104720	2025-03-01	3	502.9	0.2	0	1	2200	0	34.5		8
2022104720	2025-04-26	2	2226.0	0.1	1	1	2400	0	33.7		13
2022104720	2025-06-01	9	0.0	0.9	0	1	2400	0	34.9		18
2022104720	2025-09-15	12	0.0	1.8	1	1	2200	0	36.4		12
2022104784	2024-10-20	2	290.0	0.4	0	1	1600	2	35.9	0.0	17
2022104784	2024-11-17	2	220.0	0.3	1	1	1600	0	35.3	1.0	14
2022104784	2025-01-18	2	220.0	0.2	0	1	1600	0	35.9	1.0	16
2022104784	2025-02-10	5	56.0	0.6	0	1	1600	0	34.7	1.0	18
2022104784	2025-03-01	1	560.0	0.0	0	1	1600	0	33.6	1.0	18
2022104784	2025-03-29	1	1141.5	0.0	0	1	1800	0	34.6	2.0	14
2022104784	2025-04-27	7	0.0	0.6	0	1	2000	0	34.1		18
2022104784	2025-08-02	3	394.4	0.0	0	1	1800	0	35.5	5.0	14
2022104784	2025-09-07	6	0.0	0.5	0	1	1800	2	36.9	3.0	14
2022104784	2025-12-14	5	155.0	0.4	0	1	1600	0	35.2	5.0	10
2022104784	2026-01-17	6	0.0	0.5	0	1	1600	0	34.4	3.0	18
2022104800	2024-10-05	4	110.0	0.4	2	1	1600	0	34.3	0.0	15
2022104800	2024-11-23	6	0.0	0.5	0	1	1800	0	34.7	1.0	14
2022104800	2025-02-09	2	220.0	0.9	0	0	1600	0	38.5	1.0	16
2022104800	2025-04-12	7	0.0	1.4	0	0	1800	0	40.6	1.0	12
2022104800	2025-05-24	2	220.0	0.4	1	0	1400	0	36.6	1.0	16
2022104800	2025-06-07	1	560.0	0.0	0	0	1400	0	37.0	1.0	16
2022104800	2025-10-26	5	80.0	0.7	1	0	1600	3	36.1	2.0	13
2022104800	2025-12-13	8	0.0	1.3	1	0	1800	0	37.8	2.0	16
2022104801	2025-05-31	2	220.0	0.1	1	0	1400	0	37.3	1.0	16
2022104801	2025-06-14	5	56.0	0.8	1	0	1400	2	38.4	1.0	16
2022104801	2025-07-13	1	560.0	0.0	1	0	1700	0	38.9	1.0	16
2022104801	2025-11-08	11	0.0	2.2	0	0	1700	0	40.0	2.0	15
2022104844	2024-12-07	6	0.0	0.4	0	1	1600	0	34.8	0.0	16
2022104844	2025-02-22	5	56.0	0.2	1	1	1600	0	34.3	1.0	16
2022104844	2025-03-23	1	560.0	0.0	0	1	1600	0	36.1	1.0	16
2022104844	2025-08-23	5	80.0	0.4	0	1	1600	0	33.3	2.0	12
2022104844	2025-10-26	8	0.0	0.6	1	1	1600	2	33.1	2.0	15
2022104844	2026-01-11	4	120.0	0.3	0	1	1600	0	34.5	2.0	16
2022104856	2024-10-14	8	0.0	2.2	0	1	1800	0	35.1	0.0	11
2022104856	2025-01-06	7	0.0	2.4	1	0	1800	0	40.3	1.0	16
2022104856	2025-02-22	5	56.0	0.4	1	1	2400	0	34.4	1.0	18
2022104856	2025-03-15	6	0.0	1.4	1	1	2200	0	35.2	1.0	18
2022104856	2025-04-19	1	560.0	0.0	0	1	2600	0	35.6	1.0	16
2022104856	2025-05-17	4	120.0	1.3	3	1	2400	0	35.8	2.0	8
2022104856	2025-08-31	5	111.0	1.2	1	1	2600	2	37.5	5.0	14
2022104856	2025-11-09	13	0.0	1.0	1	1	2600	0	35.4	2.0	16
2022104856	2025-11-15	1	800.0	0.0	0	1	2600	0	36.3	2.0	16
2022104856	2026-01-24	8	0.0	2.8	0	1	2600	0	36.3	5.0	9
2022104862	2024-11-23	2	290.0	1.3	0	0	1400	2	36.7	0.0	15
2022104862	2025-01-19	3	140.0	0.6	0	0	1200	0	37.9	1.0	16
2022104862	2025-03-22	1	560.0	0.0	0	0	1200	1	36.1	1.0	16
2022104862	2025-06-14	1	800.0	0.0	2	0	1400	0	36.1	2.0	16
2022104862	2025-08-23	5	155.0	0.6	0	0	1200	0	37.5	5.0	15
2022104862	2025-11-24	1	1140.0	0.0	0	0	1400	0	36.8	3.0	15
2022104881	2024-08-11	8	0.0	0.8	0	1	1600	0	34.8	0.0	13
2022104881	2024-10-26	10	0.0	1.2	0	1	1600	0	34.7	1.0	15
2022104881	2025-02-02	7	0.0	1.3	3	0	1400	2	38.8	1.0	16
2022104881	2025-04-19	9	0.0	2.0	0	0	1200	0	37.4	1.0	14
2022104881	2025-06-01	2	220.0	0.1	0	0	1600	1	37.8	1.0	16
2022104881	2025-06-29	1	560.0	0.0	0	0	1700	0	38.3	1.0	15
2022104897	2024-07-20	3	180.0	1.2	1	1	2000	0	35.9	0.0	10
2022104897	2024-09-28	7	0.0	0.6	1	1	2000	0	36.2	1.0	16
2022104897	2024-11-02	1	550.0	0.0	3	0	1700	2	37.4	1.0	15
2022104897	2024-12-08	6	0.0	1.6	0	0	1800	0	39.6	2.0	13
2022104897	2025-01-11	8	0.0	2.3	0	0	1800	2	40.1	2.0	14
2022104897	2025-05-31	3	200.0	0.4	2	0	1600	3	36.3	2.0	10
2022104897	2025-06-28	5	80.0	2.1	0	0	1700	0	38.8	2.0	15
2022104897	2025-07-26	4	120.0	0.7	2	0	1700	0	38.4	2.0	13
2022104897	2025-08-10	8	0.0	2.3	1	0	1700	2	38.6	2.0	9
2022104897	2025-10-12	5	80.0	0.6	1	0	1600	0	36.4	2.0	16
2022104897	2025-11-08	8	0.0	0.5	0	1	2000	0	35.3	5.0	16
2022104908	2024-08-18	3	180.0	0.6	1	1	2000	0	36.7	0.0	9
2022104908	2024-10-19	4	83.0	0.5	2	0	1800	0	40.4	1.0	10
2022104908	2025-01-13	10	0.0	3.3	0	0	1800	0	43.1	1.0	16
2022104908	2025-03-30	17	0.0	3.1	0	1	2200	2	39.8	1.0	18
2022104908	2025-05-11	3	140.0	1.1	2	0	1800	2	39.3	1.0	15
2022104908	2025-07-12	3	140.0	0.6	1	0	1700	0	40.2	1.0	15
2022104908	2025-08-23	1	560.0	0.0	0	0	1800	0	40.0	1.0	14
2022104908	2025-11-16	12	0.0	2.6	0	0	1700	0	41.1	2.0	15
2022104925	2024-12-14	1	720.0	0.0	0	1	2000	0	34.3	0.0	15
2022104925	2025-02-22	4	170.0	0.4	1	1	2000	0	34.0	2.0	9
2022104925	2025-06-15	2	320.0	0.5	1	1	2000	2	34.3	2.0	14
2022104925	2025-08-31	1	1142.2	0.0	0	1	2200	0	34.9	5.0	11
2022104925	2025-11-01	1	1567.5	0.0	1	1	2400	0	33.3	5.0	8
2022104928	2024-09-07	1	720.0	0.0	0	0	1800	0	36.5	0.0	9
2022104928	2024-11-03	4	160.0	1.8	0	0	1800	1	39.1	2.0	12
2022104928	2024-12-07	4	160.0	0.9	0	1	2000	0	34.7	2.0	7
2022104928	2025-03-09	2	445.6	0.2	0	1	1800	0	34.0	2.0	8
2022104928	2025-04-26	3	282.4	0.2	0	1	1800	0	33.3	2.0	7
2022104928	2025-05-25	1	800.0	0.0	1	0	1800	1	36.1	2.0	16
2022104928	2025-08-10	12	0.0	1.9	3	0	1800	3	37.9		15
2022104928	2025-09-06	1	1571.0	0.0	0	0	1800	2	36.4	5.0	9
2022104928	2025-11-16	1	1870.8	0.0	0	0	1800	0	37.3	4.0	14
2022105018	2024-08-11	5	72.0	0.9	0	1	2000	0	34.7	0.0	9
2022105018	2024-09-29	1	550.0	0.0	1	1	2000	1	34.5	1.0	9
2022105018	2024-10-12	3	272.2	0.4	0	1	1800	0	34.0	2.0	6
2022105018	2025-01-05	4	120.0	0.4	0	1	2000	0	35.2	2.0	9
2022105018	2025-02-15	8	0.0	1.1	1	1	2000	0	36.0	2.0	9
2022105018	2025-04-26	6	0.0	0.8	0	1	1800	0	34.2	2.0	7
2022105018	2025-07-06	11	0.0	2.4	0	0	1700	2	39.5	2.0	13
2022105018	2025-07-12	1	1140.1	0.0	0	1	2000	0	34.7	5.0	11
2022105018	2025-09-07	4	230.0	0.3	0	1	1800	2	36.8	3.0	14
2022105018	2025-10-04	5	114.0	0.4	1	1	2000	1	35.3	3.0	12
2022105018	2025-11-01	6	0.0	0.8	0	1	2000	0	34.8	5.0	11
2022105100	2024-09-08	4	110.0	0.5	0	0	1800	0	40.5	0.0	16
2022105100	2025-01-06	3	140.0	0.3	1	0	1800	0	39.7	1.0	16
2022105100	2025-03-15	2	220.0	0.2	1	0	1800	2	40.2	1.0	15
2022105100	2025-05-24	3	140.0	0.7	1	0	1600	0	37.6	1.0	16
2022105100	2025-07-26	1	560.0	0.0	0	0	1800	0	38.6	1.0	15
2022105100	2025-10-18	5	80.0	0.9	1	0	1800	0	39.6	2.0	14
2022105100	2025-12-13	10	0.0	1.5	1	0	1800	0	38.8	2.0	16
2022105164	2024-11-09	5	72.0	0.5	0	1	2000	0	36.8	0.0	16
2022105164	2025-02-23	5	56.0	0.7	1	1	1800	0	36.2	1.0	16
2022105164	2025-03-16	10	0.0	2.6	1	1	2200	1	37.7	1.0	16
2022105164	2025-05-10	2	220.0	0.3	1	1	1800	2	36.0	1.0	15
2022105164	2025-06-14	2	220.0	0.1	2	1	1800	2	34.6	1.0	18
2022105164	2025-07-13	1	560.0	0.0	1	1	1800	0	35.8	1.0	16
2022105164	2025-09-28	8	0.0	0.9	1	1	1800	0	34.5	2.0	18
2022105164	2025-11-15	1	1154.1	0.0	0	1	1800	0	35.9	5.0	16
2022105198	2025-03-08	4	84.0	0.3	1	0	1800	1	39.1	1.0	16
2022105198	2025-05-10	1	560.0	0.0	2	0	1600	1	35.6	1.0	15
2022105198	2025-06-28	2	320.0	1.1	0	0	1700	0	37.8	2.0	15
2022105198	2025-09-07	2	320.0	0.0	0	0	1800	0	38.9	2.0	15
2022105198	2025-10-18	1	800.0	0.0	0	0	1600	0	37.5	2.0	15
2022105232	2024-09-14	1	720.0	0.0	0	1	2000	0	33.5	0.0	9
2022105232	2025-02-02	11	0.0	1.4	2	1	1800	0	35.9	2.0	13
2022105232	2025-04-27	5	80.0	0.5	0	1	1600	0	34.8	2.0	9
2022105232	2025-06-14	1	800.0	0.0	2	1	1400	0	34.5	2.0	18
2022105232	2025-08-23	17	0.0	1.3	0	1	1400	0	35.4	5.0	17
2022105232	2025-10-25	6	0.0	0.2	3	1	1400	2	33.9	5.0	12
2022105232	2025-12-21	7	0.0	0.5	1	1	1400	2	35.3	5.0	18
2022105241	2024-09-01	3	180.0	0.8	0	1	1400	0	35.3	0.0	16
2022105241	2024-10-20	2	220.0	0.4	0	1	1800	0	33.7	1.0	10
2022105241	2024-11-10	2	220.0	0.1	1	1	1800	0	33.6	1.0	9
2022105241	2025-06-01	9	0.0	1.3	0	1	1600	2	35.6	1.0	14
2022105241	2025-06-21	2	220.0	0.1	0	0	1600	0	36.6	1.0	16
2022105241	2025-07-13	2	220.0	0.2	0	0	1700	0	37.9	1.0	15
2022105241	2025-08-09	1	560.0	0.0	0	0	1800	0	38.1	1.0	15
2022105241	2025-10-18	2	320.0	0.1	0	0	1600	0	37.9	2.0	15
2022105241	2025-11-09	6	0.0	1.1	2	0	1600	2	37.6	2.0	16
2022105262	2024-08-24	13	0.0	3.0	0	1	1600	0	36.4	0.0	16
2022105262	2024-09-07	3	140.0	0.9	0	0	1400	0	37.7	1.0	10
2022105262	2024-09-28	2	220.0	0.9	1	0	1200	0	36.2	1.0	9
2022105262	2024-12-14	1	550.0	0.0	0	0	1400	0	38.0	1.0	16
2022105262	2025-01-12	11	0.0	1.9	1	0	1400	0	37.8	2.0	16
2022105262	2025-04-06	4	120.0	1.6	0	0	1800	0	38.9	2.0	14
2022105262	2025-06-21	5	80.0	1.0	0	0	1800	0	37.7	2.0	16
2022105262	2025-07-19	2	320.0	0.1	0	0	1700	0	37.3	2.0	10
2022105262	2025-08-03	1	800.0	0.0	0	0	1700	0	38.1	2.0	12
2022105262	2025-11-09	2	630.6	0.0	2	0	1700	0	37.0	3.0	15
2022105262	2025-11-29	1	1583.6	0.0	0	0	1800	0	36.2	5.0	13
2022105280	2025-01-25	2	250.0	0.2	0	1	2000	0	37.1	0.0	18
2022105280	2025-04-19	1	560.0	0.0	0	1	2200	0	35.5	1.0	16
2022105429	2024-06-15	2	290.0	0.2	0	1	1200	0	34.7	0.0	7
2022105429	2024-06-29	1	550.0	0.0	0	1	1200	0	34.7	1.0	5
2022105429	2024-07-13	8	0.0	0.7	0	1	1200	0	34.5		14
2022105429	2024-09-29	7	0.0	0.9	1	1	1600	0	35.2	2.0	9
2022105429	2024-10-20	2	310.0	0.3	0	1	1400	0	33.2	2.0	8
2022105429	2024-11-16	6	0.0	1.1	1	1	1400	0	33.8	2.0	10
2022105429	2025-02-08	6	0.0	0.2	0	1	1400	0	34.1	2.0	16
2022105429	2025-03-08	8	0.0	0.8	1	1	1400	0	35.2		18
2022105429	2025-05-31	4	120.0	0.4	2	1	1400	2	34.3	2.0	11
2022105429	2025-06-14	6	0.0	0.5	2	1	1400	0	34.0	2.0	18
2022105429	2025-10-05	10	0.0	0.8	0	1	1400	0	33.6	2.0	18
2022105429	2025-11-24	6	0.0	0.4	0	0	1700	0	38.3	2.0	15
2022105429	2025-12-14	6	0.0	0.7	1	0	1800	2	39.0	2.0	15
2022105435	2024-06-23	3	180.0	0.4	1	1	1600	2	34.4	0.0	13
2022105435	2024-09-16	5	55.0	0.4	1	1	1600	0	35.4	1.0	13
2022105435	2024-10-14	1	550.0	0.0	0	1	1400	0	33.6	1.0	14
2022105435	2024-11-16	2	310.0	0.2	1	1	1400	0	33.4	2.0	10
2022105435	2025-02-08	2	449.6	0.0	0	1	1400	0	35.0	2.0	16
2022105435	2025-03-08	3	1318.0	0.1	1	1	1400	0	35.6		18
2022105435	2025-04-13	12	0.0	2.0	3	1	1600	2	36.2		18
2022105435	2025-06-14	2	320.0	0.0	2	1	1400	0	34.6	2.0	18
2022105435	2025-07-05	1	800.0	0.0	0	1	1200	0	35.1	2.0	15
2022105435	2025-09-21	4	230.0	0.4	1	1	1200	0	33.5	5.0	10
2022105435	2025-12-06	10	0.0	0.6	0	1	1200	0	33.7	3.0	13
2022105495	2025-01-25	15	0.0	2.0	0	1	1600	0	35.7	1.0	16
2022105495	2025-04-19	4	84.0	1.9	0	0	1800	0	37.8	1.0	10
2022105495	2025-05-10	1	560.0	0.0	2	0	2100	1	34.6	1.0	14
2022105495	2025-07-27	5	80.0	0.2	0	0	1800	0	37.1	2.0	13
2022105495	2025-08-17	1	800.0	0.0	0	0	1800	0	37.2	2.0	9
2022105495	2025-11-08	7	0.0	2.1	0	0	2100	0	37.9	3.0	13
2022105495	2025-11-29	5	114.0	0.7	0	1	1600	0	34.0	3.0	9
2022105585	2024-08-03	3	180.0	1.3	0	0	1800	0	40.5	0.0	15
2022105585	2024-10-13	4	83.0	0.9	0	1	1600	0	34.2	1.0	12
2022105585	2024-10-26	1	550.0	0.0	1	0	1600	0	37.5	1.0	12
2022105585	2025-02-01	5	80.0	1.2	0	0	1600	0	37.0	2.0	13
2022105585	2025-02-16	2	320.0	0.0	0	0	1600	0	36.7	2.0	11
2022105585	2025-04-26	2	320.0	0.0	1	0	1600	2	35.8	2.0	16
2022105585	2025-06-22	6	0.0	0.8	0	0	1600	0	36.7	2.0	16
2022105585	2025-10-25	4	120.0	0.9	0	0	1800	0	38.4	2.0	14
2022105668	2025-01-05	3	160.0	0.5	0	1	2000	0	36.2	0.0	18
2022105668	2025-02-01	1	560.0	0.0	1	1	2000	0	35.1	1.0	15
2022105668	2025-11-22	8	0.0	0.9	0	1	2000	0	35.6	2.0	16
2022105668	2026-01-12	16	0.0	1.9	0	1	2000	0	36.4	2.0	18
2022105766	2025-01-25	1	620.0	0.0	0	1	2000	0	35.9	0.0	18
2022105766	2025-02-15	4	170.0	0.7	1	1	2000	0	35.0	2.0	9
2022105766	2025-04-27	11	0.0	0.7	0	1	2000	0	34.2		18
2022105766	2025-05-03	4	170.0	0.4	0	1	2200	0	34.4	2.0	6
2022105766	2025-07-12	9	0.0	2.3	0	0	2400	0	40.6	2.0	11
2022105766	2025-07-27	4	120.0	0.8	0	1	1800	2	35.5	2.0	8
2022105766	2025-08-10	7	0.0	1.9	1	0	1700	2	38.9	2.0	9
2022105766	2025-08-24	5	111.0	1.1	0	1	2000	0	36.5	5.0	13
2022105766	2025-11-23	9	0.0	1.0	0	1	2400	0	35.1	2.0	18
2022105766	2025-12-06	12	0.0	1.9	0	0	1800	0	38.6	2.0	14
2022105769	2024-12-08	5	72.0	0.3	1	1	1800	0	33.8	0.0	10
2022105769	2025-02-22	2	220.0	0.0	0	1	2400	0	34.3	1.0	15
2022105769	2025-03-16	1	560.0	0.0	1	1	2200	1	36.2	1.0	16
2022105769	2025-06-07	1	800.0	0.0	1	1	2200	0	34.3	2.0	10
2022105769	2025-07-27	2	626.2	0.3	0	1	2000	0	33.9	5.0	10
2022105769	2025-10-04	3	290.0	0.2	1	1	2000	1	35.3	3.0	12
2022105769	2025-10-18	3	290.0	0.4	0	1	2000	0	33.9	3.0	7
2022105769	2026-01-18	3	300.0	0.5	0	1	2200	0	34.5	3.0	16
2022105772	2024-07-27	2	290.0	0.1	0	1	1400	0	35.2	0.0	15
2022105772	2024-08-31	1	550.0	0.0	2	1	1400	1	35.7	1.0	8
2022105772	2025-02-08	7	0.0	0.7	0	1	1400	0	35.9	2.0	16
2022105772	2025-03-09	5	80.0	1.7	0	0	1400	0	39.6	2.0	16
2022105772	2025-05-10	14	0.0	1.5	1	0	1200	1	37.2	2.0	16
2022105772	2025-08-10	5	80.0	0.8	1	1	1200	0	35.2	2.0	15
2022105772	2025-10-25	14	0.0	3.0	0	0	1200	0	40.8	2.0	15
2022105772	2025-12-13	1	800.0	0.0	1	0	1800	0	36.3	2.0	16
2022105796	2025-02-23	7	0.0	0.4	0	1	1800	0	33.5	1.0	15
2022105796	2025-05-24	2	220.0	0.5	1	1	2000	0	34.2	1.0	17
2022105796	2025-06-08	4	84.0	0.4	1	1	1800	0	34.1	1.0	17
2022105796	2025-08-09	1	560.0	0.0	0	1	2000	2	35.1	1.0	15
2022105796	2025-11-16	4	120.0	0.4	0	1	2000	0	34.7	2.0	16
2022105817	2025-03-23	11	0.0	5.2	0	0	1800	0	44.0	1.0	11
2022105817	2025-04-26	7	0.0	1.2	1	1	1800	0	35.7	1.0	18
2022105817	2025-05-11	7	0.0	0.7	0	1	1600	0	34.8	1.0	16
2022105817	2025-05-31	2	220.0	0.2	1	1	1800	0	34.8	1.0	18
2022105817	2025-08-10	1	560.0	0.0	0	1	2000	0	35.1	1.0	16
2022105817	2025-08-31	13	0.0	2.6	1	1	2600	2	39.4	5.0	14
2022105817	2025-11-29	18	0.0	1.3	0	1	1800	0	36.4	2.0	18
2022105817	2026-01-31	5	82.0	0.2	0	1	2000	0	36.1	2.0	16
2022105858	2025-03-16	1	560.0	0.0	1	1	1400	1	36.7	1.0	18
2022105858	2025-10-18	10	0.0	1.2	0	1	1400	0	34.7	2.0	17
2022105891	2024-09-21	7	0.0	0.6	0	1	1600	0	34.2	0.0	14
2022105891	2024-10-12	1	550.0	0.0	0	1	1600	0	35.3	1.0	16
2022105891	2024-11-09	2	1507.6	0.1	0	1	1600	0	34.0		7
2022105891	2024-12-15	7	0.0	1.3	0	1	1600	0	34.9		16
2022105891	2025-01-19	2	1614.2	0.1	2	1	2000	0	36.0		14
2022105891	2025-04-20	17	0.0	1.6	1	1	2000	0	36.0		18
2022105891	2025-06-01	15	0.0	2.2	0	1	2400	0	34.7		18
2022105891	2025-12-21	1	2834.3	0.0	1	1	1800	1	35.2		16
2022105979	2024-08-17	2	290.0	0.1	0	0	1800	0	38.6	0.0	15
2022105979	2024-09-07	4	83.0	1.1	0	0	1800	0	40.4	1.0	12
2022105979	2024-11-24	7	0.0	1.1	0	0	1600	0	36.9	1.0	16
2022105979	2024-12-21	1	550.0	0.0	0	0	1800	0	37.9	1.0	15
2022105979	2025-05-11	1	800.0	0.0	0	0	2100	2	36.6	2.0	15
2022105979	2025-08-16	1	1578.7	0.0	0	0	1800	0	37.1	5.0	13
2022105979	2025-10-18	1	1875.0	0.0	1	0	2100	0	36.4	4.0	16
2022105984	2024-09-07	2	290.0	0.0	0	1	2000	0	34.1	0.0	7
2022105984	2024-11-03	1	550.0	0.0	0	1	2000	0	34.5	1.0	9
2022105984	2025-01-06	4	120.0	0.3	2	1	2000	0	36.4	2.0	12
2022105984	2025-03-01	13	0.0	1.2	0	1	2200	0	35.6	2.0	13
2022105984	2025-06-15	3	200.0	0.6	1	1	2000	2	35.0	2.0	14
2022105984	2025-08-10	3	200.0	0.1	3	1	2000	1	34.7	2.0	14
2022105984	2025-09-27	9	0.0	1.2	0	1	2200	0	35.2	2.0	16
2022105984	2025-10-26	1	800.0	0.0	3	1	2000	2	34.5	2.0	15
2022105984	2025-12-21	1	1573.1	0.0	3	1	2000	2	35.6	3.0	10
2022106010	2024-10-06	3	180.0	1.4	0	0	1200	0	36.4	0.0	15
2022106010	2024-10-27	3	140.0	0.3	0	0	1200	0	37.3	1.0	9
2022106010	2024-11-16	2	220.0	0.7	1	0	1200	0	37.1	1.0	16
2022106010	2024-12-08	1	550.0	0.0	0	0	1200	0	37.3	1.0	12
2022106010	2025-03-02	7	0.0	1.0	2	0	1200	0	37.3	2.0	16
2022106010	2025-03-15	4	120.0	0.4	2	0	1400	0	37.8	2.0	16
2022106010	2025-04-13	4	120.0	0.4	2	0	1400	0	37.8	2.0	16
2022106010	2025-04-27	4	120.0	0.6	0	0	1400	0	37.6	2.0	10
2022106010	2025-08-09	4	120.0	0.5	0	0	1400	0	37.5	2.0	14
2022106010	2025-08-30	2	320.0	0.0	0	0	1400	0	37.4	2.0	12
2022106010	2025-09-20	4	120.0	0.1	1	0	1400	0	37.5	2.0	16
2022106010	2025-10-11	5	80.0	0.5	0	0	1400	0	37.3	2.0	16
2022106174	2025-02-01	4	93.0	0.5	1	0	1400	0	37.5	0.0	16
2022106174	2025-02-23	2	220.0	0.2	0	0	1700	0	38.2	1.0	10
2022106174	2025-03-16	3	140.0	1.4	2	0	1800	2	39.5	1.0	11
2022106174	2025-03-29	1	560.0	0.0	0	0	1800	2	38.5	1.0	9
2022106174	2025-06-29	13	0.0	1.6	0	0	1700	0	39.7	2.0	16
2022106174	2025-07-26	8	0.0	1.7	0	0	1800	0	38.9	2.0	11
2022106174	2025-08-16	8	0.0	3.6	0	0	1800	0	41.1	2.0	8
2022106174	2025-11-29	9	0.0	7.0	0	2	2910	0	14.4	1.0	9
2022106221	2025-01-11	7	0.0	0.5	0	1	2000	0	35.7	0.0	18
2022106221	2025-02-01	4	84.0	0.7	1	1	2000	0	35.3	1.0	15
2022106221	2025-04-19	6	0.0	1.1	0	1	2600	0	36.8	1.0	16
2022106221	2025-06-21	7	0.0	1.1	0	1	2000	0	36.4	1.0	16
2022106221	2025-07-12	12	0.0	1.8	0	1	2600	0	36.4	1.0	16
2022106221	2025-11-15	10	0.0	1.4	0	1	2600	0	37.5	2.0	16
2022106221	2026-01-31	11	0.0	1.1	0	1	2000	0	36.2	2.0	16
2022106224	2024-10-06	12	0.0	1.5	0	1	1800	0	36.4	0.0	13
2022106224	2025-01-26	2	220.0	0.6	0	1	1800	0	35.9	1.0	14
2022106224	2025-02-09	2	220.0	0.6	1	1	1800	2	37.0	1.0	16
2022106224	2025-03-02	3	140.0	0.8	3	1	1800	1	38.1	1.0	16
2022106224	2025-04-26	1	560.0	0.0	0	1	1800	0	35.6	1.0	16
2022106224	2025-05-17	6	0.0	1.3	1	1	2000	3	36.3	2.0	10
2022106224	2025-10-18	14	0.0	1.0	1	1	1800	0	34.3	2.0	18
2022106224	2025-11-08	12	0.0	1.2	0	1	2000	0	35.5	2.0	14
2022106224	2025-11-24	15	0.0	1.6	1	1	2600	0	36.8	5.0	16
2022106306	2024-06-08	4	110.0	0.3	0	1	1600	0	36.1	0.0	12
2022106306	2024-06-22	2	220.0	0.8	0	1	1600	0	35.8	1.0	7
2022106306	2024-10-06	3	140.0	0.3	0	1	1400	0	35.4	1.0	14
2022106306	2024-11-02	2	220.0	0.1	3	1	1400	1	35.1	1.0	13
2022106306	2025-01-25	5	56.0	0.4	0	1	1400	0	35.0	1.0	18
2022106306	2025-02-15	1	560.0	0.0	1	1	1800	0	35.9	1.0	16
2022106306	2025-03-16	5	80.0	0.7	3	1	1600	2	35.3	2.0	9
2022106306	2025-05-24	2	448.4	0.0	3	1	1600	2	35.7	2.0	13
2022106306	2025-06-07	1	1136.6	0.0	1	1	1800	0	34.3	5.0	10
2022106306	2025-08-23	4	230.0	0.3	0	1	1600	0	33.4	5.0	13
2022106306	2025-10-13	3	393.2	0.3	1	1	1800	0	33.4	5.0	10
2022106306	2025-11-09	4	230.0	0.7	3	1	1600	1	35.3	5.0	8
2022106593	2024-07-06	5	72.0	0.7	1	1	1800	0	35.5	0.0	14
2022106593	2024-08-24	1	550.0	0.0	1	1	1600	0	34.2	1.0	10
2022106593	2024-10-19	5	170.0	1.2	0	1	1800	0	34.4		8
2022106593	2025-01-18	11	0.0	1.3	0	1	1600	0	34.7	2.0	16
2022106593	2025-03-30	6	0.0	1.4	0	1	2000	0	36.3	2.0	7
2022106593	2025-06-22	8	0.0	1.1	0	0	1600	0	37.9	2.0	16
2022106593	2025-07-27	5	80.0	0.7	0	0	1700	3	37.7	2.0	13
2022106593	2025-08-31	10	0.0	2.5	1	0	1700	2	38.4	2.0	13
2022106593	2025-12-14	13	0.0	1.3	1	1	2000	2	35.1	2.0	18
2022106729	2025-02-23	9	0.0	0.7	0	1	1200	0	34.2	1.0	18
2022106729	2025-03-23	3	140.0	0.9	0	1	1600	0	34.8	1.0	17
2022106729	2025-04-12	17	0.0	1.9	0	1	1600	0	35.9	1.0	18
2022106729	2025-06-28	1	560.0	0.0	0	1	1200	0	34.7	1.0	15
2022106729	2025-11-08	7	0.0	0.5	0	1	1200	0	34.4	2.0	16
2022106751	2024-10-14	15	0.0	3.1	0	0	1800	0	39.9	0.0	15
2022106751	2024-10-26	10	0.0	3.0	0	0	1800	0	39.7	1.0	12
2022106751	2024-11-09	7	0.0	1.8	0	1	2000	0	35.4	1.0	11
2022106751	2024-12-28	8	0.0	0.6	0	1	2000	0	34.7	1.0	16
2022106751	2025-01-26	11	0.0	0.8	0	1	2000	0	35.4	1.0	17
2022106751	2025-02-08	3	140.0	0.5	4	1	2000	2	36.3	1.0	13
2022106751	2025-02-22	3	140.0	0.9	0	1	2400	0	34.8	1.0	15
2022106751	2025-04-26	6	0.0	0.7	0	1	2400	0	35.3	1.0	14
2022106751	2025-05-11	5	56.0	0.5	1	1	2200	0	34.3	1.0	12
2022106751	2025-06-01	4	84.0	0.7	0	1	2400	0	34.8	1.0	13
2022106751	2025-06-22	3	140.0	1.4	0	1	2400	0	35.8	1.0	15
2022106751	2026-01-11	12	0.0	1.2	1	1	2000	0	34.7	2.0	14
2022106751	2026-01-25	3	210.0	0.1	0	1	2000	0	33.6	2.0	14
2022106757	2025-03-08	11	0.0	2.5	1	0	1200	1	37.5	1.0	16
2022106757	2025-05-11	1	560.0	0.0	1	1	1800	2	35.1	1.0	16
2022106757	2025-06-08	7	0.0	0.7	0	1	1600	0	35.0	2.0	18
2022106757	2025-10-05	5	80.0	0.7	1	1	1800	0	33.8	2.0	14
2022106757	2026-01-25	13	0.0	1.9	0	1	1800	0	38.4	2.0	16
2022106790	2024-07-13	9	0.0	2.5	0	1	1800	0	38.1	0.0	10
2022106790	2024-08-04	7	0.0	0.8	0	1	2000	0	35.9	1.0	8
2022106790	2024-09-15	8	0.0	1.7	0	1	2000	0	36.4	1.0	14
2022106790	2024-09-29	8	0.0	1.7	1	1	2000	1	35.2	1.0	9
2022106790	2024-12-28	8	0.0	0.5	0	1	1800	0	36.7	1.0	16
2022106790	2025-01-18	13	0.0	4.8	0	0	1800	0	43.5	1.0	16
2022106790	2025-03-15	16	0.0	4.1	1	1	2200	0	38.4	1.0	18
2022106790	2025-04-22	2	120.0	0.9	0	0	1400	0	39.7	5.0	11
2022106790	2025-05-24	7	0.0	0.9	1	0	1400	0	36.8	1.0	16
2022106790	2025-07-22	8	0.0	1.9	0	0	1400	0	40.0	5.0	11
2022106803	2024-07-14	4	110.0	0.7	0	1	1800	0	36.8	0.0	11
2022106803	2024-08-03	3	140.0	1.3	1	1	1600	0	34.8	1.0	7
2022106803	2024-08-18	1	550.0	0.0	0	1	1600	0	34.1	1.0	10
2022106803	2024-09-29	2	436.2	0.0	1	1	1600	0	34.9	2.0	9
2022106803	2024-11-17	5	107.0	0.7	0	1	1600	0	34.7	2.0	7
2022106803	2025-01-12	8	0.0	1.6	1	1	1600	0	35.1		16
2022106803	2025-02-15	14	0.0	2.9	0	1	1600	0	37.3		14
2022106803	2025-06-29	4	120.0	0.5	0	1	1800	0	35.0	2.0	9
2022106803	2025-07-13	1	1144.3	0.0	0	1	1800	0	36.1	2.0	13
2022106803	2025-10-04	11	0.0	2.5	1	1	1800	0	36.4	5.0	12
2022106803	2025-11-30	7	0.0	1.5	0	1	2000	0	35.8	3.0	9
2022106803	2026-01-24	6	0.0	0.5	0	1	1800	0	34.2	3.0	9
2022106846	2025-08-10	10	0.0	2.1	3	1	1800	2	34.8	1.0	18
2022106846	2025-10-18	7	0.0	0.6	1	1	1800	0	33.7	2.0	18
2022106846	2025-11-01	10	0.0	1.1	0	1	1800	0	34.1	2.0	15
2022106846	2026-01-24	14	0.0	1.8	0	1	2600	0	35.7	2.0	15
2022106905	2024-12-15	4	110.0	0.6	0	1	1600	0	35.0	0.0	14
2022106905	2025-01-06	3	140.0	0.6	1	1	1400	0	36.5	1.0	18
2022106905	2025-01-25	3	140.0	0.2	0	1	1400	0	35.5	1.0	18
2022106905	2025-05-03	4	84.0	0.7	0	1	1600	2	33.8	1.0	18
2022106905	2025-05-24	8	0.0	0.7	2	1	1400	0	35.3	1.0	17
2022106905	2025-07-20	1	560.0	0.0	0	1	1200	0	34.9	1.0	18
2022106905	2025-08-17	11	0.0	0.7	0	1	1200	0	33.8	2.0	18
2022106905	2025-11-24	2	320.0	0.1	1	1	1200	0	34.3	2.0	16
2022106905	2025-12-13	7	0.0	0.3	0	1	1200	0	33.1	2.0	18
2022106943	2024-12-14	10	0.0	3.3	1	0	1200	0	37.5	0.0	14
2022106943	2025-01-19	6	0.0	1.3	1	0	1400	0	37.8	1.0	16
2022106943	2025-02-09	10	0.0	1.7	0	0	1400	2	38.8	1.0	16
2022106943	2025-02-23	6	0.0	0.9	0	0	1700	0	39.0	1.0	10
2022106943	2025-03-22	6	0.0	2.5	0	0	1800	0	40.5	1.0	9
2022106943	2025-05-11	6	0.0	0.5	0	0	1200	2	36.6	1.0	16
2022106943	2025-07-29	1	85.0	0.0	0	0	1500	0	39.4	1.0	10
2022106943	2025-08-09	9	0.0	1.4	0	0	1400	0	37.7	2.0	14
2022106943	2025-12-14	16	0.0	3.1	0	0	1400	2	38.9	2.0	16
2022106943	2026-01-25	12	0.0	1.5	0	0	1200	0	36.6	2.0	15
2022106999	2024-06-09	11	0.0	1.2	2	1	1200	0	35.4	0.0	14
2022106999	2024-06-22	2	220.0	0.1	0	1	1200	0	35.3	1.0	9
2022106999	2024-07-20	2	220.0	0.3	0	1	1200	0	34.1	1.0	5
2022106999	2024-09-22	1	550.0	0.0	1	1	1200	0	33.5	1.0	10
2022106999	2024-11-02	9	0.0	0.6	3	1	1400	3	35.2		15
2022106999	2024-12-07	8	0.0	1.2	0	1	1200	0	35.3	2.0	13
2022106999	2025-01-18	8	0.0	1.1	0	1	1600	0	34.9	2.0	16
2022106999	2025-02-08	8	0.0	0.9	0	1	1400	0	35.0	2.0	16
2022106999	2025-03-22	2	320.0	0.0	0	1	1600	0	35.5	2.0	10
2022106999	2025-06-08	10	0.0	1.1	0	1	1600	0	34.6	2.0	18
2022106999	2025-07-13	12	0.0	1.6	0	1	1800	0	37.2	2.0	13
2022106999	2025-09-06	5	80.0	0.9	0	0	1200	2	36.4	2.0	16
2022106999	2025-09-20	1	800.0	0.0	1	0	1200	1	37.4	2.0	16
2022106999	2025-10-12	5	57.0	1.1	1	0	1300	0	36.8	3.0	16
2022106999	2025-11-09	8	0.0	1.2	2	0	1300	2	36.5	3.0	16
2022107047	2024-09-07	1	720.0	0.0	0	0	1200	0	37.6	0.0	16
2022107047	2024-10-14	2	435.4	0.8	0	0	1600	0	36.5	2.0	8
2022107047	2024-11-21	2	1200.0	0.2	0	0	1400	0	38.8		12
2022107047	2024-12-11	10	0.0	5.4	0	0	1600	0	45.6		11
2022107047	2025-03-16	12	0.0	4.0	2	0	1400	1	40.7	5.0	12
2022107047	2025-07-06	15	0.0	4.4	0	0	1150	0	40.0	5.0	16
2022107047	2025-11-22	13	0.0	18.9	0	2	2770	0	14.5	1.0	14
2022107047	2025-12-07	9	0.0	3.7	0	2	2880	0	14.2	1.0	11
2022107258	2024-07-14	1	720.0	0.0	3	1	1200	3	36.2	0.0	8
2022107258	2024-09-21	7	0.0	2.0	1	1	1200	0	35.2	5.0	8
2022107258	2024-11-10	5	160.0	0.7	0	1	1200	0	36.2	5.0	16
2022107258	2024-12-14	9	0.0	1.4	0	1	1200	0	33.9	5.0	11
2022107258	2025-01-18	10	0.0	1.4	0	1	1400	0	35.4		12
2022107258	2025-03-15	11	0.0	0.8	1	1	1600	0	35.7		12
2022107258	2025-06-28	12	0.0	1.6	0	1	1200	0	35.5	2.0	14
2022107258	2025-07-20	12	0.0	1.4	0	1	1200	0	36.5	2.0	12
2022107258	2025-08-03	8	0.0	1.1	0	1	1200	0	34.4	2.0	12
2022107258	2025-08-24	13	0.0	1.6	0	1	1400	0	34.8	5.0	14
2022107258	2025-10-25	17	0.0	1.7	1	1	1000	0	33.1	5.0	18
2022107258	2025-12-07	10	0.0	2.1	0	0	1200	0	39.1	2.0	11
2022110015	2024-06-16	1	720.0	0.0	0	1	1400	0	34.5	0.0	12
2022110015	2024-08-04	1	1620.3	0.0	0	1	1400	0	35.1	5.0	9
2022110015	2025-02-01	3	502.5	0.4	0	1	1400	0	33.2		7
2022110015	2025-04-12	4	810.0	0.2	0	1	1600	0	33.6		14
2022110015	2025-06-21	7	0.0	0.6	0	1	1400	0	35.0	5.0	14
2022110015	2025-09-27	15	0.0	1.2	0	1	1200	0	34.2	5.0	16
2022110015	2025-11-23	5	114.0	0.3	1	1	1400	0	33.5	3.0	18
2022110015	2026-01-17	9	0.0	0.4	0	1	1200	0	33.4	3.0	16
2022110038	2024-11-30	5	72.0	0.3	0	1	1200	0	34.6	0.0	16
2022110038	2024-12-22	1	550.0	0.0	0	1	1200	0	35.8	1.0	16
2022110038	2025-02-15	7	0.0	0.6	0	1	1400	0	33.9	2.0	12
2022110038	2025-03-29	3	200.0	0.4	3	1	1200	2	36.2	2.0	10
2022110038	2025-04-20	3	200.0	0.6	1	1	1200	0	33.1	2.0	11
2022110038	2025-05-25	4	120.0	0.5	1	1	1200	1	35.0	2.0	13
2022110038	2025-06-21	3	284.0	0.3	1	1	1200	0	34.7	5.0	10
2022110038	2025-07-19	4	120.0	0.3	0	1	1200	0	34.7	2.0	16
2022110038	2025-08-17	3	285.3	0.2	1	1	1200	2	34.5	5.0	16
2022110038	2025-08-30	4	120.0	0.5	1	1	1200	2	35.0	2.0	15
2022110038	2025-10-18	1	800.0	0.0	0	1	1400	0	33.5	2.0	17
2022110038	2025-11-23	3	290.0	0.2	1	1	1400	0	32.9	3.0	18
2022110040	2024-12-21	13	0.0	1.4	1	1	1600	0	36.8	0.0	17
2022110040	2025-02-02	10	0.0	1.1	1	1	1600	2	37.4	1.0	11
2022110040	2025-02-16	6	0.0	1.0	1	1	2000	2	36.6	1.0	14
2022110040	2025-03-08	2	220.0	0.0	0	1	2000	0	34.3	1.0	13
2022110040	2025-03-29	3	140.0	0.4	0	1	2200	1	36.0	1.0	18
2022110040	2025-05-25	9	0.0	1.0	2	1	2200	2	38.5	1.0	16
2022110040	2025-06-22	4	84.0	1.8	0	1	2400	0	36.5	1.0	15
2022110040	2025-07-20	4	84.0	0.3	0	1	2000	0	36.4	1.0	18
2022110040	2025-08-02	5	56.0	0.6	0	1	2000	0	35.2	1.0	14
2022110040	2025-08-30	1	560.0	0.0	0	1	2200	0	34.8	1.0	15
2022110040	2026-01-12	4	120.0	0.2	0	1	2000	0	35.1	2.0	18
2022110068	2024-12-21	13	0.0	2.0	1	0	1400	0	39.7	0.0	16
2022110068	2025-04-13	9	0.0	1.0	1	1	1800	0	35.4	1.0	16
2022110068	2025-07-20	7	0.0	0.7	0	0	1700	0	38.7	1.0	15
2022110068	2025-08-23	2	220.0	1.0	0	0	1700	1	38.1	1.0	14
2022110068	2025-09-07	9	0.0	1.5	1	0	1700	2	40.3	1.0	14
2022110068	2025-11-08	7	0.0	1.2	0	0	1300	0	35.8	2.0	16
2022110068	2025-12-07	14	0.0	3.9	0	0	1800	0	39.1	2.0	14
2022110068	2026-01-25	9	0.0	2.7	0	1	1800	0	37.7	2.0	9
2022110077	2024-07-27	12	0.0	2.1	0	1	1400	0	37.0	0.0	15
2022110077	2024-09-22	4	83.0	0.8	1	1	1400	0	36.6	1.0	18
2022110077	2024-10-20	1	550.0	0.0	0	1	1200	2	35.3	1.0	10
2022110077	2024-11-16	2	436.0	0.1	2	1	1400	0	34.0	2.0	9
2022110077	2024-12-07	8	0.0	1.0	1	1	1400	0	36.4	2.0	12
2022110077	2025-03-08	7	0.0	0.8	1	1	1400	0	35.9		18
2022110077	2025-04-12	10	0.0	6.7	0	1	1200	0	40.1	2.0	11
2022110077	2025-05-25	6	0.0	0.6	1	1	1200	1	35.3	2.0	13
2022110077	2025-08-03	16	0.0	1.3	0	1	1400	0	34.5	2.0	18
2022110077	2025-09-13	6	0.0	0.4	1	1	1400	0	34.7	2.0	18
2022110077	2025-10-19	1	800.0	0.0	1	0	1200	0	35.6	2.0	12
2022110077	2025-11-15	5	155.0	0.5	0	0	1200	0	36.2	5.0	15
2022110077	2026-01-05	1	1190.0	0.0	0	0	1200	0	36.0	3.0	15
2022110113	2024-10-05	4	110.0	2.2	0	0	1400	2	39.1	0.0	16
2022110113	2024-10-27	3	140.0	0.9	0	0	1200	0	37.6	1.0	15
2022110113	2024-11-16	10	0.0	2.3	1	0	1400	0	40.8	1.0	13
2022110113	2025-01-18	5	56.0	0.7	0	0	1200	0	37.6	1.0	16
2022110113	2025-02-04	1	250.0	0.0	0	0	1500	2	41.1		14
2022110113	2025-05-04	13	0.0	4.1	0	0	1400	2	40.0	2.0	16
2022110113	2025-07-06	11	0.0	1.5	0	0	1000	0	35.7	2.0	14
2022110113	2025-10-11	16	0.0	4.7	0	0	1400	0	40.8	2.0	16
2022110113	2025-12-17	2	36.0	0.3	3	0	1400	2	38.7	5.0	8
2022110128	2024-09-29	2	290.0	0.5	1	1	1200	0	34.7	0.0	16
2022110128	2024-10-19	2	220.0	0.1	0	0	1400	0	37.3	1.0	15
2022110128	2024-11-17	3	140.0	0.4	0	0	1300	0	36.7	1.0	16
2022110128	2024-12-22	1	550.0	0.0	0	0	1200	0	38.1	1.0	16
2022110128	2025-03-23	11	0.0	1.8	0	0	1200	0	38.6	2.0	15
2022110128	2025-07-19	6	0.0	0.4	0	0	1150	0	37.2	2.0	11
2022110128	2025-08-30	15	0.0	5.5	0	0	1200	0	41.5	2.0	15
2022110151	2024-10-19	8	0.0	0.9	1	1	1400	2	36.2	0.0	14
2022110151	2024-11-17	3	140.0	0.3	1	1	1200	0	35.7	1.0	18
2022110151	2024-12-14	11	0.0	1.4	1	1	1200	0	35.4	1.0	15
2022110151	2025-02-08	10	0.0	1.6	4	1	1200	2	36.9	1.0	18
2022110151	2025-03-15	1	560.0	0.0	1	0	1200	0	36.8	1.0	16
2022110151	2025-04-27	1	800.0	0.0	0	0	1400	0	37.1	2.0	10
2022110151	2025-07-13	7	0.0	0.6	1	0	1000	0	35.7	5.0	14
2022110151	2025-09-15	3	394.0	0.3	0	0	1200	0	36.0	5.0	13
2022110151	2025-11-02	1	1140.0	0.0	0	0	1200	2	35.0	3.0	15
2022110151	2025-12-06	2	750.0	0.4	0	0	1200	0	36.0	4.0	16
2023100051	2025-08-24	9	0.0	1.2	0	1	2000	0	37.5	0.0	14
2023100051	2025-11-22	14	0.0	3.4	0	0	1700	0	41.7	1.0	14
2023100143	2025-07-12	2	300.0	0.1	1	1	1200	0	35.5	0.0	11
2023100143	2025-08-10	12	0.0	1.8	3	1	1400	2	35.9	1.0	18
2023100143	2025-11-09	9	0.0	0.7	1	1	1200	0	36.1	1.0	16
2023100143	2026-01-25	2	240.0	0.1	0	1	1200	0	34.5	1.0	18
2023100215	2025-10-18	14	0.0	3.1	1	0	1200	0	37.9	0.0	15
2023100215	2025-11-29	4	84.0	0.4	0	1	1400	0	34.2	1.0	18
2023100215	2025-12-21	4	84.0	1.0	1	1	1600	1	36.6	1.0	16
2023100241	2025-09-28	6	0.0	0.6	0	1	1400	0	36.1	0.0	18
2023100241	2025-11-09	5	56.0	0.6	3	0	1400	2	38.5	1.0	16
2023100241	2025-11-22	14	0.0	3.8	0	0	1700	0	43.5	1.0	15
2023100241	2026-01-24	10	0.0	0.9	0	0	1200	0	37.5	1.0	14
2023100329	2026-01-12	15	0.0	4.1	0	0	1800	0	39.2	0.0	16
2023100329	2026-01-25	11	0.0	2.6	0	0	1800	0	39.3	1.0	11
2023100377	2025-06-22	8	0.0	1.3	0	1	1600	0	35.7	0.0	16
2023100377	2025-09-15	9	0.0	1.0	1	1	1800	0	34.9	1.0	10
2023100377	2025-10-04	3	140.0	0.7	1	0	1600	0	38.3	1.0	16
2023100377	2025-10-25	4	84.0	1.1	2	0	1600	2	37.3	1.0	15
2023100377	2025-12-27	11	0.0	3.1	1	0	1800	2	40.5	1.0	16
2023100377	2026-01-11	3	150.0	1.2	1	0	1800	0	40.1	1.0	16
2023100448	2025-10-11	4	110.0	0.9	1	1	1400	0	34.1	0.0	17
2023100448	2025-10-25	3	140.0	0.3	1	1	1400	0	35.5	1.0	12
2023100448	2025-12-07	3	140.0	0.1	0	1	1600	0	34.0	1.0	14
2023100448	2025-12-20	2	220.0	0.1	1	1	1600	2	35.5	1.0	16
2023100541	2025-06-29	9	0.0	3.1	0	1	1200	0	36.7	0.0	10
2023100541	2025-10-05	10	0.0	2.0	2	0	1400	1	37.8	1.0	16
2023100541	2025-10-18	8	0.0	2.3	1	0	1800	2	40.1	1.0	10
2023100541	2025-11-02	9	0.0	2.6	0	0	1800	2	39.6	1.0	15
2023100541	2026-01-25	7	0.0	1.3	0	0	1800	0	38.4	1.0	11
2023100596	2025-11-16	9	0.0	4.6	0	1	2000	0	39.9	0.0	9
2023100596	2025-12-14	4	84.0	0.8	1	0	1400	2	37.7	1.0	16
2023100596	2026-01-04	8	0.0	1.1	0	0	1400	0	38.9	1.0	16
2023100596	2026-01-25	4	89.0	1.4	0	0	1700	0	38.4	1.0	11
2023100624	2025-12-20	16	0.0	4.1	1	1	2000	0	37.1	0.0	17
2023100737	2025-11-15	6	0.0	1.2	0	1	1800	0	34.8	0.0	10
2023100741	2025-10-18	4	110.0	1.5	1	0	1400	2	37.7	0.0	16
2023100741	2025-11-15	1	560.0	0.0	0	0	1600	0	38.2	1.0	14
2023100741	2026-01-31	16	0.0	2.8	0	0	1600	0	39.0	2.0	16
2023100770	2025-08-10	14	0.0	3.4	3	0	1200	2	39.3	0.0	15
2023100770	2025-12-28	6	0.0	0.9	0	0	1200	0	37.6	1.0	16
2023100770	2026-01-18	9	0.0	3.3	0	0	1800	0	39.5	1.0	13
2023100789	2025-10-25	12	0.0	1.7	2	0	1400	2	38.2	0.0	16
2023100789	2026-01-11	4	89.0	1.0	1	0	1200	0	37.6	1.0	16
2023100814	2025-09-27	7	0.0	1.6	0	1	2000	0	37.1	0.0	11
2023100814	2025-10-18	3	140.0	0.4	1	1	1600	0	34.5	1.0	7
2023100814	2026-01-18	5	59.0	0.6	0	1	1600	0	37.4	1.0	18
2023100928	2025-10-26	11	0.0	1.7	3	1	1600	2	34.9	0.0	18
2023100928	2025-11-09	13	0.0	2.1	2	1	1800	0	36.4	1.0	14
2023100928	2026-01-05	5	59.0	1.6	0	0	1800	2	40.8	1.0	12
2023100928	2026-01-17	3	150.0	1.2	0	0	1800	0	40.8	1.0	16
2023100935	2025-07-20	5	56.0	1.4	0	1	1200	0	36.3	1.0	6
2023100935	2025-09-14	3	140.0	0.4	1	1	1200	0	33.9	1.0	16
2023100935	2025-09-28	1	560.0	0.0	0	1	1200	0	33.7	1.0	16
2023100935	2025-10-19	7	0.0	0.5	1	1	1400	0	33.9	2.0	8
2023100935	2026-01-11	11	0.0	0.9	0	1	1600	0	35.2		16
2023101046	2025-07-05	3	190.0	0.6	1	1	1200	2	35.4	0.0	9
2023101046	2025-07-20	5	56.0	1.8	0	0	1150	0	38.7	1.0	8
2023101046	2025-08-10	14	0.0	1.9	3	1	1400	2	37.1	1.0	18
2023101046	2025-12-13	10	0.0	1.5	1	1	1600	0	35.9	1.0	16
2023101046	2026-01-11	10	0.0	2.6	1	0	1800	0	40.7	1.0	16
2023101046	2026-01-17	4	89.0	2.1	0	0	1800	0	40.2	1.0	16
2023101053	2026-01-17	15	0.0	3.5	0	0	1400	0	39.9	0.0	16
2023101082	2025-11-09	12	0.0	2.4	3	0	1400	2	38.6	0.0	16
2023101082	2026-01-12	9	0.0	1.3	0	0	1400	0	38.9	1.0	16
2023101101	2025-06-14	8	0.0	2.0	1	1	1400	0	36.8	0.0	10
2023101101	2025-09-14	8	0.0	0.7	1	1	1200	0	35.2	1.0	16
2023101101	2025-12-14	11	0.0	1.2	3	1	1200	0	36.5	1.0	16
2023101101	2026-01-10	4	89.0	1.3	0	0	1200	0	38.1	1.0	16
2023101122	2025-06-22	7	0.0	0.5	1	1	1200	1	34.8	0.0	12
2023101122	2025-07-06	4	84.0	0.5	1	1	1200	2	35.7	1.0	10
2023101122	2025-08-31	3	140.0	0.4	1	1	1200	2	35.8	1.0	10
2023101122	2025-09-06	3	140.0	1.0	0	1	1200	0	35.9	1.0	11
2023101122	2025-11-09	3	140.0	0.5	1	1	1200	0	34.7	1.0	16
2023101122	2025-11-22	8	0.0	1.4	0	1	1200	0	34.5	1.0	18
2023101159	2025-08-09	1	750.0	0.0	1	1	1400	0	34.1	0.0	10
2023101159	2025-10-04	4	170.0	0.1	2	1	1400	1	34.6	2.0	8
2023101159	2025-12-13	5	111.0	0.5	1	1	1400	0	34.2	2.0	11
2023101159	2026-01-17	5	210.0	1.3	0	1	1400	0	34.3		9
2023101161	2025-11-09	2	300.0	0.4	3	0	1400	2	36.8	0.0	16
2023101161	2025-11-23	1	560.0	0.0	0	0	1400	0	37.4	1.0	14
2023101176	2025-08-30	3	190.0	0.2	0	1	1400	0	35.1	0.0	10
2023101176	2025-10-13	8	0.0	0.9	0	1	1400	0	36.2	1.0	16
2023101217	2025-10-11	17	0.0	3.3	1	1	1400	0	34.8	0.0	17
2023101217	2025-10-19	7	0.0	2.6	1	0	1400	2	40.1	1.0	12
2023101217	2025-12-06	15	0.0	2.3	0	0	1400	0	39.9	1.0	16
2023101217	2025-12-14	10	0.0	5.3	1	0	1800	2	42.7	1.0	11
2023101217	2026-01-31	14	0.0	1.6	0	1	1800	0	36.1	1.0	16
2023101231	2025-06-22	9	0.0	1.6	0	0	1200	0	38.3	0.0	16
2023101231	2025-09-27	11	0.0	3.4	0	0	1400	0	39.6	1.0	15
2023101231	2025-10-18	14	0.0	5.4	1	0	1800	0	42.9	1.0	14
2023101231	2026-01-04	4	89.0	0.5	0	0	1400	0	37.5	1.0	16
2023101231	2026-01-25	6	0.0	0.9	0	0	1400	0	37.2	1.0	10
2023101371	2026-01-25	9	0.0	2.1	0	0	1800	0	41.9	0.0	16
2023101397	2025-10-11	1	750.0	0.0	3	0	1400	2	37.0	0.0	16
2023101397	2025-11-29	7	0.0	1.7	1	0	1600	0	38.7	5.0	12
2023101397	2026-01-17	6	0.0	1.9	0	0	1800	0	37.7	2.0	8
2023101448	2025-08-10	13	0.0	3.3	3	0	1200	2	40.1	0.0	15
2023101448	2025-09-28	14	0.0	1.5	0	1	1200	0	34.5	1.0	16
2023101448	2025-11-16	14	0.0	1.9	0	0	1400	0	39.5	1.0	16
2023101448	2025-12-21	6	0.0	1.7	1	0	1200	3	38.2	1.0	16
2023101448	2026-01-11	9	0.0	1.5	1	0	1200	0	39.1	1.0	16
2023101452	2025-08-09	2	300.0	0.2	1	1	1400	0	34.5	0.0	10
2023101452	2025-09-21	2	220.0	0.1	0	0	1400	0	38.3	1.0	13
2023101452	2025-10-05	2	220.0	0.2	2	0	1400	1	37.1	1.0	16
2023101452	2025-11-15	1	560.0	0.0	0	0	1400	0	36.8	1.0	11
2023101452	2026-01-11	2	330.0	0.1	0	0	1400	0	37.3	2.0	10
2023101495	2025-11-08	3	190.0	1.1	0	0	1300	0	36.9	0.0	14
2023101495	2025-11-29	8	0.0	1.7	0	0	1600	0	38.9	1.0	13
2023101558	2025-09-13	5	75.0	0.9	1	1	1600	2	35.3	0.0	16
2023101558	2025-10-11	1	560.0	0.0	3	1	1600	0	33.7	1.0	10
2023101558	2025-11-23	6	0.0	0.8	1	1	1600	0	34.0	2.0	8
2023101591	2025-10-26	3	190.0	0.8	3	1	1600	2	33.9	0.0	18
2023101591	2025-11-15	2	220.0	0.1	0	1	2000	0	36.1	1.0	16
2023101591	2026-01-25	3	150.0	0.2	0	1	2000	0	34.5	1.0	18
2023101627	2025-10-26	9	0.0	1.6	3	1	1600	2	34.4	0.0	18
2023101627	2026-01-10	14	0.0	2.1	0	1	1600	0	36.5	1.0	16
2023101665	2026-01-10	5	59.0	0.4	0	0	1900	0	38.1	1.0	14
2023101676	2025-07-13	4	110.0	0.9	0	1	1200	0	35.6	0.0	7
2023101676	2025-07-20	7	0.0	0.9	0	1	1200	0	35.2	1.0	16
2023101676	2025-09-21	5	56.0	0.4	0	0	1200	2	40.1	1.0	16
2023101676	2025-10-19	4	84.0	1.3	1	0	1200	1	37.8	1.0	15
2023101676	2025-11-16	4	84.0	1.2	0	0	1150	0	38.2	1.0	16
2023101676	2025-11-24	2	220.0	0.4	0	0	1150	0	37.6	1.0	16
2023101676	2026-01-31	2	240.0	0.1	0	0	1000	0	36.2	1.0	14
2023101731	2026-01-12	8	0.0	1.4	0	0	1200	0	38.0	0.0	16
2023101743	2026-01-17	8	0.0	1.6	0	0	1400	0	38.6	0.0	16
2023101792	2025-10-04	2	300.0	0.4	1	1	1400	0	33.5	0.0	17
2023101792	2025-10-26	9	0.0	0.9	2	1	1400	0	37.0	1.0	13
2023101792	2025-12-14	14	0.0	1.7	3	1	1200	0	36.4	1.0	16
2023101796	2025-12-28	3	190.0	0.6	0	0	1400	0	38.2	0.0	16
2023101796	2026-01-25	8	0.0	1.4	0	0	1400	0	38.5	1.0	12
2023101814	2025-10-11	5	75.0	1.1	3	0	1600	2	38.9	0.0	16
2023101814	2025-11-01	4	84.0	0.8	0	0	1600	3	36.2	1.0	16
2023101814	2025-12-13	4	84.0	1.0	1	0	1800	0	39.2	1.0	16
2023101861	2025-10-26	9	0.0	3.6	1	0	1800	1	39.4	0.0	16
2023101865	2025-10-19	2	300.0	0.3	1	1	1400	2	36.2	0.0	18
2023101910	2025-09-28	9	0.0	1.3	0	1	1200	0	33.6	1.0	16
2023101910	2025-12-21	14	0.0	3.5	1	1	1600	1	39.1	1.0	16
2023101910	2026-01-18	5	59.0	0.8	0	0	1200	0	39.1	1.0	16
2023102007	2025-12-14	3	190.0	0.2	1	0	1200	2	37.7	0.0	15
2023102007	2026-01-11	1	590.0	0.0	1	0	1200	0	37.9	1.0	16
2023102122	2025-07-27	6	0.0	0.5	0	1	1600	0	33.0	0.0	9
2023102122	2025-09-21	6	0.0	0.6	0	1	1600	0	35.2	1.0	16
2023102122	2025-12-27	5	56.0	1.3	1	0	1800	2	39.1	1.0	16
2023102122	2026-01-12	3	150.0	1.1	0	0	1800	0	40.0	1.0	16
2023102125	2026-01-12	3	160.0	1.0	0	1	1600	0	34.1	0.0	18
2023102173	2025-11-02	1	750.0	0.0	0	0	1400	2	36.1	0.0	16
2023102182	2025-11-01	5	75.0	0.8	0	0	1400	3	37.0	0.0	16
2023102182	2025-11-23	10	0.0	1.5	1	1	1600	0	35.6	1.0	17
2023102182	2025-12-07	7	0.0	1.0	0	0	1200	0	39.3	1.0	16
2023102182	2026-01-11	5	59.0	1.2	1	0	1200	0	38.8	1.0	16
2023102187	2026-01-31	13	0.0	2.2	0	1	2000	0	35.6	0.0	15
2023102267	2025-06-21	10	0.0	2.8	0	0	1400	0	37.6	0.0	16
2023102267	2025-09-13	6	0.0	2.2	1	0	1800	3	40.2	1.0	11
2023102267	2025-11-15	3	140.0	1.3	0	0	1400	0	37.0	1.0	13
2023102320	2025-11-02	16	0.0	3.4	1	1	1600	0	37.5	0.0	16
2023102357	2025-10-04	5	75.0	0.8	1	1	1400	0	34.5	0.0	17
2023102357	2025-10-26	6	0.0	0.6	2	1	1400	0	36.8	1.0	13
2023102357	2025-11-29	9	0.0	1.2	0	1	1600	0	36.0	1.0	14
2023102358	2026-01-25	11	0.0	2.2	0	0	1800	0	42.1	0.0	16
2023102401	2025-09-06	14	0.0	2.9	0	1	1200	0	34.1	0.0	16
2023102401	2025-09-21	13	0.0	1.9	0	1	1600	0	35.9	1.0	16
2023102401	2025-12-07	5	80.0	1.1	0	0	1200	0	36.3	2.0	6
2023102401	2025-12-27	4	84.0	0.5	1	0	1200	2	38.1	1.0	15
2023102401	2026-01-10	5	59.0	1.2	0	0	1200	0	37.9	1.0	16
2023102410	2025-11-08	8	0.0	0.9	1	1	1400	0	34.4	0.0	13
2023102410	2026-01-24	12	0.0	2.2	1	1	1800	0	35.5	1.0	16
2023102439	2025-07-19	11	0.0	1.8	0	1	1800	0	38.5	0.0	16
2023102439	2025-08-09	5	56.0	0.5	0	1	1500	2	36.3	1.0	12
2023102439	2025-08-23	3	140.0	0.6	1	1	1800	2	37.4	1.0	8
2023102439	2025-09-07	5	56.0	0.4	1	1	1500	2	36.5	1.0	8
2023102439	2025-09-27	6	0.0	1.2	1	1	1600	0	35.7	1.0	16
2023102439	2025-10-12	3	140.0	0.6	0	1	1600	0	34.5	1.0	10
2023102439	2025-11-02	2	220.0	0.5	0	1	1600	0	34.0	1.0	12
2023102442	2025-06-29	8	0.0	2.0	0	1	1800	0	36.6	0.0	13
2023102442	2025-07-12	5	56.0	1.3	1	1	1800	0	37.9	1.0	10
2023102442	2025-08-23	2	220.0	0.1	0	1	2000	0	36.5	1.0	6
2023102442	2025-10-19	4	84.0	0.8	1	1	2000	2	36.8	1.0	12
2023102442	2025-11-15	8	0.0	0.6	0	1	2000	0	36.3	1.0	16
2023102442	2025-12-06	6	0.0	1.3	0	1	2000	0	35.5	1.0	14
2023102442	2026-01-11	10	0.0	0.9	0	1	2200	0	36.5	1.0	17
2023102442	2026-02-01	8	0.0	0.8	1	1	2000	0	35.6	1.0	18
2023102525	2025-11-16	9	0.0	1.9	0	1	1600	0	36.6	0.0	12
2023102525	2026-01-24	6	0.0	1.6	0	0	1200	0	38.5	1.0	16
2023102602	2025-08-17	4	110.0	1.5	3	1	1800	2	36.8	0.0	5
2023102602	2025-09-13	8	0.0	2.6	1	0	1800	3	41.4	1.0	11
2023102602	2025-12-06	3	140.0	0.8	0	0	1400	0	39.0	1.0	16
2023102602	2025-12-27	7	0.0	0.7	1	0	1200	2	39.1	1.0	15
2023102602	2026-01-25	5	59.0	0.7	0	0	1200	0	38.7	1.0	16
2023102633	2025-12-20	2	300.0	0.0	1	1	1800	0	34.8	0.0	16
2023102633	2026-01-11	3	150.0	1.1	1	0	1800	0	40.0	1.0	16
2023102694	2025-06-22	5	75.0	1.1	0	1	1400	0	35.0	0.0	16
2023102694	2025-09-06	1	560.0	0.0	0	1	1600	0	34.3	1.0	12
2023102694	2025-09-28	5	111.0	0.7	0	1	1600	0	34.3	2.0	8
2023102694	2025-11-08	3	958.0	0.5	0	1	1400	0	33.0		16
2023102694	2026-01-11	7	0.0	0.6	0	1	1600	0	35.2		16
2023102758	2026-01-25	14	0.0	4.8	0	0	1800	0	43.9	1.0	14
2023102773	2026-01-04	2	260.0	0.9	0	0	1800	0	39.1	0.0	12
2023102773	2026-01-25	10	0.0	4.4	0	0	1700	0	40.0	1.0	11
2023102802	2025-11-01	6	0.0	0.5	0	1	1600	2	33.6	0.0	13
2023102802	2025-11-16	6	0.0	0.6	0	1	1800	0	35.9	1.0	18
2023102802	2025-12-07	9	0.0	0.6	0	1	1600	0	34.5	1.0	14
2023102802	2026-01-24	7	0.0	1.5	1	1	1800	0	35.3	1.0	16
2023102841	2025-09-27	15	0.0	4.2	0	0	1800	0	41.5	0.0	16
2023102841	2026-01-11	13	0.0	4.1	1	0	1800	0	44.2	1.0	16
2023102909	2025-08-03	4	110.0	1.0	0	0	1800	0	39.3	0.0	15
2023102909	2025-10-05	6	0.0	1.5	2	0	1400	1	37.9	1.0	16
2023102909	2025-10-26	5	56.0	0.7	2	0	1800	0	40.3	1.0	13
2023102915	2025-06-14	7	0.0	1.6	1	1	1400	0	36.0	0.0	10
2023102915	2025-10-25	6	0.0	1.3	2	0	1600	2	37.0	1.0	15
2023102915	2025-11-15	5	56.0	0.8	0	0	1600	0	38.6	1.0	14
2023102915	2025-12-06	9	0.0	2.3	0	0	1800	0	39.9	1.0	16
2023102919	2026-01-12	17	0.0	3.6	0	1	1600	0	36.8	0.0	18
2023102919	2026-01-31	9	0.0	2.4	0	0	1800	0	39.1	1.0	11
2023102939	2025-11-15	4	110.0	0.3	0	1	1600	0	35.3	0.0	18
2023102939	2025-12-06	8	0.0	1.5	0	1	1600	0	34.0	1.0	17
2023102992	2026-01-25	9	0.0	0.8	0	1	1600	0	35.9	0.0	18
2023103032	2025-06-28	5	75.0	0.2	0	1	1200	2	35.8	0.0	16
2023103032	2025-07-20	2	220.0	0.1	0	1	1200	0	35.3	1.0	16
2023103032	2025-09-14	5	56.0	0.4	1	1	1200	0	34.2	1.0	16
2023103032	2025-11-15	1	560.0	0.0	0	1	1200	0	35.2	1.0	16
2023103032	2025-12-13	2	448.0	0.4	1	1	1200	0	34.1	2.0	13
2023103032	2026-01-12	7	0.0	0.6	0	1	1200	0	34.3	2.0	11
2023103034	2026-01-25	12	0.0	2.2	0	0	1800	0	40.6	0.0	16
2023103073	2025-07-06	6	0.0	0.7	1	1	1200	0	35.8	0.0	11
2023103073	2025-07-26	8	0.0	3.4	0	0	1200	0	40.5	1.0	8
2023103073	2025-09-21	12	0.0	1.9	0	1	1600	0	36.8	1.0	16
2023103073	2025-10-13	10	0.0	2.1	0	1	1400	0	36.7	1.0	12
2023103085	2025-07-03	1	250.0	0.0	1	0	1200	2	38.8	0.0	7
2023103085	2025-07-22	5	21.0	1.8	0	0	1200	0	40.2	5.0	8
2023103085	2025-08-23	3	402.9	0.8	0	1	1500	0	37.0	5.0	9
2023103085	2025-10-26	6	0.0	1.4	3	0	1400	2	38.0	18.0	12
2023103085	2026-01-17	6	0.0	0.5	0	1	1600	0	34.4	2.0	8
2023103153	2025-11-02	4	110.0	0.7	1	1	1600	0	34.3	0.0	16
2023103153	2025-11-23	4	84.0	0.7	1	1	1800	0	34.9	1.0	18
2023103153	2026-01-05	1	590.0	0.0	0	1	1600	0	35.4	1.0	14
2023103153	2026-01-25	5	114.0	0.7	0	1	1600	0	36.5	2.0	9
2023103178	2025-06-07	7	0.0	1.9	0	1	1600	0	35.2	0.0	9
2023103178	2025-09-13	6	0.0	0.6	1	1	1600	2	35.3	1.0	11
2023103178	2025-10-12	2	220.0	0.3	0	1	1600	0	33.8	1.0	10
2023103240	2025-11-09	6	0.0	1.1	3	0	1400	2	37.3	0.0	16
2023103240	2025-11-22	4	84.0	1.8	0	0	1800	0	38.6	1.0	15
2023103240	2026-01-24	5	59.0	1.3	1	0	1700	0	39.2	1.0	10
2023103263	2025-07-19	9	0.0	1.2	0	1	1200	0	36.8	0.0	16
2023103263	2025-08-10	10	0.0	3.3	1	1	1600	0	36.6	1.0	12
2023103263	2025-11-16	7	0.0	0.5	0	0	1400	0	37.7	1.0	16
2023103263	2025-11-29	3	140.0	0.3	0	0	1400	0	37.6	1.0	14
2023103263	2025-12-14	2	220.0	0.2	1	0	1400	2	38.3	1.0	13
2023103263	2025-12-27	1	560.0	0.0	1	0	1200	2	37.6	1.0	16
2023103263	2026-01-11	3	210.0	0.3	0	0	1400	0	38.1	2.0	10
2023103274	2025-12-27	2	300.0	0.3	1	0	1200	2	37.8	0.0	14
2023103274	2026-01-12	1	590.0	0.0	0	0	1200	0	37.6	1.0	16
2023103319	2025-10-19	12	0.0	1.6	1	1	1400	0	36.1	0.0	17
2023103319	2025-11-01	9	0.0	0.7	0	1	1200	2	35.1	1.0	12
2023103319	2026-01-17	15	0.0	2.1	0	0	1200	0	38.6	1.0	16
2023103348	2025-06-22	5	75.0	0.7	0	1	1600	0	34.7	0.0	10
2023103348	2025-08-24	5	56.0	0.9	0	1	1600	0	35.3	1.0	8
2023103348	2025-12-06	6	0.0	0.9	0	1	1600	0	33.9	1.0	17
2023103353	2025-09-06	2	300.0	0.1	0	1	1400	0	34.4	0.0	11
2023103353	2025-10-13	2	220.0	0.3	0	1	1400	0	35.4	1.0	16
2023103353	2025-12-07	13	0.0	1.8	0	1	1400	0	36.2	1.0	18
2023103368	2025-11-22	11	0.0	1.6	0	1	1600	0	34.9	0.0	17
2023103368	2025-12-13	2	220.0	0.5	0	1	2000	0	35.5	1.0	8
2023103378	2025-06-29	10	0.0	4.2	0	1	1200	0	37.7	0.0	10
2023103378	2025-09-14	11	0.0	4.4	1	0	1400	0	38.3	1.0	13
2023103378	2025-12-20	13	0.0	2.9	0	0	1400	0	38.7	1.0	16
2023103378	2026-01-10	5	59.0	1.6	0	0	1800	0	38.4	1.0	16
2023103379	2025-09-14	7	0.0	1.5	1	1	1800	0	34.4	0.0	10
2023103379	2025-10-04	4	84.0	1.1	3	1	2000	2	35.0	1.0	8
2023103379	2025-12-14	8	0.0	2.6	1	0	1800	2	41.0	1.0	13
2023103379	2026-01-10	3	150.0	0.9	0	0	1800	0	38.8	1.0	16
2023103437	2025-08-24	3	190.0	0.8	0	1	1600	0	34.0	0.0	13
2023103437	2025-10-25	3	140.0	0.3	2	1	1600	0	34.8	1.0	10
2023103456	2025-12-20	1	750.0	0.0	0	1	1600	0	34.1	0.0	18
2023103499	2025-07-26	15	0.0	3.3	0	1	1400	0	35.4	0.0	18
2023103499	2025-10-19	1	560.0	0.0	1	1	1400	0	33.8	1.0	13
2023103501	2025-09-06	5	75.0	1.1	0	1	1400	0	34.5	0.0	11
2023103501	2025-09-20	6	0.0	1.5	1	1	2000	0	36.7	1.0	7
2023103501	2026-01-05	11	0.0	1.1	0	1	1600	0	35.8	1.0	14
2023103501	2026-01-24	8	0.0	1.6	1	0	1700	0	39.7	1.0	10
2023103535	2025-11-22	6	0.0	1.1	0	1	1600	0	35.7	0.0	17
2023103535	2025-12-07	4	84.0	0.3	0	1	1600	0	34.4	1.0	14
2023103618	2025-11-02	3	190.0	0.7	1	1	1600	0	34.5	0.0	16
2023103618	2025-11-16	10	0.0	2.0	0	1	1600	0	36.8	1.0	15
2023103618	2025-12-21	11	0.0	2.5	3	0	1800	2	41.3	1.0	12
2023103657	2025-10-26	10	0.0	1.7	3	1	1600	2	34.8	0.0	18
2023103657	2025-11-08	8	0.0	1.5	1	1	2000	0	34.1	1.0	12
2023103657	2025-11-24	6	0.0	2.7	0	0	1600	0	39.5	1.0	15
2023103657	2026-01-25	15	0.0	3.7	0	0	1700	0	42.2	1.0	16
2023103694	2025-08-03	5	75.0	1.0	0	1	1600	0	34.5	0.0	13
2023103694	2025-09-21	4	84.0	0.4	0	1	1600	0	35.7	1.0	16
2023103694	2025-10-13	7	0.0	2.1	1	0	1600	0	41.5	1.0	15
2023103694	2026-01-04	3	150.0	0.2	0	1	1600	0	35.3	1.0	16
2023103694	2026-01-18	3	150.0	0.1	0	1	1600	0	35.8	1.0	16
2023103699	2025-08-17	14	0.0	3.3	0	0	1400	0	39.8	0.0	16
2023103699	2025-10-19	5	56.0	1.9	1	0	1400	2	39.8	1.0	12
2023103699	2025-12-13	6	0.0	0.6	0	0	1400	0	39.1	1.0	15
2023103717	2025-11-09	5	75.0	0.7	2	0	1600	2	37.9	0.0	15
2023103717	2026-01-10	1	590.0	0.0	0	0	1200	0	36.9	1.0	16
2023103751	2025-06-28	2	300.0	0.1	0	0	1150	0	37.8	0.0	11
2023103751	2025-08-09	2	220.0	2.0	0	0	1200	0	37.2	1.0	15
2023103751	2025-10-13	4	84.0	0.8	0	0	1400	0	37.5	1.0	13
2023103751	2025-11-09	1	560.0	0.0	1	0	1150	0	37.3	1.0	16
2023103776	2026-01-24	3	160.0	0.4	0	0	1800	0	37.1	0.0	16
2023103815	2025-11-23	4	110.0	0.8	0	0	1800	0	38.1	0.0	7
2023103815	2025-12-13	4	84.0	0.3	0	0	1400	0	38.5	1.0	15
2023103820	2026-01-18	4	98.0	0.7	0	1	1600	0	34.0	0.0	16
2023103830	2026-01-24	13	0.0	1.7	0	1	2000	0	35.0	0.0	18
2023103836	2025-08-30	2	300.0	0.1	0	1	1400	0	35.2	0.0	10
2023103836	2025-10-25	1	560.0	0.0	1	1	1400	0	35.3	1.0	12
2023103836	2025-12-14	17	0.0	2.4	0	1	1600	0	37.6		18
2023103836	2025-12-27	4	170.0	0.4	0	1	1400	0	33.8	2.0	10
2023103884	2026-01-12	2	260.0	0.1	0	0	1800	0	36.5	0.0	16
2023103904	2025-12-20	2	300.0	0.3	0	0	1800	0	37.4	0.0	16
2023103916	2025-09-27	4	110.0	0.3	0	1	1600	0	35.0	0.0	16
2023103916	2025-10-26	8	0.0	1.4	1	1	1600	2	38.1	1.0	10
2023103920	2026-01-24	6	0.0	1.2	0	0	1200	0	38.5	0.0	16
2023103931	2026-01-05	16	0.0	4.8	0	1	1600	0	39.3	0.0	16
2023103942	2025-08-24	9	0.0	1.8	0	1	1600	0	35.0	0.0	13
2023103942	2025-09-14	4	84.0	1.2	1	0	1200	2	38.5	1.0	15
2023103942	2025-11-15	2	220.0	1.3	0	0	1400	0	38.2	1.0	13
2023103942	2025-11-30	13	0.0	1.9	0	0	1400	0	38.8	1.0	16
2023104018	2025-11-24	6	0.0	1.2	0	1	1400	0	33.7	0.0	14
2023104018	2025-12-28	10	0.0	1.3	0	0	1200	0	39.0	1.0	16
2023104068	2025-10-26	1	750.0	0.0	2	1	1400	2	34.2	0.0	18
2023104068	2026-01-11	16	0.0	1.2	0	1	1600	0	36.7		16
2023104084	2025-11-09	13	0.0	2.8	3	0	1400	2	38.8	0.0	16
2023104084	2025-12-06	11	0.0	2.4	0	0	1200	0	38.1	1.0	16
2023104084	2025-12-28	6	0.0	0.6	0	1	1400	0	35.4	1.0	17
2023104108	2025-05-28	1	250.0	0.0	1	0	1000	0	38.9	0.0	11
2023104108	2025-07-01	9	0.0	2.7	0	0	1200	0	40.7	5.0	9
2023104108	2025-07-15	6	0.0	1.6	1	0	1200	2	40.5	5.0	9
2023104108	2025-11-23	8	0.0	3.0	1	1	1600	0	35.8	2.0	8
2023104128	2025-08-02	12	0.0	3.9	0	1	1800	0	36.3	0.0	12
2023104128	2025-09-14	11	0.0	9.8	1	0	1800	2	46.2	1.0	11
2023104150	2025-08-16	11	0.0	2.1	0	1	1400	0	36.8	0.0	17
2023104150	2025-10-05	3	140.0	1.2	1	0	1400	0	37.5	1.0	16
2023104150	2025-10-18	2	220.0	0.3	0	0	1400	0	36.7	1.0	9
2023104150	2025-11-15	1	560.0	0.0	0	0	1400	0	37.3	1.0	13
2023104232	2025-06-29	4	110.0	0.4	1	1	1200	0	34.9	0.0	12
2023104232	2025-07-05	5	56.0	1.1	0	1	1200	1	36.9	1.0	8
2023104232	2025-09-07	8	0.0	2.7	0	0	1200	0	38.9	1.0	15
2023104232	2025-09-21	10	0.0	1.6	0	1	1600	0	37.2	1.0	16
2023104232	2025-11-15	10	0.0	0.6	0	1	1200	0	35.5	1.0	16
2023104232	2025-12-28	5	56.0	0.7	0	0	1200	0	38.4	1.0	16
2023104232	2026-01-24	2	240.0	0.9	0	0	1200	0	37.8	1.0	16
2023104309	2025-08-16	13	0.0	2.3	0	1	1400	0	36.3	0.0	17
2023104309	2025-09-07	7	0.0	2.6	0	0	1200	0	38.3	1.0	15
2023104309	2025-10-05	5	56.0	1.8	1	0	1400	0	37.6	1.0	16
2023104309	2025-10-26	1	560.0	0.0	2	0	1400	3	36.1	1.0	14
2023104376	2025-12-21	6	0.0	0.3	3	1	1800	1	34.2	0.0	12
2023104381	2025-10-25	4	110.0	1.1	1	1	1600	0	35.5	0.0	14
2023104381	2026-01-10	18	0.0	3.5	0	1	1600	0	38.0	1.0	18
2023104401	2025-10-11	6	0.0	0.3	3	1	1600	0	34.2	0.0	14
2023104475	2025-10-18	1	750.0	0.0	2	1	1600	0	34.2	0.0	13
2023104475	2025-11-30	2	446.6	0.5	0	1	1600	0	34.8	2.0	11
2023104475	2025-12-14	4	980.0	0.3	0	1	1600	0	34.5		18
2023104505	2025-09-20	12	0.0	1.1	1	1	1600	0	34.7	0.0	16
2023104505	2025-10-11	5	56.0	1.6	3	1	1800	0	34.8	1.0	10
2023104505	2025-10-26	5	56.0	0.5	2	1	1400	0	35.9	1.0	13
2023104505	2025-11-15	4	84.0	0.1	0	1	1200	0	35.0	1.0	16
2023104505	2025-12-06	3	140.0	0.2	0	1	1200	0	34.5	1.0	18
2023104520	2025-11-29	3	190.0	0.1	0	1	1600	0	35.1	0.0	12
2023104520	2025-12-20	12	0.0	1.2	1	1	1600	2	36.9	1.0	16
2023104539	2025-09-06	5	75.0	2.9	0	0	1400	2	39.3	0.0	13
2023104539	2025-09-13	3	140.0	0.7	1	0	1200	0	36.9	1.0	8
2023104539	2025-10-11	7	0.0	1.0	1	0	1200	0	38.2	1.0	16
2023104603	2025-08-09	8	0.0	2.2	0	1	1800	2	37.8	0.0	11
2023104603	2025-08-30	4	84.0	1.8	2	1	1800	2	38.1	1.0	7
2023104603	2025-09-07	6	0.0	1.0	1	1	1500	2	37.2	1.0	8
2023104603	2025-11-29	17	0.0	1.8	0	1	1400	0	35.7	1.0	18
2023104603	2025-12-28	7	0.0	1.5	0	0	1800	0	41.4	1.0	16
2023104603	2026-01-11	11	0.0	3.9	1	0	1800	0	43.5	1.0	16
2023104606	2025-10-19	10	0.0	0.9	3	1	1800	0	33.9	0.0	18
2023104669	2025-11-08	6	0.0	1.2	0	1	1400	0	36.0	0.0	11
2023104669	2025-12-28	16	0.0	1.6	0	1	1400	0	36.1	1.0	17
2023104669	2026-01-24	11	0.0	1.0	0	0	1200	0	36.6	1.0	14
2023104679	2025-08-31	6	0.0	0.8	0	1	1800	0	35.4	0.0	12
2023104679	2025-11-23	13	0.0	1.4	1	1	1800	0	35.5	1.0	18
2023104679	2025-12-06	7	0.0	1.3	0	0	1800	0	41.3	1.0	13
2023104679	2026-02-01	6	0.0	1.9	0	0	1600	0	38.6	1.0	16
2023104692	2025-09-06	12	0.0	8.4	0	0	1400	2	45.0	0.0	13
2023104692	2025-10-13	4	84.0	1.4	0	0	1400	0	38.5	1.0	8
2023104692	2026-01-04	12	0.0	1.5	0	0	1400	0	38.6	1.0	16
2023104692	2026-01-25	5	59.0	0.8	0	0	1400	0	36.9	1.0	10
2023104703	2025-11-23	8	0.0	1.3	0	1	1800	0	35.2	0.0	9
2023104703	2025-12-13	9	0.0	4.9	0	0	1800	0	41.6	1.0	10
2023104849	2025-10-25	15	0.0	3.7	2	0	1600	2	38.2	0.0	16
2023104849	2026-01-12	2	240.0	0.1	0	0	1200	0	37.5	1.0	16
2023104849	2026-01-24	1	590.0	0.0	0	0	1200	0	37.3	1.0	16
2023104856	2025-07-26	1	750.0	0.0	0	1	1400	0	35.2	0.0	11
2023104856	2025-08-31	3	786.5	1.1	0	1	1400	0	35.4		13
2023104856	2025-11-15	5	380.0	1.4	0	1	1600	0	35.6		8
2023104856	2025-12-21	14	0.0	2.0	3	0	1400	2	38.7	2.0	16
2023104869	2025-10-25	15	0.0	3.6	1	0	1400	0	41.5	0.0	16
2023104869	2025-12-20	13	0.0	1.4	1	1	2000	2	36.2	1.0	18
2023104989	2026-01-12	14	0.0	3.9	0	0	1800	0	39.1	0.0	16
2023104989	2026-01-25	6	0.0	2.0	0	0	1700	0	38.4	1.0	11
2023104991	2025-10-19	1	750.0	0.0	1	1	1400	2	35.9	0.0	18
2023104991	2025-12-13	8	0.0	0.9	1	1	1400	0	34.3	2.0	11
2023104997	2025-06-22	13	0.0	2.5	0	0	1200	0	40.8	0.0	16
2023104997	2025-08-30	11	0.0	3.8	0	0	1800	0	42.4	1.0	14
2023104997	2025-09-13	8	0.0	3.5	1	0	1200	0	40.2	1.0	8
2023105022	2025-10-19	9	0.0	2.2	3	0	1600	0	37.6	0.0	16
2023105022	2025-12-06	6	0.0	1.0	0	0	1400	0	39.2	1.0	16
2023105035	2025-08-16	2	300.0	0.1	0	1	1200	0	33.9	0.0	10
2023105035	2025-08-23	1	560.0	0.0	1	1	1400	0	33.6	1.0	9
2023105035	2025-10-04	2	445.0	0.1	2	1	1400	1	34.1	2.0	8
2023105035	2025-11-01	3	736.2	0.0	0	1	1400	0	33.2		12
2023105035	2025-11-30	5	111.0	0.8	0	1	1600	0	35.2	2.0	11
2023105060	2026-01-17	4	98.0	0.2	0	0	1800	0	40.4	0.0	16
2023105092	2025-06-29	10	0.0	2.1	1	1	1200	0	35.7	0.0	12
2023105092	2025-07-20	16	0.0	4.5	0	1	1200	0	37.2	1.0	16
2023105092	2025-10-11	1	560.0	0.0	3	0	1300	0	36.7	1.0	16
2023105092	2025-11-09	2	450.0	0.9	2	0	1400	2	36.8	2.0	15
2023105092	2025-12-21	6	0.0	0.4	3	0	1400	2	36.7	2.0	16
2023105140	2025-08-17	9	0.0	2.2	0	0	1400	0	38.5	0.0	16
2023105140	2025-09-06	2	220.0	0.2	0	0	1400	1	37.2	1.0	9
2023105140	2025-10-05	1	560.0	0.0	2	0	1400	1	37.1	1.0	16
2023105140	2026-01-11	10	0.0	2.5	0	0	1400	0	40.2	2.0	10
2023105279	2025-06-15	2	300.0	0.2	0	1	1200	0	35.1	0.0	9
2023105279	2025-06-29	2	220.0	0.1	1	1	1200	0	35.1	1.0	12
2023105279	2025-08-09	2	220.0	0.0	0	1	1500	2	36.1	1.0	12
2023105279	2025-08-24	3	140.0	0.2	0	1	1500	0	35.5	1.0	11
2023105279	2026-01-04	5	59.0	0.5	0	0	1400	0	38.5	1.0	16
2023105279	2026-01-11	6	0.0	1.3	1	0	1400	0	39.2	1.0	16
2023105279	2026-01-25	3	150.0	1.4	0	0	1700	0	38.3	1.0	11
2023105290	2025-11-15	6	0.0	0.6	0	1	1600	0	35.7	0.0	18
2023105290	2026-01-18	4	89.0	0.4	0	1	1600	0	36.5	1.0	18
2023105325	2025-09-20	1	750.0	0.0	1	1	1200	0	33.9	0.0	11
2023105325	2025-11-23	3	282.4	0.5	1	1	1600	0	34.0	2.0	8
2023105340	2025-08-23	9	0.0	3.6	0	0	1800	0	40.6	0.0	12
2023105405	2026-01-25	10	0.0	1.2	0	0	1900	0	39.6	1.0	16
2023105418	2025-11-08	6	0.0	1.2	0	1	1800	0	35.1	0.0	9
2023105418	2025-11-23	7	0.0	0.7	0	1	2000	0	35.8	1.0	16
2023105418	2026-01-25	2	240.0	0.2	0	1	2000	0	34.4	1.0	18
2023105429	2025-12-13	6	0.0	2.5	0	0	1800	0	41.4	0.0	15
2023105467	2025-11-02	5	75.0	3.0	0	0	1400	2	38.9	0.0	16
2023105467	2025-11-15	10	0.0	3.0	0	0	1400	0	38.8	1.0	11
2023105467	2025-11-29	7	0.0	4.0	0	0	1800	0	41.1	1.0	11
2023105518	2025-07-26	8	0.0	0.9	0	1	1600	0	34.4	0.0	12
2023105518	2025-08-31	6	0.0	0.8	0	1	1400	0	37.0	1.0	18
2023105518	2025-11-15	13	0.0	1.3	0	1	1200	0	35.6	1.0	16
2023105545	2025-06-21	1	750.0	0.0	1	0	1000	0	35.9	0.0	9
2023105545	2025-07-20	5	310.0	1.0	0	1	1200	0	34.5		12
2023105545	2025-08-23	4	240.0	1.1	0	1	1500	0	37.6	5.0	9
2023105545	2025-08-30	6	0.0	1.0	1	1	1200	2	36.8	5.0	13
2023105545	2025-11-16	7	0.0	0.5	0	1	1200	0	35.2	5.0	16
2023105545	2025-11-22	4	170.0	0.8	0	1	1400	0	34.3	2.0	9
2023105545	2025-12-21	2	449.8	0.2	3	0	1400	2	36.7	2.0	16
2023105545	2026-01-11	5	82.0	0.6	0	0	1400	0	38.2	2.0	10
2023105587	2025-09-13	13	0.0	3.8	1	0	1400	0	41.4	0.0	13
2023105587	2025-11-22	12	0.0	2.8	0	1	1200	0	35.9	1.0	18
2023105587	2025-11-29	10	0.0	1.2	0	1	1600	0	35.5	1.0	14
2023105587	2026-01-17	6	0.0	0.2	0	1	2000	0	35.9	1.0	18
2023105592	2025-10-11	7	0.0	3.3	3	0	1400	2	38.9	0.0	16
2023105593	2025-11-30	4	110.0	1.1	0	1	2000	0	35.7	0.0	8
2023105593	2025-12-20	7	0.0	0.5	1	1	2000	2	35.8	1.0	18
2023105593	2026-01-24	4	89.0	0.4	1	1	1800	0	34.3	1.0	16
2023105608	2025-11-29	2	300.0	1.1	0	0	1400	0	37.0	0.0	16
2023105666	2025-10-18	13	0.0	3.7	2	1	1600	0	37.3	0.0	13
2023105720	2025-09-28	3	190.0	0.0	0	1	1400	0	35.0	0.0	18
2023105720	2025-10-25	4	84.0	0.3	1	1	1400	0	34.9	1.0	12
2023105726	2025-11-23	3	190.0	0.4	1	1	2000	0	34.3	0.0	11
2023105726	2025-12-14	5	56.0	1.8	3	1	2000	2	37.8	1.0	18
2023105726	2026-02-01	4	89.0	0.2	1	1	2000	0	35.5	1.0	18
2023105748	2025-07-19	6	0.0	0.8	0	1	1800	0	37.6	0.0	16
2023105748	2025-08-10	2	220.0	0.1	0	0	1700	2	38.6	1.0	14
2023105748	2025-08-24	6	0.0	2.1	0	0	1700	0	40.1	1.0	14
2023105748	2025-09-28	3	140.0	1.3	0	0	1800	0	40.3	1.0	12
2023105748	2025-10-19	1	560.0	0.0	1	0	1400	0	37.7	1.0	13
2023105748	2025-11-09	10	0.0	2.7	2	0	1400	2	39.0	2.0	15
2023105784	2025-12-07	10	0.0	1.5	0	1	1200	0	35.5	0.0	16
2023105784	2025-12-28	1	560.0	0.0	0	0	1200	0	38.2	1.0	16
2023105784	2026-01-11	9	0.0	2.2	0	0	1200	0	38.5	2.0	16
2023105799	2025-12-07	9	0.0	1.4	0	1	1200	0	35.2	0.0	16
2023105799	2026-01-10	10	0.0	1.8	0	0	1200	0	37.4	1.0	16
2023105830	2025-11-15	12	0.0	2.5	0	1	1600	0	34.3	0.0	14
2023105830	2025-11-24	7	0.0	2.6	0	0	1600	0	37.8	1.0	14
2023105830	2026-01-11	7	0.0	2.2	1	0	1800	0	41.4	1.0	16
2023105860	2026-01-05	13	0.0	2.2	0	1	1600	0	36.4	0.0	16
2023105860	2026-01-25	18	0.0	4.2	0	1	2000	0	37.2	1.0	18
2023105867	2025-11-02	15	0.0	2.9	1	1	1600	0	35.7	0.0	16
2023105867	2026-01-25	13	0.0	3.0	0	1	1600	0	36.9	1.0	16
2023105885	2026-01-24	12	0.0	1.5	0	0	1800	0	38.4	0.0	16
2023105938	2025-11-08	10	0.0	1.5	1	1	1400	0	34.8	0.0	13
2023105971	2025-12-27	7	0.0	1.0	0	1	2000	0	34.3	0.0	14
2023106110	2025-07-26	12	0.0	1.9	0	1	1600	0	35.2	0.0	12
2023106110	2025-10-26	7	0.0	1.2	2	0	1800	0	40.1	1.0	13
2023106110	2025-11-08	15	0.0	4.6	1	0	1600	0	41.4	1.0	15
2023106110	2026-02-01	9	0.0	1.4	1	1	1200	0	34.7	1.0	18
2023106119	2025-12-14	6	0.0	1.1	1	1	1600	2	36.4	0.0	16
2023106220	2025-07-26	12	0.0	1.7	0	1	1400	0	36.0	0.0	18
2023106220	2025-09-27	13	0.0	4.5	0	0	1400	0	41.3	1.0	15
2023106226	2025-08-16	4	110.0	0.8	0	1	1200	0	35.2	0.0	10
2023106226	2025-08-31	6	0.0	0.6	0	1	1400	0	36.2	1.0	13
2023106226	2025-09-14	3	140.0	0.8	1	1	1400	0	34.9	1.0	10
2023106226	2025-09-28	6	0.0	0.6	0	1	1400	0	35.3	1.0	14
2023106226	2025-12-28	5	56.0	0.3	0	1	1400	0	35.3	1.0	17
2023106226	2026-01-12	5	59.0	0.4	0	1	1400	0	35.2	1.0	18
2023106312	2025-10-18	1	750.0	0.0	1	0	1200	0	37.3	0.0	15
2023106312	2025-11-09	12	0.0	3.1	2	0	1400	2	38.7	2.0	15
2023106320	2025-06-29	4	110.0	0.4	0	1	1200	0	34.9	0.0	10
2023106320	2025-09-27	6	0.0	0.8	0	1	1200	0	35.1	1.0	14
2023106320	2025-10-11	15	0.0	3.7	1	0	1200	0	40.9	1.0	16
2023106320	2025-12-13	7	0.0	0.6	0	1	1200	0	35.0	1.0	14
2023106359	2025-06-21	4	110.0	1.3	1	0	1000	0	37.3	0.0	9
2023106359	2025-08-03	3	140.0	0.3	0	0	1000	0	36.4	1.0	12
2023106359	2025-09-21	10	0.0	1.7	0	0	1400	0	39.7	1.0	13
2023106359	2025-10-11	11	0.0	2.0	1	0	1200	0	38.8	1.0	16
2023106359	2025-11-24	7	0.0	2.2	0	0	1150	0	38.5	1.0	16
2023106359	2026-01-04	12	0.0	1.5	0	0	1200	0	38.4	1.0	16
2023106420	2025-07-26	4	110.0	0.3	0	1	1400	0	34.9	0.0	11
2023106420	2025-08-10	8	0.0	2.7	1	1	1600	0	37.4	1.0	12
2023106420	2025-09-14	8	0.0	1.7	1	1	1400	0	35.6	1.0	10
2023106420	2025-12-07	4	84.0	0.8	0	1	1400	0	35.5	1.0	18
2023106420	2025-12-28	9	0.0	0.7	0	1	1400	0	36.1	1.0	17
2023106430	2025-12-20	8	0.0	2.2	1	0	1800	0	40.0	0.0	13
2023106430	2026-01-12	9	0.0	2.5	0	0	1800	0	40.6	1.0	16
2023106430	2026-01-25	5	59.0	1.4	0	0	1700	0	39.7	1.0	16
2023106454	2025-10-19	18	0.0	3.7	1	1	1400	2	36.5	0.0	18
2023106454	2025-12-28	8	0.0	0.9	0	1	1200	0	35.1	1.0	16
2023106466	2025-12-14	15	0.0	4.7	1	1	1600	2	39.1	0.0	16
2023106482	2025-12-14	8	0.0	1.3	1	1	1600	2	35.9	0.0	16
2023106484	2025-09-15	12	0.0	1.7	1	1	1600	0	35.8	0.0	13
2023106484	2025-10-05	1	560.0	0.0	0	1	1400	0	34.2	1.0	17
2023106484	2025-11-08	15	0.0	1.5	0	1	1400	0	35.0		16
2023106555	2025-10-26	8	0.0	3.3	1	0	1800	1	38.6	0.0	16
2023106555	2025-11-15	5	56.0	1.7	0	0	1800	0	38.9	1.0	10
2023106572	2025-09-13	9	0.0	1.2	1	1	1200	0	35.5	0.0	11
2023106572	2025-10-11	9	0.0	1.7	1	0	1200	0	38.5	1.0	16
2023106572	2026-01-25	17	0.0	2.3	0	1	1200	0	35.0	1.0	18
2023106577	2025-07-27	5	37.5	1.5	0	1	1800	1	36.0	0.0	6
2023106577	2025-08-10	9	0.0	2.9	0	0	1700	2	39.0	1.0	14
2023106577	2025-08-23	8	0.0	6.2	1	1	1800	2	42.9	1.0	8
2023106577	2025-10-19	5	56.0	1.1	1	0	1400	0	38.0	1.0	13
2023106577	2025-11-02	4	84.0	1.4	0	0	1400	1	37.1	1.0	14
2023106577	2025-11-23	2	220.0	0.2	1	0	1300	0	37.0	1.0	16
2023106577	2025-12-14	9	0.0	1.9	1	0	1400	2	39.4	1.0	13
2023106586	2025-08-10	7	0.0	2.4	3	0	1200	2	38.9	0.0	15
2023106586	2025-08-23	5	56.0	1.0	0	1	2000	0	36.5	1.0	6
2023106586	2025-09-13	7	0.0	0.7	1	1	1600	2	34.9	1.0	11
2023106586	2025-10-05	10	0.0	0.9	0	1	1400	0	34.4	1.0	17
2023106586	2025-10-26	3	140.0	1.5	2	1	1600	2	35.7	1.0	11
2023106586	2025-12-13	11	0.0	1.6	1	1	1600	0	35.3	1.0	16
2023106586	2026-01-18	7	0.0	1.2	0	0	1200	0	39.4	1.0	16
2023106589	2025-07-13	13	0.0	2.5	0	1	1800	0	37.7	0.0	15
2023106589	2025-07-27	3	140.0	2.3	0	1	1800	0	34.8	1.0	6
2023106589	2025-08-16	12	0.0	2.3	0	1	1800	0	36.1	1.0	13
2023106589	2025-10-25	10	0.0	1.2	0	1	1800	0	34.9	1.0	13
2023106589	2025-11-01	9	0.0	2.9	0	1	2000	2	35.6	1.0	11
2023106709	2025-10-11	13	0.0	4.7	3	0	1600	2	43.0	0.0	16
2023106709	2025-11-16	9	0.0	2.9	0	0	1150	0	39.3	1.0	16
2023106733	2025-12-20	7	0.0	1.9	1	0	1800	0	39.8	0.0	13
2023106733	2026-01-05	6	0.0	1.7	0	0	1800	2	40.0	1.0	12
2023106733	2026-01-17	6	0.0	2.7	0	0	1800	0	41.7	1.0	16
2023106780	2025-09-06	1	750.0	0.0	0	1	1200	0	34.2	0.0	16
2023106780	2025-10-19	3	200.0	0.2	1	1	1400	0	33.5	2.0	8
2023106780	2025-11-16	5	160.0	0.5	0	1	1200	0	35.4	5.0	16
2023106840	2025-11-08	1	750.0	0.0	0	1	1800	0	34.2	0.0	9
2023106845	2025-08-03	1	750.0	0.0	0	1	1600	0	34.3	0.0	7
2023106845	2025-09-20	6	0.0	2.2	1	1	1600	0	35.7	5.0	6
2023106845	2025-10-13	6	0.0	2.5	1	0	1600	0	37.8	2.0	7
2023106849	2025-11-01	2	300.0	0.1	0	1	1600	2	33.5	0.0	13
2023106849	2025-11-24	3	140.0	0.4	0	1	1400	0	33.8	1.0	18
2023106849	2026-01-12	3	150.0	0.4	0	0	1200	0	38.1	1.0	16
2023106913	2025-10-18	4	110.0	0.5	0	1	1600	0	33.9	0.0	16
2023106913	2025-12-21	7	0.0	0.7	1	1	1800	1	35.5	1.0	15
2023106937	2025-09-07	13	0.0	3.5	0	0	1800	0	41.8	0.0	16
2023106937	2025-09-20	9	0.0	3.4	1	0	1800	0	42.6	1.0	10
2023106937	2025-11-22	4	84.0	0.8	0	0	1700	0	39.6	1.0	14
2023106937	2025-12-06	10	0.0	1.3	0	0	1400	0	39.2	1.0	16
2023106966	2025-07-12	12	0.0	10.9	0	1	1800	0	43.3	0.0	12
2023106966	2025-10-26	6	0.0	2.3	2	1	1600	2	35.4	1.0	11
2023106966	2026-01-10	17	0.0	3.4	0	1	1600	0	37.6	1.0	18
2023106999	2025-10-18	1	750.0	0.0	0	1	1400	0	33.8	0.0	18
2023107067	2025-09-20	3	190.0	0.2	1	1	1600	0	34.8	0.0	16
2023107067	2025-11-16	3	140.0	0.3	0	1	1400	0	34.9	1.0	18
2023107074	2025-12-21	2	300.0	0.3	3	1	1200	1	33.7	0.0	11
2023107075	2025-10-04	3	190.0	1.2	3	0	1400	1	38.2	0.0	16
2023107075	2025-11-22	3	140.0	0.6	0	0	1200	0	37.2	1.0	14
2023107075	2025-12-13	7	0.0	1.0	0	0	1400	0	38.8	1.0	15
2023107156	2025-09-15	4	110.0	0.4	0	1	1600	0	33.6	0.0	10
2023107156	2025-10-05	4	84.0	0.9	1	1	1600	2	35.4	1.0	7
2023107156	2025-10-26	5	56.0	0.5	1	1	1600	2	36.7	1.0	10
2023107156	2026-01-11	11	0.0	1.3	0	1	1800	0	36.1	1.0	18
2023107178	2025-11-24	1	750.0	0.0	0	1	1600	0	33.8	0.0	13
2023107218	2025-09-27	3	190.0	0.2	0	1	2000	0	35.5	0.0	11
2023107218	2025-12-21	5	56.0	0.6	3	1	1800	2	34.9	1.0	18
2023107223	2025-11-29	6	0.0	1.5	0	0	1400	0	38.2	0.0	16
2023107223	2025-12-13	3	140.0	0.8	1	0	1200	0	39.1	1.0	14
2023107262	2025-08-16	2	300.0	0.5	0	1	1400	0	35.7	0.0	17
2023107262	2025-09-28	4	84.0	0.5	0	1	1400	0	35.5	1.0	14
2023107262	2025-11-16	12	0.0	1.8	0	0	1400	0	38.4	1.0	14
2023107264	2025-10-18	3	190.0	0.5	2	1	1600	0	35.1	0.0	13
2023107264	2025-12-07	2	220.0	0.5	0	1	1400	0	34.3	1.0	18
2023107264	2025-12-28	1	560.0	0.0	0	1	1400	0	35.2	1.0	17
2023107276	2025-11-24	1	750.0	0.0	0	1	1400	0	33.1	0.0	14
2023107299	2025-09-07	5	75.0	0.5	0	1	1800	0	34.6	0.0	12
2023107299	2025-10-25	1	560.0	0.0	1	0	1400	0	39.0	1.0	14
2023107319	2025-11-24	4	110.0	0.9	0	1	1600	0	33.8	0.0	13
2023107333	2025-11-01	3	190.0	0.2	0	1	1600	2	33.9	0.0	13
2023107497	2025-09-20	4	110.0	1.2	1	1	1200	0	34.9	0.0	11
2023107497	2025-10-18	11	0.0	1.1	1	1	1200	0	34.7	1.0	18
2023107497	2026-01-25	10	0.0	1.6	0	1	1200	0	34.9	1.0	18
2023107526	2025-12-21	10	0.0	2.1	3	0	1400	2	38.1	0.0	15
2023107526	2026-01-22	1	150.0	0.0	0	0	1500	0	41.7	5.0	7
2023107535	2025-09-28	5	75.0	1.5	0	0	1800	0	38.5	0.0	9
2023107535	2025-10-19	3	140.0	1.2	1	0	1200	1	37.1	1.0	15
2023107535	2025-11-09	1	560.0	0.0	3	0	1400	2	37.8	1.0	16
2023107537	2025-11-08	8	0.0	2.5	0	0	1300	0	38.6	0.0	14
2023107537	2025-11-30	11	0.0	1.5	0	0	1400	0	38.0	1.0	16
2023109140	2025-06-29	15	0.0	3.1	0	1	1200	0	37.7	0.0	17
2023109140	2025-07-06	3	140.0	0.1	0	1	1200	0	36.6	1.0	16
2023109140	2025-07-19	9	0.0	1.0	0	1	1200	0	36.8	5.0	18
2023109140	2025-09-28	14	0.0	3.1	0	1	1400	0	38.2	1.0	14
2023109140	2025-11-22	9	0.0	1.1	0	0	1200	0	37.5	1.0	14
2023109140	2026-01-24	4	89.0	0.9	1	0	1000	0	36.7	1.0	14
2023110012	2025-11-23	12	0.0	2.7	1	0	1600	0	38.7	0.0	15
2023110034	2025-08-31	7	0.0	3.0	0	0	1800	0	39.0	0.0	15
2023110034	2025-09-20	3	140.0	0.6	1	0	1800	0	40.8	1.0	10
2023110034	2025-10-18	9	0.0	3.1	1	0	1800	2	41.1	1.0	10
2023110034	2025-12-27	5	56.0	1.0	0	0	1400	2	38.2	1.0	16
2023110034	2026-01-18	1	590.0	0.0	0	0	1400	0	37.8	1.0	16
2023110051	2025-06-21	3	190.0	1.1	0	0	1400	0	36.5	0.0	16
2023110051	2025-10-05	4	84.0	1.7	1	0	1400	0	38.3	1.0	16
2023110051	2025-10-19	2	220.0	1.0	1	0	1200	1	36.9	1.0	15
2023110051	2025-11-16	1	560.0	0.0	0	0	1150	0	36.9	1.0	16
2023110051	2026-01-11	5	82.0	1.5	0	0	1200	0	38.4	2.0	16
2023110094	2025-11-23	1	750.0	0.0	1	0	1600	0	37.2	0.0	15
2023110100	2025-10-04	1	750.0	0.0	3	0	1400	1	37.2	0.0	16
2023110100	2025-11-09	14	0.0	3.8	2	0	1400	2	40.4	2.0	15
