horse_id	date	rank	prize	rank_diff	weather	race_type	course_len	ground_state	agari	race_class	n_horses
2017100583	2019-11-23	2	280.0	0.1	0.0	1	1400	0	34.7	0.0	18
2017100583	2019-12-07	2	200.0	0.2	1.0	1	1800	0	34.1	1.0	11
2017100583	2019-12-28	5	50.0	0.5	0.0	1	1800	0	36.6	1.0	18
2017100583	2020-01-25	3	130.0	0.5	0.0	1	1600	2	37.2	1.0	11
2017100583	2020-02-22	1	510.0	0.0	3.0	1	1600	2	37.0	1.0	16
2017100583	2020-03-08	11	0.0	4.0	1.0	1	2000	1	40.5		11
2017100583	2020-05-23	9	0.0	0.8	0.0	1	1600	0	35.5	2.0	12
2017100583	2020-05-31	5	73.0	0.4	1.0	1	1200	0	34.1	2.0	16
2017100583	2020-06-28	7	0.0	0.7	1.0	1	1200	2	34.2	5.0	9
2017100583	2020-08-01	5	106.0	0.4	0.0	1	1200	0	34.9	5.0	11
2017100583	2020-08-22	2	428.2	0.1	0.0	1	1200	0	34.1	5.0	12
2017100583	2020-09-06	9	0.0	0.6	0.0	1	1200	0	34.8	2.0	16
2017100583	2020-09-26	15	0.0	1.3	1.0	1	1400	0	34.3	2.0	18
2017100583	2020-11-01	5	76.0	0.4	1.0	1	1200	0	34.3	2.0	15
2017100583	2020-11-28	8	0.0	0.6	0.0	1	1200	0	34.5	3.0	13
2017100583	2020-12-13	3	280.0	0.2	1.0	1	1200	0	34.6	3.0	15
2017100583	2021-01-09	5	150.0	0.6	0.0	1	1200	0	34.2	5.0	15
2017100583	2021-01-31	2	427.8	0.0	0.0	1	1200	0	34.2	5.0	10
2017100583	2021-02-20	2	431.8	0.1	0.0	1	1200	0	33.5	5.0	14
2017100583	2021-03-07	4	110.0	0.3	1.0	1	1200	2	34.6	2.0	17
2017100583	2021-03-21	3	307.1	0.6	1.0	1	1200	1	34.8	5.0	13
2017100583	2021-04-24	1	1097.8	0.0	0.0	1	1200	0	34.0	5.0	15
2017100583	2021-05-22	5	150.0	0.4	0.0	1	1200	2	35.7	5.0	16
2017100583	2021-06-05	8	0.0	1.2	1.0	1	1400	0	34.2	5.0	14
2017100583	2021-12-12	10	0.0	0.8	0.0	1	1200	0	34.4	3.0	13
2017100583	2021-12-18	2	610.8	0.1	0.0	1	1200	0	34.0	5.0	17
2017100583	2022-01-08	8	0.0	0.9	0.0	1	1200	0	33.8	5.0	14
2017100583	2022-02-06	5	111.0	0.1	1.0	1	1200	2	33.6	3.0	16
2017100583	2022-02-19	5	151.0	0.2	3.0	1	1200	1	34.8	5.0	18
2017100583	2022-03-05	2	440.0	0.0	0.0	1	1200	0	33.9	3.0	11
2017100583	2022-04-02	4	230.0	0.3	0.0	1	1200	0	34.1	5.0	14
2017100583	2022-05-07	5	151.0	0.2	0.0	1	1200	0	33.4	5.0	13
2017100583	2022-05-21	1	1537.3	0.0	3.0	1	1200	0	33.4	3.0	12
2017100583	2022-06-19	6	0.0	0.3	1.0	1	1200	0	33.6	4.0	16
2017100583	2022-07-23	1	1861.0	0.0	0.0	1	1200	0	33.5	4.0	9
2017100583	2022-08-21	8	0.0	0.6	0.0	1	1200	0	33.5		18
2017100583	2022-10-09	12	0.0	1.7	3.0	1	1200	2	35.2		16
2017100583	2022-12-04	6	0.0	0.3	1.0	1	1200	0	33.6		16
2017100583	2023-01-14	13	0.0	0.9	1.0	1	1200	2	34.5	5.0	16
2017100583	2023-03-04	2	1716.2	0.3	0.0	1	1200	0	33.5		16
2017100583	2023-03-26	14	0.0	1.5	2.0	1	1200	3	36.3		18
2017100583	2023-06-11	6	0.0	0.5	1.0	1	1200	0	34.7		16
2017100583	2023-07-02	7	0.0	0.7	0.0	1	1200	0	33.3		12
2017100583	2023-09-10	14	0.0	1.1	1.0	1	1200	0	33.2		15
2017100583	2023-10-08	3	685.7	0.2	2.0	1	1200	0	33.3		18
2017100583	2023-11-05	9	0.0	0.6	1.0	1	1200	0	35.2	5.0	16
2017100583	2023-11-26	15	0.0	1.0	0.0	1	1200	0	32.6		18
2017100583	2024-01-08	7	0.0	0.2	0.0	1	1200	0	33.6	5.0	16
2017100583	2024-01-28	13	0.0	1.4	1.0	1	1200	0	34.4		18
2017100583	2024-05-05	8	0.0	0.8	0.0	1	1200	0	32.7	5.0	13
2017100583	2024-05-19	5	230.0	0.3	0.0	1	1000	0	32.2	5.0	16
2017100583	2024-06-30	11	0.0	1.2	1.0	1	1200	2	35.4		18
2017100583	2024-07-28	4	620.0	0.2	1.0	1	1000	0	33.0		18
2017100583	2024-08-24	8	0.0	0.7	0.0	1	1400	0	34.4		13
2017100583	2024-12-14	12	0.0	0.7	1.0	1	1200	0	33.5	5.0	16
2017100583	2025-02-16	6	0.0	0.2	0.0	1	1200	0	33.6	5.0	15
2017100583	2025-04-13	11	0.0	0.8	3.0	1	1200	2	34.5		14
2017100583	2025-05-17	6	0.0	0.6	0.0	1	1200	1	33.9	5.0	11
2017100583	2025-07-12	11	0.0	1.5	1.0	1	1200	0	35.3	5.0	14
2017100583	2026-01-17	15	0.0	0.9	0.0	1	1200	0	34.1	5.0	16
2017101423	2019-06-23	2	280.0	0.1	1.0	1	1600	1	34.8	0.0	16
2017101423	2019-07-14	1	500.0	0.0	2.0	1	1800	1	37.2	1.0	15
2017101423	2019-11-09	2	1511.6	0.2	0.0	1	1600	0	34.2		11
2017101423	2019-12-15	9	0.0	1.3	0.0	1	1600	0	36.5		16
2017101423	2020-03-14	6	0.0	0.9	1.0	1	1400	1	35.4		18
2017101423	2020-04-11	3	1416.4	0.1	0.0	1	1600	0	34.3		16
2017101423	2020-05-10	7	0.0	0.6	0.0	1	1600	0	33.7		18
2017101423	2020-10-03	10	0.0	0.8	1.0	1	1600	0	35.7	4.0	16
2017101423	2020-10-31	2	741.8	0.2	0.0	1	1600	0	34.0	4.0	18
2017101423	2020-11-29	8	0.0	0.5	0.0	1	1600	0	33.6	4.0	11
2017101423	2021-01-23	4	270.0	0.2	3.0	1	1800	1	36.8	4.0	14
2017101423	2021-02-27	6	0.0	1.0	0.0	1	1600	0	34.6	4.0	16
2017101423	2021-05-09	17	0.0	2.7	0.0	1	1600	0	37.2	4.0	18
2017101423	2021-08-28	6	0.0	0.4	1.0	1	1600	0	34.6	4.0	18
2017101423	2021-09-19	3	463.8	0.4	1.0	1	1600	0	33.2	4.0	12
2017101423	2021-10-30	3	464.8	0.2	0.0	1	1600	0	34.1	4.0	16
2017101423	2021-11-20	13	0.0	1.3	0.0	1	1600	0	34.5	4.0	17
2017101423	2021-11-28	2	737.2	0.0	0.0	1	1600	0	34.2	4.0	11
2017101423	2022-01-09	2	749.6	0.1	0.0	1	1600	0	34.8	4.0	13
2017101423	2022-01-30	3	462.6	0.4	1.0	1	1600	0	33.3	4.0	8
2017101423	2022-07-09	7	0.0	0.7	1.0	1	1800	0	35.6	4.0	16
2017101423	2022-08-27	2	749.4	0.1	1.0	1	1600	0	33.4	4.0	15
2017101423	2022-09-18	5	184.0	0.4	3.0	1	1800	1	36.3	4.0	15
2017101423	2022-10-29	1	1867.3	0.0	0.0	1	1600	0	33.0	4.0	12
2017101423	2022-12-18	3	654.9	0.2	0.0	1	1800	2	36.2		16
2017101423	2023-01-07	1	2730.1	0.0	0.0	1	1600	0	34.3		13
2017101423	2023-02-19	8	0.0	0.8	0.0	1	1800	1	36.7		16
2017101423	2023-04-01	5	410.0	0.4	0.0	1	1600	0	34.1		16
2017101423	2023-06-17	4	410.0	0.3	0.0	1	1600	0	35.2		13
2017101423	2023-07-23	4	620.0	0.5	0.0	1	1600	0	35.3		16
2017101423	2023-09-10	2	1611.0	0.0	0.0	1	1600	0	33.9		11
2017101423	2023-10-28	1	6027.4	0.0	0.0	1	1400	0	34.4		18
2017101423	2023-12-23	8	0.0	0.3	0.0	1	1400	0	35.3		17
2017101423	2024-02-24	4	0.0			1	1351	0			14
2017101423	2024-06-09	2	1616.0	0.2	2.0	1	1200	0	34.8		16
2017101423	2024-07-28	2	1618.2	0.1	1.0	1	1000	0	33.1		18
2017101423	2024-09-29	14	0.0	0.8	1.0	1	1200	0	35.3		16
2017101423	2024-12-21	17	0.0	1.0	1.0	1	1400	0	34.8		18
2017101423	2025-03-01	3	1107.6	0.4	0.0	1	1200	0	33.4		15
2017101423	2025-03-30	16	0.0	1.6	0.0	1	1200	0	35.5		18
2017101423	2025-06-14	11	0.0	0.7	1.0	1	1200	0	34.0		16
2017101423	2025-08-03	3	1009.0	0.2	0.0	1	1000	0	31.7		18
2017101423	2025-09-07	10	0.0	0.6	0.0	1	1200	0	34.2		16
2017101423	2025-11-16	12	0.0	0.7	0.0	1	1400	0	34.7		18
2017101423	2025-12-20	5	230.0	0.3	0.0	1	1200	0	34.0	5.0	15
2017101423	2026-01-17	1	2335.0	0.0	0.0	1	1200	0	33.5	5.0	16
2017110086	2019-10-20	5	70.0	0.6	0.0	1	1400	2	36.2	0.0	18
2017110086	2020-01-12	12	0.0	1.5	2.0	1	1600	0	35.9	1.0	16
2017110086	2020-03-29	3	130.0	1.2	3.0	0	1200	3	38.0	1.0	16
2017110086	2020-04-19	1	510.0	0.0	0.0	0	1200	1	36.0	1.0	15
2017110086	2020-12-20	3	190.0	0.5	0.0	0	1200	0	38.4	2.0	16
2017110086	2021-01-10	5	76.0	0.3	0.0	0	1200	0	37.7	2.0	16
2017110086	2021-01-17	4	110.0	0.2	1.0	0	1200	0	37.0	2.0	16
2017110086	2021-03-06	9	0.0	1.3	1.0	0	1200	2	38.6	2.0	16
2017110086	2021-03-21	6	0.0	1.8	2.0	0	1400	3	37.4	2.0	15
2017110086	2021-04-18	2	300.0	0.5	0.0	0	1200	1	37.0	2.0	16
2017110086	2021-05-09	6	0.0	0.7	0.0	0	1300	0	36.9	2.0	16
2017110086	2021-08-01	8	0.0	1.8	0.0	0	1200	0	37.2	2.0	15
2017110086	2021-09-19	14	0.0	1.0	0.0	1	1200	0	34.8	2.0	15
2017110086	2021-09-26	9	0.0	0.3	1.0	1	1600	0	34.8	2.0	15
2017110086	2021-11-14	10	0.0	1.3	0.0	0	1300	0	36.7	2.0	14
2017110086	2021-12-05	13	0.0	1.0	1.0	1	1400	0	35.0	3.0	14
2017110086	2022-01-08	6	0.0	0.6	0.0	0	1200	2	36.1	2.0	16
2017110086	2022-01-29	5	77.0	0.5	0.0	1	1600	0	35.4	2.0	11
2017110086	2022-02-20	2	310.0	0.2	1.0	0	1400	1	36.1	2.0	16
2017110086	2022-03-21	2	310.0	0.2	0.0	0	1400	2	37.6	2.0	16
2017110086	2022-04-03	3	190.0	0.2	3.0	1	1600	2	36.1	2.0	16
2017110086	2022-04-23	11	0.0	1.0	0.0	0	1400	2	37.2	2.0	15
2017110086	2022-08-28	13	0.0	2.2	0.0	0	1200	2	37.0	2.0	15
2017110086	2022-09-18	11	0.0	1.1	3.0	1	1200	1	35.9	2.0	16
2017110086	2022-10-10	1	770.0	0.0	1.0	1	1400	2	34.2	2.0	18
2017110086	2022-11-06	8	0.0	0.8	0.0	1	1400	0	33.1	3.0	14
2017110086	2023-02-04	10	0.0	0.9	0.0	1	1400	0	33.7	3.0	11
2017110086	2023-02-12	5	114.0	1.0	0.0	1	1600	0	34.6	3.0	12
2017110086	2023-03-05	10	0.0	0.6	1.0	1	1600	0	34.9	3.0	15
2017110086	2023-03-19	8	0.0	0.9	0.0	1	1600	1	36.3	3.0	13
2017110086	2023-05-21	3	393.7	0.5	0.0	1	1800	0	34.9	5.0	10
2017110086	2023-06-10	5	155.0	0.4	1.0	1	1600	0	33.6	5.0	10
2017110086	2023-11-12	6	0.0	0.6	1.0	1	1800	0	34.4	3.0	8
2017110086	2023-11-25	5	114.0	0.6	0.0	1	1600	0	35.3	3.0	14
2017110086	2023-12-10	7	0.0	0.5	0.0	1	1600	0	35.3	3.0	11
2017110086	2024-05-12	3	392.7	0.7	1.0	1	1600	0	34.5	3.0	8
2017110086	2024-05-25	10	0.0	0.9	0.0	1	1600	0	35.0	5.0	14
2017110086	2024-06-08	8	0.0	0.7	0.0	1	1600	0	34.4	5.0	12
2017110086	2024-08-24	13	0.0	0.9	0.0	1	1600	0	34.6	5.0	16
2017110086	2024-09-22	9	0.0	1.6	1.0	1	1600	0	35.3	5.0	13
2017110086	2024-10-13	6	0.0	0.9	0.0	1	1800	0	34.2	3.0	8
2017110086	2024-11-10	8	0.0	1.5	1.0	1	1800	0	34.5	3.0	10
2017110086	2024-11-30	12	0.0	2.1	0.0	1	1600	0	34.3	3.0	13
2017110086	2024-12-22	14	0.0	1.2	0.0	1	1600	0	36.3	3.0	16
2017110086	2025-01-18	8	0.0	1.0	0.0	1	1600	0	35.4	3.0	13
2017110086	2025-04-13	13	0.0	12.5	3.0	2	2880	0	14.3	1.0	13
2017110086	2025-05-10	13	0.0	7.7	1.0	2	2890	2	13.8	1.0	14
2017110086	2025-07-26	13	0.0	9.3	0.0	2	3000	0	13.8	1.0	14
2017110086	2025-08-09	4	230.0	0.1	0.0	1	1400	0	33.8	3.0	11
2017110086	2025-10-04	9	0.0	1.1	1.0	1	1800	0	34.4	5.0	12
2017110086	2025-10-13	10	0.0	1.4	1.0	1	1800	0	34.2	5.0	10
2017110086	2026-01-17	11	0.0	1.4	0.0	1	1600	0	34.9	3.0	18
2018101243	2020-10-31	7	0.0	1.1	0.0	0	1400	0	36.8	0.0	16
2018101243	2020-11-21	2	200.0	0.4	0.0	0	1400	0	37.9	1.0	16
2018101243	2020-12-20	2	200.0	0.3	0.0	0	1200	0	38.3	1.0	16
2018101243	2021-01-16	3	130.0	0.3	0.0	0	1200	0	37.1	1.0	16
2018101243	2021-02-07	2	200.0	0.3	0.0	0	1400	0	38.2	1.0	16
2018101243	2021-02-28	2	200.0	0.0	0.0	0	1200	0	38.1	1.0	16
2018101243	2021-05-01	2	200.0	0.1	0.0	0	1600	2	38.2	1.0	16
2018101243	2021-05-23	1	510.0	0.0	0.0	0	1400	2	36.3	1.0	16
2018101243	2021-06-20	3	190.0	0.5	1.0	0	1400	1	36.6	2.0	16
2018101243	2021-10-16	3	190.0	0.1	1.0	0	1300	0	36.7	2.0	15
2018101243	2021-11-07	1	760.0	0.0	0.0	0	1400	0	37.3	2.0	16
2018101243	2021-11-27	4	170.0	0.3	0.0	0	1400	2	35.8	3.0	16
2018101243	2022-02-20	4	230.0	0.2	1.0	0	1400	1	35.0	5.0	16
2018101243	2022-04-23	4	170.0	1.5	0.0	0	1400	2	35.4	3.0	16
2018101243	2022-05-14	6	0.0	0.7	1.0	0	1400	1	35.2	5.0	14
2018101243	2022-10-22	5	111.0	0.7	1.0	0	1400	0	36.8	3.0	16
2018101243	2022-11-19	5	111.0	0.8	0.0	0	1400	0	36.7	3.0	16
2018101243	2022-12-11	2	611.6	1.0	1.0	0	1800	0	38.1	3.0	16
2018101243	2023-01-05	2	460.0	0.0	0.0	0	1800	0	39.8	3.0	16
2018101243	2023-03-04	7	0.0	0.6	0.0	0	1800	0	38.8	3.0	16
2018101243	2023-04-01	7	0.0	0.6	0.0	0	1800	0	38.8	3.0	13
2018101243	2023-06-24	7	0.0	0.6	1.0	0	1400	0	36.5	5.0	16
2018101243	2023-07-29	6	0.0	0.7	0.0	0	1800	0	37.6	5.0	15
2018101243	2023-10-01	8	0.0	1.1	1.0	0	1800	0	37.9	3.0	16
2018101243	2023-10-22	1	1140.0	0.0	0.0	0	1600	0	37.4	3.0	16
2018101243	2024-02-04	10	0.0	1.6	1.0	0	1600	0	37.2	4.0	16
2018101243	2024-04-13	11	0.0	2.0	0.0	0	1800	0	37.7	4.0	14
2018101243	2024-08-03	8	0.0	0.7	0.0	0	1800	0	38.2	4.0	15
2018101243	2024-09-22	5	184.0	0.1	1.0	0	1800	0	37.8	4.0	14
2018101243	2024-12-15	8	0.0	1.0	0.0	0	1800	0	39.4	4.0	16
2018101243	2025-01-18	6	0.0	1.4	0.0	0	1800	0	39.3	4.0	16
2018101243	2025-03-08	14	0.0	2.1	1.0	0	1800	2	38.8	4.0	16
2018101243	2025-04-19	5	184.0	1.0	0.0	0	1800	0	38.9	4.0	16
2018101243	2025-06-01	7	0.0	0.7	0.0	0	1600	2	35.4	4.0	16
2018101243	2025-08-02	6	0.0	1.1	0.0	0	1800	0	38.1	4.0	14
2018101243	2025-10-25	11	0.0	1.4	3.0	0	1600	2	36.5	4.0	16
2018101243	2025-12-07	7	0.0	1.0	0.0	0	1800	0	38.3	4.0	16
2018101243	2026-01-17	15	0.0	2.5	0.0	0	1800	0	38.3	4.0	16
2018102394	2020-09-13	9	0.0	1.4	1.0	1	1600	0	36.6	0.0	16
2018102394	2020-09-19	3	130.0	1.0	1.0	0	1800	0	39.8	1.0	14
2018102394	2020-12-26	2	200.0	0.0	0.0	0	1800	0	39.4	1.0	16
2018102394	2021-01-09	3	130.0	0.6	0.0	0	1800	0	39.2	1.0	15
2018102394	2021-01-24	3	130.0	1.0	2.0	0	1900	3	37.5	1.0	12
2018102394	2021-03-21	2	200.0	0.7	3.0	0	1800	2	40.8	1.0	13
2018102394	2021-04-10	1	510.0	0.0	0.0	0	1800	0	37.9	1.0	13
2018102394	2021-05-01	9	0.0	2.1	1.0	0	1600	2	38.6	2.0	16
2018102394	2022-02-20	8	0.0	1.3	1.0	0	1400	1	36.6	2.0	16
2018102394	2022-03-13	10	0.0	1.5	1.0	0	1800	0	40.8	2.0	12
2018102394	2022-03-26	6	0.0	0.6	3.0	0	1800	1	38.0	2.0	13
2018102394	2022-04-10	3	190.0	0.3	0.0	0	1800	0	39.4	2.0	13
2018102394	2022-04-30	5	77.0	0.6	0.0	0	1700	1	38.6	2.0	10
2018102394	2022-05-21	10	0.0	3.3	1.0	0	1800	0	40.1	2.0	13
2018102394	2022-09-03	10	0.0	2.3	0.0	0	1700	0	40.0	2.0	14
2018102394	2022-09-19	4	120.0	1.7	0.0	0	1800	1	39.2	2.0	9
2018102394	2022-10-02	2	310.0	0.1	0.0	0	1800	0	38.9	2.0	15
2018102394	2022-12-18	2	310.0	0.2	0.0	0	1800	2	39.2	2.0	15
2018102394	2023-01-09	3	200.0	0.3	0.0	0	1800	0	39.8	2.0	16
2018102394	2023-01-28	5	80.0	0.4	4.0	0	1700	3	37.2	2.0	15
2018102394	2023-02-18	7	0.0	1.6	1.0	0	2400	2	40.4	2.0	12
2018102394	2023-02-26	3	200.0	0.5	0.0	0	1700	2	38.4	2.0	16
2018102394	2023-03-18	1	800.0	0.0	3.0	0	1800	1	37.1	2.0	13
2018102394	2023-09-03	13	0.0	1.6	0.0	0	1700	0	39.3	3.0	14
2018102394	2023-10-09	16	0.0	4.0	3.0	0	2100	3	41.1	5.0	16
2018102394	2023-11-11	16	0.0	3.9	1.0	0	1600	0	40.7	3.0	16
2018102394	2024-04-20	5	155.0	0.5	0.0	0	1700	0	38.7	5.0	15
2018102394	2024-05-12	5	155.0	0.5	1.0	0	1600	0	38.1	3.0	12
2018102394	2024-06-02	7	0.0	0.7	2.0	0	1400	1	35.4	5.0	16
2018102394	2024-10-19	12	0.0	2.2	0.0	0	1400	0	37.0	3.0	16
2018102394	2024-10-26	12	0.0	2.2	1.0	0	1400	0	37.6	3.0	14
2018102394	2025-04-05	14	0.0	3.4	0.0	0	1800	2	40.6	3.0	16
2018102394	2025-05-25	6	0.0	1.6	2.0	0	1200	2	36.8	5.0	15
2018102394	2025-07-06	12	0.0	2.2	0.0	0	1150	0	37.2	5.0	16
2018102394	2025-07-19	8	0.0	0.8	0.0	0	1150	0	36.0	5.0	16
2018102394	2025-11-30	15	0.0	2.3	0.0	0	1400	0	37.8	3.0	16
2018102394	2026-01-17	12	0.0	10.2	0.0	2	2880	0	14.2	1.0	12
2018103205	2020-06-13	2	280.0	0.3	0.0	1	1000	0	33.9	0.0	11
2018103205	2020-06-28	3	130.0	0.1	1.0	1	1200	2	36.4	1.0	9
2018103205	2020-08-30	1	510.0	0.0	0.0	1	1000	0	33.1	1.0	15
2018103205	2020-09-26	2	645.2	0.2	2.0	1	1200	2	35.5	5.0	8
2018103205	2020-11-07	11	0.0	1.1	1.0	1	1400	0	34.3		18
2018103205	2020-12-12	11	0.0	1.3	1.0	1	1200	0	36.0	2.0	16
2018103205	2020-12-19	10	0.0	0.8	0.0	1	1200	0	35.7	5.0	14
2018103205	2021-01-10	14	0.0	1.6	0.0	1	1200	0	37.5	2.0	16
2018103205	2021-03-27	4	110.0	0.3	0.0	1	1200	0	34.9	2.0	11
2018103205	2021-04-17	10	0.0	0.7	1.0	1	1200	0	34.6	2.0	16
2018103205	2021-05-08	11	0.0	1.5	0.0	1	1000	0	34.7	2.0	16
2018103205	2021-05-29	6	0.0	0.3	1.0	1	1400	0	34.7	2.0	12
2018103205	2021-07-31	8	0.0	0.9	0.0	1	1400	0	35.3	2.0	18
2018103205	2021-08-15	11	0.0	1.4	0.0	1	1200	0	34.9	2.0	18
2018103205	2021-11-13	1	760.0	0.0	0.0	1	1200	0	34.9	2.0	15
2018103205	2021-12-04	3	280.0	0.5	0.0	1	1200	0	34.1	3.0	16
2018103205	2021-12-26	8	0.0	0.2	0.0	1	1200	0	35.8	3.0	16
2018103205	2022-03-27	6	0.0	0.6	1.0	1	1200	1	35.4	3.0	13
2018103205	2022-04-17	5	151.0	0.5	0.0	1	1200	0	34.4	5.0	14
2018103205	2022-05-07	8	0.0	0.5	0.0	1	1200	0	34.5	5.0	13
2018103205	2022-06-26	5	151.0	0.2	1.0	1	1200	0	33.9	3.0	15
2018103205	2022-07-09	7	0.0	0.1	1.0	1	1200	0	34.8	5.0	13
2018103205	2022-07-17	3	384.2	0.3	3.0	1	1200	1	37.0	5.0	14
2018103205	2022-08-07	7	0.0	0.4	0.0	1	1200	0	33.7	3.0	16
2018103205	2022-12-25	15	0.0	1.6	0.0	1	1200	0	35.9	3.0	16
2018103205	2023-04-08	7	0.0	0.6	1.0	1	1200	0	36.2	5.0	16
2018103205	2023-04-15	3	290.0	0.8	3.0	1	1200	1	36.0	3.0	16
2018103205	2023-04-30	1	1585.0	0.0	1.0	1	1000	1	34.3	5.0	15
2018103205	2023-08-12	7	0.0	1.2	0.0	1	1000	0	33.5	4.0	16
2018103205	2023-09-10	10	0.0	0.6	0.0	1	1200	0	33.9	4.0	12
2018103205	2023-10-21	13	0.0	0.7	2.0	1	1200	1	35.0	4.0	18
2018103205	2023-10-29	7	0.0	0.5	1.0	1	1000	3	34.1		18
2018103205	2023-12-28	15	0.0	1.0	0.0	1	1200	0	34.9	4.0	16
2018103205	2024-02-25	15	0.0	1.2	0.0	1	1200	2	35.3	4.0	17
2018103205	2024-05-05	4	280.0	0.2	0.0	1	1000	0	32.5	4.0	16
2018103205	2024-05-19	13	0.0	1.7	1.0	1	1400	0	34.2	4.0	13
2018103205	2024-07-28	7	0.0	0.3	1.0	1	1000	0	33.0		18
2018103205	2024-08-11	1	1877.1	0.0	0.0	1	1000	0	32.2	4.0	17
2018103205	2024-10-27	4	410.0	0.5	0.0	1	1000	0	31.7		17
2018103205	2025-02-16	15	0.0	0.8	0.0	1	1200	0	34.6	5.0	15
2018103205	2025-03-01	11	0.0	1.0	0.0	1	1200	0	32.9		15
2018103205	2025-05-25	3	584.9	0.6	2.0	1	1000	2	32.8	5.0	16
2018103205	2025-06-28	12	0.0	0.9	0.0	1	1200	0	34.6	5.0	16
2018103205	2025-08-03	11	0.0	0.8	0.0	1	1000	0	31.8		18
2018103205	2025-10-26	8	0.0	0.9	3.0	1	1000	2	32.5		17
2018103205	2026-01-17	11	0.0	0.6	0.0	1	1200	0	33.5	5.0	16
2018103473	2020-08-15	4	110.0	0.4	1.0	1	1600	0	35.5	0.0	18
2018103473	2020-09-13	5	51.0	0.5	1.0	1	1600	0	35.5	1.0	10
2018103473	2020-10-10	2	200.0	0.7	2.0	1	1400	3	37.0	1.0	13
2018103473	2020-10-25	17	0.0	2.2	0.0	1	1400	0	37.6	1.0	18
2018103473	2021-01-24	8	0.0	0.9	1.0	1	1200	1	37.1	1.0	18
2018103473	2021-02-07	4	77.0	1.6	0.0	0	1200	2	36.4	1.0	16
2018103473	2021-02-28	8	0.0	1.3	0.0	0	1200	0	38.8	1.0	15
2018103473	2021-05-16	7	0.0	1.0	1.0	0	1200	0	37.7	1.0	15
2018103473	2021-06-12	8	0.0	1.1	1.0	0	1200	0	37.2	1.0	16
2018103473	2021-07-04	1	510.0	0.0	1.0	0	1700	0	37.2	1.0	13
2018103473	2021-07-25	1	760.0	0.0	0.0	0	1700	0	38.0	2.0	13
2018103473	2021-08-22	7	0.0	1.7	1.0	0	1700	0	38.9	5.0	14
2018103473	2022-01-22	9	0.0	0.5	0.0	0	1700	0	38.4	5.0	16
2018103473	2022-02-12	8	0.0	1.1	0.0	0	1700	0	39.2	5.0	13
2018103473	2022-05-01	4	230.0	0.2	3.0	0	1700	1	38.5	5.0	14
2018103473	2022-06-19	9	0.0	0.6	1.0	0	1700	0	38.2	5.0	14
2018103473	2022-07-17	3	384.0	0.7	3.0	0	1700	1	37.7	5.0	13
2018103473	2022-08-06	13	0.0	3.2	0.0	0	1700	0	40.6	5.0	14
2018103473	2022-08-28	6	0.0	1.2	0.0	0	1700	0	37.8	3.0	12
2018103473	2022-11-05	6	0.0	0.5	0.0	0	1700	0	37.5	3.0	15
2018103473	2023-01-21	10	0.0	1.7	0.0	0	1700	2	37.8	5.0	16
2018103473	2023-02-11	13	0.0	2.1	1.0	0	1700	3	39.1	5.0	15
2018103473	2023-03-12	10	0.0	1.7	0.0	1	1600	0	36.4	5.0	10
2018103473	2023-04-29	10	0.0	1.6	2.0	0	1400	0	38.1	3.0	15
2018103473	2023-07-16	9	0.0	1.1	1.0	0	1700	1	38.0	5.0	14
2018103473	2023-07-23	2	628.6	0.0	0.0	0	1700	0	36.7	5.0	14
2018103473	2023-08-05	4	230.0	0.1	1.0	0	1700	1	36.3	5.0	14
2018103473	2023-08-20	10	0.0	1.5	1.0	0	1700	2	38.4	5.0	14
2018103473	2023-11-05	10	0.0	1.3	1.0	0	1700	0	37.8	3.0	15
2018103473	2023-11-18	6	0.0	0.5	0.0	0	1800	1	38.3	5.0	16
2018103473	2024-01-20	10	0.0	2.0	3.0	0	1700	2	37.4	5.0	13
2018103473	2024-02-18	11	0.0	1.9	1.0	0	1800	0	38.1	5.0	13
2018103473	2024-04-20	8	0.0	0.9	0.0	0	1700	0	38.5	5.0	15
2018103473	2024-07-14	6	0.0	0.9	0.0	0	1700	0	38.0	5.0	14
2018103473	2024-08-03	9	0.0	2.1	1.0	0	1700	0	38.1	5.0	14
2018103473	2024-08-25	12	0.0	2.5	0.0	0	1700	0	39.7	3.0	13
2018103473	2024-11-03	11	0.0	2.3	0.0	0	1700	1	38.4	3.0	15
2018103473	2024-11-23	8	0.0	2.0	1.0	0	1800	0	38.8	5.0	13
2018103473	2025-04-19	10	0.0	1.2	0.0	0	1700	0	38.3	3.0	15
2018103473	2025-06-08	12	0.0	1.5	2.0	0	1400	0	37.5	5.0	16
2018103473	2025-07-19	13	0.0	2.4	1.0	0	1700	1	37.9	5.0	16
2018103473	2025-09-07	7	0.0	1.1	0.0	0	1700	2	37.8	5.0	14
2018103473	2025-11-09	11	0.0	1.8	2.0	0	1700	0	38.9	3.0	15
2018103473	2025-12-07	7	0.0	1.6	0.0	1	1800	0	35.3	3.0	8
2018103473	2025-12-21	13	0.0	1.6	3.0	1	1600	1	36.0	3.0	16
2018103473	2026-01-17	15	0.0	1.8	0.0	1	1600	0	34.9	3.0	18
2018103485	2020-10-11	1	700.0	0.0	1.0	1	1400	1	34.7	0.0	18
2018103485	2020-11-07	6	0.0	0.8	1.0	1	1400	0	35.0		18
2018103485	2021-02-13	10	0.0	1.0	0.0	1	1400	0	35.5	2.0	16
2018103485	2021-03-14	10	0.0	1.0	0.0	1	1200	1	37.0	2.0	15
2018103485	2021-04-17	7	0.0	0.7	3.0	1	1200	1	34.8	2.0	15
2018103485	2021-07-25	6	0.0	0.6	0.0	1	1200	0	35.4	2.0	11
2018103485	2021-08-14	2	300.0	0.1	1.0	1	1200	0	34.7	2.0	16
2018103485	2021-09-05	5	76.0	0.6	0.0	1	1200	2	35.2	2.0	16
2018103485	2021-09-25	3	190.0	0.5	1.0	1	1200	0	34.1	2.0	15
2018103485	2021-11-20	1	760.0	0.0	0.0	1	1200	0	35.0	2.0	16
2018103485	2021-12-12	7	0.0	0.7	0.0	1	1200	0	34.0	3.0	13
2018103485	2022-01-08	12	0.0	1.6	0.0	1	1200	0	35.4	5.0	14
2018103485	2022-03-27	8	0.0	0.7	1.0	1	1200	1	35.7	3.0	13
2018103485	2022-05-07	9	0.0	1.2	0.0	1	1400	0	35.2	3.0	9
2018103485	2022-06-26	12	0.0	0.7	1.0	1	1200	0	34.3	3.0	15
2018103485	2022-07-09	10	0.0	0.4	1.0	1	1200	0	35.0	5.0	13
2018103485	2022-08-13	13	0.0	1.3	1.0	1	1500	0	36.0	5.0	14
2018103485	2022-08-27	9	0.0	1.1	1.0	1	1200	0	35.8	3.0	14
2018103485	2022-10-22	16	0.0	5.8	1.0	0	1400	0	42.1	3.0	16
2018103485	2023-03-11	13	0.0	0.9	0.0	1	1200	0	33.5	3.0	16
2018103485	2023-03-26	8	0.0	0.5	3.0	1	1200	3	36.3	3.0	13
2018103485	2023-04-15	11	0.0	1.1	3.0	1	1200	1	35.1	3.0	16
2018103485	2023-08-06	5	155.0	0.4	1.0	1	1200	1	35.9	3.0	11
2018103485	2023-09-02	14	0.0	0.8	1.0	1	1200	2	35.6	5.0	16
2018103485	2023-09-30	5	155.0	0.5	0.0	1	1200	0	34.4	5.0	16
2018103485	2023-12-02	10	0.0	0.6	0.0	1	1200	0	34.2	3.0	16
2018103485	2024-01-13	7	0.0	0.8	2.0	1	1200	0	34.3	3.0	15
2018103485	2024-03-09	9	0.0	0.7	0.0	1	1200	2	35.6	3.0	13
2018103485	2024-04-13	10	0.0	0.7	0.0	1	1200	0	33.7	3.0	12
2018103485	2024-05-04	8	0.0	0.9	0.0	1	1400	0	33.2	3.0	10
2018103485	2024-11-09	8	0.0	0.6	0.0	1	1200	0	35.6	5.0	16
2018103485	2024-12-21	4	230.0	0.7	0.0	1	1200	0	34.2	3.0	16
2018103485	2025-01-05	9	0.0	1.3	0.0	1	1200	0	33.9	3.0	16
2018103485	2025-02-08	9	0.0	0.6	0.0	1	1400	0	34.4	3.0	13
2018103485	2025-03-15	15	0.0	0.7	1.0	1	1200	0	34.4	3.0	16
2018103485	2025-03-30	9	0.0	1.0	0.0	1	1200	0	34.7	3.0	13
2018103485	2025-04-19	6	0.0	0.6	0.0	1	1200	0	33.3	5.0	13
2018103485	2025-06-29	6	0.0	0.7	0.0	1	1200	0	33.8	5.0	11
2018103485	2025-07-13	5	155.0	0.7	0.0	1	1200	0	34.2	3.0	9
2018103485	2025-08-03	10	0.0	0.5	0.0	1	1200	0	34.2	5.0	13
2018103485	2025-08-23	10	0.0	0.9	0.0	1	1200	0	35.2	3.0	14
2018103485	2025-09-06	11	0.0	0.8	1.0	1	1200	0	34.7	3.0	16
2018103485	2025-12-06	8	0.0	0.5	0.0	1	1200	0	33.2	3.0	13
2018103485	2026-01-17	12	0.0	0.6	0.0	1	1200	0	33.4	3.0	16
2018105423	2020-06-27	12	0.0	3.1	0.0	1	1800	0	37.1	0.0	16
2018105423	2020-10-10	5	51.0	0.4	3.0	1	1800	3	35.9	1.0	14
2018105423	2020-11-01	4	77.0	0.3	0.0	0	1600	0	37.3	1.0	13
2018105423	2020-11-21	9	0.0	1.5	0.0	1	1800	0	37.2	1.0	16
2018105423	2021-02-14	2	200.0	0.0	0.0	0	1600	0	36.5	1.0	16
2018105423	2021-03-07	1	510.0	0.0	1.0	0	1800	2	38.7	1.0	16
2018105423	2021-07-17	3	275.1	1.4	0.0	0	1700	0	37.4	5.0	14
2018105423	2021-07-31	12	0.0	1.2	0.0	0	1700	0	39.1	2.0	13
2018105423	2021-11-14	2	300.0	0.6	0.0	0	1600	0	36.8	2.0	14
2018105423	2021-11-28	4	110.0	1.2	0.0	0	1600	0	37.2	2.0	16
2018105423	2022-03-20	5	77.0	0.4	0.0	0	1800	1	38.7	2.0	16
2018105423	2022-04-09	2	310.0	0.2	0.0	0	1800	0	38.2	2.0	11
2018105423	2022-06-19	8	0.0	0.9	0.0	0	1600	0	36.5	2.0	16
2018105423	2022-09-10	2	310.0	0.8	0.0	0	1800	0	39.2	2.0	12
2018105423	2022-10-02	5	77.0	1.0	0.0	0	1800	0	38.7	2.0	15
2018105423	2022-10-23	1	770.0	0.0	0.0	0	1400	0	36.5	2.0	11
2018105423	2023-01-09	2	630.8	0.3	0.0	0	1400	0	37.2	5.0	14
2018105423	2023-01-29	7	0.0	0.7	0.0	0	1400	0	36.8	3.0	16
2018105423	2023-04-22	1	1140.0	0.0	0.0	0	1400	0	36.3	3.0	16
2018105423	2023-05-14	9	0.0	1.0	2.0	0	1400	2	36.5	4.0	16
2018105423	2023-10-15	5	184.0	0.7	1.0	0	1400	3	35.6	4.0	14
2018105423	2024-01-27	13	0.0	1.5	0.0	0	1400	0	37.1	4.0	16
2018105423	2024-04-21	13	0.0	2.2	1.0	0	1400	0	36.8	4.0	15
2018105423	2024-07-28	3	463.0	0.7	0.0	0	1700	1	35.9	4.0	10
2018105423	2024-10-05	12	0.0	1.7	2.0	0	1600	1	35.1	4.0	14
2018105423	2025-04-05	11	0.0	10.4	0.0	2	2880	2	14.3	1.0	14
2018105423	2025-07-20	11	0.0	6.1	0.0	2	2770	0	13.9	1.0	14
2018105423	2026-01-17	9	0.0	5.6	0.0	2	2880	0	13.9	1.0	12
2018106354	2020-12-13	3	180.0	0.2	0.0	1	1800	0	34.4	0.0	12
2018106354	2021-01-16	1	510.0	0.0	0.0	1	1800	0	36.1	1.0	16
2018106354	2021-04-24	3	252.3	0.0	0.0	1	1800	0	33.3	2.0	7
2018106354	2021-05-22	2	407.0	0.3	0.0	1	1800	2	37.4	2.0	9
2018106354	2021-08-14	7	0.0	0.9	3.0	1	1800	3	38.9	2.0	14
2018106354	2021-10-24	9	0.0	0.6	0.0	1	1600	2	35.3	5.0	16
2018106354	2021-11-14	2	300.0	0.5	0.0	1	2000	0	35.9	2.0	16
2018106354	2022-01-22	5	107.0	0.3	0.0	1	1800	0	36.4	5.0	15
2018106354	2022-02-12	4	160.0	0.2	0.0	1	2000	0	35.4	5.0	10
2018106354	2022-11-06	10	0.0	0.7	0.0	1	1800	0	36.5	5.0	15
2018106354	2022-12-04	5	77.0	1.9	1.0	0	1800	2	39.0	2.0	9
2018106354	2023-01-21	2	451.6	0.1	0.0	1	2000	2	36.1	5.0	15
2018106354	2023-02-11	6	0.0	0.2	0.0	1	2000	1	35.1	5.0	12
2018106354	2023-04-15	2	320.0	0.0	3.0	1	1800	2	36.1	2.0	16
2018106354	2023-05-07	3	200.0	0.3	3.0	1	2000	3	36.3	2.0	9
2018106354	2023-05-20	5	111.0	0.4	0.0	1	2000	0	34.7	5.0	16
2018106354	2023-06-18	8	0.0	0.7	0.0	1	1800	0	35.4	5.0	11
2018106354	2023-07-01	3	200.0	0.4	0.0	1	2000	2	35.3	2.0	14
2018106354	2023-07-08	3	283.6	0.2	0.0	1	2000	0	34.9	5.0	10
2018106354	2023-08-05	4	170.0	0.7	1.0	1	2000	2	36.0	5.0	9
2018106354	2023-08-19	8	0.0	1.1	1.0	1	2000	0	35.8	5.0	16
2018106354	2023-10-21	4	170.0	0.7	2.0	1	2200	1	36.0	5.0	15
2018106354	2023-11-11	6	0.0	1.5	0.0	1	2000	0	37.4	5.0	12
2018106354	2024-01-21	8	0.0	1.5	1.0	1	1800	2	36.9	2.0	15
2018106354	2024-06-08	7	0.0	3.4	0.0	2	3000	0	13.8	1.0	11
2018106354	2024-12-14	3	285.8	0.7	0.0	1	2000	0	35.9	2.0	16
2018106354	2024-12-28	3	200.0	0.3	0.0	1	1800	0	34.8	2.0	17
2018106354	2025-01-25	3	200.0	0.5	0.0	1	2000	0	36.8	2.0	12
2018106354	2025-02-10	5	80.0	1.0	0.0	1	1800	0	36.0	2.0	11
2018106354	2025-04-13	6	0.0	1.1	2.0	1	2000	0	36.8	2.0	16
2018106354	2025-04-27	3	392.8	0.3	0.0	1	2200	0	33.4	5.0	8
2018106354	2025-05-17	3	283.7	0.1	1.0	1	2000	2	34.9	5.0	9
2018106354	2025-06-07	5	80.0	0.7	1.0	1	2200	0	35.3	2.0	10
2018106354	2025-10-18	1	800.0	0.0	1.0	1	2000	0	35.1	2.0	8
2018106354	2025-11-01	10	0.0	1.1	0.0	1	2000	0	35.0	5.0	11
2018106354	2026-01-17	6	0.0	0.5	0.0	1	2000	0	34.7	5.0	10
2019100214	2021-07-17	1	700.0	0.0	0.0	1	1200	0	35.2	0.0	16
2019100214	2021-08-22	4	240.0	0.8	1.0	1	1500	0	35.7	5.0	11
2019100214	2022-01-29	8	0.0	1.0	0.0	1	1400	0	33.6		9
2019100214	2022-02-27	4	110.0	0.2	0.0	1	1600	0	34.9	2.0	10
2019100214	2022-03-21	3	190.0	0.4	0.0	1	1600	2	35.6	2.0	13
2019100214	2022-04-24	1	1065.7	0.0	1.0	1	1200	0	35.0	2.0	16
2019100214	2022-05-28	4	600.0	0.4	0.0	1	1200	0	35.1		17
2019100214	2023-01-15	2	631.8	0.0	1.0	1	1200	2	35.3	5.0	18
2019100214	2023-01-28	4	230.0	0.4	1.0	1	1200	1	35.5	5.0	18
2019100214	2023-04-08	13	0.0	1.3	1.0	1	1200	0	37.0	5.0	16
2019100214	2023-10-08	2	626.2	0.1	1.0	1	1400	0	34.1	5.0	9
2019100214	2023-10-28	3	395.7	0.2	2.0	1	1200	1	36.2	5.0	18
2019100214	2023-11-11	1	1587.8	0.0	0.0	1	1200	0	35.6	5.0	16
2019100214	2023-12-03	10	0.0	0.5	0.0	1	1200	0	34.5	4.0	15
2019100214	2024-04-06	8	0.0	0.6	1.0	1	1200	2	35.3	4.0	15
2019100214	2024-05-19	5	184.0	0.8	1.0	1	1400	0	33.6	4.0	13
2019100214	2024-06-29	4	280.0	0.5	0.0	1	1200	0	34.2	4.0	14
2019100214	2024-09-08	1	1861.0	0.0	0.0	1	1200	0	33.2	4.0	10
2019100214	2024-11-03	2	929.8	0.1	0.0	1	1200	2	35.3	5.0	16
2019100214	2024-12-01	3	684.9	0.3	0.0	1	1200	0	33.6		16
2019100214	2025-03-01	5	430.0	0.6	0.0	1	1200	0	33.2		15
2019100214	2025-04-27	12	0.0	0.8	0.0	1	1200	0	35.0	5.0	16
2019100214	2025-05-25	8	0.0	1.1	2.0	1	1000	2	33.7	5.0	16
2019100214	2025-06-28	13	0.0	1.0	0.0	1	1200	0	35.0	5.0	16
2019100214	2025-12-07	6	0.0	0.7	0.0	1	1200	0	33.7		16
2019100214	2026-01-17	16	0.0	1.0	0.0	1	1200	0	34.0	5.0	16
2019100702	2021-12-04	7	0.0	1.5	0.0	1	1800	0	36.1	0.0	11
2019100702	2021-12-28	10	0.0	2.0	1.0	0	1800	0	39.3	1.0	12
2019100702	2022-03-08	3	10.8	1.6	0.0	0	1400	0	41.3		10
2019100702	2022-04-24	5	52.0	0.6	1.0	1	1400	0	34.0	1.0	18
2019100702	2022-05-15	2	210.0	0.5	1.0	1	1400	0	34.6	1.0	18
2019100702	2022-06-04	5	52.0	0.8	0.0	1	1400	0	34.1	1.0	18
2019100702	2022-06-25	3	130.0	0.6	0.0	1	1600	0	35.0	1.0	16
2019100702	2022-07-17	1	520.0	0.0	1.0	1	1800	0	35.8	1.0	15
2019100702	2022-08-07	15	0.0	2.1	0.0	1	1600	0	33.7	2.0	18
2019100702	2022-11-19	15	0.0	1.3	0.0	1	1800	0	36.0	5.0	16
2019100702	2022-12-11	14	0.0	1.4	0.0	1	1600	0	34.4	2.0	16
2019100702	2022-12-18	3	190.0	0.1	0.0	1	1600	0	34.8	2.0	16
2019100702	2023-01-28	6	0.0	0.4	1.0	1	1800	1	36.6	5.0	14
2019100702	2023-02-26	9	0.0	0.9	0.0	1	1800	0	36.1	5.0	15
2019100702	2023-04-15	3	200.0	0.2	3.0	1	1800	2	36.0	2.0	16
2019100702	2023-04-30	5	80.0	0.6	1.0	1	1800	1	35.0	2.0	12
2019100702	2023-05-13	6	0.0	0.8	2.0	1	1800	0	33.5	2.0	9
2019100702	2023-06-18	4	170.0	0.1	0.0	1	1800	0	34.9	5.0	11
2019100702	2023-07-08	2	447.2	0.1	0.0	1	2000	0	35.0	5.0	10
2019100702	2023-07-16	2	449.2	0.2	1.0	1	1800	2	35.7	5.0	14
2019100702	2023-08-05	9	0.0	1.3	1.0	1	1800	2	35.4	2.0	13
2019100702	2023-08-19	4	170.0	0.7	1.0	1	2000	0	35.3	5.0	16
2019100702	2023-09-03	8	0.0	0.7	0.0	1	1800	0	36.1	2.0	14
2019100702	2023-12-28	5	80.0	0.7	0.0	1	1800	0	35.4	2.0	16
2019100702	2024-01-13	2	320.0	0.2	0.0	1	1800	0	35.0	2.0	16
2019100702	2024-01-28	2	320.0	0.1	0.0	1	2000	2	36.2	2.0	13
2019100702	2024-02-10	6	0.0	0.5	0.0	1	2000	0	34.7	2.0	11
2019100702	2024-02-24	2	320.0	0.2	0.0	1	1800	1	36.2	2.0	13
2019100702	2024-03-02	7	0.0	1.1	0.0	1	1800	2	35.5	5.0	13
2019100702	2024-06-08	6	0.0	0.1	0.0	1	2000	0	35.7	2.0	13
2019100702	2024-06-15	4	170.0	0.3	0.0	1	2000	0	35.3	5.0	12
2019100702	2024-06-29	5	80.0	0.4	0.0	1	2000	0	35.9	2.0	11
2019100702	2024-07-14	9	0.0	1.0	0.0	1	1800	0	35.4	5.0	13
2019100702	2024-07-27	3	200.0	0.2	1.0	1	2000	0	34.3	2.0	9
2019100702	2024-08-17	6	0.0	0.9	1.0	1	2000	0	35.2	5.0	12
2019100702	2024-08-31	7	0.0	1.0	1.0	1	2000	1	36.9	2.0	16
2019100702	2024-12-28	9	0.0	0.9	0.0	1	1800	0	35.0	2.0	16
2019100702	2025-02-02	13	0.0	2.2	0.0	1	2000	2	37.8	5.0	16
2019100702	2025-02-16	3	200.0	0.1	0.0	1	1800	0	34.9	2.0	15
2019100702	2025-03-02	4	120.0	0.6	3.0	1	2000	1	36.4	2.0	18
2019100702	2025-03-22	1	1152.0	0.0	0.0	1	2000	0	34.7	5.0	18
2019100702	2025-04-20	5	155.0	0.5	1.0	1	2000	0	34.7	5.0	8
2019100702	2025-05-18	9	0.0	1.0	1.0	1	2000	0	35.0	5.0	10
2019100702	2025-06-08	5	155.0	0.5	0.0	1	2000	0	33.7	3.0	12
2019100702	2025-06-28	13	0.0	1.0	0.0	1	2000	0	35.0	5.0	16
2019100702	2025-07-27	9	0.0	1.5	0.0	1	2000	0	34.5	5.0	10
2019100702	2025-08-30	9	0.0	1.7	1.0	1	2000	2	37.2	3.0	14
2019100702	2025-12-27	3	290.0	0.6	0.0	1	2000	0	35.2	3.0	9
2019100702	2026-01-17	9	0.0	1.2	0.0	1	2000	0	34.9	5.0	10
2019100876	2022-01-05	4	90.0	1.3	0.0	0	1800	0	39.9	0.0	11
2019100876	2022-01-30	1	520.0	0.0	0.0	0	2100	0	37.4	1.0	13
2019100876	2022-02-26	7	0.0	1.5	0.0	0	1800	0	38.3	2.0	10
2019100876	2022-04-03	14	0.0	3.4	3.0	0	1800	2	42.6	2.0	16
2019100876	2022-06-12	7	0.0	1.3	3.0	0	2100	2	38.0	2.0	13
2019100876	2022-08-21	1	770.0	0.0	0.0	0	2400	0	39.8	2.0	12
2019100876	2022-09-17	4	230.0	1.4	0.0	0	2400	0	37.7	5.0	15
2019100876	2022-10-10	2	610.2	0.3	1.0	0	2100	1	36.2	5.0	16
2019100876	2022-12-17	6	0.0	1.8	1.0	0	2400	0	39.7	5.0	16
2019100876	2023-01-21	4	170.0	0.9	0.0	0	1900	0	39.4	3.0	16
2019100876	2023-02-18	3	290.0	0.2	0.0	0	2100	2	38.2	3.0	16
2019100876	2023-03-11	3	290.0	0.3	0.0	0	2000	0	38.6	3.0	12
2019100876	2023-03-26	1	1581.5	0.0	2.0	0	1900	3	36.9	5.0	13
2019100876	2023-04-22	8	0.0	0.6	0.0	0	1900	0	39.9	4.0	16
2019100876	2023-06-18	12	0.0	2.8	1.0	0	1800	0	40.5	4.0	16
2019100876	2023-10-21	14	0.0	5.5	0.0	0	2100	0	42.5	4.0	16
2019100876	2023-11-11	14	0.0	3.1	1.0	0	1900	2	41.8	4.0	16
2019100876	2023-12-10	15	0.0	5.2	0.0	0	2000	0	43.3	4.0	16
2019100876	2024-03-23	7	0.0	1.4	2.0	0	1900	1	37.3	4.0	16
2019100876	2024-05-19	10	0.0	1.0	1.0	0	2100	0	37.2	4.0	16
2019100876	2024-08-03	4	280.0	0.3	0.0	0	1800	0	37.6	4.0	15
2019100876	2024-10-19	7	0.0	0.7	1.0	0	2100	0	36.8	4.0	15
2019100876	2024-11-16	6	0.0	1.3	1.0	0	2100	0	36.3	4.0	15
2019100876	2024-12-15	12	0.0	1.6	0.0	0	1800	0	39.1	4.0	16
2019100876	2025-01-13	14	0.0	2.4	0.0	0	1800	0	38.8	4.0	15
2019100876	2025-05-25	14	0.0	2.5	1.0	0	2100	1	38.0	4.0	16
2019100876	2025-07-13	8	0.0	0.9	0.0	0	1700	0	37.6	4.0	15
2019100876	2025-08-10	12	0.0	0.9	3.0	1	1800	1	34.5	4.0	14
2019100876	2025-10-18	10	0.0	1.9	1.0	0	2100	0	37.9	4.0	16
2019100876	2026-01-17	13	0.0	2.1	0.0	0	1800	0	38.1	4.0	16
2019101023	2021-12-11	7	0.0	1.1	0.0	1	1800	0	35.5	0.0	12
2019101023	2022-01-09	13	0.0	1.7	0.0	1	1600	2	36.1	1.0	16
2019101023	2022-01-22	11	0.0	2.0	0.0	1	2000	0	38.9	1.0	14
2019101023	2022-02-20	8	0.0	2.0	1.0	1	1600	1	36.3	2.0	15
2019101023	2022-04-23	16	0.0	2.8	0.0	1	1600	0	36.7	1.0	18
2019101023	2022-05-08	8	0.0	1.4	0.0	1	2300	0	34.7	1.0	9
2019101023	2022-05-29	10	0.0	1.4	0.0	1	1600	0	34.8	1.0	18
2019101023	2022-06-12	8	0.0	1.8	0.0	0	1600	2	38.4	1.0	11
2019101023	2022-07-10	8	0.0	2.5	0.0	0	1700	0	39.6	1.0	13
2019101023	2022-08-07	8	0.0	1.7	0.0	0	1700	0	39.2	1.0	14
2019101023	2022-09-07	5	7.0	3.9	0.0	0	1700	0	44.0	5.0	7
2019101023	2022-12-11	11	0.0	14.8	0.0	2	2880	0	14.5	1.0	13
2019101023	2023-04-22	9	0.0	4.6	0.0	2	2770	0	13.6	1.0	11
2019101023	2023-05-21	11	0.0	3.1	0.0	2	2890	0	13.5	1.0	13
2019101023	2023-06-18	3	200.0	1.6	0.0	2	3000	0	14.0	1.0	6
2019101023	2023-07-16	2	320.0	0.3	0.0	2	3000	0	13.4	1.0	10
2019101023	2023-08-13	6	0.0	1.5	0.0	2	2850	0	13.2	1.0	14
2019101023	2023-09-18	5	79.0	1.3	0.0	2	2880	0	13.7	1.0	13
2019101023	2023-10-14	5	79.0	1.3	0.0	2	2850	0	13.1	1.0	13
2019101023	2023-11-19	7	0.0	4.5	0.0	2	2770	0	13.8	1.0	14
2019101023	2023-12-28	6	0.0	1.5	0.0	2	2970	0	13.6	1.0	14
2019101023	2024-02-11	5	79.0	2.0	0.0	2	2860	0	13.5	1.0	12
2019101023	2024-08-10	5	79.0	2.2	0.0	2	3000	0	13.4	1.0	10
2019101023	2024-09-01	4	120.0	1.3	1.0	2	3000	3	13.7	1.0	9
2019101023	2024-09-22	8	0.0	2.8	1.0	2	3000	0	13.6	1.0	13
2019101023	2024-10-12	8	0.0	4.0	0.0	2	2850	0	13.3	1.0	11
2019101023	2024-11-03	4	120.0	0.5	0.0	2	2750	1	13.5	1.0	7
2019101023	2024-11-17	4	120.0	0.4	0.0	2	2770	0	13.3	1.0	14
2019101023	2024-12-08	4	120.0	0.1	0.0	2	2880	0	13.7	1.0	11
2019101023	2025-01-19	5	84.0	0.8	0.0	2	2880	0	13.6	1.0	11
2019101023	2025-02-23	3	210.0	0.5	1.0	2	2860	0	13.5	1.0	12
2019101023	2025-03-09	2	340.0	0.4	0.0	2	2880	2	13.7	1.0	11
2019101023	2025-04-06	3	210.0	0.5	1.0	2	2880	0	13.8	1.0	12
2019101023	2025-04-20	6	0.0	1.8	1.0	2	2970	0	13.9	1.0	14
2019101023	2025-05-31	6	0.0	3.4	3.0	2	3000	2	14.2	1.0	14
2019101023	2025-06-22	6	0.0	1.2	0.0	2	3000	0	13.7	1.0	12
2019101023	2025-07-27	6	0.0	0.5	0.0	2	3000	0	13.3	1.0	14
2019101023	2025-09-14	6	0.0	1.3	1.0	2	2880	0	13.9	1.0	9
2019101023	2025-10-12	10	0.0	4.8	1.0	2	2910	0	13.9	1.0	12
2019101023	2025-11-09	5	84.0	1.2	1.0	2	2750	0	13.4	1.0	10
2019101023	2025-11-22	8	0.0	4.2	0.0	2	2770	0	13.4	1.0	14
2019101023	2025-12-28	5	84.0	1.7	0.0	2	2970	0	13.9	1.0	14
2019101023	2026-01-17	2	340.0	1.2	0.0	2	2880	0	13.6	1.0	12
2019101464	2021-10-17	9	0.0	1.3	1.0	1	1200	1	36.7	0.0	16
2019101464	2021-11-06	7	0.0	0.7	0.0	0	1150	0	37.9	1.0	16
2019101464	2022-01-22	7	0.0	1.6	0.0	0	1200	0	39.0	1.0	16
2019101464	2022-02-22	2	87.5	0.3	1.0	0	1400	0	39.0	5.0	12
2019101464	2022-04-17	4	78.0	0.8	0.0	0	1700	2	38.7	1.0	15
2019101464	2022-04-24	3	130.0	0.4	0.0	0	1700	0	38.8	1.0	15
2019101464	2022-05-14	2	210.0	0.1	1.0	0	1800	2	38.7	1.0	13
2019101464	2022-07-02	1	520.0	0.0	0.0	0	1700	0	37.2	1.0	15
2019101464	2022-07-24	1	770.0	0.0	1.0	0	1700	2	38.3	2.0	15
2019101464	2022-10-16	4	230.0	1.3	0.0	0	1800	0	37.9	5.0	15
2019101464	2022-11-05	3	385.2	0.3	0.0	0	1700	0	36.9	3.0	15
2019101464	2023-01-05	10	0.0	0.3	0.0	0	1800	0	39.2	3.0	16
2019101464	2023-03-04	10	0.0	1.5	0.0	0	1800	0	39.8	3.0	16
2019101464	2023-04-09	8	0.0	1.1	0.0	0	1700	0	38.2	5.0	15
2019101464	2023-08-19	8	0.0	1.2	0.0	0	1800	0	39.1	5.0	15
2019101464	2023-09-10	10	0.0	1.8	0.0	1	1800	0	34.7	5.0	10
2019101464	2023-10-29	7	0.0	1.7	3.0	0	1800	3	38.0	5.0	15
2019101464	2024-04-07	11	0.0	1.5	0.0	0	1700	0	38.1	5.0	13
2019101464	2024-04-21	12	0.0	2.5	1.0	0	1600	0	37.8	3.0	13
2019101464	2024-08-17	8	0.0	1.9	0.0	0	1800	0	39.1	5.0	15
2019101464	2024-09-01	3	200.0	0.5	1.0	2	3000	3	13.7	1.0	9
2019101464	2024-10-20	4	120.0	1.1	0.0	2	2850	2	13.5	1.0	7
2019101464	2024-11-03	3	200.0	0.1	0.0	2	2750	1	13.4	1.0	7
2019101464	2025-01-19	2	340.0	0.2	0.0	2	2880	0	13.6	1.0	11
2019101464	2025-03-08	4	130.0	0.7	1.0	2	2880	2	13.7	1.0	9
2019101464	2025-04-05	8	0.0	2.9	0.0	2	2880	2	13.8	1.0	14
2019101464	2025-07-06	2	340.0	0.1	0.0	2	2750	0	13.4	1.0	14
2019101464	2025-08-24	3	210.0	1.0	0.0	2	3000	0	13.3	1.0	11
2019101464	2025-11-09	5	84.0	0.6	1.0	2	2750	0	13.5	1.0	9
2019101464	2025-12-28	4	130.0	1.4	0.0	2	2970	0	13.9	1.0	14
2019101464	2026-01-17	4	130.0	2.1	0.0	2	2880	0	13.7	1.0	12
2019102273	2021-07-17	5	70.0	0.3	0.0	1	1800	0	34.8	0.0	13
2019102273	2021-08-15	4	77.0	0.8	1.0	1	1600	2	34.3	1.0	14
2019102273	2022-03-05	3	130.0	0.4	0.0	1	1600	0	35.6	1.0	16
2019102273	2022-03-26	9	0.0	1.0	2.0	1	1600	0	35.6	1.0	15
2019102273	2022-04-23	9	0.0	2.3	0.0	0	1600	1	39.5	1.0	16
2019102273	2022-05-15	5	52.0	0.7	0.0	0	1200	2	39.2	1.0	15
2019102273	2022-06-18	7	0.0	1.4	1.0	0	1000	0	36.4	1.0	12
2019102273	2022-07-23	1	520.0	0.0	1.0	1	1200	2	35.4	1.0	16
2019102273	2022-09-04	1	770.0	0.0	0.0	1	1200	0	34.1	2.0	16
2019102273	2022-10-01	2	609.6	0.3	0.0	1	1200	0	34.1	5.0	14
2019102273	2023-06-10	1	1577.3	0.0	0.0	1	1200	0	34.8	3.0	13
2019102273	2023-07-01	1	1873.6	0.0	0.0	1	1200	0	34.6	4.0	16
2019102273	2023-09-10	11	0.0	0.8	1.0	1	1200	0	34.3		15
2019102273	2024-01-08	4	350.0	0.1	0.0	1	1200	0	33.7	5.0	16
2019102273	2024-04-07	2	930.2	0.3	0.0	1	1200	0	34.6	5.0	16
2019102273	2024-06-22	1	2336.4	0.0	1.0	1	1200	0	33.6	5.0	16
2019102273	2024-08-25	4	650.0	0.3	0.0	1	1200	0	33.8		16
2019102273	2024-10-05	11	0.0	0.7	0.0	1	1200	0	34.0		18
2019102273	2025-01-18	5	230.0	0.3	0.0	1	1200	0	33.8	5.0	16
2019102273	2025-03-23	7	0.0	0.6	0.0	1	1400	0	35.5		18
2019102273	2025-06-14	9	0.0	0.6	1.0	1	1200	0	33.6		16
2019102273	2025-06-28	5	230.0	0.5	0.0	1	1200	0	34.7	5.0	16
2019102273	2025-08-24	9	0.0	0.6	0.0	1	1200	0	34.1		16
2019102273	2026-01-17	4	350.0	0.2	0.0	1	1200	0	33.2	5.0	16
2019103308	2021-12-28	14	0.0	3.6	0.0	0	1200	0	42.3	0.0	14
2019103308	2022-01-30	9	0.0	1.0	1.0	0	1000	0	37.0	1.0	13
2019103308	2022-02-19	10	0.0	2.0	3.0	0	1000	2	37.5	1.0	14
2019103308	2022-04-03	5	52.0	1.3	3.0	0	1200	2	38.9	1.0	16
2019103308	2022-04-23	7	0.0	1.1	1.0	0	1150	0	38.9	1.0	16
2019103308	2022-05-28	2	210.0	0.2	1.0	0	1200	1	38.0	1.0	15
2019103308	2022-06-18	9	0.0	1.5	1.0	0	1300	0	37.9	1.0	15
2019103308	2022-08-14	1	520.0	0.0	1.0	0	1200	1	36.4	1.0	15
2019103308	2022-10-23	5	77.0	0.8	1.0	0	1200	2	38.0	2.0	15
2019103308	2022-12-28	6	0.0	1.2	0.0	0	1200	0	37.4	2.0	16
2019103308	2023-03-12	7	0.0	0.7	1.0	0	1200	0	37.7	2.0	15
2019103308	2023-05-07	11	0.0	1.2	3.0	0	1200	3	38.4	2.0	15
2019103308	2023-08-05	9	0.0	1.7	0.0	0	1200	0	38.7	2.0	15
2019103308	2023-09-09	12	0.0	1.9	0.0	0	1200	1	37.8	2.0	16
2019103308	2023-10-29	2	320.0	0.0	3.0	0	1200	3	35.8	2.0	12
2019103308	2023-12-16	5	80.0	0.9	1.0	0	1200	1	36.1	2.0	16
2019103308	2024-01-08	3	200.0	0.1	0.0	0	1200	0	38.9	2.0	16
2019103308	2024-02-25	4	120.0	0.8	2.0	0	1200	3	36.6	2.0	15
2019103308	2024-03-17	2	320.0	1.0	0.0	0	1200	0	37.7	2.0	16
2019103308	2024-09-22	9	0.0	1.1	1.0	0	1200	0	38.4	2.0	16
2019103308	2024-10-14	5	80.0	0.8	0.0	0	1200	0	36.5	2.0	8
2019103308	2025-03-22	12	0.0	1.1	0.0	0	1200	2	38.1	2.0	16
2019103308	2025-05-24	9	0.0	1.6	1.0	0	1200	0	36.3	2.0	14
2019103308	2025-12-13	7	0.0	0.6	1.0	0	1200	0	36.8	2.0	16
2019103308	2026-01-17	9	0.0	0.7	0.0	0	1200	0	37.7	2.0	16
2019103816	2022-04-17	4	78.0	0.7	0.0	1	2200	0	34.8	1.0	18
2019103816	2022-05-14	2	210.0	0.2	0.0	1	2200	1	36.3	1.0	10
2019103816	2022-05-29	2	210.0	0.1	0.0	1	2200	0	36.7	1.0	12
2019103816	2022-06-18	1	520.0	0.0	1.0	1	2400	0	34.8	1.0	13
2019103816	2022-10-16	7	0.0	1.1	1.0	1	2400	0	35.5	2.0	12
2019103816	2022-11-12	2	310.0	0.0	0.0	1	2600	0	36.6	2.0	16
2019103816	2022-12-11	7	0.0	1.2	0.0	1	2200	0	36.0	2.0	12
2019103816	2023-04-23	4	170.0	0.6	0.0	1	2600	0	36.0	5.0	14
2019103816	2023-05-14	5	111.0	0.4	0.0	1	2000	0	35.6	5.0	12
2019103816	2023-11-19	14	0.0	1.3	0.0	1	2600	0	37.2	5.0	16
2019103816	2024-01-13	6	0.0	0.9	0.0	1	2600	0	36.1	2.0	16
2019103816	2024-02-10	4	170.0	0.6	0.0	1	2600	0	35.9	5.0	8
2019103816	2024-03-09	4	120.0	0.5	0.0	1	2200	0	37.4	2.0	9
2019103816	2024-04-07	11	0.0	1.5	0.0	1	2600	0	38.0	2.0	16
2019103816	2024-05-04	8	0.0	1.0	0.0	1	2200	0	37.5	5.0	13
2019103816	2024-05-18	1	800.0	0.0	0.0	1	2400	0	35.4	2.0	12
2019103816	2024-09-15	5	155.0	1.5	1.0	1	2200	2	36.3	5.0	10
2019103816	2024-10-05	2	460.0	0.2	0.0	1	2400	0	35.9	3.0	8
2019103816	2024-11-09	3	290.0	0.4	0.0	1	2400	0	34.6	3.0	6
2019103816	2024-12-07	8	0.0	1.9	0.0	1	2400	0	37.0	3.0	10
2019103816	2025-02-01	5	155.0	1.3	1.0	1	2400	0	37.2	5.0	10
2019103816	2025-03-02	3	393.2	0.5	2.0	1	2200	0	35.4	5.0	9
2019103816	2025-03-22	6	0.0	0.6	0.0	1	2600	0	35.5	3.0	9
2019103816	2025-06-14	6	0.0	0.4	0.0	1	1800	0	34.2	5.0	16
2019103816	2025-07-13	10	0.0	1.9	0.0	1	1800	0	36.4	3.0	11
2019103816	2025-08-09	8	0.0	1.2	0.0	1	2000	2	34.9	5.0	11
2019103816	2025-08-24	11	0.0	0.8	0.0	1	1800	0	35.5	3.0	14
2019103816	2026-01-17	7	0.0	0.9	0.0	1	2000	0	34.7	5.0	10
2019103996	2022-08-20	4	78.0	0.5	1.0	0	1800	2	38.6	1.0	15
2019103996	2022-09-04	6	0.0	1.1	0.0	0	1800	2	39.9	1.0	15
2019103996	2022-10-12	3	6.3	0.5	0.0	0	1200	1	37.6		12
2019103996	2022-10-27	1	30.0	0.0	0.0	0	1200	0	37.9		12
2019103996	2022-11-09	2	12.6	0.5	0.0	0	1200	2	38.1	5.0	11
2019103996	2022-12-30	3	35.0	0.6	0.0	0	1200	0	39.1		16
2019103996	2023-01-26	2	32.0	0.0	0.0	0	1200	0	37.6	9.0	15
2019103996	2023-02-24	1	80.0	0.0	1.0	0	1200	0	37.6	9.0	16
2019103996	2023-03-08	1	100.0	0.0	0.0	0	1200	0	37.4	10.0	15
2019103996	2023-06-03	8	0.0	1.0	0.0	0	1200	1	36.7	2.0	16
2019103996	2023-08-13	2	320.0	0.5	0.0	0	1000	0	34.5	2.0	14
2019103996	2023-09-03	8	0.0	1.0	0.0	0	1000	0	35.5	2.0	13
2019103996	2023-09-24	8	0.0	0.7	0.0	1	1400	0	34.9	2.0	18
2019103996	2023-10-09	7	0.0	0.8	1.0	0	1200	1	38.6	2.0	16
2019103996	2023-12-16	1	800.0	0.0	1.0	0	1200	1	35.3	2.0	16
2019103996	2024-01-06	8	0.0	1.0	1.0	0	1200	0	37.2	3.0	16
2019103996	2024-03-09	2	630.8	0.0	1.0	0	1200	0	38.0	5.0	16
2019103996	2024-03-24	13	0.0	1.2	1.0	0	1200	3	36.4	3.0	15
2019103996	2024-05-26	13	0.0	1.5	0.0	0	1200	0	36.8	3.0	15
2019103996	2024-08-24	7	0.0	0.6	0.0	0	1200	0	36.4	5.0	15
2019103996	2024-09-15	9	0.0	1.1	1.0	0	1400	1	37.1	3.0	13
2019103996	2024-12-01	7	0.0	0.9	0.0	0	1200	0	35.8	3.0	16
2019103996	2024-12-14	7	0.0	0.7	0.0	0	1400	0	36.1	3.0	16
2019103996	2025-03-15	10	0.0	0.7	2.0	0	1200	0	35.9	5.0	16
2019103996	2025-03-29	11	0.0	2.4	0.0	0	1800	2	39.7	5.0	13
2019103996	2025-04-06	6	0.0	0.6	0.0	1	1200	0	33.7	3.0	10
2019103996	2025-06-21	6	0.0	0.3	1.0	1	1200	0	34.8	3.0	15
2019103996	2025-06-29	11	0.0	1.0	0.0	1	1200	0	34.8	5.0	14
2019103996	2025-12-20	2	460.0	0.1	1.0	1	1200	0	33.6	3.0	16
2019103996	2026-01-17	13	0.0	0.8	0.0	1	1200	0	33.9	3.0	16
2019104861	2021-12-25	4	110.0	0.5	0.0	1	1800	2	36.0	0.0	16
2019104861	2022-01-16	8	0.0	0.8	0.0	1	1600	0	37.2	1.0	16
2019104861	2022-04-02	10	0.0	1.6	0.0	1	2000	2	36.8	1.0	18
2019104861	2022-06-19	5	52.0	0.6	0.0	1	1400	0	34.7	1.0	16
2019104861	2022-07-10	1	520.0	0.0	0.0	0	1700	0	37.6	1.0	15
2019104861	2022-08-28	3	190.0	0.8	0.0	0	1800	2	38.1	2.0	8
2019104861	2022-09-25	4	120.0	0.9	0.0	0	1800	2	39.1	2.0	13
2019104861	2023-03-25	1	800.0	0.0	2.0	0	1800	3	38.6	2.0	14
2019104861	2023-10-01	14	0.0	3.5	1.0	0	1800	0	40.5	3.0	16
2019104861	2023-11-11	10	0.0	1.6	1.0	0	1600	0	38.0	3.0	16
2019104861	2024-01-20	12	0.0	1.2	2.0	0	1800	0	38.1	3.0	16
2019104861	2024-04-20	6	0.0	0.7	0.0	0	1700	0	38.1	5.0	15
2019104861	2024-05-12	8	0.0	1.7	1.0	1	1600	0	34.6	3.0	8
2019104861	2024-07-07	4	230.0	1.0	0.0	0	1700	0	37.2	3.0	10
2019104861	2024-08-04	4	230.0	0.3	0.0	0	1800	0	38.5	5.0	15
2019104861	2024-09-01	5	155.0	1.6	0.0	0	1800	0	38.8	5.0	15
2019104861	2024-10-05	6	0.0	0.5	0.0	0	1800	2	37.8	5.0	13
2019104861	2024-10-26	5	155.0	0.6	0.0	0	1800	0	37.2	5.0	14
2019104861	2024-11-10	1	1590.6	0.0	0.0	0	1700	0	37.9	3.0	15
2019104861	2024-12-01	9	0.0	1.1	0.0	0	1800	0	38.6	4.0	16
2019104861	2025-03-08	15	0.0	2.1	1.0	0	1800	2	38.7	4.0	16
2019104861	2025-04-13	12	0.0	1.9	3.0	0	1800	2	38.5	4.0	16
2019104861	2025-06-29	8	0.0	1.2	0.0	0	1700	0	36.6	4.0	15
2019104861	2025-08-16	8	0.0	0.9	0.0	0	1700	0	38.4	4.0	14
2019104861	2025-10-11	10	0.0	1.4	0.0	0	1900	0	38.0	4.0	16
2019104861	2025-11-24	10	0.0	1.2	1.0	0	1700	0	37.8	4.0	15
2019104861	2026-01-17	14	0.0	2.2	0.0	0	1800	0	38.5	4.0	16
2019105076	2021-09-04	6	0.0	0.9	1.0	1	2000	2	36.5	0.0	10
2019105076	2021-10-17	3	130.0	0.3	3.0	1	1800	2	34.5	1.0	9
2019105076	2021-11-07	2	200.0	0.3	1.0	1	2000	0	34.2	1.0	10
2019105076	2022-01-29	2	210.0	0.0	1.0	1	1800	0	34.1	1.0	16
2019105076	2022-02-20	3	130.0	0.8	1.0	1	1800	1	34.9	1.0	16
2019105076	2022-03-20	3	130.0	0.2	0.0	1	2000	1	36.6	1.0	17
2019105076	2022-04-17	13	0.0	2.1	0.0	1	2200	2	37.9	1.0	18
2019105076	2022-07-02	2	210.0	0.2	0.0	1	2000	0	35.4	1.0	10
2019105076	2022-07-24	4	78.0	0.7	0.0	1	2000	0	37.4	1.0	16
2019105076	2022-08-21	1	520.0	0.0	0.0	1	2000	2	35.3	1.0	18
2019105076	2022-11-26	2	310.0	0.5	1.0	1	2400	0	34.3	2.0	7
2019105076	2023-05-21	2	320.0	0.0	0.0	1	2400	0	33.7	2.0	8
2019105076	2023-06-17	2	320.0	0.5	0.0	1	2400	0	34.4	2.0	9
2019105076	2023-08-26	14	0.0	2.4	0.0	1	2600	0	38.3	5.0	14
2019105076	2023-10-15	9	0.0	2.1	1.0	1	2400	1	35.8	2.0	10
2019105076	2023-12-03	3	284.8	0.4	0.0	1	2200	0	34.2	5.0	11
2019105076	2024-01-20	12	0.0	1.4	1.0	1	2200	0	35.6	2.0	17
2019105076	2024-03-24	3	200.0	1.1	2.0	1	2200	1	37.8	2.0	9
2019105076	2024-05-19	6	0.0	1.7	1.0	1	2400	0	35.9	2.0	9
2019105076	2024-09-07	4	120.0	1.6	0.0	1	2000	0	34.7	2.0	10
2019105076	2024-10-06	9	0.0	0.9	0.0	1	2400	0	36.9	5.0	16
2019105076	2024-10-27	16	0.0	4.4	0.0	1	2000	0	38.5	5.0	16
2019105076	2025-04-26	8	0.0	1.0	0.0	1	2000	0	35.4	5.0	13
2019105076	2025-05-17	2	447.4	0.0	1.0	1	2000	2	34.9	5.0	9
2019105076	2025-06-15	7	0.0	0.9	1.0	1	2000	2	35.1	2.0	14
2019105076	2025-08-31	11	0.0	5.0	0.0	1	2200	0	40.4	5.0	11
2019105076	2025-09-27	14	0.0	2.0	0.0	1	2200	0	35.5	2.0	16
2019105076	2026-01-17	7	0.0	0.6	0.0	1	2200	0	35.5	2.0	12
2019105808	2021-09-11	7	0.0	1.3	1.0	1	2000	0	35.2	0.0	12
2019105808	2021-12-26	11	0.0	1.7	0.0	1	2000	0	35.7	1.0	18
2019105808	2022-02-05	6	0.0	0.5	0.0	1	2400	0	34.6	1.0	15
2019105808	2022-04-09	7	0.0	1.1	0.0	1	2000	0	37.1	1.0	18
2019105808	2022-05-01	2	210.0	0.1	1.0	1	2600	2	36.7	1.0	13
2019105808	2022-06-18	3	130.0	0.3	0.0	1	2600	0	35.5	1.0	9
2019105808	2022-07-17	5	52.0	1.8	3.0	1	2600	1	40.7	1.0	16
2019105808	2022-08-06	1	365.0	0.0	0.0	1	2000	0	36.3	1.0	16
2019105808	2022-11-12	3	190.0	0.1	0.0	1	2600	0	36.4	2.0	16
2019105808	2022-12-18	5	77.0	0.5	0.0	1	2500	2	35.3	2.0	12
2019105808	2023-01-21	1	800.0	0.0	0.0	1	2600	2	34.9	2.0	9
2019105808	2023-02-18	8	0.0	2.1	2.0	1	2600	2	38.6	5.0	11
2019105808	2023-04-16	2	628.0	0.1	0.0	1	2600	2	37.1	5.0	13
2019105808	2023-05-28	6	0.0	0.7	0.0	1	2400	0	34.3	3.0	11
2019105808	2023-07-16	4	230.0	0.7	0.0	1	2600	0	36.2	5.0	11
2019105808	2023-11-04	10	0.0	1.6	1.0	1	2600	0	38.2	5.0	16
2019105808	2023-12-03	10	0.0	1.1	0.0	1	2500	0	35.6	3.0	12
2019105808	2024-01-14	8	0.0	0.7	0.0	1	2000	0	35.0	5.0	13
2019105808	2024-02-17	10	0.0	0.8	0.0	1	2600	0	35.4	5.0	16
2019105808	2024-02-24	13	0.0	0.7	0.0	1	2000	2	36.5	5.0	15
2019105808	2024-03-24	14	0.0	2.2	2.0	0	1800	1	37.1	3.0	16
2019105808	2025-03-01	9	0.0	4.0	1.0	2	2860	0	14.0	1.0	12
2019105808	2025-05-04	9	0.0	3.9	0.0	2	2890	2	13.6	1.0	14
2019105808	2025-07-20	8	0.0	1.9	0.0	2	2770	0	13.6	1.0	14
2019105808	2025-09-28	9	0.0	4.0	0.0	2	2970	0	14.1	1.0	12
2019105808	2026-01-17	5	84.0	2.3	0.0	2	2880	0	13.7	1.0	12
2019106030	2022-01-08	5	60.0	1.3	0.0	1	1600	2	35.8	0.0	16
2019106030	2022-01-29	10	0.0	1.6	1.0	1	1800	0	35.6	1.0	16
2019106030	2022-04-02	1	520.0	0.0	0.0	0	1800	1	38.6	1.0	15
2019106030	2022-04-17	7	0.0	1.7	0.0	0	1800	2	38.3	2.0	13
2019106030	2022-08-14	3	190.0	0.4	1.0	0	1800	1	38.0	2.0	15
2019106030	2022-09-19	3	190.0	0.6	0.0	0	2400	1	39.1	2.0	16
2019106030	2022-10-08	1	770.0	0.0	1.0	0	2100	1	36.7	2.0	13
2019106030	2023-01-28	1	1140.0	0.0	0.0	0	2100	0	36.7	3.0	16
2019106030	2023-02-18	3	464.9	1.1	0.0	0	2100	2	37.4	4.0	16
2019106030	2023-09-02	7	0.0	1.5	1.0	0	1800	0	38.6	4.0	15
2019106030	2023-10-21	2	749.6	0.2	0.0	0	2100	0	37.7	4.0	16
2019106030	2023-11-18	4	280.0	0.7	0.0	0	2100	1	37.4	4.0	16
2019106030	2024-02-17	3	464.0	0.5	1.0	0	2100	0	36.8	4.0	13
2019106030	2024-03-16	2	748.8	0.2	0.0	0	1800	0	38.3	4.0	14
2019106030	2024-04-13	3	464.2	0.4	0.0	0	1800	0	37.6	4.0	14
2019106030	2024-05-19	2	750.2	0.2	1.0	0	2100	0	36.4	4.0	16
2019106030	2025-10-18	12	0.0	2.4	1.0	0	2100	0	37.5	4.0	16
2019106030	2025-11-24	5	184.0	1.4	0.0	0	2100	0	37.9	4.0	16
2019106030	2025-12-21	6	0.0	1.0	1.0	0	1800	1	37.5	4.0	15
2019106030	2026-01-17	2	760.0	0.6	0.0	0	1800	0	37.9	4.0	16
2019106632	2021-11-07	11	0.0	3.2	0.0	0	1200	0	39.4	0.0	12
2019106632	2021-11-21	5	51.0	1.1	0.0	0	1200	0	38.0	1.0	15
2019106632	2021-12-11	1	510.0	0.0	0.0	0	1200	0	37.9	1.0	16
2019106632	2022-01-15	8	0.0	1.0	0.0	0	1200	0	38.1	2.0	11
2019106632	2022-01-30	12	0.0	3.0	1.0	0	1200	0	40.1	2.0	12
2019106632	2022-02-12	15	0.0	2.1	0.0	0	1400	0	38.4	2.0	16
2019106632	2022-09-10	3	190.0	1.2	0.0	0	1200	3	35.9	2.0	11
2019106632	2022-10-10	4	120.0	0.4	1.0	0	1200	3	36.4	2.0	14
2019106632	2022-11-12	1	770.0	0.0	0.0	0	1400	0	36.9	2.0	15
2019106632	2022-12-11	1	1543.6	0.0	0.0	0	1200	0	36.3	5.0	16
2019106632	2023-01-05	2	750.8	0.4	0.0	0	1400	0	37.2	4.0	16
2019106632	2023-01-28	7	0.0	1.0	0.0	0	1200	0	37.3	4.0	16
2019106632	2023-04-15	7	0.0	0.9	3.0	0	1400	3	36.4	4.0	16
2019106632	2023-05-21	16	0.0	3.3	0.0	0	1400	0	40.1	4.0	16
2019106632	2023-11-04	12	0.0	1.6	1.0	0	1200	0	35.4	4.0	16
2019106632	2023-11-19	6	0.0	0.6	0.0	0	1400	2	37.3	4.0	14
2019106632	2023-12-24	13	0.0	1.3	0.0	0	1200	0	37.4	4.0	16
2019106632	2024-02-03	6	0.0	0.9	0.0	0	1200	0	36.9	4.0	16
2019106632	2024-03-02	8	0.0	1.0	1.0	0	1200	2	36.1	4.0	16
2019106632	2024-04-21	12	0.0	2.2	1.0	0	1400	0	37.5	4.0	15
2019106632	2024-06-23	3	466.2	0.1	1.0	0	1400	3	35.2	4.0	15
2019106632	2024-09-01	4	280.0	1.0	1.0	0	1400	1	36.0	4.0	16
2019106632	2024-10-20	10	0.0	1.8	0.0	0	1400	2	38.9	4.0	12
2019106632	2024-11-03	11	0.0	1.6	0.0	0	1600	1	36.1	4.0	11
2019106632	2024-12-15	15	0.0	2.0	0.0	0	1400	0	39.0	4.0	16
2019106632	2025-02-22	8	0.0	1.3	1.0	0	1400	0	37.2	4.0	16
2019106632	2025-04-06	7	0.0	0.6	0.0	0	1200	0	37.0	4.0	11
2019106632	2025-05-25	10	0.0	0.8	1.0	0	1400	1	36.9	4.0	16
2019106632	2025-07-20	9	0.0	2.1	0.0	0	1700	0	36.8	4.0	13
2019106632	2025-09-20	2	747.8	0.1	1.0	0	1400	0	36.4	4.0	13
2019106632	2025-10-19	14	0.0	1.9	1.0	0	1400	0	36.3	4.0	16
2019106632	2026-01-17	12	0.0	1.5	0.0	0	1400	0	37.5	4.0	16
2020100363	2022-10-10	3	180.0	0.1	1.0	0	1400	1	36.2	0.0	16
2020100363	2023-02-04	7	0.0	0.6	0.0	0	1300	0	35.9	1.0	16
2020100363	2023-03-25	1	550.0	0.0	3.0	0	1200	3	36.7	1.0	16
2020100363	2023-04-16	6	0.0	0.8	0.0	0	1200	1	36.0	2.0	16
2020100363	2023-08-20	8	0.0	0.5	0.0	0	1200	0	37.6	2.0	15
2020100363	2023-09-10	2	320.0	0.1	0.0	0	1200	2	36.0	2.0	16
2020100363	2023-10-01	1	800.0	0.0	1.0	0	1200	0	35.9	2.0	16
2020100363	2023-10-28	4	170.0	0.5	0.0	0	1400	0	36.0	3.0	11
2020100363	2023-11-25	8	0.0	1.0	0.0	0	1400	0	36.2	3.0	16
2020100363	2024-03-03	5	114.0	0.7	0.0	0	1200	2	36.1	3.0	16
2020100363	2024-03-31	5	114.0	0.7	0.0	0	1200	0	36.1	3.0	16
2020100363	2024-04-13	6	0.0	0.6	0.0	0	1200	0	35.5	5.0	15
2020100363	2024-06-02	8	0.0	1.1	2.0	0	1400	1	34.4	5.0	16
2020100363	2024-09-08	3	290.0	0.7	0.0	0	1200	0	36.0	3.0	15
2020100363	2024-09-28	3	290.0	0.4	1.0	0	1200	0	36.5	3.0	16
2020100363	2024-10-13	3	393.5	0.2	0.0	0	1300	0	35.2	5.0	11
2020100363	2024-12-22	3	395.2	0.3	0.0	0	1200	0	38.1	5.0	16
2020100363	2025-01-12	3	290.0	0.3	1.0	0	1200	0	35.8	3.0	16
2020100363	2025-12-13	6	0.0	0.9	1.0	0	1200	0	36.9	3.0	13
2020100363	2026-01-17	2	480.0	0.0	0.0	0	1200	0	36.6	3.0	16
2020100665	2022-09-25	5	70.0	0.7	0.0	1	2000	0	35.8	0.0	10
2020100665	2022-10-09	5	52.0	0.3	1.0	1	1800	0	34.4	1.0	10
2020100665	2022-10-23	4	78.0	0.2	0.0	0	1800	0	37.9	1.0	12
2020100665	2022-11-13	1	520.0	0.0	1.0	0	1800	0	37.5	1.0	11
2020100665	2022-12-11	4	110.0	0.9	1.0	0	1800	0	38.8	2.0	14
2020100665	2022-12-28	4	110.0	0.9	0.0	0	1800	0	38.3	2.0	11
2020100665	2023-01-22	6	0.0	1.1	0.0	0	1800	0	39.3	2.0	8
2020100665	2023-04-15	4	120.0	0.9	3.0	0	1800	1	38.1	2.0	13
2020100665	2023-05-06	1	1106.4	0.0	1.0	0	1800	2	38.4	2.0	15
2020100665	2023-05-21	3	483.3	0.5	0.0	0	1800	0	37.1		11
2020100665	2023-06-18	13	0.0	2.2	0.0	0	1600	0	37.7		15
2020100665	2023-12-28	4	230.0	0.8	0.0	0	1800	0	39.2	3.0	16
2020100665	2024-03-16	8	0.0	1.4	0.0	0	1900	0	37.1	5.0	16
2020100665	2024-03-30	4	230.0	0.3	0.0	0	1800	1	37.8	3.0	15
2020100665	2024-05-12	3	290.0	0.7	1.0	0	1800	0	37.8	3.0	14
2020100665	2024-05-25	4	170.0	0.4	0.0	0	1600	0	36.4	3.0	16
2020100665	2024-06-16	3	290.0	0.5	0.0	0	1800	0	36.6	3.0	16
2020100665	2024-11-16	5	155.0	1.1	2.0	0	1900	0	38.9	5.0	16
2020100665	2024-11-30	7	0.0	1.0	0.0	0	1800	2	38.3	5.0	15
2020100665	2024-12-22	4	230.0	0.5	0.0	0	1800	0	38.5	3.0	16
2020100665	2025-01-13	7	0.0	0.4	0.0	0	1400	0	36.9	5.0	16
2020100665	2025-03-23	5	114.0	1.2	0.0	0	1400	0	38.4	3.0	16
2020100665	2025-04-05	8	0.0	0.7	1.0	0	1400	0	37.0	3.0	16
2020100665	2025-04-19	4	230.0	0.4	0.0	0	1400	0	36.9	5.0	16
2020100665	2025-05-11	2	460.0	0.4	1.0	0	1400	2	36.4	3.0	16
2020100665	2025-06-08	11	0.0	0.9	0.0	0	1400	0	37.1	5.0	16
2020100665	2025-09-07	10	0.0	1.2	0.0	0	1400	0	37.7	3.0	12
2020100665	2025-09-27	3	290.0	0.9	0.0	0	1200	0	36.2	3.0	16
2020100665	2025-10-18	11	0.0	1.7	1.0	0	1200	0	37.6	5.0	15
2020100665	2025-11-08	1	1585.7	0.0	0.0	0	1400	0	36.8	5.0	16
2020100665	2025-11-23	8	0.0	0.6	0.0	0	1400	0	36.6	4.0	16
2020100665	2026-01-17	16	0.0	1.7	0.0	0	1400	0	37.2	4.0	16
2020100678	2022-06-26	4	110.0	0.7	0.0	1	1800	0	34.9	0.0	12
2020100678	2022-07-23	1	520.0	0.0	1.0	1	1800	2	35.9	1.0	5
2020100678	2022-08-13	4	240.0	1.0	1.0	1	1800	0	36.2	5.0	9
2020100678	2022-09-03	10	0.0	1.6	0.0	1	1800	0	37.2		14
2020100678	2022-12-04	8	0.0	0.9	0.0	1	1600	0	35.8	2.0	12
2020100678	2022-12-28	10	0.0	3.5	0.0	0	1800	0	40.4	2.0	11
2020100678	2023-04-22	3	272.6	0.6	0.0	1	1800	0	35.6	2.0	8
2020100678	2023-05-13	2	437.6	0.1	1.0	1	2000	0	33.8	2.0	12
2020100678	2023-07-23	5	80.0	0.8	0.0	1	2000	0	34.9	2.0	11
2020100678	2023-08-19	8	0.0	0.8	2.0	1	1500	0	36.1	5.0	14
2020100678	2023-09-16	7	0.0	0.6	0.0	1	1600	0	34.3	2.0	18
2020100678	2023-12-17	7	0.0	0.7	0.0	1	1600	0	35.2	2.0	16
2020100678	2024-01-06	7	0.0	0.9	1.0	1	1800	0	36.8	2.0	17
2020100678	2024-02-10	2	320.0	0.2	0.0	1	2000	0	35.6	2.0	11
2020100678	2024-04-07	5	80.0	0.9	0.0	1	2000	0	36.2	2.0	14
2020100678	2024-04-21	6	0.0	0.6	0.0	1	2000	0	36.4	5.0	10
2020100678	2024-06-29	5	80.0	0.6	1.0	1	1800	0	37.4	2.0	12
2020100678	2024-07-14	8	0.0	1.3	3.0	1	1800	3	36.4	5.0	10
2020100678	2024-09-14	6	0.0	0.5	0.0	1	1600	0	34.9	2.0	16
2020100678	2024-10-05	14	0.0	1.0	0.0	1	1600	0	34.3	5.0	18
2020100678	2024-12-14	8	0.0	1.4	0.0	1	1400	0	35.4	2.0	18
2020100678	2025-02-02	11	0.0	1.2	1.0	1	1400	2	35.1	2.0	17
2020100678	2025-04-12	3	285.6	0.5	1.0	1	1800	0	35.8	5.0	14
2020100678	2025-04-27	6	0.0	0.6	0.0	1	1800	0	34.9	2.0	10
2020100678	2025-05-17	1	1135.9	0.0	1.0	1	2000	2	35.0	5.0	9
2020100678	2025-09-15	8	0.0	1.3	1.0	1	1800	0	35.2	3.0	9
2020100678	2026-01-05	10	0.0	1.1	0.0	1	2000	0	34.7	3.0	11
2020100678	2026-01-17	8	0.0	1.0	0.0	1	2000	0	35.1	5.0	10
2020101143	2022-08-14	8	0.0	1.3	1.0	1	1800	2	34.3	0.0	15
2020101143	2022-09-11	4	78.0	0.6	1.0	1	2000	0	34.9	1.0	9
2020101143	2022-10-30	1	520.0	0.0	3.0	1	2000	0	36.9	1.0	14
2020101143	2023-01-05	4	120.0	0.4	0.0	1	2000	0	36.2	2.0	9
2020101143	2023-03-26	2	437.2	0.0	3.0	1	2000	3	38.6	2.0	11
2020101143	2023-04-15	7	0.0	0.8	3.0	1	2000	1	38.4	2.0	12
2020101143	2023-06-10	6	0.0	0.4	0.0	1	2600	0	35.9	5.0	8
2020101143	2023-06-25	4	120.0	0.6	0.0	1	2600	0	38.5	2.0	9
2020101143	2023-08-20	13	0.0	2.2	1.0	1	2000	2	38.8	2.0	16
2020101143	2023-10-14	12	0.0	1.7	0.0	1	2000	0	36.9	5.0	15
2020101143	2024-01-06	2	320.0	0.1	0.0	0	1800	0	38.9	2.0	16
2020101143	2024-02-25	2	320.0	0.0	2.0	0	1800	2	38.7	2.0	10
2020101143	2024-03-23	1	800.0	0.0	2.0	0	1800	0	37.8	2.0	16
2020101143	2024-04-14	6	0.0	0.8	0.0	0	1800	0	38.4	5.0	14
2020101143	2024-07-28	5	155.0	0.6	1.0	0	1800	2	39.4	5.0	15
2020101143	2024-09-21	3	290.0	0.7	1.0	0	1800	0	37.2	3.0	14
2020101143	2024-10-14	1	1574.5	0.0	0.0	0	1800	0	37.1	5.0	10
2020101143	2025-03-08	5	184.0	1.4	1.0	0	1800	2	38.4	4.0	16
2020101143	2025-05-03	6	0.0	0.6	0.0	0	1800	2	37.1	4.0	15
2020101143	2025-07-13	7	0.0	0.7	0.0	0	1700	0	38.0	4.0	15
2020101143	2025-09-21	4	280.0	0.3	1.0	0	1800	0	38.9	4.0	16
2020101143	2025-10-18	4	280.0	0.5	1.0	0	1800	2	36.6	4.0	16
2020101143	2025-12-07	4	280.0	0.6	0.0	0	1800	0	37.7	4.0	16
2020101143	2026-01-17	7	0.0	1.3	0.0	0	1800	0	37.6	4.0	16
2020101174	2024-02-21	1	56.0	0.0	3.0	0	1400	1	39.2	9.0	10
2020101174	2024-03-07	1	70.0	0.0	0.0	0	1400	2	40.8	10.0	11
2020101174	2024-03-22	1	70.0	0.0	0.0	0	1400	0	40.5	10.0	12
2020101174	2024-04-20	1	800.0	0.0	0.0	0	1700	0	38.7	2.0	9
2020101174	2024-05-11	1	1140.0	0.0	0.0	0	1400	0	36.4	3.0	12
2020101174	2024-10-13	4	280.0	0.5	0.0	0	1400	0	36.5	4.0	16
2020101174	2024-10-27	4	280.0	0.4	1.0	0	1300	0	35.7	4.0	15
2020101174	2024-11-23	10	0.0	1.4	0.0	0	1400	2	37.5	4.0	16
2020101174	2025-03-22	14	0.0	2.5	0.0	0	1800	2	40.6	4.0	16
2020101174	2025-04-06	8	0.0	1.3	0.0	0	1200	0	38.3	4.0	11
2020101174	2025-05-25	5	184.0	0.4	1.0	0	1400	1	35.5	4.0	16
2020101174	2025-06-22	3	465.1	0.1	0.0	1	1400	0	33.4	4.0	16
2020101174	2025-07-26	6	0.0	1.1	0.0	1	1400	0	33.1	4.0	10
2020101174	2025-08-24	7	0.0	0.4	0.0	1	1600	0	33.5	4.0	18
2020101174	2025-09-13	1	1861.7	0.0	1.0	0	1200	1	35.5	4.0	10
2020101174	2025-11-23	4	330.0	0.5	0.0	0	1400	0	36.6	5.0	16
2020101174	2025-12-28	5	220.0	0.3	0.0	0	1400	0	37.1	5.0	16
2020101174	2026-01-17	9	0.0	0.5	0.0	1	1200	0	33.5	5.0	16
2020101184	2022-10-08	4	110.0	1.7	1.0	1	1800	0	35.4	0.0	17
2020101184	2022-10-29	6	0.0	1.7	0.0	1	1800	0	35.8	1.0	9
2020101184	2023-01-21	2	220.0	0.1	0.0	1	1800	2	36.1	1.0	13
2020101184	2023-02-04	2	220.0	0.4	1.0	1	1800	0	36.0	1.0	13
2020101184	2023-02-26	2	220.0	0.4	0.0	1	1800	0	36.0	1.0	16
2020101184	2023-05-21	2	220.0	0.1	0.0	1	1800	0	35.8	1.0	16
2020101184	2023-06-17	4	83.0	0.5	1.0	1	1800	0	35.8	1.0	14
2020101184	2023-07-08	2	220.0	0.0	0.0	1	1800	0	35.1	1.0	13
2020101184	2023-07-30	1	550.0	0.0	1.0	1	1500	0	34.7	1.0	14
2020101184	2023-10-29	5	80.0	0.4	0.0	1	1600	0	34.3	2.0	14
2020101184	2023-11-19	16	0.0	2.1	1.0	1	1200	0	37.5	2.0	16
2020101184	2023-12-17	14	0.0	2.0	0.0	1	1600	0	36.7	2.0	16
2020101184	2024-03-24	7	0.0	1.1	2.0	1	1600	1	37.6	2.0	13
2020101184	2024-05-05	6	0.0	0.4	0.0	1	1400	0	34.6	2.0	15
2020101184	2024-06-09	14	0.0	1.9	1.0	1	1600	0	36.6	2.0	17
2020101184	2024-08-03	4	170.0	0.5	0.0	1	1500	0	35.1	5.0	14
2020101184	2024-08-25	12	0.0	1.2	0.0	1	1500	0	36.5	2.0	14
2020101184	2024-12-08	11	0.0	0.8	0.0	1	1600	0	36.1	2.0	16
2020101184	2025-02-02	16	0.0	5.9	2.0	0	1600	2	43.4	2.0	16
2020101184	2025-06-29	1	800.0	0.0	0.0	1	1800	0	34.9	2.0	9
2020101184	2025-08-02	14	0.0	2.0	0.0	1	1800	0	37.2	5.0	14
2020101184	2025-08-31	11	0.0	0.9	1.0	1	1200	2	35.4	3.0	16
2020101184	2025-11-15	13	0.0	2.0	0.0	1	1600	0	34.8	3.0	13
2020101184	2025-12-28	8	0.0	0.3	0.0	1	1600	0	35.1	3.0	12
2020101184	2026-01-17	12	0.0	1.5	0.0	1	1600	0	34.4	3.0	18
2020101262	2022-10-16	5	70.0	0.9	0.0	0	1200	0	39.2	0.0	15
2020101262	2022-11-05	2	210.0	0.1	0.0	0	1150	0	37.9	1.0	16
2020101262	2022-11-20	1	520.0	0.0	1.0	0	1150	0	37.6	1.0	16
2020101262	2023-01-08	4	160.0	0.3	0.0	1	1200	0	34.9	2.0	12
2020101262	2023-02-04	4	160.0	0.6	0.0	1	1200	0	34.3	2.0	13
2020101262	2023-03-12	4	120.0	0.3	0.0	1	1200	0	33.7	2.0	12
2020101262	2023-05-21	9	0.0	0.7	0.0	1	1200	0	35.2	2.0	13
2020101262	2023-07-15	4	120.0	0.1	3.0	1	1200	2	35.4	2.0	14
2020101262	2023-08-05	4	120.0	1.0	0.0	0	1200	0	38.6	2.0	15
2020101262	2023-09-02	5	80.0	0.4	1.0	0	1200	0	37.3	2.0	15
2020101262	2023-09-18	12	0.0	1.0	0.0	0	1200	0	38.2	2.0	16
2020101262	2023-10-22	1	800.0	0.0	0.0	1	1000	2	33.2	2.0	18
2020101262	2023-12-17	6	0.0	0.4	0.0	1	1200	0	34.2	5.0	16
2020101262	2024-01-13	1	1140.0	0.0	2.0	1	1200	0	34.7	3.0	15
2020101262	2024-02-25	2	750.2	0.3	0.0	1	1200	2	35.1	4.0	17
2020101262	2024-05-05	13	0.0	1.6	0.0	1	1000	0	34.1	4.0	16
2020101262	2024-06-16	14	0.0	0.8	3.0	1	1200	0	35.5	4.0	16
2020101262	2024-06-29	2	748.8	0.1	0.0	1	1200	0	33.5	4.0	14
2020101262	2024-08-11	8	0.0	0.6	0.0	1	1000	0	32.8	4.0	17
2020101262	2024-10-19	13	0.0	1.1	3.0	1	1200	2	36.7	4.0	17
2020101262	2024-12-01	3	465.0	0.4	0.0	1	1200	0	33.3	4.0	16
2020101262	2025-01-06	5	184.0	0.4	1.0	1	1200	0	33.9	4.0	16
2020101262	2025-02-02	10	0.0	1.0	1.0	1	1400	0	34.5	4.0	11
2020101262	2025-03-30	13	0.0	0.8	0.0	1	1200	0	34.9	4.0	16
2020101262	2025-05-10	3	464.8	0.2	1.0	1	1000	2	32.7	4.0	16
2020101262	2025-06-22	2	749.4	0.2	2.0	1	1200	1	34.7	4.0	15
2020101262	2025-08-17	1	1863.8	0.0	0.0	1	1000	0	32.9	4.0	11
2020101262	2025-10-26	3	685.6	0.5	3.0	1	1000	2	32.6		17
2020101262	2025-12-07	4	410.0	0.6	0.0	1	1200	0	33.6		16
2020101262	2026-01-17	10	0.0	0.5	0.0	1	1200	0	32.6	5.0	16
2020102081	2022-11-26	2	280.0	0.1	1.0	1	1600	0	34.0	0.0	18
2020102081	2023-05-21	3	140.0	0.7	0.0	1	1600	0	35.2	1.0	18
2020102081	2023-06-11	7	0.0	1.4	1.0	1	1600	2	36.8	1.0	18
2020102081	2023-08-19	1	550.0	0.0	0.0	1	1800	0	36.1	1.0	16
2020102081	2023-12-16	13	0.0	1.1	1.0	1	2200	2	35.4	5.0	18
2020102081	2024-01-20	10	0.0	1.0	3.0	1	2000	2	37.0	2.0	15
2020102081	2024-02-11	5	80.0	0.3	0.0	1	1800	0	36.5	2.0	13
2020102081	2024-03-23	4	120.0	0.1	3.0	1	1600	1	36.3	2.0	14
2020102081	2024-04-14	6	0.0	0.4	0.0	1	1600	0	34.1	2.0	17
2020102081	2024-09-14	13	0.0	1.0	0.0	1	1600	0	35.9	2.0	16
2020102081	2024-11-03	12	0.0	0.9	0.0	1	1600	2	35.4	2.0	15
2020102081	2024-12-28	2	320.0	0.1	0.0	1	1800	0	34.9	2.0	17
2020102081	2025-02-02	14	0.0	1.2	0.0	1	2000	1	38.8	2.0	18
2020102081	2025-03-16	13	0.0	1.5	3.0	1	1600	2	36.8	2.0	16
2020102081	2025-03-22	3	200.0	0.2	0.0	0	1800	0	39.2	2.0	10
2020102081	2025-08-09	4	120.0	2.3	0.0	0	1800	0	39.5	2.0	9
2020102081	2025-08-30	4	120.0	0.4	0.0	1	2000	0	34.4	2.0	8
2020102081	2025-09-06	7	0.0	2.0	0.0	1	2000	0	36.2	2.0	9
2020102081	2026-01-05	15	0.0	1.4	0.0	1	1600	0	34.0	2.0	15
2020102081	2026-01-17	6	0.0	2.4	0.0	0	1800	0	39.2	2.0	8
2020102672	2022-08-06	1	700.0	0.0	0.0	1	1200	0	34.0	0.0	8
2020102672	2022-10-23	1	750.0	0.0	0.0	1	1400	0	33.6	2.0	7
2020102672	2023-01-09	2	1517.0	0.0	0.0	1	1600	0	35.3		16
2020102672	2023-04-08	11	0.0	0.8	1.0	1	1600	2	36.2		16
2020102672	2023-06-24	9	0.0	0.9	1.0	1	1200	2	35.0	5.0	16
2020102672	2023-10-15	11	0.0	0.7	1.0	1	1400	2	34.6		15
2020102672	2024-11-03	10	0.0	0.6	0.0	1	1200	2	35.8	5.0	16
2020102672	2025-01-18	10	0.0	0.6	0.0	1	1200	0	33.6	5.0	16
2020102672	2025-04-13	10	0.0	0.8	3.0	1	1200	2	33.9		14
2020102672	2025-06-28	6	0.0	0.7	0.0	1	1200	0	33.7	5.0	16
2020102672	2025-08-10	8	0.0	0.1	1.0	1	1200	0	33.7	5.0	16
2020102672	2025-11-09	10	0.0	0.6	2.0	1	1200	0	34.1	5.0	16
2020102672	2026-01-17	3	585.0	0.2	0.0	1	1200	0	33.0	5.0	16
2020102703	2023-01-28	2	250.0	0.1	0.0	0	1400	0	36.7	0.0	16
2020102703	2023-02-18	1	550.0	0.0	0.0	0	1400	2	36.4	1.0	16
2020102703	2023-05-13	5	78.0	0.6	2.0	0	1400	2	35.9	2.0	16
2020102703	2023-06-11	1	800.0	0.0	2.0	0	1600	1	33.9	2.0	16
2020102703	2023-08-06	9	0.0	1.6	0.0	0	1800	0	37.2		15
2020102703	2023-10-15	1	1140.0	0.0	1.0	0	1600	3	35.2	3.0	12
2020102703	2023-11-12	7	0.0	0.8	1.0	0	1400	0	35.9	4.0	15
2020102703	2024-02-04	4	280.0	0.8	1.0	0	1600	0	36.1	4.0	16
2020102703	2024-03-31	3	464.9	0.0	0.0	0	1800	0	36.4	4.0	16
2020102703	2024-05-26	8	0.0	1.2	0.0	0	1600	0	35.2	4.0	16
2020102703	2024-06-23	3	465.3	0.5	1.0	0	1600	1	34.8	4.0	16
2020102703	2024-08-25	8	0.0	0.7	1.0	1	1600	0	33.8	4.0	14
2020102703	2024-11-03	7	0.0	0.7	0.0	0	1600	1	34.9	4.0	11
2020102703	2024-12-21	8	0.0	1.4	1.0	0	1800	0	36.7	4.0	16
2020102703	2025-02-01	9	0.0	0.8	0.0	0	1600	0	34.7	4.0	16
2020102703	2025-04-06	2	749.8	0.6	0.0	0	1800	2	37.6	4.0	16
2020102703	2025-05-03	5	184.0	0.6	0.0	0	1800	2	36.7	4.0	15
2020102703	2025-06-01	3	465.2	0.4	0.0	0	1600	2	34.7	4.0	16
2020102703	2025-09-21	2	749.6	0.0	1.0	0	1800	0	38.3	4.0	16
2020102703	2025-10-18	14	0.0	1.5	1.0	0	1800	2	37.0	4.0	16
2020102703	2026-01-04	6	0.0	0.8	0.0	0	1800	2	38.3	4.0	11
2020102703	2026-01-17	8	0.0	1.6	0.0	0	1800	0	37.7	4.0	16
2020102728	2022-11-06	7	0.0	2.0	0.0	1	2000	0	36.8	0.0	13
2020102728	2022-12-25	8	0.0	0.5	0.0	1	1600	0	33.9	1.0	15
2020102728	2023-01-28	2	220.0	0.6	5.0	1	1800	1	37.0	1.0	10
2020102728	2023-02-19	10	0.0	1.5	1.0	1	1800	1	38.8	1.0	16
2020102728	2023-05-13	4	83.0	0.2	1.0	1	1800	0	35.0	1.0	11
2020102728	2023-06-03	3	140.0	0.4	0.0	0	1800	1	36.8	1.0	16
2020102728	2023-06-24	2	220.0	0.0	1.0	0	1700	3	37.6	1.0	9
2020102728	2023-07-15	3	140.0	0.3	3.0	0	1700	3	38.2	1.0	12
2020102728	2023-08-05	5	55.0	1.4	1.0	0	1700	3	38.5	1.0	14
2020102728	2023-08-20	9	0.0	1.5	1.0	0	1000	2	36.3	1.0	11
2020102728	2023-10-06	1	70.0	0.0	0.0	0	1400	2	38.7	10.0	9
2020102728	2023-10-20	2	44.0	0.5	1.0	0	1400	2	40.7	11.0	11
2020102728	2023-11-07	7	0.0	1.4	0.0	0	1700	1	41.7	11.0	12
2020102728	2023-11-22	4	16.5	1.6	0.0	0	1870	0	42.0	11.0	12
2020102728	2023-12-12	1	100.0	0.0	1.0	0	1400	2	41.5	11.0	12
2020102728	2024-02-24	14	0.0	2.1	0.0	1	1600	2	36.2	2.0	17
2020102728	2024-03-17	4	120.0	0.4	1.0	1	1400	0	35.2	2.0	16
2020102728	2024-05-05	15	0.0	1.9	0.0	1	1400	0	38.2	2.0	16
2020102728	2024-05-19	17	0.0	3.2	2.0	1	1600	0	38.7	2.0	17
2020102728	2024-08-25	10	0.0	1.5	1.0	1	1600	0	36.0	2.0	15
2020102728	2024-09-07	16	0.0	1.3	0.0	1	1200	0	35.8	2.0	18
2020102728	2024-12-08	12	0.0	1.9	0.0	0	1400	0	40.7	2.0	16
2020102728	2025-02-05	3	100.0	0.8	0.0	0	1600	2	40.4	13.0	11
2020102728	2025-02-16	5	80.0	1.1	1.0	0	1800	2	38.3	2.0	13
2020102728	2025-04-20	3	200.0	1.5	1.0	0	1800	0	39.8	2.0	13
2020102728	2025-04-27	2	320.0	0.0	0.0	0	1800	0	37.1	2.0	12
2020102728	2025-05-18	5	80.0	0.5	0.0	0	1900	1	36.8	2.0	10
2020102728	2025-08-02	8	0.0	2.1	0.0	0	1800	0	40.4	2.0	10
2020102728	2025-08-24	3	200.0	0.6	0.0	0	1800	0	37.9	2.0	7
2020102728	2025-11-05	6	0.0	1.1	1.0	0	1870	0	41.1	5.0	9
2020102728	2026-01-11	13	0.0	2.7	0.0	0	1800	0	39.3	2.0	14
2020102868	2023-01-22	1	620.0	0.0	1.0	1	2000	0	34.8	0.0	17
2020102868	2023-03-11	4	120.0	0.5	0.0	1	2000	0	35.5	2.0	11
2020102868	2023-04-23	7	0.0	0.8	0.0	1	2000	0	34.6		15
2020102868	2023-07-09	8	0.0	0.5	1.0	1	1800	0	35.6	2.0	16
2020102868	2023-09-23	8	0.0	0.5	1.0	1	2000	1	35.0	2.0	13
2020102868	2023-11-19	5	80.0	0.9	0.0	1	2000	0	37.5	2.0	16
2020102868	2023-12-09	8	0.0	0.6	0.0	1	2000	0	33.3	2.0	18
2020102868	2024-02-03	8	0.0	1.1	2.0	1	2600	0	37.5	2.0	15
2020102868	2024-02-18	2	320.0	0.1	0.0	1	2000	0	35.0	2.0	9
2020102868	2024-03-02	3	200.0	1.0	0.0	1	2000	2	37.2	2.0	13
2020102868	2024-07-28	5	80.0	0.6	1.0	1	1800	2	35.4	2.0	10
2020102868	2024-08-18	8	0.0	1.0	0.0	1	2000	0	35.6	2.0	13
2020102868	2024-10-20	1	800.0	0.0	0.0	1	2000	0	33.5	2.0	15
2020102868	2024-11-24	10	0.0	1.1	0.0	1	2000	0	34.8	3.0	13
2020102868	2024-12-21	5	114.0	0.7	1.0	1	1800	0	33.5	3.0	13
2020102868	2025-02-15	9	0.0	0.8	1.0	1	2000	0	35.7	5.0	15
2020102868	2025-03-15	8	0.0	0.7	2.0	1	2000	0	34.9	5.0	13
2020102868	2025-05-18	8	0.0	0.8	1.0	1	2000	0	35.0	5.0	10
2020102868	2025-07-05	3	394.5	0.4	0.0	0	1700	0	36.4	5.0	15
2020102868	2025-08-02	1	1578.0	0.0	0.0	0	1800	0	37.8	5.0	12
2020102868	2025-10-18	9	0.0	0.9	1.0	0	1800	2	36.7	4.0	16
2020102868	2025-12-20	2	748.8	0.1	2.0	0	1800	2	36.5	4.0	11
2020102868	2026-01-17	3	475.0	1.0	0.0	0	1800	0	37.5	4.0	16
2020103434	2022-06-26	1	700.0	0.0	0.0	1	1800	0	34.2	0.0	12
2020103434	2022-09-24	7	0.0	2.9	0.0	1	2000	0	36.5	5.0	7
2020103434	2023-01-28	1	1086.1	0.0	0.0	1	1600	0	34.2	2.0	7
2020103434	2023-03-18	2	1614.8	0.0	1.0	1	1400	1	35.5		14
2020103434	2023-05-07	5	1300.0	0.4	3.0	1	1600	2	35.2		17
2020103434	2024-02-10	16	0.0	2.0	1.0	1	1600	0	36.0		18
2020103434	2024-02-25	8	0.0	1.3	2.0	1	1400	1	36.5		18
2020103434	2024-05-05	12	0.0	1.4	0.0	1	1200	0	34.6	5.0	13
2020103434	2024-06-22	13	0.0	1.0	1.0	1	1200	0	34.3	5.0	16
2020103434	2024-11-09	16	0.0	3.4	0.0	0	1200	0	39.8	5.0	16
2020103434	2025-03-16	10	0.0	1.4	3.0	1	1200	1	35.9	5.0	16
2020103434	2025-05-03	10	0.0	1.1	0.0	1	1400	0	34.0		12
2020103434	2025-07-12	1	2329.4	0.0	1.0	1	1200	0	34.7	5.0	14
2020103434	2025-08-03	4	620.0	0.3	0.0	1	1000	0	32.2		18
2020103434	2025-08-24	6	0.0	0.2	0.0	1	1200	0	34.4		16
2020103434	2025-10-26	2	1111.2	0.1	3.0	1	1000	2	33.2		17
2020103434	2025-12-07	2	1110.2	0.5	0.0	1	1200	0	33.8		16
2020103434	2026-01-17	2	930.0	0.0	0.0	1	1200	0	33.3	5.0	16
2020103499	2022-07-03	2	280.0	0.2	1.0	1	1800	0	35.1	0.0	8
2020103499	2022-09-10	2	210.0	0.6	0.0	1	2000	2	34.7	1.0	8
2020103499	2022-09-24	2	210.0	0.2	0.0	1	2000	2	35.3	1.0	11
2020103499	2022-11-05	1	520.0	0.0	0.0	1	1800	0	34.3	1.0	8
2020103499	2023-01-08	3	1004.4	0.3	0.0	1	1600	0	35.2		7
2020103499	2023-04-15	4	500.0	0.2	3.0	1	1600	1	34.6		18
2020103499	2023-05-14	3	200.0	0.9	1.0	1	1800	0	33.7	2.0	13
2020103499	2023-07-29	1	1146.4	0.0	0.0	1	1800	0	33.9	5.0	17
2020103499	2023-10-01	3	395.3	0.6	1.0	1	2000	0	34.8	3.0	15
2020103499	2023-10-21	7	0.0	1.4	2.0	1	2000	1	36.7	5.0	9
2020103499	2023-12-02	8	0.0	1.3	0.0	1	1800	0	35.8	3.0	10
2020103499	2024-01-28	9	0.0	1.3	1.0	1	1600	0	36.0	3.0	9
2020103499	2024-02-11	8	0.0	1.1	1.0	1	1800	0	35.1	5.0	9
2020103499	2024-04-14	13	0.0	1.8	0.0	1	1400	0	34.3	5.0	17
2020103499	2024-04-28	8	0.0	0.8	0.0	0	1800	0	37.5	5.0	11
2020103499	2024-06-29	14	0.0	2.8	1.0	0	1700	2	39.9	5.0	16
2020103499	2024-07-07	14	0.0	1.3	1.0	1	1200	0	36.0	5.0	15
2020103499	2024-09-28	6	0.0	0.6	1.0	1	1600	0	34.5	3.0	13
2020103499	2025-03-29	7	0.0	0.5	1.0	1	1600	0	33.9	5.0	8
2020103499	2025-04-26	2	460.0	0.2	0.0	1	1600	0	34.0	3.0	9
2020103499	2025-05-10	2	625.6	0.1	1.0	1	1600	2	34.4	5.0	8
2020103499	2025-05-31	10	0.0	1.2	2.0	1	1600	1	36.6	5.0	16
2020103499	2025-12-14	10	0.0	1.2	0.0	1	1600	0	35.9	5.0	10
2020103499	2025-12-28	7	0.0	0.3	0.0	1	1600	0	34.0	3.0	12
2020103499	2026-01-17	9	0.0	1.0	0.0	1	1600	0	35.0	3.0	18
2020103517	2022-12-25	2	280.0	0.3	0.0	1	1600	0	35.1	0.0	16
2020103517	2023-01-15	2	220.0	0.2	1.0	1	1600	0	35.1	1.0	16
2020103517	2023-04-22	3	140.0	0.4	1.0	1	1600	0	33.3	1.0	13
2020103517	2023-05-20	1	550.0	0.0	1.0	1	1400	2	33.8	1.0	18
2020103517	2023-08-19	3	285.0	0.1	2.0	1	1500	0	35.2	5.0	14
2020103517	2023-10-09	4	120.0	0.2	3.0	1	1400	1	34.1	2.0	16
2020103517	2023-10-21	3	200.0	0.1	2.0	1	1400	1	35.6	2.0	18
2020103517	2024-01-14	2	320.0	0.0	0.0	1	1600	0	34.3	2.0	16
2020103517	2024-02-03	3	200.0	0.2	0.0	1	1600	0	33.2	2.0	13
2020103517	2024-05-05	1	800.0	0.0	0.0	1	1400	0	33.0	2.0	15
2020103517	2024-06-01	1	1573.1	0.0	0.0	1	1400	0	32.9	5.0	10
2020103517	2024-08-17	13	0.0	1.3	0.0	1	1400	0	34.9	4.0	14
2020103517	2024-11-09	11	0.0	0.5	0.0	1	1400	0	33.6	4.0	14
2020103517	2024-12-15	6	0.0	0.6	0.0	1	1400	0	33.7	4.0	18
2020103517	2025-02-15	10	0.0	1.9	0.0	0	1400	0	36.5	4.0	16
2020103517	2025-03-15	7	0.0	0.4	1.0	1	1600	0	34.6	4.0	13
2020103517	2025-04-27	2	749.2	0.0	0.0	1	1400	0	33.1	4.0	15
2020103517	2025-05-25	6	0.0	0.3	1.0	1	1400	0	33.7	4.0	9
2020103517	2025-08-24	9	0.0	0.6	0.0	1	1600	0	33.0	4.0	18
2020103517	2025-10-04	1	1872.9	0.0	2.0	1	1400	0	32.8	4.0	15
2020103517	2025-11-16	8	0.0	0.6	0.0	1	1400	0	33.6		18
2020103517	2026-01-17	7	0.0	0.3	0.0	1	1200	0	32.9	5.0	16
2020103679	2022-10-23	2	280.0	0.3	0.0	1	1800	0	34.5	0.0	13
2020103679	2022-12-25	1	520.0	0.0	0.0	1	2000	0	36.3	1.0	18
2020103679	2023-02-25	3	272.6	0.3	1.0	1	2200	0	35.4	2.0	8
2020103679	2023-04-15	3	274.2	0.0	3.0	1	2000	1	37.2	2.0	12
2020103679	2023-07-15	10	0.0	2.7	1.0	1	2000	2	39.1	5.0	10
2020103679	2023-10-07	1	800.0	0.0	0.0	1	2000	0	34.1	2.0	14
2020103679	2023-11-26	1	1575.9	0.0	1.0	1	2000	0	34.0	3.0	11
2020103679	2024-01-06	6	0.0	0.4	0.0	1	2200	0	34.6	4.0	7
2020103679	2024-11-24	15	0.0	1.5	0.0	1	2000	0	34.8	4.0	15
2020103679	2025-07-19	9	0.0	1.1	0.0	1	1800	0	36.1	4.0	10
2020103679	2025-09-14	12	0.0	1.6	1.0	1	2000	0	35.6	4.0	14
2020103679	2025-11-08	11	0.0	3.2	0.0	0	1600	0	37.8	4.0	11
2020103679	2026-01-17	12	0.0	1.8	0.0	0	1800	0	38.4	4.0	16
2020103902	2023-04-16	17	0.0	3.5	0.0	1	1600	2	36.5	1.0	18
2020103902	2023-04-30	8	0.0	2.0	1.0	1	2000	2	36.1	1.0	10
2020103902	2023-06-21	1	150.0	0.0	1.0	0	1400	0	37.6	5.0	8
2020103902	2023-07-15	8	0.0	2.2	0.0	0	1800	2	40.9	2.0	11
2020103902	2023-10-15	5	80.0	1.6	1.0	0	1400	1	38.3	2.0	13
2020103902	2023-10-29	5	80.0	0.8	0.0	0	1400	0	38.9	2.0	16
2020103902	2023-11-25	6	0.0	0.6	0.0	0	1400	0	37.0	2.0	15
2020103902	2023-12-09	7	0.0	1.4	0.0	0	1400	0	38.7	2.0	16
2020103902	2024-02-17	2	320.0	0.6	0.0	0	1400	2	36.6	2.0	16
2020103902	2024-03-16	6	0.0	0.3	0.0	0	1400	0	36.6	2.0	14
2020103902	2024-04-14	5	80.0	0.5	0.0	0	1400	0	37.1	2.0	12
2020103902	2024-05-25	3	200.0	0.2	0.0	0	1400	0	37.3	2.0	16
2020103902	2024-06-08	2	320.0	0.5	0.0	0	1400	0	37.0	2.0	15
2020103902	2024-06-22	11	0.0	2.5	1.0	0	1400	2	37.8	2.0	16
2020103902	2024-10-05	1	800.0	0.0	0.0	0	1400	2	37.1	2.0	14
2020103902	2024-10-27	5	114.0	0.7	1.0	0	1400	0	37.0	3.0	12
2020103902	2024-12-01	1	1140.0	0.0	0.0	0	1400	0	36.0	3.0	16
2020103902	2024-12-15	6	0.0	0.6	0.0	0	1400	0	37.2	4.0	16
2020103902	2025-02-22	5	184.0	0.9	1.0	0	1400	0	37.3	4.0	16
2020103902	2025-03-15	7	0.0	0.6	2.0	0	1400	0	36.3	4.0	16
2020103902	2025-05-25	7	0.0	0.5	1.0	0	1400	1	35.8	4.0	16
2020103902	2025-08-03	8	0.0	0.4	0.0	0	1400	0	37.2	4.0	16
2020103902	2025-09-20	6	0.0	0.5	1.0	0	1400	0	36.3	4.0	13
2020103902	2025-10-19	12	0.0	1.5	1.0	0	1400	0	36.0	4.0	16
2020103902	2025-11-23	13	0.0	1.0	0.0	0	1400	0	37.0	4.0	16
2020103902	2026-01-17	2	759.6	0.7	0.0	0	1400	0	35.6	4.0	16
2020103915	2022-08-28	5	70.0	0.4	1.0	1	1600	2	34.9	0.0	11
2020103915	2022-09-17	2	210.0	0.8	0.0	0	1800	0	38.4	1.0	11
2020103915	2022-10-10	1	520.0	0.0	0.0	0	1600	3	37.4	1.0	14
2020103915	2022-10-15	5	103.0	1.7	0.0	0	1600	2	38.9	2.0	8
2020103915	2023-01-28	10	0.0	2.2	0.0	0	1600	0	39.4	2.0	12
2020103915	2023-02-26	4	160.0	0.5	0.0	1	1800	0	36.1	2.0	9
2020103915	2023-03-26	3	273.6	0.0	3.0	1	2000	3	40.3	2.0	11
2020103915	2023-04-08	9	0.0	1.2	1.0	1	2000	0	37.8	2.0	10
2020103915	2023-09-02	2	320.0	0.5	0.0	1	2000	2	38.0	2.0	15
2020103915	2023-09-16	8	0.0	1.2	0.0	0	1800	0	40.2	2.0	14
2020103915	2023-10-08	7	0.0	0.7	1.0	0	1400	0	37.9	2.0	15
2020103915	2023-11-19	16	0.0	4.1	0.0	1	2000	0	41.2	2.0	16
2020103915	2024-02-01	8	0.0	2.0	0.0	0	1600	0	41.9	13.0	11
2020103915	2024-04-06	16	0.0	2.1	1.0	0	1200	2	38.8	2.0	16
2020103915	2024-04-14	6	0.0	0.7	0.0	1	1200	0	35.1	2.0	16
2020103915	2024-04-27	1	800.0	0.0	0.0	1	1200	0	34.5	2.0	10
2020103915	2024-05-18	15	0.0	1.9	0.0	1	1200	0	36.5	5.0	16
2020103915	2024-08-18	2	629.6	0.1	0.0	1	1200	0	34.2	5.0	16
2020103915	2024-08-31	1	1584.3	0.0	0.0	1	1200	1	34.9	3.0	16
2020103915	2024-09-22	3	465.7	0.6	1.0	1	1200	2	33.8	4.0	17
2020103915	2024-10-19	3	465.5	0.4	3.0	1	1200	2	35.6	4.0	17
2020103915	2024-11-16	8	0.0	0.6	1.0	1	1200	0	34.7	4.0	16
2020103915	2025-03-02	8	0.0	0.8	0.0	1	1200	0	33.9	4.0	16
2020103915	2025-03-09	1	1865.2	0.0	0.0	1	1200	0	33.1	4.0	12
2020103915	2025-04-27	5	230.0	0.2	0.0	1	1200	0	33.8	5.0	16
2020103915	2025-06-28	8	0.0	0.8	0.0	1	1200	0	34.7	5.0	16
2020103915	2025-08-10	16	0.0	0.7	1.0	1	1200	0	33.9	5.0	16
2020103915	2025-08-24	16	0.0	1.7	0.0	1	1200	0	34.7		16
2020103915	2025-11-09	14	0.0	1.6	2.0	1	1200	0	35.0	5.0	16
2020103915	2026-01-17	14	0.0	0.9	0.0	1	1200	0	33.7	5.0	16
2020103985	2022-11-12	4	110.0	0.3	0.0	0	1600	0	37.3	0.0	16
2020103985	2022-12-04	1	520.0	0.0	0.0	0	1200	0	37.4	1.0	16
2020103985	2022-12-24	10	0.0	1.0	0.0	0	1200	2	37.3	2.0	16
2020103985	2023-02-19	7	0.0	1.4	1.0	0	1400	2	37.2	2.0	16
2020103985	2023-03-19	16	0.0	1.7	0.0	0	1200	3	37.0	2.0	16
2020103985	2023-09-02	2	320.0	0.0	1.0	0	1200	0	36.3	2.0	15
2020103985	2023-09-24	2	320.0	0.2	0.0	0	1200	2	36.5	2.0	16
2020103985	2023-10-14	1	800.0	0.0	0.0	0	1400	0	35.5	2.0	16
2020103985	2023-11-05	5	114.0	0.7	0.0	0	1400	0	35.0	3.0	16
2020103985	2024-02-18	11	0.0	1.6	0.0	0	1400	0	36.4	5.0	16
2020103985	2024-03-24	2	630.8	0.2	2.0	0	1400	1	34.9	5.0	16
2020103985	2024-04-28	3	290.0	0.5	0.0	0	1400	0	36.0	3.0	16
2020103985	2024-05-25	5	155.0	0.7	0.0	0	1400	0	34.9	3.0	16
2020103985	2024-06-22	9	0.0	1.1	0.0	0	1400	1	36.1	5.0	16
2020103985	2024-11-10	1	1140.0	0.0	1.0	0	1400	0	35.8	3.0	12
2020103985	2024-12-07	8	0.0	0.9	0.0	0	1200	0	36.2	4.0	16
2020103985	2025-02-15	11	0.0	1.9	0.0	0	1400	0	36.4	4.0	16
2020103985	2025-03-15	12	0.0	1.0	2.0	0	1400	0	36.7	4.0	16
2020103985	2025-04-26	15	0.0	2.2	1.0	0	1400	2	36.0	4.0	16
2020103985	2025-06-14	10	0.0	0.9	2.0	0	1600	0	36.1	4.0	16
2020103985	2025-07-20	7	0.0	1.3	0.0	0	1700	0	36.6	4.0	13
2020103985	2025-12-21	14	0.0	1.4	3.0	0	1400	1	37.1	4.0	16
2020103985	2026-01-17	14	0.0	1.7	0.0	0	1400	0	36.6	4.0	16
2020104632	2022-11-12	2	280.0	0.0	0.0	0	1600	0	37.2	0.0	16
2020104632	2022-11-26	5	52.0	1.4	2.0	0	1600	2	36.1	1.0	16
2020104632	2023-03-11	1	550.0	0.0	0.0	0	1800	0	38.7	1.0	16
2020104632	2023-04-15	1	780.0	0.0	3.0	0	1800	1	37.1	2.0	13
2020104632	2023-07-09	6	0.0	1.1	1.0	0	1700	0	39.0	3.0	15
2020104632	2023-08-06	13	0.0	2.9	0.0	0	1800	0	40.0		15
2020104632	2023-10-29	1	1586.4	0.0	3.0	0	1800	3	37.0	5.0	15
2020104632	2024-05-26	12	0.0	1.6	0.0	0	1600	0	35.6	4.0	16
2020104632	2024-08-03	7	0.0	0.5	0.0	0	1800	0	37.3	4.0	15
2020104632	2024-09-29	9	0.0	0.9	1.0	0	1800	2	36.4	4.0	15
2020104632	2024-11-16	11	0.0	1.6	1.0	0	2100	0	37.6	4.0	15
2020104632	2024-12-14	9	0.0	1.3	0.0	0	1800	0	36.8	4.0	13
2020104632	2025-01-18	3	464.9	0.7	0.0	0	1800	0	38.0	4.0	16
2020104632	2025-03-08	6	0.0	1.5	1.0	0	1800	2	39.0	4.0	16
2020104632	2025-04-19	9	0.0	1.4	0.0	0	1800	0	38.3	4.0	16
2020104632	2025-08-16	5	184.0	0.5	0.0	0	1700	0	36.8	4.0	14
2020104632	2026-01-17	4	280.0	1.1	0.0	0	1800	0	37.2	4.0	16
2020104864	2022-12-04	3	180.0	0.2	0.0	0	1800	0	38.9	0.0	15
2020104864	2023-02-26	6	0.0	1.4	0.0	0	1800	0	40.0	1.0	16
2020104864	2023-03-26	2	220.0	0.0	2.0	0	1800	3	38.1	1.0	16
2020104864	2023-04-16	9	0.0	2.6	0.0	0	1700	2	38.5	1.0	15
2020104864	2023-08-13	2	220.0	0.2	0.0	0	1800	0	38.2	1.0	15
2020104864	2023-09-03	1	550.0	0.0	0.0	0	1800	0	39.2	1.0	15
2020104864	2023-10-22	2	320.0	0.1	0.0	0	1800	2	36.6	2.0	10
2020104864	2023-11-26	7	0.0	1.0	1.0	0	1400	0	37.6	2.0	16
2020104864	2024-02-25	1	800.0	0.0	0.0	0	1700	2	36.7	2.0	11
2020104864	2024-03-02	2	631.8	0.1	0.0	0	1700	2	37.8	5.0	16
2020104864	2024-06-22	5	155.0	0.7	0.0	0	1400	1	36.4	5.0	16
2020104864	2024-07-07	3	393.3	1.0	0.0	0	1700	0	37.4	3.0	10
2020104864	2024-11-03	5	155.0	1.4	0.0	0	1700	1	37.7	3.0	15
2020104864	2024-11-24	12	0.0	1.8	0.0	0	1400	0	37.3	3.0	16
2020104864	2025-02-09	7	0.0	1.0	0.0	0	1700	2	38.0	5.0	16
2020104864	2025-06-22	14	0.0	1.6	1.0	0	1700	1	38.6	5.0	14
2020104864	2025-09-20	14	0.0	2.0	1.0	0	1200	1	37.7	3.0	16
2020104864	2026-01-17	4	180.0	0.4	0.0	0	1200	0	36.4	3.0	16
2020104893	2022-06-25	2	280.0	0.1	0.0	1	1400	0	36.6	0.0	11
2020104893	2022-08-07	5	52.0	0.5	0.0	1	1400	0	35.6	1.0	15
2020104893	2022-10-08	2	210.0	0.1	1.0	1	1400	2	35.3	1.0	10
2020104893	2022-12-04	4	78.0	0.7	0.0	1	1400	0	36.1	1.0	18
2020104893	2022-12-24	2	210.0	0.0	0.0	0	1400	2	38.5	1.0	16
2020104893	2023-01-22	1	550.0	0.0	0.0	0	1400	0	38.0	1.0	15
2020104893	2023-04-22	6	0.0	1.6	0.0	0	1400	0	38.8	2.0	16
2020104893	2023-05-06	2	310.0	0.2	1.0	0	1400	0	36.8	2.0	16
2020104893	2023-07-08	7	0.0	1.5	1.0	0	1400	0	39.1	2.0	16
2020104893	2024-03-10	4	120.0	1.5	0.0	0	1400	0	37.7	2.0	16
2020104893	2024-03-30	1	800.0	0.0	0.0	0	1400	2	36.7	2.0	16
2020104893	2024-11-24	2	460.0	0.0	1.0	0	1400	0	36.4	3.0	16
2020104893	2024-12-22	5	114.0	0.5	0.0	0	1400	0	37.6	3.0	16
2020104893	2025-03-09	3	290.0	0.2	0.0	0	1400	0	36.6	3.0	14
2020104893	2025-03-30	1	1587.8	0.0	0.0	0	1400	0	36.5	5.0	16
2020104893	2025-04-26	12	0.0	1.8	1.0	0	1400	2	36.4	4.0	16
2020104893	2025-09-20	4	280.0	0.3	1.0	0	1400	0	36.7	4.0	13
2020104893	2025-10-19	4	280.0	0.4	1.0	0	1400	0	35.4	4.0	16
2020104893	2025-11-23	2	750.0	0.1	0.0	0	1400	0	35.9	4.0	16
2020104893	2026-01-17	4	280.0	0.7	0.0	0	1400	0	36.2	4.0	16
2020104960	2022-06-18	11	0.0	2.0	1.0	1	1400	0	35.8	0.0	16
2020104960	2022-07-03	6	0.0	0.8	1.0	1	1200	2	36.5	1.0	11
2020104960	2022-07-17	4	78.0	0.7	2.0	1	1200	2	37.0	1.0	8
2020104960	2022-08-14	4	78.0	0.3	1.0	1	1200	2	35.0	1.0	17
2020104960	2022-09-04	2	210.0	0.5	0.0	1	1400	0	36.1	1.0	18
2020104960	2022-10-16	2	210.0	0.5	0.0	1	1200	0	34.5	1.0	16
2020104960	2022-11-06	2	210.0	0.4	0.0	1	1200	0	35.4	1.0	16
2020104960	2022-11-19	1	520.0	0.0	0.0	1	1200	0	35.7	1.0	16
2020104960	2022-12-17	7	0.0	1.7	2.0	1	1200	0	34.6	5.0	10
2020104960	2022-12-24	11	0.0	1.0	0.0	0	1200	2	36.8	2.0	16
2020104960	2023-01-15	4	120.0	1.1	0.0	0	1200	2	36.7	2.0	11
2020104960	2023-02-04	8	0.0	0.8	0.0	0	1400	0	36.5	2.0	11
2020104960	2023-03-04	10	0.0	1.2	0.0	0	1200	0	37.5	2.0	16
2020104960	2023-03-19	7	0.0	0.8	0.0	0	1200	3	36.1	2.0	16
2020104960	2023-04-23	11	0.0	1.4	0.0	0	1400	0	37.3	2.0	16
2020104960	2023-07-02	13	0.0	1.6	0.0	1	1200	0	35.3	2.0	16
2020104960	2023-07-08	13	0.0	1.5	1.0	1	1200	0	34.8	5.0	13
2020104960	2023-09-30	11	0.0	2.4	0.0	0	1200	0	37.5	2.0	16
2020104960	2023-11-26	12	0.0	1.3	1.0	0	1400	0	37.8	2.0	16
2020104960	2023-12-12	4	60.0	1.6	1.0	0	1500	2	41.9	13.0	12
2020104960	2024-01-21	4	120.0	0.8	1.0	0	1400	1	35.8	2.0	14
2020104960	2024-02-10	5	80.0	0.3	1.0	0	1200	0	35.8	2.0	16
2020104960	2024-03-02	4	120.0	0.5	1.0	0	1200	1	36.8	2.0	16
2020104960	2024-09-28	9	0.0	0.8	1.0	0	1200	0	36.7	2.0	16
2020104960	2024-10-14	6	0.0	0.8	0.0	0	1200	0	36.7	2.0	8
2020104960	2024-10-27	4	120.0	0.8	0.0	0	1200	0	35.7	2.0	11
2020104960	2024-12-14	12	0.0	2.0	0.0	0	1200	0	35.4	2.0	16
2020104960	2025-01-26	11	0.0	1.3	0.0	0	1200	0	37.4	3.0	14
2020104960	2025-02-10	5	80.0	0.7	0.0	0	1200	0	35.7	2.0	16
2020104960	2025-03-01	1	800.0	0.0	0.0	0	1200	0	36.5	2.0	16
2020104960	2025-03-22	14	0.0	1.5	0.0	0	1200	2	36.4	3.0	16
2020104960	2025-04-06	12	0.0	1.6	0.0	0	1200	2	35.6	3.0	15
2020104960	2025-06-22	10	0.0	2.0	0.0	0	1400	0	36.7	5.0	16
2020104960	2025-07-13	8	0.0	1.8	0.0	1	1200	0	35.0	3.0	9
2020104960	2025-09-27	15	0.0	1.4	0.0	0	1200	0	35.8	3.0	16
2020104960	2025-10-25	9	0.0	1.1	3.0	0	1400	2	35.3	3.0	13
2020104960	2025-11-08	10	0.0	1.9	0.0	0	1400	0	36.9	5.0	16
2020104960	2025-12-06	15	0.0	1.3	0.0	0	1400	0	36.5	3.0	16
2020104960	2025-12-20	9	0.0	0.7	2.0	0	1400	2	37.0	3.0	16
2020104960	2026-01-17	10	0.0	0.9	0.0	0	1200	0	36.6	3.0	16
2020104983	2022-12-03	5	70.0	1.0	1.0	0	1200	0	38.0	0.0	16
2020104983	2022-12-24	2	210.0	0.2	0.0	1	1200	2	35.0	1.0	16
2020104983	2023-02-19	3	140.0	0.2	2.0	1	1200	1	36.1	1.0	18
2020104983	2023-02-26	5	55.0	0.4	0.0	1	1200	2	35.5	1.0	18
2020104983	2023-04-22	2	220.0	0.0	0.0	1	1200	0	34.8	1.0	16
2020104983	2023-05-13	2	220.0	0.1	0.0	1	1400	0	34.7	1.0	16
2020104983	2023-06-11	1	550.0	0.0	1.0	1	1200	0	34.6	1.0	16
2020104983	2023-08-27	2	452.0	0.2	3.0	1	1200	1	35.9	2.0	16
2020104983	2023-09-23	11	0.0	0.8	1.0	1	1200	1	34.6	2.0	16
2020104983	2023-11-11	2	320.0	0.3	0.0	1	1200	0	36.3	2.0	16
2020104983	2023-11-19	1	800.0	0.0	1.0	1	1200	0	35.7	2.0	16
2020104983	2024-03-09	8	0.0	0.3	0.0	1	1200	2	35.0	3.0	13
2020104983	2024-03-24	10	0.0	0.8	1.0	1	1200	0	33.6	3.0	13
2020104983	2024-04-06	9	0.0	0.8	1.0	1	1200	0	34.1	5.0	16
2020104983	2024-05-18	12	0.0	1.2	0.0	1	1400	0	33.3	5.0	12
2020104983	2024-07-13	7	0.0	1.3	0.0	1	1200	0	34.1	5.0	16
2020104983	2024-08-04	2	630.2	0.0	1.0	1	1200	2	34.4	3.0	16
2020104983	2024-08-18	7	0.0	0.3	0.0	1	1200	0	34.3	5.0	16
2020104983	2024-11-09	9	0.0	0.7	0.0	1	1200	0	35.1	5.0	16
2020104983	2024-11-30	5	114.0	0.5	0.0	1	1200	0	33.8	3.0	15
2020104983	2024-12-21	11	0.0	1.0	0.0	1	1200	0	34.0	3.0	16
2020104983	2025-03-15	9	0.0	0.5	1.0	1	1200	0	33.9	3.0	16
2020104983	2025-03-22	8	0.0	0.5	0.0	1	1400	0	34.7	5.0	17
2020104983	2025-04-27	8	0.0	0.3	0.0	1	1400	0	33.1	3.0	14
2020104983	2025-06-21	8	0.0	0.4	1.0	1	1200	0	34.6	3.0	15
2020104983	2025-06-29	12	0.0	1.0	0.0	1	1200	0	34.0	5.0	14
2020104983	2025-08-16	7	0.0	0.4	0.0	1	1200	0	34.0	5.0	13
2020104983	2025-08-23	2	629.2	0.0	0.0	1	1200	0	34.5	3.0	14
2020104983	2025-11-09	11	0.0	0.8	1.0	1	1400	0	33.7	3.0	18
2020104983	2025-11-23	13	0.0	0.9	1.0	1	1400	0	34.3	3.0	18
2020104983	2025-12-28	10	0.0	0.9	0.0	1	1200	0	33.9	4.0	10
2020104983	2026-01-17	14	0.0	1.8	0.0	1	1600	0	34.8	3.0	18
2020105525	2022-07-16	7	0.0	0.9	1.0	0	1150	1	37.2	0.0	12
2020105525	2022-08-14	6	0.0	1.0	1.0	1	1200	2	35.4	1.0	17
2020105525	2022-09-11	7	0.0	2.7	1.0	0	1200	0	39.8	1.0	16
2020105525	2022-10-01	7	0.0	1.0	0.0	1	1200	0	36.0	1.0	16
2020105525	2022-10-22	8	0.0	1.4	1.0	1	1400	0	35.7	1.0	14
2020105525	2022-12-03	5	52.0	1.0	1.0	0	1200	2	38.8	1.0	16
2020105525	2022-12-28	8	0.0	0.9	0.0	0	1200	0	38.8	1.0	16
2020105525	2023-01-21	4	83.0	1.1	0.0	0	1200	2	40.1	1.0	16
2020105525	2023-02-12	3	140.0	0.4	0.0	0	1000	1	35.5	1.0	14
2020105525	2023-03-04	2	220.0	0.1	0.0	0	1200	0	39.1	1.0	16
2020105525	2023-08-19	12	0.0	2.3	0.0	0	1200	0	40.5	1.0	15
2020105525	2023-10-19	3	17.5	0.4	0.0	0	1400	0	40.1	10.0	10
2020105525	2023-11-15	4	12.0	0.7	0.0	0	820	2	37.3	10.0	10
2020105525	2023-12-05	1	80.0	0.0	3.0	0	1230	0	39.7	10.0	12
2020105525	2023-12-30	1	80.0	0.0	0.0	0	1230	0	39.9	10.0	12
2020105525	2024-04-28	9	0.0	2.0	0.0	0	1200	0	38.8	2.0	11
2020105525	2024-05-12	9	0.0	1.6	0.0	0	1200	0	39.0	2.0	14
2020105525	2024-06-09	12	0.0	1.5	2.0	1	1200	0	36.0	2.0	13
2020105525	2024-06-15	10	0.0	1.5	0.0	0	1000	0	36.5	2.0	11
2020105525	2024-10-05	10	0.0	1.2	1.0	0	1200	1	38.4	2.0	15
2020105525	2024-11-10	11	0.0	1.5	0.0	0	1150	0	37.5	2.0	16
2020105525	2024-11-30	16	0.0	2.4	1.0	0	1200	0	39.0	2.0	16
2020105525	2025-03-15	7	0.0	0.7	1.0	0	1200	2	38.1	2.0	16
2020105525	2025-04-19	5	80.0	0.2	0.0	0	1150	0	37.7	2.0	16
2020105525	2025-05-03	4	120.0	1.2	0.0	1	1000	0	32.9	2.0	16
2020105525	2025-05-18	15	0.0	1.1	1.0	1	1000	0	34.6	5.0	16
2020105525	2025-07-13	6	0.0	0.7	0.0	0	1150	0	37.4	2.0	15
2020105525	2025-08-24	15	0.0	1.2	0.0	1	1000	0	33.7	2.0	18
2020105525	2025-09-13	10	0.0	1.7	1.0	0	1200	3	37.2	2.0	15
2020105525	2025-09-27	13	0.0	2.1	0.0	0	1200	0	39.2	2.0	16
2020105525	2025-11-22	8	0.0	1.0	0.0	0	1150	0	37.8	2.0	16
2020105525	2025-12-13	11	0.0	1.0	1.0	0	1200	0	37.6	2.0	16
2020105525	2026-01-05	5	82.0	0.3	0.0	0	1200	2	37.0	2.0	16
2020105525	2026-01-17	8	0.0	0.6	0.0	0	1200	0	37.9	2.0	16
2020105603	2022-12-04	6	0.0	0.3	0.0	1	2000	0	35.6	0.0	14
2020105603	2023-04-30	1	550.0	0.0	2.0	0	1800	1	38.2	1.0	15
2020105603	2023-07-08	1	800.0	0.0	1.0	0	1700	0	37.7	2.0	15
2020105603	2023-08-06	3	395.7	0.4	0.0	0	1800	0	36.9	5.0	14
2020105603	2023-10-01	5	155.0	0.8	1.0	1	2000	0	34.7	3.0	15
2020105603	2023-10-29	6	0.0	1.5	3.0	0	1800	3	38.9	5.0	15
2020105603	2024-01-07	2	631.4	0.1	0.0	1	2000	0	35.6	3.0	17
2020105603	2024-03-16	1	1574.5	0.0	0.0	1	2000	0	35.2	5.0	11
2020105603	2024-05-11	6	0.0	0.5	0.0	1	2400	0	34.1	4.0	10
2020105603	2024-07-14	10	0.0	0.9	2.0	1	2000	0	36.4	4.0	14
2020105603	2024-09-28	11	0.0	1.5	1.0	1	2000	0	36.2	4.0	13
2020105603	2025-05-25	2	750.6	0.8	1.0	0	2100	1	36.7	4.0	16
2020105603	2025-10-18	8	0.0	1.2	1.0	0	2100	0	37.7	4.0	16
2020105603	2026-01-17	11	0.0	1.7	0.0	0	1800	0	38.5	4.0	16
2020105625	2022-10-22	5	70.0	0.3	0.0	1	1400	0	34.0	0.0	18
2020105625	2022-11-13	6	0.0	1.1	3.0	1	1600	2	35.3	1.0	10
2020105625	2022-12-18	7	0.0	0.8	0.0	1	1600	0	34.9	1.0	15
2020105625	2023-03-26	6	0.0	1.2	3.0	0	1800	3	38.0	1.0	11
2020105625	2023-07-02	1	550.0	0.0	0.0	0	1400	1	36.5	1.0	16
2020105625	2023-09-24	2	320.0	0.2	0.0	0	1400	0	36.9	2.0	16
2020105625	2023-10-07	4	120.0	0.6	0.0	0	1400	0	37.3	2.0	16
2020105625	2023-11-05	2	320.0	0.1	0.0	0	1400	0	36.9	2.0	15
2020105625	2023-12-03	1	800.0	0.0	0.0	0	1400	0	36.4	2.0	15
2020105625	2024-04-20	3	290.0	0.6	0.0	0	1400	0	37.0	3.0	15
2020105625	2024-05-11	4	170.0	0.4	0.0	0	1400	0	36.5	3.0	12
2020105625	2024-09-15	4	170.0	0.5	1.0	0	1400	1	36.5	3.0	13
2020105625	2024-10-06	4	170.0	1.2	0.0	0	1400	0	36.5	3.0	11
2020105625	2024-11-03	1	1140.0	0.0	0.0	0	1400	1	37.1	3.0	9
2020105625	2025-03-15	13	0.0	1.3	2.0	0	1400	0	36.8	4.0	16
2020105625	2025-04-20	4	280.0	0.3	1.0	0	1400	0	36.9	4.0	16
2020105625	2025-09-07	6	0.0	1.5	0.0	0	1200	0	35.7	4.0	12
2020105625	2025-10-04	7	0.0	1.0	2.0	0	1200	3	34.9	4.0	16
2020105625	2025-11-09	10	0.0	0.9	2.0	0	1200	3	35.1	4.0	12
2020105625	2026-01-17	10	0.0	1.3	0.0	0	1400	0	36.5	4.0	16
2020106353	2022-07-02	3	180.0	0.6	0.0	0	1150	0	37.9	0.0	12
2020106353	2022-08-13	3	130.0	0.3	0.0	0	1200	0	37.8	1.0	15
2020106353	2022-09-17	2	210.0	0.5	0.0	0	1200	0	37.4	1.0	14
2020106353	2022-10-02	3	130.0	0.0	0.0	0	1200	0	39.2	1.0	16
2020106353	2022-11-12	10	0.0	2.1	0.0	0	1150	0	38.4	1.0	16
2020106353	2023-02-25	2	220.0	0.2	0.0	0	1200	0	37.5	1.0	16
2020106353	2023-03-18	5	55.0	0.7	3.0	0	1200	1	37.5	1.0	15
2020106353	2023-04-09	1	550.0	0.0	0.0	0	1200	2	38.1	1.0	16
2020106353	2023-09-09	9	0.0	1.6	1.0	0	1200	1	36.9	2.0	16
2020106353	2023-09-30	3	200.0	1.4	0.0	0	1200	0	37.6	2.0	16
2020106353	2023-10-14	4	120.0	1.9	0.0	0	1200	0	37.4	2.0	15
2020106353	2023-12-03	15	0.0	2.1	0.0	0	1200	0	38.7	2.0	16
2020106353	2024-02-25	4	120.0	0.5	2.0	0	1200	2	38.1	2.0	16
2020106353	2024-03-17	7	0.0	1.6	0.0	0	1200	0	38.0	2.0	16
2020106353	2024-05-19	8	0.0	1.3	0.0	0	1200	0	35.4	2.0	15
2020106353	2024-06-08	2	320.0	0.3	0.0	0	1000	0	35.9	2.0	11
2020106353	2024-09-22	1	800.0	0.0	1.0	0	1200	0	37.5	2.0	16
2020106353	2025-07-06	9	0.0	1.8	0.0	0	1150	0	38.0	5.0	16
2020106353	2025-09-07	6	0.0	1.0	0.0	0	1200	0	38.1	5.0	16
2020106353	2025-12-13	11	0.0	1.5	1.0	0	1200	0	37.5	3.0	13
2020106353	2026-01-17	7	0.0	0.8	0.0	0	1200	0	36.5	3.0	16
2020106475	2022-10-15	5	70.0	0.4	1.0	1	1600	0	33.4	0.0	18
2020106475	2022-11-05	3	130.0	0.8	0.0	1	1800	0	34.1	1.0	11
2020106475	2022-11-19	8	0.0	1.2	0.0	1	2000	0	34.5	1.0	14
2020106475	2023-04-30	1	550.0	0.0	1.0	1	2000	0	34.5	1.0	13
2020106475	2023-05-14	6	0.0	0.9	1.0	1	1800	0	33.4	2.0	13
2020106475	2023-06-11	6	0.0	0.8	2.0	1	2000	2	35.1	2.0	9
2020106475	2023-08-06	5	80.0	0.6	0.0	1	2200	0	35.6	2.0	16
2020106475	2023-09-02	1	1135.2	0.0	1.0	1	2200	0	35.4	5.0	10
2020106475	2024-05-05	4	170.0	0.6	0.0	1	2000	0	34.4	3.0	10
2020106475	2024-06-02	5	155.0	0.6	2.0	1	2000	2	34.7	3.0	10
2020106475	2024-06-23	6	0.0	0.6	1.0	1	1800	2	34.7	5.0	9
2020106475	2024-07-20	8	0.0	0.4	0.0	1	1800	0	35.2	5.0	16
2020106475	2024-08-31	2	627.4	0.1	1.0	1	2000	2	35.0	5.0	12
2020106475	2024-09-16	5	155.0	0.9	1.0	1	2000	0	34.5	5.0	10
2020106475	2024-10-19	11	0.0	1.3	3.0	1	2000	2	36.2	5.0	14
2020106475	2025-01-06	9	0.0	1.0	1.0	1	2000	0	35.2	3.0	15
2020106475	2025-03-22	5	155.0	0.7	0.0	1	2000	0	36.3	5.0	13
2020106475	2025-04-13	4	230.0	0.3	3.0	1	2000	0	34.7	5.0	10
2020106475	2025-05-11	3	290.0	0.7	0.0	1	2000	0	33.9	3.0	5
2020106475	2025-06-08	11	0.0	1.0	0.0	1	2000	0	34.4	3.0	12
2020106475	2025-08-17	8	0.0	0.9	0.0	1	2200	0	35.2	5.0	9
2020106475	2025-08-30	13	0.0	2.9	0.0	1	1800	0	34.3	5.0	13
2020106475	2025-09-28	5	155.0	0.4	0.0	1	2000	0	34.4	3.0	13
2020106475	2025-10-18	7	0.0	1.3	0.0	1	2000	0	34.3	3.0	7
2020106475	2026-01-17	3	403.4	0.4	0.0	1	2000	0	34.5	5.0	10
2020106623	2022-06-18	1	700.0	0.0	0.0	1	1200	0	35.5	0.0	10
2020106623	2022-07-16	4	470.0	0.4	2.0	1	1200	2	37.1		13
2020106623	2023-02-19	8	0.0	0.6	2.0	1	1400	2	35.0	2.0	11
2020106623	2023-03-18	5	78.0	0.7	3.0	1	1600	1	37.5	2.0	12
2020106623	2023-04-09	6	0.0	0.9	0.0	1	1200	0	35.9	2.0	9
2020106623	2023-05-06	13	0.0	1.2	0.0	1	1400	0	35.4	2.0	16
2020106623	2023-09-09	1	800.0	0.0	0.0	0	1200	1	36.9	2.0	16
2020106623	2024-02-24	10	0.0	1.0	0.0	0	1200	2	36.8	3.0	16
2020106623	2024-03-17	11	0.0	1.5	3.0	0	1400	2	38.7	3.0	14
2020106623	2024-06-23	5	155.0	0.3	0.0	1	1200	0	34.6	3.0	13
2020106623	2024-07-14	7	0.0	0.3	0.0	1	1200	0	35.3	5.0	12
2020106623	2024-08-04	6	0.0	0.3	1.0	1	1200	2	34.7	3.0	16
2020106623	2024-12-08	7	0.0	0.9	1.0	0	1200	0	36.4	3.0	15
2020106623	2024-12-21	15	0.0	1.4	0.0	1	1200	0	34.8	3.0	16
2020106623	2025-02-16	8	0.0	1.3	1.0	0	1400	0	35.6	3.0	15
2020106623	2025-04-12	11	0.0	1.0	0.0	0	1200	0	36.2	3.0	16
2020106623	2025-04-27	7	0.0	0.3	0.0	1	1400	0	33.8	3.0	14
2020106623	2025-06-15	2	628.4	0.3	1.0	1	1200	0	33.5	3.0	14
2020106623	2025-06-21	2	629.4	0.1	1.0	1	1200	0	34.4	3.0	15
2020106623	2025-07-06	10	0.0	0.8	0.0	1	1200	2	35.3	5.0	11
2020106623	2025-09-27	11	0.0	0.9	0.0	1	1200	0	33.5	5.0	16
2020106623	2025-12-27	11	0.0	1.2	1.0	1	1200	0	34.9	3.0	16
2020106623	2026-01-17	17	0.0	2.3	0.0	1	1600	0	36.1	3.0	18
2020106771	2022-09-25	1	700.0	0.0	0.0	0	1200	1	37.9	0.0	16
2020106771	2022-12-24	5	75.0	0.5	0.0	0	1200	2	36.3	2.0	16
2020106771	2023-06-18	2	320.0	0.2	0.0	1	1400	0	34.0	2.0	16
2020106771	2023-07-08	3	284.1	0.2	1.0	1	1200	0	34.7	5.0	13
2020106771	2023-10-14	2	320.0	0.1	0.0	0	1400	0	36.2	2.0	16
2020106771	2023-11-04	3	200.0	1.3	0.0	0	1400	0	36.5	2.0	16
2020106771	2024-03-17	2	320.0	0.0	1.0	1	1400	0	34.4	2.0	16
2020106771	2024-05-05	3	200.0	0.1	0.0	1	1400	0	33.2	2.0	15
2020106771	2024-06-01	6	0.0	0.5	0.0	1	1400	0	34.6	2.0	18
2020106771	2024-08-10	2	320.0	0.1	0.0	1	1400	0	34.8	2.0	18
2020106771	2024-10-06	3	200.0	0.3	0.0	1	1400	0	35.4	2.0	18
2020106771	2024-12-01	11	0.0	1.3	0.0	1	1400	0	34.3	2.0	18
2020106771	2025-03-22	4	120.0	0.3	0.0	0	1200	2	36.9	2.0	16
2020106771	2025-04-20	5	80.0	0.8	1.0	0	1200	0	37.0	2.0	16
2020106771	2025-05-11	8	0.0	1.0	0.0	1	1200	2	35.6	2.0	16
2020106771	2025-08-30	7	0.0	0.8	0.0	0	1200	0	36.9	2.0	15
2020106771	2025-09-27	5	80.0	0.9	0.0	0	1200	0	36.9	2.0	16
2020106771	2025-10-25	6	0.0	1.8	3.0	0	1400	2	36.8	2.0	16
2020106771	2025-11-24	6	0.0	0.9	1.0	0	1150	0	36.1	2.0	16
2020106771	2026-01-17	4	120.0	0.4	0.0	0	1200	0	37.1	2.0	16
2020106987	2022-07-02	7	0.0	1.8	0.0	0	1150	0	38.6	0.0	12
2020106987	2022-07-17	1	520.0	0.0	1.0	1	1200	2	35.2	1.0	11
2020106987	2022-08-06	5	160.0	0.9	0.0	1	1400	0	36.3	5.0	11
2020106987	2022-12-17	5	160.0	0.9	2.0	1	1200	0	34.3	5.0	10
2020106987	2023-01-08	5	107.0	0.8	0.0	1	1200	0	35.2	2.0	12
2020106987	2023-01-28	5	200.0	0.7	0.0	1	1400	0	34.4		10
2020106987	2023-03-12	12	0.0	1.2	1.0	1	1600	0	36.0		16
2020106987	2023-03-25	2	310.0	0.6	3.0	1	1200	3	37.0	2.0	11
2020106987	2023-04-15	5	107.0	0.8	3.0	1	1200	2	36.3	2.0	16
2020106987	2023-07-15	7	0.0	0.4	3.0	1	1200	2	35.5	2.0	14
2020106987	2023-07-23	1	800.0	0.0	0.0	1	1200	0	35.1	2.0	13
2020106987	2023-09-30	14	0.0	1.2	0.0	1	1200	0	35.2	5.0	16
2020106987	2023-11-19	7	0.0	0.6	0.0	1	1400	0	33.9	3.0	18
2020106987	2024-01-13	2	460.0	0.1	2.0	1	1200	0	35.1	3.0	15
2020106987	2024-02-10	7	0.0	0.2	0.0	1	1200	0	34.6	5.0	14
2020106987	2024-03-09	2	460.0	0.0	0.0	1	1200	2	35.3	3.0	13
2020106987	2024-04-13	11	0.0	0.7	0.0	1	1200	0	34.0	3.0	12
2020106987	2024-04-21	16	0.0	1.2	0.0	1	1200	0	35.1	3.0	16
2020106987	2024-06-30	5	155.0	0.5	1.0	1	1200	0	34.9	5.0	15
2020106987	2024-08-04	16	0.0	1.8	1.0	1	1200	2	35.8	3.0	16
2020106987	2024-12-21	14	0.0	1.3	0.0	1	1200	0	34.7	3.0	16
2020106987	2025-08-03	9	0.0	0.3	0.0	1	1200	0	34.8	5.0	13
2020106987	2025-08-16	9	0.0	0.4	0.0	1	1200	0	34.1	5.0	13
2020106987	2025-11-09	12	0.0	2.6	2.0	0	1300	2	38.2	3.0	16
2020106987	2025-12-27	2	630.4	0.7	1.0	1	1200	0	34.6	3.0	16
2020106987	2026-01-17	3	300.0	0.1	0.0	1	1200	0	33.5	3.0	16
2020109148	2022-07-02	6	0.0	1.4	0.0	1	1200	0	36.9	0.0	17
2020109148	2022-07-16	6	0.0	0.8	1.0	1	1200	2	36.2	1.0	15
2020109148	2022-08-13	5	160.0	1.4	0.0	1	1200	0	34.7	5.0	9
2020109148	2022-08-27	3	355.1	0.6	0.0	1	1200	0	35.3	5.0	17
2020109148	2022-09-04	13	0.0	2.0	0.0	1	1200	0	35.7		13
2020109148	2022-12-03	9	0.0	1.0	0.0	0	1400	0	37.5	1.0	16
2020109148	2023-01-12	1	300.0	0.0	1.0	0	1400	2	39.0		10
2020109148	2023-02-23	3	112.0	1.2	0.0	0	1400	1	40.7	18.0	12
2020109148	2023-07-18	1	500.0	0.0	0.0	0	1400	0	40.6	5.0	10
2020109148	2023-08-16	7	0.0	1.1	0.0	0	1400	0	39.7	18.0	12
2020109148	2023-11-25	8	0.0	7.5	0.0	2	2910	0	14.2	1.0	9
2020109148	2024-01-28	11	0.0	7.2	3.0	2	2860	0	13.8	1.0	12
2020109148	2024-04-20	10	0.0	1.3	1.0	1	1400	0	34.1	3.0	10
2020109148	2024-07-09	5	64.0	1.5	1.0	0	1400	0	39.5	18.0	12
2020109148	2024-07-20	6	0.0	2.5	1.0	2	2860	2	13.9	1.0	7
2020109148	2024-09-08	6	0.0	2.8	0.0	2	3000	0	13.6	1.0	9
2020109148	2024-09-28	6	0.0	2.4	1.0	2	2880	0	13.6	1.0	10
2020109148	2025-02-08	5	84.0	4.9	0.0	2	2860	2	13.9	1.0	10
2020109148	2025-05-31	6	0.0	4.5	1.0	1	2000	0	38.6	3.0	6
2020109148	2025-07-06	8	0.0	2.3	0.0	2	2750	0	13.5	1.0	14
2020109148	2025-07-22	2	256.0	0.4	0.0	0	1400	0	38.6	18.0	12
2020109148	2025-09-14	3	210.0	0.6	1.0	2	2880	0	13.8	1.0	9
2020109148	2025-09-27	2	340.0	0.3	1.0	2	2880	0	13.7	1.0	11
2020109148	2025-12-21	11	0.0	9.1	1.0	2	2880	1	14.3	1.0	14
2020109148	2026-01-17	3	210.0	1.6	0.0	2	2880	0	13.6	1.0	12
2020110020	2022-10-23	6	0.0	0.9	0.0	1	1800	0	34.3	0.0	13
2020110020	2022-11-19	2	210.0	0.4	0.0	0	1600	0	38.7	1.0	16
2020110020	2023-01-05	5	55.0	1.1	0.0	0	1800	0	38.8	1.0	16
2020110020	2023-01-22	9	0.0	1.9	1.0	0	1800	0	41.1	1.0	16
2020110020	2023-03-18	4	83.0	1.2	3.0	0	1800	1	37.7	1.0	16
2020110020	2023-05-13	2	220.0	0.0	3.0	0	1600	2	35.9	1.0	16
2020110020	2023-06-03	1	550.0	0.0	1.0	0	1600	3	36.3	1.0	16
2020110020	2023-10-14	7	0.0	0.6	0.0	1	1600	0	34.2	2.0	18
2020110020	2023-11-05	11	0.0	2.3	0.0	0	1600	0	38.1	2.0	12
2020110020	2023-12-02	7	0.0	1.0	0.0	0	1400	0	37.7	2.0	16
2020110020	2024-01-20	2	320.0	0.2	2.0	0	1800	0	39.4	2.0	15
2020110020	2024-02-24	6	0.0	0.9	0.0	0	1800	2	37.9	2.0	12
2020110020	2024-06-29	8	0.0	1.3	0.0	0	1700	0	38.0	2.0	15
2020110020	2024-08-18	3	200.0	0.6	0.0	0	1800	0	38.3	2.0	15
2020110020	2024-09-08	3	200.0	0.5	0.0	0	1800	0	38.3	2.0	16
2020110020	2024-10-13	7	0.0	1.3	0.0	0	1600	0	35.8	2.0	12
2020110020	2024-11-10	14	0.0	2.3	1.0	0	1600	0	37.1	2.0	16
2020110020	2024-12-07	9	0.0	1.9	1.0	0	1900	0	37.5	2.0	16
2020110020	2025-01-19	7	0.0	1.4	1.0	0	1800	0	39.3	2.0	13
2020110020	2025-02-16	12	0.0	0.8	0.0	1	2400	0	34.3	2.0	16
2020110020	2025-03-23	5	80.0	1.0	0.0	1	2500	0	36.0	2.0	16
2020110020	2025-07-06	10	0.0	1.3	0.0	1	1800	0	36.4	2.0	14
2020110020	2025-11-16	3	210.0	1.0	0.0	2	2750	0	13.2	1.0	10
2020110020	2025-12-13	2	340.0	0.2	0.0	2	2970	0	13.8	1.0	12
2020110020	2026-01-17	1	840.0	0.0	0.0	2	2880	0	13.5	1.0	12
2020110034	2023-01-07	1	620.0	0.0	0.0	0	1200	0	38.0	0.0	16
2020110034	2023-03-04	3	200.0	0.2	0.0	0	1200	0	38.1	2.0	16
2020110034	2023-05-07	1	780.0	0.0	2.0	0	1400	0	37.4	2.0	16
2020110034	2023-06-18	10	0.0	1.7	0.0	0	1600	0	37.2		15
2020110034	2023-12-23	5	114.0	0.7	0.0	0	1400	0	37.9	3.0	16
2020110034	2024-01-20	2	460.0	0.2	1.0	0	1400	2	37.0	3.0	13
2020110034	2024-02-11	1	1140.0	0.0	1.0	0	1400	2	35.8	3.0	15
2020110034	2024-05-12	2	750.4	0.7	1.0	0	1400	0	36.3	4.0	16
2020110034	2024-06-02	13	0.0	1.6	2.0	0	1400	1	36.1	4.0	16
2020110034	2025-04-26	16	0.0	2.5	1.0	0	1400	2	36.2	4.0	16
2020110034	2025-06-07	9	0.0	1.3	1.0	0	1400	0	36.2	4.0	16
2020110034	2025-11-02	11	0.0	1.7	1.0	0	1300	1	36.9	4.0	12
2020110034	2026-01-17	7	0.0	1.1	0.0	0	1400	0	36.9	4.0	16
2020110051	2022-09-24	2	280.0	0.0	1.0	1	1600	3	35.7	0.0	16
2020110051	2022-11-26	12	0.0	1.5	2.0	1	1400	0	34.9	1.0	17
2020110051	2023-01-14	3	140.0	0.5	2.0	0	1200	0	37.3	1.0	16
2020110051	2023-01-29	4	83.0	0.3	0.0	0	1400	0	38.5	1.0	15
2020110051	2023-03-19	6	0.0	0.3	0.0	0	1400	1	36.7	1.0	16
2020110051	2023-06-18	3	140.0	0.2	0.0	1	1200	0	34.7	1.0	16
2020110051	2024-05-30	3	14.0	0.7	1.0	0	1400	2	40.5	10.0	12
2020110051	2024-06-19	1	70.0	0.0	0.0	0	1400	1	41.4	10.0	12
2020110051	2024-07-11	3	20.0	1.3	1.0	0	1400	1	40.3	11.0	11
2020110051	2024-08-01	1	110.0	0.0	0.0	0	1400	0	40.6	11.0	9
2020110051	2024-08-21	5	10.0	1.4	1.0	0	1400	2	41.3	11.0	11
2020110051	2024-12-18	1	70.0	0.0	0.0	0	1400	0	39.4	10.0	10
2020110051	2025-03-30	6	0.0	0.5	0.0	0	1400	0	37.7	2.0	13
2020110051	2025-04-12	12	0.0	1.1	0.0	0	1200	0	38.2	2.0	16
2020110051	2025-06-15	7	0.0	0.7	1.0	1	1200	0	34.3	2.0	13
2020110051	2025-08-30	12	0.0	1.7	1.0	1	1200	2	35.5	2.0	15
2020110051	2025-09-07	7	0.0	2.3	0.0	0	1700	2	40.1	2.0	14
2020110051	2025-11-08	8	0.0	1.3	0.0	0	1300	0	36.5	2.0	16
2020110051	2025-12-28	5	80.0	1.0	0.0	0	1400	0	37.4	2.0	16
2020110051	2026-01-17	7	0.0	0.9	0.0	0	1400	0	36.6	2.0	15
2020110065	2022-11-12	6	0.0	1.5	0.0	0	1800	0	38.5	0.0	9
2020110065	2022-11-26	7	0.0	2.1	1.0	0	1800	2	38.4	1.0	11
2020110065	2023-06-01	2	100.0	1.0	0.0	0	1400	2	39.0	5.0	12
2020110065	2023-07-08	8	0.0	1.7	1.0	0	1800	0	40.6	1.0	16
2020110065	2023-08-09	1	250.0	0.0	1.0	0	1600	0	39.8	5.0	10
2020110065	2024-04-14	13	0.0	2.3	0.0	0	1800	0	39.4	2.0	15
2020110065	2024-04-28	10	0.0	5.3	0.0	0	1900	0	41.1	2.0	10
2020110065	2024-09-01	1	800.0	0.0	1.0	0	1800	3	36.5	2.0	11
2020110065	2024-09-16	15	0.0	4.6	1.0	0	1800	0	43.1	5.0	16
2020110065	2024-11-17	7	0.0	1.1	0.0	0	1600	0	36.9	3.0	16
2020110065	2024-12-07	13	0.0	4.2	0.0	0	1900	0	41.3	5.0	14
2020110065	2025-08-26	5	17.5	1.9	1.0	0	1600	0	39.4		10
2020110065	2025-10-13	11	0.0	2.0	1.0	0	1800	0	40.1	5.0	12
2020110065	2025-12-28	10	0.0	4.6	0.0	2	2970	0	14.1	1.0	14
2020110065	2026-01-17	6	0.0	2.6	0.0	2	2880	0	13.7	1.0	12
2020110090	2022-09-10	1	700.0	0.0	0.0	1	1400	2	34.0	0.0	9
2020110090	2022-11-19	2	300.0	0.1	0.0	1	1400	0	33.5	2.0	9
2020110090	2022-12-18	8	0.0	0.8	0.0	1	1600	0	36.2		17
2020110090	2023-03-19	1	1091.7	0.0	0.0	1	1600	2	34.5	2.0	8
2020110090	2023-04-15	15	0.0	2.2	3.0	1	1600	1	36.5		18
2020110090	2023-07-16	6	0.0	0.3	0.0	1	1400	0	34.6	3.0	14
2020110090	2023-08-20	9	0.0	0.8	0.0	1	1200	0	35.1	3.0	16
2020110090	2023-10-22	4	230.0	0.4	0.0	1	1200	0	33.5	5.0	16
2020110090	2023-11-11	4	230.0	0.1	0.0	1	1200	0	35.4	5.0	16
2020110090	2023-11-25	2	460.0	0.0	0.0	1	1200	0	33.9	3.0	18
2020110090	2024-03-24	4	170.0	0.4	1.0	1	1200	0	34.0	3.0	13
2020110090	2024-04-13	1	1140.0	0.0	0.0	1	1200	0	33.7	3.0	12
2020110090	2024-05-19	2	748.6	0.2	1.0	1	1400	0	33.2	4.0	13
2020110090	2024-08-17	4	280.0	0.1	0.0	1	1400	0	34.4	4.0	14
2020110090	2024-08-31	1	1878.5	0.0	2.0	1	1200	3	34.9	4.0	18
2020110090	2024-11-10	16	0.0	0.8	1.0	1	1400	0	34.9		18
2020110090	2024-12-01	16	0.0	1.6	0.0	1	1200	0	34.0		16
2020110090	2025-03-16	3	585.0	0.7	3.0	1	1200	1	34.7	5.0	16
2020110090	2025-04-13	4	410.0	0.2	3.0	1	1200	2	34.3		14
2020110090	2025-06-28	2	929.6	0.0	0.0	1	1200	0	34.2	5.0	16
2020110090	2025-07-12	5	230.0	0.5	1.0	1	1200	0	34.4	5.0	14
2020110090	2025-09-07	8	0.0	0.4	0.0	1	1200	0	33.2		16
2020110090	2025-12-07	7	0.0	0.7	0.0	1	1200	0	33.4		16
2020110090	2026-01-17	13	0.0	0.7	0.0	1	1200	0	33.1	5.0	16
2020110100	2022-07-30	15	0.0	10.1	0.0	0	1200	0	41.0	0.0	15
2020110100	2022-12-28	6	0.0	1.3	0.0	0	1800	0	38.3	1.0	13
2020110100	2023-01-14	7	0.0	2.4	3.0	0	1700	3	39.4	1.0	16
2020110100	2023-02-04	6	0.0	1.3	0.0	0	1900	0	38.6	1.0	16
2020110100	2023-03-04	6	0.0	2.1	0.0	0	2000	0	38.4	1.0	13
2020110100	2023-03-18	6	0.0	2.7	3.0	0	1800	3	38.6	1.0	11
2020110100	2023-04-15	2	220.0	0.0	3.0	0	1800	3	36.4	1.0	16
2020110100	2023-04-29	3	140.0	1.2	1.0	0	1800	0	37.9	1.0	12
2020110100	2023-05-21	3	140.0	0.5	0.0	0	1800	0	39.7	1.0	15
2020110100	2023-06-11	3	140.0	0.2	2.0	0	1800	1	38.5	1.0	16
2020110100	2023-07-08	1	550.0	0.0	1.0	0	1800	0	38.9	1.0	16
2020110100	2023-08-05	10	0.0	2.9	0.0	0	1800	0	40.4	2.0	15
2020110100	2023-09-17	3	200.0	0.4	0.0	0	1800	0	39.8	2.0	12
2020110100	2023-10-15	4	120.0	1.0	0.0	0	1800	1	37.9	2.0	8
2020110100	2023-11-04	6	0.0	0.8	0.0	0	1800	0	37.5	2.0	12
2020110100	2023-11-25	11	0.0	1.4	0.0	0	1800	0	39.9	2.0	14
2020110100	2023-12-16	6	0.0	1.0	1.0	0	1800	1	37.5	2.0	15
2020110100	2024-01-21	3	200.0	0.3	1.0	0	1400	1	35.4	2.0	14
2020110100	2024-02-17	4	120.0	0.9	0.0	0	1400	2	36.5	2.0	16
2020110100	2024-03-02	1	800.0	0.0	1.0	0	1400	2	36.7	2.0	14
2020110100	2024-03-31	2	460.0	0.4	1.0	0	1400	0	36.1	3.0	16
2020110100	2024-04-21	2	460.0	0.4	1.0	0	1600	0	35.7	3.0	13
2020110100	2024-05-18	3	394.9	0.2	0.0	0	1400	0	35.9	3.0	16
2020110100	2024-06-08	5	155.0	0.8	1.0	0	1400	0	36.6	5.0	11
2020110100	2024-09-29	3	290.0	0.0	1.0	0	1400	2	36.3	3.0	16
2020110100	2024-10-27	3	290.0	0.1	1.0	0	1400	0	36.7	3.0	12
2020110100	2024-11-24	1	1587.1	0.0	0.0	0	1400	0	35.5	3.0	16
2020110100	2025-01-18	4	280.0	0.6	0.0	0	1400	0	35.2	4.0	16
2020110100	2025-02-22	6	0.0	1.1	1.0	0	1400	0	36.4	4.0	16
2020110100	2025-08-03	9	0.0	0.4	0.0	0	1400	0	36.8	4.0	16
2020110100	2025-08-23	13	0.0	1.1	0.0	0	1400	0	36.9	4.0	16
2020110100	2026-01-17	9	0.0	1.2	0.0	0	1400	0	35.9	4.0	16
2021100382	2023-12-24	13	0.0	2.4	1.0	0	1200	0	39.2	0.0	16
2021100382	2024-03-23	2	220.0	0.3	1.0	0	1200	0	37.7	1.0	16
2021100382	2024-04-20	7	0.0	1.3	0.0	0	1600	0	38.4	1.0	16
2021100382	2024-05-11	7	0.0	0.9	0.0	0	1600	0	37.5	1.0	16
2021100382	2024-07-28	6	0.0	1.0	1.0	0	1200	0	37.6	1.0	15
2021100382	2024-09-05	2	24.5	0.5	0.0	0	1400	0	39.9	10.0	12
2021100382	2024-09-26	1	80.0	0.0	0.0	0	1230	0	38.8	10.0	11
2021100382	2024-10-18	1	80.0	0.0	1.0	0	1230	0	39.8	10.0	12
2021100382	2024-12-15	3	200.0	0.4	0.0	0	1200	0	37.2	2.0	16
2021100382	2025-01-12	1	800.0	0.0	1.0	0	1200	0	37.5	2.0	16
2021100382	2025-02-09	11	0.0	1.1	0.0	0	1200	2	37.3	3.0	16
2021100382	2025-05-25	14	0.0	2.6	2.0	0	1200	2	37.3	5.0	15
2021100382	2025-08-09	13	0.0	2.4	0.0	0	1200	0	36.9	3.0	15
2021100382	2025-11-22	8	0.0	1.1	0.0	0	1150	0	37.1	3.0	16
2021100382	2025-12-13	3	290.0	0.7	1.0	0	1200	0	36.9	3.0	13
2021100382	2026-01-04	5	119.0	0.6	0.0	0	1200	2	36.5	3.0	16
2021100382	2026-01-17	12	0.0	1.0	0.0	0	1200	0	37.3	3.0	16
2021100899	2023-07-02	1	720.0	0.0	0.0	1	1200	0	34.9	0.0	10
2021100899	2023-09-03	4	470.0	0.3	0.0	1	1200	0	35.1		10
2021100899	2023-09-23	3	403.1	0.3	1.0	1	1200	2	35.6	5.0	10
2021100899	2023-12-16	2	645.8	0.1	1.0	1	1200	2	34.6	5.0	9
2021100899	2024-01-20	1	1085.4	0.0	3.0	1	1200	2	35.9	2.0	7
2021100899	2024-02-25	8	0.0	1.6	2.0	1	1200	1	36.3		11
2021100899	2024-07-21	9	0.0	0.9	1.0	1	1200	0	35.1	3.0	18
2021100899	2025-04-13	5	155.0	0.3	2.0	1	1200	0	35.6	5.0	10
2021100899	2025-04-26	15	0.0	1.7	0.0	1	1200	0	35.8	3.0	15
2021100899	2025-06-15	9	0.0	0.8	1.0	1	1200	0	34.9	3.0	14
2021100899	2025-07-19	3	394.8	0.1	0.0	0	1150	0	36.9	5.0	16
2021100899	2025-08-09	2	460.0	0.7	0.0	0	1200	0	36.6	3.0	15
2021100899	2025-09-07	2	630.0	0.0	0.0	0	1200	0	36.6	5.0	16
2021100899	2025-09-27	2	375.0	0.1	0.0	0	1200	0	37.1	3.0	16
2021100899	2025-11-15	2	629.6	0.0	0.0	0	1200	0	35.9	5.0	15
2021100899	2025-12-06	3	395.2	0.6	0.0	0	1200	0	36.6	3.0	13
2021100899	2026-01-17	8	0.0	0.8	0.0	0	1200	0	38.8	3.0	16
2021100980	2023-11-05	1	720.0	0.0	1.0	0	1700	0	36.8	0.0	15
2021100980	2023-11-25	13	0.0	1.3	0.0	0	1600	0	37.8	5.0	16
2021100980	2024-04-07	3	200.0	0.3	0.0	0	1800	1	38.8	2.0	16
2021100980	2024-04-27	2	439.4	1.1	0.0	0	1800	0	38.6	2.0	14
2021100980	2024-05-25	8	0.0	1.3	0.0	0	1600	0	37.7	2.0	13
2021100980	2025-04-12	10	0.0	1.9	1.0	0	1700	0	41.0	2.0	14
2021100980	2025-04-26	4	120.0	0.8	0.0	0	1700	0	39.0	2.0	13
2021100980	2025-06-28	1	800.0	0.0	0.0	0	1700	0	37.2	2.0	15
2021100980	2025-11-09	14	0.0	2.4	2.0	0	1700	0	39.1	3.0	15
2021100980	2026-01-05	1	1610.1	0.0	0.0	0	1800	2	38.7	3.0	12
2021100980	2026-01-17	16	0.0	2.6	0.0	0	1800	0	40.1	4.0	16
2021101397	2024-07-07	12	0.0	1.4	0.0	1	2000	0	38.0	1.0	18
2021101397	2024-08-17	6	0.0	1.9	0.0	0	1800	0	41.0	1.0	16
2021101397	2024-10-06	1	40.0	0.0	1.0	0	1200	0	36.9	10.0	10
2021101397	2024-10-21	1	40.0	0.0	0.0	0	1200	2	36.8	10.0	12
2021101397	2025-02-10	4	120.0	0.2	0.0	0	1400	0	37.7	2.0	15
2021101397	2025-03-02	1	800.0	0.0	2.0	0	1400	0	37.7	2.0	16
2021101397	2025-03-16	2	460.0	0.1	3.0	0	1400	1	37.9	3.0	12
2021101397	2025-07-26	5	155.0	0.8	0.0	0	1400	0	37.7	5.0	16
2021101397	2025-08-17	2	629.8	0.0	0.0	0	1400	0	36.5	5.0	16
2021101397	2025-10-18	1	1140.0	0.0	1.0	0	1400	2	36.2	3.0	12
2021101397	2025-11-23	3	465.0	0.1	0.0	0	1400	0	36.6	4.0	16
2021101397	2026-01-17	6	0.0	1.1	0.0	0	1400	0	37.3	4.0	16
2021101399	2023-06-17	3	180.0	0.4	0.0	1	1400	0	33.8	0.0	16
2021101399	2023-07-08	1	550.0	0.0	1.0	1	1800	0	36.7	1.0	7
2021101399	2023-08-27	6	0.0	0.8	0.0	1	1600	0	33.7		12
2021101399	2023-11-11	7	0.0	0.9	1.0	0	1400	0	37.6	2.0	16
2021101399	2024-02-11	4	160.0	0.1	0.0	1	2000	0	34.6	2.0	10
2021101399	2024-04-06	8	0.0	0.5	1.0	1	2000	0	35.6	2.0	13
2021101399	2024-04-21	6	0.0	1.0	2.0	0	1400	0	37.5	2.0	12
2021101399	2024-06-30	2	320.0	0.3	1.0	0	1700	1	36.9	2.0	16
2021101399	2024-07-20	7	0.0	1.3	1.0	0	1700	1	38.2	2.0	15
2021101399	2024-10-20	1	1154.8	0.0	0.0	1	1400	0	35.5	5.0	18
2021101399	2024-11-10	11	0.0	1.6	0.0	0	1700	0	39.8	3.0	15
2021101399	2024-12-01	9	0.0	1.1	0.0	1	1400	0	34.3	3.0	12
2021101399	2025-02-09	15	0.0	2.7	0.0	0	1700	2	39.9	5.0	16
2021101399	2025-03-30	3	290.0	0.4	0.0	1	1200	0	34.5	3.0	13
2021101399	2025-04-13	2	627.0	0.0	2.0	1	1200	0	34.5	5.0	10
2021101399	2025-06-29	2	626.8	0.1	0.0	1	1200	0	34.4	5.0	11
2021101399	2025-07-20	4	230.0	0.4	0.0	1	1200	0	33.9	5.0	13
2021101399	2025-08-03	6	0.0	0.3	0.0	1	1200	0	34.6	5.0	13
2021101399	2025-11-08	2	632.4	0.1	0.0	1	1200	0	35.0	5.0	16
2021101399	2025-12-06	2	460.0	0.1	0.0	1	1200	0	33.0	3.0	13
2021101399	2025-12-27	4	230.0	0.7	1.0	1	1200	0	34.2	3.0	16
2021101399	2026-01-17	2	480.0	0.1	0.0	1	1200	0	33.3	3.0	16
2021101461	2023-11-26	3	180.0	0.7	0.0	0	1800	0	38.4	0.0	15
2021101461	2023-12-16	3	140.0	1.1	1.0	0	1800	2	39.2	1.0	13
2021101461	2024-01-07	1	550.0	0.0	0.0	0	1800	0	40.0	1.0	16
2021101461	2024-02-11	15	0.0	3.4	0.0	0	1600	2	40.7	2.0	15
2021101461	2024-04-20	10	0.0	1.9	1.0	0	1800	0	38.9	2.0	10
2021101461	2024-05-12	4	120.0	1.8	1.0	0	1800	0	37.8	2.0	16
2021101461	2024-06-02	10	0.0	2.7	1.0	0	1800	2	41.1	2.0	11
2021101461	2024-08-24	9	0.0	1.9	0.0	0	1800	0	38.0	2.0	13
2021101461	2024-09-16	6	0.0	1.6	1.0	0	1800	2	37.6	2.0	11
2021101461	2024-09-28	5	80.0	0.6	1.0	0	1400	0	36.3	2.0	11
2021101461	2024-10-12	8	0.0	1.2	0.0	0	1400	0	37.1	2.0	16
2021101461	2024-12-07	1	800.0	0.0	1.0	0	1200	0	35.9	2.0	15
2021101461	2025-01-05	10	0.0	0.9	0.0	0	1200	0	37.3	3.0	16
2021101461	2025-02-09	15	0.0	2.4	0.0	0	1200	2	39.2	3.0	16
2021101461	2025-05-03	14	0.0	1.7	0.0	0	1200	2	36.8	3.0	16
2021101461	2025-05-22	14	0.0	1.9	1.0	0	1200	0	39.5	16.0	15
2021101461	2025-09-21	10	0.0	1.1	1.0	1	1200	0	33.6	5.0	10
2021101461	2025-09-27	13	0.0	1.2	0.0	1	1600	0	34.6	3.0	13
2021101461	2025-10-12	12	0.0	2.0	2.0	0	1200	0	36.2	5.0	14
2021101461	2025-12-20	6	0.0	0.5	2.0	0	1400	2	38.2	3.0	16
2021101461	2026-01-17	5	119.0	0.6	0.0	0	1200	0	37.9	3.0	16
2021101701	2023-07-30	12	0.0	2.1	1.0	1	1800	0	36.2	0.0	12
2021101701	2023-08-19	11	0.0	3.7	0.0	1	1800	0	37.9	1.0	12
2021101701	2024-02-17	3	140.0	0.2	1.0	1	2400	0	34.7	1.0	18
2021101701	2024-04-14	1	550.0	0.0	0.0	1	2200	0	35.2	1.0	17
2021101701	2024-07-13	3	200.0	0.8	0.0	1	2600	0	36.5	2.0	12
2021101701	2024-08-10	4	120.0	0.6	0.0	1	2600	0	37.2	2.0	11
2021101701	2024-09-29	7	0.0	1.2	1.0	1	2200	0	34.9	2.0	17
2021101701	2025-03-15	12	0.0	1.2	1.0	1	2200	0	35.6	2.0	18
2021101701	2025-08-17	10	0.0	2.8	0.0	1	2400	0	37.4	2.0	11
2021101701	2025-08-31	4	170.0	0.4	0.0	1	2200	0	35.9	5.0	11
2021101701	2025-09-27	4	120.0	0.6	0.0	1	2200	0	34.3	2.0	16
2021101701	2025-11-22	6	0.0	0.2	0.0	1	1800	0	34.3	5.0	16
2021101701	2026-01-11	8	0.0	1.6	0.0	1	1600	0	35.6	2.0	16
2021101701	2026-01-17	1	820.0	0.0	0.0	1	2200	0	35.2	2.0	12
2021101793	2023-10-14	3	180.0	1.4	0.0	0	1200	0	38.8	0.0	15
2021101793	2023-11-11	7	0.0	2.1	1.0	0	1150	2	38.2	1.0	16
2021101793	2024-01-21	6	0.0	0.6	1.0	1	1200	1	36.4	1.0	18
2021101793	2024-02-03	5	55.0	1.5	1.0	0	1000	0	36.6	1.0	14
2021101793	2024-03-02	2	220.0	0.2	0.0	0	1200	1	38.3	1.0	16
2021101793	2024-03-16	3	140.0	1.3	0.0	0	1200	2	38.1	1.0	16
2021101793	2024-04-07	1	550.0	0.0	1.0	0	1200	1	36.9	1.0	16
2021101793	2024-06-09	3	200.0	0.8	2.0	0	1000	0	36.0	2.0	10
2021101793	2024-07-13	7	0.0	0.4	0.0	1	1200	0	35.3	2.0	13
2021101793	2024-07-28	13	0.0	1.1	1.0	1	1200	2	36.5	2.0	14
2021101793	2024-08-10	7	0.0	0.5	0.0	1	1200	0	35.0	2.0	16
2021101793	2024-09-01	5	80.0	0.5	0.0	1	1200	2	35.3	2.0	16
2021101793	2024-11-16	14	0.0	1.1	0.0	1	1200	0	35.7	2.0	15
2021101793	2024-12-15	5	80.0	1.4	0.0	0	1200	0	37.6	2.0	16
2021101793	2025-01-06	10	0.0	0.6	1.0	0	1200	0	38.0	2.0	16
2021101793	2025-03-22	13	0.0	1.2	0.0	0	1200	2	37.8	2.0	16
2021101793	2025-05-10	11	0.0	2.1	1.0	0	1200	2	37.8	2.0	14
2021101793	2025-07-19	2	320.0	0.0	0.0	0	1150	0	36.4	2.0	11
2021101793	2025-08-03	6	0.0	0.5	0.0	0	1200	0	36.8	2.0	15
2021101793	2025-09-20	4	120.0	0.4	1.0	0	1200	1	37.7	2.0	16
2021101793	2025-11-08	11	0.0	1.4	0.0	0	1150	0	36.6	2.0	16
2021101793	2026-01-04	2	330.0	0.0	0.0	0	1200	2	37.4	2.0	16
2021101793	2026-01-17	11	0.0	1.0	0.0	0	1200	0	37.9	2.0	16
2021102083	2024-01-06	2	250.0	0.4	0.0	0	1800	0	37.8	0.0	16
2021102083	2024-01-21	1	550.0	0.0	2.0	0	1900	3	36.4	1.0	10
2021102083	2024-03-17	3	200.0	0.4	3.0	0	1800	0	37.7	2.0	15
2021102083	2024-04-06	8	0.0	2.9	0.0	0	1800	2	39.1	2.0	12
2021102083	2024-12-08	6	0.0	1.6	0.0	0	1800	0	39.8	5.0	9
2021102083	2024-12-28	14	0.0	3.0	0.0	0	1800	0	40.7	2.0	16
2021102083	2025-02-23	2	320.0	0.2	1.0	0	1800	0	38.2	2.0	12
2021102083	2025-03-16	1	800.0	0.0	3.0	0	1800	1	39.9	2.0	13
2021102083	2025-04-27	1	1140.0	0.0	0.0	0	1800	0	37.1	3.0	12
2021102083	2025-05-17	16	0.0	5.2	0.0	0	1800	3	39.7	4.0	16
2021102083	2025-09-15	9	0.0	2.4	0.0	0	1800	0	39.6	4.0	14
2021102083	2025-10-11	14	0.0	2.8	0.0	0	1900	0	39.8	4.0	16
2021102083	2026-01-17	15	0.0	1.7	0.0	0	1400	0	37.3	4.0	16
2021102458	2023-07-29	7	0.0	2.2	0.0	0	1200	0	39.2	0.0	12
2021102458	2023-08-12	3	140.0	1.4	1.0	0	1200	0	37.7	1.0	15
2021102458	2023-09-10	1	550.0	0.0	0.0	0	1200	2	37.5	1.0	16
2021102458	2023-09-30	6	0.0	1.6	0.0	0	1400	0	40.1	2.0	9
2021102458	2023-11-01	8	0.0	1.1	3.0	0	1200	1	38.9		14
2021102458	2024-02-11	9	0.0	2.6	0.0	0	1400	0	39.5	2.0	9
2021102458	2024-03-03	11	0.0	1.5	0.0	0	1200	2	38.5	2.0	16
2021102458	2024-03-24	12	0.0	1.2	1.0	0	1200	0	38.2	2.0	15
2021102458	2024-06-29	4	120.0	0.3	0.0	0	1150	0	38.1	2.0	16
2021102458	2024-07-13	6	0.0	1.3	0.0	0	1000	0	35.8	2.0	12
2021102458	2024-08-10	10	0.0	1.1	0.0	0	1000	0	37.6	2.0	12
2021102458	2024-08-25	2	320.0	0.2	0.0	0	1000	0	35.5	2.0	12
2021102458	2024-09-14	2	320.0	0.0	0.0	0	1200	0	36.8	2.0	16
2021102458	2025-01-25	13	0.0	2.4	1.0	0	1200	0	39.7	2.0	16
2021102458	2025-04-13	10	0.0	1.2	2.0	0	1150	0	37.5	2.0	16
2021102458	2025-06-21	8	0.0	1.0	1.0	0	1000	0	34.7	2.0	12
2021102458	2025-07-06	8	0.0	1.1	0.0	1	1200	2	35.6	2.0	10
2021102458	2025-07-12	6	0.0	0.7	0.0	0	1000	0	35.4	2.0	12
2021102458	2025-12-21	8	0.0	1.2	3.0	0	1200	2	36.6	2.0	16
2021102458	2026-01-17	5	82.0	0.4	0.0	0	1200	0	38.0	2.0	16
2021102718	2023-12-09	1	720.0	0.0	0.0	1	1400	0	35.8	0.0	12
2021102718	2024-01-08	14	0.0	1.4	0.0	1	1600	0	36.4		18
2021102718	2024-03-31	9	0.0	2.0	1.0	1	1600	0	35.8	2.0	9
2021102718	2024-04-28	10	0.0	1.6	0.0	1	1400	0	34.6	2.0	11
2021102718	2024-06-16	11	0.0	0.9	1.0	1	1200	0	35.1	2.0	14
2021102718	2024-06-30	4	120.0	0.7	3.0	0	1000	0	35.9	2.0	10
2021102718	2024-07-21	1	800.0	0.0	0.0	0	1000	0	35.7	2.0	9
2021102718	2024-07-27	4	170.0	0.6	1.0	0	1000	0	35.4	3.0	12
2021102718	2024-12-08	11	0.0	1.3	1.0	0	1200	0	37.5	3.0	15
2021102718	2025-03-02	2	460.0	0.1	1.0	0	1200	0	35.9	3.0	16
2021102718	2025-03-30	1	1140.0	0.0	1.0	0	1200	0	35.8	3.0	14
2021102718	2025-04-20	2	750.2	0.1	1.0	0	1400	0	36.5	4.0	16
2021102718	2025-06-15	4	280.0	0.5	0.0	0	1200	1	36.0	4.0	16
2021102718	2025-09-07	3	463.7	1.0	0.0	0	1200	0	36.2	4.0	12
2021102718	2025-10-04	3	464.9	0.6	2.0	0	1200	3	34.9	4.0	16
2021102718	2025-10-19	13	0.0	1.5	1.0	0	1400	0	36.0	4.0	16
2021102718	2026-01-17	3	474.8	0.7	0.0	0	1400	0	35.4	4.0	16
2021103227	2023-12-17	3	180.0	0.1	0.0	1	1800	2	35.2	0.0	10
2021103227	2024-01-06	9	0.0	1.3	1.0	1	1800	0	35.6	1.0	17
2021103227	2024-03-17	2	220.0	0.1	1.0	1	1600	0	34.2	1.0	16
2021103227	2024-04-13	4	83.0	0.4	0.0	1	1600	0	33.6	1.0	18
2021103227	2024-05-05	1	550.0	0.0	0.0	1	1600	0	35.1	1.0	15
2021103227	2024-08-11	7	0.0	0.6	0.0	1	1600	0	34.8	5.0	10
2021103227	2024-10-05	8	0.0	0.6	0.0	1	1600	0	33.7	5.0	18
2021103227	2025-01-19	8	0.0	0.7	0.0	1	1600	0	35.0	2.0	16
2021103227	2025-02-16	4	120.0	0.1	1.0	1	1600	2	35.2	2.0	18
2021103227	2025-03-16	8	0.0	0.8	3.0	1	1600	2	35.7	2.0	16
2021103227	2025-05-04	3	200.0	1.0	0.0	1	1600	0	33.3	2.0	9
2021103227	2025-06-01	6	0.0	1.0	0.0	1	1800	2	34.4	2.0	16
2021103227	2025-10-26	1	1147.8	0.0	3.0	1	1600	2	34.9	5.0	14
2021103227	2025-11-23	5	155.0	0.5	0.0	1	1600	0	33.6	5.0	13
2021103227	2026-01-17	4	180.0	0.3	0.0	1	1600	0	34.1	3.0	18
2021103242	2024-04-13	3	140.0	0.2	0.0	0	2000	0	38.6	1.0	16
2021103242	2024-04-27	1	550.0	0.0	1.0	0	1900	0	39.2	1.0	11
2021103242	2024-07-14	2	320.0	0.3	3.0	0	1700	3	36.8	2.0	16
2021103242	2024-07-27	10	0.0	3.8	1.0	0	1800	0	40.8	2.0	15
2021103242	2024-10-27	11	0.0	4.5	1.0	0	1900	0	43.5	2.0	11
2021103242	2024-11-02	8	0.0	1.9	2.0	0	1600	1	37.5	2.0	13
2021103242	2024-12-14	7	0.0	1.0	0.0	0	1400	0	37.0	2.0	16
2021103242	2025-01-11	8	0.0	1.2	0.0	0	1800	0	39.0	2.0	16
2021103242	2025-03-16	10	0.0	3.1	3.0	0	1800	1	43.1	2.0	13
2021103242	2025-03-29	4	120.0	0.5	0.0	0	1200	2	37.2	2.0	16
2021103242	2025-05-24	1	800.0	0.0	1.0	0	1200	0	36.0	2.0	14
2021103242	2025-06-01	9	0.0	0.7	0.0	0	1200	0	36.5	3.0	16
2021103242	2025-07-13	5	155.0	0.5	0.0	0	1000	0	35.9	5.0	12
2021103242	2025-08-03	2	460.0	0.6	0.0	0	1000	0	35.5	3.0	10
2021103242	2025-08-17	3	393.4	0.4	1.0	0	1000	2	35.1	5.0	11
2021103242	2025-11-30	8	0.0	1.3	0.0	0	1400	0	37.1	3.0	16
2021103242	2025-12-13	4	170.0	0.8	1.0	0	1200	0	37.1	3.0	13
2021103242	2026-01-17	6	0.0	0.7	0.0	0	1200	0	38.2	3.0	16
2021103513	2024-02-04	8	0.0	1.7	1.0	0	1600	0	40.0	0.0	16
2021103513	2024-04-13	1	550.0	0.0	0.0	0	1150	0	37.4	1.0	16
2021103513	2024-05-04	5	78.0	0.6	0.0	1	1400	0	33.6	2.0	10
2021103513	2024-08-10	4	120.0	0.5	0.0	1	1400	0	35.0	2.0	18
2021103513	2024-09-07	7	0.0	0.5	0.0	0	1200	0	37.0	2.0	16
2021103513	2024-10-26	7	0.0	0.6	1.0	0	1400	0	36.1	2.0	15
2021103513	2024-12-21	7	0.0	1.1	0.0	0	1200	0	38.3	2.0	16
2021103513	2025-02-01	13	0.0	2.8	1.0	0	1400	0	38.8	2.0	15
2021103513	2025-04-13	5	80.0	0.9	2.0	0	1150	0	37.4	2.0	16
2021103513	2025-04-26	9	0.0	1.1	0.0	0	1150	0	38.0	2.0	16
2021103513	2025-05-17	12	0.0	1.6	1.0	0	1600	3	37.8	2.0	14
2021103513	2025-09-06	9	0.0	1.4	0.0	0	1200	2	36.5	2.0	16
2021103513	2025-11-08	5	80.0	1.0	0.0	0	1300	0	37.1	2.0	16
2021103513	2025-11-24	1	800.0	0.0	1.0	0	1150	0	36.6	2.0	16
2021103513	2026-01-17	16	0.0	2.0	0.0	0	1200	0	39.8	3.0	16
2021103706	2023-06-17	3	180.0	0.4	1.0	0	1000	0	36.7	0.0	12
2021103706	2023-07-09	4	83.0	0.5	0.0	0	1000	0	36.6	1.0	12
2021103706	2023-07-23	1	550.0	0.0	0.0	0	1000	0	36.1	1.0	8
2021103706	2023-12-03	9	0.0	1.9	0.0	0	1200	0	37.5	2.0	13
2021103706	2024-03-03	5	78.0	0.8	0.0	0	1200	2	37.0	2.0	16
2021103706	2024-03-17	3	200.0	0.4	0.0	0	1200	0	37.1	2.0	16
2021103706	2024-04-21	3	200.0	0.8	0.0	0	1400	0	37.0	2.0	16
2021103706	2024-04-28	2	310.0	0.2	0.0	0	1400	0	36.7	2.0	14
2021103706	2024-05-26	4	120.0	0.1	0.0	0	1400	0	35.9	2.0	16
2021103706	2024-06-08	1	800.0	0.0	0.0	0	1400	0	37.1	2.0	16
2021103706	2024-10-05	6	0.0	0.4	2.0	0	1400	1	35.1	3.0	16
2021103706	2025-01-25	14	0.0	1.7	0.0	0	1400	0	37.7	3.0	16
2021103706	2025-02-16	7	0.0	0.9	1.0	0	1200	2	36.1	3.0	16
2021103706	2025-04-12	6	0.0	0.4	0.0	0	1200	0	36.3	3.0	16
2021103706	2025-05-10	6	0.0	0.7	0.0	0	1400	1	36.0	3.0	16
2021103706	2025-05-24	8	0.0	1.2	3.0	0	1400	2	35.5	3.0	13
2021103706	2025-07-27	4	230.0	0.3	0.0	0	1200	0	37.4	5.0	15
2021103706	2025-08-09	9	0.0	2.2	0.0	0	1200	0	37.3	3.0	15
2021103706	2025-09-27	5	114.0	0.5	0.0	0	1200	0	36.9	3.0	16
2021103706	2025-10-25	10	0.0	1.1	3.0	0	1400	2	35.8	3.0	13
2021103706	2025-11-22	11	0.0	1.1	0.0	0	1400	0	38.2	3.0	16
2021103706	2026-01-17	11	0.0	0.9	0.0	0	1200	0	37.3	3.0	16
2021103725	2023-07-16	9	0.0	2.1	0.0	1	1600	0	35.4	0.0	12
2021103725	2023-11-18	3	140.0	0.4	1.0	0	1400	1	36.4	1.0	16
2021103725	2023-12-02	1	550.0	0.0	0.0	0	1400	0	37.0	1.0	16
2021103725	2024-01-08	6	0.0	0.6	0.0	1	1600	0	36.3		18
2021103725	2024-02-04	9	0.0	0.6	0.0	1	1800	0	35.0		12
2021103725	2024-04-28	1	780.0	0.0	0.0	0	1400	0	37.4	2.0	12
2021103725	2024-06-08	1	1573.1	0.0	1.0	0	1400	0	36.8	5.0	11
2021103725	2024-09-01	2	749.8	0.0	1.0	0	1400	1	35.7	4.0	16
2021103725	2024-09-21	5	184.0	0.5	1.0	0	1400	0	37.4	4.0	15
2021103725	2024-10-20	1	1868.7	0.0	0.0	0	1400	2	36.9	4.0	12
2021103725	2024-12-01	6	0.0	0.5	0.0	0	1400	0	37.5	5.0	15
2021103725	2025-02-16	10	0.0	1.1	1.0	0	1400	0	37.0	5.0	16
2021103725	2025-03-15	2	967.4	0.1	2.0	0	1400	0	36.2		11
2021103725	2025-04-05	6	0.0	0.5	0.0	0	1400	0	36.8	5.0	16
2021103725	2025-06-21	16	0.0	1.5	0.0	0	1400	0	39.0	5.0	16
2021103725	2025-08-10	14	0.0	0.7	1.0	1	1200	0	32.9		17
2021103725	2025-10-04	13	0.0	1.9	1.0	0	1600	0	38.2		16
2021103725	2025-11-30	9	0.0	1.4	0.0	0	1400	0	38.1	5.0	16
2021103725	2026-01-17	6	0.0	0.3	0.0	1	1200	0	34.0	5.0	16
2021103918	2024-04-27	12	0.0	2.7	1.0	0	1600	2	38.0	1.0	15
2021103918	2024-06-02	13	0.0	2.7	1.0	0	2100	1	39.3	1.0	16
2021103918	2024-07-21	13	0.0	4.6	0.0	0	1700	0	43.5	1.0	13
2021103918	2024-09-03	1	45.0	0.0	1.0	0	1200	1	37.9	10.0	11
2021103918	2024-09-24	1	55.0	0.0	0.0	0	1400	2	38.7	11.0	9
2021103918	2024-10-22	2	14.0	0.1	0.0	0	1400	2	38.3	10.0	9
2021103918	2024-11-10	1	45.0	0.0	0.0	0	1400	0	38.0	11.0	11
2021103918	2024-12-11	1	45.0	0.0	1.0	0	1400	3	39.0	11.0	12
2021103918	2025-03-01	8	0.0	0.9	0.0	0	1200	0	38.0	2.0	16
2021103918	2025-03-30	5	80.0	0.5	0.0	0	1200	2	36.2	2.0	16
2021103918	2025-04-20	8	0.0	1.4	1.0	0	1200	0	37.6	2.0	16
2021103918	2025-08-09	5	80.0	0.2	0.0	0	1200	0	37.3	2.0	15
2021103918	2025-08-30	4	120.0	0.7	0.0	0	1200	0	37.4	2.0	15
2021103918	2025-09-21	5	80.0	1.1	0.0	0	1200	0	36.9	2.0	16
2021103918	2025-10-18	3	200.0	0.3	1.0	0	1200	0	37.5	2.0	15
2021103918	2025-11-15	12	0.0	1.6	0.0	0	1400	0	36.0	2.0	16
2021103918	2025-12-20	3	200.0	1.1	1.0	0	1200	0	37.0	2.0	16
2021103918	2026-01-17	2	330.0	0.1	0.0	0	1200	0	37.5	2.0	16
2021104325	2024-02-18	10	0.0	1.9	1.0	0	1400	2	37.9	0.0	15
2021104325	2024-04-07	10	0.0	2.2	1.0	0	1200	1	37.8	1.0	16
2021104325	2024-06-02	3	140.0	0.2	1.0	0	1400	1	35.2	1.0	16
2021104325	2024-06-23	4	83.0	0.6	1.0	0	1400	1	36.3	1.0	16
2021104325	2024-07-14	2	220.0	0.0	0.0	0	1150	2	36.6	1.0	16
2021104325	2024-08-10	1	550.0	0.0	0.0	0	1200	0	36.7	1.0	15
2021104325	2024-10-27	6	0.0	1.2	0.0	0	1200	0	37.2	2.0	13
2021104325	2024-12-01	2	320.0	0.2	0.0	0	1200	0	36.7	2.0	16
2021104325	2024-12-28	5	80.0	0.3	0.0	0	1200	0	37.7	2.0	16
2021104325	2025-01-18	1	800.0	0.0	0.0	0	1200	0	37.7	2.0	16
2021104325	2025-03-02	14	0.0	1.8	1.0	0	1200	0	37.3	3.0	16
2021104325	2025-05-04	16	0.0	5.0	0.0	0	1300	2	39.5	3.0	16
2021104325	2025-11-16	14	0.0	2.6	0.0	0	1400	0	37.5	3.0	16
2021104325	2026-01-17	15	0.0	1.4	0.0	0	1200	0	38.2	3.0	16
2021104422	2023-12-09	4	110.0	0.4	0.0	1	1400	0	35.9	0.0	12
2021104422	2023-12-23	5	55.0	1.5	0.0	0	1400	0	38.4	1.0	16
2021104422	2024-01-13	3	140.0	0.7	0.0	0	1400	0	37.8	1.0	14
2021104422	2024-02-03	5	55.0	0.7	1.0	0	1400	0	38.0	1.0	14
2021104422	2024-04-06	4	83.0	0.8	0.0	0	1400	2	38.5	1.0	16
2021104422	2024-04-21	1	550.0	0.0	1.0	0	1700	0	38.5	1.0	15
2021104422	2024-05-12	7	0.0	2.0	1.0	0	1800	0	39.1	2.0	16
2021104422	2024-08-11	4	120.0	0.6	0.0	0	1800	0	38.5	2.0	13
2021104422	2024-08-24	7	0.0	1.4	0.0	0	1800	0	38.2	2.0	13
2021104422	2024-09-15	3	200.0	0.4	1.0	0	1800	1	37.1	2.0	12
2021104422	2024-11-03	2	320.0	0.2	0.0	0	1700	1	37.7	2.0	15
2021104422	2024-11-17	3	200.0	0.1	0.0	0	1700	0	38.1	2.0	15
2021104422	2025-02-15	1	800.0	0.0	1.0	0	1700	0	38.1	2.0	12
2021104422	2025-03-01	3	394.9	0.2	1.0	0	1700	0	36.4	5.0	15
2021104422	2025-06-22	7	0.0	0.6	1.0	0	1700	1	37.3	5.0	14
2021104422	2025-07-20	9	0.0	1.5	0.0	0	1700	0	38.7	5.0	12
2021104422	2025-08-26	1	250.0	0.0	1.0	0	1600	0	37.6		10
2021104422	2025-12-27	14	0.0	2.1	0.0	0	1800	2	39.9	4.0	16
2021104422	2026-01-17	11	0.0	1.4	0.0	0	1400	0	37.1	4.0	16
2021104490	2023-09-09	2	290.0	0.6	1.0	1	2000	2	35.3	0.0	10
2021104490	2023-09-30	5	55.0	0.7	1.0	1	2000	0	36.0	1.0	14
2021104490	2023-11-12	5	55.0	0.9	1.0	1	2000	0	39.2	1.0	16
2021104490	2023-12-03	6	0.0	2.5	0.0	0	1800	0	41.9	1.0	16
2021104490	2024-02-10	6	0.0	0.6	0.0	1	1800	2	35.9	1.0	14
2021104490	2024-02-24	7	0.0	2.1	0.0	1	2000	1	37.7	1.0	18
2021104490	2024-06-30	1	550.0	0.0	1.0	1	1200	0	34.3	1.0	16
2021104490	2024-09-21	5	80.0	0.6	1.0	1	1200	0	32.7	2.0	15
2021104490	2024-11-03	4	120.0	0.4	0.0	1	1200	2	35.9	2.0	16
2021104490	2024-11-17	7	0.0	0.3	0.0	1	1200	0	34.8	2.0	16
2021104490	2025-02-02	5	40.0	0.3	1.0	1	1200	2	35.4	2.0	18
2021104490	2025-03-02	2	320.0	0.1	3.0	1	1200	1	35.3	2.0	17
2021104490	2025-04-19	1	800.0	0.0	0.0	1	1200	0	34.0	2.0	16
2021104490	2025-05-31	11	0.0	1.6	1.0	1	1400	0	36.6	3.0	13
2021104490	2025-06-29	8	0.0	0.9	0.0	1	1200	0	35.4	5.0	11
2021104490	2025-09-27	14	0.0	1.0	0.0	1	1200	0	33.9	5.0	16
2021104490	2025-11-16	14	0.0	0.8	0.0	1	1400	0	34.4	3.0	15
2021104490	2026-01-17	11	0.0	0.6	0.0	1	1200	0	33.5	3.0	16
2021104665	2023-12-02	1	720.0	0.0	0.0	1	1200	0	33.9	0.0	15
2021104665	2024-01-06	9	0.0	0.8	0.0	1	1200	0	34.5	2.0	13
2021104665	2024-03-10	5	78.0	0.8	0.0	1	1200	2	34.8	2.0	11
2021104665	2024-04-07	10	0.0	0.9	0.0	1	1200	1	35.2	2.0	13
2021104665	2024-06-30	2	320.0	0.0	3.0	1	1200	0	34.1	2.0	16
2021104665	2024-07-20	5	111.0	0.6	1.0	1	1200	0	34.3	5.0	14
2021104665	2024-08-10	4	120.0	0.3	0.0	1	1200	0	34.7	2.0	16
2021104665	2024-09-01	1	800.0	0.0	0.0	1	1200	2	35.6	2.0	16
2021104665	2024-09-28	2	628.6	0.1	1.0	1	1200	0	34.0	3.0	14
2021104665	2024-11-30	12	0.0	1.3	0.0	1	1200	0	34.6	3.0	15
2021104665	2025-09-27	8	0.0	0.5	0.0	1	1200	0	33.6	5.0	16
2021104665	2025-11-09	6	0.0	0.4	1.0	1	1400	0	33.0	3.0	18
2021104665	2025-12-07	8	0.0	0.5	0.0	1	1400	0	35.2	3.0	17
2021104665	2026-01-17	7	0.0	0.4	0.0	1	1200	0	33.9	3.0	16
2021104770	2023-06-11	5	72.0	0.6	1.0	1	1200	0	36.1	0.0	11
2021104770	2023-07-16	3	140.0	0.3	1.0	1	1200	2	36.3	1.0	16
2021104770	2023-08-06	5	55.0	1.0	3.0	1	1500	1	39.5	1.0	14
2021104770	2023-08-19	1	550.0	0.0	0.0	0	1700	0	38.8	1.0	14
2021104770	2023-10-14	10	0.0	1.9	0.0	0	1600	0	39.2	2.0	14
2021104770	2023-11-03	8	0.0	5.7	0.0	0	1800	2	45.0	10.0	12
2021104770	2024-02-25	8	0.0	1.0	0.0	0	1700	2	39.0	2.0	12
2021104770	2024-03-10	6	0.0	1.2	0.0	0	1400	0	37.2	2.0	14
2021104770	2024-03-24	10	0.0	1.6	3.0	0	1200	3	36.7	2.0	12
2021104770	2024-04-07	5	78.0	0.6	0.0	1	1200	1	35.0	2.0	13
2021104770	2024-06-16	11	0.0	0.8	0.0	1	1400	0	34.3	2.0	15
2021104770	2024-06-29	10	0.0	2.8	1.0	1	1800	0	39.0	2.0	12
2021104770	2024-09-07	14	0.0	2.6	0.0	0	1800	0	40.3	2.0	15
2021104770	2024-10-06	10	0.0	1.5	1.0	0	1600	1	37.9	2.0	16
2021104770	2025-02-01	5	84.0	4.2	2.0	2	2860	0	13.6	1.0	12
2021104770	2025-02-23	6	0.0	1.1	1.0	2	2860	0	13.6	1.0	12
2021104770	2025-05-24	9	0.0	5.7	1.0	2	2890	0	13.7	1.0	13
2021104770	2025-09-14	4	130.0	0.6	1.0	2	2880	0	13.8	1.0	9
2021104770	2025-10-12	2	340.0	1.2	1.0	2	2910	0	13.7	1.0	12
2021104770	2026-01-17	8	0.0	3.0	0.0	2	2880	0	13.7	1.0	12
2021104832	2023-06-10	9	0.0	2.5	1.0	1	1600	0	35.1	0.0	10
2021104832	2023-06-24	2	220.0	0.7	1.0	1	1600	0	37.4	1.0	9
2021104832	2023-08-20	1	550.0	0.0	0.0	1	1800	0	36.8	1.0	5
2021104832	2023-09-23	6	0.0	0.9	0.0	1	1800	0	36.1	5.0	7
2021104832	2023-10-14	5	107.0	0.8	1.0	1	1800	0	34.7	2.0	5
2021104832	2023-11-03	11	0.0	6.8	0.0	0	1800	2	44.8	10.0	12
2021104832	2024-02-03	8	0.0	2.9	0.0	0	1800	0	39.8	2.0	9
2021104832	2024-02-17	9	0.0	0.8	0.0	1	1400	0	34.9	2.0	10
2021104832	2024-03-10	10	0.0	0.6	0.0	1	1600	0	34.1	2.0	11
2021104832	2024-08-18	10	0.0	2.1	0.0	0	1400	0	40.0	2.0	16
2021104832	2024-09-16	7	0.0	0.9	0.0	0	1400	2	37.4	2.0	15
2021104832	2024-10-05	9	0.0	0.6	0.0	1	1600	0	34.2	5.0	18
2021104832	2024-12-14	9	0.0	1.1	0.0	0	1400	0	37.6	2.0	16
2021104832	2025-03-15	14	0.0	2.4	2.0	0	1400	0	39.3	2.0	16
2021104832	2025-03-30	6	0.0	0.7	0.0	1	2200	0	35.1	2.0	11
2021104832	2025-05-25	12	0.0	1.3	1.0	1	1800	2	36.5	5.0	15
2021104832	2025-06-07	8	0.0	1.3	1.0	1	2200	0	35.8	2.0	10
2021104832	2025-08-02	5	80.0	0.8	0.0	1	1800	0	35.4	2.0	10
2021104832	2025-08-09	5	80.0	1.4	0.0	1	1800	2	36.2	2.0	10
2021104832	2025-08-31	6	0.0	0.3	1.0	1	1800	2	36.9	2.0	13
2021104832	2025-12-20	1	1148.5	0.0	2.0	1	2000	2	35.9	2.0	16
2021104832	2026-01-05	8	0.0	1.0	0.0	1	1800	0	37.0	5.0	11
2021104832	2026-01-17	2	480.0	0.2	0.0	1	1600	0	34.7	3.0	18
2021104905	2023-10-22	4	110.0	1.2	0.0	1	2000	0	36.0	0.0	8
2021104905	2023-11-19	4	83.0	0.4	0.0	1	1800	2	35.8	1.0	12
2021104905	2024-05-04	1	550.0	0.0	0.0	1	1800	0	34.8	1.0	16
2021104905	2024-09-15	14	0.0	2.0	1.0	1	2000	2	35.1		15
2021104905	2024-10-14	7	0.0	0.7	0.0	1	1800	0	35.1	2.0	16
2021104905	2024-11-10	10	0.0	0.6	1.0	1	1800	0	33.0	2.0	16
2021104905	2024-11-30	1	800.0	0.0	1.0	0	1800	0	37.9	2.0	13
2021104905	2025-07-12	13	0.0	3.9	0.0	0	1700	0	42.9	5.0	13
2021104905	2026-01-05	6	0.0	0.7	0.0	1	1800	0	36.3	5.0	11
2021104905	2026-01-17	10	0.0	1.2	0.0	1	1600	0	34.7	3.0	18
2021104910	2023-06-25	5	72.0	1.2	0.0	1	1200	0	36.2	0.0	6
2021104910	2023-07-08	4	83.0	0.9	1.0	1	1200	0	35.7	1.0	7
2021104910	2023-07-16	5	55.0	0.7	1.0	1	1200	2	36.4	1.0	16
2021104910	2023-11-04	2	220.0	0.2	0.0	0	1400	0	38.9	1.0	16
2021104910	2023-11-18	1	550.0	0.0	1.0	0	1400	1	37.3	1.0	16
2021104910	2024-01-20	5	78.0	1.3	1.0	0	1400	2	37.6	2.0	7
2021104910	2024-02-11	1	780.0	0.0	0.0	0	1400	0	37.4	2.0	9
2021104910	2024-03-10	5	180.0	0.7	0.0	0	1400	0	37.4	5.0	9
2021104910	2024-06-08	3	393.3	0.4	1.0	0	1400	0	36.9	5.0	11
2021104910	2024-06-29	9	0.0	1.9	1.0	0	1700	2	39.1	5.0	16
2021104910	2025-04-05	1	1140.0	0.0	1.0	0	1400	0	36.6	3.0	16
2021104910	2025-05-25	13	0.0	1.3	1.0	0	1400	1	37.2	4.0	16
2021104910	2025-08-23	16	0.0	1.6	0.0	0	1400	0	38.8	4.0	16
2021104910	2025-11-16	12	0.0	2.1	0.0	0	1400	0	38.0	4.0	14
2021104910	2026-01-17	9	0.0	1.6	0.0	0	1800	0	38.2	4.0	16
2021105072	2023-07-16	5	72.0	1.1	0.0	1	1600	0	35.1	0.0	12
2021105072	2024-01-28	3	140.0	0.6	2.0	1	2000	0	36.0	1.0	15
2021105072	2024-02-24	3	140.0	0.6	0.0	1	2000	2	35.2	1.0	13
2021105072	2024-03-17	3	140.0	0.3	1.0	1	2000	0	34.7	1.0	16
2021105072	2024-05-05	3	140.0	0.2	0.0	1	1800	0	34.4	1.0	16
2021105072	2024-05-26	1	550.0	0.0	0.0	1	2000	0	34.4	1.0	14
2021105072	2024-09-28	4	120.0	0.3	1.0	1	2200	0	36.2	2.0	14
2021105072	2024-10-19	10	0.0	1.7	3.0	1	2200	2	36.6	5.0	10
2021105072	2024-12-07	15	0.0	1.6	1.0	1	2200	0	36.9	2.0	18
2021105072	2025-03-15	2	320.0	0.1	1.0	1	2200	0	34.9	2.0	18
2021105072	2025-04-06	4	120.0	0.3	0.0	1	2000	0	35.8	2.0	11
2021105072	2025-05-18	1	800.0	0.0	1.0	1	1800	0	35.1	2.0	13
2021105072	2025-06-08	3	392.7	0.3	2.0	1	1800	0	33.9	5.0	8
2021105072	2025-10-26	4	230.0	0.7	3.0	1	2000	2	36.1	5.0	16
2021105072	2026-01-17	4	240.0	0.4	0.0	1	2000	0	34.8	5.0	10
2021105260	2024-03-09	14	0.0	2.4	0.0	1	1600	0	36.1	1.0	15
2021105260	2024-05-11	2	220.0	0.0	0.0	0	1200	0	37.5	1.0	15
2021105260	2024-06-01	11	0.0	2.4	0.0	0	1400	1	38.3	1.0	16
2021105260	2024-07-14	6	0.0	1.0	0.0	0	1000	0	36.2	1.0	12
2021105260	2024-08-29	1	130.0	0.0	1.0	0	1200	0	37.9		12
2021105260	2024-09-25	1	200.0	0.0	1.0	0	1200	0	38.2		12
2021105260	2024-11-09	6	0.0	0.9	0.0	0	1150	0	37.1	2.0	16
2021105260	2024-11-30	9	0.0	1.0	1.0	0	1200	0	37.7	2.0	16
2021105260	2025-02-08	7	0.0	1.3	0.0	0	1000	2	35.7	2.0	14
2021105260	2025-04-05	12	0.0	2.0	0.0	0	1200	2	37.7	2.0	16
2021105260	2025-04-27	5	80.0	0.3	0.0	1	1200	0	34.7	2.0	14
2021105260	2025-06-14	8	0.0	1.0	0.0	1	1200	0	35.3	2.0	14
2021105260	2025-06-28	5	111.0	0.4	0.0	1	1200	0	34.3	5.0	8
2021105260	2025-07-19	2	320.0	0.2	0.0	1	1200	0	34.6	2.0	16
2021105260	2025-07-26	1	800.0	0.0	1.0	1	1200	0	34.0	2.0	8
2021105260	2025-09-06	16	0.0	1.6	1.0	1	1200	0	35.8	3.0	16
2021105260	2025-11-09	9	0.0	0.7	1.0	1	1400	0	33.6	3.0	18
2021105260	2026-01-17	15	0.0	1.1	0.0	1	1200	0	34.0	3.0	16
2021105295	2023-07-16	9	0.0	2.0	1.0	1	1800	2	38.2	0.0	14
2021105295	2023-08-06	1	550.0	0.0	3.0	1	1500	1	38.6	1.0	14
2021105295	2023-10-07	4	500.0	0.4	0.0	1	1600	0	34.6		9
2021105295	2023-11-19	4	160.0	0.6	0.0	1	1400	0	35.2	2.0	8
2021105295	2024-08-25	3	200.0	0.4	0.0	1	1500	0	36.2	2.0	14
2021105295	2024-09-21	16	0.0	1.5	0.0	1	1200	0	33.5	5.0	16
2021105295	2024-10-27	5	80.0	0.1	1.0	1	1400	0	33.7	2.0	18
2021105295	2025-12-07	1	800.0	0.0	0.0	1	1400	0	34.0	2.0	18
2021105295	2025-12-21	5	155.0	0.3	1.0	1	1400	2	35.0	5.0	18
2021105295	2026-01-17	5	119.0	0.5	0.0	1	1600	0	34.5	3.0	18
2021105431	2023-07-09	1	720.0	0.0	0.0	1	2000	0	36.4	0.0	11
2021105431	2023-09-23	3	402.2	0.2	0.0	1	1800	0	35.0	5.0	7
2021105431	2023-11-12	6	0.0	0.4	1.0	1	2000	0	35.5	2.0	7
2021105431	2023-12-02	8	0.0	0.8	0.0	1	2000	0	34.3	2.0	9
2021105431	2024-01-28	2	436.4	0.1	2.0	0	1700	0	38.3	2.0	10
2021105431	2024-03-02	6	0.0	2.9	1.0	0	1800	2	40.8	2.0	6
2021105431	2024-07-06	3	200.0	0.4	0.0	0	1700	0	38.4	2.0	16
2021105431	2024-08-18	1	800.0	0.0	0.0	0	1400	0	36.5	2.0	16
2021105431	2024-09-29	2	460.0	0.0	1.0	0	1400	2	36.1	3.0	16
2021105431	2024-11-10	1	1140.0	0.0	0.0	0	1400	0	37.1	3.0	13
2021105431	2025-01-18	11	0.0	1.6	0.0	0	1400	0	36.6	4.0	16
2021105431	2025-03-15	10	0.0	0.9	2.0	0	1400	0	36.9	4.0	16
2021105431	2025-04-20	3	465.1	0.2	1.0	0	1400	0	37.2	4.0	16
2021105431	2025-05-25	3	465.1	0.4	1.0	0	1400	1	35.6	4.0	16
2021105431	2025-06-07	13	0.0	2.0	1.0	0	1400	0	36.4	4.0	16
2021105431	2025-11-23	9	0.0	0.6	0.0	0	1400	0	36.3	4.0	16
2021105431	2026-01-17	8	0.0	1.2	0.0	0	1400	0	36.8	4.0	16
2021105564	2023-11-11	3	180.0	0.5	0.0	1	1800	2	33.9	0.0	11
2021105564	2024-01-06	2	220.0	0.1	1.0	1	1800	0	35.0	1.0	17
2021105564	2024-01-27	2	220.0	0.1	1.0	1	1800	0	35.6	1.0	9
2021105564	2024-03-17	1	550.0	0.0	3.0	1	1800	0	34.4	1.0	13
2021105564	2024-04-06	4	810.0	0.2	1.0	1	1600	2	35.1		16
2021105564	2024-06-29	1	800.0	0.0	1.0	1	1800	0	37.0	2.0	12
2021105564	2024-07-27	18	0.0	2.1	1.0	1	1600	0	35.1	5.0	18
2021105564	2025-09-21	8	0.0	1.6	1.0	1	1600	0	35.9	5.0	9
2021105564	2026-01-17	1	1190.0	0.0	0.0	1	1600	0	34.2	3.0	18
2021105598	2023-06-25	4	110.0	1.2	1.0	1	1800	0	35.1	0.0	7
2021105598	2023-09-16	2	220.0	0.8	0.0	0	1400	0	38.9	1.0	16
2021105598	2023-10-15	1	550.0	0.0	0.0	0	1400	1	37.6	1.0	9
2021105598	2023-12-10	4	120.0	1.6	0.0	0	1800	0	39.4	2.0	16
2021105598	2024-01-20	4	120.0	1.1	1.0	0	1400	2	37.1	2.0	7
2021105598	2024-02-11	4	120.0	0.7	0.0	0	1600	2	37.6	2.0	15
2021105598	2024-08-11	1	800.0	0.0	0.0	0	1700	0	38.4	2.0	13
2021105598	2024-08-31	11	0.0	2.3	1.0	0	1700	1	37.9	3.0	13
2021105598	2024-10-20	4	170.0	0.6	0.0	0	1600	0	36.7	3.0	14
2021105598	2024-11-10	6	0.0	0.2	0.0	0	1400	0	37.0	3.0	13
2021105598	2024-12-22	3	290.0	0.4	0.0	0	1400	0	37.9	3.0	16
2021105598	2025-01-13	5	155.0	0.4	0.0	0	1400	0	37.6	5.0	16
2021105598	2025-02-02	5	114.0	1.3	2.0	0	1400	2	37.4	3.0	16
2021105598	2025-03-01	14	0.0	1.3	1.0	0	1700	0	37.7	5.0	15
2021105598	2025-05-17	9	0.0	1.3	1.0	0	1400	3	37.3	5.0	12
2021105598	2025-06-29	2	629.0	0.2	0.0	0	1700	0	37.3	3.0	15
2021105598	2025-09-07	1	1140.0	0.0	0.0	0	1400	0	36.8	3.0	12
2021105598	2025-09-20	7	0.0	0.5	1.0	0	1400	0	37.0	4.0	13
2021105598	2025-11-23	10	0.0	0.7	0.0	0	1400	0	36.9	4.0	16
2021105598	2025-12-21	2	749.6	0.0	3.0	0	1400	1	36.2	4.0	16
2021105598	2026-01-17	13	0.0	1.5	0.0	0	1400	0	37.4	4.0	16
2021105599	2024-03-17	9	0.0	0.8	0.0	1	1600	0	35.1	1.0	16
2021105599	2024-05-05	2	220.0	0.3	0.0	1	1800	0	35.2	1.0	18
2021105599	2024-08-11	8	0.0	0.9	0.0	1	1800	0	35.4	1.0	18
2021105599	2024-11-04	1	100.0	0.0	0.0	0	1600	2	39.3	10.0	10
2021105599	2024-12-04	1	100.0	0.0	0.0	0	1600	0	38.5	10.0	13
2021105599	2025-02-15	1	800.0	0.0	0.0	1	1600	0	35.2	2.0	16
2021105599	2025-04-27	1	1140.0	0.0	0.0	1	1400	0	33.4	3.0	14
2021105599	2025-06-22	4	280.0	0.2	0.0	1	1400	0	34.4	4.0	16
2021105599	2025-10-04	11	0.0	1.0	2.0	1	1400	0	34.9	4.0	15
2021105599	2025-12-07	1	1867.3	0.0	0.0	1	1200	0	33.9	4.0	12
2021105599	2026-01-17	12	0.0	0.7	0.0	1	1200	0	34.1	5.0	16
2021105608	2023-10-01	1	720.0	0.0	1.0	1	2000	2	35.2	0.0	9
2021105608	2023-11-25	10	0.0	0.9	0.0	1	2000	0	36.8		14
2021105608	2024-01-06	10	0.0	1.8	0.0	1	1600	0	36.2		10
2021105608	2024-03-23	5	78.0	0.5	3.0	1	1400	1	35.7	2.0	10
2021105608	2024-04-28	3	200.0	1.2	0.0	0	1400	0	38.7	2.0	12
2021105608	2024-05-18	2	310.0	0.0	0.0	0	1400	0	37.3	2.0	15
2021105608	2024-06-08	1	800.0	0.0	0.0	0	1400	0	37.2	2.0	15
2021105608	2024-08-31	1	1584.3	0.0	2.0	0	1400	3	36.8	5.0	15
2021105608	2024-09-21	9	0.0	1.1	1.0	0	1400	0	37.9	4.0	15
2021105608	2024-11-17	7	0.0	1.1	1.0	0	1400	0	38.4	4.0	15
2021105608	2025-01-18	8	0.0	1.0	0.0	0	1400	0	36.6	4.0	16
2021105608	2025-04-06	6	0.0	0.4	0.0	0	1200	0	37.3	4.0	11
2021105608	2025-06-15	18	0.0	7.8	0.0	1	1600	2	42.8	4.0	18
2021105608	2025-09-28	1	1877.8	0.0	0.0	0	1200	0	36.9	4.0	16
2021105608	2025-11-08	7	0.0	0.6	0.0	0	1200	0	35.7	5.0	16
2021105608	2026-01-17	8	0.0	0.3	0.0	1	1200	0	33.5	5.0	16
2021105677	2023-11-11	3	180.0	0.4	0.0	1	1600	1	36.1	0.0	11
2021105677	2023-12-03	5	55.0	0.9	0.0	0	1800	0	40.1	1.0	13
2021105677	2024-02-11	2	220.0	0.7	0.0	0	1200	0	36.9	1.0	16
2021105677	2024-02-24	1	550.0	0.0	1.0	0	1200	2	36.5	1.0	15
2021105677	2024-04-13	8	0.0	1.6	0.0	0	1200	0	38.1	2.0	15
2021105677	2024-06-22	12	0.0	2.7	1.0	0	1400	2	38.8	2.0	16
2021105677	2024-09-16	12	0.0	2.1	0.0	0	1400	2	38.1	2.0	15
2021105677	2024-12-07	3	200.0	0.5	0.0	0	1200	0	37.0	2.0	12
2021105677	2024-12-21	16	0.0	3.6	1.0	0	1400	0	39.7	2.0	16
2021105677	2025-03-22	16	0.0	4.3	0.0	0	1200	0	38.7	2.0	16
2021105677	2025-05-17	12	0.0	1.3	1.0	1	1400	2	36.8	2.0	16
2021105677	2025-06-08	14	0.0	3.9	1.0	1	1400	0	39.1	2.0	16
2021105677	2025-07-20	9	0.0	2.0	0.0	1	1800	0	37.9	2.0	10
2021105677	2025-10-04	14	0.0	1.6	1.0	0	1400	3	38.9	2.0	16
2021105677	2025-12-06	9	0.0	2.0	0.0	0	1200	0	38.7	2.0	13
2021105677	2026-01-17	11	0.0	7.2	0.0	2	2880	0	14.0	1.0	12
2021105749	2023-11-11	5	72.0	0.9	1.0	1	1600	0	35.1	0.0	14
2021105749	2024-02-17	3	140.0	0.3	1.0	0	1400	0	37.0	1.0	14
2021105749	2024-04-27	3	140.0	1.9	1.0	0	1400	2	36.0	1.0	16
2021105749	2024-06-15	2	220.0	0.5	0.0	0	1600	0	37.4	1.0	16
2021105749	2024-07-13	7	0.0	1.3	0.0	0	1700	1	39.9	1.0	15
2021105749	2024-08-24	4	83.0	1.4	1.0	0	1700	0	39.9	1.0	14
2021105749	2024-09-01	6	0.0	0.6	0.0	0	1700	1	38.6	1.0	14
2021105749	2024-12-10	1	70.0	0.0	0.0	0	1400	0	40.0	10.0	12
2021105749	2024-12-26	3	22.0	0.3	1.0	0	1400	0	39.7	11.0	12
2021105749	2025-01-22	1	110.0	0.0	0.0	0	1400	0	40.7	11.0	12
2021105749	2025-02-13	4	16.5	0.7	1.0	0	1500	2	40.7	11.0	12
2021105749	2025-03-11	3	26.0	1.3	1.0	0	1400	1	40.5	13.0	11
2021105749	2025-04-02	2	52.0	0.1	1.0	0	1400	0	39.6	13.0	10
2021105749	2025-04-29	3	32.5	0.5	0.0	0	1400	2	39.0	13.0	8
2021105749	2025-05-30	1	130.0	0.0	0.0	0	1230	0	39.1	5.0	10
2021105749	2025-09-20	5	80.0	0.5	1.0	0	1200	1	37.5	2.0	16
2021105749	2025-10-12	10	0.0	1.3	1.0	0	1400	0	36.6	2.0	15
2021105749	2025-12-07	9	0.0	1.4	0.0	0	1200	0	37.7	2.0	14
2021105749	2026-01-17	7	0.0	0.6	0.0	0	1200	0	37.2	2.0	16
2021105867	2023-06-25	3	180.0	1.0	1.0	1	1800	0	35.0	0.0	7
2021105867	2023-09-16	5	55.0	0.8	0.0	1	1800	0	33.8	1.0	9
2021105867	2023-10-07	3	140.0	0.2	0.0	1	2000	0	34.9	1.0	6
2021105867	2023-11-11	4	83.0	1.9	0.0	1	2000	1	38.2	1.0	10
2021105867	2023-11-26	1	550.0	0.0	1.0	1	2000	0	35.3	1.0	15
2021105867	2024-02-04	8	0.0	1.1	1.0	1	2400	0	34.1	2.0	9
2021105867	2024-02-24	9	0.0	1.5	0.0	1	2200	0	35.3		10
2021105867	2024-03-17	14	0.0	2.4	3.0	0	1800	0	38.6	2.0	15
2021105867	2024-04-20	7	0.0	0.7	0.0	1	2300	0	35.4	2.0	11
2021105867	2024-06-16	2	320.0	0.0	0.0	1	2400	0	34.9	2.0	11
2021105867	2024-06-29	7	0.0	2.0	1.0	1	2600	0	38.1	5.0	11
2021105867	2024-09-16	1	1132.4	0.0	1.0	1	2200	0	35.3	5.0	9
2021105867	2024-10-20	3	392.6	0.8	0.0	1	2200	0	35.4	5.0	8
2021105867	2024-11-09	5	114.0	0.7	0.0	1	2400	0	35.1	3.0	6
2021105867	2024-12-07	10	0.0	2.2	0.0	1	2400	0	36.9	3.0	10
2021105867	2025-01-05	10	0.0	2.5	0.0	1	2200	0	37.3	5.0	11
2021105867	2025-02-01	10	0.0	3.2	1.0	1	2400	0	37.1	5.0	10
2021105867	2025-05-04	10	0.0	3.9	0.0	0	1900	0	40.2	5.0	10
2021105867	2025-05-25	9	0.0	3.4	1.0	0	1900	1	38.7	3.0	9
2021105867	2025-09-28	11	0.0	2.3	1.0	1	2400	0	35.0	5.0	12
2021105867	2025-10-18	8	0.0	1.5	1.0	1	2200	0	34.0	5.0	9
2021105867	2025-12-27	6	0.0	1.1	0.0	1	2000	0	35.3	3.0	9
2021105867	2026-01-17	10	0.0	1.5	0.0	1	2000	0	35.5	5.0	10
2021106066	2023-12-16	1	720.0	0.0	1.0	0	1800	1	36.6	0.0	12
2021106066	2024-01-07	12	0.0	3.3	1.0	0	1800	0	42.9	2.0	13
2021106066	2024-07-14	6	0.0	1.2	2.0	0	1700	2	38.3	2.0	15
2021106066	2024-10-20	4	120.0	0.8	0.0	0	1600	0	37.5	2.0	12
2021106066	2024-11-16	6	0.0	0.5	1.0	0	1600	0	37.9	2.0	16
2021106066	2024-12-08	5	80.0	0.8	0.0	0	1400	0	39.7	2.0	16
2021106066	2025-03-16	12	0.0	1.5	2.0	0	1400	1	38.3	2.0	16
2021106066	2025-04-20	7	0.0	1.4	1.0	0	1700	0	38.8	2.0	15
2021106066	2025-06-07	5	80.0	0.6	1.0	0	1600	0	37.1	2.0	15
2021106066	2025-06-22	6	0.0	0.7	0.0	0	1400	0	36.6	2.0	16
2021106066	2025-11-02	5	80.0	0.9	1.0	0	1400	1	36.4	2.0	16
2021106066	2025-11-30	3	200.0	0.5	0.0	0	1400	0	37.3	2.0	16
2021106066	2025-12-28	4	120.0	0.8	0.0	0	1200	0	37.8	2.0	16
2021106066	2026-01-17	1	820.0	0.0	0.0	0	1200	0	37.2	2.0	16
2021106119	2023-09-10	8	0.0	1.8	0.0	0	1800	2	41.5	0.0	16
2021106119	2023-10-08	6	0.0	0.6	1.0	0	1400	0	36.8	1.0	16
2021106119	2024-01-14	3	140.0	0.1	0.0	0	1200	2	37.9	1.0	15
2021106119	2024-02-04	4	83.0	1.4	2.0	0	1400	0	37.5	1.0	16
2021106119	2024-02-25	1	550.0	0.0	2.0	0	1200	2	37.5	1.0	16
2021106119	2024-06-01	8	0.0	0.6	0.0	0	1400	1	36.0	2.0	16
2021106119	2024-07-13	5	80.0	0.4	0.0	0	1150	2	35.9	2.0	16
2021106119	2024-08-11	8	0.0	1.6	0.0	0	1200	0	37.1	2.0	15
2021106119	2024-09-28	6	0.0	0.5	1.0	0	1200	0	36.8	2.0	16
2021106119	2024-10-14	3	200.0	0.4	0.0	0	1200	0	36.5	2.0	8
2021106119	2024-10-26	5	80.0	0.6	0.0	0	1200	0	37.0	2.0	10
2021106119	2024-12-28	3	200.0	0.2	0.0	0	1200	0	37.5	2.0	16
2021106119	2025-01-18	7	0.0	0.2	0.0	0	1200	0	37.3	2.0	16
2021106119	2025-03-09	3	200.0	0.4	0.0	0	1200	1	37.3	2.0	16
2021106119	2025-03-30	2	320.0	0.0	0.0	0	1200	2	35.9	2.0	16
2021106119	2025-04-20	13	0.0	1.8	1.0	0	1200	0	37.8	2.0	16
2021106119	2025-07-06	4	120.0	1.9	0.0	0	1150	0	36.8	2.0	15
2021106119	2025-07-26	6	0.0	0.8	0.0	0	1200	0	36.9	2.0	14
2021106119	2025-09-21	6	0.0	1.2	0.0	0	1200	0	37.0	2.0	16
2021106119	2025-10-26	4	120.0	1.2	3.0	0	1200	2	36.1	2.0	13
2021106119	2025-11-15	7	0.0	0.9	0.0	0	1150	0	36.9	2.0	16
2021106119	2025-12-06	1	800.0	0.0	1.0	0	1200	0	36.5	2.0	16
2021106119	2026-01-04	4	180.0	0.5	0.0	0	1200	2	36.2	3.0	16
2021106119	2026-01-17	3	300.0	0.2	0.0	0	1200	0	36.7	3.0	16
2021106394	2023-12-24	1	720.0	0.0	0.0	0	1400	0	38.2	0.0	15
2021106394	2024-01-28	9	0.0	1.6	2.0	0	1700	0	39.2	2.0	10
2021106394	2024-02-11	7	0.0	1.7	0.0	0	1400	0	38.3	2.0	9
2021106394	2024-03-03	5	78.0	1.1	0.0	0	1400	2	38.5	2.0	11
2021106394	2024-10-12	13	0.0	2.4	0.0	0	1400	0	39.3	2.0	16
2021106394	2024-10-27	9	0.0	1.1	1.0	0	1400	0	38.1	2.0	15
2021106394	2024-11-23	15	0.0	2.1	1.0	0	1200	0	38.2	2.0	16
2021106394	2025-03-30	7	0.0	0.6	0.0	0	1400	0	37.7	2.0	13
2021106394	2025-08-09	12	0.0	2.3	0.0	0	1400	0	39.6	2.0	14
2021106394	2025-12-07	16	0.0	2.8	0.0	0	1400	0	40.1	2.0	16
2021106394	2026-01-17	10	0.0	6.3	0.0	2	2880	0	14.0	1.0	12
2021106587	2023-09-17	1	720.0	0.0	0.0	0	1800	0	39.7	0.0	8
2021106587	2023-11-03	5	245.0	3.2	0.0	0	1800	2	42.3	10.0	12
2021106587	2024-02-11	5	78.0	0.9	0.0	0	1600	2	38.4	2.0	15
2021106587	2024-04-21	1	780.0	0.0	0.0	0	1400	0	36.5	2.0	16
2021106587	2024-06-22	1	1587.8	0.0	0.0	0	1400	1	36.3	5.0	16
2021106587	2024-10-13	5	184.0	0.7	0.0	0	1400	0	36.3	4.0	16
2021106587	2024-11-10	5	184.0	1.1	1.0	0	1400	0	37.5	4.0	14
2021106587	2025-02-15	2	750.2	0.1	0.0	0	1400	0	35.9	4.0	16
2021106587	2025-04-26	7	0.0	1.2	1.0	0	1400	2	35.9	4.0	16
2021106587	2025-08-03	2	749.8	0.0	0.0	0	1400	0	37.3	4.0	16
2021106587	2025-08-23	8	0.0	0.8	0.0	0	1400	0	37.4	4.0	16
2021106587	2025-10-19	2	750.2	0.3	1.0	0	1400	0	35.5	4.0	16
2021106587	2025-11-29	3	465.0	0.2	1.0	0	1400	0	36.2	4.0	16
2021106587	2026-01-17	1	1903.6	0.0	0.0	0	1400	0	36.1	4.0	16
2021106724	2023-10-09	6	0.0	0.6	3.0	0	1400	3	38.6	0.0	15
2021106724	2023-11-19	16	0.0	3.2	0.0	0	1400	2	40.8	1.0	16
2021106724	2024-02-11	5	55.0	0.6	0.0	0	1400	2	38.0	1.0	16
2021106724	2024-03-02	5	55.0	1.2	0.0	0	1200	1	38.3	1.0	16
2021106724	2024-03-23	1	550.0	0.0	1.0	0	1200	0	37.8	1.0	16
2021106724	2024-06-30	12	0.0	0.8	3.0	1	1200	0	34.9	2.0	16
2021106724	2024-09-07	2	320.0	0.1	0.0	0	1200	0	37.1	2.0	16
2021106724	2024-09-29	2	320.0	0.3	1.0	0	1200	0	36.9	2.0	16
2021106724	2024-10-26	9	0.0	1.1	0.0	0	1200	0	37.4	2.0	11
2021106724	2025-03-16	2	320.0	0.6	3.0	0	1200	3	37.1	2.0	16
2021106724	2025-04-13	4	120.0	1.0	3.0	0	1200	2	37.1	2.0	16
2021106724	2025-07-05	13	0.0	4.5	0.0	0	1700	2	42.5	2.0	14
2021106724	2025-10-25	10	0.0	1.5	0.0	0	1200	0	37.6	2.0	15
2021106724	2025-12-28	2	320.0	0.3	0.0	0	1200	0	37.5	2.0	16
2021106724	2026-01-17	13	0.0	1.2	0.0	0	1200	0	37.6	2.0	16
2021106936	2024-01-20	8	0.0	1.2	2.0	0	1200	2	37.5	0.0	16
2021106936	2024-03-02	6	0.0	1.0	0.0	0	1000	1	35.7	1.0	14
2021106936	2024-03-16	3	140.0	0.4	0.0	0	1200	0	38.7	1.0	16
2021106936	2024-04-21	1	550.0	0.0	1.0	0	1200	0	37.7	1.0	16
2021106936	2024-06-30	2	320.0	0.1	1.0	0	1000	1	34.2	2.0	14
2021106936	2024-07-28	2	320.0	0.0	1.0	0	1200	2	37.7	2.0	15
2021106936	2024-08-18	5	80.0	0.8	0.0	0	1200	0	37.1	2.0	16
2021106936	2024-10-12	8	0.0	0.8	0.0	0	1200	0	37.3	2.0	14
2021106936	2024-10-26	1	800.0	0.0	0.0	0	1200	0	36.1	2.0	11
2021106936	2024-12-14	9	0.0	1.0	1.0	0	1200	0	36.3	5.0	16
2021106936	2025-01-12	13	0.0	1.4	1.0	0	1200	0	37.5	3.0	16
2021106936	2025-03-15	5	155.0	0.4	2.0	0	1200	0	36.4	5.0	16
2021106936	2025-04-12	2	460.0	0.2	0.0	0	1200	0	36.3	3.0	16
2021106936	2025-05-18	4	170.0	0.7	1.0	0	1200	2	35.2	3.0	16
2021106936	2025-06-01	11	0.0	0.9	0.0	0	1200	0	36.4	3.0	16
2021106936	2025-08-02	7	0.0	1.2	0.0	0	1200	0	37.3	5.0	14
2021106936	2025-09-15	6	0.0	1.0	0.0	0	1200	0	36.0	5.0	13
2021106936	2025-11-15	4	230.0	0.5	0.0	0	1200	0	35.3	5.0	15
2021106936	2025-12-06	8	0.0	1.1	0.0	0	1200	0	36.5	3.0	13
2021106936	2026-01-17	13	0.0	1.1	0.0	0	1200	0	37.6	3.0	16
2021107192	2023-07-02	13	0.0	2.5	0.0	1	1800	0	37.2	0.0	16
2021107192	2023-07-16	6	0.0	0.9	0.0	1	1800	0	36.9	1.0	13
2021107192	2023-08-05	10	0.0	1.4	0.0	1	2000	0	35.1	1.0	12
2021107192	2023-08-20	6	0.0	1.7	0.0	1	1800	0	36.1	1.0	9
2021107192	2023-09-02	1	550.0	0.0	1.0	0	1800	0	38.5	1.0	15
2021107192	2023-11-05	2	436.6	0.0	0.0	0	1800	0	38.3	2.0	11
2021107192	2024-01-07	1	780.0	0.0	1.0	0	1800	0	38.5	2.0	13
2021107192	2024-03-23	2	727.0	0.0	2.0	0	1800	0	37.2	5.0	11
2021107192	2024-04-27	6	0.0	1.6	1.0	0	1900	0	38.6		16
2021107192	2024-08-04	10	0.0	2.4	0.0	0	1800	0	38.4		15
2021107192	2024-09-29	2	460.0	0.7	1.0	0	1800	0	37.5	3.0	13
2021107192	2024-10-13	10	0.0	1.6	0.0	0	2100	0	36.9	3.0	16
2021107192	2024-12-07	2	460.0	0.0	0.0	0	1800	0	37.7	3.0	16
2021107192	2024-12-28	4	230.0	1.2	0.0	0	1800	0	38.1	3.0	16
2021107192	2025-01-25	5	155.0	0.8	1.0	0	1800	0	37.7	3.0	13
2021107192	2025-04-05	6	0.0	1.1	0.0	0	1800	2	37.9	3.0	16
2021107192	2025-05-04	3	393.5	0.6	0.0	0	1900	0	36.9	5.0	10
2021107192	2025-06-07	5	155.0	0.9	1.0	0	1800	0	36.7	5.0	9
2021107192	2025-07-12	3	290.0	0.5	1.0	0	1700	0	38.0	3.0	15
2021107192	2025-10-25	2	630.6	0.5	1.0	0	1800	0	36.4	5.0	15
2021107192	2025-11-23	3	290.0	0.4	1.0	0	1600	0	35.1	3.0	16
2021107192	2025-12-13	1	1590.6	0.0	1.0	0	1800	0	36.6	5.0	16
2021107192	2026-01-17	5	187.0	1.1	0.0	0	1800	0	37.0	4.0	16
2021107255	2023-07-22	7	0.0	2.2	0.0	0	1700	0	40.3	0.0	10
2021107255	2023-08-05	3	140.0	1.0	1.0	0	1700	3	39.8	1.0	14
2021107255	2023-08-19	6	0.0	1.3	0.0	0	1700	0	39.8	1.0	14
2021107255	2024-01-27	8	0.0	1.3	0.0	0	1700	0	40.5	1.0	12
2021107255	2024-03-06	1	150.0	0.0	1.0	0	1500	1	41.0	5.0	12
2021107255	2024-03-31	7	0.0	0.7	1.0	1	1600	0	34.4	2.0	9
2021107255	2024-04-20	6	0.0	0.8	1.0	1	1800	0	33.7	2.0	7
2021107255	2024-06-15	11	0.0	1.7	0.0	1	2000	0	38.0	5.0	12
2021107255	2024-06-30	5	80.0	0.6	1.0	1	1800	0	35.4	2.0	15
2021107255	2024-07-14	11	0.0	1.2	0.0	1	1800	0	35.9	5.0	13
2021107255	2024-09-01	12	0.0	1.3	0.0	1	1800	2	36.6	2.0	14
2021107255	2024-10-10	4	30.0	1.3	0.0	0	1870	2	40.6	5.0	8
2021107255	2024-11-30	9	0.0	1.5	0.0	1	1600	0	36.0	2.0	16
2021107255	2025-02-01	5	80.0	0.7	1.0	0	1400	0	36.5	2.0	15
2021107255	2025-03-01	7	0.0	0.7	0.0	0	1400	0	37.1	2.0	16
2021107255	2025-08-24	2	320.0	0.1	0.0	0	1400	0	37.4	2.0	14
2021107255	2025-09-15	5	80.0	0.4	0.0	0	1400	0	36.3	2.0	15
2021107255	2025-10-11	6	0.0	1.0	0.0	0	1400	0	37.0	2.0	16
2021107255	2025-12-07	6	0.0	0.4	0.0	0	1400	0	36.5	2.0	16
2021107255	2026-01-17	8	0.0	1.0	0.0	0	1400	0	36.9	2.0	15
2021110023	2023-07-01	4	110.0	1.0	1.0	1	1200	1	35.2	0.0	7
2021110023	2023-07-23	5	55.0	1.2	0.0	0	1150	0	38.8	1.0	13
2021110023	2023-10-21	2	220.0	0.1	3.0	1	1000	1	34.6	1.0	18
2021110023	2023-11-05	2	220.0	0.9	1.0	1	1200	0	36.6	1.0	16
2021110023	2024-01-14	6	0.0	0.9	0.0	1	1200	0	35.5	1.0	17
2021110023	2024-02-24	1	550.0	0.0	0.0	1	1200	1	35.1	1.0	18
2021110023	2024-03-16	7	0.0	0.9	0.0	1	1200	0	34.8	2.0	10
2021110023	2024-04-07	3	200.0	0.3	0.0	1	1200	1	35.1	2.0	13
2021110023	2025-01-12	12	0.0	1.6	1.0	1	1400	0	36.1	2.0	18
2021110023	2025-04-12	8	0.0	0.7	0.0	1	1200	0	34.3	2.0	16
2021110023	2025-06-08	4	120.0	0.5	1.0	1	1400	0	35.8	2.0	16
2021110023	2025-06-28	6	0.0	0.8	0.0	1	1200	0	35.2	2.0	14
2021110023	2025-07-20	3	200.0	0.1	0.0	1	1200	0	35.5	2.0	12
2021110023	2025-08-03	1	800.0	0.0	0.0	1	1400	0	34.1	2.0	18
2021110023	2025-10-05	10	0.0	0.6	1.0	1	1400	0	34.6	3.0	17
2021110023	2025-10-25	10	0.0	0.6	3.0	1	1400	2	34.9	5.0	12
2021110023	2025-11-16	11	0.0	0.3	0.0	1	1400	0	34.6	3.0	15
2021110023	2026-01-17	6	0.0	0.4	0.0	1	1200	0	33.8	3.0	16
2021110058	2025-01-02	1	56.0	0.0	0.0	0	1400	0	39.5	9.0	12
2021110058	2025-01-23	2	24.5	0.0	0.0	0	1400	0	39.9	10.0	10
2021110058	2025-02-26	1	70.0	0.0	0.0	0	1400	0	39.0	10.0	8
2021110058	2025-04-03	1	70.0	0.0	0.0	0	1400	0	39.3	10.0	10
2021110058	2025-05-06	1	100.0	0.0	1.0	0	1400	1	39.2	11.0	11
2021110058	2025-11-08	9	0.0	1.4	0.0	0	1700	0	39.8	2.0	15
2021110058	2026-01-17	9	0.0	1.1	0.0	0	1400	0	37.7	2.0	15
2021110123	2023-09-23	12	0.0	2.5	0.0	1	1600	0	36.9	0.0	13
2021110123	2023-11-26	7	0.0	1.4	1.0	0	1200	0	38.1	1.0	16
2021110123	2023-12-09	2	220.0	0.4	0.0	0	1800	0	38.9	1.0	10
2021110123	2024-01-06	5	55.0	0.8	0.0	0	1800	0	39.8	1.0	16
2021110123	2024-01-28	2	220.0	0.2	0.0	0	1700	0	39.4	1.0	11
2021110123	2024-04-07	1	550.0	0.0	0.0	0	1700	0	39.4	1.0	15
2021110123	2024-04-27	13	0.0	3.0	0.0	0	1800	0	40.2	2.0	14
2021110123	2024-07-21	12	0.0	2.1	0.0	0	1700	2	39.5	2.0	15
2021110123	2024-10-20	6	0.0	1.1	0.0	0	1200	2	36.9	2.0	13
2021110123	2024-11-09	7	0.0	1.2	0.0	0	1200	0	35.7	2.0	16
2021110123	2024-11-30	5	80.0	1.0	0.0	0	1400	0	37.1	2.0	16
2021110123	2024-12-21	6	0.0	1.1	1.0	0	1400	0	37.5	2.0	16
2021110123	2025-02-08	4	120.0	0.8	5.0	0	1700	2	37.7	2.0	15
2021110123	2025-04-20	3	200.0	1.3	1.0	0	1700	0	38.7	2.0	15
2021110123	2025-07-06	7	0.0	1.2	0.0	0	1700	0	38.2	2.0	16
2021110123	2025-10-11	4	120.0	0.2	0.0	0	1400	0	36.8	2.0	16
2021110123	2025-11-01	6	0.0	0.8	0.0	0	1400	1	36.8	2.0	16
2021110123	2025-12-28	6	0.0	1.0	0.0	0	1400	0	37.6	2.0	16
2021110123	2026-01-17	10	0.0	1.2	0.0	0	1400	0	37.0	2.0	15
2021110134	2023-10-09	1	720.0	0.0	3.0	0	1400	3	37.9	0.0	15
2021110134	2023-12-10	16	0.0	8.0	0.0	0	1800	0	45.0	2.0	16
2021110134	2024-02-25	9	0.0	2.4	2.0	0	1200	3	37.3	2.0	10
2021110134	2024-03-10	7	0.0	1.6	0.0	0	1400	0	38.1	5.0	9
2021110134	2024-04-20	10	0.0	2.0	0.0	0	1600	0	38.0	2.0	16
2021110134	2024-05-18	9	0.0	4.3	0.0	0	1600	0	39.8	2.0	10
2021110134	2024-06-27	6	0.0	2.8	1.0	0	1400	0	40.6	5.0	9
2021110134	2024-11-16	9	0.0	1.0	2.0	0	1400	0	38.0	2.0	16
2021110134	2024-11-26	2	160.0	0.3	0.0	0	1700	0	39.4	13.0	12
2021110134	2024-12-28	13	0.0	2.8	0.0	0	1800	0	41.1	2.0	16
2021110134	2025-02-05	4	60.0	1.0	0.0	0	1600	2	40.9	13.0	11
2021110134	2025-11-08	4	120.0	0.8	0.0	0	1300	0	37.2	2.0	16
2021110134	2025-11-23	12	0.0	2.0	0.0	0	1400	0	39.0	2.0	16
2021110134	2026-01-17	13	0.0	2.0	0.0	0	1400	0	38.5	2.0	15
2022100018	2024-10-26	2	290.0	0.6	1.0	0	1400	0	37.1	0.0	16
2022100018	2024-11-10	1	550.0	0.0	0.0	0	1400	0	38.3	1.0	16
2022100018	2024-12-21	5	107.0	0.6	1.0	1	1400	0	34.1	2.0	12
2022100018	2025-10-26	4	120.0	0.4	1.0	0	1400	1	36.7	2.0	11
2022100018	2025-11-23	1	800.0	0.0	0.0	0	1400	0	36.2	2.0	16
2022100018	2026-01-17	3	300.0	0.2	0.0	1	1600	0	34.0	3.0	18
2022100084	2024-07-07	1	720.0	0.0	0.0	1	2000	0	34.7	0.0	11
2022100084	2024-08-11	7	0.0	5.7	0.0	1	1800	0	40.4	5.0	7
2022100084	2024-09-28	1	1620.3	0.0	1.0	1	2000	0	35.1	5.0	9
2022100084	2024-12-28	7	0.0	1.0	0.0	1	2000	0	36.0		18
2022100084	2025-02-09	9	0.0	2.1	0.0	1	1800	2	37.8		10
2022100084	2025-03-16	8	0.0	0.6	2.0	1	1800	1	38.0		12
2022100084	2025-04-12	8	0.0	0.9	0.0	1	1600	0	34.6		14
2022100084	2025-08-02	5	155.0	0.5	0.0	1	1800	0	35.0	5.0	14
2022100084	2025-08-24	3	395.2	0.1	0.0	1	1800	0	35.4	3.0	14
2022100084	2025-10-13	7	0.0	0.8	1.0	1	1800	0	33.6	5.0	10
2022100084	2025-11-01	7	0.0	0.8	0.0	1	2000	0	34.5	5.0	11
2022100084	2026-01-17	1	1603.8	0.0	0.0	1	2000	0	34.5	5.0	10
2022100204	2024-10-27	4	110.0	0.9	1.0	1	1600	0	35.5	0.0	10
2022100204	2024-11-16	1	550.0	0.0	1.0	0	1400	0	38.4	1.0	13
2022100204	2025-01-12	2	320.0	0.0	1.0	0	1400	0	36.6	2.0	16
2022100204	2025-02-16	1	800.0	0.0	1.0	0	1400	2	36.7	2.0	11
2022100204	2025-10-05	2	460.0	0.1	1.0	0	1400	1	36.1	3.0	16
2022100204	2025-10-26	1	1589.9	0.0	1.0	0	1400	1	36.3	5.0	16
2022100204	2025-12-21	3	464.8	0.1	3.0	0	1400	1	36.6	4.0	16
2022100204	2026-01-17	5	187.0	0.8	0.0	0	1400	0	36.1	4.0	16
2022100381	2025-03-29	10	0.0	2.3	0.0	0	1400	2	40.7	1.0	16
2022100381	2025-05-31	1	560.0	0.0	1.0	1	1800	0	34.6	1.0	18
2022100381	2025-07-19	7	0.0	1.8	0.0	1	2000	0	38.2	2.0	10
2022100381	2025-09-14	2	320.0	0.2	1.0	1	1600	0	33.6	2.0	14
2022100381	2025-11-01	1	800.0	0.0	0.0	1	1600	0	33.7	2.0	15
2022100381	2026-01-17	7	0.0	0.5	0.0	1	1600	0	34.8	3.0	18
2022100439	2025-01-11	5	62.0	1.6	0.0	0	1800	0	38.8	0.0	16
2022100439	2025-02-02	3	140.0	0.4	1.0	0	1800	2	39.5	1.0	12
2022100439	2025-03-09	4	84.0	1.2	0.0	0	1800	0	38.3	1.0	15
2022100439	2025-03-23	2	220.0	1.0	0.0	0	1800	0	39.7	1.0	11
2022100439	2025-05-18	1	560.0	0.0	0.0	0	1800	1	37.9	1.0	12
2022100439	2025-05-31	3	483.1	0.4	1.0	0	1800	0	36.5		9
2022100439	2025-07-13	8	0.0	1.4	1.0	0	1700	0	40.0	2.0	16
2022100439	2025-07-26	2	624.4	0.2	0.0	0	1800	0	38.0	5.0	7
2022100439	2025-09-21	6	0.0	0.4	1.0	0	1800	0	37.8	2.0	13
2022100439	2025-10-13	6	0.0	1.9	0.0	0	1800	0	38.9	2.0	13
2022100439	2025-10-26	3	200.0	0.7	1.0	0	1800	1	36.3	2.0	12
2022100439	2025-12-06	4	120.0	0.4	0.0	0	1800	0	38.0	2.0	14
2022100439	2026-01-04	2	330.0	0.5	1.0	0	1800	0	37.2	2.0	10
2022100439	2026-01-17	3	210.0	1.2	0.0	0	1800	0	37.7	2.0	8
2022100655	2024-08-10	3	180.0	0.5	0.0	1	1500	0	35.0	0.0	7
2022100655	2024-08-25	4	83.0	0.3	0.0	1	1500	0	34.8	1.0	7
2022100655	2024-11-24	14	0.0	1.5	1.0	1	1600	0	35.9	1.0	18
2022100655	2024-12-14	5	55.0	1.0	0.0	1	2000	0	35.4	1.0	18
2022100655	2025-01-12	3	140.0	1.0	1.0	1	2000	0	37.3	1.0	18
2022100655	2025-02-23	5	56.0	0.3	2.0	1	2000	0	35.9	1.0	13
2022100655	2025-03-16	3	140.0	0.1	2.0	1	2000	2	37.2	1.0	16
2022100655	2025-05-11	2	220.0	0.1	1.0	1	2200	0	34.2	1.0	12
2022100655	2025-05-25	1	560.0	0.0	1.0	1	2200	1	35.5	1.0	14
2022100655	2025-06-21	7	0.0	0.7	0.0	1	2400	0	35.5	2.0	10
2022100655	2025-09-21	7	0.0	0.7	0.0	1	2000	0	34.7	2.0	13
2022100655	2025-10-05	8	0.0	0.9	2.0	1	2000	2	35.6	2.0	12
2022100655	2025-11-02	12	0.0	1.2	0.0	1	2200	0	35.6	2.0	16
2022100655	2026-01-17	5	82.0	1.9	0.0	0	1800	0	38.2	2.0	8
2022100997	2025-03-08	11	0.0	5.8	0.0	0	1800	0	41.9	1.0	12
2022100997	2025-04-24	4	21.0	0.8	0.0	0	1500	2	40.2		11
2022100997	2025-05-10	3	140.0	0.5	2.0	0	1600	1	36.0	1.0	15
2022100997	2025-05-25	11	0.0	1.9	1.0	0	1400	3	37.1	1.0	16
2022100997	2025-06-21	4	84.0	1.6	0.0	0	1700	0	39.1	1.0	13
2022100997	2025-07-13	7	0.0	2.4	0.0	0	1700	0	40.8	1.0	13
2022100997	2025-07-26	2	220.0	0.3	1.0	0	1700	0	38.8	1.0	14
2022100997	2025-08-10	2	220.0	0.1	0.0	0	1700	2	39.9	1.0	14
2022100997	2025-08-24	1	560.0	0.0	0.0	0	1700	0	38.7	1.0	14
2022100997	2025-09-07	5	80.0	1.2	0.0	0	1700	2	39.9	2.0	14
2022100997	2026-01-05	14	0.0	4.6	0.0	0	1800	0	42.4	2.0	15
2022100997	2026-01-17	7	0.0	3.0	0.0	0	1800	0	39.6	2.0	8
2022101062	2025-01-25	1	620.0	0.0	0.0	0	1800	0	39.0	0.0	16
2022101062	2025-06-08	10	0.0	3.1	1.0	0	1800	0	39.6	2.0	13
2022101062	2025-09-28	10	0.0	1.2	0.0	0	1400	0	38.4	2.0	16
2022101062	2025-10-19	12	0.0	1.7	1.0	0	1800	1	38.3	2.0	15
2022101062	2025-12-07	3	200.0	0.1	0.0	0	1400	0	36.5	2.0	16
2022101062	2025-12-28	9	0.0	1.5	0.0	0	1400	0	37.9	2.0	16
2022101062	2026-01-17	5	82.0	0.7	0.0	0	1400	0	36.2	2.0	15
2022101203	2024-07-21	6	0.0	1.2	0.0	1	1800	0	35.6	0.0	8
2022101203	2024-08-03	3	140.0	0.2	1.0	1	1500	0	35.3	1.0	10
2022101203	2024-08-25	5	55.0	0.3	0.0	1	1500	0	35.1	1.0	7
2022101203	2024-11-30	7	0.0	1.3	1.0	1	1200	0	35.6	1.0	17
2022101203	2024-12-08	7	0.0	2.0	0.0	1	1600	0	37.6	1.0	10
2022101203	2025-03-01	13	0.0	1.4	1.0	1	1800	0	36.9	1.0	16
2022101203	2025-03-29	1	60.0	0.0	1.0	0	1400	2	39.3	11.0	11
2022101203	2025-04-22	1	70.0	0.0	0.0	0	1400	0	39.0	13.0	9
2022101203	2025-05-12	1	80.0	0.0	1.0	0	1400	1	38.1	14.0	7
2022101203	2025-05-25	1	80.0	0.0	2.0	0	1600	3	38.0	14.0	8
2022101203	2025-06-22	6	0.0	0.8	1.0	0	1600	0	40.1	14.0	9
2022101203	2025-07-06	2	122.5	0.2	1.0	1	1700	0	35.8	18.0	12
2022101203	2025-08-31	14	0.0	3.1	1.0	1	2600	2	38.4	5.0	14
2022101203	2025-11-24	10	0.0	0.8	1.0	1	2000	0	35.0	2.0	16
2022101203	2025-12-27	7	0.0	0.3	1.0	1	2200	0	35.2	2.0	18
2022101203	2026-01-17	9	0.0	1.2	0.0	1	2200	0	35.7	2.0	12
2022101290	2024-07-21	4	110.0	0.6	0.0	1	1200	0	35.7	0.0	11
2022101290	2024-08-11	4	83.0	0.6	0.0	1	1400	0	36.0	1.0	14
2022101290	2024-09-01	1	550.0	0.0	0.0	1	1400	0	34.6	1.0	12
2022101290	2024-11-02	11	0.0	1.1	2.0	1	1400	2	36.0		14
2022101290	2025-08-09	12	0.0	1.1	0.0	0	1200	0	37.9	2.0	15
2022101290	2025-11-15	1	800.0	0.0	0.0	1	1200	0	35.7	2.0	16
2022101290	2025-12-06	6	0.0	0.3	0.0	1	1200	0	33.6	3.0	13
2022101290	2026-01-17	4	180.0	0.1	0.0	1	1200	0	33.7	3.0	16
2022101464	2024-09-15	1	720.0	0.0	0.0	1	1600	0	34.2	0.0	16
2022101464	2024-11-17	2	435.0	0.1	0.0	1	1600	0	33.4	2.0	7
2022101464	2025-01-12	9	0.0	1.7	1.0	1	1600	0	35.9		16
2022101464	2025-02-15	12	0.0	2.4	0.0	1	1600	0	36.1		14
2022101464	2025-07-13	7	0.0	0.7	0.0	1	1800	0	36.1	2.0	13
2022101464	2025-08-16	9	0.0	1.7	0.0	1	1800	0	34.0	5.0	11
2022101464	2025-09-07	9	0.0	0.5	0.0	1	1200	0	33.6	2.0	16
2022101464	2025-11-22	10	0.0	0.5	0.0	1	1200	0	34.5	2.0	16
2022101464	2025-12-13	1	800.0	0.0	1.0	0	1200	0	36.9	2.0	16
2022101464	2026-01-17	16	0.0	1.7	0.0	1	1200	0	35.1	3.0	16
2022102062	2024-11-09	3	180.0	3.0	0.0	0	1800	0	38.1	0.0	15
2022102062	2024-12-01	1	550.0	0.0	0.0	0	1800	0	37.0	1.0	12
2022102062	2025-01-26	2	320.0	0.1	0.0	0	1800	0	37.0	2.0	8
2022102062	2025-02-16	8	0.0	1.5	0.0	0	1600	0	37.9	2.0	11
2022102062	2025-04-06	6	0.0	0.8	2.0	0	1800	2	39.5	2.0	14
2022102062	2025-05-03	2	449.6	0.7	0.0	0	1800	2	37.7	2.0	15
2022102062	2025-05-25	6	0.0	1.4	1.0	0	1800	1	37.1	2.0	16
2022102062	2025-08-23	1	800.0	0.0	0.0	0	1800	0	38.2	2.0	11
2022102062	2025-10-25	4	230.0	1.1	1.0	0	1800	0	37.3	5.0	15
2022102062	2025-11-09	4	230.0	0.2	2.0	0	1700	0	37.6	3.0	15
2022102062	2025-12-13	1	1140.0	0.0	1.0	0	1800	0	38.2	3.0	15
2022102062	2025-12-21	3	465.5	0.4	1.0	0	1800	1	36.7	4.0	15
2022102062	2026-01-17	6	0.0	1.2	0.0	0	1800	0	38.0	4.0	16
2022102127	2024-12-14	5	72.0	2.1	1.0	0	1200	0	37.0	0.0	14
2022102127	2025-01-13	15	0.0	3.6	0.0	0	1400	0	40.2	1.0	16
2022102127	2025-02-16	2	220.0	0.3	1.0	0	1400	2	37.4	1.0	16
2022102127	2025-03-09	2	220.0	0.5	0.0	0	1400	0	38.8	1.0	16
2022102127	2025-04-06	3	140.0	0.4	0.0	0	1400	0	37.8	1.0	16
2022102127	2025-05-03	2	220.0	0.1	0.0	0	1400	1	35.4	1.0	16
2022102127	2025-05-31	6	0.0	0.2	1.0	0	1400	0	36.5	1.0	16
2022102127	2025-08-02	1	560.0	0.0	0.0	0	1400	0	37.6	1.0	16
2022102127	2025-10-04	3	200.0	0.2	1.0	0	1400	3	35.8	2.0	16
2022102127	2025-11-01	2	320.0	0.2	0.0	0	1400	1	36.2	2.0	16
2022102127	2025-11-30	2	320.0	0.3	0.0	0	1400	0	37.7	2.0	16
2022102127	2025-12-28	2	320.0	0.6	0.0	0	1400	0	37.1	2.0	16
2022102127	2026-01-17	2	330.0	0.2	0.0	0	1400	0	36.1	2.0	15
2022102280	2025-01-12	3	160.0	1.6	1.0	0	1800	0	39.5	0.0	16
2022102280	2025-01-25	1	560.0	0.0	1.0	0	1800	0	38.7	1.0	16
2022102280	2025-03-15	2	320.0	0.2	1.0	0	1800	0	38.1	2.0	13
2022102280	2025-04-06	11	0.0	1.9	2.0	0	1800	2	41.0	2.0	14
2022102280	2025-05-03	5	111.0	1.5	0.0	0	1800	2	38.0	2.0	15
2022102280	2025-06-29	1	800.0	0.0	0.0	0	1700	0	40.2	2.0	11
2022102280	2025-08-24	4	230.0	1.0	0.0	0	1700	0	38.4	3.0	14
2022102280	2025-09-07	2	629.0	0.3	0.0	0	1700	2	37.7	5.0	14
2022102280	2025-09-28	1	1140.0	0.0	0.0	0	1800	0	38.4	3.0	16
2022102280	2025-12-07	3	464.8	0.4	0.0	0	1800	0	38.0	4.0	16
2022102280	2026-01-17	1	1905.0	0.0	0.0	0	1800	0	37.4	4.0	16
2022102338	2024-10-14	2	290.0	0.1	0.0	0	1800	0	37.8	0.0	15
2022102338	2024-10-26	4	83.0	0.6	0.0	0	1800	0	38.0	1.0	12
2022102338	2024-11-23	3	140.0	0.5	0.0	1	1800	0	34.9	1.0	14
2022102338	2024-12-22	7	0.0	0.7	0.0	1	2000	0	36.7	1.0	18
2022102338	2025-04-06	2	220.0	0.1	2.0	1	1600	0	34.8	1.0	16
2022102338	2025-05-04	10	0.0	1.0	0.0	1	1600	0	35.4	1.0	15
2022102338	2025-05-25	1	560.0	0.0	1.0	1	1800	2	34.1	1.0	17
2022102338	2025-08-16	5	111.0	0.4	0.0	1	1800	0	35.4	5.0	12
2022102338	2025-08-24	7	0.0	1.3	0.0	1	2000	0	37.3	5.0	13
2022102338	2025-09-13	7	0.0	0.7	1.0	1	2000	2	34.1	2.0	16
2022102338	2025-11-09	13	0.0	2.4	2.0	0	1600	2	38.9	2.0	16
2022102338	2025-11-29	11	0.0	1.8	0.0	0	1600	0	37.3	2.0	16
2022102338	2026-01-17	8	0.0	0.6	0.0	1	2200	0	36.1	2.0	12
2022102360	2025-01-13	2	250.0	0.3	0.0	0	1200	0	37.3	0.0	15
2022102360	2025-02-01	2	220.0	0.1	1.0	0	1000	0	36.2	1.0	14
2022102360	2025-05-24	4	84.0	1.3	2.0	0	1200	0	35.8	1.0	16
2022102360	2025-06-21	4	84.0	0.6	0.0	0	1200	0	37.0	1.0	16
2022102360	2025-07-19	4	84.0	0.4	0.0	0	1000	1	35.3	1.0	14
2022102360	2025-08-16	3	140.0	0.2	0.0	0	1400	0	37.2	1.0	16
2022102360	2025-08-31	1	560.0	0.0	0.0	0	1400	0	38.1	1.0	16
2022102360	2025-12-20	7	0.0	0.6	2.0	0	1400	2	36.9	2.0	15
2022102360	2026-01-17	3	210.0	0.6	0.0	0	1400	0	36.8	2.0	15
2022102434	2024-10-26	1	720.0	0.0	1.0	1	1400	0	33.8	0.0	13
2022102434	2024-12-07	1	1095.2	0.0	1.0	1	1400	0	35.1	2.0	12
2022102434	2025-03-08	10	0.0	1.1	1.0	1	1400	0	36.3		18
2022102434	2025-04-12	7	0.0	0.7	0.0	1	1600	0	34.9		14
2022102434	2025-07-06	1	1574.5	0.0	0.0	1	1200	2	34.2	5.0	11
2022102434	2025-09-07	1	1868.0	0.0	0.0	1	1200	0	33.5	4.0	12
2022102434	2025-12-07	3	685.1	0.5	0.0	1	1200	0	33.7		16
2022102434	2026-01-17	5	230.0	0.3	0.0	1	1200	0	34.0	5.0	16
2022102763	2024-11-03	11	0.0	2.0	0.0	1	1800	0	35.1	0.0	12
2022102763	2024-11-09	12	0.0	2.1	0.0	1	1600	0	35.6	1.0	13
2022102763	2024-12-28	16	0.0	8.9	0.0	0	1800	0	46.3	1.0	16
2022102763	2025-07-12	16	0.0	13.0	1.0	1	2000	0	45.4	1.0	16
2022102763	2025-08-27	1	40.0	0.0	0.0	0	1000	0	38.2		11
2022102763	2025-09-11	4	5.6	1.3	1.0	0	1200	0	40.0	9.0	9
2022102763	2025-09-24	9	0.0	1.9	1.0	0	1200	0	39.2	9.0	12
2022102763	2025-10-08	1	55.0	0.0	0.0	0	1200	0	39.6	5.0	10
2022102763	2025-10-14	7	0.0	1.5	0.0	0	1200	2	40.3	5.0	11
2022102763	2025-10-28	9	0.0	1.9	0.0	0	1200	2	39.7	10.0	12
2022102763	2025-11-11	1	55.0	0.0	1.0	0	1200	2	38.7	10.0	15
2022102763	2026-01-17	16	0.0	7.1	0.0	0	1200	0	44.3	2.0	16
2022103053	2024-08-18	10	0.0	2.7	0.0	1	1800	0	36.3	0.0	12
2022103053	2024-10-13	5	55.0	1.0	0.0	1	2000	0	36.2	1.0	9
2022103053	2024-10-27	6	0.0	1.7	0.0	0	1800	0	40.2	1.0	13
2022103053	2025-02-22	4	84.0	1.1	0.0	0	1900	0	39.2	1.0	12
2022103053	2025-03-22	2	220.0	0.2	0.0	0	2000	0	38.7	1.0	11
2022103053	2025-06-28	2	220.0	0.2	0.0	0	2400	2	37.4	1.0	12
2022103053	2025-07-19	4	84.0	2.0	1.0	0	2400	0	38.9	1.0	12
2022103053	2025-08-17	3	140.0	0.7	3.0	0	2400	0	38.9	1.0	12
2022103053	2025-09-06	7	0.0	2.2	0.0	0	1800	1	40.7	1.0	16
2022103053	2025-09-27	13	0.0	1.0	0.0	1	2200	0	36.2	2.0	16
2022103053	2025-11-08	11	0.0	1.1	0.0	1	2000	0	35.3	2.0	14
2022103053	2025-12-06	6	0.0	1.2	0.0	0	1200	0	37.3	2.0	13
2022103053	2025-12-14	5	80.0	1.2	0.0	0	1400	2	37.4	2.0	16
2022103053	2026-01-17	11	0.0	1.7	0.0	0	1400	0	37.6	2.0	15
2022103146	2024-09-29	1	720.0	0.0	1.0	1	1200	0	34.4	0.0	16
2022103146	2024-12-07	2	438.0	0.1	0.0	1	1200	0	34.1	2.0	13
2022103146	2025-01-11	4	120.0	0.3	0.0	1	1200	0	35.7	2.0	7
2022103146	2025-03-16	2	320.0	0.2	3.0	1	1200	1	36.5	2.0	8
2022103146	2025-04-12	1	800.0	0.0	0.0	1	1200	0	33.6	2.0	11
2022103146	2025-05-31	8	0.0	0.3	1.0	1	1200	0	33.5		16
2022103146	2025-08-09	8	0.0	0.3	0.0	1	1400	0	33.5	3.0	11
2022103146	2025-10-05	3	290.0	0.4	1.0	1	1200	2	33.7	3.0	16
2022103146	2025-11-02	4	170.0	0.1	0.0	1	1400	0	32.7	3.0	12
2022103146	2026-01-17	1	1190.0	0.0	0.0	1	1200	0	33.0	3.0	16
2022103290	2025-01-05	11	0.0	3.3	0.0	0	1800	0	40.8	0.0	16
2022103290	2025-01-19	9	0.0	2.1	1.0	0	1800	0	39.1	1.0	13
2022103290	2025-02-01	3	140.0	1.1	0.0	0	1900	0	38.4	1.0	9
2022103290	2025-02-16	1	560.0	0.0	1.0	0	1900	2	39.6	1.0	10
2022103290	2025-03-08	4	120.0	1.1	0.0	0	1800	0	38.9	2.0	12
2022103290	2025-05-18	12	0.0	1.7	0.0	0	1800	1	37.7	2.0	13
2022103290	2026-01-12	9	0.0	1.2	0.0	0	1900	0	38.3	2.0	15
2022103290	2026-01-17	8	0.0	4.6	0.0	0	1800	0	41.4	2.0	8
2022103308	2024-07-06	7	0.0	1.4	1.0	1	1800	0	35.8	0.0	14
2022103308	2024-07-20	7	0.0	1.2	1.0	1	1800	0	37.0	1.0	16
2022103308	2024-09-15	6	0.0	1.3	0.0	1	2000	0	35.8	1.0	14
2022103308	2024-09-28	8	0.0	1.1	1.0	1	2000	0	35.6	5.0	9
2022103308	2024-10-20	6	0.0	0.6	0.0	1	2000	2	36.7	1.0	10
2022103308	2024-12-28	5	55.0	0.4	0.0	1	1800	0	35.4	1.0	16
2022103308	2025-01-18	9	0.0	1.3	0.0	1	2000	0	35.1	1.0	18
2022103308	2025-02-16	2	220.0	0.0	1.0	1	2000	0	35.4	1.0	14
2022103308	2025-02-23	6	0.0	0.3	2.0	1	2000	0	35.9	1.0	13
2022103308	2025-04-27	5	56.0	0.8	0.0	1	2000	0	36.1	1.0	13
2022103308	2025-05-10	2	220.0	0.0	1.0	1	2000	2	36.2	1.0	16
2022103308	2025-05-25	11	0.0	1.4	2.0	1	2200	2	38.6	1.0	16
2022103308	2025-07-06	3	140.0	0.4	1.0	1	2000	0	37.0	1.0	16
2022103308	2025-08-03	8	0.0	0.4	0.0	1	2000	0	35.4	1.0	14
2022103308	2025-08-16	4	84.0	0.3	0.0	1	2000	0	35.3	1.0	17
2022103308	2025-09-06	1	560.0	0.0	0.0	1	2000	0	34.5	1.0	18
2022103308	2025-12-27	3	200.0	0.1	1.0	1	2200	0	35.5	2.0	18
2022103308	2026-01-17	6	0.0	0.5	0.0	1	2200	0	35.8	2.0	12
2022103327	2024-06-16	6	0.0	1.3	0.0	1	1400	0	35.6	0.0	12
2022103327	2024-07-20	4	83.0	0.9	1.0	0	1150	0	37.7	1.0	13
2022103327	2024-08-17	5	55.0	1.0	0.0	0	1200	0	38.3	1.0	15
2022103327	2024-10-14	11	0.0	2.4	0.0	0	1300	0	38.0	1.0	16
2022103327	2024-11-02	6	0.0	1.8	3.0	0	1400	1	37.3	1.0	12
2022103327	2024-11-17	10	0.0	2.0	0.0	0	1300	0	37.6	1.0	16
2022103327	2024-11-23	6	0.0	0.6	0.0	1	1400	0	34.4	1.0	18
2022103327	2025-02-22	9	0.0	0.6	1.0	1	1600	0	34.8	1.0	16
2022103327	2025-03-08	6	0.0	0.6	1.0	1	1600	0	35.0	2.0	10
2022103327	2025-04-08	1	45.0	0.0	3.0	0	1500	2	41.5		9
2022103327	2025-04-20	2	15.3	0.2	3.0	0	1400	0	39.9		10
2022103327	2025-05-05	2	28.8	0.0	1.0	0	1400	0	39.2	5.0	11
2022103327	2025-06-15	2	17.6	0.8	1.0	0	1400	3	38.6		11
2022103327	2025-07-01	2	27.2	0.1	1.0	0	1500	0	39.0	1.0	10
2022103327	2025-07-13	8	0.0	3.5	0.0	0	1500	0	40.5	18.0	12
2022103327	2025-10-28	1	45.0	0.0	1.0	0	1500	1	39.0	11.0	8
2022103327	2025-11-11	1	50.0	0.0	0.0	0	1400	2	38.5	13.0	9
2022103327	2026-01-17	12	0.0	1.1	0.0	0	1200	0	38.3	2.0	16
2022103353	2024-11-17	4	110.0	0.6	0.0	1	1800	0	36.2	0.0	14
2022103353	2025-02-01	5	56.0	0.8	1.0	1	2000	0	35.8	1.0	15
2022103353	2025-02-16	4	84.0	0.1	1.0	1	2000	0	35.3	1.0	14
2022103353	2025-03-01	9	0.0	0.7	1.0	1	2000	0	35.9	1.0	18
2022103353	2025-04-26	7	0.0	0.9	0.0	1	2000	0	36.1	1.0	16
2022103353	2025-05-17	3	140.0	0.4	3.0	1	2000	0	35.3	1.0	15
2022103353	2025-06-07	3	140.0	0.4	0.0	1	2000	0	34.3	1.0	14
2022103353	2025-08-02	2	220.0	0.2	0.0	1	2000	0	35.6	1.0	16
2022103353	2025-08-10	3	140.0	0.8	0.0	1	2000	0	35.6	1.0	16
2022103353	2025-08-30	4	84.0	0.4	2.0	1	2000	2	38.1	1.0	16
2022103353	2025-09-14	2	220.0	0.2	1.0	1	2000	0	34.9	1.0	18
2022103353	2026-01-17	3	210.0	0.3	0.0	1	2200	0	35.2	2.0	12
2022103651	2024-10-12	6	0.0	1.1	0.0	1	2000	0	35.0	0.0	13
2022103651	2024-10-27	4	83.0	0.8	0.0	1	2000	0	36.3	1.0	12
2022103651	2024-11-24	5	55.0	0.9	1.0	1	1600	0	35.8	1.0	18
2022103651	2024-12-08	6	0.0	1.5	0.0	1	1600	0	35.6	1.0	10
2022103651	2025-01-05	13	0.0	2.9	0.0	0	1800	0	39.9	1.0	16
2022103651	2025-02-09	4	84.0	1.5	1.0	1	1800	2	37.1	1.0	16
2022103651	2025-02-22	2	220.0	0.1	0.0	1	1800	0	36.0	1.0	16
2022103651	2025-03-22	1	560.0	0.0	0.0	1	1600	0	35.4	1.0	16
2022103651	2025-04-05	9	0.0	0.9	0.0	1	1600	0	35.1		11
2022103651	2025-04-26	7	0.0	1.6	0.0	1	1800	0	34.9	2.0	7
2022103651	2025-07-19	8	0.0	1.5	0.0	1	1800	0	35.3	5.0	14
2022103651	2025-08-02	4	120.0	0.7	0.0	1	1800	0	35.6	2.0	10
2022103651	2025-08-16	2	447.8	0.1	0.0	1	1800	0	35.7	5.0	12
2022103651	2025-09-15	5	80.0	0.5	0.0	1	1800	0	34.6	2.0	8
2022103651	2025-11-29	15	0.0	1.0	0.0	1	1800	0	34.9	2.0	18
2022103651	2025-12-06	1	800.0	0.0	0.0	1	1600	0	33.8	2.0	16
2022103651	2026-01-17	16	0.0	2.0	0.0	1	1600	0	34.9	3.0	18
2022103779	2025-01-19	2	220.0	0.5	0.0	0	1200	0	37.2	1.0	16
2022103779	2025-03-08	2	220.0	0.4	1.0	0	1200	1	36.9	1.0	16
2022103779	2025-03-29	1	560.0	0.0	2.0	0	1200	0	37.1	1.0	16
2022103779	2025-06-29	2	320.0	0.6	0.0	0	1150	0	36.7	2.0	16
2022103779	2025-10-19	1	800.0	0.0	1.0	0	1400	0	36.2	2.0	15
2022103779	2025-11-23	9	0.0	1.0	1.0	0	1600	0	35.7	3.0	16
2022103779	2026-01-17	1	1190.0	0.0	0.0	0	1200	0	36.8	3.0	16
2022103857	2025-01-11	9	0.0	2.2	0.0	0	1200	2	37.1	0.0	16
2022103857	2025-03-15	2	220.0	0.0	0.0	0	1200	2	37.4	1.0	16
2022103857	2025-04-06	1	560.0	0.0	1.0	0	1200	2	37.0	1.0	16
2022103857	2025-05-25	5	80.0	1.1	1.0	0	1400	3	36.1	2.0	9
2022103857	2025-08-03	10	0.0	1.5	0.0	0	1200	0	37.4	2.0	15
2022103857	2025-09-27	6	0.0	1.2	0.0	0	1200	0	37.0	2.0	16
2022103857	2025-12-28	5	80.0	0.9	0.0	0	1200	0	37.7	2.0	16
2022103857	2026-01-17	3	210.0	0.1	0.0	0	1200	0	37.1	2.0	16
2022103884	2024-10-19	16	0.0	2.9	0.0	1	1400	0	36.3	0.0	17
2022103884	2024-11-09	9	0.0	2.2	0.0	1	1200	0	36.2	1.0	16
2022103884	2024-12-01	13	0.0	2.4	0.0	1	1600	0	35.6	1.0	15
2022103884	2024-12-15	10	0.0	3.7	0.0	0	1400	0	39.4	1.0	16
2022103884	2025-02-09	8	0.0	0.6	0.0	1	1200	2	35.9	1.0	17
2022103884	2025-03-25	4	10.2	1.9	0.0	0	1500	0	39.2	1.0	7
2022103884	2025-05-17	12	0.0	1.4	3.0	1	1400	0	35.6	1.0	18
2022103884	2025-06-22	15	0.0	1.3	1.0	1	1200	1	35.7	1.0	15
2022103884	2025-06-29	9	0.0	1.0	1.0	1	1200	0	35.3	1.0	12
2022103884	2025-09-14	9	0.0	16.2	1.0	2	2880	0	14.9	1.0	9
2022103884	2025-12-21	8	0.0	4.9	1.0	2	2880	1	14.0	1.0	14
2022103884	2026-01-17	7	0.0	2.9	0.0	2	2880	0	13.7	1.0	12
2022104135	2024-07-28	7	0.0	1.5	1.0	1	1800	1	36.5	0.0	12
2022104135	2024-08-17	7	0.0	1.1	1.0	1	1800	0	35.6	1.0	10
2022104135	2024-09-07	11	0.0	1.1	0.0	1	1600	0	35.2	1.0	12
2022104135	2024-12-15	15	0.0	2.5	0.0	1	2000	0	37.0	1.0	18
2022104135	2025-01-12	12	0.0	5.1	1.0	0	1800	0	41.4	1.0	16
2022104135	2025-05-11	11	0.0	1.3	1.0	1	1800	2	35.9	1.0	16
2022104135	2025-05-31	17	0.0	2.6	1.0	1	1800	0	35.8	1.0	18
2022104135	2025-12-14	16	0.0	3.7	1.0	0	1200	2	38.2	2.0	16
2022104135	2026-01-17	12	0.0	2.1	0.0	1	2200	0	36.4	2.0	12
2022104316	2024-12-07	2	290.0	0.2	0.0	1	1200	0	33.8	0.0	10
2022104316	2024-12-22	9	0.0	0.9	0.0	1	1200	0	35.6	1.0	16
2022104316	2025-05-10	8	0.0	0.7	1.0	1	1400	2	35.2	1.0	16
2022104316	2025-05-31	10	0.0	1.2	2.0	1	1400	2	35.2	2.0	11
2022104316	2025-07-27	2	220.0	0.0	1.0	1	1200	1	35.3	1.0	14
2022104316	2025-08-24	1	560.0	0.0	0.0	1	1200	0	35.6	1.0	16
2022104316	2025-09-07	1	800.0	0.0	0.0	1	1200	0	33.7	2.0	16
2022104316	2025-09-27	16	0.0	1.8	0.0	1	1200	0	34.4	5.0	16
2022104316	2025-12-27	15	0.0	1.8	1.0	1	1200	0	34.9	3.0	16
2022104316	2026-01-17	18	0.0	2.3	0.0	1	1600	0	35.8	3.0	18
2022104362	2025-02-16	15	0.0	3.6	0.0	1	1800	0	35.7	1.0	16
2022104362	2025-04-22	6	0.0	2.5	0.0	0	1400	0	41.2	5.0	11
2022104362	2025-05-04	11	0.0	3.4	0.0	0	1600	2	38.1	1.0	16
2022104362	2025-05-11	5	56.0	0.7	0.0	1	2000	0	35.2	1.0	12
2022104362	2025-07-12	4	84.0	0.4	1.0	1	2000	0	35.9	1.0	16
2022104362	2025-07-27	10	0.0	0.7	0.0	1	2200	0	34.0	1.0	14
2022104362	2025-08-24	2	220.0	0.4	0.0	1	2000	0	35.0	1.0	17
2022104362	2025-08-30	1	560.0	0.0	0.0	1	1800	0	34.3	1.0	18
2022104362	2025-12-27	6	0.0	0.3	1.0	1	2200	0	35.5	2.0	18
2022104362	2026-01-17	5	82.0	0.4	0.0	1	2200	0	35.5	2.0	12
2022104403	2024-09-28	15	0.0	2.8	1.0	1	2000	0	36.5	0.0	17
2022104403	2024-12-01	7	0.0	1.7	0.0	1	2000	0	35.9	1.0	8
2022104403	2025-02-23	1	560.0	0.0	0.0	0	1800	0	38.2	1.0	16
2022104403	2025-03-08	8	0.0	2.3	0.0	0	1800	0	39.6	2.0	12
2022104403	2025-05-18	13	0.0	2.5	0.0	0	1800	1	37.9	2.0	13
2022104403	2025-10-25	8	0.0	1.4	1.0	0	1800	0	39.5	2.0	11
2022104403	2025-11-15	5	80.0	0.7	0.0	0	1800	0	37.3	2.0	16
2022104403	2025-12-13	3	200.0	0.7	1.0	0	1900	0	38.3	2.0	12
2022104403	2026-01-17	4	120.0	1.4	0.0	0	1800	0	38.2	2.0	8
2022104479	2024-10-27	11	0.0	2.2	1.0	1	2000	0	35.2	0.0	15
2022104479	2025-01-06	15	0.0	1.9	1.0	1	2000	0	37.4	1.0	18
2022104479	2025-03-01	5	56.0	1.6	1.0	0	1700	0	40.3	1.0	16
2022104479	2025-03-29	4	84.0	1.2	1.0	0	1400	2	37.5	1.0	16
2022104479	2025-04-27	1	560.0	0.0	0.0	0	1150	0	36.8	1.0	16
2022104479	2025-07-13	1	800.0	0.0	0.0	0	1150	0	37.3	2.0	15
2022104479	2025-08-09	7	0.0	1.8	0.0	0	1200	0	37.5	3.0	15
2022104479	2025-11-22	12	0.0	1.9	0.0	0	1150	0	37.5	3.0	16
2022104479	2025-12-13	9	0.0	1.3	1.0	0	1200	0	37.6	3.0	13
2022104479	2026-01-17	14	0.0	1.3	0.0	0	1200	0	39.0	3.0	16
2022104629	2025-04-19	7	0.0	1.3	0.0	1	1200	0	34.6	1.0	16
2022104629	2025-06-28	1	560.0	0.0	0.0	1	1200	0	35.6	1.0	16
2022104629	2025-08-30	11	0.0	1.4	0.0	1	1400	0	35.3	5.0	18
2022104629	2025-11-08	1	800.0	0.0	0.0	1	1200	0	34.3	2.0	16
2022104629	2026-01-17	10	0.0	0.5	0.0	1	1200	0	33.8	3.0	16
2022104637	2024-06-02	4	110.0	0.8	1.0	1	1400	2	34.6	0.0	9
2022104637	2024-07-06	1	550.0	0.0	1.0	1	1200	0	35.8	1.0	8
2022104637	2024-09-01	8	0.0	0.9	1.0	1	1200	1	34.8		13
2022104637	2024-11-10	7	0.0	0.8	0.0	1	1200	0	36.2	5.0	16
2022104637	2025-01-13	5	80.0	0.4	0.0	1	1200	0	34.8	2.0	11
2022104637	2025-03-02	10	0.0	0.8	1.0	1	1200	1	36.0	2.0	18
2022104637	2025-05-11	9	0.0	1.4	1.0	1	1200	2	37.1	2.0	13
2022104637	2025-09-21	13	0.0	2.6	0.0	0	1200	0	39.7	2.0	16
2022104637	2025-11-09	1	800.0	0.0	1.0	1	1200	0	34.7	2.0	16
2022104637	2026-01-17	8	0.0	0.4	0.0	1	1200	0	34.0	3.0	16
2022104722	2024-07-28	2	290.0	0.1	1.0	1	1600	0	34.2	0.0	12
2022104722	2024-09-21	3	140.0	0.4	1.0	1	1600	0	34.5	1.0	13
2022104722	2024-10-27	2	220.0	0.2	0.0	1	1400	0	34.9	1.0	11
2022104722	2025-05-31	3	140.0	0.1	3.0	1	1400	2	36.6	1.0	18
2022104722	2025-07-26	7	0.0	0.5	0.0	1	1400	0	36.3	1.0	17
2022104722	2025-09-13	1	560.0	0.0	1.0	0	1200	3	36.7	1.0	16
2022104722	2025-12-20	1	800.0	0.0	1.0	0	1200	0	36.9	2.0	16
2022104722	2026-01-17	9	0.0	0.8	0.0	0	1200	0	38.7	3.0	16
2022104771	2024-06-02	1	720.0	0.0	1.0	1	1400	2	33.4	0.0	9
2022104771	2024-08-25	6	0.0	1.1	1.0	1	1600	0	35.0		11
2022104771	2024-11-16	4	120.0	0.8	1.0	1	1400	0	34.0	2.0	10
2022104771	2025-03-08	7	0.0	0.6	1.0	1	1600	0	35.6	2.0	10
2022104771	2025-07-20	1	1133.1	0.0	0.0	1	1200	0	34.8	5.0	11
2022104771	2025-09-13	10	0.0	0.9	0.0	1	1200	2	33.4	5.0	11
2022104771	2025-12-27	5	155.0	0.9	1.0	1	1200	0	33.9	3.0	16
2022104771	2026-01-17	14	0.0	1.1	0.0	1	1200	0	33.3	3.0	16
2022104774	2024-08-10	2	290.0	0.1	0.0	1	1800	0	33.6	0.0	16
2022104774	2024-10-06	1	550.0	0.0	1.0	1	2000	0	33.5	1.0	7
2022104774	2025-01-26	2	447.0	0.2	0.0	1	1800	0	35.9	2.0	11
2022104774	2025-03-01	2	448.8	0.3	0.0	1	2200	0	34.9	2.0	13
2022104774	2025-05-17	7	0.0	1.9	3.0	1	2400	0	36.6	2.0	8
2022104774	2025-06-28	3	200.0	0.3	0.0	1	2600	0	34.8	2.0	7
2022104774	2025-09-15	2	320.0	0.5	1.0	1	2500	0	35.6	2.0	14
2022104774	2025-11-16	3	200.0	0.5	0.0	1	2000	0	34.6	2.0	13
2022104774	2026-01-17	4	120.0	0.3	0.0	1	2200	0	35.8	2.0	12
2022104784	2024-10-20	2	290.0	0.4	0.0	1	1600	2	35.9	0.0	17
2022104784	2024-11-17	2	220.0	0.3	1.0	1	1600	0	35.3	1.0	14
2022104784	2025-01-18	2	220.0	0.2	0.0	1	1600	0	35.9	1.0	16
2022104784	2025-02-10	5	56.0	0.6	0.0	1	1600	0	34.7	1.0	18
2022104784	2025-03-01	1	560.0	0.0	0.0	1	1600	0	33.6	1.0	18
2022104784	2025-03-29	1	1141.5	0.0	0.0	1	1800	0	34.6	2.0	14
2022104784	2025-04-27	7	0.0	0.6	0.0	1	2000	0	34.1		18
2022104784	2025-08-02	3	394.4	0.0	0.0	1	1800	0	35.5	5.0	14
2022104784	2025-09-07	6	0.0	0.5	0.0	1	1800	2	36.9	3.0	14
2022104784	2025-12-14	5	155.0	0.4	0.0	1	1600	0	35.2	5.0	10
2022104784	2026-01-17	6	0.0	0.5	0.0	1	1600	0	34.4	3.0	18
2022105139	2024-09-07	4	110.0	0.3	0.0	1	2000	0	34.2	0.0	7
2022105139	2025-08-02	2	220.0	0.1	0.0	1	2000	0	33.9	1.0	12
2022105139	2025-10-04	1	800.0	0.0	1.0	1	2000	0	33.2	2.0	10
2022105139	2026-01-17	2	330.0	0.1	0.0	1	2200	0	35.3	2.0	12
2022105209	2024-07-14	4	110.0	0.2	3.0	1	2000	3	38.4	0.0	7
2022105209	2024-09-01	1	550.0	0.0	2.0	1	2000	1	37.5	1.0	8
2022105209	2024-09-21	4	240.0	1.3	0.0	1	2000	0	34.9	5.0	5
2022105209	2024-12-07	5	107.0	1.6	0.0	1	2000	0	35.0	2.0	7
2022105209	2025-07-27	6	0.0	1.7	0.0	1	2000	0	36.6	5.0	7
2022105209	2025-08-30	7	0.0	0.7	0.0	1	2000	0	33.9	2.0	8
2022105209	2025-12-21	16	0.0	1.5	3.0	1	1600	2	36.9	2.0	16
2022105209	2026-01-17	12	0.0	1.9	0.0	0	1400	0	37.5	2.0	15
2022105422	2024-10-26	3	180.0	0.0	1.0	1	2000	0	34.3	0.0	13
2022105422	2024-11-16	1	550.0	0.0	1.0	1	1800	0	34.9	1.0	14
2022105422	2025-01-05	8	0.0	2.2	0.0	1	2000	0	36.1	2.0	9
2022105422	2025-02-15	3	282.8	0.6	1.0	1	2000	0	35.0	2.0	9
2022105422	2025-03-15	7	0.0	0.9	2.0	1	2400	0	35.1	2.0	12
2022105422	2025-04-26	4	170.0	0.5	0.0	1	1800	0	33.6	2.0	7
2022105422	2025-06-07	4	170.0	0.2	1.0	1	1800	0	34.2	5.0	10
2022105422	2025-06-29	6	0.0	0.7	0.0	1	1800	0	36.3	5.0	8
2022105422	2025-09-21	10	0.0	1.0	0.0	1	2000	0	35.4	2.0	13
2022105422	2025-10-05	1	800.0	0.0	2.0	1	2000	2	34.5	2.0	12
2022105422	2025-11-22	4	170.0	0.7	0.0	1	2000	0	34.7	3.0	15
2022105422	2025-12-07	6	0.0	0.5	0.0	1	1600	0	33.5	5.0	13
2022105422	2025-12-28	10	0.0	0.5	0.0	1	1600	0	32.9	3.0	12
2022105422	2026-01-17	8	0.0	0.7	0.0	1	1600	0	33.8	3.0	18
2022105438	2025-02-16	11	0.0	0.7	1.0	1	2000	0	36.5	1.0	14
2022105438	2025-03-02	1	560.0	0.0	2.0	1	2000	0	35.5	1.0	16
2022105438	2025-05-04	2	808.4	0.1	0.0	1	2000	0	34.3		14
2022105438	2025-08-30	1	800.0	0.0	0.0	1	2000	0	33.6	2.0	8
2022105438	2026-01-17	5	158.0	0.5	0.0	1	2000	0	34.8	5.0	10
2022105439	2024-12-28	2	290.0	0.4	0.0	1	2000	0	35.4	0.0	18
2022105439	2025-01-18	1	560.0	0.0	0.0	0	1800	0	37.8	1.0	11
2022105439	2025-02-23	5	190.0	0.9	0.0	0	1600	0	35.9		10
2022105439	2025-04-05	6	0.0			0	1900	0			9
2022105439	2025-06-01	6	0.0	0.5	0.0	0	1400	1	35.0	2.0	11
2022105439	2025-10-04	8	0.0	1.2	1.0	0	1400	3	35.5	2.0	16
2022105439	2025-10-11	3	200.0	0.3	1.0	0	1800	0	37.0	2.0	12
2022105439	2026-01-17	2	330.0	0.2	0.0	0	1800	0	37.2	2.0	8
2022105549	2025-04-05	4	84.0	0.8	0.0	1	1800	0	34.7	1.0	17
2022105549	2025-04-26	2	220.0	0.0	0.0	1	1800	0	34.9	1.0	18
2022105549	2025-05-24	2	220.0	0.2	2.0	1	1800	0	33.8	1.0	18
2022105549	2025-06-21	1	560.0	0.0	1.0	1	1800	0	35.0	1.0	16
2022105549	2025-08-02	1	800.0	0.0	0.0	1	1800	0	34.6	2.0	10
2022105549	2025-08-30	14	0.0	2.7	1.0	1	2000	2	38.6	3.0	14
2022105549	2025-12-13	5	114.0	0.3	0.0	1	1800	0	33.9	3.0	10
2022105549	2026-01-17	2	636.8	0.1	0.0	1	2000	0	34.0	5.0	10
2022105598	2024-09-14	4	110.0	1.6	0.0	0	1800	0	40.0	0.0	16
2022105598	2024-09-29	1	550.0	0.0	1.0	0	1200	0	38.5	1.0	16
2022105598	2024-11-02	14	0.0	2.5	2.0	1	1400	2	36.1		14
2022105598	2024-12-21	5	78.0	1.7	0.0	0	1200	0	37.8	2.0	16
2022105598	2025-02-22	12	0.0	2.5	0.0	0	1400	0	38.7	2.0	16
2022105598	2025-06-22	10	0.0	2.1	0.0	0	1400	0	37.6	2.0	16
2022105598	2025-10-11	12	0.0	2.1	2.0	0	1400	2	38.0	2.0	16
2022105598	2026-01-17	14	0.0	1.2	0.0	0	1200	0	38.3	2.0	16
2022105623	2025-01-26	3	160.0	0.1	0.0	1	1200	0	34.3	0.0	18
2022105623	2025-02-08	3	140.0	0.4	4.0	1	1200	2	35.8	1.0	18
2022105623	2025-03-01	2	220.0	0.1	1.0	1	1200	0	35.2	1.0	18
2022105623	2025-04-12	4	84.0	0.9	1.0	1	1200	0	35.6	1.0	16
2022105623	2025-04-27	1	560.0	0.0	0.0	1	1200	0	34.7	1.0	16
2022105623	2025-08-30	2	320.0	0.4	1.0	1	1200	2	36.1	2.0	15
2022105623	2025-09-21	1	800.0	0.0	1.0	1	1200	0	34.0	2.0	16
2022105623	2025-11-09	7	0.0	0.6	1.0	1	1400	0	33.9	3.0	18
2022105623	2025-12-27	3	395.2	0.7	1.0	1	1200	0	34.8	3.0	16
2022105623	2026-01-17	5	119.0	0.3	0.0	1	1200	0	34.0	3.0	16
2022105936	2025-02-02	1	620.0	0.0	2.0	0	1600	2	38.2	0.0	16
2022105936	2025-03-02	13	0.0	2.2	0.0	0	1800	0	38.8	2.0	16
2022105936	2025-03-23	10	0.0	3.0	0.0	0	1800	0	39.8	2.0	16
2022105936	2025-11-08	15	0.0	4.1	0.0	0	1700	0	42.1	2.0	15
2022105936	2025-12-06	14	0.0	4.1	0.0	0	1900	0	41.7	2.0	16
2022105936	2025-12-28	11	0.0	1.8	0.0	0	1400	0	37.5	2.0	16
2022105936	2026-01-17	14	0.0	2.1	0.0	0	1400	0	37.4	2.0	15
2022106122	2024-12-22	13	0.0	4.9	0.0	0	1200	0	42.5	0.0	16
2022106122	2025-03-08	3	140.0	1.4	1.0	0	1200	1	37.8	1.0	16
2022106122	2025-03-30	2	220.0	0.2	1.0	0	1200	2	38.3	1.0	16
2022106122	2025-04-19	1	560.0	0.0	0.0	0	1150	0	37.2	1.0	16
2022106122	2025-11-22	2	320.0	0.2	0.0	0	1150	0	37.9	2.0	16
2022106122	2025-12-20	9	0.0	1.9	1.0	0	1200	0	38.2	2.0	16
2022106122	2026-01-17	15	0.0	1.4	0.0	0	1200	0	38.8	2.0	16
2022106324	2024-12-07	6	0.0	1.4	1.0	0	1400	0	38.5	0.0	16
2022106324	2025-04-08	1	250.0	0.0	0.0	0	1400	2	39.8		12
2022106324	2025-05-18	10	0.0	1.8	1.0	0	1600	1	37.3	2.0	16
2022106324	2025-09-15	9	0.0	1.9	1.0	0	1200	0	38.3	2.0	16
2022106324	2026-01-04	3	210.0	0.0	0.0	0	1200	2	37.1	2.0	16
2022106324	2026-01-17	10	0.0	0.8	0.0	0	1200	0	37.2	2.0	16
2022106541	2025-01-12	2	250.0	1.5	1.0	0	1800	0	38.5	0.0	16
2022106541	2025-03-08	2	220.0	0.0	1.0	0	1800	2	38.2	1.0	16
2022106541	2025-04-06	1	560.0	0.0	1.0	0	1800	2	37.1	1.0	13
2022106541	2025-06-15	1	800.0	0.0	1.0	0	1700	0	37.4	2.0	11
2022106541	2025-07-05	5	155.0	0.9	0.0	0	1700	1	37.8	5.0	14
2022106541	2025-07-20	1	1577.3	0.0	0.0	0	1700	0	37.3	5.0	12
2022106541	2025-12-07	9	0.0	1.3	0.0	0	1800	0	38.3	4.0	16
2022106541	2026-01-17	10	0.0	1.6	0.0	0	1800	0	37.6	4.0	16
2022106544	2024-12-14	7	0.0	1.2	0.0	1	2000	0	35.2	0.0	15
2022106544	2025-11-16	10	0.0	1.0	0.0	1	2000	0	35.4	2.0	16
2022106544	2025-12-06	15	0.0	4.5	0.0	0	1900	0	41.8	2.0	16
2022106544	2026-01-17	10	0.0	1.6	0.0	1	2200	0	36.2	2.0	12
2022106597	2024-10-19	7	0.0	1.4	0.0	0	1600	0	39.5	0.0	16
2022106597	2024-11-30	7	0.0	1.8	0.0	0	1400	2	37.5	1.0	13
2022106597	2024-12-15	12	0.0	3.9	0.0	0	1400	0	41.1	1.0	16
2022106597	2025-02-19	1	70.0	0.0	0.0	0	1400	0	41.0	5.0	8
2022106597	2025-06-21	13	0.0	1.9	0.0	1	1600	0	36.2	2.0	14
2022106597	2025-07-20	15	0.0	5.5	0.0	0	1700	0	40.9	2.0	15
2022106597	2025-08-30	9	0.0	1.9	0.0	0	1400	0	38.7	2.0	12
2022106597	2025-09-06	10	0.0	1.7	0.0	0	1400	2	38.4	2.0	13
2022106597	2026-01-17	15	0.0	3.3	0.0	0	1400	0	38.7	2.0	15
2022106644	2024-08-25	3	180.0	0.7	1.0	1	2000	0	34.7	0.0	10
2022106644	2024-09-21	5	55.0	0.4	0.0	1	2000	0	34.9	1.0	9
2022106644	2024-12-14	2	220.0	0.1	0.0	1	2000	0	35.3	1.0	18
2022106644	2025-01-06	6	0.0	1.1	1.0	1	2000	0	35.8	1.0	18
2022106644	2025-07-06	3	140.0	0.1	0.0	0	1700	0	40.4	1.0	16
2022106644	2025-07-13	5	56.0	1.0	1.0	0	1700	0	39.2	1.0	16
2022106644	2025-08-10	1	560.0	0.0	1.0	0	1800	0	38.0	1.0	15
2022106644	2025-11-15	4	120.0	0.6	0.0	0	1800	0	37.1	2.0	16
2022106644	2025-12-06	2	320.0	0.2	0.0	0	1900	0	37.2	2.0	16
2022106644	2026-01-17	1	820.0	0.0	0.0	0	1800	0	36.6	2.0	8
2022106669	2024-12-15	3	180.0	0.5	0.0	0	1200	0	37.3	0.0	16
2022106669	2025-01-06	1	560.0	0.0	1.0	0	1200	0	37.5	1.0	16
2022106669	2025-02-08	5	80.0	1.1	0.0	0	1400	0	37.9	2.0	14
2022106669	2025-04-20	5	80.0	0.5	1.0	0	1200	0	37.2	2.0	16
2022106669	2025-05-17	7	0.0	1.5	3.0	0	1400	3	36.4	2.0	14
2022106669	2025-06-01	8	0.0	1.0	0.0	0	1400	1	35.2	2.0	11
2022106669	2025-12-06	4	120.0	0.9	1.0	0	1200	0	37.4	2.0	16
2022106669	2025-12-28	3	200.0	0.6	0.0	0	1200	0	37.6	2.0	16
2022106669	2026-01-17	6	0.0	0.5	0.0	0	1200	0	37.2	2.0	16
2022106800	2024-09-22	10	0.0	2.6	1.0	1	1800	0	37.0	0.0	14
2022106800	2025-02-23	2	220.0	0.1	0.0	1	1800	0	34.2	1.0	15
2022106800	2025-03-15	9	0.0	1.1	1.0	1	1800	0	36.5	1.0	16
2022106800	2025-04-27	3	140.0	0.9	0.0	1	1800	0	35.4	1.0	14
2022106800	2025-05-18	4	84.0	0.7	0.0	1	1800	2	34.3	1.0	14
2022106800	2025-06-08	1	560.0	0.0	1.0	1	1800	0	35.0	1.0	17
2022106800	2025-12-27	16	0.0	1.6	1.0	1	2200	0	37.5	2.0	18
2022106800	2026-01-17	11	0.0	2.0	0.0	1	2200	0	37.6	2.0	12
2022106998	2024-10-26	4	110.0	1.1	1.0	0	1400	0	37.4	0.0	16
2022106998	2024-11-17	4	83.0	2.5	1.0	0	1800	0	39.4	1.0	12
2022106998	2024-12-08	4	83.0	1.6	0.0	0	1400	0	38.4	1.0	11
2022106998	2025-02-01	2	220.0	0.3	0.0	0	1400	0	37.1	1.0	15
2022106998	2025-02-16	1	560.0	0.0	1.0	0	1400	2	37.7	1.0	16
2022106998	2025-03-23	6	0.0	1.3	0.0	0	1200	0	37.7	2.0	15
2022106998	2025-04-26	11	0.0	0.4	1.0	0	1600	2	35.7	2.0	16
2022106998	2025-11-16	5	80.0	0.9	0.0	0	1700	0	37.9	2.0	15
2022106998	2025-11-30	6	0.0	0.9	0.0	0	1400	0	37.8	2.0	16
2022106998	2026-01-17	4	120.0	0.6	0.0	0	1400	0	36.2	2.0	15
2022110015	2024-06-16	1	720.0	0.0	0.0	1	1400	0	34.5	0.0	12
2022110015	2024-08-04	1	1620.3	0.0	0.0	1	1400	0	35.1	5.0	9
2022110015	2025-02-01	3	502.5	0.4	0.0	1	1400	0	33.2		7
2022110015	2025-04-12	4	810.0	0.2	0.0	1	1600	0	33.6		14
2022110015	2025-06-21	7	0.0	0.6	0.0	1	1400	0	35.0	5.0	14
2022110015	2025-09-27	15	0.0	1.2	0.0	1	1200	0	34.2	5.0	16
2022110015	2025-11-23	5	114.0	0.3	1.0	1	1400	0	33.5	3.0	18
2022110015	2026-01-17	9	0.0	0.4	0.0	1	1200	0	33.4	3.0	16
2022110063	2024-06-16	5	72.0	0.8	0.0	1	1600	0	34.6	0.0	10
2022110063	2024-09-07	1	550.0	0.0	0.0	0	1400	0	37.4	1.0	10
2022110063	2024-10-20	2	436.6	0.3	0.0	0	1400	2	38.6	2.0	11
2022110063	2024-12-15	5	107.0	1.1	0.0	0	1400	0	37.2	2.0	7
2022110063	2025-02-16	3	200.0	1.1	1.0	0	1400	2	37.6	2.0	11
2022110063	2025-03-02	6	0.0	1.0	2.0	0	1200	0	36.8	2.0	16
2022110063	2025-05-04	3	200.0	0.8	0.0	0	1400	2	37.3	2.0	16
2022110063	2025-07-12	10	0.0	1.5	0.0	0	1700	0	40.3	2.0	16
2022110063	2025-09-06	2	320.0	0.4	0.0	0	1400	2	37.3	2.0	13
2022110063	2025-11-23	13	0.0	2.3	0.0	0	1400	0	39.4	2.0	16
2022110063	2026-01-17	6	0.0	0.8	0.0	0	1400	0	37.0	2.0	15
2022110066	2024-07-28	8	0.0	1.3	1.0	1	1800	0	34.4	0.0	9
2022110066	2024-09-16	3	140.0	0.1	0.0	1	2000	0	35.8	1.0	12
2022110066	2024-10-05	5	55.0	1.2	0.0	1	1800	0	35.5	1.0	8
2022110066	2024-12-01	1	550.0	0.0	0.0	1	1600	0	34.4	1.0	15
2022110066	2025-01-13	8	0.0	1.5	0.0	1	1600	0	37.3		15
2022110066	2025-02-10	3	503.2	0.7	0.0	1	1600	0	35.5		9
2022110066	2025-04-26	10	0.0	2.7	0.0	0	1800	0	40.9	2.0	12
2022110066	2025-10-12	7	0.0	0.6	1.0	1	1600	0	34.0	2.0	18
2022110066	2025-10-26	1	800.0	0.0	1.0	1	1600	2	33.7	2.0	15
2022110066	2025-12-21	8	0.0	0.7	3.0	1	1600	1	36.1	3.0	16
2022110066	2026-01-17	13	0.0	1.6	0.0	1	1600	0	35.9	3.0	18
2022110152	2024-10-27	4	110.0	1.3	0.0	0	1600	0	38.0	0.0	16
2022110152	2024-11-16	6	0.0	1.7	1.0	0	1400	0	40.0	1.0	13
2022110152	2025-01-12	1	560.0	0.0	1.0	0	1400	0	38.2	1.0	16
2022110152	2025-02-08	3	200.0	0.2	0.0	0	1400	0	38.6	2.0	14
2022110152	2025-04-13	14	0.0	2.1	2.0	0	1400	0	40.4	2.0	16
2022110152	2025-05-17	2	320.0	1.1	3.0	0	1400	3	36.9	2.0	14
2022110152	2025-06-01	2	320.0	0.1	0.0	0	1400	1	35.4	2.0	11
2022110152	2025-08-24	3	200.0	0.2	0.0	0	1400	0	38.5	2.0	14
2022110152	2025-09-06	5	80.0	1.0	0.0	0	1400	2	37.4	2.0	13
2022110152	2025-10-11	7	0.0	1.1	0.0	0	1400	0	37.7	2.0	16
2022110152	2025-12-07	5	80.0	0.4	0.0	0	1400	0	38.0	2.0	16
2022110152	2025-12-20	2	320.0	0.1	2.0	0	1400	2	36.9	2.0	15
2022110152	2026-01-17	1	820.0	0.0	0.0	0	1400	0	36.2	2.0	15
2023100102	2025-06-28	2	300.0	0.0	0.0	1	1200	0	35.7	0.0	8
2023100102	2025-07-13	2	220.0	1.2	0.0	1	1200	0	38.2	1.0	9
2023100102	2025-08-02	8	0.0	1.5	0.0	1	1000	0	34.2	1.0	12
2023100102	2025-10-25	12	0.0	0.8	0.0	1	1200	0	36.6	1.0	15
2023100102	2025-11-30	3	140.0	0.2	0.0	0	1200	0	37.4	1.0	16
2023100102	2025-12-28	2	220.0	0.5	0.0	0	1200	0	39.5	1.0	16
2023100102	2026-01-17	2	240.0	0.1	0.0	0	1200	0	38.4	1.0	16
2023100145	2025-06-21	8	0.0	2.3	0.0	1	1800	0	34.8	0.0	12
2023100145	2025-11-08	1	560.0	0.0	0.0	0	1700	0	38.8	1.0	15
2023100145	2026-01-17	3	210.0	0.6	0.0	0	1800	0	36.8	2.0	8
2023100230	2025-12-14	3	190.0	2.1	1.0	0	1800	2	39.2	0.0	13
2023100230	2026-01-05	4	89.0	0.8	0.0	0	1900	0	39.1	1.0	16
2023100230	2026-01-17	3	150.0	0.6	0.0	0	1900	0	38.6	1.0	13
2023100312	2025-12-06	10	0.0	1.6	0.0	1	2000	0	34.4	0.0	18
2023100312	2026-01-17	12	0.0	0.7	0.0	1	2000	0	35.3	1.0	18
2023100325	2025-10-19	10	0.0	1.1	1.0	1	1400	2	36.0	0.0	18
2023100325	2025-10-25	7	0.0	1.9	2.0	1	1800	0	36.5	1.0	9
2023100325	2025-12-28	14	0.0	1.9	0.0	0	1200	0	40.5	1.0	16
2023100392	2025-12-14	9	0.0	1.4	0.0	1	1400	2	36.8	0.0	11
2023100392	2025-12-27	6	0.0	1.4	0.0	0	1200	2	37.9	1.0	15
2023100392	2026-01-17	6	0.0	2.8	0.0	0	1800	0	40.7	1.0	10
2023100395	2025-11-30	6	0.0	1.8	0.0	1	2000	0	36.2	0.0	8
2023100395	2026-01-17	13	0.0	2.4	0.0	1	2000	0	37.3	1.0	18
2023100452	2025-06-22	8	0.0	1.5	0.0	0	1200	0	38.1	0.0	16
2023100452	2025-10-05	13	0.0	2.8	2.0	0	1400	1	39.4	1.0	16
2023100452	2025-10-18	4	84.0	0.5	1.0	0	1400	2	38.1	1.0	9
2023100452	2025-11-01	6	0.0	0.7	0.0	0	1200	3	36.2	1.0	13
2023100452	2026-01-04	6	0.0	0.4	0.0	0	1200	0	36.5	1.0	16
2023100452	2026-01-17	5	59.0	0.5	0.0	0	1200	0	37.1	1.0	16
2023100530	2025-11-09	16	0.0	3.6	3.0	0	1400	2	38.5	0.0	16
2023100530	2025-11-23	13	0.0	4.2	0.0	0	1400	0	40.7	1.0	14
2023100530	2026-01-11	14	0.0	3.5	1.0	0	1400	0	41.1	1.0	16
2023100530	2026-01-17	8	0.0	2.2	0.0	0	1900	0	39.1	1.0	13
2023100533	2026-01-17	6	0.0	0.4	0.0	0	1800	0	40.3	0.0	16
2023100732	2025-10-18	8	0.0	1.7	2.0	1	1600	0	36.1	0.0	13
2023100732	2025-12-20	6	0.0	0.5	1.0	1	1600	2	35.8	1.0	16
2023100732	2026-01-17	16	0.0	2.9	0.0	1	2000	0	39.2	1.0	18
2023100760	2025-06-28	5	75.0	0.8	0.0	0	1150	0	38.5	0.0	11
2023100760	2026-01-17	14	0.0	2.7	0.0	0	1200	0	40.3	1.0	16
2023100850	2026-01-17	14	0.0	3.2	0.0	0	1400	0	39.9	0.0	16
2023100925	2025-06-15	4	110.0	2.0	1.0	1	1600	2	36.1	0.0	10
2023100925	2025-07-05	7	0.0	1.3	1.0	1	1800	2	37.7	1.0	9
2023100925	2026-01-05	3	150.0	0.2	0.0	1	2000	0	35.6	1.0	18
2023100925	2026-01-17	8	0.0	0.4	0.0	1	2000	0	35.7	1.0	18
2023100928	2025-10-26	11	0.0	1.7	3.0	1	1600	2	34.9	0.0	18
2023100928	2025-11-09	13	0.0	2.1	2.0	1	1800	0	36.4	1.0	14
2023100928	2026-01-05	5	59.0	1.6	0.0	0	1800	2	40.8	1.0	12
2023100928	2026-01-17	3	150.0	1.2	0.0	0	1800	0	40.8	1.0	16
2023100998	2025-12-27	2	300.0	0.3	0.0	1	2000	0	34.1	0.0	14
2023100998	2026-01-17	9	0.0	0.6	0.0	1	2000	0	37.2	1.0	18
2023101046	2025-07-05	3	190.0	0.6	1.0	1	1200	2	35.4	0.0	9
2023101046	2025-07-20	5	56.0	1.8	0.0	0	1150	0	38.7	1.0	8
2023101046	2025-08-10	14	0.0	1.9	3.0	1	1400	2	37.1	1.0	18
2023101046	2025-12-13	10	0.0	1.5	1.0	1	1600	0	35.9	1.0	16
2023101046	2026-01-11	10	0.0	2.6	1.0	0	1800	0	40.7	1.0	16
2023101046	2026-01-17	4	89.0	2.1	0.0	0	1800	0	40.2	1.0	16
2023101053	2026-01-17	15	0.0	3.5	0.0	0	1400	0	39.9	0.0	16
2023101159	2025-08-09	1	750.0	0.0	1.0	1	1400	0	34.1	0.0	10
2023101159	2025-10-04	4	170.0	0.1	2.0	1	1400	1	34.6	2.0	8
2023101159	2025-12-13	5	111.0	0.5	1.0	1	1400	0	34.2	2.0	11
2023101159	2026-01-17	5	210.0	1.3	0.0	1	1400	0	34.3		9
2023101204	2026-01-17	12	0.0	2.5	0.0	0	1400	0	39.7	0.0	16
2023101397	2025-10-11	1	750.0	0.0	3.0	0	1400	2	37.0	0.0	16
2023101397	2025-11-29	7	0.0	1.7	1.0	0	1600	0	38.7	5.0	12
2023101397	2026-01-17	6	0.0	1.9	0.0	0	1800	0	37.7	2.0	8
2023101404	2025-12-13	6	0.0	0.9	1.0	1	2000	0	34.2	0.0	12
2023101404	2026-01-17	4	89.0	0.2	0.0	1	2000	0	35.1	1.0	18
2023101478	2025-11-02	7	0.0	0.8	1.0	1	1600	0	33.8	0.0	16
2023101478	2025-11-24	6	0.0	0.7	0.0	1	2000	0	34.4	1.0	16
2023101478	2026-01-17	9	0.0	0.6	0.0	1	2000	0	35.7	1.0	18
2023101519	2025-12-27	13	0.0	2.9	0.0	1	2000	0	35.7	0.0	14
2023101519	2026-01-17	18	0.0	3.9	0.0	1	2000	0	39.9	1.0	18
2023101549	2025-11-29	10	0.0	3.2	0.0	0	1400	0	39.5	0.0	16
2023101549	2026-01-17	11	0.0	2.0	0.0	0	1200	0	39.3	1.0	16
2023101656	2026-01-17	14	0.0	3.5	0.0	0	1800	0	42.2	0.0	16
2023101705	2026-01-17	1	650.0	0.0	0.0	0	1800	0	39.1	0.0	16
2023101724	2025-09-28	8	0.0	2.1	0.0	0	1200	0	37.1	0.0	16
2023101724	2025-10-19	7	0.0	1.5	1.0	0	1400	0	38.6	1.0	13
2023101724	2025-11-09	10	0.0	2.6	2.0	0	1600	2	39.8	1.0	16
2023101724	2026-01-17	3	150.0	0.2	0.0	0	1200	0	38.7	1.0	16
2023101743	2026-01-17	8	0.0	1.6	0.0	0	1400	0	38.6	0.0	16
2023101918	2025-09-06	11	0.0	6.5	0.0	0	1400	2	40.1	0.0	13
2023101918	2025-11-09	16	0.0	2.5	3.0	0	1400	2	38.9	1.0	16
2023101918	2025-11-30	13	0.0	2.6	0.0	0	1200	0	37.9	1.0	16
2023101918	2025-12-21	10	0.0	1.8	3.0	0	1200	2	37.4	1.0	16
2023101918	2026-01-17	11	0.0	1.3	0.0	0	1200	0	37.6	1.0	16
2023102008	2025-12-21	5	75.0	0.9	3.0	0	1400	2	38.1	0.0	15
2023102008	2025-12-28	12	0.0	0.7	0.0	1	1400	0	36.0	1.0	17
2023102008	2026-01-17	12	0.0	1.5	0.0	0	1200	0	38.8	1.0	16
2023102023	2025-06-21	2	300.0	0.1	1.0	0	1000	0	36.2	0.0	9
2023102023	2025-09-15	16	0.0	3.0	1.0	0	1200	0	42.3	1.0	16
2023102023	2025-10-25	9	0.0	2.6	0.0	0	1200	0	39.0	1.0	15
2023102023	2025-12-06	5	56.0	1.7	0.0	0	1200	0	38.2	1.0	15
2023102023	2025-12-28	4	84.0	0.6	0.0	0	1200	0	39.1	1.0	16
2023102023	2026-01-17	7	0.0	1.5	0.0	0	1200	0	39.4	1.0	16
2023102050	2026-01-17	16	0.0	4.5	0.0	0	1800	0	42.8	0.0	16
2023102089	2025-07-20	10	0.0	2.9	0.0	1	1800	0	37.5	0.0	13
2023102089	2025-09-21	11	0.0	6.2	0.0	0	1800	0	43.9	1.0	11
2023102089	2025-12-28	6	0.0	3.2	0.0	0	1800	0	40.9	1.0	13
2023102089	2026-01-17	9	0.0	2.4	0.0	0	1900	0	39.9	1.0	13
2023102090	2025-12-20	3	190.0	0.0	1.0	1	1800	0	34.9	0.0	16
2023102090	2026-01-17	14	0.0	1.2	0.0	1	2000	0	36.6	1.0	18
2023102118	2025-10-05	14	0.0	5.1	0.0	0	1600	0	41.0	0.0	16
2023102118	2026-01-17	18	0.0	3.3	0.0	1	2000	0	37.6	1.0	18
2023102132	2025-12-20	4	110.0	1.0	0.0	0	1800	0	37.7	0.0	16
2023102132	2026-01-05	5	59.0	1.0	0.0	0	1900	0	39.0	1.0	16
2023102132	2026-01-17	1	590.0	0.0	0.0	0	1900	0	38.6	1.0	13
2023102210	2025-10-18	5	75.0	0.4	0.0	1	1400	0	33.6	0.0	18
2023102210	2026-01-17	13	0.0	2.6	0.0	0	1200	0	41.2	1.0	16
2023102250	2026-01-17	11	0.0	1.9	0.0	0	1400	0	38.7	0.0	16
2023102364	2025-09-07	8	0.0	2.0	0.0	1	1800	0	35.5	0.0	12
2023102364	2025-09-28	8	0.0	2.0	0.0	1	2000	0	34.5	1.0	16
2023102364	2026-01-17	2	240.0	0.9	0.0	0	1800	0	40.3	1.0	16
2023102365	2025-12-21	8	0.0	1.9	1.0	0	1200	1	37.8	0.0	16
2023102365	2026-01-17	15	0.0	2.8	0.0	0	1200	0	39.8	1.0	16
2023102369	2025-11-02	6	0.0	3.0	0.0	0	1400	2	37.3	0.0	16
2023102369	2025-11-15	8	0.0	3.2	0.0	0	1800	0	39.7	1.0	10
2023102369	2025-12-21	7	0.0	2.1	2.0	0	1800	2	38.5	1.0	16
2023102369	2026-01-11	12	0.0	3.1	0.0	0	1800	0	38.7	1.0	16
2023102369	2026-01-17	10	0.0	2.5	0.0	0	1900	0	39.8	1.0	13
2023102376	2025-10-11	9	0.0	1.8	1.0	1	1400	0	34.3	0.0	17
2023102376	2025-12-20	5	56.0	0.4	1.0	1	1600	2	34.9	1.0	16
2023102376	2026-01-17	10	0.0	0.8	0.0	1	2000	0	36.6	1.0	18
2023102476	2025-06-22	6	0.0	0.4	1.0	1	1200	1	35.8	0.0	12
2023102476	2025-07-20	9	0.0	1.0	0.0	1	1200	0	34.8	1.0	16
2023102476	2025-08-24	8	0.0	2.7	0.0	0	1700	0	39.4	1.0	14
2023102476	2025-09-20	8	0.0	1.5	1.0	0	1800	0	40.9	1.0	10
2023102476	2025-10-05	8	0.0	1.6	2.0	0	1400	1	38.3	1.0	16
2023102476	2025-10-25	8	0.0	2.1	1.0	0	1400	0	41.7	1.0	14
2023102476	2025-12-27	8	0.0	1.7	0.0	0	1200	2	38.7	1.0	15
2023102476	2026-01-17	8	0.0	0.7	0.0	0	1200	0	38.0	1.0	16
2023102518	2025-07-19	2	300.0	0.1	0.0	1	1800	0	37.2	0.0	16
2023102518	2025-09-27	7	0.0	1.3	1.0	1	1600	0	35.3	1.0	16
2023102518	2025-12-21	3	140.0	0.1	1.0	1	1800	1	35.0	1.0	15
2023102518	2026-01-17	13	0.0	0.7	0.0	1	2000	0	36.2	1.0	18
2023102575	2025-10-11	10	0.0	2.4	3.0	0	1600	2	39.1	0.0	16
2023102575	2026-01-17	10	0.0	3.3	0.0	0	1800	0	40.4	1.0	16
2023102584	2025-10-05	5	75.0	0.5	2.0	1	1800	2	34.9	0.0	13
2023102584	2025-12-21	2	220.0	0.0	3.0	1	1800	2	34.7	1.0	18
2023102584	2026-01-17	1	590.0	0.0	0.0	1	2000	0	36.3	1.0	18
2023102593	2025-12-27	9	0.0	1.7	0.0	1	2000	0	34.7	0.0	14
2023102593	2026-01-17	2	240.0	1.0	0.0	0	1800	0	38.5	1.0	10
2023102630	2025-12-27	6	0.0	2.7	0.0	0	1800	2	38.6	0.0	11
2023102630	2026-01-17	6	0.0	1.9	0.0	0	1900	0	39.3	1.0	13
2023102643	2025-12-28	6	0.0	1.2	0.0	0	1400	0	40.4	0.0	16
2023102643	2026-01-17	7	0.0	0.6	0.0	0	1200	0	37.6	1.0	16
2023102657	2025-12-28	15	0.0	4.1	0.0	0	1400	0	42.0	0.0	16
2023102657	2026-01-17	16	0.0	3.4	0.0	0	1200	0	39.6	1.0	16
2023102661	2025-09-15	3	190.0	0.1	1.0	1	1600	0	34.7	0.0	13
2023102661	2025-10-18	5	56.0	0.8	1.0	1	1600	0	34.7	1.0	13
2023102661	2025-11-15	7	0.0	0.2	0.0	1	1200	0	35.6	1.0	16
2023102661	2025-12-07	4	84.0	0.8	0.0	0	1400	0	38.5	1.0	16
2023102661	2026-01-04	4	89.0	0.3	0.0	0	1200	0	37.3	1.0	16
2023102661	2026-01-17	2	240.0	0.0	0.0	0	1200	0	37.8	1.0	16
2023102736	2026-01-11	16	0.0	3.7	0.0	0	1800	0	42.0	0.0	16
2023102736	2026-01-17	10	0.0	4.2	0.0	0	1800	0	41.7	1.0	10
2023102827	2026-01-05	6	0.0	1.3	0.0	0	1200	0	36.9	0.0	14
2023102827	2026-01-17	14	0.0	1.8	0.0	0	1200	0	38.9	1.0	16
2023102898	2025-12-28	16	0.0	4.3	0.0	0	1400	0	39.0	0.0	16
2023102898	2026-01-17	8	0.0	3.1	0.0	0	1800	0	40.2	1.0	10
2023102923	2025-10-19	3	190.0	0.3	1.0	1	2000	0	35.3	0.0	11
2023102923	2025-11-02	4	84.0	0.5	0.0	1	2000	0	35.6	1.0	7
2023102923	2025-11-23	3	140.0	0.4	0.0	1	2000	0	35.9	1.0	16
2023102923	2026-01-17	5	59.0	0.2	0.0	1	2000	0	36.6	1.0	18
2023102952	2026-01-17	4	98.0	0.4	0.0	0	1400	0	37.3	0.0	16
2023102987	2026-01-17	7	0.0	1.4	0.0	0	1400	0	37.6	0.0	16
2023103066	2025-07-13	14	0.0	2.9	0.0	1	1800	0	37.6	0.0	15
2023103066	2025-09-15	3	140.0	0.1	1.0	1	1800	0	34.7	1.0	10
2023103066	2025-10-12	7	0.0	1.0	1.0	1	2000	0	35.5	1.0	10
2023103066	2026-01-17	10	0.0	0.6	0.0	1	2000	0	35.4	1.0	18
2023103085	2025-07-03	1	250.0	0.0	1.0	0	1200	2	38.8	0.0	7
2023103085	2025-07-22	5	21.0	1.8	0.0	0	1200	0	40.2	5.0	8
2023103085	2025-08-23	3	402.9	0.8	0.0	1	1500	0	37.0	5.0	9
2023103085	2025-10-26	6	0.0	1.4	3.0	0	1400	2	38.0	18.0	12
2023103085	2026-01-17	6	0.0	0.5	0.0	1	1600	0	34.4	2.0	8
2023103161	2026-01-17	12	0.0	2.7	0.0	0	1800	0	40.6	0.0	16
2023103187	2026-01-17	9	0.0	1.0	0.0	0	1800	0	40.8	0.0	16
2023103218	2025-09-28	7	0.0	0.6	0.0	1	1400	0	35.8	0.0	18
2023103218	2025-10-11	3	140.0	0.4	1.0	0	1200	0	38.0	1.0	16
2023103218	2025-11-01	11	0.0	1.1	0.0	1	1200	2	34.8	1.0	12
2023103218	2026-01-17	1	590.0	0.0	0.0	0	1200	0	37.5	1.0	16
2023103225	2025-12-21	14	0.0	4.2	1.0	1	1600	1	38.7	0.0	16
2023103225	2026-01-17	9	0.0	1.6	0.0	0	1200	0	39.2	1.0	16
2023103233	2025-12-27	5	37.5	1.5	1.0	0	1200	2	37.2	0.0	14
2023103233	2026-01-17	10	0.0	1.7	0.0	0	1200	0	38.5	1.0	16
2023103245	2026-01-17	8	0.0	0.7	0.0	0	1800	0	39.8	0.0	16
2023103247	2025-08-30	1	750.0	0.0	0.0	1	1400	0	35.6	0.0	10
2023103247	2025-10-04	3	282.5	0.1	2.0	1	1400	1	34.7	2.0	8
2023103247	2025-11-01	10	0.0	0.8	0.0	1	1400	0	34.8		12
2023103247	2026-01-17	6	0.0	1.5	0.0	1	1400	0	34.9		9
2023103313	2025-12-27	5	75.0	2.5	0.0	0	1800	2	38.5	0.0	11
2023103313	2026-01-17	12	0.0	2.8	0.0	0	1900	0	39.3	1.0	13
2023103319	2025-10-19	12	0.0	1.6	1.0	1	1400	0	36.1	0.0	17
2023103319	2025-11-01	9	0.0	0.7	0.0	1	1200	2	35.1	1.0	12
2023103319	2026-01-17	15	0.0	2.1	0.0	0	1200	0	38.6	1.0	16
2023103429	2025-11-08	4	110.0	0.9	1.0	1	1800	0	34.1	0.0	13
2023103429	2026-01-17	7	0.0	0.4	0.0	1	2000	0	35.3	1.0	18
2023103503	2025-06-21	7	0.0	1.7	1.0	1	1200	0	35.8	0.0	15
2023103503	2025-07-05	3	140.0	0.6	0.0	1	1200	1	36.4	1.0	8
2023103503	2025-09-14	5	56.0	0.9	1.0	1	1400	0	35.2	1.0	10
2023103503	2025-10-05	1	560.0	0.0	1.0	1	1600	2	35.3	1.0	7
2023103503	2025-11-30	7	0.0	1.4	0.0	1	1600	0	35.8	2.0	11
2023103503	2025-12-13	1	1139.4	0.0	1.0	1	1400	0	34.8	2.0	11
2023103503	2026-01-17	8	0.0	2.6	0.0	1	1400	0	35.4		9
2023103546	2026-01-17	10	0.0	1.9	0.0	0	1400	0	38.7	0.0	16
2023103556	2025-11-08	8	0.0	2.5	0.0	1	1800	0	36.1	0.0	9
2023103556	2025-12-27	6	0.0	1.3	0.0	0	1400	2	37.4	1.0	16
2023103556	2026-01-17	9	0.0	3.5	0.0	0	1800	0	40.2	1.0	10
2023103560	2025-08-17	9	0.0	2.5	0.0	1	1800	0	35.9	0.0	11
2023103560	2025-10-12	3	140.0	0.3	1.0	1	2000	0	34.2	1.0	10
2023103560	2025-11-30	3	140.0	0.7	0.0	1	2000	0	34.5	1.0	13
2023103560	2026-01-17	6	0.0	0.3	0.0	1	2000	0	35.4	1.0	18
2023103648	2025-11-24	1	750.0	0.0	0.0	1	1800	0	34.4	0.0	16
2023103648	2026-01-17	2	465.2	0.0	0.0	1	1600	0	34.5	2.0	8
2023103654	2025-08-03	7	0.0	1.0	0.0	1	1600	0	35.0	0.0	7
2023103654	2025-11-29	14	0.0	1.7	0.0	1	1600	0	36.3	1.0	14
2023103654	2026-01-17	13	0.0	1.7	0.0	0	1200	0	37.7	1.0	16
2023103676	2025-12-20	7	0.0	0.4	0.0	1	1600	0	33.4	0.0	18
2023103676	2026-01-17	7	0.0	0.4	0.0	1	2000	0	36.6	1.0	18
2023103682	2025-10-05	6	0.0	2.8	1.0	0	1800	1	38.5	0.0	16
2023103682	2025-11-02	7	0.0	2.1	0.0	0	1800	2	39.9	1.0	15
2023103682	2025-12-27	5	56.0	3.5	0.0	0	1800	2	39.9	1.0	11
2023103682	2026-01-17	5	59.0	1.7	0.0	0	1900	0	39.4	1.0	13
2023103703	2025-10-26	14	0.0	6.9	1.0	0	1800	1	41.6	0.0	16
2023103703	2026-01-05	10	0.0	2.2	0.0	0	1900	0	40.7	1.0	16
2023103703	2026-01-17	11	0.0	2.6	0.0	0	1900	0	40.6	1.0	13
2023103709	2025-10-11	2	300.0	0.0	3.0	0	1600	2	37.2	0.0	16
2023103709	2025-11-01	5	56.0	0.8	0.0	0	1600	3	37.0	1.0	16
2023103709	2026-01-17	1	590.0	0.0	0.0	0	1800	0	39.0	1.0	16
2023103720	2025-10-04	2	300.0	0.1	2.0	1	2000	1	34.9	0.0	14
2023103720	2025-10-12	2	220.0	0.6	1.0	1	2000	0	35.8	1.0	9
2023103720	2026-01-04	2	240.0	0.1	0.0	0	1800	0	37.7	1.0	16
2023103720	2026-01-17	1	590.0	0.0	0.0	0	1800	0	37.8	1.0	10
2023103746	2025-06-14	7	0.0	1.8	2.0	1	1200	2	36.3	0.0	8
2023103746	2025-06-28	6	0.0	1.9	0.0	1	1200	0	37.0	1.0	6
2023103746	2025-10-25	13	0.0	3.6	1.0	0	1400	0	42.9	1.0	14
2023103746	2026-01-17	4	89.0	0.5	0.0	0	1200	0	38.5	1.0	16
2023103777	2025-10-25	10	0.0	2.6	1.0	1	1600	0	36.6	0.0	14
2023103777	2026-01-17	17	0.0	3.4	0.0	1	2000	0	39.4	1.0	18
2023103805	2025-10-13	15	0.0	2.6	0.0	1	1600	0	34.5	0.0	17
2023103805	2025-11-23	10	0.0	1.1	1.0	1	1800	0	34.2	1.0	18
2023103805	2026-01-17	11	0.0	0.6	0.0	1	2000	0	35.4	1.0	18
2023103896	2025-08-23	4	110.0	1.8	0.0	0	1800	0	39.2	0.0	12
2023103896	2025-09-13	5	56.0	1.9	1.0	0	1800	0	39.4	1.0	8
2023103896	2025-11-08	5	56.0	1.6	0.0	0	1800	0	38.7	1.0	12
2023103896	2025-12-07	8	0.0	2.4	0.0	0	1800	0	39.6	1.0	13
2023103896	2025-12-21	6	0.0	2.9	3.0	0	1800	2	39.5	1.0	12
2023103896	2026-01-17	4	89.0	1.6	0.0	0	1900	0	39.0	1.0	13
2023103906	2025-12-13	2	300.0	0.3	1.0	1	2000	0	33.3	0.0	12
2023103906	2026-01-17	8	0.0	0.5	0.0	1	2000	0	36.5	1.0	18
2023103980	2025-08-02	1	750.0	0.0	0.0	1	1500	0	33.9	0.0	11
2023103980	2025-09-06	9	0.0	0.9	1.0	1	1800	0	36.2		12
2023103980	2025-11-01	6	0.0	0.2	0.0	1	1400	0	32.8		12
2023103980	2025-11-23	2	444.8	0.3	1.0	1	1600	0	32.9	2.0	8
2023103980	2026-01-17	7	0.0	0.5	0.0	1	1600	0	34.4	2.0	8
2023104034	2025-12-14	1	750.0	0.0	0.0	1	1400	2	35.0	0.0	11
2023104034	2026-01-17	3	532.9	1.0	0.0	1	1400	0	33.7		9
2023104046	2026-01-17	2	260.0	0.1	0.0	0	1400	0	36.8	0.0	16
2023104065	2025-07-13	2	300.0	0.7	0.0	1	1800	0	36.0	0.0	15
2023104065	2025-08-16	6	0.0	0.8	0.0	1	1800	0	34.8	1.0	13
2023104065	2025-09-13	5	56.0	1.8	1.0	0	1800	3	41.0	1.0	11
2023104065	2025-10-13	4	84.0	0.7	1.0	0	1600	0	38.7	1.0	15
2023104065	2025-11-23	2	220.0	0.5	1.0	1	1800	0	34.3	1.0	18
2023104065	2025-12-21	4	84.0	0.2	1.0	1	1800	1	34.9	1.0	15
2023104065	2026-01-17	3	150.0	0.2	0.0	1	2000	0	35.5	1.0	18
2023104099	2025-12-06	9	0.0	3.4	0.0	0	1200	0	39.6	0.0	10
2023104099	2025-12-27	11	0.0	2.2	0.0	0	1200	2	38.3	1.0	15
2023104099	2026-01-17	9	0.0	1.2	0.0	0	1200	0	38.2	1.0	16
2023104164	2025-07-12	10	0.0	2.3	1.0	1	1200	0	35.5	0.0	11
2023104164	2025-08-02	10	0.0	1.7	0.0	1	1000	0	33.0	1.0	12
2023104164	2025-08-23	6	0.0	1.1	0.0	1	2000	0	36.1	1.0	6
2023104164	2025-10-25	12	0.0	2.1	0.0	1	1800	0	35.2	1.0	13
2023104164	2025-11-16	18	0.0	6.1	0.0	1	1800	0	41.0	1.0	18
2023104164	2026-01-17	16	0.0	2.1	0.0	1	2000	0	36.3	1.0	18
2023104252	2026-01-17	6	0.0	1.2	0.0	0	1400	0	38.2	0.0	16
2023104255	2025-08-31	7	0.0	1.9	0.0	1	1600	0	35.6	0.0	14
2023104255	2025-09-15	5	56.0	1.5	0.0	1	2000	0	34.6	1.0	5
2023104255	2025-12-07	11	0.0	2.5	0.0	0	1400	0	40.1	1.0	16
2023104255	2025-12-27	5	56.0	1.0	0.0	0	1200	2	37.7	1.0	15
2023104255	2026-01-17	10	0.0	1.3	0.0	0	1200	0	38.5	1.0	16
2023104341	2025-10-19	4	110.0	0.7	1.0	1	1400	2	35.7	0.0	18
2023104341	2025-11-01	4	84.0	0.4	0.0	1	1400	2	34.4	1.0	12
2023104341	2025-12-06	5	56.0	0.3	0.0	1	1600	0	34.1	1.0	15
2023104341	2025-12-20	5	56.0	1.0	2.0	1	1800	0	35.3	1.0	16
2023104341	2026-01-17	7	0.0	2.9	0.0	0	1800	0	41.7	1.0	16
2023104371	2025-10-04	5	75.0	0.5	1.0	1	1800	0	34.0	0.0	17
2023104371	2025-11-02	3	140.0	0.3	1.0	1	1800	0	34.8	1.0	10
2023104371	2026-01-17	5	59.0	0.3	0.0	1	2000	0	34.7	1.0	18
2023104433	2025-08-23	12	0.0	12.6	0.0	0	1800	0	49.7	0.0	12
2023104433	2025-12-14	11	0.0	2.3	1.0	0	1400	2	39.5	1.0	13
2023104433	2025-12-27	15	0.0	3.5	0.0	0	1200	2	39.5	1.0	15
2023104433	2026-01-17	6	0.0	0.6	0.0	0	1200	0	37.9	1.0	16
2023104586	2026-01-04	6	0.0	1.6	0.0	0	1800	0	39.1	0.0	12
2023104586	2026-01-17	13	0.0	5.4	0.0	0	1900	0	43.0	1.0	13
2023104677	2026-01-17	16	0.0	7.3	0.0	0	1400	0	40.9	0.0	16
2023104764	2025-09-06	4	110.0	0.5	0.0	1	1200	0	34.0	0.0	16
2023104764	2026-01-17	5	59.0	1.0	0.0	0	1200	0	39.0	1.0	16
2023104775	2026-01-17	13	0.0	2.5	0.0	0	1400	0	38.3	0.0	16
2023104932	2025-06-28	15	0.0	2.6	0.0	1	1200	2	35.9	0.0	16
2023104932	2025-09-06	8	0.0	2.7	0.0	0	1700	0	40.2	1.0	10
2023104932	2025-09-20	9	0.0	3.4	1.0	0	1800	1	41.1	1.0	13
2023104932	2025-10-18	13	0.0	4.8	1.0	0	1800	0	42.3	1.0	14
2023104932	2026-01-17	13	0.0	4.1	0.0	0	1800	0	42.2	1.0	16
2023104954	2026-01-17	16	0.0	2.9	0.0	0	1200	0	39.2	1.0	16
2023104957	2025-11-30	5	75.0	1.5	0.0	1	2000	0	35.3	0.0	8
2023104957	2025-12-14	10	0.0	2.1	1.0	1	2000	2	36.6	1.0	13
2023104957	2026-01-05	11	0.0	3.1	0.0	0	1800	0	39.4	1.0	14
2023104957	2026-01-17	14	0.0	2.8	0.0	1	2000	0	37.7	1.0	18
2023104992	2025-08-10	9	0.0	2.7	3.0	0	1200	2	39.4	0.0	15
2023104992	2025-09-15	3	140.0	0.4	1.0	0	1200	0	39.3	1.0	16
2023104992	2025-10-13	8	0.0	2.0	0.0	0	1400	0	39.0	1.0	13
2023104992	2026-01-05	3	150.0	0.7	0.0	0	1200	2	37.3	1.0	16
2023104992	2026-01-17	6	0.0	1.0	0.0	0	1200	0	39.1	1.0	16
2023105008	2025-10-12	6	0.0	0.5	1.0	0	1300	0	37.9	0.0	16
2023105008	2025-10-25	1	560.0	0.0	1.0	0	1800	0	37.3	1.0	11
2023105008	2026-01-17	7	0.0	2.0	0.0	0	1800	0	37.7	2.0	8
2023105060	2026-01-17	4	98.0	0.2	0.0	0	1800	0	40.4	0.0	16
2023105203	2025-10-05	1	750.0	0.0	1.0	1	1200	2	34.7	0.0	12
2023105203	2025-11-01	9	0.0	0.8	0.0	1	1400	0	34.8		12
2023105203	2025-12-13	1	1138.0	0.0	1.0	1	1200	0	33.9	2.0	13
2023105203	2026-01-17	7	0.0	1.6	0.0	1	1400	0	34.8		9
2023105230	2025-11-15	5	75.0	0.6	0.0	1	1800	0	33.9	0.0	10
2023105230	2026-01-17	15	0.0	1.8	0.0	1	2000	0	36.2	1.0	18
2023105246	2025-11-29	2	300.0	0.0	0.0	1	1600	0	34.0	0.0	13
2023105246	2025-12-21	1	560.0	0.0	1.0	1	1800	1	35.0	1.0	15
2023105246	2026-01-17	3	292.6	0.3	0.0	1	1600	0	34.9	2.0	8
2023105272	2025-09-07	2	300.0	0.3	0.0	0	1800	0	40.6	0.0	16
2023105272	2025-09-21	4	84.0	0.7	0.0	0	1800	0	38.9	1.0	11
2023105272	2025-11-08	1	560.0	0.0	0.0	0	1800	0	37.7	1.0	12
2023105272	2026-01-17	2	330.0	0.2	0.0	0	1800	0	36.7	2.0	8
2023105294	2025-07-20	5	75.0	0.8	0.0	1	1800	0	35.6	0.0	9
2023105294	2026-01-05	4	89.0	0.3	0.0	1	2000	0	36.0	1.0	17
2023105294	2026-01-17	2	240.0	0.0	0.0	0	1900	0	38.4	1.0	13
2023105300	2025-08-17	1	750.0	0.0	0.0	1	1600	0	34.0	0.0	9
2023105300	2025-09-20	2	644.0	0.6	1.0	1	1600	0	34.5	5.0	6
2023105300	2025-10-31	11	0.0			1	1600	0			12
2023105300	2026-01-17	9	0.0	2.7	0.0	1	1400	0	36.1		9
2023105312	2025-09-06	1	750.0	0.0	0.0	1	1500	0	35.2	0.0	10
2023105312	2025-10-19	1	1618.9	0.0	1.0	1	1400	0	34.2	5.0	7
2023105312	2026-01-17	1	2120.3	0.0	0.0	1	1400	0	34.2		9
2023105432	2025-08-23	6	0.0	0.4	0.0	1	1600	0	33.8	0.0	13
2023105432	2025-09-07	6	0.0	1.3	0.0	1	1600	0	35.6	1.0	7
2023105432	2026-01-04	10	0.0	1.1	0.0	1	1600	0	35.9	1.0	16
2023105432	2026-01-17	12	0.0	3.9	0.0	0	1800	0	42.7	1.0	16
2023105466	2025-12-28	2	300.0	0.3	0.0	0	1400	0	40.1	0.0	16
2023105466	2026-01-17	3	150.0	0.3	0.0	0	1200	0	37.9	1.0	16
2023105587	2025-09-13	13	0.0	3.8	1.0	0	1400	0	41.4	0.0	13
2023105587	2025-11-22	12	0.0	2.8	0.0	1	1200	0	35.9	1.0	18
2023105587	2025-11-29	10	0.0	1.2	0.0	1	1600	0	35.5	1.0	14
2023105587	2026-01-17	6	0.0	0.2	0.0	1	2000	0	35.9	1.0	18
2023105641	2026-01-11	14	0.0	2.7	0.0	0	1800	0	40.8	0.0	16
2023105641	2026-01-17	7	0.0	2.0	0.0	0	1900	0	39.7	1.0	13
2023105644	2026-01-17	11	0.0	2.4	0.0	0	1800	0	40.6	0.0	16
2023105651	2025-10-12	5	75.0	0.9	1.0	1	2000	0	34.9	0.0	12
2023105651	2025-11-08	15	0.0	2.5	0.0	1	1800	0	38.3	1.0	16
2023105651	2026-01-17	17	0.0	2.5	0.0	1	2000	0	36.4	1.0	18
2023105729	2026-01-17	5	65.0	0.5	0.0	0	1400	0	37.7	0.0	16
2023105765	2026-01-17	3	160.0	0.2	0.0	0	1400	0	37.2	0.0	16
2023105803	2025-09-15	7	0.0	0.7	1.0	1	1600	0	34.7	0.0	13
2023105803	2025-10-04	6	0.0	2.9	1.0	0	1600	0	41.3	1.0	16
2023105803	2026-01-04	5	59.0	1.3	0.0	0	1200	2	39.2	1.0	16
2023105803	2026-01-17	8	0.0	1.5	0.0	0	1200	0	39.1	1.0	16
2023105807	2025-10-12	2	300.0	0.0	1.0	1	2000	0	33.8	0.0	13
2023105807	2025-11-15	1	560.0	0.0	0.0	1	2000	0	35.7	1.0	16
2023105807	2026-01-17	1	1158.2	0.0	0.0	1	1600	0	34.2	2.0	8
2023106011	2025-12-07	4	110.0	0.4	0.0	1	1600	0	34.4	0.0	17
2023106011	2025-12-28	1	560.0	0.0	0.0	0	1800	0	38.4	1.0	13
2023106011	2026-01-17	4	120.0	1.2	0.0	0	1800	0	37.4	2.0	8
2023106052	2026-01-17	5	65.0	0.3	0.0	0	1800	0	38.9	0.0	16
2023106060	2026-01-17	3	160.0	0.1	0.0	0	1800	0	39.5	0.0	16
2023106078	2025-11-16	8	0.0	1.0	0.0	0	1600	0	37.3	0.0	16
2023106078	2026-01-04	4	89.0	1.6	0.0	0	1800	0	38.5	1.0	16
2023106078	2026-01-17	3	150.0	2.1	0.0	0	1800	0	39.3	1.0	10
2023106219	2025-11-24	3	190.0	0.6	0.0	1	1800	0	34.3	0.0	16
2023106219	2025-12-21	5	56.0	0.3	1.0	1	1800	1	35.0	1.0	15
2023106219	2026-01-17	2	240.0	0.0	0.0	1	2000	0	34.5	1.0	18
2023106247	2025-09-28	13	0.0	3.2	0.0	0	1200	0	39.2	0.0	16
2023106247	2025-12-27	14	0.0	3.2	1.0	0	1200	2	38.7	1.0	16
2023106247	2026-01-17	12	0.0	2.3	0.0	0	1200	0	39.2	1.0	16
2023106298	2026-01-17	1	650.0	0.0	0.0	0	1400	0	37.5	0.0	16
2023106331	2025-10-11	11	0.0	4.3	3.0	0	1400	2	40.3	0.0	16
2023106331	2025-10-26	12	0.0	2.8	2.0	0	1400	3	39.0	1.0	14
2023106331	2025-12-21	8	0.0	1.9	1.0	0	1200	3	38.1	1.0	16
2023106331	2026-01-17	4	89.0	0.4	0.0	0	1200	0	38.7	1.0	16
2023106374	2025-11-01	12	0.0	2.9	0.0	0	1400	3	37.9	0.0	16
2023106374	2026-01-04	12	0.0	4.4	0.0	0	1800	2	43.8	1.0	12
2023106374	2026-01-17	15	0.0	8.1	0.0	0	1800	0	46.0	1.0	16
2023106551	2025-12-28	13	0.0	3.3	0.0	0	1400	0	40.9	0.0	16
2023106551	2026-01-17	7	0.0	2.9	0.0	0	1800	0	39.7	1.0	10
2023106554	2026-01-17	10	0.0	1.4	0.0	0	1800	0	41.0	0.0	16
2023106582	2025-06-15	9	0.0	4.3	1.0	1	1600	2	38.1	0.0	10
2023106582	2025-09-07	7	0.0	0.9	0.0	1	2000	0	34.4	1.0	10
2023106582	2025-09-20	7	0.0	1.1	1.0	1	2000	0	35.3	1.0	14
2023106582	2025-11-02	7	0.0	1.4	1.0	1	1800	0	35.7	1.0	10
2023106582	2025-11-16	15	0.0	2.2	0.0	1	1800	0	36.7	1.0	18
2023106582	2025-12-06	10	0.0	3.5	1.0	1	2000	0	37.6	2.0	11
2023106582	2026-01-04	11	0.0	4.8	0.0	0	1800	2	41.1	1.0	13
2023106582	2026-01-17	14	0.0	4.4	0.0	0	1800	0	42.9	1.0	16
2023106620	2025-08-17	3	190.0	1.5	3.0	1	1800	2	37.0	0.0	5
2023106620	2025-08-30	3	140.0	0.9	2.0	1	1800	2	37.6	1.0	7
2023106620	2025-12-20	10	0.0	1.5	2.0	1	1800	0	35.2	1.0	16
2023106620	2026-01-17	9	0.0	3.1	0.0	0	1800	0	42.6	1.0	16
2023106639	2026-01-04	15	0.0	2.1	1.0	1	1800	0	35.3	0.0	18
2023106639	2026-01-17	15	0.0	2.9	0.0	1	2000	0	37.4	1.0	18
2023106686	2026-01-17	13	0.0	3.3	0.0	0	1800	0	41.1	0.0	16
2023106733	2025-12-20	7	0.0	1.9	1.0	0	1800	0	39.8	0.0	13
2023106733	2026-01-05	6	0.0	1.7	0.0	0	1800	2	40.0	1.0	12
2023106733	2026-01-17	6	0.0	2.7	0.0	0	1800	0	41.7	1.0	16
2023106835	2025-10-26	3	190.0	0.2	2.0	1	1800	2	33.7	0.0	16
2023106835	2026-01-17	1	590.0	0.0	0.0	1	2000	0	35.1	1.0	18
2023106901	2025-10-04	6	0.0	0.5	1.0	1	1800	0	34.5	0.0	17
2023106901	2025-12-21	10	0.0	1.0	3.0	1	1800	2	35.6	1.0	18
2023106901	2026-01-17	11	0.0	1.2	0.0	1	2000	0	37.6	1.0	18
2023106949	2025-10-12	3	190.0	0.0	1.0	1	2000	0	34.0	0.0	13
2023106949	2026-01-17	3	150.0	0.1	0.0	1	2000	0	35.9	1.0	18
2023107000	2025-09-28	13	0.0	0.9	0.0	1	1400	0	35.2	0.0	18
2023107000	2025-12-06	5	56.0	1.2	0.0	1	1800	0	34.0	1.0	9
2023107000	2026-01-05	10	0.0	1.0	0.0	1	2000	0	36.2	1.0	17
2023107000	2026-01-17	4	89.0	2.2	0.0	0	1800	0	39.2	1.0	10
2023107006	2025-06-08	1	750.0	0.0	1.0	1	1400	0	34.7	0.0	17
2023107006	2025-08-31	5	310.0	1.4	0.0	1	1400	0	35.1		13
2023107006	2025-11-23	5	111.0	0.6	1.0	1	1600	0	33.6	2.0	8
2023107006	2026-01-17	4	320.0	1.1	0.0	1	1400	0	34.3		9
2023107051	2025-08-23	2	300.0	0.0	0.0	1	1600	0	32.9	0.0	13
2023107051	2025-11-08	5	56.0	1.3	1.0	1	2000	0	33.7	1.0	12
2023107051	2026-01-17	4	89.0	0.3	0.0	1	2000	0	35.4	1.0	18
2023107060	2025-06-22	2	300.0	0.4	0.0	1	1400	0	35.4	0.0	16
2023107060	2025-08-10	9	0.0	1.2	3.0	1	1400	2	35.6	1.0	18
2023107060	2025-10-13	1	560.0	0.0	1.0	0	1600	0	39.3	1.0	15
2023107060	2026-01-17	5	114.0	0.5	0.0	1	1600	0	34.5	2.0	8
2023107071	2025-10-25	1	750.0	0.0	1.0	1	1600	0	34.8	0.0	14
2023107071	2025-12-06	2	445.4	0.2	0.0	1	1600	0	33.7	2.0	8
2023107071	2026-01-17	4	170.0	0.4	0.0	1	1600	0	34.6	2.0	8
2023107090	2026-01-17	2	260.0	0.1	0.0	0	1800	0	40.2	0.0	16
2023107092	2025-09-15	3	190.0	0.4	0.0	1	1600	0	33.7	0.0	10
2023107092	2025-11-08	3	140.0	0.5	0.0	1	1800	0	34.5	1.0	9
2023107092	2026-01-17	2	240.0	0.0	0.0	1	2000	0	36.8	1.0	18
2023107122	2025-12-06	9	0.0	3.1	0.0	1	2000	0	36.0	0.0	10
2023107122	2025-12-28	10	0.0	1.2	0.0	1	1800	0	35.1	1.0	18
2023107122	2026-01-17	12	0.0	1.7	0.0	1	2000	0	37.2	1.0	18
2023107131	2025-08-23	8	0.0	3.4	0.0	0	1800	0	40.7	0.0	12
2023107131	2025-12-27	1	560.0	0.0	0.0	0	1800	2	37.3	1.0	11
2023107131	2026-01-17	1	820.0	0.0	0.0	0	1800	0	36.4	2.0	8
2023107184	2026-01-17	7	0.0	0.6	0.0	0	1800	0	40.2	0.0	16
2023107206	2025-08-02	6	0.0	1.0	0.0	1	1500	0	34.6	0.0	11
2023107206	2025-08-23	4	84.0	0.7	1.0	1	1800	2	37.3	1.0	8
2023107206	2025-11-02	6	0.0	1.3	0.0	1	1600	0	35.6	1.0	12
2023107206	2026-01-17	8	0.0	0.6	0.0	1	1600	0	34.3	2.0	8
2023107307	2025-10-04	10	0.0	1.0	1.0	1	1800	0	34.2	0.0	17
2023107307	2025-11-15	9	0.0	1.7	0.0	0	1600	0	38.7	1.0	14
2023107307	2026-01-17	5	59.0	2.5	0.0	0	1800	0	40.3	1.0	16
2023107313	2025-10-11	9	0.0	0.7	3.0	1	1600	0	34.5	0.0	14
2023107313	2025-12-27	3	140.0	0.8	1.0	0	1200	2	38.0	1.0	16
2023107313	2026-01-17	1	590.0	0.0	0.0	0	1200	0	38.1	1.0	16
2023107351	2025-12-27	4	110.0	2.3	0.0	0	1800	2	38.6	0.0	11
2023107351	2026-01-17	5	59.0	2.4	0.0	0	1800	0	39.9	1.0	10
2023107371	2025-12-07	1	750.0	0.0	0.0	0	1800	0	37.6	0.0	9
2023107371	2026-01-17	8	0.0	2.8	0.0	0	1800	0	39.0	2.0	8
2023107440	2025-08-31	9	0.0	1.6	0.0	1	1800	0	36.0	0.0	12
2023107440	2025-09-14	8	0.0	2.9	1.0	0	1800	2	39.9	1.0	11
2023107440	2025-10-04	5	56.0	2.8	1.0	0	1600	0	39.3	1.0	16
2023107440	2025-10-12	7	0.0	1.6	0.0	0	1600	0	38.4	1.0	15
2023107440	2025-11-30	13	0.0	4.1	0.0	0	1600	0	39.6	1.0	16
2023107440	2025-12-13	4	84.0	2.5	0.0	0	1800	0	38.9	1.0	10
2023107440	2025-12-28	11	0.0	2.1	0.0	0	1800	0	41.5	1.0	16
2023107440	2026-01-17	11	0.0	3.4	0.0	0	1800	0	41.1	1.0	16
2023107477	2026-01-17	9	0.0	1.9	0.0	0	1400	0	39.3	0.0	16
2023107489	2026-01-17	15	0.0	4.1	0.0	0	1800	0	42.2	0.0	16
2023107520	2025-11-15	1	750.0	0.0	0.0	0	1200	0	36.1	0.0	16
2023107520	2025-12-13	2	448.4	0.1	1.0	1	1400	0	35.1	2.0	11
2023107520	2026-01-17	2	845.8	0.7	0.0	1	1400	0	34.4		9
2023109058	2025-07-12	8	0.0	1.9	1.0	0	1150	0	37.8	0.0	14
2023109058	2025-08-10	10	0.0	1.7	3.0	1	1400	2	35.8	1.0	18
2023109058	2025-09-20	5	56.0	1.7	1.0	0	1800	1	41.6	1.0	13
2023109058	2025-10-18	4	84.0	1.4	1.0	0	1800	0	39.6	1.0	14
2023109058	2025-11-08	10	0.0	3.1	0.0	0	1700	0	40.2	1.0	15
2023109058	2025-12-28	9	0.0	1.6	0.0	0	1800	0	39.9	1.0	16
2023109058	2026-01-17	8	0.0	3.0	0.0	0	1800	0	42.5	1.0	16
2023110070	2025-09-21	6	0.0	1.9	0.0	0	1800	2	40.4	0.0	16
2023110070	2025-10-18	3	140.0	1.6	1.0	0	1800	2	39.7	1.0	10
2023110070	2025-11-15	1	560.0	0.0	0.0	0	1800	0	37.4	1.0	10
2023110070	2026-01-17	5	82.0	1.6	0.0	0	1800	0	37.6	2.0	8
