horse_id	date	rank	prize	rank_diff	weather	race_type	course_len	ground_state	agari	race_class	n_horses
2016100126	2018-08-05	4	110.0	0.6	0.0	1	1800	0	34.6	0.0	11
2016100126	2018-10-27	5	50.0	1.3	3.0	1	1800	2	36.2	1.0	14
2016100126	2018-11-04	8	0.0	0.7	1.0	1	1800	0	34.7	1.0	15
2016100126	2018-12-15	3	130.0	0.3	1.0	1	2000	0	36.1	1.0	11
2016100126	2019-01-06	4	75.0	0.6	1.0	1	2000	0	37.2	1.0	16
2016100126	2019-02-10	2	200.0	0.0	0.0	1	2000	2	35.8	1.0	12
2016100126	2019-03-03	1	500.0	0.0	3.0	1	2000	1	38.8	1.0	18
2016100126	2019-04-14	5	72.0	0.3	2.0	1	2000	2	34.8	2.0	11
2016100126	2019-05-11	6	0.0	0.9	0.0	1	2000	0	35.1	2.0	8
2016100126	2019-06-16	4	110.0	0.4	1.0	1	2000	2	37.1	2.0	5
2016100126	2019-08-03	4	110.0	0.9	0.0	1	2000	0	35.7	2.0	9
2016100126	2019-08-10	3	264.1	0.6	1.0	1	2000	2	35.7	5.0	10
2016100126	2019-10-26	3	190.0	0.7	1.0	1	2000	1	35.2	2.0	9
2016100126	2019-11-17	4	160.0	0.5	0.0	1	2000	0	34.8	5.0	16
2016100126	2020-02-02	1	1097.8	0.0	0.0	1	2000	2	36.5	5.0	11
2016100126	2020-02-16	2	610.6	0.2	1.0	1	1800	1	36.6	5.0	16
2016100126	2020-05-02	4	230.0	0.5	0.0	1	1800	0	34.5	3.0	15
2016100126	2020-05-30	4	230.0	0.3	0.0	1	2000	0	33.7	5.0	7
2016100126	2020-06-28	8	0.0	1.3	1.0	1	2000	2	36.8	5.0	11
2016100126	2020-07-26	2	606.2	0.5	0.0	1	2000	0	35.3	3.0	10
2016100126	2020-08-16	9	0.0	1.1	0.0	1	2000	0	36.1	5.0	13
2016100126	2020-12-05	3	280.0	0.3	0.0	1	2000	0	35.1	3.0	8
2016100126	2021-01-24	5	150.0	1.0	1.0	1	2600	1	37.9	5.0	11
2016100126	2021-03-06	3	385.7	0.2	1.0	1	2000	2	35.0	5.0	17
2016100126	2021-04-10	9	0.0	0.7	0.0	1	2200	0	34.4	5.0	12
2016100126	2021-05-29	2	607.0	0.1	0.0	1	2000	0	34.8	5.0	10
2016100126	2021-07-18	6	0.0	0.6	0.0	1	2000	0	34.6	5.0	14
2016100126	2021-08-08	6	0.0	0.7	1.0	1	2000	0	35.1	5.0	14
2016100126	2021-09-19	3	383.4	0.6	1.0	1	2200	0	34.7	5.0	9
2016100126	2021-10-03	5	150.0	1.1	0.0	1	2000	0	33.8	5.0	8
2016100126	2021-12-12	4	230.0	0.5	1.0	1	2000	0	34.6	3.0	12
2016100126	2022-01-15	5	151.0	1.1	0.0	1	2000	0	35.7	5.0	10
2016100126	2022-02-26	10	0.0	1.4	0.0	1	2000	0	34.8	5.0	12
2016100126	2022-03-12	6	0.0	0.5	0.0	1	2000	0	35.3	5.0	16
2016100126	2022-04-09	7	0.0	0.7	0.0	1	2400	0	33.6	5.0	10
2016100126	2022-05-15	7	0.0	0.6	1.0	1	2200	0	35.3	5.0	9
2016100126	2022-06-05	3	382.9	0.6	1.0	1	2200	0	35.8	5.0	8
2016100126	2022-08-13	5	151.0	0.9	0.0	1	2000	0	35.4	5.0	7
2016100126	2022-10-02	3	383.7	0.2	0.0	1	2000	0	34.1	5.0	10
2016100126	2022-11-13	11	0.0	1.8	3.0	1	2200	1	38.4	3.0	14
2016100126	2023-01-14	4	230.0	0.4	1.0	1	2000	1	35.6	5.0	8
2016100126	2023-01-28	8	0.0	0.9	0.0	1	2200	0	34.7	5.0	9
2016100126	2023-03-25	2	628.6	0.7	2.0	1	2200	1	35.4	5.0	13
2016100126	2023-06-17	5	155.0	0.6	0.0	1	2000	0	37.0	5.0	8
2016100126	2023-07-02	8	0.0	2.7	0.0	1	2200	0	38.8	5.0	9
2016100126	2023-10-01	6	0.0	0.8	1.0	1	2000	0	35.1	3.0	15
2016100126	2023-10-21	5	155.0	0.8	2.0	1	2000	1	35.8	5.0	9
2016100126	2023-12-17	6	0.0	0.7	0.0	1	2200	0	34.6	5.0	9
2016100126	2024-01-07	8	0.0	2.0	0.0	1	2400	0	36.4	5.0	12
2016100126	2024-02-24	9	0.0	0.3	0.0	1	2000	2	36.6	5.0	15
2016100126	2024-03-23	7	0.0	0.9	2.0	1	2200	1	35.8	5.0	10
2016100126	2024-06-15	13	0.0	0.8	1.0	1	2000	0	34.5	5.0	13
2016100126	2024-06-30	5	155.0	0.8	1.0	0	1700	0	37.2	5.0	13
2016100126	2024-08-25	3	395.0	1.1	1.0	0	1800	0	36.9	5.0	16
2016100126	2024-09-14	3	394.7	0.5	0.0	0	1800	0	36.9	5.0	12
2016100126	2024-12-07	4	230.0	1.7	0.0	0	1900	0	38.2	5.0	14
2016100126	2025-02-02	3	393.7	0.4	1.0	0	1800	2	38.3	5.0	10
2016100126	2025-03-29	4	230.0	0.2	0.0	0	1800	2	38.2	5.0	13
2016100126	2025-05-17	4	230.0	1.7	1.0	0	1800	2	38.0	5.0	10
2016100126	2025-06-01	7	0.0	0.7	0.0	0	1800	0	38.2	5.0	14
2016100126	2025-08-10	6	0.0	1.0	1.0	0	1800	0	37.5	5.0	12
2016100126	2025-11-15	7	0.0	0.4	0.0	0	1600	0	36.4	5.0	16
2016100126	2025-12-07	3	394.6	0.2	0.0	0	1800	0	37.5	5.0	13
2016104668	2019-02-17	2	240.0	0.1	0.0	1	2000	0	35.6	0.0	18
2016104668	2019-03-10	1	500.0	0.0	2.0	1	1800	0	35.3	1.0	12
2016104668	2019-04-20	1	1018.2	0.0	0.0	1	1800	0	33.2	2.0	7
2016104668	2019-09-07	2	604.8	0.3	0.0	1	1800	0	33.0	5.0	7
2016104668	2019-10-06	1	1520.3	0.0	0.0	1	1800	0	33.9	5.0	8
2016104668	2019-10-20	18	0.0	6.9	0.0	1	3000	0	41.8		18
2016104668	2020-02-02	11	0.0	0.5	0.0	1	1800	0	34.7	4.0	13
2016104668	2020-06-07	10	0.0	0.5	0.0	1	1600	0	34.0	4.0	18
2016104668	2020-06-21	13	0.0	2.3	0.0	1	2000	0	37.0	4.0	16
2016104668	2021-05-16	7	0.0	0.9	3.0	1	1800	2	35.7	4.0	14
2016104668	2021-06-12	7	0.0	0.6	0.0	1	1600	0	33.6	4.0	11
2016104668	2021-06-26	3	463.3	0.1	1.0	1	1400	0	34.2	4.0	10
2016104668	2021-08-28	13	0.0	1.1	1.0	1	1600	0	34.3	4.0	18
2016104668	2021-10-16	3	465.6	0.3	1.0	1	1400	0	34.6	4.0	18
2016104668	2021-11-13	7	0.0	0.6	0.0	1	1400	0	34.0	4.0	18
2016104668	2022-01-09	4	280.0	0.8	0.0	1	1400	0	35.1	4.0	16
2016104668	2022-02-06	5	184.0	0.2	0.0	1	1400	2	35.4	4.0	10
2016104668	2022-03-06	4	280.0	0.2	0.0	1	1400	0	34.4	4.0	11
2016104668	2022-04-03	8	0.0	0.7	1.0	1	1400	0	34.6	4.0	15
2016104668	2022-04-30	1	1875.0	0.0	0.0	1	1200	0	33.8	4.0	16
2016104668	2022-07-03	9	0.0	1.2	1.0	1	1200	0	34.3		17
2016104668	2022-10-16	12	0.0	0.7	0.0	1	1400	0	34.9		18
2016104668	2022-10-30	16	0.0	1.3	1.0	1	1000	2	33.6		18
2016104668	2023-01-09	5	270.0	0.3	0.0	1	1200	0	33.2		15
2016104668	2023-02-12	8	0.0	0.2	0.0	1	1200	2	34.4	5.0	18
2016104668	2023-04-16	14	0.0	1.2	0.0	1	1200	1	35.5		16
2016104668	2023-05-28	18	0.0	2.2	0.0	1	1400	0	34.2		18
2016104668	2023-08-20	13	0.0	1.9	0.0	0	1200	0	36.7	5.0	14
2016104668	2023-09-09	9	0.0	2.8	0.0	0	1400	0	40.8		9
2016104668	2023-12-16	6	0.0	0.4	1.0	1	1200	2	34.6	5.0	16
2016104668	2024-02-11	14	0.0	0.7	0.0	1	1200	0	34.1	5.0	18
2016104668	2024-02-25	18	0.0	3.2	2.0	1	1400	1	38.4		18
2016104668	2024-05-05	3	584.0	0.2	0.0	1	1200	0	32.9	5.0	13
2016104668	2024-07-14	1	2333.6	0.0	2.0	1	1200	0	34.0	5.0	16
2016104668	2024-08-18	14	0.0	0.7	0.0	1	1200	0	33.3		18
2016104668	2024-09-08	18	0.0	1.3	0.0	1	1200	0	33.5		18
2016104668	2024-12-14	11	0.0	0.7	1.0	1	1200	0	33.7	5.0	16
2016104668	2025-01-12	12	0.0	1.0	1.0	1	1200	0	34.2		18
2016104668	2025-03-23	14	0.0	1.2	0.0	0	1200	0	36.6	5.0	16
2016104668	2025-04-13	7	0.0	0.6	3.0	1	1200	2	34.0		14
2016104668	2025-05-17	11	0.0	1.0	0.0	1	1200	1	35.0	5.0	11
2016104668	2025-06-15	1	2730.1	0.0	1.0	1	1400	2	35.5		14
2016104668	2025-07-06	11	0.0	0.8	0.0	1	1200	0	35.5		18
2016104668	2025-10-04	9	0.0	0.6	1.0	1	1200	1	34.3		18
2016104668	2025-11-16	11	0.0	0.7	0.0	1	1400	0	33.9		18
2016104668	2025-12-27	13	0.0	1.4	0.0	1	1400	0	36.1		16
2017100655	2020-03-08	14	0.0	1.8	3.0	1	1400	3	36.0	1.0	18
2017100655	2020-05-10	8	0.0	1.1	1.0	1	1800	0	34.7	1.0	14
2017100655	2020-05-24	6	0.0	1.1	0.0	1	2000	0	37.4	1.0	14
2017100655	2020-06-20	9	0.0	1.6	0.0	1	1800	2	35.9	1.0	18
2017100655	2020-08-16	11	0.0	2.5	0.0	1	1800	0	37.6	1.0	15
2017100655	2020-09-18	4	3.8	1.2	0.0	0	800	0	36.9		10
2017100655	2020-10-02	2	10.2	0.2	0.0	0	1400	0	41.4		10
2017100655	2020-10-27	1	30.0	0.0	0.0	0	1400	0	40.1	10.0	11
2017100655	2020-11-11	6	0.0	1.1	0.0	0	1400	0	40.3	5.0	10
2017100655	2020-11-24	2	9.6	1.1	0.0	0	1400	0	41.5		10
2017100655	2020-12-23	5	2.4	1.6	0.0	0	1400	0	42.0	11.0	10
2017100655	2021-01-02	3	5.4	0.2	0.0	0	1400	0	40.7	11.0	10
2017100655	2021-01-14	4	3.6	1.6	0.0	0	1400	0	41.0		12
2017100655	2021-01-27	7	0.0	1.5	0.0	0	1400	3	40.7	11.0	11
2017100655	2021-02-08	1	30.0	0.0	0.0	0	1400	2	41.2	10.0	11
2017100655	2021-03-12	6	0.0	2.3	3.0	0	1400	2	38.8	10.0	11
2017100655	2021-03-25	2	9.6	0.1	2.0	0	1400	0	39.3	11.0	11
2017100655	2021-04-08	4	3.8	1.6	0.0	0	1400	2	40.3	11.0	11
2017100655	2021-05-05	3	5.8	1.4	3.0	0	1400	2	40.1	11.0	11
2017100655	2021-05-20	1	32.0	0.0	3.0	0	1400	1	39.5	11.0	11
2017100655	2021-06-18	2	14.4	0.1	1.0	0	1400	1	38.9	5.0	11
2017100655	2021-07-02	2	10.2	0.4	1.0	0	1400	3	38.3	9.0	10
2017100655	2021-07-23	9	0.0	1.6	0.0	0	1400	0	38.8	9.0	10
2017100655	2021-08-20	4	3.8	0.8	1.0	0	1400	3	38.5	10.0	10
2017100655	2021-09-03	4	5.4	1.1	3.0	0	1600	2	40.0	5.0	12
2017100655	2021-09-17	4	4.3	0.4	3.0	0	1600	2	39.8		7
2017100655	2021-10-15	8	0.0	2.3	0.0	0	1400	0	40.4	10.0	12
2017100655	2021-11-19	6	0.0	1.5	0.0	0	1400	0	39.6		10
2017100655	2021-12-03	8	0.0	1.9	0.0	0	1400	1	40.1	9.0	11
2017100655	2021-12-13	6	0.0	0.9	0.0	0	1400	2	40.5		10
2017100655	2021-12-24	3	5.8	0.4	0.0	0	1400	2	40.0		10
2017100655	2022-05-21	5	79.0	2.2	1.0	2	2890	0	13.4	1.0	13
2017100655	2022-06-12	5	79.0	1.9	0.0	2	3000	0	13.5	1.0	13
2017100655	2022-07-10	5	79.0	2.0	0.0	2	2750	0	13.4	1.0	13
2017100655	2022-07-24	7	0.0	5.6	0.0	2	2770	0	13.7	1.0	11
2017100655	2022-08-28	5	79.0	2.3	1.0	2	2850	2	13.4	1.0	8
2017100655	2022-09-25	6	0.0	3.6	1.0	2	3000	0	13.5	1.0	12
2017100655	2023-12-02	16	0.0	2.9	0.0	0	1200	0	38.8	2.0	16
2017100655	2023-12-10	11	0.0	4.3	0.0	0	1200	0	38.4	2.0	12
2017100655	2024-06-23	14	0.0	3.5	1.0	0	1400	1	37.1	2.0	16
2017100655	2024-09-15	4	120.0	1.6	1.0	2	3000	2	13.4	1.0	10
2017100655	2024-10-12	7	0.0	4.8	0.0	2	2850	0	13.4	1.0	10
2017100655	2024-12-22	11	0.0	6.8	1.0	2	2910	0	14.1	1.0	14
2017100655	2025-01-18	9	0.0	4.9	0.0	2	2880	0	13.9	1.0	11
2017100655	2025-02-08	6	0.0	5.3	4.0	2	2860	2	14.0	1.0	9
2017100655	2025-02-22	3	210.0	0.3	0.0	2	2860	0	13.8	1.0	11
2017100655	2025-03-02	10	0.0	6.7	3.0	2	2860	2	14.2	1.0	11
2017100655	2025-05-03	9	0.0	2.9	0.0	2	2890	0	13.3	1.0	14
2017100655	2025-11-16	7	0.0	4.7	0.0	2	2750	0	13.5	1.0	10
2017101560	2020-01-06	4	90.0	0.8	0.0	0	1800	0	38.0	0.0	16
2017101560	2020-02-02	2	200.0	0.7	0.0	0	1800	2	39.4	1.0	12
2017101560	2020-04-12	1	510.0	0.0	3.0	0	1800	0	38.2	1.0	16
2017101560	2020-07-18	3	190.0	0.9	0.0	0	2000	0	37.8	2.0	16
2017101560	2021-01-24	3	190.0	0.2	2.0	0	1800	3	38.3	2.0	9
2017101560	2021-02-06	3	274.9	0.8	0.0	0	1700	2	37.8	5.0	13
2017101560	2021-04-24	1	760.0	0.0	0.0	0	1400	0	36.7	2.0	14
2017101560	2021-11-14	2	609.4	0.0	0.0	0	1400	0	38.3	3.0	15
2017101560	2021-12-12	1	1534.3	0.0	0.0	0	1400	0	36.2	5.0	16
2017101560	2022-02-19	2	749.8	0.1	2.0	0	1400	0	37.1	4.0	16
2017101560	2022-03-20	1	1874.3	0.0	1.0	0	1400	1	36.5	4.0	16
2017101560	2022-04-30	5	220.0	0.3	0.0	0	1200	2	35.8	5.0	16
2017101560	2022-06-25	1	2239.2	0.0	2.0	0	1400	0	36.2	5.0	16
2017101560	2022-10-10	14	0.0	1.8	1.0	0	1600	1	36.0		16
2017101560	2022-10-22	2	891.8	0.0	0.0	0	1400	0	37.3	5.0	16
2017101560	2022-12-04	5	220.0	0.4	1.0	0	1400	2	36.7	5.0	14
2017101560	2022-12-25	1	2233.6	0.0	0.0	0	1200	0	35.5	5.0	16
2017101560	2023-02-19	1	2233.6	0.0	1.0	0	1200	2	35.6	5.0	16
2017101560	2023-03-14	8	0.0	1.5	0.0	0	1400	3	39.9		12
2017101560	2023-04-19	2	945.0	0.1	0.0	0	1200	2	36.2		11
2017101560	2023-06-01	1	2200.0	0.0	0.0	0	1200	0	37.2		10
2017101560	2023-10-04	9	0.0	2.3	3.0	0	1200	3	37.9		13
2017101560	2023-11-03	9	0.0	2.2	0.0	0	1200	0	38.8		15
2017101560	2023-12-20	2	1200.0	0.1	0.0	0	1400	2	39.5		11
2017101560	2024-02-24	6	0.0			0	1200	0			11
2017101560	2024-03-30	9	0.0			0	1200	0			14
2017101560	2024-08-14	3	600.0	0.4	1.0	0	1200	1	34.7		13
2017106642	2019-09-16	10	0.0	1.8	0.0	1	1200	0	35.0	0.0	12
2017106642	2019-10-05	4	75.0	0.5	0.0	0	1400	2	38.2	1.0	14
2017106642	2019-11-03	4	75.0	3.2	0.0	0	1800	0	39.4	1.0	9
2017106642	2019-11-24	2	200.0	0.4	0.0	0	1800	0	39.3	1.0	15
2017106642	2020-04-05	11	0.0	3.1	0.0	0	1800	0	41.3	1.0	16
2017106642	2020-04-25	2	200.0	0.2	0.0	0	1900	0	38.7	1.0	16
2017106642	2020-05-09	2	200.0	0.0	0.0	0	1800	0	37.3	1.0	16
2017106642	2020-05-23	2	200.0	0.2	0.0	0	1900	0	39.1	1.0	13
2017106642	2020-06-13	1	510.0	0.0	1.0	0	1800	3	37.9	1.0	16
2017106642	2020-07-04	1	760.0	0.0	1.0	0	1800	3	36.6	2.0	12
2017106642	2020-08-30	1	1535.7	0.0	0.0	0	1700	0	36.3	3.0	16
2017106642	2020-11-01	1	1850.8	0.0	0.0	0	1900	0	36.7	4.0	14
2017106642	2020-11-29	15	0.0	4.1	0.0	0	2000	0	42.3	5.0	15
2017106642	2021-03-11	8	0.0	5.1	0.0	0	1900	0	42.7		12
2017106642	2021-04-18	15	0.0	4.7	0.0	0	1800	1	41.9		16
2017106642	2021-07-11	1	3657.4	0.0	3.0	0	1700	1	35.5		16
2017106642	2021-08-14	6	0.0	1.4	3.0	0	1700	3	38.9	5.0	15
2017106642	2021-09-22	1	2100.0	0.0	3.0	0	2100	3	36.3		12
2017106642	2021-11-23	1	3500.0	0.0	0.0	0	2000	1	37.3		10
2017106642	2022-02-08	3	230.0	1.6	0.0	0	2000	0	39.9		11
2017106642	2022-03-23	9	0.0	4.1	1.0	0	2400	3	44.3		14
2017106642	2022-07-18	12	0.0	4.2	1.0	0	2000	2	40.7		14
2017106642	2022-10-04	6	0.0	1.4	1.0	0	2100	0	40.5		12
2017106642	2022-11-27	11	0.0	2.5	0.0	0	2000	2	41.3	5.0	16
2017106642	2023-04-16	7	0.0	1.4	0.0	0	1800	1	39.3		15
2017106642	2023-05-20	14	0.0	3.5	0.0	0	1900	2	41.5		16
2017106642	2023-09-09	7	0.0	1.4	0.0	0	1400	0	38.3		9
2017106642	2023-11-05	15	0.0	1.7	0.0	0	1800	0	38.3		16
2017106642	2023-12-03	4	330.0	0.2	0.0	0	1400	0	36.3	5.0	13
2017106642	2024-01-07	10	0.0	0.7	0.0	0	1400	0	37.0		15
2017106642	2024-02-04	9	0.0	0.5	0.0	0	1200	0	36.3	5.0	16
2017106642	2024-03-09	8	0.0	0.6	1.0	0	1400	0	36.6		16
2017106642	2024-04-06	15	0.0	1.8	1.0	0	1700	0	38.5	5.0	15
2017106642	2024-11-09	12	0.0	1.1	0.0	0	1200	0	36.6	5.0	16
2017106642	2025-02-09	10	0.0	6.6	0.0	2	2860	2	14.0	1.0	12
2017106642	2025-03-02	3	210.0	2.5	3.0	2	2860	2	13.9	1.0	11
2017106642	2025-04-06	1	840.0	0.0	1.0	2	2880	0	13.8	1.0	12
2017106642	2025-05-10	10	0.0	5.3	1.0	2	2890	2	13.6	5.0	11
2017106642	2025-08-09	7	0.0	2.6	1.0	2	3300	0	13.3	5.0	9
2017106642	2025-08-30	11	0.0	7.7	1.0	2	3250	0	13.7	5.0	13
2017106642	2025-11-22	14	0.0	11.8	0.0	2	3380	0	14.0	5.0	14
2017106642	2025-12-28	9	0.0	0.8	0.0	0	1400	0	36.9	5.0	16
2017106722	2019-11-23	2	280.0	0.9	0.0	0	1800	0	37.6	0.0	13
2017106722	2019-12-21	1	500.0	0.0	0.0	0	1800	2	37.6	1.0	16
2017106722	2020-02-09	7	0.0	1.2	1.0	1	1800	0	34.3		8
2017106722	2020-04-05	10	0.0	1.9	0.0	0	1800	0	38.9	2.0	12
2017106722	2020-06-13	12	0.0	2.6	3.0	0	1800	3	37.6	2.0	16
2017106722	2020-10-11	4	110.0	1.0	0.0	0	1800	0	37.7	2.0	11
2017106722	2020-10-25	4	110.0	0.3	1.0	0	1800	1	37.4	2.0	10
2017106722	2020-11-22	4	110.0	1.2	0.0	0	1800	0	38.0	2.0	16
2017106722	2020-12-13	5	76.0	0.6	1.0	0	1800	0	37.1	2.0	16
2017106722	2021-01-05	6	0.0	0.6	1.0	0	1800	0	37.9	2.0	11
2017106722	2021-02-07	4	110.0	0.3	0.0	0	1900	0	37.0	2.0	11
2017106722	2021-02-28	1	760.0	0.0	0.0	0	1800	0	36.8	2.0	9
2017106722	2021-05-01	9	0.0	1.8	1.0	0	1800	1	39.2	3.0	10
2017106722	2021-05-16	7	0.0	0.4	3.0	0	1800	2	38.4	5.0	15
2017106722	2021-06-05	5	150.0	0.4	1.0	1	2200	0	35.8	5.0	10
2017106722	2021-06-27	8	0.0	1.1	0.0	0	1800	0	37.7	3.0	13
2017106722	2021-07-10	7	0.0	1.3	0.0	0	1700	1	36.3	3.0	14
2017106722	2021-10-09	6	0.0	2.3	0.0	0	1800	0	39.5	3.0	11
2017106722	2021-10-24	4	230.0	1.2	0.0	1	2000	0	36.0	3.0	9
2017106722	2021-11-07	5	110.0	0.6	0.0	0	1800	0	38.0	3.0	14
2017106722	2021-12-05	5	110.0	0.6	0.0	0	2000	0	37.4	3.0	10
2017106722	2022-02-15	4	120.0	0.8	0.0	0	1600	3	38.6	16.0	14
2017106722	2022-03-12	15	0.0	2.7	0.0	1	2000	0	37.0	5.0	16
2017106722	2022-04-02	10	0.0	1.0	0.0	0	1800	0	37.6	3.0	14
2017106722	2022-08-06	8	0.0	1.6	0.0	0	1800	0	40.2	3.0	15
2017106722	2022-08-20	6	0.0	1.4	0.0	1	1800	0	34.0	5.0	8
2017106722	2022-09-17	13	0.0	2.5	0.0	0	2400	0	38.5	5.0	15
2017106722	2022-10-08	6	0.0	1.3	0.0	0	1800	2	38.6	3.0	13
2017106722	2023-01-05	12	0.0	0.4	0.0	0	1800	0	38.5	3.0	16
2017106722	2023-01-21	9	0.0	0.7	0.0	1	1800	2	35.5	3.0	9
2017106722	2023-02-11	11	0.0	1.2	0.0	0	1600	3	35.8	3.0	16
2017106722	2023-02-25	10	0.0	1.8	1.0	1	1800	0	36.1	5.0	10
2017106722	2023-03-11	3	395.0	0.4	0.0	0	1800	0	37.2	5.0	15
2017106722	2023-04-01	4	230.0	0.4	0.0	0	1800	0	37.9	3.0	13
2017106722	2023-04-22	10	0.0	1.4	0.0	0	1700	0	38.2	5.0	15
2017106722	2023-05-07	10	0.0	0.7	3.0	0	1600	2	35.3	5.0	10
2017106722	2023-05-27	12	0.0	1.8	0.0	0	1600	0	37.3	3.0	16
2017106722	2023-07-09	8	0.0	2.3	1.0	0	1700	0	39.9	3.0	15
2017106722	2023-07-23	9	0.0	1.0	0.0	0	1700	0	36.8	5.0	14
2017106722	2023-10-01	13	0.0	2.4	1.0	0	1800	0	39.2	3.0	16
2017106722	2023-12-28	6	0.0	0.9	0.0	0	1800	0	39.1	3.0	16
2017106722	2024-01-14	11	0.0	2.5	0.0	0	1800	0	38.8	3.0	16
2017106722	2024-02-03	14	0.0	1.9	0.0	0	1600	0	36.2	3.0	16
2017106722	2024-03-02	12	0.0	1.4	1.0	0	1800	1	37.5	3.0	13
2017106722	2024-04-28	13	0.0	1.3	0.0	0	1800	0	37.1	5.0	14
2017106722	2024-06-29	12	0.0	2.2	1.0	0	1700	2	38.4	5.0	16
2017106722	2024-07-07	10	0.0	1.8	0.0	0	1700	0	36.9	5.0	12
2017106722	2024-07-21	14	0.0	1.5	1.0	1	2000	0	37.6	5.0	18
2017106722	2024-09-15	9	0.0	3.2	1.0	1	2200	2	36.6	5.0	10
2017106722	2024-10-05	8	0.0	0.6	0.0	0	1800	2	37.1	5.0	13
2017106722	2024-10-26	8	0.0	6.0	0.0	2	2850	0	13.5	1.0	8
2017106722	2024-11-10	8	0.0	2.4	0.0	2	2750	0	14.0	1.0	9
2017106722	2024-12-07	12	0.0	3.0	0.0	0	1900	0	38.1	5.0	14
2017106722	2025-01-06	11	0.0	2.9	1.0	0	1800	0	40.5	3.0	16
2017106722	2025-03-08	10	0.0	2.4	1.0	1	2500	0	36.6	5.0	10
2017106722	2025-03-29	6	0.0	1.3	1.0	0	2000	2	37.4	3.0	9
2017106722	2025-04-05	12	0.0	2.4	0.0	0	1800	2	39.2	3.0	16
2017106722	2025-04-27	8	0.0	1.7	0.0	1	2200	0	34.2	5.0	8
2017106722	2025-06-22	9	0.0	4.1	0.0	1	2000	0	37.5	5.0	9
2017106722	2025-07-06	3	392.2	4.4	0.0	1	2600	0	39.4	3.0	7
2017106722	2025-07-26	10	0.0	2.1	0.0	0	1800	0	37.6	5.0	15
2017106722	2025-08-24	11	0.0	2.4	0.0	0	1700	0	37.8	3.0	14
2017106722	2025-11-29	9	0.0	3.5	0.0	1	1600	0	36.8	3.0	9
2017106722	2025-12-14	10	0.0	3.0	0.0	1	2200	2	36.0	5.0	10
2017106722	2026-01-11	10	0.0	3.5	0.0	0	1900	0	39.2	5.0	10
2018106354	2020-12-13	3	180.0	0.2	0.0	1	1800	0	34.4	0.0	12
2018106354	2021-01-16	1	510.0	0.0	0.0	1	1800	0	36.1	1.0	16
2018106354	2021-04-24	3	252.3	0.0	0.0	1	1800	0	33.3	2.0	7
2018106354	2021-05-22	2	407.0	0.3	0.0	1	1800	2	37.4	2.0	9
2018106354	2021-08-14	7	0.0	0.9	3.0	1	1800	3	38.9	2.0	14
2018106354	2021-10-24	9	0.0	0.6	0.0	1	1600	2	35.3	5.0	16
2018106354	2021-11-14	2	300.0	0.5	0.0	1	2000	0	35.9	2.0	16
2018106354	2022-01-22	5	107.0	0.3	0.0	1	1800	0	36.4	5.0	15
2018106354	2022-02-12	4	160.0	0.2	0.0	1	2000	0	35.4	5.0	10
2018106354	2022-11-06	10	0.0	0.7	0.0	1	1800	0	36.5	5.0	15
2018106354	2022-12-04	5	77.0	1.9	1.0	0	1800	2	39.0	2.0	9
2018106354	2023-01-21	2	451.6	0.1	0.0	1	2000	2	36.1	5.0	15
2018106354	2023-02-11	6	0.0	0.2	0.0	1	2000	1	35.1	5.0	12
2018106354	2023-04-15	2	320.0	0.0	3.0	1	1800	2	36.1	2.0	16
2018106354	2023-05-07	3	200.0	0.3	3.0	1	2000	3	36.3	2.0	9
2018106354	2023-05-20	5	111.0	0.4	0.0	1	2000	0	34.7	5.0	16
2018106354	2023-06-18	8	0.0	0.7	0.0	1	1800	0	35.4	5.0	11
2018106354	2023-07-01	3	200.0	0.4	0.0	1	2000	2	35.3	2.0	14
2018106354	2023-07-08	3	283.6	0.2	0.0	1	2000	0	34.9	5.0	10
2018106354	2023-08-05	4	170.0	0.7	1.0	1	2000	2	36.0	5.0	9
2018106354	2023-08-19	8	0.0	1.1	1.0	1	2000	0	35.8	5.0	16
2018106354	2023-10-21	4	170.0	0.7	2.0	1	2200	1	36.0	5.0	15
2018106354	2023-11-11	6	0.0	1.5	0.0	1	2000	0	37.4	5.0	12
2018106354	2024-01-21	8	0.0	1.5	1.0	1	1800	2	36.9	2.0	15
2018106354	2024-06-08	7	0.0	3.4	0.0	2	3000	0	13.8	1.0	11
2018106354	2024-12-14	3	285.8	0.7	0.0	1	2000	0	35.9	2.0	16
2018106354	2024-12-28	3	200.0	0.3	0.0	1	1800	0	34.8	2.0	17
2018106354	2025-01-25	3	200.0	0.5	0.0	1	2000	0	36.8	2.0	12
2018106354	2025-02-10	5	80.0	1.0	0.0	1	1800	0	36.0	2.0	11
2018106354	2025-04-13	6	0.0	1.1	2.0	1	2000	0	36.8	2.0	16
2018106354	2025-04-27	3	392.8	0.3	0.0	1	2200	0	33.4	5.0	8
2018106354	2025-05-17	3	283.7	0.1	1.0	1	2000	2	34.9	5.0	9
2018106354	2025-06-07	5	80.0	0.7	1.0	1	2200	0	35.3	2.0	10
2018106354	2025-10-18	1	800.0	0.0	1.0	1	2000	0	35.1	2.0	8
2018106354	2025-11-01	10	0.0	1.1	0.0	1	2000	0	35.0	5.0	11
2018106354	2026-01-17	6	0.0	0.5	0.0	1	2000	0	34.7	5.0	10
2018110149	2021-02-07	3	150.0	0.2	0.0	1	1600	0	34.4	0.0	16
2018110149	2021-03-06	2	200.0	0.0	1.0	1	1600	2	35.0	1.0	16
2018110149	2021-03-28	1	510.0	0.0	1.0	1	1400	0	35.2	1.0	18
2018110149	2021-10-16	5	76.0	0.6	1.0	1	1600	0	34.7	2.0	14
2018110149	2021-10-31	8	0.0	0.3	0.0	1	1400	0	35.8	5.0	18
2018110149	2022-01-10	3	190.0	0.4	1.0	1	1600	0	35.5	2.0	15
2018110149	2022-02-05	9	0.0	0.9	1.0	1	1600	0	35.2	2.0	16
2018110149	2022-03-13	6	0.0	0.7	1.0	0	1200	0	37.1	2.0	16
2018110149	2022-05-22	2	310.0	0.3	0.0	1	1400	0	35.3	2.0	16
2018110149	2022-06-18	3	274.3	0.4	0.0	1	1200	0	33.9	5.0	8
2018110149	2023-04-30	8	0.0	0.5	1.0	1	1200	1	35.5	2.0	15
2018110149	2023-07-02	2	320.0	0.3	0.0	1	1200	0	34.9	2.0	16
2018110149	2023-07-23	6	0.0	0.7	0.0	1	1200	0	35.9	2.0	13
2018110149	2024-02-17	5	80.0	0.2	0.0	1	1200	0	34.9	2.0	18
2018110149	2024-03-02	3	200.0	0.3	0.0	1	1200	2	35.0	2.0	18
2018110149	2024-03-24	2	320.0	0.3	2.0	1	1200	1	35.2	2.0	16
2018110149	2024-04-14	1	1147.8	0.0	0.0	1	1200	0	34.5	5.0	14
2018110149	2024-05-18	11	0.0	0.7	0.0	1	1200	0	36.1	5.0	16
2018110149	2024-10-27	15	0.0	1.5	0.0	1	1200	0	35.5	5.0	16
2018110149	2025-02-08	1	1580.1	0.0	0.0	1	1400	0	34.8	3.0	13
2018110149	2025-03-30	7	0.0	0.4	0.0	1	1200	0	35.0	4.0	16
2018110149	2025-04-27	3	464.6	0.2	0.0	1	1400	0	34.1	4.0	15
2018110149	2025-05-25	3	462.9	0.1	1.0	1	1400	0	34.6	4.0	9
2018110149	2025-06-22	8	0.0	0.6	0.0	1	1400	0	34.9	4.0	16
2018110149	2025-12-06	10	0.0	1.2	0.0	1	1400	0	35.0	4.0	12
2018110149	2026-01-05	4	280.0	0.1	0.0	1	1200	0	34.2	4.0	14
2019100286	2021-10-16	2	280.0	0.2	1.0	0	1800	2	38.5	0.0	10
2019100286	2021-11-07	2	200.0	0.3	1.0	0	1600	0	37.0	1.0	14
2019100286	2021-11-28	1	510.0	0.0	0.0	0	1600	0	38.8	1.0	16
2019100286	2022-01-29	6	0.0	1.1	1.0	0	1600	0	38.1	2.0	16
2019100286	2022-04-09	1	750.0	0.0	0.0	0	1800	0	38.4	2.0	14
2019100286	2022-05-22	6	0.0	1.5	0.0	0	1800	0	39.0		10
2019100286	2022-08-20	2	609.4	0.4	3.0	0	1800	1	37.6	5.0	15
2019100286	2022-09-04	5	151.0	0.7	0.0	0	1800	0	38.4	5.0	15
2019100286	2022-10-02	3	280.0	0.5	0.0	0	1800	0	38.1	3.0	16
2019100286	2022-12-11	4	230.0	1.3	1.0	0	1800	0	38.0	3.0	16
2019100286	2022-12-28	3	385.5	0.2	0.0	0	1800	0	37.8	3.0	16
2019100286	2023-01-15	7	0.0	0.9	1.0	0	1800	0	38.5	3.0	16
2019100286	2023-03-11	8	0.0	0.8	0.0	0	1800	0	36.9	5.0	15
2019100286	2023-06-24	11	0.0	1.4	1.0	0	1400	0	36.6	5.0	16
2019100286	2023-10-29	2	630.4	0.2	3.0	0	1800	3	36.9	5.0	15
2019100286	2023-11-18	3	395.4	0.2	0.0	0	1800	1	37.1	5.0	16
2019100286	2023-12-02	13	0.0	1.7	0.0	0	1800	0	37.3	5.0	16
2019100286	2024-03-16	3	395.7	0.5	0.0	0	1900	0	36.8	5.0	16
2019100286	2024-03-30	3	395.4	0.2	0.0	0	1800	1	36.9	3.0	15
2019100286	2024-04-14	1	1582.9	0.0	0.0	0	1800	0	37.9	5.0	14
2019100286	2024-06-16	7	0.0	0.8	0.0	0	1800	0	36.8	4.0	16
2019100286	2024-07-06	3	464.5	0.2	1.0	0	1700	0	36.6	4.0	15
2019100286	2024-08-10	1	1869.4	0.0	0.0	0	1700	0	37.8	4.0	14
2019100286	2024-09-28	4	570.0	0.5	1.0	0	1900	0	36.7		15
2019100286	2024-12-08	9	0.0	1.1	0.0	0	1800	0	38.0		16
2019100286	2025-03-09	6	0.0	0.6	0.0	0	1800	1	36.9	5.0	16
2019100286	2025-03-22	6	0.0	1.2	0.0	0	1800	0	37.4	5.0	14
2019100286	2025-05-24	12	0.0	1.4	3.0	0	1900	2	35.7		16
2019100286	2025-07-19	8	0.0	0.9	0.0	0	1700	0	36.6	5.0	14
2019100286	2025-09-20	7	0.0	1.2	2.0	0	1800	1	36.9	5.0	15
2019100286	2025-11-22	4	330.0	0.3	0.0	0	1900	0	37.2	5.0	16
2019100615	2021-10-09	3	180.0	0.5	0.0	1	2000	0	34.5	0.0	12
2019100615	2021-11-06	3	130.0	1.0	0.0	1	2000	0	36.4	1.0	11
2019100615	2022-02-05	3	130.0	0.2	1.0	1	2000	0	35.3	1.0	14
2019100615	2022-02-19	2	210.0	0.3	1.0	0	2000	0	40.0	1.0	9
2019100615	2022-03-12	2	210.0	0.1	0.0	0	2000	0	37.4	1.0	8
2019100615	2022-04-23	2	210.0	0.1	0.0	0	2000	0	37.0	1.0	10
2019100615	2022-05-07	2	210.0	0.4	0.0	0	1900	0	38.1	1.0	8
2019100615	2022-09-04	7	0.0	1.7	0.0	0	1700	2	38.8	1.0	15
2019100615	2022-09-17	1	770.0	0.0	1.0	0	1900	0	37.3	2.0	11
2019100615	2022-12-04	2	310.0	0.5	0.0	0	1900	0	38.7	2.0	10
2019100615	2022-12-18	2	310.0	0.4	0.0	0	2000	0	40.0	2.0	7
2019100615	2023-01-08	3	200.0	0.3	0.0	0	1900	0	37.2	2.0	12
2019100615	2023-03-18	2	320.0	0.3	2.0	0	1900	3	36.4	2.0	10
2019100615	2023-04-08	1	800.0	0.0	0.0	0	2000	3	38.4	2.0	10
2019100615	2023-06-24	3	395.1	1.6	1.0	0	2000	2	40.1	5.0	16
2019100615	2023-07-30	14	0.0	7.7	1.0	1	2600	0	42.4	5.0	14
2019100615	2023-11-12	2	460.0	0.6	1.0	0	1900	2	37.5	3.0	16
2019100615	2023-12-09	3	290.0	0.3	0.0	0	2400	0	38.0	3.0	16
2019100615	2024-02-10	10	0.0	1.3	1.0	0	1900	0	38.3	3.0	14
2019100615	2024-03-17	7	0.0	1.8	0.0	0	2400	0	38.5	3.0	16
2019100615	2024-05-05	3	290.0	0.6	0.0	0	1900	0	36.6	3.0	14
2019100615	2024-05-26	6	0.0	0.9	0.0	0	1900	0	37.7	5.0	11
2019100615	2024-09-29	11	0.0	1.7	1.0	0	1900	1	38.5	3.0	16
2019100615	2024-10-19	4	230.0	0.6	3.0	0	1900	2	38.1	3.0	12
2019100615	2025-09-28	9	0.0	2.1	1.0	0	2000	0	38.8	3.0	14
2019100615	2025-10-25	8	0.0	1.4	1.0	0	1900	0	38.0	3.0	16
2019100615	2025-12-20	8	0.0	1.7	1.0	0	2400	0	39.4	5.0	16
2019100702	2021-12-04	7	0.0	1.5	0.0	1	1800	0	36.1	0.0	11
2019100702	2021-12-28	10	0.0	2.0	1.0	0	1800	0	39.3	1.0	12
2019100702	2022-03-08	3	10.8	1.6	0.0	0	1400	0	41.3		10
2019100702	2022-04-24	5	52.0	0.6	1.0	1	1400	0	34.0	1.0	18
2019100702	2022-05-15	2	210.0	0.5	1.0	1	1400	0	34.6	1.0	18
2019100702	2022-06-04	5	52.0	0.8	0.0	1	1400	0	34.1	1.0	18
2019100702	2022-06-25	3	130.0	0.6	0.0	1	1600	0	35.0	1.0	16
2019100702	2022-07-17	1	520.0	0.0	1.0	1	1800	0	35.8	1.0	15
2019100702	2022-08-07	15	0.0	2.1	0.0	1	1600	0	33.7	2.0	18
2019100702	2022-11-19	15	0.0	1.3	0.0	1	1800	0	36.0	5.0	16
2019100702	2022-12-11	14	0.0	1.4	0.0	1	1600	0	34.4	2.0	16
2019100702	2022-12-18	3	190.0	0.1	0.0	1	1600	0	34.8	2.0	16
2019100702	2023-01-28	6	0.0	0.4	1.0	1	1800	1	36.6	5.0	14
2019100702	2023-02-26	9	0.0	0.9	0.0	1	1800	0	36.1	5.0	15
2019100702	2023-04-15	3	200.0	0.2	3.0	1	1800	2	36.0	2.0	16
2019100702	2023-04-30	5	80.0	0.6	1.0	1	1800	1	35.0	2.0	12
2019100702	2023-05-13	6	0.0	0.8	2.0	1	1800	0	33.5	2.0	9
2019100702	2023-06-18	4	170.0	0.1	0.0	1	1800	0	34.9	5.0	11
2019100702	2023-07-08	2	447.2	0.1	0.0	1	2000	0	35.0	5.0	10
2019100702	2023-07-16	2	449.2	0.2	1.0	1	1800	2	35.7	5.0	14
2019100702	2023-08-05	9	0.0	1.3	1.0	1	1800	2	35.4	2.0	13
2019100702	2023-08-19	4	170.0	0.7	1.0	1	2000	0	35.3	5.0	16
2019100702	2023-09-03	8	0.0	0.7	0.0	1	1800	0	36.1	2.0	14
2019100702	2023-12-28	5	80.0	0.7	0.0	1	1800	0	35.4	2.0	16
2019100702	2024-01-13	2	320.0	0.2	0.0	1	1800	0	35.0	2.0	16
2019100702	2024-01-28	2	320.0	0.1	0.0	1	2000	2	36.2	2.0	13
2019100702	2024-02-10	6	0.0	0.5	0.0	1	2000	0	34.7	2.0	11
2019100702	2024-02-24	2	320.0	0.2	0.0	1	1800	1	36.2	2.0	13
2019100702	2024-03-02	7	0.0	1.1	0.0	1	1800	2	35.5	5.0	13
2019100702	2024-06-08	6	0.0	0.1	0.0	1	2000	0	35.7	2.0	13
2019100702	2024-06-15	4	170.0	0.3	0.0	1	2000	0	35.3	5.0	12
2019100702	2024-06-29	5	80.0	0.4	0.0	1	2000	0	35.9	2.0	11
2019100702	2024-07-14	9	0.0	1.0	0.0	1	1800	0	35.4	5.0	13
2019100702	2024-07-27	3	200.0	0.2	1.0	1	2000	0	34.3	2.0	9
2019100702	2024-08-17	6	0.0	0.9	1.0	1	2000	0	35.2	5.0	12
2019100702	2024-08-31	7	0.0	1.0	1.0	1	2000	1	36.9	2.0	16
2019100702	2024-12-28	9	0.0	0.9	0.0	1	1800	0	35.0	2.0	16
2019100702	2025-02-02	13	0.0	2.2	0.0	1	2000	2	37.8	5.0	16
2019100702	2025-02-16	3	200.0	0.1	0.0	1	1800	0	34.9	2.0	15
2019100702	2025-03-02	4	120.0	0.6	3.0	1	2000	1	36.4	2.0	18
2019100702	2025-03-22	1	1152.0	0.0	0.0	1	2000	0	34.7	5.0	18
2019100702	2025-04-20	5	155.0	0.5	1.0	1	2000	0	34.7	5.0	8
2019100702	2025-05-18	9	0.0	1.0	1.0	1	2000	0	35.0	5.0	10
2019100702	2025-06-08	5	155.0	0.5	0.0	1	2000	0	33.7	3.0	12
2019100702	2025-06-28	13	0.0	1.0	0.0	1	2000	0	35.0	5.0	16
2019100702	2025-07-27	9	0.0	1.5	0.0	1	2000	0	34.5	5.0	10
2019100702	2025-08-30	9	0.0	1.7	1.0	1	2000	2	37.2	3.0	14
2019100702	2025-12-27	3	290.0	0.6	0.0	1	2000	0	35.2	3.0	9
2019100702	2026-01-17	9	0.0	1.2	0.0	1	2000	0	34.9	5.0	10
2019101643	2022-06-26	9	0.0	1.7	0.0	0	1400	0	39.2	1.0	16
2019101643	2023-01-04	4	9.0	0.3	0.0	0	1400	0	39.3	10.0	10
2019101643	2023-01-26	3	15.0	0.2	0.0	0	1400	2	39.9	10.0	10
2019101643	2023-02-16	1	60.0	0.0	1.0	0	1400	0	38.5	10.0	10
2019101643	2023-03-09	1	60.0	0.0	0.0	0	1400	0	39.1	10.0	10
2019101643	2023-03-28	3	27.5	0.6	0.0	0	1230	2	40.9	11.0	12
2019101643	2023-04-11	5	11.0	2.1	0.0	0	1230	0	41.2	11.0	10
2019101643	2023-05-17	4	16.5	0.5	0.0	0	820	0	36.4	11.0	12
2019101643	2023-09-01	2	28.0	0.4	0.0	0	1400	0	40.3	10.0	7
2019101643	2023-09-20	4	12.0	1.3	1.0	0	1230	0	40.9	10.0	8
2019101643	2023-10-05	1	80.0	0.0	1.0	0	820	2	36.7	10.0	12
2019101643	2023-11-12	2	320.0	0.0	1.0	1	1200	0	36.0	2.0	15
2019101643	2023-12-09	12	0.0	1.9	0.0	0	1200	0	38.7	2.0	16
2019101643	2024-01-13	13	0.0	2.0	1.0	0	1200	0	38.7	2.0	16
2019101643	2024-01-21	3	286.1	0.1	1.0	1	1200	2	34.7	5.0	15
2019101643	2024-02-17	3	200.0	0.1	0.0	1	1200	0	35.0	2.0	18
2019101643	2024-04-07	10	0.0	0.9	0.0	1	1200	0	35.0	2.0	16
2019101643	2024-06-15	3	284.1	0.4	0.0	1	1200	0	34.5	5.0	8
2019101643	2024-06-29	3	283.6	0.2	0.0	1	1200	0	34.9	5.0	11
2019101643	2024-07-20	1	800.0	0.0	0.0	1	1200	0	34.6	2.0	11
2019101643	2024-08-24	10	0.0	0.6	0.0	1	1200	0	35.4	3.0	14
2019101643	2024-11-09	2	512.7	0.2	0.0	1	1200	0	35.6	5.0	16
2019101643	2024-12-08	4	230.0	0.2	1.0	1	1200	0	34.1	5.0	11
2019101643	2025-02-02	4	230.0	0.5	1.0	1	1200	2	35.5	5.0	18
2019101643	2025-02-16	7	0.0	0.4	0.0	1	1200	0	35.5	5.0	18
2019101643	2025-04-26	4	230.0	0.4	0.0	1	1200	0	34.1	3.0	15
2019101643	2025-11-08	16	0.0	1.2	0.0	1	1200	0	36.2	5.0	16
2019101889	2021-06-27	1	700.0	0.0	1.0	0	1400	0	36.3	0.0	15
2019101889	2021-09-20	1	1026.8	0.0	0.0	0	1400	0	36.8	2.0	8
2019101889	2021-11-25	2	1200.0	0.0	1.0	0	1400	2	38.6		12
2019101889	2021-12-15	2	1470.0	0.5	0.0	0	1600	2	37.3		14
2019101889	2022-02-20	1	1931.5	0.0	1.0	0	1600	1	35.4		14
2019101889	2022-03-26	11	0.0		0.0	0	1900	0			16
2019101889	2022-06-19	9	0.0	0.5	0.0	0	1600	0	36.7		15
2019101889	2022-08-25	4	240.0	0.7	0.0	0	1400	3	37.2		12
2019101889	2023-02-12	15	0.0	2.9	0.0	0	1400	1	39.6	5.0	16
2019101889	2023-03-11	14	0.0	1.6	0.0	0	1400	0	38.1		16
2019101889	2023-05-14	7	0.0	1.7	1.0	0	1400	1	37.7		16
2019101889	2023-09-17	15	0.0	3.2	0.0	0	1800	0	41.0	5.0	16
2019101889	2023-11-12	4	410.0	0.3	1.0	1	1400	0	33.7		18
2019101889	2024-01-13	15	0.0	1.2	1.0	1	1600	0	34.5		16
2019101889	2024-03-24	14	0.0	1.1	1.0	1	1600	1	35.6		15
2019101889	2025-05-31	16	0.0	4.4	2.0	0	1600	3	40.8	5.0	16
2019101889	2025-06-15	5	270.0	1.0	1.0	1	1400	2	35.9		14
2019101889	2025-07-06	13	0.0	3.6	0.0	0	1700	0	40.6	5.0	15
2019101889	2025-11-24	14	0.0	6.9	0.0	2	2770	0	13.7	1.0	14
2019102705	2021-06-19	6	0.0	0.6	3.0	0	1200	3	36.7	0.0	16
2019102705	2021-07-11	5	51.0	1.3	0.0	0	1000	2	36.1	1.0	9
2019102705	2021-09-11	5	51.0	1.1	1.0	0	1200	2	36.5	1.0	7
2019102705	2021-09-25	5	51.0	0.6	1.0	0	1200	0	37.7	1.0	14
2019102705	2021-10-10	1	510.0	0.0	0.0	0	1800	0	39.8	1.0	9
2019102705	2022-01-16	5	75.0	0.9	1.0	0	1700	0	38.2	2.0	12
2019102705	2022-02-06	7	0.0	2.4	5.0	0	1800	2	39.7	2.0	11
2019102705	2022-02-27	5	103.0	1.1	0.0	0	1700	0	39.3	2.0	16
2019102705	2022-05-22	7	0.0	1.6	0.0	0	1800	0	38.4		10
2019102705	2022-06-12	7	0.0	0.4	0.0	0	1700	0	37.7	2.0	14
2019102705	2022-06-19	3	190.0	0.1	1.0	0	1700	0	37.6	2.0	12
2019102705	2022-07-02	3	190.0	0.8	1.0	0	1700	1	37.8	2.0	13
2019102705	2022-07-31	5	77.0	1.0	0.0	0	1700	0	37.7	2.0	14
2019102705	2022-08-07	2	310.0	0.2	0.0	0	1700	0	37.6	2.0	14
2019102705	2022-10-22	5	77.0	0.8	1.0	0	1800	0	39.5	2.0	9
2019102705	2022-11-05	4	120.0	1.1	0.0	0	1700	0	38.0	2.0	15
2019102705	2022-11-20	1	770.0	0.0	1.0	0	1700	0	37.4	2.0	15
2019102705	2023-04-30	3	395.4	1.1	1.0	0	1800	1	37.3	5.0	15
2019102705	2023-05-14	11	0.0	1.6	0.0	0	1800	0	38.7	5.0	15
2019102705	2023-07-16	8	0.0	1.1	1.0	0	1700	1	38.1	5.0	14
2019102705	2023-07-23	8	0.0	0.9	0.0	0	1700	0	37.6	5.0	14
2019102705	2023-08-06	10	0.0	2.2	1.0	1	1800	1	37.7	3.0	11
2019102705	2023-10-29	8	0.0	1.9	3.0	0	1800	3	38.6	5.0	15
2019102705	2023-11-18	2	630.8	0.1	0.0	0	1800	1	37.9	5.0	16
2019102705	2023-12-02	6	0.0	1.1	0.0	0	1900	0	37.5	5.0	16
2019102705	2024-03-23	9	0.0	1.5	1.0	0	1800	0	38.5	3.0	16
2019102705	2024-04-07	7	0.0	1.1	0.0	0	1700	0	38.3	5.0	13
2019102705	2024-04-13	2	460.0	0.1	0.0	0	1800	0	38.5	3.0	10
2019102705	2024-04-28	9	0.0	1.2	0.0	0	1800	0	37.5	5.0	11
2019102705	2024-08-06	5	17.5	0.4	0.0	0	1600	0	38.0		11
2019102705	2024-09-08	12	0.0	2.9	0.0	0	1800	0	39.7	5.0	14
2019102705	2024-09-21	8	0.0	1.3	1.0	0	1800	0	38.6	3.0	16
2019102705	2024-10-05	4	170.0	1.2	0.0	0	1800	2	38.4	3.0	14
2019102705	2024-10-26	13	0.0	1.8	1.0	0	1800	0	38.0	3.0	15
2019102705	2025-03-09	6	0.0	0.5	0.0	0	1800	0	37.9	3.0	12
2019102705	2025-03-15	7	0.0	0.6	2.0	0	1800	0	36.6	3.0	10
2019102705	2025-03-29	2	629.0	0.2	0.0	0	1800	2	38.6	5.0	13
2019102705	2025-04-13	6	0.0	1.0	3.0	0	1800	2	38.8	5.0	12
2019102705	2025-08-10	10	0.0	1.9	1.0	0	1800	0	38.0	5.0	12
2019102705	2025-08-31	11	0.0	2.3	0.0	0	1800	0	38.3	5.0	11
2019102705	2025-10-04	12	0.0	1.8	1.0	0	1800	3	38.2	3.0	13
2019102705	2026-01-11	7	0.0	2.3	0.0	0	1900	0	39.8	5.0	10
2019102705	2026-01-25	8	0.0	0.9	0.0	0	1800	0	37.1	3.0	10
2019103529	2021-10-24	1	700.0	0.0	0.0	0	1200	3	36.1	0.0	15
2019103529	2021-11-13	4	150.0	1.3	0.0	0	1400	2	36.7	2.0	16
2019103529	2022-06-18	11	0.0	1.4	0.0	0	1400	0	37.7	2.0	16
2019103529	2022-07-10	5	77.0	0.6	0.0	0	1000	2	35.0	2.0	11
2019103529	2022-08-07	1	770.0	0.0	0.0	0	1200	0	35.7	2.0	14
2019103529	2022-10-23	2	611.0	0.1	1.0	0	1200	2	36.9	5.0	15
2019103529	2022-11-13	1	1110.0	0.0	1.0	0	1300	0	35.4	3.0	15
2019103529	2022-12-10	4	280.0	0.1	0.0	0	1200	0	35.4	4.0	16
2019103529	2023-03-11	6	0.0	0.4	0.0	0	1400	0	35.4	4.0	16
2019103529	2023-04-15	3	464.9	0.4	3.0	0	1400	3	35.7	4.0	16
2019103529	2023-06-04	8	0.0	0.8	1.0	0	1400	2	36.6	4.0	16
2019103529	2023-07-23	1	1875.0	0.0	0.0	0	1200	0	34.7	4.0	16
2019103529	2023-08-20	1	2230.1	0.0	0.0	0	1200	0	35.5	5.0	14
2019103529	2023-10-29	9	0.0	0.7	0.0	0	1400	0	35.0	5.0	13
2019103529	2023-11-19	1	2236.4	0.0	0.0	0	1400	0	34.7	5.0	16
2019103529	2024-01-28	8	0.0	0.9	1.0	0	1400	0	35.1		16
2019103529	2024-02-18	10	0.0	1.0	0.0	0	1600	0	37.0		16
2019103529	2024-04-20	4	330.0	0.6	1.0	0	1200	0	34.7	5.0	13
2019103529	2024-05-12	3	604.8	0.3	1.0	0	1400	0	34.4		16
2019103529	2024-06-22	4	330.0	0.6	1.0	0	1400	2	35.8	5.0	16
2019103529	2024-08-18	2	889.2	0.2	0.0	0	1200	0	36.1	5.0	14
2019103529	2024-10-27	9	0.0	0.8	1.0	0	1400	0	35.0	5.0	16
2019103529	2024-12-01	1	2235.7	0.0	0.0	0	1400	0	35.0	5.0	15
2019103529	2025-02-02	3	1008.0	1.0	1.0	0	1400	2	35.7		16
2019103529	2025-04-05	3	554.9	0.2	0.0	0	1400	0	36.5	5.0	16
2019103529	2025-05-18	12	0.0	1.1	1.0	0	1400	2	34.8		16
2019103529	2025-07-27	8	0.0	1.6	0.0	0	1400	0	35.9		16
2019103529	2025-08-17	6	0.0	0.5	0.0	0	1200	0	35.6	5.0	15
2019103529	2025-11-08	5	220.0	0.3	0.0	0	1200	0	34.3	5.0	16
2019103529	2025-12-07	7	0.0	0.4	0.0	0	1200	0	34.5	5.0	16
2019103879	2021-07-24	4	110.0	1.0	0.0	1	1600	0	33.9	0.0	18
2019103879	2021-10-31	5	51.0	0.3	1.0	1	1600	0	34.2	1.0	11
2019103879	2021-11-27	4	77.0	0.2	0.0	1	1400	0	35.2	1.0	18
2019103879	2021-12-19	8	0.0	0.4	0.0	1	1600	0	35.6	1.0	16
2019103879	2022-01-29	1	520.0	0.0	0.0	0	1200	0	36.5	1.0	16
2019103879	2022-02-26	1	750.0	0.0	0.0	0	1200	0	36.9	2.0	16
2019103879	2022-05-01	6	0.0	0.7	0.0	0	1400	1	35.8	5.0	11
2019103879	2022-05-15	3	454.3	0.2	1.0	0	1600	2	35.6	5.0	13
2019103879	2022-06-19	3	937.7	0.1	0.0	0	1600	0	35.8		15
2019103879	2022-10-08	1	1548.5	0.0	1.0	0	1600	1	35.5	5.0	16
2019103879	2022-11-06	1	1874.3	0.0	0.0	0	1600	0	36.0	4.0	16
2019103879	2022-12-04	2	891.2	0.0	1.0	0	1400	2	36.0	5.0	14
2019103879	2023-01-07	1	2430.1	0.0	0.0	0	1400	0	36.8		14
2019103879	2023-01-29	3	1008.1	0.2	0.0	0	1400	0	35.3		16
2019103879	2023-05-27	1	2235.7	0.0	0.0	0	1400	0	35.7	5.0	16
2019103879	2024-05-25	16	0.0	3.4	0.0	0	1400	0	37.0	5.0	16
2019103879	2024-06-23	13	0.0	3.1	0.0	0	1700	0	41.4		14
2019103879	2024-11-17	4	330.0	0.4	0.0	0	1400	0	35.6	5.0	16
2019103879	2025-01-11	5	240.0	0.9	0.0	0	1400	0	37.0		16
2019103879	2025-02-09	5	220.0	0.7	0.0	0	1200	2	35.7	5.0	16
2019103879	2025-03-23	3	555.0	0.2	0.0	0	1200	0	35.9	5.0	16
2019103879	2025-04-27	1	2426.6	0.0	0.0	0	1600	2	35.6		12
2019103879	2025-05-18	11	0.0	1.0	1.0	0	1400	2	35.4		16
2019103879	2025-11-01	10	0.0	2.2	0.0	0	1600	1	36.6	5.0	16
2019103879	2025-11-15	15	0.0	1.8	0.0	0	1600	0	36.2		16
2019103879	2025-12-07	11	0.0	0.7	0.0	0	1200	0	35.4	5.0	16
2019104092	2021-08-28	6	0.0	3.8	0.0	0	1700	0	42.3	0.0	9
2019104092	2021-10-10	4	77.0	0.9	0.0	0	1800	0	40.5	1.0	9
2019104092	2021-10-24	1	510.0	0.0	0.0	0	1800	0	37.9	1.0	10
2019104092	2021-11-14	2	403.8	0.1	0.0	1	2000	0	34.8	2.0	6
2019104092	2022-01-16	3	261.9	0.3	0.0	1	2200	0	34.6	2.0	4
2019104092	2022-02-06	3	1005.7	0.2	0.0	1	2000	2	36.1		11
2019104092	2022-03-06	9	0.0	0.6	1.0	1	2000	0	35.3		11
2019104092	2022-03-27	6	0.0	3.1	0.0	1	2200	1	39.6	2.0	8
2019104092	2022-07-09	4	160.0	1.1	1.0	1	2000	0	37.3	5.0	7
2019104092	2022-11-27	2	310.0	0.4	0.0	0	1800	2	36.8	2.0	8
2019104092	2022-12-11	1	1097.3	0.0	0.0	0	1800	0	38.7	5.0	10
2019104092	2023-01-08	8	0.0	1.0	0.0	0	1800	0	39.8	5.0	16
2019104092	2023-01-21	3	290.0	0.5	0.0	0	1900	0	39.0	3.0	16
2019104092	2023-02-19	9	0.0	2.2	1.0	0	1800	2	40.4	5.0	11
2019104092	2023-08-27	16	0.0	5.3	0.0	0	1700	0	43.1	3.0	16
2019104092	2023-10-07	11	0.0	2.0	1.0	0	1800	0	39.2	3.0	15
2019104092	2023-10-21	3	394.0	0.4	1.0	1	2400	0	35.8	5.0	12
2019104092	2023-11-12	2	460.0	0.2	2.0	1	2200	0	35.1	3.0	11
2019104092	2023-12-17	2	626.2	0.0	0.0	1	2200	0	34.4	5.0	9
2019104092	2024-04-21	2	626.0	0.1	3.0	1	2200	0	35.3	5.0	9
2019104092	2024-05-12	1	1566.1	0.0	1.0	1	2400	0	33.5	5.0	7
2019104092	2024-06-15	3	464.9	0.2	1.0	1	2200	0	34.2	4.0	15
2019104092	2024-11-17	15	0.0	2.7	1.0	1	2400	0	37.9	4.0	17
2019104092	2024-12-08	3	463.8	0.4	2.0	1	2200	0	34.1	4.0	12
2019104092	2025-01-06	4	280.0	0.7	3.0	1	2000	2	36.8	4.0	18
2019104092	2025-04-12	14	0.0	1.0	1.0	1	2000	0	35.3	4.0	16
2019104092	2025-05-11	10	0.0	2.1	1.0	1	2400	0	37.2	4.0	14
2019104092	2025-12-14	9	0.0	1.3	0.0	1	2200	0	36.5	4.0	15
2019104092	2026-01-04	5	187.0	0.3	1.0	1	2000	0	33.9	4.0	9
2019104953	2021-07-04	11	0.0	1.9	1.0	1	1800	0	36.8	0.0	14
2019104953	2021-08-08	4	77.0	0.8	1.0	0	1700	0	38.8	1.0	14
2019104953	2021-10-23	4	77.0	1.2	1.0	0	1800	1	37.6	1.0	15
2019104953	2021-12-12	6	0.0	1.1	0.0	0	1800	2	39.7	1.0	15
2019104953	2022-01-09	4	78.0	1.0	0.0	0	1800	0	38.5	1.0	16
2019104953	2022-01-30	6	0.0	1.8	0.0	0	2100	0	37.9	1.0	13
2019104953	2022-05-01	7	0.0	1.1	1.0	0	2100	2	37.5	1.0	16
2019104953	2022-05-21	2	210.0	0.3	3.0	0	2100	0	37.9	1.0	11
2019104953	2022-06-25	5	52.0	0.9	0.0	0	2100	0	37.3	1.0	15
2019104953	2022-07-23	1	520.0	0.0	1.0	0	1700	2	38.1	1.0	10
2019104953	2022-10-29	3	190.0	0.6	0.0	0	2100	0	38.8	2.0	12
2019104953	2023-02-11	8	0.0	1.6	0.0	0	2100	3	37.6	2.0	16
2019104953	2023-03-12	2	320.0	0.6	1.0	0	2400	0	39.3	2.0	16
2019104953	2023-04-01	6	0.0	0.6	0.0	0	2400	0	40.3	2.0	11
2019104953	2023-05-14	2	320.0	0.0	1.0	0	2100	2	36.7	2.0	13
2019104953	2023-06-25	16	0.0	5.8	0.0	0	2100	0	40.1	2.0	16
2019104953	2023-10-07	11	0.0	2.7	0.0	0	2100	0	38.4	2.0	13
2019104953	2023-10-28	3	200.0	0.2	0.0	0	2100	0	37.1	2.0	13
2019104953	2023-11-18	1	800.0	0.0	1.0	0	2100	1	38.6	2.0	11
2019104953	2024-04-27	7	0.0	1.1	1.0	0	2100	2	36.6	3.0	11
2019104953	2024-05-26	9	0.0	2.0	0.0	0	1900	0	38.3	5.0	11
2019104953	2024-08-10	7	0.0	1.0	0.0	0	1800	0	37.7	5.0	16
2019104953	2024-10-13	3	290.0	0.7	0.0	0	2100	0	35.7	3.0	16
2019104953	2024-11-02	10	0.0	1.1	2.0	0	2100	1	35.8	3.0	16
2019104953	2024-12-15	3	394.5	0.5	0.0	0	2400	0	38.8	5.0	14
2019104953	2025-01-13	2	630.8	0.2	0.0	0	2400	0	40.7	5.0	16
2019104953	2025-03-15	8	0.0	2.5	1.0	0	2400	2	40.9	5.0	14
2019104953	2025-05-31	8	0.0	1.1	2.0	0	2100	3	36.5	3.0	15
2019104953	2025-08-02	4	230.0	0.7	0.0	0	1800	0	37.7	5.0	12
2019104953	2025-10-19	10	0.0	1.8	1.0	0	1800	0	36.2	5.0	14
2019104953	2025-12-20	7	0.0	1.2	1.0	0	2400	0	39.2	5.0	16
2019105658	2021-07-24	1	700.0	0.0	0.0	1	1600	0	33.5	0.0	18
2019105658	2021-08-29	3	786.2	0.3	0.0	1	1600	0	33.9		12
2019105658	2021-10-24	2	290.0	0.0	0.0	1	1400	0	34.7	2.0	8
2019105658	2021-11-21	1	1036.6	0.0	0.0	1	1400	0	35.1	2.0	11
2019105658	2021-12-19	12	0.0	1.5	0.0	1	1600	0	36.2		15
2019105658	2022-03-19	3	1009.1	0.4	1.0	1	1400	2	36.0		18
2019105658	2022-05-08	16	0.0	1.7	1.0	1	1600	0	36.4		18
2019105658	2022-06-11	1	1540.1	0.0	0.0	1	1200	0	34.7	3.0	14
2019105658	2023-06-10	16	0.0	1.8	1.0	1	1200	0	35.7	4.0	16
2019105658	2023-07-15	2	746.8	0.5	1.0	1	1200	2	36.1	4.0	11
2019105658	2023-08-19	4	280.0	0.5	0.0	1	1200	0	34.6	4.0	11
2019105658	2023-10-21	1	1878.5	0.0	2.0	1	1200	1	35.5	4.0	18
2019105658	2023-12-03	1	2723.1	0.0	0.0	1	1200	0	33.6		11
2019105658	2024-01-28	16	0.0	1.7	1.0	1	1200	0	35.1		18
2019105658	2024-03-02	12	0.0	0.8	1.0	1	1200	2	35.4		16
2019105658	2024-06-09	5	410.0	0.3	2.0	1	1200	0	34.8		16
2019105658	2024-08-25	15	0.0	1.4	0.0	1	1200	0	35.2		16
2019105658	2025-03-16	15	0.0	1.9	3.0	1	1200	1	36.0	5.0	16
2019105658	2025-04-20	16	0.0	3.4	1.0	0	1200	0	37.4		16
2019105658	2025-05-17	1	2324.5	0.0	0.0	1	1200	1	33.9	5.0	11
2019105658	2025-07-06	18	0.0	4.7	0.0	1	1200	0	39.6		18
2019105658	2025-11-30	14	0.0	1.4	0.0	1	1200	0	34.4		18
2019105759	2021-09-25	8	0.0	1.3	1.0	1	1600	0	36.6	0.0	16
2019105759	2021-11-14	10	0.0	1.7	0.0	0	1700	0	39.8	1.0	15
2019105759	2021-12-11	7	0.0	2.3	0.0	0	1800	0	40.2	1.0	12
2019105759	2022-02-06	3	130.0	0.2	0.0	0	1700	0	38.2	1.0	16
2019105759	2022-02-19	5	52.0	1.9	3.0	0	1700	2	40.3	1.0	16
2019105759	2022-03-13	5	52.0	0.9	1.0	0	1800	0	40.0	1.0	15
2019105759	2022-04-09	7	0.0	1.0	0.0	0	1800	0	39.4	1.0	15
2019105759	2022-06-12	9	0.0	1.5	0.0	0	1700	0	38.4	1.0	14
2019105759	2022-06-25	4	78.0	0.8	1.0	0	2400	1	38.1	1.0	9
2019105759	2022-07-17	9	0.0	2.8	3.0	1	2600	1	41.9	1.0	16
2019105759	2022-08-13	1	520.0	0.0	1.0	0	1800	0	38.6	1.0	15
2019105759	2022-10-16	9	0.0	1.8	0.0	0	1800	0	39.1	2.0	12
2019105759	2022-10-29	8	0.0	1.8	0.0	0	1800	2	40.1	2.0	11
2019105759	2022-11-19	16	0.0	3.2	0.0	0	2400	0	42.6	2.0	16
2019105759	2023-05-21	12	0.0	2.2	0.0	0	1800	0	39.4	2.0	15
2019105759	2023-06-11	12	0.0	3.5	1.0	0	2000	1	39.5	2.0	12
2019105759	2023-08-13	11	0.0	2.5	0.0	0	1800	0	39.2	2.0	15
2019105759	2023-09-18	5	80.0	0.4	0.0	0	1800	0	38.7	2.0	16
2019105759	2023-10-07	8	0.0	2.0	0.0	0	2100	0	38.1	2.0	13
2019105759	2023-10-21	4	120.0	0.7	3.0	0	1800	1	38.0	2.0	14
2019105759	2023-12-16	9	0.0	1.6	1.0	0	1800	1	38.5	2.0	15
2019105759	2024-01-13	7	0.0	1.0	1.0	0	1800	0	38.6	2.0	16
2019105759	2024-02-10	10	0.0	2.4	0.0	0	2100	2	39.6	2.0	12
2019105759	2024-03-03	10	0.0	2.8	0.0	0	1800	2	39.4	2.0	11
2019105759	2024-04-20	13	0.0	15.9	0.0	2	2770	0	14.3	1.0	14
2019105759	2024-05-12	9	0.0	8.6	1.0	2	2890	0	13.7	1.0	11
2019105759	2024-06-01	8	0.0	3.6	0.0	2	3000	2	13.9	1.0	10
2019105759	2024-10-06	5	79.0	0.9	0.0	2	2850	0	13.2	1.0	10
2019105759	2024-11-03	7	0.0	1.6	0.0	2	2750	1	13.5	1.0	7
2019105759	2024-12-01	4	120.0	3.1	0.0	2	2910	0	14.0	1.0	13
2019105759	2025-01-13	6	0.0	3.2	0.0	2	2880	0	13.8	1.0	9
2019105759	2025-03-22	12	0.0	2.1	0.0	0	1900	0	38.1	2.0	15
2019105759	2025-05-03	7	0.0	1.4	0.0	0	1800	2	37.8	2.0	11
2019105759	2025-11-24	3	210.0	0.3	0.0	2	2770	0	13.2	1.0	14
2019105759	2025-12-21	9	0.0	5.1	1.0	2	2880	1	14.0	1.0	14
2019105759	2026-01-11	4	130.0	1.8	0.0	2	2910	0	13.9	1.0	14
2019105859	2021-06-20	2	280.0	0.2	1.0	1	1200	2	33.7	0.0	16
2019105859	2021-07-04	1	510.0	0.0	0.0	1	1200	0	35.4	1.0	12
2019105859	2021-08-14	2	643.8	0.1	1.0	1	1800	0	36.0	5.0	6
2019105859	2021-09-04	7	0.0	1.4	0.0	1	1800	0	37.5		9
2019105859	2022-05-07	6	0.0	0.7	0.0	1	1600	0	33.2	2.0	9
2019105859	2022-05-28	2	300.0	0.0	0.0	1	1600	0	35.0	2.0	9
2019105859	2022-08-07	2	310.0	0.2	0.0	1	1600	0	33.4	2.0	18
2019105859	2022-08-27	3	190.0	0.1	0.0	1	1800	0	33.9	2.0	8
2019105859	2022-10-30	3	190.0	0.0	1.0	1	1400	2	35.4	2.0	18
2019105859	2022-12-04	4	120.0	0.2	0.0	1	1400	0	34.8	2.0	18
2019105859	2022-12-17	1	770.0	0.0	1.0	0	1400	0	37.8	2.0	16
2019105859	2023-03-26	2	630.0	0.0	2.0	0	1400	3	36.9	5.0	15
2019105859	2023-04-29	1	1140.0	0.0	2.0	0	1400	0	36.3	3.0	15
2019105859	2023-05-21	2	750.2	0.2	0.0	0	1400	0	37.2	4.0	16
2019105859	2023-06-25	3	465.7	0.4	0.0	0	1600	0	36.5	4.0	16
2019105859	2023-10-09	1	1867.3	0.0	1.0	0	1200	1	36.4	4.0	13
2019105859	2023-10-29	2	888.0	0.0	0.0	0	1400	0	35.9	5.0	13
2019105859	2023-12-03	3	554.0	0.2	0.0	0	1400	0	36.5	5.0	13
2019105859	2023-12-17	2	890.0	0.1	0.0	0	1400	0	37.6	5.0	16
2019105859	2024-06-22	2	889.8	0.5	1.0	0	1400	2	36.1	5.0	16
2019105859	2024-07-21	10	0.0	2.3	0.0	0	1700	0	37.5		15
2019105859	2024-10-06	2	889.8	0.1	0.0	0	1200	0	36.1	5.0	14
2019105859	2024-10-27	5	220.0	0.6	1.0	0	1400	0	35.6	5.0	16
2019105859	2024-12-22	3	554.8	0.4	0.0	0	1200	0	36.0	5.0	16
2019105859	2025-01-19	4	330.0	0.5	1.0	0	1200	0	36.2	5.0	16
2019105859	2025-02-23	3	554.9	0.4	1.0	0	1200	0	34.9	5.0	16
2019105859	2025-04-26	6	0.0	0.5	0.0	0	1200	0	34.7	5.0	14
2019105859	2025-06-28	1	2333.6	0.0	0.0	1	1200	0	33.7	5.0	16
2019105859	2025-08-24	7	0.0	0.3	0.0	1	1200	0	34.2		16
2019105859	2025-11-30	1	4165.8	0.0	0.0	1	1200	0	33.4		18
2019106027	2021-09-11	10	0.0	1.8	1.0	1	2000	0	36.1	0.0	12
2019106027	2021-10-02	15	0.0	3.8	0.0	1	2000	2	38.1	1.0	15
2019106027	2022-04-09	11	0.0	1.4	0.0	0	1200	0	37.1	1.0	16
2019106027	2022-05-29	4	78.0	1.1	0.0	0	1600	2	37.7	1.0	16
2019106027	2022-06-19	2	210.0	1.5	0.0	0	1600	0	37.9	1.0	16
2019106027	2022-07-10	1	520.0	0.0	0.0	0	1700	0	37.2	1.0	15
2019106027	2022-10-30	3	190.0	0.4	0.0	0	1600	0	36.8	2.0	10
2019106027	2022-12-10	1	770.0	0.0	0.0	0	1800	0	38.0	2.0	13
2019106027	2023-01-05	14	0.0	0.7	0.0	0	1800	0	39.6	3.0	16
2019106027	2023-05-07	5	155.0	0.4	3.0	0	1600	2	35.4	5.0	10
2019106027	2023-07-02	1	1582.2	0.0	0.0	0	1700	2	38.1	5.0	12
2019106027	2023-09-24	7	0.0	1.2	0.0	0	1800	2	39.3	4.0	13
2019106027	2023-11-11	3	464.9	0.5	0.0	0	1700	0	37.5	4.0	15
2019106027	2024-01-21	2	750.2	0.1	1.0	0	1800	3	36.2	4.0	16
2019106027	2024-02-17	1	1875.0	0.0	0.0	0	1700	0	37.7	4.0	16
2019106027	2024-04-06	4	330.0	0.5	1.0	0	1700	0	36.9	5.0	15
2019106027	2024-06-23	6	0.0	0.5	0.0	0	1700	0	38.1		14
2019106027	2025-01-12	11	0.0	1.2	1.0	0	1800	0	38.0	5.0	16
2019106027	2025-08-30	12	0.0	2.0	0.0	0	1800	0	38.2	5.0	16
2019106027	2025-11-16	6	0.0	0.5	0.0	0	1700	0	37.9		15
2019106148	2021-09-04	3	180.0	0.6	1.0	1	1200	2	34.8	0.0	13
2019106148	2021-09-25	1	510.0	0.0	0.0	0	1400	0	37.6	1.0	8
2019106148	2021-12-19	15	0.0	3.9	0.0	1	1600	0	37.6		15
2019106148	2022-01-16	12	0.0	2.3	1.0	0	1700	0	40.2	2.0	12
2019106148	2022-02-12	8	0.0	1.2	0.0	0	1400	0	37.9	2.0	16
2019106148	2022-05-22	5	75.0	1.1	0.0	0	1400	0	38.4	2.0	13
2019106148	2022-06-18	16	0.0	3.4	0.0	0	1400	0	39.3	2.0	16
2019106148	2022-10-09	4	120.0	1.2	1.0	0	1400	2	36.0	2.0	16
2019106148	2022-11-05	6	0.0	0.5	0.0	0	1400	0	37.3	2.0	16
2019106148	2022-11-20	11	0.0	1.7	1.0	0	1400	2	37.0	2.0	16
2019106148	2023-03-29	3	50.0	0.4	0.0	0	1400	2	40.6	5.0	11
2019106148	2023-04-29	12	0.0	1.4	1.0	0	1400	0	37.7	2.0	14
2019106148	2023-05-14	2	320.0	0.1	2.0	0	1800	1	39.5	2.0	12
2019106148	2023-06-03	7	0.0	0.6	0.0	0	1800	1	38.9	2.0	13
2019106148	2023-08-19	2	320.0	0.1	0.0	0	1700	0	39.2	2.0	16
2019106148	2023-09-02	5	80.0	0.4	0.0	0	1700	2	38.8	2.0	16
2019106148	2023-09-17	5	80.0	1.4	0.0	0	1800	0	41.0	2.0	12
2019106148	2023-11-09	1	200.0	0.0	0.0	0	1870	2	40.7	5.0	11
2019106148	2023-11-26	13	0.0	3.7	0.0	0	1800	0	41.3	3.0	15
2019106148	2024-02-04	12	0.0	0.9	0.0	0	1700	1	40.3	5.0	16
2019106148	2024-03-24	11	0.0	2.3	3.0	0	2000	3	40.5	3.0	14
2019106148	2024-04-13	10	0.0	2.2	0.0	1	1800	0	35.9	5.0	11
2019106148	2024-04-28	6	0.0	0.5	0.0	0	1800	0	36.4	5.0	11
2019106148	2024-05-12	5	114.0	0.9	1.0	0	1800	0	37.2	3.0	14
2019106148	2024-07-20	4	230.0	0.2	1.0	0	1700	1	35.5	5.0	16
2019106148	2024-08-10	9	0.0	1.7	0.0	0	1800	0	37.5	5.0	16
2019106148	2025-03-01	11	0.0	0.9	1.0	0	1700	0	36.8	5.0	15
2019106148	2025-03-22	9	0.0	1.6	0.0	0	1800	0	37.9	3.0	16
2019106148	2025-04-13	2	627.8	0.5	3.0	0	1800	2	38.0	5.0	12
2019106148	2025-04-27	6	0.0	0.8	0.0	0	1800	0	36.9	3.0	12
2019106148	2025-05-17	7	0.0	1.1	0.0	0	1800	3	37.4	3.0	10
2019106148	2025-07-26	12	0.0	2.9	0.0	0	1800	0	39.3	5.0	15
2019106148	2025-11-01	10	0.0	1.5	0.0	0	1800	1	36.8	3.0	15
2019106148	2025-11-16	9	0.0	1.5	0.0	0	1800	0	38.0	3.0	16
2019106148	2025-11-29	11	0.0	1.0	0.0	0	1800	0	36.7	5.0	13
2019106280	2022-03-05	2	210.0	0.0	0.0	1	1600	0	35.2	1.0	16
2019106280	2022-03-26	3	130.0	0.4	2.0	1	1600	0	35.2	1.0	15
2019106280	2022-04-24	6	0.0	0.6	1.0	1	1400	0	34.7	1.0	18
2019106280	2022-07-09	7	0.0	1.0	1.0	1	1800	0	35.6	1.0	14
2019106280	2022-07-24	4	78.0	0.6	1.0	0	1700	0	39.8	1.0	14
2019106280	2022-08-20	10	0.0	1.2	1.0	1	1200	2	36.3	1.0	16
2019106280	2022-10-25	1	35.0	0.0	1.0	0	1400	2	39.0	10.0	10
2019106280	2022-11-15	1	37.0	0.0	0.0	0	1400	2	40.5	11.0	11
2019106280	2022-11-28	2	12.4	0.3	0.0	0	1400	0	38.3	13.0	9
2019106280	2023-04-04	11	0.0	6.5	1.0	0	1500	0	45.3	13.0	11
2019106280	2023-09-10	5	80.0	0.2	0.0	1	1600	0	34.7	2.0	16
2019106280	2023-09-24	8	0.0	0.8	0.0	1	1600	0	35.8	2.0	16
2019106280	2024-01-28	11	0.0	2.5	2.0	0	1700	0	40.3	2.0	14
2019106280	2024-03-16	5	80.0	0.5	0.0	1	1600	0	34.6	2.0	13
2019106280	2024-03-31	8	0.0	0.7	0.0	1	1600	0	34.6	2.0	13
2019106280	2024-05-11	4	170.0	0.4	0.0	1	1600	0	34.1	5.0	12
2019106280	2024-05-18	7	0.0	0.8	0.0	1	1600	0	34.1	2.0	16
2019106280	2024-08-11	4	170.0	0.4	0.0	1	1600	0	35.0	5.0	10
2019106280	2024-09-29	5	80.0	0.7	1.0	1	1600	1	35.2	2.0	16
2019106280	2024-10-26	3	287.2	0.3	0.0	1	1600	0	34.0	5.0	16
2019106280	2024-12-15	1	800.0	0.0	0.0	1	1600	0	35.8	2.0	16
2019106280	2025-01-06	7	0.0	0.7	3.0	1	1600	1	37.1	3.0	16
2019106280	2025-03-22	3	395.1	0.1	0.0	1	1400	0	34.6	5.0	17
2019106280	2025-04-27	10	0.0	0.6	0.0	1	1400	0	33.4	3.0	14
2019106280	2025-06-21	10	0.0	1.1	0.0	1	1600	0	35.0	5.0	13
2019106280	2025-08-03	5	155.0	0.7	0.0	1	1600	0	33.5	5.0	8
2019106280	2025-08-23	3	394.2	0.1	0.0	1	1600	0	33.9	5.0	13
2019106280	2025-10-19	4	170.0	0.2	1.0	1	1600	0	33.7	3.0	10
2019106280	2025-12-07	8	0.0	0.8	0.0	1	1600	0	34.3	5.0	13
2020100105	2022-12-28	5	70.0	1.0	0.0	1	1600	0	34.9	0.0	18
2020100105	2023-01-14	2	220.0	0.1	2.0	1	1400	1	36.2	1.0	18
2020100105	2023-02-12	1	550.0	0.0	0.0	0	1200	0	37.8	1.0	16
2020100105	2023-02-25	5	78.0	0.8	0.0	0	1200	2	36.9	2.0	16
2020100105	2023-04-15	5	78.0	0.9	3.0	0	1200	3	36.3	2.0	16
2020100105	2023-06-18	1	800.0	0.0	0.0	1	1200	0	35.1	2.0	15
2020100105	2023-07-02	3	392.9	0.5	1.0	1	1200	0	34.7	5.0	9
2020100105	2023-07-23	1	1571.0	0.0	0.0	1	1200	0	33.9	3.0	9
2020100105	2023-11-18	3	464.8	0.2	0.0	1	1200	2	36.2	4.0	16
2020100105	2023-12-28	10	0.0	0.5	0.0	1	1200	0	34.4	4.0	16
2020100105	2024-02-25	3	465.1	0.3	0.0	1	1200	2	34.8	4.0	17
2020100105	2024-03-16	3	464.8	0.1	0.0	1	1200	0	34.1	4.0	15
2020100105	2024-04-07	10	0.0	0.9	0.0	0	1150	0	37.7	4.0	16
2020100105	2024-06-29	2	749.8	0.0	0.0	1	1200	0	34.8	4.0	16
2020100105	2024-07-20	1	1873.6	0.0	0.0	1	1200	0	33.9	4.0	16
2020100105	2024-08-11	4	350.0	0.2	0.0	1	1200	0	34.4	5.0	16
2020100105	2024-12-14	13	0.0	0.7	1.0	1	1200	0	34.0	5.0	16
2020100105	2025-01-18	1	2335.7	0.0	0.0	1	1200	0	33.8	5.0	16
2020100105	2025-02-02	1	4160.2	0.0	1.0	1	1200	2	34.0		16
2020100105	2025-03-30	5	1700.0	0.6	0.0	1	1200	0	34.2		18
2020100105	2025-04-27	12	0.0			1	1200	0			13
2020100105	2025-11-30	5	410.0	0.5	0.0	1	1200	0	34.1		18
2020100105	2025-12-27	5	670.0	0.6	0.0	1	1400	0	34.7		16
2020100145	2022-09-10	8	0.0	1.8	0.0	1	1400	2	36.1	0.0	9
2020100145	2022-09-24	1	520.0	0.0	0.0	0	1400	3	38.3	1.0	13
2020100145	2022-12-18	2	420.0	0.2	0.0	0	1400	0	38.5	2.0	15
2020100145	2023-01-21	3	200.0	0.2	0.0	0	1400	0	37.6	2.0	9
2020100145	2023-04-23	1	780.0	0.0	0.0	0	1400	0	36.9	2.0	16
2020100145	2023-07-08	7	0.0	0.7	1.0	0	1400	0	36.9	3.0	16
2020100145	2023-12-03	3	312.8	0.5	0.0	0	1400	0	37.3	5.0	16
2020100145	2024-01-28	3	290.0	0.2	1.0	0	1400	0	36.2	3.0	16
2020100145	2024-03-24	1	1587.8	0.0	2.0	0	1400	1	35.7	5.0	16
2020100145	2024-04-21	2	750.4	0.0	1.0	0	1400	0	35.9	4.0	15
2020100145	2024-05-12	6	0.0	1.1	1.0	0	1400	0	36.1	4.0	16
2020100145	2024-10-13	1	1875.0	0.0	0.0	0	1400	0	35.3	4.0	16
2020100145	2024-11-17	1	2237.8	0.0	0.0	0	1400	0	34.9	5.0	16
2020100145	2025-02-02	2	1616.0	0.7	1.0	0	1400	2	36.5		16
2020100145	2025-02-24	1	3000.0	0.0	0.0	0	1500	0	37.6		10
2020100145	2025-05-05	4	800.0	0.2	0.0	0	1600	0	36.4		10
2020100145	2025-10-04	4	360.0	0.9	1.0	0	1600	0	36.1		16
2020100145	2025-11-15	5	400.0	0.6	0.0	0	1600	0	35.3		16
2020100555	2022-08-28	8	0.0	1.4	1.0	0	1200	2	37.5	0.0	15
2020100555	2022-10-09	7	0.0	0.6	1.0	0	1400	2	38.3	1.0	16
2020100555	2022-10-29	5	52.0	1.0	0.0	0	1300	0	37.7	1.0	16
2020100555	2022-11-19	10	0.0	3.4	0.0	0	1300	0	39.0	1.0	16
2020100555	2023-08-19	2	220.0	0.7	0.0	0	1200	0	37.8	1.0	15
2020100555	2023-09-03	4	83.0	0.5	0.0	0	1200	0	37.7	1.0	15
2020100555	2023-10-20	1	70.0	0.0	1.0	0	1400	2	41.4	10.0	10
2020100555	2023-11-09	6	0.0	1.0	0.0	0	1400	2	41.3	11.0	8
2020100555	2023-11-29	10	0.0	1.9	1.0	0	1400	0	41.9	11.0	12
2020100555	2023-12-31	4	15.0	0.4	1.0	0	1400	0	40.6	11.0	12
2020100555	2024-01-16	4	15.0	0.7	0.0	0	1400	0	41.1	11.0	12
2020100555	2024-02-06	1	110.0	0.0	1.0	0	1400	1	40.3	11.0	11
2020100555	2024-11-07	6	0.0	1.7	0.0	0	1400	0	41.2	10.0	10
2020100555	2025-03-26	10	0.0	3.2	0.0	0	1400	0	42.3	9.0	10
2020100555	2025-04-22	3	15.0	1.1	0.0	0	1400	0	40.6	9.0	12
2020100555	2025-05-14	1	60.0	0.0	0.0	0	1400	0	39.9	9.0	9
2020100555	2025-06-06	1	70.0	0.0	1.0	0	1400	0	40.3	10.0	12
2020100555	2025-10-10	2	24.0	0.7	0.0	0	1400	0	40.4	9.0	10
2020100555	2025-10-29	1	60.0	0.0	0.0	0	1400	0	41.1	9.0	10
2020100555	2025-12-28	13	0.0	2.0	0.0	0	1200	0	38.6	2.0	16
2020100651	2023-01-21	15	0.0	4.5	1.0	0	1800	2	42.1	0.0	16
2020100651	2023-06-04	16	0.0	2.4	0.0	1	1400	2	35.5	1.0	18
2020100651	2023-08-12	9	0.0	2.3	1.0	0	1200	0	39.0	1.0	15
2020100651	2024-01-18	8	0.0	1.9	3.0	0	1400	0	41.4	10.0	10
2020100651	2024-02-07	12	0.0	4.8	0.0	0	1400	1	45.5	10.0	12
2020100651	2024-03-06	11	0.0	3.6	1.0	0	1400	1	42.9	10.0	12
2020100651	2024-03-22	11	0.0	2.6	0.0	0	1400	2	43.7	9.0	12
2020100651	2024-04-10	3	11.2	0.3	0.0	0	820	1	37.7	9.0	12
2020100651	2024-04-23	1	56.0	0.0	1.0	0	820	1	37.5	9.0	9
2020100651	2025-03-04	3	11.2	0.9	3.0	0	800	3	36.6	9.0	12
2020100651	2025-03-27	1	56.0	0.0	0.0	0	820	0	36.7	9.0	12
2020100651	2025-04-17	8	0.0	1.5	0.0	0	820	0	37.1	10.0	12
2020100651	2025-05-08	2	28.0	0.6	0.0	0	820	2	37.1	10.0	10
2020100651	2025-06-13	9	0.0	0.9	0.0	0	820	2	37.1	10.0	12
2020100651	2025-06-27	9	0.0	1.4	0.0	0	1230	2	41.5	10.0	11
2020100651	2025-07-17	1	60.0	0.0	3.0	0	820	3	36.1	9.0	11
2020100651	2025-10-13	16	0.0	3.7	0.0	0	1300	0	39.2	2.0	16
2020100771	2022-10-08	5	70.0	1.8	1.0	0	1800	1	39.2	0.0	11
2020100771	2022-10-23	10	0.0	2.8	0.0	0	1800	0	40.2	1.0	12
2020100771	2022-11-12	12	0.0	9.0	0.0	0	1700	0	45.4	1.0	14
2020100771	2023-02-26	8	0.0	2.5	1.0	0	1800	2	39.7	1.0	13
2020100771	2023-03-12	5	55.0	1.5	0.0	0	2000	0	39.0	1.0	14
2020100771	2023-04-02	1	550.0	0.0	0.0	0	2000	0	38.9	1.0	11
2020100771	2023-04-23	8	0.0	3.8	0.0	0	1800	0	39.9	2.0	9
2020100771	2023-06-10	9	0.0	2.9	1.0	0	1800	2	39.1	2.0	13
2020100771	2023-09-23	8	0.0	1.9	0.0	0	1800	2	38.1	2.0	11
2020100771	2023-10-09	11	0.0	4.0	1.0	0	1900	1	39.8	2.0	13
2020100771	2023-12-02	9	0.0	1.3	0.0	0	1900	0	39.7	2.0	14
2020100771	2024-03-17	6	0.0	1.2	1.0	0	1900	0	38.9	2.0	11
2020100771	2024-04-06	3	200.0	0.9	1.0	0	2400	2	41.3	2.0	16
2020100771	2024-06-02	6	0.0	1.6	1.0	0	1800	2	39.9	2.0	11
2020100771	2024-06-08	4	120.0	1.0	0.0	0	1900	0	39.3	2.0	16
2020100771	2024-08-10	2	320.0	0.5	0.0	0	1800	0	38.8	2.0	15
2020100771	2024-08-25	3	200.0	0.4	1.0	0	1900	0	39.5	2.0	14
2020100771	2024-10-05	1	800.0	0.0	0.0	0	1800	2	38.6	2.0	10
2020100771	2024-10-19	5	155.0	0.6	3.0	0	1900	2	39.5	3.0	12
2020100771	2024-12-07	3	395.1	1.4	0.0	0	1900	0	39.3	5.0	14
2020100771	2024-12-22	2	630.4	0.1	0.0	0	1800	0	38.7	3.0	16
2020100771	2025-02-02	2	627.4	0.3	1.0	0	1800	2	38.7	5.0	10
2020100771	2025-02-15	6	0.0	2.0	0.0	0	1900	0	39.8	3.0	13
2020100771	2025-08-24	2	630.4	0.3	0.0	0	1800	0	39.2	5.0	16
2020100771	2025-09-13	6	0.0	0.8	1.0	0	1800	0	38.3	5.0	9
2020100771	2025-10-25	2	630.6	0.2	1.0	0	1900	0	38.2	3.0	16
2020100771	2025-11-16	8	0.0	1.2	0.0	0	1800	0	39.1	3.0	16
2020100771	2026-01-12	6	0.0	1.1	0.0	0	2400	0	40.6	5.0	16
2020100896	2022-08-21	3	180.0	0.4	1.0	1	1200	1	35.2	0.0	8
2020100896	2022-09-04	2	210.0	0.5	0.0	1	1200	0	35.0	1.0	13
2020100896	2022-09-18	1	520.0	0.0	0.0	1	1200	0	34.4	1.0	8
2020100896	2022-11-13	1	1635.0	0.0	1.0	1	1200	0	34.7	5.0	16
2020100896	2022-12-17	1	1622.4	0.0	2.0	1	1200	0	33.3	5.0	10
2020100896	2023-02-26	1	2023.8	0.0	1.0	1	1200	0	34.5		10
2020100896	2023-05-27	3	1009.2	0.1	0.0	1	1200	0	33.0		18
2020100896	2023-09-10	10	0.0	0.7	1.0	1	1200	0	33.8		15
2020100896	2023-10-08	12	0.0	1.0	2.0	1	1200	0	35.2		18
2020100896	2023-11-26	5	410.0	0.5	0.0	1	1200	0	34.2		18
2020100896	2024-01-13	1	2738.5	0.0	1.0	1	1200	0	34.3		17
2020100896	2024-03-02	2	1716.2	0.2	1.0	1	1200	2	34.2		16
2020100896	2024-03-24	7	0.0	0.9	2.0	1	1200	1	34.4		18
2020100896	2024-06-09	3	1008.0	0.2	2.0	1	1200	0	34.7		16
2020100896	2024-06-22	6	0.0	0.4	1.0	1	1200	0	34.3	5.0	16
2020100896	2024-08-25	6	0.0	0.4	0.0	1	1200	0	34.5		16
2020100896	2024-10-05	1	2738.5	0.0	0.0	1	1200	0	33.9		18
2020100896	2024-11-24	1	4164.4	0.0	1.0	1	1200	0	33.7		18
2020100896	2025-03-30	9	0.0	1.0	0.0	1	1200	0	35.1		18
2020101024	2022-09-11	2	280.0	0.0	0.0	1	2000	0	33.9	0.0	7
2020101024	2023-01-09	11	0.0	1.2	0.0	1	2000	0	35.2	1.0	18
2020101024	2023-04-30	3	140.0	0.7	1.0	1	2400	1	37.3	1.0	13
2020101024	2023-05-21	6	0.0	1.0	0.0	1	2000	0	37.1	1.0	15
2020101024	2023-07-16	3	140.0	0.5	0.0	1	2000	0	35.9	1.0	15
2020101024	2023-08-06	9	0.0	1.3	1.0	1	2000	1	39.3	1.0	15
2020101024	2023-08-27	1	550.0	0.0	0.0	1	2000	0	36.3	1.0	18
2020101024	2023-12-10	12	0.0	1.7	0.0	1	2000	0	36.3	2.0	15
2020101024	2024-01-20	15	0.0	2.3	3.0	1	2000	2	39.2	2.0	15
2020101024	2024-03-17	3	200.0	1.0	1.0	0	1800	0	38.9	2.0	10
2020101024	2024-04-06	1	800.0	0.0	0.0	0	1800	2	37.5	2.0	12
2020101024	2024-04-20	1	1140.0	0.0	1.0	0	1800	0	36.8	3.0	11
2020101024	2024-04-27	4	280.0	0.2	0.0	0	1800	0	37.5	4.0	13
2020101024	2024-07-28	6	0.0	1.0	0.0	0	1700	1	36.4	4.0	10
2020101024	2024-10-06	1	1868.7	0.0	0.0	0	1800	0	37.0	4.0	13
2020101024	2024-11-10	15	0.0	2.2	1.0	1	2200	0	35.3		17
2020101024	2024-12-08	13	0.0	1.8	0.0	0	1800	0	39.4		16
2020101024	2025-02-10	11	0.0	2.7	0.0	0	1900	0	37.7	5.0	16
2020101024	2025-05-31	14	0.0	2.1	2.0	0	1600	3	38.2	5.0	16
2020101024	2025-07-13	8	0.0	1.4	1.0	0	1700	0	39.3	5.0	16
2020101024	2025-08-03	9	0.0	1.9	0.0	0	1800	0	38.3		12
2020101024	2025-10-12	15	0.0	2.0	1.0	1	1800	0	35.0		16
2020101024	2025-11-16	5	240.0	0.5	0.0	0	1700	0	37.5		15
2020101031	2022-09-03	2	280.0	0.1	0.0	1	1500	0	35.8	0.0	13
2020101031	2022-11-27	3	130.0	0.3	0.0	1	1800	0	34.8	1.0	12
2020101031	2022-12-17	4	78.0	0.7	1.0	1	1600	0	35.5	1.0	16
2020101031	2023-01-07	3	140.0	0.4	0.0	1	1600	0	34.1	1.0	15
2020101031	2023-03-18	1	550.0	0.0	2.0	0	1200	1	36.0	1.0	16
2020101031	2023-04-08	4	120.0	0.6	0.0	1	1200	2	34.9	2.0	11
2020101031	2023-07-01	1	1135.9	0.0	0.0	1	1200	0	34.8	5.0	12
2020101031	2023-07-16	4	230.0	0.2	1.0	1	1200	2	34.8	5.0	13
2020101031	2023-08-06	6	0.0	0.4	1.0	1	1200	1	36.5	3.0	11
2020101031	2023-09-02	4	230.0	0.2	1.0	1	1200	2	35.1	5.0	16
2020101031	2023-12-09	3	290.0	0.2	1.0	1	1200	0	34.1	3.0	12
2020101031	2023-12-24	8	0.0	0.7	0.0	1	1400	0	34.5	3.0	15
2020101031	2024-01-21	3	290.0	0.3	1.0	1	1400	1	34.4	3.0	11
2020101031	2024-02-18	3	290.0	0.3	0.0	1	1600	0	34.3	3.0	9
2020101031	2024-04-27	5	155.0	0.3	1.0	1	1400	0	35.0	5.0	13
2020101031	2024-05-18	8	0.0	0.6	0.0	1	1400	0	33.2	5.0	12
2020101031	2024-07-27	10	0.0	0.8	1.0	1	1500	0	34.8	5.0	14
2020101031	2024-08-10	7	0.0	0.5	0.0	1	1500	0	34.7	5.0	12
2020101031	2024-08-24	13	0.0	1.0	0.0	1	1200	0	35.0	3.0	14
2020101031	2024-12-15	3	395.5	0.2	0.0	1	1200	0	34.3	5.0	18
2020101031	2025-01-13	4	170.0	0.2	0.0	1	1200	0	35.0	3.0	14
2020101031	2025-02-09	11	0.0	1.5	0.0	1	1200	2	35.5	3.0	13
2020101031	2025-06-29	8	0.0	0.8	0.0	1	1200	0	34.1	5.0	14
2020101031	2026-01-10	11	0.0	1.2	0.0	1	1200	0	33.6	5.0	18
2020101171	2022-07-24	13	0.0	6.6	0.0	1	1200	0	40.3	0.0	14
2020101171	2022-09-25	13	0.0	1.7	0.0	1	1200	2	36.6	1.0	16
2020101171	2022-11-12	15	0.0	2.8	0.0	1	1200	0	36.0	1.0	16
2020101171	2022-12-25	16	0.0	4.4	0.0	1	1600	0	40.0	1.0	16
2020101171	2023-04-15	8	0.0	0.8	2.0	1	1200	0	36.5	1.0	16
2020101171	2023-06-17	4	83.0	0.3	0.0	1	1200	0	35.0	1.0	16
2020101171	2023-07-02	14	0.0	2.3	1.0	1	1200	0	38.4	1.0	16
2020101171	2023-07-15	2	220.0	0.1	3.0	1	1200	1	37.1	1.0	16
2020101171	2023-08-05	13	0.0	0.7	1.0	1	1200	2	35.9	1.0	16
2020101171	2023-09-14	4	4.5	2.6	1.0	0	1400	0	41.6		10
2020101171	2023-09-27	5	2.2	1.2	1.0	0	1400	0	40.1		7
2020101171	2023-10-11	8	0.0	5.4	0.0	0	1600	0	45.6	5.0	9
2020101171	2023-10-25	5	2.0	1.7	0.0	0	1400	0	41.0	11.0	8
2020101171	2024-01-05	12	0.0	4.7	0.0	0	900	0	42.6	10.0	12
2020101171	2024-02-22	5	10.0	1.0	3.0	0	800	2	37.0	10.0	12
2020101171	2024-03-29	4	15.0	0.3	1.0	0	800	3	36.7	10.0	12
2020101171	2024-04-15	10	0.0	2.6	0.0	0	800	0	37.3	10.0	11
2020101171	2024-06-30	1	40.0	0.0	1.0	0	1000	0	37.2	10.0	10
2020101171	2024-07-15	1	40.0	0.0	0.0	0	1000	0	37.0	10.0	12
2020101171	2024-07-30	5	2.8	0.7	0.0	0	1000	2	38.0	10.0	10
2020101171	2024-08-14	5	2.8	0.7	1.0	0	1000	3	37.3	10.0	12
2020101171	2024-11-12	8	0.0	1.4	1.0	0	1200	0	40.8	11.0	11
2020101171	2024-11-25	1	45.0	0.0	0.0	0	850	2	36.9	11.0	9
2020101171	2024-12-11	10	0.0	1.2	1.0	0	850	3	38.0	11.0	10
2020101171	2025-02-01	18	0.0	2.9	3.0	1	1200	1	39.4	2.0	18
2020101171	2025-02-15	18	0.0	2.8	1.0	1	1200	0	36.9	2.0	18
2020101171	2025-08-24	18	0.0	1.6	0.0	1	1000	0	34.4	2.0	18
2020101171	2025-10-19	17	0.0	1.4	1.0	1	1200	2	36.4	2.0	18
2020101171	2025-11-16	16	0.0	2.4	0.0	1	1200	0	37.8	2.0	16
2020101195	2022-12-18	4	110.0	1.7	0.0	0	1200	0	38.2	0.0	13
2020101195	2023-01-05	7	0.0	1.7	0.0	0	1200	0	38.7	1.0	15
2020101195	2023-02-18	1	550.0	0.0	2.0	1	1200	2	34.6	1.0	18
2020101195	2023-03-12	7	0.0	0.4	0.0	1	1200	0	33.8	2.0	12
2020101195	2023-03-25	8	0.0	0.6	1.0	1	1400	2	34.3	2.0	10
2020101195	2023-07-02	5	80.0	0.8	0.0	1	1200	0	34.3	2.0	16
2020101195	2023-07-23	8	0.0	0.8	0.0	1	1200	0	35.3	2.0	13
2020101195	2023-09-03	5	80.0	0.4	0.0	1	1200	0	33.6	2.0	18
2020101195	2023-09-17	5	80.0	0.6	0.0	1	1200	0	34.2	2.0	16
2020101195	2023-11-12	14	0.0	1.0	1.0	1	1200	0	36.4	2.0	15
2020101195	2024-01-27	3	200.0	0.2	0.0	1	1200	0	34.2	2.0	18
2020101195	2024-02-17	4	120.0	0.2	0.0	1	1200	0	34.2	2.0	18
2020101195	2024-04-07	1	800.0	0.0	0.0	1	1200	0	34.0	2.0	16
2020101195	2024-04-21	4	230.0	0.1	0.0	1	1200	0	33.7	3.0	16
2020101195	2024-06-30	4	230.0	0.4	1.0	1	1200	0	34.2	5.0	8
2020101195	2024-07-14	3	393.8	0.0	0.0	1	1200	0	34.7	5.0	12
2020101195	2024-08-04	9	0.0	0.4	1.0	1	1200	2	34.0	3.0	16
2020101195	2024-10-27	7	0.0	0.8	0.0	1	1200	0	34.4	5.0	16
2020101195	2025-02-02	7	0.0	0.6	1.0	1	1200	2	34.8	5.0	18
2020101195	2025-03-01	7	0.0	0.7	1.0	1	1200	0	34.5	3.0	18
2020101195	2025-04-26	7	0.0	0.5	0.0	1	1200	0	33.4	3.0	15
2020101195	2025-05-10	7	0.0	0.9	1.0	1	1400	2	33.9	3.0	12
2020101195	2025-05-24	10	0.0	0.9	1.0	1	1400	0	33.6	5.0	12
2020101229	2023-01-29	4	93.0	0.5	1.0	1	1200	1	35.3	0.0	18
2020101229	2023-02-19	10	0.0	0.7	2.0	1	1200	1	36.8	1.0	18
2020101229	2023-06-10	5	55.0	0.7	1.0	1	1200	2	36.5	1.0	16
2020101229	2023-06-24	2	220.0	0.2	1.0	1	1200	2	35.7	1.0	16
2020101229	2023-07-16	11	0.0	1.0	1.0	1	1200	2	37.3	1.0	16
2020101229	2023-09-02	1	550.0	0.0	1.0	1	1200	2	35.9	1.0	18
2020101229	2024-01-13	17	0.0	1.2	0.0	1	1200	0	35.6	2.0	18
2020101229	2024-02-18	17	0.0	2.0	0.0	1	1200	0	36.6	2.0	17
2020101229	2024-06-30	6	0.0	0.6	1.0	1	1200	2	35.7	2.0	17
2020101229	2024-07-13	3	200.0	0.1	1.0	1	1200	0	34.7	2.0	11
2020101229	2024-07-20	3	200.0	0.1	0.0	1	1200	2	34.7	2.0	18
2020101229	2024-08-17	7	0.0	0.3	0.0	1	1200	0	34.7	2.0	18
2020101229	2024-11-02	5	80.0	0.5	3.0	1	1200	1	38.6	2.0	16
2020101229	2024-11-17	4	120.0	0.2	0.0	1	1200	0	34.9	2.0	16
2020101229	2025-02-01	8	0.0	0.6	3.0	1	1200	1	37.0	2.0	18
2020101229	2025-05-25	12	0.0	0.9	1.0	1	1200	2	36.5	2.0	16
2020101229	2025-07-12	9	0.0	0.7	0.0	1	1200	0	35.1	2.0	17
2020101229	2025-07-19	1	800.0	0.0	0.0	1	1200	0	35.0	2.0	9
2020101229	2025-08-16	6	0.0	0.6	0.0	1	1200	0	33.5	5.0	13
2020101229	2025-10-26	9	0.0	0.5	1.0	1	1200	2	34.1	5.0	14
2020101262	2022-10-16	5	70.0	0.9	0.0	0	1200	0	39.2	0.0	15
2020101262	2022-11-05	2	210.0	0.1	0.0	0	1150	0	37.9	1.0	16
2020101262	2022-11-20	1	520.0	0.0	1.0	0	1150	0	37.6	1.0	16
2020101262	2023-01-08	4	160.0	0.3	0.0	1	1200	0	34.9	2.0	12
2020101262	2023-02-04	4	160.0	0.6	0.0	1	1200	0	34.3	2.0	13
2020101262	2023-03-12	4	120.0	0.3	0.0	1	1200	0	33.7	2.0	12
2020101262	2023-05-21	9	0.0	0.7	0.0	1	1200	0	35.2	2.0	13
2020101262	2023-07-15	4	120.0	0.1	3.0	1	1200	2	35.4	2.0	14
2020101262	2023-08-05	4	120.0	1.0	0.0	0	1200	0	38.6	2.0	15
2020101262	2023-09-02	5	80.0	0.4	1.0	0	1200	0	37.3	2.0	15
2020101262	2023-09-18	12	0.0	1.0	0.0	0	1200	0	38.2	2.0	16
2020101262	2023-10-22	1	800.0	0.0	0.0	1	1000	2	33.2	2.0	18
2020101262	2023-12-17	6	0.0	0.4	0.0	1	1200	0	34.2	5.0	16
2020101262	2024-01-13	1	1140.0	0.0	2.0	1	1200	0	34.7	3.0	15
2020101262	2024-02-25	2	750.2	0.3	0.0	1	1200	2	35.1	4.0	17
2020101262	2024-05-05	13	0.0	1.6	0.0	1	1000	0	34.1	4.0	16
2020101262	2024-06-16	14	0.0	0.8	3.0	1	1200	0	35.5	4.0	16
2020101262	2024-06-29	2	748.8	0.1	0.0	1	1200	0	33.5	4.0	14
2020101262	2024-08-11	8	0.0	0.6	0.0	1	1000	0	32.8	4.0	17
2020101262	2024-10-19	13	0.0	1.1	3.0	1	1200	2	36.7	4.0	17
2020101262	2024-12-01	3	465.0	0.4	0.0	1	1200	0	33.3	4.0	16
2020101262	2025-01-06	5	184.0	0.4	1.0	1	1200	0	33.9	4.0	16
2020101262	2025-02-02	10	0.0	1.0	1.0	1	1400	0	34.5	4.0	11
2020101262	2025-03-30	13	0.0	0.8	0.0	1	1200	0	34.9	4.0	16
2020101262	2025-05-10	3	464.8	0.2	1.0	1	1000	2	32.7	4.0	16
2020101262	2025-06-22	2	749.4	0.2	2.0	1	1200	1	34.7	4.0	15
2020101262	2025-08-17	1	1863.8	0.0	0.0	1	1000	0	32.9	4.0	11
2020101262	2025-10-26	3	685.6	0.5	3.0	1	1000	2	32.6		17
2020101262	2025-12-07	4	410.0	0.6	0.0	1	1200	0	33.6		16
2020101262	2026-01-17	10	0.0	0.5	0.0	1	1200	0	32.6	5.0	16
2020101301	2022-12-18	17	0.0	2.5	0.0	1	1400	0	37.9	0.0	18
2020101301	2023-02-05	17	0.0	1.6	0.0	1	1200	0	36.6	1.0	18
2020101301	2023-02-18	14	0.0	5.2	1.0	0	1200	0	39.4	1.0	15
2020101301	2023-04-19	1	60.0	0.0	1.0	0	1000	2	36.2		12
2020101301	2023-05-11	1	40.0	0.0	0.0	0	1000	0	36.5	9.0	12
2020101301	2023-05-30	1	40.0	0.0	0.0	0	1200	0	37.1	9.0	9
2020101301	2023-06-13	1	55.0	0.0	1.0	0	1200	2	37.1	5.0	8
2020101301	2023-07-12	1	150.0	0.0	0.0	0	1200	0	36.8		11
2020101301	2023-08-02	1	280.0	0.0	0.0	0	1200	1	36.4	11.0	13
2020101301	2023-09-07	2	48.0	0.1	1.0	0	1200	1	36.4	11.0	10
2020101301	2023-09-22	4	18.0	0.1	3.0	0	1200	1	36.3	11.0	12
2020101301	2023-10-05	1	120.0	0.0	1.0	0	1400	3	36.9	11.0	7
2020101301	2023-10-31	8	0.0	1.0	1.0	0	1400	0	38.7	12.0	16
2020101301	2023-11-14	1	210.0	0.0	0.0	0	1400	0	37.6	12.0	9
2020101301	2023-12-07	9	0.0	0.7	0.0	0	1400	0	39.1	13.0	16
2020101301	2023-12-27	2	96.0	0.0	0.0	0	1400	0	37.6	12.0	16
2020101301	2024-04-10	5	38.0	0.6	0.0	0	1400	1	37.9	12.0	14
2020101301	2024-04-26	2	152.0	0.6	1.0	0	1400	1	38.0	12.0	11
2020101301	2024-05-15	12	0.0	1.7	3.0	0	1200	1	36.0	13.0	16
2020101301	2024-06-05	2	168.0	0.3	0.0	0	1400	2	36.9	13.0	16
2020101301	2024-06-28	4	63.0	1.5	3.0	0	1600	3	39.4	13.0	12
2020101301	2025-04-15	2	152.0	0.0	0.0	0	1400	1	36.3	12.0	13
2020101301	2025-05-20	1	440.0	0.0	0.0	0	1200	2	37.1	13.0	16
2020101301	2025-06-13	1	440.0	0.0	0.0	0	1200	2	36.1	13.0	14
2020101301	2025-07-02	2	192.0	0.4	1.0	0	1400	0	36.4	14.0	10
2020101301	2025-07-15	1	620.0	0.0	3.0	0	1400	3	37.5	16.0	10
2020101301	2025-11-11	2	280.0	0.1	1.0	0	1400	2	36.9	5.0	13
2020101301	2025-12-02	1	620.0	0.0	1.0	0	1400	0	37.2	16.0	12
2020101301	2025-12-26	2	248.0	0.0	0.0	0	1200	1	36.8	16.0	12
2020101547	2022-10-15	5	70.0	1.1	0.0	1	1600	0	34.8	0.0	10
2020101547	2022-11-12	1	520.0	0.0	0.0	0	1400	0	36.4	1.0	15
2020101547	2023-07-08	1	800.0	0.0	1.0	0	1400	0	37.8	2.0	16
2020101547	2023-09-17	2	460.0	0.5	1.0	0	1400	0	38.5	3.0	16
2020101547	2023-11-12	1	1587.8	0.0	1.0	0	1400	2	36.4	3.0	16
2020101547	2023-12-17	1	1877.8	0.0	0.0	0	1400	2	37.2	4.0	16
2020101547	2024-01-28	1	4056.0	0.0	1.0	0	1400	0	35.2		16
2020101547	2024-05-25	2	890.2	0.2	0.0	0	1400	0	35.0	5.0	16
2020101547	2024-09-07	1	2421.7	0.0	0.0	0	1400	0	35.0		10
2020101547	2024-11-09	1	4054.6	0.0	0.0	0	1600	0	36.5		15
2020101547	2025-02-23	5	1200.0	0.5	0.0	0	1600	0	36.2		16
2020101547	2025-03-25	3	600.0	1.0	0.0	0	1400	0	41.2		12
2020101547	2025-06-25	3	1600.0	1.0	1.0	0	1400	3	36.2		12
2020101547	2025-09-04	2	960.0	0.1	1.0	0	1400	0	37.2		10
2020101781	2022-09-04	2	280.0	0.0	0.0	1	1800	0	35.4	0.0	11
2020101781	2022-10-01	6	0.0	0.7	0.0	1	2000	0	35.2	1.0	10
2020101781	2022-10-29	7	0.0	0.4	0.0	1	1800	0	34.4	1.0	13
2020101781	2022-12-10	3	130.0	0.8	0.0	1	2000	0	36.2	1.0	13
2020101781	2023-01-14	9	0.0	0.9	1.0	1	2000	1	37.3	1.0	13
2020101781	2023-08-19	6	0.0	1.1	0.0	1	2000	0	37.9	1.0	18
2020101781	2023-09-03	10	0.0	3.6	0.0	1	2600	0	39.9	2.0	12
2020101781	2023-09-28	1	70.0	0.0	1.0	0	1400	0	40.2	10.0	11
2020101781	2023-10-18	7	0.0	2.4	0.0	0	1400	0	42.1	11.0	8
2020101781	2023-11-07	11	0.0	4.0	0.0	0	1700	1	44.0	11.0	12
2020101781	2023-11-22	8	0.0	3.3	0.0	0	1870	0	41.8	11.0	12
2020101781	2023-12-12	9	0.0	1.5	1.0	0	1400	2	40.5	11.0	12
2020101781	2024-01-23	3	14.0	0.5	0.0	0	1400	0	41.2	10.0	10
2020101781	2024-02-07	4	10.5	1.0	0.0	0	1400	1	41.5	10.0	12
2020101781	2024-02-29	5	7.0	0.2	1.0	0	1400	0	41.3	10.0	10
2020101781	2024-03-22	7	0.0	2.7	0.0	0	1400	0	42.3	10.0	12
2020101781	2024-04-16	3	14.0	0.4	1.0	0	1400	0	41.8	10.0	11
2020101781	2024-04-29	5	7.0	0.7	1.0	0	1400	0	41.1	10.0	10
2020101781	2024-05-22	5	7.0	2.4	1.0	0	1400	0	42.0	10.0	10
2020101781	2024-06-05	6	0.0	1.3	0.0	0	1400	0	40.2	10.0	10
2020101781	2024-06-28	7	0.0	2.0	1.0	0	1400	3	42.6	10.0	10
2020101781	2024-07-25	1	56.0	0.0	0.0	0	1400	0	40.8	9.0	12
2020101781	2024-08-15	7	0.0	0.9	0.0	0	1400	1	42.7	10.0	9
2020101781	2024-09-05	4	10.5	1.8	0.0	0	1400	0	42.7	10.0	12
2020101781	2024-09-25	1	70.0	0.0	1.0	0	1400	0	40.7	10.0	10
2020101781	2024-10-16	7	0.0	1.3	1.0	0	1400	0	42.2	10.0	10
2020101781	2025-02-10	7	0.0	1.4	0.0	1	1800	0	36.5	2.0	11
2020101781	2025-04-20	14	0.0	1.7	1.0	1	1800	0	36.5	2.0	16
2020101781	2025-07-20	2	320.0	0.0	0.0	1	1800	0	36.1	2.0	10
2020101781	2025-08-23	9	0.0	1.5	0.0	1	1800	0	34.9	2.0	11
2020101781	2025-11-15	15	0.0	2.6	0.0	1	1800	0	38.8	5.0	16
2020101916	2022-10-29	2	280.0	0.3	0.0	1	2000	0	34.7	0.0	11
2020101916	2022-11-12	4	78.0	0.7	0.0	1	2000	0	33.5	1.0	11
2020101916	2022-12-11	7	0.0	0.8	0.0	1	2000	0	35.8	1.0	15
2020101916	2022-12-24	8	0.0	0.7	0.0	1	2000	0	35.9	1.0	16
2020101916	2023-04-02	8	0.0	1.2	0.0	1	2400	0	36.4	1.0	13
2020101916	2023-04-22	6	0.0	0.6	0.0	1	2400	0	34.8	1.0	13
2020101916	2023-05-07	6	0.0	1.3	2.0	1	2300	0	34.9	1.0	13
2020101916	2023-06-11	2	220.0	0.2	3.0	1	2200	2	35.9	1.0	18
2020101916	2023-07-09	4	83.0	1.2	1.0	1	2200	2	36.1	1.0	16
2020101916	2023-07-23	5	55.0	0.4	0.0	1	2200	0	36.9	1.0	17
2020101916	2023-08-06	9	0.0	1.7	0.0	1	2000	0	36.0	1.0	18
2020101916	2024-02-18	3	200.0	0.6	1.0	1	2400	0	34.1	2.0	8
2020101916	2024-03-17	6	0.0	0.8	1.0	1	2400	0	35.5	2.0	8
2020101916	2024-04-13	2	320.0	0.1	0.0	1	2400	0	34.7	2.0	12
2020101916	2024-05-18	7	0.0	0.4	0.0	1	2400	0	35.2	2.0	12
2020101916	2024-06-15	5	80.0	1.6	0.0	1	2400	0	35.0	2.0	9
2020101916	2024-07-14	6	0.0	1.2	3.0	1	1800	3	36.2	5.0	10
2020101916	2024-08-17	8	0.0	2.0	0.0	1	2400	0	37.4	2.0	12
2020101916	2024-10-05	7	0.0	1.4	0.0	1	2400	0	35.2	3.0	8
2020101916	2024-11-24	3	200.0	0.2	1.0	0	1800	0	37.1	2.0	15
2020101916	2024-12-14	3	200.0	0.9	1.0	0	1800	0	37.1	2.0	16
2020101916	2025-01-12	2	320.0	0.1	1.0	0	1800	0	38.6	2.0	16
2020101916	2025-01-25	3	200.0	0.5	0.0	0	1800	0	37.5	2.0	15
2020101916	2025-03-08	4	120.0	0.4	1.0	0	2000	0	39.9	2.0	10
2020101916	2025-03-23	6	0.0	1.9	0.0	0	1800	0	38.0	2.0	14
2020101916	2025-05-04	6	0.0	0.9	0.0	0	2100	2	37.2	2.0	10
2020101916	2025-05-24	6	0.0	0.7	3.0	0	1800	2	37.9	2.0	16
2020101916	2025-08-10	8	0.0	1.7	1.0	0	1900	0	38.2	2.0	13
2020102081	2022-11-26	2	280.0	0.1	1.0	1	1600	0	34.0	0.0	18
2020102081	2023-05-21	3	140.0	0.7	0.0	1	1600	0	35.2	1.0	18
2020102081	2023-06-11	7	0.0	1.4	1.0	1	1600	2	36.8	1.0	18
2020102081	2023-08-19	1	550.0	0.0	0.0	1	1800	0	36.1	1.0	16
2020102081	2023-12-16	13	0.0	1.1	1.0	1	2200	2	35.4	5.0	18
2020102081	2024-01-20	10	0.0	1.0	3.0	1	2000	2	37.0	2.0	15
2020102081	2024-02-11	5	80.0	0.3	0.0	1	1800	0	36.5	2.0	13
2020102081	2024-03-23	4	120.0	0.1	3.0	1	1600	1	36.3	2.0	14
2020102081	2024-04-14	6	0.0	0.4	0.0	1	1600	0	34.1	2.0	17
2020102081	2024-09-14	13	0.0	1.0	0.0	1	1600	0	35.9	2.0	16
2020102081	2024-11-03	12	0.0	0.9	0.0	1	1600	2	35.4	2.0	15
2020102081	2024-12-28	2	320.0	0.1	0.0	1	1800	0	34.9	2.0	17
2020102081	2025-02-02	14	0.0	1.2	0.0	1	2000	1	38.8	2.0	18
2020102081	2025-03-16	13	0.0	1.5	3.0	1	1600	2	36.8	2.0	16
2020102081	2025-03-22	3	200.0	0.2	0.0	0	1800	0	39.2	2.0	10
2020102081	2025-08-09	4	120.0	2.3	0.0	0	1800	0	39.5	2.0	9
2020102081	2025-08-30	4	120.0	0.4	0.0	1	2000	0	34.4	2.0	8
2020102081	2025-09-06	7	0.0	2.0	0.0	1	2000	0	36.2	2.0	9
2020102081	2026-01-05	15	0.0	1.4	0.0	1	1600	0	34.0	2.0	15
2020102081	2026-01-17	6	0.0	2.4	0.0	0	1800	0	39.2	2.0	8
2020102095	2022-12-11	1	700.0	0.0	0.0	0	1800	0	38.0	0.0	9
2020102095	2024-03-16	1	800.0	0.0	0.0	0	1800	0	37.7	2.0	9
2020102095	2024-03-30	12	0.0	2.0	0.0	0	1800	2	37.7	3.0	15
2020102095	2024-05-26	1	1576.6	0.0	0.0	0	1900	0	37.2	5.0	11
2020102095	2024-06-16	1	1875.0	0.0	0.0	0	1800	0	36.8	4.0	16
2020102095	2024-08-10	9	0.0	1.4	0.0	0	1800	0	38.3		15
2020102095	2024-10-20	9	0.0	1.0	0.0	0	2100	0	38.7		13
2020102095	2024-11-03	12	0.0	2.9	0.0	1	2500	0	38.7		16
2020102095	2025-01-26	16	0.0	2.8	0.0	0	1800	0	39.5		16
2020102095	2025-05-11	8	0.0	1.4	1.0	0	1800	2	37.8	5.0	16
2020102095	2025-05-24	13	0.0	1.5	3.0	0	1900	2	36.1		16
2020102095	2025-07-06	4	360.0	0.7	0.0	0	1700	2	38.0		10
2020102095	2025-07-19	4	330.0	0.5	0.0	0	1700	0	37.4	5.0	14
2020102095	2025-11-01	7	0.0	1.8	0.0	0	1600	1	35.7	5.0	16
2020102095	2026-01-05	8	0.0	2.2	0.0	1	3000	0	35.2	5.0	9
2020102640	2022-06-26	3	180.0	0.2	0.0	1	1600	0	35.2	0.0	16
2020102640	2022-08-07	1	520.0	0.0	0.0	1	1400	0	35.6	1.0	15
2020102640	2022-11-05	16	0.0	1.9	0.0	1	1400	0	35.6		18
2020102640	2022-12-10	11	0.0	1.2	0.0	1	1400	0	35.2	2.0	13
2020102640	2023-01-08	12	0.0	1.8	0.0	1	1200	0	36.0	2.0	12
2020102640	2023-04-08	7	0.0	0.8	0.0	1	1200	2	35.2	2.0	11
2020102640	2023-06-25	9	0.0	3.0	1.0	1	1800	0	37.1	5.0	10
2020102640	2023-07-09	14	0.0	2.1	1.0	1	1400	2	36.4	2.0	18
2020102640	2023-09-24	6	0.0	0.4	0.0	0	1400	0	37.6	2.0	16
2020102640	2023-10-07	12	0.0	1.8	0.0	0	1400	0	38.9	2.0	16
2020102640	2024-01-13	11	0.0	1.5	1.0	0	1400	0	39.0	2.0	15
2020102640	2024-01-28	9	0.0	0.7	2.0	1	1200	0	35.2	2.0	14
2020102640	2024-02-10	9	0.0	0.9	1.0	0	1200	0	37.3	2.0	16
2020102640	2024-02-18	8	0.0	1.0	1.0	0	1200	0	37.4	2.0	16
2020102640	2024-06-08	5	80.0	0.7	0.0	0	1000	0	36.5	2.0	11
2020102640	2024-10-20	5	80.0	0.4	0.0	1	1000	0	33.6	2.0	18
2020102640	2024-11-09	8	0.0	1.8	0.0	1	1200	0	36.9	2.0	16
2020102640	2025-03-19	5	20.0	1.4	1.0	0	1400	1	42.3	5.0	8
2020102640	2025-03-29	3	200.0	0.3	0.0	0	1200	2	38.2	2.0	16
2020102640	2025-04-13	15	0.0	2.7	2.0	0	1150	0	39.5	2.0	16
2020102640	2025-06-29	11	0.0	2.5	0.0	0	1000	0	36.7	2.0	14
2020102640	2025-08-16	15	0.0	3.2	0.0	0	1200	0	38.0	2.0	16
2020102640	2025-11-16	15	0.0	2.6	0.0	0	1200	0	37.6	2.0	16
2020102737	2022-11-26	5	70.0	0.8	1.0	1	1600	0	34.7	0.0	18
2020102737	2022-12-18	12	0.0	2.7	0.0	1	1800	0	38.4	1.0	15
2020102737	2023-01-08	1	550.0	0.0	0.0	0	1400	0	37.1	1.0	16
2020102737	2023-03-12	9	0.0	1.3	0.0	0	1400	0	38.3	2.0	16
2020102737	2023-04-02	5	78.0	1.0	1.0	0	1800	0	38.1	2.0	16
2020102737	2023-04-23	2	310.0	1.0	0.0	0	1800	0	37.9	2.0	9
2020102737	2023-05-14	2	310.0	0.6	2.0	0	1800	1	39.1	2.0	14
2020102737	2023-06-10	2	320.0	0.2	0.0	0	1700	1	37.5	2.0	12
2020102737	2023-06-24	1	800.0	0.0	1.0	0	1700	1	37.1	2.0	13
2020102737	2023-11-18	5	155.0	0.4	0.0	0	1800	1	37.8	5.0	16
2020102737	2023-12-09	6	0.0	0.5	1.0	0	1800	0	38.8	5.0	15
2020102737	2024-01-08	5	155.0	0.7	0.0	0	1800	0	39.1	5.0	15
2020102737	2024-03-24	3	395.6	0.2	2.0	0	1800	1	35.8	3.0	16
2020102737	2024-04-13	1	1140.0	0.0	0.0	0	1800	0	38.3	3.0	10
2020102737	2024-05-11	3	464.9	0.7	0.0	0	1800	0	38.1	4.0	16
2020102737	2024-06-09	7	0.0	0.7	1.0	0	1600	0	36.3	4.0	16
2020102737	2024-09-29	11	0.0	1.5	1.0	0	1800	2	37.5	4.0	15
2020102737	2024-10-13	7	0.0	0.8	0.0	0	1800	0	36.6	4.0	13
2020102737	2024-10-26	4	280.0	2.1	1.0	0	1900	0	38.7	4.0	9
2020102737	2025-01-13	3	464.8	0.6	0.0	0	1800	0	37.8	4.0	15
2020102737	2025-02-08	1	1871.5	0.0	1.0	0	1700	2	37.0	4.0	15
2020102737	2025-04-12	3	554.5	0.9	0.0	0	1700	0	38.3	5.0	15
2020102737	2025-05-11	7	0.0	1.2	1.0	0	1800	2	36.9	5.0	16
2020102737	2025-07-06	8	0.0	1.7	0.0	0	1700	2	38.3		10
2020102737	2025-07-19	7	0.0	0.9	0.0	0	1700	0	36.9	5.0	14
2020102737	2025-10-26	4	330.0	0.6	1.0	0	1800	1	36.8	5.0	14
2020102737	2025-11-16	12	0.0	1.1	0.0	0	1700	0	38.3		15
2020102861	2022-12-11	1	700.0	0.0	0.0	1	1800	0	35.6	0.0	16
2020102861	2023-02-26	4	120.0	0.7	0.0	1	1600	0	35.4	2.0	12
2020102861	2023-04-29	10	0.0	1.0	0.0	1	1600	0	34.9	2.0	13
2020102861	2023-07-29	13	0.0	1.1	0.0	1	1800	0	34.3	5.0	17
2020102861	2023-10-09	9	0.0	0.5	3.0	1	1400	1	35.0	2.0	16
2020102861	2023-12-02	3	200.0	0.5	0.0	1	1600	0	34.4	2.0	16
2020102861	2024-02-18	2	320.0	0.1	0.0	1	1800	0	35.0	2.0	16
2020102861	2024-04-28	6	0.0	0.3	0.0	1	1800	0	34.2	2.0	9
2020102861	2024-05-11	1	800.0	0.0	0.0	1	1800	0	35.4	2.0	8
2020102861	2024-10-19	13	0.0	2.3	3.0	1	2000	2	37.4	5.0	14
2020102861	2024-12-08	2	460.0	0.2	0.0	1	1600	0	35.7	3.0	16
2020102861	2025-01-25	9	0.0	0.6	1.0	1	1600	0	34.3	3.0	10
2020102861	2025-03-23	10	0.0	2.2	0.0	1	1600	0	37.1	5.0	11
2020102861	2025-05-18	5	155.0	0.6	1.0	1	1600	0	34.0	3.0	9
2020102861	2025-06-07	6	0.0	0.5	0.0	1	1400	0	33.3	5.0	15
2020102861	2025-08-23	1	1588.5	0.0	0.0	1	1400	0	34.1	5.0	17
2020102861	2025-11-15	11	0.0	0.9	0.0	1	1400	0	33.7	4.0	18
2020102904	2022-12-24	1	700.0	0.0	0.0	0	1800	2	39.6	0.0	16
2020102904	2023-02-25	1	780.0	0.0	1.0	0	1800	0	37.7	2.0	12
2020102904	2023-08-06	2	1615.4	0.0	0.0	0	1800	0	37.1		15
2020102904	2023-10-09	1	2434.3	0.0	2.0	0	1600	3	35.2		16
2020102904	2024-01-21	2	2232.0	0.2	1.0	0	1800	1	36.1		16
2020102904	2024-02-18	14	0.0	2.3	0.0	0	1600	0	39.5		16
2020102904	2024-04-20	3	605.1	0.2	0.0	0	1600	0	36.3		15
2020102904	2024-06-09	1	2235.0	0.0	1.0	0	1800	2	37.8	5.0	16
2020102904	2024-09-28	2	1515.4	0.2	1.0	0	1900	0	36.9		15
2020102904	2024-11-03	10	0.0	2.2	0.0	0	1800	1	39.1		15
2020102904	2025-01-26	7	0.0	0.6	0.0	0	1800	0	37.7		16
2020102904	2025-04-19	6	0.0	0.9	0.0	0	1800	0	38.4		12
2020102904	2025-07-27	4	570.0	1.0	0.0	0	1400	0	35.6		16
2020102904	2025-10-04	1	2434.3	0.0	1.0	0	1600	0	35.4		16
2020102904	2025-11-15	7	0.0	0.9	0.0	0	1600	0	35.3		16
2020102926	2022-10-23	1	700.0	0.0	0.0	1	1400	0	34.1	0.0	17
2020102926	2022-12-17	8	0.0	1.2	1.0	1	1600	0	35.4	2.0	13
2020102926	2023-03-18	3	200.0	0.1	3.0	1	1600	1	36.8	2.0	12
2020102926	2023-05-06	8	0.0	0.6	0.0	1	1400	0	34.4	2.0	16
2020102926	2023-06-24	5	80.0	0.3	1.0	1	1600	0	34.8	2.0	16
2020102926	2023-08-19	8	0.0	0.4	0.0	1	1800	0	34.4	2.0	14
2020102926	2024-01-14	12	0.0	1.4	0.0	1	1600	0	35.1	2.0	16
2020102926	2024-03-23	5	80.0	0.3	3.0	1	1600	1	35.9	2.0	14
2020102926	2024-05-05	7	0.0	1.0	0.0	1	1400	0	34.0	2.0	15
2020102926	2025-04-12	2	451.2	0.4	1.0	1	1800	0	35.6	5.0	14
2020102926	2025-05-03	3	200.0	0.8	0.0	1	1600	0	35.4	2.0	11
2020102926	2025-07-13	2	449.8	0.0	0.0	1	1800	0	35.9	2.0	13
2020102926	2025-08-16	3	284.1	1.3	0.0	1	1800	0	34.8	5.0	11
2020102926	2025-12-14	9	0.0	0.5	0.0	1	1600	2	34.5	2.0	16
2020103295	2022-06-19	3	180.0	0.8	0.0	0	1200	0	36.6	0.0	14
2020103295	2022-09-19	1	520.0	0.0	1.0	0	1400	2	37.9	1.0	10
2020103295	2022-11-12	14	0.0	2.2	0.0	0	1400	0	38.6	2.0	16
2020103295	2023-01-22	1	780.0	0.0	0.0	0	1800	0	38.2	2.0	8
2020103295	2023-02-19	3	484.7	0.8	0.0	0	1600	0	38.0		14
2020103295	2023-05-21	1	1923.1	0.0	0.0	0	1800	0	37.1		11
2020103295	2023-08-06	4	600.0	1.0	0.0	0	1800	0	38.2		15
2020103295	2023-10-22	10	0.0	1.9	0.0	0	2100	0	38.2		16
2020103295	2023-12-28	11	0.0	1.3	0.0	0	1800	0	38.5		15
2020103295	2024-01-28	15	0.0	2.1	1.0	0	1400	0	36.5		16
2020103295	2024-06-09	14	0.0	4.1	1.0	0	1800	2	40.4	5.0	16
2020103295	2024-07-13	12	0.0	2.2	0.0	0	1150	2	35.3	5.0	13
2020103295	2024-12-01	11	0.0	2.7	0.0	0	1400	0	38.1	5.0	15
2020103295	2025-05-24	16	0.0	3.6	1.0	0	1400	0	37.7	5.0	16
2020103295	2025-09-07	6	0.0	1.8	0.0	2	2880	0	14.0	1.0	13
2020103534	2022-06-26	7	0.0	0.9	0.0	1	1600	0	35.5	0.0	16
2020103534	2022-09-18	3	130.0	0.2	1.0	1	2000	0	35.1	1.0	14
2020103534	2022-10-01	2	210.0	0.1	0.0	1	2000	0	35.8	1.0	17
2020103534	2022-12-11	2	210.0	0.5	0.0	1	2000	0	35.5	1.0	15
2020103534	2023-01-08	6	0.0	1.2	0.0	1	2200	0	37.5	1.0	17
2020103534	2023-03-18	12	0.0	2.0	2.0	1	2200	1	39.9	1.0	18
2020103534	2023-05-07	2	220.0	0.1	1.0	1	1800	0	33.7	1.0	18
2020103534	2023-05-28	1	550.0	0.0	0.0	1	1600	0	33.6	1.0	18
2020103534	2023-08-13	5	80.0	0.4	0.0	1	1400	0	35.3	2.0	18
2020103534	2023-10-14	3	200.0	0.2	0.0	1	1600	0	34.3	2.0	18
2020103534	2023-10-29	3	200.0	0.2	0.0	1	1600	0	33.7	2.0	14
2020103534	2024-01-14	4	120.0	0.4	0.0	1	1600	0	34.4	2.0	16
2020103534	2024-02-03	15	0.0	2.1	0.0	0	1600	0	38.9	2.0	16
2020103534	2024-04-21	1	800.0	0.0	1.0	1	1600	0	34.6	2.0	10
2020103534	2024-08-10	11	0.0	0.6	0.0	1	1400	0	34.7	5.0	14
2020103534	2024-11-09	10	0.0	0.4	0.0	1	1600	0	33.6	3.0	12
2020103534	2024-11-23	14	0.0	0.9	0.0	1	1600	0	33.9	3.0	14
2020103534	2025-03-09	10	0.0	1.2	0.0	0	1800	1	38.6	3.0	15
2020103534	2025-07-12	14	0.0	4.0	1.0	0	1700	0	40.9	3.0	15
2020103534	2025-10-05	1	1592.7	0.0	1.0	1	1400	0	33.5	3.0	17
2020103534	2025-11-15	4	280.0	0.5	0.0	1	1400	0	33.6	4.0	18
2020103616	2022-07-17	5	70.0	1.0	1.0	1	1800	0	37.4	0.0	14
2020103616	2023-01-22	1	550.0	0.0	1.0	0	1800	0	38.9	1.0	15
2020103616	2023-03-12	1	780.0	0.0	0.0	0	1800	0	38.5	2.0	16
2020103616	2023-06-14	7	0.0	1.5	1.0	0	2100	2	42.6		13
2020103616	2023-10-01	5	114.0	0.5	1.0	0	1800	0	37.9	3.0	16
2020103616	2023-12-09	4	230.0	0.4	1.0	0	1800	0	38.8	5.0	15
2020103616	2024-01-20	2	629.8	0.0	2.0	0	1800	0	39.2	3.0	16
2020103616	2024-04-07	7	0.0	1.1	0.0	0	1800	0	38.1	3.0	11
2020103616	2024-06-01	1	1140.0	0.0	0.0	0	1600	1	36.0	3.0	16
2020103616	2024-10-06	3	464.1	0.4	0.0	0	1800	0	38.0	4.0	13
2020103616	2024-11-03	6	0.0	0.7	0.0	0	1600	1	35.4	4.0	11
2020103616	2024-12-30	1	1500.0	0.0	0.0	0	1600	0	38.5	18.0	15
2020103616	2025-02-11	5	150.0	0.5	0.0	0	1800	0	37.6		7
2020103616	2025-04-23	1	1200.0	0.0	3.0	0	1400	2	37.4	18.0	10
2020103616	2025-07-09	1	3000.0	0.0	0.0	0	1600	0	40.2		10
2020103616	2025-10-07	4	400.0	0.2	1.0	0	1800	0	38.9		12
2020103616	2025-12-23	2	1085.0	0.3	0.0	0	1400	0	38.4	18.0	13
2020104617	2022-12-24	14	0.0	1.7	0.0	1	1800	2	36.7	0.0	16
2020104617	2023-01-21	13	0.0	3.3	1.0	1	2000	2	37.9	1.0	13
2020104617	2023-03-19	15	0.0	4.8	0.0	0	1800	3	40.2	1.0	16
2020104617	2023-04-24	1	50.0	0.0	1.0	0	1500	0	38.1		12
2020104617	2023-05-02	1	50.0	0.0	0.0	0	1500	2	39.5		12
2020104617	2023-05-31	4	7.5	1.3	0.0	0	1500	2	39.7		11
2020104617	2023-06-14	2	17.5	0.3	1.0	0	1500	1	37.9		12
2020104617	2023-06-28	9	0.0	2.1	1.0	0	1500	0	40.3		10
2020104617	2023-07-12	9	0.0	1.3	0.0	0	1500	3	37.9		11
2020104617	2023-08-12	14	0.0	3.2	0.0	0	1200	0	37.0	2.0	15
2020104617	2023-09-09	14	0.0	2.1	0.0	0	1200	1	37.6	2.0	16
2020104617	2023-09-24	11	0.0	5.7	0.0	0	1800	1	42.6	2.0	11
2020104617	2023-12-12	8	0.0	2.6	1.0	0	1500	2	41.6	13.0	12
2020104617	2024-01-13	16	0.0	8.3	1.0	0	1800	0	44.8	2.0	16
2020104617	2024-02-29	1	45.0	0.0	3.0	0	1500	2	39.4		10
2020104617	2024-03-12	3	13.0	0.4	0.0	0	1500	3	38.9	5.0	9
2020104617	2024-03-29	1	50.0	0.0	0.0	0	1500	3	39.4		11
2020104617	2024-04-11	5	6.0	0.3	0.0	0	1500	0	39.0		12
2020104617	2024-04-24	3	12.0	0.5	3.0	0	1700	3	40.6		12
2020104617	2024-05-16	2	21.0	0.7	0.0	0	1500	1	39.6		12
2020104617	2024-05-28	3	15.0	1.1	3.0	0	1500	3	38.4	5.0	12
2020104617	2024-06-12	5	7.5	1.1	0.0	0	1700	0	39.1	5.0	12
2020104617	2024-07-11	1	60.0	0.0	1.0	0	1500	1	38.5		12
2020104617	2024-08-06	8	0.0	1.7	0.0	0	1500	0	39.2	5.0	10
2020104617	2024-08-20	1	90.0	0.0	1.0	0	1700	1	38.9	5.0	12
2020104617	2024-09-04	2	35.0	0.1	0.0	0	1500	0	37.7	5.0	11
2020104617	2024-09-18	4	27.0	0.7	0.0	0	2000	0	39.3		11
2020104617	2024-10-03	3	24.0	0.6	3.0	0	1700	3	37.6	5.0	9
2020104617	2024-10-21	2	52.5	0.0	0.0	0	1500	0	36.9	5.0	11
2020104617	2024-11-13	3	20.0	0.2	0.0	0	1500	0	38.2	5.0	10
2020104617	2024-11-25	5	15.0	0.6	0.0	0	1400	0	37.8	5.0	12
2020104617	2024-12-05	3	24.0	0.0	0.0	0	1700	0	38.7	5.0	12
2020104617	2025-03-15	15	0.0	1.5	1.0	0	1200	2	36.7	2.0	16
2020104617	2025-03-30	13	0.0	3.5	0.0	0	1400	0	38.6	2.0	13
2020104617	2025-04-20	12	0.0	2.5	1.0	0	1700	0	38.8	2.0	15
2020104617	2025-05-03	11	0.0	3.2	0.0	0	1800	2	39.1	2.0	11
2020104617	2025-11-08	16	0.0	2.5	0.0	0	1150	0	36.6	2.0	16
2020104617	2025-12-06	12	0.0	2.0	1.0	0	1200	0	36.5	2.0	16
2020104617	2025-12-21	10	0.0	1.4	3.0	0	1200	2	36.5	2.0	16
2020104744	2022-12-25	3	180.0	0.5	0.0	0	1200	2	37.6	0.0	16
2020104744	2023-01-09	10	0.0	1.7	0.0	0	1200	0	37.8	1.0	15
2020104744	2023-02-12	1	550.0	0.0	0.0	0	1700	1	37.6	1.0	16
2020104744	2023-02-26	9	0.0	1.3	0.0	0	1700	2	38.6	2.0	16
2020104744	2023-04-09	8	0.0	2.4	0.0	0	1800	2	40.7	2.0	9
2020104744	2023-06-04	11	0.0	2.4	0.0	0	1600	2	36.8	2.0	16
2020104744	2023-07-01	5	80.0	1.4	0.0	0	1700	1	38.2	2.0	11
2020104744	2023-07-16	12	0.0	2.2	1.0	0	1700	1	38.7	2.0	14
2020104744	2023-12-24	15	0.0	3.1	1.0	0	1800	0	41.8	2.0	16
2020104744	2024-01-28	5	80.0	0.5	2.0	0	1700	0	37.9	2.0	14
2020104744	2024-02-10	8	0.0	0.7	0.0	0	1700	2	37.1	2.0	11
2020104744	2024-04-06	11	0.0	2.3	1.0	0	1700	0	39.1	2.0	15
2020104744	2024-05-12	7	0.0	1.8	1.0	0	1800	0	38.5	2.0	11
2020104744	2024-08-18	4	120.0	0.7	0.0	0	1800	0	38.7	2.0	15
2020104744	2024-09-08	9	0.0	1.2	0.0	0	1800	0	39.8	2.0	16
2020104744	2024-10-06	5	80.0	0.9	0.0	0	1800	2	36.9	2.0	12
2020104744	2024-11-02	2	320.0	0.1	3.0	0	1700	1	36.4	2.0	11
2020104744	2024-11-16	3	200.0	0.4	0.0	0	1700	0	38.1	2.0	15
2020104744	2025-01-26	3	200.0	0.3	0.0	0	1700	0	36.6	2.0	11
2020104744	2025-02-08	5	80.0	1.1	5.0	0	1700	2	37.1	2.0	15
2020104744	2025-03-02	3	200.0	0.1	1.0	0	1700	1	37.6	2.0	14
2020104744	2025-04-19	6	0.0	1.0	0.0	0	1700	0	38.8	2.0	15
2020104744	2025-06-28	7	0.0	2.3	0.0	0	1700	0	38.5	2.0	15
2020104744	2025-08-02	4	120.0	1.2	0.0	0	1800	0	38.3	2.0	13
2020104744	2025-08-24	3	200.0	0.5	0.0	0	1800	0	38.0	2.0	10
2020104744	2025-11-09	5	80.0	1.0	1.0	0	1700	0	37.8	2.0	15
2020104744	2025-11-24	10	0.0	1.0	0.0	0	1700	0	39.1	2.0	15
2020104825	2022-11-20	14	0.0	2.3	1.0	1	1400	0	35.3	0.0	17
2020104825	2022-12-04	9	0.0	2.2	1.0	0	1400	2	38.6	1.0	13
2020104825	2023-02-05	12	0.0	1.0	0.0	1	1200	0	35.0	1.0	18
2020104825	2023-02-25	2	220.0	0.1	1.0	1	1200	2	35.7	1.0	18
2020104825	2023-03-18	2	220.0	0.5	2.0	1	1200	1	36.1	1.0	18
2020104825	2023-04-15	1	550.0	0.0	2.0	1	1200	0	35.5	1.0	16
2020104825	2023-07-02	12	0.0	1.1	0.0	1	1200	0	35.2	2.0	18
2020104825	2023-09-03	11	0.0	0.7	0.0	1	1200	0	35.5	2.0	18
2020104825	2023-09-24	16	0.0	1.2	0.0	1	1400	0	36.5	2.0	18
2020104825	2023-10-15	9	0.0	2.9	1.0	0	1400	1	40.9	2.0	13
2020104825	2023-11-12	1	800.0	0.0	1.0	1	1200	0	36.2	2.0	15
2020104825	2024-02-10	10	0.0	0.4	0.0	1	1200	0	34.9	5.0	14
2020104825	2024-04-28	11	0.0	1.1	0.0	1	1000	0	33.6	5.0	16
2020104825	2024-05-11	13	0.0	1.4	0.0	1	1200	0	35.0	3.0	14
2020104825	2024-06-02	13	0.0	1.5	1.0	1	1200	0	33.7	5.0	14
2020104825	2024-07-13	9	0.0	1.5	0.0	1	1200	0	34.1	5.0	16
2020104825	2024-09-21	7	0.0	0.6	0.0	1	1200	0	34.0	5.0	16
2020104825	2024-10-12	15	0.0	1.1	0.0	1	1200	0	35.0	3.0	17
2020104825	2024-10-26	12	0.0	0.9	1.0	1	1400	0	33.9	3.0	15
2020104825	2024-12-22	7	0.0	0.8	0.0	1	1400	0	34.3	3.0	17
2020104825	2025-01-13	14	0.0	0.9	0.0	1	1200	0	35.2	3.0	14
2020104825	2025-05-17	4	170.0	0.1	1.0	1	1200	3	34.4	3.0	13
2020104825	2025-05-31	6	0.0	0.6	1.0	1	1400	0	35.3	3.0	13
2020104825	2025-06-15	5	155.0	0.9	0.0	1	1200	2	35.8	5.0	15
2020104825	2025-11-29	9	0.0	0.8	0.0	1	1200	0	34.8	3.0	16
2020104825	2025-12-20	6	0.0	0.4	1.0	1	1200	0	34.1	3.0	16
2020104825	2026-01-24	10	0.0	1.3	0.0	1	1400	0	34.8	3.0	11
2020104951	2023-01-14	14	0.0	3.8	2.0	0	1400	1	37.5	0.0	16
2020104951	2023-01-29	11	0.0	2.9	0.0	0	1400	0	40.2	1.0	15
2020104951	2023-04-15	11	0.0	1.7	3.0	0	1200	2	38.3	1.0	16
2020104951	2023-05-06	8	0.0	2.6	0.0	0	1400	0	39.0	1.0	16
2020104951	2023-05-20	5	55.0	0.8	1.0	0	1400	2	37.1	1.0	16
2020104951	2023-06-11	9	0.0	2.0	3.0	0	1400	1	37.7	1.0	15
2020104951	2023-07-30	10	0.0	2.2	1.0	0	1000	0	36.1	1.0	12
2020104951	2023-10-16	1	45.0	0.0	0.0	0	1500	2	40.2	10.0	12
2020104951	2023-11-01	1	58.0	0.0	0.0	0	1500	0	38.5	5.0	12
2020104951	2023-11-17	3	13.0	0.2	0.0	0	1500	3	38.4	5.0	12
2020104951	2023-12-01	1	45.0	0.0	0.0	0	1500	0	38.5		12
2020104951	2023-12-15	1	65.0	0.0	1.0	0	2000	3	37.3	5.0	11
2020104951	2024-01-01	1	50.0	0.0	0.0	0	1700	2	39.7		10
2020104951	2024-02-01	3	100.0	0.7	0.0	0	1600	0	40.1	13.0	11
2020104951	2024-05-25	5	80.0	0.7	0.0	0	1600	0	37.3	2.0	15
2020104951	2024-06-22	13	0.0	2.3	0.0	0	1600	1	37.6	2.0	16
2020104951	2025-02-01	11	0.0	0.8	2.0	0	1700	0	37.7	2.0	16
2020104951	2025-02-15	9	0.0	1.5	1.0	0	1700	0	38.5	2.0	12
2020104951	2025-02-23	8	0.0	2.1	1.0	0	2400	0	39.2	2.0	14
2020104951	2025-03-02	8	0.0	0.9	1.0	0	1700	2	37.4	2.0	16
2020104951	2025-05-29	3	100.0	0.4	1.0	0	1400	0	37.6	5.0	12
2020104951	2025-06-15	7	0.0	1.9	1.0	0	1700	0	38.7	2.0	11
2020104951	2025-06-28	5	80.0	0.9	0.0	0	1700	2	38.0	2.0	14
2020104951	2025-07-06	8	0.0	1.5	0.0	0	1700	2	37.5	2.0	13
2020104951	2025-07-20	4	120.0	0.5	0.0	0	1700	0	37.5	2.0	13
2020104951	2025-08-02	5	80.0	1.3	0.0	0	1800	0	38.1	2.0	13
2020104951	2025-08-17	8	0.0	2.2	0.0	0	1800	0	38.9	2.0	9
2020104951	2025-08-30	4	120.0	0.2	0.0	0	1800	0	37.1	2.0	10
2020104951	2025-09-21	9	0.0	2.4	1.0	0	1800	0	39.2	2.0	16
2020104951	2025-10-18	2	320.0	0.8	1.0	0	1800	0	37.7	2.0	15
2020104951	2025-11-08	8	0.0	1.2	0.0	0	1700	0	39.0	2.0	15
2020104951	2025-12-11	8	0.0	1.6	0.0	0	1800	0	40.9	13.0	14
2020104951	2025-12-20	7	0.0	1.2	1.0	0	1800	2	38.3	2.0	16
2020105203	2022-07-31	4	110.0	1.8	0.0	1	2000	0	37.4	0.0	6
2020105203	2023-02-04	10	0.0	1.1	0.0	1	2400	0	36.3	1.0	18
2020105203	2023-04-29	3	140.0	0.4	0.0	1	1600	0	34.4	1.0	12
2020105203	2023-06-17	2	220.0	0.5	0.0	1	1600	0	35.0	1.0	16
2020105203	2023-07-02	2	220.0	0.2	0.0	1	1800	0	36.1	1.0	16
2020105203	2023-07-29	3	140.0	0.2	0.0	1	1400	0	36.2	1.0	17
2020105203	2023-08-20	15	0.0	1.7	0.0	1	1400	0	37.5	1.0	18
2020105203	2024-01-09	3	9.0	0.6	0.0	0	1400	0	38.8		9
2020105203	2024-02-08	1	45.0	0.0	0.0	0	1600	0	38.1		10
2020105203	2024-02-19	2	24.5	0.5	3.0	0	1600	3	39.0	5.0	10
2020105203	2024-03-04	1	60.0	0.0	1.0	0	1600	0	39.7	5.0	7
2020105203	2024-03-21	1	55.0	0.0	0.0	0	1400	0	37.6		8
2020105203	2024-04-27	1	800.0	0.0	0.0	1	1600	0	33.6	2.0	10
2020105203	2024-05-25	4	230.0	0.3	0.0	1	1600	0	34.7	5.0	14
2020105203	2024-10-06	8	0.0	0.9	0.0	1	1600	0	35.2	5.0	8
2020105203	2024-11-03	4	170.0	0.3	0.0	1	1400	0	33.9	3.0	13
2020105203	2024-12-22	11	0.0	0.8	0.0	1	1600	0	36.4	3.0	16
2020105203	2025-01-18	10	0.0	1.4	0.0	1	1600	0	36.5	3.0	13
2020105203	2025-04-27	4	170.0	0.2	0.0	1	1400	0	33.4	3.0	14
2020105203	2025-05-10	4	170.0	0.4	1.0	1	1400	2	34.5	3.0	12
2020105203	2025-05-31	1	1584.3	0.0	2.0	1	1600	1	35.6	5.0	16
2020105203	2025-06-22	13	0.0	1.1	0.0	1	1400	0	35.1	4.0	16
2020105203	2025-08-10	2	748.8	0.0	3.0	1	1800	1	33.9	4.0	14
2020105203	2025-08-24	15	0.0	1.3	0.0	1	1600	0	34.9	4.0	18
2020105203	2025-10-25	16	0.0	2.1	1.0	1	2000	0	35.5	4.0	18
2020105203	2025-11-23	7	0.0	0.5	0.0	1	1600	0	34.4	4.0	17
2020105203	2026-01-05	1	1900.8	0.0	0.0	1	1200	0	34.2	4.0	14
2020105639	2022-10-29	10	0.0	2.3	0.0	1	2000	0	36.3	0.0	11
2020105639	2022-12-17	3	130.0	1.1	2.0	0	1800	0	39.1	1.0	15
2020105639	2023-01-08	1	550.0	0.0	0.0	0	1800	0	36.8	1.0	11
2020105639	2023-02-05	3	200.0	0.2	0.0	0	1800	0	36.6	2.0	8
2020105639	2023-03-04	5	78.0	0.6	0.0	0	1800	0	38.5	2.0	10
2020105639	2023-04-01	4	120.0	1.5	0.0	0	1800	0	39.9	2.0	9
2020105639	2023-05-14	3	200.0	1.5	2.0	0	1800	1	39.4	2.0	14
2020105639	2023-12-17	2	320.0	0.1	0.0	0	1800	2	38.0	2.0	9
2020105639	2024-01-07	1	800.0	0.0	0.0	0	1900	0	37.8	2.0	13
2020105639	2024-03-09	3	290.0	0.3	1.0	0	1800	0	37.0	3.0	14
2020105639	2024-04-07	1	1576.6	0.0	0.0	0	1800	0	36.7	3.0	11
2020105639	2024-04-27	2	750.0	0.5	1.0	0	2100	2	36.1	4.0	16
2020105639	2025-01-25	2	748.6	0.0	0.0	0	1900	0	36.7	4.0	14
2020105639	2025-02-22	3	463.9	0.4	0.0	0	2100	0	37.1	4.0	12
2020105639	2025-04-26	2	747.6	0.3	0.0	0	1900	0	36.1	4.0	12
2020105639	2025-05-17	6	0.0	1.4	0.0	0	1800	3	35.9	4.0	16
2020105639	2025-06-29	6	0.0	1.0	0.0	0	1700	0	36.6	4.0	15
2020105639	2025-08-31	2	749.6	0.1	0.0	0	1900	0	37.5	4.0	16
2020105639	2025-09-21	1	1873.6	0.0	1.0	0	1800	0	39.2	4.0	16
2020105639	2025-11-22	2	889.8	0.0	0.0	0	1900	0	35.8	5.0	16
2020105639	2026-01-11	4	330.0	0.3	1.0	0	1800	0	37.7	5.0	16
2020105670	2022-08-27	7	0.0	1.8	1.0	1	1800	0	35.2	0.0	13
2020105670	2022-09-17	4	78.0	2.4	0.0	0	1800	0	39.4	1.0	11
2020105670	2022-12-03	7	0.0	1.6	0.0	0	1800	2	39.5	1.0	16
2020105670	2023-01-09	2	220.0	0.1	0.0	0	1800	0	39.5	1.0	16
2020105670	2023-01-21	6	0.0	0.4	0.0	0	1800	2	39.6	1.0	16
2020105670	2023-03-12	9	0.0	2.3	0.0	0	1800	0	38.9	1.0	16
2020105670	2023-05-28	4	83.0	1.9	0.0	0	2100	0	38.0	1.0	16
2020105670	2023-06-18	5	55.0	0.6	0.0	0	2100	0	37.2	1.0	11
2020105670	2023-07-08	10	0.0	2.4	1.0	0	1700	0	38.1	1.0	15
2020105670	2023-08-06	7	0.0	1.1	1.0	1	2600	1	39.1	1.0	13
2020105670	2023-10-08	1	42.0	0.0	1.0	0	1400	0	37.9	11.0	10
2020105670	2023-10-22	1	42.0	0.0	0.0	0	1500	1	37.6	11.0	9
2020105670	2023-12-10	4	120.0	0.8	0.0	0	2500	0	38.6	2.0	11
2020105670	2024-01-07	12	0.0	4.2	0.0	0	1900	0	42.0	2.0	13
2020105670	2024-02-18	9	0.0	1.4	0.0	0	2400	0	39.7	2.0	13
2020105670	2024-03-17	3	200.0	0.3	1.0	0	1900	0	38.1	2.0	11
2020105670	2024-04-28	2	320.0	0.1	0.0	0	1900	0	36.4	2.0	10
2020105670	2024-05-18	1	800.0	0.0	0.0	0	1900	0	37.2	2.0	10
2020105670	2024-06-22	4	230.0	2.1	1.0	0	1900	2	37.6	5.0	12
2020105670	2024-08-25	9	0.0	2.0	1.0	0	1800	0	38.2	5.0	16
2020105670	2024-11-16	9	0.0	1.4	2.0	0	1900	0	38.2	5.0	16
2020105670	2024-12-07	9	0.0	2.5	0.0	0	1900	0	38.4	5.0	14
2020105670	2025-02-15	11	0.0	3.2	0.0	0	1900	0	40.0	3.0	13
2020105670	2025-03-23	4	230.0	0.9	0.0	0	1900	0	37.7	5.0	16
2020105670	2025-05-10	6	0.0	1.7	1.0	0	1800	1	36.9	3.0	10
2020105670	2025-05-25	7	0.0	1.4	1.0	0	1900	1	37.4	3.0	9
2020105670	2025-06-14	10	0.0	0.9	2.0	0	2100	0	37.3	5.0	16
2020105670	2025-08-02	4	230.0	0.6	0.0	0	1800	0	38.9	5.0	12
2020105670	2025-08-24	8	0.0	1.5	0.0	0	1800	0	37.2	5.0	16
2020105670	2025-09-06	6	0.0	1.8	0.0	0	1800	2	37.1	5.0	9
2020105670	2025-10-13	9	0.0	1.7	1.0	0	1800	0	38.2	5.0	12
2020105670	2025-11-29	5	114.0	0.5	1.0	0	2100	0	37.4	3.0	16
2020105670	2025-12-13	13	0.0	1.1	1.0	0	1800	0	36.3	5.0	16
2020105796	2022-11-27	13	0.0	2.5	0.0	1	1800	0	34.7	0.0	16
2020105796	2022-12-17	5	52.0	1.1	1.0	1	2000	0	36.8	1.0	18
2020105796	2023-01-07	6	0.0	1.3	0.0	1	2000	0	36.0	1.0	17
2020105796	2023-01-22	1	550.0	0.0	1.0	1	2200	0	36.0	1.0	15
2020105796	2023-04-02	4	160.0	0.8	1.0	1	2200	0	34.9	2.0	6
2020105796	2023-04-22	6	0.0	1.3	0.0	1	2300	0	35.1	2.0	8
2020105796	2023-07-01	4	170.0	0.9	1.0	1	2600	2	36.1	5.0	10
2020105796	2023-07-23	3	200.0	0.4	0.0	1	2600	0	37.2	2.0	14
2020105796	2023-08-06	10	0.0	1.0	0.0	1	2200	0	35.5	2.0	16
2020105796	2023-10-03	7	0.0	1.9	1.0	1	1700	1	38.7	14.0	9
2020105796	2023-10-15	7	0.0	1.4	1.0	1	2400	1	36.9	2.0	10
2020105796	2023-10-28	7	0.0	0.8	1.0	1	2400	1	36.2	5.0	12
2020105796	2023-11-11	6	0.0	1.2	0.0	1	2600	0	37.3	2.0	12
2020105796	2024-01-13	13	0.0	1.7	0.0	1	2600	0	35.2	2.0	16
2020105796	2024-01-20	9	0.0	1.6	3.0	1	2000	2	36.5	5.0	17
2020105796	2024-02-17	7	0.0	1.9	0.0	1	2000	0	37.0	5.0	9
2020105796	2024-03-03	5	111.0	1.3	1.0	1	2600	2	35.5	5.0	11
2020105796	2024-03-24	7	0.0	2.2	2.0	1	2200	1	38.8	2.0	9
2020105796	2024-04-07	5	80.0	1.3	0.0	1	2600	0	36.9	2.0	16
2020105796	2024-04-21	4	170.0	0.1	0.0	1	2600	0	35.6	5.0	9
2020105796	2024-06-08	3	284.7	0.4	0.0	1	2600	0	35.7	5.0	15
2020105796	2024-06-23	2	320.0	0.6	1.0	1	2600	0	36.7	2.0	10
2020105796	2024-07-13	6	0.0	1.2	0.0	1	2600	0	36.6	2.0	12
2020105796	2024-07-27	4	170.0	0.5	1.0	1	2600	0	35.6	5.0	9
2020105796	2024-08-10	5	80.0	0.8	0.0	1	2600	0	37.1	2.0	11
2020105796	2024-08-24	5	111.0	0.9	0.0	1	2600	0	37.0	5.0	14
2020105796	2024-12-21	10	0.0	1.5	0.0	1	2200	0	35.7	2.0	18
2020105796	2025-01-25	12	0.0	1.6	0.0	1	2600	0	36.8	2.0	16
2020105796	2025-02-08	4	170.0	0.4	1.0	1	2600	2	36.6	5.0	14
2020105796	2025-03-01	12	0.0	1.6	1.0	1	2600	0	37.1	5.0	16
2020105796	2025-03-23	8	0.0	1.2	0.0	1	2500	0	37.0	2.0	16
2020105796	2025-06-21	3	282.9	0.2	1.0	1	2600	0	35.3	5.0	8
2020105796	2025-07-05	3	200.0	0.5	0.0	1	2600	2	37.0	2.0	12
2020105796	2025-07-20	5	80.0	0.7	0.0	1	2600	0	35.2	2.0	9
2020105796	2025-08-03	7	0.0	1.3	0.0	1	2600	0	35.2	5.0	7
2020105796	2025-08-16	8	0.0	0.9	0.0	1	2600	0	35.7	2.0	9
2020105796	2025-10-18	9	0.0	0.8	1.0	1	2200	0	35.9	5.0	15
2020105796	2025-11-09	4	120.0	0.4	1.0	1	2600	0	35.3	2.0	16
2020105796	2025-11-24	16	0.0	1.7	1.0	1	2600	0	36.5	5.0	16
2020105796	2026-01-24	10	0.0	0.5	0.0	1	2600	0	34.9	2.0	15
2020106370	2022-10-10	8	0.0	1.1	1.0	1	1400	1	36.1	0.0	12
2020106370	2022-10-16	5	52.0	0.5	0.0	0	1200	0	36.8	1.0	10
2020106370	2023-03-08	1	62.0	0.0	0.0	0	1400	0	37.8	5.0	7
2020106370	2023-03-18	9	0.0	1.6	1.0	0	1800	3	37.0	2.0	15
2020106370	2023-04-01	3	200.0	0.8	0.0	0	1800	0	39.6	2.0	9
2020106370	2023-06-25	10	0.0	2.0	0.0	0	1700	2	38.4	2.0	14
2020106370	2023-07-01	4	120.0	0.6	0.0	0	2400	1	38.2	2.0	7
2020106370	2023-07-15	4	170.0	0.5	2.0	0	1700	3	36.8	5.0	14
2020106370	2023-07-29	3	200.0	1.1	1.0	0	1700	0	37.3	2.0	13
2020106370	2023-08-13	2	320.0	0.6	3.0	0	1700	0	37.6	2.0	14
2020106370	2023-08-26	4	170.0	0.5	0.0	0	1700	0	38.1	5.0	12
2020106370	2023-11-25	2	320.0	0.3	0.0	0	1800	0	38.1	2.0	14
2020106370	2023-12-10	2	320.0	0.6	0.0	0	1800	0	36.7	2.0	9
2020106370	2023-12-24	1	800.0	0.0	0.0	0	1800	0	38.6	2.0	11
2020106370	2024-03-16	13	0.0	1.9	0.0	0	1900	0	37.5	5.0	16
2020106370	2024-03-24	4	170.0	0.5	3.0	0	2000	3	38.1	3.0	14
2020106370	2024-04-13	6	0.0	0.4	0.0	0	1800	0	38.7	3.0	10
2020106370	2024-04-28	2	627.8	0.0	0.0	0	1800	0	36.1	5.0	11
2020106370	2024-05-19	3	395.4	0.5	2.0	0	1800	0	37.3	5.0	16
2020106370	2024-08-10	1	1583.6	0.0	0.0	0	1800	0	37.3	5.0	16
2020106370	2024-08-24	1	1872.2	0.0	0.0	0	1900	0	37.8	4.0	15
2020106370	2024-09-23	3	480.0	1.2	0.0	0	2100	1	38.0		12
2020106370	2024-12-19	4	450.0	0.2	0.0	0	2000	0	38.0		12
2020106370	2025-01-26	10	0.0	1.5	0.0	0	1800	0	37.5		16
2020106370	2025-04-12	11	0.0	1.4	0.0	0	1700	0	38.7	5.0	15
2020106370	2025-05-04	11	0.0	1.9	0.0	0	2100	2	37.2		16
2020106370	2025-08-30	13	0.0	2.0	0.0	0	1800	0	38.6	5.0	16
2020106370	2025-09-20	10	0.0	1.6	2.0	0	1800	1	38.7	5.0	15
2020106370	2026-01-11	8	0.0	1.0	1.0	0	1800	0	37.9	5.0	16
2020106394	2023-03-26	13	0.0	3.1	3.0	1	2000	1	36.7	1.0	16
2020106394	2023-04-22	13	0.0	1.2	0.0	1	2000	0	35.4	1.0	18
2020106394	2023-06-18	9	0.0	1.5	1.0	1	1400	0	34.4	1.0	18
2020106394	2023-08-13	12	0.0	0.4	0.0	1	1200	0	34.8	1.0	18
2020106394	2023-09-19	3	6.4	0.4	0.0	0	1400	1	38.0	10.0	9
2020106394	2023-10-03	1	40.0	0.0	0.0	0	1500	2	37.9	10.0	9
2020106394	2023-10-30	1	40.0	0.0	0.0	0	1400	1	38.0	10.0	9
2020106394	2024-01-13	15	0.0	2.8	1.0	0	1400	0	38.1	2.0	15
2020106394	2024-02-04	7	0.0	0.9	1.0	0	1800	0	39.0	2.0	9
2020106394	2024-03-09	8	0.0	1.9	1.0	0	1800	0	38.4	2.0	10
2020106394	2024-06-11	4	12.0	1.2	0.0	0	1500	0	38.7	16.0	11
2020106394	2024-07-07	11	0.0	1.0	0.0	0	1000	0	35.7	2.0	14
2020106394	2024-10-01	7	0.0	1.0	0.0	0	1500	0	40.3	16.0	11
2020106394	2024-10-19	11	0.0	1.0	3.0	0	1400	2	38.4	2.0	15
2020106394	2024-12-05	2	80.0	0.3	0.0	0	1400	0	39.7	5.0	9
2020106394	2025-05-11	13	0.0	2.7	1.0	0	1400	2	39.1	2.0	14
2020106394	2025-06-28	12	0.0	4.4	0.0	0	1700	0	39.8	2.0	15
2020106394	2025-10-21	5	10.0	0.2	1.0	0	1500	0	40.3	16.0	8
2020106549	2022-11-05	9	0.0	1.7	0.0	1	2000	0	34.9	0.0	10
2020106549	2022-12-03	6	0.0	1.6	0.0	0	1800	2	39.1	1.0	16
2020106549	2023-01-09	10	0.0	2.7	0.0	0	1800	0	42.1	1.0	16
2020106549	2023-01-28	3	140.0	2.3	0.0	0	1900	0	40.3	1.0	15
2020106549	2023-02-19	8	0.0	1.6	1.0	0	2100	2	40.7	1.0	15
2020106549	2023-03-11	6	0.0	2.2	0.0	0	1800	0	38.6	1.0	16
2020106549	2023-04-09	4	83.0	0.7	0.0	0	1800	2	40.4	1.0	15
2020106549	2023-08-05	2	220.0	1.4	0.0	0	1800	0	39.0	1.0	15
2020106549	2023-08-13	9	0.0	2.0	0.0	0	1800	0	40.0	1.0	15
2020106549	2023-11-22	1	120.0	0.0	0.0	0	1400	0	39.5	11.0	12
2020106549	2023-12-21	1	160.0	0.0	0.0	0	2000	0	41.0	5.0	12
2020106549	2024-01-09	1	160.0	0.0	0.0	0	2000	0	40.5	5.0	10
2020106549	2024-02-24	7	0.0	1.0	0.0	0	1800	2	38.6	2.0	12
2020106549	2024-03-10	2	320.0	0.1	0.0	0	2400	2	39.8	2.0	15
2020106549	2024-04-06	2	320.0	0.5	1.0	0	2400	2	40.3	2.0	16
2020106549	2024-05-11	4	120.0	0.5	0.0	0	2100	0	39.4	2.0	11
2020106549	2024-06-08	8	0.0	1.3	0.0	0	2100	0	38.8	2.0	16
2020106549	2024-10-20	7	0.0	1.9	0.0	0	1800	2	39.3	2.0	10
2020106549	2024-11-17	10	0.0	2.3	0.0	0	2100	0	39.5	2.0	16
2020106549	2024-12-14	9	0.0	1.0	0.0	0	1800	0	38.3	2.0	16
2020106549	2025-01-12	3	200.0	0.3	1.0	0	1800	0	38.7	2.0	16
2020106549	2025-01-26	3	200.0	0.1	0.0	0	1800	0	38.6	2.0	16
2020106549	2025-02-15	11	0.0	1.2	0.0	0	2100	0	37.3	2.0	16
2020106549	2025-03-08	3	200.0	0.4	1.0	0	1800	2	38.2	2.0	16
2020106549	2025-03-22	1	800.0	0.0	0.0	0	1800	2	38.3	2.0	16
2020106549	2025-06-28	12	0.0	3.3	0.0	0	1700	0	38.9	5.0	14
2020106549	2025-07-26	14	0.0	3.2	0.0	0	1800	0	39.1	5.0	15
2020106549	2025-09-13	7	0.0	1.9	1.0	0	2400	3	37.7	5.0	11
2020106549	2025-10-25	12	0.0	3.5	1.0	0	1800	0	39.4	5.0	15
2020106549	2025-12-20	13	0.0	2.5	1.0	0	2400	0	41.3	5.0	16
2020106549	2026-01-12	14	0.0	2.1	0.0	0	2400	0	41.0	5.0	16
2020106877	2022-10-22	4	110.0	1.8	0.0	0	1800	0	39.9	0.0	10
2020106877	2022-12-04	2	210.0	0.0	0.0	0	1800	0	38.7	1.0	14
2020106877	2023-01-08	3	140.0	0.4	0.0	0	1800	0	39.8	1.0	15
2020106877	2023-02-04	1	550.0	0.0	1.0	0	1700	2	36.4	1.0	12
2020106877	2023-05-07	6	0.0	0.6	2.0	0	1400	0	38.5	2.0	16
2020106877	2023-06-04	1	800.0	0.0	0.0	0	1400	2	36.8	2.0	16
2020106877	2023-06-25	3	395.1	0.1	1.0	0	1200	0	37.5	3.0	16
2020106877	2023-09-09	4	170.0	1.0	0.0	0	1200	0	37.1	3.0	16
2020106877	2023-10-09	2	460.0	0.1	1.0	0	1400	1	38.4	3.0	13
2020106877	2023-11-18	10	0.0	0.8	1.0	0	1400	1	36.9	3.0	16
2020106877	2023-12-17	3	290.0	0.1	0.0	0	1400	2	39.2	3.0	14
2020106877	2024-02-11	9	0.0	1.2	1.0	0	1200	0	37.1	3.0	16
2020106877	2024-02-25	9	0.0	2.9	2.0	0	1800	1	41.7	3.0	12
2020106877	2024-07-07	1	1583.6	0.0	0.0	0	1150	0	37.1	3.0	16
2020106877	2024-09-14	3	464.8	0.4	0.0	0	1200	0	37.8	4.0	16
2020106877	2024-11-02	13	0.0	2.1	3.0	0	1150	3	38.0	4.0	16
2020106877	2025-01-05	2	750.0	0.0	0.0	0	1200	0	36.1	4.0	16
2020106877	2025-02-10	10	0.0	0.9	0.0	0	1200	0	37.2	4.0	13
2020106877	2025-03-01	13	0.0	1.9	0.0	0	1200	0	38.3	4.0	16
2020106877	2025-04-13	14	0.0	1.3	3.0	0	1150	0	38.8	4.0	16
2020106877	2025-05-25	9	0.0	0.8	1.0	0	1400	1	37.1	4.0	16
2020106877	2025-07-12	1	1863.1	0.0	0.0	0	1000	0	36.4	4.0	10
2020106877	2025-08-17	3	554.5	0.4	0.0	0	1200	0	37.2	5.0	15
2020106877	2025-11-08	16	0.0	1.7	0.0	0	1200	0	37.6	5.0	16
2020106877	2025-12-14	15	0.0	3.9	1.0	0	1800	2	40.2		16
2020106877	2025-12-28	16	0.0	3.9	0.0	0	1400	0	41.4	5.0	16
2020106900	2022-09-24	7	0.0	0.2	1.0	1	1600	3	35.7	0.0	16
2020106900	2022-10-10	4	78.0	0.3	0.0	1	1600	2	35.1	1.0	14
2020106900	2022-11-06	10	0.0	0.9	0.0	1	1600	0	35.5	1.0	15
2020106900	2023-03-11	8	0.0	1.0	0.0	1	1400	0	34.3	1.0	18
2020106900	2023-06-04	8	0.0	0.6	0.0	1	1400	2	33.5	1.0	18
2020106900	2023-07-01	1	550.0	0.0	1.0	1	2000	2	35.6	1.0	16
2020106900	2023-10-01	5	80.0	0.2	1.0	1	2200	0	35.1	2.0	15
2020106900	2023-10-21	7	0.0	0.4	0.0	1	1800	0	34.8	2.0	9
2020106900	2024-02-03	8	0.0	2.3	2.0	1	2000	2	40.2	2.0	11
2020106900	2024-02-18	6	0.0	0.3	0.0	1	2000	0	35.5	2.0	9
2020106900	2024-03-02	6	0.0	1.4	0.0	1	2000	2	36.8	2.0	13
2020106900	2024-07-07	6	0.0	0.6	0.0	1	1800	0	35.0	2.0	16
2020106900	2024-08-04	3	200.0	0.3	0.0	1	1600	0	33.0	2.0	18
2020106900	2024-10-14	11	0.0	1.4	0.0	1	1800	0	35.7	2.0	16
2020106900	2024-10-27	5	80.0	0.6	0.0	1	1800	0	34.4	2.0	18
2020106900	2025-03-16	12	0.0	1.3	1.0	1	1600	1	36.1	2.0	16
2020106900	2025-05-24	1	800.0	0.0	1.0	1	1600	0	33.4	2.0	13
2020106900	2025-06-07	1	1584.3	0.0	0.0	1	1400	0	33.3	5.0	15
2020106900	2025-07-26	4	280.0	0.8	0.0	1	1400	0	33.6	4.0	10
2020106900	2025-08-24	6	0.0	0.4	0.0	1	1600	0	33.9	4.0	18
2020106900	2025-10-04	9	0.0	0.5	2.0	1	1400	0	33.9	4.0	15
2020106914	2022-06-25	2	280.0	0.0	1.0	1	1200	2	35.0	0.0	8
2020106914	2022-07-09	1	520.0	0.0	1.0	1	1200	0	35.2	1.0	7
2020106914	2022-08-21	2	646.8	0.0	0.0	1	1500	0	36.2	5.0	11
2020106914	2022-09-17	5	160.0	0.5	1.0	1	1400	0	34.5	5.0	10
2020106914	2022-11-13	3	405.0	0.3	1.0	1	1200	0	35.4	5.0	16
2020106914	2022-12-04	3	262.6	0.6	1.0	1	1200	0	34.3	2.0	8
2020106914	2023-02-25	9	0.0	1.6	0.0	0	1200	2	38.1	2.0	16
2020106914	2023-11-04	2	320.0	0.2	1.0	1	1200	0	34.9	2.0	13
2020106914	2024-07-07	6	0.0	0.7	0.0	1	1200	0	35.6	2.0	9
2020106914	2024-10-05	1	800.0	0.0	0.0	1	1000	0	32.6	2.0	18
2020106914	2024-10-12	2	631.4	0.0	0.0	1	1000	0	32.2	5.0	18
2020106914	2025-02-02	5	155.0	0.5	1.0	1	1200	2	35.4	5.0	18
2020106914	2025-05-04	2	630.2	0.6	0.0	1	1000	0	33.8	5.0	16
2020106914	2025-08-10	5	155.0	0.4	3.0	1	1000	1	34.2	5.0	18
2020106914	2025-08-31	1	1577.3	0.0	0.0	1	1000	0	32.1	5.0	12
2020106914	2025-10-26	1	2739.2	0.0	3.0	1	1000	2	33.2		17
2020106974	2022-10-02	13	0.0	2.2	0.0	1	1200	0	34.5	0.0	16
2020106974	2022-10-16	10	0.0	1.2	0.0	1	1600	0	33.9	1.0	10
2020106974	2023-02-05	4	83.0	0.7	0.0	1	1600	0	34.9	1.0	16
2020106974	2023-02-18	3	140.0	0.1	0.0	1	1600	0	34.3	1.0	16
2020106974	2023-03-11	9	0.0	0.7	0.0	1	1800	0	34.8	1.0	16
2020106974	2023-05-28	7	0.0	0.8	0.0	1	1600	0	33.7	1.0	18
2020106974	2023-06-24	9	0.0	0.7	0.0	1	1600	0	34.2	1.0	16
2020106974	2023-09-02	10	0.0	1.5	1.0	1	1600	0	35.4	1.0	17
2020106974	2023-12-25	2	12.8	0.0	3.0	0	1400	3	38.4	10.0	7
2020106974	2024-03-12	1	41.0	0.0	3.0	0	1400	3	39.7	10.0	9
2020106974	2024-05-19	1	41.0	0.0	1.0	0	1500	0	38.1	10.0	10
2020106974	2024-06-02	1	45.0	0.0	1.0	0	1500	0	39.3	13.0	11
2020106974	2024-07-01	2	14.4	0.2	1.0	0	1500	1	38.4	13.0	7
2020106974	2024-10-14	10	0.0	1.0	0.0	0	1400	0	36.1	2.0	16
2020106974	2024-10-27	6	0.0	1.0	1.0	0	1600	0	36.8	2.0	13
2020106974	2024-11-10	7	0.0	1.6	1.0	0	1600	0	36.9	2.0	16
2020106974	2025-05-17	5	80.0	1.4	3.0	0	1600	3	36.6	2.0	13
2020106974	2025-05-31	3	200.0	0.7	2.0	0	1600	3	36.1	2.0	16
2020106974	2025-06-21	6	0.0	0.6	0.0	0	1600	0	37.1	2.0	16
2020106974	2025-10-12	9	0.0	0.8	1.0	0	1600	0	36.9	2.0	16
2020106974	2025-10-18	7	0.0	1.0	0.0	0	1600	0	38.0	2.0	15
2020106974	2025-11-02	8	0.0	1.3	1.0	0	1600	1	37.1	2.0	15
2020106974	2025-11-16	3	160.0	0.4	0.0	0	1600	0	37.3	2.0	16
2020106974	2025-11-29	10	0.0	1.7	0.0	0	1600	0	37.0	2.0	16
2020107018	2023-01-15	5	62.0	2.3	1.0	0	1800	0	41.5	0.0	13
2020107018	2023-03-25	10	0.0	2.4	1.0	0	1400	3	38.2	1.0	16
2020107018	2023-08-06	8	0.0	1.5	0.0	0	1200	0	36.5	1.0	15
2020107018	2024-08-08	1	40.0	0.0	1.0	0	1200	2	37.8		7
2020107018	2024-08-28	1	40.0	0.0	0.0	0	1200	1	37.4	9.0	9
2020107018	2024-10-02	1	55.0	0.0	1.0	0	1200	0	37.5	10.0	11
2020107018	2025-08-02	13	0.0	8.6	0.0	0	1400	0	46.7	2.0	13
2020107018	2025-10-08	3	50.0	0.7	0.0	0	1400	2	39.5	5.0	12
2020107018	2025-11-15	2	320.0	0.1	0.0	0	1150	0	37.5	2.0	16
2020110024	2023-04-29	1	550.0	0.0	0.0	0	1600	0	37.5	1.0	16
2020110024	2023-05-14	3	453.3	0.4	1.0	0	1600	2	35.7	5.0	9
2020110024	2024-03-24	1	800.0	0.0	1.0	0	1800	0	38.4	2.0	15
2020110024	2024-04-21	1	1140.0	0.0	1.0	0	1600	0	35.5	3.0	13
2020110024	2024-06-09	3	465.1	0.2	1.0	0	1600	0	36.1	4.0	16
2020110024	2024-11-03	1	1865.2	0.0	0.0	0	1600	1	34.3	4.0	11
2020110024	2024-12-01	2	890.2	0.0	0.0	0	1400	0	36.5	5.0	15
2020110024	2025-01-11	2	970.0	0.5	0.0	0	1400	0	36.5		16
2020110024	2025-02-16	2	889.8	0.0	1.0	0	1400	0	35.8	5.0	16
2020110024	2025-05-31	1	2233.6	0.0	2.0	0	1600	3	36.6	5.0	16
2020110024	2025-11-23	1	2234.3	0.0	0.0	0	1400	0	36.1	5.0	16
2020110039	2022-06-18	6	0.0	0.9	1.0	1	1600	0	34.6	0.0	12
2020110039	2023-03-04	6	0.0	0.2	0.0	1	1600	0	34.4	1.0	18
2020110039	2023-05-27	10	0.0	0.7	0.0	1	1400	0	35.1	1.0	18
2020110039	2023-07-16	2	220.0	0.1	0.0	1	1400	0	35.6	1.0	18
2020110039	2023-08-13	1	550.0	0.0	0.0	1	1200	0	35.4	1.0	18
2020110039	2023-12-17	5	80.0	0.6	0.0	1	1600	0	35.0	2.0	16
2020110039	2024-01-13	7	0.0	0.5	0.0	1	1600	0	34.8	2.0	18
2020110039	2024-03-17	1	800.0	0.0	1.0	1	1400	0	34.1	2.0	16
2020110039	2024-05-04	1	1140.0	0.0	0.0	1	1400	0	33.1	3.0	10
2020110039	2024-06-15	10	0.0	0.6	1.0	1	1400	0	34.1	4.0	14
2020110039	2024-08-17	3	464.3	0.1	0.0	1	1400	0	33.7	4.0	14
2020110039	2024-09-15	3	465.1	0.2	1.0	1	1600	2	33.8	4.0	16
2020110039	2024-10-06	4	280.0	0.1	0.0	1	1400	0	34.4	4.0	16
2020110039	2024-11-30	2	748.2	0.0	0.0	1	1400	0	33.5	4.0	13
2020110039	2025-01-26	3	464.3	0.2	0.0	1	1400	0	34.1	4.0	14
2020110039	2025-04-06	5	184.0	0.4	0.0	1	1600	0	33.2	4.0	14
2020110039	2025-04-20	2	747.2	0.1	1.0	1	1400	0	34.3	4.0	11
2020110039	2025-06-01	13	0.0	0.9	0.0	1	1400	0	34.2	4.0	14
2020110039	2025-08-24	8	0.0	1.2	0.0	1	1200	0	34.1	4.0	9
2020110039	2025-09-07	7	0.0	0.5	0.0	1	1200	0	33.2	4.0	12
2020110039	2025-10-04	2	749.4	0.0	2.0	1	1400	0	33.2	4.0	15
2020110039	2025-11-15	3	465.7	0.3	0.0	1	1400	0	32.8	4.0	18
2020110039	2025-12-06	3	464.0	0.1	0.0	1	1400	0	33.1	4.0	12
2021100104	2023-06-17	7	0.0	1.5	0.0	0	1200	0	38.2	0.0	13
2021100104	2023-07-23	7	0.0	2.4	0.0	1	1600	0	36.7	1.0	8
2021100104	2023-10-14	3	140.0	1.8	1.0	0	1800	0	41.2	1.0	8
2021100104	2023-11-04	4	83.0	2.7	0.0	0	1800	0	40.1	1.0	11
2021100104	2023-11-26	8	0.0	1.5	1.0	0	1200	0	35.8	1.0	16
2021100104	2024-02-10	12	0.0	2.5	1.0	1	2000	0	37.0	1.0	12
2021100104	2024-03-13	3	22.0	0.9	0.0	0	1500	1	39.3		12
2021100104	2024-04-13	7	0.0	0.9	0.0	0	1200	0	35.8	1.0	16
2021100104	2024-05-04	10	0.0	1.7	0.0	0	1200	0	38.2	1.0	16
2021100104	2024-06-05	1	80.0	0.0	0.0	0	1400	0	40.4	11.0	11
2021100104	2024-06-27	6	0.0	1.3	1.0	0	1230	0	40.8		12
2021100104	2024-08-09	2	24.5	0.2	0.0	0	1400	0	41.2	10.0	8
2021100104	2024-09-19	1	70.0	0.0	1.0	0	1400	0	40.0	10.0	8
2021100104	2024-10-24	1	70.0	0.0	1.0	0	1400	2	38.8	10.0	12
2021100104	2024-12-03	1	100.0	0.0	0.0	0	1400	2	39.3	11.0	9
2021100104	2024-12-30	3	22.0	0.6	1.0	0	1700	0	38.6	11.0	11
2021100104	2025-02-06	1	110.0	0.0	0.0	0	1400	0	39.6	11.0	11
2021100104	2025-03-26	1	130.0	0.0	0.0	0	1400	0	39.1	13.0	12
2021100104	2025-05-06	2	52.0	0.4	1.0	0	1400	1	38.2	13.0	9
2021100104	2025-06-04	1	130.0	0.0	0.0	0	1400	2	39.2	13.0	9
2021100104	2025-07-23	1	150.0	0.0	0.0	0	1400	0	39.0	14.0	5
2021100104	2025-08-29	5	15.0	0.8	0.0	0	1400	0	39.1	5.0	8
2021100104	2025-09-12	7	0.0	0.6	3.0	0	1400	3	40.2	14.0	10
2021100104	2025-10-29	4	22.5	0.9	0.0	0	1400	0	38.4	14.0	10
2021100104	2026-01-10	12	0.0	2.4	0.0	0	1800	0	39.9	3.0	13
2021100121	2023-09-24	1	170.0	0.0	0.0	1	1000	2	36.0	0.0	9
2021100121	2023-10-01	1	300.0	0.0	0.0	1	1000	1	35.9		9
2021100121	2023-12-09	11	0.0	2.1	0.0	1	1200	0	36.6	2.0	11
2021100121	2024-04-13	16	0.0	2.8	0.0	1	1200	0	36.5	2.0	16
2021100121	2024-05-07	8	0.0	3.0	2.0	0	1200	2	39.8		9
2021100121	2024-05-21	10	0.0	4.1	0.0	0	1000	2	42.0		10
2021100121	2024-07-01	8	0.0	2.3	3.0	0	900	1	39.7		8
2021100121	2024-07-24	8	0.0	1.9	0.0	0	900	0	38.3		11
2021100121	2024-08-08	14	0.0	3.3	1.0	0	1500	0	43.5	5.0	14
2021100121	2024-09-01	8	0.0	1.6	0.0	0	1300	1	39.6		8
2021100121	2024-09-29	11	0.0	4.1	0.0	0	1400	0	42.6		11
2021100121	2024-10-20	9	0.0	2.4	1.0	0	1400	1	42.0	11.0	11
2021100121	2025-03-09	15	0.0	4.0	0.0	0	1200	1	41.2	2.0	16
2021100121	2025-05-03	9	0.0	1.7	0.0	1	1000	0	32.5	2.0	16
2021100121	2025-07-26	6	0.0	0.5	0.0	1	1000	0	32.4	5.0	14
2021100121	2025-08-24	9	0.0	0.7	0.0	1	1000	0	32.2	2.0	18
2021100121	2025-10-18	7	0.0	0.6	2.0	1	1000	0	32.9	2.0	18
2021100121	2025-11-09	14	0.0	1.5	2.0	1	1200	0	35.2	2.0	16
2021100130	2023-09-23	2	290.0	0.0	0.0	1	1600	0	34.2	0.0	13
2021100130	2023-10-22	2	220.0	0.1	0.0	0	1800	0	37.9	1.0	11
2021100130	2023-11-18	1	550.0	0.0	1.0	0	1800	1	38.1	1.0	16
2021100130	2024-02-18	7	0.0	1.4	1.0	0	1900	0	39.3	2.0	11
2021100130	2024-03-10	1	780.0	0.0	0.0	0	1400	0	37.4	2.0	14
2021100130	2024-03-31	2	726.8	0.2	1.0	0	1400	0	38.3	5.0	11
2021100130	2024-06-02	1	1582.9	0.0	1.0	1	1200	0	34.0	5.0	14
2021100130	2024-08-31	2	751.0	0.0	2.0	1	1200	3	34.9	4.0	18
2021100130	2024-09-22	2	751.4	0.6	1.0	1	1200	2	34.0	4.0	17
2021100130	2024-12-28	1	1874.3	0.0	0.0	1	1200	0	33.7	4.0	16
2021100130	2025-02-16	2	929.2	0.0	0.0	1	1200	0	34.3	5.0	15
2021100130	2025-03-16	2	930.0	0.4	3.0	1	1200	1	35.1	5.0	16
2021100130	2025-04-13	2	1108.4	0.2	3.0	1	1200	2	34.6		14
2021100130	2025-07-06	9	0.0	0.6	0.0	1	1200	0	35.7		18
2021100130	2025-09-14	4	330.0	0.9	1.0	0	1200	2	36.3	5.0	16
2021100130	2025-12-07	1	2735.7	0.0	0.0	1	1200	0	33.2		16
2021100165	2024-01-07	5	62.0	0.8	1.0	1	2000	0	36.6	0.0	17
2021100165	2024-02-03	3	140.0	0.3	1.0	1	1800	0	36.3	1.0	12
2021100165	2024-07-28	1	550.0	0.0	1.0	1	2000	1	35.6	1.0	15
2021100165	2024-08-17	5	111.0	0.5	1.0	1	2000	0	35.8	5.0	12
2021100165	2024-10-14	12	0.0	1.7	0.0	1	2000	0	37.2	2.0	12
2021100165	2024-11-10	2	320.0	0.1	0.0	1	1800	0	36.7	2.0	16
2021100165	2024-11-16	3	287.3	0.2	1.0	1	1800	0	34.7	5.0	16
2021100165	2025-01-25	12	0.0	1.5	0.0	1	1800	0	36.8	2.0	16
2021100165	2025-04-12	5	111.0	0.5	1.0	1	1800	0	35.2	5.0	14
2021100165	2025-04-26	3	285.1	0.5	0.0	1	2000	0	35.7	5.0	13
2021100165	2025-06-28	14	0.0	2.7	0.0	1	1800	2	38.3	2.0	16
2021100165	2025-07-13	10	0.0	2.2	0.0	0	1700	0	38.6	2.0	12
2021100165	2025-08-23	7	0.0	1.1	0.0	1	1500	2	36.5	2.0	14
2021100165	2025-10-13	11	0.0	0.5	1.0	1	1600	0	34.2	2.0	18
2021100165	2025-11-16	6	0.0	0.7	0.0	1	2000	0	34.7	2.0	16
2021100248	2023-08-12	1	720.0	0.0	0.0	1	1200	0	35.2	0.0	15
2021100248	2023-09-03	7	0.0	0.5	0.0	1	1200	0	35.1		10
2021100248	2023-11-04	9	0.0	0.7	1.0	1	1400	0	34.7		18
2021100248	2023-12-09	2	439.4	0.4	0.0	1	1400	0	34.4	2.0	14
2021100248	2024-01-13	5	200.0	0.7	1.0	1	1400	0	35.4		9
2021100248	2024-03-02	10	0.0	1.2	0.0	1	1200	2	36.1	2.0	13
2021100248	2024-06-30	9	0.0	1.7	1.0	0	1700	1	38.1	2.0	16
2021100248	2024-08-25	11	0.0	1.9	1.0	0	1400	0	38.8	2.0	15
2021100248	2024-10-19	6	0.0	1.8	3.0	0	1200	2	37.9	2.0	12
2021100248	2025-02-08	6	0.0	0.6	1.0	1	1200	2	35.7	2.0	18
2021100248	2025-04-13	4	120.0	0.8	1.0	1	1200	0	34.4	2.0	16
2021100248	2025-04-27	3	200.0	0.2	0.0	1	1200	0	33.8	2.0	14
2021100248	2025-05-17	6	0.0	0.8	1.0	1	1400	2	35.5	2.0	16
2021100248	2025-07-05	2	320.0	0.1	0.0	1	1200	0	34.3	2.0	15
2021100248	2025-07-20	2	446.6	0.0	0.0	1	1200	0	33.9	5.0	11
2021100248	2025-09-21	10	0.0	0.7	1.0	1	1200	0	33.2	2.0	16
2021100248	2025-11-15	6	0.0	0.4	0.0	1	1200	0	34.4	2.0	16
2021100297	2023-06-18	5	72.0	0.8	1.0	1	1600	0	35.6	0.0	11
2021100297	2023-09-02	7	0.0	1.1	1.0	1	2000	2	36.8	1.0	9
2021100297	2023-09-23	10	0.0	1.8	1.0	1	2000	0	37.9	1.0	10
2021100297	2023-12-10	2	220.0	0.3	0.0	1	1400	0	35.5	1.0	16
2021100297	2024-02-18	2	220.0	0.1	0.0	1	1200	0	35.3	1.0	18
2021100297	2024-03-16	2	220.0	0.5	0.0	1	1200	0	35.0	1.0	18
2021100297	2024-04-06	3	140.0	0.1	0.0	1	1200	0	34.8	1.0	16
2021100297	2024-05-05	5	55.0	0.4	0.0	1	1200	0	35.7	1.0	15
2021100297	2024-06-29	1	550.0	0.0	1.0	1	1200	0	35.8	1.0	18
2021100297	2025-01-26	14	0.0	0.7	0.0	1	1200	0	35.9	5.0	18
2021100297	2025-02-15	2	320.0	0.5	1.0	1	1200	0	35.1	2.0	18
2021100297	2025-03-02	7	0.0	0.3	3.0	1	1200	1	36.1	2.0	17
2021100297	2025-05-03	2	320.0	0.7	0.0	1	1000	0	32.7	2.0	16
2021100297	2025-05-18	1	1146.4	0.0	1.0	1	1000	0	33.7	5.0	16
2021100297	2025-08-10	10	0.0	1.4	3.0	1	1000	1	34.8	5.0	18
2021100297	2025-10-19	10	0.0	1.1	1.0	1	1000	0	33.8	5.0	18
2021100337	2024-02-18	9	0.0	1.8	1.0	0	1400	2	38.8	0.0	15
2021100337	2024-04-21	6	0.0	1.2	1.0	0	1200	0	36.5	1.0	16
2021100337	2024-06-01	3	140.0	0.4	0.0	0	1200	2	36.1	1.0	16
2021100337	2024-06-15	1	550.0	0.0	0.0	0	1200	0	36.8	1.0	16
2021100337	2025-01-18	8	0.0	0.7	0.0	0	1200	0	37.4	2.0	16
2021100337	2025-02-10	6	0.0	0.8	0.0	0	1200	0	36.6	2.0	16
2021100337	2025-03-22	13	0.0	2.2	0.0	0	1200	0	38.5	2.0	15
2021100337	2025-06-14	4	120.0	0.3	2.0	0	1200	1	35.9	2.0	16
2021100337	2025-08-03	3	200.0	0.8	0.0	0	1200	0	35.6	2.0	16
2021100337	2025-08-16	8	0.0	2.2	0.0	0	1200	0	36.8	2.0	16
2021100337	2025-10-25	2	320.0	0.9	3.0	0	1400	2	36.0	2.0	16
2021100337	2025-11-15	3	200.0	0.2	0.0	0	1400	0	35.8	2.0	16
2021100901	2024-05-04	9	0.0	1.3	0.0	0	1200	0	38.5	1.0	15
2021100901	2024-07-14	12	0.0	3.0	3.0	0	1000	3	37.5	1.0	14
2021100901	2024-07-21	12	0.0	5.0	1.0	1	1800	0	39.9	2.0	12
2021100901	2024-12-10	1	40.0	0.0	0.0	0	1400	0	39.7	10.0	8
2021100901	2024-12-29	4	5.0	1.4	1.0	0	1600	0	41.7	5.0	8
2021100901	2025-01-21	4	4.0	0.7	0.0	0	1400	0	41.7	11.0	8
2021100901	2025-02-05	1	40.0	0.0	0.0	0	1400	2	40.8	11.0	9
2021100901	2025-03-05	5	2.5	1.5	1.0	0	1400	3	40.5	5.0	8
2021100901	2025-06-19	2	11.2	0.4	0.0	0	1200	0	39.2		14
2021100901	2025-07-01	5	3.8	0.7	0.0	0	1200	0	39.3		11
2021100901	2025-07-15	2	11.2	0.2	1.0	0	1000	2	37.3		9
2021100901	2025-07-29	5	3.8	0.7	0.0	0	1200	1	38.7		12
2021100901	2025-08-28	11	0.0	2.0	1.0	0	1700	0	42.8		12
2021100901	2025-10-30	1	40.0	0.0	0.0	0	1000	2	37.4		11
2021101081	2024-04-20	8	0.0	1.6	0.0	1	1200	0	35.1	1.0	16
2021101081	2024-05-11	4	83.0	0.8	0.0	0	1400	0	38.5	1.0	16
2021101081	2024-06-09	1	550.0	0.0	1.0	0	1400	0	37.2	1.0	16
2021101081	2024-10-14	9	0.0	1.0	0.0	0	1400	0	36.6	2.0	16
2021101081	2024-11-10	2	320.0	0.5	0.0	0	1700	0	38.1	2.0	15
2021101081	2024-11-24	4	120.0	0.4	0.0	0	1400	0	36.7	2.0	16
2021101081	2025-02-02	4	120.0	0.2	2.0	0	1600	2	37.1	2.0	16
2021101081	2025-02-16	12	0.0	1.1	0.0	0	1400	0	36.8	2.0	16
2021101081	2025-03-30	8	0.0	0.7	0.0	0	1400	0	36.9	2.0	13
2021101081	2025-07-05	6	0.0	0.9	0.0	0	1700	2	38.2	2.0	14
2021101081	2025-07-20	7	0.0	1.7	0.0	0	1700	0	38.0	2.0	15
2021101081	2025-10-04	6	0.0	0.6	1.0	0	1400	0	36.4	2.0	16
2021101081	2025-11-15	7	0.0	0.9	0.0	0	1400	0	36.1	2.0	16
2021101253	2023-06-17	7	0.0	0.7	0.0	1	1400	0	33.8	0.0	16
2021101253	2023-07-23	4	83.0	1.0	0.0	0	1150	0	37.2	1.0	13
2021101253	2023-08-19	5	55.0	1.0	0.0	0	1700	0	39.8	1.0	14
2021101253	2023-11-12	3	140.0	0.5	1.0	0	1400	0	37.4	1.0	14
2021101253	2023-11-26	2	220.0	0.1	1.0	0	1400	0	37.5	1.0	16
2021101253	2023-12-16	1	550.0	0.0	0.0	0	1800	2	40.2	1.0	16
2021101253	2024-02-11	6	0.0	1.2	0.0	0	1600	2	37.4	2.0	15
2021101253	2024-02-25	11	0.0	2.6	2.0	0	1800	2	38.8	2.0	12
2021101253	2024-03-09	4	120.0	1.1	0.0	0	1800	2	38.9	2.0	14
2021101253	2024-04-07	5	78.0	0.7	0.0	0	1800	1	38.5	2.0	16
2021101253	2024-05-11	6	0.0	0.8	0.0	0	1600	0	36.8	2.0	16
2021101253	2024-08-11	3	200.0	0.5	0.0	0	1800	0	36.5	2.0	14
2021101253	2024-09-07	8	0.0	1.3	0.0	0	1800	0	38.7	2.0	15
2021101253	2024-09-22	2	320.0	0.1	1.0	0	1800	0	38.1	2.0	12
2021101253	2024-10-12	2	320.0	0.0	0.0	0	1800	0	36.8	2.0	11
2021101253	2024-11-10	1	800.0	0.0	0.0	0	1700	0	38.0	2.0	15
2021101253	2025-01-25	4	230.0	0.7	1.0	0	1800	0	37.5	3.0	13
2021101253	2025-02-23	2	629.8	0.1	1.0	0	1700	0	37.4	5.0	14
2021101253	2025-03-01	4	230.0	0.4	1.0	0	1700	0	36.6	5.0	15
2021101253	2025-03-29	2	460.0	1.0	1.0	0	1800	2	37.3	3.0	13
2021101253	2025-06-28	2	630.6	0.8	0.0	0	1700	0	37.1	5.0	14
2021101253	2025-07-26	1	1582.2	0.0	0.0	0	1800	0	37.2	5.0	15
2021101253	2025-09-21	3	464.8	0.0	1.0	0	1800	0	38.9	4.0	16
2021101253	2025-11-01	2	748.4	0.8	0.0	0	1800	1	35.1	4.0	13
2021101253	2025-12-07	1	1873.6	0.0	0.0	0	1800	0	37.2	4.0	16
2021101253	2026-01-11	10	0.0	1.1	1.0	0	1800	0	38.5	5.0	16
2021101385	2023-06-22	1	250.0	0.0	1.0	0	1100	0	40.1	0.0	11
2021101385	2023-07-11	5	7.0	0.5	1.0	0	1200	2	38.5	5.0	7
2021101385	2023-07-27	12	0.0	2.8	0.0	0	1200	0	40.4	18.0	12
2021101385	2023-09-06	5	28.0	1.0	1.0	0	1600	1	44.1	18.0	10
2021101385	2023-10-11	10	0.0	2.3	0.0	0	1700	2	42.7	18.0	11
2021101385	2023-11-07	8	0.0	1.3	1.0	0	1200	3	37.7	5.0	10
2021101385	2024-01-28	8	0.0	1.0	1.0	1	1800	0	34.7	2.0	9
2021101385	2024-02-17	10	0.0	3.1	1.0	1	2000	0	36.1	2.0	10
2021101385	2024-03-03	7	0.0	1.7	0.0	1	1800	0	35.9	2.0	7
2021101385	2024-03-16	9	0.0	3.8	0.0	1	1600	0	37.9	2.0	9
2021101385	2024-06-08	9	0.0	1.0	0.0	1	1600	0	33.6	2.0	13
2021101385	2024-06-22	6	0.0	1.5	1.0	0	1700	0	37.7	5.0	9
2021101385	2024-07-14	8	0.0	1.2	2.0	0	1700	2	37.4	5.0	12
2021101385	2024-08-10	10	0.0	2.3	0.0	0	1800	0	37.9	2.0	15
2021101385	2024-11-03	16	0.0	4.8	0.0	0	1600	1	39.1	2.0	16
2021101385	2024-11-16	14	0.0	3.6	0.0	0	1700	0	40.3	2.0	15
2021101385	2024-12-01	12	0.0	4.4	0.0	0	1800	0	39.4	2.0	12
2021101385	2024-12-08	8	0.0	2.6	0.0	0	1800	0	39.5	5.0	9
2021101385	2025-02-09	10	0.0	3.8	0.0	0	1800	2	40.8	2.0	10
2021101385	2025-02-15	12	0.0	9.8	0.0	0	1900	0	44.8	2.0	12
2021101385	2025-09-21	15	0.0	2.7	0.0	0	1200	0	38.6	2.0	16
2021101385	2025-10-11	10	0.0	4.5	3.0	1	2000	0	37.5	2.0	10
2021101385	2025-10-18	14	0.0	2.8	0.0	0	1600	0	39.5	2.0	15
2021101385	2026-01-24	11	0.0	4.1	0.0	0	1800	0	41.6	2.0	11
2021101391	2023-06-17	14	0.0	3.0	1.0	1	1200	0	37.2	0.0	14
2021101391	2023-10-01	6	0.0	1.2	1.0	0	1400	3	38.1	1.0	15
2021101391	2023-10-29	14	0.0	3.4	2.0	0	1800	3	39.6	1.0	15
2021101391	2023-12-03	7	0.0	1.9	0.0	0	1400	0	40.7	1.0	15
2021101391	2023-12-23	11	0.0	2.9	0.0	0	1800	0	41.7	1.0	14
2021101391	2024-01-14	4	83.0	0.5	0.0	0	1700	0	39.8	1.0	12
2021101391	2024-02-04	9	0.0	2.7	1.0	0	1700	1	38.0	1.0	15
2021101391	2024-03-03	3	140.0	0.8	0.0	0	1700	2	38.4	1.0	14
2021101391	2024-03-23	1	550.0	0.0	3.0	0	1800	2	39.0	1.0	16
2021101391	2024-04-14	11	0.0	2.8	0.0	0	1800	0	40.5	2.0	15
2021101391	2024-07-13	7	0.0	1.0	1.0	0	1700	0	38.9	2.0	16
2021101391	2024-08-18	5	80.0	1.6	0.0	0	1800	0	38.5	2.0	13
2021101391	2024-09-08	7	0.0	2.8	0.0	0	1800	0	39.3	2.0	10
2021101391	2025-01-25	10	0.0	2.3	0.0	0	1700	0	39.1	2.0	16
2021101391	2025-02-15	3	200.0	0.4	1.0	0	1700	0	38.9	2.0	11
2021101391	2025-03-02	2	320.0	0.0	1.0	0	1700	1	38.2	2.0	14
2021101391	2025-03-22	9	0.0	2.2	0.0	0	1800	0	40.9	2.0	10
2021101391	2025-04-20	6	0.0	1.4	1.0	0	1700	0	38.9	2.0	15
2021101391	2025-07-06	14	0.0	2.8	0.0	0	1700	0	39.8	2.0	16
2021101391	2025-07-27	4	120.0	1.1	0.0	0	1800	0	39.3	2.0	9
2021101391	2025-08-09	3	200.0	2.2	0.0	0	1800	0	40.0	2.0	9
2021101391	2025-08-30	8	0.0	2.7	0.0	0	1800	0	38.8	2.0	10
2021101391	2025-09-21	9	0.0	1.6	1.0	0	1800	0	39.2	2.0	13
2021101415	2023-06-18	6	0.0	0.9	1.0	1	1600	0	35.0	0.0	11
2021101415	2023-08-12	3	140.0	1.3	1.0	1	1800	0	33.3	1.0	10
2021101415	2023-09-10	7	0.0	1.3	0.0	1	2000	0	36.4	1.0	10
2021101415	2023-10-08	8	0.0	1.1	1.0	1	2000	0	34.9	1.0	9
2021101415	2024-01-27	4	83.0	0.6	0.0	0	1600	0	38.6	1.0	14
2021101415	2024-02-11	3	140.0	0.5	0.0	0	1600	2	37.4	1.0	16
2021101415	2024-04-20	1	550.0	0.0	0.0	0	1600	0	37.7	1.0	16
2021101415	2024-05-18	4	120.0	1.6	0.0	0	1600	0	36.9	2.0	10
2021101415	2024-06-09	7	0.0	1.3	1.0	0	1600	0	36.6	2.0	14
2021101415	2024-08-24	2	320.0	0.0	0.0	0	1800	0	38.8	2.0	15
2021101415	2024-09-16	4	120.0	1.4	1.0	0	1800	2	37.6	2.0	11
2021101415	2024-10-06	6	0.0	0.9	0.0	0	1800	2	37.5	2.0	12
2021101415	2024-11-30	8	0.0	0.8	1.0	0	1800	0	38.4	2.0	13
2021101415	2024-12-14	14	0.0	1.4	0.0	0	1800	0	38.0	2.0	16
2021101415	2025-03-15	9	0.0	1.3	1.0	0	1400	0	37.7	2.0	15
2021101415	2025-03-29	10	0.0	2.7	3.0	0	1800	2	42.0	2.0	11
2021101415	2025-05-17	4	120.0	0.7	1.0	0	1600	3	37.3	2.0	14
2021101415	2025-05-31	10	0.0	1.9	2.0	0	1600	3	36.9	2.0	16
2021101415	2025-06-15	11	0.0	2.5	1.0	1	2000	2	36.4	2.0	14
2021101415	2025-10-11	12	0.0	1.5	3.0	0	1600	2	38.2	2.0	16
2021101415	2025-11-20	1	400.0	0.0	0.0	0	1600	0	40.2	13.0	12
2021101429	2023-07-08	2	290.0	0.2	0.0	1	1200	0	34.3	0.0	13
2021101429	2023-07-22	1	550.0	0.0	0.0	1	1200	0	34.3	1.0	8
2021101429	2023-11-18	1	780.0	0.0	0.0	1	1400	0	33.8	2.0	9
2021101429	2023-12-17	6	0.0	0.4	0.0	1	1600	0	34.6		17
2021101429	2024-03-16	11	0.0	0.9	0.0	1	1400	0	34.7		17
2021101429	2024-04-06	13	0.0	0.9	1.0	1	1600	2	34.9		16
2021101429	2024-08-10	2	629.2	0.0	0.0	1	1400	0	33.9	5.0	14
2021101429	2024-09-01	2	625.2	0.4	0.0	1	1400	0	34.4	5.0	7
2021101429	2024-10-06	1	1140.0	0.0	1.0	1	1400	0	33.8	3.0	13
2021101429	2024-11-09	9	0.0	0.2	0.0	1	1400	0	33.7	4.0	14
2021101429	2025-02-02	6	0.0	0.6	1.0	1	1400	0	33.6	4.0	11
2021101429	2025-02-23	6	0.0	0.4	1.0	1	1400	0	34.2	4.0	9
2021101429	2025-04-27	7	0.0	0.3	0.0	1	1400	0	33.2	4.0	15
2021101429	2025-05-25	9	0.0	0.6	1.0	1	1400	0	34.7	4.0	9
2021101429	2025-10-04	5	184.0	0.3	2.0	1	1400	0	33.5	4.0	15
2021101429	2025-11-15	16	0.0	2.5	0.0	1	1400	0	35.1	4.0	18
2021101429	2025-12-06	2	748.0	0.0	0.0	1	1400	0	33.2	4.0	12
2021101554	2024-03-30	15	0.0	1.9	0.0	1	1400	0	35.1	1.0	18
2021101554	2024-06-16	2	220.0	0.3	0.0	0	1800	2	37.9	1.0	16
2021101554	2024-06-23	1	385.0	0.0	2.0	0	1800	3	36.8	1.0	16
2021101554	2024-07-14	10	0.0	2.1	3.0	0	1700	3	37.9	2.0	16
2021101554	2024-09-08	4	120.0	1.6	0.0	0	1900	0	37.8	2.0	9
2021101554	2024-09-29	1	800.0	0.0	1.0	0	1900	1	36.9	2.0	9
2021101554	2024-12-07	9	0.0	1.2	1.0	0	1800	0	37.3	5.0	16
2021101554	2024-12-22	13	0.0	1.9	0.0	0	1800	0	39.0	3.0	16
2021101554	2025-01-18	6	0.0	0.6	0.0	0	1800	0	36.4	5.0	16
2021101554	2025-05-11	10	0.0	1.3	1.0	0	1800	2	39.8	5.0	15
2021101554	2025-07-12	6	0.0	1.1	1.0	1	2600	0	37.3	5.0	12
2021101554	2025-08-17	8	0.0	1.2	1.0	1	2600	2	37.2	5.0	14
2021101554	2025-08-30	11	0.0	2.2	1.0	1	2000	2	38.4	3.0	14
2021101554	2025-11-01	7	0.0	1.2	0.0	0	1800	1	36.7	3.0	15
2021101554	2025-11-23	11	0.0	1.9	0.0	0	1800	0	36.9	3.0	14
2021101554	2026-01-18	7	0.0	0.6	0.0	0	1800	0	36.5	5.0	16
2021101603	2023-11-19	2	290.0	0.0	0.0	1	1600	2	34.1	0.0	13
2021101603	2023-12-03	1	550.0	0.0	0.0	1	1600	0	33.7	1.0	16
2021101603	2024-01-08	13	0.0	1.3	0.0	1	1600	0	36.9		18
2021101603	2024-03-03	2	434.2	0.0	0.0	1	1800	0	34.3	2.0	7
2021101603	2024-03-23	9	0.0	2.5	1.0	1	1800	1	36.8		10
2021101603	2024-07-06	2	447.8	0.1	1.0	1	2000	0	36.0	5.0	11
2021101603	2024-07-21	1	800.0	0.0	0.0	1	2000	0	35.0	2.0	10
2021101603	2024-08-17	13	0.0	1.6	1.0	1	2600	0	37.4	3.0	14
2021101603	2024-11-16	2	460.0	0.0	1.0	1	2000	0	34.9	3.0	14
2021101603	2024-12-08	2	631.2	0.1	0.0	1	2000	0	35.9	3.0	16
2021101603	2025-01-05	4	230.0	0.9	0.0	1	2200	0	35.6	5.0	11
2021101603	2025-04-13	6	0.0	0.5	3.0	1	2000	0	35.0	5.0	10
2021101603	2025-04-27	6	0.0	0.7	0.0	1	2200	0	33.2	5.0	8
2021101603	2025-07-13	2	625.6	0.0	1.0	1	2000	0	34.2	3.0	9
2021101603	2025-08-03	3	391.9	0.1	0.0	1	2000	0	32.7	5.0	5
2021101603	2025-09-07	2	623.6	0.3	0.0	1	1800	0	33.8	5.0	5
2021101603	2026-01-05	2	637.0	0.1	0.0	1	1800	0	35.2	5.0	11
2021101924	2023-10-01	2	290.0	0.1	1.0	1	1200	0	35.2	0.0	16
2021101924	2024-05-19	1	550.0	0.0	0.0	1	1200	0	35.8	1.0	16
2021101924	2024-06-09	2	320.0	0.1	2.0	1	1200	0	35.0	2.0	13
2021101924	2024-08-25	1	1153.4	0.0	0.0	1	1200	0	34.4	5.0	15
2021101924	2024-09-21	1	1584.3	0.0	0.0	1	1200	0	33.6	5.0	16
2021101924	2024-12-01	5	184.0	0.5	0.0	1	1200	0	34.5	4.0	16
2021101924	2025-02-01	1	1879.2	0.0	3.0	1	1200	1	36.3	4.0	18
2021101924	2025-03-16	13	0.0	1.5	3.0	1	1200	1	36.0	5.0	16
2021101924	2025-06-14	14	0.0	0.9	1.0	1	1200	0	34.7		16
2021101924	2025-08-10	1	2335.0	0.0	1.0	1	1200	0	34.4	5.0	16
2021101924	2025-08-24	10	0.0	0.6	0.0	1	1200	0	35.1		16
2021101924	2025-10-04	5	270.0	0.5	1.0	1	1200	1	34.5		18
2021101924	2025-10-26	4	410.0	0.6	3.0	1	1000	2	33.3		17
2021101924	2025-12-07	13	0.0	1.0	0.0	1	1200	0	34.6		16
2021101924	2026-01-11	6	0.0	0.3	0.0	1	1200	0	34.6		16
2021102009	2023-10-21	1	720.0	0.0	0.0	0	1600	0	37.1	0.0	16
2021102009	2023-11-25	7	0.0	0.8	0.0	0	1600	0	37.7	5.0	16
2021102009	2024-02-11	1	780.0	0.0	0.0	0	1600	2	37.0	2.0	15
2021102009	2024-03-23	8	0.0	0.6	2.0	0	1800	0	38.2	5.0	11
2021102009	2024-05-04	3	452.9	0.2	0.0	0	1600	2	37.4	5.0	8
2021102009	2024-06-22	2	630.2	0.0	0.0	0	1600	1	35.5	5.0	16
2021102009	2025-02-08	2	460.0	0.2	0.0	0	1600	0	36.8	3.0	15
2021102009	2025-05-03	1	1140.0	0.0	0.0	0	1600	1	35.2	3.0	14
2021102009	2025-06-01	4	280.0	0.4	0.0	0	1600	2	35.0	4.0	16
2021102009	2025-07-27	1	1857.5	0.0	0.0	0	1700	1	35.7	4.0	8
2021102009	2025-11-15	8	0.0	0.9	0.0	0	1600	0	35.5		16
2021102009	2025-12-14	9	0.0	1.8	1.0	0	1800	2	38.8		16
2021102406	2023-10-15	6	0.0	0.5	3.0	1	1600	1	35.6	0.0	14
2021102406	2023-12-09	1	550.0	0.0	0.0	1	2000	0	35.1	1.0	16
2021102406	2024-03-16	7	0.0	1.3	0.0	1	2000	0	35.2		9
2021102406	2024-04-14	7	0.0	0.9	0.0	1	2000	0	36.2	2.0	7
2021102406	2024-07-14	5	111.0	0.5	0.0	1	1800	0	36.2	5.0	13
2021102406	2024-08-03	8	0.0	1.0	0.0	1	1800	0	35.4	2.0	13
2021102406	2024-10-13	4	120.0	0.3	0.0	0	1800	0	38.6	2.0	10
2021102406	2024-11-09	3	200.0	0.4	0.0	0	1800	0	37.9	2.0	15
2021102406	2024-12-07	2	320.0	0.6	1.0	0	1900	0	38.9	2.0	16
2021102406	2025-01-18	3	200.0	0.5	0.0	0	1900	0	37.2	2.0	12
2021102406	2025-02-02	3	200.0	0.3	1.0	0	1800	2	38.9	2.0	13
2021102406	2025-03-23	4	120.0	0.1	0.0	0	1800	0	37.3	2.0	16
2021102406	2025-04-20	2	320.0	0.8	1.0	0	1700	0	38.2	2.0	15
2021102406	2025-08-16	8	0.0	0.9	0.0	0	1700	0	38.6	2.0	14
2021102406	2025-08-23	6	0.0	2.0	0.0	0	1700	2	39.5	5.0	6
2021102406	2025-10-18	5	80.0	1.4	1.0	0	1800	0	39.0	2.0	15
2021102406	2025-11-08	4	120.0	0.5	0.0	0	1700	0	38.6	2.0	15
2021102461	2023-10-09	1	720.0	0.0	1.0	1	1400	1	35.6	0.0	17
2021102461	2023-11-04	4	570.0	0.6	0.0	1	1400	0	34.1		12
2021102461	2023-12-17	12	0.0	0.9	0.0	1	1600	0	35.7		17
2021102461	2024-03-16	4	120.0	0.3	0.0	1	1200	0	34.3	2.0	10
2021102461	2024-04-06	2	310.0	0.2	0.0	1	1200	0	33.9	2.0	10
2021102461	2024-06-09	1	800.0	0.0	1.0	1	1200	2	33.9	2.0	13
2021102461	2024-07-21	6	0.0	0.8	1.0	1	1200	0	34.7	3.0	18
2021102461	2024-10-12	2	460.0	0.1	0.0	1	1200	0	32.9	3.0	17
2021102461	2024-11-23	8	0.0	0.6	1.0	1	1200	0	33.4	3.0	15
2021102461	2025-01-26	8	0.0	0.7	0.0	1	1400	0	34.7	3.0	13
2021102461	2025-03-08	5	114.0	0.2	1.0	1	1200	0	33.3	3.0	11
2021102461	2025-04-06	1	1140.0	0.0	0.0	1	1200	0	33.3	3.0	10
2021102461	2025-05-04	2	748.4	0.2	0.0	1	1200	0	33.4	4.0	13
2021102461	2025-06-01	9	0.0	0.6	0.0	1	1400	0	33.7	4.0	14
2021102461	2025-08-24	4	280.0	0.6	0.0	1	1200	0	33.5	4.0	9
2021102461	2025-09-27	6	0.0	0.3	0.0	1	1200	0	32.9	4.0	16
2021102461	2025-11-23	4	280.0	0.2	0.0	1	1200	0	33.3	4.0	16
2021102461	2025-12-28	3	371.7	0.1	0.0	1	1200	0	32.8	4.0	10
2021102633	2023-08-19	5	72.0	0.5	0.0	1	1200	0	35.6	0.0	13
2021102633	2023-11-26	3	140.0	0.7	1.0	0	1200	0	37.6	1.0	16
2021102633	2023-12-16	5	55.0	0.8	1.0	0	1400	2	39.5	1.0	16
2021102633	2023-12-23	6	0.0	1.1	0.0	0	1200	0	38.6	1.0	15
2021102633	2024-01-13	2	220.0	0.1	0.0	0	1200	0	37.8	1.0	16
2021102633	2024-01-27	1	550.0	0.0	0.0	0	1000	0	35.6	1.0	11
2021102633	2024-06-08	3	200.0	0.4	0.0	0	1000	0	36.2	2.0	11
2021102633	2024-06-22	2	320.0	0.0	1.0	0	1000	0	35.9	2.0	12
2021102633	2024-06-30	1	800.0	0.0	3.0	0	1000	0	35.7	2.0	10
2021102633	2024-07-27	8	0.0	1.3	1.0	0	1000	0	36.4	3.0	12
2021102633	2024-11-16	12	0.0	1.2	1.0	0	1150	0	38.0	5.0	15
2021102633	2025-02-16	7	0.0	0.8	0.0	0	1000	0	35.5	5.0	14
2021102633	2025-04-19	3	394.0	0.4	0.0	1	1200	0	33.9	5.0	13
2021102633	2025-05-17	3	290.0	0.0	1.0	1	1200	3	34.8	3.0	13
2021102633	2025-07-05	7	0.0	0.5	0.0	1	1200	0	35.5	3.0	10
2021102633	2025-07-12	9	0.0	1.1	0.0	0	1000	0	37.0	4.0	10
2021102633	2025-09-13	5	155.0	0.3	0.0	1	1200	2	33.4	5.0	11
2021102633	2025-09-27	9	0.0	0.6	0.0	1	1200	0	34.2	5.0	16
2021102633	2025-11-08	16	0.0	4.5	0.0	0	1400	0	42.2	5.0	16
2021102717	2023-09-23	3	180.0	0.6	1.0	1	1600	1	35.6	0.0	16
2021102717	2023-10-14	5	55.0	1.4	0.0	1	1600	0	35.9	1.0	11
2021102717	2023-10-28	4	83.0	0.5	2.0	1	1400	1	36.5	1.0	18
2021102717	2023-11-25	4	83.0	0.5	0.0	1	1400	0	33.9	1.0	18
2021102717	2023-12-16	3	140.0	0.2	0.0	1	1600	0	34.6	1.0	16
2021102717	2024-01-14	2	220.0	0.5	0.0	1	1600	2	34.4	1.0	16
2021102717	2024-02-04	2	220.0	0.4	1.0	1	1600	0	34.3	1.0	15
2021102717	2024-03-03	1	550.0	0.0	0.0	1	1600	2	34.8	1.0	16
2021102717	2024-05-19	6	0.0	0.5	1.0	1	1600	0	33.9	2.0	11
2021102717	2024-06-09	10	0.0	0.9	1.0	1	1600	0	35.3	2.0	17
2021102717	2024-09-22	9	0.0	0.5	1.0	1	1600	0	33.7	2.0	16
2021102717	2024-10-05	12	0.0	0.8	0.0	1	1600	0	34.0	5.0	18
2021102717	2025-01-13	12	0.0	1.3	0.0	1	1600	0	35.5	2.0	16
2021102717	2025-02-09	2	320.0	0.0	0.0	1	1200	2	35.0	2.0	17
2021102717	2025-02-22	11	0.0	0.8	0.0	1	1200	0	33.9	5.0	18
2021102717	2025-04-19	9	0.0	0.5	0.0	1	1200	0	34.5	2.0	16
2021102717	2025-06-14	9	0.0	0.6	2.0	1	1400	0	34.5	2.0	18
2021102717	2025-07-05	5	80.0	1.0	0.0	1	1200	2	34.7	2.0	9
2021102717	2025-07-26	3	200.0	0.3	1.0	1	1200	0	34.5	2.0	8
2021102717	2025-08-09	7	0.0	0.8	0.0	1	1500	0	35.2	5.0	11
2021102717	2025-09-07	12	0.0	1.7	0.0	1	1200	2	36.5	2.0	16
2021102717	2025-12-13	8	0.0	0.4	0.0	1	1200	0	33.1	2.0	18
2021102888	2023-12-23	3	180.0	0.3	0.0	1	1400	0	34.6	0.0	17
2021102888	2024-01-14	1	550.0	0.0	0.0	1	1200	0	34.2	1.0	18
2021102888	2024-02-17	1	780.0	0.0	0.0	1	1400	0	33.9	2.0	10
2021102888	2024-03-16	4	620.0	0.6	0.0	1	1400	0	35.0		17
2021102888	2024-05-25	6	0.0	0.4	0.0	1	1200	0	33.4		18
2021102888	2024-07-21	8	0.0	0.8	1.0	1	1200	0	35.2	3.0	18
2021102888	2024-10-26	1	1140.0	0.0	1.0	1	1400	0	34.0	3.0	15
2021102888	2024-11-24	8	0.0	0.9	1.0	1	1600	0	33.8	4.0	13
2021102888	2024-12-28	7	0.0	0.7	0.0	1	1200	0	34.1	4.0	16
2021102888	2025-03-22	3	465.6	0.3	0.0	1	1400	0	34.0	4.0	18
2021102888	2025-04-20	1	1865.2	0.0	1.0	1	1400	0	34.5	4.0	11
2021102888	2025-06-28	9	0.0	0.8	0.0	1	1200	0	35.3	5.0	16
2021102888	2025-08-10	6	0.0	0.1	1.0	1	1200	0	34.0	5.0	16
2021102888	2025-11-16	4	410.0	0.2	0.0	1	1400	0	33.5		18
2021102888	2026-01-11	4	410.0	0.2	0.0	1	1200	0	34.0		16
2021103051	2023-07-29	8	0.0	0.6	0.0	1	1500	0	36.2	0.0	14
2021103051	2023-08-19	14	0.0	5.0	0.0	0	1700	0	42.7	1.0	14
2021103051	2023-11-05	13	0.0	3.6	0.0	0	1300	0	37.0	1.0	15
2021103051	2023-12-17	2	220.0	0.0	0.0	0	1800	0	41.0	1.0	15
2021103051	2024-01-08	7	0.0	2.2	0.0	0	1800	0	42.2	1.0	16
2021103051	2024-01-21	13	0.0	4.2	3.0	0	1800	3	43.3	1.0	16
2021103051	2024-03-03	2	220.0	0.0	0.0	0	1800	2	39.2	1.0	15
2021103051	2024-03-24	8	0.0	2.1	1.0	0	1800	0	41.4	1.0	16
2021103051	2024-04-13	3	140.0	0.3	0.0	0	1800	0	39.8	1.0	12
2021103051	2024-07-13	12	0.0	5.4	0.0	0	1700	0	42.1	1.0	14
2021103051	2024-08-17	9	0.0	3.0	0.0	0	1800	0	43.8	1.0	14
2021103051	2024-10-04	5	8.0	1.0	1.0	0	1700	1	43.0	10.0	12
2021103051	2024-10-25	2	24.5	0.4	0.0	0	1400	0	40.9	10.0	9
2021103051	2025-02-13	1	56.0	0.0	0.0	0	1400	2	40.8	9.0	12
2021103051	2025-03-04	3	14.0	0.9	3.0	0	1400	3	42.1	10.0	8
2021103051	2025-03-26	7	0.0	1.4	0.0	0	1400	0	41.4	10.0	12
2021103051	2025-04-15	1	70.0	0.0	1.0	0	1400	2	41.3	10.0	9
2021103051	2025-05-05	8	0.0	2.9	0.0	0	1400	0	44.7	10.0	10
2021103051	2025-05-29	1	70.0	0.0	1.0	0	1400	0	40.5	10.0	12
2021103051	2025-10-04	12	0.0	1.4	1.0	0	1400	0	38.4	2.0	16
2021103051	2025-10-26	12	0.0	1.8	2.0	0	1600	3	36.9	2.0	16
2021103116	2023-12-16	5	72.0	0.6	1.0	1	1200	2	34.3	0.0	11
2021103116	2024-01-14	4	83.0	0.5	0.0	1	1400	0	35.8	1.0	18
2021103116	2024-02-03	4	83.0	0.8	0.0	1	1600	0	36.7	1.0	16
2021103116	2024-02-25	3	140.0	0.3	0.0	1	1200	2	35.3	1.0	18
2021103116	2024-04-20	3	140.0	0.1	0.0	1	1400	0	34.5	1.0	18
2021103116	2024-05-11	1	550.0	0.0	0.0	1	1400	0	35.8	1.0	16
2021103116	2024-09-16	7	0.0	0.4	1.0	1	1400	0	34.6	2.0	18
2021103116	2024-10-26	5	114.0	0.3	1.0	1	1400	0	34.1	3.0	15
2021103116	2024-11-10	1	800.0	0.0	0.0	1	1200	0	35.2	2.0	16
2021103116	2025-03-01	2	460.0	0.1	0.0	1	1400	0	34.6	3.0	15
2021103116	2025-03-23	1	1580.8	0.0	0.0	1	1400	0	35.4	5.0	13
2021103116	2025-11-08	9	0.0	0.6	0.0	1	1600	0	34.1	4.0	12
2021103116	2025-11-29	1	1865.9	0.0	0.0	1	1400	0	32.9	4.0	12
2021103116	2025-12-20	3	585.1	0.1	0.0	1	1200	0	32.4	5.0	15
2021103116	2026-01-11	1	2735.7	0.0	0.0	1	1200	0	33.3		16
2021103210	2023-09-09	1	720.0	0.0	0.0	1	1400	0	34.4	0.0	6
2021103210	2023-11-11	5	380.0	0.5	1.0	1	1600	2	35.5		11
2021103210	2024-01-08	16	0.0	1.5	0.0	1	1600	0	37.6		18
2021103210	2024-03-16	5	78.0	0.4	0.0	1	1200	0	34.8	2.0	10
2021103210	2024-04-07	16	0.0	3.1	0.0	0	1400	0	40.9	2.0	16
2021103210	2024-08-17	6	0.0	0.3	0.0	1	1200	0	34.9	2.0	18
2021103210	2024-09-01	12	0.0	0.8	1.0	1	1400	1	35.6	2.0	18
2021103210	2024-11-16	10	0.0	0.8	0.0	1	1200	0	35.3	2.0	15
2021103210	2025-02-22	6	0.0	0.7	0.0	1	1200	0	34.5	5.0	18
2021103210	2025-03-30	3	200.0	0.1	1.0	1	1400	0	35.8	2.0	17
2021103210	2025-04-26	2	320.0	0.0	0.0	1	1400	0	34.2	2.0	12
2021103210	2025-05-17	2	320.0	0.3	1.0	1	1400	2	35.8	2.0	16
2021103210	2025-06-08	8	0.0	0.8	1.0	1	1400	0	36.2	2.0	16
2021103210	2025-12-20	17	0.0	1.4	2.0	1	1400	2	37.1	2.0	18
2021103210	2026-01-10	5	82.0	1.1	0.0	1	1400	0	35.3	2.0	18
2021103283	2023-10-22	6	0.0	1.5	0.0	1	2000	0	36.4	0.0	8
2021103283	2023-12-17	4	83.0	0.4	0.0	0	1800	2	39.5	1.0	13
2021103283	2024-01-13	2	220.0	0.0	0.0	0	1800	0	39.7	1.0	14
2021103283	2024-02-03	1	550.0	0.0	1.0	0	1800	0	38.4	1.0	9
2021103283	2024-03-17	15	0.0	2.5	3.0	0	1800	0	39.7	2.0	15
2021103283	2024-06-08	10	0.0	2.6	0.0	0	1900	0	39.5	2.0	16
2021103283	2024-06-22	5	80.0	2.1	1.0	0	1800	2	39.7	2.0	16
2021103283	2024-07-14	14	0.0	2.7	3.0	0	1700	3	38.7	2.0	16
2021103283	2024-12-08	8	0.0	2.3	1.0	0	1800	0	41.2	2.0	10
2021103283	2025-01-06	14	0.0	3.7	2.0	0	1800	0	40.4	2.0	16
2021103283	2025-01-19	10	0.0	4.4	0.0	0	1800	0	41.9	2.0	10
2021103283	2025-04-13	15	0.0	2.6	2.0	1	2000	0	37.5	2.0	16
2021103283	2025-05-03	10	0.0	1.0	0.0	0	1200	1	35.4	2.0	14
2021103283	2025-07-27	6	0.0	0.5	0.0	0	1800	0	37.9	2.0	13
2021103283	2025-08-17	6	0.0	1.7	0.0	0	1800	0	40.7	2.0	9
2021103283	2025-11-24	13	0.0	2.0	0.0	0	1700	0	40.1	2.0	15
2021103283	2025-12-21	3	200.0	0.5	2.0	0	1200	2	35.7	2.0	16
2021103283	2026-01-10	5	82.0	0.4	0.0	0	1200	0	36.2	2.0	16
2021103306	2023-10-21	4	110.0	1.3	1.0	0	1800	0	41.3	0.0	15
2021103306	2023-11-04	2	220.0	0.5	0.0	0	1700	0	39.4	1.0	15
2021103306	2023-11-18	1	550.0	0.0	0.0	0	1700	3	37.6	1.0	15
2021103306	2024-02-25	2	437.2	0.2	0.0	0	1700	2	38.3	2.0	12
2021103306	2024-04-27	1	1102.9	0.0	0.0	0	1800	0	37.4	2.0	14
2021103306	2024-05-25	4	290.0	1.7	0.0	0	1800	0	38.8		11
2021103306	2024-06-16	4	170.0	0.9	0.0	0	1800	0	37.3	3.0	16
2021103306	2024-09-16	2	632.0	0.3	1.0	0	1800	0	39.1	5.0	16
2021103306	2024-11-23	2	628.4	0.4	1.0	0	1800	0	38.0	5.0	13
2021103306	2024-12-15	1	1578.7	0.0	0.0	0	1800	0	36.7	5.0	11
2021103306	2025-04-19	14	0.0	3.6	0.0	0	1800	0	41.2	4.0	16
2021103306	2025-08-16	1	1869.4	0.0	0.0	0	1700	0	37.7	4.0	14
2021103306	2025-08-30	8	0.0	1.2	0.0	0	1800	0	38.2	5.0	16
2021103306	2025-10-26	8	0.0	1.0	1.0	0	1800	1	37.3	5.0	14
2021103665	2023-11-26	12	0.0	6.5	0.0	0	1800	0	42.8	0.0	15
2021103665	2024-01-07	10	0.0	1.1	0.0	1	1600	0	36.1	1.0	17
2021103665	2024-03-17	5	55.0	0.5	1.0	1	2000	0	35.4	1.0	16
2021103665	2024-04-07	4	83.0	0.9	0.0	1	1800	0	36.2	1.0	16
2021103665	2024-05-04	2	220.0	0.1	0.0	1	1800	0	35.4	1.0	16
2021103665	2024-05-19	4	83.0	1.1	0.0	1	1800	0	35.8	1.0	16
2021103665	2024-07-13	1	550.0	0.0	1.0	1	1800	0	36.6	1.0	16
2021103665	2024-07-28	4	120.0	0.5	1.0	1	1800	0	34.5	2.0	16
2021103665	2024-10-14	9	0.0	1.0	0.0	1	1800	0	35.7	2.0	16
2021103665	2024-11-02	7	0.0	1.3	3.0	1	1800	2	36.2	2.0	15
2021103665	2024-11-24	12	0.0	0.6	1.0	1	1800	0	34.7	2.0	18
2021103665	2025-03-16	2	320.0	0.1	1.0	1	1600	1	36.0	2.0	16
2021103665	2025-05-18	3	200.0	0.0	1.0	1	1800	0	35.2	2.0	13
2021103665	2025-05-31	1	800.0	0.0	1.0	1	1600	0	34.8	2.0	18
2021103665	2025-09-27	12	0.0	1.0	0.0	1	1600	0	34.7	3.0	13
2021103665	2025-11-23	3	394.2	0.3	0.0	1	1600	0	33.9	5.0	13
2021103665	2025-12-07	12	0.0	1.4	0.0	1	1600	0	34.9	5.0	13
2021103723	2023-11-18	6	0.0	1.4	1.0	0	1400	1	37.7	0.0	13
2021103723	2024-02-25	9	0.0	2.6	3.0	0	1800	3	38.2	1.0	13
2021103723	2024-04-20	4	83.0	0.4	0.0	0	1400	0	37.6	1.0	16
2021103723	2024-05-04	6	0.0	1.4	0.0	0	1400	0	38.9	1.0	16
2021103723	2024-06-02	2	220.0	0.2	1.0	0	1800	2	40.1	1.0	16
2021103723	2024-06-22	4	83.0	1.7	0.0	0	1800	1	41.2	1.0	16
2021103723	2024-07-21	1	550.0	0.0	2.0	0	1700	2	37.9	1.0	16
2021103723	2024-11-17	11	0.0	2.6	1.0	0	1700	0	39.9	2.0	15
2021103723	2025-01-25	9	0.0	2.2	0.0	0	1700	0	38.2	2.0	16
2021103723	2025-04-12	8	0.0	1.5	1.0	0	1700	0	40.2	2.0	14
2021103723	2025-08-17	6	0.0	0.9	0.0	0	1400	0	38.7	2.0	16
2021103723	2025-09-07	10	0.0	2.0	0.0	0	1400	0	38.7	2.0	15
2021103723	2025-11-08	3	200.0	0.3	0.0	0	1400	0	37.2	2.0	16
2021103723	2025-12-07	6	0.0	0.8	0.0	0	1400	0	37.6	2.0	16
2021103868	2023-06-04	2	290.0	0.1	0.0	1	1400	0	34.7	0.0	8
2021103868	2023-07-01	6	0.0	1.5	1.0	1	1400	3	37.9	1.0	7
2021103868	2023-09-09	2	220.0	0.2	0.0	0	1400	0	39.0	1.0	12
2021103868	2023-09-30	2	220.0	0.0	0.0	0	1200	0	37.3	1.0	8
2021103868	2023-10-21	1	550.0	0.0	3.0	0	1200	1	37.0	1.0	14
2021103868	2023-11-11	2	440.2	0.1	1.0	0	1400	0	37.5	2.0	16
2021103868	2023-12-23	1	780.0	0.0	0.0	0	1200	0	36.9	2.0	15
2021103868	2024-02-18	5	190.0	1.0	0.0	0	1600	0	37.9		11
2021103868	2024-03-10	1	1821.7	0.0	0.0	0	1400	0	37.0	5.0	9
2021103868	2024-04-29	2	1600.0	0.5	3.0	0	1400	0	39.5		11
2021103868	2024-08-15	1	2400.0	0.0	1.0	0	1200	2	36.8		13
2021103868	2024-10-03	1	4000.0	0.0	1.0	0	1200	0	36.5		14
2021103868	2024-11-04	2	2560.0	0.0	0.0	0	1400	0	37.6		12
2021103868	2024-12-08	6	0.0	0.2	0.0	0	1200	0	35.7		15
2021103868	2025-02-22	10	0.0		0.0	0	1200	0			12
2021103868	2025-06-25	7	0.0	1.4	1.0	0	1400	3	37.2		12
2021103868	2025-08-11	4	390.0	0.5	1.0	0	1200	2	34.5		14
2021103868	2025-09-07	2	0.0			0	1200	0			13
2021103868	2025-11-03	4	800.0	0.4	0.0	0	1000	2	35.7		14
2021103868	2025-12-14	8	0.0	1.6	1.0	0	1200	2	35.8		16
2021103932	2024-01-20	3	160.0	0.6	2.0	0	1200	2	37.7	0.0	16
2021103932	2024-02-17	9	0.0	2.0	1.0	0	1200	2	39.0	1.0	15
2021103932	2024-03-10	1	550.0	0.0	0.0	0	1200	0	38.4	1.0	16
2021103932	2024-06-08	9	0.0	1.6	0.0	0	1000	0	37.1	2.0	11
2021103932	2024-06-15	6	0.0	1.0	0.0	0	1000	0	36.7	2.0	11
2021103932	2024-06-30	10	0.0	2.1	3.0	0	1000	0	37.4	2.0	10
2021103932	2025-01-13	16	0.0	1.9	0.0	0	1400	0	40.6	2.0	16
2021103932	2025-01-26	9	0.0	1.5	0.0	0	1200	0	37.9	2.0	16
2021103932	2025-03-29	9	0.0	0.9	0.0	0	1200	2	38.7	2.0	16
2021103932	2025-05-08	5	20.0	1.2	0.0	0	1400	0	40.9	5.0	12
2021103932	2025-05-25	15	0.0	1.2	1.0	1	1400	1	35.1	2.0	18
2021103932	2025-07-12	2	320.0	0.0	0.0	1	1200	0	35.4	2.0	17
2021103932	2025-07-19	2	320.0	0.2	0.0	1	1200	0	35.7	2.0	9
2021103932	2025-10-04	5	80.0	0.3	1.0	1	1200	1	35.2	2.0	18
2021103932	2025-10-19	15	0.0	1.1	1.0	1	1200	2	35.9	2.0	18
2021103932	2025-11-15	2	320.0	0.0	0.0	1	1200	0	34.7	2.0	16
2021103977	2023-09-24	5	72.0	2.0	0.0	1	2000	0	36.6	0.0	7
2021103977	2023-10-14	2	220.0	0.1	1.0	1	1600	0	34.6	1.0	11
2021103977	2023-11-05	5	55.0	0.4	0.0	1	1800	0	34.4	1.0	9
2021103977	2024-02-11	2	220.0	0.1	1.0	1	1600	0	35.0	1.0	14
2021103977	2024-03-03	2	220.0	0.9	0.0	1	1600	0	35.0	1.0	15
2021103977	2024-03-24	4	83.0	1.0	3.0	1	1600	1	36.6	1.0	18
2021103977	2024-05-12	1	550.0	0.0	1.0	1	1200	0	33.9	1.0	18
2021103977	2024-06-16	1	800.0	0.0	0.0	1	1400	0	33.8	2.0	15
2021103977	2024-08-18	3	395.0	0.1	0.0	1	1400	0	33.8	3.0	16
2021103977	2024-09-16	2	628.2	0.3	1.0	1	1400	0	33.7	5.0	13
2021103977	2024-11-10	3	394.6	0.3	1.0	1	1400	0	34.3	3.0	14
2021103977	2025-05-17	9	0.0	0.7	1.0	1	1200	3	34.4	3.0	13
2021103977	2025-05-31	5	114.0	0.5	1.0	1	1400	0	34.6	3.0	13
2021103977	2025-11-02	7	0.0	0.4	0.0	1	1400	0	33.8	3.0	12
2021103977	2025-12-21	1	1593.4	0.0	1.0	1	1400	2	34.1	5.0	18
2021103987	2024-01-14	10	0.0	2.2	0.0	1	2000	0	37.7	0.0	14
2021103987	2024-02-18	1	550.0	0.0	0.0	0	1700	0	39.0	1.0	16
2021103987	2024-03-09	1	780.0	0.0	0.0	0	1800	2	39.3	2.0	14
2021103987	2024-04-27	10	0.0	2.2	1.0	0	1900	0	40.1		16
2021103987	2024-12-07	1	1594.8	0.0	1.0	0	1800	0	36.9	5.0	16
2021103987	2025-01-13	1	1873.6	0.0	0.0	0	1800	0	37.3	4.0	15
2021103987	2025-10-26	3	554.4	0.5	1.0	0	1800	1	36.6	5.0	14
2021103987	2025-11-22	14	0.0	3.0	0.0	0	1900	0	40.3	5.0	16
2021104052	2023-10-29	7	0.0	0.9	2.0	1	1400	3	37.5	0.0	17
2021104052	2024-02-11	18	0.0	2.8	0.0	1	1200	0	35.1	1.0	18
2021104052	2024-03-09	7	0.0	1.2	0.0	0	1400	2	38.3	1.0	16
2021104052	2024-07-14	6	0.0	1.2	0.0	0	1150	2	37.7	1.0	16
2021104052	2024-08-25	1	550.0	0.0	1.0	0	1800	0	38.5	1.0	15
2021104052	2024-09-21	10	0.0	1.3	1.0	0	1800	0	38.7	2.0	14
2021104052	2024-10-20	3	200.0	0.7	0.0	0	1800	2	39.0	2.0	10
2021104052	2024-11-16	4	120.0	1.0	0.0	0	1700	0	40.1	2.0	15
2021104052	2024-12-08	11	0.0	4.2	0.0	0	1800	0	42.8	2.0	11
2021104052	2025-03-30	15	0.0	4.1	0.0	0	1800	2	44.0	2.0	16
2021104052	2025-04-20	14	0.0	3.3	1.0	0	1700	0	39.8	2.0	15
2021104052	2025-11-16	14	0.0	2.5	0.0	0	1700	0	40.8	2.0	15
2021104052	2025-12-06	6	0.0	1.2	0.0	0	1800	0	39.4	2.0	16
2021104052	2025-12-20	15	0.0	2.7	1.0	0	1800	2	40.7	2.0	16
2021104137	2023-08-20	3	180.0	0.3	0.0	1	1800	0	34.2	0.0	16
2021104137	2023-09-18	1	550.0	0.0	0.0	1	1600	0	34.7	1.0	16
2021104137	2023-10-28	8	0.0	1.1	0.0	1	1600	0	34.2		10
2021104137	2023-11-19	4	160.0	0.3	0.0	1	1600	0	33.6	2.0	9
2021104137	2024-02-25	10	0.0	1.0	2.0	1	1800	2	36.5	2.0	13
2021104137	2024-03-31	9	0.0	1.3	0.0	1	1600	0	35.8	2.0	11
2021104137	2024-05-18	7	0.0	0.8	0.0	1	1800	0	35.1	2.0	11
2021104137	2024-06-08	7	0.0	0.6	0.0	1	1600	0	33.9	2.0	13
2021104137	2024-09-22	13	0.0	1.0	1.0	1	1600	0	35.1	2.0	16
2021104137	2024-10-19	9	0.0	2.1	0.0	0	1600	0	38.3	2.0	13
2021104137	2024-11-09	8	0.0	0.9	0.0	1	1200	0	35.0	2.0	16
2021104137	2025-02-02	4	120.0	0.3	1.0	1	1200	2	34.9	2.0	18
2021104137	2025-02-23	2	320.0	0.3	1.0	1	1200	0	34.4	2.0	18
2021104137	2025-03-01	2	320.0	0.1	1.0	1	1200	0	34.8	2.0	18
2021104137	2025-05-11	4	120.0	0.4	0.0	1	1200	2	35.0	2.0	16
2021104137	2025-05-25	10	0.0	0.6	1.0	1	1200	2	36.3	2.0	16
2021104137	2025-08-30	4	170.0	0.7	0.0	1	1400	0	34.5	5.0	18
2021104137	2025-09-14	6	0.0	0.9	1.0	1	1600	0	35.1	2.0	16
2021104137	2025-09-28	6	0.0	1.0	0.0	1	1600	0	34.4	2.0	16
2021104137	2025-11-22	14	0.0	0.7	0.0	1	1200	0	34.9	2.0	16
2021104176	2024-02-04	2	250.0	0.2	1.0	1	1800	0	33.9	0.0	16
2021104176	2024-03-30	10	0.0	1.7	0.0	1	1800	0	36.9	1.0	18
2021104176	2024-06-23	10	0.0	1.4	2.0	1	1600	1	36.6	1.0	18
2021104176	2024-07-20	8	0.0	0.9	0.0	1	1800	0	35.8	1.0	14
2021104176	2024-08-11	1	550.0	0.0	0.0	0	1700	0	39.0	1.0	14
2021104176	2024-08-31	5	80.0	0.8	1.0	0	1700	1	37.4	2.0	14
2021104176	2024-11-24	1	800.0	0.0	1.0	0	1800	0	38.2	2.0	15
2021104176	2025-03-22	5	114.0	1.1	0.0	0	1800	0	39.5	3.0	16
2021104176	2025-08-24	6	0.0	1.1	0.0	0	1800	0	37.4	5.0	16
2021104176	2025-09-13	4	230.0	0.3	1.0	0	1800	0	37.4	5.0	9
2021104176	2025-12-13	2	631.6	0.1	1.0	0	1800	0	36.8	5.0	16
2021104176	2026-01-18	4	240.0	0.5	0.0	0	1800	0	36.6	5.0	16
2021104617	2024-04-07	3	140.0	0.6	0.0	0	1150	0	38.0	1.0	15
2021104617	2024-04-21	3	140.0	0.8	1.0	0	1150	0	38.2	1.0	16
2021104617	2024-05-11	2	220.0	0.3	0.0	0	1200	0	38.4	1.0	15
2021104617	2024-06-01	11	0.0	1.2	0.0	0	1300	1	39.1	1.0	16
2021104617	2024-07-28	3	140.0	0.3	1.0	0	1000	3	35.8	1.0	12
2021104617	2024-08-10	1	550.0	0.0	1.0	0	1000	0	36.9	1.0	12
2021104617	2025-02-02	3	200.0	0.2	1.0	0	1000	3	35.1	2.0	14
2021104617	2025-02-16	8	0.0	1.0	1.0	0	1000	0	36.7	2.0	14
2021104617	2025-03-15	8	0.0	0.7	1.0	0	1200	2	37.9	2.0	16
2021104617	2025-06-28	7	0.0	0.6	0.0	0	1000	2	35.7	2.0	12
2021104617	2025-07-20	11	0.0	1.2	0.0	0	1000	0	36.6	2.0	12
2021104617	2025-08-24	8	0.0	1.3	0.0	0	1000	0	36.5	2.0	11
2021104622	2023-08-20	6	0.0	1.2	0.0	1	1800	0	36.8	0.0	15
2021104622	2023-09-09	5	55.0	1.0	0.0	1	2000	0	36.5	1.0	7
2021104622	2024-04-20	2	220.0	0.3	0.0	0	1800	0	37.9	1.0	16
2021104622	2024-05-05	2	220.0	0.1	0.0	0	1800	0	38.6	1.0	12
2021104622	2024-05-19	2	220.0	0.1	2.0	0	1900	0	38.8	1.0	15
2021104622	2024-06-01	6	0.0	1.0	0.0	0	1800	2	38.2	1.0	16
2021104622	2024-06-23	2	220.0	0.1	1.0	0	1700	0	39.9	1.0	11
2021104622	2024-07-06	1	550.0	0.0	1.0	0	1700	2	37.7	1.0	11
2021104622	2024-10-27	10	0.0	4.2	1.0	0	1900	0	42.0	2.0	11
2021104622	2024-11-09	12	0.0	2.8	0.0	0	1800	0	39.2	2.0	15
2021104622	2025-03-23	1	800.0	0.0	0.0	0	1800	0	37.0	2.0	16
2021104622	2025-12-07	9	0.0	1.2	0.0	0	1800	0	38.3	5.0	13
2021104622	2025-12-13	12	0.0	1.9	0.0	0	2000	0	38.4	5.0	14
2021104889	2023-07-22	3	180.0	1.0	0.0	0	1700	0	40.0	0.0	10
2021104889	2023-08-19	10	0.0	2.4	0.0	0	1700	0	39.8	1.0	14
2021104889	2023-10-21	10	0.0	2.5	3.0	0	1800	1	41.3	1.0	15
2021104889	2023-11-04	7	0.0	3.9	0.0	0	1600	0	40.8	1.0	12
2021104889	2024-02-25	5	55.0	1.3	2.0	0	1800	2	40.7	1.0	16
2021104889	2024-03-17	3	140.0	1.9	0.0	0	1800	0	40.0	1.0	15
2021104889	2024-05-04	5	55.0	1.7	0.0	0	1600	2	37.4	1.0	12
2021104889	2024-05-18	6	0.0	2.1	0.0	0	1800	0	38.6	1.0	15
2021104889	2024-06-22	1	550.0	0.0	0.0	0	2100	1	37.2	1.0	16
2021104889	2024-10-05	6	0.0	0.5	2.0	0	2100	1	37.4	2.0	9
2021104889	2024-11-17	8	0.0	2.2	0.0	0	2100	0	39.5	2.0	16
2021104889	2025-02-02	12	0.0	3.4	3.0	0	2100	2	39.0	2.0	14
2021104889	2025-02-15	6	0.0	0.7	0.0	0	2100	0	37.5	2.0	16
2021104889	2025-04-12	1	800.0	0.0	0.0	0	2400	0	39.7	2.0	14
2021104889	2025-05-11	15	0.0	2.6	0.0	0	2100	2	38.9	5.0	16
2021104889	2025-07-26	5	155.0	1.1	0.0	0	1800	0	37.4	5.0	15
2021104889	2025-09-13	2	626.6	0.5	1.0	0	2400	3	36.7	5.0	11
2021104889	2025-10-11	6	0.0	2.0	3.0	0	2100	2	38.2	5.0	16
2021104889	2025-12-20	12	0.0	2.5	1.0	0	2400	0	40.5	5.0	16
2021104945	2023-06-17	3	180.0	0.4	0.0	0	1400	0	37.4	0.0	16
2021104945	2023-10-07	5	55.0	0.6	0.0	0	1400	0	38.8	1.0	13
2021104945	2023-10-29	1	550.0	0.0	1.0	0	1400	0	37.2	1.0	13
2021104945	2024-02-17	7	0.0	1.3	1.0	0	1400	0	37.2	2.0	16
2021104945	2024-03-10	14	0.0	4.0	0.0	0	1400	0	39.9	2.0	14
2021104945	2024-05-12	10	0.0	1.7	1.0	0	1400	0	37.2	2.0	16
2021104945	2024-05-26	4	120.0	0.2	0.0	0	1400	0	37.1	2.0	12
2021104945	2024-06-22	10	0.0	2.3	1.0	0	1400	2	37.6	2.0	16
2021104945	2024-09-28	3	200.0	0.2	1.0	0	1400	0	37.4	2.0	11
2021104945	2024-10-12	4	120.0	0.9	0.0	0	1400	0	37.4	2.0	16
2021104945	2025-02-15	4	120.0	0.3	0.0	0	1400	0	38.5	2.0	16
2021104945	2025-03-01	9	0.0	1.2	0.0	0	1400	0	38.5	2.0	16
2021104945	2025-06-07	2	320.0	0.0	1.0	0	1400	0	37.4	2.0	16
2021104945	2025-06-22	4	120.0	0.9	0.0	0	1400	0	37.9	2.0	16
2021104945	2025-09-15	4	120.0	0.4	0.0	0	1400	0	37.2	2.0	15
2021104945	2025-10-04	5	80.0	0.7	1.0	0	1400	3	37.6	2.0	16
2021104945	2025-10-26	5	80.0	0.7	3.0	0	1200	1	36.6	2.0	12
2021104945	2025-11-23	6	0.0	0.6	0.0	0	1400	0	37.4	2.0	16
2021104945	2026-01-12	5	82.0	0.3	0.0	0	1400	0	37.1	2.0	16
2021105085	2023-10-21	3	180.0	0.3	0.0	1	1400	0	33.7	0.0	12
2021105085	2023-12-02	2	220.0	0.2	0.0	1	1600	0	34.4	1.0	15
2021105085	2023-12-28	1	550.0	0.0	1.0	1	1600	0	35.8	1.0	16
2021105085	2024-06-01	5	80.0	0.4	0.0	1	1400	0	33.7	2.0	18
2021105085	2024-08-10	14	0.0	0.9	0.0	1	1400	0	34.6	2.0	18
2021105085	2024-09-14	5	80.0	0.6	0.0	1	1800	0	34.2	2.0	15
2021105085	2024-10-14	6	0.0	0.6	0.0	1	1600	0	34.7	2.0	17
2021105085	2025-01-13	9	0.0	0.9	0.0	1	1600	0	35.6	2.0	16
2021105085	2025-04-12	4	120.0	0.8	1.0	0	1700	0	39.5	2.0	14
2021105085	2025-05-04	2	320.0	0.3	0.0	0	1800	2	39.6	2.0	12
2021105085	2025-05-24	1	800.0	0.0	1.0	0	1800	0	39.0	2.0	15
2021105085	2025-09-21	8	0.0	0.8	1.0	0	1800	0	39.2	3.0	16
2021105085	2025-10-13	5	155.0	0.4	1.0	0	1800	0	38.5	5.0	12
2021105092	2024-06-30	4	83.0	0.2	2.0	1	1200	2	34.9	1.0	18
2021105092	2024-07-21	1	550.0	0.0	0.0	1	1200	0	35.0	1.0	18
2021105092	2024-10-12	6	0.0	0.8	0.0	1	1200	0	34.8	5.0	18
2021105092	2024-11-03	3	200.0	0.3	0.0	1	1200	2	36.3	2.0	16
2021105092	2024-11-16	2	320.0	0.3	0.0	1	1200	0	35.0	2.0	15
2021105092	2024-12-14	6	0.0	0.7	0.0	1	1400	0	36.2	2.0	18
2021105092	2025-04-20	2	451.8	0.1	1.0	1	1200	0	34.6	5.0	15
2021105092	2025-05-11	1	800.0	0.0	0.0	1	1200	2	35.1	2.0	16
2021105092	2025-06-15	2	629.2	0.5	0.0	1	1200	2	35.4	5.0	15
2021105092	2025-07-05	8	0.0	0.6	0.0	1	1200	0	35.4	3.0	10
2021105092	2025-10-05	10	0.0	0.8	1.0	1	1200	2	35.0	3.0	16
2021105092	2025-11-29	8	0.0	0.6	0.0	1	1200	0	35.1	3.0	16
2021105092	2026-01-10	8	0.0	1.0	0.0	1	1200	0	33.9	5.0	18
2021105098	2023-07-15	3	180.0	0.5	0.0	1	1200	0	33.7	0.0	9
2021105098	2023-09-17	2	220.0	0.1	0.0	1	1400	0	35.6	1.0	13
2021105098	2023-10-09	5	55.0	0.3	1.0	1	1400	1	36.6	1.0	12
2021105098	2023-12-17	5	55.0	0.4	0.0	1	1400	2	36.4	1.0	15
2021105098	2024-01-14	4	83.0	0.5	0.0	1	1200	0	34.7	1.0	18
2021105098	2024-03-03	2	220.0	0.2	1.0	1	1200	2	35.6	1.0	18
2021105098	2024-03-23	5	55.0	0.7	3.0	1	1400	1	35.4	1.0	18
2021105098	2024-06-30	3	140.0	0.2	2.0	1	1200	2	36.4	1.0	18
2021105098	2024-07-21	2	220.0	0.6	0.0	1	1200	0	34.9	1.0	18
2021105098	2024-08-10	2	220.0	0.2	0.0	1	1200	0	33.8	1.0	18
2021105098	2024-08-31	5	55.0	0.7	2.0	1	1400	1	37.0	1.0	18
2021105098	2024-10-29	1	80.0	0.0	3.0	0	1230	1	40.0	10.0	12
2021105098	2024-11-14	1	110.0	0.0	0.0	0	1230	0	39.0	11.0	9
2021105098	2024-12-11	1	110.0	0.0	1.0	0	1230	0	39.2	11.0	12
2021105098	2025-03-08	6	0.0	0.8	1.0	0	1200	0	37.4	2.0	16
2021105098	2025-05-03	9	0.0	0.7	0.0	0	1200	1	36.2	2.0	14
2021105098	2025-06-28	2	320.0	0.5	0.0	1	1200	0	34.5	2.0	14
2021105098	2025-07-12	7	0.0	0.4	0.0	1	1200	0	35.0	2.0	17
2021105098	2025-09-07	5	80.0	0.7	0.0	1	1200	0	34.6	2.0	13
2021105098	2025-10-04	15	0.0	1.0	1.0	1	1200	1	34.0	2.0	18
2021105098	2025-12-07	10	0.0	0.5	0.0	1	1400	0	33.8	2.0	18
2021105123	2024-01-07	17	0.0	5.0	1.0	1	2000	0	38.3	0.0	17
2021105123	2024-03-16	3	140.0	2.0	0.0	0	1800	2	40.5	1.0	16
2021105123	2024-04-14	1	550.0	0.0	0.0	0	1800	0	38.8	1.0	16
2021105123	2024-08-24	3	200.0	0.2	0.0	0	1800	0	38.6	2.0	15
2021105123	2024-09-29	10	0.0	1.8	1.0	0	1800	0	38.5	2.0	16
2021105123	2024-12-01	7	0.0	1.6	0.0	0	1800	0	38.0	2.0	12
2021105123	2025-01-05	8	0.0	0.7	0.0	0	1800	0	38.1	2.0	16
2021105123	2025-03-16	7	0.0	2.0	1.0	0	1800	1	36.1	2.0	10
2021105123	2025-03-30	8	0.0	2.5	0.0	0	1800	2	40.2	2.0	9
2021105123	2025-05-17	4	120.0	0.5	1.0	0	1800	2	36.7	2.0	10
2021105123	2025-06-07	10	0.0	1.0	0.0	0	1600	0	35.5	2.0	16
2021105123	2025-08-09	4	120.0	0.8	0.0	0	1800	0	38.0	2.0	14
2021105123	2025-08-24	6	0.0	1.6	0.0	0	1800	0	38.3	2.0	10
2021105123	2025-09-15	6	0.0	1.0	1.0	0	1800	0	39.2	2.0	16
2021105123	2025-10-11	8	0.0	1.3	3.0	0	1600	2	36.9	2.0	16
2021105123	2025-11-23	11	0.0	1.4	1.0	0	1600	0	36.1	2.0	16
2021105244	2024-03-30	5	55.0	1.2	0.0	1	2000	1	36.3	1.0	18
2021105244	2024-04-27	5	55.0	0.6	1.0	1	1800	0	34.4	1.0	15
2021105244	2024-07-13	5	55.0	2.8	0.0	0	1700	0	38.0	1.0	14
2021105244	2024-08-11	7	0.0	2.5	0.0	0	2400	0	40.9	1.0	12
2021105244	2024-09-12	1	40.0	0.0	0.0	0	1600	0	40.2		10
2021105244	2024-10-10	2	11.2	0.3	0.0	0	1700	0	39.3	9.0	11
2021105244	2024-10-24	1	40.0	0.0	0.0	0	1600	1	39.3	9.0	8
2021105244	2024-10-31	1	55.0	0.0	0.0	0	1800	0	40.0	5.0	12
2021105244	2025-03-15	6	0.0	0.3	1.0	1	2200	0	35.3	2.0	18
2021105244	2025-05-17	6	0.0	0.6	1.0	1	2000	2	35.3	5.0	9
2021105244	2025-06-22	2	320.0	0.0	1.0	1	1800	1	35.4	2.0	13
2021105244	2025-08-02	9	0.0	1.7	0.0	1	1800	0	34.5	2.0	10
2021105244	2025-11-08	2	320.0	0.3	0.0	1	1800	0	35.1	2.0	16
2021105375	2023-11-11	1	720.0	0.0	1.0	1	1800	0	33.5	0.0	12
2021105375	2024-01-14	7	0.0	0.5	0.0	1	2000	0	34.5		14
2021105375	2024-02-17	8	0.0	0.3	1.0	1	2000	0	33.7	2.0	10
2021105375	2024-05-12	8	0.0	0.9	1.0	1	1800	0	34.1	2.0	11
2021105375	2024-06-15	4	120.0	0.9	0.0	1	2400	0	34.6	2.0	9
2021105375	2024-08-31	8	0.0	0.9	3.0	1	2200	2	36.3	5.0	14
2021105375	2024-12-07	4	120.0	0.3	0.0	1	1800	0	33.9	2.0	16
2021105375	2024-12-28	7	0.0	0.7	0.0	1	1800	0	35.2	2.0	16
2021105375	2025-02-01	4	120.0	0.5	1.0	1	1800	0	33.5	2.0	16
2021105375	2025-02-23	8	0.0	0.8	0.0	1	1800	0	34.2	2.0	15
2021105375	2025-04-13	1	800.0	0.0	2.0	1	2000	0	35.2	2.0	16
2021105375	2025-05-18	10	0.0	1.4	1.0	1	2000	0	35.1	5.0	10
2021105375	2025-06-28	8	0.0	0.8	0.0	1	2000	0	35.1	5.0	16
2021105375	2025-08-30	12	0.0	2.4	1.0	1	2000	2	38.7	3.0	14
2021105375	2025-10-04	5	155.0	0.5	1.0	1	1800	0	33.1	5.0	12
2021105375	2025-10-26	7	0.0	1.0	3.0	1	2000	2	35.8	5.0	16
2021105375	2025-12-21	7	0.0	0.4	3.0	1	2000	2	35.4	3.0	10
2021105384	2023-12-10	1	720.0	0.0	0.0	1	1600	0	33.4	0.0	17
2021105384	2024-02-03	10	0.0	0.7	1.0	1	1600	0	34.2		11
2021105384	2024-04-27	1	1095.9	0.0	1.0	1	2200	0	34.9	2.0	12
2021105384	2024-06-15	8	0.0	0.4	1.0	1	2000	0	34.3	5.0	13
2021105384	2024-08-25	1	1564.7	0.0	1.0	1	2000	0	33.8	5.0	7
2021105384	2024-10-13	8	0.0	0.8	0.0	1	2000	0	34.5		15
2021105384	2024-11-10	8	0.0	0.4	1.0	1	1800	0	33.6	4.0	13
2021105384	2025-02-02	4	280.0	0.3	1.0	1	2200	2	34.5	4.0	7
2021105384	2025-04-12	6	0.0	0.3	1.0	1	2000	0	34.6	4.0	16
2021105384	2025-07-12	13	0.0	1.5	0.0	1	1800	0	36.4	4.0	14
2021105384	2025-09-21	4	280.0	0.2	1.0	1	2200	0	33.9	4.0	9
2021105384	2025-10-19	6	0.0	0.5	1.0	1	2200	0	34.7		14
2021105412	2023-11-12	4	110.0	0.3	1.0	1	2000	0	34.9	0.0	8
2021105412	2024-01-08	1	550.0	0.0	0.0	1	2200	0	37.0	1.0	18
2021105412	2024-02-24	10	0.0	1.6	0.0	1	2200	0	36.1		10
2021105412	2024-04-06	10	0.0	3.1	0.0	0	1800	2	38.9	2.0	12
2021105412	2024-07-27	9	0.0	3.5	1.0	0	1800	0	40.4	2.0	15
2021105412	2024-10-06	1	1146.4	0.0	0.0	1	2400	0	35.7	5.0	16
2021105412	2024-10-27	3	392.4	0.4	1.0	1	2400	0	33.5	5.0	7
2021105412	2025-02-01	1	1573.8	0.0	1.0	1	2400	0	35.5	5.0	10
2021105412	2025-03-23	11	0.0	4.0	0.0	1	3000	0	38.1		11
2021105412	2025-06-15	14	0.0	7.8	1.0	1	2400	2	43.3	4.0	15
2021105412	2025-10-13	8	0.0	0.6	1.0	1	2400	0	34.3	4.0	8
2021105412	2025-11-16	4	280.0	0.5	0.0	1	1800	0	34.2	4.0	12
2021105412	2026-01-11	11	0.0	1.0	1.0	1	1600	0	34.4	4.0	15
2021105584	2024-03-17	2	220.0	0.5	3.0	1	1800	0	34.3	1.0	13
2021105584	2024-04-13	2	220.0	0.2	0.0	1	1600	0	33.4	1.0	18
2021105584	2024-04-27	8	0.0	1.3	1.0	1	1600	0	36.2	1.0	17
2021105584	2024-06-01	2	220.0	0.1	0.0	1	1600	0	35.6	1.0	18
2021105584	2024-06-15	1	550.0	0.0	0.0	1	1400	0	33.6	1.0	18
2021105584	2025-07-12	6	0.0	1.1	1.0	1	2000	0	37.2	2.0	14
2021105584	2025-07-27	5	111.0	0.6	0.0	1	2000	0	34.2	5.0	7
2021105584	2025-08-31	7	0.0	1.3	0.0	1	1600	0	34.8	2.0	16
2021105584	2025-11-01	3	200.0	0.5	0.0	1	1800	0	34.7	2.0	15
2021105584	2025-11-09	5	80.0	1.0	2.0	0	1600	2	37.8	2.0	16
2021105618	2024-01-08	2	250.0	0.6	0.0	1	1800	0	36.6	0.0	18
2021105618	2024-01-27	1	550.0	0.0	1.0	1	1800	0	35.7	1.0	9
2021105618	2024-03-23	5	410.0	1.3	1.0	1	1800	1	35.3		10
2021105618	2024-05-18	1	1102.2	0.0	0.0	1	1600	0	33.6	2.0	13
2021105618	2024-06-16	1	1569.6	0.0	0.0	1	1600	0	33.9	5.0	8
2021105618	2024-10-20	4	280.0	0.2	0.0	1	1600	0	34.4	4.0	17
2021105618	2025-06-22	2	750.2	0.0	0.0	1	1400	0	33.7	4.0	16
2021105618	2025-09-27	14	0.0	1.4	0.0	1	1600	0	35.1	4.0	16
2021105618	2025-10-25	2	748.0	0.1	1.0	1	1400	0	33.9	4.0	13
2021105618	2025-12-21	2	748.8	0.0	2.0	1	1400	1	34.5	4.0	14
2021105647	2023-08-26	2	290.0	0.4	0.0	1	1800	0	33.7	0.0	11
2021105647	2023-10-15	2	220.0	0.0	3.0	1	1800	1	34.8	1.0	7
2021105647	2023-11-25	1	550.0	0.0	0.0	1	1800	0	33.8	1.0	13
2021105647	2024-01-28	1	1092.4	0.0	1.0	1	1800	0	33.6	2.0	9
2021105647	2024-03-17	7	0.0	0.9	0.0	1	1800	0	33.7		10
2021105647	2025-03-29	11	0.0	1.5	3.0	1	1800	2	36.9	3.0	12
2021105647	2025-05-31	7	0.0	0.8	2.0	1	1600	1	36.0	5.0	16
2021105647	2025-07-27	9	0.0	1.0	0.0	1	1600	0	33.1	5.0	11
2021105662	2023-11-11	5	72.0	0.9	0.0	1	1800	2	34.1	0.0	11
2021105662	2023-12-28	3	140.0	0.4	0.0	1	1800	0	34.5	1.0	14
2021105662	2024-01-27	1	550.0	0.0	0.0	1	1800	0	37.1	1.0	13
2021105662	2024-03-17	8	0.0	0.9	0.0	1	1800	0	33.7		10
2021105662	2024-04-14	1	780.0	0.0	0.0	1	2000	0	34.8	2.0	7
2021105662	2024-06-30	6	0.0	0.7	3.0	1	1800	0	34.9		12
2021105662	2024-09-16	10	0.0	1.7	1.0	1	2200	0	34.8		14
2021105662	2024-11-24	3	394.4	0.2	0.0	1	2000	0	33.8	3.0	13
2021105662	2025-02-01	6	0.0	1.5	1.0	1	2400	0	37.6	5.0	10
2021105662	2025-02-16	4	230.0	0.7	1.0	1	2000	2	36.2	5.0	9
2021105662	2025-03-29	13	0.0	3.3	0.0	0	1800	2	42.0	5.0	13
2021105662	2025-11-30	3	392.8	0.3	0.0	1	2000	0	34.4	3.0	9
2021105688	2023-06-25	6	0.0	0.5	0.0	1	1600	0	34.4	0.0	16
2021105688	2023-08-26	1	550.0	0.0	0.0	1	1600	0	34.7	1.0	18
2021105688	2024-01-21	11	0.0	2.1	2.0	1	1800	3	39.8	2.0	11
2021105688	2024-05-12	9	0.0	1.3	1.0	0	1400	0	35.9	2.0	16
2021105688	2024-07-27	7	0.0	2.3	1.0	0	1800	0	39.0	2.0	15
2021105688	2024-10-20	3	200.0	0.4	0.0	0	1600	0	36.8	2.0	12
2021105688	2024-11-16	5	80.0	0.4	1.0	0	1600	0	37.6	2.0	16
2021105688	2025-03-29	2	320.0	0.1	0.0	1	1600	2	34.4	2.0	16
2021105688	2025-10-26	2	320.0	0.1	2.0	0	1600	3	35.1	2.0	16
2021105747	2024-05-18	11	0.0	1.5	0.0	1	1600	0	37.6	1.0	16
2021105747	2024-07-14	1	550.0	0.0	1.0	1	1200	0	35.2	1.0	16
2021105747	2024-11-09	6	0.0	1.4	0.0	1	1200	0	36.3	2.0	16
2021105747	2025-01-11	4	120.0	0.2	0.0	0	1200	2	37.8	2.0	16
2021105747	2025-04-13	11	0.0	1.4	1.0	1	1200	0	35.6	2.0	16
2021105747	2025-06-14	11	0.0	0.7	2.0	1	1400	0	35.5	2.0	18
2021105747	2025-07-05	3	200.0	0.3	0.0	1	1200	0	35.4	2.0	15
2021105747	2025-11-15	5	80.0	0.3	0.0	1	1200	0	35.6	2.0	16
2021105765	2023-07-30	2	290.0	0.1	0.0	1	1800	0	34.2	0.0	9
2021105765	2023-09-16	2	220.0	0.4	0.0	1	1800	0	33.5	1.0	9
2021105765	2023-11-25	3	140.0	0.5	0.0	1	1800	0	34.7	1.0	14
2021105765	2023-12-17	2	220.0	0.1	0.0	1	1600	2	36.3	1.0	12
2021105765	2024-01-07	2	220.0	0.2	0.0	1	1600	0	36.6	1.0	17
2021105765	2024-03-03	3	140.0	1.1	0.0	1	1600	0	34.8	1.0	15
2021105765	2024-03-23	10	0.0	1.3	3.0	1	1400	1	36.0	1.0	18
2021105765	2024-05-26	6	0.0	0.1	0.0	1	1600	0	34.8	1.0	17
2021105765	2024-07-20	14	0.0	3.5	0.0	0	1700	0	42.0	1.0	14
2021105765	2024-07-27	7	0.0	2.0	1.0	1	2000	0	35.8	2.0	9
2021105765	2025-01-13	16	0.0	1.5	0.0	1	2200	0	37.2	2.0	18
2021105765	2025-04-06	2	320.0	0.1	2.0	1	1800	0	34.7	2.0	13
2021105765	2025-04-19	6	0.0	0.5	0.0	1	2000	0	34.6	2.0	15
2021105765	2025-05-04	1	800.0	0.0	0.0	1	1600	0	34.2	2.0	9
2021105765	2025-05-31	9	0.0	0.6	1.0	1	1600	0	35.2	2.0	18
2021105765	2025-09-06	8	0.0	0.5	0.0	1	1500	0	36.3	2.0	14
2021105765	2025-10-12	2	320.0	0.1	1.0	1	1600	0	34.4	2.0	18
2021105765	2025-11-01	2	320.0	0.0	0.0	1	1600	0	34.0	2.0	15
2021105765	2025-11-15	15	0.0	0.6	0.0	1	1600	0	34.9	2.0	18
2021105767	2023-09-24	4	110.0	1.6	0.0	1	2000	2	35.8	0.0	8
2021105767	2023-12-09	3	140.0	0.4	0.0	0	1800	0	38.0	1.0	12
2021105767	2023-12-24	2	220.0	0.3	1.0	0	1800	0	38.5	1.0	16
2021105767	2024-01-27	1	550.0	0.0	0.0	0	2100	0	39.1	1.0	15
2021105767	2024-03-30	14	0.0	2.5	0.0	1	2200	2	37.6	2.0	14
2021105767	2024-12-07	11	0.0	1.9	0.0	0	1800	0	38.3	2.0	16
2021105767	2024-12-14	5	80.0	0.4	0.0	0	1800	0	38.7	2.0	16
2021105767	2025-03-22	1	800.0	0.0	0.0	0	1900	0	36.8	2.0	15
2021105767	2025-05-11	4	230.0	1.0	0.0	0	2100	2	36.9	5.0	16
2021105767	2025-05-31	15	0.0	3.0	2.0	0	2100	3	39.0	3.0	15
2021105774	2023-09-30	1	720.0	0.0	0.0	1	1400	0	35.0	0.0	18
2021105774	2023-11-19	1	1088.9	0.0	0.0	1	1400	0	34.0	2.0	8
2021105774	2023-12-17	8	0.0	0.5	0.0	1	1600	0	35.3		17
2021105774	2024-01-27	5	200.0	0.3	0.0	1	1400	0	33.7		10
2021105774	2024-03-16	1	4159.5	0.0	0.0	1	1400	0	33.6		17
2021105774	2024-05-05	13	0.0	1.2	0.0	1	1600	0	34.2		18
2021105774	2024-08-11	6	0.0	0.2	0.0	1	1200	0	34.6	5.0	16
2021105774	2024-08-25	7	0.0	0.6	0.0	1	1200	0	34.2		16
2021105774	2024-10-26	1	6021.8	0.0	1.0	1	1400	0	34.0		17
2021105774	2024-12-21	11	0.0	0.5	1.0	1	1400	0	34.0		18
2021105774	2025-02-22	4	650.0	0.3	1.0	1	1400	0	34.5		18
2021105774	2025-04-05	4	0.0			1	1200	0			11
2021105774	2025-04-27	13	0.0			1	1200	0			13
2021105774	2025-09-28	6	0.0	0.4	0.0	1	1200	0	32.8		16
2021105774	2025-12-27	7	0.0	0.6	0.0	1	1400	0	33.6		16
2021105777	2023-10-14	2	290.0	0.1	0.0	1	1800	0	33.9	0.0	11
2021105777	2023-11-05	1	550.0	0.0	0.0	1	1800	0	34.3	1.0	6
2021105777	2024-01-06	9	0.0	1.7	0.0	1	1600	0	36.0		10
2021105777	2024-06-16	2	365.9	0.1	3.0	1	1800	0	35.0	5.0	10
2021105777	2024-11-10	7	0.0	0.3	1.0	1	1800	0	34.5	2.0	16
2021105777	2025-01-13	1	800.0	0.0	0.0	1	1600	0	34.9	2.0	16
2021105777	2025-05-18	1	1571.7	0.0	1.0	1	1600	0	33.6	3.0	9
2021105777	2025-07-19	6	0.0	0.5	0.0	1	1800	0	36.5	4.0	10
2021105777	2025-12-28	11	0.0	1.3	0.0	1	1600	0	34.5	4.0	16
2021105873	2023-09-10	9	0.0	2.0	0.0	1	1600	0	35.3	0.0	11
2021105873	2023-11-26	9	0.0	1.1	1.0	1	1400	0	35.9	1.0	18
2021105873	2024-03-10	4	83.0	0.2	0.0	1	1400	0	35.8	1.0	18
2021105873	2024-04-28	10	0.0	0.5	0.0	1	1400	0	35.4	1.0	18
2021105873	2024-06-08	6	0.0	2.3	0.0	0	1000	0	36.5	1.0	12
2021105873	2024-07-16	1	115.0	0.0	0.0	1	1700	0	36.7		11
2021105873	2024-09-16	12	0.0	0.7	1.0	1	1400	0	35.1	2.0	18
2021105873	2024-12-01	8	0.0	1.0	0.0	1	1400	0	34.8	2.0	18
2021105873	2025-02-02	7	0.0	0.3	1.0	1	1200	2	35.1	2.0	18
2021105873	2025-02-08	12	0.0	3.2	5.0	0	1700	2	39.6	2.0	15
2021105873	2025-03-01	6	0.0	0.5	1.0	1	1200	0	35.4	2.0	18
2021105873	2025-05-18	9	0.0	1.0	0.0	1	1200	2	34.3	2.0	16
2021105873	2025-05-25	14	0.0	0.9	1.0	1	1400	1	35.1	2.0	18
2021105873	2025-07-12	1	800.0	0.0	0.0	1	1200	0	35.3	2.0	17
2021105873	2025-08-16	7	0.0	0.7	0.0	1	1200	0	33.6	5.0	13
2021105873	2025-10-05	4	170.0	0.5	1.0	1	1200	2	33.4	3.0	16
2021105873	2025-10-26	7	0.0	0.4	1.0	1	1200	2	34.0	5.0	14
2021105976	2023-10-29	3	180.0	0.5	0.0	1	1800	0	35.7	0.0	11
2021105976	2023-11-18	8	0.0	0.8	1.0	1	1600	2	34.6	1.0	12
2021105976	2024-02-17	6	0.0	1.6	0.0	0	1700	0	40.6	1.0	16
2021105976	2024-05-11	4	83.0	1.3	0.0	0	1800	0	40.4	1.0	13
2021105976	2024-06-08	5	55.0	0.7	0.0	0	1700	0	39.2	1.0	14
2021105976	2024-07-28	11	0.0	1.3	3.0	1	1500	1	36.9	1.0	14
2021105976	2024-08-25	1	550.0	0.0	0.0	0	1700	0	37.3	1.0	14
2021105976	2024-11-30	3	200.0	0.3	1.0	0	1800	0	37.8	2.0	13
2021105976	2025-01-25	11	0.0	2.3	0.0	0	1700	0	39.1	2.0	16
2021105976	2025-06-22	8	0.0	1.1	1.0	0	1700	1	39.4	2.0	12
2021105976	2025-07-05	7	0.0	0.7	0.0	0	1700	1	37.5	2.0	13
2021105976	2025-11-16	11	0.0	2.2	0.0	0	1700	0	41.0	2.0	15
2021105993	2024-08-03	7	0.0	1.4	0.0	0	1800	0	38.4	1.0	15
2021105993	2024-08-25	10	0.0	3.2	1.0	0	1900	0	40.8	2.0	14
2021105993	2024-10-04	1	80.0	0.0	1.0	0	1700	1	41.7	10.0	12
2021105993	2024-10-31	6	0.0	0.5	1.0	0	1700	2	41.5	11.0	12
2021105993	2024-11-19	3	22.0	0.3	1.0	0	1400	2	38.7	11.0	10
2021105993	2024-12-12	1	100.0	0.0	0.0	0	1400	0	39.1	11.0	11
2021105993	2025-01-19	2	320.0	0.0	0.0	0	1400	0	36.3	2.0	16
2021105993	2025-02-15	5	80.0	0.4	0.0	0	1400	0	38.0	2.0	16
2021105993	2025-05-18	5	80.0	1.4	1.0	0	1800	0	39.2	2.0	14
2021105993	2025-06-07	6	0.0	1.0	1.0	0	1400	0	37.1	2.0	16
2021105993	2025-12-07	4	120.0	0.3	0.0	0	1400	0	37.1	2.0	16
2021105993	2025-12-20	9	0.0	0.9	2.0	0	1400	2	36.9	2.0	15
2021106063	2023-09-10	1	720.0	0.0	0.0	0	1800	2	39.5	0.0	16
2021106063	2023-10-14	4	160.0	1.1	0.0	0	1600	0	37.6	2.0	14
2021106063	2024-01-07	2	310.0	0.2	1.0	0	1800	0	39.3	2.0	13
2021106063	2024-04-07	8	0.0	0.9	0.0	0	1800	1	38.1	2.0	16
2021106063	2024-05-05	9	0.0	2.8	0.0	0	2100	0	39.4	2.0	16
2021106063	2024-06-02	6	0.0	1.3	2.0	0	1600	1	36.0	2.0	16
2021106063	2024-08-25	5	80.0	2.1	1.0	0	1800	0	38.5	2.0	15
2021106063	2024-09-14	3	200.0	0.6	0.0	0	1800	0	38.1	2.0	15
2021106063	2024-10-13	3	200.0	0.3	0.0	0	1600	0	35.3	2.0	12
2021106063	2024-11-02	3	200.0	1.1	2.0	0	1600	1	36.3	2.0	13
2021106063	2025-03-22	5	80.0	0.6	0.0	0	1800	2	38.8	2.0	16
2021106063	2025-04-19	8	0.0	1.0	0.0	0	1800	0	40.1	2.0	14
2021106063	2025-04-27	2	320.0	0.1	0.0	0	1600	2	36.8	2.0	14
2021106063	2025-05-31	7	0.0	1.6	2.0	0	1600	3	37.0	2.0	16
2021106063	2025-07-12	6	0.0	0.9	1.0	0	1700	0	38.5	2.0	15
2021106063	2025-11-09	8	0.0	1.1	2.0	0	1600	2	36.6	2.0	16
2021106063	2025-12-07	9	0.0	2.0	0.0	0	1800	0	38.2	2.0	16
2021106063	2026-01-04	10	0.0	2.2	0.0	0	1800	2	40.9	2.0	16
2021106078	2024-02-24	12	0.0	2.4	0.0	0	1200	2	37.4	1.0	16
2021106078	2024-03-31	11	0.0	2.9	0.0	0	1200	2	38.0	1.0	16
2021106078	2024-08-11	5	55.0	2.0	0.0	0	1700	0	39.1	1.0	14
2021106078	2024-08-25	9	0.0	1.9	1.0	0	1800	0	39.5	1.0	15
2021106078	2024-09-22	1	43.0	0.0	1.0	0	1400	3	37.5		8
2021106078	2024-10-12	1	40.0	0.0	0.0	0	1400	0	38.4	10.0	10
2021106078	2024-11-09	1	40.0	0.0	1.0	0	1400	0	39.0	10.0	12
2021106078	2024-11-23	2	12.8	0.5	1.0	0	1400	0	38.1	10.0	12
2021106078	2024-12-07	1	45.0	0.0	0.0	0	1400	0	39.0	10.0	12
2021106078	2024-12-21	1	42.0	0.0	1.0	0	1300	2	37.9	11.0	11
2021106078	2025-01-06	1	55.0	0.0	1.0	0	1860	2	39.0	11.0	12
2021106078	2025-02-01	1	55.0	0.0	3.0	0	1750	3	38.9	11.0	11
2021106078	2025-02-16	1	80.0	0.0	0.0	0	1750	3	37.9	5.0	9
2021106078	2025-03-01	1	100.0	0.0	1.0	0	1860	0	37.2		10
2021106078	2025-12-06	10	0.0	2.2	0.0	0	1900	0	39.2	2.0	16
2021106078	2025-12-21	10	0.0	1.3	3.0	0	1800	2	38.5	2.0	16
2021106078	2026-01-12	10	0.0	1.3	0.0	0	1900	0	38.2	2.0	15
2021106078	2026-01-24	7	0.0	3.5	0.0	0	2400	0	40.8	2.0	7
2021106192	2023-08-20	8	0.0	1.6	0.0	1	1800	0	37.2	0.0	15
2021106192	2023-09-10	5	55.0	0.3	0.0	1	1600	0	33.7	1.0	7
2021106192	2023-09-18	5	55.0	1.8	0.0	0	1800	0	41.4	1.0	11
2021106192	2023-12-02	8	0.0	1.7	0.0	0	1400	0	38.4	1.0	16
2021106192	2023-12-17	10	0.0	2.3	0.0	0	1800	2	41.4	1.0	13
2021106192	2024-01-13	7	0.0	1.1	0.0	0	1400	0	37.9	1.0	14
2021106192	2024-01-28	3	140.0	1.4	0.0	0	1400	0	38.5	1.0	16
2021106192	2024-03-17	2	220.0	0.2	1.0	0	1400	0	37.7	1.0	16
2021106192	2024-04-06	2	220.0	0.3	0.0	0	1400	2	38.2	1.0	16
2021106192	2024-05-05	6	0.0	1.1	0.0	0	1400	0	39.1	1.0	16
2021106192	2024-06-22	10	0.0	0.9	0.0	0	1400	1	39.0	1.0	16
2021106192	2024-07-13	2	220.0	1.0	0.0	0	1700	0	38.2	1.0	14
2021106192	2024-07-28	1	550.0	0.0	1.0	0	1700	3	38.5	1.0	14
2021106192	2024-12-14	11	0.0	1.2	0.0	0	1400	0	38.0	2.0	16
2021106192	2025-01-11	7	0.0	0.4	0.0	0	1400	0	39.0	2.0	16
2021106192	2025-02-08	11	0.0	3.0	5.0	0	1700	2	39.9	2.0	15
2021106192	2025-05-04	1	800.0	0.0	0.0	0	1800	2	39.0	2.0	12
2021106192	2025-05-17	6	0.0	2.0	1.0	0	1800	2	38.9	5.0	10
2021106192	2025-07-26	2	628.8	0.5	2.0	0	1700	0	36.9	5.0	14
2021106192	2025-08-10	13	0.0	3.1	1.0	0	1700	0	40.4	5.0	14
2021106192	2025-11-09	7	0.0	0.9	2.0	0	1700	0	37.7	3.0	15
2021106192	2025-11-29	7	0.0	0.4	0.0	0	1800	0	36.6	5.0	13
2021106353	2024-01-14	9	0.0	2.3	0.0	0	1800	2	40.4	0.0	16
2021106353	2024-02-18	5	55.0	1.0	0.0	0	2100	0	38.5	1.0	16
2021106353	2024-03-09	5	55.0	2.6	0.0	0	1800	1	40.8	1.0	12
2021106353	2024-03-31	8	0.0	1.9	0.0	0	1800	2	39.4	1.0	14
2021106353	2024-04-27	4	83.0	1.3	1.0	0	2100	2	38.4	1.0	12
2021106353	2024-05-11	6	0.0	0.7	0.0	0	2100	0	38.8	1.0	15
2021106353	2024-06-02	2	220.0	0.1	1.0	0	2100	1	37.4	1.0	16
2021106353	2024-06-15	1	550.0	0.0	0.0	0	2100	0	37.8	1.0	16
2021106353	2024-09-01	5	80.0	1.0	0.0	0	1800	0	38.6	2.0	12
2021106353	2024-09-14	1	800.0	0.0	0.0	0	1800	0	37.8	2.0	15
2021106353	2024-10-13	2	460.0	0.5	0.0	0	2100	0	36.7	3.0	16
2021106353	2024-11-02	6	0.0	0.8	2.0	0	2100	1	36.1	3.0	16
2021106353	2025-02-01	4	170.0	0.3	0.0	0	2100	0	36.6	3.0	11
2021106353	2025-02-23	13	0.0	2.3	0.0	0	2100	0	38.8	3.0	14
2021106353	2025-05-11	12	0.0	1.9	0.0	0	2100	2	38.0	5.0	16
2021106353	2025-05-31	3	290.0	0.5	2.0	0	2100	3	37.6	3.0	15
2021106353	2025-06-14	6	0.0	0.5	2.0	0	2100	0	38.2	5.0	16
2021106353	2025-09-15	3	394.1	1.3	1.0	0	1800	0	38.8	5.0	11
2021106353	2025-10-11	15	0.0	3.5	3.0	0	2100	2	40.3	5.0	16
2021106353	2025-12-13	7	0.0	0.6	1.0	0	1800	0	38.8	3.0	15
2021106353	2026-01-24	3	403.6	0.7	1.0	0	1800	0	39.4	3.0	10
2021106401	2025-10-25	14	0.0	4.3	0.0	0	1200	0	37.4	2.0	14
2021106401	2025-12-06	13	0.0	3.5	0.0	0	1200	0	37.9	2.0	13
2021106601	2024-01-14	7	0.0	1.4	0.0	1	1600	0	36.0	0.0	18
2021106601	2024-01-27	4	83.0	1.0	1.0	1	1800	0	36.5	1.0	9
2021106601	2024-03-24	2	220.0	0.5	3.0	1	1600	1	35.9	1.0	18
2021106601	2024-04-14	3	111.5	0.1	0.0	0	1400	0	37.3	1.0	15
2021106601	2024-06-15	3	140.0	0.2	0.0	1	1400	0	33.6	1.0	18
2021106601	2024-07-07	3	140.0	0.6	0.0	1	1800	0	37.0	1.0	16
2021106601	2024-08-03	11	0.0	1.6	0.0	1	2000	0	37.3	1.0	18
2021106601	2024-10-12	3	200.0	0.0	0.0	0	1200	0	36.6	2.0	13
2021106601	2024-12-22	1	1593.4	0.0	0.0	1	1400	0	33.7	3.0	17
2021106601	2025-03-02	3	290.0	0.3	1.0	0	1200	0	37.3	3.0	16
2021106601	2025-03-15	1	1588.5	0.0	2.0	0	1200	0	36.3	5.0	16
2021106601	2025-05-04	1	1869.4	0.0	0.0	1	1200	0	33.6	4.0	13
2021106601	2025-07-06	1	4163.7	0.0	0.0	1	1200	0	34.7		18
2021106601	2025-08-10	12	0.0	0.6	1.0	1	1200	0	33.3		17
2021106601	2025-09-28	15	0.0	1.3	0.0	1	1200	0	33.4		16
2021106601	2025-11-30	7	0.0	0.7	0.0	1	1200	0	33.8		18
2021106661	2023-12-09	1	400.0	0.0	0.0	0	1400	0	39.3	0.0	9
2021106661	2023-12-28	5	58.5	3.8	0.0	0	1800	0	40.9	5.0	6
2021106661	2024-03-21	3	65.0	0.1	0.0	0	1200	0	39.2		14
2021106661	2024-04-12	4	27.0	0.2	1.0	0	1400	1	39.5		13
2021106661	2024-04-26	8	0.0	1.7	1.0	0	1200	1	38.6		11
2021106661	2024-12-20	2	21.0	1.2	0.0	0	1700	0	39.4		11
2021106661	2025-01-19	11	0.0	1.8	0.0	1	1600	0	35.1	2.0	16
2021106661	2025-02-01	11	0.0	1.5	1.0	0	1400	0	37.7	2.0	15
2021106661	2025-03-01	4	120.0	0.2	1.0	1	1200	0	34.6	2.0	18
2021106661	2025-04-20	7	0.0	0.7	1.0	1	1200	0	34.3	5.0	15
2021106661	2025-05-25	2	320.0	0.0	1.0	1	1200	2	35.4	2.0	16
2021106661	2025-06-14	2	320.0	0.3	3.0	1	1200	1	34.5	2.0	16
2021106661	2025-07-06	1	1131.7	0.0	0.0	1	1200	0	33.8	5.0	8
2021106661	2025-07-20	9	0.0	1.1	0.0	1	1200	0	34.0	5.0	18
2021106661	2025-08-16	12	0.0	1.2	0.0	1	1200	0	32.9	5.0	13
2021106661	2025-08-24	3	463.1	0.6	0.0	1	1200	0	33.3	4.0	9
2021106661	2025-09-21	5	155.0	0.4	1.0	1	1200	0	33.3	5.0	10
2021106661	2025-11-29	6	0.0	0.6	0.0	1	1200	0	33.6	3.0	16
2021106661	2025-12-28	7	0.0	0.5	0.0	1	1200	0	33.5	4.0	10
2021106694	2023-07-23	4	110.0	0.4	0.0	1	2000	0	35.5	0.0	11
2021106694	2023-09-18	7	0.0	1.2	0.0	1	1800	0	35.2	1.0	11
2021106694	2023-12-16	1	550.0	0.0	1.0	1	2000	1	35.7	1.0	14
2021106694	2024-03-24	8	0.0	1.1	2.0	1	2200	1	36.6	2.0	10
2021106694	2024-04-07	13	0.0	2.4	0.0	0	1800	1	40.5	2.0	16
2021106694	2024-06-08	7	0.0	0.3	0.0	1	2000	0	36.1	2.0	13
2021106694	2024-06-29	3	200.0	0.2	0.0	1	2000	0	36.7	2.0	11
2021106694	2024-08-04	5	80.0	1.7	1.0	1	2000	2	37.5	2.0	10
2021106694	2024-08-24	6	0.0	1.0	0.0	1	2600	0	37.2	5.0	14
2021106694	2024-09-14	8	0.0	2.8	0.0	1	2500	0	38.4	2.0	10
2021106694	2025-01-26	1	800.0	0.0	0.0	0	2400	0	38.7	2.0	13
2021106694	2025-03-15	6	0.0	1.9	1.0	0	2400	2	41.3	5.0	14
2021106694	2025-04-13	5	155.0	0.7	3.0	0	2400	0	38.6	5.0	11
2021106694	2025-05-11	11	0.0	1.9	0.0	0	2100	2	37.8	5.0	16
2021106694	2025-05-25	2	460.0	0.2	1.0	0	1900	1	37.5	3.0	9
2021106694	2025-09-28	2	460.0	0.5	1.0	0	2000	0	38.7	3.0	14
2021106694	2025-10-25	3	395.3	0.8	1.0	0	1900	0	38.6	3.0	16
2021106694	2025-12-13	7	0.0	0.8	0.0	0	2000	0	36.9	5.0	14
2021106694	2026-01-11	3	403.5	0.6	0.0	0	1900	0	39.4	5.0	10
2021106759	2024-01-08	4	93.0	1.1	0.0	0	1800	0	39.9	0.0	16
2021106759	2024-03-10	3	140.0	0.9	0.0	0	1800	2	40.5	1.0	16
2021106759	2024-03-31	6	0.0	1.4	0.0	0	1800	2	40.3	1.0	13
2021106759	2024-05-18	1	550.0	0.0	0.0	0	1600	0	36.9	1.0	16
2021106759	2024-06-30	2	320.0	0.7	1.0	0	1700	0	37.6	2.0	13
2021106759	2024-08-10	15	0.0	4.2	0.0	0	1800	0	40.1	2.0	15
2021106759	2024-09-08	10	0.0	1.3	0.0	0	1800	0	40.2	2.0	16
2021106759	2024-12-01	9	0.0	2.2	0.0	0	1800	0	39.0	2.0	12
2021106759	2025-02-08	7	0.0	0.9	0.0	0	1600	0	37.8	2.0	16
2021106759	2025-03-16	5	80.0	0.7	3.0	0	1200	3	36.4	2.0	16
2021106759	2025-03-30	12	0.0	0.9	0.0	0	1200	2	36.0	2.0	16
2021106759	2025-04-26	3	200.0	0.3	1.0	0	1400	2	36.2	2.0	14
2021106759	2025-05-10	12	0.0	1.4	1.0	0	1300	1	35.0	2.0	16
2021106759	2025-09-15	4	120.0	1.1	1.0	0	1200	0	37.0	2.0	16
2021106759	2025-10-04	7	0.0	0.7	1.0	0	1400	0	36.7	2.0	16
2021106759	2025-10-26	5	80.0	1.2	3.0	0	1200	2	36.0	2.0	13
2021106759	2025-11-15	12	0.0	1.3	0.0	0	1150	0	37.0	2.0	16
2021106935	2023-06-07	1	250.0	0.0	1.0	0	1200	2	39.2	0.0	7
2021106935	2023-06-28	1	100.0	0.0	0.0	0	1700	2	39.1	5.0	6
2021106935	2023-08-10	3	105.0	0.5	1.0	0	1700	2	41.1	18.0	8
2021106935	2023-10-11	1	1500.0	0.0	0.0	0	1500	2	41.1	18.0	11
2021106935	2023-11-09	6	0.0	0.4	0.0	0	1700	2	42.0	5.0	9
2021106935	2023-12-13	3	840.0	2.0	0.0	0	1600	2	41.9		12
2021106935	2024-02-14	3	400.0	0.7	0.0	0	1800	0	40.2		16
2021106935	2024-03-20	1	3000.0	0.0	1.0	0	1700	0	39.9		9
2021106935	2024-09-04	1	3000.0	0.0	0.0	0	2100	1	40.0	18.0	13
2021106935	2024-10-02	7	0.0	1.9	0.0	0	2000	0	39.7		15
2021106935	2025-02-24	6	0.0	1.5	0.0	0	1500	0	38.9		10
2021106935	2025-06-03	1	800.0	0.0	3.0	0	1800	3	38.9	5.0	9
2021106935	2025-08-27	1	1500.0	0.0	0.0	0	1800	0	36.5	18.0	9
2021106935	2025-11-03	3	2000.0	1.6	0.0	0	1800	2	40.7		13
2021110014	2023-06-04	3	180.0	0.1	0.0	1	1400	0	34.4	0.0	8
2021110014	2023-06-25	3	140.0	0.6	0.0	1	1600	0	35.6	1.0	6
2021110014	2023-09-17	5	55.0	0.4	0.0	1	1400	0	35.6	1.0	13
2021110014	2023-11-26	4	83.0	0.9	1.0	0	1200	0	37.8	1.0	16
2021110014	2023-12-09	7	0.0	1.7	0.0	0	1200	0	38.7	1.0	13
2021110014	2024-01-23	1	200.0	0.0	0.0	0	1400	1	41.3		10
2021110014	2024-02-10	12	0.0	1.9	0.0	1	1600	0	36.1		13
2021110014	2024-03-10	11	0.0	2.7	0.0	0	1400	0	39.2	2.0	14
2021110014	2024-03-24	11	0.0	1.6	3.0	0	1200	3	36.2	2.0	12
2021110014	2024-08-17	10	0.0	0.5	0.0	1	1200	0	34.3	2.0	18
2021110014	2024-10-14	3	285.6	0.0	0.0	1	1000	0	33.0	5.0	17
2021110014	2024-11-10	10	0.0	1.3	0.0	1	1200	0	36.8	2.0	16
2021110014	2025-01-26	5	111.0	0.4	0.0	1	1200	0	35.1	5.0	18
2021110014	2025-02-22	17	0.0	1.5	0.0	1	1200	0	34.8	5.0	18
2021110014	2025-03-30	5	80.0	0.2	1.0	1	1400	0	35.2	2.0	17
2021110014	2025-04-20	4	170.0	0.6	1.0	1	1200	0	34.9	5.0	15
2021110014	2025-05-18	8	0.0	0.4	1.0	1	1000	0	33.7	5.0	16
2021110014	2025-10-25	11	0.0	0.8	1.0	1	1000	0	32.6	5.0	18
2021110126	2023-09-30	5	72.0	0.7	0.0	1	1400	0	34.2	0.0	18
2021110126	2023-10-14	3	140.0	0.4	1.0	1	1600	0	35.1	1.0	11
2021110126	2023-11-12	8	0.0	0.6	1.0	1	1600	0	36.6	1.0	13
2021110126	2024-02-11	1	550.0	0.0	0.0	0	1200	0	36.1	1.0	16
2021110126	2024-02-25	4	120.0	0.8	2.0	0	1200	3	35.9	2.0	10
2021110126	2024-06-15	1	800.0	0.0	1.0	0	1200	0	35.4	2.0	16
2021110126	2024-08-25	2	630.6	0.0	1.0	0	1200	0	36.2	5.0	15
2021110126	2024-09-22	1	1140.0	0.0	1.0	0	1200	0	35.5	3.0	10
2021110126	2024-11-02	1	1879.9	0.0	3.0	0	1200	3	35.1	4.0	16
2021110126	2024-12-08	9	0.0	0.5	0.0	0	1200	0	36.7		15
2021110126	2025-02-09	2	889.6	0.4	0.0	0	1200	2	35.7	5.0	16
2021110126	2025-03-23	11	0.0	0.6	0.0	0	1200	0	36.3	5.0	16
2021110126	2025-04-26	2	888.8	0.1	0.0	0	1200	0	34.9	5.0	14
2021110126	2025-05-24	2	889.8	0.0	1.0	0	1400	0	35.0	5.0	16
2021110126	2025-06-21	4	330.0	0.1	0.0	0	1400	0	36.9	5.0	16
2021110126	2025-07-27	2	1516.4	0.6	0.0	0	1400	0	35.7		16
2021110126	2025-09-06	1	2430.8	0.0	0.0	0	1400	2	36.0		14
2021110126	2025-10-26	1	2236.4	0.0	2.0	0	1400	3	34.8	5.0	16
2022100087	2025-01-06	8	0.0	1.7	1.0	0	1400	0	39.5	0.0	16
2022100087	2025-03-23	13	0.0	2.3	0.0	0	1200	0	39.0	1.0	16
2022100087	2025-06-22	4	84.0	0.9	1.0	0	1400	0	39.5	1.0	16
2022100087	2025-08-24	6	0.0	1.2	0.0	0	1400	0	39.3	1.0	16
2022100087	2025-10-02	1	70.0	0.0	0.0	0	1400	2	40.8	10.0	10
2022100087	2025-11-04	3	32.5	0.1	0.0	0	1400	2	39.4	13.0	11
2022100087	2025-12-02	1	100.0	0.0	0.0	0	1230	0	39.0	11.0	8
2022100091	2024-09-21	3	180.0	0.4	0.0	0	1200	0	38.7	0.0	10
2022100091	2024-10-26	8	0.0	1.3	1.0	0	1400	0	39.6	1.0	13
2022100091	2024-11-30	5	55.0	2.9	0.0	0	1800	2	41.8	1.0	14
2022100091	2024-12-14	7	0.0	1.0	2.0	0	1200	0	39.7	1.0	15
2022100091	2025-01-25	7	0.0	1.8	0.0	0	1000	0	36.8	1.0	12
2022100091	2025-02-09	2	220.0	0.2	1.0	0	1000	2	35.7	1.0	14
2022100091	2025-02-23	1	560.0	0.0	0.0	0	1000	0	36.2	1.0	14
2022100091	2025-04-26	15	0.0	1.5	0.0	1	1200	0	35.5	2.0	16
2022100091	2025-06-15	4	120.0	0.6	1.0	0	1000	0	35.3	2.0	9
2022100091	2025-06-28	10	0.0	1.0	0.0	0	1000	2	36.8	2.0	12
2022100091	2025-07-05	9	0.0	1.9	0.0	1	1200	2	35.8	2.0	9
2022100091	2025-08-30	7	0.0	1.3	1.0	0	1000	1	34.7	2.0	12
2022100091	2025-10-25	8	0.0	0.9	0.0	0	1200	0	38.6	2.0	15
2022100091	2025-11-22	5	80.0	0.4	0.0	0	1150	0	37.9	2.0	16
2022100329	2025-01-05	15	0.0	4.9	0.0	0	1800	0	39.3	0.0	16
2022100329	2025-01-11	15	0.0	4.9	0.0	0	1800	0	41.1	1.0	16
2022100329	2025-05-24	13	0.0	5.4	2.0	0	1800	0	43.0	1.0	16
2022100329	2025-08-02	3	140.0	1.1	0.0	0	1400	0	38.5	1.0	16
2022100329	2025-08-16	2	220.0	0.1	0.0	0	1400	0	37.3	1.0	16
2022100329	2025-08-31	5	56.0	1.2	0.0	0	1400	0	39.5	1.0	16
2022100329	2025-09-14	4	84.0	0.3	1.0	0	1200	0	37.1	1.0	15
2022100329	2025-10-26	10	0.0	1.2	3.0	0	1200	1	37.7	2.0	12
2022100476	2024-11-09	4	110.0	3.3	0.0	0	1800	0	39.4	0.0	15
2022100476	2024-11-24	4	83.0	1.1	1.0	0	1800	0	40.2	1.0	13
2022100476	2025-02-23	2	220.0	0.3	0.0	0	1400	0	37.3	1.0	16
2022100476	2025-03-16	5	56.0	1.2	1.0	0	1400	1	37.0	1.0	16
2022100476	2025-04-06	1	560.0	0.0	0.0	0	1400	0	37.5	1.0	16
2022100614	2024-10-05	4	110.0	0.4	1.0	1	1400	0	34.7	0.0	18
2022100614	2024-11-10	3	140.0	0.4	1.0	1	1400	0	34.6	1.0	11
2022100614	2024-11-24	4	83.0	0.8	0.0	1	1600	0	35.7	1.0	18
2022100614	2024-12-14	12	0.0	1.0	0.0	1	1400	0	35.5	1.0	18
2022100614	2025-03-16	9	0.0	3.0	3.0	1	1600	1	39.5	1.0	16
2022100614	2025-04-26	4	84.0	0.3	1.0	1	1400	0	34.1	1.0	18
2022100614	2025-05-24	6	0.0	0.3	1.0	1	1400	0	36.2	1.0	16
2022100614	2025-07-12	2	220.0	0.3	0.0	1	1200	0	34.8	1.0	14
2022100614	2025-07-27	3	140.0	0.0	1.0	1	1200	1	35.1	1.0	14
2022100614	2025-08-09	1	560.0	0.0	0.0	1	1200	2	34.6	1.0	15
2022100614	2025-11-22	11	0.0	0.6	0.0	1	1200	0	34.7	2.0	16
2022100623	2024-09-16	2	290.0	0.1	0.0	0	1400	2	36.6	0.0	14
2022100623	2024-10-06	1	550.0	0.0	0.0	0	1400	0	37.5	1.0	11
2022100623	2025-02-23	6	0.0	1.2	0.0	0	1600	0	36.7		10
2022100623	2025-04-13	12	0.0	1.8	2.0	0	1400	0	39.1	2.0	16
2022100623	2025-05-04	1	800.0	0.0	0.0	0	1400	0	36.8	2.0	15
2022100623	2025-09-21	1	1140.0	0.0	1.0	0	1400	0	35.7	3.0	15
2022100623	2025-10-19	3	465.1	0.3	1.0	0	1400	0	35.3	4.0	16
2022100623	2025-11-16	1	1871.5	0.0	0.0	0	1400	0	35.9	4.0	14
2022100623	2025-12-21	1	2234.3	0.0	1.0	0	1400	2	35.8	5.0	16
2022100632	2024-08-17	2	290.0	0.1	0.0	1	1400	0	35.0	0.0	18
2022100632	2024-09-14	5	55.0	0.4	0.0	1	1600	0	35.3	1.0	15
2022100632	2024-11-30	4	83.0	0.4	0.0	1	1400	0	35.2	1.0	12
2022100632	2024-12-22	2	220.0	0.1	1.0	1	1400	0	35.6	1.0	18
2022100632	2025-01-06	12	0.0	1.3	1.0	1	1400	0	37.7	1.0	18
2022100632	2025-02-15	2	220.0	0.5	0.0	1	1200	0	35.1	1.0	18
2022100632	2025-04-12	1	560.0	0.0	1.0	1	1200	0	35.0	1.0	16
2022100632	2025-06-14	2	320.0	0.3	0.0	1	1200	0	34.9	2.0	14
2022100632	2025-06-28	4	170.0	0.4	0.0	1	1200	0	34.8	5.0	8
2022100632	2025-07-13	8	0.0	1.7	0.0	1	1200	0	37.9	2.0	8
2022100632	2025-08-17	1	1147.1	0.0	1.0	1	1200	2	34.5	5.0	16
2022100632	2025-09-06	3	395.0	0.2	1.0	1	1200	0	34.5	3.0	16
2022100632	2025-11-29	10	0.0	0.8	0.0	1	1200	0	33.9	3.0	16
2022100637	2024-11-10	6	0.0	1.9	0.0	1	2000	0	36.2	0.0	10
2022100637	2024-12-01	3	140.0	0.8	0.0	1	2000	0	35.1	1.0	8
2022100637	2025-01-18	12	0.0	2.1	0.0	1	2000	0	36.8	1.0	18
2022100637	2025-03-15	9	0.0	0.9	2.0	1	1800	0	34.3	1.0	18
2022100637	2025-05-03	3	140.0	0.5	0.0	1	2400	0	37.2	1.0	16
2022100637	2025-05-25	15	0.0	5.6	2.0	1	2200	2	42.4	1.0	16
2022100637	2025-11-11	1	100.0	0.0	1.0	0	1600	2	39.9	10.0	13
2022100637	2025-12-01	1	180.0	0.0	0.0	0	1800	0	38.2	5.0	16
2022100688	2025-02-22	13	0.0	4.0	0.0	0	1400	0	38.5	0.0	15
2022100688	2025-03-16	5	56.0	3.3	2.0	0	1800	2	39.1	1.0	11
2022100688	2025-03-29	5	56.0	0.6	0.0	0	2000	2	38.9	1.0	12
2022100688	2025-04-19	2	220.0	0.1	0.0	0	2000	0	37.8	1.0	16
2022100688	2025-11-15	11	0.0	2.1	0.0	0	2400	0	41.2	2.0	16
2022100688	2025-12-06	4	120.0	0.9	0.0	0	1800	0	37.9	2.0	16
2022100688	2026-01-12	14	0.0	3.3	0.0	0	1900	0	39.8	2.0	15
2022100688	2026-01-18	8	0.0	1.2	0.0	0	1900	0	38.8	2.0	11
2022100997	2025-03-08	11	0.0	5.8	0.0	0	1800	0	41.9	1.0	12
2022100997	2025-04-24	4	21.0	0.8	0.0	0	1500	2	40.2		11
2022100997	2025-05-10	3	140.0	0.5	2.0	0	1600	1	36.0	1.0	15
2022100997	2025-05-25	11	0.0	1.9	1.0	0	1400	3	37.1	1.0	16
2022100997	2025-06-21	4	84.0	1.6	0.0	0	1700	0	39.1	1.0	13
2022100997	2025-07-13	7	0.0	2.4	0.0	0	1700	0	40.8	1.0	13
2022100997	2025-07-26	2	220.0	0.3	1.0	0	1700	0	38.8	1.0	14
2022100997	2025-08-10	2	220.0	0.1	0.0	0	1700	2	39.9	1.0	14
2022100997	2025-08-24	1	560.0	0.0	0.0	0	1700	0	38.7	1.0	14
2022100997	2025-09-07	5	80.0	1.2	0.0	0	1700	2	39.9	2.0	14
2022100997	2026-01-05	14	0.0	4.6	0.0	0	1800	0	42.4	2.0	15
2022100997	2026-01-17	7	0.0	3.0	0.0	0	1800	0	39.6	2.0	8
2022101060	2024-06-15	4	110.0	1.0	0.0	0	1400	0	38.4	0.0	15
2022101060	2024-09-15	3	140.0	1.9	0.0	0	1800	0	40.8	1.0	13
2022101060	2024-11-24	6	0.0	1.1	0.0	0	1600	0	37.4	1.0	16
2022101060	2024-12-21	3	140.0	0.8	0.0	0	1200	0	38.7	1.0	16
2022101060	2025-01-12	1	560.0	0.0	1.0	0	1200	0	37.9	1.0	16
2022101060	2025-03-09	13	0.0	1.7	0.0	0	1200	1	37.8	2.0	15
2022101060	2025-03-30	11	0.0	1.2	0.0	0	1200	2	36.4	2.0	16
2022101060	2025-04-26	16	0.0	2.9	1.0	0	1600	2	37.9	2.0	16
2022101060	2025-11-30	4	120.0	1.0	0.0	0	1400	0	37.3	2.0	16
2022101060	2025-12-28	11	0.0	1.7	0.0	0	1200	0	38.7	2.0	16
2022101126	2025-03-08	5	56.0	0.9	0.0	0	1400	0	39.9	1.0	16
2022101126	2025-03-23	2	220.0	0.5	0.0	0	1400	0	38.4	1.0	16
2022101126	2025-06-07	7	0.0	1.2	0.0	0	1400	0	38.8	1.0	15
2022101126	2025-08-09	4	84.0	0.5	1.0	0	1200	0	37.5	1.0	16
2022101126	2025-08-23	8	0.0	1.0	0.0	0	1200	0	38.5	1.0	16
2022101126	2025-10-08	1	100.0	0.0	0.0	0	1400	0	38.7	10.0	10
2022101126	2025-10-24	1	100.0	0.0	3.0	0	1400	1	38.0	10.0	12
2022101126	2025-11-12	2	80.0	0.0	0.0	0	1400	2	37.5	5.0	11
2022101204	2024-10-20	11	0.0	2.2	0.0	1	1200	0	35.2	0.0	17
2022101204	2024-12-28	4	83.0	0.7	0.0	0	1200	0	38.0	1.0	16
2022101204	2025-01-19	7	0.0	1.6	0.0	0	1200	0	38.7	1.0	16
2022101204	2025-03-06	3	14.0	1.4	1.0	0	1400	2	39.6	5.0	8
2022101204	2025-04-05	11	0.0	2.5	0.0	0	1800	1	41.4	1.0	15
2022101204	2025-05-24	6	0.0	1.9	1.0	0	1200	0	37.1	1.0	15
2022101204	2025-06-15	9	0.0	0.8	2.0	0	1400	1	36.3	1.0	16
2022101204	2025-07-06	6	0.0	1.4	1.0	0	1000	2	35.2	1.0	12
2022101204	2025-07-26	4	84.0	0.1	1.0	0	1000	0	35.3	1.0	12
2022101204	2025-08-10	3	140.0	0.2	0.0	0	1000	2	35.7	1.0	12
2022101204	2025-08-23	3	140.0	0.1	0.0	0	1000	1	34.8	1.0	12
2022101204	2025-09-06	1	560.0	0.0	0.0	0	1000	0	35.7	1.0	12
2022101230	2025-01-25	2	250.0	0.1	1.0	1	2000	0	35.2	0.0	18
2022101230	2025-02-08	2	220.0	0.2	0.0	1	2400	0	35.4	1.0	18
2022101230	2025-03-08	1	560.0	0.0	1.0	1	2000	0	35.4	1.0	15
2022101230	2025-05-04	10	0.0	1.1	0.0	1	2000	0	34.9		14
2022101230	2025-06-29	3	1007.0	0.2	0.0	1	1800	0	35.0		14
2022101230	2025-07-19	2	449.4	0.8	0.0	1	1800	0	34.8	5.0	14
2022101230	2025-09-28	2	320.0	0.1	0.0	1	1600	0	34.6	2.0	16
2022101230	2025-10-26	4	120.0	0.1	1.0	1	1600	2	33.3	2.0	15
2022101230	2025-11-15	2	452.6	0.0	0.0	1	1800	0	36.0	5.0	16
2022101259	2024-12-22	2	290.0	0.0	0.0	1	1600	0	35.6	0.0	15
2022101259	2025-01-19	1	560.0	0.0	2.0	1	1600	0	35.2	1.0	16
2022101259	2025-04-06	7	0.0	1.1	1.0	1	1600	0	35.1	2.0	9
2022101259	2025-05-03	5	80.0	0.5	0.0	1	1400	0	33.1	2.0	9
2022101259	2025-09-07	15	0.0	2.0	0.0	1	1200	2	36.5	2.0	16
2022101259	2025-10-05	15	0.0	1.2	0.0	1	1400	0	34.2	2.0	18
2022101259	2026-01-11	13	0.0	3.2	0.0	1	1600	0	37.7	2.0	16
2022101418	2024-08-18	5	72.0	0.8	0.0	1	1600	0	35.9	0.0	16
2022101418	2024-10-26	12	0.0	3.0	1.0	1	1600	0	38.0	1.0	12
2022101418	2025-06-07	6	0.0	1.1	0.0	0	1400	0	38.6	1.0	15
2022101418	2025-07-19	1	560.0	0.0	1.0	0	1000	0	35.5	1.0	12
2022101418	2025-12-07	11	0.0	3.4	0.0	0	1200	0	40.8	2.0	11
2022101431	2024-12-28	5	72.0	0.9	0.0	0	1200	0	39.7	0.0	16
2022101431	2025-01-12	11	0.0	2.3	1.0	0	1400	0	39.5	1.0	16
2022101431	2025-01-18	5	56.0	3.8	0.0	0	1800	0	41.2	1.0	11
2022101431	2025-02-02	11	0.0	4.3	1.0	0	1700	3	42.7	1.0	15
2022101431	2025-04-19	1	560.0	0.0	0.0	1	1200	0	35.0	1.0	16
2022101431	2025-06-28	9	0.0	1.3	0.0	1	1200	0	36.0	2.0	14
2022101431	2025-10-18	13	0.0	1.8	1.0	0	1200	0	39.4	2.0	15
2022101431	2025-11-22	7	0.0	0.3	0.0	1	1200	0	35.1	2.0	16
2022101473	2024-11-23	8	0.0	3.7	1.0	0	1800	0	41.2	0.0	11
2022101473	2025-02-16	7	0.0	1.7	1.0	0	1700	0	38.4	1.0	16
2022101473	2025-03-01	4	84.0	1.2	1.0	0	1800	0	41.1	1.0	12
2022101473	2025-03-15	4	84.0	1.1	1.0	0	1800	0	37.6	1.0	12
2022101473	2025-07-20	3	140.0	1.3	0.0	0	1700	2	39.6	1.0	16
2022101473	2025-08-10	8	0.0	1.3	1.0	0	1800	0	39.8	1.0	15
2022101473	2025-08-31	4	120.0	0.5	1.0	0	1700	2	37.0	2.0	13
2022101473	2025-09-06	1	560.0	0.0	0.0	0	1700	0	38.8	1.0	14
2022101495	2024-11-09	12	0.0	1.3	0.0	1	2000	0	37.0	0.0	16
2022101495	2024-12-07	12	0.0	1.3	0.0	1	2000	0	37.0	1.0	15
2022101495	2025-01-26	5	56.0	0.4	0.0	1	2000	0	36.3	1.0	17
2022101495	2025-02-01	7	0.0	0.7	3.0	1	2000	2	36.7	1.0	12
2022101495	2025-02-23	3	140.0	0.2	2.0	1	2000	0	35.9	1.0	13
2022101495	2025-04-13	2	220.0	0.3	1.0	1	2600	0	37.3	1.0	16
2022101495	2025-05-03	4	84.0	0.7	0.0	1	2400	0	36.6	1.0	16
2022101495	2025-06-15	5	56.0	1.3	0.0	1	2600	0	36.2	1.0	10
2022101495	2025-06-28	4	84.0	0.7	0.0	1	2000	2	36.3	1.0	13
2022101495	2025-08-03	3	140.0	0.4	0.0	1	2000	0	34.8	1.0	16
2022101495	2025-08-17	2	220.0	0.3	3.0	1	2000	0	35.8	1.0	15
2022101495	2025-08-24	5	56.0	1.0	0.0	1	2600	0	39.2	1.0	13
2022101495	2025-09-06	16	0.0	3.6	0.0	1	2000	0	39.6	1.0	16
2022101580	2024-09-08	4	110.0	0.7	0.0	1	2000	0	34.3	0.0	7
2022101580	2024-10-13	4	83.0	0.9	0.0	1	2000	0	36.3	1.0	9
2022101580	2024-11-16	3	140.0	0.2	0.0	1	1800	0	35.9	1.0	16
2022101580	2025-02-01	4	84.0	0.4	3.0	1	2000	2	35.4	1.0	12
2022101580	2025-02-22	5	56.0	1.0	0.0	1	2400	0	35.1	1.0	15
2022101580	2025-04-13	6	0.0	0.6	3.0	1	2000	0	35.2	1.0	18
2022101580	2025-05-03	5	56.0	2.2	0.0	0	1800	1	40.6	1.0	15
2022101580	2025-07-20	7	0.0	0.7	0.0	1	1800	0	34.9	1.0	14
2022101580	2025-08-09	7	0.0	1.1	0.0	1	2000	2	36.1	1.0	15
2022101580	2025-09-17	1	150.0	0.0	1.0	0	1870	0	38.6	5.0	8
2022101580	2025-11-22	9	0.0	1.6	0.0	0	1800	0	38.3	2.0	16
2022101580	2025-12-13	6	0.0	0.9	1.0	0	1800	0	37.4	2.0	16
2022101623	2024-07-21	1	720.0	0.0	0.0	1	1200	0	35.0	0.0	11
2022101623	2024-09-01	5	310.0	0.6	1.0	1	1200	1	34.7		13
2022101623	2024-10-05	6	0.0	0.4	0.0	1	1400	0	34.4	2.0	10
2022101623	2024-11-30	2	435.6	0.3	0.0	1	1200	0	34.0	2.0	9
2022101623	2025-01-25	1	1135.2	0.0	0.0	1	1200	0	34.7	2.0	12
2022101623	2025-02-23	6	0.0	0.6	1.0	1	1200	0	33.9		8
2022101623	2025-05-31	1	4156.7	0.0	1.0	1	1200	0	33.6		16
2022101623	2025-07-06	3	1009.1	0.1	0.0	1	1200	0	34.7		18
2022101623	2025-09-07	6	0.0	0.4	0.0	1	1200	0	33.9		16
2022101623	2025-11-30	6	0.0	0.6	0.0	1	1200	0	33.7		18
2022101678	2025-03-29	8	0.0	2.0	0.0	0	1400	2	39.6	1.0	16
2022101678	2025-07-12	7	0.0	0.4	0.0	1	1800	0	36.4	1.0	16
2022101678	2025-08-09	14	0.0	6.8	0.0	0	1700	1	44.3	1.0	14
2022101678	2025-12-06	4	120.0	0.3	0.0	0	1800	0	38.9	2.0	15
2022101678	2026-01-04	5	82.0	0.9	1.0	0	1800	0	38.2	2.0	10
2022101733	2024-09-14	9	0.0	2.9	0.0	0	1800	0	40.1	0.0	16
2022101733	2024-09-28	8	0.0	3.2	1.0	0	1800	0	41.0	1.0	16
2022101733	2025-05-10	4	84.0	1.3	2.0	0	1600	1	35.7	1.0	15
2022101733	2025-06-01	8	0.0	0.9	0.0	0	1600	1	35.8	1.0	16
2022101733	2025-06-22	8	0.0	1.5	0.0	0	1600	0	36.9	1.0	16
2022101733	2025-07-27	4	84.0	0.9	0.0	0	1200	0	36.6	1.0	15
2022101733	2025-08-17	7	0.0	0.8	0.0	0	1200	0	36.8	1.0	15
2022101733	2025-09-17	1	280.0	0.0	0.0	0	1200	0	37.1	11.0	14
2022101733	2025-10-11	8	0.0	1.5	2.0	0	1400	2	37.1	2.0	16
2022101733	2025-12-20	11	0.0	1.0	2.0	0	1400	2	37.3	2.0	15
2022101920	2024-07-28	3	180.0	0.5	1.0	1	1600	0	34.4	0.0	12
2022101920	2024-09-22	8	0.0	2.0	1.0	1	1800	0	35.7	1.0	13
2022101920	2024-11-23	4	83.0	0.4	0.0	1	1400	0	35.4	1.0	18
2022101920	2024-12-14	9	0.0	1.3	0.0	0	1200	0	40.3	1.0	16
2022101920	2025-02-16	4	84.0	0.1	1.0	1	1200	0	35.0	1.0	18
2022101920	2025-04-20	4	84.0	0.4	1.0	1	1200	0	34.5	1.0	16
2022101920	2025-05-11	1	560.0	0.0	1.0	1	1000	2	34.3	1.0	16
2022101920	2025-10-25	3	285.5	0.2	1.0	1	1000	0	32.4	5.0	18
2022102138	2024-11-09	2	290.0	2.0	0.0	0	1800	0	38.1	0.0	15
2022102138	2024-12-07	1	550.0	0.0	1.0	0	1800	0	37.4	1.0	10
2022102138	2025-01-18	16	0.0	2.5	0.0	0	1800	0	39.7	2.0	16
2022102138	2025-03-02	8	0.0	0.5	2.0	1	1600	0	34.7		14
2022102138	2025-04-13	8	0.0	1.7	3.0	1	2000	2	37.1		8
2022102138	2025-09-15	10	0.0	0.9	0.0	0	1400	0	37.4	2.0	15
2022102138	2025-10-13	1	800.0	0.0	0.0	0	1800	0	37.3	2.0	13
2022102218	2025-04-05	3	140.0	0.0	0.0	0	1800	0	38.9	1.0	16
2022102218	2025-04-26	9	0.0	1.5	0.0	0	1800	0	40.1	1.0	16
2022102218	2025-06-21	1	560.0	0.0	0.0	0	1700	0	38.3	1.0	13
2022102218	2025-07-13	3	200.0	0.3	0.0	0	1700	0	37.5	2.0	12
2022102218	2026-01-11	1	820.0	0.0	0.0	0	1800	0	36.4	2.0	14
2022102228	2024-10-05	3	180.0	2.2	0.0	0	1400	2	38.5	0.0	16
2022102228	2024-11-03	3	140.0	1.2	0.0	0	1400	1	39.2	1.0	13
2022102228	2024-11-16	3	140.0	1.5	0.0	0	1700	0	38.2	1.0	15
2022102228	2025-02-08	1	560.0	0.0	5.0	0	1700	2	37.8	1.0	15
2022102228	2025-04-26	2	320.0	0.1	0.0	0	1800	0	38.1	2.0	12
2022102228	2025-05-18	2	320.0	0.1	0.0	0	1800	1	35.7	2.0	13
2022102228	2025-07-06	4	120.0	0.7	0.0	0	1700	0	38.1	2.0	16
2022102228	2025-07-26	3	200.0	0.1	0.0	0	1800	0	37.9	2.0	11
2022102228	2025-10-26	1	800.0	0.0	3.0	0	1800	2	37.5	2.0	12
2022102228	2025-11-08	2	628.2	0.4	0.0	0	2100	0	36.9	3.0	13
2022102228	2026-01-11	4	240.0	0.6	0.0	0	1900	0	37.6	5.0	10
2022102260	2024-12-14	2	290.0	0.0	0.0	0	1800	0	38.8	0.0	15
2022102260	2024-12-28	2	220.0	0.1	0.0	0	1800	0	39.7	1.0	16
2022102260	2025-01-13	1	560.0	0.0	0.0	0	1800	0	40.6	1.0	16
2022102260	2025-03-02	10	0.0	1.4	0.0	0	1800	0	38.9	2.0	16
2022102260	2025-03-23	11	0.0	3.1	0.0	0	1800	0	39.9	2.0	16
2022102260	2025-10-12	2	320.0	0.1	1.0	0	1600	0	36.8	2.0	16
2022102260	2025-10-26	7	0.0	1.1	2.0	0	1600	3	36.1	2.0	16
2022102262	2024-07-20	10	0.0	3.0	1.0	1	2000	0	37.8	0.0	10
2022102262	2024-10-19	7	0.0	0.7	0.0	0	1400	0	37.8	1.0	15
2022102262	2024-11-03	3	140.0	0.7	0.0	0	1600	1	38.6	1.0	15
2022102262	2024-11-24	4	83.0	1.0	0.0	0	1600	0	37.4	1.0	16
2022102262	2025-07-21	1	180.0	0.0	0.0	0	1400	0	37.4		9
2022102262	2025-08-25	1	160.0	0.0	0.0	0	1500	0	41.0	5.0	14
2022102262	2025-10-25	5	80.0	1.5	3.0	0	1400	2	36.7	2.0	16
2022102262	2025-11-09	2	320.0	0.6	2.0	0	1600	2	37.3	2.0	16
2022102262	2025-11-29	4	120.0	0.6	0.0	0	1600	0	36.9	2.0	16
2022102262	2025-12-21	10	0.0	1.0	1.0	0	1800	1	38.7	2.0	15
2022102594	2024-08-10	8	0.0	2.1	0.0	1	1200	0	35.5	0.0	14
2022102594	2024-12-01	3	140.0	0.8	0.0	0	1200	0	38.1	1.0	15
2022102594	2024-12-14	8	0.0	1.2	2.0	0	1200	0	39.7	1.0	15
2022102594	2025-03-01	9	0.0	1.5	1.0	0	1200	0	39.2	1.0	16
2022102594	2025-03-23	6	0.0	0.9	0.0	0	1200	0	38.6	1.0	16
2022102594	2025-04-22	5	8.5	1.9	0.0	0	1500	0	39.8	1.0	9
2022102594	2025-06-28	9	0.0	1.9	0.0	0	1000	0	36.5	1.0	14
2022102594	2025-08-25	1	50.0	0.0	1.0	0	1200	0	37.2	10.0	12
2022102594	2025-09-16	3	12.0	1.2	0.0	0	1400	2	39.5	11.0	11
2022102594	2025-10-05	2	17.5	0.6	1.0	0	1400	2	39.1	11.0	10
2022102594	2025-10-21	1	50.0	0.0	1.0	0	1200	2	36.3	11.0	11
2022102594	2025-11-04	1	50.0	0.0	0.0	0	1000	2	35.6	11.0	12
2022102594	2025-11-25	1	60.0	0.0	1.0	0	850	2	35.6	13.0	9
2022102594	2025-12-08	1	60.0	0.0	2.0	0	850	3	35.0	13.0	10
2022102769	2024-11-10	12	0.0	3.3	1.0	0	1300	0	36.1	0.0	16
2022102769	2025-02-15	8	0.0	0.6	0.0	0	1400	0	38.3	1.0	16
2022102769	2025-03-23	5	56.0	1.7	0.0	0	1200	2	38.2	1.0	16
2022102769	2025-04-26	10	0.0	1.0	1.0	0	1400	2	37.2	1.0	16
2022102769	2025-05-24	5	56.0	0.7	1.0	0	1400	0	35.6	1.0	16
2022102769	2025-06-07	2	220.0	0.9	0.0	0	1600	0	36.0	1.0	16
2022102769	2025-06-21	4	84.0	0.9	0.0	0	1600	0	36.5	1.0	16
2022102769	2025-07-20	13	0.0	3.3	0.0	0	1700	0	40.7	1.0	15
2022102769	2025-09-25	2	22.0	1.2	1.0	0	1600	0	39.8		9
2022102769	2025-10-10	2	16.0	1.4	0.0	0	1400	0	40.3		10
2022102769	2025-11-06	1	40.0	0.0	0.0	0	1400	0	38.5		10
2022102769	2025-12-03	1	60.0	0.0	1.0	0	1600	0	38.5	5.0	10
2022102878	2024-06-30	6	0.0	0.7	1.0	1	1800	0	35.9	0.0	11
2022102878	2024-08-18	7	0.0	0.8	1.0	1	1500	0	37.0	1.0	9
2022102878	2024-08-24	5	55.0	1.2	0.0	1	1200	0	35.5	1.0	7
2022102878	2024-08-31	3	140.0	0.5	1.0	1	1200	1	35.9	1.0	13
2022102878	2024-12-22	6	0.0	0.3	0.0	1	1200	0	36.1	1.0	16
2022102878	2025-01-13	8	0.0	1.4	0.0	1	1200	0	34.9	2.0	11
2022102878	2025-02-09	2	220.0	0.5	0.0	1	1200	2	35.6	1.0	17
2022102878	2025-02-22	8	0.0	0.9	1.0	1	1200	0	34.6	1.0	18
2022102878	2025-04-12	5	56.0	1.1	1.0	1	1200	0	35.4	1.0	16
2022102878	2025-05-03	2	220.0	0.4	0.0	1	1400	0	36.7	1.0	16
2022102878	2025-05-24	7	0.0	0.9	1.0	1	1400	0	36.6	1.0	16
2022102878	2025-06-26	1	80.0	0.0	1.0	0	1230	1	40.9	11.0	11
2022102878	2025-07-16	1	70.0	0.0	0.0	0	1400	2	39.2	10.0	8
2022102878	2025-08-08	5	11.0	0.6	1.0	0	1400	1	41.3	11.0	10
2022102878	2025-11-09	3	200.0	0.4	2.0	1	1200	0	35.0	2.0	16
2022102878	2025-11-22	9	0.0	0.4	0.0	1	1200	0	34.4	2.0	16
2022103039	2024-09-01	10	0.0	2.5	3.0	1	1400	1	37.4	0.0	11
2022103039	2024-09-22	5	55.0	0.7	1.0	1	1200	0	34.5	1.0	10
2022103039	2024-10-14	5	55.0	0.2	0.0	1	1200	0	36.0	1.0	15
2022103039	2024-11-24	16	0.0	1.6	1.0	1	1600	0	36.7	1.0	18
2022103039	2024-11-30	12	0.0	1.6	1.0	1	1200	0	34.4	1.0	17
2022103039	2025-01-26	4	84.0	1.0	0.0	1	1200	0	35.5	1.0	17
2022103039	2025-02-15	4	84.0	0.9	0.0	1	1200	0	35.3	1.0	18
2022103039	2025-03-02	1	560.0	0.0	1.0	1	1200	2	35.1	1.0	18
2022103039	2025-03-23	10	0.0	0.9	0.0	1	1200	0	35.2	2.0	13
2022103039	2025-03-30	7	0.0	1.4	1.0	0	1200	0	37.6	2.0	16
2022103039	2025-06-22	15	0.0	4.0	0.0	0	1400	0	41.6	2.0	16
2022103039	2025-07-12	5	80.0	0.3	0.0	1	1200	0	35.5	2.0	17
2022103039	2025-07-27	7	0.0	0.6	0.0	1	1200	0	34.7	2.0	9
2022103039	2025-09-07	7	0.0	0.5	0.0	1	1200	2	35.6	2.0	16
2022103039	2025-11-08	5	80.0	0.3	0.0	1	1200	0	34.3	2.0	16
2022103039	2025-11-22	8	0.0	0.3	0.0	1	1200	0	34.1	2.0	16
2022103066	2024-06-02	2	290.0	0.2	1.0	1	1400	0	35.1	0.0	13
2022103066	2024-06-29	1	550.0	0.0	1.0	1	1200	0	34.8	1.0	7
2022103066	2024-09-01	4	470.0	0.4	1.0	1	1200	1	34.9		13
2022103066	2024-09-21	3	402.5	0.6	1.0	1	1200	0	35.1	5.0	8
2022103066	2024-11-10	3	405.0	0.3	0.0	1	1200	0	37.0	5.0	16
2022103066	2024-12-07	5	107.0	0.2	0.0	1	1200	0	35.0	2.0	13
2022103066	2025-01-25	2	447.2	0.1	0.0	1	1200	0	35.2	2.0	12
2022103066	2025-03-02	2	451.2	0.0	1.0	1	1200	1	36.1	2.0	18
2022103066	2025-03-23	1	800.0	0.0	0.0	1	1200	0	34.4	2.0	13
2022103066	2025-05-31	3	1008.1	0.2	1.0	1	1200	0	33.6		16
2022103066	2025-06-15	1	1582.2	0.0	0.0	1	1200	2	35.2	5.0	15
2022103066	2025-07-12	1	1861.0	0.0	1.0	1	1200	0	34.0	4.0	9
2022103066	2025-08-24	11	0.0	0.8	0.0	1	1200	0	34.5		16
2022103066	2025-11-09	1	2335.0	0.0	2.0	1	1200	0	34.8	5.0	16
2022103066	2025-11-30	4	620.0	0.3	0.0	1	1200	0	33.6		18
2022103078	2025-01-13	9	0.0	1.3	0.0	0	1200	0	37.9	0.0	15
2022103078	2025-01-26	5	56.0	0.2	0.0	0	1400	0	38.9	1.0	16
2022103078	2025-04-20	12	0.0	4.2	1.0	0	1400	0	42.5	1.0	16
2022103078	2025-06-28	1	560.0	0.0	0.0	0	1000	0	35.2	1.0	14
2022103078	2025-07-20	2	320.0	0.6	0.0	0	1000	0	35.5	2.0	9
2022103078	2025-10-13	11	0.0	1.3	0.0	0	1200	0	37.5	2.0	16
2022103078	2025-11-16	3	200.0	0.1	0.0	0	1150	0	37.9	2.0	16
2022103151	2024-11-23	9	0.0	3.4	0.0	0	1400	2	39.0	0.0	15
2022103151	2025-01-12	3	140.0	0.4	1.0	0	1200	0	38.7	1.0	16
2022103151	2025-01-25	2	220.0	0.3	2.0	0	1200	0	38.4	1.0	16
2022103151	2025-03-01	2	220.0	0.0	0.0	0	1200	0	37.6	1.0	16
2022103151	2025-03-15	6	0.0	1.4	0.0	0	1200	2	39.2	1.0	16
2022103151	2025-05-04	3	140.0	0.6	1.0	0	1200	2	38.3	1.0	15
2022103151	2025-05-18	1	560.0	0.0	1.0	0	1200	2	37.7	1.0	15
2022103151	2025-07-13	2	320.0	0.2	0.0	0	1150	0	38.0	2.0	15
2022103151	2025-08-02	2	320.0	0.2	0.0	0	1000	0	35.6	2.0	7
2022103151	2025-08-17	2	320.0	0.0	3.0	0	1000	2	35.6	2.0	12
2022103151	2025-08-30	1	800.0	0.0	1.0	0	1000	1	34.6	2.0	12
2022103151	2025-12-06	5	114.0	0.3	0.0	1	1200	0	33.5	3.0	13
2022103151	2025-12-27	8	0.0	1.0	1.0	1	1200	0	35.6	3.0	16
2022103183	2024-11-02	5	72.0	0.4	2.0	0	1600	1	35.6	0.0	16
2022103183	2024-11-24	10	0.0	1.8	0.0	0	1400	0	38.0	1.0	16
2022103183	2025-03-29	9	0.0	1.4	3.0	0	1200	2	38.3	1.0	16
2022103183	2025-04-26	1	560.0	0.0	1.0	0	1400	2	36.7	1.0	16
2022103263	2024-06-08	4	110.0	0.6	0.0	1	1000	0	33.7	0.0	11
2022103263	2024-06-22	5	55.0	0.7	0.0	1	1200	0	36.5	1.0	9
2022103263	2024-07-27	4	83.0	0.3	1.0	1	1800	0	35.0	1.0	10
2022103263	2024-08-10	6	0.0	0.9	1.0	1	1800	0	35.2	1.0	7
2022103263	2024-09-21	8	0.0	1.3	0.0	1	2000	0	34.9	1.0	9
2022103263	2024-12-01	4	83.0	0.8	0.0	1	2000	0	34.8	1.0	8
2022103263	2024-12-14	9	0.0	1.3	0.0	1	2000	0	35.2	1.0	18
2022103263	2025-01-18	5	56.0	1.4	0.0	1	2000	0	35.5	1.0	18
2022103263	2025-02-09	2	220.0	0.4	0.0	1	2200	2	35.8	1.0	13
2022103263	2025-03-08	3	140.0	0.5	1.0	1	2400	0	34.3	1.0	10
2022103263	2025-03-22	5	56.0	0.3	0.0	1	2400	0	33.5	1.0	15
2022103263	2025-04-06	3	140.0	0.6	0.0	1	2400	0	35.4	1.0	14
2022103263	2025-04-27	6	0.0	1.2	0.0	1	2400	0	34.6	1.0	11
2022103263	2025-05-31	1	560.0	0.0	3.0	1	2400	2	35.3	1.0	16
2022103263	2025-08-16	9	0.0	4.5	0.0	1	2600	0	39.0	2.0	9
2022103263	2025-10-12	10	0.0	1.1	1.0	1	2400	0	34.3	2.0	11
2022103263	2025-10-26	14	0.0	2.2	3.0	1	2000	2	36.3	2.0	15
2022103263	2025-12-07	9	0.0	1.5	0.0	1	2200	0	35.0	5.0	10
2022103263	2025-12-20	4	120.0	0.9	1.0	0	1800	2	37.3	2.0	16
2022103271	2025-04-05	6	0.0	1.4	0.0	0	1800	0	38.7	1.0	16
2022103271	2025-06-21	9	0.0	2.9	0.0	0	1800	0	42.6	1.0	16
2022103271	2025-07-19	1	560.0	0.0	0.0	1	2000	2	36.3	1.0	18
2022103271	2025-09-07	12	0.0	1.1	0.0	1	2000	0	33.9		13
2022103271	2025-09-27	2	320.0	0.1	0.0	1	2200	0	35.0	2.0	16
2022103271	2025-10-18	2	452.6	0.1	1.0	1	2200	0	35.1	5.0	15
2022103327	2024-06-16	6	0.0	1.3	0.0	1	1400	0	35.6	0.0	12
2022103327	2024-07-20	4	83.0	0.9	1.0	0	1150	0	37.7	1.0	13
2022103327	2024-08-17	5	55.0	1.0	0.0	0	1200	0	38.3	1.0	15
2022103327	2024-10-14	11	0.0	2.4	0.0	0	1300	0	38.0	1.0	16
2022103327	2024-11-02	6	0.0	1.8	3.0	0	1400	1	37.3	1.0	12
2022103327	2024-11-17	10	0.0	2.0	0.0	0	1300	0	37.6	1.0	16
2022103327	2024-11-23	6	0.0	0.6	0.0	1	1400	0	34.4	1.0	18
2022103327	2025-02-22	9	0.0	0.6	1.0	1	1600	0	34.8	1.0	16
2022103327	2025-03-08	6	0.0	0.6	1.0	1	1600	0	35.0	2.0	10
2022103327	2025-04-08	1	45.0	0.0	3.0	0	1500	2	41.5		9
2022103327	2025-04-20	2	15.3	0.2	3.0	0	1400	0	39.9		10
2022103327	2025-05-05	2	28.8	0.0	1.0	0	1400	0	39.2	5.0	11
2022103327	2025-06-15	2	17.6	0.8	1.0	0	1400	3	38.6		11
2022103327	2025-07-01	2	27.2	0.1	1.0	0	1500	0	39.0	1.0	10
2022103327	2025-07-13	8	0.0	3.5	0.0	0	1500	0	40.5	18.0	12
2022103327	2025-10-28	1	45.0	0.0	1.0	0	1500	1	39.0	11.0	8
2022103327	2025-11-11	1	50.0	0.0	0.0	0	1400	2	38.5	13.0	9
2022103327	2026-01-17	12	0.0	1.1	0.0	0	1200	0	38.3	2.0	16
2022103345	2024-11-03	1	720.0	0.0	0.0	1	1800	2	34.4	0.0	9
2022103345	2024-11-23	4	500.0	0.5	1.0	1	2000	0	35.0		8
2022103345	2025-02-22	6	0.0	1.4	1.0	1	1800	0	36.4	2.0	8
2022103345	2025-03-09	4	170.0	0.2	0.0	1	1800	0	34.1	2.0	8
2022103345	2025-03-29	6	0.0	0.8	1.0	1	1800	0	33.9		9
2022103345	2025-06-28	3	200.0	0.4	0.0	1	1800	2	35.9	2.0	16
2022103345	2025-07-05	1	1131.0	0.0	0.0	1	1800	2	36.7	5.0	8
2022103345	2025-08-02	6	0.0	0.6	0.0	1	1800	0	35.9	5.0	14
2022103345	2025-12-14	2	626.4	0.0	0.0	1	1600	0	34.2	5.0	10
2022103345	2026-01-05	5	158.0	0.6	0.0	1	1800	0	35.5	5.0	11
2022103425	2024-10-05	9	0.0	1.0	1.0	1	1400	0	35.5	0.0	18
2022103425	2024-11-30	1	550.0	0.0	0.0	0	1200	2	38.5	1.0	16
2022103425	2025-03-30	16	0.0	1.9	0.0	0	1200	2	38.5	2.0	16
2022103425	2025-06-21	14	0.0	2.8	0.0	0	1600	0	39.0	2.0	16
2022103425	2025-07-13	7	0.0	1.4	0.0	0	1700	0	38.8	2.0	12
2022103425	2025-08-17	9	0.0	1.5	3.0	0	1000	2	35.8	2.0	12
2022103425	2025-09-13	3	200.0	1.1	1.0	0	1200	3	36.7	2.0	15
2022103425	2025-11-08	15	0.0	2.0	0.0	0	1150	0	38.2	2.0	16
2022103425	2025-11-29	14	0.0	2.4	0.0	0	1600	0	38.5	2.0	16
2022103425	2025-12-14	14	0.0	3.1	1.0	0	1200	2	38.9	2.0	16
2022103472	2024-10-06	9	0.0	2.7	1.0	0	1600	1	38.2	0.0	16
2022103472	2024-10-20	4	83.0	3.8	0.0	0	1800	2	41.5	1.0	9
2022103472	2024-11-09	5	55.0	0.9	0.0	0	1700	0	39.0	1.0	14
2022103472	2024-11-23	5	55.0	3.0	0.0	0	1600	2	37.7	1.0	16
2022103472	2025-02-08	5	56.0	1.4	0.0	0	1600	0	37.5	1.0	16
2022103472	2025-02-23	3	140.0	0.1	0.0	0	1400	0	36.6	1.0	16
2022103472	2025-05-11	3	140.0	0.7	0.0	0	1400	2	37.2	1.0	16
2022103472	2025-06-01	1	560.0	0.0	0.0	0	1400	1	35.7	1.0	15
2022103472	2025-06-22	4	120.0	0.5	0.0	0	1400	0	36.9	2.0	16
2022103472	2025-10-11	4	120.0	1.2	2.0	0	1400	2	36.9	2.0	16
2022103472	2025-11-02	3	200.0	0.6	1.0	0	1400	1	35.9	2.0	16
2022103472	2025-11-24	6	0.0	1.4	0.0	0	1400	0	36.8	2.0	16
2022103510	2025-01-05	10	0.0	2.6	0.0	1	2000	0	37.5	0.0	18
2022103510	2025-03-15	12	0.0	3.0	0.0	0	1800	2	40.8	1.0	16
2022103510	2025-03-29	10	0.0	1.4	0.0	1	2200	1	35.7	1.0	18
2022103510	2025-05-10	4	84.0	0.4	2.0	1	2400	2	34.4	1.0	8
2022103510	2025-05-18	7	0.0	0.5	1.0	1	2400	2	34.2	1.0	13
2022103510	2025-07-12	8	0.0	1.2	0.0	1	2600	0	35.6	1.0	16
2022103510	2025-08-10	3	140.0	0.5	1.0	1	2600	0	37.8	1.0	14
2022103510	2025-08-24	4	84.0	0.5	0.0	1	2600	0	39.0	1.0	13
2022103510	2025-09-15	1	800.0	0.0	1.0	1	2500	0	35.3	2.0	14
2022103510	2025-11-09	3	200.0	0.2	1.0	1	2600	0	35.3	2.0	16
2022103577	2024-12-22	6	0.0	0.4	0.0	1	1600	0	35.7	0.0	15
2022103577	2025-01-18	6	0.0	1.1	0.0	0	1800	0	39.8	1.0	16
2022103577	2025-02-01	8	0.0	2.9	0.0	0	1900	0	40.2	1.0	9
2022103577	2025-02-23	7	0.0	1.6	0.0	0	1700	0	38.4	1.0	10
2022103577	2025-03-25	1	85.0	0.0	0.0	0	1500	0	37.6	1.0	7
2022103577	2025-10-19	7	0.0	0.6	1.0	0	1400	0	36.1	2.0	15
2022103577	2025-11-02	9	0.0	1.6	1.0	0	1400	1	36.5	2.0	16
2022103577	2025-11-24	4	120.0	0.6	0.0	0	1400	0	35.8	2.0	16
2022103577	2025-12-13	5	80.0	0.8	1.0	0	1400	0	38.1	2.0	16
2022103577	2026-01-05	3	210.0	0.2	0.0	0	1200	2	37.2	2.0	16
2022103619	2024-10-05	7	0.0	3.1	0.0	0	1400	2	40.0	0.0	16
2022103619	2024-10-26	5	55.0	1.3	1.0	0	1800	0	39.3	1.0	11
2022103619	2024-11-10	3	140.0	1.9	0.0	0	1800	0	40.3	1.0	10
2022103619	2024-11-30	2	220.0	0.2	0.0	0	1800	2	39.0	1.0	14
2022103619	2025-02-22	3	140.0	1.0	0.0	0	1800	0	39.8	1.0	11
2022103619	2025-03-15	3	140.0	0.5	1.0	0	1800	0	38.2	1.0	12
2022103619	2025-03-30	3	140.0	1.6	0.0	0	1800	0	40.2	1.0	12
2022103619	2025-04-20	1	560.0	0.0	1.0	0	1700	0	39.6	1.0	15
2022103619	2025-07-12	2	320.0	0.2	0.0	0	1700	0	38.0	2.0	10
2022103619	2025-07-27	10	0.0	2.1	0.0	0	1700	3	39.7	2.0	13
2022103619	2025-08-02	2	320.0	0.6	0.0	0	1700	0	38.7	2.0	11
2022103619	2025-08-17	3	200.0	0.5	2.0	0	1700	2	38.2	2.0	13
2022103619	2025-08-31	3	200.0	0.1	1.0	0	1700	2	38.8	2.0	13
2022103619	2025-11-16	2	320.0	0.2	0.0	0	1700	0	38.8	2.0	15
2022103619	2025-12-06	7	0.0	0.4	0.0	0	1800	0	38.7	2.0	15
2022103622	2024-06-01	10	0.0	5.1	0.0	1	1600	0	38.0	0.0	11
2022103622	2024-10-06	4	83.0	2.2	0.0	0	1400	0	39.8	1.0	11
2022103622	2024-10-13	3	140.0	0.5	0.0	0	1400	0	37.8	1.0	11
2022103622	2024-11-03	1	550.0	0.0	0.0	0	1400	1	38.2	1.0	13
2022103622	2025-01-12	1	800.0	0.0	1.0	0	1400	0	36.8	2.0	16
2022103622	2025-03-16	1	1832.9	0.0	2.0	0	1400	1	36.1	5.0	12
2022103622	2025-05-01	1	5000.0	0.0	0.0	0	1400	0	37.3		12
2022103622	2025-08-14	2	840.0	0.2	1.0	0	1200	0	37.1		8
2022103622	2025-10-04	2	969.8	0.7	1.0	0	1600	0	36.6		16
2022103622	2025-11-15	10	0.0	1.1	0.0	0	1600	0	36.0		16
2022103622	2025-12-25	2	1200.0	0.1	3.0	0	1400	3	38.1		11
2022103704	2024-07-14	5	72.0	1.2	0.0	1	1800	0	35.6	0.0	9
2022103704	2024-07-27	3	140.0	0.2	1.0	1	1800	0	35.9	1.0	10
2022103704	2024-10-13	4	240.0	0.8	0.0	1	1400	0	35.4	5.0	6
2022103704	2024-10-27	5	55.0	1.3	0.0	1	1400	0	35.4	1.0	11
2022103704	2024-11-10	2	220.0	0.3	0.0	0	1400	0	38.8	1.0	16
2022103704	2024-12-15	2	220.0	0.3	0.0	0	1400	0	37.7	1.0	16
2022103704	2024-12-28	5	55.0	0.6	0.0	0	1400	0	38.4	1.0	16
2022103704	2025-03-01	4	84.0	0.3	1.0	0	1200	0	38.3	1.0	16
2022103704	2025-03-16	9	0.0	2.1	2.0	0	1400	2	40.2	1.0	16
2022103704	2025-06-15	2	220.0	0.0	0.0	0	1000	0	35.2	1.0	12
2022103704	2025-06-22	1	560.0	0.0	1.0	0	1000	1	35.1	1.0	12
2022103704	2025-07-12	9	0.0	1.0	0.0	0	1000	0	35.6	2.0	12
2022103704	2025-07-19	8	0.0	0.9	0.0	0	1700	0	37.7	2.0	10
2022103704	2025-11-15	11	0.0	1.2	0.0	0	1150	0	37.3	2.0	16
2022103816	2025-03-15	6	0.0	1.0	1.0	1	1600	0	34.8	1.0	16
2022103816	2025-08-03	2	220.0	0.3	0.0	1	2000	0	35.0	1.0	16
2022103816	2025-08-17	1	560.0	0.0	3.0	1	2000	0	36.6	1.0	15
2022103816	2025-12-14	11	0.0	1.1	1.0	1	2000	2	35.7	2.0	18
2022103816	2025-12-21	7	0.0	1.0	3.0	1	2200	1	36.9	2.0	18
2022103875	2024-10-05	2	290.0	0.1	0.0	1	1600	0	34.7	0.0	15
2022103875	2024-10-26	1	550.0	0.0	1.0	1	1600	0	34.7	1.0	12
2022103875	2025-01-18	12	0.0	1.7	0.0	1	1400	0	35.9		12
2022103875	2025-02-15	3	282.3	0.0	0.0	1	1600	0	34.5	2.0	6
2022103875	2025-05-25	12	0.0	1.3	1.0	1	2400	0	35.0		18
2022103875	2025-08-09	1	800.0	0.0	0.0	1	1600	0	33.7	2.0	12
2022103875	2025-09-14	12	0.0	1.1	0.0	1	1800	0	36.1		17
2022103875	2025-10-12	1	1585.7	0.0	1.0	1	1600	0	34.0	5.0	16
2022103875	2025-11-08	10	0.0	0.6	0.0	1	1600	0	34.6	4.0	12
2022104122	2024-07-20	5	72.0	1.6	1.0	1	1200	0	37.2	0.0	13
2022104122	2024-08-25	11	0.0	5.5	1.0	1	1000	0	38.7	1.0	11
2022104122	2024-10-14	13	0.0	0.9	0.0	1	1200	0	36.3	1.0	15
2022104122	2024-11-17	9	0.0	1.4	1.0	0	1150	0	39.1	1.0	16
2022104122	2025-01-12	15	0.0	2.4	1.0	0	1200	0	40.9	1.0	16
2022104122	2025-02-23	3	112.0	1.3	0.0	0	1000	0	37.1	1.0	14
2022104122	2025-03-02	13	0.0	2.9	3.0	0	1000	2	38.4	1.0	14
2022104122	2025-05-03	7	0.0	1.3	0.0	0	1200	2	38.2	1.0	15
2022104122	2025-05-25	9	0.0	1.1	1.0	0	1400	3	38.0	1.0	16
2022104122	2025-06-28	6	0.0	1.1	0.0	1	1200	0	36.7	1.0	16
2022104122	2025-08-09	4	84.0	0.7	0.0	1	1000	0	32.2	1.0	18
2022104122	2025-09-07	8	0.0	0.5	1.0	1	1200	2	36.0	1.0	16
2022104122	2025-10-08	6	0.0	1.2	0.0	0	1200	0	40.0	5.0	11
2022104122	2025-10-22	1	40.0	0.0	0.0	0	1000	2	38.2	9.0	12
2022104122	2025-10-28	1	55.0	0.0	0.0	0	1000	2	37.3	5.0	12
2022104197	2024-08-03	2	290.0	0.6	0.0	1	1200	0	34.6	0.0	9
2022104197	2024-08-24	2	220.0	0.0	0.0	1	1200	0	34.5	1.0	7
2022104197	2024-09-15	6	0.0	1.2	0.0	0	1200	0	39.0	1.0	12
2022104197	2024-11-03	2	220.0	0.4	0.0	1	1200	1	36.6	1.0	15
2022104197	2024-11-17	6	0.0	0.8	0.0	1	1200	0	35.4	1.0	16
2022104197	2024-11-30	4	83.0	0.5	1.0	1	1200	0	34.5	1.0	17
2022104197	2024-12-28	4	83.0	0.7	0.0	1	1600	0	37.2	1.0	16
2022104197	2025-01-25	8	0.0	1.0	0.0	1	1600	0	35.8	1.0	16
2022104197	2025-03-23	8	0.0	2.1	0.0	0	1200	2	40.2	1.0	16
2022104197	2025-04-20	2	320.0	0.4	1.0	1	1200	0	33.9	2.0	11
2022104197	2025-04-26	1	560.0	0.0	0.0	1	1200	0	35.0	1.0	12
2022104197	2025-05-24	3	284.6	0.1	2.0	1	1000	0	32.2	2.0	15
2022104197	2025-09-07	9	0.0	0.9	0.0	1	1200	2	36.3	2.0	16
2022104197	2025-10-18	3	200.0	0.1	2.0	1	1000	0	32.7	2.0	18
2022104197	2025-11-09	4	120.0	0.3	1.0	1	1200	0	34.7	2.0	16
2022104197	2025-11-24	14	0.0	0.9	1.0	1	1200	0	34.8	2.0	16
2022104197	2026-01-25	1	1177.1	0.0	0.0	1	1200	0	34.4	5.0	16
2022104313	2024-07-14	3	180.0	0.5	0.0	1	1800	0	35.1	0.0	9
2022104313	2024-08-31	3	140.0	1.4	1.0	0	1700	1	38.0	1.0	14
2022104313	2024-10-05	3	140.0	1.0	1.0	0	1800	1	39.1	1.0	12
2022104313	2024-12-22	1	550.0	0.0	0.0	0	1800	0	40.7	1.0	16
2022104313	2025-02-22	5	111.0	0.7	1.0	1	2000	0	34.2	2.0	9
2022104313	2025-03-23	4	120.0	0.8	0.0	1	2000	0	35.5	2.0	12
2022104313	2025-10-25	5	80.0	0.7	3.0	1	2000	2	33.9	2.0	8
2022104313	2025-11-24	5	111.0	0.5	1.0	1	2600	0	35.8	5.0	16
2022104317	2025-02-23	3	160.0	0.5	0.0	0	1400	0	37.1	0.0	16
2022104317	2025-03-15	4	84.0	1.1	0.0	0	1200	2	37.6	1.0	16
2022104317	2025-04-13	2	220.0	0.0	1.0	0	1700	0	38.4	1.0	15
2022104317	2025-07-27	3	140.0	0.2	1.0	0	1700	3	38.9	1.0	14
2022104317	2025-08-09	1	560.0	0.0	0.0	0	1700	1	38.4	1.0	14
2022104317	2025-08-24	2	320.0	0.7	0.0	0	1700	0	39.2	2.0	11
2022104452	2024-10-06	7	0.0	0.9	1.0	1	1800	0	34.3	0.0	17
2022104452	2024-11-24	2	220.0	0.4	0.0	0	1600	0	37.1	1.0	16
2022104452	2024-12-14	4	83.0	0.5	0.0	0	1800	0	40.6	1.0	16
2022104452	2025-01-13	8	0.0	2.8	0.0	0	1800	0	42.9	1.0	16
2022104452	2025-03-22	4	84.0	1.1	0.0	0	1400	0	39.6	1.0	16
2022104452	2025-05-17	2	220.0	0.3	3.0	0	1400	2	38.2	1.0	16
2022104452	2025-06-15	2	220.0	0.1	2.0	0	1400	1	37.3	1.0	16
2022104452	2025-07-12	1	560.0	0.0	1.0	0	1700	0	39.2	1.0	15
2022104452	2025-10-26	10	0.0	0.8	1.0	0	1600	3	36.8	2.0	13
2022104452	2025-11-23	8	0.0	0.9	1.0	0	1600	0	37.0	2.0	16
2022104499	2025-01-06	8	0.0	1.1	1.0	1	1600	0	35.9	0.0	16
2022104499	2025-04-12	16	0.0	2.3	1.0	1	1200	0	37.4	1.0	16
2022104499	2025-05-27	1	300.0	0.0	1.0	0	1400	0	37.5	5.0	12
2022104499	2025-08-03	12	0.0	1.9	0.0	0	1200	0	39.1	2.0	15
2022104499	2025-10-18	6	0.0	0.6	2.0	1	1000	0	33.7	2.0	18
2022104499	2025-11-15	13	0.0	1.0	0.0	1	1200	0	35.3	2.0	16
2022104588	2024-09-07	1	720.0	0.0	0.0	1	1600	0	33.9	0.0	8
2022104588	2024-10-05	2	1307.2	0.1	2.0	1	1600	2	34.3		7
2022104588	2024-12-15	15	0.0	2.2	0.0	1	1600	0	35.5		16
2022104588	2025-01-13	5	410.0	0.8	0.0	1	1600	0	36.3		15
2022104588	2025-02-19	8	0.0	1.2	0.0	0	1800	0	40.1		12
2022104588	2025-03-22	11	0.0	1.0	0.0	1	1400	0	35.0		18
2022104588	2025-04-06	13	0.0	2.9	0.0	0	1400	0	39.8	5.0	15
2022104588	2025-06-21	7	0.0	0.6	0.0	1	1600	0	34.6	5.0	13
2022104588	2025-08-09	6	0.0	0.2	0.0	1	1400	0	33.3	3.0	11
2022104588	2025-08-23	12	0.0	0.8	0.0	1	1400	0	35.0	5.0	17
2022104588	2025-10-05	3	396.1	0.2	1.0	1	1400	0	33.4	3.0	17
2022104588	2025-10-25	2	628.0	0.0	3.0	1	1400	2	33.5	5.0	12
2022104588	2025-11-09	1	1140.0	0.0	1.0	1	1400	0	32.6	3.0	18
2022104588	2025-12-21	4	280.0	0.2	2.0	1	1400	1	34.2	4.0	14
2022104617	2024-06-15	1	720.0	0.0	0.0	1	1200	0	35.1	0.0	7
2022104617	2024-07-13	9	0.0	0.7	0.0	1	1200	0	34.4		14
2022104617	2024-09-01	2	646.2	0.3	0.0	1	1200	2	36.1	5.0	10
2022104617	2024-10-05	1	1093.1	0.0	0.0	1	1400	0	33.8	2.0	10
2022104617	2024-11-02	4	440.0	0.1	3.0	1	1400	3	34.2		15
2022104617	2025-02-10	1	2022.4	0.0	0.0	1	1600	0	34.8		9
2022104617	2025-04-13	8	0.0	1.4	3.0	1	1600	2	35.4		18
2022104617	2025-05-11	15	0.0	1.3	0.0	1	1600	0	36.6		18
2022104617	2025-09-14	6	0.0	0.5	0.0	1	1800	0	34.8		17
2022104617	2025-10-19	12	0.0	1.1	1.0	1	2000	0	35.5		18
2022104628	2024-08-03	5	72.0	1.8	0.0	0	1800	0	40.7	0.0	15
2022104628	2024-10-13	2	220.0	0.6	0.0	0	1800	0	39.1	1.0	10
2022104628	2024-11-02	1	550.0	0.0	3.0	0	1800	3	39.8	1.0	7
2022104628	2024-11-23	11	0.0	2.0	0.0	0	1600	2	38.8	5.0	16
2022104628	2025-03-08	12	0.0	3.6	0.0	0	1800	0	41.5	2.0	12
2022104628	2025-03-30	5	80.0	1.1	1.0	0	1200	0	37.9	2.0	16
2022104628	2025-04-27	2	320.0	0.3	0.0	0	1400	0	37.6	2.0	10
2022104628	2025-06-28	1	800.0	0.0	0.0	0	1700	0	37.4	2.0	15
2022104628	2025-07-19	1	1588.5	0.0	1.0	0	1700	1	36.7	5.0	16
2022104628	2025-10-18	1	1874.3	0.0	1.0	0	1800	2	36.6	4.0	16
2022104628	2025-11-09	13	0.0	4.0	2.0	0	1800	3	40.0		15
2022104639	2024-07-13	5	72.0	1.0	0.0	1	1800	0	36.5	0.0	10
2022104639	2025-02-16	8	0.0	1.2	0.0	1	1800	0	35.2	1.0	16
2022104639	2025-05-04	3	140.0	0.2	0.0	0	1400	2	36.3	1.0	16
2022104639	2025-05-11	2	220.0	0.2	0.0	0	1400	2	36.5	1.0	16
2022104639	2025-06-08	1	560.0	0.0	1.0	0	1400	0	36.2	1.0	16
2022104639	2025-11-24	2	320.0	0.5	0.0	0	1400	0	36.0	2.0	16
2022104644	2024-07-07	6	0.0	3.1	0.0	1	1200	0	34.3	0.0	7
2022104644	2024-10-06	9	0.0	0.7	0.0	1	1400	0	34.9	1.0	14
2022104644	2024-10-26	6	0.0	1.3	1.0	0	1600	0	39.6	1.0	12
2022104644	2025-03-08	3	140.0	0.2	0.0	0	1400	0	39.0	1.0	16
2022104644	2025-03-23	5	56.0	0.8	0.0	0	1200	0	38.2	1.0	16
2022104644	2025-04-06	3	140.0	0.7	0.0	0	1200	0	38.3	1.0	16
2022104644	2025-05-03	2	220.0	0.2	0.0	0	1200	2	37.7	1.0	15
2022104644	2025-06-01	1	560.0	0.0	0.0	0	1200	0	36.6	1.0	15
2022104644	2025-07-06	10	0.0	1.3	0.0	0	1000	0	36.2	2.0	14
2022104644	2025-09-07	3	200.0	0.7	0.0	0	1400	0	38.3	2.0	15
2022104644	2025-09-28	7	0.0	0.7	0.0	0	1200	0	36.3	2.0	16
2022104644	2025-12-07	2	320.0	0.1	0.0	0	1200	0	37.3	2.0	11
2022104644	2026-01-04	4	120.0	0.5	1.0	0	1200	0	35.8	2.0	16
2022104649	2024-09-28	3	180.0	0.8	1.0	1	2000	0	35.0	0.0	17
2022104649	2024-12-01	1	550.0	0.0	0.0	1	2000	0	34.2	1.0	8
2022104649	2025-01-19	12	0.0	2.8	2.0	1	2000	0	38.9		14
2022104649	2025-03-09	6	0.0	0.4	0.0	1	1800	0	34.5	2.0	8
2022104649	2025-05-11	3	284.2	0.4	1.0	1	1200	2	35.9	2.0	13
2022104649	2025-06-14	13	0.0	1.2	3.0	1	1200	1	35.8	2.0	16
2022104649	2025-09-28	11	0.0	1.1	1.0	1	1800	0	35.3	2.0	18
2022104649	2025-11-22	12	0.0	0.7	0.0	1	1800	0	35.1	5.0	16
2022104658	2024-10-19	11	0.0	2.0	0.0	1	2000	0	36.0	0.0	13
2022104658	2024-11-09	9	0.0	1.6	0.0	0	1800	0	39.6	1.0	14
2022104658	2025-02-16	5	56.0	0.2	1.0	0	1900	2	39.4	1.0	10
2022104658	2025-03-02	7	0.0	2.1	2.0	0	2000	0	40.8	1.0	12
2022104658	2025-06-14	5	56.0	1.7	2.0	0	2000	2	40.5	1.0	16
2022104658	2025-06-29	4	84.0	0.2	0.0	1	2600	0	36.3	1.0	16
2022104658	2025-07-27	3	140.0	0.4	0.0	0	1800	0	38.1	1.0	16
2022104658	2025-08-24	4	84.0	0.4	0.0	0	1900	0	39.4	1.0	16
2022104658	2025-09-13	11	0.0	1.2	1.0	0	1800	0	40.5	1.0	16
2022104658	2025-12-20	16	0.0	4.3	0.0	0	1800	0	40.8	2.0	16
2022104669	2024-12-15	8	0.0	1.0	0.0	1	1600	0	34.8	0.0	14
2022104669	2025-03-02	8	0.0	1.1	2.0	1	2000	0	35.8	1.0	16
2022104669	2025-06-28	6	0.0	1.0	0.0	1	1800	0	36.4	1.0	16
2022104669	2025-07-20	2	220.0	0.1	0.0	1	2000	0	36.9	1.0	18
2022104669	2025-08-10	1	560.0	0.0	1.0	1	2000	0	34.2	1.0	14
2022104669	2025-12-21	8	0.0	1.2	3.0	1	2200	1	37.4	2.0	18
2022104688	2024-10-26	4	110.0	0.1	1.0	1	2000	0	34.0	0.0	13
2022104688	2024-11-23	3	140.0	0.4	1.0	1	2000	0	35.9	1.0	10
2022104688	2024-12-21	2	220.0	0.4	1.0	1	2000	0	34.9	1.0	16
2022104688	2025-02-22	1	560.0	0.0	0.0	1	2400	0	34.5	1.0	15
2022104688	2025-03-30	3	282.2	0.8	0.0	1	2200	0	35.5	2.0	7
2022104688	2025-05-10	8	0.0	1.1	1.0	1	2200	2	34.3		10
2022104688	2025-06-07	3	200.0	0.4	1.0	1	2200	0	35.0	2.0	10
2022104688	2025-08-31	4	170.0	0.9	1.0	1	2600	2	37.8	5.0	14
2022104688	2025-11-23	3	200.0	0.3	0.0	1	2400	0	34.8	2.0	18
2022104688	2025-12-21	9	0.0	1.2	3.0	1	2200	1	36.7	2.0	18
2022104751	2024-07-27	1	720.0	0.0	1.0	1	1500	0	34.7	0.0	14
2022104751	2024-10-05	1	3325.2	0.0	2.0	1	1600	2	34.5		7
2022104751	2024-12-15	5	700.0	1.3	0.0	1	1600	0	34.4		16
2022104751	2025-01-13	2	1617.0	0.4	0.0	1	1600	0	35.7		15
2022104751	2025-04-05	2	1612.0	0.3	0.0	1	1600	0	34.1		11
2022104751	2025-05-11	13	0.0	0.8	0.0	1	1600	0	35.3		18
2022104751	2025-10-13	15	0.0	0.9	0.0	1	1400	0	34.5		18
2022104751	2025-11-08	13	0.0	1.2	0.0	0	1200	0	37.0	5.0	16
2022104887	2024-07-27	6	0.0	1.1	1.0	1	1500	0	34.6	0.0	14
2022104887	2024-10-26	6	0.0	0.8	1.0	1	1600	0	35.4	1.0	12
2022104887	2024-11-23	1	550.0	0.0	1.0	1	2000	0	35.0	1.0	10
2022104887	2025-01-25	7	0.0	1.4	0.0	1	2000	0	36.3		10
2022104887	2025-02-15	5	111.0	0.3	0.0	1	1600	0	34.7	2.0	6
2022104887	2025-03-22	5	200.0	0.9	0.0	1	2000	0	35.2		9
2022104887	2025-04-12	10	0.0	1.1	0.0	1	1600	0	33.9		14
2022104887	2025-06-29	1	1135.2	0.0	0.0	1	2000	0	34.5	5.0	10
2022104887	2025-08-17	7	0.0	1.2	1.0	1	2600	2	37.3	5.0	14
2022104887	2025-10-18	2	626.8	0.1	1.0	1	2200	0	33.9	5.0	9
2022104887	2025-12-20	1	1569.6	0.0	0.0	1	2400	0	33.1	5.0	8
2022104960	2024-06-22	1	720.0	0.0	1.0	1	1200	0	33.8	0.0	7
2022104960	2024-07-13	5	310.0	0.3	0.0	1	1200	0	34.9		14
2022104960	2024-11-02	11	0.0	0.9	3.0	1	1400	3	35.4		15
2022104960	2024-11-30	4	160.0	0.4	0.0	1	1200	0	34.6	2.0	9
2022104960	2025-02-09	3	285.0	0.2	0.0	1	1200	2	35.5	2.0	16
2022104960	2025-02-23	3	502.6	0.4	1.0	1	1200	0	33.9		8
2022104960	2025-04-26	4	170.0	0.3	0.0	1	1200	0	34.4	2.0	16
2022104960	2025-06-22	1	800.0	0.0	1.0	1	1200	1	34.6	2.0	11
2022104960	2025-07-12	1	1575.2	0.0	0.0	1	1200	0	34.3	3.0	11
2022104960	2025-07-26	1	1865.9	0.0	2.0	1	1200	0	33.5	4.0	12
2022104960	2025-08-24	3	1108.0	0.2	0.0	1	1200	0	34.6		16
2022104960	2025-12-07	5	270.0	0.6	0.0	1	1200	0	33.5		16
2022104980	2024-11-17	2	290.0	0.1	0.0	1	2000	0	33.4	0.0	9
2022104980	2025-02-22	1	560.0	0.0	1.0	1	2400	0	34.5	1.0	18
2022104980	2025-04-12	7	0.0	2.7	0.0	1	2000	0	38.4	2.0	9
2022104980	2025-08-17	9	0.0	2.3	0.0	1	2400	0	38.0	2.0	11
2022104980	2025-12-11	12	0.0	3.9	0.0	0	1800	0	43.8	13.0	14
2022104980	2026-01-25	9	0.0	0.8	0.0	1	2000	0	33.7	2.0	14
2022104992	2024-08-04	9	0.0	2.8	0.0	1	1800	0	35.8	0.0	9
2022104992	2024-10-13	4	83.0	2.3	0.0	0	1800	0	40.5	1.0	10
2022104992	2024-11-09	8	0.0	1.5	0.0	0	1700	0	40.0	1.0	14
2022104992	2025-01-12	8	0.0	2.1	1.0	0	1400	0	39.6	1.0	16
2022104992	2025-01-25	3	140.0	1.7	0.0	0	1200	0	38.6	1.0	15
2022104992	2025-02-09	6	0.0	1.5	0.0	0	1200	2	36.9	1.0	13
2022104992	2025-02-15	7	0.0	1.3	0.0	0	1200	0	37.9	1.0	16
2022104992	2025-04-20	2	220.0	0.3	1.0	1	1800	0	35.2	1.0	18
2022104992	2025-05-03	2	220.0	0.1	0.0	1	1800	2	34.3	1.0	12
2022104992	2025-05-17	8	0.0	1.3	3.0	1	1800	2	36.6	1.0	16
2022104992	2025-06-22	1	560.0	0.0	1.0	1	1600	0	34.7	1.0	18
2022104992	2025-07-13	2	320.0	0.1	1.0	1	1800	0	36.6	2.0	16
2022104992	2025-09-15	4	120.0	0.5	0.0	1	1800	0	34.6	2.0	8
2022104992	2025-10-12	8	0.0	0.6	1.0	1	1600	0	33.8	2.0	18
2022104992	2025-11-08	6	0.0	0.9	0.0	1	1600	0	34.3	2.0	14
2022105002	2025-03-08	5	56.0	1.2	1.0	1	2000	0	36.0	1.0	15
2022105002	2025-05-18	3	140.0	0.2	0.0	1	1800	2	33.2	1.0	14
2022105002	2025-07-26	1	560.0	0.0	0.0	1	1800	0	33.1	1.0	18
2022105002	2025-10-11	1	800.0	0.0	3.0	1	2000	0	33.7	2.0	10
2022105002	2025-11-30	2	625.6	0.1	0.0	1	2000	0	34.0	3.0	9
2022105068	2024-12-14	1	720.0	0.0	1.0	1	2000	0	35.3	0.0	10
2022105068	2025-02-09	9	0.0	1.1	0.0	1	2400	0	34.4	2.0	11
2022105068	2025-04-19	3	200.0	1.0	0.0	1	2000	0	35.7	2.0	7
2022105068	2025-07-27	1	1126.8	0.0	0.0	1	2000	0	34.8	5.0	7
2022105068	2025-11-01	2	627.4	0.5	0.0	1	2000	0	34.3	5.0	11
2022105068	2025-12-21	2	626.6	0.1	3.0	1	2000	2	35.2	3.0	10
2022105108	2024-06-29	6	0.0	1.8	1.0	0	1000	2	36.4	0.0	8
2022105108	2024-07-14	3	140.0	0.7	3.0	1	1200	2	36.9	1.0	9
2022105108	2024-10-05	2	220.0	0.5	0.0	1	1600	0	34.3	1.0	12
2022105108	2024-10-26	2	220.0	0.2	1.0	1	1600	0	35.3	1.0	12
2022105108	2024-12-08	1	550.0	0.0	0.0	1	1600	0	35.8	1.0	10
2022105108	2025-01-05	3	504.6	0.5	1.0	1	1600	0	34.7		15
2022105108	2025-02-01	1	1127.5	0.0	1.0	1	1600	0	33.9	2.0	8
2022105108	2025-04-05	5	410.0	0.5	0.0	1	1600	0	34.6		11
2022105108	2025-05-11	5	200.0	0.3	1.0	1	1400	0	34.4		11
2022105108	2025-08-23	1	1579.4	0.0	0.0	1	1600	0	33.9	5.0	13
2022105108	2025-09-14	7	0.0	0.7	1.0	1	1600	0	33.9	4.0	11
2022105108	2025-11-29	2	747.4	0.1	0.0	1	1400	0	33.6	4.0	12
2022105108	2025-12-21	5	184.0	0.2	2.0	1	1400	1	34.4	4.0	14
2022105109	2024-09-22	2	290.0	0.3	2.0	1	2000	0	33.9	0.0	11
2022105109	2024-10-19	4	83.0	1.1	0.0	1	2000	0	35.6	1.0	7
2022105109	2025-01-06	1	560.0	0.0	1.0	1	2000	0	35.2	1.0	18
2022105109	2025-01-25	3	503.1	0.2	0.0	1	2000	0	34.8		10
2022105109	2025-03-01	2	805.8	0.2	0.0	1	2200	0	35.0		8
2022105109	2025-08-10	1	800.0	0.0	1.0	1	2000	0	34.1	2.0	9
2022105109	2025-08-30	1	1582.2	0.0	1.0	1	2000	2	36.2	3.0	14
2022105109	2025-10-26	6	0.0	0.5	2.0	1	3000	2	35.1		18
2022105160	2025-02-22	1	620.0	0.0	0.0	0	1600	0	36.8	0.0	16
2022105160	2025-06-21	3	200.0	0.3	0.0	0	1600	0	36.1	2.0	16
2022105160	2025-07-12	11	0.0	1.7	1.0	0	1700	0	39.0	2.0	15
2022105160	2025-10-18	4	120.0	0.6	0.0	0	1600	0	37.9	2.0	15
2022105160	2025-11-16	3	160.0	0.4	0.0	0	1600	0	37.7	2.0	16
2022105194	2024-06-16	2	290.0	0.1	0.0	1	1600	0	34.2	0.0	10
2022105194	2024-09-08	3	140.0	0.1	0.0	1	1600	0	35.6	1.0	7
2022105194	2024-12-01	3	140.0	0.5	0.0	1	1600	0	34.3	1.0	15
2022105194	2025-06-08	3	140.0	0.2	1.0	1	1600	0	35.5	1.0	18
2022105194	2025-06-28	1	560.0	0.0	0.0	1	1800	0	36.6	1.0	16
2022105194	2025-10-12	4	120.0	0.2	1.0	1	1600	0	34.0	2.0	18
2022105217	2024-12-07	5	72.0	0.5	0.0	0	1800	0	40.5	0.0	12
2022105217	2025-01-13	3	140.0	1.5	0.0	0	1800	0	41.5	1.0	16
2022105217	2025-03-02	5	56.0	1.2	0.0	0	1800	0	39.9	1.0	16
2022105217	2025-07-19	1	560.0	0.0	0.0	0	1700	0	39.1	1.0	15
2022105217	2025-10-19	15	0.0	7.2	1.0	0	1800	1	43.7	2.0	15
2022105267	2024-12-01	7	0.0	1.1	0.0	1	1400	0	35.3	0.0	9
2022105267	2025-02-23	4	84.0	0.2	0.0	1	1200	0	34.2	1.0	18
2022105267	2025-03-15	14	0.0	1.1	1.0	1	1400	0	35.9	1.0	18
2022105267	2025-05-03	5	56.0	0.7	0.0	1	1400	0	36.3	1.0	16
2022105267	2025-05-24	12	0.0	0.9	2.0	1	1400	0	35.5	1.0	17
2022105267	2025-07-13	7	0.0	0.7	1.0	1	1200	0	35.4	1.0	18
2022105267	2025-08-16	1	560.0	0.0	0.0	0	1700	0	38.3	1.0	14
2022105267	2025-08-31	2	320.0	0.1	1.0	0	1700	2	37.6	2.0	13
2022105267	2025-11-16	3	200.0	0.5	0.0	0	1700	0	38.9	2.0	15
2022105267	2025-12-13	13	0.0	1.8	1.0	0	1800	0	38.8	2.0	16
2022105345	2024-08-17	5	72.0	0.9	0.0	1	1400	0	34.5	0.0	18
2022105345	2024-08-31	4	83.0	1.1	2.0	1	1400	1	36.6	1.0	8
2022105345	2024-09-22	8	0.0	1.5	1.0	1	1400	0	36.2	1.0	18
2022105345	2025-01-11	6	0.0	0.9	0.0	1	1600	0	36.5	1.0	16
2022105345	2025-02-02	1	560.0	0.0	1.0	1	1600	2	36.4	1.0	11
2022105345	2025-02-15	6	0.0	0.4	0.0	1	1600	0	35.1	2.0	6
2022105345	2025-06-15	9	0.0	1.0	1.0	1	1800	0	36.0	5.0	13
2022105345	2025-07-05	4	170.0	0.8	0.0	1	1800	2	37.3	5.0	8
2022105345	2025-07-19	3	284.7	0.9	0.0	1	1800	0	34.7	5.0	14
2022105345	2025-08-02	2	320.0	0.1	0.0	1	1800	0	34.5	2.0	10
2022105345	2025-08-24	2	450.6	0.7	0.0	1	2000	0	36.4	5.0	13
2022105347	2025-01-05	5	62.0	1.7	0.0	0	1800	0	39.8	0.0	16
2022105347	2025-02-02	11	0.0	2.8	3.0	0	1600	2	39.3	1.0	16
2022105347	2025-03-02	12	0.0	3.7	0.0	0	1800	0	42.7	1.0	16
2022105347	2025-10-19	13	0.0	2.8	1.0	0	1200	2	37.7	2.0	14
2022105439	2024-12-28	2	290.0	0.4	0.0	1	2000	0	35.4	0.0	18
2022105439	2025-01-18	1	560.0	0.0	0.0	0	1800	0	37.8	1.0	11
2022105439	2025-02-23	5	190.0	0.9	0.0	0	1600	0	35.9		10
2022105439	2025-04-05	6	0.0			0	1900	0			9
2022105439	2025-06-01	6	0.0	0.5	0.0	0	1400	1	35.0	2.0	11
2022105439	2025-10-04	8	0.0	1.2	1.0	0	1400	3	35.5	2.0	16
2022105439	2025-10-11	3	200.0	0.3	1.0	0	1800	0	37.0	2.0	12
2022105439	2026-01-17	2	330.0	0.2	0.0	0	1800	0	37.2	2.0	8
2022105467	2024-08-24	1	720.0	0.0	0.0	1	1600	0	33.8	0.0	12
2022105467	2024-10-26	7	0.0	0.5	1.0	1	1600	0	33.4		11
2022105467	2024-11-17	1	1087.5	0.0	0.0	1	1600	0	33.8	2.0	7
2022105467	2025-02-15	2	1514.0	0.4	0.0	1	1600	0	34.8		14
2022105467	2025-04-13	4	2100.0	0.9	3.0	1	1600	2	34.7		18
2022105467	2025-05-11	7	0.0	0.5	0.0	1	1600	0	34.6		18
2022105467	2025-08-17	1	4142.7	0.0	0.0	1	1600	0	33.6		12
2022105467	2025-10-19	10	0.0	0.9	1.0	1	2000	0	35.3		18
2022105467	2025-11-29	9	0.0	0.6	0.0	1	1600	0	34.6		18
2022105499	2024-08-04	5	72.0	0.6	0.0	1	1600	0	34.0	0.0	14
2022105499	2024-09-28	4	83.0	0.2	1.0	1	1200	0	35.1	1.0	13
2022105499	2024-10-20	3	140.0	0.3	0.0	1	1600	0	35.1	1.0	10
2022105499	2024-11-10	2	220.0	0.3	1.0	1	1400	0	34.8	1.0	11
2022105499	2024-12-21	3	140.0	0.4	0.0	1	1600	0	35.4	1.0	16
2022105499	2025-01-11	6	0.0	0.3	0.0	1	1600	0	35.8	1.0	16
2022105499	2025-04-13	12	0.0	1.0	3.0	1	1600	0	36.3	1.0	16
2022105499	2025-08-09	10	0.0	0.8	0.0	1	1400	0	35.8	1.0	18
2022105499	2025-08-30	8	0.0	0.8	0.0	1	1800	0	35.1	1.0	18
2022105499	2025-10-05	13	0.0	1.6	1.0	1	1800	0	35.0	2.0	14
2022105499	2025-10-19	11	0.0	1.5	1.0	1	1800	0	34.1	2.0	13
2022105499	2025-10-26	13	0.0	2.8	1.0	0	1600	3	38.7	2.0	13
2022105516	2024-10-27	5	72.0	2.0	0.0	0	1600	0	38.3	0.0	16
2022105516	2024-11-16	9	0.0	1.4	1.0	0	1600	0	38.7	1.0	16
2022105516	2025-02-01	4	84.0	0.5	0.0	0	1600	0	38.7	1.0	16
2022105516	2025-02-22	3	140.0	1.0	0.0	0	1400	0	37.1	1.0	16
2022105516	2025-04-19	12	0.0	2.3	0.0	0	1700	0	40.9	1.0	15
2022105516	2025-05-25	13	0.0	1.8	1.0	0	1400	3	37.8	1.0	16
2022105516	2025-06-21	1	560.0	0.0	0.0	0	1600	0	38.4	1.0	16
2022105516	2025-08-09	13	0.0	3.3	0.0	0	1800	0	41.7	2.0	14
2022105516	2025-10-11	15	0.0	4.4	3.0	0	1600	2	42.0	2.0	16
2022105516	2025-10-25	10	0.0	2.4	3.0	0	1400	2	35.7	2.0	16
2022105516	2025-11-15	10	0.0	1.6	0.0	0	1400	0	36.5	2.0	16
2022105556	2024-06-30	10	0.0	1.4	1.0	1	1800	0	35.1	0.0	16
2022105556	2024-08-04	2	220.0	0.8	1.0	0	1700	2	37.8	1.0	14
2022105556	2024-08-17	3	140.0	0.4	1.0	0	1700	0	38.0	1.0	14
2022105556	2025-02-09	7	0.0	2.4	0.0	0	2100	0	41.8	1.0	16
2022105556	2025-03-08	2	220.0	0.1	1.0	0	1800	1	39.4	1.0	16
2022105556	2025-05-04	2	220.0	0.3	0.0	0	1800	2	39.8	1.0	15
2022105556	2025-05-25	7	0.0	0.9	1.0	0	1600	3	36.9	1.0	16
2022105556	2025-06-29	1	560.0	0.0	0.0	0	1700	0	36.8	1.0	15
2022105556	2025-09-07	6	0.0	1.5	0.0	0	1800	0	39.1	2.0	15
2022105556	2025-09-28	7	0.0	1.0	0.0	0	1800	0	38.7	2.0	16
2022105556	2025-11-24	9	0.0	1.3	0.0	0	1700	0	39.5	2.0	15
2022105580	2025-05-10	1	560.0	0.0	1.0	1	1800	2	35.4	1.0	15
2022105580	2025-06-01	1	2024.5	0.0	0.0	1	1800	0	34.5		11
2022105580	2025-09-21	5	540.0	0.5	1.0	1	2400	0	33.0		10
2022105580	2025-10-26	12	0.0	1.5	2.0	1	3000	2	36.3		18
2022105590	2024-06-22	2	290.0	0.2	0.0	1	1800	2	33.9	0.0	13
2022105590	2024-07-21	1	550.0	0.0	0.0	1	1800	0	36.0	1.0	9
2022105590	2024-09-21	3	401.8	0.5	0.0	1	2000	0	34.1	5.0	5
2022105590	2024-10-12	2	434.4	0.2	0.0	1	1800	0	33.7	2.0	6
2022105590	2024-12-07	2	434.6	0.7	0.0	1	2000	0	34.6	2.0	7
2022105590	2025-02-16	9	0.0	2.1	1.0	1	1800	0	36.2		9
2022105590	2025-03-16	2	320.0	0.1	3.0	1	1600	2	34.6	2.0	9
2022105590	2025-04-05	8	0.0	0.9	0.0	1	1600	0	34.4		11
2022105590	2025-06-29	2	446.2	0.1	0.0	1	1800	0	34.9	5.0	8
2022105590	2025-10-12	1	800.0	0.0	1.0	1	1600	0	33.5	2.0	18
2022105590	2025-11-02	4	230.0	0.4	1.0	1	1600	0	33.2	5.0	10
2022105590	2026-01-10	11	0.0	1.3	0.0	1	1600	0	34.9	3.0	16
2022105710	2024-10-26	5	72.0	0.3	1.0	1	2000	0	34.8	0.0	13
2022105710	2024-11-17	3	140.0	0.5	1.0	0	1800	0	38.1	1.0	12
2022105710	2025-03-08	1	560.0	0.0	1.0	1	2400	0	34.4	1.0	10
2022105710	2025-04-05	5	111.0	0.8	0.0	1	2400	0	36.8	2.0	9
2022105710	2025-11-01	6	0.0	0.8	0.0	1	1800	0	36.0	2.0	15
2022105710	2025-12-07	1	800.0	0.0	0.0	0	1800	0	37.6	2.0	14
2022105791	2024-08-31	6	0.0	1.1	3.0	0	1400	3	36.8	0.0	16
2022105791	2024-09-16	2	220.0	0.2	0.0	0	1800	2	39.5	1.0	10
2022105791	2024-10-26	3	140.0	0.6	1.0	0	1800	0	38.4	1.0	11
2022105791	2024-11-23	1	550.0	0.0	1.0	0	1800	0	37.3	1.0	14
2022105791	2025-02-09	2	320.0	0.5	0.0	0	1800	2	37.6	2.0	10
2022105791	2025-03-15	1	800.0	0.0	1.0	0	1800	0	37.2	2.0	13
2022105791	2026-01-04	5	158.0	0.9	1.0	0	1800	0	37.1	5.0	13
2022105887	2024-10-06	14	0.0	4.4	0.0	0	1800	0	40.6	0.0	16
2022105887	2024-10-20	7	0.0	6.0	0.0	0	1800	2	42.9	1.0	9
2022105887	2025-02-02	13	0.0	3.9	0.0	1	1800	1	38.6	1.0	13
2022105887	2025-04-26	6	0.0	1.1	0.0	0	1400	0	37.7	1.0	16
2022105887	2025-06-22	12	0.0	2.6	1.0	0	1400	0	41.5	1.0	16
2022105887	2025-07-12	8	0.0	0.8	0.0	1	1200	0	35.6	1.0	18
2022105887	2025-08-23	15	0.0	1.8	1.0	1	1200	0	35.2	1.0	18
2022105887	2025-11-22	11	0.0	10.9	0.0	2	2770	0	13.9	1.0	14
2022105905	2024-11-17	6	0.0	1.6	0.0	0	1600	0	38.0	0.0	16
2022105905	2024-12-08	3	140.0	1.4	0.0	0	1800	0	41.2	1.0	16
2022105905	2024-12-28	8	0.0	1.1	0.0	0	1800	0	40.9	1.0	16
2022105905	2025-03-02	7	0.0	0.7	0.0	0	1200	0	38.3	1.0	16
2022105905	2025-04-08	2	100.0	0.6	0.0	0	1400	2	40.6		12
2022105905	2025-06-15	1	560.0	0.0	0.0	0	1000	0	35.6	1.0	12
2022105905	2025-06-28	9	0.0	1.0	0.0	0	1000	2	36.8	2.0	12
2022105905	2025-10-19	12	0.0	2.1	1.0	0	1200	2	37.7	2.0	14
2022105905	2025-11-09	15	0.0	2.0	2.0	1	1200	0	36.9	2.0	16
2022105988	2024-09-21	6	0.0	0.5	0.0	1	1600	0	34.6	0.0	14
2022105988	2025-03-02	4	84.0	0.4	2.0	1	1800	0	34.8	1.0	18
2022105988	2025-03-29	7	0.0	1.0	0.0	1	2000	0	36.0	1.0	15
2022105988	2025-05-24	4	84.0	0.8	2.0	1	1800	0	34.4	1.0	18
2022105988	2025-06-14	1	560.0	0.0	2.0	1	1600	2	34.6	1.0	18
2022105988	2025-09-14	5	80.0	0.3	1.0	1	1600	0	32.8	2.0	14
2022105988	2025-10-11	3	200.0	0.1	1.0	1	1800	0	34.5	2.0	11
2022105988	2025-11-15	1	800.0	0.0	0.0	1	1600	0	33.9	2.0	18
2022105988	2025-12-07	7	0.0	0.5	0.0	1	1600	0	33.7	5.0	13
2022105996	2024-10-26	4	110.0	0.8	1.0	1	1400	0	34.3	0.0	13
2022105996	2024-11-23	11	0.0	0.8	0.0	1	1400	0	35.7	1.0	18
2022105996	2025-01-25	6	0.0	1.7	2.0	0	1200	0	39.6	1.0	16
2022105996	2025-04-12	9	0.0	1.3	1.0	1	1200	0	36.4	1.0	16
2022105996	2025-06-28	2	220.0	0.1	0.0	1	1200	0	35.9	1.0	16
2022105996	2025-07-13	1	560.0	0.0	0.0	1	1200	0	36.2	1.0	16
2022105996	2025-09-21	6	0.0	0.5	1.0	1	1200	0	34.0	2.0	16
2022105996	2025-11-16	4	120.0	0.2	0.0	1	1200	0	35.7	2.0	16
2022105996	2025-11-22	5	80.0	0.3	0.0	1	1200	0	34.6	2.0	16
2022106016	2024-08-10	6	0.0	0.9	0.0	1	1500	0	35.7	0.0	7
2022106016	2024-08-31	14	0.0	6.5	1.0	0	1700	1	43.1	1.0	14
2022106016	2024-09-21	5	55.0	1.5	0.0	0	1400	0	39.8	1.0	9
2022106016	2024-10-12	9	0.0	1.9	0.0	0	1200	0	37.9	1.0	15
2022106016	2025-01-05	5	56.0	0.7	0.0	0	1400	0	38.7	1.0	16
2022106016	2025-01-19	8	0.0	2.0	1.0	0	1200	0	38.0	1.0	16
2022106016	2025-02-09	4	84.0	1.3	0.0	0	1200	2	37.8	1.0	13
2022106016	2025-05-18	2	220.0	0.1	0.0	1	1200	2	34.7	1.0	16
2022106016	2025-06-07	2	220.0	0.0	1.0	1	1200	0	34.1	1.0	16
2022106016	2025-07-06	1	560.0	0.0	0.0	1	1200	0	35.0	1.0	18
2022106016	2025-09-13	17	0.0	2.0	1.0	1	1400	0	37.1	2.0	18
2022106016	2025-10-25	15	0.0	1.1	1.0	1	1000	0	32.6	5.0	18
2022106016	2025-11-24	9	0.0	0.5	1.0	1	1200	0	34.6	2.0	16
2022106065	2024-07-06	12	0.0	1.8	1.0	1	1800	0	36.2	0.0	14
2022106065	2024-07-20	5	55.0	0.5	1.0	1	1800	0	36.2	1.0	16
2022106065	2024-08-18	3	140.0	1.1	0.0	1	1800	0	34.7	1.0	10
2022106065	2024-09-16	1	550.0	0.0	1.0	1	1600	0	35.2	1.0	13
2022106065	2025-01-18	7	0.0	0.9	0.0	1	1600	0	34.5	2.0	16
2022106065	2025-03-01	6	0.0	0.8	0.0	1	1800	0	35.0	2.0	9
2022106065	2025-03-22	9	0.0	1.5	0.0	1	1800	0	36.4		16
2022106065	2025-04-19	8	0.0	1.4	0.0	1	1800	0	34.2	2.0	8
2022106065	2025-05-18	8	0.0	1.5	1.0	1	1600	0	34.8	2.0	10
2022106065	2025-07-27	3	200.0	0.3	0.0	1	1400	0	33.8	2.0	16
2022106065	2025-08-10	12	0.0	0.7	3.0	1	1400	1	35.8	2.0	18
2022106065	2025-10-05	13	0.0	1.0	0.0	1	1400	0	33.8	2.0	18
2022106065	2025-10-26	13	0.0	1.3	1.0	1	1600	2	33.6	2.0	15
2022106065	2025-11-09	10	0.0	0.5	1.0	1	1200	0	34.5	2.0	16
2022106065	2025-11-24	15	0.0	1.8	0.0	1	1600	0	34.2	2.0	18
2022106229	2024-06-02	5	72.0	1.0	1.0	1	1600	2	33.9	0.0	12
2022106229	2024-06-23	4	83.0	0.5	1.0	1	1600	2	37.3	1.0	10
2022106229	2024-07-28	5	55.0	0.7	1.0	1	1400	0	35.5	1.0	11
2022106229	2024-12-22	4	83.0	0.1	0.0	1	1200	0	36.1	1.0	16
2022106229	2025-01-19	3	140.0	0.0	2.0	1	1600	0	35.6	1.0	16
2022106229	2025-02-15	2	220.0	0.0	0.0	1	1400	0	34.3	1.0	16
2022106229	2025-03-16	3	140.0	0.3	1.0	1	1400	1	37.3	1.0	18
2022106229	2025-05-17	2	220.0	0.2	3.0	1	1400	0	34.6	1.0	18
2022106229	2025-06-15	3	140.0	0.3	1.0	1	1400	2	34.6	1.0	18
2022106229	2025-08-03	1	560.0	0.0	0.0	1	1500	0	36.0	1.0	14
2022106229	2026-01-11	15	0.0	3.9	0.0	1	1600	0	38.7	2.0	16
2022106231	2024-07-28	3	180.0	0.8	1.0	1	1800	1	35.4	0.0	12
2022106231	2024-08-10	3	140.0	0.3	1.0	1	1800	0	34.9	1.0	7
2022106231	2024-12-21	5	55.0	0.8	1.0	1	2000	0	35.6	1.0	16
2022106231	2025-01-18	16	0.0	3.5	0.0	1	2000	0	38.5	1.0	18
2022106231	2025-02-15	2	220.0	0.1	1.0	1	1800	0	36.3	1.0	16
2022106231	2025-03-02	6	0.0	0.8	3.0	1	1800	1	38.7	1.0	16
2022106231	2025-04-19	2	220.0	0.0	0.0	1	1800	0	35.2	1.0	15
2022106231	2025-05-11	5	56.0	0.7	1.0	1	1600	0	35.7	1.0	16
2022106231	2025-06-14	1	560.0	0.0	0.0	1	1800	0	35.3	1.0	15
2022106231	2025-07-05	3	283.0	0.8	0.0	1	1800	2	37.8	5.0	8
2022106231	2025-11-15	7	0.0	1.1	0.0	1	1800	0	37.4	5.0	16
2022106232	2025-02-15	1	620.0	0.0	0.0	0	1400	0	36.7	0.0	16
2022106232	2025-05-03	1	800.0	0.0	0.0	1	1400	0	32.9	2.0	9
2022106232	2025-05-31	13	0.0	0.6	1.0	1	1200	0	33.4		16
2022106232	2025-10-25	1	1578.0	0.0	3.0	1	1400	2	32.5	5.0	12
2022106232	2025-12-21	12	0.0	0.8	2.0	1	1400	1	33.9	4.0	14
2022106433	2024-09-08	5	72.0	0.7	0.0	1	1200	0	34.6	0.0	7
2022106433	2024-11-17	11	0.0	1.2	1.0	1	1200	0	36.9	1.0	18
2022106433	2024-11-30	6	0.0	0.9	1.0	1	1200	0	34.3	1.0	17
2022106433	2025-02-09	1	560.0	0.0	0.0	1	1200	2	36.1	1.0	17
2022106433	2025-03-02	4	170.0	0.3	1.0	1	1200	1	35.9	2.0	18
2022106433	2025-04-26	7	0.0	0.6	0.0	1	1200	0	34.2	2.0	16
2022106433	2025-07-13	5	80.0	0.0	1.0	1	1200	0	34.9	2.0	15
2022106433	2025-08-10	9	0.0	0.8	1.0	1	1400	0	34.7	2.0	15
2022106433	2025-10-04	6	0.0	0.4	1.0	1	1200	1	34.1	2.0	18
2022106433	2025-11-15	7	0.0	0.5	0.0	1	1200	0	34.7	2.0	16
2022106470	2024-11-02	2	290.0	0.4	3.0	1	1200	2	35.6	0.0	16
2022106470	2024-11-17	2	220.0	0.0	0.0	1	1200	0	35.0	1.0	16
2022106470	2024-12-14	10	0.0	1.1	1.0	1	1200	0	34.6	1.0	15
2022106470	2025-01-25	2	220.0	0.3	0.0	1	1200	0	34.6	1.0	17
2022106470	2025-02-15	7	0.0	1.3	0.0	1	1200	0	35.3	1.0	18
2022106470	2025-04-20	1	560.0	0.0	1.0	1	1200	0	34.6	1.0	16
2022106470	2025-05-11	10	0.0	1.2	1.0	1	1400	0	34.4		11
2022106470	2025-07-19	3	200.0	0.2	0.0	1	1200	0	35.3	2.0	9
2022106470	2025-08-10	1	800.0	0.0	1.0	1	1400	0	34.2	2.0	15
2022106470	2025-11-16	1	1140.0	0.0	0.0	1	1400	0	34.0	3.0	15
2022106628	2024-08-17	4	110.0	1.8	0.0	0	1800	0	39.3	0.0	16
2022106628	2024-09-07	6	0.0	3.2	0.0	0	1800	0	41.3	1.0	7
2022106628	2024-11-30	12	0.0	1.7	1.0	0	1400	0	38.6	1.0	16
2022106628	2025-01-06	7	0.0	0.6	1.0	0	1800	0	39.5	1.0	16
2022106628	2025-03-15	4	84.0	1.1	1.0	0	1800	0	39.1	1.0	16
2022106628	2025-04-12	11	0.0	2.1	0.0	0	1800	0	41.3	1.0	16
2022106628	2025-07-05	1	560.0	0.0	0.0	0	1700	0	38.2	1.0	16
2022106633	2024-09-28	16	0.0	2.8	1.0	1	2000	0	35.3	0.0	17
2022106633	2024-12-15	8	0.0	1.1	0.0	1	1800	0	34.7	1.0	14
2022106633	2025-01-11	2	220.0	0.1	0.0	1	2200	0	35.2	1.0	18
2022106633	2025-01-26	3	140.0	0.4	0.0	1	2200	0	35.5	1.0	16
2022106633	2025-03-29	1	560.0	0.0	0.0	1	2200	1	35.2	1.0	18
2022106633	2025-07-20	3	200.0	0.6	0.0	1	2600	0	35.3	2.0	9
2022106633	2025-08-10	5	80.0	1.5	1.0	1	2000	0	35.8	2.0	9
2022106633	2025-08-31	12	0.0	2.4	1.0	1	2600	2	38.3	5.0	14
2022106633	2025-11-22	1	1169.5	0.0	0.0	1	1800	0	34.1	5.0	16
2022106633	2025-12-14	1	1572.4	0.0	0.0	1	2200	2	34.7	5.0	10
2022106684	2024-10-12	9	0.0	1.6	0.0	1	2000	0	35.0	0.0	13
2022106684	2024-10-27	8	0.0	1.5	0.0	1	2000	0	36.3	1.0	12
2022106684	2024-12-28	3	140.0	0.2	0.0	1	2000	0	34.8	1.0	16
2022106684	2025-01-18	9	0.0	1.8	0.0	1	2000	0	36.0	1.0	18
2022106684	2025-03-29	5	56.0	0.5	0.0	1	2200	1	35.4	1.0	18
2022106684	2025-04-19	4	84.0	0.9	0.0	1	2600	0	36.6	1.0	16
2022106684	2025-06-15	3	140.0	1.1	0.0	1	2600	0	35.9	1.0	10
2022106684	2025-06-28	4	84.0	1.7	0.0	0	2400	2	38.6	1.0	12
2022106684	2025-07-12	14	0.0	2.3	0.0	1	2600	0	37.1	1.0	16
2022106684	2025-08-24	2	220.0	0.2	0.0	1	2600	0	38.1	1.0	13
2022106684	2025-09-06	13	0.0	1.7	0.0	1	2000	0	37.6	1.0	16
2022106684	2025-11-09	7	0.0	0.5	1.0	1	2600	0	35.3	2.0	16
2022106684	2025-11-29	13	0.0	2.1	1.0	1	2400	0	36.5	2.0	16
2022106744	2024-07-07	2	290.0	0.1	0.0	1	2000	0	35.5	0.0	11
2022106744	2024-09-01	4	83.0	0.4	0.0	1	2000	0	35.7	1.0	11
2022106744	2024-10-19	1	550.0	0.0	0.0	1	2000	0	34.1	1.0	7
2022106744	2024-11-30	3	273.7	0.0	0.0	1	2000	0	33.9	2.0	12
2022106744	2025-01-26	1	1134.5	0.0	0.0	1	1800	0	35.1	2.0	11
2022106744	2025-02-16	3	1004.7	0.4	1.0	1	1800	0	33.3		9
2022106770	2024-07-20	4	110.0	1.3	1.0	1	2000	0	35.5	0.0	10
2022106770	2024-08-04	2	220.0	0.0	0.0	1	2000	0	35.3	1.0	8
2022106770	2024-09-01	5	55.0	0.5	0.0	1	2000	0	36.0	1.0	11
2022106770	2024-09-15	5	55.0	1.1	0.0	1	2000	0	36.1	1.0	14
2022106770	2024-12-22	15	0.0	2.4	0.0	1	2000	0	37.8	1.0	18
2022106770	2025-01-18	15	0.0	2.6	0.0	1	2000	0	36.7	1.0	18
2022106770	2025-05-17	14	0.0	2.4	3.0	1	2000	2	38.0	1.0	16
2022106770	2025-06-29	5	56.0	0.4	0.0	1	2000	0	35.2	1.0	15
2022106770	2025-07-19	4	84.0	0.4	0.0	1	2000	0	37.1	1.0	16
2022106770	2025-08-16	2	220.0	0.2	0.0	1	2000	0	35.3	1.0	17
2022106770	2025-08-31	9	0.0	1.7	0.0	1	2200	0	37.6	1.0	18
2022106770	2026-01-24	12	0.0	1.1	0.0	1	2600	0	35.3	2.0	15
2022106925	2024-12-15	2	290.0	0.3	0.0	0	1800	0	38.5	0.0	16
2022106925	2025-01-05	1	560.0	0.0	0.0	0	1900	0	38.8	1.0	16
2022106925	2025-01-18	11	0.0	1.7	0.0	0	1800	0	39.1	2.0	16
2022106925	2025-03-16	2	729.4	0.2	2.0	0	1400	1	36.9	5.0	12
2022106925	2025-04-06	15	0.0	3.3	0.0	0	1400	0	39.2	5.0	15
2022106925	2025-05-31	1	1921.7	0.0	1.0	0	1800	0	36.5		9
2022106925	2025-08-10	4	560.0	0.6	3.0	0	1800	3	37.2		15
2022106925	2025-09-02	2	1400.0	0.4	1.0	0	2000	3	35.5		12
2022106925	2025-10-08	4	700.0	2.7	0.0	0	2000	0	40.3		16
2022106925	2025-11-22	11	0.0	2.3	0.0	0	1900	0	39.5	5.0	16
2022106975	2024-09-07	7	0.0	0.5	0.0	1	2000	0	34.3	0.0	7
2022106975	2024-10-26	3	140.0	0.5	0.0	0	1800	0	37.7	1.0	12
2022106975	2024-11-24	3	140.0	0.7	0.0	0	1600	0	36.4	1.0	16
2022106975	2024-12-14	2	220.0	0.1	0.0	0	1800	0	40.5	1.0	16
2022106975	2025-01-06	3	140.0	1.0	1.0	0	1800	0	39.8	1.0	16
2022106975	2025-05-25	2	220.0	0.0	1.0	0	1600	3	35.7	1.0	16
2022106975	2025-06-15	1	560.0	0.0	1.0	0	1600	1	36.8	1.0	16
2022106975	2025-12-27	7	0.0	1.3	1.0	0	1800	2	39.3	2.0	16
2022106998	2024-10-26	4	110.0	1.1	1.0	0	1400	0	37.4	0.0	16
2022106998	2024-11-17	4	83.0	2.5	1.0	0	1800	0	39.4	1.0	12
2022106998	2024-12-08	4	83.0	1.6	0.0	0	1400	0	38.4	1.0	11
2022106998	2025-02-01	2	220.0	0.3	0.0	0	1400	0	37.1	1.0	15
2022106998	2025-02-16	1	560.0	0.0	1.0	0	1400	2	37.7	1.0	16
2022106998	2025-03-23	6	0.0	1.3	0.0	0	1200	0	37.7	2.0	15
2022106998	2025-04-26	11	0.0	0.4	1.0	0	1600	2	35.7	2.0	16
2022106998	2025-11-16	5	80.0	0.9	0.0	0	1700	0	37.9	2.0	15
2022106998	2025-11-30	6	0.0	0.9	0.0	0	1400	0	37.8	2.0	16
2022106998	2026-01-17	4	120.0	0.6	0.0	0	1400	0	36.2	2.0	15
2022107138	2024-11-02	8	0.0	1.2	2.0	0	1600	1	36.2	0.0	16
2022107138	2025-01-13	13	0.0	4.3	0.0	0	1800	0	44.8	1.0	16
2022107138	2025-04-13	1	560.0	0.0	1.0	1	1200	0	35.2	1.0	16
2022107138	2025-06-29	1	800.0	0.0	0.0	1	1200	0	35.4	2.0	14
2022107138	2025-09-27	6	0.0	0.4	0.0	1	1200	0	33.7	5.0	16
2022107138	2025-11-09	13	0.0	0.9	1.0	1	1400	0	34.0	3.0	18
2022107167	2024-08-03	5	72.0	1.2	0.0	1	1600	0	33.8	0.0	11
2022107167	2024-08-24	5	55.0	0.7	1.0	1	1600	0	34.8	1.0	10
2022107167	2024-09-15	1	550.0	0.0	0.0	0	1800	0	39.5	1.0	13
2022107167	2025-01-25	5	80.0	4.3	1.0	0	1800	0	40.8	2.0	6
2022107167	2025-02-01	9	0.0	2.5	0.0	0	1600	0	38.8	2.0	13
2022107167	2025-04-20	15	0.0	3.8	1.0	0	1800	0	41.3	2.0	15
2022107167	2025-07-05	12	0.0	3.0	0.0	0	1700	2	41.5	2.0	14
2022107167	2025-09-06	2	320.0	0.4	0.0	0	1200	2	36.4	2.0	16
2022107167	2025-09-21	11	0.0	2.0	0.0	0	1200	0	38.5	2.0	16
2022107167	2025-12-13	15	0.0	4.6	0.0	0	1400	0	41.2	2.0	16
2022107233	2024-10-05	11	0.0	1.8	2.0	1	2000	2	34.4	0.0	12
2022107233	2024-10-20	6	0.0	1.0	0.0	1	1800	0	34.2	1.0	10
2022107233	2024-11-09	12	0.0	2.1	0.0	1	2000	0	35.3	1.0	12
2022107233	2024-11-24	8	0.0	2.1	0.0	1	2000	0	35.1	1.0	12
2022107233	2025-01-12	14	0.0	1.5	1.0	1	2000	0	36.0	1.0	18
2022107233	2025-02-01	9	0.0	0.6	0.0	1	1800	0	34.4	1.0	16
2022107233	2025-03-02	3	140.0	1.9	0.0	0	1800	0	40.0	1.0	16
2022107233	2025-03-23	9	0.0	1.9	0.0	0	1800	2	39.3	1.0	16
2022107233	2025-06-15	2	220.0	0.5	0.0	0	1700	0	38.2	1.0	14
2022107233	2025-06-29	4	84.0	0.7	1.0	0	1700	0	38.3	1.0	9
2022107233	2025-07-12	2	220.0	0.5	0.0	0	1700	0	38.5	1.0	14
2022107233	2025-07-19	2	220.0	0.1	0.0	0	1700	0	38.6	1.0	13
2022107233	2025-08-03	4	84.0	0.8	0.0	0	1700	0	39.9	1.0	14
2022107233	2025-08-17	7	0.0	2.0	3.0	0	1700	0	38.8	1.0	14
2022107233	2025-08-31	7	0.0	0.9	1.0	0	1700	2	37.1	2.0	12
2022107233	2025-10-19	7	0.0	1.4	1.0	0	1800	1	38.5	2.0	15
2022107233	2025-10-26	5	80.0	1.5	3.0	0	1800	2	38.0	2.0	12
2022107233	2025-11-23	8	0.0	1.1	1.0	0	2100	0	37.1	2.0	16
2022107233	2025-12-13	6	0.0	1.3	1.0	0	1900	0	38.6	2.0	12
2022107233	2026-01-18	4	120.0	1.0	0.0	0	1800	0	39.2	2.0	14
2022107282	2025-01-05	3	160.0	0.5	0.0	1	2000	0	34.5	0.0	18
2022107282	2025-03-29	2	220.0	0.2	0.0	1	2000	0	35.5	1.0	15
2022107282	2025-06-15	1	560.0	0.0	0.0	1	2000	0	34.9	1.0	12
2022107282	2025-06-29	2	447.2	0.0	0.0	1	2000	0	34.1	5.0	10
2022107282	2025-07-20	1	800.0	0.0	0.0	1	2600	0	35.0	2.0	9
2022107282	2025-08-17	1	1580.8	0.0	1.0	1	2600	2	36.4	5.0	14
2022107282	2025-10-26	9	0.0	0.8	2.0	1	3000	2	36.0		18
2022107317	2024-07-27	4	110.0	1.1	0.0	1	1400	0	35.8	0.0	15
2022107317	2024-08-31	2	220.0	1.0	2.0	1	1400	1	36.1	1.0	8
2022107317	2024-09-14	13	0.0	1.2	0.0	1	1600	0	35.5	1.0	15
2022107317	2024-12-14	13	0.0	1.3	0.0	1	1400	0	35.7	1.0	18
2022107317	2025-03-29	6	0.0	2.7	1.0	0	1400	2	38.2	1.0	16
2022107317	2025-05-25	5	56.0	0.8	1.0	0	1400	3	36.7	1.0	16
2022107317	2025-06-07	3	140.0	0.6	0.0	0	1400	0	38.0	1.0	15
2022107317	2025-06-28	2	220.0	0.0	0.0	0	1700	0	39.2	1.0	16
2022107317	2025-07-19	1	560.0	0.0	0.0	0	1700	1	37.7	1.0	16
2022107317	2025-10-13	5	80.0	1.8	0.0	0	1800	0	38.9	2.0	13
2022107317	2025-10-26	6	0.0	1.0	1.0	0	1800	1	36.8	2.0	12
2022107325	2024-08-03	11	0.0	5.4	0.0	0	1800	0	43.0	0.0	15
2022107325	2024-09-07	7	0.0	1.5	0.0	0	1400	0	38.0	1.0	10
2022107325	2024-09-21	14	0.0	2.7	0.0	0	1400	0	41.0	1.0	16
2022107325	2024-11-24	1	550.0	0.0	1.0	0	1200	0	37.2	1.0	16
2022107325	2024-12-08	7	0.0	2.8	1.0	0	1200	0	37.3	2.0	10
2022107325	2025-02-01	3	200.0	0.9	1.0	0	1200	0	36.2	2.0	8
2022107325	2025-02-16	10	0.0	3.1	1.0	0	1400	2	40.0	2.0	11
2022107325	2025-04-20	16	0.0	58.1	1.0	0	1200	0	94.3	2.0	16
2022107325	2025-08-16	16	0.0	3.6	0.0	0	1200	0	38.9	2.0	16
2022107325	2025-11-15	18	0.0	0.8	0.0	1	1600	0	33.8	2.0	18
2022107325	2025-12-20	8	0.0	1.3	0.0	0	1800	0	36.8	2.0	16
2022107325	2026-01-11	8	0.0	1.4	0.0	0	1800	0	37.1	2.0	14
2022110026	2025-05-25	4	84.0	0.5	2.0	1	1200	2	35.7	1.0	16
2022110026	2025-06-07	1	560.0	0.0	1.0	1	1200	0	34.2	1.0	16
2022110026	2025-07-06	3	283.1	0.6	0.0	1	1200	0	35.3	5.0	8
2022110026	2025-07-20	1	800.0	0.0	0.0	1	1200	0	35.5	2.0	12
2022110026	2025-09-13	2	627.2	0.1	0.0	1	1200	2	33.3	5.0	11
2022110026	2025-09-27	3	395.3	0.3	0.0	1	1200	0	34.1	5.0	16
2022110026	2025-10-26	4	230.0	0.2	1.0	1	1200	2	34.1	5.0	14
2022110026	2025-11-08	13	0.0	0.8	0.0	1	1200	0	36.0	5.0	16
2022110026	2026-01-10	3	405.8	0.6	0.0	1	1200	0	34.1	5.0	18
2022110056	2024-09-01	1	720.0	0.0	3.0	1	1400	1	35.1	0.0	11
2022110056	2024-10-05	7	0.0	1.2	2.0	1	1600	2	36.3		7
2022110056	2024-12-21	3	273.6	0.3	1.0	1	1400	0	34.1	2.0	12
2022110056	2025-01-11	1	800.0	0.0	0.0	1	1200	0	35.1	2.0	7
2022110056	2025-02-23	4	300.0	0.4	1.0	1	1200	0	34.0		8
2022110056	2025-05-11	8	0.0	0.4	1.0	1	1400	0	34.1		11
2022110056	2025-10-05	14	0.0	0.8	1.0	1	1400	0	35.0	3.0	17
2022110056	2025-10-26	3	394.7	0.1	1.0	1	1200	2	33.6	5.0	14
2022110056	2025-11-08	3	396.2	0.1	0.0	1	1200	0	34.7	5.0	16
2022110056	2026-01-10	5	158.0	1.0	0.0	1	1200	0	34.2	5.0	18
2022110130	2025-01-06	2	250.0	0.2	1.0	1	1600	0	34.9	0.0	16
2022110130	2025-03-29	3	200.0	0.3	3.0	1	1800	2	36.1	2.0	8
2022110130	2025-04-26	3	140.0	0.2	1.0	1	1400	0	34.9	1.0	18
2022110130	2025-05-17	1	560.0	0.0	3.0	1	1400	0	34.7	1.0	18
2022110130	2025-08-30	3	285.7	0.5	0.0	1	1400	0	34.5	5.0	18
2022110130	2025-09-28	3	200.0	0.7	0.0	1	1600	0	34.9	2.0	16
2022110130	2025-10-18	6	0.0	0.9	0.0	1	1400	0	34.1	2.0	17
2023100101	2025-09-28	14	0.0	3.9	0.0	0	1200	0	40.8	0.0	16
2023100282	2025-12-06	2	300.0	0.4	0.0	0	1200	0	36.6	0.0	16
2023100328	2025-06-14	8	0.0	2.3	1.0	1	1600	0	36.4	0.0	11
2023100328	2025-07-13	6	0.0	3.2	0.0	1	1200	0	39.9	1.0	9
2023100328	2025-08-17	9	0.0	1.6	0.0	1	1600	0	35.6	1.0	11
2023100328	2025-11-01	10	0.0	0.9	0.0	1	1400	2	33.9	1.0	12
2023100328	2025-12-06	8	0.0	2.1	0.0	0	1200	0	38.9	1.0	15
2023100332	2025-08-31	5	75.0	2.7	0.0	0	1800	0	39.1	0.0	15
2023100332	2025-10-18	8	0.0	2.4	1.0	0	1800	0	40.2	1.0	14
2023100332	2025-12-28	10	0.0	1.7	0.0	0	1800	0	41.1	1.0	16
2023100332	2026-01-11	8	0.0	2.3	1.0	0	1800	0	40.6	1.0	16
2023100578	2025-06-21	12	0.0	4.4	0.0	1	1800	0	35.9	0.0	12
2023100578	2025-11-30	12	0.0	2.4	0.0	1	1600	0	35.3	1.0	13
2023100578	2026-01-05	8	0.0	2.6	0.0	0	1800	2	40.7	1.0	12
2023100609	2026-01-11	4	98.0	0.4	0.0	0	1800	0	39.0	0.0	16
2023100619	2025-10-18	15	0.0	4.8	1.0	0	1400	2	40.3	0.0	16
2023100619	2026-01-25	16	0.0	2.4	0.0	1	2000	0	36.5	1.0	18
2023100629	2025-10-18	8	0.0	1.0	0.0	1	1600	0	34.1	0.0	16
2023100629	2025-11-15	14	0.0	1.0	0.0	1	1600	0	34.3	1.0	17
2023100629	2025-12-13	2	220.0	0.9	1.0	0	1800	0	39.2	1.0	16
2023100629	2026-01-04	3	150.0	2.4	0.0	0	1800	2	39.5	1.0	13
2023100633	2025-10-11	6	0.0	3.1	3.0	0	1400	2	37.1	0.0	16
2023100633	2025-10-26	3	140.0	0.5	2.0	0	1400	3	36.5	1.0	14
2023100686	2025-07-06	7	0.0	1.1	1.0	1	1200	0	36.8	0.0	11
2023100686	2025-07-26	7	0.0	3.4	0.0	0	1200	0	41.2	1.0	8
2023100804	2025-09-20	11	0.0	2.0	1.0	1	1600	0	34.7	0.0	14
2023100804	2025-12-21	16	0.0	1.8	3.0	1	1800	2	35.5	1.0	18
2023100804	2026-01-11	11	0.0	2.7	0.0	0	1800	0	39.4	1.0	16
2023100892	2025-11-24	10	0.0	2.0	0.0	1	1600	0	36.0	0.0	13
2023100892	2025-12-14	9	0.0	1.2	3.0	0	1200	2	39.1	1.0	15
2023100922	2026-01-12	13	0.0	2.6	0.0	0	1800	0	38.4	0.0	16
2023100940	2025-08-31	12	0.0	4.8	0.0	0	1800	0	41.6	0.0	15
2023100940	2025-09-21	2	220.0	0.2	0.0	1	1800	0	35.0	1.0	10
2023100940	2025-10-11	1	560.0	0.0	3.0	1	1800	0	33.4	1.0	10
2023100940	2025-11-24	5	380.0	0.5	0.0	1	1800	0	33.5		12
2023100967	2025-09-21	1	750.0	0.0	0.0	1	1800	0	33.6	0.0	9
2023100997	2025-11-30	2	300.0	0.1	0.0	1	1200	0	34.6	0.0	13
2023101048	2025-11-02	3	190.0	0.4	1.0	1	2000	0	33.8	0.0	9
2023101070	2026-01-10	13	0.0	2.5	0.0	1	2000	0	36.5	0.0	15
2023101113	2025-08-02	5	75.0	0.7	0.0	1	1600	0	34.4	0.0	7
2023101113	2025-08-23	7	0.0	1.0	1.0	1	1400	0	34.4	1.0	9
2023101113	2025-09-14	2	220.0	1.2	1.0	0	1400	0	37.4	1.0	13
2023101113	2025-12-20	3	140.0	1.2	0.0	0	1400	0	39.1	1.0	16
2023101113	2026-01-12	1	590.0	0.0	0.0	0	1400	0	37.9	1.0	16
2023101125	2025-10-11	6	0.0	1.4	3.0	0	1600	2	38.3	0.0	16
2023101125	2025-12-13	6	0.0	2.1	1.0	0	1800	0	40.7	1.0	16
2023101145	2025-10-18	6	0.0	1.1	2.0	1	1600	0	34.8	0.0	13
2023101145	2026-01-10	8	0.0	0.8	0.0	1	1600	0	35.6	1.0	18
2023101215	2025-10-05	8	0.0	1.9	0.0	1	2000	0	35.2	0.0	15
2023101215	2025-10-26	3	140.0	0.8	2.0	1	2000	2	36.2	1.0	10
2023101215	2025-11-15	10	0.0	1.0	0.0	1	2000	0	34.2	1.0	13
2023101260	2025-11-29	9	0.0	2.8	0.0	0	1400	0	38.4	0.0	16
2023101260	2025-12-27	16	0.0	11.6	1.0	0	1200	2	41.4	1.0	16
2023101404	2025-12-13	6	0.0	0.9	1.0	1	2000	0	34.2	0.0	12
2023101404	2026-01-17	4	89.0	0.2	0.0	1	2000	0	35.1	1.0	18
2023101438	2025-12-27	14	0.0	6.5	1.0	0	1200	2	42.1	0.0	14
2023101566	2025-08-30	4	110.0	0.4	1.0	1	1400	0	35.8	0.0	18
2023101566	2025-09-27	3	140.0	0.5	1.0	1	1600	0	34.8	1.0	16
2023101566	2025-10-19	1	560.0	0.0	1.0	1	1600	0	33.6	1.0	8
2023101566	2025-12-20	3	283.6	0.5	1.0	1	1600	0	34.2	2.0	12
2023101577	2025-11-22	12	0.0	1.6	0.0	1	1600	0	35.3	0.0	17
2023101577	2025-12-13	6	0.0	1.0	0.0	1	2000	0	36.1	1.0	8
2023101577	2025-12-27	1	560.0	0.0	0.0	1	1600	0	35.4	1.0	15
2023101577	2026-01-12	15	0.0	2.0	0.0	1	1600	0	36.7		16
2023101606	2025-10-26	16	0.0	1.7	2.0	1	1400	2	34.5	0.0	18
2023101606	2025-11-22	15	0.0	3.7	0.0	1	1200	0	36.5	1.0	18
2023101644	2025-10-25	10	0.0	2.5	2.0	0	1600	2	36.7	0.0	16
2023101644	2025-11-09	6	0.0	2.0	2.0	0	1600	2	38.2	1.0	16
2023101644	2025-12-06	5	56.0	0.5	0.0	0	1800	0	38.3	1.0	16
2023101644	2025-12-20	5	56.0	1.7	1.0	0	1800	0	39.5	1.0	16
2023101644	2026-01-04	4	89.0	2.6	0.0	0	1800	2	39.3	1.0	13
2023101742	2026-01-11	12	0.0	2.5	0.0	0	1800	0	39.2	0.0	16
2023101742	2026-01-24	10	0.0	3.4	1.0	0	1700	0	40.6	1.0	10
2023101878	2025-11-16	12	0.0	1.8	0.0	0	1600	0	37.5	0.0	16
2023101878	2026-01-12	15	0.0	4.1	0.0	0	1800	0	40.2	1.0	16
2023101880	2025-10-13	6	0.0	0.6	0.0	1	1800	0	35.3	0.0	13
2023101880	2025-11-01	13	0.0	3.9	0.0	0	1600	3	40.5	1.0	16
2023101880	2025-11-15	12	0.0	1.3	0.0	1	2000	0	35.3	1.0	13
2023101907	2025-10-26	15	0.0	3.2	2.0	1	1800	2	35.9	0.0	16
2023101907	2025-11-29	12	0.0	2.5	0.0	1	1800	0	36.0	1.0	12
2023101988	2025-11-02	12	0.0	3.7	0.0	0	1400	2	38.6	0.0	16
2023101988	2026-01-10	7	0.0	1.8	0.0	0	1800	0	38.9	1.0	16
2023102033	2025-11-16	7	0.0	1.3	0.0	1	1600	0	34.6	0.0	12
2023102033	2025-12-06	4	84.0	0.4	0.0	0	1800	0	39.5	1.0	13
2023102033	2025-12-28	2	220.0	0.1	0.0	0	1800	0	39.4	1.0	16
2023102033	2026-01-11	6	0.0	2.0	1.0	0	1800	0	40.5	1.0	16
2023102080	2026-01-12	7	0.0	1.2	0.0	1	1600	0	35.3	0.0	18
2023102208	2025-06-21	4	110.0	0.9	1.0	1	1200	0	34.8	0.0	15
2023102208	2025-07-05	2	220.0	0.2	0.0	1	1200	1	36.3	1.0	8
2023102208	2025-07-20	8	0.0	1.0	0.0	1	1200	0	36.1	1.0	16
2023102208	2025-09-06	4	84.0	1.2	0.0	1	1200	0	35.9	1.0	11
2023102208	2025-09-27	2	220.0	0.8	0.0	0	1400	0	37.6	1.0	15
2023102208	2025-10-12	1	560.0	0.0	1.0	0	1400	0	37.8	1.0	12
2023102208	2025-11-30	8	0.0	1.5	0.0	1	1600	0	35.4	2.0	11
2023102208	2025-12-21	4	170.0	0.3	3.0	0	1400	2	37.1	2.0	16
2023102266	2025-09-28	11	0.0	1.9	0.0	1	2000	0	35.4	0.0	17
2023102266	2025-10-12	9	0.0	1.7	1.0	1	2000	0	35.5	1.0	10
2023102266	2026-01-18	10	0.0	5.0	0.0	0	1800	0	42.7	1.0	13
2023102305	2025-10-25	16	0.0	3.1	2.0	0	1400	2	38.9	0.0	16
2023102305	2025-11-08	7	0.0	2.5	1.0	0	1300	0	37.7	1.0	15
2023102305	2025-11-23	9	0.0	1.1	1.0	0	1300	0	36.9	1.0	16
2023102305	2025-12-14	7	0.0	0.8	3.0	0	1200	2	38.2	1.0	15
2023102305	2026-01-11	7	0.0	1.5	1.0	0	1200	0	38.6	1.0	16
2023102333	2025-09-21	8	0.0	1.6	0.0	1	2000	0	35.0	0.0	10
2023102333	2025-10-19	8	0.0	1.2	1.0	1	2000	2	36.3	1.0	12
2023102333	2026-01-11	7	0.0	0.7	0.0	1	2200	0	36.1	1.0	17
2023102435	2026-01-10	11	0.0	2.2	0.0	0	1400	0	38.1	0.0	16
2023102442	2025-06-29	8	0.0	2.0	0.0	1	1800	0	36.6	0.0	13
2023102442	2025-07-12	5	56.0	1.3	1.0	1	1800	0	37.9	1.0	10
2023102442	2025-08-23	2	220.0	0.1	0.0	1	2000	0	36.5	1.0	6
2023102442	2025-10-19	4	84.0	0.8	1.0	1	2000	2	36.8	1.0	12
2023102442	2025-11-15	8	0.0	0.6	0.0	1	2000	0	36.3	1.0	16
2023102442	2025-12-06	6	0.0	1.3	0.0	1	2000	0	35.5	1.0	14
2023102442	2026-01-11	10	0.0	0.9	0.0	1	2200	0	36.5	1.0	17
2023102459	2025-07-06	6	0.0	2.9	1.0	1	1800	2	38.0	0.0	6
2023102459	2025-08-03	5	56.0	0.8	0.0	0	1000	0	37.9	1.0	12
2023102459	2025-10-25	15	0.0	5.6	0.0	0	1200	0	42.7	1.0	15
2023102459	2025-12-27	9	0.0	1.8	0.0	0	1400	2	39.4	1.0	16
2023102459	2026-01-24	9	0.0	0.9	0.0	0	1200	0	36.5	1.0	14
2023102504	2025-12-21	4	110.0	0.9	1.0	1	1600	1	35.9	0.0	16
2023102504	2026-01-10	5	59.0	0.9	0.0	1	1600	0	34.9	1.0	16
2023102527	2025-10-18	12	0.0	1.1	0.0	1	1400	0	34.8	0.0	18
2023102530	2025-11-16	15	0.0	6.5	0.0	0	1700	0	43.8	0.0	15
2023102589	2025-09-28	14	0.0	0.9	0.0	1	1400	0	35.7	0.0	18
2023102589	2025-11-22	6	0.0	2.2	0.0	0	1800	0	38.7	1.0	15
2023102589	2025-12-06	7	0.0	2.1	0.0	0	1800	0	38.3	1.0	16
2023102630	2025-12-27	6	0.0	2.7	0.0	0	1800	2	38.6	0.0	11
2023102630	2026-01-17	6	0.0	1.9	0.0	0	1900	0	39.3	1.0	13
2023102642	2025-07-06	4	110.0	2.3	1.0	1	1800	2	37.0	0.0	6
2023102642	2025-07-19	7	0.0	1.8	1.0	1	1800	0	35.9	1.0	11
2023102642	2025-08-02	7	0.0	1.1	0.0	1	1800	0	36.2	1.0	8
2023102642	2025-09-20	7	0.0	1.6	1.0	1	2000	0	37.4	1.0	7
2023102642	2025-12-06	13	0.0	1.6	0.0	1	2000	0	34.1	1.0	14
2023102662	2026-01-04	3	160.0	0.2	0.0	1	2000	0	34.8	0.0	17
2023102730	2025-07-20	3	190.0	1.3	0.0	1	2000	0	37.7	0.0	13
2023102730	2025-08-30	2	220.0	0.3	1.0	1	1800	0	34.8	1.0	11
2023102730	2025-09-27	4	84.0	0.6	1.0	1	1600	0	35.1	1.0	16
2023102730	2025-10-25	1	560.0	0.0	0.0	1	1800	0	33.6	1.0	13
2023102730	2025-12-06	7	0.0	0.8	0.0	1	1600	0	33.5	2.0	8
2023102737	2025-10-19	14	0.0	1.4	1.0	1	1400	2	37.0	0.0	18
2023102737	2026-01-05	15	0.0	1.5	0.0	1	2000	0	37.6	1.0	18
2023102797	2025-10-11	11	0.0	0.7	3.0	1	1600	0	34.7	0.0	14
2023102833	2025-12-06	8	0.0	1.9	0.0	1	2000	0	35.4	0.0	10
2023102833	2026-01-11	11	0.0	1.2	0.0	1	2200	0	36.2	1.0	17
2023102891	2025-09-28	3	190.0	0.9	0.0	0	1800	0	37.5	0.0	9
2023102891	2025-10-12	5	56.0	1.8	1.0	0	1800	0	39.2	1.0	7
2023102891	2025-11-22	8	0.0	1.5	0.0	0	1700	0	40.1	1.0	14
2023102964	2025-06-08	10	0.0	4.8	1.0	1	1800	0	37.7	0.0	10
2023102964	2025-09-06	4	84.0	1.2	0.0	0	1700	0	39.9	1.0	10
2023102964	2025-09-28	10	0.0	3.5	0.0	0	1800	0	41.5	1.0	12
2023102964	2025-11-24	13	0.0	2.2	0.0	1	2000	0	36.7	1.0	16
2023102964	2025-12-13	9	0.0	2.5	1.0	0	1800	0	41.0	1.0	16
2023102964	2026-01-04	6	0.0	3.6	0.0	0	1800	2	40.9	1.0	13
2023102987	2026-01-17	7	0.0	1.4	0.0	0	1400	0	37.6	0.0	16
2023103158	2025-12-06	8	0.0	3.0	0.0	0	1200	0	38.2	0.0	10
2023103218	2025-09-28	7	0.0	0.6	0.0	1	1400	0	35.8	0.0	18
2023103218	2025-10-11	3	140.0	0.4	1.0	0	1200	0	38.0	1.0	16
2023103218	2025-11-01	11	0.0	1.1	0.0	1	1200	2	34.8	1.0	12
2023103218	2026-01-17	1	590.0	0.0	0.0	0	1200	0	37.5	1.0	16
2023103298	2025-10-25	5	75.0	0.5	2.0	1	2000	0	34.2	0.0	9
2023103298	2025-11-15	8	0.0	0.7	0.0	1	2000	0	34.5	1.0	13
2023103298	2025-12-07	5	56.0	0.2	0.0	1	1800	0	33.7	1.0	16
2023103298	2025-12-20	8	0.0	1.2	2.0	1	1800	0	34.7	1.0	16
2023103410	2025-11-24	8	0.0	1.3	0.0	1	1400	0	34.1	0.0	14
2023103424	2025-11-09	5	75.0	1.7	3.0	1	2000	1	36.8	0.0	8
2023103424	2025-11-22	3	140.0	0.6	0.0	0	1700	0	39.1	1.0	15
2023103427	2025-08-17	6	0.0	1.3	0.0	1	1800	0	34.6	0.0	11
2023103427	2025-11-08	4	84.0	0.3	0.0	0	1700	0	39.1	1.0	14
2023103427	2025-12-06	5	56.0	0.6	0.0	0	1800	0	40.4	1.0	13
2023103458	2025-10-04	2	300.0	0.2	1.0	1	1800	0	34.0	0.0	17
2023103458	2025-10-25	6	0.0	1.1	2.0	1	1800	0	35.1	1.0	9
2023103470	2025-11-22	9	0.0	3.0	0.0	0	1800	0	38.9	1.0	15
2023103502	2025-09-21	9	0.0	4.6	0.0	0	1800	0	40.1	0.0	9
2023103502	2025-10-04	13	0.0	4.6	3.0	0	1800	1	40.5	1.0	14
2023103502	2026-01-14	5	15.0	2.2	0.0	0	1870	0	40.7		11
2023103517	2025-12-21	4	110.0	1.0	3.0	1	1200	1	35.0	0.0	11
2023103517	2026-01-04	2	240.0	0.1	0.0	0	1200	0	36.8	1.0	16
2023103543	2025-07-19	3	190.0	0.3	0.0	1	1800	0	37.3	0.0	16
2023103543	2025-10-18	4	84.0	0.6	1.0	1	1600	0	34.0	1.0	13
2023103612	2025-10-25	8	0.0	1.2	1.0	0	1400	0	38.5	0.0	16
2023103612	2026-01-04	14	0.0	1.7	0.0	0	1200	0	38.4	1.0	16
2023103619	2026-01-12	5	65.0	0.9	0.0	0	1200	0	38.5	0.0	16
2023103621	2025-07-19	6	0.0	1.0	0.0	1	1200	0	37.4	0.0	16
2023103621	2025-08-10	8	0.0	1.1	3.0	1	1400	2	34.7	1.0	18
2023103621	2025-11-23	13	0.0	2.0	1.0	1	1600	0	36.3	1.0	17
2023103621	2025-12-13	7	0.0	1.3	1.0	0	1800	0	40.1	1.0	16
2023103621	2026-01-04	5	59.0	3.0	0.0	0	1800	2	39.9	1.0	13
2023103643	2025-09-13	5	75.0	0.4	1.0	1	1200	0	35.0	0.0	11
2023103643	2025-10-13	6	0.0	0.6	0.0	1	1400	0	36.3	1.0	16
2023103674	2025-09-13	2	300.0	0.7	1.0	0	1400	0	39.2	0.0	13
2023103674	2025-10-12	2	220.0	0.1	1.0	0	1400	0	38.6	1.0	12
2023103674	2025-10-19	1	560.0	0.0	1.0	0	1400	2	38.2	1.0	12
2023103762	2025-10-25	13	0.0	3.1	1.0	0	1400	0	40.1	0.0	16
2023103799	2025-10-12	3	190.0	0.6	1.0	1	2000	0	34.0	0.0	12
2023103799	2025-11-08	7	0.0	1.4	1.0	1	2000	0	33.8	1.0	12
2023103861	2025-09-06	3	190.0	0.5	0.0	1	1400	0	34.5	0.0	11
2023103861	2025-09-28	7	0.0	1.3	0.0	1	1800	0	35.8	1.0	10
2023103861	2025-10-13	7	0.0	0.7	0.0	1	1400	0	36.7	1.0	16
2023103861	2025-12-21	6	0.0	0.9	3.0	0	1200	2	37.7	1.0	16
2023103861	2026-01-21	2	28.0	0.5	1.0	0	1400	0	39.7	5.0	8
2023103875	2025-09-20	3	190.0	0.5	1.0	1	1600	0	33.5	0.0	14
2023103875	2025-10-12	5	56.0	0.7	0.0	1	1600	0	34.9	1.0	10
2023103875	2025-11-29	4	84.0	0.7	0.0	0	1400	0	37.8	1.0	14
2023103875	2025-12-21	7	0.0	0.6	3.0	1	1400	2	34.9	1.0	17
2023103875	2026-01-18	9	0.0	0.9	0.0	1	1600	0	36.5	1.0	18
2023103885	2025-10-04	9	0.0	0.9	1.0	1	1800	0	34.0	0.0	17
2023103885	2025-10-25	2	220.0	0.1	2.0	1	1800	0	33.9	1.0	9
2023103885	2025-11-16	4	84.0	0.4	0.0	1	1800	0	34.6	1.0	18
2023103885	2026-01-11	5	59.0	0.4	0.0	1	2200	0	36.2	1.0	17
2023103936	2025-06-28	3	190.0	0.2	0.0	1	1200	2	35.2	0.0	16
2023103936	2025-08-31	7	0.0	1.0	1.0	1	1200	2	35.9	1.0	10
2023103936	2025-11-09	4	84.0	0.5	1.0	1	1200	0	34.9	1.0	16
2023103936	2025-11-24	14	0.0	1.3	0.0	1	1200	0	34.5	1.0	16
2023104007	2025-11-16	8	0.0	3.0	0.0	0	1700	0	39.5	0.0	15
2023104007	2025-12-13	16	0.0	17.8	1.0	0	1800	0	49.3	1.0	16
2023104025	2026-01-10	6	0.0	0.5	0.0	0	1800	0	41.2	0.0	12
2023104086	2025-09-27	14	0.0	2.2	0.0	1	1600	0	35.9	0.0	16
2023104086	2025-11-22	10	0.0	1.8	0.0	0	1700	0	40.5	1.0	14
2023104086	2025-12-07	8	0.0	2.1	0.0	0	1800	0	38.2	1.0	10
2023104103	2025-11-16	6	0.0	0.7	0.0	0	1600	0	37.0	0.0	16
2023104103	2025-12-13	5	56.0	1.0	1.0	0	1800	0	37.9	1.0	14
2023104103	2026-01-04	2	240.0	0.0	0.0	0	1800	2	40.0	1.0	12
2023104103	2026-01-18	3	150.0	0.5	0.0	0	1800	0	39.1	1.0	13
2023104316	2025-10-05	7	0.0	3.2	1.0	0	1800	1	39.3	0.0	16
2023104316	2025-10-18	12	0.0	4.6	1.0	0	1800	0	41.8	1.0	14
2023104316	2025-12-21	14	0.0	4.4	2.0	0	1800	2	42.5	1.0	16
2023104345	2025-09-27	9	0.0	1.3	0.0	1	1600	0	35.5	0.0	16
2023104345	2026-01-10	13	0.0	1.7	0.0	1	1600	0	36.2	1.0	18
2023104348	2025-11-16	6	0.0	1.5	0.0	1	2000	0	36.3	0.0	9
2023104348	2025-12-07	10	0.0	3.9	0.0	0	1800	0	40.7	1.0	13
2023104377	2025-10-05	11	0.0	5.4	1.0	0	1800	1	40.5	0.0	16
2023104377	2025-11-08	6	0.0	1.8	0.0	0	1700	0	39.3	1.0	15
2023104377	2025-11-23	7	0.0	2.0	0.0	0	1800	0	40.3	1.0	13
2023104377	2025-12-13	6	0.0	1.2	1.0	0	1800	0	38.3	1.0	14
2023104406	2025-10-13	9	0.0	0.7	0.0	1	1600	0	34.4	0.0	17
2023104433	2025-08-23	12	0.0	12.6	0.0	0	1800	0	49.7	0.0	12
2023104433	2025-12-14	11	0.0	2.3	1.0	0	1400	2	39.5	1.0	13
2023104433	2025-12-27	15	0.0	3.5	0.0	0	1200	2	39.5	1.0	15
2023104433	2026-01-17	6	0.0	0.6	0.0	0	1200	0	37.9	1.0	16
2023104506	2025-11-09	3	150.0	0.9	3.0	1	2000	1	35.9	0.0	8
2023104506	2026-01-10	4	89.0	0.4	0.0	1	2400	0	35.2	1.0	18
2023104552	2025-12-13	3	190.0	0.3	1.0	1	2000	0	33.4	0.0	12
2023104572	2025-08-03	8	0.0	3.2	0.0	0	1800	0	40.0	0.0	15
2023104572	2025-08-30	8	0.0	3.5	1.0	0	1800	0	41.0	1.0	15
2023104572	2025-12-20	13	0.0	3.8	1.0	0	1800	0	39.7	1.0	16
2023104572	2026-01-11	6	0.0	2.7	1.0	0	1800	0	40.6	1.0	16
2023104596	2025-12-21	1	750.0	0.0	3.0	0	1400	2	37.4	0.0	15
2023104611	2025-06-29	7	0.0	1.3	0.0	1	1200	0	34.8	0.0	10
2023104611	2025-08-31	8	0.0	0.9	0.0	1	1400	0	36.2	1.0	13
2023104611	2025-12-13	13	0.0	3.4	1.0	1	1600	0	36.8	1.0	13
2023104679	2025-08-31	6	0.0	0.8	0.0	1	1800	0	35.4	0.0	12
2023104679	2025-11-23	13	0.0	1.4	1.0	1	1800	0	35.5	1.0	18
2023104679	2025-12-06	7	0.0	1.3	0.0	0	1800	0	41.3	1.0	13
2023104699	2025-08-09	9	0.0	1.3	0.0	1	1200	0	36.5	0.0	17
2023104699	2025-09-14	11	0.0	0.9	1.0	1	1200	0	34.7	1.0	16
2023104699	2025-11-09	15	0.0	1.4	1.0	1	1200	0	35.9	1.0	16
2023104714	2025-11-08	5	75.0	0.3	0.0	1	1200	0	35.3	0.0	16
2023104714	2025-11-24	6	0.0	0.4	0.0	1	1200	0	34.6	1.0	16
2023104826	2025-10-19	8	0.0	1.1	1.0	1	1400	2	36.5	0.0	18
2023104826	2026-01-12	11	0.0	1.0	0.0	1	1400	0	35.4	1.0	18
2023104852	2025-08-10	5	75.0	1.3	3.0	0	1200	2	39.1	0.0	15
2023104852	2025-09-27	2	220.0	0.4	1.0	0	1200	0	37.1	1.0	16
2023104852	2025-10-25	1	560.0	0.0	0.0	0	1200	0	37.6	1.0	15
2023104852	2026-01-11	4	120.0	1.4	0.0	0	1200	0	37.4	2.0	16
2023104937	2026-01-18	5	65.0	0.5	0.0	1	2000	0	35.7	0.0	17
2023104940	2026-01-18	4	98.0	0.5	0.0	1	2000	0	35.6	0.0	17
2023105002	2025-07-12	5	75.0	0.6	0.0	1	1800	0	36.5	0.0	12
2023105002	2025-10-04	1	560.0	0.0	1.0	1	2000	0	34.2	1.0	9
2023105021	2025-11-29	2	300.0	0.0	0.0	1	1600	0	34.3	0.0	12
2023105021	2025-12-20	6	0.0	0.5	0.0	1	1600	0	34.1	1.0	18
2023105021	2026-01-11	2	240.0	0.2	0.0	1	1800	0	34.0	1.0	18
2023105042	2026-01-12	6	0.0	1.2	0.0	1	1600	0	35.6	0.0	18
2023105097	2025-12-21	9	0.0	2.7	1.0	1	1600	1	36.8	0.0	16
2023105139	2025-07-06	3	190.0	1.5	1.0	1	1800	2	36.3	0.0	6
2023105139	2025-07-19	4	84.0	0.8	1.0	1	1800	0	35.4	1.0	11
2023105139	2025-08-24	12	0.0	4.0	0.0	0	1700	0	42.1	1.0	14
2023105139	2025-09-06	6	0.0	1.7	0.0	0	1700	0	40.2	1.0	10
2023105139	2025-11-02	14	0.0	3.6	0.0	0	1400	1	38.9	1.0	14
2023105139	2025-11-29	6	0.0	0.8	0.0	1	1800	0	34.6	1.0	12
2023105148	2025-12-21	12	0.0	2.2	3.0	1	1800	1	35.8	0.0	12
2023105153	2025-11-16	1	750.0	0.0	0.0	1	1600	0	34.3	0.0	12
2023105232	2026-01-18	12	0.0	1.4	0.0	1	2000	0	35.7	0.0	17
2023105301	2025-06-22	1	750.0	0.0	0.0	0	1200	0	38.3	0.0	16
2023105301	2025-08-31	6	0.0	1.6	0.0	1	1400	0	35.0		13
2023105301	2025-09-27	4	170.0	0.3	0.0	0	1400	0	36.6	2.0	8
2023105301	2025-11-02	15	0.0	3.6	0.0	0	1800	2	40.2	2.0	16
2023105301	2026-01-11	8	0.0	1.8	0.0	0	1400	0	38.9	2.0	10
2023105322	2026-01-11	3	160.0	0.5	0.0	0	1800	0	38.9	0.0	16
2023105348	2025-08-31	4	110.0	1.0	0.0	1	1600	0	35.1	0.0	14
2023105348	2025-09-14	6	0.0	1.2	1.0	1	1400	0	35.8	1.0	10
2023105348	2025-12-27	2	220.0	0.2	0.0	0	1400	2	37.5	1.0	16
2023105348	2026-01-11	3	150.0	0.5	1.0	0	1400	0	38.3	1.0	16
2023105370	2025-10-26	7	0.0	1.5	1.0	1	1800	2	34.9	0.0	10
2023105475	2025-09-13	7	0.0	1.3	1.0	1	1600	2	35.7	0.0	16
2023105475	2025-10-04	14	0.0	5.7	1.0	0	1600	0	44.2	1.0	16
2023105475	2026-01-04	16	0.0	1.7	0.0	1	1600	0	36.7	1.0	16
2023105514	2025-10-04	5	75.0	1.4	3.0	0	1400	1	38.1	0.0	16
2023105514	2025-10-25	4	84.0	2.0	0.0	0	1200	0	39.1	1.0	15
2023105514	2025-11-16	1	560.0	0.0	0.0	0	1400	0	37.6	1.0	14
2023105521	2026-01-12	3	160.0	1.1	0.0	0	1800	0	37.4	0.0	16
2023105562	2025-10-04	11	0.0	1.3	1.0	1	1400	0	34.4	0.0	17
2023105623	2025-11-15	17	0.0	3.1	0.0	1	1600	0	38.2	0.0	18
2023105635	2025-10-18	2	300.0	0.6	1.0	0	1400	2	36.6	0.0	16
2023105635	2025-11-09	3	140.0	0.4	3.0	0	1400	2	37.7	1.0	16
2023105635	2026-01-11	4	89.0	0.7	1.0	0	1400	0	38.1	1.0	16
2023105644	2026-01-17	11	0.0	2.4	0.0	0	1800	0	40.6	0.0	16
2023105704	2025-12-28	11	0.0	1.6	0.0	0	1400	0	40.8	0.0	16
2023105712	2025-07-20	8	0.0	2.9	0.0	1	1800	0	36.5	0.0	9
2023105712	2025-08-02	8	0.0	1.4	0.0	1	1800	0	36.2	1.0	8
2023105712	2025-11-22	15	0.0	5.5	0.0	0	1700	0	43.0	1.0	15
2023105726	2025-11-23	3	190.0	0.4	1.0	1	2000	0	34.3	0.0	11
2023105726	2025-12-14	5	56.0	1.8	3.0	1	2000	2	37.8	1.0	18
2023105738	2025-07-13	3	190.0	0.8	0.0	1	1200	0	35.0	0.0	7
2023105738	2025-07-26	9	0.0	1.5	1.0	1	1200	0	35.5	1.0	12
2023105738	2025-08-09	7	0.0	0.6	0.0	1	1500	2	36.2	1.0	12
2023105738	2025-08-23	6	0.0	2.7	1.0	1	1800	2	39.1	1.0	8
2023105738	2025-12-20	4	84.0	1.2	0.0	0	1400	0	39.4	1.0	16
2023105738	2026-01-04	11	0.0	1.4	0.0	0	1400	0	38.8	1.0	16
2023105738	2026-01-18	5	59.0	0.6	0.0	0	1400	0	38.6	1.0	16
2023105779	2025-08-31	5	75.0	0.4	0.0	1	1800	0	35.6	0.0	12
2023105779	2025-09-21	7	0.0	1.7	0.0	1	1800	0	37.1	1.0	10
2023105779	2025-12-14	18	0.0	4.5	3.0	1	2000	2	41.0	1.0	18
2023105779	2026-01-24	10	0.0	2.0	1.0	1	1800	0	35.3	1.0	16
2023105870	2026-01-11	7	0.0	1.5	0.0	0	1800	0	39.5	0.0	16
2023105893	2025-09-20	15	0.0	2.2	1.0	1	1600	0	35.5	0.0	16
2023105893	2025-11-09	9	0.0	1.0	2.0	1	1400	0	34.5	1.0	18
2023105893	2025-11-15	16	0.0	1.2	0.0	1	1600	0	34.3	1.0	17
2023105893	2026-01-12	10	0.0	1.4	0.0	1	2000	0	37.9	1.0	18
2023105979	2025-12-28	8	0.0	5.0	0.0	0	1800	0	41.8	0.0	16
2023105979	2026-01-18	11	0.0	2.2	0.0	0	1800	0	40.1	1.0	12
2023105989	2025-10-05	4	110.0	0.7	1.0	1	1200	2	34.8	0.0	12
2023105989	2025-11-22	11	0.0	2.7	0.0	1	1200	0	35.7	1.0	18
2023106037	2025-09-20	14	0.0	1.6	1.0	1	1600	0	34.5	0.0	16
2023106037	2025-10-12	6	0.0	1.3	0.0	0	1600	0	38.4	1.0	15
2023106037	2025-10-19	3	140.0	0.8	1.0	0	1400	0	37.9	1.0	13
2023106077	2025-09-27	8	0.0	1.9	0.0	1	2000	0	37.2	0.0	11
2023106077	2025-12-14	3	140.0	1.0	1.0	0	1800	2	38.6	1.0	11
2023106079	2025-09-21	3	190.0	0.6	0.0	1	2000	0	34.6	0.0	10
2023106079	2025-10-19	6	0.0	0.9	1.0	1	2000	2	36.2	1.0	12
2023106079	2025-11-08	3	140.0	0.8	1.0	1	2000	0	33.7	1.0	12
2023106079	2025-11-22	2	220.0	0.1	0.0	1	1800	0	35.4	1.0	16
2023106110	2025-07-26	12	0.0	1.9	0.0	1	1600	0	35.2	0.0	12
2023106110	2025-10-26	7	0.0	1.2	2.0	0	1800	0	40.1	1.0	13
2023106110	2025-11-08	15	0.0	4.6	1.0	0	1600	0	41.4	1.0	15
2023106127	2025-08-02	3	190.0	0.3	0.0	1	1600	0	34.0	0.0	7
2023106127	2025-08-24	8	0.0	2.9	0.0	1	1600	0	37.6	1.0	8
2023106127	2025-10-25	10	0.0	1.2	1.0	1	1400	0	36.3	1.0	12
2023106127	2025-11-16	5	56.0	0.6	0.0	0	1400	0	36.6	1.0	14
2023106127	2025-12-06	1	560.0	0.0	0.0	0	1400	0	37.2	1.0	16
2023106169	2025-08-31	14	0.0	5.2	0.0	0	1800	0	40.8	0.0	15
2023106169	2025-09-21	13	0.0	2.6	0.0	1	1600	0	36.3	1.0	13
2023106169	2025-10-11	5	111.0	3.4	1.0	1	2000	0	38.2	2.0	7
2023106169	2025-10-26	8	0.0	3.5	1.0	1	1800	2	36.8		8
2023106169	2025-11-15	10	0.0	3.6	0.0	1	2000	0	37.6	1.0	12
2023106169	2026-01-22	3	37.5	0.5	0.0	0	1500	0	42.0	5.0	7
2023106277	2025-06-29	5	75.0	0.9	0.0	1	1800	0	37.1	0.0	13
2023106277	2025-08-03	1	560.0	0.0	0.0	1	1600	0	34.2	1.0	6
2023106277	2025-10-11	8	0.0	1.1	2.0	1	1600	0	34.9		8
2023106277	2025-11-30	6	0.0	1.1	0.0	1	1600	0	34.9	2.0	8
2023106277	2025-12-20	4	170.0	0.6	1.0	1	1600	0	34.5	2.0	12
2023106285	2025-07-26	9	0.0	1.3	0.0	1	1600	0	34.1	0.0	12
2023106285	2025-10-25	4	84.0	0.3	2.0	1	1600	0	34.8	1.0	10
2023106285	2025-11-23	12	0.0	1.2	1.0	1	1800	0	34.8	1.0	18
2023106286	2025-10-04	8	0.0	1.1	1.0	1	1400	0	33.7	0.0	17
2023106286	2025-10-25	6	0.0	0.5	0.0	1	1800	0	34.4	1.0	13
2023106286	2026-01-10	6	0.0	1.1	0.0	0	1800	0	40.7	1.0	16
2023106317	2025-12-21	8	0.0	2.4	1.0	1	1600	1	36.9	0.0	16
2023106350	2025-10-05	4	110.0	0.4	0.0	0	1600	0	35.8	0.0	16
2023106350	2025-10-25	7	0.0	1.3	2.0	0	1600	2	37.1	1.0	15
2023106350	2025-12-20	9	0.0	1.9	2.0	0	1800	0	41.0	1.0	16
2023106350	2026-01-12	5	59.0	1.5	0.0	0	1800	0	39.4	1.0	16
2023106351	2025-07-19	15	0.0	3.1	0.0	1	1800	0	39.9	0.0	16
2023106369	2025-11-01	4	110.0	0.7	0.0	0	1400	3	36.0	0.0	16
2023106372	2025-11-08	4	110.0	0.2	0.0	1	1200	0	35.0	0.0	16
2023106372	2025-11-24	9	0.0	0.6	0.0	1	1200	0	34.4	1.0	16
2023106388	2025-11-09	1	750.0	0.0	3.0	0	1400	2	36.9	0.0	16
2023106388	2025-11-29	11	0.0	2.8	1.0	0	1600	0	40.0	5.0	12
2023106403	2025-09-07	5	37.5	2.5	0.0	1	1800	0	36.0	0.0	6
2023106403	2025-09-28	9	0.0	1.7	0.0	1	1800	0	35.6	1.0	10
2023106403	2025-10-12	3	140.0	0.6	1.0	1	2000	0	35.4	1.0	9
2023106403	2025-10-26	8	0.0	1.4	1.0	1	2000	2	36.6	1.0	10
2023106403	2025-12-20	7	0.0	1.1	0.0	1	2000	0	34.7	1.0	16
2023106403	2026-01-05	3	150.0	0.4	0.0	0	1900	0	37.6	1.0	16
2023106416	2025-09-21	6	0.0	1.3	0.0	1	2000	0	34.7	0.0	10
2023106416	2025-10-12	5	56.0	0.4	1.0	1	2000	0	34.5	1.0	10
2023106416	2025-10-26	5	56.0	1.5	2.0	1	2000	2	37.6	1.0	10
2023106416	2026-01-12	6	0.0	0.4	0.0	1	2000	0	36.0	1.0	18
2023106424	2026-01-04	13	0.0	1.2	0.0	1	2000	0	36.3	0.0	17
2023106426	2025-08-24	1	750.0	0.0	0.0	1	2000	0	35.8	0.0	14
2023106426	2025-09-27	7	0.0	1.5	0.0	1	2000	0	36.1	5.0	9
2023106426	2025-11-02	3	281.8	0.6	1.0	1	2000	0	35.3	5.0	5
2023106426	2026-01-05	6	0.0	0.6	0.0	1	2000	0	36.3	2.0	10
2023106432	2025-11-23	5	75.0	0.7	1.0	1	2000	0	34.3	0.0	11
2023106432	2025-12-14	11	0.0	2.6	3.0	1	2000	2	38.4	1.0	18
2023106435	2025-09-27	11	0.0	1.3	0.0	1	1600	0	35.8	0.0	16
2023106435	2025-10-12	14	0.0	6.6	0.0	0	1600	0	43.3	1.0	15
2023106435	2026-01-05	13	0.0	1.2	0.0	1	2000	0	36.8	1.0	18
2023106436	2025-08-02	6	0.0	1.5	0.0	1	1800	0	33.9	0.0	12
2023106436	2025-11-22	16	0.0	3.9	0.0	1	1800	0	38.2	1.0	16
2023106436	2025-12-06	12	0.0	1.6	0.0	1	2000	0	34.6	1.0	14
2023106436	2026-01-05	7	0.0	0.6	0.0	1	2000	0	36.0	1.0	17
2023106438	2025-11-30	11	0.0	2.6	0.0	1	1800	0	34.7	0.0	12
2023106438	2025-12-20	6	0.0	0.4	1.0	1	2000	2	34.8	1.0	18
2023106459	2026-01-11	10	0.0	3.5	0.0	0	1800	0	40.6	0.0	16
2023106462	2025-10-19	11	0.0	0.9	3.0	1	1800	0	34.1	0.0	18
2023106462	2025-11-02	8	0.0	1.5	1.0	1	1800	0	36.2	1.0	10
2023106462	2025-11-24	10	0.0	1.4	0.0	1	2000	0	34.7	1.0	16
2023106462	2025-12-14	13	0.0	10.2	1.0	1	2000	2	43.5	1.0	13
2023106473	2026-01-04	15	0.0	1.6	0.0	1	1600	0	35.4	1.0	16
2023106474	2025-09-07	6	0.0	0.6	0.0	1	1800	0	34.9	0.0	12
2023106474	2025-09-21	5	56.0	1.1	0.0	1	1800	0	36.2	1.0	10
2023106474	2025-10-18	7	0.0	0.9	1.0	1	1600	0	34.1	1.0	13
2023106474	2026-01-05	11	0.0	1.0	0.0	1	2000	0	36.9	1.0	18
2023106478	2025-06-15	5	75.0	1.2	0.0	1	1200	0	35.6	0.0	9
2023106478	2025-06-29	3	140.0	0.2	1.0	1	1200	0	35.3	1.0	12
2023106478	2025-07-20	5	56.0	0.7	0.0	1	1200	0	35.3	1.0	16
2023106598	2025-08-09	4	110.0	0.7	0.0	1	1200	0	34.6	0.0	17
2023106598	2025-10-18	5	56.0	0.3	1.0	1	1200	0	35.3	1.0	18
2023106598	2025-11-09	10	0.0	0.8	1.0	1	1200	0	35.5	1.0	16
2023106607	2025-09-13	3	190.0	0.2	0.0	1	2000	2	34.6	0.0	9
2023106607	2025-09-28	7	0.0	1.8	0.0	1	2000	0	34.9	1.0	16
2023106607	2025-11-15	16	0.0	1.7	0.0	1	2000	0	36.2	1.0	16
2023106607	2025-11-30	5	56.0	1.2	0.0	1	2000	0	34.5	1.0	13
2023106607	2025-12-20	11	0.0	1.2	1.0	1	2000	2	35.4	1.0	18
2023106612	2025-11-15	7	0.0	1.4	0.0	1	1800	0	34.5	0.0	10
2023106612	2025-11-30	6	0.0	1.3	0.0	1	2000	0	33.9	1.0	13
2023106658	2025-08-16	4	110.0	1.3	0.0	1	1600	0	34.4	0.0	11
2023106658	2025-08-30	8	0.0	1.9	1.0	1	1800	0	36.4	1.0	11
2023106658	2025-11-30	6	0.0	0.8	0.0	0	1400	0	38.5	1.0	16
2023106658	2025-12-20	3	140.0	0.5	1.0	0	1200	0	37.8	1.0	16
2023106658	2026-01-12	4	89.0	0.5	0.0	0	1200	0	37.5	1.0	16
2023106687	2025-09-06	11	0.0	1.6	0.0	1	1200	0	35.1	0.0	16
2023106687	2025-09-27	8	0.0	1.1	0.0	1	1200	0	35.1	1.0	14
2023106687	2025-10-18	10	0.0	1.6	1.0	1	1600	0	35.1	1.0	13
2023106687	2025-10-25	11	0.0	0.7	0.0	1	1200	0	35.7	1.0	15
2023106687	2026-01-21	4	10.5	1.7	1.0	0	1400	0	39.8	5.0	8
2023106721	2025-09-20	4	110.0	0.3	1.0	1	1600	0	34.7	0.0	16
2023106721	2025-10-12	3	140.0	1.1	0.0	0	1600	0	39.0	1.0	15
2023106721	2025-11-09	8	0.0	0.7	1.0	1	1200	0	35.8	1.0	16
2023106921	2025-09-14	1	750.0	0.0	1.0	1	2000	0	34.2	0.0	7
2023106921	2025-10-11	4	170.0	2.0	1.0	1	2000	0	38.3	2.0	7
2023106921	2025-12-13	4	170.0	0.4	0.0	1	2000	0	33.7	2.0	9
2023106940	2025-10-18	1	750.0	0.0	1.0	0	1400	2	36.4	0.0	16
2023106940	2025-11-29	4	240.0	0.5	1.0	0	1600	0	37.1	5.0	12
2023106968	2025-08-23	6	0.0	2.1	0.0	1	1500	2	37.0	0.0	9
2023106968	2025-10-19	4	84.0	1.3	1.0	0	1400	2	39.3	1.0	12
2023106968	2025-12-06	1	560.0	0.0	0.0	0	1200	0	37.3	1.0	16
2023106988	2025-10-05	8	0.0	0.9	2.0	1	1800	2	35.1	0.0	13
2023106988	2025-12-20	8	0.0	1.0	1.0	1	1600	2	36.2	1.0	16
2023106989	2025-06-22	3	190.0	0.4	0.0	0	1200	0	38.5	0.0	16
2023106989	2025-08-23	8	0.0	1.1	1.0	1	1400	0	34.8	1.0	9
2023106989	2025-09-21	1	560.0	0.0	0.0	0	1400	0	38.6	1.0	13
2023106989	2025-10-18	5	111.0	1.5	1.0	0	1400	2	37.4	2.0	7
2023106989	2025-12-14	5	80.0	1.6	0.0	0	1200	0	37.0	2.0	7
2023107036	2025-10-12	4	110.0	0.4	1.0	1	2000	0	34.3	0.0	13
2023107036	2025-10-26	3	140.0	0.6	1.0	1	2000	2	36.1	1.0	10
2023107057	2025-12-13	2	300.0	0.1	0.0	1	1800	0	33.6	0.0	7
2023107157	2025-10-05	2	300.0	0.3	2.0	1	1800	2	34.8	0.0	13
2023107157	2025-12-06	1	560.0	0.0	0.0	1	1800	0	33.0	1.0	9
2023107196	2025-12-07	3	190.0	1.2	0.0	0	1800	0	38.5	0.0	13
2023107211	2025-11-09	3	190.0	0.4	3.0	0	1400	2	37.0	0.0	16
2023107211	2025-12-07	1	560.0	0.0	0.0	0	1400	0	37.7	1.0	16
2023107227	2025-08-31	5	75.0	0.5	0.0	1	2000	0	34.4	0.0	7
2023107227	2025-09-20	6	0.0	0.9	1.0	0	1800	0	40.7	1.0	10
2023107227	2025-11-23	6	0.0	0.6	0.0	1	2000	0	35.9	1.0	16
2023107227	2026-01-10	3	150.0	0.4	0.0	1	2400	0	36.0	1.0	18
2023107237	2025-09-21	3	190.0	0.2	0.0	0	1800	2	38.6	0.0	16
2023107237	2025-11-08	1	560.0	0.0	1.0	0	1600	0	36.7	1.0	15
2023107267	2025-08-17	6	0.0	1.0	0.0	1	1600	0	34.6	0.0	9
2023107267	2025-10-12	5	56.0	0.8	1.0	1	2000	0	35.9	1.0	9
2023107267	2025-10-26	3	140.0	0.7	1.0	0	1800	1	38.8	1.0	9
2023107267	2025-11-08	2	220.0	0.7	0.0	0	1800	0	38.2	1.0	12
2023107267	2026-01-05	2	240.0	0.4	0.0	0	1800	0	38.7	1.0	14
2023107267	2026-01-10	2	240.0	0.5	0.0	0	1800	0	38.6	1.0	16
2023107269	2025-06-14	3	190.0	0.5	0.0	1	1000	0	34.3	0.0	12
2023107269	2025-06-29	11	0.0	1.3	1.0	1	1200	0	36.5	1.0	12
2023107269	2025-11-01	2	220.0	0.1	0.0	1	1200	2	34.1	1.0	12
2023107269	2025-11-22	7	0.0	1.3	0.0	1	1200	0	34.8	1.0	18
2023107269	2026-01-12	3	150.0	0.4	0.0	1	1400	0	36.0	1.0	18
2023107320	2025-08-24	2	300.0	0.4	0.0	1	2000	0	35.5	0.0	11
2023107320	2025-10-11	2	220.0	0.1	3.0	1	1800	0	33.3	1.0	10
2023107320	2025-11-23	1	560.0	0.0	1.0	1	1800	0	33.9	1.0	18
2023107321	2025-06-08	2	300.0	0.4	1.0	1	1800	0	34.0	0.0	10
2023107321	2025-11-30	2	220.0	0.0	0.0	1	1600	0	33.5	1.0	13
2023107382	2025-11-09	2	300.0	0.3	2.0	0	1600	2	37.4	0.0	15
2023107407	2025-10-18	16	0.0	2.2	0.0	1	1600	0	35.3	0.0	16
2023107517	2025-09-27	13	0.0	2.2	0.0	1	1600	0	36.9	0.0	16
2023107517	2025-11-01	8	0.0	0.7	0.0	1	1200	2	34.9	1.0	12
2023107517	2025-12-13	2	220.0	0.1	0.0	1	1200	0	35.0	1.0	14
2023107517	2026-01-12	17	0.0	2.6	0.0	1	1400	0	38.6	1.0	18
2023107545	2026-01-05	2	260.0	0.2	0.0	0	1200	0	37.0	0.0	14
2023109129	2025-06-29	2	300.0	0.5	0.0	1	1200	0	35.3	0.0	17
2023109129	2025-07-06	5	56.0	0.5	0.0	1	1200	0	36.9	1.0	16
2023109129	2025-07-20	6	0.0	2.6	0.0	0	1000	2	37.7	1.0	11
2023109129	2025-09-27	13	0.0	2.6	1.0	0	1200	0	37.9	1.0	16
2023109129	2025-10-25	10	0.0	0.7	0.0	1	1200	0	35.4	1.0	15
2023109129	2026-01-05	9	0.0	1.7	0.0	0	1200	2	37.8	1.0	16
2023109161	2025-06-29	4	110.0	1.0	0.0	1	1200	0	36.8	0.0	17
2023109161	2025-07-06	1	560.0	0.0	0.0	1	1200	0	36.2	1.0	16
2023109161	2025-07-19	5	140.0	0.4	0.0	1	1200	0	36.4	5.0	18
2023109161	2025-11-22	9	0.0	2.0	0.0	1	1400	0	35.3	2.0	9
2023109161	2025-12-14	7	0.0	2.7	0.0	0	1200	0	38.0	2.0	7
2023110008	2025-09-15	5	75.0	1.6	1.0	0	1200	0	38.5	0.0	11
2023110008	2025-10-05	8	0.0	2.8	1.0	0	1400	0	39.1	1.0	16
2023110008	2025-12-28	3	140.0	0.5	0.0	0	1200	0	39.0	1.0	16
2023110008	2026-01-18	2	240.0	0.1	0.0	0	1200	0	39.5	1.0	16
2023110020	2025-07-19	2	300.0	0.1	0.0	1	1200	0	36.1	0.0	9
2023110020	2025-08-16	8	0.0	2.8	0.0	0	1200	0	39.5	1.0	9
2023110020	2025-08-24	7	0.0	1.4	0.0	1	1600	0	35.7	1.0	8
2023110026	2025-06-29	8	0.0	1.4	1.0	1	1200	0	34.5	0.0	12
2023110026	2025-07-06	6	0.0	1.3	1.0	1	1200	2	35.6	1.0	10
2023110026	2025-08-09	4	84.0	0.3	0.0	1	1500	2	36.6	1.0	12
2023110026	2025-08-24	8	0.0	1.9	0.0	1	1500	0	36.6	1.0	11
2023110026	2025-10-26	7	0.0	0.8	2.0	1	1400	0	36.0	1.0	13
2023110026	2025-11-15	7	0.0	0.6	0.0	1	1600	0	34.8	1.0	17
2023110026	2025-11-30	12	0.0	2.5	0.0	0	1200	0	37.8	1.0	16
2023110026	2026-01-11	9	0.0	2.0	1.0	0	1400	0	38.8	1.0	16
2023110043	2025-10-13	4	110.0	1.0	0.0	1	1600	0	36.2	0.0	15
2023110043	2025-11-09	4	84.0	0.4	3.0	0	1400	2	38.0	1.0	16
