horse_id	date	rank	prize	rank_diff	weather	race_type	course_len	ground_state	agari	race_class	n_horses
2016102904	2018-10-21	4	110.0	0.3	0.0	1	1400	0.0	34.7	0.0	18.0
2016102904	2018-11-11	8	0.0	1.8	0.0	1	1600	0.0	36.7	1.0	11.0
2016102904	2018-11-24	16	0.0	3.9	0.0	0	1800	0.0	41.4	1.0	16.0
2016102904	2019-04-06	10	0.0	0.6	0.0	1	1400	0.0	34.8	1.0	18.0
2016102904	2019-04-20	11	0.0	1.8	0.0	1	1600	0.0	35.5	1.0	18.0
2016102904	2019-05-05	7	0.0	0.9	0.0	1	1800	0.0	34.7	1.0	14.0
2016102904	2019-05-18	6	0.0	0.5	0.0	1	1800	0.0	33.8	1.0	16.0
2016102904	2019-06-01	4	75.0	1.5	0.0	1	2600	0.0	37.0	1.0	13.0
2016102904	2019-06-15	3	130.0	1.8	1.0	1	2400	2.0	38.7	1.0	13.0
2016102904	2019-06-29	2	200.0	0.1	1.0	1	2200	2.0	35.1	1.0	13.0
2016102904	2019-07-13	1	500.0	0.0	2.0	1	2200	2.0	34.2	1.0	17.0
2016102904	2020-01-25	5	76.0	2.7	1.0	1	2600	2.0	39.5	2.0	8.0
2016102904	2020-02-09	8	0.0	2.0	1.0	1	2600	0.0	39.2	2.0	11.0
2016102904	2020-02-22	9	0.0	3.7	0.0	1	2600	2.0	42.2	2.0	11.0
2016102904	2020-05-23	5	106.0	0.4	0.0	1	2400	0.0	35.8	5.0	11.0
2016102904	2020-06-13	2	426.2	0.9	3.0	1	2400	2.0	37.2	5.0	10.0
2016102904	2020-06-28	2	300.0	0.2	1.0	1	2200	0.0	36.8	2.0	9.0
2016102904	2020-07-19	5	76.0	1.1	0.0	1	2200	0.0	38.9	2.0	16.0
2016102904	2020-08-09	2	300.0	0.2	3.0	1	2200	3.0	36.3	2.0	13.0
2016102904	2020-09-05	3	190.0	0.6	1.0	1	2600	0.0	35.8	2.0	12.0
2016102904	2020-09-21	9	0.0	1.7	0.0	1	2200	0.0	36.1	5.0	11.0
2016102904	2021-04-25	12	0.0	0.9	1.0	1	2400	0.0	36.5	5.0	16.0
2016102904	2021-05-08	9	0.0	2.2	0.0	1	2200	0.0	40.3	2.0	11.0
2016102904	2021-05-22	8	0.0	1.7	1.0	1	2400	2.0	38.2	5.0	10.0
2016102904	2021-06-06	4	110.0	1.1	0.0	1	2000	0.0	38.9	2.0	8.0
2016102904	2021-09-11	10	0.0	1.3	1.0	1	2000	0.0	36.0	2.0	12.0
2016102904	2021-09-18	12	0.0	2.8	1.0	1	2200	1.0	38.2	5.0	13.0
2016102904	2021-10-03	10	0.0	2.0	0.0	1	2200	0.0	37.9	2.0	16.0
2016102904	2022-04-16	3	190.0	0.2	0.0	1	2200	1.0	36.0	2.0	11.0
2016102904	2022-05-22	7	0.0	0.9	0.0	1	2400	0.0	35.9	2.0	10.0
2016102904	2022-07-31	13	0.0	1.7	0.0	1	2000	0.0	37.4	2.0	14.0
2016102904	2022-10-02	5	77.0	0.3	0.0	1	2200	0.0	36.0	2.0	12.0
2016102904	2022-12-18	2	310.0	0.3	0.0	1	2500	2.0	35.7	2.0	12.0
2016102904	2023-01-21	3	200.0	0.1	0.0	1	2200	2.0	36.3	2.0	14.0
2016102904	2023-02-12	6	0.0	1.4	0.0	1	2400	0.0	37.0	2.0	10.0
2016102904	2023-04-15	4	120.0	0.5	3.0	1	2200	1.0	38.4	2.0	11.0
2016102904	2023-06-25	8	0.0	1.9	1.0	1	2200	0.0	37.6	2.0	10.0
2016102904	2023-07-22	9	0.0	1.1	0.0	1	2200	0.0	37.3	2.0	14.0
2016102904	2023-09-16	2	320.0	0.3	0.0	1	2500	0.0	36.1	2.0	14.0
2016102904	2023-10-01	11	0.0	1.0	1.0	1	2200	0.0	35.8	2.0	15.0
2016102904	2023-11-12	2	320.0	0.2	1.0	0	2400	0.0	37.8	2.0	10.0
2016102904	2023-12-10	1	800.0	0.0	0.0	0	2500	0.0	37.8	2.0	11.0
2016102904	2024-01-08	14	0.0	4.1	0.0	0	2400	0.0	42.9	5.0	16.0
2016102904	2024-03-17	9	0.0	2.4	0.0	0	2400	0.0	39.6	3.0	16.0
2016102904	2024-03-31	6	0.0	2.4	0.0	1	2500	0.0	37.4	5.0	8.0
2016102904	2025-03-08	6	0.0	1.6	1.0	1	2500	0.0	36.1	5.0	10.0
2016102904	2025-04-06	11	0.0	3.4	2.0	1	2500	0.0	38.2	5.0	12.0
2016102904	2025-04-20	14	0.0	1.1	1.0	1	2600	0.0	36.2	5.0	15.0
2016102904	2025-05-04	7	0.0	1.4	0.0	1	1600	0.0	34.5	3.0	9.0
2016102904	2025-07-06	14	0.0	1.9	0.0	1	1800	0.0	37.1	5.0	16.0
2016102904	2025-11-16	14	0.0	2.2	0.0	1	2600	0.0	37.0	5.0	16.0
2016102904	2025-12-21	14	0.0	1.7	3.0	1	1600	1.0	36.9	3.0	16.0
2016106606	2018-08-11	13	0.0	2.8	0.0	1	1800	0.0	35.6	0.0	14.0
2016106606	2018-09-22	13	0.0	5.2	1.0	0	1800	1.0	43.6	1.0	15.0
2016106606	2018-11-04	8	0.0	2.6	1.0	0	1600	0.0	39.0	1.0	9.0
2016106606	2018-11-11	10	0.0	1.0	0.0	1	1800	0.0	34.1	1.0	15.0
2016106606	2018-11-24	11	0.0	1.3	0.0	1	1800	0.0	35.1	1.0	18.0
2016106606	2018-12-09	13	0.0	1.1	1.0	1	2000	0.0	37.5	1.0	18.0
2016106606	2019-01-19	5	50.0	0.4	0.0	1	2000	0.0	35.4	1.0	18.0
2016106606	2019-02-17	1	500.0	0.0	0.0	1	2000	0.0	37.1	1.0	18.0
2016106606	2019-03-17	16	0.0	2.6	1.0	1	1800	0.0	38.1		16.0
2016106606	2019-04-06	9	0.0	1.3	0.0	1	2000	0.0	36.7	2.0	11.0
2016106606	2019-06-16	10	0.0	0.8	0.0	1	1800	2.0	36.3	2.0	15.0
2016106606	2019-12-28	9	0.0	0.7	0.0	1	2000	0.0	37.6	2.0	14.0
2016106606	2020-01-26	10	0.0	2.2	1.0	1	2000	1.0	39.7	2.0	11.0
2016106606	2020-03-01	4	110.0	0.5	0.0	1	2000	0.0	34.6	2.0	8.0
2016106606	2020-03-15	7	0.0	0.9	0.0	1	2200	2.0	36.3	2.0	10.0
2016106606	2020-03-28	6	0.0	0.3	1.0	1	2000	2.0	35.0	2.0	13.0
2016106606	2020-04-12	12	0.0	1.5	0.0	1	2000	0.0	37.9	5.0	16.0
2016106606	2020-06-13	1	1091.5	0.0	3.0	1	1600	3.0	37.4	5.0	12.0
2016106606	2020-10-24	5	150.0	0.4	3.0	1	1600	1.0	36.5	5.0	11.0
2016106606	2020-11-15	7	0.0	1.1	0.0	1	1600	0.0	35.2	3.0	12.0
2016106606	2020-12-05	1	1100.0	0.0	2.0	1	1600	2.0	34.6	3.0	11.0
2016106606	2021-01-10	1	1853.6	0.0	0.0	1	1600	0.0	34.7	4.0	16.0
2016106606	2021-02-07	1	3957.4	0.0	0.0	1	1600	0.0	34.0		16.0
2016106606	2021-06-06	13	0.0	1.3	1.0	1	1600	0.0	34.1		14.0
2016106606	2021-08-15	2	1618.2	0.2	0.0	1	1600	0.0	34.0		17.0
2016106606	2021-09-12	5	390.0	0.2	1.0	1	1600	0.0	34.4		16.0
2016106606	2022-01-08	1	2550.4	0.0	0.0	1	1600	2.0	34.3		16.0
2016106606	2022-02-06	3	1008.2	0.4	1.0	1	1600	0.0	33.9		15.0
2016106606	2022-02-27	2	2732.4	0.4	0.0	1	1800	0.0	36.0		16.0
2016106606	2022-04-24	7	0.0	0.8	1.0	1	1600	2.0	35.4		15.0
2016106606	2022-06-05	16	0.0	0.9	1.0	1	1600	0.0	33.8		18.0
2016106606	2022-09-04	1	4363.0	0.0	0.0	1	2000	0.0	33.3		18.0
2016106606	2022-10-30	6	0.0	0.7	0.0	1	2000	0.0	33.4		15.0
2016106606	2022-11-27	8	0.0	0.7	0.0	1	2400	0.0	34.5		18.0
2016106606	2023-05-07	1	4358.1	0.0	3.0	1	2000	3.0	36.0		16.0
2016106606	2023-06-03	9	0.0	0.5	0.0	1	2000	0.0	35.8		15.0
2016106606	2023-06-25	16	0.0	1.4	1.0	1	2200	0.0	36.5		17.0
2016106606	2024-01-21	10	0.0	1.6	1.0	1	2200	3.0	38.8		12.0
2016106606	2024-02-18	15	0.0	2.6	0.0	0	1600	0.0	39.2		16.0
2016106606	2024-05-05	14	0.0	1.6	0.0	1	2000	0.0	35.0		16.0
2016106606	2024-06-01	6	0.0	0.5	0.0	1	2000	0.0	34.3		13.0
2016106606	2024-06-23	13	0.0	3.8	1.0	1	2200	1.0	37.8		13.0
2016106606	2024-10-06	11	0.0	0.6	1.0	1	1800	0.0	33.1		14.0
2016106606	2024-11-24	13	0.0	1.2	0.0	1	2400	0.0	33.8		14.0
2016106606	2025-01-05	13	0.0	1.0	1.0	1	2000	0.0	35.4		18.0
2016106606	2025-01-26	11	0.0	1.1	0.0	1	2200	0.0	36.0		18.0
2016106606	2025-03-02	10	0.0	0.9	0.0	1	1800	0.0	34.2		16.0
2016106606	2025-04-06	12	0.0	0.9	0.0	1	2000	0.0	34.2		15.0
2016106606	2025-05-10	10	0.0	1.3	1.0	1	1800	2.0	35.3		18.0
2017104681	2020-01-12	10	0.0	2.0	1.0	1	2000	0.0	36.1	0.0	15.0
2017104681	2020-02-29	8	0.0	2.0	1.0	1	2400	0.0	34.6	1.0	13.0
2017104681	2020-03-15	5	51.0	1.8	0.0	1	2400	2.0	37.9	1.0	11.0
2017104681	2020-04-05	8	0.0	1.1	0.0	1	2400	0.0	35.7	1.0	18.0
2017104681	2020-05-03	1	510.0	0.0	0.0	1	2600	0.0	36.8	1.0	16.0
2017104681	2020-07-04	9	0.0	1.4	1.0	1	2600	1.0	37.5	5.0	12.0
2017104681	2020-11-14	2	300.0	0.3	0.0	1	2600	0.0	36.5	2.0	16.0
2017104681	2021-01-17	8	0.0	1.5	0.0	1	2600	0.0	36.3	5.0	16.0
2017104681	2021-01-31	8	0.0	1.2	0.0	1	2600	0.0	37.9	2.0	12.0
2017104681	2021-02-21	2	300.0	0.1	0.0	1	2600	0.0	37.0	2.0	8.0
2017104681	2021-04-25	8	0.0	0.7	1.0	1	2400	0.0	35.8	5.0	16.0
2017104681	2021-11-20	3	190.0	0.2	0.0	1	2600	0.0	36.6	2.0	16.0
2017104681	2022-01-22	6	0.0	1.3	0.0	1	2600	0.0	35.6	2.0	11.0
2017104681	2022-02-05	3	190.0	0.9	5.0	1	2600	0.0	35.7	2.0	9.0
2017104681	2022-04-24	1	1107.1	0.0	1.0	1	2600	0.0	36.2	5.0	16.0
2017104681	2022-07-17	7	0.0	1.9	1.0	1	2600	0.0	35.8	5.0	8.0
2017104681	2022-08-20	2	608.4	0.2	1.0	1	2600	2.0	37.7	3.0	14.0
2017104681	2022-11-06	5	151.0	1.2	0.0	1	2600	0.0	38.8	5.0	15.0
2017104681	2022-11-26	7	0.0	1.2	0.0	1	2600	0.0	35.3	5.0	11.0
2017104681	2022-12-17	2	608.4	1.6	3.0	0	1800	2.0	37.8	5.0	11.0
2017104681	2023-01-09	9	0.0	1.8	0.0	0	2400	0.0	39.4	5.0	16.0
2017104681	2023-03-19	4	170.0	0.4	0.0	0	2400	1.0	38.4	3.0	16.0
2017104681	2023-04-09	8	0.0	1.3	0.0	0	2400	0.0	38.7	5.0	16.0
2017104681	2023-09-16	13	0.0	3.2	0.0	0	2400	0.0	41.0	5.0	16.0
2017104681	2023-11-04	8	0.0	1.3	1.0	1	2600	0.0	38.2	5.0	16.0
2017104681	2024-02-17	6	0.0	0.4	0.0	1	2600	0.0	34.7	5.0	16.0
2017104681	2024-05-12	7	0.0	1.3	1.0	1	2400	0.0	34.5	5.0	7.0
2017104681	2024-07-28	5	155.0	0.8	1.0	1	2600	2.0	36.4	5.0	12.0
2017104681	2024-08-17	9	0.0	1.2	1.0	1	2600	0.0	36.1	3.0	14.0
2017104681	2024-11-02	8	0.0	1.5	3.0	1	2600	1.0	38.2	5.0	16.0
2017104681	2025-01-26	11	0.0	0.8	0.0	1	2600	0.0	35.3	5.0	16.0
2017104681	2025-02-15	9	0.0	1.3	0.0	1	2400	0.0	34.7	5.0	11.0
2017104681	2025-03-08	4	230.0	1.3	1.0	1	2500	0.0	35.5	5.0	10.0
2017104681	2025-04-06	9	0.0	1.7	2.0	1	2500	0.0	36.1	5.0	12.0
2017104681	2025-04-20	11	0.0	0.9	1.0	1	2600	0.0	35.5	5.0	15.0
2017104681	2025-11-16	13	0.0	2.1	0.0	1	2600	0.0	35.9	5.0	16.0
2017105588	2019-11-24	4	110.0	1.5	0.0	1	1800	3.0	37.1	0.0	16.0
2017105588	2020-05-10	6	0.0	1.1	0.0	1	1800	0.0	34.1	1.0	13.0
2017105588	2020-06-27	1	510.0	0.0	1.0	1	2000	2.0	37.1	1.0	14.0
2017105588	2020-08-22	2	428.8	0.0	0.0	1	2000	0.0	36.1	5.0	10.0
2017105588	2020-12-05	1	1110.4	0.0	0.0	1	2000	0.0	34.8	5.0	18.0
2017105588	2021-09-20	2	606.0	0.3	0.0	1	2000	0.0	34.8	3.0	7.0
2017105588	2021-11-28	3	384.5	0.8	0.0	1	2000	0.0	34.8	3.0	14.0
2017105588	2022-01-15	6	0.0	0.9	0.0	1	2200	0.0	35.6	3.0	11.0
2017105588	2022-04-10	2	607.8	0.0	0.0	1	2000	0.0	34.4	5.0	12.0
2017105588	2022-09-24	3	383.9	0.3	1.0	1	2500	1.0	36.0	5.0	12.0
2017105588	2022-11-20	3	383.3	0.5	2.0	1	2400	0.0	34.0	5.0	10.0
2017105588	2022-12-25	4	230.0	0.3	0.0	1	2500	0.0	36.7	3.0	16.0
2017105588	2023-02-18	1	1140.0	0.0	0.0	1	1800	0.0	33.6	3.0	12.0
2017105588	2023-04-02	10	0.0	1.7	1.0	1	2000	0.0	35.1	4.0	12.0
2017105588	2023-05-28	13	0.0	0.9	0.0	1	1800	0.0	34.8	4.0	17.0
2017105588	2023-10-22	15	0.0	1.1	0.0	1	2000	0.0	35.4	4.0	16.0
2017105588	2024-04-14	5	79.0	2.0	0.0	2	2750	0.0	13.4	1.0	11.0
2017105588	2024-07-07	4	120.0	2.7	0.0	2	2750	0.0	13.4	1.0	9.0
2017105588	2024-11-16	5	79.0	1.6	0.0	2	2770	0.0	13.3	1.0	14.0
2017105588	2025-01-19	8	0.0	3.3	0.0	2	2880	0.0	13.8	1.0	11.0
2017105588	2025-04-06	6	0.0	1.2	1.0	2	2880	0.0	13.8	1.0	12.0
2017105588	2025-05-11	6	0.0	2.7	1.0	2	2890	2.0	13.6	1.0	14.0
2017106642	2019-09-16	10	0.0	1.8	0.0	1	1200	0.0	35.0	0.0	12.0
2017106642	2019-10-05	4	75.0	0.5	0.0	0	1400	2.0	38.2	1.0	14.0
2017106642	2019-11-03	4	75.0	3.2	0.0	0	1800	0.0	39.4	1.0	9.0
2017106642	2019-11-24	2	200.0	0.4	0.0	0	1800	0.0	39.3	1.0	15.0
2017106642	2020-04-05	11	0.0	3.1	0.0	0	1800	0.0	41.3	1.0	16.0
2017106642	2020-04-25	2	200.0	0.2	0.0	0	1900	0.0	38.7	1.0	16.0
2017106642	2020-05-09	2	200.0	0.0	0.0	0	1800	0.0	37.3	1.0	16.0
2017106642	2020-05-23	2	200.0	0.2	0.0	0	1900	0.0	39.1	1.0	13.0
2017106642	2020-06-13	1	510.0	0.0	1.0	0	1800	3.0	37.9	1.0	16.0
2017106642	2020-07-04	1	760.0	0.0	1.0	0	1800	3.0	36.6	2.0	12.0
2017106642	2020-08-30	1	1535.7	0.0	0.0	0	1700	0.0	36.3	3.0	16.0
2017106642	2020-11-01	1	1850.8	0.0	0.0	0	1900	0.0	36.7	4.0	14.0
2017106642	2020-11-29	15	0.0	4.1	0.0	0	2000	0.0	42.3	5.0	15.0
2017106642	2021-03-11	8	0.0	5.1	0.0	0	1900	0.0	42.7		12.0
2017106642	2021-04-18	15	0.0	4.7	0.0	0	1800	1.0	41.9		16.0
2017106642	2021-07-11	1	3657.4	0.0	3.0	0	1700	1.0	35.5		16.0
2017106642	2021-08-14	6	0.0	1.4	3.0	0	1700	3.0	38.9	5.0	15.0
2017106642	2021-09-22	1	2100.0	0.0	3.0	0	2100	3.0	36.3		12.0
2017106642	2021-11-23	1	3500.0	0.0	0.0	0	2000	1.0	37.3		10.0
2017106642	2022-02-08	3	230.0	1.6	0.0	0	2000	0.0	39.9		11.0
2017106642	2022-03-23	9	0.0	4.1	1.0	0	2400	3.0	44.3		14.0
2017106642	2022-07-18	12	0.0	4.2	1.0	0	2000	2.0	40.7		14.0
2017106642	2022-10-04	6	0.0	1.4	1.0	0	2100	0.0	40.5		12.0
2017106642	2022-11-27	11	0.0	2.5	0.0	0	2000	2.0	41.3	5.0	16.0
2017106642	2023-04-16	7	0.0	1.4	0.0	0	1800	1.0	39.3		15.0
2017106642	2023-05-20	14	0.0	3.5	0.0	0	1900	2.0	41.5		16.0
2017106642	2023-09-09	7	0.0	1.4	0.0	0	1400	0.0	38.3		9.0
2017106642	2023-11-05	15	0.0	1.7	0.0	0	1800	0.0	38.3		16.0
2017106642	2023-12-03	4	330.0	0.2	0.0	0	1400	0.0	36.3	5.0	13.0
2017106642	2024-01-07	10	0.0	0.7	0.0	0	1400	0.0	37.0		15.0
2017106642	2024-02-04	9	0.0	0.5	0.0	0	1200	0.0	36.3	5.0	16.0
2017106642	2024-03-09	8	0.0	0.6	1.0	0	1400	0.0	36.6		16.0
2017106642	2024-04-06	15	0.0	1.8	1.0	0	1700	0.0	38.5	5.0	15.0
2017106642	2024-11-09	12	0.0	1.1	0.0	0	1200	0.0	36.6	5.0	16.0
2017106642	2025-02-09	10	0.0	6.6	0.0	2	2860	2.0	14.0	1.0	12.0
2017106642	2025-03-02	3	210.0	2.5	3.0	2	2860	2.0	13.9	1.0	11.0
2017106642	2025-04-06	1	840.0	0.0	1.0	2	2880	0.0	13.8	1.0	12.0
2017106642	2025-05-10	10	0.0	5.3	1.0	2	2890	2.0	13.6	5.0	11.0
2017106642	2025-08-09	7	0.0	2.6	1.0	2	3300	0.0	13.3	5.0	9.0
2017106642	2025-08-30	11	0.0	7.7	1.0	2	3250	0.0	13.7	5.0	13.0
2017106642	2025-11-22	14	0.0	11.8	0.0	2	3380	0.0	14.0	5.0	14.0
2017106642	2025-12-28	9	0.0	0.8	0.0	0	1400	0.0	36.9	5.0	16.0
2018100410	2021-01-09	7	0.0	0.6	0.0	1	1600	0.0	34.5	0.0	16.0
2018100410	2021-03-14	4	77.0	0.6	0.0	1	1600	2.0	35.6	1.0	16.0
2018100410	2021-03-27	5	51.0	1.1	0.0	1	1600	0.0	33.0	1.0	17.0
2018100410	2021-05-22	3	130.0	0.7	1.0	1	1200	2.0	34.3	1.0	18.0
2018100410	2021-06-06	2	200.0	0.7	0.0	1	1600	0.0	34.7	1.0	16.0
2018100410	2021-06-27	5	51.0	0.3	1.0	1	1600	0.0	34.0	1.0	18.0
2018100410	2021-07-25	13	0.0	1.3	0.0	1	2000	0.0	36.6	1.0	18.0
2018100410	2021-08-15	1	510.0	0.0	0.0	1	1800	2.0	33.8	1.0	18.0
2018100410	2021-10-24	3	190.0	0.1	0.0	1	1800	0.0	34.5	2.0	9.0
2018100410	2021-11-13	3	190.0	0.2	0.0	1	1800	0.0	34.0	2.0	13.0
2018100410	2022-01-30	1	770.0	0.0	1.0	1	2000	0.0	34.9	2.0	14.0
2018100410	2022-02-19	7	0.0	0.3	1.0	1	1800	0.0	33.3	3.0	15.0
2018100410	2022-03-26	7	0.0	0.7	2.0	1	1600	2.0	33.9	5.0	10.0
2018100410	2022-04-09	4	230.0	0.2	0.0	1	2400	0.0	32.8	5.0	10.0
2018100410	2022-05-29	3	383.8	0.1	0.0	1	2400	0.0	33.6	3.0	12.0
2018100410	2022-06-19	7	0.0	0.8	0.0	1	2400	0.0	34.4	5.0	10.0
2018100410	2022-09-18	4	230.0	0.4	1.0	1	2200	0.0	33.5	5.0	11.0
2018100410	2022-10-02	8	0.0	0.5	0.0	1	2000	0.0	33.8	5.0	10.0
2018100410	2022-11-13	6	0.0	0.9	3.0	1	2200	1.0	36.7	3.0	14.0
2018100410	2022-12-11	6	0.0	0.6	1.0	1	2400	0.0	35.7	3.0	10.0
2018100410	2023-02-11	4	230.0	0.7	0.0	1	2400	2.0	34.1	5.0	13.0
2018100410	2023-03-18	3	393.9	0.8	1.0	1	2600	2.0	36.6	5.0	12.0
2018100410	2023-04-23	6	0.0	0.2	0.0	1	2200	0.0	34.4	5.0	10.0
2018100410	2023-05-06	5	155.0	0.7	0.0	1	2000	0.0	34.1	5.0	9.0
2018100410	2023-05-28	8	0.0	0.9	0.0	1	2400	0.0	34.6	3.0	11.0
2018100410	2023-07-08	5	155.0	0.5	1.0	1	2000	0.0	35.5	5.0	13.0
2018100410	2023-08-06	8	0.0	1.1	0.0	0	1800	0.0	36.7	5.0	14.0
2018100410	2024-01-13	7	0.0	0.7	1.0	0	1900	0.0	37.1	5.0	10.0
2018100410	2024-01-28	8	0.0	1.1	1.0	0	1800	0.0	36.8	5.0	11.0
2018100410	2024-02-10	2	627.6	0.1	0.0	1	2400	0.0	34.6	5.0	12.0
2018100410	2024-04-06	2	626.2	0.3	0.0	1	2400	0.0	33.6	5.0	10.0
2018100410	2024-05-26	2	627.0	0.3	0.0	1	2400	0.0	33.8	3.0	11.0
2018100410	2024-06-09	6	0.0	1.4	2.0	1	2400	2.0	35.4	5.0	9.0
2018100410	2024-08-03	7	0.0	1.1	0.0	1	2000	0.0	33.0	5.0	8.0
2018100410	2024-10-14	6	0.0	0.5	0.0	1	2500	0.0	33.5	3.0	7.0
2018100410	2024-11-23	6	0.0	0.8	0.0	0	2100	2.0	38.8	3.0	16.0
2018100410	2025-01-25	7	0.0	0.4	0.0	0	1700	0.0	37.5	5.0	16.0
2018100410	2025-02-08	10	0.0	1.3	1.0	0	1700	2.0	37.8	4.0	15.0
2018100410	2025-03-22	9	0.0	0.9	0.0	1	2600	0.0	35.8	3.0	9.0
2018100410	2025-04-06	10	0.0	2.1	0.0	0	1800	0.0	40.1	3.0	10.0
2018100410	2025-05-18	5	40.0	2.2	1.0	0	1800	1.0	39.4	18.0	12.0
2018100410	2025-05-31	2	73.6	0.9	0.0	0	1860	0.0	39.5	5.0	7.0
2018100410	2025-06-15	3	80.0	1.1	2.0	0	2000	3.0	39.3	18.0	10.0
2018100410	2025-07-21	3	41.4	0.7	0.0	0	1750	1.0	38.9	5.0	10.0
2018100410	2025-08-24	2	140.0	0.7	1.0	0	1750	3.0	38.3	18.0	9.0
2018100410	2025-09-07	7	0.0	2.4	0.0	0	1800	0.0	41.5	5.0	9.0
2018100410	2025-10-05	8	0.0	2.7	1.0	0	2000	1.0	39.8	18.0	12.0
2018100410	2025-11-02	2	210.0	0.0	0.0	0	2500	0.0	39.4	18.0	8.0
2018100410	2025-12-06	5	20.0	1.4	0.0	0	1750	0.0	39.1		7.0
2018100410	2025-12-28	6	0.0	3.3	0.0	0	1800	2.0	39.2	18.0	12.0
2018100693	2020-06-21	1	700.0	0.0	0.0	1	1600	2.0	34.2	0.0	13.0
2018100693	2020-08-30	2	1211.0	0.3	0.0	1	1600	0.0	34.8		11.0
2018100693	2020-11-07	8	0.0	0.9	1.0	1	1400	0.0	34.4		18.0
2018100693	2021-01-10	6	0.0	0.8	0.0	1	1600	0.0	35.4		15.0
2018100693	2021-01-30	5	200.0	0.5	0.0	1	1400	0.0	33.3		10.0
2018100693	2021-04-10	10	0.0	1.8	0.0	1	1600	0.0	35.8		16.0
2018100693	2021-06-19	2	608.2	0.3	2.0	1	1400	2.0	34.1	5.0	13.0
2018100693	2021-08-14	8	0.0	0.8	3.0	1	1400	2.0	36.3	5.0	17.0
2018100693	2022-03-13	2	607.6	0.0	1.0	1	1400	0.0	33.8	5.0	10.0
2018100693	2022-04-16	3	383.9	0.2	0.0	1	1400	0.0	34.5	5.0	11.0
2018100693	2022-05-07	1	1110.0	0.0	0.0	1	1400	0.0	34.1	3.0	9.0
2018100693	2022-06-19	8	0.0	0.8	0.0	1	1400	0.0	33.6	4.0	10.0
2018100693	2022-08-06	16	0.0	2.0	0.0	1	1400	0.0	37.1	4.0	18.0
2018100693	2022-10-15	6	0.0	0.3	0.0	1	1400	0.0	33.9	4.0	18.0
2018100693	2022-11-12	9	0.0	0.8	0.0	1	1400	0.0	34.3	4.0	16.0
2018100693	2022-12-03	6	0.0	0.3	0.0	1	1400	0.0	35.0	4.0	11.0
2018100693	2023-02-11	4	280.0	0.3	0.0	1	1400	2.0	33.9	4.0	15.0
2018100693	2023-03-05	3	463.2	0.2	0.0	1	1400	0.0	34.7	4.0	10.0
2018100693	2023-04-02	7	0.0	0.3	0.0	1	1400	0.0	33.5	4.0	15.0
2018100693	2023-12-17	13	0.0	1.6	0.0	1	1400	0.0	37.2	4.0	18.0
2018100693	2024-01-07	4	280.0	0.1	0.0	1	1400	0.0	35.3	4.0	13.0
2018100693	2024-02-17	9	0.0	0.8	0.0	0	1400	2.0	37.3	4.0	16.0
2018100693	2024-03-02	3	465.0	0.5	1.0	0	1200	2.0	36.6	4.0	16.0
2018100693	2024-03-31	5	184.0	0.7	1.0	0	1200	0.0	36.7	4.0	16.0
2018100693	2024-04-28	8	0.0	0.4	0.0	1	1200	0.0	33.5	4.0	18.0
2018100693	2024-06-29	5	184.0	0.3	0.0	1	1200	0.0	34.8	4.0	16.0
2018100693	2024-09-08	10	0.0	0.5	0.0	1	1200	0.0	33.4	4.0	10.0
2018100693	2024-10-05	3	464.9	0.5	0.0	0	1200	2.0	36.9	4.0	16.0
2018100693	2024-11-02	12	0.0	2.2	3.0	0	1200	3.0	36.4	4.0	16.0
2018100693	2024-12-07	4	280.0	0.6	0.0	0	1200	0.0	36.6	4.0	16.0
2018100693	2025-01-13	15	0.0	2.4	0.0	0	1200	0.0	38.6	4.0	16.0
2018100693	2025-03-09	7	0.0	0.7	0.0	1	1200	0.0	34.8	4.0	12.0
2018100693	2025-04-06	9	0.0	1.6	0.0	0	1200	0.0	38.0	4.0	11.0
2018100693	2025-06-15	1	90.0	0.0	0.0	0	1400	3.0	38.7	11.0	11.0
2018100693	2025-06-29	6	0.0	1.3	0.0	0	1300	2.0	38.7	5.0	9.0
2018100693	2025-07-13	2	36.0	0.1	1.0	0	1400	3.0	37.7	11.0	11.0
2018100693	2025-07-26	3	75.0	0.4	1.0	0	1300	1.0	39.1	5.0	12.0
2018100693	2025-09-13	1	120.0	0.0	1.0	0	1400	1.0	38.5		10.0
2018100693	2025-09-27	2	64.0	0.2	1.0	0	1400	3.0	39.7	5.0	12.0
2018100693	2025-10-12	1	500.0	0.0	1.0	0	1400	2.0	38.9	5.0	11.0
2018100693	2025-10-26	4	36.0	0.4	0.0	0	1400	3.0	39.3	5.0	8.0
2018100693	2026-01-10	5	24.0	0.6	0.0	0	1400	0.0	39.9	5.0	6.0
2018102091	2021-01-24	1	600.0	0.0	1.0	0	1200	3.0	37.2	0.0	16.0
2018102091	2021-06-12	10	0.0	1.7	1.0	0	1200	0.0	37.6	2.0	15.0
2018102091	2021-07-03	10	0.0	1.1	2.0	0	1000	2.0	36.5	2.0	14.0
2018102091	2021-11-13	12	0.0	2.0	1.0	0	1200	2.0	39.2	2.0	15.0
2018102091	2022-01-15	5	77.0	0.6	0.0	0	1200	0.0	37.1	2.0	15.0
2018102091	2022-01-30	8	0.0	0.7	1.0	0	1200	0.0	38.0	2.0	16.0
2018102091	2022-04-09	11	0.0	1.9	0.0	0	1400	0.0	38.4	2.0	16.0
2018102091	2022-05-21	1	1105.7	0.0	1.0	1	1200	0.0	34.4	5.0	13.0
2018102091	2022-06-18	7	0.0	1.1	0.0	1	1200	0.0	34.9	5.0	11.0
2018102091	2022-09-25	13	0.0	0.9	0.0	1	1200	0.0	34.6	5.0	17.0
2018102091	2022-10-01	4	170.0	0.4	0.0	1	1400	0.0	34.3	3.0	13.0
2018102091	2022-12-25	7	0.0	0.8	0.0	1	1400	0.0	36.3	5.0	12.0
2018102091	2023-01-22	4	170.0	0.6	0.0	1	1400	0.0	35.8	3.0	8.0
2018102091	2023-05-27	5	114.0	0.3	0.0	1	1400	0.0	34.1	3.0	14.0
2018102091	2023-06-03	5	155.0	0.4	0.0	1	1200	0.0	33.8	5.0	15.0
2018102091	2023-06-25	4	230.0	0.7	1.0	1	1400	0.0	34.7	5.0	12.0
2018102091	2023-10-28	7	0.0	0.8	0.0	1	1400	0.0	34.8	3.0	13.0
2018102091	2023-11-11	5	114.0	0.6	1.0	1	1400	2.0	34.8	3.0	18.0
2018102091	2023-11-25	5	114.0	0.3	0.0	1	1200	0.0	34.4	3.0	18.0
2018102091	2024-03-10	11	0.0	1.7	0.0	1	1400	0.0	36.8	5.0	11.0
2018102091	2024-03-30	8	0.0	0.5	0.0	1	1200	0.0	34.7	5.0	15.0
2018102091	2024-05-25	16	0.0	1.8	0.0	1	1400	0.0	36.9	3.0	17.0
2018102091	2024-11-10	7	0.0	0.6	1.0	1	1400	0.0	34.2	3.0	14.0
2018102091	2024-12-01	1	1140.0	0.0	0.0	1	1400	0.0	33.8	3.0	12.0
2018102091	2024-12-15	10	0.0	0.8	0.0	1	1400	0.0	34.9	4.0	18.0
2018102091	2025-02-15	10	0.0	0.7	1.0	1	1200	0.0	35.0	4.0	18.0
2018102091	2025-03-09	8	0.0	0.7	0.0	1	1200	0.0	34.1	4.0	12.0
2018102091	2025-04-06	14	0.0	2.4	0.0	1	1600	0.0	36.0	4.0	14.0
2018102091	2025-06-29	6	0.0	0.4	0.0	1	1200	0.0	34.1	4.0	13.0
2018102091	2025-10-18	11	0.0	1.2	1.0	1	1200	0.0	34.0	4.0	18.0
2018102091	2025-11-23	8	0.0	0.5	0.0	1	1200	0.0	33.0	4.0	16.0
2018102091	2025-11-29	9	0.0	0.4	0.0	1	1400	0.0	33.5	4.0	12.0
2018102091	2025-12-21	10	0.0	0.5	2.0	1	1400	1.0	34.5	4.0	14.0
2018102956	2021-04-04	1	510.0	0.0	1.0	0	1800	0.0	38.3	1.0	16.0
2018102956	2021-05-01	9	0.0	2.4	0.0	0	1800	2.0	41.0	2.0	11.0
2018102956	2021-10-10	8	0.0	2.1	0.0	0	1800	0.0	39.4	2.0	12.0
2018102956	2021-10-31	12	0.0	2.5	1.0	0	1800	0.0	39.7	2.0	12.0
2018102956	2022-02-05	9	0.0	0.6	0.0	0	1400	0.0	39.2	2.0	16.0
2018102956	2022-03-12	2	310.0	0.3	0.0	0	1400	0.0	37.7	2.0	16.0
2018102956	2022-03-26	1	770.0	0.0	3.0	0	1400	1.0	36.7	2.0	16.0
2018102956	2022-05-21	3	280.0	0.7	1.0	0	1400	0.0	37.9	3.0	16.0
2018102956	2022-06-04	5	111.0	0.9	0.0	0	1400	0.0	36.8	3.0	16.0
2018102956	2022-09-18	5	111.0	1.7	1.0	0	1400	0.0	37.3	3.0	16.0
2018102956	2022-10-09	10	0.0	1.0	2.0	0	1400	2.0	37.5	3.0	16.0
2018102956	2022-12-17	3	386.4	0.7	2.0	0	1400	0.0	38.2	3.0	16.0
2018102956	2023-01-09	7	0.0	1.1	0.0	0	1400	0.0	38.8	5.0	14.0
2018102956	2023-03-26	9	0.0	1.8	2.0	0	1400	3.0	38.6	5.0	15.0
2018102956	2023-07-08	14	0.0	2.1	1.0	0	1400	0.0	38.9	3.0	16.0
2018102956	2023-09-23	14	0.0	2.6	0.0	0	1800	2.0	39.5	3.0	16.0
2018102956	2023-10-07	2	460.0	0.4	1.0	0	1800	0.0	37.7	3.0	15.0
2018102956	2023-10-28	10	0.0	2.8	0.0	0	1800	0.0	39.4	3.0	13.0
2018102956	2023-11-18	13	0.0	1.6	0.0	0	1800	1.0	38.9	5.0	16.0
2018102956	2024-03-03	3	290.0	0.7	0.0	0	1800	0.0	38.1	3.0	12.0
2018102956	2024-03-30	3	290.0	0.4	0.0	0	1800	2.0	37.3	3.0	15.0
2018102956	2024-04-13	4	170.0	0.2	0.0	0	1800	0.0	38.8	3.0	10.0
2018102956	2024-09-21	9	0.0	1.5	1.0	0	1800	0.0	39.6	3.0	16.0
2018102956	2025-01-06	12	0.0	1.5	3.0	0	1800	0.0	39.2	5.0	16.0
2018102956	2025-03-22	3	290.0	0.8	0.0	0	1800	0.0	39.3	3.0	16.0
2018102956	2025-04-06	2	460.0	0.2	0.0	0	1800	0.0	38.7	3.0	10.0
2018102956	2025-04-27	9	0.0	1.0	0.0	0	1800	0.0	37.9	3.0	12.0
2018102956	2025-08-02	3	393.9	0.3	0.0	0	1800	0.0	39.8	5.0	12.0
2018102956	2025-12-13	14	0.0	1.1	1.0	0	1800	0.0	38.1	5.0	16.0
2018102956	2025-12-28	6	0.0	0.7	0.0	0	1800	0.0	39.0	3.0	13.0
2018104268	2021-03-14	4	77.0	0.1	0.0	1	2200	1.0	35.8	1.0	9.0
2018104268	2021-03-27	6	0.0	1.0	0.0	1	2200	0.0	35.7	1.0	16.0
2018104268	2021-05-23	5	51.0	0.5	1.0	1	2200	2.0	38.2	1.0	15.0
2018104268	2021-06-06	11	0.0	2.8	1.0	0	1900	2.0	42.4	1.0	16.0
2018104268	2021-07-25	17	0.0	2.7	0.0	1	2000	0.0	36.8	1.0	18.0
2018104268	2021-08-22	7	0.0	1.1	0.0	1	2600	0.0	36.1	1.0	14.0
2018104268	2021-09-05	17	0.0	1.5	0.0	1	2000	0.0	37.9	1.0	18.0
2018104268	2021-12-20	2	10.2	0.3	0.0	0	1400	1.0	39.7	10.0	11.0
2018104268	2022-01-02	1	32.0	0.0	0.0	0	1400	0.0	40.5	10.0	9.0
2018104268	2022-02-16	3	7.2	1.7	0.0	0	1600	2.0	39.7	5.0	9.0
2018104268	2022-03-01	1	32.0	0.0	2.0	0	1400	0.0	40.3	11.0	11.0
2018104268	2022-03-11	4	4.2	0.4	0.0	0	1400	0.0	39.7		11.0
2018104268	2022-03-31	4	2.7	1.5	1.0	0	1600	0.0	40.4		7.0
2018104268	2022-04-25	9	0.0	2.0	0.0	0	920	1.0	36.5		11.0
2018104268	2022-07-06	4	4.6	0.8	0.0	0	1500	1.0	39.2	11.0	12.0
2018104268	2022-07-20	6	0.0	1.7	0.0	0	1700	1.0	41.4	5.0	11.0
2018104268	2022-08-03	1	35.0	0.0	0.0	0	1500	0.0	39.1	11.0	11.0
2018104268	2022-10-22	12	0.0	1.4	3.0	1	2200	0.0	35.5	5.0	16.0
2018104268	2022-12-04	7	0.0	0.9	0.0	1	2200	0.0	34.5	5.0	11.0
2018104268	2022-12-17	8	0.0	1.0	2.0	1	2000	0.0	35.3	2.0	16.0
2018104268	2023-09-02	8	0.0	1.0	1.0	1	2200	0.0	36.2	5.0	10.0
2018104268	2023-09-16	13	0.0	2.8	0.0	1	2500	0.0	36.0	2.0	14.0
2018104268	2023-10-01	15	0.0	1.8	1.0	1	2200	0.0	35.8	2.0	15.0
2018104268	2023-10-21	11	0.0	2.3	2.0	1	2200	1.0	36.2	5.0	15.0
2018104268	2024-08-31	16	0.0	4.1	1.0	1	2000	1.0	38.8	2.0	16.0
2018104268	2024-09-07	10	0.0	4.1	0.0	1	2000	0.0	36.7	2.0	10.0
2018104268	2024-09-22	11	0.0	4.9	1.0	0	1800	0.0	41.4	2.0	12.0
2018104268	2024-11-17	16	0.0	5.0	0.0	0	2100	0.0	40.2	2.0	16.0
2018104268	2024-11-26	9	0.0	3.3	0.0	0	1700	0.0	40.5	13.0	12.0
2018104268	2025-03-16	7	0.0	4.9	2.0	2	2970	2.0	14.4	1.0	9.0
2018104268	2025-04-06	11	0.0	4.1	1.0	2	2880	0.0	14.0	1.0	12.0
2018104268	2025-06-07	12	0.0	8.0	0.0	1	2400	0.0	39.6	5.0	12.0
2018104268	2025-08-02	11	0.0	8.3	0.0	2	2850	0.0	13.4	1.0	14.0
2018104757	2020-09-19	6	0.0	0.9	0.0	1	1200	0.0	34.3	0.0	12.0
2018104757	2020-11-07	3	103.5	0.8	1.0	1	1400	0.0	34.7	1.0	17.0
2018104757	2020-11-21	4	77.0	0.4	0.0	1	1400	0.0	34.9	1.0	13.0
2018104757	2020-12-12	4	77.0	0.2	1.0	1	1600	0.0	34.9	1.0	10.0
2018104757	2021-02-27	12	0.0	4.0	0.0	0	1400	0.0	42.3	1.0	16.0
2018104757	2021-05-15	11	0.0	0.9	1.0	1	1400	0.0	35.6	1.0	18.0
2018104757	2021-07-04	5	51.0	0.6	1.0	1	1200	0.0	35.0	1.0	18.0
2018104757	2021-07-25	1	510.0	0.0	0.0	1	1400	0.0	35.1	1.0	18.0
2018104757	2021-09-12	3	190.0	0.2	1.0	1	1400	0.0	35.0	2.0	18.0
2018104757	2021-10-02	4	110.0	0.5	0.0	1	1600	0.0	34.4	2.0	16.0
2018104757	2021-10-31	4	160.0	0.1	0.0	1	1400	0.0	35.1	5.0	18.0
2018104757	2022-02-19	6	0.0	0.1	2.0	1	1600	0.0	33.7	2.0	12.0
2018104757	2022-03-06	1	770.0	0.0	0.0	1	1600	0.0	34.7	2.0	16.0
2018104757	2022-03-26	3	383.4	0.3	2.0	1	1600	2.0	33.8	5.0	10.0
2018104757	2022-07-30	17	0.0	2.5	0.0	1	1600	0.0	34.2	5.0	18.0
2018104757	2022-10-15	1	1110.0	0.0	0.0	1	1400	0.0	34.0	3.0	12.0
2018104757	2022-11-12	11	0.0	0.9	0.0	1	1400	0.0	33.8	4.0	16.0
2018104757	2022-12-18	14	0.0	1.6	0.0	1	1400	0.0	35.2	4.0	15.0
2018104757	2023-07-22	4	280.0	0.3	0.0	1	1400	0.0	34.4	4.0	18.0
2018104757	2023-10-07	7	0.0	0.5	0.0	1	1400	0.0	34.5	4.0	15.0
2018104757	2023-12-02	9	0.0	0.9	0.0	1	1400	0.0	35.9	4.0	12.0
2018104757	2024-05-26	4	280.0	0.2	0.0	1	1400	0.0	33.4	4.0	16.0
2018104757	2024-08-17	6	0.0	0.2	0.0	1	1400	0.0	33.9	4.0	14.0
2018104757	2024-10-06	7	0.0	0.3	0.0	1	1400	0.0	34.1	4.0	16.0
2018104757	2024-11-30	8	0.0	0.7	0.0	1	1400	0.0	34.4	4.0	13.0
2018104757	2024-12-28	12	0.0	1.1	0.0	1	1200	0.0	33.8	4.0	16.0
2018104757	2025-03-23	16	0.0	3.2	0.0	0	1400	0.0	38.4	4.0	16.0
2018104757	2025-04-06	13	0.0	1.3	0.0	1	2000	0.0	36.7	4.0	16.0
2018104757	2025-04-12	5	184.0	0.5	0.0	1	1600	0.0	34.0	4.0	14.0
2018104757	2025-04-27	6	0.0	0.2	0.0	1	1400	0.0	33.6	4.0	15.0
2018104757	2025-06-22	14	0.0	1.1	0.0	1	1400	0.0	34.5	4.0	16.0
2018104757	2025-07-12	7	0.0	0.7	1.0	1	1200	0.0	34.8	4.0	9.0
2018104757	2025-08-02	9	0.0	0.9	0.0	1	1400	0.0	33.4	4.0	12.0
2018104757	2025-10-04	8	0.0	0.5	2.0	1	1400	0.0	33.1	4.0	15.0
2018104757	2025-11-08	13	0.0	0.5	0.0	1	1200	0.0	34.3	4.0	16.0
2018104757	2025-11-15	7	0.0	0.7	0.0	1	1400	0.0	33.3	4.0	18.0
2018105012	2020-07-12	1	700.0	0.0	0.0	1	1800	2.0	35.7	0.0	7.0
2018105012	2020-10-17	1	1024.0	0.0	3.0	1	2000	1.0	34.9	2.0	5.0
2018105012	2020-12-26	3	1815.6	0.3	0.0	1	2000	0.0	36.4		15.0
2018105012	2021-02-07	2	1511.4	0.0	0.0	1	2000	0.0	34.9		11.0
2018105012	2021-04-18	5	1100.0	0.6	0.0	1	2000	2.0	36.6		16.0
2018105012	2021-05-30	7	0.0	0.6	0.0	1	2400	0.0	33.8		17.0
2018105012	2022-01-16	1	5813.4	0.0	0.0	1	2200	0.0	34.4		16.0
2018105012	2024-03-10	3	1713.4	0.9	0.0	1	2000	0.0	35.4		13.0
2018105012	2024-05-05	3	1108.4	0.2	0.0	1	2000	0.0	33.5		16.0
2018105012	2024-06-01	1	4349.7	0.0	0.0	1	2000	0.0	33.9		13.0
2018105012	2024-10-06	7	0.0	0.3	1.0	1	1800	0.0	33.4		14.0
2018105012	2025-02-16	1	6285.4	0.0	1.0	1	2200	2.0	34.2		12.0
2018105012	2025-04-06	3	7546.2	0.3	0.0	1	2000	0.0	33.5		15.0
2018105012	2025-06-15	17	0.0	3.3	0.0	1	2200	2.0	38.9		17.0
2018105012	2025-09-21	3	1711.0	0.5	1.0	1	2200	0.0	34.2		11.0
2018105012	2025-11-30	14	0.0	2.4	0.0	1	2400	0.0	35.4		17.0
2018105199	2020-12-20	1	700.0	0.0	0.0	1	1600	0.0	36.8	0.0	16.0
2018105199	2021-03-07	10	0.0	2.1	1.0	1	1600	0.0	36.5	2.0	11.0
2018105199	2021-05-16	2	290.0	0.1	1.0	1	1600	0.0	33.7	2.0	10.0
2018105199	2021-07-25	5	76.0	1.1	0.0	1	1800	0.0	36.9	2.0	11.0
2018105199	2021-10-31	14	0.0	1.3	3.0	1	1600	0.0	36.2	2.0	17.0
2018105199	2021-12-05	14	0.0	2.1	1.0	0	1400	0.0	39.9	2.0	16.0
2018105199	2022-04-03	11	0.0	1.1	3.0	1	1600	2.0	36.9	2.0	16.0
2018105199	2023-01-15	4	120.0	0.5	1.0	1	1600	0.0	36.6	2.0	16.0
2018105199	2023-03-05	3	200.0	0.5	0.0	1	1600	0.0	34.4	2.0	17.0
2018105199	2023-04-23	4	120.0	0.2	0.0	1	1600	0.0	34.7	2.0	15.0
2018105199	2023-06-24	14	0.0	1.6	1.0	1	1600	0.0	36.5	2.0	16.0
2018105199	2023-08-19	14	0.0	2.8	2.0	1	1500	0.0	38.0	5.0	14.0
2018105199	2023-12-23	8	0.0	0.6	0.0	1	1600	0.0	34.0	2.0	16.0
2018105199	2024-03-02	3	200.0	0.7	1.0	1	1600	2.0	35.3	2.0	16.0
2018105199	2024-04-21	6	0.0	0.7	1.0	1	1600	0.0	34.6	2.0	10.0
2018105199	2024-07-14	5	80.0	0.2	2.0	1	1800	0.0	35.7	2.0	16.0
2018105199	2024-09-22	10	0.0	0.5	1.0	1	1600	0.0	35.0	2.0	16.0
2018105199	2024-12-15	11	0.0	0.7	0.0	1	1600	0.0	35.3	2.0	16.0
2018105199	2025-01-18	7	0.0	1.3	0.0	1	2000	0.0	36.6	2.0	16.0
2018105199	2025-04-06	1	800.0	0.0	2.0	1	1800	0.0	35.1	2.0	13.0
2018105199	2025-05-25	9	0.0	1.8	1.0	1	1800	0.0	36.3	5.0	9.0
2018105199	2025-08-02	11	0.0	1.3	0.0	1	1800	0.0	36.3	5.0	14.0
2018105199	2025-11-22	2	340.0	0.6	0.0	2	2770	0.0	13.1	1.0	14.0
2018105213	2020-08-23	1	700.0	0.0	0.0	1	1800	0.0	34.4	0.0	18.0
2018105213	2020-12-05	8	0.0	1.8	2.0	1	2000	2.0	36.7	2.0	12.0
2018105213	2021-01-05	5	73.0	0.9	1.0	1	2000	0.0	36.3	2.0	8.0
2018105213	2021-01-31	7	0.0	2.0	0.0	1	1800	0.0	35.6	2.0	8.0
2018105213	2021-12-26	7	0.0	1.8	0.0	0	1800	0.0	39.9	2.0	16.0
2018105213	2022-01-15	1	770.0	0.0	1.0	0	1800	0.0	38.5	2.0	10.0
2018105213	2022-02-27	10	0.0	2.0	0.0	0	1800	0.0	40.8	3.0	15.0
2018105213	2022-03-27	3	280.0	0.2	1.0	1	1800	1.0	35.5	3.0	11.0
2018105213	2022-05-14	1	1539.4	0.0	1.0	1	1800	2.0	36.5	5.0	13.0
2018105213	2022-05-29	9	0.0	0.8	0.0	1	1800	0.0	33.5	4.0	17.0
2018105213	2022-08-20	5	184.0	0.5	1.0	1	2200	2.0	35.5	4.0	13.0
2018105213	2022-10-29	4	280.0	0.4	0.0	1	2000	0.0	34.5	4.0	13.0
2018105213	2022-12-11	7	0.0	0.3	1.0	1	1800	0.0	34.9	4.0	16.0
2018105213	2023-01-21	2	748.6	0.2	0.0	1	2000	2.0	35.6	4.0	14.0
2018105213	2023-03-19	8	0.0	0.9	0.0	1	1800	1.0	35.6	4.0	16.0
2018105213	2023-04-09	10	0.0	0.6	0.0	1	2000	0.0	34.3	4.0	16.0
2018105213	2023-05-14	2	749.0	0.0	0.0	1	1800	0.0	34.8	4.0	13.0
2018105213	2023-07-30	2	750.8	0.2	0.0	1	1800	0.0	34.1	4.0	18.0
2018105213	2023-10-28	6	0.0	0.8	3.0	1	2000	3.0	36.1	4.0	12.0
2018105213	2023-11-26	13	0.0	1.1	1.0	1	2000	0.0	34.7	4.0	13.0
2018105213	2023-12-09	10	0.0	0.6	0.0	1	1800	0.0	34.0	4.0	15.0
2018105213	2024-01-20	10	0.0	1.2	1.0	1	2000	0.0	36.4	4.0	11.0
2018105213	2024-03-31	4	280.0	0.4	0.0	1	2000	0.0	34.7	4.0	15.0
2018105213	2024-05-12	10	0.0	1.2	0.0	1	1800	0.0	34.7	4.0	16.0
2018105213	2025-01-18	15	0.0	2.7	0.0	0	1800	0.0	40.0	4.0	16.0
2018105213	2025-02-23	8	0.0	0.5	0.0	1	2000	0.0	34.8	4.0	12.0
2018105213	2025-04-06	9	0.0	0.7	0.0	1	2000	0.0	35.2	4.0	16.0
2018105213	2025-05-17	5	184.0	0.8	1.0	1	2400	2.0	37.6	4.0	12.0
2018105213	2025-06-15	11	0.0	2.4	1.0	1	2400	2.0	39.5	4.0	15.0
2018105213	2025-08-03	1	840.0	0.0	0.0	2	2850	0.0	13.0	1.0	14.0
2018105213	2025-08-30	7	0.0	1.9	1.0	2	3250	0.0	13.4	5.0	13.0
2018105213	2025-12-20	2	570.0	0.6	0.0	2	3110	0.0	13.8	5.0	14.0
2018105328	2020-10-11	4	110.0	0.9	1.0	1	2000	2.0	35.1	0.0	13.0
2018105328	2020-11-23	3	130.0	1.0	0.0	1	2000	0.0	34.4	1.0	15.0
2018105328	2021-03-06	6	0.0	1.0	1.0	1	1800	2.0	36.4	1.0	16.0
2018105328	2021-06-13	1	510.0	0.0	1.0	0	1600	0.0	37.1	1.0	16.0
2018105328	2021-10-10	2	300.0	0.5	1.0	1	1800	0.0	33.9	2.0	12.0
2018105328	2021-11-20	8	0.0	0.7	0.0	1	1600	0.0	34.2	2.0	18.0
2018105328	2022-01-30	2	310.0	0.4	0.0	0	1600	0.0	36.9	2.0	16.0
2018105328	2022-02-20	1	770.0	0.0	1.0	0	1400	1.0	35.6	2.0	16.0
2018105328	2022-10-08	9	0.0	1.2	1.0	0	1600	1.0	37.0	5.0	16.0
2018105328	2022-11-12	13	0.0	3.0	0.0	0	1600	0.0	39.3	3.0	16.0
2018105328	2023-05-14	7	0.0	1.0	1.0	1	1600	0.0	34.2	3.0	10.0
2018105328	2023-07-02	10	0.0	1.5	0.0	0	1700	2.0	39.5	5.0	12.0
2018105328	2023-10-22	5	79.0	1.9	1.0	2	2850	1.0	13.3	1.0	14.0
2018105328	2024-01-21	3	200.0	1.9	1.0	2	2860	1.0	13.4	1.0	12.0
2018105328	2024-04-21	13	0.0	4.7	1.0	2	2770	0.0	13.4	1.0	14.0
2018105328	2024-06-29	8	0.0	3.0	0.0	2	2750	0.0	13.3	1.0	13.0
2018105328	2025-04-06	7	0.0	1.7	1.0	2	2880	0.0	13.9	1.0	12.0
2018105328	2025-06-07	12	0.0	9.0	0.0	2	3000	0.0	14.4	1.0	14.0
2018105762	2020-10-31	2	280.0	0.6	0.0	0	1600	0.0	37.3	0.0	15.0
2018105762	2020-11-28	1	510.0	0.0	0.0	0	1600	0.0	37.5	1.0	16.0
2018105762	2021-01-30	11	0.0	1.3	0.0	0	1600	1.0	36.6	2.0	13.0
2018105762	2021-02-14	4	110.0	0.5	0.0	0	1600	0.0	37.2	2.0	16.0
2018105762	2021-02-27	5	73.0	2.5	0.0	0	1800	0.0	40.9	2.0	10.0
2018105762	2021-05-01	5	73.0	1.3	1.0	0	1600	2.0	37.3	2.0	16.0
2018105762	2021-06-13	11	0.0	1.0	1.0	0	2100	0.0	37.4	2.0	16.0
2018105762	2021-09-25	13	0.0	2.9	1.0	0	1800	0.0	41.2	2.0	16.0
2018105762	2021-11-28	2	300.0	0.0	0.0	0	1400	0.0	35.4	2.0	16.0
2018105762	2021-12-11	3	190.0	0.3	0.0	0	1400	0.0	37.2	2.0	16.0
2018105762	2022-01-29	1	770.0	0.0	0.0	0	1400	0.0	35.4	2.0	16.0
2018105762	2022-02-20	2	610.4	0.1	1.0	0	1400	1.0	34.7	5.0	16.0
2018105762	2022-04-23	10	0.0	1.9	0.0	0	1400	2.0	35.3	3.0	16.0
2018105762	2022-05-14	13	0.0	1.5	1.0	0	1400	1.0	34.7	5.0	14.0
2018105762	2022-10-09	7	0.0	0.7	2.0	0	1400	2.0	35.3	3.0	16.0
2018105762	2022-11-12	9	0.0	1.6	0.0	0	1600	0.0	36.9	3.0	16.0
2018105762	2023-01-29	6	0.0	0.7	0.0	0	1400	0.0	36.6	3.0	16.0
2018105762	2023-02-12	3	290.0	0.5	1.0	0	1400	1.0	34.9	3.0	16.0
2018105762	2023-02-19	4	230.0	0.6	0.0	0	1400	0.0	36.4	5.0	16.0
2018105762	2023-04-22	3	290.0	0.2	0.0	0	1400	0.0	35.8	3.0	16.0
2018105762	2023-05-13	3	395.7	0.5	2.0	0	1400	2.0	35.0	5.0	16.0
2018105762	2023-06-04	3	395.4	0.2	1.0	0	1400	2.0	35.0	5.0	15.0
2018105762	2023-06-24	4	230.0	0.4	1.0	0	1400	0.0	35.9	5.0	16.0
2018105762	2023-10-08	6	0.0	1.5	2.0	0	1400	0.0	35.7	3.0	16.0
2018105762	2023-11-18	4	170.0	0.3	1.0	0	1400	1.0	35.7	3.0	16.0
2018105762	2023-12-03	2	460.0	0.1	0.0	0	1200	0.0	35.9	3.0	16.0
2018105762	2023-12-28	9	0.0	0.5	0.0	0	1200	0.0	35.5	3.0	16.0
2018105762	2024-02-04	10	0.0	1.1	1.0	0	1300	0.0	35.8	3.0	16.0
2018105762	2024-03-17	6	0.0	1.1	3.0	0	1400	2.0	36.8	3.0	14.0
2018105762	2024-05-25	14	0.0	2.3	0.0	0	1400	0.0	36.2	3.0	16.0
2018105762	2024-08-03	11	0.0	2.5	1.0	0	1700	0.0	37.7	5.0	14.0
2018105762	2024-10-06	13	0.0	2.4	1.0	0	1600	1.0	36.0	3.0	16.0
2018105762	2025-02-02	6	0.0	1.5	2.0	0	1400	2.0	36.3	3.0	16.0
2018105762	2025-02-16	13	0.0	2.3	1.0	0	1400	0.0	36.1	3.0	15.0
2018105762	2025-04-06	13	0.0	2.1	0.0	0	1200	2.0	36.8	3.0	15.0
2018106154	2020-08-23	2	280.0	0.1	0.0	1	2000	0.0	35.6	0.0	7.0
2018106154	2020-11-14	1	510.0	0.0	0.0	1	2000	0.0	34.0	1.0	13.0
2018106154	2020-12-05	10	0.0	2.4	2.0	1	2000	2.0	36.7	2.0	12.0
2018106154	2021-02-28	5	200.0	0.6	0.0	1	2200	0.0	35.4		8.0
2018106154	2021-05-08	11	0.0	3.5	1.0	1	2200	0.0	38.6		11.0
2018106154	2022-07-31	3	190.0	0.2	0.0	1	2000	0.0	36.2	2.0	14.0
2018106154	2022-08-27	2	310.0	0.5	1.0	1	1800	0.0	36.2	2.0	14.0
2018106154	2022-09-24	7	0.0	1.1	1.0	1	2000	3.0	35.2	2.0	11.0
2018106154	2023-02-19	1	800.0	0.0	1.0	1	1800	0.0	33.8	2.0	16.0
2018106154	2023-03-11	1	1573.8	0.0	0.0	1	2000	0.0	34.0	5.0	9.0
2018106154	2023-07-29	7	0.0	0.7	1.0	1	2000	0.0	34.5	4.0	16.0
2018106154	2023-08-26	4	280.0	0.4	0.0	1	2000	0.0	36.5	4.0	14.0
2018106154	2023-11-04	5	184.0	0.2	0.0	1	1800	0.0	33.0	4.0	10.0
2018106154	2023-11-26	10	0.0	1.0	1.0	1	2000	0.0	34.3	4.0	13.0
2018106154	2024-11-24	9	0.0	1.2	0.0	1	2000	0.0	34.2	4.0	15.0
2018106154	2025-04-06	14	0.0	1.6	0.0	1	2000	0.0	36.7	4.0	16.0
2018106154	2025-09-21	16	0.0	3.1	1.0	0	1800	0.0	40.2	4.0	16.0
2018106154	2025-11-23	4	280.0	0.4	0.0	1	1600	0.0	33.1	4.0	17.0
2018106610	2020-07-05	10	0.0	1.5	1.0	1	1200	1.0	36.0	0.0	12.0
2018106610	2020-07-25	11	0.0	1.7	1.0	1	1000	2.0	33.9	1.0	16.0
2018106610	2020-08-23	14	0.0	1.0	0.0	1	1400	0.0	36.8	1.0	18.0
2018106610	2020-11-01	6	0.0	1.2	0.0	0	1200	0.0	37.6	1.0	10.0
2018106610	2020-11-15	6	0.0	2.6	0.0	0	1600	0.0	38.6	1.0	13.0
2018106610	2020-11-22	9	0.0	0.7	0.0	0	1200	0.0	37.0	1.0	15.0
2018106610	2020-11-28	5	51.0	1.2	0.0	0	1200	0.0	36.9	1.0	11.0
2018106610	2020-12-20	10	0.0	1.0	0.0	0	1400	0.0	39.4	1.0	16.0
2018106610	2021-03-06	8	0.0	0.7	1.0	0	1200	2.0	37.9	1.0	16.0
2018106610	2021-03-21	3	130.0	1.2	3.0	0	1200	3.0	35.8	1.0	16.0
2018106610	2021-04-10	7	0.0	1.5	0.0	0	1200	0.0	37.5	1.0	15.0
2018106610	2021-04-24	4	77.0	0.9	0.0	0	1800	0.0	38.3	1.0	14.0
2018106610	2021-05-15	5	51.0	1.7	1.0	0	1600	0.0	37.0	1.0	15.0
2018106610	2021-06-12	7	0.0	2.1	0.0	0	1600	0.0	37.5	1.0	16.0
2018106610	2021-08-22	6	0.0	1.0	0.0	0	1800	2.0	38.4	1.0	15.0
2018106610	2021-09-21	1	32.0	0.0	0.0	0	1500	0.0	38.5	11.0	8.0
2018106610	2021-10-04	1	32.0	0.0	0.0	0	1400	0.0	37.1	11.0	8.0
2018106610	2021-10-17	1	34.0	0.0	1.0	0	1500	3.0	37.4	13.0	9.0
2018106610	2021-11-08	2	11.5	0.8	0.0	0	1500	0.0	38.1	14.0	7.0
2018106610	2021-11-23	2	11.5	0.4	1.0	0	1400	3.0	36.9	14.0	9.0
2018106610	2021-12-05	1	36.0	0.0	0.0	0	1500	1.0	37.4	14.0	10.0
2018106610	2022-02-19	3	190.0	0.6	1.0	0	1600	2.0	36.9	2.0	15.0
2018106610	2022-03-06	4	120.0	0.7	0.0	0	1800	0.0	39.6	2.0	16.0
2018106610	2022-03-26	2	310.0	0.0	3.0	0	1800	1.0	36.4	2.0	13.0
2018106610	2022-04-10	4	120.0	0.5	0.0	0	1800	0.0	39.1	2.0	13.0
2018106610	2022-05-15	2	310.0	0.5	1.0	0	2100	1.0	35.8	2.0	11.0
2018106610	2022-05-28	1	770.0	0.0	0.0	0	1600	2.0	35.4	2.0	12.0
2018106610	2022-06-11	6	0.0	0.6	1.0	0	1600	0.0	36.8	5.0	16.0
2018106610	2022-12-28	4	230.0	0.3	0.0	0	1800	0.0	37.7	3.0	16.0
2018106610	2023-01-08	13	0.0	2.3	0.0	0	1800	0.0	40.2	5.0	16.0
2018106610	2023-04-23	16	0.0	4.3	0.0	0	1600	0.0	41.7	3.0	16.0
2018106610	2023-06-18	9	0.0	1.5	0.0	0	1700	0.0	38.2	5.0	13.0
2018106610	2023-06-24	3	394.1	0.5	1.0	0	1700	1.0	36.2	5.0	13.0
2018106610	2023-07-16	12	0.0	1.4	1.0	0	1700	1.0	37.8	5.0	14.0
2018106610	2023-08-20	14	0.0	2.6	1.0	0	1700	2.0	39.3	5.0	14.0
2018106610	2023-08-27	14	0.0	3.1	2.0	0	1700	1.0	39.2	3.0	14.0
2018106610	2023-09-16	15	0.0	3.4	0.0	0	2400	0.0	40.9	5.0	16.0
2018106610	2023-12-02	14	0.0	2.0	0.0	0	1800	0.0	37.7	5.0	16.0
2018106610	2023-12-16	15	0.0	3.2	0.0	0	1800	2.0	39.7	3.0	16.0
2018106610	2024-06-30	12	0.0	2.8	1.0	0	1700	0.0	39.1	5.0	13.0
2018106610	2025-04-06	15	0.0	2.5	0.0	0	1200	2.0	37.2	3.0	15.0
2018106610	2025-04-26	9	0.0	2.2	2.0	0	1600	2.0	37.3	3.0	16.0
2018106610	2025-05-18	16	0.0	3.1	1.0	0	1600	1.0	37.0	5.0	16.0
2018106610	2025-09-20	15	0.0	2.6	1.0	0	1200	1.0	37.1	3.0	16.0
2018106610	2025-09-28	14	0.0	4.8	1.0	0	2000	0.0	40.0	3.0	14.0
2018106610	2025-11-05	1	43.0	0.0	1.0	0	1400	2.0	39.3	10.0	8.0
2018106610	2025-11-23	2	14.4	0.0	0.0	0	1400	2.0	37.9	11.0	8.0
2018106610	2025-12-08	3	7.2	0.1	3.0	0	1400	1.0	38.3	11.0	8.0
2018106610	2025-12-15	1	43.0	0.0	1.0	0	1500	3.0	37.6	10.0	9.0
2018106610	2025-12-27	4	5.4	1.5	1.0	0	1500	3.0	37.9	11.0	12.0
2018106663	2021-03-28	12	0.0	1.4	1.0	1	1400	0.0	35.1	1.0	18.0
2018106663	2021-04-18	16	0.0	2.1	0.0	1	1600	2.0	36.6	1.0	18.0
2018106663	2021-07-03	5	51.0	2.4	2.0	1	1800	0.0	36.2	1.0	16.0
2018106663	2021-07-17	9	0.0	1.9	2.0	1	2000	0.0	37.9	1.0	18.0
2018106663	2021-08-29	1	510.0	0.0	0.0	1	1800	0.0	34.4	1.0	15.0
2018106663	2021-12-04	4	110.0	0.9	1.0	1	1600	0.0	35.0	2.0	16.0
2018106663	2022-01-16	3	190.0	0.4	0.0	1	1600	0.0	35.1	2.0	14.0
2018106663	2022-01-29	3	190.0	0.5	0.0	1	1600	0.0	35.5	2.0	11.0
2018106663	2022-04-16	7	0.0	0.3	0.0	1	1800	2.0	35.9	5.0	15.0
2018106663	2022-05-08	1	770.0	0.0	0.0	1	1600	0.0	34.3	2.0	12.0
2018106663	2022-05-28	3	383.1	0.2	0.0	1	1600	0.0	33.1	5.0	9.0
2018106663	2022-10-30	4	230.0	0.7	0.0	1	1600	0.0	33.8	3.0	13.0
2018106663	2022-11-13	5	111.0	1.2	1.0	1	1600	0.0	33.0	3.0	11.0
2018106663	2023-01-05	7	0.0	0.6	0.0	1	1600	0.0	34.2	3.0	12.0
2018106663	2023-02-04	3	394.5	0.2	0.0	1	1800	0.0	34.0	5.0	14.0
2018106663	2023-05-21	9	0.0	1.0	0.0	1	1800	0.0	34.1	5.0	12.0
2018106663	2023-06-18	4	230.0	1.0	1.0	1	1600	0.0	33.6	5.0	11.0
2018106663	2023-07-09	4	230.0	0.7	1.0	1	1600	2.0	34.5	3.0	12.0
2018106663	2023-10-07	3	393.4	0.2	0.0	1	1600	0.0	32.8	5.0	11.0
2018106663	2023-11-04	5	114.0	0.9	1.0	1	1600	0.0	33.9	3.0	10.0
2018106663	2023-12-02	1	1584.3	0.0	0.0	1	1600	0.0	34.5	3.0	13.0
2018106663	2023-12-28	6	0.0	0.4	0.0	1	1600	0.0	33.8	4.0	16.0
2018106663	2024-05-12	8	0.0	0.6	1.0	1	1600	0.0	34.0	4.0	14.0
2018106663	2024-06-08	6	0.0	0.8	1.0	1	1600	0.0	33.4	4.0	10.0
2018106663	2024-09-15	13	0.0	0.8	1.0	1	1600	2.0	33.9	4.0	16.0
2018106663	2024-10-20	5	184.0	0.2	0.0	1	1600	0.0	33.8	4.0	17.0
2018106663	2024-11-24	11	0.0	1.1	1.0	1	1600	0.0	33.8	4.0	13.0
2018106663	2024-12-15	8	0.0	0.7	0.0	1	1400	0.0	33.6	4.0	18.0
2018106663	2025-04-06	10	0.0	0.8	0.0	1	1600	0.0	33.8	4.0	14.0
2018106663	2025-04-27	5	184.0	0.5	0.0	1	1800	0.0	33.3	4.0	16.0
2018106663	2025-05-18	6	0.0	0.9	1.0	1	1600	2.0	33.6	4.0	12.0
2018106663	2025-06-15	16	0.0	1.7	0.0	1	1600	2.0	34.3	4.0	18.0
2018106663	2025-09-06	10	0.0	0.9	0.0	1	1800	0.0	34.3	4.0	12.0
2018106663	2025-10-12	7	0.0	0.3	1.0	1	1600	0.0	33.8	4.0	13.0
2018106663	2026-01-11	13	0.0	1.7	1.0	1	1600	0.0	34.1	4.0	15.0
2019100768	2022-01-09	1	600.0	0.0	0.0	1	2000	2.0	34.5	0.0	14.0
2019100768	2022-02-06	5	103.0	0.9	1.0	1	2400	0.0	34.9	2.0	10.0
2019100768	2022-03-12	7	0.0	0.8	0.0	1	2000	0.0	35.7	2.0	13.0
2019100768	2022-10-08	10	0.0	0.8	1.0	1	2000	0.0	34.6	2.0	16.0
2019100768	2022-11-12	4	120.0	0.3	0.0	1	1800	0.0	33.9	2.0	15.0
2019100768	2022-12-10	5	77.0	0.5	0.0	1	1800	0.0	35.8	2.0	16.0
2019100768	2023-01-28	1	800.0	0.0	1.0	1	1800	0.0	33.7	2.0	13.0
2019100768	2023-09-18	14	0.0	1.7	0.0	1	2000	0.0	36.6	3.0	14.0
2019100768	2023-10-07	10	0.0	1.3	0.0	1	1800	0.0	34.1	3.0	12.0
2019100768	2023-11-12	3	290.0	0.2	1.0	1	1800	0.0	33.5	3.0	8.0
2019100768	2023-12-17	2	460.0	0.0	0.0	1	1800	0.0	34.9	3.0	13.0
2019100768	2024-01-07	9	0.0	0.5	0.0	1	2000	0.0	35.8	3.0	17.0
2019100768	2024-01-20	3	393.4	0.2	2.0	1	1800	0.0	35.3	3.0	10.0
2019100768	2024-02-24	6	0.0	0.8	0.0	1	1800	2.0	35.7	5.0	12.0
2019100768	2024-03-23	1	1140.0	0.0	2.0	1	1800	0.0	34.4	3.0	11.0
2019100768	2024-04-27	5	184.0	0.7	1.0	1	2000	0.0	34.6	4.0	13.0
2019100768	2024-08-03	14	0.0	2.0	0.0	1	1800	0.0	34.9	4.0	16.0
2019100768	2024-08-24	12	0.0	1.8	0.0	1	2000	0.0	38.8	4.0	14.0
2019100768	2024-09-28	5	184.0	0.7	1.0	1	1600	0.0	34.3	4.0	15.0
2019100768	2024-10-26	6	0.0	0.3	1.0	1	1600	0.0	33.4	4.0	7.0
2019100768	2024-11-17	9	0.0	1.3	0.0	1	1600	0.0	34.3	4.0	13.0
2019100768	2024-12-07	8	0.0	0.5	0.0	1	1800	0.0	34.4	4.0	15.0
2019100768	2025-01-25	6	0.0	0.4	0.0	1	2000	0.0	35.1	4.0	17.0
2019100768	2025-03-02	7	0.0	0.5	1.0	1	2000	1.0	36.7	4.0	13.0
2019100768	2025-04-06	6	0.0	0.6	0.0	1	2000	0.0	35.3	4.0	16.0
2019100768	2025-05-04	8	0.0	1.1	0.0	1	2000	0.0	35.2	4.0	13.0
2019100768	2025-06-01	15	0.0	1.5	0.0	1	1800	0.0	35.4	4.0	18.0
2019100768	2025-08-10	14	0.0	1.4	3.0	1	1800	1.0	34.8	4.0	14.0
2019100768	2025-08-23	7	0.0	0.4	0.0	1	2000	0.0	36.7	4.0	14.0
2019100768	2025-09-14	11	0.0	0.9	1.0	1	2000	0.0	34.5	4.0	14.0
2019100768	2025-10-05	6	0.0	0.6	1.0	1	2000	2.0	33.8	4.0	9.0
2019100768	2025-12-13	9	0.0	0.5	1.0	1	1800	0.0	34.2	4.0	16.0
2019100800	2021-07-25	3	180.0	2.5	0.0	1	1800	0.0	38.2	0.0	8.0
2019100800	2021-08-08	2	200.0	0.4	1.0	0	1700	0.0	40.7	1.0	14.0
2019100800	2021-09-04	1	510.0	0.0	0.0	0	1700	0.0	38.4	1.0	12.0
2019100800	2022-01-08	15	0.0	3.4	0.0	0	1800	2.0	39.9	2.0	16.0
2019100800	2022-01-29	13	0.0	2.2	1.0	0	1600	0.0	38.5	2.0	16.0
2019100800	2022-03-21	7	0.0	1.3	0.0	1	1600	0.0	34.5	2.0	10.0
2019100800	2022-08-14	1	770.0	0.0	1.0	0	1700	2.0	38.9	2.0	14.0
2019100800	2022-09-04	8	0.0	1.4	0.0	0	1700	0.0	40.0	3.0	14.0
2019100800	2022-09-19	9	0.0	1.3	1.0	0	1800	1.0	36.5	5.0	15.0
2019100800	2022-12-11	11	0.0	2.5	1.0	0	1800	0.0	39.5	3.0	16.0
2019100800	2022-12-24	12	0.0	1.4	0.0	1	1600	0.0	35.2	3.0	14.0
2019100800	2023-02-05	6	0.0	0.5	0.0	0	1700	0.0	38.2	5.0	16.0
2019100800	2023-04-09	10	0.0	1.3	0.0	0	1700	0.0	38.2	5.0	15.0
2019100800	2023-04-30	13	0.0	2.8	1.0	0	1800	1.0	38.4	5.0	15.0
2019100800	2023-06-17	5	155.0	0.3	0.0	0	1400	0.0	35.8	5.0	15.0
2019100800	2023-06-24	8	0.0	0.8	1.0	0	1400	0.0	36.5	5.0	16.0
2019100800	2023-12-03	8	0.0	0.5	0.0	0	1200	0.0	37.1	3.0	16.0
2019100800	2024-03-31	8	0.0	0.9	0.0	0	1200	0.0	36.1	3.0	16.0
2019100800	2025-03-02	12	0.0	0.8	0.0	0	1200	0.0	37.0	3.0	16.0
2019100800	2025-04-06	10	0.0	1.5	0.0	0	1200	2.0	36.5	3.0	15.0
2019100800	2025-07-06	7	0.0	1.7	0.0	0	1150	0.0	36.4	5.0	16.0
2019100800	2025-12-21	1	60.0	0.0	1.0	0	1400	1.0	39.1	9.0	10.0
2019100800	2026-01-01	1	60.0	0.0	0.0	0	1300	0.0	39.1	9.0	8.0
2019100800	2026-01-11	1	60.0	0.0	0.0	0	1400	0.0	39.7	9.0	10.0
2019101023	2021-12-11	7	0.0	1.1	0.0	1	1800	0.0	35.5	0.0	12.0
2019101023	2022-01-09	13	0.0	1.7	0.0	1	1600	2.0	36.1	1.0	16.0
2019101023	2022-01-22	11	0.0	2.0	0.0	1	2000	0.0	38.9	1.0	14.0
2019101023	2022-02-20	8	0.0	2.0	1.0	1	1600	1.0	36.3	2.0	15.0
2019101023	2022-04-23	16	0.0	2.8	0.0	1	1600	0.0	36.7	1.0	18.0
2019101023	2022-05-08	8	0.0	1.4	0.0	1	2300	0.0	34.7	1.0	9.0
2019101023	2022-05-29	10	0.0	1.4	0.0	1	1600	0.0	34.8	1.0	18.0
2019101023	2022-06-12	8	0.0	1.8	0.0	0	1600	2.0	38.4	1.0	11.0
2019101023	2022-07-10	8	0.0	2.5	0.0	0	1700	0.0	39.6	1.0	13.0
2019101023	2022-08-07	8	0.0	1.7	0.0	0	1700	0.0	39.2	1.0	14.0
2019101023	2022-09-07	5	7.0	3.9	0.0	0	1700	0.0	44.0	5.0	7.0
2019101023	2022-12-11	11	0.0	14.8	0.0	2	2880	0.0	14.5	1.0	13.0
2019101023	2023-04-22	9	0.0	4.6	0.0	2	2770	0.0	13.6	1.0	11.0
2019101023	2023-05-21	11	0.0	3.1	0.0	2	2890	0.0	13.5	1.0	13.0
2019101023	2023-06-18	3	200.0	1.6	0.0	2	3000	0.0	14.0	1.0	6.0
2019101023	2023-07-16	2	320.0	0.3	0.0	2	3000	0.0	13.4	1.0	10.0
2019101023	2023-08-13	6	0.0	1.5	0.0	2	2850	0.0	13.2	1.0	14.0
2019101023	2023-09-18	5	79.0	1.3	0.0	2	2880	0.0	13.7	1.0	13.0
2019101023	2023-10-14	5	79.0	1.3	0.0	2	2850	0.0	13.1	1.0	13.0
2019101023	2023-11-19	7	0.0	4.5	0.0	2	2770	0.0	13.8	1.0	14.0
2019101023	2023-12-28	6	0.0	1.5	0.0	2	2970	0.0	13.6	1.0	14.0
2019101023	2024-02-11	5	79.0	2.0	0.0	2	2860	0.0	13.5	1.0	12.0
2019101023	2024-08-10	5	79.0	2.2	0.0	2	3000	0.0	13.4	1.0	10.0
2019101023	2024-09-01	4	120.0	1.3	1.0	2	3000	3.0	13.7	1.0	9.0
2019101023	2024-09-22	8	0.0	2.8	1.0	2	3000	0.0	13.6	1.0	13.0
2019101023	2024-10-12	8	0.0	4.0	0.0	2	2850	0.0	13.3	1.0	11.0
2019101023	2024-11-03	4	120.0	0.5	0.0	2	2750	1.0	13.5	1.0	7.0
2019101023	2024-11-17	4	120.0	0.4	0.0	2	2770	0.0	13.3	1.0	14.0
2019101023	2024-12-08	4	120.0	0.1	0.0	2	2880	0.0	13.7	1.0	11.0
2019101023	2025-01-19	5	84.0	0.8	0.0	2	2880	0.0	13.6	1.0	11.0
2019101023	2025-02-23	3	210.0	0.5	1.0	2	2860	0.0	13.5	1.0	12.0
2019101023	2025-03-09	2	340.0	0.4	0.0	2	2880	2.0	13.7	1.0	11.0
2019101023	2025-04-06	3	210.0	0.5	1.0	2	2880	0.0	13.8	1.0	12.0
2019101023	2025-04-20	6	0.0	1.8	1.0	2	2970	0.0	13.9	1.0	14.0
2019101023	2025-05-31	6	0.0	3.4	3.0	2	3000	2.0	14.2	1.0	14.0
2019101023	2025-06-22	6	0.0	1.2	0.0	2	3000	0.0	13.7	1.0	12.0
2019101023	2025-07-27	6	0.0	0.5	0.0	2	3000	0.0	13.3	1.0	14.0
2019101023	2025-09-14	6	0.0	1.3	1.0	2	2880	0.0	13.9	1.0	9.0
2019101023	2025-10-12	10	0.0	4.8	1.0	2	2910	0.0	13.9	1.0	12.0
2019101023	2025-11-09	5	84.0	1.2	1.0	2	2750	0.0	13.4	1.0	10.0
2019101023	2025-11-22	8	0.0	4.2	0.0	2	2770	0.0	13.4	1.0	14.0
2019101023	2025-12-28	5	84.0	1.7	0.0	2	2970	0.0	13.9	1.0	14.0
2019101165	2021-08-07	12	0.0	2.3	0.0	1	1600	0.0	34.4	0.0	17.0
2019101165	2021-11-27	5	51.0	0.9	0.0	0	1600	2.0	38.2	1.0	16.0
2019101165	2021-12-19	1	510.0	0.0	0.0	0	1800	2.0	39.5	1.0	16.0
2019101165	2022-01-08	11	0.0	2.1	0.0	0	1800	2.0	38.3	2.0	16.0
2019101165	2022-04-30	5	75.0	1.4	0.0	0	1600	1.0	36.6	2.0	11.0
2019101165	2022-05-29	10	0.0	1.4	0.0	0	1600	0.0	37.6	2.0	16.0
2019101165	2022-10-15	6	0.0	1.3	1.0	0	1400	2.0	36.1	2.0	12.0
2019101165	2022-10-29	8	0.0	0.8	0.0	0	1400	0.0	37.3	2.0	13.0
2019101165	2023-01-09	10	0.0	1.5	0.0	0	1800	0.0	39.7	2.0	16.0
2019101165	2023-03-19	10	0.0	4.1	0.0	0	1800	1.0	39.7	2.0	10.0
2019101165	2023-05-13	3	200.0	0.9	0.0	0	1200	0.0	36.5	2.0	15.0
2019101165	2023-05-21	8	0.0	0.8	0.0	0	1200	0.0	36.9	2.0	15.0
2019101165	2023-07-01	9	0.0	0.9	1.0	0	1150	1.0	36.4	2.0	16.0
2019101165	2023-09-09	6	0.0	0.9	0.0	0	1200	1.0	36.6	2.0	16.0
2019101165	2023-09-30	6	0.0	1.8	0.0	0	1200	0.0	36.2	2.0	16.0
2019101165	2023-11-04	11	0.0	1.9	0.0	0	1400	0.0	36.3	2.0	16.0
2019101165	2023-11-11	3	200.0	0.3	0.0	0	1150	0.0	36.6	2.0	16.0
2019101165	2023-12-02	4	120.0	0.5	0.0	0	1200	0.0	37.1	2.0	16.0
2019101165	2023-12-23	2	320.0	0.1	0.0	0	1200	0.0	36.5	2.0	16.0
2019101165	2024-09-08	3	200.0	0.5	0.0	0	1200	0.0	36.1	2.0	16.0
2019101165	2024-09-22	2	320.0	0.1	1.0	0	1200	0.0	37.2	2.0	16.0
2019101165	2024-11-09	8	0.0	1.1	0.0	0	1150	0.0	36.7	2.0	16.0
2019101165	2025-01-11	2	320.0	0.1	0.0	0	1200	2.0	37.4	2.0	16.0
2019101165	2025-01-25	6	0.0	0.8	1.0	0	1200	0.0	37.3	2.0	16.0
2019101165	2025-03-30	9	0.0	0.8	0.0	0	1200	2.0	36.7	2.0	16.0
2019101165	2025-04-06	7	0.0	1.1	0.0	0	1200	2.0	36.6	3.0	15.0
2019101165	2025-07-19	7	0.0	0.4	0.0	0	1150	0.0	36.5	2.0	11.0
2019101165	2025-09-07	11	0.0	1.3	1.0	0	1000	2.0	35.1	2.0	12.0
2019101165	2025-12-20	4	120.0	1.2	1.0	0	1200	0.0	37.4	2.0	16.0
2019101165	2026-01-10	1	820.0	0.0	0.0	0	1200	0.0	36.8	2.0	16.0
2019101264	2021-08-21	8	0.0	1.3	0.0	1	1200	0.0	36.5	0.0	17.0
2019101264	2021-10-09	5	51.0	0.5	1.0	0	1400	0.0	37.8	1.0	14.0
2019101264	2021-10-31	2	200.0	0.1	1.0	0	1400	0.0	37.8	1.0	15.0
2019101264	2021-11-27	8	0.0	2.2	0.0	0	1600	2.0	40.7	1.0	16.0
2019101264	2022-01-30	3	130.0	0.5	0.0	0	1400	0.0	37.6	1.0	16.0
2019101264	2022-02-13	8	0.0	1.4	1.0	0	1400	1.0	36.0	1.0	16.0
2019101264	2022-03-27	1	520.0	0.0	0.0	0	1400	3.0	37.8	1.0	16.0
2019101264	2022-06-19	10	0.0	1.7	0.0	0	1400	0.0	37.7	2.0	16.0
2019101264	2022-08-20	5	77.0	0.7	3.0	0	1200	2.0	36.7	2.0	15.0
2019101264	2022-09-10	2	310.0	1.0	0.0	0	1200	0.0	36.8	2.0	10.0
2019101264	2022-09-25	4	120.0	1.2	0.0	0	1200	1.0	36.7	2.0	16.0
2019101264	2022-11-27	3	190.0	0.2	0.0	0	1400	2.0	36.0	2.0	16.0
2019101264	2022-12-24	1	770.0	0.0	0.0	0	1200	2.0	37.0	2.0	16.0
2019101264	2023-02-12	4	170.0	0.5	1.0	0	1400	1.0	35.2	3.0	16.0
2019101264	2023-03-05	8	0.0	0.8	1.0	0	1200	0.0	36.0	3.0	16.0
2019101264	2023-04-23	11	0.0	1.7	0.0	0	1600	0.0	38.8	3.0	16.0
2019101264	2023-05-27	7	0.0	0.9	0.0	0	1400	0.0	36.1	3.0	16.0
2019101264	2023-06-24	11	0.0	1.2	1.0	0	1600	0.0	36.7	5.0	16.0
2019101264	2023-08-26	8	0.0	0.7	0.0	0	1200	0.0	36.5	5.0	15.0
2019101264	2023-10-08	7	0.0	1.6	2.0	0	1400	0.0	36.0	3.0	16.0
2019101264	2023-10-21	4	170.0	0.5	0.0	0	1400	0.0	36.2	3.0	14.0
2019101264	2023-11-18	11	0.0	1.0	1.0	0	1400	1.0	36.2	3.0	16.0
2019101264	2024-01-07	5	114.0	0.6	1.0	0	1200	0.0	36.6	3.0	16.0
2019101264	2024-01-21	2	460.0	0.1	2.0	0	1200	3.0	36.6	3.0	15.0
2019101264	2024-02-04	6	0.0	0.8	1.0	0	1300	0.0	36.9	3.0	16.0
2019101264	2024-04-06	3	395.3	0.1	1.0	0	1200	2.0	35.9	5.0	16.0
2019101264	2024-04-21	13	0.0	1.3	2.0	0	1200	2.0	36.8	3.0	16.0
2019101264	2024-05-25	10	0.0	1.7	0.0	0	1400	0.0	36.2	3.0	16.0
2019101264	2024-08-10	6	0.0	0.3	0.0	0	1200	0.0	35.7	5.0	15.0
2019101264	2024-10-26	14	0.0	4.4	1.0	0	1400	0.0	39.7	3.0	14.0
2019101264	2024-12-14	15	0.0	1.7	1.0	0	1200	0.0	36.5	5.0	16.0
2019101264	2025-01-18	13	0.0	1.3	0.0	0	1200	0.0	38.2	3.0	16.0
2019101264	2025-03-22	13	0.0	1.2	0.0	0	1200	2.0	36.1	3.0	16.0
2019101264	2025-04-06	8	0.0	1.4	0.0	0	1200	2.0	36.1	3.0	15.0
2019101264	2025-05-03	12	0.0	1.4	0.0	0	1200	2.0	35.7	3.0	16.0
2019101264	2025-06-08	14	0.0	1.5	0.0	0	1400	0.0	37.0	5.0	16.0
2019101264	2025-11-16	6	0.0	4.3	0.0	2	2750	0.0	13.5	1.0	11.0
2019101406	2021-07-31	4	110.0	0.6	0.0	1	1600	0.0	33.8	0.0	17.0
2019101406	2022-06-25	15	0.0	3.2	0.0	1	1800	0.0	37.3	1.0	17.0
2019101406	2022-07-24	3	130.0	0.7	0.0	1	1800	0.0	36.3	1.0	16.0
2019101406	2022-08-06	8	0.0	0.5	0.0	1	1600	0.0	34.3	1.0	18.0
2019101406	2022-09-04	11	0.0	1.4	0.0	1	2000	0.0	37.4	1.0	18.0
2019101406	2022-11-19	14	0.0	1.2	0.0	1	1800	0.0	36.6	5.0	16.0
2019101406	2023-05-04	3	17.5	1.9	0.0	0	1400	0.0	40.7	10.0	10.0
2019101406	2023-05-19	9	0.0	3.1	1.0	0	1400	3.0	42.7	10.0	10.0
2019101406	2023-06-09	7	0.0	2.2	1.0	0	1400	1.0	43.1	10.0	11.0
2019101406	2023-06-30	7	0.0	1.6	3.0	0	1230	2.0	40.8	10.0	10.0
2019101406	2023-07-20	1	56.0	0.0	0.0	0	1230	0.0	39.4	9.0	10.0
2019101406	2023-08-09	10	0.0	2.3	1.0	0	1230	0.0	40.6	5.0	12.0
2019101406	2023-12-07	2	22.4	0.0	0.0	0	1230	0.0	40.3	9.0	9.0
2019101406	2023-12-19	2	22.4	0.4	1.0	0	1230	2.0	40.3	9.0	12.0
2019101406	2024-01-04	11	0.0	2.1	1.0	0	1400	0.0	43.0	10.0	12.0
2019101406	2024-01-18	4	10.5	0.7	3.0	0	1400	0.0	40.8	10.0	10.0
2019101406	2024-01-30	2	22.4	0.4	0.0	0	1400	0.0	39.4	9.0	9.0
2019101406	2024-02-20	1	56.0	0.0	1.0	0	1400	1.0	40.6	9.0	10.0
2019101406	2024-03-19	5	7.0	2.2	1.0	0	1400	0.0	41.6	10.0	12.0
2019101406	2024-04-02	2	24.5	0.2	0.0	0	1400	0.0	40.3	10.0	10.0
2019101406	2024-04-23	4	10.5	1.9	1.0	0	1400	1.0	42.3	10.0	8.0
2019101406	2024-05-08	1	80.0	0.0	0.0	0	1230	2.0	40.8	10.0	10.0
2019101406	2024-05-29	7	0.0	2.0	0.0	0	1230	1.0	41.8	10.0	12.0
2019101406	2024-06-19	8	0.0	4.0	0.0	0	1230	1.0	43.0	10.0	10.0
2019101406	2024-10-09	3	11.2	1.0	0.0	0	1230	1.0	41.5	9.0	10.0
2019101406	2024-10-23	3	11.2	0.8	1.0	0	1230	2.0	40.5	9.0	12.0
2019101406	2024-11-06	1	56.0	0.0	0.0	0	1400	2.0	40.9	9.0	9.0
2019101406	2024-11-26	6	0.0	1.3	3.0	0	1400	0.0	40.2	10.0	10.0
2019101406	2024-12-15	10	0.0	1.1	0.0	1	1600	0.0	36.1	2.0	16.0
2019101406	2025-02-02	10	0.0	2.0	0.0	1	2000	2.0	37.2	5.0	16.0
2019101406	2025-03-01	9	0.0	1.3	1.0	1	1800	0.0	37.4	2.0	15.0
2019101406	2025-04-06	10	0.0	2.3	0.0	1	2000	0.0	36.9	2.0	11.0
2019101406	2025-04-19	13	0.0	1.7	0.0	1	1600	0.0	34.9	2.0	14.0
2019101406	2025-05-04	8	0.0	1.8	0.0	1	1600	0.0	34.5	2.0	9.0
2019101406	2025-05-18	15	0.0	1.2	0.0	1	1200	2.0	34.8	2.0	16.0
2019101406	2025-07-13	3	8.1	1.1	1.0	0	900	2.0	35.9	10.0	12.0
2019101406	2025-08-24	5	3.4	0.7	1.0	0	1300	3.0	38.8	11.0	12.0
2019101406	2025-09-07	2	13.4	0.2	0.0	0	1300	0.0	39.2	11.0	11.0
2019101406	2025-09-20	5	3.4	1.5	1.0	0	1400	3.0	39.8	11.0	10.0
2019101406	2025-10-05	1	42.0	0.0	1.0	0	1400	1.0	39.7	11.0	10.0
2019101406	2025-10-12	6	0.0	1.0	0.0	0	1400	0.0	39.9	11.0	10.0
2019101406	2025-10-26	6	0.0	1.2	1.0	0	1400	0.0	39.8	10.0	9.0
2019101406	2025-11-08	5	3.4	0.4	1.0	0	1400	0.0	39.8	11.0	11.0
2019101406	2025-11-23	8	0.0	1.9	0.0	0	1300	0.0	39.9	11.0	11.0
2019101406	2025-12-20	8	0.0	2.1	0.0	0	1400	0.0	40.3	11.0	11.0
2019101612	2022-01-09	1	600.0	0.0	0.0	1	2000	0.0	34.3	0.0	11.0
2019101612	2022-02-26	7	0.0	1.1	0.0	1	2200	0.0	35.4		8.0
2019101612	2022-03-27	8	0.0	7.5	0.0	1	2200	1.0	43.2	2.0	8.0
2019101612	2022-07-17	12	0.0	1.6	0.0	0	1700	0.0	39.7	2.0	15.0
2019101612	2023-03-18	3	200.0	0.7	1.0	1	1400	1.0	36.3	2.0	18.0
2019101612	2023-04-23	5	80.0	0.7	0.0	1	1400	0.0	35.3	2.0	18.0
2019101612	2023-05-21	10	0.0	1.6	0.0	1	1400	0.0	37.8	2.0	16.0
2019101612	2023-11-04	6	0.0	1.1	1.0	1	1800	0.0	37.4	2.0	14.0
2019101612	2023-12-16	7	0.0	1.1	1.0	1	1800	2.0	34.9	2.0	10.0
2019101612	2024-01-06	1	800.0	0.0	1.0	1	1800	0.0	35.9	2.0	17.0
2019101612	2024-02-04	5	114.0	0.9	1.0	1	2000	0.0	36.4	3.0	7.0
2019101612	2024-03-02	1	1569.6	0.0	1.0	1	2000	2.0	36.4	5.0	8.0
2019101612	2024-04-07	12	0.0	1.1	0.0	1	2000	0.0	35.6	4.0	16.0
2019101612	2025-04-06	16	0.0	4.7	0.0	1	2000	0.0	38.5	4.0	16.0
2019101612	2025-08-02	15	0.0	1.2	0.0	1	2000	0.0	35.8	4.0	16.0
2019101612	2025-08-23	14	0.0	3.9	0.0	1	2000	0.0	40.7	4.0	14.0
2019101612	2025-10-18	11	0.0	13.2	3.0	2	2910	0.0	14.5	1.0	11.0
2019101612	2025-11-16	2	340.0	0.5	0.0	2	2750	0.0	13.2	1.0	11.0
2019101612	2025-12-07	2	340.0	0.6	0.0	2	2880	0.0	14.0	1.0	11.0
2019102106	2021-06-13	1	160.0	0.0	1.0	0	900	0.0	38.3	0.0	7.0
2019102106	2021-07-17	1	250.0	0.0	1.0	0	1400	3.0	39.7		7.0
2019102106	2021-08-14	6	0.0	0.9	3.0	1	1200	3.0	37.3	5.0	10.0
2019102106	2021-09-12	2	19.5	0.0	1.0	0	1400	0.0	38.3	5.0	7.0
2019102106	2022-04-24	2	25.6	0.1	1.0	0	1400	1.0	40.4	5.0	11.0
2019102106	2022-05-08	10	0.0	3.8	0.0	0	1800	0.0	44.3	18.0	12.0
2019102106	2022-05-29	11	0.0	4.5	0.0	0	2000	0.0	44.4	18.0	12.0
2019102106	2022-06-19	2	14.4	0.2	1.0	0	1400	0.0	40.2		10.0
2019102106	2022-07-03	8	0.0	1.9	1.0	0	1400	0.0	42.4	18.0	12.0
2019102106	2022-12-17	16	0.0	2.3	1.0	0	1400	0.0	40.1	2.0	16.0
2019102106	2022-12-25	4	120.0	0.9	0.0	0	1200	0.0	36.4	2.0	15.0
2019102106	2023-01-22	4	120.0	0.2	0.0	0	1200	0.0	37.4	2.0	15.0
2019102106	2023-02-05	5	80.0	0.9	0.0	0	1000	0.0	35.3	2.0	13.0
2019102106	2023-02-19	5	80.0	0.2	2.0	0	1000	3.0	34.9	2.0	14.0
2019102106	2023-03-04	1	800.0	0.0	0.0	0	1200	0.0	36.8	2.0	15.0
2019102106	2023-04-29	8	0.0	1.2	2.0	0	1400	0.0	37.3	3.0	15.0
2019102106	2023-05-13	4	170.0	0.4	1.0	1	1200	0.0	33.1	3.0	16.0
2019102106	2023-05-27	2	460.0	0.1	0.0	1	1400	0.0	32.9	3.0	14.0
2019102106	2023-06-18	6	0.0	1.1	1.0	1	1600	0.0	33.2	5.0	11.0
2019102106	2023-09-30	7	0.0	0.6	1.0	1	1400	0.0	34.0	3.0	17.0
2019102106	2023-10-14	1	1140.0	0.0	2.0	1	1400	0.0	33.8	3.0	11.0
2019102106	2023-11-05	15	0.0	1.0	0.0	1	1200	0.0	33.4	4.0	18.0
2019102106	2024-03-31	2	751.0	0.0	0.0	1	1400	0.0	33.1	4.0	17.0
2019102106	2024-04-14	2	746.8	0.0	0.0	1	1600	0.0	32.9	4.0	11.0
2019102106	2024-05-05	6	0.0	0.5	0.0	1	1600	0.0	34.0	4.0	12.0
2019102106	2024-05-26	7	0.0	0.3	0.0	1	1400	0.0	33.3	4.0	16.0
2019102106	2024-12-15	12	0.0	0.9	0.0	1	1400	0.0	33.5	4.0	18.0
2019102106	2025-01-12	11	0.0	0.7	1.0	1	1600	0.0	36.0	4.0	16.0
2019102106	2025-01-26	9	0.0	0.5	0.0	1	1400	0.0	34.5	4.0	14.0
2019102106	2025-02-09	7	0.0	0.5	0.0	1	1600	2.0	34.4	4.0	14.0
2019102106	2025-02-23	3	463.0	0.3	1.0	1	1400	0.0	33.4	4.0	9.0
2019102106	2025-03-22	5	184.0	0.5	0.0	1	1400	0.0	33.5	4.0	18.0
2019102106	2025-04-06	11	0.0	0.9	0.0	1	1600	0.0	33.4	4.0	14.0
2019102106	2025-06-01	7	0.0	0.5	0.0	1	1400	0.0	33.5	4.0	14.0
2019102106	2025-06-15	15	0.0	1.5	0.0	1	1600	2.0	33.7	4.0	18.0
2019102106	2025-12-21	6	0.0	0.3	2.0	1	1400	1.0	33.7	4.0	14.0
2019102106	2026-01-11	8	0.0	0.9	1.0	1	1600	0.0	33.7	4.0	15.0
2019102265	2021-11-07	3	180.0	1.6	0.0	1	2000	0.0	36.5	0.0	7.0
2019102265	2021-11-28	12	0.0	1.7	0.0	1	2000	0.0	36.8	1.0	14.0
2019102265	2021-12-11	8	0.0	3.1	0.0	0	1800	0.0	40.3	1.0	12.0
2019102265	2022-04-03	3	130.0	1.3	1.0	0	2000	0.0	38.9	1.0	14.0
2019102265	2022-04-23	3	130.0	1.7	0.0	0	2000	0.0	38.1	1.0	10.0
2019102265	2022-05-07	3	130.0	2.7	0.0	0	1900	0.0	39.8	1.0	8.0
2019102265	2022-05-28	4	78.0	0.4	0.0	0	1900	1.0	38.6	1.0	12.0
2019102265	2022-06-11	1	520.0	0.0	1.0	0	1900	0.0	38.2	1.0	12.0
2019102265	2023-01-22	1	800.0	0.0	0.0	0	1900	0.0	39.6	2.0	12.0
2019102265	2023-01-28	11	0.0	3.3	0.0	0	2100	0.0	38.9	3.0	16.0
2019102265	2023-03-26	4	230.0	0.4	2.0	0	1900	3.0	37.2	5.0	13.0
2019102265	2023-04-15	5	114.0	1.4	3.0	0	2000	3.0	37.0	3.0	7.0
2019102265	2023-07-02	3	395.5	0.7	0.0	0	1800	2.0	39.1	5.0	16.0
2019102265	2023-07-15	7	0.0	1.6	0.0	0	1800	0.0	38.5	5.0	16.0
2019102265	2023-10-21	8	0.0	2.3	1.0	0	1900	0.0	40.0	3.0	16.0
2019102265	2023-12-02	3	395.8	0.3	0.0	0	1900	0.0	37.0	5.0	16.0
2019102265	2023-12-16	5	155.0	1.2	2.0	0	2000	2.0	39.1	5.0	16.0
2019102265	2024-03-16	5	155.0	1.2	0.0	0	1900	0.0	37.2	5.0	16.0
2019102265	2024-03-24	15	0.0	2.3	2.0	0	1800	1.0	38.7	3.0	16.0
2019102265	2024-06-09	10	0.0	2.3	1.0	0	2100	0.0	39.6	5.0	12.0
2019102265	2024-09-29	7	0.0	1.4	1.0	0	1900	1.0	38.2	3.0	16.0
2019102265	2024-12-07	8	0.0	1.1	1.0	0	1800	0.0	36.4	5.0	16.0
2019102265	2025-01-18	7	0.0	0.6	0.0	0	1800	0.0	36.4	5.0	16.0
2019102265	2025-03-23	12	0.0	1.8	0.0	0	1900	0.0	39.5	5.0	16.0
2019102265	2025-04-06	5	114.0	1.1	0.0	0	1800	0.0	39.1	3.0	10.0
2019102265	2025-08-24	14	0.0	2.5	0.0	0	1800	0.0	38.7	5.0	16.0
2019102265	2025-09-28	11	0.0	2.2	1.0	0	2000	0.0	39.5	3.0	14.0
2019102265	2025-11-01	1	60.0	0.0	0.0	0	1400	3.0	38.6	9.0	12.0
2019102265	2025-11-15	1	70.0	0.0	0.0	0	1600	1.0	39.0	10.0	8.0
2019102265	2025-11-29	3	32.5	0.3	0.0	0	1400	0.0	41.0	5.0	9.0
2019102265	2025-12-13	4	19.5	0.8	2.0	0	1400	0.0	40.4	5.0	12.0
2019102265	2025-12-28	1	70.0	0.0	0.0	0	1600	0.0	39.7	5.0	10.0
2019102265	2026-01-13	1	90.0	0.0	0.0	0	1600	0.0	39.5	11.0	6.0
2019102493	2021-10-30	6	0.0	0.8	0.0	1	1400	0.0	34.7	0.0	14.0
2019102493	2021-12-05	6	0.0	0.4	0.0	1	1600	0.0	35.0	1.0	16.0
2019102493	2021-12-28	6	0.0	1.1	0.0	1	1800	0.0	35.5	1.0	16.0
2019102493	2022-02-13	9	0.0	1.8	3.0	1	1800	0.0	35.5	1.0	16.0
2019102493	2022-05-01	4	78.0	0.7	1.0	1	1800	2.0	35.9	1.0	13.0
2019102493	2022-05-21	1	520.0	0.0	1.0	1	1800	0.0	34.0	1.0	16.0
2019102493	2022-11-13	15	0.0	1.2	1.0	1	1800	0.0	36.0	2.0	16.0
2019102493	2022-12-10	11	0.0	1.7	0.0	1	2000	0.0	35.2	2.0	15.0
2019102493	2023-03-19	16	0.0	2.0	0.0	1	1600	2.0	35.6	2.0	16.0
2019102493	2023-05-07	15	0.0	1.4	3.0	1	1400	3.0	38.7	2.0	16.0
2019102493	2023-08-12	8	0.0	1.8	1.0	0	1800	0.0	39.0	2.0	15.0
2019102493	2023-11-19	5	80.0	0.6	0.0	0	1600	2.0	36.3	2.0	16.0
2019102493	2023-11-25	4	120.0	0.3	1.0	0	1600	0.0	36.3	2.0	15.0
2019102493	2024-02-04	1	800.0	0.0	1.0	0	1600	0.0	35.9	2.0	15.0
2019102493	2024-02-18	6	0.0	1.0	0.0	0	1400	0.0	36.0	5.0	16.0
2019102493	2024-04-21	9	0.0	1.5	1.0	0	1600	0.0	36.8	3.0	13.0
2019102493	2024-05-19	9	0.0	1.1	1.0	0	1600	0.0	35.7	5.0	15.0
2019102493	2024-06-01	4	170.0	0.6	0.0	0	1600	1.0	35.2	3.0	16.0
2019102493	2024-06-22	14	0.0	2.2	0.0	0	1600	1.0	36.5	5.0	16.0
2019102493	2024-11-09	7	0.0	2.1	0.0	0	1600	0.0	36.5	3.0	13.0
2019102493	2024-11-30	3	395.0	0.4	0.0	0	1800	0.0	37.1	5.0	16.0
2019102493	2025-01-18	1	1140.0	0.0	0.0	0	1800	0.0	38.4	3.0	13.0
2019102493	2025-02-01	10	0.0	0.9	0.0	0	1600	0.0	36.5	4.0	16.0
2019102493	2025-04-06	6	0.0	1.2	0.0	0	1800	2.0	37.8	4.0	16.0
2019102493	2025-05-03	13	0.0	1.6	0.0	0	1800	2.0	37.2	4.0	15.0
2019102701	2021-10-30	1	700.0	0.0	0.0	0	1400	0.0	37.2	0.0	15.0
2019102701	2022-07-09	15	0.0	4.6	0.0	0	1700	1.0	42.8	2.0	16.0
2019102701	2023-03-26	2	320.0	0.3	2.0	0	1400	3.0	37.0	2.0	16.0
2019102701	2023-04-22	4	120.0	1.0	0.0	0	1200	0.0	36.7	2.0	13.0
2019102701	2023-07-08	14	0.0	2.8	1.0	0	1400	0.0	40.9	2.0	16.0
2019102701	2023-12-17	8	0.0	0.8	0.0	0	1400	2.0	39.0	2.0	16.0
2019102701	2024-02-18	5	80.0	0.1	1.0	0	1200	0.0	37.0	2.0	16.0
2019102701	2024-03-23	5	80.0	0.2	1.0	0	1200	3.0	36.1	2.0	12.0
2019102701	2024-10-12	1	800.0	0.0	0.0	0	1200	0.0	37.0	2.0	13.0
2019102701	2025-01-18	2	460.0	0.1	0.0	0	1200	0.0	37.2	3.0	16.0
2019102701	2025-02-16	2	460.0	0.2	1.0	0	1200	2.0	36.5	3.0	16.0
2019102701	2025-04-06	1	1140.0	0.0	0.0	0	1200	2.0	35.8	3.0	15.0
2019102701	2025-05-04	10	0.0	0.9	0.0	0	1200	0.0	36.7	4.0	16.0
2019102736	2022-01-10	6	0.0	2.1	1.0	0	1200	0.0	38.1	0.0	15.0
2019102736	2022-02-27	3	130.0	0.6	0.0	0	1200	0.0	36.8	1.0	15.0
2019102736	2022-03-21	1	520.0	0.0	1.0	0	1200	1.0	36.7	1.0	16.0
2019102736	2022-04-16	15	0.0	3.6	0.0	1	1200	1.0	36.5	2.0	16.0
2019102736	2022-08-13	9	0.0	0.8	1.0	0	1200	1.0	35.6	2.0	15.0
2019102736	2022-09-17	3	190.0	0.7	0.0	0	1200	0.0	37.1	2.0	15.0
2019102736	2022-10-02	8	0.0	0.7	0.0	0	1200	0.0	37.1	2.0	16.0
2019102736	2022-12-17	8	0.0	1.2	1.0	0	1200	0.0	36.5	2.0	16.0
2019102736	2023-03-05	3	200.0	0.5	1.0	0	1200	0.0	37.0	2.0	16.0
2019102736	2023-03-25	8	0.0	0.5	2.0	0	1200	3.0	36.0	2.0	16.0
2019102736	2023-06-01	2	160.0	0.2	0.0	0	1400	2.0	38.9	5.0	12.0
2019102736	2023-08-20	3	200.0	0.2	0.0	0	1200	0.0	37.3	2.0	15.0
2019102736	2023-09-02	9	0.0	1.3	1.0	0	1200	0.0	37.3	2.0	15.0
2019102736	2023-12-16	4	120.0	0.9	0.0	0	1200	2.0	36.7	2.0	16.0
2019102736	2024-01-08	2	320.0	0.0	0.0	0	1200	0.0	37.8	2.0	16.0
2019102736	2024-01-21	10	0.0	0.8	3.0	0	1200	3.0	36.6	2.0	16.0
2019102736	2024-03-09	7	0.0	0.2	0.0	0	1200	1.0	36.8	2.0	16.0
2019102736	2024-03-23	9	0.0	0.6	1.0	0	1200	3.0	35.4	2.0	12.0
2019102736	2024-05-26	10	0.0	1.7	0.0	0	1400	0.0	37.1	2.0	15.0
2019102736	2024-09-07	8	0.0	0.7	0.0	0	1200	0.0	36.5	2.0	16.0
2019102736	2024-09-16	9	0.0	1.0	1.0	0	1200	0.0	37.2	2.0	16.0
2019102736	2024-10-05	14	0.0	2.6	0.0	0	1200	1.0	38.9	2.0	15.0
2019102736	2024-12-15	1	800.0	0.0	0.0	0	1200	0.0	36.6	2.0	16.0
2019102736	2025-01-05	11	0.0	1.2	0.0	0	1200	0.0	36.6	3.0	16.0
2019102736	2025-03-16	7	0.0	0.4	2.0	0	1200	3.0	36.5	3.0	16.0
2019102736	2025-04-06	11	0.0	1.5	0.0	0	1200	2.0	35.9	3.0	15.0
2019102736	2025-05-10	9	0.0	1.2	0.0	0	1400	1.0	35.1	3.0	16.0
2019102736	2025-08-09	12	0.0	2.3	0.0	0	1200	0.0	36.4	3.0	15.0
2019102736	2025-09-20	10	0.0	1.6	1.0	0	1200	1.0	36.5	3.0	16.0
2019102736	2025-10-12	14	0.0	2.8	2.0	0	1200	0.0	36.7	5.0	14.0
2019102937	2021-06-27	11	0.0	3.2	1.0	0	1400	0.0	38.1	0.0	15.0
2019102937	2021-07-18	4	77.0	0.6	0.0	1	1800	0.0	36.6	1.0	16.0
2019102937	2021-08-07	4	77.0	0.8	0.0	1	2000	0.0	36.1	1.0	11.0
2019102937	2021-09-05	4	77.0	1.0	1.0	1	2000	0.0	36.7	1.0	10.0
2019102937	2021-10-02	7	0.0	2.1	0.0	1	2000	2.0	35.5	1.0	15.0
2019102937	2022-03-20	2	210.0	0.0	0.0	1	2000	1.0	36.5	1.0	17.0
2019102937	2022-04-09	3	130.0	0.7	0.0	1	2000	0.0	36.7	1.0	18.0
2019102937	2022-04-24	3	130.0	0.0	0.0	1	2000	0.0	35.8	1.0	16.0
2019102937	2022-05-29	1	520.0	0.0	0.0	1	2200	0.0	36.4	1.0	12.0
2019102937	2022-06-18	4	160.0	0.3	0.0	1	2000	0.0	34.6	5.0	9.0
2019102937	2022-11-12	10	0.0	1.1	0.0	1	2600	0.0	37.7	2.0	16.0
2019102937	2022-12-04	5	107.0	0.7	0.0	1	2200	0.0	34.8	5.0	11.0
2019102937	2022-12-28	5	77.0	0.8	0.0	1	2000	0.0	37.2	2.0	18.0
2019102937	2023-01-09	5	80.0	0.4	0.0	1	2000	0.0	34.6	2.0	17.0
2019102937	2023-02-11	8	0.0	0.4	0.0	1	2000	1.0	35.5	5.0	12.0
2019102937	2023-05-20	8	0.0	0.5	0.0	1	2000	0.0	35.3	5.0	16.0
2019102937	2023-06-17	1	1137.3	0.0	1.0	1	2000	0.0	35.1	5.0	9.0
2019102937	2023-06-25	6	0.0	0.7	0.0	1	2000	0.0	35.6	3.0	13.0
2019102937	2023-07-22	8	0.0	0.6	0.0	1	2000	0.0	34.6	3.0	9.0
2019102937	2024-01-07	15	0.0	0.9	0.0	1	2000	0.0	35.7	3.0	17.0
2019102937	2024-02-03	3	393.5	0.4	2.0	1	1800	2.0	35.8	5.0	11.0
2019102937	2024-02-24	10	0.0	0.4	0.0	1	2000	2.0	36.1	5.0	15.0
2019102937	2024-03-16	5	155.0	0.6	0.0	1	2000	0.0	35.7	5.0	11.0
2019102937	2024-04-07	2	629.4	0.4	0.0	1	2000	1.0	35.6	5.0	15.0
2019102937	2024-06-08	8	0.0	0.4	0.0	1	1800	0.0	35.0	5.0	16.0
2019102937	2024-06-23	1	1570.3	0.0	1.0	1	2000	0.0	35.3	5.0	9.0
2019102937	2024-07-27	5	184.0	0.4	1.0	1	2000	0.0	34.9	4.0	14.0
2019102937	2024-08-24	13	0.0	2.0	0.0	1	2000	0.0	39.5	4.0	14.0
2019102937	2025-03-02	11	0.0	1.1	1.0	1	2000	1.0	38.0	4.0	13.0
2019102937	2025-04-06	12	0.0	1.2	0.0	1	2000	0.0	36.0	4.0	16.0
2019102937	2025-04-27	13	0.0	0.8	0.0	1	1800	0.0	34.2	4.0	16.0
2019102937	2025-05-17	4	280.0	0.7	1.0	1	2400	2.0	37.3	4.0	12.0
2019102937	2025-06-07	14	0.0	1.2	1.0	1	2000	0.0	36.2	4.0	15.0
2019102937	2025-10-19	12	0.0	1.2	2.0	1	1800	0.0	35.3	4.0	18.0
2019102937	2025-11-09	7	0.0	1.0	2.0	1	2000	0.0	34.7	4.0	12.0
2019102937	2025-11-30	14	0.0	1.6	0.0	1	2000	0.0	35.4	4.0	15.0
2019102937	2025-12-14	13	0.0	1.9	0.0	1	2200	0.0	36.5	4.0	15.0
2019102937	2026-01-04	8	0.0	0.5	1.0	1	2000	0.0	34.3	4.0	9.0
2019103210	2022-04-02	7	0.0	1.5	0.0	0	1800	1.0	38.0	1.0	16.0
2019103210	2022-06-26	2	210.0	0.4	0.0	0	1600	0.0	36.0	1.0	16.0
2019103210	2022-07-16	2	210.0	1.0	1.0	0	1700	3.0	37.4	1.0	15.0
2019103210	2022-08-14	1	520.0	0.0	1.0	0	1800	3.0	37.4	1.0	15.0
2019103210	2022-12-10	1	770.0	0.0	0.0	0	1800	0.0	37.2	2.0	12.0
2019103210	2023-01-21	5	155.0	0.7	0.0	0	1800	2.0	38.9	3.0	16.0
2019103210	2023-02-11	3	290.0	0.3	0.0	0	1600	3.0	35.4	3.0	16.0
2019103210	2023-06-10	2	630.4	0.2	1.0	0	1600	2.0	35.9	5.0	15.0
2019103210	2023-06-24	5	155.0	0.5	1.0	0	1600	0.0	36.4	5.0	16.0
2019103210	2023-10-07	8	0.0	0.7	0.0	0	1600	0.0	36.5	5.0	12.0
2019103210	2023-11-11	4	170.0	0.5	1.0	0	1600	0.0	36.7	3.0	16.0
2019103210	2023-12-10	1	1585.0	0.0	0.0	0	1800	0.0	36.4	5.0	16.0
2019103210	2024-03-31	7	0.0	0.4	0.0	0	1800	0.0	36.5	4.0	16.0
2019103210	2024-04-27	3	463.9	0.2	0.0	0	1800	0.0	37.0	4.0	13.0
2019103210	2024-08-11	3	463.2	0.5	0.0	0	1800	0.0	37.6	4.0	10.0
2019103210	2024-08-31	6	0.0	1.1	1.0	0	1800	2.0	37.7	4.0	11.0
2019103210	2024-10-06	10	0.0	1.2	0.0	0	1800	0.0	37.8	4.0	13.0
2019103210	2025-04-06	14	0.0	2.4	0.0	0	1800	2.0	39.1	4.0	16.0
2019103442	2021-12-12	3	180.0	0.5	1.0	1	1600	0.0	34.9	0.0	16.0
2019103442	2021-12-25	11	0.0	1.1	0.0	1	1600	2.0	37.1	1.0	16.0
2019103442	2022-03-21	8	0.0	1.2	1.0	0	1200	1.0	37.8	1.0	16.0
2019103442	2022-05-15	2	210.0	0.1	0.0	0	1200	2.0	38.3	1.0	15.0
2019103442	2022-05-29	4	78.0	1.2	0.0	0	1200	2.0	38.3	1.0	15.0
2019103442	2022-06-18	1	520.0	0.0	1.0	0	1400	0.0	37.2	1.0	16.0
2019103442	2022-08-27	4	120.0	0.4	1.0	1	1200	0.0	34.6	2.0	18.0
2019103442	2022-09-24	4	120.0	1.0	1.0	1	1200	3.0	33.9	2.0	15.0
2019103442	2022-11-19	2	310.0	0.1	0.0	0	1150	0.0	36.7	2.0	16.0
2019103442	2022-12-17	11	0.0	1.5	1.0	0	1200	0.0	37.3	2.0	16.0
2019103442	2023-03-11	1	800.0	0.0	0.0	0	1200	0.0	36.9	2.0	13.0
2019103442	2023-05-06	6	0.0	0.3	0.0	1	1400	0.0	34.3	3.0	10.0
2019103442	2023-06-10	2	627.8	0.1	0.0	1	1200	0.0	34.7	3.0	13.0
2019103442	2023-06-17	7	0.0	0.4	1.0	1	1200	0.0	34.0	3.0	15.0
2019103442	2023-07-16	9	0.0	0.6	1.0	1	1200	2.0	35.0	5.0	13.0
2019103442	2023-09-03	11	0.0	1.9	0.0	1	1400	0.0	35.2	5.0	13.0
2019103442	2023-11-12	12	0.0	2.6	1.0	0	1300	0.0	36.0	3.0	16.0
2019103442	2023-12-03	10	0.0	1.2	0.0	0	1200	0.0	36.6	3.0	16.0
2019103442	2024-03-17	9	0.0	1.6	3.0	1	1400	2.0	36.4	5.0	11.0
2019103442	2024-04-13	7	0.0	0.6	0.0	1	1200	0.0	34.2	3.0	12.0
2019103442	2024-05-11	12	0.0	1.3	0.0	1	1200	0.0	34.2	3.0	14.0
2019103442	2024-12-08	11	0.0	1.1	1.0	1	1200	0.0	34.7	5.0	11.0
2019103442	2025-01-05	11	0.0	1.0	0.0	0	1200	0.0	37.0	3.0	16.0
2019103442	2025-02-16	6	0.0	0.7	1.0	0	1200	2.0	36.8	3.0	16.0
2019103442	2025-03-16	10	0.0	0.7	2.0	0	1200	3.0	36.9	3.0	16.0
2019103442	2025-04-06	5	114.0	0.9	0.0	0	1200	2.0	36.1	3.0	15.0
2019103442	2025-04-12	5	114.0	0.4	0.0	0	1200	0.0	35.8	3.0	16.0
2019103442	2025-05-11	12	0.0	1.3	1.0	0	1400	2.0	36.7	3.0	16.0
2019103442	2025-07-13	3	393.6	0.1	0.0	0	1000	0.0	35.1	5.0	12.0
2019103442	2025-08-03	3	290.0	0.9	0.0	0	1000	0.0	35.3	3.0	10.0
2019103442	2025-08-17	8	0.0	0.8	1.0	0	1000	2.0	35.2	5.0	11.0
2019103442	2026-01-04	11	0.0	1.3	0.0	0	1200	2.0	36.2	3.0	16.0
2019103996	2022-08-20	4	78.0	0.5	1.0	0	1800	2.0	38.6	1.0	15.0
2019103996	2022-09-04	6	0.0	1.1	0.0	0	1800	2.0	39.9	1.0	15.0
2019103996	2022-10-12	3	6.3	0.5	0.0	0	1200	1.0	37.6		12.0
2019103996	2022-10-27	1	30.0	0.0	0.0	0	1200	0.0	37.9		12.0
2019103996	2022-11-09	2	12.6	0.5	0.0	0	1200	2.0	38.1	5.0	11.0
2019103996	2022-12-30	3	35.0	0.6	0.0	0	1200	0.0	39.1		16.0
2019103996	2023-01-26	2	32.0	0.0	0.0	0	1200	0.0	37.6	9.0	15.0
2019103996	2023-02-24	1	80.0	0.0	1.0	0	1200	0.0	37.6	9.0	16.0
2019103996	2023-03-08	1	100.0	0.0	0.0	0	1200	0.0	37.4	10.0	15.0
2019103996	2023-06-03	8	0.0	1.0	0.0	0	1200	1.0	36.7	2.0	16.0
2019103996	2023-08-13	2	320.0	0.5	0.0	0	1000	0.0	34.5	2.0	14.0
2019103996	2023-09-03	8	0.0	1.0	0.0	0	1000	0.0	35.5	2.0	13.0
2019103996	2023-09-24	8	0.0	0.7	0.0	1	1400	0.0	34.9	2.0	18.0
2019103996	2023-10-09	7	0.0	0.8	1.0	0	1200	1.0	38.6	2.0	16.0
2019103996	2023-12-16	1	800.0	0.0	1.0	0	1200	1.0	35.3	2.0	16.0
2019103996	2024-01-06	8	0.0	1.0	1.0	0	1200	0.0	37.2	3.0	16.0
2019103996	2024-03-09	2	630.8	0.0	1.0	0	1200	0.0	38.0	5.0	16.0
2019103996	2024-03-24	13	0.0	1.2	1.0	0	1200	3.0	36.4	3.0	15.0
2019103996	2024-05-26	13	0.0	1.5	0.0	0	1200	0.0	36.8	3.0	15.0
2019103996	2024-08-24	7	0.0	0.6	0.0	0	1200	0.0	36.4	5.0	15.0
2019103996	2024-09-15	9	0.0	1.1	1.0	0	1400	1.0	37.1	3.0	13.0
2019103996	2024-12-01	7	0.0	0.9	0.0	0	1200	0.0	35.8	3.0	16.0
2019103996	2024-12-14	7	0.0	0.7	0.0	0	1400	0.0	36.1	3.0	16.0
2019103996	2025-03-15	10	0.0	0.7	2.0	0	1200	0.0	35.9	5.0	16.0
2019103996	2025-03-29	11	0.0	2.4	0.0	0	1800	2.0	39.7	5.0	13.0
2019103996	2025-04-06	6	0.0	0.6	0.0	1	1200	0.0	33.7	3.0	10.0
2019103996	2025-06-21	6	0.0	0.3	1.0	1	1200	0.0	34.8	3.0	15.0
2019103996	2025-06-29	11	0.0	1.0	0.0	1	1200	0.0	34.8	5.0	14.0
2019103996	2025-12-20	2	460.0	0.1	1.0	1	1200	0.0	33.6	3.0	16.0
2019104169	2021-08-15	12	0.0	2.7	1.0	1	1800	2.0	36.4	0.0	16.0
2019104169	2021-11-14	5	51.0	0.8	0.0	0	1700	0.0	38.6	1.0	15.0
2019104169	2021-11-28	5	51.0	0.6	0.0	0	1800	0.0	40.4	1.0	14.0
2019104169	2021-12-11	5	51.0	2.9	0.0	0	1800	0.0	38.9	1.0	10.0
2019104169	2021-12-26	4	77.0	0.8	0.0	0	1800	0.0	40.9	1.0	16.0
2019104169	2022-01-15	3	130.0	0.5	0.0	0	1700	0.0	38.8	1.0	9.0
2019104169	2022-01-29	11	0.0	1.7	1.0	0	1700	0.0	40.3	1.0	13.0
2019104169	2022-05-22	5	52.0	1.9	1.0	0	1800	0.0	39.4	1.0	15.0
2019104169	2022-06-11	3	130.0	0.1	0.0	0	1700	0.0	39.1	1.0	14.0
2019104169	2022-06-25	1	520.0	0.0	1.0	0	1700	1.0	36.8	1.0	8.0
2019104169	2022-09-10	9	0.0	1.9	0.0	0	1800	3.0	37.8	2.0	10.0
2019104169	2022-09-17	9	0.0	2.0	1.0	0	1800	0.0	39.2	2.0	12.0
2019104169	2023-05-21	6	0.0	1.7	0.0	0	1900	0.0	40.0	2.0	10.0
2019104169	2023-06-03	9	0.0	1.2	0.0	0	1800	1.0	38.8	2.0	13.0
2019104169	2023-06-24	10	0.0	2.3	1.0	0	1800	2.0	39.9	2.0	14.0
2019104169	2023-07-16	11	0.0	1.0	0.0	1	1200	0.0	34.4	2.0	14.0
2019104169	2023-08-26	9	0.0	1.0	0.0	1	1200	0.0	34.7	2.0	14.0
2019104169	2023-09-16	16	0.0	1.4	0.0	1	1600	0.0	35.4	2.0	18.0
2019104169	2023-10-15	3	200.0	1.2	1.0	0	1400	1.0	37.5	2.0	13.0
2019104169	2023-10-29	2	320.0	0.1	0.0	0	1400	0.0	36.7	2.0	16.0
2019104169	2023-11-11	3	200.0	1.0	1.0	0	1200	1.0	36.8	2.0	16.0
2019104169	2023-11-25	5	80.0	0.6	0.0	0	1400	0.0	37.1	2.0	15.0
2019104169	2024-03-23	9	0.0	1.6	3.0	0	1400	1.0	36.5	2.0	16.0
2019104169	2024-04-14	9	0.0	1.4	0.0	0	1400	0.0	37.6	2.0	12.0
2019104169	2024-05-05	7	0.0	0.5	0.0	0	1400	0.0	37.2	2.0	16.0
2019104169	2024-05-19	2	320.0	0.1	1.0	0	1200	0.0	37.2	2.0	16.0
2019104169	2024-06-01	3	200.0	0.5	0.0	0	1200	2.0	36.0	2.0	16.0
2019104169	2024-06-15	7	0.0	0.9	1.0	0	1200	0.0	37.7	2.0	16.0
2019104169	2024-09-21	3	200.0	0.8	0.0	0	1200	0.0	37.1	2.0	13.0
2019104169	2024-10-13	1	800.0	0.0	0.0	0	1200	0.0	36.5	2.0	14.0
2019104169	2024-11-03	2	460.0	0.4	0.0	0	1200	1.0	36.2	3.0	12.0
2019104169	2024-11-17	5	114.0	0.9	1.0	0	1200	0.0	36.0	3.0	16.0
2019104169	2024-12-08	1	1140.0	0.0	1.0	0	1200	0.0	35.8	3.0	15.0
2019104169	2025-03-23	13	0.0	2.2	0.0	0	1400	0.0	37.7	4.0	16.0
2019104169	2025-04-06	2	747.4	0.2	0.0	0	1200	0.0	35.7	4.0	11.0
2019104169	2025-04-20	10	0.0	1.2	1.0	0	1400	0.0	37.3	4.0	16.0
2019104169	2025-08-16	12	0.0	1.3	0.0	0	1200	0.0	36.1	4.0	15.0
2019104169	2025-09-07	10	0.0	1.8	0.0	0	1200	0.0	35.9	4.0	12.0
2019104169	2025-09-20	9	0.0	0.7	1.0	0	1400	0.0	36.3	4.0	13.0
2019104169	2025-12-21	8	0.0	0.7	3.0	0	1400	1.0	36.5	4.0	16.0
2019104169	2026-01-05	11	0.0	1.3	0.0	0	1200	0.0	35.9	4.0	16.0
2019104674	2022-01-23	1	600.0	0.0	1.0	1	2000	0.0	35.9	0.0	13.0
2019104674	2022-03-27	6	0.0	1.2	1.0	1	2000	1.0	37.0	2.0	8.0
2019104674	2022-04-24	11	0.0	1.1	3.0	1	2000	0.0	34.0		15.0
2019104674	2022-09-10	10	0.0	1.3	0.0	1	2000	0.0	36.1		12.0
2019104674	2022-12-28	7	0.0	0.9	0.0	1	2000	0.0	37.5	2.0	18.0
2019104674	2023-01-21	5	80.0	0.2	0.0	1	2200	2.0	36.0	2.0	14.0
2019104674	2023-03-19	8	0.0	1.1	0.0	1	2000	1.0	36.8	2.0	16.0
2019104674	2023-04-23	7	0.0	0.9	0.0	1	2600	0.0	35.7	5.0	14.0
2019104674	2023-07-23	6	0.0	0.6	0.0	1	2600	0.0	37.1	2.0	14.0
2019104674	2023-08-26	9	0.0	1.4	0.0	1	2600	0.0	37.7	5.0	14.0
2019104674	2023-12-16	16	0.0	1.3	1.0	1	2200	2.0	35.8	5.0	18.0
2019104674	2024-07-07	7	0.0	0.6	0.0	1	1800	0.0	36.0	2.0	16.0
2019104674	2024-09-15	1	800.0	0.0	0.0	1	2000	0.0	34.9	2.0	17.0
2019104674	2024-11-16	7	0.0	0.8	1.0	1	2400	0.0	35.1	5.0	11.0
2019104674	2024-12-08	14	0.0	0.9	0.0	1	2000	0.0	36.5	3.0	16.0
2019104674	2024-12-28	9	0.0	0.5	0.0	1	2000	0.0	35.2	3.0	16.0
2019104674	2025-03-29	10	0.0	1.4	3.0	1	1800	2.0	37.1	3.0	12.0
2019104674	2025-04-06	10	0.0	2.3	2.0	1	2500	0.0	37.1	5.0	12.0
2019104909	2021-10-09	6	0.0	1.3	0.0	1	2000	0.0	34.5	0.0	12.0
2019104909	2021-10-31	1	510.0	0.0	1.0	1	2000	0.0	34.3	1.0	12.0
2019104909	2021-12-11	7	0.0	1.0	0.0	1	2000	0.0	36.2	2.0	11.0
2019104909	2022-01-05	3	190.0	0.1	0.0	1	2000	0.0	35.8	2.0	10.0
2019104909	2022-03-12	1	1048.9	0.0	0.0	1	2400	0.0	33.3	2.0	8.0
2019104909	2022-05-07	3	1412.8	0.3	0.0	1	2200	0.0	35.0		12.0
2019104909	2022-06-05	1	1530.3	0.0	1.0	1	2200	0.0	34.8	5.0	8.0
2019104909	2022-09-25	3	1417.0	0.7	0.0	1	2200	0.0	34.3		17.0
2019104909	2022-10-23	2	6875.8	0.0	0.0	1	3000	0.0	36.3		18.0
2019104909	2022-12-25	2	16096.0	0.4	0.0	1	2500	0.0	35.2		16.0
2019104909	2023-03-19	2	2728.4	0.3	0.0	1	3000	0.0	34.4		14.0
2019104909	2023-04-30	6	0.0	1.2	1.0	1	3200	2.0	35.9		17.0
2019104909	2024-11-30	4	650.0	0.9	0.0	1	2000	0.0	35.8		15.0
2019104909	2025-01-26	4	930.0	0.5	0.0	1	2200	0.0	36.1		18.0
2019104909	2025-04-06	8	0.0	0.6	0.0	1	2000	0.0	34.0		15.0
2019104909	2025-06-15	10	0.0	1.3	0.0	1	2200	2.0	36.2		17.0
2019104909	2025-10-05	10	0.0	0.6	1.0	1	2400	2.0	34.7		18.0
2019104909	2025-11-09	11	0.0	0.4	1.0	1	2500	0.0	34.9		18.0
2019104922	2021-10-16	7	0.0	1.7	2.0	1	1800	0.0	34.6	0.0	18.0
2019104922	2021-12-28	3	130.0	0.7	0.0	0	1800	0.0	38.8	1.0	16.0
2019104922	2022-01-15	3	130.0	1.4	0.0	0	1800	2.0	39.7	1.0	16.0
2019104922	2022-01-29	2	210.0	0.1	1.0	0	1600	0.0	37.6	1.0	16.0
2019104922	2022-02-20	1	520.0	0.0	1.0	0	2100	3.0	35.5	1.0	16.0
2019104922	2022-05-29	7	0.0	0.9	0.0	0	1800	0.0	38.4	2.0	15.0
2019104922	2022-06-12	4	120.0	0.5	3.0	0	2100	2.0	37.6	2.0	13.0
2019104922	2022-08-14	10	0.0	2.2	1.0	0	1800	1.0	40.5	2.0	15.0
2019104922	2022-09-19	7	0.0	1.4	0.0	0	2400	1.0	40.9	2.0	16.0
2019104922	2022-10-08	13	0.0	8.1	1.0	0	2100	1.0	43.7	2.0	13.0
2019104922	2023-01-29	1	800.0	0.0	0.0	0	2100	0.0	38.1	2.0	11.0
2019104922	2023-09-16	11	0.0	2.5	0.0	0	2400	0.0	41.9	5.0	16.0
2019104922	2023-10-28	9	0.0	1.9	0.0	0	2100	0.0	38.4	5.0	16.0
2019104922	2024-02-18	16	0.0	3.9	0.0	0	2100	0.0	41.7	3.0	16.0
2019104922	2024-04-07	10	0.0	1.8	0.0	0	1800	0.0	39.1	3.0	11.0
2019104922	2024-05-04	10	0.0	1.3	0.0	0	1600	2.0	36.7	3.0	13.0
2019104922	2024-10-05	11	0.0	1.9	0.0	0	1800	2.0	39.5	3.0	14.0
2019104922	2024-10-12	11	0.0	3.0	0.0	0	1800	0.0	38.9	3.0	13.0
2019104922	2024-11-10	8	0.0	1.3	0.0	0	1400	0.0	38.0	3.0	13.0
2019104922	2025-03-22	13	0.0	3.8	0.0	1	2000	0.0	38.6	5.0	13.0
2019104922	2025-04-06	9	0.0	1.8	0.0	0	1800	0.0	39.8	3.0	10.0
2019104922	2025-06-14	16	0.0	3.8	2.0	0	2100	0.0	40.1	5.0	16.0
2019104922	2025-08-02	1	60.0	0.0	0.0	0	1400	0.0	38.2	9.0	10.0
2019104922	2025-09-14	1	60.0	0.0	0.0	0	1300	1.0	38.9	9.0	10.0
2019104922	2025-09-28	5	6.0	0.8	1.0	0	1400	3.0	40.8	9.0	11.0
2019104922	2025-11-23	1	60.0	0.0	0.0	0	1600	0.0	39.7	5.0	9.0
2019104922	2025-12-06	7	0.0	1.9	0.0	0	1300	0.0	41.2	9.0	10.0
2019105039	2021-12-19	1	700.0	0.0	0.0	0	1800	2.0	37.0	0.0	7.0
2019105039	2022-01-08	1	750.0	0.0	0.0	0	1800	0.0	39.0	2.0	14.0
2019105039	2022-03-19	1	2022.4	0.0	2.0	1	2000	2.0	35.3		10.0
2019105039	2022-04-17	16	0.0	1.6	1.0	1	2000	0.0	36.3		18.0
2019105039	2022-05-29	15	0.0	2.1	0.0	1	2400	0.0	37.3		18.0
2019105039	2022-10-10	1	2344.1	0.0	1.0	0	1600	1.0	34.4		16.0
2019105039	2023-11-19	4	330.0	0.1	0.0	0	1400	0.0	36.1	5.0	16.0
2019105039	2024-01-07	5	240.0	0.4	0.0	0	1400	0.0	36.9		15.0
2019105039	2024-04-20	5	240.0	0.7	0.0	0	1600	0.0	37.0		15.0
2019105039	2024-06-09	3	555.0	1.3	1.0	0	1800	2.0	39.2	5.0	16.0
2019105039	2024-07-07	13	0.0	2.1	1.0	0	1700	0.0	39.0		16.0
2019105039	2024-10-06	6	0.0	1.0	1.0	0	1600	1.0	37.2		16.0
2019105039	2024-11-16	1	2831.5	0.0	1.0	1	2000	0.0	35.3		15.0
2019105039	2024-12-07	1	4363.7	0.0	1.0	1	2000	0.0	35.6		18.0
2019105039	2025-03-16	4	1000.0	0.4	2.0	1	2000	1.0	39.0		10.0
2019105039	2025-04-06	14	0.0	1.5	0.0	1	2000	0.0	36.6		15.0
2019105252	2021-07-04	1	700.0	0.0	1.0	1	1800	0.0	35.4	0.0	14.0
2019105252	2021-11-20	6	0.0	1.1	0.0	1	1800	0.0	35.4		12.0
2019105252	2021-12-19	4	1100.0	0.5	0.0	1	1600	0.0	34.7		15.0
2019105252	2022-02-19	2	415.0	0.2	2.0	1	1800	0.0	32.9	2.0	7.0
2019105252	2022-03-20	7	0.0	0.8	1.0	1	1800	2.0	35.3		13.0
2019105252	2022-06-26	1	1094.5	0.0	0.0	1	1800	0.0	33.8	5.0	11.0
2019105252	2022-10-08	1	1538.7	0.0	1.0	1	1600	0.0	33.4	5.0	13.0
2019105252	2022-11-19	6	0.0	0.4	0.0	1	1600	0.0	33.7	4.0	16.0
2019105252	2023-02-19	10	0.0	1.2	1.0	1	1600	2.0	34.4	4.0	14.0
2019105252	2023-04-02	4	280.0	0.2	0.0	1	1400	0.0	33.1	4.0	15.0
2019105252	2023-06-17	1	1864.5	0.0	0.0	1	1800	0.0	33.9	4.0	9.0
2019105252	2023-07-16	6	0.0	0.5	1.0	1	2000	2.0	36.5		16.0
2019105252	2023-09-16	8	0.0	1.2	0.0	1	2000	0.0	37.4	5.0	10.0
2019105252	2023-10-29	1	2834.3	0.0	0.0	1	1800	0.0	34.4		16.0
2019105252	2024-01-06	11	0.0	1.0	0.0	1	1600	0.0	36.0		18.0
2019105252	2024-02-18	4	650.0	0.3	0.0	1	1800	0.0	35.2		15.0
2019105252	2024-03-30	9	0.0	1.0	0.0	1	1600	2.0	33.8		16.0
2019105252	2024-05-11	2	1106.8	0.2	0.0	1	1800	0.0	33.2		11.0
2019105252	2024-06-09	5	430.0	0.6	1.0	1	1800	0.0	34.6		18.0
2019105252	2024-07-21	1	4150.4	0.0	0.0	1	1800	0.0	36.4		14.0
2019105252	2024-10-19	6	0.0	0.5	1.0	1	1600	0.0	33.9		17.0
2019105252	2024-11-17	11	0.0	0.9	1.0	1	1600	0.0	34.2		17.0
2019105252	2025-01-05	1	4363.0	0.0	1.0	1	2000	0.0	34.6		18.0
2019105252	2025-03-02	12	0.0	1.1	0.0	1	1800	0.0	34.8		16.0
2019105252	2025-04-06	15	0.0	2.1	0.0	1	2000	0.0	36.1		15.0
2019105252	2025-06-29	6	0.0	0.6	0.0	1	2000	0.0	35.0		14.0
2019105252	2025-08-17	11	0.0	1.1	1.0	1	2000	2.0	36.7		16.0
2019105252	2025-10-05	6	0.0	0.4	1.0	1	2400	2.0	34.8		18.0
2019105277	2021-10-24	1	700.0	0.0	0.0	1	1800	0.0	33.5	0.0	10.0
2019105277	2022-01-22	2	804.6	0.2	0.0	1	2000	0.0	35.0		7.0
2019105277	2022-03-26	5	400.0	0.5	2.0	1	1800	2.0	35.9		10.0
2019105277	2022-05-07	7	0.0	1.1	0.0	1	2200	0.0	36.3		12.0
2019105277	2022-08-13	2	438.2	0.4	1.0	1	2000	0.0	33.7	5.0	13.0
2019105277	2022-09-19	2	436.0	0.3	1.0	1	2200	2.0	34.7	5.0	8.0
2019105277	2022-10-16	4	120.0	0.5	0.0	1	2400	0.0	34.9	2.0	10.0
2019105277	2022-12-24	1	770.0	0.0	0.0	1	2400	0.0	36.1	2.0	8.0
2019105277	2023-01-07	4	230.0	0.3	0.0	1	2200	0.0	35.0	5.0	14.0
2019105277	2023-03-18	4	230.0	0.9	1.0	1	2600	2.0	36.0	5.0	12.0
2019105277	2023-04-23	5	155.0	0.2	0.0	1	2200	0.0	34.2	5.0	10.0
2019105277	2023-05-14	2	625.4	0.1	1.0	1	2400	2.0	35.8	5.0	8.0
2019105277	2023-08-20	7	0.0	1.1	0.0	1	2200	0.0	36.3	5.0	18.0
2019105277	2024-01-14	11	0.0	1.1	0.0	1	2000	0.0	35.5	5.0	13.0
2019105277	2024-02-17	9	0.0	0.7	0.0	1	2600	0.0	35.9	5.0	16.0
2019105277	2024-03-09	7	0.0	0.6	1.0	1	2000	0.0	35.7	5.0	10.0
2019105277	2024-08-24	7	0.0	0.5	0.0	1	1600	0.0	33.5	5.0	16.0
2019105277	2024-09-28	8	0.0	0.9	1.0	1	1600	0.0	34.6	3.0	13.0
2019105277	2024-11-02	15	0.0	4.4	3.0	1	2600	1.0	41.7	5.0	16.0
2019105277	2025-04-06	4	170.0	0.7	0.0	0	1800	0.0	39.1	3.0	10.0
2019105277	2025-04-27	4	170.0	0.6	0.0	0	1800	0.0	37.7	3.0	12.0
2019105277	2025-06-15	5	155.0	0.5	1.0	0	1700	0.0	37.5	5.0	14.0
2019105277	2025-07-05	12	0.0	2.1	0.0	0	1700	1.0	38.2	5.0	14.0
2019105277	2025-10-25	7	0.0	1.3	1.0	0	1900	0.0	38.9	3.0	16.0
2019105346	2021-09-12	1	700.0	0.0	1.0	1	2000	0.0	34.3	0.0	5.0
2019105346	2021-11-14	1	1023.3	0.0	0.0	1	2000	0.0	34.6	2.0	6.0
2019105346	2021-12-28	2	2830.0	0.2	0.0	1	2000	0.0	35.7		15.0
2019105346	2022-04-17	9	0.0	0.8	1.0	1	2000	0.0	34.5		18.0
2019105346	2022-05-29	9	0.0	1.3	0.0	1	2400	0.0	35.4		18.0
2019105346	2022-09-25	1	5519.0	0.0	0.0	1	2200	0.0	34.4		17.0
2019105346	2022-10-23	3	4237.9	0.1	0.0	1	3000	0.0	36.5		18.0
2019105346	2022-12-25	7	0.0	1.1	0.0	1	2500	0.0	36.6		16.0
2019105346	2023-03-19	1	6799.4	0.0	0.0	1	3000	0.0	34.2		14.0
2019105346	2023-04-30	1	22357.0	0.0	1.0	1	3200	2.0	34.9		17.0
2019105346	2023-06-25	3	5552.8	0.2	1.0	1	2200	0.0	35.1		17.0
2019105346	2023-10-29	2	8868.4	0.4	0.0	1	2000	0.0	33.7		11.0
2019105346	2023-12-24	4	7500.0	0.3	0.0	1	2500	0.0	34.4		16.0
2019105346	2024-03-30	4	0.0			1	2410	0.0			12.0
2019105346	2024-06-23	10	0.0	1.6	1.0	1	2200	1.0	35.9		13.0
2019105346	2024-10-27	4	3300.0	0.3	1.0	1	2000	0.0	33.0		15.0
2019105346	2024-11-24	5	5000.0	0.5	0.0	1	2400	0.0	33.3		14.0
2019105346	2024-12-22	5	5000.0	0.5	0.0	1	2500	0.0	35.1		15.0
2019105346	2025-04-06	6	0.0	0.4	0.0	1	2000	0.0	34.2		15.0
2019105346	2025-05-04	6	0.0	1.1	0.0	1	3200	0.0	36.6		15.0
2019105346	2025-06-15	3	7551.6	0.5	0.0	1	2200	2.0	35.1		17.0
2019105346	2025-11-02	3	7542.6	0.2	1.0	1	2000	0.0	32.6		14.0
2019105346	2025-11-30	5	5000.0	0.6	0.0	1	2400	0.0	33.5		17.0
2019105346	2025-12-28	7	0.0	0.6	0.0	1	2500	0.0	35.2		16.0
2019106632	2021-11-07	11	0.0	3.2	0.0	0	1200	0.0	39.4	0.0	12.0
2019106632	2021-11-21	5	51.0	1.1	0.0	0	1200	0.0	38.0	1.0	15.0
2019106632	2021-12-11	1	510.0	0.0	0.0	0	1200	0.0	37.9	1.0	16.0
2019106632	2022-01-15	8	0.0	1.0	0.0	0	1200	0.0	38.1	2.0	11.0
2019106632	2022-01-30	12	0.0	3.0	1.0	0	1200	0.0	40.1	2.0	12.0
2019106632	2022-02-12	15	0.0	2.1	0.0	0	1400	0.0	38.4	2.0	16.0
2019106632	2022-09-10	3	190.0	1.2	0.0	0	1200	3.0	35.9	2.0	11.0
2019106632	2022-10-10	4	120.0	0.4	1.0	0	1200	3.0	36.4	2.0	14.0
2019106632	2022-11-12	1	770.0	0.0	0.0	0	1400	0.0	36.9	2.0	15.0
2019106632	2022-12-11	1	1543.6	0.0	0.0	0	1200	0.0	36.3	5.0	16.0
2019106632	2023-01-05	2	750.8	0.4	0.0	0	1400	0.0	37.2	4.0	16.0
2019106632	2023-01-28	7	0.0	1.0	0.0	0	1200	0.0	37.3	4.0	16.0
2019106632	2023-04-15	7	0.0	0.9	3.0	0	1400	3.0	36.4	4.0	16.0
2019106632	2023-05-21	16	0.0	3.3	0.0	0	1400	0.0	40.1	4.0	16.0
2019106632	2023-11-04	12	0.0	1.6	1.0	0	1200	0.0	35.4	4.0	16.0
2019106632	2023-11-19	6	0.0	0.6	0.0	0	1400	2.0	37.3	4.0	14.0
2019106632	2023-12-24	13	0.0	1.3	0.0	0	1200	0.0	37.4	4.0	16.0
2019106632	2024-02-03	6	0.0	0.9	0.0	0	1200	0.0	36.9	4.0	16.0
2019106632	2024-03-02	8	0.0	1.0	1.0	0	1200	2.0	36.1	4.0	16.0
2019106632	2024-04-21	12	0.0	2.2	1.0	0	1400	0.0	37.5	4.0	15.0
2019106632	2024-06-23	3	466.2	0.1	1.0	0	1400	3.0	35.2	4.0	15.0
2019106632	2024-09-01	4	280.0	1.0	1.0	0	1400	1.0	36.0	4.0	16.0
2019106632	2024-10-20	10	0.0	1.8	0.0	0	1400	2.0	38.9	4.0	12.0
2019106632	2024-11-03	11	0.0	1.6	0.0	0	1600	1.0	36.1	4.0	11.0
2019106632	2024-12-15	15	0.0	2.0	0.0	0	1400	0.0	39.0	4.0	16.0
2019106632	2025-02-22	8	0.0	1.3	1.0	0	1400	0.0	37.2	4.0	16.0
2019106632	2025-04-06	7	0.0	0.6	0.0	0	1200	0.0	37.0	4.0	11.0
2019106632	2025-05-25	10	0.0	0.8	1.0	0	1400	1.0	36.9	4.0	16.0
2019106632	2025-07-20	9	0.0	2.1	0.0	0	1700	0.0	36.8	4.0	13.0
2019106632	2025-09-20	2	747.8	0.1	1.0	0	1400	0.0	36.4	4.0	13.0
2019106632	2025-10-19	14	0.0	1.9	1.0	0	1400	0.0	36.3	4.0	16.0
2019106671	2021-12-25	2	280.0	0.6	2.0	0	1400	0.0	37.6	0.0	16.0
2019106671	2022-01-10	5	52.0	0.9	0.0	0	1400	0.0	39.7	1.0	15.0
2019106671	2022-02-06	1	520.0	0.0	5.0	0	1800	2.0	37.6	1.0	12.0
2019106671	2022-05-07	9	0.0	2.2	0.0	0	1800	0.0	39.1	2.0	10.0
2019106671	2022-07-10	3	190.0	0.2	0.0	0	1700	2.0	38.3	2.0	15.0
2019106671	2022-08-27	3	190.0	0.3	0.0	0	1700	0.0	37.7	2.0	16.0
2019106671	2022-10-22	2	310.0	0.1	0.0	0	1800	0.0	37.8	2.0	9.0
2019106671	2022-11-13	2	310.0	0.9	3.0	0	1800	2.0	37.3	2.0	12.0
2019106671	2022-11-26	4	120.0	1.0	1.0	0	2000	2.0	37.8	2.0	9.0
2019106671	2023-03-12	6	0.0	0.8	0.0	0	1800	0.0	39.3	2.0	11.0
2019106671	2023-03-26	1	800.0	0.0	3.0	0	1800	3.0	36.8	2.0	12.0
2019106671	2023-04-23	10	0.0	1.7	0.0	0	1600	0.0	39.0	3.0	16.0
2019106671	2023-05-07	7	0.0	1.3	3.0	0	1900	3.0	38.1	3.0	12.0
2019106671	2023-09-02	7	0.0	0.7	1.0	0	1700	2.0	37.6	5.0	14.0
2019106671	2023-09-23	3	290.0	0.6	0.0	0	1800	2.0	38.1	3.0	16.0
2019106671	2023-10-15	2	629.0	0.5	2.0	0	1800	2.0	37.4	5.0	13.0
2019106671	2023-11-18	11	0.0	0.9	0.0	0	1800	1.0	38.0	5.0	16.0
2019106671	2023-12-09	2	629.8	0.1	1.0	0	1800	0.0	37.9	5.0	15.0
2019106671	2024-03-16	15	0.0	2.2	0.0	0	1900	0.0	37.9	5.0	16.0
2019106671	2024-03-30	5	114.0	1.0	0.0	0	1800	2.0	37.4	3.0	15.0
2019106671	2024-04-13	3	290.0	0.1	0.0	0	1800	0.0	38.1	3.0	10.0
2019106671	2024-05-12	10	0.0	1.7	1.0	0	1800	0.0	37.5	3.0	14.0
2019106671	2024-08-25	5	155.0	1.4	1.0	0	1800	0.0	38.3	5.0	16.0
2019106671	2024-09-14	4	230.0	0.6	0.0	0	1800	0.0	37.4	5.0	12.0
2019106671	2024-10-05	3	290.0	1.1	0.0	0	1800	2.0	38.7	3.0	14.0
2019106671	2024-10-26	11	0.0	1.7	1.0	0	1800	0.0	38.3	3.0	15.0
2019106671	2025-03-09	12	0.0	2.0	0.0	0	1400	0.0	39.3	3.0	14.0
2019106671	2025-03-23	8	0.0	1.3	0.0	0	1400	0.0	37.1	3.0	16.0
2019106671	2025-04-06	7	0.0	1.6	0.0	0	1800	0.0	40.0	3.0	10.0
2019106671	2025-04-13	10	0.0	1.9	3.0	0	1800	2.0	40.2	5.0	12.0
2019106671	2025-12-21	12	0.0	2.2	3.0	0	1800	1.0	39.3	3.0	15.0
2019106671	2026-01-04	12	0.0	2.5	1.0	0	1800	0.0	38.4	5.0	13.0
2019106821	2022-04-03	2	210.0	0.4	1.0	1	2400	0.0	34.1	1.0	18.0
2019106821	2022-05-01	3	130.0	1.0	1.0	1	2400	2.0	37.3	1.0	12.0
2019106821	2022-05-28	3	130.0	0.5	0.0	1	2200	0.0	36.7	1.0	12.0
2019106821	2022-07-10	2	210.0	0.0	0.0	1	2600	0.0	35.1	1.0	16.0
2019106821	2022-07-31	1	520.0	0.0	0.0	1	2200	0.0	35.5	1.0	18.0
2019106821	2022-11-20	2	440.8	0.1	1.0	1	2600	0.0	36.8	5.0	15.0
2019106821	2023-04-01	2	320.0	0.2	0.0	1	2000	0.0	35.9	2.0	12.0
2019106821	2023-04-29	1	800.0	0.0	1.0	1	2200	0.0	33.2	2.0	7.0
2019106821	2023-07-16	2	631.4	0.0	0.0	1	2000	0.0	36.3	5.0	18.0
2019106821	2023-08-12	3	393.5	0.3	0.0	1	2000	0.0	34.2	3.0	10.0
2019106821	2024-04-28	3	392.5	0.1	0.0	1	2400	0.0	34.9	5.0	8.0
2019106821	2024-05-26	6	0.0	0.9	0.0	1	2400	0.0	34.7	3.0	11.0
2019106821	2024-07-21	1	1588.5	0.0	1.0	1	2000	0.0	36.4	5.0	18.0
2019106821	2024-08-17	8	0.0	1.0	0.0	1	2200	0.0	34.5	4.0	9.0
2019106821	2025-03-02	9	0.0	1.0	1.0	1	2000	1.0	37.6	4.0	13.0
2019106821	2025-04-06	10	0.0	0.8	0.0	1	2000	0.0	35.7	4.0	16.0
2019106821	2025-07-20	7	0.0	1.8	0.0	2	2770	0.0	13.6	1.0	14.0
2019106821	2025-09-06	2	340.0	0.2	0.0	2	2880	2.0	13.7	1.0	9.0
2019106821	2025-10-05	3	210.0	0.8	0.0	2	3000	0.0	13.8	1.0	14.0
2019106821	2025-12-13	5	84.0	1.5	0.0	2	2970	0.0	13.9	1.0	12.0
2019106925	2021-07-24	5	70.0	1.0	0.0	1	1600	0.0	33.0	0.0	18.0
2019106925	2021-08-22	13	0.0	1.1	2.0	1	1800	2.0	36.4	1.0	16.0
2019106925	2021-10-30	4	77.0	0.2	0.0	1	1600	0.0	32.8	1.0	10.0
2019106925	2021-11-27	7	0.0	0.9	0.0	1	1600	0.0	35.6	1.0	18.0
2019106925	2021-12-19	6	0.0	0.7	0.0	1	1600	0.0	35.8	1.0	18.0
2019106925	2022-03-05	3	130.0	0.6	0.0	1	1600	0.0	35.0	1.0	18.0
2019106925	2022-03-27	1	520.0	0.0	0.0	1	1600	2.0	34.8	1.0	17.0
2019106925	2022-04-16	15	0.0	1.3	0.0	1	1600	0.0	34.7		18.0
2019106925	2022-05-07	5	75.0	0.7	0.0	1	1600	0.0	33.1	2.0	9.0
2019106925	2022-08-20	6	0.0	0.7	0.0	0	1700	2.0	36.7	2.0	15.0
2019106925	2022-09-17	6	0.0	0.7	1.0	0	1400	0.0	37.4	2.0	16.0
2019106925	2022-10-01	6	0.0	0.5	0.0	1	1600	0.0	34.5	2.0	13.0
2019106925	2022-10-29	5	77.0	0.6	0.0	1	1600	0.0	34.4	2.0	18.0
2019106925	2022-11-19	2	310.0	0.0	0.0	1	1600	0.0	32.3	2.0	18.0
2019106925	2023-03-05	1	800.0	0.0	0.0	1	1600	0.0	34.1	2.0	17.0
2019106925	2023-03-25	3	393.4	0.4	1.0	1	1600	0.0	33.6	5.0	10.0
2019106925	2023-04-22	6	0.0	0.3	0.0	1	1600	0.0	35.2	3.0	11.0
2019106925	2023-05-21	4	230.0	0.5	0.0	1	1800	0.0	33.4	5.0	12.0
2019106925	2023-06-18	5	155.0	1.0	1.0	1	1600	0.0	33.5	5.0	11.0
2019106925	2023-10-07	6	0.0	0.4	0.0	1	1600	0.0	33.5	5.0	11.0
2019106925	2023-11-04	3	290.0	0.5	1.0	1	1600	0.0	33.9	3.0	10.0
2019106925	2023-11-18	5	114.0	0.6	0.0	1	1600	2.0	34.2	3.0	13.0
2019106925	2023-12-16	8	0.0	1.1	1.0	1	1600	2.0	35.6	5.0	14.0
2019106925	2024-01-08	2	460.0	0.2	0.0	1	1600	0.0	35.0	3.0	11.0
2019106925	2024-01-28	2	460.0	0.1	1.0	1	1600	0.0	34.7	3.0	9.0
2019106925	2024-02-18	2	460.0	0.0	0.0	1	1600	0.0	34.2	3.0	9.0
2019106925	2024-07-13	10	0.0	0.9	1.0	1	1800	0.0	35.5	5.0	15.0
2019106925	2024-09-28	2	460.0	0.2	1.0	1	1600	0.0	34.4	3.0	13.0
2019106925	2024-11-17	2	627.6	0.5	1.0	1	1600	0.0	34.1	5.0	12.0
2019106925	2024-12-14	1	1140.0	0.0	1.0	1	1600	0.0	33.8	3.0	14.0
2019106925	2025-01-12	3	465.1	0.2	1.0	1	1600	0.0	35.5	4.0	16.0
2019106925	2025-02-23	5	184.0	0.3	1.0	1	1400	0.0	34.0	4.0	9.0
2019106925	2025-04-06	2	749.4	0.2	0.0	1	1600	0.0	33.4	4.0	14.0
2019106925	2025-05-10	9	0.0	0.3	1.0	1	1600	2.0	33.8	4.0	15.0
2019106925	2025-06-01	3	464.3	0.2	0.0	1	1400	0.0	33.7	4.0	14.0
2019106925	2025-09-27	12	0.0	1.2	0.0	1	1600	0.0	35.2	4.0	16.0
2019107016	2021-09-11	1	700.0	0.0	1.0	1	1400	0.0	34.8	0.0	12.0
2019107016	2021-10-09	4	500.0	0.3	1.0	1	1600	0.0	33.4		7.0
2019107016	2021-11-13	7	0.0	1.3	0.0	1	1600	0.0	34.6		7.0
2019107016	2021-12-05	2	406.0	0.1	1.0	1	1600	0.0	34.6	2.0	9.0
2019107016	2022-01-09	9	0.0	1.1	0.0	1	1600	0.0	35.0		15.0
2019107016	2022-03-19	9	0.0	1.2	2.0	1	2000	2.0	35.3		10.0
2019107016	2022-04-16	7	0.0	0.7	0.0	1	1600	0.0	34.1		18.0
2019107016	2022-05-08	4	300.0	0.5	0.0	1	1400	0.0	33.3		10.0
2019107016	2022-05-28	3	190.0	0.1	0.0	1	1600	0.0	34.8	2.0	9.0
2019107016	2022-06-19	10	0.0	1.9	0.0	1	1600	0.0	35.7	2.0	11.0
2019107016	2022-08-20	4	120.0	0.5	0.0	0	1700	2.0	36.6	2.0	15.0
2019107016	2022-09-03	10	0.0	2.3	1.0	0	1700	1.0	39.3	2.0	14.0
2019107016	2022-09-24	6	0.0	0.9	0.0	1	1600	0.0	33.8	2.0	16.0
2019107016	2022-10-02	12	0.0	1.2	0.0	1	1400	0.0	34.5	2.0	17.0
2019107016	2022-10-23	8	0.0	0.6	3.0	1	1800	0.0	34.1	2.0	13.0
2019107016	2022-11-19	8	0.0	0.4	0.0	1	1600	0.0	32.9	2.0	18.0
2019107016	2023-02-05	6	0.0	0.6	0.0	1	1200	0.0	33.7	5.0	18.0
2019107016	2023-02-19	1	800.0	0.0	1.0	0	1200	2.0	36.3	2.0	15.0
2019107016	2023-03-11	1	1588.5	0.0	0.0	0	1200	0.0	35.3	5.0	16.0
2019107016	2023-04-23	3	464.7	0.5	0.0	0	1400	0.0	35.5	4.0	15.0
2019107016	2023-05-14	3	464.9	0.3	2.0	0	1400	2.0	35.1	4.0	16.0
2019107016	2023-06-11	5	184.0	0.2	1.0	0	1200	1.0	35.0	4.0	16.0
2019107016	2023-08-19	13	0.0	1.7	0.0	0	1200	0.0	36.3	4.0	15.0
2019107016	2023-09-10	8	0.0	1.2	1.0	0	1200	0.0	36.6	4.0	11.0
2019107016	2023-10-15	6	0.0	0.9	1.0	0	1400	3.0	34.9	4.0	14.0
2019107016	2023-10-29	6	0.0	1.0	0.0	0	1300	0.0	35.2	4.0	16.0
2019107016	2023-11-25	10	0.0	0.7	0.0	0	1400	0.0	35.4	4.0	16.0
2019107016	2024-01-13	5	184.0	0.3	1.0	0	1200	0.0	35.2	4.0	15.0
2019107016	2024-02-17	6	0.0	0.7	0.0	0	1400	2.0	36.7	4.0	16.0
2019107016	2024-03-09	10	0.0	1.3	0.0	0	1400	0.0	36.8	4.0	12.0
2019107016	2024-03-31	9	0.0	1.1	1.0	0	1200	0.0	36.2	4.0	16.0
2019107016	2024-04-28	14	0.0	0.7	0.0	1	1200	0.0	32.5	4.0	18.0
2019107016	2024-05-19	12	0.0	1.4	1.0	1	1400	0.0	33.4	4.0	13.0
2019107016	2024-06-23	13	0.0	2.1	1.0	0	1600	1.0	35.7	4.0	16.0
2019107016	2024-07-28	14	0.0	1.3	1.0	1	1400	0.0	34.2	4.0	18.0
2019107016	2024-09-08	12	0.0	1.1	0.0	0	1200	0.0	35.8	4.0	16.0
2019107016	2024-09-29	14	0.0	1.9	1.0	0	1200	0.0	35.4	4.0	16.0
2019107016	2024-10-13	10	0.0	1.3	0.0	0	1400	0.0	36.2	4.0	16.0
2019107016	2024-10-27	9	0.0	0.6	1.0	0	1300	0.0	35.4	4.0	15.0
2019107016	2024-11-10	7	0.0	1.3	1.0	0	1400	0.0	36.0	4.0	14.0
2019107016	2024-12-07	6	0.0	0.7	0.0	0	1200	0.0	36.1	4.0	16.0
2019107016	2025-01-05	3	465.0	0.3	0.0	0	1200	0.0	35.7	4.0	16.0
2019107016	2025-01-13	8	0.0	1.5	0.0	0	1200	0.0	36.7	4.0	16.0
2019107016	2025-02-22	15	0.0	1.9	1.0	0	1400	0.0	37.5	4.0	16.0
2019107016	2025-03-23	15	0.0	2.6	0.0	0	1400	0.0	37.4	4.0	16.0
2019107016	2025-04-06	5	184.0	0.3	0.0	0	1200	0.0	35.6	4.0	11.0
2019107016	2025-08-16	13	0.0	1.7	0.0	0	1200	0.0	36.5	4.0	15.0
2019107016	2025-08-24	7	0.0	1.0	0.0	1	1200	0.0	34.0	4.0	9.0
2019107016	2025-09-07	10	0.0	1.1	0.0	1	1200	0.0	32.7	4.0	12.0
2019107016	2025-10-04	8	0.0	1.0	2.0	0	1200	3.0	34.6	4.0	16.0
2019107016	2025-12-21	9	0.0	0.7	3.0	0	1400	1.0	36.5	4.0	16.0
2019107016	2026-01-05	9	0.0	1.1	0.0	0	1200	0.0	35.7	4.0	16.0
2019107075	2021-09-04	9	0.0	1.5	0.0	1	1500	0.0	36.8	0.0	12.0
2019107075	2021-09-18	3	130.0	0.4	3.0	1	1200	1.0	36.2	1.0	16.0
2019107075	2021-10-02	4	77.0	0.6	0.0	1	1200	1.0	35.4	1.0	16.0
2019107075	2021-10-24	1	510.0	0.0	1.0	1	1200	1.0	36.3	1.0	17.0
2019107075	2021-11-14	3	405.1	0.3	0.0	1	1200	0.0	35.5	5.0	16.0
2019107075	2021-11-28	8	0.0	0.9	0.0	1	1600	0.0	34.5	2.0	8.0
2019107075	2022-01-09	10	0.0	1.1	0.0	1	1200	0.0	36.3	2.0	12.0
2019107075	2022-01-22	6	0.0	0.7	0.0	1	1200	0.0	35.3	2.0	13.0
2019107075	2022-02-05	4	150.0	0.6	4.0	1	1200	0.0	35.5	2.0	18.0
2019107075	2022-02-20	6	0.0	0.6	0.0	1	1200	2.0	35.7	2.0	16.0
2019107075	2022-03-13	4	110.0	0.2	0.0	1	1200	0.0	34.6	2.0	16.0
2019107075	2022-04-16	2	300.0	0.3	0.0	1	1200	1.0	34.7	2.0	16.0
2019107075	2022-04-24	6	0.0	0.3	1.0	1	1200	0.0	34.6	2.0	16.0
2019107075	2022-05-07	4	110.0	0.2	1.0	1	1400	0.0	33.3	2.0	12.0
2019107075	2022-05-28	3	265.3	0.3	0.0	1	1200	0.0	34.6	2.0	16.0
2019107075	2022-06-12	3	190.0	0.3	0.0	1	1400	1.0	33.4	2.0	17.0
2019107075	2022-07-09	2	310.0	0.2	2.0	1	1200	0.0	34.2	2.0	14.0
2019107075	2022-07-30	2	310.0	0.0	0.0	1	1200	0.0	33.9	2.0	16.0
2019107075	2022-08-28	3	190.0	0.4	0.0	1	1500	0.0	34.7	2.0	14.0
2019107075	2022-09-04	5	77.0	0.5	0.0	1	1200	0.0	35.0	2.0	16.0
2019107075	2022-10-22	8	0.0	0.4	1.0	1	1400	0.0	34.2	2.0	18.0
2019107075	2022-11-05	4	160.0	0.3	0.0	1	1200	0.0	34.1	5.0	16.0
2019107075	2022-11-20	3	190.0	0.4	1.0	1	1200	0.0	34.3	2.0	16.0
2019107075	2022-12-10	3	190.0	0.0	0.0	1	1200	0.0	32.4	2.0	18.0
2019107075	2023-01-14	1	800.0	0.0	2.0	1	1200	1.0	34.2	2.0	18.0
2019107075	2023-02-04	4	230.0	0.3	0.0	1	1400	0.0	33.1	3.0	11.0
2019107075	2023-02-19	6	0.0	0.6	1.0	1	1400	0.0	32.8	3.0	9.0
2019107075	2023-03-11	5	114.0	0.6	0.0	1	1200	0.0	33.1	3.0	16.0
2019107075	2023-04-08	14	0.0	1.3	1.0	1	1200	0.0	33.7	5.0	16.0
2019107075	2023-04-30	11	0.0	1.3	1.0	1	1400	2.0	34.2	5.0	12.0
2019107075	2023-05-20	8	0.0	0.3	1.0	1	1400	0.0	32.9	5.0	9.0
2019107075	2023-08-12	5	155.0	0.3	0.0	1	1500	0.0	34.4	5.0	11.0
2019107075	2023-09-02	9	0.0	0.4	1.0	1	1200	2.0	34.5	5.0	16.0
2019107075	2023-09-30	13	0.0	1.0	0.0	1	1200	0.0	34.4	5.0	16.0
2019107075	2023-10-15	9	0.0	0.5	1.0	1	1600	1.0	34.3	5.0	14.0
2019107075	2023-10-28	9	0.0	0.7	0.0	1	1600	0.0	32.9	4.0	10.0
2019107075	2023-11-11	5	114.0	0.2	1.0	1	1600	0.0	33.1	3.0	8.0
2019107075	2023-11-25	6	0.0	0.7	0.0	1	1600	0.0	33.4	3.0	14.0
2019107075	2023-12-10	1	1140.0	0.0	0.0	1	1600	0.0	34.2	3.0	11.0
2019107075	2023-12-28	14	0.0	1.0	0.0	1	1600	0.0	33.6	4.0	16.0
2019107075	2024-01-20	10	0.0	0.6	1.0	1	1600	1.0	34.7	4.0	16.0
2019107075	2024-02-18	5	184.0	0.7	1.0	1	1600	0.0	33.5	4.0	12.0
2019107075	2024-02-24	5	184.0	1.1	0.0	1	1600	2.0	34.1	4.0	11.0
2019107075	2024-03-24	9	0.0	0.9	1.0	1	1600	0.0	33.9	4.0	13.0
2019107075	2024-05-26	14	0.0	1.8	0.0	0	1600	0.0	36.0	4.0	16.0
2019107075	2024-06-15	13	0.0	1.2	1.0	1	1400	0.0	34.1	4.0	14.0
2019107075	2024-06-22	5	184.0	0.2	1.0	1	1400	0.0	33.1	4.0	17.0
2019107075	2024-06-29	10	0.0	1.1	0.0	1	1200	0.0	34.5	4.0	14.0
2019107075	2024-09-28	15	0.0	2.1	1.0	1	1600	0.0	36.0	4.0	15.0
2019107075	2024-10-06	9	0.0	0.3	0.0	1	1400	0.0	33.6	4.0	16.0
2019107075	2024-10-20	7	0.0	0.5	0.0	1	1600	0.0	34.3	4.0	17.0
2019107075	2024-12-28	5	184.0	0.3	0.0	1	1600	0.0	35.0	4.0	16.0
2019107075	2025-01-19	9	0.0	1.4	1.0	1	1600	0.0	34.7	4.0	12.0
2019107075	2025-02-09	8	0.0	0.6	0.0	1	1600	2.0	34.4	4.0	14.0
2019107075	2025-03-16	6	0.0	0.7	3.0	1	1600	1.0	38.1		12.0
2019107075	2025-04-06	4	280.0	0.3	0.0	1	2000	0.0	35.1	4.0	16.0
2019107075	2025-04-12	8	0.0	0.6	0.0	1	1600	0.0	34.1	4.0	14.0
2019107075	2025-05-04	6	0.0	0.8	0.0	1	2000	0.0	34.4	4.0	13.0
2019107075	2025-05-10	15	0.0	0.8	1.0	1	1600	2.0	33.9	4.0	15.0
2019107075	2025-06-01	10	0.0	0.6	0.0	1	1400	0.0	32.8		16.0
2019107075	2025-08-31	12	0.0	1.4	1.0	1	1500	2.0	36.5	4.0	13.0
2019107075	2025-10-19	7	0.0	0.7	2.0	1	1800	0.0	33.6	4.0	18.0
2019107075	2025-11-09	12	0.0	1.7	2.0	1	2000	0.0	34.9	4.0	12.0
2019107075	2026-01-04	9	0.0	0.6	0.0	1	2000	0.0	34.2		14.0
2019110127	2022-01-16	3	150.0	0.4	0.0	1	1600	0.0	35.4	0.0	16.0
2019110127	2022-02-06	15	0.0	1.1	0.0	1	1600	0.0	34.4	1.0	16.0
2019110127	2022-04-17	7	0.0	1.1	0.0	0	1200	2.0	37.8	1.0	16.0
2019110127	2022-07-30	3	130.0	0.3	0.0	1	1400	0.0	35.0	1.0	18.0
2019110127	2022-08-21	4	78.0	0.7	0.0	1	1400	2.0	35.8	1.0	18.0
2019110127	2022-09-03	16	0.0	2.1	1.0	1	1600	0.0	36.9	1.0	18.0
2019110127	2022-11-15	2	24.0	0.4	0.0	0	1400	2.0	39.6	10.0	10.0
2019110127	2022-12-07	2	24.0	0.1	0.0	0	1400	2.0	40.4	10.0	10.0
2019110127	2022-12-30	8	0.0	0.9	0.0	0	1400	0.0	40.2	10.0	10.0
2019110127	2023-01-12	1	60.0	0.0	0.0	0	1400	0.0	38.9	10.0	10.0
2019110127	2023-02-01	1	100.0	0.0	1.0	0	1400	0.0	39.0	11.0	12.0
2019110127	2023-02-22	5	10.0	0.8	0.0	0	1400	2.0	39.3	11.0	12.0
2019110127	2023-03-21	5	11.0	0.8	3.0	0	1400	1.0	40.5	11.0	12.0
2019110127	2023-04-14	2	40.0	0.5	1.0	0	1400	0.0	39.7	11.0	10.0
2019110127	2023-05-03	1	110.0	0.0	0.0	0	1400	0.0	39.5	11.0	11.0
2019110127	2023-12-12	12	0.0	2.6	1.0	0	1400	2.0	42.6	13.0	12.0
2019110127	2024-01-21	4	170.0	0.3	1.0	1	1200	2.0	34.6	5.0	15.0
2019110127	2024-02-17	2	320.0	0.0	0.0	1	1200	0.0	33.8	2.0	18.0
2019110127	2024-05-12	3	200.0	0.6	1.0	1	1200	0.0	33.2	2.0	14.0
2019110127	2024-06-02	4	120.0	0.4	3.0	1	1400	2.0	36.0	2.0	16.0
2019110127	2024-08-17	9	0.0	0.4	0.0	1	1200	0.0	35.1	2.0	18.0
2019110127	2024-09-07	1	800.0	0.0	0.0	1	1200	0.0	33.9	2.0	18.0
2019110127	2025-03-08	7	0.0	0.3	1.0	1	1200	0.0	34.1	3.0	11.0
2019110127	2025-04-06	9	0.0	0.9	0.0	1	1200	0.0	34.4	3.0	10.0
2019110127	2025-07-20	16	0.0	1.4	0.0	1	1200	0.0	35.0	5.0	18.0
2019110127	2025-11-16	15	0.0	0.8	0.0	1	1400	0.0	34.9	3.0	15.0
2020100157	2023-01-29	1	620.0	0.0	0.0	1	1800	0.0	33.2	0.0	16.0
2020100157	2023-02-18	1	1096.6	0.0	1.0	1	1800	0.0	33.1	2.0	12.0
2020100157	2023-09-02	1	1572.4	0.0	1.0	1	2000	0.0	33.4	5.0	9.0
2020100157	2023-09-24	4	810.0	0.1	0.0	1	2400	0.0	33.5		13.0
2020100157	2023-11-26	1	1868.0	0.0	1.0	1	2000	0.0	33.3	4.0	13.0
2020100157	2024-01-27	1	2825.9	0.0	0.0	1	2000	0.0	33.2		12.0
2020100157	2024-11-16	2	1109.0	0.6	1.0	1	2000	0.0	34.9		15.0
2020100157	2024-12-07	2	1718.2	0.4	1.0	1	2000	0.0	35.1		18.0
2020100157	2025-01-19	1	5814.8	0.0	0.0	1	2200	0.0	35.6		16.0
2020100157	2025-04-06	2	12092.4	0.2	0.0	1	2000	0.0	33.8		15.0
2020100157	2025-06-15	8	0.0	1.2	0.0	1	2200	2.0	35.9		17.0
2020100761	2022-08-27	2	280.0	0.2	1.0	1	1800	0.0	33.9	0.0	13.0
2020100761	2022-09-18	5	52.0	0.3	1.0	1	2000	0.0	36.0	1.0	14.0
2020100761	2022-12-10	5	52.0	1.2	0.0	1	1800	0.0	35.8	1.0	16.0
2020100761	2022-12-25	4	78.0	0.8	0.0	1	2000	0.0	36.5	1.0	18.0
2020100761	2023-01-15	1	550.0	0.0	1.0	0	1800	0.0	39.2	1.0	16.0
2020100761	2023-02-26	5	107.0	0.6	0.0	1	1800	0.0	35.9	2.0	9.0
2020100761	2023-03-26	4	160.0	0.2	3.0	1	2000	3.0	39.2	2.0	11.0
2020100761	2023-04-23	8	0.0	0.8	0.0	1	2000	0.0	34.0		15.0
2020100761	2023-08-12	6	0.0	1.0	1.0	0	1800	0.0	38.5	2.0	15.0
2020100761	2023-09-09	3	200.0	1.0	1.0	0	1800	1.0	38.2	2.0	10.0
2020100761	2023-09-30	2	320.0	0.3	0.0	0	1800	0.0	38.3	2.0	15.0
2020100761	2024-03-30	2	320.0	0.0	0.0	0	1800	1.0	37.6	2.0	16.0
2020100761	2024-04-14	3	200.0	0.3	0.0	0	1800	0.0	37.6	2.0	15.0
2020100761	2024-05-11	8	0.0	1.1	0.0	0	1600	0.0	37.7	2.0	12.0
2020100761	2024-05-18	2	320.0	0.2	0.0	0	1800	0.0	37.9	2.0	15.0
2020100761	2024-08-10	1	800.0	0.0	0.0	0	1800	0.0	36.8	2.0	15.0
2020100761	2024-09-01	3	395.2	0.3	0.0	0	1800	0.0	37.8	5.0	15.0
2020100761	2024-09-21	1	1140.0	0.0	1.0	0	1800	0.0	37.3	3.0	14.0
2020100761	2024-12-01	4	280.0	0.4	0.0	0	1800	0.0	38.8	4.0	16.0
2020100761	2024-12-15	2	750.6	0.2	0.0	0	1800	0.0	38.3	4.0	16.0
2020100761	2025-01-05	7	0.0	0.8	0.0	0	1800	0.0	37.7	4.0	16.0
2020100761	2025-04-06	1	1874.3	0.0	0.0	0	1800	2.0	37.5	4.0	16.0
2020100761	2025-05-04	14	0.0	2.6	0.0	0	2100	2.0	37.2		16.0
2020100761	2025-08-03	8	0.0	1.2	0.0	0	1800	0.0	37.2		12.0
2020100761	2025-08-28	4	310.0	1.2	1.0	0	2000	0.0	39.9		9.0
2020100761	2025-09-20	5	220.0	0.8	2.0	0	1800	1.0	38.2	5.0	15.0
2020100761	2025-12-21	14	0.0	2.3	3.0	0	1800	1.0	37.3		16.0
2020101174	2024-02-21	1	56.0	0.0	3.0	0	1400	1.0	39.2	9.0	10.0
2020101174	2024-03-07	1	70.0	0.0	0.0	0	1400	2.0	40.8	10.0	11.0
2020101174	2024-03-22	1	70.0	0.0	0.0	0	1400	0.0	40.5	10.0	12.0
2020101174	2024-04-20	1	800.0	0.0	0.0	0	1700	0.0	38.7	2.0	9.0
2020101174	2024-05-11	1	1140.0	0.0	0.0	0	1400	0.0	36.4	3.0	12.0
2020101174	2024-10-13	4	280.0	0.5	0.0	0	1400	0.0	36.5	4.0	16.0
2020101174	2024-10-27	4	280.0	0.4	1.0	0	1300	0.0	35.7	4.0	15.0
2020101174	2024-11-23	10	0.0	1.4	0.0	0	1400	2.0	37.5	4.0	16.0
2020101174	2025-03-22	14	0.0	2.5	0.0	0	1800	2.0	40.6	4.0	16.0
2020101174	2025-04-06	8	0.0	1.3	0.0	0	1200	0.0	38.3	4.0	11.0
2020101174	2025-05-25	5	184.0	0.4	1.0	0	1400	1.0	35.5	4.0	16.0
2020101174	2025-06-22	3	465.1	0.1	0.0	1	1400	0.0	33.4	4.0	16.0
2020101174	2025-07-26	6	0.0	1.1	0.0	1	1400	0.0	33.1	4.0	10.0
2020101174	2025-08-24	7	0.0	0.4	0.0	1	1600	0.0	33.5	4.0	18.0
2020101174	2025-09-13	1	1861.7	0.0	1.0	0	1200	1.0	35.5	4.0	10.0
2020101174	2025-11-23	4	330.0	0.5	0.0	0	1400	0.0	36.6	5.0	16.0
2020101174	2025-12-28	5	220.0	0.3	0.0	0	1400	0.0	37.1	5.0	16.0
2020101893	2022-06-12	6	0.0	1.1	0.0	1	1800	0.0	34.6	0.0	12.0
2020101893	2023-02-25	4	83.0	0.4	0.0	1	2000	2.0	35.2	1.0	15.0
2020101893	2023-03-18	10	0.0	1.3	3.0	1	2000	1.0	37.1	1.0	18.0
2020101893	2023-06-10	13	0.0	2.5	1.0	1	1800	2.0	38.3	1.0	16.0
2020101893	2023-06-18	1	550.0	0.0	0.0	0	1700	0.0	38.7	1.0	13.0
2020101893	2023-08-05	11	0.0	3.5	1.0	0	1700	3.0	39.4	2.0	13.0
2020101893	2023-11-15	1	150.0	0.0	0.0	0	1500	2.0	38.0		10.0
2020101893	2024-01-13	16	0.0	2.5	0.0	0	1700	0.0	39.0	5.0	16.0
2020101893	2024-02-24	6	0.0	0.1	0.0	1	2000	2.0	36.4	5.0	15.0
2020101893	2024-03-16	13	0.0	1.6	0.0	0	1800	0.0	40.2	3.0	15.0
2020101893	2024-03-23	7	0.0	1.4	1.0	1	1600	1.0	35.5	5.0	7.0
2020101893	2024-06-30	5	155.0	1.5	1.0	1	1800	2.0	37.9	5.0	10.0
2020101893	2024-07-21	17	0.0	2.4	1.0	1	2000	0.0	38.3	5.0	18.0
2020101893	2024-12-21	9	0.0	1.1	1.0	1	1800	0.0	33.7	3.0	13.0
2020101893	2025-01-11	7	0.0	1.1	0.0	1	2000	0.0	35.3	5.0	13.0
2020101893	2025-01-19	10	0.0	1.3	0.0	1	2000	0.0	35.5	5.0	11.0
2020101893	2025-03-22	5	114.0	0.5	0.0	1	2600	0.0	35.1	3.0	9.0
2020101893	2025-04-06	7	0.0	1.5	2.0	1	2500	0.0	35.9	5.0	12.0
2020101893	2025-04-12	6	0.0	0.9	0.0	1	2400	0.0	35.1	5.0	9.0
2020101893	2025-07-06	1	1573.1	0.0	0.0	1	2600	2.0	36.2	5.0	10.0
2020101918	2023-01-29	2	250.0	0.0	0.0	1	2000	0.0	34.2	0.0	12.0
2020101918	2023-04-02	9	0.0	1.3	0.0	1	2400	0.0	36.3	1.0	13.0
2020101918	2023-04-22	1	550.0	0.0	0.0	1	2000	0.0	36.1	1.0	18.0
2020101918	2023-07-01	1	1128.9	0.0	1.0	1	2000	1.0	34.9	5.0	8.0
2020101918	2023-08-12	1	1574.5	0.0	0.0	1	2000	0.0	34.0	3.0	10.0
2020101918	2023-09-18	10	0.0	1.5	0.0	1	2200	0.0	35.9		15.0
2020101918	2023-11-26	6	0.0	0.8	1.0	1	2000	0.0	34.5	4.0	13.0
2020101918	2024-01-14	7	0.0	0.2	0.0	1	1800	0.0	36.0	4.0	14.0
2020101918	2024-03-03	14	0.0	4.3	1.0	1	2000	2.0	39.2	4.0	14.0
2020101918	2024-06-30	14	0.0	9.6	1.0	0	1700	1.0	45.1	4.0	15.0
2020101918	2024-09-07	16	0.0	2.2	0.0	1	2200	0.0	37.2	4.0	16.0
2020101918	2025-01-18	5	84.0	0.8	0.0	2	2880	0.0	13.7	1.0	11.0
2020101918	2025-02-09	6	0.0	2.9	0.0	2	2860	2.0	13.8	1.0	12.0
2020101918	2025-04-06	4	130.0	0.6	1.0	2	2880	0.0	13.8	1.0	12.0
2020101918	2025-05-03	7	0.0	2.2	0.0	2	2890	0.0	13.2	1.0	14.0
2020101918	2025-06-07	4	130.0	1.3	0.0	2	3000	0.0	13.9	1.0	14.0
2020101918	2025-07-06	3	210.0	0.1	0.0	2	2750	0.0	13.4	1.0	14.0
2020101918	2025-09-07	1	840.0	0.0	0.0	2	2880	0.0	13.8	1.0	13.0
2020101918	2025-12-20	10	0.0	2.1	0.0	2	3110	0.0	13.9	5.0	14.0
2020101968	2022-12-17	1	700.0	0.0	1.0	0	1800	0.0	37.1	0.0	8.0
2020101968	2023-01-09	2	310.0	0.2	0.0	0	1800	0.0	36.8	2.0	12.0
2020101968	2023-03-04	1	780.0	0.0	0.0	0	1800	0.0	37.3	2.0	10.0
2020101968	2023-03-25	7	0.0	1.1	1.0	0	1800	3.0	39.8	5.0	14.0
2020101968	2023-05-21	9	0.0	1.2	0.0	0	1800	0.0	37.6		11.0
2020101968	2023-06-18	10	0.0	2.1	1.0	0	1800	0.0	37.8	3.0	16.0
2020101968	2023-08-06	11	0.0	2.3	0.0	0	1800	0.0	38.6		15.0
2020101968	2023-10-01	3	290.0	0.1	1.0	0	1400	1.0	36.4	3.0	16.0
2020101968	2023-11-26	6	0.0	0.6	0.0	0	1400	0.0	36.9	3.0	16.0
2020101968	2023-12-10	3	394.7	0.9	0.0	0	1400	0.0	37.5	5.0	13.0
2020101968	2024-01-06	4	170.0	0.3	1.0	0	1200	0.0	35.9	3.0	16.0
2020101968	2024-01-27	3	290.0	0.5	0.0	0	1200	0.0	37.3	3.0	16.0
2020101968	2024-03-31	7	0.0	1.3	1.0	0	1400	0.0	38.8	3.0	16.0
2020101968	2024-05-11	9	0.0	0.9	0.0	0	1200	0.0	36.3	3.0	13.0
2020101968	2024-06-01	1	1140.0	0.0	0.0	0	1200	2.0	36.0	3.0	14.0
2020101968	2024-06-23	15	0.0	5.3	1.0	0	1400	3.0	39.9	4.0	15.0
2020101968	2024-09-08	10	0.0	0.9	0.0	0	1200	0.0	36.5	4.0	16.0
2020101968	2024-11-02	7	0.0	1.6	3.0	0	1200	3.0	36.1	4.0	16.0
2020101968	2024-11-17	8	0.0	1.2	1.0	0	1400	0.0	38.6	4.0	15.0
2020101968	2025-01-26	4	280.0	0.4	0.0	0	1200	0.0	37.3	4.0	15.0
2020101968	2025-02-10	5	184.0	0.5	0.0	0	1200	0.0	35.8	4.0	13.0
2020101968	2025-03-29	10	0.0	0.9	3.0	0	1200	2.0	36.6	4.0	16.0
2020101968	2025-04-06	10	0.0	1.9	0.0	0	1200	0.0	38.7	4.0	11.0
2020101968	2025-06-15	16	0.0	3.2	0.0	0	1200	1.0	38.2	4.0	16.0
2020101968	2025-06-29	11	0.0	0.9	0.0	1	1200	0.0	34.1	4.0	13.0
2020101968	2025-07-12	5	184.0	0.5	1.0	1	1200	0.0	34.7	4.0	9.0
2020101968	2025-07-26	10	0.0	4.2	0.0	1	1400	0.0	36.4	4.0	10.0
2020101968	2025-09-27	16	0.0	1.8	0.0	1	1200	0.0	33.7	4.0	16.0
2020101968	2026-01-01	1	120.0	0.0	0.0	0	1400	0.0	39.2	5.0	8.0
2020102161	2022-07-02	5	70.0	1.2	0.0	0	1150	0.0	37.4	0.0	12.0
2020102161	2022-07-17	3	130.0	0.6	1.0	0	1150	1.0	36.4	1.0	10.0
2020102161	2022-09-17	8	0.0	2.6	0.0	0	1200	0.0	38.7	1.0	14.0
2020102161	2022-10-15	1	520.0	0.0	1.0	0	1800	0.0	40.2	1.0	15.0
2020102161	2022-12-11	3	190.0	0.3	1.0	0	1800	0.0	38.8	2.0	14.0
2020102161	2023-01-07	4	160.0	1.3	0.0	0	1800	0.0	39.9	2.0	16.0
2020102161	2023-02-25	9	0.0	2.5	1.0	0	1800	0.0	40.5	2.0	12.0
2020102161	2023-04-16	11	0.0	1.5	0.0	0	1800	3.0	39.2	2.0	15.0
2020102161	2023-05-20	5	78.0	0.8	1.0	0	1400	2.0	36.3	2.0	16.0
2020102161	2023-06-03	7	0.0	1.8	0.0	0	1400	1.0	35.8	2.0	16.0
2020102161	2023-09-30	1	800.0	0.0	0.0	0	1800	0.0	38.9	2.0	15.0
2020102161	2023-10-22	4	170.0	0.4	0.0	0	1800	0.0	36.5	3.0	16.0
2020102161	2023-11-19	3	290.0	0.2	0.0	0	1800	2.0	36.3	3.0	16.0
2020102161	2023-12-10	2	630.0	0.3	0.0	0	1800	0.0	37.1	5.0	16.0
2020102161	2024-01-20	6	0.0	0.5	2.0	0	1800	0.0	39.4	3.0	16.0
2020102161	2024-02-25	5	114.0	1.1	2.0	0	1800	3.0	36.7	3.0	10.0
2020102161	2024-05-12	2	631.8	0.3	0.0	0	1800	0.0	37.2	5.0	14.0
2020102161	2024-06-30	1	1581.5	0.0	1.0	0	1700	0.0	36.7	5.0	13.0
2020102161	2024-09-22	10	0.0	0.9	1.0	0	1800	0.0	38.9	4.0	14.0
2020102161	2024-11-09	5	184.0	0.4	0.0	0	1700	0.0	37.6	4.0	15.0
2020102161	2025-01-18	14	0.0	2.6	0.0	0	1800	0.0	40.9	4.0	16.0
2020102161	2025-04-06	9	0.0	1.4	0.0	0	1800	2.0	38.1	4.0	16.0
2020102161	2025-05-31	14	0.0	1.9	1.0	0	1900	0.0	36.9	4.0	16.0
2020102161	2025-08-02	9	0.0	1.5	0.0	0	1800	0.0	37.1	4.0	14.0
2020102161	2025-10-05	12	0.0	1.7	1.0	0	1600	0.0	36.7	4.0	16.0
2020102161	2025-11-24	4	24.0	0.8	1.0	0	1400	0.0	39.6		10.0
2020102161	2025-12-07	1	500.0	0.0	0.0	0	1800	0.0	39.9	5.0	12.0
2020102161	2026-01-12	5	40.0	0.5	0.0	0	1400	0.0	39.8	5.0	12.0
2020102703	2023-01-28	2	250.0	0.1	0.0	0	1400	0.0	36.7	0.0	16.0
2020102703	2023-02-18	1	550.0	0.0	0.0	0	1400	2.0	36.4	1.0	16.0
2020102703	2023-05-13	5	78.0	0.6	2.0	0	1400	2.0	35.9	2.0	16.0
2020102703	2023-06-11	1	800.0	0.0	2.0	0	1600	1.0	33.9	2.0	16.0
2020102703	2023-08-06	9	0.0	1.6	0.0	0	1800	0.0	37.2		15.0
2020102703	2023-10-15	1	1140.0	0.0	1.0	0	1600	3.0	35.2	3.0	12.0
2020102703	2023-11-12	7	0.0	0.8	1.0	0	1400	0.0	35.9	4.0	15.0
2020102703	2024-02-04	4	280.0	0.8	1.0	0	1600	0.0	36.1	4.0	16.0
2020102703	2024-03-31	3	464.9	0.0	0.0	0	1800	0.0	36.4	4.0	16.0
2020102703	2024-05-26	8	0.0	1.2	0.0	0	1600	0.0	35.2	4.0	16.0
2020102703	2024-06-23	3	465.3	0.5	1.0	0	1600	1.0	34.8	4.0	16.0
2020102703	2024-08-25	8	0.0	0.7	1.0	1	1600	0.0	33.8	4.0	14.0
2020102703	2024-11-03	7	0.0	0.7	0.0	0	1600	1.0	34.9	4.0	11.0
2020102703	2024-12-21	8	0.0	1.4	1.0	0	1800	0.0	36.7	4.0	16.0
2020102703	2025-02-01	9	0.0	0.8	0.0	0	1600	0.0	34.7	4.0	16.0
2020102703	2025-04-06	2	749.8	0.6	0.0	0	1800	2.0	37.6	4.0	16.0
2020102703	2025-05-03	5	184.0	0.6	0.0	0	1800	2.0	36.7	4.0	15.0
2020102703	2025-06-01	3	465.2	0.4	0.0	0	1600	2.0	34.7	4.0	16.0
2020102703	2025-09-21	2	749.6	0.0	1.0	0	1800	0.0	38.3	4.0	16.0
2020102703	2025-10-18	14	0.0	1.5	1.0	0	1800	2.0	37.0	4.0	16.0
2020102703	2026-01-04	6	0.0	0.8	0.0	0	1800	2.0	38.3	4.0	11.0
2020102731	2022-07-23	2	280.0	0.2	1.0	0	1700	2.0	38.5	0.0	14.0
2020102731	2022-11-19	3	130.0	0.6	0.0	0	1600	0.0	39.8	1.0	16.0
2020102731	2022-12-11	6	0.0	1.6	1.0	0	1800	0.0	41.0	1.0	15.0
2020102731	2023-03-11	1	550.0	0.0	0.0	0	1200	0.0	37.4	1.0	16.0
2020102731	2023-04-23	5	78.0	0.3	0.0	0	1400	0.0	37.5	2.0	16.0
2020102731	2023-05-20	12	0.0	4.2	0.0	0	1200	2.0	40.5	2.0	15.0
2020102731	2023-08-20	4	120.0	0.3	0.0	0	1200	0.0	37.1	2.0	15.0
2020102731	2023-09-10	1	800.0	0.0	0.0	0	1200	2.0	36.6	2.0	16.0
2020102731	2023-12-03	3	290.0	0.4	0.0	0	1200	0.0	37.7	3.0	16.0
2020102731	2024-01-21	4	170.0	0.4	2.0	0	1200	3.0	36.7	3.0	15.0
2020102731	2024-03-16	9	0.0	1.4	0.0	0	1200	0.0	37.6	3.0	16.0
2020102731	2024-07-07	9	0.0	1.2	0.0	0	1150	0.0	37.0	3.0	16.0
2020102731	2025-01-12	14	0.0	1.7	1.0	0	1200	0.0	37.9	3.0	16.0
2020102731	2025-03-22	12	0.0	1.1	0.0	0	1200	2.0	36.7	3.0	16.0
2020102731	2025-04-06	4	170.0	0.9	0.0	0	1200	2.0	36.2	3.0	15.0
2020102731	2025-05-04	13	0.0	2.5	0.0	0	1300	2.0	36.5	3.0	16.0
2020102731	2025-06-01	3	22.5	0.5	0.0	0	1400	2.0	40.2	11.0	9.0
2020102731	2025-06-29	2	36.0	1.1	0.0	0	1300	2.0	39.3	11.0	10.0
2020102731	2025-10-05	6	0.0	1.2	0.0	0	1300	1.0	39.4	11.0	11.0
2020102731	2025-11-02	5	9.0	0.8	1.0	0	1400	1.0	39.3	11.0	12.0
2020102731	2025-11-16	8	0.0	1.1	0.0	0	1300	2.0	39.6	11.0	12.0
2020102731	2025-11-30	4	13.5	0.8	0.0	0	1600	0.0	41.7	11.0	10.0
2020102731	2025-12-14	3	22.5	0.4	0.0	0	1400	2.0	40.0	11.0	11.0
2020102731	2025-12-29	12	0.0	4.8	0.0	0	1400	0.0	44.0	11.0	12.0
2020102781	2022-11-20	1	700.0	0.0	1.0	1	1800	2.0	33.6	0.0	9.0
2020102781	2023-01-29	1	1090.3	0.0	0.0	1	1800	0.0	33.9	2.0	8.0
2020102781	2023-03-19	1	5512.0	0.0	0.0	1	1800	1.0	35.7		16.0
2020102781	2023-04-16	10	0.0	1.8	0.0	1	2000	1.0	38.7		18.0
2020102781	2023-05-28	4	4500.0	0.0	0.0	1	2400	0.0	33.0		18.0
2020102781	2023-12-02	1	4345.5	0.0	0.0	1	2000	0.0	34.7		13.0
2020102781	2024-02-11	2	2524.0	0.1	1.0	1	2200	0.0	34.6		12.0
2020102781	2024-03-31	1	20336.0	0.0	0.0	1	2000	0.0	34.9		16.0
2020102781	2024-06-23	3	5539.0	0.4	1.0	1	2200	1.0	34.8		13.0
2020102781	2024-10-27	6	0.0	0.4	1.0	1	2000	0.0	33.7		15.0
2020102781	2024-12-22	4	7500.0	0.3	0.0	1	2500	0.0	35.5		15.0
2020102781	2025-04-06	1	30323.4	0.0	0.0	1	2000	0.0	34.1		15.0
2020102781	2025-06-15	2	12103.2	0.5	0.0	1	2200	2.0	36.4		17.0
2020102781	2025-12-14	2	0.0			1	2000	0.0			7.0
2020102795	2022-11-27	8	0.0	1.0	0.0	1	2000	0.0	36.2	0.0	14.0
2020102795	2022-12-10	6	0.0	1.5	0.0	1	2000	0.0	36.2	1.0	13.0
2020102795	2023-02-19	3	140.0	0.2	1.0	1	1800	1.0	37.7	1.0	16.0
2020102795	2023-03-12	5	55.0	0.4	0.0	1	1600	0.0	35.3	1.0	16.0
2020102795	2023-04-09	1	550.0	0.0	0.0	1	1800	2.0	37.4	1.0	16.0
2020102795	2023-07-29	9	0.0	1.5	0.0	1	2000	0.0	36.0	2.0	15.0
2020102795	2023-08-05	10	0.0	1.4	1.0	1	1800	2.0	35.2	2.0	13.0
2020102795	2023-11-04	5	80.0	1.1	1.0	1	1800	0.0	36.4	2.0	14.0
2020102795	2023-11-18	10	0.0	2.1	0.0	1	1800	2.0	38.6	5.0	16.0
2020102795	2024-02-03	12	0.0	2.2	2.0	1	2600	0.0	39.0	2.0	15.0
2020102795	2024-02-17	6	0.0	0.5	0.0	1	1800	0.0	36.2	2.0	12.0
2020102795	2024-04-13	13	0.0	0.6	0.0	1	1800	0.0	36.1	2.0	15.0
2020102795	2024-05-23	5	20.0	1.6	1.0	0	1870	0.0	40.9	5.0	10.0
2020102795	2024-11-30	8	0.0	1.4	0.0	1	2000	0.0	35.3	2.0	17.0
2020102795	2024-12-14	8	0.0	2.5	0.0	1	2000	0.0	36.1	2.0	16.0
2020102795	2025-04-06	12	0.0	10.8	1.0	2	2880	0.0	14.5	1.0	12.0
2020102795	2025-05-25	13	0.0	10.0	2.0	2	2890	2.0	14.2	1.0	14.0
2020102899	2022-11-13	1	700.0	0.0	1.0	1	1800	0.0	33.3	0.0	9.0
2020102899	2023-01-15	1	4031.5	0.0	1.0	1	2000	0.0	34.5		9.0
2020102899	2023-04-16	1	22538.2	0.0	0.0	1	2000	1.0	35.5		18.0
2020102899	2023-05-28	2	12781.4	0.0	0.0	1	2400	0.0	33.3		18.0
2020102899	2023-09-18	2	2230.8	0.3	0.0	1	2200	0.0	34.0		15.0
2020102899	2023-10-22	3	5386.2	0.9	0.0	1	3000	0.0	35.1		17.0
2020102899	2023-12-24	8	0.0	0.7	0.0	1	2500	0.0	34.8		16.0
2020102899	2024-02-25	4	1000.0	0.5	2.0	1	1800	2.0	36.4		16.0
2020102899	2024-03-31	7	0.0	0.5	0.0	1	2000	0.0	35.1		16.0
2020102899	2024-06-23	2	8878.0	0.3	1.0	1	2200	1.0	34.0		13.0
2020102899	2024-10-27	7	0.0	0.4	1.0	1	2000	0.0	33.3		15.0
2020102899	2024-11-24	14	0.0	2.2	0.0	1	2400	0.0	35.2		14.0
2020102899	2025-02-16	5	620.0	0.4	1.0	1	2200	2.0	34.1		12.0
2020102899	2025-04-06	10	0.0	0.7	0.0	1	2000	0.0	33.5		15.0
2020102899	2025-06-15	6	0.0	1.0	0.0	1	2200	2.0	35.2		17.0
2020102899	2025-11-02	14	0.0	0.7	1.0	1	2000	0.0	32.9		14.0
2020103033	2022-10-22	10	0.0	0.9	1.0	1	2000	0.0	35.4	0.0	11.0
2020103033	2022-12-24	1	520.0	0.0	0.0	0	1800	2.0	38.7	1.0	16.0
2020103033	2023-03-12	8	0.0	0.9	0.0	0	1800	0.0	39.2	2.0	16.0
2020103033	2023-05-13	8	0.0	1.5	2.0	0	2100	2.0	37.7	2.0	15.0
2020103033	2023-10-14	1	800.0	0.0	0.0	0	1800	0.0	38.8	2.0	13.0
2020103033	2023-12-10	11	0.0	1.2	0.0	0	1800	0.0	38.3	5.0	16.0
2020103033	2024-01-20	7	0.0	0.6	2.0	0	1800	0.0	38.4	3.0	16.0
2020103033	2024-03-23	11	0.0	1.8	1.0	0	1800	0.0	39.4	3.0	16.0
2020103033	2024-05-19	5	155.0	0.6	1.0	0	1600	0.0	36.0	5.0	15.0
2020103033	2024-06-01	6	0.0	0.7	0.0	0	1600	1.0	35.8	3.0	16.0
2020103033	2024-08-17	3	395.0	0.7	0.0	0	1800	0.0	37.7	5.0	15.0
2020103033	2024-12-07	4	170.0	0.5	0.0	0	1800	0.0	38.7	3.0	16.0
2020103033	2024-12-28	5	155.0	1.3	0.0	0	1800	0.0	38.9	3.0	16.0
2020103033	2025-01-18	2	460.0	0.2	0.0	0	1800	0.0	39.0	3.0	13.0
2020103033	2025-03-23	1	1140.0	0.0	0.0	0	1800	0.0	39.5	3.0	15.0
2020103033	2025-04-06	13	0.0	2.0	0.0	0	1800	2.0	39.4	4.0	16.0
2020103033	2025-06-29	14	0.0	2.4	0.0	0	1700	0.0	38.8	4.0	15.0
2020103033	2025-08-23	10	0.0	0.9	0.0	0	1400	0.0	37.4	4.0	16.0
2020103033	2025-11-16	2	749.0	0.5	0.0	0	1400	0.0	35.6	4.0	14.0
2020103048	2022-10-10	3	180.0	0.2	1.0	1	2000	2.0	34.3	0.0	9.0
2020103048	2022-10-29	1	520.0	0.0	0.0	1	1800	0.0	34.2	1.0	13.0
2020103048	2022-11-26	10	0.0	0.7	0.0	1	2000	0.0	35.4		15.0
2020103048	2023-02-18	8	0.0	0.8	1.0	1	1800	0.0	33.4	2.0	12.0
2020103048	2023-03-18	3	502.7	0.2	1.0	1	2000	2.0	34.0		8.0
2020103048	2023-04-29	3	1415.6	0.4	0.0	1	2400	0.0	34.2		15.0
2020103048	2023-05-27	2	310.0	0.1	0.0	1	2400	0.0	33.3	2.0	8.0
2020103048	2023-09-23	7	0.0	1.0	0.0	1	1800	0.0	34.2	2.0	13.0
2020103048	2023-10-15	2	320.0	0.1	1.0	1	2400	1.0	35.0	2.0	10.0
2020103048	2023-11-04	2	320.0	0.1	0.0	1	2200	0.0	34.1	2.0	11.0
2020103048	2024-01-06	3	200.0	0.2	1.0	1	1800	0.0	35.2	2.0	17.0
2020103048	2024-01-27	3	284.6	0.6	0.0	1	2600	0.0	36.8	5.0	14.0
2020103048	2024-03-09	2	320.0	0.4	0.0	1	2200	0.0	36.5	2.0	9.0
2020103048	2024-04-07	4	120.0	0.7	0.0	1	2000	0.0	35.5	2.0	14.0
2020103048	2024-05-19	3	200.0	0.2	1.0	1	2400	0.0	34.6	2.0	9.0
2020103048	2024-06-15	2	320.0	0.3	0.0	1	2400	0.0	33.7	2.0	9.0
2020103048	2024-07-06	2	447.6	0.2	0.0	1	2000	0.0	35.4	5.0	11.0
2020103048	2024-11-30	6	0.0	1.1	0.0	1	2000	0.0	34.2	2.0	17.0
2020103048	2024-12-15	5	80.0	0.5	0.0	1	2200	0.0	34.9	2.0	18.0
2020103048	2025-01-13	2	320.0	0.0	0.0	1	2200	0.0	34.5	2.0	18.0
2020103048	2025-02-16	9	0.0	0.6	0.0	1	2400	0.0	34.6	2.0	16.0
2020103048	2025-04-06	2	320.0	0.1	0.0	1	2000	0.0	35.0	2.0	11.0
2020103048	2025-04-19	3	200.0	0.5	0.0	1	2400	0.0	34.1	2.0	10.0
2020103048	2025-05-25	4	120.0	0.2	1.0	1	2400	2.0	33.8	2.0	8.0
2020103048	2025-10-12	3	200.0	0.1	1.0	1	2400	0.0	33.9	2.0	11.0
2020103048	2025-11-29	3	200.0	0.3	1.0	1	2400	0.0	34.6	2.0	16.0
2020103048	2025-12-21	13	0.0	2.0	3.0	1	2200	1.0	37.7	2.0	18.0
2020103061	2022-10-15	4	110.0	0.4	1.0	1	2000	0.0	33.6	0.0	11.0
2020103061	2022-11-05	1	520.0	0.0	0.0	1	1800	0.0	33.7	1.0	11.0
2020103061	2022-11-26	4	500.0	0.3	0.0	1	2000	0.0	35.9		15.0
2020103061	2023-02-12	12	0.0	1.9	0.0	1	1800	0.0	35.2		12.0
2020103061	2023-03-05	3	272.2	0.7	0.0	1	1800	0.0	35.5	2.0	7.0
2020103061	2023-06-25	4	170.0	0.7	1.0	1	1800	0.0	34.9	5.0	10.0
2020103061	2023-07-15	2	320.0	0.0	0.0	1	2000	0.0	34.1	2.0	8.0
2020103061	2023-08-12	7	0.0	1.3	0.0	1	1800	0.0	36.3	5.0	16.0
2020103061	2023-09-23	2	320.0	0.0	0.0	1	1800	0.0	34.0	2.0	13.0
2020103061	2023-10-07	1	800.0	0.0	0.0	1	1800	0.0	33.8	2.0	11.0
2020103061	2023-12-02	6	0.0	1.1	0.0	1	1800	0.0	35.4	3.0	10.0
2020103061	2023-12-16	3	394.6	0.1	1.0	1	1600	2.0	34.8	5.0	14.0
2020103061	2023-12-28	5	155.0	0.2	0.0	1	2000	0.0	35.4	3.0	11.0
2020103061	2024-02-24	8	0.0	1.1	0.0	1	1800	2.0	36.1	5.0	12.0
2020103061	2024-03-10	1	1572.4	0.0	0.0	1	1600	0.0	33.7	5.0	10.0
2020103061	2024-03-24	11	0.0	1.2	1.0	1	1600	0.0	33.7	4.0	13.0
2020103061	2024-09-15	12	0.0	0.8	1.0	1	1600	2.0	34.2	4.0	16.0
2020103061	2024-09-28	4	280.0	0.2	1.0	1	2000	0.0	35.6	4.0	13.0
2020103061	2024-12-01	4	280.0	0.7	0.0	1	1800	0.0	34.3	4.0	13.0
2020103061	2024-12-22	3	464.3	0.3	0.0	1	2000	0.0	34.2	4.0	14.0
2020103061	2025-01-06	9	0.0	1.9	3.0	1	2000	2.0	38.0	4.0	18.0
2020103061	2025-04-06	15	0.0	1.8	0.0	1	2000	0.0	37.1	4.0	16.0
2020103061	2025-04-27	6	0.0	0.5	0.0	1	1800	0.0	33.1	4.0	16.0
2020103061	2025-05-18	4	280.0	0.8	1.0	1	1600	2.0	33.4	4.0	12.0
2020103061	2025-06-07	6	0.0	0.5	1.0	1	2000	0.0	35.8	4.0	15.0
2020103061	2025-07-19	4	280.0	0.1	1.0	1	1200	0.0	33.9	4.0	17.0
2020103061	2025-08-02	3	463.9	0.2	0.0	1	1400	0.0	32.9	4.0	12.0
2020103061	2025-09-27	1	1877.1	0.0	0.0	1	1200	0.0	33.1	4.0	16.0
2020103061	2025-10-13	5	590.0	0.2	0.0	1	1400	0.0	33.2		18.0
2020103061	2025-11-16	6	0.0	0.5	0.0	1	1400	0.0	33.0		18.0
2020103061	2025-11-29	15	0.0	1.2	0.0	1	1600	0.0	34.0		18.0
2020103061	2025-12-27	10	0.0	0.9	0.0	1	1400	0.0	34.3		16.0
2020103061	2026-01-11	15	0.0	1.3	0.0	1	1200	0.0	33.5		16.0
2020103127	2022-10-23	4	110.0	0.7	3.0	0	1800	2.0	38.6	0.0	15.0
2020103127	2022-12-17	1	520.0	0.0	1.0	0	1800	0.0	38.0	1.0	16.0
2020103127	2023-04-02	3	200.0	0.4	1.0	0	1800	0.0	38.2	2.0	16.0
2020103127	2023-07-02	2	320.0	0.1	0.0	0	1700	2.0	37.5	2.0	10.0
2020103127	2023-09-10	1	800.0	0.0	0.0	0	1800	0.0	37.0	2.0	9.0
2020103127	2023-12-02	1	1594.8	0.0	0.0	0	1800	0.0	36.7	5.0	16.0
2020103127	2024-01-21	5	184.0	0.4	1.0	0	1800	3.0	37.1	4.0	16.0
2020103127	2024-03-31	13	0.0	1.1	0.0	0	1800	0.0	38.4	4.0	16.0
2020103127	2025-02-01	10	0.0	2.0	1.0	0	1800	0.0	38.3	4.0	12.0
2020103127	2025-04-06	16	0.0	3.4	0.0	0	1800	2.0	41.2	4.0	16.0
2020103127	2025-05-11	8	0.0	1.3	0.0	0	1600	2.0	36.3	4.0	16.0
2020103127	2025-07-13	5	184.0	0.5	0.0	0	1700	0.0	38.1	4.0	15.0
2020103127	2025-09-28	7	0.0	1.2	1.0	0	1800	0.0	37.8	4.0	16.0
2020103127	2025-11-24	8	0.0	1.6	0.0	0	2100	0.0	38.8	4.0	16.0
2020103129	2022-12-04	1	700.0	0.0	0.0	1	2000	0.0	34.1	0.0	9.0
2020103129	2023-01-21	2	804.6	0.0	0.0	1	2000	0.0	34.1		7.0
2020103129	2023-03-05	3	1410.4	0.2	1.0	1	2000	0.0	34.6		10.0
2020103129	2023-04-16	15	0.0	2.8	0.0	1	2000	1.0	38.2		18.0
2020103129	2023-05-28	5	200.0	0.4	0.0	1	1800	0.0	34.2		8.0
2020103129	2024-01-06	9	0.0	1.3	1.0	1	1800	0.0	35.9	2.0	17.0
2020103129	2024-02-03	2	320.0	0.1	0.0	1	2000	0.0	35.0	2.0	11.0
2020103129	2024-03-03	2	320.0	0.1	0.0	1	2000	0.0	34.5	2.0	6.0
2020103129	2024-03-23	1	1130.3	0.0	2.0	1	2000	1.0	35.8	5.0	8.0
2020103129	2024-06-23	4	230.0	0.3	1.0	1	1800	2.0	34.6	5.0	9.0
2020103129	2024-07-27	3	395.6	0.3	1.0	1	1600	0.0	33.4	5.0	18.0
2020103129	2024-08-24	1	1584.3	0.0	0.0	1	1600	0.0	34.0	5.0	16.0
2020103129	2024-11-17	4	280.0	0.7	0.0	1	1600	0.0	33.9	4.0	13.0
2020103129	2024-12-28	6	0.0	0.3	0.0	1	1600	0.0	35.2	4.0	16.0
2020103129	2025-01-19	5	184.0	0.6	1.0	1	1600	0.0	33.9	4.0	12.0
2020103129	2025-02-16	7	0.0	0.2	1.0	1	1600	0.0	33.7	4.0	16.0
2020103129	2025-03-15	4	280.0	0.2	1.0	1	1600	0.0	34.2	4.0	13.0
2020103129	2025-04-06	7	0.0	0.7	0.0	1	1600	0.0	33.4	4.0	14.0
2020103129	2025-06-15	7	0.0	0.8	0.0	1	1600	2.0	34.4	4.0	18.0
2020103129	2025-07-05	2	747.0	0.0	0.0	1	1800	0.0	36.1	4.0	11.0
2020103129	2025-09-27	2	749.6	0.0	0.0	1	1600	0.0	34.1	4.0	16.0
2020103129	2025-10-19	9	0.0	0.9	2.0	1	1800	0.0	34.4	4.0	18.0
2020103248	2022-12-17	2	280.0	0.3	1.0	0	1800	0.0	39.1	0.0	15.0
2020103248	2023-02-25	1	550.0	0.0	0.0	0	1800	0.0	38.8	1.0	16.0
2020103248	2023-04-16	4	120.0	0.4	0.0	0	1800	3.0	38.4	2.0	15.0
2020103248	2023-08-26	1	800.0	0.0	0.0	0	1800	0.0	38.1	2.0	13.0
2020103248	2024-08-18	8	0.0	1.5	0.0	0	1800	0.0	38.7	5.0	16.0
2020103248	2024-10-20	14	0.0	3.3	0.0	0	1800	2.0	39.2	3.0	16.0
2020103248	2025-01-11	9	0.0	1.5	0.0	0	1800	0.0	38.3	5.0	16.0
2020103248	2025-03-08	7	0.0	1.7	1.0	1	2500	0.0	36.2	5.0	10.0
2020103248	2025-04-06	12	0.0	4.7	2.0	1	2500	0.0	39.7	5.0	12.0
2020103248	2025-05-18	7	0.0	1.9	1.0	1	2400	2.0	36.7	5.0	9.0
2020103280	2022-07-30	3	180.0	0.5	0.0	1	1600	0.0	32.5	0.0	12.0
2020103280	2022-08-27	1	520.0	0.0	0.0	1	1600	0.0	34.9	1.0	15.0
2020103280	2022-10-15	6	0.0	0.8	0.0	1	1800	0.0	34.5	2.0	7.0
2020103280	2022-11-27	6	0.0	0.6	0.0	1	1600	0.0	33.3	2.0	10.0
2020103280	2023-01-28	5	107.0	1.7	0.0	1	1600	0.0	35.5	2.0	7.0
2020103280	2023-02-18	2	437.6	0.3	1.0	1	1800	0.0	34.1	2.0	12.0
2020103280	2023-03-25	5	400.0	0.4	1.0	1	1800	0.0	35.7		13.0
2020103280	2023-07-02	14	0.0	1.3	0.0	1	1800	0.0	36.1		16.0
2020103280	2023-07-22	5	111.0	0.3	0.0	1	1800	0.0	34.0	5.0	9.0
2020103280	2023-08-05	6	0.0	0.4	1.0	1	1500	2.0	34.8	2.0	14.0
2020103280	2023-08-26	2	320.0	0.0	0.0	1	1800	0.0	35.6	2.0	13.0
2020103280	2023-10-22	6	0.0	0.5	0.0	1	1600	0.0	35.3	2.0	16.0
2020103280	2023-12-03	7	0.0	0.9	0.0	1	1800	0.0	35.4	2.0	11.0
2020103280	2023-12-17	7	0.0	2.6	0.0	0	1800	2.0	39.5	2.0	9.0
2020103280	2024-04-21	1	800.0	0.0	3.0	1	1400	0.0	34.9	2.0	13.0
2020103280	2024-05-25	5	114.0	0.3	0.0	1	1400	0.0	35.2	3.0	17.0
2020103280	2024-06-23	9	0.0	1.4	1.0	1	1400	1.0	35.2	5.0	18.0
2020103280	2024-07-27	1	1581.5	0.0	1.0	1	1500	0.0	34.4	5.0	14.0
2020103280	2024-08-31	11	0.0	1.4	1.0	1	1500	1.0	37.2	4.0	14.0
2020103280	2024-12-15	15	0.0	1.3	0.0	1	1400	0.0	35.4	4.0	18.0
2020103280	2025-02-15	2	751.2	0.0	1.0	1	1200	0.0	34.8	4.0	18.0
2020103280	2025-03-09	4	280.0	0.4	0.0	1	1200	0.0	34.0	4.0	12.0
2020103280	2025-04-06	8	0.0	0.7	0.0	1	1600	0.0	33.7	4.0	14.0
2020103280	2025-06-22	9	0.0	0.5	2.0	1	1200	1.0	34.4	4.0	15.0
2020103280	2025-07-05	4	280.0	0.3	0.0	1	1200	2.0	34.4	4.0	14.0
2020103280	2025-07-26	5	184.0	0.7	2.0	1	1200	0.0	33.6	4.0	12.0
2020103280	2025-10-18	4	280.0	0.8	1.0	1	1200	0.0	33.7	4.0	18.0
2020103280	2025-11-15	8	0.0	0.8	0.0	1	1400	0.0	33.2	4.0	18.0
2020103280	2025-12-28	5	184.0	0.3	0.0	1	1200	0.0	33.3	4.0	10.0
2020103373	2022-09-11	1	700.0	0.0	0.0	1	2000	0.0	33.4	0.0	7.0
2020103373	2022-10-22	3	432.6	0.4	1.0	1	1800	0.0	33.3		8.0
2020103373	2023-02-05	2	1608.4	0.1	0.0	1	2000	0.0	33.8		8.0
2020103373	2024-03-24	4	280.0	0.6	3.0	1	2400	1.0	35.0	4.0	8.0
2020103373	2024-06-08	6	0.0	0.2	0.0	1	2400	0.0	34.5	4.0	14.0
2020103373	2024-09-28	8	0.0	1.1	1.0	1	2000	0.0	35.7	4.0	13.0
2020103373	2024-12-08	8	0.0	1.3	2.0	1	2200	0.0	33.9	4.0	12.0
2020103373	2025-04-06	6	0.0	0.7	0.0	1	1600	0.0	33.8	4.0	14.0
2020103373	2025-05-10	14	0.0	0.5	1.0	1	1600	2.0	33.2	4.0	15.0
2020103373	2025-06-15	13	0.0	1.2	0.0	1	1600	2.0	34.4	4.0	18.0
2020103373	2025-08-24	5	184.0	0.4	0.0	1	1600	0.0	33.3	4.0	18.0
2020103373	2025-09-06	6	0.0	0.3	0.0	1	1800	0.0	34.1	4.0	12.0
2020103390	2022-07-10	1	700.0	0.0	0.0	1	1800	0.0	34.4	0.0	12.0
2020103390	2022-10-29	1	2935.7	0.0	0.0	1	1600	0.0	33.0		10.0
2020103390	2022-12-11	11	0.0	1.7	0.0	1	1600	0.0	36.1		18.0
2020103390	2023-04-09	11	0.0	0.9	0.0	1	1600	0.0	33.9		18.0
2020103390	2023-05-21	4	2300.0	1.1	0.0	1	2400	0.0	35.9		18.0
2020103390	2023-09-17	14	0.0	1.5	0.0	1	1800	0.0	34.7		17.0
2020103390	2023-10-15	11	0.0	1.1	0.0	1	2000	2.0	35.0		18.0
2020103390	2024-02-11	5	620.0	0.5	1.0	1	2200	0.0	35.2		12.0
2020103390	2024-03-09	11	0.0	0.6	0.0	1	1800	2.0	36.2		16.0
2020103390	2024-06-16	5	380.0	0.6	0.0	1	2000	0.0	34.5		16.0
2020103390	2024-10-13	6	0.0	0.5	0.0	1	2000	0.0	34.0		16.0
2020103390	2024-11-10	2	5304.4	0.4	1.0	1	2200	0.0	34.1		17.0
2020103390	2024-11-30	1	4354.6	0.0	0.0	1	2000	0.0	35.0		15.0
2020103390	2025-03-16	9	0.0	2.3	2.0	1	2000	1.0	38.3		10.0
2020103390	2025-04-06	11	0.0	0.7	0.0	1	2000	0.0	34.4		15.0
2020103390	2025-05-18	12	0.0	0.6	1.0	1	1600	0.0	34.4		17.0
2020103390	2025-06-22	9	0.0	0.6	0.0	1	1800	0.0	35.3		14.0
2020103463	2022-10-09	6	0.0	1.2	1.0	1	2000	0.0	34.7	0.0	15.0
2020103463	2023-02-04	1	550.0	0.0	0.0	1	2400	0.0	34.9	1.0	18.0
2020103463	2023-07-01	7	0.0	1.4	1.0	1	2600	2.0	37.4	5.0	10.0
2020103463	2023-09-02	2	447.2	0.0	1.0	1	2200	0.0	35.6	5.0	10.0
2020103463	2023-10-15	10	0.0	2.9	1.0	1	2400	1.0	38.0	2.0	10.0
2020103463	2024-01-20	1	800.0	0.0	1.0	1	2200	0.0	35.3	2.0	17.0
2020103463	2024-03-16	4	230.0	0.3	0.0	1	2000	0.0	35.6	5.0	11.0
2020103463	2024-04-06	4	230.0	0.5	0.0	1	2400	0.0	34.0	5.0	10.0
2020103463	2024-09-14	3	395.1	0.9	0.0	0	2400	0.0	39.0	5.0	16.0
2020103463	2024-11-23	3	290.0	0.4	0.0	0	2100	2.0	38.3	3.0	16.0
2020103463	2024-12-22	3	395.2	0.2	0.0	0	1800	0.0	37.9	3.0	16.0
2020103463	2025-03-01	8	0.0	2.0	0.0	0	1800	0.0	38.2	3.0	14.0
2020103463	2025-04-06	6	0.0	1.5	2.0	1	2500	0.0	36.3	5.0	12.0
2020103463	2025-07-06	11	0.0	3.7	0.0	2	2750	0.0	13.6	1.0	14.0
2020103463	2025-09-06	7	0.0	2.3	0.0	2	2880	2.0	13.8	1.0	9.0
2020103463	2025-10-13	4	130.0	2.6	0.0	2	3000	0.0	13.6	1.0	14.0
2020103463	2025-12-07	4	130.0	1.3	0.0	2	2880	0.0	14.0	1.0	11.0
2020103463	2026-01-12	16	0.0	2.4	0.0	0	2400	0.0	40.9	5.0	16.0
2020103521	2022-10-02	1	700.0	0.0	0.0	1	1800	0.0	34.9	0.0	14.0
2020103521	2022-11-13	1	1049.6	0.0	1.0	1	2000	1.0	34.7	2.0	9.0
2020103521	2022-12-28	6	0.0	0.4	0.0	1	2000	0.0	34.7		18.0
2020103521	2023-01-15	3	1004.5	0.6	1.0	1	2000	0.0	34.9		9.0
2020103521	2023-03-19	6	0.0	0.9	0.0	1	1800	1.0	36.2		16.0
2020103521	2023-08-12	2	627.0	0.1	0.0	1	2000	0.0	33.5	3.0	10.0
2020103521	2023-09-18	4	810.0	0.6	0.0	1	2200	0.0	34.3		15.0
2020103521	2024-01-14	4	230.0	0.4	0.0	1	2000	0.0	34.3	5.0	13.0
2020103521	2024-02-04	1	1140.0	0.0	1.0	1	2000	0.0	35.1	3.0	7.0
2020103521	2024-03-09	3	463.4	0.1	1.0	1	1800	0.0	33.7	4.0	10.0
2020103521	2024-04-07	3	465.1	0.6	0.0	1	2000	0.0	34.3	4.0	16.0
2020103521	2024-06-29	2	747.8	0.3	1.0	1	1800	0.0	36.7	4.0	13.0
2020103521	2024-07-20	5	184.0	0.6	0.0	1	2000	2.0	36.3	4.0	12.0
2020103521	2024-10-12	2	748.6	0.0	0.0	1	1800	0.0	34.4	4.0	14.0
2020103521	2024-12-07	2	749.4	0.1	0.0	1	1800	0.0	34.3	4.0	15.0
2020103521	2025-01-26	4	280.0	0.4	0.0	1	1800	0.0	34.3	4.0	12.0
2020103521	2025-02-15	4	280.0	0.4	0.0	1	2000	0.0	34.8	4.0	9.0
2020103521	2025-04-06	7	0.0	0.6	0.0	1	2000	0.0	35.8	4.0	16.0
2020103521	2025-06-15	2	750.8	0.2	0.0	1	1600	2.0	33.9	4.0	18.0
2020103521	2025-07-13	6	0.0	1.2	0.0	1	2000	0.0	36.4		15.0
2020103521	2025-08-17	10	0.0	0.5	0.0	1	1600	0.0	33.6		12.0
2020103521	2025-09-27	6	0.0	0.3	0.0	1	1600	0.0	33.8	4.0	16.0
2020103521	2025-11-16	3	463.9	0.3	0.0	1	1800	0.0	33.5	4.0	12.0
2020103521	2025-12-28	2	607.4	0.3	0.0	1	1600	0.0	33.9	4.0	16.0
2020103540	2023-12-09	1	140.0	0.0	0.0	0	1200	0.0	40.1		15.0
2020103540	2024-02-14	3	20.0	1.0	0.0	0	1200	0.0	40.3	9.0	14.0
2020103540	2024-03-21	1	80.0	0.0	0.0	0	1600	0.0	41.3	9.0	13.0
2020103540	2024-04-22	7	0.0	0.6	1.0	0	1600	2.0	43.0	10.0	13.0
2020103540	2024-08-13	10	0.0	2.2	0.0	0	1600	0.0	42.2	9.0	12.0
2020103540	2024-09-30	1	80.0	0.0	1.0	0	1400	0.0	39.7	9.0	12.0
2020103540	2025-04-06	8	0.0	1.0	2.0	1	1800	0.0	34.6	2.0	13.0
2020103540	2025-06-21	16	0.0	2.9	0.0	1	1800	0.0	37.0	2.0	16.0
2020103540	2025-08-23	7	0.0	1.5	0.0	1	1600	0.0	34.1	2.0	12.0
2020103917	2022-12-04	11	0.0	3.8	0.0	0	1800	0.0	40.9	0.0	15.0
2020103917	2022-12-17	12	0.0	3.4	1.0	0	1800	0.0	41.4	1.0	16.0
2020103917	2023-01-07	10	0.0	2.3	0.0	0	1800	0.0	40.6	1.0	16.0
2020103917	2023-02-12	7	0.0	1.1	0.0	1	1800	0.0	34.3	1.0	10.0
2020103917	2023-03-18	8	0.0	2.4	2.0	1	2000	2.0	37.7	1.0	18.0
2020103917	2023-04-09	11	0.0	0.9	0.0	1	2000	2.0	35.7	1.0	15.0
2020103917	2023-04-29	8	0.0	1.9	0.0	1	2000	0.0	37.6	1.0	16.0
2020103917	2023-05-21	5	55.0	0.5	1.0	1	2000	0.0	35.5	1.0	16.0
2020103917	2023-07-11	4	14.3	0.6	0.0	1	1700	2.0	36.0		12.0
2020103917	2023-07-29	1	550.0	0.0	0.0	1	1800	0.0	33.8	1.0	18.0
2020103917	2024-02-18	13	0.0	1.3	0.0	1	1800	0.0	36.4	2.0	16.0
2020103917	2024-03-10	5	80.0	0.7	0.0	1	2000	0.0	34.8	2.0	8.0
2020103917	2024-03-30	7	0.0	0.5	0.0	1	1800	0.0	35.3	2.0	10.0
2020103917	2024-04-28	7	0.0	0.6	0.0	1	1800	0.0	35.0	2.0	9.0
2020103917	2024-05-26	5	80.0	0.8	0.0	1	1800	0.0	33.6	2.0	9.0
2020103917	2024-12-07	15	0.0	1.4	0.0	1	1800	0.0	35.5	2.0	16.0
2020103917	2024-12-14	13	0.0	2.8	0.0	1	2000	0.0	35.6	2.0	16.0
2020103917	2025-02-22	8	0.0	1.1	0.0	1	2000	0.0	35.0	2.0	16.0
2020103917	2025-03-01	4	120.0	0.5	1.0	1	1800	0.0	36.0	2.0	15.0
2020103917	2025-04-06	11	0.0	1.2	2.0	1	1800	0.0	34.9	2.0	13.0
2020103941	2022-12-10	1	700.0	0.0	0.0	1	1600	0.0	35.3	0.0	15.0
2020103941	2023-02-18	1	1093.1	0.0	0.0	1	2000	0.0	34.3	2.0	10.0
2020103941	2023-03-19	2	2232.0	0.2	0.0	1	1800	1.0	36.9		16.0
2020103941	2023-04-16	17	0.0	3.1	0.0	1	2000	1.0	39.6		18.0
2020103941	2023-05-28	6	0.0	0.2	0.0	1	2400	0.0	34.0		18.0
2020103941	2023-12-09	12	0.0	0.9	0.0	1	2000	0.0	35.7		17.0
2020103941	2024-02-04	3	1008.1	0.2	1.0	1	1600	0.0	33.9		16.0
2020103941	2024-03-10	3	684.2	0.3	0.0	1	1600	0.0	35.6		14.0
2020103941	2024-06-30	1	2433.6	0.0	1.0	1	1800	0.0	35.1	5.0	16.0
2020103941	2024-07-14	1	4356.0	0.0	0.0	1	2000	0.0	35.3		16.0
2020103941	2024-10-06	2	2728.4	0.1	1.0	1	1800	0.0	33.8		14.0
2020103941	2024-10-27	3	5546.2	0.3	1.0	1	2000	0.0	34.0		15.0
2020103941	2025-01-05	9	0.0	0.7	1.0	1	2000	0.0	36.4		18.0
2020103941	2025-03-16	2	2720.4	0.0	2.0	1	2000	1.0	36.8		10.0
2020103941	2025-04-06	5	3000.0	0.4	0.0	1	2000	0.0	34.8		15.0
2020103941	2025-08-17	7	0.0	0.8	1.0	1	2000	2.0	37.1		16.0
2020103941	2025-10-05	2	2722.8	0.1	1.0	1	1800	0.0	33.8		11.0
2020103941	2025-11-02	13	0.0	0.6	1.0	1	2000	0.0	33.5		14.0
2020103941	2025-11-30	16	0.0	3.5	0.0	1	2400	0.0	37.7		17.0
2020104013	2022-12-24	1	700.0	0.0	0.0	1	1800	0.0	35.1	0.0	18.0
2020104013	2023-02-18	10	0.0	0.8	1.0	1	1800	0.0	33.3	2.0	12.0
2020104013	2023-03-11	2	310.0	0.1	0.0	1	1600	0.0	34.9	2.0	10.0
2020104013	2023-04-22	1	1088.2	0.0	0.0	1	1800	0.0	34.8	2.0	8.0
2020104013	2023-10-07	10	0.0	0.9	0.0	1	1600	0.0	34.1	5.0	11.0
2020104013	2023-10-29	2	625.8	0.2	0.0	1	1800	0.0	33.0	5.0	9.0
2020104013	2023-11-18	7	0.0	0.7	0.0	1	1600	2.0	33.9	3.0	13.0
2020104013	2024-01-14	3	393.5	0.4	0.0	1	1800	0.0	34.9	5.0	11.0
2020104013	2024-02-11	2	626.0	0.0	1.0	1	1800	0.0	33.5	5.0	9.0
2020104013	2024-04-13	2	626.8	0.0	0.0	1	1800	0.0	32.8	5.0	11.0
2020104013	2024-05-19	1	1574.5	0.0	1.0	1	1800	0.0	33.2	5.0	10.0
2020104013	2024-10-12	6	0.0	0.5	0.0	1	1800	0.0	34.5	4.0	14.0
2020104013	2024-11-17	6	0.0	0.9	0.0	1	1600	0.0	33.4	4.0	13.0
2020104013	2025-02-16	4	280.0	0.1	1.0	1	1600	0.0	33.5	4.0	16.0
2020104013	2025-03-15	7	0.0	0.4	2.0	1	1800	0.0	33.4	4.0	15.0
2020104013	2025-04-06	4	280.0	0.4	0.0	1	1600	0.0	33.2	4.0	14.0
2020104013	2025-05-18	10	0.0	0.5	1.0	1	1800	0.0	34.7	4.0	16.0
2020104013	2025-09-14	5	184.0	0.4	1.0	1	1600	0.0	33.1	4.0	11.0
2020104013	2025-10-12	4	280.0	0.1	1.0	1	1600	0.0	33.1	4.0	13.0
2020104013	2025-11-16	8	0.0	0.6	0.0	1	1800	0.0	33.3	4.0	12.0
2020104550	2022-09-17	6	0.0	1.2	0.0	1	1800	0.0	35.3	0.0	13.0
2020104550	2022-10-02	5	52.0	0.3	0.0	1	1600	0.0	34.4	1.0	13.0
2020104550	2022-10-09	1	520.0	0.0	1.0	1	1800	0.0	33.8	1.0	10.0
2020104550	2023-04-22	5	107.0	0.9	0.0	1	1800	0.0	35.8	2.0	8.0
2020104550	2023-05-14	2	310.0	0.8	1.0	1	1800	0.0	33.6	2.0	13.0
2020104550	2023-05-28	4	300.0	0.4	0.0	1	1800	0.0	34.3		8.0
2020104550	2023-07-29	4	170.0	0.2	0.0	1	1800	0.0	33.8	5.0	17.0
2020104550	2023-09-09	2	320.0	0.1	0.0	1	1800	0.0	34.0	2.0	10.0
2020104550	2023-12-03	3	200.0	0.4	0.0	1	1800	0.0	34.7	2.0	11.0
2020104550	2023-12-16	1	800.0	0.0	1.0	1	1800	2.0	33.6	2.0	10.0
2020104550	2024-01-14	1	1574.5	0.0	0.0	1	1800	0.0	34.5	5.0	11.0
2020104550	2024-03-17	14	0.0	0.9	0.0	1	1800	0.0	35.1	4.0	16.0
2020104550	2024-04-07	10	0.0	0.9	0.0	1	2000	0.0	34.7	4.0	16.0
2020104550	2024-06-23	15	0.0	3.0	1.0	0	1600	1.0	37.8	4.0	16.0
2020104550	2024-06-29	3	463.9	0.5	1.0	1	1800	0.0	36.6	4.0	13.0
2020104550	2024-07-14	2	748.4	0.1	2.0	1	2000	0.0	35.5	4.0	14.0
2020104550	2024-11-09	4	280.0	0.3	0.0	1	2000	0.0	35.5	4.0	14.0
2020104550	2024-12-01	11	0.0	1.3	0.0	1	1800	0.0	34.5	4.0	13.0
2020104550	2024-12-22	11	0.0	0.9	0.0	1	2000	0.0	34.7	4.0	14.0
2020104550	2025-03-02	3	464.3	0.1	1.0	1	2000	1.0	36.5	4.0	13.0
2020104550	2025-04-06	2	749.6	0.1	0.0	1	2000	0.0	35.5	4.0	16.0
2020104550	2025-06-28	4	280.0	0.1	0.0	1	2000	0.0	35.8	4.0	16.0
2020104550	2025-07-19	2	746.8	0.1	0.0	1	1800	0.0	35.7	4.0	10.0
2020104550	2025-08-16	8	0.0	0.9	0.0	1	2000	0.0	35.1	4.0	9.0
2020104550	2025-11-16	6	0.0	0.6	0.0	1	1800	0.0	34.1	4.0	12.0
2020104550	2025-12-13	7	0.0	0.5	1.0	1	1800	0.0	34.5	4.0	16.0
2020104670	2023-01-28	16	0.0	4.1	0.0	0	1400	0.0	39.9	0.0	16.0
2020104670	2023-06-11	17	0.0	6.1	1.0	1	1600	2.0	39.6	1.0	18.0
2020104670	2023-07-18	2	12.8	1.6	0.0	0	1400	0.0	39.9		12.0
2020104670	2023-08-12	2	12.8	1.2	0.0	0	1400	2.0	40.1		11.0
2020104670	2023-08-26	1	40.0	0.0	1.0	0	1400	0.0	38.4		8.0
2020104670	2023-09-18	3	7.2	1.2	0.0	0	1400	3.0	39.5		11.0
2020104670	2023-10-07	1	35.0	0.0	1.0	0	1400	0.0	38.8	10.0	11.0
2020104670	2023-10-29	2	11.2	0.4	0.0	0	1300	0.0	38.1	10.0	11.0
2020104670	2023-11-11	1	35.0	0.0	0.0	0	1300	0.0	38.5	10.0	10.0
2020104670	2024-02-17	7	0.0	1.1	1.0	0	1400	0.0	36.2	2.0	16.0
2020104670	2024-03-10	6	0.0	0.7	0.0	1	2000	0.0	35.0	2.0	8.0
2020104670	2024-04-13	5	80.0	0.5	0.0	1	2200	0.0	34.3	2.0	9.0
2020104670	2024-05-19	7	0.0	2.4	1.0	1	2400	0.0	36.6	2.0	9.0
2020104670	2024-06-15	6	0.0	1.9	0.0	1	2400	0.0	34.9	2.0	9.0
2020104670	2024-09-16	10	0.0	2.3	1.0	0	2400	0.0	40.1	2.0	12.0
2020104670	2024-10-05	9	0.0	1.3	2.0	0	2100	1.0	36.9	2.0	9.0
2020104670	2024-10-14	1	800.0	0.0	0.0	0	2500	0.0	38.0	2.0	10.0
2020104670	2024-12-15	7	0.0	1.6	0.0	0	2400	0.0	39.2	5.0	14.0
2020104670	2025-01-13	13	0.0	7.6	0.0	0	2400	0.0	45.7	5.0	16.0
2020104670	2025-03-15	14	0.0	4.9	1.0	0	2400	2.0	42.9	5.0	14.0
2020104670	2025-04-06	14	0.0	2.3	0.0	0	1200	2.0	36.2	3.0	15.0
2020104670	2025-04-12	8	0.0	2.2	0.0	1	2400	0.0	36.2	5.0	9.0
2020104679	2022-07-03	7	0.0	0.6	1.0	1	1800	0.0	36.1	0.0	8.0
2020104679	2022-09-19	3	130.0	0.6	1.0	0	1400	2.0	38.7	1.0	10.0
2020104679	2022-10-10	1	520.0	0.0	1.0	0	1400	3.0	36.9	1.0	12.0
2020104679	2022-10-23	2	415.6	0.3	0.0	0	1400	0.0	37.9	2.0	9.0
2020104679	2022-12-14	12	0.0	4.7	0.0	0	1600	2.0	45.4		14.0
2020104679	2023-01-29	2	310.0	0.2	0.0	0	1200	0.0	36.9	2.0	13.0
2020104679	2023-03-12	3	200.0	0.4	0.0	0	1400	0.0	37.6	2.0	16.0
2020104679	2023-04-15	2	310.0	0.0	3.0	0	1200	3.0	36.2	2.0	16.0
2020104679	2023-05-20	3	200.0	1.5	0.0	0	1200	2.0	37.0	2.0	15.0
2020104679	2023-06-03	1	800.0	0.0	0.0	0	1200	1.0	35.5	2.0	16.0
2020104679	2023-06-25	1	1585.7	0.0	1.0	0	1200	0.0	36.8	3.0	16.0
2020104679	2023-07-23	2	750.0	0.1	0.0	0	1200	0.0	35.6	4.0	16.0
2020104679	2023-08-19	6	0.0	1.0	0.0	0	1200	0.0	36.2	4.0	15.0
2020104679	2023-10-09	10	0.0	1.3	1.0	0	1200	1.0	37.7	4.0	13.0
2020104679	2023-12-02	9	0.0	1.2	0.0	0	1200	0.0	37.1	4.0	16.0
2020104679	2024-02-03	9	0.0	1.4	0.0	0	1200	0.0	36.9	4.0	16.0
2020104679	2024-03-31	7	0.0	0.9	1.0	0	1200	0.0	36.8	4.0	16.0
2020104679	2024-06-09	7	0.0	0.7	1.0	0	1200	2.0	37.5	4.0	16.0
2020104679	2024-10-05	8	0.0	0.8	0.0	0	1200	2.0	37.1	4.0	16.0
2020104679	2024-11-30	8	0.0	0.5	0.0	0	1200	2.0	36.1	4.0	15.0
2020104679	2025-01-26	11	0.0	0.7	0.0	0	1200	0.0	37.7	4.0	15.0
2020104679	2025-04-06	4	280.0	0.3	0.0	0	1200	0.0	36.2	4.0	11.0
2020104843	2022-08-21	1	700.0	0.0	0.0	1	2000	2.0	37.4	0.0	6.0
2020104843	2022-11-06	5	103.0	0.8	0.0	1	2000	0.0	34.2	5.0	9.0
2020104843	2023-02-05	7	0.0	1.1	0.0	1	2400	0.0	35.4	2.0	10.0
2020104843	2023-02-25	4	160.0	0.5	1.0	1	2200	0.0	35.8	2.0	8.0
2020104843	2023-04-15	9	0.0	2.0	3.0	1	2000	1.0	39.7	2.0	12.0
2020104843	2023-06-17	8	0.0	2.0	1.0	0	1700	0.0	38.5	2.0	14.0
2020104843	2023-07-01	5	80.0	0.7	0.0	0	2400	1.0	38.1	2.0	7.0
2020104843	2023-10-01	3	200.0	0.1	1.0	1	2200	0.0	34.9	2.0	15.0
2020104843	2023-10-28	1	800.0	0.0	0.0	1	2000	0.0	34.0	2.0	10.0
2020104843	2023-11-26	6	0.0	0.5	1.0	1	2000	0.0	34.4	3.0	11.0
2020104843	2024-02-24	1	1575.2	0.0	0.0	1	1800	2.0	35.6	5.0	12.0
2020104843	2024-07-07	14	0.0	1.7	1.0	1	1800	2.0	38.3	4.0	14.0
2020104843	2024-07-27	12	0.0	0.7	1.0	1	2000	0.0	34.8	4.0	14.0
2020104843	2024-10-26	6	0.0	0.8	0.0	1	2000	0.0	33.8	4.0	10.0
2020104843	2024-11-17	13	0.0	1.9	1.0	1	2400	0.0	36.2	4.0	17.0
2020104843	2025-01-25	5	184.0	0.3	0.0	1	2000	0.0	34.3	4.0	17.0
2020104843	2025-02-16	13	0.0	0.4	1.0	1	1600	0.0	33.6	4.0	16.0
2020104843	2025-04-06	5	184.0	0.4	0.0	1	2000	0.0	34.8	4.0	16.0
2020104843	2025-07-12	9	0.0	0.5	0.0	1	1800	0.0	34.7	4.0	14.0
2020104912	2022-11-20	4	110.0	0.5	1.0	1	1800	2.0	33.7	0.0	9.0
2020104912	2022-12-03	4	78.0	0.3	0.0	1	1800	0.0	35.5	1.0	14.0
2020104912	2023-01-21	2	220.0	0.0	0.0	1	2000	0.0	35.2	1.0	11.0
2020104912	2023-02-05	1	550.0	0.0	0.0	1	1800	0.0	35.6	1.0	14.0
2020104912	2023-03-26	1	1095.2	0.0	3.0	1	2000	3.0	39.2	2.0	11.0
2020104912	2023-04-30	3	504.5	0.1	2.0	1	1800	0.0	33.1		13.0
2020104912	2023-07-02	10	0.0	1.0	0.0	1	1800	0.0	35.2		16.0
2020104912	2023-09-10	3	392.6	0.1	1.0	1	2000	0.0	33.7	5.0	8.0
2020104912	2023-09-24	3	393.6	0.4	0.0	1	2000	0.0	34.6	5.0	11.0
2020104912	2023-11-19	12	0.0	1.1	0.0	1	1800	0.0	36.3	5.0	16.0
2020104912	2024-02-11	3	394.3	0.3	0.0	1	1800	0.0	35.4	5.0	13.0
2020104912	2024-03-10	1	1585.0	0.0	0.0	1	1800	0.0	34.9	5.0	16.0
2020104912	2024-04-27	3	464.0	0.3	1.0	1	2000	0.0	33.5	4.0	13.0
2020104912	2024-05-19	4	280.0	0.1	2.0	1	2000	0.0	33.6	4.0	12.0
2020104912	2024-06-15	12	0.0	1.2	1.0	1	2200	0.0	34.1	4.0	15.0
2020104912	2024-10-20	6	0.0	0.7	0.0	1	2000	0.0	33.8	4.0	8.0
2020104912	2024-11-10	11	0.0	0.8	1.0	1	1800	0.0	33.5	4.0	13.0
2020104912	2025-02-15	7	0.0	1.5	0.0	1	2000	0.0	35.5	4.0	9.0
2020104912	2025-04-06	7	0.0	1.3	0.0	0	1800	2.0	37.6	4.0	16.0
2020104912	2025-05-03	10	0.0	1.2	0.0	0	1800	2.0	37.3	4.0	15.0
2020104912	2025-08-23	10	0.0	1.3	0.0	1	2000	0.0	37.1	4.0	14.0
2020104912	2025-10-18	11	0.0	1.1	1.0	0	1800	2.0	36.4	4.0	16.0
2020104912	2025-12-28	15	0.0	1.6	0.0	1	1600	0.0	34.9	4.0	16.0
2020104960	2022-06-18	11	0.0	2.0	1.0	1	1400	0.0	35.8	0.0	16.0
2020104960	2022-07-03	6	0.0	0.8	1.0	1	1200	2.0	36.5	1.0	11.0
2020104960	2022-07-17	4	78.0	0.7	2.0	1	1200	2.0	37.0	1.0	8.0
2020104960	2022-08-14	4	78.0	0.3	1.0	1	1200	2.0	35.0	1.0	17.0
2020104960	2022-09-04	2	210.0	0.5	0.0	1	1400	0.0	36.1	1.0	18.0
2020104960	2022-10-16	2	210.0	0.5	0.0	1	1200	0.0	34.5	1.0	16.0
2020104960	2022-11-06	2	210.0	0.4	0.0	1	1200	0.0	35.4	1.0	16.0
2020104960	2022-11-19	1	520.0	0.0	0.0	1	1200	0.0	35.7	1.0	16.0
2020104960	2022-12-17	7	0.0	1.7	2.0	1	1200	0.0	34.6	5.0	10.0
2020104960	2022-12-24	11	0.0	1.0	0.0	0	1200	2.0	36.8	2.0	16.0
2020104960	2023-01-15	4	120.0	1.1	0.0	0	1200	2.0	36.7	2.0	11.0
2020104960	2023-02-04	8	0.0	0.8	0.0	0	1400	0.0	36.5	2.0	11.0
2020104960	2023-03-04	10	0.0	1.2	0.0	0	1200	0.0	37.5	2.0	16.0
2020104960	2023-03-19	7	0.0	0.8	0.0	0	1200	3.0	36.1	2.0	16.0
2020104960	2023-04-23	11	0.0	1.4	0.0	0	1400	0.0	37.3	2.0	16.0
2020104960	2023-07-02	13	0.0	1.6	0.0	1	1200	0.0	35.3	2.0	16.0
2020104960	2023-07-08	13	0.0	1.5	1.0	1	1200	0.0	34.8	5.0	13.0
2020104960	2023-09-30	11	0.0	2.4	0.0	0	1200	0.0	37.5	2.0	16.0
2020104960	2023-11-26	12	0.0	1.3	1.0	0	1400	0.0	37.8	2.0	16.0
2020104960	2023-12-12	4	60.0	1.6	1.0	0	1500	2.0	41.9	13.0	12.0
2020104960	2024-01-21	4	120.0	0.8	1.0	0	1400	1.0	35.8	2.0	14.0
2020104960	2024-02-10	5	80.0	0.3	1.0	0	1200	0.0	35.8	2.0	16.0
2020104960	2024-03-02	4	120.0	0.5	1.0	0	1200	1.0	36.8	2.0	16.0
2020104960	2024-09-28	9	0.0	0.8	1.0	0	1200	0.0	36.7	2.0	16.0
2020104960	2024-10-14	6	0.0	0.8	0.0	0	1200	0.0	36.7	2.0	8.0
2020104960	2024-10-27	4	120.0	0.8	0.0	0	1200	0.0	35.7	2.0	11.0
2020104960	2024-12-14	12	0.0	2.0	0.0	0	1200	0.0	35.4	2.0	16.0
2020104960	2025-01-26	11	0.0	1.3	0.0	0	1200	0.0	37.4	3.0	14.0
2020104960	2025-02-10	5	80.0	0.7	0.0	0	1200	0.0	35.7	2.0	16.0
2020104960	2025-03-01	1	800.0	0.0	0.0	0	1200	0.0	36.5	2.0	16.0
2020104960	2025-03-22	14	0.0	1.5	0.0	0	1200	2.0	36.4	3.0	16.0
2020104960	2025-04-06	12	0.0	1.6	0.0	0	1200	2.0	35.6	3.0	15.0
2020104960	2025-06-22	10	0.0	2.0	0.0	0	1400	0.0	36.7	5.0	16.0
2020104960	2025-07-13	8	0.0	1.8	0.0	1	1200	0.0	35.0	3.0	9.0
2020104960	2025-09-27	15	0.0	1.4	0.0	0	1200	0.0	35.8	3.0	16.0
2020104960	2025-10-25	9	0.0	1.1	3.0	0	1400	2.0	35.3	3.0	13.0
2020104960	2025-11-08	10	0.0	1.9	0.0	0	1400	0.0	36.9	5.0	16.0
2020104960	2025-12-06	15	0.0	1.3	0.0	0	1400	0.0	36.5	3.0	16.0
2020104960	2025-12-20	9	0.0	0.7	2.0	0	1400	2.0	37.0	3.0	16.0
2020104986	2022-07-03	6	0.0	0.5	1.0	1	1800	0.0	35.5	0.0	8.0
2020104986	2022-07-23	4	78.0	0.4	0.0	1	1800	0.0	35.1	1.0	9.0
2020104986	2022-10-29	9	0.0	0.8	0.0	1	1800	0.0	35.6	1.0	13.0
2020104986	2023-01-07	7	0.0	1.1	0.0	0	1800	0.0	39.2	1.0	15.0
2020104986	2023-02-04	7	0.0	1.3	1.0	1	2000	0.0	35.7	1.0	9.0
2020104986	2023-06-04	4	83.0	0.7	0.0	1	1600	0.0	34.4	1.0	18.0
2020104986	2023-06-18	8	0.0	1.4	1.0	1	1400	0.0	35.1	1.0	18.0
2020104986	2023-08-19	4	83.0	0.2	0.0	1	1800	0.0	36.3	1.0	16.0
2020104986	2023-09-02	3	140.0	0.3	1.0	1	1800	2.0	35.7	1.0	16.0
2020104986	2023-11-01	5	7.0	1.3	0.0	0	1400	0.0	40.7	10.0	10.0
2020104986	2023-11-22	9	0.0	3.3	0.0	0	1400	0.0	42.0	10.0	10.0
2020104986	2023-12-14	1	56.0	0.0	0.0	0	1400	2.0	40.6	9.0	12.0
2020104986	2024-01-02	1	70.0	0.0	0.0	0	1400	0.0	39.8	10.0	12.0
2020104986	2024-01-26	5	7.0	1.4	1.0	0	1400	0.0	40.3	10.0	8.0
2020104986	2024-05-16	2	19.6	0.3	1.0	0	1400	2.0	41.0	9.0	12.0
2020104986	2024-06-07	1	56.0	0.0	0.0	0	1400	0.0	39.6	9.0	10.0
2020104986	2024-06-28	1	70.0	0.0	1.0	0	1400	3.0	41.2	10.0	9.0
2020104986	2024-07-19	7	0.0	0.7	0.0	0	1400	0.0	40.1	10.0	8.0
2020104986	2024-08-08	8	0.0	3.0	0.0	0	1400	2.0	42.7	10.0	10.0
2020104986	2025-03-22	16	0.0	3.7	0.0	0	1800	2.0	41.6	2.0	16.0
2020104986	2025-04-06	7	0.0	0.9	2.0	1	1800	0.0	34.8	2.0	13.0
2020104986	2025-04-19	13	0.0	1.4	0.0	1	2000	0.0	34.8	2.0	15.0
2020104986	2025-05-18	4	120.0	0.2	1.0	1	1800	0.0	34.9	2.0	13.0
2020104986	2025-11-01	13	0.0	2.4	0.0	1	1800	0.0	35.9	2.0	15.0
2020104986	2025-11-24	11	0.0	0.9	1.0	1	2000	0.0	34.8	2.0	16.0
2020105089	2023-01-15	6	0.0	1.4	0.0	1	2000	1.0	36.5	0.0	12.0
2020105089	2023-03-12	10	0.0	2.7	0.0	0	2000	0.0	41.6	1.0	14.0
2020105089	2023-03-25	7	0.0	3.6	1.0	0	1800	1.0	42.2	1.0	11.0
2020105089	2023-06-18	1	550.0	0.0	1.0	1	1400	0.0	34.3	1.0	18.0
2020105089	2023-07-09	12	0.0	1.9	1.0	1	1400	2.0	36.5	2.0	18.0
2020105089	2023-11-05	6	0.0	0.4	0.0	1	1400	0.0	33.5	2.0	17.0
2020105089	2023-12-23	5	80.0	0.5	0.0	1	1600	0.0	33.4	2.0	14.0
2020105089	2024-01-13	5	80.0	0.5	0.0	1	1600	0.0	34.9	2.0	18.0
2020105089	2024-03-30	1	800.0	0.0	0.0	1	1800	0.0	34.6	2.0	10.0
2020105089	2024-04-13	4	230.0	0.1	0.0	1	1800	0.0	33.4	5.0	11.0
2020105089	2024-06-30	1	1573.1	0.0	1.0	1	1800	2.0	36.7	5.0	10.0
2020105089	2024-07-20	10	0.0	1.7	0.0	1	2000	2.0	37.3	4.0	12.0
2020105089	2024-10-20	10	0.0	0.6	0.0	1	1600	0.0	34.4	4.0	17.0
2020105089	2024-11-17	11	0.0	1.4	0.0	1	1600	0.0	34.2	4.0	13.0
2020105089	2025-04-06	9	0.0	0.7	0.0	1	1600	0.0	33.3	4.0	14.0
2020105089	2025-04-20	3	463.6	0.1	1.0	1	1400	0.0	34.1	4.0	11.0
2020105089	2025-05-18	3	464.2	0.6	1.0	1	1600	2.0	33.7	4.0	12.0
2020105089	2025-06-15	9	0.0	0.9	0.0	1	1600	2.0	34.9	4.0	18.0
2020105089	2025-11-29	4	280.0	0.2	0.0	1	1400	0.0	33.3	4.0	12.0
2020105089	2025-12-21	13	0.0	0.9	2.0	1	1400	1.0	34.5	4.0	14.0
2020105354	2023-02-11	14	0.0	3.3	0.0	0	1200	0.0	37.6	0.0	16.0
2020105354	2023-02-19	7	0.0	2.2	2.0	0	1400	2.0	39.0	1.0	16.0
2020105354	2023-04-01	6	0.0	0.6	0.0	1	1800	0.0	35.8	1.0	18.0
2020105354	2023-07-22	1	550.0	0.0	0.0	1	1500	0.0	34.3	1.0	13.0
2020105354	2023-12-23	3	200.0	0.3	0.0	1	1600	0.0	33.2	2.0	14.0
2020105354	2024-01-13	3	200.0	0.4	0.0	1	1600	0.0	35.0	2.0	18.0
2020105354	2024-01-27	5	80.0	0.1	1.0	1	1400	0.0	34.9	2.0	18.0
2020105354	2024-05-05	2	320.0	0.0	0.0	1	1600	0.0	34.5	2.0	9.0
2020105354	2024-05-19	1	800.0	0.0	2.0	1	1600	0.0	34.7	2.0	17.0
2020105354	2024-08-10	1	1582.2	0.0	0.0	1	1400	0.0	33.9	5.0	14.0
2020105354	2024-09-15	2	750.2	0.2	1.0	1	1600	2.0	34.4	4.0	16.0
2020105354	2024-10-06	3	464.9	0.1	0.0	1	1400	0.0	34.1	4.0	16.0
2020105354	2024-10-20	3	465.1	0.2	0.0	1	1600	0.0	34.2	4.0	17.0
2020105354	2024-11-24	5	184.0	0.5	1.0	1	1600	0.0	33.8	4.0	13.0
2020105354	2025-03-22	7	0.0	0.7	0.0	1	1400	0.0	34.6	4.0	18.0
2020105354	2025-04-06	12	0.0	1.0	0.0	1	1600	0.0	34.4	4.0	14.0
2020105354	2025-04-20	4	280.0	0.1	1.0	1	1400	0.0	34.5	4.0	11.0
2020105354	2025-06-01	2	748.6	0.2	0.0	1	1400	0.0	33.4	4.0	14.0
2020105354	2025-06-22	10	0.0	0.8	0.0	1	1400	0.0	34.6	4.0	16.0
2020105354	2025-09-14	8	0.0	0.7	1.0	1	1600	0.0	34.1	4.0	11.0
2020105354	2025-10-25	7	0.0	0.3	1.0	1	1400	0.0	34.2	4.0	13.0
2020105746	2022-08-06	3	180.0	1.0	0.0	1	1800	0.0	35.4	0.0	11.0
2020105746	2022-09-04	6	0.0	0.7	0.0	1	2000	0.0	36.1	1.0	13.0
2020105746	2022-10-01	3	130.0	0.5	0.0	1	2000	0.0	36.9	1.0	17.0
2020105746	2022-10-16	2	210.0	0.8	0.0	1	2000	0.0	35.8	1.0	9.0
2020105746	2022-11-06	1	520.0	0.0	0.0	0	1700	0.0	41.4	1.0	11.0
2020105746	2022-12-11	5	75.0	1.2	1.0	0	1800	0.0	39.5	2.0	14.0
2020105746	2023-04-09	9	0.0	4.9	0.0	0	1800	2.0	42.9	2.0	9.0
2020105746	2023-05-06	14	0.0	2.8	1.0	0	1800	2.0	40.8	2.0	15.0
2020105746	2023-07-08	9	0.0	1.5	1.0	0	1700	0.0	38.7	2.0	15.0
2020105746	2023-10-22	4	120.0	0.4	0.0	1	1800	2.0	35.3	2.0	16.0
2020105746	2023-11-05	3	285.9	0.9	1.0	1	2000	0.0	36.8	5.0	14.0
2020105746	2023-11-18	2	320.0	0.2	0.0	1	2000	2.0	37.2	2.0	16.0
2020105746	2023-12-16	11	0.0	0.9	1.0	1	2200	2.0	35.5	5.0	18.0
2020105746	2024-02-10	8	0.0	0.7	0.0	1	2000	0.0	35.9	2.0	11.0
2020105746	2024-02-25	6	0.0	0.5	0.0	1	2000	2.0	36.3	5.0	9.0
2020105746	2024-03-02	2	449.2	0.2	0.0	1	1800	2.0	35.8	5.0	13.0
2020105746	2024-03-17	9	0.0	0.6	0.0	1	2000	0.0	36.3	2.0	13.0
2020105746	2025-04-06	5	80.0	0.7	2.0	1	1800	0.0	34.8	2.0	13.0
2020105746	2025-04-26	12	0.0	2.3	0.0	1	2000	0.0	37.1	5.0	13.0
2020105746	2025-05-18	11	0.0	1.9	1.0	1	1800	0.0	36.9	2.0	13.0
2020105746	2025-05-25	7	0.0	0.6	1.0	1	1800	2.0	35.7	5.0	15.0
2020105746	2025-08-23	10	0.0	2.9	0.0	1	1800	0.0	35.3	2.0	11.0
2020105746	2025-11-22	16	0.0	1.6	0.0	1	1800	0.0	35.3	5.0	16.0
2020105746	2025-12-06	18	0.0	3.4	0.0	1	2000	0.0	36.1	2.0	18.0
2020105950	2022-12-10	2	280.0	0.3	0.0	0	1400	0.0	37.9	0.0	14.0
2020105950	2023-02-19	1	550.0	0.0	2.0	0	1400	2.0	38.2	1.0	16.0
2020105950	2023-05-13	8	0.0	1.0	2.0	0	1400	2.0	36.6	2.0	16.0
2020105950	2023-07-16	5	80.0	0.7	0.0	0	1400	0.0	38.3	2.0	16.0
2020105950	2023-10-29	1	800.0	0.0	0.0	0	1400	0.0	37.9	2.0	16.0
2020105950	2023-11-26	3	290.0	0.1	0.0	0	1400	0.0	36.6	3.0	16.0
2020105950	2024-01-20	8	0.0	1.0	1.0	0	1400	2.0	37.5	3.0	13.0
2020105950	2024-03-31	3	290.0	0.5	1.0	0	1400	0.0	37.3	3.0	16.0
2020105950	2024-04-14	7	0.0	1.1	0.0	0	1400	0.0	37.0	3.0	15.0
2020105950	2024-07-14	2	629.4	0.3	3.0	0	1700	3.0	36.8	3.0	15.0
2020105950	2024-10-06	3	290.0	0.7	0.0	0	1400	0.0	36.2	3.0	11.0
2020105950	2024-11-03	5	114.0	1.5	0.0	0	1400	1.0	38.7	3.0	9.0
2020105950	2025-02-01	1	1585.7	0.0	3.0	0	1700	2.0	38.7	5.0	16.0
2020105950	2025-04-06	11	0.0	1.8	0.0	0	1800	2.0	39.4	4.0	16.0
2020105950	2025-06-28	4	280.0	0.9	0.0	0	1700	0.0	38.0	4.0	16.0
2020105950	2025-08-23	6	0.0	0.6	0.0	0	1400	0.0	37.8	4.0	16.0
2020105950	2025-11-13	4	91.0	1.3	1.0	0	1600	2.0	39.3	5.0	9.0
2020105950	2025-12-30	14	0.0	2.2	0.0	0	1600	2.0	41.9	18.0	16.0
2020105976	2023-05-07	6	0.0	1.8	3.0	0	1900	3.0	39.3	1.0	11.0
2020105976	2023-05-20	13	0.0	3.1	0.0	0	1900	1.0	41.4	1.0	16.0
2020105976	2023-08-19	7	0.0	1.1	0.0	0	1700	0.0	39.0	1.0	16.0
2020105976	2023-10-31	1	45.0	0.0	0.0	0	1500	0.0	39.9		12.0
2020105976	2023-11-15	2	20.3	0.4	0.0	0	1700	2.0	39.2	5.0	12.0
2020105976	2023-11-29	4	6.8	0.4	0.0	0	1500	0.0	40.0	11.0	12.0
2020105976	2023-12-21	3	9.0	0.2	0.0	0	1500	0.0	39.7	11.0	11.0
2020105976	2024-03-13	3	9.0	0.5	0.0	0	1500	1.0	39.5		12.0
2020105976	2024-03-27	1	45.0	0.0	0.0	0	1500	1.0	39.6	11.0	12.0
2020105976	2024-04-24	1	50.0	0.0	3.0	0	1500	3.0	39.9		12.0
2020105976	2024-12-23	6	0.0	0.8	0.0	0	1500	0.0	39.5	11.0	11.0
2020105976	2025-03-01	16	0.0	5.8	0.0	0	1800	0.0	43.3	2.0	16.0
2020105976	2025-04-06	9	0.0	1.7	0.0	1	2000	0.0	36.3	2.0	11.0
2020105976	2025-04-19	10	0.0	2.6	0.0	1	2400	0.0	35.9	2.0	10.0
2020106677	2022-09-24	6	0.0	0.1	1.0	1	1600	3.0	34.1	0.0	16.0
2020106677	2022-11-13	3	130.0	0.2	0.0	1	1800	0.0	33.8	1.0	12.0
2020106677	2022-12-28	4	78.0	0.7	0.0	1	1600	0.0	35.2	1.0	16.0
2020106677	2023-02-12	2	220.0	0.3	0.0	1	2000	2.0	35.4	1.0	13.0
2020106677	2023-02-25	4	83.0	0.6	1.0	1	2000	2.0	36.7	1.0	13.0
2020106677	2023-04-08	3	140.0	0.2	1.0	1	2000	2.0	36.4	1.0	18.0
2020106677	2023-05-14	2	220.0	0.0	2.0	1	2000	0.0	32.9	1.0	10.0
2020106677	2023-06-03	1	550.0	0.0	1.0	1	2000	3.0	34.5	1.0	16.0
2020106677	2023-11-05	12	0.0	1.7	1.0	1	2000	0.0	37.7	5.0	14.0
2020106677	2023-11-25	14	0.0	1.1	1.0	1	2400	0.0	34.2	2.0	16.0
2020106677	2023-12-16	4	170.0	0.2	1.0	1	2200	2.0	34.0	5.0	18.0
2020106677	2024-02-03	3	200.0	0.5	2.0	1	2600	0.0	37.1	2.0	15.0
2020106677	2024-02-25	2	448.0	0.1	0.0	1	2000	2.0	35.2	5.0	9.0
2020106677	2024-03-23	2	445.8	0.1	2.0	1	2000	1.0	35.4	5.0	8.0
2020106677	2024-04-21	3	284.7	0.2	0.0	1	2000	0.0	34.8	5.0	10.0
2020106677	2024-10-27	3	286.8	0.4	0.0	1	2000	0.0	34.1	5.0	16.0
2020106677	2024-11-17	1	1147.8	0.0	0.0	1	2600	0.0	36.1	5.0	15.0
2020106677	2024-12-22	5	155.0	1.4	0.0	1	2500	0.0	36.2	3.0	16.0
2020106677	2025-01-26	7	0.0	0.5	0.0	1	2600	0.0	35.0	5.0	16.0
2020106677	2025-02-15	5	155.0	0.8	0.0	1	2400	0.0	34.6	5.0	11.0
2020106677	2025-04-06	5	155.0	1.2	2.0	1	2500	0.0	35.6	5.0	12.0
2020106677	2025-04-20	9	0.0	1.5	1.0	0	1800	0.0	38.3	5.0	16.0
2020106677	2025-06-15	2	629.4	0.1	1.0	0	1700	0.0	37.1	5.0	14.0
2020106677	2025-07-05	8	0.0	1.1	0.0	0	1700	1.0	37.0	5.0	14.0
2020106677	2025-08-09	3	393.6	0.5	0.0	1	2000	2.0	34.5	5.0	11.0
2020106680	2022-06-18	6	0.0	1.4	1.0	1	1400	0.0	34.3	0.0	16.0
2020106680	2022-08-06	3	130.0	0.6	0.0	1	2000	0.0	35.0	1.0	9.0
2020106680	2023-01-14	5	55.0	0.5	1.0	1	2000	1.0	36.0	1.0	13.0
2020106680	2023-02-04	1	550.0	0.0	1.0	1	2000	0.0	35.0	1.0	9.0
2020106680	2023-04-08	4	160.0	0.2	1.0	1	2000	0.0	36.5	2.0	10.0
2020106680	2023-05-13	7	0.0	0.8	1.0	1	2000	0.0	34.1	2.0	12.0
2020106680	2023-06-03	4	120.0	0.4	0.0	1	1600	2.0	33.6	2.0	9.0
2020106680	2023-06-25	3	283.4	0.6	1.0	1	1800	0.0	34.6	5.0	10.0
2020106680	2024-01-20	15	0.0	3.0	3.0	1	2000	2.0	38.6	5.0	17.0
2020106680	2024-02-11	5	80.0	0.4	1.0	1	1600	0.0	35.6	2.0	11.0
2020106680	2024-03-10	7	0.0	0.8	0.0	1	1600	0.0	34.0	2.0	10.0
2020106680	2024-03-23	4	170.0	0.6	2.0	1	2000	1.0	35.8	5.0	8.0
2020106680	2024-07-14	2	447.2	0.2	3.0	1	1800	3.0	35.7	5.0	10.0
2020106680	2024-08-17	3	283.3	0.8	0.0	1	2000	0.0	34.6	5.0	9.0
2020106680	2024-08-31	2	447.2	0.3	3.0	1	2000	3.0	36.4	5.0	9.0
2020106680	2025-04-06	3	200.0	0.2	0.0	1	2000	0.0	35.3	2.0	11.0
2020106680	2025-05-10	6	0.0	1.1	1.0	1	2000	2.0	35.3	2.0	11.0
2020106687	2022-08-07	13	0.0	4.9	0.0	0	1800	0.0	43.3	0.0	15.0
2020106687	2023-04-23	13	0.0	2.1	1.0	0	1600	0.0	38.0	1.0	16.0
2020106687	2023-05-13	1	550.0	0.0	3.0	0	1300	2.0	35.9	1.0	16.0
2020106687	2023-06-10	6	0.0	0.8	1.0	0	1400	2.0	35.9	2.0	16.0
2020106687	2023-09-30	13	0.0	2.4	0.0	0	1200	0.0	36.8	2.0	16.0
2020106687	2023-10-15	1	800.0	0.0	2.0	0	1300	3.0	35.5	2.0	16.0
2020106687	2023-11-12	9	0.0	1.9	1.0	0	1300	0.0	36.3	3.0	16.0
2020106687	2024-11-16	4	170.0	0.8	1.0	0	1400	0.0	36.8	3.0	16.0
2020106687	2024-12-01	13	0.0	1.5	0.0	0	1200	0.0	37.1	3.0	16.0
2020106687	2025-02-02	16	0.0	3.0	2.0	0	1400	2.0	38.6	3.0	16.0
2020106687	2025-02-16	4	170.0	0.9	1.0	0	1400	0.0	36.0	3.0	15.0
2020106687	2025-03-16	4	170.0	0.2	2.0	0	1200	3.0	37.0	3.0	16.0
2020106687	2025-04-06	9	0.0	1.4	0.0	0	1200	2.0	36.7	3.0	15.0
2020106687	2025-05-17	10	0.0	2.1	1.0	0	1400	3.0	37.6	5.0	12.0
2020106687	2025-08-09	15	0.0	3.5	0.0	0	1200	0.0	37.0	3.0	15.0
2020106687	2025-11-01	10	0.0	1.1	1.0	0	1400	1.0	35.8	3.0	14.0
2020106687	2025-12-07	9	0.0	0.7	0.0	0	1200	0.0	36.6	3.0	16.0
2020106687	2025-12-20	15	0.0	1.9	1.0	0	1200	0.0	36.6	3.0	16.0
2020106737	2022-08-13	1	700.0	0.0	0.0	1	1200	0.0	34.3	0.0	14.0
2020106737	2022-09-04	8	0.0	0.8	0.0	1	1200	0.0	35.5		13.0
2020106737	2022-10-10	2	413.8	0.5	1.0	1	1400	2.0	34.7	2.0	6.0
2020106737	2022-11-20	3	262.0	0.3	1.0	1	1400	0.0	35.1	2.0	5.0
2020106737	2022-12-10	8	0.0	0.6	0.0	1	1400	0.0	34.9	2.0	13.0
2020106737	2023-02-04	6	0.0	0.9	0.0	1	1200	0.0	34.7	2.0	13.0
2020106737	2023-02-25	11	0.0	1.0	1.0	1	1200	2.0	36.2	2.0	15.0
2020106737	2023-07-02	6	0.0	0.6	0.0	1	1200	0.0	34.6	2.0	18.0
2020106737	2023-07-23	5	80.0	0.5	0.0	1	1400	0.0	35.5	2.0	18.0
2020106737	2023-08-20	14	0.0	1.6	0.0	1	1200	0.0	36.1	2.0	16.0
2020106737	2023-09-24	2	320.0	0.1	0.0	1	1400	0.0	34.8	2.0	18.0
2020106737	2023-10-22	10	0.0	0.8	0.0	1	1600	0.0	35.8	2.0	16.0
2020106737	2024-01-13	16	0.0	1.7	0.0	1	1600	0.0	36.3	2.0	18.0
2020106737	2024-02-04	3	200.0	0.4	0.0	1	1200	1.0	35.1	2.0	14.0
2020106737	2024-02-24	11	0.0	1.1	0.0	1	1200	2.0	35.4	5.0	14.0
2020106737	2024-05-12	10	0.0	1.0	1.0	1	1200	0.0	33.0	2.0	14.0
2020106737	2024-06-02	1	800.0	0.0	3.0	1	1400	2.0	34.4	2.0	16.0
2020106737	2024-07-21	12	0.0	1.1	1.0	1	1200	0.0	35.0	3.0	18.0
2020106737	2024-08-18	14	0.0	1.1	0.0	1	1400	0.0	34.1	3.0	16.0
2020106737	2024-11-10	9	0.0	0.6	1.0	1	1400	0.0	34.3	3.0	14.0
2020106737	2024-11-23	14	0.0	1.3	1.0	1	1200	0.0	33.4	3.0	15.0
2020106737	2025-03-01	8	0.0	0.7	1.0	1	1200	0.0	34.5	3.0	18.0
2020106737	2025-03-22	6	0.0	0.4	0.0	1	1400	0.0	35.0	5.0	17.0
2020106737	2025-04-06	5	114.0	0.4	0.0	1	1200	0.0	33.9	3.0	10.0
2020106737	2025-07-20	7	0.0	1.0	0.0	1	1200	0.0	34.6	5.0	18.0
2020106737	2025-08-09	11	0.0	0.5	0.0	1	1400	0.0	33.6	3.0	11.0
2020106737	2025-09-21	9	0.0	1.5	1.0	0	1400	0.0	36.2	3.0	15.0
2020106896	2022-09-04	3	180.0	0.1	0.0	1	1800	0.0	35.2	0.0	11.0
2020106896	2022-09-24	6	0.0	0.9	0.0	1	2000	2.0	35.4	1.0	11.0
2020106896	2022-12-17	1	520.0	0.0	1.0	0	1800	0.0	39.4	1.0	16.0
2020106896	2023-01-29	3	274.3	0.6	1.0	0	1700	1.0	38.4	2.0	14.0
2020106896	2023-02-18	4	120.0	0.5	1.0	0	1800	0.0	38.8	2.0	16.0
2020106896	2023-03-11	2	310.0	0.0	0.0	0	1800	0.0	37.2	2.0	13.0
2020106896	2023-04-16	10	0.0	1.4	0.0	0	1800	3.0	39.0	2.0	15.0
2020106896	2023-04-29	7	0.0	1.9	1.0	1	2200	0.0	36.3	2.0	8.0
2020106896	2023-06-11	1	800.0	0.0	1.0	0	1700	2.0	37.8	2.0	12.0
2020106896	2023-06-24	4	230.0	0.5	1.0	0	1700	1.0	36.4	5.0	13.0
2020106896	2023-07-15	2	630.0	0.4	0.0	0	1800	0.0	37.5	5.0	16.0
2020106896	2023-11-19	5	114.0	0.6	0.0	0	1800	2.0	37.2	3.0	16.0
2020106896	2023-12-10	5	155.0	0.5	0.0	0	1800	0.0	37.4	5.0	16.0
2020106896	2024-01-13	11	0.0	1.5	0.0	0	1700	0.0	39.4	5.0	16.0
2020106896	2024-07-14	12	0.0	1.8	3.0	0	1700	3.0	38.0	3.0	15.0
2020106896	2024-09-21	7	0.0	1.7	1.0	0	1800	0.0	38.7	3.0	14.0
2020106896	2024-11-16	2	460.0	0.2	2.0	0	1800	0.0	37.7	3.0	16.0
2020106896	2024-11-30	1	1585.0	0.0	0.0	0	1800	0.0	37.6	5.0	16.0
2020106896	2025-02-01	11	0.0	2.1	1.0	0	1800	0.0	38.8	4.0	12.0
2020106896	2025-02-16	11	0.0	1.5	1.0	0	1800	2.0	37.4	4.0	13.0
2020106896	2025-04-06	3	464.9	0.8	0.0	0	1800	2.0	37.8	4.0	16.0
2020106896	2025-05-03	9	0.0	0.9	0.0	0	1800	2.0	36.8	4.0	15.0
2020106896	2025-08-31	11	0.0	2.1	0.0	0	1900	0.0	38.8	4.0	16.0
2020106896	2025-09-15	7	0.0	1.9	0.0	0	1800	0.0	38.1	4.0	14.0
2020106896	2025-10-18	8	0.0	0.9	1.0	0	1800	2.0	36.8	4.0	16.0
2020106896	2025-12-27	12	0.0	1.8	0.0	0	1800	2.0	39.2	4.0	16.0
2020106908	2022-10-29	3	180.0	0.6	0.0	1	1600	0.0	33.6	0.0	15.0
2020106908	2022-11-26	4	78.0	0.5	1.0	1	1800	0.0	35.2	1.0	16.0
2020106908	2023-02-12	1	550.0	0.0	0.0	0	1600	1.0	36.1	1.0	16.0
2020106908	2023-05-13	7	0.0	1.0	2.0	0	1400	2.0	36.0	2.0	16.0
2020106908	2023-06-11	3	200.0	0.1	2.0	0	1600	1.0	34.8	2.0	16.0
2020106908	2023-07-02	1	800.0	0.0	0.0	0	1700	2.0	37.4	2.0	10.0
2020106908	2023-09-23	3	290.0	0.9	1.0	0	1800	1.0	38.2	3.0	16.0
2020106908	2023-10-15	3	290.0	0.8	1.0	0	1600	3.0	36.2	3.0	12.0
2020106908	2023-11-12	2	632.6	0.0	1.0	0	1700	0.0	37.6	3.0	15.0
2020106908	2024-01-20	1	1584.3	0.0	2.0	0	1800	0.0	38.9	3.0	16.0
2020106908	2024-12-15	16	0.0	2.7	0.0	0	1800	0.0	41.2	4.0	16.0
2020106908	2025-01-25	14	0.0	3.9	0.0	0	1900	0.0	40.3	4.0	14.0
2020106908	2025-04-06	8	0.0	1.4	0.0	0	1800	2.0	38.5	4.0	16.0
2020106908	2025-05-25	13	0.0	1.3	1.0	0	1400	1.0	36.5	4.0	16.0
2020106908	2025-09-13	6	0.0	1.2	1.0	0	1200	1.0	36.5	4.0	10.0
2020106908	2025-11-16	11	0.0	1.4	0.0	0	1400	0.0	36.9	4.0	14.0
2020106908	2025-12-28	8	0.0	0.8	0.0	0	1200	0.0	36.9	4.0	16.0
2020107095	2022-09-04	13	0.0	1.7	0.0	1	1400	0.0	37.5	0.0	17.0
2020107095	2022-11-20	5	52.0	1.1	1.0	0	1400	0.0	38.2	1.0	16.0
2020107095	2022-12-04	4	78.0	1.4	0.0	0	1200	0.0	39.2	1.0	16.0
2020107095	2022-12-17	10	0.0	2.6	1.0	0	1200	0.0	39.4	1.0	16.0
2020107095	2023-03-12	4	83.0	0.7	0.0	0	1200	0.0	38.0	1.0	16.0
2020107095	2023-04-01	4	83.0	0.8	0.0	0	1200	0.0	37.9	1.0	16.0
2020107095	2023-04-15	2	220.0	0.8	2.0	0	1150	0.0	37.6	1.0	16.0
2020107095	2023-04-29	2	220.0	0.1	0.0	0	1200	0.0	37.7	1.0	15.0
2020107095	2023-05-14	2	220.0	0.0	1.0	0	1200	0.0	37.8	1.0	15.0
2020107095	2023-06-03	2	220.0	0.0	1.0	0	1300	3.0	34.9	1.0	16.0
2020107095	2023-06-17	2	220.0	0.5	0.0	0	1300	0.0	37.2	1.0	16.0
2020107095	2023-06-24	1	550.0	0.0	0.0	0	1300	0.0	36.1	1.0	16.0
2020107095	2023-10-15	8	0.0	0.8	2.0	0	1300	3.0	36.9	2.0	16.0
2020107095	2023-10-28	3	200.0	0.7	3.0	0	1200	2.0	37.0	2.0	11.0
2020107095	2023-11-11	10	0.0	1.9	1.0	0	1300	0.0	38.5	2.0	16.0
2020107095	2024-02-04	8	0.0	0.7	1.0	0	1300	0.0	37.3	2.0	16.0
2020107095	2024-08-18	2	320.0	0.5	0.0	0	1200	0.0	36.7	2.0	15.0
2020107095	2024-08-24	4	120.0	0.8	0.0	0	1200	0.0	37.1	2.0	15.0
2020107095	2024-09-07	1	800.0	0.0	0.0	0	1200	0.0	37.0	2.0	16.0
2020107095	2024-09-22	8	0.0	0.8	1.0	0	1200	0.0	36.9	3.0	15.0
2020107095	2024-11-03	5	114.0	0.4	0.0	0	1300	1.0	35.9	3.0	12.0
2020107095	2024-11-16	5	114.0	0.9	1.0	0	1400	0.0	36.7	3.0	16.0
2020107095	2024-12-14	6	0.0	0.4	0.0	0	1200	0.0	37.5	3.0	16.0
2020107095	2025-02-16	5	114.0	1.0	1.0	0	1400	0.0	36.4	3.0	15.0
2020107095	2025-03-02	3	290.0	0.3	0.0	0	1200	0.0	36.7	3.0	16.0
2020107095	2025-03-16	6	0.0	0.3	2.0	0	1200	3.0	37.1	3.0	16.0
2020107095	2025-04-06	3	290.0	0.8	0.0	0	1200	2.0	36.5	3.0	15.0
2020107095	2025-04-19	6	0.0	0.4	0.0	0	1200	0.0	37.0	5.0	15.0
2020107095	2025-07-27	10	0.0	1.0	0.0	0	1200	0.0	37.8	5.0	15.0
2020107095	2025-09-07	5	155.0	0.7	0.0	0	1200	0.0	37.0	5.0	16.0
2020107095	2025-09-20	5	114.0	1.1	1.0	0	1200	1.0	37.0	3.0	16.0
2020107095	2025-10-12	7	0.0	1.2	1.0	0	1300	0.0	36.7	3.0	16.0
2020107095	2025-10-25	6	0.0	0.7	3.0	0	1400	2.0	35.5	3.0	13.0
2020107095	2025-11-16	13	0.0	1.5	0.0	0	1400	0.0	37.1	3.0	16.0
2020107095	2025-12-06	7	0.0	1.1	0.0	0	1200	0.0	36.1	3.0	13.0
2020107095	2025-12-20	2	631.6	0.0	2.0	0	1400	2.0	37.0	3.0	16.0
2020107095	2026-01-11	8	0.0	1.2	0.0	0	1200	0.0	37.4	3.0	16.0
2020109076	2022-11-19	14	0.0	2.1	0.0	1	1200	0.0	35.7	0.0	14.0
2020109076	2023-03-12	11	0.0	2.1	0.0	0	1200	0.0	38.3	1.0	16.0
2020109076	2023-05-18	3	37.5	2.0	1.0	0	1400	0.0	41.0	5.0	7.0
2020109076	2023-06-03	5	55.0	2.3	0.0	0	1800	1.0	37.9	1.0	16.0
2020109076	2023-06-18	11	0.0	2.1	1.0	0	1800	0.0	40.7	1.0	16.0
2020109076	2023-08-05	9	0.0	3.3	0.0	0	1800	0.0	40.0	1.0	15.0
2020109076	2023-10-31	3	7.0	1.4	0.0	0	1400	0.0	39.9	10.0	8.0
2020109076	2023-11-07	3	7.0	0.5	2.0	0	1400	3.0	37.9	10.0	9.0
2020109076	2023-11-14	5	2.5	1.1	1.0	0	1400	1.0	38.3	10.0	8.0
2020109076	2024-03-18	2	14.0	0.2	0.0	0	1400	0.0	39.3	11.0	7.0
2020109076	2024-04-01	1	40.0	0.0	0.0	0	1400	0.0	40.4		8.0
2020109076	2024-04-18	1	50.0	0.0	1.0	0	1400	0.0	39.5	5.0	10.0
2020109076	2024-05-10	2	21.0	0.9	0.0	0	1600	0.0	40.0	5.0	9.0
2020109076	2024-06-05	1	45.0	0.0	0.0	0	1400	0.0	37.5		9.0
2020109076	2024-07-02	5	3.0	1.4	3.0	0	1400	1.0	39.5	5.0	9.0
2020109076	2024-07-18	1	45.0	0.0	0.0	0	1600	0.0	38.4		10.0
2020109076	2024-08-12	5	3.5	1.9	0.0	0	1400	0.0	39.7	5.0	8.0
2020109076	2024-08-28	2	15.8	0.3	1.0	0	1400	0.0	39.9		8.0
2020109076	2024-09-11	2	15.8	1.0	0.0	0	1600	0.0	39.4		7.0
2020109076	2024-12-07	11	0.0	3.7	1.0	0	1400	0.0	39.4	2.0	13.0
2020109076	2025-04-06	10	0.0	3.0	1.0	2	2880	0.0	14.0	1.0	12.0
2020109076	2025-05-18	3	210.0	1.0	1.0	2	2890	2.0	13.4	1.0	13.0
2020109076	2025-07-27	8	0.0	1.5	0.0	2	3000	0.0	13.4	1.0	14.0
2020109076	2025-12-27	14	0.0	5.4	1.0	0	1800	2.0	42.5	2.0	16.0
2020110039	2022-06-18	6	0.0	0.9	1.0	1	1600	0.0	34.6	0.0	12.0
2020110039	2023-03-04	6	0.0	0.2	0.0	1	1600	0.0	34.4	1.0	18.0
2020110039	2023-05-27	10	0.0	0.7	0.0	1	1400	0.0	35.1	1.0	18.0
2020110039	2023-07-16	2	220.0	0.1	0.0	1	1400	0.0	35.6	1.0	18.0
2020110039	2023-08-13	1	550.0	0.0	0.0	1	1200	0.0	35.4	1.0	18.0
2020110039	2023-12-17	5	80.0	0.6	0.0	1	1600	0.0	35.0	2.0	16.0
2020110039	2024-01-13	7	0.0	0.5	0.0	1	1600	0.0	34.8	2.0	18.0
2020110039	2024-03-17	1	800.0	0.0	1.0	1	1400	0.0	34.1	2.0	16.0
2020110039	2024-05-04	1	1140.0	0.0	0.0	1	1400	0.0	33.1	3.0	10.0
2020110039	2024-06-15	10	0.0	0.6	1.0	1	1400	0.0	34.1	4.0	14.0
2020110039	2024-08-17	3	464.3	0.1	0.0	1	1400	0.0	33.7	4.0	14.0
2020110039	2024-09-15	3	465.1	0.2	1.0	1	1600	2.0	33.8	4.0	16.0
2020110039	2024-10-06	4	280.0	0.1	0.0	1	1400	0.0	34.4	4.0	16.0
2020110039	2024-11-30	2	748.2	0.0	0.0	1	1400	0.0	33.5	4.0	13.0
2020110039	2025-01-26	3	464.3	0.2	0.0	1	1400	0.0	34.1	4.0	14.0
2020110039	2025-04-06	5	184.0	0.4	0.0	1	1600	0.0	33.2	4.0	14.0
2020110039	2025-04-20	2	747.2	0.1	1.0	1	1400	0.0	34.3	4.0	11.0
2020110039	2025-06-01	13	0.0	0.9	0.0	1	1400	0.0	34.2	4.0	14.0
2020110039	2025-08-24	8	0.0	1.2	0.0	1	1200	0.0	34.1	4.0	9.0
2020110039	2025-09-07	7	0.0	0.5	0.0	1	1200	0.0	33.2	4.0	12.0
2020110039	2025-10-04	2	749.4	0.0	2.0	1	1400	0.0	33.2	4.0	15.0
2020110039	2025-11-15	3	465.7	0.3	0.0	1	1400	0.0	32.8	4.0	18.0
2020110039	2025-12-06	3	464.0	0.1	0.0	1	1400	0.0	33.1	4.0	12.0
2021100361	2023-08-05	6	0.0	1.3	0.0	1	1800	0.0	34.3	0.0	13.0
2021100361	2023-09-02	6	0.0	1.6	1.0	0	1800	0.0	39.7	1.0	15.0
2021100361	2023-10-28	5	55.0	1.3	3.0	0	1800	2.0	39.3	1.0	14.0
2021100361	2023-11-12	1	550.0	0.0	1.0	0	1700	0.0	39.4	1.0	15.0
2021100361	2023-12-10	10	0.0	2.6	0.0	0	1800	0.0	38.8	2.0	16.0
2021100361	2024-01-08	11	0.0	2.3	0.0	1	2000	0.0	36.8	2.0	11.0
2021100361	2024-04-07	10	0.0	1.8	0.0	0	1800	1.0	38.9	2.0	16.0
2021100361	2024-05-05	7	0.0	2.4	0.0	0	2100	0.0	38.1	2.0	16.0
2021100361	2024-06-29	7	0.0	1.4	0.0	0	2400	0.0	41.0	2.0	10.0
2021100361	2024-08-18	10	0.0	2.9	0.0	0	2400	0.0	41.7	2.0	12.0
2021100361	2024-09-01	13	0.0	2.6	0.0	0	1700	1.0	39.4	2.0	14.0
2021100361	2024-11-10	6	0.0	1.3	0.0	2	2750	0.0	13.9	1.0	9.0
2021100361	2024-12-01	5	79.0	3.6	0.0	2	2910	0.0	14.0	1.0	13.0
2021100361	2024-12-22	6	0.0	4.5	1.0	2	2910	0.0	14.0	1.0	14.0
2021100361	2025-03-08	3	210.0	0.5	1.0	2	2880	2.0	13.7	1.0	9.0
2021100361	2025-04-06	2	340.0	0.3	1.0	2	2880	0.0	13.8	1.0	12.0
2021100361	2025-08-17	1	840.0	0.0	0.0	2	2850	0.0	13.2	1.0	13.0
2021100361	2025-08-30	4	210.0	1.2	1.0	2	3250	0.0	13.3	5.0	13.0
2021100361	2025-11-15	7	0.0	1.7	0.0	2	3110	0.0	13.4	5.0	12.0
2021100361	2025-12-06	7	0.0	1.7	1.0	2	3570	0.0	13.7	5.0	12.0
2021100361	2025-12-27	8	0.0	3.4	1.0	2	4100	0.0	14.2		10.0
2021100363	2023-07-30	1	720.0	0.0	1.0	1	1800	0.0	34.5	0.0	12.0
2021100363	2023-09-02	2	1210.4	0.7	1.0	1	1800	2.0	36.8		10.0
2021100363	2023-11-25	12	0.0	1.2	0.0	1	2000	0.0	36.5		14.0
2021100363	2024-02-11	3	1005.1	0.4	1.0	1	1800	0.0	33.5		10.0
2021100363	2024-04-27	14	0.0	1.3	1.0	1	2400	0.0	37.5		17.0
2021100363	2024-06-08	15	0.0	2.1	0.0	1	1800	0.0	36.9	5.0	16.0
2021100363	2024-12-14	6	0.0	0.9	1.0	1	1600	0.0	34.7	3.0	14.0
2021100363	2025-01-11	1	1582.9	0.0	0.0	1	2000	0.0	35.2	5.0	13.0
2021100363	2025-02-15	8	0.0	1.9	0.0	1	2000	0.0	36.8	4.0	9.0
2021100363	2025-04-06	11	0.0	1.1	0.0	1	2000	0.0	36.7	4.0	16.0
2021100363	2025-05-10	2	749.2	0.0	1.0	1	1600	2.0	33.8	4.0	15.0
2021100363	2025-06-01	5	184.0	0.4	0.0	1	1800	0.0	36.1	4.0	18.0
2021100363	2025-11-01	4	280.0	0.2	1.0	1	1600	0.0	33.7	4.0	12.0
2021100363	2025-11-23	8	0.0	0.6	0.0	1	1600	0.0	34.7	4.0	17.0
2021100441	2024-01-21	15	0.0	2.9	2.0	1	2000	3.0	39.0	0.0	17.0
2021100441	2024-02-04	5	55.0	1.2	1.0	1	1600	0.0	34.0	1.0	15.0
2021100441	2024-02-25	5	55.0	1.6	2.0	1	2200	2.0	37.0	1.0	16.0
2021100441	2024-03-16	6	0.0	1.0	0.0	1	2200	0.0	35.4	1.0	17.0
2021100441	2024-04-14	6	0.0	0.7	0.0	1	2200	0.0	35.6	1.0	17.0
2021100441	2024-05-05	3	140.0	0.5	0.0	1	2300	0.0	33.8	1.0	14.0
2021100441	2024-05-25	2	220.0	0.6	1.0	1	2400	0.0	33.5	1.0	9.0
2021100441	2024-06-09	4	83.0	0.4	1.0	1	2400	0.0	34.1	1.0	15.0
2021100441	2025-02-02	4	170.0	0.4	1.0	1	2000	0.0	35.2	3.0	10.0
2021100441	2025-02-16	10	0.0	0.7	0.0	1	2400	0.0	33.8	2.0	16.0
2021100441	2025-03-23	9	0.0	1.2	0.0	1	2500	0.0	36.0	2.0	16.0
2021100441	2025-04-06	3	393.9	0.9	2.0	1	2500	0.0	36.0	5.0	12.0
2021100441	2025-05-10	6	0.0	0.2	1.0	1	2200	2.0	36.3	5.0	15.0
2021100441	2025-06-01	12	0.0	1.2	0.0	1	2400	2.0	35.3	3.0	16.0
2021100446	2023-07-01	4	110.0	1.9	0.0	0	1000	1.0	35.8	0.0	6.0
2021100446	2023-07-16	7	0.0	0.9	1.0	1	1200	2.0	36.9	1.0	16.0
2021100446	2023-09-02	3	140.0	1.8	0.0	1	1200	2.0	36.4	1.0	8.0
2021100446	2023-09-23	3	140.0	1.4	2.0	0	1200	3.0	37.4	1.0	14.0
2021100446	2023-12-09	1	550.0	0.0	0.0	0	1200	0.0	37.4	1.0	16.0
2021100446	2024-01-07	14	0.0	1.9	1.0	1	1600	0.0	36.3		14.0
2021100446	2024-04-21	7	0.0	1.4	0.0	0	1400	0.0	38.3	2.0	16.0
2021100446	2024-06-08	2	320.0	0.2	0.0	0	1700	0.0	37.8	2.0	14.0
2021100446	2024-06-30	2	320.0	0.2	1.0	0	1700	0.0	36.5	2.0	8.0
2021100446	2024-07-14	3	200.0	0.4	0.0	0	1700	0.0	37.7	2.0	14.0
2021100446	2024-09-01	1	800.0	0.0	0.0	0	1700	1.0	37.0	2.0	14.0
2021100446	2024-09-21	2	460.0	0.5	1.0	0	1800	0.0	37.6	3.0	14.0
2021100446	2024-11-30	14	0.0	2.1	0.0	0	1800	2.0	39.6	5.0	15.0
2021100446	2025-02-01	11	0.0	1.7	3.0	0	1700	2.0	40.0	5.0	16.0
2021100446	2025-03-29	12	0.0	3.1	1.0	0	1800	2.0	41.3	3.0	13.0
2021100446	2025-04-06	2	460.0	0.4	0.0	0	1200	2.0	36.0	3.0	15.0
2021100446	2025-05-10	7	0.0	1.1	0.0	0	1400	1.0	36.6	3.0	16.0
2021100446	2025-05-25	9	0.0	0.6	1.0	0	1600	3.0	36.4	5.0	16.0
2021100446	2025-09-07	12	0.0	2.3	0.0	0	1700	2.0	39.6	5.0	14.0
2021100446	2025-11-24	14	0.0	3.2	0.0	0	1400	0.0	39.1	3.0	15.0
2021100446	2026-01-04	10	0.0	1.8	0.0	0	1500	2.0	40.9	5.0	14.0
2021100446	2026-01-15	8	0.0	3.7	0.0	0	1650	0.0	43.7	14.0	8.0
2021100476	2023-10-22	5	72.0	0.5	0.0	1	1800	0.0	34.8	0.0	16.0
2021100476	2023-11-12	3	140.0	0.5	1.0	1	1400	0.0	36.3	1.0	17.0
2021100476	2024-03-02	2	220.0	0.1	0.0	1	1200	2.0	35.7	1.0	18.0
2021100476	2024-03-30	5	55.0	0.7	0.0	1	1400	0.0	35.9	1.0	18.0
2021100476	2024-04-21	2	220.0	0.0	0.0	1	1200	0.0	35.1	1.0	15.0
2021100476	2024-07-07	3	140.0	0.2	2.0	1	1200	2.0	36.5	1.0	16.0
2021100476	2024-07-21	1	550.0	0.0	0.0	1	1200	0.0	34.7	1.0	16.0
2021100476	2024-11-16	1	800.0	0.0	0.0	1	1200	0.0	35.0	2.0	15.0
2021100476	2024-12-15	16	0.0	1.4	0.0	1	1200	0.0	36.1	5.0	18.0
2021100476	2025-03-08	2	460.0	0.1	1.0	1	1200	0.0	34.6	3.0	11.0
2021100476	2025-04-06	3	290.0	0.3	0.0	1	1200	0.0	34.3	3.0	10.0
2021100476	2025-06-21	10	0.0	0.5	1.0	1	1200	0.0	35.2	3.0	15.0
2021100476	2025-07-12	9	0.0	1.7	0.0	1	1200	0.0	36.0	3.0	11.0
2021100476	2025-10-05	15	0.0	3.5	1.0	1	1200	2.0	38.0	3.0	16.0
2021100476	2025-12-20	14	0.0	1.4	1.0	1	1200	0.0	36.2	3.0	16.0
2021100574	2023-08-20	4	110.0	0.8	0.0	1	1800	0.0	35.1	0.0	16.0
2021100574	2023-09-18	9	0.0	1.6	0.0	1	1600	0.0	36.9	1.0	16.0
2021100574	2024-05-19	4	83.0	0.3	0.0	1	1200	0.0	35.3	1.0	16.0
2021100574	2024-06-02	2	180.0	0.1	1.0	1	1400	2.0	34.7	1.0	18.0
2021100574	2024-06-16	3	140.0	0.1	1.0	1	1600	0.0	34.2	1.0	16.0
2021100574	2024-07-07	5	55.0	0.2	0.0	1	1800	0.0	36.8	1.0	16.0
2021100574	2024-07-20	3	140.0	0.1	1.0	1	2000	0.0	35.5	1.0	16.0
2021100574	2024-08-18	2	220.0	0.2	0.0	1	2000	0.0	35.3	1.0	18.0
2021100574	2024-08-31	6	0.0	1.1	2.0	1	1800	0.0	36.2	1.0	18.0
2021100574	2024-10-05	3	285.4	0.4	0.0	1	2000	0.0	33.9	5.0	14.0
2021100574	2025-04-06	9	0.0	1.0	2.0	1	1800	0.0	35.4	2.0	13.0
2021100574	2025-04-19	12	0.0	1.2	0.0	1	2000	0.0	35.0	2.0	15.0
2021100574	2025-05-29	1	70.0	0.0	1.0	0	1400	0.0	39.8	10.0	12.0
2021100574	2025-06-20	8	0.0	2.8	0.0	0	1870	0.0	42.3	11.0	9.0
2021100574	2025-07-10	5	11.0	0.9	0.0	0	1400	0.0	39.4	11.0	9.0
2021100574	2025-07-30	4	15.0	1.0	0.0	0	1400	0.0	38.9	11.0	8.0
2021100574	2025-08-14	7	0.0	1.2	0.0	0	1230	0.0	39.9	11.0	10.0
2021100574	2025-09-04	6	0.0	0.6	1.0	0	1400	0.0	39.7	11.0	12.0
2021100574	2025-12-16	6	0.0	1.5	0.0	0	1400	0.0	41.2	10.0	10.0
2021100574	2026-01-02	4	10.5	0.8	0.0	0	1400	0.0	41.2	10.0	12.0
2021100677	2023-11-12	3	180.0	1.3	1.0	0	1400	2.0	40.4	0.0	16.0
2021100677	2023-12-10	2	220.0	0.2	0.0	0	1400	0.0	38.4	1.0	15.0
2021100677	2023-12-23	3	140.0	0.1	0.0	0	1400	0.0	37.1	1.0	16.0
2021100677	2024-01-21	1	550.0	0.0	1.0	0	1400	3.0	35.8	1.0	12.0
2021100677	2024-05-12	14	0.0	2.2	1.0	0	1400	0.0	38.2	2.0	16.0
2021100677	2024-05-26	5	78.0	0.4	0.0	0	1400	0.0	37.7	2.0	12.0
2021100677	2024-06-08	14	0.0	2.7	0.0	0	1400	0.0	38.0	2.0	15.0
2021100677	2024-12-15	11	0.0	1.1	0.0	0	1400	0.0	38.1	2.0	16.0
2021100677	2025-01-06	2	320.0	0.3	2.0	0	1800	0.0	38.6	2.0	16.0
2021100677	2025-01-19	1	800.0	0.0	0.0	0	1800	0.0	38.7	2.0	10.0
2021100677	2025-02-09	13	0.0	1.9	0.0	0	1700	2.0	38.9	5.0	16.0
2021100677	2025-04-06	6	0.0	1.3	0.0	0	1800	0.0	40.0	3.0	10.0
2021100677	2025-04-26	15	0.0	4.1	2.0	0	1600	2.0	41.2	3.0	16.0
2021100677	2025-05-17	8	0.0	2.2	0.0	0	1800	3.0	38.9	3.0	10.0
2021100677	2025-08-02	7	0.0	1.2	0.0	0	1800	0.0	41.0	5.0	12.0
2021100677	2025-08-24	16	0.0	4.1	0.0	0	1800	0.0	42.7	5.0	16.0
2021100677	2025-10-19	14	0.0	3.4	1.0	0	1800	0.0	40.3	5.0	14.0
2021100677	2025-12-07	8	0.0	0.9	0.0	0	1800	0.0	39.9	5.0	13.0
2021100677	2025-12-21	13	0.0	2.5	3.0	0	1800	1.0	39.9	3.0	15.0
2021101226	2023-08-20	8	0.0	1.2	0.0	1	1800	0.0	35.1	0.0	16.0
2021101226	2023-09-09	7	0.0	1.2	0.0	1	2000	0.0	36.2	1.0	7.0
2021101226	2023-09-30	2	220.0	0.4	0.0	0	1800	0.0	39.1	1.0	13.0
2021101226	2023-10-22	3	140.0	0.3	0.0	0	1800	0.0	37.6	1.0	11.0
2021101226	2023-11-04	2	220.0	0.4	0.0	0	1800	0.0	37.2	1.0	11.0
2021101226	2023-11-18	3	140.0	0.6	1.0	0	1800	1.0	38.5	1.0	16.0
2021101226	2024-02-17	4	83.0	1.8	1.0	0	1800	2.0	39.0	1.0	15.0
2021101226	2024-03-09	1	550.0	0.0	0.0	0	1800	2.0	38.3	1.0	11.0
2021101226	2024-06-08	1	800.0	0.0	0.0	0	1900	0.0	37.7	2.0	16.0
2021101226	2024-06-22	7	0.0	2.5	1.0	0	1900	2.0	38.0	5.0	12.0
2021101226	2024-10-12	5	114.0	1.0	0.0	0	1800	0.0	36.9	3.0	13.0
2021101226	2024-10-26	2	460.0	0.2	1.0	0	1800	0.0	36.2	3.0	15.0
2021101226	2025-02-15	5	114.0	1.5	0.0	0	1900	0.0	39.1	3.0	13.0
2021101226	2025-03-09	10	0.0	1.0	0.0	0	1800	0.0	38.5	3.0	12.0
2021101226	2025-03-22	6	0.0	1.3	0.0	0	1800	0.0	39.0	3.0	16.0
2021101226	2025-04-06	3	290.0	0.5	0.0	0	1800	0.0	38.7	3.0	10.0
2021101226	2025-04-27	3	290.0	0.4	0.0	0	1800	0.0	37.3	3.0	12.0
2021101226	2025-05-10	3	290.0	0.6	1.0	0	1800	1.0	36.1	3.0	10.0
2021101226	2025-05-25	6	0.0	1.2	1.0	0	1900	1.0	37.4	3.0	9.0
2021101226	2025-10-04	4	170.0	0.6	1.0	0	1800	3.0	36.8	3.0	13.0
2021101226	2025-10-19	3	394.6	0.5	1.0	0	1800	0.0	36.9	5.0	14.0
2021101226	2025-11-01	4	170.0	0.8	0.0	0	1800	1.0	36.5	3.0	15.0
2021101226	2025-11-23	4	170.0	0.8	0.0	0	1800	0.0	35.7	3.0	14.0
2021101226	2025-12-13	4	230.0	0.6	0.0	0	2000	0.0	36.8	5.0	14.0
2021101226	2026-01-04	9	0.0	1.6	1.0	0	1800	0.0	37.3	5.0	13.0
2021101228	2023-12-09	5	72.0	0.6	0.0	1	1400	0.0	35.6	0.0	12.0
2021101228	2023-12-24	4	83.0	0.2	0.0	1	1600	0.0	33.5	1.0	16.0
2021101228	2024-01-14	3	140.0	0.5	0.0	1	1800	0.0	35.5	1.0	16.0
2021101228	2024-02-04	2	220.0	0.2	1.0	1	1800	1.0	35.4	1.0	12.0
2021101228	2024-02-24	2	220.0	0.2	0.0	1	2000	1.0	36.3	1.0	18.0
2021101228	2024-03-17	1	550.0	0.0	1.0	1	2000	0.0	35.0	1.0	16.0
2021101228	2024-06-29	6	0.0	0.7	1.0	1	1800	0.0	36.9	2.0	12.0
2021101228	2024-10-14	3	200.0	0.2	0.0	1	2000	0.0	34.9	2.0	12.0
2021101228	2024-10-26	8	0.0	0.7	1.0	1	2000	0.0	35.8	2.0	11.0
2021101228	2024-11-10	5	80.0	0.2	1.0	1	1800	0.0	33.7	2.0	16.0
2021101228	2025-03-09	4	120.0	0.5	0.0	1	2000	0.0	35.8	2.0	9.0
2021101228	2025-03-22	2	452.0	0.0	0.0	1	2000	0.0	35.8	5.0	18.0
2021101228	2025-04-06	1	800.0	0.0	0.0	1	2000	0.0	35.6	2.0	11.0
2021101228	2025-07-20	5	155.0	0.6	0.0	1	1800	0.0	36.5	5.0	8.0
2021101228	2025-08-10	8	0.0	1.1	1.0	1	2000	0.0	35.1	5.0	9.0
2021101228	2025-08-23	11	0.0	0.9	0.0	1	1600	0.0	34.0	5.0	13.0
2021101241	2023-11-12	3	180.0	0.7	1.0	0	1300	0.0	36.5	0.0	16.0
2021101241	2023-11-26	4	83.0	0.1	1.0	0	1400	0.0	37.4	1.0	16.0
2021101241	2024-04-14	4	83.0	0.6	0.0	0	1150	0.0	37.0	1.0	16.0
2021101241	2024-05-04	1	550.0	0.0	0.0	0	1400	2.0	36.8	1.0	16.0
2021101241	2024-06-01	1	800.0	0.0	0.0	0	1400	1.0	34.8	2.0	16.0
2021101241	2024-06-22	10	0.0	1.4	0.0	0	1400	1.0	36.0	5.0	16.0
2021101241	2024-08-25	8	0.0	1.1	1.0	0	1200	0.0	36.5	5.0	15.0
2021101241	2025-04-06	6	0.0	1.0	0.0	0	1200	2.0	35.9	3.0	15.0
2021101241	2025-09-07	7	0.0	1.0	0.0	0	1200	0.0	36.0	5.0	16.0
2021101241	2025-10-05	10	0.0	1.5	1.0	0	1400	1.0	36.6	3.0	16.0
2021101241	2025-11-24	12	0.0	2.0	0.0	0	1400	0.0	36.2	3.0	15.0
2021101383	2024-06-29	1	550.0	0.0	0.0	1	1800	0.0	35.8	1.0	16.0
2021101383	2024-07-28	8	0.0	0.8	1.0	1	1800	0.0	34.7	2.0	16.0
2021101383	2024-08-17	10	0.0	1.7	1.0	1	2000	0.0	36.2	5.0	12.0
2021101383	2025-01-13	6	0.0	0.7	0.0	1	1600	0.0	35.8	2.0	16.0
2021101383	2025-03-08	4	120.0	0.2	2.0	1	1600	0.0	35.7	2.0	16.0
2021101383	2025-04-06	10	0.0	1.1	2.0	1	1800	0.0	35.1	2.0	13.0
2021101383	2025-05-17	9	0.0	0.8	1.0	1	1400	2.0	35.6	2.0	16.0
2021101383	2025-06-14	7	0.0	1.0	0.0	1	1200	0.0	34.0	2.0	14.0
2021101383	2025-06-22	6	0.0	0.7	1.0	1	1200	1.0	34.8	2.0	11.0
2021101383	2025-08-09	4	170.0	0.5	0.0	1	1500	0.0	35.6	5.0	11.0
2021101383	2025-12-07	13	0.0	0.7	0.0	1	1400	0.0	34.4	2.0	18.0
2021101436	2023-07-08	1	720.0	0.0	1.0	1	1800	0.0	35.3	0.0	12.0
2021101436	2023-08-13	1	1618.9	0.0	1.0	1	1800	0.0	35.6	5.0	8.0
2021101436	2023-12-17	2	2834.8	0.1	0.0	1	1600	0.0	34.1		17.0
2021101436	2024-02-11	5	410.0	0.7	1.0	1	1800	0.0	33.1		10.0
2021101436	2024-04-14	7	0.0	0.7	0.0	1	2000	0.0	33.9		17.0
2021101436	2024-05-26	8	0.0	0.9	0.0	1	2400	0.0	34.7		17.0
2021101436	2024-09-16	3	1414.0	0.7	1.0	1	2200	0.0	35.0		14.0
2021101436	2024-10-20	9	0.0	2.2	0.0	1	3000	0.0	37.2		18.0
2021101436	2024-12-15	1	2833.6	0.0	0.0	1	1800	0.0	34.0		16.0
2021101436	2025-03-02	2	2732.4	0.0	0.0	1	1800	0.0	34.2		16.0
2021101436	2025-04-06	4	4500.0	0.3	0.0	1	2000	0.0	33.8		15.0
2021101436	2025-06-08	7	0.0	0.5	1.0	1	1600	0.0	34.2		18.0
2021101436	2025-08-17	4	620.0	0.2	0.0	1	1600	0.0	33.5		12.0
2021101436	2025-11-02	11	0.0	0.6	1.0	1	2000	0.0	33.3		14.0
2021101436	2025-11-22	2	1716.2	0.2	0.0	1	2000	0.0	33.8		16.0
2021102244	2023-11-04	3	180.0	0.8	0.0	0	1600	0.0	38.2	0.0	16.0
2021102244	2023-11-18	2	220.0	0.1	1.0	0	1400	1.0	37.4	1.0	16.0
2021102244	2024-01-21	3	140.0	0.0	1.0	0	1400	3.0	35.7	1.0	12.0
2021102244	2024-01-28	2	220.0	0.5	0.0	0	1200	0.0	38.3	1.0	15.0
2021102244	2024-03-24	1	550.0	0.0	1.0	0	1200	1.0	35.6	1.0	16.0
2021102244	2024-06-08	7	0.0	1.4	0.0	0	1400	0.0	36.9	2.0	15.0
2021102244	2024-06-30	10	0.0	1.2	1.0	0	1000	1.0	34.6	2.0	14.0
2021102244	2024-09-16	2	320.0	0.2	0.0	0	1400	2.0	37.4	2.0	15.0
2021102244	2024-10-14	2	320.0	0.1	0.0	0	1400	0.0	36.3	2.0	16.0
2021102244	2024-11-30	3	200.0	0.1	0.0	0	1400	2.0	38.0	2.0	15.0
2021102244	2024-12-21	5	80.0	1.0	1.0	0	1400	0.0	37.6	2.0	16.0
2021102244	2025-01-19	1	800.0	0.0	0.0	0	1400	0.0	37.3	2.0	16.0
2021102244	2025-03-23	9	0.0	1.4	0.0	0	1400	0.0	38.0	3.0	16.0
2021102244	2025-04-06	8	0.0	1.8	0.0	0	1800	0.0	39.8	3.0	10.0
2021102244	2025-05-11	11	0.0	1.4	1.0	0	1800	2.0	40.9	5.0	15.0
2021102244	2025-06-08	8	0.0	1.7	1.0	0	1600	0.0	38.2	5.0	14.0
2021102244	2025-08-26	6	0.0	2.7	1.0	0	1600	0.0	40.8		10.0
2021102244	2025-09-28	10	0.0	4.2	0.0	2	2970	0.0	14.1	1.0	12.0
2021102461	2023-10-09	1	720.0	0.0	1.0	1	1400	1.0	35.6	0.0	17.0
2021102461	2023-11-04	4	570.0	0.6	0.0	1	1400	0.0	34.1		12.0
2021102461	2023-12-17	12	0.0	0.9	0.0	1	1600	0.0	35.7		17.0
2021102461	2024-03-16	4	120.0	0.3	0.0	1	1200	0.0	34.3	2.0	10.0
2021102461	2024-04-06	2	310.0	0.2	0.0	1	1200	0.0	33.9	2.0	10.0
2021102461	2024-06-09	1	800.0	0.0	1.0	1	1200	2.0	33.9	2.0	13.0
2021102461	2024-07-21	6	0.0	0.8	1.0	1	1200	0.0	34.7	3.0	18.0
2021102461	2024-10-12	2	460.0	0.1	0.0	1	1200	0.0	32.9	3.0	17.0
2021102461	2024-11-23	8	0.0	0.6	1.0	1	1200	0.0	33.4	3.0	15.0
2021102461	2025-01-26	8	0.0	0.7	0.0	1	1400	0.0	34.7	3.0	13.0
2021102461	2025-03-08	5	114.0	0.2	1.0	1	1200	0.0	33.3	3.0	11.0
2021102461	2025-04-06	1	1140.0	0.0	0.0	1	1200	0.0	33.3	3.0	10.0
2021102461	2025-05-04	2	748.4	0.2	0.0	1	1200	0.0	33.4	4.0	13.0
2021102461	2025-06-01	9	0.0	0.6	0.0	1	1400	0.0	33.7	4.0	14.0
2021102461	2025-08-24	4	280.0	0.6	0.0	1	1200	0.0	33.5	4.0	9.0
2021102461	2025-09-27	6	0.0	0.3	0.0	1	1200	0.0	32.9	4.0	16.0
2021102461	2025-11-23	4	280.0	0.2	0.0	1	1200	0.0	33.3	4.0	16.0
2021102461	2025-12-28	3	371.7	0.1	0.0	1	1200	0.0	32.8	4.0	10.0
2021102577	2023-06-07	2	70.0	1.2	1.0	0	1200	2.0	39.0	0.0	7.0
2021102577	2023-06-22	5	8.4	1.7	1.0	0	1700	0.0	43.6	1.0	8.0
2021102577	2023-07-06	6	0.0	0.9	0.0	0	1700	2.0	42.7	1.0	12.0
2021102577	2023-08-02	2	14.0	0.2	0.0	0	1200	0.0	39.3	1.0	12.0
2021102577	2023-08-23	1	50.0	0.0	0.0	0	1200	2.0	39.9	1.0	8.0
2021102577	2023-09-27	5	17.5	1.1	1.0	0	1700	0.0	40.0		10.0
2021102577	2023-10-11	4	8.4	1.5	0.0	0	1700	2.0	39.9		10.0
2021102577	2023-10-25	10	0.0	1.8	0.0	0	1700	2.0	41.9		10.0
2021102577	2023-12-10	8	0.0	2.1	0.0	0	1300	1.0	41.1		9.0
2021102577	2024-01-07	5	6.0	2.4	0.0	0	1300	2.0	43.3	5.0	9.0
2021102577	2024-01-28	5	6.0	0.4	0.0	0	1300	0.0	42.2		7.0
2021102577	2024-02-11	3	12.0	1.6	0.0	0	1600	1.0	44.2		6.0
2021102577	2024-03-03	3	12.0	0.5	0.0	0	1600	1.0	42.0		8.0
2021102577	2024-03-24	6	0.0	1.3	3.0	0	1600	3.0	41.1		11.0
2021102577	2024-04-13	2	21.0	1.0	0.0	0	1300	2.0	40.9		10.0
2021102577	2024-05-11	1	60.0	0.0	0.0	0	1600	2.0	41.0	5.0	10.0
2021102577	2024-07-06	2	21.0	0.5	0.0	0	1600	2.0	40.4		8.0
2021102577	2024-08-04	4	120.0	2.1	0.0	0	1900	0.0	40.4	18.0	12.0
2021102577	2024-09-29	1	800.0	0.0	0.0	0	1860	0.0	37.7	18.0	12.0
2021102577	2024-12-15	5	155.0	1.4	0.0	0	2400	0.0	39.0	5.0	14.0
2021102577	2025-01-18	11	0.0	1.1	0.0	0	1800	0.0	39.4	3.0	13.0
2021102577	2025-03-15	9	0.0	3.4	1.0	0	2400	2.0	41.4	5.0	14.0
2021102577	2025-04-06	2	627.8	0.7	2.0	1	2500	0.0	34.9	5.0	12.0
2021102577	2025-05-03	3	290.0	0.3	0.0	1	2400	0.0	32.6	3.0	7.0
2021102577	2025-07-06	2	626.6	0.1	0.0	1	2600	2.0	36.0	5.0	10.0
2021102577	2025-07-26	6	0.0	0.7	2.0	1	2600	0.0	35.8	3.0	13.0
2021102577	2025-10-11	4	230.0	0.1	3.0	1	2400	0.0	33.2	5.0	10.0
2021102577	2025-11-24	1	1575.9	0.0	0.0	1	2400	0.0	34.0	5.0	12.0
2021102577	2026-01-10	3	475.2	0.3	0.0	1	2200	0.0	34.2	4.0	17.0
2021102653	2023-07-16	1	720.0	0.0	0.0	1	1800	0.0	34.9	0.0	13.0
2021102653	2023-08-13	2	645.4	1.0	1.0	1	1800	0.0	36.1	5.0	8.0
2021102653	2023-08-20	1	1619.6	0.0	1.0	1	1500	2.0	36.6	5.0	9.0
2021102653	2023-12-10	9	0.0	1.0	0.0	1	1600	0.0	34.3		18.0
2021102653	2024-02-10	8	0.0	0.9	0.0	1	1600	0.0	34.5		13.0
2021102653	2024-03-10	9	0.0	0.6	0.0	1	1600	0.0	35.9		12.0
2021102653	2024-04-21	11	0.0	0.8	1.0	1	2000	0.0	34.5		14.0
2021102653	2024-08-10	9	0.0	0.6	0.0	1	1500	0.0	34.6	5.0	12.0
2021102653	2024-08-25	6	0.0	0.2	0.0	1	1800	0.0	35.2	3.0	14.0
2021102653	2024-09-14	12	0.0	1.1	0.0	1	1600	0.0	33.8	5.0	13.0
2021102653	2024-09-29	8	0.0	0.6	1.0	1	1800	0.0	36.0	3.0	14.0
2021102653	2024-10-27	6	0.0	0.5	1.0	1	1600	0.0	33.8	5.0	9.0
2021102653	2024-11-23	11	0.0	0.8	0.0	1	1600	0.0	35.2	3.0	14.0
2021102653	2024-12-21	10	0.0	1.3	1.0	1	1800	0.0	34.6	3.0	13.0
2021102653	2025-03-16	9	0.0	1.7	1.0	1	1400	1.0	36.3	5.0	13.0
2021102653	2025-04-06	7	0.0	0.6	0.0	1	1200	0.0	33.6	3.0	10.0
2021102653	2025-04-27	11	0.0	0.6	0.0	1	1400	0.0	33.1	3.0	14.0
2021102653	2025-05-24	7	0.0	0.6	1.0	1	1400	0.0	33.8	5.0	12.0
2021102653	2025-06-21	9	0.0	0.7	0.0	1	1400	0.0	34.0	5.0	14.0
2021102653	2025-07-19	8	0.0	0.8	0.0	1	1800	0.0	34.8	5.0	14.0
2021102653	2025-08-10	8	0.0	1.1	1.0	1	1500	0.0	35.1	5.0	14.0
2021102895	2023-06-10	2	290.0	0.3	1.0	1	1600	0.0	34.0	0.0	10.0
2021102895	2023-06-24	4	83.0	1.4	1.0	1	1600	0.0	38.0	1.0	9.0
2021102895	2023-09-24	1	550.0	0.0	0.0	1	1600	0.0	33.6	1.0	9.0
2021102895	2023-11-11	4	570.0	0.5	1.0	1	1600	2.0	34.9		11.0
2021102895	2024-01-07	2	310.0	0.4	0.0	1	2000	0.0	34.3	2.0	9.0
2021102895	2024-02-04	10	0.0	0.7	0.0	1	1800	0.0	34.9		12.0
2021102895	2024-05-12	3	200.0	1.2	1.0	0	1800	0.0	37.6	2.0	16.0
2021102895	2024-06-02	8	0.0	2.4	1.0	0	1800	2.0	40.5	2.0	11.0
2021102895	2024-06-23	3	282.4	0.3	3.0	1	2000	1.0	34.2	5.0	8.0
2021102895	2024-10-12	1	1150.6	0.0	0.0	1	1800	0.0	33.2	5.0	12.0
2021102895	2024-10-27	3	393.3	0.1	1.0	1	1600	0.0	33.7	5.0	9.0
2021102895	2025-01-06	1	1140.0	0.0	3.0	1	1600	1.0	36.9	3.0	16.0
2021102895	2025-03-15	4	280.0	0.3	2.0	1	1800	0.0	34.3	4.0	15.0
2021102895	2025-04-06	3	464.7	0.3	0.0	1	1600	0.0	34.0	4.0	14.0
2021102895	2025-05-18	1	1877.1	0.0	1.0	1	1800	0.0	35.0	4.0	16.0
2021102895	2025-07-20	8	0.0	0.8	0.0	1	2000	0.0	36.9		16.0
2021102895	2025-08-31	8	0.0	0.3	0.0	1	2000	0.0	33.3		16.0
2021102895	2025-10-25	2	1106.4	0.0	1.0	1	1800	0.0	34.2		10.0
2021102895	2025-12-06	9	0.0	1.0	0.0	1	1800	0.0	35.3		14.0
2021103033	2023-11-18	6	0.0	0.9	0.0	1	2000	0.0	33.9	0.0	14.0
2021103033	2023-12-10	7	0.0	1.7	0.0	1	2000	0.0	36.5	1.0	18.0
2021103033	2024-01-06	5	55.0	0.6	0.0	1	2000	0.0	35.4	1.0	17.0
2021103033	2024-03-10	2	220.0	0.8	0.0	1	2000	2.0	37.1	1.0	18.0
2021103033	2024-03-31	2	220.0	0.2	0.0	1	2200	0.0	35.1	1.0	16.0
2021103033	2024-04-28	1	550.0	0.0	0.0	1	2400	0.0	35.8	1.0	15.0
2021103033	2024-06-29	2	445.0	0.2	0.0	1	2600	0.0	34.5	5.0	8.0
2021103033	2024-07-21	6	0.0	1.0	0.0	1	2600	0.0	36.6	2.0	12.0
2021103033	2024-08-17	6	0.0	1.6	0.0	1	2400	0.0	35.8	2.0	12.0
2021103033	2024-11-09	1	800.0	0.0	0.0	1	2600	0.0	36.8	2.0	15.0
2021103033	2024-12-22	4	230.0	1.2	0.0	1	2500	0.0	36.5	3.0	16.0
2021103033	2025-01-12	3	395.0	1.0	1.0	1	2200	0.0	35.0	3.0	14.0
2021103033	2025-04-06	4	230.0	1.0	2.0	1	2500	0.0	35.6	5.0	12.0
2021103033	2025-04-20	9	0.0	0.8	1.0	1	2600	0.0	36.2	5.0	15.0
2021103033	2025-07-06	3	393.3	0.1	0.0	1	2600	2.0	36.4	5.0	10.0
2021103033	2025-07-26	7	0.0	1.3	2.0	1	2600	0.0	35.8	3.0	13.0
2021103033	2025-08-24	13	0.0	1.2	0.0	1	1800	0.0	35.9	3.0	14.0
2021103033	2025-11-16	9	0.0	0.9	0.0	1	2600	0.0	35.0	5.0	16.0
2021103033	2025-12-07	7	0.0	1.7	0.0	1	2500	0.0	35.6	3.0	11.0
2021103061	2023-06-17	13	0.0	2.1	1.0	1	1200	0.0	36.4	0.0	14.0
2021103061	2023-09-17	1	550.0	0.0	1.0	0	1200	0.0	38.6	1.0	14.0
2021103061	2023-11-01	5	140.0	0.5	3.0	0	1200	1.0	38.9		14.0
2021103061	2023-12-23	15	0.0	3.6	0.0	0	1200	0.0	40.2	2.0	15.0
2021103061	2024-01-14	3	200.0	0.4	0.0	0	1200	0.0	38.6	2.0	11.0
2021103061	2024-01-27	3	200.0	1.3	1.0	0	1200	0.0	36.8	2.0	7.0
2021103061	2024-03-24	4	120.0	1.1	3.0	0	1200	3.0	36.8	2.0	12.0
2021103061	2024-05-04	8	0.0	1.0	0.0	0	1200	0.0	38.6	2.0	14.0
2021103061	2024-06-08	4	120.0	0.6	0.0	0	1000	0.0	36.3	2.0	11.0
2021103061	2024-07-27	1	800.0	0.0	1.0	0	1000	0.0	35.5	2.0	12.0
2021103061	2024-09-28	6	0.0	0.8	1.0	0	1200	0.0	37.9	3.0	16.0
2021103061	2024-11-17	6	0.0	0.9	1.0	0	1200	0.0	37.0	3.0	16.0
2021103061	2024-12-14	2	630.6	0.2	1.0	0	1200	0.0	36.2	5.0	16.0
2021103061	2025-01-05	1	1140.0	0.0	0.0	0	1200	0.0	36.5	3.0	16.0
2021103061	2025-03-01	11	0.0	1.5	0.0	0	1200	0.0	38.7	4.0	16.0
2021103061	2025-04-06	3	463.7	0.2	0.0	0	1200	0.0	36.9	4.0	11.0
2021103061	2025-05-04	4	280.0	0.1	0.0	0	1200	0.0	36.3	4.0	16.0
2021103061	2025-07-12	4	280.0	0.2	0.0	0	1000	0.0	36.5	4.0	10.0
2021103061	2025-09-07	12	0.0	2.7	0.0	0	1200	0.0	37.7	4.0	12.0
2021103061	2025-11-09	11	0.0	1.4	2.0	0	1200	3.0	37.0	4.0	12.0
2021103061	2025-12-28	7	0.0	0.7	0.0	0	1200	0.0	38.0	4.0	16.0
2021103520	2023-09-16	1	720.0	0.0	0.0	1	1600	0.0	33.9	0.0	8.0
2021103520	2023-10-28	4	260.0	0.5	0.0	1	1800	0.0	34.5		6.0
2021103520	2023-11-19	3	272.7	0.5	0.0	1	1400	0.0	34.3	2.0	8.0
2021103520	2023-12-23	3	274.1	0.3	0.0	1	1400	0.0	34.6	2.0	13.0
2021103520	2024-01-08	17	0.0	1.8	0.0	1	1600	0.0	37.0		18.0
2021103520	2024-04-28	4	120.0	1.0	0.0	1	1400	0.0	34.1	2.0	11.0
2021103520	2024-05-18	4	160.0	0.4	0.0	1	1600	0.0	33.6	2.0	13.0
2021103520	2024-06-02	8	0.0	1.5	3.0	1	1400	2.0	36.7	2.0	16.0
2021103520	2024-06-22	8	0.0	0.7	2.0	1	1600	0.0	33.8	2.0	15.0
2021103520	2024-09-14	5	80.0	0.4	0.0	1	1600	0.0	34.5	2.0	16.0
2021103520	2024-09-29	8	0.0	1.3	1.0	1	1600	1.0	35.0	2.0	16.0
2021103520	2024-11-24	4	120.0	0.2	1.0	1	1800	0.0	33.8	2.0	18.0
2021103520	2024-12-08	6	0.0	0.6	0.0	1	1600	0.0	35.2	2.0	16.0
2021103520	2025-03-09	2	320.0	0.2	0.0	1	2000	0.0	35.5	2.0	9.0
2021103520	2025-03-22	13	0.0	1.4	0.0	1	2000	0.0	35.7	5.0	18.0
2021103520	2025-04-06	6	0.0	0.5	0.0	1	2000	0.0	35.4	2.0	11.0
2021103520	2025-04-27	3	200.0	0.2	0.0	1	1800	0.0	34.0	2.0	10.0
2021103520	2025-05-18	5	80.0	0.5	1.0	1	1800	2.0	34.0	2.0	10.0
2021103520	2025-07-20	3	200.0	0.2	0.0	1	1800	0.0	35.3	2.0	10.0
2021103520	2025-08-09	3	282.3	0.4	0.0	1	2000	0.0	34.0	5.0	7.0
2021103520	2025-10-05	3	200.0	0.1	2.0	1	2000	2.0	34.4	2.0	12.0
2021103520	2025-10-25	5	80.0	0.3	3.0	1	1800	0.0	34.1	2.0	10.0
2021103520	2025-11-08	5	80.0	0.5	0.0	1	2000	0.0	33.9	2.0	14.0
2021103520	2025-11-23	8	0.0	0.9	0.0	1	2400	0.0	34.3	2.0	18.0
2021103727	2023-11-12	3	180.0	0.2	1.0	1	2000	0.0	34.9	0.0	8.0
2021103727	2023-12-03	7	0.0	0.9	0.0	1	2000	0.0	35.9	1.0	12.0
2021103727	2024-02-04	3	140.0	0.2	1.0	1	1800	1.0	36.4	1.0	12.0
2021103727	2024-03-03	1	550.0	0.0	1.0	1	1800	2.0	36.2	1.0	14.0
2021103727	2025-02-23	9	0.0	0.6	1.0	1	1800	0.0	34.7	5.0	14.0
2021103727	2025-04-06	5	80.0	0.4	0.0	1	2000	0.0	35.6	2.0	11.0
2021103727	2025-05-10	11	0.0	1.5	1.0	1	2200	2.0	38.4	5.0	15.0
2021103727	2025-06-29	4	170.0	0.3	0.0	1	1800	0.0	35.2	5.0	8.0
2021103727	2025-07-20	6	0.0	1.0	0.0	1	1800	0.0	35.3	2.0	10.0
2021103727	2025-09-13	1	800.0	0.0	1.0	0	1800	0.0	37.8	2.0	14.0
2021103727	2025-11-23	3	290.0	0.6	0.0	0	1800	0.0	36.1	3.0	14.0
2021103727	2026-01-11	1	1604.5	0.0	0.0	0	1900	0.0	37.2	5.0	10.0
2021103812	2023-06-17	2	290.0	0.2	1.0	0	1000	0.0	35.7	0.0	12.0
2021103812	2023-07-09	2	220.0	0.0	0.0	0	1000	0.0	36.1	1.0	12.0
2021103812	2023-07-23	2	220.0	0.4	0.0	0	1000	0.0	36.2	1.0	8.0
2021103812	2023-08-13	5	55.0	1.0	1.0	1	1200	0.0	36.0	1.0	7.0
2021103812	2023-11-04	1	550.0	0.0	0.0	0	1700	0.0	39.1	1.0	15.0
2021103812	2023-11-26	5	107.0	0.9	1.0	1	1600	0.0	34.4	2.0	8.0
2021103812	2024-01-08	3	200.0	0.7	0.0	0	1800	0.0	40.3	2.0	10.0
2021103812	2024-01-20	1	780.0	0.0	1.0	0	1400	2.0	36.5	2.0	7.0
2021103812	2024-02-18	7	0.0	1.3	0.0	0	1600	0.0	38.5		11.0
2021103812	2024-07-21	6	0.0	2.3	0.0	0	1700	0.0	40.2	5.0	8.0
2021103812	2024-08-18	12	0.0	1.8	0.0	0	1700	0.0	39.9	5.0	14.0
2021103812	2024-08-25	9	0.0	1.2	0.0	0	1700	0.0	39.5	3.0	13.0
2021103812	2024-11-03	11	0.0	2.7	0.0	0	1300	1.0	38.9	3.0	12.0
2021103812	2024-12-14	12	0.0	1.3	0.0	0	1400	0.0	40.3	3.0	16.0
2021103812	2025-01-13	13	0.0	0.7	0.0	1	1200	0.0	36.2	3.0	14.0
2021103812	2025-04-06	8	0.0	0.6	0.0	1	1200	0.0	34.3	3.0	10.0
2021103812	2025-04-26	10	0.0	2.4	2.0	0	1600	2.0	39.6	3.0	16.0
2021103812	2025-05-03	8	0.0	2.0	0.0	1	1400	0.0	35.9	5.0	8.0
2021103812	2025-05-18	7	0.0	0.8	1.0	0	1200	2.0	35.7	3.0	16.0
2021103812	2025-07-26	1	1586.4	0.0	0.0	0	1400	0.0	37.5	5.0	16.0
2021103812	2025-08-23	3	465.1	0.2	0.0	0	1400	0.0	37.5	4.0	16.0
2021103812	2025-10-12	1	1873.6	0.0	1.0	0	1400	0.0	36.3	4.0	16.0
2021103812	2025-11-23	2	889.8	0.3	0.0	0	1400	0.0	36.7	5.0	16.0
2021103812	2025-12-21	16	0.0	3.3	1.0	0	1400	2.0	39.7	5.0	16.0
2021103812	2025-12-28	12	0.0	1.6	0.0	0	1400	0.0	38.9	5.0	16.0
2021103916	2023-09-17	14	0.0	3.6	0.0	1	1200	0.0	35.8	0.0	16.0
2021103916	2024-02-04	9	0.0	1.9	2.0	0	1400	0.0	37.7	1.0	16.0
2021103916	2024-03-03	5	55.0	0.6	0.0	0	1800	2.0	39.7	1.0	15.0
2021103916	2024-03-16	6	0.0	2.2	0.0	0	1800	2.0	42.2	1.0	16.0
2021103916	2024-04-06	4	83.0	0.7	1.0	0	1200	2.0	37.7	1.0	16.0
2021103916	2024-05-04	9	0.0	1.9	0.0	0	1300	2.0	36.6	1.0	16.0
2021103916	2024-05-18	18	0.0	2.0	0.0	1	1600	0.0	35.9	1.0	18.0
2021103916	2024-07-13	10	0.0	4.8	0.0	0	1700	0.0	40.6	1.0	14.0
2021103916	2024-09-01	1	45.0	0.0	1.0	0	1200	2.0	38.7	10.0	8.0
2021103916	2024-09-24	2	19.3	0.9	0.0	0	1400	2.0	39.0	11.0	10.0
2021103916	2024-10-14	1	45.0	0.0	0.0	0	1400	0.0	38.1	11.0	12.0
2021103916	2024-10-29	3	12.0	0.2	0.0	0	1600	2.0	40.2	11.0	12.0
2021103916	2024-11-12	3	9.0	0.7	1.0	0	1600	0.0	40.1	11.0	11.0
2021103916	2024-11-25	5	3.2	1.4	0.0	0	1600	2.0	40.2	5.0	12.0
2021103916	2025-03-01	13	0.0	2.0	0.0	0	1200	0.0	37.8	2.0	16.0
2021103916	2025-03-13	7	0.0	1.8	0.0	0	1600	1.0	40.2	13.0	13.0
2021103916	2025-04-06	12	0.0	2.0	2.0	1	1800	0.0	36.0	2.0	13.0
2021103916	2025-04-27	14	0.0	1.8	0.0	0	1600	2.0	37.2	2.0	14.0
2021103916	2025-08-17	12	0.0	7.2	0.0	2	2850	0.0	13.7	1.0	13.0
2021103916	2025-09-14	7	0.0	1.5	1.0	2	2880	0.0	13.9	1.0	9.0
2021103916	2025-09-27	8	0.0	2.1	1.0	2	2880	0.0	13.8	1.0	11.0
2021103916	2025-11-16	5	84.0	3.0	0.0	2	2750	0.0	13.3	1.0	10.0
2021103916	2025-12-07	10	0.0	4.0	0.0	2	2880	0.0	14.2	1.0	11.0
2021104006	2023-07-30	10	0.0	1.1	0.0	1	1400	0.0	35.7	0.0	12.0
2021104006	2023-10-08	1	550.0	0.0	1.0	1	1200	0.0	35.5	1.0	12.0
2021104006	2023-11-12	2	650.2	0.0	1.0	1	1200	0.0	36.3	5.0	15.0
2021104006	2023-12-16	1	1620.3	0.0	1.0	1	1200	2.0	34.6	5.0	9.0
2021104006	2024-02-25	6	0.0	1.1	2.0	1	1200	1.0	36.0		11.0
2021104006	2024-03-16	16	0.0	1.4	0.0	1	1400	0.0	35.9		17.0
2021104006	2024-05-25	17	0.0	1.3	0.0	1	1200	0.0	34.8		18.0
2021104006	2024-11-30	7	0.0	0.6	0.0	1	1200	0.0	35.1	3.0	15.0
2021104006	2025-01-13	2	460.0	0.1	0.0	1	1200	0.0	35.4	3.0	14.0
2021104006	2025-02-09	12	0.0	1.6	0.0	1	1200	2.0	36.3	3.0	13.0
2021104006	2025-04-06	10	0.0	1.7	0.0	1	1200	0.0	35.6	3.0	10.0
2021104092	2023-07-23	2	290.0	0.1	0.0	1	2000	0.0	35.4	0.0	11.0
2021104092	2023-08-13	3	140.0	0.3	0.0	1	1800	0.0	36.1	1.0	10.0
2021104092	2023-09-09	2	220.0	0.0	0.0	1	2000	0.0	35.2	1.0	7.0
2021104092	2023-12-16	3	140.0	0.1	3.0	1	2000	2.0	35.9	1.0	8.0
2021104092	2024-01-13	2	220.0	0.1	0.0	1	2000	0.0	36.1	1.0	12.0
2021104092	2024-02-04	1	550.0	0.0	1.0	1	2000	1.0	38.2	1.0	10.0
2021104092	2024-04-14	3	200.0	0.3	0.0	1	2000	0.0	35.0	2.0	7.0
2021104092	2024-05-11	7	0.0	1.4	0.0	1	2000	0.0	35.0	2.0	11.0
2021104092	2024-06-01	6	0.0	0.7	0.0	1	2400	0.0	34.1	5.0	10.0
2021104092	2024-11-17	3	200.0	0.5	1.0	0	1800	0.0	38.0	2.0	15.0
2021104092	2024-12-01	2	320.0	0.2	0.0	0	1900	0.0	38.1	2.0	9.0
2021104092	2024-12-15	2	320.0	0.0	0.0	0	1800	0.0	37.5	2.0	15.0
2021104092	2024-12-28	1	800.0	0.0	0.0	0	1800	0.0	38.4	2.0	16.0
2021104092	2025-01-12	2	632.0	0.1	1.0	0	1900	0.0	36.9	5.0	16.0
2021104092	2025-04-06	1	1140.0	0.0	0.0	0	1800	0.0	38.6	3.0	10.0
2021104092	2025-04-26	5	184.0	0.7	0.0	0	1900	0.0	36.6	4.0	12.0
2021104092	2025-05-25	4	232.0	0.9	1.0	0	2100	1.0	36.2	4.0	16.0
2021104092	2025-08-09	2	749.8	0.0	0.0	0	1800	0.0	36.8	4.0	16.0
2021104092	2025-09-15	3	464.2	0.4	0.0	0	1800	0.0	36.9	4.0	14.0
2021104092	2025-10-11	3	464.9	0.3	0.0	0	1900	0.0	37.3	4.0	16.0
2021104092	2025-11-30	2	750.0	0.0	0.0	0	1800	0.0	37.4	4.0	16.0
2021104092	2025-12-20	3	464.4	0.2	2.0	0	1800	2.0	37.1	4.0	11.0
2021104092	2026-01-12	5	187.0	0.6	0.0	0	1800	0.0	36.8	4.0	16.0
2021104635	2023-11-19	11	0.0	2.3	0.0	1	1800	0.0	36.8	0.0	16.0
2021104635	2023-12-10	13	0.0	2.3	0.0	1	2000	0.0	37.1	1.0	18.0
2021104635	2024-01-14	12	0.0	1.5	0.0	1	1800	0.0	36.4	1.0	16.0
2021104635	2024-01-28	5	55.0	1.1	2.0	1	2000	0.0	36.5	1.0	15.0
2021104635	2024-02-03	5	55.0	0.8	1.0	1	2000	0.0	37.6	1.0	14.0
2021104635	2024-02-18	7	0.0	0.8	0.0	1	2000	0.0	37.5	1.0	17.0
2021104635	2024-04-14	1	550.0	0.0	0.0	0	1700	0.0	37.2	1.0	14.0
2021104635	2024-07-07	10	0.0	1.8	0.0	0	1700	0.0	39.5	2.0	15.0
2021104635	2024-07-20	1	800.0	0.0	0.0	0	1700	0.0	39.1	2.0	9.0
2021104635	2024-08-18	1	1580.1	0.0	0.0	0	1700	0.0	38.5	5.0	14.0
2021104635	2024-11-09	15	0.0	2.0	0.0	0	1700	0.0	39.3	4.0	15.0
2021104635	2024-12-01	15	0.0	2.0	0.0	0	1800	0.0	39.8	4.0	16.0
2021104635	2025-02-08	14	0.0	2.8	0.0	1	2400	0.0	37.8	4.0	14.0
2021104635	2025-02-22	12	0.0	3.5	0.0	0	2100	0.0	40.5	4.0	12.0
2021104635	2025-04-06	15	0.0	2.7	0.0	0	1800	2.0	40.4	4.0	16.0
2021104635	2025-05-11	14	0.0	2.1	0.0	0	1600	2.0	36.7	4.0	16.0
2021104635	2025-08-16	12	0.0	2.0	0.0	0	1700	0.0	39.2	4.0	14.0
2021104635	2025-08-23	13	0.0	2.6	0.0	1	2000	0.0	38.3	4.0	14.0
2021104635	2026-01-13	9	0.0	1.8	0.0	0	1800	0.0	39.2	16.0	10.0
2021104842	2023-07-08	9	0.0	2.8	1.0	1	1800	0.0	37.8	0.0	12.0
2021104842	2023-08-26	14	0.0	2.0	0.0	1	1600	0.0	36.2	1.0	18.0
2021104842	2023-12-28	10	0.0	1.2	1.0	1	1600	0.0	36.2	1.0	16.0
2021104842	2024-01-20	14	0.0	3.0	1.0	0	1800	0.0	41.6	1.0	16.0
2021104842	2024-02-24	10	0.0	3.8	0.0	0	1800	2.0	40.8	1.0	16.0
2021104842	2024-08-11	10	0.0	7.4	1.0	2	2850	0.0	13.5	1.0	11.0
2021104842	2024-10-06	6	0.0	1.1	0.0	2	2850	0.0	13.3	1.0	10.0
2021104842	2024-10-27	4	120.0	1.3	0.0	2	2850	0.0	13.4	1.0	11.0
2021104842	2024-11-17	3	200.0	0.0	0.0	2	2770	0.0	13.2	1.0	14.0
2021104842	2025-01-13	2	340.0	1.6	0.0	2	2880	0.0	13.7	1.0	9.0
2021104842	2025-03-09	4	130.0	1.9	0.0	2	2880	2.0	13.8	1.0	11.0
2021104842	2025-04-06	5	84.0	0.6	1.0	2	2880	0.0	13.8	1.0	12.0
2021104842	2025-09-06	3	210.0	0.4	0.0	2	2880	2.0	13.7	1.0	9.0
2021104914	2024-02-10	2	250.0	0.1	0.0	0	1400	2.0	37.1	0.0	16.0
2021104914	2024-04-27	1	550.0	0.0	1.0	0	1400	2.0	35.4	1.0	16.0
2021104914	2024-06-16	1	800.0	0.0	0.0	0	1600	0.0	36.5	2.0	13.0
2021104914	2024-10-06	2	460.0	0.5	1.0	0	1600	1.0	34.8	3.0	16.0
2021104914	2024-11-17	3	290.0	0.3	0.0	0	1600	0.0	37.4	3.0	16.0
2021104914	2025-01-25	1	1583.6	0.0	1.0	0	1800	0.0	37.4	3.0	13.0
2021104914	2025-04-06	4	280.0	0.9	0.0	0	1800	2.0	38.1	4.0	16.0
2021104914	2025-05-03	1	1872.2	0.0	0.0	0	1800	2.0	36.6	4.0	15.0
2021104914	2025-07-06	8	0.0	1.6	0.0	0	1700	0.0	38.2	5.0	15.0
2021104914	2025-09-20	8	0.0	1.3	2.0	0	1800	1.0	38.5	5.0	15.0
2021104914	2025-10-19	1	2425.9	0.0	2.0	0	2100	0.0	36.7		12.0
2021104914	2025-12-24	1	3000.0	0.0	2.0	0	2000	3.0	38.2		9.0
2021104947	2023-11-12	2	290.0	0.3	1.0	1	1600	0.0	33.7	0.0	11.0
2021104947	2023-12-09	4	83.0	0.5	0.0	1	1800	0.0	35.7	1.0	16.0
2021104947	2024-04-20	1	550.0	0.0	0.0	1	1600	0.0	35.0	1.0	18.0
2021104947	2024-06-01	14	0.0	1.0	0.0	1	1400	0.0	34.6	2.0	18.0
2021104947	2024-09-08	5	80.0	0.5	0.0	1	1600	0.0	33.7	2.0	16.0
2021104947	2024-11-02	3	200.0	0.9	3.0	1	1800	2.0	36.5	2.0	15.0
2021104947	2024-11-16	2	454.6	0.0	1.0	1	1800	0.0	34.5	5.0	16.0
2021104947	2025-01-25	6	0.0	0.5	0.0	1	1800	0.0	34.8	2.0	16.0
2021104947	2025-02-01	15	0.0	2.7	3.0	1	1800	2.0	38.2	2.0	16.0
2021104947	2025-04-06	3	200.0	0.3	2.0	1	1800	0.0	34.6	2.0	13.0
2021104947	2025-04-20	11	0.0	1.0	1.0	1	1800	0.0	36.6	2.0	16.0
2021104947	2025-07-06	9	0.0	1.3	0.0	1	1800	0.0	37.6	2.0	14.0
2021104947	2025-08-14	8	0.0	4.3	0.0	0	2400	0.0	41.5	5.0	8.0
2021104947	2025-09-04	9	0.0	2.0	1.0	0	2000	0.0	39.9	13.0	11.0
2021104947	2025-09-18	8	0.0	3.1	1.0	0	1650	0.0	42.1	13.0	8.0
2021104947	2025-10-09	13	0.0	3.1	1.0	0	1800	0.0	40.3	13.0	13.0
2021104947	2025-10-24	10	0.0	2.9	3.0	0	1600	1.0	40.2	13.0	10.0
2021104947	2025-11-13	11	0.0	4.7	1.0	0	1800	2.0	41.9	13.0	11.0
2021104947	2025-12-04	12	0.0	2.6	0.0	0	1650	0.0	39.6	13.0	12.0
2021104947	2025-12-24	10	0.0	5.0	3.0	0	1650	1.0	42.2	14.0	12.0
2021105066	2024-01-21	1	620.0	0.0	2.0	1	2000	3.0	37.7	0.0	17.0
2021105066	2024-03-03	11	0.0	1.8	0.0	1	2000	0.0	35.8		11.0
2021105066	2024-04-13	3	272.3	0.4	0.0	1	2000	0.0	34.4	2.0	6.0
2021105066	2024-06-23	10	0.0	2.0	1.0	1	1800	2.0	35.7	2.0	13.0
2021105066	2024-07-21	2	449.8	0.1	0.0	1	2000	0.0	35.0	5.0	13.0
2021105066	2024-09-07	2	320.0	0.3	0.0	1	2000	0.0	33.4	2.0	10.0
2021105066	2024-09-29	8	0.0	1.2	1.0	1	2200	0.0	35.0	2.0	17.0
2021105066	2024-12-21	2	450.8	0.2	0.0	1	2200	0.0	34.2	2.0	18.0
2021105066	2025-01-12	1	800.0	0.0	1.0	1	2200	0.0	34.4	2.0	18.0
2021105066	2025-03-08	3	393.2	0.3	1.0	1	2500	0.0	35.0	5.0	10.0
2021105066	2025-04-06	1	1577.3	0.0	2.0	1	2500	0.0	34.7	5.0	12.0
2021105066	2025-11-22	6	0.0	0.5	0.0	1	2400	0.0	34.4	4.0	16.0
2021105066	2025-12-27	6	0.0	0.5	1.0	1	2500	0.0	34.4	4.0	14.0
2021105072	2023-07-16	5	72.0	1.1	0.0	1	1600	0.0	35.1	0.0	12.0
2021105072	2024-01-28	3	140.0	0.6	2.0	1	2000	0.0	36.0	1.0	15.0
2021105072	2024-02-24	3	140.0	0.6	0.0	1	2000	2.0	35.2	1.0	13.0
2021105072	2024-03-17	3	140.0	0.3	1.0	1	2000	0.0	34.7	1.0	16.0
2021105072	2024-05-05	3	140.0	0.2	0.0	1	1800	0.0	34.4	1.0	16.0
2021105072	2024-05-26	1	550.0	0.0	0.0	1	2000	0.0	34.4	1.0	14.0
2021105072	2024-09-28	4	120.0	0.3	1.0	1	2200	0.0	36.2	2.0	14.0
2021105072	2024-10-19	10	0.0	1.7	3.0	1	2200	2.0	36.6	5.0	10.0
2021105072	2024-12-07	15	0.0	1.6	1.0	1	2200	0.0	36.9	2.0	18.0
2021105072	2025-03-15	2	320.0	0.1	1.0	1	2200	0.0	34.9	2.0	18.0
2021105072	2025-04-06	4	120.0	0.3	0.0	1	2000	0.0	35.8	2.0	11.0
2021105072	2025-05-18	1	800.0	0.0	1.0	1	1800	0.0	35.1	2.0	13.0
2021105072	2025-06-08	3	392.7	0.3	2.0	1	1800	0.0	33.9	5.0	8.0
2021105072	2025-10-26	4	230.0	0.7	3.0	1	2000	2.0	36.1	5.0	16.0
2021105077	2024-01-27	3	160.0	0.3	0.0	1	1600	0.0	34.1	0.0	16.0
2021105077	2024-04-06	1	550.0	0.0	1.0	1	2000	2.0	35.3	1.0	18.0
2021105077	2024-06-02	6	0.0	1.0	2.0	1	2000	2.0	33.5	2.0	9.0
2021105077	2024-07-27	2	320.0	0.1	1.0	1	2000	0.0	34.6	2.0	9.0
2021105077	2024-09-07	4	780.0	0.2	0.0	1	2000	0.0	33.8		13.0
2021105077	2024-11-09	6	0.0	0.6	0.0	1	2000	0.0	36.2	5.0	13.0
2021105077	2025-02-01	3	200.0	0.4	1.0	1	1800	0.0	34.0	2.0	16.0
2021105077	2025-04-06	4	120.0	0.4	2.0	1	1800	0.0	34.7	2.0	13.0
2021105077	2025-04-20	6	0.0	0.6	1.0	1	1800	0.0	35.5	2.0	16.0
2021105077	2025-05-24	2	320.0	0.1	1.0	1	1600	0.0	33.3	2.0	13.0
2021105077	2025-06-22	9	0.0	0.6	0.0	1	1600	0.0	36.0	2.0	15.0
2021105077	2025-09-14	2	320.0	0.4	1.0	1	1600	0.0	34.8	2.0	16.0
2021105077	2025-10-05	1	800.0	0.0	0.0	1	1400	0.0	33.5	2.0	18.0
2021105077	2025-11-23	4	170.0	0.2	1.0	1	1400	0.0	33.3	3.0	18.0
2021105077	2025-12-20	3	290.0	0.1	1.0	1	1200	0.0	33.8	3.0	16.0
2021105164	2024-02-17	11	0.0	4.1	1.0	0	1800	2.0	41.3	0.0	16.0
2021105164	2024-03-03	11	0.0	3.5	0.0	0	1800	2.0	41.2	1.0	15.0
2021105164	2024-05-09	4	7.0	1.1	0.0	0	1400	0.0	38.9	5.0	10.0
2021105164	2024-05-19	7	0.0	2.4	2.0	0	1900	0.0	39.6	1.0	15.0
2021105164	2024-07-18	5	3.5	2.3	0.0	0	1400	0.0	37.9	5.0	8.0
2021105164	2024-08-25	10	0.0	0.8	0.0	1	2200	0.0	35.5	1.0	18.0
2021105164	2024-12-15	10	0.0	3.3	0.0	1	2200	0.0	37.8	5.0	10.0
2021105164	2025-01-11	13	0.0	2.2	0.0	1	2000	0.0	36.6	5.0	13.0
2021105164	2025-04-06	13	0.0	2.9	2.0	1	1800	0.0	35.8	2.0	13.0
2021105164	2025-04-19	9	0.0	2.6	0.0	1	2400	0.0	35.7	2.0	10.0
2021105164	2025-05-20	1	55.0	0.0	0.0	0	1400	2.0	39.6	10.0	12.0
2021105164	2025-06-04	4	10.5	1.4	0.0	0	1700	2.0	43.4	5.0	12.0
2021105164	2025-06-13	1	55.0	0.0	0.0	0	1500	2.0	38.9	11.0	12.0
2021105164	2025-06-27	2	29.8	0.2	0.0	0	1700	2.0	39.3		12.0
2021105164	2025-07-11	1	55.0	0.0	0.0	0	1500	0.0	40.1		11.0
2021105164	2025-07-25	6	0.0	1.8	0.0	0	1500	0.0	39.9		12.0
2021105164	2025-09-05	3	13.0	0.4	0.0	0	1500	1.0	41.1		12.0
2021105164	2025-09-19	4	9.8	0.7	1.0	0	1700	0.0	41.7		10.0
2021105374	2023-06-25	6	0.0	1.7	1.0	1	1800	0.0	35.8	0.0	7.0
2021105374	2023-08-27	1	550.0	0.0	1.0	1	1500	0.0	35.5	1.0	9.0
2021105374	2023-09-16	1	1614.7	0.0	0.0	1	1400	0.0	34.4	5.0	6.0
2021105374	2023-11-04	7	0.0	0.5	1.0	1	1400	0.0	34.0		18.0
2021105374	2023-12-10	13	0.0	1.1	0.0	1	1600	0.0	34.9		18.0
2021105374	2024-07-13	9	0.0	0.7	1.0	1	1800	0.0	35.4	5.0	15.0
2021105374	2024-12-01	4	170.0	0.4	0.0	1	1400	0.0	33.7	3.0	12.0
2021105374	2024-12-22	16	0.0	1.2	0.0	1	1400	0.0	35.2	3.0	17.0
2021105374	2025-01-26	13	0.0	2.2	0.0	1	1400	0.0	35.8	3.0	13.0
2021105374	2025-03-22	4	230.0	0.2	0.0	1	1400	0.0	34.8	5.0	17.0
2021105374	2025-04-06	4	170.0	0.3	0.0	1	1200	0.0	33.5	3.0	10.0
2021105374	2025-04-19	5	155.0	0.4	0.0	1	1400	0.0	34.3	5.0	14.0
2021105374	2025-06-21	8	0.0	0.6	0.0	1	1400	0.0	34.2	5.0	14.0
2021105374	2025-08-30	11	0.0	1.1	0.0	1	1400	0.0	33.7	5.0	11.0
2021105374	2025-09-15	5	155.0	0.8	0.0	1	1400	0.0	34.8	3.0	9.0
2021105374	2025-10-11	5	155.0	0.1	0.0	1	1400	0.0	33.9	5.0	13.0
2021105374	2025-12-07	7	0.0	0.5	0.0	1	1400	0.0	34.9	3.0	17.0
2021105374	2025-12-28	11	0.0	0.6	0.0	1	1600	0.0	33.2	3.0	12.0
2021105374	2026-01-04	6	0.0	0.3	1.0	1	1400	0.0	33.9	3.0	12.0
2021105423	2023-11-19	1	720.0	0.0	0.0	1	1600	2.0	33.8	0.0	13.0
2021105423	2024-02-04	3	1006.0	0.0	0.0	1	1800	0.0	34.4		12.0
2021105423	2024-04-13	9	0.0	0.7	0.0	1	1600	0.0	33.3		16.0
2021105423	2024-08-04	1	800.0	0.0	0.0	1	1600	0.0	33.4	2.0	18.0
2021105423	2024-09-01	3	392.7	0.4	1.0	1	1600	1.0	34.2	5.0	8.0
2021105423	2024-10-05	3	392.5	0.2	2.0	1	2000	2.0	33.4	3.0	7.0
2021105423	2024-11-10	1	1140.0	0.0	1.0	1	1800	0.0	33.7	3.0	10.0
2021105423	2025-02-23	9	0.0	0.6	0.0	1	2000	0.0	35.4	4.0	12.0
2021105423	2025-04-06	1	1872.9	0.0	0.0	1	1600	0.0	33.4	4.0	14.0
2021105423	2025-06-22	10	0.0	0.7	0.0	1	1600	0.0	34.6		14.0
2021105423	2025-07-27	5	410.0	0.2	0.0	1	1600	0.0	33.5		18.0
2021105423	2025-09-06	7	0.0	0.3	0.0	1	1600	0.0	33.6		16.0
2021105423	2025-11-29	2	1111.2	0.0	0.0	1	1600	0.0	34.1		18.0
2021105423	2025-12-13	4	410.0	0.2	0.0	1	1600	0.0	32.7		13.0
2021105455	2023-07-08	8	0.0	1.0	1.0	1	1400	0.0	35.7	0.0	9.0
2021105455	2023-12-03	12	0.0	4.3	0.0	1	2000	0.0	38.5	1.0	12.0
2021105455	2023-12-23	10	0.0	1.5	0.0	1	1800	0.0	34.4	1.0	14.0
2021105455	2024-02-17	5	55.0	0.4	1.0	1	2400	0.0	36.2	1.0	14.0
2021105455	2024-03-02	12	0.0	2.6	1.0	1	2200	2.0	39.3	1.0	12.0
2021105455	2024-04-20	7	0.0	0.9	0.0	1	2400	0.0	35.1	1.0	11.0
2021105455	2024-06-16	11	0.0	0.9	0.0	1	2000	2.0	35.4	1.0	16.0
2021105455	2024-08-11	3	140.0	0.0	0.0	0	1900	0.0	38.9	1.0	16.0
2021105455	2024-08-24	8	0.0	1.3	0.0	0	1800	0.0	40.0	1.0	16.0
2021105455	2024-10-31	1	50.0	0.0	1.0	0	1400	1.0	38.9	11.0	12.0
2021105455	2024-11-14	1	50.0	0.0	1.0	0	1400	0.0	38.4		12.0
2021105455	2025-02-02	9	0.0	2.3	1.0	0	1800	2.0	40.6	2.0	13.0
2021105455	2025-02-23	9	0.0	2.2	1.0	0	2400	0.0	39.9	2.0	14.0
2021105455	2025-04-06	9	0.0	2.8	1.0	2	2880	0.0	14.0	1.0	12.0
2021105455	2025-04-27	1	840.0	0.0	0.0	2	2910	0.0	13.8	1.0	12.0
2021105455	2025-06-21	10	0.0	4.3	0.0	2	3110	0.0	13.7	5.0	12.0
2021105455	2025-09-13	11	0.0	3.8	1.0	2	3210	2.0	14.0	5.0	13.0
2021105455	2025-10-11	4	210.0	2.1	1.0	2	3170	0.0	13.7	5.0	10.0
2021105455	2025-11-02	12	0.0	3.4	0.0	1	3000	0.0	36.6	4.0	13.0
2021105569	2023-07-09	8	0.0	1.7	2.0	1	1600	2.0	36.5	0.0	10.0
2021105569	2023-10-08	11	0.0	1.7	1.0	1	1600	0.0	37.0	1.0	12.0
2021105569	2024-03-17	1	550.0	0.0	1.0	0	1800	0.0	37.9	1.0	15.0
2021105569	2024-05-05	4	120.0	0.8	0.0	0	1800	0.0	38.0	2.0	16.0
2021105569	2024-06-01	1	800.0	0.0	0.0	0	1800	2.0	37.9	2.0	13.0
2021105569	2024-08-18	1	1585.0	0.0	0.0	0	1800	0.0	38.0	5.0	16.0
2021105569	2024-10-06	2	748.2	0.2	0.0	0	1800	0.0	37.7	4.0	13.0
2021105569	2025-02-01	3	463.8	0.6	1.0	0	1800	0.0	37.3	4.0	12.0
2021105569	2025-04-06	5	184.0	1.1	0.0	0	1800	2.0	38.8	4.0	16.0
2021105569	2025-08-02	13	0.0	2.7	0.0	0	1800	0.0	40.0	4.0	14.0
2021105608	2023-10-01	1	720.0	0.0	1.0	1	2000	2.0	35.2	0.0	9.0
2021105608	2023-11-25	10	0.0	0.9	0.0	1	2000	0.0	36.8		14.0
2021105608	2024-01-06	10	0.0	1.8	0.0	1	1600	0.0	36.2		10.0
2021105608	2024-03-23	5	78.0	0.5	3.0	1	1400	1.0	35.7	2.0	10.0
2021105608	2024-04-28	3	200.0	1.2	0.0	0	1400	0.0	38.7	2.0	12.0
2021105608	2024-05-18	2	310.0	0.0	0.0	0	1400	0.0	37.3	2.0	15.0
2021105608	2024-06-08	1	800.0	0.0	0.0	0	1400	0.0	37.2	2.0	15.0
2021105608	2024-08-31	1	1584.3	0.0	2.0	0	1400	3.0	36.8	5.0	15.0
2021105608	2024-09-21	9	0.0	1.1	1.0	0	1400	0.0	37.9	4.0	15.0
2021105608	2024-11-17	7	0.0	1.1	1.0	0	1400	0.0	38.4	4.0	15.0
2021105608	2025-01-18	8	0.0	1.0	0.0	0	1400	0.0	36.6	4.0	16.0
2021105608	2025-04-06	6	0.0	0.4	0.0	0	1200	0.0	37.3	4.0	11.0
2021105608	2025-06-15	18	0.0	7.8	0.0	1	1600	2.0	42.8	4.0	18.0
2021105608	2025-09-28	1	1877.8	0.0	0.0	0	1200	0.0	36.9	4.0	16.0
2021105608	2025-11-08	7	0.0	0.6	0.0	0	1200	0.0	35.7	5.0	16.0
2021105626	2023-08-27	1	720.0	0.0	1.0	1	1800	0.0	35.3	0.0	5.0
2021105626	2023-09-30	3	402.8	0.4	0.0	1	2000	0.0	36.2	5.0	8.0
2021105626	2024-01-14	9	0.0	0.5	0.0	1	2000	0.0	34.3		14.0
2021105626	2024-03-24	10	0.0	1.8	2.0	1	2200	1.0	36.5	2.0	10.0
2021105626	2024-07-27	3	282.9	0.4	1.0	1	2600	0.0	35.6	5.0	9.0
2021105626	2024-10-19	1	1140.1	0.0	3.0	1	2200	2.0	35.1	5.0	10.0
2021105626	2025-01-12	9	0.0	2.0	1.0	1	2200	0.0	37.0	3.0	14.0
2021105626	2025-04-06	8	0.0	1.6	2.0	1	2500	0.0	36.1	5.0	12.0
2021105626	2025-05-03	7	0.0	0.7	0.0	1	2400	0.0	33.7	3.0	7.0
2021105626	2025-10-26	15	0.0	2.0	3.0	1	2000	2.0	36.9	5.0	16.0
2021105661	2023-06-18	3	180.0	0.3	0.0	1	1600	0.0	33.7	0.0	13.0
2021105661	2023-07-29	1	550.0	0.0	0.0	1	1800	0.0	36.1	1.0	9.0
2021105661	2023-12-03	2	434.6	0.1	0.0	1	1600	0.0	34.8	2.0	7.0
2021105661	2024-02-04	8	0.0	0.5	0.0	1	1800	0.0	34.8		12.0
2021105661	2024-03-16	2	310.0	0.1	0.0	1	1600	0.0	34.8	2.0	9.0
2021105661	2024-05-19	1	780.0	0.0	1.0	1	1600	0.0	33.8	2.0	11.0
2021105661	2024-07-20	1	1585.7	0.0	0.0	1	1800	0.0	34.8	5.0	16.0
2021105661	2024-11-02	2	746.2	0.0	2.0	1	1800	2.0	35.0	4.0	10.0
2021105661	2025-04-06	1	1873.6	0.0	0.0	1	2000	0.0	35.1	4.0	16.0
2021105661	2025-05-17	10	0.0	0.9	1.0	1	2000	2.0	34.7		16.0
2021105661	2025-07-27	7	0.0	0.3	0.0	1	1600	0.0	33.4		18.0
2021105661	2025-11-01	6	0.0	1.7	0.0	0	1600	1.0	36.7	5.0	16.0
2021105661	2026-01-11	9	0.0	1.1	1.0	0	1800	0.0	38.6	5.0	16.0
2021105719	2024-02-04	6	0.0	0.8	1.0	1	2000	1.0	37.5	0.0	12.0
2021105719	2024-04-20	4	83.0	0.6	0.0	1	2400	0.0	35.0	1.0	11.0
2021105719	2024-05-19	4	83.0	0.2	2.0	1	2400	0.0	35.3	1.0	15.0
2021105719	2024-06-08	18	0.0	4.4	0.0	1	2400	0.0	38.3	1.0	18.0
2021105719	2024-08-25	12	0.0	1.0	0.0	1	2200	0.0	37.1	1.0	18.0
2021105719	2024-10-24	1	70.0	0.0	1.0	0	1400	2.0	39.3	10.0	12.0
2021105719	2024-11-13	1	100.0	0.0	0.0	0	1400	0.0	39.8	11.0	12.0
2021105719	2025-04-06	8	0.0	1.0	0.0	1	2000	0.0	36.2	2.0	11.0
2021105719	2025-05-11	5	80.0	0.2	1.0	1	1800	2.0	35.8	2.0	13.0
2021105719	2025-05-25	13	0.0	1.4	1.0	1	1800	2.0	36.2	5.0	15.0
2021105719	2025-08-24	4	120.0	1.9	0.0	0	1800	0.0	39.2	2.0	7.0
2021105719	2025-09-14	9	0.0	3.1	1.0	0	2000	0.0	41.1	2.0	13.0
2021105719	2025-11-29	2	24.0	2.7	0.0	0	1300	0.0	40.4	9.0	10.0
2021105719	2025-12-14	4	16.5	1.5	0.0	0	1300	2.0	38.3	5.0	10.0
2021105719	2025-12-31	1	60.0	0.0	0.0	0	1400	0.0	38.6	9.0	11.0
2021105719	2026-01-10	1	70.0	0.0	0.0	0	1300	0.0	38.9	10.0	10.0
2021105724	2023-09-10	1	720.0	0.0	0.0	1	1600	0.0	34.3	0.0	13.0
2021105724	2023-12-17	1	1091.7	0.0	0.0	1	1600	0.0	34.9	2.0	9.0
2021105724	2024-03-17	1	5475.6	0.0	0.0	1	1800	0.0	33.3		10.0
2021105724	2024-05-26	9	0.0	1.0	0.0	1	2400	0.0	34.0		17.0
2021105724	2024-10-06	1	6799.4	0.0	1.0	1	1800	0.0	33.3		14.0
2021105724	2025-03-02	1	6813.4	0.0	0.0	1	1800	0.0	33.9		16.0
2021105724	2025-04-06	7	0.0	0.4	0.0	1	2000	0.0	34.6		15.0
2021105724	2025-06-08	12	0.0	0.7	1.0	1	1600	0.0	34.7		18.0
2021105724	2025-10-13	2	2800.0	0.6	0.0	0	1600	0.0	36.4		16.0
2021105724	2025-12-07	11	0.0	1.3	0.0	0	1800	0.0	38.6		16.0
2021105743	2023-07-23	1	720.0	0.0	0.0	1	1800	0.0	35.0	0.0	6.0
2021105743	2023-10-01	2	434.4	0.0	1.0	1	1600	0.0	35.1	2.0	7.0
2021105743	2023-11-19	1	1092.4	0.0	0.0	1	1600	0.0	33.6	2.0	9.0
2021105743	2023-12-10	2	2637.2	0.0	0.0	1	1600	0.0	33.5		18.0
2021105743	2024-04-07	1	16662.8	0.0	0.0	1	1600	0.0	33.4		18.0
2021105743	2024-05-19	2	6783.8	0.1	1.0	1	2400	0.0	34.0		18.0
2021105743	2024-10-13	3	2846.2	0.4	0.0	1	2000	0.0	34.3		15.0
2021105743	2024-12-08	3	0.0			1	2400	0.0			13.0
2021105743	2025-04-06	13	0.0	1.1	0.0	1	2000	0.0	34.5		15.0
2021105743	2025-05-18	8	0.0	0.3	1.0	1	1600	0.0	34.2		17.0
2021105743	2025-08-17	15	0.0	1.9	1.0	1	2000	2.0	37.7		16.0
2021105743	2025-11-16	10	0.0	1.0	0.0	1	2200	0.0	35.4		16.0
2021105765	2023-07-30	2	290.0	0.1	0.0	1	1800	0.0	34.2	0.0	9.0
2021105765	2023-09-16	2	220.0	0.4	0.0	1	1800	0.0	33.5	1.0	9.0
2021105765	2023-11-25	3	140.0	0.5	0.0	1	1800	0.0	34.7	1.0	14.0
2021105765	2023-12-17	2	220.0	0.1	0.0	1	1600	2.0	36.3	1.0	12.0
2021105765	2024-01-07	2	220.0	0.2	0.0	1	1600	0.0	36.6	1.0	17.0
2021105765	2024-03-03	3	140.0	1.1	0.0	1	1600	0.0	34.8	1.0	15.0
2021105765	2024-03-23	10	0.0	1.3	3.0	1	1400	1.0	36.0	1.0	18.0
2021105765	2024-05-26	6	0.0	0.1	0.0	1	1600	0.0	34.8	1.0	17.0
2021105765	2024-07-20	14	0.0	3.5	0.0	0	1700	0.0	42.0	1.0	14.0
2021105765	2024-07-27	7	0.0	2.0	1.0	1	2000	0.0	35.8	2.0	9.0
2021105765	2025-01-13	16	0.0	1.5	0.0	1	2200	0.0	37.2	2.0	18.0
2021105765	2025-04-06	2	320.0	0.1	2.0	1	1800	0.0	34.7	2.0	13.0
2021105765	2025-04-19	6	0.0	0.5	0.0	1	2000	0.0	34.6	2.0	15.0
2021105765	2025-05-04	1	800.0	0.0	0.0	1	1600	0.0	34.2	2.0	9.0
2021105765	2025-05-31	9	0.0	0.6	1.0	1	1600	0.0	35.2	2.0	18.0
2021105765	2025-09-06	8	0.0	0.5	0.0	1	1500	0.0	36.3	2.0	14.0
2021105765	2025-10-12	2	320.0	0.1	1.0	1	1600	0.0	34.4	2.0	18.0
2021105765	2025-11-01	2	320.0	0.0	0.0	1	1600	0.0	34.0	2.0	15.0
2021105765	2025-11-15	15	0.0	0.6	0.0	1	1600	0.0	34.9	2.0	18.0
2021105788	2023-11-18	3	180.0	0.1	0.0	1	1600	0.0	34.2	0.0	14.0
2021105788	2023-12-16	2	220.0	0.2	0.0	1	1800	0.0	34.8	1.0	16.0
2021105788	2024-02-11	1	550.0	0.0	0.0	1	1800	0.0	34.1	1.0	16.0
2021105788	2024-04-21	7	0.0	0.7	1.0	1	2000	0.0	34.8		14.0
2021105788	2024-06-02	2	320.0	0.3	2.0	1	2000	2.0	34.0	2.0	9.0
2021105788	2024-07-20	2	320.0	0.3	1.0	0	1700	0.0	38.8	2.0	15.0
2021105788	2024-09-16	1	800.0	0.0	1.0	0	1800	0.0	39.2	2.0	11.0
2021105788	2024-11-16	1	1140.0	0.0	2.0	0	1800	0.0	38.5	3.0	16.0
2021105788	2025-02-01	9	0.0	1.5	1.0	0	1800	0.0	38.2	4.0	12.0
2021105788	2025-04-06	12	0.0	1.9	0.0	0	1800	2.0	39.2	4.0	16.0
2021105788	2025-06-01	6	0.0	0.7	0.0	1	1800	0.0	34.9	4.0	18.0
2021105788	2025-06-28	6	0.0	0.2	0.0	1	2000	0.0	35.7	4.0	16.0
2021105788	2025-11-22	11	0.0	1.1	0.0	1	2400	0.0	34.8	4.0	16.0
2021105788	2025-12-13	16	0.0	2.2	1.0	1	1800	0.0	35.4	4.0	16.0
2021105856	2023-11-05	1	720.0	0.0	0.0	1	2000	0.0	33.7	0.0	8.0
2021105856	2023-12-28	5	700.0	0.5	0.0	1	2000	0.0	35.4		16.0
2021105856	2024-02-11	7	0.0	0.9	1.0	1	1800	0.0	33.0		10.0
2021105856	2024-03-16	1	2022.4	0.0	0.0	1	2000	0.0	34.2		9.0
2021105856	2024-04-14	10	0.0	1.0	0.0	1	2000	0.0	35.6		17.0
2021105856	2024-05-26	16	0.0	1.3	0.0	1	2400	0.0	33.4		17.0
2021105856	2024-09-22	10	0.0	1.6	1.0	1	2200	2.0	36.2		14.0
2021105856	2024-10-20	12	0.0	3.2	0.0	1	3000	0.0	38.5		18.0
2021105856	2024-11-09	6	0.0	0.4	0.0	1	2000	0.0	34.5	4.0	14.0
2021105856	2025-02-15	2	745.8	0.3	0.0	1	2000	0.0	34.9	4.0	9.0
2021105856	2025-04-06	3	464.8	0.2	0.0	1	2000	0.0	35.2	4.0	16.0
2021105856	2025-04-27	10	0.0	1.9	0.0	1	1600	0.0	35.5		10.0
2021105856	2025-05-17	2	747.4	0.2	1.0	1	2400	2.0	36.4	4.0	12.0
2021105856	2025-06-15	12	0.0	3.1	1.0	1	2400	2.0	39.4	4.0	15.0
2021105856	2025-11-09	10	0.0	1.3	2.0	1	2000	0.0	34.6	4.0	12.0
2021105889	2023-12-17	1	720.0	0.0	0.0	1	2000	0.0	36.1	0.0	11.0
2021105889	2024-02-11	8	0.0	0.8	0.0	1	2000	0.0	34.9	2.0	10.0
2021105889	2024-03-30	6	0.0	1.8	0.0	1	2400	0.0	36.6	2.0	7.0
2021105889	2024-06-15	14	0.0	3.4	1.0	0	1800	0.0	41.4	2.0	14.0
2021105889	2024-10-26	9	0.0	1.4	1.0	1	2000	0.0	35.7	2.0	11.0
2021105889	2025-02-08	11	0.0	1.4	1.0	1	2600	2.0	36.9	5.0	14.0
2021105889	2025-03-01	15	0.0	4.6	1.0	1	2600	0.0	40.3	5.0	16.0
2021105889	2025-03-15	16	0.0	1.4	1.0	1	2200	0.0	36.1	2.0	18.0
2021105889	2025-04-06	11	0.0	3.8	0.0	1	2000	0.0	38.5	2.0	11.0
2021105889	2025-05-04	6	0.0	1.6	0.0	1	1600	0.0	34.7	2.0	9.0
2021105889	2025-07-26	10	0.0	1.8	0.0	1	1600	0.0	35.3	2.0	10.0
2021105889	2025-08-16	10	0.0	2.7	0.0	1	1600	0.0	35.7	2.0	10.0
2021105889	2025-09-07	7	0.0	2.2	0.0	0	1800	0.0	39.6	2.0	9.0
2021105889	2025-11-06	1	180.0	0.0	0.0	0	1800	2.0	39.1	5.0	14.0
2021105889	2025-12-09	8	0.0	3.3	0.0	0	1800	0.0	41.3	11.0	14.0
2021105889	2025-12-26	6	0.0	1.5	0.0	0	2000	1.0	40.7	5.0	16.0
2021106193	2023-10-01	3	180.0	0.1	1.0	1	1800	0.0	35.9	0.0	14.0
2021106193	2023-10-28	2	220.0	0.1	0.0	1	1800	0.0	33.4	1.0	10.0
2021106193	2023-12-09	3	140.0	0.4	0.0	1	1800	0.0	35.2	1.0	16.0
2021106193	2024-01-06	3	140.0	0.0	0.0	1	2000	0.0	35.5	1.0	17.0
2021106193	2024-07-14	2	220.0	0.1	0.0	1	2000	0.0	36.2	1.0	16.0
2021106193	2024-08-03	2	220.0	0.0	0.0	1	2000	0.0	35.5	1.0	16.0
2021106193	2024-08-17	1	550.0	0.0	1.0	1	2000	0.0	37.2	1.0	16.0
2021106193	2025-01-12	4	120.0	0.3	1.0	1	2200	0.0	34.9	2.0	18.0
2021106193	2025-02-23	2	320.0	0.1	0.0	1	1800	0.0	33.7	2.0	15.0
2021106193	2025-04-06	7	0.0	0.7	0.0	1	2000	0.0	36.0	2.0	11.0
2021106193	2025-09-06	1	1152.0	0.0	1.0	1	2000	0.0	35.8	5.0	15.0
2021106193	2025-10-04	1	1140.0	0.0	1.0	1	2000	1.0	34.7	3.0	12.0
2021106193	2025-11-22	3	464.9	0.5	0.0	1	2400	0.0	33.9	4.0	16.0
2021106193	2026-01-04	2	755.6	0.0	1.0	1	2000	0.0	33.9	4.0	9.0
2021106583	2023-06-17	13	0.0	3.8	0.0	0	1400	0.0	39.7	0.0	16.0
2021106583	2023-12-17	1	550.0	0.0	0.0	0	1800	0.0	41.0	1.0	15.0
2021106583	2024-03-09	11	0.0	7.8	0.0	1	2000	1.0	43.6	2.0	11.0
2021106583	2024-04-07	12	0.0	1.1	0.0	1	1200	1.0	35.6	2.0	13.0
2021106583	2024-06-29	4	120.0	0.3	0.0	0	1700	0.0	38.3	2.0	15.0
2021106583	2024-07-20	7	0.0	0.8	0.0	0	1700	0.0	38.4	2.0	15.0
2021106583	2024-09-15	8	0.0	1.8	0.0	0	1800	0.0	40.3	2.0	16.0
2021106583	2024-12-22	16	0.0	6.6	0.0	0	1800	0.0	46.0	2.0	16.0
2021106583	2025-03-08	8	0.0	4.3	1.0	2	2880	2.0	14.0	1.0	9.0
2021106583	2025-04-06	8	0.0	1.9	1.0	2	2880	0.0	13.9	1.0	12.0
2021106583	2025-07-06	7	0.0	2.1	0.0	2	2750	0.0	13.5	1.0	14.0
2021106583	2025-09-07	5	84.0	1.5	0.0	2	2880	0.0	13.9	1.0	13.0
2021106583	2025-09-27	7	0.0	2.1	1.0	2	2880	0.0	13.8	1.0	11.0
2021106583	2025-10-25	5	80.0	1.1	0.0	0	1800	0.0	38.8	2.0	14.0
2021106583	2025-11-16	15	0.0	3.1	0.0	0	1700	0.0	39.0	2.0	15.0
2021106594	2023-11-25	1	720.0	0.0	0.0	1	1400	0.0	34.7	0.0	12.0
2021106594	2024-01-27	3	272.2	0.4	0.0	1	1600	0.0	36.3	2.0	6.0
2021106594	2024-02-17	2	310.0	0.1	0.0	1	1400	0.0	34.2	2.0	10.0
2021106594	2024-03-10	8	0.0	0.5	0.0	1	1600	0.0	34.0	2.0	11.0
2021106594	2024-06-09	10	0.0	0.5	2.0	1	1200	0.0	34.9	2.0	13.0
2021106594	2024-06-23	1	800.0	0.0	0.0	1	1200	0.0	34.7	2.0	9.0
2021106594	2024-07-14	8	0.0	0.3	0.0	1	1200	0.0	35.1	5.0	12.0
2021106594	2024-08-04	14	0.0	0.8	1.0	1	1200	2.0	34.3	3.0	16.0
2021106594	2025-01-13	5	114.0	0.4	0.0	1	1200	0.0	35.3	3.0	14.0
2021106594	2025-01-26	3	290.0	0.3	0.0	1	1400	0.0	34.8	3.0	13.0
2021106594	2025-03-16	1	1582.9	0.0	1.0	1	1400	1.0	35.4	5.0	13.0
2021106594	2025-04-06	13	0.0	1.4	0.0	1	1600	0.0	34.4	4.0	14.0
2021106594	2025-06-01	6	0.0	0.5	0.0	1	1400	0.0	33.9	4.0	14.0
2021106594	2025-09-27	8	0.0	0.4	0.0	1	1200	0.0	33.3	4.0	16.0
2021106594	2025-10-25	5	184.0	0.1	1.0	1	1400	0.0	33.5	4.0	13.0
2021106683	2023-06-25	7	0.0	3.7	1.0	1	1800	0.0	37.7	0.0	7.0
2021106683	2023-09-17	9	0.0	1.1	0.0	1	1400	0.0	35.3	1.0	13.0
2021106683	2023-10-09	9	0.0	0.7	1.0	1	1400	1.0	36.6	1.0	12.0
2021106683	2023-11-12	3	140.0	0.4	1.0	1	1600	0.0	35.7	1.0	13.0
2021106683	2023-12-09	6	0.0	1.1	0.0	1	1600	0.0	34.3	1.0	9.0
2021106683	2024-03-17	6	0.0	0.9	1.0	1	1600	0.0	34.3	1.0	16.0
2021106683	2024-03-24	5	55.0	1.1	3.0	1	1600	1.0	35.6	1.0	18.0
2021106683	2024-06-23	2	220.0	0.3	2.0	1	1600	1.0	35.2	1.0	18.0
2021106683	2024-07-07	9	0.0	2.3	0.0	1	1800	0.0	37.7	1.0	16.0
2021106683	2024-08-17	4	83.0	0.7	0.0	0	1900	0.0	38.6	1.0	11.0
2021106683	2025-02-23	10	0.0	2.9	1.0	0	1800	0.0	40.2	2.0	12.0
2021106683	2025-04-06	6	0.0	0.9	2.0	1	1800	0.0	34.6	2.0	13.0
2021106683	2025-04-26	10	0.0	1.0	1.0	1	1600	0.0	33.7	2.0	12.0
2021106683	2025-05-04	8	0.0	0.4	0.0	1	1400	0.0	35.4	2.0	13.0
2021106683	2025-05-11	8	0.0	0.8	0.0	1	1400	0.0	33.7	2.0	12.0
2021106683	2025-10-05	14	0.0	2.0	1.0	1	1800	0.0	34.4	2.0	14.0
2021106683	2025-12-02	2	13.7	0.2	1.0	0	1500	0.0	40.4	10.0	8.0
2021106787	2023-06-10	12	0.0	4.6	1.0	1	1600	0.0	36.4	0.0	12.0
2021106787	2023-09-10	4	83.0	0.9	0.0	1	2000	0.0	36.0	1.0	10.0
2021106787	2023-09-30	2	220.0	0.1	1.0	1	2000	0.0	35.2	1.0	14.0
2021106787	2023-10-29	1	550.0	0.0	2.0	1	2000	1.0	36.2	1.0	15.0
2021106787	2023-11-25	8	0.0	0.6	0.0	1	2000	0.0	35.9		14.0
2021106787	2024-01-08	2	310.0	0.1	0.0	1	2000	0.0	34.9	2.0	11.0
2021106787	2024-03-03	1	5478.4	0.0	0.0	1	2000	0.0	34.9		11.0
2021106787	2024-04-14	2	8750.4	0.0	0.0	1	2000	0.0	34.2		17.0
2021106787	2024-05-26	6	0.0	0.8	0.0	1	2400	0.0	34.3		17.0
2021106787	2024-09-16	2	2228.0	0.3	1.0	1	2200	0.0	34.2		14.0
2021106787	2024-10-20	14	0.0	4.3	0.0	1	3000	0.0	39.4		18.0
2021106787	2024-12-07	6	0.0	0.7	1.0	1	2000	0.0	35.6		18.0
2021106787	2025-01-26	3	1618.4	0.1	0.0	1	2200	0.0	36.4		18.0
2021106787	2025-04-06	8	0.0	0.6	0.0	1	2000	0.0	34.6		15.0
2021106787	2025-08-17	10	0.0	1.1	1.0	1	2000	2.0	36.1		16.0
2021106787	2025-09-21	8	0.0	0.8	1.0	1	2200	0.0	35.2		11.0
2021106787	2025-11-02	12	0.0	0.6	1.0	1	2000	0.0	33.3		14.0
2021106787	2025-11-30	9	0.0	1.6	0.0	1	2400	0.0	35.6		17.0
2021106787	2025-12-28	2	20100.8	0.1	0.0	1	2500	0.0	35.5		16.0
2021107063	2023-09-03	3	180.0	0.6	0.0	1	1400	0.0	35.5	0.0	18.0
2021107063	2023-09-17	1	550.0	0.0	0.0	1	1400	0.0	35.8	1.0	13.0
2021107063	2023-11-04	17	0.0	1.9	1.0	1	1400	0.0	34.9		18.0
2021107063	2024-02-17	8	0.0	0.6	0.0	1	1400	0.0	34.5	2.0	10.0
2021107063	2024-03-02	15	0.0	1.3	1.0	1	1600	2.0	36.0		16.0
2021107063	2024-06-09	2	320.0	0.2	1.0	1	1200	2.0	35.1	2.0	13.0
2021107063	2024-06-30	5	80.0	0.5	1.0	1	1200	2.0	35.7	2.0	17.0
2021107063	2024-09-01	7	0.0	0.6	1.0	1	1400	1.0	35.3	2.0	18.0
2021107063	2024-09-07	10	0.0	1.8	0.0	0	1200	0.0	37.4	2.0	14.0
2021107063	2024-11-03	11	0.0	0.8	0.0	1	1200	2.0	36.5	2.0	16.0
2021107063	2025-02-08	1	800.0	0.0	1.0	1	1200	2.0	35.8	2.0	18.0
2021107063	2025-03-08	4	170.0	0.2	1.0	1	1200	0.0	34.2	3.0	11.0
2021107063	2025-04-06	2	460.0	0.1	0.0	1	1200	0.0	33.8	3.0	10.0
2021107063	2025-04-26	9	0.0	0.7	0.0	1	1200	0.0	34.8	3.0	15.0
2021107063	2025-11-08	1	1593.4	0.0	0.0	1	1200	0.0	34.8	5.0	16.0
2021107063	2025-12-28	1	1863.1	0.0	0.0	1	1200	0.0	33.2	4.0	10.0
2021110056	2023-06-17	5	72.0	1.3	0.0	0	1200	0.0	37.4	0.0	13.0
2021110056	2023-07-01	2	220.0	0.2	1.0	1	1400	3.0	36.7	1.0	7.0
2021110056	2023-09-03	3	140.0	0.3	0.0	1	1200	0.0	35.1	1.0	14.0
2021110056	2023-09-23	3	140.0	0.4	1.0	1	1200	0.0	34.9	1.0	10.0
2021110056	2023-10-09	1	550.0	0.0	1.0	0	1200	1.0	36.8	1.0	10.0
2021110056	2023-10-22	4	160.0	1.0	0.0	0	1400	0.0	38.5	2.0	8.0
2021110056	2023-12-10	1	780.0	0.0	0.0	0	1200	0.0	36.9	2.0	7.0
2021110056	2024-01-17	2	700.0	0.0	0.0	0	1800	0.0	41.2		9.0
2021110056	2024-04-29	8	0.0	1.9	3.0	0	1400	0.0	40.9		11.0
2021110056	2024-09-14	2	749.6	0.1	0.0	0	1200	0.0	37.0	4.0	16.0
2021110056	2024-10-05	2	749.8	0.3	0.0	0	1200	2.0	37.2	4.0	16.0
2021110056	2024-11-02	8	0.0	1.7	3.0	0	1200	3.0	37.0	4.0	16.0
2021110056	2024-11-30	5	184.0	0.4	0.0	0	1200	2.0	36.6	4.0	15.0
2021110056	2025-04-06	1	1865.9	0.0	0.0	0	1200	0.0	37.1	4.0	11.0
2021110056	2025-04-26	10	0.0	1.1	0.0	0	1200	0.0	36.5	5.0	14.0
2021110056	2025-07-20	6	0.0	0.7	0.0	0	1150	0.0	36.0	5.0	13.0
2021110056	2025-09-14	14	0.0	1.8	1.0	0	1200	2.0	37.1	5.0	16.0
2021110056	2025-10-04	17	0.0	3.0	1.0	1	1200	1.0	36.1		18.0
2021110056	2025-11-16	11	0.0	0.9	0.0	0	1700	0.0	38.9		15.0
2021110056	2025-12-21	9	0.0	0.9	1.0	0	1400	2.0	37.3	5.0	16.0
2021110056	2026-01-10	6	0.0	0.6	0.0	0	1400	0.0	37.0		16.0
2021110087	2023-12-16	1	720.0	0.0	1.0	1	1200	2.0	34.7	0.0	11.0
2021110087	2024-01-13	9	0.0	1.1	1.0	1	1400	0.0	35.4		9.0
2021110087	2024-03-16	9	0.0	1.2	0.0	1	1200	0.0	35.5	2.0	10.0
2021110087	2024-07-28	4	120.0	0.2	1.0	0	1200	2.0	37.4	2.0	15.0
2021110087	2024-08-25	5	80.0	0.9	1.0	0	1200	0.0	37.5	2.0	15.0
2021110087	2024-09-14	1	800.0	0.0	0.0	0	1400	0.0	37.1	2.0	15.0
2021110087	2024-10-27	1	1140.0	0.0	1.0	0	1400	0.0	37.1	3.0	12.0
2021110087	2025-01-18	16	0.0	3.7	0.0	0	1400	0.0	38.5	4.0	16.0
2021110087	2025-02-22	12	0.0	1.6	1.0	0	1400	0.0	38.5	4.0	16.0
2021110087	2025-04-06	11	0.0	2.4	0.0	0	1200	0.0	37.8	4.0	11.0
2021110087	2025-04-20	11	0.0	1.6	1.0	1	1400	0.0	36.4	4.0	11.0
2021110087	2025-11-23	16	0.0	4.7	0.0	0	1400	0.0	41.3	4.0	16.0
2021110088	2024-03-16	4	83.0	1.0	0.0	1	2000	0.0	35.7	1.0	12.0
2021110088	2024-04-06	4	83.0	0.8	0.0	1	2000	0.0	36.2	1.0	16.0
2021110088	2024-07-14	1	550.0	0.0	3.0	1	2000	1.0	38.5	1.0	18.0
2021110088	2024-09-21	8	0.0	0.9	0.0	1	2000	0.0	34.9	2.0	16.0
2021110088	2024-11-02	3	286.1	0.7	3.0	1	2000	1.0	38.4	5.0	14.0
2021110088	2024-11-24	1	800.0	0.0	1.0	1	1800	0.0	34.3	2.0	18.0
2021110088	2025-01-19	1	1140.0	0.0	1.0	1	1800	0.0	34.6	3.0	14.0
2021110088	2025-02-09	3	464.8	0.0	0.0	1	1800	0.0	34.7	4.0	16.0
2021110088	2025-03-23	4	280.0	0.3	0.0	1	1800	0.0	35.1	4.0	16.0
2021110088	2025-04-06	8	0.0	0.7	0.0	1	2000	0.0	36.4	4.0	16.0
2021110088	2025-06-28	5	184.0	0.2	0.0	1	2000	0.0	36.1	4.0	16.0
2021110088	2025-10-05	7	0.0	0.7	1.0	1	2000	2.0	34.8	4.0	9.0
2021110088	2025-11-01	2	748.0	0.0	1.0	1	1600	0.0	33.2	4.0	12.0
2021110103	2023-12-09	2	235.0	0.1	0.0	0	1800	0.0	38.1	0.0	9.0
2021110103	2024-01-20	2	220.0	0.6	2.0	0	1800	2.0	39.1	1.0	12.0
2021110103	2024-02-17	3	140.0	1.6	1.0	0	1800	2.0	38.4	1.0	15.0
2021110103	2024-06-08	1	550.0	0.0	0.0	0	1700	0.0	37.4	1.0	14.0
2021110103	2024-07-13	1	1138.7	0.0	0.0	0	1700	0.0	36.4	5.0	12.0
2021110103	2024-07-21	1	1567.5	0.0	0.0	0	1700	0.0	37.0	5.0	8.0
2021110103	2024-10-13	4	280.0	0.6	0.0	0	1800	0.0	36.8	4.0	13.0
2021110103	2025-01-13	6	0.0	1.2	0.0	0	1800	0.0	37.4	4.0	15.0
2021110103	2025-04-06	10	0.0	1.7	0.0	0	1800	2.0	38.6	4.0	16.0
2021110103	2025-07-27	3	462.5	0.8	0.0	0	1700	1.0	36.3	4.0	8.0
2021110103	2025-08-16	4	280.0	0.4	0.0	0	1700	0.0	37.6	4.0	14.0
2022100004	2025-02-16	6	0.0	1.5	0.0	0	1600	0.0	37.5	0.0	16.0
2022100004	2025-03-08	10	0.0	3.8	0.0	0	1800	0.0	41.0	1.0	12.0
2022100004	2025-04-06	8	0.0	1.4	0.0	0	1400	0.0	38.5	1.0	16.0
2022100004	2025-05-31	13	0.0	1.4	1.0	1	1400	0.0	35.3	1.0	17.0
2022100004	2025-06-29	7	0.0	1.4	1.0	0	1000	0.0	36.6	1.0	12.0
2022100004	2025-07-19	4	84.0	1.2	1.0	0	1000	0.0	35.4	1.0	12.0
2022100004	2025-11-05	7	0.0	2.5	1.0	0	1400	0.0	41.4	11.0	10.0
2022100004	2025-11-14	3	10.0	0.7	0.0	0	1400	0.0	39.9		10.0
2022100004	2025-11-27	1	40.0	0.0	1.0	0	1400	0.0	38.9	10.0	8.0
2022100076	2024-06-16	2	290.0	0.7	1.0	1	1200	0.0	34.7	0.0	7.0
2022100076	2024-06-30	5	55.0	1.8	0.0	1	1200	0.0	37.5	1.0	5.0
2022100076	2024-12-01	3	140.0	0.6	0.0	0	1200	0.0	38.2	1.0	16.0
2022100076	2024-12-15	4	83.0	0.6	0.0	0	1200	0.0	38.7	1.0	16.0
2022100076	2025-01-05	5	56.0	1.2	0.0	0	1200	0.0	38.7	1.0	16.0
2022100076	2025-01-18	5	56.0	1.2	0.0	0	1200	0.0	38.7	1.0	16.0
2022100076	2025-02-15	1	560.0	0.0	0.0	0	1700	0.0	38.6	1.0	14.0
2022100076	2025-04-06	14	0.0	5.1	2.0	0	1800	2.0	43.9	2.0	14.0
2022100076	2025-06-14	12	0.0	3.0	1.0	0	1700	0.0	40.0	2.0	14.0
2022100076	2025-06-28	14	0.0	4.8	0.0	0	1700	2.0	42.2	2.0	14.0
2022100076	2025-09-07	13	0.0	6.1	0.0	0	1700	2.0	44.3	2.0	14.0
2022100076	2025-10-25	9	0.0	0.7	1.0	1	1000	0.0	32.8	5.0	18.0
2022100076	2025-11-08	12	0.0	2.1	0.0	1	1600	0.0	33.9	2.0	14.0
2022100076	2025-11-24	18	0.0	3.5	0.0	1	1600	0.0	37.3	2.0	18.0
2022100083	2024-07-20	4	110.0	3.3	0.0	0	1700	0.0	39.0	0.0	14.0
2022100083	2024-08-17	4	83.0	0.4	1.0	0	1700	0.0	37.0	1.0	14.0
2022100083	2024-11-03	5	55.0	0.9	0.0	0	1600	1.0	38.1	1.0	15.0
2022100083	2024-11-24	12	0.0	3.3	0.0	0	1600	0.0	38.5	1.0	16.0
2022100083	2025-04-06	4	84.0	1.1	1.0	0	1800	2.0	38.5	1.0	13.0
2022100083	2025-04-26	12	0.0	2.4	0.0	0	1700	0.0	40.8	1.0	15.0
2022100083	2025-07-05	8	0.0	1.1	0.0	1	1800	0.0	36.6	1.0	16.0
2022100083	2025-08-19	6	0.0	1.9	0.0	1	1700	0.0	37.6		12.0
2022100083	2025-09-14	8	0.0	2.8	1.0	0	1800	2.0	39.4	2.0	15.0
2022100083	2025-09-27	8	0.0	1.4	0.0	0	1800	0.0	38.9	2.0	13.0
2022100083	2025-10-18	15	0.0	5.2	0.0	0	1600	0.0	40.5	2.0	15.0
2022100093	2025-02-02	13	0.0	2.9	2.0	0	1600	2.0	39.7	0.0	16.0
2022100093	2025-04-06	7	0.0	1.6	1.0	0	1800	2.0	40.7	1.0	13.0
2022100093	2025-04-26	13	0.0	3.5	1.0	0	2100	2.0	40.3	1.0	16.0
2022100093	2025-06-15	14	0.0	6.3	2.0	0	2100	1.0	41.9	1.0	16.0
2022100096	2024-11-17	11	0.0	3.0	0.0	0	1600	0.0	39.3	0.0	16.0
2022100096	2025-02-08	9	0.0	3.1	0.0	0	1600	0.0	39.0	1.0	16.0
2022100096	2025-04-06	7	0.0	2.7	1.0	0	1800	2.0	39.3	1.0	13.0
2022100096	2025-05-10	8	0.0	2.9	2.0	0	2100	1.0	36.9	1.0	14.0
2022100096	2025-07-27	12	0.0	2.6	0.0	0	1800	0.0	41.4	1.0	15.0
2022100096	2025-09-15	7	0.0	3.6	1.0	0	1800	0.0	40.0	1.0	16.0
2022100098	2025-01-18	1	620.0	0.0	0.0	0	1400	0.0	38.4	0.0	16.0
2022100098	2025-03-09	1	800.0	0.0	0.0	0	1400	0.0	37.7	2.0	16.0
2022100098	2025-04-06	9	0.0	1.1	0.0	0	1400	0.0	38.7	5.0	15.0
2022100098	2025-07-05	5	155.0	1.1	0.0	0	1700	0.0	36.9	5.0	15.0
2022100098	2025-08-02	3	394.4	1.2	0.0	0	1700	0.0	37.9	5.0	14.0
2022100098	2025-08-24	1	1594.1	0.0	0.0	0	1700	0.0	37.3	3.0	14.0
2022100098	2025-11-24	14	0.0	1.8	1.0	0	1700	0.0	38.3	4.0	15.0
2022100098	2025-12-21	12	0.0	2.0	1.0	0	1800	1.0	38.9	4.0	15.0
2022100137	2025-03-08	13	0.0	2.2	0.0	0	1200	0.0	38.4	1.0	16.0
2022100137	2025-03-23	16	0.0	3.4	0.0	0	1200	0.0	40.6	1.0	16.0
2022100137	2025-04-06	15	0.0	3.2	0.0	0	1400	0.0	39.7	1.0	16.0
2022100137	2025-07-15	12	0.0	5.5	1.0	0	1400	0.0	44.2		12.0
2022100137	2025-07-29	9	0.0	6.3	0.0	0	1400	0.0	44.2		9.0
2022100137	2025-09-08	6	0.0	5.6	3.0	0	1500	3.0	41.7		11.0
2022100137	2025-09-20	7	0.0	1.2	1.0	0	1500	0.0	41.3	10.0	10.0
2022100137	2025-10-07	8	0.0	5.6	1.0	0	1400	0.0	45.2	10.0	8.0
2022100137	2025-10-25	2	14.4	0.8	0.0	0	900	0.0	37.1	10.0	10.0
2022100137	2025-11-23	5	4.5	1.5	0.0	0	900	1.0	37.7	5.0	9.0
2022100137	2025-12-01	7	0.0	2.5	1.0	0	1500	2.0	45.0	10.0	7.0
2022100137	2025-12-15	2	14.4	0.4	1.0	0	900	3.0	36.9	5.0	10.0
2022100137	2025-12-28	4	5.7	1.1	0.0	0	900	3.0	36.6	11.0	10.0
2022100182	2024-10-06	15	0.0	4.3	1.0	0	1600	1.0	40.1	0.0	16.0
2022100182	2024-10-26	10	0.0	2.3	1.0	0	1600	0.0	38.6	1.0	16.0
2022100182	2025-02-23	4	84.0	0.8	0.0	0	2100	0.0	39.2	1.0	16.0
2022100182	2025-03-16	4	84.0	0.5	3.0	0	1800	3.0	39.7	1.0	15.0
2022100182	2025-04-06	3	140.0	0.5	1.0	0	1800	2.0	37.8	1.0	13.0
2022100182	2025-04-27	1	560.0	0.0	0.0	0	1700	0.0	38.6	1.0	15.0
2022100182	2025-09-28	12	0.0	1.4	0.0	0	1800	0.0	39.0	2.0	16.0
2022100182	2025-10-26	8	0.0	1.3	2.0	0	1600	3.0	35.9	2.0	16.0
2022100182	2025-11-23	10	0.0	2.1	1.0	0	2100	0.0	38.8	2.0	16.0
2022100187	2024-10-27	6	0.0	3.3	0.0	0	1800	0.0	39.3	0.0	16.0
2022100187	2024-11-10	8	0.0	4.1	0.0	0	1800	0.0	41.5	1.0	10.0
2022100187	2025-03-01	8	0.0	2.0	1.0	0	1700	0.0	38.6	1.0	16.0
2022100187	2025-03-22	8	0.0	1.4	0.0	0	1800	0.0	39.7	1.0	12.0
2022100187	2025-04-06	11	0.0	5.3	0.0	0	1800	0.0	40.1	1.0	15.0
2022100187	2025-06-21	12	0.0	4.0	0.0	0	1800	0.0	43.2	1.0	16.0
2022100187	2025-10-12	6	0.0	2.0	2.0	0	1200	0.0	39.0	10.0	9.0
2022100187	2025-10-19	5	2.8	1.3	1.0	0	1200	1.0	37.5	10.0	11.0
2022100187	2025-11-01	5	2.8	2.5	1.0	0	1200	3.0	37.8	10.0	8.0
2022100187	2025-11-10	3	8.0	0.8	1.0	0	1200	2.0	38.5	10.0	10.0
2022100187	2025-11-24	1	40.0	0.0	1.0	0	1300	0.0	39.8	10.0	11.0
2022100187	2025-12-09	3	8.0	0.7	1.0	0	1300	3.0	39.1	10.0	10.0
2022100187	2025-12-15	9	0.0	1.7	1.0	0	1400	3.0	41.0	10.0	12.0
2022100187	2025-12-30	8	0.0	2.5	1.0	0	1400	1.0	39.8	10.0	9.0
2022100278	2024-10-20	6	0.0	3.0	0.0	0	1400	0.0	37.5	0.0	16.0
2022100278	2024-11-10	4	83.0	1.6	1.0	0	1400	0.0	38.7	1.0	15.0
2022100278	2025-02-23	12	0.0	2.4	0.0	0	1400	0.0	39.7	1.0	16.0
2022100278	2025-04-06	10	0.0	3.5	1.0	0	1800	2.0	39.6	1.0	13.0
2022100278	2025-05-11	10	0.0	1.8	0.0	0	1400	2.0	36.9	1.0	16.0
2022100278	2025-09-07	5	56.0	1.1	0.0	0	1200	0.0	37.0	1.0	16.0
2022100278	2025-09-14	10	0.0	3.1	1.0	0	1800	2.0	40.5	1.0	16.0
2022100278	2025-10-21	2	56.0	1.1	1.0	0	1200	2.0	38.0		10.0
2022100278	2025-11-10	1	100.0	0.0	0.0	0	1200	2.0	37.0	10.0	13.0
2022100278	2025-12-03	1	100.0	0.0	1.0	0	1200	0.0	37.3	10.0	15.0
2022100278	2025-12-30	2	40.0	0.1	0.0	0	1200	2.0	38.4	10.0	14.0
2022100328	2025-01-13	4	93.0	0.2	0.0	1	1600	0.0	35.3	0.0	16.0
2022100328	2025-02-01	1	560.0	0.0	0.0	0	1400	0.0	37.1	1.0	15.0
2022100328	2025-03-23	2	320.0	0.3	0.0	0	1200	0.0	37.5	2.0	15.0
2022100328	2025-04-06	10	0.0	1.5	0.0	0	1400	0.0	38.3	5.0	15.0
2022100328	2025-06-22	3	200.0	0.6	0.0	0	1400	0.0	37.8	2.0	16.0
2022100328	2025-08-02	2	320.0	0.2	0.0	0	1400	0.0	38.8	2.0	13.0
2022100328	2025-09-20	1	800.0	0.0	1.0	0	1400	0.0	36.5	2.0	16.0
2022100328	2025-10-18	6	0.0	0.9	1.0	0	1400	0.0	36.9	3.0	14.0
2022100417	2024-10-05	5	72.0	0.5	2.0	1	1600	0.0	34.8	0.0	15.0
2022100417	2024-10-27	4	83.0	0.9	0.0	1	1400	0.0	34.5	1.0	11.0
2022100417	2024-11-24	7	0.0	1.2	0.0	1	1600	0.0	35.3	1.0	18.0
2022100417	2025-04-06	1	560.0	0.0	2.0	1	1600	0.0	34.4	1.0	16.0
2022100417	2025-04-27	7	0.0	1.3	0.0	1	1600	0.0	35.6	2.0	9.0
2022100417	2025-07-06	3	200.0	0.3	0.0	1	1800	0.0	36.5	2.0	14.0
2022100417	2025-07-27	1	800.0	0.0	0.0	1	1400	0.0	33.9	2.0	16.0
2022100417	2025-11-23	16	0.0	1.1	1.0	1	1400	0.0	33.3	3.0	18.0
2022100417	2025-12-21	10	0.0	1.0	3.0	1	1600	1.0	35.4	3.0	16.0
2022100469	2025-02-02	3	160.0	0.1	2.0	0	1600	2.0	37.7	0.0	16.0
2022100469	2025-04-06	11	0.0	2.6	1.0	0	1800	2.0	43.4	1.0	13.0
2022100476	2024-11-09	4	110.0	3.3	0.0	0	1800	0.0	39.4	0.0	15.0
2022100476	2024-11-24	4	83.0	1.1	1.0	0	1800	0.0	40.2	1.0	13.0
2022100476	2025-02-23	2	220.0	0.3	0.0	0	1400	0.0	37.3	1.0	16.0
2022100476	2025-03-16	5	56.0	1.2	1.0	0	1400	1.0	37.0	1.0	16.0
2022100476	2025-04-06	1	560.0	0.0	0.0	0	1400	0.0	37.5	1.0	16.0
2022100490	2024-06-29	2	290.0	0.8	0.0	1	1200	0.0	35.0	0.0	9.0
2022100490	2024-07-13	7	0.0	0.6	0.0	1	1200	0.0	35.6		14.0
2022100490	2024-08-11	1	550.0	0.0	0.0	1	1200	0.0	34.3	1.0	7.0
2022100490	2024-09-01	3	403.1	0.4	0.0	1	1200	2.0	35.8	5.0	10.0
2022100490	2024-09-21	2	645.0	0.5	1.0	1	1200	0.0	33.8	5.0	8.0
2022100490	2024-11-02	2	1215.4	0.0	3.0	1	1400	3.0	34.7		15.0
2022100490	2024-12-08	9	0.0	1.0	1.0	1	1600	0.0	35.7		18.0
2022100490	2025-03-08	5	520.0	0.5	1.0	1	1400	0.0	35.8		18.0
2022100490	2025-03-22	12	0.0	1.1	0.0	1	1400	0.0	34.9		18.0
2022100490	2025-04-06	8	0.0	0.9	0.0	0	1400	0.0	37.6	5.0	15.0
2022100490	2025-07-20	1	1578.7	0.0	0.0	1	1200	0.0	34.2	5.0	13.0
2022100490	2025-07-26	9	0.0	1.1	2.0	1	1200	0.0	34.2	4.0	12.0
2022100490	2025-08-31	13	0.0	1.7	1.0	1	1500	2.0	36.7	4.0	13.0
2022100490	2025-11-09	7	0.0	0.6	2.0	0	1200	3.0	35.4	4.0	12.0
2022100490	2025-11-29	7	0.0	0.3	0.0	1	1400	0.0	33.9	4.0	12.0
2022100490	2025-12-14	1	1861.7	0.0	0.0	1	1200	2.0	34.0	4.0	10.0
2022100490	2026-01-11	11	0.0	0.6	0.0	1	1200	0.0	33.5		16.0
2022100512	2024-10-19	13	0.0	1.9	0.0	1	1400	0.0	35.4	0.0	17.0
2022100512	2024-12-21	10	0.0	2.1	0.0	0	1200	0.0	38.7	1.0	16.0
2022100512	2025-03-22	7	0.0	2.6	0.0	0	1200	1.0	38.5	1.0	16.0
2022100512	2025-04-06	5	56.0	1.1	1.0	0	1200	2.0	37.8	1.0	16.0
2022100512	2025-04-27	10	0.0	2.4	0.0	0	1150	0.0	38.4	1.0	16.0
2022100512	2025-07-12	10	0.0	1.7	1.0	0	1150	0.0	37.0	1.0	16.0
2022100512	2025-09-08	1	50.0	0.0	1.0	0	1200	0.0	37.3	10.0	9.0
2022100512	2025-10-07	3	8.0	0.7	1.0	0	1400	2.0	41.4	10.0	8.0
2022100512	2025-11-05	3	30.0	1.1	1.0	0	1200	0.0	39.0		11.0
2022100512	2025-12-10	4	15.0	0.5	0.0	0	1200	0.0	39.3		10.0
2022100534	2025-01-13	10	0.0	2.0	0.0	0	1200	0.0	36.9	0.0	15.0
2022100534	2025-03-22	10	0.0	1.4	0.0	0	1400	0.0	40.1	1.0	15.0
2022100534	2025-04-06	12	0.0	5.3	0.0	0	1800	0.0	40.1	1.0	15.0
2022100534	2025-05-25	6	0.0	1.6	0.0	0	1300	3.0	40.7		11.0
2022100534	2025-06-07	3	15.0	0.4	1.0	0	1400	2.0	40.0		8.0
2022100534	2025-06-22	5	6.0	0.6	1.0	0	1300	1.0	40.1		11.0
2022100534	2025-07-06	3	15.0	1.2	0.0	0	1400	0.0	39.6		11.0
2022100534	2025-08-16	1	40.0	0.0	0.0	0	1300	0.0	37.9	10.0	9.0
2022100534	2025-09-04	1	40.0	0.0	2.0	0	1400	0.0	39.5	10.0	12.0
2022100534	2025-09-21	1	40.0	0.0	0.0	0	1300	1.0	38.3	10.0	12.0
2022100534	2025-10-05	1	45.0	0.0	1.0	0	1400	1.0	39.9	10.0	10.0
2022100534	2025-10-27	1	42.0	0.0	0.0	0	1300	0.0	39.1	11.0	8.0
2022100534	2025-11-07	7	0.0	0.7	0.0	0	1300	0.0	39.4	11.0	12.0
2022100534	2025-11-22	5	3.4	1.1	0.0	0	1400	0.0	40.4	11.0	9.0
2022100534	2025-12-14	5	3.4	2.1	1.0	0	1400	2.0	39.5	11.0	11.0
2022100534	2026-01-05	10	0.0	3.2	0.0	0	1400	0.0	39.6	11.0	11.0
2022100546	2024-09-14	15	0.0	6.9	0.0	0	1800	0.0	44.3	0.0	16.0
2022100546	2025-03-29	15	0.0	3.0	0.0	1	2200	1.0	37.6	1.0	18.0
2022100546	2025-04-06	13	0.0	5.4	0.0	0	1800	0.0	40.4	1.0	15.0
2022100546	2025-05-07	9	0.0	3.2	1.0	0	1400	1.0	41.2	11.0	12.0
2022100546	2025-05-22	10	0.0	3.2	1.0	0	1400	2.0	40.8	11.0	10.0
2022100546	2025-06-11	7	0.0	3.7	1.0	0	1400	3.0	42.8	11.0	10.0
2022100546	2025-11-04	8	0.0	1.7	0.0	0	1400	2.0	41.5	9.0	10.0
2022100707	2025-04-06	7	0.0	1.1	2.0	1	1600	0.0	34.5	1.0	16.0
2022100707	2025-04-27	14	0.0	2.4	0.0	1	1800	0.0	36.3	1.0	14.0
2022100707	2025-06-21	10	0.0	1.5	0.0	0	1600	0.0	39.5	1.0	16.0
2022100707	2025-07-19	11	0.0	2.7	0.0	1	2000	0.0	39.7	1.0	16.0
2022100749	2024-10-14	4	110.0	2.3	0.0	0	1400	0.0	37.0	0.0	16.0
2022100749	2024-10-26	6	0.0	2.3	0.0	0	1800	0.0	39.4	1.0	12.0
2022100749	2024-11-10	2	220.0	0.8	1.0	0	1400	0.0	36.8	1.0	15.0
2022100749	2024-11-24	5	55.0	0.7	0.0	0	1400	0.0	36.9	1.0	16.0
2022100749	2025-02-01	5	56.0	0.5	0.0	0	1400	0.0	37.2	1.0	16.0
2022100749	2025-02-15	9	0.0	0.6	0.0	0	1400	0.0	38.3	1.0	16.0
2022100749	2025-03-23	1	560.0	0.0	0.0	0	1800	0.0	38.6	1.0	13.0
2022100749	2025-04-06	5	80.0	0.7	2.0	0	1800	2.0	38.6	2.0	14.0
2022100749	2025-05-03	8	0.0	2.0	0.0	0	1800	2.0	38.2	2.0	15.0
2022100749	2025-06-07	6	0.0	0.6	1.0	0	1600	0.0	36.8	2.0	15.0
2022100749	2025-10-18	3	200.0	0.9	1.0	0	1800	0.0	38.3	2.0	15.0
2022100749	2025-11-15	2	320.0	0.1	0.0	0	2400	0.0	39.3	2.0	16.0
2022100749	2025-12-14	2	320.0	0.3	1.0	0	2500	2.0	39.5	2.0	14.0
2022100749	2026-01-05	1	820.0	0.0	0.0	0	2400	2.0	40.1	2.0	13.0
2022100896	2024-09-22	1	720.0	0.0	1.0	1	1800	0.0	34.8	0.0	14.0
2022100896	2024-10-19	7	0.0	1.9	0.0	1	1800	0.0	34.5		8.0
2022100896	2025-01-06	10	0.0	2.6	2.0	1	2000	0.0	38.5	2.0	12.0
2022100896	2025-01-18	10	0.0	1.2	0.0	1	1600	0.0	35.1	2.0	16.0
2022100896	2025-04-06	9	0.0	1.1	1.0	1	1600	0.0	35.0	2.0	9.0
2022100896	2025-04-19	10	0.0	5.4	0.0	1	2000	0.0	40.5	2.0	10.0
2022100896	2025-05-24	12	0.0	2.2	1.0	0	1600	0.0	37.8	2.0	13.0
2022100896	2025-08-25	4	18.0	0.4	0.0	0	1400	0.0	39.5	11.0	8.0
2022100896	2025-09-12	12	0.0	1.7	1.0	0	1400	1.0	40.9	11.0	12.0
2022100896	2025-10-15	9	0.0	0.7	3.0	0	1500	1.0	40.6	11.0	14.0
2022100896	2025-11-19	8	0.0	0.8	0.0	0	1500	0.0	40.0	11.0	14.0
2022100896	2025-12-18	11	0.0	3.4	0.0	0	1500	2.0	39.9	11.0	14.0
2022100896	2026-01-02	11	0.0	1.8	0.0	0	2000	2.0	40.5	11.0	14.0
2022100916	2024-10-20	7	0.0	1.5	0.0	1	1200	0.0	34.9	0.0	17.0
2022100916	2024-11-02	10	0.0	2.4	3.0	0	1400	1.0	37.9	1.0	12.0
2022100916	2025-04-06	13	0.0	2.6	1.0	0	1200	2.0	38.5	1.0	16.0
2022100916	2025-05-11	8	0.0	2.6	1.0	0	1400	1.0	40.7		12.0
2022100916	2025-05-24	2	14.4	0.7	2.0	0	900	3.0	37.3		12.0
2022100916	2025-06-08	5	3.6	1.8	2.0	0	1400	0.0	41.8		11.0
2022100916	2025-06-21	2	14.4	0.6	1.0	0	1400	0.0	39.2		7.0
2022100916	2025-07-13	3	8.1	1.1	1.0	0	1400	2.0	41.2		11.0
2022100916	2025-09-30	11	0.0	2.6	0.0	0	1500	0.0	41.3		11.0
2022100916	2025-11-10	9	0.0	5.1	0.0	0	1500	2.0	42.3		11.0
2022100916	2025-11-20	8	0.0	0.9	0.0	0	1500	0.0	40.5	11.0	12.0
2022100916	2025-12-04	9	0.0	2.7	0.0	0	1500	2.0	42.5	10.0	12.0
2022100916	2025-12-18	11	0.0	2.8	0.0	0	1500	2.0	42.6	10.0	12.0
2022100916	2026-01-01	12	0.0	5.2	0.0	0	1500	0.0	42.4		12.0
2022100916	2026-01-13	3	11.0	0.6	1.0	0	1400	0.0	40.8	9.0	11.0
2022100933	2025-01-18	2	250.0	0.4	0.0	0	1400	0.0	38.8	0.0	16.0
2022100933	2025-02-02	5	56.0	0.9	1.0	1	1200	1.0	35.2	1.0	16.0
2022100933	2025-02-23	3	140.0	0.1	0.0	1	1200	0.0	35.1	1.0	18.0
2022100933	2025-03-16	2	220.0	1.2	2.0	0	1200	2.0	37.9	1.0	16.0
2022100933	2025-04-06	6	0.0	1.3	0.0	0	1200	0.0	38.6	1.0	16.0
2022100933	2025-05-24	2	220.0	1.0	2.0	0	1200	0.0	37.1	1.0	16.0
2022100933	2025-06-15	1	560.0	0.0	1.0	1	1200	0.0	34.1	1.0	16.0
2022100933	2025-06-28	1	1133.1	0.0	0.0	1	1200	0.0	34.2	5.0	8.0
2022100933	2025-08-16	5	155.0	0.2	0.0	1	1200	0.0	34.3	5.0	13.0
2022100933	2025-10-05	8	0.0	0.6	1.0	1	1200	2.0	34.9	3.0	16.0
2022100933	2025-11-15	8	0.0	0.8	0.0	0	1200	0.0	35.6	5.0	15.0
2022100933	2025-12-20	11	0.0	1.1	1.0	1	1200	0.0	35.0	3.0	16.0
2022100960	2024-11-16	7	0.0	1.5	1.0	1	1600	0.0	34.6	0.0	11.0
2022100960	2025-04-06	8	0.0	1.3	2.0	1	1600	0.0	35.6	1.0	16.0
2022100960	2025-05-24	4	84.0	0.3	1.0	1	1600	0.0	34.0	1.0	18.0
2022100960	2025-06-21	8	0.0	1.0	0.0	1	1600	0.0	35.1	1.0	16.0
2022100960	2025-08-23	6	0.0	1.3	0.0	1	1800	0.0	34.4	1.0	16.0
2022101020	2025-02-15	9	0.0	1.3	0.0	0	1200	0.0	40.4	0.0	16.0
2022101020	2025-04-06	5	56.0	1.2	0.0	0	1200	0.0	37.6	1.0	16.0
2022101020	2025-04-27	8	0.0	2.2	0.0	0	1150	0.0	37.5	1.0	16.0
2022101020	2025-05-10	12	0.0	6.2	1.0	0	1800	1.0	42.4	1.0	12.0
2022101020	2025-07-12	6	0.0	1.1	0.0	1	1200	0.0	34.2	1.0	14.0
2022101020	2025-08-30	11	0.0	2.0	2.0	1	1500	2.0	36.7	1.0	14.0
2022101020	2025-10-30	7	0.0	2.3	0.0	0	1400	0.0	40.9	10.0	9.0
2022101174	2024-06-30	12	0.0	1.7	1.0	1	1800	0.0	36.4	0.0	16.0
2022101174	2024-07-14	6	0.0	1.3	0.0	1	1800	0.0	36.5	1.0	8.0
2022101174	2024-08-03	6	0.0	2.0	1.0	1	1600	0.0	34.8	1.0	7.0
2022101174	2024-08-31	5	55.0	0.6	1.0	0	1800	0.0	40.0	1.0	10.0
2022101174	2024-09-15	5	55.0	2.1	0.0	0	1800	0.0	40.6	1.0	13.0
2022101174	2024-10-06	6	0.0	1.2	1.0	0	1600	1.0	36.8	1.0	11.0
2022101174	2025-02-22	16	0.0	2.8	0.0	0	1600	0.0	39.0	1.0	16.0
2022101174	2025-04-06	13	0.0	4.2	1.0	0	1800	2.0	43.8	1.0	13.0
2022101174	2025-04-19	10	0.0	5.4	0.0	0	1800	0.0	41.8	1.0	10.0
2022101174	2025-05-26	2	14.4	0.8	0.0	0	1400	2.0	40.5		9.0
2022101174	2025-06-09	2	14.4	1.1	3.0	0	1300	2.0	40.9		11.0
2022101174	2025-07-05	2	14.4	1.1	0.0	0	1400	0.0	39.9		10.0
2022101174	2025-07-21	1	45.0	0.0	0.0	0	1400	1.0	39.9		10.0
2022101174	2025-08-23	2	12.8	0.7	1.0	0	1300	3.0	38.5	10.0	11.0
2022101174	2025-09-06	7	0.0	2.1	0.0	0	1400	0.0	41.7	10.0	9.0
2022101174	2025-09-20	3	7.2	0.5	1.0	0	1400	3.0	39.3	10.0	12.0
2022101174	2025-10-04	3	7.2	0.2	3.0	0	1400	3.0	39.3	10.0	12.0
2022101174	2025-10-18	3	7.2	0.8	1.0	0	1400	0.0	39.8	10.0	11.0
2022101174	2025-11-01	5	3.2	0.8	0.0	0	1400	0.0	39.5	10.0	11.0
2022101174	2025-11-15	4	4.8	1.9	0.0	0	1400	0.0	39.7	10.0	11.0
2022101174	2025-12-06	5	3.2	1.9	0.0	0	1400	0.0	39.9	10.0	11.0
2022101174	2025-12-28	10	0.0	2.0	0.0	0	1400	2.0	40.9	10.0	12.0
2022101237	2024-08-11	12	0.0	2.1	0.0	1	1600	0.0	36.5	0.0	13.0
2022101237	2024-08-31	10	0.0	2.1	1.0	0	1800	0.0	41.0	1.0	10.0
2022101237	2024-12-01	14	0.0	3.2	0.0	0	1200	0.0	40.3	1.0	16.0
2022101237	2024-12-14	13	0.0	5.0	0.0	0	1800	0.0	43.7	1.0	16.0
2022101237	2025-04-06	16	0.0	2.3	2.0	1	1600	0.0	36.5	1.0	16.0
2022101237	2025-05-17	13	0.0	2.7	3.0	0	1200	2.0	39.1	1.0	15.0
2022101237	2025-06-27	7	0.0	3.0	0.0	0	1500	1.0	42.3		12.0
2022101237	2025-07-11	10	0.0	6.2	0.0	0	1500	0.0	43.8		12.0
2022101237	2025-07-25	7	0.0	3.2	0.0	0	1400	0.0	41.0		10.0
2022101237	2025-08-22	8	0.0	2.6	0.0	0	1500	0.0	41.6		11.0
2022101237	2025-09-05	6	0.0	2.1	2.0	0	920	3.0	39.3		12.0
2022101237	2025-10-03	6	0.0	1.0	1.0	0	920	0.0	38.4		12.0
2022101237	2025-10-14	4	8.3	1.7	1.0	0	920	0.0	37.8	9.0	12.0
2022101237	2025-10-28	11	0.0	3.2	0.0	0	1500	2.0	43.5	10.0	12.0
2022101259	2024-12-22	2	290.0	0.0	0.0	1	1600	0.0	35.6	0.0	15.0
2022101259	2025-01-19	1	560.0	0.0	2.0	1	1600	0.0	35.2	1.0	16.0
2022101259	2025-04-06	7	0.0	1.1	1.0	1	1600	0.0	35.1	2.0	9.0
2022101259	2025-05-03	5	80.0	0.5	0.0	1	1400	0.0	33.1	2.0	9.0
2022101259	2025-09-07	15	0.0	2.0	0.0	1	1200	2.0	36.5	2.0	16.0
2022101259	2025-10-05	15	0.0	1.2	0.0	1	1400	0.0	34.2	2.0	18.0
2022101259	2026-01-11	13	0.0	3.2	0.0	1	1600	0.0	37.7	2.0	16.0
2022101273	2024-08-17	9	0.0	4.5	0.0	0	1800	0.0	40.7	0.0	16.0
2022101273	2024-09-16	7	0.0	1.8	0.0	0	1800	2.0	39.1	1.0	10.0
2022101273	2024-10-05	7	0.0	4.0	0.0	0	1800	2.0	42.5	1.0	10.0
2022101273	2024-10-27	10	0.0	2.7	0.0	1	2000	0.0	37.8	1.0	12.0
2022101273	2024-12-15	4	83.0	1.7	0.0	0	1800	0.0	39.3	1.0	14.0
2022101273	2025-01-05	6	0.0	1.6	0.0	0	1800	0.0	38.9	1.0	16.0
2022101273	2025-03-22	5	56.0	1.2	0.0	0	1800	0.0	40.3	1.0	12.0
2022101273	2025-04-06	4	84.0	2.3	0.0	0	1800	0.0	38.8	1.0	15.0
2022101273	2025-05-10	7	0.0	1.2	1.0	0	1900	1.0	40.0	1.0	16.0
2022101273	2025-05-31	5	56.0	1.0	1.0	0	1800	0.0	38.4	1.0	15.0
2022101273	2025-06-29	11	0.0	2.0	0.0	0	1700	0.0	39.5	1.0	16.0
2022101273	2025-08-02	5	56.0	1.1	0.0	0	1700	0.0	38.2	1.0	14.0
2022101273	2025-08-16	11	0.0	2.5	0.0	0	1700	0.0	40.4	1.0	14.0
2022101312	2024-11-02	10	0.0	1.4	3.0	1	1600	1.0	37.6	0.0	14.0
2022101312	2025-02-08	13	0.0	2.4	0.0	1	1800	2.0	38.9	1.0	16.0
2022101312	2025-02-16	5	56.0	0.8	1.0	0	1400	2.0	39.0	1.0	16.0
2022101312	2025-04-06	2	220.0	0.5	0.0	0	1200	0.0	37.3	1.0	16.0
2022101312	2025-04-19	5	56.0	1.3	0.0	0	1150	0.0	38.4	1.0	16.0
2022101312	2025-05-10	5	56.0	0.2	1.0	0	1200	2.0	37.3	1.0	15.0
2022101312	2025-07-27	7	0.0	0.7	0.0	0	1200	0.0	37.4	1.0	16.0
2022101312	2025-09-17	9	0.0	2.5	1.0	0	1500	0.0	41.3		12.0
2022101312	2025-10-01	10	0.0	2.3	0.0	0	1500	0.0	41.7		12.0
2022101312	2025-10-16	9	0.0	3.0	1.0	0	920	3.0	37.5		12.0
2022101312	2025-11-12	1	55.0	0.0	1.0	0	1400	2.0	39.2	11.0	11.0
2022101312	2025-12-04	1	85.0	0.0	0.0	0	1400	2.0	38.5	5.0	12.0
2022101312	2025-12-18	3	17.0	0.5	0.0	0	1500	2.0	39.1	5.0	10.0
2022101312	2026-01-01	2	22.8	0.3	0.0	0	1400	0.0	39.0		12.0
2022101412	2025-03-30	10	0.0	0.9	0.0	1	1200	0.0	34.7	1.0	18.0
2022101412	2025-04-06	14	0.0	2.6	1.0	0	1200	2.0	39.7	1.0	16.0
2022101412	2025-06-21	4	84.0	0.2	1.0	1	1200	0.0	35.1	1.0	16.0
2022101412	2025-07-12	3	140.0	0.8	0.0	1	1200	0.0	35.6	1.0	14.0
2022101412	2025-07-26	2	220.0	0.0	1.0	1	1500	0.0	34.8	1.0	14.0
2022101412	2025-08-16	1	560.0	0.0	0.0	1	1500	0.0	35.4	1.0	14.0
2022101412	2025-10-25	1	800.0	0.0	1.0	1	1400	0.0	34.9	2.0	17.0
2022101412	2025-12-21	14	0.0	0.9	1.0	1	1400	2.0	35.8	5.0	18.0
2022101412	2026-01-10	14	0.0	1.5	0.0	1	1600	0.0	35.7	3.0	16.0
2022101424	2024-12-08	11	0.0	1.2	0.0	1	1800	0.0	36.1	0.0	16.0
2022101424	2025-03-16	3	140.0	1.0	2.0	0	1400	2.0	37.9	1.0	16.0
2022101424	2025-04-06	10	0.0	1.7	0.0	0	1400	0.0	38.6	1.0	16.0
2022101424	2025-06-08	4	84.0	1.3	0.0	0	1400	0.0	38.0	1.0	16.0
2022101424	2025-07-06	5	56.0	0.7	0.0	0	1700	0.0	40.2	1.0	16.0
2022101424	2025-09-07	11	0.0	1.4	0.0	0	1400	0.0	38.8	1.0	16.0
2022101424	2025-10-21	2	19.2	0.1	1.0	0	1400	0.0	38.9	10.0	12.0
2022101424	2025-11-04	7	0.0	2.4	0.0	0	1400	1.0	40.6	10.0	8.0
2022101424	2025-11-17	1	43.0	0.0	1.0	0	1500	0.0	41.1	10.0	8.0
2022101424	2025-12-08	5	4.5	0.6	3.0	0	1400	1.0	39.2	11.0	8.0
2022101424	2025-12-15	2	13.7	1.1	1.0	0	1400	3.0	38.3	10.0	8.0
2022101465	2024-11-03	6	0.0	0.9	0.0	0	1700	1.0	39.3	0.0	15.0
2022101465	2024-11-30	1	550.0	0.0	0.0	0	1800	2.0	39.7	1.0	16.0
2022101465	2025-04-06	9	0.0	1.5	2.0	0	1800	2.0	39.9	2.0	14.0
2022101465	2025-05-11	5	80.0	1.2	1.0	0	1800	2.0	37.1	2.0	11.0
2022101465	2025-06-22	7	0.0	0.9	1.0	0	1700	1.0	39.2	2.0	12.0
2022101465	2025-07-12	5	80.0	0.6	0.0	0	1700	0.0	38.6	2.0	10.0
2022101465	2025-07-26	3	200.0	0.5	2.0	0	1700	0.0	37.8	2.0	13.0
2022101465	2025-08-09	8	0.0	1.3	0.0	0	1700	1.0	37.6	2.0	11.0
2022101465	2025-09-27	3	200.0	0.1	0.0	0	1800	0.0	37.7	2.0	16.0
2022101465	2025-12-14	3	200.0	0.1	1.0	0	1800	2.0	38.3	2.0	15.0
2022101465	2026-01-12	4	120.0	1.8	0.0	0	1800	0.0	38.7	2.0	15.0
2022101557	2024-11-10	1	720.0	0.0	0.0	0	1400	0.0	37.6	0.0	14.0
2022101557	2024-12-07	9	0.0	1.4	1.0	1	1400	0.0	37.4	2.0	12.0
2022101557	2025-01-19	2	320.0	0.4	0.0	0	1200	0.0	36.3	2.0	10.0
2022101557	2025-03-02	2	320.0	0.0	2.0	0	1200	0.0	36.9	2.0	16.0
2022101557	2025-03-23	1	800.0	0.0	0.0	0	1200	0.0	37.4	2.0	15.0
2022101557	2025-04-06	11	0.0	1.5	0.0	0	1400	0.0	39.4	5.0	15.0
2022101557	2025-07-13	14	0.0	3.5	1.0	0	1000	0.0	35.7	5.0	14.0
2022101557	2025-08-02	2	628.8	0.2	0.0	0	1200	0.0	36.7	5.0	14.0
2022101557	2025-08-30	3	395.0	0.1	0.0	0	1200	0.0	37.0	5.0	16.0
2022101557	2025-10-12	2	629.2	0.2	2.0	0	1200	0.0	35.7	5.0	14.0
2022101557	2025-11-02	3	230.0	0.3	0.0	0	1200	2.0	35.6	3.0	15.0
2022101557	2026-01-11	10	0.0	1.3	0.0	0	1200	0.0	39.1	3.0	16.0
2022101607	2025-01-11	16	0.0	6.1	0.0	0	1800	0.0	44.1	0.0	16.0
2022101607	2025-03-23	3	140.0	0.7	0.0	0	1200	0.0	38.4	1.0	16.0
2022101607	2025-04-06	7	0.0	1.5	0.0	0	1200	0.0	39.1	1.0	16.0
2022101607	2025-06-14	1	560.0	0.0	0.0	0	1000	0.0	36.4	1.0	12.0
2022101607	2025-06-28	12	0.0	1.3	0.0	0	1000	2.0	36.8	2.0	12.0
2022101607	2025-08-24	2	320.0	0.1	0.0	0	1000	0.0	35.8	2.0	11.0
2022101607	2025-11-08	6	0.0	0.6	0.0	0	1150	0.0	37.9	2.0	16.0
2022101607	2025-12-07	9	0.0	1.6	0.0	0	1200	0.0	39.4	2.0	11.0
2022101629	2024-09-28	1	720.0	0.0	1.0	1	1600	0.0	34.7	0.0	15.0
2022101629	2024-10-26	8	0.0	0.7	1.0	1	1600	0.0	33.5		11.0
2022101629	2025-01-18	14	0.0	1.4	0.0	1	1600	0.0	35.1	2.0	16.0
2022101629	2025-04-06	8	0.0	1.1	1.0	1	1600	0.0	35.6	2.0	9.0
2022101629	2025-05-11	11	0.0	1.6	1.0	1	1200	2.0	37.9	2.0	13.0
2022101629	2025-07-27	2	320.0	0.2	0.0	1	1400	0.0	35.1	2.0	16.0
2022101629	2025-08-10	1	800.0	0.0	3.0	1	1400	1.0	36.4	2.0	18.0
2022101629	2025-10-05	12	0.0	0.8	1.0	1	1400	0.0	34.6	3.0	17.0
2022101629	2025-11-23	7	0.0	0.5	1.0	1	1400	0.0	34.3	3.0	18.0
2022101629	2025-12-20	15	0.0	1.5	1.0	1	1200	0.0	36.4	3.0	16.0
2022101757	2025-04-06	12	0.0	2.8	0.0	0	1400	0.0	39.2	1.0	16.0
2022101757	2025-06-08	17	0.0	2.8	1.0	1	1800	0.0	35.6	1.0	18.0
2022101757	2025-06-15	13	0.0	3.3	1.0	1	2200	1.0	38.3	1.0	15.0
2022101757	2025-08-09	7	0.0	1.2	1.0	0	1200	0.0	37.5	1.0	16.0
2022101757	2025-10-02	2	11.2	0.0	0.0	0	1200	2.0	38.1		11.0
2022101757	2025-10-15	1	40.0	0.0	0.0	0	1200	2.0	39.0		8.0
2022101757	2025-10-28	1	40.0	0.0	0.0	0	1000	2.0	37.3	9.0	9.0
2022101757	2025-11-11	7	0.0	0.8	1.0	0	1200	2.0	38.9	10.0	15.0
2022101763	2025-01-26	3	160.0	0.5	0.0	0	1200	0.0	37.9	0.0	16.0
2022101763	2025-02-08	11	0.0	2.7	0.0	0	1400	0.0	39.6	1.0	16.0
2022101763	2025-03-30	12	0.0	1.5	1.0	0	1200	2.0	39.4	1.0	16.0
2022101763	2025-04-06	6	0.0	1.3	1.0	0	1200	2.0	38.3	1.0	16.0
2022101763	2025-04-19	3	140.0	0.8	0.0	0	1200	0.0	37.6	1.0	14.0
2022101763	2025-05-04	12	0.0	1.9	0.0	0	1400	2.0	37.1	1.0	16.0
2022101763	2025-08-31	4	84.0	0.3	0.0	0	1200	0.0	37.3	1.0	15.0
2022101763	2025-09-13	11	0.0	2.0	1.0	0	1200	3.0	37.9	1.0	16.0
2022101774	2025-01-05	18	0.0	6.4	0.0	1	2000	0.0	40.2	0.0	18.0
2022101774	2025-02-22	14	0.0	1.6	1.0	1	1200	0.0	34.9	1.0	18.0
2022101774	2025-03-09	9	0.0	1.6	0.0	0	1400	0.0	39.7	1.0	16.0
2022101774	2025-03-22	12	0.0	3.5	0.0	0	1400	0.0	40.3	1.0	16.0
2022101774	2025-04-06	9	0.0	4.9	0.0	0	1800	0.0	41.1	1.0	15.0
2022101774	2025-06-22	14	0.0	3.1	1.0	0	1400	0.0	40.7	1.0	16.0
2022101774	2025-08-06	10	0.0	4.0	0.0	0	1500	0.0	44.4	11.0	10.0
2022101789	2024-12-21	14	0.0	4.0	0.0	1	1800	0.0	36.4	0.0	16.0
2022101789	2025-01-21	11	0.0	6.6	0.0	0	1900	2.0	47.0		11.0
2022101789	2025-04-06	15	0.0	3.2	1.0	0	1200	2.0	38.8	1.0	16.0
2022101789	2025-07-23	7	0.0	1.3	0.0	0	1200	0.0	40.2		9.0
2022101789	2025-08-12	9	0.0	3.6	0.0	0	1200	0.0	42.4		9.0
2022101789	2025-08-26	12	0.0	3.1	1.0	0	1200	0.0	42.1		12.0
2022101789	2025-09-11	9	0.0	2.0	0.0	0	1000	0.0	38.5		10.0
2022101789	2025-09-24	7	0.0	1.5	1.0	0	1200	0.0	39.7		12.0
2022101789	2025-10-07	12	0.0	3.5	1.0	0	1700	0.0	43.8		12.0
2022101789	2025-10-21	8	0.0	1.0	1.0	0	1200	2.0	40.7		11.0
2022101789	2025-11-05	4	5.6	1.3	0.0	0	1000	2.0	38.3		9.0
2022101789	2025-11-11	5	2.8	0.7	1.0	0	1000	2.0	38.3		12.0
2022101789	2025-12-04	5	5.5	2.3	1.0	0	1500	2.0	41.9	10.0	12.0
2022101789	2025-12-18	3	11.0	1.0	0.0	0	1500	2.0	40.2	10.0	12.0
2022101789	2026-01-01	6	0.0	1.4	0.0	0	1500	0.0	40.7		12.0
2022101821	2024-11-16	3	180.0	0.4	2.0	0	1800	0.0	37.0	0.0	16.0
2022101821	2024-12-15	3	140.0	1.7	0.0	0	1800	0.0	39.0	1.0	14.0
2022101821	2025-03-08	1	560.0	0.0	0.0	0	1800	0.0	37.7	1.0	12.0
2022101821	2025-04-06	6	0.0	2.2	0.0	0	1800	0.0	40.2	2.0	14.0
2022101821	2025-06-21	8	0.0	1.4	0.0	0	1800	0.0	38.9	2.0	16.0
2022101821	2025-11-08	5	80.0	0.7	0.0	0	1700	0.0	38.8	2.0	15.0
2022101821	2025-11-22	2	320.0	0.1	0.0	0	1700	0.0	38.9	2.0	15.0
2022101848	2024-11-30	10	0.0	0.9	0.0	1	1200	0.0	33.3	0.0	16.0
2022101848	2024-12-14	11	0.0	2.0	0.0	1	1600	0.0	35.8	2.0	13.0
2022101848	2025-03-01	13	0.0	1.8	0.0	1	1800	0.0	35.3	1.0	16.0
2022101848	2025-03-23	9	0.0	4.4	0.0	0	1800	0.0	42.4	1.0	13.0
2022101848	2025-04-06	5	56.0	2.1	1.0	0	1800	2.0	38.9	1.0	13.0
2022101848	2025-04-19	8	0.0	1.1	0.0	0	1700	0.0	39.2	1.0	15.0
2022101848	2025-05-04	6	0.0	2.0	0.0	0	1600	2.0	37.6	1.0	16.0
2022101848	2025-05-17	4	84.0	0.5	3.0	0	1600	2.0	37.1	1.0	16.0
2022101848	2025-06-07	6	0.0	1.4	0.0	0	1600	0.0	37.6	1.0	16.0
2022101848	2025-06-22	11	0.0	2.4	0.0	0	1600	0.0	38.1	1.0	16.0
2022101848	2025-08-17	14	0.0	8.0	0.0	0	1800	0.0	45.9	1.0	15.0
2022101848	2025-11-25	8	0.0	2.0	3.0	0	1500	0.0	41.2		12.0
2022101848	2025-12-24	2	60.0	2.0	3.0	0	1400	2.0	40.3		11.0
2022101848	2026-01-08	9	0.0	2.5	0.0	0	1400	0.0	42.0	10.0	12.0
2022101874	2025-03-08	9	0.0	2.0	0.0	0	1200	0.0	37.1	1.0	16.0
2022101874	2025-03-22	3	140.0	1.4	0.0	0	1400	0.0	38.1	1.0	16.0
2022101874	2025-04-06	3	140.0	1.8	0.0	0	1800	0.0	38.0	1.0	15.0
2022101874	2025-04-26	10	0.0	1.8	0.0	0	1800	0.0	40.2	1.0	16.0
2022101874	2025-05-31	8	0.0	1.8	1.0	0	1800	0.0	38.4	1.0	15.0
2022101874	2025-08-02	8	0.0	1.9	0.0	0	1800	0.0	39.1	1.0	16.0
2022101874	2025-09-26	5	7.0	0.7	1.0	0	1400	2.0	39.3	10.0	10.0
2022101874	2025-10-22	9	0.0	3.1	1.0	0	1400	2.0	42.4	10.0	10.0
2022101874	2025-11-06	5	7.0	0.5	0.0	0	1400	0.0	39.7	10.0	10.0
2022101874	2025-11-26	6	0.0	1.0	1.0	0	1400	2.0	41.7	9.0	12.0
2022102024	2024-10-14	8	0.0	2.9	0.0	0	1400	0.0	38.6	0.0	16.0
2022102024	2024-11-03	6	0.0	1.6	0.0	0	1150	3.0	37.3	1.0	16.0
2022102024	2025-03-23	16	0.0	2.6	0.0	1	1400	0.0	36.5	1.0	18.0
2022102024	2025-04-06	12	0.0	3.7	1.0	0	1800	2.0	39.4	1.0	13.0
2022102024	2025-05-28	3	12.6	0.6	1.0	0	1200	0.0	38.7		8.0
2022102024	2025-06-12	2	15.4	0.5	1.0	0	1200	2.0	38.1	5.0	8.0
2022102024	2025-07-01	2	15.4	0.5	0.0	0	1200	0.0	37.8		11.0
2022102024	2025-07-15	1	40.0	0.0	1.0	0	1200	2.0	38.1		10.0
2022102024	2025-07-31	3	8.4	0.5	0.0	0	1200	2.0	37.8	9.0	11.0
2022102024	2025-08-14	5	3.8	0.9	1.0	0	1200	0.0	38.3	9.0	12.0
2022102024	2025-08-26	1	40.0	0.0	1.0	0	1600	0.0	41.0	9.0	11.0
2022102024	2025-09-18	4	9.1	0.6	0.0	0	1600	0.0	41.3	5.0	11.0
2022102024	2025-10-02	4	7.7	0.9	0.0	0	1700	2.0	42.0	5.0	11.0
2022102024	2025-10-16	3	11.6	0.2	1.0	0	1800	2.0	42.4	5.0	11.0
2022102024	2025-10-30	2	15.4	0.1	0.0	0	1700	2.0	40.0	5.0	12.0
2022102062	2024-11-09	3	180.0	3.0	0.0	0	1800	0.0	38.1	0.0	15.0
2022102062	2024-12-01	1	550.0	0.0	0.0	0	1800	0.0	37.0	1.0	12.0
2022102062	2025-01-26	2	320.0	0.1	0.0	0	1800	0.0	37.0	2.0	8.0
2022102062	2025-02-16	8	0.0	1.5	0.0	0	1600	0.0	37.9	2.0	11.0
2022102062	2025-04-06	6	0.0	0.8	2.0	0	1800	2.0	39.5	2.0	14.0
2022102062	2025-05-03	2	449.6	0.7	0.0	0	1800	2.0	37.7	2.0	15.0
2022102062	2025-05-25	6	0.0	1.4	1.0	0	1800	1.0	37.1	2.0	16.0
2022102062	2025-08-23	1	800.0	0.0	0.0	0	1800	0.0	38.2	2.0	11.0
2022102062	2025-10-25	4	230.0	1.1	1.0	0	1800	0.0	37.3	5.0	15.0
2022102062	2025-11-09	4	230.0	0.2	2.0	0	1700	0.0	37.6	3.0	15.0
2022102062	2025-12-13	1	1140.0	0.0	1.0	0	1800	0.0	38.2	3.0	15.0
2022102062	2025-12-21	3	465.5	0.4	1.0	0	1800	1.0	36.7	4.0	15.0
2022102085	2025-04-06	6	0.0	1.2	0.0	0	1400	0.0	37.3	1.0	16.0
2022102085	2025-05-03	3	140.0	1.6	0.0	0	1600	3.0	36.2	1.0	16.0
2022102085	2025-05-25	2	220.0	0.2	1.0	0	1400	3.0	35.9	1.0	16.0
2022102085	2025-06-14	2	220.0	0.3	1.0	0	1400	2.0	37.9	1.0	16.0
2022102085	2025-07-13	11	0.0	1.8	1.0	0	1700	0.0	40.0	1.0	16.0
2022102085	2025-08-08	1	70.0	0.0	3.0	0	1400	1.0	39.6	10.0	10.0
2022102085	2025-08-22	1	110.0	0.0	0.0	0	1400	0.0	38.7	11.0	9.0
2022102085	2025-10-26	8	0.0	1.1	1.0	0	1400	1.0	37.6	2.0	11.0
2022102085	2025-12-07	3	200.0	0.1	0.0	0	1200	0.0	36.9	2.0	11.0
2022102127	2024-12-14	5	72.0	2.1	1.0	0	1200	0.0	37.0	0.0	14.0
2022102127	2025-01-13	15	0.0	3.6	0.0	0	1400	0.0	40.2	1.0	16.0
2022102127	2025-02-16	2	220.0	0.3	1.0	0	1400	2.0	37.4	1.0	16.0
2022102127	2025-03-09	2	220.0	0.5	0.0	0	1400	0.0	38.8	1.0	16.0
2022102127	2025-04-06	3	140.0	0.4	0.0	0	1400	0.0	37.8	1.0	16.0
2022102127	2025-05-03	2	220.0	0.1	0.0	0	1400	1.0	35.4	1.0	16.0
2022102127	2025-05-31	6	0.0	0.2	1.0	0	1400	0.0	36.5	1.0	16.0
2022102127	2025-08-02	1	560.0	0.0	0.0	0	1400	0.0	37.6	1.0	16.0
2022102127	2025-10-04	3	200.0	0.2	1.0	0	1400	3.0	35.8	2.0	16.0
2022102127	2025-11-01	2	320.0	0.2	0.0	0	1400	1.0	36.2	2.0	16.0
2022102127	2025-11-30	2	320.0	0.3	0.0	0	1400	0.0	37.7	2.0	16.0
2022102127	2025-12-28	2	320.0	0.6	0.0	0	1400	0.0	37.1	2.0	16.0
2022102196	2025-04-06	8	0.0	1.4	0.0	1	2400	0.0	35.2	1.0	14.0
2022102196	2025-04-19	5	56.0	1.1	0.0	1	2200	0.0	36.5	1.0	16.0
2022102196	2025-05-03	1	560.0	0.0	0.0	0	1900	1.0	37.3	1.0	16.0
2022102196	2025-08-10	10	0.0	2.4	1.0	0	1900	0.0	39.2	2.0	13.0
2022102196	2025-09-14	13	0.0	6.8	1.0	0	2000	0.0	43.7	2.0	13.0
2022102196	2025-12-06	1	800.0	0.0	0.0	0	1800	0.0	37.7	2.0	14.0
2022102198	2025-02-15	15	0.0	3.0	0.0	0	1200	0.0	41.2	0.0	16.0
2022102198	2025-04-06	12	0.0	2.7	0.0	0	1200	0.0	39.9	1.0	16.0
2022102198	2025-04-26	15	0.0	3.8	0.0	0	1800	0.0	42.9	1.0	16.0
2022102198	2025-06-22	2	220.0	0.5	1.0	0	1400	0.0	39.3	1.0	16.0
2022102198	2025-07-05	8	0.0	1.2	0.0	0	1700	0.0	39.0	1.0	16.0
2022102198	2025-08-24	10	0.0	2.3	0.0	0	1400	0.0	39.8	1.0	16.0
2022102198	2025-11-10	9	0.0	2.9	0.0	0	1600	2.0	42.6	10.0	13.0
2022102198	2025-12-02	13	0.0	5.1	1.0	0	1400	0.0	44.7	10.0	13.0
2022102280	2025-01-12	3	160.0	1.6	1.0	0	1800	0.0	39.5	0.0	16.0
2022102280	2025-01-25	1	560.0	0.0	1.0	0	1800	0.0	38.7	1.0	16.0
2022102280	2025-03-15	2	320.0	0.2	1.0	0	1800	0.0	38.1	2.0	13.0
2022102280	2025-04-06	11	0.0	1.9	2.0	0	1800	2.0	41.0	2.0	14.0
2022102280	2025-05-03	5	111.0	1.5	0.0	0	1800	2.0	38.0	2.0	15.0
2022102280	2025-06-29	1	800.0	0.0	0.0	0	1700	0.0	40.2	2.0	11.0
2022102280	2025-08-24	4	230.0	1.0	0.0	0	1700	0.0	38.4	3.0	14.0
2022102280	2025-09-07	2	629.0	0.3	0.0	0	1700	2.0	37.7	5.0	14.0
2022102280	2025-09-28	1	1140.0	0.0	0.0	0	1800	0.0	38.4	3.0	16.0
2022102280	2025-12-07	3	464.8	0.4	0.0	0	1800	0.0	38.0	4.0	16.0
2022102310	2025-01-26	9	0.0	2.4	0.0	0	1200	0.0	39.0	0.0	16.0
2022102310	2025-03-01	14	0.0	3.4	0.0	0	1200	0.0	40.1	1.0	16.0
2022102310	2025-04-06	16	0.0	6.6	1.0	0	1200	2.0	43.9	1.0	16.0
2022102310	2025-06-07	1	60.0	0.0	1.0	0	1400	2.0	41.8		8.0
2022102310	2025-06-22	2	24.0	0.2	1.0	0	1300	1.0	39.8		11.0
2022102310	2025-07-19	1	60.0	0.0	0.0	0	800	3.0	36.3		8.0
2022102310	2025-08-02	5	3.0	1.0	0.0	0	1300	0.0	41.2		12.0
2022102310	2025-12-07	2	24.0	0.2	0.0	0	1300	0.0	40.8	9.0	10.0
2022102310	2025-12-21	1	60.0	0.0	1.0	0	1400	1.0	39.8	9.0	11.0
2022102310	2026-01-11	2	24.0	0.9	0.0	0	1400	0.0	41.0	9.0	10.0
2022102338	2024-10-14	2	290.0	0.1	0.0	0	1800	0.0	37.8	0.0	15.0
2022102338	2024-10-26	4	83.0	0.6	0.0	0	1800	0.0	38.0	1.0	12.0
2022102338	2024-11-23	3	140.0	0.5	0.0	1	1800	0.0	34.9	1.0	14.0
2022102338	2024-12-22	7	0.0	0.7	0.0	1	2000	0.0	36.7	1.0	18.0
2022102338	2025-04-06	2	220.0	0.1	2.0	1	1600	0.0	34.8	1.0	16.0
2022102338	2025-05-04	10	0.0	1.0	0.0	1	1600	0.0	35.4	1.0	15.0
2022102338	2025-05-25	1	560.0	0.0	1.0	1	1800	2.0	34.1	1.0	17.0
2022102338	2025-08-16	5	111.0	0.4	0.0	1	1800	0.0	35.4	5.0	12.0
2022102338	2025-08-24	7	0.0	1.3	0.0	1	2000	0.0	37.3	5.0	13.0
2022102338	2025-09-13	7	0.0	0.7	1.0	1	2000	2.0	34.1	2.0	16.0
2022102338	2025-11-09	13	0.0	2.4	2.0	0	1600	2.0	38.9	2.0	16.0
2022102338	2025-11-29	11	0.0	1.8	0.0	0	1600	0.0	37.3	2.0	16.0
2022102362	2024-06-29	5	72.0	1.5	0.0	0	1150	0.0	37.4	0.0	9.0
2022102362	2024-07-20	10	0.0	1.2	1.0	0	1150	0.0	37.3	1.0	13.0
2022102362	2024-10-05	9	0.0	3.2	2.0	0	1400	1.0	38.4	1.0	16.0
2022102362	2024-10-14	10	0.0	1.8	0.0	0	1300	0.0	37.7	1.0	16.0
2022102362	2024-12-21	9	0.0	2.1	0.0	0	1200	0.0	38.8	1.0	16.0
2022102362	2025-01-25	14	0.0	3.6	0.0	0	1200	0.0	40.0	1.0	15.0
2022102362	2025-03-08	6	0.0	2.1	1.0	0	1200	1.0	38.0	1.0	16.0
2022102362	2025-04-06	8	0.0	1.6	1.0	0	1200	2.0	38.3	1.0	16.0
2022102362	2025-04-20	8	0.0	2.1	1.0	0	1200	0.0	39.1	1.0	16.0
2022102362	2025-05-11	11	0.0	2.2	0.0	0	1400	2.0	38.0	1.0	16.0
2022102383	2024-08-25	5	72.0	1.1	1.0	1	1800	0.0	34.6	0.0	9.0
2022102383	2024-09-14	2	220.0	2.3	0.0	0	1800	0.0	38.3	1.0	8.0
2022102383	2024-09-28	1	550.0	0.0	1.0	0	1800	0.0	38.0	1.0	11.0
2022102383	2024-11-03	8	0.0	2.9	0.0	0	1800	1.0	39.4	2.0	12.0
2022102383	2024-12-08	7	0.0	1.7	0.0	0	1800	0.0	40.8	2.0	13.0
2022102383	2025-02-09	6	0.0	2.2	0.0	0	1800	2.0	38.5	2.0	10.0
2022102383	2025-02-23	3	200.0	0.6	1.0	0	1900	0.0	36.8	2.0	10.0
2022102383	2025-03-15	9	0.0	1.3	1.0	0	1800	0.0	37.8	2.0	13.0
2022102383	2025-04-06	7	0.0	2.3	0.0	0	1800	0.0	38.7	2.0	14.0
2022102383	2025-06-15	11	0.0	2.1	1.0	0	1800	1.0	38.8	2.0	16.0
2022102383	2025-08-23	2	320.0	0.1	0.0	0	1800	0.0	38.1	2.0	7.0
2022102383	2025-09-14	3	200.0	1.0	1.0	0	2000	0.0	38.6	2.0	13.0
2022102383	2025-12-20	6	0.0	1.2	2.0	0	1900	2.0	37.8	2.0	16.0
2022102493	2024-06-09	13	0.0	2.2	2.0	1	1200	0.0	36.7	0.0	14.0
2022102493	2024-07-06	7	0.0	1.2	1.0	1	1200	0.0	36.5	1.0	8.0
2022102493	2024-07-28	3	140.0	1.1	1.0	0	1200	0.0	37.7	1.0	9.0
2022102493	2024-08-17	10	0.0	2.3	0.0	0	1200	0.0	38.6	1.0	15.0
2022102493	2024-10-14	2	220.0	0.2	0.0	0	1300	0.0	36.6	1.0	16.0
2022102493	2024-10-27	7	0.0	1.9	0.0	0	1200	0.0	37.5	1.0	15.0
2022102493	2024-11-02	4	83.0	1.5	3.0	0	1300	1.0	36.9	1.0	14.0
2022102493	2024-11-17	2	220.0	0.2	0.0	0	1300	0.0	37.1	1.0	16.0
2022102493	2024-12-08	2	220.0	0.1	0.0	0	1200	0.0	37.4	1.0	15.0
2022102493	2024-12-21	1	550.0	0.0	0.0	0	1200	0.0	37.1	1.0	16.0
2022102493	2025-02-01	5	80.0	1.3	1.0	0	1200	0.0	35.8	2.0	8.0
2022102493	2025-02-22	2	320.0	0.1	0.0	0	1400	0.0	36.1	2.0	16.0
2022102493	2025-03-16	6	0.0	0.8	2.0	0	1400	1.0	36.2	5.0	12.0
2022102493	2025-04-06	12	0.0	1.8	0.0	0	1400	0.0	37.1	5.0	15.0
2022102493	2025-05-17	3	200.0	1.4	3.0	0	1400	3.0	36.3	2.0	14.0
2022102493	2025-06-01	1	800.0	0.0	0.0	0	1400	1.0	34.3	2.0	11.0
2022102493	2025-06-22	7	0.0	0.9	0.0	0	1400	0.0	35.9	5.0	16.0
2022102493	2025-09-07	5	114.0	0.6	0.0	0	1400	0.0	36.2	3.0	12.0
2022102493	2025-10-04	8	0.0	0.7	1.0	0	1400	0.0	36.6	3.0	16.0
2022102493	2025-11-02	13	0.0	1.3	1.0	0	1600	1.0	36.0	5.0	13.0
2022102493	2025-11-29	1	1140.0	0.0	0.0	0	1200	0.0	35.6	3.0	16.0
2022102493	2025-12-21	1	1873.6	0.0	3.0	0	1400	1.0	35.2	4.0	16.0
2022102493	2026-01-10	10	0.0	1.4	0.0	0	1400	0.0	36.1		16.0
2022102513	2025-04-06	14	0.0	1.9	2.0	1	1600	0.0	36.3	1.0	16.0
2022102513	2025-06-22	16	0.0	4.6	1.0	1	1800	1.0	40.7	1.0	16.0
2022102513	2025-08-03	6	0.0	1.5	0.0	0	1300	0.0	42.5		12.0
2022102513	2025-09-13	11	0.0	10.3	1.0	0	1400	3.0	50.7		11.0
2022102534	2024-12-22	9	0.0	4.9	1.0	0	1800	0.0	42.4	0.0	13.0
2022102534	2025-01-11	13	0.0	3.8	0.0	0	1800	0.0	41.4	1.0	16.0
2022102534	2025-01-25	12	0.0	5.6	0.0	0	1700	0.0	41.7	1.0	12.0
2022102534	2025-04-06	9	0.0	3.3	1.0	0	1800	2.0	39.6	1.0	13.0
2022102534	2025-04-19	8	0.0	2.3	0.0	0	1800	0.0	39.6	1.0	13.0
2022102534	2025-05-17	7	0.0	2.0	3.0	0	1800	2.0	39.3	1.0	12.0
2022102534	2025-06-03	8	0.0	2.1	3.0	0	1800	3.0	41.4	5.0	12.0
2022102534	2025-07-13	10	0.0	3.2	0.0	0	1700	0.0	39.5	1.0	15.0
2022102534	2025-07-27	6	0.0	1.3	0.0	0	1800	0.0	39.7	1.0	15.0
2022102534	2025-08-30	3	7.2	0.7	0.0	0	1400	0.0	39.8	10.0	9.0
2022102534	2025-09-13	2	12.8	0.6	1.0	0	1400	2.0	40.0	10.0	12.0
2022102534	2025-09-27	1	40.0	0.0	1.0	0	1400	1.0	39.9	10.0	11.0
2022102534	2025-10-13	3	7.2	0.6	0.0	0	1300	0.0	39.4	10.0	12.0
2022102576	2024-06-23	4	110.0	0.9	1.0	1	1200	0.0	35.6	0.0	5.0
2022102576	2024-07-13	8	0.0	2.2	0.0	1	1800	0.0	38.6	1.0	10.0
2022102576	2024-08-17	8	0.0	1.2	1.0	0	1700	0.0	38.4	1.0	14.0
2022102576	2024-10-26	5	55.0	1.8	0.0	0	1800	0.0	38.6	1.0	12.0
2022102576	2024-11-16	11	0.0	5.7	1.0	0	1800	0.0	43.6	1.0	11.0
2022102576	2025-03-13	1	150.0	0.0	1.0	0	1870	2.0	41.4	5.0	10.0
2022102576	2025-04-06	14	0.0	4.8	0.0	0	1800	0.0	41.9	2.0	14.0
2022102576	2025-06-22	16	0.0	5.1	0.0	0	1400	0.0	42.7	2.0	16.0
2022102576	2025-07-13	3	8.8	0.2	0.0	0	1400	0.0	38.5		10.0
2022102576	2025-07-27	3	7.6	1.1	0.0	0	1400	0.0	39.5		9.0
2022102576	2025-09-07	4	6.6	2.4	1.0	0	1400	0.0	41.0		12.0
2022102576	2025-09-29	1	45.0	0.0	1.0	0	1500	2.0	39.1	11.0	11.0
2022102576	2025-10-11	3	8.0	0.2	1.0	0	1500	0.0	40.7	13.0	11.0
2022102576	2025-10-28	1	45.0	0.0	1.0	0	1400	2.0	37.6	11.0	7.0
2022102576	2025-11-11	6	0.0	1.3	0.0	0	1400	2.0	39.3	13.0	11.0
2022102576	2025-11-24	2	16.0	0.2	1.0	0	1400	2.0	39.1	13.0	8.0
2022102576	2025-12-08	3	8.0	1.4	3.0	0	1400	1.0	39.7	13.0	10.0
2022102576	2025-12-16	2	16.0	0.3	3.0	0	1500	3.0	38.4	13.0	10.0
2022102576	2025-12-27	10	0.0	1.9	3.0	0	1400	3.0	39.5	13.0	12.0
2022102576	2026-01-14	6	0.0	2.2	1.0	0	1500	0.0	41.4	5.0	10.0
2022102600	2024-11-16	10	0.0	2.2	2.0	0	1800	0.0	39.7	0.0	16.0
2022102600	2024-12-15	3	140.0	1.2	0.0	0	1800	0.0	39.1	1.0	13.0
2022102600	2025-01-06	13	0.0	2.1	1.0	0	1800	0.0	41.7	1.0	16.0
2022102600	2025-02-09	1	560.0	0.0	0.0	0	1800	2.0	39.2	1.0	14.0
2022102600	2025-04-06	11	0.0	2.9	0.0	0	1800	0.0	39.5	2.0	14.0
2022102600	2025-07-06	12	0.0	2.0	0.0	0	1700	0.0	39.5	2.0	16.0
2022102600	2025-08-21	3	37.5	1.0	0.0	0	1400	0.0	39.8	14.0	5.0
2022102600	2025-12-04	1	130.0	0.0	0.0	0	1400	0.0	39.8	13.0	8.0
2022102600	2025-12-24	4	25.5	1.3	1.0	0	1700	3.0	38.5	14.0	9.0
2022102600	2026-01-15	10	0.0	2.0	0.0	0	1870	0.0	39.6	18.0	11.0
2022102624	2025-02-22	5	62.0	1.1	0.0	0	1400	0.0	39.2	0.0	15.0
2022102624	2025-03-09	4	84.0	1.0	0.0	0	1400	0.0	39.5	1.0	16.0
2022102624	2025-04-06	2	220.0	0.2	0.0	0	1400	0.0	37.9	1.0	16.0
2022102624	2025-04-26	3	140.0	0.7	0.0	0	1400	0.0	38.1	1.0	16.0
2022102624	2025-07-05	2	220.0	0.0	0.0	0	1700	0.0	39.1	1.0	16.0
2022102624	2025-07-20	1	560.0	0.0	0.0	0	1700	2.0	38.8	1.0	16.0
2022102624	2025-08-31	7	0.0	1.0	0.0	0	1800	0.0	39.0	2.0	13.0
2022102624	2025-10-19	2	320.0	0.8	1.0	0	1800	1.0	38.5	2.0	15.0
2022102624	2025-12-13	3	200.0	0.4	1.0	0	1400	0.0	37.1	2.0	16.0
2022102624	2026-01-12	2	330.0	0.1	0.0	0	1400	0.0	36.5	2.0	16.0
2022102767	2025-01-13	14	0.0	3.9	0.0	0	1200	0.0	41.7	0.0	16.0
2022102767	2025-01-25	18	0.0	4.0	0.0	1	1400	0.0	38.1	1.0	18.0
2022102767	2025-04-06	11	0.0	2.0	0.0	0	1200	0.0	37.7	1.0	16.0
2022102767	2025-04-19	13	0.0	3.3	0.0	0	1200	0.0	38.7	1.0	14.0
2022102767	2025-05-23	11	0.0	7.1	1.0	0	1500	0.0	47.2		12.0
2022102767	2025-06-27	11	0.0	3.7	0.0	0	1500	1.0	43.4		12.0
2022102767	2025-07-11	11	0.0	3.7	0.0	0	1500	0.0	41.8		12.0
2022102767	2025-07-25	10	0.0	3.6	0.0	0	1400	0.0	42.2		10.0
2022102767	2025-08-22	6	0.0	3.0	0.0	0	1400	0.0	40.7		11.0
2022102767	2025-09-05	3	11.0	0.9	2.0	0	920	3.0	38.5		12.0
2022102767	2025-09-18	11	0.0	5.0	0.0	0	1500	0.0	43.1		12.0
2022102767	2025-10-02	11	0.0	3.7	0.0	0	1500	0.0	42.3		12.0
2022102767	2025-10-14	11	0.0	4.2	2.0	0	1500	0.0	42.8	10.0	12.0
2022102767	2025-10-28	6	0.0	1.2	0.0	0	1500	2.0	42.5	10.0	12.0
2022102767	2025-11-07	11	0.0	4.4	0.0	0	1400	0.0	42.8	9.0	11.0
2022102767	2025-12-04	12	0.0	3.3	1.0	0	1500	2.0	42.4	10.0	12.0
2022102767	2025-12-18	11	0.0	6.1	0.0	0	1500	2.0	46.1		12.0
2022102767	2026-01-01	10	0.0	2.7	0.0	0	1500	0.0	44.4		12.0
2022102767	2026-01-13	6	0.0	2.2	1.0	0	1500	0.0	42.0	9.0	11.0
2022102881	2024-12-14	7	0.0	2.4	1.0	0	1200	0.0	38.5	0.0	14.0
2022102881	2025-01-11	10	0.0	2.2	0.0	0	1800	0.0	39.7	1.0	16.0
2022102881	2025-04-06	9	0.0	1.6	0.0	0	1200	0.0	37.5	1.0	16.0
2022102881	2025-05-11	2	24.0	0.0	2.0	0	1600	3.0	39.2		10.0
2022102881	2025-05-25	2	24.0	0.4	0.0	0	1300	3.0	39.8		11.0
2022102881	2025-06-08	3	15.0	0.7	1.0	0	1400	2.0	39.7		11.0
2022102881	2025-07-06	2	24.0	0.1	0.0	0	1600	0.0	39.8		7.0
2022102881	2025-07-20	1	60.0	0.0	0.0	0	1600	3.0	39.9		11.0
2022102881	2025-08-02	3	15.0	0.5	0.0	0	1600	0.0	41.4		9.0
2022102881	2025-09-14	4	9.0	1.3	0.0	0	1400	1.0	40.1		12.0
2022102881	2025-09-27	7	0.0	2.3	1.0	0	1300	3.0	39.6	5.0	10.0
2022102881	2025-10-12	3	15.0	1.1	1.0	0	1600	2.0	40.7	9.0	10.0
2022102881	2025-10-26	6	0.0	2.2	0.0	0	1600	3.0	41.5	9.0	10.0
2022102881	2025-11-09	6	0.0	1.7	0.0	0	1400	3.0	38.7	9.0	10.0
2022102881	2025-11-23	1	60.0	0.0	0.0	0	1600	0.0	40.6	9.0	11.0
2022102881	2025-12-06	5	6.0	1.2	0.0	0	1600	0.0	42.2	9.0	11.0
2022102881	2025-12-20	6	0.0	2.2	1.0	0	1400	2.0	42.6	9.0	9.0
2022102881	2026-01-01	6	0.0	2.2	0.0	0	1600	0.0	41.8	9.0	7.0
2022102896	2024-10-26	8	0.0	1.2	1.0	1	2000	0.0	35.7	0.0	13.0
2022102896	2024-12-15	6	0.0	1.0	0.0	1	1800	0.0	35.0	1.0	14.0
2022102896	2025-01-26	6	0.0	0.5	0.0	1	2200	0.0	36.2	1.0	16.0
2022102896	2025-02-15	2	220.0	0.0	0.0	0	1800	0.0	39.3	1.0	13.0
2022102896	2025-03-09	2	220.0	0.1	0.0	0	1800	0.0	38.5	1.0	12.0
2022102896	2025-04-06	2	220.0	1.8	0.0	0	1800	0.0	38.0	1.0	15.0
2022102896	2025-05-17	1	560.0	0.0	3.0	0	1800	2.0	38.0	1.0	12.0
2022102896	2025-06-28	9	0.0	1.1	0.0	0	1700	2.0	38.2	2.0	14.0
2022102896	2025-07-19	4	120.0	0.6	0.0	0	1700	0.0	38.0	2.0	10.0
2022102896	2025-08-23	2	446.4	0.8	0.0	0	1700	2.0	38.1	5.0	6.0
2022102896	2025-09-06	6	0.0	0.6	1.0	0	1700	0.0	38.8	2.0	14.0
2022102896	2025-11-30	8	0.0	1.3	0.0	0	1400	0.0	39.1	2.0	16.0
2022103014	2024-09-01	3	180.0	1.2	0.0	1	1800	0.0	33.9	0.0	6.0
2022103014	2024-09-22	9	0.0	2.0	1.0	1	1800	0.0	34.7	1.0	13.0
2022103014	2024-10-27	11	0.0	1.3	0.0	1	1800	0.0	36.3	1.0	18.0
2022103014	2024-12-15	7	0.0	0.7	0.0	1	1600	0.0	35.4	1.0	16.0
2022103014	2025-04-06	9	0.0	1.3	2.0	1	1600	0.0	35.3	1.0	16.0
2022103014	2025-05-11	3	140.0	0.2	1.0	1	1800	2.0	35.3	1.0	16.0
2022103014	2025-05-24	5	56.0	0.8	1.0	1	1800	0.0	35.5	1.0	16.0
2022103014	2025-06-22	5	56.0	1.6	0.0	1	1800	0.0	35.8	1.0	16.0
2022103014	2025-07-20	4	84.0	0.6	0.0	1	1800	0.0	36.6	1.0	14.0
2022103014	2025-08-10	3	140.0	0.6	3.0	1	1800	2.0	35.2	1.0	18.0
2022103014	2025-08-30	9	0.0	0.8	0.0	1	1800	0.0	35.4	1.0	18.0
2022103014	2025-11-06	3	11.3	0.7	0.0	0	1400	0.0	40.1		10.0
2022103014	2025-11-18	5	4.5	1.5	1.0	0	1400	0.0	40.5		9.0
2022103014	2025-12-03	6	0.0	1.5	1.0	0	1400	0.0	40.4		8.0
2022103014	2025-12-16	3	11.3	0.6	0.0	0	1600	0.0	39.2		8.0
2022103014	2026-01-07	1	45.0	0.0	0.0	0	1600	0.0	40.2		8.0
2022103052	2025-01-12	11	0.0	5.1	1.0	0	1800	0.0	42.9	0.0	16.0
2022103052	2025-04-06	3	140.0	1.3	1.0	0	1800	2.0	42.0	1.0	13.0
2022103052	2025-04-20	5	56.0	0.7	1.0	0	1700	0.0	41.5	1.0	15.0
2022103052	2025-05-11	4	84.0	1.1	1.0	0	1800	2.0	41.3	1.0	14.0
2022103052	2025-06-08	5	56.0	1.0	1.0	0	2100	0.0	39.5	1.0	16.0
2022103052	2025-06-29	13	0.0	3.1	0.0	0	1700	0.0	39.3	1.0	15.0
2022103052	2025-09-10	9	0.0	1.3	1.0	0	1870	0.0	42.1	10.0	11.0
2022103052	2025-09-24	11	0.0	1.8	1.0	0	1700	0.0	41.1	10.0	12.0
2022103052	2025-11-06	1	70.0	0.0	0.0	0	1400	0.0	42.0	10.0	10.0
2022103052	2025-11-26	3	27.5	0.6	1.0	0	1400	2.0	39.6	11.0	8.0
2022103052	2025-12-18	3	27.5	0.6	0.0	0	1700	0.0	40.6	11.0	12.0
2022103052	2026-01-14	6	0.0	0.8	0.0	0	1400	0.0	40.7	11.0	12.0
2022103108	2025-03-09	3	140.0	1.8	0.0	1	1600	2.0	36.6	1.0	16.0
2022103108	2025-04-06	12	0.0	1.6	2.0	1	1600	0.0	36.5	1.0	16.0
2022103108	2025-06-28	13	0.0	2.2	0.0	1	1200	0.0	37.8	1.0	16.0
2022103231	2025-02-01	16	0.0	4.8	1.0	0	1400	0.0	39.9	0.0	16.0
2022103231	2025-02-22	14	0.0	2.9	0.0	0	1200	0.0	38.1	1.0	15.0
2022103231	2025-03-16	15	0.0	3.9	2.0	0	1200	2.0	39.1	1.0	16.0
2022103231	2025-04-06	10	0.0	1.7	0.0	0	1200	0.0	38.6	1.0	16.0
2022103231	2025-06-21	10	0.0	3.0	0.0	0	1200	0.0	39.3	1.0	16.0
2022103231	2025-08-21	2	28.0	0.2	0.0	0	1400	0.0	41.2	10.0	10.0
2022103231	2025-09-11	5	7.0	0.8	1.0	0	1400	1.0	40.8	10.0	10.0
2022103231	2025-11-12	7	0.0	2.0	1.0	0	1230	2.0	41.2	10.0	12.0
2022103231	2025-12-10	2	28.0	0.1	0.0	0	820	0.0	36.1	10.0	12.0
2022103231	2026-01-03	1	90.0	0.0	1.0	0	820	0.0	36.8	10.0	12.0
2022103241	2024-11-30	12	0.0	2.8	0.0	1	1800	0.0	35.9	0.0	13.0
2022103241	2025-02-02	12	0.0	6.5	1.0	0	1700	3.0	42.0	1.0	15.0
2022103241	2025-03-15	13	0.0	2.7	1.0	0	1800	0.0	41.2	1.0	15.0
2022103241	2025-04-06	13	0.0	2.9	0.0	0	1400	0.0	40.6	1.0	16.0
2022103241	2025-05-20	1	43.0	0.0	1.0	0	1400	0.0	38.9		9.0
2022103241	2025-06-03	5	4.5	0.3	3.0	0	1400	3.0	39.8		11.0
2022103241	2025-06-17	4	5.1	0.3	0.0	0	1500	0.0	39.9		10.0
2022103241	2025-07-15	2	15.3	0.7	1.0	0	1500	0.0	39.8		12.0
2022103241	2025-07-29	6	0.0	4.2	0.0	0	1400	0.0	43.0	5.0	8.0
2022103241	2025-09-23	9	0.0	2.9	1.0	0	1400	0.0	41.2	10.0	11.0
2022103241	2025-11-05	8	0.0	6.2	1.0	0	1400	2.0	46.7	10.0	8.0
2022103241	2025-11-17	8	0.0	5.1	1.0	0	1500	0.0	46.3	10.0	8.0
2022103258	2025-04-06	13	0.0	2.7	0.0	0	1200	0.0	37.3	1.0	16.0
2022103258	2025-05-17	7	0.0	1.2	3.0	0	1200	2.0	37.0	1.0	15.0
2022103258	2025-06-07	10	0.0	1.7	0.0	0	1400	0.0	38.4	1.0	15.0
2022103258	2025-08-10	12	0.0	1.6	1.0	0	1400	0.0	39.0	1.0	16.0
2022103258	2025-09-22	2	17.5	0.5	0.0	0	1300	2.0	38.2	10.0	11.0
2022103258	2025-10-05	1	40.0	0.0	1.0	0	1300	2.0	38.8	10.0	10.0
2022103258	2025-10-14	3	8.0	0.3	1.0	0	1400	0.0	37.7	10.0	9.0
2022103258	2025-10-28	1	40.0	0.0	1.0	0	1400	2.0	38.8	10.0	10.0
2022103258	2025-11-04	4	5.2	0.4	0.0	0	1400	2.0	36.9	10.0	10.0
2022103258	2025-11-18	2	14.0	0.0	1.0	0	1400	0.0	38.2	10.0	10.0
2022103258	2025-12-01	5	3.5	1.3	1.0	0	1600	2.0	39.6	11.0	12.0
2022103258	2025-12-16	4	6.5	0.8	2.0	0	1600	1.0	38.1	11.0	12.0
2022103258	2026-01-13	2	32.0	1.4	0.0	0	1200	0.0	37.6	9.0	15.0
2022103263	2024-06-08	4	110.0	0.6	0.0	1	1000	0.0	33.7	0.0	11.0
2022103263	2024-06-22	5	55.0	0.7	0.0	1	1200	0.0	36.5	1.0	9.0
2022103263	2024-07-27	4	83.0	0.3	1.0	1	1800	0.0	35.0	1.0	10.0
2022103263	2024-08-10	6	0.0	0.9	1.0	1	1800	0.0	35.2	1.0	7.0
2022103263	2024-09-21	8	0.0	1.3	0.0	1	2000	0.0	34.9	1.0	9.0
2022103263	2024-12-01	4	83.0	0.8	0.0	1	2000	0.0	34.8	1.0	8.0
2022103263	2024-12-14	9	0.0	1.3	0.0	1	2000	0.0	35.2	1.0	18.0
2022103263	2025-01-18	5	56.0	1.4	0.0	1	2000	0.0	35.5	1.0	18.0
2022103263	2025-02-09	2	220.0	0.4	0.0	1	2200	2.0	35.8	1.0	13.0
2022103263	2025-03-08	3	140.0	0.5	1.0	1	2400	0.0	34.3	1.0	10.0
2022103263	2025-03-22	5	56.0	0.3	0.0	1	2400	0.0	33.5	1.0	15.0
2022103263	2025-04-06	3	140.0	0.6	0.0	1	2400	0.0	35.4	1.0	14.0
2022103263	2025-04-27	6	0.0	1.2	0.0	1	2400	0.0	34.6	1.0	11.0
2022103263	2025-05-31	1	560.0	0.0	3.0	1	2400	2.0	35.3	1.0	16.0
2022103263	2025-08-16	9	0.0	4.5	0.0	1	2600	0.0	39.0	2.0	9.0
2022103263	2025-10-12	10	0.0	1.1	1.0	1	2400	0.0	34.3	2.0	11.0
2022103263	2025-10-26	14	0.0	2.2	3.0	1	2000	2.0	36.3	2.0	15.0
2022103263	2025-12-07	9	0.0	1.5	0.0	1	2200	0.0	35.0	5.0	10.0
2022103263	2025-12-20	4	120.0	0.9	1.0	0	1800	2.0	37.3	2.0	16.0
2022103281	2024-11-10	10	0.0	3.4	0.0	1	2000	0.0	36.5	0.0	10.0
2022103281	2024-12-01	9	0.0	3.8	0.0	0	1800	0.0	39.9	1.0	12.0
2022103281	2025-01-13	14	0.0	3.1	0.0	0	1900	0.0	39.7	1.0	16.0
2022103281	2025-01-26	10	0.0	1.4	0.0	1	2200	0.0	36.2	1.0	16.0
2022103281	2025-02-09	7	0.0	0.9	0.0	1	2200	2.0	36.4	1.0	13.0
2022103281	2025-02-22	9	0.0	1.9	0.0	1	2400	0.0	35.6	1.0	15.0
2022103281	2025-04-06	11	0.0	2.9	0.0	1	2400	0.0	37.7	1.0	14.0
2022103281	2025-04-19	6	0.0	1.2	0.0	1	2200	0.0	36.1	1.0	16.0
2022103281	2025-06-01	8	0.0	1.1	0.0	1	2400	0.0	35.0	1.0	13.0
2022103281	2025-06-15	9	0.0	1.1	1.0	1	2200	1.0	36.6	1.0	15.0
2022103281	2025-07-06	13	0.0	0.9	0.0	1	2000	0.0	36.7	1.0	18.0
2022103281	2025-07-26	6	0.0	0.8	0.0	1	2000	0.0	34.6	1.0	14.0
2022103281	2025-08-16	11	0.0	1.2	0.0	1	2200	0.0	34.4	1.0	18.0
2022103281	2025-09-11	1	45.0	0.0	1.0	0	1400	0.0	40.1		7.0
2022103281	2025-09-23	3	11.3	1.1	1.0	0	1400	0.0	39.6		8.0
2022103281	2025-10-08	1	40.0	0.0	0.0	0	1400	0.0	40.1		9.0
2022103281	2025-10-24	6	0.0	1.6	1.0	0	1400	0.0	38.8	5.0	9.0
2022103281	2025-11-04	3	10.0	1.2	1.0	0	1400	0.0	39.4		12.0
2022103281	2025-12-19	4	18.0	1.1	0.0	0	1400	2.0	40.7		9.0
2022103281	2026-01-01	4	12.0	0.2	0.0	0	1500	2.0	39.1	9.0	14.0
2022103369	2024-12-15	15	0.0	9.4	0.0	0	1800	0.0	46.7	0.0	16.0
2022103369	2025-04-06	9	0.0	1.6	1.0	0	1200	2.0	37.7	1.0	16.0
2022103369	2025-04-19	7	0.0	0.8	0.0	0	1200	0.0	36.3	1.0	16.0
2022103369	2025-05-10	4	84.0	0.9	2.0	0	1300	1.0	34.7	1.0	16.0
2022103369	2025-06-08	6	0.0	1.2	1.0	0	1400	0.0	36.8	1.0	16.0
2022103369	2025-07-23	8	0.0	1.6	0.0	0	1200	0.0	40.0	5.0	10.0
2022103369	2025-09-07	6	0.0	1.4	0.0	0	1200	0.0	36.9	1.0	16.0
2022103369	2025-09-29	1	40.0	0.0	1.0	0	1300	3.0	38.6	10.0	9.0
2022103369	2025-10-14	4	5.2	0.8	1.0	0	1400	0.0	38.5	10.0	9.0
2022103369	2025-11-17	2	40.0	0.2	0.0	0	1400	0.0	41.5		10.0
2022103369	2025-12-18	3	30.0	0.4	0.0	0	900	2.0	38.3		12.0
2022103369	2026-01-01	1	100.0	0.0	0.0	0	1400	2.0	41.0	10.0	13.0
2022103372	2025-04-06	9	0.0	1.7	0.0	0	1400	0.0	38.4	1.0	16.0
2022103372	2025-05-03	16	0.0	6.8	0.0	0	1900	1.0	43.2	1.0	16.0
2022103372	2025-06-05	2	32.0	0.0	0.0	0	1230	2.0	40.0	11.0	12.0
2022103372	2025-06-26	4	12.0	1.3	1.0	0	1230	1.0	41.8	11.0	11.0
2022103372	2025-07-10	8	0.0	1.2	0.0	0	1230	0.0	40.3	10.0	10.0
2022103372	2025-08-08	7	0.0	1.3	3.0	0	1400	2.0	41.2	10.0	8.0
2022103372	2025-08-22	9	0.0	2.5	0.0	0	1400	0.0	40.4	10.0	10.0
2022103372	2025-09-26	6	0.0	1.8	1.0	0	1400	2.0	40.8	9.0	10.0
2022103372	2025-10-10	8	0.0	1.4	0.0	0	1230	0.0	40.4	9.0	12.0
2022103399	2024-10-06	7	0.0	1.6	1.0	0	1600	1.0	37.7	0.0	16.0
2022103399	2024-11-16	5	55.0	1.4	1.0	0	1600	0.0	39.1	1.0	16.0
2022103399	2024-12-07	7	0.0	2.1	0.0	0	1800	0.0	41.2	1.0	12.0
2022103399	2025-02-13	7	0.0	2.7	0.0	0	1500	2.0	42.0		11.0
2022103399	2025-04-06	2	220.0	0.4	1.0	0	1200	2.0	37.8	1.0	16.0
2022103399	2025-05-04	7	0.0	1.6	1.0	0	1200	2.0	39.0	1.0	15.0
2022103575	2025-01-19	7	0.0	1.3	1.0	1	1600	0.0	35.5	0.0	16.0
2022103575	2025-03-16	4	84.0	2.3	3.0	1	1600	1.0	38.5	1.0	16.0
2022103575	2025-04-06	13	0.0	1.7	2.0	1	1600	0.0	36.7	1.0	16.0
2022103575	2025-05-25	4	84.0	0.7	2.0	1	2000	2.0	36.9	1.0	16.0
2022103575	2025-06-21	6	0.0	1.1	1.0	1	1800	0.0	35.9	1.0	16.0
2022103575	2025-06-28	10	0.0	0.9	0.0	1	1200	2.0	35.1	1.0	15.0
2022103575	2025-08-03	8	0.0	2.3	0.0	0	1700	0.0	40.0	1.0	14.0
2022103575	2025-09-07	14	0.0	3.7	1.0	0	1700	2.0	41.9	1.0	14.0
2022103575	2025-11-03	4	21.0	1.6	0.0	0	1200	2.0	39.6		11.0
2022103575	2025-11-25	7	0.0	1.9	3.0	0	1500	0.0	41.8		12.0
2022103575	2025-12-09	5	12.0	2.3	0.0	0	1200	0.0	40.5		9.0
2022103605	2024-11-17	9	0.0	4.8	1.0	1	1800	0.0	36.6	0.0	9.0
2022103605	2024-11-30	10	0.0	1.8	0.0	0	1800	2.0	39.1	1.0	11.0
2022103605	2025-03-22	6	0.0	1.2	0.0	0	1800	0.0	39.1	1.0	12.0
2022103605	2025-04-06	10	0.0	5.1	0.0	0	1800	0.0	40.8	1.0	15.0
2022103605	2025-08-20	7	0.0	1.8	0.0	0	1400	0.0	41.5	10.0	9.0
2022103605	2025-09-11	7	0.0	2.1	1.0	0	1400	1.0	42.0	10.0	10.0
2022103605	2025-10-02	7	0.0	1.8	0.0	0	1400	2.0	41.3	10.0	10.0
2022103605	2025-10-15	8	0.0	3.4	1.0	0	1400	0.0	41.6	10.0	10.0
2022103605	2025-11-07	9	0.0	3.6	0.0	0	1400	0.0	41.7	9.0	11.0
2022103605	2025-12-04	6	0.0	1.4	1.0	0	1500	2.0	40.6	10.0	12.0
2022103605	2025-12-18	6	0.0	1.1	0.0	0	920	1.0	38.1	9.0	12.0
2022103605	2026-01-01	9	0.0	2.8	0.0	0	920	0.0	38.2		12.0
2022103605	2026-01-13	3	11.0	1.1	1.0	0	1500	0.0	41.1	9.0	11.0
2022103607	2025-02-02	12	0.0	2.8	2.0	0	1600	2.0	39.3	0.0	16.0
2022103607	2025-03-08	11	0.0	2.5	1.0	0	1800	1.0	39.7	1.0	16.0
2022103607	2025-04-06	6	0.0	1.6	1.0	0	1800	2.0	41.0	1.0	13.0
2022103607	2025-05-10	12	0.0	4.6	2.0	0	2100	1.0	38.0	1.0	14.0
2022103607	2025-09-13	15	0.0	2.5	0.0	0	1800	3.0	40.3	1.0	16.0
2022103658	2024-09-28	13	0.0	3.8	1.0	0	1200	0.0	41.5	0.0	16.0
2022103658	2024-11-16	14	0.0	3.7	1.0	0	1200	0.0	39.6	1.0	16.0
2022103658	2024-12-01	15	0.0	4.3	0.0	0	1200	0.0	41.8	1.0	15.0
2022103658	2025-04-06	16	0.0	5.3	0.0	0	1200	0.0	43.1	1.0	16.0
2022103658	2025-05-16	5	4.5	0.7	1.0	0	800	0.0	36.8		7.0
2022103658	2025-06-02	9	0.0	3.2	1.0	0	1400	0.0	42.3		10.0
2022103658	2025-06-10	12	0.0	6.4	3.0	0	1400	3.0	46.1		12.0
2022103658	2025-08-14	2	18.0	0.7	0.0	0	1400	0.0	41.3		10.0
2022103658	2025-08-26	7	0.0	8.6	1.0	0	1400	0.0	48.0		7.0
2022103658	2025-09-12	1	45.0	0.0	1.0	0	800	0.0	36.3	1.0	9.0
2022103658	2025-09-23	5	4.5	2.5	1.0	0	1400	0.0	42.4		10.0
2022103658	2025-10-08	7	0.0	4.3	0.0	0	1400	0.0	44.0		8.0
2022103658	2025-10-22	6	0.0	2.4	1.0	0	1400	0.0	39.9		10.0
2022103658	2025-11-18	7	0.0	1.9	1.0	0	1400	0.0	41.5	11.0	9.0
2022103658	2025-11-28	5	4.0	1.4	0.0	0	1400	0.0	39.1		7.0
2022103658	2025-12-12	8	0.0	3.3	0.0	0	1400	0.0	43.1		10.0
2022103658	2025-12-30	4	6.0	0.8	0.0	0	1400	0.0	40.1	11.0	8.0
2022103658	2026-01-06	4	6.0	0.8	0.0	0	1400	0.0	40.3	10.0	8.0
2022103686	2025-01-05	6	0.0	1.3	0.0	0	1800	0.0	38.3	0.0	16.0
2022103686	2025-01-25	1	560.0	0.0	0.0	0	1800	0.0	38.2	1.0	15.0
2022103686	2025-02-09	3	200.0	0.6	0.0	0	1800	2.0	37.6	2.0	10.0
2022103686	2025-04-06	1	800.0	0.0	0.0	0	1800	0.0	37.6	2.0	14.0
2022103686	2025-05-03	8	0.0	1.8	0.0	0	1900	2.0	38.0		13.0
2022103686	2025-08-10	2	629.2	0.4	1.0	0	1800	0.0	37.6	5.0	12.0
2022103686	2025-10-19	1	1582.2	0.0	1.0	0	1800	0.0	36.9	5.0	14.0
2022103686	2025-11-16	2	748.8	0.3	0.0	0	1800	0.0	37.4	4.0	14.0
2022103686	2025-12-14	16	0.0	4.7	0.0	0	2000	0.0	42.3	4.0	16.0
2022103730	2025-04-06	16	0.0	4.5	0.0	0	1400	0.0	41.4	1.0	16.0
2022103730	2025-08-24	13	0.0	1.5	0.0	1	1400	0.0	35.1	1.0	17.0
2022103730	2025-10-24	12	0.0	7.0	0.0	0	1700	0.0	45.3	10.0	12.0
2022103730	2026-01-05	5	3.2	0.6	0.0	0	1300	0.0	40.4	10.0	12.0
2022103744	2024-07-14	2	290.0	0.1	1.0	0	1150	2.0	37.8	0.0	8.0
2022103744	2024-08-10	15	0.0	3.9	0.0	0	1200	0.0	38.9	1.0	16.0
2022103744	2024-09-08	5	55.0	0.5	0.0	0	1200	0.0	38.2	1.0	9.0
2022103744	2024-10-06	10	0.0	3.7	0.0	0	1400	0.0	40.8	1.0	11.0
2022103744	2024-12-14	13	0.0	2.3	2.0	0	1200	0.0	40.1	1.0	15.0
2022103744	2025-01-26	15	0.0	2.0	0.0	0	1400	0.0	40.1	1.0	16.0
2022103744	2025-03-23	4	84.0	0.7	0.0	0	1200	0.0	38.3	1.0	16.0
2022103744	2025-04-06	14	0.0	3.2	0.0	0	1200	0.0	40.3	1.0	16.0
2022103744	2025-05-17	15	0.0	3.4	3.0	0	1200	2.0	39.7	1.0	15.0
2022103744	2025-06-14	6	0.0	3.3	1.0	0	1750	3.0	41.9	5.0	8.0
2022103744	2025-06-29	8	0.0	1.6	0.0	0	1400	0.0	41.5		10.0
2022103744	2025-07-21	6	0.0	2.2	0.0	0	1400	1.0	40.7	5.0	11.0
2022103744	2025-08-24	2	12.8	0.5	1.0	0	1400	3.0	40.8	10.0	10.0
2022103744	2025-10-05	10	0.0	1.7	1.0	0	1400	1.0	41.7	10.0	10.0
2022103852	2025-04-06	11	0.0	1.5	2.0	1	1600	0.0	35.2	1.0	16.0
2022103852	2025-06-15	9	0.0	1.6	1.0	0	1600	1.0	38.0	1.0	16.0
2022103852	2025-08-17	2	220.0	0.0	0.0	0	1200	0.0	36.2	1.0	15.0
2022103852	2025-08-31	3	140.0	0.2	0.0	0	1200	0.0	36.6	1.0	15.0
2022103852	2025-09-13	5	56.0	0.9	1.0	0	1200	3.0	36.3	1.0	16.0
2022103852	2025-11-03	1	150.0	0.0	0.0	0	1200	2.0	39.0	10.0	12.0
2022103852	2025-12-11	4	18.0	3.3	0.0	0	1200	0.0	38.0	11.0	12.0
2022103857	2025-01-11	9	0.0	2.2	0.0	0	1200	2.0	37.1	0.0	16.0
2022103857	2025-03-15	2	220.0	0.0	0.0	0	1200	2.0	37.4	1.0	16.0
2022103857	2025-04-06	1	560.0	0.0	1.0	0	1200	2.0	37.0	1.0	16.0
2022103857	2025-05-25	5	80.0	1.1	1.0	0	1400	3.0	36.1	2.0	9.0
2022103857	2025-08-03	10	0.0	1.5	0.0	0	1200	0.0	37.4	2.0	15.0
2022103857	2025-09-27	6	0.0	1.2	0.0	0	1200	0.0	37.0	2.0	16.0
2022103857	2025-12-28	5	80.0	0.9	0.0	0	1200	0.0	37.7	2.0	16.0
2022103986	2024-12-14	3	180.0	0.0	0.0	0	1800	0.0	39.0	0.0	15.0
2022103986	2025-01-13	9	0.0	1.6	0.0	0	1800	0.0	41.4	1.0	16.0
2022103986	2025-01-26	3	140.0	1.0	0.0	0	1900	0.0	38.2	1.0	11.0
2022103986	2025-02-16	1	560.0	0.0	0.0	0	2100	0.0	37.4	1.0	16.0
2022103986	2025-04-06	10	0.0	1.7	2.0	0	1800	2.0	39.9	2.0	14.0
2022103986	2025-06-15	12	0.0	1.6	1.0	0	2100	1.0	36.9	2.0	16.0
2022103986	2025-08-10	12	0.0	1.9	3.0	0	1800	3.0	39.3	2.0	15.0
2022104008	2024-11-24	8	0.0	3.9	0.0	0	1600	0.0	40.0	0.0	16.0
2022104008	2024-12-07	6	0.0	2.5	1.0	0	1800	0.0	39.5	1.0	10.0
2022104008	2025-01-26	5	56.0	1.0	0.0	0	1700	0.0	40.5	1.0	13.0
2022104008	2025-02-09	4	84.0	0.8	0.0	0	1700	2.0	40.4	1.0	16.0
2022104008	2025-03-30	12	0.0	2.2	1.0	0	1800	2.0	40.4	1.0	15.0
2022104008	2025-04-06	8	0.0	2.8	1.0	0	1800	2.0	39.8	1.0	13.0
2022104008	2025-04-20	12	0.0	3.2	1.0	0	1800	0.0	41.4	1.0	14.0
2022104008	2025-06-29	13	0.0	4.1	0.0	0	1700	0.0	42.1	1.0	15.0
2022104008	2025-08-03	15	0.0	2.6	0.0	1	2000	0.0	38.0	1.0	16.0
2022104008	2025-10-09	6	0.0	1.6	1.0	0	1200	0.0	38.6		10.0
2022104062	2024-07-07	7	0.0	3.1	0.0	1	2000	0.0	36.9	0.0	11.0
2022104062	2024-09-07	2	220.0	0.6	0.0	0	1800	0.0	40.2	1.0	12.0
2022104062	2024-09-28	4	83.0	1.3	1.0	0	1800	0.0	40.1	1.0	16.0
2022104062	2024-11-30	8	0.0	1.6	0.0	0	1800	2.0	39.6	1.0	15.0
2022104062	2024-12-21	3	140.0	1.1	0.0	0	1800	0.0	39.0	1.0	15.0
2022104062	2025-01-18	1	560.0	0.0	0.0	0	1800	0.0	38.7	1.0	16.0
2022104062	2025-03-15	6	0.0	1.6	1.0	0	1800	2.0	39.2	2.0	16.0
2022104062	2025-04-06	7	0.0	1.5	2.0	0	1800	2.0	39.1	2.0	14.0
2022104062	2025-05-03	13	0.0	2.7	0.0	0	1800	2.0	38.8	2.0	15.0
2022104062	2025-07-12	7	0.0	0.9	1.0	0	1700	0.0	38.4	2.0	15.0
2022104062	2025-08-02	3	200.0	1.2	0.0	0	1800	0.0	38.5	2.0	13.0
2022104062	2025-09-21	3	200.0	1.6	1.0	0	1800	0.0	38.7	2.0	16.0
2022104062	2025-10-13	3	200.0	0.1	1.0	0	2100	0.0	38.7	2.0	16.0
2022104062	2025-11-01	7	0.0	0.9	1.0	0	2100	1.0	37.0	2.0	16.0
2022104062	2026-01-04	5	82.0	1.0	0.0	0	1800	2.0	39.6	2.0	16.0
2022104064	2024-10-06	11	0.0	2.8	1.0	0	1600	1.0	37.8	0.0	16.0
2022104064	2024-11-16	14	0.0	2.7	1.0	0	1600	0.0	38.5	1.0	16.0
2022104064	2024-11-23	12	0.0	2.2	0.0	1	1800	0.0	35.8	1.0	14.0
2022104064	2025-01-19	6	0.0	2.4	0.0	0	1800	0.0	40.9	1.0	16.0
2022104064	2025-03-16	4	84.0	1.0	3.0	0	1800	3.0	40.4	1.0	16.0
2022104064	2025-04-06	7	0.0	1.6	1.0	0	1800	2.0	41.2	1.0	13.0
2022104064	2025-11-20	7	0.0	0.8	0.0	0	1500	0.0	40.5	11.0	12.0
2022104064	2025-12-18	4	8.3	0.7	0.0	0	1500	2.0	40.6		12.0
2022104064	2026-01-01	3	11.0	0.5	0.0	0	1500	0.0	39.3		12.0
2022104064	2026-01-14	2	19.3	1.0	1.0	0	1500	0.0	40.2	10.0	10.0
2022104065	2024-09-21	1	720.0	0.0	1.0	0	1800	0.0	38.0	0.0	16.0
2022104065	2025-04-06	2	320.0	0.0	2.0	0	1800	2.0	38.7	2.0	14.0
2022104068	2024-08-17	3	180.0	1.0	0.0	1	1200	0.0	35.5	0.0	18.0
2022104068	2024-09-14	4	83.0	0.2	0.0	1	1200	0.0	34.2	1.0	14.0
2022104068	2024-10-06	6	0.0	1.9	0.0	0	1200	2.0	38.1	1.0	14.0
2022104068	2024-12-08	4	83.0	0.6	0.0	1	1200	0.0	35.0	1.0	16.0
2022104068	2024-12-21	9	0.0	0.8	0.0	1	1600	0.0	36.8	1.0	16.0
2022104068	2025-03-23	3	140.0	0.3	0.0	1	1400	0.0	35.1	1.0	18.0
2022104068	2025-04-06	4	84.0	0.6	2.0	1	1600	0.0	34.9	1.0	16.0
2022104068	2025-05-03	3	140.0	0.4	0.0	1	1400	0.0	35.9	1.0	16.0
2022104068	2025-05-24	3	140.0	0.2	1.0	1	1400	0.0	35.1	1.0	16.0
2022104068	2025-06-15	6	0.0	0.5	1.0	1	1400	2.0	34.5	1.0	18.0
2022104068	2025-07-26	5	56.0	0.3	0.0	1	1400	0.0	34.4	1.0	17.0
2022104068	2025-09-28	4	7.8	0.4	1.0	0	1600	0.0	41.1	13.0	10.0
2022104068	2025-10-14	3	12.0	0.6	1.0	1	1700	0.0	37.5	13.0	12.0
2022104068	2025-10-26	8	0.0	1.7	2.0	0	1600	2.0	40.3	13.0	9.0
2022104068	2026-01-10	4	6.6	0.8	1.0	0	1800	0.0	40.9	11.0	11.0
2022104100	2025-04-06	8	0.0	1.6	0.0	0	1200	0.0	36.8	1.0	16.0
2022104100	2025-06-07	14	0.0	2.7	0.0	0	1400	0.0	39.1	1.0	15.0
2022104100	2025-08-10	6	0.0	0.3	1.0	1	1600	0.0	33.4	1.0	15.0
2022104100	2025-08-16	2	220.0	0.1	0.0	1	1400	0.0	34.4	1.0	17.0
2022104100	2025-08-30	6	0.0	0.9	0.0	1	1600	0.0	34.4	1.0	16.0
2022104100	2025-11-09	10	0.0	0.5	2.0	1	1400	1.0	34.8	2.0	17.0
2022104100	2025-11-16	8	0.0	1.2	0.0	0	1200	0.0	37.0	2.0	16.0
2022104107	2025-02-15	14	0.0	2.3	0.0	0	1400	0.0	39.0	1.0	16.0
2022104107	2025-03-29	14	0.0	3.2	3.0	0	1200	2.0	38.8	1.0	16.0
2022104107	2025-04-06	13	0.0	8.0	1.0	0	1800	2.0	44.0	1.0	13.0
2022104107	2025-05-09	12	0.0	11.8	1.0	0	1500	2.0	47.5		12.0
2022104119	2025-01-25	11	0.0	2.7	0.0	1	2000	0.0	39.3	0.0	18.0
2022104119	2025-04-06	1	560.0	0.0	0.0	0	1800	0.0	36.7	1.0	15.0
2022104120	2024-06-29	1	720.0	0.0	1.0	0	1000	2.0	35.7	0.0	8.0
2022104120	2024-09-28	7	0.0	2.2	1.0	0	1400	0.0	37.9	2.0	10.0
2022104120	2024-10-20	1	1093.1	0.0	0.0	0	1400	2.0	38.7	2.0	11.0
2022104120	2024-11-21	5	300.0	0.6	0.0	0	1400	0.0	38.9		12.0
2022104120	2024-12-15	8	0.0	1.4	0.0	1	1600	0.0	34.8		16.0
2022104120	2025-01-19	11	0.0	2.4	2.0	1	2000	0.0	38.5		14.0
2022104120	2025-04-06	3	454.7	0.3	0.0	0	1400	0.0	36.7	5.0	15.0
2022104120	2025-09-21	2	460.0	0.7	1.0	0	1400	0.0	36.2	3.0	15.0
2022104120	2025-10-05	4	170.0	0.4	1.0	0	1400	1.0	36.0	3.0	16.0
2022104120	2025-10-26	4	230.0	0.5	1.0	0	1400	1.0	36.3	5.0	16.0
2022104308	2024-08-03	4	110.0	1.3	0.0	1	1200	0.0	35.6	0.0	9.0
2022104308	2024-08-18	8	0.0	1.5	1.0	1	1500	0.0	37.7	1.0	9.0
2022104308	2024-10-06	14	0.0	3.9	0.0	0	1200	2.0	38.9	1.0	14.0
2022104308	2024-10-20	6	0.0	1.6	0.0	1	1200	2.0	36.4	1.0	10.0
2022104308	2025-01-26	12	0.0	2.0	0.0	1	1200	0.0	36.1	1.0	17.0
2022104308	2025-02-02	11	0.0	3.9	1.0	0	1800	2.0	41.3	1.0	12.0
2022104308	2025-03-29	5	56.0	0.8	0.0	1	2000	0.0	35.3	1.0	15.0
2022104308	2025-04-06	4	84.0	0.9	0.0	1	2400	0.0	35.3	1.0	14.0
2022104308	2025-04-26	8	0.0	0.7	0.0	1	2400	0.0	35.3	1.0	14.0
2022104308	2025-05-17	6	0.0	0.7	1.0	1	2400	3.0	37.1	1.0	16.0
2022104308	2025-06-01	10	0.0	1.2	0.0	1	2400	0.0	35.5	1.0	13.0
2022104308	2025-07-06	6	0.0	1.3	1.0	1	2000	2.0	37.0	1.0	12.0
2022104308	2025-07-13	7	0.0	1.1	0.0	1	2000	0.0	36.6	1.0	15.0
2022104308	2025-08-02	7	0.0	1.0	0.0	1	2000	0.0	36.4	1.0	16.0
2022104308	2025-08-30	14	0.0	2.9	2.0	1	2000	2.0	40.7	1.0	16.0
2022104308	2025-10-20	8	0.0	2.2	1.0	0	1200	2.0	39.6	10.0	10.0
2022104308	2025-11-10	14	0.0	4.3	0.0	0	1600	2.0	45.1	10.0	14.0
2022104308	2025-12-02	10	0.0	2.1	1.0	0	1200	0.0	39.3	10.0	16.0
2022104308	2025-12-25	4	15.0	0.9	3.0	0	1400	1.0	39.0	10.0	11.0
2022104308	2026-01-13	12	0.0	2.9	0.0	0	1400	0.0	39.9	10.0	12.0
2022104383	2025-03-23	10	0.0	2.0	0.0	0	1800	2.0	39.4	1.0	16.0
2022104383	2025-04-06	2	220.0	0.4	1.0	0	1800	2.0	37.6	1.0	13.0
2022104383	2025-05-18	5	56.0	1.4	1.0	0	1800	2.0	40.9	1.0	13.0
2022104383	2025-09-06	4	84.0	0.5	0.0	0	1700	0.0	39.9	1.0	14.0
2022104383	2025-10-20	1	50.0	0.0	1.0	0	1400	2.0	36.5	11.0	12.0
2022104383	2025-11-02	6	0.0	1.0	1.0	0	1600	1.0	38.9	11.0	11.0
2022104383	2025-11-18	3	10.0	0.8	1.0	0	1400	0.0	38.3	11.0	11.0
2022104383	2025-12-01	8	0.0	2.2	1.0	0	1400	2.0	40.4	11.0	12.0
2022104429	2024-08-25	6	0.0	1.8	1.0	1	2000	0.0	34.7	0.0	10.0
2022104429	2024-09-14	3	140.0	2.4	0.0	0	1800	0.0	38.7	1.0	8.0
2022104429	2024-10-05	6	0.0	1.7	1.0	0	1800	1.0	39.0	1.0	12.0
2022104429	2024-11-03	10	0.0	4.8	0.0	0	1800	1.0	43.9	1.0	14.0
2022104429	2025-02-16	13	0.0	1.0	1.0	1	2000	0.0	36.1	1.0	14.0
2022104429	2025-03-01	14	0.0	1.4	1.0	1	2000	0.0	36.3	1.0	18.0
2022104429	2025-03-15	8	0.0	2.6	1.0	0	1800	0.0	40.1	1.0	13.0
2022104429	2025-03-29	11	0.0	4.0	1.0	0	1900	2.0	40.1	1.0	13.0
2022104429	2025-04-06	11	0.0	3.5	1.0	0	1800	2.0	39.6	1.0	13.0
2022104429	2025-05-24	6	0.0	1.1	2.0	0	1800	0.0	38.8	1.0	16.0
2022104429	2025-06-08	6	0.0	1.3	0.0	0	1800	0.0	40.1	1.0	15.0
2022104429	2025-06-14	8	0.0	1.9	2.0	0	2000	2.0	39.8	1.0	16.0
2022104429	2025-08-03	7	0.0	1.5	0.0	0	1900	0.0	38.7	1.0	16.0
2022104429	2025-09-06	9	0.0	2.6	0.0	0	1800	1.0	39.8	1.0	16.0
2022104429	2025-10-02	8	0.0	1.5	0.0	0	1400	2.0	41.5	10.0	10.0
2022104429	2025-10-24	10	0.0	2.8	0.0	0	1700	0.0	41.4	10.0	12.0
2022104465	2024-08-03	8	0.0	3.4	0.0	0	1800	0.0	41.0	0.0	15.0
2022104465	2024-08-31	8	0.0	1.1	1.0	0	1800	0.0	39.8	1.0	10.0
2022104465	2024-09-15	9	0.0	3.9	0.0	0	1800	0.0	42.1	1.0	13.0
2022104465	2024-10-06	5	55.0	1.0	1.0	0	1600	1.0	37.1	1.0	11.0
2022104465	2024-10-26	12	0.0	2.6	1.0	0	1600	0.0	39.9	1.0	12.0
2022104465	2025-01-13	5	56.0	2.2	0.0	0	1800	0.0	40.9	1.0	16.0
2022104465	2025-01-26	7	0.0	0.3	0.0	0	1800	0.0	40.1	1.0	16.0
2022104465	2025-03-16	8	0.0	2.9	3.0	0	1800	3.0	41.0	1.0	16.0
2022104465	2025-04-06	1	560.0	0.0	1.0	0	1800	2.0	40.5	1.0	13.0
2022104465	2025-05-03	14	0.0	2.8	0.0	0	1800	2.0	39.1	2.0	15.0
2022104465	2025-05-18	15	0.0	2.5	1.0	0	1600	1.0	37.2	2.0	16.0
2022104465	2025-12-01	12	0.0	4.1	1.0	0	1400	2.0	40.5	11.0	12.0
2022104465	2025-12-15	10	0.0	2.7	1.0	0	1400	3.0	39.9	11.0	10.0
2022104533	2024-06-30	8	0.0	1.0	1.0	1	1800	0.0	35.4	0.0	16.0
2022104533	2024-07-14	7	0.0	1.5	0.0	1	1800	0.0	37.4	1.0	8.0
2022104533	2024-07-28	11	0.0	2.3	1.0	1	1400	0.0	37.1	1.0	11.0
2022104533	2024-08-25	1	550.0	0.0	1.0	1	1000	0.0	33.5	1.0	11.0
2022104533	2024-09-07	8	0.0	1.1	0.0	1	1600	0.0	35.3	2.0	8.0
2022104533	2024-11-10	11	0.0	1.6	0.0	1	1200	0.0	37.1	5.0	16.0
2022104533	2024-12-07	9	0.0	1.2	0.0	1	1200	0.0	34.2	2.0	13.0
2022104533	2024-12-21	9	0.0	2.1	0.0	0	1200	0.0	36.9	2.0	16.0
2022104533	2025-02-08	8	0.0	1.7	0.0	0	1400	0.0	38.0	2.0	14.0
2022104533	2025-02-16	7	0.0	1.7	1.0	1	1800	0.0	34.3		9.0
2022104533	2025-03-02	4	120.0	0.2	0.0	1	1600	0.0	33.7	2.0	8.0
2022104533	2025-04-06	3	200.0	0.4	1.0	1	1600	0.0	34.2	2.0	9.0
2022104533	2025-04-12	11	0.0	1.3	0.0	1	1600	0.0	33.4		14.0
2022104533	2025-06-29	12	0.0	1.3	0.0	1	1800	0.0	35.7		14.0
2022104533	2025-09-14	14	0.0	1.4	1.0	1	1600	0.0	33.8	2.0	16.0
2022104533	2025-10-13	7	0.0	0.3	1.0	1	1600	0.0	33.3	2.0	18.0
2022104533	2025-10-26	11	0.0	1.1	1.0	1	1600	2.0	33.6	2.0	15.0
2022104533	2025-11-01	11	0.0	1.1	0.0	1	1800	0.0	34.7	2.0	15.0
2022104533	2026-01-11	5	82.0	1.1	0.0	1	1600	0.0	35.1	2.0	16.0
2022104559	2024-07-07	9	0.0	1.4	1.0	1	1800	2.0	37.0	0.0	10.0
2022104559	2024-08-04	9	0.0	3.6	1.0	0	1700	2.0	41.8	1.0	14.0
2022104559	2024-08-17	8	0.0	1.5	1.0	1	1800	0.0	35.8	1.0	10.0
2022104559	2024-12-08	10	0.0	2.3	0.0	1	1800	0.0	37.2	1.0	12.0
2022104559	2025-04-06	6	0.0	0.9	2.0	1	1600	0.0	35.1	1.0	16.0
2022104559	2025-05-04	3	140.0	0.3	0.0	1	1600	0.0	34.3	1.0	15.0
2022104559	2025-05-25	10	0.0	1.4	1.0	1	1600	2.0	35.8	1.0	18.0
2022104559	2025-06-14	5	56.0	1.3	0.0	1	1800	0.0	35.4	1.0	15.0
2022104559	2025-06-29	2	220.0	0.0	0.0	1	1800	0.0	35.9	1.0	16.0
2022104559	2025-07-20	5	56.0	0.6	0.0	1	1800	0.0	34.9	1.0	14.0
2022104559	2025-08-17	4	84.0	0.7	3.0	1	2000	0.0	36.8	1.0	15.0
2022104559	2025-08-30	16	0.0	3.4	2.0	1	2000	2.0	40.4	1.0	16.0
2022104559	2025-12-13	17	0.0	2.2	1.0	1	2200	0.0	36.0	2.0	18.0
2022104560	2024-10-19	7	0.0	0.8	0.0	1	1400	0.0	33.7	0.0	17.0
2022104560	2024-12-15	2	220.0	0.3	0.0	1	1600	0.0	34.3	1.0	16.0
2022104560	2025-01-05	2	220.0	0.1	0.0	1	1600	0.0	34.3	1.0	16.0
2022104560	2025-02-02	5	56.0	0.8	2.0	1	1600	0.0	34.8	1.0	16.0
2022104560	2025-03-01	4	84.0	0.8	0.0	1	1800	0.0	34.3	1.0	16.0
2022104560	2025-03-23	2	220.0	0.0	0.0	1	1600	0.0	35.7	1.0	16.0
2022104560	2025-04-06	3	140.0	0.5	2.0	1	1600	0.0	35.2	1.0	16.0
2022104560	2025-04-20	1	560.0	0.0	1.0	1	2000	0.0	34.3	1.0	16.0
2022104560	2025-07-05	4	170.0	0.5	1.0	1	2000	0.0	35.9	5.0	10.0
2022104560	2025-08-03	11	0.0	1.5	0.0	1	2200	0.0	35.9	5.0	11.0
2022104560	2025-09-20	10	0.0	0.9	1.0	1	2000	0.0	35.2	2.0	18.0
2022104560	2025-10-13	8	0.0	0.3	1.0	1	1600	0.0	33.4	2.0	18.0
2022104560	2025-12-21	15	0.0	1.5	3.0	1	1600	2.0	36.4	2.0	16.0
2022104588	2024-09-07	1	720.0	0.0	0.0	1	1600	0.0	33.9	0.0	8.0
2022104588	2024-10-05	2	1307.2	0.1	2.0	1	1600	2.0	34.3		7.0
2022104588	2024-12-15	15	0.0	2.2	0.0	1	1600	0.0	35.5		16.0
2022104588	2025-01-13	5	410.0	0.8	0.0	1	1600	0.0	36.3		15.0
2022104588	2025-02-19	8	0.0	1.2	0.0	0	1800	0.0	40.1		12.0
2022104588	2025-03-22	11	0.0	1.0	0.0	1	1400	0.0	35.0		18.0
2022104588	2025-04-06	13	0.0	2.9	0.0	0	1400	0.0	39.8	5.0	15.0
2022104588	2025-06-21	7	0.0	0.6	0.0	1	1600	0.0	34.6	5.0	13.0
2022104588	2025-08-09	6	0.0	0.2	0.0	1	1400	0.0	33.3	3.0	11.0
2022104588	2025-08-23	12	0.0	0.8	0.0	1	1400	0.0	35.0	5.0	17.0
2022104588	2025-10-05	3	396.1	0.2	1.0	1	1400	0.0	33.4	3.0	17.0
2022104588	2025-10-25	2	628.0	0.0	3.0	1	1400	2.0	33.5	5.0	12.0
2022104588	2025-11-09	1	1140.0	0.0	1.0	1	1400	0.0	32.6	3.0	18.0
2022104588	2025-12-21	4	280.0	0.2	2.0	1	1400	1.0	34.2	4.0	14.0
2022104644	2024-07-07	6	0.0	3.1	0.0	1	1200	0.0	34.3	0.0	7.0
2022104644	2024-10-06	9	0.0	0.7	0.0	1	1400	0.0	34.9	1.0	14.0
2022104644	2024-10-26	6	0.0	1.3	1.0	0	1600	0.0	39.6	1.0	12.0
2022104644	2025-03-08	3	140.0	0.2	0.0	0	1400	0.0	39.0	1.0	16.0
2022104644	2025-03-23	5	56.0	0.8	0.0	0	1200	0.0	38.2	1.0	16.0
2022104644	2025-04-06	3	140.0	0.7	0.0	0	1200	0.0	38.3	1.0	16.0
2022104644	2025-05-03	2	220.0	0.2	0.0	0	1200	2.0	37.7	1.0	15.0
2022104644	2025-06-01	1	560.0	0.0	0.0	0	1200	0.0	36.6	1.0	15.0
2022104644	2025-07-06	10	0.0	1.3	0.0	0	1000	0.0	36.2	2.0	14.0
2022104644	2025-09-07	3	200.0	0.7	0.0	0	1400	0.0	38.3	2.0	15.0
2022104644	2025-09-28	7	0.0	0.7	0.0	0	1200	0.0	36.3	2.0	16.0
2022104644	2025-12-07	2	320.0	0.1	0.0	0	1200	0.0	37.3	2.0	11.0
2022104644	2026-01-04	4	120.0	0.5	1.0	0	1200	0.0	35.8	2.0	16.0
2022104654	2024-10-12	11	0.0	2.1	0.0	1	2000	0.0	35.6	0.0	13.0
2022104654	2024-12-21	7	0.0	1.7	1.0	0	1800	0.0	40.0	1.0	16.0
2022104654	2025-01-13	1	560.0	0.0	0.0	0	1900	0.0	38.8	1.0	16.0
2022104654	2025-03-15	11	0.0	3.6	2.0	1	2400	0.0	38.4	2.0	12.0
2022104654	2025-04-06	13	0.0	3.4	0.0	0	1800	0.0	41.4	2.0	14.0
2022104654	2025-07-26	5	80.0	0.5	0.0	0	1800	0.0	38.4	2.0	11.0
2022104654	2025-08-16	4	120.0	2.9	0.0	0	1800	0.0	41.3	2.0	8.0
2022104654	2025-10-19	6	0.0	0.6	1.0	0	1800	0.0	37.9	2.0	12.0
2022104654	2025-11-09	9	0.0	1.5	3.0	0	1800	1.0	39.2	2.0	16.0
2022104691	2025-01-11	14	0.0	1.1	0.0	1	2000	0.0	36.8	0.0	18.0
2022104691	2025-04-06	4	84.0	1.5	1.0	0	1800	2.0	39.9	1.0	13.0
2022104691	2025-06-08	1	560.0	0.0	1.0	0	2100	0.0	37.9	1.0	16.0
2022104691	2025-10-13	7	0.0	0.6	1.0	0	2100	0.0	37.9	2.0	16.0
2022104749	2025-04-06	4	84.0	0.6	0.0	0	1400	0.0	38.0	1.0	16.0
2022104749	2025-05-03	1	560.0	0.0	0.0	0	1400	1.0	36.2	1.0	16.0
2022104749	2025-06-01	1	800.0	0.0	0.0	0	1400	0.0	37.4	2.0	14.0
2022104749	2025-08-10	4	230.0	0.9	1.0	0	1800	0.0	37.8	5.0	12.0
2022104749	2025-09-07	9	0.0	1.0	0.0	0	1400	0.0	37.2	3.0	12.0
2022104749	2025-11-22	2	375.0	0.0	0.0	0	1400	0.0	37.5	3.0	16.0
2022104749	2025-12-06	16	0.0	1.5	0.0	0	1400	0.0	38.4	3.0	16.0
2022104850	2024-08-18	4	110.0	0.7	0.0	1	1600	0.0	35.4	0.0	16.0
2022104850	2024-10-05	4	83.0	1.1	0.0	1	1800	0.0	35.1	1.0	8.0
2022104850	2025-01-12	5	56.0	1.8	1.0	1	2000	0.0	37.7	1.0	18.0
2022104850	2025-04-06	1	560.0	0.0	0.0	1	2400	0.0	35.2	1.0	14.0
2022104850	2025-05-03	2	444.4	0.1	0.0	1	2200	0.0	33.9	2.0	6.0
2022104850	2025-09-07	11	0.0	0.8	0.0	1	2000	0.0	34.2		13.0
2022104850	2025-11-02	10	0.0	0.6	0.0	1	2200	0.0	34.7	2.0	16.0
2022104850	2025-11-23	6	0.0	0.9	0.0	1	2400	0.0	34.9	2.0	18.0
2022104929	2024-10-05	1	720.0	0.0	1.0	1	1400	0.0	34.8	0.0	18.0
2022104929	2024-11-02	7	0.0	1.0	2.0	1	1400	2.0	34.5		14.0
2022104929	2025-01-05	11	0.0	1.4	1.0	1	1600	0.0	35.3		15.0
2022104929	2025-01-19	14	0.0	3.4	1.0	0	1200	0.0	38.2	2.0	16.0
2022104929	2025-03-22	14	0.0	1.1	0.0	1	1400	0.0	34.7		18.0
2022104929	2025-04-06	6	0.0	1.0	1.0	1	1600	0.0	35.3	2.0	9.0
2022104929	2025-07-19	4	120.0	0.2	0.0	1	1200	0.0	34.9	2.0	9.0
2022104929	2025-08-10	4	120.0	0.3	1.0	1	1400	0.0	34.4	2.0	15.0
2022104929	2025-10-18	8	0.0	0.5	1.0	1	1400	0.0	33.8	2.0	15.0
2022104929	2025-11-01	7	0.0	0.8	0.0	1	1800	0.0	36.0	2.0	15.0
2022104929	2025-12-06	10	0.0	0.9	0.0	1	1600	0.0	34.2	2.0	16.0
2022104957	2024-06-15	2	290.0	0.5	0.0	0	1200	0.0	37.6	0.0	10.0
2022104957	2024-07-13	1	550.0	0.0	1.0	0	1000	2.0	34.7	1.0	7.0
2022104957	2024-09-28	1	1091.0	0.0	1.0	0	1400	0.0	36.3	2.0	10.0
2022104957	2024-11-02	9	0.0			0	1700				
2022104957	2025-01-18	8	0.0	1.2	0.0	1	1400	0.0	36.4		12.0
2022104957	2025-02-23	2	805.2	0.1	1.0	1	1200	0.0	34.2		8.0
2022104957	2025-04-06	7	0.0	0.6	0.0	0	1400	0.0	38.7	5.0	15.0
2022104957	2025-06-15	8	0.0	1.1	0.0	1	1200	2.0	37.1	5.0	15.0
2022104957	2025-08-30	2	630.0	0.0	0.0	0	1200	0.0	36.8	5.0	16.0
2022104957	2025-10-12	1	1582.2	0.0	2.0	0	1200	0.0	35.8	5.0	14.0
2022105004	2024-09-07	6	0.0	2.5	0.0	0	1800	0.0	38.5	0.0	9.0
2022105004	2024-12-22	8	0.0	1.3	1.0	1	1400	0.0	35.9	1.0	18.0
2022105004	2025-04-06	11	0.0	2.1	0.0	0	1400	0.0	39.3	1.0	16.0
2022105004	2025-06-14	12	0.0	2.6	0.0	0	1700	0.0	39.9	1.0	14.0
2022105004	2025-08-31	7	0.0	2.2	1.0	0	1700	2.0	39.2	1.0	14.0
2022105051	2024-09-07	3	180.0	1.0	0.0	1	1600	0.0	34.5	0.0	8.0
2022105051	2024-10-05	1	550.0	0.0	2.0	1	1600	0.0	34.6	1.0	9.0
2022105051	2024-10-26	6	0.0	1.9	1.0	1	1800	0.0	34.7		6.0
2022105051	2025-01-05	7	0.0	1.1	1.0	1	1600	0.0	34.7		15.0
2022105051	2025-03-23	10	0.0	2.0	0.0	1	2000	0.0	36.9	2.0	12.0
2022105051	2025-04-06	12	0.0	2.4	2.0	0	1800	2.0	40.0	2.0	14.0
2022105051	2025-06-29	7	0.0	1.5	0.0	1	1800	0.0	37.0	5.0	8.0
2022105051	2025-09-06	2	24.0	0.7	0.0	0	1300	1.0	40.0	9.0	11.0
2022105051	2025-09-21	2	24.0	0.4	0.0	0	1400	2.0	38.9	9.0	8.0
2022105051	2025-10-05	4	16.5	1.4	0.0	0	1400	1.0	38.6	5.0	8.0
2022105051	2025-10-19	1	60.0	0.0	1.0	0	1300	2.0	38.8	9.0	11.0
2022105051	2025-11-01	3	17.5	0.6	0.0	0	1300	3.0	39.5	10.0	10.0
2022105051	2025-11-15	1	70.0	0.0	0.0	0	1600	1.0	39.8	10.0	10.0
2022105051	2025-12-13	6	0.0	1.0	2.0	0	1400	0.0	40.8	5.0	12.0
2022105051	2025-12-28	2	28.0	0.9	0.0	0	1600	0.0	40.8	5.0	10.0
2022105051	2026-01-13	2	36.0	0.1	0.0	0	1600	0.0	40.2	11.0	7.0
2022105058	2024-09-15	4	110.0	0.6	1.0	0	1800	1.0	39.8	0.0	9.0
2022105058	2024-10-12	2	220.0	0.2	0.0	0	1800	0.0	38.3	1.0	11.0
2022105058	2024-11-30	1	550.0	0.0	0.0	0	1800	2.0	38.4	1.0	14.0
2022105058	2025-04-06	10	0.0	2.9	0.0	0	1800	0.0	40.1	2.0	14.0
2022105058	2025-05-11	3	200.0	0.3	1.0	0	1800	2.0	36.6	2.0	11.0
2022105058	2025-06-07	3	200.0	0.1	1.0	0	1800	0.0	37.9	2.0	9.0
2022105058	2025-07-27	3	200.0	1.1	0.0	0	1800	0.0	37.8	2.0	9.0
2022105058	2025-10-13	2	320.0	0.2	0.0	0	1800	0.0	37.7	2.0	13.0
2022105058	2025-11-22	1	800.0	0.0	0.0	0	1800	0.0	37.0	2.0	16.0
2022105058	2025-12-21	4	170.0	0.7	3.0	0	1800	1.0	37.7	3.0	15.0
2022105156	2025-01-18	10	0.0	3.1	0.0	0	1800	0.0	41.2	1.0	16.0
2022105156	2025-03-22	8	0.0	1.6	0.0	0	1400	0.0	38.1	1.0	16.0
2022105156	2025-04-06	5	56.0	1.6	1.0	0	1800	2.0	42.1	1.0	13.0
2022105156	2025-05-04	6	0.0	1.2	0.0	0	1400	2.0	36.2	1.0	16.0
2022105156	2025-06-15	4	84.0	0.6	1.0	0	1600	1.0	36.2	1.0	16.0
2022105156	2025-07-05	3	140.0	1.1	1.0	0	1700	2.0	39.3	1.0	15.0
2022105156	2025-08-02	1	560.0	0.0	0.0	0	1800	0.0	38.6	1.0	15.0
2022105156	2025-10-25	12	0.0	2.5	0.0	0	1800	0.0	39.3	2.0	14.0
2022105156	2025-12-14	11	0.0	4.2	0.0	0	1800	2.0	43.4	5.0	12.0
2022105204	2024-11-03	15	0.0	9.3	0.0	0	1700	1.0	42.6	0.0	15.0
2022105204	2025-03-22	12	0.0	4.3	0.0	0	1900	0.0	41.6	1.0	12.0
2022105204	2025-04-06	14	0.0	8.0	0.0	1	2400	0.0	42.6	1.0	14.0
2022105204	2025-06-08	16	0.0	2.1	1.0	1	1600	0.0	35.9	1.0	18.0
2022105204	2025-09-11	5	4.5	3.5	1.0	0	1400	0.0	43.5		6.0
2022105204	2025-09-24	8	0.0	4.3	1.0	0	1400	0.0	45.1		9.0
2022105204	2025-10-07	8	0.0	6.2	1.0	0	1400	0.0	46.4		8.0
2022105204	2025-10-21	4	6.0	0.7	1.0	0	800	0.0	38.4	10.0	8.0
2022105204	2025-11-05	10	0.0	3.6	1.0	0	1400	0.0	43.9		10.0
2022105204	2025-11-14	9	0.0	3.2	0.0	0	1400	0.0	42.3	10.0	10.0
2022105204	2025-11-27	1	40.0	0.0	0.0	0	800	0.0	37.2	10.0	8.0
2022105204	2025-12-12	9	0.0	2.6	0.0	0	1600	0.0	42.2	5.0	10.0
2022105204	2025-12-26	7	0.0	3.1	0.0	0	1400	2.0	42.8		10.0
2022105204	2026-01-06	5	4.0	1.4	0.0	0	1400	0.0	40.2	10.0	8.0
2022105215	2025-03-23	8	0.0	1.2	0.0	1	1600	0.0	34.0	1.0	17.0
2022105215	2025-04-06	5	56.0	1.1	0.0	1	2400	0.0	36.5	1.0	14.0
2022105215	2025-06-07	4	84.0	0.4	1.0	1	2000	0.0	35.3	1.0	13.0
2022105215	2025-06-28	2	220.0	0.2	0.0	1	1800	0.0	36.1	1.0	16.0
2022105215	2025-07-13	10	0.0	0.7	1.0	1	1800	0.0	37.1	1.0	16.0
2022105215	2025-08-17	3	140.0	0.2	0.0	1	1600	0.0	34.9	1.0	15.0
2022105215	2025-09-06	10	0.0	0.9	0.0	1	1600	0.0	35.4	1.0	18.0
2022105215	2025-11-15	13	0.0	2.1	0.0	1	1800	0.0	37.8	5.0	16.0
2022105258	2024-10-14	8	0.0	1.8	0.0	0	1800	0.0	37.7	0.0	15.0
2022105258	2025-02-01	6	0.0	1.5	0.0	0	2100	0.0	39.1	1.0	14.0
2022105258	2025-03-16	2	220.0	0.2	3.0	0	1800	3.0	39.4	1.0	15.0
2022105258	2025-04-06	2	220.0	0.6	1.0	0	1800	2.0	41.2	1.0	13.0
2022105258	2025-05-10	3	140.0	0.8	2.0	0	2100	1.0	35.8	1.0	14.0
2022105258	2025-06-08	3	140.0	0.5	1.0	0	2100	0.0	39.4	1.0	16.0
2022105258	2025-06-22	4	84.0	0.7	0.0	0	2100	0.0	38.5	1.0	16.0
2022105258	2025-08-03	1	560.0	0.0	0.0	0	1800	0.0	38.0	1.0	15.0
2022105258	2025-11-01	2	320.0	0.0	1.0	0	2100	1.0	36.9	2.0	16.0
2022105258	2025-12-27	2	320.0	0.1	1.0	0	1800	2.0	38.3	2.0	16.0
2022105262	2024-08-24	13	0.0	3.0	0.0	1	1600	0.0	36.4	0.0	16.0
2022105262	2024-09-07	3	140.0	0.9	0.0	0	1400	0.0	37.7	1.0	10.0
2022105262	2024-09-28	2	220.0	0.9	1.0	0	1200	0.0	36.2	1.0	9.0
2022105262	2024-12-14	1	550.0	0.0	0.0	0	1400	0.0	38.0	1.0	16.0
2022105262	2025-01-12	11	0.0	1.9	1.0	0	1400	0.0	37.8	2.0	16.0
2022105262	2025-04-06	4	120.0	1.6	0.0	0	1800	0.0	38.9	2.0	14.0
2022105262	2025-06-21	5	80.0	1.0	0.0	0	1800	0.0	37.7	2.0	16.0
2022105262	2025-07-19	2	320.0	0.1	0.0	0	1700	0.0	37.3	2.0	10.0
2022105262	2025-08-03	1	800.0	0.0	0.0	0	1700	0.0	38.1	2.0	12.0
2022105262	2025-11-09	2	630.6	0.0	2.0	0	1700	0.0	37.0	3.0	15.0
2022105262	2025-11-29	1	1583.6	0.0	0.0	0	1800	0.0	36.2	5.0	13.0
2022105288	2024-08-25	4	110.0	0.6	1.0	1	1800	0.0	34.5	0.0	9.0
2022105288	2024-09-07	7	0.0	0.3	0.0	1	1600	0.0	34.6	1.0	12.0
2022105288	2024-11-16	15	0.0	2.9	1.0	0	1600	0.0	39.9	1.0	16.0
2022105288	2024-12-01	4	83.0	0.8	0.0	0	1200	0.0	38.5	1.0	16.0
2022105288	2024-12-28	14	0.0	2.7	0.0	0	1200	0.0	41.2	1.0	16.0
2022105288	2025-02-15	5	56.0	1.1	0.0	1	1200	0.0	35.6	1.0	18.0
2022105288	2025-03-16	2	220.0	1.8	3.0	1	1600	1.0	38.6	1.0	16.0
2022105288	2025-04-06	5	56.0	0.7	2.0	1	1600	0.0	35.6	1.0	16.0
2022105288	2025-05-10	7	0.0	0.7	1.0	1	1400	2.0	35.7	1.0	16.0
2022105288	2025-05-25	15	0.0	1.7	1.0	1	1600	2.0	35.5	1.0	18.0
2022105288	2025-09-16	12	0.0	8.5	0.0	0	1600	2.0	48.5	11.0	12.0
2022105288	2025-10-08	16	0.0	3.3	0.0	0	1200	0.0	39.8	11.0	16.0
2022105288	2025-11-06	6	0.0	1.6	1.0	0	1400	0.0	43.3		9.0
2022105288	2025-11-19	4	6.0	1.1	1.0	0	1400	0.0	41.5		10.0
2022105288	2025-12-03	6	0.0	1.9	1.0	0	1400	0.0	41.0		8.0
2022105288	2025-12-16	4	6.0	1.4	0.0	0	1400	2.0	41.2		7.0
2022105288	2025-12-31	7	0.0	4.3	1.0	0	1400	0.0	42.7		8.0
2022105288	2026-01-08	7	0.0	2.5	0.0	0	1600	0.0	42.5		8.0
2022105368	2024-09-15	7	0.0	0.9	0.0	1	1200	0.0	34.5	0.0	16.0
2022105368	2025-03-02	10	0.0	1.7	0.0	0	1200	0.0	38.7	1.0	16.0
2022105368	2025-04-06	12	0.0	2.5	1.0	0	1200	2.0	38.8	1.0	16.0
2022105368	2025-07-05	13	0.0	1.5	0.0	1	1200	0.0	35.6	1.0	16.0
2022105368	2025-08-21	6	0.0	2.6	0.0	0	1500	0.0	40.2		11.0
2022105368	2025-09-05	7	0.0	4.5	1.0	0	1500	3.0	44.0		12.0
2022105368	2025-09-19	2	19.3	0.0	1.0	0	1400	0.0	39.7		12.0
2022105368	2025-10-02	6	0.0	1.4	0.0	0	1500	0.0	40.5		11.0
2022105368	2025-10-28	9	0.0	3.0	0.0	0	1500	2.0	42.0	10.0	11.0
2022105368	2025-11-07	9	0.0	1.4	0.0	0	1500	0.0	40.7	9.0	12.0
2022105368	2025-11-20	6	0.0	0.9	0.0	0	1500	0.0	39.5		12.0
2022105368	2025-12-04	5	5.5	1.0	1.0	0	1500	2.0	39.9	10.0	12.0
2022105368	2025-12-18	1	55.0	0.0	0.0	0	1500	2.0	39.5		12.0
2022105368	2026-01-04	10	0.0	2.0	0.0	0	1500	0.0	40.9		11.0
2022105368	2026-01-15	9	0.0	1.2	0.0	0	1500	0.0	39.0	11.0	11.0
2022105369	2024-11-09	2	290.0	0.1	0.0	1	1600	0.0	33.7	0.0	11.0
2022105369	2024-12-01	1	550.0	0.0	0.0	1	1600	0.0	34.9	1.0	15.0
2022105369	2025-04-06	1	800.0	0.0	1.0	1	1600	0.0	34.3	2.0	9.0
2022105369	2025-07-19	1	1580.1	0.0	0.0	1	1800	0.0	34.4	5.0	14.0
2022105369	2025-10-19	2	752.0	0.3	2.0	1	1800	0.0	33.7	4.0	18.0
2022105369	2025-12-28	1	1874.3	0.0	0.0	1	1600	0.0	33.4	4.0	16.0
2022105377	2024-07-20	6	0.0	1.7	1.0	1	2000	0.0	36.1	0.0	10.0
2022105377	2024-09-15	8	0.0	2.6	0.0	0	1800	0.0	40.7	1.0	13.0
2022105377	2024-12-14	7	0.0	2.1	0.0	0	1800	0.0	41.8	1.0	16.0
2022105377	2025-01-13	6	0.0	1.0	0.0	0	1800	0.0	41.1	1.0	16.0
2022105377	2025-03-08	11	0.0	2.6	1.0	0	1800	2.0	39.4	1.0	16.0
2022105377	2025-03-23	4	84.0	1.8	0.0	0	1800	0.0	39.6	1.0	13.0
2022105377	2025-04-06	6	0.0	2.3	1.0	0	1800	2.0	39.0	1.0	13.0
2022105377	2025-05-24	10	0.0	1.8	1.0	0	2100	0.0	38.2	1.0	16.0
2022105377	2025-05-31	10	0.0	1.4	3.0	1	2000	2.0	36.0	1.0	16.0
2022105377	2025-08-02	12	0.0	2.3	0.0	0	1800	0.0	40.5	1.0	15.0
2022105377	2025-11-01	8	0.0	3.4	1.0	0	1200	3.0	39.1	10.0	9.0
2022105377	2025-11-16	7	0.0	1.1	0.0	0	1200	0.0	38.1	10.0	10.0
2022105377	2025-11-30	3	8.0	1.0	1.0	0	1300	2.0	39.5	10.0	10.0
2022105377	2025-12-21	3	8.0	0.5	1.0	0	1300	1.0	38.7	10.0	11.0
2022105389	2024-09-15	4	110.0	1.7	1.0	1	2000	2.0	37.8	0.0	9.0
2022105389	2024-09-29	6	0.0	1.5	1.0	1	2000	1.0	35.7	1.0	9.0
2022105389	2025-01-12	11	0.0	3.0	1.0	0	1800	0.0	40.1	1.0	16.0
2022105389	2025-04-06	10	0.0	1.6	0.0	1	2400	0.0	36.1	1.0	14.0
2022105389	2025-04-19	3	140.0	0.4	0.0	1	2200	0.0	35.8	1.0	16.0
2022105389	2025-05-04	10	0.0	1.7	0.0	1	2000	2.0	37.7	1.0	16.0
2022105389	2025-05-17	4	84.0	0.3	1.0	1	2400	3.0	37.2	1.0	16.0
2022105389	2025-06-29	1	560.0	0.0	0.0	1	2600	0.0	36.2	1.0	16.0
2022105389	2025-07-12	9	0.0	1.5	0.0	1	2600	0.0	37.6	5.0	11.0
2022105418	2024-07-14	5	72.0	0.9	0.0	1	1800	0.0	36.9	0.0	11.0
2022105418	2025-01-19	9	0.0	0.5	2.0	1	1600	0.0	35.7	1.0	16.0
2022105418	2025-03-15	3	140.0	0.9	0.0	0	1200	2.0	38.2	1.0	16.0
2022105418	2025-04-06	4	84.0	0.9	1.0	0	1200	2.0	38.1	1.0	16.0
2022105418	2025-06-07	11	0.0	1.9	0.0	0	1400	0.0	38.8	1.0	16.0
2022105418	2025-07-12	8	0.0	1.5	1.0	0	1150	0.0	38.1	1.0	16.0
2022105418	2025-08-19	8	0.0	1.3	0.0	0	1400	2.0	39.3	5.0	12.0
2022105418	2025-09-27	4	9.0	0.6	1.0	0	1300	3.0	39.9		12.0
2022105418	2025-10-11	3	15.0	0.6	1.0	0	1600	2.0	40.0	9.0	9.0
2022105418	2025-10-25	4	9.0	0.8	2.0	0	1300	3.0	39.7	9.0	10.0
2022105418	2025-11-08	1	60.0	0.0	0.0	0	1400	2.0	39.2	9.0	9.0
2022105418	2025-11-23	3	15.0	0.4	0.0	0	1600	0.0	40.6	9.0	10.0
2022105418	2025-12-06	2	24.0	1.0	0.0	0	1300	0.0	41.0	9.0	10.0
2022105418	2025-12-29	7	0.0	1.5	0.0	0	1400	0.0	41.0	5.0	10.0
2022105418	2026-01-12	2	24.0	0.4	0.0	0	1600	0.0	39.9	5.0	8.0
2022105505	2024-10-26	7	0.0	0.5	1.0	1	2000	0.0	35.3	0.0	13.0
2022105505	2024-11-16	1	550.0	0.0	1.0	0	1800	0.0	38.7	1.0	11.0
2022105505	2025-01-06	6	0.0	0.6	1.0	0	1800	0.0	37.9	2.0	12.0
2022105505	2025-04-06	9	0.0	2.3	0.0	0	1800	0.0	39.6	2.0	14.0
2022105505	2025-04-26	4	120.0	0.8	0.0	0	1800	0.0	38.5	2.0	12.0
2022105505	2025-08-23	2	320.0	0.4	0.0	0	2400	2.0	38.2	2.0	9.0
2022105505	2025-09-06	5	80.0	0.6	1.0	0	1700	0.0	38.2	2.0	14.0
2022105505	2025-11-15	3	200.0	0.2	0.0	0	2400	0.0	40.0	2.0	16.0
2022105505	2025-12-06	6	0.0	1.2	0.0	0	1900	0.0	38.7	2.0	16.0
2022105571	2025-01-26	16	0.0	3.2	0.0	1	1200	0.0	36.2	0.0	18.0
2022105571	2025-04-06	15	0.0	4.2	0.0	0	1200	0.0	38.4	1.0	16.0
2022105571	2025-05-25	6	0.0	1.9	1.0	0	1800	3.0	38.1	1.0	16.0
2022105571	2025-06-08	4	84.0	1.0	0.0	0	1800	0.0	38.2	1.0	14.0
2022105571	2025-06-28	4	84.0	0.7	0.0	0	1700	0.0	38.2	1.0	16.0
2022105571	2025-07-27	6	0.0	1.1	1.0	0	1700	3.0	37.6	1.0	14.0
2022105571	2025-08-27	6	0.0	0.9	0.0	0	1600	0.0	39.8	5.0	12.0
2022105571	2025-10-17	3	35.0	1.0	0.0	0	1500	2.0	42.5		14.0
2022105571	2025-10-31	5	10.0	1.2	1.0	0	1400	2.0	40.0	10.0	10.0
2022105577	2025-01-25	2	250.0	0.7	0.0	0	1800	0.0	38.8	0.0	16.0
2022105577	2025-02-22	1	560.0	0.0	0.0	0	1900	0.0	39.0	1.0	12.0
2022105577	2025-03-15	7	0.0	1.0	1.0	0	1800	0.0	38.4	2.0	13.0
2022105577	2025-04-06	12	0.0	3.0	0.0	0	1800	0.0	40.0	2.0	14.0
2022105577	2025-07-12	7	0.0	0.9	0.0	1	2600	0.0	37.2	5.0	11.0
2022105577	2025-10-12	1	800.0	0.0	2.0	1	2400	0.0	33.8	2.0	13.0
2022105597	2024-12-01	7	0.0	1.1	0.0	1	2000	0.0	35.3	0.0	18.0
2022105597	2025-01-26	1	560.0	0.0	0.0	1	1800	0.0	36.3	1.0	14.0
2022105597	2025-03-22	7	0.0	0.4	0.0	1	1600	0.0	36.2	2.0	10.0
2022105597	2025-04-06	2	320.0	0.3	1.0	1	1600	0.0	34.0	2.0	9.0
2022105597	2025-06-15	11	0.0	1.2	1.0	1	1800	0.0	36.5	5.0	13.0
2022105597	2025-07-05	2	447.4	0.3	1.0	1	2000	0.0	34.9	5.0	10.0
2022105597	2025-09-13	2	320.0	0.1	1.0	1	2000	2.0	33.9	2.0	16.0
2022105597	2025-09-27	8	0.0	1.1	0.0	1	2200	0.0	35.3	2.0	16.0
2022105597	2025-11-08	6	0.0	0.8	0.0	1	1800	0.0	35.9	2.0	16.0
2022105597	2025-12-06	6	0.0	0.6	0.0	1	2000	0.0	33.7	2.0	18.0
2022105692	2024-11-10	8	0.0	2.1	0.0	1	2000	0.0	36.2	0.0	10.0
2022105692	2025-01-26	6	0.0	0.9	0.0	0	1800	0.0	39.5	1.0	11.0
2022105692	2025-02-09	14	0.0	8.3	0.0	0	1800	2.0	46.6	1.0	14.0
2022105692	2025-03-30	13	0.0	2.4	0.0	0	1400	0.0	40.3	1.0	16.0
2022105692	2025-04-06	13	0.0	7.5	0.0	1	2400	0.0	41.4	1.0	14.0
2022105692	2025-05-06	1	43.0	0.0	1.0	0	1500	2.0	39.4		8.0
2022105692	2025-05-20	1	45.0	0.0	0.0	0	1400	0.0	39.7		7.0
2022105692	2025-06-02	1	55.0	0.0	1.0	0	1500	0.0	39.2		11.0
2022105692	2025-06-15	10	0.0	4.8	1.0	0	2000	3.0	45.1	18.0	12.0
2022105692	2025-07-13	3	56.0	1.9	0.0	0	1500	0.0	38.8	18.0	12.0
2022105692	2025-11-12	4	21.0	0.9	0.0	0	1200	2.0	39.0		14.0
2022105692	2025-12-01	5	10.0	0.7	0.0	0	1200	0.0	39.0	10.0	15.0
2022105692	2025-12-25	3	25.0	0.2	3.0	0	1200	1.0	39.4	10.0	14.0
2022105692	2026-01-13	4	15.0	0.7	0.0	0	1400	0.0	38.6	10.0	12.0
2022105807	2024-09-21	3	180.0	0.6	1.0	1	1600	0.0	33.7	0.0	16.0
2022105807	2024-11-17	1	550.0	0.0	0.0	1	1600	0.0	35.3	1.0	18.0
2022105807	2025-02-15	3	200.0	0.3	0.0	1	1400	0.0	33.8	2.0	12.0
2022105807	2025-04-06	5	80.0	0.6	1.0	1	1600	0.0	35.0	2.0	9.0
2022105807	2025-05-31	1	800.0	0.0	2.0	1	1400	2.0	34.6	2.0	11.0
2022105807	2025-08-23	5	155.0	0.4	0.0	1	1400	0.0	34.9	5.0	17.0
2022105807	2025-10-05	17	0.0	1.6	1.0	1	1400	0.0	34.6	3.0	17.0
2022105807	2025-12-21	3	290.0	0.4	3.0	1	1600	1.0	36.1	3.0	16.0
2022105824	2024-09-14	13	0.0	6.5	0.0	0	1800	0.0	44.8	0.0	16.0
2022105824	2024-11-16	2	220.0	0.2	1.0	0	1600	0.0	36.6	1.0	16.0
2022105824	2024-12-07	3	140.0	0.3	0.0	0	1800	0.0	38.6	1.0	12.0
2022105824	2025-02-15	1	560.0	0.0	0.0	0	1600	0.0	37.1	1.0	16.0
2022105824	2025-04-06	13	0.0	3.6	2.0	0	1800	2.0	41.4	2.0	14.0
2022105824	2025-09-07	12	0.0	3.0	0.0	0	1800	0.0	41.1	2.0	15.0
2022105824	2025-10-26	3	200.0	0.5	2.0	0	1600	3.0	34.5	2.0	16.0
2022105824	2025-11-15	4	120.0	0.6	0.0	0	1400	0.0	34.8	2.0	16.0
2022105824	2025-11-30	1	800.0	0.0	0.0	0	1400	0.0	36.1	2.0	16.0
2022105844	2024-09-08	8	0.0	2.0	0.0	0	1800	0.0	39.7	0.0	16.0
2022105844	2024-09-22	1	550.0	0.0	1.0	0	1800	0.0	38.9	1.0	12.0
2022105844	2024-10-14	7	0.0	2.4	0.0	0	1600	0.0	37.7	2.0	8.0
2022105844	2024-12-08	10	0.0	2.5	0.0	0	1800	0.0	41.0	2.0	13.0
2022105844	2025-03-15	12	0.0	2.6	1.0	0	1800	0.0	39.6	2.0	13.0
2022105844	2025-04-06	8	0.0	1.5	2.0	0	1800	2.0	39.7	2.0	14.0
2022105844	2025-06-14	6	0.0	1.2	1.0	0	1700	0.0	37.6	2.0	14.0
2022105844	2025-06-29	8	0.0	2.1	0.0	0	1700	0.0	41.0	2.0	11.0
2022105844	2025-07-12	3	200.0	0.3	0.0	0	1700	0.0	37.8	2.0	10.0
2022105844	2025-08-10	3	200.0	0.6	1.0	0	1700	2.0	37.4	2.0	9.0
2022105844	2025-08-31	1	800.0	0.0	1.0	0	1700	2.0	36.1	2.0	13.0
2022105844	2025-10-26	8	0.0	0.9	1.0	0	1600	3.0	35.2	5.0	13.0
2022105844	2025-11-15	10	0.0	1.1	0.0	0	1600	0.0	36.9	5.0	16.0
2022105848	2024-10-06	1	720.0	0.0	0.0	0	1800	0.0	37.3	0.0	16.0
2022105848	2024-12-28	9	0.0	2.5	0.0	0	1800	0.0	40.1	2.0	13.0
2022105848	2025-01-18	3	200.0	0.4	0.0	0	1800	0.0	37.1	2.0	16.0
2022105848	2025-04-06	5	80.0	1.7	0.0	0	1800	0.0	39.6	2.0	14.0
2022105848	2025-07-12	8	0.0	1.3	0.0	0	1700	0.0	39.6	2.0	16.0
2022105848	2025-10-11	9	0.0	1.3	0.0	0	1400	0.0	37.0	2.0	16.0
2022105848	2026-01-05	13	0.0	3.8	0.0	0	1800	0.0	41.3	2.0	15.0
2022105965	2024-09-16	4	110.0	3.7	0.0	0	1400	2.0	40.0	0.0	14.0
2022105965	2024-09-28	1	550.0	0.0	1.0	0	1200	0.0	37.2	1.0	9.0
2022105965	2024-12-21	2	310.0	0.4	0.0	0	1200	0.0	37.1	2.0	16.0
2022105965	2025-01-19	7	0.0	1.1	0.0	0	1200	0.0	38.5	2.0	10.0
2022105965	2025-03-15	1	800.0	0.0	2.0	0	1400	0.0	37.7	2.0	16.0
2022105965	2025-04-06	6	0.0	0.6	0.0	0	1400	0.0	38.3	5.0	15.0
2022105965	2025-12-27	13	0.0	1.7	0.0	0	1400	2.0	39.2	3.0	16.0
2022106099	2024-07-14	3	180.0	0.2	1.0	0	1150	2.0	37.3	0.0	8.0
2022106099	2024-07-28	4	83.0	1.6	1.0	0	1200	0.0	38.0	1.0	9.0
2022106099	2024-10-05	2	220.0	0.6	1.0	0	1800	1.0	38.5	1.0	12.0
2022106099	2024-10-20	5	55.0	5.5	0.0	0	1800	2.0	42.8	1.0	9.0
2022106099	2024-12-14	5	55.0	1.2	0.0	0	1800	0.0	41.2	1.0	16.0
2022106099	2025-01-12	2	220.0	1.5	1.0	0	1800	0.0	39.6	1.0	16.0
2022106099	2025-01-25	2	220.0	0.4	1.0	0	1800	0.0	38.7	1.0	16.0
2022106099	2025-03-08	1	560.0	0.0	1.0	0	1800	1.0	39.3	1.0	16.0
2022106099	2025-04-06	4	120.0	0.6	2.0	0	1800	2.0	38.5	2.0	14.0
2022106099	2025-04-20	5	80.0	1.4	1.0	0	1800	0.0	38.8	2.0	15.0
2022106099	2025-05-11	6	0.0	1.4	0.0	0	2100	2.0	36.5	2.0	15.0
2022106099	2025-09-14	10	0.0	3.1	1.0	0	1800	2.0	38.6	2.0	15.0
2022106099	2025-10-13	8	0.0	1.0	1.0	0	2100	0.0	39.0	2.0	16.0
2022106099	2025-11-01	8	0.0	0.9	1.0	0	2100	1.0	37.1	2.0	16.0
2022106099	2026-01-04	13	0.0	2.9	0.0	0	1800	2.0	41.9	2.0	16.0
2022106157	2025-03-22	11	0.0	3.2	0.0	0	1400	0.0	39.5	1.0	16.0
2022106157	2025-04-06	14	0.0	3.0	0.0	0	1400	0.0	40.4	1.0	16.0
2022106157	2025-05-01	2	32.0	0.1	0.0	0	1400	0.0	39.7	11.0	11.0
2022106157	2025-05-22	2	32.0	0.6	1.0	0	1400	2.0	39.7	11.0	10.0
2022106157	2025-06-11	8	0.0	1.8	1.0	0	1400	3.0	42.1	11.0	10.0
2022106157	2025-10-10	4	9.0	0.7	0.0	0	1230	0.0	40.6	9.0	12.0
2022106157	2025-10-29	5	6.0	1.5	0.0	0	1400	0.0	42.2	9.0	10.0
2022106157	2025-11-20	1	60.0	0.0	0.0	0	1400	0.0	39.4	9.0	10.0
2022106157	2025-12-16	1	70.0	0.0	0.0	0	1400	0.0	40.1	10.0	10.0
2022106176	2024-11-03	8	0.0	2.2	0.0	0	1600	1.0	38.6	1.0	15.0
2022106176	2025-01-12	9	0.0	4.7	1.0	0	1800	0.0	42.1	1.0	16.0
2022106176	2025-03-30	12	0.0	5.0	1.0	0	1800	2.0	42.0	1.0	14.0
2022106176	2025-04-06	12	0.0	3.1	1.0	0	1800	2.0	43.0	1.0	13.0
2022106176	2025-05-06	2	17.5	0.0	1.0	0	1200	2.0	38.7	10.0	11.0
2022106176	2025-05-18	3	12.0	0.7	1.0	0	1400	1.0	40.2	11.0	10.0
2022106186	2024-10-12	7	0.0	1.3	0.0	1	2000	0.0	35.4	0.0	13.0
2022106186	2024-11-24	1	550.0	0.0	1.0	0	1800	0.0	38.9	1.0	13.0
2022106186	2024-12-28	2	310.0	0.4	0.0	0	1800	0.0	37.6	2.0	13.0
2022106186	2025-01-18	8	0.0	1.4	0.0	0	1800	0.0	38.1	2.0	16.0
2022106186	2025-02-02	3	200.0	0.6	0.0	0	1700	1.0	36.0	2.0	8.0
2022106186	2025-04-06	1	800.0	0.0	2.0	0	1800	2.0	39.0	2.0	14.0
2022106186	2025-05-03	11	0.0	2.4	0.0	0	1900	2.0	38.4		13.0
2022106186	2025-08-31	3	393.5	0.5	0.0	0	1800	0.0	36.7	5.0	11.0
2022106186	2025-09-20	2	460.0	0.5	1.0	0	1800	0.0	37.7	3.0	16.0
2022106186	2025-12-13	2	629.6	0.3	0.0	0	2000	0.0	37.1	5.0	14.0
2022106186	2026-01-11	5	158.0	0.6	0.0	0	1900	0.0	37.9	5.0	10.0
2022106345	2024-12-07	13	0.0	1.0	0.0	1	1600	0.0	35.2	0.0	16.0
2022106345	2025-04-06	10	0.0	1.4	2.0	1	1600	0.0	35.3	1.0	16.0
2022106345	2025-07-06	15	0.0	2.0	1.0	1	1200	0.0	37.2	1.0	16.0
2022106345	2025-08-21	4	8.3	0.6	0.0	0	1400	0.0	40.8		10.0
2022106345	2025-09-04	9	0.0	3.9	1.0	0	1500	0.0	42.3		12.0
2022106345	2025-09-18	5	5.5	1.1	0.0	0	1500	0.0	40.8		12.0
2022106345	2025-10-02	7	0.0	1.8	0.0	0	1500	0.0	41.5		12.0
2022106345	2025-10-14	3	11.0	0.4	2.0	0	1400	0.0	39.8	10.0	12.0
2022106345	2025-11-10	5	5.5	0.2	0.0	0	1500	2.0	43.3	10.0	11.0
2022106345	2025-11-20	2	19.3	0.3	0.0	0	1500	0.0	41.2	10.0	12.0
2022106345	2025-12-05	1	55.0	0.0	0.0	0	920	0.0	36.6	11.0	12.0
2022106345	2025-12-23	1	55.0	0.0	2.0	0	920	2.0	36.7		12.0
2022106401	2024-08-04	12	0.0	2.7	0.0	1	1600	0.0	35.0	0.0	14.0
2022106401	2025-03-22	8	0.0	4.0	0.0	0	1800	0.0	41.3	1.0	14.0
2022106401	2025-04-06	15	0.0	6.6	0.0	0	1800	0.0	41.1	1.0	15.0
2022106401	2025-07-19	16	0.0	5.5	0.0	1	1800	2.0	39.7	1.0	16.0
2022106401	2025-09-04	3	11.0	0.8	1.0	0	1500	0.0	39.5		12.0
2022106401	2025-10-02	5	5.5	1.0	0.0	0	1500	0.0	40.3		12.0
2022106401	2025-10-14	1	55.0	0.0	2.0	0	1400	0.0	39.2	10.0	12.0
2022106401	2025-10-29	2	24.5	0.5	0.0	0	1500	0.0	40.5	5.0	12.0
2022106401	2025-11-12	4	8.3	0.5	1.0	0	1500	2.0	39.1	11.0	11.0
2022106401	2025-11-21	3	11.0	1.4	0.0	0	1500	0.0	39.1	11.0	12.0
2022106401	2025-12-09	5	5.5	1.5	0.0	0	1500	0.0	40.3		12.0
2022106401	2025-12-23	1	55.0	0.0	0.0	0	1500	2.0	39.1	11.0	10.0
2022106401	2026-01-03	3	11.0	0.8	2.0	0	1500	2.0	39.1		12.0
2022106427	2024-06-29	6	0.0	1.5	0.0	0	1150	0.0	37.4	0.0	9.0
2022106427	2024-07-20	8	0.0	1.1	1.0	0	1150	0.0	36.5	1.0	13.0
2022106427	2024-10-06	7	0.0	1.3	1.0	0	1600	1.0	37.4	1.0	11.0
2022106427	2024-10-26	6	0.0	0.8	1.0	0	1600	0.0	38.0	1.0	16.0
2022106427	2024-11-16	4	83.0	1.0	1.0	0	1600	0.0	38.2	1.0	16.0
2022106427	2024-12-14	1	550.0	0.0	0.0	0	1800	0.0	40.0	1.0	16.0
2022106427	2025-03-15	5	80.0	1.6	1.0	0	1800	2.0	38.8	2.0	16.0
2022106427	2025-04-06	3	200.0	0.5	2.0	0	1800	2.0	39.0	2.0	14.0
2022106427	2025-05-24	9	0.0	0.8	1.0	0	1600	0.0	36.8	2.0	13.0
2022106427	2025-08-10	3	200.0	0.2	3.0	0	1800	3.0	37.4	2.0	15.0
2022106541	2025-01-12	2	250.0	1.5	1.0	0	1800	0.0	38.5	0.0	16.0
2022106541	2025-03-08	2	220.0	0.0	1.0	0	1800	2.0	38.2	1.0	16.0
2022106541	2025-04-06	1	560.0	0.0	1.0	0	1800	2.0	37.1	1.0	13.0
2022106541	2025-06-15	1	800.0	0.0	1.0	0	1700	0.0	37.4	2.0	11.0
2022106541	2025-07-05	5	155.0	0.9	0.0	0	1700	1.0	37.8	5.0	14.0
2022106541	2025-07-20	1	1577.3	0.0	0.0	0	1700	0.0	37.3	5.0	12.0
2022106541	2025-12-07	9	0.0	1.3	0.0	0	1800	0.0	38.3	4.0	16.0
2022106543	2025-02-01	8	0.0	1.0	0.0	1	1600	0.0	35.9	0.0	16.0
2022106543	2025-03-01	11	0.0	2.8	0.0	0	1800	0.0	41.5	1.0	16.0
2022106543	2025-04-06	10	0.0	2.0	1.0	0	1800	2.0	41.7	1.0	13.0
2022106543	2025-05-25	13	0.0	1.6	1.0	1	1600	2.0	36.2	1.0	18.0
2022106543	2025-07-26	13	0.0	1.6	0.0	1	1800	0.0	34.1	1.0	18.0
2022106543	2025-09-27	11	0.0	2.4	1.0	2	2880	0.0	13.9	1.0	11.0
2022106543	2025-10-13	5	84.0	2.9	0.0	2	3000	0.0	13.6	1.0	14.0
2022106605	2024-12-08	6	0.0	2.0	0.0	0	1400	0.0	39.3	0.0	16.0
2022106605	2025-01-11	6	0.0	0.5	0.0	0	1200	0.0	38.8	1.0	16.0
2022106605	2025-04-06	4	84.0	0.8	0.0	0	1200	0.0	38.4	1.0	16.0
2022106605	2025-04-27	4	84.0	0.6	0.0	0	1200	0.0	36.6	1.0	15.0
2022106605	2025-05-18	7	0.0	1.4	1.0	0	1200	2.0	38.7	1.0	15.0
2022106605	2025-07-13	4	84.0	0.7	1.0	1	1200	0.0	35.2	1.0	18.0
2022106605	2025-08-02	3	140.0	0.2	0.0	1	1200	0.0	34.3	1.0	16.0
2022106605	2025-08-23	1	560.0	0.0	1.0	1	1200	0.0	33.6	1.0	18.0
2022106605	2025-11-15	10	0.0	0.6	0.0	1	1200	0.0	35.7	2.0	16.0
2022106607	2025-01-18	16	0.0	3.8	0.0	0	1200	0.0	38.2	1.0	16.0
2022106607	2025-03-09	7	0.0	1.6	0.0	0	1800	0.0	38.4	1.0	12.0
2022106607	2025-03-22	7	0.0	3.1	0.0	0	1800	0.0	41.1	1.0	9.0
2022106607	2025-04-06	2	220.0	0.4	0.0	1	2400	0.0	35.3	1.0	14.0
2022106607	2025-06-01	2	220.0	0.2	0.0	1	2400	0.0	34.7	1.0	13.0
2022106607	2025-06-21	4	84.0	0.7	0.0	1	2000	0.0	36.4	1.0	16.0
2022106607	2025-07-12	3	140.0	0.7	0.0	1	2600	0.0	36.4	1.0	16.0
2022106607	2025-08-10	2	220.0	0.4	1.0	1	2600	0.0	37.0	1.0	14.0
2022106607	2025-08-24	3	140.0	0.3	0.0	1	2600	0.0	38.1	1.0	13.0
2022106607	2025-09-06	3	140.0	0.2	0.0	1	2000	0.0	36.3	1.0	16.0
2022106607	2025-11-23	2	320.0	0.1	0.0	1	2400	0.0	34.3	2.0	18.0
2022106607	2025-12-07	8	0.0	1.4	0.0	1	2200	0.0	34.9	5.0	10.0
2022106609	2024-12-08	1	720.0	0.0	0.0	0	1400	0.0	37.4	0.0	16.0
2022106609	2025-02-02	1	800.0	0.0	1.0	0	1400	2.0	37.1	2.0	7.0
2022106609	2025-04-06	5	180.0	0.4	0.0	0	1400	0.0	36.8	5.0	15.0
2022106609	2025-08-02	5	155.0	1.3	0.0	0	1700	0.0	37.5	5.0	14.0
2022106609	2025-10-26	6	0.0	0.6	1.0	0	1400	1.0	36.5	5.0	16.0
2022106610	2024-10-26	8	0.0	1.9	1.0	0	1400	0.0	38.6	0.0	16.0
2022106610	2024-11-16	1	550.0	0.0	1.0	0	1200	0.0	36.9	1.0	16.0
2022106610	2024-12-08	2	310.0	0.7	1.0	0	1200	0.0	36.6	2.0	10.0
2022106610	2025-03-02	1	800.0	0.0	2.0	0	1200	0.0	36.5	2.0	16.0
2022106610	2025-04-06	1	1832.9	0.0	0.0	0	1400	0.0	36.1	5.0	15.0
2022106610	2025-05-01	4	750.0	0.7	0.0	0	1400	0.0	37.7		12.0
2022106610	2025-06-21	8	0.0	0.8	0.0	0	1400	0.0	36.8	5.0	16.0
2022106610	2025-08-14	1	2400.0	0.0	1.0	0	1200	0.0	37.6		8.0
2022106610	2025-09-04	1	3000.0	0.0	1.0	0	1400	0.0	37.1		10.0
2022106610	2025-10-09	1	4000.0	0.0	1.0	0	1200	0.0	36.3		16.0
2022106610	2025-12-14	2	1516.6	0.9	1.0	0	1200	2.0	36.0		16.0
2022106631	2024-11-10	2	290.0	0.2	0.0	0	1400	0.0	37.7	0.0	14.0
2022106631	2024-11-23	2	220.0	0.2	1.0	0	1400	0.0	38.7	1.0	16.0
2022106631	2024-12-22	12	0.0	2.3	1.0	0	1400	0.0	40.5	1.0	16.0
2022106631	2025-01-18	2	220.0	0.3	0.0	0	1200	0.0	37.4	1.0	16.0
2022106631	2025-02-02	4	84.0	0.2	1.0	0	1200	2.0	37.7	1.0	12.0
2022106631	2025-04-06	1	560.0	0.0	0.0	0	1200	0.0	37.9	1.0	16.0
2022106631	2025-08-03	14	0.0	2.5	0.0	0	1200	0.0	38.9	2.0	16.0
2022106631	2025-08-23	10	0.0	4.6	0.0	0	1800	0.0	42.2	2.0	11.0
2022106631	2025-10-13	5	80.0	0.9	1.0	0	1400	0.0	37.9	2.0	15.0
2022106631	2025-10-26	9	0.0	1.8	1.0	0	1400	1.0	38.6	2.0	11.0
2022106631	2025-12-13	13	0.0	3.3	0.0	0	1400	0.0	39.7	2.0	16.0
2022106631	2026-01-04	16	0.0	1.9	1.0	0	1200	0.0	36.4	2.0	16.0
2022106652	2024-10-12	13	0.0	2.1	0.0	1	1600	0.0	34.0	0.0	18.0
2022106652	2024-10-27	10	0.0	3.2	0.0	0	1800	0.0	39.9	1.0	13.0
2022106652	2025-03-16	9	0.0	2.6	1.0	1	2200	1.0	36.9	1.0	16.0
2022106652	2025-04-06	9	0.0	1.5	0.0	1	2400	0.0	36.3	1.0	14.0
2022106652	2025-04-26	8	0.0	0.6	0.0	1	1800	0.0	34.2	1.0	18.0
2022106652	2025-06-29	7	0.0	1.3	0.0	1	2000	0.0	37.5	1.0	18.0
2022106663	2024-10-19	2	290.0	0.0	3.0	0	1800	2.0	38.1	0.0	16.0
2022106663	2024-11-03	1	550.0	0.0	0.0	0	1800	1.0	40.2	1.0	14.0
2022106663	2025-03-08	7	0.0	1.7	0.0	0	1800	0.0	38.9	2.0	12.0
2022106663	2025-04-06	8	0.0	2.3	0.0	0	1800	0.0	38.6	2.0	14.0
2022106663	2025-07-13	2	320.0	0.7	1.0	0	1700	0.0	40.1	2.0	16.0
2022106663	2025-08-02	8	0.0	0.8	0.0	1	2000	0.0	35.2	2.0	13.0
2022106663	2025-08-23	6	0.0	1.3	0.0	1	2000	0.0	34.4	2.0	8.0
2022106663	2025-09-15	3	200.0	1.1	0.0	0	1800	0.0	38.2	2.0	13.0
2022106663	2025-10-25	7	0.0	1.2	0.0	0	1800	0.0	38.2	2.0	14.0
2022106663	2025-11-22	6	0.0	1.3	0.0	0	1800	0.0	37.7	2.0	16.0
2022106688	2025-04-06	9	0.0	1.8	1.0	0	1800	2.0	40.9	1.0	13.0
2022106688	2025-04-20	7	0.0	2.9	1.0	0	1800	0.0	41.3	1.0	12.0
2022106688	2025-05-03	5	56.0	0.6	0.0	1	2000	2.0	34.4	1.0	12.0
2022106688	2025-05-25	12	0.0	1.6	2.0	1	2200	2.0	39.1	1.0	16.0
2022106797	2024-10-06	10	0.0	1.4	1.0	1	1600	0.0	34.1	0.0	14.0
2022106797	2025-02-16	13	0.0	2.2	0.0	1	1800	0.0	34.5	1.0	16.0
2022106797	2025-03-02	6	0.0	1.1	0.0	1	2200	0.0	35.8	1.0	18.0
2022106797	2025-04-06	6	0.0	1.2	0.0	1	2400	0.0	36.6	1.0	14.0
2022106797	2025-05-04	12	0.0	2.1	0.0	1	2000	2.0	36.7	1.0	16.0
2022106797	2025-07-12	12	0.0	1.2	1.0	1	2000	0.0	36.3	1.0	16.0
2022106797	2025-08-28	2	32.0	0.0	0.0	0	1700	0.0	39.4	10.0	9.0
2022106797	2025-09-10	8	0.0	1.2	1.0	0	1870	0.0	41.8	10.0	11.0
2022106797	2025-09-24	12	0.0	2.3	1.0	0	1700	0.0	40.6	10.0	12.0
2022106797	2025-10-24	5	8.0	1.4	0.0	0	1700	0.0	39.8	10.0	12.0
2022106797	2025-11-11	8	0.0	1.2	0.0	0	1400	2.0	40.5	9.0	10.0
2022106797	2025-11-27	5	6.0	1.0	0.0	0	1400	2.0	41.9	9.0	12.0
2022106797	2025-12-10	3	15.0	0.3	0.0	0	1700	0.0	40.9	9.0	11.0
2022106797	2025-12-25	7	0.0	3.6	3.0	0	1400	3.0	40.7	10.0	11.0
2022106797	2026-01-08	6	0.0	0.6	0.0	0	1400	0.0	40.8	9.0	10.0
2022106858	2024-10-20	10	0.0	3.7	0.0	0	1400	0.0	39.3	0.0	16.0
2022106858	2024-11-16	8	0.0	2.1	0.0	0	1700	0.0	40.4	1.0	15.0
2022106858	2025-01-06	6	0.0	0.5	1.0	0	1800	0.0	39.4	1.0	16.0
2022106858	2025-04-06	7	0.0	1.4	0.0	0	1400	0.0	38.7	1.0	16.0
2022106858	2025-05-13	1	70.0	0.0	0.0	0	1400	0.0	38.2	5.0	8.0
2022106858	2025-06-01	11	0.0	1.8	0.0	0	1400	0.0	39.4	2.0	14.0
2022106858	2025-07-13	13	0.0	2.6	1.0	0	1700	0.0	41.2	2.0	16.0
2022106858	2025-08-24	14	0.0	3.0	0.0	0	1400	0.0	40.7	2.0	14.0
2022106858	2025-09-23	2	18.0	0.2	1.0	0	1400	0.0	39.9		10.0
2022106858	2025-10-22	4	6.3	0.4	1.0	0	1400	0.0	39.0		10.0
2022106858	2025-11-04	1	42.0	0.0	1.0	0	1600	0.0	38.4		10.0
2022106858	2025-12-03	9	0.0	3.6	1.0	0	1600	0.0	42.0	5.0	10.0
2022106858	2025-12-17	2	16.0	0.1	0.0	0	1400	2.0	39.6	11.0	9.0
2022106858	2026-01-14	1	80.0	0.0	0.0	0	1200	0.0	38.4	9.0	15.0
2022106894	2024-10-19	8	0.0	1.1	0.0	1	1400	0.0	34.6	0.0	17.0
2022106894	2024-11-03	10	0.0	1.3	0.0	1	1400	0.0	34.7	1.0	15.0
2022106894	2025-02-15	6	0.0	0.5	0.0	0	1400	0.0	37.9	1.0	16.0
2022106894	2025-03-15	4	84.0	1.0	0.0	0	1200	2.0	37.8	1.0	16.0
2022106894	2025-04-06	7	0.0	1.6	1.0	0	1200	2.0	37.7	1.0	16.0
2022106894	2025-04-26	16	0.0	2.2	1.0	0	1400	2.0	38.2	1.0	16.0
2022106894	2025-06-15	11	0.0	2.1	0.0	0	1000	0.0	35.4	1.0	12.0
2022106894	2025-06-21	7	0.0	0.5	1.0	1	1200	0.0	34.5	1.0	16.0
2022106894	2025-06-29	8	0.0	0.6	1.0	1	1200	0.0	34.6	1.0	12.0
2022106894	2025-07-13	9	0.0	0.8	0.0	1	1200	0.0	33.7	1.0	16.0
2022106894	2025-07-20	13	0.0	1.4	0.0	1	1200	0.0	34.3	1.0	16.0
2022106894	2025-08-16	10	0.0	2.2	0.0	0	1700	0.0	39.8	1.0	14.0
2022106894	2025-09-22	3	10.0	0.5	0.0	0	1300	2.0	39.0	10.0	11.0
2022106894	2025-09-29	3	8.0	1.3	1.0	0	1300	3.0	40.1	10.0	10.0
2022106894	2025-10-06	2	14.0	0.1	1.0	0	1400	2.0	39.1	10.0	10.0
2022106894	2025-10-14	1	40.0	0.0	1.0	0	1400	0.0	39.1	10.0	9.0
2022106894	2025-11-02	2	17.5	0.6	1.0	0	1400	1.0	39.0	11.0	12.0
2022106894	2025-11-18	8	0.0	2.2	1.0	0	1600	0.0	41.3	11.0	11.0
2022106894	2025-12-02	1	50.0	0.0	1.0	0	1400	2.0	39.5	5.0	10.0
2022106894	2025-12-16	3	10.0	0.0	2.0	0	1600	1.0	38.7	5.0	11.0
2022106894	2025-12-31	1	50.0	0.0	1.0	0	1400	1.0	38.0	11.0	12.0
2022106903	2025-03-29	13	0.0	2.0	0.0	1	2000	0.0	36.1	1.0	15.0
2022106903	2025-04-06	7	0.0	1.2	0.0	1	2400	0.0	36.7	1.0	14.0
2022106903	2025-04-19	13	0.0	2.4	0.0	1	2200	0.0	37.8	1.0	16.0
2022106903	2025-06-21	16	0.0	2.0	0.0	1	2000	0.0	37.5	1.0	16.0
2022106903	2025-07-27	9	0.0	2.8	1.0	1	2000	1.0	38.4	1.0	9.0
2022106903	2025-10-28	5	2.8	1.2	0.0	0	1200	2.0	39.8		9.0
2022106903	2025-11-11	6	0.0	1.2	1.0	0	1200	2.0	40.4		15.0
2022106903	2025-12-08	1	40.0	0.0	1.0	0	1300	1.0	38.0	10.0	9.0
2022106903	2025-12-21	1	40.0	0.0	1.0	0	1300	1.0	38.1	10.0	11.0
2022106903	2025-12-31	1	40.0	0.0	1.0	0	1400	1.0	40.0	10.0	11.0
2022106921	2024-10-13	13	0.0	1.4	0.0	1	1600	0.0	35.1	0.0	15.0
2022106921	2024-10-27	9	0.0	1.3	0.0	0	1400	0.0	38.4	1.0	12.0
2022106921	2024-11-09	5	55.0	1.3	0.0	0	1150	0.0	37.0	1.0	13.0
2022106921	2024-11-30	5	55.0	0.4	0.0	0	1200	2.0	37.6	1.0	16.0
2022106921	2025-02-15	3	140.0	0.3	0.0	0	1400	0.0	37.6	1.0	16.0
2022106921	2025-03-09	6	0.0	1.2	0.0	0	1200	1.0	37.3	1.0	16.0
2022106921	2025-04-06	11	0.0	2.4	1.0	0	1200	2.0	38.0	1.0	16.0
2022106921	2025-04-27	8	0.0	1.9	0.0	0	1300	2.0	36.4	1.0	15.0
2022106921	2025-05-10	5	56.0	1.3	2.0	0	1600	1.0	36.0	1.0	15.0
2022106921	2025-05-25	10	0.0	1.2	1.0	0	1600	3.0	36.0	1.0	16.0
2022106921	2025-06-14	4	84.0	0.3	1.0	0	1600	0.0	36.9	1.0	16.0
2022106921	2025-06-28	6	0.0	0.6	0.0	0	1700	0.0	39.3	1.0	15.0
2022106921	2025-08-30	7	0.0	2.5	1.0	0	1800	0.0	39.0	1.0	15.0
2022106921	2025-09-15	12	0.0	3.8	1.0	1	2500	0.0	38.4	2.0	14.0
2022106921	2025-09-20	10	0.0	3.9	1.0	0	2400	1.0	40.0	2.0	11.0
2022106921	2025-10-27	6	0.0	1.6	0.0	0	1500	1.0	37.8	10.0	11.0
2022106921	2025-11-25	4	15.0	1.0	3.0	0	1500	0.0	40.5	10.0	10.0
2022106921	2025-12-22	9	0.0	2.5	0.0	0	2000	0.0	43.2	5.0	11.0
2022106921	2026-01-07	3	37.5	0.1	1.0	0	2000	2.0	41.3	10.0	12.0
2022106925	2024-12-15	2	290.0	0.3	0.0	0	1800	0.0	38.5	0.0	16.0
2022106925	2025-01-05	1	560.0	0.0	0.0	0	1900	0.0	38.8	1.0	16.0
2022106925	2025-01-18	11	0.0	1.7	0.0	0	1800	0.0	39.1	2.0	16.0
2022106925	2025-03-16	2	729.4	0.2	2.0	0	1400	1.0	36.9	5.0	12.0
2022106925	2025-04-06	15	0.0	3.3	0.0	0	1400	0.0	39.2	5.0	15.0
2022106925	2025-05-31	1	1921.7	0.0	1.0	0	1800	0.0	36.5		9.0
2022106925	2025-08-10	4	560.0	0.6	3.0	0	1800	3.0	37.2		15.0
2022106925	2025-09-02	2	1400.0	0.4	1.0	0	2000	3.0	35.5		12.0
2022106925	2025-10-08	4	700.0	2.7	0.0	0	2000	0.0	40.3		16.0
2022106925	2025-11-22	11	0.0	2.3	0.0	0	1900	0.0	39.5	5.0	16.0
2022106986	2025-04-06	10	0.0	2.3	1.0	0	1200	2.0	38.6	1.0	16.0
2022106986	2025-06-21	12	0.0	1.5	0.0	0	1600	0.0	38.9	1.0	16.0
2022106986	2025-08-10	12	0.0	3.7	3.0	0	1800	2.0	39.8	1.0	14.0
2022106986	2025-11-07	4	8.3	1.7	0.0	0	1400	0.0	40.9	9.0	11.0
2022106986	2025-12-04	2	19.3	1.0	1.0	0	1500	2.0	41.3	10.0	12.0
2022106986	2025-12-18	1	55.0	0.0	0.0	0	1500	2.0	40.0	10.0	12.0
2022107106	2024-11-16	2	290.0	0.2	1.0	1	1400	0.0	35.4	0.0	13.0
2022107106	2024-12-08	1	550.0	0.0	0.0	1	1400	0.0	35.6	1.0	15.0
2022107106	2025-01-05	10	0.0	1.3	1.0	1	1600	0.0	33.9		15.0
2022107106	2025-03-22	3	200.0	0.2	0.0	1	1600	0.0	35.8	2.0	10.0
2022107106	2025-04-06	4	120.0	0.5	1.0	1	1600	0.0	34.7	2.0	9.0
2022107106	2025-06-21	6	0.0	0.3	0.0	1	1600	0.0	35.1	2.0	14.0
2022107106	2025-09-06	4	120.0	0.7	0.0	1	1600	0.0	34.5	2.0	13.0
2022107106	2025-10-12	17	0.0	1.3	1.0	1	1600	0.0	34.5	2.0	18.0
2022107106	2025-10-19	4	120.0	0.2	1.0	1	1600	2.0	33.8	2.0	18.0
2022107130	2025-02-01	4	84.0	0.4	0.0	0	1400	0.0	37.0	1.0	16.0
2022107130	2025-02-16	1	560.0	0.0	0.0	0	1300	0.0	37.4	1.0	16.0
2022107130	2025-03-09	1	800.0	0.0	0.0	0	1200	1.0	36.8	2.0	15.0
2022107130	2025-04-06	2	729.4	0.1	0.0	0	1400	0.0	37.3	5.0	15.0
2022107130	2025-10-12	8	0.0	1.3	1.0	0	1300	0.0	37.5	3.0	16.0
2022107130	2025-10-25	2	460.0	0.3	3.0	0	1400	2.0	35.6	3.0	13.0
2022107130	2025-11-29	2	460.0	0.1	0.0	0	1200	0.0	36.2	3.0	16.0
2022107135	2024-10-20	5	72.0	3.0	0.0	0	1200	2.0	37.0	0.0	16.0
2022107135	2024-11-02	2	220.0	2.4	3.0	0	1200	3.0	37.1	1.0	11.0
2022107135	2024-11-16	8	0.0	1.8	1.0	0	1200	0.0	37.9	1.0	16.0
2022107135	2024-12-01	4	83.0	0.8	0.0	0	1200	0.0	37.2	1.0	15.0
2022107135	2024-12-14	3	140.0	0.1	2.0	0	1200	0.0	37.7	1.0	15.0
2022107135	2025-01-06	7	0.0	1.5	3.0	0	1200	0.0	37.3	1.0	16.0
2022107135	2025-03-23	5	56.0	0.8	0.0	0	1200	0.0	37.4	1.0	16.0
2022107135	2025-04-06	5	56.0	1.0	0.0	0	1400	0.0	38.1	1.0	16.0
2022107135	2025-04-20	4	84.0	1.1	1.0	0	1400	0.0	39.1	1.0	16.0
2022107135	2025-05-03	4	84.0	0.8	0.0	0	1400	1.0	36.0	1.0	16.0
2022107135	2025-05-18	3	140.0	0.3	0.0	0	1400	1.0	36.1	1.0	16.0
2022107135	2025-05-31	7	0.0	0.4	1.0	0	1400	0.0	37.5	1.0	16.0
2022107135	2025-07-10	1	140.0	0.0	0.0	0	1500	0.0	38.1		12.0
2022107135	2025-11-01	9	0.0	1.1	0.0	0	1400	1.0	36.5	2.0	16.0
2022107135	2025-12-11	2	60.0	0.3	0.0	0	1400	0.0	37.5	14.0	8.0
2022107231	2024-12-28	5	72.0	1.0	0.0	1	2000	0.0	36.2	0.0	16.0
2022107231	2025-03-15	7	0.0	1.2	1.0	1	2000	0.0	36.4	1.0	18.0
2022107231	2025-04-06	12	0.0	2.9	0.0	1	2400	0.0	37.4	1.0	14.0
2022107231	2025-07-12	15	0.0	3.7	0.0	1	2000	0.0	40.2	1.0	18.0
2022107231	2025-08-14	5	4.5	2.7	0.0	0	1400	0.0	42.4		9.0
2022107231	2025-09-09	7	0.0	5.1	0.0	0	1400	0.0	45.4		7.0
2022107231	2025-09-23	7	0.0	1.8	1.0	0	1400	0.0	41.5		8.0
2022107231	2025-10-07	8	0.0	2.6	1.0	0	1400	0.0	45.4	10.0	9.0
2022107380	2025-04-06	15	0.0	2.2	2.0	1	1600	0.0	36.2	1.0	16.0
2022107380	2025-05-17	14	0.0	4.1	3.0	0	1400	2.0	40.9	1.0	16.0
2022107380	2025-07-05	16	0.0	2.9	0.0	1	1800	0.0	38.1	1.0	16.0
2022107380	2025-09-08	8	0.0	6.5	3.0	0	1500	3.0	41.7		10.0
2022107380	2025-09-20	1	43.0	0.0	1.0	0	1500	0.0	40.2	10.0	10.0
2022107380	2025-10-06	8	0.0	3.1	1.0	0	1500	1.0	40.1	10.0	9.0
2022107380	2025-10-21	8	0.0	3.5	1.0	0	1400	0.0	41.3	10.0	9.0
2022107380	2025-11-04	8	0.0	2.9	0.0	0	1500	3.0	40.0	10.0	8.0
2022107380	2025-11-17	7	0.0	5.6	0.0	0	1400	0.0	40.2	10.0	9.0
2022107380	2025-12-01	7	0.0	5.9	1.0	0	1500	2.0	42.6	10.0	8.0
2022107380	2025-12-14	9	0.0	5.8	3.0	0	1500	3.0	41.6	10.0	9.0
2022107380	2025-12-27	10	0.0	3.7	1.0	0	1400	3.0	39.8	10.0	12.0
2022109028	2024-12-14	4	110.0	2.1	1.0	0	1200	0.0	38.2	0.0	14.0
2022109028	2025-02-09	8	0.0	1.9	0.0	0	1200	2.0	37.1	1.0	13.0
2022109028	2025-04-06	8	0.0	3.8	0.0	0	1800	0.0	39.4	1.0	15.0
2022109028	2025-05-31	6	0.0	0.8	1.0	0	1800	0.0	38.6	1.0	16.0
2022109028	2025-07-13	12	0.0	4.0	0.0	0	1700	0.0	38.8	1.0	13.0
2022109028	2025-08-03	12	0.0	1.8	0.0	1	2000	0.0	36.4	1.0	16.0
2022109028	2025-09-05	1	70.0	0.0	3.0	0	1400	3.0	40.6	10.0	10.0
2022109028	2025-09-25	10	0.0	1.5	1.0	0	1400	0.0	39.2	11.0	12.0
2022109090	2024-12-21	9	0.0	2.4	0.0	0	1800	0.0	40.9	0.0	14.0
2022109090	2025-01-13	15	0.0	4.6	0.0	0	1800	0.0	43.9	1.0	16.0
2022109090	2025-04-06	3	140.0	0.8	1.0	0	1200	2.0	37.5	1.0	16.0
2022109090	2025-05-03	11	0.0	1.5	0.0	0	1200	2.0	38.0	1.0	15.0
2022109090	2025-05-25	8	0.0	2.0	1.0	0	1300	3.0	36.6	1.0	16.0
2022109090	2025-06-21	5	56.0	0.7	0.0	0	1400	0.0	36.4	1.0	16.0
2022109090	2025-07-12	10	0.0	2.0	1.0	0	1700	0.0	39.6	1.0	15.0
2022109090	2025-08-31	7	0.0	1.4	1.0	0	1700	2.0	39.1	1.0	14.0
2022109090	2025-09-15	7	0.0	1.0	1.0	0	1800	0.0	40.0	2.0	16.0
2022109090	2025-10-18	9	0.0	1.4	0.0	0	1600	0.0	38.1	2.0	15.0
2022109090	2025-10-26	7	0.0	0.8	1.0	0	1600	3.0	36.0	2.0	13.0
2022109090	2025-11-29	13	0.0	2.2	0.0	0	1600	0.0	37.5	2.0	16.0
2022109090	2025-12-13	12	0.0	1.8	1.0	0	1800	0.0	37.8	2.0	16.0
2022110005	2025-02-01	7	0.0	1.2	1.0	0	1400	0.0	38.4	0.0	16.0
2022110005	2025-03-30	9	0.0	1.5	0.0	0	1400	0.0	39.2	1.0	16.0
2022110005	2025-04-06	5	56.0	2.4	0.0	0	1800	0.0	39.0	1.0	15.0
2022110005	2025-05-24	6	0.0	0.3	1.0	0	1800	0.0	39.9	1.0	15.0
2022110005	2025-07-27	9	0.0	2.0	0.0	0	1800	0.0	40.6	1.0	16.0
2022110005	2025-10-08	2	28.0	0.4	0.0	0	1400	2.0	39.5	10.0	10.0
2022110005	2025-10-29	2	28.0	0.8	0.0	0	1400	0.0	39.7	10.0	8.0
2022110005	2025-12-04	3	17.5	0.6	0.0	0	1400	0.0	39.0	10.0	10.0
2022110049	2024-11-03	9	0.0	2.9	0.0	1	1800	2.0	36.2	0.0	9.0
2022110049	2024-11-23	8	0.0	2.3	1.0	0	1800	0.0	39.2	1.0	14.0
2022110049	2025-01-25	4	84.0	1.9	0.0	0	1700	0.0	37.6	1.0	12.0
2022110049	2025-02-10	6	0.0	2.0	0.0	0	1400	0.0	38.9	1.0	12.0
2022110049	2025-03-23	10	0.0	3.1	0.0	0	1800	0.0	39.6	1.0	12.0
2022110049	2025-04-06	7	0.0	3.0	0.0	0	1800	0.0	39.4	1.0	15.0
2022110049	2025-05-08	3	62.5	0.4	0.0	0	1600	2.0	39.4	5.0	10.0
2022110049	2025-07-19	8	0.0	0.7	0.0	0	1700	1.0	37.3	1.0	16.0
2022110049	2025-08-29	2	56.0	0.2	0.0	0	1500	0.0	39.0		11.0
2022110049	2025-09-30	2	56.0	1.0	0.0	0	1500	0.0	40.0		9.0
2022110055	2025-04-06	6	0.0	2.9	0.0	0	1800	0.0	38.3	1.0	15.0
2022110055	2025-04-19	5	56.0	0.8	0.0	0	2000	0.0	38.6	1.0	16.0
2022110071	2025-04-06	14	0.0	5.9	0.0	0	1800	0.0	41.3	1.0	15.0
2022110071	2025-06-08	9	0.0	2.6	0.0	0	1800	0.0	41.7	1.0	15.0
2022110071	2025-06-14	12	0.0	2.4	2.0	0	2000	2.0	42.2	1.0	16.0
2022110071	2025-08-02	6	0.0	1.3	0.0	0	1700	0.0	38.4	1.0	14.0
2022110071	2025-08-31	12	0.0	2.5	1.0	1	2000	2.0	38.9	1.0	16.0
2022110071	2025-09-14	10	0.0	3.6	1.0	0	2000	0.0	41.0	2.0	13.0
2022110071	2025-12-26	1	40.0	0.0	1.0	0	1400	1.0	40.2	10.0	8.0
2022110071	2026-01-07	2	20.0	0.2	0.0	0	1600	0.0	40.4	5.0	8.0
2022110115	2024-08-03	1	720.0	0.0	0.0	0	1800	0.0	39.3	0.0	15.0
2022110115	2024-11-02	10	0.0			0	1700	0.0			10.0
2022110115	2025-01-06	11	0.0	2.1	1.0	0	1800	0.0	39.6	2.0	12.0
2022110115	2025-02-01	7	0.0	1.7	0.0	0	1600	0.0	38.1	2.0	13.0
2022110115	2025-04-06	2	320.0	0.4	0.0	0	1800	0.0	38.6	2.0	14.0
2022110115	2025-04-26	7	0.0	1.3	0.0	0	1800	0.0	38.8	2.0	12.0
2022110115	2025-06-17	1	400.0	0.0	0.0	0	1500	0.0	37.8	13.0	11.0
2022110115	2025-07-26	3	394.6	0.8	0.0	0	1800	0.0	37.0	5.0	15.0
2022110115	2025-08-10	13	0.0	2.0	3.0	0	1800	3.0	37.7		15.0
2022110115	2025-09-09	1	800.0	0.0	0.0	0	1600	2.0	38.7	16.0	14.0
2022110115	2025-10-11	2	749.8	0.2	0.0	0	1900	0.0	37.7	4.0	16.0
2022110115	2025-11-16	5	184.0	1.0	0.0	0	1800	0.0	37.6	4.0	14.0
2022110115	2025-12-27	3	464.9	0.2	0.0	0	1800	2.0	38.1	4.0	16.0
2022110135	2024-11-09	5	72.0	3.9	0.0	0	1800	0.0	39.0	0.0	15.0
2022110135	2025-03-01	6	0.0	0.5	0.0	0	1800	0.0	38.2	1.0	16.0
2022110135	2025-03-23	2	220.0	0.1	0.0	0	1800	0.0	37.3	1.0	12.0
2022110135	2025-06-08	1	560.0	0.0	0.0	0	1800	0.0	40.0	1.0	15.0
2022110135	2025-07-06	3	200.0	0.6	0.0	0	1700	0.0	38.3	2.0	16.0
2022110135	2025-08-02	6	0.0	1.1	0.0	0	1800	0.0	39.0	2.0	10.0
2022110135	2025-11-08	2	320.0	0.4	0.0	0	1700	0.0	38.8	2.0	15.0
2022110135	2025-11-30	2	320.0	0.1	0.0	0	1800	0.0	37.4	2.0	16.0
2022110135	2025-12-21	1	800.0	0.0	3.0	0	1800	2.0	38.2	2.0	16.0
2022110137	2024-10-05	1	720.0	0.0	0.0	0	1400	2.0	37.2	0.0	16.0
2022110137	2024-11-23	9	0.0	1.5	0.0	0	1600	2.0	38.2	5.0	16.0
2022110137	2025-01-19	5	80.0	0.9	0.0	0	1200	0.0	38.4	2.0	10.0
2022110137	2025-02-01	1	800.0	0.0	1.0	0	1200	0.0	36.3	2.0	8.0
2022110137	2025-04-06	14	0.0	3.0	0.0	0	1400	0.0	38.6	5.0	15.0
2022110137	2025-05-31	16	0.0	0.9	1.0	1	1200	0.0	35.3		16.0
2022110137	2025-08-09	1	1140.0	0.0	0.0	0	1200	0.0	36.1	3.0	15.0
2022110137	2025-08-23	4	280.0	0.2	0.0	0	1400	0.0	37.2	4.0	16.0
2022110137	2025-11-02	2	747.4	0.1	1.0	0	1300	1.0	35.8	4.0	12.0
2022110137	2025-12-06	8	0.0	0.9	0.0	0	1200	0.0	37.1	4.0	16.0
2022110137	2026-01-12	1	1904.3	0.0	0.0	0	1200	0.0	35.8	4.0	16.0
2022110140	2024-10-06	1	720.0	0.0	0.0	0	1200	0.0	35.5	0.0	15.0
2022110140	2024-11-09	2	439.8	0.2	0.0	0	1400	0.0	36.3	2.0	16.0
2022110140	2024-12-15	1	1087.5	0.0	0.0	0	1400	0.0	36.3	2.0	7.0
2022110140	2025-03-16	4	270.0	0.5	2.0	0	1400	1.0	36.7	5.0	12.0
2022110140	2025-04-06	4	270.0	0.4	0.0	0	1400	0.0	38.2	5.0	15.0
2022110140	2025-05-10	1	1823.8	0.0	1.0	0	1600	1.0	35.3	5.0	11.0
2022110140	2025-08-10	15	0.0	3.1	3.0	0	1800	3.0	39.7		15.0
2022110140	2025-11-01	15	0.0	3.8	0.0	0	1600	1.0	39.6	5.0	16.0
2022110140	2025-12-07	2	889.8	0.0	0.0	0	1200	0.0	35.7	5.0	16.0
2022110153	2024-10-27	2	290.0	0.3	0.0	0	1600	0.0	36.2	0.0	16.0
2022110153	2024-11-16	1	550.0	0.0	0.0	0	1700	0.0	37.1	1.0	15.0
2022110153	2024-12-08	2	310.0	0.3	0.0	0	1800	0.0	39.3	2.0	13.0
2022110153	2025-01-11	2	448.6	0.9	0.0	0	1800	2.0	39.2	2.0	14.0
2022110153	2025-02-01	4	120.0	0.9	0.0	0	1600	0.0	36.3	2.0	13.0
2022110153	2025-04-06	3	200.0	0.5	0.0	0	1800	0.0	38.0	2.0	14.0
2022110153	2025-05-03	4	560.0	0.7	0.0	0	1900	2.0	36.8		13.0
