horse_id	date	rank	prize	rank_diff	weather	race_type	course_len	ground_state	agari	race_class	n_horses
2016104152	2018-12-22	1	700.0	0.0	1.0	0	1200	0	36.8	0.0	15
2016104152	2019-01-19	5	72.0	1.2	0.0	0	1200	0	38.1	2.0	14
2016104152	2019-11-30	5	75.0	0.3	0.0	0	1200	2	37.5	2.0	16
2016104152	2019-12-21	5	75.0	1.5	1.0	0	1200	0	38.2	2.0	16
2016104152	2020-01-13	7	0.0	0.7	0.0	0	1200	0	37.7	2.0	15
2016104152	2020-03-01	7	0.0	1.0	0.0	0	1200	0	38.4	2.0	15
2016104152	2020-05-24	5	76.0	1.0	0.0	0	1200	0	35.8	2.0	15
2016104152	2020-06-14	6	0.0	0.7	1.0	0	1300	3	35.9	2.0	16
2016104152	2020-10-03	10	0.0	0.6	0.0	0	1200	0	36.8	2.0	16
2016104152	2020-10-25	9	0.0	0.8	0.0	0	1400	0	36.7	2.0	12
2016104152	2021-02-06	4	110.0	0.2	0.0	0	1300	0	35.7	2.0	16
2016104152	2021-02-21	12	0.0	1.7	0.0	0	1400	0	37.5	2.0	16
2016104152	2021-03-21	4	110.0	1.5	2.0	0	1400	3	38.1	2.0	15
2016104152	2021-04-03	3	190.0	0.5	0.0	0	1200	0	36.9	2.0	16
2016104152	2021-05-16	2	300.0	0.1	2.0	0	1200	0	37.6	2.0	15
2016104152	2021-07-18	4	110.0	0.5	0.0	0	1700	0	39.6	2.0	14
2016104152	2021-10-16	3	190.0	0.5	1.0	0	1800	2	38.5	2.0	9
2016104152	2021-10-31	2	300.0	0.9	0.0	0	1800	0	37.4	2.0	15
2016104152	2021-11-20	2	300.0	0.6	0.0	0	1700	0	38.2	2.0	15
2016104152	2022-04-17	1	770.0	0.0	0.0	0	1700	2	38.1	2.0	15
2016104152	2022-05-01	2	610.4	0.0	3.0	0	1700	1	37.8	5.0	14
2016104152	2022-05-28	7	0.0	2.0	0.0	0	1800	2	39.3	5.0	12
2016104152	2022-07-23	3	385.0	0.0	0.0	0	1700	1	37.4	5.0	15
2016104152	2022-08-14	11	0.0	1.8	0.0	0	1700	0	39.8	5.0	15
2016104152	2022-11-05	7	0.0	0.5	0.0	0	1700	0	36.8	3.0	15
2016104152	2022-12-28	2	611.0	0.1	0.0	0	1800	0	37.0	3.0	16
2016104152	2023-03-11	9	0.0	0.8	0.0	0	1800	0	37.7	5.0	15
2016104152	2023-04-16	11	0.0	1.4	3.0	0	1800	1	38.4	5.0	16
2016104152	2023-06-17	12	0.0	0.8	0.0	0	1400	0	35.7	5.0	15
2016104152	2023-08-27	6	0.0	1.2	0.0	0	1700	0	38.2	3.0	16
2016104152	2023-09-16	3	395.7	0.3	0.0	0	1800	0	38.7	5.0	16
2016104152	2023-10-15	4	230.0	1.3	2.0	0	1800	2	37.7	5.0	13
2016104152	2023-12-03	9	0.0	0.9	1.0	0	1800	0	37.9	5.0	16
2016104152	2024-01-08	7	0.0	0.9	0.0	0	2400	0	39.4	5.0	16
2016104152	2024-02-18	6	0.0	0.7	0.0	0	2100	0	38.3	3.0	16
2016104152	2024-04-27	4	170.0	0.6	1.0	0	2100	2	36.4	3.0	11
2016104152	2024-05-18	9	0.0	1.1	0.0	0	2100	0	38.6	3.0	16
2016104152	2024-10-13	11	0.0	1.7	0.0	0	2100	0	37.0	3.0	16
2016104152	2024-11-23	13	0.0	2.4	0.0	0	2100	2	39.9	3.0	16
2016104152	2025-03-15	6	0.0	0.6	2.0	0	1800	0	36.1	3.0	10
2016104152	2025-08-24	11	0.0	2.0	0.0	0	1800	0	37.4	5.0	16
2016104152	2026-01-18	13	0.0	1.2	0.0	0	1800	0	37.0	5.0	16
2017103184	2020-02-08	2	240.0	0.2	0.0	0	1800	0	38.5	0.0	16
2017103184	2020-02-29	2	200.0	0.3	1.0	0	1800	2	37.9	1.0	10
2017103184	2020-03-21	1	510.0	0.0	0.0	0	1800	0	38.8	1.0	13
2017103184	2020-07-25	3	190.0	0.2	1.0	0	1800	2	37.7	2.0	15
2017103184	2020-08-16	4	110.0	0.6	0.0	0	1700	0	37.9	2.0	14
2017103184	2020-09-06	6	0.0	1.4	3.0	0	1700	1	36.2	2.0	15
2017103184	2020-10-03	14	0.0	2.4	1.0	0	1800	0	38.8	2.0	15
2017103184	2021-02-14	2	300.0	0.6	0.0	0	1700	0	37.9	2.0	11
2017103184	2021-03-07	1	760.0	0.0	0.0	0	1800	2	36.8	2.0	9
2017103184	2021-04-03	7	0.0	1.3	0.0	0	1800	0	37.9	3.0	14
2017103184	2021-05-01	7	0.0	2.0	2.0	0	1800	2	37.5	5.0	13
2017103184	2021-05-30	8	0.0	2.9	0.0	0	1900	0	41.0	5.0	16
2017103184	2023-01-09	9	0.0	1.2	0.0	0	1400	0	36.9	5.0	14
2017103184	2023-02-11	6	0.0	0.8	1.0	0	1700	3	36.4	5.0	15
2017103184	2023-03-05	9	0.0	1.0	0.0	0	1800	0	37.6	3.0	12
2017103184	2023-08-27	3	395.0	1.1	0.0	0	1700	0	37.9	3.0	16
2017103184	2023-09-23	8	0.0	1.4	0.0	0	1800	2	38.6	3.0	16
2017103184	2023-10-22	15	0.0	3.0	0.0	0	1600	0	36.9	3.0	16
2017103184	2023-11-18	4	230.0	0.3	0.0	0	1800	1	37.1	5.0	16
2017103184	2023-12-03	2	631.0	0.3	1.0	0	1800	0	38.1	5.0	16
2017103184	2023-12-28	9	0.0	0.8	0.0	0	1800	0	38.7	3.0	16
2017103184	2024-02-10	3	290.0	0.5	1.0	0	1900	0	37.5	3.0	14
2017103184	2024-03-03	5	114.0	1.2	0.0	0	1800	0	38.0	3.0	12
2017103184	2024-04-07	9	0.0	1.7	0.0	0	1800	0	37.8	3.0	11
2017103184	2024-07-20	5	155.0	0.2	1.0	0	1700	1	36.7	5.0	16
2017103184	2024-08-17	9	0.0	2.2	0.0	0	1800	0	38.2	5.0	15
2017103184	2024-09-14	7	0.0	1.3	0.0	0	2400	0	38.6	5.0	16
2017103184	2024-10-19	6	0.0	0.8	3.0	0	1900	2	38.7	3.0	12
2017103184	2024-11-10	6	0.0	0.8	0.0	0	1800	0	36.7	3.0	12
2017103184	2024-12-01	2	627.8	0.1	0.0	0	1800	0	36.8	5.0	11
2017103184	2024-12-22	6	0.0	0.7	0.0	0	1800	0	38.0	3.0	16
2017103184	2025-01-25	6	0.0	0.3	0.0	0	1700	0	37.3	5.0	16
2017103184	2025-02-22	11	0.0	1.6	0.0	0	1800	0	37.3	3.0	14
2017103184	2025-03-15	5	114.0	0.4	2.0	0	1800	0	36.2	3.0	10
2017103184	2025-06-22	11	0.0	1.3	0.0	0	1800	0	38.8	3.0	15
2017103184	2025-07-05	4	230.0	0.7	0.0	0	1700	0	37.4	3.0	11
2017103184	2025-07-26	7	0.0	1.3	2.0	0	1700	0	37.2	5.0	14
2017103184	2025-09-07	5	155.0	0.9	0.0	0	1700	2	36.4	5.0	14
2017103184	2025-09-20	5	114.0	1.4	1.0	0	1800	0	38.3	3.0	16
2017103184	2025-12-13	11	0.0	1.8	0.0	0	2000	0	37.7	5.0	14
2017103184	2025-12-28	7	0.0	0.7	0.0	0	1800	0	37.5	3.0	13
2017103184	2026-01-18	6	0.0	0.6	0.0	0	1800	0	36.9	5.0	16
2018102917	2020-11-23	8	0.0	0.9	0.0	1	1800	0	34.6	0.0	13
2018102917	2020-12-13	8	0.0	0.9	0.0	1	2000	0	35.9	1.0	18
2018102917	2021-01-17	9	0.0	1.8	1.0	1	2000	0	35.7	1.0	16
2018102917	2021-01-30	9	0.0	2.0	0.0	1	1800	0	35.1	1.0	16
2018102917	2021-04-03	2	200.0	0.3	0.0	1	2000	0	35.2	1.0	18
2018102917	2021-04-18	4	77.0	1.4	0.0	1	2200	1	37.3	1.0	17
2018102917	2021-05-15	1	510.0	0.0	0.0	1	2400	0	35.9	1.0	13
2018102917	2021-06-19	6	0.0	1.3	1.0	1	2400	2	35.8	2.0	8
2018102917	2021-07-17	10	0.0	0.9	0.0	1	2000	0	35.4	5.0	16
2018102917	2021-11-07	9	0.0	1.1	0.0	1	2000	0	36.9	2.0	16
2018102917	2021-11-21	12	0.0	1.1	0.0	1	2000	0	35.5	2.0	16
2018102917	2021-12-05	8	0.0	0.9	1.0	1	2200	0	35.2	2.0	18
2018102917	2022-02-13	3	190.0	0.2	3.0	1	2400	0	34.9	2.0	10
2018102917	2022-03-13	3	190.0	0.1	1.0	1	2200	0	34.2	2.0	10
2018102917	2022-03-27	4	120.0	0.2	0.0	1	2200	1	35.9	2.0	16
2018102917	2022-04-24	3	275.3	0.1	1.0	1	2600	0	35.9	5.0	16
2018102917	2022-05-22	3	190.0	0.2	0.0	1	2400	0	34.9	2.0	10
2018102917	2022-07-02	4	160.0	0.4	0.0	1	2600	0	35.1	5.0	10
2018102917	2022-10-16	6	0.0	0.9	1.0	1	2400	0	34.7	2.0	12
2018102917	2022-11-05	2	310.0	0.1	0.0	1	2600	0	36.7	2.0	16
2018102917	2023-02-18	2	320.0	0.0	1.0	1	2000	0	34.5	2.0	8
2018102917	2023-03-11	3	200.0	0.2	0.0	1	2200	0	35.1	2.0	11
2018102917	2023-04-09	12	0.0	1.0	0.0	1	2600	0	36.1	2.0	16
2018102917	2023-05-28	10	0.0	1.0	0.0	1	2400	0	35.0	3.0	11
2018102917	2023-06-17	4	120.0	0.7	0.0	1	2400	0	34.3	2.0	9
2018102917	2023-10-21	6	0.0	1.4	2.0	1	2200	1	36.1	5.0	15
2018102917	2023-10-28	3	200.0	0.3	0.0	1	2000	0	33.9	2.0	10
2018102917	2023-11-18	15	0.0	2.1	0.0	1	2000	2	37.6	2.0	16
2018102917	2023-12-16	10	0.0	1.2	0.0	1	2000	0	36.7	2.0	16
2018102917	2024-03-03	7	0.0	1.4	1.0	1	2600	2	35.6	5.0	11
2018102917	2024-03-24	4	120.0	1.1	2.0	1	2200	1	37.6	2.0	9
2018102917	2024-04-06	1	800.0	0.0	1.0	0	2400	2	38.0	2.0	16
2018102917	2024-06-22	10	0.0	3.0	1.0	0	1900	2	38.2	5.0	12
2018102917	2024-07-13	9	0.0	1.8	0.0	1	2600	0	35.8	5.0	12
2018102917	2024-09-14	4	230.0	1.0	0.0	0	2400	0	38.4	5.0	16
2018102917	2024-10-13	12	0.0	1.8	0.0	0	2100	0	36.6	3.0	16
2018102917	2024-12-15	6	0.0	1.4	0.0	0	2400	0	39.3	5.0	14
2018102917	2025-01-13	7	0.0	1.7	0.0	0	2400	0	42.0	5.0	16
2018102917	2025-02-23	7	0.0	1.5	1.0	2	2860	0	13.6	1.0	12
2018102917	2025-03-23	3	210.0	0.3	0.0	2	2880	0	13.8	1.0	14
2018102917	2025-04-20	3	210.0	0.4	1.0	2	2970	0	13.8	1.0	14
2018102917	2025-06-07	5	84.0	1.6	0.0	2	3000	0	13.9	1.0	14
2018102917	2025-10-05	4	130.0	0.8	0.0	2	3000	0	13.8	1.0	14
2018102917	2025-11-01	2	340.0	0.2	1.0	2	2910	2	13.7	1.0	11
2018102917	2025-11-30	3	210.0	0.9	0.0	2	2910	0	13.8	1.0	9
2018102917	2025-12-21	7	0.0	4.1	1.0	2	2880	1	13.9	1.0	14
2018102917	2026-01-18	9	0.0	2.7	0.0	2	2880	0	13.6	1.0	14
2018102956	2021-04-04	1	510.0	0.0	1.0	0	1800	0	38.3	1.0	16
2018102956	2021-05-01	9	0.0	2.4	0.0	0	1800	2	41.0	2.0	11
2018102956	2021-10-10	8	0.0	2.1	0.0	0	1800	0	39.4	2.0	12
2018102956	2021-10-31	12	0.0	2.5	1.0	0	1800	0	39.7	2.0	12
2018102956	2022-02-05	9	0.0	0.6	0.0	0	1400	0	39.2	2.0	16
2018102956	2022-03-12	2	310.0	0.3	0.0	0	1400	0	37.7	2.0	16
2018102956	2022-03-26	1	770.0	0.0	3.0	0	1400	1	36.7	2.0	16
2018102956	2022-05-21	3	280.0	0.7	1.0	0	1400	0	37.9	3.0	16
2018102956	2022-06-04	5	111.0	0.9	0.0	0	1400	0	36.8	3.0	16
2018102956	2022-09-18	5	111.0	1.7	1.0	0	1400	0	37.3	3.0	16
2018102956	2022-10-09	10	0.0	1.0	2.0	0	1400	2	37.5	3.0	16
2018102956	2022-12-17	3	386.4	0.7	2.0	0	1400	0	38.2	3.0	16
2018102956	2023-01-09	7	0.0	1.1	0.0	0	1400	0	38.8	5.0	14
2018102956	2023-03-26	9	0.0	1.8	2.0	0	1400	3	38.6	5.0	15
2018102956	2023-07-08	14	0.0	2.1	1.0	0	1400	0	38.9	3.0	16
2018102956	2023-09-23	14	0.0	2.6	0.0	0	1800	2	39.5	3.0	16
2018102956	2023-10-07	2	460.0	0.4	1.0	0	1800	0	37.7	3.0	15
2018102956	2023-10-28	10	0.0	2.8	0.0	0	1800	0	39.4	3.0	13
2018102956	2023-11-18	13	0.0	1.6	0.0	0	1800	1	38.9	5.0	16
2018102956	2024-03-03	3	290.0	0.7	0.0	0	1800	0	38.1	3.0	12
2018102956	2024-03-30	3	290.0	0.4	0.0	0	1800	2	37.3	3.0	15
2018102956	2024-04-13	4	170.0	0.2	0.0	0	1800	0	38.8	3.0	10
2018102956	2024-09-21	9	0.0	1.5	1.0	0	1800	0	39.6	3.0	16
2018102956	2025-01-06	12	0.0	1.5	3.0	0	1800	0	39.2	5.0	16
2018102956	2025-03-22	3	290.0	0.8	0.0	0	1800	0	39.3	3.0	16
2018102956	2025-04-06	2	460.0	0.2	0.0	0	1800	0	38.7	3.0	10
2018102956	2025-04-27	9	0.0	1.0	0.0	0	1800	0	37.9	3.0	12
2018102956	2025-08-02	3	393.9	0.3	0.0	0	1800	0	39.8	5.0	12
2018102956	2025-12-13	14	0.0	1.1	1.0	0	1800	0	38.1	5.0	16
2018102956	2025-12-28	6	0.0	0.7	0.0	0	1800	0	39.0	3.0	13
2018102956	2026-01-18	16	0.0	2.0	0.0	0	1800	0	39.0	5.0	16
2018104534	2021-01-31	2	240.0	0.1	0.0	1	1200	0	35.0	0.0	18
2018104534	2021-02-13	2	200.0	0.0	0.0	1	1200	0	35.0	1.0	18
2018104534	2021-05-01	2	165.0	0.4	1.0	1	1200	2	34.8	1.0	16
2018104534	2021-05-22	1	510.0	0.0	1.0	1	1200	2	35.3	1.0	18
2018104534	2021-07-31	12	0.0	1.0	0.0	1	1400	0	35.4	2.0	18
2018104534	2021-10-09	4	160.0	0.6	0.0	1	1200	0	34.5	5.0	18
2018104534	2021-10-31	2	300.0	0.1	0.0	1	1200	0	35.0	2.0	18
2018104534	2021-11-21	12	0.0	0.6	0.0	1	1200	0	35.2	5.0	16
2018104534	2022-01-30	2	310.0	0.0	1.0	1	1200	0	35.0	2.0	12
2018104534	2022-02-12	1	770.0	0.0	0.0	1	1200	0	34.0	2.0	18
2018104534	2022-02-19	4	230.0	0.2	3.0	1	1200	1	35.1	5.0	18
2018104534	2022-03-12	4	170.0	0.1	0.0	1	1200	0	34.4	3.0	16
2018104534	2022-06-11	4	230.0	0.6	0.0	1	1200	0	34.8	3.0	14
2018104534	2022-06-26	3	384.7	0.1	1.0	1	1200	0	34.4	3.0	15
2018104534	2022-07-09	9	0.0	0.4	1.0	1	1200	0	35.3	5.0	13
2018104534	2022-08-27	3	385.6	0.5	1.0	1	1200	0	35.2	3.0	14
2018104534	2022-09-03	5	151.0	0.8	0.0	1	1200	0	35.0	3.0	16
2018104534	2023-01-28	8	0.0	0.5	1.0	1	1200	1	35.6	5.0	18
2018104534	2023-02-11	8	0.0	0.5	1.0	1	1200	1	34.6	5.0	18
2018104534	2023-02-25	14	0.0	1.6	0.0	1	1400	0	35.1	3.0	15
2018104534	2023-09-03	9	0.0	0.6	0.0	1	1200	0	35.1	3.0	17
2018104534	2023-09-23	10	0.0	0.4	0.0	1	1200	0	33.8	5.0	16
2018104534	2023-10-14	3	290.0	0.1	2.0	1	1400	0	34.4	3.0	11
2018104534	2023-10-28	9	0.0	1.1	0.0	1	1400	0	35.4	3.0	13
2018104534	2023-11-11	10	0.0	1.0	1.0	1	1400	2	34.8	3.0	18
2018104534	2024-02-10	3	394.2	0.1	0.0	1	1200	0	34.2	5.0	14
2018104534	2024-03-03	10	0.0	0.9	1.0	1	1200	2	35.0	3.0	18
2018104534	2024-03-24	6	0.0	0.6	1.0	1	1200	0	34.1	3.0	13
2018104534	2024-04-06	8	0.0	0.8	1.0	1	1200	0	34.3	5.0	16
2018104534	2024-04-27	9	0.0	0.5	1.0	1	1400	0	34.4	5.0	13
2018104534	2024-12-08	7	0.0	0.5	1.0	1	1200	0	33.8	5.0	11
2018104534	2024-12-21	13	0.0	1.2	0.0	1	1200	0	34.3	3.0	16
2018104534	2025-01-13	10	0.0	0.5	0.0	1	1200	0	35.8	3.0	14
2018104534	2025-02-09	8	0.0	1.0	0.0	1	1200	2	35.5	3.0	13
2018104534	2025-10-05	14	0.0	2.6	1.0	1	1200	2	36.1	3.0	16
2018104534	2025-10-26	11	0.0	1.2	1.0	0	1400	1	37.3	5.0	16
2018104534	2025-11-15	12	0.0	1.2	0.0	0	1200	0	36.2	5.0	15
2018104534	2026-01-18	14	0.0	1.3	0.0	0	1800	0	37.8	5.0	16
2018104757	2020-09-19	6	0.0	0.9	0.0	1	1200	0	34.3	0.0	12
2018104757	2020-11-07	3	103.5	0.8	1.0	1	1400	0	34.7	1.0	17
2018104757	2020-11-21	4	77.0	0.4	0.0	1	1400	0	34.9	1.0	13
2018104757	2020-12-12	4	77.0	0.2	1.0	1	1600	0	34.9	1.0	10
2018104757	2021-02-27	12	0.0	4.0	0.0	0	1400	0	42.3	1.0	16
2018104757	2021-05-15	11	0.0	0.9	1.0	1	1400	0	35.6	1.0	18
2018104757	2021-07-04	5	51.0	0.6	1.0	1	1200	0	35.0	1.0	18
2018104757	2021-07-25	1	510.0	0.0	0.0	1	1400	0	35.1	1.0	18
2018104757	2021-09-12	3	190.0	0.2	1.0	1	1400	0	35.0	2.0	18
2018104757	2021-10-02	4	110.0	0.5	0.0	1	1600	0	34.4	2.0	16
2018104757	2021-10-31	4	160.0	0.1	0.0	1	1400	0	35.1	5.0	18
2018104757	2022-02-19	6	0.0	0.1	2.0	1	1600	0	33.7	2.0	12
2018104757	2022-03-06	1	770.0	0.0	0.0	1	1600	0	34.7	2.0	16
2018104757	2022-03-26	3	383.4	0.3	2.0	1	1600	2	33.8	5.0	10
2018104757	2022-07-30	17	0.0	2.5	0.0	1	1600	0	34.2	5.0	18
2018104757	2022-10-15	1	1110.0	0.0	0.0	1	1400	0	34.0	3.0	12
2018104757	2022-11-12	11	0.0	0.9	0.0	1	1400	0	33.8	4.0	16
2018104757	2022-12-18	14	0.0	1.6	0.0	1	1400	0	35.2	4.0	15
2018104757	2023-07-22	4	280.0	0.3	0.0	1	1400	0	34.4	4.0	18
2018104757	2023-10-07	7	0.0	0.5	0.0	1	1400	0	34.5	4.0	15
2018104757	2023-12-02	9	0.0	0.9	0.0	1	1400	0	35.9	4.0	12
2018104757	2024-05-26	4	280.0	0.2	0.0	1	1400	0	33.4	4.0	16
2018104757	2024-08-17	6	0.0	0.2	0.0	1	1400	0	33.9	4.0	14
2018104757	2024-10-06	7	0.0	0.3	0.0	1	1400	0	34.1	4.0	16
2018104757	2024-11-30	8	0.0	0.7	0.0	1	1400	0	34.4	4.0	13
2018104757	2024-12-28	12	0.0	1.1	0.0	1	1200	0	33.8	4.0	16
2018104757	2025-03-23	16	0.0	3.2	0.0	0	1400	0	38.4	4.0	16
2018104757	2025-04-06	13	0.0	1.3	0.0	1	2000	0	36.7	4.0	16
2018104757	2025-04-12	5	184.0	0.5	0.0	1	1600	0	34.0	4.0	14
2018104757	2025-04-27	6	0.0	0.2	0.0	1	1400	0	33.6	4.0	15
2018104757	2025-06-22	14	0.0	1.1	0.0	1	1400	0	34.5	4.0	16
2018104757	2025-07-12	7	0.0	0.7	1.0	1	1200	0	34.8	4.0	9
2018104757	2025-08-02	9	0.0	0.9	0.0	1	1400	0	33.4	4.0	12
2018104757	2025-10-04	8	0.0	0.5	2.0	1	1400	0	33.1	4.0	15
2018104757	2025-11-08	13	0.0	0.5	0.0	1	1200	0	34.3	4.0	16
2018104757	2025-11-15	7	0.0	0.7	0.0	1	1400	0	33.3	4.0	18
2018104757	2026-01-18	14	0.0	1.4	0.0	1	1600	0	35.2	4.0	15
2018105199	2020-12-20	1	700.0	0.0	0.0	1	1600	0	36.8	0.0	16
2018105199	2021-03-07	10	0.0	2.1	1.0	1	1600	0	36.5	2.0	11
2018105199	2021-05-16	2	290.0	0.1	1.0	1	1600	0	33.7	2.0	10
2018105199	2021-07-25	5	76.0	1.1	0.0	1	1800	0	36.9	2.0	11
2018105199	2021-10-31	14	0.0	1.3	3.0	1	1600	0	36.2	2.0	17
2018105199	2021-12-05	14	0.0	2.1	1.0	0	1400	0	39.9	2.0	16
2018105199	2022-04-03	11	0.0	1.1	3.0	1	1600	2	36.9	2.0	16
2018105199	2023-01-15	4	120.0	0.5	1.0	1	1600	0	36.6	2.0	16
2018105199	2023-03-05	3	200.0	0.5	0.0	1	1600	0	34.4	2.0	17
2018105199	2023-04-23	4	120.0	0.2	0.0	1	1600	0	34.7	2.0	15
2018105199	2023-06-24	14	0.0	1.6	1.0	1	1600	0	36.5	2.0	16
2018105199	2023-08-19	14	0.0	2.8	2.0	1	1500	0	38.0	5.0	14
2018105199	2023-12-23	8	0.0	0.6	0.0	1	1600	0	34.0	2.0	16
2018105199	2024-03-02	3	200.0	0.7	1.0	1	1600	2	35.3	2.0	16
2018105199	2024-04-21	6	0.0	0.7	1.0	1	1600	0	34.6	2.0	10
2018105199	2024-07-14	5	80.0	0.2	2.0	1	1800	0	35.7	2.0	16
2018105199	2024-09-22	10	0.0	0.5	1.0	1	1600	0	35.0	2.0	16
2018105199	2024-12-15	11	0.0	0.7	0.0	1	1600	0	35.3	2.0	16
2018105199	2025-01-18	7	0.0	1.3	0.0	1	2000	0	36.6	2.0	16
2018105199	2025-04-06	1	800.0	0.0	2.0	1	1800	0	35.1	2.0	13
2018105199	2025-05-25	9	0.0	1.8	1.0	1	1800	0	36.3	5.0	9
2018105199	2025-08-02	11	0.0	1.3	0.0	1	1800	0	36.3	5.0	14
2018105199	2025-11-22	2	340.0	0.6	0.0	2	2770	0	13.1	1.0	14
2018105199	2026-01-18	5	84.0	1.3	0.0	2	2880	0	13.5	1.0	14
2018105462	2021-01-31	1	600.0	0.0	0.0	1	2000	2	34.5	0.0	14
2018105462	2021-03-28	5	101.0	1.5	3.0	1	2200	1	37.8	2.0	14
2018105462	2022-01-16	4	120.0	0.5	0.0	1	1600	0	35.4	2.0	14
2018105462	2022-02-19	7	0.0	0.2	2.0	1	1600	0	34.2	2.0	12
2018105462	2022-03-06	8	0.0	1.5	0.0	1	1600	0	35.6	2.0	16
2018105462	2022-05-28	1	770.0	0.0	0.0	1	2000	0	35.5	2.0	9
2018105462	2022-06-12	3	383.3	0.2	0.0	1	2000	0	35.7	5.0	10
2018105462	2022-09-11	3	382.6	0.1	0.0	1	2000	0	34.3	5.0	8
2018105462	2022-12-11	10	0.0	1.4	0.0	1	2000	0	34.8	3.0	11
2018105462	2022-12-28	13	0.0	2.3	0.0	1	2000	0	37.2	3.0	14
2018105462	2023-05-13	11	0.0	1.5	0.0	1	2000	0	34.6	5.0	11
2018105462	2023-10-01	11	0.0	1.4	1.0	1	1800	2	35.7	5.0	11
2018105462	2024-01-21	10	0.0	7.0	1.0	1	2600	2	42.3	5.0	12
2018105462	2024-06-29	3	393.7	0.6	0.0	1	1800	0	35.2	3.0	11
2018105462	2024-07-20	13	0.0	2.0	0.0	1	2000	0	38.8	5.0	13
2018105462	2024-08-25	11	0.0	0.5	0.0	1	1800	0	35.0	3.0	14
2018105462	2025-03-16	4	230.0	1.0	1.0	1	1400	1	35.3	5.0	13
2018105462	2025-03-29	8	0.0	0.9	1.0	1	1600	0	34.3	5.0	8
2018105462	2025-08-17	5	155.0	0.7	0.0	1	2200	0	36.6	5.0	9
2018105462	2025-10-26	11	0.0	1.6	3.0	1	2000	2	36.7	5.0	16
2018105462	2025-12-21	5	155.0	0.3	3.0	1	2000	2	35.6	3.0	10
2018105462	2026-01-18	12	0.0	1.2	0.0	1	2200	0	34.3	3.0	16
2018105996	2020-12-20	2	280.0	0.1	0.0	0	1800	0	37.7	0.0	13
2018105996	2021-05-02	2	200.0	0.3	2.0	0	1800	3	39.5	1.0	15
2018105996	2021-05-30	4	77.0	2.5	0.0	0	1800	0	39.2	1.0	14
2018105996	2021-06-26	2	200.0	0.2	1.0	0	1800	0	37.5	1.0	15
2018105996	2022-03-27	12	0.0	2.1	0.0	0	1800	3	39.7	2.0	14
2018105996	2022-04-16	11	0.0	2.3	0.0	1	2000	2	40.0	2.0	16
2018105996	2022-04-30	10	0.0	2.1	0.0	0	1700	1	39.7	2.0	10
2018105996	2022-07-03	5	77.0	1.2	0.0	0	1700	0	38.5	2.0	13
2018105996	2022-07-17	8	0.0	1.0	0.0	0	1700	0	38.0	2.0	15
2018105996	2022-08-21	7	0.0	1.1	0.0	0	1700	0	37.8	2.0	13
2018105996	2022-08-27	2	440.4	0.1	1.0	0	1700	0	37.5	5.0	14
2018105996	2022-10-15	9	0.0	2.5	0.0	0	1800	0	42.6	2.0	13
2018105996	2022-10-30	2	310.0	0.2	1.0	0	1800	2	38.1	2.0	13
2018105996	2022-12-04	5	77.0	1.3	0.0	0	1800	0	38.2	2.0	11
2018105996	2022-12-10	6	0.0	0.7	0.0	0	1800	0	37.3	2.0	9
2018105996	2023-01-21	7	0.0	0.4	0.0	1	2000	2	36.1	5.0	15
2018105996	2023-02-05	12	0.0	2.6	0.0	0	2400	0	40.0	2.0	12
2018105996	2023-02-18	2	449.4	0.1	2.0	0	1700	2	37.0	5.0	12
2018105996	2023-03-12	14	0.0	3.2	1.0	0	1800	0	42.0	2.0	14
2018105996	2023-03-25	3	200.0	1.0	1.0	0	1800	3	37.1	2.0	10
2018105996	2023-05-06	1	800.0	0.0	1.0	0	1800	2	36.5	2.0	8
2018105996	2023-07-22	7	0.0	1.3	0.0	0	1700	0	39.9	2.0	14
2018105996	2023-09-02	2	320.0	0.4	1.0	0	1700	2	38.4	2.0	13
2018105996	2023-09-23	9	0.0	2.1	0.0	0	1800	2	37.8	2.0	11
2018105996	2023-11-04	4	120.0	0.8	1.0	0	1700	0	38.6	2.0	13
2018105996	2023-11-25	1	800.0	0.0	0.0	0	1800	0	38.6	2.0	14
2018105996	2023-12-28	15	0.0	2.3	0.0	0	1800	0	40.8	3.0	16
2018105996	2024-01-20	7	0.0	1.3	3.0	0	1700	2	36.6	5.0	13
2018105996	2024-02-24	2	630.4	0.4	0.0	0	1700	1	37.9	5.0	16
2018105996	2024-04-07	2	628.2	0.0	0.0	0	1700	0	37.9	5.0	13
2018105996	2024-04-28	9	0.0	1.0	0.0	0	1800	0	37.6	5.0	14
2018105996	2024-07-21	7	0.0	2.4	0.0	0	1700	0	39.6	5.0	8
2018105996	2024-08-25	5	155.0	0.4	0.0	0	1700	0	38.3	3.0	13
2018105996	2024-11-10	14	0.0	4.0	0.0	0	1700	0	42.4	3.0	15
2018105996	2024-11-23	11	0.0	3.0	1.0	0	1800	0	40.0	5.0	13
2018105996	2025-02-23	11	0.0	2.2	0.0	0	2100	0	37.2	3.0	14
2018105996	2025-03-09	4	170.0	0.5	0.0	1	1600	2	36.7	3.0	16
2018105996	2025-04-05	1	1140.0	0.0	0.0	1	1600	0	33.9	3.0	13
2018105996	2025-05-04	10	0.0	2.1	0.0	1	2000	0	35.6	4.0	13
2018105996	2025-07-13	9	0.0	1.6	0.0	1	1800	0	34.2	5.0	12
2018105996	2025-08-23	11	0.0	1.4	0.0	1	2000	0	38.1	4.0	14
2018105996	2025-10-12	8	0.0	0.4	1.0	1	1600	0	34.5	4.0	13
2018105996	2025-11-01	9	0.0	0.8	1.0	1	1600	0	33.3	4.0	12
2018105996	2025-12-28	12	0.0	1.3	0.0	1	1600	0	34.4	4.0	16
2018105996	2026-01-18	7	0.0	0.6	0.0	1	1600	0	33.7	4.0	15
2019100566	2021-12-28	2	280.0	0.0	0.0	1	1600	0	34.3	0.0	17
2019100566	2022-03-13	6	0.0	0.8	1.0	1	1600	0	36.8	1.0	18
2019100566	2022-03-27	4	78.0	1.3	0.0	0	1400	1	39.4	1.0	16
2019100566	2022-04-23	9	0.0	1.5	0.0	1	1400	0	36.0	1.0	18
2019100566	2022-05-29	1	520.0	0.0	0.0	0	1200	0	37.0	1.0	16
2019100566	2022-06-12	10	0.0	0.8	0.0	1	1200	0	35.7	2.0	16
2019100566	2022-08-14	2	310.0	0.1	0.0	0	1000	0	35.6	2.0	14
2019100566	2022-09-04	2	310.0	0.2	0.0	0	1000	2	35.8	2.0	10
2019100566	2022-09-17	2	310.0	0.6	1.0	0	1200	0	37.1	2.0	14
2019100566	2022-11-12	1	770.0	0.0	0.0	0	1150	0	36.6	2.0	16
2019100566	2023-01-05	3	290.0	0.3	0.0	0	1200	0	37.8	3.0	15
2019100566	2023-08-13	10	0.0	1.2	0.0	0	1200	0	38.4	5.0	15
2019100566	2023-11-18	16	0.0	2.1	0.0	0	1150	1	38.8	5.0	16
2019100566	2023-12-03	16	0.0	4.2	0.0	0	1200	0	41.4	3.0	16
2019100566	2024-02-24	6	0.0	0.7	0.0	0	1200	2	36.5	3.0	16
2019100566	2024-03-10	5	114.0	0.8	0.0	0	1200	0	36.6	3.0	13
2019100566	2024-04-13	10	0.0	0.7	0.0	0	1200	0	35.7	5.0	15
2019100566	2024-11-17	10	0.0	1.7	1.0	0	1200	0	36.9	3.0	16
2019100566	2024-12-01	11	0.0	1.2	0.0	0	1400	0	36.9	3.0	16
2019100566	2025-01-25	8	0.0	1.2	0.0	0	1400	0	37.1	3.0	16
2019100566	2025-02-16	3	290.0	0.4	1.0	0	1200	2	36.5	3.0	16
2019100566	2025-03-16	6	0.0	0.6	3.0	0	1400	1	37.3	3.0	12
2019100566	2025-04-12	12	0.0	1.1	1.0	0	1200	0	37.2	3.0	16
2019100566	2025-06-14	7	0.0	1.9	3.0	0	1200	1	36.9	5.0	16
2019100566	2025-07-19	6	0.0	0.6	0.0	0	1150	0	36.8	5.0	16
2019100566	2025-08-30	7	0.0	0.8	0.0	0	1200	0	36.1	5.0	16
2019100566	2025-10-18	4	170.0	0.7	1.0	0	1400	2	35.9	3.0	12
2019100566	2025-11-01	4	170.0	0.1	1.0	0	1400	1	35.2	3.0	14
2019100566	2025-11-24	11	0.0	1.9	0.0	0	1400	0	37.9	3.0	15
2019100566	2026-01-18	8	0.0	0.7	0.0	0	1400	0	37.1	5.0	16
2019100792	2021-08-15	4	110.0	0.7	1.0	1	2000	0	36.2	0.0	7
2019100792	2022-01-23	5	52.0	1.1	1.0	1	2200	0	36.9	1.0	11
2019100792	2022-02-13	5	52.0	1.0	2.0	1	2000	2	36.6	1.0	11
2019100792	2022-02-27	1	520.0	0.0	0.0	1	2000	0	36.3	1.0	13
2019100792	2022-04-16	4	150.0	1.4	0.0	1	2000	2	36.0	2.0	9
2019100792	2022-05-07	3	505.0	0.1	0.0	1	2000	0	34.3		15
2019100792	2022-09-17	2	310.0	0.2	0.0	1	2000	0	34.5	2.0	12
2019100792	2022-10-08	1	770.0	0.0	1.0	1	2000	0	33.3	2.0	16
2019100792	2022-11-05	2	440.0	0.6	0.0	1	2000	0	33.3	3.0	10
2019100792	2022-11-27	3	385.0	0.1	0.0	1	2000	0	33.1	3.0	14
2019100792	2023-01-05	4	170.0	0.9	0.0	1	2000	0	35.3	3.0	14
2019100792	2023-01-29	2	460.0	0.0	0.0	1	2000	0	33.0	3.0	11
2019100792	2023-02-18	4	170.0	0.4	0.0	1	1800	0	33.7	3.0	12
2019100792	2023-05-06	3	393.0	0.1	0.0	1	2000	0	33.7	5.0	9
2019100792	2023-06-10	2	627.8	0.1	0.0	1	1800	0	34.7	5.0	13
2019100792	2023-07-01	1	1568.9	0.0	0.0	1	1800	0	35.2	5.0	9
2019100792	2023-07-29	5	184.0	0.5	1.0	1	2000	0	34.6	4.0	16
2019100792	2023-08-26	1	1879.2	0.0	0.0	1	2000	0	35.6	4.0	14
2019100792	2023-10-15	6	0.0	1.0	1.0	1	2000	1	33.0		15
2019100792	2023-11-18	2	1110.2	0.3	0.0	1	2000	2	34.8		16
2019100792	2024-01-06	3	1108.6	0.2	0.0	1	2000	0	34.6		17
2019100792	2024-02-25	5	670.0	0.7	2.0	1	1800	2	36.6		16
2019100792	2024-05-05	7	0.0	0.8	0.0	1	2000	0	34.1		16
2019100792	2024-07-14	9	0.0	1.1	0.0	1	2000	0	35.8		16
2019100792	2025-01-26	9	0.0	0.9	0.0	1	2200	0	36.2		18
2019100792	2025-03-29	5	670.0	0.1	1.0	1	2500	2	36.4		15
2019100792	2025-05-11	1	2821.7	0.0	0.0	1	2400	0	34.5		10
2019100792	2025-06-01	3	1418.4	0.5	1.0	1	2500	0	34.8		18
2019100792	2025-09-13	3	1107.5	0.2	1.0	1	2000	0	35.0		15
2019100792	2026-01-18	11	0.0	1.1	0.0	1	2400	0	34.2		13
2019101612	2022-01-09	1	600.0	0.0	0.0	1	2000	0	34.3	0.0	11
2019101612	2022-02-26	7	0.0	1.1	0.0	1	2200	0	35.4		8
2019101612	2022-03-27	8	0.0	7.5	0.0	1	2200	1	43.2	2.0	8
2019101612	2022-07-17	12	0.0	1.6	0.0	0	1700	0	39.7	2.0	15
2019101612	2023-03-18	3	200.0	0.7	1.0	1	1400	1	36.3	2.0	18
2019101612	2023-04-23	5	80.0	0.7	0.0	1	1400	0	35.3	2.0	18
2019101612	2023-05-21	10	0.0	1.6	0.0	1	1400	0	37.8	2.0	16
2019101612	2023-11-04	6	0.0	1.1	1.0	1	1800	0	37.4	2.0	14
2019101612	2023-12-16	7	0.0	1.1	1.0	1	1800	2	34.9	2.0	10
2019101612	2024-01-06	1	800.0	0.0	1.0	1	1800	0	35.9	2.0	17
2019101612	2024-02-04	5	114.0	0.9	1.0	1	2000	0	36.4	3.0	7
2019101612	2024-03-02	1	1569.6	0.0	1.0	1	2000	2	36.4	5.0	8
2019101612	2024-04-07	12	0.0	1.1	0.0	1	2000	0	35.6	4.0	16
2019101612	2025-04-06	16	0.0	4.7	0.0	1	2000	0	38.5	4.0	16
2019101612	2025-08-02	15	0.0	1.2	0.0	1	2000	0	35.8	4.0	16
2019101612	2025-08-23	14	0.0	3.9	0.0	1	2000	0	40.7	4.0	14
2019101612	2025-10-18	11	0.0	13.2	3.0	2	2910	0	14.5	1.0	11
2019101612	2025-11-16	2	340.0	0.5	0.0	2	2750	0	13.2	1.0	11
2019101612	2025-12-07	2	340.0	0.6	0.0	2	2880	0	14.0	1.0	11
2019101612	2026-01-18	1	840.0	0.0	0.0	2	2880	0	13.4	1.0	14
2019101975	2021-12-05	3	180.0	0.6	1.0	1	1200	0	35.4	0.0	14
2019101975	2021-12-19	2	200.0	0.3	0.0	0	1200	2	37.9	1.0	16
2019101975	2022-01-05	5	52.0	1.8	0.0	0	1200	0	39.7	1.0	15
2019101975	2022-02-26	1	520.0	0.0	0.0	0	1200	0	37.4	1.0	15
2019101975	2022-03-27	3	190.0	0.8	0.0	0	1200	2	36.6	2.0	11
2019101975	2022-04-16	3	190.0	0.6	0.0	0	1200	2	37.5	2.0	16
2019101975	2022-09-11	2	250.0	0.3	0.0	0	1200	2	37.0	2.0	12
2019101975	2022-10-10	13	0.0	2.2	1.0	0	1200	3	38.5	2.0	14
2019101975	2022-12-25	2	310.0	0.1	0.0	0	1200	0	36.3	2.0	15
2019101975	2023-01-14	1	800.0	0.0	1.0	0	1200	1	36.1	2.0	14
2019101975	2023-02-12	4	170.0	0.2	0.0	0	1200	0	37.0	3.0	16
2019101975	2023-04-08	8	0.0	0.5	0.0	0	1200	1	36.6	3.0	13
2019101975	2023-04-23	1	1140.0	0.0	0.0	0	1200	0	36.5	3.0	16
2019101975	2023-07-23	14	0.0	1.7	0.0	0	1200	0	37.9	4.0	16
2019101975	2023-12-02	3	464.8	0.4	0.0	0	1200	0	37.1	4.0	16
2019101975	2023-12-17	6	0.0	1.7	0.0	0	1400	2	37.9	4.0	16
2019101975	2024-01-06	7	0.0	1.0	1.0	0	1400	0	38.0	4.0	12
2019101975	2024-02-04	4	330.0	0.2	0.0	0	1200	0	36.0	5.0	16
2019101975	2024-03-31	1	1873.6	0.0	1.0	0	1200	0	36.3	4.0	16
2019101975	2024-04-20	5	220.0	0.7	1.0	0	1200	0	36.3	5.0	13
2019101975	2024-05-04	1	2233.6	0.0	0.0	0	1200	0	36.5	5.0	15
2019101975	2024-11-09	7	0.0	0.5	0.0	0	1200	0	36.8	5.0	16
2019101975	2024-12-08	8	0.0	0.4	0.0	0	1200	0	37.1		15
2019101975	2025-02-23	6	0.0	0.9	1.0	0	1200	0	35.6	5.0	16
2019101975	2025-03-25	12	0.0	4.6	0.0	0	1400	0	44.9		12
2019101975	2025-04-20	7	0.0	0.5	1.0	0	1200	0	36.4		16
2019101975	2025-11-08	10	0.0	0.7	0.0	0	1200	0	36.3	5.0	16
2019101975	2025-12-07	8	0.0	0.4	0.0	0	1200	0	35.7	5.0	16
2019101975	2025-12-28	3	554.9	0.2	0.0	0	1400	0	37.3	5.0	16
2019101975	2026-01-18	3	442.7	0.3	0.0	0	1200	0	37.2	5.0	16
2019102215	2021-11-27	1	700.0	0.0	0.0	1	1600	0	34.9	0.0	13
2019102215	2021-12-12	11	0.0	1.2	0.0	1	1600	0	34.9		18
2019102215	2022-03-21	8	0.0	1.3	0.0	1	1600	0	35.2	2.0	10
2019102215	2022-07-16	7	0.0	1.5	0.0	1	2000	0	35.7	5.0	9
2019102215	2022-07-31	7	0.0	1.5	0.0	1	1800	0	34.8	5.0	17
2019102215	2022-11-19	16	0.0	1.1	0.0	1	1600	0	33.6	2.0	18
2019102215	2023-04-16	4	120.0	0.2	0.0	1	1200	2	36.1	2.0	16
2019102215	2023-05-07	12	0.0	1.1	3.0	1	1400	3	38.6	2.0	16
2019102215	2023-06-11	2	320.0	0.1	1.0	1	1400	2	35.8	2.0	15
2019102215	2023-06-24	5	80.0	0.4	1.0	1	1400	0	34.3	2.0	15
2019102215	2023-07-09	2	452.2	0.8	1.0	1	1400	2	35.0	2.0	18
2019102215	2023-10-08	5	80.0	0.6	2.0	1	1400	0	34.2	2.0	17
2019102215	2023-10-21	4	100.0	0.3	2.0	1	1400	1	35.7	2.0	18
2019102215	2023-11-05	3	200.0	0.2	0.0	1	1400	0	33.8	2.0	17
2019102215	2024-03-09	4	120.0	0.1	0.0	1	1400	0	35.3	2.0	18
2019102215	2024-03-24	6	0.0	1.0	2.0	1	1200	1	35.0	2.0	16
2019102215	2024-04-14	9	0.0	0.6	0.0	1	1600	0	34.4	2.0	17
2019102215	2024-10-06	5	80.0	0.4	0.0	1	1400	0	34.6	2.0	18
2019102215	2024-10-26	4	170.0	0.4	0.0	1	1600	0	33.5	5.0	16
2019102215	2024-12-15	4	120.0	0.2	0.0	1	1600	0	35.3	2.0	16
2019102215	2025-01-05	3	200.0	0.2	0.0	1	1600	0	34.7	2.0	16
2019102215	2025-01-19	3	200.0	0.3	0.0	1	1600	0	34.3	2.0	16
2019102215	2025-03-16	4	120.0	0.6	3.0	1	1600	2	35.6	2.0	16
2019102215	2025-03-30	7	0.0	0.4	1.0	1	1400	0	35.3	2.0	17
2019102215	2025-04-19	7	0.0	0.6	0.0	1	1600	0	33.6	2.0	14
2019102215	2025-05-31	10	0.0	0.6	1.0	1	1600	0	34.7	2.0	18
2019102215	2025-08-09	3	200.0	0.7	0.0	1	1600	0	33.8	2.0	12
2019102215	2025-08-31	6	0.0	1.2	0.0	1	1600	0	34.2	2.0	16
2019102215	2025-11-08	9	0.0	0.6	0.0	1	1200	0	34.4	2.0	16
2019102215	2025-12-21	4	120.0	0.2	3.0	1	1600	2	34.8	2.0	16
2019102215	2026-01-18	1	820.0	0.0	0.0	1	1600	0	34.9	2.0	8
2019103204	2021-07-24	8	0.0	2.7	1.0	0	1700	0	39.3	0.0	12
2019103204	2021-08-07	12	0.0	4.4	0.0	1	1800	0	39.9	1.0	12
2019103204	2021-12-04	6	0.0	1.5	0.0	0	1800	0	40.9	1.0	9
2019103204	2022-07-31	14	0.0	6.0	0.0	0	1700	0	41.6	1.0	14
2019103204	2022-09-06	3	6.3	0.9	1.0	0	1700	2	42.2		9
2019103204	2022-09-20	2	8.4	0.4	0.0	0	1600	1	40.2		12
2019103204	2022-10-12	2	8.4	0.7	0.0	0	1600	1	40.3		11
2019103204	2022-10-25	1	30.0	0.0	0.0	0	1700	0	40.1		10
2019103204	2022-11-10	1	45.0	0.0	0.0	0	1700	2	38.8	5.0	10
2019103204	2022-12-22	1	35.0	0.0	0.0	0	1500	2	39.6	11.0	12
2019103204	2023-01-03	2	36.3	0.1	0.0	0	1500	0	38.2		12
2019103204	2023-01-20	1	35.0	0.0	0.0	0	1500	2	37.9		11
2019103204	2023-02-27	1	60.0	0.0	0.0	0	1700	0	40.0	5.0	11
2019103204	2023-04-08	7	0.0	1.8	1.0	0	1800	2	39.0	2.0	12
2019103204	2023-12-09	4	120.0	0.6	0.0	0	1800	0	40.0	2.0	16
2019103204	2023-12-24	11	0.0	1.7	1.0	0	1800	0	39.9	2.0	16
2019103204	2024-01-20	10	0.0	1.6	2.0	0	1800	0	40.7	2.0	15
2019103204	2024-03-03	6	0.0	1.1	0.0	0	1800	2	38.8	2.0	11
2019103204	2024-03-17	9	0.0	3.2	1.0	0	1800	0	41.3	2.0	10
2019103204	2024-04-14	7	0.0	1.1	0.0	0	1800	0	37.8	2.0	15
2019103204	2024-05-11	9	0.0	2.4	0.0	0	1800	0	38.9	2.0	14
2019103204	2025-04-12	6	0.0	1.0	0.0	0	2400	0	39.7	2.0	14
2019103204	2025-04-27	2	320.0	0.1	0.0	0	1700	0	38.4	2.0	14
2019103204	2025-05-18	6	0.0	1.5	1.0	0	1800	0	40.2	2.0	14
2019103204	2025-06-28	11	0.0	3.6	0.0	0	1700	0	39.0	2.0	15
2019103204	2025-07-26	7	0.0	0.9	2.0	0	1700	0	38.1	2.0	13
2019103204	2025-09-06	10	0.0	1.4	1.0	0	1700	0	39.1	2.0	14
2019103204	2025-09-20	9	0.0	3.8	1.0	0	2400	1	39.9	2.0	11
2019103204	2025-11-24	11	0.0	1.5	0.0	0	1700	0	39.4	2.0	15
2019103204	2025-12-14	10	0.0	4.4	1.0	0	2500	2	43.9	2.0	14
2019103204	2025-12-27	9	0.0	1.7	1.0	0	1800	2	39.3	2.0	16
2019103204	2026-01-18	9	0.0	1.5	0.0	0	1800	0	39.4	2.0	14
2019103588	2021-10-16	1	700.0	0.0	2.0	1	1800	0	33.9	0.0	18
2019103588	2021-11-27	8	0.0	1.2	1.0	1	2000	0	36.5		10
2019103588	2022-01-10	1	3757.4	0.0	1.0	1	1600	0	34.7		16
2019103588	2022-04-10	16	0.0	1.1	0.0	1	1600	0	34.1		18
2019103588	2022-05-22	11	0.0	1.5	0.0	1	2400	0	34.5		17
2019103588	2022-09-10	3	936.1	0.1	0.0	1	2000	0	34.6		12
2019103588	2022-10-16	10	0.0	0.8	0.0	1	2000	0	33.9		16
2019103588	2022-11-13	2	4331.0	0.3	1.0	1	2200	1	35.5		18
2019103588	2023-03-25	4	1000.0	1.5	1.0	1	2500	3	36.9		12
2019103588	2023-05-28	9	0.0	0.6	1.0	1	2500	0	34.1		18
2019103588	2023-06-25	17	0.0	1.5	1.0	1	2200	0	36.4		17
2019103588	2023-10-14	3	1413.0	0.1	0.0	1	1800	0	33.0		13
2019103588	2023-11-12	4	2000.0	0.3	1.0	1	2200	0	34.2		15
2019103588	2023-12-24	13	0.0	0.9	0.0	1	2500	0	34.9		16
2019103588	2024-04-06	10	0.0	1.2	1.0	1	1600	0	34.2		11
2019103588	2024-05-12	14	0.0	1.9	1.0	1	1600	0	35.8		15
2019103588	2024-10-14	13	0.0	1.0	0.0	1	1800	0	34.1		15
2019103588	2024-11-10	6	0.0	0.5	1.0	1	2200	0	33.9		17
2019103588	2025-01-26	5	620.0	0.6	0.0	1	2200	0	36.3		18
2019103588	2025-03-16	8	0.0	1.8	2.0	1	2000	1	37.8		10
2019103588	2025-04-20	8	0.0	1.0	1.0	1	1800	0	34.4		16
2019103588	2025-08-03	4	570.0	0.3	0.0	1	1800	0	34.6		14
2019103588	2025-10-12	4	830.0	0.1	1.0	1	1800	0	32.3		16
2019103588	2025-11-16	3	3349.8	0.4	0.0	1	2200	0	34.2		16
2019103588	2026-01-18	12	0.0	1.2	0.0	1	2400	0	34.0		13
2019103634	2021-06-13	8	0.0	2.5	1.0	1	1800	0	36.5	0.0	8
2019103634	2021-10-10	1	510.0	0.0	1.0	0	1600	0	37.7	1.0	15
2019103634	2021-11-07	11	0.0	3.5	0.0	0	1800	0	41.8	2.0	13
2019103634	2022-07-30	11	0.0	2.3	0.0	0	1700	0	38.9	2.0	14
2019103634	2022-08-14	10	0.0	2.0	1.0	0	1700	2	40.4	2.0	14
2019103634	2022-11-05	10	0.0	0.9	0.0	0	1300	0	37.6	2.0	16
2019103634	2022-12-04	5	77.0	0.4	0.0	0	1200	0	36.5	2.0	16
2019103634	2022-12-17	6	0.0	1.2	1.0	0	1200	0	36.2	2.0	16
2019103634	2023-01-07	9	0.0	0.7	0.0	0	1200	0	37.1	2.0	16
2019103634	2023-03-26	9	0.0	1.1	2.0	0	1400	3	37.8	2.0	16
2019103634	2023-04-16	8	0.0	1.5	0.0	0	1200	1	36.4	2.0	14
2019103634	2024-02-17	13	0.0	1.8	1.0	0	1400	0	37.1	2.0	16
2019103634	2024-08-25	4	120.0	1.1	1.0	2	2850	0	13.5	1.0	8
2019103634	2025-04-27	8	0.0	2.5	0.0	2	2910	0	14.0	1.0	12
2019103634	2025-05-25	11	0.0	6.8	2.0	2	2890	2	13.9	1.0	14
2019103634	2026-01-18	12	0.0	8.4	0.0	2	2880	0	14.0	1.0	14
2019103827	2021-11-14	2	280.0	0.2	0.0	1	1800	0	34.7	0.0	9
2019103827	2021-12-11	4	77.0	0.2	0.0	1	1800	0	34.8	1.0	16
2019103827	2021-12-28	3	130.0	0.6	0.0	1	1800	0	35.6	1.0	16
2019103827	2022-01-15	1	520.0	0.0	0.0	1	2000	0	36.1	1.0	13
2019103827	2022-02-26	2	415.6	0.0	0.0	1	2200	0	35.3	2.0	9
2019103827	2022-03-20	9	0.0	0.9	1.0	1	1800	2	35.0		13
2019103827	2022-04-30	12	0.0	3.6	0.0	1	2400	0	38.2		13
2019103827	2022-07-03	10	0.0	0.9	0.0	1	1800	0	36.4		13
2019103827	2022-07-23	6	0.0	0.8	0.0	1	1800	2	37.0	5.0	14
2019103827	2022-12-10	14	0.0	1.8	0.0	1	1800	0	37.2	2.0	16
2019103827	2023-01-28	3	285.8	0.1	1.0	1	1800	1	36.3	5.0	14
2019103827	2023-02-11	3	285.1	0.1	0.0	1	2000	1	35.5	5.0	12
2019103827	2023-02-26	1	1151.3	0.0	0.0	1	1800	0	35.7	5.0	15
2019103827	2023-07-08	2	628.4	0.2	1.0	1	2000	0	36.1	5.0	13
2019103827	2023-07-23	12	0.0	1.1	0.0	1	1800	0	36.5	5.0	15
2019103827	2023-09-10	7	0.0	0.7	0.0	1	1800	0	34.3	5.0	10
2019103827	2023-10-07	11	0.0	1.4	0.0	1	1800	0	33.6	3.0	12
2019103827	2023-10-29	3	392.4	1.4	0.0	1	2400	0	36.3	5.0	7
2019103827	2023-11-18	9	0.0	1.3	0.0	1	2400	0	36.9	5.0	12
2019103827	2023-12-24	3	394.5	0.0	1.0	1	2500	0	35.1	3.0	14
2019103827	2024-01-14	8	0.0	0.5	0.0	1	2200	0	36.2	3.0	15
2019103827	2024-04-28	2	625.0	0.1	0.0	1	2400	0	34.9	5.0	8
2019103827	2024-05-26	4	230.0	0.4	0.0	1	2400	0	34.2	3.0	11
2019103827	2024-06-16	3	392.3	0.6	0.0	1	2400	0	34.3	5.0	7
2019103827	2024-10-05	5	155.0	0.7	2.0	1	2000	2	34.3	3.0	7
2019103827	2024-10-27	6	0.0	0.8	1.0	1	2400	0	34.7	5.0	7
2019103827	2024-12-01	10	0.0	1.3	0.0	1	2500	0	37.2	3.0	11
2019103827	2025-01-12	5	155.0	1.2	1.0	1	2200	0	36.4	3.0	14
2019103827	2025-02-02	3	290.0	0.1	1.0	1	2000	0	35.9	3.0	10
2019103827	2025-03-22	11	0.0	2.7	0.0	1	2000	0	38.5	5.0	13
2019103827	2025-05-25	4	230.0	0.7	1.0	1	1800	0	34.9	5.0	9
2019103827	2025-06-08	10	0.0	0.8	0.0	1	2000	0	34.9	3.0	12
2019103827	2025-06-21	5	155.0	1.4	0.0	1	2400	0	36.5	5.0	9
2019103827	2025-11-01	7	0.0	0.8	1.0	1	2400	0	34.6	5.0	8
2019103827	2025-11-24	10	0.0	1.8	0.0	1	2400	0	36.2	5.0	12
2019103827	2025-12-28	7	0.0	0.6	0.0	1	2500	0	35.8	3.0	14
2019103827	2026-01-18	13	0.0	1.2	0.0	1	2200	0	33.9	3.0	16
2019104005	2021-06-13	6	0.0	1.2	1.0	1	1800	0	35.2	0.0	8
2019104005	2021-07-18	5	51.0	0.9	0.0	1	1800	0	36.5	1.0	16
2019104005	2021-08-14	7	0.0	1.5	3.0	1	1800	2	34.7	1.0	11
2019104005	2021-09-11	6	0.0	3.1	1.0	0	1800	2	42.4	1.0	16
2019104005	2021-11-14	3	130.0	0.5	0.0	0	1700	0	38.6	1.0	15
2019104005	2021-12-04	4	77.0	1.8	0.0	0	1800	2	39.9	1.0	12
2019104005	2021-12-11	6	0.0	0.7	0.0	0	1800	2	38.5	1.0	15
2019104005	2022-02-06	4	78.0	0.6	0.0	0	2100	0	38.8	1.0	14
2019104005	2022-02-26	4	78.0	2.3	0.0	0	1800	0	40.3	1.0	16
2019104005	2022-05-15	3	130.0	0.4	1.0	0	1600	1	36.7	1.0	14
2019104005	2022-06-04	4	78.0	1.1	0.0	0	1600	2	37.0	1.0	16
2019104005	2022-06-26	1	520.0	0.0	0.0	0	1600	0	37.7	1.0	16
2019104005	2022-10-22	7	0.0	1.6	1.0	0	1600	0	38.1	2.0	13
2019104005	2022-11-06	9	0.0	1.2	0.0	0	1600	0	36.2	2.0	12
2019104005	2022-11-27	8	0.0	1.5	0.0	0	1600	2	37.9	2.0	16
2019104005	2022-12-18	9	0.0	1.6	0.0	0	1800	2	39.7	2.0	15
2019104005	2023-03-18	11	0.0	0.8	3.0	0	1800	1	36.7	2.0	13
2019104005	2023-03-26	4	120.0	0.2	3.0	0	1800	3	38.3	2.0	12
2019104005	2023-04-16	6	0.0	0.8	0.0	0	1800	1	37.7	2.0	10
2019104005	2023-05-14	8	0.0	1.7	1.0	0	2100	2	37.3	2.0	13
2019104005	2023-06-25	6	0.0	0.8	0.0	0	1700	2	37.9	2.0	14
2019104005	2023-07-08	6	0.0	0.8	0.0	0	1700	0	38.8	2.0	11
2019104005	2023-07-29	4	120.0	1.2	1.0	0	1700	0	37.5	2.0	13
2019104005	2023-08-20	9	0.0	1.5	1.0	0	1700	2	38.4	2.0	13
2019104005	2023-09-03	9	0.0	2.0	0.0	0	1700	0	39.0	2.0	14
2019104005	2024-01-13	11	0.0	2.0	1.0	0	1800	0	39.6	2.0	16
2019104005	2024-02-03	8	0.0	0.7	0.0	0	1600	0	37.0	2.0	16
2019104005	2024-02-24	11	0.0	2.5	0.0	0	1800	2	38.6	2.0	12
2019104005	2024-07-28	10	0.0	1.9	1.0	0	1700	3	37.6	2.0	14
2019104005	2024-08-11	4	120.0	0.8	0.0	0	1700	0	38.7	2.0	13
2019104005	2024-08-24	7	0.0	2.3	0.0	0	1700	0	38.4	5.0	10
2019104005	2024-09-01	7	0.0	1.4	0.0	0	1700	1	38.2	2.0	14
2019104005	2024-09-29	5	80.0	0.6	1.0	0	1800	0	38.2	2.0	16
2019104005	2024-10-20	5	80.0	1.0	0.0	0	1600	0	36.4	2.0	12
2019104005	2024-11-10	6	0.0	1.5	1.0	0	1600	0	36.1	2.0	16
2019104005	2024-12-07	5	80.0	1.3	0.0	0	1800	0	37.9	2.0	16
2019104005	2025-01-13	6	0.0	1.6	0.0	0	1800	0	39.3	2.0	14
2019104005	2025-03-22	4	120.0	0.5	0.0	0	1800	2	38.6	2.0	16
2019104005	2025-04-13	3	200.0	0.5	3.0	0	1700	0	38.2	2.0	15
2019104005	2025-04-27	3	200.0	0.4	0.0	0	1700	0	37.5	2.0	14
2019104005	2025-05-24	5	80.0	0.2	1.0	0	1800	0	38.2	2.0	15
2019104005	2025-06-21	9	0.0	1.3	0.0	0	1600	0	36.3	2.0	16
2019104005	2025-07-12	8	0.0	1.0	1.0	0	1700	0	37.8	2.0	15
2019104005	2025-07-20	9	0.0	2.0	0.0	0	1700	0	38.2	2.0	15
2019104005	2026-01-18	14	0.0	4.3	0.0	0	1800	0	41.9	2.0	14
2019104385	2021-09-12	1	150.0	0.0	0.0	1	1000	0	35.1	0.0	7
2019104385	2021-10-03	2	87.5	0.0	0.0	1	1000	0	35.6		10
2019104385	2021-10-17	5	12.5	0.9	0.0	1	1600	1	37.8		12
2019104385	2021-11-28	2	87.5	0.7	0.0	0	1400	3	38.3		11
2019104385	2021-12-14	7	0.0	1.9	0.0	0	1600	3	38.7	18.0	12
2019104385	2022-02-11	6	0.0	2.0	0.0	0	1400	3	38.8		14
2019104385	2022-03-11	5	22.0	1.7	0.0	0	1600	0	40.0		11
2019104385	2022-04-22	8	0.0	1.9	0.0	0	1600	3	39.7		12
2019104385	2022-05-13	5	16.0	0.6	3.0	0	1400	3	36.7		12
2019104385	2022-05-27	3	40.0	0.5	1.0	0	1200	3	36.4		10
2019104385	2022-06-10	1	150.0	0.0	1.0	0	1200	2	36.3		10
2019104385	2022-07-15	2	48.0	0.2	3.0	0	1200	3	36.7	11.0	8
2019104385	2022-08-19	8	0.0	0.8	0.0	0	1200	1	37.1	11.0	10
2019104385	2022-09-08	2	48.0	0.0	1.0	0	1200	0	36.8	11.0	11
2019104385	2022-11-08	2	15.0	0.0	1.0	0	1400	2	36.9	5.0	11
2019104385	2022-11-20	1	62.0	0.0	1.0	0	1500	1	37.3	16.0	12
2019104385	2023-01-08	9	0.0	0.8	0.0	0	1200	0	37.0	2.0	16
2019104385	2023-02-04	8	0.0	0.9	0.0	0	1600	0	36.7	2.0	16
2019104385	2023-03-18	5	80.0	0.1	1.0	0	1400	3	36.7	2.0	13
2019104385	2023-08-12	5	80.0	1.0	0.0	0	1200	0	35.8	2.0	15
2019104385	2023-09-02	1	800.0	0.0	1.0	0	1200	0	36.2	2.0	15
2019104385	2023-10-21	11	0.0	1.4	0.0	0	1400	0	36.0	3.0	14
2019104385	2023-11-05	7	0.0	1.1	0.0	0	1200	0	35.6	3.0	14
2019104385	2024-01-14	4	170.0	0.6	0.0	0	1200	0	35.2	3.0	13
2019104385	2024-02-04	3	290.0	0.6	1.0	0	1300	0	35.3	3.0	16
2019104385	2024-02-24	2	460.0	0.2	0.0	0	1200	2	36.0	3.0	16
2019104385	2024-05-05	7	0.0	0.9	0.0	0	1300	0	35.1	5.0	16
2019104385	2024-06-02	5	155.0	0.6	2.0	0	1400	1	34.4	5.0	16
2019104385	2024-06-23	11	0.0	1.7	1.0	0	1200	3	35.0	3.0	16
2019104385	2024-09-15	4	230.0	0.5	0.0	0	1200	0	36.3	5.0	13
2019104385	2024-09-28	1	1140.0	0.0	1.0	0	1200	0	36.0	3.0	16
2019104385	2024-12-07	5	184.0	0.6	0.0	0	1200	0	35.6	4.0	16
2019104385	2025-01-05	6	0.0	0.3	0.0	0	1200	0	35.1	4.0	16
2019104385	2025-03-01	5	184.0	0.7	0.0	0	1200	0	35.9	4.0	16
2019104385	2025-03-29	6	0.0	0.2	3.0	0	1200	2	35.7	4.0	16
2019104385	2025-06-15	13	0.0	1.5	0.0	0	1200	1	36.3	4.0	16
2019104385	2025-08-17	6	0.0	0.9	0.0	1	1000	0	32.4	4.0	11
2019104385	2025-09-13	5	184.0	0.6	1.0	0	1200	1	35.2	4.0	10
2019104385	2025-11-16	4	280.0	0.8	0.0	0	1400	0	35.6	4.0	14
2019104385	2025-12-28	1	1875.7	0.0	0.0	0	1200	0	35.8	4.0	16
2019104385	2026-01-18	7	0.0	0.5	0.0	0	1200	0	36.2	5.0	16
2019104915	2022-01-16	2	240.0	0.1	0.0	1	1600	0	35.7	0.0	16
2019104915	2022-02-05	2	210.0	0.1	0.0	1	1600	0	35.0	1.0	13
2019104915	2022-04-17	8	0.0	1.3	0.0	1	1600	0	34.4	1.0	17
2019104915	2022-06-11	1	520.0	0.0	1.0	1	1200	0	34.6	1.0	16
2019104915	2022-06-26	4	120.0	0.1	1.0	1	1200	0	35.4	2.0	13
2019104915	2022-08-13	1	770.0	0.0	0.0	1	1200	2	35.0	2.0	16
2019104915	2022-12-03	4	170.0	0.3	1.0	1	1200	0	34.9	3.0	16
2019104915	2022-12-25	5	151.0	0.3	0.0	1	1200	0	34.8	3.0	16
2019104915	2023-01-15	1	1591.3	0.0	1.0	1	1200	2	34.5	5.0	18
2019104915	2023-04-08	5	184.0	0.4	1.0	1	1200	2	33.8	4.0	13
2019104915	2023-07-22	11	0.0	0.9	0.0	1	1400	0	34.5	4.0	18
2019104915	2023-07-30	13	0.0	1.2	0.0	1	1000	0	33.0		18
2019104915	2023-09-02	1	1867.3	0.0	0.0	1	1200	2	34.1	4.0	13
2019104915	2023-11-05	6	0.0	0.3	1.0	1	1200	0	35.3	5.0	16
2019104915	2023-11-26	17	0.0	1.2	0.0	1	1200	0	33.3		18
2019104915	2024-02-11	11	0.0	0.5	0.0	1	1200	0	33.6	5.0	18
2019104915	2024-04-14	12	0.0	0.6	0.0	1	1200	0	32.9		16
2019104915	2024-07-14	7	0.0	0.6	2.0	1	1200	0	34.0	5.0	16
2019104915	2024-11-03	6	0.0	0.4	0.0	1	1200	2	35.5	5.0	16
2019104915	2025-02-16	11	0.0	0.4	0.0	1	1200	0	34.4	5.0	15
2019104915	2025-04-27	3	584.8	0.2	0.0	1	1200	0	34.1	5.0	16
2019104915	2025-05-17	4	350.0	0.5	0.0	1	1200	1	34.3	5.0	11
2019104915	2025-07-12	7	0.0	0.9	1.0	1	1200	0	35.5	5.0	14
2019104915	2025-10-04	7	0.0	0.5	1.0	1	1200	1	34.2		18
2019104915	2025-11-09	9	0.0	0.6	2.0	1	1200	0	34.8	5.0	16
2019104915	2026-01-18	13	0.0	1.4	0.0	0	1200	0	37.6	5.0	16
2019105276	2021-07-04	2	280.0	0.3	1.0	1	1800	0	36.1	0.0	14
2019105276	2021-07-17	1	510.0	0.0	0.0	1	1800	0	35.7	1.0	9
2019105276	2021-10-23	4	260.0	0.5	0.0	1	1800	0	34.3		8
2019105276	2021-12-04	8	0.0	0.4	0.0	1	2000	0	35.8	2.0	15
2019105276	2022-03-12	2	300.0	0.3	0.0	1	2000	0	35.4	2.0	13
2019105276	2022-04-03	2	416.2	0.4	1.0	1	2200	2	35.9	2.0	9
2019105276	2022-06-11	3	274.3	0.1	0.0	1	2600	0	35.5	5.0	11
2019105276	2022-07-02	5	77.0	0.8	1.0	1	2000	2	37.0	2.0	9
2019105276	2022-10-29	5	77.0	0.5	0.0	1	2000	0	35.1	2.0	11
2019105276	2022-11-19	3	190.0	0.0	0.0	1	2000	0	36.4	2.0	16
2019105276	2022-12-28	1	770.0	0.0	0.0	0	1800	0	38.4	2.0	11
2019105276	2023-03-05	6	0.0	0.6	0.0	0	1800	0	38.6	3.0	12
2019105276	2023-04-01	4	230.0	0.9	0.0	1	2500	0	36.9	5.0	11
2019105276	2023-05-06	5	155.0	0.4	1.0	1	2000	0	34.5	5.0	10
2019105276	2023-07-08	6	0.0	0.6	1.0	1	2000	0	36.4	5.0	13
2019105276	2023-10-14	8	0.0	2.6	0.0	2	2850	0	13.2	1.0	14
2019105276	2023-11-05	1	790.0	0.0	1.0	2	2750	0	13.3	1.0	11
2019105276	2024-01-20	1	1350.0	0.0	3.0	2	2860	2	13.1	5.0	12
2019105276	2024-02-24	1	1671.7	0.0	0.0	2	3390	2	13.5	5.0	10
2019105276	2024-06-22	4	440.0	1.7	0.0	2	3110	2	13.4		14
2019105276	2024-10-13	6	0.0	1.7	0.0	2	3110	0	13.3		9
2019105276	2025-02-15	7	0.0	2.3	1.0	2	3390	0	13.4		14
2019105276	2025-03-22	9	0.0	2.5	0.0	2	3350	0	13.6	5.0	14
2019105276	2025-07-12	11	0.0	3.8	1.0	1	2600	0	40.0	5.0	12
2019105276	2026-01-18	16	0.0	2.2	0.0	1	2200	0	35.7	3.0	16
2019107075	2021-09-04	9	0.0	1.5	0.0	1	1500	0	36.8	0.0	12
2019107075	2021-09-18	3	130.0	0.4	3.0	1	1200	1	36.2	1.0	16
2019107075	2021-10-02	4	77.0	0.6	0.0	1	1200	1	35.4	1.0	16
2019107075	2021-10-24	1	510.0	0.0	1.0	1	1200	1	36.3	1.0	17
2019107075	2021-11-14	3	405.1	0.3	0.0	1	1200	0	35.5	5.0	16
2019107075	2021-11-28	8	0.0	0.9	0.0	1	1600	0	34.5	2.0	8
2019107075	2022-01-09	10	0.0	1.1	0.0	1	1200	0	36.3	2.0	12
2019107075	2022-01-22	6	0.0	0.7	0.0	1	1200	0	35.3	2.0	13
2019107075	2022-02-05	4	150.0	0.6	4.0	1	1200	0	35.5	2.0	18
2019107075	2022-02-20	6	0.0	0.6	0.0	1	1200	2	35.7	2.0	16
2019107075	2022-03-13	4	110.0	0.2	0.0	1	1200	0	34.6	2.0	16
2019107075	2022-04-16	2	300.0	0.3	0.0	1	1200	1	34.7	2.0	16
2019107075	2022-04-24	6	0.0	0.3	1.0	1	1200	0	34.6	2.0	16
2019107075	2022-05-07	4	110.0	0.2	1.0	1	1400	0	33.3	2.0	12
2019107075	2022-05-28	3	265.3	0.3	0.0	1	1200	0	34.6	2.0	16
2019107075	2022-06-12	3	190.0	0.3	0.0	1	1400	1	33.4	2.0	17
2019107075	2022-07-09	2	310.0	0.2	2.0	1	1200	0	34.2	2.0	14
2019107075	2022-07-30	2	310.0	0.0	0.0	1	1200	0	33.9	2.0	16
2019107075	2022-08-28	3	190.0	0.4	0.0	1	1500	0	34.7	2.0	14
2019107075	2022-09-04	5	77.0	0.5	0.0	1	1200	0	35.0	2.0	16
2019107075	2022-10-22	8	0.0	0.4	1.0	1	1400	0	34.2	2.0	18
2019107075	2022-11-05	4	160.0	0.3	0.0	1	1200	0	34.1	5.0	16
2019107075	2022-11-20	3	190.0	0.4	1.0	1	1200	0	34.3	2.0	16
2019107075	2022-12-10	3	190.0	0.0	0.0	1	1200	0	32.4	2.0	18
2019107075	2023-01-14	1	800.0	0.0	2.0	1	1200	1	34.2	2.0	18
2019107075	2023-02-04	4	230.0	0.3	0.0	1	1400	0	33.1	3.0	11
2019107075	2023-02-19	6	0.0	0.6	1.0	1	1400	0	32.8	3.0	9
2019107075	2023-03-11	5	114.0	0.6	0.0	1	1200	0	33.1	3.0	16
2019107075	2023-04-08	14	0.0	1.3	1.0	1	1200	0	33.7	5.0	16
2019107075	2023-04-30	11	0.0	1.3	1.0	1	1400	2	34.2	5.0	12
2019107075	2023-05-20	8	0.0	0.3	1.0	1	1400	0	32.9	5.0	9
2019107075	2023-08-12	5	155.0	0.3	0.0	1	1500	0	34.4	5.0	11
2019107075	2023-09-02	9	0.0	0.4	1.0	1	1200	2	34.5	5.0	16
2019107075	2023-09-30	13	0.0	1.0	0.0	1	1200	0	34.4	5.0	16
2019107075	2023-10-15	9	0.0	0.5	1.0	1	1600	1	34.3	5.0	14
2019107075	2023-10-28	9	0.0	0.7	0.0	1	1600	0	32.9	4.0	10
2019107075	2023-11-11	5	114.0	0.2	1.0	1	1600	0	33.1	3.0	8
2019107075	2023-11-25	6	0.0	0.7	0.0	1	1600	0	33.4	3.0	14
2019107075	2023-12-10	1	1140.0	0.0	0.0	1	1600	0	34.2	3.0	11
2019107075	2023-12-28	14	0.0	1.0	0.0	1	1600	0	33.6	4.0	16
2019107075	2024-01-20	10	0.0	0.6	1.0	1	1600	1	34.7	4.0	16
2019107075	2024-02-18	5	184.0	0.7	1.0	1	1600	0	33.5	4.0	12
2019107075	2024-02-24	5	184.0	1.1	0.0	1	1600	2	34.1	4.0	11
2019107075	2024-03-24	9	0.0	0.9	1.0	1	1600	0	33.9	4.0	13
2019107075	2024-05-26	14	0.0	1.8	0.0	0	1600	0	36.0	4.0	16
2019107075	2024-06-15	13	0.0	1.2	1.0	1	1400	0	34.1	4.0	14
2019107075	2024-06-22	5	184.0	0.2	1.0	1	1400	0	33.1	4.0	17
2019107075	2024-06-29	10	0.0	1.1	0.0	1	1200	0	34.5	4.0	14
2019107075	2024-09-28	15	0.0	2.1	1.0	1	1600	0	36.0	4.0	15
2019107075	2024-10-06	9	0.0	0.3	0.0	1	1400	0	33.6	4.0	16
2019107075	2024-10-20	7	0.0	0.5	0.0	1	1600	0	34.3	4.0	17
2019107075	2024-12-28	5	184.0	0.3	0.0	1	1600	0	35.0	4.0	16
2019107075	2025-01-19	9	0.0	1.4	1.0	1	1600	0	34.7	4.0	12
2019107075	2025-02-09	8	0.0	0.6	0.0	1	1600	2	34.4	4.0	14
2019107075	2025-03-16	6	0.0	0.7	3.0	1	1600	1	38.1		12
2019107075	2025-04-06	4	280.0	0.3	0.0	1	2000	0	35.1	4.0	16
2019107075	2025-04-12	8	0.0	0.6	0.0	1	1600	0	34.1	4.0	14
2019107075	2025-05-04	6	0.0	0.8	0.0	1	2000	0	34.4	4.0	13
2019107075	2025-05-10	15	0.0	0.8	1.0	1	1600	2	33.9	4.0	15
2019107075	2025-06-01	10	0.0	0.6	0.0	1	1400	0	32.8		16
2019107075	2025-08-31	12	0.0	1.4	1.0	1	1500	2	36.5	4.0	13
2019107075	2025-10-19	7	0.0	0.7	2.0	1	1800	0	33.6	4.0	18
2019107075	2025-11-09	12	0.0	1.7	2.0	1	2000	0	34.9	4.0	12
2019107075	2026-01-04	9	0.0	0.6	0.0	1	2000	0	34.2		14
2019107075	2026-01-18	10	0.0	0.7	0.0	1	1600	0	34.1	4.0	15
2020100162	2022-10-30	4	110.0	0.4	1.0	1	1400	2	36.5	0.0	18
2020100162	2022-11-20	6	0.0	1.1	1.0	1	1600	2	35.4	1.0	14
2020100162	2023-04-09	11	0.0	1.8	0.0	1	1400	2	36.0	1.0	18
2020100162	2023-05-20	3	140.0	0.8	0.0	0	1200	0	36.4	1.0	15
2020100162	2023-06-10	1	550.0	0.0	0.0	0	1400	2	36.2	1.0	16
2020100162	2023-09-16	1	800.0	0.0	0.0	0	1400	0	37.8	2.0	16
2020100162	2023-12-03	1	1589.2	0.0	0.0	0	1400	0	37.1	5.0	16
2020100162	2024-02-17	3	465.5	0.2	0.0	0	1400	2	36.5	4.0	16
2020100162	2024-03-17	1	1864.5	0.0	3.0	0	1400	2	36.3	4.0	11
2020100162	2024-05-12	8	0.0	0.5	1.0	0	1400	0	36.3		16
2020100162	2024-06-22	13	0.0	1.6	1.0	0	1400	2	37.4	5.0	16
2020100162	2024-12-01	3	555.1	0.0	0.0	0	1400	0	36.8	5.0	15
2020100162	2025-01-19	3	555.2	0.3	1.0	0	1200	0	36.8	5.0	16
2020100162	2025-02-09	1	2233.6	0.0	0.0	0	1200	2	35.8	5.0	16
2020100162	2026-01-18	8	0.0	0.8	0.0	0	1200	0	36.9	5.0	16
2020100233	2022-10-30	3	180.0	0.1	0.0	1	1800	0	33.7	0.0	14
2020100233	2022-11-27	2	210.0	0.5	0.0	1	2000	0	35.0	1.0	9
2020100233	2022-12-25	8	0.0	1.3	0.0	1	2000	0	37.5	1.0	18
2020100233	2023-02-26	3	140.0	0.1	0.0	1	2000	0	35.8	1.0	18
2020100233	2023-03-18	1	550.0	0.0	2.0	1	2200	1	38.2	1.0	18
2020100233	2023-06-11	2	320.0	0.2	2.0	1	2000	2	35.0	2.0	9
2020100233	2023-06-25	6	0.0	1.5	0.0	1	2000	0	35.5	2.0	11
2020100233	2023-09-02	5	111.0	0.3	1.0	1	2200	0	35.8	5.0	10
2020100233	2023-10-07	5	80.0	1.3	0.0	1	2000	0	34.6	2.0	14
2020100233	2023-10-28	4	120.0	0.4	0.0	1	2000	0	34.7	2.0	10
2020100233	2023-11-25	5	80.0	0.3	1.0	1	2400	0	34.5	2.0	16
2020100233	2024-01-20	2	320.0	0.3	1.0	1	2200	0	35.4	2.0	17
2020100233	2024-02-11	2	320.0	0.1	0.0	1	2400	0	34.0	2.0	10
2020100233	2024-04-13	2	320.0	0.2	0.0	1	2200	0	34.7	2.0	9
2020100233	2024-04-28	2	320.0	0.0	0.0	1	2000	0	34.1	2.0	9
2020100233	2024-07-20	2	447.4	0.2	0.0	1	1800	0	35.1	5.0	10
2020100233	2024-08-10	3	285.4	0.2	0.0	1	1800	0	36.4	5.0	13
2020100233	2024-08-31	14	0.0	1.7	1.0	1	2000	1	37.9	2.0	16
2020100233	2024-10-26	5	80.0	0.6	1.0	1	2000	0	34.2	2.0	10
2020100233	2024-11-17	3	285.4	0.2	0.0	1	2600	0	36.1	5.0	15
2020100233	2025-01-25	1	800.0	0.0	0.0	1	2600	0	35.7	2.0	16
2020100233	2025-02-22	5	155.0	1.0	0.0	1	2600	0	36.0	5.0	13
2020100233	2025-10-11	7	0.0	0.8	3.0	1	2400	0	34.3	5.0	10
2020100233	2025-12-28	12	0.0	1.2	0.0	1	2500	0	36.8	3.0	14
2020100233	2026-01-18	15	0.0	1.8	0.0	1	2200	0	35.4	3.0	16
2020100640	2023-02-12	7	0.0	0.8	0.0	0	1600	1	37.4	0.0	15
2020100640	2023-04-08	4	83.0	0.5	1.0	1	2000	2	37.4	1.0	18
2020100640	2023-04-29	3	140.0	0.4	0.0	1	2000	0	36.6	1.0	16
2020100640	2023-06-18	2	220.0	0.3	0.0	1	2000	0	35.4	1.0	13
2020100640	2023-06-24	5	55.0	0.4	1.0	1	2000	2	36.1	1.0	11
2020100640	2023-07-15	3	140.0	0.1	3.0	1	2000	1	37.2	1.0	8
2020100640	2023-07-30	1	550.0	0.0	1.0	1	2000	0	35.4	1.0	16
2020100640	2023-10-21	3	285.1	0.6	2.0	1	2200	1	36.2	5.0	15
2020100640	2023-11-11	2	449.0	0.7	0.0	1	2000	0	37.0	5.0	12
2020100640	2023-12-03	1	1143.6	0.0	0.0	1	2200	0	34.4	5.0	11
2020100640	2024-01-28	8	0.0	1.4	0.0	1	2000	0	35.1	3.0	11
2020100640	2025-01-11	10	0.0	1.9	0.0	1	2000	0	36.7	5.0	13
2020100640	2025-01-26	14	0.0	1.3	0.0	1	2600	0	36.5	5.0	16
2020100640	2026-01-18	10	0.0	1.1	0.0	1	2200	0	34.7	3.0	16
2020100978	2023-08-19	13	0.0	3.0	0.0	1	2000	0	38.6	1.0	18
2020100978	2024-05-18	2	320.0	0.3	0.0	0	1900	0	36.9	2.0	10
2020100978	2024-06-15	4	120.0	0.8	1.0	0	1800	0	37.6	2.0	14
2020100978	2024-06-29	6	0.0	1.6	0.0	1	2600	0	35.5	5.0	8
2020100978	2025-01-13	11	0.0	2.2	0.0	0	1900	0	40.8	2.0	16
2020100978	2025-01-25	7	0.0	1.0	0.0	0	1800	0	37.3	2.0	15
2020100978	2025-02-16	8	0.0	1.2	1.0	0	1800	2	38.4	2.0	13
2020100978	2025-04-13	6	0.0	1.3	2.0	0	1800	2	38.2	2.0	10
2020100978	2025-04-27	7	0.0	1.3	0.0	0	1800	0	38.1	2.0	12
2020100978	2025-05-18	6	0.0	0.9	0.0	0	1900	1	36.4	2.0	10
2020100978	2025-11-23	10	0.0	1.6	0.0	0	1800	0	36.8	3.0	14
2020100978	2025-12-14	12	0.0	1.8	1.0	0	1800	2	39.6	2.0	15
2020100978	2026-01-18	9	0.0	1.1	0.0	1	2400	0	35.9	2.0	12
2020101323	2023-01-14	7	0.0	1.2	2.0	0	1400	1	39.0	0.0	16
2020101323	2023-01-22	8	0.0	2.0	0.0	0	1400	0	39.3	1.0	15
2020101323	2023-04-15	11	0.0	2.9	1.0	0	1700	0	39.7	1.0	15
2020101323	2023-04-29	10	0.0	1.6	1.0	0	1800	0	39.9	1.0	16
2020101323	2023-05-13	4	83.0	0.6	1.0	0	1900	0	39.0	1.0	10
2020101323	2023-07-04	1	250.0	0.0	0.0	0	1600	0	40.0	11.0	13
2020101323	2023-09-18	10	0.0	3.2	0.0	0	1800	0	40.6	2.0	13
2020101323	2023-10-09	12	0.0	4.1	1.0	0	1900	1	39.9	2.0	13
2020101323	2024-02-18	12	0.0	1.6	0.0	0	2400	0	38.6	2.0	13
2020101323	2024-03-02	6	0.0	0.7	1.0	0	2000	2	38.2	2.0	8
2020101323	2024-04-13	9	0.0	2.0	0.0	1	2400	0	35.3	2.0	12
2020101323	2024-04-27	4	120.0	0.8	1.0	1	2200	0	35.5	2.0	10
2020101323	2024-05-18	12	0.0	2.0	0.0	1	2400	0	37.1	2.0	12
2020101323	2024-06-01	9	0.0	2.1	0.0	1	2200	0	34.5	2.0	9
2020101323	2024-07-27	9	0.0	1.3	1.0	1	2600	0	36.7	5.0	9
2020101323	2024-08-10	10	0.0	2.0	0.0	1	2600	0	37.7	2.0	11
2020101323	2024-08-17	11	0.0	2.6	1.0	1	2000	0	36.4	5.0	12
2020101323	2025-02-23	8	0.0	1.4	1.0	1	2400	0	35.2	2.0	10
2020101323	2025-03-23	7	0.0	1.9	0.0	1	2400	0	34.7	2.0	9
2020101323	2025-04-19	7	0.0	1.8	0.0	1	2400	0	34.6	2.0	10
2020101323	2025-05-03	2	320.0	0.0	0.0	1	2200	2	33.8	2.0	8
2020101323	2025-05-24	6	0.0	0.6	3.0	1	2400	2	35.3	2.0	12
2020101323	2025-06-07	4	120.0	0.7	1.0	1	2200	0	35.0	2.0	10
2020101323	2025-06-21	5	80.0	0.4	0.0	1	2400	0	35.4	2.0	10
2020101323	2025-10-12	5	80.0	0.3	2.0	1	2400	0	33.9	2.0	13
2020101323	2025-11-02	5	80.0	0.3	0.0	1	2200	0	33.8	2.0	16
2020101323	2025-11-23	4	120.0	0.8	0.0	1	2400	0	34.2	2.0	18
2020101323	2025-12-21	6	0.0	0.9	3.0	1	2200	1	36.3	2.0	18
2020101323	2026-01-18	7	0.0	0.9	0.0	1	2400	0	35.9	2.0	12
2020101575	2022-10-22	1	700.0	0.0	0.0	1	1400	0	35.0	0.0	18
2020101575	2023-02-25	9	0.0	1.0	1.0	1	1200	2	36.0	2.0	15
2020101575	2023-03-25	6	0.0	0.3	1.0	1	1400	2	34.5	2.0	10
2020101575	2023-04-29	6	0.0	0.8	1.0	1	1400	0	34.8	2.0	9
2020101575	2023-09-10	9	0.0	1.1	0.0	1	1400	0	33.8	2.0	14
2020101575	2023-10-08	7	0.0	0.6	2.0	1	1400	0	33.8	2.0	17
2020101575	2023-12-16	3	200.0	0.2	1.0	1	1400	2	35.2	2.0	18
2020101575	2024-01-14	9	0.0	0.3	0.0	1	1200	0	35.1	2.0	17
2020101575	2024-03-09	16	0.0	1.1	0.0	1	1400	0	37.1	2.0	18
2020101575	2024-03-23	7	0.0	0.5	1.0	0	1200	3	35.9	2.0	12
2020101575	2024-04-14	1	800.0	0.0	0.0	0	1400	0	37.4	2.0	12
2020101575	2024-05-18	5	155.0	0.5	0.0	0	1400	0	37.8	3.0	16
2020101575	2024-06-08	6	0.0	1.1	1.0	0	1400	0	37.8	5.0	11
2020101575	2024-10-06	2	460.0	0.6	0.0	0	1400	0	36.9	3.0	11
2020101575	2024-11-03	2	460.0	0.1	0.0	0	1400	1	37.9	3.0	9
2020101575	2024-12-01	2	460.0	0.2	0.0	0	1400	0	36.5	3.0	16
2020101575	2025-02-02	5	114.0	1.9	1.0	0	1400	2	38.4	3.0	12
2020101575	2025-02-23	5	114.0	0.9	1.0	0	1400	0	38.2	3.0	12
2020101575	2025-03-16	4	170.0	0.3	3.0	0	1400	1	38.2	3.0	12
2020101575	2025-06-08	10	0.0	1.0	2.0	0	1400	0	37.8	5.0	16
2020101575	2025-11-22	12	0.0	1.4	0.0	0	1400	0	38.0	3.0	16
2020101575	2026-01-18	12	0.0	1.2	0.0	0	1400	0	38.1	5.0	16
2020101772	2022-08-27	4	110.0	1.0	1.0	1	1800	0	34.5	0.0	13
2020101772	2022-09-19	4	78.0	0.9	0.0	1	1800	1	36.3	1.0	14
2020101772	2022-10-09	3	130.0	0.3	1.0	1	1600	0	34.9	1.0	12
2020101772	2022-12-18	3	130.0	0.1	0.0	1	1600	2	36.8	1.0	16
2020101772	2023-01-05	1	550.0	0.0	0.0	1	1600	0	35.3	1.0	16
2020101772	2023-03-05	1	780.0	0.0	1.0	1	1600	0	35.1	2.0	9
2020101772	2023-03-19	3	1416.0	0.3	0.0	1	1800	1	36.1		16
2020101772	2023-04-16	4	3000.0	0.5	0.0	1	2000	1	36.7		18
2020101772	2023-05-28	12	0.0	0.8	0.0	1	2400	0	34.3		18
2020101772	2023-09-10	3	393.5	0.4	0.0	1	1800	0	34.0	5.0	10
2020101772	2023-10-15	10	0.0	0.6	1.0	1	1600	1	35.4	5.0	14
2020101772	2023-10-29	6	0.0	0.5	0.0	1	1800	0	33.7	5.0	9
2020101772	2023-11-11	4	170.0	0.1	1.0	1	1600	0	33.4	3.0	8
2020101772	2023-12-10	2	460.0	0.2	0.0	1	1600	0	35.1	3.0	11
2020101772	2024-03-03	8	0.0	2.1	0.0	1	1600	0	37.4	3.0	11
2020101772	2024-03-17	6	0.0	0.9	0.0	1	1600	0	34.4	3.0	8
2020101772	2024-04-13	6	0.0	0.4	0.0	1	1800	0	34.0	5.0	11
2020101772	2024-06-16	4	230.0	0.2	0.0	1	1600	0	34.3	5.0	8
2020101772	2024-07-27	2	629.0	0.3	1.0	1	1500	0	35.1	5.0	14
2020101772	2024-08-10	3	393.8	0.2	0.0	1	1500	0	35.1	5.0	12
2020101772	2024-09-22	3	393.9	0.4	1.0	1	1600	0	34.3	5.0	13
2020101772	2024-10-06	2	625.8	0.0	0.0	1	1600	0	34.7	5.0	8
2020101772	2024-11-17	15	0.0	0.8	0.0	1	1400	0	34.7	3.0	18
2020101772	2024-12-14	4	170.0	0.6	1.0	1	1600	0	34.6	3.0	14
2020101772	2025-01-26	7	0.0	0.6	0.0	1	1400	0	36.2	3.0	13
2020101772	2025-02-08	8	0.0	0.6	0.0	1	1400	0	35.2	3.0	13
2020101772	2025-03-23	2	627.4	0.4	0.0	1	1600	0	35.7	5.0	11
2020101772	2025-04-05	2	460.0	0.2	0.0	1	1600	0	35.1	3.0	13
2020101772	2025-05-31	5	155.0	0.6	2.0	1	1600	1	36.1	5.0	16
2020101772	2025-06-21	8	0.0	0.9	0.0	1	1600	0	35.1	5.0	13
2020101772	2025-07-27	4	230.0	0.6	0.0	1	1600	0	33.3	5.0	11
2020101772	2025-09-21	2	626.0	0.3	1.0	1	1600	0	35.7	5.0	9
2020101772	2025-10-12	11	0.0	0.7	1.0	1	1600	0	35.2	5.0	16
2020101772	2025-12-21	1	1140.0	0.0	3.0	1	1600	1	35.7	3.0	16
2020101772	2026-01-18	15	0.0	1.4	0.0	1	1600	0	36.1	4.0	15
2020102343	2022-10-15	9	0.0	4.3	0.0	0	1800	0	41.7	0.0	11
2020102343	2022-11-27	5	52.0	0.8	0.0	0	1800	2	41.7	1.0	13
2020102343	2022-12-11	3	130.0	0.6	1.0	0	1800	0	40.1	1.0	15
2020102343	2023-01-07	8	0.0	1.2	0.0	0	1900	0	41.3	1.0	13
2020102343	2023-03-25	1	550.0	0.0	1.0	0	1800	1	38.2	1.0	11
2020102343	2023-04-23	7	0.0	2.1	0.0	0	1800	0	40.0	2.0	9
2020102343	2023-08-12	4	120.0	1.1	0.0	0	1700	0	39.4	2.0	16
2020102343	2023-09-02	4	120.0	0.3	0.0	0	1700	2	39.3	2.0	16
2020102343	2023-09-24	7	0.0	2.1	0.0	0	1800	0	39.0	2.0	12
2020102343	2023-12-02	6	0.0	0.9	0.0	0	1800	0	39.3	2.0	10
2020102343	2023-12-16	2	320.0	0.1	1.0	0	1800	1	37.6	2.0	15
2020102343	2024-01-06	2	320.0	0.5	1.0	0	1800	0	37.9	2.0	11
2020102343	2024-02-11	2	320.0	0.1	0.0	0	1700	0	37.1	2.0	13
2020102343	2024-03-03	3	200.0	1.1	1.0	0	1700	2	39.0	2.0	15
2020102343	2024-05-11	1	800.0	0.0	0.0	0	1800	0	37.6	2.0	14
2020102343	2024-06-01	2	626.4	0.2	0.0	0	1800	2	36.3	5.0	10
2020102343	2024-08-17	4	230.0	0.9	0.0	0	1800	0	38.9	5.0	15
2020102343	2024-09-01	4	230.0	0.8	0.0	0	1800	0	38.6	5.0	15
2020102343	2024-12-01	1	1577.3	0.0	0.0	0	1800	0	37.1	5.0	11
2020102343	2024-12-21	11	0.0	1.8	1.0	0	1800	0	38.0	4.0	16
2020102343	2025-03-22	15	0.0	2.6	0.0	0	1800	2	40.8	4.0	16
2020102343	2025-05-18	1	1875.0	0.0	1.0	0	1400	1	35.9	4.0	16
2020102343	2025-06-21	13	0.0	1.3	0.0	0	1400	0	38.3	5.0	16
2020102343	2025-09-06	10	0.0	1.4	0.0	0	1400	2	38.0		14
2020102343	2025-10-26	8	0.0	0.5	2.0	0	1400	3	35.4	5.0	16
2020102343	2026-01-18	5	220.0	0.5	0.0	0	1200	0	37.0	5.0	16
2020102607	2022-11-19	6	0.0	1.0	0.0	1	1800	0	35.4	0.0	11
2020102607	2023-02-19	12	0.0	1.0	1.0	1	1800	0	35.2	1.0	16
2020102607	2023-03-04	2	220.0	1.5	0.0	0	1800	0	38.8	1.0	16
2020102607	2023-05-07	3	140.0	0.6	3.0	0	1800	3	38.4	1.0	14
2020102607	2023-05-20	2	220.0	0.1	0.0	0	1800	0	39.1	1.0	13
2020102607	2023-07-09	4	83.0	0.2	1.0	0	1700	0	39.6	1.0	15
2020102607	2023-07-23	1	550.0	0.0	0.0	0	1700	0	38.2	1.0	14
2020102607	2023-10-14	2	320.0	0.2	0.0	0	1800	0	38.7	2.0	13
2020102607	2023-10-28	2	320.0	0.2	2.0	0	1800	1	37.8	2.0	13
2020102607	2023-11-19	2	320.0	0.0	0.0	0	1700	1	38.4	2.0	15
2020102607	2024-02-04	3	200.0	0.5	1.0	0	1600	0	37.2	2.0	15
2020102607	2024-02-25	3	200.0	0.0	2.0	0	1800	2	39.5	2.0	10
2020102607	2024-03-10	2	320.0	0.0	0.0	0	1800	0	38.9	2.0	10
2020102607	2024-09-15	3	200.0	0.9	0.0	0	1800	0	39.0	2.0	16
2020102607	2024-10-06	6	0.0	0.7	1.0	0	1600	1	37.4	2.0	16
2020102607	2024-12-01	3	200.0	0.7	0.0	0	1800	0	38.2	2.0	12
2020102607	2025-01-11	4	120.0	0.6	0.0	0	1800	2	40.3	2.0	13
2020102607	2025-02-02	7	0.0	1.1	3.0	0	2100	2	39.8	2.0	14
2020102607	2025-04-12	3	200.0	0.6	1.0	0	1700	0	39.3	2.0	14
2020102607	2025-05-17	2	320.0	0.1	1.0	0	1600	3	36.9	2.0	14
2020102607	2025-06-07	3	200.0	0.3	0.0	0	1600	0	37.0	2.0	16
2020102607	2025-09-06	1	800.0	0.0	0.0	0	1800	2	37.1	2.0	7
2020102607	2025-09-21	7	0.0	0.7	1.0	0	1800	0	39.2	3.0	16
2020102607	2025-12-07	7	0.0	1.4	0.0	0	1800	0	39.7	5.0	16
2020102607	2026-01-18	6	0.0	1.5	0.0	0	1800	0	40.1	3.0	16
2020102734	2023-05-07	2	220.0	0.8	1.0	0	1400	0	37.8	1.0	16
2020102734	2023-05-27	3	140.0	0.4	0.0	0	1600	0	37.1	1.0	16
2020102734	2023-06-18	3	140.0	0.3	0.0	0	1600	0	38.9	1.0	16
2020102734	2023-07-09	3	140.0	0.2	1.0	0	1700	0	39.5	1.0	15
2020102734	2023-07-29	2	220.0	0.1	0.0	1	1400	0	35.6	1.0	17
2020102734	2023-08-20	3	140.0	0.2	0.0	1	1400	0	35.6	1.0	18
2020102734	2023-10-09	1	800.0	0.0	3.0	1	1400	1	35.1	2.0	16
2020102734	2023-10-29	4	120.0	0.5	1.0	1	1400	3	36.8	2.0	18
2020102734	2024-01-21	2	320.0	0.1	3.0	0	1200	3	36.7	2.0	16
2020102734	2024-02-17	3	200.0	0.4	1.0	0	1400	0	36.7	2.0	16
2020102734	2024-03-16	1	800.0	0.0	0.0	0	1400	0	38.6	2.0	16
2020102734	2024-04-20	2	460.0	0.1	1.0	1	1400	0	34.1	3.0	10
2020102734	2024-05-18	2	627.6	0.0	0.0	1	1400	0	33.6	5.0	12
2020102734	2024-06-16	9	0.0	1.1	0.0	1	1400	0	34.2	5.0	12
2020102734	2024-10-13	9	0.0	1.3	0.0	0	1300	0	36.9	5.0	11
2020102734	2024-11-17	5	114.0	0.4	0.0	1	1400	0	33.9	3.0	18
2020102734	2024-12-08	12	0.0	0.5	0.0	1	1600	0	35.5	3.0	16
2020102734	2025-01-11	6	0.0	0.6	0.0	1	1600	0	34.4	3.0	10
2020102734	2025-02-08	12	0.0	1.7	0.0	1	1400	0	36.1	3.0	13
2020102734	2025-07-06	3	393.5	0.2	0.0	1	1200	2	34.3	5.0	11
2020102734	2025-07-27	1	1566.8	0.0	1.0	1	1500	2	35.2	5.0	8
2020102734	2025-08-31	6	0.0	0.8	1.0	1	1500	2	36.4	4.0	13
2020102734	2025-10-04	12	0.0	1.0	2.0	1	1400	0	35.0	4.0	15
2020102734	2025-11-15	14	0.0	1.4	0.0	1	1400	0	34.7	4.0	18
2020102734	2025-12-28	9	0.0	0.8	0.0	0	1200	0	37.6	4.0	16
2020102734	2026-01-18	13	0.0	1.4	0.0	1	1600	0	35.2	4.0	15
2020102959	2022-12-17	1	700.0	0.0	2.0	0	1800	0	38.0	0.0	9
2020102959	2023-02-26	16	0.0	3.6	0.0	0	1700	2	40.5	2.0	16
2020102959	2023-05-13	10	0.0	1.7	2.0	0	2100	2	37.7	2.0	15
2020102959	2023-07-16	5	80.0	1.5	0.0	0	1900	0	40.3	2.0	13
2020102959	2023-09-18	7	0.0	2.2	0.0	0	1800	0	40.4	2.0	13
2020102959	2023-10-09	8	0.0	3.2	1.0	0	1900	1	40.4	2.0	13
2020102959	2023-12-24	7	0.0	1.4	0.0	0	1800	0	39.8	2.0	11
2020102959	2024-01-07	6	0.0	1.3	0.0	0	1900	0	38.9	2.0	13
2020102959	2024-03-17	6	0.0	1.7	1.0	0	1800	0	39.2	2.0	10
2020102959	2024-04-13	7	0.0	1.4	0.0	0	1700	0	39.6	2.0	15
2020102959	2024-05-05	6	0.0	1.3	0.0	0	1800	0	38.1	2.0	15
2020102959	2024-12-14	11	0.0	1.3	0.0	0	1800	0	39.2	2.0	16
2020102959	2025-01-13	9	0.0	1.2	0.0	0	1900	0	40.3	2.0	16
2020102959	2025-03-29	8	0.0	2.3	0.0	0	1800	2	40.5	2.0	14
2020102959	2025-04-13	10	0.0	2.5	2.0	0	1800	2	39.7	2.0	10
2020102959	2025-06-29	15	0.0	2.0	0.0	0	1700	0	40.0	2.0	16
2020102959	2025-09-27	10	0.0	2.1	0.0	0	1800	0	38.7	2.0	13
2020102959	2025-10-13	6	0.0	1.2	1.0	0	1900	0	38.6	2.0	13
2020102959	2026-01-12	11	0.0	1.5	0.0	0	1900	0	38.1	2.0	15
2020102959	2026-01-18	11	0.0	1.9	0.0	0	1900	0	39.4	2.0	11
2020103025	2022-10-23	1	700.0	0.0	0.0	1	1800	0	33.5	0.0	11
2020103025	2022-12-10	2	418.0	0.1	0.0	1	2000	0	35.1	2.0	13
2020103025	2023-01-14	4	120.0	0.7	2.0	1	2200	1	35.8	2.0	6
2020103025	2023-02-18	3	273.8	0.4	1.0	1	1800	0	33.3	2.0	12
2020103025	2023-03-25	4	600.0	0.4	1.0	1	1800	0	35.0		13
2020103025	2023-04-15	6	0.0	0.2	3.0	1	1600	1	34.1		18
2020103025	2023-09-23	1	800.0	0.0	0.0	1	1800	0	33.6	2.0	13
2020103025	2023-10-29	3	392.9	0.4	0.0	1	1800	0	33.2	5.0	9
2020103025	2023-12-02	2	460.0	0.2	0.0	1	1800	0	34.5	3.0	10
2020103025	2024-01-14	6	0.0	0.4	0.0	1	1800	0	34.7	5.0	11
2020103025	2024-01-28	1	1140.0	0.0	0.0	1	2000	0	33.4	3.0	11
2020103025	2024-04-27	4	280.0	0.5	1.0	1	2000	0	34.7	4.0	13
2020103025	2024-05-26	2	746.8	0.1	0.0	1	1800	0	34.4	4.0	10
2020103025	2024-06-22	8	0.0	0.7	0.0	1	1800	0	33.4	4.0	13
2020103025	2024-08-10	1	1859.6	0.0	0.0	1	2000	0	34.9	4.0	8
2020103025	2024-10-06	6	0.0	0.3	0.0	1	2400	0	34.3		11
2020103025	2024-11-10	7	0.0	0.6	0.0	1	2000	0	37.3		16
2020103025	2024-12-07	10	0.0	1.3	1.0	1	2000	0	35.7		18
2020103025	2025-09-13	13	0.0	1.2	1.0	1	2000	0	35.5		15
2020103025	2025-10-25	5	280.0	0.3	1.0	1	1800	0	33.5		10
2020103025	2025-11-15	9	0.0	0.8	0.0	1	2000	0	35.3		16
2020103025	2025-12-21	9	0.0	1.2	1.0	1	1800	1	35.5		16
2020103025	2026-01-18	5	570.0	0.5	0.0	1	2400	0	34.3		13
2020103066	2022-09-18	2	280.0	0.1	3.0	1	1200	0	34.1	0.0	16
2020103066	2022-10-08	1	520.0	0.0	1.0	1	1400	2	34.0	1.0	16
2020103066	2023-03-18	4	120.0	0.5	3.0	1	1600	1	36.6	2.0	12
2020103066	2023-04-15	18	0.0	2.9	3.0	1	1600	1	36.9		18
2020103066	2023-06-11	1	800.0	0.0	1.0	1	1600	2	33.6	2.0	13
2020103066	2024-01-08	14	0.0	5.0	0.0	1	1600	0	38.0	3.0	15
2020103066	2024-01-28	4	170.0	0.6	0.0	1	2000	0	34.0	3.0	11
2020103066	2024-02-17	4	170.0	0.4	1.0	1	1800	0	33.4	3.0	11
2020103066	2024-03-16	6	0.0	0.6	0.0	1	2000	0	34.8	5.0	11
2020103066	2024-05-11	7	0.0	1.0	0.0	1	2000	0	33.7	5.0	11
2020103066	2024-06-08	4	230.0	0.6	0.0	1	1600	0	33.8	5.0	12
2020103066	2024-08-03	3	392.7	0.0	0.0	1	2000	0	32.6	5.0	8
2020103066	2024-08-31	5	155.0	0.4	1.0	1	2000	2	35.4	5.0	12
2020103066	2024-11-09	4	170.0	0.1	0.0	1	1600	0	33.0	3.0	12
2020103066	2024-12-08	1	1140.0	0.0	0.0	1	1600	0	35.0	3.0	16
2020103066	2025-02-16	11	0.0	0.4	1.0	1	1600	0	33.6	4.0	16
2020103066	2025-03-15	5	184.0	0.2	1.0	1	1600	0	34.6	4.0	13
2020103066	2025-05-18	2	750.6	0.1	1.0	1	1800	0	34.5	4.0	16
2020103066	2025-06-01	7	0.0	0.8	0.0	1	1800	0	34.5	4.0	18
2020103066	2025-08-10	7	0.0	0.5	3.0	1	1800	1	34.0	4.0	14
2020103066	2025-10-19	13	0.0	1.2	2.0	1	1800	0	34.0	4.0	18
2020103066	2025-12-28	13	0.0	1.5	0.0	1	1600	0	34.6	4.0	16
2020103066	2026-01-18	9	0.0	0.7	0.0	1	1600	0	34.1	4.0	15
2020103241	2022-11-12	2	280.0	0.3	0.0	1	1600	0	34.6	0.0	13
2020103241	2022-12-03	5	52.0	0.5	0.0	1	1600	0	34.6	1.0	11
2020103241	2023-01-28	3	140.0	0.6	5.0	1	1800	1	37.0	1.0	10
2020103241	2023-04-30	1	550.0	0.0	1.0	1	1400	2	34.5	1.0	18
2020103241	2023-05-27	7	0.0	0.5	0.0	1	1400	0	33.9	2.0	13
2020103241	2023-09-10	2	320.0	0.2	0.0	1	1400	0	34.4	2.0	14
2020103241	2023-10-08	1	800.0	0.0	2.0	1	1400	0	33.8	2.0	17
2020103241	2023-11-11	3	290.0	0.3	1.0	1	1400	2	34.2	3.0	18
2020103241	2024-01-14	2	460.0	0.0	0.0	1	1400	0	34.5	3.0	10
2020103241	2024-03-02	2	460.0	0.1	1.0	1	1400	2	35.1	3.0	13
2020103241	2024-04-07	2	460.0	0.0	0.0	1	1600	0	33.3	3.0	9
2020103241	2024-04-28	4	230.0	0.3	0.0	1	1800	0	34.4	5.0	12
2020103241	2024-07-27	5	155.0	0.7	1.0	1	1600	0	33.2	5.0	18
2020103241	2024-09-14	7	0.0	0.5	0.0	1	1600	0	33.9	5.0	13
2020103241	2024-10-26	3	290.0	0.1	1.0	1	1400	0	34.4	3.0	15
2020103241	2024-11-30	2	629.4	0.1	0.0	1	1600	0	34.4	3.0	13
2020103241	2025-01-18	2	460.0	0.3	0.0	1	1600	0	35.3	3.0	13
2020103241	2025-02-01	4	170.0	0.4	1.0	1	1600	0	34.7	3.0	8
2020103241	2025-03-22	15	0.0	0.8	0.0	1	1400	0	35.2	5.0	17
2020103241	2025-05-18	4	230.0	0.6	1.0	1	1600	0	33.9	3.0	9
2020103241	2025-06-21	6	0.0	0.6	0.0	1	1600	0	34.7	5.0	13
2020103241	2025-08-03	4	230.0	0.3	0.0	1	1600	0	33.4	5.0	8
2020103241	2025-09-14	1	1570.3	0.0	1.0	1	1600	0	33.0	5.0	8
2020103241	2025-10-12	9	0.0	0.4	1.0	1	1600	0	34.2	4.0	13
2020103241	2025-12-28	7	0.0	1.0	0.0	1	1600	0	34.8	4.0	16
2020103241	2026-01-18	11	0.0	1.0	0.0	1	1600	0	35.9	4.0	15
2020103433	2023-01-21	3	160.0	0.2	0.0	0	1800	0	38.4	0.0	16
2020103433	2023-02-18	6	0.0	2.1	1.0	0	1800	0	39.5	1.0	8
2020103433	2023-04-02	4	83.0	0.2	0.0	1	2400	0	34.6	1.0	13
2020103433	2023-04-16	3	140.0	0.1	0.0	1	2200	2	35.9	1.0	18
2020103433	2023-06-11	1	550.0	0.0	2.0	1	2400	2	34.9	1.0	17
2020103433	2023-07-08	4	170.0	0.2	1.0	1	2200	0	35.2	2.0	10
2020103433	2023-09-18	5	111.0	0.8	0.0	1	2400	0	34.6	5.0	14
2020103433	2023-10-15	3	200.0	0.3	1.0	1	2400	1	35.2	2.0	10
2020103433	2025-09-14	7	0.0	1.9	1.0	0	2000	0	39.7	2.0	13
2020103433	2025-10-05	4	120.0	0.1	2.0	0	1800	1	36.2	2.0	14
2020103433	2025-11-09	4	120.0	0.5	3.0	0	1800	1	37.4	2.0	16
2020103433	2025-12-21	1	800.0	0.0	3.0	1	2200	1	35.5	2.0	18
2020103433	2026-01-18	14	0.0	1.3	0.0	1	2200	0	34.5	3.0	16
2020103441	2022-07-16	3	180.0	0.7	0.0	1	1800	0	36.4	0.0	7
2020103441	2022-08-27	1	520.0	0.0	0.0	1	1800	0	35.5	1.0	8
2020103441	2022-09-24	3	402.1	1.3	0.0	1	2000	0	34.6	5.0	7
2020103441	2022-12-10	8	0.0	0.9	0.0	1	2000	0	36.1	2.0	13
2020103441	2023-02-25	5	107.0	1.1	1.0	1	2200	0	35.6	2.0	8
2020103441	2023-03-18	16	0.0	4.3	3.0	1	1800	3	39.7		16
2020103441	2023-07-09	9	0.0	0.8	0.0	1	2000	0	35.2	2.0	11
2020103441	2023-07-22	8	0.0	2.2	0.0	0	1700	0	38.6	2.0	13
2020103441	2024-01-28	5	111.0	0.4	1.0	1	1800	2	35.1	5.0	16
2020103441	2024-02-25	2	320.0	0.0	0.0	1	1800	2	34.6	2.0	10
2020103441	2024-04-20	6	0.0	0.3	0.0	1	1800	0	35.4	2.0	12
2020103441	2024-07-06	11	0.0	1.3	0.0	1	1800	0	37.1	2.0	16
2020103441	2024-09-08	3	200.0	0.2	0.0	1	2000	0	35.1	2.0	11
2020103441	2024-10-06	4	120.0	0.4	0.0	1	1800	0	34.7	2.0	16
2020103441	2024-12-15	6	0.0	0.5	0.0	1	1600	0	35.3	2.0	16
2020103441	2025-03-29	7	0.0	1.1	0.0	1	2000	1	37.2	2.0	15
2020103441	2025-04-27	11	0.0	1.2	0.0	1	1800	0	37.1	2.0	16
2020103441	2025-07-13	9	0.0	0.7	0.0	1	1800	0	34.8	2.0	14
2020103441	2025-08-03	9	0.0	1.1	0.0	1	2000	0	36.2	2.0	11
2020103441	2025-08-23	12	0.0	1.7	0.0	1	1800	2	36.6	2.0	13
2020103441	2025-11-08	11	0.0	1.2	0.0	1	1800	0	35.1	2.0	16
2020103441	2025-11-29	10	0.0	0.6	0.0	1	1800	0	34.3	2.0	18
2020103441	2026-01-18	4	120.0	0.3	0.0	1	1600	0	35.0	2.0	8
2020103473	2022-10-23	8	0.0	0.9	0.0	1	1800	0	34.7	0.0	11
2020103473	2022-11-12	2	210.0	0.0	0.0	1	2000	0	33.7	1.0	11
2020103473	2022-12-11	1	520.0	0.0	0.0	1	1800	0	35.0	1.0	15
2020103473	2023-03-11	1	1098.7	0.0	0.0	1	2400	0	34.6	2.0	12
2020103473	2023-05-06	1	5486.8	0.0	2.0	1	2200	0	33.3		12
2020103473	2023-05-28	11	0.0	0.7	0.0	1	2400	0	33.1		18
2020103473	2023-09-24	1	5491.0	0.0	0.0	1	2400	0	33.1		13
2020103473	2023-10-22	10	0.0	1.2	0.0	1	3000	0	35.1		17
2020103473	2024-01-14	3	1414.2	0.3	0.0	1	2400	0	36.5		14
2020103473	2024-02-17	3	0.0			1	2400	0			11
2020103473	2024-05-26	4	860.0	0.2	0.0	1	2500	0	33.7		13
2020103473	2024-10-06	5	670.0	0.3	0.0	1	2400	0	34.5		11
2020103473	2025-01-19	5	570.0	1.2	0.0	1	2200	0	36.1		16
2020103473	2025-02-16	3	0.0			1	2300	0			8
2020103473	2026-01-18	10	0.0	1.0	0.0	1	2400	0	34.6		13
2020103521	2022-10-02	1	700.0	0.0	0.0	1	1800	0	34.9	0.0	14
2020103521	2022-11-13	1	1049.6	0.0	1.0	1	2000	1	34.7	2.0	9
2020103521	2022-12-28	6	0.0	0.4	0.0	1	2000	0	34.7		18
2020103521	2023-01-15	3	1004.5	0.6	1.0	1	2000	0	34.9		9
2020103521	2023-03-19	6	0.0	0.9	0.0	1	1800	1	36.2		16
2020103521	2023-08-12	2	627.0	0.1	0.0	1	2000	0	33.5	3.0	10
2020103521	2023-09-18	4	810.0	0.6	0.0	1	2200	0	34.3		15
2020103521	2024-01-14	4	230.0	0.4	0.0	1	2000	0	34.3	5.0	13
2020103521	2024-02-04	1	1140.0	0.0	1.0	1	2000	0	35.1	3.0	7
2020103521	2024-03-09	3	463.4	0.1	1.0	1	1800	0	33.7	4.0	10
2020103521	2024-04-07	3	465.1	0.6	0.0	1	2000	0	34.3	4.0	16
2020103521	2024-06-29	2	747.8	0.3	1.0	1	1800	0	36.7	4.0	13
2020103521	2024-07-20	5	184.0	0.6	0.0	1	2000	2	36.3	4.0	12
2020103521	2024-10-12	2	748.6	0.0	0.0	1	1800	0	34.4	4.0	14
2020103521	2024-12-07	2	749.4	0.1	0.0	1	1800	0	34.3	4.0	15
2020103521	2025-01-26	4	280.0	0.4	0.0	1	1800	0	34.3	4.0	12
2020103521	2025-02-15	4	280.0	0.4	0.0	1	2000	0	34.8	4.0	9
2020103521	2025-04-06	7	0.0	0.6	0.0	1	2000	0	35.8	4.0	16
2020103521	2025-06-15	2	750.8	0.2	0.0	1	1600	2	33.9	4.0	18
2020103521	2025-07-13	6	0.0	1.2	0.0	1	2000	0	36.4		15
2020103521	2025-08-17	10	0.0	0.5	0.0	1	1600	0	33.6		12
2020103521	2025-09-27	6	0.0	0.3	0.0	1	1600	0	33.8	4.0	16
2020103521	2025-11-16	3	463.9	0.3	0.0	1	1800	0	33.5	4.0	12
2020103521	2025-12-28	2	607.4	0.3	0.0	1	1600	0	33.9	4.0	16
2020103521	2026-01-18	6	0.0	0.5	0.0	1	1600	0	34.3	4.0	15
2020103577	2023-01-14	1	620.0	0.0	2.0	1	1600	0	35.1	0.0	16
2020103577	2023-03-11	3	200.0	0.2	0.0	1	1600	0	34.6	2.0	10
2020103577	2023-06-11	2	320.0	0.4	1.0	1	1800	2	35.0	2.0	16
2020103577	2023-08-12	5	111.0	0.8	0.0	1	1800	0	36.4	5.0	16
2020103577	2024-02-17	1	800.0	0.0	0.0	1	1800	0	35.4	2.0	12
2020103577	2024-03-10	4	230.0	0.5	0.0	1	1800	0	35.7	5.0	16
2020103577	2024-04-28	2	627.2	0.1	0.0	1	1800	0	34.5	5.0	12
2020103577	2024-05-18	6	0.0	0.6	0.0	1	1800	0	34.3	3.0	9
2020103577	2024-08-24	4	230.0	0.2	0.0	1	1600	0	33.9	5.0	16
2020103577	2024-09-14	1	1578.7	0.0	0.0	1	1600	0	33.4	5.0	13
2020103577	2025-01-19	4	280.0	0.6	1.0	1	1600	0	34.1	4.0	12
2020103577	2025-02-16	5	184.0	0.1	1.0	1	1600	0	33.7	4.0	16
2020103577	2025-04-12	8	0.0	0.6	0.0	1	1600	0	34.4	4.0	14
2020103577	2025-06-15	12	0.0	1.2	0.0	1	1600	2	34.6	4.0	18
2020103577	2025-09-27	4	280.0	0.2	0.0	1	1600	0	34.1	4.0	16
2020103577	2025-11-23	5	184.0	0.4	0.0	1	1600	0	33.7	4.0	17
2020103577	2026-01-18	1	1905.0	0.0	0.0	1	1600	0	34.1	4.0	15
2020103647	2022-06-04	1	700.0	0.0	0.0	1	1600	0	34.3	0.0	9
2020103647	2022-09-03	3	787.0	0.4	0.0	1	1800	0	35.7		14
2020103647	2023-06-10	4	170.0	0.8	1.0	1	2400	0	35.5	5.0	8
2020103647	2024-05-26	3	200.0	0.3	0.0	1	1800	0	33.8	2.0	10
2020103647	2024-06-15	4	170.0	0.7	0.0	1	1800	0	33.7	5.0	9
2020103647	2024-08-25	3	200.0	0.1	1.0	1	1600	0	34.0	2.0	15
2020103718	2022-11-27	5	70.0	0.9	0.0	1	1800	0	33.9	0.0	16
2020103718	2023-01-21	3	140.0	0.4	1.0	1	2000	2	35.8	1.0	13
2020103718	2023-02-12	1	550.0	0.0	0.0	1	1800	0	34.6	1.0	16
2020103718	2023-04-15	4	160.0	0.3	3.0	1	2000	1	37.2	2.0	12
2020103718	2023-06-11	3	200.0	0.2	2.0	1	2000	2	34.5	2.0	9
2020103718	2023-08-13	1	800.0	0.0	0.0	0	1800	0	37.8	2.0	15
2020103718	2025-03-29	9	0.0	2.0	1.0	0	1800	2	38.3	3.0	13
2020103718	2025-07-26	7	0.0	1.7	0.0	0	1800	0	37.6	5.0	15
2020103718	2025-10-13	7	0.0	1.3	1.0	0	1800	0	38.8	5.0	12
2020103718	2025-12-07	3	290.0	1.1	0.0	1	2500	0	34.5	3.0	11
2020103718	2026-01-18	4	180.0	0.5	0.0	1	2200	0	34.1	3.0	16
2020103876	2022-06-12	5	70.0	1.0	0.0	1	1800	0	34.3	0.0	12
2020103876	2022-07-30	2	210.0	0.4	0.0	1	1800	0	34.4	1.0	8
2020103876	2022-08-21	6	0.0	0.5	0.0	1	1800	2	33.7	1.0	9
2020103876	2022-09-17	1	520.0	0.0	0.0	0	1800	0	37.3	1.0	11
2020103876	2022-10-15	2	414.8	1.1	0.0	0	1600	2	38.0	2.0	8
2020103876	2022-12-11	1	750.0	0.0	1.0	0	1800	0	38.7	2.0	14
2020103876	2022-12-28	17	0.0	1.5	0.0	1	2000	0	35.0		18
2020103876	2023-02-19	7	0.0	0.9	0.0	0	1600	0	38.0		14
2020103876	2023-03-25	9	0.0	1.5	1.0	0	1800	3	39.9	5.0	14
2020103876	2024-06-16	6	0.0	0.5	3.0	0	1700	0	38.4	5.0	11
2020103876	2024-06-30	2	625.8	0.3	1.0	0	1700	0	38.0	5.0	9
2020103876	2024-07-21	4	230.0	1.3	0.0	0	1700	0	38.1	5.0	8
2020103876	2024-08-18	13	0.0	1.9	0.0	0	1700	0	39.8	5.0	14
2020103876	2024-10-26	14	0.0	1.9	1.0	0	1800	0	38.7	3.0	15
2020103876	2024-11-16	11	0.0	1.3	1.0	0	1400	0	38.1	3.0	16
2020103876	2024-12-14	4	230.0	0.5	1.0	0	1200	0	36.3	5.0	16
2020103876	2025-01-05	3	290.0	0.5	0.0	0	1200	0	36.3	3.0	16
2020103876	2025-01-19	2	630.8	0.2	0.0	0	1200	0	35.5	5.0	16
2020103876	2025-02-09	3	290.0	0.1	0.0	0	1300	0	36.2	3.0	16
2020103876	2025-05-04	4	170.0	0.6	0.0	0	1300	2	36.1	3.0	16
2020103876	2025-05-25	2	630.0	0.5	2.0	0	1200	2	36.4	5.0	15
2020103876	2025-06-14	4	230.0	1.8	3.0	0	1200	1	36.7	5.0	16
2020103876	2025-08-23	3	394.8	0.3	0.0	0	1200	0	36.3	5.0	15
2020103876	2025-09-07	1	1585.0	0.0	0.0	0	1200	0	36.5	5.0	16
2020103876	2025-09-28	12	0.0	1.1	0.0	0	1200	0	37.6	4.0	16
2020103876	2025-12-13	1	1874.3	0.0	1.0	0	1200	0	36.5	4.0	15
2020103876	2026-01-18	1	2237.1	0.0	0.0	0	1200	0	36.4	5.0	16
2020103901	2023-03-25	18	0.0	4.1	1.0	1	1600	2	36.8	1.0	18
2020103901	2023-04-29	9	0.0	2.7	1.0	0	1400	0	38.9	1.0	15
2020103901	2023-05-30	6	0.0	0.9	3.0	0	1400	3	41.5		12
2020103901	2023-07-15	10	0.0	1.6	1.0	0	1400	2	36.8	1.0	16
2020103901	2023-08-12	4	83.0	1.6	0.0	0	1700	0	38.8	1.0	14
2020103901	2023-08-26	1	550.0	0.0	0.0	0	1700	0	38.1	1.0	14
2020103901	2024-03-09	9	0.0	2.1	1.0	0	1800	0	38.4	2.0	10
2020103901	2024-03-23	9	0.0	1.4	2.0	0	1800	3	37.5	2.0	13
2020103901	2024-04-13	9	0.0	2.4	0.0	0	1800	0	38.3	2.0	12
2020103901	2024-05-05	4	120.0	0.4	0.0	0	1400	0	36.5	2.0	16
2020103901	2024-05-25	12	0.0	1.0	0.0	0	1400	0	37.5	2.0	16
2020103901	2024-07-06	9	0.0	1.2	0.0	0	1700	0	38.7	2.0	16
2020103901	2024-08-08	3	50.0	1.1	0.0	0	1400	2	40.3	5.0	8
2020103901	2024-09-14	7	0.0	1.3	0.0	0	1400	0	37.5	2.0	15
2020103901	2024-11-13	5	18.0	1.3	0.0	0	1500	0	39.1		12
2020103901	2024-11-30	10	0.0	0.7	0.0	0	1400	2	37.3	2.0	15
2020103901	2024-12-14	12	0.0	1.8	1.0	0	1800	0	39.0	2.0	16
2020103901	2025-03-01	10	0.0	1.2	0.0	0	1400	0	37.7	2.0	16
2020103901	2025-03-23	6	0.0	0.3	0.0	0	1800	0	37.0	2.0	16
2020103901	2025-07-26	7	0.0	1.5	0.0	0	1800	0	38.5	2.0	11
2020103901	2025-10-12	7	0.0	0.7	1.0	0	1600	0	36.6	2.0	16
2020103901	2025-11-16	9	0.0	1.2	0.0	0	1600	0	37.8	2.0	16
2020103901	2025-12-14	10	0.0	0.9	1.0	0	1800	2	39.7	2.0	15
2020103901	2026-01-18	7	0.0	1.5	0.0	0	1800	0	39.1	2.0	14
2020105183	2023-02-11	5	55.0	2.0	0.0	1	1800	2	34.8	1.0	16
2020105183	2023-03-11	4	83.0	0.3	0.0	1	1800	0	35.2	1.0	16
2020105183	2023-04-09	3	140.0	0.1	0.0	1	1800	2	37.8	1.0	16
2020105183	2023-05-07	5	55.0	1.3	3.0	1	2000	3	37.3	1.0	10
2020105183	2023-06-03	2	220.0	0.1	1.0	1	2000	3	34.7	1.0	16
2020105183	2023-07-08	2	220.0	0.0	1.0	1	2000	0	34.7	1.0	13
2020105183	2023-07-29	1	550.0	0.0	0.0	1	2000	0	34.6	1.0	15
2020105183	2024-03-02	4	120.0	0.8	1.0	1	1600	2	35.8	2.0	16
2020105183	2024-03-16	6	0.0	0.5	0.0	1	1600	0	34.2	2.0	13
2020105183	2024-04-20	8	0.0	0.4	0.0	1	1800	0	35.4	2.0	12
2020105183	2024-05-11	3	200.0	0.3	0.0	1	1800	0	36.3	2.0	8
2020105183	2024-07-07	5	80.0	0.7	1.0	1	2000	2	37.2	2.0	10
2020105183	2024-07-28	3	200.0	0.3	1.0	1	1800	2	35.0	2.0	10
2020105183	2024-08-18	1	800.0	0.0	0.0	1	2000	0	35.3	2.0	13
2020105183	2024-11-17	6	0.0	0.5	0.0	1	1800	0	35.3	5.0	16
2020105183	2025-01-26	9	0.0	1.4	0.0	1	1800	0	37.4	3.0	10
2020105183	2025-03-16	6	0.0	1.4	3.0	1	1800	1	38.3	5.0	16
2020105183	2025-07-19	13	0.0	1.3	0.0	1	1800	0	35.9	5.0	14
2020105183	2025-08-02	10	0.0	1.3	0.0	1	1800	0	36.3	5.0	14
2020105183	2025-09-15	4	230.0	0.9	1.0	1	1800	0	34.2	3.0	9
2020105183	2025-10-18	4	170.0	0.6	0.0	1	2000	0	34.4	3.0	7
2020105183	2025-11-30	5	155.0	0.6	0.0	1	2000	0	34.3	3.0	9
2020105183	2026-01-18	11	0.0	1.2	0.0	1	2200	0	34.6	3.0	16
2020105185	2023-01-07	3	160.0	0.7	0.0	1	1600	0	35.7	0.0	16
2020105185	2023-01-29	5	55.0	0.7	0.0	1	1600	0	35.0	1.0	16
2020105185	2023-02-25	3	140.0	0.3	1.0	1	2000	0	35.8	1.0	17
2020105185	2023-03-18	2	220.0	0.6	2.0	1	2000	2	37.7	1.0	18
2020105185	2023-04-15	1	550.0	0.0	3.0	1	1800	0	36.3	1.0	16
2020105185	2023-08-20	10	0.0	1.7	1.0	1	2000	2	38.9	2.0	16
2020105185	2023-09-17	5	40.0	0.7	0.0	1	1800	0	35.1	2.0	15
2020105185	2023-10-14	15	0.0	2.3	0.0	1	2000	0	37.2	5.0	15
2020105185	2023-12-23	1	1143.6	0.0	0.0	1	1600	0	34.4	2.0	16
2020105185	2024-01-21	2	460.0	0.0	1.0	1	1600	3	36.6	3.0	12
2020105185	2024-03-03	3	290.0	0.6	0.0	1	1600	0	35.7	3.0	11
2020105185	2024-08-10	4	230.0	0.2	0.0	1	1500	0	35.2	5.0	12
2020105185	2024-09-14	11	0.0	1.1	0.0	1	1600	0	34.7	5.0	13
2020105185	2024-11-17	10	0.0	0.8	0.0	1	1800	0	35.8	5.0	16
2020105185	2024-12-22	2	630.6	0.2	0.0	1	1600	0	35.5	3.0	16
2020105185	2025-01-11	1	1140.0	0.0	0.0	1	1600	0	34.5	3.0	10
2020105185	2025-03-15	2	748.6	0.0	1.0	1	1600	0	35.2	4.0	13
2020105185	2025-04-12	7	0.0	0.6	0.0	1	1600	0	34.8	4.0	14
2020105185	2025-08-31	2	748.0	0.3	1.0	1	1500	2	35.7	4.0	13
2020105185	2025-09-27	13	0.0	1.3	0.0	1	1600	0	35.5	4.0	16
2020105185	2025-10-12	12	0.0	0.7	1.0	1	1600	0	34.6	4.0	13
2020105185	2025-11-15	6	0.0	0.6	0.0	1	1400	0	34.5	4.0	18
2020105185	2026-01-18	8	0.0	0.6	0.0	1	1600	0	35.0	4.0	15
2020105205	2023-01-08	16	0.0	14.3	0.0	1	2000	0	44.6	0.0	17
2020105205	2023-03-12	16	0.0	2.1	0.0	1	2000	0	36.6	1.0	18
2020105205	2023-04-30	2	220.0	0.6	1.0	1	2400	1	35.9	1.0	13
2020105205	2023-05-21	3	140.0	0.3	0.0	1	2000	0	36.8	1.0	15
2020105205	2023-06-11	6	0.0	0.9	2.0	1	2400	2	36.0	1.0	17
2020105205	2023-07-08	4	83.0	0.2	1.0	1	2000	0	35.7	1.0	16
2020105205	2023-07-22	1	550.0	0.0	0.0	1	2000	0	36.2	1.0	16
2020105205	2024-07-07	10	0.0	0.8	0.0	1	1800	0	35.2	2.0	16
2020105205	2024-08-10	1	800.0	0.0	0.0	1	2600	0	36.7	2.0	11
2020105205	2025-02-22	10	0.0	1.5	0.0	1	2600	0	36.3	5.0	13
2020105205	2025-04-20	8	0.0	0.7	1.0	1	2600	0	36.3	5.0	15
2020105205	2025-07-06	6	0.0	0.4	0.0	1	2600	2	36.5	5.0	10
2020105205	2025-08-17	4	230.0	0.7	1.0	1	2600	2	36.5	5.0	14
2020105205	2025-11-16	8	0.0	0.8	0.0	1	2600	0	35.3	5.0	16
2020105205	2026-01-18	7	0.0	0.8	0.0	1	2200	0	33.8	3.0	16
2020105350	2022-08-31	3	46.2	2.1	3.0	0	1100	3	39.0	0.0	8
2020105350	2022-09-15	6	0.0	2.0	0.0	0	1700	0	42.3	1.0	12
2020105350	2022-09-29	1	50.0	0.0	0.0	0	1700	0	42.2	1.0	8
2020105350	2022-10-26	8	0.0	1.3	0.0	0	1700	0	42.1		10
2020105350	2023-01-02	3	45.0	0.3	0.0	0	1400	0	42.3		11
2020105350	2023-01-30	2	72.0	0.0	0.0	0	1400	0	40.2	5.0	9
2020105350	2023-02-27	2	84.0	0.5	0.0	0	1500	0	41.2	5.0	13
2020105350	2023-04-06	3	52.5	0.5	0.0	0	1600	0	41.7	5.0	14
2020105350	2023-04-25	1	250.0	0.0	1.0	0	1400	0	38.3	5.0	11
2020105350	2023-05-18	2	200.0	1.2	1.0	0	2000	0	41.4	5.0	8
2020105350	2023-06-15	6	0.0	2.6	3.0	0	1500	1	41.6	12.0	12
2020105350	2023-07-03	9	0.0	4.2	1.0	0	1600	0	43.8	5.0	9
2020105350	2023-07-29	6	0.0	1.5	0.0	0	1600	0	40.3	5.0	11
2020105350	2023-08-23	6	0.0	0.8	0.0	0	1500	0	40.7	5.0	12
2020105350	2023-09-11	4	52.5	0.9	0.0	0	1600	0	41.0	5.0	9
2020105350	2023-10-10	5	50.0	2.9	1.0	0	2000	3	41.6	5.0	12
2020105350	2023-11-09	1	240.0	0.0	0.0	0	1600	0	40.6	12.0	14
2020105350	2023-12-13	7	0.0	1.1	0.0	0	1600	2	41.4	13.0	14
2020105350	2024-01-03	5	27.0	0.7	0.0	0	1400	0	39.3	5.0	10
2020105350	2024-01-30	2	200.0	1.1	0.0	0	1600	0	40.2	12.0	14
2020105350	2024-03-13	11	0.0	2.0	0.0	0	1500	1	42.8	13.0	14
2020105350	2024-04-01	7	0.0	2.9	1.0	0	2000	1	41.6	17.0	8
2020105350	2024-04-19	4	52.5	0.5	0.0	0	1500	0	37.5	5.0	12
2020105350	2024-05-10	5	30.0	0.6	0.0	0	1600	0	41.2	14.0	14
2020105350	2024-05-20	3	87.5	1.5	0.0	0	1400	3	39.1	5.0	12
2020105350	2024-06-11	3	67.5	0.3	0.0	0	1500	2	39.1	5.0	13
2020105350	2024-07-05	3	67.5	1.0	0.0	0	1600	0	38.9	5.0	5
2020105350	2024-07-23	4	40.5	0.5	0.0	0	1600	2	41.6	5.0	10
2020105350	2024-08-09	7	0.0	1.4	0.0	0	1600	0	40.5	13.0	13
2020105350	2024-09-02	9	0.0	1.9	0.0	0	1500	1	41.9	5.0	13
2020105350	2024-10-10	12	0.0	3.8	1.0	0	1500	1	42.2	13.0	13
2020105350	2024-10-25	6	0.0	1.3	1.0	0	1400	0	38.3	5.0	11
2020105350	2024-11-12	6	0.0	0.9	0.0	0	1600	2	41.4	5.0	14
2020105350	2024-12-09	9	0.0	1.6	0.0	0	1600	0	41.1	5.0	14
2020105350	2025-01-01	11	0.0	2.4	0.0	0	1600	0	41.7	14.0	14
2020105350	2025-02-07	4	40.5	0.4	0.0	0	1600	0	40.9	5.0	13
2020105350	2025-03-05	7	0.0	2.0	3.0	0	1500	3	41.9	13.0	14
2020105350	2025-04-07	8	0.0	1.7	0.0	0	1500	2	40.0	5.0	12
2020105350	2025-04-22	10	0.0	2.5	1.0	0	1500	0	40.8	5.0	12
2020105350	2025-05-16	11	0.0	1.7	0.0	0	1600	2	41.6	14.0	14
2020105350	2025-05-30	8	0.0	2.1	1.0	0	1500	3	37.2	5.0	11
2020105350	2025-07-27	14	0.0	1.9	0.0	0	1200	0	37.1	5.0	15
2020105350	2025-09-20	9	0.0	3.0	1.0	1	2500	0	35.2	5.0	9
2020105350	2025-11-02	7	0.0	0.5	1.0	0	1600	1	35.6	5.0	13
2020105350	2025-11-23	12	0.0	1.2	1.0	0	1600	0	35.8	3.0	16
2020105350	2025-12-28	8	0.0	2.7	0.0	0	1800	0	39.8	3.0	13
2020105350	2026-01-18	4	180.0	1.3	0.0	0	1800	0	39.3	3.0	16
2020105633	2023-03-11	4	83.0	0.5	0.0	1	2000	0	35.4	1.0	15
2020105633	2023-03-19	1	550.0	0.0	0.0	1	2000	2	36.1	1.0	18
2020105633	2023-04-16	1	780.0	0.0	0.0	1	2000	2	35.3	2.0	12
2020105633	2023-05-06	3	1412.4	0.0	2.0	1	2200	0	33.9		12
2020105633	2023-08-20	1	1590.6	0.0	0.0	1	2200	0	35.6	5.0	18
2020105633	2023-10-22	4	3000.0	1.0	0.0	1	3000	0	35.9		17
2020105633	2023-12-23	7	0.0	0.7	0.0	1	2500	0	35.1	4.0	15
2020105633	2024-01-14	8	0.0	1.4	0.0	1	2400	0	37.5		14
2020105633	2024-02-24	10	0.0			1	3000	0			14
2020105633	2024-03-30	11	0.0			1	3200	0			15
2020105633	2024-09-28	12	0.0	2.0	1.0	1	2000	0	36.9	4.0	13
2020105633	2024-10-26	4	280.0	0.7	0.0	1	2000	0	34.2	4.0	10
2020105633	2024-11-17	8	0.0	0.9	1.0	1	2400	0	35.9	4.0	17
2020105633	2025-02-02	1	1855.4	0.0	1.0	1	2200	2	34.4	4.0	7
2020105633	2025-02-16	2	2524.4	0.1	1.0	1	2200	2	34.4		12
2020105633	2025-03-29	4	1000.0	0.1	1.0	1	2500	2	37.2		15
2020105633	2025-06-15	7	0.0	1.0	0.0	1	2200	2	36.8		17
2020105633	2025-08-17	6	0.0	0.7	1.0	1	2000	2	36.8		16
2020105633	2025-09-21	11	0.0	1.9	1.0	1	2200	0	36.1		11
2020105633	2025-11-15	6	0.0	0.7	0.0	1	2000	0	35.3		16
2020105633	2026-01-18	3	1413.2	0.3	0.0	1	2400	0	34.4		13
2020105781	2022-06-19	1	700.0	0.0	0.0	1	1600	0	34.0	0.0	16
2020105781	2022-10-08	5	330.0	0.9	1.0	1	1600	0	33.6		9
2020105781	2022-11-06	6	0.0	0.9	0.0	1	2000	0	34.4	5.0	9
2020105781	2022-12-03	8	0.0	1.0	1.0	1	2000	0	34.7	2.0	18
2020105781	2023-04-08	5	107.0	0.3	1.0	1	2000	0	36.1	2.0	10
2020105781	2023-06-25	2	320.0	0.5	0.0	1	2000	0	33.9	2.0	11
2020105781	2023-07-29	3	285.2	0.2	0.0	1	1800	0	33.5	5.0	17
2020105781	2023-08-27	1	800.0	0.0	0.0	1	1800	0	33.2	2.0	8
2020105781	2023-10-07	4	230.0	0.8	0.0	1	1800	0	33.2	3.0	12
2020105781	2023-11-04	1	1140.0	0.0	0.0	1	2000	0	33.3	3.0	10
2020105781	2023-11-26	9	0.0	1.0	1.0	1	2000	0	34.5	4.0	13
2020105781	2024-02-03	8	0.0	1.1	0.0	1	2400	0	35.1	4.0	12
2020105781	2024-04-27	1	1868.0	0.0	1.0	1	2000	0	33.5	4.0	13
2020105781	2024-06-09	13	0.0	0.9	1.0	1	1800	0	33.8		18
2020105781	2024-09-14	4	360.0	0.6	0.0	1	2000	0	34.0	5.0	11
2020105781	2024-10-13	12	0.0	0.8	0.0	1	2000	0	33.9		16
2020105781	2024-11-30	7	0.0	0.4	0.0	1	3600	0	35.0		14
2020105781	2025-02-22	11	0.0	2.4	0.0	1	3400	0	36.1		16
2020105781	2025-04-13	4	420.0	0.2	3.0	1	2000	0	34.3		15
2020105781	2025-05-25	5	280.0	0.8	1.0	1	1800	2	35.0		17
2020105781	2025-11-15	3	704.8	0.4	0.0	1	2000	0	34.3		16
2020105781	2025-12-13	14	0.0	1.4	0.0	1	2000	0	32.7		18
2020105781	2026-01-18	4	860.0	0.4	0.0	1	2400	0	33.7		13
2020105809	2022-06-18	5	70.0	1.1	1.0	1	1400	0	34.8	0.0	16
2020105809	2022-07-09	4	78.0	0.4	1.0	1	1200	0	35.5	1.0	10
2020105809	2022-08-07	6	0.0	0.5	0.0	1	1400	0	35.3	1.0	15
2020105809	2022-08-27	4	78.0	0.6	0.0	1	1600	0	35.3	1.0	15
2020105809	2022-09-24	10	0.0	1.5	1.0	1	1600	3	36.1	1.0	16
2020105809	2022-12-10	1	520.0	0.0	0.0	1	1600	0	34.8	1.0	16
2020105809	2023-01-05	8	0.0	1.6	0.0	1	1600	0	36.4		13
2020105809	2023-02-19	6	0.0	1.3	1.0	1	1600	0	34.1	2.0	12
2020105809	2023-02-26	2	310.0	0.5	0.0	1	1600	0	35.0	2.0	12
2020105809	2023-03-18	7	0.0	0.9	3.0	1	1600	1	37.6	2.0	12
2020105809	2023-04-01	4	120.0	0.3	0.0	1	1600	0	34.4	2.0	14
2020105809	2023-07-23	3	200.0	0.0	0.0	1	1500	0	34.9	2.0	14
2020105809	2023-08-05	9	0.0	0.6	1.0	1	1500	2	35.2	2.0	14
2020105809	2023-08-19	7	0.0	0.8	2.0	1	1500	0	35.9	5.0	14
2020105809	2023-09-03	5	80.0	0.6	0.0	1	1800	0	35.5	2.0	14
2020105809	2023-09-24	12	0.0	1.4	0.0	1	1600	0	35.9	2.0	16
2020105809	2023-11-18	9	0.0	1.8	0.0	1	1800	2	39.4	5.0	16
2020105809	2023-12-02	14	0.0	1.9	0.0	1	1600	0	35.0	2.0	16
2020105809	2024-01-21	12	0.0	1.9	1.0	1	1800	2	37.3	2.0	15
2020105809	2024-02-04	5	111.0	1.3	1.0	1	1800	1	37.4	5.0	11
2020105809	2024-05-12	2	320.0	0.1	1.0	1	1800	0	34.2	2.0	9
2020105809	2024-05-26	6	0.0	1.1	0.0	1	1800	0	33.8	2.0	9
2020105809	2024-06-23	5	80.0	1.1	1.0	1	1800	2	35.3	2.0	13
2020105809	2024-07-14	3	200.0	0.1	2.0	1	1800	0	34.6	2.0	16
2020105809	2024-08-04	13	0.0	1.2	0.0	1	1600	0	33.6	2.0	18
2020105809	2024-08-17	4	170.0	0.3	1.0	1	1500	0	34.8	5.0	13
2020105809	2024-09-01	6	0.0	0.5	0.0	1	1800	2	36.3	2.0	14
2020105809	2025-02-01	8	0.0	0.8	1.0	1	1800	0	33.6	2.0	16
2020105809	2025-02-23	10	0.0	0.7	1.0	1	1800	0	34.3	5.0	14
2020105809	2025-03-16	6	0.0	0.7	3.0	1	1600	2	34.6	2.0	16
2020105809	2025-05-25	6	0.0	0.5	1.0	1	1800	2	35.1	5.0	15
2020105809	2025-06-08	2	320.0	0.2	0.0	1	1600	0	34.1	2.0	18
2020105809	2025-06-22	1	800.0	0.0	0.0	1	1600	0	35.6	2.0	15
2020105809	2025-07-13	6	0.0	0.9	0.0	1	1800	0	35.2	3.0	11
2020105809	2025-07-27	3	392.4	0.6	1.0	1	1500	2	34.9	5.0	8
2020105809	2025-08-10	10	0.0	1.1	1.0	1	1500	0	34.7	5.0	14
2020105809	2025-12-21	11	0.0	1.3	3.0	1	1600	1	35.6	3.0	16
2020105809	2026-01-05	9	0.0	0.7	0.0	1	2000	0	34.9	3.0	11
2020105809	2026-01-18	8	0.0	0.9	0.0	1	2200	0	34.5	3.0	16
2020106015	2022-07-02	1	700.0	0.0	0.0	0	1150	0	37.3	0.0	12
2020106015	2022-08-28	4	470.0	0.3	0.0	1	1600	0	34.0		11
2020106015	2022-11-19	1	750.0	0.0	0.0	1	1400	0	33.6	2.0	9
2020106015	2022-12-18	5	700.0	0.4	0.0	1	1600	0	36.0		17
2020106015	2023-03-18	7	0.0	0.9	1.0	1	1400	1	36.1		14
2020106015	2023-04-08	12	0.0	1.0	1.0	1	1600	2	37.0		16
2020106015	2023-07-22	4	230.0	0.3	0.0	1	1200	0	35.1	5.0	15
2020106015	2023-08-12	5	155.0	0.2	0.0	1	1400	0	34.6	5.0	18
2020106015	2023-10-08	1	1140.0	0.0	2.0	0	1400	0	35.5	3.0	16
2020106015	2023-11-25	2	749.8	0.1	0.0	0	1400	0	35.7	4.0	16
2020106015	2024-01-27	2	750.6	0.0	0.0	0	1400	0	36.7	4.0	16
2020106015	2024-04-21	3	465.2	0.8	1.0	0	1400	0	36.8	4.0	15
2020106015	2024-05-12	3	465.2	0.9	1.0	0	1400	0	36.2	4.0	16
2020106015	2024-06-02	1	1875.0	0.0	2.0	0	1400	1	34.1	4.0	16
2020106015	2024-10-06	5	240.0	0.9	1.0	0	1600	1	36.3		16
2020106015	2024-12-15	12	0.0	2.2	0.0	0	1400	0	37.9	5.0	15
2020106015	2025-03-23	5	220.0	0.2	0.0	0	1200	0	35.6	5.0	16
2020106015	2025-05-24	10	0.0	1.3	1.0	0	1400	0	35.7	5.0	16
2020106015	2025-09-14	3	554.8	0.8	1.0	0	1200	2	34.7	5.0	16
2020106015	2025-10-26	9	0.0	0.9	3.0	1	1000	2	32.7		17
2020106015	2026-01-18	6	0.0	0.5	0.0	0	1200	0	36.0	5.0	16
2020106062	2022-08-21	2	280.0	0.2	1.0	1	1200	1	35.1	0.0	8
2020106062	2022-09-19	2	210.0	0.3	1.0	0	1200	2	37.1	1.0	10
2020106062	2022-11-20	2	210.0	0.2	1.0	0	1400	2	37.2	1.0	12
2020106062	2022-12-04	1	520.0	0.0	1.0	0	1400	2	38.3	1.0	13
2020106062	2023-12-17	1	800.0	0.0	0.0	0	1400	2	38.0	2.0	16
2020106062	2024-01-06	1	1140.0	0.0	1.0	0	1200	0	36.3	3.0	16
2020106062	2024-03-31	3	464.8	0.4	1.0	0	1200	0	36.2	4.0	16
2020106062	2024-04-28	5	184.0	0.5	0.0	0	1200	0	36.2	4.0	16
2020106062	2024-08-17	1	1872.9	0.0	0.0	0	1200	0	36.4	4.0	15
2020106062	2024-09-21	2	889.2	0.4	1.0	0	1200	0	36.0	5.0	14
2020106062	2024-10-19	5	220.0	0.8	2.0	0	1400	2	36.2	5.0	14
2020106062	2025-01-19	5	220.0	0.6	1.0	0	1200	0	36.9	5.0	16
2020106062	2025-03-23	6	0.0	0.3	0.0	0	1200	0	36.5	5.0	16
2020106062	2025-04-20	5	240.0	0.4	1.0	0	1200	0	35.9		16
2020106062	2025-05-04	8	0.0	0.7	0.0	0	1200	2	37.3	5.0	15
2020106062	2025-08-17	4	330.0	0.4	0.0	0	1200	0	36.6	5.0	15
2020106062	2025-10-04	12	0.0	0.7	1.0	1	1200	1	33.9		18
2020106062	2026-01-18	9	0.0	1.0	0.0	0	1200	0	37.5	5.0	16
2020110062	2023-04-08	1	550.0	0.0	1.0	0	1200	2	37.7	1.0	16
2020110062	2023-05-20	1	780.0	0.0	1.0	0	1400	2	36.3	2.0	16
2020110062	2023-06-18	15	0.0	3.3	0.0	0	1600	0	39.3		15
2020110062	2023-12-03	2	631.2	0.3	0.0	0	1400	0	37.5	5.0	16
2020110062	2023-12-24	1	1586.4	0.0	1.0	0	1200	0	37.0	5.0	14
2020110062	2024-01-13	1	1875.7	0.0	1.0	0	1200	0	37.0	4.0	15
2020110062	2024-02-11	8	0.0	0.9	1.0	0	1400	2	36.9	5.0	15
2020110062	2024-11-09	14	0.0	1.6	0.0	0	1200	0	37.8	5.0	16
2020110062	2025-08-17	9	0.0	0.9	0.0	0	1200	0	37.6	5.0	15
2020110062	2026-01-18	16	0.0	2.4	0.0	0	1200	0	39.4	5.0	16
2021100011	2023-08-26	13	0.0	3.1	0.0	1	1600	0	36.1	0.0	17
2021100011	2023-11-11	12	0.0	3.3	1.0	0	1600	0	40.0	1.0	15
2021100011	2023-12-03	5	55.0	1.3	0.0	0	1800	0	39.1	1.0	14
2021100011	2023-12-23	9	0.0	1.7	0.0	0	1800	0	41.1	1.0	15
2021100011	2024-02-24	6	0.0	1.1	0.0	0	1800	2	40.4	1.0	16
2021100011	2024-03-17	14	0.0	4.8	1.0	0	1800	0	41.5	1.0	15
2021100011	2024-05-05	11	0.0	3.1	0.0	0	1800	0	41.4	1.0	14
2021100011	2024-05-18	5	55.0	0.7	0.0	1	1600	0	34.8	1.0	18
2021100011	2024-06-16	10	0.0	1.2	1.0	1	1600	0	35.1	1.0	16
2021100011	2024-08-17	4	83.0	1.1	0.0	1	1600	0	35.0	1.0	18
2021100011	2024-08-31	8	0.0	0.9	2.0	1	1600	0	35.7	1.0	18
2021100011	2024-10-22	1	180.0	0.0	0.0	0	800	0	35.9		10
2021100011	2024-10-29	2	56.0	1.0	3.0	0	1200	2	39.9		11
2021100011	2025-03-17	12	0.0	2.6	0.0	0	1500	3	39.6	10.0	12
2021100011	2025-04-24	2	60.0	0.3	1.0	0	1500	0	37.5	5.0	11
2021100011	2025-05-08	3	37.5	0.9	0.0	0	1200	2	40.4	10.0	12
2021100011	2025-05-30	6	0.0	2.0	1.0	0	1500	3	39.2	11.0	12
2021100011	2025-06-05	1	180.0	0.0	0.0	0	1000	2	38.0	11.0	13
2021100011	2025-06-26	5	18.0	1.4	1.0	0	1400	1	37.3	5.0	10
2021100011	2025-07-07	4	18.0	0.8	0.0	0	900	0	38.2	11.0	12
2021100011	2025-07-22	1	180.0	0.0	0.0	0	1500	0	38.6	5.0	9
2021100011	2025-08-18	2	97.5	0.2	1.0	0	1500	2	37.7	5.0	10
2021100011	2025-11-22	14	0.0	2.1	0.0	0	1150	0	36.8	3.0	16
2021100011	2026-01-18	14	0.0	18.5	0.0	2	2880	0	14.7	1.0	14
2021100363	2023-07-30	1	720.0	0.0	1.0	1	1800	0	34.5	0.0	12
2021100363	2023-09-02	2	1210.4	0.7	1.0	1	1800	2	36.8		10
2021100363	2023-11-25	12	0.0	1.2	0.0	1	2000	0	36.5		14
2021100363	2024-02-11	3	1005.1	0.4	1.0	1	1800	0	33.5		10
2021100363	2024-04-27	14	0.0	1.3	1.0	1	2400	0	37.5		17
2021100363	2024-06-08	15	0.0	2.1	0.0	1	1800	0	36.9	5.0	16
2021100363	2024-12-14	6	0.0	0.9	1.0	1	1600	0	34.7	3.0	14
2021100363	2025-01-11	1	1582.9	0.0	0.0	1	2000	0	35.2	5.0	13
2021100363	2025-02-15	8	0.0	1.9	0.0	1	2000	0	36.8	4.0	9
2021100363	2025-04-06	11	0.0	1.1	0.0	1	2000	0	36.7	4.0	16
2021100363	2025-05-10	2	749.2	0.0	1.0	1	1600	2	33.8	4.0	15
2021100363	2025-06-01	5	184.0	0.4	0.0	1	1800	0	36.1	4.0	18
2021100363	2025-11-01	4	280.0	0.2	1.0	1	1600	0	33.7	4.0	12
2021100363	2025-11-23	8	0.0	0.6	0.0	1	1600	0	34.7	4.0	17
2021100363	2026-01-18	5	187.0	0.5	0.0	1	1600	0	35.1	4.0	15
2021100469	2023-08-19	7	0.0	1.9	0.0	0	1800	0	40.3	0.0	14
2021100469	2023-09-24	4	83.0	0.8	0.0	0	1800	1	39.7	1.0	10
2021100469	2023-10-29	10	0.0	2.0	2.0	0	1800	3	40.3	1.0	15
2021100469	2023-12-16	3	140.0	0.7	0.0	0	1800	2	38.6	1.0	16
2021100469	2024-01-06	3	140.0	0.4	0.0	0	1800	0	39.3	1.0	16
2021100469	2024-01-21	1	550.0	0.0	3.0	0	1800	3	38.5	1.0	15
2021100469	2024-03-31	7	0.0	1.1	0.0	0	1800	2	38.7	2.0	16
2021100469	2024-07-20	4	120.0	0.7	1.0	0	1700	0	39.0	2.0	15
2021100469	2024-08-10	12	0.0	2.7	0.0	0	1800	0	38.5	2.0	15
2021100469	2024-09-15	8	0.0	1.0	0.0	1	2000	0	34.2	2.0	17
2021100469	2024-10-12	4	120.0	0.9	0.0	0	1800	0	39.7	2.0	13
2021100469	2024-12-01	2	320.0	0.2	0.0	0	1800	0	37.9	2.0	12
2021100469	2025-01-11	1	800.0	0.0	0.0	0	1800	2	40.4	2.0	13
2021100469	2025-03-23	9	0.0	1.2	0.0	0	1800	0	40.6	3.0	15
2021100469	2025-04-20	13	0.0	2.2	1.0	0	1800	0	38.7	5.0	16
2021100469	2025-07-05	12	0.0	3.1	0.0	0	1700	0	38.9	5.0	15
2021100469	2025-08-03	4	230.0	0.4	0.0	1	2000	0	33.1	5.0	5
2021100469	2025-09-06	4	230.0	0.8	0.0	1	2000	0	34.5	5.0	7
2021100469	2025-09-28	12	0.0	1.3	0.0	1	2000	0	34.1	3.0	13
2021100469	2025-12-07	5	155.0	1.0	0.0	0	1800	0	38.2	5.0	16
2021100469	2025-12-28	6	0.0	2.2	0.0	0	1800	0	39.8	3.0	13
2021100469	2026-01-18	14	0.0	3.0	0.0	0	1800	0	41.5	3.0	16
2021100597	2024-01-13	8	0.0	2.2	0.0	0	1800	0	40.1	0.0	15
2021100597	2024-01-27	10	0.0	4.4	0.0	0	2100	0	42.9	1.0	15
2021100597	2024-03-10	10	0.0	1.6	0.0	1	2000	2	36.8	1.0	18
2021100597	2024-04-27	5	55.0	1.2	0.0	1	2000	0	36.0	1.0	15
2021100597	2024-05-19	3	140.0	0.2	0.0	1	2200	0	36.4	1.0	16
2021100597	2024-06-09	1	550.0	0.0	1.0	1	2400	0	34.2	1.0	15
2021100597	2024-08-17	5	80.0	1.3	0.0	1	2400	0	35.7	2.0	12
2021100597	2024-10-13	3	200.0	0.0	0.0	1	2400	0	33.3	2.0	8
2021100597	2024-11-23	2	320.0	0.1	0.0	1	2400	0	34.5	2.0	12
2021100597	2025-02-16	4	120.0	0.3	0.0	1	2400	0	33.8	2.0	16
2021100597	2025-03-23	4	120.0	0.5	0.0	1	2500	0	36.0	2.0	16
2021100597	2025-05-25	3	200.0	0.1	1.0	1	2400	2	33.9	2.0	8
2021100597	2025-06-07	4	170.0	1.7	0.0	1	2400	0	34.3	5.0	12
2021100597	2025-08-10	1	800.0	0.0	3.0	1	2000	1	33.5	2.0	14
2021100597	2025-10-11	5	155.0	0.5	3.0	1	2400	0	33.8	5.0	10
2021100597	2025-11-01	6	0.0	0.7	1.0	1	2400	0	33.5	5.0	8
2021100597	2026-01-18	6	0.0	0.7	0.0	1	2200	0	33.6	3.0	16
2021100606	2024-01-08	15	0.0	4.0	0.0	0	1800	0	41.8	0.0	16
2021100606	2024-02-04	7	0.0	2.6	1.0	0	2100	0	38.6	1.0	16
2021100606	2024-02-24	6	0.0	2.6	0.0	0	1800	2	40.3	1.0	16
2021100606	2024-03-23	5	55.0	1.7	1.0	0	1800	0	38.5	1.0	16
2021100606	2024-06-08	1	550.0	0.0	0.0	0	2100	0	37.5	1.0	16
2021100606	2024-06-23	6	0.0	0.7	1.0	0	2100	1	36.6	2.0	16
2021100606	2024-07-20	10	0.0	1.6	0.0	0	1700	0	38.5	2.0	15
2021100606	2024-10-05	3	200.0	0.2	2.0	0	2100	1	36.5	2.0	9
2021100606	2024-10-26	8	0.0	1.0	1.0	0	2100	0	37.4	2.0	10
2021100606	2024-11-30	10	0.0	0.9	1.0	0	1800	0	38.5	2.0	13
2021100606	2024-12-14	4	120.0	0.3	0.0	0	1800	0	36.9	2.0	16
2021100606	2025-01-11	5	80.0	0.7	0.0	0	1800	2	40.7	2.0	13
2021100606	2025-03-16	2	320.0	0.1	1.0	0	1800	1	36.3	2.0	10
2021100606	2025-03-30	2	320.0	0.4	0.0	0	1800	2	39.0	2.0	9
2021100606	2025-05-03	3	200.0	0.5	0.0	0	1800	2	37.6	2.0	11
2021100606	2025-05-17	1	800.0	0.0	1.0	0	1800	2	37.7	2.0	10
2021100606	2025-12-28	9	0.0	3.1	0.0	0	1800	0	40.7	3.0	13
2021100606	2026-01-18	11	0.0	2.3	0.0	0	1800	0	40.3	3.0	16
2021100626	2023-06-22	1	400.0	0.0	1.0	0	1000	0	38.5		6
2021100626	2023-08-09	5	32.0	1.1	1.0	0	1200	0	38.1		8
2021100626	2023-08-30	2	420.0	1.0	0.0	0	1400	0	38.6	18.0	12
2021100626	2023-09-26	5	45.0	0.9	1.0	0	1600	0	39.1		9
2021100626	2023-10-25	4	130.0	0.3	0.0	0	1600	0	39.8	18.0	10
2021100626	2023-11-28	5	80.0	1.3	0.0	0	1700	0	40.3	5.0	8
2021100626	2024-01-10	6	0.0	1.7	0.0	0	1500	0	41.1	18.0	10
2021100626	2024-02-06	4	75.0	0.9	1.0	0	1600	3	41.2		7
2021100626	2024-03-05	6	0.0	2.3	3.0	0	1700	2	39.2		6
2021100626	2024-03-28	4	37.5	1.0	1.0	0	1400	2	40.8	5.0	12
2021100626	2024-04-17	1	800.0	0.0	0.0	0	1400	0	38.3	5.0	10
2021100626	2024-05-29	9	0.0	1.9	0.0	0	1200	1	38.4	18.0	12
2021100626	2024-07-10	11	0.0	1.9	1.0	0	1200	0	37.9	18.0	16
2021100626	2024-10-24	5	40.0	0.7	1.0	0	1400	0	39.1	5.0	12
2021100626	2024-11-21	8	0.0	2.4	0.0	0	1500	2	37.3	14.0	10
2021100626	2024-12-09	11	0.0	2.8	0.0	0	1600	0	42.7	5.0	14
2021100626	2024-12-19	5	30.0	0.5	0.0	0	1200	0	38.4	13.0	11
2021100626	2025-01-24	10	0.0	2.2	0.0	0	1200	0	38.1	14.0	12
2021100626	2025-03-12	11	0.0	3.4	3.0	0	1200	2	38.2	13.0	11
2021100626	2025-04-04	10	0.0	3.9	0.0	0	1200	1	40.6	14.0	10
2021100626	2025-05-24	16	0.0	2.6	1.0	1	1200	0	35.6	5.0	16
2021100626	2025-05-31	16	0.0	3.1	2.0	1	1600	1	37.1	5.0	16
2021100626	2025-12-13	12	0.0	16.0	0.0	2	2970	0	14.9	1.0	12
2021100626	2026-01-18	13	0.0	9.5	0.0	2	2880	0	14.1	1.0	14
2021100651	2024-01-20	8	0.0	1.5	1.0	1	2000	1	36.7	0.0	13
2021100651	2024-05-04	3	140.0	0.3	0.0	1	2200	0	34.5	1.0	16
2021100651	2024-05-25	6	0.0	0.7	0.0	1	2200	0	35.5	1.0	12
2021100651	2024-08-18	2	220.0	0.0	0.0	1	2000	0	34.4	1.0	18
2021100651	2024-09-01	2	220.0	0.1	1.0	1	2000	1	35.2	1.0	18
2021100651	2024-12-07	1	800.0	0.0	1.0	1	2200	0	35.2	2.0	18
2021100651	2025-01-13	4	120.0	0.2	0.0	1	2200	0	35.5	2.0	18
2021100651	2025-02-23	2	320.0	0.4	1.0	1	2400	0	34.3	2.0	10
2021100651	2025-03-15	1	800.0	0.0	1.0	1	2200	0	34.5	2.0	18
2021100651	2025-05-18	6	0.0	0.5	1.0	1	2000	0	34.7	5.0	10
2021100651	2025-06-14	2	624.0	0.9	3.0	1	2400	1	36.1	5.0	6
2021100651	2025-08-31	1	1567.5	0.0	0.0	1	2200	0	33.2	5.0	8
2021100651	2025-09-21	1	1859.6	0.0	1.0	1	2200	0	33.8	4.0	9
2021100651	2025-12-13	7	0.0	0.5	0.0	1	2000	0	33.8		18
2021100651	2026-01-18	2	2326.4	0.0	0.0	1	2400	0	34.4		13
2021100768	2024-01-14	1	620.0	0.0	0.0	0	1200	2	37.9	0.0	16
2021100768	2024-01-28	13	0.0	5.5	0.0	0	1400	0	43.5	2.0	13
2021100768	2024-04-13	1	780.0	0.0	0.0	0	1200	0	37.0	2.0	15
2021100768	2024-05-05	5	200.0	0.7	0.0	1	1400	0	34.9		10
2021100768	2024-05-25	18	0.0	1.5	0.0	1	1200	0	34.8		18
2021100768	2024-07-27	1	1140.0	0.0	1.0	0	1000	0	35.7	3.0	12
2021100768	2024-08-15	5	120.0	1.2	1.0	0	1200	2	38.1		13
2021100768	2024-11-30	1	1873.6	0.0	0.0	0	1200	2	36.7	4.0	15
2021100768	2024-12-22	16	0.0	2.9	0.0	0	1200	0	39.3	5.0	16
2021100768	2025-02-23	9	0.0	1.0	1.0	0	1200	0	36.8	5.0	16
2021100768	2025-06-08	16	0.0	5.6	1.0	0	1200	0	37.0	5.0	16
2021100768	2025-09-14	2	889.6	0.2	1.0	0	1200	2	36.3	5.0	16
2021100768	2025-10-05	4	330.0	0.7	1.0	0	1200	1	35.3	5.0	16
2021100768	2025-12-07	3	554.9	0.1	0.0	0	1200	0	35.6	5.0	16
2021100768	2026-01-18	3	442.7	0.3	0.0	0	1200	0	37.6	5.0	16
2021101121	2023-10-22	1	720.0	0.0	0.0	0	1200	0	36.5	0.0	12
2021101121	2023-11-11	3	275.1	0.6	1.0	0	1400	0	38.4	2.0	16
2021101121	2023-12-10	18	0.0	3.8	0.0	1	1600	0	37.9		18
2021101121	2024-02-25	2	310.0	0.0	2.0	0	1200	3	35.9	2.0	10
2021101121	2024-03-24	1	780.0	0.0	3.0	0	1200	3	35.9	2.0	12
2021101121	2024-12-22	16	0.0	2.2	0.0	0	1200	0	40.2	5.0	16
2021101121	2025-01-19	16	0.0	2.3	0.0	0	1200	0	38.1	5.0	16
2021101121	2025-02-16	9	0.0	1.4	1.0	0	1200	2	38.4	3.0	16
2021101121	2025-06-01	5	114.0	0.5	0.0	0	1200	0	35.6	3.0	16
2021101121	2025-06-22	3	395.7	0.6	0.0	0	1400	0	36.2	5.0	16
2021101121	2026-01-18	11	0.0	1.1	0.0	0	1400	0	37.1	5.0	16
2021101201	2023-10-29	5	72.0	2.0	1.0	0	1600	0	37.9	0.0	16
2021101201	2023-11-18	4	83.0	0.5	0.0	0	1600	1	38.2	1.0	15
2021101201	2023-12-03	5	55.0	1.6	0.0	0	1800	0	41.0	1.0	16
2021101201	2024-03-10	3	140.0	0.2	0.0	0	1800	2	40.2	1.0	16
2021101201	2024-03-31	2	220.0	0.3	0.0	0	1800	2	39.8	1.0	13
2021101201	2024-04-21	2	220.0	0.3	1.0	0	1700	0	38.3	1.0	15
2021101201	2024-05-12	5	55.0	0.9	1.0	0	1600	0	37.0	1.0	16
2021101201	2024-06-02	3	140.0	0.2	1.0	0	2100	1	37.3	1.0	16
2021101201	2024-06-22	8	0.0	1.4	0.0	0	2100	1	37.6	1.0	16
2021101201	2024-08-03	1	550.0	0.0	1.0	0	1700	0	37.8	1.0	14
2021101201	2024-08-18	5	80.0	0.9	0.0	0	1700	0	37.9	2.0	14
2021101201	2024-09-08	9	0.0	1.6	0.0	0	1800	0	40.2	2.0	16
2021101201	2024-12-22	10	0.0	3.2	0.0	0	1800	0	42.1	2.0	16
2021101201	2025-01-13	3	200.0	0.5	0.0	0	1900	0	39.3	2.0	16
2021101201	2025-02-02	9	0.0	1.7	3.0	0	2100	2	39.6	2.0	14
2021101201	2025-02-15	8	0.0	1.0	0.0	0	2100	0	37.3	2.0	16
2021101201	2025-03-08	4	120.0	0.6	1.0	0	1800	2	38.4	2.0	16
2021101201	2025-03-30	6	0.0	1.4	0.0	0	1800	2	39.4	2.0	16
2021101201	2025-04-12	2	320.0	0.8	0.0	0	2400	0	38.4	2.0	14
2021101201	2025-09-20	8	0.0	3.2	1.0	0	2400	1	38.9	2.0	11
2021101201	2025-10-19	7	0.0	2.0	1.0	0	2500	1	39.9	2.0	15
2021101201	2026-01-10	9	0.0	1.4	0.0	0	1800	0	39.1	2.0	16
2021101201	2026-01-18	11	0.0	1.6	0.0	0	1800	0	40.2	2.0	14
2021101219	2024-02-17	2	250.0	0.2	1.0	0	1600	0	37.4	0.0	16
2021101219	2024-03-09	4	83.0	0.2	0.0	0	1800	1	39.4	1.0	14
2021101219	2024-05-11	3	140.0	0.7	0.0	0	1600	0	36.1	1.0	16
2021101219	2024-06-02	1	550.0	0.0	1.0	0	1600	1	36.3	1.0	16
2021101219	2024-08-04	14	0.0	1.2	0.0	1	1600	0	34.8	2.0	18
2021101219	2024-10-06	10	0.0	1.8	1.0	0	1400	1	36.4	2.0	16
2021101219	2024-10-19	5	80.0	0.7	0.0	0	1600	0	37.1	2.0	13
2021101219	2024-11-03	14	0.0	3.6	0.0	0	1600	1	37.6	2.0	16
2021101219	2025-01-05	3	200.0	0.1	0.0	0	1800	0	38.4	2.0	16
2021101219	2025-01-25	6	0.0	0.9	1.0	0	1800	0	38.4	2.0	16
2021101219	2025-03-01	1	800.0	0.0	0.0	0	1800	0	37.9	2.0	13
2021101219	2025-05-04	12	0.0	2.1	0.0	0	1800	2	39.2	5.0	14
2021101219	2025-05-18	9	0.0	2.9	1.0	1	1600	0	35.5	3.0	9
2021101219	2025-08-02	12	0.0	2.4	0.0	0	1700	0	38.3	5.0	14
2021101219	2025-08-24	10	0.0	2.3	0.0	0	1700	0	39.0	3.0	14
2021101219	2025-09-21	10	0.0	1.3	1.0	0	1800	0	39.8	3.0	16
2021101219	2025-11-08	8	0.0	1.9	0.0	1	2000	0	34.9	3.0	8
2021101219	2025-12-06	11	0.0	1.0	0.0	0	1400	0	37.2	3.0	16
2021101219	2026-01-18	7	0.0	1.5	0.0	0	1800	0	39.5	3.0	16
2021101280	2023-12-28	6	0.0	1.1	0.0	1	1800	0	34.5	0.0	14
2021101280	2024-01-21	4	83.0	0.5	1.0	1	2000	1	37.4	1.0	11
2021101280	2024-02-10	1	550.0	0.0	0.0	1	1800	2	35.0	1.0	14
2021101280	2024-03-24	4	160.0	0.5	2.0	1	2200	1	35.9	2.0	10
2021101280	2024-04-14	4	120.0	0.5	0.0	1	2000	0	34.9	2.0	7
2021101280	2024-05-11	3	273.6	0.9	0.0	1	2000	0	34.6	2.0	11
2021101280	2024-07-21	8	0.0	0.9	0.0	1	2000	0	36.5	5.0	13
2021101280	2024-11-02	11	0.0	3.1	3.0	1	2000	1	40.1	5.0	14
2021101280	2024-12-01	9	0.0	1.2	0.0	1	2200	0	35.7	5.0	16
2021101280	2025-03-23	7	0.0	2.3	0.0	0	1800	0	38.5	2.0	14
2021101280	2025-04-05	6	0.0	1.7	0.0	0	1800	0	38.1	2.0	7
2021101280	2025-05-24	3	200.0	0.3	3.0	1	2400	2	36.0	2.0	12
2021101280	2025-06-07	6	0.0	0.9	1.0	1	2200	0	35.0	2.0	10
2021101280	2025-12-14	10	0.0	2.9	0.0	0	1800	2	41.3	5.0	12
2021101280	2026-01-18	4	120.0	0.7	0.0	1	2400	0	36.7	2.0	12
2021101554	2024-03-30	15	0.0	1.9	0.0	1	1400	0	35.1	1.0	18
2021101554	2024-06-16	2	220.0	0.3	0.0	0	1800	2	37.9	1.0	16
2021101554	2024-06-23	1	385.0	0.0	2.0	0	1800	3	36.8	1.0	16
2021101554	2024-07-14	10	0.0	2.1	3.0	0	1700	3	37.9	2.0	16
2021101554	2024-09-08	4	120.0	1.6	0.0	0	1900	0	37.8	2.0	9
2021101554	2024-09-29	1	800.0	0.0	1.0	0	1900	1	36.9	2.0	9
2021101554	2024-12-07	9	0.0	1.2	1.0	0	1800	0	37.3	5.0	16
2021101554	2024-12-22	13	0.0	1.9	0.0	0	1800	0	39.0	3.0	16
2021101554	2025-01-18	6	0.0	0.6	0.0	0	1800	0	36.4	5.0	16
2021101554	2025-05-11	10	0.0	1.3	1.0	0	1800	2	39.8	5.0	15
2021101554	2025-07-12	6	0.0	1.1	1.0	1	2600	0	37.3	5.0	12
2021101554	2025-08-17	8	0.0	1.2	1.0	1	2600	2	37.2	5.0	14
2021101554	2025-08-30	11	0.0	2.2	1.0	1	2000	2	38.4	3.0	14
2021101554	2025-11-01	7	0.0	1.2	0.0	0	1800	1	36.7	3.0	15
2021101554	2025-11-23	11	0.0	1.9	0.0	0	1800	0	36.9	3.0	14
2021101554	2026-01-18	7	0.0	0.6	0.0	0	1800	0	36.5	5.0	16
2021102079	2023-09-30	7	0.0	0.9	0.0	1	1800	0	35.0	0.0	12
2021102079	2024-02-10	1	550.0	0.0	1.0	0	1800	0	39.8	1.0	14
2021102079	2024-03-23	6	0.0	0.9	2.0	1	1800	1	36.0	2.0	7
2021102079	2024-04-07	6	0.0	1.0	0.0	0	1400	0	38.4	2.0	16
2021102079	2024-06-23	7	0.0	0.3	3.0	0	1800	3	38.4	2.0	15
2021102079	2024-07-14	2	320.0	0.4	0.0	0	1700	0	38.0	2.0	14
2021102079	2024-08-04	2	320.0	0.3	1.0	0	1700	2	39.0	2.0	13
2021102079	2024-08-24	1	800.0	0.0	0.0	0	1700	0	39.1	2.0	12
2021102079	2024-11-03	4	170.0	1.0	0.0	0	1400	1	38.6	3.0	9
2021102079	2024-11-24	1	1140.0	0.0	1.0	0	1400	0	37.6	3.0	16
2021102079	2025-01-05	1	1875.0	0.0	0.0	0	1200	0	35.9	4.0	16
2021102079	2025-02-09	11	0.0	1.3	0.0	0	1200	2	37.3	5.0	16
2021102079	2025-05-04	13	0.0	3.1	0.0	0	1200	2	40.5	5.0	15
2021102079	2025-05-18	16	0.0	2.3	1.0	0	1400	2	37.4		16
2021102079	2025-10-26	14	0.0	1.3	3.0	1	1000	2	34.5		17
2021102079	2026-01-18	12	0.0	1.2	0.0	0	1200	0	38.3	5.0	16
2021102273	2024-03-23	15	0.0	2.9	1.0	1	1600	0	36.2	1.0	16
2021102273	2024-05-19	6	0.0	1.3	1.0	1	1800	0	35.0	1.0	14
2021102273	2025-01-18	3	7.2	0.0	0.0	0	1400	0	38.2	10.0	10
2021102273	2025-02-01	1	40.0	0.0	3.0	0	1400	2	39.6	10.0	11
2021102273	2025-02-16	1	40.0	0.0	1.0	0	1400	3	39.1	10.0	10
2021102273	2025-03-06	1	40.0	0.0	1.0	0	1400	1	40.2	10.0	12
2021102273	2025-03-23	1	40.0	0.0	0.0	0	1400	0	39.9	10.0	11
2021102273	2025-04-20	1	42.0	0.0	1.0	0	1400	1	38.5	11.0	11
2021102273	2025-10-25	14	0.0	6.1	0.0	0	1800	0	43.1	2.0	14
2021102273	2025-12-28	10	0.0	1.6	0.0	0	1200	0	38.2	2.0	16
2021102273	2026-01-18	13	0.0	3.3	0.0	0	1800	0	40.4	2.0	14
2021102388	2023-05-10	3	52.5	0.7	0.0	0	1100	0	38.7	0.0	8
2021102388	2023-05-25	2	33.6	1.0	0.0	0	1200	0	39.1	1.0	12
2021102388	2023-06-28	1	120.0	0.0	1.0	0	1200	2	39.1	1.0	9
2021102388	2023-07-27	3	84.0	1.0	0.0	0	1200	0	38.9	18.0	12
2021102388	2023-08-20	2	645.6	0.2	1.0	1	1500	2	37.0	5.0	9
2021102388	2023-09-02	8	0.0	3.3	1.0	1	1800	2	38.8		10
2021102388	2023-10-19	1	100.0	0.0	1.0	0	1200	2	37.9	5.0	9
2021102388	2023-11-12	4	104.0	1.1	1.0	0	1600	3	38.9	18.0	9
2021102388	2024-01-06	4	120.0	0.5	0.0	1	1200	0	34.0	2.0	13
2021102388	2024-02-10	10	0.0	1.6	0.0	1	1400	0	33.9	2.0	13
2021102388	2024-04-07	8	0.0	0.7	0.0	1	1200	1	34.8	2.0	13
2021102388	2024-04-13	9	0.0	1.3	0.0	1	1200	0	34.7	2.0	16
2021102388	2024-07-14	9	0.0	0.3	0.0	1	1200	0	34.4	2.0	15
2021102388	2024-08-03	8	0.0	0.7	0.0	1	1500	0	34.7	5.0	14
2021102388	2024-10-26	8	0.0	1.1	0.0	0	1800	0	38.4	2.0	13
2021102388	2025-01-06	1	800.0	0.0	2.0	0	1800	0	38.7	2.0	16
2021102388	2025-01-25	7	0.0	1.1	1.0	0	1800	0	38.2	3.0	13
2021102388	2025-03-23	15	0.0	3.4	0.0	0	1900	0	40.5	5.0	16
2021102388	2025-04-05	9	0.0	1.5	0.0	0	1800	2	39.0	3.0	16
2021102388	2025-06-29	5	84.0	1.3	0.0	2	2860	0	13.5	1.0	12
2021102388	2025-07-20	2	340.0	0.1	0.0	2	2770	0	13.5	1.0	14
2021102388	2025-10-18	2	340.0	0.7	3.0	2	2910	0	13.7	1.0	11
2021102388	2026-01-18	3	210.0	0.6	0.0	2	2880	0	13.5	1.0	14
2021102654	2023-11-26	11	0.0	6.2	0.0	0	1800	0	43.8	0.0	15
2021102654	2024-01-17	1	110.0	0.0	0.0	0	1500	0	39.6		12
2021102654	2024-04-07	12	0.0	2.3	0.0	0	1400	0	39.4	2.0	16
2021102654	2024-04-28	9	0.0	3.0	0.0	0	1400	0	38.1	2.0	12
2021102654	2024-06-09	7	0.0	2.0	2.0	0	1700	0	38.8	2.0	12
2021102654	2024-06-22	5	80.0	2.9	1.0	0	1700	0	39.6	2.0	8
2021102654	2024-07-06	10	0.0	2.4	1.0	0	1700	2	39.2	2.0	10
2021102654	2024-07-27	14	0.0	3.4	1.0	0	1700	0	39.2	2.0	14
2021102654	2025-02-01	6	0.0	5.1	2.0	2	2860	0	13.6	1.0	12
2021102654	2025-02-22	6	0.0	0.6	0.0	2	2860	0	13.8	1.0	11
2021102654	2025-03-30	9	0.0	4.2	0.0	2	2970	0	14.2	1.0	14
2021102654	2025-04-27	5	84.0	1.7	0.0	2	2910	0	14.0	1.0	12
2021102654	2025-07-13	7	0.0	2.6	1.0	2	2860	0	13.8	1.0	12
2021102654	2025-08-02	13	0.0	3.0	0.0	1	2000	0	36.9	2.0	13
2021102654	2025-09-07	3	210.0	0.8	0.0	2	2880	0	13.9	1.0	13
2021102654	2025-09-21	5	84.0	4.7	0.0	2	2970	0	13.9	1.0	8
2021102654	2025-11-02	4	130.0	0.8	0.0	2	2910	0	14.0	1.0	10
2021102654	2025-12-14	10	0.0	6.0	3.0	2	2880	2	14.2	1.0	14
2021102654	2026-01-18	7	0.0	2.5	0.0	2	2880	0	13.6	1.0	14
2021102707	2023-10-21	7	0.0	1.0	0.0	1	2000	0	33.9	0.0	16
2021102707	2023-11-04	11	0.0	1.2	0.0	1	2000	0	35.4	1.0	14
2021102707	2024-05-19	9	0.0	2.2	1.0	0	1600	0	38.2	1.0	16
2021102707	2024-06-15	12	0.0	3.7	0.0	0	1700	0	41.4	1.0	14
2021102707	2024-10-08	2	11.2	0.9	0.0	0	1800	2	40.9		11
2021102707	2024-10-22	2	11.2	0.3	1.0	0	1700	2	41.4		10
2021102707	2024-10-31	9	0.0	2.7	0.0	0	1800	0	42.4	5.0	12
2021102707	2024-12-18	1	50.0	0.0	0.0	0	1400	0	38.0	10.0	11
2021102707	2025-01-04	1	50.0	0.0	0.0	0	1500	0	39.1	11.0	10
2021102707	2025-01-20	2	26.3	0.7	0.0	0	2000	2	41.1	5.0	10
2021102707	2025-01-31	3	10.0	0.4	1.0	0	920	0	36.6		10
2021102707	2025-02-14	1	50.0	0.0	0.0	0	1400	0	38.7		10
2021102707	2025-10-12	8	0.0	0.8	1.0	0	1600	0	37.3	2.0	16
2021102707	2026-01-18	6	0.0	1.3	0.0	0	1800	0	39.6	2.0	14
2021102754	2024-03-02	8	0.0	1.1	0.0	0	1800	1	39.4	1.0	12
2021102754	2024-03-17	2	220.0	0.1	1.0	0	1400	0	37.3	1.0	16
2021102754	2024-04-14	2	220.0	0.1	0.0	0	1200	0	38.5	1.0	16
2021102754	2024-05-04	2	220.0	0.3	0.0	0	1400	0	38.8	1.0	16
2021102754	2024-06-01	1	550.0	0.0	0.0	0	1400	2	38.0	1.0	16
2021102754	2024-12-01	5	80.0	0.7	0.0	0	1200	0	37.6	2.0	14
2021102754	2024-12-21	11	0.0	1.7	1.0	0	1400	0	38.6	2.0	16
2021102754	2025-03-23	2	320.0	0.1	0.0	0	1400	0	38.4	2.0	16
2021102754	2025-03-29	3	200.0	0.5	0.0	0	1200	2	38.1	2.0	16
2021102754	2025-05-10	3	200.0	0.5	1.0	0	1200	2	37.2	2.0	13
2021102754	2025-05-31	3	200.0	0.2	1.0	0	1400	0	37.9	2.0	16
2021102754	2025-11-08	1	800.0	0.0	0.0	0	1400	0	37.1	2.0	16
2021102754	2025-11-22	5	114.0	0.1	0.0	0	1400	0	37.8	3.0	16
2021102754	2026-01-18	15	0.0	2.9	0.0	0	1400	0	40.4	5.0	16
2021102900	2024-03-17	12	0.0	4.1	1.0	0	1800	0	39.8	1.0	15
2021102900	2024-04-13	15	0.0	4.0	0.0	1	2000	0	38.0	1.0	16
2021102900	2024-05-31	1	54.0	0.0	1.0	0	1500	3	39.7		12
2021102900	2024-06-25	1	54.0	0.0	1.0	0	1500	1	39.1		12
2021102900	2024-07-24	1	50.0	0.0	1.0	0	1500	0	40.0		12
2021102900	2024-08-20	2	17.5	0.3	1.0	0	1500	3	38.9		11
2021102900	2024-09-18	1	160.0	0.0	0.0	0	1400	0	38.5		12
2021102900	2024-10-22	2	40.0	1.0	1.0	0	1500	0	39.9	10.0	11
2021102900	2024-11-18	12	0.0	8.2	0.0	0	1400	0	49.1	10.0	12
2021102900	2025-06-23	2	40.0	0.0	1.0	0	1500	0	38.8	10.0	7
2021102900	2025-07-24	3	37.5	1.6	0.0	0	2000	0	40.4	5.0	9
2021102900	2025-08-19	2	60.0	0.0	0.0	0	1500	2	38.4	5.0	11
2021102900	2025-09-08	7	0.0	1.5	0.0	0	1400	2	41.7	10.0	10
2021102900	2025-11-22	16	0.0	3.3	0.0	1	2000	0	36.2	2.0	16
2021102900	2025-12-06	11	0.0	2.9	0.0	0	1800	0	39.7	2.0	16
2021102900	2025-12-21	13	0.0	3.1	3.0	0	1800	2	39.9	2.0	16
2021102900	2026-01-18	12	0.0	2.1	0.0	0	1800	0	39.2	2.0	14
2021103095	2024-06-15	12	0.0	3.2	0.0	0	1400	0	38.1	1.0	16
2021103095	2024-08-25	1	550.0	0.0	1.0	0	1200	0	37.0	1.0	15
2021103095	2024-09-07	1	800.0	0.0	0.0	0	1200	0	37.4	2.0	16
2021103095	2025-03-16	2	460.0	0.1	2.0	0	1200	3	37.8	3.0	16
2021103095	2025-04-12	1	1140.0	0.0	0.0	0	1200	0	36.5	3.0	16
2021103095	2025-07-05	1	1874.3	0.0	0.0	0	1150	0	36.1	4.0	16
2021103095	2025-07-20	2	888.4	0.4	0.0	0	1150	0	36.3	5.0	13
2021103095	2026-01-18	15	0.0	2.2	0.0	0	1200	0	39.1	5.0	16
2021103154	2024-01-13	2	250.0	0.2	0.0	0	1800	0	37.0	0.0	16
2021103154	2024-02-04	1	550.0	0.0	1.0	0	1800	0	38.4	1.0	9
2021103154	2024-03-02	5	78.0	2.4	1.0	0	1800	2	40.4	2.0	6
2021103154	2024-05-18	5	78.0	1.8	0.0	0	1600	0	37.3	2.0	10
2021103154	2024-06-08	6	0.0	1.9	0.0	0	1900	0	40.0	2.0	16
2021103154	2024-08-24	12	0.0	2.7	0.0	0	1800	0	39.3	2.0	13
2021103154	2024-09-16	3	200.0	0.8	1.0	0	1800	2	37.6	2.0	11
2021103154	2024-10-06	3	200.0	0.8	0.0	0	1800	0	37.7	2.0	8
2021103154	2024-10-20	2	320.0	0.0	0.0	0	1800	2	38.4	2.0	10
2021103154	2024-11-10	5	80.0	1.0	1.0	0	1600	0	37.0	2.0	16
2021103154	2025-02-01	10	0.0	0.6	2.0	0	1700	0	38.0	2.0	16
2021103154	2025-02-09	6	0.0	1.1	0.0	0	1800	2	38.2	2.0	10
2021103154	2025-02-23	3	200.0	0.6	1.0	0	1800	0	38.2	2.0	12
2021103154	2025-05-18	1	800.0	0.0	0.0	0	1900	1	36.2	2.0	10
2021103154	2025-06-01	8	0.0	0.9	0.0	0	1800	0	37.9	5.0	14
2021103154	2025-07-19	6	0.0	1.5	1.0	0	1700	1	37.4	5.0	16
2021103154	2025-08-26	3	50.0	0.7	1.0	0	1600	0	38.7		10
2021103154	2025-09-06	7	0.0	2.6	0.0	0	1800	2	38.6	5.0	9
2021103154	2025-11-16	3	290.0	0.5	0.0	0	1800	0	37.6	3.0	16
2021103154	2025-12-07	2	629.2	0.0	0.0	0	1800	0	37.4	5.0	13
2021103154	2025-12-28	3	290.0	0.1	0.0	0	1800	0	37.9	3.0	13
2021103154	2026-01-18	5	158.0	0.5	0.0	0	1800	0	37.5	5.0	16
2021103555	2024-02-24	11	0.0	2.3	0.0	0	1800	2	39.5	1.0	16
2021103555	2024-03-10	7	0.0	1.0	0.0	1	2200	0	35.3	1.0	11
2021103555	2024-05-25	4	83.0	1.0	1.0	1	2400	0	34.9	1.0	9
2021103555	2024-06-23	5	55.0	0.6	2.0	1	2400	2	36.2	1.0	17
2021103555	2024-07-14	5	55.0	1.1	0.0	1	2600	0	35.8	1.0	16
2021103555	2024-08-10	2	220.0	0.1	0.0	1	2400	0	35.8	1.0	18
2021103555	2024-08-24	1	550.0	0.0	0.0	1	2000	0	35.6	1.0	18
2021103555	2024-10-19	4	170.0	0.3	3.0	1	2200	2	35.5	5.0	10
2021103555	2024-11-17	4	170.0	0.5	0.0	1	2600	0	36.8	5.0	15
2021103555	2025-03-23	12	0.0	2.1	0.0	1	2500	0	37.3	2.0	16
2021103555	2025-04-12	13	0.0	1.9	1.0	1	2600	0	37.2	2.0	16
2021103555	2025-05-10	9	0.0	0.7	1.0	1	2200	2	36.8	5.0	15
2021103555	2025-05-24	14	0.0	2.1	2.0	1	2000	0	36.4	5.0	16
2021103555	2025-08-31	8	0.0	3.0	0.0	1	2000	0	36.2	2.0	9
2021103555	2025-09-27	4	130.0	1.1	1.0	2	2880	0	13.8	1.0	11
2021103555	2025-12-14	6	0.0	2.6	3.0	2	2880	2	13.9	1.0	14
2021103555	2026-01-18	2	340.0	0.4	0.0	2	2880	0	13.5	1.0	14
2021103588	2023-12-03	1	720.0	0.0	0.0	0	1200	0	37.1	0.0	16
2021103588	2023-12-23	4	120.0	0.7	0.0	0	1200	0	36.7	2.0	15
2021103588	2024-02-17	14	0.0	3.1	1.0	0	1400	0	39.0	2.0	16
2021103588	2024-08-18	8	0.0	1.6	0.0	0	1200	0	36.7	2.0	15
2021103588	2024-09-16	8	0.0	0.7	1.0	0	1200	0	37.1	2.0	16
2021103588	2024-10-06	13	0.0	2.8	1.0	0	1400	1	37.3	2.0	16
2021103588	2025-01-12	6	0.0	0.6	1.0	0	1200	0	36.5	2.0	16
2021103588	2025-03-22	3	200.0	0.2	0.0	0	1200	2	35.8	2.0	16
2021103588	2025-04-13	2	320.0	0.6	3.0	0	1200	2	36.1	2.0	16
2021103588	2025-05-10	10	0.0	1.3	1.0	0	1300	1	35.2	2.0	16
2021103588	2025-07-19	1	800.0	0.0	0.0	0	1150	0	35.6	2.0	11
2021103588	2025-09-27	11	0.0	1.0	0.0	0	1200	0	35.8	3.0	16
2021103588	2025-11-02	7	0.0	1.0	0.0	0	1200	2	34.6	3.0	15
2021103588	2025-11-29	12	0.0	0.9	0.0	0	1200	0	35.5	3.0	16
2021103588	2026-01-18	14	0.0	1.8	0.0	0	1400	0	36.9	5.0	16
2021103708	2024-02-17	2	220.0	0.1	1.0	0	1400	2	37.4	1.0	16
2021103708	2024-03-03	1	550.0	0.0	0.0	0	1400	2	37.8	1.0	16
2021103708	2025-03-30	2	320.0	0.1	0.0	0	1400	0	36.6	2.0	13
2021103708	2025-04-19	1	800.0	0.0	0.0	0	1400	0	37.0	2.0	15
2021103708	2025-05-24	5	155.0	1.0	3.0	0	1400	2	35.7	3.0	13
2021103708	2025-08-17	7	0.0	0.8	0.0	0	1400	0	37.0	5.0	16
2021103708	2025-10-05	15	0.0	2.2	1.0	0	1400	1	37.6	3.0	16
2021103708	2025-12-27	8	0.0	1.0	0.0	0	1400	2	38.5	3.0	16
2021103708	2026-01-18	2	640.0	0.2	0.0	0	1800	0	37.4	5.0	16
2021104176	2024-02-04	2	250.0	0.2	1.0	1	1800	0	33.9	0.0	16
2021104176	2024-03-30	10	0.0	1.7	0.0	1	1800	0	36.9	1.0	18
2021104176	2024-06-23	10	0.0	1.4	2.0	1	1600	1	36.6	1.0	18
2021104176	2024-07-20	8	0.0	0.9	0.0	1	1800	0	35.8	1.0	14
2021104176	2024-08-11	1	550.0	0.0	0.0	0	1700	0	39.0	1.0	14
2021104176	2024-08-31	5	80.0	0.8	1.0	0	1700	1	37.4	2.0	14
2021104176	2024-11-24	1	800.0	0.0	1.0	0	1800	0	38.2	2.0	15
2021104176	2025-03-22	5	114.0	1.1	0.0	0	1800	0	39.5	3.0	16
2021104176	2025-08-24	6	0.0	1.1	0.0	0	1800	0	37.4	5.0	16
2021104176	2025-09-13	4	230.0	0.3	1.0	0	1800	0	37.4	5.0	9
2021104176	2025-12-13	2	631.6	0.1	1.0	0	1800	0	36.8	5.0	16
2021104176	2026-01-18	4	240.0	0.5	0.0	0	1800	0	36.6	5.0	16
2021104326	2023-10-28	3	145.0	0.3	0.0	1	1600	0	34.3	0.0	13
2021104326	2023-11-26	4	83.0	0.2	1.0	1	1600	0	34.5	1.0	18
2021104326	2023-12-16	1	550.0	0.0	0.0	1	1600	0	35.2	1.0	16
2021104326	2024-02-18	10	0.0	0.8	0.0	1	1600	0	34.7	2.0	12
2021104326	2024-03-16	1	780.0	0.0	0.0	1	1600	0	35.0	2.0	9
2021104326	2024-04-06	3	1416.0	0.1	1.0	1	1600	2	35.6		16
2021104326	2024-05-05	11	0.0	1.1	0.0	1	1600	0	34.1		18
2021104326	2024-12-22	5	155.0	0.4	0.0	1	1600	0	35.5	3.0	16
2021104326	2025-01-11	2	460.0	0.1	0.0	1	1600	0	34.4	3.0	10
2021104326	2025-01-25	1	1573.8	0.0	1.0	1	1600	0	34.3	3.0	10
2021104326	2025-03-15	8	0.0	0.4	1.0	1	1600	0	35.6	4.0	13
2021104326	2025-04-12	3	464.4	0.3	0.0	1	1600	0	34.8	4.0	14
2021104326	2025-05-10	7	0.0	0.3	1.0	1	1600	2	33.6	4.0	15
2021104326	2025-07-19	3	463.4	0.1	0.0	1	1800	0	36.0	4.0	10
2021104326	2025-09-27	15	0.0	1.7	0.0	1	1600	0	35.9	4.0	16
2021104326	2025-12-13	4	280.0	0.2	1.0	1	1800	0	34.4	4.0	16
2021104326	2026-01-18	12	0.0	1.1	0.0	1	1600	0	35.1	4.0	15
2021104365	2023-10-07	6	0.0	0.8	0.0	1	1600	0	34.9	0.0	18
2021104365	2023-11-05	7	0.0	1.2	0.0	1	1600	0	34.2	1.0	13
2021104365	2023-11-19	6	0.0	1.0	0.0	1	1800	0	35.2	1.0	16
2021104365	2024-06-08	5	55.0	0.7	0.0	1	1800	0	33.3	1.0	18
2021104365	2024-06-22	9	0.0	1.1	0.0	1	1600	2	34.9	1.0	16
2021104365	2024-07-20	9	0.0	0.8	1.0	1	2000	0	35.3	1.0	16
2021104365	2024-09-02	4	5.9	0.6	3.0	0	1200	2	39.4	10.0	11
2021104365	2024-09-29	1	45.0	0.0	0.0	0	1300	0	39.5	10.0	9
2021104365	2024-10-15	2	14.0	0.1	1.0	0	1400	0	38.6	10.0	8
2021104365	2024-10-29	2	14.0	0.3	0.0	0	1400	2	39.0	10.0	9
2021104365	2024-11-10	1	45.0	0.0	0.0	0	1400	0	37.7	11.0	10
2021104365	2024-12-11	1	45.0	0.0	1.0	0	1600	3	39.0	11.0	11
2021104365	2025-01-24	4	15.0	0.5	0.0	0	1200	0	38.2	10.0	12
2021104365	2025-02-14	1	100.0	0.0	0.0	0	1500	0	38.6	10.0	12
2021104365	2025-03-11	1	100.0	0.0	1.0	0	1500	0	39.2	10.0	10
2021104365	2025-03-31	1	150.0	0.0	1.0	0	1600	0	38.8	10.0	6
2021104365	2025-06-22	1	800.0	0.0	0.0	0	1600	0	37.9	2.0	16
2021104365	2025-10-05	10	0.0	1.2	1.0	0	1600	0	37.8	3.0	16
2021104365	2025-10-18	11	0.0	2.0	1.0	0	1400	0	38.4	3.0	14
2021104365	2026-01-18	15	0.0	3.0	0.0	0	1800	0	41.5	3.0	16
2021104399	2023-06-17	4	110.0	0.3	1.0	1	1200	0	36.1	0.0	14
2021104399	2023-07-01	2	220.0	0.5	1.0	1	1200	2	36.0	1.0	9
2021104399	2023-07-16	2	220.0	0.2	1.0	1	1200	2	36.2	1.0	16
2021104399	2023-11-12	1	550.0	0.0	1.0	0	1200	2	37.1	1.0	13
2021104399	2023-12-10	2	310.0	0.2	0.0	0	1200	0	37.2	2.0	7
2021104399	2024-03-03	1	780.0	0.0	0.0	0	1400	2	39.0	2.0	11
2021104399	2024-03-31	10	0.0	2.3	1.0	0	1400	0	38.9	5.0	11
2021104399	2024-06-08	11	0.0	4.2	1.0	0	1400	0	37.5	5.0	11
2021104399	2024-12-14	12	0.0	2.5	1.0	0	1800	0	40.1	5.0	12
2021104399	2025-01-25	2	628.4	0.0	0.0	0	1800	0	37.3	5.0	13
2021104399	2025-03-23	6	0.0	0.4	0.0	0	1800	0	38.2	3.0	15
2021104399	2025-04-13	12	0.0	3.0	3.0	0	1800	2	42.0	5.0	12
2021104399	2025-08-24	4	230.0	0.8	0.0	0	1800	0	36.5	5.0	16
2021104399	2025-09-13	8	0.0	1.7	1.0	0	1800	0	38.7	5.0	9
2021104399	2025-10-18	9	0.0	2.6	1.0	0	1400	2	38.3	3.0	12
2021104399	2026-01-18	2	640.8	0.1	0.0	0	1400	0	36.1	5.0	16
2021104424	2023-10-22	5	72.0	1.2	1.0	0	1800	1	39.0	0.0	15
2021104424	2023-11-12	5	55.0	0.3	1.0	0	1700	0	38.4	1.0	15
2021104424	2023-11-25	5	55.0	1.4	0.0	0	1800	0	38.1	1.0	16
2021104424	2024-01-13	2	220.0	0.5	0.0	0	1700	0	39.0	1.0	14
2021104424	2024-01-27	1	550.0	0.0	0.0	0	1700	0	39.2	1.0	12
2021104424	2024-02-25	10	0.0	1.1	0.0	0	1700	2	38.1	2.0	12
2021104424	2024-03-09	7	0.0	2.7	0.0	0	1800	2	39.8	2.0	14
2021104424	2024-06-15	9	0.0	2.2	1.0	0	1800	0	38.9	2.0	14
2021104424	2024-09-08	4	120.0	0.8	0.0	0	1400	0	36.9	2.0	13
2021104424	2024-09-28	8	0.0	1.0	1.0	0	1400	0	37.3	2.0	11
2021104424	2024-10-05	9	0.0	0.5	0.0	0	1400	2	37.8	2.0	14
2021104424	2025-03-16	5	80.0	0.7	2.0	0	1400	1	36.2	2.0	16
2021104424	2025-03-30	1	800.0	0.0	0.0	0	1400	0	37.4	2.0	13
2021104424	2025-04-19	10	0.0	1.2	0.0	0	1400	0	38.3	5.0	16
2021104424	2025-07-26	15	0.0	2.8	0.0	0	1400	0	38.4	5.0	16
2021104424	2025-10-12	13	0.0	1.8	1.0	0	1300	0	37.1	3.0	16
2021104424	2025-11-22	9	0.0	1.0	0.0	0	1400	0	37.7	3.0	16
2021104424	2026-01-18	15	0.0	1.5	0.0	0	1800	0	37.8	5.0	16
2021104846	2023-10-09	1	720.0	0.0	1.0	1	2000	1	34.4	0.0	10
2021104846	2023-11-25	7	0.0	0.6	0.0	1	2000	0	36.3		14
2021104846	2024-02-11	3	273.1	0.1	0.0	1	2000	0	34.5	2.0	10
2021104846	2024-03-24	2	436.4	0.3	2.0	1	2200	1	35.4	2.0	10
2021104846	2024-06-23	1	800.0	0.0	1.0	1	2600	0	36.8	2.0	10
2021104846	2024-07-07	4	230.0	1.5	1.0	1	2600	2	37.2	5.0	10
2021104846	2024-10-13	1	1140.0	0.0	0.0	1	1800	0	33.7	3.0	8
2021104846	2024-12-01	1	1867.3	0.0	0.0	1	1800	0	33.4	4.0	13
2021104846	2025-02-09	9	0.0	0.7	0.0	1	1600	0	34.4		16
2021104846	2025-03-09	3	704.3	0.5	0.0	1	1800	0	33.5		14
2021104846	2025-05-17	6	0.0	0.7	1.0	1	2000	2	34.9		16
2021104846	2025-09-13	1	4352.5	0.0	1.0	1	2000	0	34.5		15
2021104846	2025-12-06	10	0.0	1.0	0.0	1	1800	0	34.6		14
2021104846	2026-01-18	13	0.0	1.5	0.0	1	2400	0	34.9		13
2021104856	2023-07-16	4	110.0	1.1	0.0	1	1800	0	36.3	0.0	13
2021104856	2023-12-02	10	0.0	0.9	0.0	1	1600	0	35.2	1.0	15
2021104856	2024-01-21	2	220.0	0.7	3.0	0	1800	3	38.9	1.0	15
2021104856	2024-03-02	2	220.0	0.2	1.0	0	1800	1	39.7	1.0	16
2021104856	2024-05-11	1	550.0	0.0	0.0	0	1600	0	36.3	1.0	16
2021104856	2024-07-14	6	0.0	1.7	0.0	0	1700	0	38.9	2.0	14
2021104856	2024-09-08	8	0.0	1.0	0.0	0	1800	0	39.9	2.0	16
2021104856	2024-10-06	8	0.0	0.8	1.0	0	1600	1	37.4	2.0	16
2021104856	2024-12-14	4	120.0	0.8	0.0	0	1800	0	38.1	2.0	16
2021104856	2025-01-11	2	320.0	0.3	0.0	0	1800	2	40.2	2.0	13
2021104856	2025-03-01	2	320.0	0.0	0.0	0	1800	0	38.0	2.0	13
2021104856	2025-03-29	1	800.0	0.0	3.0	0	1800	2	40.0	2.0	11
2021104856	2025-05-25	3	394.8	0.3	1.0	0	1600	3	35.6	5.0	16
2021104856	2025-06-15	5	155.0	0.9	1.0	0	1800	1	38.4	5.0	16
2021104856	2026-01-18	5	119.0	1.4	0.0	0	1800	0	40.2	3.0	16
2021105247	2024-01-13	7	0.0	2.4	0.0	0	1800	0	38.4	0.0	16
2021105247	2024-03-10	4	83.0	0.6	0.0	0	1800	0	39.8	1.0	13
2021105247	2024-03-23	6	0.0	1.9	3.0	0	1800	3	38.3	1.0	13
2021105247	2024-04-14	5	55.0	2.1	0.0	0	1800	0	41.0	1.0	15
2021105247	2024-06-08	12	0.0	4.3	0.0	0	1800	0	41.4	1.0	16
2021105247	2024-07-07	6	0.0	1.4	0.0	1	1800	0	36.0	1.0	16
2021105247	2024-08-25	3	140.0	0.2	0.0	1	2200	0	35.1	1.0	18
2021105247	2024-09-01	1	550.0	0.0	1.0	1	2000	1	35.6	1.0	18
2021105247	2024-12-07	4	120.0	0.4	1.0	1	2200	0	35.6	2.0	18
2021105247	2025-08-03	3	200.0	0.3	0.0	1	2200	0	34.6	2.0	8
2021105247	2025-11-02	6	0.0	0.3	0.0	1	2200	0	34.1	2.0	16
2021105247	2025-11-24	13	0.0	1.2	1.0	1	2600	0	36.3	5.0	16
2021105247	2026-01-18	1	820.0	0.0	0.0	1	2400	0	35.3	2.0	12
2021105253	2023-12-10	12	0.0	0.8	0.0	1	1600	0	34.6	0.0	17
2021105253	2023-12-24	13	0.0	1.6	0.0	1	1600	0	35.9	1.0	16
2021105253	2024-03-23	8	0.0	1.1	3.0	1	1400	1	36.3	1.0	18
2021105253	2024-04-14	6	0.0	0.6	0.0	0	1200	0	38.9	1.0	16
2021105253	2024-05-18	4	83.0	1.1	0.0	0	1200	0	37.5	1.0	16
2021105253	2024-06-16	3	140.0	2.1	1.0	0	1200	2	37.1	1.0	14
2021105253	2024-08-07	1	250.0	0.0	1.0	0	1400	0	41.6	11.0	11
2021105253	2024-10-19	3	200.0	0.2	3.0	0	1400	2	37.7	2.0	15
2021105253	2024-11-17	7	0.0	0.4	1.0	0	1400	0	38.0	2.0	16
2021105253	2025-05-31	1	800.0	0.0	1.0	0	1400	0	37.4	2.0	16
2021105253	2025-06-22	12	0.0	2.6	0.0	0	1400	0	38.8	5.0	16
2021105253	2026-01-18	9	0.0	0.8	0.0	0	1400	0	37.9	5.0	16
2021105271	2023-10-21	3	180.0	0.6	0.0	1	2000	0	34.2	0.0	16
2021105271	2023-12-03	2	220.0	0.2	0.0	1	2000	0	34.5	1.0	18
2021105271	2024-01-13	4	83.0	0.6	0.0	1	2000	0	35.0	1.0	17
2021105271	2024-02-04	1	550.0	0.0	1.0	0	2100	0	36.9	1.0	16
2021105271	2024-03-10	1	780.0	0.0	0.0	0	1800	2	38.9	2.0	16
2021105271	2024-04-27	2	1516.6	0.4	1.0	0	1900	0	38.0		16
2021105271	2024-06-05	2	3500.0	1.2	0.0	0	2000	2	38.9		16
2021105271	2024-10-02	13	0.0	5.4	0.0	0	2000	0	43.2		15
2021105271	2024-11-16	14	0.0	2.1	1.0	1	2000	0	36.1		15
2021105271	2025-01-26	13	0.0	1.6	0.0	0	1800	0	38.0		16
2021105271	2025-05-04	5	240.0	1.2	0.0	0	2100	2	37.4		16
2021105271	2025-06-21	8	0.0	1.6	0.0	0	2100	0	39.3	5.0	11
2021105271	2025-10-19	12	0.0	5.3	2.0	0	2100	0	42.3		12
2021105271	2026-01-18	6	0.0	1.7	0.0	2	2880	0	13.6	1.0	14
2021105475	2023-07-02	12	0.0	2.4	0.0	1	1800	0	37.5	0.0	16
2021105475	2023-08-20	3	140.0	0.3	0.0	1	1800	0	35.8	1.0	9
2021105475	2023-09-17	1	550.0	0.0	1.0	1	2000	0	36.5	1.0	10
2021105475	2023-12-02	3	273.1	0.4	0.0	1	2000	0	34.7	2.0	9
2021105475	2024-01-14	11	0.0	1.4	0.0	1	2000	0	34.8		14
2021105475	2024-03-30	9	0.0	0.5	0.0	1	2200	2	35.4	2.0	14
2021105475	2024-04-20	6	0.0	0.6	0.0	1	2300	0	36.2	2.0	11
2021105475	2024-06-29	1	1127.5	0.0	0.0	1	2600	0	35.1	5.0	8
2021105475	2024-07-28	7	0.0	1.0	1.0	1	2600	2	37.1	5.0	12
2021105475	2024-09-21	4	230.0	0.4	1.0	1	2500	0	35.0	5.0	11
2021105475	2024-12-01	3	290.0	0.6	0.0	1	2500	0	36.2	3.0	11
2021105475	2026-01-18	9	0.0	1.1	0.0	1	2200	0	35.0	3.0	16
2021105516	2023-10-21	5	72.0	0.8	0.0	1	2000	0	34.6	0.0	16
2021105516	2023-12-23	1	550.0	0.0	0.0	0	1800	0	39.8	1.0	15
2021105516	2024-02-25	1	1100.1	0.0	2.0	1	1800	2	36.2	2.0	13
2021105516	2024-04-28	9	0.0	1.0	0.0	1	1800	0	35.9		13
2021105516	2024-06-12	8	0.0	5.2	0.0	0	2100	0	44.8		11
2021105516	2024-09-07	10	0.0	1.6	0.0	1	2000	0	35.6		13
2021105516	2024-11-17	7	0.0	0.4	0.0	1	1400	0	34.0	3.0	18
2021105516	2025-02-16	9	0.0	1.3	0.0	1	1600	0	35.5	3.0	13
2021105516	2025-05-25	2	629.6	0.1	1.0	0	1600	3	35.8	5.0	16
2021105516	2025-07-05	4	230.0	0.8	0.0	0	1700	0	37.3	5.0	15
2021105516	2025-09-21	11	0.0	1.4	1.0	0	1800	0	39.4	3.0	16
2021105516	2025-11-24	5	114.0	1.0	0.0	0	1400	0	36.9	3.0	15
2021105516	2026-01-18	12	0.0	2.8	0.0	0	1800	0	41.7	3.0	16
2021105637	2023-07-30	3	180.0	1.2	0.0	1	1800	0	35.4	0.0	9
2021105637	2023-10-22	1	550.0	0.0	0.0	0	1800	0	37.6	1.0	11
2021105637	2023-11-05	3	273.3	0.2	0.0	0	1800	0	38.5	2.0	11
2021105637	2023-12-28	13	0.0	1.8	0.0	1	2000	0	36.4		16
2021105637	2024-01-21	4	120.0	0.7	1.0	0	1800	3	37.2	2.0	6
2021105637	2024-05-19	4	120.0	0.5	2.0	0	1800	0	37.6	2.0	12
2021105637	2024-10-05	9	0.0	1.8	0.0	0	1800	2	39.4	2.0	10
2021105637	2024-12-28	3	200.0	0.3	0.0	0	1800	0	38.5	2.0	16
2021105637	2025-01-13	13	0.0	2.6	0.0	0	1900	0	41.9	2.0	16
2021105637	2025-04-13	2	320.0	0.5	2.0	0	1800	2	38.0	2.0	10
2021105637	2025-05-10	6	0.0	0.9	1.0	0	1800	1	36.1	2.0	8
2021105637	2025-08-10	9	0.0	1.9	1.0	0	1900	0	39.6	2.0	13
2021105637	2025-11-30	9	0.0	1.5	0.0	0	1800	0	37.9	2.0	16
2021105637	2026-01-11	7	0.0	1.4	0.0	0	1800	0	37.6	2.0	14
2021105637	2026-01-18	4	120.0	0.5	0.0	0	1900	0	37.8	2.0	11
2021105789	2023-11-11	3	180.0	0.5	1.0	1	1800	0	34.1	0.0	12
2021105789	2024-01-27	4	83.0	0.7	0.0	1	1800	0	34.7	1.0	12
2021105789	2024-02-24	1	550.0	0.0	0.0	1	2000	2	36.3	1.0	16
2021105789	2024-03-24	5	107.0	1.0	1.0	1	2000	0	36.4	2.0	7
2021105789	2024-04-20	10	0.0	1.2	0.0	1	2300	0	37.0	2.0	11
2021105789	2024-07-21	10	0.0	1.0	0.0	1	2000	0	36.4	5.0	13
2021105789	2024-09-28	2	320.0	0.5	1.0	0	1800	0	39.5	2.0	16
2021105789	2024-12-01	1	800.0	0.0	0.0	0	1800	0	37.4	2.0	12
2021105789	2025-01-18	7	0.0	0.6	0.0	0	1800	0	38.8	3.0	13
2021105789	2025-03-23	5	114.0	0.3	0.0	0	1800	0	39.0	3.0	15
2021105789	2025-05-25	11	0.0	1.3	1.0	0	1600	3	36.7	5.0	16
2021105789	2025-08-02	4	230.0	1.3	0.0	0	1700	0	37.4	5.0	14
2021105789	2025-09-21	5	114.0	0.5	1.0	0	1800	0	38.3	3.0	16
2021105789	2025-11-09	7	0.0	0.8	3.0	0	1800	1	36.8	3.0	16
2021105789	2026-01-18	10	0.0	1.9	0.0	0	1800	0	39.9	3.0	16
2021105837	2024-01-08	4	93.0	0.8	0.0	1	1800	0	36.6	0.0	18
2021105837	2024-01-27	3	140.0	0.2	0.0	1	1800	0	34.2	1.0	12
2021105837	2024-03-16	3	140.0	0.1	0.0	1	1800	0	35.8	1.0	16
2021105837	2024-05-18	2	220.0	0.4	0.0	1	1600	0	33.0	1.0	18
2021105837	2024-06-09	1	550.0	0.0	1.0	1	1600	0	34.0	1.0	18
2021105837	2024-11-16	2	320.0	0.1	1.0	1	1600	0	34.2	2.0	18
2021105837	2024-12-15	1	800.0	0.0	0.0	1	1600	0	34.9	2.0	16
2021105837	2025-03-09	1	1140.0	0.0	0.0	1	1600	2	36.7	3.0	16
2021105837	2025-04-12	2	748.8	0.2	0.0	1	1600	0	34.2	4.0	14
2021105837	2025-05-10	4	280.0	0.1	1.0	1	1600	2	33.4	4.0	15
2021105837	2025-08-24	8	0.0	0.5	0.0	1	1600	0	33.8	4.0	18
2021105837	2025-09-27	11	0.0	1.2	0.0	1	1600	0	34.3	4.0	16
2021105837	2025-12-28	4	280.0	0.7	0.0	1	1600	0	34.7	4.0	16
2021105837	2026-01-18	4	280.0	0.4	0.0	1	1600	0	34.1	4.0	15
2021105973	2023-07-01	3	180.0	0.8	0.0	0	1000	1	35.3	0.0	6
2021105973	2023-07-23	3	140.0	0.7	0.0	0	1000	0	36.3	1.0	8
2021105973	2023-08-26	4	83.0	0.4	0.0	1	1200	0	36.2	1.0	11
2021105973	2023-09-17	9	0.0	0.9	0.0	0	1200	0	39.8	1.0	12
2021105973	2023-10-15	1	550.0	0.0	2.0	0	1200	0	37.0	1.0	11
2021105973	2023-11-01	9	0.0	1.6	3.0	0	1200	1	38.5		14
2021105973	2024-04-27	5	78.0	0.7	1.0	1	1600	0	34.5	2.0	9
2021105973	2024-05-19	8	0.0	0.8	1.0	1	1600	0	34.0	2.0	11
2021105973	2024-07-21	8	0.0	0.7	0.0	1	1500	0	34.5	2.0	14
2021105973	2024-08-11	11	0.0	1.3	0.0	1	1500	0	35.8	2.0	14
2021105973	2024-10-12	5	80.0	0.6	0.0	0	1200	0	36.3	2.0	14
2021105973	2024-10-26	2	320.0	0.4	0.0	0	1200	0	35.9	2.0	10
2021105973	2024-12-01	4	120.0	0.3	0.0	0	1200	0	36.0	2.0	14
2021105973	2024-12-22	3	200.0	0.1	0.0	0	1200	0	35.9	2.0	16
2021105973	2025-01-26	5	80.0	0.8	0.0	0	1700	0	36.8	2.0	11
2021105973	2025-02-09	1	800.0	0.0	0.0	0	1700	2	38.1	2.0	13
2021105973	2025-04-12	15	0.0	1.1	0.0	0	1200	0	36.5	3.0	16
2021105973	2025-05-10	8	0.0	1.9	1.0	0	1800	1	38.0	3.0	10
2021105973	2025-05-24	11	0.0	1.3	3.0	0	1400	2	35.5	3.0	13
2021105973	2025-06-29	8	0.0	1.1	0.0	0	1700	0	37.7	3.0	15
2021105973	2025-07-12	2	628.0	0.2	0.0	0	1700	0	38.6	5.0	13
2021105973	2025-08-09	5	114.0	1.5	0.0	0	1200	0	35.9	3.0	15
2021105973	2025-10-05	6	0.0	1.0	1.0	0	1400	1	36.3	3.0	16
2021105973	2025-10-18	2	460.0	0.4	1.0	0	1400	2	36.0	3.0	12
2021105973	2025-11-08	3	395.1	0.5	0.0	0	1400	0	36.4	5.0	16
2021105973	2025-12-06	2	630.4	0.4	0.0	0	1200	0	34.9	3.0	13
2021105973	2026-01-18	6	0.0	0.5	0.0	0	1400	0	37.2	5.0	16
2021106359	2023-10-15	15	0.0	4.7	0.0	1	1800	1	37.3	0.0	15
2021106359	2024-02-21	2	24.5	0.0	3.0	0	1400	3	37.8	5.0	8
2021106359	2024-03-23	7	0.0	1.9	3.0	0	1800	3	38.1	1.0	13
2021106359	2024-05-28	4	18.0	0.5	3.0	0	1500	3	38.7		12
2021106359	2024-06-23	1	385.0	0.0	2.0	0	1800	3	36.9	1.0	16
2021106359	2024-09-18	6	0.0	0.9	0.0	0	2000	0	40.2		11
2021106359	2024-10-13	5	80.0	0.3	0.0	0	1800	0	38.8	2.0	10
2021106359	2024-11-02	3	200.0	0.9	3.0	0	1800	3	37.8	2.0	8
2021106359	2024-11-17	11	0.0	1.5	1.0	0	1800	0	39.1	2.0	15
2021106359	2024-12-14	5	80.0	1.1	1.0	0	1800	0	38.5	2.0	16
2021106359	2025-01-06	10	0.0	1.9	2.0	0	1800	0	39.9	2.0	16
2021106359	2025-03-16	5	80.0	1.0	3.0	0	1800	1	40.4	2.0	13
2021106359	2025-04-13	1	800.0	0.0	2.0	0	1800	2	37.8	2.0	10
2021106359	2025-06-01	12	0.0	2.4	0.0	0	1800	0	40.4	5.0	14
2021106359	2025-06-29	6	0.0	1.0	0.0	0	1700	0	37.6	3.0	15
2021106359	2025-08-02	10	0.0	1.5	0.0	0	1800	0	40.4	5.0	12
2021106359	2025-12-07	13	0.0	3.8	0.0	0	1800	0	40.8	5.0	13
2021106359	2026-01-18	12	0.0	1.1	0.0	0	1800	0	38.5	5.0	16
2021106449	2023-11-26	1	720.0	0.0	0.0	1	1800	0	34.7	0.0	15
2021106449	2024-02-17	3	273.0	0.1	0.0	1	1800	0	33.0	2.0	9
2021106449	2024-05-11	1	1095.2	0.0	0.0	1	2000	0	33.0	2.0	11
2021106449	2024-10-20	1	1568.2	0.0	0.0	1	2200	0	34.4	5.0	8
2021106449	2024-12-08	4	280.0	0.6	2.0	1	2200	0	33.7	4.0	12
2021106449	2025-03-15	1	1872.9	0.0	2.0	1	1800	0	33.5	4.0	15
2021106449	2025-05-17	2	1716.0	0.3	1.0	1	2000	2	33.8		16
2021106449	2025-09-13	4	650.0	0.2	1.0	1	2000	0	34.8		15
2021106449	2025-10-05	16	0.0	1.2	1.0	1	2400	2	35.9		18
2021106449	2026-01-18	9	0.0	0.8	0.0	1	2400	0	33.7		13
2021106768	2023-10-07	10	0.0	1.7	0.0	1	1800	0	35.0	0.0	11
2021106768	2023-12-17	6	0.0	0.7	0.0	1	2000	0	36.9	1.0	18
2021106768	2024-01-20	7	0.0	1.3	1.0	1	2000	0	35.7	1.0	17
2021106768	2024-05-05	10	0.0	1.6	0.0	1	1800	0	35.1	1.0	16
2021106768	2024-05-18	8	0.0	1.0	0.0	1	2000	0	36.2	1.0	18
2021106768	2024-06-23	3	140.0	0.6	2.0	1	2400	2	36.4	1.0	17
2021106768	2024-07-14	4	83.0	0.9	0.0	1	2600	0	35.8	1.0	16
2021106768	2024-08-10	6	0.0	0.6	0.0	1	2400	0	36.7	1.0	18
2021106768	2025-01-25	6	0.0	0.7	0.0	1	2600	0	36.1	2.0	16
2021106768	2025-02-08	9	0.0	1.0	1.0	1	2600	2	37.5	5.0	14
2021106768	2025-03-02	6	0.0	1.8	2.0	1	2200	0	36.1	5.0	9
2021106768	2025-03-23	3	200.0	0.3	0.0	1	2400	0	33.8	2.0	9
2021106768	2025-04-19	5	80.0	1.4	0.0	1	2400	0	35.3	2.0	10
2021106768	2025-07-12	8	0.0	1.2	1.0	1	2000	0	37.9	2.0	14
2021106768	2025-11-02	11	0.0	0.9	0.0	1	2200	0	35.2	2.0	16
2021106768	2025-12-21	4	130.0	2.5	1.0	2	2880	1	13.8	1.0	14
2021106768	2026-01-18	4	130.0	0.7	0.0	2	2880	0	13.5	1.0	14
2021110060	2023-09-24	1	720.0	0.0	0.0	0	1800	0	37.5	0.0	8
2021110060	2023-11-25	11	0.0	1.2	0.0	0	1600	0	37.8	5.0	16
2021110060	2024-01-27	1	780.0	0.0	0.0	0	1600	0	38.4	2.0	14
2021110060	2024-05-04	1	1820.3	0.0	0.0	0	1600	2	37.4	5.0	8
2021110060	2024-08-04	9	0.0	2.1	0.0	0	1800	0	39.1		15
2021110060	2024-10-27	13	0.0	2.1	1.0	0	1400	0	36.8	5.0	16
2021110060	2025-02-10	10	0.0	1.9	0.0	0	1900	0	37.9	5.0	16
2021110060	2025-07-06	3	554.7	1.1	0.0	0	1700	0	38.3	5.0	15
2021110060	2025-08-23	7	0.0	1.1	0.0	0	1800	0	38.4		12
2021110060	2025-11-01	13	0.0	3.0	0.0	0	1600	1	38.2	5.0	16
2021110060	2026-01-18	10	0.0	1.0	0.0	0	1200	0	37.0	5.0	16
2021110077	2024-03-10	2	220.0	0.0	0.0	1	2000	0	34.1	1.0	10
2021110077	2024-04-06	2	220.0	0.2	0.0	1	2000	0	35.5	1.0	16
2021110077	2024-06-08	1	550.0	0.0	0.0	1	2400	0	34.1	1.0	18
2021110077	2024-09-28	1	800.0	0.0	1.0	1	2200	0	35.2	2.0	14
2021110077	2025-02-15	1	1576.6	0.0	0.0	1	2400	0	34.2	5.0	11
2021110077	2025-04-20	3	464.2	0.4	1.0	1	2200	0	34.1	4.0	13
2021110077	2025-05-11	2	749.2	0.1	1.0	1	2400	0	34.5	4.0	14
2021110077	2025-09-21	3	462.8	0.2	1.0	1	2200	0	33.5	4.0	9
2021110077	2025-10-13	1	1857.5	0.0	1.0	1	2400	0	33.9	4.0	8
2021110077	2026-01-18	8	0.0	0.8	0.0	1	2400	0	33.4		13
2022100061	2024-08-17	8	0.0	4.3	0.0	0	1800	0	40.9	0.0	16
2022100061	2024-09-07	4	83.0	1.8	0.0	1	2000	0	35.5	1.0	5
2022100061	2024-09-21	3	140.0	0.3	0.0	1	2000	0	35.5	1.0	9
2022100061	2024-12-07	2	220.0	0.3	0.0	1	2000	0	34.9	1.0	10
2022100061	2024-12-28	10	0.0	0.9	0.0	1	2000	0	36.1	1.0	16
2022100061	2025-04-13	3	140.0	0.1	1.0	1	1800	0	35.2	1.0	16
2022100061	2025-05-10	7	0.0	1.4	1.0	1	2000	2	37.9	1.0	16
2022100061	2025-06-15	1	560.0	0.0	1.0	0	1800	3	36.8	1.0	14
2022100061	2025-09-13	2	320.0	0.3	1.0	0	1800	0	38.2	2.0	14
2022100061	2025-10-04	1	800.0	0.0	3.0	0	1800	1	37.2	2.0	14
2022100061	2026-01-18	8	0.0	0.7	0.0	0	1800	0	37.7	5.0	16
2022100061	2026-01-25	6	0.0	0.7	0.0	0	1800	0	37.5	3.0	10
2022100432	2024-11-24	2	290.0	0.7	0.0	0	1600	0	37.5	0.0	16
2022100432	2024-12-15	1	550.0	0.0	0.0	0	1800	0	39.0	1.0	16
2022100432	2025-03-01	7	0.0	1.9	0.0	1	1800	0	37.3	2.0	9
2022100432	2025-03-23	16	0.0	5.6	0.0	0	1800	0	43.5	2.0	16
2022100432	2025-05-18	8	0.0	1.7	1.0	0	1600	1	37.7	2.0	16
2022100432	2025-07-19	1	800.0	0.0	0.0	0	1700	0	38.0	2.0	14
2022100432	2025-11-15	15	0.0	5.0	0.0	0	1700	0	41.3	5.0	15
2022100432	2025-12-28	10	0.0	3.5	0.0	0	1800	0	41.4	3.0	13
2022100432	2026-01-18	16	0.0	4.0	0.0	0	1800	0	40.4	3.0	16
2022100622	2025-02-10	9	0.0	1.3	0.0	1	1600	0	35.1	1.0	18
2022100622	2025-08-16	14	0.0	1.7	0.0	1	1400	0	36.6	1.0	17
2022100622	2025-09-14	6	0.0	2.5	1.0	0	1800	0	39.2	1.0	15
2022100622	2025-10-12	1	60.0	0.0	1.0	0	1600	2	37.5	9.0	9
2022100622	2025-10-26	1	60.0	0.0	0.0	0	1300	3	37.4	9.0	11
2022100622	2025-12-13	1	800.0	0.0	1.0	0	1400	0	37.5	2.0	16
2022100622	2026-01-18	10	0.0	0.9	0.0	0	1400	0	38.2	5.0	16
2022100688	2025-02-22	13	0.0	4.0	0.0	0	1400	0	38.5	0.0	15
2022100688	2025-03-16	5	56.0	3.3	2.0	0	1800	2	39.1	1.0	11
2022100688	2025-03-29	5	56.0	0.6	0.0	0	2000	2	38.9	1.0	12
2022100688	2025-04-19	2	220.0	0.1	0.0	0	2000	0	37.8	1.0	16
2022100688	2025-11-15	11	0.0	2.1	0.0	0	2400	0	41.2	2.0	16
2022100688	2025-12-06	4	120.0	0.9	0.0	0	1800	0	37.9	2.0	16
2022100688	2026-01-12	14	0.0	3.3	0.0	0	1900	0	39.8	2.0	15
2022100688	2026-01-18	8	0.0	1.2	0.0	0	1900	0	38.8	2.0	11
2022100933	2025-01-18	2	250.0	0.4	0.0	0	1400	0	38.8	0.0	16
2022100933	2025-02-02	5	56.0	0.9	1.0	1	1200	1	35.2	1.0	16
2022100933	2025-02-23	3	140.0	0.1	0.0	1	1200	0	35.1	1.0	18
2022100933	2025-03-16	2	220.0	1.2	2.0	0	1200	2	37.9	1.0	16
2022100933	2025-04-06	6	0.0	1.3	0.0	0	1200	0	38.6	1.0	16
2022100933	2025-05-24	2	220.0	1.0	2.0	0	1200	0	37.1	1.0	16
2022100933	2025-06-15	1	560.0	0.0	1.0	1	1200	0	34.1	1.0	16
2022100933	2025-06-28	1	1133.1	0.0	0.0	1	1200	0	34.2	5.0	8
2022100933	2025-08-16	5	155.0	0.2	0.0	1	1200	0	34.3	5.0	13
2022100933	2025-10-05	8	0.0	0.6	1.0	1	1200	2	34.9	3.0	16
2022100933	2025-11-15	8	0.0	0.8	0.0	0	1200	0	35.6	5.0	15
2022100933	2025-12-20	11	0.0	1.1	1.0	1	1200	0	35.0	3.0	16
2022100933	2026-01-18	16	0.0	3.8	0.0	0	1400	0	41.2	5.0	16
2022101227	2024-08-10	5	72.0	1.3	0.0	1	1800	0	33.7	0.0	16
2022101227	2024-10-06	3	140.0	0.9	1.0	1	2000	0	34.7	1.0	7
2022101227	2024-11-10	6	0.0	0.5	0.0	1	2000	0	37.4	1.0	16
2022101227	2024-12-14	3	140.0	0.4	0.0	1	1800	0	35.9	1.0	16
2022101227	2025-01-11	3	140.0	2.4	0.0	0	1800	2	40.4	1.0	16
2022101227	2025-02-09	1	560.0	0.0	0.0	0	1600	0	37.4	1.0	16
2022101227	2025-03-22	8	0.0	1.4	0.0	1	1800	0	36.5		16
2022101227	2025-10-04	1	800.0	0.0	1.0	0	1600	0	36.2	2.0	16
2022101227	2025-10-19	9	0.0	1.0	1.0	0	1600	0	36.4	5.0	13
2022101227	2025-12-07	11	0.0	2.0	0.0	0	1800	0	40.1	5.0	16
2022101227	2026-01-18	3	300.0	1.0	0.0	0	1800	0	39.2	3.0	16
2022101448	2025-01-25	1	560.0	0.0	0.0	1	1600	0	34.1	1.0	16
2022101448	2025-02-10	2	806.4	0.1	0.0	1	1600	0	34.6		9
2022101448	2025-05-03	4	300.0	0.4	0.0	1	1800	0	33.6		13
2022101448	2025-05-24	3	284.2	0.1	3.0	1	1600	2	35.9	2.0	13
2022101448	2025-08-31	1	800.0	0.0	0.0	1	1600	0	33.7	2.0	16
2022101448	2025-09-20	1	1566.8	0.0	1.0	1	2000	0	35.1	5.0	7
2022101448	2025-10-19	5	184.0	0.6	2.0	1	1800	0	34.4	4.0	18
2022101448	2025-12-28	2	607.4	0.3	0.0	1	1600	0	33.8	4.0	16
2022101448	2026-01-18	3	475.0	0.0	0.0	1	1600	0	34.2	4.0	15
2022101481	2024-06-15	12	0.0	2.9	0.0	0	1400	0	38.1	0.0	15
2022101481	2024-08-04	8	0.0	3.4	1.0	0	1700	2	40.8	1.0	14
2022101481	2024-10-06	9	0.0	2.4	1.0	0	1600	1	37.8	1.0	11
2022101481	2025-01-19	13	0.0	2.2	0.0	0	1800	0	40.0	1.0	16
2022101481	2025-03-23	7	0.0	1.8	0.0	0	1800	2	40.3	1.0	16
2022101481	2025-04-12	9	0.0	1.6	0.0	0	1800	0	41.1	1.0	12
2022101481	2025-04-26	2	220.0	0.4	1.0	0	2100	2	39.4	1.0	16
2022101481	2025-05-24	5	56.0	0.7	1.0	0	2100	0	39.0	1.0	16
2022101481	2025-06-22	7	0.0	2.1	0.0	0	2100	0	40.0	1.0	16
2022101481	2025-07-19	1	560.0	0.0	1.0	0	2400	0	38.0	1.0	12
2022101481	2025-10-13	11	0.0	1.3	1.0	0	2100	0	40.4	2.0	16
2022101481	2025-11-01	12	0.0	2.2	1.0	0	2100	1	39.6	2.0	16
2022101481	2026-01-05	13	0.0	5.5	0.0	0	2400	2	44.0	2.0	13
2022101481	2026-01-18	10	0.0	1.6	0.0	0	1800	0	39.4	2.0	14
2022101587	2024-07-13	6	0.0	0.8	0.0	1	1200	0	35.5	0.0	8
2022101587	2024-09-15	4	83.0	0.9	0.0	0	1200	0	39.0	1.0	12
2022101587	2024-10-14	5	55.0	0.7	0.0	0	1200	0	38.0	1.0	13
2022101587	2024-10-27	13	0.0	3.1	0.0	0	1200	0	39.8	1.0	15
2022101587	2025-01-06	13	0.0	1.7	1.0	0	1200	0	37.8	1.0	16
2022101587	2025-03-18	5	30.0	0.9	0.0	0	1400	2	40.6	5.0	12
2022101587	2025-04-19	12	0.0	2.6	0.0	0	1150	0	37.8	1.0	16
2022101587	2025-04-26	5	56.0	1.2	0.0	1	1200	0	34.5	1.0	12
2022101587	2025-05-25	5	56.0	0.7	2.0	1	1200	2	35.3	1.0	16
2022101587	2025-06-15	6	0.0	0.9	1.0	1	1200	0	33.7	1.0	16
2022101587	2025-06-22	8	0.0	0.8	1.0	1	1200	1	35.1	1.0	15
2022101587	2025-07-19	11	0.0	1.1	0.0	1	1200	0	35.6	1.0	16
2022101587	2025-08-17	7	0.0	0.6	0.0	1	1200	0	34.3	1.0	18
2022101587	2025-09-07	13	0.0	0.7	0.0	1	1200	0	33.2	2.0	16
2022101587	2025-09-15	7	0.0	1.8	0.0	1	1800	0	35.9	2.0	8
2022101587	2025-11-02	8	0.0	4.4	0.0	2	2910	0	14.3	1.0	10
2022101587	2025-11-29	4	130.0	0.8	0.0	2	2910	0	13.9	1.0	9
2022101587	2025-12-28	3	210.0	1.2	0.0	2	2970	0	13.9	1.0	14
2022101587	2026-01-18	10	0.0	2.7	0.0	2	2880	0	13.6	1.0	14
2022102227	2025-04-27	11	0.0	1.6	0.0	0	1700	0	39.7	1.0	15
2022102227	2025-05-11	5	56.0	1.3	1.0	0	1800	2	40.4	1.0	14
2022102227	2025-05-24	1	560.0	0.0	1.0	0	1800	0	39.4	1.0	15
2022102227	2026-01-18	8	0.0	1.5	0.0	0	1800	0	39.7	2.0	14
2022102300	2025-02-01	15	0.0	3.4	0.0	1	1600	0	36.4	0.0	16
2022102300	2025-02-22	6	0.0	1.8	0.0	0	1900	0	39.1	1.0	12
2022102300	2025-04-05	5	56.0	0.6	0.0	0	1800	0	38.1	1.0	16
2022102300	2025-04-26	2	220.0	0.0	0.0	0	1800	0	37.8	1.0	16
2022102300	2025-05-17	4	84.0	1.4	3.0	0	1900	3	37.7	1.0	10
2022102300	2025-06-15	3	140.0	0.6	0.0	0	1700	0	38.1	1.0	14
2022102300	2025-06-28	1	560.0	0.0	0.0	0	1700	2	38.1	1.0	12
2022102300	2025-08-31	6	0.0	1.2	1.0	1	2600	2	36.9	5.0	14
2022102300	2026-01-05	4	120.0	1.1	0.0	0	1800	0	37.4	2.0	15
2022102300	2026-01-18	3	210.0	0.1	0.0	0	1900	0	37.1	2.0	11
2022102303	2024-09-15	5	72.0	1.8	1.0	1	2000	2	38.4	0.0	9
2022102303	2024-10-05	6	0.0	1.3	0.0	1	1800	0	35.8	1.0	8
2022102303	2024-10-27	5	55.0	1.5	0.0	0	1800	0	38.8	1.0	13
2022102303	2024-11-10	6	0.0	2.6	0.0	0	1800	0	40.5	1.0	10
2022102303	2025-03-19	4	7.0	0.6	0.0	0	1400	0	40.9	5.0	8
2022102303	2025-03-30	5	56.0	1.8	0.0	0	1800	0	39.8	1.0	9
2022102303	2025-04-19	10	0.0	2.8	0.0	0	1800	0	41.6	1.0	13
2022102303	2025-07-13	5	56.0	0.4	1.0	1	1800	0	36.5	1.0	16
2022102303	2025-07-27	3	140.0	0.1	0.0	1	2200	0	34.8	1.0	11
2022102303	2025-08-10	2	220.0	0.1	1.0	1	2000	0	33.9	1.0	14
2022102303	2025-08-24	2	220.0	0.1	0.0	1	2000	0	34.1	1.0	15
2022102303	2025-09-07	2	220.0	0.3	0.0	1	2000	0	35.9	1.0	16
2022102303	2025-09-15	1	560.0	0.0	0.0	1	2200	0	34.9	1.0	18
2022102303	2025-12-07	5	111.0	0.7	0.0	1	2200	0	34.0	5.0	10
2022102303	2025-12-21	5	80.0	0.9	3.0	1	2200	1	36.6	2.0	18
2022102303	2026-01-18	2	330.0	0.0	0.0	1	2400	0	35.5	2.0	12
2022102387	2024-10-05	4	110.0	1.0	2.0	1	2000	2	33.8	0.0	12
2022102387	2024-10-20	7	0.0	1.2	0.0	1	1800	0	34.9	1.0	10
2022102387	2024-12-08	7	0.0	1.0	0.0	1	1400	0	36.0	1.0	15
2022102387	2025-02-08	13	0.0	4.5	0.0	0	1600	0	41.3	1.0	16
2022102387	2025-03-29	11	0.0	1.4	0.0	1	2200	1	36.8	1.0	18
2022102387	2025-05-10	6	0.0	0.3	1.0	1	1600	2	34.9	1.0	15
2022102387	2025-08-02	5	56.0	0.6	0.0	1	1600	0	34.3	1.0	17
2022102387	2025-08-23	8	0.0	1.4	0.0	1	1600	0	33.7	1.0	18
2022102387	2026-01-18	11	0.0	3.5	0.0	2	2880	0	13.7	1.0	14
2022102446	2025-02-16	3	160.0	0.9	0.0	0	1600	0	36.4	0.0	16
2022102446	2025-05-04	1	560.0	0.0	0.0	0	1600	2	35.4	1.0	16
2022102446	2025-05-24	6	0.0	0.2	1.0	0	1600	0	35.9	2.0	13
2022102446	2025-08-23	6	0.0	1.4	0.0	0	1800	0	38.9	2.0	11
2022102446	2025-12-14	6	0.0	1.6	0.0	0	1800	2	40.4	5.0	12
2022102446	2026-01-04	4	120.0	0.9	0.0	0	1800	2	39.3	2.0	16
2022102446	2026-01-18	3	210.0	0.5	0.0	0	1800	0	38.6	2.0	14
2022102516	2024-06-01	7	0.0	2.6	0.0	1	1600	0	35.2	0.0	11
2022102516	2024-07-06	4	83.0	1.1	0.0	1	1800	0	37.7	1.0	9
2022102516	2024-07-27	3	140.0	1.5	0.0	1	1800	0	35.6	1.0	6
2022102516	2024-08-18	2	220.0	1.5	0.0	1	2000	0	35.2	1.0	6
2022102516	2024-12-15	3	140.0	0.5	0.0	1	1800	0	34.7	1.0	14
2022102516	2025-01-11	5	56.0	0.6	0.0	1	2200	0	35.1	1.0	18
2022102516	2025-03-22	1	560.0	0.0	0.0	0	2000	0	38.3	1.0	11
2022102516	2025-05-11	11	0.0	1.7	0.0	0	2100	2	38.1	2.0	15
2022102516	2025-07-12	1	800.0	0.0	0.0	0	1700	0	38.0	2.0	16
2022102516	2025-09-06	4	230.0	1.1	0.0	0	1800	2	36.9	5.0	9
2022102516	2025-10-19	2	629.2	0.1	1.0	0	1800	0	36.8	5.0	14
2022102516	2025-11-29	3	394.8	0.1	0.0	0	1800	0	36.2	5.0	13
2022102516	2026-01-18	1	1615.0	0.0	0.0	0	1800	0	36.3	5.0	16
2022102735	2025-04-20	1	560.0	0.0	1.0	0	1800	0	39.5	1.0	12
2022102735	2025-05-03	13	0.0	7.8	0.0	0	1900	2	43.6		13
2022102735	2025-07-06	10	0.0	1.6	0.0	0	1700	0	38.0	2.0	16
2022102735	2025-07-20	7	0.0	0.9	0.0	0	1700	0	38.9	2.0	13
2022102735	2025-09-07	2	320.0	0.5	0.0	0	1700	2	39.0	2.0	14
2022102735	2025-09-27	5	80.0	0.8	0.0	0	1800	0	38.0	2.0	13
2022102735	2025-10-11	1	800.0	0.0	1.0	0	1800	0	37.0	2.0	12
2022102735	2025-12-13	10	0.0	1.4	1.0	0	1800	0	39.9	3.0	15
2022102735	2025-12-21	5	114.0	0.8	3.0	0	1800	1	38.1	3.0	15
2022102735	2026-01-10	6	0.0	1.2	0.0	0	1800	0	38.4	3.0	13
2022102735	2026-01-18	10	0.0	0.9	0.0	0	1800	0	37.7	5.0	16
2022102828	2024-10-06	3	180.0	1.5	0.0	0	1800	0	38.8	0.0	16
2022102828	2024-10-27	7	0.0	2.1	0.0	0	1800	0	40.3	1.0	13
2022102828	2024-11-30	8	0.0	1.9	0.0	0	1400	2	37.5	1.0	13
2022102828	2024-12-15	4	83.0	1.4	0.0	0	1400	0	37.9	1.0	16
2022102828	2025-03-16	6	0.0	2.4	1.0	0	1400	1	38.4	1.0	16
2022102828	2025-03-30	3	140.0	0.5	0.0	0	1800	0	38.3	1.0	9
2022102828	2025-04-20	4	84.0	0.5	1.0	0	1800	0	38.5	1.0	16
2022102828	2025-05-10	2	220.0	0.7	1.0	0	1800	2	38.4	1.0	15
2022102828	2025-06-21	2	220.0	0.9	0.0	0	1700	0	39.0	1.0	13
2022102828	2025-07-05	1	560.0	0.0	0.0	0	1700	1	37.4	1.0	12
2022102828	2025-07-19	6	0.0	0.7	0.0	0	1700	0	37.9	2.0	10
2022102828	2025-08-10	1	800.0	0.0	1.0	0	1700	2	37.1	2.0	9
2022102828	2025-11-15	11	0.0	1.7	0.0	0	1700	0	38.4	5.0	15
2022102828	2025-12-21	14	0.0	3.2	3.0	0	1800	1	40.3	3.0	15
2022102828	2026-01-18	9	0.0	0.7	0.0	0	1800	0	37.5	5.0	16
2022102906	2025-03-22	3	140.0	1.5	0.0	0	1800	0	38.6	1.0	9
2022102906	2025-04-12	7	0.0	2.0	0.0	0	1800	0	38.7	1.0	16
2022102906	2025-05-04	4	84.0	0.6	0.0	0	1800	2	38.1	1.0	14
2022102906	2025-05-17	8	0.0	1.9	3.0	0	1900	3	38.2	1.0	10
2022102906	2025-06-01	4	84.0	0.4	0.0	0	1900	0	38.8	1.0	14
2022102906	2025-06-14	7	0.0	1.9	2.0	0	2000	2	40.8	1.0	16
2022102906	2025-08-17	2	220.0	0.1	0.0	0	1800	0	38.0	1.0	16
2022102906	2025-08-31	1	560.0	0.0	0.0	0	1800	0	37.4	1.0	16
2022102906	2025-09-21	3	200.0	0.2	1.0	0	1800	0	37.4	2.0	13
2022102906	2026-01-04	3	210.0	0.5	1.0	0	1800	0	37.2	2.0	10
2022102906	2026-01-18	2	330.0	0.1	0.0	0	1900	0	37.4	2.0	11
2022102916	2024-12-15	16	0.0	2.5	0.0	1	1400	0	35.1	0.0	18
2022102916	2025-02-25	2	70.0	0.3	0.0	0	1400	0	38.8		12
2022102916	2025-03-30	10	0.0	1.7	0.0	0	1400	0	38.6	1.0	16
2022102916	2025-04-27	14	0.0	1.7	0.0	1	1600	0	35.6	1.0	18
2022102916	2025-05-04	6	0.0	1.2	0.0	1	2000	0	34.7	1.0	13
2022102916	2025-06-14	10	0.0	1.4	2.0	1	1800	2	35.2	1.0	18
2022102916	2025-07-22	2	25.6	0.3	0.0	0	1860	0	38.7		10
2022102916	2025-08-09	6	0.0	1.1	1.0	0	1800	0	38.4	1.0	15
2022102916	2025-08-23	2	220.0	0.3	0.0	0	1800	0	37.1	1.0	16
2022102916	2025-09-06	1	560.0	0.0	0.0	0	1800	1	38.0	1.0	16
2022102916	2025-12-06	9	0.0	1.2	0.0	0	1800	0	38.2	2.0	14
2022102916	2026-01-05	7	0.0	1.7	0.0	0	1800	0	38.4	2.0	15
2022102916	2026-01-18	5	82.0	0.7	0.0	0	1900	0	38.4	2.0	11
2022102956	2024-09-15	3	180.0	1.2	1.0	1	2000	2	37.0	0.0	9
2022102956	2024-09-29	3	140.0	0.7	1.0	1	2000	1	34.7	1.0	9
2022102956	2024-10-20	3	140.0	0.6	0.0	1	2000	2	36.7	1.0	10
2022102956	2024-12-28	3	140.0	1.3	0.0	0	1800	0	38.7	1.0	16
2022102956	2025-01-11	1	560.0	0.0	0.0	0	1800	0	38.9	1.0	16
2022102956	2025-03-02	9	0.0	1.3	0.0	0	1800	0	38.9	2.0	16
2022102956	2025-03-15	3	200.0	0.3	1.0	0	1800	0	38.1	2.0	13
2022102956	2025-06-15	7	0.0	1.5	1.0	0	1800	1	40.0	2.0	16
2022102956	2025-07-20	7	0.0	1.0	0.0	1	1800	0	36.3	2.0	10
2022102956	2025-08-02	4	120.0	0.8	0.0	0	1800	0	39.1	2.0	10
2022102956	2025-10-19	9	0.0	2.2	1.0	0	2500	1	41.1	2.0	15
2022102956	2025-11-02	4	120.0	0.7	0.0	0	1800	2	38.9	2.0	14
2022102956	2025-12-13	2	320.0	0.4	1.0	0	1900	0	38.8	2.0	12
2022102956	2025-12-20	9	0.0	1.2	1.0	0	1800	2	38.3	2.0	16
2022102956	2026-01-05	5	82.0	1.2	0.0	0	1800	0	38.5	2.0	15
2022102956	2026-01-18	1	820.0	0.0	0.0	0	1900	0	38.3	2.0	11
2022103047	2024-11-02	9	0.0	0.7	3.0	1	1600	1	36.7	0.0	14
2022103047	2024-11-30	3	140.0	0.3	0.0	0	1400	2	37.9	1.0	13
2022103047	2024-12-22	5	55.0	1.0	1.0	0	1400	0	39.1	1.0	16
2022103047	2025-01-13	3	140.0	1.0	0.0	0	1400	0	38.4	1.0	16
2022103047	2025-02-02	2	220.0	0.2	1.0	0	1200	2	36.6	1.0	12
2022103047	2025-02-15	2	220.0	0.0	0.0	0	1200	0	37.0	1.0	16
2022103047	2025-03-01	1	560.0	0.0	1.0	0	1200	0	38.0	1.0	16
2022103047	2025-06-01	4	120.0	0.3	0.0	0	1400	0	37.3	2.0	14
2022103047	2025-06-22	1	800.0	0.0	0.0	0	1400	0	37.4	2.0	16
2022103047	2025-08-30	4	230.0	0.6	0.0	0	1200	0	36.3	5.0	16
2022103047	2025-09-21	7	0.0	1.4	1.0	0	1400	0	36.9	3.0	15
2022103047	2025-12-27	5	114.0	0.7	0.0	0	1400	2	38.2	3.0	16
2022103047	2026-01-18	4	240.0	0.4	0.0	0	1400	0	37.1	5.0	16
2022103063	2024-12-14	2	290.0	0.0	1.0	1	2000	0	35.1	0.0	10
2022103063	2024-12-28	2	220.0	0.1	0.0	1	2000	0	34.8	1.0	16
2022103063	2025-03-08	4	84.0	0.3	0.0	1	2000	0	34.6	1.0	13
2022103063	2025-03-30	6	0.0	0.8	0.0	1	2000	0	35.5	1.0	13
2022103063	2025-04-27	1	560.0	0.0	0.0	1	2000	0	34.8	1.0	14
2022103063	2025-08-17	5	80.0	0.7	0.0	1	2400	0	36.2	2.0	11
2022103063	2025-10-18	3	200.0	0.3	1.0	1	2000	0	35.8	2.0	8
2022103063	2025-11-08	7	0.0	0.8	0.0	1	2000	0	34.9	2.0	14
2022103063	2026-01-18	5	82.0	0.8	0.0	1	2400	0	36.5	2.0	12
2022103070	2024-10-06	8	0.0	0.9	1.0	1	1800	0	34.0	0.0	17
2022103070	2024-10-26	3	140.0	0.3	1.0	1	2000	0	33.7	1.0	11
2022103070	2024-12-15	10	0.0	1.3	0.0	1	1800	0	36.1	1.0	14
2022103070	2025-01-18	14	0.0	2.7	0.0	1	2000	0	37.3	1.0	18
2022103070	2025-02-23	6	0.0	1.0	0.0	0	1800	0	38.7	1.0	16
2022103070	2025-03-30	6	0.0	2.2	0.0	0	1800	0	40.5	1.0	9
2022103070	2025-05-18	12	0.0	1.8	0.0	0	1400	1	37.9	1.0	16
2022103070	2025-06-22	5	56.0	1.9	0.0	1	2400	0	36.5	1.0	15
2022103070	2025-07-06	4	84.0	0.2	0.0	1	2000	0	36.8	1.0	18
2022103070	2025-07-20	6	0.0	0.6	0.0	1	2000	0	37.0	1.0	18
2022103070	2025-08-24	1	560.0	0.0	0.0	1	2600	0	38.5	1.0	13
2022103070	2025-09-20	4	230.0	1.4	1.0	1	2500	0	34.1	5.0	9
2022103070	2025-12-21	10	0.0	1.3	3.0	1	2200	1	36.5	2.0	18
2022103070	2026-01-18	11	0.0	1.6	0.0	1	2400	0	36.9	2.0	12
2022103518	2025-05-03	13	0.0	1.9	0.0	1	1400	0	36.2	1.0	16
2022103518	2025-05-17	4	84.0	0.9	1.0	1	1800	3	35.6	1.0	15
2022103518	2025-05-31	8	0.0	1.4	1.0	1	1800	0	34.9	1.0	18
2022103518	2025-08-03	5	56.0	0.7	0.0	1	1500	0	36.1	1.0	14
2022103518	2025-08-16	4	84.0	0.9	0.0	1	1500	0	35.7	1.0	14
2022103518	2025-08-30	7	0.0	1.2	2.0	1	1500	2	36.7	1.0	14
2022103518	2025-10-15	1	100.0	0.0	1.0	0	1500	2	40.1	10.0	14
2022103518	2025-11-19	1	100.0	0.0	0.0	0	1500	0	39.8	10.0	12
2022103518	2025-12-27	3	200.0	0.4	1.0	0	1800	2	37.9	2.0	16
2022103518	2026-01-18	1	820.0	0.0	0.0	0	1800	0	38.5	2.0	14
2022103736	2025-03-09	15	0.0	2.7	0.0	1	1600	0	35.6	1.0	17
2022103736	2025-08-24	9	0.0	2.2	0.0	0	1400	0	39.3	1.0	16
2022103736	2025-09-25	7	0.0	1.9	1.0	0	1400	0	39.9	10.0	10
2022103736	2025-10-16	5	7.0	2.1	1.0	0	1400	0	40.8	10.0	10
2022103736	2025-11-04	7	0.0	0.9	0.0	0	1400	2	41.7	10.0	10
2022103736	2025-11-20	1	60.0	0.0	0.0	0	1400	0	40.4	9.0	10
2022103736	2025-12-11	1	70.0	0.0	0.0	0	1400	0	39.5	10.0	10
2022103736	2026-01-18	7	0.0	0.6	0.0	1	1600	0	35.2	2.0	8
2022103753	2024-11-02	2	290.0	0.2	2.0	0	1600	1	35.8	0.0	16
2022103753	2024-11-30	2	220.0	0.1	0.0	0	1800	2	40.5	1.0	16
2022103753	2024-12-21	5	55.0	1.0	0.0	0	1800	0	39.8	1.0	16
2022103753	2025-02-01	7	0.0	0.8	0.0	0	1600	0	38.4	1.0	16
2022103753	2025-03-16	7	0.0	2.8	3.0	0	1800	3	41.0	1.0	16
2022103753	2025-04-05	1	560.0	0.0	0.0	0	1800	1	40.2	1.0	15
2022103753	2025-05-24	4	120.0	0.2	1.0	0	1600	0	36.2	2.0	13
2022103753	2025-06-22	1	800.0	0.0	1.0	0	1700	1	38.4	2.0	12
2022103753	2026-01-18	13	0.0	2.9	0.0	0	1800	0	41.1	3.0	16
2022104164	2024-09-22	7	0.0	1.7	2.0	1	2000	0	35.2	0.0	11
2022104164	2025-02-01	9	0.0	1.0	1.0	1	2000	0	35.5	1.0	15
2022104164	2025-02-22	10	0.0	2.2	0.0	1	2400	0	35.7	1.0	15
2022104164	2025-03-15	5	56.0	0.9	1.0	1	2000	0	35.8	1.0	18
2022104164	2025-04-27	5	56.0	0.9	0.0	1	2000	0	35.1	1.0	14
2022104164	2025-05-18	4	84.0	1.7	0.0	1	2000	2	35.7	1.0	12
2022104164	2025-06-07	7	0.0	1.1	1.0	1	2000	0	35.4	1.0	13
2022104164	2025-07-06	12	0.0	0.8	0.0	1	2000	0	36.9	1.0	18
2022104164	2025-07-27	4	84.0	0.8	1.0	1	2000	1	35.5	1.0	9
2022104164	2025-08-10	14	0.0	2.0	0.0	1	2000	0	35.9	1.0	16
2022104164	2025-08-30	5	56.0	0.7	2.0	1	2000	2	37.5	1.0	16
2022104164	2025-09-06	8	0.0	1.0	0.0	1	2000	0	36.7	1.0	16
2022104164	2025-09-27	14	0.0	1.0	0.0	1	2200	0	35.1	2.0	16
2022104164	2025-10-18	4	120.0	0.3	1.0	1	2000	0	35.1	2.0	8
2022104164	2025-11-08	12	0.0	1.2	0.0	1	2000	0	34.3	2.0	14
2022104164	2026-01-18	10	0.0	1.6	0.0	1	2400	0	36.4	2.0	12
2022104312	2025-02-22	8	0.0	1.2	0.0	0	1600	0	37.4	1.0	16
2022104312	2025-03-16	3	140.0	1.0	1.0	0	1900	1	37.1	1.0	13
2022104312	2025-03-29	3	140.0	0.7	1.0	0	1900	2	37.7	1.0	13
2022104312	2025-07-27	1	560.0	0.0	0.0	0	1800	0	38.5	1.0	15
2022104312	2025-08-10	8	0.0	1.2	3.0	0	1800	3	38.6	2.0	15
2022104312	2025-11-02	13	0.0	2.4	1.0	0	1600	1	37.9	2.0	15
2022104312	2025-11-23	13	0.0	2.5	1.0	0	2100	0	38.5	2.0	16
2022104312	2026-01-04	3	210.0	0.9	0.0	0	1800	2	39.4	2.0	16
2022104312	2026-01-18	5	82.0	1.1	0.0	0	1800	0	38.9	2.0	14
2022104432	2024-12-22	10	0.0	1.8	1.0	1	1800	0	36.2	0.0	14
2022104432	2025-01-13	14	0.0	4.6	0.0	0	1800	0	44.4	1.0	16
2022104432	2025-05-11	1	560.0	0.0	2.0	0	1800	2	38.0	1.0	15
2022104432	2025-06-07	5	80.0	1.0	1.0	0	1800	0	38.5	2.0	9
2022104432	2025-08-24	2	320.0	0.4	0.0	0	1800	0	38.3	2.0	10
2022104432	2025-09-15	1	800.0	0.0	0.0	0	1800	0	37.3	2.0	13
2022104432	2025-12-06	4	230.0	0.2	0.0	0	1800	0	38.4	5.0	12
2022104432	2026-01-18	2	480.0	0.9	0.0	0	1800	0	39.3	3.0	16
2022104598	2024-09-22	4	110.0	0.9	2.0	1	2000	0	34.9	0.0	11
2022104598	2025-02-09	6	0.0	0.9	0.0	1	2200	2	37.3	1.0	13
2022104598	2025-03-02	7	0.0	0.9	2.0	1	2000	0	35.7	1.0	16
2022104598	2025-05-18	3	140.0	0.7	0.0	1	2000	2	36.0	1.0	12
2022104598	2025-06-21	12	0.0	1.6	0.0	1	2000	0	38.4	1.0	16
2022104598	2025-07-06	4	84.0	0.5	1.0	0	1700	2	37.3	1.0	13
2022104598	2025-07-19	5	56.0	2.1	1.0	0	2400	0	38.9	1.0	12
2022104598	2025-08-30	4	84.0	0.8	2.0	0	1700	1	37.6	1.0	14
2022104598	2025-09-06	9	0.0	1.1	0.0	0	1700	0	40.1	1.0	14
2022104598	2025-11-08	2	320.0	0.1	0.0	1	2000	0	33.7	2.0	14
2022104598	2025-11-23	13	0.0	1.4	0.0	1	2400	0	34.9	2.0	18
2022104598	2026-01-18	6	0.0	0.8	0.0	1	2400	0	36.6	2.0	12
2022104733	2025-02-09	1	620.0	0.0	0.0	1	2000	2	35.1	0.0	12
2022104733	2025-03-15	3	283.8	0.4	2.0	1	2400	0	34.4	2.0	12
2022104733	2025-05-10	7	0.0	0.9	1.0	1	2200	2	33.9		10
2022104733	2025-06-07	5	111.0	2.0	0.0	1	2400	0	34.2	5.0	12
2022104733	2025-09-13	1	1128.2	0.0	1.0	1	2400	0	33.9	5.0	6
2022104733	2025-10-26	7	0.0	0.6	2.0	1	3000	2	35.3		18
2022104733	2025-12-28	1	1580.1	0.0	0.0	1	2500	0	35.7	3.0	14
2022104733	2026-01-18	6	0.0	0.5	0.0	1	2400	0	34.0		13
2022104736	2024-09-08	1	720.0	0.0	0.0	1	2000	0	34.1	0.0	7
2022104736	2024-11-30	2	437.4	0.0	0.0	1	2000	0	34.5	2.0	12
2022104736	2025-01-19	10	0.0	2.0	2.0	1	2000	0	37.9		14
2022104736	2025-03-15	1	1136.6	0.0	2.0	1	2400	0	34.7	2.0	12
2022104736	2025-04-26	3	1413.0	0.1	1.0	1	2400	0	34.0		13
2022104736	2025-06-14	1	1564.0	0.0	3.0	1	2400	1	35.2	5.0	6
2022104736	2025-08-30	1	1875.0	0.0	0.0	1	2200	0	34.8	4.0	16
2022104736	2025-10-26	4	3000.0	0.4	2.0	1	3000	2	35.2		18
2022104736	2026-01-18	1	5792.4	0.0	0.0	1	2400	0	34.3		13
2022104738	2024-10-06	15	0.0	2.3	0.0	1	1400	0	34.9	0.0	17
2022104738	2024-11-16	3	140.0	0.3	1.0	1	1800	0	33.9	1.0	14
2022104738	2024-12-14	3	140.0	0.8	1.0	1	1800	0	35.6	1.0	18
2022104738	2025-02-10	4	84.0	0.5	0.0	1	1600	0	34.7	1.0	18
2022104738	2025-03-15	7	0.0	0.8	2.0	1	1800	0	34.2	1.0	18
2022104738	2025-04-26	7	0.0	0.5	0.0	1	1800	0	34.8	1.0	18
2022104738	2025-08-10	3	140.0	0.2	1.0	1	1600	0	33.8	1.0	15
2022104738	2025-09-06	1	560.0	0.0	0.0	1	1600	0	34.5	1.0	18
2022104738	2025-12-21	11	0.0	1.1	3.0	1	1600	2	35.3	2.0	16
2022104738	2026-01-18	3	210.0	0.1	0.0	1	1600	0	35.2	2.0	8
2022104872	2025-07-05	17	0.0	2.3	0.0	1	1200	0	35.3	1.0	18
2022104872	2025-08-09	4	84.0	0.4	0.0	1	1400	0	34.2	1.0	18
2022104872	2025-08-30	13	0.0	1.8	0.0	1	1600	0	35.9	1.0	16
2022104872	2025-12-27	12	0.0	1.3	0.0	1	1800	0	34.8	2.0	15
2022104872	2026-01-18	12	0.0	4.0	0.0	1	2400	0	38.8	2.0	12
2022104947	2025-04-13	14	0.0	2.4	2.0	1	2000	0	36.7	1.0	14
2022104947	2025-07-05	12	0.0	5.2	1.0	1	2000	1	41.5	1.0	13
2022104947	2025-08-23	11	0.0	1.5	0.0	1	2000	2	36.9	1.0	16
2022104947	2025-12-06	12	0.0	0.9	0.0	1	1600	0	33.4	2.0	15
2022104947	2026-01-18	8	0.0	1.1	0.0	1	1600	0	35.6	2.0	8
2022105123	2024-11-09	2	290.0	0.2	0.0	1	1800	0	33.5	0.0	9
2022105123	2024-11-24	7	0.0	1.9	0.0	1	2000	0	35.2	1.0	12
2022105123	2025-08-02	2	220.0	0.3	0.0	1	1600	0	32.9	1.0	17
2022105123	2025-08-23	5	56.0	0.5	0.0	1	1600	0	33.1	1.0	18
2022105123	2025-10-19	7	0.0	0.5	1.0	1	1600	2	33.1	2.0	18
2022105123	2025-10-25	14	0.0	1.5	0.0	1	1800	0	35.3	2.0	15
2022105123	2025-12-06	13	0.0	1.1	0.0	1	1600	0	34.0	2.0	16
2022105123	2026-01-18	6	0.0	0.4	0.0	1	1600	0	35.1	2.0	8
2022105175	2024-10-05	10	0.0	1.7	2.0	1	2000	2	34.0	0.0	12
2022105175	2024-10-26	7	0.0	0.8	1.0	1	2000	0	33.6	1.0	11
2022105175	2024-12-14	2	220.0	0.1	0.0	0	1800	0	39.3	1.0	16
2022105175	2025-01-05	1	560.0	0.0	0.0	0	1800	0	38.7	1.0	16
2022105175	2025-03-01	3	284.4	0.4	0.0	1	2200	0	34.7	2.0	13
2022105175	2025-04-05	3	282.3	0.5	0.0	1	2200	0	35.8	2.0	7
2022105175	2025-04-26	10	0.0	0.8	1.0	1	2400	0	34.4		13
2022105175	2025-07-19	1	1127.5	0.0	0.0	1	2600	0	36.5	5.0	8
2022105175	2025-08-17	3	394.4	0.7	1.0	1	2600	2	37.1	5.0	14
2022105175	2025-09-15	8	0.0	0.8	1.0	1	2200	0	35.6		12
2022105175	2025-12-07	2	460.0	0.4	0.0	1	2500	0	34.2	3.0	11
2022105175	2025-12-28	4	230.0	0.3	0.0	1	2500	0	36.4	3.0	14
2022105175	2026-01-18	1	1190.0	0.0	0.0	1	2200	0	33.8	3.0	16
2022105225	2024-08-10	5	72.0	1.2	0.0	1	1400	0	35.7	0.0	18
2022105225	2024-11-17	8	0.0	1.5	0.0	1	1800	0	34.1	1.0	17
2022105225	2025-02-01	11	0.0	0.8	0.0	1	1800	0	34.2	1.0	16
2022105225	2025-03-16	2	220.0	0.1	3.0	0	1800	3	38.4	1.0	16
2022105225	2025-04-12	1	560.0	0.0	0.0	0	1800	2	38.2	1.0	14
2022105225	2025-07-19	7	0.0	2.0	0.0	0	1700	0	37.3	2.0	14
2022105225	2025-09-27	1	800.0	0.0	0.0	0	1800	0	36.5	2.0	16
2022105225	2025-11-23	7	0.0	0.7	1.0	0	1600	0	36.0	3.0	16
2022105225	2026-01-18	1	1190.0	0.0	0.0	0	1800	0	38.0	3.0	16
2022105258	2024-10-14	8	0.0	1.8	0.0	0	1800	0	37.7	0.0	15
2022105258	2025-02-01	6	0.0	1.5	0.0	0	2100	0	39.1	1.0	14
2022105258	2025-03-16	2	220.0	0.2	3.0	0	1800	3	39.4	1.0	15
2022105258	2025-04-06	2	220.0	0.6	1.0	0	1800	2	41.2	1.0	13
2022105258	2025-05-10	3	140.0	0.8	2.0	0	2100	1	35.8	1.0	14
2022105258	2025-06-08	3	140.0	0.5	1.0	0	2100	0	39.4	1.0	16
2022105258	2025-06-22	4	84.0	0.7	0.0	0	2100	0	38.5	1.0	16
2022105258	2025-08-03	1	560.0	0.0	0.0	0	1800	0	38.0	1.0	15
2022105258	2025-11-01	2	320.0	0.0	1.0	0	2100	1	36.9	2.0	16
2022105258	2025-12-27	2	320.0	0.1	1.0	0	1800	2	38.3	2.0	16
2022105258	2026-01-18	2	330.0	0.0	0.0	0	1800	0	38.6	2.0	14
2022105326	2024-06-08	1	720.0	0.0	0.0	1	1600	0	33.3	0.0	8
2022105326	2024-08-25	2	1211.0	0.1	1.0	1	1600	0	33.9		11
2022105326	2024-12-08	6	0.0	0.8	1.0	1	1600	0	34.4		18
2022105326	2025-02-15	4	570.0	0.9	0.0	1	1600	0	34.8		14
2022105326	2025-04-12	3	1414.2	0.2	0.0	1	1600	0	33.8		14
2022105326	2025-05-11	10	0.0	0.7	0.0	1	1600	0	34.1		18
2022105326	2025-07-27	1	1573.8	0.0	0.0	1	1600	0	32.9	5.0	11
2022105326	2025-09-27	8	0.0	0.5	0.0	1	1600	0	34.5	4.0	16
2022105326	2025-11-23	2	750.4	0.2	0.0	1	1600	0	33.5	4.0	17
2022105326	2026-01-18	2	760.0	0.0	0.0	1	1600	0	34.0	4.0	15
2022105407	2024-06-08	1	720.0	0.0	0.0	1	1600	0	36.6	0.0	12
2022105407	2024-08-04	4	240.0	1.1	0.0	1	1400	0	36.2	5.0	9
2022105407	2024-10-05	7	0.0	0.8	0.0	1	1400	0	34.6	2.0	10
2022105407	2024-10-20	9	0.0	2.8	0.0	0	1400	2	41.0	2.0	11
2022105407	2024-12-08	9	0.0	3.5	1.0	0	1200	0	38.3	2.0	10
2022105407	2024-12-21	10	0.0	1.4	1.0	1	1400	0	35.1	2.0	12
2022105407	2025-07-06	5	111.0	0.8	0.0	1	1200	0	35.2	5.0	8
2022105407	2025-07-20	5	80.0	0.5	0.0	1	1200	0	35.6	2.0	12
2022105407	2025-10-25	13	0.0	1.2	1.0	1	1400	0	35.7	2.0	17
2022105407	2025-11-24	16	0.0	2.7	1.0	0	1150	0	38.1	2.0	16
2022105407	2025-12-21	4	120.0	0.1	3.0	1	1600	2	35.7	2.0	16
2022105456	2024-09-14	3	180.0	0.4	0.0	0	1800	0	38.3	0.0	16
2022105456	2024-12-07	2	220.0	0.0	0.0	0	1800	0	39.0	1.0	12
2022105456	2024-12-28	1	550.0	0.0	0.0	0	1800	0	39.2	1.0	16
2022105456	2025-03-23	2	320.0	0.0	0.0	1	2000	0	35.0	2.0	12
2022105456	2025-05-17	2	320.0	0.6	3.0	1	2400	0	35.4	2.0	8
2022105456	2025-06-28	1	800.0	0.0	0.0	1	2600	0	34.3	2.0	7
2022105456	2025-12-28	3	394.3	0.3	0.0	1	2500	0	36.2	3.0	14
2022105456	2026-01-18	2	480.0	0.2	0.0	1	2200	0	34.0	3.0	16
2022105466	2025-02-02	3	160.0	0.5	2.0	1	1800	0	33.6	0.0	15
2022105466	2025-03-15	1	560.0	0.0	1.0	1	2200	0	34.5	1.0	18
2022105466	2025-04-26	4	810.0	0.1	1.0	1	2400	0	33.8		13
2022105466	2025-06-07	1	1138.0	0.0	0.0	1	2400	0	34.0	5.0	12
2022105466	2025-09-15	3	1412.0	0.1	1.0	1	2200	0	34.7		12
2022105466	2025-10-26	5	2000.0	0.5	2.0	1	3000	2	35.5		18
2022105466	2026-01-18	5	119.0	0.5	0.0	1	2200	0	34.0	3.0	16
2022105611	2024-10-20	2	290.0	0.2	0.0	1	1200	0	34.7	0.0	17
2022105611	2024-11-03	4	83.0	0.5	0.0	1	1400	0	33.8	1.0	15
2022105611	2024-11-30	2	220.0	0.3	0.0	1	1400	0	35.3	1.0	12
2022105611	2024-12-15	5	55.0	0.6	0.0	1	1600	0	36.3	1.0	16
2022105611	2025-03-15	12	0.0	1.0	1.0	1	1400	0	35.8	1.0	18
2022105611	2025-05-11	6	0.0	0.5	0.0	1	1600	0	34.8	1.0	16
2022105611	2025-05-17	7	0.0	1.1	1.0	1	1800	3	35.5	1.0	15
2022105611	2025-06-07	4	84.0	1.0	0.0	0	1800	0	37.7	1.0	16
2022105611	2025-08-03	3	140.0	0.2	0.0	0	1900	0	37.4	1.0	16
2022105611	2025-08-16	1	560.0	0.0	0.0	0	1800	0	38.4	1.0	16
2022105611	2026-01-05	11	0.0	2.6	0.0	0	1800	0	40.1	2.0	15
2022105611	2026-01-18	6	0.0	0.8	0.0	0	1900	0	38.8	2.0	11
2022105611	2026-01-24	1	820.0	0.0	0.0	0	1800	0	36.4	2.0	11
2022105633	2024-10-06	3	180.0	0.3	0.0	1	1800	0	35.2	0.0	13
2022105633	2024-10-19	4	83.0	0.6	2.0	1	1800	0	35.0	1.0	10
2022105633	2024-12-14	1	550.0	0.0	0.0	1	2000	0	35.0	1.0	18
2022105633	2025-01-05	5	80.0	0.9	0.0	1	2000	0	35.1	2.0	9
2022105633	2025-02-22	7	0.0	1.5	1.0	1	1800	0	36.7	2.0	8
2022105633	2025-03-09	8	0.0	0.6	0.0	1	1800	0	34.3	2.0	8
2022105633	2025-04-19	5	111.0	0.9	0.0	1	2000	0	35.6	2.0	10
2022105633	2025-05-10	4	120.0	1.0	1.0	1	1800	2	34.2	2.0	9
2022105633	2025-06-21	9	0.0	0.9	0.0	1	1800	0	34.6	2.0	16
2022105633	2025-09-27	9	0.0	0.5	0.0	1	2200	0	34.8	2.0	16
2022105633	2025-10-12	2	320.0	0.0	1.0	1	2400	0	33.6	2.0	11
2022105633	2025-11-29	2	320.0	0.1	1.0	1	2400	0	34.2	2.0	16
2022105633	2026-01-18	3	210.0	0.4	0.0	1	2400	0	35.4	2.0	12
2022105694	2024-11-30	1	720.0	0.0	0.0	0	1800	2	39.8	0.0	13
2022105694	2024-12-28	6	0.0	1.9	0.0	0	1800	0	38.6	2.0	13
2022105694	2025-01-11	9	0.0	2.7	0.0	0	1800	2	41.1	2.0	14
2022105694	2025-03-15	4	120.0	0.4	1.0	0	1800	0	37.2	2.0	13
2022105694	2025-04-20	13	0.0	2.8	1.0	0	1800	0	38.7	2.0	15
2022105694	2025-05-03	10	0.0	2.3	0.0	0	1800	2	38.1	2.0	15
2022105694	2025-10-26	5	80.0	1.0	2.0	0	1600	3	35.8	2.0	16
2022105694	2025-11-09	4	120.0	0.8	2.0	0	1600	2	37.0	2.0	16
2022105694	2025-12-13	6	0.0	1.3	0.0	0	1400	0	37.3	2.0	16
2022105694	2025-12-21	2	320.0	0.0	3.0	0	1800	2	37.6	2.0	16
2022105694	2026-01-12	4	120.0	0.5	0.0	0	1900	0	37.0	2.0	15
2022105694	2026-01-18	10	0.0	1.3	0.0	0	1900	0	39.0	2.0	11
2022105715	2025-01-25	3	140.0	0.9	0.0	1	1600	0	34.7	1.0	16
2022105715	2025-02-23	12	0.0	1.6	1.0	1	1800	0	38.1	1.0	16
2022105715	2025-05-24	3	140.0	0.1	1.0	1	1800	0	34.5	1.0	16
2022105715	2025-06-08	1	560.0	0.0	1.0	1	1800	0	34.0	1.0	18
2022105715	2025-08-02	11	0.0	1.1	0.0	1	2000	0	35.4	2.0	13
2022105715	2025-09-06	6	0.0	0.8	0.0	1	1600	0	34.7	2.0	13
2022105715	2025-12-21	5	80.0	0.3	3.0	1	1600	2	34.8	2.0	16
2022105715	2026-01-18	5	82.0	0.3	0.0	1	1600	0	35.5	2.0	8
2022105769	2024-12-08	5	72.0	0.3	1.0	1	1800	0	33.8	0.0	10
2022105769	2025-02-22	2	220.0	0.0	0.0	1	2400	0	34.3	1.0	15
2022105769	2025-03-16	1	560.0	0.0	1.0	1	2200	1	36.2	1.0	16
2022105769	2025-06-07	1	800.0	0.0	1.0	1	2200	0	34.3	2.0	10
2022105769	2025-07-27	2	626.2	0.3	0.0	1	2000	0	33.9	5.0	10
2022105769	2025-10-04	3	290.0	0.2	1.0	1	2000	1	35.3	3.0	12
2022105769	2025-10-18	3	290.0	0.4	0.0	1	2000	0	33.9	3.0	7
2022105769	2026-01-18	3	300.0	0.5	0.0	1	2200	0	34.5	3.0	16
2022105808	2024-12-07	1	720.0	0.0	1.0	0	1400	0	36.8	0.0	16
2022105808	2025-01-19	6	0.0	0.9	0.0	0	1200	0	36.6	2.0	10
2022105808	2025-02-02	3	200.0	0.2	1.0	0	1400	2	36.9	2.0	7
2022105808	2025-05-24	3	200.0	0.7	2.0	0	1400	0	37.4	2.0	9
2022105808	2025-10-19	1	800.0	0.0	1.0	0	1400	2	36.2	2.0	12
2022105808	2025-11-08	4	230.0	0.6	0.0	0	1400	0	37.0	5.0	16
2022105808	2026-01-18	1	1617.8	0.0	0.0	0	1400	0	36.9	5.0	16
2022105844	2024-09-08	8	0.0	2.0	0.0	0	1800	0	39.7	0.0	16
2022105844	2024-09-22	1	550.0	0.0	1.0	0	1800	0	38.9	1.0	12
2022105844	2024-10-14	7	0.0	2.4	0.0	0	1600	0	37.7	2.0	8
2022105844	2024-12-08	10	0.0	2.5	0.0	0	1800	0	41.0	2.0	13
2022105844	2025-03-15	12	0.0	2.6	1.0	0	1800	0	39.6	2.0	13
2022105844	2025-04-06	8	0.0	1.5	2.0	0	1800	2	39.7	2.0	14
2022105844	2025-06-14	6	0.0	1.2	1.0	0	1700	0	37.6	2.0	14
2022105844	2025-06-29	8	0.0	2.1	0.0	0	1700	0	41.0	2.0	11
2022105844	2025-07-12	3	200.0	0.3	0.0	0	1700	0	37.8	2.0	10
2022105844	2025-08-10	3	200.0	0.6	1.0	0	1700	2	37.4	2.0	9
2022105844	2025-08-31	1	800.0	0.0	1.0	0	1700	2	36.1	2.0	13
2022105844	2025-10-26	8	0.0	0.9	1.0	0	1600	3	35.2	5.0	13
2022105844	2025-11-15	10	0.0	1.1	0.0	0	1600	0	36.9	5.0	16
2022105844	2026-01-18	9	0.0	1.9	0.0	0	1800	0	39.6	3.0	16
2022105871	2024-12-08	2	290.0	0.1	1.0	1	1800	0	33.5	0.0	10
2022105871	2025-02-01	2	220.0	0.7	1.0	1	1800	0	35.6	1.0	10
2022105871	2025-02-23	2	220.0	0.4	1.0	1	1800	0	37.0	1.0	16
2022105871	2025-03-15	1	560.0	0.0	2.0	1	1800	0	34.0	1.0	18
2022105871	2025-05-04	8	0.0	0.8	0.0	1	2000	0	34.8		14
2022105871	2025-07-26	2	320.0	0.2	0.0	1	1600	0	34.0	2.0	10
2022105871	2025-09-15	3	200.0	0.2	0.0	1	1800	0	34.5	2.0	8
2022105871	2025-09-28	6	0.0	0.8	1.0	1	1800	0	34.7	2.0	18
2022105871	2025-12-06	5	80.0	0.3	0.0	1	1600	0	34.4	2.0	16
2022105871	2026-01-05	2	330.0	0.1	0.0	1	1600	0	34.0	2.0	15
2022105871	2026-01-18	2	330.0	0.0	0.0	1	1600	0	34.9	2.0	8
2022105878	2024-10-12	6	0.0	1.0	0.0	0	1800	0	39.9	0.0	16
2022105878	2024-10-26	7	0.0	2.6	1.0	0	1800	0	40.1	1.0	11
2022105878	2024-11-16	4	83.0	0.7	1.0	0	1800	0	39.2	1.0	11
2022105878	2025-02-15	4	84.0	0.9	0.0	0	1800	0	39.5	1.0	12
2022105878	2025-03-01	5	56.0	0.4	0.0	0	1800	0	39.4	1.0	16
2022105878	2025-03-23	1	560.0	0.0	0.0	0	1800	0	37.5	1.0	12
2022105878	2025-06-21	10	0.0	1.5	0.0	0	1800	0	38.5	2.0	16
2022105878	2025-07-13	7	0.0	0.9	1.0	1	1800	0	36.9	2.0	16
2022105878	2025-07-27	4	170.0	0.6	0.0	1	2000	0	34.5	5.0	7
2022105878	2025-08-10	1	800.0	0.0	1.0	0	1900	0	37.7	2.0	13
2022105878	2025-10-25	6	0.0	1.2	1.0	0	1900	0	38.3	3.0	16
2022105878	2025-11-01	13	0.0	1.7	0.0	0	1800	1	37.6	3.0	15
2022105878	2025-12-13	12	0.0	0.9	1.0	0	1800	0	37.3	5.0	16
2022105878	2025-12-28	9	0.0	1.0	0.0	0	1800	0	38.5	3.0	13
2022105878	2026-01-18	11	0.0	1.0	0.0	0	1800	0	37.6	5.0	16
2022105885	2024-12-15	1	720.0	0.0	0.0	0	1800	0	37.5	0.0	16
2022105885	2025-03-23	6	0.0	2.0	0.0	0	1800	0	39.4	2.0	16
2022105885	2025-04-12	3	200.0	0.1	0.0	0	1800	0	38.6	2.0	11
2022105885	2025-08-02	1	800.0	0.0	0.0	0	1800	0	37.7	2.0	10
2022105885	2025-08-24	3	395.2	0.5	0.0	0	1800	0	36.5	5.0	16
2022105885	2025-09-13	5	155.0	0.3	1.0	0	1800	0	37.3	5.0	9
2022105885	2025-12-28	2	460.0	0.1	0.0	0	1800	0	37.4	3.0	13
2022105885	2026-01-18	3	405.0	0.4	0.0	0	1800	0	36.9	5.0	16
2022105963	2024-06-09	1	720.0	0.0	1.0	1	1200	2	33.8	0.0	7
2022105963	2024-09-01	7	0.0	0.9	1.0	1	1200	1	34.6		13
2022105963	2024-10-05	8	0.0	0.9	0.0	1	1400	0	34.7	2.0	10
2022105963	2025-09-07	1	800.0	0.0	0.0	0	1400	0	37.9	2.0	15
2022105963	2025-11-08	2	630.2	0.2	0.0	0	1400	0	37.4	5.0	16
2022105963	2026-01-18	7	0.0	0.7	0.0	0	1400	0	38.0	5.0	16
2022105964	2024-11-23	11	0.0	2.5	1.0	1	1600	0	37.3	0.0	11
2022105964	2025-02-15	1	560.0	0.0	0.0	0	1400	0	38.4	1.0	16
2022105964	2025-04-13	10	0.0	1.7	2.0	0	1400	0	39.5	2.0	16
2022105964	2025-06-01	5	80.0	0.6	0.0	0	1400	0	38.3	2.0	14
2022105964	2025-07-13	5	80.0	1.0	1.0	0	1700	0	40.1	2.0	16
2022105964	2025-08-24	5	80.0	1.4	0.0	0	1400	0	38.9	2.0	14
2022105964	2025-10-13	1	800.0	0.0	1.0	0	1400	0	37.4	2.0	15
2022105964	2026-01-18	5	158.0	0.5	0.0	0	1400	0	37.5	5.0	16
2022106295	2024-09-28	5	72.0	0.9	1.0	1	2000	0	35.1	0.0	17
2022106295	2024-12-01	6	0.0	1.4	0.0	1	2000	0	35.7	1.0	8
2022106295	2025-02-22	7	0.0	0.8	0.0	1	1800	0	35.8	1.0	16
2022106295	2025-04-19	11	0.0	2.1	0.0	1	2200	0	37.1	1.0	16
2022106295	2025-07-05	8	0.0	1.4	1.0	1	1800	1	36.4	1.0	9
2022106295	2025-07-27	11	0.0	1.6	1.0	1	1200	1	35.7	1.0	14
2022106295	2025-08-30	9	0.0	2.1	2.0	0	1700	1	39.8	1.0	14
2022106295	2025-12-27	9	0.0	0.9	0.0	1	1800	0	34.2	2.0	15
2022106295	2026-01-25	7	0.0	0.9	0.0	1	1800	0	35.1	2.0	9
2022106543	2025-02-01	8	0.0	1.0	0.0	1	1600	0	35.9	0.0	16
2022106543	2025-03-01	11	0.0	2.8	0.0	0	1800	0	41.5	1.0	16
2022106543	2025-04-06	10	0.0	2.0	1.0	0	1800	2	41.7	1.0	13
2022106543	2025-05-25	13	0.0	1.6	1.0	1	1600	2	36.2	1.0	18
2022106543	2025-07-26	13	0.0	1.6	0.0	1	1800	0	34.1	1.0	18
2022106543	2025-09-27	11	0.0	2.4	1.0	2	2880	0	13.9	1.0	11
2022106543	2025-10-13	5	84.0	2.9	0.0	2	3000	0	13.6	1.0	14
2022106543	2026-01-18	8	0.0	2.6	0.0	2	2880	0	13.6	1.0	14
2022106566	2024-06-09	11	0.0	6.1	1.0	1	1800	0	37.2	0.0	11
2022106566	2024-10-20	3	140.0	1.5	0.0	0	1800	2	41.3	1.0	8
2022106566	2024-11-09	4	83.0	0.3	0.0	0	1800	0	38.2	1.0	14
2022106566	2024-11-30	2	220.0	0.2	0.0	0	1800	2	38.5	1.0	11
2022106566	2024-12-21	4	83.0	0.5	1.0	0	1800	0	39.0	1.0	16
2022106566	2025-02-15	2	220.0	0.5	0.0	0	1800	0	38.9	1.0	12
2022106566	2025-03-08	2	220.0	1.0	0.0	0	1800	0	38.0	1.0	12
2022106566	2025-03-29	2	220.0	0.0	0.0	0	1800	2	38.2	1.0	9
2022106566	2025-04-19	9	0.0	1.5	0.0	0	2000	0	40.4	1.0	16
2022106566	2025-06-07	3	140.0	0.6	0.0	0	1800	0	38.1	1.0	16
2022106566	2025-06-22	1	560.0	0.0	1.0	0	1800	0	38.0	1.0	14
2022106566	2025-10-04	13	0.0	2.0	3.0	0	1800	1	38.8	2.0	14
2022106566	2025-10-19	3	200.0	0.9	1.0	0	1800	1	38.0	2.0	15
2022106566	2025-11-09	10	0.0	2.8	1.0	0	1700	0	40.0	2.0	15
2022106566	2026-01-18	7	0.0	0.8	0.0	0	1900	0	38.3	2.0	11
2022106609	2024-12-08	1	720.0	0.0	0.0	0	1400	0	37.4	0.0	16
2022106609	2025-02-02	1	800.0	0.0	1.0	0	1400	2	37.1	2.0	7
2022106609	2025-04-06	5	180.0	0.4	0.0	0	1400	0	36.8	5.0	15
2022106609	2025-08-02	5	155.0	1.3	0.0	0	1700	0	37.5	5.0	14
2022106609	2025-10-26	6	0.0	0.6	1.0	0	1400	1	36.5	5.0	16
2022106609	2026-01-18	3	405.4	0.3	0.0	0	1400	0	37.0	5.0	16
2022106611	2024-10-20	1	720.0	0.0	0.0	1	1800	0	34.8	0.0	11
2022106611	2024-11-10	2	435.8	0.5	0.0	1	2000	0	34.6	2.0	8
2022106611	2024-12-28	14	0.0	1.5	0.0	1	2000	0	35.9		18
2022106611	2025-03-01	4	300.0	1.0	0.0	1	2200	0	35.6		8
2022106611	2025-03-23	2	320.0	1.1	0.0	0	1800	0	38.3	2.0	16
2022106611	2025-04-26	8	0.0	0.5	1.0	1	2400	0	34.3		13
2022106611	2025-06-21	1	1571.0	0.0	0.0	1	2400	0	34.8	5.0	9
2022106611	2025-09-15	2	2224.0	0.1	1.0	1	2200	0	34.4		12
2022106611	2025-10-26	16	0.0	2.4	2.0	1	3000	2	37.3		18
2022106611	2026-01-18	7	0.0	0.8	0.0	1	2400	0	34.6		13
2022106617	2024-10-19	3	180.0	0.9	0.0	0	1600	0	38.8	0.0	16
2022106617	2024-11-09	8	0.0	1.5	0.0	0	1800	0	39.7	1.0	14
2022106617	2025-01-13	13	0.0	3.4	0.0	0	1400	0	39.5	1.0	16
2022106617	2025-05-03	15	0.0	2.6	0.0	0	1400	1	38.0	1.0	16
2022106617	2025-05-17	2	220.0	0.0	3.0	0	1900	3	37.0	1.0	10
2022106617	2025-06-01	3	140.0	0.2	0.0	0	1900	0	39.0	1.0	14
2022106617	2025-08-07	1	150.0	0.0	0.0	0	1870	0	39.2	5.0	6
2022106617	2025-09-07	9	0.0	3.2	0.0	0	1800	0	41.2	2.0	9
2022106617	2025-10-19	3	200.0	0.2	1.0	0	1800	0	37.9	2.0	12
2022106617	2025-11-02	9	0.0	3.0	0.0	0	1800	2	39.9	2.0	14
2022106617	2026-01-18	9	0.0	1.2	0.0	0	1900	0	39.6	2.0	11
2022106630	2025-04-12	10	0.0	0.5	1.0	1	2000	0	36.1	1.0	16
2022106630	2025-04-26	4	84.0	0.1	0.0	1	2400	0	34.9	1.0	14
2022106630	2025-05-17	1	560.0	0.0	1.0	1	2400	3	36.4	1.0	16
2022106630	2025-08-17	2	320.0	0.4	0.0	1	2400	0	36.2	2.0	11
2022106630	2025-12-27	8	0.0	1.3	0.0	1	2000	0	35.8	3.0	9
2022106630	2026-01-18	8	0.0	1.0	0.0	1	2400	0	36.3	2.0	12
2022106698	2024-06-15	2	290.0	1.0	0.0	0	1000	0	36.4	0.0	7
2022106698	2024-07-07	1	550.0	0.0	2.0	0	1000	1	36.4	1.0	11
2022106698	2024-07-13	14	0.0	4.6	0.0	1	1200	0	37.6		14
2022106698	2024-11-09	10	0.0	2.1	0.0	0	1400	0	37.4	2.0	16
2022106698	2024-12-01	5	78.0	1.4	0.0	0	1200	0	38.0	2.0	9
2022106698	2024-12-21	8	0.0	1.7	0.0	0	1200	0	37.1	2.0	16
2022106698	2025-01-19	6	0.0	1.6	1.0	0	1200	0	37.4	2.0	16
2022106698	2025-04-13	11	0.0	1.3	3.0	0	1200	0	36.6	2.0	16
2022106698	2025-06-15	6	0.0	0.9	1.0	0	1000	0	34.9	2.0	9
2022106698	2025-07-05	2	320.0	0.0	0.0	0	1700	1	36.3	2.0	13
2022106698	2025-07-20	1	800.0	0.0	0.0	0	1700	0	38.1	2.0	13
2022106698	2025-12-21	15	0.0	3.4	3.0	0	1800	1	39.9	3.0	15
2022106698	2026-01-18	13	0.0	1.5	0.0	0	1400	0	38.2	5.0	16
2022107233	2024-10-05	11	0.0	1.8	2.0	1	2000	2	34.4	0.0	12
2022107233	2024-10-20	6	0.0	1.0	0.0	1	1800	0	34.2	1.0	10
2022107233	2024-11-09	12	0.0	2.1	0.0	1	2000	0	35.3	1.0	12
2022107233	2024-11-24	8	0.0	2.1	0.0	1	2000	0	35.1	1.0	12
2022107233	2025-01-12	14	0.0	1.5	1.0	1	2000	0	36.0	1.0	18
2022107233	2025-02-01	9	0.0	0.6	0.0	1	1800	0	34.4	1.0	16
2022107233	2025-03-02	3	140.0	1.9	0.0	0	1800	0	40.0	1.0	16
2022107233	2025-03-23	9	0.0	1.9	0.0	0	1800	2	39.3	1.0	16
2022107233	2025-06-15	2	220.0	0.5	0.0	0	1700	0	38.2	1.0	14
2022107233	2025-06-29	4	84.0	0.7	1.0	0	1700	0	38.3	1.0	9
2022107233	2025-07-12	2	220.0	0.5	0.0	0	1700	0	38.5	1.0	14
2022107233	2025-07-19	2	220.0	0.1	0.0	0	1700	0	38.6	1.0	13
2022107233	2025-08-03	4	84.0	0.8	0.0	0	1700	0	39.9	1.0	14
2022107233	2025-08-17	7	0.0	2.0	3.0	0	1700	0	38.8	1.0	14
2022107233	2025-08-31	7	0.0	0.9	1.0	0	1700	2	37.1	2.0	12
2022107233	2025-10-19	7	0.0	1.4	1.0	0	1800	1	38.5	2.0	15
2022107233	2025-10-26	5	80.0	1.5	3.0	0	1800	2	38.0	2.0	12
2022107233	2025-11-23	8	0.0	1.1	1.0	0	2100	0	37.1	2.0	16
2022107233	2025-12-13	6	0.0	1.3	1.0	0	1900	0	38.6	2.0	12
2022107233	2026-01-18	4	120.0	1.0	0.0	0	1800	0	39.2	2.0	14
2022107288	2024-11-09	9	0.0	5.9	0.0	0	1800	0	41.4	0.0	15
2022107288	2024-12-21	9	0.0	1.8	1.0	0	1200	0	37.5	1.0	16
2022107288	2025-01-25	3	140.0	1.2	0.0	0	1400	0	38.9	1.0	16
2022107288	2025-02-15	2	220.0	0.5	0.0	0	1400	0	37.8	1.0	16
2022107288	2025-03-08	1	560.0	0.0	0.0	0	1400	0	38.3	1.0	16
2022107288	2025-06-07	9	0.0	1.4	1.0	0	1400	0	37.9	2.0	16
2022107288	2025-07-12	1	800.0	0.0	0.0	0	1700	0	37.6	2.0	10
2022107288	2025-08-02	10	0.0	2.0	0.0	0	1700	0	38.3	5.0	14
2022107288	2025-11-09	6	0.0	0.7	3.0	0	1800	1	36.4	3.0	16
2022107288	2025-11-23	6	0.0	1.0	0.0	0	1800	0	36.3	3.0	14
2022107288	2026-01-18	8	0.0	1.6	0.0	0	1800	0	39.8	3.0	16
2022110105	2024-09-07	3	180.0	0.9	0.0	0	1800	0	37.3	0.0	9
2022110105	2024-09-21	2	220.0	0.7	0.0	0	1400	0	39.0	1.0	16
2022110105	2024-10-19	2	220.0	0.3	1.0	0	1400	0	38.0	1.0	12
2022110105	2024-11-02	1	550.0	0.0	3.0	0	1200	3	35.9	1.0	11
2022110105	2024-12-08	1	780.0	0.0	1.0	0	1200	0	36.1	2.0	10
2022110105	2024-12-14	1	1625.2	0.0	0.0	1	1200	0	34.0	5.0	11
2022110105	2025-03-01	2	0.0			0	1200	0			12
2022110105	2025-04-05	6	0.0			0	1200	0			13
2022110105	2025-10-05	2	890.6	0.1	1.0	0	1200	1	34.9	5.0	16
2022110105	2025-11-01	4	0.0			0	1200	0			15
2022110105	2026-01-18	11	0.0	1.1	0.0	0	1200	0	38.2	5.0	16
2022110107	2024-07-27	1	720.0	0.0	0.0	0	1200	0	37.7	0.0	14
2022110107	2024-09-28	5	107.0	1.0	1.0	0	1400	0	35.8	2.0	10
2022110107	2024-11-02	8	0.0			0	1700	0			10
2022110107	2025-01-19	1	800.0	0.0	1.0	0	1200	0	37.2	2.0	16
2022110107	2025-02-23	10	0.0	1.7	0.0	0	1600	0	37.2		10
2022110107	2025-06-14	1	1585.0	0.0	3.0	0	1200	1	35.1	5.0	16
2022110107	2025-07-05	6	0.0	0.5	0.0	0	1150	0	36.4	4.0	16
2022110107	2025-08-14	3	480.0	0.7	1.0	0	1200	0	38.2		8
2022110107	2025-11-02	1	1865.9	0.0	1.0	0	1300	1	35.5	4.0	12
2022110107	2025-12-14	3	958.3	1.1	1.0	0	1200	2	36.7		16
2022110107	2026-01-18	2	890.6	0.3	0.0	0	1200	0	37.2	5.0	16
2022110140	2024-10-06	1	720.0	0.0	0.0	0	1200	0	35.5	0.0	15
2022110140	2024-11-09	2	439.8	0.2	0.0	0	1400	0	36.3	2.0	16
2022110140	2024-12-15	1	1087.5	0.0	0.0	0	1400	0	36.3	2.0	7
2022110140	2025-03-16	4	270.0	0.5	2.0	0	1400	1	36.7	5.0	12
2022110140	2025-04-06	4	270.0	0.4	0.0	0	1400	0	38.2	5.0	15
2022110140	2025-05-10	1	1823.8	0.0	1.0	0	1600	1	35.3	5.0	11
2022110140	2025-08-10	15	0.0	3.1	3.0	0	1800	3	39.7		15
2022110140	2025-11-01	15	0.0	3.8	0.0	0	1600	1	39.6	5.0	16
2022110140	2025-12-07	2	889.8	0.0	0.0	0	1200	0	35.7	5.0	16
2022110140	2026-01-18	14	0.0	1.9	0.0	0	1200	0	39.0	5.0	16
2023100014	2025-10-25	7	0.0	1.0	1.0	0	1400	0	38.1	0.0	16
2023100014	2025-11-16	1	560.0	0.0	0.0	0	1200	0	37.2	1.0	15
2023100014	2025-12-14	3	200.0	0.9	0.0	0	1200	0	36.4	2.0	7
2023100014	2026-01-18	7	0.0	0.3	0.0	0	1200	0	37.4	2.0	10
2023100027	2025-10-11	16	0.0	5.8	3.0	0	1400	2	41.8	0.0	16
2023100027	2026-01-18	11	0.0	2.0	0.0	0	1200	0	40.1	1.0	16
2023100060	2025-12-13	12	0.0	2.3	1.0	1	2000	0	34.7	0.0	12
2023100060	2025-12-28	10	0.0	4.4	0.0	0	1800	0	41.7	1.0	13
2023100060	2026-01-18	16	0.0	5.0	0.0	0	1400	0	43.2	1.0	16
2023100171	2025-10-26	14	0.0	2.0	3.0	1	1600	2	35.3	0.0	18
2023100171	2026-01-18	13	0.0	4.3	0.0	0	1800	0	44.3	1.0	16
2023100179	2025-07-26	3	190.0	0.4	0.0	1	1600	0	33.8	0.0	12
2023100179	2025-08-17	2	220.0	0.3	0.0	1	1600	0	34.9	1.0	11
2023100179	2025-10-11	3	140.0	0.1	3.0	1	1600	0	34.5	1.0	10
2023100179	2025-11-09	3	140.0	0.4	2.0	1	1600	0	34.8	1.0	16
2023100179	2025-12-06	4	84.0	0.2	0.0	1	1600	0	34.1	1.0	15
2023100179	2026-01-04	4	89.0	0.3	0.0	1	1600	0	35.6	1.0	16
2023100179	2026-01-18	6	0.0	0.4	0.0	1	1600	0	36.1	1.0	16
2023100240	2026-01-18	9	0.0	1.5	0.0	1	1600	0	35.3	0.0	16
2023100285	2025-10-18	8	0.0	0.8	0.0	1	1400	0	34.3	0.0	18
2023100285	2025-10-26	11	0.0	2.5	2.0	0	1400	3	38.1	1.0	14
2023100285	2026-01-18	8	0.0	2.5	0.0	0	1800	0	43.6	1.0	16
2023100290	2025-12-07	3	190.0	0.3	0.0	1	1200	0	34.9	0.0	16
2023100290	2026-01-18	10	0.0	1.9	0.0	0	1200	0	40.3	1.0	16
2023100376	2025-10-25	7	0.0	0.9	2.0	0	1400	2	37.8	0.0	16
2023100376	2025-11-16	6	0.0	1.2	0.0	0	1400	0	38.1	1.0	14
2023100376	2025-11-30	4	84.0	0.5	0.0	0	1200	0	36.6	1.0	16
2023100376	2026-01-18	4	89.0	0.9	0.0	0	1200	0	36.9	1.0	16
2023100456	2025-10-26	16	0.0	7.4	1.0	0	1800	1	41.0	0.0	16
2023100456	2026-01-18	12	0.0	3.7	0.0	0	1800	0	39.7	1.0	12
2023100477	2026-01-18	11	0.0	1.3	0.0	1	2000	0	35.5	0.0	17
2023100604	2025-11-29	11	0.0	1.2	0.0	1	1600	0	35.3	0.0	12
2023100604	2025-12-14	11	0.0	2.8	1.0	0	1400	2	38.5	1.0	16
2023100604	2026-01-18	13	0.0	2.1	0.0	0	1400	0	39.6	1.0	16
2023100614	2025-09-13	11	0.0	1.5	1.0	1	1600	2	35.2	0.0	16
2023100614	2025-10-05	11	0.0	0.9	0.0	1	1400	0	33.9	1.0	17
2023100614	2026-01-18	11	0.0	1.0	0.0	1	1600	0	35.4	1.0	16
2023100617	2026-01-05	1	650.0	0.0	0.0	0	1200	0	37.4	0.0	14
2023100617	2026-01-18	5	82.0	0.2	0.0	0	1200	0	37.4	2.0	10
2023100685	2025-12-28	5	75.0	0.3	0.0	1	1600	0	34.9	0.0	16
2023100685	2026-01-18	12	0.0	1.0	0.0	1	1600	0	36.9	1.0	18
2023100722	2025-10-05	6	0.0	1.7	0.0	0	1600	0	37.4	0.0	16
2023100722	2025-10-25	9	0.0	1.8	2.0	0	1600	2	37.5	1.0	15
2023100722	2025-12-27	4	84.0	1.3	1.0	0	1200	2	37.8	1.0	16
2023100722	2026-01-18	1	590.0	0.0	0.0	0	1200	0	38.1	1.0	16
2023100770	2025-08-10	14	0.0	3.4	3.0	0	1200	2	39.3	0.0	15
2023100770	2025-12-28	6	0.0	0.9	0.0	0	1200	0	37.6	1.0	16
2023100770	2026-01-18	9	0.0	3.3	0.0	0	1800	0	39.5	1.0	13
2023100798	2025-11-08	6	0.0	0.8	0.0	1	1200	0	36.0	0.0	16
2023100798	2025-11-22	10	0.0	1.1	0.0	0	1200	0	36.8	1.0	14
2023100798	2026-01-18	6	0.0	1.1	0.0	0	1200	0	37.2	1.0	16
2023100814	2025-09-27	7	0.0	1.6	0.0	1	2000	0	37.1	0.0	11
2023100814	2025-10-18	3	140.0	0.4	1.0	1	1600	0	34.5	1.0	7
2023100814	2026-01-18	5	59.0	0.6	0.0	1	1600	0	37.4	1.0	18
2023100823	2025-11-02	8	0.0	1.1	0.0	1	1600	0	35.3	0.0	15
2023100823	2026-01-18	11	0.0	1.0	0.0	1	1600	0	35.9	1.0	18
2023100941	2025-09-21	12	0.0	3.8	0.0	0	1800	2	41.4	0.0	16
2023100941	2025-10-13	8	0.0	2.6	1.0	0	1600	0	41.5	1.0	15
2023100941	2025-12-06	11	0.0	1.3	0.0	0	1400	0	39.3	1.0	16
2023100941	2026-01-11	5	59.0	1.5	1.0	0	1800	0	40.6	1.0	16
2023100941	2026-01-18	4	89.0	0.6	0.0	0	1800	0	41.7	1.0	16
2023100946	2025-08-10	2	300.0	0.2	1.0	1	2000	0	33.1	0.0	13
2023100946	2025-09-13	2	220.0	0.0	1.0	1	1800	0	32.8	1.0	5
2023100946	2025-11-09	1	560.0	0.0	3.0	1	2000	2	35.3	1.0	8
2023100946	2026-01-18	2	1615.4	0.0	0.0	1	2000	0	34.5		15
2023100947	2025-11-16	1	750.0	0.0	0.0	1	2000	0	35.1	0.0	9
2023100947	2026-01-18	9	0.0	0.6	0.0	1	2000	0	34.7		15
2023101037	2025-09-28	3	190.0	0.7	0.0	0	1200	0	38.0	0.0	16
2023101037	2026-01-18	4	89.0	0.6	0.0	0	1200	0	40.2	1.0	16
2023101166	2025-06-08	3	190.0	0.3	0.0	1	1400	0	34.8	0.0	11
2023101166	2025-06-28	4	84.0	1.0	0.0	1	1200	0	36.7	1.0	6
2023101166	2025-09-14	1	560.0	0.0	1.0	0	1400	0	36.7	1.0	13
2023101166	2025-12-28	2	320.0	0.0	0.0	0	1200	0	38.3	2.0	11
2023101166	2026-01-18	1	820.0	0.0	0.0	0	1200	0	36.6	2.0	10
2023101362	2025-12-28	8	0.0	0.9	0.0	1	2000	0	35.8	0.0	18
2023101362	2026-01-18	1	590.0	0.0	0.0	0	1800	0	40.7	1.0	16
2023101395	2026-01-04	9	0.0	1.1	1.0	1	1800	0	35.0	0.0	18
2023101395	2026-01-18	9	0.0	1.7	0.0	0	1800	0	38.8	1.0	12
2023101440	2025-12-28	15	0.0	1.6	0.0	1	1600	0	35.9	0.0	16
2023101440	2026-01-18	15	0.0	4.0	0.0	0	1400	0	42.0	1.0	16
2023101500	2025-10-11	7	0.0	2.2	1.0	0	1200	0	38.4	0.0	11
2023101500	2026-01-04	5	59.0	0.3	0.0	0	1200	0	36.1	1.0	16
2023101500	2026-01-18	2	240.0	0.4	0.0	0	1200	0	36.8	1.0	16
2023101575	2026-01-18	10	0.0	1.2	0.0	1	2000	0	35.9	0.0	17
2023101607	2025-11-09	9	0.0	1.7	3.0	0	1400	2	37.4	0.0	16
2023101607	2026-01-18	5	59.0	0.6	0.0	0	1800	0	37.7	1.0	12
2023101826	2026-01-12	12	0.0	2.2	0.0	0	1200	0	38.4	0.0	16
2023101826	2026-01-18	11	0.0	5.2	0.0	0	1800	0	43.7	1.0	13
2023101848	2025-12-21	9	0.0	3.2	3.0	1	1200	1	36.1	0.0	11
2023101848	2026-01-18	8	0.0	1.7	0.0	0	1400	0	39.0	1.0	16
2023101884	2025-12-28	14	0.0	3.6	0.0	0	1400	0	43.4	0.0	16
2023101884	2026-01-18	11	0.0	1.7	0.0	0	1200	0	36.9	1.0	16
2023101910	2025-09-28	9	0.0	1.3	0.0	1	1200	0	33.6	1.0	16
2023101910	2025-12-21	14	0.0	3.5	1.0	1	1600	1	39.1	1.0	16
2023101910	2026-01-18	5	59.0	0.8	0.0	0	1200	0	39.1	1.0	16
2023101951	2025-12-06	3	190.0	0.2	0.0	0	1200	0	37.3	0.0	10
2023101951	2025-12-21	3	140.0	0.4	3.0	0	1200	2	37.1	1.0	16
2023101951	2026-01-04	3	150.0	0.4	0.0	0	1400	0	38.3	1.0	16
2023101951	2026-01-18	2	240.0	0.1	0.0	0	1400	0	38.5	1.0	16
2023102091	2026-01-18	1	650.0	0.0	0.0	1	2000	0	35.4	0.0	17
2023102105	2025-10-05	6	0.0	0.8	1.0	1	1200	2	34.5	0.0	12
2023102105	2025-10-25	8	0.0	0.8	1.0	1	1400	0	35.1	1.0	12
2023102105	2025-12-21	15	0.0	1.5	3.0	1	1800	2	36.0	1.0	18
2023102105	2026-01-18	9	0.0	1.8	0.0	0	1400	0	38.9	1.0	16
2023102128	2025-12-27	11	0.0	1.8	0.0	1	2000	0	35.3	0.0	14
2023102128	2026-01-18	16	0.0	1.5	0.0	1	1600	0	36.0	1.0	18
2023102188	2025-11-01	8	0.0	2.3	0.0	0	1400	3	37.5	0.0	16
2023102188	2026-01-18	9	0.0	1.5	0.0	0	1200	0	37.6	1.0	16
2023102241	2025-10-11	3	190.0	0.9	1.0	0	1200	0	37.1	0.0	11
2023102241	2025-11-01	1	560.0	0.0	0.0	0	1200	3	36.0	1.0	13
2023102241	2026-01-18	9	0.0	0.7	0.0	0	1200	0	37.7	2.0	10
2023102242	2025-12-28	10	0.0	1.5	0.0	0	1400	0	38.8	0.0	16
2023102242	2026-01-18	8	0.0	1.6	0.0	0	1800	0	39.0	1.0	12
2023102266	2025-09-28	11	0.0	1.9	0.0	1	2000	0	35.4	0.0	17
2023102266	2025-10-12	9	0.0	1.7	1.0	1	2000	0	35.5	1.0	10
2023102266	2026-01-18	10	0.0	5.0	0.0	0	1800	0	42.7	1.0	13
2023102332	2025-12-27	3	190.0	0.2	1.0	1	1600	0	35.0	0.0	16
2023102332	2026-01-18	14	0.0	1.5	0.0	1	1600	0	36.6	1.0	16
2023102345	2025-10-05	8	0.0	2.9	0.0	0	1600	0	37.9	0.0	16
2023102345	2025-11-22	12	0.0	2.2	0.0	0	1700	0	40.0	1.0	14
2023102345	2026-01-05	11	0.0	3.1	0.0	0	1800	2	41.9	1.0	16
2023102345	2026-01-18	12	0.0	3.2	0.0	0	1800	0	43.4	1.0	16
2023102367	2026-01-18	6	0.0	1.2	0.0	1	1600	0	35.4	0.0	16
2023102378	2025-12-27	5	75.0	0.4	1.0	1	1600	0	35.0	0.0	16
2023102378	2026-01-18	2	240.0	0.1	0.0	1	1600	0	35.2	1.0	16
2023102383	2025-12-14	7	0.0	1.3	1.0	0	1200	2	38.3	0.0	15
2023102383	2026-01-04	2	240.0	0.3	0.0	0	1200	2	38.4	1.0	16
2023102383	2026-01-18	14	0.0	2.7	0.0	0	1200	0	42.0	1.0	16
2023102398	2025-12-13	2	300.0	0.3	0.0	0	1800	0	39.0	0.0	15
2023102398	2026-01-04	6	0.0	1.3	0.0	0	1800	2	41.9	1.0	12
2023102398	2026-01-18	4	89.0	1.0	0.0	0	1800	0	39.5	1.0	13
2023102438	2025-09-13	13	0.0	2.2	1.0	1	1600	2	35.4	0.0	16
2023102438	2025-09-28	15	0.0	4.4	0.0	1	2000	0	36.0	1.0	16
2023102438	2026-01-05	16	0.0	4.7	0.0	0	1800	2	44.1	1.0	16
2023102438	2026-01-18	15	0.0	4.6	0.0	0	1800	0	44.2	1.0	16
2023102438	2026-01-25	9	0.0	2.3	0.0	0	1400	0	38.2	1.0	10
2023102448	2025-12-21	12	0.0	2.5	3.0	0	1400	2	39.3	0.0	15
2023102448	2026-01-18	16	0.0	2.6	0.0	0	1200	0	39.1	1.0	16
2023102452	2025-10-04	6	0.0	0.4	2.0	1	2000	1	35.1	0.0	14
2023102452	2025-10-12	6	0.0	1.0	1.0	1	2000	0	36.5	1.0	9
2023102452	2026-01-05	6	0.0	0.6	0.0	1	2000	0	35.2	1.0	17
2023102452	2026-01-18	2	240.0	0.1	0.0	0	1800	0	36.9	1.0	12
2023102581	2025-08-30	15	0.0	1.8	1.0	1	1400	0	36.0	0.0	18
2023102581	2025-11-29	11	0.0	1.0	0.0	1	1400	0	35.1	1.0	18
2023102581	2025-12-28	8	0.0	1.5	0.0	0	1800	0	41.1	1.0	16
2023102581	2026-01-18	2	240.0	0.1	0.0	0	1800	0	41.0	1.0	16
2023102680	2025-09-27	6	0.0	2.0	0.0	0	1800	0	39.1	0.0	16
2023102680	2025-12-06	3	140.0	0.2	0.0	0	1800	0	39.9	1.0	13
2023102680	2026-01-05	2	240.0	0.6	0.0	0	1800	2	41.2	1.0	16
2023102680	2026-01-18	5	59.0	1.4	0.0	0	1800	0	42.4	1.0	16
2023102761	2026-01-04	5	65.0	1.2	0.0	0	1800	0	40.7	0.0	12
2023102761	2026-01-18	4	89.0	0.6	0.0	0	1800	0	38.8	1.0	12
2023102796	2025-10-11	9	0.0	2.1	3.0	0	1600	2	38.8	0.0	16
2023102796	2026-01-05	10	0.0	3.0	0.0	0	1800	2	42.3	1.0	16
2023102796	2026-01-18	8	0.0	3.2	0.0	0	1800	0	41.1	1.0	13
2023102798	2026-01-18	10	0.0	1.6	0.0	1	1600	0	35.7	0.0	16
2023102845	2025-12-28	2	300.0	0.0	0.0	1	1600	0	34.5	0.0	16
2023102845	2026-01-18	2	240.0	0.1	0.0	1	1600	0	35.8	1.0	18
2023102878	2025-12-28	7	0.0	0.4	0.0	1	1600	0	34.2	0.0	16
2023102878	2026-01-18	17	0.0	1.7	0.0	1	1600	0	37.4	1.0	18
2023102985	2025-08-23	3	190.0	0.1	0.0	1	1600	0	33.3	0.0	13
2023102985	2025-10-25	2	220.0	0.3	0.0	1	1800	0	34.4	1.0	13
2023102985	2025-11-22	5	56.0	0.6	0.0	1	1800	0	36.0	1.0	16
2023102985	2026-01-18	16	0.0	8.3	0.0	0	1800	0	49.4	1.0	16
2023102995	2026-01-05	7	0.0	1.5	0.0	0	1200	0	37.4	0.0	14
2023102995	2026-01-18	10	0.0	1.6	0.0	0	1200	0	37.9	1.0	16
2023103036	2025-06-14	6	0.0	1.3	2.0	1	1200	2	36.1	0.0	8
2023103036	2025-07-12	6	0.0	1.8	0.0	1	1200	0	36.7	1.0	10
2023103036	2025-08-16	6	0.0	2.0	0.0	0	1200	0	39.3	1.0	9
2023103036	2026-01-18	15	0.0	2.3	0.0	0	1200	0	39.2	1.0	16
2023103047	2025-09-13	8	0.0	1.3	1.0	1	1600	2	35.4	0.0	16
2023103047	2025-10-12	6	0.0	1.1	0.0	1	1600	0	35.1	1.0	10
2023103047	2026-01-18	12	0.0	1.3	0.0	1	1600	0	34.9	1.0	16
2023103150	2025-12-21	10	0.0	3.3	3.0	1	1200	1	36.4	0.0	11
2023103150	2026-01-18	18	0.0	2.4	0.0	1	1600	0	37.2	1.0	18
2023103163	2025-09-06	4	110.0	2.5	0.0	0	1400	2	39.3	0.0	13
2023103163	2025-09-27	3	140.0	0.8	0.0	0	1400	0	37.8	1.0	15
2023103163	2025-10-13	6	0.0	1.8	0.0	0	1400	0	38.5	1.0	8
2023103163	2025-10-25	3	140.0	0.0	1.0	0	1400	0	39.3	1.0	14
2023103163	2026-01-18	4	89.0	0.6	0.0	0	1400	0	38.2	1.0	16
2023103195	2025-09-06	9	0.0	1.4	0.0	1	1200	0	35.0	0.0	16
2023103195	2025-10-05	6	0.0	0.6	0.0	1	1400	0	34.3	1.0	17
2023103195	2026-01-18	10	0.0	1.0	0.0	1	1600	0	36.3	1.0	16
2023103248	2025-09-27	5	75.0	1.2	0.0	1	2000	0	36.2	0.0	11
2023103248	2025-12-27	4	84.0	0.4	0.0	1	1600	0	35.0	1.0	15
2023103248	2026-01-18	3	150.0	0.3	0.0	1	1600	0	35.0	1.0	18
2023103273	2025-07-12	8	0.0	1.2	1.0	1	1200	0	35.8	0.0	11
2023103273	2025-07-27	2	220.0	1.2	0.0	1	1600	0	34.0	1.0	7
2023103273	2025-08-17	8	0.0	1.6	0.0	1	1600	0	36.3	1.0	11
2023103273	2026-01-18	16	0.0	2.2	0.0	1	1600	0	35.9	1.0	16
2023103322	2025-12-13	5	75.0	2.3	0.0	0	1800	0	40.4	0.0	15
2023103322	2025-12-27	12	0.0	3.5	1.0	0	1800	2	40.6	1.0	16
2023103322	2026-01-18	13	0.0	6.1	0.0	0	1800	0	43.6	1.0	13
2023103394	2025-11-08	3	190.0	0.3	0.0	1	1800	0	34.6	0.0	9
2023103394	2025-12-06	2	220.0	0.0	0.0	1	1600	0	33.6	1.0	17
2023103394	2026-01-18	10	0.0	0.9	0.0	1	1600	0	37.5	1.0	18
2023103399	2025-08-30	9	0.0	1.3	0.0	1	1400	0	36.7	0.0	10
2023103399	2025-11-16	3	140.0	0.7	0.0	0	1200	0	37.6	1.0	15
2023103399	2025-12-06	3	140.0	0.6	0.0	0	1200	0	38.4	1.0	16
2023103399	2026-01-18	1	590.0	0.0	0.0	0	1200	0	36.7	1.0	16
2023103438	2025-11-02	6	0.0	0.8	1.0	1	2000	0	34.6	0.0	9
2023103438	2026-01-18	5	59.0	1.4	0.0	0	1800	0	39.9	1.0	13
2023103460	2026-01-18	6	0.0	0.8	0.0	1	2000	0	35.7	0.0	17
2023103468	2025-10-13	2	300.0	0.0	0.0	1	1800	0	33.9	0.0	13
2023103468	2025-11-01	3	112.0	0.7	0.0	1	2000	2	33.9	1.0	11
2023103468	2025-12-27	1	560.0	0.0	1.0	1	2000	0	36.1	1.0	18
2023103468	2026-01-18	11	0.0	0.7	0.0	1	2000	0	34.3		15
2023103473	2026-01-18	11	0.0	2.6	0.0	1	1600	0	35.3	0.0	16
2023103550	2025-11-02	2	300.0	0.2	1.0	1	1600	0	33.8	0.0	16
2023103550	2025-11-23	3	140.0	0.6	1.0	1	1600	0	34.2	1.0	17
2023103550	2025-12-21	2	220.0	0.7	1.0	1	1600	1	35.6	1.0	16
2023103550	2026-01-18	4	89.0	0.3	0.0	1	1600	0	34.8	1.0	16
2023103694	2025-08-03	5	75.0	1.0	0.0	1	1600	0	34.5	0.0	13
2023103694	2025-09-21	4	84.0	0.4	0.0	1	1600	0	35.7	1.0	16
2023103694	2025-10-13	7	0.0	2.1	1.0	0	1600	0	41.5	1.0	15
2023103694	2026-01-04	3	150.0	0.2	0.0	1	1600	0	35.3	1.0	16
2023103694	2026-01-18	3	150.0	0.1	0.0	1	1600	0	35.8	1.0	16
2023103705	2026-01-18	16	0.0	3.4	0.0	1	1600	0	36.6	0.0	16
2023103712	2026-01-18	15	0.0	3.1	0.0	1	1600	0	36.6	0.0	16
2023103764	2025-09-21	6	0.0	3.1	0.0	0	1800	0	38.9	0.0	9
2023103764	2025-10-13	3	140.0	0.6	0.0	0	1400	0	36.8	1.0	13
2023103764	2025-12-27	4	84.0	0.5	0.0	0	1400	2	37.9	1.0	16
2023103764	2026-01-18	3	150.0	0.2	0.0	0	1400	0	38.3	1.0	16
2023103793	2025-08-31	2	300.0	1.0	0.0	0	1800	0	37.6	0.0	15
2023103793	2025-10-18	2	220.0	1.0	0.0	0	1600	0	37.6	1.0	11
2023103793	2025-12-06	3	140.0	0.3	0.0	0	1800	0	38.8	1.0	16
2023103793	2025-12-28	3	140.0	0.7	0.0	0	1800	0	40.0	1.0	16
2023103793	2026-01-18	1	590.0	0.0	0.0	0	1800	0	38.5	1.0	13
2023103806	2025-12-28	2	300.0	1.4	0.0	0	1800	0	39.4	0.0	16
2023103806	2026-01-18	2	240.0	0.4	0.0	0	1800	0	38.6	1.0	13
2023103814	2025-06-08	4	110.0	1.3	1.0	1	1800	0	35.6	0.0	10
2023103814	2025-07-19	1	560.0	0.0	0.0	1	1800	0	36.3	1.0	10
2023103814	2025-09-27	2	645.6	0.0	0.0	1	2000	0	35.3	5.0	9
2023103814	2026-01-18	8	0.0	0.5	0.0	1	2000	0	34.5		15
2023103820	2026-01-18	4	98.0	0.7	0.0	1	1600	0	34.0	0.0	16
2023103829	2025-11-02	8	0.0	3.1	0.0	0	1400	2	38.4	0.0	16
2023103829	2025-12-21	9	0.0	1.8	3.0	0	1200	2	37.8	1.0	16
2023103829	2026-01-18	13	0.0	1.8	0.0	0	1200	0	38.0	1.0	16
2023103874	2025-12-28	5	75.0	0.9	0.0	0	1400	0	39.6	0.0	16
2023103874	2026-01-18	12	0.0	1.9	0.0	0	1400	0	39.5	1.0	16
2023103875	2025-09-20	3	190.0	0.5	1.0	1	1600	0	33.5	0.0	14
2023103875	2025-10-12	5	56.0	0.7	0.0	1	1600	0	34.9	1.0	10
2023103875	2025-11-29	4	84.0	0.7	0.0	0	1400	0	37.8	1.0	14
2023103875	2025-12-21	7	0.0	0.6	3.0	1	1400	2	34.9	1.0	17
2023103875	2026-01-18	9	0.0	0.9	0.0	1	1600	0	36.5	1.0	18
2023103897	2025-11-15	1	750.0	0.0	0.0	1	2000	0	36.5	0.0	16
2023103897	2026-01-18	13	0.0	1.1	0.0	1	2000	0	35.5		15
2023103908	2025-08-31	1	750.0	0.0	1.0	1	1800	2	35.3	0.0	8
2023103908	2025-11-02	4	170.0	1.2	1.0	1	2000	0	32.8	5.0	5
2023103908	2026-01-18	6	0.0	0.3	0.0	1	2000	0	34.4		15
2023104069	2025-11-16	5	75.0	1.1	0.0	1	1600	0	35.1	0.0	12
2023104069	2025-11-30	5	56.0	1.1	0.0	1	1600	0	34.3	1.0	13
2023104069	2025-12-20	7	0.0	1.2	2.0	1	1800	0	35.0	1.0	16
2023104069	2026-01-18	6	0.0	2.2	0.0	0	1800	0	40.5	1.0	13
2023104103	2025-11-16	6	0.0	0.7	0.0	0	1600	0	37.0	0.0	16
2023104103	2025-12-13	5	56.0	1.0	1.0	0	1800	0	37.9	1.0	14
2023104103	2026-01-04	2	240.0	0.0	0.0	0	1800	2	40.0	1.0	12
2023104103	2026-01-18	3	150.0	0.5	0.0	0	1800	0	39.1	1.0	13
2023104199	2025-08-23	7	0.0	4.3	0.0	1	1500	2	39.5	0.0	9
2023104199	2025-09-13	5	56.0	2.3	1.0	0	1200	0	37.9	1.0	8
2023104199	2026-01-18	5	59.0	1.0	0.0	0	1200	0	37.2	1.0	16
2023104274	2025-10-25	6	0.0	1.9	2.0	0	1600	2	37.3	0.0	16
2023104274	2025-11-08	9	0.0	3.2	1.0	0	1600	0	39.9	1.0	15
2023104274	2026-01-18	3	150.0	0.6	0.0	0	1800	0	41.5	1.0	16
2023104320	2026-01-18	9	0.0	0.9	0.0	1	2000	0	35.8	0.0	17
2023104346	2025-06-07	4	110.0	1.1	0.0	1	1600	0	34.7	0.0	9
2023104346	2025-08-03	2	220.0	0.9	0.0	1	1600	0	34.1	1.0	6
2023104346	2025-09-28	3	140.0	0.9	0.0	1	2000	0	34.7	1.0	16
2023104346	2025-10-19	1	560.0	0.0	1.0	1	2000	2	36.3	1.0	12
2023104346	2025-12-06	7	0.0	0.9	1.0	1	2000	0	36.2	2.0	11
2023104346	2026-01-05	1	820.0	0.0	0.0	1	2000	0	36.1	2.0	10
2023104346	2026-01-18	5	410.0	0.3	0.0	1	2000	0	34.7		15
2023104405	2026-01-18	7	0.0	0.9	0.0	1	2000	0	35.4	0.0	17
2023104417	2025-08-02	5	75.0	1.0	0.0	1	1800	0	33.6	0.0	12
2023104417	2025-09-06	5	56.0	2.0	0.0	1	2000	0	37.0	1.0	5
2023104417	2025-10-04	3	140.0	0.6	3.0	0	1800	1	37.7	1.0	14
2023104417	2025-10-25	3	140.0	0.7	1.0	0	1800	0	37.9	1.0	11
2023104417	2026-01-18	6	0.0	0.8	0.0	0	1800	0	38.5	1.0	12
2023104492	2025-06-21	2	300.0	0.4	0.0	1	1800	0	35.1	0.0	12
2023104492	2025-07-12	1	560.0	0.0	1.0	1	1800	0	36.3	1.0	10
2023104492	2025-08-16	3	402.5	0.7	0.0	1	1800	0	35.7	5.0	8
2023104492	2025-12-06	4	170.0	0.7	1.0	1	2000	0	35.1	2.0	11
2023104492	2026-01-18	7	0.0	0.5	0.0	1	2000	0	34.6		15
2023104515	2025-12-27	3	190.0	1.0	1.0	0	1200	2	38.4	0.0	14
2023104515	2026-01-18	8	0.0	0.5	0.0	1	1600	0	35.5	1.0	16
2023104546	2026-01-18	15	0.0	2.0	0.0	1	2000	0	36.6	0.0	17
2023104564	2025-11-08	11	0.0	3.8	0.0	0	1300	0	37.6	0.0	14
2023104564	2025-11-24	13	0.0	4.0	0.0	0	1600	0	39.7	1.0	15
2023104564	2025-12-13	14	0.0	3.5	1.0	0	1800	0	38.8	1.0	14
2023104564	2026-01-12	13	0.0	4.6	0.0	0	1800	0	43.3	1.0	16
2023104564	2026-01-18	12	0.0	5.8	0.0	0	1800	0	43.7	1.0	13
2023104612	2025-12-21	8	0.0	1.9	3.0	0	1400	2	38.5	0.0	15
2023104612	2026-01-18	11	0.0	1.9	0.0	0	1400	0	39.9	1.0	16
2023104680	2025-12-28	5	75.0	0.4	0.0	1	2000	0	36.0	0.0	18
2023104680	2026-01-18	5	59.0	0.3	0.0	1	1600	0	35.8	1.0	16
2023104682	2025-09-06	3	190.0	2.3	0.0	0	1400	2	38.3	0.0	13
2023104682	2025-12-14	9	0.0	2.0	1.0	0	1400	2	38.6	1.0	16
2023104682	2026-01-04	3	150.0	1.3	0.0	0	1800	0	37.8	1.0	16
2023104682	2026-01-18	1	590.0	0.0	0.0	0	1800	0	38.1	1.0	12
2023104691	2025-10-11	12	0.0	1.0	3.0	1	1600	0	34.1	0.0	14
2023104691	2025-10-26	8	0.0	2.4	2.0	1	1600	2	36.6	1.0	11
2023104691	2026-01-18	9	0.0	1.8	0.0	0	1200	0	39.0	1.0	16
2023104793	2026-01-18	12	0.0	2.3	0.0	0	1200	0	38.7	1.0	16
2023104798	2025-08-10	3	190.0	0.5	3.0	0	1200	2	38.1	0.0	15
2023104798	2025-09-06	6	0.0	0.9	0.0	0	1400	1	37.7	1.0	9
2023104798	2025-10-11	1	560.0	0.0	1.0	0	1200	0	37.4	1.0	16
2023104798	2025-12-07	2	320.0	0.2	0.0	0	1200	0	36.1	2.0	6
2023104798	2026-01-18	2	330.0	0.1	0.0	0	1200	0	37.0	2.0	10
2023104885	2025-06-29	3	190.0	0.5	0.0	1	1800	0	36.7	0.0	13
2023104885	2025-07-27	2	220.0	0.4	0.0	1	1800	0	33.4	1.0	6
2023104885	2025-08-16	1	560.0	0.0	0.0	1	1800	0	34.4	1.0	13
2023104885	2025-09-06	2	1212.2	0.0	1.0	1	1800	0	36.1		12
2023104885	2025-12-27	12	0.0	1.1	1.0	1	2000	0	36.1		16
2023104885	2026-01-18	10	0.0	0.6	0.0	1	2000	0	35.3		15
2023104905	2025-09-14	6	0.0	1.3	1.0	1	2000	0	35.1	0.0	7
2023104905	2025-10-12	9	0.0	2.8	1.0	1	2000	0	38.3	1.0	9
2023104905	2026-01-18	15	0.0	1.4	0.0	1	1600	0	36.9	1.0	18
2023104936	2025-12-07	2	300.0	0.0	0.0	1	1600	0	34.1	0.0	17
2023104936	2025-12-28	6	0.0	0.9	0.0	1	1800	0	35.5	1.0	18
2023104936	2026-01-18	6	0.0	0.6	0.0	1	1600	0	35.9	1.0	18
2023104937	2026-01-18	5	65.0	0.5	0.0	1	2000	0	35.7	0.0	17
2023104940	2026-01-18	4	98.0	0.5	0.0	1	2000	0	35.6	0.0	17
2023105003	2025-12-21	3	190.0	0.9	1.0	1	1600	1	36.2	0.0	16
2023105003	2026-01-18	13	0.0	1.4	0.0	1	1600	0	36.8	1.0	16
2023105054	2026-01-18	14	0.0	1.8	0.0	1	2000	0	36.5	0.0	17
2023105064	2025-10-26	16	0.0	5.4	2.0	1	1800	2	36.8	0.0	16
2023105064	2026-01-18	11	0.0	2.6	0.0	0	1800	0	42.4	1.0	16
2023105064	2026-01-25	9	0.0	2.9	0.0	0	1800	0	42.6	1.0	14
2023105167	2025-12-07	9	0.0	7.0	0.0	0	1800	0	43.6	0.0	9
2023105167	2026-01-18	14	0.0	2.8	0.0	0	1400	0	39.9	1.0	16
2023105187	2025-06-21	11	0.0	2.2	0.0	1	1400	0	36.8	0.0	12
2023105187	2025-07-26	4	84.0	1.3	0.0	0	1200	0	37.5	1.0	8
2023105187	2025-09-06	2	220.0	0.9	0.0	0	1800	1	39.5	1.0	9
2023105187	2025-10-04	7	0.0	1.9	3.0	0	1800	1	39.3	1.0	14
2023105187	2025-10-18	6	0.0	1.9	1.0	0	1800	0	40.7	1.0	14
2023105187	2025-10-25	4	84.0	0.2	1.0	0	1400	0	38.7	1.0	14
2023105187	2026-01-18	7	0.0	1.4	0.0	0	1400	0	38.6	1.0	16
2023105187	2026-01-24	3	150.0	0.4	0.0	0	1200	0	36.8	1.0	14
2023105211	2026-01-18	17	0.0	2.1	0.0	1	2000	0	37.2	0.0	17
2023105228	2025-06-22	15	0.0	2.6	0.0	0	1200	0	41.0	0.0	16
2023105228	2025-11-08	12	0.0	3.6	1.0	0	1600	0	40.7	1.0	15
2023105228	2026-01-05	8	0.0	2.4	0.0	0	1800	0	39.4	1.0	14
2023105228	2026-01-18	7	0.0	1.0	0.0	0	1800	0	38.5	1.0	12
2023105232	2026-01-18	12	0.0	1.4	0.0	1	2000	0	35.7	0.0	17
2023105236	2025-10-05	12	0.0	1.6	2.0	1	1800	2	35.1	0.0	13
2023105236	2025-11-02	4	84.0	1.1	0.0	0	1800	2	38.1	1.0	15
2023105236	2025-11-23	8	0.0	2.1	0.0	0	1800	0	40.1	1.0	13
2023105236	2026-01-18	3	150.0	0.5	0.0	0	1800	0	38.4	1.0	12
2023105250	2025-06-22	2	300.0	0.2	0.0	1	1600	0	35.3	0.0	16
2023105250	2025-12-27	2	220.0	0.1	0.0	1	1600	0	35.1	1.0	15
2023105250	2026-01-18	1	590.0	0.0	0.0	1	1600	0	36.3	1.0	18
2023105290	2025-11-15	6	0.0	0.6	0.0	1	1600	0	35.7	0.0	18
2023105290	2026-01-18	4	89.0	0.4	0.0	1	1600	0	36.5	1.0	18
2023105349	2026-01-18	16	0.0	2.1	0.0	1	2000	0	36.5	0.0	17
2023105416	2025-12-27	4	110.0	0.3	1.0	1	1600	0	35.7	0.0	16
2023105416	2026-01-18	15	0.0	1.7	0.0	1	1600	0	36.7	1.0	16
2023105443	2025-10-19	3	190.0	0.5	3.0	1	1800	0	34.5	0.0	18
2023105443	2025-11-09	5	56.0	0.7	2.0	1	1800	0	35.6	1.0	14
2023105443	2026-01-18	10	0.0	2.6	0.0	0	1800	0	43.8	1.0	16
2023105456	2025-06-08	3	190.0	0.9	1.0	1	1800	0	34.9	0.0	10
2023105456	2025-11-08	1	560.0	0.0	1.0	1	2000	0	32.9	1.0	12
2023105456	2026-01-18	1	4153.9	0.0	0.0	1	2000	0	33.8		15
2023105461	2025-10-04	13	0.0	2.5	2.0	1	2000	1	36.7	0.0	14
2023105461	2025-12-20	9	0.0	2.6	0.0	0	1400	0	39.3	1.0	16
2023105461	2025-12-28	5	56.0	3.2	0.0	0	1800	0	40.7	1.0	13
2023105461	2026-01-18	10	0.0	1.8	0.0	0	1800	0	39.3	1.0	12
2023105482	2025-12-28	7	0.0	1.2	0.0	0	1400	0	39.7	0.0	16
2023105482	2026-01-18	14	0.0	2.0	0.0	0	1200	0	37.7	1.0	16
2023105536	2025-07-19	4	110.0	0.5	0.0	1	1800	0	36.8	0.0	16
2023105536	2025-08-16	11	0.0	2.2	0.0	1	1800	0	35.7	1.0	13
2023105536	2025-09-21	9	0.0	2.9	0.0	1	1800	0	37.3	1.0	10
2023105536	2026-01-18	9	0.0	2.5	0.0	0	1800	0	40.9	1.0	16
2023105553	2025-06-15	7	0.0	3.3	1.0	1	1600	2	37.9	0.0	10
2023105553	2025-10-13	11	0.0	3.8	0.0	0	1400	0	40.1	1.0	13
2023105553	2025-11-01	6	0.0	0.7	0.0	1	1400	2	33.6	1.0	12
2023105553	2025-11-24	14	0.0	1.7	0.0	1	1400	0	34.0	1.0	18
2023105553	2025-12-13	8	0.0	1.2	1.0	1	1600	0	35.1	1.0	16
2023105553	2026-01-18	8	0.0	1.3	0.0	0	1200	0	39.1	1.0	16
2023105559	2025-11-30	3	190.0	0.3	0.0	1	1800	0	33.5	0.0	12
2023105559	2025-12-20	2	220.0	0.6	2.0	1	1800	0	35.0	1.0	16
2023105559	2026-01-18	1	590.0	0.0	0.0	1	1600	0	34.7	1.0	16
2023105569	2026-01-18	13	0.0	1.7	0.0	1	2000	0	37.1	0.0	17
2023105583	2025-08-23	6	0.0	1.3	1.0	1	1400	0	35.6	0.0	10
2023105583	2025-09-13	5	56.0	1.7	1.0	1	1800	0	34.5	1.0	5
2023105583	2025-09-27	7	0.0	4.1	0.0	0	1800	0	40.9	1.0	9
2023105583	2025-12-28	11	0.0	0.7	0.0	1	1400	0	35.7	1.0	17
2023105583	2026-01-18	6	0.0	1.2	0.0	0	1400	0	39.1	1.0	16
2023105647	2026-01-18	8	0.0	0.9	0.0	1	2000	0	35.9	0.0	17
2023105738	2025-07-13	3	190.0	0.8	0.0	1	1200	0	35.0	0.0	7
2023105738	2025-07-26	9	0.0	1.5	1.0	1	1200	0	35.5	1.0	12
2023105738	2025-08-09	7	0.0	0.6	0.0	1	1500	2	36.2	1.0	12
2023105738	2025-08-23	6	0.0	2.7	1.0	1	1800	2	39.1	1.0	8
2023105738	2025-12-20	4	84.0	1.2	0.0	0	1400	0	39.4	1.0	16
2023105738	2026-01-04	11	0.0	1.4	0.0	0	1400	0	38.8	1.0	16
2023105738	2026-01-18	5	59.0	0.6	0.0	0	1400	0	38.6	1.0	16
2023105772	2025-12-28	11	0.0	0.6	0.0	1	1600	0	35.3	0.0	16
2023105772	2026-01-18	7	0.0	1.2	0.0	0	1200	0	36.6	1.0	16
2023105793	2026-01-18	2	260.0	0.2	0.0	1	2000	0	35.2	0.0	17
2023105795	2025-11-29	3	190.0	0.3	0.0	1	1600	0	34.3	0.0	13
2023105795	2025-12-28	3	140.0	0.2	0.0	1	1200	0	35.2	1.0	16
2023105795	2026-01-18	3	150.0	0.3	0.0	0	1200	0	39.4	1.0	16
2023105810	2025-12-28	3	190.0	0.1	0.0	1	1600	0	34.4	0.0	16
2023105810	2026-01-18	7	0.0	0.7	0.0	1	1600	0	36.5	1.0	18
2023105815	2025-06-29	1	750.0	0.0	1.0	1	1200	0	34.6	0.0	12
2023105815	2025-07-20	11	0.0	1.6	0.0	1	1200	0	34.7		12
2023105815	2025-08-23	5	160.0	1.8	0.0	1	1500	0	38.6	5.0	9
2023105815	2025-08-30	10	0.0	1.5	1.0	1	1200	2	37.0	5.0	13
2023105815	2025-12-13	10	0.0	1.1	1.0	1	1400	0	35.0	2.0	11
2023105815	2026-01-18	3	210.0	0.2	0.0	0	1200	0	36.5	2.0	10
2023105876	2026-01-18	2	260.0	0.3	0.0	1	1600	0	34.3	0.0	16
2023105951	2025-12-20	5	75.0	0.5	1.0	1	1800	0	35.3	0.0	16
2023105951	2026-01-18	7	0.0	0.5	0.0	1	1600	0	35.2	1.0	16
2023105961	2026-01-18	13	0.0	2.7	0.0	1	1600	0	35.4	0.0	16
2023105979	2025-12-28	8	0.0	5.0	0.0	0	1800	0	41.8	0.0	16
2023105979	2026-01-18	11	0.0	2.2	0.0	0	1800	0	40.1	1.0	12
2023106025	2025-07-26	7	0.0	1.3	0.0	1	1400	0	34.4	0.0	18
2023106025	2025-10-05	8	0.0	0.8	0.0	1	1400	0	34.5	1.0	17
2023106025	2026-01-18	6	0.0	1.5	0.0	0	1800	0	42.0	1.0	16
2023106025	2026-01-25	6	0.0	2.5	0.0	0	1800	0	42.2	1.0	14
2023106282	2025-09-28	8	0.0	3.7	0.0	0	1800	0	40.2	0.0	9
2023106282	2026-01-18	10	0.0	1.9	0.0	0	1400	0	38.7	1.0	16
2023106284	2025-10-04	2	300.0	0.7	3.0	0	1400	1	37.6	0.0	16
2023106284	2025-10-18	5	56.0	0.6	1.0	0	1400	2	38.5	1.0	9
2023106284	2026-01-04	1	590.0	0.0	0.0	0	1200	0	35.8	1.0	16
2023106284	2026-01-18	8	0.0	0.4	0.0	0	1200	0	37.3	2.0	10
2023106288	2025-08-09	2	300.0	0.3	0.0	1	1800	2	36.6	0.0	11
2023106288	2025-08-30	2	220.0	0.0	2.0	1	1800	2	36.6	1.0	7
2023106288	2025-09-07	1	560.0	0.0	1.0	1	2000	2	36.7	1.0	10
2023106288	2025-11-02	1	1122.6	0.0	1.0	1	2000	0	33.5	5.0	5
2023106288	2026-01-18	15	0.0	1.5	0.0	1	2000	0	35.4		15
2023106291	2026-01-18	7	0.0	1.2	0.0	1	1600	0	35.1	0.0	16
2023106348	2026-01-18	8	0.0	1.3	0.0	1	1600	0	34.9	0.0	16
2023106392	2025-11-30	1	750.0	0.0	0.0	1	2000	0	34.6	0.0	8
2023106392	2026-01-18	14	0.0	1.2	0.0	1	2000	0	35.0		15
2023106571	2025-11-09	8	0.0	1.4	3.0	0	1400	2	36.8	0.0	16
2023106571	2025-11-23	6	0.0	2.0	0.0	0	1400	0	39.6	1.0	14
2023106571	2025-12-06	2	220.0	0.5	0.0	0	1200	0	38.1	1.0	16
2023106571	2025-12-27	2	220.0	0.3	0.0	0	1200	2	37.4	1.0	15
2023106571	2026-01-18	3	150.0	0.7	0.0	0	1200	0	37.2	1.0	16
2023106586	2025-08-10	7	0.0	2.4	3.0	0	1200	2	38.9	0.0	15
2023106586	2025-08-23	5	56.0	1.0	0.0	1	2000	0	36.5	1.0	6
2023106586	2025-09-13	7	0.0	0.7	1.0	1	1600	2	34.9	1.0	11
2023106586	2025-10-05	10	0.0	0.9	0.0	1	1400	0	34.4	1.0	17
2023106586	2025-10-26	3	140.0	1.5	2.0	1	1600	2	35.7	1.0	11
2023106586	2025-12-13	11	0.0	1.6	1.0	1	1600	0	35.3	1.0	16
2023106586	2026-01-18	7	0.0	1.2	0.0	0	1200	0	39.4	1.0	16
2023106600	2025-11-29	14	0.0	3.8	0.0	0	1400	0	38.9	0.0	16
2023106600	2025-12-07	6	0.0	3.4	0.0	0	1200	0	39.2	2.0	6
2023106600	2025-12-27	15	0.0	3.5	1.0	0	1200	2	40.2	1.0	16
2023106600	2026-01-18	15	0.0	3.7	0.0	0	1200	0	41.8	1.0	16
2023106643	2026-01-18	5	65.0	1.1	0.0	1	1600	0	34.7	0.0	16
2023106651	2025-12-13	5	75.0	1.2	0.0	1	1800	0	34.7	0.0	7
2023106651	2025-12-28	8	0.0	0.6	0.0	1	1400	0	34.7	1.0	17
2023106651	2026-01-18	13	0.0	1.1	0.0	1	1600	0	36.2	1.0	18
2023106653	2026-01-05	4	98.0	1.0	0.0	0	1200	0	38.2	0.0	14
2023106653	2026-01-18	12	0.0	1.7	0.0	0	1200	0	38.1	1.0	16
2023106655	2025-10-04	14	0.0	3.9	3.0	0	1400	1	39.8	0.0	16
2023106655	2025-11-16	10	0.0	3.2	0.0	0	1150	0	39.0	1.0	16
2023106655	2025-12-20	10	0.0	1.7	1.0	0	1200	0	39.6	1.0	16
2023106655	2026-01-18	13	0.0	2.5	0.0	0	1200	0	42.0	1.0	16
2023106717	2025-10-04	15	0.0	2.3	1.0	1	1800	0	36.1	0.0	17
2023106717	2025-12-21	13	0.0	2.9	1.0	1	1600	1	37.9	1.0	16
2023106717	2026-01-18	16	0.0	5.2	0.0	0	1200	0	43.9	1.0	16
2023106731	2026-01-04	16	0.0	3.1	0.0	1	2000	0	37.8	0.0	17
2023106731	2026-01-18	14	0.0	4.4	0.0	0	1800	0	44.3	1.0	16
2023106786	2025-12-21	6	0.0	1.3	3.0	0	1400	2	38.2	0.0	15
2023106786	2026-01-18	8	0.0	1.4	0.0	0	1200	0	37.1	1.0	16
2023106797	2025-10-05	6	0.0	0.6	2.0	1	1800	2	35.2	0.0	13
2023106797	2025-12-20	4	84.0	0.4	1.0	1	1600	2	35.2	1.0	16
2023106797	2026-01-18	14	0.0	1.3	0.0	1	1600	0	37.3	1.0	18
2023106823	2025-06-14	1	750.0	0.0	2.0	1	1200	2	35.3	0.0	8
2023106823	2025-07-20	12	0.0	1.9	0.0	1	1200	0	35.5		12
2023106823	2025-09-20	7	0.0	0.8	1.0	1	1200	0	34.3	5.0	13
2023106823	2025-12-13	13	0.0	1.3	1.0	1	1200	0	34.3	2.0	13
2023106823	2026-01-18	10	0.0	3.9	0.0	0	1200	0	40.6	2.0	10
2023106825	2026-01-18	3	160.0	0.3	0.0	1	2000	0	35.6	0.0	17
2023106861	2025-07-06	1	750.0	0.0	1.0	1	2000	0	34.8	0.0	8
2023106861	2025-09-27	6	0.0	0.4	0.0	1	2000	0	35.1	5.0	9
2023106861	2026-01-18	4	620.0	0.3	0.0	1	2000	0	34.2		15
2023106991	2025-11-02	6	0.0	0.8	1.0	1	1600	0	35.2	0.0	16
2023106991	2026-01-18	6	0.0	0.9	0.0	0	1200	0	40.5	1.0	16
2023107068	2025-09-13	2	300.0	0.0	1.0	1	1600	2	34.0	0.0	16
2023107068	2025-10-25	6	0.0	0.9	2.0	1	1600	0	36.0	1.0	10
2023107068	2026-01-18	9	0.0	0.9	0.0	1	1600	0	35.4	1.0	16
2023107087	2025-09-07	2	300.0	0.0	0.0	1	1800	0	34.1	0.0	12
2023107087	2025-11-01	1	560.0	0.0	0.0	1	2000	2	33.2	1.0	11
2023107087	2026-01-18	3	1007.7	0.2	0.0	1	2000	0	34.8		15
2023107100	2026-01-18	3	160.0	0.4	0.0	1	1600	0	34.2	0.0	16
2023107133	2026-01-18	1	650.0	0.0	0.0	1	1600	0	34.3	0.0	16
2023107194	2025-12-21	2	300.0	0.1	3.0	1	1800	1	34.3	0.0	12
2023107194	2026-01-18	8	0.0	0.7	0.0	1	1600	0	36.3	1.0	18
2023107289	2025-07-20	6	0.0	1.7	0.0	1	2000	0	37.8	0.0	13
2023107289	2025-09-20	1	560.0	0.0	1.0	1	2000	0	34.7	1.0	14
2023107289	2025-12-06	2	446.6	0.5	1.0	1	2000	0	35.5	2.0	11
2023107289	2026-01-18	12	0.0	0.8	0.0	1	2000	0	35.1		15
2023107298	2025-07-13	7	0.0	4.2	1.0	1	2000	0	38.0	0.0	8
2023107298	2025-09-07	4	84.0	1.6	0.0	0	1800	0	39.3	1.0	7
2023107298	2025-09-27	4	84.0	2.1	0.0	0	1800	0	38.5	1.0	9
2023107298	2025-10-18	7	0.0	2.3	1.0	0	1800	2	39.9	1.0	10
2023107298	2025-12-27	1	560.0	0.0	0.0	0	1200	2	36.7	1.0	15
2023107298	2026-01-18	4	120.0	0.2	0.0	0	1200	0	36.9	2.0	10
2023107456	2025-11-08	9	0.0	0.9	1.0	1	1400	0	34.9	0.0	13
2023107456	2025-11-29	16	0.0	1.7	0.0	1	1400	0	35.1	1.0	18
2023107456	2026-01-18	7	0.0	1.7	0.0	0	1800	0	42.2	1.0	16
2023107510	2026-01-18	14	0.0	3.0	0.0	1	1600	0	36.0	0.0	16
2023109074	2025-10-11	12	0.0	4.5	3.0	0	1400	2	38.2	0.0	16
2023109074	2026-01-18	7	0.0	2.9	0.0	0	1800	0	41.1	1.0	13
2023110008	2025-09-15	5	75.0	1.6	1.0	0	1200	0	38.5	0.0	11
2023110008	2025-10-05	8	0.0	2.8	1.0	0	1400	0	39.1	1.0	16
2023110008	2025-12-28	3	140.0	0.5	0.0	0	1200	0	39.0	1.0	16
2023110008	2026-01-18	2	240.0	0.1	0.0	0	1200	0	39.5	1.0	16
2023110034	2025-08-31	7	0.0	3.0	0.0	0	1800	0	39.0	0.0	15
2023110034	2025-09-20	3	140.0	0.6	1.0	0	1800	0	40.8	1.0	10
2023110034	2025-10-18	9	0.0	3.1	1.0	0	1800	2	41.1	1.0	10
2023110034	2025-12-27	5	56.0	1.0	0.0	0	1400	2	38.2	1.0	16
2023110034	2026-01-18	1	590.0	0.0	0.0	0	1400	0	37.8	1.0	16
2023110078	2026-01-18	12	0.0	2.7	0.0	1	1600	0	35.9	0.0	16
2023110095	2025-09-20	3	190.0	0.5	1.0	0	1200	0	37.2	0.0	10
2023110095	2025-10-13	3	140.0	1.4	0.0	0	1400	0	39.8	1.0	8
2023110095	2025-12-21	1	560.0	0.0	3.0	0	1200	2	37.0	1.0	16
2023110095	2026-01-18	6	0.0	0.3	0.0	0	1200	0	37.7	2.0	10
