horse_id	date	rank	prize	rank_diff	weather	race_type	course_len	ground_state	agari	race_class	n_horses
2015104699	2017-12-09	2	280.0	0.0	0	1	1600	0	34.9	0.0	15
2015104699	2018-01-07	3	130.0	0.2	0	1	1600	0	35.8	1.0	16
2015104699	2018-03-24	1	500.0	0.0	0	1	1600	2	35.8	1.0	16
2015104699	2018-05-13	1	720.0	0.0	1	1	1400	0	34.4	2.0	13
2015104699	2018-09-09	1	1528.7	0.0	0	1	1600	0	33.3	5.0	13
2015104699	2018-11-11	2	738.6	0.0	0	1	1400	0	33.4	4.0	14
2015104699	2019-02-11	5	182.0	0.4	1	1	1400	0	33.1	4.0	13
2015104699	2019-10-20	15	0.0	1.0	0	1	1200	0	35.0	4.0	18
2015104699	2019-12-28	7	0.0	0.4	0	1	1600	0	35.5	4.0	16
2015104699	2020-02-15	4	270.0	0.3	1	1	1400	0	35.3	4.0	16
2015104699	2020-04-12	9	0.0	0.7	3	1	1200	1	35.9	4.0	16
2015104699	2020-09-12	2	739.6	0.1	2	1	1200	2	34.4	4.0	16
2015104699	2020-10-17	2	741.2	0.1	3	1	1400	1	35.9	4.0	18
2015104699	2020-12-20	8	0.0	0.6	0	1	1200	0	36.3	4.0	16
2015104699	2021-02-13	4	270.0	0.1	0	1	1400	0	34.4	4.0	16
2015104699	2021-03-13	5	182.0	0.8	3	1	1200	3	37.9	4.0	15
2015104699	2021-05-23	3	465.8	0.0	0	1	1400	0	34.6	4.0	18
2015104699	2021-06-20	1	1855.7	0.0	1	1	1400	0	34.8	4.0	16
2015104699	2022-04-10	8	0.0	0.9	0	1	1200	0	34.3		16
2015104699	2022-05-28	16	0.0	4.4	0	0	1400	2	38.9	5.0	16
2015104699	2022-08-21	6	0.0	0.5	0	1	1200	0	34.1		18
2015104699	2022-12-04	3	635.3	0.1	1	1	1200	0	34.1		16
2015104699	2023-01-14	11	0.0	0.8	1	1	1200	2	34.7	5.0	16
2015104699	2023-05-07	16	0.0	1.1	3	1	1200	3	35.7	5.0	18
2015104699	2023-07-23	4	350.0	0.3	0	1	1200	0	33.7	5.0	16
2015104699	2023-09-23	11	0.0	1.9	1	0	1200	1	36.8	5.0	12
2015104699	2024-01-08	8	0.0	0.2	0	1	1200	0	34.4	5.0	16
2015104699	2024-04-07	4	350.0	0.4	0	1	1200	0	34.5	5.0	16
2015104699	2024-07-14	8	0.0	0.8	2	1	1200	0	34.8	5.0	16
2015104699	2024-10-05	3	200.0	1.3	1	2	2850	2	13.0	1.0	11
2015104699	2025-02-01	4	130.0	1.3	2	2	2860	0	13.4	1.0	12
2015104699	2025-05-18	1	840.0	0.0	1	2	2890	2	13.3	1.0	13
2015104699	2025-08-16	11	0.0	5.0	0	2	3250	0	13.3		14
2018101615	2021-01-31	7	0.0	1.4	0	1	1800	0	35.0	0.0	16
2018101615	2021-02-13	10	0.0	1.5	0	1	2000	0	36.3	1.0	12
2018101615	2021-05-08	3	130.0	0.2	0	1	1800	0	34.9	1.0	16
2018101615	2021-05-30	16	0.0	1.5	0	1	1600	0	35.1	1.0	18
2018101615	2021-07-03	1	510.0	0.0	1	1	2000	0	36.1	1.0	16
2018101615	2021-12-12	15	0.0	2.4	0	1	1800	0	37.2	2.0	16
2018101615	2022-05-29	4	120.0	0.6	0	1	1800	0	34.7	2.0	6
2018101615	2022-06-11	8	0.0	2.1	1	1	2000	0	36.5	2.0	8
2018101615	2022-07-23	8	0.0	1.4	1	1	2600	2	38.4	2.0	15
2018101615	2022-08-13	8	0.0	0.8	1	1	2000	0	34.4	5.0	13
2018101615	2022-09-10	4	120.0	0.1	0	1	1800	0	36.6	2.0	13
2018101615	2022-10-08	3	190.0	0.3	1	1	2000	0	34.3	2.0	16
2018101615	2022-11-06	5	107.0	0.3	0	1	1800	0	36.6	5.0	15
2018101615	2022-11-19	1	1119.0	0.0	0	1	1800	0	35.8	5.0	16
2018101615	2023-08-06	2	627.0	0.1	1	1	1800	1	36.4	3.0	11
2018101615	2023-08-27	2	629.2	0.1	1	1	1800	1	37.2	3.0	14
2018101615	2023-10-01	4	230.0	0.7	1	1	2000	0	35.3	3.0	15
2018101615	2023-12-17	8	0.0	0.4	0	1	1800	0	35.5	3.0	13
2018101615	2024-01-14	1	1578.7	0.0	0	1	2000	0	34.6	5.0	13
2018101615	2024-03-03	9	0.0	1.1	1	1	2000	2	35.9	4.0	14
2018101615	2024-05-12	4	280.0	0.5	0	1	1800	0	34.4	4.0	16
2018101615	2024-07-14	1	1869.4	0.0	2	1	2000	0	35.7	4.0	14
2018101615	2024-11-10	13	0.0	2.0	0	1	2000	0	39.2		16
2018101615	2025-02-09	3	603.4	0.5	0	1	2000	2	36.0	5.0	11
2018101615	2025-04-13	10	0.0	0.7	3	1	2000	0	36.6		15
2018101615	2025-07-13	5	240.0	1.1	0	1	1800	0	35.5	5.0	12
2018101615	2025-11-02	10	0.0	10.7	0	2	2910	0	14.7	1.0	10
2018101615	2025-11-29	5	84.0	1.2	0	2	2910	0	14.0	1.0	9
2018101989	2020-06-27	2	280.0	1.1	1	0	1000	3	36.0	0.0	8
2018101989	2020-07-12	7	0.0	1.2	1	0	1000	0	37.5	1.0	12
2018101989	2020-10-31	3	130.0	0.8	0	0	1150	0	38.0	1.0	16
2018101989	2020-11-22	8	0.0	0.7	0	0	1200	0	37.5	1.0	15
2018101989	2021-01-09	1	510.0	0.0	0	0	1400	0	38.2	1.0	16
2018101989	2021-02-13	4	110.0	1.0	0	0	1400	0	37.6	2.0	14
2018101989	2021-04-17	8	0.0	1.1	3	0	1200	3	37.3	2.0	16
2018101989	2021-05-09	5	73.0	1.0	0	0	1600	0	37.6	2.0	16
2018101989	2021-05-30	1	730.0	0.0	0	0	1600	0	36.6	2.0	16
2018101989	2021-10-17	8	0.0	0.9	3	0	1600	2	35.8	3.0	16
2018101989	2021-10-31	7	0.0	1.0	1	0	1400	0	36.6	3.0	13
2018101989	2022-01-22	4	230.0	0.3	0	0	1700	0	37.6	5.0	16
2018101989	2022-02-12	2	440.0	0.1	0	0	1600	1	35.9	3.0	16
2018101989	2022-05-08	11	0.0	1.4	1	0	1600	0	36.7	5.0	16
2018101989	2022-05-28	1	1110.0	0.0	0	0	1600	2	35.5	3.0	11
2018101989	2022-10-09	7	0.0	1.5	1	0	1600	2	36.3	4.0	16
2018101989	2022-10-23	2	749.6	0.0	0	0	1400	0	37.2	4.0	16
2018101989	2022-11-06	9	0.0	1.0	0	0	1600	0	36.7	4.0	16
2018101989	2023-01-28	3	464.8	0.5	0	0	1600	0	36.9	4.0	15
2018101989	2023-02-18	6	0.0	0.9	1	0	1400	0	38.0	4.0	16
2018101989	2023-04-15	6	0.0	0.8	3	0	1400	3	36.5	4.0	16
2018101989	2023-05-28	7	0.0	0.9	0	0	1600	0	37.2	4.0	16
2018101989	2023-10-08	3	465.4	0.1	1	0	1600	0	36.7	4.0	16
2018101989	2023-11-05	3	464.5	0.0	0	0	1600	0	35.1	4.0	13
2018101989	2024-02-04	5	184.0	1.0	1	0	1600	0	36.8	4.0	16
2018101989	2024-02-24	10	0.0	1.7	0	0	1800	2	38.1	4.0	13
2018101989	2024-05-05	4	280.0	0.7	0	0	1600	0	36.6	4.0	16
2018101989	2024-06-23	2	750.6	0.3	1	0	1600	1	34.0	4.0	16
2018101989	2024-10-05	5	184.0	0.3	2	0	1600	1	34.1	4.0	14
2018101989	2024-11-03	2	747.2	0.1	0	0	1600	1	33.8	4.0	11
2018101989	2024-11-23	2	749.6	0.4	0	0	1400	2	35.6	4.0	16
2018101989	2025-01-18	6	0.0	0.9	0	0	1400	0	35.0	4.0	16
2018101989	2025-02-01	14	0.0	1.1	0	0	1600	0	34.8	4.0	16
2018101989	2025-05-11	6	0.0	1.3	0	0	1600	2	35.7	4.0	16
2018101989	2025-06-14	9	0.0	0.9	2	0	1600	0	34.3	4.0	16
2018101989	2025-10-05	5	184.0	0.6	1	0	1600	0	36.3	4.0	16
2018101989	2025-10-25	9	0.0	0.7	1	1	1400	0	33.0	4.0	13
2018101989	2025-11-08	5	184.0	0.9	0	0	1600	0	36.0	4.0	11
2018101989	2025-11-23	6	0.0	0.4	0	0	1400	0	35.7	4.0	16
2018102040	2020-10-25	2	280.0	0.0	0	1	1800	0	34.9	0.0	18
2018102040	2020-11-21	1	510.0	0.0	0	1	2000	0	35.8	1.0	16
2018102040	2021-08-15	4	110.0	0.6	1	1	2000	2	35.8	2.0	10
2018102040	2021-09-18	8	0.0	1.6	1	1	2200	1	36.6	5.0	13
2018102040	2021-12-12	8	0.0	0.8	1	1	1600	0	34.4	2.0	16
2018102040	2022-04-16	1	1118.3	0.0	0	1	1800	2	36.0	5.0	15
2018102040	2022-05-14	7	0.0	1.0	1	1	1800	2	36.7	5.0	13
2018102040	2023-04-29	9	0.0	1.3	0	1	1800	0	34.2	5.0	12
2018102040	2023-05-21	2	460.0	0.0	0	0	1800	0	38.2	3.0	11
2018102040	2023-06-18	6	0.0	0.8	1	0	1800	0	37.8	3.0	16
2018102040	2023-09-18	7	0.0	0.6	0	1	2000	0	34.9	3.0	14
2018102040	2023-10-14	4	230.0	0.8	2	1	2000	0	33.8	5.0	8
2018102040	2023-11-11	3	290.0	0.2	1	0	1600	0	36.6	3.0	16
2018102040	2023-12-03	3	312.8	0.5	0	0	1400	0	37.3	5.0	16
2018102040	2024-03-03	2	460.0	0.1	0	0	1400	0	37.2	3.0	14
2018102040	2024-03-24	3	395.4	0.2	2	0	1400	1	35.8	5.0	16
2018102040	2024-04-14	4	170.0	0.8	0	0	1400	0	37.0	3.0	15
2018102040	2024-08-17	2	630.0	0.2	0	0	1400	0	37.7	5.0	15
2018102040	2024-09-15	1	1140.0	0.0	1	0	1400	1	36.7	3.0	13
2018102040	2024-11-17	11	0.0	1.7	1	0	1400	0	38.0	4.0	15
2018102040	2024-12-15	11	0.0	1.1	0	0	1400	0	38.1	4.0	16
2018102040	2025-02-01	5	184.0	0.5	0	0	1600	0	34.9	4.0	16
2018102040	2025-06-14	4	280.0	0.3	2	0	1600	0	36.7	4.0	16
2018102040	2025-07-20	3	463.9	0.4	0	0	1700	0	36.6	4.0	13
2018102822	2020-09-12	15	0.0	2.2	0	1	1600	2	35.7	0.0	16
2018102822	2021-06-20	4	77.0	1.2	0	1	1400	2	36.1	1.0	18
2018102822	2021-07-10	1	510.0	0.0	1	1	1200	0	34.5	1.0	18
2018102822	2022-05-07	5	77.0	0.5	0	1	1400	0	34.5	2.0	15
2018102822	2022-05-28	13	0.0	1.6	0	1	1200	0	35.7	2.0	16
2018102822	2022-07-03	5	77.0	0.4	1	1	1200	0	33.9	2.0	12
2018102822	2022-07-16	7	0.0	0.7	0	1	1200	0	34.2	2.0	12
2018102822	2022-10-09	3	190.0	0.5	3	1	1400	0	35.6	2.0	15
2018102822	2022-11-05	13	0.0	1.2	0	0	1400	0	39.0	2.0	16
2018102822	2023-08-06	5	80.0	0.6	0	1	1600	0	34.5	2.0	18
2018102822	2023-08-27	5	111.0	0.4	0	1	1800	0	35.8	5.0	12
2018102822	2023-10-08	13	0.0	1.0	2	1	1400	0	34.1	2.0	17
2018102822	2023-10-28	7	0.0	1.2	0	1	1800	0	35.7	2.0	10
2018102822	2023-12-17	2	320.0	0.1	0	1	1600	0	35.2	2.0	16
2018102822	2024-01-21	3	200.0	0.7	1	1	1800	2	35.6	2.0	15
2018102822	2024-02-17	7	0.0	0.6	0	1	1800	0	35.4	2.0	12
2018102822	2024-03-23	12	0.0	0.9	3	1	1600	1	36.0	2.0	14
2018102822	2024-05-05	9	0.0	0.6	0	1	1800	0	34.1	2.0	14
2018102822	2024-05-19	11	0.0	0.9	2	1	1600	0	35.2	2.0	17
2018102822	2024-09-15	5	79.0	1.7	1	2	3000	2	13.4	1.0	10
2018102822	2024-10-12	6	0.0	3.1	0	2	2850	0	13.2	1.0	11
2018102822	2024-12-01	1	790.0	0.0	0	2	2910	0	13.7	1.0	13
2018102822	2025-02-01	9	0.0	2.7	3	2	2860	0	13.5	5.0	12
2018102822	2025-03-01	14	0.0	2.8	1	1	1800	0	38.7	2.0	15
2018102822	2025-05-03	13	0.0	3.6	0	2	2890	0	13.3	5.0	14
2018102822	2025-07-05	3	360.0	0.6	1	2	2750	2	13.3	5.0	10
2018102822	2025-08-23	5	143.0	5.7	0	2	3330	0	13.4	5.0	6
2018102822	2025-10-11	3	360.0	2.0	1	2	3170	0	13.7	5.0	10
2018102822	2025-11-22	9	0.0	1.8	0	2	3380	0	13.4	5.0	14
2018104512	2021-02-20	10	0.0	1.9	0	0	1400	0	39.0	0.0	16
2018104512	2021-03-27	4	77.0	0.5	0	0	1800	0	38.9	1.0	14
2018104512	2021-04-11	2	200.0	0.3	0	0	2000	0	39.2	1.0	12
2018104512	2021-06-19	1	510.0	0.0	0	1	2600	0	37.0	1.0	13
2018104512	2021-08-28	5	106.0	0.8	0	1	2600	0	37.2	5.0	14
2018104512	2021-10-03	9	0.0	0.8	0	1	2200	0	36.6	2.0	16
2018104512	2022-01-22	3	190.0	1.0	0	1	2600	0	35.7	2.0	11
2018104512	2022-02-19	7	0.0	0.8	3	0	2400	2	40.2	2.0	11
2018104512	2022-05-21	1	770.0	0.0	3	1	2200	0	33.8	2.0	9
2018104512	2022-06-19	3	383.3	0.3	0	1	2400	0	34.9	5.0	10
2018104512	2022-07-24	9	0.0	0.5	1	1	2000	0	36.0	3.0	15
2018104512	2022-08-14	2	608.6	0.4	1	1	2000	2	35.6	5.0	13
2018104512	2022-09-04	7	0.0	0.7	0	1	2000	0	37.2	5.0	15
2018104512	2022-12-11	7	0.0	1.0	0	1	2000	0	34.6	3.0	11
2018104512	2023-01-07	11	0.0	0.9	0	1	2200	0	34.9	5.0	14
2018104512	2023-01-21	8	0.0	1.4	0	0	1900	0	38.1	3.0	16
2018104512	2023-03-25	3	394.3	1.0	2	1	2200	1	36.2	5.0	13
2018104512	2023-04-16	5	155.0	0.5	0	1	2600	2	38.3	5.0	13
2018104512	2023-06-25	2	628.2	0.3	0	1	2000	0	35.2	3.0	13
2018104512	2023-07-22	3	392.8	0.1	0	1	2000	0	34.3	3.0	9
2018104512	2023-08-13	6	0.0	0.4	1	1	2000	0	34.3	5.0	9
2018104512	2023-10-14	5	155.0	0.8	2	1	2000	0	33.3	5.0	8
2018104512	2023-10-29	4	230.0	1.5	0	1	2400	0	35.7	5.0	7
2018104512	2023-12-17	4	230.0	0.4	0	1	2200	0	34.6	5.0	9
2018104512	2024-01-07	3	395.7	0.3	0	1	2000	0	35.4	3.0	17
2018104512	2024-03-09	4	230.0	0.2	1	1	2000	0	34.8	5.0	10
2018104512	2024-03-23	6	0.0	0.7	2	1	2200	1	36.0	5.0	10
2018104512	2024-06-01	5	155.0	0.2	0	1	1800	0	33.6	5.0	7
2018104512	2024-06-15	7	0.0	0.4	1	1	2000	0	34.2	5.0	13
2018104512	2024-07-21	6	0.0	0.4	1	1	2000	0	37.0	5.0	18
2018104512	2024-12-08	12	0.0	1.2	0	1	2000	0	36.8	3.0	16
2018104512	2025-04-20	4	230.0	0.5	1	1	2000	0	35.1	5.0	8
2018104512	2025-04-27	2	625.6	0.2	0	1	2200	0	33.0	5.0	8
2018104512	2025-07-13	7	0.0	0.9	1	1	2000	0	35.4	3.0	9
2018104512	2025-11-16	11	0.0	1.1	0	1	1800	0	34.0	3.0	13
2018104512	2025-11-30	7	0.0	1.2	0	1	2200	0	35.6	3.0	8
2018105073	2020-09-20	2	280.0	0.1	0	1	2000	0	34.1	0.0	13
2018105073	2020-10-18	2	200.0	0.5	1	1	1800	1	36.1	1.0	8
2018105073	2020-11-15	8	0.0	0.8	0	1	1600	0	34.8	1.0	16
2018105073	2021-02-06	1	510.0	0.0	0	1	1600	0	36.1	1.0	15
2018105073	2021-05-23	2	290.0	0.3	0	1	1600	0	34.6	2.0	8
2018105073	2021-06-20	9	0.0	1.8	0	1	1600	2	37.5	2.0	11
2018105073	2021-09-12	13	0.0	0.6	1	1	1400	0	33.8	2.0	18
2018105073	2021-10-02	4	110.0	1.2	0	0	1800	0	38.5	2.0	13
2018105073	2021-10-24	3	190.0	0.5	0	0	1800	1	37.4	2.0	13
2018105073	2021-11-13	5	76.0	1.4	1	0	2000	2	40.0	2.0	10
2018105073	2022-02-12	8	0.0	1.2	0	0	1400	0	37.7	2.0	16
2018105073	2022-04-16	5	107.0	0.2	0	1	1800	2	35.5	5.0	15
2018105073	2022-05-08	5	77.0	0.1	0	1	1600	0	33.4	2.0	12
2018105073	2022-05-22	3	275.0	0.3	0	1	1800	0	34.6	5.0	13
2018105073	2022-07-09	8	0.0	1.2	0	1	1800	0	35.2	2.0	10
2018105073	2022-10-16	4	160.0	0.2	0	1	1800	0	33.5	5.0	11
2018105073	2022-10-30	7	0.0	0.7	1	1	1800	2	34.2	5.0	18
2018105073	2022-12-18	6	0.0	0.3	0	1	1600	0	34.5	2.0	16
2018105073	2023-02-12	3	200.0	0.3	0	1	1600	0	33.6	2.0	17
2018105073	2023-03-05	2	320.0	0.1	0	1	1600	0	33.7	2.0	17
2018105073	2023-03-26	3	200.0	0.9	3	1	1600	1	35.1	2.0	14
2018105073	2023-08-06	9	0.0	0.9	0	1	1600	0	33.3	2.0	18
2018105073	2023-10-22	2	320.0	0.1	0	1	1600	0	34.0	2.0	16
2018105073	2024-03-10	1	800.0	0.0	0	1	1600	0	33.5	2.0	10
2018105073	2024-04-07	4	170.0	0.1	0	1	1600	0	33.0	3.0	9
2018105073	2024-05-25	6	0.0	0.5	0	1	1600	0	34.2	5.0	14
2018105073	2024-07-27	15	0.0	1.4	1	1	1600	0	33.7	5.0	18
2018105073	2024-11-09	11	0.0	0.4	0	1	1600	0	33.2	3.0	12
2018105073	2024-11-23	2	625.4	0.3	1	1	2200	0	33.6	3.0	8
2018105073	2025-01-11	5	155.0	0.9	0	1	2000	0	35.5	5.0	13
2018105073	2025-02-01	4	230.0	1.1	1	1	2400	0	34.4	5.0	10
2018105073	2025-03-22	2	460.0	0.2	0	1	2600	0	34.7	3.0	9
2018105073	2025-04-12	5	155.0	0.8	0	1	2400	0	35.0	5.0	9
2018105073	2025-05-18	3	392.7	0.9	1	1	2400	2	35.8	5.0	9
2018105073	2025-06-21	3	393.0	0.4	0	1	2400	0	34.9	5.0	9
2018105073	2025-07-12	7	0.0	1.2	1	1	2600	0	37.1	5.0	12
2018105213	2020-08-23	1	700.0	0.0	0	1	1800	0	34.4	0.0	18
2018105213	2020-12-05	8	0.0	1.8	2	1	2000	2	36.7	2.0	12
2018105213	2021-01-05	5	73.0	0.9	1	1	2000	0	36.3	2.0	8
2018105213	2021-01-31	7	0.0	2.0	0	1	1800	0	35.6	2.0	8
2018105213	2021-12-26	7	0.0	1.8	0	0	1800	0	39.9	2.0	16
2018105213	2022-01-15	1	770.0	0.0	1	0	1800	0	38.5	2.0	10
2018105213	2022-02-27	10	0.0	2.0	0	0	1800	0	40.8	3.0	15
2018105213	2022-03-27	3	280.0	0.2	1	1	1800	1	35.5	3.0	11
2018105213	2022-05-14	1	1539.4	0.0	1	1	1800	2	36.5	5.0	13
2018105213	2022-05-29	9	0.0	0.8	0	1	1800	0	33.5	4.0	17
2018105213	2022-08-20	5	184.0	0.5	1	1	2200	2	35.5	4.0	13
2018105213	2022-10-29	4	280.0	0.4	0	1	2000	0	34.5	4.0	13
2018105213	2022-12-11	7	0.0	0.3	1	1	1800	0	34.9	4.0	16
2018105213	2023-01-21	2	748.6	0.2	0	1	2000	2	35.6	4.0	14
2018105213	2023-03-19	8	0.0	0.9	0	1	1800	1	35.6	4.0	16
2018105213	2023-04-09	10	0.0	0.6	0	1	2000	0	34.3	4.0	16
2018105213	2023-05-14	2	749.0	0.0	0	1	1800	0	34.8	4.0	13
2018105213	2023-07-30	2	750.8	0.2	0	1	1800	0	34.1	4.0	18
2018105213	2023-10-28	6	0.0	0.8	3	1	2000	3	36.1	4.0	12
2018105213	2023-11-26	13	0.0	1.1	1	1	2000	0	34.7	4.0	13
2018105213	2023-12-09	10	0.0	0.6	0	1	1800	0	34.0	4.0	15
2018105213	2024-01-20	10	0.0	1.2	1	1	2000	0	36.4	4.0	11
2018105213	2024-03-31	4	280.0	0.4	0	1	2000	0	34.7	4.0	15
2018105213	2024-05-12	10	0.0	1.2	0	1	1800	0	34.7	4.0	16
2018105213	2025-01-18	15	0.0	2.7	0	0	1800	0	40.0	4.0	16
2018105213	2025-02-23	8	0.0	0.5	0	1	2000	0	34.8	4.0	12
2018105213	2025-04-06	9	0.0	0.7	0	1	2000	0	35.2	4.0	16
2018105213	2025-05-17	5	184.0	0.8	1	1	2400	2	37.6	4.0	12
2018105213	2025-06-15	11	0.0	2.4	1	1	2400	2	39.5	4.0	15
2018105213	2025-08-03	1	840.0	0.0	0	2	2850	0	13.0	1.0	14
2018105213	2025-08-30	7	0.0	1.9	1	2	3250	0	13.4	5.0	13
2018105213	2025-12-20	2	570.0	0.6	0	2	3110	0	13.8	5.0	14
2019100788	2021-12-18	4	110.0	0.3	0	1	2000	2	35.4	0.0	13
2019100788	2022-01-10	2	210.0	0.1	1	1	2000	0	37.2	1.0	17
2019100788	2022-02-05	2	210.0	0.2	0	1	2400	0	34.4	1.0	15
2019100788	2022-03-06	2	210.0	0.7	0	1	2200	0	36.1	1.0	16
2019100788	2022-05-01	1	520.0	0.0	1	1	2600	2	36.8	1.0	13
2019100788	2022-05-28	5	75.0	0.4	0	1	2400	0	34.1	2.0	5
2019100788	2022-07-31	3	273.2	0.9	0	1	2600	0	36.7	5.0	10
2019100788	2022-08-13	6	0.0	1.7	1	1	2600	0	38.2	2.0	11
2019100788	2022-09-17	5	77.0	0.6	0	1	2500	0	34.9	2.0	8
2019100788	2022-10-02	11	0.0	1.1	0	1	2200	0	36.5	2.0	12
2019100788	2022-11-05	4	120.0	0.4	0	1	2600	0	37.2	2.0	16
2019100788	2022-11-20	1	1107.8	0.0	1	1	2600	0	36.6	5.0	15
2019100788	2022-12-25	5	151.0	0.4	0	1	2500	0	37.0	3.0	16
2019100788	2023-01-22	10	0.0	0.8	2	1	2600	0	36.3	5.0	13
2019100788	2023-02-26	12	0.0	1.3	0	1	2000	0	37.4	5.0	18
2019100788	2023-07-30	10	0.0	1.8	1	1	2600	0	36.8	5.0	14
2019100788	2023-08-27	11	0.0	2.7	1	1	1800	1	38.9	3.0	14
2019100788	2023-09-23	7	0.0	0.6	1	1	2500	2	36.5	5.0	12
2019100788	2023-11-12	9	0.0	0.6	2	1	2200	0	35.3	3.0	11
2019100788	2023-12-24	7	0.0	0.3	1	1	2500	0	34.7	3.0	14
2019100788	2024-02-17	3	395.1	0.1	0	1	2600	0	35.7	5.0	16
2019100788	2024-03-16	6	0.0	0.4	0	1	2600	0	35.0	5.0	9
2019100788	2024-03-31	5	155.0	1.1	0	1	2500	0	36.7	5.0	8
2019100788	2024-04-14	8	0.0	0.9	0	1	2600	0	36.1	5.0	16
2019100788	2024-07-28	10	0.0	2.8	1	1	2600	2	39.2	5.0	12
2019100788	2024-09-21	9	0.0	2.2	1	1	2500	0	36.9	5.0	11
2019100788	2024-11-02	13	0.0	2.6	3	1	2600	1	40.4	5.0	16
2019100788	2024-12-01	7	0.0	4.3	0	2	2910	0	14.0	1.0	13
2019100788	2025-01-26	3	210.0	1.3	0	2	2860	0	13.4	1.0	12
2019100788	2025-02-22	9	0.0	1.2	0	2	2860	0	13.8	1.0	11
2019100788	2025-07-20	1	840.0	0.0	0	2	2770	0	13.5	1.0	14
2019100788	2025-10-11	7	0.0	2.7	1	2	3170	0	13.8	5.0	10
2019100788	2025-10-19	7	0.0	3.1	1	2	3110	0	13.5		10
2019100915	2021-11-28	5	70.0	1.1	0	1	2000	0	36.5	0.0	8
2019100915	2022-02-19	1	520.0	0.0	3	1	2000	2	37.4	1.0	13
2019100915	2022-03-12	5	103.0	0.7	0	1	2400	0	34.7	2.0	8
2019100915	2022-05-07	8	0.0	0.7	0	1	2000	0	34.5		15
2019100915	2022-07-03	3	273.6	1.4	1	1	2000	0	36.1	5.0	10
2019100915	2022-07-24	7	0.0	0.6	1	1	2000	0	35.1	2.0	12
2019100915	2023-01-14	3	285.2	0.3	2	1	2600	1	36.5	5.0	16
2019100915	2023-02-25	2	448.8	0.0	1	1	2600	2	37.1	5.0	12
2019100915	2023-04-23	2	450.8	0.1	0	1	2600	0	35.5	5.0	14
2019100915	2023-05-28	2	320.0	0.0	0	1	2400	0	33.7	2.0	8
2019100915	2023-07-08	7	0.0	1.3	1	1	2200	0	36.6	2.0	10
2019100915	2023-11-19	2	452.2	0.0	0	1	2600	0	35.9	5.0	16
2019100915	2023-12-16	3	287.7	0.1	1	1	2200	2	34.1	5.0	18
2019100915	2024-02-10	2	446.2	0.3	0	1	2600	0	35.2	5.0	8
2019100915	2024-03-03	2	447.4	0.2	1	1	2600	2	35.2	5.0	11
2019100915	2024-08-24	5	111.0	0.7	0	1	2200	0	34.8	5.0	12
2019100915	2025-01-25	4	120.0	0.3	0	1	2600	0	35.8	2.0	16
2019100915	2025-02-16	5	80.0	0.3	1	1	2600	0	37.2	2.0	16
2019100915	2025-05-10	2	451.0	0.0	1	1	2200	2	36.8	5.0	15
2019100915	2025-06-01	2	320.0	0.0	0	1	2000	0	35.8	2.0	12
2019100915	2025-06-28	3	282.8	0.6	0	1	2000	0	36.7	5.0	8
2019100915	2025-07-05	5	111.0	1.5	0	1	2000	0	37.8	2.0	8
2019100915	2025-10-19	3	286.7	0.7	1	1	2000	2	35.0	5.0	15
2019100915	2025-11-08	3	286.6	0.1	0	1	2000	0	35.2	5.0	16
2019100915	2025-11-29	8	0.0	0.6	0	1	1800	0	34.5	2.0	18
2019102552	2021-12-04	4	110.0	1.9	0	0	1800	0	38.1	0.0	15
2019102552	2021-12-25	6	0.0	1.9	0	0	1800	2	38.2	1.0	16
2019102552	2022-01-16	4	78.0	2.2	0	0	1800	0	40.8	1.0	15
2019102552	2022-01-29	3	130.0	0.2	1	0	1400	0	37.1	1.0	16
2019102552	2022-06-18	2	210.0	0.0	1	0	1600	0	37.4	1.0	14
2019102552	2022-07-10	3	130.0	1.3	0	0	1700	0	39.1	1.0	15
2019102552	2022-07-30	2	210.0	0.7	0	0	1700	0	39.1	1.0	14
2019102552	2022-08-20	3	130.0	0.6	1	0	1700	2	39.6	1.0	14
2019102552	2022-08-28	1	520.0	0.0	1	0	1700	0	37.6	1.0	14
2019102552	2023-01-22	5	80.0	0.5	0	0	1800	0	38.7	2.0	13
2019102552	2023-02-05	3	200.0	0.8	0	0	1600	0	36.4	2.0	15
2019102552	2023-05-14	2	320.0	0.0	1	0	1600	2	35.0	2.0	15
2019102552	2023-06-11	8	0.0	0.6	2	0	1600	1	34.4	2.0	16
2019102552	2023-10-09	9	0.0	1.0	3	0	1600	3	38.4	2.0	14
2019102552	2023-10-21	1	800.0	0.0	0	0	1600	0	35.6	2.0	15
2019102552	2024-02-18	12	0.0	1.7	0	0	1400	0	36.1	5.0	16
2019102552	2024-05-19	11	0.0	1.5	1	0	1600	0	36.8	5.0	15
2019102552	2024-06-08	7	0.0	1.0	0	0	1600	0	37.0	5.0	15
2019102552	2024-10-05	12	0.0	1.2	2	0	1400	1	34.6	3.0	16
2019102552	2025-01-05	6	0.0	0.9	0	0	1200	0	36.2	3.0	16
2019102552	2025-04-12	7	0.0	0.4	0	0	1200	0	36.1	3.0	16
2019102552	2025-06-15	5	114.0	1.4	0	0	1600	1	36.6	3.0	16
2019102552	2025-07-05	10	0.0	2.1	0	0	1700	0	37.7	5.0	15
2019102552	2025-10-04	5	114.0	0.5	1	0	1400	0	36.4	3.0	16
2019102552	2025-10-18	5	114.0	1.4	1	0	1400	2	36.3	3.0	12
2019102552	2025-11-16	4	170.0	0.7	0	0	1400	0	35.2	3.0	16
2019102552	2025-11-30	3	395.8	0.7	0	0	1400	0	35.7	3.0	16
2019103100	2021-10-16	4	110.0	1.2	2	1	1800	0	35.3	0.0	18
2019103100	2021-11-07	5	51.0	0.3	0	1	1800	0	36.3	1.0	16
2019103100	2021-11-20	13	0.0	1.3	0	1	1800	0	37.5	1.0	16
2019103100	2022-01-16	9	0.0	7.6	2	0	1700	0	46.1	1.0	9
2019103100	2022-02-26	6	0.0	1.5	0	1	2000	0	38.2	1.0	18
2019103100	2022-03-13	8	0.0	1.5	0	1	2000	0	37.2	1.0	17
2019103100	2022-04-23	12	0.0	1.7	0	1	1600	0	37.0	1.0	18
2019103100	2022-05-01	2	210.0	0.5	1	1	1800	2	36.0	1.0	13
2019103100	2022-05-21	4	78.0	0.2	1	1	2000	0	36.6	1.0	16
2019103100	2022-06-12	6	0.0	0.8	0	1	1800	0	36.2	1.0	12
2019103100	2022-07-23	1	520.0	0.0	1	1	1800	2	37.7	1.0	14
2019103100	2022-08-06	2	439.0	0.6	0	1	1800	0	35.7	5.0	11
2019103100	2022-08-27	4	120.0	1.4	1	1	1800	0	37.7	2.0	14
2019103100	2022-09-04	12	0.0	1.6	0	1	1800	0	37.6	2.0	14
2019103100	2022-11-06	9	0.0	0.7	0	1	1800	0	36.7	5.0	15
2019103100	2022-11-12	6	0.0	0.5	0	1	2000	0	37.2	5.0	15
2019103100	2023-01-14	2	320.0	0.1	1	1	1800	1	35.5	2.0	16
2019103100	2023-01-28	2	451.6	0.0	1	1	1800	1	36.5	5.0	14
2019103100	2023-04-15	6	0.0	0.5	3	1	1800	2	37.2	2.0	16
2019103100	2023-04-22	2	320.0	0.1	0	1	1800	0	35.5	2.0	14
2019103100	2023-06-11	8	0.0	0.5	1	1	1800	0	35.8	5.0	16
2019103100	2023-07-02	11	0.0	1.3	1	1	1800	0	36.0	2.0	13
2019103100	2023-07-22	6	0.0	0.5	0	1	1800	0	34.7	5.0	9
2019103100	2023-07-30	11	0.0	1.1	1	1	1800	0	35.4	2.0	13
2019103100	2023-11-04	12	0.0	1.2	1	1	1800	0	37.3	5.0	16
2019103100	2023-11-12	4	120.0	0.7	1	1	1800	0	37.1	2.0	11
2019103100	2023-11-18	11	0.0	2.4	0	1	1800	2	39.4	5.0	16
2019103100	2024-01-28	12	0.0	0.9	1	1	1800	2	37.0	5.0	16
2019103100	2024-02-11	12	0.0	1.9	0	1	1800	0	38.3	2.0	13
2019103100	2024-02-24	13	0.0	0.8	0	1	1200	2	35.1	2.0	18
2019103100	2024-07-21	5	79.0	2.0	0	2	2770	0	13.3	1.0	14
2019103100	2024-08-17	3	200.0	1.3	0	2	2850	0	13.1	1.0	12
2019103100	2024-10-05	2	320.0	1.2	1	2	2850	2	13.0	1.0	11
2019103100	2024-12-08	5	79.0	1.1	0	2	2880	0	13.8	1.0	11
2019103100	2025-02-08	4	130.0	2.3	0	2	2860	2	13.7	1.0	10
2019103100	2025-03-02	7	0.0	4.4	3	2	2860	2	14.0	1.0	11
2019103100	2025-05-03	1	840.0	0.0	0	2	2890	0	13.1	1.0	14
2019103100	2025-05-24	2	570.0	0.3	1	2	3290	0	13.4	5.0	14
2019103100	2025-08-02	8	0.0	1.2	0	2	2850	0	12.9	5.0	9
2019103100	2025-09-13	9	0.0	2.7	1	2	3210	2	14.0	5.0	13
2019103100	2025-10-25	5	143.0	2.5	1	2	3170	0	14.0	5.0	8
2019103100	2025-11-22	11	0.0	2.6	0	2	3380	0	13.4	5.0	14
2019103570	2022-01-30	9	0.0	1.3	1	1	1800	0	34.9	0.0	16
2019103570	2022-04-02	1	520.0	0.0	0	0	1800	1	38.5	1.0	16
2019103570	2022-05-14	2	300.0	0.2	1	0	1400	3	35.8	2.0	16
2019103570	2022-06-11	4	120.0	0.3	1	0	1600	0	35.4	2.0	16
2019103570	2022-07-17	2	310.0	0.7	2	0	1700	2	37.7	2.0	15
2019103570	2022-11-05	4	120.0	0.2	0	0	1600	0	35.5	2.0	14
2019103570	2022-11-20	4	120.0	0.3	1	0	1400	0	36.3	2.0	16
2019103570	2022-12-18	2	310.0	0.2	0	0	1400	0	38.2	2.0	16
2019103570	2024-01-27	2	320.0	0.2	0	0	1400	0	38.1	2.0	16
2019103570	2024-02-17	8	0.0	1.3	1	0	1400	0	36.9	2.0	16
2019103570	2024-04-07	6	0.0	1.3	0	0	1700	0	41.1	2.0	15
2019103570	2024-04-27	2	320.0	0.1	1	0	1400	2	35.5	2.0	15
2019103570	2024-05-26	1	800.0	0.0	0	0	1400	0	37.2	2.0	15
2019103570	2024-06-15	2	630.6	0.5	1	0	1400	0	36.7	5.0	16
2019103570	2024-10-13	6	0.0	0.7	0	0	1300	0	35.2	5.0	11
2019103570	2024-11-24	8	0.0	0.8	1	0	1400	0	38.0	3.0	16
2019103570	2025-02-09	5	114.0	0.4	0	0	1300	0	36.2	3.0	16
2019103570	2025-03-30	3	395.4	0.6	0	0	1400	0	36.7	5.0	16
2019103570	2025-04-27	11	0.0	0.8	0	0	1400	2	36.0	3.0	16
2019103570	2025-05-10	8	0.0	1.2	0	0	1400	1	36.1	3.0	16
2019103570	2025-07-05	9	0.0	1.6	0	0	1700	0	37.3	5.0	15
2019103570	2025-11-01	8	0.0	0.6	1	0	1400	1	36.0	3.0	14
2019103827	2021-11-14	2	280.0	0.2	0	1	1800	0	34.7	0.0	9
2019103827	2021-12-11	4	77.0	0.2	0	1	1800	0	34.8	1.0	16
2019103827	2021-12-28	3	130.0	0.6	0	1	1800	0	35.6	1.0	16
2019103827	2022-01-15	1	520.0	0.0	0	1	2000	0	36.1	1.0	13
2019103827	2022-02-26	2	415.6	0.0	0	1	2200	0	35.3	2.0	9
2019103827	2022-03-20	9	0.0	0.9	1	1	1800	2	35.0		13
2019103827	2022-04-30	12	0.0	3.6	0	1	2400	0	38.2		13
2019103827	2022-07-03	10	0.0	0.9	0	1	1800	0	36.4		13
2019103827	2022-07-23	6	0.0	0.8	0	1	1800	2	37.0	5.0	14
2019103827	2022-12-10	14	0.0	1.8	0	1	1800	0	37.2	2.0	16
2019103827	2023-01-28	3	285.8	0.1	1	1	1800	1	36.3	5.0	14
2019103827	2023-02-11	3	285.1	0.1	0	1	2000	1	35.5	5.0	12
2019103827	2023-02-26	1	1151.3	0.0	0	1	1800	0	35.7	5.0	15
2019103827	2023-07-08	2	628.4	0.2	1	1	2000	0	36.1	5.0	13
2019103827	2023-07-23	12	0.0	1.1	0	1	1800	0	36.5	5.0	15
2019103827	2023-09-10	7	0.0	0.7	0	1	1800	0	34.3	5.0	10
2019103827	2023-10-07	11	0.0	1.4	0	1	1800	0	33.6	3.0	12
2019103827	2023-10-29	3	392.4	1.4	0	1	2400	0	36.3	5.0	7
2019103827	2023-11-18	9	0.0	1.3	0	1	2400	0	36.9	5.0	12
2019103827	2023-12-24	3	394.5	0.0	1	1	2500	0	35.1	3.0	14
2019103827	2024-01-14	8	0.0	0.5	0	1	2200	0	36.2	3.0	15
2019103827	2024-04-28	2	625.0	0.1	0	1	2400	0	34.9	5.0	8
2019103827	2024-05-26	4	230.0	0.4	0	1	2400	0	34.2	3.0	11
2019103827	2024-06-16	3	392.3	0.6	0	1	2400	0	34.3	5.0	7
2019103827	2024-10-05	5	155.0	0.7	2	1	2000	2	34.3	3.0	7
2019103827	2024-10-27	6	0.0	0.8	1	1	2400	0	34.7	5.0	7
2019103827	2024-12-01	10	0.0	1.3	0	1	2500	0	37.2	3.0	11
2019103827	2025-01-12	5	155.0	1.2	1	1	2200	0	36.4	3.0	14
2019103827	2025-02-02	3	290.0	0.1	1	1	2000	0	35.9	3.0	10
2019103827	2025-03-22	11	0.0	2.7	0	1	2000	0	38.5	5.0	13
2019103827	2025-05-25	4	230.0	0.7	1	1	1800	0	34.9	5.0	9
2019103827	2025-06-08	10	0.0	0.8	0	1	2000	0	34.9	3.0	12
2019103827	2025-06-21	5	155.0	1.4	0	1	2400	0	36.5	5.0	9
2019103827	2025-11-01	7	0.0	0.8	1	1	2400	0	34.6	5.0	8
2019103827	2025-11-24	10	0.0	1.8	0	1	2400	0	36.2	5.0	12
2019103827	2025-12-28	7	0.0	0.6	0	1	2500	0	35.8	3.0	14
2019103827	2026-01-18	13	0.0	1.2	0	1	2200	0	33.9	3.0	16
2019103920	2021-09-20	1	700.0	0.0	1	1	1600	0	34.9	0.0	14
2019103920	2021-12-05	3	253.0	0.2	1	1	1600	0	34.9	2.0	9
2019103920	2022-01-29	5	103.0	0.2	1	1	1600	0	34.5	2.0	11
2019103920	2022-02-13	4	150.0	0.3	3	1	1600	2	33.5	2.0	6
2019103920	2022-03-21	3	263.9	0.4	0	1	1600	0	34.5	2.0	10
2019103920	2022-05-28	2	300.0	0.0	0	1	1400	0	33.2	2.0	11
2019103920	2022-06-25	6	0.0	0.4	1	1	1400	0	35.1	2.0	18
2019103920	2022-10-02	8	0.0	1.0	0	1	1400	0	34.9	2.0	17
2019103920	2022-10-23	2	310.0	0.5	0	0	1400	0	37.5	2.0	15
2019103920	2022-11-05	3	190.0	0.1	0	0	1400	0	38.0	2.0	16
2019103920	2022-11-20	2	310.0	0.5	1	0	1400	2	36.6	2.0	16
2019103920	2023-01-15	2	320.0	0.1	0	0	1400	2	37.9	2.0	14
2019103920	2023-01-29	1	800.0	0.0	0	0	1400	0	38.9	2.0	16
2019103920	2023-05-13	1	1589.9	0.0	2	0	1400	2	35.6	5.0	16
2019103920	2023-06-04	12	0.0	1.4	1	0	1400	2	38.0	4.0	16
2019103920	2023-09-10	6	0.0	0.8	1	0	1200	0	36.7	4.0	11
2019103920	2023-12-09	7	0.0	0.6	0	0	1200	0	36.5	4.0	16
2019103920	2024-03-31	15	0.0	2.3	1	0	1200	0	37.6	4.0	16
2019103920	2024-05-12	11	0.0	1.1	1	1	1600	0	36.2	4.0	14
2019103920	2024-06-22	13	0.0	0.6	1	1	1400	0	34.2	4.0	17
2019103920	2024-09-21	14	0.0	1.8	1	0	1400	0	38.3	4.0	15
2019103920	2024-11-09	12	0.0	1.4	0	0	1700	0	38.9	4.0	15
2019103920	2025-05-18	5	84.0	6.3	1	2	2890	2	13.6	1.0	11
2019103920	2025-06-28	11	0.0	4.1	0	2	2860	0	13.9	1.0	12
2019103920	2025-11-09	7	0.0	1.0	1	2	2750	0	13.5	1.0	9
2019103920	2025-11-29	3	210.0	0.5	0	2	2910	0	13.9	1.0	9
2019103920	2026-01-11	5	84.0	2.5	0	2	2910	0	14.0	1.0	14
2019104828	2021-08-28	9	0.0	2.1	1	1	1800	0	35.8	0.0	15
2019104828	2022-03-05	3	130.0	0.3	0	1	1800	0	34.3	1.0	16
2019104828	2022-04-02	2	210.0	0.5	0	1	2000	2	35.1	1.0	18
2019104828	2022-04-17	1	520.0	0.0	0	1	2200	2	35.3	1.0	18
2019104828	2022-05-07	2	810.0	0.1	0	1	2000	0	33.8		15
2019104828	2022-06-18	1	770.0	0.0	1	1	2400	0	33.6	2.0	8
2019104828	2022-09-19	8	0.0	1.4	1	1	2200	2	35.6		13
2019104828	2022-10-15	2	440.0	0.1	0	1	2400	0	34.2	3.0	8
2019104828	2023-02-11	2	627.8	0.2	0	1	2400	2	33.2	5.0	13
2019104828	2023-04-09	1	1573.8	0.0	0	1	2000	0	35.0	5.0	10
2019104828	2023-04-29	2	747.0	0.2	0	1	2000	0	33.3	4.0	11
2019104828	2023-06-10	4	280.0	0.2	1	1	2400	0	34.1	4.0	18
2019104828	2023-10-09	2	748.6	0.0	3	1	2400	1	34.5	4.0	14
2019104828	2023-11-18	2	748.4	0.2	0	1	2400	2	33.6	4.0	14
2019104828	2023-12-23	2	750.0	0.1	0	1	2500	0	34.3	4.0	15
2019104828	2024-03-03	3	464.6	0.0	0	1	2200	0	34.8	4.0	14
2019104828	2024-03-31	1	1872.9	0.0	0	1	2000	0	34.8	4.0	15
2019104828	2024-05-05	2	1716.8	0.0	0	1	2000	0	33.6		16
2019104828	2024-07-07	2	1715.2	0.3	0	1	2000	0	34.9		15
2019104828	2024-09-01	3	1106.1	0.1	0	1	2000	0	33.4		11
2019104828	2024-10-27	12	0.0	0.7	1	1	2000	0	33.6		15
2019104828	2024-12-07	5	430.0	0.5	1	1	2000	0	34.3		18
2019104828	2025-01-19	6	0.0	1.3	0	1	2200	0	35.5		16
2019104828	2025-03-16	3	1710.2	0.3	2	1	2000	1	36.0		10
2019105168	2021-11-21	1	700.0	0.0	0	1	2000	0	35.6	0.0	8
2019105168	2022-01-16	1	1043.3	0.0	0	1	2200	0	34.0	2.0	4
2019105168	2022-02-26	4	300.0	0.4	0	1	2200	0	34.3		8
2019105168	2022-05-07	7	0.0	0.7	0	1	2000	0	34.8		15
2019105168	2022-08-21	1	1531.0	0.0	0	1	2200	0	34.8	5.0	9
2019105168	2022-10-23	11	0.0	2.4	0	1	3000	0	38.8		18
2019105168	2023-10-28	2	747.8	0.0	3	1	2000	3	35.3	4.0	12
2019105168	2024-01-28	3	463.9	0.3	1	1	2200	0	35.9	4.0	12
2019105168	2024-03-03	2	749.2	0.0	0	1	2200	0	34.8	4.0	14
2019105168	2024-05-12	1	1875.0	0.0	0	1	1800	0	33.4	4.0	16
2019105168	2024-07-27	3	604.5	0.1	1	1	1800	0	33.1	5.0	15
2019105168	2024-09-01	2	1712.2	0.0	0	1	2000	0	32.8		11
2019105168	2024-11-03	6	0.0	0.6	0	1	2500	0	36.1		16
2019105168	2025-10-13	12	0.0	1.1	1	1	2000	0	34.4		18
2019105168	2025-11-09	4	860.0	0.2	1	1	2500	0	34.3		18
2019105413	2021-10-02	9	0.0	4.0	0	0	1400	0	39.7	0.0	11
2019105413	2021-10-24	6	0.0	1.4	0	1	1400	0	35.7	1.0	16
2019105413	2021-11-13	3	130.0	0.6	0	1	1400	0	36.7	1.0	16
2019105413	2022-03-26	2	210.0	0.2	2	1	1400	0	35.1	1.0	18
2019105413	2022-04-10	12	0.0	1.3	0	1	1400	0	36.4	1.0	18
2019105413	2022-05-28	1	520.0	0.0	0	1	1600	0	36.2	1.0	16
2019105413	2022-08-07	7	0.0	0.5	0	1	1600	0	33.3	2.0	18
2019105413	2022-09-24	4	120.0	0.2	0	1	1600	0	33.7	2.0	16
2019105413	2022-10-23	1	1114.8	0.0	3	1	1600	2	34.8	5.0	16
2019105413	2023-01-05	2	460.0	0.3	0	1	1600	0	34.2	3.0	12
2019105413	2023-01-29	4	170.0	0.8	0	1	1600	0	34.3	3.0	9
2019105413	2023-02-19	5	114.0	0.3	1	1	1600	2	35.8	3.0	11
2019105413	2023-05-06	1	1140.0	0.0	1	1	1600	0	34.8	3.0	14
2019105413	2023-06-17	7	0.0	0.8	0	1	1800	0	34.4	4.0	9
2019105413	2023-08-26	11	0.0	0.8	0	1	1600	0	34.2	4.0	17
2019105413	2023-09-17	4	280.0	0.3	0	1	1600	0	33.8	4.0	15
2019105413	2024-04-14	7	0.0	0.4	0	1	1600	0	34.3	4.0	11
2019105413	2024-06-08	7	0.0	0.9	1	1	1600	0	33.7	4.0	10
2019105413	2024-07-28	9	0.0	0.8	1	1	1400	0	34.7	4.0	18
2019105413	2024-08-25	4	280.0	0.4	1	1	1600	0	33.7	4.0	14
2019105413	2024-09-15	5	184.0	0.5	1	1	1600	2	34.5	4.0	16
2019105413	2024-10-20	11	0.0	0.8	0	1	1600	0	34.8	4.0	17
2019105413	2025-02-09	12	0.0	1.3	0	1	1600	2	35.5	4.0	14
2019105413	2025-03-02	6	0.0	1.1	2	0	1800	0	37.1	4.0	10
2019105413	2025-04-13	4	280.0	1.3	3	0	1800	2	38.0	4.0	16
2019105413	2025-05-11	7	0.0	1.3	0	0	1600	2	35.5	4.0	16
2019105413	2025-06-22	9	0.0	1.7	0	0	1800	0	38.4	4.0	16
2019105413	2025-08-03	5	184.0	0.3	0	0	1400	0	37.3	4.0	16
2019105413	2025-09-20	10	0.0	0.7	1	0	1400	0	36.6	4.0	13
2019105413	2025-10-25	8	0.0	1.3	3	0	1600	2	36.4	4.0	16
2019105413	2025-11-23	13	0.0	0.8	0	1	1600	0	33.9	4.0	17
2019106179	2021-07-10	4	110.0	0.0	2	1	1200	0	36.4	0.0	11
2019106179	2021-07-25	2	200.0	0.2	1	1	1200	0	35.8	1.0	7
2019106179	2021-08-15	3	130.0	0.4	1	1	1200	0	35.5	1.0	9
2019106179	2022-04-17	6	0.0	1.3	0	1	1200	0	37.2	1.0	16
2019106179	2022-07-17	8	0.0	1.5	3	1	1200	2	38.0	1.0	16
2019106179	2022-08-21	9	0.0	1.3	0	0	1000	0	36.5	1.0	12
2019106179	2022-10-10	6	0.0	1.4	2	0	1600	3	38.9	11.0	12
2019106179	2022-10-25	1	40.0	0.0	1	0	1000	0	37.1	11.0	12
2019106179	2022-11-08	3	8.0	1.2	1	0	1200	2	37.9	11.0	11
2019106179	2022-11-13	2	17.5	0.2	2	0	1400	0	38.4	13.0	11
2019106179	2022-11-27	1	50.0	0.0	0	0	850	1	35.7	13.0	10
2019106179	2023-02-18	16	0.0	3.7	0	0	1400	2	41.3	2.0	16
2019106179	2023-04-16	9	0.0	1.2	0	1	1200	2	36.8	5.0	16
2019106179	2023-06-18	6	0.0	0.1	0	1	1200	0	36.1	2.0	16
2019106179	2023-06-25	6	0.0	0.8	0	1	1200	0	35.7	2.0	13
2019106179	2023-07-16	4	120.0	0.6	1	1	1200	2	35.7	2.0	13
2019106179	2024-04-20	6	0.0	0.4	0	1	1200	0	35.2	5.0	14
2019106179	2024-06-16	10	0.0	0.8	2	1	1200	0	35.9	2.0	14
2019106179	2024-06-23	2	320.0	0.1	0	1	1200	0	35.3	2.0	9
2019106179	2024-07-13	1	800.0	0.0	0	1	1200	0	35.3	2.0	13
2019106179	2024-11-30	15	0.0	2.0	0	1	1200	0	35.6	3.0	15
2019106179	2025-02-16	12	0.0	0.8	0	1	1200	0	35.5	5.0	18
2019106179	2025-03-01	17	0.0	1.5	1	1	1200	0	35.8	3.0	18
2019106179	2025-06-15	3	394.2	0.3	1	1	1200	0	34.3	3.0	14
2019106179	2025-07-06	11	0.0	1.1	0	1	1200	2	35.6	5.0	11
2019106179	2025-07-20	3	394.1	0.4	0	1	1200	0	34.1	5.0	13
2019106179	2025-08-03	2	628.4	0.0	0	1	1200	0	34.3	5.0	13
2019106179	2025-08-23	1	1582.2	0.0	0	1	1200	0	34.9	3.0	14
2019106179	2025-11-08	7	0.0	0.3	0	1	1200	0	34.7	4.0	16
2019106179	2025-12-07	6	0.0	0.4	0	1	1200	0	33.7	4.0	12
2019106604	2021-08-21	4	110.0	0.5	0	1	1500	0	34.9	0.0	13
2019106604	2021-09-19	1	510.0	0.0	0	0	1400	1	36.8	1.0	10
2019106604	2021-12-28	6	0.0	0.9	1	0	1800	0	38.7	2.0	13
2019106604	2022-03-12	9	0.0	0.8	0	0	1800	0	38.5	2.0	16
2019106604	2022-03-19	3	190.0	0.6	1	0	1800	1	37.0	2.0	10
2019106604	2022-04-17	2	300.0	0.2	0	0	1800	0	38.2	2.0	16
2019106604	2022-04-30	4	110.0	0.5	0	0	1800	1	37.8	2.0	14
2019106604	2022-07-31	2	310.0	0.3	0	0	1700	0	38.1	2.0	14
2019106604	2022-08-20	1	770.0	0.0	1	0	1700	2	38.0	2.0	8
2019106604	2022-09-04	10	0.0	1.6	0	0	1700	0	40.3	3.0	14
2019106604	2023-01-14	14	0.0	1.2	2	0	1700	3	37.5	5.0	16
2019106604	2023-02-26	1	1140.0	0.0	1	0	1800	2	37.0	3.0	16
2019106604	2023-04-29	8	0.0	1.1	0	0	1800	0	38.5	4.0	15
2019106604	2023-06-25	11	0.0	1.6	1	0	1400	0	37.8	4.0	16
2019106604	2023-10-08	12	0.0	2.5	2	0	1800	0	38.1	4.0	15
2019106604	2023-10-22	12	0.0	2.1	0	0	1400	0	37.5	4.0	14
2019106604	2023-11-12	4	280.0	0.3	1	1	1800	0	33.9	4.0	14
2019106604	2024-01-20	3	464.9	0.1	1	1	1600	1	35.3	4.0	16
2019106604	2024-02-11	3	464.6	0.9	0	1	1800	0	33.1	4.0	13
2019106604	2024-05-12	2	750.0	0.3	0	1	1800	0	33.7	4.0	16
2019106604	2024-06-02	4	280.0	0.1	1	1	2000	0	34.7	4.0	13
2019106604	2024-07-27	2	749.0	0.0	1	1	2000	0	34.4	4.0	14
2019106604	2024-08-31	3	464.3	0.1	1	1	1500	1	35.7	4.0	14
2019106604	2024-12-01	13	0.0	1.9	0	1	1800	0	34.9	4.0	13
2019106604	2025-01-12	6	0.0	0.4	1	1	1600	0	35.9	4.0	16
2019106604	2025-02-09	6	0.0	0.5	0	1	1800	0	34.5	4.0	16
2019106604	2025-03-29	6	0.0	0.4	0	1	1600	2	34.9	4.0	11
2019106604	2025-07-12	10	0.0	0.7	0	1	1800	0	36.0	4.0	14
2019106604	2025-08-23	6	0.0	0.3	0	1	2000	0	37.1	4.0	14
2019106604	2025-10-18	5	184.0	0.7	1	0	1800	2	37.0	4.0	16
2019106604	2025-11-23	15	0.0	1.8	0	0	1400	0	37.5	4.0	16
2020100084	2022-11-06	13	0.0	1.3	0	1	1200	0	35.6	0.0	16
2020100084	2022-11-12	12	0.0	2.3	0	1	1600	0	35.6	1.0	12
2020100084	2023-01-29	14	0.0	3.1	0	0	1600	0	40.6	1.0	16
2020100084	2023-02-04	8	0.0	1.6	0	1	1400	0	35.5	2.0	11
2020100084	2023-02-19	12	0.0	2.4	1	1	1600	0	35.9	2.0	12
2020100084	2023-05-14	5	55.0	0.9	1	1	1000	0	33.5	1.0	16
2020100084	2023-05-21	8	0.0	0.5	0	1	1200	0	35.7	1.0	16
2020100084	2023-08-13	10	0.0	0.6	0	1	1000	0	33.3	1.0	18
2020100084	2023-09-19	1	40.0	0.0	0	0	1500	1	38.7	10.0	7
2020100084	2023-10-03	2	12.8	0.2	1	0	1500	2	38.5	10.0	9
2020100084	2023-10-15	1	40.0	0.0	1	0	1500	1	38.4	10.0	11
2020100084	2023-11-05	2	13.4	0.0	0	0	1400	0	38.0	11.0	11
2020100084	2023-12-03	1	42.0	0.0	1	0	1400	3	37.9	11.0	9
2020100084	2023-12-19	1	42.0	0.0	1	0	1400	3	37.8	11.0	10
2020100084	2023-12-26	2	14.4	0.3	1	0	1400	3	37.5	13.0	8
2020100084	2024-05-04	13	0.0	1.4	0	1	1000	0	33.2	2.0	16
2020100084	2024-05-18	14	0.0	2.1	0	1	1600	0	35.1	2.0	16
2020100084	2024-07-28	11	0.0	1.6	1	0	1200	2	37.9	2.0	15
2020100084	2024-11-09	3	200.0	0.2	0	1	1200	0	35.1	2.0	16
2020100084	2024-11-17	12	0.0	0.7	0	1	1200	0	35.1	2.0	16
2020100084	2024-12-14	8	0.0	1.4	0	0	1200	0	36.7	2.0	16
2020100084	2025-02-01	12	0.0	1.2	1	1	1800	0	34.6	2.0	16
2020100084	2025-04-13	8	0.0	1.3	1	1	1200	0	34.4	2.0	16
2020100084	2025-04-19	11	0.0	0.6	0	1	1200	0	34.2	2.0	16
2020100084	2025-07-05	10	0.0	0.7	0	1	1200	0	35.3	2.0	15
2020100084	2025-08-24	3	200.0	0.2	0	1	1000	0	32.6	2.0	18
2020100084	2025-09-07	2	320.0	0.2	0	1	1200	0	33.5	2.0	16
2020100084	2025-09-21	5	80.0	0.5	1	1	1200	0	33.7	2.0	16
2020100084	2025-10-19	5	80.0	0.3	1	1	1200	2	34.8	2.0	18
2020100084	2025-11-09	6	0.0	0.3	1	1	1200	0	34.5	2.0	16
2020100271	2023-02-05	5	62.0	0.5	0	1	2000	0	35.4	0.0	16
2020100271	2023-02-25	9	0.0	1.8	1	1	2000	2	38.9	1.0	13
2020100271	2023-05-21	4	83.0	0.3	0	1	1800	0	34.2	1.0	18
2020100271	2023-07-29	13	0.0	2.3	0	1	2000	0	36.2	1.0	15
2020100271	2023-09-17	9	0.0	3.7	0	0	1800	0	43.4	2.0	12
2020100271	2023-12-06	2	14.0	0.7	0	0	1400	0	38.0	10.0	8
2020100271	2023-12-29	1	40.0	0.0	1	0	1400	0	38.7		8
2020100271	2024-01-09	2	17.5	0.3	0	0	1600	0	39.2	5.0	7
2020100271	2024-02-09	1	40.0	0.0	0	0	1400	0	38.4	11.0	7
2020100271	2024-03-08	1	60.0	0.0	0	0	1400	0	38.4	5.0	8
2020100271	2024-04-14	17	0.0	1.4	0	1	1600	0	36.1	2.0	17
2020100271	2024-05-05	10	0.0	1.0	0	0	1400	0	37.9	2.0	16
2020100271	2024-08-18	8	0.0	1.8	0	0	1400	0	37.7	2.0	16
2020100271	2025-01-11	2	320.0	0.1	0	0	1400	0	38.4	2.0	16
2020100271	2025-02-01	3	200.0	0.6	1	0	1400	0	37.3	2.0	15
2020100271	2025-04-19	8	0.0	1.2	0	0	1400	0	39.1	2.0	15
2020100271	2025-06-29	7	0.0	1.2	0	0	1000	0	35.8	2.0	14
2020100271	2025-07-12	4	120.0	0.2	0	1	1200	0	35.1	2.0	17
2020100271	2025-07-27	2	320.0	0.0	0	1	1200	0	33.4	2.0	9
2020100271	2025-08-17	3	200.0	0.3	0	1	1200	0	34.0	2.0	18
2020100271	2025-12-13	5	80.0	0.3	0	1	1200	0	32.6	2.0	18
2020100271	2026-01-10	4	120.0	1.0	0	1	1400	0	35.1	2.0	18
2020100629	2022-10-02	7	0.0	1.0	0	1	2000	0	35.3	0.0	14
2020100629	2022-10-30	5	52.0	1.1	3	1	2000	0	37.1	1.0	14
2020100629	2022-11-19	4	78.0	0.8	0	0	1700	0	40.3	1.0	14
2020100629	2022-12-10	6	0.0	1.7	0	0	1800	0	40.0	1.0	13
2020100629	2023-01-08	1	550.0	0.0	0	0	1800	0	39.0	1.0	15
2020100629	2023-04-16	15	0.0	3.1	0	0	1800	3	40.4	2.0	15
2020100629	2023-04-29	6	0.0	1.4	1	1	2200	0	35.7	2.0	8
2020100629	2024-03-17	6	0.0	1.4	3	0	1800	0	39.6	2.0	7
2020100629	2024-04-06	4	120.0	1.2	0	0	1800	2	38.0	2.0	12
2020100629	2024-04-27	4	120.0	0.5	1	0	1800	0	37.7	2.0	8
2020100629	2024-05-18	3	200.0	0.8	0	0	1800	0	38.3	2.0	15
2020100629	2024-06-01	8	0.0	2.4	0	0	1800	2	39.5	2.0	13
2020100629	2024-06-23	5	80.0	0.3	3	0	1800	3	37.4	2.0	15
2020100629	2024-07-13	8	0.0	1.1	1	0	1700	0	38.2	2.0	16
2020100629	2024-10-12	10	0.0	1.6	0	0	1800	0	37.8	2.0	13
2020100629	2024-10-27	6	0.0	0.8	0	0	1800	0	38.9	2.0	11
2020100629	2024-11-30	6	0.0	0.7	1	0	1800	0	38.0	2.0	13
2020100629	2024-12-14	6	0.0	1.1	0	0	1800	0	38.0	2.0	16
2020100629	2025-02-23	7	0.0	1.5	1	0	2400	0	38.1	2.0	14
2020100629	2025-03-22	1	800.0	0.0	0	0	1800	0	38.5	2.0	10
2020100629	2025-05-04	10	0.0	1.4	0	0	1800	2	38.4	5.0	14
2020100629	2025-05-25	6	0.0	0.5	1	0	1600	3	35.6	5.0	16
2020100629	2025-06-15	11	0.0	1.7	1	0	1800	1	38.3	5.0	16
2020100629	2025-11-09	13	0.0	2.1	3	0	1800	1	38.2	3.0	16
2020100629	2025-11-29	5	155.0	0.2	0	0	1800	0	36.2	5.0	13
2020100629	2026-01-10	5	158.0	1.5	0	0	1800	0	38.6	5.0	8
2020100759	2022-09-04	2	280.0	0.2	0	1	1400	0	35.4	0.0	17
2020100759	2022-11-13	2	210.0	0.4	0	1	1400	0	34.6	1.0	17
2020100759	2022-11-26	9	0.0	1.3	2	1	1400	0	35.4	1.0	17
2020100759	2023-02-19	8	0.0	1.7	1	0	1400	2	37.1	1.0	16
2020100759	2023-04-29	4	83.0	0.4	0	1	1600	0	34.4	1.0	12
2020100759	2023-05-13	3	140.0	0.3	0	1	1400	0	34.6	1.0	16
2020100759	2023-06-04	4	83.0	0.3	0	1	1400	2	34.4	1.0	18
2020100759	2023-06-24	3	140.0	0.4	1	1	1200	2	35.5	1.0	16
2020100759	2023-07-15	3	140.0	0.3	3	1	1200	1	36.8	1.0	16
2020100759	2023-08-05	2	220.0	0.1	1	1	1200	2	35.1	1.0	16
2020100759	2023-08-19	3	140.0	0.4	0	1	1200	0	35.0	1.0	16
2020100759	2023-12-27	3	11.0	0.3	0	0	1400	0	38.8	12.0	8
2020100759	2024-03-22	4	4.5	0.4	0	0	1400	0	38.0	12.0	8
2020100759	2024-04-05	1	40.0	0.0	1	0	1400	0	38.7	9.0	8
2020100759	2024-04-17	3	12.0	0.8	0	0	1400	0	40.2	5.0	8
2020100759	2024-05-09	1	45.0	0.0	0	0	1400	0	39.8		10
2020100759	2024-06-04	6	0.0	2.3	0	0	1600	0	39.9	5.0	8
2020100759	2024-06-19	6	0.0	0.9	0	0	1400	2	41.4		9
2020100759	2024-07-02	6	0.0	2.5	3	0	1400	1	42.0	12.0	8
2020100759	2024-08-28	1	45.0	0.0	1	0	1400	0	40.1		8
2020100759	2025-01-13	11	0.0	1.2	0	1	1600	0	35.7	2.0	16
2020100759	2025-02-15	7	0.0	1.0	1	1	1200	0	34.0	2.0	18
2020100759	2025-06-21	9	0.0	0.9	1	1	1200	0	35.0	5.0	10
2020100759	2025-06-28	8	0.0	0.9	0	1	1200	0	34.9	5.0	8
2020100759	2025-07-19	10	0.0	0.9	0	1	1200	0	34.6	2.0	16
2020100759	2025-08-02	8	0.0	1.5	0	1	1200	0	35.4	2.0	10
2020100759	2025-08-17	7	0.0	0.5	1	1	1200	2	35.5	5.0	16
2020100759	2025-09-07	7	0.0	0.7	1	0	1000	2	35.4	2.0	12
2020100948	2023-01-29	3	160.0	0.3	1	1	1200	1	35.0	0.0	18
2020100948	2023-02-19	4	83.0	0.2	2	1	1200	1	36.2	1.0	18
2020100948	2023-04-08	1	550.0	0.0	1	0	1200	2	37.5	1.0	16
2020100948	2023-05-06	6	0.0	1.0	1	0	1400	0	37.1	2.0	16
2020100948	2023-12-17	7	0.0	0.6	0	0	1400	2	38.1	2.0	16
2020100948	2024-01-21	6	0.0	1.0	1	0	1400	1	36.9	2.0	14
2020100948	2024-01-28	11	0.0	1.3	1	0	1200	0	36.2	2.0	16
2020100948	2024-03-03	4	120.0	0.8	0	0	1800	2	39.2	2.0	8
2020100948	2024-03-30	11	0.0	1.0	0	0	1400	2	36.9	2.0	16
2020100948	2024-04-14	15	0.0	1.1	0	1	1600	0	35.2	2.0	17
2020100948	2024-05-25	2	320.0	0.0	0	0	1800	0	38.2	2.0	11
2020100948	2024-10-13	3	200.0	0.2	0	0	1800	0	37.9	2.0	10
2020100948	2024-11-02	4	120.0	1.8	3	0	1800	3	38.2	2.0	8
2020100948	2024-11-24	7	0.0	0.7	1	0	1800	0	38.1	2.0	15
2020100948	2025-01-06	4	120.0	0.4	2	0	1800	0	38.7	2.0	16
2020100948	2025-01-18	5	80.0	0.7	0	0	1900	0	37.3	2.0	12
2020100948	2025-02-15	3	200.0	1.0	0	0	1900	0	38.3	2.0	12
2020100948	2025-03-23	4	120.0	1.5	0	0	1800	0	38.2	2.0	14
2020100948	2025-04-19	4	120.0	0.8	0	0	1400	0	37.5	2.0	15
2020100948	2025-05-17	3	200.0	0.5	1	0	1400	3	35.5	2.0	14
2020100948	2025-05-31	9	0.0	0.7	1	0	1400	0	36.6	2.0	16
2020100948	2025-07-26	5	80.0	0.7	2	0	1700	0	37.8	2.0	13
2020100948	2025-08-16	7	0.0	0.7	0	0	1700	0	37.7	2.0	14
2020100948	2025-10-05	11	0.0	4.1	0	2	3000	0	14.0	1.0	14
2020100948	2025-11-16	1	840.0	0.0	0	2	2750	0	13.1	1.0	10
2020101209	2023-03-12	1	550.0	0.0	0	0	1800	0	37.0	1.0	15
2020101209	2023-04-16	1	780.0	0.0	0	0	1800	3	38.3	2.0	15
2020101209	2023-05-03	3	875.0	2.6	0	0	1870	0	40.9		12
2020101209	2023-06-14	3	700.0	0.3	1	0	2100	2	40.9		13
2020101209	2023-12-10	7	0.0	0.8	0	0	1800	0	38.2	5.0	16
2020101209	2024-01-27	1	1583.6	0.0	0	0	1700	0	37.6	5.0	16
2020101209	2024-03-31	16	0.0	1.8	0	0	1800	0	38.8	4.0	16
2020101209	2024-04-27	8	0.0	1.3	0	0	1800	0	38.9	4.0	13
2020101209	2024-12-01	6	0.0	0.5	0	0	1800	0	38.9	4.0	16
2020101209	2025-01-13	11	0.0	1.8	0	0	1800	0	38.8	4.0	15
2020101209	2025-02-01	5	184.0	0.8	1	0	1800	0	36.7	4.0	12
2020101209	2025-03-02	8	0.0	1.9	2	0	1800	0	37.7	4.0	10
2020101209	2025-05-03	15	0.0	2.3	0	0	1800	2	38.2	4.0	15
2020101209	2025-11-08	10	0.0	2.4	0	0	1600	0	38.3	4.0	11
2020101872	2022-09-19	3	180.0	1.2	1	0	1800	2	39.6	0.0	12
2020101872	2023-01-21	4	83.0	0.4	0	1	1600	0	34.9	1.0	11
2020101872	2023-02-11	2	220.0	0.4	0	1	1600	0	35.2	1.0	18
2020101872	2023-03-12	2	220.0	0.2	0	1	1600	0	34.4	1.0	18
2020101872	2023-04-30	4	69.0	0.3	1	1	1400	2	34.8	1.0	18
2020101872	2023-06-25	9	0.0	1.2	1	1	1600	0	34.9	1.0	18
2020101872	2023-08-12	4	83.0	2.1	0	0	1700	0	38.8	1.0	16
2020101872	2023-08-20	1	550.0	0.0	0	1	1200	0	35.1	1.0	18
2020101872	2023-11-05	9	0.0	0.5	0	1	1400	0	34.3	2.0	17
2020101872	2024-05-19	12	0.0	1.0	0	1	1400	0	36.7	2.0	16
2020101872	2024-06-02	2	320.0	0.0	3	1	1400	2	35.4	2.0	16
2020101872	2024-06-29	1	800.0	0.0	1	1	1200	0	34.5	2.0	11
2020101872	2024-11-09	14	0.0	1.4	0	1	1200	0	35.8	5.0	16
2020101872	2024-12-15	1	1588.5	0.0	0	1	1200	0	34.6	5.0	18
2020101872	2025-01-06	9	0.0	0.5	1	1	1200	0	35.0	4.0	16
2020101872	2025-06-01	8	0.0	0.5	0	1	1400	0	34.1	4.0	14
2020101872	2025-07-19	13	0.0	0.7	1	1	1200	0	35.0	4.0	17
2020101872	2025-09-27	12	0.0	0.7	0	1	1200	0	34.3	4.0	16
2020101872	2025-11-29	16	0.0	3.0	1	0	1400	0	38.6	4.0	16
2020102317	2023-01-22	10	0.0	1.4	0	1	1600	0	35.6	0.0	16
2020102317	2023-01-28	4	83.0	1.3	0	0	1200	0	38.5	1.0	12
2020102317	2023-02-12	6	0.0	1.0	0	0	1200	0	38.3	1.0	16
2020102317	2023-03-04	10	0.0	1.8	0	0	1400	0	38.8	1.0	13
2020102317	2023-04-18	2	27.2	1.2	3	0	1500	1	39.1	1.0	8
2020102317	2023-05-07	16	0.0	7.1	3	0	1800	3	44.8	1.0	16
2020102317	2023-06-24	10	0.0	2.6	1	0	1200	2	38.2	1.0	15
2020102317	2023-08-30	2	24.5	0.2	1	0	1400	0	38.3	5.0	8
2020102317	2023-09-27	1	45.0	0.0	1	0	1400	0	37.9		7
2020102317	2023-10-05	1	45.0	0.0	1	0	1500	1	39.8	11.0	12
2020102317	2023-10-31	6	0.0	2.0	1	0	1500	2	38.8	16.0	11
2020102317	2024-02-24	14	0.0	3.5	0	0	1700	1	40.5	2.0	14
2020102317	2024-03-03	6	0.0	4.3	0	1	2000	0	38.2	2.0	6
2020102317	2024-06-11	3	16.0	1.1	0	0	1500	0	38.9	16.0	11
2020102317	2024-06-30	8	0.0	1.6	1	0	1700	0	38.5	2.0	13
2020102317	2024-07-13	6	0.0	0.8	1	0	1700	0	38.2	2.0	16
2020102317	2024-08-11	7	0.0	1.0	0	0	1800	0	38.8	2.0	13
2020102317	2024-08-24	8	0.0	1.6	0	0	1800	0	38.0	2.0	13
2020102317	2024-11-17	2	320.0	0.2	1	0	1700	0	38.1	2.0	15
2020102317	2024-11-30	2	320.0	0.2	1	0	1800	0	37.5	2.0	13
2020102317	2024-12-14	1	800.0	0.0	0	0	1800	0	37.6	2.0	16
2020102317	2025-02-09	3	395.1	0.4	0	0	1700	2	37.3	5.0	16
2020102317	2025-02-23	1	1584.3	0.0	1	0	1700	0	38.0	5.0	14
2020102317	2025-05-03	7	0.0	0.6	0	0	1800	2	37.0	4.0	15
2020102317	2025-06-01	14	0.0	1.3	0	0	1600	2	35.4	4.0	16
2020102317	2025-07-13	11	0.0	1.0	0	0	1700	0	38.3	4.0	15
2020102317	2025-10-18	12	0.0	1.2	1	0	1800	2	37.4	4.0	16
2020102317	2025-11-01	11	0.0	2.8	0	0	1800	1	37.0	4.0	13
2020102317	2025-11-30	7	0.0	1.4	0	0	1800	0	38.2	4.0	16
2020102317	2025-12-14	15	0.0	1.8	0	0	2000	0	38.3	4.0	16
2020102675	2022-09-25	5	70.0	1.2	0	1	2000	0	35.2	0.0	8
2020102675	2022-10-23	6	0.0	0.9	0	0	1800	0	38.8	1.0	12
2020102675	2022-11-12	7	0.0	2.2	0	0	1400	0	38.1	1.0	15
2020102675	2023-03-04	4	83.0	0.5	0	0	1400	0	38.9	1.0	16
2020102675	2023-04-02	5	55.0	1.2	0	0	1400	0	39.1	1.0	16
2020102675	2023-04-23	5	55.0	2.0	0	0	1700	0	39.5	1.0	14
2020102675	2023-05-14	4	83.0	1.1	2	0	1800	1	40.6	1.0	12
2020102675	2023-06-10	5	55.0	1.4	0	0	1800	2	38.6	1.0	16
2020102675	2023-07-02	11	0.0	3.1	0	0	1800	2	42.9	1.0	15
2020102675	2023-08-19	10	0.0	2.6	0	0	1700	0	40.2	1.0	16
2020102675	2023-10-07	7	0.0	6.9	0	2	2910	0	14.3	1.0	10
2020102675	2024-01-13	7	0.0	3.7	0	2	2860	0	13.6	1.0	12
2020102675	2024-02-17	5	79.0	2.6	0	2	2860	0	13.5	1.0	12
2020102675	2024-04-13	3	200.0	0.1	0	1	2400	0	34.6	2.0	12
2020102675	2024-04-27	3	200.0	0.7	1	1	2200	0	36.0	2.0	10
2020102675	2024-05-18	8	0.0	0.8	0	1	2400	0	36.1	2.0	12
2020102675	2024-06-29	6	0.0	1.9	1	1	2600	0	38.3	5.0	11
2020102675	2024-08-17	4	120.0	1.0	0	1	2400	0	36.6	2.0	12
2020102675	2024-08-31	5	111.0	0.6	3	1	2200	2	36.5	5.0	14
2020102675	2025-03-15	3	200.0	0.1	1	1	2200	0	35.3	2.0	18
2020102675	2025-03-30	8	0.0	1.2	0	1	2200	0	36.0	2.0	11
2020102675	2025-04-19	1	800.0	0.0	0	1	1600	0	33.6	2.0	14
2020102675	2025-05-31	4	120.0	0.4	1	1	1600	0	35.0	2.0	18
2020102675	2025-06-21	11	0.0	0.8	0	1	1600	0	35.9	2.0	14
2020102675	2025-10-18	2	320.0	0.0	1	1	1400	0	34.3	2.0	15
2020102675	2025-11-09	11	0.0	0.6	2	1	1400	1	35.3	2.0	17
2020102724	2022-11-12	5	70.0	1.4	0	0	1800	0	38.2	0.0	9
2020102724	2022-11-27	4	78.0	0.7	0	0	1800	2	40.9	1.0	13
2020102724	2023-02-04	3	140.0	0.8	0	0	1900	0	39.0	1.0	16
2020102724	2023-02-19	1	550.0	0.0	2	0	2000	2	38.6	1.0	11
2020102724	2023-04-23	6	0.0	2.1	0	0	1800	0	39.0	2.0	9
2020102724	2023-05-13	7	0.0	1.3	2	0	2100	2	38.1	2.0	15
2020102724	2023-07-16	6	0.0	1.6	0	0	1900	0	39.8	2.0	13
2020102724	2023-10-28	6	0.0	1.3	0	0	2100	0	38.4	2.0	13
2020102724	2023-11-12	7	0.0	1.2	1	0	2400	0	38.2	2.0	10
2020102724	2023-12-02	7	0.0	1.0	0	0	1900	0	39.8	2.0	14
2020102724	2023-12-17	2	320.0	0.1	0	0	1900	2	39.4	2.0	15
2020102724	2024-01-20	4	120.0	0.8	3	0	2400	2	38.0	2.0	13
2020102724	2024-02-10	1	800.0	0.0	1	0	1900	0	38.2	2.0	7
2020102724	2024-05-05	7	0.0	1.1	0	0	1900	0	38.1	3.0	14
2020102724	2024-05-26	3	393.8	0.4	0	0	1900	0	37.3	5.0	11
2020102724	2024-08-10	8	0.0	1.3	0	0	1800	0	38.5	5.0	16
2020102724	2024-09-29	13	0.0	2.0	1	0	1900	1	38.8	3.0	16
2020102724	2024-12-07	2	630.2	1.4	0	0	1900	0	38.9	5.0	14
2020102724	2024-12-22	7	0.0	0.7	0	0	1800	0	38.2	3.0	16
2020102724	2025-02-22	9	0.0	1.3	0	0	1800	0	37.8	3.0	14
2020102724	2025-04-13	8	0.0	1.1	3	0	2400	0	38.6	5.0	11
2020102724	2025-06-14	14	0.0	1.7	2	0	2100	0	37.7	5.0	16
2020102724	2025-08-17	10	0.0	1.2	0	0	1400	0	36.5	5.0	16
2020102724	2025-10-05	5	114.0	0.6	1	0	1600	0	36.6	3.0	16
2020102724	2025-10-19	1	1582.2	0.0	1	0	1600	0	36.0	5.0	13
2020102724	2025-11-08	6	0.0	0.9	0	0	1600	0	35.8	4.0	11
2020102772	2022-08-06	4	110.0	0.8	0	1	1200	0	34.8	0.0	8
2020102772	2023-02-26	6	0.0	0.8	0	0	1000	2	35.8	1.0	14
2020102772	2023-04-22	4	83.0	1.7	0	0	1150	0	38.3	1.0	16
2020102772	2023-06-11	16	0.0	3.0	1	1	1200	0	36.6	1.0	16
2020102772	2023-08-12	9	0.0	1.1	0	0	1000	0	37.2	1.0	12
2020102772	2023-10-04	3	28.0	0.3	1	0	1200	3	38.5		14
2020102772	2023-10-29	3	25.0	0.7	0	0	1200	2	39.4	10.0	14
2020102772	2023-11-14	6	0.0	1.5	0	0	1600	0	43.4	10.0	13
2020102772	2023-12-09	2	40.0	0.0	0	0	1600	0	40.7	10.0	14
2020102772	2023-12-29	1	100.0	0.0	0	0	1600	0	41.5	10.0	14
2020102772	2024-01-24	3	25.0	1.6	0	0	1600	1	42.4	10.0	12
2020102772	2024-02-15	1	100.0	0.0	1	0	1600	0	40.1	10.0	13
2020102772	2024-03-18	14	0.0	3.1	0	0	1600	0	44.5	11.0	14
2020102772	2024-04-09	9	0.0	3.8	1	0	1600	3	43.4	11.0	11
2020102772	2024-07-11	1	100.0	0.0	1	0	1600	0	40.2	10.0	14
2020102772	2024-07-31	4	18.0	0.7	1	0	1600	0	40.3	11.0	11
2020102772	2024-08-14	3	30.0	0.6	0	0	1600	0	39.0	11.0	14
2020102772	2024-09-12	1	120.0	0.0	0	0	1600	0	39.6	11.0	13
2020102772	2024-12-01	18	0.0	2.5	0	1	1400	0	34.9	2.0	18
2020102772	2025-02-09	10	0.0	2.9	0	0	1600	0	38.5	2.0	16
2020102772	2025-04-27	11	0.0	2.2	0	0	1700	0	39.4	2.0	14
2020102772	2025-05-18	8	0.0	1.9	1	0	1800	0	39.3	2.0	14
2020102772	2025-07-05	2	320.0	0.0	0	0	1700	2	37.9	2.0	14
2020102772	2025-08-30	4	120.0	1.4	1	0	1700	1	37.9	2.0	11
2020102772	2025-09-06	9	0.0	1.3	1	0	1700	0	39.1	2.0	14
2020102772	2025-11-09	8	0.0	1.7	1	0	1700	0	38.3	2.0	15
2020102772	2025-11-23	3	200.0	0.6	1	0	2100	0	37.5	2.0	16
2020102802	2023-01-15	5	62.0	1.5	0	0	1800	2	39.9	0.0	14
2020102802	2023-01-29	7	0.0	1.8	0	0	1200	0	38.1	1.0	13
2020102802	2023-02-18	13	0.0	3.8	1	0	1400	0	41.5	1.0	16
2020102802	2023-03-29	1	62.0	0.0	0	0	1500	2	40.6		10
2020102802	2023-04-22	16	0.0	5.8	0	0	1400	0	43.1	2.0	16
2020102802	2023-07-22	5	111.0	0.2	0	1	2000	0	35.7	5.0	12
2020102802	2023-08-20	3	200.0	0.6	0	1	2000	0	36.9	2.0	11
2020102802	2023-09-02	3	200.0	0.2	1	1	2000	2	36.7	2.0	10
2020102802	2023-09-23	8	0.0	1.0	0	1	1800	0	34.8	2.0	13
2020102802	2024-02-03	7	0.0	2.1	2	1	2000	2	40.3	2.0	11
2020102802	2024-03-02	13	0.0	3.5	0	1	2000	2	40.0	2.0	13
2020102802	2024-07-06	8	0.0	0.7	0	1	1800	0	36.9	2.0	16
2020102802	2024-08-24	5	111.0	0.5	0	1	1800	0	35.4	5.0	16
2020102802	2024-09-15	3	200.0	0.5	0	1	2000	0	36.4	2.0	17
2020102802	2024-10-06	5	80.0	0.5	0	1	1800	0	35.1	2.0	16
2020102802	2024-11-03	12	0.0	1.5	0	1	1800	2	39.0	5.0	16
2020102802	2024-11-16	4	170.0	0.3	1	1	1800	0	35.4	5.0	16
2020102802	2025-01-25	2	320.0	0.2	0	1	1800	0	35.2	2.0	16
2020102802	2025-02-16	10	0.0	1.2	1	1	1800	0	37.4	2.0	16
2020102802	2025-04-20	7	0.0	0.8	1	1	1800	0	36.5	2.0	16
2020102802	2025-06-15	2	449.6	0.2	1	1	1800	0	35.6	5.0	13
2020102802	2025-06-28	10	0.0	1.2	0	1	1800	2	36.0	2.0	16
2020102802	2025-07-13	8	0.0	0.6	0	1	1800	0	36.4	2.0	14
2020102802	2025-07-27	6	0.0	1.3	0	1	1800	2	36.8	2.0	8
2020102802	2025-08-23	2	320.0	0.0	0	1	1800	2	35.7	2.0	13
2020102802	2025-09-07	7	0.0	1.1	1	1	1800	2	39.6	2.0	13
2020102802	2025-09-28	9	0.0	1.0	1	1	1800	0	35.4	2.0	18
2020102802	2026-01-25	12	0.0	1.8	0	1	1800	0	37.9	2.0	16
2020102881	2023-01-21	1	620.0	0.0	0	0	1200	2	38.6	0.0	16
2020102881	2023-04-09	3	200.0	1.1	0	0	1400	2	37.6	2.0	14
2020102881	2023-05-20	11	0.0	1.9	1	0	1400	2	36.7	2.0	16
2020102881	2023-09-17	14	0.0	2.6	0	0	1400	0	41.2	2.0	16
2020102881	2023-11-05	6	0.0	0.7	1	0	1150	0	36.9	2.0	11
2020102881	2023-12-16	9	0.0	1.4	1	0	1200	1	36.0	2.0	16
2020102881	2024-01-13	7	0.0	0.5	0	1	1200	0	34.4	2.0	18
2020102881	2024-01-27	15	0.0	1.0	0	1	1200	0	34.8	2.0	18
2020102881	2024-03-24	8	0.0	1.1	3	1	1400	1	36.1	2.0	14
2020102881	2024-04-14	4	120.0	0.3	0	1	1600	0	34.2	2.0	17
2020102881	2024-05-05	6	0.0	0.9	0	1	1600	0	35.4	2.0	9
2020102881	2024-05-19	5	80.0	0.4	2	1	1600	0	35.1	2.0	17
2020102881	2024-07-21	14	0.0	2.2	0	1	1500	0	36.9	2.0	14
2020102881	2024-08-03	13	0.0	2.7	0	1	1800	0	37.2	2.0	13
2020102881	2025-01-12	6	0.0	0.9	1	1	1400	0	35.0	2.0	18
2020102881	2025-01-19	10	0.0	1.2	0	1	1600	0	35.2	2.0	16
2020102881	2025-03-01	4	120.0	0.3	0	0	1400	0	37.8	2.0	16
2020102881	2025-03-16	7	0.0	1.0	2	0	1400	1	37.5	2.0	16
2020102881	2025-05-03	1	800.0	0.0	0	0	1200	1	35.2	2.0	14
2020102881	2025-05-18	9	0.0	0.9	1	0	1200	2	35.3	3.0	16
2020102881	2025-06-15	14	0.0	1.6	0	1	1200	2	35.4	5.0	15
2020102881	2025-11-22	6	0.0	0.5	0	0	1400	0	36.7	3.0	16
2020102881	2026-01-10	7	0.0	1.0	0	1	1200	0	33.6	5.0	18
2020103007	2022-11-12	1	700.0	0.0	0	1	1600	0	34.2	0.0	13
2020103007	2022-12-18	17	0.0	1.7	0	1	1600	0	36.9		17
2020103007	2023-02-18	12	0.0	1.2	1	1	1800	0	34.4	2.0	12
2020103007	2023-09-17	8	0.0	0.8	0	1	1200	0	34.1	2.0	16
2020103007	2023-10-01	7	0.0	0.4	1	1	1600	2	33.3	2.0	16
2020103007	2023-12-17	4	120.0	0.5	0	1	1600	0	34.4	2.0	16
2020103007	2024-01-13	6	0.0	0.5	0	1	1600	0	35.1	2.0	18
2020103007	2024-05-11	1	1138.0	0.0	0	1	1600	0	33.7	5.0	12
2020103007	2024-09-16	11	0.0	1.4	1	1	1400	0	34.7	5.0	13
2020103007	2025-03-23	8	0.0	1.8	0	1	1600	0	36.8	5.0	11
2020103007	2025-08-16	8	0.0	1.1	0	0	1800	0	37.5	5.0	13
2020103007	2025-10-25	15	0.0	4.0	1	0	1800	0	40.4	5.0	15
2020103007	2025-11-23	10	0.0	1.0	1	0	1600	0	36.4	3.0	16
2020103119	2022-12-10	13	0.0	5.1	0	0	1800	2	41.8	0.0	15
2020103119	2023-02-19	7	0.0	1.4	1	0	2100	2	40.3	1.0	15
2020103119	2023-03-12	2	220.0	0.7	0	0	2000	0	38.9	1.0	14
2020103119	2023-04-08	5	55.0	0.5	1	0	1800	2	39.5	1.0	15
2020103119	2023-06-04	1	550.0	0.0	0	0	2100	1	37.7	1.0	15
2020103119	2023-10-07	4	120.0	1.6	0	0	2100	0	38.2	2.0	13
2020103119	2023-11-18	6	0.0	1.5	1	0	2100	1	40.3	2.0	11
2020103119	2023-12-10	9	0.0	2.7	0	0	2500	0	39.9	2.0	11
2020103119	2024-02-10	5	80.0	0.7	0	0	2100	2	38.3	2.0	12
2020103119	2024-05-11	7	0.0	1.5	0	0	1800	0	38.9	2.0	14
2020103119	2024-06-08	4	120.0	1.0	0	0	2100	0	38.8	2.0	16
2020103119	2024-06-23	3	200.0	0.4	1	0	2100	1	36.0	2.0	16
2020103119	2024-08-25	5	80.0	1.5	1	0	1900	0	39.0	2.0	14
2020103119	2024-09-14	5	80.0	0.8	0	0	1900	0	38.5	2.0	13
2020103119	2024-10-26	7	0.0	0.8	1	0	2100	0	37.0	2.0	10
2020103119	2024-11-17	4	120.0	0.9	0	0	2100	0	38.3	2.0	16
2020103119	2025-01-06	5	80.0	0.5	2	0	1800	0	39.4	2.0	16
2020103119	2025-01-26	15	0.0	3.2	0	0	1800	0	43.5	2.0	16
2020103119	2025-03-22	4	120.0	0.5	0	0	1900	0	37.8	2.0	15
2020103119	2025-05-18	7	0.0	1.6	1	0	1800	0	40.5	2.0	14
2020103119	2025-07-12	10	0.0	1.1	1	0	1700	0	38.2	2.0	15
2020103119	2025-08-02	9	0.0	2.8	0	0	1800	0	40.5	2.0	10
2020103119	2025-09-30	7	0.0	4.6	0	0	1800	0	41.5	13.0	10
2020103119	2025-10-13	4	120.0	0.2	1	0	2100	0	38.1	2.0	16
2020103119	2025-11-23	6	0.0	1.0	1	0	2100	0	37.0	2.0	16
2020103127	2022-10-23	4	110.0	0.7	3	0	1800	2	38.6	0.0	15
2020103127	2022-12-17	1	520.0	0.0	1	0	1800	0	38.0	1.0	16
2020103127	2023-04-02	3	200.0	0.4	1	0	1800	0	38.2	2.0	16
2020103127	2023-07-02	2	320.0	0.1	0	0	1700	2	37.5	2.0	10
2020103127	2023-09-10	1	800.0	0.0	0	0	1800	0	37.0	2.0	9
2020103127	2023-12-02	1	1594.8	0.0	0	0	1800	0	36.7	5.0	16
2020103127	2024-01-21	5	184.0	0.4	1	0	1800	3	37.1	4.0	16
2020103127	2024-03-31	13	0.0	1.1	0	0	1800	0	38.4	4.0	16
2020103127	2025-02-01	10	0.0	2.0	1	0	1800	0	38.3	4.0	12
2020103127	2025-04-06	16	0.0	3.4	0	0	1800	2	41.2	4.0	16
2020103127	2025-05-11	8	0.0	1.3	0	0	1600	2	36.3	4.0	16
2020103127	2025-07-13	5	184.0	0.5	0	0	1700	0	38.1	4.0	15
2020103127	2025-09-28	7	0.0	1.2	1	0	1800	0	37.8	4.0	16
2020103127	2025-11-24	8	0.0	1.6	0	0	2100	0	38.8	4.0	16
2020103247	2022-07-17	4	110.0	0.8	1	1	1800	0	36.9	0.0	14
2020103247	2022-10-30	3	130.0	0.5	3	1	2000	0	36.5	1.0	14
2020103247	2023-02-25	4	83.0	0.3	1	1	2000	0	35.4	1.0	17
2020103247	2023-04-22	1	550.0	0.0	1	0	1600	0	37.0	1.0	14
2020103247	2023-10-09	5	80.0	0.4	3	0	1600	3	37.8	2.0	14
2020103247	2023-12-09	1	800.0	0.0	0	0	1800	0	38.4	2.0	11
2020103247	2024-01-20	3	394.9	0.1	2	0	1800	0	38.8	3.0	16
2020103247	2024-03-23	3	290.0	0.4	1	0	1800	0	37.7	3.0	16
2020103247	2024-05-05	5	155.0	0.2	0	0	1800	0	37.9	5.0	15
2020103247	2024-06-22	7	0.0	1.5	1	0	1700	0	39.0	5.0	9
2020103247	2024-10-26	6	0.0	1.1	1	0	1600	0	35.9	5.0	10
2020103247	2025-01-18	6	0.0	0.5	0	0	1800	0	39.1	3.0	13
2020103247	2025-03-23	4	170.0	0.1	0	0	1800	0	38.9	3.0	15
2020103247	2025-05-04	1	1583.6	0.0	0	0	1800	2	37.5	5.0	14
2020103247	2025-08-02	7	0.0	1.2	0	0	1800	0	38.1	4.0	14
2020103247	2025-10-18	10	0.0	1.1	1	0	1800	2	37.0	4.0	16
2020103284	2022-07-16	2	280.0	0.1	0	1	1200	0	34.6	0.0	8
2020103284	2022-08-13	1	520.0	0.0	0	1	1200	0	35.0	1.0	12
2020103284	2022-09-24	4	240.0	0.4	1	1	1200	1	35.4	5.0	10
2020103284	2022-12-10	11	0.0	1.3	0	1	1200	0	36.2	2.0	11
2020103284	2023-02-04	1	1098.0	0.0	0	1	1200	0	34.5	2.0	13
2020103284	2023-02-26	6	0.0	1.3	1	1	1200	0	35.5		10
2020103284	2023-05-27	14	0.0	1.3	0	1	1200	0	33.1		18
2020103284	2023-08-20	6	0.0	0.4	0	1	1200	0	35.1	3.0	16
2020103284	2023-11-25	8	0.0	0.4	0	1	1200	0	33.8	3.0	18
2020103284	2024-01-27	2	626.2	0.3	0	1	1200	0	34.1	5.0	10
2020103284	2024-03-09	5	114.0	0.3	0	1	1200	2	35.5	3.0	13
2020103284	2024-04-06	12	0.0	1.1	1	1	1200	0	35.4	5.0	16
2020103284	2024-07-07	5	155.0	0.3	1	1	1200	0	34.7	5.0	15
2020103284	2024-08-24	15	0.0	1.7	0	0	1200	0	37.3	5.0	15
2020103284	2024-10-12	8	0.0	0.4	0	1	1200	0	34.0	3.0	17
2020103284	2025-02-02	3	396.1	0.5	1	1	1200	2	35.1	5.0	18
2020103284	2025-03-01	3	395.9	0.5	1	1	1200	0	34.6	3.0	18
2020103284	2025-04-26	1	1588.5	0.0	0	1	1200	0	33.5	3.0	15
2020103284	2025-06-29	5	184.0	0.3	0	1	1200	0	34.4	4.0	13
2020103284	2025-07-19	14	0.0	0.9	1	1	1200	0	35.4	4.0	17
2020103284	2025-10-18	8	0.0	1.0	1	1	1200	0	34.3	4.0	18
2020103433	2023-01-21	3	160.0	0.2	0	0	1800	0	38.4	0.0	16
2020103433	2023-02-18	6	0.0	2.1	1	0	1800	0	39.5	1.0	8
2020103433	2023-04-02	4	83.0	0.2	0	1	2400	0	34.6	1.0	13
2020103433	2023-04-16	3	140.0	0.1	0	1	2200	2	35.9	1.0	18
2020103433	2023-06-11	1	550.0	0.0	2	1	2400	2	34.9	1.0	17
2020103433	2023-07-08	4	170.0	0.2	1	1	2200	0	35.2	2.0	10
2020103433	2023-09-18	5	111.0	0.8	0	1	2400	0	34.6	5.0	14
2020103433	2023-10-15	3	200.0	0.3	1	1	2400	1	35.2	2.0	10
2020103433	2025-09-14	7	0.0	1.9	1	0	2000	0	39.7	2.0	13
2020103433	2025-10-05	4	120.0	0.1	2	0	1800	1	36.2	2.0	14
2020103433	2025-11-09	4	120.0	0.5	3	0	1800	1	37.4	2.0	16
2020103433	2025-12-21	1	800.0	0.0	3	1	2200	1	35.5	2.0	18
2020103433	2026-01-18	14	0.0	1.3	0	1	2200	0	34.5	3.0	16
2020103441	2022-07-16	3	180.0	0.7	0	1	1800	0	36.4	0.0	7
2020103441	2022-08-27	1	520.0	0.0	0	1	1800	0	35.5	1.0	8
2020103441	2022-09-24	3	402.1	1.3	0	1	2000	0	34.6	5.0	7
2020103441	2022-12-10	8	0.0	0.9	0	1	2000	0	36.1	2.0	13
2020103441	2023-02-25	5	107.0	1.1	1	1	2200	0	35.6	2.0	8
2020103441	2023-03-18	16	0.0	4.3	3	1	1800	3	39.7		16
2020103441	2023-07-09	9	0.0	0.8	0	1	2000	0	35.2	2.0	11
2020103441	2023-07-22	8	0.0	2.2	0	0	1700	0	38.6	2.0	13
2020103441	2024-01-28	5	111.0	0.4	1	1	1800	2	35.1	5.0	16
2020103441	2024-02-25	2	320.0	0.0	0	1	1800	2	34.6	2.0	10
2020103441	2024-04-20	6	0.0	0.3	0	1	1800	0	35.4	2.0	12
2020103441	2024-07-06	11	0.0	1.3	0	1	1800	0	37.1	2.0	16
2020103441	2024-09-08	3	200.0	0.2	0	1	2000	0	35.1	2.0	11
2020103441	2024-10-06	4	120.0	0.4	0	1	1800	0	34.7	2.0	16
2020103441	2024-12-15	6	0.0	0.5	0	1	1600	0	35.3	2.0	16
2020103441	2025-03-29	7	0.0	1.1	0	1	2000	1	37.2	2.0	15
2020103441	2025-04-27	11	0.0	1.2	0	1	1800	0	37.1	2.0	16
2020103441	2025-07-13	9	0.0	0.7	0	1	1800	0	34.8	2.0	14
2020103441	2025-08-03	9	0.0	1.1	0	1	2000	0	36.2	2.0	11
2020103441	2025-08-23	12	0.0	1.7	0	1	1800	2	36.6	2.0	13
2020103441	2025-11-08	11	0.0	1.2	0	1	1800	0	35.1	2.0	16
2020103441	2025-11-29	10	0.0	0.6	0	1	1800	0	34.3	2.0	18
2020103441	2026-01-18	4	120.0	0.3	0	1	1600	0	35.0	2.0	8
2020103477	2023-05-14	14	0.0	1.0	2	1	1400	2	36.0	1.0	18
2020103477	2023-06-10	11	0.0	1.5	1	1	1800	0	37.1	1.0	18
2020103477	2023-08-13	8	0.0	0.2	0	1	1200	0	35.8	1.0	18
2020103477	2023-11-07	6	0.0	1.1	0	0	1400	1	39.7	10.0	10
2020103477	2023-11-23	1	70.0	0.0	1	0	1400	0	39.0	10.0	10
2020103477	2023-12-12	2	40.0	0.3	1	0	1400	2	41.4	11.0	12
2020103477	2024-01-03	2	80.0	0.4	1	0	1230	0	39.4	11.0	11
2020103477	2024-04-29	1	80.0	0.0	3	0	1230	0	39.1	10.0	11
2020103477	2024-05-17	1	110.0	0.0	0	0	1230	0	39.0	11.0	11
2020103477	2024-06-13	1	110.0	0.0	0	0	1230	0	39.7	11.0	11
2020103477	2024-07-28	15	0.0	3.6	1	0	1200	2	40.2	2.0	15
2020103477	2024-10-12	17	0.0	1.7	0	1	1200	0	33.3	5.0	18
2020103477	2024-10-26	2	320.0	0.3	1	0	1400	0	36.5	2.0	15
2020103477	2024-11-09	2	320.0	0.5	0	0	1400	0	36.4	2.0	16
2020103477	2025-02-01	3	200.0	0.6	0	0	1400	0	36.9	2.0	16
2020103477	2025-02-16	10	0.0	0.6	0	0	1400	0	36.4	2.0	16
2020103477	2025-05-03	3	200.0	0.5	0	0	1400	1	35.8	2.0	16
2020103477	2025-05-24	1	800.0	0.0	1	0	1400	0	36.2	2.0	16
2020103477	2025-11-30	13	0.0	2.2	0	0	1400	0	38.4	3.0	16
2020103556	2022-08-13	7	0.0	0.7	1	1	1500	0	36.4	0.0	14
2020103556	2023-01-08	9	0.0	1.3	0	1	2200	0	36.3	1.0	18
2020103556	2023-02-19	13	0.0	2.8	1	1	2000	1	38.8	1.0	18
2020103556	2023-04-23	9	0.0	1.5	0	1	1800	0	36.0	1.0	18
2020103556	2023-06-25	1	550.0	0.0	0	0	1700	1	37.7	1.0	9
2020103556	2023-07-16	9	0.0	1.1	1	0	1700	1	37.7	2.0	14
2020103556	2023-12-09	7	0.0	0.8	0	0	1800	0	39.2	2.0	11
2020103556	2024-01-08	7	0.0	1.1	0	0	1800	0	39.5	2.0	15
2020103556	2024-02-24	7	0.0	0.7	0	0	1700	1	37.4	2.0	14
2020103556	2024-04-20	2	320.0	0.5	1	0	1400	0	36.9	2.0	14
2020103556	2024-05-05	13	0.0	1.4	0	0	1400	0	37.2	2.0	16
2020103556	2024-07-07	8	0.0	2.0	1	0	1700	1	38.5	2.0	9
2020103556	2024-07-13	8	0.0	0.4	0	1	1200	0	34.9	2.0	13
2020103556	2024-08-25	11	0.0	1.1	0	1	1500	0	36.0	2.0	14
2020103556	2024-11-17	12	0.0	1.7	1	0	1400	0	38.1	2.0	16
2020103556	2024-12-07	4	120.0	1.1	1	0	1800	0	36.9	2.0	8
2020103556	2024-12-21	2	320.0	0.4	1	0	1800	0	37.1	2.0	15
2020103556	2025-02-22	1	800.0	0.0	1	0	1800	0	37.9	2.0	11
2020103556	2025-03-23	10	0.0	1.5	0	0	1800	0	39.7	3.0	15
2020103556	2025-04-27	8	0.0	1.0	0	0	1800	0	37.3	3.0	12
2020103556	2025-07-06	9	0.0	1.5	0	1	2600	2	37.3	5.0	10
2020103556	2025-09-07	3	394.5	0.6	0	0	1700	2	37.9	5.0	14
2020103556	2025-11-09	14	0.0	2.2	3	0	1800	1	37.6	3.0	16
2020103556	2025-11-29	2	629.6	0.1	0	0	1800	0	36.9	5.0	13
2020103647	2022-06-04	1	700.0	0.0	0	1	1600	0	34.3	0.0	9
2020103647	2022-09-03	3	787.0	0.4	0	1	1800	0	35.7		14
2020103647	2023-06-10	4	170.0	0.8	1	1	2400	0	35.5	5.0	8
2020103647	2024-05-26	3	200.0	0.3	0	1	1800	0	33.8	2.0	10
2020103647	2024-06-15	4	170.0	0.7	0	1	1800	0	33.7	5.0	9
2020103647	2024-08-25	3	200.0	0.1	1	1	1600	0	34.0	2.0	15
2020103795	2022-10-09	1	700.0	0.0	1	0	1600	2	36.3	0.0	16
2020103795	2023-01-22	3	273.3	0.7	0	1	1800	0	35.2	2.0	10
2020103795	2023-02-12	3	200.0	0.2	0	0	1600	1	37.1	2.0	15
2020103795	2023-11-05	1	800.0	0.0	0	0	1600	0	36.4	2.0	12
2020103795	2023-11-26	8	0.0	1.7	1	0	1600	0	38.1	3.0	16
2020103795	2024-02-24	2	627.2	0.3	0	1	1800	2	35.3	5.0	12
2020103795	2024-03-23	5	114.0	0.5	2	1	1800	0	35.1	3.0	11
2020103795	2024-05-25	3	290.0	0.4	0	0	1600	0	36.1	3.0	16
2020103795	2024-06-22	10	0.0	1.7	0	0	1600	1	37.6	5.0	16
2020103795	2024-11-17	14	0.0	2.6	0	0	1600	0	39.8	3.0	16
2020103795	2024-12-14	4	192.5	0.3	0	1	1800	0	37.3	5.0	16
2020103795	2025-01-06	15	0.0	2.6	1	1	2000	0	38.5	3.0	15
2020103795	2025-09-06	5	155.0	1.6	0	1	2000	0	36.0	5.0	7
2020103795	2025-11-16	12	0.0	3.6	0	1	1800	0	37.3	3.0	13
2020103955	2022-12-24	4	110.0	0.2	0	1	1800	2	36.1	0.0	16
2020103955	2023-01-14	1	550.0	0.0	3	1	2000	0	36.6	1.0	17
2020103955	2023-02-18	8	0.0	1.7	0	1	2000	0	35.3	2.0	10
2020103955	2023-03-26	11	0.0	5.0	3	1	2000	3	44.1	2.0	11
2020103955	2023-07-09	5	80.0	0.2	0	1	2000	0	34.5	2.0	11
2020103955	2023-08-20	4	120.0	0.6	1	1	2000	2	37.1	2.0	16
2020103955	2023-09-16	3	200.0	0.3	0	1	2500	0	34.8	2.0	14
2020103955	2023-11-11	11	0.0	2.7	0	1	2600	0	39.2	2.0	12
2020103955	2023-12-16	15	0.0	2.2	0	1	2000	0	38.0	2.0	16
2020103955	2024-03-17	10	0.0	0.7	0	1	2000	0	36.3	2.0	13
2020103955	2024-04-21	6	0.0	0.4	0	1	2600	0	35.7	5.0	9
2020103955	2024-05-11	2	320.0	0.2	0	1	1800	0	35.9	2.0	8
2020103955	2024-07-07	1	1147.1	0.0	0	1	1800	0	35.3	2.0	16
2020103955	2024-08-11	11	0.0	2.0	0	1	1800	0	35.6	5.0	13
2020103955	2024-09-08	4	230.0	0.6	0	1	1800	0	33.3	5.0	9
2020103955	2024-09-29	7	0.0	0.5	1	1	1800	0	36.1	3.0	14
2020103955	2024-11-30	7	0.0	2.2	0	1	1800	0	35.4	3.0	7
2020103955	2025-03-02	2	628.2	0.0	0	1	1800	0	34.2	5.0	11
2020103955	2025-03-16	16	0.0	3.7	3	1	1800	1	39.8	5.0	16
2020103955	2025-04-20	8	0.0	1.0	1	1	2000	0	34.7	5.0	12
2020103955	2025-06-28	7	0.0	0.5	0	1	2000	0	35.5	5.0	8
2020103955	2025-07-19	14	0.0	1.4	0	1	1800	0	36.0	5.0	14
2020103955	2025-08-09	9	0.0	1.7	0	1	2000	2	35.4	5.0	11
2020103955	2025-10-26	13	0.0	1.6	3	1	2000	2	36.1	5.0	16
2020103955	2025-11-30	9	0.0	2.5	0	1	2000	0	35.7	3.0	9
2020104005	2022-07-10	12	0.0	2.4	0	1	1800	0	37.4	0.0	12
2020104005	2022-09-03	16	0.0	6.5	2	0	1700	2	43.8	1.0	16
2020104005	2022-11-20	12	0.0	3.7	1	1	1600	2	36.3	1.0	14
2020104005	2022-11-26	5	52.0	1.5	1	0	1200	2	38.4	1.0	13
2020104005	2022-12-24	7	0.0	2.5	0	0	1200	2	38.8	1.0	16
2020104005	2023-01-14	16	0.0	3.8	2	0	1200	1	40.9	1.0	16
2020104005	2023-03-18	7	0.0	2.9	3	0	1800	3	38.7	1.0	11
2020104005	2023-04-18	1	85.0	0.0	3	0	1500	1	38.3	1.0	8
2020104005	2023-06-03	12	0.0	2.9	0	0	1800	1	40.1	2.0	13
2020104005	2023-10-01	10	0.0	2.1	1	0	1800	3	40.3	2.0	12
2020104005	2023-10-28	6	0.0	1.1	2	0	1800	2	39.1	2.0	15
2020104005	2023-12-02	6	0.0	2.3	0	0	1800	0	38.7	2.0	12
2020104005	2024-01-18	6	0.0	2.1	3	0	1500	2	42.5	5.0	11
2020104005	2024-02-25	2	320.0	0.3	2	0	1800	3	37.7	2.0	10
2020104005	2024-03-09	10	0.0	2.3	1	0	1800	0	39.0	2.0	10
2020104005	2024-04-07	8	0.0	3.4	0	0	1800	0	39.0	2.0	9
2020104005	2024-05-23	1	200.0	0.0	1	0	1870	0	39.6	5.0	10
2020104005	2024-09-29	16	0.0	3.0	1	0	1900	1	40.5	3.0	16
2020104005	2024-10-26	14	0.0	2.7	0	0	1800	0	39.5	5.0	14
2020104005	2025-02-23	10	0.0	7.7	1	2	2860	0	14.0	1.0	12
2020104005	2025-04-13	9	0.0	5.6	3	2	2880	0	13.8	1.0	13
2020104005	2025-05-18	5	84.0	1.2	1	2	2890	2	13.4	1.0	13
2020104005	2025-08-03	10	0.0	4.2	0	2	2850	0	13.3	1.0	14
2020104005	2025-09-28	5	84.0	1.9	0	2	2970	0	13.9	1.0	12
2020104005	2025-11-01	3	210.0	0.8	1	2	2910	2	13.7	1.0	11
2020104005	2025-11-30	5	84.0	3.7	0	2	2910	0	14.0	1.0	9
2020104005	2025-12-28	7	0.0	2.4	0	2	2970	0	13.9	1.0	14
2020104164	2022-07-02	2	280.0	0.2	1	1	1200	2	36.1	0.0	8
2020104164	2022-07-17	3	130.0	0.5	2	1	1200	2	37.4	1.0	8
2020104164	2022-07-30	1	520.0	0.0	0	0	1000	0	35.4	1.0	7
2020104164	2023-01-15	6	0.0	1.3	0	0	1200	2	37.1	2.0	11
2020104164	2023-01-28	5	78.0	0.3	0	0	1400	0	38.4	2.0	13
2020104164	2023-02-25	8	0.0	1.2	0	0	1200	2	37.3	2.0	16
2020104164	2023-07-02	13	0.0	1.2	0	1	1200	0	35.3	2.0	18
2020104164	2023-08-13	5	80.0	0.6	0	0	1000	0	35.7	2.0	14
2020104164	2023-10-15	4	120.0	0.4	3	0	1200	1	37.2	2.0	15
2020104164	2023-10-28	8	0.0	0.8	1	0	1200	1	36.9	2.0	11
2020104164	2024-02-25	4	120.0	0.6	0	0	1000	1	35.2	2.0	14
2020104164	2024-03-03	1	800.0	0.0	1	0	1000	2	35.3	2.0	14
2020104164	2024-07-13	10	0.0	1.3	1	0	1000	0	35.4	5.0	14
2020104164	2024-09-07	8	0.0	1.1	0	0	1200	0	36.7	3.0	11
2020104164	2024-11-03	6	0.0	1.7	0	0	1400	1	39.0	3.0	9
2020104164	2025-02-01	2	628.6	0.7	3	0	1000	1	34.7	5.0	14
2020104164	2025-02-16	4	230.0	0.6	0	0	1000	0	34.9	5.0	14
2020104164	2025-03-02	9	0.0	1.0	1	0	1200	0	37.2	3.0	16
2020104164	2025-06-14	10	0.0	2.2	3	0	1200	1	36.6	5.0	16
2020104164	2025-08-30	10	0.0	1.2	0	0	1200	0	37.0	5.0	16
2020104164	2025-11-22	6	0.0	0.8	0	0	1150	0	37.1	3.0	16
2020104194	2022-09-18	3	180.0	0.3	3	1	1200	0	33.3	0.0	16
2020104194	2022-10-08	3	130.0	0.1	1	1	1400	2	34.6	1.0	16
2020104194	2022-10-22	1	520.0	0.0	1	1	1200	0	33.7	1.0	10
2020104194	2023-01-21	1	1087.5	0.0	0	1	1200	2	34.9	2.0	8
2020104194	2023-03-12	4	780.0	0.2	0	1	1400	0	35.2		18
2020104194	2024-02-03	9	0.0	1.2	0	1	1200	0	36.3	3.0	12
2020104194	2024-02-24	3	290.0	0.4	0	1	1200	0	34.4	3.0	10
2020104194	2024-03-24	1	1140.0	0.0	1	1	1200	0	33.8	3.0	13
2020104194	2024-04-28	10	0.0	0.6	0	1	1200	0	32.9	4.0	18
2020104194	2025-01-06	15	0.0	1.2	1	1	1200	0	35.5	4.0	16
2020104194	2025-02-15	7	0.0	0.6	1	1	1200	0	34.8	4.0	18
2020104194	2025-03-02	11	0.0	0.9	0	1	1200	0	34.7	4.0	16
2020104194	2025-03-29	11	0.0	1.0	3	0	1200	2	37.8	4.0	16
2020104194	2025-06-22	8	0.0	0.4	2	1	1200	1	34.6	4.0	15
2020104194	2025-07-05	10	0.0	0.6	0	1	1200	2	34.5	4.0	14
2020104194	2025-07-26	2	747.4	0.2	2	1	1200	0	33.6	4.0	12
2020104194	2025-09-27	2	750.6	0.0	0	1	1200	0	33.6	4.0	16
2020104194	2025-10-18	3	465.5	0.7	1	1	1200	0	34.1	4.0	18
2020104194	2025-11-23	7	0.0	0.5	0	1	1200	0	33.3	4.0	16
2020104194	2025-12-07	5	184.0	0.3	0	1	1200	0	33.8	4.0	12
2020104287	2022-12-18	2	280.0	1.1	0	0	1200	0	38.5	0.0	13
2020104287	2023-02-05	4	83.0	0.5	0	0	1200	0	37.1	1.0	16
2020104287	2023-05-06	11	0.0	2.1	2	0	1200	0	38.7	1.0	15
2020104287	2023-06-04	1	550.0	0.0	0	0	1200	2	37.5	1.0	16
2020104287	2023-06-17	13	0.0	1.6	0	0	1200	0	38.3	2.0	16
2020104287	2023-09-18	3	200.0	0.4	0	0	1200	0	36.8	2.0	16
2020104287	2023-10-09	3	200.0	0.2	1	0	1200	1	37.1	2.0	16
2020104287	2023-12-16	2	320.0	0.0	3	0	1200	2	35.8	2.0	16
2020104287	2024-01-13	4	120.0	0.5	1	0	1200	0	37.6	2.0	16
2020104287	2024-03-10	3	200.0	0.5	0	0	1200	0	37.5	2.0	16
2020104287	2024-04-06	3	200.0	0.6	0	0	1200	2	36.4	2.0	16
2020104287	2024-04-27	1	800.0	0.0	1	0	1200	0	35.8	2.0	14
2020104287	2024-05-26	8	0.0	0.6	0	0	1200	0	36.2	3.0	15
2020104287	2024-10-06	2	460.0	0.3	0	0	1200	0	36.5	3.0	15
2020104287	2024-11-03	5	114.0	0.6	0	0	1200	1	36.7	3.0	12
2020104287	2024-11-17	4	170.0	0.9	1	0	1200	0	36.2	3.0	16
2020104287	2024-12-14	3	395.3	0.3	1	0	1200	0	35.8	5.0	16
2020104287	2025-02-09	7	0.0	0.6	0	0	1200	2	36.8	3.0	16
2020104287	2025-03-30	10	0.0	1.4	1	0	1200	0	36.8	3.0	14
2020104287	2025-10-12	11	0.0	2.0	2	0	1200	0	36.3	5.0	14
2020104287	2025-12-27	7	0.0	0.9	0	0	1400	2	37.9	3.0	16
2020104561	2022-08-14	6	0.0	1.0	0	1	1800	0	34.5	0.0	13
2020104561	2022-11-05	10	0.0	1.1	0	1	1600	0	34.1	1.0	11
2020104561	2022-11-19	3	130.0	0.3	0	0	1800	0	38.0	1.0	11
2020104561	2022-12-10	3	130.0	0.2	0	0	1800	0	36.4	1.0	11
2020104561	2023-03-19	2	220.0	0.4	0	0	1800	1	37.2	1.0	14
2020104561	2023-04-08	2	220.0	0.1	1	0	1700	0	38.4	1.0	15
2020104561	2023-04-29	1	550.0	0.0	1	0	1800	0	37.3	1.0	12
2020104561	2023-09-18	1	800.0	0.0	0	0	1800	0	38.9	2.0	13
2020104561	2024-01-08	11	0.0	1.4	0	0	1800	0	39.8	5.0	15
2020104561	2024-08-10	6	0.0	0.7	0	0	1800	0	38.0	5.0	16
2020104561	2024-08-31	11	0.0	2.0	2	0	1400	3	38.2	5.0	15
2020104561	2024-12-07	14	0.0	4.3	0	0	1900	0	41.8	5.0	14
2020104561	2024-12-15	8	0.0	1.6	0	0	1800	0	37.9	5.0	11
2020104561	2025-01-18	8	0.0	0.7	0	0	1800	0	37.0	5.0	16
2020104561	2025-04-19	2	630.2	0.2	0	0	1400	0	36.4	5.0	16
2020104561	2025-05-11	8	0.0	0.9	1	0	1400	2	36.1	3.0	16
2020104561	2025-05-24	7	0.0	1.0	3	0	1400	2	35.2	3.0	13
2020104561	2025-07-26	2	630.4	0.5	0	0	1400	0	36.1	5.0	16
2020104561	2025-08-17	6	0.0	0.8	0	0	1400	0	36.1	5.0	16
2020104561	2025-09-07	11	0.0	1.3	0	0	1400	0	36.8	3.0	12
2020104561	2026-01-11	6	0.0	0.6	5	0	1400	0	35.9	3.0	16
2020104616	2022-05-19	6	0.0	2.4	3	0	1100	0	42.7	0.0	11
2020104616	2022-06-09	6	0.0	1.3	0	0	1000	0	39.8	1.0	12
2020104616	2022-07-05	5	3.5	1.2	0	0	1000	2	36.9	1.0	10
2020104616	2022-07-19	1	50.0	0.0	0	0	1000	2	37.2	1.0	9
2020104616	2022-08-16	11	0.0	2.3	1	0	1000	3	39.6	1.0	12
2020104616	2022-09-01	6	0.0	1.3	1	0	1000	1	38.1		11
2020104616	2022-09-14	9	0.0	2.0	0	0	1200	0	42.1		12
2020104616	2022-09-27	4	8.4	1.4	0	0	1200	2	40.5		8
2020104616	2022-10-12	8	0.0	1.0	0	0	1200	1	38.2		11
2020104616	2022-10-27	3	12.6	0.9	0	0	1000	0	37.3		11
2020104616	2022-11-10	5	7.0	1.9	0	0	1200	2	39.7	5.0	10
2020104616	2022-12-14	6	0.0	2.7	0	0	1400	0	42.9	5.0	7
2020104616	2023-01-31	9	0.0	3.7	0	0	1400	0	44.0		10
2020104616	2023-03-03	2	64.0	0.1	0	0	900	0	38.8		12
2020104616	2023-04-03	2	64.0	0.1	0	0	900	0	39.1		12
2020104616	2023-04-25	1	140.0	0.0	1	0	1400	0	39.4		12
2020104616	2023-05-17	1	210.0	0.0	0	0	900	2	38.4		11
2020104616	2023-06-15	2	84.0	0.1	3	0	900	2	38.1		12
2020104616	2023-06-27	15	0.0	4.5	1	0	1200	0	40.2	18.0	16
2020104616	2023-07-05	2	48.0	0.1	1	0	900	0	37.6	11.0	10
2020104616	2023-08-27	8	0.0	0.7	0	0	1000	0	35.8	2.0	14
2020104616	2024-03-03	11	0.0	1.1	1	0	1000	2	36.7	2.0	14
2020104616	2024-06-15	8	0.0	1.4	0	0	1000	0	36.2	2.0	11
2020104616	2024-06-23	6	0.0	0.9	0	1	1200	0	35.8	2.0	9
2020104616	2024-07-07	3	200.0	0.2	1	1	1200	2	35.9	2.0	9
2020104616	2024-07-28	6	0.0	0.2	1	1	1200	2	35.1	2.0	14
2020104616	2024-08-25	14	0.0	1.4	0	1	1200	0	35.5	5.0	15
2020104616	2024-09-07	13	0.0	2.6	0	0	1200	0	38.2	2.0	14
2020104616	2025-01-26	10	0.0	0.6	0	1	1200	0	35.8	5.0	18
2020104616	2025-03-02	1	800.0	0.0	3	1	1200	1	36.1	2.0	17
2020104616	2025-03-30	1	1140.0	0.0	0	1	1200	0	34.8	3.0	13
2020104616	2025-05-04	4	280.0	0.5	0	1	1200	0	33.8	4.0	13
2020104616	2025-06-29	4	280.0	0.3	0	1	1200	0	34.9	4.0	13
2020104616	2025-07-19	3	465.2	0.1	1	1	1200	0	34.7	4.0	17
2020104616	2025-10-18	14	0.0	1.5	1	1	1200	0	34.3	4.0	18
2020104616	2025-11-23	3	464.9	0.0	0	1	1200	0	33.6	4.0	16
2020104616	2025-12-07	7	0.0	0.6	0	1	1200	0	34.8	4.0	12
2020104725	2022-09-10	6	0.0	1.6	0	1	2000	0	38.2	0.0	8
2020104725	2022-09-18	2	210.0	1.0	3	0	1800	0	41.4	1.0	7
2020104725	2022-10-15	2	210.0	0.2	1	0	1800	0	39.1	1.0	15
2020104725	2022-10-29	2	210.0	0.3	1	0	1800	2	40.3	1.0	11
2020104725	2022-12-03	2	210.0	0.0	0	0	1800	0	38.4	1.0	14
2020104725	2022-12-28	3	130.0	0.3	0	0	1800	0	39.3	1.0	16
2020104725	2023-01-07	2	220.0	0.1	0	0	1900	0	39.6	1.0	13
2020104725	2023-01-29	2	220.0	0.5	0	0	2100	0	37.5	1.0	16
2020104725	2023-02-19	3	140.0	0.3	1	0	2100	2	38.9	1.0	15
2020104725	2023-04-30	4	83.0	0.9	1	0	2100	0	38.8	1.0	16
2020104725	2024-12-15	3	200.0	0.1	0	0	1900	0	37.4	2.0	15
2020104725	2025-01-19	5	80.0	0.7	1	0	1800	0	38.7	2.0	13
2020104725	2025-02-02	2	320.0	0.3	3	0	2100	2	38.1	2.0	14
2020104725	2025-05-24	2	320.0	0.1	3	0	1800	2	37.9	2.0	16
2020104725	2025-10-13	8	0.0	1.4	1	0	1900	0	39.7	2.0	13
2020104725	2025-12-14	2	450.6	0.1	0	0	1800	2	39.3	5.0	12
2020104725	2026-01-12	2	330.0	0.0	0	0	1900	0	37.2	2.0	15
2020104764	2022-07-31	1	700.0	0.0	0	1	2000	0	35.4	0.0	6
2020104764	2022-08-13	3	402.8	0.3	1	1	1800	0	36.0	5.0	9
2020104764	2022-09-03	8	0.0	1.1	0	1	1800	0	36.6		14
2020104764	2022-12-10	9	0.0	1.0	0	1	2000	0	35.9	2.0	13
2020104764	2023-02-05	5	107.0	0.8	0	1	2400	0	35.8	2.0	10
2020104764	2023-03-11	6	0.0	0.5	0	1	2400	0	35.5	2.0	12
2020104764	2023-04-29	2	435.6	0.0	1	1	2200	0	34.7	2.0	8
2020104764	2023-06-10	5	111.0	1.2	1	1	2400	0	35.9	5.0	8
2020104764	2023-07-01	2	446.0	0.1	1	1	2600	2	36.3	5.0	10
2020104764	2023-07-29	9	0.0	1.2	1	1	2600	0	37.0	5.0	14
2020104764	2023-08-12	7	0.0	1.3	0	1	2600	0	38.5	2.0	13
2020104764	2024-01-27	10	0.0	1.6	0	1	2600	0	38.3	5.0	14
2020104764	2024-02-24	7	0.0	2.7	0	0	1800	2	40.6	2.0	11
2020104764	2024-03-17	1	800.0	0.0	1	1	2400	0	35.1	2.0	8
2020104764	2024-04-06	6	0.0	0.6	0	1	2400	0	34.4	5.0	10
2020104764	2024-07-07	6	0.0	2.0	1	1	2600	2	38.7	5.0	10
2020104764	2024-07-28	4	230.0	0.5	1	1	2600	2	36.8	5.0	12
2020104764	2024-08-17	14	0.0	1.9	1	1	2600	0	37.9	3.0	14
2020104764	2025-01-06	3	605.3	0.6	3	1	3000	2	40.6	5.0	17
2020104764	2025-02-01	9	0.0	3.1	1	1	2400	0	39.6	5.0	10
2020104764	2025-02-15	14	0.0	1.6	1	1	2000	0	37.2	5.0	15
2020104764	2025-03-30	10	0.0	2.2	1	1	2000	0	37.6	3.0	11
2020104764	2025-04-12	2	625.8	0.5	0	1	2400	0	37.1	5.0	9
2020104764	2025-07-06	6	0.0	7.1	0	1	2600	0	43.9	3.0	7
2020104764	2026-01-05	9	0.0	3.0	0	1	3000	0	36.2	5.0	9
2020104791	2022-12-18	1	700.0	0.0	0	1	1400	0	34.9	0.0	18
2020104791	2023-01-15	8	0.0	1.0	1	1	1400	2	35.1		10
2020104791	2023-03-12	11	0.0	0.6	0	1	1400	0	34.7		18
2020104791	2023-04-02	5	78.0	0.9	0	1	1600	0	35.1	2.0	12
2020104791	2023-07-08	9	0.0	0.8	1	1	1600	0	35.9	2.0	16
2020104791	2023-08-19	4	120.0	0.2	0	1	1800	0	33.8	2.0	14
2020104791	2023-09-02	12	0.0	0.9	1	1	1600	0	33.2	2.0	18
2020104791	2024-02-11	4	120.0	0.3	0	1	1800	0	36.5	2.0	13
2020104791	2024-03-09	5	80.0	0.2	0	1	1400	0	35.6	2.0	18
2020104791	2024-08-24	6	0.0	0.8	0	1	1400	0	34.1	2.0	18
2020104791	2024-09-16	10	0.0	0.6	1	1	1400	0	34.3	2.0	18
2020104791	2024-11-17	3	200.0	0.2	1	0	1400	0	37.2	2.0	16
2020104791	2024-12-01	4	120.0	0.6	0	0	1400	0	37.1	2.0	16
2020104791	2025-01-13	1	800.0	0.0	0	0	1400	0	38.1	2.0	16
2020104791	2025-01-25	10	0.0	1.3	0	0	1400	0	37.0	3.0	16
2020104791	2025-03-30	15	0.0	1.8	0	0	1400	0	37.8	5.0	16
2020104791	2025-05-11	7	0.0	0.4	1	0	1800	2	39.6	5.0	15
2020104791	2025-07-12	4	230.0	0.5	0	0	1700	0	39.3	5.0	13
2020104791	2025-07-19	8	0.0	1.9	1	0	1700	1	37.6	5.0	16
2020104791	2025-08-10	9	0.0	1.9	1	0	1800	0	38.3	5.0	12
2020104791	2025-10-12	12	0.0	1.6	2	0	1800	0	37.6	3.0	14
2020104791	2025-12-07	10	0.0	1.8	0	0	1800	0	38.7	5.0	16
2020104864	2022-12-04	3	180.0	0.2	0	0	1800	0	38.9	0.0	15
2020104864	2023-02-26	6	0.0	1.4	0	0	1800	0	40.0	1.0	16
2020104864	2023-03-26	2	220.0	0.0	2	0	1800	3	38.1	1.0	16
2020104864	2023-04-16	9	0.0	2.6	0	0	1700	2	38.5	1.0	15
2020104864	2023-08-13	2	220.0	0.2	0	0	1800	0	38.2	1.0	15
2020104864	2023-09-03	1	550.0	0.0	0	0	1800	0	39.2	1.0	15
2020104864	2023-10-22	2	320.0	0.1	0	0	1800	2	36.6	2.0	10
2020104864	2023-11-26	7	0.0	1.0	1	0	1400	0	37.6	2.0	16
2020104864	2024-02-25	1	800.0	0.0	0	0	1700	2	36.7	2.0	11
2020104864	2024-03-02	2	631.8	0.1	0	0	1700	2	37.8	5.0	16
2020104864	2024-06-22	5	155.0	0.7	0	0	1400	1	36.4	5.0	16
2020104864	2024-07-07	3	393.3	1.0	0	0	1700	0	37.4	3.0	10
2020104864	2024-11-03	5	155.0	1.4	0	0	1700	1	37.7	3.0	15
2020104864	2024-11-24	12	0.0	1.8	0	0	1400	0	37.3	3.0	16
2020104864	2025-02-09	7	0.0	1.0	0	0	1700	2	38.0	5.0	16
2020104864	2025-06-22	14	0.0	1.6	1	0	1700	1	38.6	5.0	14
2020104864	2025-09-20	14	0.0	2.0	1	0	1200	1	37.7	3.0	16
2020104864	2026-01-17	4	180.0	0.4	0	0	1200	0	36.4	3.0	16
2020104960	2022-06-18	11	0.0	2.0	1	1	1400	0	35.8	0.0	16
2020104960	2022-07-03	6	0.0	0.8	1	1	1200	2	36.5	1.0	11
2020104960	2022-07-17	4	78.0	0.7	2	1	1200	2	37.0	1.0	8
2020104960	2022-08-14	4	78.0	0.3	1	1	1200	2	35.0	1.0	17
2020104960	2022-09-04	2	210.0	0.5	0	1	1400	0	36.1	1.0	18
2020104960	2022-10-16	2	210.0	0.5	0	1	1200	0	34.5	1.0	16
2020104960	2022-11-06	2	210.0	0.4	0	1	1200	0	35.4	1.0	16
2020104960	2022-11-19	1	520.0	0.0	0	1	1200	0	35.7	1.0	16
2020104960	2022-12-17	7	0.0	1.7	2	1	1200	0	34.6	5.0	10
2020104960	2022-12-24	11	0.0	1.0	0	0	1200	2	36.8	2.0	16
2020104960	2023-01-15	4	120.0	1.1	0	0	1200	2	36.7	2.0	11
2020104960	2023-02-04	8	0.0	0.8	0	0	1400	0	36.5	2.0	11
2020104960	2023-03-04	10	0.0	1.2	0	0	1200	0	37.5	2.0	16
2020104960	2023-03-19	7	0.0	0.8	0	0	1200	3	36.1	2.0	16
2020104960	2023-04-23	11	0.0	1.4	0	0	1400	0	37.3	2.0	16
2020104960	2023-07-02	13	0.0	1.6	0	1	1200	0	35.3	2.0	16
2020104960	2023-07-08	13	0.0	1.5	1	1	1200	0	34.8	5.0	13
2020104960	2023-09-30	11	0.0	2.4	0	0	1200	0	37.5	2.0	16
2020104960	2023-11-26	12	0.0	1.3	1	0	1400	0	37.8	2.0	16
2020104960	2023-12-12	4	60.0	1.6	1	0	1500	2	41.9	13.0	12
2020104960	2024-01-21	4	120.0	0.8	1	0	1400	1	35.8	2.0	14
2020104960	2024-02-10	5	80.0	0.3	1	0	1200	0	35.8	2.0	16
2020104960	2024-03-02	4	120.0	0.5	1	0	1200	1	36.8	2.0	16
2020104960	2024-09-28	9	0.0	0.8	1	0	1200	0	36.7	2.0	16
2020104960	2024-10-14	6	0.0	0.8	0	0	1200	0	36.7	2.0	8
2020104960	2024-10-27	4	120.0	0.8	0	0	1200	0	35.7	2.0	11
2020104960	2024-12-14	12	0.0	2.0	0	0	1200	0	35.4	2.0	16
2020104960	2025-01-26	11	0.0	1.3	0	0	1200	0	37.4	3.0	14
2020104960	2025-02-10	5	80.0	0.7	0	0	1200	0	35.7	2.0	16
2020104960	2025-03-01	1	800.0	0.0	0	0	1200	0	36.5	2.0	16
2020104960	2025-03-22	14	0.0	1.5	0	0	1200	2	36.4	3.0	16
2020104960	2025-04-06	12	0.0	1.6	0	0	1200	2	35.6	3.0	15
2020104960	2025-06-22	10	0.0	2.0	0	0	1400	0	36.7	5.0	16
2020104960	2025-07-13	8	0.0	1.8	0	1	1200	0	35.0	3.0	9
2020104960	2025-09-27	15	0.0	1.4	0	0	1200	0	35.8	3.0	16
2020104960	2025-10-25	9	0.0	1.1	3	0	1400	2	35.3	3.0	13
2020104960	2025-11-08	10	0.0	1.9	0	0	1400	0	36.9	5.0	16
2020104960	2025-12-06	15	0.0	1.3	0	0	1400	0	36.5	3.0	16
2020104960	2025-12-20	9	0.0	0.7	2	0	1400	2	37.0	3.0	16
2020104960	2026-01-17	10	0.0	0.9	0	0	1200	0	36.6	3.0	16
2020105350	2022-08-31	3	46.2	2.1	3	0	1100	3	39.0	0.0	8
2020105350	2022-09-15	6	0.0	2.0	0	0	1700	0	42.3	1.0	12
2020105350	2022-09-29	1	50.0	0.0	0	0	1700	0	42.2	1.0	8
2020105350	2022-10-26	8	0.0	1.3	0	0	1700	0	42.1		10
2020105350	2023-01-02	3	45.0	0.3	0	0	1400	0	42.3		11
2020105350	2023-01-30	2	72.0	0.0	0	0	1400	0	40.2	5.0	9
2020105350	2023-02-27	2	84.0	0.5	0	0	1500	0	41.2	5.0	13
2020105350	2023-04-06	3	52.5	0.5	0	0	1600	0	41.7	5.0	14
2020105350	2023-04-25	1	250.0	0.0	1	0	1400	0	38.3	5.0	11
2020105350	2023-05-18	2	200.0	1.2	1	0	2000	0	41.4	5.0	8
2020105350	2023-06-15	6	0.0	2.6	3	0	1500	1	41.6	12.0	12
2020105350	2023-07-03	9	0.0	4.2	1	0	1600	0	43.8	5.0	9
2020105350	2023-07-29	6	0.0	1.5	0	0	1600	0	40.3	5.0	11
2020105350	2023-08-23	6	0.0	0.8	0	0	1500	0	40.7	5.0	12
2020105350	2023-09-11	4	52.5	0.9	0	0	1600	0	41.0	5.0	9
2020105350	2023-10-10	5	50.0	2.9	1	0	2000	3	41.6	5.0	12
2020105350	2023-11-09	1	240.0	0.0	0	0	1600	0	40.6	12.0	14
2020105350	2023-12-13	7	0.0	1.1	0	0	1600	2	41.4	13.0	14
2020105350	2024-01-03	5	27.0	0.7	0	0	1400	0	39.3	5.0	10
2020105350	2024-01-30	2	200.0	1.1	0	0	1600	0	40.2	12.0	14
2020105350	2024-03-13	11	0.0	2.0	0	0	1500	1	42.8	13.0	14
2020105350	2024-04-01	7	0.0	2.9	1	0	2000	1	41.6	17.0	8
2020105350	2024-04-19	4	52.5	0.5	0	0	1500	0	37.5	5.0	12
2020105350	2024-05-10	5	30.0	0.6	0	0	1600	0	41.2	14.0	14
2020105350	2024-05-20	3	87.5	1.5	0	0	1400	3	39.1	5.0	12
2020105350	2024-06-11	3	67.5	0.3	0	0	1500	2	39.1	5.0	13
2020105350	2024-07-05	3	67.5	1.0	0	0	1600	0	38.9	5.0	5
2020105350	2024-07-23	4	40.5	0.5	0	0	1600	2	41.6	5.0	10
2020105350	2024-08-09	7	0.0	1.4	0	0	1600	0	40.5	13.0	13
2020105350	2024-09-02	9	0.0	1.9	0	0	1500	1	41.9	5.0	13
2020105350	2024-10-10	12	0.0	3.8	1	0	1500	1	42.2	13.0	13
2020105350	2024-10-25	6	0.0	1.3	1	0	1400	0	38.3	5.0	11
2020105350	2024-11-12	6	0.0	0.9	0	0	1600	2	41.4	5.0	14
2020105350	2024-12-09	9	0.0	1.6	0	0	1600	0	41.1	5.0	14
2020105350	2025-01-01	11	0.0	2.4	0	0	1600	0	41.7	14.0	14
2020105350	2025-02-07	4	40.5	0.4	0	0	1600	0	40.9	5.0	13
2020105350	2025-03-05	7	0.0	2.0	3	0	1500	3	41.9	13.0	14
2020105350	2025-04-07	8	0.0	1.7	0	0	1500	2	40.0	5.0	12
2020105350	2025-04-22	10	0.0	2.5	1	0	1500	0	40.8	5.0	12
2020105350	2025-05-16	11	0.0	1.7	0	0	1600	2	41.6	14.0	14
2020105350	2025-05-30	8	0.0	2.1	1	0	1500	3	37.2	5.0	11
2020105350	2025-07-27	14	0.0	1.9	0	0	1200	0	37.1	5.0	15
2020105350	2025-09-20	9	0.0	3.0	1	1	2500	0	35.2	5.0	9
2020105350	2025-11-02	7	0.0	0.5	1	0	1600	1	35.6	5.0	13
2020105350	2025-11-23	12	0.0	1.2	1	0	1600	0	35.8	3.0	16
2020105350	2025-12-28	8	0.0	2.7	0	0	1800	0	39.8	3.0	13
2020105350	2026-01-18	4	180.0	1.3	0	0	1800	0	39.3	3.0	16
2020105365	2022-11-27	7	0.0	1.5	0	1	1800	0	33.7	0.0	16
2020105365	2023-01-08	9	0.0	1.5	0	1	2200	0	37.6	1.0	17
2020105365	2023-02-19	3	140.0	0.7	2	1	1800	2	36.3	1.0	17
2020105365	2023-03-11	2	220.0	0.0	0	1	1400	0	35.2	1.0	18
2020105365	2023-04-08	3	140.0	0.6	1	1	1200	0	35.5	1.0	16
2020105365	2023-05-06	1	550.0	0.0	1	1	1200	2	34.8	1.0	16
2020105365	2023-08-12	1	800.0	0.0	0	1	1200	0	34.6	2.0	16
2020105365	2023-08-26	1	1586.4	0.0	0	1	1200	0	34.9	3.0	14
2020105365	2023-10-14	9	0.0	0.8	0	1	1400	0	34.0	4.0	12
2020105365	2023-11-18	6	0.0	0.4	0	1	1200	2	36.0	4.0	16
2020105365	2024-03-09	5	184.0	0.3	0	1	1200	2	36.0	4.0	16
2020105365	2024-04-06	10	0.0	0.7	1	1	1200	2	35.4	4.0	15
2020105365	2024-06-16	3	464.9	0.2	3	1	1200	0	34.4	4.0	16
2020105365	2024-06-29	4	280.0	0.2	0	1	1200	0	34.5	4.0	16
2020105365	2024-07-20	15	0.0	0.6	0	1	1200	0	33.8	4.0	16
2020105365	2024-09-22	17	0.0	2.8	1	1	1200	2	34.3	4.0	17
2020105365	2024-10-19	10	0.0	0.9	3	1	1200	2	34.8	4.0	17
2020105365	2025-02-01	8	0.0	0.5	3	1	1200	1	36.0	4.0	18
2020105365	2025-03-02	7	0.0	0.6	0	1	1200	0	33.7	4.0	16
2020105365	2025-03-30	11	0.0	0.6	0	1	1200	0	34.7	4.0	16
2020105365	2025-04-27	10	0.0	0.4	0	1	1400	0	33.6	4.0	15
2020105365	2025-06-22	12	0.0	0.6	2	1	1200	1	34.0	4.0	15
2020105365	2025-11-02	12	0.0	4.5	1	0	1300	1	37.9	4.0	12
2020105365	2026-01-05	7	0.0	0.6	0	1	1200	0	34.1	4.0	14
2020105494	2022-07-16	9	0.0	2.7	1	1	1800	1	36.4	0.0	13
2020105494	2022-08-06	4	78.0	0.8	0	1	2000	0	35.5	1.0	9
2020105494	2022-09-04	2	210.0	0.1	0	1	2000	0	35.2	1.0	13
2020105494	2022-10-15	4	78.0	0.7	1	1	2000	0	35.8	1.0	7
2020105494	2022-11-12	1	520.0	0.0	0	1	1600	0	34.6	1.0	12
2020105494	2023-01-05	2	809.0	0.7	0	1	1600	0	36.2		13
2020105494	2023-02-19	7	0.0	1.4	1	1	1600	0	36.1	2.0	12
2020105494	2023-04-01	2	310.0	0.2	0	1	1600	0	34.7	2.0	14
2020105494	2023-04-29	1	780.0	0.0	0	1	1600	0	33.7	2.0	13
2020105494	2023-06-10	4	230.0	0.3	1	1	1600	0	33.1	5.0	10
2020105494	2023-08-27	5	155.0	0.4	0	1	1600	0	32.8	5.0	17
2020105494	2023-10-15	1	1580.8	0.0	1	1	1600	1	34.0	5.0	14
2020105494	2023-11-19	5	184.0	0.5	0	1	1600	0	32.9	4.0	9
2020105494	2024-01-28	3	464.4	0.2	1	1	1600	0	33.6	4.0	14
2020105494	2024-02-24	2	746.8	0.8	0	1	1600	2	34.4	4.0	11
2020105494	2024-05-05	3	463.6	0.3	0	1	1600	0	34.2	4.0	12
2020105494	2024-05-26	5	184.0	0.7	0	1	1800	0	35.1	4.0	10
2020105494	2025-01-19	7	0.0	1.1	1	1	1600	0	34.3	4.0	12
2020105494	2025-02-16	9	0.0	0.3	1	1	1600	0	33.7	4.0	16
2020105494	2025-05-10	3	464.6	0.0	1	1	1600	2	32.9	4.0	15
2020105494	2025-06-01	3	465.4	0.3	0	1	1800	0	34.7	4.0	18
2020105494	2025-08-10	9	0.0	0.7	3	1	1800	1	34.4	4.0	14
2020105494	2025-11-01	11	0.0	1.0	1	1	1600	0	33.2	4.0	12
2020105494	2025-11-23	14	0.0	1.0	0	1	1600	0	34.5	4.0	17
2020105749	2022-08-14	2	280.0	0.1	1	1	1800	2	33.6	0.0	15
2020105749	2022-09-11	2	210.0	0.1	1	1	2000	0	34.7	1.0	9
2020105749	2022-12-04	1	520.0	0.0	0	1	2000	0	35.3	1.0	16
2020105749	2023-06-18	1	800.0	0.0	0	1	1800	0	34.3	2.0	15
2020105749	2023-07-02	11	0.0	1.0	0	1	1800	0	35.4		16
2020105749	2023-08-05	2	628.0	0.2	0	1	2000	0	33.1	5.0	13
2020105749	2023-10-01	1	1587.1	0.0	1	1	2000	0	34.4	3.0	15
2020105749	2023-10-28	4	280.0	0.4	3	1	2000	3	35.8	4.0	12
2020105749	2023-11-26	2	748.0	0.3	1	1	2000	0	33.3	4.0	13
2020105749	2024-02-18	3	462.8	0.2	0	1	2000	0	33.1	4.0	9
2020105749	2024-03-17	2	751.0	0.2	0	1	1800	0	34.0	4.0	16
2020105749	2024-04-27	8	0.0	0.9	1	1	2000	0	33.9	4.0	13
2020105749	2024-06-22	1	1871.5	0.0	0	1	1800	0	33.8	4.0	13
2020105749	2024-11-30	6	0.0	1.0	0	1	2000	0	35.9		15
2020105749	2025-01-05	2	1718.0	0.2	1	1	2000	0	34.6		18
2020105749	2025-02-01	2	1107.8	0.2	1	1	2000	0	34.2		13
2020105749	2025-03-16	7	0.0	1.3	2	1	2000	1	37.1		10
2020105749	2025-06-29	12	0.0	1.7	0	1	2000	0	36.5		14
2020105749	2025-10-13	5	280.0	0.6	1	1	2000	0	34.4		18
2020105749	2025-12-13	8	0.0	0.7	0	1	2000	0	34.1		18
2020105749	2026-01-04	8	0.0	0.4	0	1	2000	0	34.7		14
2020106101	2022-10-01	3	180.0	1.4	0	0	1200	0	37.2	0.0	16
2020106101	2022-10-22	4	78.0	0.6	1	0	1600	0	38.7	1.0	13
2020106101	2022-12-24	2	210.0	0.0	0	0	1200	2	37.1	1.0	16
2020106101	2023-01-14	1	550.0	0.0	1	0	1200	0	37.3	1.0	16
2020106101	2023-04-16	7	0.0	0.8	0	0	1200	1	37.1	2.0	16
2020106101	2023-05-13	4	120.0	0.6	2	0	1400	2	35.5	2.0	16
2020106101	2023-09-24	11	0.0	1.8	0	0	1200	2	38.4	2.0	16
2020106101	2023-10-15	7	0.0	0.8	2	0	1300	3	36.7	2.0	16
2020106101	2024-01-14	11	0.0	1.5	0	0	1200	2	38.6	2.0	15
2020106101	2024-03-09	10	0.0	0.4	0	1	1400	0	35.9	2.0	18
2020106101	2024-05-05	8	0.0	0.5	0	1	1400	0	35.7	2.0	16
2020106101	2024-06-01	16	0.0	1.1	0	1	1400	0	34.3	2.0	18
2020106101	2024-07-27	5	80.0	1.0	1	0	1000	0	36.1	2.0	12
2020106101	2024-08-10	8	0.0	0.5	0	0	1000	0	36.1	2.0	12
2020106101	2024-09-14	4	120.0	0.6	0	0	1200	0	37.0	2.0	16
2020106101	2024-10-26	7	0.0	0.7	0	0	1200	0	37.6	2.0	11
2020106101	2024-12-08	10	0.0	1.2	0	0	1200	0	39.3	2.0	16
2020106101	2025-02-22	3	200.0	0.6	1	0	1400	0	36.2	2.0	16
2020106101	2025-03-15	1	800.0	0.0	1	0	1400	0	37.2	2.0	15
2020106101	2025-05-10	12	0.0	1.4	0	0	1400	1	36.9	3.0	16
2020106101	2025-06-07	10	0.0	0.9	0	1	1400	0	34.1	5.0	15
2020106101	2025-08-23	9	0.0	0.8	0	0	1200	0	36.6	5.0	15
2020106896	2022-09-04	3	180.0	0.1	0	1	1800	0	35.2	0.0	11
2020106896	2022-09-24	6	0.0	0.9	0	1	2000	2	35.4	1.0	11
2020106896	2022-12-17	1	520.0	0.0	1	0	1800	0	39.4	1.0	16
2020106896	2023-01-29	3	274.3	0.6	1	0	1700	1	38.4	2.0	14
2020106896	2023-02-18	4	120.0	0.5	1	0	1800	0	38.8	2.0	16
2020106896	2023-03-11	2	310.0	0.0	0	0	1800	0	37.2	2.0	13
2020106896	2023-04-16	10	0.0	1.4	0	0	1800	3	39.0	2.0	15
2020106896	2023-04-29	7	0.0	1.9	1	1	2200	0	36.3	2.0	8
2020106896	2023-06-11	1	800.0	0.0	1	0	1700	2	37.8	2.0	12
2020106896	2023-06-24	4	230.0	0.5	1	0	1700	1	36.4	5.0	13
2020106896	2023-07-15	2	630.0	0.4	0	0	1800	0	37.5	5.0	16
2020106896	2023-11-19	5	114.0	0.6	0	0	1800	2	37.2	3.0	16
2020106896	2023-12-10	5	155.0	0.5	0	0	1800	0	37.4	5.0	16
2020106896	2024-01-13	11	0.0	1.5	0	0	1700	0	39.4	5.0	16
2020106896	2024-07-14	12	0.0	1.8	3	0	1700	3	38.0	3.0	15
2020106896	2024-09-21	7	0.0	1.7	1	0	1800	0	38.7	3.0	14
2020106896	2024-11-16	2	460.0	0.2	2	0	1800	0	37.7	3.0	16
2020106896	2024-11-30	1	1585.0	0.0	0	0	1800	0	37.6	5.0	16
2020106896	2025-02-01	11	0.0	2.1	1	0	1800	0	38.8	4.0	12
2020106896	2025-02-16	11	0.0	1.5	1	0	1800	2	37.4	4.0	13
2020106896	2025-04-06	3	464.9	0.8	0	0	1800	2	37.8	4.0	16
2020106896	2025-05-03	9	0.0	0.9	0	0	1800	2	36.8	4.0	15
2020106896	2025-08-31	11	0.0	2.1	0	0	1900	0	38.8	4.0	16
2020106896	2025-09-15	7	0.0	1.9	0	0	1800	0	38.1	4.0	14
2020106896	2025-10-18	8	0.0	0.9	1	0	1800	2	36.8	4.0	16
2020106896	2025-12-27	12	0.0	1.8	0	0	1800	2	39.2	4.0	16
2020106901	2022-12-04	3	180.0	1.4	1	0	1400	2	38.9	0.0	12
2020106901	2023-03-19	1	550.0	0.0	0	0	1200	1	35.7	1.0	16
2020106901	2023-04-15	1	780.0	0.0	3	0	1200	3	36.7	2.0	16
2020106901	2023-05-27	10	0.0	0.7	0	1	1200	0	33.0		18
2020106901	2023-07-22	2	630.4	0.6	0	0	1200	0	36.5	5.0	16
2020106901	2023-10-08	5	114.0	0.3	2	0	1200	0	36.9	3.0	13
2020106901	2023-11-05	9	0.0	1.2	0	0	1200	0	37.4	3.0	14
2020106901	2024-03-30	10	0.0	0.6	0	1	1200	0	34.4	5.0	15
2020106901	2024-04-20	5	114.0	0.6	1	1	1400	0	34.2	3.0	10
2020106901	2024-05-25	3	290.0	0.2	0	1	1400	0	34.9	3.0	17
2020106901	2024-08-18	2	630.0	0.0	0	1	1400	0	34.0	3.0	16
2020106901	2024-09-16	6	0.0	0.8	1	1	1400	0	34.7	5.0	13
2020106901	2025-03-22	2	630.2	0.1	0	1	1400	0	35.0	5.0	17
2020106901	2025-04-27	13	0.0	0.6	0	1	1400	0	33.9	3.0	14
2020106901	2025-07-05	1	1571.7	0.0	0	1	1200	0	34.5	3.0	10
2020106901	2025-11-08	4	280.0	0.1	0	1	1200	0	34.8	4.0	16
2020107095	2022-09-04	13	0.0	1.7	0	1	1400	0	37.5	0.0	17
2020107095	2022-11-20	5	52.0	1.1	1	0	1400	0	38.2	1.0	16
2020107095	2022-12-04	4	78.0	1.4	0	0	1200	0	39.2	1.0	16
2020107095	2022-12-17	10	0.0	2.6	1	0	1200	0	39.4	1.0	16
2020107095	2023-03-12	4	83.0	0.7	0	0	1200	0	38.0	1.0	16
2020107095	2023-04-01	4	83.0	0.8	0	0	1200	0	37.9	1.0	16
2020107095	2023-04-15	2	220.0	0.8	2	0	1150	0	37.6	1.0	16
2020107095	2023-04-29	2	220.0	0.1	0	0	1200	0	37.7	1.0	15
2020107095	2023-05-14	2	220.0	0.0	1	0	1200	0	37.8	1.0	15
2020107095	2023-06-03	2	220.0	0.0	1	0	1300	3	34.9	1.0	16
2020107095	2023-06-17	2	220.0	0.5	0	0	1300	0	37.2	1.0	16
2020107095	2023-06-24	1	550.0	0.0	0	0	1300	0	36.1	1.0	16
2020107095	2023-10-15	8	0.0	0.8	2	0	1300	3	36.9	2.0	16
2020107095	2023-10-28	3	200.0	0.7	3	0	1200	2	37.0	2.0	11
2020107095	2023-11-11	10	0.0	1.9	1	0	1300	0	38.5	2.0	16
2020107095	2024-02-04	8	0.0	0.7	1	0	1300	0	37.3	2.0	16
2020107095	2024-08-18	2	320.0	0.5	0	0	1200	0	36.7	2.0	15
2020107095	2024-08-24	4	120.0	0.8	0	0	1200	0	37.1	2.0	15
2020107095	2024-09-07	1	800.0	0.0	0	0	1200	0	37.0	2.0	16
2020107095	2024-09-22	8	0.0	0.8	1	0	1200	0	36.9	3.0	15
2020107095	2024-11-03	5	114.0	0.4	0	0	1300	1	35.9	3.0	12
2020107095	2024-11-16	5	114.0	0.9	1	0	1400	0	36.7	3.0	16
2020107095	2024-12-14	6	0.0	0.4	0	0	1200	0	37.5	3.0	16
2020107095	2025-02-16	5	114.0	1.0	1	0	1400	0	36.4	3.0	15
2020107095	2025-03-02	3	290.0	0.3	0	0	1200	0	36.7	3.0	16
2020107095	2025-03-16	6	0.0	0.3	2	0	1200	3	37.1	3.0	16
2020107095	2025-04-06	3	290.0	0.8	0	0	1200	2	36.5	3.0	15
2020107095	2025-04-19	6	0.0	0.4	0	0	1200	0	37.0	5.0	15
2020107095	2025-07-27	10	0.0	1.0	0	0	1200	0	37.8	5.0	15
2020107095	2025-09-07	5	155.0	0.7	0	0	1200	0	37.0	5.0	16
2020107095	2025-09-20	5	114.0	1.1	1	0	1200	1	37.0	3.0	16
2020107095	2025-10-12	7	0.0	1.2	1	0	1300	0	36.7	3.0	16
2020107095	2025-10-25	6	0.0	0.7	3	0	1400	2	35.5	3.0	13
2020107095	2025-11-16	13	0.0	1.5	0	0	1400	0	37.1	3.0	16
2020107095	2025-12-06	7	0.0	1.1	0	0	1200	0	36.1	3.0	13
2020107095	2025-12-20	2	631.6	0.0	2	0	1400	2	37.0	3.0	16
2020107095	2026-01-11	8	0.0	1.2	0	0	1200	0	37.4	3.0	16
2020110127	2022-11-19	2	280.0	0.5	0	0	1400	0	37.2	0.0	16
2020110127	2022-11-26	1	520.0	0.0	1	0	1800	2	37.4	1.0	11
2020110127	2023-10-01	6	0.0	0.5	1	0	1800	3	38.7	2.0	12
2020110127	2023-11-25	4	120.0	0.4	0	0	1400	0	37.6	2.0	15
2020110127	2023-12-16	1	800.0	0.0	1	0	1400	1	37.6	2.0	16
2020110127	2024-05-11	3	290.0	0.3	0	0	1200	0	36.7	3.0	13
2020110127	2024-05-26	3	290.0	0.3	0	0	1200	0	36.5	3.0	15
2020110127	2024-06-23	4	230.0	0.6	1	0	1200	3	35.5	3.0	16
2020110127	2024-08-24	4	230.0	0.4	0	0	1200	0	36.8	5.0	15
2020110127	2024-09-15	5	114.0	0.6	1	0	1400	1	37.5	3.0	13
2020110127	2024-10-06	4	170.0	0.4	0	0	1200	0	37.0	3.0	15
2020110127	2025-01-05	5	114.0	0.3	0	0	1200	0	37.6	3.0	16
2020110127	2025-01-26	2	460.0	0.0	0	0	1200	0	37.7	3.0	14
2020110127	2025-03-22	4	170.0	0.6	0	0	1200	2	37.4	3.0	16
2020110127	2025-04-12	6	0.0	0.5	0	0	1150	0	38.1	5.0	16
2020110127	2025-06-01	16	0.0	1.9	0	0	1200	0	37.5	3.0	16
2020110127	2025-07-26	3	395.2	0.6	0	0	1400	0	38.0	5.0	16
2020110127	2025-08-17	9	0.0	1.1	0	0	1400	0	37.6	5.0	16
2020110127	2025-10-12	11	0.0	1.7	1	0	1300	0	38.5	3.0	16
2020110127	2025-11-22	8	0.0	1.0	0	0	1400	0	38.4	3.0	16
2021100157	2023-10-21	7	0.0	1.2	1	1	1600	0	36.3	0.0	14
2021100157	2023-11-05	3	140.0	0.3	0	1	1200	0	34.3	1.0	14
2021100157	2024-01-14	2	220.0	0.1	0	1	1200	0	34.8	1.0	18
2021100157	2024-02-04	6	0.0	0.7	1	1	1200	1	36.5	1.0	18
2021100157	2024-03-16	8	0.0	0.9	0	1	1200	0	36.2	1.0	18
2021100157	2024-06-15	1	550.0	0.0	0	1	1200	0	35.2	1.0	16
2021100157	2024-07-28	1	800.0	0.0	1	1	1200	2	35.2	2.0	14
2021100157	2024-08-31	10	0.0	1.3	0	1	1200	1	36.9	3.0	16
2021100157	2024-11-09	11	0.0	1.0	0	1	1200	0	36.6	5.0	16
2021100157	2025-01-13	1	1140.0	0.0	0	1	1200	0	35.5	3.0	14
2021100157	2025-02-01	4	280.0	0.4	3	1	1200	1	36.6	4.0	18
2021100157	2025-03-09	6	0.0	0.7	0	1	1200	0	34.9	4.0	12
2021100157	2025-07-26	12	0.0	1.3	2	1	1200	0	34.2	4.0	12
2021100157	2025-08-24	5	184.0	0.8	0	1	1200	0	34.1	4.0	9
2021100157	2025-09-07	5	184.0	0.3	0	1	1200	0	33.9	4.0	12
2021100157	2025-09-27	14	0.0	1.4	0	1	1200	0	34.7	4.0	16
2021100157	2025-11-08	3	465.2	0.1	0	1	1200	0	35.1	4.0	16
2021100157	2025-11-23	6	0.0	0.3	0	1	1200	0	33.5	4.0	16
2021100157	2025-12-14	5	184.0	0.5	0	1	1200	2	34.9	4.0	10
2021100170	2023-12-03	9	0.0	1.1	0	1	1600	0	34.5	0.0	9
2021100170	2023-12-16	1	550.0	0.0	1	0	1400	2	37.3	1.0	16
2021100170	2024-03-17	10	0.0	1.2	3	0	1800	0	37.7	2.0	15
2021100170	2024-04-28	1	780.0	0.0	0	0	1400	0	35.6	2.0	14
2021100170	2024-06-02	2	631.6	0.5	2	0	1400	1	34.1	5.0	16
2021100170	2024-10-05	3	290.0	0.3	2	0	1400	1	34.7	3.0	16
2021100170	2024-10-26	4	170.0	0.6	1	0	1400	0	35.1	3.0	14
2021100170	2024-11-24	2	630.6	0.0	0	0	1400	0	35.2	3.0	16
2021100170	2025-02-23	1	1587.1	0.0	1	0	1400	0	35.9	5.0	14
2021100170	2025-04-26	6	0.0	1.1	1	0	1400	2	34.8	4.0	16
2021100170	2025-06-14	6	0.0	0.4	2	0	1600	0	35.7	4.0	16
2021100170	2025-10-05	2	750.0	0.0	1	0	1600	0	35.8	4.0	16
2021100170	2025-10-25	2	750.0	0.0	3	0	1600	2	35.3	4.0	16
2021100170	2025-11-08	3	463.3	0.7	0	0	1600	0	35.8	4.0	11
2021100387	2023-09-09	4	110.0	1.0	0	0	1800	0	40.7	0.0	11
2021100387	2023-09-30	6	0.0	2.0	0	0	1800	0	40.9	1.0	13
2021100387	2024-01-07	11	0.0	1.8	0	0	1400	0	38.0	1.0	16
2021100387	2024-02-03	1	550.0	0.0	1	0	1700	0	38.4	1.0	16
2021100387	2024-04-21	10	0.0	2.3	2	0	1400	0	38.3	2.0	12
2021100387	2024-06-08	7	0.0	1.1	0	0	1700	0	37.7	2.0	14
2021100387	2024-06-23	9	0.0	2.9	1	0	1700	0	40.0	2.0	10
2021100387	2024-07-13	10	0.0	1.6	0	0	1700	0	37.7	5.0	12
2021100387	2024-07-27	8	0.0	1.4	1	0	1700	0	38.4	2.0	14
2021100387	2024-11-10	12	0.0	3.1	0	0	1700	0	40.9	2.0	15
2021100387	2024-11-24	9	0.0	0.9	1	0	1800	0	38.1	2.0	15
2021100387	2025-02-01	9	0.0	0.6	2	0	1700	0	36.9	2.0	16
2021100387	2025-02-15	8	0.0	1.3	1	0	1700	0	37.6	2.0	12
2021100387	2025-03-01	12	0.0	2.7	0	0	1800	0	40.3	2.0	16
2021100387	2025-04-20	11	0.0	2.6	1	0	1700	0	39.5	2.0	15
2021100387	2025-06-15	9	0.0	2.3	1	0	1700	0	39.9	2.0	11
2021100387	2025-07-06	9	0.0	1.3	0	1	1200	2	35.3	2.0	10
2021100387	2025-08-03	5	80.0	1.2	0	0	1700	0	39.5	2.0	12
2021100387	2025-08-30	3	200.0	0.7	1	0	1700	1	37.2	2.0	11
2021100387	2025-09-07	11	0.0	3.5	0	0	1700	2	41.6	2.0	14
2021100387	2025-11-22	8	0.0	1.3	0	0	1700	0	39.6	2.0	15
2021100614	2023-11-12	16	0.0	2.7	1	0	1300	0	38.2	0.0	16
2021100614	2024-01-06	14	0.0	4.8	0	0	1800	0	41.1	1.0	16
2021100614	2024-01-14	7	0.0	1.2	0	0	1800	0	40.3	1.0	12
2021100614	2024-03-07	3	62.5	1.1	1	0	1700	1	41.6	5.0	11
2021100614	2024-03-17	5	55.0	1.1	1	0	1800	0	39.1	1.0	10
2021100614	2024-06-02	5	55.0	0.3	1	0	1400	1	35.3	1.0	16
2021100614	2024-06-22	9	0.0	0.9	0	0	1300	1	36.9	1.0	16
2021100614	2024-08-10	2	220.0	0.2	1	0	1000	0	35.8	1.0	12
2021100614	2024-08-24	1	550.0	0.0	1	0	1000	0	36.0	1.0	11
2021100614	2024-12-28	10	0.0	0.5	0	0	1200	0	37.6	2.0	16
2021100614	2025-03-29	7	0.0	0.8	0	0	1200	2	38.4	2.0	16
2021100614	2025-04-20	10	0.0	1.6	1	0	1200	0	36.7	2.0	16
2021100614	2025-08-02	3	200.0	0.9	0	0	1000	0	35.5	2.0	7
2021100614	2025-08-17	1	800.0	0.0	3	0	1000	2	34.9	2.0	12
2021100614	2025-10-19	7	0.0	0.9	1	1	1000	0	33.6	5.0	18
2021100650	2024-02-10	2	250.0	0.2	1	0	1200	0	36.6	0.0	16
2021100650	2024-04-21	5	55.0	1.1	1	0	1200	0	38.3	1.0	16
2021100650	2024-05-11	2	220.0	0.1	0	0	1400	0	38.4	1.0	16
2021100650	2024-06-01	2	220.0	0.2	0	0	1400	2	38.1	1.0	16
2021100650	2024-06-23	8	0.0	1.4	2	0	1400	3	39.2	1.0	16
2021100650	2024-07-20	1	550.0	0.0	0	0	1000	0	35.5	1.0	12
2021100650	2024-08-17	5	80.0	0.6	1	0	1000	0	36.5	2.0	12
2021100650	2024-11-23	13	0.0	1.9	1	0	1200	0	38.5	2.0	16
2021100650	2025-02-10	12	0.0	1.8	0	0	1200	0	38.6	2.0	16
2021100650	2025-04-26	10	0.0	1.4	0	0	1150	0	37.9	2.0	16
2021100650	2025-06-15	12	0.0	1.9	1	1	1200	0	36.1	2.0	13
2021100650	2025-06-21	11	0.0	1.3	1	0	1000	0	34.8	2.0	12
2021100650	2025-07-12	2	320.0	0.4	0	0	1000	0	36.4	2.0	12
2021100650	2025-07-20	7	0.0	0.5	0	0	1000	0	36.3	2.0	12
2021100650	2025-08-24	1	800.0	0.0	0	0	1000	0	35.6	2.0	11
2021100650	2025-11-02	14	0.0	2.1	0	0	1200	2	36.9	3.0	15
2021100695	2024-01-14	8	0.0	1.0	0	0	1400	0	37.9	0.0	16
2021100695	2024-01-28	11	0.0	2.0	2	1	2000	0	37.0	1.0	15
2021100695	2024-03-28	2	60.0	0.0	1	0	1400	2	39.2	5.0	9
2021100695	2024-04-13	6	0.0	0.8	0	0	1200	0	37.3	1.0	16
2021100695	2024-06-01	8	0.0	1.1	0	0	1200	2	36.7	1.0	16
2021100695	2024-07-06	10	0.0	2.0	0	0	1000	0	36.3	1.0	14
2021100695	2024-08-07	3	24.0	0.5	0	0	1500	0	40.4		12
2021100695	2024-09-15	1	43.0	0.0	1	0	1300	0	38.5		9
2021100695	2024-09-29	3	7.7	0.2	0	0	1400	0	39.8		12
2021100695	2024-10-20	3	7.2	0.8	0	0	1400	1	41.0	10.0	12
2021100695	2024-11-09	2	12.8	0.1	1	0	1400	0	39.9	10.0	12
2021100695	2024-11-24	1	40.0	0.0	0	0	1400	0	39.2	10.0	11
2021100695	2024-12-07	1	40.0	0.0	0	0	1400	0	38.3	10.0	10
2021100695	2025-02-08	3	7.6	0.7	0	0	1300	1	39.7	11.0	11
2021100695	2025-02-22	1	42.0	0.0	1	0	1400	0	40.0	11.0	11
2021100695	2025-03-08	2	13.4	0.0	0	0	1400	2	39.5	11.0	9
2021100695	2025-03-22	3	7.6	1.0	0	0	1400	2	39.5	11.0	10
2021100695	2025-04-06	3	7.6	0.2	0	0	1400	0	39.3	11.0	12
2021100695	2025-04-26	2	13.4	0.5	0	0	1300	2	39.5	11.0	10
2021100695	2025-05-10	2	13.4	0.2	1	0	1400	3	38.4	11.0	12
2021100695	2025-05-25	1	55.0	0.0	0	0	1400	3	38.9	11.0	11
2021100695	2025-06-28	1	50.0	0.0	0	0	1400	0	39.6		11
2021100695	2025-07-13	3	16.2	0.3	1	0	1400	2	39.2		12
2021100695	2025-08-17	2	16.0	0.3	1	0	1300	0	38.1		10
2021100695	2025-08-31	6	0.0	1.4	0	0	1400	0	38.4		11
2021100695	2025-09-15	2	28.8	0.0	0	0	1400	1	38.6		10
2021100695	2025-09-28	3	14.4	0.2	1	0	1750	2	37.7	5.0	9
2021100695	2025-10-13	1	80.0	0.0	0	0	1750	0	38.3	5.0	10
2021100695	2025-11-08	1	100.0	0.0	1	0	1750	0	39.3		10
2021100792	2023-10-01	7	0.0	1.1	1	1	1200	0	35.9	0.0	16
2021100792	2023-12-03	2	220.0	0.6	0	0	1200	0	38.4	1.0	16
2021100792	2023-12-24	1	550.0	0.0	1	0	1200	0	39.1	1.0	16
2021100792	2024-03-03	15	0.0	1.8	0	0	1200	2	38.8	2.0	16
2021100792	2024-05-11	6	0.0	0.6	0	1	1000	0	34.0	2.0	12
2021100792	2024-07-06	2	320.0	0.3	1	0	1000	2	35.1	2.0	11
2021100792	2024-07-13	1	800.0	0.0	0	0	1000	0	35.6	2.0	12
2021100792	2024-07-27	3	290.0	0.4	1	0	1000	0	36.0	3.0	12
2021100792	2024-08-11	12	0.0	2.4	0	0	1000	0	38.3	5.0	12
2021100792	2024-10-12	1	1589.9	0.0	0	1	1000	0	32.4	5.0	18
2021100792	2025-05-10	9	0.0	1.2	1	1	1000	2	34.1	4.0	16
2021100792	2025-07-12	10	0.0	1.7	0	0	1000	0	38.0	4.0	10
2021100792	2025-08-03	13	0.0	1.1	0	1	1000	0	31.8		18
2021100792	2025-08-17	2	746.8	0.3	0	1	1000	0	33.3	4.0	11
2021100792	2025-10-26	6	0.0	0.8	3	1	1000	2	33.1		17
2021100792	2025-12-07	11	0.0	0.9	0	1	1200	0	34.9	4.0	12
2021100792	2026-01-05	9	0.0	0.8	0	1	1200	0	35.3	4.0	14
2021101059	2023-12-24	15	0.0	1.4	0	1	1600	0	34.4	0.0	18
2021101059	2024-01-06	8	0.0	0.9	1	1	1800	0	35.7	1.0	17
2021101059	2024-04-28	15	0.0	1.8	0	1	1400	0	36.5	1.0	16
2021101059	2024-06-23	12	0.0	3.8	2	1	2200	1	37.9	1.0	18
2021101059	2024-08-11	2	220.0	0.4	0	1	2000	0	35.2	1.0	18
2021101059	2024-08-25	13	0.0	1.1	0	1	2200	0	35.8	1.0	18
2021101059	2025-02-17	1	100.0	0.0	0	0	1600	0	40.3	10.0	12
2021101059	2025-05-01	1	100.0	0.0	0	0	1600	2	39.4	10.0	13
2021101059	2025-06-13	2	40.0	0.9	0	0	1600	2	40.4	10.0	13
2021101059	2025-08-10	3	45.0	1.0	3	0	1800	3	40.4	5.0	11
2021101059	2025-09-16	1	180.0	0.0	0	0	2000	2	39.3	5.0	14
2021101059	2025-12-14	5	80.0	0.4	1	1	1800	2	35.8	2.0	16
2021101134	2024-03-09	2	220.0	0.0	0	1	2000	0	34.8	1.0	12
2021101134	2024-04-28	1	550.0	0.0	0	1	2000	0	33.8	1.0	12
2021101134	2024-06-15	1	800.0	0.0	0	1	2400	0	34.0	2.0	9
2021101134	2024-08-18	1	1582.2	0.0	0	1	2200	0	34.5	5.0	13
2021101134	2024-10-20	15	0.0	5.0	0	1	3000	0	40.4		18
2021101134	2025-09-27	1	1873.6	0.0	0	1	1600	0	34.6	4.0	16
2021101134	2025-10-25	6	0.0	0.5	1	1	1800	0	34.9		10
2021101134	2025-12-13	6	0.0	0.5	0	1	2000	0	34.6		18
2021101134	2026-01-04	5	430.0	0.3	0	1	2000	0	35.0		14
2021101166	2023-11-11	12	0.0	1.7	1	1	1600	0	35.4	0.0	14
2021101166	2023-12-02	11	0.0	2.8	0	0	1800	0	42.9	1.0	16
2021101166	2024-04-13	8	0.0	1.4	0	1	2000	0	37.0	1.0	16
2021101166	2024-05-04	7	0.0	2.4	0	0	1800	0	39.0	1.0	15
2021101166	2024-06-08	9	0.0	1.2	0	1	1800	0	34.3	1.0	18
2021101166	2024-07-27	6	0.0	0.8	0	1	1800	0	34.7	1.0	18
2021101166	2024-08-24	10	0.0	1.4	0	1	2000	0	36.0	1.0	18
2021101166	2025-02-02	14	0.0	4.7	3	0	2100	2	39.7	2.0	14
2021101166	2025-07-06	13	0.0	9.7	0	2	2750	0	14.1	1.0	14
2021101166	2025-09-15	11	0.0	3.1	1	1	2500	0	37.6	2.0	14
2021101166	2025-11-24	14	0.0	1.3	1	1	2600	0	35.8	5.0	16
2021101201	2023-10-29	5	72.0	2.0	1	0	1600	0	37.9	0.0	16
2021101201	2023-11-18	4	83.0	0.5	0	0	1600	1	38.2	1.0	15
2021101201	2023-12-03	5	55.0	1.6	0	0	1800	0	41.0	1.0	16
2021101201	2024-03-10	3	140.0	0.2	0	0	1800	2	40.2	1.0	16
2021101201	2024-03-31	2	220.0	0.3	0	0	1800	2	39.8	1.0	13
2021101201	2024-04-21	2	220.0	0.3	1	0	1700	0	38.3	1.0	15
2021101201	2024-05-12	5	55.0	0.9	1	0	1600	0	37.0	1.0	16
2021101201	2024-06-02	3	140.0	0.2	1	0	2100	1	37.3	1.0	16
2021101201	2024-06-22	8	0.0	1.4	0	0	2100	1	37.6	1.0	16
2021101201	2024-08-03	1	550.0	0.0	1	0	1700	0	37.8	1.0	14
2021101201	2024-08-18	5	80.0	0.9	0	0	1700	0	37.9	2.0	14
2021101201	2024-09-08	9	0.0	1.6	0	0	1800	0	40.2	2.0	16
2021101201	2024-12-22	10	0.0	3.2	0	0	1800	0	42.1	2.0	16
2021101201	2025-01-13	3	200.0	0.5	0	0	1900	0	39.3	2.0	16
2021101201	2025-02-02	9	0.0	1.7	3	0	2100	2	39.6	2.0	14
2021101201	2025-02-15	8	0.0	1.0	0	0	2100	0	37.3	2.0	16
2021101201	2025-03-08	4	120.0	0.6	1	0	1800	2	38.4	2.0	16
2021101201	2025-03-30	6	0.0	1.4	0	0	1800	2	39.4	2.0	16
2021101201	2025-04-12	2	320.0	0.8	0	0	2400	0	38.4	2.0	14
2021101201	2025-09-20	8	0.0	3.2	1	0	2400	1	38.9	2.0	11
2021101201	2025-10-19	7	0.0	2.0	1	0	2500	1	39.9	2.0	15
2021101201	2026-01-10	9	0.0	1.4	0	0	1800	0	39.1	2.0	16
2021101201	2026-01-18	11	0.0	1.6	0	0	1800	0	40.2	2.0	14
2021101235	2024-06-22	2	220.0	0.5	0	0	1600	1	36.1	1.0	16
2021101235	2024-07-20	4	83.0	0.7	1	0	1700	0	39.4	1.0	15
2021101235	2024-08-11	5	55.0	1.1	0	0	1200	0	38.5	1.0	14
2021101235	2024-08-25	3	140.0	0.7	1	0	1200	0	36.4	1.0	15
2021101235	2024-08-31	4	83.0	0.9	1	0	1200	0	37.0	1.0	15
2021101235	2024-09-15	4	120.0	0.5	0	0	1200	0	36.1	2.0	14
2021101235	2024-10-20	1	800.0	0.0	0	0	1300	0	35.7	2.0	14
2021101235	2025-02-01	1	800.0	0.0	0	0	1400	0	36.6	2.0	16
2021101235	2025-02-23	7	0.0	1.4	1	0	1400	0	37.9	5.0	14
2021101235	2025-05-04	11	0.0	1.5	0	0	1300	2	35.2	3.0	16
2021101235	2025-06-08	1	1584.3	0.0	1	0	1600	0	35.3	5.0	14
2021101235	2025-10-05	11	0.0	1.4	1	0	1600	0	36.8	4.0	16
2021101387	2023-12-23	1	720.0	0.0	0	1	2000	0	34.7	0.0	14
2021101387	2024-06-15	1	800.0	0.0	0	1	1800	0	33.6	2.0	8
2021101387	2024-09-15	9	0.0	0.9	1	1	2000	2	34.1		15
2021101387	2024-11-23	1	1568.9	0.0	1	1	2200	0	33.7	3.0	8
2021101387	2025-01-25	4	570.0	0.2	0	1	2000	0	35.3		18
2021101387	2025-03-30	12	0.0	1.7	1	1	2400	0	35.5	4.0	12
2021101387	2025-05-24	3	462.6	0.1	3	1	2000	2	33.8	4.0	8
2021101387	2025-06-21	3	463.7	0.1	0	1	2200	0	35.3	4.0	12
2021101387	2025-08-10	10	0.0	0.8	3	1	1800	1	34.0	4.0	14
2021101387	2025-09-06	1	1865.9	0.0	0	1	1800	0	33.6	4.0	12
2021101387	2025-10-25	1	2822.4	0.0	1	1	1800	0	33.7		10
2021101387	2025-11-16	16	0.0	2.0	0	1	2200	0	35.9		16
2021101431	2023-12-24	4	110.0	0.3	0	0	1400	0	39.1	0.0	15
2021101431	2024-01-07	9	0.0	1.5	0	0	1400	0	38.1	1.0	16
2021101431	2024-02-07	2	70.0	0.0	0	0	1400	3	40.5		12
2021101431	2024-03-17	3	140.0	0.4	1	0	1400	0	38.1	1.0	16
2021101431	2024-03-31	1	550.0	0.0	0	0	1400	0	38.3	1.0	16
2021101431	2024-06-08	4	120.0	1.2	0	0	1400	0	38.6	2.0	15
2021101431	2024-06-22	1	800.0	0.0	1	0	1400	2	36.5	2.0	16
2021101431	2024-10-13	5	155.0	0.4	0	0	1400	0	38.2	5.0	9
2021101431	2024-10-27	11	0.0	2.6	1	0	1400	0	40.0	3.0	12
2021101431	2024-12-28	6	0.0	0.8	0	0	1400	0	37.4	3.0	16
2021101431	2025-12-27	15	0.0	3.6	0	0	1400	2	41.4	3.0	16
2021101654	2024-02-25	1	550.0	0.0	0	1	1200	2	35.4	1.0	18
2021101654	2024-03-16	1	780.0	0.0	0	1	1200	0	34.5	2.0	10
2021101654	2024-08-31	9	0.0	1.3	0	1	1200	1	36.7	3.0	16
2021101654	2024-09-21	3	394.9	0.4	0	1	1200	0	34.2	5.0	16
2021101654	2024-10-12	7	0.0	0.3	0	1	1200	0	34.5	3.0	17
2021101654	2025-01-05	3	290.0	0.8	0	1	1200	0	34.4	3.0	16
2021101654	2025-02-02	1	1592.7	0.0	1	1	1200	2	35.2	5.0	18
2021101654	2025-02-15	5	184.0	0.4	1	1	1200	0	35.4	4.0	18
2021101654	2025-03-02	4	280.0	0.4	0	1	1200	0	35.0	4.0	16
2021101654	2025-09-07	6	0.0	0.4	0	1	1200	0	34.1	4.0	12
2021101654	2025-09-13	7	0.0	1.3	1	0	1200	1	36.9	4.0	10
2021101654	2025-11-08	11	0.0	0.4	0	1	1200	0	35.0	4.0	16
2021101654	2025-12-07	9	0.0	0.9	0	1	1200	0	34.9	4.0	12
2021102154	2023-08-05	1	720.0	0.0	1	1	1200	2	35.8	0.0	10
2021102154	2023-09-03	8	0.0	0.9	0	1	1200	0	36.2	5.0	14
2021102154	2023-09-23	7	0.0	1.0	1	1	1200	2	35.8	5.0	10
2021102154	2023-09-30	4	160.0	0.2	0	0	1400	0	38.5	2.0	9
2021102154	2024-04-07	3	200.0	0.7	0	0	1400	0	38.2	2.0	16
2021102154	2024-04-21	1	780.0	0.0	2	0	1400	0	37.4	2.0	12
2021102154	2024-06-23	6	0.0	1.0	1	0	1200	3	35.7	3.0	16
2021102154	2025-02-01	4	230.0	1.4	3	0	1000	1	35.2	5.0	14
2021102154	2025-02-16	8	0.0	0.8	0	0	1000	0	35.0	5.0	14
2021102154	2025-03-09	5	114.0	0.6	0	0	1400	0	38.1	3.0	14
2021102154	2025-03-30	2	460.0	0.1	1	0	1200	0	35.7	3.0	14
2021102154	2025-07-06	2	630.0	0.7	0	0	1150	0	36.2	5.0	16
2021102154	2025-07-19	2	629.6	0.1	0	0	1150	0	36.4	5.0	16
2021102154	2025-08-17	4	230.0	0.6	0	0	1400	0	36.5	5.0	16
2021102154	2025-12-27	3	290.0	0.5	0	0	1400	2	38.1	3.0	16
2021102154	2026-01-11	2	480.0	0.0	5	0	1400	0	36.7	3.0	16
2021102641	2023-08-26	1	720.0	0.0	0	0	1700	0	37.7	0.0	13
2021102641	2023-09-02	10	0.0	7.2	1	1	1800	2	42.8		10
2021102641	2023-11-05	9	0.0	2.7	0	0	1800	0	41.2	2.0	11
2021102641	2024-04-07	13	0.0	2.6	0	0	1400	0	39.2	2.0	16
2021102641	2024-07-13	12	0.0	4.5	0	0	1700	0	40.3	5.0	12
2021102641	2024-10-06	8	0.0	0.8	0	1	1400	0	34.6	2.0	18
2021102641	2025-03-01	18	0.0	1.1	1	1	1200	0	36.8	2.0	18
2021102641	2025-03-22	9	0.0	1.7	0	0	1200	0	38.3	2.0	15
2021102641	2025-10-04	10	0.0	0.7	1	1	1200	1	34.3	2.0	18
2021102641	2025-10-18	12	0.0	1.1	1	1	1400	0	34.3	2.0	15
2021102641	2025-11-09	4	120.0	0.5	2	1	1200	0	34.6	2.0	16
2021102641	2025-11-24	5	80.0	0.4	1	1	1200	0	34.3	2.0	16
2021102973	2023-11-19	7	0.0	1.3	0	1	2000	2	35.5	0.0	7
2021102973	2023-12-03	6	0.0	1.7	0	0	1800	0	40.6	1.0	13
2021102973	2024-03-02	3	140.0	0.3	1	0	1800	1	38.4	1.0	14
2021102973	2024-03-16	6	0.0	0.8	0	0	2000	0	39.1	1.0	11
2021102973	2024-04-27	5	55.0	1.1	1	0	1900	0	39.8	1.0	11
2021102973	2024-05-11	3	140.0	0.2	0	0	1800	0	38.8	1.0	15
2021102973	2024-06-01	5	55.0	1.0	0	0	1800	2	38.2	1.0	16
2021102973	2024-06-08	4	83.0	2.4	0	0	1800	0	39.8	1.0	16
2021102973	2024-06-29	3	140.0	0.5	1	0	1700	2	37.9	1.0	16
2021102973	2024-07-06	4	83.0	0.5	0	0	1700	0	38.3	1.0	16
2021102973	2024-08-25	5	55.0	1.5	0	0	1800	0	40.3	1.0	16
2021102973	2024-09-01	10	0.0	2.0	1	0	1800	3	39.1	1.0	16
2021102973	2024-09-21	15	0.0	1.9	0	1	2000	0	35.9	2.0	16
2021102973	2025-02-01	11	0.0	10.4	2	2	2860	0	14.0	1.0	12
2021102973	2025-02-15	3	210.0	1.5	1	2	2860	0	13.6	1.0	9
2021102973	2025-04-27	2	340.0	0.2	0	2	2910	0	13.8	1.0	12
2021102973	2025-05-25	1	840.0	0.0	2	2	2890	2	13.5	1.0	14
2021102973	2025-08-02	9	0.0	2.7	0	2	2850	0	13.0	5.0	9
2021102973	2025-08-30	8	0.0	2.6	1	2	3250	0	13.4	5.0	13
2021102973	2025-09-20	7	0.0	5.5	1	2	3140	0	13.7		9
2021102973	2025-11-15	10	0.0	3.0	0	2	3110	0	13.5	5.0	12
2021102982	2024-05-18	8	0.0	2.1	0	0	1800	0	40.5	1.0	16
2021102982	2024-06-16	8	0.0	3.5	1	0	1200	2	38.3	1.0	14
2021102982	2024-08-18	1	550.0	0.0	0	0	1400	0	38.6	1.0	16
2021102982	2024-10-27	3	200.0	0.5	1	0	1400	0	37.2	2.0	15
2021102982	2024-11-10	11	0.0	2.3	0	0	1700	0	40.4	2.0	15
2021102982	2024-12-21	13	0.0	2.2	1	0	1400	0	37.9	2.0	16
2021102982	2025-03-23	1	800.0	0.0	0	0	1400	0	38.1	2.0	16
2021102982	2025-04-05	10	0.0	1.0	1	0	1400	0	37.2	3.0	16
2021102982	2025-06-07	14	0.0	1.2	0	1	1400	0	34.8	5.0	15
2021102982	2025-07-26	9	0.0	1.6	0	0	1400	0	38.0	5.0	16
2021102982	2025-10-05	4	170.0	0.5	1	0	1600	0	37.2	3.0	16
2021102982	2025-10-26	1	1581.5	0.0	1	0	1600	3	35.6	5.0	13
2021103017	2024-02-04	12	0.0	1.8	1	1	1800	0	35.3	0.0	16
2021103017	2024-02-25	13	0.0	2.6	2	1	2200	2	37.9	1.0	16
2021103017	2024-03-02	16	0.0	3.3	1	1	2200	2	36.7	1.0	18
2021103017	2024-03-16	5	55.0	0.7	0	0	2000	0	38.9	1.0	11
2021103017	2024-04-07	1	550.0	0.0	1	0	1800	1	38.4	1.0	14
2021103017	2024-05-05	4	120.0	2.2	0	0	2100	0	39.2	2.0	16
2021103017	2024-05-25	6	0.0	2.7	0	0	1800	0	39.2		11
2021103017	2024-12-22	6	0.0	1.8	0	0	1800	0	40.3	2.0	16
2021103017	2025-01-05	5	80.0	0.9	0	0	2400	0	39.3	2.0	16
2021103017	2025-01-19	2	320.0	0.2	1	0	1800	0	38.5	2.0	13
2021103017	2025-02-02	2	320.0	0.3	1	0	1800	2	38.7	2.0	13
2021103017	2025-02-16	4	120.0	0.2	1	0	1800	2	38.1	2.0	13
2021103017	2025-03-02	3	200.0	0.3	0	0	1800	0	39.5	2.0	16
2021103017	2025-03-16	2	320.0	0.0	3	0	2400	3	39.1	2.0	16
2021103017	2025-03-30	2	320.0	0.1	0	0	1800	2	39.0	2.0	16
2021103017	2025-11-01	9	0.0	1.1	1	0	2100	1	37.4	2.0	16
2021103017	2025-11-23	2	320.0	0.5	1	0	2100	0	37.3	2.0	16
2021103017	2025-12-14	6	0.0	1.5	1	0	2500	2	41.0	2.0	14
2021103092	2023-10-21	2	290.0	0.1	1	1	1400	0	35.9	0.0	18
2021103092	2023-12-10	2	220.0	0.1	0	1	1200	0	34.8	1.0	13
2021103092	2024-01-14	2	220.0	0.3	0	1	1200	0	34.6	1.0	17
2021103092	2024-02-24	2	220.0	0.2	0	1	1200	1	35.6	1.0	18
2021103092	2024-06-08	1	550.0	0.0	0	1	1200	0	34.2	1.0	16
2021103092	2024-06-29	1	1135.2	0.0	0	1	1200	0	35.2	5.0	11
2021103092	2024-07-21	1	1575.9	0.0	0	1	1200	0	34.7	3.0	12
2021103092	2025-02-01	10	0.0	0.6	3	1	1200	1	37.1	4.0	18
2021103092	2025-03-09	9	0.0	0.8	0	1	1200	0	35.7	4.0	12
2021103092	2025-06-22	4	280.0	0.3	2	1	1200	1	35.2	4.0	15
2021103092	2025-07-26	7	0.0	0.9	2	1	1200	0	34.5	4.0	12
2021103092	2025-09-13	10	0.0	3.3	1	0	1200	1	38.9	4.0	10
2021103092	2025-11-08	5	184.0	0.1	0	1	1200	0	33.9	4.0	16
2021103096	2024-01-27	12	0.0	1.5	0	1	1600	0	34.6	0.0	16
2021103096	2024-02-24	9	0.0	1.0	0	1	2000	2	36.1	1.0	16
2021103096	2024-03-10	8	0.0	1.4	0	1	2000	2	37.0	1.0	18
2021103096	2024-04-06	17	0.0	1.8	1	1	2000	2	36.6	1.0	18
2021103096	2024-04-20	8	0.0	1.7	0	0	2100	0	38.5	1.0	16
2021103096	2024-05-11	4	83.0	0.5	0	0	2100	0	37.8	1.0	15
2021103096	2024-06-08	11	0.0	1.7	0	0	2100	0	37.9	1.0	16
2021103096	2024-08-03	2	220.0	0.0	0	0	1800	0	37.9	1.0	15
2021103096	2024-08-17	4	83.0	1.4	0	0	1800	0	40.5	1.0	14
2021103096	2024-08-25	7	0.0	1.5	1	0	1800	0	39.3	1.0	15
2021103096	2024-10-22	1	180.0	0.0	1	0	1400	0	36.3	10.0	12
2021103096	2024-11-22	1	120.0	0.0	0	0	1400	2	38.2	11.0	11
2021103096	2025-01-19	3	200.0	0.2	1	0	1800	0	38.4	2.0	13
2021103096	2025-02-09	1	800.0	0.0	0	0	1600	0	36.1	2.0	16
2021103096	2025-03-29	1	1140.0	0.0	1	0	1800	2	36.8	3.0	13
2021103096	2025-05-03	8	0.0	1.0	0	0	2100	1	35.7	4.0	16
2021103096	2025-10-11	5	184.0	0.4	0	0	1900	0	36.1	4.0	16
2021103096	2025-11-30	9	0.0	1.7	0	0	1800	0	37.5	4.0	16
2021103119	2023-08-12	3	180.0	0.4	1	1	1400	0	36.1	0.0	14
2021103119	2023-09-09	4	83.0	0.7	1	1	1600	1	36.1	1.0	12
2021103119	2023-11-04	4	83.0	0.7	0	1	1400	0	34.4	1.0	15
2021103119	2023-11-18	6	0.0	1.5	0	0	1300	1	38.2	1.0	15
2021103119	2023-12-16	8	0.0	2.5	0	0	1800	2	42.2	1.0	16
2021103119	2024-02-17	5	55.0	0.5	0	1	1200	0	35.0	1.0	18
2021103119	2024-03-02	11	0.0	1.4	0	1	1200	2	35.2	1.0	18
2021103119	2024-04-21	1	550.0	0.0	0	1	1200	0	35.0	1.0	15
2021103119	2024-10-12	7	0.0	0.8	0	1	1200	0	34.1	5.0	18
2021103119	2024-11-09	16	0.0	2.1	0	1	1200	0	35.1	2.0	16
2021103119	2025-01-26	13	0.0	0.7	0	1	1200	0	34.3	5.0	18
2021103119	2025-02-15	4	120.0	0.8	1	1	1200	0	34.6	2.0	18
2021103119	2025-03-01	11	0.0	0.7	1	1	1200	0	36.1	2.0	18
2021103119	2025-04-19	10	0.0	0.5	0	1	1200	0	34.8	2.0	16
2021103119	2025-06-29	3	200.0	0.1	0	1	1200	0	35.2	2.0	14
2021103119	2025-07-13	11	0.0	1.2	0	1	1200	0	35.7	2.0	15
2021103119	2025-11-08	13	0.0	1.4	0	1	1200	0	35.1	2.0	16
2021103287	2024-01-27	2	250.0	0.3	1	0	1400	0	38.4	0.0	16
2021103287	2024-02-17	1	550.0	0.0	1	0	1400	2	37.8	1.0	16
2021103287	2024-05-18	1	780.0	0.0	0	0	1400	0	36.5	2.0	15
2021103287	2025-09-21	11	0.0	1.8	1	0	1400	0	36.7	3.0	15
2021103287	2025-10-26	3	395.7	0.5	1	0	1400	1	36.4	5.0	16
2021103287	2025-11-22	4	170.0	0.1	0	0	1400	0	37.0	3.0	16
2021103312	2023-09-02	2	290.0	0.2	1	1	1200	2	36.1	0.0	13
2021103312	2023-10-28	5	55.0	0.6	2	1	1400	1	37.7	1.0	18
2021103312	2023-11-19	1	550.0	0.0	0	1	1200	2	34.4	1.0	15
2021103312	2024-01-20	2	434.4	0.1	3	1	1200	2	35.9	2.0	7
2021103312	2024-03-16	2	310.0	0.2	0	1	1200	0	34.3	2.0	10
2021103312	2024-04-06	3	200.0	0.2	0	1	1200	0	34.1	2.0	10
2021103312	2024-11-17	2	320.0	0.1	0	1	1200	0	34.6	2.0	16
2021103312	2025-01-26	8	0.0	0.5	0	1	1200	0	35.4	5.0	18
2021103312	2025-03-02	4	120.0	0.2	3	1	1200	1	35.9	2.0	17
2021103312	2025-03-30	6	0.0	0.3	1	1	1400	0	35.5	2.0	17
2021103312	2025-04-20	1	1151.3	0.0	1	1	1200	0	34.3	5.0	15
2021103312	2025-07-05	5	155.0	0.2	0	1	1200	0	34.9	3.0	10
2021103312	2025-07-20	3	395.5	0.5	0	1	1200	0	34.7	5.0	18
2021103312	2025-08-31	1	1588.5	0.0	1	1	1200	2	34.7	3.0	16
2021103312	2025-11-08	6	0.0	0.3	0	1	1200	0	34.5	4.0	16
2021103312	2025-12-28	6	0.0	0.4	0	1	1200	0	33.6	4.0	10
2021103586	2024-02-11	1	620.0	0.0	0	0	1800	0	39.8	0.0	14
2021103586	2024-03-30	7	0.0	2.1	0	0	1800	2	40.6	2.0	11
2021103586	2024-05-12	16	0.0	3.5	1	0	1800	0	39.6	2.0	16
2021103586	2024-06-08	15	0.0	4.0	0	1	2600	0	39.8	5.0	15
2021103586	2024-06-15	8	0.0	1.4	0	0	1700	0	40.6	2.0	14
2021103586	2024-12-15	9	0.0	1.2	0	0	1800	0	39.0	2.0	15
2021103586	2025-01-13	14	0.0	3.0	0	0	1900	0	42.6	2.0	16
2021103586	2025-04-19	9	0.0	1.2	0	0	1400	0	38.6	2.0	15
2021103586	2025-05-11	4	120.0	0.6	0	0	1600	2	37.7	2.0	11
2021103586	2025-05-31	16	0.0	4.3	1	0	1400	0	42.0	2.0	16
2021103586	2025-10-11	13	0.0	3.4	0	0	1400	0	40.6	2.0	16
2021103586	2025-10-19	9	0.0	1.3	1	0	1200	0	36.9	2.0	12
2021103586	2026-01-11	11	0.0	1.9	0	0	1800	0	39.2	2.0	14
2021103939	2023-09-30	11	0.0	1.7	0	1	1400	0	36.3	0.0	18
2021103939	2023-11-11	2	220.0	1.4	1	0	1400	1	38.2	1.0	14
2021103939	2023-12-03	3	140.0	0.8	0	0	1400	0	39.5	1.0	15
2021103939	2023-12-23	2	220.0	0.6	0	0	1800	0	40.8	1.0	14
2021103939	2024-02-25	1	550.0	0.0	3	0	1800	3	36.9	1.0	13
2021103939	2024-03-17	5	78.0	0.6	3	0	1800	0	38.5	2.0	15
2021103939	2024-04-14	5	78.0	2.0	0	0	1800	0	40.5	2.0	15
2021103939	2024-06-23	8	0.0	0.4	3	0	1800	3	38.4	2.0	15
2021103939	2024-09-29	5	80.0	0.9	1	0	1900	1	38.3	2.0	9
2021103939	2024-10-12	7	0.0	1.4	0	0	1800	0	40.9	2.0	13
2021103939	2024-11-17	1	800.0	0.0	1	0	1700	0	38.6	2.0	15
2021103939	2025-02-01	8	0.0	1.4	3	0	1700	2	39.7	5.0	16
2021103939	2025-03-01	6	0.0	0.7	0	0	1800	0	40.2	3.0	10
2021103939	2025-04-27	5	155.0	0.4	0	0	1700	0	40.2	5.0	15
2021103939	2025-05-11	15	0.0	2.2	1	0	1800	2	42.1	5.0	15
2021103939	2025-07-12	5	155.0	0.6	0	0	1700	0	40.1	5.0	13
2021103939	2025-09-21	14	0.0	2.8	1	0	1800	0	41.8	3.0	16
2021103939	2025-11-22	14	0.0	1.7	0	0	1400	0	39.5	3.0	16
2021104074	2023-11-05	1	720.0	0.0	0	1	1600	0	34.4	0.0	17
2021104074	2024-01-13	6	0.0	0.9	1	1	1400	0	35.5		9
2021104074	2024-01-27	6	0.0	1.7	0	1	1600	0	37.9	2.0	6
2021104074	2024-05-04	12	0.0	2.8	0	1	1200	0	36.7	2.0	16
2021104074	2024-05-26	7	0.0	1.3	0	0	1400	0	38.0	2.0	12
2021104074	2024-07-20	2	320.0	0.0	0	1	1200	2	34.3	2.0	18
2021104074	2024-08-17	14	0.0	0.8	0	1	1200	0	35.4	2.0	18
2021104074	2024-11-03	2	320.0	0.2	0	1	1200	2	36.2	2.0	16
2021104074	2025-02-02	8	0.0	0.4	1	1	1200	2	35.7	2.0	18
2021104074	2025-03-01	17	0.0	1.0	1	1	1200	0	36.4	2.0	18
2021104074	2025-05-18	5	111.0	0.1	1	1	1000	0	33.8	5.0	16
2021104074	2025-05-25	3	200.0	0.1	1	1	1200	2	35.5	2.0	16
2021104074	2025-06-14	3	200.0	0.5	0	1	1200	0	34.0	2.0	14
2021104074	2025-06-21	5	111.0	0.7	1	1	1200	0	34.6	5.0	10
2021104074	2025-07-06	3	200.0	0.5	0	1	1200	2	34.7	2.0	10
2021104074	2025-11-01	13	0.0	4.5	1	0	1400	1	40.3	2.0	15
2021104295	2023-10-28	4	110.0	0.8	0	0	1400	0	38.1	0.0	11
2021104295	2023-11-19	2	220.0	0.1	0	0	1800	2	38.0	1.0	16
2021104295	2024-03-23	1	550.0	0.0	3	0	1800	3	36.9	1.0	13
2021104295	2025-03-01	3	200.0	0.4	0	0	1800	0	39.0	2.0	16
2021104295	2025-03-23	3	200.0	1.5	0	0	1800	0	38.4	2.0	14
2021104295	2025-06-15	6	0.0	1.6	1	0	1700	0	38.9	2.0	11
2021104295	2025-06-21	5	80.0	1.4	2	0	1700	0	36.7	2.0	8
2021104295	2025-07-06	9	0.0	2.0	0	0	1700	2	38.3	2.0	13
2021104295	2025-07-13	4	120.0	0.7	0	0	1700	0	37.2	2.0	12
2021104295	2025-11-15	7	0.0	1.0	0	0	1800	0	37.2	2.0	16
2021104295	2025-12-06	3	200.0	0.2	0	0	1800	0	37.6	2.0	14
2021104295	2026-01-05	6	0.0	1.4	0	0	1800	0	38.2	2.0	15
2021104416	2023-10-29	13	0.0	4.1	1	0	1600	0	39.9	0.0	16
2021104416	2023-11-05	3	140.0	1.4	1	0	1600	0	38.5	1.0	13
2021104416	2023-11-25	1	550.0	0.0	0	0	1600	0	37.6	1.0	15
2021104416	2024-01-27	13	0.0	2.8	0	0	1600	0	40.6	2.0	14
2021104416	2024-02-11	13	0.0	2.6	0	0	1600	2	40.3	2.0	15
2021104416	2024-02-24	5	78.0	0.6	0	1	1600	2	36.0	2.0	11
2021104416	2024-06-15	8	0.0	1.5	1	0	1600	0	37.3	2.0	13
2021104416	2024-07-06	2	320.0	0.2	1	0	1700	2	37.9	2.0	10
2021104416	2024-07-28	6	0.0	1.1	1	0	1700	3	37.4	2.0	14
2021104416	2024-08-11	6	0.0	1.9	0	0	1700	0	40.2	2.0	12
2021104416	2024-09-07	6	0.0	1.1	0	0	1800	0	39.2	2.0	15
2021104416	2025-02-22	8	0.0	0.8	0	0	1600	0	38.2	2.0	16
2021104416	2025-03-16	2	320.0	0.0	3	0	1800	1	40.1	2.0	13
2021104416	2025-04-05	1	800.0	0.0	0	0	1800	0	37.4	2.0	7
2021104416	2025-04-27	2	460.0	0.0	0	0	1800	0	37.2	3.0	12
2021104416	2025-07-05	4	230.0	0.4	0	0	1700	1	37.5	5.0	14
2021104416	2025-07-26	1	1580.8	0.0	2	0	1700	0	36.5	5.0	14
2021104416	2025-09-15	2	748.4	0.2	0	0	1800	0	38.7	4.0	14
2021104416	2025-11-30	15	0.0	3.5	0	0	1800	0	41.4	4.0	16
2021104416	2025-12-27	7	0.0	0.7	0	0	1800	2	39.0	4.0	16
2021104416	2026-01-12	2	759.8	0.3	0	0	1800	0	36.7	4.0	16
2021104474	2023-12-09	6	0.0	1.1	0	0	1800	0	39.3	0.0	9
2021104474	2023-12-28	6	0.0	0.7	0	0	1800	0	40.2	1.0	16
2021104474	2024-01-13	4	83.0	0.8	0	0	1700	0	39.4	1.0	14
2021104474	2024-02-11	7	0.0	2.0	0	0	1700	0	39.7	1.0	15
2021104474	2024-03-02	4	83.0	1.5	0	0	1700	2	39.2	1.0	16
2021104474	2024-03-24	5	55.0	1.2	3	0	1800	3	36.4	1.0	15
2021104474	2024-04-07	5	55.0	0.6	0	0	1700	0	39.5	1.0	15
2021104474	2024-04-28	4	83.0	0.7	0	0	1800	0	38.8	1.0	14
2021104474	2024-05-18	3	140.0	0.9	0	0	1800	0	37.9	1.0	15
2021104474	2024-06-08	6	0.0	2.4	0	0	1800	0	39.8	1.0	16
2021104474	2024-07-27	1	550.0	0.0	1	0	1800	0	39.1	1.0	14
2021104474	2024-08-17	4	120.0	1.0	0	0	1800	0	39.6	2.0	11
2021104474	2024-09-07	7	0.0	2.8	0	0	1800	0	38.6	2.0	11
2021104474	2024-10-05	8	0.0	1.0	0	0	1800	1	38.5	2.0	12
2021104474	2024-10-26	7	0.0	1.0	0	0	1800	0	38.2	2.0	13
2021104474	2025-03-29	4	120.0	1.3	0	0	1800	2	38.6	2.0	14
2021104474	2025-04-20	4	120.0	1.7	1	0	1800	0	39.7	2.0	13
2021104474	2025-05-04	6	0.0	0.9	0	0	1800	2	39.0	2.0	12
2021104474	2025-05-24	12	0.0	2.2	3	0	1800	2	40.0	2.0	16
2021104474	2025-12-20	5	80.0	1.1	2	0	1900	2	38.7	2.0	16
2021104474	2026-01-11	5	82.0	0.8	0	0	1800	0	37.4	2.0	14
2021104762	2023-11-25	3	180.0	0.2	1	1	1600	0	33.9	0.0	18
2021104762	2024-02-18	2	220.0	0.0	0	0	1400	0	37.6	1.0	16
2021104762	2024-08-04	2	220.0	0.1	0	0	1800	0	38.0	1.0	15
2021104762	2024-09-01	1	550.0	0.0	0	0	1800	0	38.9	1.0	15
2021104762	2024-12-22	9	0.0	2.3	0	0	1800	0	42.0	2.0	16
2021104762	2025-05-17	1	800.0	0.0	3	0	1600	3	35.9	2.0	13
2021104762	2025-11-30	10	0.0	1.9	0	0	1400	0	37.9	3.0	16
2021104850	2023-11-04	8	0.0	2.1	0	1	1800	0	34.9	0.0	13
2021104850	2023-12-16	2	220.0	0.2	0	0	1800	2	38.9	1.0	16
2021104850	2024-01-06	5	55.0	0.7	0	0	1800	0	39.6	1.0	16
2021104850	2024-01-21	4	83.0	2.0	3	0	1800	3	39.2	1.0	15
2021104850	2024-05-11	5	55.0	0.8	0	0	1600	0	36.4	1.0	16
2021104850	2024-06-09	2	220.0	0.2	1	0	1600	0	37.7	1.0	16
2021104850	2024-06-29	10	0.0	1.9	0	0	1700	0	41.3	1.0	15
2021104850	2024-08-10	1	550.0	0.0	1	0	1700	0	38.5	1.0	14
2021104850	2025-01-11	6	0.0	0.8	0	0	1800	2	41.1	2.0	13
2021104850	2025-01-26	7	0.0	1.3	0	0	1800	0	38.5	2.0	13
2021104850	2025-03-01	3	200.0	0.5	0	0	1800	0	38.1	2.0	13
2021104850	2025-03-29	6	0.0	1.1	3	0	1800	2	41.0	2.0	11
2021104850	2025-04-26	3	200.0	0.6	0	0	1700	0	38.4	2.0	13
2021104850	2025-05-17	3	200.0	0.4	1	0	1800	2	37.8	2.0	10
2021104850	2025-07-27	9	0.0	1.7	0	0	1700	3	39.6	2.0	13
2021104850	2025-08-09	4	120.0	0.5	0	0	1700	1	37.0	2.0	11
2021104850	2025-08-24	4	120.0	1.3	0	0	1700	0	38.9	2.0	11
2021104850	2025-09-06	6	0.0	1.7	1	0	1700	0	40.2	2.0	14
2021104850	2025-11-16	5	80.0	1.0	0	0	1700	0	38.5	2.0	15
2021104850	2025-12-13	9	0.0	1.4	1	0	1800	0	37.6	2.0	16
2021104931	2024-05-12	9	0.0	1.3	1	1	1800	0	34.4	1.0	16
2021104931	2024-06-16	4	83.0	0.3	0	1	1800	0	34.7	1.0	16
2021104931	2024-07-07	4	83.0	0.1	0	1	1800	0	36.5	1.0	16
2021104931	2024-07-27	1	550.0	0.0	0	1	1800	0	34.5	1.0	18
2021104931	2024-10-20	5	80.0	0.8	0	1	2000	0	34.9	2.0	15
2021104931	2025-02-23	13	0.0	2.0	0	1	1800	0	36.3	2.0	15
2021104931	2025-05-17	13	0.0	2.9	1	0	1600	3	39.4	2.0	14
2021104931	2025-08-16	3	283.9	0.4	0	1	1800	0	35.6	5.0	12
2021104931	2025-09-07	11	0.0	2.0	1	1	1800	2	40.0	2.0	13
2021104931	2025-11-09	10	0.0	1.0	2	1	1800	0	36.2	5.0	16
2021104943	2023-12-17	3	180.0	0.2	0	1	2000	0	36.2	0.0	11
2021104943	2024-01-06	7	0.0	0.8	0	1	2000	0	35.5	1.0	17
2021104943	2024-03-02	8	0.0	1.3	1	1	2200	2	36.2	1.0	18
2021104943	2024-10-26	11	0.0	1.7	0	0	1800	0	38.4	2.0	13
2021104943	2024-11-09	10	0.0	1.7	0	1	2600	0	38.0	2.0	15
2021104943	2024-11-17	14	0.0	2.1	0	1	2600	0	38.1	5.0	15
2021104943	2025-03-16	8	0.0	1.5	1	0	1800	1	37.0	2.0	14
2021104943	2025-05-04	4	130.0	1.3	0	2	2890	2	13.4	1.0	14
2021104943	2025-05-25	3	210.0	1.3	2	2	2890	2	13.6	1.0	14
2021104943	2025-06-22	4	130.0	0.5	0	2	3000	0	13.6	1.0	12
2021104943	2025-10-13	1	840.0	0.0	0	2	3000	0	13.4	1.0	14
2021104943	2025-11-22	5	143.0	1.6	0	2	3380	0	13.4	5.0	14
2021104974	2023-10-14	7	0.0	2.3	0	1	1800	0	34.8	0.0	11
2021104974	2023-12-17	8	0.0	1.1	0	1	2000	0	36.6	1.0	18
2021104974	2024-02-18	4	83.0	0.9	0	0	2100	0	38.0	1.0	16
2021104974	2024-03-10	9	0.0	1.6	0	0	1800	2	39.6	1.0	16
2021104974	2024-04-20	4	83.0	1.2	0	0	2100	0	38.3	1.0	16
2021104974	2024-05-12	5	55.0	1.3	1	1	2400	0	35.1	1.0	11
2021104974	2024-06-09	7	0.0	0.7	1	1	2400	0	35.2	1.0	15
2021104974	2024-07-14	7	0.0	1.1	0	1	2600	0	35.7	1.0	16
2021104974	2024-08-03	7	0.0	1.0	0	1	2000	0	35.9	1.0	16
2021104974	2024-08-25	3	140.0	0.2	1	1	2000	0	35.3	1.0	18
2021104974	2024-09-01	8	0.0	0.4	0	1	2200	0	35.9	1.0	18
2021104974	2024-09-16	6	0.0	1.5	1	0	2400	0	39.8	2.0	12
2021104974	2024-11-02	2	320.0	0.2	3	0	2400	2	38.2	2.0	12
2021104974	2024-12-07	7	0.0	1.6	1	0	1900	0	38.1	2.0	16
2021104974	2025-01-26	8	0.0	3.1	0	0	2400	0	40.4	2.0	13
2021104974	2025-02-16	14	0.0	0.9	0	1	2400	0	34.6	2.0	16
2021104974	2025-03-16	8	0.0	1.3	3	0	1800	1	39.8	2.0	13
2021104974	2025-03-30	5	80.0	1.1	0	0	1800	2	38.7	2.0	16
2021104974	2025-04-12	4	120.0	0.8	0	0	2400	0	38.5	2.0	14
2021104974	2025-06-15	10	0.0	1.8	1	1	2000	2	35.3	2.0	14
2021104974	2025-11-09	8	0.0	4.7	1	2	2750	0	13.7	1.0	10
2021104974	2025-12-21	5	84.0	3.4	1	2	2880	1	13.9	1.0	14
2021104974	2026-01-12	1	840.0	0.0	0	2	2880	0	13.6	1.0	14
2021105004	2023-12-23	4	110.0	0.4	0	1	2000	0	35.5	0.0	14
2021105004	2024-01-08	9	0.0	1.2	0	1	2200	0	37.1	1.0	18
2021105004	2024-03-23	1	550.0	0.0	3	0	2000	1	37.2	1.0	13
2021105004	2024-04-20	6	0.0	0.6	1	0	1800	0	37.5	2.0	10
2021105004	2024-09-22	2	320.0	0.0	1	0	1800	0	38.1	2.0	10
2021105004	2024-10-13	7	0.0	0.6	0	0	1800	0	38.9	2.0	10
2021105004	2024-12-01	1	800.0	0.0	0	0	1800	0	36.8	2.0	12
2021105004	2025-01-25	1	1579.4	0.0	0	0	1800	0	37.2	5.0	13
2021105004	2025-03-16	4	280.0	0.7	3	0	2000	1	37.3	4.0	15
2021105004	2025-03-30	13	0.0	2.1	0	0	1900	0	39.7	4.0	16
2021105004	2025-05-25	11	0.0	1.5	1	0	2100	1	37.3	4.0	16
2021105004	2025-08-09	15	0.0	4.1	0	0	1800	0	41.4	4.0	16
2021105004	2025-09-14	14	0.0	1.8	1	1	2000	0	34.9	4.0	14
2021105004	2025-11-16	1	840.0	0.0	0	2	2750	0	13.2	1.0	11
2021105039	2023-09-30	6	0.0	0.6	0	1	1800	0	35.4	0.0	12
2021105039	2023-10-15	7	0.0	2.9	0	0	1400	1	40.9	1.0	9
2021105039	2023-12-24	3	140.0	0.1	0	1	1600	0	33.3	1.0	16
2021105039	2024-01-20	1	550.0	0.0	2	1	1600	1	35.9	1.0	12
2021105039	2024-03-10	9	0.0	0.6	0	1	1600	0	33.9	2.0	11
2021105039	2024-05-18	12	0.0	2.1	0	0	1400	0	38.4	2.0	15
2021105039	2024-06-09	7	0.0	0.3	2	1	1200	0	34.6	2.0	13
2021105039	2024-06-22	1	800.0	0.0	1	1	1200	0	34.4	2.0	7
2021105039	2024-09-21	7	0.0	0.6	0	1	1200	0	33.7	5.0	16
2021105039	2024-11-10	11	0.0	0.8	1	1	1400	0	34.5	3.0	14
2021105039	2025-02-02	11	0.0	0.8	1	1	1200	2	34.9	5.0	18
2021105039	2025-03-01	10	0.0	0.8	0	1	1400	0	34.9	3.0	15
2021105039	2025-04-19	13	0.0	1.2	0	1	1400	0	34.0	5.0	14
2021105039	2025-06-21	1	1582.9	0.0	1	1	1200	0	33.8	3.0	15
2021105039	2025-07-05	6	0.0	0.4	0	1	1200	2	34.0	4.0	14
2021105039	2025-07-26	4	280.0	0.6	2	1	1200	0	32.9	4.0	12
2021105039	2025-08-31	5	184.0	0.7	1	1	1500	2	35.5	4.0	13
2021105039	2025-11-08	8	0.0	0.3	0	1	1200	0	33.6	4.0	16
2021105058	2023-12-10	7	0.0	0.4	0	1	1800	0	34.2	0.0	16
2021105058	2024-01-07	5	55.0	2.0	1	0	1800	0	40.8	1.0	16
2021105058	2024-03-17	7	0.0	0.9	1	1	2000	0	34.4	1.0	18
2021105058	2024-05-05	8	0.0	0.8	0	1	1800	0	34.8	1.0	18
2021105058	2024-07-14	6	0.0	1.1	0	1	2600	0	36.5	1.0	16
2021105058	2024-08-18	1	550.0	0.0	0	0	1800	0	37.9	1.0	15
2021105058	2024-10-06	1	800.0	0.0	0	0	1800	2	36.7	2.0	12
2021105058	2024-11-30	4	230.0	0.6	0	0	1800	0	37.9	5.0	16
2021105058	2025-01-11	5	155.0	0.8	0	0	1800	0	37.3	5.0	16
2021105058	2025-03-23	3	290.0	0.1	0	0	1800	0	39.4	3.0	15
2021105058	2025-04-05	1	1587.1	0.0	0	0	1800	2	37.6	3.0	16
2021105058	2025-05-03	11	0.0	1.3	0	0	1800	2	37.6	4.0	15
2021105058	2025-08-10	13	0.0	1.3	3	1	1800	1	34.4	4.0	14
2021105058	2025-09-28	6	0.0	1.0	1	0	1800	0	37.3	4.0	16
2021105058	2025-10-18	3	464.9	0.2	1	0	1800	2	36.7	4.0	16
2021105058	2025-12-14	4	280.0	0.7	0	0	2000	0	38.0	4.0	16
2021105113	2023-11-26	8	0.0	1.5	0	1	1800	0	34.8	0.0	15
2021105113	2024-04-07	11	0.0	1.6	0	1	1800	0	34.8	1.0	14
2021105113	2024-05-25	3	140.0	0.6	0	1	1800	0	34.9	1.0	17
2021105113	2024-06-09	3	140.0	0.0	1	1	1800	2	34.5	1.0	18
2021105113	2024-07-07	1	550.0	0.0	0	1	1800	0	35.5	1.0	16
2021105113	2024-12-28	7	0.0	0.6	0	1	1800	0	34.5	2.0	17
2021105113	2025-02-16	2	320.0	0.0	0	1	1800	0	34.9	2.0	15
2021105113	2025-03-02	3	200.0	0.5	3	1	2000	1	36.8	2.0	18
2021105113	2025-04-12	8	0.0	1.5	1	1	1800	0	36.0	5.0	14
2021105113	2025-06-28	2	445.6	0.6	0	1	2000	0	36.4	5.0	8
2021105113	2025-07-20	8	0.0	1.3	0	1	1800	0	35.7	2.0	10
2021105113	2025-10-19	2	453.4	0.6	1	1	2000	2	34.4	5.0	15
2021105113	2025-11-16	13	0.0	1.7	0	1	2000	0	36.1	2.0	16
2021105113	2026-01-11	10	0.0	1.1	1	1	2000	0	34.5	2.0	14
2021105202	2023-09-30	2	290.0	0.2	0	1	1400	0	34.7	0.0	18
2021105202	2023-10-22	1	550.0	0.0	1	1	1600	1	34.3	1.0	11
2021105202	2023-12-03	4	160.0	0.6	0	1	1600	0	35.1	2.0	7
2021105202	2024-02-10	2	435.8	0.0	1	1	1600	0	34.3	2.0	9
2021105202	2024-03-10	11	0.0	0.8	0	1	1400	0	35.0		14
2021105202	2024-04-28	5	78.0	1.0	0	1	1400	0	34.6	2.0	11
2021105202	2024-06-16	1	800.0	0.0	2	1	1200	0	34.4	2.0	14
2021105202	2024-07-06	1	1571.0	0.0	1	1	1200	0	34.2	5.0	10
2021105202	2024-09-22	12	0.0	1.9	1	1	1200	2	34.4	4.0	17
2021105202	2024-12-28	6	0.0	0.6	0	1	1200	0	34.6	4.0	16
2021105202	2025-02-15	3	465.6	0.2	1	1	1200	0	34.4	4.0	18
2021105202	2025-05-04	5	184.0	0.5	0	1	1200	0	33.9	4.0	13
2021105202	2025-06-22	6	0.0	0.4	2	1	1200	1	33.8	4.0	15
2021105202	2025-07-05	11	0.0	0.6	0	1	1200	2	34.5	4.0	14
2021105202	2025-07-26	3	463.7	0.5	2	1	1200	0	33.6	4.0	12
2021105247	2024-01-13	7	0.0	2.4	0	0	1800	0	38.4	0.0	16
2021105247	2024-03-10	4	83.0	0.6	0	0	1800	0	39.8	1.0	13
2021105247	2024-03-23	6	0.0	1.9	3	0	1800	3	38.3	1.0	13
2021105247	2024-04-14	5	55.0	2.1	0	0	1800	0	41.0	1.0	15
2021105247	2024-06-08	12	0.0	4.3	0	0	1800	0	41.4	1.0	16
2021105247	2024-07-07	6	0.0	1.4	0	1	1800	0	36.0	1.0	16
2021105247	2024-08-25	3	140.0	0.2	0	1	2200	0	35.1	1.0	18
2021105247	2024-09-01	1	550.0	0.0	1	1	2000	1	35.6	1.0	18
2021105247	2024-12-07	4	120.0	0.4	1	1	2200	0	35.6	2.0	18
2021105247	2025-08-03	3	200.0	0.3	0	1	2200	0	34.6	2.0	8
2021105247	2025-11-02	6	0.0	0.3	0	1	2200	0	34.1	2.0	16
2021105247	2025-11-24	13	0.0	1.2	1	1	2600	0	36.3	5.0	16
2021105247	2026-01-18	1	820.0	0.0	0	1	2400	0	35.3	2.0	12
2021105255	2023-11-05	7	0.0	0.6	0	1	1600	0	33.8	0.0	17
2021105255	2024-02-11	1	550.0	0.0	1	1	1600	0	35.0	1.0	14
2021105255	2024-03-02	3	1316.2	0.3	1	1	1600	2	34.7		16
2021105255	2024-04-07	10	0.0	0.7	0	1	1600	0	33.7		18
2021105255	2024-04-28	8	0.0	1.0	0	1	1800	0	34.5		13
2021105255	2024-08-25	1	800.0	0.0	1	1	1600	0	33.6	2.0	15
2021105255	2024-09-15	12	0.0	1.4	1	1	2000	2	34.2		15
2021105255	2024-11-30	11	0.0	1.0	0	1	1600	0	34.1	3.0	13
2021105255	2025-02-22	6	0.0	0.5	1	1	1600	0	34.4	3.0	9
2021105255	2025-05-31	3	394.9	0.1	2	1	1600	1	35.1	5.0	16
2021105255	2025-06-21	1	1580.1	0.0	0	1	1600	0	33.7	5.0	13
2021105255	2025-08-24	2	751.2	0.0	0	1	1600	0	33.1	4.0	18
2021105255	2025-09-14	6	0.0	0.5	1	1	1600	0	33.5	4.0	11
2021105255	2025-12-06	6	0.0	0.5	0	1	1400	0	33.7	4.0	12
2021105255	2026-01-11	12	0.0	1.1	1	1	1600	0	34.6	4.0	15
2021105333	2023-12-10	8	0.0	1.9	0	0	1400	0	40.4	0.0	16
2021105333	2024-01-07	5	55.0	0.6	0	0	1400	0	38.4	1.0	16
2021105333	2024-01-28	4	83.0	1.0	0	0	1200	0	38.8	1.0	15
2021105333	2024-03-16	2	220.0	0.0	0	0	1200	0	38.3	1.0	16
2021105333	2024-04-07	8	0.0	1.2	0	0	1200	0	39.4	1.0	16
2021105333	2024-05-04	2	220.0	0.2	0	0	1200	0	37.7	1.0	16
2021105333	2024-05-25	2	220.0	0.0	0	0	1200	0	38.2	1.0	16
2021105333	2024-06-23	1	550.0	0.0	2	0	1200	3	35.8	1.0	15
2021105333	2024-10-13	9	0.0	1.1	0	0	1200	0	38.7	2.0	14
2021105333	2024-10-27	9	0.0	1.4	1	0	1200	0	37.9	2.0	15
2021105333	2024-11-17	7	0.0	1.1	0	0	1150	0	37.6	2.0	16
2021105333	2024-12-07	9	0.0	1.9	0	0	1200	0	38.7	2.0	12
2021105333	2025-02-08	1	800.0	0.0	0	0	1000	2	35.3	2.0	14
2021105333	2025-02-16	3	394.9	0.5	0	0	1000	0	35.6	5.0	14
2021105333	2025-04-12	13	0.0	1.1	0	0	1150	0	38.4	5.0	16
2021105427	2024-03-10	1	550.0	0.0	0	1	2000	0	34.3	1.0	10
2021105427	2024-05-04	12	0.0	1.8	0	1	2200	0	35.0		15
2021105427	2024-07-13	4	120.0	0.5	1	1	2000	0	36.2	2.0	14
2021105427	2024-08-11	7	0.0	1.9	0	1	2000	0	37.1	2.0	8
2021105427	2024-11-10	2	320.0	0.4	0	1	2200	0	34.7	2.0	15
2021105427	2024-12-15	2	320.0	0.1	0	1	2200	0	35.3	2.0	18
2021105427	2025-02-10	3	200.0	0.8	0	1	1800	0	36.1	2.0	11
2021105427	2025-03-01	11	0.0	1.9	0	0	1800	0	40.0	2.0	16
2021105427	2025-05-31	8	0.0	0.5	1	1	1600	0	34.8	2.0	18
2021105427	2025-08-03	4	120.0	0.4	0	1	2200	0	34.6	2.0	8
2021105427	2025-11-02	1	800.0	0.0	0	1	2200	0	34.1	2.0	16
2021105574	2024-07-06	1	550.0	0.0	1	1	2000	0	34.6	1.0	16
2021105574	2024-10-26	1	800.0	0.0	1	1	2000	0	33.2	2.0	10
2021105574	2024-11-24	7	0.0	0.5	0	1	2000	0	33.9	3.0	13
2021105574	2025-02-16	2	460.0	0.0	0	1	1600	0	33.3	3.0	13
2021105574	2025-03-02	5	155.0	0.2	0	1	1800	0	34.0	5.0	11
2021105574	2025-05-11	1	1140.0	0.0	0	1	2000	0	33.3	3.0	5
2021105574	2025-06-15	5	184.0	0.7	1	1	2400	2	36.6	4.0	15
2021105574	2025-10-25	1	1879.2	0.0	1	1	2000	0	32.7	4.0	18
2021105574	2025-12-13	4	650.0	0.2	0	1	2000	0	33.2		18
2021105575	2024-02-03	1	620.0	0.0	0	1	1600	0	33.3	0.0	16
2021105575	2024-04-13	6	0.0	0.5	0	1	2000	0	34.8	2.0	6
2021105575	2024-06-22	4	120.0	0.4	0	1	1600	0	34.0	2.0	11
2021105575	2024-12-22	14	0.0	5.2	0	0	1800	0	44.2	2.0	16
2021105575	2025-04-12	9	0.0	1.0	0	1	1600	0	34.3	2.0	16
2021105575	2025-05-24	9	0.0	0.8	1	1	1600	0	33.7	2.0	13
2021105575	2025-07-26	10	0.0	1.6	0	1	1800	0	34.6	2.0	14
2021105604	2023-07-15	1	720.0	0.0	0	1	1400	0	35.5	0.0	8
2021105604	2023-09-16	6	0.0	1.6	0	1	1400	0	35.8	5.0	6
2021105604	2023-12-09	4	160.0	0.6	0	1	1400	0	34.6	2.0	14
2021105604	2024-08-24	9	0.0	0.9	0	1	1400	0	35.5	2.0	18
2021105604	2024-09-07	9	0.0	0.6	0	1	1200	0	34.3	2.0	18
2021105604	2024-11-10	13	0.0	1.7	0	1	1200	0	36.6	2.0	16
2021105604	2025-01-13	8	0.0	0.7	0	0	1400	0	39.3	2.0	16
2021105604	2025-02-09	2	320.0	0.0	0	0	1700	2	38.3	2.0	13
2021105604	2025-03-02	8	0.0	0.9	1	0	1700	1	38.6	2.0	14
2021105604	2025-05-04	4	120.0	0.3	0	0	1800	0	37.6	2.0	7
2021105604	2025-05-17	2	320.0	0.2	1	0	1800	2	37.5	2.0	10
2021105604	2025-07-13	3	200.0	0.8	1	0	1700	0	40.3	2.0	16
2021105604	2025-08-09	6	0.0	2.5	0	0	1800	0	40.8	2.0	9
2021105604	2025-10-18	8	0.0	1.7	1	0	1800	0	40.5	2.0	14
2021105604	2025-11-24	1	800.0	0.0	0	0	1700	0	39.1	2.0	15
2021105616	2023-07-01	4	110.0	0.8	1	0	1400	3	38.4	0.0	10
2021105616	2023-09-09	3	140.0	0.2	0	1	2000	0	35.4	1.0	7
2021105616	2023-10-07	1	550.0	0.0	0	1	2000	0	34.9	1.0	6
2021105616	2024-01-20	4	300.0	0.7	1	1	2000	1	37.1		7
2021105616	2024-02-25	2	438.6	0.1	2	1	1800	2	36.2	2.0	13
2021105616	2024-03-16	5	380.0	0.2	0	1	1800	0	36.2		12
2021105616	2024-04-21	6	0.0	0.3	1	1	2000	0	34.8		14
2021105616	2024-07-21	2	320.0	0.0	0	1	2000	0	35.1	2.0	10
2021105616	2024-08-03	4	120.0	0.6	0	1	1800	0	35.7	2.0	13
2021105616	2024-11-03	3	286.1	0.2	0	1	1800	2	36.7	5.0	16
2021105616	2025-02-02	5	80.0	0.6	0	1	2000	1	37.8	2.0	18
2021105616	2025-02-16	1	800.0	0.0	1	1	1800	0	35.3	2.0	16
2021105616	2025-05-04	2	625.0	0.2	0	1	1800	0	34.3	5.0	7
2021105616	2025-05-17	3	392.9	1.0	3	1	1800	2	35.3	5.0	9
2021105616	2025-07-20	3	392.8	0.2	0	1	1800	0	36.2	5.0	8
2021105616	2025-08-16	4	230.0	0.4	0	1	2000	0	34.2	5.0	8
2021105616	2025-11-09	3	290.0	0.4	3	0	1800	1	37.4	3.0	16
2021105616	2025-11-23	5	114.0	0.9	0	0	1800	0	36.7	3.0	14
2021105750	2023-10-21	6	0.0	0.9	0	1	2000	0	34.6	0.0	16
2021105750	2024-02-04	5	27.5	0.6	1	1	2000	1	38.7	1.0	10
2021105750	2024-02-25	7	0.0	1.1	0	1	1800	2	37.9	1.0	16
2021105750	2024-04-14	2	220.0	0.1	0	1	2000	0	35.9	1.0	16
2021105750	2024-05-05	7	0.0	0.6	0	1	1800	0	36.2	1.0	15
2021105750	2024-06-29	11	0.0	1.7	1	1	1800	0	38.2	1.0	15
2021105750	2024-07-27	6	0.0	0.6	1	1	2000	0	36.2	1.0	16
2021105750	2024-09-07	1	800.0	0.0	0	0	1800	0	37.0	2.0	11
2021105750	2024-12-15	3	200.0	0.0	0	0	1800	0	37.9	2.0	15
2021105750	2024-12-28	8	0.0	1.3	0	0	1800	0	39.8	2.0	16
2021105750	2025-01-25	2	320.0	0.3	0	0	1800	0	38.3	2.0	15
2021105750	2025-03-29	3	200.0	0.9	0	0	1800	2	39.6	2.0	14
2021105750	2025-05-03	1	800.0	0.0	0	0	1800	2	37.4	2.0	11
2021105750	2025-05-24	1	1140.0	0.0	1	0	1600	0	36.2	3.0	14
2021105750	2025-08-09	7	0.0	0.4	0	0	1800	0	38.0	4.0	16
2021105750	2025-10-05	4	280.0	0.5	1	0	1600	0	37.4	4.0	16
2021105750	2025-11-08	4	280.0	0.7	0	0	1600	0	36.8	4.0	11
2021105750	2025-12-20	11	0.0	1.5	2	0	1800	2	38.5	4.0	11
2021105769	2023-06-11	2	290.0	0.2	2	1	1800	2	34.5	0.0	9
2021105769	2023-07-02	4	83.0	1.6	0	1	1800	0	36.1	1.0	7
2021105769	2023-08-05	2	220.0	0.2	0	1	2000	0	34.8	1.0	12
2021105769	2023-09-10	8	0.0	2.1	0	1	2000	0	36.8	1.0	10
2021105769	2023-12-03	4	83.0	0.8	0	1	1600	0	34.6	1.0	16
2021105769	2023-12-28	4	83.0	0.2	1	1	1600	0	35.2	1.0	16
2021105769	2024-01-14	5	55.0	1.0	0	1	1600	2	35.8	1.0	16
2021105769	2024-05-04	10	0.0	1.8	0	1	1800	0	36.9	1.0	16
2021105769	2024-05-26	3	140.0	1.3	1	0	1600	0	37.0	1.0	16
2021105769	2024-06-09	3	140.0	0.3	1	0	1600	0	37.7	1.0	16
2021105769	2024-06-23	1	550.0	0.0	2	0	1600	1	36.5	1.0	16
2021105769	2024-06-30	8	0.0	2.7	1	0	1700	0	37.9	2.0	8
2021105769	2024-07-28	3	200.0	0.4	1	1	1800	0	34.7	2.0	16
2021105769	2024-08-17	8	0.0	1.1	0	1	1800	0	35.2	2.0	18
2021105769	2024-11-10	6	0.0	0.3	1	1	1800	0	34.1	2.0	16
2021105769	2024-11-23	6	0.0	0.8	0	1	2400	0	36.2	2.0	12
2021105769	2025-02-23	7	0.0	0.8	0	1	1800	0	35.2	2.0	15
2021105769	2025-03-15	4	120.0	0.2	1	1	2200	0	34.6	2.0	18
2021105769	2025-03-30	3	200.0	0.1	0	1	2200	0	34.1	2.0	11
2021105769	2025-04-27	7	0.0	1.4	0	1	2600	0	37.3	5.0	11
2021105769	2025-07-26	8	0.0	1.0	0	1	1800	0	33.9	2.0	14
2021105769	2025-08-10	8	0.0	1.0	3	1	2000	1	34.8	2.0	14
2021105769	2025-08-17	2	444.6	0.1	0	1	2000	0	33.3	5.0	6
2021105769	2025-08-30	6	0.0	0.6	0	1	2000	0	34.0	2.0	8
2021105769	2025-09-15	4	120.0	1.1	1	1	2500	0	35.4	2.0	14
2021105769	2025-10-12	7	0.0	0.7	1	1	2400	0	34.5	2.0	11
2021105769	2026-01-12	6	0.0	0.3	0	1	2000	0	34.4	2.0	18
2021105771	2023-06-11	1	720.0	0.0	1	1	1200	2	35.1	0.0	8
2021105771	2023-09-03	2	1210.4	0.0	0	1	1200	0	34.6		10
2021105771	2023-11-04	5	380.0	0.7	0	1	1400	0	34.1		12
2021105771	2023-12-17	17	0.0	1.3	0	1	1600	0	35.7		17
2021105771	2024-02-25	4	300.0	0.8	2	1	1200	1	34.7		11
2021105771	2024-03-16	17	0.0	1.7	0	1	1400	0	35.8		17
2021105771	2024-06-02	2	629.4	0.1	1	1	1200	0	33.4	5.0	14
2021105771	2024-07-21	1	1587.8	0.0	1	1	1200	0	34.1	3.0	18
2021105771	2025-05-04	10	0.0	0.7	0	1	1200	0	33.9	4.0	13
2021105771	2025-06-29	2	747.8	0.1	0	1	1200	0	34.4	4.0	13
2021105771	2025-07-19	5	184.0	0.2	1	1	1200	0	34.7	4.0	17
2021105771	2025-09-27	5	184.0	0.2	0	1	1200	0	32.8	4.0	16
2021105771	2025-11-23	13	0.0	0.8	0	1	1200	0	33.3	4.0	16
2021105772	2023-10-21	8	0.0	1.1	0	1	2000	0	33.8	0.0	16
2021105772	2023-11-19	4	83.0	0.8	0	1	2000	0	34.7	1.0	15
2021105772	2024-07-13	13	0.0	2.3	0	1	1800	0	37.4	1.0	16
2021105772	2024-09-18	1	50.0	0.0	0	0	1500	0	39.2		10
2021105772	2024-10-03	2	17.5	0.0	3	0	1500	2	37.9	11.0	12
2021105772	2024-10-18	1	50.0	0.0	1	0	1500	0	38.2	11.0	12
2021105772	2024-12-08	9	0.0	0.6	0	1	1600	0	35.9	2.0	16
2021105772	2024-12-28	15	0.0	3.1	0	0	1800	0	40.9	2.0	16
2021105772	2025-01-26	7	0.0	1.2	0	0	1700	0	37.7	2.0	11
2021105772	2025-02-16	5	80.0	0.7	0	0	1700	0	38.6	2.0	14
2021105772	2025-03-02	11	0.0	1.1	1	0	1700	2	38.2	2.0	16
2021105772	2025-03-16	9	0.0	1.3	3	0	1800	1	40.9	2.0	13
2021105772	2025-04-17	9	0.0	1.1	0	0	1800	0	38.5	13.0	12
2021105772	2025-07-13	2	320.0	0.1	0	0	1700	0	37.3	2.0	12
2021105772	2025-07-20	2	320.0	0.1	0	0	1700	0	38.5	2.0	13
2021105772	2025-08-17	2	320.0	0.1	2	0	1700	2	37.5	2.0	13
2021105772	2026-01-24	5	82.0	1.2	0	0	1700	0	38.8	2.0	15
2021105880	2024-01-14	6	0.0	1.0	0	1	1600	0	34.3	0.0	18
2021105880	2024-02-18	4	83.0	0.5	1	1	1800	0	35.2	1.0	13
2021105880	2024-03-09	4	83.0	0.2	0	1	1600	0	35.1	1.0	15
2021105880	2024-03-30	3	140.0	0.4	0	1	1400	0	35.2	1.0	18
2021105880	2024-04-28	3	140.0	0.2	0	1	1400	0	35.5	1.0	16
2021105880	2024-05-18	3	140.0	0.2	0	1	1400	0	34.1	1.0	18
2021105880	2024-06-15	11	0.0	1.4	0	1	1400	0	34.3	1.0	18
2021105880	2024-07-13	2	220.0	0.1	1	1	1200	0	34.6	1.0	18
2021105880	2024-08-03	2	220.0	0.1	0	1	1200	0	34.2	1.0	18
2021105880	2024-08-25	3	140.0	0.6	1	1	1400	0	34.3	1.0	17
2021105880	2024-08-31	1	550.0	0.0	2	1	1400	1	36.3	1.0	18
2021105880	2024-10-20	5	111.0	0.4	0	1	1400	0	35.8	5.0	18
2021105880	2024-11-10	7	0.0	0.9	0	1	1200	0	36.3	2.0	16
2021105880	2025-02-22	1	1159.7	0.0	0	1	1200	0	33.7	5.0	18
2021105880	2025-03-08	3	290.0	0.2	1	1	1200	0	34.5	3.0	11
2021105880	2025-04-19	1	1578.0	0.0	0	1	1200	0	33.3	5.0	13
2021105880	2025-06-29	3	463.9	0.3	0	1	1200	0	34.6	4.0	13
2021105880	2025-07-19	6	0.0	0.3	1	1	1200	0	34.6	4.0	17
2021105880	2025-09-27	9	0.0	0.5	0	1	1200	0	33.9	4.0	16
2021105880	2025-10-18	6	0.0	0.9	1	1	1200	0	33.5	4.0	18
2021105895	2023-10-15	10	0.0	1.8	3	0	1600	3	37.9	0.0	16
2021105895	2023-10-28	2	220.0	0.2	3	0	1800	2	39.1	1.0	14
2021105895	2023-11-11	5	55.0	0.3	1	0	1700	2	38.5	1.0	15
2021105895	2023-12-23	5	55.0	1.2	0	0	1800	0	41.0	1.0	14
2021105895	2024-01-14	1	550.0	0.0	0	0	1700	0	38.7	1.0	12
2021105895	2024-06-16	7	0.0	1.1	1	0	1700	0	38.2	2.0	14
2021105895	2024-06-22	2	320.0	0.2	1	0	1700	0	37.8	2.0	8
2021105895	2024-07-13	2	448.2	0.6	0	0	1700	0	37.6	5.0	12
2021105895	2024-09-01	4	120.0	1.2	0	0	1700	1	38.7	2.0	14
2021105895	2024-09-14	11	0.0	1.8	0	0	1900	0	38.8	2.0	13
2021105895	2024-11-10	9	0.0	1.7	0	0	1700	0	39.9	2.0	15
2021105895	2024-11-17	5	80.0	0.3	1	0	1400	0	37.2	2.0	16
2021105895	2024-12-01	5	80.0	0.7	0	0	1400	0	37.0	2.0	16
2021105895	2025-07-05	4	100.0	0.1	0	0	1700	1	36.6	2.0	13
2021105895	2025-07-12	6	0.0	0.7	0	0	1700	0	37.9	2.0	10
2021105895	2025-08-31	7	0.0	1.1	1	0	1700	2	37.5	2.0	13
2021105895	2025-09-06	2	320.0	0.5	1	0	1700	0	39.0	2.0	14
2021105895	2025-11-16	6	0.0	1.0	0	0	1700	0	39.0	2.0	15
2021105895	2025-11-22	7	0.0	1.6	0	0	1800	0	37.8	2.0	16
2021105895	2025-12-06	1	800.0	0.0	0	0	1800	0	37.6	2.0	15
2021105973	2023-07-01	3	180.0	0.8	0	0	1000	1	35.3	0.0	6
2021105973	2023-07-23	3	140.0	0.7	0	0	1000	0	36.3	1.0	8
2021105973	2023-08-26	4	83.0	0.4	0	1	1200	0	36.2	1.0	11
2021105973	2023-09-17	9	0.0	0.9	0	0	1200	0	39.8	1.0	12
2021105973	2023-10-15	1	550.0	0.0	2	0	1200	0	37.0	1.0	11
2021105973	2023-11-01	9	0.0	1.6	3	0	1200	1	38.5		14
2021105973	2024-04-27	5	78.0	0.7	1	1	1600	0	34.5	2.0	9
2021105973	2024-05-19	8	0.0	0.8	1	1	1600	0	34.0	2.0	11
2021105973	2024-07-21	8	0.0	0.7	0	1	1500	0	34.5	2.0	14
2021105973	2024-08-11	11	0.0	1.3	0	1	1500	0	35.8	2.0	14
2021105973	2024-10-12	5	80.0	0.6	0	0	1200	0	36.3	2.0	14
2021105973	2024-10-26	2	320.0	0.4	0	0	1200	0	35.9	2.0	10
2021105973	2024-12-01	4	120.0	0.3	0	0	1200	0	36.0	2.0	14
2021105973	2024-12-22	3	200.0	0.1	0	0	1200	0	35.9	2.0	16
2021105973	2025-01-26	5	80.0	0.8	0	0	1700	0	36.8	2.0	11
2021105973	2025-02-09	1	800.0	0.0	0	0	1700	2	38.1	2.0	13
2021105973	2025-04-12	15	0.0	1.1	0	0	1200	0	36.5	3.0	16
2021105973	2025-05-10	8	0.0	1.9	1	0	1800	1	38.0	3.0	10
2021105973	2025-05-24	11	0.0	1.3	3	0	1400	2	35.5	3.0	13
2021105973	2025-06-29	8	0.0	1.1	0	0	1700	0	37.7	3.0	15
2021105973	2025-07-12	2	628.0	0.2	0	0	1700	0	38.6	5.0	13
2021105973	2025-08-09	5	114.0	1.5	0	0	1200	0	35.9	3.0	15
2021105973	2025-10-05	6	0.0	1.0	1	0	1400	1	36.3	3.0	16
2021105973	2025-10-18	2	460.0	0.4	1	0	1400	2	36.0	3.0	12
2021105973	2025-11-08	3	395.1	0.5	0	0	1400	0	36.4	5.0	16
2021105973	2025-12-06	2	630.4	0.4	0	0	1200	0	34.9	3.0	13
2021105973	2026-01-18	6	0.0	0.5	0	0	1400	0	37.2	5.0	16
2021106068	2023-09-18	2	290.0	0.4	0	1	1600	0	34.8	0.0	13
2021106068	2023-10-07	2	220.0	0.0	0	1	1400	0	33.9	1.0	16
2021106068	2023-11-05	2	220.0	0.3	0	1	1800	0	34.4	1.0	6
2021106068	2023-12-02	4	83.0	0.5	0	1	1600	0	35.0	1.0	15
2021106068	2024-03-03	2	220.0	0.4	0	1	1600	2	36.1	1.0	16
2021106068	2024-03-23	2	220.0	0.1	1	1	1600	0	35.1	1.0	16
2021106068	2024-04-21	1	550.0	0.0	0	1	1400	0	34.0	1.0	17
2021106068	2024-08-10	3	200.0	0.4	0	1	1400	0	35.2	2.0	18
2021106068	2024-10-27	3	200.0	0.1	1	1	1400	0	34.0	2.0	18
2021106068	2024-11-16	6	0.0	0.2	1	1	1600	0	34.1	2.0	18
2021106068	2025-01-18	2	320.0	0.4	0	1	2000	0	35.6	2.0	16
2021106068	2025-04-13	5	80.0	0.9	2	1	2000	0	36.8	2.0	16
2021106068	2025-05-03	3	200.0	0.3	0	1	2000	0	33.9	2.0	6
2021106068	2025-06-01	5	80.0	1.0	0	1	1800	2	34.8	2.0	16
2021106068	2025-10-19	5	80.0	0.5	1	1	1800	0	33.6	2.0	13
2021106068	2025-12-14	2	320.0	0.0	1	1	1800	2	35.7	2.0	16
2021106177	2024-01-07	11	0.0	3.8	0	0	1800	0	41.7	0.0	14
2021106177	2024-01-13	8	0.0	1.6	0	0	1200	0	38.5	1.0	16
2021106177	2024-03-24	14	0.0	2.9	1	0	1400	3	38.7	1.0	16
2021106177	2024-05-11	2	220.0	0.9	0	0	1800	0	40.3	1.0	13
2021106177	2024-05-26	1	550.0	0.0	0	0	1800	0	38.9	1.0	16
2021106177	2024-09-15	7	0.0	1.4	1	0	1800	1	37.8	2.0	12
2021106177	2024-10-05	7	0.0	1.0	0	0	1800	1	38.8	2.0	12
2021106177	2024-11-30	2	320.0	0.2	0	0	1800	2	38.3	2.0	12
2021106177	2024-12-21	7	0.0	1.1	1	0	1800	0	39.6	2.0	15
2021106177	2025-02-22	2	320.0	0.2	1	0	1800	0	38.4	2.0	11
2021106177	2025-03-16	3	200.0	0.1	1	0	1800	1	37.0	2.0	10
2021106177	2025-05-04	1	800.0	0.0	0	0	1800	0	37.6	2.0	7
2021106177	2025-06-15	8	0.0	1.3	1	0	1800	1	39.2	5.0	16
2021106177	2025-07-12	3	394.0	0.2	0	0	1700	0	39.6	5.0	13
2021106177	2025-10-12	11	0.0	1.6	2	0	1800	0	37.9	3.0	14
2021106177	2025-11-09	4	170.0	0.6	3	0	1800	1	37.1	3.0	16
2021106177	2025-12-07	13	0.0	2.3	0	0	1800	0	40.2	5.0	16
2021106586	2023-10-08	10	0.0	2.3	1	1	1800	0	37.1	0.0	12
2021106586	2024-01-28	10	0.0	2.5	1	1	1600	0	37.8	1.0	10
2021106586	2024-03-03	1	550.0	0.0	1	1	1200	2	34.9	1.0	18
2021106586	2024-04-06	8	0.0	0.6	0	1	1200	0	34.0	2.0	10
2021106586	2024-05-19	7	0.0	0.5	2	1	1200	0	34.5	2.0	11
2021106586	2024-06-30	9	0.0	0.6	1	1	1200	2	35.5	2.0	17
2021106586	2024-07-13	2	320.0	0.1	1	1	1200	0	34.8	2.0	11
2021106586	2024-08-17	11	0.0	0.5	0	1	1200	0	33.9	2.0	18
2021106586	2024-10-19	12	0.0	3.1	2	0	1200	0	40.3	2.0	12
2021106586	2024-11-09	4	120.0	0.4	0	1	1200	0	35.8	2.0	16
2021106586	2024-12-07	15	0.0	1.3	1	1	1200	0	34.7	2.0	18
2021106586	2025-02-01	4	120.0	0.4	3	1	1200	1	36.5	2.0	18
2021106586	2025-02-23	5	80.0	0.5	1	1	1200	0	35.0	2.0	18
2021106586	2025-03-23	17	0.0	3.0	0	1	1200	0	36.0	2.0	18
2021106586	2025-05-11	11	0.0	1.4	0	1	1200	2	35.7	2.0	16
2021106586	2025-06-28	11	0.0	1.4	0	1	1200	0	34.5	2.0	14
2021106586	2025-07-13	8	0.0	0.4	1	1	1200	0	35.0	2.0	15
2021106586	2025-10-18	4	120.0	0.4	2	1	1000	0	33.4	2.0	18
2021106586	2025-10-25	5	111.0	0.5	1	1	1000	0	32.4	5.0	18
2021106586	2025-11-15	13	0.0	0.7	0	1	1200	0	35.2	2.0	16
2021106690	2023-07-09	7	0.0	1.7	0	1	1800	0	36.2	0.0	9
2021106690	2023-09-03	7	0.0	1.1	0	1	1500	0	36.9	1.0	11
2021106690	2023-09-24	12	0.0	2.9	0	0	1400	0	40.5	1.0	13
2021106690	2024-01-27	7	0.0	0.8	0	1	1800	0	37.7	1.0	13
2021106690	2024-02-03	2	220.0	0.4	0	1	1600	0	35.8	1.0	16
2021106690	2024-03-03	4	83.0	1.1	0	1	1600	0	34.2	1.0	15
2021106690	2024-05-26	1	550.0	0.0	0	1	1600	0	34.6	1.0	17
2021106690	2024-06-22	13	0.0	1.3	2	1	1600	0	34.4	2.0	15
2021106690	2024-10-05	17	0.0	1.8	0	1	1600	0	35.3	5.0	18
2021106690	2024-11-17	8	0.0	0.3	0	1	1200	0	34.3	2.0	16
2021106690	2025-01-26	7	0.0	0.4	0	1	1200	0	34.0	5.0	18
2021106690	2025-02-02	5	80.0	0.2	1	1	1400	2	34.6	2.0	17
2021106690	2025-03-02	6	0.0	0.3	3	1	1200	1	35.3	2.0	17
2021106690	2025-03-16	10	0.0	1.9	1	1	1400	1	37.0	5.0	13
2021106690	2025-04-19	7	0.0	0.5	0	1	1200	0	34.2	2.0	16
2021106690	2025-06-15	5	80.0	0.5	1	1	1200	0	33.8	2.0	13
2021106690	2025-07-06	7	0.0	1.0	0	1	1200	2	35.2	2.0	10
2021106690	2025-08-30	11	0.0	1.4	1	1	1200	2	35.6	2.0	15
2021106690	2025-11-24	8	0.0	0.5	1	1	1200	0	34.0	2.0	16
2021106690	2026-01-25	14	0.0	1.0	0	1	1200	0	33.1	5.0	16
2021106707	2023-12-17	10	0.0	4.3	0	0	1800	0	44.0	0.0	16
2021106707	2024-02-10	10	0.0	2.6	1	0	1800	0	41.2	1.0	14
2021106707	2024-03-23	2	220.0	0.1	3	0	1800	2	37.6	1.0	16
2021106707	2024-04-20	13	0.0	3.1	0	0	1600	0	39.3	1.0	16
2021106707	2024-05-04	3	140.0	1.1	0	0	2100	2	38.1	1.0	12
2021106707	2024-06-02	1	550.0	0.0	1	0	2100	1	37.6	1.0	16
2021106707	2024-08-24	4	100.0	0.4	0	0	1800	0	39.5	2.0	15
2021106707	2024-10-05	4	120.0	0.3	2	0	2100	1	36.9	2.0	9
2021106707	2024-10-26	9	0.0	1.7	1	0	2100	0	38.5	2.0	10
2021106707	2025-01-13	2	320.0	0.2	0	0	1900	0	39.1	2.0	16
2021106707	2025-01-26	2	320.0	0.7	0	0	1800	0	37.9	2.0	13
2021106707	2025-05-10	2	320.0	0.2	1	0	1800	2	38.9	2.0	11
2021106707	2025-05-24	4	120.0	0.2	1	0	1800	0	38.4	2.0	15
2021106707	2025-06-22	7	0.0	1.0	0	0	1600	0	37.9	2.0	16
2021106707	2025-10-18	6	0.0	0.9	1	0	1800	0	39.3	2.0	14
2021106734	2023-12-02	3	180.0	0.1	0	0	1800	0	38.8	0.0	16
2021106734	2024-02-11	1	550.0	0.0	0	0	1400	2	37.6	1.0	16
2021106734	2024-06-01	9	0.0	0.6	0	0	1400	1	36.2	2.0	16
2021106734	2024-07-20	11	0.0	1.3	1	0	1700	0	40.1	2.0	15
2021106734	2024-11-17	1	800.0	0.0	0	0	1300	0	36.2	2.0	16
2021106734	2025-02-09	12	0.0	1.4	0	0	1300	0	37.3	3.0	16
2021106734	2025-03-30	5	155.0	0.7	0	0	1400	0	37.8	5.0	16
2021106734	2025-05-10	2	460.0	0.3	0	0	1400	1	36.2	3.0	16
2021106734	2025-06-08	4	230.0	0.2	0	0	1400	0	36.6	5.0	16
2021106734	2025-07-26	5	155.0	0.9	0	0	1800	0	38.8	5.0	7
2021106734	2025-10-05	9	0.0	1.5	1	0	1400	1	38.5	3.0	16
2021106734	2025-11-24	9	0.0	1.9	0	0	1400	0	38.3	3.0	15
2021106738	2023-11-12	2	290.0	0.0	1	1	2000	0	34.9	0.0	8
2021106738	2023-12-09	1	550.0	0.0	0	1	2000	0	35.6	1.0	10
2021106738	2024-02-24	8	0.0	1.2	0	1	2200	0	35.9		10
2021106738	2024-05-04	4	300.0	0.3	0	1	2000	0	33.1		13
2021106738	2024-06-09	1	800.0	0.0	1	1	2000	0	33.1	2.0	11
2021106738	2024-09-22	9	0.0	1.5	1	1	2200	2	36.3		14
2021106738	2024-10-19	3	394.9	0.3	3	1	2000	2	35.2	5.0	14
2021106738	2025-02-22	3	290.0	0.4	1	1	1800	0	34.1	3.0	11
2021106738	2025-03-15	1	1580.1	0.0	2	1	2000	0	34.6	5.0	13
2021106738	2025-06-07	3	464.6	0.2	1	1	2000	0	35.7	4.0	15
2021106738	2025-07-26	5	184.0	0.5	0	1	2000	0	33.2	4.0	10
2021106738	2025-10-25	2	751.2	0.3	1	1	2000	0	33.4	4.0	18
2021106738	2025-11-30	1	1873.6	0.0	0	1	2000	0	33.5	4.0	15
2021107279	2024-04-13	3	140.0	0.3	0	0	1800	0	37.7	1.0	12
2021107279	2024-05-04	4	83.0	1.2	0	0	2100	2	38.9	1.0	12
2021107279	2024-06-15	2	220.0	0.6	0	0	2100	0	38.7	1.0	16
2021107279	2024-07-06	3	140.0	1.0	1	0	1700	0	38.5	1.0	15
2021107279	2024-07-21	1	550.0	0.0	0	0	1700	0	37.0	1.0	15
2021107279	2025-02-02	13	0.0	4.0	2	0	1600	2	41.9	2.0	16
2021107279	2025-02-16	4	120.0	0.6	0	0	1700	0	38.9	2.0	14
2021107279	2025-03-02	6	0.0	0.6	1	0	1700	2	38.4	2.0	16
2021107279	2025-10-18	12	0.0	3.4	1	0	1800	0	41.3	2.0	15
2021109096	2023-12-24	3	180.0	0.9	1	0	1200	0	38.4	0.0	16
2021109096	2024-01-20	4	83.0	1.0	1	0	1200	0	37.7	1.0	16
2021109096	2024-03-03	3	140.0	0.8	0	0	1200	2	37.4	1.0	16
2021109096	2024-03-24	12	0.0	2.1	1	0	1200	0	39.0	1.0	16
2021109096	2024-05-11	15	0.0	2.9	0	0	1400	0	38.7	1.0	16
2021109096	2024-06-12	1	250.0	0.0	0	0	1400	0	38.7		12
2021109096	2024-07-20	15	0.0	3.5	0	0	1700	0	39.8	2.0	15
2021109096	2024-10-05	8	0.0	0.9	2	0	1400	1	36.5	2.0	16
2021109096	2024-11-09	4	120.0	0.8	0	0	1400	0	36.1	2.0	16
2021109096	2025-02-01	5	80.0	0.7	0	0	1400	0	36.6	2.0	16
2021109096	2025-02-22	2	320.0	0.5	1	0	1400	0	37.2	2.0	16
2021109096	2025-03-16	6	0.0	0.9	2	0	1400	1	36.2	2.0	16
2021109096	2025-05-03	1	800.0	0.0	0	0	1400	1	35.2	2.0	16
2021109096	2025-06-28	10	0.0	3.0	0	0	1700	0	38.4	5.0	14
2021109096	2025-10-04	9	0.0	0.8	1	0	1400	0	36.9	3.0	16
2021109096	2025-11-16	9	0.0	1.1	0	0	1400	0	36.0	3.0	16
2021110002	2023-09-03	4	110.0	0.9	0	1	1400	0	36.2	0.0	18
2021110002	2024-01-27	1	550.0	0.0	0	1	1200	0	35.0	1.0	14
2021110002	2024-03-02	3	274.2	0.4	0	1	1200	2	35.2	2.0	13
2021110002	2024-04-28	7	0.0	1.2	0	1	1400	0	34.4	2.0	11
2021110002	2024-11-10	12	0.0	1.4	0	1	1200	0	35.7	2.0	16
2021110002	2025-01-06	12	0.0	1.2	2	0	1400	0	39.5	2.0	16
2021110002	2025-03-23	10	0.0	0.6	0	1	1200	0	35.4	2.0	18
2021110002	2025-06-14	7	0.0	1.1	2	0	1200	1	37.5	2.0	16
2021110002	2025-08-16	6	0.0	2.0	0	0	1200	0	37.1	2.0	16
2021110002	2025-10-19	8	0.0	0.9	1	0	1200	0	36.3	2.0	12
2021110002	2025-12-14	10	0.0	2.1	1	0	1200	2	37.5	2.0	16
2021110123	2023-09-23	12	0.0	2.5	0	1	1600	0	36.9	0.0	13
2021110123	2023-11-26	7	0.0	1.4	1	0	1200	0	38.1	1.0	16
2021110123	2023-12-09	2	220.0	0.4	0	0	1800	0	38.9	1.0	10
2021110123	2024-01-06	5	55.0	0.8	0	0	1800	0	39.8	1.0	16
2021110123	2024-01-28	2	220.0	0.2	0	0	1700	0	39.4	1.0	11
2021110123	2024-04-07	1	550.0	0.0	0	0	1700	0	39.4	1.0	15
2021110123	2024-04-27	13	0.0	3.0	0	0	1800	0	40.2	2.0	14
2021110123	2024-07-21	12	0.0	2.1	0	0	1700	2	39.5	2.0	15
2021110123	2024-10-20	6	0.0	1.1	0	0	1200	2	36.9	2.0	13
2021110123	2024-11-09	7	0.0	1.2	0	0	1200	0	35.7	2.0	16
2021110123	2024-11-30	5	80.0	1.0	0	0	1400	0	37.1	2.0	16
2021110123	2024-12-21	6	0.0	1.1	1	0	1400	0	37.5	2.0	16
2021110123	2025-02-08	4	120.0	0.8	5	0	1700	2	37.7	2.0	15
2021110123	2025-04-20	3	200.0	1.3	1	0	1700	0	38.7	2.0	15
2021110123	2025-07-06	7	0.0	1.2	0	0	1700	0	38.2	2.0	16
2021110123	2025-10-11	4	120.0	0.2	0	0	1400	0	36.8	2.0	16
2021110123	2025-11-01	6	0.0	0.8	0	0	1400	1	36.8	2.0	16
2021110123	2025-12-28	6	0.0	1.0	0	0	1400	0	37.6	2.0	16
2021110123	2026-01-17	10	0.0	1.2	0	0	1400	0	37.0	2.0	15
2021110161	2023-10-15	2	290.0	0.0	3	0	1600	3	38.2	0.0	16
2021110161	2023-11-18	1	550.0	0.0	0	0	1600	1	38.2	1.0	15
2021110161	2023-12-10	8	0.0	2.2	0	0	1800	0	39.5	2.0	16
2021110161	2024-02-03	1	780.0	0.0	0	0	1400	0	36.8	2.0	8
2021110161	2024-03-31	7	0.0	1.2	1	0	1400	0	38.1	5.0	11
2021110161	2024-05-04	5	180.0	1.4	0	0	1600	2	38.0	5.0	8
2021110161	2024-06-22	12	0.0	2.0	0	0	1600	1	38.1	5.0	16
2021110161	2024-09-15	8	0.0	0.9	0	0	1200	0	37.3	5.0	13
2021110161	2024-11-03	2	460.0	0.0	0	0	1300	1	35.9	3.0	12
2021110161	2024-11-16	2	460.0	0.2	1	0	1400	0	37.0	3.0	16
2021110161	2025-01-13	4	230.0	0.3	0	0	1400	0	37.1	5.0	16
2021110161	2025-02-02	3	290.0	0.8	2	0	1400	2	36.8	3.0	16
2021110161	2025-02-23	3	290.0	0.5	1	0	1400	0	37.6	3.0	12
2021110161	2025-03-15	2	631.0	0.2	2	0	1200	0	36.2	5.0	16
2021110161	2025-06-22	5	155.0	0.8	0	0	1400	0	37.6	5.0	16
2021110161	2025-08-23	8	0.0	0.7	0	0	1200	0	36.4	5.0	15
2021110161	2025-11-09	5	114.0	0.8	2	0	1300	2	36.9	3.0	16
2021110161	2025-11-22	7	0.0	0.6	0	0	1400	0	37.6	3.0	16
2022100018	2024-10-26	2	290.0	0.6	1	0	1400	0	37.1	0.0	16
2022100018	2024-11-10	1	550.0	0.0	0	0	1400	0	38.3	1.0	16
2022100018	2024-12-21	5	107.0	0.6	1	1	1400	0	34.1	2.0	12
2022100018	2025-10-26	4	120.0	0.4	1	0	1400	1	36.7	2.0	11
2022100018	2025-11-23	1	800.0	0.0	0	0	1400	0	36.2	2.0	16
2022100018	2026-01-17	3	300.0	0.2	0	1	1600	0	34.0	3.0	18
2022100075	2024-08-10	12	0.0	2.3	0	1	1400	0	37.3	0.0	18
2022100075	2024-10-05	9	0.0	2.4	2	1	1600	0	37.7	1.0	9
2022100075	2024-10-20	10	0.0	1.9	0	1	1600	0	36.8	1.0	10
2022100075	2024-10-27	6	0.0	1.4	0	1	1400	0	34.8	1.0	11
2022100075	2024-12-14	11	0.0	1.0	0	1	1400	0	36.5	1.0	18
2022100075	2025-02-23	2	220.0	0.0	0	1	1200	0	35.1	1.0	18
2022100075	2025-03-01	6	0.0	0.7	1	1	1200	0	36.2	1.0	18
2022100075	2025-04-20	12	0.0	1.7	1	1	1200	0	37.2	1.0	16
2022100075	2025-06-21	12	0.0	0.9	1	1	1200	0	35.5	1.0	16
2022100075	2025-06-28	6	0.0	0.6	0	1	1200	2	35.3	1.0	15
2022100075	2025-07-06	3	140.0	0.4	1	1	1200	2	36.0	1.0	15
2022100075	2025-07-19	3	140.0	0.6	0	1	1200	0	34.7	1.0	15
2022100075	2025-08-09	6	0.0	0.6	0	1	1200	2	35.7	1.0	15
2022100075	2025-09-18	2	31.5	0.2	0	0	1700	0	40.7		12
2022100075	2025-10-01	1	90.0	0.0	0	0	1500	0	40.2	5.0	12
2022100075	2025-10-16	1	65.0	0.0	1	0	920	3	36.2		12
2022100075	2025-11-07	5	10.0	1.4	0	0	1500	0	39.9	5.0	8
2022100081	2024-11-30	7	0.0	1.6	0	1	1800	0	34.5	0.0	13
2022100081	2024-12-14	6	0.0	1.0	0	1	2000	0	35.6	1.0	18
2022100081	2025-01-11	9	0.0	0.9	0	1	2200	0	35.1	1.0	18
2022100081	2025-04-13	7	0.0	0.8	2	1	2000	0	35.7	1.0	14
2022100081	2025-04-27	6	0.0	1.0	0	1	2000	0	34.7	1.0	14
2022100081	2025-07-20	3	140.0	0.1	0	1	2000	0	35.7	1.0	18
2022100081	2025-08-02	2	220.0	0.2	0	1	2000	0	34.4	1.0	14
2022100081	2025-08-17	6	0.0	0.7	0	1	2000	0	35.1	1.0	13
2022100081	2025-08-30	4	84.0	0.6	0	1	2200	0	34.6	1.0	15
2022100216	2024-08-04	7	0.0	0.9	0	1	1600	0	34.2	0.0	14
2022100216	2024-08-31	1	550.0	0.0	1	0	1800	0	39.4	1.0	10
2022100216	2024-09-29	8	0.0	1.3	1	1	1600	0	35.3	2.0	9
2022100216	2024-12-08	9	0.0	2.1	0	0	1800	0	40.4	2.0	13
2022100216	2024-12-21	15	0.0	3.3	0	0	1200	0	38.6	2.0	16
2022100216	2025-02-02	7	0.0	2.2	0	0	1700	1	37.8	2.0	8
2022100216	2025-02-22	10	0.0	2.0	0	0	1400	0	37.8	2.0	16
2022100216	2025-03-15	14	0.0	3.1	2	0	1400	0	39.2	2.0	16
2022100216	2025-06-28	14	0.0	4.3	0	0	1700	0	39.7	2.0	15
2022100216	2025-08-03	10	0.0	3.0	0	0	1700	0	41.2	2.0	12
2022100216	2025-08-24	9	0.0	2.3	0	0	1700	0	39.4	2.0	11
2022100216	2025-09-07	9	0.0	1.8	1	1	1800	2	40.7	2.0	13
2022100216	2025-10-05	17	0.0	1.4	0	1	1400	0	34.1	2.0	18
2022100328	2025-01-13	4	93.0	0.2	0	1	1600	0	35.3	0.0	16
2022100328	2025-02-01	1	560.0	0.0	0	0	1400	0	37.1	1.0	15
2022100328	2025-03-23	2	320.0	0.3	0	0	1200	0	37.5	2.0	15
2022100328	2025-04-06	10	0.0	1.5	0	0	1400	0	38.3	5.0	15
2022100328	2025-06-22	3	200.0	0.6	0	0	1400	0	37.8	2.0	16
2022100328	2025-08-02	2	320.0	0.2	0	0	1400	0	38.8	2.0	13
2022100328	2025-09-20	1	800.0	0.0	1	0	1400	0	36.5	2.0	16
2022100328	2025-10-18	6	0.0	0.9	1	0	1400	0	36.9	3.0	14
2022100460	2024-10-06	1	720.0	0.0	1	1	1600	0	33.6	0.0	14
2022100460	2025-01-05	15	0.0	2.0	1	1	1600	0	35.5		15
2022100460	2025-02-01	5	200.0	0.5	0	1	1400	0	33.8		7
2022100460	2025-03-22	18	0.0	4.1	0	1	1400	0	38.7		18
2022100460	2025-06-22	5	80.0	0.5	1	1	1200	1	34.8	2.0	11
2022100460	2025-07-05	2	320.0	0.3	0	1	1200	2	34.8	2.0	9
2022100460	2025-07-19	12	0.0	1.0	0	1	1200	0	36.0	2.0	16
2022100460	2025-08-30	13	0.0	1.6	0	1	1400	0	35.1	5.0	18
2022100460	2025-11-09	7	0.0	0.4	1	1	1200	0	34.5	2.0	16
2022100482	2025-02-16	10	0.0	2.2	0	0	1600	0	37.6	0.0	16
2022100482	2025-04-26	11	0.0	2.6	1	0	2100	2	39.9	1.0	16
2022100482	2025-06-22	12	0.0	4.0	0	0	2100	0	40.5	1.0	16
2022100497	2024-09-07	2	290.0	0.3	0	0	1200	0	38.2	0.0	16
2022100497	2024-09-29	8	0.0	1.5	1	0	1200	0	40.0	1.0	16
2022100497	2025-01-12	7	0.0	2.1	1	0	1400	0	38.9	1.0	16
2022100497	2025-03-08	6	0.0	2.4	0	0	1800	0	39.1	1.0	12
2022100497	2025-04-19	6	0.0	0.4	0	0	1700	0	39.5	1.0	15
2022100497	2025-06-25	2	60.0	0.3	1	0	1400	2	42.1	5.0	11
2022100497	2025-07-20	1	560.0	0.0	0	0	1700	0	38.3	1.0	14
2022100497	2025-08-03	9	0.0	3.0	0	0	1700	0	41.5	2.0	12
2022100497	2025-11-24	14	0.0	2.1	0	0	1700	0	39.8	2.0	15
2022100785	2024-06-23	3	180.0	0.5	2	1	1800	1	34.9	0.0	8
2022100785	2024-08-18	4	83.0	2.3	0	1	2000	0	36.0	1.0	6
2022100785	2024-09-08	5	55.0	1.7	0	1	1600	0	37.4	1.0	7
2022100785	2024-11-10	7	0.0	3.2	0	0	1800	0	41.1	1.0	10
2022100785	2024-11-23	12	0.0	3.4	1	0	1800	0	40.6	1.0	14
2022100785	2024-12-08	5	55.0	0.9	0	1	1400	0	35.6	1.0	15
2022100785	2024-12-22	17	0.0	4.1	1	1	1400	0	39.1	1.0	18
2022100785	2025-05-03	11	0.0	1.7	0	0	1400	1	38.1	1.0	16
2022100785	2025-06-28	5	56.0	1.0	0	1	1800	0	37.4	1.0	16
2022100785	2025-07-13	6	0.0	0.4	1	1	1800	0	37.1	1.0	16
2022100785	2025-10-12	12	0.0	7.8	1	2	2910	0	14.2	1.0	12
2022100785	2025-11-02	6	0.0	1.0	0	2	2910	0	14.0	1.0	10
2022100785	2025-11-30	1	840.0	0.0	0	2	2910	0	13.7	1.0	9
2022100791	2024-09-21	3	180.0	0.1	0	1	1600	0	34.4	0.0	14
2022100791	2024-10-06	6	0.0	0.4	0	1	1400	0	34.9	1.0	14
2022100791	2024-12-14	7	0.0	0.8	0	1	1400	0	36.7	1.0	18
2022100791	2025-02-09	9	0.0	0.6	0	1	1200	2	37.3	1.0	17
2022100791	2025-02-23	13	0.0	2.2	0	0	1200	0	39.6	1.0	14
2022100791	2025-05-11	11	0.0	1.4	1	1	1000	2	35.5	1.0	16
2022100791	2025-07-05	1	560.0	0.0	0	1	1200	0	34.6	1.0	18
2022100791	2025-09-07	1	800.0	0.0	0	1	1200	0	34.4	2.0	13
2022100791	2025-10-05	1	1140.0	0.0	1	1	1200	2	33.8	3.0	16
2022100791	2025-11-23	10	0.0	0.6	0	1	1200	0	33.3	4.0	16
2022100791	2025-12-14	4	280.0	0.4	0	1	1200	2	35.2	4.0	10
2022101016	2024-11-23	3	180.0	1.0	1	0	1800	0	39.0	0.0	11
2022101016	2025-02-23	1	560.0	0.0	0	0	1400	0	38.5	1.0	16
2022101016	2025-05-04	2	320.0	0.0	0	0	1400	0	37.2	2.0	15
2022101016	2025-05-24	1	800.0	0.0	2	0	1400	0	37.0	2.0	9
2022101016	2025-10-12	4	170.0	0.5	1	0	1300	0	36.4	3.0	16
2022101016	2025-11-02	9	0.0	1.1	0	0	1200	2	36.3	3.0	15
2022101016	2026-01-11	3	300.0	0.3	5	0	1400	0	36.5	3.0	16
2022101043	2024-09-22	8	0.0	1.8	2	1	2000	0	35.2	0.0	11
2022101043	2024-11-10	2	220.0	0.1	0	0	1800	0	38.2	1.0	10
2022101043	2024-11-30	1	550.0	0.0	0	0	1800	2	39.2	1.0	11
2022101043	2025-05-25	13	0.0	2.6	1	0	1800	1	39.2	2.0	16
2022101043	2025-08-30	4	120.0	0.5	0	0	1400	0	37.5	2.0	12
2022101043	2025-09-20	2	320.0	0.0	1	0	1400	0	36.9	2.0	16
2022101043	2025-11-23	4	120.0	0.4	0	0	1400	0	36.4	2.0	16
2022101043	2025-12-14	2	320.0	0.3	0	0	1400	2	37.0	2.0	16
2022101043	2026-01-12	1	820.0	0.0	0	0	1400	0	36.6	2.0	16
2022101191	2025-04-20	11	0.0	1.1	1	1	2000	0	35.0	1.0	16
2022101191	2025-06-01	4	84.0	0.6	0	1	1600	2	34.5	1.0	14
2022101191	2025-06-21	5	56.0	0.8	0	1	1600	0	35.7	1.0	16
2022101191	2025-07-20	1	560.0	0.0	0	1	1800	0	35.9	1.0	14
2022101191	2025-10-18	13	0.0	1.0	1	1	1800	0	34.1	2.0	18
2022101191	2025-11-08	4	120.0	0.5	0	1	1800	0	35.7	2.0	16
2022101191	2025-11-22	5	111.0	0.2	0	1	1800	0	34.6	5.0	16
2022101398	2024-09-28	6	0.0	0.9	1	0	1200	0	37.3	0.0	16
2022101398	2024-12-08	2	220.0	0.2	0	0	1200	0	37.5	1.0	12
2022101398	2024-12-28	2	220.0	0.5	0	0	1200	0	39.1	1.0	16
2022101398	2025-01-25	3	140.0	0.8	2	0	1200	0	38.6	1.0	16
2022101398	2025-03-29	1	560.0	0.0	3	0	1200	2	37.4	1.0	16
2022101398	2025-04-13	10	0.0	1.3	3	0	1200	0	38.1	2.0	16
2022101398	2025-06-29	5	80.0	1.6	0	0	1150	0	36.6	2.0	16
2022101398	2025-07-26	3	200.0	0.3	0	0	1200	0	37.2	2.0	14
2022101398	2025-08-24	1	800.0	0.0	0	0	1200	0	36.9	2.0	15
2022101398	2025-11-29	10	0.0	0.7	0	0	1200	0	37.3	3.0	16
2022101429	2024-08-11	4	110.0	0.7	0	1	2000	0	34.6	0.0	9
2022101429	2024-10-12	2	220.0	0.1	0	1	1600	0	35.7	1.0	16
2022101429	2024-11-17	8	0.0	1.2	1	1	1600	0	36.2	1.0	14
2022101429	2024-12-01	1	550.0	0.0	0	1	1600	0	34.2	1.0	10
2022101429	2025-02-01	3	282.5	0.5	1	1	1600	0	34.2	2.0	8
2022101429	2025-05-03	8	0.0	1.7	0	1	1400	2	34.5	2.0	9
2022101429	2025-05-24	13	0.0	2.8	3	1	1600	2	38.7	2.0	13
2022101429	2025-08-10	14	0.0	1.5	1	1	1400	0	35.9	2.0	15
2022101429	2025-09-06	11	0.0	2.9	0	1	1600	0	37.3	2.0	13
2022101429	2025-10-05	14	0.0	9.5	2	0	1800	1	46.2	2.0	14
2022101429	2026-01-10	6	0.0	1.2	0	1	1400	0	34.5	2.0	18
2022101445	2024-10-13	7	0.0	0.7	0	1	1800	0	35.4	0.0	11
2022101445	2025-01-18	5	56.0	0.9	0	1	1600	0	35.8	1.0	16
2022101445	2025-02-02	3	140.0	0.2	1	1	1600	2	36.7	1.0	11
2022101445	2025-03-23	6	0.0	1.1	0	1	1600	0	34.9	1.0	17
2022101445	2025-04-26	1	560.0	0.0	0	0	1700	0	39.5	1.0	15
2022101445	2025-10-04	9	0.0	1.2	1	0	1400	3	37.8	2.0	16
2022101447	2024-11-09	2	290.0	0.1	0	1	1600	0	34.2	0.0	14
2022101447	2024-12-15	2	220.0	0.0	0	1	1600	0	35.4	1.0	16
2022101447	2025-03-30	3	140.0	0.4	0	1	1600	0	34.3	1.0	17
2022101447	2025-04-20	3	140.0	0.3	1	1	1800	0	35.3	1.0	18
2022101447	2025-07-13	2	220.0	0.1	1	1	1800	0	36.6	1.0	16
2022101447	2025-08-03	3	140.0	0.1	0	1	1600	0	34.3	1.0	16
2022101447	2025-08-17	2	220.0	0.0	0	1	1600	0	35.2	1.0	15
2022101447	2025-08-30	16	0.0	3.4	0	1	1600	0	38.1	1.0	16
2022101543	2024-06-29	3	180.0	0.4	0	0	1000	0	36.8	0.0	11
2022101543	2024-07-21	2	220.0	0.9	0	0	1000	0	36.6	1.0	7
2022101543	2024-10-05	1	550.0	0.0	2	0	1400	1	36.1	1.0	16
2022101543	2024-11-09	8	0.0	2.0	0	0	1400	0	37.4	2.0	16
2022101543	2024-12-01	4	120.0	1.3	0	0	1200	0	37.8	2.0	9
2022101543	2025-01-19	4	120.0	0.7	1	0	1200	0	38.0	2.0	16
2022101543	2025-02-22	5	80.0	0.5	0	0	1400	0	37.0	2.0	16
2022101543	2025-03-23	3	200.0	0.4	0	0	1200	0	36.9	2.0	15
2022101543	2025-04-20	2	320.0	0.0	1	0	1200	0	37.5	2.0	16
2022101543	2025-05-10	3	200.0	0.3	1	0	1200	1	35.7	2.0	16
2022101543	2025-06-08	1	800.0	0.0	0	0	1400	0	36.3	2.0	16
2022101543	2025-10-04	4	170.0	0.4	1	0	1400	0	36.6	3.0	16
2022101543	2025-11-01	11	0.0	1.1	1	0	1400	1	36.7	3.0	14
2022101543	2025-12-06	2	460.0	0.0	0	0	1400	0	36.8	3.0	16
2022101604	2024-11-09	10	0.0	1.8	0	1	1600	0	35.4	0.0	11
2022101604	2025-01-13	5	56.0	1.2	0	0	1200	0	38.4	1.0	16
2022101604	2025-02-02	9	0.0	2.0	3	0	1400	2	40.0	1.0	16
2022101604	2025-03-19	3	14.0	0.1	0	0	1400	0	41.0	5.0	8
2022101604	2025-05-18	2	220.0	0.6	1	0	1200	2	38.2	1.0	15
2022101604	2025-05-25	2	220.0	0.1	2	0	1200	2	38.7	1.0	15
2022101604	2025-07-26	2	220.0	0.1	0	0	1200	0	37.7	1.0	14
2022101604	2025-08-17	1	560.0	0.0	0	0	1200	0	37.1	1.0	15
2022101604	2025-10-19	2	320.0	0.4	1	0	1200	1	37.6	2.0	13
2022101604	2025-11-08	1	800.0	0.0	0	0	1150	0	37.2	2.0	16
2022101675	2025-03-08	6	0.0	0.9	0	0	1400	0	40.0	1.0	16
2022101675	2025-04-26	1	560.0	0.0	0	0	1150	0	37.3	1.0	16
2022101675	2025-06-29	3	200.0	0.7	0	0	1000	0	36.1	2.0	14
2022101675	2025-07-12	3	200.0	0.1	0	1	1200	0	35.6	2.0	17
2022101675	2025-10-19	1	800.0	0.0	1	0	1200	2	36.0	2.0	14
2022101675	2025-12-20	2	460.0	0.3	1	0	1200	0	36.4	3.0	16
2022101675	2026-01-11	4	180.0	0.9	0	0	1200	0	38.6	3.0	16
2022101814	2024-12-14	4	110.0	0.8	0	0	1800	0	39.0	0.0	15
2022101814	2025-01-11	4	84.0	0.5	0	0	1800	2	39.8	1.0	16
2022101814	2025-02-02	8	0.0	1.9	3	0	1600	2	37.3	1.0	16
2022101814	2025-03-15	1	560.0	0.0	0	0	1800	2	38.3	1.0	16
2022101814	2025-05-10	11	0.0	1.2	1	0	1600	1	35.5	5.0	11
2022101814	2025-09-07	7	0.0	1.7	0	0	1800	0	39.7	2.0	15
2022101814	2026-01-10	7	0.0	0.9	0	0	1800	0	38.3	2.0	16
2022101818	2024-10-20	6	0.0	1.0	0	1	1800	0	34.3	0.0	18
2022101818	2024-11-16	3	140.0	0.7	1	1	2000	0	33.7	1.0	14
2022101818	2024-12-15	6	0.0	0.8	0	1	2000	0	34.8	1.0	18
2022101818	2025-04-05	2	220.0	0.4	0	1	2000	0	35.5	1.0	18
2022101818	2025-05-03	1	560.0	0.0	0	0	1600	3	34.7	1.0	16
2022101818	2025-10-04	2	320.0	0.0	1	0	1600	0	34.9	2.0	16
2022101818	2025-11-02	1	800.0	0.0	1	0	1600	1	35.8	2.0	15
2022101818	2025-11-29	3	290.0	0.4	1	0	2100	0	36.6	3.0	16
2022101818	2025-12-28	1	1580.8	0.0	0	0	1800	0	38.2	3.0	13
2022102058	2024-08-18	8	0.0	3.7	1	1	2000	0	38.6	0.0	9
2022102058	2024-09-14	7	0.0	3.2	0	0	1800	0	40.2	1.0	12
2022102058	2024-11-16	13	0.0	2.6	1	0	1600	0	38.7	1.0	16
2022102058	2024-12-07	4	83.0	1.4	0	0	1800	0	39.3	1.0	12
2022102058	2025-01-06	8	0.0	2.5	1	0	1800	0	40.3	1.0	16
2022102058	2025-01-25	6	0.0	2.6	1	0	1800	0	39.7	1.0	16
2022102058	2025-03-29	5	56.0	1.9	2	0	1800	2	39.3	1.0	16
2022102058	2025-04-13	1	560.0	0.0	3	0	1800	0	38.6	1.0	16
2022102058	2025-05-11	9	0.0	1.5	0	0	2100	2	37.7	2.0	15
2022102058	2025-06-15	6	0.0	1.2	1	0	2100	1	36.8	2.0	16
2022102058	2025-08-10	9	0.0	1.2	3	0	1800	3	38.3	2.0	15
2022102058	2025-09-07	5	80.0	0.8	0	0	1800	0	38.4	2.0	15
2022102058	2025-09-28	10	0.0	1.3	0	0	1800	0	38.4	2.0	16
2022102058	2025-12-07	15	0.0	2.7	0	0	1800	0	38.4	2.0	16
2022102058	2025-12-14	3	200.0	1.2	1	0	2500	2	40.1	2.0	14
2022102058	2026-01-05	2	330.0	0.5	0	0	2400	2	40.1	2.0	13
2022102123	2025-05-18	4	84.0	0.8	0	0	1800	1	38.7	1.0	12
2022102123	2025-06-08	1	560.0	0.0	0	0	1800	0	37.8	1.0	14
2022102123	2025-09-07	1	800.0	0.0	0	0	1800	0	38.9	2.0	9
2022102123	2025-09-21	2	460.0	0.1	1	0	1800	0	39.0	3.0	16
2022102123	2025-11-09	2	460.0	0.1	3	0	1800	1	36.9	3.0	16
2022102123	2026-01-10	1	1599.6	0.0	0	0	1800	0	37.5	5.0	8
2022102227	2025-04-27	11	0.0	1.6	0	0	1700	0	39.7	1.0	15
2022102227	2025-05-11	5	56.0	1.3	1	0	1800	2	40.4	1.0	14
2022102227	2025-05-24	1	560.0	0.0	1	0	1800	0	39.4	1.0	15
2022102227	2026-01-18	8	0.0	1.5	0	0	1800	0	39.7	2.0	14
2022102263	2024-10-27	9	0.0	1.4	1	1	2000	0	35.2	0.0	15
2022102263	2024-11-09	7	0.0	0.8	0	1	2000	0	34.5	1.0	12
2022102263	2025-04-26	3	140.0	1.3	0	0	1700	0	40.0	1.0	15
2022102263	2025-05-17	5	56.0	1.1	3	0	1800	2	40.1	1.0	15
2022102263	2025-08-03	2	220.0	0.4	0	0	1700	0	38.4	1.0	14
2022102263	2025-08-16	2	220.0	0.3	0	0	1700	0	38.2	1.0	14
2022102263	2025-08-31	3	140.0	0.5	1	0	1700	2	38.2	1.0	14
2022102263	2025-09-07	1	560.0	0.0	1	0	1700	2	38.2	1.0	14
2022102263	2025-11-24	4	120.0	0.1	0	0	1700	0	39.0	2.0	15
2022102263	2025-12-20	2	320.0	0.9	1	0	1800	2	38.1	2.0	16
2022102263	2026-01-12	10	0.0	3.4	0	0	1800	0	40.5	2.0	15
2022102427	2025-02-23	7	0.0	1.8	0	0	1800	0	40.5	0.0	10
2022102427	2025-04-05	10	0.0	1.7	0	0	1800	0	39.8	1.0	16
2022102427	2025-05-31	3	140.0	0.1	1	0	1400	0	37.3	1.0	16
2022102427	2025-06-08	3	140.0	0.7	0	0	1400	0	38.3	1.0	16
2022102427	2025-07-06	1	560.0	0.0	1	0	1000	2	35.4	1.0	12
2022102427	2025-07-20	1	800.0	0.0	0	0	1000	0	35.1	2.0	12
2022102427	2025-08-17	2	626.8	0.0	1	0	1000	2	35.4	5.0	11
2022102427	2025-10-12	9	0.0	1.2	2	0	1200	0	36.1	5.0	14
2022102427	2025-11-02	5	114.0	0.8	0	0	1200	2	36.2	3.0	15
2022102427	2025-11-22	4	230.0	0.4	0	0	1150	0	37.0	3.0	16
2022102465	2024-11-03	14	0.0	5.1	0	1	1200	2	37.7	0.0	14
2022102465	2024-12-14	2	220.0	0.1	1	1	1200	0	34.9	1.0	15
2022102465	2025-01-12	5	56.0	0.4	1	0	1200	0	38.1	1.0	16
2022102465	2025-03-15	11	0.0	2.7	1	0	1200	0	39.5	1.0	16
2022102465	2025-04-27	4	84.0	0.7	0	1	1200	0	35.5	1.0	16
2022102465	2025-05-18	1	560.0	0.0	0	1	1200	2	35.2	1.0	16
2022102465	2025-09-07	4	120.0	0.7	0	1	1200	0	35.4	2.0	13
2022102465	2025-10-04	11	0.0	0.7	1	1	1200	1	35.5	2.0	18
2022102465	2025-11-16	12	0.0	1.1	0	1	1200	0	36.5	2.0	16
2022102514	2024-08-03	14	0.0	8.2	0	0	1800	0	46.9	0.0	15
2022102514	2024-09-29	7	0.0	1.4	1	0	1200	0	40.2	1.0	16
2022102514	2024-10-14	8	0.0	1.6	0	0	1200	0	39.7	1.0	13
2022102514	2024-10-19	4	83.0	0.8	1	1	1000	0	34.4	1.0	14
2022102514	2024-11-02	3	140.0	0.2	3	1	1200	2	36.5	1.0	16
2022102514	2025-01-26	2	220.0	0.1	0	1	1200	0	35.0	1.0	17
2022102514	2025-02-02	1	560.0	0.0	1	1	1200	1	35.6	1.0	16
2022102514	2025-03-02	1	1149.2	0.0	1	1	1200	1	36.3	2.0	18
2022102514	2025-04-12	14	0.0	1.9	0	1	1600	0	36.6		14
2022102514	2025-05-31	7	0.0	0.3	1	1	1200	0	34.7		16
2022102514	2025-07-13	2	625.4	0.0	0	1	1200	0	35.1	3.0	9
2022102514	2025-08-10	3	395.4	0.3	3	1	1000	1	34.0	5.0	18
2022102514	2025-08-31	4	230.0	0.7	0	1	1000	0	33.0	5.0	12
2022102514	2025-10-19	1	1590.6	0.0	1	1	1000	0	32.2	5.0	18
2022102514	2025-11-08	10	0.0	0.4	0	1	1200	0	35.7	4.0	16
2022102514	2025-12-14	2	746.2	0.1	0	1	1200	2	33.7	4.0	10
2022102573	2024-12-15	12	0.0	4.9	0	0	1800	0	42.8	0.0	16
2022102573	2025-02-23	4	84.0	1.5	2	0	1700	0	38.1	1.0	12
2022102573	2025-03-08	3	140.0	1.6	0	0	1800	0	37.9	1.0	12
2022102573	2025-05-10	4	84.0	1.2	1	0	1800	2	38.9	1.0	15
2022102573	2025-05-25	4	84.0	0.9	1	0	1800	2	38.6	1.0	15
2022102573	2025-07-19	3	140.0	0.4	0	1	1800	2	35.9	1.0	16
2022102573	2025-08-03	5	56.0	1.0	0	0	1900	0	37.9	1.0	16
2022102573	2025-08-31	1	560.0	0.0	0	1	2000	0	34.4	1.0	18
2022102573	2025-10-19	7	0.0	1.0	1	1	2000	2	35.8	5.0	15
2022102573	2025-11-24	5	80.0	0.4	1	1	2000	0	34.9	2.0	16
2022102573	2025-12-07	3	284.1	0.5	0	1	2200	0	34.5	5.0	10
2022102639	2024-08-24	9	0.0	1.6	0	1	1600	0	35.5	0.0	16
2022102639	2024-09-16	8	0.0	1.8	0	1	2000	0	36.8	1.0	12
2022102639	2024-11-09	9	0.0	1.6	0	0	1700	0	39.6	1.0	14
2022102639	2024-12-01	4	83.0	1.5	0	0	1800	0	38.0	1.0	12
2022102639	2024-12-21	1	550.0	0.0	1	0	1800	0	38.8	1.0	16
2022102639	2025-01-18	4	120.0	0.7	0	0	1800	0	37.5	2.0	16
2022102639	2025-04-20	12	0.0	2.8	1	0	1800	0	38.6	2.0	15
2022102639	2025-05-25	8	0.0	1.4	1	0	1800	1	37.4	2.0	16
2022102639	2025-08-31	6	0.0	0.9	0	0	1800	0	38.1	2.0	13
2022102639	2025-09-20	5	80.0	1.2	1	0	1800	0	37.9	2.0	16
2022102639	2025-10-13	4	120.0	0.9	1	0	1900	0	38.4	2.0	13
2022102639	2025-11-09	10	0.0	1.6	3	0	1800	1	37.9	2.0	16
2022102639	2026-01-12	6	0.0	0.7	0	0	1900	0	37.9	2.0	15
2022102728	2024-11-17	12	0.0	3.1	0	0	1600	0	38.5	0.0	16
2022102728	2024-12-01	12	0.0	2.6	0	0	1800	0	40.1	1.0	16
2022102728	2025-02-23	8	0.0	1.8	0	0	2100	0	40.7	1.0	16
2022102728	2025-03-16	6	0.0	1.3	1	0	1900	1	37.8	1.0	13
2022102728	2025-03-29	7	0.0	1.2	1	0	1900	2	39.0	1.0	13
2022102728	2025-04-20	6	0.0	1.8	1	0	1800	0	40.2	1.0	12
2022102728	2025-06-14	8	0.0	0.6	1	0	1600	0	37.2	1.0	16
2022102728	2025-07-06	12	0.0	2.7	1	0	1700	2	39.5	1.0	13
2022102728	2025-07-26	11	0.0	2.9	1	0	1700	0	40.3	1.0	14
2022102728	2025-09-06	7	0.0	1.1	0	0	1800	1	40.3	1.0	15
2022102728	2025-11-09	9	0.0	4.0	1	2	2750	0	13.7	1.0	9
2022102739	2024-11-02	4	110.0	0.9	3	0	1400	3	37.5	0.0	16
2022102739	2024-11-16	5	55.0	1.0	0	0	1700	0	38.7	1.0	15
2022102739	2024-12-07	2	220.0	0.0	0	0	1400	0	38.3	1.0	13
2022102739	2024-12-22	2	220.0	0.2	1	0	1400	0	37.6	1.0	16
2022102739	2025-01-12	14	0.0	3.1	1	0	1400	0	40.9	1.0	16
2022102739	2025-03-16	6	0.0	1.7	2	0	1200	2	37.6	1.0	16
2022102739	2025-03-29	3	140.0	0.5	0	0	1400	2	38.5	1.0	16
2022102739	2025-04-26	2	220.0	0.4	0	0	1400	0	37.5	1.0	16
2022102739	2025-05-10	7	0.0	2.6	1	0	1400	1	38.7	1.0	16
2022102739	2025-06-22	2	220.0	0.0	1	0	1700	1	37.2	1.0	14
2022102739	2025-07-06	5	56.0	1.0	1	0	1700	2	38.3	1.0	13
2022102739	2025-07-20	1	560.0	0.0	0	0	1700	0	38.1	1.0	13
2022102739	2025-08-09	1	800.0	0.0	0	0	1700	1	36.9	2.0	11
2022102739	2025-08-30	11	0.0	3.2	1	0	1700	1	39.9	5.0	14
2022102821	2024-08-25	3	180.0	0.4	0	1	1800	0	35.6	0.0	12
2022102821	2024-09-21	1	550.0	0.0	1	1	1600	0	34.3	1.0	13
2022102821	2024-11-24	6	0.0	0.8	0	1	1600	0	34.8	2.0	10
2022102821	2024-12-14	5	107.0	0.9	0	1	1600	0	35.6	2.0	13
2022102821	2025-02-01	8	0.0	2.3	0	0	1600	0	37.7	2.0	13
2022102821	2025-05-18	7	0.0	1.3	1	1	1600	0	35.7	2.0	10
2022102821	2025-06-14	1	1140.8	0.0	0	1	2000	0	34.7	5.0	11
2022102821	2025-09-06	6	0.0	1.8	0	1	2000	0	35.8	5.0	7
2022102821	2025-12-13	1	840.0	0.0	0	2	2970	0	13.8	1.0	12
2022102823	2025-01-06	5	62.0	1.3	1	0	1400	0	37.0	0.0	16
2022102823	2025-01-26	11	0.0	1.1	0	0	1400	0	38.2	1.0	16
2022102823	2025-04-13	7	0.0	3.2	1	0	1800	0	40.8	1.0	15
2022102823	2025-07-13	7	0.0	0.6	1	1	1800	0	37.0	1.0	16
2022102823	2025-08-17	4	84.0	0.5	0	1	2000	0	34.2	1.0	13
2022102823	2025-08-31	13	0.0	2.0	0	1	2000	0	34.9	1.0	18
2022102823	2025-11-24	12	0.0	6.1	0	2	2770	0	13.6	1.0	14
2022102885	2024-11-03	4	110.0	0.4	0	1	1800	0	33.3	0.0	12
2022102885	2024-12-15	1	550.0	0.0	0	0	1800	0	37.4	1.0	13
2022102885	2025-01-06	4	120.0	0.4	1	0	1800	0	38.5	2.0	12
2022102885	2025-03-15	6	0.0	1.0	1	0	1800	0	38.5	2.0	13
2022102885	2025-06-15	2	320.0	0.2	1	0	1700	0	37.8	2.0	11
2022102885	2025-06-29	11	0.0	5.0	0	0	1700	0	44.4	2.0	11
2022102885	2025-10-18	3	200.0	0.4	1	0	1800	0	38.8	2.0	14
2022102885	2025-11-09	1	800.0	0.0	1	0	1700	0	37.6	2.0	15
2022102978	2025-01-06	5	62.0	0.7	1	1	1600	0	34.8	0.0	16
2022102978	2025-03-30	11	0.0	1.5	0	1	1600	0	35.9	1.0	17
2022102978	2025-05-17	12	0.0	3.0	3	1	2000	0	38.2	1.0	15
2022102978	2025-08-03	2	220.0	0.0	0	1	1500	0	36.2	1.0	14
2022102978	2025-08-16	14	0.0	7.5	0	1	1500	0	42.6	1.0	14
2022102978	2025-10-20	1	50.0	0.0	1	0	1400	2	37.2	11.0	11
2022102978	2025-11-16	1	50.0	0.0	0	0	1400	0	36.9	11.0	12
2022102991	2024-06-23	12	0.0	1.7	1	1	1600	2	35.2	0.0	13
2022102991	2024-07-20	13	0.0	2.7	1	0	1150	0	37.6	1.0	13
2022102991	2024-09-15	4	83.0	2.1	0	0	1800	0	40.3	1.0	13
2022102991	2024-10-12	8	0.0	1.5	0	0	1800	0	41.5	1.0	9
2022102991	2024-11-16	15	0.0	5.5	0	0	1700	0	39.2	1.0	15
2022102991	2025-01-06	15	0.0	8.8	1	0	1800	0	45.9	1.0	16
2022102991	2025-03-23	11	0.0	2.7	0	0	1800	2	39.7	1.0	16
2022102991	2025-04-13	12	0.0	2.3	3	0	1800	0	40.5	1.0	16
2022102991	2025-06-15	4	84.0	1.1	2	0	2100	1	38.2	1.0	16
2022102991	2025-07-05	1	560.0	0.0	1	0	1700	2	38.1	1.0	15
2022102991	2025-09-28	6	0.0	0.7	0	0	1800	0	37.8	2.0	16
2022102991	2025-11-22	11	0.0	2.0	0	0	1700	0	40.0	2.0	15
2022102991	2025-12-14	7	0.0	2.2	1	0	2500	2	40.8	2.0	14
2022102991	2026-01-05	9	0.0	3.2	0	0	2400	2	43.1	2.0	13
2022102995	2024-09-22	1	720.0	0.0	1	0	1200	0	37.3	0.0	15
2022102995	2024-12-01	1	780.0	0.0	0	0	1200	0	36.7	2.0	9
2022102995	2025-03-16	9	0.0	1.1	2	0	1400	1	37.5	5.0	12
2022102995	2025-07-06	16	0.0	14.7	0	0	1150	0	50.7	5.0	16
2022102995	2025-09-27	8	0.0	0.5	0	0	1200	0	37.5	3.0	16
2022102995	2025-10-18	11	0.0	2.8	1	0	1400	2	38.7	3.0	12
2022103181	2024-08-31	9	0.0	1.5	3	1	1500	1	37.6	0.0	12
2022103181	2024-10-05	10	0.0	2.0	0	1	1600	0	34.6	1.0	12
2022103181	2025-02-16	12	0.0	1.9	0	1	1800	0	35.6	1.0	16
2022103181	2025-04-20	10	0.0	2.4	1	0	1700	0	41.9	1.0	15
2022103181	2025-05-10	7	0.0	1.7	2	1	2400	2	35.3	1.0	8
2022103181	2025-06-29	6	0.0	0.4	0	1	2600	0	36.0	1.0	16
2022103181	2025-08-10	9	0.0	1.7	1	1	2600	0	38.3	1.0	14
2022103181	2025-11-22	9	0.0	6.3	0	2	2770	0	13.6	1.0	14
2022103290	2025-01-05	11	0.0	3.3	0	0	1800	0	40.8	0.0	16
2022103290	2025-01-19	9	0.0	2.1	1	0	1800	0	39.1	1.0	13
2022103290	2025-02-01	3	140.0	1.1	0	0	1900	0	38.4	1.0	9
2022103290	2025-02-16	1	560.0	0.0	1	0	1900	2	39.6	1.0	10
2022103290	2025-03-08	4	120.0	1.1	0	0	1800	0	38.9	2.0	12
2022103290	2025-05-18	12	0.0	1.7	0	0	1800	1	37.7	2.0	13
2022103290	2026-01-12	9	0.0	1.2	0	0	1900	0	38.3	2.0	15
2022103290	2026-01-17	8	0.0	4.6	0	0	1800	0	41.4	2.0	8
2022103355	2024-05-09	2	70.0	0.2	0	0	1100	2	39.1	0.0	7
2022103355	2024-05-22	1	120.0	0.0	0	0	1200	2	39.1	1.0	12
2022103355	2024-06-19	4	70.0	1.0	0	0	1200	0	39.1	18.0	11
2022103355	2024-07-18	9	0.0	0.9	0	0	1200	0	40.1	5.0	11
2022103355	2024-08-18	7	0.0	1.8	0	1	1500	0	35.7	5.0	9
2022103355	2024-09-18	2	70.0	0.1	0	0	1200	2	38.2	5.0	8
2022103355	2024-10-10	2	28.0	0.3	0	0	1200	0	37.6	5.0	12
2022103355	2024-11-03	1	500.0	0.0	0	0	1400	0	38.8	18.0	14
2022103355	2024-12-31	9	0.0	1.0	0	0	1600	0	40.3	18.0	15
2022103355	2025-03-21	2	100.0	0.2	0	0	1500	1	39.2	5.0	12
2022103355	2025-04-30	4	300.0	0.7	0	0	1800	2	40.0	18.0	16
2022103355	2025-07-05	7	0.0	1.5	0	0	1700	0	36.9	5.0	15
2022103355	2025-08-17	9	0.0	3.8	0	1	2200	0	37.8	5.0	9
2022103355	2025-09-21	4	170.0	0.3	1	0	1800	0	39.0	3.0	16
2022103355	2025-12-07	1	1585.0	0.0	0	0	1800	0	38.0	5.0	16
2022103515	2024-11-02	14	0.0	4.0	3	1	1600	1	39.1	0.0	14
2022103515	2024-12-28	13	0.0	1.8	0	0	1400	0	39.1	1.0	16
2022103515	2025-02-13	1	120.0	0.0	0	0	1500	2	39.3		11
2022103515	2025-03-09	8	0.0	2.6	0	0	1400	0	39.2	2.0	16
2022103515	2025-06-29	6	0.0	1.0	0	0	1700	0	39.4	2.0	16
2022103515	2025-07-26	8	0.0	1.0	2	0	1700	0	38.4	2.0	13
2022103515	2025-08-17	5	80.0	0.7	2	0	1700	2	37.8	2.0	13
2022103515	2025-09-06	4	120.0	1.0	1	0	1700	0	39.7	2.0	14
2022103515	2025-11-16	1	800.0	0.0	0	0	1700	0	38.3	2.0	15
2022103515	2025-12-07	4	230.0	0.7	0	0	1800	0	38.2	5.0	16
2022103515	2026-01-10	4	240.0	0.9	0	0	1800	0	37.9	5.0	8
2022103614	2024-11-16	1	720.0	0.0	2	0	1800	0	37.6	0.0	16
2022103614	2025-01-18	15	0.0	2.1	0	0	1800	0	39.0	2.0	16
2022103614	2025-02-09	7	0.0	1.5	0	1	1800	2	36.8		10
2022103614	2025-04-12	1	800.0	0.0	0	0	1800	0	38.0	2.0	11
2022103614	2025-05-03	5	370.0	0.8	0	0	1900	2	37.4		13
2022103614	2025-08-10	3	937.8	0.1	3	0	1800	3	36.9		15
2022103614	2025-10-04	1	1140.0	0.0	1	0	1800	3	36.5	3.0	13
2022103614	2025-11-16	4	280.0	0.9	0	0	1800	0	37.3	4.0	14
2022103614	2025-11-30	11	0.0	1.7	0	0	1800	0	39.5	4.0	16
2022103624	2025-06-07	10	0.0	0.8	1	1	1200	0	33.9	1.0	16
2022103624	2025-07-12	1	560.0	0.0	0	1	1200	0	35.0	1.0	18
2022103624	2025-08-03	9	0.0	0.6	0	1	1400	0	34.3	2.0	18
2022103624	2025-11-09	2	320.0	0.2	1	1	1200	0	35.0	2.0	16
2022103624	2025-11-24	4	120.0	0.2	1	1	1200	0	34.6	2.0	16
2022103707	2024-09-14	5	72.0	0.3	0	1	1400	0	34.2	0.0	11
2022103707	2024-11-10	6	0.0	1.0	0	1	1600	0	36.1	1.0	14
2022103707	2025-01-06	9	0.0	1.6	3	0	1200	0	38.1	1.0	16
2022103707	2025-02-22	2	220.0	0.2	1	1	1200	0	34.9	1.0	18
2022103707	2025-04-20	11	0.0	1.4	1	1	1200	0	36.8	1.0	16
2022103707	2025-06-14	1	560.0	0.0	0	1	1200	0	34.3	1.0	16
2022103707	2025-06-29	4	120.0	0.4	0	1	1200	0	35.4	2.0	11
2022103707	2025-07-19	1	800.0	0.0	0	1	1200	0	34.3	2.0	16
2022103707	2025-08-16	1	1578.7	0.0	0	1	1200	0	34.1	5.0	13
2022103707	2025-11-08	9	0.0	0.3	0	1	1200	0	34.8	4.0	16
2022103729	2024-10-06	7	0.0	1.1	0	1	1400	0	35.0	0.0	17
2022103729	2024-12-08	2	220.0	0.2	0	1	1600	0	36.2	1.0	10
2022103729	2024-12-22	4	83.0	0.6	1	1	1600	0	36.7	1.0	18
2022103729	2025-01-18	6	0.0	1.0	0	1	1600	0	36.3	1.0	16
2022103729	2025-03-15	5	56.0	0.7	1	1	1400	0	35.2	1.0	18
2022103729	2025-03-29	7	0.0	1.5	0	0	1400	2	40.0	1.0	16
2022103729	2025-05-10	2	220.0	0.1	1	1	1400	2	35.6	1.0	18
2022103729	2025-05-24	1	560.0	0.0	2	1	1400	0	34.9	1.0	17
2022103729	2025-08-10	3	200.0	0.3	1	1	1400	0	34.6	2.0	15
2022103729	2025-08-31	5	80.0	1.2	0	1	1600	0	35.0	2.0	16
2022103729	2025-10-18	5	80.0	0.2	1	1	1400	0	34.1	2.0	15
2022103729	2025-11-16	3	200.0	0.1	0	1	1200	0	34.9	2.0	16
2022103881	2024-11-03	7	0.0	1.5	0	1	1800	2	35.6	0.0	9
2022103881	2024-11-30	3	140.0	0.7	0	0	1800	2	39.4	1.0	14
2022103881	2024-12-15	2	220.0	0.1	0	0	1800	0	37.6	1.0	13
2022103881	2025-02-15	4	84.0	0.4	0	0	1800	0	40.0	1.0	13
2022103881	2025-03-09	1	560.0	0.0	0	0	1800	0	37.4	1.0	15
2022103881	2025-03-29	6	0.0	0.5	0	1	1800	0	34.4	2.0	14
2022103881	2025-05-11	1	800.0	0.0	1	0	1800	2	36.3	2.0	11
2022103881	2025-06-18	6	0.0	2.5	0	0	2100	0	41.5		14
2022103881	2025-10-12	9	0.0	1.4	2	0	1800	0	37.7	3.0	14
2022103881	2025-11-09	1	1140.0	0.0	3	0	1800	1	36.4	3.0	16
2022103881	2025-12-27	13	0.0	1.8	0	0	1800	2	39.8	4.0	16
2022103911	2024-10-06	8	0.0	2.5	1	0	1600	1	38.1	0.0	16
2022103911	2024-10-27	8	0.0	1.0	0	0	1400	0	37.2	1.0	12
2022103911	2024-12-07	9	0.0	2.8	0	0	1800	0	42.1	1.0	12
2022103911	2025-02-02	4	84.0	0.3	1	1	1600	2	36.3	1.0	11
2022103911	2025-02-15	6	0.0	0.2	0	1	1400	0	34.4	1.0	16
2022103911	2025-04-13	4	84.0	0.1	3	1	1600	0	35.5	1.0	16
2022103911	2025-05-03	4	84.0	0.6	0	1	1400	0	36.4	1.0	16
2022103911	2025-05-17	6	0.0	0.8	3	1	1400	0	35.2	1.0	18
2022103911	2025-07-05	5	56.0	0.8	0	1	1800	0	36.5	1.0	16
2022103911	2025-08-03	6	0.0	1.2	0	1	1500	0	37.0	1.0	14
2022103911	2025-08-30	8	0.0	1.6	2	1	2000	2	39.4	1.0	16
2022103911	2025-10-22	1	100.0	0.0	3	0	1600	1	39.5	10.0	10
2022103911	2025-11-13	2	40.0	0.2	1	0	1600	2	40.1	10.0	14
2022103911	2025-12-05	1	100.0	0.0	0	0	1600	0	40.6	10.0	13
2022103911	2026-01-11	9	0.0	1.7	0	0	1800	0	40.4	2.0	16
2022104062	2024-07-07	7	0.0	3.1	0	1	2000	0	36.9	0.0	11
2022104062	2024-09-07	2	220.0	0.6	0	0	1800	0	40.2	1.0	12
2022104062	2024-09-28	4	83.0	1.3	1	0	1800	0	40.1	1.0	16
2022104062	2024-11-30	8	0.0	1.6	0	0	1800	2	39.6	1.0	15
2022104062	2024-12-21	3	140.0	1.1	0	0	1800	0	39.0	1.0	15
2022104062	2025-01-18	1	560.0	0.0	0	0	1800	0	38.7	1.0	16
2022104062	2025-03-15	6	0.0	1.6	1	0	1800	2	39.2	2.0	16
2022104062	2025-04-06	7	0.0	1.5	2	0	1800	2	39.1	2.0	14
2022104062	2025-05-03	13	0.0	2.7	0	0	1800	2	38.8	2.0	15
2022104062	2025-07-12	7	0.0	0.9	1	0	1700	0	38.4	2.0	15
2022104062	2025-08-02	3	200.0	1.2	0	0	1800	0	38.5	2.0	13
2022104062	2025-09-21	3	200.0	1.6	1	0	1800	0	38.7	2.0	16
2022104062	2025-10-13	3	200.0	0.1	1	0	2100	0	38.7	2.0	16
2022104062	2025-11-01	7	0.0	0.9	1	0	2100	1	37.0	2.0	16
2022104062	2026-01-04	5	82.0	1.0	0	0	1800	2	39.6	2.0	16
2022104176	2025-02-02	8	0.0	1.8	1	1	1800	2	37.7	0.0	17
2022104176	2025-02-16	11	0.0	2.6	1	1	2000	2	38.9	1.0	14
2022104176	2025-03-02	3	140.0	0.0	2	0	1800	0	37.8	1.0	12
2022104176	2025-03-15	3	140.0	0.1	1	0	1800	0	38.5	1.0	13
2022104176	2025-04-13	5	56.0	1.1	1	0	1800	0	39.5	1.0	15
2022104176	2025-06-29	1	560.0	0.0	0	0	1700	0	37.7	1.0	16
2022104176	2025-07-19	7	0.0	0.6	1	0	1700	1	36.1	2.0	16
2022104176	2025-10-19	8	0.0	1.5	1	0	1800	1	39.0	2.0	15
2022104176	2025-11-30	7	0.0	1.3	0	0	1800	0	37.5	2.0	16
2022104216	2024-12-14	1	720.0	0.0	1	0	1200	0	36.8	0.0	14
2022104216	2025-01-19	10	0.0	4.8	0	0	1200	0	42.2	2.0	10
2022104216	2025-07-06	8	0.0	1.3	0	0	1000	0	36.6	2.0	14
2022104216	2025-07-20	1	800.0	0.0	0	0	1000	0	35.0	2.0	9
2022104216	2025-08-17	11	0.0	1.2	1	0	1000	2	37.1	5.0	11
2022104219	2024-10-06	3	180.0	0.6	1	0	1600	1	35.6	0.0	16
2022104219	2024-11-10	9	0.0	2.1	0	0	1400	0	39.4	1.0	16
2022104219	2024-12-01	1	550.0	0.0	0	0	1200	0	35.9	1.0	15
2022104219	2025-01-19	1	800.0	0.0	0	0	1200	0	35.5	2.0	10
2022104219	2025-03-16	3	454.7	0.5	2	0	1400	1	35.6	5.0	12
2022104219	2025-10-12	3	290.0	0.5	1	0	1300	0	35.2	3.0	16
2022104219	2025-11-01	7	0.0	0.5	1	0	1400	1	36.0	3.0	14
2022104219	2025-12-06	3	290.0	0.1	0	0	1400	0	36.0	3.0	16
2022104221	2025-01-25	11	0.0	1.3	0	1	1600	0	34.8	1.0	16
2022104221	2025-04-12	2	220.0	0.0	1	1	1200	0	34.4	1.0	16
2022104221	2025-04-27	3	140.0	0.0	0	1	1200	0	34.3	1.0	16
2022104221	2025-05-18	3	140.0	0.0	1	1	1200	2	35.7	1.0	16
2022104221	2025-06-14	3	140.0	0.4	0	1	1200	0	34.5	1.0	16
2022104221	2025-06-29	1	560.0	0.0	1	1	1200	0	34.8	1.0	12
2022104416	2025-02-08	1	620.0	0.0	0	1	1800	0	33.7	0.0	16
2022104416	2025-03-09	8	0.0	1.0	0	1	2000	2	37.6		14
2022104416	2025-05-04	1	2029.4	0.0	0	1	2000	0	33.2		14
2022104416	2025-06-01	17	0.0	4.8	0	1	2400	0	38.0		18
2022104416	2025-10-19	16	0.0	1.8	2	1	1800	0	35.1	4.0	18
2022104416	2025-12-07	1	1877.8	0.0	0	1	1800	0	33.1	4.0	18
2022104496	2025-01-12	8	0.0	4.0	1	0	1800	0	42.1	0.0	16
2022104496	2025-01-26	2	220.0	1.0	0	0	1900	0	39.0	1.0	11
2022104496	2025-02-15	5	56.0	0.7	0	0	1800	0	40.0	1.0	13
2022104496	2025-03-29	2	220.0	0.0	1	0	1900	2	38.1	1.0	13
2022104496	2025-04-19	2	220.0	0.7	0	0	1800	0	38.9	1.0	10
2022104496	2025-05-04	1	560.0	0.0	0	0	1800	2	38.0	1.0	14
2022104496	2025-05-25	16	0.0	4.1	1	0	1800	1	40.2	2.0	16
2022104496	2025-09-14	6	0.0	1.8	1	0	2000	0	39.4	2.0	13
2022104496	2025-09-27	9	0.0	1.8	0	0	1800	0	38.5	2.0	13
2022104496	2025-10-11	9	0.0	2.0	1	0	1800	0	38.1	2.0	12
2022104496	2025-12-14	5	111.0	1.3	0	0	1800	2	40.7	5.0	12
2022104496	2025-12-20	3	200.0	0.8	2	0	1900	2	38.8	2.0	16
2022104496	2026-01-12	7	0.0	1.0	0	0	1900	0	38.3	2.0	15
2022104611	2024-09-16	3	180.0	0.2	1	1	1600	0	34.6	0.0	10
2022104611	2024-10-06	11	0.0	1.1	0	1	1400	0	35.2	1.0	14
2022104611	2024-12-22	9	0.0	1.5	1	1	1400	0	35.5	1.0	18
2022104611	2025-03-09	6	0.0	0.7	0	1	1600	0	34.4	1.0	17
2022104611	2025-06-28	4	84.0	0.7	0	1	1800	0	36.3	1.0	16
2022104611	2025-07-19	7	0.0	0.7	0	1	1800	2	36.9	1.0	16
2022104611	2025-08-03	8	0.0	0.6	0	1	1600	0	34.5	1.0	16
2022104611	2025-08-17	5	56.0	0.3	0	1	1600	0	35.0	1.0	15
2022104611	2025-09-06	3	140.0	0.4	0	1	1600	0	33.8	1.0	18
2022104611	2025-09-13	4	84.0	0.3	1	1	1800	0	34.4	1.0	18
2022104611	2025-11-08	13	0.0	2.1	0	1	1600	0	35.2	2.0	14
2022104645	2024-07-07	3	180.0	0.9	0	1	1800	0	35.1	0.0	7
2022104645	2024-12-07	1	550.0	0.0	0	1	2000	0	34.5	1.0	10
2022104645	2025-02-22	2	446.0	0.2	1	1	2000	0	34.1	2.0	9
2022104645	2025-04-05	1	1129.6	0.0	0	1	2400	0	35.8	2.0	9
2022104645	2025-06-14	3	392.0	1.1	3	1	2400	1	36.0	5.0	6
2022104645	2025-09-28	1	1576.6	0.0	1	1	2400	0	33.5	5.0	12
2022104645	2025-11-22	1	1874.3	0.0	0	1	2400	0	34.1	4.0	16
2022104655	2024-10-05	2	290.0	0.7	2	1	2000	2	33.8	0.0	12
2022104655	2024-11-24	1	550.0	0.0	0	1	2000	0	33.9	1.0	12
2022104655	2025-02-09	1	1134.5	0.0	0	1	2400	0	33.5	2.0	11
2022104655	2025-06-08	1	1575.9	0.0	0	1	2000	0	33.6	3.0	12
2022104655	2025-11-09	1	1868.7	0.0	2	1	2000	0	33.5	4.0	12
2022104664	2024-12-08	13	0.0	1.3	0	1	1800	0	35.9	0.0	16
2022104664	2025-01-13	7	0.0	0.7	0	1	2200	0	37.4	1.0	17
2022104664	2025-07-26	11	0.0	1.3	0	1	1800	0	34.2	1.0	18
2022104664	2025-08-16	6	0.0	0.8	0	1	1800	0	35.8	5.0	12
2022104664	2025-08-31	4	120.0	0.3	1	1	1800	2	37.5	2.0	13
2022104664	2025-09-06	13	0.0	2.4	0	0	1700	0	41.8	1.0	14
2022104664	2025-11-09	15	0.0	2.0	2	1	1800	0	38.4	5.0	16
2022104664	2025-11-29	16	0.0	3.9	1	1	2400	0	39.8	2.0	16
2022104693	2024-08-25	2	290.0	0.0	0	1	1800	0	35.3	0.0	12
2022104693	2024-11-03	5	55.0	0.6	0	1	2000	2	37.5	1.0	8
2022104693	2025-01-12	15	0.0	3.2	1	0	1400	0	41.4	1.0	16
2022104693	2025-04-19	1	560.0	0.0	0	1	1800	0	35.4	1.0	15
2022104693	2025-06-22	11	0.0	1.5	1	1	1800	1	37.7	2.0	13
2022104693	2025-08-31	13	0.0	2.3	0	1	1600	0	36.7	2.0	16
2022104710	2024-12-28	1	720.0	0.0	0	1	2000	0	35.0	0.0	16
2022104710	2025-02-15	7	0.0	0.8	1	1	2000	0	35.1	2.0	9
2022104710	2025-03-15	9	0.0	0.4	1	1	1600	0	35.0		12
2022104710	2025-08-09	6	0.0	1.1	0	1	1600	0	34.3	2.0	12
2022104710	2025-10-11	9	0.0	0.9	1	1	1800	0	35.6	2.0	11
2022104710	2025-11-15	10	0.0	0.5	0	1	1600	0	34.2	2.0	18
2022104710	2026-01-05	4	120.0	0.3	0	1	1600	0	33.5	2.0	15
2022104756	2025-02-02	2	250.0	0.1	2	1	1800	0	33.3	0.0	15
2022104756	2025-03-30	5	56.0	0.4	0	1	2000	0	34.8	1.0	13
2022104756	2025-04-27	1	560.0	0.0	0	1	1800	0	34.0	1.0	14
2022104756	2025-11-24	4	120.0	0.3	0	1	1600	0	33.6	2.0	18
2022104786	2024-09-14	2	290.0	0.0	0	1	2000	0	33.4	0.0	9
2022104786	2024-09-28	1	550.0	0.0	1	1	2000	0	36.0	1.0	16
2022104786	2025-01-06	6	0.0	1.1	2	1	2000	0	37.0	2.0	12
2022104786	2025-02-02	9	0.0	0.9	2	1	1800	0	35.3	2.0	13
2022104786	2025-04-19	8	0.0	2.3	0	1	2000	0	38.2	2.0	10
2022104786	2025-09-13	9	0.0	0.8	1	1	2000	2	34.2	2.0	16
2022104786	2025-10-13	10	0.0	0.5	1	1	1600	0	34.0	2.0	18
2022104786	2025-11-01	5	80.0	0.7	0	1	1800	0	34.5	2.0	15
2022104786	2025-12-21	8	0.0	0.5	3	1	1600	2	34.9	2.0	16
2022104817	2024-10-20	4	110.0	0.5	0	1	1800	0	35.4	0.0	11
2022104817	2025-01-18	6	0.0	1.5	0	1	2000	0	36.0	1.0	18
2022104817	2025-04-13	9	0.0	3.3	1	0	1800	0	41.4	1.0	15
2022104817	2025-06-15	5	56.0	0.6	0	1	2000	0	35.7	1.0	12
2022104817	2025-06-28	5	56.0	0.7	0	1	2000	2	36.1	1.0	13
2022104817	2025-07-13	8	0.0	1.3	0	1	2000	0	37.4	1.0	15
2022104817	2025-08-30	2	220.0	0.0	2	1	1500	2	35.6	1.0	14
2022104855	2024-09-01	1	720.0	0.0	0	1	1800	0	32.9	0.0	6
2022104855	2024-11-03	3	272.6	0.4	0	1	2000	0	33.5	5.0	8
2022104855	2025-01-25	6	0.0	1.2	0	1	2000	0	35.5		10
2022104855	2025-05-03	8	0.0	0.8	0	1	1800	0	33.8		13
2022104855	2025-09-06	3	286.0	0.5	1	1	2000	0	36.5	5.0	15
2022104855	2025-10-25	6	0.0	0.7	3	1	2000	2	33.7	2.0	8
2022104855	2025-11-29	6	0.0	0.7	1	1	2400	0	35.0	2.0	16
2022104875	2024-11-09	3	180.0	0.3	0	1	1800	0	33.8	0.0	9
2022104875	2025-01-12	8	0.0	1.0	1	1	2000	0	36.2	1.0	18
2022104875	2025-04-26	2	180.0	0.2	1	1	1800	0	35.0	1.0	18
2022104875	2025-05-25	2	220.0	0.0	1	1	1800	2	34.2	1.0	17
2022104875	2025-06-22	3	140.0	1.0	0	1	1800	0	35.2	1.0	16
2022104875	2025-08-23	2	220.0	0.3	0	1	1800	0	33.9	1.0	16
2022104875	2025-09-15	1	560.0	0.0	1	1	1600	0	33.9	1.0	16
2022104875	2025-11-24	2	320.0	0.1	0	1	1600	0	33.7	2.0	18
2022104936	2024-11-17	4	110.0	0.8	1	1	1800	0	34.2	0.0	9
2022104936	2024-12-07	3	140.0	0.5	0	1	2000	0	34.8	1.0	10
2022104936	2025-03-16	5	56.0	0.2	2	1	2000	2	36.6	1.0	16
2022104936	2025-03-30	2	220.0	0.0	0	1	2000	0	34.9	1.0	13
2022104936	2025-06-15	5	56.0	0.7	1	1	2200	1	36.8	1.0	15
2022104936	2025-07-05	3	140.0	0.4	0	1	1800	0	36.3	1.0	16
2022104936	2025-12-14	6	0.0	0.8	1	1	2000	2	35.4	2.0	18
2022104944	2024-08-24	16	0.0	5.5	0	1	1600	0	39.3	0.0	16
2022104944	2024-10-12	9	0.0	0.7	0	1	1600	0	35.2	1.0	16
2022104944	2024-11-03	13	0.0	6.8	0	0	1800	1	47.2	1.0	14
2022104944	2025-01-05	3	140.0	0.2	0	0	1400	0	38.1	1.0	16
2022104944	2025-01-19	3	140.0	0.8	1	0	1400	0	38.4	1.0	16
2022104944	2025-02-09	8	0.0	1.5	0	0	1400	2	38.5	1.0	16
2022104944	2025-04-05	2	220.0	0.0	0	0	1800	0	39.2	1.0	16
2022104944	2025-04-27	1	560.0	0.0	0	0	1800	0	37.8	1.0	15
2022104944	2025-07-12	16	0.0	3.5	0	0	1700	0	42.1	2.0	16
2022104944	2025-10-25	11	0.0	2.7	0	0	1800	0	40.6	2.0	14
2022104944	2025-12-20	12	0.0	2.0	0	0	1800	0	38.3	2.0	16
2022104973	2024-07-07	2	290.0	0.2	0	1	1800	0	34.7	0.0	7
2022104973	2024-09-07	2	220.0	0.3	0	1	2000	0	34.4	1.0	5
2022104973	2024-12-21	8	0.0	1.8	1	1	2000	0	36.0	1.0	16
2022104973	2025-01-18	4	84.0	1.2	0	1	2000	0	35.6	1.0	18
2022104973	2025-02-01	1	560.0	0.0	3	1	2000	2	36.1	1.0	12
2022104973	2025-06-01	3	503.5	0.0	0	1	1800	0	34.3		11
2022104973	2025-06-29	10	0.0	0.7	0	1	1800	0	35.7		14
2022104973	2025-09-28	7	0.0	0.9	1	1	1800	0	34.0	2.0	18
2022105014	2024-12-21	4	110.0	0.6	0	1	1800	0	33.8	0.0	16
2022105014	2025-01-12	4	84.0	0.2	1	1	2000	0	35.3	1.0	18
2022105014	2025-02-01	1	560.0	0.0	0	1	1800	0	34.0	1.0	16
2022105014	2025-04-27	3	1318.0	0.2	0	1	2000	0	33.0		18
2022105014	2025-05-25	11	0.0	1.2	1	1	2400	0	34.7		18
2022105014	2025-09-14	9	0.0	0.6	0	1	1800	0	34.3		17
2022105014	2025-10-11	7	0.0	1.7	3	1	2000	0	35.5	2.0	10
2022105028	2024-09-22	1	720.0	0.0	2	0	1400	0	36.3	0.0	11
2022105028	2024-11-09	1	1104.3	0.0	0	0	1400	0	35.3	2.0	16
2022105028	2025-02-23	2	766.8	0.1	0	0	1600	0	34.7		10
2022105028	2025-05-10	2	726.8	0.0	1	0	1600	1	34.5	5.0	11
2022105028	2025-07-05	1	1581.5	0.0	0	0	1700	0	36.3	5.0	15
2022105028	2025-10-02	3	600.0	0.7	0	0	1800	2	38.3		10
2022105028	2025-11-29	5	184.0	0.3	1	0	1400	0	35.3	4.0	16
2022105030	2024-11-09	3	180.0	0.4	0	1	2000	0	36.8	0.0	16
2022105030	2024-12-01	2	220.0	0.3	0	1	2000	0	34.4	1.0	8
2022105030	2025-02-22	2	220.0	0.0	1	1	2400	0	34.8	1.0	18
2022105030	2025-03-15	2	220.0	0.0	1	1	2000	0	35.0	1.0	18
2022105030	2025-03-30	3	140.0	0.0	0	1	2000	0	34.3	1.0	13
2022105030	2025-04-26	1	560.0	0.0	1	1	1800	0	34.0	1.0	18
2022105030	2025-08-23	2	320.0	0.0	0	1	1800	0	33.1	2.0	11
2022105030	2025-09-13	5	111.0	0.7	1	1	2400	0	35.0	5.0	6
2022105037	2024-10-06	1	720.0	0.0	0	1	1800	0	34.8	0.0	13
2022105037	2025-01-25	4	300.0	0.4	0	1	2000	0	35.2		10
2022105037	2025-03-15	5	111.0	0.4	2	1	2400	0	34.7	2.0	12
2022105037	2025-07-19	10	0.0	1.9	0	1	1800	0	35.4	5.0	14
2022105037	2025-12-27	6	0.0	0.4	0	1	1800	0	34.0	2.0	15
2022105037	2026-01-11	6	0.0	1.3	0	0	1800	0	37.4	2.0	14
2022105083	2024-09-15	8	0.0	3.0	1	1	2000	2	40.0	0.0	9
2022105083	2025-01-25	6	0.0	1.4	0	1	1600	0	36.1	1.0	16
2022105083	2025-03-15	17	0.0	1.6	1	1	1400	0	36.5	1.0	18
2022105083	2025-05-24	10	0.0	1.2	2	1	1800	0	34.7	1.0	18
2022105083	2025-07-20	2	220.0	0.2	0	1	1800	0	34.3	1.0	14
2022105083	2025-08-02	4	84.0	0.5	0	1	2000	0	35.7	1.0	16
2022105083	2025-08-23	6	0.0	1.1	0	1	2000	2	36.2	1.0	16
2022105083	2025-10-19	12	0.0	1.6	1	1	1800	0	33.8	2.0	13
2022105083	2025-11-15	14	0.0	2.2	0	1	1800	0	37.1	5.0	16
2022105123	2024-11-09	2	290.0	0.2	0	1	1800	0	33.5	0.0	9
2022105123	2024-11-24	7	0.0	1.9	0	1	2000	0	35.2	1.0	12
2022105123	2025-08-02	2	220.0	0.3	0	1	1600	0	32.9	1.0	17
2022105123	2025-08-23	5	56.0	0.5	0	1	1600	0	33.1	1.0	18
2022105123	2025-10-19	7	0.0	0.5	1	1	1600	2	33.1	2.0	18
2022105123	2025-10-25	14	0.0	1.5	0	1	1800	0	35.3	2.0	15
2022105123	2025-12-06	13	0.0	1.1	0	1	1600	0	34.0	2.0	16
2022105123	2026-01-18	6	0.0	0.4	0	1	1600	0	35.1	2.0	8
2022105197	2025-01-18	2	250.0	0.9	0	0	1800	0	39.7	0.0	16
2022105197	2025-02-09	1	560.0	0.0	0	0	2100	0	38.3	1.0	16
2022105197	2025-03-02	7	0.0	1.2	0	0	1800	0	38.2	2.0	16
2022105197	2025-05-11	8	0.0	1.5	0	0	2100	2	36.9	2.0	15
2022105197	2025-08-10	7	0.0	1.0	3	0	1800	3	38.9	2.0	15
2022105197	2025-09-20	2	320.0	1.7	1	0	2400	1	38.3	2.0	11
2022105197	2025-12-14	9	0.0	3.3	1	0	2500	2	42.4	2.0	14
2022105197	2026-01-05	6	0.0	2.0	0	0	2400	2	41.8	2.0	13
2022105215	2025-03-23	8	0.0	1.2	0	1	1600	0	34.0	1.0	17
2022105215	2025-04-06	5	56.0	1.1	0	1	2400	0	36.5	1.0	14
2022105215	2025-06-07	4	84.0	0.4	1	1	2000	0	35.3	1.0	13
2022105215	2025-06-28	2	220.0	0.2	0	1	1800	0	36.1	1.0	16
2022105215	2025-07-13	10	0.0	0.7	1	1	1800	0	37.1	1.0	16
2022105215	2025-08-17	3	140.0	0.2	0	1	1600	0	34.9	1.0	15
2022105215	2025-09-06	10	0.0	0.9	0	1	1600	0	35.4	1.0	18
2022105215	2025-11-15	13	0.0	2.1	0	1	1800	0	37.8	5.0	16
2022105281	2025-02-09	2	250.0	0.1	0	1	1600	0	34.0	0.0	16
2022105281	2025-03-01	2	220.0	0.5	0	1	1600	0	33.7	1.0	18
2022105281	2025-08-30	1	560.0	0.0	0	1	1600	0	34.1	1.0	16
2022105281	2025-11-29	6	0.0	0.9	0	1	1600	0	34.8	3.0	9
2022105337	2025-01-11	17	0.0	1.5	0	1	2000	0	36.3	0.0	18
2022105337	2025-01-26	13	0.0	2.2	0	1	2200	0	37.1	1.0	16
2022105337	2025-04-13	14	0.0	2.5	1	1	2600	0	37.6	1.0	16
2022105337	2025-04-26	6	0.0	1.1	1	0	2100	2	38.8	1.0	16
2022105337	2025-06-15	3	140.0	1.0	2	0	2100	1	38.1	1.0	16
2022105337	2025-06-29	6	0.0	1.4	0	0	1700	0	38.8	1.0	15
2022105337	2025-08-16	2	220.0	0.1	0	0	1800	2	39.2	1.0	14
2022105337	2025-09-13	4	84.0	0.2	0	0	1800	3	39.0	1.0	16
2022105337	2025-10-24	1	40.0	0.0	1	0	1400	0	37.9		7
2022105337	2025-11-06	1	60.0	0.0	0	0	1600	0	39.6	5.0	10
2022105337	2025-12-03	1	45.0	0.0	1	0	1600	0	39.2		8
2022105343	2024-10-12	2	290.0	0.2	0	0	1800	0	38.2	0.0	16
2022105343	2024-11-02	3	140.0	1.7	3	0	1800	3	40.2	1.0	7
2022105343	2024-11-24	7	0.0	2.3	1	0	1800	0	40.4	1.0	13
2022105343	2025-02-02	1	560.0	0.0	1	0	1800	2	38.6	1.0	12
2022105343	2025-02-23	8	0.0	1.4	1	0	1900	0	37.9	2.0	10
2022105343	2025-06-22	4	120.0	0.5	1	0	1700	1	39.2	2.0	12
2022105343	2025-07-05	11	0.0	2.0	0	0	1700	1	38.9	2.0	13
2022105343	2025-08-17	8	0.0	1.6	2	0	1700	2	38.1	2.0	13
2022105343	2025-10-26	4	120.0	0.7	1	0	1800	1	36.1	2.0	12
2022105343	2025-11-22	5	80.0	1.3	0	0	1800	0	37.5	2.0	16
2022105343	2025-12-06	10	0.0	0.6	0	0	1800	0	38.5	2.0	15
2022105385	2024-12-21	5	72.0	0.7	1	1	1600	0	36.2	0.0	17
2022105385	2025-01-18	10	0.0	1.5	0	1	1600	0	36.8	1.0	16
2022105385	2025-04-13	2	220.0	1.0	1	0	1400	0	38.0	1.0	16
2022105385	2025-05-10	1	560.0	0.0	1	0	1400	1	36.3	1.0	16
2022105385	2025-08-17	7	0.0	1.2	0	0	1400	0	40.1	2.0	16
2022105385	2025-10-13	3	200.0	0.4	1	0	1400	0	38.0	2.0	15
2022105385	2025-10-26	1	800.0	0.0	1	0	1800	1	35.9	2.0	12
2022105385	2026-01-10	2	635.6	0.8	0	0	1800	0	37.7	5.0	8
2022105386	2025-05-24	8	0.0	1.1	2	1	1800	0	34.2	1.0	18
2022105386	2025-06-15	1	560.0	0.0	1	1	2200	1	35.9	1.0	15
2022105386	2025-07-27	3	282.4	0.0	0	1	2000	0	33.9	5.0	7
2022105386	2025-09-27	5	80.0	0.2	0	1	2200	0	34.8	2.0	16
2022105386	2025-12-06	6	0.0	0.3	0	1	1600	0	33.3	2.0	15
2022105386	2026-01-05	5	82.0	0.4	0	1	1600	0	33.4	2.0	15
2022105443	2024-07-20	6	0.0	3.8	0	0	1700	0	41.0	0.0	14
2022105443	2024-09-14	2	220.0	0.1	0	0	1400	0	37.5	1.0	9
2022105443	2024-10-06	5	55.0	2.4	0	0	1400	0	39.7	1.0	11
2022105443	2024-10-19	3	140.0	0.4	1	0	1400	0	37.8	1.0	12
2022105443	2025-05-31	1	560.0	0.0	1	0	1400	0	37.5	1.0	16
2022105443	2025-08-09	5	80.0	0.8	0	0	1400	0	38.3	2.0	14
2022105443	2025-08-30	10	0.0	2.1	0	0	1400	0	39.4	2.0	12
2022105443	2025-11-16	2	320.0	0.2	0	0	1700	0	38.9	2.0	15
2022105443	2025-11-30	11	0.0	1.7	0	0	1800	0	39.3	2.0	16
2022105485	2025-02-01	5	56.0	1.5	1	1	1800	0	35.0	1.0	10
2022105485	2025-04-20	8	0.0	1.1	1	1	1800	0	35.3	1.0	18
2022105485	2025-05-11	3	140.0	0.1	1	1	2200	0	34.7	1.0	12
2022105485	2025-05-25	4	84.0	1.0	1	1	2200	1	36.7	1.0	14
2022105485	2025-06-22	1	560.0	0.0	0	1	2400	0	35.0	1.0	15
2022105485	2025-08-03	4	170.0	0.8	0	1	2600	0	35.7	5.0	7
2022105485	2025-08-31	1	1147.1	0.0	1	1	2600	2	36.4	5.0	14
2022105485	2025-09-21	10	0.0	1.6	1	1	2400	0	34.7		10
2022105485	2025-12-28	13	0.0	3.8	0	1	2500	0	39.9	3.0	14
2022105485	2026-01-12	2	637.6	0.1	0	1	2400	0	34.9	5.0	12
2022105543	2024-12-22	7	0.0	1.2	1	1	1800	0	35.6	0.0	14
2022105543	2025-01-26	3	140.0	0.1	0	1	2000	0	35.8	1.0	17
2022105543	2025-02-23	7	0.0	0.4	2	1	2000	0	36.2	1.0	13
2022105543	2025-03-16	2	220.0	0.0	2	1	2000	2	36.9	1.0	16
2022105543	2025-06-21	1	560.0	0.0	0	1	2000	0	35.8	1.0	14
2022105543	2025-09-21	9	0.0	0.7	0	1	2000	0	35.9	2.0	13
2022105543	2025-11-24	6	0.0	0.4	1	1	2000	0	35.3	2.0	16
2022105564	2024-06-29	2	290.0	0.1	0	1	1200	0	35.2	0.0	9
2022105564	2025-02-15	9	0.0	0.3	0	1	1400	0	34.1	1.0	16
2022105564	2025-05-04	15	0.0	1.8	0	1	1600	0	35.7	1.0	15
2022105564	2025-05-24	2	220.0	0.2	1	0	1600	0	36.6	1.0	16
2022105564	2025-06-07	1	560.0	0.0	0	0	1600	0	36.8	1.0	16
2022105564	2025-08-02	1	800.0	0.0	0	0	1800	0	37.5	2.0	13
2022105564	2025-10-05	1	1140.0	0.0	1	0	1600	0	36.3	3.0	16
2022105564	2025-12-07	8	0.0	1.2	0	0	1800	0	38.1	4.0	16
2022105600	2025-01-26	7	0.0	0.8	0	1	1200	0	36.2	0.0	18
2022105600	2025-02-09	1	560.0	0.0	1	0	1000	2	35.4	1.0	14
2022105600	2025-05-10	4	120.0	0.6	1	0	1200	1	36.6	2.0	16
2022105600	2025-07-12	1	800.0	0.0	0	0	1000	0	35.9	2.0	12
2022105600	2025-08-03	6	0.0	1.1	0	0	1000	0	36.7	3.0	10
2022105600	2025-11-29	14	0.0	1.0	0	0	1200	0	37.3	3.0	16
2022105695	2024-08-11	8	0.0	1.3	0	1	2000	0	34.3	0.0	9
2022105695	2024-09-01	6	0.0	0.5	2	1	2000	1	36.9	1.0	8
2022105695	2024-11-16	9	0.0	0.7	1	1	1800	0	34.6	1.0	14
2022105695	2024-12-01	7	0.0	1.3	0	1	1800	0	34.7	1.0	11
2022105695	2025-01-06	9	0.0	1.4	1	1	2000	0	35.8	1.0	18
2022105695	2025-03-30	2	220.0	0.3	0	0	1800	0	38.5	1.0	9
2022105695	2025-04-13	1	560.0	0.0	1	0	1800	0	38.8	1.0	15
2022105695	2025-05-18	10	0.0	1.4	0	0	1800	1	37.0	2.0	13
2022105695	2025-09-07	3	200.0	0.9	0	0	1800	0	38.9	2.0	9
2022105695	2025-10-05	3	200.0	0.1	2	0	1800	1	36.5	2.0	14
2022105695	2025-10-25	3	200.0	0.2	1	0	1800	0	37.9	2.0	11
2022105695	2025-12-20	2	320.0	0.5	2	0	1900	2	37.4	2.0	16
2022105695	2026-01-12	3	210.0	0.2	0	0	1900	0	36.9	2.0	15
2022105737	2025-03-30	8	0.0	0.7	0	1	1200	0	34.2	1.0	18
2022105737	2025-05-11	5	56.0	1.6	0	0	1400	2	38.4	1.0	16
2022105737	2025-05-24	2	220.0	0.9	1	0	1200	0	37.2	1.0	15
2022105737	2025-07-05	1	560.0	0.0	0	0	1000	3	35.3	1.0	12
2022105737	2025-07-20	3	200.0	0.4	0	0	1000	0	36.2	2.0	12
2022105737	2025-10-18	1	800.0	0.0	1	0	1200	0	37.9	2.0	15
2022105737	2026-01-05	4	180.0	0.2	0	0	1200	0	36.9	3.0	15
2022105738	2025-01-11	4	93.0	1.5	0	0	1800	0	38.2	0.0	16
2022105738	2025-02-01	6	0.0	0.6	0	0	1600	0	38.7	1.0	16
2022105738	2025-06-14	1	560.0	0.0	1	0	1600	0	36.8	1.0	16
2022105738	2025-08-24	1	800.0	0.0	0	0	1800	0	37.0	2.0	10
2022105738	2025-11-15	1	1587.8	0.0	0	0	1600	0	36.1	5.0	16
2022105775	2024-11-17	2	290.0	0.3	0	0	1600	0	36.3	0.0	16
2022105775	2024-12-07	1	550.0	0.0	0	0	1800	0	38.8	1.0	12
2022105775	2025-03-02	8	0.0	1.2	0	0	1800	0	38.6	2.0	16
2022105775	2025-03-15	2	320.0	0.5	1	0	1800	2	37.9	2.0	16
2022105775	2025-05-31	1	800.0	0.0	2	0	1600	3	36.1	2.0	10
2022105775	2025-06-15	1	1140.0	0.0	0	0	1600	1	35.4	3.0	16
2022105775	2025-08-10	14	0.0	2.3	3	0	1800	3	38.6		15
2022105775	2025-10-25	3	465.0	0.0	3	0	1600	2	35.2	4.0	16
2022105775	2025-11-08	2	746.6	0.4	0	0	1600	0	36.4	4.0	11
2022105817	2025-03-23	11	0.0	5.2	0	0	1800	0	44.0	1.0	11
2022105817	2025-04-26	7	0.0	1.2	1	1	1800	0	35.7	1.0	18
2022105817	2025-05-11	7	0.0	0.7	0	1	1600	0	34.8	1.0	16
2022105817	2025-05-31	2	220.0	0.2	1	1	1800	0	34.8	1.0	18
2022105817	2025-08-10	1	560.0	0.0	0	1	2000	0	35.1	1.0	16
2022105817	2025-08-31	13	0.0	2.6	1	1	2600	2	39.4	5.0	14
2022105817	2025-11-29	18	0.0	1.3	0	1	1800	0	36.4	2.0	18
2022105824	2024-09-14	13	0.0	6.5	0	0	1800	0	44.8	0.0	16
2022105824	2024-11-16	2	220.0	0.2	1	0	1600	0	36.6	1.0	16
2022105824	2024-12-07	3	140.0	0.3	0	0	1800	0	38.6	1.0	12
2022105824	2025-02-15	1	560.0	0.0	0	0	1600	0	37.1	1.0	16
2022105824	2025-04-06	13	0.0	3.6	2	0	1800	2	41.4	2.0	14
2022105824	2025-09-07	12	0.0	3.0	0	0	1800	0	41.1	2.0	15
2022105824	2025-10-26	3	200.0	0.5	2	0	1600	3	34.5	2.0	16
2022105824	2025-11-15	4	120.0	0.6	0	0	1400	0	34.8	2.0	16
2022105824	2025-11-30	1	800.0	0.0	0	0	1400	0	36.1	2.0	16
2022105853	2024-10-26	1	720.0	0.0	1	0	1400	0	36.7	0.0	16
2022105853	2024-12-28	1	780.0	0.0	0	0	1800	0	37.7	2.0	13
2022105853	2025-02-23	8	0.0	1.4	0	0	1600	0	37.0		10
2022105853	2025-05-03	7	0.0	1.7	0	0	1900	2	38.3		13
2022105853	2025-12-06	7	0.0	0.6	0	0	1400	0	37.6	3.0	16
2022105936	2025-02-02	1	620.0	0.0	2	0	1600	2	38.2	0.0	16
2022105936	2025-03-02	13	0.0	2.2	0	0	1800	0	38.8	2.0	16
2022105936	2025-03-23	10	0.0	3.0	0	0	1800	0	39.8	2.0	16
2022105936	2025-11-08	15	0.0	4.1	0	0	1700	0	42.1	2.0	15
2022105936	2025-12-06	14	0.0	4.1	0	0	1900	0	41.7	2.0	16
2022105936	2025-12-28	11	0.0	1.8	0	0	1400	0	37.5	2.0	16
2022105936	2026-01-17	14	0.0	2.1	0	0	1400	0	37.4	2.0	15
2022106018	2025-02-02	1	620.0	0.0	0	1	1200	1	36.0	0.0	17
2022106018	2025-06-08	16	0.0	5.3	1	1	1400	0	40.2	2.0	16
2022106018	2025-11-08	16	0.0	2.7	0	1	1200	0	36.9	2.0	16
2022106150	2024-06-22	3	180.0	0.4	0	1	1800	2	33.3	0.0	13
2022106150	2024-08-18	7	0.0	1.7	0	1	1800	0	35.1	1.0	10
2022106150	2024-09-08	2	220.0	0.0	0	1	2000	0	34.1	1.0	9
2022106150	2024-09-28	8	0.0	0.7	1	1	2000	0	36.1	1.0	16
2022106150	2024-10-26	4	83.0	0.3	1	1	2000	0	33.3	1.0	11
2022106150	2024-11-16	4	83.0	0.7	1	1	2000	0	34.1	1.0	14
2022106150	2024-12-15	1	550.0	0.0	0	1	2000	0	34.8	1.0	18
2022106150	2025-03-01	8	0.0	0.7	0	1	2200	0	34.7	2.0	13
2022106150	2025-03-16	5	540.0	0.5	2	1	1800	1	37.5		12
2022106150	2025-04-26	7	0.0	0.5	1	1	2400	0	33.8		13
2022106150	2025-10-11	4	120.0	1.4	3	1	2000	0	34.7	2.0	10
2022106150	2025-11-24	3	200.0	0.2	1	1	2000	0	34.3	2.0	16
2022106150	2025-12-14	8	0.0	0.6	1	1	1800	2	35.7	2.0	16
2022106150	2026-01-12	12	0.0	1.1	0	1	2000	0	34.8	2.0	18
2022106221	2025-01-11	7	0.0	0.5	0	1	2000	0	35.7	0.0	18
2022106221	2025-02-01	4	84.0	0.7	1	1	2000	0	35.3	1.0	15
2022106221	2025-04-19	6	0.0	1.1	0	1	2600	0	36.8	1.0	16
2022106221	2025-06-21	7	0.0	1.1	0	1	2000	0	36.4	1.0	16
2022106221	2025-07-12	12	0.0	1.8	0	1	2600	0	36.4	1.0	16
2022106221	2025-11-15	10	0.0	1.4	0	1	2600	0	37.5	2.0	16
2022106337	2024-06-29	8	0.0	2.2	0	0	1150	0	37.9	0.0	9
2022106337	2024-08-17	9	0.0	1.7	0	0	1200	0	38.9	1.0	15
2022106337	2024-09-07	9	0.0	2.0	0	0	1800	0	40.3	1.0	12
2022106337	2024-09-28	7	0.0	2.2	1	0	1800	0	40.2	1.0	16
2022106337	2024-12-01	10	0.0	2.1	0	0	1800	0	40.3	1.0	16
2022106337	2024-12-21	10	0.0	3.6	0	0	1800	0	40.5	1.0	15
2022106337	2025-01-19	3	140.0	0.2	0	0	1800	0	39.8	1.0	16
2022106337	2025-03-08	8	0.0	1.4	1	0	1800	1	39.9	1.0	16
2022106337	2025-03-30	9	0.0	2.1	1	0	1800	2	39.5	1.0	16
2022106337	2025-04-26	4	84.0	0.9	1	0	2100	2	38.9	1.0	16
2022106337	2025-05-24	3	140.0	0.5	1	0	2100	0	38.4	1.0	16
2022106337	2025-06-22	3	140.0	0.3	0	0	2100	0	38.0	1.0	16
2022106337	2025-09-14	7	0.0	2.1	1	0	1800	2	40.4	1.0	16
2022106337	2025-10-14	1	180.0	0.0	1	0	2000	0	39.5	11.0	14
2022106337	2025-11-17	1	180.0	0.0	0	0	2000	0	40.0	11.0	12
2022106337	2025-12-14	12	0.0	5.2	1	0	2500	2	43.8	2.0	14
2022106359	2024-09-14	2	290.0	0.1	0	0	1800	0	38.2	0.0	16
2022106359	2024-09-28	3	140.0	0.8	1	0	1800	0	39.7	1.0	16
2022106359	2024-11-09	10	0.0	1.4	0	0	1600	0	37.4	1.0	16
2022106359	2025-05-24	2	220.0	0.1	1	0	2100	0	38.6	1.0	16
2022106359	2025-06-15	1	560.0	0.0	2	0	2100	1	38.1	1.0	16
2022106359	2025-11-01	15	0.0	2.9	1	0	2100	1	39.9	2.0	16
2022106359	2025-11-16	14	0.0	2.5	0	0	1600	0	39.6	2.0	16
2022106639	2024-11-17	3	180.0	1.3	0	0	1600	0	37.2	0.0	16
2022106639	2024-12-15	4	83.0	1.5	0	0	1800	0	39.1	1.0	16
2022106639	2025-01-13	7	0.0	2.7	0	0	1800	0	42.4	1.0	16
2022106639	2025-03-01	2	220.0	0.2	0	0	1800	0	40.3	1.0	15
2022106639	2025-03-16	5	56.0	2.0	3	0	1800	3	40.8	1.0	16
2022106639	2025-04-12	3	140.0	0.9	0	0	1800	2	38.9	1.0	14
2022106639	2025-05-03	1	560.0	0.0	0	0	1400	3	35.2	1.0	16
2022106639	2025-06-14	2	320.0	0.6	2	0	1400	0	35.8	2.0	16
2022106639	2025-10-12	1	800.0	0.0	1	0	1400	0	35.7	2.0	15
2022106639	2025-11-24	2	460.0	0.1	0	0	1400	0	35.8	3.0	15
2022106698	2024-06-15	2	290.0	1.0	0	0	1000	0	36.4	0.0	7
2022106698	2024-07-07	1	550.0	0.0	2	0	1000	1	36.4	1.0	11
2022106698	2024-07-13	14	0.0	4.6	0	1	1200	0	37.6		14
2022106698	2024-11-09	10	0.0	2.1	0	0	1400	0	37.4	2.0	16
2022106698	2024-12-01	5	78.0	1.4	0	0	1200	0	38.0	2.0	9
2022106698	2024-12-21	8	0.0	1.7	0	0	1200	0	37.1	2.0	16
2022106698	2025-01-19	6	0.0	1.6	1	0	1200	0	37.4	2.0	16
2022106698	2025-04-13	11	0.0	1.3	3	0	1200	0	36.6	2.0	16
2022106698	2025-06-15	6	0.0	0.9	1	0	1000	0	34.9	2.0	9
2022106698	2025-07-05	2	320.0	0.0	0	0	1700	1	36.3	2.0	13
2022106698	2025-07-20	1	800.0	0.0	0	0	1700	0	38.1	2.0	13
2022106698	2025-12-21	15	0.0	3.4	3	0	1800	1	39.9	3.0	15
2022106698	2026-01-18	13	0.0	1.5	0	0	1400	0	38.2	5.0	16
2022106800	2024-09-22	10	0.0	2.6	1	1	1800	0	37.0	0.0	14
2022106800	2025-02-23	2	220.0	0.1	0	1	1800	0	34.2	1.0	15
2022106800	2025-03-15	9	0.0	1.1	1	1	1800	0	36.5	1.0	16
2022106800	2025-04-27	3	140.0	0.9	0	1	1800	0	35.4	1.0	14
2022106800	2025-05-18	4	84.0	0.7	0	1	1800	2	34.3	1.0	14
2022106800	2025-06-08	1	560.0	0.0	1	1	1800	0	35.0	1.0	17
2022106800	2025-12-27	16	0.0	1.6	1	1	2200	0	37.5	2.0	18
2022106800	2026-01-17	11	0.0	2.0	0	1	2200	0	37.6	2.0	12
2022106828	2024-06-23	10	0.0	1.3	1	1	1600	2	35.1	0.0	13
2022106828	2024-07-20	2	220.0	0.0	1	1	1800	0	35.9	1.0	16
2022106828	2024-08-18	2	220.0	0.8	0	1	1800	0	34.7	1.0	10
2022106828	2024-10-06	7	0.0	0.7	0	1	1800	0	35.9	1.0	15
2022106828	2024-11-02	6	0.0	0.8	3	1	1800	2	37.0	1.0	16
2022106828	2025-01-06	1	560.0	0.0	1	1	2000	0	35.2	1.0	18
2022106828	2025-01-26	6	0.0	0.7	0	1	1800	0	36.7	2.0	11
2022106828	2025-03-09	7	0.0	0.5	0	1	2000	2	36.8		14
2022106828	2025-06-14	2	448.8	0.0	0	1	2000	0	34.2	5.0	11
2022106828	2025-06-29	3	283.6	0.6	0	1	2000	0	35.7	5.0	10
2022106828	2025-07-12	3	284.3	0.2	0	1	2000	0	34.8	5.0	11
2022106828	2025-08-24	3	285.3	0.7	0	1	2000	0	36.3	5.0	13
2022106828	2025-09-06	4	140.5	0.5	1	1	2000	0	36.7	5.0	15
2022106828	2025-11-15	3	286.3	0.5	0	1	1800	0	36.2	5.0	16
2022106828	2025-12-14	13	0.0	1.0	1	1	1800	2	36.3	2.0	16
2022106851	2024-08-24	5	72.0	1.1	0	0	1700	0	40.3	0.0	12
2022106851	2025-05-31	15	0.0	2.9	1	0	1800	0	41.3	1.0	16
2022106851	2025-06-22	7	0.0	0.8	1	0	1700	1	38.3	1.0	14
2022106851	2025-06-28	4	84.0	0.9	0	0	1700	2	38.4	1.0	14
2022106851	2025-08-03	1	560.0	0.0	0	0	1700	0	38.3	1.0	14
2022106851	2025-08-24	6	0.0	1.6	0	0	1700	0	40.3	2.0	11
2022106851	2025-09-06	5	80.0	1.4	1	0	1700	0	40.1	2.0	14
2022106851	2026-01-12	1	820.0	0.0	0	0	1800	0	37.6	2.0	9
2022106874	2024-06-30	2	290.0	0.2	1	1	1200	0	34.0	0.0	11
2022106874	2024-07-14	1	550.0	0.0	0	1	1200	0	35.7	1.0	8
2022106874	2024-08-04	6	0.0	1.2	0	1	1400	0	36.5	5.0	9
2022106874	2024-09-21	5	160.0	0.8	1	1	1200	0	33.9	5.0	8
2022106874	2024-12-14	4	240.0	0.9	0	1	1200	0	34.4	5.0	11
2022106874	2025-01-13	7	0.0	0.8	0	1	1200	0	34.7	2.0	11
2022106874	2025-02-09	4	170.0	0.3	0	1	1200	2	35.4	2.0	16
2022106874	2025-03-16	6	0.0	1.1	3	1	1200	1	36.6	2.0	8
2022106874	2025-06-15	6	0.0	0.5	1	1	1200	0	34.3	2.0	13
2022106874	2025-06-21	6	0.0	0.7	1	1	1200	0	34.8	5.0	10
2022106874	2025-08-03	5	80.0	0.6	0	1	1200	0	34.9	2.0	12
2022106874	2025-08-24	13	0.0	1.1	0	1	1000	0	33.4	2.0	18
2022106874	2025-11-22	13	0.0	0.6	0	1	1200	0	34.2	2.0	16
2022106874	2025-12-13	16	0.0	2.4	1	0	1200	0	39.6	2.0	16
2022107012	2024-08-25	4	110.0	0.6	1	1	1600	0	34.2	0.0	17
2022107012	2024-09-14	2	220.0	0.1	0	1	1600	0	34.9	1.0	15
2022107012	2024-11-17	7	0.0	1.0	1	1	1600	0	35.4	1.0	14
2022107012	2024-12-28	5	55.0	0.3	0	1	2000	0	35.3	1.0	16
2022107012	2025-01-12	10	0.0	2.4	1	1	2000	0	39.1	1.0	18
2022107012	2025-03-15	3	140.0	0.5	2	1	1800	0	34.3	1.0	18
2022107012	2025-04-12	1	560.0	0.0	0	1	1600	0	33.9	1.0	18
2022107012	2025-07-06	9	0.0	1.7	0	1	1800	0	36.2	2.0	9
2022107012	2025-09-14	6	0.0	0.4	1	1	1600	0	33.4	2.0	14
2022107012	2025-10-12	5	80.0	0.5	1	1	1600	0	34.2	2.0	18
2022107012	2025-11-01	7	0.0	0.2	0	1	1600	0	34.0	2.0	15
2022107012	2026-01-05	3	210.0	0.1	0	1	1600	0	33.8	2.0	15
2022107147	2024-09-22	2	290.0	0.3	2	0	1400	0	36.8	0.0	11
2022107147	2024-10-13	2	220.0	0.3	0	0	1400	0	38.1	1.0	11
2022107147	2024-10-26	5	55.0	0.4	1	0	1400	0	39.0	1.0	13
2022107147	2025-01-12	6	0.0	0.5	1	0	1200	0	37.6	1.0	16
2022107147	2025-03-29	1	560.0	0.0	1	0	1400	2	36.6	1.0	16
2022107147	2025-04-13	11	0.0	1.8	2	0	1400	0	39.5	2.0	16
2022107147	2025-07-06	3	200.0	0.7	0	0	1000	0	35.2	2.0	14
2022107147	2025-08-03	2	320.0	0.4	0	0	1200	0	37.0	2.0	16
2022107147	2025-09-14	6	0.0	1.9	0	0	1200	0	36.7	2.0	16
2022107147	2025-10-13	4	120.0	0.7	1	0	1400	0	37.7	2.0	15
2022107149	2024-08-31	8	0.0	1.0	3	1	1500	1	37.2	0.0	12
2022107149	2024-09-16	7	0.0	1.4	0	1	2000	0	36.9	1.0	12
2022107149	2024-12-21	11	0.0	2.2	1	1	2000	0	36.4	1.0	16
2022107149	2025-02-02	3	140.0	0.6	0	1	1800	1	36.8	1.0	13
2022107149	2025-02-09	1	560.0	0.0	1	1	1800	2	36.6	1.0	16
2022107149	2025-04-19	5	80.0	2.9	0	1	2000	0	37.6	2.0	7
2022107149	2025-05-10	8	0.0	1.5	1	1	1800	2	34.6	2.0	9
2022107149	2025-07-13	8	0.0	1.2	1	1	1800	0	38.7	2.0	16
2022107149	2025-07-27	7	0.0	1.9	0	1	2000	0	36.6	5.0	7
2022107149	2025-09-20	5	80.0	0.4	1	1	2000	0	35.2	2.0	18
2022107149	2025-10-05	11	0.0	1.9	2	1	2000	2	36.9	2.0	12
2022107149	2025-10-18	15	0.0	1.7	1	1	1800	0	35.6	2.0	18
2022107185	2024-10-12	5	72.0	0.7	0	1	2000	0	34.3	0.0	13
2022107185	2025-06-21	1	560.0	0.0	0	0	1800	0	39.3	1.0	13
2022107185	2025-11-15	6	0.0	0.8	0	0	1800	0	37.8	2.0	16
2022107185	2025-12-14	9	0.0	2.3	0	0	1800	2	41.3	5.0	12
2022110012	2024-10-05	2	290.0	1.5	0	0	1400	2	38.6	0.0	16
2022110012	2024-10-19	1	550.0	0.0	1	0	1400	0	37.6	1.0	12
2022110012	2024-11-30	3	272.8	0.3	0	1	1200	0	33.6	2.0	9
2022110012	2025-03-02	15	0.0	2.1	2	0	1200	0	38.4	2.0	16
2022110012	2025-03-23	9	0.0	0.6	0	1	1200	0	34.5	2.0	13
2022110012	2025-07-19	6	0.0	0.4	0	1	1200	0	33.9	2.0	16
2022110012	2025-08-02	4	120.0	0.9	0	1	1200	0	35.1	2.0	10
2022110012	2025-08-17	11	0.0	1.0	1	1	1200	2	35.0	5.0	16
2022110012	2026-01-10	10	0.0	1.2	0	0	1200	0	37.3	2.0	15
2022110035	2024-09-21	2	290.0	0.5	1	1	1600	0	33.9	0.0	16
2022110035	2024-12-15	11	0.0	1.4	0	1	1600	0	36.3	1.0	16
2022110035	2025-03-23	10	0.0	1.8	0	1	1600	0	37.7	1.0	16
2022110035	2025-06-15	2	220.0	0.2	1	1	1200	0	34.2	1.0	16
2022110035	2025-06-29	7	0.0	0.6	1	1	1200	0	35.1	1.0	12
2022110035	2025-08-24	2	220.0	0.1	0	1	1200	0	35.3	1.0	16
2022110035	2025-09-07	3	140.0	0.1	1	1	1200	2	35.5	1.0	16
2022110051	2024-08-03	4	110.0	1.5	0	0	1800	0	39.9	0.0	15
2022110051	2024-09-29	2	220.0	0.0	2	0	1800	1	37.6	1.0	10
2022110051	2024-11-10	1	550.0	0.0	0	0	1800	0	38.3	1.0	10
2022110051	2025-01-11	7	0.0	1.6	0	0	1800	2	39.6	2.0	14
2022110051	2025-05-25	5	80.0	1.4	1	0	1800	1	37.4	2.0	16
2022110051	2025-07-19	8	0.0	0.9	1	0	1700	1	36.5	2.0	16
2022110051	2025-09-14	5	80.0	1.2	1	0	2000	0	39.4	2.0	13
2022110051	2025-10-05	6	0.0	0.4	2	0	1800	1	36.7	2.0	14
2022110051	2025-12-07	5	80.0	0.7	0	0	1800	0	37.9	2.0	14
2022110061	2024-11-03	4	110.0	0.3	0	0	1700	1	38.9	0.0	15
2022110061	2024-11-16	5	55.0	2.1	0	0	1700	0	38.9	1.0	15
2022110061	2025-02-01	5	56.0	0.5	3	1	2000	2	36.2	1.0	12
2022110061	2025-02-23	8	0.0	2.8	2	0	1700	0	39.4	1.0	12
2022110061	2025-04-19	6	0.0	1.1	0	0	2000	0	40.1	1.0	16
2022110061	2025-05-04	11	0.0	3.0	0	0	1800	2	40.8	1.0	14
2022110061	2025-07-27	5	56.0	0.4	0	0	1800	0	39.1	1.0	16
2022110061	2025-08-10	3	140.0	0.3	1	0	1800	0	39.3	1.0	15
2022110061	2025-09-07	4	84.0	0.1	1	0	1700	2	38.5	1.0	14
2022110061	2025-10-01	6	0.0	1.2	3	0	1700	1	39.5	5.0	12
2022110061	2025-10-15	1	55.0	0.0	0	0	1800	2	38.2	5.0	10
2022110061	2025-10-30	1	55.0	0.0	0	0	1700	2	40.7	5.0	12
2022110087	2024-12-07	10	0.0	2.1	1	0	1400	0	38.3	0.0	16
2022110087	2025-01-05	12	0.0	2.7	0	0	1800	0	40.5	1.0	16
2022110087	2025-04-05	3	140.0	1.0	0	0	1200	0	39.2	1.0	16
2022110087	2025-04-19	2	220.0	0.0	0	0	1200	0	38.5	1.0	16
2022110087	2025-05-11	9	0.0	0.7	0	0	1200	2	38.3	1.0	16
2022110087	2025-07-05	1	560.0	0.0	0	0	1000	0	36.1	1.0	14
2022110087	2025-08-31	4	120.0	1.0	0	0	1200	0	38.2	2.0	13
2022110087	2025-10-19	4	120.0	0.5	1	0	1200	0	36.7	2.0	12
2022110087	2025-11-01	15	0.0	1.9	0	0	1400	1	38.5	2.0	16
2022110087	2026-01-25	1	820.0	0.0	0	0	1000	0	35.9	2.0	14
2022110120	2024-12-07	2	290.0	0.3	0	0	1800	0	37.1	0.0	9
2022110120	2025-01-26	1	560.0	0.0	0	0	1800	0	38.5	1.0	15
2022110120	2025-04-20	4	120.0	1.2	1	0	1800	0	38.3	2.0	15
2022110120	2025-06-07	1	800.0	0.0	1	0	1600	0	37.1	2.0	15
2022110120	2025-09-15	2	628.2	1.2	1	0	1800	0	38.2	5.0	11
2022110120	2025-11-02	1	1578.0	0.0	1	0	1600	1	35.7	5.0	13
2022110129	2024-09-28	3	180.0	0.4	1	0	1800	0	38.9	0.0	16
2022110129	2024-11-09	1	550.0	0.0	0	0	1600	0	37.9	1.0	16
2022110129	2025-01-13	11	0.0	1.7	0	1	1600	0	37.0		15
2022110129	2025-02-16	2	320.0	1.0	1	0	1400	2	38.0	2.0	11
2022110129	2025-04-13	3	200.0	0.2	2	0	1400	0	38.2	2.0	16
2022110129	2025-06-22	2	320.0	0.1	0	0	1400	0	38.1	2.0	16
2022110129	2025-10-11	1	800.0	0.0	0	0	1400	0	36.9	2.0	16
2022110129	2025-12-06	13	0.0	1.1	0	0	1400	0	37.8	3.0	16
2022110134	2024-10-06	1	720.0	0.0	1	0	1600	1	35.9	0.0	16
2022110134	2024-11-23	14	0.0	2.6	0	0	1600	2	39.1	5.0	16
2022110134	2025-02-01	11	0.0	2.7	0	0	1600	0	38.8	2.0	13
2022110134	2025-04-20	3	200.0	0.1	1	1	1600	0	33.3	2.0	11
2022110134	2025-06-14	7	0.0	0.6	0	1	2000	0	34.9	5.0	11
2022110134	2025-06-28	13	0.0	2.9	0	0	1700	2	40.4	2.0	14
2022110134	2025-08-09	11	0.0	3.7	0	1	1500	0	38.6	5.0	11
2022110134	2025-12-07	15	0.0	2.3	0	0	1400	0	38.6	2.0	16
2023100043	2025-09-27	8	0.0	1.0	0	1	1600	0	35.4	0.0	16
2023100043	2025-12-06	10	0.0	2.5	0	0	1800	0	39.7	1.0	16
2023100053	2025-09-06	4	110.0	1.1	0	1	1400	0	34.8	0.0	11
2023100053	2025-09-28	10	0.0	1.0	0	1	1400	0	35.4	1.0	14
2023100053	2025-12-20	3	140.0	0.4	1	1	1600	2	35.3	1.0	16
2023100053	2026-01-10	8	0.0	1.0	0	1	1600	0	34.7	1.0	16
2023100133	2025-12-28	1	750.0	0.0	0	0	1400	0	39.4	0.0	16
2023100169	2025-06-29	3	190.0	0.2	1	1	1200	0	33.6	0.0	12
2023100169	2025-07-06	2	220.0	0.1	1	1	1200	2	34.7	1.0	10
2023100169	2025-08-24	5	56.0	0.5	0	1	1500	0	36.1	1.0	11
2023100169	2025-11-23	5	56.0	0.8	1	1	1600	0	33.9	1.0	17
2023100169	2025-12-06	1	560.0	0.0	0	1	1600	0	34.1	1.0	15
2023100398	2025-06-22	1	750.0	0.0	0	1	1400	0	35.5	0.0	16
2023100398	2025-08-09	4	240.0	0.4	0	1	1400	0	33.9	5.0	9
2023100398	2025-09-20	5	160.0	0.6	1	1	1200	0	34.1	5.0	13
2023100398	2025-11-16	4	240.0	0.2	0	1	1200	0	35.2	5.0	16
2023100398	2025-12-20	8	0.0	0.8	2	1	1200	2	35.3	5.0	9
2023100421	2025-07-05	6	0.0	2.3	0	1	1200	0	36.1	0.0	8
2023100421	2025-07-12	7	0.0	2.0	0	1	1200	0	35.9	1.0	10
2023100421	2025-09-14	15	0.0	1.4	1	1	1200	0	35.7	1.0	16
2023100421	2025-10-18	12	0.0	1.1	1	1	1200	0	35.7	1.0	18
2023100421	2025-10-25	7	0.0	1.2	2	1	1600	0	35.1	1.0	10
2023100529	2026-01-05	5	65.0	0.6	0	1	1600	0	35.3	0.0	16
2023100530	2025-11-09	16	0.0	3.6	3	0	1400	2	38.5	0.0	16
2023100530	2025-11-23	13	0.0	4.2	0	0	1400	0	40.7	1.0	14
2023100530	2026-01-11	14	0.0	3.5	1	0	1400	0	41.1	1.0	16
2023100530	2026-01-17	8	0.0	2.2	0	0	1900	0	39.1	1.0	13
2023100532	2025-11-15	9	0.0	1.7	0	1	1600	0	34.8	0.0	14
2023100540	2026-01-05	10	0.0	2.3	0	0	1200	0	38.9	0.0	14
2023100547	2026-01-10	1	650.0	0.0	0	0	1400	0	36.5	0.0	16
2023100614	2025-09-13	11	0.0	1.5	1	1	1600	2	35.2	0.0	16
2023100614	2025-10-05	11	0.0	0.9	0	1	1400	0	33.9	1.0	17
2023100614	2026-01-18	11	0.0	1.0	0	1	1600	0	35.4	1.0	16
2023100688	2025-06-22	3	190.0	0.3	1	1	1200	1	36.0	0.0	12
2023100688	2025-07-13	4	84.0	0.9	0	0	1000	0	37.7	1.0	12
2023100688	2025-08-17	3	140.0	0.3	1	1	1200	0	35.2	1.0	10
2023100688	2025-09-06	7	0.0	1.8	0	1	1200	0	36.5	1.0	11
2023100688	2026-01-12	16	0.0	2.4	0	1	1400	0	37.5	1.0	18
2023100734	2025-09-15	9	0.0	0.9	1	1	1600	0	35.0	0.0	13
2023100734	2025-11-02	4	84.0	1.2	0	1	1600	0	35.0	1.0	12
2023100734	2025-11-30	6	0.0	1.2	0	1	1600	0	34.9	1.0	13
2023100741	2025-10-18	4	110.0	1.5	1	0	1400	2	37.7	0.0	16
2023100741	2025-11-15	1	560.0	0.0	0	0	1600	0	38.2	1.0	14
2023100771	2025-10-19	2	300.0	0.2	1	1	2000	0	35.7	0.0	11
2023100771	2025-11-09	6	0.0	1.0	3	1	2000	2	36.2	1.0	8
2023100787	2025-07-20	5	75.0	1.4	0	1	2000	0	37.6	0.0	13
2023100787	2025-09-14	5	56.0	2.6	1	0	1800	2	40.7	1.0	11
2023100787	2025-10-18	3	140.0	0.3	0	1	1800	0	35.2	1.0	8
2023100787	2025-11-16	10	0.0	1.7	0	1	1800	0	36.1	1.0	18
2023100797	2025-06-29	1	750.0	0.0	0	1	1200	0	34.8	0.0	7
2023100797	2025-08-09	1	1620.3	0.0	0	1	1400	0	34.2	5.0	9
2023100797	2025-10-25	4	440.0	0.5	3	1	1600	2	34.7		10
2023100797	2025-12-20	6	0.0	0.5	2	1	1200	2	35.0	5.0	9
2023100982	2025-12-28	12	0.0	2.0	0	0	1400	0	41.5	0.0	16
2023100983	2025-12-20	11	0.0	0.5	0	1	1600	0	33.7	0.0	18
2023100993	2025-07-12	6	0.0	1.0	1	1	1200	0	35.6	0.0	11
2023100993	2025-08-31	4	84.0	0.6	0	1	1400	0	35.3	1.0	18
2023100993	2025-10-18	9	0.0	1.1	1	1	1600	0	34.1	1.0	13
2023101003	2025-11-02	2	300.0	0.3	0	1	1600	0	35.0	0.0	15
2023101003	2025-11-22	4	84.0	0.2	0	1	1800	0	35.0	1.0	11
2023101003	2025-12-07	2	220.0	0.1	0	1	1600	0	34.7	1.0	14
2023101052	2025-10-04	17	0.0	4.1	1	1	1800	0	35.7	0.0	17
2023101052	2025-12-07	15	0.0	2.1	0	1	1800	0	36.0	1.0	16
2023101061	2025-11-15	7	0.0	1.6	0	0	1200	0	38.1	0.0	16
2023101083	2025-08-31	13	0.0	3.1	0	1	1600	0	37.6	0.0	14
2023101083	2025-10-18	11	0.0	1.8	1	1	1600	0	34.3	1.0	13
2023101083	2025-12-06	17	0.0	2.1	0	1	1600	0	34.8	1.0	17
2023101088	2026-01-05	3	160.0	0.4	0	1	1600	0	34.9	0.0	16
2023101120	2025-08-10	3	190.0	0.5	3	1	1800	2	33.3	0.0	12
2023101120	2025-11-09	2	220.0	0.2	2	1	1800	0	34.5	1.0	14
2023101120	2025-12-21	2	220.0	0.0	1	1	1800	1	34.7	1.0	15
2023101140	2026-01-10	10	0.0	2.1	0	0	1400	0	38.0	0.0	16
2023101148	2025-10-19	1	750.0	0.0	3	0	1600	0	36.4	0.0	16
2023101148	2025-11-27	3	750.0	0.5	1	0	1400	2	40.1		12
2023101217	2025-10-11	17	0.0	3.3	1	1	1400	0	34.8	0.0	17
2023101217	2025-10-19	7	0.0	2.6	1	0	1400	2	40.1	1.0	12
2023101217	2025-12-06	15	0.0	2.3	0	0	1400	0	39.9	1.0	16
2023101217	2025-12-14	10	0.0	5.3	1	0	1800	2	42.7	1.0	11
2023101269	2025-08-17	2	300.0	0.1	0	0	1400	0	37.3	0.0	16
2023101269	2025-09-07	1	560.0	0.0	0	0	1200	0	37.0	1.0	15
2023101269	2025-11-09	5	111.0	1.7	2	0	1400	2	37.4	2.0	15
2023101269	2025-11-29	2	647.2	0.2	1	0	1600	0	36.4	5.0	12
2023101296	2025-10-26	2	300.0	0.0	2	1	1400	2	34.8	0.0	18
2023101296	2025-11-09	6	0.0	0.9	2	1	1400	0	34.6	1.0	18
2023101296	2025-11-29	10	0.0	1.0	0	1	1400	0	35.6	1.0	18
2023101349	2026-01-04	4	98.0	2.1	0	0	1200	2	39.1	0.0	15
2023101349	2026-01-25	10	0.0	1.8	0	0	1200	0	38.9	1.0	16
2023101410	2025-10-04	15	0.0	1.9	1	1	1400	0	35.3	0.0	17
2023101410	2025-11-24	18	0.0	4.1	0	1	1400	0	37.8	1.0	18
2023101477	2025-11-01	2	300.0	0.0	0	0	1400	3	35.8	0.0	16
2023101498	2025-10-19	4	110.0	0.3	1	1	1400	0	35.1	0.0	17
2023101498	2025-11-01	5	56.0	0.7	0	1	1400	2	34.5	1.0	12
2023101545	2025-09-13	2	300.0	0.1	0	1	2000	2	35.4	0.0	9
2023101545	2025-09-27	14	0.0	2.0	1	1	1600	0	36.7	1.0	16
2023101545	2025-11-15	1	560.0	0.0	0	0	1700	0	37.1	1.0	15
2023101545	2025-12-14	11	0.0	1.6	1	0	1800	2	39.9	2.0	16
2023101563	2025-06-14	7	0.0	2.1	1	1	1600	0	35.7	0.0	11
2023101563	2025-10-11	9	0.0	1.6	3	1	1600	0	35.8	1.0	10
2023101563	2026-01-04	4	89.0	1.1	0	0	1200	2	39.4	1.0	16
2023101607	2025-11-09	9	0.0	1.7	3	0	1400	2	37.4	0.0	16
2023101607	2026-01-18	5	59.0	0.6	0	0	1800	0	37.7	1.0	12
2023101660	2025-07-13	7	0.0	2.2	0	1	1200	0	36.2	0.0	7
2023101660	2025-09-27	10	0.0	1.4	0	1	1200	0	36.2	1.0	14
2023101660	2025-10-19	11	0.0	5.2	1	0	1400	2	42.9	1.0	12
2023101660	2025-12-20	11	0.0	1.3	3	0	1200	2	39.3	1.0	16
2023101666	2025-09-21	9	0.0	1.5	0	1	1800	0	35.5	0.0	9
2023101666	2025-11-15	8	0.0	2.8	0	1	2000	0	37.1	1.0	12
2023101676	2025-07-13	4	110.0	0.9	0	1	1200	0	35.6	0.0	7
2023101676	2025-07-20	7	0.0	0.9	0	1	1200	0	35.2	1.0	16
2023101676	2025-09-21	5	56.0	0.4	0	0	1200	2	40.1	1.0	16
2023101676	2025-10-19	4	84.0	1.3	1	0	1200	1	37.8	1.0	15
2023101676	2025-11-16	4	84.0	1.2	0	0	1150	0	38.2	1.0	16
2023101676	2025-11-24	2	220.0	0.4	0	0	1150	0	37.6	1.0	16
2023101688	2025-11-30	16	0.0	11.0	0	0	1600	0	41.4	0.0	16
2023101688	2026-01-11	14	0.0	2.1	1	0	1200	0	37.8	1.0	16
2023101712	2025-07-12	6	0.0	1.7	1	0	1150	0	38.3	0.0	14
2023101712	2025-07-26	3	140.0	1.0	0	0	1200	0	38.3	1.0	8
2023101712	2025-08-09	8	0.0	3.3	0	0	1200	0	39.5	1.0	15
2023101712	2025-10-25	11	0.0	3.2	0	0	1200	0	39.9	1.0	15
2023101712	2025-12-14	5	56.0	0.8	3	0	1200	2	38.9	1.0	15
2023101712	2026-01-05	4	89.0	0.8	0	0	1200	2	38.2	1.0	16
2023101727	2025-10-26	5	75.0	0.4	2	1	1400	2	34.4	0.0	18
2023101727	2025-11-09	4	84.0	0.5	2	1	1400	0	34.9	1.0	18
2023101727	2025-11-29	1	560.0	0.0	0	1	1400	0	34.3	1.0	18
2023101810	2026-01-12	2	260.0	0.0	0	0	1200	0	37.7	0.0	16
2023101813	2025-12-20	2	300.0	0.3	1	0	1800	0	39.2	0.0	13
2023101813	2026-01-11	2	240.0	0.9	1	0	1800	0	40.9	1.0	16
2023101855	2025-09-28	12	0.0	2.6	0	1	2000	0	35.3	0.0	17
2023101855	2025-11-15	3	140.0	0.4	0	1	2000	0	33.9	1.0	13
2023101855	2025-11-24	14	0.0	2.3	0	1	2000	0	36.8	1.0	16
2023101855	2026-01-10	5	59.0	1.1	0	0	1800	0	40.9	1.0	16
2023101871	2025-11-24	7	0.0	1.3	0	1	1400	0	34.1	0.0	14
2023101883	2026-01-05	8	0.0	2.0	0	0	1200	0	36.8	0.0	14
2023102050	2026-01-17	16	0.0	4.5	0	0	1800	0	42.8	0.0	16
2023102075	2025-11-29	2	300.0	0.7	0	0	1800	0	37.3	0.0	12
2023102075	2025-12-21	1	560.0	0.0	3	0	1800	2	37.2	1.0	12
2023102075	2026-01-10	5	82.0	0.7	0	0	1800	0	36.9	2.0	11
2023102089	2025-07-20	10	0.0	2.9	0	1	1800	0	37.5	0.0	13
2023102089	2025-09-21	11	0.0	6.2	0	0	1800	0	43.9	1.0	11
2023102089	2025-12-28	6	0.0	3.2	0	0	1800	0	40.9	1.0	13
2023102089	2026-01-17	9	0.0	2.4	0	0	1900	0	39.9	1.0	13
2023102174	2026-01-12	11	0.0	1.6	0	1	1600	0	35.8	0.0	18
2023102181	2025-11-16	2	300.0	0.2	0	0	1600	0	36.9	0.0	16
2023102181	2025-11-29	9	0.0	1.7	0	0	1600	0	39.2	1.0	13
2023102188	2025-11-01	8	0.0	2.3	0	0	1400	3	37.5	0.0	16
2023102188	2026-01-18	9	0.0	1.5	0	0	1200	0	37.6	1.0	16
2023102312	2025-07-19	2	300.0	0.3	0	1	1200	0	36.2	0.0	16
2023102312	2025-08-10	6	0.0	0.9	3	1	1400	2	35.8	1.0	18
2023102312	2025-09-14	13	0.0	2.7	1	0	1200	2	39.9	1.0	15
2023102312	2025-10-18	14	0.0	1.4	1	1	1200	0	35.2	1.0	18
2023102312	2025-11-09	13	0.0	1.3	2	1	1400	0	35.0	1.0	18
2023102342	2025-06-14	5	75.0	0.9	0	1	1000	0	34.2	0.0	12
2023102342	2025-07-05	7	0.0	1.9	0	1	1200	1	38.2	1.0	8
2023102342	2025-09-21	15	0.0	2.6	0	0	1200	2	40.9	1.0	16
2023102342	2025-11-09	5	56.0	0.5	2	1	1400	0	34.6	1.0	18
2023102342	2025-11-24	9	0.0	1.4	0	1	1400	0	35.0	1.0	18
2023102408	2025-11-30	7	0.0	1.1	0	1	1200	0	35.3	0.0	13
2023102408	2025-12-13	3	140.0	0.2	0	1	1200	0	34.1	1.0	14
2023102414	2025-11-29	8	0.0	0.9	0	1	1600	0	34.4	0.0	13
2023102414	2025-12-20	12	0.0	1.3	1	1	2000	2	38.0	1.0	18
2023102448	2025-12-21	12	0.0	2.5	3	0	1400	2	39.3	0.0	15
2023102448	2026-01-18	16	0.0	2.6	0	0	1200	0	39.1	1.0	16
2023102452	2025-10-04	6	0.0	0.4	2	1	2000	1	35.1	0.0	14
2023102452	2025-10-12	6	0.0	1.0	1	1	2000	0	36.5	1.0	9
2023102452	2026-01-05	6	0.0	0.6	0	1	2000	0	35.2	1.0	17
2023102452	2026-01-18	2	240.0	0.1	0	0	1800	0	36.9	1.0	12
2023102460	2025-11-15	2	300.0	0.5	0	0	1200	0	36.5	0.0	16
2023102460	2025-11-30	2	220.0	0.2	0	0	1200	0	37.2	1.0	16
2023102487	2025-10-25	5	75.0	1.1	1	1	1600	0	35.9	0.0	14
2023102487	2025-11-09	6	0.0	1.8	3	1	1600	2	37.1	1.0	8
2023102487	2025-12-21	12	0.0	1.1	3	1	1800	2	36.3	1.0	18
2023102542	2025-10-19	1	750.0	0.0	1	1	1400	0	35.0	0.0	17
2023102542	2025-11-08	12	0.0	1.1	0	1	1400	0	34.3		16
2023102544	2025-10-19	5	75.0	0.7	1	1	1400	2	35.7	0.0	18
2023102544	2025-11-08	12	0.0	2.0	0	1	1800	0	37.6	1.0	16
2023102553	2025-09-21	1	750.0	0.0	0	0	1800	0	36.3	0.0	9
2023102553	2025-11-02	3	284.9	0.1	0	0	1800	2	36.6	2.0	16
2023102553	2026-01-10	3	210.0	0.4	0	0	1800	0	36.5	2.0	11
2023102554	2025-07-06	3	190.0	1.2	1	1	2000	0	36.5	0.0	8
2023102554	2025-07-19	9	0.0	2.1	0	1	1800	0	39.1	1.0	10
2023102554	2025-08-17	7	0.0	3.0	0	1	2000	0	36.8	1.0	7
2023102554	2025-11-23	9	0.0	2.5	0	0	1800	0	40.0	1.0	13
2023102554	2025-12-13	10	0.0	4.7	1	0	1800	0	42.5	1.0	16
2023102554	2025-12-28	9	0.0	4.0	0	0	1800	0	42.3	1.0	13
2023102560	2025-12-07	12	0.0	1.4	0	1	1400	0	34.8	0.0	17
2023102606	2025-11-30	4	110.0	1.0	0	1	1200	0	35.3	0.0	13
2023102606	2025-12-13	11	0.0	1.2	0	1	1200	0	36.0	1.0	14
2023102619	2025-06-08	7	0.0	0.6	1	1	1400	0	34.1	0.0	17
2023102619	2025-10-05	3	140.0	0.7	1	1	1800	0	34.7	1.0	11
2023102619	2026-01-05	14	0.0	1.4	0	1	2000	0	36.0	1.0	18
2023102643	2025-12-28	6	0.0	1.2	0	0	1400	0	40.4	0.0	16
2023102643	2026-01-17	7	0.0	0.6	0	0	1200	0	37.6	1.0	16
2023102743	2025-07-12	1	750.0	0.0	1	0	1150	0	38.0	0.0	14
2023102743	2025-10-13	2	444.4	0.2	1	0	1600	0	36.4	2.0	7
2023102743	2025-11-29	6	0.0	1.0	1	0	1600	0	37.7	5.0	12
2023102743	2025-12-14	16	0.0	2.5	1	0	1800	2	40.1	2.0	16
2023102893	2025-07-13	15	0.0	3.0	0	1	1800	0	37.7	0.0	15
2023102893	2025-12-14	16	0.0	2.8	3	1	2000	2	38.4	1.0	18
2023102893	2026-01-11	7	0.0	2.8	1	0	1800	0	41.6	1.0	16
2023102919	2026-01-12	17	0.0	3.6	0	1	1600	0	36.8	0.0	18
2023102920	2025-07-26	2	300.0	0.0	0	1	1400	0	34.9	0.0	11
2023102920	2025-08-31	8	0.0	1.9	0	1	1400	0	35.6		13
2023102920	2025-11-08	10	0.0	1.2	0	1	1400	0	35.3	1.0	15
2023102920	2026-01-12	13	0.0	4.2	0	0	1800	0	42.4	1.0	16
2023102923	2025-10-19	3	190.0	0.3	1	1	2000	0	35.3	0.0	11
2023102923	2025-11-02	4	84.0	0.5	0	1	2000	0	35.6	1.0	7
2023102923	2025-11-23	3	140.0	0.4	0	1	2000	0	35.9	1.0	16
2023102923	2026-01-17	5	59.0	0.2	0	1	2000	0	36.6	1.0	18
2023102948	2025-11-23	1	750.0	0.0	0	0	1800	0	37.1	0.0	7
2023102955	2026-01-12	14	0.0	3.7	0	0	1200	0	41.1	0.0	16
2023102958	2025-12-13	3	190.0	1.9	0	0	1800	0	40.9	0.0	15
2023102997	2025-12-20	3	190.0	0.0	0	1	1600	0	33.9	0.0	18
2023102998	2026-01-04	1	650.0	0.0	0	0	1800	0	39.6	0.0	12
2023103101	2025-10-25	2	300.0	0.2	1	1	1600	0	34.8	0.0	14
2023103101	2025-11-08	3	140.0	0.3	0	1	1400	0	34.2	1.0	15
2023103101	2025-11-29	1	560.0	0.0	0	1	1600	0	35.0	1.0	14
2023103101	2026-01-12	12	0.0	1.2	0	1	1600	0	35.1		16
2023103133	2025-11-08	5	75.0	1.5	0	0	1300	0	35.8	0.0	14
2023103133	2025-12-13	12	0.0	1.8	1	1	1600	0	35.0	1.0	16
2023103163	2025-09-06	4	110.0	2.5	0	0	1400	2	39.3	0.0	13
2023103163	2025-09-27	3	140.0	0.8	0	0	1400	0	37.8	1.0	15
2023103163	2025-10-13	6	0.0	1.8	0	0	1400	0	38.5	1.0	8
2023103163	2025-10-25	3	140.0	0.0	1	0	1400	0	39.3	1.0	14
2023103163	2026-01-18	4	89.0	0.6	0	0	1400	0	38.2	1.0	16
2023103176	2025-09-28	5	75.0	0.6	0	1	1400	0	35.5	0.0	18
2023103176	2025-10-18	5	56.0	0.8	1	1	1600	0	34.0	1.0	7
2023103176	2025-11-08	12	0.0	1.8	0	1	1400	0	34.3	1.0	15
2023103176	2025-11-29	4	84.0	0.3	0	0	1800	0	37.2	1.0	11
2023103176	2025-12-21	4	84.0	1.7	3	0	1800	2	38.2	1.0	12
2023103176	2026-01-10	1	590.0	0.0	0	0	1900	0	37.6	1.0	14
2023103180	2025-10-13	5	75.0	1.2	0	1	1600	0	36.1	0.0	15
2023103180	2025-11-01	5	56.0	1.1	0	1	1800	2	35.3	1.0	8
2023103297	2025-07-06	7	0.0	3.7	0	1	1800	0	40.1	0.0	9
2023103297	2025-07-26	3	140.0	0.1	0	1	1600	0	34.5	1.0	6
2023103297	2025-09-14	7	0.0	1.3	1	1	1400	0	35.4	1.0	10
2023103297	2025-10-05	3	140.0	0.8	1	1	1600	2	35.8	1.0	7
2023103297	2025-10-25	9	0.0	1.0	1	1	1400	0	35.8	1.0	12
2023103343	2026-01-04	2	260.0	0.0	1	1	1800	0	34.3	0.0	18
2023103357	2025-09-15	2	300.0	0.0	0	1	1600	0	33.4	0.0	10
2023103357	2025-10-13	15	0.0	2.7	0	1	1400	0	38.1	1.0	16
2023103357	2026-01-10	12	0.0	1.7	0	1	1600	0	37.1	1.0	18
2023103367	2025-08-31	2	300.0	0.0	0	1	2000	0	33.6	0.0	7
2023103367	2025-10-26	5	56.0	0.8	1	1	2000	2	36.1	1.0	10
2023103367	2025-12-06	3	140.0	0.8	0	1	2000	0	34.4	1.0	14
2023103393	2025-11-09	8	0.0	9.4	3	1	2000	1	44.4	0.0	8
2023103393	2026-01-10	13	0.0	3.0	0	0	1900	0	40.7	1.0	14
2023103404	2025-09-07	4	110.0	0.9	0	0	1800	0	39.8	0.0	16
2023103404	2025-12-06	7	0.0	1.1	0	0	1400	0	39.2	1.0	16
2023103412	2025-10-19	8	0.0	0.6	1	1	2000	0	36.0	0.0	11
2023103418	2025-06-14	5	75.0	1.2	1	1	1400	0	35.9	0.0	10
2023103418	2025-06-28	2	220.0	0.4	0	1	1200	0	34.7	1.0	10
2023103418	2025-09-14	1	560.0	0.0	1	1	1200	0	34.2	1.0	16
2023103418	2025-11-08	2	1516.0	0.5	0	1	1400	0	33.5		16
2023103422	2025-11-09	1	750.0	0.0	2	0	1600	2	36.9	0.0	15
2023103422	2025-12-20	9	0.0	1.5	1	1	1600	0	35.2	2.0	12
2023103457	2025-11-15	14	0.0	2.3	0	1	1600	0	36.0	0.0	18
2023103518	2025-10-04	4	110.0	0.7	1	1	1400	0	34.3	0.0	17
2023103518	2025-12-14	2	220.0	0.1	3	1	1200	0	35.5	1.0	16
2023103525	2025-12-21	13	0.0	3.1	1	0	1200	1	40.5	0.0	16
2023103530	2025-11-15	5	75.0	0.7	0	1	1600	0	33.4	0.0	14
2023103534	2025-08-02	6	0.0	0.8	0	1	1600	0	35.0	0.0	7
2023103534	2025-08-23	9	0.0	1.2	1	1	1400	0	35.3	1.0	9
2023103534	2025-11-09	5	56.0	0.6	1	0	1150	0	37.5	1.0	16
2023103534	2025-11-22	4	84.0	0.7	0	0	1200	0	37.0	1.0	14
2023103534	2025-12-20	8	0.0	1.1	3	0	1200	2	38.1	1.0	16
2023103545	2026-01-12	16	0.0	3.0	0	1	1600	0	37.4	0.0	18
2023103547	2025-11-09	2	300.0	0.1	1	0	1700	0	38.7	0.0	15
2023103547	2025-11-22	1	560.0	0.0	0	0	1700	0	39.1	1.0	15
2023103552	2025-11-01	1	750.0	0.0	0	0	1400	3	36.3	0.0	16
2023103567	2025-07-06	5	75.0	0.7	1	1	1200	0	35.9	0.0	11
2023103567	2025-08-31	3	140.0	0.4	0	1	1400	0	35.7	1.0	18
2023103567	2025-11-01	3	140.0	0.3	0	1	1400	2	34.0	1.0	12
2023103567	2025-11-24	6	0.0	1.1	0	1	1400	0	34.4	1.0	18
2023103584	2025-08-16	7	0.0	1.3	0	1	1400	0	35.4	0.0	17
2023103584	2025-11-09	4	84.0	0.4	2	1	1600	0	33.7	1.0	16
2023103594	2025-08-23	3	190.0	1.6	0	0	1800	0	38.6	0.0	12
2023103594	2025-09-13	1	560.0	0.0	1	0	1800	0	37.9	1.0	8
2023103594	2025-11-02	13	0.0	3.0	0	0	1800	2	39.6	2.0	16
2023103611	2025-11-15	15	0.0	2.5	0	1	1600	0	36.8	0.0	18
2023103628	2025-11-08	10	0.0	1.9	1	1	1800	0	34.2	0.0	13
2023103628	2025-11-24	4	84.0	1.7	0	0	1600	0	37.6	1.0	14
2023103628	2025-12-20	1	560.0	0.0	2	0	1800	0	39.1	1.0	16
2023103661	2025-10-04	9	0.0	1.9	2	1	2000	1	36.1	0.0	14
2023103661	2025-12-14	5	56.0	0.6	1	1	2000	2	35.1	1.0	13
2023103677	2025-08-16	4	84.0	1.7	0	0	1200	0	37.1	1.0	9
2023103677	2025-09-21	3	140.0	0.6	0	0	1800	0	38.6	1.0	11
2023103677	2025-10-12	2	220.0	0.2	1	0	1800	0	37.8	1.0	7
2023103677	2025-12-21	2	220.0	0.0	3	0	1800	2	38.5	1.0	12
2023103677	2026-01-12	2	240.0	0.5	0	0	1800	0	38.0	1.0	16
2023103682	2025-10-05	6	0.0	2.8	1	0	1800	1	38.5	0.0	16
2023103682	2025-11-02	7	0.0	2.1	0	0	1800	2	39.9	1.0	15
2023103682	2025-12-27	5	56.0	3.5	0	0	1800	2	39.9	1.0	11
2023103682	2026-01-17	5	59.0	1.7	0	0	1900	0	39.4	1.0	13
2023103692	2025-08-16	16	0.0	2.8	0	1	1400	0	35.9	0.0	17
2023103692	2025-10-18	5	56.0	1.6	0	0	1400	0	37.4	1.0	9
2023103692	2025-11-15	6	0.0	3.0	0	0	1400	0	39.5	1.0	13
2023103742	2025-11-25	1	400.0	0.0	3	0	1400	0	38.0		5
2023103742	2025-12-24	8	0.0	2.4	1	0	1500	1	40.1		11
2023103742	2026-01-06	2	80.0	0.0	0	0	1500	2	40.1		11
2023103743	2025-10-13	5	75.0	0.9	0	1	1800	0	35.6	0.0	11
2023103743	2025-11-08	7	0.0	1.4	0	1	1800	0	34.7	1.0	9
2023103764	2025-09-21	6	0.0	3.1	0	0	1800	0	38.9	0.0	9
2023103764	2025-10-13	3	140.0	0.6	0	0	1400	0	36.8	1.0	13
2023103764	2025-12-27	4	84.0	0.5	0	0	1400	2	37.9	1.0	16
2023103764	2026-01-18	3	150.0	0.2	0	0	1400	0	38.3	1.0	16
2023103783	2025-08-03	6	0.0	0.7	0	1	1600	0	34.5	0.0	7
2023103783	2025-09-13	4	84.0	0.7	1	0	1800	0	38.2	1.0	8
2023103783	2025-10-11	3	140.0	0.1	1	0	1800	0	36.8	1.0	8
2023103783	2025-12-06	1	560.0	0.0	0	0	1800	0	37.4	1.0	16
2023103791	2025-09-20	6	0.0	0.3	1	1	1600	0	33.8	0.0	16
2023103791	2025-11-16	12	0.0	2.2	0	1	1600	0	37.5	1.0	15
2023103791	2025-12-07	9	0.0	1.2	0	1	1400	0	34.8	1.0	18
2023103795	2025-10-13	2	300.0	0.1	0	1	1800	0	34.4	0.0	11
2023103795	2025-11-15	3	140.0	1.1	0	1	2000	0	35.9	1.0	12
2023103795	2026-01-11	5	59.0	0.5	0	1	1800	0	34.5	1.0	18
2023103810	2025-08-23	10	0.0	3.7	0	0	1800	0	40.1	0.0	12
2023103810	2025-11-15	4	84.0	0.5	0	0	1600	0	38.3	1.0	14
2023103810	2025-12-14	6	0.0	1.0	1	0	1400	2	39.2	1.0	13
2023103810	2026-01-12	5	59.0	1.2	0	0	1200	0	37.3	1.0	16
2023103929	2025-08-16	5	75.0	0.6	0	1	1200	0	36.7	0.0	11
2023103929	2025-08-31	6	0.0	0.9	1	1	1200	2	37.1	1.0	10
2023103929	2025-10-25	2	220.0	0.7	0	0	1200	0	38.1	1.0	15
2023103929	2025-11-16	2	220.0	0.3	0	0	1150	0	37.4	1.0	16
2023103929	2025-12-06	4	84.0	0.7	0	0	1200	0	38.2	1.0	16
2023103997	2025-12-28	9	0.0	5.4	0	0	1800	0	42.7	0.0	16
2023104042	2025-07-13	11	0.0	1.9	0	1	1800	0	36.9	0.0	15
2023104042	2025-11-15	2	220.0	0.0	0	0	1600	0	37.2	1.0	14
2023104042	2025-11-29	7	0.0	1.0	0	0	1600	0	38.8	1.0	13
2023104042	2025-12-27	7	0.0	2.2	1	0	1800	2	40.0	1.0	16
2023104053	2025-10-25	2	300.0	0.0	2	0	1400	2	37.5	0.0	16
2023104053	2025-11-16	3	140.0	0.2	0	0	1400	0	37.8	1.0	16
2023104054	2025-10-04	6	0.0	0.9	1	1	1400	0	34.1	0.0	17
2023104054	2025-11-23	8	0.0	1.4	1	1	1600	0	34.9	1.0	17
2023104093	2025-09-13	4	110.0	0.3	1	1	1200	0	35.7	0.0	11
2023104093	2025-11-22	4	84.0	0.6	0	1	1200	0	34.3	1.0	18
2023104093	2025-12-13	5	56.0	0.3	0	1	1200	0	34.9	1.0	14
2023104199	2025-08-23	7	0.0	4.3	0	1	1500	2	39.5	0.0	9
2023104199	2025-09-13	5	56.0	2.3	1	0	1200	0	37.9	1.0	8
2023104199	2026-01-18	5	59.0	1.0	0	0	1200	0	37.2	1.0	16
2023104200	2025-11-24	11	0.0	2.2	0	1	1400	0	33.6	0.0	14
2023104200	2025-12-13	10	0.0	1.0	1	1	1600	0	34.8	1.0	13
2023104221	2025-06-29	4	110.0	1.8	0	1	1200	0	35.7	0.0	7
2023104221	2025-07-27	6	0.0	2.5	0	1	1600	0	35.1	1.0	7
2023104221	2025-09-14	14	0.0	4.1	1	0	1200	2	40.6	1.0	15
2023104221	2025-10-25	10	0.0	4.0	2	1	1600	0	38.6	1.0	10
2023104282	2025-07-20	9	0.0	2.6	0	1	1800	0	37.7	0.0	13
2023104282	2025-08-10	7	0.0	2.6	1	1	1600	0	36.7	1.0	12
2023104282	2025-12-07	8	0.0	1.5	0	0	1400	0	38.6	1.0	16
2023104282	2025-12-21	5	56.0	0.8	3	0	1800	2	38.9	1.0	12
2023104282	2026-01-10	7	0.0	1.1	0	0	1900	0	39.3	1.0	14
2023104303	2025-07-19	7	0.0	1.5	0	1	1800	0	37.8	0.0	16
2023104303	2025-09-21	4	84.0	0.6	0	1	1800	0	35.0	1.0	10
2023104303	2025-11-09	2	220.0	0.1	2	1	1600	0	34.2	1.0	16
2023104305	2025-11-29	5	75.0	0.4	0	1	1600	0	34.0	0.0	13
2023104324	2025-11-02	10	0.0	1.4	0	1	1600	0	35.6	0.0	15
2023104324	2025-11-16	9	0.0	1.9	0	1	1600	0	36.1	1.0	15
2023104324	2026-01-04	1	590.0	0.0	0	0	1800	0	37.3	1.0	16
2023104386	2025-06-15	2	300.0	1.2	1	1	1600	2	35.6	0.0	10
2023104386	2025-09-13	2	220.0	0.0	1	0	1800	0	37.6	1.0	8
2023104386	2025-10-11	1	560.0	0.0	1	0	1800	0	37.1	1.0	8
2023104386	2025-11-02	5	111.0	0.5	0	0	1800	2	37.7	2.0	16
2023104386	2026-01-10	4	120.0	0.6	0	0	1800	0	36.3	2.0	11
2023104487	2025-08-17	5	75.0	1.2	0	1	1800	0	34.9	0.0	11
2023104487	2025-09-07	6	0.0	0.8	0	1	2000	0	33.8	1.0	10
2023104487	2025-09-28	6	0.0	1.6	0	1	2000	0	34.3	1.0	16
2023104487	2025-10-25	3	140.0	0.3	0	1	1800	0	33.7	1.0	13
2023104487	2025-11-22	3	140.0	0.3	0	1	1800	0	34.8	1.0	16
2023104525	2026-01-05	13	0.0	2.8	0	0	1200	0	38.2	0.0	14
2023104525	2026-01-24	14	0.0	2.9	0	0	1200	0	39.3	1.0	14
2023104607	2025-06-28	3	190.0	0.5	0	0	1150	0	38.5	0.0	11
2023104607	2025-07-20	2	220.0	0.8	0	0	1150	0	37.6	1.0	8
2023104607	2025-08-09	3	140.0	2.1	0	0	1200	0	38.4	1.0	15
2023104607	2025-11-24	6	0.0	1.8	0	0	1150	0	38.8	1.0	16
2023104607	2025-12-27	12	0.0	2.7	1	0	1200	2	40.7	1.0	16
2023104614	2025-10-05	1	750.0	0.0	0	0	1600	0	36.2	0.0	16
2023104614	2025-12-21	7	0.0	0.5	3	0	1400	2	36.6	2.0	16
2023104618	2025-12-21	8	0.0	2.6	3	1	1200	1	36.6	0.0	11
2023104631	2025-11-23	7	0.0	0.8	1	1	2000	0	34.8	0.0	11
2023104631	2025-12-14	11	0.0	9.0	1	0	1800	2	47.0	1.0	11
2023104668	2026-01-04	3	160.0	2.0	0	0	1200	2	39.4	0.0	15
2023104765	2025-10-25	11	0.0	2.7	2	0	1600	2	37.4	0.0	16
2023104765	2025-11-16	7	0.0	1.7	0	0	1200	0	37.5	1.0	15
2023104765	2026-01-12	16	0.0	2.6	0	0	1200	0	39.0	1.0	16
2023104795	2025-08-30	16	0.0	2.3	1	1	1400	0	36.1	0.0	18
2023104795	2025-09-13	10	0.0	5.7	1	0	1800	3	43.7	1.0	11
2023104795	2025-11-09	15	0.0	1.7	2	1	1600	0	35.2	1.0	16
2023104848	2025-08-03	5	75.0	1.1	0	0	1800	0	40.4	0.0	15
2023104848	2025-08-30	1	560.0	0.0	0	0	1800	0	38.2	1.0	14
2023104848	2025-11-02	10	0.0	2.2	0	0	1800	2	38.5	2.0	16
2023104848	2025-12-14	2	320.0	0.0	1	0	1800	2	37.9	2.0	16
2023104848	2026-01-10	3	293.3	0.9	0	0	1800	0	39.1	2.0	10
2023104905	2025-09-14	6	0.0	1.3	1	1	2000	0	35.1	0.0	7
2023104905	2025-10-12	9	0.0	2.8	1	1	2000	0	38.3	1.0	9
2023104905	2026-01-18	15	0.0	1.4	0	1	1600	0	36.9	1.0	18
2023104936	2025-12-07	2	300.0	0.0	0	1	1600	0	34.1	0.0	17
2023104936	2025-12-28	6	0.0	0.9	0	1	1800	0	35.5	1.0	18
2023104936	2026-01-18	6	0.0	0.6	0	1	1600	0	35.9	1.0	18
2023104960	2025-08-09	6	0.0	0.5	1	1	1400	0	34.2	0.0	10
2023104960	2025-08-31	2	220.0	0.0	0	1	1400	0	35.0	1.0	13
2023104960	2025-09-21	6	0.0	0.5	0	1	1600	0	35.7	1.0	13
2023104960	2025-10-26	1	560.0	0.0	2	1	1400	0	36.0	1.0	13
2023104960	2025-11-22	2	445.6	0.5	0	1	1400	0	34.3	2.0	9
2023104960	2025-12-27	1	1131.7	0.0	0	1	1400	0	33.9	2.0	10
2023104967	2025-11-29	12	0.0	6.4	0	0	1800	0	43.0	0.0	12
2023104967	2026-01-21	5	7.0	2.7	1	0	1400	0	41.4	5.0	8
2023105102	2025-09-20	8	0.0	0.7	1	1	1600	0	34.0	0.0	16
2023105102	2025-10-11	6	0.0	0.7	3	1	1600	0	34.4	1.0	10
2023105102	2025-10-25	2	220.0	0.1	2	1	1600	0	34.8	1.0	10
2023105102	2025-11-23	6	0.0	0.9	1	1	1600	0	34.6	1.0	17
2023105138	2025-07-19	8	0.0	1.6	0	1	1800	0	38.6	0.0	16
2023105138	2025-09-13	11	0.0	1.4	1	1	1600	2	35.9	1.0	11
2023105138	2025-11-08	13	0.0	2.1	0	1	1800	0	38.2	1.0	16
2023105285	2025-10-18	3	190.0	0.2	0	1	1400	0	33.8	0.0	18
2023105285	2025-11-16	2	220.0	0.2	0	1	1400	0	34.5	1.0	18
2023105319	2025-09-07	7	0.0	1.7	0	0	1800	0	40.7	0.0	16
2023105319	2025-12-27	6	0.0	2.1	1	0	1800	2	39.0	1.0	16
2023105319	2026-01-11	5	59.0	2.7	1	0	1800	0	42.2	1.0	16
2023105339	2025-09-20	5	75.0	0.5	1	1	1600	0	33.8	0.0	14
2023105339	2025-10-26	2	220.0	0.2	1	1	1600	2	37.2	1.0	10
2023105339	2026-01-05	5	59.0	0.4	0	1	1600	0	34.5	1.0	14
2023105345	2025-08-24	1	750.0	0.0	0	1	1600	0	34.1	0.0	13
2023105349	2026-01-18	16	0.0	2.1	0	1	2000	0	36.5	0.0	17
2023105384	2025-10-11	3	190.0	0.1	3	1	1600	0	33.8	0.0	14
2023105384	2025-12-06	7	0.0	1.2	0	1	1600	0	34.0	1.0	17
2023105468	2025-08-24	5	75.0	1.0	0	1	2000	0	34.6	0.0	5
2023105468	2025-09-21	8	0.0	1.5	0	0	1400	0	39.3	1.0	13
2023105468	2025-09-27	2	220.0	1.2	0	0	1800	0	38.1	1.0	9
2023105468	2025-11-15	6	0.0	1.0	0	0	1800	0	38.1	1.0	11
2023105468	2025-12-06	11	0.0	2.7	0	0	1800	0	39.4	1.0	16
2023105468	2026-01-24	9	0.0	2.1	1	0	1700	0	40.6	1.0	10
2023105634	2026-01-12	5	65.0	1.2	0	1	1600	0	35.0	0.0	18
2023105672	2025-07-05	3	190.0	1.3	0	1	1200	0	36.0	0.0	8
2023105672	2025-08-02	2	220.0	0.6	0	1	1400	0	34.1	1.0	5
2023105672	2025-10-25	7	0.0	0.3	0	1	1200	0	36.1	1.0	15
2023105672	2025-12-07	11	0.0	1.5	0	1	1400	0	36.0	1.0	18
2023105682	2025-09-07	3	190.0	0.7	0	0	1800	0	40.9	0.0	16
2023105682	2025-12-06	6	0.0	1.2	0	0	1800	0	39.5	1.0	16
2023105682	2026-01-05	3	150.0	0.4	0	0	1800	2	39.8	1.0	12
2023105753	2025-10-05	7	0.0	1.7	0	0	1600	0	37.4	0.0	16
2023105753	2025-10-25	10	0.0	2.0	2	0	1600	2	36.7	1.0	15
2023105753	2025-12-07	3	140.0	1.3	0	0	1800	0	38.2	1.0	13
2023105753	2025-12-20	7	0.0	2.0	1	0	1800	0	39.6	1.0	16
2023105753	2026-01-12	9	0.0	2.0	0	0	1800	0	41.5	1.0	16
2023105777	2025-09-06	9	0.0	3.0	0	1	1500	0	37.4	0.0	10
2023105777	2025-09-28	8	0.0	1.2	0	1	1200	0	34.3	1.0	16
2023105777	2025-10-19	8	0.0	1.1	1	1	1400	0	34.3	1.0	13
2023105777	2025-12-14	12	0.0	1.3	3	1	1200	0	35.9	1.0	16
2023105814	2025-12-07	5	75.0	0.9	0	1	1200	0	34.9	0.0	16
2023105839	2025-12-21	4	110.0	0.8	3	0	1400	2	38.3	0.0	15
2023105839	2026-01-12	4	89.0	0.7	0	0	1200	0	37.6	1.0	16
2023105854	2025-11-15	7	0.0	0.6	0	1	2000	0	37.2	0.0	16
2023105862	2025-07-26	6	0.0	1.1	0	1	1400	0	35.6	0.0	18
2023105862	2025-09-27	8	0.0	1.5	1	1	1600	0	35.4	1.0	16
2023105862	2025-11-09	6	0.0	0.8	2	1	1800	0	35.1	1.0	14
2023105862	2025-11-24	8	0.0	0.9	0	1	2000	0	35.5	1.0	16
2023105865	2025-10-12	10	0.0	1.5	1	1	2000	0	34.5	0.0	13
2023105865	2025-10-26	9	0.0	1.6	1	1	2000	2	37.0	1.0	10
2023105865	2026-01-10	16	0.0	3.2	0	1	2400	0	38.8	1.0	18
2023105882	2026-01-04	9	0.0	5.2	0	0	1800	0	42.1	0.0	12
2023105892	2025-07-05	5	75.0	1.3	0	1	1800	2	37.5	0.0	7
2023105892	2025-07-27	4	84.0	1.3	0	1	1600	0	33.7	1.0	7
2023105892	2025-08-30	3	140.0	0.4	1	1	1800	0	34.6	1.0	11
2023105899	2025-09-20	4	110.0	0.8	1	0	1200	0	37.3	0.0	10
2023105899	2025-10-12	3	140.0	0.1	1	0	1400	0	38.6	1.0	12
2023105950	2025-10-12	15	0.0	3.5	1	0	1300	0	38.6	0.0	16
2023105950	2025-12-14	6	0.0	0.9	3	1	1200	0	35.5	1.0	16
2023106068	2025-10-05	13	0.0	1.7	2	1	1800	2	35.1	0.0	13
2023106068	2026-01-10	6	0.0	0.6	0	1	1600	0	35.7	1.0	18
2023106104	2025-06-08	5	75.0	1.9	1	1	1800	0	36.6	0.0	10
2023106104	2025-09-27	1	560.0	0.0	1	1	1600	0	34.8	1.0	16
2023106197	2025-07-12	5	75.0	0.4	1	1	1200	0	35.6	0.0	11
2023106197	2025-08-02	9	0.0	1.5	0	1	1000	0	34.0	1.0	12
2023106197	2025-08-09	1	560.0	0.0	1	1	1200	0	34.4	1.0	12
2023106197	2025-08-31	9	0.0	2.0	0	1	1400	0	36.6		13
2023106197	2025-09-20	10	0.0	1.2	1	1	1200	0	35.2	5.0	13
2023106197	2025-11-22	8	0.0	1.3	0	1	1400	0	34.3	2.0	9
2023106197	2025-12-20	5	160.0	0.5	2	1	1200	2	34.5	5.0	9
2023106197	2026-01-04	8	0.0	0.6	0	1	1600	0	35.0		8
2023106259	2025-10-18	6	0.0	1.3	1	0	1200	0	37.6	0.0	15
2023106259	2025-11-02	5	56.0	1.7	0	0	1400	1	36.5	1.0	14
2023106259	2025-11-30	14	0.0	2.2	0	0	1400	0	39.4	1.0	16
2023106325	2025-06-22	4	110.0	1.0	0	1	1400	0	36.3	0.0	16
2023106325	2025-08-10	4	84.0	0.4	3	1	1400	2	35.0	1.0	18
2023106325	2025-08-31	1	560.0	0.0	0	1	1400	0	35.0	1.0	18
2023106325	2025-11-08	8	0.0	0.9	0	1	1400	0	33.6		16
2023106362	2025-10-25	9	0.0	1.3	2	1	2000	0	35.5	0.0	9
2023106362	2025-11-16	7	0.0	0.7	0	1	1800	0	35.1	1.0	18
2023106415	2025-11-29	13	0.0	2.7	0	1	1600	0	35.1	0.0	13
2023106415	2025-12-13	13	0.0	2.0	1	1	1600	0	35.4	1.0	16
2023106556	2025-10-18	8	0.0	1.5	1	0	1200	0	38.5	0.0	15
2023106706	2025-10-19	7	0.0	1.1	1	1	1400	2	35.8	0.0	18
2023106741	2025-07-13	6	0.0	1.6	0	1	1800	0	37.4	0.0	15
2023106741	2025-10-18	7	0.0	2.1	0	0	1400	0	38.1	1.0	9
2023106741	2025-11-02	8	0.0	1.8	0	1	1600	0	36.1	1.0	12
2023106741	2025-11-16	9	0.0	1.0	0	1	1400	0	35.3	1.0	18
2023106776	2026-01-04	2	260.0	0.1	0	1	2000	0	35.7	0.0	17
2023106829	2025-07-05	6	0.0	2.3	0	1	1800	2	38.4	0.0	7
2023106829	2025-09-06	3	140.0	0.3	0	1	1600	0	34.3	1.0	12
2023106829	2025-09-21	5	56.0	0.5	0	1	1600	0	34.9	1.0	16
2023106829	2025-10-11	3	140.0	0.9	3	1	1800	0	33.7	1.0	10
2023106829	2025-12-06	2	220.0	0.0	0	1	1600	0	33.6	1.0	15
2023106829	2026-01-04	5	59.0	0.3	0	1	1600	0	35.6	1.0	16
2023106863	2025-12-27	7	0.0	0.5	1	1	1600	0	35.6	0.0	16
2023106866	2025-07-06	6	0.0	3.6	0	1	1800	0	40.2	0.0	9
2023106866	2025-07-26	5	56.0	0.7	0	1	1600	0	34.6	1.0	6
2023106866	2025-10-12	1	560.0	0.0	1	0	1800	0	37.7	1.0	7
2023106866	2026-01-10	6	0.0	0.7	0	0	1800	0	36.5	2.0	11
2023106872	2025-09-21	3	190.0	0.3	0	1	1800	0	33.6	0.0	9
2023106872	2025-10-11	3	140.0	0.5	1	1	1800	0	34.1	1.0	6
2023106886	2025-07-27	3	190.0	0.2	0	1	1600	0	33.0	0.0	9
2023106959	2025-09-20	7	0.0	0.3	1	1	1600	0	34.4	0.0	16
2023106982	2025-08-30	5	75.0	0.9	0	1	1400	0	36.1	0.0	10
2023106982	2025-10-25	5	56.0	0.4	1	1	1400	0	34.7	1.0	12
2023106982	2025-11-16	4	84.0	0.4	0	0	1400	0	37.8	1.0	14
2023106982	2026-01-25	4	89.0	1.1	0	0	1700	0	39.7	1.0	16
2023107027	2025-12-21	3	190.0	0.3	3	1	1200	1	33.9	0.0	11
2023107027	2026-01-12	8	0.0	0.6	0	1	1400	0	35.7	1.0	18
2023107043	2025-07-12	6	0.0	2.5	0	1	1800	0	38.0	0.0	7
2023107043	2025-10-18	1	560.0	0.0	1	0	1800	2	37.8	1.0	10
2023107043	2025-12-14	4	120.0	0.3	1	0	1800	2	38.0	2.0	16
2023107043	2026-01-10	2	330.0	0.0	0	0	1800	0	36.1	2.0	11
2023107082	2025-06-29	10	0.0	2.4	0	1	1800	0	38.8	0.0	13
2023107082	2025-12-07	1	560.0	0.0	0	0	1800	0	37.6	1.0	13
2023107084	2025-10-05	9	0.0	2.2	0	1	2000	0	35.4	0.0	15
2023107084	2025-12-07	9	0.0	2.2	0	0	1800	0	38.7	1.0	10
2023107086	2025-10-13	12	0.0	2.0	0	1	1800	0	34.7	0.0	13
2023107086	2025-11-01	7	0.0	1.0	0	0	1600	3	38.0	1.0	16
2023107095	2025-11-15	4	110.0	0.4	0	1	1600	0	33.8	0.0	14
2023107145	2025-10-18	13	0.0	1.5	0	1	1600	0	34.4	0.0	16
2023107162	2025-09-21	2	300.0	0.2	0	0	1800	2	38.5	0.0	16
2023107162	2025-11-09	1	560.0	0.0	2	0	1600	2	37.1	1.0	16
2023107197	2025-09-21	5	75.0	0.8	0	1	1800	0	34.8	0.0	9
2023107197	2025-11-15	6	0.0	1.3	0	1	2000	0	35.7	1.0	12
2023107242	2025-11-23	6	0.0	1.2	1	0	1600	0	38.4	0.0	15
2023107288	2025-08-10	1	750.0	0.0	3	1	1800	2	33.4	0.0	12
2023107288	2025-10-26	5	170.0	0.5	1	1	1800	2	34.7		8
2023107314	2025-11-01	9	0.0	3.5	0	0	1800	1	40.2	0.0	16
2023109039	2025-06-28	4	110.0	1.2	0	1	1200	0	36.5	0.0	8
2023109039	2025-07-20	6	0.0	1.8	0	0	1150	0	38.9	1.0	8
2023109039	2025-09-21	8	0.0	1.0	0	0	1200	2	40.3	1.0	16
2023109039	2025-11-15	11	0.0	0.9	0	1	1200	0	35.9	1.0	16
2023109054	2025-11-23	9	0.0	2.7	0	1	1800	0	36.1	0.0	9
2023109056	2025-09-27	16	0.0	4.3	0	0	1800	0	40.5	0.0	16
2023109056	2025-12-13	11	0.0	2.5	1	0	1800	0	40.6	1.0	16
2023109092	2025-06-28	2	300.0	0.2	0	1	1200	0	35.5	0.0	14
2023109092	2025-07-19	6	0.0	0.8	0	1	1200	0	36.3	5.0	18
2023109092	2025-11-24	16	0.0	2.1	0	1	1200	0	36.2	1.0	16
2023109092	2025-12-14	8	0.0	1.7	1	0	1400	2	39.4	1.0	16
2023109106	2025-06-28	3	190.0	0.7	0	1	1200	0	35.6	0.0	14
2023109106	2025-07-06	4	84.0	0.1	0	1	1200	0	36.4	1.0	16
2023109106	2025-07-19	2	571.4	0.1	0	1	1200	0	36.0	5.0	18
2023109106	2026-01-04	10	0.0	1.2	0	0	1200	0	37.4	1.0	16
2023109173	2025-06-29	7	0.0	1.3	0	1	1200	0	35.4	0.0	17
2023109173	2025-07-06	2	220.0	0.1	0	1	1200	0	36.1	1.0	16
2023109173	2025-07-19	8	0.0	1.0	0	1	1200	0	36.1	5.0	18
2023109173	2025-10-18	8	0.0	0.8	1	1	1200	0	35.3	1.0	18
2023110055	2025-09-20	1	750.0	0.0	1	1	1600	0	33.2	0.0	14
2023110055	2025-11-15	6	0.0	1.7	0	1	1600	0	35.9		8
2023110055	2025-12-21	6	0.0	1.0	2	1	1600	1	35.5		14
2023110065	2025-06-08	5	75.0	1.2	0	1	1400	0	35.2	0.0	11
2023110065	2025-06-28	1	560.0	0.0	0	1	1200	0	35.8	1.0	6
2023110065	2025-08-09	9	0.0	0.9	0	1	1400	0	34.9	5.0	9
2023110065	2025-08-30	3	404.2	0.4	1	1	1200	2	36.3	5.0	13
2023110065	2025-09-20	2	647.8	0.3	1	1	1200	0	34.3	5.0	13
2023110065	2025-10-11	6	0.0	0.6	2	1	1600	0	34.5		8
2023110065	2025-11-08	6	0.0	0.8	0	1	1400	0	34.1		16
