date	race_id	score_max	score_std	entropy	tri_mass	p1_max	p1_gap	p3_max	p3_gap	top1_prob	top5_mass	effn	conf_score	best_strategy
2023-01-05	202306010101	-2.4332339859585908	1.5963165493842928	1.5140852859986416	0.47216945115105563	0.7864989667616363	0.654437493889229	0.32453210496074486	0.04775295271244928	0.11320364076538106	0.4077288201852086	16.62978983536065	0.06013305098262013	sanrentan_1-234-234
2023-01-05	202306010102	-1.6574573087194049	1.6664769575351688	1.7060986991102507	0.4034322462529926	0.6708240849333902	0.5327569219078256	0.3102218275626736	0.05801092435203403	0.07306514549258973	0.33999741561413366	18.91001540298105	0.05288202990264916	sanrentan_box4
2023-01-05	202306010103	-6.717373777629544	0.8977858896057529	1.8927224957651063	0.2995852270770188	0.4181692598714326	0.0017216778436189295	0.2277156294652981	0.0012014433655412882	0.07291565105262564	0.3267805103101255	19.067438838430846	0.05244542848536521	umaren_box4
2023-01-05	202306010104	-4.101502861441971	1.6543009206649093	1.6190294881693315	0.5541165756129404	0.41747669590972425	0.12038043384062669	0.27779886625239136	0.007473133080198813	0.1365584350209821	0.6011426812277983	11.196394478945429	0.08931446653478294	sanrentan_1-234-234
2023-01-05	202306010105	-1.7087494069544076	1.9797445860905902	1.693199970186964	0.46644475516225303	0.5159583428145524	0.2545651289749968	0.3049133223493301	0.09231845261802674	0.09270530138127724	0.3883339687838008	17.506023004824534	0.057123196954808476	sanrentan_1-234-234
2023-01-05	202306010106	-2.9129100846668354	1.718733446345541	1.7220068797883186	0.4360394986081945	0.48554485352957516	0.1548053553417929	0.32747851818995255	0.15530543436054045	0.08166158268601827	0.35544978387219095	18.335274890049842	0.05453967862476272	sanrentan_1-234-234
2023-01-05	202306010107	-4.132497632887678	1.0168246053826269	1.9991897346787697	0.18455650158664963	0.39879953222905057	0.08004274927131133	0.29534140651553864	0.003576692673210924	0.06297889900946303	0.29666037444429505	19.580197886118267	0.0510720068211858	wide_box4
2023-01-05	202306010108	-1.6598570846785117	0.8012327484189656	1.8249698509430208	0.2818380292465205	0.6858286645079235	0.5074178394871205	0.2409425205162038	0.0028657210947197476	0.08422843220200979	0.34423902852428245	18.638712651737116	0.05365177406213195	umatan_nagashi4
2023-01-05	202306010109	-1.2196386863234783	1.5854702206892117	1.8889464263414721	0.2969853354167962	0.4385688290805482	0.12115383097342608	0.2591895346430817	0.04355255538606495	0.08039155303077249	0.3676530875231851	18.188392198272876	0.05498012078796924	tansho_p1
2023-01-05	202306010110	-3.2184557547067025	0.9124345993456853	1.9177566350810549	0.2724383105485556	0.3735463910322177	0.1140275280652478	0.27903849300046496	0.05803159082900633	0.06528548330229068	0.3050074246723907	19.471710950644482	0.051356555288578874	tansho_minodds_top3
2023-01-05	202306010111	-2.4895770383372473	1.1807008905552525	2.006462162880363	0.16783635601212796	0.4769698965094366	0.13986551801892128	0.34920694030842997	0.17132851678275968	0.06286209708239747	0.29005499580645805	19.72633777529439	0.05069364680819861	tansho_minodds_top3
2023-01-05	202306010112	-1.360585617700315	1.5727397707162638	1.609381757664694	0.52647419157365	0.5658401132904843	0.3721895018948435	0.289214228422674	0.02796970930059911	0.10287591136675084	0.41581380346600016	16.533253804557013	0.06048416190915625	sanrentan_1-234-234
2023-01-05	202307010101	-4.853707095294874	1.728137162190105	1.5042046191062604	0.6712738493532864	0.5065154863448301	0.22177548532660551	0.2761794562150304	0.00757305838185357	0.12812328340258852	0.4684412236870956	14.817615249249016	0.0674872429320691	sanrenpuku_box4
2023-01-05	202307010102	-0.3649491489735546	1.7969265506223295	0.7789213026591977	0.6630531385692754	1.0	1.0	0.2787569650648023	0.05172049221236391	0.09574825297172465	0.4236474348833456	15.9838633804347	0.06256309730625362	umatan_box4
2023-01-05	202307010103	-3.166569812110802	1.9135594290518072	1.911803288390628	0.2556557933325084	0.3752891734312021	0.12549619260905293	0.2781791903090353	0.05759784436523818	0.06389432450265127	0.29997616099683994	19.564842791319368	0.05111208971449979	sanrenpuku_box4
2023-01-05	202307010104	-1.7547969532107246	1.5381372178395953	1.8201605753658194	0.3577916692026176	0.49871593625547483	0.2786737467440888	0.24307840805256425	3.247635352984779e-05	0.09240137212034721	0.41162502635541887	17.05706028797007	0.058626749458420786	sanrentan_box4
2023-01-05	202307010105	-1.074283224410527	1.562687794495785	1.8476430505684678	0.31229329777802584	0.4249103371554835	0.21680704520673388	0.2649109908404095	0.03790048882909164	0.06953510153274053	0.31834428316499414	19.240341905459058	0.05197412836599698	umatan_nagashi5
2023-01-05	202307010106	-0.42835695721951944	1.8982227708575965	1.337765471159787	0.854182981249947	0.3868179676765093	0.08395174595133631	0.33030308114706003	0.017752252820890546	0.15970202971816194	0.7013978437663585	8.714570858000952	0.1147503435676225	sanrenpuku_box4
2023-01-05	202307010107	-0.15238070806272014	1.846025593221442	1.5949201984869137	0.5880323165126413	0.4073909518009487	0.00026238699004477173	0.2223353954660601	0.00018141916981148642	0.09650669805351364	0.4065988981005308	16.878120160740814	0.05924830434173826	wide_nagashi4
2023-01-05	202307010108	-3.00420229687454	2.4931250800080678	1.9574465168745874	0.21571911696135582	0.5226920653436959	0.2571072249485078	0.2268615074857303	0.06122051814131979	0.07928042671140612	0.36949243850211716	18.311476601185692	0.05461056045776498	sanrenpuku_box4
2023-01-05	202307010109	-0.9061509246733083	0.9529879981081142	1.8007587082025047	0.281311923139697	0.7743381692804024	0.5992604634034289	0.32015970410841843	0.1418699326928765	0.08235134582618384	0.3324938189156883	18.90917797240798	0.05288437188857107	tansho_p1
2023-01-05	202307010110	-3.621833667229403	1.284266849262447	1.8284751023120807	0.3552120980916857	0.5015202141233854	0.18942601810456589	0.26475668211188286	0.06014103625090106	0.09190995841429205	0.3770731693289241	17.73931908457379	0.05637194952254991	tansho_minodds_top3
2023-01-05	202307010111	-1.2395785830920412	1.74126477601057	2.0053602646937465	0.16263644641063033	0.4045151941690567	0.09766876886283737	0.2997263526885246	0.008719945935200701	0.05930992632776344	0.2864201251433848	19.7986889096176	0.050508395003581806	umaren_box4
2023-01-05	202307010112	0.053408175150007585	1.2912984083740888	1.932279878312704	0.24227145918006032	0.44347794517530126	0.24371905885137995	0.24815081500399938	0.016764871161795536	0.06566855883217775	0.3130811264704554	19.30614433536263	0.051796981449492345	sanrenpuku_box4
2023-01-07	202306010201	-1.9344917375982633	1.9670668056154075	1.5767703490462766	0.6034131069589513	0.4616464498871443	0.13106504588668155	0.2823058845349087	0.022670195938610416	0.1382246037495498	0.5097157920270252	13.35304119135893	0.07488930691287943	sanrentan_1-234-234
2023-01-07	202306010202	-5.020820322163924	1.2975989959150371	1.8817923450728684	0.2974430160449544	0.5249979021537872	0.21634528039689377	0.2975201032082468	0.11747333026031553	0.09488325747752814	0.40418844223398515	17.259147570708972	0.05794028910773848	umaren_nagashi4
2023-01-07	202306010203	-1.4481371195103694	1.77738741089553	1.5719878795697912	0.39962699611729086	0.8532121457255946	0.7585314947073921	0.35124872245448424	0.14150119414663812	0.10423073140310511	0.3872235723852702	17.354934108428136	0.05762050110661997	sanrentan_box4
2023-01-07	202306010204	-6.158959602785781	1.417258313433377	1.7469508324716987	0.42935975795004594	0.31409591692373	0.004845872665684814	0.278841981023554	0.025541371761008846	0.06709799203002524	0.3288860555679949	19.153650570706013	0.052209368459995846	sanrentan_1-23-2345
2023-01-07	202306010205	-2.455677535931744	1.466648687993397	1.8540429449498725	0.3332097786118764	0.47556102509397385	0.11029866950125483	0.23522515230208835	0.025174514672323567	0.0726681787258102	0.33978602055131907	18.9211050836039	0.05285103568641722	sanrenpuku_box5
2023-01-07	202306010206	-1.9772655830358843	1.3319450681396814	1.462122284972465	0.4298446108234985	0.8199228936771862	0.6700235577475326	0.32503987195173034	0.14177195523000458	0.08184577984377031	0.37569441478650106	17.66099760399658	0.05662194301944222	tansho_p1
2023-01-07	202306010207	-0.3880210518966729	1.809244331652461	1.624753372649879	0.32534276281838787	0.9154437926176806	0.8721469415974894	0.3478270358725002	0.1309270067632134	0.07952338941466765	0.33063871652207977	19.04900079200722	0.052496191843279805	wide_nagashi5
2023-01-07	202306010208	0.27280750029514356	0.45181654078960404	2.0091622365458335	0.14633778210933265	0.7618106929366611	0.6645345527584019	0.3035497586601802	0.047383774439670734	0.05947811367146831	0.2809171183998435	19.854230309243043	0.050367099828314915	tansho_p1
2023-01-07	202306010209	-4.166364668434476	1.9179389290076634	1.9004252788196059	0.283823528428341	0.4966418536362839	0.1485679382077313	0.2890810470099747	0.1242049400317578	0.08629926495480617	0.36424591489070174	18.25869558768822	0.054768425005907694	sanrenpuku_box5
2023-01-07	202306010210	0.28988026988855753	1.2870385230198964	1.4605742335114575	0.5466234328491653	0.7175924317433128	0.5323352892618717	0.3401026953068089	0.07181858552247905	0.15477833740751645	0.4930715896598871	13.72321638356796	0.07286921462503425	wide_nagashi4
2023-01-07	202306010211	-0.3976219511397723	1.267176889357367	1.8808701110883776	0.2877812331893916	0.5330119863931728	0.24491479029224905	0.3151041684230281	0.11091137213525212	0.0668199171037305	0.31476935777852605	19.31174255316328	0.051781966192180784	sanrentan_box4
2023-01-07	202306010212	-1.0996606923000094	1.1393100092769113	1.4381549419167392	0.5106120513709033	0.7494038172958888	0.6435769445044138	0.28367005787503885	0.0130838291292662	0.08738499221794656	0.40778743255002825	17.115082017810685	0.058427999290880245	sanrentan_1-234-234
2023-01-07	202307010201	0.29514395559632745	2.9897987719398844	1.1820755481028526	0.7248204952880212	0.7677471417336137	0.6205805245876355	0.3110914406664767	0.045797509250869506	0.1480233886788303	0.5130067623381525	13.364156623737117	0.07482701888002587	sanrenpuku_box4
2023-01-07	202307010202	-1.0519805651266942	1.6521977172363007	1.6224319783421874	0.5455498711619394	0.4486377510128301	0.08168045121891587	0.28038947155705524	0.02627784164145225	0.1457773374612202	0.5936270481934967	11.402455093293309	0.0877004111674318	sanrentan_1-23-2345
2023-01-07	202307010203	-4.773638076874743	1.9763140700531427	1.8849106010491443	0.2857960046957015	0.32018334387799785	0.06289017462018948	0.28956150293273897	0.006577834612949862	0.06215931003204184	0.30085446381911873	19.616887898520787	0.05097648542281801	sanrentan_box4
2023-01-07	202307010204	-3.3248700268606757	1.8432958071566867	1.6347267171186668	0.5465225992650092	0.43595334934240965	0.06982406784765044	0.27211682044113006	0.03135602237389529	0.12317804525525886	0.5023624459936069	14.003876902428559	0.07140879679016456	sanrentan_1-234-234
2023-01-07	202307010205	1.0260923290920025	1.7382823448264484	1.8711182535421726	0.31803239389349863	0.40495611582197094	0.05676432209868554	0.22787400244465378	0.007732324992447387	0.08108430280789357	0.3703112199804411	18.101239235441028	0.05524483638899519	umaren_nagashi5
2023-01-07	202307010206	1.468553285110608	1.4649477211484583	1.5779462384736602	0.5752957011521167	0.5316311896420322	0.2898847213533948	0.28087145994028145	0.027262647717104238	0.10602284007897247	0.4227658144985438	16.537500182444354	0.06046863123010368	sanrentan_1-234-234
2023-01-07	202307010207	-1.8762351042550236	2.1826032543187326	0.8179589453543802	0.7859167023618076	0.9016354385191143	0.8416801762894593	0.3388635856787848	0.012126096337726933	0.1982976067159888	0.5487742035083958	10.455353169861633	0.09564478442321563	sanrentan_1-234-234
2023-01-07	202307010208	0.8916151280822648	1.7464687733339546	1.2829657461538937	0.7884933856686087	0.4960416938931618	0.0581580452299143	0.32833460314278906	0.18921309156444088	0.16882170545141578	0.5185950956741049	11.969144088998904	0.08354816288986958	sanrenpuku_box5
2023-01-07	202307010209	-0.4236038122931569	1.5551037049481446	1.9913150595412956	0.19731228655510016	0.31436183350710734	0.06412203571020625	0.29389860594621703	0.0038928808036849394	0.055327913690099394	0.27014697391100007	19.910285049037597	0.05022529800739026	sanrentan_box4
2023-01-07	202307010210	-0.019078185403308124	0.8513351265249097	1.8473060576582119	0.31605316176178205	0.5071845142226631	0.17676289356110525	0.2902083629716634	0.14074616131158268	0.08144680386346441	0.3447540988996327	18.77826641064067	0.05325305212590614	sanrentan_1-234-234
2023-01-07	202307010211	-0.8455390008454035	1.7242239678221747	1.7951601356813103	0.40969553763668476	0.3948246764369951	0.13104569352020184	0.2600385047342532	0.011460428761302988	0.09286424190399757	0.4112266800497144	16.90004160322708	0.05917145196903237	sanrentan_1-234-234
2023-01-07	202307010212	0.0016861111450571526	1.6565988978956765	1.7558339344994578	0.45266234277094275	0.4096421177795893	0.1325070686567879	0.2465540129424889	0.0029690123985093575	0.08754204773848184	0.3863819287351353	17.360552810680737	0.05760185236640447	tansho_p1
2023-01-08	202306010301	-2.6365969473249433	1.3907212210315256	1.700959255020848	0.4707693899041486	0.49319225262658184	0.14817331527405425	0.24730972745971966	7.85002363134224e-05	0.1304865800543031	0.5254861251870309	13.431487039159235	0.07445192011015012	sanrentan_box5
2023-01-08	202306010302	-1.7417353255866472	2.370241511462859	1.4640676322478767	0.6918154821822107	0.4441163876248975	0.02821508960957081	0.28647263609849205	0.08417115871777023	0.1467561152043291	0.49578659977910616	13.157771866785804	0.0760007097040725	sanrentan_1-234-234
2023-01-08	202306010303	-5.301917269170942	1.6097526529791057	1.8730108890086345	0.3332341470842566	0.31231337867246717	0.005148583369197546	0.2892235733820648	0.03874121789101137	0.058560580787275475	0.2836838995704667	19.788813549326463	0.05053360058739026	tansho_minodds_top3
2023-01-08	202306010304	-0.016030849942744934	0.6983047883159458	1.9391079276592866	0.23778406066687782	0.4453719781386722	0.1321870300002796	0.25677454519602205	0.050758275607987347	0.07345565822743325	0.341793989588064	18.8991861899052	0.05291233124811159	sanrentan_box4
2023-01-08	202306010305	-2.713439150873007	1.4236499118983752	1.5508461830647782	0.39993825206577543	0.836182371960022	0.7136283290010054	0.35246519984655456	0.16978287345277399	0.09319524502310672	0.3741473635364212	17.977541892200918	0.05562495729373456	sanrentan_1-234-234
2023-01-08	202306010306	-2.2505868002198897	1.9784753768085983	1.6904588325466006	0.4461056398308534	0.5556151579706619	0.3543683012900952	0.2842453674057012	0.031041833572499677	0.09850581408636093	0.4061301853976895	16.969471886865723	0.05892935305629602	sanrentan_box4
2023-01-08	202306010307	-2.1658740026548364	2.123945909978564	1.9523059707890171	0.2199628162642096	0.525708900789292	0.3262211711197587	0.2677568244476313	0.002771512936327436	0.07331863622194876	0.32456379393665086	19.20805054266656	0.05206150399170987	sanrenpuku_box4
2023-01-08	202306010308	-0.7213217747376922	1.8187520174921215	1.6477013123343798	0.5332391603405667	0.4298345084906032	0.06920168653784714	0.27181365615598124	0.0529497999458266	0.10938033980768874	0.41633626013226493	16.312411397188697	0.06130301496517807	umatan_nagashi5
2023-01-08	202306010309	0.1843380026842461	1.5127704476256838	1.5571609617327007	0.604420184512319	0.49353578978257784	0.13157658196573968	0.25057853281654385	0.05694914701733356	0.10454736513337011	0.4416908618878319	15.952189806588363	0.06268731830077606	sanrenpuku_box4
2023-01-08	202306010310	-0.15853687892810256	1.3801372730746257	1.51959071325417	0.5467361620114544	0.6388771618975619	0.3769100188813073	0.30132030948402166	0.06361250798021964	0.145014393170137	0.47356715673921757	14.474709980144238	0.06908601287153632	sanrentan_1-234-234
2023-01-08	202306010311	0.4442663203926822	1.6003832721437334	1.6324263309251583	0.42124463542961943	0.7008606258924138	0.5726839800939083	0.2867164336490642	0.005645248696990013	0.09066974329893947	0.3899247672443	17.506114398785446	0.05712289873242111	umatan_nagashi4
2023-01-08	202306010312	-3.027516713252928	1.059816862859332	1.9879975614720473	0.1813920266110112	0.5243025516560781	0.3221411573062337	0.2663561858300742	0.05098461764906939	0.06717900404005528	0.30848005138815715	19.514440995374194	0.05124410175198179	tansho_minodds_top3
2023-01-08	202307010301	-3.447652189022426	1.9174839977725033	1.6936821277029928	0.46601328949757775	0.5294118397669444	0.22474514001584478	0.2645967516239	0.040518884344514644	0.10887434029649445	0.4142647874982088	16.654957690223092	0.06004218194964415	sanrentan_1-234-234
2023-01-08	202307010302	-1.6939170839897402	1.8601729921487486	1.884707003898643	0.29896894120964845	0.439810400971035	0.11574830190858615	0.2565613916279143	0.010165983428166547	0.0750725020949377	0.338277525819569	18.691017692764987	0.05350163465882786	sanrentan_box5
2023-01-08	202307010303	1.6967899652133855	3.8237415570085043	1.1491186598123253	0.950703491587695	0.521100655771304	0.2398321502948318	0.44099364021825777	0.1384224454120307	0.25203769489306527	0.7621427927436536	6.944292870527412	0.14400314310534704	umaren_nagashi4
2023-01-08	202307010304	0.6698536251401345	2.1373449146081596	1.3016060455552465	0.7241887388159242	0.6511021608660456	0.40500826865529604	0.308432850918561	0.03279716397898863	0.18302423545836144	0.544933290350799	11.912033788106472	0.08394872091434516	sanrentan_1-23-2345
2023-01-08	202307010305	-2.2874372670292566	1.4889892405820992	1.9367327779666696	0.25486965586137095	0.42616399374671343	0.2173709901123304	0.2656958918231403	0.04001826565397393	0.0689464213056352	0.3158991499288285	19.313321969708245	0.05177773153517755	sanrentan_box5
2023-01-08	202307010306	0.006911945663162444	2.063878720902095	1.7669144579678004	0.4283257906151814	0.39701550622571413	0.012588159214092787	0.2549028734481255	0.009786337158832203	0.07675436541570575	0.35820811524411744	18.463096595465956	0.05416209544424814	sanrentan_1-234-234
2023-01-08	202307010307	-1.3626710870407843	1.8090302309090232	1.7437783032721748	0.44254451325670063	0.43794889000461407	0.050139412742779776	0.21539336989075095	0.03200382549823047	0.09077856915930424	0.40020353229951366	17.373716476658565	0.05755820876572328	sanrenpuku_box5
2023-01-08	202307010308	0.6789415533529398	2.7848756004016617	1.5393210694509631	0.6448085874083932	0.45553712275478303	0.13367734725618813	0.2846610609533149	0.07654141067419729	0.09504695902782025	0.3937170524008737	17.323593819670556	0.057724742937837886	sanrentan_box4
2023-01-08	202307010309	-2.6231536780399405	1.8118458528610037	1.6251094506592931	0.5754282236732442	0.4098360194243017	0.03737440555849236	0.2537130879788891	0.002635659873139795	0.08885212201165418	0.3904194422201987	17.107449517410032	0.0584540669830598	sanrenpuku_box5
2023-01-08	202307010310	-0.14157329510594494	1.3576603578781814	1.5628940255145085	0.5775167375502493	0.5401848309931969	0.18367679450310326	0.2449067682402725	0.03736144062449942	0.11371074326312038	0.42081927726270196	16.26289657904503	0.06148966115227677	sanrenpuku_box4
2023-01-08	202307010311	-1.518256764562854	1.0217870042872463	1.6932332941146795	0.46787532781926094	0.46039550210923663	0.14543827731895648	0.25848996741450564	0.05555699779257331	0.0847525392490552	0.3674997177160727	18.097381515846223	0.0552566126278761	tansho_minodds_top3
2023-01-08	202307010312	0.5473588760220659	1.913207889052391	1.842773867727207	0.292755243330861	0.5958615852309329	0.3561939169282219	0.3820266287533866	0.23032367410166749	0.08159283906257751	0.34294770318642587	18.804386852667093	0.05317908038347799	sanrentan_1-234-234
2023-01-09	202306010401	-1.0872563904612134	1.5002699604274248	1.3454307297492254	0.42540999189936657	1.0	1.0	0.28586451956285935	0.08672687623528014	0.0774179680393763	0.3562904580046634	18.52783657298487	0.05397284221829133	umatan_box4
2023-01-09	202306010402	-2.125908162900553	2.065774338523996	1.656641844672571	0.5909281045507985	0.3563885601084654	0.04201623404104726	0.267663772243553	0.006025501175112413	0.08796184776440404	0.38139988083267573	17.52460535631641	0.05706262592895246	tansho_minodds_top3
2023-01-09	202306010403	-4.218521793891969	1.7932987046194504	1.489567961099438	0.634936802954559	0.5333129015839717	0.2225748082901554	0.312976091884605	0.026609558014668078	0.1786982578854446	0.6147055858497569	10.564079455823862	0.0946604012381515	sanrentan_1-234-234
2023-01-09	202306010404	-0.44481948101977126	2.404068762954849	1.4300583128717905	0.6716761575594201	0.5252007640131615	0.11381256594863776	0.236120297735062	0.07781043638696097	0.1296747156959439	0.4441255326384593	15.356846119182723	0.06511753730154711	wide_box4
2023-01-09	202306010405	-1.167951646956594	1.891898246257792	1.4615923953444532	0.42677886928696235	0.8912951232068851	0.8215416262738203	0.2701738330680585	0.032388398966686605	0.08477415253391528	0.35796475818542633	17.970488415693335	0.055646790274587986	tansho_minodds_top3
2023-01-09	202306010406	-3.5690588969241506	1.986441122275995	1.2923475510415716	0.8333924239098489	0.5373532351690428	0.24646022634129477	0.2958186800558628	0.010959582955706204	0.15032014074172292	0.5816915238001467	11.468646371275767	0.0871942483556375	sanrentan_1-234-234
2023-01-09	202306010407	-2.690812711653826	1.9756461606769402	1.6847845923185003	0.4914310405998655	0.5134655281569802	0.26193729710454045	0.2799555276500767	0.04168286699824181	0.09415211748519237	0.38698554418383385	17.60709217297094	0.05679529533758694	umatan_box5
2023-01-09	202306010408	0.6584292686611478	1.632207050808179	0.977533363226307	0.7550731617689637	0.8064566969998849	0.6528793404992734	0.30446019903809224	0.08613079194891907	0.16576238313363928	0.5221624641264722	12.866085281690514	0.07772371922818523	wide_nagashi4
2023-01-09	202306010409	-3.247113461614325	1.619336731801975	1.9936221478930372	0.17536796089442636	0.5120451639583464	0.2153578139556911	0.2607765564748785	0.0745912371594813	0.06040449205967106	0.29000005033313564	19.761951848870233	0.050602289067775905	umatan_nagashi4
2023-01-09	202306010410	-1.211014616143869	1.4384326798596136	1.8481787653184059	0.3430182533148543	0.330697447810343	0.03276139803128825	0.2834866304565461	0.033964140959243244	0.06166142053348761	0.2968609458647682	19.560215241025993	0.051124181798499826	tansho_minodds_top3
2023-01-09	202306010411	-3.1852919499764862	1.2865038627329632	1.9183850656574535	0.2695487904624487	0.49252215555618095	0.2160809590812356	0.2651002612163948	0.06772065866815077	0.08167061968189632	0.35302313754182385	18.430789605614024	0.05425703517853623	umatan_nagashi4
2023-01-09	202306010412	-0.601219285918463	1.3729650958808084	1.9264484162028201	0.23692140081941207	0.5734256570730943	0.28925644070666195	0.3081790886582544	0.1291621590418377	0.07568293990332667	0.32535684712473134	19.201027607664436	0.05208054591832533	tansho_p1
2023-01-09	202307010401	-3.3047154092207713	2.0035675286525803	1.3962343884630615	0.6021988323598522	0.7476323708589006	0.6282541201906732	0.2893565116077921	0.031573658219275325	0.10653002318809257	0.39771777558111115	16.70135046456055	0.05987539762859004	tansho_p1
2023-01-09	202307010402	-0.7778128049533414	1.6910203807457502	1.6974320459063015	0.5009865176091332	0.44297954189267447	0.2071559974407659	0.26319590097866863	0.004854908117768841	0.10484468065428618	0.4350814756933319	15.989269671002381	0.06254194347685357	sanrentan_box4
2023-01-09	202307010403	2.1578351717487845	2.4465892501087816	1.6569006210560626	0.5132907622545415	0.42143041577665785	0.09314076441954422	0.24993257664203722	0.016130553091419836	0.10514139512423551	0.4616300167596871	15.421464037137518	0.06484468644428501	sanrentan_1-23-2345
2023-01-09	202307010404	-1.2959317221835398	1.869767531814524	1.6529294362096139	0.588935153310727	0.3849815161364015	0.12987576198216294	0.2534972152735428	0.002076120778224222	0.09344430434655707	0.39939266761929865	17.055402559885437	0.05863244778238275	umatan_box5
2023-01-09	202307010405	-0.02509953851382051	1.896100614593591	1.7720207869359055	0.4228573526334074	0.439960745347126	0.10551024289207733	0.25426166602856565	0.03527095857403387	0.09740498482867903	0.40638530426063074	16.724219398519317	0.0597935231636901	sanrenpuku_box4
2023-01-09	202307010406	0.23909571262436008	1.787096008633087	2.060519629997491	0.10162675429654315	0.702206765153186	0.553310147729779	0.2540713374679606	0.0	0.05527858061515388	0.26552348679600235	19.962169340670837	0.050094755882197854	umaren_nagashi5
2023-01-09	202307010407	-0.6150515142409683	1.8414509360396325	1.9124753365444764	0.24934398266748276	0.617746640584005	0.42504807488086493	0.2257628922488537	0.0009311667592543371	0.07184468966141834	0.31520114464646604	19.383855530021933	0.05158932382936866	umaren_nagashi4
2023-01-09	202307010408	-0.6361097738521213	2.6807265617863227	1.7315735166483726	0.4736802393812462	0.4585481438604594	0.26270401214226535	0.24747318632966175	0.0023388728129264957	0.07892429483720655	0.3491193301275451	18.217970074630028	0.05489085753810626	sanrentan_box4
2023-01-09	202307010409	-1.5696815805383968	2.3357995358559025	1.5182612121891415	0.7031461213353589	0.4667469632725095	0.25535597294260726	0.2730863758627061	0.00022692600345114444	0.10962230843466887	0.44541107564270144	15.376381413678388	0.06503480715628117	umatan_nagashi4
2023-01-09	202307010410	2.005359579289352	2.4079746900932792	1.5343945932360241	0.45398526773095466	0.7896931932446463	0.6532215283452076	0.3474586680545368	0.1323915802638318	0.09256447635761253	0.39217066806390577	17.621943622087752	0.056747429310043694	wide_nagashi5
2023-01-09	202307010411	0.33021580670526873	0.8099763129513003	1.977295701896597	0.2075315205672967	0.4639023356930209	0.15960232018102655	0.3048312499412945	0.07664018988539223	0.06517200570212078	0.3048184066185269	19.494836843524975	0.051295633199009844	tansho_minodds_top3
2023-01-09	202307010412	0.21331408720288295	0.9162009223505709	1.9975712237227974	0.18804390935891152	0.45586280469087487	0.1471054333201421	0.30017542453938173	0.06350812410973769	0.06281740789165449	0.2986570315543016	19.598659764108486	0.051023897145830596	tansho_p1
2023-01-14	202306010501	-0.38111876214406953	1.670547510283819	1.174164572122133	0.6905008493902176	0.7639095424434801	0.6451026928325996	0.31225117720222717	0.014516328803164613	0.1450071131923068	0.5219611629302465	13.037217921991138	0.07670348121689392	sanrentan_1-23-2345
2023-01-14	202306010502	-2.906233936510153	1.9042237193016456	1.3082347633591123	0.7072408109889491	0.6613602178954943	0.4349552980373607	0.3107648932612983	0.00784302512238455	0.18504840332907502	0.5567007395569372	11.676901601097551	0.08563915618728915	sanrentan_box4
2023-01-14	202306010503	0.24460057678376662	2.774730457101686	1.3525085183606138	0.783836546706219	0.5197601596991681	0.19599903160838067	0.31971040626669145	0.07471348153563495	0.17115602115652506	0.5556190572913244	11.798900518428557	0.08475365975313652	sanrentan_1-234-234
2023-01-14	202306010504	-2.188903056103034	2.3057304588907312	1.2189548337886422	0.7875288368330484	0.673655508283529	0.4618277275937442	0.36974529659829164	0.052298126702143566	0.22224830755529015	0.6353320064906455	9.086287730006402	0.11005594690751615	sanrenpuku_box4
2023-01-14	202306010505	-2.192377870226555	1.356427874715925	1.8638760326636976	0.3238881016850972	0.4683649171806223	0.11903449116450632	0.2554836930187503	0.06991332563249969	0.07751343400137774	0.3533867551492103	18.55257006342489	0.053900887940664936	umatan_nagashi4
2023-01-14	202306010506	-4.54877586840741	1.2886060773101191	1.996110287214544	0.1905841942811913	0.41579844673925886	0.21077938589229148	0.2764289664853761	0.057682129987351505	0.060620946177042334	0.2877620436666397	19.717436762592655	0.05071653136462295	sanrentan_box4
2023-01-14	202306010507	-1.2905897640246642	1.4172425166695515	2.002342543800423	0.16771963928091677	0.5170784056668071	0.2720812664712274	0.261187492125962	0.052752568358555796	0.060137678293279984	0.2840576735262433	19.826820862873358	0.05043672946440679	tansho_minodds_top5
2023-01-14	202306010508	-2.434848628551772	1.8884138109799176	1.7795380660164506	0.401367549864204	0.497037719865223	0.11092107222295833	0.23981044994972694	0.0398807477059101	0.10433515586939339	0.40570382903672464	16.94061033890253	0.05902975040418664	umatan_nagashi4
2023-01-14	202306010509	-0.8429867213415949	1.0477350329418131	1.6122067665926898	0.47960475686245835	0.6586461843528213	0.3846159665278389	0.3282804890549382	0.1771538114199387	0.08947404477754495	0.3551508412954512	18.133835532276027	0.055145531579357344	sanrenpuku_box5
2023-01-14	202306010510	-1.1152010899949107	1.823014828278883	1.472068851315207	0.6408970977279144	0.5261198760838979	0.1335466965023379	0.21409687222744442	0.024534123105940914	0.10381810226218012	0.44008219779736	16.05648735331005	0.062280122544601864	umaren_nagashi4
2023-01-14	202306010511	-0.1421021394339259	1.1108649210393957	1.823988025185334	0.27224366699879976	0.7684607693443918	0.6280656054898434	0.3533067880270757	0.1664592399111376	0.0829012375671648	0.33847517952513667	18.846722330811797	0.05305962397319016	tansho_minodds_top5
2023-01-14	202306010512	-1.4318496627227442	0.9180387614595016	1.5310662926273628	0.4264219538451812	0.7993925607703587	0.6372884864341815	0.3490620591666008	0.1735956152152433	0.09432629132403812	0.37963291426443113	17.77070541983662	0.05627238628826439	sanrentan_1-234-234
2023-01-14	202307010501	-2.6933808499504273	1.3974240544084195	1.8768826477918097	0.3133208237466582	0.4779250904762207	0.07685474121966546	0.23477050692836487	0.05665995303369037	0.0902814626353386	0.3809769033530476	17.82897079120176	0.05608848719935534	tansho_p1
2023-01-14	202307010502	-2.7204566268984136	2.01751187245112	1.7616278749826586	0.4107484445040843	0.4858410299418252	0.21045050820543332	0.24668891106428023	0.023173634305509228	0.10054638845124028	0.46844748575561534	15.261694075649718	0.06552352543847123	sanrentan_box4
2023-01-14	202307010503	1.0075820025966726	2.945718312833181	1.1920968691608356	0.8628589150789	0.5633101455106717	0.24213284710295052	0.3967948117206327	0.17924033366277647	0.22832994064191123	0.654333750977147	8.941051788515843	0.11184366489012292	sanrentan_box4
2023-01-14	202307010504	-1.3694368212725683	1.9251802118266386	1.6252300075030064	0.5724644691055731	0.42834589790351674	0.08401630852063224	0.2742446114822798	0.031260953549043013	0.1124336431318414	0.43907014041115805	15.597188842277708	0.06411411762159358	sanrenpuku_box5
2023-01-14	202307010505	-3.0833514154226704	1.2298025138273123	1.8100692193280101	0.3072089839540067	0.7008037630209368	0.5116384945195027	0.28197187690677183	0.041750986127468	0.09551477775251355	0.37321200460275183	17.96070879050949	0.05567709001152583	sanrentan_1-23-2345
2023-01-14	202307010506	-1.6283947494771551	1.5297014142975474	1.2592331319300438	0.8426859675852354	0.5907583991112249	0.30725033372581195	0.3122130355235889	0.0340624032198904	0.16897664602365875	0.540541131488266	12.385852784428954	0.08073727480897915	sanrentan_1-234-234
2023-01-14	202307010507	-0.05119569862970059	2.0804269343562365	1.465255672344748	0.6651010644163112	0.5936559461581088	0.3555517573822918	0.31149747568405783	0.10034698652321114	0.10384431651839815	0.42314929613668206	16.264685199979418	0.061482899158802375	umatan_nagashi4
2023-01-14	202307010508	1.6351160254195911	1.0637050225575038	1.6127904256895804	0.35825905685230136	0.7728997482332073	0.5869716374246348	0.36261957066193523	0.22482302302192417	0.08815483778581888	0.34789227468834033	18.4003064453347	0.054346920958674834	tansho_p1
2023-01-14	202307010509	-2.256464695698871	1.2528332037063856	1.4545844962927768	0.6606229184199909	0.5614558186030164	0.2643072736970655	0.2763524081876434	0.019108815091822662	0.1487198243625857	0.5024733301126684	13.718959429680634	0.07289182573399294	tansho_p1
2023-01-14	202307010510	-0.24935484004377984	1.5902355226556462	1.6890119030281092	0.5236662258818608	0.43464607384158976	0.18856409670165747	0.2554736852567526	0.001991746605811806	0.08614588539814556	0.38287765644678534	17.40029790608237	0.057470280416891284	sanrenpuku_box4
2023-01-14	202307010511	0.18974808321376344	1.1804413562683638	1.587515716500713	0.3440375276011314	0.9213251096606774	0.881596668144063	0.26537826829160027	0.006486958331810788	0.07612943515037152	0.34594917773803346	18.798968342796847	0.05319440842524571	sanrentan_1-234-234
2023-01-14	202307010512	-0.04049901890319791	1.946763099085631	1.330108238117115	0.7131967370348693	0.5986789476558101	0.28090198632557895	0.25418000234752547	0.03132426820453246	0.1531511778815753	0.4987479507789526	13.764137716041189	0.07265257153265521	tansho_minodds_top3
2023-01-14	202310010101	0.017300773672196693	2.2746588923522792	0.978808189379354	0.7219959372596957	0.8845401880021885	0.8092192104672982	0.33022238214374905	0.01968343506464082	0.18206895020943065	0.5139267047298588	11.962819643180104	0.08359233272985864	sanrentan_1-234-234
2023-01-14	202310010102	-0.21598409731093887	1.714726479640748	1.6210418851847237	0.520919125397491	0.5757500554648298	0.35386270013644394	0.28815358265576646	0.008989482865164544	0.1361764814124107	0.5203110973674117	13.44900244308961	0.07435495712277321	sanrenpuku_box4
2023-01-14	202310010103	0.9586984277205014	1.499029430956805	1.7533724258067895	0.40669321282683385	0.5659150645439959	0.312515307472887	0.26506457013102896	0.00489889579205266	0.11534341419258984	0.4708952452328875	15.2020515714041	0.06578059515868603	tansho_minodds_top3
2023-01-14	202310010104	1.119319167260775	0.6978055066232423	1.9731162885289806	0.20324021309736745	0.5246670996716013	0.18496532336547972	0.33949449938969195	0.20833374011731223	0.06331753718367238	0.293686275075401	19.692016359558068	0.05078200128117516	sanrentan_box4
2023-01-14	202310010105	1.1443936326068116	0.8009495496354088	1.7241759502539595	0.3875799031869705	0.6458933482841465	0.4097020843410024	0.2843078703214324	0.0850618889032572	0.11589082402521786	0.42433672138112344	16.281459885533643	0.061419553715113546	sanrentan_box5
2023-01-14	202310010107	2.0810653702220483	2.7734959092560527	1.2232844976730977	0.7820569432297441	0.6446388912369823	0.4224279607849968	0.29830588655933177	0.016664069973295836	0.17613789168173755	0.58008272606695	11.335076222740293	0.08822172699587252	sanrenpuku_box4
2023-01-14	202310010108	-2.2372911433557396	1.2106257785253385	1.9851610736396677	0.19827291710973363	0.4088844082676739	0.1491055578634839	0.24404261761816257	0.02263712772355228	0.06853413069439489	0.325432116983825	19.22702362585253	0.052010130088746886	wide_nagashi4
2023-01-14	202310010109	-3.6091890649413627	1.3895227741005862	1.8317682969299758	0.3577127945172328	0.4015137655445505	0.03577654671429248	0.2840799187740512	0.03404397492683897	0.07594527059690784	0.3427478232363208	18.612974247806104	0.05372596483970686	umatan_nagashi4
2023-01-14	202310010110	1.8067339104108457	1.0289605179858639	1.9761737720317654	0.19467762386308515	0.5317209655053294	0.33100764398067384	0.30781045483289726	0.09057656421622115	0.06747014178794601	0.30212608648521183	19.575225126077285	0.05108498081423556	tansho_p1
2023-01-14	202310010111	-2.6337846992416996	1.1539918756073966	2.0099230301139115	0.15181026221664756	0.7070004866461944	0.6046662265220062	0.3078322080191469	0.09923311807002416	0.05873888908294758	0.2852625017774089	19.812859485670057	0.05047227033146148	wide_nagashi4
2023-01-14	202310010112	0.10874038737280825	1.3130276383959734	1.5064167688070305	0.3654392625933226	0.9629503352600279	0.9259006705200559	0.2784745951929989	0.036000066058507196	0.07738500563910612	0.33800330222763253	18.875927992031272	0.0529775278027212	tansho_p1
2023-01-15	202306010601	-1.1882774329494146	1.4116221368377386	1.4921711964481017	0.6665209222177777	0.4320179416749483	0.026368941308733795	0.3103644965222932	0.10897080992135155	0.1588557456867222	0.5489519795400649	11.89862046995562	0.08404335633067972	tansho_minodds_top3
2023-01-15	202306010602	-3.6055525451404637	2.1326210666603878	1.3628803689610414	0.8424019954716769	0.41092662094336013	0.09295376355578483	0.3467179800998244	0.07443574954200433	0.16251969065169958	0.6226942409469285	10.477317137526144	0.09544428090454035	sanrentan_1-234-234
2023-01-15	202306010603	-3.634713231016694	1.5480665691847726	1.7084030273047888	0.46713350951173194	0.5423501101358735	0.3209921357894677	0.3081722716836701	0.06536541568182913	0.09605102584875014	0.382036511798525	17.666626624536683	0.05660390187966773	sanrenpuku_box4
2023-01-15	202306010604	-0.024965165798664823	1.4955377179913232	1.773379615723202	0.3793997773880232	0.6172273439562048	0.4100958515417604	0.3095389065060221	0.07443929715580411	0.0898062753042012	0.365249670983292	18.25948382374794	0.05476606073055685	umatan_nagashi4
2023-01-15	202306010605	-1.5707026288804775	1.5326617239418687	1.4417661405038336	0.5560688931353127	0.6999037641749039	0.46078327734654195	0.33202521699986387	0.17131499555049393	0.10317944728052027	0.39092611184052556	17.051482047402864	0.05864592867763723	umaren_nagashi4
2023-01-15	202306010606	-3.390966344470782	1.968478206909667	1.1135212874210954	0.8146150929866088	0.7415611613668901	0.6326007671781987	0.31683555935406466	0.004758761890572727	0.14196805855675432	0.5400671744138196	12.615210124973336	0.07926938910199989	sanrentan_1-234-234
2023-01-15	202306010607	-3.110877727413261	1.7024292993979113	1.8858048811932582	0.2655356006918447	0.6261968137284888	0.42848753044082666	0.3131358973850811	0.09569417068846034	0.0722155891662501	0.3220370356326333	19.235280161128408	0.051987805304798664	wide_box5
2023-01-15	202306010608	0.16019002079914446	2.219787889807498	1.0510826332099206	0.6363150558127121	0.909231676460551	0.8626677148490999	0.33036618886002095	0.0038499281639893246	0.15606938166303785	0.45112282209384635	13.449102222670932	0.07435440547952088	umaren_nagashi4
2023-01-15	202306010609	-0.607871115463078	1.523549212592777	1.8145382010896354	0.36678727269980976	0.504115522648551	0.19134249847513363	0.2923851401882567	0.08774303680780526	0.09252451024209914	0.3767282890597573	17.812877627589884	0.05613916071882328	tansho_minodds_top3
2023-01-15	202306010610	1.4289608440461332	1.5991387026961636	1.4281515975081458	0.6651615246792218	0.607867809635467	0.416219886627483	0.3146694431542064	0.009197893742476648	0.15476394785344877	0.5387375500838104	12.423357892470861	0.08049353553647899	umaren_box5
2023-01-15	202306010611	-1.0991427790080415	1.22503207796291	1.6793113172858103	0.471841226854222	0.5630175335929698	0.34529448558303016	0.2911468922798847	0.019976600419117085	0.11952156616871526	0.4607091100641241	15.263239518701605	0.06551689100958738	umatan_nagashi5
2023-01-15	202306010612	-1.3737973895226936	0.9282584731027191	1.9466668346297884	0.25082479685377684	0.34786231081189445	0.10119123666439578	0.27537225603727733	0.00846399998772085	0.07148475332569891	0.331382671318508	18.95516376115194	0.052756072835913506	tansho_p1
2023-01-15	202307010601	-3.7123885611496674	2.1453938965363495	1.3526618065294862	0.7889103848738063	0.5390692098383585	0.28847405599760206	0.33367032944236613	0.037647488322520684	0.17113993238054467	0.5744327181229343	11.44862701224057	0.08734671842578384	tansho_p1
2023-01-15	202307010602	-1.7456145729670045	1.8999121181615515	1.8036343134687276	0.3987534749123518	0.4414668732969719	0.22449422014279757	0.24611986217706175	0.005097332955631972	0.08052078115122853	0.3542499070951411	18.21587327661804	0.05489717593081873	wide_box4
2023-01-15	202307010603	-1.7092792197370026	2.6795352269196395	1.3823318721586195	0.8096717962164838	0.4493438840617595	0.14921725382876028	0.34038461571209105	0.07332631129948669	0.16680337785650376	0.5901327493643624	10.98673248018077	0.09101887224467547	sanrentan_1-234-234
2023-01-15	202307010604	1.933208268102621	2.0613301672824975	1.3701841032294686	0.69915578780527	0.6025912305614988	0.2593496671115117	0.2319414840772264	0.02879893646832485	0.11801418364526338	0.45883074453049577	15.195553709481882	0.0658087239937831	umaren_nagashi4
2023-01-15	202307010605	-0.03279032728771959	2.3120837862071952	1.0825179205498845	0.9062570502717419	0.6267810275397754	0.41845768283943646	0.4411720125679355	0.07485655803342556	0.2860563559366791	0.8274587706802163	5.643759445006967	0.1771868574031269	tansho_p1
2023-01-15	202307010606	-0.8037650191968532	1.739407645358674	1.356494358161857	0.5878545094553952	0.7695303612267441	0.6177086894559775	0.32768393532348183	0.05140428444452466	0.13904195072640174	0.45734887791171575	14.646913911213135	0.06827376784364364	sanrentan_1-234-234
2023-01-15	202307010607	1.3770099836095624	2.640550506207935	0.4372216330081876	0.7354564454203009	1.0000000000000002	1.0000000000000002	0.3009076218885159	0.07982880700870415	0.11993450295573108	0.47093794929532007	15.13101365516405	0.0660894255196651	wide_nagashi4
2023-01-15	202307010608	0.7825959046537483	1.8015511937264073	1.8456043556161497	0.31912850685689864	0.5345011058016836	0.24091360968325104	0.2682504761525023	0.08660540439916106	0.08032266989290732	0.34810050786781205	18.654735085909458	0.05360569289216727	umaren_nagashi4
2023-01-15	202307010609	2.2566848377274145	1.2106749947212825	1.588119285122027	0.4813213393141297	0.711076771396096	0.5503868274664869	0.30530906245090733	0.02381821293160913	0.13621752973267412	0.48376645508923855	14.115823145400526	0.0708424857480478	sanrentan_1-234-234
2023-01-15	202307010610	-1.2609132312606222	1.480174008056424	1.744471555386257	0.37640853401799196	0.6606619054399433	0.5218826939799337	0.30843609421887425	0.04729887409961514	0.07390153977022043	0.3300142883110638	19.033597978828457	0.05253867403905057	sanrenpuku_box4
2023-01-15	202307010611	-2.164113854831934	1.7963167555754198	1.9571710438618761	0.2381711412584887	0.3586037182709596	0.0033560111073937526	0.2740059340644549	0.05486025784189272	0.0669226580469712	0.3147475088058559	19.20833747503711	0.05206072630177319	tansho_p1
2023-01-15	202307010612	-1.3244401436966151	1.298584320175486	1.7697943301734953	0.41723551849952717	0.4497240378161675	0.13615625153207972	0.2994380126987672	0.06617520588525702	0.07641279596054948	0.3489551719428617	18.474518528643564	0.05412860954668798	sanrentan_box4
2023-01-15	202310010201	1.4736538230448883	2.458674712745776	1.5410606756040304	0.6386025002335776	0.5134712649855682	0.24964574760662545	0.27905957157926753	0.010603595218725392	0.11948741112977992	0.44904751187540726	15.585031270713516	0.06416413176399215	wide_nagashi4
2023-01-15	202310010202	-1.3730057163917169	1.4560230326483394	1.6477738852891035	0.5053778442878237	0.5036219318606835	0.10628393983093992	0.2070085753105439	0.03827223543718383	0.08988069873117296	0.3884043064667045	17.689514461359924	0.0565306640939382	umaren_nagashi4
2023-01-15	202310010203	1.5355046178985448	1.8304407177140287	1.9481205444880136	0.2346818146122963	0.31314519800376683	0.056020220039235846	0.29336372067808475	0.008433972742194207	0.06055626564582936	0.2982292329137918	19.67387313792162	0.05082883238036583	sanrenpuku_box4
2023-01-15	202310010204	0.838421242283225	0.62508029571718	1.703271593316259	0.2844200891013608	0.9594467305622286	0.9188934611244574	0.3127221867547577	0.11103635631588696	0.06889217873885235	0.31755133824080056	19.389429883681697	0.051574492184610764	umatan_nagashi4
2023-01-15	202310010205	-1.2633080975336661	0.9899523423312998	1.9143895261305341	0.2689209793821433	0.523177535639952	0.2749603234077324	0.26857300062516126	0.0541246535596637	0.06860788203080316	0.3098540642064779	19.456167659777797	0.051397583403196306	umatan_box4
2023-01-15	202310010206	-4.654566320627603	1.661165522393314	1.8161980896721495	0.3401341888191446	0.5449480773816695	0.25205362201738046	0.33756713103576264	0.15651767578221037	0.08243182605799941	0.3468434303305613	18.599688309787012	0.053764341818234	umaren_nagashi4
2023-01-15	202310010207	-4.1650400044185005	1.213499544748314	1.9381359557831592	0.22487199369622016	0.5540448005483007	0.34601788200346195	0.26009534216008745	0.04339116316845282	0.06732582273140998	0.3083418908641088	19.53194801273796	0.051198170266879665	sanrenpuku_box4
2023-01-15	202310010208	1.2855986224140505	1.84829318850587	1.5863670688270304	0.5838104253576343	0.5080238587311131	0.1863823913133713	0.2561096056833896	0.007055796025363603	0.1218866946996967	0.4682101478159123	15.036670640321187	0.06650408351157712	sanrentan_1-23-2345
2023-01-15	202310010209	-0.5572745926361172	1.600129278903042	1.4092378909521217	0.6618213229953783	0.5867509009180484	0.26264185778240645	0.2475509106507277	0.018048203487309872	0.14645896632356042	0.46471814774635706	14.712977265753908	0.06796720894333272	sanrentan_1-234-234
2023-01-15	202310010210	-0.7350834739652956	1.625111332271271	1.7951964420726279	0.3824559625496371	0.5281405306715535	0.2838764603763861	0.2621399624805787	0.0047865568794538405	0.11033016047148667	0.4834303995744481	14.84239794817732	0.06737455790442556	wide_box4
2023-01-15	202310010211	1.906031180240436	1.953772323657877	1.6645226092121583	0.5154387037560414	0.4744716652297789	0.23708608026353736	0.28128104448135044	0.007906494460258373	0.12233821091568885	0.4978534073016361	14.114827428442558	0.07084748326323256	sanrentan_box4
2023-01-15	202310010212	-2.198124127677314	0.4912481685757246	2.074543382648567	0.07923915967064986	0.5563144975406185	0.25971272441381543	0.3994939420400246	0.2496169036781079	0.05200541660136284	0.25695946005393605	19.99101357909535	0.05002247615126941	tansho_p1
2023-01-21	202306010701	-3.9413071016062187	1.4333113487513711	1.7795586256942861	0.40604227769375295	0.5011461693405435	0.24196260481672183	0.27607404727931606	0.025760564414400555	0.09974911555997727	0.4280801046609352	16.56374388304346	0.06037282434822686	tansho_minodds_top3
2023-01-21	202306010702	-5.577323016123907	0.8633919687546652	2.0477592229867514	0.12092201602477565	0.4203324796385519	0.2225868942243336	0.27535877565687006	0.0613774900881795	0.057122496633460154	0.277737237108452	19.85712699312587	0.05035975246299122	tansho_p1
2023-01-21	202306010703	-4.834608828730237	1.3022998244629191	1.5970449676753273	0.3415757210917956	0.9999999999999999	0.9999999999999999	0.26384022214520164	0.09506188533825599	0.06764557390964382	0.32581342046125195	19.273714650611197	0.05188413433153575	wide_box5
2023-01-21	202306010704	-3.725255534518295	1.8419241235520476	1.9542264876749138	0.23696142326793265	0.4245603450629248	0.022754739611396124	0.2380513608323256	0.016114986620657024	0.0652140286825927	0.30592627565757163	19.55586562718754	0.051135552834324555	wide_nagashi4
2023-01-21	202306010705	-2.9981357207172534	1.5991037181174812	1.9099895128179858	0.24285948529637535	0.423341825274724	0.1720320387535611	0.23056365364737647	0.004670045334977446	0.06831667900380524	0.3139608806244456	19.348499200264765	0.051683595179636256	wide_nagashi4
2023-01-21	202306010706	-0.9610114651018193	2.38731356653998	0.486393789727928	0.8971076232793865	0.9259274012115245	0.8686279891435311	0.3598883887266469	0.07037863471422773	0.29879308867642346	0.6763290309846	7.173777979981166	0.1393965638176365	sanrentan_1-234-234
2023-01-21	202306010707	-0.3077944566670636	1.8727241066275608	1.4660718309620462	0.653487161352179	0.5805033594073964	0.3133821502897026	0.27440980279241334	0.0032289146957464876	0.14507241064300913	0.5074561785040272	13.677133042101458	0.07311473807571828	sanrenpuku_box5
2023-01-21	202306010708	-2.59215805125478	2.077927637831406	1.5811513573248528	0.6438049639456116	0.40516594900256686	0.14207866352161858	0.2754484334693863	0.01021787215597858	0.115702942432903	0.47465222612011415	14.763720534931904	0.06773360398105181	sanrenpuku_box4
2023-01-21	202306010709	-3.661775413753233	1.7546787361939542	2.0381518188878833	0.13944109093299328	0.39721371285145446	0.08411006225027434	0.29764772743562695	0.0014485260628935293	0.057052454919447	0.276140164475083	19.841793120883437	0.05039867082111155	sanrentan_1-234-234
2023-01-21	202306010710	-3.005353585063851	0.5141672937595114	2.0132267588009167	0.15535444516091146	0.5188020949473114	0.2265711116394799	0.35335431793615785	0.1978988597505395	0.05734252561490041	0.27947226068288317	19.855794968202026	0.050363130844241974	tansho_p1
2023-01-21	202306010711	-2.645937320511779	1.0707775928736452	1.9311463437159613	0.2440779616183241	0.521109407030551	0.25787088543162767	0.2306750419714678	0.033564323566864396	0.08321538460736203	0.38475851416536394	17.907454525801423	0.055842665888620836	sanrentan_box4
2023-01-21	202306010712	-4.051762333523301	1.1296572051642193	2.012325855821976	0.17181063655050866	0.4147532887630885	0.01876720851270236	0.2918007211264631	0.015648602909532017	0.06581181982558199	0.30209073545620807	19.568759684418737	0.05110185909208295	tansho_p1
2023-01-21	202307010701	0.5387606361535509	2.873873584766193	0.3687128544575664	0.8581032160370599	0.9767332891634359	0.9534665783268719	0.29315615538063844	0.09357526035762478	0.15842694592783696	0.5871227925492322	10.873741690369172	0.09196466391009599	sanrentan_1-234-234
2023-01-21	202307010702	-0.23960556139032335	2.062707400190136	1.6222530605054128	0.5913907575640315	0.40607003000073955	0.06257014735641597	0.2584103758933554	0.00217044879241457	0.09021145971597987	0.4107726210261921	16.609940503500194	0.06020491161839328	sanrentan_1-234-234
2023-01-21	202307010703	-2.246161108379558	2.1998227844841804	0.9616497798094699	0.8139383536687805	0.8144796678727558	0.7119254856014253	0.32171426006876724	0.03169311672384556	0.16629516465863806	0.5412964767498192	12.234799995991503	0.0817340700565298	sanrentan_box5
2023-01-21	202307010704	-0.3377344869107373	1.3615763250090203	1.560493569416849	0.5219782079613515	0.6963191321013684	0.5083897232653285	0.3183109782568196	0.09327489674556103	0.0941190570845503	0.4017033895102307	17.22280594788961	0.05806254817163138	umatan_box4
2023-01-21	202307010705	-1.6177112069450301	2.5754522713106947	1.6863930683056272	0.48246303642079164	0.46427165498998463	0.25643154151072406	0.24763865681414884	0.003906323980347487	0.0847293965228563	0.3630270864514295	18.08172680717301	0.05530445242670632	sanrenpuku_box4
2023-01-21	202307010706	0.040236385310529345	1.8362814497174764	1.6841171018070207	0.5043464284365748	0.41552610782722693	0.16085550749219435	0.24026815632711532	7.411815904476149e-05	0.08313360340760272	0.35981715979888124	18.25606875529993	0.05477630553454667	tansho_p1
2023-01-21	202307010707	-2.490903820149555	1.5293517629955378	1.742114140857418	0.4038303342915171	0.5374562970182193	0.21918901074814784	0.2361066003622027	0.010153078640381036	0.10997053311183749	0.4168993382962378	16.717185846311725	0.05981868055984002	sanrentan_1-234-234
2023-01-21	202307010708	-2.5408269238779573	2.0273606203092043	1.860406410159492	0.32635017832467733	0.49159101591742055	0.23298174370192481	0.2694496268152071	0.031322509086463945	0.08814477554883374	0.39884408010340255	17.470738362483555	0.05723856538012082	tansho_p1
2023-01-21	202307010709	0.16374261688162936	1.7708874214801305	1.4889502299737207	0.6558146275988532	0.5389933273478206	0.22894236426335357	0.25150689821509864	0.002007588766965329	0.12784808090903033	0.4895450335283453	14.540869265358536	0.0687716794471395	tansho_minodds_top3
2023-01-21	202307010710	0.6298600407114892	0.8831652552583183	1.6289595753683108	0.4840181940236615	0.6750745903585889	0.5454459070662003	0.26701098982767735	0.005471475606959486	0.0720833914082218	0.3197170676303208	19.144544578633596	0.052234201544603835	sanrentan_1-234-234
2023-01-21	202307010711	-0.4314184572955906	1.1860041849547838	1.9484219889051144	0.23721474526458053	0.36344916294776497	0.012643429685756713	0.26572101536406123	0.04451579491896959	0.07082430419919064	0.3328228453546189	18.982722398619508	0.05267948290034118	sanrenpuku_box4
2023-01-21	202307010712	-2.0756001989358928	1.728744548759357	0.5684021260573308	0.9129985057238004	0.875017420583759	0.7737529879669002	0.24260553331498272	0.016991703726572077	0.1886080625227991	0.6447104462923231	9.516321100172094	0.10508262483723	sanrentan_1-234-234
2023-01-21	202310010301	0.813602494655855	1.6743525696091286	1.8724431497384448	0.3121465701438421	0.3638736237621849	0.009758595633395095	0.26812258530655414	0.05018461727504128	0.06956109330511588	0.3244394485882579	19.113346213595324	0.05231946247531999	sanrentan_box5
2023-01-21	202310010302	-2.029486757066682	1.562197086552583	1.6902848246174562	0.41687625882472984	0.6635456238168363	0.4685343875095168	0.28843646710697973	0.028947000912474652	0.11107392066015541	0.41699758140507936	16.6232511229951	0.06015670416099836	umatan_nagashi5
2023-01-21	202310010303	1.0885761848150517	1.2854680383281616	1.8982628373662782	0.27266719630221115	0.49735549885878544	0.16463658204374065	0.3008923116125018	0.13820235496456326	0.07095876032760583	0.32242200671398247	19.17624648845116	0.05214784867321388	tansho_p1
2023-01-21	202310010304	1.5695149240719986	1.2008572823830066	1.8052291930115734	0.36497857871285316	0.5258820801459013	0.27422353992934645	0.26884467167706405	0.05196238156730565	0.07189908395029898	0.31840642444114203	19.282653093761912	0.05186008352364684	sanrentan_1-234-234
2023-01-21	202310010305	0.5074009854167261	0.38160394592375685	2.013421974830069	0.16280867664866064	0.5164263594697184	0.1764093231186073	0.30143004811332175	0.16230544234677405	0.06331204900791795	0.29168537599280625	19.737773902740347	0.05066427475193453	sanrentan_box4
2023-01-21	202310010306	-2.420767119663122	1.6513972756024393	1.475747171146434	0.43918375463969883	0.8713735668081434	0.786428038020246	0.32253682688913954	0.06363498001545398	0.10541034767409606	0.38767246858447857	17.40723086105205	0.05744739114349647	sanrentan_box4
2023-01-21	202310010307	-1.2366289450341825	1.2831355837038463	1.8255965144584183	0.3521861332547526	0.43266883860687017	0.07081605033488603	0.31444301413739634	0.0990849279116919	0.07505306173110995	0.3263927309815034	19.06158861888534	0.05246152458716091	sanrenpuku_box4
2023-01-21	202310010308	1.1757049112094922	1.615066970169418	1.848569943939363	0.32030071384699105	0.5299119190992048	0.22978229241876702	0.3347350025477107	0.18206494952946267	0.08242192116560888	0.3434021185046963	18.686143623357253	0.05351558995565157	sanrenpuku_box5
2023-01-21	202310010309	-0.7093345476060942	1.2721895124771563	1.6760050799846629	0.5203937231184416	0.4156909638521634	0.06553712275426704	0.27022828775718066	0.012953871762126035	0.08188208750251012	0.3696432814996943	17.883965591644262	0.05591601006363038	sanrenpuku_box5
2023-01-21	202310010310	-3.0400832342369393	1.1579071790635176	1.97590427679039	0.20748432946684733	0.4721297602534578	0.22054009023860638	0.26457612437190214	0.056433169307872205	0.06260883145596663	0.29430699698914364	19.7018017561471	0.05075677911985857	sanrentan_box5
2023-01-21	202310010311	2.2957822842404294	2.2649406728707486	1.5764443221186049	0.5386684021837607	0.5872786384476552	0.320600664937792	0.3074820758034653	0.10413403522803602	0.09944133811485249	0.4105388077517306	16.913738895309116	0.059123533015951996	sanrenpuku_box4
2023-01-21	202310010312	0.09720898885764787	1.2958107060494428	1.938600021298595	0.19608160605387337	0.8214028805248493	0.731150038036766	0.3000648863973706	0.09196708766488604	0.05889941111126853	0.28424753848801554	19.797215096971456	0.050512155123928426	tansho_p1
2023-01-22	202306010801	-2.1239611927180277	1.355649897433606	1.9336033599458904	0.26195289414393763	0.37047816107682696	0.002193932622143846	0.2815735616437861	0.0019357281831819395	0.06744388471677154	0.31633685414226276	19.260532247184226	0.05191964516692907	umaren_box5
2023-01-22	202306010802	-3.1211067896284925	2.0338555232027575	1.4944827297174794	0.508412134569102	0.6951463164562756	0.48168276039306246	0.37399807982635935	0.20467605127367	0.10783046441199545	0.4049556144945581	16.88477067812152	0.059224967816456774	umatan_nagashi4
2023-01-22	202306010803	-3.180451075653351	1.8236681973977131	0.9988008315967359	0.6978150547673903	0.8515193803290513	0.7464701729921801	0.3231693697016043	0.10475025588143383	0.13435260165391275	0.5076035136778805	13.767930784093513	0.072632555732727	sanrentan_1-23-2345
2023-01-22	202306010804	0.5995052377820438	2.4353235217823155	1.4339881299302053	0.6654794924615374	0.5635159398394047	0.19857310866270333	0.2471327807630031	0.041171106110927336	0.13983592129344102	0.45532808198968905	14.74159472859439	0.06783526602181594	tansho_minodds_top3
2023-01-22	202306010805	-4.900805458208748	1.4545863233290588	1.9644918544974592	0.2267399771125048	0.32151594545878026	0.06055695264489802	0.2896908120615911	0.017642921924152788	0.06824078790813266	0.3328159902088714	19.08593143226726	0.0523946134643117	sanrentan_box4
2023-01-22	202306010806	-1.3920973375645664	1.1318955460369728	1.8698003457812349	0.32167457067943467	0.46118390296897904	0.05438995774952832	0.23285715235810228	0.047869828804611464	0.07818518955167572	0.33815741874596117	18.828493158705815	0.053110994680826355	tansho_p1
2023-01-22	202306010807	1.4376385101330629	2.6236590500521135	0.5390598957219032	0.7928946934887643	0.9432724527711128	0.8865449055422255	0.30421076615458914	0.11085307315379772	0.14865140382356595	0.5367018474164005	12.232316886498252	0.0817506617330832	sanrentan_1-234-234
2023-01-22	202306010808	0.5784644604407804	1.7120199969365124	1.4537392859507428	0.5437708657687873	0.6957389391802545	0.47384855549873073	0.31871633883414746	0.10546458392896457	0.11230564376935502	0.448234239213998	15.619543569942307	0.06402235734495881	wide_box4
2023-01-22	202306010809	-1.8112930037421302	1.2447957028912515	1.8109451409730135	0.37636109783888827	0.3906821991907522	0.13532602144977973	0.2633753735361607	0.0346873958607703	0.06861529435150955	0.31791908268619024	19.205222660615366	0.052069169812372196	sanrentan_box4
2023-01-22	202306010810	-1.3160288294141977	1.2095348721621875	1.9495650628387444	0.23631869287996704	0.49650444896152895	0.11232863222468026	0.25247695963616834	0.09596412436250329	0.08091032825356402	0.3526079381058215	18.654715359920232	0.05360574957624419	wide_nagashi5
2023-01-22	202306010811	-2.2490315457832524	1.6108470549445195	1.9425200819357662	0.24055742836874466	0.401414993222196	0.08369879031081301	0.29395023575340157	0.0038199667385315217	0.06243917029396803	0.29537450402993126	19.599170101953955	0.051022568547446	umaren_nagashi4
2023-01-22	202306010812	-1.7948516882565526	1.9222074929271888	1.170120884705739	0.6685452635461228	0.8056411077837794	0.6925186088389282	0.3253464357364247	0.011660349330444464	0.1786934828727421	0.540178959262997	11.405546438468178	0.0876766409566524	umaren_nagashi4
2023-01-22	202307010801	-1.5728316789256795	2.0339388871746573	0.6808173642054015	0.7483740022765625	0.9146966590485599	0.8415811504236499	0.3220981055457276	0.14970895584184885	0.13346230275225818	0.5069546405500817	13.180514716989062	0.07586957121720346	umatan_nagashi4
2023-01-22	202307010802	-1.665389583107707	2.415084944056497	1.4223304058371362	0.6913983815949512	0.49773506233009346	0.07226520678423476	0.2171363263156258	0.03572001839257752	0.11358240254876208	0.44871738264761074	15.56395990480741	0.06425100078104924	tansho_minodds_top3
2023-01-22	202307010803	-2.481550365342834	1.8157177123604897	1.3759175471337677	0.4411593582542216	0.8875137220217513	0.8116936899619321	0.3461549481923784	0.11875091684735964	0.09488837850426686	0.4047398974568933	17.298122708744646	0.05780974137121101	sanrenpuku_box5
2023-01-22	202307010804	-0.6053734866576586	1.227705690583624	1.3441659470211604	0.609393974703145	0.7442704306171773	0.6478927866259023	0.27816809624092725	0.006908385082314672	0.08430658366453969	0.40705806529693145	16.97744890805916	0.0589016645207103	sanrentan_box4
2023-01-22	202307010805	-0.2736204371283111	2.1328327361537305	1.2357627009615824	0.8068744278536765	0.6077288169049032	0.33398306199534106	0.325401182116585	0.07120287683117021	0.19120259963664565	0.5979113348228902	10.805026390670093	0.09254951944064463	sanrentan_1-23-2345
2023-01-22	202307010806	-0.6277894151420642	1.1129452519562482	1.8536318461259707	0.3483615007378934	0.41187839874559645	0.10041753396361114	0.258953547130532	0.02697219557849173	0.07696144250395848	0.3434918744580312	18.554726597383862	0.05389462327841553	wide_box4
2023-01-22	202307010807	-5.042018297012558	1.5246729066755857	1.7806834786367225	0.4053756596690877	0.5096384342280729	0.2014114969342799	0.30124682694380256	0.07216862502251514	0.08901197652049724	0.3637141341357161	18.035060177523988	0.05544755549228718	sanrentan_box5
2023-01-22	202307010808	-1.652770918919562	1.274062652408187	2.030859472438193	0.14847535617833713	0.5588799707889218	0.16430787593661428	0.28889717570477746	0.1759934395754666	0.05780462723958727	0.27558568042736553	19.889154540862428	0.05027865804680093	tansho_p1
2023-01-22	202307010809	-0.4904489764796248	0.6713823511003871	1.9273123711119013	0.24294420548151618	0.45577401810534063	0.1049961898141279	0.2952471036905335	0.061038086101581845	0.06783305858154197	0.30802133414821353	19.45454230789422	0.051401877472811185	wide_nagashi4
2023-01-22	202307010810	-0.8308757699612749	1.2258815079076737	1.8441696992658485	0.3474207378674995	0.42053779787910855	0.22019960190442212	0.26516280195284603	0.038097973206275754	0.06492663269641902	0.3033650971252023	19.32464755577679	0.05174738618718385	sanrentan_1-234-234
2023-01-22	202307010811	1.5202161937857006	1.7300691601766647	1.7869790593172676	0.39265989093133985	0.4287321338021377	0.07469037548184698	0.2640026705506804	0.05361173698297872	0.10702197600237974	0.47642583005469885	14.960229108046503	0.0668438960912798	umaren_nagashi4
2023-01-22	202307010812	-0.7021682450803205	1.7269892153449367	1.166961556068026	0.8698645828597024	0.5384158050271961	0.16551332195469415	0.4328180211601807	0.2533098949798126	0.2438283259019156	0.6412981036126203	8.265499482782609	0.12098482397622104	sanrentan_1-234-234
2023-01-22	202310010401	-0.25772859690563144	3.1955166555936736	1.6983587187869578	0.4661601041975002	0.5564403645030076	0.32741262550389344	0.2826180154929644	0.007420628971335663	0.09390794567648232	0.38090644231206594	17.80057925006035	0.05617794713037834	tansho_minodds_top3
2023-01-22	202310010402	-2.0498282616921206	1.7053270128066256	1.8787695198669017	0.30962062642090094	0.46196673642254177	0.15395648183966087	0.26460386842234346	0.06950927260097262	0.08057414398940253	0.349234003858578	18.540887229291233	0.05393485153289653	sanrentan_1-234-234
2023-01-22	202310010403	1.618115811114503	1.0012367322615658	1.9633033852744668	0.20453594520945081	0.5247810437012435	0.28534262900903073	0.2659121312481362	0.009930134498896237	0.0638310669785537	0.2969790411945396	19.66606383241404	0.05084901628112169	tansho_minodds_top5
2023-01-22	202310010404	1.7707116030413543	1.2928882159370085	1.7957480065569489	0.39427479051619396	0.4480348572206871	0.09120154205600511	0.25576828124758033	0.05243258248570276	0.09567539222835401	0.3967565890248732	17.104988442620005	0.058462477385154435	umatan_nagashi4
2023-01-22	202310010405	-3.2102162330613124	1.0843052270406541	1.987831691759591	0.1926379258984217	0.47295084683104693	0.20226363863879365	0.2630889719855007	0.06908977474762093	0.07923031863605322	0.3789726772466804	17.99499348079848	0.05557101207438879	tansho_minodds_top3
2023-01-22	202310010406	-1.5920981475641933	1.1644200336149009	1.836862065562732	0.30133898656962854	0.5923568164987608	0.35881672608971626	0.281834473832014	0.07104369695182788	0.08122162779694404	0.353833000492298	18.589233819103185	0.05379457861099968	tansho_minodds_top5
2023-01-22	202310010407	-2.909961081418726	1.7807087965312072	1.505212767627369	0.6536094906419212	0.5714017799780895	0.3662852456988115	0.31157389104080113	0.04341339148877815	0.11724141854158418	0.43576803486839066	15.960169512236554	0.06265597613066119	tansho_minodds_top3
2023-01-22	202310010408	2.074688757920283	2.1292134374664227	1.8126246434534818	0.340205636593203	0.4598763161251289	0.12037558922080832	0.3369570675349882	0.14294367442050646	0.0660077190398548	0.3086221404831007	19.329727416345115	0.051733786952132876	sanrentan_box5
2023-01-22	202310010409	-0.37462388655044776	1.3953539113129823	1.5308986259082729	0.358187662907918	1.0	1.0	0.2620862936662597	0.002933406895900159	0.0724305887444106	0.30682111676122115	19.372886927800074	0.05161853283544442	sanrentan_1-234-234
2023-01-22	202310010410	-1.6444103573754651	1.0628342304967542	1.8016738568602988	0.38243057036830036	0.4587570403702084	0.10284910127579572	0.28123222057854286	0.08415601202057912	0.10252420399313147	0.41747545722844004	16.67711209473195	0.059962420011309095	umatan_nagashi4
2023-01-22	202310010411	1.698281201873583	1.5137929996927075	1.8753693344262303	0.30052317040670834	0.5192968032850394	0.22647448045930402	0.2688836845143098	0.07596354328349944	0.08239668663243131	0.35197449089909105	18.58102237358515	0.05381835185891621	sanrenpuku_box4
2023-01-22	202310010412	-2.7629666264672497	1.7393397519538158	1.844948077195889	0.3334795760450372	0.46010343446577523	0.2688754913748308	0.23818378690558883	0.0011151577771158494	0.0742001327555621	0.3310928250660939	18.82409521240639	0.053123403208294985	umaren_nagashi5
2023-01-28	202305010101	-0.4206782320081702	2.4378135779898518	1.6313604624074536	0.5422272805497992	0.5147754070985726	0.19170401419927013	0.2768197889412268	0.057680285855422425	0.1053845853300293	0.4091466115340996	16.87515317168683	0.059258721377285176	umatan_nagashi4
2023-01-28	202305010102	-0.011313814856511943	2.573721949262456	1.264467771572848	0.8713864551893084	0.43840629746930976	0.10270290454816339	0.4091297208702653	0.11795406310634865	0.21674252686057985	0.7897734440077908	6.988982081284352	0.1430823528190005	sanrenpuku_box4
2023-01-28	202305010103	-1.2128429522191797	2.257020694993278	1.2368023601048224	0.7957790958436319	0.5005683272445004	0.03670836682438644	0.22589822244805302	0.04396475739822875	0.11663184099148823	0.49566055612885074	13.924310157552016	0.0718168432536414	sanrentan_1-234-234
2023-01-28	202305010104	-1.0203255298049902	2.0698651665581123	1.6254068058381739	0.4968769991834308	0.56654619937613	0.27951375798968414	0.2962135847590515	0.09159176697762772	0.10198686194818837	0.4087215324724458	16.824641189832967	0.0594366315879767	sanrenpuku_box5
2023-01-28	202305010105	0.16940686797184176	1.9884094242380754	1.8033423289939883	0.359648577904098	0.5424557778458445	0.2050805133658944	0.3186586012830742	0.1760112854268976	0.0774422507728853	0.33328926002781545	18.957920264412195	0.052748402042664976	tansho_minodds_top3
2023-01-28	202305010106	0.3823079936675316	1.1027956189049017	1.925480849851279	0.25479620829591076	0.540340911688635	0.23893014093488602	0.2678396493209263	0.07497496717075222	0.08279272562550981	0.3563701557074651	18.467016037180564	0.054150600074568095	tansho_minodds_top3
2023-01-28	202305010107	-0.3000948084431718	1.8144955368453142	1.6047772058638747	0.4390196423181625	0.7338940428376087	0.5218625710931529	0.29190267307996093	0.021067052499545103	0.10874781455993017	0.39541103467686695	17.080205002364437	0.05854730665478363	tansho_p1
2023-01-28	202305010108	1.1665183919315076	2.75776577836735	1.408207972450019	0.7728413789955988	0.42801583909387875	0.04732411537674641	0.3278469279342786	0.09412661806357664	0.1607599349988323	0.566094602403738	11.32842755703885	0.08827350441753551	umaren_nagashi4
2023-01-28	202305010109	0.8086160796365907	2.2064804298811307	1.637710814929482	0.4990716239295684	0.5604780527412674	0.18422210109157489	0.2416456387282547	0.08420389804244302	0.08673168700692933	0.36958629933918485	17.951770790053825	0.05570481105708245	tansho_p1
2023-01-28	202305010110	1.0795485508153246	1.1436429262588108	1.7161183408119947	0.5108645599718193	0.39140514698256423	0.15618383868987806	0.2644929885540268	0.017928211170081226	0.08355261725376753	0.3645837926772598	17.945964650240132	0.055722833488731915	umatan_nagashi4
2023-01-28	202305010111	0.3682649638069336	1.5186777061121197	1.6768451028495637	0.5372481765788787	0.40217077172359295	0.06803147873336596	0.26873901596065175	0.028997533881615245	0.0932574248486654	0.39349823138663137	17.06321591953584	0.05860559959597595	sanrenpuku_box4
2023-01-28	202305010112	0.7790478339726173	1.8373905217589537	1.7314460938058491	0.46225659349832265	0.3904727442789889	0.014064614958362365	0.2687101048350081	0.011625142135116173	0.09865238063130746	0.39735397136608824	16.85155006577674	0.059341722043176746	tansho_minodds_top3
2023-01-28	202307010901	-2.5769915950182867	2.1592955838448793	1.4673634077995397	0.6767512430131593	0.5168491816233457	0.19966615240261915	0.3153280706103601	0.07208229294311363	0.16538215830577097	0.5473151551475445	12.003531079311124	0.08330881916268504	tansho_minodds_top3
2023-01-28	202307010902	0.8029431631593352	2.2045131066310284	0.3968922458394102	0.9445479075244385	0.9339277072989524	0.8767426346481608	0.36503740933660417	0.15583826838988968	0.3219778160982668	0.7233920629159789	6.419910915242947	0.1557654012964068	wide_nagashi5
2023-01-28	202307010903	-2.4274020898640463	1.9284670952532097	0.6987224370358809	0.642760276107552	0.9999999999999999	0.9999999999999999	0.3266191378748933	0.10655042750805196	0.11901507410255431	0.434777103899715	15.991554039274009	0.06253300945887298	umatan_nagashi4
2023-01-28	202307010904	-2.168202624307328	1.6222719940187529	1.167644577879877	0.5767007550794503	0.9253095565325302	0.8753742551295901	0.2605433263697447	0.034940173375842626	0.07662029522171519	0.3630053988696863	17.19804152392025	0.05814615568924691	sanrenpuku_box4
2023-01-28	202307010905	-1.6543765500305143	2.422002904365286	0.9815278664403134	0.7834739970418283	0.8496304553735076	0.7325542109019512	0.3019019424143396	0.01773172727349448	0.15410850897272163	0.502212974972086	13.544769302162518	0.07382923826102693	sanrentan_1-234-234
2023-01-28	202307010906	-1.2293262643491027	1.195722460810908	1.532732961161434	0.45072129209405276	0.7583868005944474	0.5937265390134912	0.37605788263712164	0.16743421064211833	0.1124313014954904	0.4011818417818843	16.872445324026064	0.059268231770531664	sanrenpuku_box4
2023-01-28	202307010907	-2.322331266921915	2.1871084685793396	1.5114419822989962	0.7072972222601646	0.4452347786907298	0.1878623322917764	0.2663624329891602	0.007803650044615917	0.10705016972346576	0.4284002237124804	15.99318829092727	0.06252661957136384	sanrentan_box4
2023-01-28	202307010908	0.00021895181638887946	1.5589799566273246	1.4733262452394156	0.5200683213198519	0.6850743516691395	0.5500734320366927	0.32376926041540466	0.06050064185920878	0.11130660127345096	0.4545576792984534	15.405942215648098	0.06491001887468341	wide_nagashi4
2023-01-28	202307010909	0.14688057824895523	1.459061793541108	1.512089725587751	0.7007057703263992	0.4407722019390484	0.23527830378948722	0.2733821356200913	0.013707991738189318	0.08731659339195377	0.37790387243888846	17.15401994918897	0.058295373502074026	umatan_nagashi4
2023-01-28	202307010910	-0.6697493806562588	0.612181945837251	1.9170390773103598	0.2295838866224442	0.624445007433392	0.47803721179686126	0.2709071451418968	0.004456325124640392	0.07158241104652578	0.3188146120795366	19.248363066283435	0.05195246975321547	umaren_nagashi4
2023-01-28	202307010911	0.8588919424403678	1.9518365749448252	1.5169050889973759	0.6067057549616919	0.5633800121349897	0.2641437902946624	0.2806538408603124	0.0402286516437855	0.12674626403323136	0.44891161853732825	15.411404209559906	0.06488701395423048	sanrenpuku_box4
2023-01-28	202307010912	-0.21709824398148286	1.0652437247064175	1.7665165931410993	0.398587624026586	0.5737458566820816	0.22132265918399108	0.29114528679714424	0.14620180171163072	0.07787195186841418	0.3404737117370444	18.763141751306435	0.053295978533572194	wide_box4
2023-01-28	202310010501	0.6240429671149043	2.7684823201971276	1.6443879722535883	0.5348098661690486	0.43799970503517727	0.08680841759352659	0.26531890133355784	0.030100875929225113	0.12138997843008742	0.5129853985515991	13.795098365456031	0.07248951573292696	sanrentan_1-23-2345
2023-01-28	202310010502	0.31430731488641434	1.7970260271074916	1.4708971594152018	0.5414369819211492	0.6864827248065232	0.552384077956568	0.3246580086076935	0.035972111191571565	0.11347042450517011	0.44157144017136407	15.700197067406794	0.06369346803142836	tansho_minodds_top3
2023-01-28	202310010503	1.7964760587903268	1.634857449905762	1.9730358792676197	0.19351412791650413	0.5338070586040156	0.24484535548637365	0.348398346954755	0.2215471367051046	0.06507588803357217	0.3013997355535365	19.574626866208167	0.05108654212593487	sanrenpuku_box4
2023-01-28	202310010504	0.30709570109249046	0.7442023227747868	1.8981376108608183	0.29235300487591875	0.4605770093131357	0.1992609269388238	0.2676830322661432	0.036274796770518924	0.0806285665820526	0.3554223275765964	18.439085854420032	0.05423262345515301	umatan_nagashi4
2023-01-28	202310010505	-2.20026069335618	1.6571032134617003	0.8702971995943183	0.5886902645972928	0.9999999999999997	0.9999999999999997	0.2259872740015524	0.0015125548855604298	0.07252514472121166	0.3377418712179574	18.854842455310695	0.05303677303961444	tansho_p1
2023-01-28	202310010506	-2.3127108485526153	1.6706578762683035	1.1704816354544096	0.8078952447496476	0.6420718484101494	0.3240054668223357	0.21418638488050495	0.004348629008233573	0.13293472846584142	0.5109650844316532	13.39122038877264	0.07467579286787125	tansho_minodds_top3
2023-01-28	202310010507	1.6401292001316106	1.3315074457354088	1.9329089327005855	0.2752083562514557	0.3311638173653424	0.046180994267073616	0.2846298566233878	0.03451975484780806	0.05929546250404534	0.2855097196383342	19.705081167777493	0.050748331939643995	umaren_box5
2023-01-28	202310010508	0.14040861448043723	0.3925830371772538	1.983057603590345	0.17329646620372574	0.7470502498327024	0.5984826368545739	0.26478313607461706	0.04429617191944371	0.06933555055219406	0.3058554187970233	19.548915328807553	0.051153733247101756	umaren_box4
2023-01-28	202310010509	-3.046127933902311	1.1940018982796605	1.8180766223061677	0.374931532431291	0.4225368668767742	0.01898883516843991	0.26641913475497125	0.014742768460111244	0.08606895299194353	0.3583885750567968	18.200163325979815	0.05494456187503276	tansho_minodds_top3
2023-01-28	202310010510	0.6603934667700403	2.49138903156567	1.945957516345584	0.19593411096124597	0.7646560552521187	0.6659682626353791	0.30770019879457045	0.05106517956030404	0.06531580935609173	0.29666042962318206	19.667636304415847	0.050844950787272615	umatan_nagashi4
2023-01-28	202310010511	-0.7366958325622517	1.3372820866445463	1.8471632413423031	0.28559577009397774	0.6757509023412365	0.48795734643871125	0.3157423636227503	0.09013128773602463	0.07962786404874668	0.3369476167762225	18.92361355034182	0.05284402988571582	sanrentan_1-23-2345
2023-01-28	202310010512	-1.3995258009855334	1.368579491787201	1.7543995296334707	0.430051980880815	0.4396534885295386	0.04189975154583564	0.19953352328110235	0.020694258996845766	0.09287546534389346	0.3870248263573818	17.806585275687326	0.056158998736572784	sanrentan_box5
2023-01-29	202305010201	-1.5143870488709288	2.023291430439983	1.664194820418577	0.42281905035240663	0.7227440648572299	0.5662991347501624	0.34931156936720825	0.12943443277183017	0.08624613062272035	0.37197974060202643	18.09786351130136	0.05525514099360634	umaren_box4
2023-01-29	202305010202	2.191047233476207	3.3631303683528886	1.3172346744506558	0.7770320662893765	0.5892847698127105	0.4289789805816875	0.2906884655810108	0.01165948851717058	0.10881844663120516	0.4842657140049882	14.188115166551075	0.07048152543598823	sanrentan_1-234-234
2023-01-29	202305010203	-2.814364385853965	1.9556088580385786	1.7624900242848784	0.3260406287901408	0.7106720827997821	0.5794194468270668	0.2715975488503966	0.013620351613878146	0.07324798267665548	0.3285403614201394	19.0896893803926	0.052384299192794616	umatan_nagashi4
2023-01-29	202305010204	0.11904320586204589	1.5971582407391194	1.6931069296976742	0.5025187259747764	0.4267092747404186	0.07595930891311214	0.2691085784374356	0.02652263869276983	0.0913461179710565	0.3897678001535946	17.266277528656435	0.05791636317326207	tansho_minodds_top3
2023-01-29	202305010205	-1.0781237893389068	1.4749242498683437	1.9840741581721506	0.20369326984082825	0.45074845144509096	0.0993352963852876	0.2585200630322546	0.019656093963006188	0.06981901844829369	0.31672616342594245	19.248208439154773	0.051952887104328965	tansho_minodds_top3
2023-01-29	202305010206	0.8013139242604688	1.8164197619213112	1.4928590894847167	0.6280280994094025	0.5723451070541632	0.2982957432955215	0.3123482138071296	0.03162347741509414	0.1701761604309616	0.5661330559571306	11.652323589579483	0.08581979313501786	sanrentan_1-23-2345
2023-01-29	202305010207	-0.7355758383243984	2.334886973619088	1.5608046697372497	0.5001513944408943	0.6727555465090991	0.4904527384576056	0.3441250751730184	0.08778342300854697	0.11253233466827553	0.4142928788904293	16.586376920586698	0.06029044225799662	sanrentan_box5
2023-01-29	202305010208	1.4389155605649842	2.0381626552480014	1.2355925749018353	0.5747162323501654	0.8060026901583341	0.7175653635664309	0.2784721972137615	0.013081442978339963	0.09321780929244117	0.3985330008400833	16.69877188401482	0.05988464343041099	wide_nagashi5
2023-01-29	202305010209	1.040928751558439	1.0753346387877034	1.8107273469888292	0.36683361201827286	0.36951547635886073	0.0974115801630962	0.24945864053435185	0.00227169112617151	0.08565919190811827	0.4055117219301087	17.180408871925845	0.058205832437089405	umaren_nagashi4
2023-01-29	202305010210	1.0104583257832997	1.3322108237073331	1.9582060832623873	0.18823766304857212	0.7173348482531974	0.6170755260536533	0.3087960368363641	0.05545769674803508	0.06254146874702314	0.29852006858859237	19.668725058854466	0.05084213628528098	wide_nagashi4
2023-01-29	202305010211	2.065249674323649	2.3313620887519444	1.870313905130774	0.3142577705170056	0.49722699975732876	0.18802310218113438	0.3003399897946951	0.0830824341909481	0.07482811082300635	0.3322415713200167	18.979376488813095	0.052688769864986044	wide_nagashi4
2023-01-29	202305010212	0.9958144097195494	1.1461163988161842	1.867615679319628	0.31447193214719826	0.40332288506030317	0.047385565008707	0.2561790508006641	0.007133343694352506	0.07339124293706589	0.3427828193534676	18.816360917215047	0.05314523910333279	umaren_nagashi4
2023-01-29	202307011001	-0.18414633426122978	2.5276180169381948	1.3551304165122642	0.8091686997229538	0.42232080655673193	0.07860294062282902	0.3603236550590422	0.08508709717202878	0.18468369569244344	0.7078037630735972	8.559215540886068	0.11683313677791526	umaren_nagashi4
2023-01-29	202307011002	-3.3728724279051763	2.2836326759076124	1.6000724739395873	0.5974678928670547	0.466832786546243	0.16235558831927221	0.26686363228242665	0.02895748340211579	0.0971306378775824	0.4054146366249104	17.06308388840274	0.058606053075767245	sanrenpuku_box4
2023-01-29	202307011003	-1.065857425990374	2.0327543318091297	0.8882239575623458	0.9272082430470641	0.7009414872033932	0.45045204924666926	0.4400015563571109	0.24070641183960384	0.3101830680601755	0.7212740270255339	6.665673402644772	0.15002235177067408	tansho_p1
2023-01-29	202307011004	-0.4401541070302702	2.075084076486088	1.3951048349455908	0.7495172124746675	0.47211949138577247	0.12446756510537954	0.3620427671658137	0.08681180103076741	0.1954658402001906	0.6787968222293884	8.994710415915165	0.11117645302183475	umaren_nagashi4
2023-01-29	202307011005	-1.7836146088103626	1.5517466866845013	1.847102626267488	0.32970941337223353	0.48857746802392565	0.23187878224730413	0.2216557576101043	9.001946432760088e-05	0.07273889020026723	0.3459025792640063	18.831276923751396	0.053103143459099486	wide_box4
2023-01-29	202307011006	0.3736431407309524	1.6318079182601677	1.85310603723784	0.32395194293956747	0.5299110013579006	0.32984465502166027	0.3023909568441058	0.0825389212089831	0.06838572724453605	0.3059498301267045	19.53507628655188	0.05118997158400701	sanrentan_1-234-234
2023-01-29	202307011007	-2.0524825961209143	2.1290523223345055	1.5313501704841328	0.6469171811097556	0.46947525363707654	0.23424865601634495	0.25414552853758676	0.0006616453869144334	0.09822159720831608	0.4069888048038525	16.85911564226107	0.05931509227526032	sanrentan_box5
2023-01-29	202307011008	-0.903503486666724	2.105341163141778	1.2658276500909398	0.7503276103188206	0.6459320784714752	0.4361686487301184	0.38093463149213136	0.06981253942442012	0.22722704208982045	0.6670176837584618	8.45940878640616	0.11821157071956957	wide_box4
2023-01-29	202307011009	-1.3571112021837894	1.496493226522829	1.3961462701163714	0.7413077501713017	0.5675343448058171	0.33659888249408243	0.28989179099777374	0.01970931653100383	0.12406611521379898	0.4633113258662631	15.151449324161275	0.06600028674519928	tansho_minodds_top3
2023-01-29	202307011010	-0.16999829858526455	1.7277156810847576	1.652112463875183	0.5158228419579096	0.4813511715896466	0.205154379762858	0.2589729388542637	0.0049908296768158555	0.10773540390748265	0.42404121459258753	16.48475407217149	0.060662112132332996	sanrentan_1-23-2345
2023-01-29	202307011011	0.7816679075411849	1.2841422838275207	1.9305298602139835	0.26146761399361684	0.3579801615888811	0.00760737813919532	0.25252254863958823	0.02236194339725861	0.08050389191220789	0.382629306815275	17.82538164149636	0.056099780644923936	tansho_minodds_top3
2023-01-29	202307011012	0.21353587686651396	1.4308412341407115	1.6714262347150306	0.4876409266049726	0.5424995412772433	0.28792770901873505	0.31005452682857226	0.09359735949316417	0.07983494634571499	0.3486179641488937	18.568318861474154	0.05385517167495524	sanrenpuku_box4
2023-01-29	202310010601	1.8674786240490322	1.9031997011955257	1.5168111046780903	0.5724019094251923	0.625369730726546	0.3610502738472389	0.3347395431207735	0.1478722225212056	0.09587872535107263	0.4095158756500772	16.612501462123355	0.0601956305183785	sanrentan_1-234-234
2023-01-29	202310010602	-1.104173113634578	1.1181313469102114	1.5275326168036087	0.4553508651719011	0.757733256574	0.5889761164365308	0.37111385856899787	0.191626967125532	0.09346531216059566	0.39497477853480706	17.446421310935445	0.05731834524557758	sanrentan_1-234-234
2023-01-29	202310010603	0.12904763924391574	1.5056223043207884	1.8732106190257358	0.29775097784268684	0.42321885723075187	0.22126288234686387	0.26471139999544285	0.03838996840752695	0.06548681448169415	0.3041708796244771	19.393588112538065	0.05156343396575976	umaren_box4
2023-01-29	202310010604	-0.1679336702442128	0.6676398988878446	2.0023750960741	0.17092003584093535	0.4349125064145126	0.2441686196144512	0.26018726282234816	0.04146394135930864	0.05945527894181795	0.29095674476416283	19.705151990047423	0.050748149545107535	umatan_nagashi5
2023-01-29	202310010605	-0.899809782319117	0.9958291213950531	1.929509275567751	0.22897845205275183	0.5874948784316358	0.3947299804668519	0.30991048900165896	0.09158081572135193	0.06773394546282628	0.30342385181839693	19.530925023719327	0.05120085191999612	tansho_p1
2023-01-29	202310010606	-3.2385802125809655	1.2023297128167538	1.8996244558279303	0.31911649377585516	0.3344593609753888	0.0837863431807262	0.28192088958612094	0.0012491291818806927	0.06330837084619703	0.29865910108472454	19.549134280549644	0.05115316032152621	sanrentan_1-234-234
2023-01-29	202310010607	1.0352677498653904	2.5615644623179374	1.6778154312796913	0.503796780296967	0.4591001595678484	0.08808001651605879	0.26067281045100715	0.04289436958907125	0.11316690888236058	0.4285050819653734	15.916511795114323	0.06282783645515574	sanrentan_1-234-234
2023-01-29	202310010608	-1.2548687843674171	1.6780720153146869	1.6655882732204494	0.5054736987746569	0.4781924074803392	0.12392512208021084	0.26291675515905855	0.0001419108763648369	0.13668329364903484	0.5498891135575187	12.644506492964393	0.07908572790534894	sanrentan_1-234-234
2023-01-29	202310010609	-0.6463905510335884	2.1300995322449143	1.5380641210723691	0.5128028593060792	0.7340653761613549	0.5800968713107457	0.3199478110929033	0.10466306091953118	0.0904340334140959	0.403103761024708	17.209756252928432	0.058106575439140155	tansho_p1
2023-01-29	202310010610	-5.502960043925694	0.7596167712811464	1.7685148658664973	0.3764241690460592	0.4685068715205028	0.22005132730881521	0.2618923178708362	0.042151138704018765	0.06772364099323197	0.31063493230978684	19.44890650988424	0.05141677242840282	sanrentan_1-234-234
2023-01-29	202310010611	-1.5622694408007238	1.0659323895205497	1.979113078294718	0.2072178200445791	0.41752458740327514	0.10697134145956483	0.3050265005654032	0.033848942207268695	0.061055341023480904	0.2955219985714905	19.56843032193536	0.051102719203749494	umaren_box4
2023-01-29	202310010612	-3.7512107585087495	1.1585931441230979	1.8629092376206169	0.32652374048550864	0.4186357256748553	0.028116882970042	0.251039284587456	0.02113521924499709	0.08941681333353955	0.38074441933698094	17.776283131295028	0.05625472955251858	umatan_nagashi4
2023-02-04	202305010301	-0.1822799380141736	1.9291557447531678	1.797826103559982	0.3421892959372899	0.6110487722228956	0.4314325789864495	0.2764346939104755	0.010256197797508748	0.07635603845765658	0.33011831393662366	18.981587310111806	0.05268263310451826	umatan_nagashi4
2023-02-04	202305010302	2.1336758728806577	1.5686906811476666	1.6940411720339288	0.47454641744880016	0.5210139850706552	0.2264092746864847	0.27603555022469706	0.03740343067829638	0.11454992006757118	0.438372674652017	15.928117586933908	0.06278205786353035	tansho_minodds_top3
2023-02-04	202305010303	0.8157546191880478	2.415295395936779	1.1128485979868055	0.7517563505002934	0.7756015373500819	0.6299071208443874	0.3047325966238222	0.033171746921332124	0.16013392921733877	0.5522825070223534	12.175036067797295	0.08213528029251414	umatan_nagashi4
2023-02-04	202305010304	1.5069679285255306	0.8533120778152027	1.790390847654103	0.2824424738078788	0.819332534594413	0.6818292990551947	0.27357855903955397	0.06642975319255895	0.07207737236571027	0.3300319859596138	19.172521081461518	0.05215798150650776	tansho_p1
2023-02-04	202305010305	-1.637123271408589	1.8394070476253181	1.7965631561358242	0.40080588259925876	0.4373529988557519	0.06914933490761982	0.24619609131061268	0.035490251293096076	0.08410042835600012	0.3820692270588893	17.568135696479562	0.05692123611046491	umaren_nagashi4
2023-02-04	202305010306	0.35998594672085427	1.040534595667674	1.9620718632274172	0.19664175257876765	0.5052751005558521	0.20787122132057667	0.3018255747034131	0.09867879469535423	0.054245181120878345	0.2637969687411148	19.967660086595803	0.05008098072899866	sanrentan_box4
2023-02-04	202305010307	0.7117539190557931	1.3002198548674204	1.8473997870610828	0.3433614546030175	0.40154225323459664	0.048826133350080736	0.23486997403124052	0.012192889844208077	0.09675443105747711	0.43520062662395614	16.254183718289717	0.06152262194961957	umaren_nagashi4
2023-02-04	202305010308	0.0002109297675428291	2.7846898771817217	1.8462051453685953	0.3346262077149375	0.4390918145854091	0.07976442486410545	0.31483822002761197	0.10513957884447067	0.07110293900921665	0.3261196304686689	19.15537371670198	0.05220467189987939	wide_nagashi4
2023-02-04	202305010309	-1.0909119500757716	1.9762226052478113	1.625719538841364	0.630704578103367	0.3375787894363209	0.028471416134503547	0.2828452325329268	0.028492112787980195	0.0688861161888584	0.3210870055469457	19.137704222544425	0.0522528715237426	tansho_minodds_top3
2023-02-04	202305010310	0.6904213293809651	1.3753391855243826	1.8944157603296647	0.2589101045535838	0.6069022189355653	0.44455917199664363	0.2743004293945314	0.03905770087694327	0.08378835967174875	0.3551511018813758	18.52150651642908	0.0539912884037253	tansho_p1
2023-02-04	202305010311	-0.21688860579825217	1.3068022884963024	1.8873040206390255	0.2925151387749169	0.45613337662732584	0.1098116737485435	0.22138684456113125	0.010723965827934528	0.0981993884266303	0.4547570091197015	15.691783216799324	0.06372762012984089	tansho_minodds_top3
2023-02-04	202305010312	1.0878970553099845	1.9921228961194963	1.0406779731644038	0.6245092262009853	0.9490035580196949	0.9230180605709501	0.27153559127978333	0.010989576708755555	0.09205977146343755	0.392167934506811	17.06131352511762	0.058612134319424046	umaren_box4
2023-02-04	202307011101	-2.2425085501915403	1.9919484715790887	0.8966443705735935	0.729142901320977	0.8417567792546831	0.7718952338209677	0.32953693042296717	0.06358877416402192	0.14416351081904155	0.5811754692581713	11.74453810313636	0.08514596242256232	sanrenpuku_box4
2023-02-04	202307011102	0.3091335093509837	1.976029318814253	0.15176893000044836	0.8516959681666657	1.0	1.0	0.3181169271688996	0.1371807507841156	0.14219416823881958	0.5352782324926711	12.438018626239256	0.08039865753942506	sanrentan_1-234-234
2023-02-04	202307011103	-1.240440079100596	2.1366972651079315	1.5782663473303362	0.5466067346377884	0.5435521071937748	0.18484481613580772	0.28871391855327594	0.12146729974013723	0.09498535992759309	0.403830792846481	16.994776030856375	0.05884161098589126	sanrentan_1-234-234
2023-02-04	202307011104	-0.49043906787107894	2.5314005927254493	0.7978193421668325	0.9564583984377992	0.7384528004894652	0.5224034586516343	0.5357718227794422	0.3595539903306901	0.39332858041626734	0.7952224575946459	4.940365466159812	0.20241417499367886	sanrentan_1-234-234
2023-02-04	202307011105	0.8638225526575156	2.628071435869668	1.3285282779944576	0.7259667732566888	0.6458355651546356	0.4625182011205387	0.3295558935523534	0.01469641722962245	0.16443541947602763	0.53942911134878	12.299934595630043	0.08130124532168512	sanrentan_1-234-234
2023-02-04	202307011106	-1.0115403389946651	1.2003521147208853	1.880793780038087	0.30148174379527265	0.4823972142456288	0.2373302972334715	0.2722078893091613	0.03867496302860626	0.08083289979608856	0.35117719010031573	18.58752959633999	0.05379951083961726	umatan_box4
2023-02-04	202307011107	-2.5565271625303647	2.1335484615377815	1.0599636974372513	0.6908864742681764	0.9189497270601966	0.8649655834170318	0.2767971287976811	0.017877231109011626	0.09527781828861635	0.40567066233398696	16.72510899643555	0.059790342784200666	sanrentan_1-234-234
2023-02-04	202307011108	-2.5716379090465	1.2851746398989512	1.8659992919886454	0.2965313441154736	0.5456222651694683	0.3608985400724568	0.2729072546576549	0.0027824334898963743	0.0736943098914496	0.32869879929076284	18.970466035871738	0.05271351784974995	sanrentan_1-234-234
2023-02-04	202307011109	-0.5410944673964477	1.7438340250557267	1.3324372461580265	0.7411169761023465	0.6192335009069865	0.44910694596630873	0.30229087397072507	0.004635678245674013	0.14115398212619087	0.5011817859894423	13.190745601000657	0.07581072596261272	sanrentan_1-234-234
2023-02-04	202307011110	0.6547626671799334	0.9119516778782641	1.9129956474787848	0.29161216671303763	0.3245461005717315	0.019144519109021152	0.2833316429010401	0.03336526593030087	0.06245864124071122	0.2976702193127567	19.540046646772304	0.0511769504995109	wide_nagashi4
2023-02-04	202307011111	1.0798461803770065	1.9957063767657082	1.426191546051657	0.642963150685717	0.6169678761324118	0.2809035604573047	0.2282199973339718	0.06040469148912461	0.09767968973306841	0.39882780898836234	16.920952904385626	0.05909832653341981	tansho_p1
2023-02-04	202307011112	-0.8697390557837807	0.8521103063663904	1.9860298638102585	0.1784437016735632	0.49543295912960283	0.1942124952530524	0.2566705923138092	0.06885180134100322	0.06445875196480402	0.308006583315267	19.55943691108478	0.05112621618638096	umatan_nagashi4
2023-02-04	202310010701	2.953573558739685	3.4588650763112123	0.8282730397106601	0.9793865028989677	0.5264548774372374	0.07224738829365812	0.517316091188079	0.32210076705012225	0.2770007550526848	0.7538159905498568	6.196510017113865	0.16138116411304823	tansho_p1
2023-02-04	202310010702	-1.5983139212062174	1.6392280070513117	1.2414075787953245	0.7940120030212807	0.5885702499108755	0.2409428245649488	0.33169077518435625	0.14692805866302244	0.19434052763411946	0.5216237688543682	11.640951651368646	0.08590362969873072	sanrentan_1-234-234
2023-02-04	202310010703	1.7574441829067307	2.0877387924788318	0.9808208077400571	0.8418024578744987	0.759803241539344	0.6316482228319059	0.3922150930143537	0.005456094350050289	0.2739932948498065	0.7532036036713798	6.009929347002827	0.1663913071621555	sanrentan_1-234-234
2023-02-04	202310010704	-0.09950603214208455	0.510091490735165	2.030016790256359	0.1514102473146867	0.35448763395629507	0.002122535792360991	0.27703689843362694	0.060599746748363575	0.06348509951903124	0.3058289440789248	19.475946313365366	0.0513453869665758	sanrentan_1-234-234
2023-02-04	202310010705	0.859796226701339	0.7933603015753804	1.7888536333315543	0.3586419707277806	0.5183600903991912	0.3342337333157362	0.24900491839448188	0.002101907565101979	0.08209165531144652	0.3585365436966903	18.129326766587393	0.05515924627951514	sanrenpuku_box4
2023-02-04	202310010706	-1.2663647965438973	1.8315726342939926	1.442207529020439	0.6075893689067634	0.6635876648637544	0.4335347596627207	0.30195987557888576	0.060992288082892976	0.134302595407608	0.46721926713777917	15.00464708925731	0.06664601933330092	umatan_nagashi4
2023-02-04	202310010707	-0.7469928509927682	2.577638354344624	1.3748952532372423	0.6856422195128559	0.5913136497661461	0.2867167752055466	0.27538075411399593	0.07143943933253949	0.12429043779986923	0.4571693621841805	14.95298709944661	0.06687626982818762	sanrenpuku_box4
2023-02-04	202310010708	-1.6563449958194194	1.53635497984279	1.8937527050513225	0.285625282468634	0.46682716852554423	0.1254459745391066	0.21966903279965888	0.009471236901020058	0.09804770877891221	0.44598338972834134	16.02520049682726	0.062401715360627434	umatan_nagashi4
2023-02-04	202310010709	0.396808166276013	1.621177108765443	1.7889886554810193	0.37719761007856784	0.5665502895846791	0.33473589560498074	0.28033526405981163	0.02171254253613919	0.10918939435569332	0.44736829646701043	15.921286934285677	0.0628089930247128	tansho_minodds_top3
2023-02-04	202310010710	1.2891043178870378	1.6048273000824906	1.972738510432114	0.20901866668767516	0.4665929945592624	0.16758083049529965	0.3052470834998769	0.07654510621036725	0.06393582550627838	0.2973597273898079	19.625087636967113	0.050955186468382124	tansho_minodds_top5
2023-02-04	202310010711	-0.04510316772063611	1.4107229425112644	1.9391050137237906	0.2589228705680426	0.31210223588944375	0.009908991703107717	0.2884345160370091	0.037134008349788694	0.05848108454521035	0.2862675061371447	19.800657271634552	0.050503374018424675	sanrenpuku_box5
2023-02-04	202310010712	0.2517696491615847	0.9848632404094184	1.9694960459602315	0.21781680122820252	0.41489093520448106	0.15464286446037662	0.23959948931784708	0.012346181021891528	0.07527175279406707	0.352670836531373	18.66214613048769	0.05358440519155164	sanrenpuku_box5
2023-02-05	202305010401	0.4523053910993354	2.182702486178677	1.6853732100575607	0.5274658396237016	0.4050152137751518	0.06955459120869678	0.2651201325462703	0.027837874923942962	0.09256259146533413	0.3900389478716073	17.237998938971646	0.05801137379926398	sanrentan_box5
2023-02-05	202305010402	-0.41104712133472954	1.9431070863758397	1.3226590911991214	0.5201417520634812	0.8703630107051646	0.7887170952268223	0.2958354372984427	0.007589740318851901	0.12302513121229593	0.4330362097793214	15.65692021146439	0.06386952136779588	umatan_nagashi5
2023-02-05	202305010403	0.3842144985312937	1.9943980155261813	1.4145275437348872	0.6854331208808032	0.6105684897029443	0.4026522758428942	0.30014397722928277	0.0032131574047480904	0.12765258767702214	0.46677350038938753	14.88646733576573	0.06717510457282456	sanrentan_1-234-234
2023-02-05	202305010404	1.3404171885743728	1.790206962661879	1.4550874540996295	0.47448078361870183	0.7737932722801854	0.6150131494524346	0.3502833324271224	0.17838142865744486	0.09075847723727679	0.4007779049399101	17.277888444889868	0.057877442789935445	wide_nagashi5
2023-02-05	202305010405	-1.7201456649206177	1.376444782415192	1.838087457744021	0.3801193661759646	0.3387204906022326	0.02342838220486121	0.2677745793433534	0.009838378077667242	0.07694543846683889	0.3485176871099093	18.45136815765831	0.05419652306839621	sanrentan_1-234-234
2023-02-05	202305010406	0.7223965294869426	1.780037938396265	1.595397760670736	0.5314867741128196	0.5745436453206335	0.3915715198010777	0.29250784589527684	0.02671975471963489	0.10358624310135116	0.4125421463573492	16.406981550785048	0.060949663221395625	sanrentan_1-234-234
2023-02-05	202305010407	-0.19014008195959492	1.849293744076106	1.9259251077932862	0.2573539439505609	0.4768344209120109	0.16789100752262004	0.23063131640474102	0.01956716950792009	0.08385165250223355	0.3899451605935257	17.70447698816752	0.05648288851844269	sanrenpuku_box4
2023-02-05	202305010408	0.5829610600280336	1.420542498306306	1.8391669855223025	0.34712415521808626	0.4711128109619274	0.08378005911622938	0.2784625442662138	0.09934230354702311	0.08943291970608815	0.36101086875986393	18.132267255223613	0.055150301168868786	sanrentan_1-234-234
2023-02-05	202305010409	0.8119024304912033	2.0308426613399457	0.9877759685485786	0.7914080319440636	0.7836886802663469	0.6094023670780041	0.27491866682481997	0.002654309483314521	0.19538536873288367	0.5470717663318928	11.526501508516855	0.08675659299234088	umatan_nagashi4
2023-02-05	202305010410	1.59371559855644	1.6675244334367572	1.6917418824873747	0.47309179294136977	0.5398733689807012	0.30106686587960263	0.2852873400806089	0.009804019387228746	0.12294581452640622	0.4837339855855105	14.677358232359335	0.06813215186063176	umatan_nagashi4
2023-02-05	202305010411	0.6966734628412702	1.5802793503141632	1.9158599697457672	0.2650265730533033	0.5329347614746575	0.22876781239915966	0.2664307618103263	0.07181088027480534	0.08276121339624436	0.36294779478473294	18.355330536652243	0.0544800867520845	tansho_p1
2023-02-05	202305010412	0.8373894767781944	2.2330862746032336	1.6685333694375497	0.5083950200034909	0.4875251171928566	0.16840129331865827	0.26542217010977065	0.022396050006310536	0.11564068590903336	0.46640108180500045	15.21543933418313	0.06572271611989486	umatan_nagashi4
2023-02-05	202307011201	-3.4540063790625575	1.9319090719604326	1.2547322934801648	0.808099929783179	0.5921790513285252	0.32136055845090933	0.3052351099779599	0.043720177934557514	0.17564374337364042	0.5805510916904252	11.4073547542058	0.08766274228749729	sanrentan_1-234-234
2023-02-05	202307011202	-0.9935105073082986	2.183551902684466	1.5130523027705602	0.6242139049375678	0.5265196583743327	0.22728867463693092	0.3081065066714287	0.013174462228935646	0.1730028418084246	0.631793999376297	10.311863350901508	0.09697568382852705	umatan_nagashi4
2023-02-05	202307011203	0.7112442437327829	1.5744744102766002	1.5187694083805927	0.6296097662021259	0.4989621946946906	0.1576364142320955	0.2590148130317532	0.030415805962836134	0.14279684946565402	0.5050249527129992	13.703517745719557	0.07297396322286377	umatan_nagashi5
2023-02-05	202307011204	1.2039377194198435	1.507943804794163	1.4429297989979313	0.7133109572554848	0.47995809668255107	0.19316049096781368	0.334502579824494	0.04688308136860031	0.1692574570747725	0.6125698946341827	10.659311899211364	0.09381468611252343	sanrenpuku_box4
2023-02-05	202307011205	-0.5440329044706622	2.1297062183624558	1.507264546462027	0.6942311742884489	0.46448486563975755	0.22405757821387437	0.28715521407477756	0.009930540216232242	0.12441280098975786	0.47984637321143647	14.389706282029785	0.06949412172844864	sanrenpuku_box4
2023-02-05	202307011206	-0.021124370122527353	1.3223204531326243	1.9763057748609179	0.2033001754526662	0.5035773634101536	0.16561348916382895	0.26281220559585255	0.07922607839136533	0.0758610291350044	0.3378043823627829	18.98116161209768	0.05268381463875468	umatan_nagashi4
2023-02-05	202307011207	-1.3715993868569756	2.8158542734858942	0.8469320622409038	0.9465463685780813	0.751864184717874	0.5849477049214857	0.4706379287103346	0.17339861906414394	0.34481826952692674	0.7743946104436968	5.595493766803566	0.17871523795320954	wide_nagashi4
2023-02-05	202307011208	-0.5561331952821801	2.120319517852616	1.2921799412155135	0.6886727027197507	0.7360815470226504	0.6104863006873673	0.3246009615567589	0.03539148512776108	0.12218833645141984	0.4734799611712557	14.749924155255862	0.06779695878257574	tansho_minodds_top3
2023-02-05	202307011209	-1.7782599141478546	1.902941392825774	1.8345899815460645	0.3519029235957835	0.5242232099691502	0.28936482929091745	0.2717378927888491	0.0029603935537042547	0.07884359059543482	0.3444994379597893	18.705741127492686	0.05345952310492815	wide_nagashi5
2023-02-05	202307011210	-0.9680424056924615	1.25601363909805	1.9671282650914106	0.2043061964950144	0.5273540116598734	0.32829327794845065	0.2667578219459388	0.00379114747076581	0.07121512300340312	0.31699462729701283	19.361296093891383	0.05164943478734911	sanrentan_1-234-234
2023-02-05	202307011211	0.5609509581838841	1.681917611935435	1.2975261031800278	0.8445221839738036	0.5337776001150856	0.2639630997095596	0.34946033269062804	0.06710946274241042	0.18299277980591636	0.5921589688000287	10.850564994497924	0.09216109949178475	wide_nagashi4
2023-02-05	202307011212	-0.7486698429723608	0.8305527843230491	1.9945378449995121	0.1821144625273787	0.4678408987963513	0.1637029679578122	0.2246022182749389	0.021722817216603352	0.07628615499164262	0.3742031251645744	18.11188766391884	0.055212356577946646	sanrentan_box4
2023-02-05	202310010801	-3.1483641982940305	2.3492939280935365	2.017153933967927	0.16715469197080507	0.36795095222979834	0.11538881686346686	0.28494803455481094	0.06818699245982679	0.05805691380834742	0.28347032354401325	19.76506209836385	0.0505943262421007	umatan_nagashi4
2023-02-05	202310010802	-2.181616097336219	1.6322661046560378	1.878529845016682	0.31412853776625277	0.40655617945837474	0.07646430653256625	0.28792524573775924	0.010063677438169771	0.06770371108839068	0.32109505848174763	19.111752993786478	0.05232382400113245	umatan_nagashi5
2023-02-05	202310010803	1.2508215153507203	1.8258223492537053	1.7832235004709165	0.4056620717614776	0.4048788517712392	0.0015172544404815635	0.2400528270601255	0.0011443752056931877	0.10279054953269666	0.43062546109695665	16.178403353546273	0.06181079666188456	tansho_minodds_top3
2023-02-05	202310010804	2.4013019249387813	1.508901929272625	1.636747728680348	0.4866971082489035	0.6103092470814905	0.3773585873232206	0.3127023179327513	0.07580150478543446	0.09789360678344762	0.38923442890717397	17.47614587907379	0.05722085446754113	sanrenpuku_box4
2023-02-05	202310010805	-1.0163529171368775	1.9274945580204519	1.7652062159308404	0.396546105074508	0.5000649289984522	0.21861958585883534	0.25148826027165705	0.023578002868197195	0.1055494449041986	0.4188075427017273	16.645887445043673	0.06007489857789173	sanrentan_box5
2023-02-05	202310010806	-1.3697529522001883	1.5286531406552128	1.9314141605528956	0.22812851130145967	0.5108912169255724	0.31436867805715546	0.2554174791720431	0.049528887983782716	0.05393061862974087	0.2666040563917369	19.953915831394845	0.050115476503445625	sanrenpuku_box4
2023-02-05	202310010807	-1.2887880478031035	2.093958954805655	1.039767298247118	0.8692422042904671	0.7068093316372314	0.553740440952577	0.32229802838735405	0.003559835287604507	0.18352611423853327	0.6238282722092658	10.05533730700589	0.09944967229525623	sanrentan_1-234-234
2023-02-05	202310010808	-2.7664925803882348	1.227839694947509	1.8008016294761826	0.39770970594232163	0.4423498193438275	0.08151339993874179	0.25299924522186124	0.015423347157844103	0.0811132190226764	0.37047422220529186	17.881270206342812	0.05592443872613042	umatan_nagashi4
2023-02-05	202310010809	-0.2965599106612744	0.9517162890980564	1.9953058553844625	0.19210395647052206	0.42187967985142394	0.02572953515341092	0.2468579555125377	0.018797237720054566	0.06192545800049551	0.2947000221468953	19.699234789548314	0.05076339313091304	umaren_box4
2023-02-05	202310010810	-0.8142617059841302	1.5449477736615276	1.4737716223415416	0.32913170653419194	1.0	1.0	0.31250722561186545	0.11487829971302121	0.06309021177522195	0.29655016062994555	19.662442753480068	0.05085838074839452	tansho_minodds_top5
2023-02-05	202310010811	-2.469850092646291	1.5516420191849176	1.9726521644333341	0.21213729698088712	0.37137262843068064	0.015336512171681749	0.2936461084297902	0.013903191085055444	0.05936214708137401	0.28734580522624614	19.761825922143395	0.05060261151675698	sanrentan_1-23-2345
2023-02-05	202310010812	-0.9474907165498676	1.4537917832975766	1.745874729563435	0.3957601887298364	0.531311160868653	0.18108207411220212	0.3303697908371227	0.19071926482529433	0.07863224280948601	0.35248802220476194	18.285670123883918	0.0546876320761056	wide_box5
2023-02-11	202305010501	0.504882306631736	1.6950505410682832	1.548592524286911	0.48844934377343585	0.7445551743153079	0.6000064420228366	0.3452419272934801	0.11413905251691095	0.09640327170918643	0.39361633134743784	17.447834340916796	0.057313703263155526	umatan_nagashi4
2023-02-11	202305010502	0.9057143961449424	2.056124300863701	1.847428773846728	0.34450941073989894	0.42206432494729507	0.0661082688731161	0.29002000700266833	0.059467898969349786	0.08316154447936047	0.3539492649201229	18.307401128895293	0.05462271749875303	sanrenpuku_box5
2023-02-11	202305010503	0.24038180492786262	1.6869007392985702	1.1712672212391664	0.7053962407805474	0.7686093861602457	0.6317425947451178	0.3296161140893324	0.002126600380261301	0.2144495718317805	0.6108764972367174	9.513871392773938	0.10510968234861037	sanrentan_box4
2023-02-11	202305010504	1.6424149024538774	1.45234620453174	1.6650630528313615	0.49182496694500905	0.5437818633949042	0.30933821376072834	0.2911595723880027	0.00032051780998859636	0.11292566651632562	0.43946377652382745	15.921583695303323	0.06280782233333912	umaren_nagashi4
2023-02-11	202305010505	0.8651676701737263	1.6334598446719397	1.9825475628196165	0.20849342855176284	0.36418535306465527	0.0163416097556478	0.24744195209986275	0.007860798018482468	0.06599524562524618	0.31192558679456356	19.23323533909157	0.05199333249812105	sanrenpuku_box4
2023-02-11	202305010506	1.4927386342657092	2.4711364034672108	1.0505955189649618	0.895947757385865	0.6663742996350274	0.4512212764414736	0.4760100972533211	0.16794332216247765	0.31164374697697667	0.7711609193034118	5.931470937345833	0.1685922447505866	tansho_p1
2023-02-11	202305010507	1.5249622485588392	2.18076213643026	1.6830457647596	0.5011561926102003	0.4722969499425548	0.2064100515715238	0.26589193158209135	0.047255893487991696	0.07401095543796939	0.33948771730527805	18.81619128281506	0.053145718225840216	sanrenpuku_box5
2023-02-11	202305010508	1.1385207044327244	2.166688428438326	1.837044349083654	0.35228611223012113	0.47930766320958174	0.22457075542797078	0.2712777968778384	0.04171050275701149	0.08062866654831918	0.3495515679174809	18.63027887456232	0.05367606178807095	sanrentan_1-234-234
2023-02-11	202305010509	0.9812156733084676	2.3209366271732055	1.8329902525173956	0.35238778564862594	0.4811990995485534	0.23527747508936192	0.27500048577015596	0.031976383494855404	0.0877088793558276	0.37389491936662667	17.924572626733692	0.0557893357250005	wide_nagashi5
2023-02-11	202305010510	-0.19042652466303442	1.7080652441030928	1.8649008638145468	0.3376228741019602	0.4028542685993627	0.16313976855856685	0.25495020840392246	0.01810616252769512	0.0721919556443934	0.3287500095603952	18.876830840539085	0.05297499397263455	sanrentan_1-234-234
2023-02-11	202305010511	-0.46435253764962586	2.0349153057558276	1.928563186145242	0.22431874861644469	0.6220082967760598	0.43161820351317026	0.2623060840215002	0.00543237942237057	0.06136166047266203	0.28609261825928667	19.781878179930526	0.05055131726645341	wide_nagashi5
2023-02-11	202305010512	2.2681939711822414	1.747051875593976	1.9579226627643171	0.22967875213817696	0.3625826750595135	0.002863462866012245	0.2566257268442075	0.0018276315750545002	0.07535355336918378	0.35522234400048097	18.53187853771034	0.053961070269541736	wide_box4
2023-02-11	202309010101	-4.381022843414961	1.6296309509659033	1.8401993617008463	0.28771933235090635	0.6280567335303078	0.49136398631659917	0.23803116710709143	0.0003171539797824918	0.06968473611327057	0.3427965927018931	18.65819262863553	0.053595759241184864	sanrentan_box4
2023-02-11	202309010102	0.608036907739095	1.9418541054310219	1.2199971250032116	0.606809281088975	0.800692681952901	0.6579771884455823	0.3534777301282725	0.15148141064246837	0.12485871759098205	0.45797232607518623	15.34807566657975	0.06515474784747693	sanrenpuku_box5
2023-02-11	202309010103	-5.0011361940174694	1.5020666252833244	1.5827142972195825	0.5733588132538753	0.5397584712102992	0.2622629654959783	0.2953879569005713	0.05647372947357179	0.11997488377841713	0.43875697850647366	15.68617294180016	0.06375041278138803	sanrentan_1-23-2345
2023-02-11	202309010104	0.8950619462979588	1.332696230324106	1.4455215640462944	0.48838536786396247	0.7656806199783944	0.6664464334997153	0.3247704614858007	0.08592526051994098	0.10480659387318929	0.4331770460014083	16.223746133164678	0.06163804535598558	sanrentan_box5
2023-02-11	202309010105	-1.7865030288367951	1.6314545049304006	1.9125503073688748	0.26119698201775876	0.5613703357539418	0.35639780570058327	0.27066726140475983	0.0054604133158198676	0.07761016304476683	0.3381402772450668	18.929115437718288	0.05282867037766556	sanrentan_box4
2023-02-11	202309010106	-0.6797642458063947	1.6977466361532165	1.7683477277916069	0.3990459514511198	0.525065721378869	0.27146572810643455	0.27393783439040487	0.038883505333965035	0.08751449772453133	0.36636067347701723	18.20278448352876	0.05493664998917472	umaren_nagashi4
2023-02-11	202309010107	-2.4507598150363377	1.37313324727128	1.336886726995829	0.7231825544163505	0.6152735954548482	0.4742228181805403	0.28179968948354694	0.003484849004360857	0.09815297122085596	0.4662355656352975	14.76988965198774	0.0677053128738453	umaren_nagashi4
2023-02-11	202309010108	-1.0917242561632574	1.6990042606565177	1.604765378147805	0.588236105815719	0.4702803534508063	0.19350653982041194	0.2779981676462766	0.00926558122618748	0.1164256611439392	0.4747732081342715	14.952779829049856	0.06687719684451095	sanrentan_box4
2023-02-11	202309010109	1.222371261071938	1.2847590515546372	1.817693629314705	0.3616032822874265	0.437017636414862	0.19529694227336475	0.22946642868585326	0.00036520046862795197	0.07371176391102631	0.3312426636079652	18.987694180936362	0.05266568918115395	sanrentan_box4
2023-02-11	202309010110	0.9510241137123638	1.3438788589271575	1.946158748929988	0.24264455850389574	0.31056089219017025	0.054950436552346715	0.2945660678640025	0.005707996051277198	0.058035472852230215	0.286492956381524	19.809864704665948	0.05047990053987918	umatan_nagashi4
2023-02-11	202309010111	0.30983700339425485	0.9636592376877314	1.7801175827222462	0.4027403468288407	0.4821467728058468	0.12777531844333168	0.2767719272205055	0.08098624021512346	0.08430515319748998	0.3643290915143086	18.277773215875374	0.054711259855847114	umatan_nagashi4
2023-02-11	202309010112	1.9785989184574468	1.3229412983196023	1.4412044877209071	0.6268076584444351	0.6004397758163159	0.2865683206624873	0.24115429502141197	0.025173978112326856	0.1290796804319389	0.43705301185836615	15.773617062343506	0.0633969999428545	sanrentan_1-234-234
2023-02-11	202310020101	-0.11415667427655687	1.8548404869962163	1.618938732698088	0.5423409183969646	0.5051047664535414	0.13336483566116764	0.23948242915929394	0.006223188227504645	0.12318621616295454	0.42974233883967206	15.666766021497649	0.06382938244101037	umaren_box4
2023-02-11	202310020102	-2.585571702134231	0.9579623270183774	1.838941742841407	0.332682763245656	0.5428498277215618	0.3110984767016852	0.27563994467813313	0.013013903248368042	0.07556210555635043	0.3339462474273517	18.986887327726546	0.05266792722468523	sanrentan_1-234-234
2023-02-11	202310020103	2.729530052264715	1.126160192573048	1.699780737850452	0.4646572293099648	0.5287572603254315	0.1801374076146568	0.2940187306895376	0.11000939600903886	0.1001102687487312	0.39272363114675485	17.528944700024958	0.057048499901912304	sanrenpuku_box5
2023-02-11	202310020104	1.2774183767404537	1.0355605430652013	1.7154577559063218	0.4726415455008484	0.4758323684923887	0.2743311862163512	0.27716795551019563	0.03467706127884995	0.08222445821605931	0.36589519902287426	18.00717356497032	0.05553342374315301	sanrentan_1-234-234
2023-02-11	202310020105	0.32243497610959443	0.6187892833522011	2.0293280369140523	0.14398902908263259	0.4184535118644439	0.07293137987043685	0.38746831858068953	0.19602892004364394	0.06109485733262724	0.2855535632641718	19.787435530744897	0.050537119802424195	wide_nagashi4
2023-02-11	202310020106	0.3141727251833964	1.9642192395321747	1.552968971357903	0.5920432779091986	0.5350980234120243	0.294371180306509	0.2870370486310782	0.01003956170595377	0.12428329624293379	0.4627248112211782	15.107788322217674	0.066191025362024	sanrenpuku_box4
2023-02-11	202310020107	-0.03156042204479179	2.634288628873387	1.2877738552546143	0.8441351682170157	0.523414688981807	0.2895426118233998	0.35547961352020974	0.014252376014151247	0.1942591798036884	0.7071066963764316	8.370589940755465	0.11946589273607969	wide_nagashi4
2023-02-11	202310020108	0.690639389028609	1.505435768464213	1.988078794618192	0.20015827370840306	0.41739053248180247	0.018137171544533703	0.2870080747816469	0.01489437877235944	0.06464589867745547	0.2948324048100494	19.646682392285104	0.05089917880449281	sanrentan_box4
2023-02-11	202310020109	-1.2529818774908716	1.4837739049316399	1.9718674078764824	0.2066207269122456	0.40326680770522083	0.08775065134769677	0.29941523654002655	0.01274929387877205	0.05769314137218435	0.28394785308585696	19.742289821185167	0.05065268563360439	umatan_nagashi4
2023-02-11	202310020110	-0.7666319206735811	1.2160421853178371	2.039360897987816	0.1377174398413678	0.4559626074539881	0.1071379005231452	0.29705458778772575	0.10161379144555543	0.0636312419020288	0.2968589007631246	19.683125963032328	0.05080493829476783	tansho_p1
2023-02-11	202310020111	1.3515289541799511	2.4488135149372696	1.6474226476731617	0.5262669625032501	0.45441783465373004	0.011693535689107026	0.22742222798113076	0.04537395044460646	0.11482698690059656	0.4195215109164582	16.012560714505117	0.062450973197193956	umaren_nagashi4
2023-02-11	202310020112	-1.15932962104296	1.728211826856182	1.715674903969127	0.48520847277971196	0.46409598132653584	0.2780750027562593	0.24583823160139678	0.0024694552556067673	0.0731753278748183	0.34904591240402777	18.311521682961835	0.054610426010114795	sanrenpuku_box4
2023-02-12	202305010601	1.8676361622330322	2.7952102437682558	1.2629248486879328	0.6579324744103419	0.7825392987594084	0.6554167577373261	0.3166788336533528	0.07220173995664506	0.11809975806446864	0.45589942187927834	15.544562801915799	0.06433117564919577	tansho_p1
2023-02-12	202305010602	-0.16959331681367645	2.6360595417945625	1.7758103355612302	0.3890147952818647	0.5452094381898408	0.32572708806362527	0.2689910786749707	0.03214111224021035	0.08662813655027761	0.3758882693868758	18.06340533361075	0.055360547002690046	sanrentan_box4
2023-02-12	202305010603	1.6197151043764026	1.8338118849157226	1.6364923153833355	0.5420069159961167	0.43206080169198124	0.010386523374598833	0.21573757354419681	0.011107637112712121	0.10884309991126932	0.4084468915748454	16.441283195289	0.06082250321474512	umatan_nagashi4
2023-02-12	202305010604	0.9398843804260252	1.8079390585242936	1.5827261286098795	0.33271034799683086	0.9614264707483285	0.922852941496657	0.32593213666857207	0.1337639096088314	0.07387035089702343	0.3330853222778276	18.919778526693023	0.052854741327397	umaren_nagashi4
2023-02-12	202305010605	-0.694831459665253	1.9540572079532708	1.5333923238511618	0.6507698982004128	0.44159026774835386	0.059414679461889774	0.27908761097883966	0.043541695075392406	0.1341916607941808	0.4956566575044438	13.58782466891888	0.07359529758191716	sanrentan_1-23-2345
2023-02-12	202305010606	-2.568043942613738	1.550078437508643	1.4608750563723372	0.6496588126031403	0.559970009658563	0.23834419697561282	0.2446406407458028	0.017796334211739567	0.12905124801188167	0.458736908205686	15.01640405311053	0.06659383940810103	sanrentan_1-23-2345
2023-02-12	202305010607	-0.11637054045128759	1.30090222761834	1.9374029249573024	0.24294897193149256	0.47831769981749006	0.13808017263194333	0.2588825161884192	0.08117487603057838	0.07157151230048754	0.3235723193866071	19.262649889718297	0.05191393737233233	sanrentan_box4
2023-02-12	202305010608	0.4230661308540965	1.2214637728981685	1.6994887901008937	0.49102029103252354	0.41639531750848474	0.04868398259702911	0.26865758719905264	0.037849850520037226	0.09174296031444189	0.37911808949459613	17.597341902588973	0.05682676426562338	tansho_p1
2023-02-12	202305010609	-0.2570669415279587	1.0979808318475124	1.973233203642846	0.20073368506863987	0.439511498182381	0.24752981955838319	0.2529224647648998	0.02747729508770358	0.0630079965070385	0.30357051014461106	19.491997433246606	0.051303105462878106	tansho_p1
2023-02-12	202305010610	0.8299954764845128	1.8851644721863192	1.4215420989989958	0.5966743478874216	0.6928421042879469	0.5178822354201656	0.30010601335901765	0.037891330018942404	0.12354903233571182	0.44962022470271373	15.373218182225406	0.06504818887929432	sanrentan_1-234-234
2023-02-12	202305010611	0.9368020503292719	1.3949611927251542	1.975977504326551	0.20778237784962456	0.4605374348405136	0.2090578441333657	0.2599053396210893	0.044017893753053705	0.06554444482899706	0.3076759912856912	19.53343384765352	0.051194275814445515	tansho_minodds_top5
2023-02-12	202305010612	2.257556523804163	1.7218293652288565	1.8527161445218956	0.29560596954737123	0.5844201904734996	0.34306689414196523	0.3114250504678782	0.12309107677852255	0.08129404006388706	0.3520649555177246	18.66062577500675	0.05358877092639399	wide_box5
2023-02-12	202309010201	-1.1823413851214173	1.4321664798197162	1.6294817412441742	0.54810148063608	0.4433437016201939	0.05916051496110536	0.22092866008771034	0.0024785628731572307	0.11508494008063298	0.45673607313252595	15.460569264952237	0.06468067138167498	umatan_nagashi4
2023-02-12	202309010202	-2.823089847211479	1.9899054447334357	1.5414198556753802	0.5251130875911112	0.6830451819844613	0.5289095137366867	0.2903802419442497	0.013362317425047676	0.09200741325139404	0.39931687379848113	17.272744058207568	0.057894680580577784	umatan_nagashi4
2023-02-12	202309010203	-3.0050201223214126	1.616655324584925	0.9060188993880874	0.7577824073923657	0.8262971576328922	0.700906789513722	0.3228035423233796	0.1465299671975836	0.12881793635864283	0.5214935733834838	12.974052747665981	0.07707691801853503	sanrenpuku_box5
2023-02-12	202309010204	0.01732236991066888	3.1546248497773557	1.2770788147537868	0.7559874598851629	0.6497149727138385	0.410102885441245	0.291320459363586	0.05033749604556528	0.12946574561014407	0.4998554426205446	13.47740148076028	0.07419827935136859	umatan_nagashi4
2023-02-12	202309010205	0.29819877475313106	1.7140043266386327	1.7465687595017292	0.4559523690923621	0.43572735977343713	0.12489504297660253	0.2639324254801281	0.030366679813421338	0.08937147891726945	0.37807532389700493	17.67899650536305	0.056564296491412445	umaren_nagashi4
2023-02-12	202309010206	-2.577623921983922	1.634448087245947	1.6638198651764815	0.5244254360730929	0.4909520054441711	0.2131709673541783	0.2714574845202756	0.027359112159978688	0.10147449493081692	0.4033793075404668	16.956974070799536	0.058972785818080166	umaren_nagashi4
2023-02-12	202309010207	-1.5144052580462528	1.655195873906685	1.5650586729353617	0.5910910092181492	0.5138988777286428	0.18569267687197494	0.26647490499323107	0.027537146356973186	0.13099357005088982	0.47116468488659435	14.76103345795325	0.06774593410742523	tansho_minodds_top3
2023-02-12	202309010208	0.6484401677849955	0.9310089536180183	1.6643647067501106	0.5243360117487167	0.42531798375806873	0.18987128719950797	0.24408092056060296	0.004048096208730645	0.07998785370088833	0.350811562306894	18.349186189376578	0.054498329772192225	umaren_nagashi4
2023-02-12	202309010209	0.3923066461493823	1.6395152834190203	1.9274836707211178	0.2729398147784927	0.3150662414477834	0.01843072025742093	0.29276454061356944	0.043932517294793555	0.05492543478279254	0.2706877144932982	19.89993890439186	0.05025141055982352	tansho_p1
2023-02-12	202309010210	0.3259642209214032	2.227076158033147	1.6251387888035818	0.5643172859249705	0.42277792553433474	0.08238623036280801	0.2777397912860109	0.024766620140717954	0.08175082746062158	0.35774776995578367	18.19244920908713	0.05496785993501633	sanrenpuku_box4
2023-02-12	202309010211	-0.7150000604556576	1.2044780810851408	1.542758034017675	0.44906856285087016	0.7774019024511801	0.6134456654887885	0.32774314394015613	0.10130251560987205	0.1229289776246224	0.42098247275424494	16.09774536347823	0.062120500568281486	sanrentan_1-234-234
2023-02-12	202309010212	0.3256576593471044	2.033261318074391	1.8258006493544972	0.35809083697896704	0.47726440185745883	0.22703290547672772	0.26694164733070236	0.049460932568663796	0.06866631918237731	0.31668447398913807	19.35149630482016	0.051675590571821334	tansho_minodds_top3
2023-02-12	202310020201	0.9753584992117074	2.6844820912747758	0.9150014770134494	0.885421462951042	0.7249153380398408	0.4938351677291084	0.32605228769370165	0.12903140853045286	0.23517583847248866	0.6362337903127537	9.200830650766425	0.10868583913308962	sanrentan_box4
2023-02-12	202310020202	-0.3123876250344524	1.1918535043388254	1.6729472120357318	0.31606572022687407	0.8726266430391135	0.788048262655045	0.2719189503776975	0.014035062014266797	0.07748017910092322	0.34455037867464244	18.858276848673786	0.053027114196296535	umatan_nagashi4
2023-02-12	202310020203	1.581075360105907	2.5484056026467687	1.9156597992020203	0.2399377359027576	0.5877011794250058	0.3064132149367703	0.38294869134832576	0.2575739808091644	0.06868854818165514	0.31600093848920097	19.313226314354456	0.05177798798208848	wide_nagashi5
2023-02-12	202310020204	0.6920467202728069	0.7682913866170418	1.877767445992625	0.3113083165179929	0.432314811986287	0.181120572416669	0.24000989880721452	7.409908268049548e-05	0.08611789177265346	0.3866565039636077	17.727306259483683	0.05641014970703877	sanrentan_box4
2023-02-12	202310020205	-2.521102183484414	1.8582089026695077	1.4269082148880452	0.7160713997693036	0.5111788882456071	0.2663766871463653	0.301097142059011	0.0006826374806277458	0.16551557870807918	0.6409645217600523	10.049361615965992	0.09950880844124896	sanrenpuku_box4
2023-02-12	202310020206	-0.43793962182601726	1.161883736416672	1.9943219179552139	0.1948186532862413	0.32837699295278966	0.07151165609695737	0.2869939466771975	0.01303547443188302	0.0661015883716455	0.31552806641704434	19.360282782116062	0.05165213810429172	tansho_minodds_top3
2023-02-12	202310020207	-4.465772341131722	1.080980446086338	1.5900354408254735	0.569276931836591	0.5155122243262393	0.22164504262897944	0.2711354251919006	0.03386204194599138	0.11597169482026294	0.452714187513474	15.601629281940195	0.06409586985620527	tansho_minodds_top3
2023-02-12	202310020208	0.09104661154895086	1.7020006936706278	1.6417963748235418	0.5067859034439777	0.5781106111193505	0.2942886337410909	0.30252151123284504	0.07681845938283768	0.11056858076453883	0.41532135393865965	16.662247102684656	0.060015914650484205	sanrenpuku_box4
2023-02-12	202310020209	-1.650195653659301	1.5787032172588202	1.8583581239252904	0.31819605862273237	0.5195149531607334	0.22956971852715097	0.2725707783519223	0.07213568173406709	0.08752172187872963	0.36624051687447423	18.1916817925682	0.054970178755464345	sanrenpuku_box4
2023-02-12	202310020210	-0.8860164476183852	0.854545695099362	2.011981754964009	0.16457672656348174	0.3998074953315017	0.04682443668891123	0.25534454392056605	0.004355895879717353	0.06836212222998211	0.33069496744734256	19.14568052027655	0.05223110241189565	tansho_p1
2023-02-12	202310020211	-1.9105391984450186	0.9505138936640818	2.0572259226579304	0.11180723126620047	0.35493483936639303	0.0069240307110794985	0.24664139202060226	0.0014274602665554081	0.05500836781895802	0.2709295878668843	19.89455811903379	0.05026500181691729	sanrenpuku_box4
2023-02-12	202310020212	-0.3807557719268528	2.122784718635272	1.2355364232276824	0.7284171721431648	0.6719528722005774	0.40179140465938556	0.2693246823347662	0.025423267566086927	0.1761263190252748	0.5199230888550778	12.828605701002399	0.0779507939761421	sanrentan_1-234-234
2023-02-18	202305010701	1.3323587799763505	3.1156400288966037	0.679664000677365	0.7930624682149817	0.9182841636808798	0.8365683273617595	0.29408927409557695	0.08816157093211605	0.14166138643337017	0.5552199001782105	12.027053539676833	0.08314588412706692	umatan_nagashi4
2023-02-18	202305010702	0.3442257282242041	2.2294318188640077	1.6715305477793765	0.3532241759186603	0.9627308761363839	0.9254617522727677	0.246819276413864	0.02710281645838769	0.06279294033670656	0.30208167687324694	19.433484031514602	0.0514575769521479	sanrentan_1-23-2345
2023-02-18	202305010703	-0.867263483185109	2.5442707872111083	1.4559518561222646	0.6246491979367816	0.6792527289534599	0.49711548419272034	0.31882368230385977	0.07605711617299679	0.10362358225219966	0.4118416224778049	16.77991425394916	0.05959506019315025	umatan_nagashi4
2023-02-18	202305010704	0.21595980548441523	2.0884215536606217	1.4189558225859482	0.6599389732085461	0.6514722545788615	0.4667430507807865	0.30548777749701916	0.014482452894674647	0.14403039032079135	0.4999089101979616	13.750326469282488	0.0727255459885951	sanrentan_1-234-234
2023-02-18	202305010705	-2.080716154664073	2.0636419418196996	1.7482217249222374	0.42022978803815797	0.5585453398080902	0.1952905887088115	0.2442885499992509	0.07924168314974239	0.0872312158837872	0.34500994863707063	18.559212682467606	0.05388159600890146	sanrentan_box4
2023-02-18	202305010706	1.0608199475960562	1.9879109734114586	1.6964938026616854	0.4493739947235696	0.5580799645772166	0.2776016352490617	0.30701195893189887	0.09916779116334995	0.09833862274254507	0.3862957569946397	17.59791240406619	0.05682492201568972	tansho_p1
2023-02-18	202305010707	-0.2462199008732096	1.869768743764006	1.190290894521382	0.8337654368103393	0.48247233405633333	0.01094069556054289	0.3153203301927365	0.17191930848007303	0.1592199258228028	0.5251989136442226	12.175395766138763	0.08213285376571659	sanrenpuku_box4
2023-02-18	202305010708	0.04823979244189173	2.085247774365703	1.0814602029322795	0.6662436133572401	0.8455509186833777	0.7486635321432031	0.29938025684898123	0.032087088855296486	0.13803734706340187	0.48824782325813937	14.160624516903477	0.07061835435339057	sanrentan_1-23-2345
2023-02-18	202305010709	1.517117159824637	1.6593402523384193	1.2020793597602877	0.7036505419355488	0.764416147709909	0.6531180021302693	0.31692627922367167	0.06249281501909065	0.11732546519879555	0.4482431744436449	15.524467921633814	0.0644144459602683	sanrentan_box4
2023-02-18	202305010710	1.844194931201793	2.981526907949122	1.3390141269631992	0.7601553203720025	0.4948457957413693	0.08990199206304256	0.3415004888902372	0.1656436336647396	0.1823511069579293	0.5362253933850863	11.371357314542058	0.08794024955324971	sanrentan_1-23-2345
2023-02-18	202305010711	-4.174601966101661	1.3272542672315928	1.8604008330341875	0.3255192003139449	0.47546106769975666	0.17583583121957674	0.3044782402539296	0.0866711396038724	0.07118437215819985	0.31874270281989103	19.24841203667687	0.05195233757956505	umatan_nagashi5
2023-02-18	202305010712	1.0039997261044846	0.8782654272175072	1.9765018091895195	0.1795838005013688	0.6679527111354068	0.4731193195683226	0.35168280243558714	0.14276535243471605	0.06570721705883699	0.29852753374360974	19.648120264351626	0.05089545394397551	tansho_p1
2023-02-18	202309010301	-2.9837601798957465	2.131530057648953	1.399188291341217	0.6859982482685749	0.5599757344069075	0.23378816199075086	0.24633477758561448	0.010129441376110687	0.13893191504286648	0.48563245810899236	14.328592644102189	0.06979052478064629	tansho_minodds_top3
2023-02-18	202309010302	0.6117435191077948	2.187880293940127	0.8091765179284237	0.9531764372412584	0.7104342666250594	0.45027681751131526	0.4404209295744631	0.2471079379252741	0.3128874594511906	0.7019246425319975	6.681680140733135	0.14966295586401368	sanrenpuku_box4
2023-02-18	202309010303	-0.025363178445546256	2.463872983810538	1.1082951139712494	0.9275886182245151	0.4873177134670692	0.06559849265356699	0.319786688645879	0.06506623493701302	0.16962405741789857	0.6468696186703692	9.97099186323678	0.10029092528768552	umaren_nagashi4
2023-02-18	202309010304	-0.6065750361454194	2.4428732144268075	1.1019375402631955	0.8601684055893679	0.5798528082297939	0.19283031799854833	0.293445935666569	0.10932714306852415	0.1700836706901148	0.5435882814048945	12.087597757700314	0.08272942399683655	umatan_nagashi5
2023-02-18	202309010305	-1.713067747500247	2.576603291687357	1.1604964419804944	0.8132465534684027	0.6499199249036591	0.36312556369528853	0.28855876288027793	0.06988206725101981	0.18391513353710484	0.5305152097430084	12.009600187492888	0.08326671865741428	umaren_nagashi4
2023-02-18	202309010306	0.6139475118227284	2.364828434329537	1.6753764630585593	0.49193030572718044	0.5048127348058156	0.1477805550987285	0.25908477374412464	0.0884737055935986	0.08488071963343169	0.3747804317481169	17.8509458158195	0.05601944066816899	tansho_p1
2023-02-18	202309010307	-0.5728591268744404	1.979800820135562	1.6875016855322322	0.4485459037253374	0.4539135371944363	0.13789376658749264	0.29310553820643725	0.09228341074627949	0.08127626763441656	0.3625981113771686	18.318936628169727	0.05458832138008829	sanrentan_box5
2023-02-18	202309010308	0.9671105184374008	1.8242233330303435	0.7720023372626574	0.6949640726383888	0.953778143538076	0.907556287076152	0.3236663915554983	0.09344431283811022	0.13640933409485645	0.4953318277823405	14.004094422073205	0.07140768762768433	tansho_p1
2023-02-18	202309010309	1.60095140009796	1.2412049460111678	1.9621337351381896	0.21968351981529677	0.36227939223443223	0.0038534157630361054	0.25709556060708727	0.002444480678766847	0.07477981263857726	0.3537810279425484	18.578599886172906	0.053825369302680795	tansho_p1
2023-02-18	202309010310	-2.2156031836097516	1.4520094273594832	1.9566438523498522	0.23085166650445307	0.41060979746381754	0.14827559565033405	0.24208466484503333	0.01976813079015463	0.06939367204653604	0.32590202601408236	19.195413501474018	0.05209577797963091	wide_nagashi4
2023-02-18	202309010311	0.2502858262050654	1.1819528553282759	2.0043909982433594	0.1744125294939421	0.3044032780572034	0.0015481335940965013	0.29209451717196955	0.04052087999054066	0.05550440718050746	0.2761730303241776	19.902988454466495	0.05024371100288644	sanrenpuku_box4
2023-02-18	202309010312	-2.6933317923130855	2.0126105107569527	1.5793144582896201	0.5399392690169431	0.5882788777739314	0.25805501449104323	0.2504068248712441	0.037868759553669584	0.12152094214430485	0.4064395761509216	16.631705607716672	0.06012612437873037	umaren_nagashi4
2023-02-18	202310020301	2.2175732181952057	2.759696108866526	0.2828775640746227	0.9768216413907334	0.9441088303710587	0.8930666835576951	0.4314036389274402	0.259842095923307	0.401328608690746	0.786455268512009	4.769180540291387	0.2096796276743388	sanrentan_1-234-234
2023-02-18	202310020302	-3.6433048945157966	1.0443148325242788	1.904304923546844	0.27979836107393213	0.4781065007624166	0.09418974983309003	0.2486287620315595	0.07187235417364968	0.07932405465176005	0.3342038491597898	18.924072653382076	0.05284274787548344	umaren_nagashi4
2023-02-18	202310020303	-0.17758294354593274	1.424851515334305	1.5534633742776809	0.6155479944600926	0.4955384842090108	0.16180501411124254	0.270294032318482	0.04184889789515936	0.13333372520862208	0.49184641663931344	14.062864843452823	0.07110926622220684	sanrenpuku_box4
2023-02-18	202310020304	0.8810048025107512	0.8628254558316417	1.901296971436356	0.27892828470563347	0.46624705472009775	0.21076970477995222	0.26153301716303334	0.051010064333904315	0.06440312203597398	0.29831765326092113	19.64543547148169	0.05090240944018017	sanrenpuku_box4
2023-02-18	202310020305	-0.08765360217012977	0.44901849611088934	2.024364691704479	0.1542384707108897	0.49569628649579767	0.23693517962507782	0.26074288289961134	0.06135562122776422	0.06653296523905534	0.31326623123598857	19.45867035710691	0.05139097284901427	tansho_minodds_top5
2023-02-18	202310020306	-0.68545418300206	1.5738684999385093	1.753890650109164	0.3746828693029296	0.5725517035764323	0.38682351589109376	0.28255441755822075	0.003414765861651292	0.09353275750795395	0.3745438274866252	17.895468376372353	0.055880068572014274	tansho_p1
2023-02-18	202310020307	-3.2113852378389542	2.1256475264485473	1.5810709274919934	0.5901933814451272	0.5208335411943865	0.27631047178729873	0.29658427056362274	0.00301980331758972	0.13825591958647176	0.5477604255863959	12.722150267479245	0.0786030646530116	sanrentan_1-234-234
2023-02-18	202310020308	-3.068902300509069	1.0669813171137366	1.9500059394116231	0.24007511593354844	0.4015803914211935	0.004612504736356771	0.24892663271100254	0.003559773124848592	0.07807222187418347	0.35397539228939207	18.520286758328126	0.053994844305006465	wide_nagashi4
2023-02-18	202310020309	1.1907547310926123	2.0972076327562283	1.4241564502273145	0.7100488060854115	0.5297233499002226	0.23217822874138994	0.26682715800906553	0.007036900183505057	0.13570484635016578	0.5130104531881137	13.646683033270392	0.07327787987469309	sanrentan_1-234-234
2023-02-18	202310020310	-5.339497547360257	1.0341731143675716	1.880601919522981	0.31758121975501297	0.38094158329098116	0.07664019637346825	0.24162331278286506	0.008713973326698876	0.08137728848611538	0.36926490053526956	18.11834801380428	0.055192669841538804	sanrentan_1-234-234
2023-02-18	202310020311	-1.0810969537595811	1.063135452798734	1.9364271814360154	0.2552515721190136	0.4227280451419397	0.11895440595732215	0.2637900880146789	0.030846496281780544	0.07073927945887694	0.32015068612346476	19.20843753482208	0.05206045510922721	tansho_p1
2023-02-18	202310020312	-3.1902319226293208	1.2665791368663448	1.8819334677642217	0.2768600679530657	0.5697611849457093	0.37221394488043597	0.27502563590639856	0.0021938057683030254	0.08452465944319833	0.35800661784306076	18.42061936842447	0.054286991115735254	tansho_minodds_top3
2023-02-19	202305010801	1.0352074143599121	2.432901096150685	1.84201275510658	0.34937786675653937	0.43075548445948336	0.025244962759662426	0.233298815890987	0.017454976003566852	0.0771534172314036	0.34420059681483245	18.76049904883173	0.05330348608515683	umatan_nagashi5
2023-02-19	202305010802	-2.886641237543806	2.0840774093729966	1.5524275266860261	0.6105904075116213	0.4653806761842318	0.11688278716238115	0.267258621956946	0.08188490886301122	0.09511287629263268	0.4156080923190424	16.741600681486947	0.05973144498099345	sanrentan_box4
2023-02-19	202305010803	1.8990660652546627	2.5314052739172896	1.4863719313328632	0.6889372149963771	0.4974429309830928	0.17315302074105066	0.27886096720547476	0.016175434489992924	0.1338764859789955	0.46575969707250797	14.451121360095534	0.06919878223162255	umatan_nagashi5
2023-02-19	202305010804	-0.10377854427663717	1.9333475142976972	1.9105476256571259	0.2758748830413407	0.4486648362245399	0.14563540994626	0.2373137301768065	0.029475272009145875	0.08811261625606069	0.39782552825740036	17.4423570636999	0.05733170100508643	tansho_minodds_top5
2023-02-19	202305010805	0.328235762404738	2.9359547265946304	1.1964154525902408	0.9084112628715832	0.4261760357475639	0.0273636794427477	0.4817226964258996	0.260234855930204	0.2449926236503352	0.7976797961209245	6.326146623114023	0.15807411044604489	wide_nagashi5
2023-02-19	202305010806	0.9241318728375927	1.8050873938252445	1.7069142116330513	0.37240200321347483	0.7464155215103097	0.6180363199996072	0.2404520446744406	0.0013375348573307355	0.08273708140944637	0.33672489406295836	18.59416962730988	0.05378029888096032	umatan_nagashi4
2023-02-19	202305010807	0.33764627513881873	1.7021027574719032	1.763410071544486	0.4071737557031075	0.5046306176476865	0.21244143056679993	0.24949961724488523	0.009704859426086676	0.11839469649509048	0.5081225107688839	14.029714918359726	0.0712772858050999	umatan_nagashi4
2023-02-19	202305010808	0.9126405534034415	1.196050692727997	1.7896035706649434	0.404561871339323	0.3271255312623398	0.017156824629334044	0.28662696269835325	0.0021406922963861374	0.06345087902746005	0.3048650761562551	19.42675270912641	0.05147540687694111	wide_box4
2023-02-19	202305010809	0.2568602331899294	1.8263661804708593	1.8049350410313734	0.30742558626025773	0.6776530612011532	0.49570735459145826	0.24415827519860556	0.002248519057529097	0.0893464200422196	0.3603762904229392	18.305524419726634	0.05462831749973616	tansho_p1
2023-02-19	202305010810	-1.1307075495547128	1.3956250467126106	1.9026801409084881	0.26061949971343207	0.6291188241750855	0.30097423124834055	0.3261320289850737	0.2013599867056091	0.06793021694559578	0.3013416571339212	19.562108616274845	0.05111923359673212	tansho_minodds_top3
2023-02-19	202305010811	1.2371996828878822	2.3758261645034606	1.5296534584941168	0.6751082382315873	0.4483269472311076	0.128668109766294	0.2713123185756438	0.02962966226629679	0.11738853569124479	0.46659468371774315	14.889121635791009	0.06716312919334098	sanrenpuku_box4
2023-02-19	202305010812	1.5924687784273739	2.575214559185462	1.2792132130474794	0.6667148369838694	0.763934822085294	0.6448529832332662	0.2949687152002471	0.03363902608181435	0.10555347310722994	0.44369228990994386	15.991557196567456	0.06253299711266688	umaren_nagashi4
2023-02-19	202309010401	-0.9327116773815852	2.2759427146455313	0.5969806379529843	0.8596158992111395	0.9294047186650313	0.8900026183815445	0.3654839450439215	0.018185132346220156	0.2663751407734386	0.6258022421501409	7.4493376580588	0.13424012253199258	sanrentan_1-234-234
2023-02-19	202309010402	-2.14521173618893	2.1373245958683804	1.3185104985823823	0.6269268047433131	0.7739075837347381	0.6428569069356791	0.31903506141642235	0.07945172098921499	0.11139777848848476	0.45361643835688104	15.759806886449997	0.06345255415913645	sanrentan_1-234-234
2023-02-19	202309010403	-2.131487975754934	2.457736933134991	1.8513363548191095	0.2525290781514188	0.8706943126837109	0.7845667114603385	0.25621781071764105	0.005626790063294029	0.05944143942006161	0.2865161107178978	19.741934908838306	0.050653596246653006	tansho_p1
2023-02-19	202309010404	-3.7027124617537743	1.819787367657363	1.9051204421976686	0.2855438795674834	0.4627396483499398	0.023693532626389846	0.23135987358702034	0.01574496584204968	0.07661662871028423	0.3218186058294574	19.098277294385944	0.052360743567900554	tansho_minodds_top5
2023-02-19	202309010405	-1.8848589078592983	1.4728807142007387	1.8387417468943734	0.3240901305092857	0.6022152010940143	0.40015494461216833	0.2716183286890646	0.03699284265972824	0.08459308196141375	0.3581412793411416	18.444106930352433	0.0542178596001499	umatan_nagashi4
2023-02-19	202309010406	-0.1496245679355465	1.2154566666096924	1.7655021811334364	0.29945795475918724	0.8296906857485553	0.7044334324600838	0.2733778089402138	0.01731720447081797	0.07248019483236458	0.3148367462967749	19.329409159175977	0.05173463874477943	wide_nagashi4
2023-02-19	202309010407	0.4890837849535291	2.215242323275697	0.9211580535712875	0.7299113382476963	0.8745634810294264	0.7962425468902077	0.3450072930437259	0.08866869928791521	0.17855256969064545	0.5357487994751382	12.001411555837365	0.08332353201516618	umatan_nagashi4
2023-02-19	202309010408	-0.35980210042645766	2.4333713715896192	1.5151906783047904	0.6278870135152965	0.47609501102512114	0.04740239267845969	0.22278675134179166	0.02071797641164272	0.11371002564784437	0.43108033597592715	15.823814953473361	0.06319588562810499	umaren_box5
2023-02-19	202309010409	-0.8097189786851712	2.454558911890935	1.4159113734619606	0.722898016453749	0.4562441365501579	0.04148076652815097	0.24915416415542013	0.04521060011469463	0.12913837908730075	0.5114107486331254	13.673200927030747	0.0731357642834814	sanrenpuku_box4
2023-02-19	202309010410	-0.5294934076391781	0.8624336438323809	1.9506312021861936	0.2377107636316329	0.5409756020980283	0.18697022301485133	0.2790397778999768	0.13304094937556873	0.07521799785373504	0.32108858190198625	19.237085120774253	0.05198292744050363	wide_nagashi5
2023-02-19	202309010411	1.3932039820309816	1.5900709734093568	1.8105083639306545	0.36709483404803006	0.4661584063664693	0.15217588645249236	0.24711680096659372	0.03557253762141743	0.10983713341515777	0.4847308339516426	14.785054620046163	0.06763586782047869	umatan_nagashi5
2023-02-19	202309010412	-2.2148962920898274	1.411788561656262	1.578123996014876	0.5153260821040394	0.591889423095633	0.2865639249789929	0.3094362111749704	0.14943825158953394	0.0944174726018147	0.3988416976131124	16.917225684307322	0.05911134713581408	sanrenpuku_box4
2023-02-19	202310020401	-2.0904929977417397	2.4522290643078195	1.4738590948263863	0.6562298094272467	0.5407589878845781	0.31624020467307246	0.27799400813212427	0.0014493226087615163	0.12290565027113738	0.4761389470808592	14.638813115214925	0.06831154903949453	sanrenpuku_box5
2023-02-19	202310020402	-3.38135059593013	1.34732839512932	1.926228145203364	0.2614225329022602	0.5191250643914561	0.24005574967537413	0.2634531295342296	0.060637105068546665	0.08361504067580491	0.366849172013339	18.179715426815438	0.05500636156960853	wide_nagashi4
2023-02-19	202310020403	2.2327687217898244	1.4747973462419546	1.8051822726140812	0.38017830439345446	0.4500234648114144	0.0973028241479808	0.23196862457359438	0.003107481654094385	0.10528575478478389	0.4363419524235815	16.163885140131935	0.061866314399697454	tansho_p1
2023-02-19	202310020404	-0.4065923940986579	0.4730038871939322	2.017605974278332	0.16461073660557485	0.4095385553184769	0.05729263959977959	0.2973647039479139	0.05505765187852807	0.06778228019998472	0.3152939677884772	19.384983200230867	0.05158632275668366	wide_box5
2023-02-19	202310020405	-4.9210868717525	1.2540675967344233	1.9215002333718707	0.24033305708831454	0.5363044228114311	0.33505346945083175	0.27181367691184255	0.053335930654460045	0.07167622594836301	0.3291357084179149	19.155339256899595	0.05220476581430466	umatan_nagashi4
2023-02-19	202310020406	-3.9069308394522477	1.5433293731796542	1.5138750580013975	0.430109773399753	0.8606741742146498	0.7688702536033124	0.3225999011024759	0.08691700773646413	0.10647569476713087	0.38719720216401926	17.29552235096825	0.0578184329855766	umatan_nagashi4
2023-02-19	202310020407	-0.26205865175422205	2.7214021801151076	1.0838023574153897	0.9047326209070252	0.5282702066302596	0.11496805153963274	0.2966722366754323	0.08453139865619697	0.16400485072238816	0.6245149911953738	10.454669132602707	0.09565104235403463	wide_nagashi4
2023-02-19	202310020408	-2.9919513805148688	1.1943283661112576	1.9893336203327028	0.1701713465778773	0.7106077609571398	0.6094321184991158	0.30620769585044005	0.05210637824725678	0.06011893278095347	0.2911447518139557	19.75502003776145	0.05062004483359236	tansho_minodds_top5
2023-02-19	202310020409	-3.1964961960350053	1.0843229247815194	1.7484904996818735	0.2781976592573536	0.8764682745004487	0.7529365490008975	0.2355084736368569	0.03712952565836136	0.06778419020542065	0.3215500413753864	19.267013152244637	0.05190218079461364	umatan_nagashi5
2023-02-19	202310020410	1.629582129690297	1.0224030221547085	1.9555838198721225	0.22036157765112968	0.30623120792376646	0.003465209496097077	0.2891129912857325	0.03704833920167211	0.05793902409165929	0.28844227760754904	19.79145724998561	0.050526850416773995	umatan_nagashi4
2023-02-19	202310020411	-3.405491991099097	1.660441191286968	1.9530938871952301	0.23142719533644043	0.4781963336480026	0.09147756930454332	0.25002071328982645	0.07277079634420569	0.06884859259096351	0.31093283221487894	19.444765852596607	0.051427721350857124	umatan_nagashi4
2023-02-19	202310020412	-2.2586565649665116	1.3365211430837824	1.7172441366407525	0.43033999939372514	0.5742619325504276	0.24753177416880834	0.27928045937789137	0.08521145430280325	0.10841362599887791	0.38859306605108385	17.27211650260901	0.05789678409411764	wide_box4
2023-02-25	202306020101	-2.5909266391379804	2.0282277062341216	0.9145169790523276	0.7773811567315205	0.8625983157633882	0.7798596235883918	0.35349611820416954	0.0006681047271082652	0.2412635191632269	0.6246039731139948	8.274284009701859	0.12085637848875727	tansho_p1
2023-02-25	202306020102	-0.7682557812778461	1.7762964259503253	1.215303455153172	0.7949057385118002	0.6095242024662169	0.3026673809171604	0.33535410903493046	0.11354574021921612	0.20756062361610217	0.5781590089622926	10.734522084444372	0.09315738438408186	sanrentan_1-23-2345
2023-02-25	202306020103	-5.158280908227771	1.4696324839391823	1.8486137565147782	0.3411418750475136	0.4134043949156194	0.011760397285194402	0.23863575709915996	0.008621244615149515	0.09469507213756373	0.3987930036643437	17.271176968479676	0.057899933619175156	wide_box5
2023-02-25	202306020104	-0.5191708863162541	2.1123048283746937	1.154339026953978	0.4585112776577394	1.0	1.0	0.22485593695912506	0.00876682534369816	0.06856475735679676	0.31237796974378007	19.304675597229856	0.05180092226690906	sanrenpuku_box5
2023-02-25	202306020105	-3.6308487891824273	1.4012850869694686	2.0096536897061825	0.1618644161376688	0.5246389275346598	0.3299159908759761	0.2611831996049588	0.0038809829814590024	0.06070447583655398	0.2833827222975712	19.813929173613115	0.05046954550194588	wide_box4
2023-02-25	202306020106	-0.6255431610326798	1.3039449922943394	1.3342749122271975	0.5795427413395897	0.7683867427257394	0.5866527460162726	0.31709295097409473	0.06725880989372165	0.15058735483770722	0.4714973156784856	14.215244820803381	0.07034701214125727	tansho_p1
2023-02-25	202306020107	-0.6480369560286734	1.9857332598656898	0.9295534901934324	0.8419290998415252	0.7715753139207151	0.5778028183474353	0.24987824610688636	0.007680910181022432	0.18598360224631968	0.5481922035256726	11.434980576113574	0.08745095746720294	sanrentan_1-234-234
2023-02-25	202306020108	-2.3601311738467947	2.3173606914725684	1.6653473684432258	0.5545530735596131	0.37910327179431047	0.0502860419094846	0.26974353050433786	0.011578531004661441	0.09204214905965473	0.3932101916170618	17.02242466167687	0.05874603764593725	sanrenpuku_box4
2023-02-25	202306020109	-1.50512488239528	1.843833945674929	1.6851575413413176	0.47760924930076826	0.46096477570917943	0.2723546694165223	0.24209621978085935	0.0028352035330762027	0.07203298138506899	0.3405749614578596	18.597840346911394	0.05376968407872548	umaren_nagashi4
2023-02-25	202306020110	-1.771665980880406	1.1252919067334806	1.820690908829811	0.3658947042261253	0.4363825122344781	0.01910735586432699	0.21372302016798234	0.012238065427487732	0.07020640114054351	0.3368354885848367	18.994219581872574	0.05264759605887495	tansho_minodds_top3
2023-02-25	202306020111	-1.239257474480359	1.384505727225482	1.7492040532656417	0.4105765012756525	0.5354206891967626	0.19902666767104765	0.28282303865645414	0.10984609186876021	0.09504820901132843	0.38219843106037715	17.83077532431993	0.05608281085994449	tansho_p1
2023-02-25	202306020112	-1.8736135423397269	1.2738118057062056	1.7744450698253682	0.4120593213081327	0.4708532180393764	0.17421166074429745	0.25959653022625434	0.00512972846142562	0.10804372285255456	0.4833304370144079	14.818597611921255	0.06748276903041896	wide_nagashi5
2023-02-25	202309010501	1.0274909039478133	2.0982168953765323	0.3097880530305256	0.8004338068334774	1.0	1.0	0.26971472368154653	0.03771283438953413	0.10942613391348868	0.4455301891853485	15.644566924964767	0.06391995411546057	sanrentan_1-234-234
2023-02-25	202309010502	-0.6893036220913449	2.2918046721217937	1.3844953597913228	0.7252265991403553	0.561955847343804	0.293515577567006	0.32343185730574703	0.04330529677627154	0.17904532935934778	0.570268684001584	11.444982929072404	0.08737452962553682	umatan_nagashi4
2023-02-25	202309010503	-1.75946338953088	2.6218701234282773	1.401207602236432	0.6932033131866802	0.5508004016836986	0.24096789066840774	0.29783466541059445	0.10517713397136064	0.11550395433764597	0.4556256451923809	15.071683528020063	0.06634958849427008	sanrenpuku_box4
2023-02-25	202309010504	-1.2072089359009541	1.067506990857073	1.773657605972662	0.40632306192226486	0.4824538533724381	0.07740840477126465	0.2516111129585308	0.09237131573251287	0.08086408062614867	0.352591629866613	18.570377429056578	0.053849201709563886	wide_nagashi5
2023-02-25	202309010505	1.5825654130559201	2.5804383840756078	1.6816957617783856	0.5015028037917038	0.496439675149011	0.22189315435816814	0.276165666166285	0.03509690539192378	0.11255912728141686	0.4551717572816019	15.52169259596758	0.06442596345837905	umaren_box4
2023-02-25	202309010506	0.8800218304229139	1.7061617313743775	1.6926878326725945	0.39548922789756147	0.7501946060427116	0.6236820559429168	0.26342095048070663	0.019784584851508302	0.06878126814195876	0.3143226158722753	19.330580060918265	0.05173150504788819	sanrentan_1-234-234
2023-02-25	202309010507	-0.6028162982150682	1.8351764107931088	1.514912969125585	0.6752015737520476	0.4355347367458781	0.12615447402755248	0.26753765487433245	0.001968575948835871	0.111331511464623	0.4530046749401866	15.474536558986792	0.06462229070241544	sanrenpuku_box4
2023-02-25	202309010508	1.1582821669861587	1.7405802485982136	1.6334928942027749	0.38678210831152904	0.7859347121762252	0.6520267568657244	0.35215210696268784	0.13906643765491802	0.0839951555018505	0.3681338356402733	18.31246998453483	0.05460759803808639	sanrentan_1-234-234
2023-02-25	202309010509	1.1985772217523445	0.8159613384788247	1.528847361922723	0.6329881634886038	0.44879278430842773	0.10892670802123916	0.2650468460866	0.012123814754373796	0.12681229109055078	0.49579056573397295	14.096040148231333	0.07094190918046389	tansho_p1
2023-02-25	202309010510	1.7425763492676898	2.0088402142432282	1.7864440360495966	0.3733627746694308	0.549562428169324	0.36387837681728336	0.2758431798126729	0.008402544389277344	0.07452939186900225	0.3369475904797659	18.8374518958746	0.053085736092523206	sanrentan_1-234-234
2023-02-25	202309010511	-2.0326143824276377	1.4117925820296298	1.8550829795808852	0.2876628041735768	0.622114027493344	0.43059873206800925	0.2766216927087243	0.03835605049515073	0.08531486463280812	0.35520901199620897	18.49894332376062	0.05405714167011738	tansho_p1
2023-02-25	202309010512	0.1900320867590192	1.3690854958999152	1.883350314255831	0.306701127343479	0.4379979098960029	0.18749073290810508	0.23605162311350286	0.007571911635249173	0.07551746720866619	0.3365469558148767	18.830060498967892	0.05310657393027557	umatan_nagashi4
2023-02-25	202310020501	1.8325585334401449	1.9784876089409538	1.807550979902779	0.363680502144342	0.5586175057148717	0.3400807476894427	0.2730358010416993	0.034161851770529356	0.09024734953008502	0.37506949926150046	17.98668594730856	0.05559667872833657	umaren_nagashi4
2023-02-25	202310020502	-1.1530862624724387	1.3823776737860005	1.6800581671862524	0.39234124110053314	0.6462047113121484	0.5065519521370683	0.2594864572371872	0.004619381254086785	0.09178039801185603	0.3965185968757975	17.198204658048194	0.0581456041420017	wide_nagashi4
2023-02-25	202310020503	1.9708482046998739	1.7272618157426514	1.8948187439966162	0.2898883708833703	0.4390170435758348	0.14682099848168428	0.2335791878344178	0.007738679463455633	0.07855228916868219	0.3441668964275982	18.74692934443472	0.053342069073134026	sanrentan_1-23-2345
2023-02-25	202310020504	0.8076274480339094	0.9437377798215145	1.9377158835023494	0.23263059190728788	0.56763848967939	0.3607562128404233	0.3066242402485545	0.08602227146950381	0.07273696596801014	0.31938509568335915	19.310697597951595	0.05178476825746969	sanrentan_box4
2023-02-25	202310020505	-4.294338828958669	1.2535871836441717	1.9441404452067226	0.23928401101085894	0.3812201706751403	0.13120140134260727	0.27255703243476	0.048832876525904345	0.06641708652215131	0.30811936543530494	19.441789786004616	0.051435593687977274	sanrentan_box4
2023-02-25	202310020506	-4.562641990119026	1.3874242382247925	1.8203135732427518	0.36070821165812206	0.5006405322902088	0.24677431701869734	0.26254990663433747	0.038370149353624816	0.07514466575749093	0.34434010984207797	18.861268832535114	0.05301870244673203	sanrenpuku_box4
2023-02-25	202310020507	0.06893692027376028	2.361579979400161	1.0660289113842727	0.5840335267102618	0.9107029515165715	0.8515970256733213	0.2919350193629178	0.021855532731097638	0.11406061241011445	0.4434752388001068	15.820117491646922	0.06321065570644488	umatan_nagashi5
2023-02-25	202310020508	0.3417867348334665	0.5246705517393935	2.0345000495435572	0.13944126668413592	0.4910501774593824	0.2344972062540211	0.2549100378735029	0.04320818535157103	0.0625496995896486	0.3056436099810947	19.59217783925249	0.05104077801889499	sanrenpuku_box5
2023-02-25	202310020509	-2.4860440608239442	0.9932261228733948	1.9545240430500228	0.23359947744017215	0.41667467987364465	0.15860453239778644	0.23788626090954604	0.005726996254322603	0.07740052790331049	0.3567034222539225	18.508415401733494	0.05402947677013669	sanrenpuku_box4
2023-02-25	202310020510	-4.418608287920303	1.4733217699047991	1.7813000604196139	0.3592922935429228	0.6063248407554478	0.4290572953461761	0.2765204251953935	0.005845629349332693	0.07781542493911449	0.3371308681141636	18.83768153673936	0.05308508895055306	sanrentan_1-234-234
2023-02-25	202310020511	1.4834760030080871	1.0084157925791433	1.9928098050290168	0.1964256793295243	0.31658317785005013	0.014153986160758525	0.2716891868719164	0.01492175952050967	0.06809515993863906	0.3356334049701868	19.027125471775605	0.05255654625725661	tansho_minodds_top3
2023-02-25	202310020512	-0.9637193752555177	1.304022584377646	2.0063504301492125	0.17502895777779115	0.45313393000898655	0.19631280646189236	0.2584484053802869	0.050549668944358195	0.06002963915092714	0.28890814494304634	19.7222497050894	0.05070415469600034	tansho_p1
2023-02-26	202306020201	-1.740039367509265	1.9283320797471901	1.7914128354643033	0.38794496674217377	0.4978201546489067	0.2630991087837822	0.2751684603032067	0.03817955574849957	0.08109296065111041	0.3500000293563045	18.53121232536367	0.05396301021446396	umatan_nagashi5
2023-02-26	202306020202	-3.1888397648629816	1.8252591963464675	0.9166477717847783	0.8557536211567442	0.7591952104162026	0.5596043195487904	0.22681746858506527	0.035114089850576125	0.1422166836925187	0.55781147266129	11.723114871883286	0.08530156114040983	sanrentan_1-234-234
2023-02-26	202306020203	-1.7996980855247655	1.6994944456674026	1.4194094071211079	0.6993014551302359	0.5039138544307388	0.12116271177844218	0.3085317423141769	0.1053323990968918	0.169060919949908	0.5172882713969826	12.434414460614889	0.0804219614174377	tansho_minodds_top3
2023-02-26	202306020204	-2.4535810235418065	1.9707816748365525	1.6660048543387453	0.4865984052083818	0.5642633994937895	0.3793089314991969	0.2854173722318879	0.04134176231442291	0.08425906400847719	0.37734310840884255	17.720246932498124	0.05643262217559991	umatan_nagashi4
2023-02-26	202306020205	-2.9888463248316	1.2968913255022971	1.8552483296159803	0.32975474265960775	0.4458218015880491	0.16181016253353325	0.235361998906073	0.013928438148411604	0.07299876922693789	0.33638089084828593	18.907882016417595	0.052887996610710086	wide_nagashi4
2023-02-26	202306020206	-5.889835943610041	1.2744000269314342	1.8588118839071832	0.31593245775089795	0.4810618991100135	0.23124974211117155	0.26848803502364205	0.04756587633311332	0.07270231117725043	0.32625543277215807	19.16561928149346	0.05217676430448618	sanrentan_1-234-234
2023-02-26	202306020207	-0.8502959131548118	2.159568612854188	1.3364977105477807	0.661112220091227	0.7055096236882267	0.5097422067424924	0.31704680300717486	0.04440451220415087	0.14076419171471716	0.4721348497546305	14.617874021713487	0.0684094006087748	sanrentan_1-234-234
2023-02-26	202306020208	-1.2450454469902652	1.5775766334130783	1.6398458430124165	0.507539280611894	0.5719633679108835	0.3041932490313447	0.3043139458175778	0.0410586206478884	0.13453841279004544	0.4950138542849629	14.143626126115016	0.07070322639210493	umaren_box5
2023-02-26	202306020209	-2.7683805117067424	1.6053609777375555	1.764173420798767	0.3842501639404199	0.3656838673374375	0.004739390513624264	0.23986661166862466	0.0181116870739515	0.08449129230332351	0.387779992493237	17.6649347962364	0.056609323019581985	sanrentan_1-234-234
2023-02-26	202306020210	-1.5743960574875708	1.3308465770186428	1.5507728952696933	0.4354355780114505	0.7791972719457606	0.6614145967353406	0.33829664316383096	0.1258122330705384	0.0762549620140404	0.35671565726672927	18.539027435826462	0.053940262155689526	wide_nagashi5
2023-02-26	202306020211	-1.3075564040825012	1.334556651248595	1.789571875580435	0.39735927292155865	0.4805366430118446	0.2176329233803092	0.27116194914599084	0.036223039493205794	0.08770742385338867	0.3791535106601741	17.729434165784845	0.056403379298469114	umatan_nagashi4
2023-02-26	202306020212	-2.9075697150299176	1.6094238377197336	1.587825445758024	0.493971911094617	0.6593114150725641	0.46325641677972385	0.319177458136677	0.08675513013686967	0.10015951353604663	0.40391561671316395	17.006818057265267	0.05879994697613659	sanrentan_1-234-234
2023-02-26	202309010601	0.40729393246483464	2.378328833814021	1.6025608942797416	0.5485912648978067	0.5639953648898592	0.3592236536893586	0.31167585875874004	0.048763932378239394	0.11144888401495079	0.42261446042166484	16.3872316571375	0.061023119763150925	tansho_p1
2023-02-26	202309010602	0.9680436052048506	2.9775518004778347	1.5771337906651797	0.622918448341406	0.41034623885960214	0.040168629785266474	0.252105423239695	0.0072928263207988064	0.10183015691361338	0.41862485029345814	16.229323616796822	0.061616862391297225	sanrenpuku_box4
2023-02-26	202309010603	-3.2475897023420717	2.0263971332733273	1.9066958009235817	0.2810718787263333	0.42838337254055026	0.22694476291337976	0.2630410892167496	0.039060555293126714	0.06510354335821618	0.30213542265269033	19.50979029848924	0.0512563171977013	wide_box4
2023-02-26	202309010604	-2.1672687258299805	2.1334596208854015	1.3208668166075854	0.6980691479376654	0.666769795508724	0.5214682260283647	0.30986651843035484	0.003063894809690826	0.1557034599075772	0.5330951755708913	12.19701121861088	0.08198729853377065	sanrenpuku_box4
2023-02-26	202309010605	-0.8693740574303377	1.815113009303099	1.9673675720138097	0.19786770762768166	0.573427885627008	0.3271517846769193	0.3521274892994575	0.1908373434456273	0.06424471850030304	0.29829650456976275	19.62010629202642	0.05096812347068672	tansho_p1
2023-02-26	202309010606	-1.178003176013512	2.074614875758132	1.1554421971030913	0.7323822013045035	0.7671978905619887	0.6710354712278517	0.3025590665037424	0.0002175294344152201	0.1309928639101021	0.46068538659748787	14.275685544009942	0.07004917535603736	sanrentan_1-234-234
2023-02-26	202309010607	-1.8438083096585742	1.5635901619509667	1.8174532649352628	0.364922978586411	0.4242035249848664	0.004315426098497777	0.24696895314281564	0.003266218571549545	0.10723398761110356	0.468557514785644	15.204139899536282	0.06577156002297108	tansho_minodds_top5
2023-02-26	202309010608	-0.681112667556508	2.1865749902259037	1.9349056058533016	0.24780921058152242	0.3973451366469295	0.0020843670721649166	0.25502540209278096	0.0012781412655260005	0.07653297643114396	0.359204603062371	18.44318260062314	0.05422057687409184	tansho_p1
2023-02-26	202309010609	-1.7250763539477643	0.8282025786990375	1.687414907824361	0.4634779324300343	0.5759637747702697	0.22813065775102165	0.24924823268194715	0.07406487535616674	0.09580555357376988	0.36419102439678913	18.08377505576745	0.05529818839905722	sanrentan_box5
2023-02-26	202309010610	-0.8456653190481906	1.598194331728509	1.3589351129494318	0.6554600260223433	0.640968680910257	0.38159470828759656	0.3112872448294389	0.13712548956366213	0.11025544817710892	0.44736516102202506	15.30423742610334	0.06534138043979713	sanrentan_1-234-234
2023-02-26	202309010611	0.7454100757908962	1.3556690297002054	1.902430297366911	0.27535509972862554	0.5773382363670524	0.3659283338058268	0.232010878600864	1.403994820073362e-05	0.08076591543895013	0.36328318164881906	18.448353456239953	0.0542053794866859	tansho_minodds_top5
2023-02-26	202309010612	1.2285895538716505	1.6434378771887825	1.4983671690753118	0.4389652807033931	0.8858606642515174	0.8275294529498228	0.3217253338323405	0.06926820400319417	0.11521476591043274	0.4003919752864065	16.587254896756168	0.060287251038480254	umaren_nagashi4
2023-02-26	202310020601	-3.189255688413146	2.231391217678297	1.7589179483081427	0.3839957603091717	0.656217031127349	0.5269308290515843	0.2526876341854646	0.0008812825282642489	0.05650391793239286	0.280792495124569	19.728472189869372	0.050688162285242894	sanrentan_1-234-234
2023-02-26	202310020602	-1.2641098902347785	1.1499731191709903	1.7763608774168544	0.2917280903131895	0.6719633714780505	0.4574252342235077	0.3897244909745988	0.2392497299987235	0.07117418107167259	0.328151744901873	19.041304959950423	0.05251740897503086	umaren_nagashi4
2023-02-26	202310020603	1.5332333646607184	1.6690144458794216	1.7632469739612173	0.46241339237464607	0.35386063792414246	0.08978249625287149	0.27166274435924337	0.0035125001064242878	0.07575394994240685	0.3401604552539796	18.664388378929832	0.053577967822877964	sanrentan_1-234-234
2023-02-26	202310020604	1.0746778043849137	0.7297031198780314	1.8368479332967287	0.30619276032325193	0.5597753589645812	0.2897598535168579	0.3161146433678128	0.1330161214442676	0.07757838226483967	0.34576543161136597	18.788196328856625	0.053224906877522286	umatan_nagashi4
2023-02-26	202310020605	-2.1694396263426965	1.952289336771982	1.7766138526473574	0.28170638638525575	0.9168267802168254	0.875195800079679	0.25717173571384955	0.0007404507704878438	0.06464455335189964	0.3064168897794363	19.499113283668578	0.051284383317960765	sanrentan_1-234-234
2023-02-26	202310020606	-1.1037586309228147	1.638746291600572	1.6323336477225647	0.48915724028225843	0.5995226285014773	0.41857494753692737	0.2982386608341513	0.017076860302054964	0.127273146889752	0.4775344834530837	14.559719681721237	0.06868264100272711	sanrentan_1-234-234
2023-02-26	202310020607	-4.459669951048972	1.2950371785395298	1.9528960255302046	0.23271534595632656	0.42190526782117244	0.21221602948442642	0.26851736766152656	0.04245904552835131	0.06821237541141961	0.31384033110584647	19.33354554750634	0.051723570182344594	wide_box4
2023-02-26	202310020608	-0.8591921399112605	1.9375287827633945	1.711358531365844	0.4082878377272015	0.6591694274630956	0.4862251363522797	0.24064615710280798	0.0023795370641296887	0.117047604703152	0.44928313583360036	15.507661723381135	0.06448425416014104	sanrentan_1-234-234
2023-02-26	202310020609	-1.6936746202984962	1.435899868209266	1.8727734522757997	0.34655933615399975	0.30320675878866543	0.001193925662649753	0.2963217164435761	0.045824139105091144	0.05337894209618701	0.2657300898407865	19.963715881836265	0.050090875161664536	tansho_p1
2023-02-26	202310020610	-3.1416616637999977	1.6260003250957302	1.8659742813949656	0.30533699461215014	0.524249262658006	0.2690409902001329	0.30651806822662414	0.1263346930601688	0.07411630628963806	0.3246667294621291	19.15237906560832	0.05221283458177199	sanrenpuku_box4
2023-02-26	202310020611	-0.32575753894194276	1.2691175655037716	1.8463035372528935	0.2762070461157102	0.6794474190091114	0.4918461239573053	0.31780273150687743	0.09663902951692269	0.07857626922846993	0.3401394613166513	18.889994592364918	0.05293807762148257	sanrentan_1-234-234
2023-02-26	202310020612	0.06420659819416755	2.1483224014036626	1.5775573163066448	0.5700882173933409	0.5088974262238403	0.1324874569333857	0.25552149296257937	0.0862525938312354	0.0901381180949725	0.39785906553108863	17.05760497623557	0.05862487737247912	umaren_nagashi4
2023-03-04	202306020301	-5.382019961354463	1.382308285211654	1.678498793267875	0.498571470548979	0.478074379010572	0.12090070484318677	0.2467260897156819	0.04599919081288384	0.0944012510151787	0.4112520086007418	16.899640727643856	0.059172855572262796	umatan_nagashi4
2023-03-04	202306020302	-2.9984521857409656	1.0237550014799364	1.716539549245268	0.4389395553002532	0.5151499496567514	0.13645215333773508	0.2263273455266715	0.06371450542145185	0.08829744033673051	0.3670550745827001	18.138265280569456	0.05513206387334328	wide_nagashi5
2023-03-04	202306020303	0.6734105048563888	2.4479967261591384	0.3028095805348048	0.7549865737126931	1.0000000000000002	1.0000000000000002	0.26242848349776443	0.0038705457946913158	0.08737331227026927	0.3752279195459205	17.036408582223743	0.05869781739347502	sanrenpuku_box5
2023-03-04	202306020304	2.45917466067828	1.1678485693027254	1.741569883025671	0.4335195155823797	0.49687572315955897	0.09687428855205032	0.2849259089441721	0.14293263308600207	0.07464909089978732	0.34776359834892057	18.59783811444062	0.05376969053319871	sanrentan_box4
2023-03-04	202306020305	-1.311359004019449	1.9773672635839923	1.667999952862011	0.41804364387257015	0.6557313672160293	0.4242712520585526	0.3399085059910869	0.15797982511125971	0.08951532710382874	0.3794430237863459	17.719448387344343	0.0564351653697202	sanrentan_1-234-234
2023-03-04	202306020306	-3.186072625567461	1.2604668377053918	1.7634311811391101	0.38203845189408947	0.5494536309631691	0.3380742739452147	0.2500032615485423	0.011849706423792378	0.09297351004600629	0.39034135760531546	17.600651670426174	0.056816078104668634	sanrentan_1-234-234
2023-03-04	202306020307	1.210465258732081	1.8711328727042595	1.1206454333069833	0.6212866181843137	0.901894351336989	0.8460981013127622	0.3530013166800487	0.08499275237894816	0.16350648474264812	0.47098941315988285	13.456910032663144	0.07431126444129897	tansho_p1
2023-03-04	202306020308	-1.5835465071706218	1.6934779364092605	1.4720683410174744	0.6172803315404473	0.5623706803025689	0.21304504647670547	0.2212978487316436	0.027731463712969612	0.11254060719213554	0.444002078284523	15.804173876908672	0.06327442407230728	sanrentan_1-234-234
2023-03-04	202306020309	-2.537324785739479	1.740016856015905	1.6121784683036628	0.5480811015561965	0.5626174082997415	0.32122364616369475	0.31014988519273434	0.06479697216341865	0.09982044405139755	0.38925215936652163	17.4469687674254	0.05731654669245832	sanrentan_box4
2023-03-04	202306020310	-0.7834767593839118	1.5483342066072403	1.8357205322620826	0.3500473727065401	0.41521691391709187	0.010266959063648107	0.27064716812007417	0.008206682689710976	0.0858209453921837	0.3674273426200469	18.083200396735226	0.05529994569880129	sanrenpuku_box4
2023-03-04	202306020311	0.24311013088203168	1.1957386349879602	2.031977385754578	0.14009500530338262	0.40622989185860076	0.10072683132450355	0.3016302923639645	0.012596759817987857	0.056247493198803886	0.27257404145251446	19.90049174738979	0.050250014557110784	tansho_p1
2023-03-04	202306020312	-1.2241569571607422	2.007895454641992	1.5852883134144822	0.5553996286438224	0.5119320610209972	0.13543511814535603	0.21888135802975842	0.005694304283942547	0.1174798648260789	0.4331777021958688	16.298970571079746	0.06135356804523353	umatan_nagashi4
2023-03-04	202309010701	-0.3405924412463254	1.7281393878328677	1.4093037600379845	0.6194099966174251	0.6462725156707202	0.3926733694383616	0.2925020679910539	0.06028172078794242	0.14663675094848802	0.48098560642473037	14.392656885911506	0.06947987490613125	tansho_minodds_top5
2023-03-04	202309010702	0.2634216907521871	2.749935361008156	0.9232718655745892	0.8292869122210448	0.8182597650157306	0.6817115040055135	0.2975580990413426	0.042535987112751195	0.16610888281867373	0.5575215359400101	11.854339551053629	0.08435729343615088	sanrentan_1-234-234
2023-03-04	202309010703	-2.5868808839251556	1.3771641083792527	1.769576567469974	0.43326249849116627	0.44736440779532416	0.22185081595454362	0.24650080722063897	0.010107119052836039	0.0809832352026495	0.3635049571027665	18.05527427843391	0.05538547820314468	sanrenpuku_box4
2023-03-04	202309010704	-0.011482169945214926	2.6394873660442877	0.9688807659805649	0.796729854790553	0.8459660352057219	0.7491708347081474	0.3296753293422091	0.009561860187857985	0.18053976898050067	0.527896951140946	11.731073536381738	0.08524369034928359	sanrentan_1-234-234
2023-03-04	202309010705	0.49339998260494133	0.8123550430712285	1.8400983044782793	0.27245692311435055	0.725089891216855	0.5378353368668121	0.3868491771519584	0.21794761643359198	0.07473742282573641	0.32667609317909996	19.140773790556054	0.05224449183414905	wide_nagashi4
2023-03-04	202309010706	0.7147757673882624	1.7868567003904539	1.0534929507731334	0.777987414573742	0.7531093724417288	0.5597274510918124	0.2744986860188276	0.07137228975087237	0.14615468385425828	0.5091365029934748	13.213424147444883	0.0756806100251745	umatan_nagashi5
2023-03-04	202309010707	-3.137001749172065	1.9905419524803247	1.5123799084833598	0.6840137426157498	0.3877904134525307	0.009552660398747415	0.29368637297651706	0.06896796465820199	0.12857422852492617	0.5065336308470496	13.489400273925297	0.07413228013798191	wide_nagashi4
2023-03-04	202309010708	-0.46878986821587443	1.8211722162057273	1.6561634756753487	0.5270577048670554	0.39668058448233223	0.0038084916658177037	0.25413024468771467	0.0027044110841493163	0.1187005106105835	0.5112031432282239	13.73731552896252	0.0727944260937801	umatan_nagashi5
2023-03-04	202309010709	-1.6875820120782095	1.0161704384720707	1.667378627674516	0.4341999149670794	0.6394371913683917	0.4399265911796013	0.31492129942377584	0.0918011037516058	0.10913979690989735	0.4116539618904477	16.82597831257537	0.059431908292228205	sanrentan_1-234-234
2023-03-04	202309010710	-0.7265720329522197	1.3530355026417251	1.9040792795225512	0.2581733306311831	0.5714473522491907	0.28550272332621907	0.3090273799363544	0.12525338025539978	0.07936409350325714	0.33588035376197056	18.96637158113952	0.05272489762851725	sanrentan_1-23-2345
2023-03-04	202309010711	0.6801608619145798	1.087243882577264	2.0216817446944333	0.15798506694111483	0.46197082931207245	0.21470734465843644	0.2581169444783017	0.04740025621147115	0.0593730851073125	0.2824210474335103	19.83591288478843	0.050413611201472364	wide_box4
2023-03-04	202309010712	-0.1258457767890708	1.812345192171999	1.9987396076383617	0.1928674773501512	0.33088813653220395	0.0855546575124208	0.28603695988053934	0.006217664469117645	0.06096289803758772	0.2903313455924989	19.65274726076974	0.05088347123845488	wide_nagashi4
2023-03-05	202306020401	-4.108273393637034	1.4353357830282518	1.982371858459804	0.1771262617905488	0.6671517370049985	0.47308225478589516	0.30919982616936664	0.09836237224208838	0.0647630231149619	0.2944527297846273	19.697632141081293	0.050767523367156626	tansho_minodds_top3
2023-03-05	202306020402	-1.848528712492204	1.2825866187201729	1.9067518377193773	0.23526900567069733	0.6709230072790773	0.438190971280247	0.3491654786778127	0.20136007152763225	0.07789852225346439	0.3261809340626335	19.170499572256777	0.05216348151131039	wide_nagashi4
2023-03-05	202306020403	-5.064368808800763	1.8790364890044509	2.0376818405349035	0.13667989138733463	0.40010921934454374	0.04889957656521604	0.25494288539691146	0.0027253928371832603	0.057065409370361954	0.27983943560100283	19.79786792948328	0.050510489491183294	wide_box5
2023-03-05	202306020404	-0.9515879696548148	1.2412145777973684	1.6969455863415095	0.42794411535370463	0.6206786114749798	0.4370747603227796	0.28626491009862093	0.022188438283163803	0.08498284220434228	0.3636648123583493	18.225951094378015	0.05486682120575098	sanrentan_1-234-234
2023-03-05	202306020405	-3.0605922749668344	1.6337011720354784	1.9169316956349878	0.21579433146429788	0.7316420483993853	0.641092074470802	0.25594522524751595	0.0005051083688641378	0.05942755963832174	0.29023218362764003	19.74277672608826	0.050651436415151886	sanrenpuku_box4
2023-03-05	202306020406	-1.3219958853567424	1.9827515465391394	1.3870098490724083	0.7621259083798437	0.47579069819696473	0.13549523626443954	0.35765719928951545	0.08961599078044313	0.18747216732147753	0.6252271208946307	9.97144075329615	0.10028641043366185	umaren_nagashi4
2023-03-05	202306020407	-1.5572619854614242	1.2438770815744535	1.9505226755066352	0.2403687621124971	0.31172494299225184	0.003489062552443023	0.29137373943116285	0.003445393571344324	0.058420019129398405	0.2829923880377845	19.777275396392493	0.05056308212113012	tansho_minodds_top5
2023-03-05	202306020408	0.0600204302139011	1.1257359711536907	1.7869025066039719	0.3598518350109517	0.5532283339726597	0.31251216081624505	0.2804218260375208	0.071175775074408	0.08765903745652569	0.36996583548247386	18.177051115797244	0.0550144241565632	sanrentan_1-234-234
2023-03-05	202306020409	-0.1204393620627834	1.687989603033651	1.807966688072328	0.3525672578175979	0.5770772444392651	0.3295898943565796	0.3129230820840073	0.08511762866109346	0.08564457067858168	0.3558693874631922	18.436909526119287	0.05423902517845062	sanrenpuku_box5
2023-03-05	202306020410	-0.07678240232689525	1.9042150002130214	2.0150877204095408	0.162354917208653	0.4835499888162284	0.22320535260523283	0.21746603994399663	0.0006121206538935164	0.06806174079133173	0.3317588186725618	19.13857277676835	0.05225050016341163	umaren_nagashi4
2023-03-05	202306020411	-0.9265638969985078	0.8691800002986138	2.0301802031435243	0.14513603760960261	0.46387416696457884	0.21566281388670439	0.26094410700204457	0.04725128320058261	0.0627415759594623	0.2938181187977368	19.7082784918875	0.05074009890877222	tansho_minodds_top3
2023-03-05	202306020412	1.2425186500912624	1.392882309493479	1.7726268294912695	0.39812973350171016	0.5594273442904761	0.15665690038566282	0.24125836263948663	0.0913358913021105	0.07839489113719494	0.3325803008966389	18.88308005810399	0.05295746228491116	tansho_p1
2023-03-05	202309010801	0.10131340380150808	1.7320640476443743	1.0582113831322206	0.6332166581778217	0.84271332708842	0.7060106475051426	0.331928450295261	0.1670794984873874	0.10931561697399013	0.4413305015562988	15.348807112783437	0.0651516429030591	umatan_nagashi4
2023-03-05	202309010802	-1.9143754650625724	1.3730098330797122	1.8255177279883588	0.34008898123718856	0.5649976493221034	0.3181641147980352	0.27797313059200374	0.03925065819314144	0.09190016846424227	0.3775491995648442	17.934362413264413	0.05575888213680745	umaren_nagashi4
2023-03-05	202309010803	0.8989083850095493	2.890755475976534	0.5760527811105298	0.918699316364574	0.8936560977185679	0.8251627247045927	0.3914379721117234	0.05521231684231326	0.30157497420374696	0.7164770609107554	6.3763206677211475	0.1568302555833336	sanrentan_1-234-234
2023-03-05	202309010804	0.5448319893274879	0.4334179983457631	1.97302912959324	0.1871704278706704	0.6627135773605678	0.4678393961304664	0.30802979888445536	0.0939141782323912	0.06670781322465168	0.29917119229806316	19.64466939604022	0.050904394461408965	tansho_minodds_top3
2023-03-05	202309010805	-1.3855778587818417	1.414784770082814	1.5972544418412835	0.48306519104679607	0.625057909905197	0.35958865268367707	0.3361925474292645	0.14583982578273025	0.09783073054901838	0.39859302155102583	17.015460139363967	0.05877008272533144	umatan_nagashi4
2023-03-05	202309010806	-0.7814669000350473	1.3472879363141368	1.7468978262033446	0.4390742621154453	0.4686130425534313	0.10754698046204669	0.27187436249023766	0.06599124186831143	0.09481541485676238	0.3871593348039032	17.541087705238848	0.05700900746886628	sanrentan_box5
2023-03-05	202309010807	0.14307688504389862	1.999943564441356	1.8073796338555466	0.3635830230341774	0.538069447261199	0.23630184057464282	0.3006299269028319	0.07918266766461607	0.10379656468190883	0.418400074218874	16.723327788024513	0.05979671107780921	umaren_nagashi4
2023-03-05	202309010808	-0.933704020195805	1.6468555140185965	0.9702565899080771	0.8546161015598915	0.7832877339213014	0.630919715965524	0.276403561174953	0.027174329182187623	0.1601633444248019	0.5877375965567313	11.036413379929572	0.09060914679206963	sanrentan_1-234-234
2023-03-05	202309010809	-1.6919630698542463	1.2877030307695694	1.9367761447405445	0.2413952757208023	0.38857859974987674	0.041942069927355774	0.25439491181453344	0.029547230287920834	0.07609502820756989	0.374343679564799	18.08254855634052	0.05530193915333671	tansho_minodds_top3
2023-03-05	202309010810	-0.0054944835780587585	1.9147734140058703	1.4243897805914951	0.624880127710287	0.6388747506399777	0.36364394800989713	0.2810953220579481	0.065994528250964	0.13213652374139467	0.444275696402973	15.596525314986696	0.06411684524623573	sanrentan_box4
2023-03-05	202309010811	-0.47683803959308685	2.089156164057538	1.9548235882295644	0.229932436484242	0.49597213272941554	0.23154122391954635	0.2645063480688661	0.04078381678955717	0.07659169694652887	0.3500011323094542	18.728525827852792	0.05339448545986543	umaren_nagashi4
2023-03-05	202309010812	0.2592305118508311	2.1097603009607537	1.3331036085026142	0.4835901128962604	0.9085347918906197	0.8609521145870951	0.3198196088531498	0.04807467717081787	0.1158234940723856	0.38549745215583686	16.821508432933825	0.059447700780636284	wide_box4
2023-03-11	202306020501	-1.473986403354561	2.365796499342183	1.5137230131297352	0.6486405577689842	0.46761753612091483	0.06410225284852522	0.2135830526856915	0.01799316280772581	0.09954366502722192	0.43315239552669715	16.201586143102755	0.06172235182205998	umaren_nagashi4
2023-03-11	202306020502	-0.1968961510367246	1.8487721381426288	1.3274018120842006	0.7051279020717852	0.6335879186252251	0.32347365799536015	0.24255427814812794	0.02044598054752747	0.1484736725133353	0.464440146642166	14.656623893870844	0.06822853661532403	tansho_p1
2023-03-11	202306020503	-2.4742955019079647	2.442924519661395	1.5110479618017347	0.7279136336373339	0.431675179668799	0.1894578685209478	0.2644363303191525	0.0022282675560291176	0.10230965746886192	0.41636456720801185	16.371051107794496	0.06108343278727445	sanrentan_1-23-2345
2023-03-11	202306020504	-0.13230144630049495	2.010341544923789	1.4769541001848665	0.5305621864062787	0.7142225126551213	0.5757470579960556	0.2990520121531566	0.028363740070124377	0.12649869033495376	0.4454753059061556	15.345233501130629	0.06516681547571893	sanrentan_1-234-234
2023-03-11	202306020505	-0.5064689557320068	1.6499925024975024	1.8320656466893808	0.3586105632727795	0.42926688260694185	0.023422402485292038	0.26082404347091925	0.0765360861083223	0.08702085745747254	0.35431423822512376	18.2896923795172	0.054675605212469815	umaren_nagashi4
2023-03-11	202306020506	-2.657077612533862	1.5046263588997064	1.1360042423783072	0.5518357864305592	0.8730286903668615	0.8077341934214095	0.31359586488774716	0.06193611624865486	0.10827917659438314	0.4811392778963627	14.892469302746427	0.06714803164412653	tansho_minodds_top3
2023-03-11	202306020507	-2.465909507199467	1.1462994296172657	1.834686392102675	0.34821146981140133	0.46565558215786473	0.1557817510611479	0.29937453593576135	0.07595110867496502	0.07900229018534743	0.3408759247779485	18.719747954516556	0.05341952265755414	umatan_nagashi4
2023-03-11	202306020508	0.09081877873973788	1.6587216532846456	1.620349698992876	0.5415912490961298	0.4682487270931437	0.08346931888961934	0.23178426149713038	0.016907367148200014	0.1152163267089159	0.4262622625433514	16.115366387296824	0.06205257615416456	sanrenpuku_box4
2023-03-11	202306020509	0.9655668716793573	2.4096373695977347	1.2487176663863466	0.6286352698550679	0.7889563163787736	0.6629703071261599	0.3168199572207162	0.008262893098910984	0.1743479377108652	0.5349895831512662	11.900065886433776	0.08403314818113844	wide_box5
2023-03-11	202306020510	0.5227366375842993	1.3938223801548748	1.7446303189485972	0.4350696711961792	0.507552449115339	0.12947594650757382	0.24202579647649508	0.029412147786377907	0.10878363524851775	0.41592562506838704	16.58786694683221	0.060285026592341355	tansho_minodds_top3
2023-03-11	202306020511	-0.6558375594002624	0.9076963765316871	1.8436206832479498	0.340747697062883	0.4787528017291706	0.21224367242699294	0.2700207732577917	0.041905456168786936	0.0848948351806937	0.3611177612687514	18.270906665565054	0.05473182137614918	sanrentan_1-234-234
2023-03-11	202306020512	0.576208088339075	1.0395472240059977	1.7317871435592598	0.4360736895021564	0.49817224279454425	0.15428457920098154	0.25111865373751624	0.0811787644744626	0.09197604675821389	0.38468707771922245	17.65915656306385	0.056627846093828434	tansho_minodds_top5
2023-03-11	202307020101	-2.6872673113482737	1.272704312556474	1.4657662877813435	0.6209646819574159	0.6047650768913404	0.26565489629453287	0.21808696403792383	0.020823141182491622	0.1136658165703876	0.40950531716617633	16.58907848370328	0.06028062384431881	tansho_minodds_top3
2023-03-11	202307020102	-3.8131484878196678	1.825928624028147	1.8579614714538746	0.31825231572807106	0.47290505349410783	0.1978639419559779	0.2337570399001434	0.05810083294676488	0.0905499262128737	0.41867295422147455	16.897750564727094	0.05917947457973679	umatan_nagashi4
2023-03-11	202307020103	0.15536590988521243	1.6392891568112429	1.8821179656617582	0.28744037180794924	0.3843289080200221	0.13780795790600786	0.269050550221753	0.04721712483483945	0.06287245614551022	0.2967110792972444	19.613755001852102	0.050984627874956695	sanrentan_box4
2023-03-11	202307020104	-0.8825143063959133	1.1863682839870926	1.9070239365891675	0.2879018800487398	0.45104305433154923	0.17292663767494554	0.2318159578975661	0.01157432356593538	0.07716163843984153	0.34797818633826944	18.495069137333875	0.0540684650905908	wide_nagashi4
2023-03-11	202307020105	-1.5123803861679983	1.7428443898631225	0.8143634323379004	0.6781490976416509	0.9231560007222399	0.8696540118839747	0.34284887492657856	0.1104410817096749	0.1363168184889514	0.5491605758298327	12.741788986303902	0.07848191498657653	sanrentan_1-234-234
2023-03-11	202307020106	0.8152090279230584	1.8433293539841766	1.7291283153393686	0.5025095146788197	0.36477536054050413	0.12408403665363701	0.2688911583992665	0.008236421086616097	0.0761013604619586	0.3432313048422225	18.57453767581815	0.05383714079203606	sanrenpuku_box4
2023-03-11	202307020107	-1.7339244809046808	1.4521991571523916	1.6091336808417909	0.56534882000013	0.4392665219189354	0.04160938934020325	0.23848692297994195	0.03349740597015535	0.12375274872715002	0.4582767510222749	15.064955442927424	0.06637922055517742	umaren_nagashi4
2023-03-11	202307020108	-0.6019837499288052	1.731806110353173	1.369681205547366	0.5021699591642615	0.8161118719153313	0.697213826838071	0.3734733546304208	0.1860841147121047	0.1037057185997054	0.420008653296643	16.822070261751094	0.05944571532754405	tansho_p1
2023-03-11	202307020109	1.0458147282176409	1.3731409068660636	1.7754612621108143	0.39875361453946345	0.4566241175289347	0.08402996184442707	0.28777540321243356	0.1029479527127381	0.09909393624953203	0.38655912425744393	17.35062251082297	0.05763481969457984	sanrentan_1-234-234
2023-03-11	202307020110	-0.11983597627138824	1.3839878052128245	1.3278685906880519	0.5965950534482097	0.7950327839634115	0.7013663928472798	0.32767389967428256	0.04964377843476553	0.13397408998365748	0.4608079109151263	14.474407552596803	0.06908745635123377	tansho_p1
2023-03-11	202307020111	1.3545330292056343	1.693154926742793	1.857643165100181	0.32688002243917114	0.5070896355806329	0.2511917781085073	0.2745953615035454	0.004070613873582651	0.09025507759114205	0.38855649448727797	17.665057856943672	0.056608928660085094	umatan_box5
2023-03-11	202307020112	-0.2709748905043552	1.576145806611972	1.7456052844496481	0.4138358672416391	0.5378069818267142	0.2491693327463494	0.3024391793201091	0.10861795757646664	0.08617101206205213	0.3706444480324534	18.16306949619682	0.055056773317383984	sanrenpuku_box5
2023-03-11	202309010901	-1.0475924428895003	1.7971444209963297	1.6377020971532716	0.5340682367747636	0.5375607226747098	0.2523373720043465	0.27723522539707846	0.016270423898968822	0.12947575813990023	0.5113514357707614	13.864660660397892	0.07212581861857856	umaren_box4
2023-03-11	202309010902	-4.522076854153886	1.744693010991474	1.8800218103892723	0.282813944269754	0.5490357677737883	0.29242388177605966	0.263552185771532	0.042013029206610014	0.0749241774527612	0.3336757418561222	19.05562327885976	0.0524779476045476	umatan_nagashi5
2023-03-11	202309010903	-0.696143465482354	2.0329322008883794	1.0453399127459786	0.8874526368623502	0.534464430488065	0.07956630879511445	0.23804896656491248	0.05369156863132635	0.12640123391828542	0.5158007113269933	12.586997095355137	0.0794470668757857	umatan_nagashi4
2023-03-11	202309010904	-2.1708726135789744	1.7805776727749296	1.774896449375972	0.40591645985521635	0.49007454118349203	0.2299653496697534	0.2767664077372936	0.036194714694738034	0.0933956234664122	0.38497878757923765	17.628184594289113	0.05672733880515203	sanrenpuku_box5
2023-03-11	202309010905	-1.9266330140295564	1.805218118814002	1.6769572017890895	0.5341574770980079	0.33026741408572013	0.020545180327096513	0.2671095335264117	0.0011399091633327307	0.09088816319280267	0.4416164062975464	15.979439792974947	0.06258041664512111	sanrenpuku_box5
2023-03-11	202309010906	-1.0312143731657184	1.6274469125127111	1.438529188977281	0.7224347191492879	0.526918600209433	0.3223835978456082	0.29301224027767875	0.008362761990151624	0.1302745928856009	0.48431602097050214	14.1661308125332	0.07059090539494878	sanrenpuku_box4
2023-03-11	202309010907	-1.3241009434117947	1.2359731168876966	1.7709753208882784	0.3764053743509138	0.5756259471320366	0.28897889541741933	0.3323750939553718	0.15685344791381606	0.09832031403615074	0.38053296721737456	17.802644714123655	0.05617142936109117	sanrentan_1-234-234
2023-03-11	202309010908	0.7492492677089239	0.4972251703883227	2.021132336677863	0.1530433587732705	0.41047230730621426	0.2087989168057826	0.28621313132576337	0.03165347484318415	0.05489960572730002	0.2683083088301508	19.936695144624508	0.050158764667153376	umatan_nagashi5
2023-03-11	202309010909	0.7178570044351499	2.3837720119222174	1.461990773558733	0.5665014390308232	0.7445786944791254	0.5440047543484796	0.29466644930053854	0.0115916885744905	0.12277549555458579	0.4213811762754741	16.10259618688315	0.06210178709036868	sanrenpuku_box4
2023-03-11	202309010910	1.0007657483937353	1.0302759308661043	1.9067514147540452	0.2474308978584845	0.6230614804270211	0.47210181422524095	0.2697467805688435	0.004656211963007639	0.0748280703266178	0.3247780697780547	19.19362260862152	0.052100638862765454	tansho_minodds_top3
2023-03-11	202309010911	0.405801878649427	1.8269710027852697	1.4099557315977453	0.6107640395892201	0.6580255875076985	0.4173703454544466	0.33168007897905327	0.12078620724859618	0.11492736345937579	0.46201232758567734	15.0328386412785	0.06652103597081867	sanrentan_1-234-234
2023-03-11	202309010912	-2.42061548203223	1.333346963807917	1.9000807803286617	0.2901322634880905	0.3928776826534519	0.07115169888331802	0.24675603160659337	0.019676203534349818	0.08313954407505728	0.3893072749859033	17.62589860439652	0.05673469605405336	umatan_nagashi4
2023-03-12	202306020601	-3.5815299521681436	1.755930849423866	1.028872387462137	0.8591341139335303	0.6847973650984386	0.3987754041315346	0.23836829476508126	0.05846543498574547	0.158403809683047	0.5404844287874011	12.493566621917722	0.08004119482147551	sanrentan_1-234-234
2023-03-12	202306020602	0.9689657330905442	2.0676667386758076	0.9536933443964445	0.6276228653956853	0.9395461659200691	0.9069465395384768	0.3235412122567188	0.034059450032515814	0.12955231578361245	0.42807601603622103	15.595192328678472	0.06412232558113885	sanrentan_1-234-234
2023-03-12	202306020603	0.9472707692820181	2.828857616867049	1.4048161408316422	0.7268168286096665	0.5138555577867323	0.22186258511808926	0.3512457807458209	0.06528678980716085	0.19159125729536491	0.6537178041194857	9.525181361532566	0.10498487766736904	sanrentan_1-234-234
2023-03-12	202306020604	1.0688103424810496	0.8356543833875529	1.8958469301853058	0.2835324196187132	0.4535627269978128	0.14650656816164132	0.2590901028944862	0.019816616283962862	0.06820380948248218	0.3166223921433733	19.357796275768223	0.051658772814536943	sanrenpuku_box4
2023-03-12	202306020605	-1.0741762796061631	2.0860508735268137	1.6369017461022857	0.5570196014546838	0.4891918119874838	0.20684217312178732	0.2729459484083979	0.007625617232652426	0.1137489881748863	0.4699979734252881	15.16038787649245	0.0659613730299467	sanrenpuku_box4
2023-03-12	202306020606	-1.2446599309529134	1.841926824186271	1.4134649732911821	0.5881355216815304	0.7433669598469936	0.6082705921942815	0.3183134571376945	0.08501497143458833	0.08936897069335374	0.4108506379194977	16.974537656933407	0.058911766565349764	tansho_minodds_top3
2023-03-12	202306020607	1.1700449159985091	2.288878786919468	1.8639106987759573	0.33254657458486087	0.42820722049311694	0.1732458907421121	0.23392398755547875	0.0010442404043744524	0.07996663135108079	0.3595436483053811	18.413689158406754	0.05430742266784985	tansho_p1
2023-03-12	202306020608	-1.5625906374787288	1.635073408821324	1.2615756155684195	0.6331276978697485	0.7694223936033139	0.5821888654049566	0.3079579817616441	0.08218125181592362	0.15571741548331744	0.4766320740818488	13.942910208617816	0.0717210385090138	wide_nagashi4
2023-03-12	202306020609	-0.5076394031572791	1.2291984159468559	1.971927757806097	0.2193610059747513	0.3993335203388468	0.04835600667537859	0.23213936712070768	0.007481760846452884	0.07165872578594996	0.33209230405304174	18.846348869839666	0.05306067540754951	tansho_minodds_top3
2023-03-12	202306020610	0.7389750091749766	1.229047227810947	1.6517438303558032	0.47181668384494385	0.5454772102600507	0.2567257723560337	0.3185946126775224	0.1635885004662863	0.08904685365336988	0.38366932394721526	17.448198831472762	0.05731250598750727	tansho_p1
2023-03-12	202306020611	-0.9932243639469839	1.4797038925599673	1.8197552190741353	0.37293735910111314	0.4539621606541763	0.13699248861145885	0.23597142813490327	0.024676143054783023	0.0928431739156334	0.3889262338240744	17.252964431220107	0.05796105382275348	wide_nagashi4
2023-03-12	202306020612	0.3005802875464412	1.153630533754403	1.6424328455475692	0.3875756381840253	0.745737451237893	0.5736497110010115	0.379621832639135	0.19827584758602165	0.08729957513746896	0.3774317253938701	18.02254656951677	0.055486054434249275	tansho_p1
2023-03-12	202307020201	0.8414894480598661	2.676625014610286	0.7835021406351336	0.8696705971258504	0.8466439221132839	0.7679655158124689	0.3629776137024903	0.006970613351993948	0.24570189044904273	0.6484163325137082	7.284010439978014	0.1372870080624182	sanrentan_1-234-234
2023-03-12	202307020202	0.2488866511553287	2.6357645160741203	1.4394825865324874	0.7225284279035321	0.4250990737858148	0.008668338143918985	0.22044126142684478	0.020489258696372914	0.11108240507023127	0.4664832231604476	15.125362567755944	0.06611411762993287	tansho_minodds_top5
2023-03-12	202307020203	-0.4981497417246712	1.9748016251241893	1.638260182748903	0.5327655167199253	0.4629324798773444	0.06791146544877907	0.22448318199912146	0.03236241197485892	0.10169322757806111	0.404744462862143	16.97073628155662	0.05892496255962539	umaren_nagashi5
2023-03-12	202307020204	-0.15754267807662	1.7977552399505445	1.7888004791954921	0.40573024246054895	0.49676760747204407	0.23475029484306859	0.27209479755054433	0.030108450300032286	0.09286090145176035	0.4058861049912925	17.22039214930689	0.058070686853681754	wide_box4
2023-03-12	202307020205	0.34246264685546535	2.019251032550518	1.3939785080509914	0.6464248573807715	0.6241014187592288	0.4549360390807526	0.29480209725753675	0.002406186556766221	0.1362747121476227	0.4913798162170616	13.682188067082718	0.07308772508440001	umatan_nagashi4
2023-03-12	202307020206	0.25683844558971486	1.2614815843115796	1.923619743040951	0.2577112359657817	0.32420971382815383	0.03584680604851692	0.2885340941849899	0.03898065416961535	0.05719304664714606	0.2779351710283996	19.810867689688216	0.0504773448424226	tansho_minodds_top3
2023-03-12	202307020207	-2.181244053328224	1.1469361372545959	1.8286099898445352	0.3508706184239079	0.4333098918726354	0.12675732160601305	0.29927360967511873	0.07550048540407894	0.07155080105177891	0.3255844110602346	19.123704192692692	0.05229112466517378	sanrenpuku_box4
2023-03-12	202307020208	-1.817054519869224	2.0303118350988973	1.5378554662418806	0.597420863725694	0.5530242017028623	0.19033993170361152	0.23860175397125982	0.01288358592580957	0.12982114817050505	0.42868266764578516	15.617177352825237	0.06403205761245288	tansho_p1
2023-03-12	202307020209	-1.8337607101892925	1.3638413027965737	1.6861509455578274	0.4932824535058932	0.4724757604653572	0.11030574935591275	0.2399308313505709	0.05508906317534787	0.09734906477223673	0.4155489407885563	16.872917383685778	0.05926657360195979	umaren_nagashi4
2023-03-12	202307020210	1.0461937310709981	1.956106212258619	0.7910673211539893	0.7333659719222041	0.9178652704393551	0.8617987600668745	0.3237163979897673	0.05295677057956888	0.16972103834403443	0.544511605009052	12.215553510225575	0.08186284798006944	wide_nagashi5
2023-03-12	202307020211	0.04559696289987308	0.7334480101507691	1.6463158153764734	0.297161272096833	0.9616043716205964	0.923208743241193	0.3260793552324323	0.09988907309081607	0.06948748733528771	0.3140163340637721	19.249835429531107	0.051948496061732734	sanrenpuku_box5
2023-03-12	202307020212	-0.37893261599605765	2.266293233273559	1.9571809795784514	0.2211139146776965	0.5051653411470184	0.2016694091807263	0.2596979221276167	0.07163657222583203	0.06507735879604563	0.30784482588987727	19.504653240031974	0.051269816883879174	umaren_box5
2023-03-12	202309011001	0.18737700439512708	2.492541209943652	1.0147065928021777	0.8015410644059352	0.77747901094465	0.6286068075119873	0.36690107354060614	0.05523259937303576	0.2549832559005995	0.6488690042881459	8.235760548015065	0.1214216943498939	sanrentan_1-234-234
2023-03-12	202309011002	-1.4871031597277016	1.7578282185382301	1.7434484281606428	0.4304715272238035	0.3596329421044129	0.02543902042580576	0.2268598372538277	0.004668475922959159	0.1154410825042613	0.5530526255643687	12.436784761684363	0.08040663396224652	tansho_minodds_top3
2023-03-12	202309011003	-2.987020727546341	2.0028797125681668	1.7330781830393243	0.4051146008673493	0.5351216270144978	0.3088902789256011	0.28690183282972964	0.05763748461647558	0.08237115106859663	0.37125116714389905	18.044983135255023	0.055417064815442806	sanrentan_1-234-234
2023-03-12	202309011004	-0.009736847055930063	2.0557962612518312	1.6840481384225217	0.4527905471729284	0.5531307538243727	0.27645454903102934	0.28037620842482336	0.047085706191681426	0.11368464826008115	0.4302364162989141	16.288058583407754	0.06139467112542654	umaren_nagashi4
2023-03-12	202309011005	-1.9893188101608041	2.31365994297696	1.7488460412708708	0.4669343329324725	0.3201879123948823	0.010944547752122724	0.27378976834295154	0.018896130046145265	0.07124150336582866	0.34557142849693945	18.790097640515608	0.053219521214396395	sanrenpuku_box4
2023-03-12	202309011006	-3.125164551864615	2.5271036261901636	1.0734522557333082	0.9531655046566102	0.5278122502055498	0.17090457712119828	0.5363512555589881	0.3456193017882445	0.3022069873840329	0.7564316062526589	5.878894330117125	0.17010001266344876	sanrentan_box4
2023-03-12	202309011007	0.41923581578475544	1.6427335961397203	1.3835455191397692	0.6481623886790864	0.6771350792194726	0.4615615457873089	0.3136086217720605	0.012042987666480265	0.17128316082076042	0.5371981335098702	12.261860989274302	0.08155368918916307	tansho_p1
2023-03-12	202309011008	-1.8928298861399024	1.899224549233469	1.5475613832618464	0.6062566917828331	0.4627454196627636	0.015685126724391263	0.24566080830921191	0.0782979115785846	0.12446436205457767	0.444055809688164	15.214181317093583	0.06572815054310352	sanrentan_1-234-234
2023-03-12	202309011009	-2.2663902018038433	1.0450177106257912	1.9109177234997414	0.24060708092668323	0.6563328812757666	0.4164623151529386	0.30984175353751503	0.1712370420824392	0.0758769023216108	0.3215781664561339	19.262105004675682	0.051915405910063314	sanrenpuku_box5
2023-03-12	202309011010	-1.4901596497121152	2.246577669717683	1.5925661005385114	0.5683159598149294	0.4812830257011465	0.09145769574476165	0.24747911712410325	0.003720212900221037	0.13119472801300716	0.4529237524765565	14.907507635237128	0.06708029433681342	wide_nagashi5
2023-03-12	202309011011	-1.5874938341333804	1.5320521025903122	1.8952418058731904	0.26098896130437105	0.6213961056295809	0.42003965528370213	0.31200955143444964	0.09373977312151674	0.07414514328939698	0.32363940648564216	19.22143761511461	0.052025244938685475	tansho_p1
2023-03-12	202309011012	-2.6365316463368744	1.32510265636866	1.82605184219041	0.36101077288935085	0.42356140992078695	0.11156214787923557	0.2958140942367646	0.06403703511175254	0.07461817246743965	0.33021030779222865	18.95893024898104	0.052745592017447586	umatan_nagashi4
2023-03-18	202306020701	0.053032141005802926	2.1002406812653676	1.681842382417364	0.5035083741044316	0.4433090504332493	0.02736990661395411	0.27020230192040057	0.07540380207362118	0.0888548588850145	0.3671696548760911	17.884741565723562	0.05591358400819828	umatan_nagashi4
2023-03-18	202306020702	1.3687532014518018	2.393917114248421	1.7255433830186473	0.4136295461808394	0.560991371042276	0.28107641840757147	0.30941459497452906	0.12189135147222019	0.08527166262153528	0.3579087011544143	18.409030232228417	0.05432116669835844	tansho_p1
2023-03-18	202306020703	-0.016999364550633483	2.2954799395916172	1.0466237904956326	0.5738571023868018	0.94219950007395	0.9132645711671736	0.27741857098000455	0.0006039376412784181	0.1036054966084285	0.4124037708528503	16.62297748745438	0.06015769441754436	tansho_p1
2023-03-18	202306020704	-5.20434176504196	1.4215689764079937	1.9000729124226683	0.29124939573318165	0.4046277932308452	0.08033457539919997	0.2913342232168744	0.008465592437040037	0.06720186709362747	0.3105348405982887	19.320297826941946	0.051759036478491074	sanrentan_1-234-234
2023-03-18	202306020705	-5.615837184099557	1.2209186017313773	1.8817789991968503	0.285204790712039	0.5278493481945702	0.24411985743445325	0.30834265041035064	0.11198410599552983	0.08408025578235809	0.356143503812996	18.530941997652526	0.05396379742199175	sanrenpuku_box5
2023-03-18	202306020706	-4.544854254235449	1.0586952803769845	1.9071582268466842	0.27908796805819575	0.4139821353300453	0.10928639232215281	0.23180712597801073	0.0018181894247138175	0.08126883541108673	0.37007348227794573	18.161941436512006	0.055060192958757255	sanrentan_box4
2023-03-18	202306020707	2.0355068487259063	1.6600193947189816	1.8414994916950405	0.31840361900410596	0.5749785649117836	0.24744107613300337	0.28869616267108344	0.12816671345365482	0.08815590021263192	0.3481689377216697	18.63521969233297	0.053661830475303	sanrenpuku_box5
2023-03-18	202306020708	0.22509963474180777	0.5207787859943716	2.0157692879757696	0.16794658751181718	0.44275693478163136	0.09076147635149712	0.21768285476233226	0.008271515949193203	0.06844380103084882	0.319014106737339	19.276288151306627	0.05187720748676481	umatan_box4
2023-03-18	202306020709	-5.3369096195828405	1.1065356839272564	1.807820493992641	0.35167884256126203	0.6400375588178301	0.46367581934681934	0.26898634972211755	0.0037551249923958863	0.0689296044248277	0.3161213479085728	19.341427833834494	0.051702491077244686	sanrentan_1-234-234
2023-03-18	202306020710	0.5731720917282555	2.2841200214806747	1.5267430467461396	0.6395270029113109	0.5122233105244616	0.23446150324573833	0.2818901823469482	0.01061341289267237	0.13203035057318518	0.4790197886355058	14.491736985809977	0.06900484055011351	umatan_box4
2023-03-18	202306020711	-5.11682743155417	1.0470808267681664	1.9436994693593106	0.24880660185227463	0.44884038180579383	0.16900512712616317	0.2613531677905698	0.05076900800325654	0.07116665491398944	0.33249318561638563	18.87813038945918	0.05297134723459487	umatan_nagashi4
2023-03-18	202306020712	2.1139409009607197	1.692976345579238	1.215605055009081	0.4978922515512196	0.9280627535560156	0.8901694182252687	0.35007601487718826	0.12453340842432961	0.10839324113239382	0.3885235004296946	17.24618960117533	0.0579838226950636	tansho_p1
2023-03-18	202307020301	2.1495603306826556	3.645934942297408	0.7248175020748567	0.9760491071855306	0.7248488704858009	0.46307896949403726	0.3451855513996702	0.013003299310871519	0.24849478239272338	0.7454039435009829	6.69771572472903	0.14930463475895836	sanrentan_1-234-234
2023-03-18	202307020302	1.927509448795986	1.7934731703278315	1.782968355924708	0.3658415234970245	0.5540557476247924	0.27205324153689564	0.34675116965443586	0.1737573980159567	0.07609477617408218	0.3396329943378001	18.778982226056616	0.05325102223125056	umatan_nagashi4
2023-03-18	202307020303	3.1527348098069394	2.2463358290383315	1.4171626447372494	0.7143360906288686	0.5252980302881586	0.19341170886094117	0.316518655767352	0.04624434339590816	0.17900972820022898	0.5667487719769323	11.293226366516086	0.08854865452488897	sanrentan_1-234-234
2023-03-18	202307020304	-4.341685817014977	1.285565577945614	1.9064474366972883	0.284645370956554	0.433194615269959	0.035974574757877964	0.23953109595311062	0.025163463776370992	0.06884081115722211	0.3205610437779568	19.30745222445425	0.051793472715857845	umatan_nagashi4
2023-03-18	202307020305	-2.1788029508900824	1.480650347897767	1.7628516334154993	0.4351278763603663	0.44895690107309977	0.18114175554189843	0.27026694059433676	0.035603970301821886	0.08685168238696986	0.3731452762697783	17.891807573130926	0.055891502069458476	tansho_minodds_top3
2023-03-18	202307020306	1.1259848083318231	2.4990307273044103	1.7720809899332932	0.42515737675065607	0.3676304444976188	0.0007523670121742376	0.25721010929742083	0.03314670528395805	0.07947508248156863	0.3553802843002505	18.214850189837563	0.05490025938055315	sanrentan_box4
2023-03-18	202307020307	2.6110307495849856	1.4555831438313627	1.4808072430143655	0.647246566406996	0.5031114112782358	0.11771149259529717	0.2329073145945494	0.052960219310950435	0.09918314986410204	0.44744148352285557	15.830543885462081	0.06316902358094886	tansho_minodds_top3
2023-03-18	202307020308	-2.926732544755142	1.2479233205811124	1.9209036684087666	0.2747437157916553	0.3726247501583553	0.11319683557032761	0.28092703906781175	0.03513117943967764	0.06348970106567965	0.30351867702796564	19.42825726849454	0.051471420528367756	umatan_nagashi5
2023-03-18	202307020309	0.5810409070511677	1.8662449214307533	1.8741386481364604	0.2941475461391378	0.4120292039566431	0.008872020847709217	0.28043744830318074	0.007301580500820137	0.06450413508912275	0.30342253957197274	19.56152872765852	0.051120748992693796	wide_nagashi5
2023-03-18	202307020310	-1.8230511913776728	0.8037340149436093	1.9911604065112725	0.1736150908884387	0.5679280562328648	0.37836749552036975	0.26154108860234515	0.0032115248964781906	0.059074625681707675	0.2892942179367264	19.74804059867115	0.050637935191772405	sanrentan_1-234-234
2023-03-18	202307020311	-3.0724918750580255	1.2363304502011576	2.0239878307143178	0.1500045033142971	0.3077912871782688	0.008713914130553058	0.29701197715781513	0.04842310289688609	0.052933243033202196	0.2624804100859854	19.96096628646765	0.05009777511011281	sanrenpuku_box5
2023-03-18	202307020312	0.8236920804866708	2.06780963824183	1.35469075490281	0.6310600923557979	0.6962006502401995	0.453633793491249	0.31214035659423406	0.12945327796915443	0.11826429869380611	0.4299552331361412	15.602180929921925	0.06409360361167175	umatan_nagashi4
2023-03-18	202309011101	0.6341508325374202	2.039526287694588	1.5348883085324099	0.6891818152202809	0.38955002422960633	0.008303502585981004	0.26506501315230246	0.008730807153361775	0.1044112670828539	0.4500629755269314	15.357667527062242	0.06511405447720936	wide_nagashi5
2023-03-18	202309011102	3.007553993151175	2.577337370696072	0.7361756219069361	0.9886414857892014	0.6272506767322076	0.2610122151544832	0.5066622156236661	0.33079203388305434	0.31744451012817115	0.7339152270800607	6.084258845942866	0.16435855628772675	sanrentan_1-234-234
2023-03-18	202309011103	1.0386291132030905	1.676587276630734	1.6847361986045293	0.37346400038030214	0.7885029310751099	0.6596920640778584	0.31028322895755567	0.08784144631434623	0.07740296035014457	0.3438864866899511	18.82783947653438	0.05311283863697296	sanrentan_1-234-234
2023-03-18	202309011104	-1.2691039387896463	2.079648734812864	1.3764117176169337	0.6789782791727499	0.5855627188145668	0.28128481960278695	0.2657508844083757	0.06642404503523253	0.12135075211108474	0.47856988915276033	14.37802208748195	0.06955059561847786	sanrenpuku_box5
2023-03-18	202309011105	-3.6027888283991163	1.5954998941377168	1.8015453835962147	0.3125366181309256	0.5080801137706982	0.25586247640489074	0.30314406141694683	0.10073306015292871	0.05595425371913344	0.2714824383024139	19.91991634019265	0.050201014046544375	umaren_box5
2023-03-18	202309011106	1.3947574971928869	2.498537259836804	1.7935156706370299	0.4115725113816059	0.37112067201491167	0.018457156137215824	0.24123295302891665	0.0013140854849164607	0.09138384934009243	0.4119436120450791	16.908148945737672	0.059143079659946286	umatan_box4
2023-03-18	202309011107	1.2853543225917108	2.2549615093006294	1.2035666930892464	0.7353098541495331	0.7245258783299733	0.5540861323736155	0.33526358025673086	0.007615417360586352	0.19906748352601136	0.5773350727690982	10.697731358406246	0.09347776332167876	sanrentan_1-234-234
2023-03-18	202309011108	-1.0721076316934115	1.7369416428812816	1.7073885600434244	0.4604972151096807	0.4924473804252061	0.21143186105579953	0.26724299517743616	0.025158233342359226	0.12971906762565288	0.5477637181568324	12.834224335469813	0.07791666826613824	wide_box5
2023-03-18	202309011109	-2.0564847737713747	1.783694661202176	1.4635426804506717	0.5890383321921888	0.676895325111695	0.4631954751946974	0.31868338931261125	0.08729780721371252	0.10515266728722598	0.43951547773024424	15.898382854197393	0.06289947909613877	umatan_nagashi4
2023-03-18	202309011110	1.1947474971514183	1.3096675596569263	1.6792930959529613	0.3489058656897442	0.7563975911566196	0.6679804341953924	0.27431539602052	0.01005217508076739	0.07818182633931971	0.3517344778504942	18.621777898967878	0.0537005652964761	tansho_minodds_top3
2023-03-18	202309011111	0.21225159396969262	0.7988826022098878	1.8708115213732848	0.291300475205604	0.526078322827836	0.32665770579727504	0.26868466694472637	0.0011331667968000336	0.07676277943221861	0.3359627178497071	18.95168507870933	0.052765756493253387	umatan_nagashi4
2023-03-18	202309011112	-0.7900931876598127	1.4523392438334728	1.834084700953901	0.3585659125181691	0.39152648881245955	0.08940807434894288	0.24989185655818466	0.004051000435949664	0.09689986312570978	0.43011472884046936	16.40236072890129	0.06096683377033526	sanrentan_box5
2023-03-19	202306020801	-0.592673356598146	3.0871825282421854	1.5293903806159868	0.6007173692382516	0.5658718211031852	0.31932466815269084	0.2948052189601654	0.00027485993697590194	0.15787659422067069	0.5841576318952865	11.478424572907745	0.08711996961327571	sanrentan_1-234-234
2023-03-19	202306020802	0.33365474762029185	1.424981643826393	1.6212647941940102	0.5536465403814231	0.470415056392285	0.102338257777634	0.2551028205944801	0.030815199337519056	0.1179583602179654	0.44294658410366466	15.631004200915223	0.06397541623982471	sanrentan_1-234-234
2023-03-19	202306020803	-0.6581633724616149	2.643490974646753	1.5599489127360557	0.5093954054480175	0.6307629234184363	0.4061628995142242	0.28109050702481525	0.06053018471875499	0.11178312894953256	0.4449884326353043	15.937289335527852	0.06274592742510936	sanrentan_1-23-2345
2023-03-19	202306020804	1.258591343866393	1.4009375474258126	1.8960482823277736	0.28387127148612407	0.37225886048327883	0.1243720071581586	0.28125560238287184	0.03641421289560104	0.062471357313838016	0.29552531260747456	19.584086160649047	0.05106186685439187	sanrentan_box4
2023-03-19	202306020805	-1.6796983826852219	1.2290033600856334	1.365397265201148	0.5359032262303809	0.7825259241328388	0.6988122060662557	0.29183755105462594	0.01370482454727201	0.10286020254865946	0.43201664173218446	16.331499108437615	0.06123136604669398	sanrenpuku_box5
2023-03-19	202306020806	-4.776734173665576	1.0721726520827888	2.0016132072261494	0.18197616090661503	0.40772844481855003	0.1439236592607926	0.24566192626570138	0.022592632309744176	0.07163717106580281	0.3413065652753663	18.922600230090588	0.052846859725430705	umaren_nagashi4
2023-03-19	202306020807	0.9050132660548758	1.1139579609051316	1.9709657220586054	0.2158532886501265	0.4040214928114648	0.05571805996121365	0.22428811762033352	0.0070585955787727805	0.07611158791970794	0.3551146664941333	18.561876512035905	0.05387386341847384	umaren_nagashi4
2023-03-19	202306020808	-1.7531302437407565	1.162378726896747	1.2490310489428957	0.5776005231034672	0.8427877783536671	0.7358808772923086	0.3051612524458952	0.005789576042424693	0.14722918663938384	0.4586110812129704	14.24168540463513	0.07021640849295392	sanrentan_1-234-234
2023-03-19	202306020809	-3.2442029441738316	1.4248148517004482	1.9464953545672612	0.24380605015512555	0.4227831282655034	0.028784878432012717	0.24721734176949853	0.021076264902962383	0.07274940036346275	0.319404662380286	19.254692067448943	0.0519353930198942	wide_box5
2023-03-19	202306020810	1.6042099949113617	1.3563867333585626	1.9195376090383007	0.2721399686370108	0.4632171320428981	0.19824028324739912	0.26586845504199863	0.04657921196941561	0.07435237979879747	0.3313496260514621	19.013108463589454	0.052595292448629496	tansho_minodds_top5
2023-03-19	202306020811	-3.147396924094434	1.4386570318331173	1.9483418326073623	0.23042667498083766	0.46782961043040505	0.20870842139937895	0.26433732102284113	0.055494486775960694	0.06600535682501238	0.31089075647295944	19.431861031355133	0.05146187482436222	wide_nagashi4
2023-03-19	202306020812	-2.656572173606342	2.0866826487194317	1.912923278709868	0.2817128472949484	0.4017436420687274	0.0007481144652963234	0.24750842460447403	0.0004668905580841043	0.06973237636262129	0.33153817590796003	18.877825292884673	0.05297220333832174	sanrenpuku_box5
2023-03-19	202307020401	2.1470331469266606	2.1013485130042278	1.5878447465687295	0.6039365324787508	0.4379255392523391	0.07975477754160787	0.25839537053412953	0.03410014025061278	0.09512642761524717	0.4162958553092822	16.581374881573563	0.06030862984174329	sanrentan_1-234-234
2023-03-19	202307020402	-1.4363375525758326	2.7848945291837706	1.9002093154084445	0.2924847838698731	0.37241742804326805	0.009516250873030596	0.28824993593318926	0.008527935164098055	0.06890828785245448	0.31406619378160927	19.200118924206464	0.052083010732774916	umatan_nagashi4
2023-03-19	202307020403	1.418069028423573	2.1089725817679423	1.651599807589228	0.39659131053634955	0.691486295326582	0.5728500057832128	0.274542344298555	0.0014329552288748215	0.0805808054258829	0.3560226620700347	18.408699769887072	0.05432214184055512	umaren_nagashi4
2023-03-19	202307020404	1.6087356051258503	2.653885840964626	0.9734655711270065	0.916784867578873	0.6651556165811172	0.3998817854333582	0.4362371608158715	0.23719777209109907	0.2943688406647642	0.7106876286217976	7.108657767311193	0.14067353257579088	sanrentan_1-234-234
2023-03-19	202307020405	-3.2200405752983317	1.3676345133710486	1.911343768235879	0.2633888207353374	0.4992181296447895	0.15992160845358772	0.32785184987691746	0.19806017150046218	0.06926987864208428	0.31043748982625513	19.37607609989328	0.05161003677135165	tansho_p1
2023-03-19	202307020406	-0.4463414557903545	0.9682383938013625	1.7519676966890811	0.43319760987677214	0.4305424215422612	0.018075816333007144	0.21917694072539184	0.011968136356117265	0.09463624927359993	0.3775808242892475	17.67100764878856	0.056589868550509924	umatan_nagashi4
2023-03-19	202307020407	2.026610284757325	2.6144839112245233	1.3092902425853052	0.5885299510983104	0.813269116436346	0.7471957324792262	0.26941070583272025	0.005546894124811963	0.08313060287440363	0.3817159874731314	17.47289299300397	0.05723150713510312	sanrentan_1-234-234
2023-03-19	202307020408	-2.2157801687423873	1.8766390056131148	1.805064036535652	0.39891547531338845	0.4139795042706106	0.09256575204426104	0.23828042040768482	0.007904764181406287	0.08124094407226805	0.3679165714568071	17.91177770610913	0.05582918772260847	sanrentan_1-234-234
2023-03-19	202307020409	0.21438301985136832	1.9283840587518093	1.656904315275995	0.4587058204362799	0.41354102836061496	0.09478638809527329	0.29385216480616155	0.01918800804727616	0.06289098531325664	0.30165556793615184	19.533986865008544	0.05119282647779965	umaren_box5
2023-03-19	202307020410	0.41934973679526494	1.2500798808381661	1.7629331050004564	0.40965156596135827	0.4953984769281378	0.13780563448159805	0.2638277770339016	0.11254784137082591	0.07672624531302272	0.3439996567557119	18.785743476043592	0.053231856448760946	sanrenpuku_box4
2023-03-19	202307020411	2.1898212389421268	2.335308443637383	1.6463238415458874	0.45989278016943813	0.6350673340400118	0.4225101254577164	0.31120300000279416	0.0988986382096233	0.10568749584737577	0.4092819284698416	16.896593793474768	0.059183526113185385	umaren_nagashi4
2023-03-19	202307020412	1.215652910677699	2.3950079451589987	1.777334410856854	0.4163014489596055	0.39236700079384745	0.02643129062937971	0.2805946621665908	0.022368977903898024	0.09038969101504941	0.3708968229049306	17.64505599064558	0.056673098715591716	umatan_nagashi4
2023-03-19	202309011201	0.7041773121521859	2.1296781891908676	1.59690126078651	0.5843542959422567	0.4691421155672859	0.150015692876452	0.28660363434119435	0.07720008774985576	0.09275171517619533	0.39655068863146614	17.133065655002795	0.058366670631884464	umaren_nagashi4
2023-03-19	202309011202	-0.7358968688604425	2.5375268416244934	1.382267114529554	0.7196797119726096	0.520948311845678	0.13358267645528282	0.2653319651150162	0.0745120084347545	0.14612472892412307	0.5008719626213467	13.722694601184266	0.07287198535437057	sanrentan_1-234-234
2023-03-19	202309011203	1.009688599192925	2.8844088250847704	0.7870058613072862	0.9820876962207137	0.5116838605487853	0.028959038148612448	0.3495596950548802	0.12555043099265123	0.17975256800200504	0.6610848282332539	8.787054627247024	0.11380377639842887	sanrenpuku_box4
2023-03-19	202309011204	0.6766979899151482	0.6095336045469609	1.9917163130998938	0.17901205403515746	0.6248645556716048	0.4785106351906604	0.30392065285592434	0.05491875945158439	0.05635153836505131	0.2758652873216662	19.894852443017424	0.05026425819765122	tansho_p1
2023-03-19	202309011205	0.6517361667748663	1.8345117846303562	1.289225743891059	0.5693319126615694	0.788106717269541	0.6430865238505459	0.3422669166816831	0.12319635064186313	0.12774070501104645	0.4527202951597239	15.306284330744266	0.06533264235732221	sanrentan_1-234-234
2023-03-19	202309011206	0.824915872161564	1.2992996306719375	1.890991757127643	0.2552441984314542	0.45703559668004534	0.19453639741547996	0.26066656529909676	0.05126006803213104	0.06441745646739254	0.29966558908144725	19.586355557499814	0.05105595050923549	wide_nagashi4
2023-03-19	202309011207	-1.7520639571257768	1.5609672595009347	1.15139340821471	0.8880306305099378	0.5257370935150356	0.1308754368981715	0.41837346930086095	0.2544894120246782	0.23213575911200612	0.6129468793376119	8.761918465971151	0.11413025627706093	tansho_minodds_top3
2023-03-19	202309011208	0.9474544796057915	1.9063984582518811	1.8575995016764386	0.31795759198314233	0.4555947349504877	0.18825223891541548	0.2621323246132968	0.04178997730565559	0.07451214340269946	0.34155546858106517	18.880522802990107	0.052964635059873984	wide_nagashi4
2023-03-19	202309011209	0.047974523046311106	1.3523805273543954	0.7496598730445545	0.6605931226298711	0.9999999999999999	0.9999999999999999	0.2490205498465129	0.04804938106376028	0.07647617456238838	0.35707769078185086	18.43882922915332	0.054233378246104524	sanrentan_1-23-2345
2023-03-19	202309011210	0.9198727695131086	2.2274218794882867	1.5571994229193244	0.51038429866084	0.6122386702779277	0.37066239471242257	0.34604253734997104	0.1835713830476951	0.09842446916792454	0.39773420156492173	16.961103790375045	0.05895842701979527	sanrentan_1-23-2345
2023-03-19	202309011211	-0.935908092292032	1.597616322659198	1.7604653463468423	0.45455123766701144	0.37752979163713024	0.013420746495527491	0.2501936593516638	0.004607291594009688	0.08097725538389389	0.3785075350346527	17.521561408273275	0.0570725391818005	sanrenpuku_box4
2023-03-19	202309011212	-1.5852533294703395	1.8715866010761375	0.8710232036864507	0.758108496409168	0.8754773851396872	0.7842174791726535	0.32976542370107065	0.04002961356315937	0.21317691737621142	0.5560356726488211	10.565806921735327	0.0946449246524524	sanrentan_box4
2023-03-25	202306030101	-3.7400652984361225	1.8052118993934605	1.5505721992040862	0.5857436697193277	0.5062484764643845	0.07430230311902003	0.19003199015876193	0.01746863303868834	0.09634709082251389	0.40174426016967113	16.892085641133335	0.05919932098644672	umaren_nagashi4
2023-03-25	202306030102	0.7938477642773394	1.8488477315283656	1.7093920960001008	0.40120994943766614	0.6541018040514878	0.43898124801707794	0.32010577613346447	0.10611728364674777	0.084289929303072	0.36110789257795334	18.35326421898486	0.05448622043841044	sanrentan_1-23-2345
2023-03-25	202306030103	-2.4756253739783336	2.28903039644206	1.9123106340022273	0.24699817378541392	0.6160996212951525	0.41034943387142986	0.31053992324710195	0.09912796637611826	0.07214105771437784	0.3201463820667198	19.283378552625706	0.05185813249845867	wide_box5
2023-03-25	202306030104	-5.277672006317519	1.1335084058903824	1.695240452223831	0.3563005574077293	0.7308559842576446	0.6336720761807685	0.280707155085485	0.0030481203719689987	0.08652302014056847	0.3742924734640872	17.98379207916835	0.05560562508717819	sanrentan_box4
2023-03-25	202306030105	-5.349598697129937	0.6749300256930214	1.9055131939311822	0.2729986168068262	0.5139816345379341	0.27234172762301134	0.26993757380574246	0.0363914094659919	0.0793415373996857	0.3479763205023393	18.63307708485068	0.053668001020241246	umaren_nagashi4
2023-03-25	202306030106	-2.510410061381587	1.5934296867532765	1.159993400257004	0.8533515578198745	0.5408076518883425	0.14619860487152464	0.3617549326886097	0.21376941007553707	0.20301277746239044	0.5754495470988359	10.402611553398339	0.09612970693626628	sanrenpuku_box4
2023-03-25	202306030107	1.1091758342887652	1.7221507357299353	1.676626830483242	0.5021639672263681	0.4406187555332274	0.07576080844565741	0.2513815101237139	0.0016250322866215305	0.12862647152378967	0.511938089142627	13.69825694393875	0.07300198879993146	wide_box5
2023-03-25	202306030108	-2.902234639584261	1.0006175947861078	1.9129792202949014	0.2801493022261966	0.40296397485579427	0.08359290343147363	0.24825172106430268	0.01758510761807805	0.08366129572165913	0.37928228542448833	17.79321497884965	0.05620119810774359	tansho_minodds_top3
2023-03-25	202306030109	1.3702047296408466	2.367238030617162	1.7472593691955536	0.31471753691985105	0.876426973731715	0.7937751203693972	0.265873783983965	0.015252388423303231	0.06681940237530744	0.3090865003365853	19.489418653620362	0.05130989373119345	tansho_p1
2023-03-25	202306030110	-1.811207435527565	1.7436533599148638	1.451398603853976	0.6381927902801076	0.5530688661957425	0.23420187705155548	0.30231238635810626	0.1227510706736325	0.1059691408381178	0.4307712945773654	15.955063114922172	0.06267602909478544	umaren_nagashi4
2023-03-25	202306030111	-5.3808087380202165	1.0106087924895695	1.9034146796699454	0.2546076587339596	0.5448696368729671	0.2573755610443893	0.3080339995196073	0.15247029355498526	0.070217213771605	0.3204676232813761	19.21337692795515	0.052047071358133634	umatan_nagashi4
2023-03-25	202306030112	1.0942682092786202	1.3309495733942474	1.6446858964061384	0.4285493848122182	0.675260067569458	0.501326530991664	0.29032462766516776	0.02821789197768315	0.0891120460567451	0.37991755172516395	17.80886768479712	0.05615180132163422	wide_nagashi4
2023-03-25	202307020501	-0.16711196645274626	2.8124278536760663	1.3407942543968476	0.8726629452781465	0.3879253585034721	0.027997812875334926	0.35461247511873634	0.11703113975360607	0.15991765147962722	0.5991219895508985	10.77715905386615	0.09278883191774594	sanrentan_box4
2023-03-25	202307020502	1.7977026101267601	2.460605797574812	1.3112395552511171	0.7826556585869616	0.5833919972866173	0.32719876069297793	0.3300540685668368	0.04644881527598743	0.1873989017207578	0.5835133406635216	11.0516480089879	0.09048424263844963	sanrentan_box4
2023-03-25	202307020503	-0.10122323230249673	2.6797233522122745	1.5266474882356744	0.633771945735403	0.5358310340351916	0.25006254593395466	0.264379060297718	0.027477669129831267	0.11139774340288731	0.46004745152581406	15.30611433787544	0.06533336795514913	wide_nagashi4
2023-03-25	202307020504	-0.5662693292379045	1.717364368779807	1.7626624059271059	0.3108580300842632	0.8420711986637814	0.7432818928329787	0.31843981145204514	0.0439667641390169	0.09242473484452986	0.3584894260255204	18.280694637580503	0.05470251649760901	umaren_box4
2023-03-25	202307020505	-5.450333624096988	1.3958050610084047	1.937867076411993	0.22286106644534762	0.5858012637027247	0.394836890976185	0.2692408490505312	0.008231401307005337	0.06884329996474241	0.3056586316283923	19.483922300732697	0.05132436809001208	sanrentan_1-234-234
2023-03-25	202307020506	-1.1742350792447895	1.5837823163362952	1.7223277916283284	0.5030133855215574	0.3489071646717292	0.015784555542782686	0.28751697270883325	0.021903979235286475	0.08582370299135329	0.37863582743486646	17.476639843709616	0.05721923716130884	sanrenpuku_box4
2023-03-25	202307020507	1.3485508558756203	1.9565470263073306	1.4467877851774897	0.625695662899986	0.6214585809212395	0.37730498627960973	0.26991011139885684	0.026619469038463905	0.13133348846955986	0.48420488195996503	14.461390910479977	0.06914964170391891	sanrenpuku_box4
2023-03-25	202307020508	2.754423644108683	3.1613905346147533	0.9733047480228446	0.8953406141421537	0.6707066180367182	0.39598412648134784	0.3001460491613909	0.09826088799681437	0.2025785125022356	0.6367494388582796	9.580251178841722	0.10438139682689433	sanrentan_1-234-234
2023-03-25	202307020509	-1.911907108827045	0.9314152264339957	1.7670984944085024	0.3526142776176953	0.5839414796252186	0.3118905239653794	0.40294384009793227	0.2702356998460136	0.07637842512796623	0.3365137270124725	18.784861065527455	0.05323435699160553	tansho_p1
2023-03-25	202307020510	-1.4935372343481712	1.3665295673871842	1.648970553107514	0.4440774509923562	0.6198111688568823	0.350970765315811	0.3308746566871568	0.1545388801822798	0.10474695703463162	0.38756214433313424	17.47061393813026	0.05723897302873044	umatan_nagashi5
2023-03-25	202307020511	2.2163556571034144	1.5322663796233718	1.9899066279365498	0.18805964189420274	0.5152093892058638	0.21577237048997977	0.30366444520366476	0.12339977371822586	0.06433625682637917	0.29816315484173195	19.649359437579275	0.05089224425746451	umatan_nagashi4
2023-03-25	202307020512	1.5619637199916174	1.1127869208475314	1.9144276363356014	0.2714617947931597	0.4319439656171783	0.1348181916875651	0.2328321893664431	0.006564487916071393	0.07942527507201085	0.34792986940252696	18.63608358804451	0.05365934292339855	wide_box4
2023-03-25	202309020101	1.2722363104443823	1.7104762255720454	1.204611159194025	0.6775901962091059	0.7533157651674126	0.5725500600607445	0.3196895098624665	0.04126502235992535	0.17776809158272863	0.5185183653200618	12.493031711860072	0.08004462191916675	umatan_nagashi4
2023-03-25	202309020102	-3.116025769740476	2.2215124577194185	1.4463447392959068	0.7494475161826584	0.43165737182707536	0.09476226060066678	0.31025790658217683	0.04814862426136696	0.1531264696980169	0.5758348902900213	11.607082281237727	0.08615429577995243	umaren_nagashi4
2023-03-25	202309020103	-0.12364598059661869	2.618429401395914	1.7699057141070755	0.4056079442425566	0.4824503753114314	0.13611576234552025	0.27965938276792707	0.1016402135963998	0.09570031931097238	0.3883302273630954	17.65899940191629	0.056628350069001285	tansho_p1
2023-03-25	202309020104	0.4241315847942888	0.6589782634592953	1.936350583232541	0.2519505651730808	0.4365233698878556	0.04358183154940953	0.3229971147164238	0.10795388953637597	0.0693445855551843	0.307472845530764	19.41786126796662	0.05149897747233812	sanrentan_1-234-234
2023-03-25	202309020105	-0.6534911188610281	3.3312726999479745	0.9096452725731183	0.947327315492672	0.7160118112846058	0.5233134359947322	0.35294319315750844	0.04976911625577368	0.2360865584558251	0.7067605696905297	7.697944643771178	0.1299048052793097	sanrenpuku_box4
2023-03-25	202309020106	-0.3866411861882774	1.6903296747106005	1.86327034338098	0.27152657365137495	0.634246790370851	0.4063345055838013	0.3142763133063982	0.1250730766860845	0.08187110118117401	0.3399112101230244	18.883436203894277	0.052956463495440136	wide_nagashi5
2023-03-25	202309020107	0.38210824749543953	2.0297961316918847	1.868035116793589	0.30710056092074217	0.5113310046659605	0.30663569249933453	0.2593225094068014	0.0009146909203577858	0.06700343684318971	0.30887968114539127	19.513825834904072	0.051245717188441633	wide_box4
2023-03-25	202309020108	-0.5960441444844221	1.214904043709189	0.9503192175654243	0.5916468209306148	0.9729066819627208	0.9458133639254414	0.2744608349587786	0.019443711827469567	0.11151731515583523	0.42116842082545597	16.16287151573624	0.061870194230424704	umatan_nagashi5
2023-03-25	202309020109	-0.28971569893869814	1.6863211189395308	1.6112330062481641	0.5644553551233795	0.480472904719675	0.1873983217367678	0.2809828965076258	0.0018178343029481847	0.13888367395178036	0.5505024921273696	12.625155680309762	0.07920694408225029	tansho_p1
2023-03-25	202309020110	1.020026180294246	1.5557676487349203	1.6751856217076417	0.44991982933566854	0.562190257919288	0.3733026183402217	0.2647968038606787	0.011627890348921088	0.0917331416975857	0.3992170041901191	16.978831657628042	0.05889686759163621	umaren_nagashi4
2023-03-25	202309020111	-2.2656978157026937	0.8993354176595822	1.9575081170630537	0.23795075496131113	0.3722668835252451	0.06788765435387317	0.24521404646664255	0.001674116225773431	0.06433337718911974	0.3097948297876976	19.300610594065684	0.051811832331743315	sanrentan_box5
2023-03-25	202309020112	2.1967102823288878	1.904774187668046	1.1617951430076143	0.6908766685286196	0.7843460275280449	0.6938941688126372	0.33364257562056143	0.004792962079325724	0.150664052901061	0.5243402322980881	12.739102641465532	0.07849846477765392	sanrentan_1-234-234
2023-03-26	202306030201	-1.6684659875261518	1.3897637056518293	1.816176539477461	0.3404393601263483	0.5884806266157906	0.3860736873309921	0.3119415090220836	0.08758356396610278	0.0785687405092904	0.33513610548161615	18.96022742512747	0.052741983393866224	tansho_minodds_top5
2023-03-26	202306030202	-1.293228198467664	2.2784935111307294	1.633973815112799	0.5287394842625557	0.5309653507536467	0.3151697024083338	0.2880689257594452	0.0002586907893051271	0.13379167528919894	0.5587481938056136	12.389641033538046	0.08071258862892455	sanrenpuku_box4
2023-03-26	202306030203	-1.3400597397444713	1.6083363572375875	1.8248821593775042	0.40883670300571157	0.31222331922074004	0.013752453823054955	0.29339473594597487	0.0431933285329793	0.05484095988706044	0.26826160459248716	19.928416084816273	0.05017960262089837	tansho_p1
2023-03-26	202306030204	-0.5693650752445186	0.506118051186343	2.0340269648502236	0.13502334372944155	0.40832264189098594	0.1568909659071298	0.24365059089868643	0.03309705332223045	0.05847516160056115	0.2833864008695455	19.838317723676013	0.05040749996692267	tansho_p1
2023-03-26	202306030205	-5.472092772216105	1.3548481831826413	1.8051038024432298	0.3397240123025571	0.6454764672455198	0.4586540374171035	0.31278587267841185	0.09136391292153856	0.07317671032059715	0.32292511606826985	19.18768872444918	0.05211675123360679	umatan_nagashi4
2023-03-26	202306030206	-2.03400283630015	1.4863059210121847	1.8951084192421632	0.29961556605369005	0.40190068304563903	0.00037768175583646757	0.24608356622381578	0.00023641219608319664	0.07313565216553129	0.338499657125306	18.7266825001325	0.053399741251175935	tansho_p1
2023-03-26	202306030207	-3.258037306280692	2.0961613842627216	1.7410823589242237	0.45147287601943514	0.4106999581402173	0.0035310368326182395	0.23526201857050746	0.002583180063951057	0.09954545224393951	0.4060113848822042	16.690198131971517	0.05991540616192049	tansho_minodds_top3
2023-03-26	202306030208	-6.938643706014876	0.6618328892161753	1.8626566258279909	0.31333057571855966	0.529276050993619	0.2602229281297772	0.27365158518173416	0.05634860928735638	0.09864051535868995	0.4202437442616963	16.788680956481496	0.0595639408832733	sanrentan_1-234-234
2023-03-26	202306030209	-7.211303417692153	0.9378950432809139	1.8647562308489625	0.29120191799059303	0.49705728643172536	0.3100349450656604	0.2322959752972455	0.004000460205460354	0.06643224746492464	0.32097366547203543	19.182089123999425	0.05213196506051381	umaren_nagashi4
2023-03-26	202306030210	-5.241934580030323	0.9819338583689331	1.9602475908375347	0.23248064775738375	0.40692313165039395	0.0015233577214223692	0.27880315260027166	0.001253475077391153	0.06269075274464499	0.3035427679571403	19.528395317286403	0.051207484473381526	sanrentan_1-234-234
2023-03-26	202306030211	0.9746969786803972	1.5065057608611205	1.304045906868067	0.511812395131452	0.8872137677242857	0.8115087432039052	0.32474999008441335	0.06745605160698187	0.1110705679817208	0.4091061958768416	16.777038326573745	0.05960527600488726	wide_nagashi4
2023-03-26	202306030212	-4.652315401237742	0.8144693185713501	1.8960286076207398	0.2848877345094979	0.5262438039309334	0.2170468772060607	0.29844211944080973	0.09392110650667052	0.09083334514003458	0.39113321654083144	17.629240420516574	0.056723941369375114	wide_box4
2023-03-26	202307020601	-2.183261207960773	2.1780787795865026	1.5353652761572782	0.4003175827619985	0.8814849168559687	0.8027820783738137	0.3233864819068446	0.07551062984378018	0.08806345371060952	0.3559001977910207	18.420615328558153	0.054287003021536606	umatan_nagashi4
2023-03-26	202307020602	-1.401776625985473	2.284547814727319	1.9024592169787145	0.24163208866768182	0.4487177949314388	0.18012436996277487	0.2576685347276192	0.05301354285990112	0.06082484644893794	0.2957430210605882	19.606706693238863	0.051002956062215075	sanrentan_1-234-234
2023-03-26	202307020603	1.068163701896463	1.4603086670297079	1.1480006355378962	0.7611304225165476	0.7198086236606986	0.4828996460027385	0.2595303952569998	0.04276679504955894	0.14741133700897086	0.48409758244984885	13.845640901616894	0.07222489786537942	sanrentan_1-234-234
2023-03-26	202307020604	-5.91136979805443	0.9878783304116558	1.7118893685245564	0.3458557766017415	0.7787231464012945	0.6395026844012056	0.31813707981682987	0.10612605751449994	0.07902426881579797	0.351979511509776	18.69582035994421	0.053487890916116186	sanrentan_1-234-234
2023-03-26	202307020605	-2.711425637950332	2.0488727346841578	1.6260877818605253	0.5421653016367368	0.5154238298816183	0.19732800373053394	0.2820661465041244	0.03642193453813519	0.12174882986067939	0.4430007950018972	15.52049616434603	0.06443092987563236	tansho_minodds_top3
2023-03-26	202307020606	-0.09420154436822464	1.7933878011673225	1.7864305685951258	0.3831537075195842	0.5257452009284472	0.28820474308410726	0.2827938850384119	0.0014633410154115678	0.09835904677683782	0.40429493274710937	17.007034821526197	0.058799197537614076	tansho_p1
2023-03-26	202307020607	-5.722184369901175	1.3745694279578176	1.6108116906227676	0.5612428447940193	0.4585487017533919	0.09630144376806721	0.2619742366947817	0.03532906341737685	0.13785905125771253	0.5057164871157659	13.597929193463486	0.0735406094393181	sanrentan_1-234-234
2023-03-26	202307020608	-3.6501331113529965	1.488706092201469	1.8385061031622305	0.3281682878827361	0.5565430240494748	0.2563087578958318	0.32648414014524674	0.15407898325061908	0.09370304490767455	0.3712587164652184	17.99558400688778	0.05556918850853919	umatan_nagashi4
2023-03-26	202307020609	-4.8847960539273	1.6632183198862656	1.5647404095312587	0.6177960187254153	0.39404611873957923	0.05543387211404316	0.2690425148344581	0.023232003826624242	0.12594862212754704	0.5468556263178875	12.685259078253994	0.07883165758232512	sanrentan_1-234-234
2023-03-26	202307020610	1.593560276708102	1.6552407343303144	1.4553929252851288	0.6536380185107625	0.6027243733072863	0.377349769700426	0.3188492150638323	0.015883123192762583	0.16497891715100954	0.5503549017722942	12.02592078016724	0.0831537159008371	sanrentan_box4
2023-03-26	202307020611	-2.907851347590434	1.1600072283888876	1.9920513854376856	0.19195692480567125	0.3687002163367574	0.11514089677585665	0.2848226827465267	0.0652764816960637	0.06307870657130256	0.29826583677909296	19.578041386834563	0.05107763234541221	wide_box4
2023-03-26	202307020612	1.3457683622391285	2.7027304854178773	0.7237782451990875	0.8547860421666327	0.8818631252898119	0.8181932820420468	0.3636294115185383	0.016444531985843724	0.2435017404050304	0.6556191492965749	7.6725662446313665	0.13033448889408	umatan_nagashi4
2023-03-26	202309020201	-2.0390769060412994	1.9013417409971813	1.896672896884209	0.2876614921824885	0.4429645589882517	0.05813277238967546	0.28807233824193157	0.11304130917353017	0.07687115811097038	0.3326303843719085	18.996556237395314	0.05264112018532437	sanrenpuku_box4
2023-03-26	202309020202	-1.46911102039053	1.6157200849310924	1.9549246030208614	0.23463164706244902	0.3649691927324673	0.016702302350088072	0.24934526223711695	0.01525602247151625	0.0670859681852591	0.31581380170437306	19.290761092038085	0.05183828648485684	umatan_nagashi4
2023-03-26	202309020203	0.13167703955078694	3.4186110433241828	1.3755574438024043	0.8041740974805226	0.48609476540364605	0.2412616943763957	0.3241616146503807	0.029851006176444095	0.15900379777985235	0.5792857584016955	11.377926225560042	0.0878894782911794	sanrentan_box4
2023-03-26	202309020204	-0.9046799221836946	2.2723580462334962	1.1330816478319576	0.8875693324577297	0.49370467476416463	0.06077627883889147	0.34792005134132287	0.1386826404612208	0.18366967085686925	0.6186660683504644	10.172620556788244	0.09830308664493484	sanrenpuku_box4
2023-03-26	202309020205	-2.1840658674903897	1.8031346029026387	1.7003978999531497	0.4605404804633926	0.5074360799707858	0.2615939341193774	0.2630172221363627	0.0035942278634434888	0.10955791142807482	0.4309182130388455	16.230306838796185	0.06161312967969562	wide_nagashi4
2023-03-26	202309020206	2.350528384552426	2.293177050300147	1.5834532118039943	0.5123224563709601	0.6373418576666084	0.40239177691445766	0.310843897581874	0.0446676097145855	0.1250530063674382	0.43960649443274313	15.703402740805045	0.06368046572489132	sanrenpuku_box5
2023-03-26	202309020207	-1.5261853664938463	2.0207170911042804	1.7192476796403464	0.46268105287412004	0.5270528764911109	0.25444834081816486	0.27668276537337444	0.01706028147909311	0.10985343228237893	0.44903134676563405	15.80544641963316	0.06326932966333827	tansho_p1
2023-03-26	202309020208	1.8474228504405092	1.1682792884431084	1.362251501917099	0.46598780216456775	0.7850588444783455	0.7058043293372988	0.2835548868295651	0.040257616570516824	0.09817693867224303	0.4401627241969421	16.251839016852852	0.061531498002350304	sanrentan_1-234-234
2023-03-26	202309020209	-3.6856160579847774	0.8981313241546038	1.7799103524275073	0.40485674410085004	0.43757727113640227	0.0202510152140013	0.2524258685965668	0.08223898907906874	0.07498802423162648	0.3570529379148229	18.496624079868226	0.054063919755411076	umatan_nagashi5
2023-03-26	202309020210	-2.9672714995460665	0.9251033250306588	1.945396090716873	0.19971287790019862	0.7157967544058412	0.5290306108910355	0.26764620291901225	0.045101169126531115	0.0703664849566687	0.306193390719379	19.47271205510142	0.051353915015552344	tansho_p1
2023-03-26	202309020211	-2.2754934100629183	1.1500915350650027	1.9210912228873491	0.28353887423676033	0.3272323442349161	0.006756067724826342	0.2823439925405571	0.006019650574232094	0.06813951163691521	0.32267654015345143	18.98922363513598	0.05266144731423819	tansho_p1
2023-03-26	202309020212	1.7187840468868534	1.2299720264061975	1.9115295468290245	0.28342465906937214	0.36661898562845874	0.05949568519968362	0.25123048548573257	0.0028789504776957353	0.06656067677406331	0.31126944492479713	19.269244034856957	0.05189617185765344	sanrenpuku_box4
2023-04-01	202306030301	-3.434723612039876	2.0458455991470896	1.5487898907006565	0.5277463217565067	0.6473927492711058	0.4652064107203506	0.30161111707754124	0.022193663919199302	0.1286511140263766	0.4642633631639579	14.908049168171454	0.06707785765390355	sanrentan_1-234-234
2023-04-01	202306030302	0.2055565813952896	1.6729061487102217	1.5780794837109444	0.5988085099438621	0.4721391062165722	0.13316315420832153	0.28613088375956286	0.024908224922791267	0.14122738982434255	0.5356416775206838	12.813222394670465	0.07804438018776137	sanrenpuku_box4
2023-04-01	202306030303	-0.21904103889718404	2.502306132722649	1.1386957063665473	0.9380602601458033	0.5172369295277871	0.25601012511280535	0.4243368650156581	0.0569906616917209	0.25162115728034035	0.8555852152895456	5.851413591101718	0.17089887502067985	sanrentan_1-234-234
2023-04-01	202306030304	0.9986043617522279	2.5693283162098375	1.0446071009633588	0.8037946658313458	0.7515459386573848	0.5803163639137406	0.29875378045016215	0.015972298681037722	0.18157996521984265	0.6097252866984945	10.357478637319218	0.0965485940175519	umaren_box4
2023-04-01	202306030305	-0.30362945309845357	2.08639261160055	0.9552782935851485	0.667380792415859	0.9085369988723786	0.8486113782095595	0.30269236366052477	0.015778151687308783	0.13751530871163672	0.49667400588864374	13.945440659467247	0.07170802446612703	sanrentan_1-234-234
2023-04-01	202306030306	-0.05774624117427716	2.7779633212695143	0.7002835667474191	0.9720810906502257	0.7561252547264088	0.5347277043384762	0.49349138009385557	0.28092701473147785	0.37330044166159027	0.7572767616295939	5.21950099545456	0.1915891961455429	sanrentan_1-23-2345
2023-04-01	202306030307	0.03937829810696934	1.7873871693635834	1.5752299086760986	0.6371105728946179	0.3857406215200043	0.006949826025152317	0.27130873954975393	0.03898884133252126	0.11362367344413388	0.4541933008831172	14.964655989506472	0.06682412216500137	umatan_nagashi4
2023-04-01	202306030308	-3.974057761923401	1.3886139440975769	1.4307436789707142	0.5366836296920865	0.7267711998513259	0.5441684286193234	0.35543155416331795	0.1863738458286582	0.09576599595577409	0.4122234198315014	16.517872832702338	0.06054048303484845	sanrenpuku_box4
2023-04-01	202306030309	-2.270793532090143	1.420242647630923	1.9965032697379277	0.19170594928595358	0.41746411775237613	0.014026128002514904	0.32471908936378024	0.0921611778916891	0.06272789797969909	0.2880649263640331	19.71544741440349	0.05072164881581289	tansho_p1
2023-04-01	202306030310	-3.607522597247896	2.171283027080603	1.6195970836659577	0.4921789990941902	0.6733291425864805	0.5112028535965809	0.27948962669631444	0.016302715916847177	0.07783486519036634	0.35414716245970446	18.530790485362072	0.05396423864324216	sanrentan_1-234-234
2023-04-01	202306030311	0.9503689118271564	1.675152411871369	1.933902755668184	0.2599314028308708	0.3877984125478728	0.028680334739581648	0.2867275610465949	0.024625472874178822	0.06476533644463535	0.3094981057366452	19.46923620268961	0.051363083255513295	umatan_box4
2023-04-01	202306030312	0.3766513911931879	1.4410783490903043	1.6495342386197338	0.45066098780013814	0.5930962856710866	0.29191276227702073	0.3199716901154571	0.17212095661239	0.08679023425879154	0.3708803536115257	17.74809739890573	0.056344067621673946	tansho_minodds_top3
2023-04-01	202309020301	-2.349852713107094	0.9008676346565296	1.9627088900198002	0.2137226946176285	0.4748555273738552	0.22673571686992786	0.26488677181791936	0.05412887458291263	0.06351087394971891	0.30152799342188885	19.61966143590498	0.05096927912170538	umaren_box4
2023-04-01	202309020302	-2.370208699195661	2.51678426904722	1.5532630703703274	0.4567116273432063	0.7553500536206262	0.6260833998959202	0.3179834979473309	0.06828687618321755	0.10287995222225242	0.3881410717028546	17.219793479552827	0.05807270576081082	wide_nagashi4
2023-04-01	202309020303	-0.033604605417876084	1.6856549587502483	1.7053854868287086	0.4612816778646988	0.5590147367632644	0.3721735927916746	0.2754866528365111	0.0013174948795719454	0.08523630673045533	0.35480854262332656	18.459194536346182	0.0541735446815406	sanrenpuku_box5
2023-04-01	202309020304	-1.4959126764235886	1.7888551991965158	1.8355109249094341	0.3558321058110986	0.40933832463378006	0.001299929906994568	0.23635347134789603	0.0009553048183129353	0.09326499820061694	0.3918915403136005	17.353377347437217	0.05762567020693998	umatan_nagashi5
2023-04-01	202309020305	-3.1832917171662394	1.489998182835143	1.1834523484866928	0.7182056753780807	0.7266269474782185	0.5109423188259067	0.2992497234220252	0.051882047483054305	0.15785546041455983	0.5120804507533547	13.152809510854986	0.07602938362140059	sanrenpuku_box4
2023-04-01	202309020306	-2.9669053308275934	1.224178602637625	1.770272110580274	0.42348430911260215	0.4165114731644809	0.08815027381083762	0.2888696301611697	0.02313556303632608	0.09342818993117219	0.40686812318246746	17.040574512557658	0.0586834674654351	umatan_nagashi5
2023-04-01	202309020307	-0.08768912254593327	2.298771502214091	1.7877413814562917	0.39475810757751245	0.48349596142536816	0.1824296199417466	0.26835268972673787	0.059731281664884533	0.09348192864914659	0.38331397658475613	17.666577128997847	0.056604060463903	tansho_p1
2023-04-01	202309020308	0.5433654443939682	0.40215237931329895	1.6932792791286069	0.3829594987251721	0.6625595049855079	0.428256419444203	0.2689517824365324	0.04685593215853326	0.07625124308383839	0.3233924291721575	19.24191958242828	0.051969866920824254	umatan_nagashi4
2023-04-01	202309020309	1.465497540905644	1.8135926649389382	1.5596255752754207	0.6306698226634141	0.4833443147912104	0.2851229534355022	0.25377581476915084	0.004047161807460009	0.08681232841704803	0.37457317292974396	17.687392856018192	0.05653744495530594	sanrentan_1-234-234
2023-04-01	202309020310	-0.28264282447083383	0.9143080587469156	1.9129663854371572	0.2455114116650099	0.581875901298963	0.3041449426504129	0.31320527505839707	0.13808466237771055	0.07064190752170874	0.3184132654349726	19.35409606482705	0.05166864919190614	umaren_nagashi4
2023-04-01	202309020311	1.1721166847831888	1.4181685119958685	1.5617496042850183	0.5155139969765951	0.6470344315590442	0.414430592658124	0.3099036674746411	0.07688767671589158	0.1223847079992701	0.43498879037285354	15.943355388664473	0.06272205414871374	sanrenpuku_box4
2023-04-01	202309020312	-1.737891828265342	1.6553912470212624	1.2607368219126838	0.7842077695402767	0.49360504942109446	0.024940906669015217	0.2200828576180631	0.006799344587746087	0.11245114590877224	0.5112174623698441	13.634497951673037	0.07334336794390686	tansho_p1
2023-04-02	202306030401	-2.36837982630478	2.154822037628369	1.0685233927304283	0.5584899366504922	0.9407227028407327	0.909985154679065	0.31347837052910593	0.023149901263032457	0.10681509058041214	0.3813793510632594	17.31651914050207	0.05774832643247991	sanrentan_1-23-2345
2023-04-02	202306030402	-1.2106936532406645	1.9370450065860962	1.5372110037994653	0.6476641552557424	0.3730806112519873	0.005058642840919614	0.2901085556358337	0.04220502871599721	0.14563734517730947	0.6113398431249244	10.78518646900055	0.09271976918287522	tansho_p1
2023-04-02	202306030403	-1.4631357767469662	1.5969393536849639	1.3989010897253047	0.5366510792950175	0.7212619066652959	0.5282752430587017	0.37789230439526833	0.22842184088054562	0.0996750741394611	0.41254432364252613	16.6768150657788	0.05996348799549996	sanrentan_1-23-2345
2023-04-02	202306030404	1.0360703010396872	1.0446820309350118	1.5261550867571243	0.6259784125212307	0.48975166361300215	0.12276605450130784	0.2678489698963929	0.10652117098750791	0.08729248995899908	0.39814276035484897	17.078850860552226	0.05855194873267171	sanrentan_1-234-234
2023-04-02	202306030405	-3.2548633846525163	1.5185257114502748	1.6314112664842102	0.5310073336952127	0.4755556755527155	0.046704269947373644	0.21196568176056418	0.03314594990562697	0.09099630545053368	0.3833385503200408	17.5959829124224	0.05683115316587519	sanrentan_1-234-234
2023-04-02	202306030406	-1.6629997795490934	2.415669925037721	1.7971576522851889	0.371841304906504	0.4549959698887204	0.18677465196854326	0.2615154190927948	0.061933291036760374	0.07659528041428582	0.3512315329425235	18.67972778710563	0.05353397069791813	sanrentan_box4
2023-04-02	202306030407	-0.6354340671286213	1.6375305407618088	1.909868716226458	0.2695485709520226	0.42755454131344317	0.07595715203539422	0.23285858129132675	0.00885562083952185	0.0922035668692873	0.43256050234435595	16.389493466596196	0.061014698351606965	tansho_minodds_top5
2023-04-02	202306030408	0.8068733071503735	1.5129412716445674	0.9559782109001578	0.9454641940817037	0.6311714879780476	0.3036830052153903	0.23628733030525417	0.027017328163649462	0.1513660735656664	0.6109242494863791	10.481524439054878	0.09540596940974841	umatan_nagashi4
2023-04-02	202306030409	-3.8208289734647956	1.8982439220232508	1.7672243754079555	0.44992199093032714	0.3387046923760994	0.021770022383165444	0.28358260327900875	0.004980157355589987	0.07092868580299796	0.3332832417698909	18.80631647950235	0.05317362393055197	sanrentan_1-234-234
2023-04-02	202306030410	-1.7764150267236993	1.8556974033622735	1.6718740155072807	0.42572457657284807	0.6667655665073803	0.4912028775278287	0.3141443659205566	0.07638256440827046	0.08334285547579715	0.3508995882631657	18.49599269179232	0.0540657653073011	tansho_minodds_top5
2023-04-02	202306030411	0.31712300712604086	1.394353354817256	1.7708955829160082	0.40520516465974904	0.5292452971568095	0.25762595775325364	0.2766321533061027	0.04337950226206472	0.10893673795407892	0.44258608980872993	15.986495909013804	0.062552794914623	tansho_p1
2023-04-02	202306030412	1.1738162025398564	1.5021584497148743	1.636764061404084	0.37587010864508275	0.7765638511272855	0.7012359801115393	0.25879418525801173	0.0013692839670811918	0.06680936675009247	0.3290625080978186	18.854402293359403	0.05303801119976124	tansho_p1
2023-04-02	202309020401	0.12928456376869157	2.261095075962923	1.2934940279174933	0.8185317921924947	0.4661955448867803	0.05288578384188708	0.2998739934762821	0.06606213046134499	0.15451475064147557	0.582873182698438	11.424795539560918	0.08752891870469591	sanrentan_box4
2023-04-02	202309020402	-1.2425024681129893	1.8015031220634095	1.0739101551145314	0.6082342618880741	0.9000431711646816	0.8324483781601895	0.35190644073723004	0.13848924288360515	0.1433478380031152	0.4552303491941866	14.721621180849228	0.06792730146465528	wide_box4
2023-04-02	202309020403	-3.0817068770916807	1.5588117165845612	1.809471758396094	0.34263418046160565	0.6036822484633639	0.4032099358787023	0.2425190345328659	0.00038076588325661187	0.08937904622041747	0.37044933732359264	18.07061539399847	0.055338458497219495	tansho_minodds_top3
2023-04-02	202309020404	-0.48219642220557896	2.1367697862531765	1.447564363835418	0.7035428216199637	0.43889220682394414	0.023789592214915667	0.21876583564740434	0.009693278740901229	0.1101062403500378	0.4874674683375362	14.443175073089105	0.06923685373469063	sanrentan_1-234-234
2023-04-02	202309020405	-0.5938032633809741	1.8504623783967526	1.6521920956197207	0.5212993371962048	0.49198856682825326	0.2841075906879107	0.2625756012321226	0.00841100718071619	0.09495487396973912	0.40364265668974897	16.906501364222834	0.05914884330333288	sanrentan_1-234-234
2023-04-02	202309020406	0.13426342011485085	3.1497021394026388	0.5252764552807507	0.8947492096613512	0.9512957786761121	0.9266861852283191	0.27445085185304857	0.012589960490410945	0.10825413148723811	0.5077777919104637	13.078173216012344	0.07646327843216236	sanrentan_box4
2023-04-02	202309020407	-2.393051266314172	1.7180335846122954	1.1286542106493838	0.7921621829738942	0.6843913654658782	0.4276136014566776	0.32838002955780815	0.09122322732504337	0.2216256350341104	0.5659691636872393	10.57344215234713	0.09457658022728355	umatan_nagashi4
2023-04-02	202309020408	-0.8329550619988914	1.7738015111081205	1.6150931373953086	0.5993528887991284	0.3849091222422279	0.006178965017312021	0.2575917124325353	0.009447865027774116	0.09906569043895674	0.42720725160851075	16.064088919604803	0.06225065143779105	sanrentan_box5
2023-04-02	202309020409	-0.23096620606637958	1.301275445599462	1.844088065735011	0.3359921601875778	0.5599277021755483	0.3355352671063247	0.2404378741689737	0.000501146501269506	0.0905398252560235	0.403385530617021	17.34627887955104	0.05764925186224622	wide_nagashi4
2023-04-02	202309020410	0.9236374979251396	1.545012998580357	2.0228014224029383	0.1485050280844255	0.6196297690992478	0.3268148247236812	0.38410826891971567	0.27728176876212346	0.056037710305493545	0.2725663746412211	19.901691947267675	0.05024698415841428	tansho_p1
2023-04-02	202309020411	-0.9674506097950303	1.1524895818706657	1.7473627022741907	0.3079939305306363	0.8510871565296443	0.7552530596205769	0.31693912382369416	0.052722880031863484	0.08829345014221551	0.342101858684031	18.615315561012807	0.05371920753760206	umaren_nagashi4
2023-04-02	202309020412	0.8070917309673467	1.9921575631118114	1.2006081009561682	0.7229789619401071	0.7301706686297279	0.5844748085696969	0.3284973640357088	0.023586172103091274	0.18394615024381233	0.5690575019907641	11.215817707348851	0.0891597943273256	sanrentan_1-234-234
2023-04-08	202303010101	-3.433338271635261	1.7603046050459192	1.5846956535237102	0.4851325321228055	0.7076521035786167	0.5382299938602684	0.288040382156621	0.035159387788828655	0.10439565566836466	0.39123070266895704	17.199621148984345	0.05814081550622125	sanrentan_1-234-234
2023-04-08	202303010102	-0.08621428108974014	1.4665888556485938	1.7568786132702443	0.3691440244637827	0.6400790281595385	0.4411142359937097	0.25848508934566344	0.0007866802183728594	0.10870358926704388	0.42195518127141257	16.45164532917949	0.060784193920491836	umaren_nagashi4
2023-04-08	202303010103	-0.7972512631336989	2.5062066602514257	1.5478482138119771	0.5453584430859526	0.6031348860495124	0.391289159534397	0.29117512247731303	0.05126986772868333	0.0973156841675789	0.40362227266703854	17.121311399961264	0.05840674096975203	sanrenpuku_box4
2023-04-08	202303010104	3.1131845252164605	0.9331175781495691	1.880542922706831	0.2991190453480167	0.49934470497330313	0.23689571117963065	0.2717096131452897	0.0630209488230668	0.09169431185112534	0.40158636952859217	17.38282414039789	0.05752805136398913	sanrentan_1-234-234
2023-04-08	202303010105	2.041216014723414	1.3339330226315	1.5603537329120094	0.6201946304415834	0.41422546655647496	0.0007616327209408746	0.2740246054703506	0.041457914528743256	0.13708366965565855	0.5638680048826268	12.049115674759166	0.08299364260356706	wide_nagashi4
2023-04-08	202303010106	0.11769883042383716	2.451651788667215	1.5532955855739936	0.5219379554707981	0.6696927112741007	0.45341921476071123	0.3196868882177737	0.11763310035394761	0.09871271931079305	0.39215878398818876	17.37928564077282	0.05753976433035553	sanrentan_1-234-234
2023-04-08	202303010107	-5.638185421570272	1.3117790620088121	2.019796836145466	0.14962945368775946	0.30951997377646007	0.009124291093952741	0.2962682011954805	0.04729082996869727	0.05465074602248499	0.26807827058576056	19.924572136388214	0.05018928352161207	sanrenpuku_box4
2023-04-08	202303010108	0.005802706152516251	1.7915792285313705	1.432968743001884	0.713864603280001	0.5408056755333257	0.36068892843802336	0.2856736417589895	0.0005490390352940189	0.11517513826225843	0.45136574979434396	14.808801135362506	0.06752741095375112	sanrenpuku_box4
2023-04-08	202303010109	-3.486600505520972	1.1621866167669266	1.9429712521390616	0.2465600710043246	0.4241277480533976	0.007114246585766926	0.22213859235375422	0.004802641967359439	0.061083420034350355	0.3017997951592827	19.56713589324455	0.05110609981224921	sanrenpuku_box5
2023-04-08	202303010110	-0.046162194488361986	1.6512051966801236	0.7973168350479634	0.6743088394834127	0.9469317181566179	0.920137428551737	0.29474784018045913	0.0029108894646651673	0.1358953351561385	0.5530766487331922	12.51038421952936	0.07993359615917695	sanrenpuku_box4
2023-04-08	202303010111	-1.2962473479507635	1.4622260496048574	1.7666540891353164	0.4217377423564921	0.4386269739627921	0.044401004310458625	0.23898191227138094	0.03081777058601659	0.09018292692540367	0.3726602071101948	17.970280028691683	0.055647435566022425	umatan_nagashi5
2023-04-08	202303010112	-1.9473455106276742	1.5476128981489825	2.025490981409872	0.1216399984429245	0.45273344312713254	0.20246164446275516	0.25260548165830854	0.051036921917482436	0.05195253427684047	0.25779272783507534	19.98992067925412	0.05002521100735618	umatan_nagashi4
2023-04-08	202306030501	-3.356171376311875	2.2966046284407207	1.7378036420826954	0.504241876046272	0.3258484411550267	0.014094061837775118	0.2878923032665922	0.0024572422637272884	0.06379866034168968	0.30524999779977646	19.440470897979772	0.051439083201627524	sanrenpuku_box4
2023-04-08	202306030502	-1.0292023558204793	1.7543258171424083	1.402115128317321	0.6904374825303012	0.5326321820901679	0.11636941522109545	0.21404448823220673	0.04337109538942907	0.11416306393738553	0.444694664602618	15.709887235385493	0.06365418064539416	tansho_p1
2023-04-08	202306030503	-0.6074235049494839	2.6727798926883732	0.8704605319860323	0.969505412656896	0.573074566424436	0.1731269193781167	0.5269565804799674	0.3566738106125131	0.3066446550670425	0.7497653903122636	6.032500646401341	0.16576873482749566	umaren_box4
2023-04-08	202306030504	-0.1311875785485912	1.7470467342946197	1.056130601244182	0.6559369368688105	0.8463529398895471	0.7457472606104256	0.33672795331610217	0.09309549159760366	0.14193703597319027	0.5002127282109767	13.970388997444939	0.0715799681872059	sanrenpuku_box4
2023-04-08	202306030505	-4.029539342107017	1.53995549120985	1.7126668889472536	0.4724291362748771	0.4631624863592887	0.10369805332916943	0.2472206161182097	0.041610006866150684	0.1078284058772053	0.4178290304278688	16.404036630828706	0.06096060515499358	tansho_minodds_top3
2023-04-08	202306030506	-3.601658383516231	1.9722065910798854	1.9201535674735042	0.2697051725429351	0.40008899639052575	0.07040857739983902	0.2900042967662294	0.005085929188165028	0.0655500679330688	0.30773802635066033	19.337440134873646	0.05171315298329347	umaren_nagashi5
2023-04-08	202306030507	-1.9438498909774566	1.7547115038477377	1.4029073460456456	0.7388316389239331	0.48355181331766534	0.12543689907835753	0.33322068531480764	0.07566775157338895	0.18105320548396292	0.584131635731617	10.741714061305942	0.0930950120523338	wide_nagashi4
2023-04-08	202306030508	-0.5535077570001851	1.7919804154737842	1.4159498239547985	0.5923896113995653	0.7065119409085854	0.5263643918741334	0.31529642794001145	0.029486492921894147	0.16582276535349721	0.535293662829404	12.281401081704868	0.08142393472432569	sanrentan_1-234-234
2023-04-08	202306030509	0.3856483238316543	1.2273136774436593	1.695272784979952	0.45086663450039016	0.557931153560709	0.3116143466528395	0.2825905709754051	0.07070802412799027	0.09861172534688994	0.39518250637208774	17.367383070134185	0.05757919866002436	tansho_minodds_top5
2023-04-08	202306030510	0.06377940156930949	1.2749298783114544	1.8291753021442836	0.3080729422296679	0.3063470798313371	0.0542666545598387	0.29670913899886076	0.0011261248117951927	0.05323123840637884	0.2632843137633503	19.97033809582616	0.050074264902355455	tansho_minodds_top5
2023-04-08	202306030511	-3.3640258656073496	0.879600387433189	1.997429157307796	0.174736374686871	0.6178559890947003	0.42375649557916645	0.30457320911195074	0.06050595176010837	0.05803759867505253	0.27533859310358866	19.88671509333244	0.05028482558868041	sanrenpuku_box4
2023-04-08	202306030512	0.7599982044116765	1.861564019955546	1.7483239579610192	0.44554600618258927	0.3971137419797149	0.01148676634572604	0.25283466857963144	0.008889125381534524	0.07427068331961731	0.35187669806275634	18.59159007554366	0.05378776080672367	tansho_p1
2023-04-08	202309020501	1.2273209852778402	1.8969397752991624	1.6436720586575304	0.5613197665311117	0.3758439294698446	0.0034569604979838853	0.2666104053017383	0.031096715788394735	0.1086297610250405	0.4476484196433169	15.230855213886107	0.06565619500396085	umaren_nagashi4
2023-04-08	202309020502	1.873944358659089	2.541458535185036	1.177974970316485	0.8233990087755317	0.6350757955683326	0.3768925556472515	0.30657382544404954	0.054354390481653636	0.18523183565309503	0.6024829930765785	10.64114047733099	0.09397488945196407	tansho_p1
2023-04-08	202309020503	-0.3487464670566613	2.381991681934136	1.4569358485568733	0.7126306865989619	0.4635239896732331	0.16254395234189412	0.3348735459881358	0.04768644279683498	0.16652939919588314	0.6673705819786859	9.534370541029048	0.10488369375793838	sanrentan_1-234-234
2023-04-08	202309020504	-2.519729237206841	1.4207492580418326	1.9893723593275436	0.1902824345250433	0.4454490904002686	0.09054162074783412	0.33199354918704477	0.1262521943301132	0.07081865066101185	0.3313465619072189	19.109675014773007	0.052329513674457345	wide_nagashi4
2023-04-08	202309020505	-2.2511169786472482	2.4522275890735035	1.8815493597504587	0.31329898079823054	0.3292140036631739	0.023730469087780814	0.2844309476898764	0.03632715668524927	0.06246020981029142	0.30273891251376867	19.439807986083515	0.051440837312584343	sanrenpuku_box4
2023-04-08	202309020506	-0.37609049363660724	1.197789821617532	1.2682621985070617	0.6302407418993217	0.7711114364686684	0.6243935580688402	0.3398628324015336	0.11590327428014599	0.13894331594828288	0.4783139774941849	14.482444436515854	0.06904911697631738	tansho_p1
2023-04-08	202309020507	-2.416665642292904	2.1366167006612264	1.1230554475040493	0.8661796395460593	0.6537129425938346	0.46255886038123367	0.40621907252607015	0.04930903296382977	0.2564659608689966	0.7491844920514626	6.703471337217335	0.14917644153232226	umatan_nagashi4
2023-04-08	202309020508	-0.44109065135286474	2.3813610218138375	1.3611511688776894	0.7484289675563179	0.488365759971378	0.09805553058103494	0.24458847492651326	0.04512837752292481	0.131331409925909	0.5082528599634277	13.828592232535492	0.0723139407963184	sanrentan_box4
2023-04-08	202309020509	-2.6873459458932456	1.2250132798530644	1.4203214367771333	0.7239536200429363	0.5359552968058622	0.21941570625587836	0.25521557206532075	0.0076069589089653444	0.13135997298218385	0.5047440795331903	14.024408709300381	0.0713042539424028	sanrentan_1-234-234
2023-04-08	202309020510	-2.4534100295161982	1.2693087983245797	1.8871782472461085	0.30864916512041385	0.3391416851044573	0.09535908401774656	0.2794332188374313	0.0008460988153531912	0.06399592521679845	0.30094950312366314	19.488443580397274	0.05131246093997286	umatan_nagashi4
2023-04-08	202309020511	-0.43831534729577815	0.9328831375317349	2.044789592411645	0.1282173490363253	0.4002706863342404	0.09202795334938452	0.298689340927627	0.0032826780560221147	0.05627874322406446	0.2734562551673986	19.886761063112083	0.05028470935143371	wide_box5
2023-04-08	202309020512	1.8090656800544171	1.104998037629954	1.605291627328986	0.4671317263520755	0.6343187383872483	0.3795138631347069	0.31170818814513346	0.11406168943602946	0.09985213287963109	0.398318901857706	17.11477869297533	0.05842903480898906	umaren_nagashi4
2023-04-09	202303010201	-1.5589541245884757	2.6596165467286874	1.559523430702956	0.6463196466369476	0.45050335466586194	0.13825717803103105	0.2438254976547797	0.0021174523613984864	0.09874744192475556	0.43686193110410915	15.877687057633663	0.06298146552266382	sanrentan_box4
2023-04-09	202303010202	-5.120788599207332	1.139929214251596	1.8825711898215474	0.2933825391760998	0.518262972795494	0.28069290011474646	0.2711391761249896	0.00109636664687901	0.08019726810067902	0.34973876523950953	18.567060279147825	0.053858822288796765	sanrenpuku_box4
2023-04-09	202303010203	-4.223438633243301	1.5934605458879039	1.853096783432311	0.34643935737452103	0.3265628774037234	0.008229145051635356	0.26314044822901106	0.0034999775907746944	0.08967298734152496	0.43116107492328987	16.34872364153096	0.06116685448518329	tansho_p1
2023-04-09	202303010204	0.9897203660650903	0.7170222304591944	1.6671083641596647	0.43257544508478957	0.6372009555190101	0.4842941545836578	0.31422120814884835	0.07095637598641708	0.09485003560924886	0.3795871982635616	17.805380157856728	0.05616279973436816	tansho_p1
2023-04-09	202303010205	-3.046755648832854	1.173547065602829	1.746103518521878	0.346964291527086	0.6936461137654614	0.5763607863305562	0.2923547449801303	0.045049170197593	0.06096830769684742	0.29860473737527804	19.275997956760637	0.051877988483043584	umatan_nagashi4
2023-04-09	202303010206	0.6623390816012228	1.749475961604423	0.8098253734806722	0.6220995015329304	1.0	1.0	0.255399708181908	0.01584167340492265	0.10235309222693885	0.3914501035500434	16.99001270035219	0.058858107856462685	sanrentan_1-234-234
2023-04-09	202303010207	-2.6044397487447895	1.6826392379667428	1.8614361234047891	0.32119386520331666	0.42225366021524346	0.1122588410068332	0.2159057921536397	0.0024505887515083313	0.09430980431469581	0.45017002804047707	15.802810872287624	0.06327988154016548	umatan_nagashi4
2023-04-09	202303010208	-1.1385994018401482	1.6594968662747673	1.7166742781098507	0.4281856643122101	0.6105736922450113	0.3646564242076946	0.3098332287374259	0.06082431116537568	0.10561288369284642	0.4042771976341613	17.073518664096483	0.05857023497463809	umaren_nagashi4
2023-04-09	202303010209	-1.121816635285954	1.4198922668752636	1.7704516583369136	0.3916342270806892	0.5289738359252626	0.24249989253824528	0.27653848067820225	0.05338527910257285	0.10371319871255577	0.410521676316841	16.933790498743214	0.05905352378572403	umaren_nagashi4
2023-04-09	202303010210	-0.36144970940951093	1.7226761133300725	1.5950885574439848	0.59659255417618	0.47090652182750936	0.15584992261130776	0.2837930808327465	0.06232634305165444	0.09875831238436236	0.4205094200241247	16.562463481883434	0.06037749161492992	umatan_nagashi4
2023-04-09	202303010211	-0.9915699516358107	1.0892665364624463	1.8460757275093833	0.26218329683792985	0.6570505657949423	0.48382555842245467	0.27300677867576284	0.039247517988871744	0.07741728290897501	0.32415894071426765	18.98017134020511	0.05268656336530171	tansho_minodds_top5
2023-04-09	202303010212	-4.19229576853435	1.1619907351048273	1.6989165020796135	0.33055990251163103	0.8241747182031596	0.6881421818650604	0.3501963207009911	0.15076403503410266	0.07749823519657009	0.34803913413195114	18.71872496140047	0.05342244207669493	umatan_nagashi4
2023-04-09	202306030601	-2.544561220326843	1.276717373258228	1.6852120125997354	0.48756995540025255	0.46338808598625264	0.15060579313561906	0.2724615468064173	0.010768965068126912	0.1322072967257682	0.5529810646380513	12.61747916330608	0.07925513385496064	sanrentan_1-234-234
2023-04-09	202306030602	-6.192027132217769	1.3864525820443192	1.9821588020215781	0.19040291900902595	0.41218752062144554	0.00951516638402472	0.28866331761251096	0.00794651197036178	0.05747736206059804	0.2760022665526682	19.879962094176822	0.05030190677742374	tansho_minodds_top3
2023-04-09	202306030603	-2.4276244224782233	1.779992381640643	1.8167948541736012	0.38171209041617393	0.3582122014410191	0.0964928016032286	0.26721528130611844	0.020624730475439335	0.08845919808352716	0.4033717931466179	17.194949253673823	0.058156612459111676	sanrenpuku_box5
2023-04-09	202306030604	-3.3494427537439595	1.3432701097721564	1.9374335561210794	0.19840333598156362	0.7135971830044834	0.6136015161362769	0.30672932848952733	0.044541511980124404	0.06725846477269473	0.31128480156864685	19.46455269140041	0.05137544211030381	umaren_nagashi4
2023-04-09	202306030605	-1.8261374211196126	1.1071216913698145	1.8445404229298603	0.34214520380169017	0.46896665786511726	0.24872291103742813	0.2443103752017285	0.0006472128021595414	0.0879199484227876	0.38190069842312796	17.724620012610902	0.05641869892209307	tansho_minodds_top3
2023-04-09	202306030606	-0.6926789264354128	2.564243249007241	1.4228609050557104	0.640807316030555	0.6871586424979009	0.5060889195650825	0.31923454233786536	0.08224419558439491	0.10457888534197607	0.4276517757944163	16.386683139741955	0.061025162412199255	sanrentan_1-234-234
2023-04-09	202306030607	-1.8878630273431922	1.1067698738354221	1.6690491342760865	0.5082203862339707	0.5160151446534731	0.23285804514015657	0.27084921579552546	0.03948562411554912	0.1102578882957264	0.4230521660178449	16.28304042619507	0.061413591922996565	wide_nagashi4
2023-04-09	202306030608	-1.1979473431056256	1.9664622997319061	1.7443861992771463	0.4003105169941458	0.5902000655811628	0.3901662329378133	0.2816673472543144	0.012150718675791983	0.09221485100159216	0.3746094519972989	17.98328941554316	0.05560717935928277	tansho_p1
2023-04-09	202306030609	-2.674539361968718	1.457367481033918	1.4560512803311039	0.46664849743233616	0.7777906812288194	0.6210762019016803	0.3496899408947628	0.17084790976721428	0.0978975382707134	0.39319850598072603	17.325953451374648	0.05771688137143527	sanrenpuku_box5
2023-04-09	202306030610	-1.9039768762331484	1.5144370447342803	1.2002523492980983	0.6804425481258086	0.7563012319212867	0.5774192247848459	0.321805607544155	0.08348246809668583	0.14663811951135344	0.5017636422608663	13.505106125492595	0.0740460675175572	umatan_nagashi4
2023-04-09	202306030611	1.443671399136064	1.0681356250260527	1.7575243356799395	0.4515558916337029	0.4087335263864562	0.13005110670160452	0.24621651898718197	0.005707419224334792	0.08364239808936035	0.3776940343192276	17.65439050543485	0.05664313359853194	wide_nagashi5
2023-04-09	202306030612	-3.5328508197145485	1.493908225606354	1.582992764793111	0.5985734712857909	0.47911663551968614	0.13897569344223087	0.2705262893942927	0.02142590860155391	0.13115009357876228	0.48166444341484416	14.085893074797559	0.07099301369745574	umatan_nagashi4
2023-04-09	202309020601	-2.416434013596871	1.778581236942895	1.5955677958084697	0.5215530634811814	0.6297893106351778	0.394323397030682	0.3131908877386113	0.050686046921368966	0.12009059899689833	0.4349218817255816	16.049455447746528	0.06230740994644825	sanrentan_1-234-234
2023-04-09	202309020602	2.304890956006531	2.9349885895740915	1.478983960485983	0.7333150889214797	0.4886340398474283	0.2890704115120617	0.2735180340255774	0.000961799094622573	0.10650840251604966	0.42926226858297	15.819184609404713	0.06321438333841094	umatan_nagashi4
2023-04-09	202309020603	-0.05280487812873187	2.748253631068907	1.5011992586810794	0.6737518079848321	0.4675386822227082	0.12765296213902938	0.2952360805463916	0.04590063243049339	0.1465793370212703	0.5154254168090835	12.864193762222664	0.07773514753304064	wide_box4
2023-04-09	202309020604	-0.4220407856139365	1.2961945340436232	1.780269638881117	0.40579527713998176	0.4922055486529468	0.26631958030281855	0.25481080015096635	0.0008039008891065902	0.0992910985931746	0.433990565928459	16.268284359488362	0.06146929681719984	sanrenpuku_box4
2023-04-09	202309020605	-0.8983744381408906	1.7120938641701837	1.5381210161364036	0.6668998832181748	0.4505264472690971	0.13128784574041102	0.27419477461516123	0.031090637753459327	0.11987286013926723	0.47057651693256886	14.745972625796632	0.06781512656890452	sanrentan_1-234-234
2023-04-09	202309020606	-1.2199896177446816	1.3929166751615498	2.0014860283780216	0.18598418948520232	0.4149238188300086	0.20936768719330834	0.27666487574085574	0.056754412655638437	0.06323038654291364	0.2969581009638566	19.606022085338978	0.051004736995975415	umaren_box5
2023-04-09	202309020607	-1.0680461906462448	1.3949988016364108	1.7327352542782906	0.5089872670602106	0.3274123973683987	0.02119207601927875	0.275441969101499	0.018559946967982577	0.07132937964073266	0.33904102068467534	18.917405331798047	0.05286137197256706	sanrenpuku_box4
2023-04-09	202309020608	1.6983076785422915	1.9321633326943406	1.2482570021604569	0.8407906392959049	0.4991282500675874	0.11083722885726321	0.3273286937755454	0.13039958453807293	0.1785212211375098	0.5683676418622278	11.197085694063608	0.08930895300106285	umatan_nagashi4
2023-04-09	202309020609	0.5782288950592431	0.8029944972986264	1.8994049590943614	0.23434019577196225	0.8608333659102679	0.769043790512137	0.2610733837491931	0.004423802908545882	0.06280349715644645	0.2921942810925144	19.73056503134888	0.05068278573934154	tansho_minodds_top3
2023-04-09	202309020610	-1.267071448232689	0.6825107228165385	1.9916503742077412	0.18476188152349324	0.448810146318549	0.1477943841677788	0.22299883773209042	0.0174642243835004	0.07201490322004898	0.34032779766250804	18.954760697546806	0.052757194667692305	tansho_minodds_top5
2023-04-09	202309020611	0.9038112058728893	1.541777765597233	1.927511682394977	0.19679663607572365	0.6919225763125456	0.4682710244734234	0.3966992323747089	0.25084385263256737	0.06292619831734818	0.29514066258140087	19.65148159539316	0.0508867484187262	wide_nagashi4
2023-04-09	202309020612	0.25666858297559014	2.3984041040831907	1.6507587029419288	0.5351354849888645	0.4625817666937874	0.08940140266598251	0.23608145255821428	0.029256033662974718	0.09684177685689073	0.4174909772026107	16.691782223772513	0.059909720040307944	wide_nagashi4
2023-04-15	202303010301	0.6054659414478398	2.028492724056618	1.3057753079280272	0.7871426663182374	0.4907337273244922	0.09229484237252433	0.3159097968906315	0.13389783544827433	0.17136837665168445	0.5659419797215857	11.725196150728305	0.08528641970206063	umatan_box4
2023-04-15	202303010302	-2.1055450923048085	1.3119671461306508	1.965761884987085	0.1812859486080611	0.6167004393020172	0.419804895292595	0.3074029833751862	0.09888283238745935	0.06044175146419908	0.2846792714289181	19.811635601215812	0.05047538830860746	tansho_p1
2023-04-15	202303010303	1.4970358307357863	3.005265922714875	1.3145772950416232	0.7342647977056433	0.6341110839918557	0.42774163908304497	0.357794879556621	0.03665140583316473	0.20494315961484366	0.6478123794430732	9.13676751765183	0.10944789807424173	sanrentan_1-234-234
2023-04-15	202303010304	-2.1173874054481585	1.8632820612165317	1.7635376244133296	0.3428280742064	0.7331569313931099	0.5909868099146021	0.31238743238395794	0.09816013224846062	0.07191552496969329	0.3326715005544851	19.08066831420796	0.05240906573777472	tansho_p1
2023-04-15	202303010305	-2.927656241717393	1.2663446823814077	1.9463859993694994	0.24557633913707974	0.4103754823354616	0.08998914672693759	0.29377409430482315	0.015806003394255086	0.06749648301193985	0.31595842831283694	19.242897447627346	0.051967225971123195	tansho_p1
2023-04-15	202303010306	-3.9439135076516174	1.6228583674417032	1.8252838002908889	0.36567707078033956	0.4208826364158385	0.008611094475155012	0.2292431531204093	0.006015316906684776	0.08499230168327426	0.3543038396514908	18.246769347276743	0.05480422210462402	sanrenpuku_box4
2023-04-15	202303010307	-0.9694416181146854	1.3683376144479544	1.9767055460271075	0.20670442161036964	0.42911671790760963	0.22922078473921112	0.2635421126107038	0.0023632628972601877	0.06082670915346357	0.29406120792879087	19.634558156791503	0.05093060877736658	tansho_minodds_top5
2023-04-15	202303010308	-2.18932158397349	2.1328997971776693	1.5865591785938202	0.525537434451691	0.622961909252399	0.3944547056228124	0.319199095024552	0.09021310206922534	0.09500751286222536	0.4012927030147202	17.050392160904426	0.05864967741287164	sanrentan_1-23-2345
2023-04-15	202303010309	-1.428691370853907	1.5991929011079038	1.6889057938237175	0.4373680819848395	0.5933799436412597	0.4174276073509844	0.31102301504323626	0.06534993134891226	0.0900000830109511	0.3570871814558415	18.14778799694951	0.05510313434166696	umaren_box4
2023-04-15	202303010310	-3.289725945687095	1.418445005587885	1.8366571727224756	0.35198784569621827	0.4961454883594507	0.18157216061427878	0.26132049071704316	0.06585959559986804	0.08569940851502089	0.37170506587824487	18.040971532673836	0.055429387391300364	sanrentan_1-234-234
2023-04-15	202303010311	0.8144053652513794	1.6389476170904242	1.2385225381430247	0.6628107809513515	0.7490829081490015	0.5679396868210853	0.3113660727596813	0.06937239814702992	0.14488542038075125	0.5035943713963021	13.621191826553567	0.07341501483376583	sanrentan_1-234-234
2023-04-15	202303010312	-0.4972563799309977	2.376833365821135	0.7683096619930322	0.9253416278884545	0.7859760996521786	0.5950769785269986	0.30658153408646593	0.10334709012044785	0.23588234178613116	0.6221897247316489	8.93913791679404	0.1118676106474754	sanrenpuku_box4
2023-04-15	202306030701	0.7343338237768797	2.0837374718630604	1.6041974616574701	0.4320210526892652	0.8273080888908724	0.735622122485486	0.31663474079864407	0.05883020249771492	0.08312070032377471	0.35263180888334367	18.527940291532964	0.05397254008083065	tansho_minodds_top5
2023-04-15	202306030702	-3.7084152490714404	2.2705869921601574	1.900461502480106	0.27161507332482426	0.6226969150212975	0.3855043859537667	0.310528062601668	0.10504320549830021	0.061600309972438455	0.2972801813626931	19.669866463812415	0.05083918601276462	tansho_minodds_top3
2023-04-15	202306030703	0.5135290491667925	2.181532037097223	0.807555282981164	0.6533495549213956	0.9526801660520836	0.9053603321041672	0.32736777317896854	0.11073439027493961	0.12328123018604466	0.48399905931465975	14.527365570425637	0.06883560513103416	umatan_nagashi4
2023-04-15	202306030704	-1.7890979059183356	1.8307418599963823	1.4726821891181419	0.6017543774821176	0.66778035949877	0.4998296900560407	0.27647903953745673	0.0005905132132573154	0.1248604547262372	0.4472728549235224	15.25386464657623	0.06555715703328026	umatan_nagashi5
2023-04-15	202306030705	-3.135260455186394	1.2461585856583262	1.8822728977363745	0.2951916062223337	0.4772762487013191	0.2261569308408723	0.26716739395759875	0.05112162665976738	0.06882723507209074	0.3192811548217301	19.31343618310782	0.051777425338461185	sanrentan_1-23-2345
2023-04-15	202306030706	0.7578955265392809	2.0177799488634505	1.2477732060925102	0.7764904092747661	0.5962726942148162	0.29838451089296797	0.2452320276146735	0.019006963830390466	0.13923596158319704	0.531332241880902	12.888748328338933	0.07758705302680678	sanrentan_1-234-234
2023-04-15	202306030707	-5.297408592234997	1.3741153401662554	1.7547961802953176	0.4159170272183849	0.5242155015124834	0.22917607120943606	0.26926593529779513	0.058241244111360724	0.09611320829750496	0.3889041676053103	17.533271341773663	0.05703442218552013	sanrentan_1-234-234
2023-04-15	202306030708	-3.144493880249568	0.6984994439337121	1.9735556607265994	0.20174227923037838	0.5757910275247665	0.3602584647426176	0.22993546014860583	0.0008903485257908406	0.08022488978416557	0.36405981232153256	18.463789233813248	0.05416006364331068	tansho_p1
2023-04-15	202306030709	-4.691622607435832	1.5909602750488825	1.7754003547118518	0.4416793860787592	0.33015155735824864	0.04925157816320597	0.2837051277654036	0.03272754611549594	0.05689062593549481	0.27803968834213505	19.7894450946175	0.05053198789651704	sanrentan_box4
2023-04-15	202306030710	0.059596650942498046	2.3175624297845565	1.7757990493887674	0.42069970271786217	0.43169450568714063	0.05481424017777958	0.21494839184284167	0.0028022898561037846	0.08861722230820002	0.3925195086236775	17.278007333580405	0.05787704453953237	tansho_p1
2023-04-15	202306030711	-0.2805910835672141	0.38774920785049477	2.0130068586827283	0.17024068565793074	0.35758925701620514	0.0006215142062359624	0.2620099709438733	0.006348819223998159	0.06773080245572881	0.32434276585009225	19.202291708598224	0.05207711741782515	sanrentan_box4
2023-04-15	202306030712	1.2658570030889054	1.4263799725487132	1.6675129252776	0.4689791507629937	0.5893442254014531	0.38656968161195115	0.2905475240541923	0.027113688338147146	0.11224321860251132	0.42877584916681466	16.27527713490996	0.06144288614631522	sanrentan_box5
2023-04-15	202309020701	1.007524807280979	2.1469988954978065	1.7194997653325266	0.4344302298336254	0.5686246119905071	0.3692610528868842	0.2857475533770591	0.025301731645077985	0.10428180354286598	0.41841291744440606	16.54193089854744	0.06045243485376974	sanrentan_box4
2023-04-15	202309020702	2.5342026753420095	2.5210819175195933	1.6892106289152582	0.384415213882138	0.6967016983316046	0.47559180878112006	0.3405971269284568	0.15332096742490203	0.09307499961415158	0.36768640637523525	18.039931434429175	0.055432583191059245	sanrentan_1-234-234
2023-04-15	202309020703	2.2975682942014046	2.6356355742943136	1.5918703842948898	0.4789688487533741	0.7187610194457469	0.5827048943277413	0.3122132564199772	0.07766149332769526	0.08561745868447453	0.36430994720511856	18.28914714976857	0.05467723518275995	sanrentan_1-23-2345
2023-04-15	202309020704	2.7270996697147822	1.6211088864832577	1.705587923321037	0.4294153331758747	0.6075008795453414	0.44078917575052445	0.2870821095590811	0.027775073089491287	0.10423095473624615	0.41462036328755897	16.688787468334365	0.05992047066914956	sanrentan_1-234-234
2023-04-15	202309020705	-2.9258401864203964	1.5642196717448482	1.8673421364078728	0.3092204848704462	0.5027068028045666	0.28351199317054654	0.24186474031532948	0.001350804890396795	0.08610978168351227	0.3743475803452512	17.95510874209793	0.05569445523074882	sanrentan_1-234-234
2023-04-15	202309020706	1.3619453533317174	3.0243309810067074	1.5473164061047386	0.6173713066161857	0.442868514942202	0.0332872338049191	0.2150329562091698	0.025215594495342997	0.11078338467123322	0.46468427200064133	15.328135236061827	0.06523950791139578	sanrenpuku_box5
2023-04-15	202309020707	-0.4240785265283614	1.3676315225320728	1.2533537141745523	0.8717377682920994	0.45757297512990786	0.05873714028637367	0.4016363000332187	0.19306674602488025	0.20838296078748447	0.638272766712422	8.866875173211813	0.11277930279442222	tansho_minodds_top3
2023-04-15	202309020708	2.295021477788719	1.562349637593771	1.3941835130847706	0.7735511931257513	0.45220070106486987	0.0521322080624218	0.2636630946367196	0.051538540948135675	0.12719812772459937	0.5097852839897251	13.554561474417133	0.0737759020745451	sanrentan_1-234-234
2023-04-15	202309020709	-1.3179533955169018	1.0147849195924878	1.8380598503262369	0.31974072008155024	0.576572985589679	0.28835564110166045	0.3046886586987063	0.12074661506387888	0.0819337145100257	0.3491344031330708	18.66608967414365	0.05357308453227912	sanrentan_1-234-234
2023-04-15	202309020710	1.1536348137741903	1.5317808162042665	1.8530329555636136	0.30188908636580586	0.6159251851900508	0.41597883762541615	0.31096211477433783	0.11487199589452243	0.08465106097802812	0.3535202860998	18.610672904883568	0.0537326084398374	wide_nagashi4
2023-04-15	202309020711	-0.3936824344903144	1.7347474599305681	1.6927920982511633	0.41491609031904103	0.6417918496877977	0.4111732822865182	0.3159663142090813	0.10882719473707708	0.09989488025997145	0.3833593343186532	17.60801244912886	0.05679232695280574	tansho_minodds_top5
2023-04-15	202309020712	0.7177818737779488	2.281726696025275	1.4889397095015213	0.6636097203164704	0.5098548737545318	0.19929199085410593	0.313734292562073	0.03838291760921525	0.16479984838797146	0.5722782709880727	11.614676472656477	0.08609796427427158	sanrentan_1-234-234
2023-04-16	202303010401	-2.081723307940015	1.6897940674469059	1.8081379369339174	0.3709487101134863	0.4578451583445616	0.2515927132788672	0.2471526888140987	0.004754325813614874	0.08244801600140203	0.35666711548091423	18.226600545766328	0.0548648661876929	umatan_nagashi4
2023-04-16	202303010402	-5.2661212834015645	1.2787109196458497	1.9204088202623197	0.23728109364205588	0.550996820577237	0.2659233111780421	0.38207577728450237	0.25599783051342184	0.06896558863506444	0.30751363267867765	19.456853291515305	0.05139577222572149	tansho_minodds_top5
2023-04-16	202303010403	-3.443840980895384	1.9340503776450628	1.1413673897708159	0.8452229545685385	0.5607355171143552	0.17017290968782545	0.26458377807876626	0.053767310508770094	0.15141325119733504	0.5538378710294068	12.497186001041685	0.08001801364856428	sanrenpuku_box4
2023-04-16	202303010404	0.5794460876582276	0.6162262988698839	1.993433069400008	0.18416737456529556	0.45413601059539366	0.10733355146549356	0.29929657018327765	0.09964236910913804	0.06820098947215815	0.3181034123674583	19.364776580122584	0.05164015168790911	tansho_p1
2023-04-16	202303010405	1.778814762074777	1.0898266539768913	1.5040803593361227	0.6327955048665694	0.4817438329052489	0.08204190351556734	0.22083045052625416	0.04047179965993547	0.11380750230467752	0.4432555243571089	15.777799676860827	0.06338019372033005	sanrenpuku_box4
2023-04-16	202303010406	-0.8657793319670957	2.098124051513262	1.458230788934312	0.5070930567216556	0.7713747170659783	0.636888763125032	0.30377656090976035	0.023695048244909922	0.13979592383699985	0.4681270207087401	14.492744378262188	0.0690000440151218	wide_nagashi4
2023-04-16	202303010407	-3.1576365781218545	1.2309142856770752	1.6770283823173893	0.33505656725454996	0.8238647530760702	0.7297907514591332	0.38674266286667003	0.17204221496582286	0.08196283978333295	0.35535387486057385	18.598415164551664	0.05376802222944173	tansho_p1
2023-04-16	202303010408	-0.7992654958044824	2.0229778334145854	1.3261466433144418	0.7262438176687918	0.5913825198347998	0.2884689148003837	0.2998850070888623	0.059091769933989735	0.1826838412375601	0.5550094903104421	11.821717272974572	0.08459007916608555	wide_nagashi4
2023-04-16	202303010409	-1.9585787423021954	1.365050238742464	1.6991103882881882	0.3382713399553028	0.8314045592624232	0.7116163071142116	0.2768494791330147	0.0066663608461038915	0.08167573470170927	0.32797633964031586	18.84171964311937	0.05307371189790421	sanrenpuku_box5
2023-04-16	202303010410	-5.6229442249065125	0.8776171176936521	1.920509416871404	0.2668114252784321	0.46398203900559615	0.11501264266561351	0.25509406116104516	0.06762411888164105	0.0759419337658503	0.33639151991069977	18.979762596072387	0.05268769801193071	sanrentan_box4
2023-04-16	202303010411	-2.7219521055125258	0.8429715913475019	1.7236251094758437	0.3146610812684052	0.7547094740157535	0.6685553435864856	0.2678075312699484	0.010136469109784718	0.0703125314922682	0.33842023999358684	18.96201142822072	0.05273702126936403	sanrentan_1-234-234
2023-04-16	202303010412	-0.48056716461012244	1.9583304007646938	1.7750740066118849	0.41250659346036067	0.3778786282790317	0.0071120821136132495	0.27850372704838544	0.005301601478512219	0.10380834758489499	0.44884953709789605	15.669978977929379	0.06381629492984421	tansho_p1
2023-04-16	202306030801	0.5973248080523835	2.5138204048317143	1.2390686421066555	0.840620041958449	0.49586569476822967	0.11608071732244418	0.4223325633291265	0.231976326244019	0.2333609866251071	0.6443613499068002	8.388553423511595	0.11921006513437479	sanrenpuku_box4
2023-04-16	202306030802	0.5641339188542398	1.8113428210250742	1.778728205735756	0.40734866561130106	0.5057247578066926	0.19424078258982297	0.28960279932132216	0.0944705692373887	0.0861986115874723	0.37231853708035184	18.104219937452353	0.05523574080821298	sanrentan_1-234-234
2023-04-16	202306030803	-1.3577952612585806	2.527079585194378	0.953338547865203	0.8368599248539589	0.8065327651975585	0.6924380004619508	0.31454418585996574	0.0419890483584302	0.16089302249236756	0.5635832162923446	12.099308281373823	0.08264935290056552	sanrenpuku_box4
2023-04-16	202306030804	-3.7655280824860333	1.4621289468565328	1.7343843942506716	0.42925570341636193	0.5504519831991143	0.3633495451100994	0.27923453101284834	0.04296712519948773	0.07585854460954272	0.35469823564864356	18.36678212822654	0.05444611870596398	sanrentan_1-234-234
2023-04-16	202306030805	1.7601661668766109	2.4855450891407767	1.7641309103082825	0.41287797192664144	0.36289820231246367	0.006430482733984277	0.24548406078360877	0.0010026036146909278	0.0641289866701888	0.311021945567556	19.311667858106784	0.051782166478190186	sanrenpuku_box5
2023-04-16	202306030806	1.8572667675774595	2.2878703417639006	0.7155183808415357	0.9207697343197313	0.8141695540325733	0.6543003795021681	0.3653542657712299	0.16351907656444967	0.29217528808369975	0.6539281852149371	7.531537327332254	0.1327750174417857	umaren_nagashi4
2023-04-16	202306030807	1.3651930606392333	1.2059179540878033	1.6765744237458322	0.3174385268071056	0.835756539938661	0.7477760256795166	0.39280488071239206	0.22789986076985747	0.07532849466517252	0.34118492823598284	18.86749444911061	0.053001208119986425	tansho_p1
2023-04-16	202306030808	-3.209448790512043	1.7310688420403304	1.5959019049428362	0.6159945602036915	0.359476484914774	0.02727657039804232	0.304218015048548	0.05210889874151381	0.1250771837446677	0.5427869311807723	12.782827847671765	0.07822995130002769	sanrenpuku_box4
2023-04-16	202306030809	0.525026396726169	1.7311769419758178	1.5293910054237512	0.6179768573190286	0.4808208597907213	0.11331063578191225	0.2263271622750106	0.0076590495249237445	0.12483117834006273	0.48557286530644916	14.753628136470455	0.06777993797525876	wide_box4
2023-04-16	202306030810	-1.4423360264046003	1.217515066888493	1.9270212982510222	0.24128160453983657	0.5307983575460751	0.33317460975374613	0.3079225927744108	0.08955094155599169	0.06748468064370489	0.31389664264488515	19.413411938544233	0.05151078044218268	wide_nagashi4
2023-04-16	202306030811	-3.2609518810164437	1.808780634406848	1.866106556978559	0.24206324968195522	0.7207119824021214	0.6273195587888232	0.22260473486220111	9.374106123147263e-05	0.06506223781729634	0.323367794928718	19.262653213567408	0.051913928414371424	umatan_nagashi5
2023-04-16	202306030812	-3.753949349379868	1.575320041146028	1.7086810274864277	0.5037653629882038	0.3718926733108517	0.02137204324919867	0.24487873730159615	0.002252729757314831	0.09338679935003133	0.41942020208314756	16.667457191415465	0.059997154245882665	wide_box5
2023-04-16	202309020801	1.2302316814270877	2.5661756703600784	1.3969522219515196	0.7475654676109184	0.4658613608890767	0.10088088979402271	0.370909442362954	0.11214505028881261	0.19566066411806202	0.682699011364097	8.862530440091644	0.11283459128967001	sanrenpuku_box4
2023-04-16	202309020802	-0.5288647483681105	2.2237472263775846	1.7142991519137383	0.5214971230815656	0.35949243382735024	0.08762126689100419	0.26698700654832885	0.003305227356626139	0.08208893171540194	0.3601440134232885	18.114138256894716	0.05520549671300945	umaren_box4
2023-04-16	202309020803	-1.5590308725464022	1.4061735550448424	1.6034395895433904	0.5525399183042122	0.5257626506091995	0.2867710578653771	0.2851344358504887	0.024270025737288425	0.10772098663212581	0.4347760442457296	16.039200628846892	0.062347246794922914	sanrentan_1-234-234
2023-04-16	202309020804	-3.06221729984245	1.3346538271663322	1.7883275485295782	0.3663376440347051	0.5561288326235394	0.22406578245277964	0.28421284697881244	0.14443802459991864	0.07704459795007103	0.33864962333430615	18.699775419477525	0.05347657806405571	sanrentan_box4
2023-04-16	202309020805	-0.6805289891216368	1.925513169163775	1.8449410688070222	0.2509660118753898	0.7294545114044216	0.6311485257863851	0.3115795878232867	0.05256961310842723	0.07285650470011011	0.33035500132343637	19.146192081600667	0.05222970686484399	sanrenpuku_box5
2023-04-16	202309020806	-1.0970621480390759	1.329352228168771	1.9318464899450867	0.2480328762207692	0.4235951899234941	0.033459208841175536	0.2271177945074682	0.0005469317488505376	0.0861990803690485	0.4103415310305138	17.04760689315591	0.0586592596994637	sanrentan_box5
2023-04-16	202309020807	0.9460307317618276	1.1947264808988725	1.3882838904116392	0.6268226807355048	0.6585978469548776	0.5044587243731804	0.30844735041987625	0.00687353283885761	0.15740568450934006	0.5355596334476831	12.342254035985754	0.08102247750567644	umatan_nagashi4
2023-04-16	202309020808	-0.6905388563211976	1.2792441769252059	1.549055185596971	0.6007656669424295	0.49272564120094015	0.11884272309907273	0.23154429526842307	0.0315609319594235	0.11028854499945069	0.42544237340403085	16.297540825180405	0.06135895045312338	sanrentan_box4
2023-04-16	202309020809	0.016548033674490738	1.2578388347711817	1.942980950989671	0.26031274991296727	0.31675846042487316	0.012110170428526523	0.2871869033672014	0.037100238728305424	0.05904737062636245	0.2846257083551915	19.747231933925693	0.05064000885521593	sanrentan_box4
2023-04-16	202309020810	0.9068674341625147	1.121350212553719	1.8740906766719887	0.3200138902278531	0.426064449851015	0.16125747759277198	0.2648578188207933	0.036525194447166676	0.07657194316107094	0.34065175231633005	18.7365461293679	0.053371629600003356	umaren_nagashi4
2023-04-16	202309020811	0.20595254270537938	2.443258721860495	1.3478782265713856	0.7275351630787431	0.6014500576698124	0.3797216340281323	0.3604320251676361	0.0360122340234007	0.20370591384870362	0.6768997578178015	8.785062729730782	0.11382957990906059	sanrenpuku_box4
2023-04-16	202309020812	0.5324660555392056	2.095209873477222	1.7472248765895049	0.393101713418514	0.630078644808176	0.44312483978697265	0.24346674538594693	0.0004901971852745712	0.09012800870486595	0.36311278563465066	18.214968343572302	0.054899903262960105	tansho_p1
2023-04-22	202303010501	-0.17996387489576496	1.884625146790434	1.369813907268033	0.559223410410297	0.8100900701819927	0.6727394423777282	0.3431107740439925	0.07135404610369761	0.14878474457315455	0.4695434837125476	14.365106889272305	0.06961312628636188	umatan_nagashi4
2023-04-22	202303010502	-0.8117888033462386	1.4977407737616675	1.392229363292914	0.5138713443969489	0.8213658198795665	0.7116227131647466	0.3122785706275872	0.06898199484985174	0.10019587879065855	0.39791689750560727	17.13600482505772	0.058356659571997496	umaren_nagashi5
2023-04-22	202303010503	-1.2540886257326638	2.127770545897883	1.6359019467563183	0.36875537528390073	0.8342360738102769	0.711318742745481	0.2781078717925096	0.05738286610982865	0.08163959277173644	0.3482668465262168	18.712958682150422	0.053438903862587046	umatan_nagashi5
2023-04-22	202303010504	1.0563833679773063	0.8666715860839301	1.9163068674583388	0.27250885100504507	0.41209732452024345	0.01885253858412944	0.25365222966966017	0.014453511376812694	0.08582540171439257	0.3784037390469285	17.906042266641432	0.055847070229638536	umatan_nagashi5
2023-04-22	202303010505	1.2050715619593784	0.8558989532271427	1.677054484787508	0.48640756983033095	0.480090837190429	0.023527263865228576	0.1612820724765277	0.004663858920025382	0.07982689367974408	0.3769081253438292	18.046303276181455	0.0554130108918128	sanrentan_1-23-2345
2023-04-22	202303010506	-1.7109664124996502	2.1126390236349075	1.828873456041043	0.3092941598804359	0.6351923533579601	0.4886528804747612	0.3133997385266866	0.09256873478814104	0.071810617597668	0.3236511949689896	19.213446883717467	0.05204688185582437	sanrentan_box4
2023-04-22	202303010507	-2.02053549192153	1.7701301159086535	1.2893489636030253	0.5024791049877434	0.8632675474982073	0.7876414914966593	0.3515883901616284	0.13082538901646049	0.10377822536686923	0.4156332576523089	16.839480410022635	0.05938425507504456	umatan_nagashi5
2023-04-22	202303010508	-1.2559933329627164	2.196420152764853	1.878227890631917	0.2190515238390686	0.863327695584896	0.7730535377596847	0.312178286124338	0.06214297735890251	0.06772421744193091	0.299996286807681	19.612036051886903	0.05098909656061888	tansho_p1
2023-04-22	202303010509	-1.9428182126619236	0.9127933862561606	1.9704346523243426	0.22169129429174417	0.4095508838818822	0.046714611736110356	0.28533832740930326	0.04451011188498405	0.06576615623066821	0.3124067800583365	19.366403927855693	0.05163581239579789	sanrentan_1-23-2345
2023-04-22	202303010510	-1.9583093575667134	1.3065630727387776	1.882252711898409	0.2954025125179046	0.5067505868229887	0.21631435387691766	0.27021971864073063	0.06776823794299822	0.08728876644324944	0.3800694862783432	17.96830390033241	0.05565355559138224	sanrentan_box5
2023-04-22	202303010511	-0.6848707256685037	1.1513455973252003	1.9002681604345268	0.2722998317949741	0.5166839348801249	0.31124141893184737	0.273798093413437	0.00028974711887719273	0.08496326131474259	0.36851294034010185	18.128084990817143	0.05516302469381373	umaren_nagashi4
2023-04-22	202303010512	-1.0879499093473444	1.3085376580944952	1.5882508917854494	0.6127539196935038	0.4450210514766483	0.13262396443293223	0.2824041288874151	0.03137024433801522	0.12396950196468291	0.47236315656955674	14.441980769486678	0.06924257939138245	sanrentan_1-234-234
2023-04-22	202305020101	-0.5047281865128409	2.0028537344082027	0.39096198267079696	0.825830206005373	0.984014376315823	0.9680287526316461	0.3187595780217175	0.04544126443910762	0.19991252868183626	0.5732707581389479	10.785140720039603	0.09272016248632943	sanrentan_1-234-234
2023-04-22	202305020102	-0.997704649935397	1.7072752406197602	1.5247395399428034	0.4361979542144764	0.7204119471442758	0.49998655586695817	0.36967002303911556	0.24696653564463766	0.0797942728424027	0.3566854404279364	18.142093279861438	0.05512043095435113	umatan_nagashi4
2023-04-22	202305020103	-3.177398731544583	1.9952986684916099	1.4033732070687939	0.7329205858777706	0.4757125842929325	0.11987478661135137	0.2938279940391988	0.04339574183952882	0.1626372925583092	0.520784244405713	12.448137970009464	0.08033329984044511	umaren_nagashi4
2023-04-22	202305020104	1.0681345130479534	1.750050213667161	1.505675910868472	0.6408195116934835	0.5395535358817907	0.29862637423962063	0.28849417397126875	0.005055403993529994	0.12969567401645082	0.47556358981591157	14.610917605714523	0.06844197106476645	tansho_minodds_top3
2023-04-22	202305020105	1.5606197161835664	2.52901342267027	1.5434292679415225	0.616400095338066	0.4322874573768404	0.004661572493448618	0.26252191322478435	0.06913519996664827	0.131796393285274	0.46197442508514286	14.38698450154596	0.06950726887156544	tansho_minodds_top3
2023-04-22	202305020106	-0.5228783473417153	2.6328880545291584	1.7009316803565637	0.4112689297511264	0.40874175431980153	0.09150170049700174	0.2924521515808269	0.010060521658550259	0.06120033239561163	0.2966345013844399	19.5979502334337	0.05102574443188557	wide_box5
2023-04-22	202305020107	-0.7126762197085249	1.0798674600546847	1.7226316581874515	0.3358011287833571	0.775515856752477	0.6392472232176697	0.31962089497444623	0.09318999552093188	0.08466559631209387	0.35458081320097723	18.477536139598445	0.05411976967302157	umaren_box4
2023-04-22	202305020108	0.4120305824112979	2.005769093180624	1.8406017820539016	0.3731450324036746	0.3576689470145612	0.11835116883609628	0.27107316286356486	0.003854248609440003	0.07137839493911517	0.3262311096983919	18.953131215768163	0.05276173042943134	umaren_nagashi4
2023-04-22	202305020109	0.9978744406255037	2.45510780374765	1.2862722385377678	0.8243580713768338	0.5930081444087753	0.3736066773237935	0.33628438142081607	0.01741257620185671	0.18190116071994322	0.5779773270977508	11.093625509006415	0.09014185661740114	sanrentan_1-234-234
2023-04-22	202305020110	0.24470594081977137	2.045023459067555	2.0018645352738176	0.13845001738261808	0.40041826606392006	0.0015938900528970068	0.29749460596020505	0.001390622270120101	0.054218033106027574	0.2666278404929428	19.954046622903498	0.05011514801474844	wide_box4
2023-04-22	202305020111	0.8825336112825948	2.003560229964835	1.7984838155552219	0.43579611468568275	0.31627967738387414	0.005756372593879788	0.28160309362039226	0.028008684961869867	0.06575475343052176	0.318137923070931	19.34053396705624	0.051704880625496344	umaren_box5
2023-04-22	202305020112	0.8195810343479044	2.0017770153023897	1.8689349769429053	0.3295236771240872	0.37922487849537073	0.06955381961722629	0.24303468160990746	0.011273288404438031	0.08084491565495364	0.36388710492338516	18.16392260018338	0.05505418746884025	wide_nagashi4
2023-04-22	202308010101	-2.4182015288366854	0.9773848542622758	1.9389579846830594	0.22455543636812034	0.6013175218696581	0.39780135091264357	0.27099476404081546	0.07665720103667864	0.07901900151942037	0.34188555472014803	18.868624559336336	0.052998033685777726	wide_nagashi4
2023-04-22	202308010102	-5.819814232468109	1.364246539427181	1.5056100439836322	0.6738833008969867	0.4822081430597961	0.19104156939040606	0.31095954437503065	0.03164860765935151	0.14993764618247568	0.5459869041742964	12.440696115633838	0.08038135412240566	sanrentan_box4
2023-04-22	202308010103	-1.154527105735965	1.408991785354378	1.8952476661419988	0.30199964294157416	0.3948303853361046	0.1455620104327696	0.26119917834459555	0.026222595927343578	0.07608652771419566	0.3404225678422799	18.73078568441668	0.05338804345148014	tansho_minodds_top3
2023-04-22	202308010104	0.12570029064341298	2.3489055769815073	1.688647834176096	0.5312888788595169	0.3900878206994763	0.15548303496235594	0.2634669278841266	0.016906693633803704	0.08408347200007574	0.3670022829177351	17.880433165094306	0.05592705673105128	sanrentan_box4
2023-04-22	202308010105	-3.25093552268292	1.7706807758236514	1.6056148266327477	0.4639515948155014	0.6471155914461889	0.49542366763013834	0.29421569854143237	0.02736536460950395	0.1147877137158254	0.43158806767357527	15.98992999127457	0.0625393607442736	umatan_nagashi4
2023-04-22	202308010106	-1.9836854469763647	1.1294104501973121	1.9218417117982258	0.24474226268587074	0.5347629886304356	0.2882814902864286	0.3511974406568844	0.18478644990694099	0.06659914848887069	0.3109829064198831	19.42079499495604	0.051491197979264984	sanrentan_box4
2023-04-22	202308010107	0.6264912736809001	1.7524345850477137	1.4439439192352386	0.5623429822601016	0.6915349309574736	0.478421623516056	0.35163601640340864	0.1523927610853124	0.11025836523770814	0.43089408118514555	16.113115523335274	0.06206124436654003	umatan_nagashi5
2023-04-22	202308010108	-3.4436561273193322	2.0254705556604296	1.652269284574734	0.5738085962175979	0.3806910858288467	0.04281856205724682	0.2688934920687176	0.006240607727310776	0.08879038199877114	0.3952738838006969	17.05421738655279	0.05863652241166444	sanrenpuku_box4
2023-04-22	202308010109	-1.8169526587778888	0.8284236737710786	1.503011899895554	0.41407998031190013	0.81664062767554	0.6996288430348233	0.3857991364343631	0.2126915886389709	0.09148918317754512	0.37228000735944056	17.957857752575258	0.05568592945651295	tansho_p1
2023-04-22	202308010110	-2.6630048010470757	1.2251806656662438	1.5766590716928408	0.46537200456163413	0.6928121817363784	0.4751590312183212	0.33914627353418975	0.13630397123695542	0.12530038774931165	0.4225998691048769	16.08491311133976	0.062170059177690334	umatan_nagashi4
2023-04-22	202308010111	0.3012386719691049	2.4421581670806884	1.8367750911141787	0.34746457119308877	0.47532893483724203	0.18980819667265963	0.26468125351398775	0.0535781514668576	0.0922372130554598	0.41181602128065525	17.014225014189687	0.05877434906180037	tansho_minodds_top5
2023-04-22	202308010112	-0.8236090707458391	2.092439724695547	1.6208870775417656	0.5595088013121816	0.4949757988232024	0.21895320619559833	0.2799806319244861	0.0261621088912255	0.121581079843798	0.4893567792400782	14.499150176587403	0.06896955944457742	sanrenpuku_box4
2023-04-23	202303010601	-0.5850855749816126	1.3267169747564476	1.5113201711196733	0.5767135652541449	0.6093909064248683	0.3277882953967077	0.284735833367732	0.05586762479303792	0.12257645461758825	0.44863283167428675	15.491437433088084	0.06455178896853722	tansho_p1
2023-04-23	202303010602	-2.134519480501572	1.0566485313345446	1.8070146322500098	0.3815095962684934	0.4182686715214235	0.021367122689733398	0.24104202162498956	0.01566283655980566	0.1003033223412746	0.41523290119361345	16.769907724377127	0.059630620301289836	sanrentan_box4
2023-04-23	202303010603	0.6550543433185716	1.843741005689158	1.2193174393964346	0.5085980099185636	0.8928034341165362	0.8109432022408207	0.2687985892752839	0.052226072705933824	0.0794493495480761	0.37974997218484563	17.27386160823401	0.05789093502539846	wide_nagashi5
2023-04-23	202303010604	1.4065791336248183	0.8982268667264657	1.930121506418261	0.2509455825459579	0.5094436982138683	0.1667355541785146	0.32688902147616933	0.17246447902338774	0.0812590532310984	0.3435105030641476	18.775871116423	0.053259845777558275	umaren_nagashi4
2023-04-23	202303010605	-0.5704006888477625	2.014400739642268	1.8346521457011489	0.29053687673062356	0.729206683661911	0.6346686409571468	0.2646574641310203	0.001656419997364933	0.06870774410295274	0.31500044461234744	19.400259714506525	0.05154570169244956	umaren_nagashi4
2023-04-23	202303010606	-1.22544602576383	2.3495826048372863	1.4102434334535505	0.6142087599753513	0.6867173441048254	0.5030874001061584	0.31534451435826316	0.048724255168457964	0.13123743690453843	0.4596696336994475	15.178857457740165	0.06588111145941813	umatan_nagashi4
2023-04-23	202303010607	-2.2804920535080466	1.3361594974316817	1.8983291947757948	0.2735247329673905	0.405256756983334	0.19509252492824566	0.2879609319649401	0.07407460608779454	0.06051416203508268	0.29189804224765953	19.72013102915238	0.0507096022091179	sanrenpuku_box5
2023-04-23	202303010608	-2.0933861767550925	1.2693741467387858	1.7614465786626248	0.38545463002473673	0.5526160908616801	0.36955018501465714	0.2788231186265419	0.03343553982056577	0.08145678599275943	0.3588140033546912	18.17637187092847	0.05501648002698565	umatan_nagashi4
2023-04-23	202303010609	-1.9601161819129587	1.8053538749849565	1.6273536042747028	0.4742033600594189	0.6246265773889086	0.4239916742172013	0.32045360295541087	0.0723403399840743	0.12562530455068463	0.4596768593831533	15.270198238020749	0.06548703457628559	sanrentan_1-23-2345
2023-04-23	202303010610	-1.1694308304401935	0.9588410656355502	2.0557861392331986	0.1163033352874054	0.40927298639117027	0.05624111530717402	0.3413456574384012	0.10029101438652036	0.05666264293051046	0.27069983659612595	19.91905077633752	0.0502031954849943	tansho_minodds_top3
2023-04-23	202303010611	0.3454902509470669	0.8752421065241045	1.8636746952434455	0.222421608716108	0.9038201410144581	0.8548607240441818	0.35214444376487664	0.14349027519616192	0.06935973821191317	0.2958473211289637	19.633047107004657	0.05093452863173853	wide_nagashi5
2023-04-23	202303010612	-2.385521758555656	1.6235865485591292	1.5154980925498884	0.6387214267241154	0.5059328725504657	0.22045344348402168	0.32798771499441864	0.04701152216380988	0.1648523569359849	0.6191144205679074	10.666406883836228	0.09375228330314218	sanrentan_1-234-234
2023-04-23	202305020201	-0.8987507206558237	1.9474586001035759	1.9188353125804563	0.27119410094264096	0.45073810555072846	0.13084541787993864	0.2942299798389828	0.05821559203386434	0.07982835546964157	0.34894787181485	18.516256422012923	0.05400659707926474	wide_nagashi4
2023-04-23	202305020202	1.0278241624903468	2.6445302778217328	1.460479856591312	0.6431971749525469	0.5644625964794074	0.214531452499245	0.222996143047722	0.007983321505166202	0.12090643426407037	0.43499720808363623	15.7636213790598	0.06343719986375641	tansho_minodds_top3
2023-04-23	202305020203	0.39121011557881397	1.9641254287378849	1.407757996911296	0.6186231751622924	0.6607455349756879	0.3732023747731236	0.27138109634442026	0.09306061410703084	0.11123925330736274	0.4078922907552709	16.62428406740946	0.060152966344001406	wide_nagashi4
2023-04-23	202305020204	0.8257986188598282	1.4823796868830692	1.8501818472421003	0.31664043654291774	0.6399823274369396	0.5020196472383041	0.2630769984852959	0.0033126287673993504	0.06321679164129508	0.2992898933084968	19.631976920492168	0.05093730519600317	umatan_box5
2023-04-23	202305020205	-0.6551421524293876	1.694499824531607	1.5019110555018944	0.5893267485828948	0.6080517718884596	0.31650523434860445	0.28726678205630146	0.06712115731359503	0.1301419496556035	0.44448638852774114	15.632252979353149	0.06397030558044227	sanrentan_1-234-234
2023-04-23	202305020206	1.0102876901487718	2.347056931689855	1.4275306586824197	0.49537190094202266	0.7737386640355189	0.6940763227872782	0.2784194866325396	0.0063355198179314565	0.08799914546318974	0.413026320175849	17.041206910846494	0.05868128972505543	sanrenpuku_box4
2023-04-23	202305020207	-0.1204213147783476	1.3650353243910083	1.4266231755308534	0.5515177927544835	0.7262952288047688	0.5471385378895363	0.3434653454047792	0.13520206936253665	0.100109570111046	0.4157011778356106	16.581169421927683	0.06030937713461604	sanrentan_1-234-234
2023-04-23	202305020208	0.8952277434946986	1.3589114234978186	1.8783988776855631	0.29931027323984727	0.48912937184509536	0.24554189957179395	0.27343335494221493	0.044742490227653364	0.07766230454649592	0.33935793283268434	18.861001429246482	0.05301945412343628	tansho_minodds_top3
2023-04-23	202305020209	0.3185236241745107	1.7691686715839459	1.7598665076241846	0.40901859721095735	0.39608702483104674	0.133985941123959	0.25876073692513146	0.024918361022209484	0.0722514632404149	0.33608667281379523	18.76439901696233	0.05329240755837886	sanrenpuku_box4
2023-04-23	202305020210	1.5278154365105754	2.9633470806212516	1.784907135722813	0.38276862807294654	0.5044096359403452	0.2135754236268007	0.30705142397729085	0.11744124410494608	0.08144292560748456	0.3509517669208223	18.487745555964988	0.0540898833215148	tansho_minodds_top5
2023-04-23	202305020211	0.4994895245806578	1.2640136041567471	2.023685479386196	0.151113218746164	0.5101937321428601	0.2658939069667595	0.2573253390837509	0.003572437600401046	0.05677775766490413	0.27285495197060045	19.91170460862228	0.05022171730927418	tansho_minodds_top5
2023-04-23	202305020212	-0.35154982877025837	2.039536037019193	1.4929634485931862	0.3358666511051457	1.0	1.0	0.27206849772087494	0.029303054367813997	0.06469494917231523	0.29549893394754595	19.625209758755364	0.05095486938955501	umatan_box4
2023-04-23	202308010201	-0.4770317364578218	1.6551481840650386	1.560398039317254	0.6229563708067914	0.48431963061601574	0.219517647070327	0.273695635897039	0.012644058570633443	0.11880544801700532	0.45968818565673697	15.08159448046739	0.06630598649865099	tansho_p1
2023-04-23	202308010202	0.7316267246892422	2.1005915053481234	0.4433358478514533	0.8264297724092627	0.9841523274477191	0.9683046548954382	0.29887941901207826	0.0023170469028934715	0.17059532523704282	0.6103929971880938	10.671811590775981	0.09370480274073943	umaren_nagashi4
2023-04-23	202308010203	-0.16084411634706886	1.8517084944507236	1.9595313847346407	0.21344859403836722	0.6153572015023927	0.3973366389422327	0.23255429405280098	0.001810511413019994	0.08306493067148327	0.3689912441347311	18.327393111433175	0.05456313366117357	umatan_box5
2023-04-23	202308010204	2.5442951691627784	3.064245922838542	1.2093437368762299	0.7815457636722382	0.6652568970909449	0.49656790930766326	0.30619578396344327	0.010825768515762058	0.15201684265278817	0.5528519166114175	12.208476316200143	0.08191030347276354	sanrentan_1-234-234
2023-04-23	202308010205	-0.5721338427464165	2.0595538853023196	1.629463806429993	0.5579571090857852	0.3971791702119573	0.024124308437260877	0.25769917208269966	0.023273929288991635	0.12928357398145177	0.5324695523281623	12.938206436792017	0.07729046563643689	sanrentan_1-234-234
2023-04-23	202308010206	-0.8671790753758212	2.1473577781460746	1.2980955773046456	0.7889779613422553	0.5874609272329754	0.3011846343140994	0.3525235025695468	0.07128869715847402	0.2044315822847552	0.5952818552533556	10.257639460832994	0.09748831627572069	sanrentan_1-234-234
2023-04-23	202308010207	0.10826331757782899	1.6290561872249625	1.6778642856872708	0.47590275871659654	0.552666879596002	0.1053337591920041	0.1818594902506364	0.044666907959001634	0.07089546331508877	0.33767100858416466	18.582726552693924	0.05381341630165842	sanrenpuku_box4
2023-04-23	202308010208	-2.6743185864730687	2.574644007202794	1.4888414685226723	0.705925156725187	0.42493729549893355	0.025474817408700057	0.24917757128952148	0.00022134750071575726	0.10610235529487991	0.4782848066612688	14.497637432975814	0.06897675601442724	tansho_minodds_top3
2023-04-23	202308010209	-0.09660599380964553	1.1012940601436405	1.9388873218924858	0.24241391446900254	0.4761574329271832	0.22199780119178636	0.2696998551980747	0.047107105654357606	0.07581628620432998	0.33446287956407567	18.995528462773926	0.052643968392863	umatan_box5
2023-04-23	202308010210	-0.8965568618605554	0.9229532242930982	2.0181761663414295	0.16662096001428367	0.4012149866203603	0.0032755129524912885	0.21054297707247893	0.002217734173122987	0.06752747251853869	0.31541768344250865	19.3770665607929	0.05160739871861597	tansho_minodds_top3
2023-04-23	202308010211	0.8308364582672698	1.1684858118427852	1.9372834937029748	0.2485304135512644	0.3992540054071634	0.0027861607644304454	0.2519330583365446	0.0017135074041887965	0.07774711014039835	0.3603376906776865	18.409665747965683	0.05431929149015118	umaren_nagashi4
2023-04-23	202308010212	0.1385851619391972	2.0545158398736807	1.8032878424232393	0.4087635538180122	0.3542282257287982	0.047835240142689195	0.26897293093643926	0.018656346299332216	0.08933810922803485	0.39912278799275025	17.23670662741719	0.05801572316659216	tansho_p1
2023-04-29	202304010101	2.8420867767160454	0.8194398240238903	2.0547352011775173	0.11608686111202696	0.30589894267993994	0.001057798258413234	0.28160470656022263	0.027767926421975342	0.0610055326692183	0.3042773694805431	19.594760988614055	0.051034049386010416	tansho_minodds_top3
2023-04-29	202304010102	-4.6360362536877435	1.5062798619236573	1.7102157226618726	0.4645889437178708	0.5209378922400142	0.22279397783478216	0.3028053736348368	0.04640844697562124	0.10985622163280738	0.42176437832425434	16.31764196299156	0.061283364487834814	sanrentan_1-234-234
2023-04-29	202304010103	0.002201901091180376	1.8066465747885199	1.5690483956977912	0.590950199766116	0.4688105419551932	0.09594664078167975	0.24220172316992183	0.03617104929642431	0.10970122471077833	0.43038861877291235	16.1580414349434	0.06188868892472319	sanrentan_1-234-234
2023-04-29	202304010104	3.1728010096137904	1.5012213249778705	1.3259768438046229	0.6067597939160277	0.7859648488800639	0.6650223786735044	0.3386693370416012	0.09862125954101153	0.10758616949212639	0.42831949709963324	16.47328552904432	0.06070434451202122	sanrentan_1-234-234
2023-04-29	202304010105	-4.1494059222967925	1.3652502483919051	1.5695759631980957	0.5815250080690854	0.545132081935588	0.323528316139209	0.30894467746869825	0.015109620856175954	0.14046167297823797	0.5445663956430519	12.654060531977109	0.07902601678512415	sanrentan_1-234-234
2023-04-29	202304010106	0.6706018878634343	2.553780768444946	1.9020393709961294	0.26763352661839784	0.4851199555066206	0.18408609726652364	0.3375193174731813	0.1674258837852445	0.07030181288489376	0.31559305994997083	19.34595808730178	0.051690383876949256	umaren_box4
2023-04-29	202304010107	-2.667199810623667	1.6690362615110368	1.5099831357878968	0.559904640252262	0.632539010964561	0.37537942864010226	0.30620772348204905	0.09594859914445877	0.10851040949969996	0.4396083163551052	15.78566092691982	0.06334863042032446	sanrentan_1-234-234
2023-04-29	202304010108	-0.5562081256387963	1.6643146394829984	1.240906443747706	0.6433945388040675	0.7409076184033889	0.5347898013096616	0.32638133417189974	0.15625413514163658	0.11807067406850322	0.445745535444917	15.4713011460937	0.06463580474306047	tansho_minodds_top5
2023-04-29	202304010109	-0.524193665725947	1.4022512990285056	1.6347098485147413	0.5300430183029656	0.47964453853665867	0.09510101790493453	0.24003468422857827	0.008471685249156258	0.12756630466019006	0.45091968097491114	15.122951770229152	0.06612465709032989	umaren_nagashi4
2023-04-29	202304010110	-0.5962949526419811	1.1981475066053588	1.8720801645004803	0.3249014769369912	0.3357591651938412	0.08070481848954314	0.2807668021047157	0.012669352656113797	0.07214114119840509	0.3437561548498005	18.812354176773074	0.05315655821718812	tansho_p1
2023-04-29	202304010111	-2.0195182942173346	2.4267554790636106	1.8862202738189389	0.27680417360674336	0.6035383580600685	0.39908940264290177	0.23777950131850428	0.0017920600359960515	0.0856097581679335	0.3592442202801263	18.422155415805186	0.05428246464265824	tansho_p1
2023-04-29	202304010112	-1.48201409132325	1.5963599709579763	1.9016125475549575	0.27927842170260747	0.4452815003685028	0.09389923084404317	0.26051823715706424	0.05111326027208579	0.08428062195278055	0.38414417284214153	17.836734334255056	0.05606407435690299	umatan_nagashi4
2023-04-29	202305020301	-0.2663885313316178	1.6433718068380392	0.832413090501617	0.7501790151418912	0.8892968722465108	0.8250275028770842	0.3215509367309498	0.06548158377476587	0.14887198890243072	0.5604633009686952	12.046626101722106	0.08301079418884318	tansho_minodds_top3
2023-04-29	202305020302	-1.4448893685820712	2.6133622042475606	1.2374722832117897	0.8084615897345993	0.554490033125497	0.20221277626615142	0.3108078766842054	0.10632827081001198	0.18368693357611934	0.5536341210178435	11.629327836034163	0.08598949260863045	sanrentan_1-23-2345
2023-04-29	202305020303	0.34493752993134724	2.57714502455171	1.0593663422951654	0.7243385996871902	0.7899124070328836	0.6320703891364035	0.313824555037136	0.07970212920537306	0.15541777737331702	0.5182408746477579	13.031035687207162	0.07673987118166829	sanrentan_1-234-234
2023-04-29	202305020304	0.2929263229803935	2.6466685094539812	1.5286765173111072	0.5323948789620285	0.6664883425164608	0.4770055507042694	0.3415805200980572	0.0764585408437341	0.12351465793433554	0.43627250207054447	15.800374035628993	0.06328964097590689	sanrentan_1-23-2345
2023-04-29	202305020305	-0.7207428770464287	1.5462454506865806	1.565388041350655	0.596711489968235	0.5175276236219019	0.21495201610182496	0.2634107886790288	0.038632428636509564	0.11005146695527664	0.44261810977350646	15.989809935105535	0.06253983030808301	sanrentan_1-234-234
2023-04-29	202305020306	0.8964127202938724	1.412868376476457	1.6404450439463214	0.5015319588944569	0.566086625485614	0.3202163705761376	0.28868430241156934	0.03465189881321923	0.1262249738652908	0.4700549378236777	14.888466335510165	0.0671660853082578	umatan_nagashi5
2023-04-29	202305020307	0.3476696515713287	2.4125462248155345	1.9180371692379243	0.26206732425716234	0.5207919682078959	0.25685133646498015	0.2301481216306362	0.03548798325329011	0.08208583940357848	0.38009120162822035	18.030504856784507	0.05546156405175314	sanrentan_box5
2023-04-29	202305020308	-0.532995296578547	1.5229482665033103	1.6973650887798346	0.484413060248611	0.4430838479762284	0.042393116779531614	0.22593955336261878	0.027935336728268034	0.09910048437058754	0.399102531623338	17.224889961433224	0.058055523271208956	sanrentan_1-234-234
2023-04-29	202305020309	-0.45981325442212706	2.8371026984012455	1.3048978794549912	0.8330567908225239	0.433783477366312	0.006980269301003317	0.33699136448095945	0.10339310598244511	0.15891942476740195	0.5928488823086626	10.96730444091229	0.09118010769078434	sanrenpuku_box4
2023-04-29	202305020310	0.9064692802942779	1.9161696025627761	1.8442536142155892	0.2778682752419929	0.6895103550148831	0.5533944046210408	0.260183093454224	0.0051878984698208175	0.061936482470324815	0.29177568788250213	19.70077347788227	0.0507594283606521	umaren_nagashi5
2023-04-29	202305020311	-0.07228866147940889	1.9270113616574358	1.3724646751862088	0.7625820776664496	0.43291245743272666	0.0021330684941556766	0.313795210526596	0.1388071317132698	0.15720111315755858	0.5565980000050968	11.75772243181804	0.08505048539790838	sanrenpuku_box4
2023-04-29	202305020312	-0.25286109853664607	2.5971289530206825	1.3817078034295418	0.694497512325379	0.5888399514865401	0.3006891295263512	0.31319297486337183	0.03958468196496612	0.18785091656635922	0.5614169865778765	11.381395931130657	0.08786268451172821	umatan_nagashi5
2023-04-29	202308010301	-1.2895742742772756	1.8386340226276887	1.5600428547558984	0.4810908262221431	0.7335575206278587	0.6112964551603391	0.27755712627947393	0.03507784636159139	0.08822877742005786	0.35678395837969223	18.08013601505667	0.05530931842366815	sanrentan_1-234-234
2023-04-29	202308010302	-3.4228818756862553	1.5507049589623798	1.9263109529020364	0.2587151752856044	0.4727301094977103	0.21089296242495753	0.2694490381959477	0.0494137763663027	0.07630718137224782	0.3356965517814233	18.937353129333804	0.052805690065049704	umatan_box5
2023-04-29	202308010303	-1.7180941127347897	2.190160254571821	1.8980994021137996	0.30080441617535425	0.4033412558171028	0.04583064192337327	0.2551581240112322	0.024652704446186724	0.07416737815939956	0.33900084259509744	18.626480163433076	0.05368700856124008	wide_nagashi4
2023-04-29	202308010304	0.7232579098370071	3.3757546659806374	0.8099201441161624	0.9750280992876429	0.7484915653114853	0.6189764755112102	0.46660292408718507	0.043502307907153925	0.3453259470064478	0.8770922618709376	4.205085031125417	0.23780731961378854	sanrentan_1-234-234
2023-04-29	202308010305	-0.40565944538114024	1.6697016703879397	1.5570743949050405	0.5792703262243606	0.5718993758811953	0.2790691911050815	0.29378275001744164	0.03588445954194963	0.1347877030087578	0.4663499589092469	14.813640694548656	0.06750535000946761	sanrentan_1-234-234
2023-04-29	202308010306	0.8288419043284156	1.4077239056386857	1.3920289866345044	0.7379027865044065	0.45525949390246834	0.03005491026619439	0.3610855984378725	0.17953793739589136	0.18524782534705814	0.592897020088509	10.333866693691792	0.09676919875601261	sanrentan_1-234-234
2023-04-29	202308010307	0.4927580619918928	0.6394034162835495	1.76981107230524	0.39005557255370377	0.4520386548594697	0.12398906485676492	0.28574269160147686	0.054432259797054516	0.0767525164474829	0.3492991935156818	18.532706598149595	0.05395865923328465	sanrentan_1-234-234
2023-04-29	202308010308	-0.030128950209922584	0.9669478708968473	1.6756276428808292	0.4644213108906047	0.5940912642394189	0.22105438267251498	0.2442372546184416	0.09751296199215226	0.08084077075449955	0.3512543200025126	18.449493091357986	0.0542020311912209	wide_nagashi4
2023-04-29	202308010309	-0.07774788442847332	2.0760108264579	1.2384127722681724	0.8173125438581268	0.6128877294335079	0.45544807445113844	0.3017072332010868	0.0006812638008135141	0.134183404965968	0.5196756372605753	12.913679791534307	0.07743726158174993	sanrentan_1-234-234
2023-04-29	202308010310	1.545166457522115	1.7855532888341488	1.1069767055933282	0.528296531443719	1.0	1.0	0.23871564671549975	0.020563338150839244	0.07711712686025844	0.3650693565615276	18.25565128314237	0.054777558164874667	sanrentan_box5
2023-04-29	202308010311	0.9126637909744293	0.8713753429335466	1.953255068497104	0.2367616956153376	0.48916336670732125	0.1753201463624091	0.2609183787757535	0.025214307634422672	0.07039408139449184	0.32319673268968446	19.144148267233366	0.05223528286769354	sanrentan_1-234-234
2023-04-29	202308010312	0.807883094276052	1.8832931993125333	1.4484397938709728	0.7166630732548852	0.46067494008645976	0.17879095646429088	0.32634577888758004	0.014670701455273882	0.16455893206256342	0.6880918341973673	9.064349432111225	0.11032231353056794	sanrentan_1-234-234
2023-04-30	202304010201	-0.590062529863005	1.5282280079323305	1.700347384227931	0.4503492079558065	0.6104832958054159	0.3456841051857757	0.27673737878578697	0.04193517620196954	0.11687403572176606	0.43762218845847983	15.952641161517537	0.06268554466155073	umaren_nagashi4
2023-04-30	202304010202	-3.965836067118307	1.380011355960276	1.9603596997997599	0.21750832671226375	0.4156785693714371	0.11912979964250608	0.22311294822915065	0.0034280307520635767	0.06981450087602005	0.32536251619447365	19.21260130773689	0.052049172518731306	tansho_minodds_top3
2023-04-30	202304010203	-2.300429777962274	2.4618343156126707	1.6432706401646033	0.44415629743354473	0.6619934214797192	0.44613048594747773	0.31988636533096415	0.08463557217627424	0.09670650125692057	0.38456005822657724	17.64912703615456	0.05666002618438191	sanrentan_1-234-234
2023-04-30	202304010204	0.45376768226496134	0.8537697952156006	1.8916353155639607	0.2874189543894716	0.34708825992619247	0.0003025767002108326	0.24971438213229935	0.014423499232259884	0.07417717807392268	0.36884430510720323	18.23004361526292	0.05485450397731139	tansho_minodds_top3
2023-04-30	202304010205	-4.292280338708865	1.0918628811574091	1.8503467904894286	0.36743190510209756	0.3419347062680184	0.07674704181952524	0.27686879826029975	0.017692169059285834	0.07965598627675687	0.37271600917876235	18.095541814521987	0.055262230346564294	umaren_box4
2023-04-30	202304010206	-1.9315106189699711	1.9981174145039147	1.091493929138041	0.7122843058855174	0.8151121923683433	0.7166056802431466	0.3366518283532349	0.013890774844988685	0.16880034776013447	0.5045723362945833	12.12285201910984	0.08248883995479375	tansho_minodds_top3
2023-04-30	202304010207	-1.4194289732243341	2.2618024993503822	1.6732702826717634	0.5186519940982768	0.3820422138740662	0.03444161141645674	0.2590369427980888	0.036388824569354106	0.10629552959815895	0.5024514384824922	14.035362794754397	0.07124860358962305	sanrentan_box4
2023-04-30	202304010208	-2.02818473997654	0.8851165189475826	1.9336221370161117	0.2692518770101466	0.3394908892889863	0.03563304372858056	0.2798076122269325	0.02496255084666199	0.07229679588812887	0.3313051404751655	18.855583892063088	0.05303468753470592	tansho_p1
2023-04-30	202304010209	1.7868788452643767	2.2319152627221177	0.9659530354483156	0.7625631350598769	0.8291309630177943	0.7550487582982414	0.3319967371358821	0.01882078824884753	0.1639138347355799	0.5522084046214483	11.85922413881437	0.08432254827928189	sanrentan_1-234-234
2023-04-30	202304010210	-1.9236780723526674	1.2315541951150408	1.7299013859195669	0.48969254863337563	0.34346568165996455	0.030931391891063753	0.27530062286834167	0.023054896150061455	0.09804139968076944	0.45665895588516037	15.552272144294932	0.06429928635005476	sanrentan_box4
2023-04-30	202304010211	-3.2436691738241215	1.1751269018967299	2.0132256767907037	0.16970348670016933	0.4203291780248895	0.07244806503163398	0.29847912290296097	0.06548859585831401	0.06216189969426729	0.29397027877542553	19.688594780328547	0.05079082642297709	umaren_box5
2023-04-30	202304010212	-2.446030315848496	1.1959560288730013	2.0559607283854473	0.11630714765160008	0.4414219388903865	0.08839297449396588	0.2535030786929532	0.0021658915641151744	0.05755553165534109	0.2806260796753226	19.79479074440835	0.05051834156329644	tansho_p1
2023-04-30	202305020401	-1.7158423127372013	1.4961665013642396	1.3447371123762686	0.6722294450479962	0.678532986718635	0.4000296544969769	0.26044225377207014	0.10164029238392464	0.09900017358251416	0.40363809123003475	16.806302681310303	0.05950148696965126	sanrenpuku_box5
2023-04-30	202305020402	0.9655850293690175	2.8311136921645237	1.4784810926118217	0.6013538361660246	0.6018399483346475	0.32365941391344116	0.3075073753161002	0.12184828480888338	0.11201612097221705	0.42724346436698546	16.028589628855144	0.06238852095881039	tansho_minodds_top3
2023-04-30	202305020403	-1.035524237561127	2.6746987655269354	1.3566210972798065	0.5503807954231693	0.8037993871791678	0.7088603296096533	0.3266522566609761	0.046182401771783566	0.12221080224923886	0.4423518866035223	15.541826588358301	0.06434250146305558	sanrenpuku_box5
2023-04-30	202305020404	0.5253570476873586	2.157628047933868	1.556806737735399	0.42473931489659766	0.8478723557584478	0.7539388144027168	0.2936035987034663	0.007191384049751504	0.11387998298584522	0.4003164749775888	16.71857988816531	0.059813692711297606	tansho_minodds_top3
2023-04-30	202305020405	0.4334228618499069	2.5964050486845016	1.5441186382132348	0.6461930722231192	0.44450556124774104	0.09681902842508949	0.26741694059618104	0.04579359768537769	0.09402701463672926	0.4028002731591714	16.890146449191974	0.05920611778045537	tansho_minodds_top5
2023-04-30	202305020406	0.5165164934017054	1.7083489320077283	1.1693427805395864	0.7801460283349249	0.7293952682716637	0.6174007014548684	0.3136366767117997	0.010132373954546914	0.12870498355627882	0.5269597883382375	13.15316182684845	0.07602734712491589	tansho_p1
2023-04-30	202305020407	-0.23277721234451768	1.7004792690799135	1.6324554177335393	0.6012861349627889	0.3768156332272469	0.10989750920971603	0.258021694174893	0.004808939485672903	0.07190716567446236	0.3311280926749982	18.780820179244948	0.053245810910064494	sanrentan_1-234-234
2023-04-30	202305020408	0.4199079883462121	1.368255220945962	1.8136837057349275	0.3320300731742595	0.6361427533877743	0.3890950202333623	0.2769129896695048	0.03537709659455229	0.09923860969501559	0.387767199551178	17.539255733298386	0.05701496204890232	tansho_p1
2023-04-30	202305020409	0.17546454780222254	1.8960511520625336	1.6218171616308685	0.6099045035612715	0.37662859389311965	0.07384997596871401	0.26963423532850633	0.018681034940982666	0.09094288343000374	0.3854801022972805	17.319026117727475	0.057739967201528505	umaren_nagashi4
2023-04-30	202305020410	1.4811751443082826	2.410021653253946	1.523187070380626	0.7198338706077703	0.4253185058655223	0.19495121316082134	0.2690352379653741	1.8859352830524756e-05	0.10623381661078303	0.43660383526751373	15.668296833401183	0.06382314623170984	sanrenpuku_box4
2023-04-30	202305020411	1.1772371689193386	1.186593904410787	1.938959167350232	0.24602575947335162	0.4635261060906844	0.21042266008049965	0.2631978591067441	0.0439444365574819	0.06888462400073297	0.31487913796691286	19.370854675225516	0.051623948285511465	tansho_minodds_top5
2023-04-30	202305020412	1.763588424951851	2.0406689022973086	1.6319455172328459	0.5658819164461277	0.42866567568471864	0.08210164895797295	0.25781289836381815	0.015166180225598735	0.12075077584624246	0.47549647904401193	14.533608956479664	0.06880603455029385	tansho_minodds_top3
2023-04-30	202308010401	-2.555923795398953	2.527986758314019	1.5900589410889774	0.5900542625755917	0.4809250235254809	0.16548094392589585	0.27537090180878443	0.0019784066133408107	0.13456104694303858	0.5335568785221987	13.114331011687183	0.07625245993172076	sanrenpuku_box4
2023-04-30	202308010402	-0.5424842891513955	1.9216208308631086	1.709525970460792	0.4238870520499923	0.5773222068620817	0.3372806835343022	0.28526536228429955	0.04835432360817979	0.11407210734381819	0.4364899055053941	16.110706352682026	0.06207052491112689	tansho_p1
2023-04-30	202308010403	-0.4542356143021841	2.1966920553690903	1.565371056213753	0.601290648761331	0.44704918731320675	0.01858572103349837	0.2810692880021274	0.08625990586488294	0.14274930120801566	0.5097344616701033	13.292531404738801	0.07523021534058584	tansho_p1
2023-04-30	202308010404	-1.956667771790051	1.1598107377490414	1.536700919993046	0.5444548641781227	0.6594448485857476	0.41980609908317695	0.28727399664475456	0.015448119816539319	0.1366055159906941	0.4554441046714589	14.949703531488277	0.06689095859952801	sanrentan_1-234-234
2023-04-30	202308010405	0.46439901878212336	3.2255561247103905	0.44240163673010147	0.9692830898802361	0.912399920075081	0.8552486364404723	0.5068494800185848	0.1773120971264011	0.43360362450365125	0.8316074169271173	3.8314327715625724	0.2609989681724652	sanrentan_1-234-234
2023-04-30	202308010406	-0.02702660116515536	1.2599904041965055	1.6341828967288337	0.40323341424128467	0.7015836983086471	0.583875667402797	0.2720604427354152	0.0026063362010529945	0.08059003693010641	0.3441957138476736	18.486004929855312	0.054094976377777416	wide_nagashi4
2023-04-30	202308010407	-2.471093913440793	2.1445065645473838	1.6430088428974445	0.5461056505402181	0.44013176753932887	0.16975282665533264	0.26382873169734944	0.041906320026912025	0.07619123507773902	0.3500870907161666	18.52975837758294	0.05396724445202626	umaren_box5
2023-04-30	202308010408	-0.5620235659143336	1.26628693318826	1.7877440916501706	0.4096126210331358	0.3365338771400128	0.07208325105736857	0.2791856302976496	0.013382390109275	0.07599793005811482	0.3592728923920766	18.450168312872698	0.05420004755741437	sanrenpuku_box5
2023-04-30	202308010409	-1.05131056274511	0.8360631949220511	2.044455555288946	0.11455174333693972	0.35532730510358174	0.10702062562527828	0.29631940612147095	0.0902315957192786	0.05289586902675806	0.26112584077596057	19.964155557872143	0.05008977199667662	tansho_p1
2023-04-30	202308010410	0.21646679181380782	2.0977900887032597	0.7768703173452782	0.8952554455234716	0.8055746029246584	0.6380589395651883	0.24657309103413053	0.018531203404275443	0.19397799151313144	0.570892989221038	10.031773278675407	0.09968327355699966	sanrenpuku_box4
2023-04-30	202308010411	-2.2968023244820532	1.8740281357618647	1.818646387289193	0.349742884039657	0.5788319236850566	0.19625044124565794	0.2625012920680241	0.12624478891979773	0.07307720315913112	0.324756848265239	19.134126576646935	0.05226264162067857	tansho_p1
2023-04-30	202308010412	-1.2460894751406937	1.4898558470528058	1.8910897567190483	0.24530443469127727	0.6487251940972135	0.5082811179083558	0.30726733449408833	0.0724229381122749	0.06930315283593397	0.3056963826417891	19.41874225190722	0.05149664108146781	umatan_nagashi5
2023-05-06	202304010301	2.4872755129224013	0.6228079474615712	2.0199980504157784	0.15852260654528877	0.40022552022547836	0.048247794344489114	0.25585324113315505	0.0036472549248595665	0.06084601899374526	0.2918823720176611	19.629083787533986	0.050944812851381215	wide_box5
2023-05-06	202304010302	0.5764346880901479	2.003611737698071	1.581649120943578	0.6228870726068069	0.42727038313580923	0.14981166744060814	0.2808083646276377	0.020476750758448292	0.12086683890407343	0.4768726586843826	14.538994549515746	0.06878054714129508	sanrentan_box4
2023-05-06	202304010303	0.06284121681083144	1.6393563071635744	1.8120349784666394	0.36757155717974366	0.4279425794873753	0.22956073648481162	0.25806690202935717	0.028703986413746718	0.06577359630829682	0.308325327341229	19.25924208185027	0.0519231232335145	tansho_minodds_top3
2023-05-06	202304010304	2.1343829689030867	1.0936448359362956	1.7251634298943037	0.454628239593778	0.4482607004574317	0.091699992920801	0.28328791308599277	0.07698223990745529	0.10653972478140876	0.4476456436206398	15.81946101381445	0.06321327882958486	wide_nagashi4
2023-05-06	202304010305	-3.367555858498735	1.3236800837518947	1.9910102895710808	0.19694286166858077	0.46559649651393753	0.06517313947371206	0.2823951570509375	0.099615996918486	0.06251504069790793	0.29069249452741086	19.727488378100908	0.05069069010883717	umaren_box4
2023-05-06	202304010306	-0.6566828460453709	1.650027613348579	1.5853769390084456	0.46476057423395123	0.7006116372889997	0.5774856519649726	0.3066335342712108	0.04779838013042975	0.07891440392892958	0.3597186131399132	18.34106205771944	0.054522469683216467	tansho_p1
2023-05-06	202304010307	1.0465015677598497	1.5632296843121447	1.62295068128147	0.5794294584577776	0.33425992616348366	0.016578130334948038	0.26464243640679347	0.008371930459636856	0.09624059757270365	0.45688975540293136	15.506714501304067	0.06448819315760944	umaren_nagashi4
2023-05-06	202304010308	-0.45101712685706835	1.398237837971944	1.9515314253957272	0.22551219506731554	0.535808428116116	0.19589575960461525	0.369936905856354	0.2517534453214786	0.06252200717164455	0.2944976029809253	19.630815470125285	0.05094031888394181	sanrenpuku_box4
2023-05-06	202304010309	-2.5470216121153855	1.6993064277234498	1.4564132810604886	0.5725890973116106	0.7413880644457655	0.6108837112365797	0.3030940934041698	0.00020941516902633905	0.12805950192513846	0.44776636594758606	15.116146684227283	0.06615442552191128	tansho_p1
2023-05-06	202304010310	-0.4540844130957961	0.7818541155762225	1.7084239619864316	0.35489202432276745	0.6784853061084198	0.4591701733860539	0.40375094427121405	0.2774357546166873	0.07626856693298219	0.3400115875572093	18.77486107454007	0.053262711027783044	tansho_minodds_top3
2023-05-06	202304010311	0.172348198018669	1.7896850924919747	1.8015763936273617	0.3572074811276656	0.562164930557136	0.33854720349829764	0.24588476542799362	0.001070149874850046	0.09651666085127396	0.42105489468288126	16.84197589579005	0.05937545607400897	sanrentan_box4
2023-05-06	202304010312	-1.103726332352945	1.1143187911559784	2.0028290116376266	0.17193443850497703	0.5254870733828908	0.32954838941685305	0.2599033515317213	0.0033103478694722632	0.06121867031872069	0.28387767725485796	19.81488427785866	0.0504671128015322	sanrenpuku_box4
2023-05-06	202305020501	-4.709203488434198	1.1934684898350256	1.6490653042538237	0.31336530831337467	0.9139078263592868	0.8700703319724482	0.3478489226835746	0.13207530322677907	0.07870358414372065	0.32098872906995685	19.183994045051712	0.052126788491051394	umaren_box4
2023-05-06	202305020502	0.23812640172759617	2.279562315512571	1.2183825277934734	0.7979049219599241	0.6406461499787721	0.40231272867456086	0.345027890588935	0.0671568623653615	0.20883912207712202	0.604811483340696	10.175353116113717	0.09827668765778726	sanrentan_1-234-234
2023-05-06	202305020503	-1.4134157422058307	1.8346883740713118	1.1462337730286296	0.4995016648364033	1.0	1.0	0.2367169529706255	0.0033509891921723045	0.08483708974892078	0.4026582183626147	17.285466230553343	0.05785206986389675	umatan_nagashi4
2023-05-06	202305020504	-1.6634719593968723	1.3294141171377043	1.6339067823669016	0.46304118316894216	0.6210458558379447	0.3168309040071607	0.2791910837419484	0.10267869882697445	0.10400671927888379	0.3827752988208296	17.642767353763688	0.05668045040488914	umaren_box5
2023-05-06	202305020505	-2.288315982005204	2.563084798950617	1.0595943466500963	0.9369519592720819	0.48478307691159517	0.04677030656615572	0.4377091663457673	0.19837931635179745	0.22835422194498978	0.7252835549820347	7.506076732480763	0.13322538999271585	sanrentan_1-234-234
2023-05-06	202305020506	-0.4997390791065949	2.0964926461980946	1.5354125140441042	0.6047782404102339	0.5860036055578951	0.3450670691866694	0.30131267825775476	0.029663549675733092	0.1426297162819468	0.5262170285924257	13.145342408762094	0.07607257147850671	umatan_nagashi4
2023-05-06	202305020507	0.6199157790750675	2.0124502556958213	1.6771986971934405	0.5721154272461306	0.3286015143365263	0.06582632037125491	0.2818131039113463	0.007465550634914775	0.07209175538352841	0.34839012801370073	18.713103799244255	0.0534384894525293	sanrentan_box5
2023-05-06	202305020508	1.0745777861830637	2.0282386081370296	1.4482046999280958	0.5438682215382399	0.6955319616519556	0.48109849376488756	0.3468054487854587	0.18618859060068313	0.10328252320292586	0.4174935274907044	16.464925496772114	0.06073516701888789	tansho_p1
2023-05-06	202305020509	0.2668794666189275	1.9147531360157553	1.621167983854793	0.5569100523391248	0.3928413978235363	0.07200368002428809	0.24353808073671795	0.00814371634126132	0.1066028875860954	0.49407271532050256	14.368978001677453	0.06959437197852615	umatan_nagashi5
2023-05-06	202305020510	-0.03127098936328079	1.5926106753689229	1.646924054810159	0.5403370412394363	0.45669450743789747	0.1314657218072663	0.2671213293315262	0.0056854031767161195	0.1255036159504913	0.49424503897341904	14.187199020588373	0.07048607681817999	sanrenpuku_box5
2023-05-06	202305020511	0.9379087945677423	1.1732401090215017	1.5831319186177022	0.6020642533592906	0.42731003788461747	0.07298052367999325	0.26359163194503804	0.02315413034579472	0.0958532067827774	0.40204262573825683	16.911194709857313	0.05913242778862413	wide_nagashi4
2023-05-06	202305020512	-0.17091330400791846	1.3529151814027383	1.6996393909920684	0.4795861615034884	0.45782616483452687	0.10675708310385479	0.27889592434591276	0.08447510499179864	0.09234877582280004	0.39584301461985977	17.33904951702877	0.05767328820520957	sanrentan_1-23-2345
2023-05-06	202308010501	-2.5223276138147512	1.9739666138158287	1.5996867683245444	0.5238180549188612	0.6001874781828707	0.39059171001993076	0.3016136447144171	0.01580950291602079	0.13418304231903766	0.49149197026429975	14.039414379511825	0.07122804220803772	sanrentan_1-23-2345
2023-05-06	202308010502	-1.132886588918337	2.5701352800145836	1.3620058716693464	0.726370427949423	0.5675441277908106	0.21923071805486571	0.3120808822906931	0.09481239458152146	0.17773006296710292	0.5113051398863677	12.327021900036167	0.08112259458199438	sanrentan_box4
2023-05-06	202308010503	0.5014898657526211	2.5893372997075663	1.516680977767286	0.6575782701558929	0.5089812993586229	0.2943841556113995	0.27239792220517783	0.008662208687794493	0.10550287840987185	0.44453271166474145	15.520508313371304	0.06443087944087986	sanrenpuku_box4
2023-05-06	202308010504	0.03956627533173358	1.7971009908939428	1.7473323485636767	0.2914333787420474	0.958787223176033	0.9175744463520661	0.26753750618073835	0.022347028178527933	0.06480421193458875	0.29968563213380717	19.610782035920153	0.0509923570701233	tansho_p1
2023-05-06	202308010505	1.0271257301937282	2.1917777690820652	1.0343438485992427	0.8220875420696909	0.7354858134264226	0.5472297235576884	0.40398303926446866	0.11066124899338003	0.27842431910356846	0.6772929482015494	7.586659252006498	0.13181032214350774	umatan_nagashi4
2023-05-06	202308010506	0.4758199886798506	1.9400497535334627	1.8233423147343482	0.36806942331695786	0.45900784229720915	0.15013515336227423	0.2651570144949572	0.036149057262718165	0.08540064682156594	0.37538313290132574	18.010622854276434	0.05552278830615569	sanrenpuku_box4
2023-05-06	202308010507	1.5084209219275084	1.839422432090126	1.2236737072517982	0.7106484566491527	0.7712313478110265	0.6612480077336812	0.2950865577926083	0.0208230171681415	0.11039807268428152	0.4426733446234549	15.773532704803879	0.06339733899277027	tansho_p1
2023-05-06	202308010508	2.1472811389920095	1.8634387380896151	1.5143716028198884	0.5246015795022781	0.6926139587758298	0.5745269775479867	0.2887833374316905	0.0013055534939289126	0.09537574434832487	0.4069525440288638	16.932978362449752	0.05905635609962042	sanrentan_1-234-234
2023-05-06	202308010509	0.5667487192953393	1.1139948493190752	1.6770887692116105	0.380668870190266	0.7481222797852257	0.6630773609346654	0.30118704541945174	0.08067550882453708	0.069574438914102	0.3422262073297986	18.916056559586064	0.052865141148736486	umatan_nagashi4
2023-05-06	202308010510	2.003760865539533	2.0900565368170825	1.529100354930371	0.5061505355541096	0.6554408526258334	0.4053323696782851	0.34932408519835617	0.18227446775859185	0.10409059019065292	0.39698521308712403	17.0944223080025	0.05849861328931045	wide_nagashi4
2023-05-06	202308010511	1.0941662478228613	1.1825816413044312	1.992364391299068	0.19750470058302175	0.3668293434532697	0.005568789743736979	0.28982284387938484	0.005032871785274229	0.06222433137074354	0.3009621464992937	19.51948510580227	0.05123085955288568	sanrenpuku_box4
2023-05-06	202308010512	-0.6449198148147436	1.756761387561987	1.8354194598661595	0.2729499261445078	0.7696439441666717	0.631045243881738	0.3151273011002338	0.05423167319587041	0.07741996174512307	0.32737911760313254	19.09003296471933	0.05238335637492716	tansho_minodds_top3
2023-05-07	202304010401	-0.7357484711330713	2.212560934764063	1.6170975409383186	0.558875095130793	0.507702106236571	0.19070190001274262	0.26536697617112653	0.01767993873449647	0.1208597040094472	0.44744002610641986	15.31468447155163	0.0652968072478142	umaren_nagashi4
2023-05-07	202304010402	-5.416293246925283	0.6319873813560344	1.9654708160842955	0.21800697240137984	0.39945191284551124	0.09528697013667392	0.260202551722925	0.04594052456433842	0.0726719155934441	0.3537542639501918	18.63698606748777	0.05365674451753229	wide_nagashi4
2023-05-07	202304010403	-0.19159726782856393	2.1226015207599973	0.8669082243161106	0.7719603437775426	0.8589037558706802	0.7442938501628772	0.2965293844878704	0.022805184338897333	0.19140589863154284	0.5608975252141013	11.540002931629218	0.08665509063773003	sanrenpuku_box4
2023-05-07	202304010404	0.18247577953787425	0.43725896669268965	1.9904040458393544	0.19675630720084492	0.40450365100687774	0.09084364250092491	0.2190511758040777	0.007573089067176686	0.06469020348332583	0.3069409416049391	19.38896179119941	0.051575737307084535	wide_nagashi5
2023-05-07	202304010405	-5.0224957996614314	1.3997857736406434	1.40146907622306	0.6557291607048938	0.6435620602592914	0.4003595641524109	0.28862655030532525	0.009961521359696968	0.15724288585017665	0.5101660492123973	13.362590831066147	0.07483578691006092	sanrenpuku_box4
2023-05-07	202304010406	-1.2670585065010536	1.4359710007236757	1.9772890125256544	0.20729269166884678	0.42473870742565084	0.11958020296499683	0.30544529886538596	0.03872500263676032	0.06319221035161678	0.29855972632948813	19.572644899392653	0.05109171525566432	tansho_p1
2023-05-07	202304010407	-0.9691653146996302	2.211275531953636	1.656282509077467	0.36164173203175215	0.8742122994994526	0.7900883899846844	0.27210085322252836	0.01733722724837722	0.07410338986821273	0.3293685811209843	19.104142047571052	0.05234466941828159	umatan_nagashi5
2023-05-07	202304010408	-6.61511097017703	0.6497469114235874	2.058762468644992	0.11152248365084871	0.5019498636862589	0.1518464180107389	0.3415617409957278	0.19288835957539924	0.05713059689112804	0.27179755519554993	19.92060980726083	0.050199266472028964	umatan_nagashi4
2023-05-07	202304010409	0.07776662097099128	3.386201894199264	1.7058828806902522	0.4970596191949379	0.34913295838409836	0.07807133596163579	0.27122136349261394	0.021780898409589272	0.08835373118871531	0.40852707727304477	17.066557180690527	0.05859412589267985	umatan_nagashi4
2023-05-07	202304010410	-0.7549780858865701	1.1440219500825524	1.8803743939676816	0.3127522438842291	0.3973492554399482	0.04337147137365749	0.29185702811235614	0.037050056317080804	0.0709805222182002	0.32785001976373207	19.041883574384904	0.052515813159639185	tansho_p1
2023-05-07	202304010411	-4.63393811862426	1.1471027873603599	1.7532044942870626	0.4092517686026245	0.5685865789549414	0.3329354320155571	0.28177071742679605	0.04197560153741242	0.11474989130107725	0.4530373532295237	15.615584348279743	0.06403858976370377	sanrentan_1-234-234
2023-05-07	202304010412	0.3366816254611455	1.1857242779768022	1.5509440751780745	0.5562547400162835	0.6320284274910195	0.28959674566196325	0.24500820324426453	0.10140756539471901	0.08118885468511025	0.35640796331173824	18.153229410102	0.05508661722985305	tansho_p1
2023-05-07	202305020601	-2.240525504350487	2.190295508939174	1.5315489387947858	0.5284859780494925	0.64725313071777	0.4708205614221702	0.2948179963933596	0.012338581700593931	0.11098713337176111	0.4150549483933153	16.52685182496637	0.06050759156013882	sanrenpuku_box4
2023-05-07	202305020602	1.886082402725075	2.303081548595601	1.2668980696485572	0.7602693685791854	0.6508760745308604	0.4135200644481434	0.3592766294939546	0.06650796532966191	0.21971738464291996	0.6225990542250252	9.47841134381356	0.10550291222090581	umatan_nagashi4
2023-05-07	202305020603	-0.24431734080561174	1.7581838905101572	0.878348228074054	0.7143159721212557	0.9560842184071585	0.9337892448570828	0.2722028785328633	0.008052139010743808	0.09907216638308741	0.4100285465072959	16.761513772477297	0.059660482553909766	sanrentan_1-234-234
2023-05-07	202305020604	0.8193176197272731	2.18428171914333	1.7826803558958364	0.40292297961174606	0.4972036404868985	0.2612656584840042	0.27409537220525926	0.039944733250838055	0.07929310608211113	0.3441203957601449	18.681767575687818	0.05352812553461941	sanrentan_1-234-234
2023-05-07	202305020605	1.3504609247890005	2.004456531948606	1.3016467729716048	0.6220421192912263	0.7789927804517858	0.650791336686135	0.3416800635005981	0.0881347496726898	0.1230741719655198	0.4584110571480845	15.373867373439438	0.0650454420940071	umaren_nagashi5
2023-05-07	202305020606	-1.4751416021958308	1.868009457670602	1.5731421166223927	0.5496865956175384	0.5716584402305313	0.2928781806567654	0.2725111255770101	0.051817615764714164	0.11069345007450497	0.4267835840624286	16.354962278661446	0.061143522251024346	wide_nagashi4
2023-05-07	202305020607	-0.7728829344483873	1.8660716306331253	1.7457531353321938	0.3864321656997979	0.6441749423872173	0.452454277311925	0.3146622807866228	0.09012056512683075	0.08010999037552174	0.34365964155693035	18.737178078483293	0.05336982953416785	umaren_box5
2023-05-07	202305020608	1.199403860947214	2.596595070507367	1.748766967874489	0.3955917811408147	0.5798227160218826	0.2945488043158256	0.3007751056507004	0.09335462122420105	0.0993877313316124	0.3846892164271843	17.599576864384368	0.056819547862179805	tansho_p1
2023-05-07	202305020609	-0.9524909319187672	1.303610082557941	1.6575219168558357	0.512066661660924	0.4940215518166291	0.09078055245383443	0.2253885781897717	0.01475733418155284	0.11711796279777305	0.4219646482378223	16.139934790215687	0.061958118976181836	tansho_p1
2023-05-07	202305020610	0.403367381610197	1.2528380911837438	1.6433857827429155	0.40441235024368294	0.7376772927274552	0.556121033375394	0.3734040736563589	0.1828447596982809	0.09625123191226245	0.37623792414373813	17.82799318622145	0.05609156283349157	sanrentan_box4
2023-05-07	202305020611	-0.8959087130295432	1.9101887538357565	1.641850891167235	0.5793246411845533	0.41517650548372653	0.10727339560421256	0.2691520764237339	0.021845946572156327	0.09644329071307889	0.41348164412126925	16.555709338013788	0.06040212349608522	sanrentan_box4
2023-05-07	202305020612	2.5303081563115395	0.926390050354835	1.738005791574815	0.4432683388468007	0.4869718050098196	0.08756027138289124	0.22527304267644166	0.014272057451035935	0.10846503722249239	0.4133150778383912	16.59971239554512	0.06024200758251516	sanrenpuku_box5
2023-05-07	202308010601	-4.422338567999156	1.7550116877846247	1.4504063135929157	0.7128186551981848	0.46672942386625393	0.16735607365074667	0.3258355920962065	0.02885433329853193	0.17011354973882095	0.6711793296672784	9.441529647216017	0.10591504103308787	sanrentan_1-234-234
2023-05-07	202308010602	0.8455802874312452	2.5003391000805015	1.2082763342181557	0.8103952625840302	0.6357881545538031	0.4221622527089703	0.30602498844695397	0.016787468172236364	0.1699593435751865	0.5693855836110788	11.683565484044944	0.08559031071170853	sanrenpuku_box4
2023-05-07	202308010603	-2.896796078329773	2.389847100125205	1.5736262950868503	0.6094060521667971	0.4280446866549206	0.04640334624030745	0.2539627610820204	0.03908476979266409	0.10184287701784302	0.4188661197654476	16.480003706970294	0.06067959800136728	sanrentan_1-23-2345
2023-05-07	202308010604	-5.017665761864362	0.9626656834392396	1.7897705134123154	0.4050105408708052	0.45783740270707696	0.21295710429253592	0.253328708733652	0.0029671217977330078	0.09823130411881242	0.41060158578990613	16.673695509921817	0.0599747068311846	sanrenpuku_box4
2023-05-07	202308010605	-2.5863340820457474	1.5256614213561084	1.4981383594800879	0.6209141043645601	0.5608610067372104	0.3390464013283452	0.29504231253108265	0.02091303309120074	0.12158656629608777	0.4582509963180845	15.22497440075493	0.06568155542845544	tansho_p1
2023-05-07	202308010606	-0.6855924956489282	2.249853611967843	1.909862444651377	0.27372791411399255	0.4762551990894158	0.1732194903152096	0.30113197275892356	0.11954143789680685	0.07257292213474195	0.3310101927024531	19.024896994963314	0.05256270245587883	tansho_minodds_top3
2023-05-07	202308010607	-4.192605617074828	1.1893092703237464	1.6971799729824362	0.49497784917910115	0.3543128717428752	0.004676934951125977	0.2552444359329542	0.01321311872508521	0.10242296512587848	0.4897077523665694	14.416908539479898	0.06936299812553821	umaren_nagashi4
2023-05-07	202308010608	0.22329062536499483	1.3006721145429128	1.8548223098759258	0.320996296725972	0.580932290824801	0.39139231431535937	0.26942257816188053	0.009273747882128591	0.06704126180056288	0.30898032342894405	19.457247779285325	0.05139473019738306	tansho_minodds_top3
2023-05-07	202308010609	-4.48405316299144	0.7856914290330113	1.9702765311830737	0.210514115531811	0.5237207059471587	0.13755710070657162	0.2871590708209724	0.16351636071800324	0.06476718997198794	0.2982346010710391	19.664093634357837	0.05085411097986041	umatan_nagashi4
2023-05-07	202308010610	-3.698004650257487	0.9767537424438807	1.6350048270005806	0.4892505713269915	0.5680860199760944	0.37972327006803325	0.29238524762686025	0.02767611590184077	0.10375278743915627	0.4138485054912623	16.44101629158502	0.06082349060817053	sanrentan_1-23-2345
2023-05-07	202308010611	-1.0629139629374982	1.3408764661752415	1.7223013544486592	0.4254550313424825	0.581950439993983	0.35774597307267286	0.2527217038917087	0.0033738436910839	0.1256889855787438	0.5134501806526801	13.83420689192219	0.07228459194027965	tansho_p1
2023-05-07	202308010612	-0.2677047694299052	2.062631342411894	1.7531258498129036	0.4490172243594664	0.4087659834194396	0.04506612849659608	0.2528255364193349	0.011177727553919964	0.09324887130329465	0.3972779669005497	17.053208794559147	0.058639990399874276	tansho_p1
2023-05-13	202304010501	-2.2779982654959534	1.259296611111883	1.761651207345976	0.4696249666901126	0.3795001648552615	0.1388313064648195	0.2731065362787404	0.021168824307932155	0.07527209463168133	0.3373217326112316	18.589514075827505	0.05379376760043069	umatan_nagashi4
2023-05-13	202304010502	-0.034139102579831784	2.393361598547084	0.37033771705902335	0.7833074970908332	1.0	1.0	0.2666407645323765	0.00023778037941390995	0.12116616029834812	0.531293293047101	13.009696261192206	0.07686574535817489	sanrentan_1-234-234
2023-05-13	202304010503	-0.9251389278157519	1.6298072084946025	1.9156492237073341	0.2289064814971985	0.30378727245604675	0.0005955109984973617	0.2962956260911479	0.00015302367711617082	0.05231771025872549	0.26017647020619195	19.975539859618824	0.050061225229838774	sanrenpuku_box4
2023-05-13	202304010504	-5.682363121774178	1.3084490298617435	1.4124639269702275	0.6657589617303695	0.5996437339237182	0.30736192781012056	0.2750281139823362	0.0072530680336381215	0.1642431899967519	0.4991145589951806	13.138313477694998	0.07611326991837321	sanrentan_1-234-234
2023-05-13	202304010505	-4.151429017508837	1.4475476727220333	1.7065238460528531	0.41136948020200714	0.5814263361293374	0.27296014298147486	0.32722498251745114	0.174780327300883	0.08809038440669859	0.3633260291575316	18.129119805695044	0.055159875974004104	sanrentan_1-234-234
2023-05-13	202304010506	-0.5097441922188558	2.175631433713867	1.2854822502821686	0.5715667626699832	0.7909744610710293	0.6462795349592881	0.34132513830030353	0.13760924299167698	0.11829359724627796	0.45251151785745025	15.633249022910386	0.06396622983069668	tansho_minodds_top5
2023-05-13	202304010507	0.031576574883950895	1.2419925497958053	1.7262943301390548	0.45238403134266836	0.4611124029639433	0.11014689171669179	0.30883321275689285	0.1192709934066451	0.08486446137627386	0.36448464314722673	18.165989286497542	0.05504792413057748	tansho_p1
2023-05-13	202304010508	-2.8004150091017794	1.7377109529375745	1.758976258808926	0.40734438578633414	0.5310583062177335	0.2676382671689805	0.2807354215228474	0.038670051739026184	0.11538391834530995	0.470065176349384	15.197308522188834	0.06580112514922953	sanrenpuku_box4
2023-05-13	202304010509	1.68229407744525	1.1243118612641112	1.75881998678115	0.4290872842252888	0.4343239098551662	0.16441324528371815	0.26464525784587906	0.007446139938931506	0.10898177417704358	0.4633116659716048	15.322354643197817	0.065264120514528	umatan_nagashi4
2023-05-13	202304010510	-0.2693487301857884	1.3231676523930713	1.994080188398815	0.19962478933653766	0.3162808780483685	0.00410564942856273	0.28761316797540637	0.005681267703013637	0.06189526177740779	0.2966145232957541	19.54971047633109	0.05115165266568545	umaren_nagashi5
2023-05-13	202304010511	0.4914495864512874	0.6469743122554966	1.8429080937338287	0.24143202832308064	0.7856799098640346	0.6552005690409467	0.3035407096415263	0.09571998802571341	0.06468645674843322	0.310909076676897	19.504862688153544	0.05126926633568967	umatan_nagashi4
2023-05-13	202304010512	-1.4155123889148213	1.6046400575601714	1.7306636163842732	0.3896386321014556	0.6649283007671861	0.4857014854886006	0.31699393087192623	0.0792750722174137	0.07462921785232943	0.34507030626920354	18.77338064289088	0.053266911219779736	sanrenpuku_box5
2023-05-13	202305020701	0.5475970257555552	2.18272176835082	1.8014771984062943	0.3907498031686036	0.45478349588793204	0.103938768730019	0.2598410569589227	0.03297082961119918	0.09339776849631522	0.3902640569289576	17.387510229620744	0.05751254704060134	wide_box4
2023-05-13	202305020702	1.3333218357251992	2.0862076376651566	1.8346106569002427	0.3166871451002923	0.31096714267150116	0.006944329045307895	0.2818054448859715	0.028269627929618457	0.06365181389606386	0.31578441678916924	19.402244745081198	0.05154042808647268	umaren_box4
2023-05-13	202305020703	-0.19085307779321112	1.8634464557403816	1.8668625234351222	0.3145072474619604	0.5178819472405479	0.26695788236931556	0.2647249785554515	0.0456630831481071	0.07089404228385789	0.3167799707072174	19.350090982913592	0.051679343569134346	sanrenpuku_box5
2023-05-13	202305020704	-1.4115490626256824	1.7181842477221536	1.8969839491726197	0.27290225225169007	0.3665245386217622	0.00213429526867831	0.285521619886305	0.0019322703115912665	0.07117904248371212	0.3281154887353931	19.101234896440722	0.052352636121256096	wide_box5
2023-05-13	202305020705	-0.735526273779947	2.0265903032177865	1.664579331525344	0.5334905281768316	0.45975689575676487	0.18925706771030248	0.2675765663192992	0.022672536335782922	0.09267148713976746	0.3950217714654911	17.304459637885152	0.057788571323583615	sanrenpuku_box4
2023-05-13	202305020706	1.854238944907178	1.5664636916758563	2.006150407513476	0.1776640418043485	0.404352048774816	0.0893674795769881	0.2968588654720851	0.009553364997002822	0.06375402247990819	0.2986703478158335	19.56071670918172	0.0511228711538266	tansho_minodds_top3
2023-05-13	202305020707	2.766031844288607	2.916517088845908	1.1756039048084355	0.5785385434704344	0.8699404641121443	0.7750731091440307	0.2952056474503916	0.05022671298320108	0.11876684389704635	0.4400819304004878	15.872874628111248	0.06300056060601497	sanrentan_1-234-234
2023-05-13	202305020708	0.9669909204651331	1.4136296282739735	1.527445823520423	0.6268296146459172	0.520993789094133	0.3205375875348409	0.27562028698473456	0.0013981804561404854	0.1121165951765549	0.442938157627368	15.51027065522537	0.06447340747487876	sanrenpuku_box5
2023-05-13	202305020709	2.7758224845366213	2.0785689204622724	1.5827445097244155	0.5150674170483717	0.6293699812727168	0.43264138769418375	0.2973036082608093	0.018587262181383013	0.1306117987419821	0.4713975500993939	14.807259051933295	0.06753444351130171	wide_box4
2023-05-13	202305020710	0.7201792557154447	1.5096260394548087	1.7092187233678608	0.42339347428890806	0.5856100792998672	0.39318282618313166	0.28905983488183323	0.02953457334407561	0.10329973494144083	0.4105183312634652	16.796110406743242	0.05953759387045489	tansho_p1
2023-05-13	202305020711	1.1107249577456493	1.1204071346074862	1.9617444223554523	0.17572427411746153	0.8194004879505645	0.7282320495363198	0.29882149052799534	0.09047749959743431	0.058195093993262136	0.28177564825148627	19.81216610995959	0.05047403673328275	tansho_p1
2023-05-13	202305020712	2.504155216710127	1.8649984537030835	1.5658209272734862	0.5711440989573227	0.5166843212769067	0.15150599772156648	0.2328417548733256	0.0013446985421339541	0.12967532820609626	0.4489281253380829	15.432509438334804	0.0647982756139433	sanrentan_box4
2023-05-13	202308010701	1.3258941983589971	2.9292995425853396	0.8329845067785776	0.9792674184145391	0.5922522898843999	0.2106394936864847	0.6374781131562295	0.5239108133052134	0.38339195697894535	0.7851208586400527	4.472597800160561	0.22358370787646076	sanrenpuku_box4
2023-05-13	202308010702	-1.5907427341957976	2.7252428408230327	1.443448241030573	0.8076336320676387	0.40863549347060446	0.13534742005370198	0.27336506164326557	0.023334816929475866	0.09357333945033795	0.39156253311658085	17.145818608118848	0.058323257865709736	sanrentan_1-234-234
2023-05-13	202308010703	0.32127787857013557	1.064696518442233	1.8534036223799224	0.33198255191482573	0.49984185677374604	0.1456625276989722	0.3083093565111852	0.13350585589463848	0.09136132907765804	0.3714804819699874	18.017360938573407	0.055502024042771866	sanrentan_1-234-234
2023-05-13	202308010704	0.8720251989484956	2.2408302426667035	1.848119002566303	0.3406915519538355	0.4207898788194214	0.06497002420635611	0.29146221004687495	0.05972401014727885	0.08253399271116225	0.3535473115706062	18.342155065676504	0.05451922069240873	umaren_nagashi5
2023-05-13	202308010705	-0.4780637266215014	1.9062691090413535	1.6410639240117202	0.5443207458332726	0.47578289737296553	0.21229670574594633	0.27366529180279703	0.010326236202079342	0.1177852677597599	0.47842645897092206	14.774119595089774	0.0676859283264739	tansho_minodds_top3
2023-05-13	202308010706	-0.29773748481775764	1.800542444095102	1.3921163282211275	0.5847926778173981	0.6987180767816296	0.46322796092622853	0.31755945124670304	0.10788376399589736	0.1365155131838129	0.4537505496825115	15.168061975534261	0.06592800066435496	sanrenpuku_box5
2023-05-13	202308010707	0.5406206274462969	0.651791573893432	2.00659942817785	0.16322807126605904	0.5649972301473141	0.31902247810565354	0.2668333322566943	0.08823044853437148	0.06360296788700902	0.2973636260365385	19.67544804404628	0.050824763825522964	tansho_p1
2023-05-13	202308010708	-0.035339902026392395	0.5020860094710062	1.9272919597320175	0.2614591382101439	0.5094528478814639	0.11033663181413794	0.23155837538231172	0.09266659283872627	0.07129474937081641	0.308803545340617	19.432522991766064	0.05146012179806603	sanrenpuku_box5
2023-05-13	202308010709	1.0890196266944483	1.0094229259606584	1.99153296132893	0.1978638962532932	0.36524353359062955	0.016405104455196384	0.24213551110746734	0.0019513330196202772	0.06283196783659362	0.3043498015963935	19.402628176998434	0.051539409552025905	tansho_p1
2023-05-13	202308010710	-0.6811880110823585	2.3437850165156515	1.4523320975531058	0.6116885950764547	0.6050791698175798	0.3004068285689981	0.2545271960723713	0.03784687297231473	0.13067672583127032	0.44772235549678147	15.593369734936184	0.0641298203658667	tansho_minodds_top5
2023-05-13	202308010711	0.17867293275421697	0.7865525966498451	1.9609619674383836	0.2082621014361697	0.573212116526144	0.2723788913374546	0.2989181882360846	0.1530368113434737	0.0757585304126291	0.34648927819506586	18.859182469682917	0.0530245678256494	sanrentan_1-234-234
2023-05-13	202308010712	1.8186749166311118	1.7112405799785013	1.7349633865230416	0.4325019580897401	0.5068263913285569	0.17581141870620537	0.29545991673035377	0.08087098857042802	0.1164531114417864	0.4548833256597048	15.562613702009962	0.06425655864418499	sanrenpuku_box4
2023-05-14	202304010601	-1.7064848163159572	1.7667739141332994	1.4913480070895786	0.6273737604645436	0.524381629814551	0.1413173657161526	0.21198151909333096	0.013174730276907326	0.11717248342406698	0.439591973754506	15.9440570414912	0.06271929392862188	umaren_nagashi4
2023-05-14	202304010602	-0.8499352402449366	2.1686027609356184	1.6416992998758309	0.5309252529948054	0.4711822581214219	0.21961205091749253	0.2826768981573444	0.009261029790527397	0.12408847696163908	0.4856675603429644	14.353472676655876	0.06966955123176391	sanrenpuku_box5
2023-05-14	202304010603	-1.1404450261064796	2.1697250955696825	1.580181015723353	0.5662799934338436	0.470214600306433	0.004149518467314095	0.18681507062954678	0.04344834266685901	0.09373574394540546	0.3929895927689973	17.436522025097265	0.05735088675142036	sanrentan_box4
2023-05-14	202304010604	3.629112281292973	1.76138692682421	1.6955149202395496	0.4905423536142424	0.5063086862943362	0.24956709590022208	0.2736811609533226	0.027199537161159748	0.09659717453989855	0.4122072499900506	17.0136924020453	0.05877618898762887	sanrenpuku_box4
2023-05-14	202304010605	3.4331146986155368	1.3589910543137316	1.7071534663185952	0.47098466918350507	0.42863803563567615	0.004849309777672783	0.20605647595342613	0.003077871195201559	0.09067505802524255	0.3811906651693931	17.639500572754333	0.056690947449191544	sanrentan_1-234-234
2023-05-14	202304010606	-0.5410766164626444	2.004753656092765	1.2759370065012485	0.7630596462253196	0.5383949737048621	0.07678994740972434	0.18276542914067362	0.01060135122860792	0.09467280095448051	0.4436079944024943	14.992825955271002	0.06669856656666062	sanrenpuku_box4
2023-05-14	202304010607	0.8004143105582127	1.4881232778391347	1.7464001567007579	0.43846972315311405	0.43993365588310973	0.06848417632858061	0.26817114474248005	0.04052829825339277	0.11107925765603675	0.4507019248955292	15.545521165456702	0.06432720970603893	sanrentan_box5
2023-05-14	202304010608	0.6435707359795892	1.838398014779388	1.4915821769130204	0.5723064012167561	0.6415056384532141	0.36543451874724253	0.30616893781019155	0.1386109118706377	0.1013089846204527	0.3964171099348638	17.035023917939387	0.05870258855034019	umatan_box4
2023-05-14	202304010609	-1.9125288799997167	1.4460303682623439	2.0040681721470275	0.18300489904300074	0.4097272977710573	0.10076258519037956	0.25973391090158815	0.015130541320902108	0.06409515478011354	0.30254068024918257	19.488832811940398	0.051311436125991136	sanrenpuku_box4
2023-05-14	202304010610	-0.8139181160240552	1.9215761414605563	1.7277806096206603	0.3892619756152618	0.5514272263021163	0.2771192068494993	0.3707553321278411	0.22908549763347108	0.08182990187708519	0.35511401742432724	18.242118734178693	0.054818193794911874	umatan_nagashi5
2023-05-14	202304010611	-0.6205059871397554	0.9108708639069634	1.8236640564308397	0.355292871349538	0.39777697344209995	0.09153897841976377	0.25562053567718085	0.019953999000850764	0.10615460996168119	0.4962708742029052	14.287690372037817	0.06999031851621604	tansho_p1
2023-05-14	202304010612	-0.6957724033103194	0.9497092345769509	1.9304402716503668	0.25470438506268656	0.48798812680496795	0.1364874171725498	0.28630140852347646	0.11932691617276997	0.08616643484284801	0.37636707790626595	18.056890740039716	0.0553805200683072	tansho_p1
2023-05-14	202305020801	-0.6091890263245254	1.6463172144693856	1.6281457581283358	0.4232745329394665	0.772483998071451	0.6306253425571777	0.321283229137877	0.09820473864995571	0.08824790002938515	0.37607869463734955	18.00954787877569	0.055526102416957566	tansho_minodds_top3
2023-05-14	202305020802	0.17815297610140152	1.882910088644615	1.74162100570097	0.39993673669979374	0.5567072529154412	0.37989320970769547	0.27542488053980774	0.037024244989251165	0.07353759012121795	0.34677324434045853	18.591751304177766	0.05378729435646492	wide_box5
2023-05-14	202305020803	1.3125704252912513	3.1941661613971126	1.562053828076891	0.579603286066084	0.5010292027647231	0.1608645209371754	0.29047789584032374	0.07767742309519385	0.11933182106304366	0.4341175747646557	15.939534159393604	0.06273709068283358	tansho_minodds_top3
2023-05-14	202305020804	0.942901934139279	1.9611943652999293	1.5595243071508582	0.5543331896771253	0.5930717223701448	0.35521172695045033	0.3072179933437374	0.029243721851894167	0.1496035428335716	0.5391450607103898	12.67033203236185	0.07892452995279493	sanrenpuku_box4
2023-05-14	202305020805	1.567569774558673	1.1541362009485185	1.9247329586644866	0.2524308960652488	0.48183134216055645	0.24337100198068742	0.2661227329784364	0.04643259591106458	0.06608423956785736	0.3046723119582477	19.52525246376443	0.05121572701074319	sanrentan_1-234-234
2023-05-14	202305020806	1.6887304676316606	1.8869916452230588	1.6526306925635164	0.5160326756115134	0.4595641885898702	0.11655795611253239	0.2665101958574796	0.010386158839907456	0.14032097799715276	0.5716985889014033	12.064893132879904	0.08288511045943255	umaren_box4
2023-05-14	202305020807	2.8198532236031344	1.5977510883036172	1.7259716495513397	0.35269784222570516	0.7325383682068605	0.5540038713473925	0.349498351059118	0.12259553525670888	0.08695914777909586	0.3607780137796691	18.347703649459117	0.054502733372275694	tansho_p1
2023-05-14	202305020808	0.36116722299135984	1.0698863985889389	1.7224114430442832	0.4717443207062382	0.4801525933747666	0.21872826703188225	0.27684759186068425	0.022306015670489343	0.10145820604426499	0.4125904062081444	16.748606524426563	0.05970645967123154	sanrentan_1-234-234
2023-05-14	202305020809	0.3924955750027772	0.9731203618108387	1.7531364079447507	0.4531533276474749	0.38896491521880094	0.0716863454302562	0.2450088926180491	0.004588586899404279	0.09167514932729103	0.39638436511526065	17.215599559592153	0.05808685294627581	sanrentan_1-23-2345
2023-05-14	202305020810	2.4068557221140923	1.915661114958379	1.5415446401254016	0.6514017926709668	0.46320203980215136	0.14669266860648134	0.26061430458723006	0.02166684659173751	0.09998699622281246	0.4146709130746176	16.771887992162387	0.059623579674948135	sanrentan_1-234-234
2023-05-14	202305020811	0.7396302391372139	0.726415225101874	2.0291767059554746	0.14804802034174333	0.45591113148062823	0.0661936932489714	0.2962650933703387	0.10044660657012985	0.0651604668150463	0.3043439921982306	19.594277170500366	0.051035309508917374	umatan_box5
2023-05-14	202305020812	1.6286079065914063	2.7653653964190807	1.9007333787705074	0.28086198782255073	0.4479599031951497	0.13561042897256032	0.25922236444661334	0.052552759469560645	0.07202886271118857	0.32652262017452055	19.00355895089259	0.05262172220393646	tansho_p1
2023-05-14	202308010801	-1.50421395233467	1.6294435553098496	1.912155849724369	0.26051428416249683	0.36699749694284634	0.0034191315175293724	0.2862151092794071	0.0030895829782060513	0.06324180392499958	0.2928669121065773	19.635087709693426	0.050929235192889985	umaren_nagashi4
2023-05-14	202308010802	-4.077681865996693	1.7411757267049826	1.200168349973576	0.754578704803329	0.6616599310433067	0.3955164577463691	0.2618060813485029	0.05779939188128491	0.13406324268316894	0.5146488990967113	12.944533529696734	0.07725268722166369	sanrentan_1-234-234
2023-05-14	202308010803	-1.4567431598977783	1.126738369853862	1.6722219203502922	0.384145532668492	0.7059407765553956	0.4898758607973107	0.34298431230751325	0.1656336257335453	0.08868108931236246	0.36372690086580634	18.221283119613073	0.05488087712789103	tansho_p1
2023-05-14	202308010804	-5.232226833027074	0.9034465578523436	1.916754285861916	0.2744411691294349	0.4324727464159048	0.2272146756622666	0.25695299488174056	0.024868831716898493	0.07375790787971653	0.33162969945305176	18.93800654164484	0.0528038681262989	sanrentan_box5
2023-05-14	202308010805	-3.5999171878206755	1.2236990163723578	1.7753702263125999	0.3752872138516627	0.5505356504298291	0.25621295015633183	0.32933838898884116	0.17611256573273315	0.0853276523022084	0.3593791500346092	18.330164933329748	0.054554882819504776	sanrentan_1-234-234
2023-05-14	202308010806	-3.2440685969523315	1.025422807549735	1.566913463451201	0.4782790686700567	0.7533317425543121	0.617161918619995	0.34446282498211683	0.12123847139788518	0.08704444854199522	0.3765800421765164	18.104472042827503	0.0552349716486857	sanrentan_1-234-234
2023-05-14	202308010807	-3.899639504506457	1.5609474417741094	0.9190711042062674	0.770999118536607	0.8352887825854998	0.7159649786880693	0.32020271755650515	0.07261311911166979	0.17403954353441634	0.5475561619209866	11.729381583741203	0.085255986674196	umatan_nagashi4
2023-05-14	202308010808	-0.5805433105752552	1.4911645138464253	1.953640531469596	0.23163736250960754	0.4076621403600173	0.14095271648425378	0.24652809070077725	0.018547096911897404	0.07648858532808755	0.36104350113334627	18.44326162917675	0.05422034454133788	umaren_nagashi4
2023-05-14	202308010809	-3.2645811900424344	0.49599727781384867	1.9798102246345772	0.20396561842970454	0.36578619706428656	0.10569300498636985	0.28712427706561283	0.047853017771233936	0.06435496666716842	0.30561841444900867	19.482072750547648	0.05132924062055408	sanrentan_1-234-234
2023-05-14	202308010810	0.31102520795071276	1.2384091847374425	1.8715390641829255	0.3305701661150273	0.39950105989927587	0.1683630317150867	0.2584685521216082	0.007468191406370561	0.06672401069452946	0.31627546123555217	19.043822605588527	0.052510466029364496	sanrenpuku_box5
2023-05-14	202308010811	-1.1438172285049175	1.6937053209964856	1.4175999660449534	0.6511747144293268	0.6269791597228348	0.378799383875268	0.3019260614398249	0.024754422015871025	0.17164201350840638	0.5366054453284906	12.371939027649768	0.08082807373727938	tansho_minodds_top3
2023-05-14	202308010812	-0.6523191877384192	2.4822924453399207	0.9970336894791478	0.9558925994599632	0.4961258105715555	0.06266001357029238	0.623141392768811	0.5165352170629738	0.32986904480387425	0.7719463990422565	4.82056222183133	0.20744468258727305	sanrentan_1-234-234
2023-05-20	202304010701	2.654653537284517	1.6705816093881707	1.9033354739893797	0.29590032945762373	0.3378083303174987	0.028685630314056465	0.2634521826010818	0.009566267866295441	0.08216638544976358	0.3821682106648357	17.813212829240232	0.05613810431538261	sanrenpuku_box4
2023-05-20	202304010702	-3.4531743150767027	2.071292608667836	1.196552911216978	0.8100434529749808	0.5614435193783871	0.15749170043552402	0.2398963630200642	0.07199374472848724	0.13342698102446296	0.4902490141773882	13.713340931065776	0.07292169027422275	umaren_nagashi4
2023-05-20	202304010703	0.23960665019191948	1.9203410133802072	1.4884411844573588	0.6698129947056413	0.5228662136563189	0.3005322269697381	0.3207509033895379	0.0017599936574969055	0.1500294062970698	0.5792478214206205	11.57603994229175	0.08638532736455179	sanrentan_1-234-234
2023-05-20	202304010704	2.5900917346307115	0.5553181069118198	2.012376330176303	0.17198708115463834	0.44827240384744516	0.09767586746030316	0.2585204131726335	0.01532582738229707	0.06634318391224803	0.30645146557925496	19.45358008724475	0.05140441993274422	sanrenpuku_box4
2023-05-20	202304010705	-4.8882743478048605	0.8832266747548194	1.8510630173864309	0.27075877372161644	0.7268798624754848	0.5445545914979186	0.31552424938967377	0.0615505950006105	0.07394605414127696	0.32185156570480206	19.227405279064282	0.05200909771683274	sanrentan_box4
2023-05-20	202304010706	-1.479789830069248	2.2437065469111124	1.4077771190838235	0.7306619254316165	0.5151677534499185	0.1983834438688057	0.2686604897382997	0.032321808765365584	0.12525194503672973	0.4749310171811272	14.518593102154421	0.06887719718872826	sanrentan_1-234-234
2023-05-20	202304010707	0.2715610908449002	1.3889972444171699	1.7494679321629607	0.47501530594089253	0.3457231601258504	0.09073235539853708	0.27281255055710973	0.00424819083577388	0.07518719711624136	0.3502745412813772	18.615702975995216	0.05371808957682077	umatan_nagashi4
2023-05-20	202304010708	-2.265106672441879	1.3128200485108907	1.8427297633735051	0.34314402336440414	0.4413730138990767	0.08956993508644934	0.2879729438122556	0.07659222442601354	0.0836932685666416	0.3535220535075433	18.420740500631126	0.054286634132093566	sanrenpuku_box4
2023-05-20	202304010709	0.16678856164632777	0.6181455149155901	1.9995717499850296	0.18658669050365265	0.44728670231611656	0.13515963901768557	0.25913313724201836	0.013788886914102877	0.06462018483366012	0.3023392770605783	19.489491511911766	0.051309701917508256	tansho_minodds_top3
2023-05-20	202304010710	-0.8242623099647215	1.6130868965474108	1.9573657094877395	0.23410131571806816	0.36489904343753127	0.0015561074483712023	0.28851338079627714	0.0010870567927446784	0.06823187933766019	0.3172867122209121	19.134875064863618	0.052260597292126995	wide_box5
2023-05-20	202304010711	-0.9383542606266018	1.3417474750971692	1.9984014757943842	0.18325897821060266	0.46022195885140116	0.15941256650850544	0.30355178990093723	0.06786321202348033	0.061100743324225666	0.2871945706154271	19.76094758601551	0.05060486070555053	umaren_box5
2023-05-20	202304010712	-0.2271635098131592	1.6111516764253717	1.522947941618733	0.6570847579656048	0.4518291924123389	0.14378432935247226	0.31705266709894153	0.04980174164789669	0.15124458332424387	0.5689882969565363	11.873430201819255	0.0842216598743958	sanrentan_box4
2023-05-20	202305020901	0.7560252552570111	2.3908020762568016	1.1513657010124563	0.6294660806069053	0.831277918486909	0.7236473923211115	0.2941112578415803	0.05336630154098593	0.12371934641441334	0.48714808031927304	14.73537459713549	0.06786390080605055	tansho_minodds_top3
2023-05-20	202305020902	1.6957374346601612	1.8312938205729974	1.0827225429464855	0.7273200368576519	0.7655810274379993	0.5768319182778906	0.30587507446019985	0.0898431886996578	0.15728766769954886	0.48168238557886484	13.688994363699106	0.07305138518077198	sanrentan_1-234-234
2023-05-20	202305020903	1.9691437828986498	2.891633879643053	1.2055725309832883	0.7675942313357939	0.6657405798366576	0.48315114014009186	0.2901929345276447	0.010678796601310214	0.15741179004450043	0.5745731843748159	11.58716476979584	0.08630238888176434	sanrentan_box4
2023-05-20	202305020904	0.5915512400631451	1.7174270222423975	1.684911351584082	0.4785722885542918	0.5431385242704183	0.28712587571065756	0.2802689012894091	0.06498971335202014	0.09980586354203247	0.3972272515303741	17.228259375699825	0.058044169070874535	tansho_p1
2023-05-20	202305020905	1.2554936581433385	2.1198211608305573	1.353392798567585	0.7546406360974045	0.5629900666983092	0.33163390047604724	0.3556639541475336	0.028301382506273953	0.19666908218042214	0.685491209887577	8.775014602249037	0.11395992432237091	sanrentan_box4
2023-05-20	202305020906	2.437747783672479	1.966896966015114	1.4540040181477916	0.4854695867429077	0.7177415632833869	0.5254861267808846	0.36664884398516184	0.2158769041892179	0.09762867440067474	0.3965860404008036	17.141465725870393	0.058338068400461886	wide_box4
2023-05-20	202305020907	0.848639509827284	2.1730824227518495	1.7646594192284544	0.4211514258231964	0.5114723120053081	0.2039144722925364	0.29094305023173017	0.10229409455630317	0.08270503905129492	0.37232800915596564	18.054225407626532	0.05538869585496459	tansho_minodds_top3
2023-05-20	202305020908	1.3622021824449249	1.8617191250732126	1.960260454981726	0.219593524648985	0.5232664089245348	0.25783682870119845	0.22517037319234273	0.037195797033682504	0.07730027498663054	0.3619148830239076	18.494445449391694	0.05407028844073242	umatan_nagashi4
2023-05-20	202305020909	0.728368169765244	0.8126557482878807	1.9834530538468882	0.20570586997795084	0.4582548151608693	0.060013881660195056	0.2452421605385164	0.05434711751095575	0.06816327736961261	0.3063953493465144	19.492962082404986	0.051300566623614076	sanrentan_1-23-2345
2023-05-20	202305020910	0.6159208484851871	0.9006130052524715	1.8453845077364097	0.34563430540041984	0.4008564465298777	0.045897496250901004	0.289548830275798	0.03876917245202105	0.0718847428574607	0.33272611582667044	18.956822097761535	0.052751457751881434	tansho_p1
2023-05-20	202305020911	-0.7814061745731475	0.8989093850925377	1.9995956369371206	0.18379303149498075	0.4058786288779028	0.14576783653941194	0.2467860624703903	0.02920864198128187	0.06625265782482016	0.3195840013242235	19.352382224745934	0.051673224949086514	sanrentan_box5
2023-05-20	202305020912	-1.4744550735987505	1.2308385645288926	1.8477258940309582	0.3266666587447132	0.5243391490102389	0.2792516903057755	0.2767977577278949	0.03910177901154385	0.08676805208333149	0.36703983136774326	18.203584073520172	0.05493423690418466	sanrentan_box5
2023-05-20	202308010901	-6.717373777629544	1.043194662603831	1.975365906069091	0.2103947697787339	0.4460193648847172	0.17446468462515996	0.2598701360767234	0.04777647433485299	0.06804841959588531	0.3154082240843703	19.282081466597724	0.051861620942339454	tansho_minodds_top5
2023-05-20	202308010902	-0.7119122705723739	2.134526762957104	1.2932731219360654	0.8491872379058429	0.4565072360747966	0.127630083264556	0.40626263938244184	0.1340096417622053	0.21337764264291614	0.7441329661236689	7.660057508151173	0.13054732277608702	sanrenpuku_box4
2023-05-20	202308010903	-2.370208699195661	1.9625375439274297	1.4571207880936354	0.5592741200625149	0.6797588763705158	0.5132811995359023	0.3084412980675718	0.02303351797379638	0.1353546936749834	0.4707940648489345	14.435820615360484	0.06927212706813124	umatan_nagashi5
2023-05-20	202308010904	-0.0927885505620539	1.6685070242460671	1.9557223779655684	0.21846983603232994	0.40507563422887977	0.09551613385591268	0.29853715173199935	0.009411809939342985	0.06078501927716724	0.2903604943872722	19.739840667997978	0.05065897019225639	wide_nagashi4
2023-05-20	202308010905	0.8428883873414097	2.0603189313474224	1.1972938385998058	0.8666590038299219	0.6066119226363927	0.37573452997671714	0.397806562761507	0.08561694369348127	0.2344497918948775	0.675684914488624	8.251776332963273	0.12118602827433797	umatan_nagashi4
2023-05-20	202308010906	-0.6897702197389295	2.166985344353593	1.043007191977396	0.8320299656284911	0.7043327499950537	0.4543361682357212	0.31183479428951316	0.08661447508991893	0.2154776441027674	0.5793419366039938	10.458246859062145	0.09561832049637392	wide_nagashi4
2023-05-20	202308010907	-0.2145944925010057	1.660691755136916	1.7502680297891398	0.4182806594116753	0.507456809384768	0.2697660707822218	0.27960508422666774	0.03822619911375105	0.08945803634801124	0.37268008179545437	18.02945803068696	0.05546478426017878	sanrentan_1-234-234
2023-05-20	202308010908	-0.9899105721978312	1.5030235173229507	1.801895536282896	0.3763274553149695	0.45038906270677037	0.0671867593530171	0.2576009668534558	0.03434384082083328	0.11342784976730282	0.4951017920884263	14.398141491131799	0.06945340831772814	sanrentan_box4
2023-05-20	202308010909	-1.1659606240040863	1.4259773939938938	1.8370587070860303	0.3686666366062059	0.4021594970947002	0.1537239763787195	0.25491429918411024	0.015323030206646271	0.07971589818174307	0.35193361037206006	18.411525525924713	0.05431380461070052	tansho_p1
2023-05-20	202308010910	-1.7505828068323952	0.8771410408530894	1.935464655705271	0.2353503213589172	0.5265892078858548	0.18206865401520167	0.37183239182193983	0.25405727743288287	0.061706415641679335	0.2931926456378502	19.672447988915064	0.050832514619607846	sanrentan_box5
2023-05-20	202308010911	-3.9889840376108223	1.7673662683139102	1.7374929316457097	0.4507262847267672	0.43052000533880896	0.10288066290597214	0.2674851441366654	0.02023969421331459	0.11415720733099678	0.4958745119760341	14.315947879495148	0.06985216825441984	sanrenpuku_box4
2023-05-20	202308010912	-3.4307104568447495	1.0890428323778871	1.5635364339484243	0.38088995658634295	0.9227106622450343	0.8839535138759763	0.2648158007275448	0.0018551488796779703	0.07525675137181514	0.3247666556527574	19.06595657797973	0.05244950579374298	tansho_p1
2023-05-21	202304010801	-0.8999205753560612	1.4259076738178793	1.873824772013353	0.2522238417316668	0.7266402226762536	0.583118237467892	0.31000317860479293	0.10362433690765366	0.06519813281866413	0.31472628466781377	19.45723908585723	0.05139475316037331	tansho_p1
2023-05-21	202304010802	-0.5761775336403205	1.7374830899997105	1.4804032922109132	0.46794326835020406	0.8040669318186228	0.6811425340900427	0.3150292469483634	0.0823365508402891	0.09668160297827942	0.3961136740142273	17.48344741940567	0.05719695755712656	sanrenpuku_box5
2023-05-21	202304010803	-1.5145521046157868	2.229421064206786	1.0169943802585724	0.8141399574962085	0.7350792506839431	0.5382765027432388	0.2817274875505739	0.0030998441004421173	0.20331080369926896	0.5720948573235003	10.840464822030338	0.09224696693519711	umaren_nagashi4
2023-05-21	202304010804	1.371487996963279	0.8323122197307893	1.913610988197099	0.2836489954617648	0.35901189148779566	0.002966790229845584	0.26527559214423846	0.04499032226130659	0.07263826816341568	0.3403717630849923	18.799347130217797	0.05319333661287708	sanrenpuku_box4
2023-05-21	202304010805	-2.69916637106148	1.344286956328732	1.621713717268535	0.4653854216669906	0.6729647114829341	0.5247088782658498	0.3195762747174126	0.062089361606076365	0.08792119934180438	0.3842128772965522	17.709906861446772	0.05646557081431806	umaren_nagashi4
2023-05-21	202304010806	-3.2360514049375544	1.5791277625502311	1.676768197976648	0.5043078334703446	0.40887590858798195	0.0007000523372472367	0.24257969882308375	0.010038449914916231	0.12136307109268793	0.4808102553734501	14.441020652492714	0.06924718301177601	tansho_p1
2023-05-21	202304010807	-1.397823050404521	1.2318041716739092	1.963808532829237	0.20602004531277654	0.62279030613778	0.3866386695260067	0.31123237674417126	0.10646127645107184	0.0607664259705296	0.2943611707209731	19.70797083443815	0.05074089100297315	tansho_p1
2023-05-21	202304010808	-2.999348437656855	1.6373413600137279	1.651740370719381	0.44894562854787134	0.6404939948684368	0.40593670207378835	0.3113776958682198	0.09602067337239356	0.10772705738875021	0.40641875372275194	16.971888580396968	0.058920961875452656	tansho_p1
2023-05-21	202304010809	-1.001888006736029	0.7826962021721922	1.8921967738310157	0.23396637860752448	0.7194445125250765	0.6120770488244385	0.3904569242983912	0.17659715337372656	0.07068508393192649	0.32712158660584456	19.165301429261227	0.05217762964443745	sanrenpuku_box4
2023-05-21	202304010811	-0.2764673541455522	0.9886277205120463	1.9013851714497436	0.28188947863288605	0.5031846913962407	0.24164066602948153	0.2644501847596952	0.047615926868135316	0.07180571818954326	0.32254149778425084	19.212880056021216	0.052048417368150135	umaren_nagashi4
2023-05-21	202304010812	-0.44679296913798194	2.2211138423572496	1.5318691872722412	0.585959986469007	0.5891372623736048	0.37532907934710047	0.31268680540670724	0.011510695204603127	0.14227592500621009	0.5035486076071366	13.725729859385078	0.07285587070739571	umaren_nagashi4
2023-05-21	202305021001	-0.4566361850983856	2.403479860581821	1.518851939589709	0.6113475629123064	0.547360571636997	0.23545636821473853	0.24772181333869206	0.013676112292264092	0.12118318067576425	0.462887653761254	15.27852497553786	0.06545134439359035	sanrentan_1-234-234
2023-05-21	202305021002	2.0501298754173582	3.1744968991327833	1.0912349002128832	0.8626466556057357	0.6638826873581627	0.4283280627380991	0.34261826299480663	0.08440075242597644	0.21635609533465586	0.6489196162946371	9.243420285823552	0.10818506235550925	sanrentan_1-234-234
2023-05-21	202305021003	0.6387455521426613	2.6666814070197273	1.6334399014718377	0.4910030638503915	0.5737241849904272	0.32930550784140733	0.3095777581829837	0.08973033954772033	0.10736311813551817	0.41236539360564817	16.728102607642104	0.059779642883297346	tansho_p1
2023-05-21	202305021004	-1.3096039590299886	1.9343618903863633	1.8464425208396298	0.319528740023762	0.5252289596002598	0.2854087308310261	0.2731793271331914	0.03899859742184805	0.08082824055367581	0.3497246154103222	18.628949220182786	0.05367989295480983	wide_nagashi4
2023-05-21	202305021005	1.0091126364829661	2.1580133685616576	1.8603507934608432	0.31682827704545236	0.3929009365875421	0.03980779630083098	0.2927237450051158	0.034555268194678246	0.07255547130754163	0.3210595779014517	19.1819754415978	0.05213227402175753	wide_nagashi5
2023-05-21	202305021006	0.5147916535182465	2.387007090518297	1.4934665298703909	0.6837471834162551	0.4020244075697093	0.05611750527408377	0.2782446205374409	0.03928655853198684	0.1309674362515886	0.5404588535219872	12.78440612523786	0.0782202935516799	wide_nagashi4
2023-05-21	202305021007	0.8857151870121451	1.715794472894699	1.4206590277152142	0.45089564961998757	0.8455982297035199	0.7621015509438919	0.319211306368165	0.09631202041255005	0.09555089301711378	0.39973649951462503	17.305382679548174	0.057785488972851136	sanrentan_1-234-234
2023-05-21	202305021008	0.23855296951776195	0.7722454077856292	1.903357196197489	0.19731249815781723	0.8668778556728619	0.7770536345612774	0.35263315508622795	0.15164625270491916	0.06212111276405471	0.2949433531431049	19.730220420933126	0.0506836709710061	umaren_box5
2023-05-21	202305021009	-0.14276438208798028	1.5690615560810561	1.1941521334722425	0.8077371559713279	0.5594826700011919	0.1343637300202385	0.20147473831876925	0.012748223441304052	0.11126915035772983	0.4763963167792975	14.376850874939954	0.06955626156929005	tansho_p1
2023-05-21	202305021010	0.3636995585832072	1.3322616173603365	2.0021730578132653	0.17646655630376848	0.4207477732563941	0.22343449250697822	0.27422636559267205	0.05978217232716132	0.057474618843527	0.279102777298222	19.83994160038549	0.05040337417024302	tansho_p1
2023-05-21	202305021011	-0.03999463804572351	2.26708112277777	1.2836044957556043	0.5415774774949658	0.8445329023654682	0.7572411622124035	0.3726973780437868	0.13656420390029672	0.11625888221109329	0.4458405882530174	15.724520618618389	0.06359494348056402	sanrentan_1-234-234
2023-05-21	202305021012	0.33894777336519477	2.6703593125333906	1.0725307065465919	0.6236754567828451	0.8694611868222543	0.8015239598349388	0.29964798508055934	0.00473524861768071	0.13556242298317706	0.5014872323683401	13.841016637904412	0.0722490280996732	sanrentan_1-234-234
2023-05-21	202308011001	-0.8644498898770187	1.8321982156420236	1.4422822189128401	0.647512108474858	0.5772254258305974	0.2337336036448993	0.22001910399719798	0.017484467580592578	0.11550281609810371	0.4321864170722337	15.954633295172473	0.06267771759458604	sanrentan_1-234-234
2023-05-21	202308011002	-0.030722072711908723	2.209326642291849	1.6081904857255886	0.5098347510256234	0.597183831600024	0.4100479383465747	0.29690378325149225	0.00231437172204918	0.11368134996229952	0.43715008972960123	15.813451785957064	0.06323730033995724	sanrentan_box4
2023-05-21	202308011003	-2.8735247172656537	2.376954913641304	1.7241150593272199	0.45091155415963785	0.3248682280940664	0.019360967717949318	0.2790456395082028	0.024002683365756228	0.06794781054573124	0.3236529052518758	19.222520953976822	0.052022312910685965	umaren_nagashi5
2023-05-21	202308011004	-0.8083334342657919	2.196982482488968	1.8918098506097407	0.30364316673835584	0.41376139955628294	0.007101964769603286	0.23653314531754507	0.005138932437160237	0.0733099873043231	0.33552452690774986	18.940894063410582	0.05279581822548537	tansho_minodds_top3
2023-05-21	202308011005	-2.991640350352631	1.7937643814501736	1.2148798887903558	0.7590321407413114	0.731181413919628	0.5687288402705853	0.3167174241046775	0.06377427548376197	0.1299092079129453	0.4844429004965982	14.403002586977312	0.06942996739472676	umatan_nagashi5
2023-05-21	202308011006	0.4080104795174242	1.9795214169145157	1.9528676932462954	0.2287524426467751	0.3903843822003866	0.08109876099145646	0.25631452013028805	0.03665102199365247	0.07469974335908253	0.36755619165064574	18.27156525088694	0.054729848607330336	tansho_p1
2023-05-21	202308011007	-2.6131467662287413	2.289958133733234	1.5835390889932894	0.6267133990118491	0.47029075468523185	0.23980378544584272	0.25923834766348025	0.0018408382922119326	0.09958319455614498	0.41314469931907183	16.503196893556307	0.0605943203883395	sanrenpuku_box4
2023-05-21	202308011008	0.5620423306793563	1.426048655248295	1.8595836672744004	0.2580845417991731	0.6868514390942281	0.4967885862220388	0.38905259828108835	0.2307146574511016	0.0686977946893628	0.32139404373852487	19.262482965477897	0.05191438724655559	tansho_minodds_top3
2023-05-21	202308011009	1.1302180961443549	1.130900437266709	1.8487341629690732	0.3247254156085684	0.488817818812933	0.18364693992128794	0.33150140636233016	0.16407076708528345	0.08281252673212051	0.34365970267104007	18.648660652468465	0.05362315388947963	sanrentan_1-234-234
2023-05-21	202308011010	0.47015364042712493	2.2065985015945677	1.9314095419604937	0.253039174176002	0.4391327487687471	0.13320696833376028	0.23560383520882064	0.02041297799034028	0.08673814096913304	0.4052631282888534	17.23975699277722	0.05800545798986381	wide_nagashi4
2023-05-21	202308011011	-1.5770129829757182	1.6569080134938419	1.5785367116665316	0.5479834193317227	0.535665041937279	0.2022187622811914	0.2608839275495304	0.06343302383384736	0.11168091027258743	0.4217439103361795	16.460379100884396	0.06075194221658426	tansho_minodds_top3
2023-05-21	202308011012	-2.076745124364915	1.2859428600503147	1.5561307375993942	0.5906045318490121	0.522135868551645	0.1507936030440326	0.2574734373631559	0.006581186125242444	0.14069180026775852	0.464355242848537	14.402002147523943	0.06943479036849919	sanrentan_1-234-234
2023-05-27	202305021101	0.7250431455765706	2.4144721687918236	1.2485881808787769	0.7024713601371961	0.7082940851752362	0.5027028524488921	0.2958200995336594	0.03447343444145723	0.1602584830645886	0.5154653869333793	13.198226849630204	0.0757677536076006	tansho_minodds_top3
2023-05-27	202305021102	1.4257373340450814	2.306118275864209	0.695106391796349	0.9790822553499631	0.7278508490473481	0.46141875514852754	0.2493870472236646	0.05974271274616072	0.1795304250611225	0.610240802021885	10.068984644685871	0.09931487983028875	sanrenpuku_box4
2023-05-27	202305021103	-0.8112500815754633	1.8435587874686488	1.8076519905554522	0.3838253312060849	0.3657202103161736	0.054154212061535034	0.2576067697757309	0.009734836083580362	0.10064940921063555	0.4762902148017957	14.904666801056143	0.06709307986201611	tansho_minodds_top3
2023-05-27	202305021104	0.1782732604542998	0.7194757382878337	1.8596418720297883	0.33652885679267586	0.41246687015304656	0.07849966138082165	0.28538593329260026	0.016644118506996264	0.07776396579116311	0.3422666729231858	18.5910810090596	0.053789233639113886	sanrenpuku_box4
2023-05-27	202305021105	-0.4955707115597355	1.8349254858705348	1.6073447119384205	0.4642952140923876	0.7012243060343234	0.5493128484408099	0.27004878638669666	0.001072316140872831	0.12246260925700274	0.4480357519013132	15.475065797649261	0.06462008065593523	umatan_nagashi4
2023-05-27	202305021106	1.0129456628220364	0.8977989538105721	1.7334380271059404	0.4322095570275885	0.5103194266985678	0.25064686661876745	0.307176389268969	0.098123103653971	0.09001376967328553	0.3781573932296731	17.81004377564366	0.056148093322912665	sanrentan_box4
2023-05-27	202305021107	1.363935593323704	1.1755943292456754	1.9108945713786505	0.29349750077394693	0.3251470056969098	0.02199872269806058	0.2870516677731063	0.036516569381249975	0.062479613494399414	0.2964638128654289	19.55907843492227	0.05112715322080429	sanrentan_box4
2023-05-27	202305021108	-0.9293226544969526	1.3698586650899467	1.7800119163973507	0.36210313354649243	0.6378368358497867	0.39057040262818876	0.27896823145519734	0.03309938850900812	0.10266239208363784	0.3962275047175847	17.285705202887115	0.057851270067533996	wide_nagashi4
2023-05-27	202305021109	1.2878901957325253	2.0313615499463706	1.6834841927989177	0.4207832699509838	0.6681857150127241	0.4963736466714376	0.2815890561591379	0.013568230925878222	0.08367082979715619	0.3502255470109522	18.46475843956752	0.054157220809189305	tansho_p1
2023-05-27	202305021110	-0.027553887115080597	2.159676919417802	1.9020413513131214	0.2916161206137656	0.42544941266741976	0.1297380554680982	0.23122800075376984	0.011076943080133406	0.07228539424512799	0.32982837180314734	18.963097096736774	0.05273400198810789	umaren_nagashi4
2023-05-27	202305021111	1.4503535080864796	1.5967683581527756	1.6114856963968656	0.45326121649449425	0.6643985122264334	0.4357082920638351	0.30688704069572614	0.11010128510985245	0.10195946715384525	0.39536865847450825	17.250841550576617	0.05796818648343417	sanrentan_1-234-234
2023-05-27	202305021112	0.11442810240485536	2.644312998805687	1.8790511527551337	0.2844592614004742	0.6446845802678163	0.4454513858511684	0.2719889744503722	0.039458958226237045	0.0833885082860665	0.3516623424263843	18.623143545056575	0.053696627402383165	tansho_minodds_top3
2023-05-27	202308011101	1.0183440511442636	2.503235774790392	0.30597671196003645	0.916020464351674	0.9693535716090205	0.9509335041261444	0.3685671387622748	0.04328273904029256	0.2977465309920195	0.7050595662074902	6.545092702290137	0.1527862240438701	tansho_p1
2023-05-27	202308011102	0.17284093403647005	1.9119626998751904	1.6239285996518302	0.5181576676134555	0.5501226906582404	0.28039908860539775	0.2947730770184692	0.06685693023635753	0.11397100643027966	0.42642051602696485	16.20961224265355	0.06169179034206791	umatan_nagashi4
2023-05-27	202308011103	-0.11742476498813922	2.20185673028332	1.8798054302533667	0.2293453877514893	0.8989695080988022	0.8481003022390137	0.30651587294728866	0.005618944089905931	0.06976508161879617	0.293561163674725	19.613716642653507	0.05098472758729075	tansho_p1
2023-05-27	202308011104	-0.31308542607451645	1.8744300209671805	1.9177404282418675	0.27374213026332167	0.4319220512266919	0.07045098479615958	0.2531357992728327	0.03573670614658456	0.08107736591266096	0.3664104790903018	18.13021982366413	0.05515652924929066	tansho_minodds_top5
2023-05-27	202308011105	-1.31545926763376	1.8872092375572975	1.4943896623494197	0.6999423253790835	0.38065727286390066	0.0222921333411063	0.322455420456516	0.06722670102392536	0.1487133546022925	0.6172237189294191	10.64960915376606	0.09390015967359389	sanrentan_1-234-234
2023-05-27	202308011106	1.0869742444586512	2.056592259080987	1.5036900513756954	0.5767204764562486	0.6269905620991572	0.31436968755649775	0.2500105496039625	0.06157144152684629	0.11186708954437141	0.3979994347828938	16.975990556653908	0.05890672456860198	wide_box5
2023-05-27	202308011107	-0.860075346844916	3.098627794909251	1.307823943252751	0.8032403801279211	0.563027167289337	0.28208767352346564	0.2669594608763535	0.0014989243138917585	0.1378544708131299	0.5341308155322655	12.756423099609133	0.07839188087377258	sanrentan_box4
2023-05-27	202308011108	0.29786382808267825	1.7012038461888837	1.625909460940706	0.5204515792621426	0.5823711472957639	0.3191809836657262	0.30455668253032564	0.02414614832116696	0.131209720554673	0.47726275529860757	14.585729842523772	0.06856016193886735	umaren_nagashi5
2023-05-27	202308011109	-0.27709641200156604	1.1833807846286477	1.781543341869624	0.35188249953686124	0.6082606665971583	0.29601986279935577	0.3270583765483601	0.18872169166746583	0.0784724405476715	0.33487864265621403	18.840839260555928	0.053076191892021556	umatan_nagashi4
2023-05-27	202308011110	-1.1221662228739364	2.266502212121611	1.1923486602826712	0.6810473790253064	0.7902478719464646	0.6647186292796996	0.3149990006854769	0.06228991104164738	0.13182193999777247	0.4828055086110015	14.601395745276214	0.06848660343471041	sanrentan_1-234-234
2023-05-27	202308011111	1.2053960456178812	0.9460242715604944	2.068715269504085	0.09608186699001453	0.30637997143312623	0.055862589364848336	0.2980682743743125	0.004366857088602127	0.05285203275327224	0.26167591747506863	19.973419105891455	0.050066540670797584	wide_box4
2023-05-27	202308011112	0.30002160507430603	1.6574541649991639	1.8211808920826487	0.3743165647520423	0.4149761033185132	0.011464442735508118	0.2358739304617633	0.008275589311494441	0.08476386668356851	0.3690249166871388	18.08559449142834	0.055292625325307924	umatan_nagashi4
2023-05-28	202305021201	-1.120196724162203	2.3091526847972292	1.352252025198574	0.6972070854147684	0.6398824266774598	0.47548150222386326	0.32064028440557363	0.008892726683887076	0.1653257820747949	0.5625565265547924	11.527706996166893	0.08674752058952509	sanrentan_1-234-234
2023-05-28	202305021202	-0.8762227588819845	1.8137728771886714	1.3337541325195714	0.6014976800939046	0.718350841763568	0.5170801937818479	0.33901479272457274	0.14716415701467758	0.1286390767511894	0.4482641535363411	15.404348464029603	0.06491673453993077	tansho_p1
2023-05-28	202305021203	1.5173197479818512	3.039517615351126	0.9739082900955023	0.8286571069172259	0.7618366039437596	0.5825194879642239	0.29984708293750045	0.039351238207411654	0.20879407515074852	0.5956551600426313	10.153666949031926	0.09848658667057641	tansho_p1
2023-05-28	202305021204	1.260182847625716	2.137216858645506	1.9318488614492602	0.26033298431593344	0.4261167045158884	0.2205142707931687	0.2616551617831279	0.0321051419459322	0.0667788080742133	0.30980637500376834	19.30689882212964	0.05179495729546147	sanrenpuku_box4
2023-05-28	202305021205	-0.685698378591601	2.106907869413026	1.903153209992592	0.27450409646363083	0.4349283296031922	0.08580682651932248	0.2276848464999631	0.009827918107543382	0.08285267237358956	0.39111195198623916	17.639562255194676	0.05669074921093974	tansho_minodds_top3
2023-05-28	202305021206	0.3553115552607368	2.050726452144615	1.5399050166691133	0.6210835631726068	0.4553887916209	0.07158136069496657	0.2999991759555619	0.058835426098921145	0.15721037460729784	0.5641766139948449	11.86051835219454	0.0843133470481896	wide_nagashi4
2023-05-28	202305021207	0.12806852110792383	1.7815365684264515	1.6980686145387165	0.4492297749959496	0.5289999384591819	0.2913635020473237	0.28149515843189765	0.05132858261184775	0.08738003496269811	0.3785228386635856	17.94987587514993	0.05571069164798039	umaren_nagashi4
2023-05-28	202305021208	-0.6508606877714678	1.3594378895576047	1.7994715461286657	0.38932957036029736	0.44356276435420916	0.11553047387441107	0.2532953443270586	0.04564827570501889	0.08562531349676632	0.36846088073858624	17.9278968140024	0.05577899127682174	sanrentan_box4
2023-05-28	202305021209	-0.04512966793155081	1.8413096312323167	1.759284371470661	0.42857137772172443	0.5002935898476792	0.18539148550667106	0.2619154286958279	0.05900623744039932	0.0909935903965353	0.3939836312603466	17.430096036295822	0.05737203041897388	umaren_nagashi4
2023-05-28	202305021210	0.9478198349363511	1.2978380994805319	1.9909281389400955	0.19760706606112702	0.4440473682322862	0.001875467314103374	0.1989664786127397	0.0011570509956325692	0.07185597480628429	0.3260412655531047	19.22013806571027	0.05202876257086062	umatan_nagashi4
2023-05-28	202305021211	1.139577378241444	2.2135254724264115	2.075531978399634	0.07859849730499788	0.44962059797949705	0.19701855291025727	0.25235504032935646	0.0502501694004851	0.052974951547641924	0.2620187644074359	19.97783252847447	0.05005548017157	tansho_p1
2023-05-28	202305021212	0.4313761456739995	1.6318196907961715	1.7129055754352818	0.4604999524328808	0.4566185454281126	0.10661439853910903	0.2808455858181216	0.07496926169768067	0.11020330821073464	0.4117683780470778	16.395150753893123	0.06099364470695972	tansho_minodds_top3
2023-05-28	202308011201	-1.369188825000486	2.069557128362429	1.75263937669927	0.45497082822562596	0.4163604657273559	0.15765563544311695	0.24488989931411453	0.0022678490268694396	0.08836020842716451	0.376568828614934	17.75320573746962	0.05632785508081037	umaren_box4
2023-05-28	202308011202	-2.3942864660093677	2.346840633349754	1.2899553096915888	0.8172163128377534	0.5640544600469118	0.28050574230147146	0.3793713878310699	0.08504496153438484	0.21745172953397382	0.6672598216373059	8.841993102455866	0.11309667270858305	sanrenpuku_box4
2023-05-28	202308011203	-0.8513445899807858	1.901043273641003	1.7636041302823888	0.4179986675001054	0.5154460690010859	0.20851089691334224	0.29238720157013376	0.09533906940278772	0.0883878979418193	0.3736315820277911	18.017917563644755	0.05550030942630836	sanrentan_box4
2023-05-28	202308011204	0.8592495516786953	1.42464339916748	1.5130467369958485	0.7572040294836774	0.36935474301618104	0.09798430757399423	0.27202751257466556	0.017668070333161978	0.08438105126430696	0.3657717447938621	17.96148211534814	0.05567469285541292	sanrentan_box4
2023-05-28	202308011205	1.4151649134900839	2.112385333442061	1.0164998879306801	0.7258661098318967	0.8306305731751874	0.6951646132876024	0.3144359840615125	0.04959948630079669	0.18699313615247892	0.5299058440073491	12.103377383381002	0.08262156655324056	sanrentan_1-234-234
2023-05-28	202308011206	0.018821975954370403	0.7680637421989698	1.804656023690568	0.3881288057789664	0.45242192234503076	0.12748351211924164	0.23069458626819794	0.016633686182101398	0.09550317756823709	0.3942127965208695	17.1429319220563	0.058333078877446175	wide_nagashi4
2023-05-28	202308011207	-0.9366843281426288	2.683607927397082	1.66589299833449	0.5783724944067864	0.37964968096442503	0.08086880422108494	0.2573309181802858	0.0033185706254302283	0.08132649705668228	0.3718594403870151	17.774857018212973	0.05625924298436561	tansho_minodds_top5
2023-05-28	202308011208	-0.33244003841025116	1.89968128844291	1.5147383397158196	0.6181335592921454	0.48698514135703647	0.036052957956096865	0.20118857574044038	0.05018581719602713	0.10366287808425655	0.42452810270222907	16.44560273915386	0.060806527791115235	wide_nagashi5
2023-05-28	202308011209	-2.6324472792963243	1.9077817157270345	1.490372623401701	0.5246286108790662	0.6884868547937811	0.5257989189965269	0.30134907567468777	0.013103215096405163	0.11500368624037316	0.4354760403968082	15.864687850889405	0.06303307127117147	sanrentan_1-23-2345
2023-05-28	202308011210	0.6959961753654833	1.3293991255831512	1.9527212569245822	0.21447713930447365	0.5246100088599868	0.3268103963213006	0.2617214899779012	0.00571385752684711	0.06184650045196281	0.2870124685434083	19.78560274755202	0.05054180116517933	tansho_p1
2023-05-28	202308011211	1.1443796089601954	1.3873952335431705	1.4857963577924935	0.4882564756573162	0.7811386267356841	0.6639778897569509	0.3048610641503194	0.08898926084532066	0.07828678739836828	0.3631225341645583	18.318689852305198	0.05458905675364996	sanrentan_1-234-234
2023-05-28	202308011212	0.8389963083668938	1.4106580764018346	1.9341242476446614	0.25019915863004205	0.5228416848455484	0.12958278444645915	0.23438102473550615	0.10571169889576448	0.0669766749521304	0.3021784759165085	19.574923026576354	0.051085769207997726	umaren_nagashi4
2023-06-03	202305030101	0.5787366823387168	0.9844507120578979	1.6763274291876569	0.5142261998602563	0.4046571184473491	0.012741703725600184	0.24340185578437984	0.009439606811406404	0.08044116960621794	0.3863516703452897	17.71522487260823	0.056448620166613166	sanrentan_1-234-234
2023-06-03	202305030102	1.7466697689831385	1.2823589427371316	1.3818046569379037	0.7044401587632138	0.49082769491239026	0.023969660077998556	0.19234771852508625	0.023237370741479135	0.09817116475186694	0.44366839186271567	15.853723807925817	0.06307666338302588	umaren_box4
2023-06-03	202305030103	1.6479805870620783	1.9208594929692393	1.852833690077158	0.30432768358894857	0.5118301663574322	0.2741769780714263	0.27885417412076785	0.06104317971858189	0.07375847003353188	0.3383460782146841	18.922464528152243	0.05284723871524408	sanrentan_1-234-234
2023-06-03	202305030104	-0.9524485455170569	2.1884868316565567	1.627950366791155	0.5749232301017697	0.426498471350615	0.07720330236057643	0.26845053081412934	0.024118104203049717	0.08889299042434459	0.38759380213976435	17.40170889984874	0.05746562051780399	sanrentan_1-234-234
2023-06-03	202305030105	-0.8786267709742241	1.4547087609517582	0.7632043346601372	0.6887605249191099	1.0	1.0	0.22776494889713347	0.004148372032288794	0.0741038701901819	0.32178158050841044	19.02385613784746	0.052565578332487824	sanrentan_1-23-2345
2023-06-03	202305030106	2.2629454317795616	2.749001669156747	1.753693666493508	0.36951274522293515	0.658744684197858	0.4789037424314446	0.31392192690513865	0.07950270251632799	0.07858871928695321	0.3379971789752705	18.844147807923218	0.05306687307873586	sanrentan_box4
2023-06-03	202305030107	-0.7925031063780362	1.5374962750049392	1.0569595075229488	0.5300707300123007	1.0000000000000002	1.0000000000000002	0.24818301295857917	0.008363787176456167	0.0993944954183222	0.37254690270394963	17.42421341523051	0.057391399896760883	wide_nagashi4
2023-06-03	202305030108	-1.6608953764144203	1.3777960908422238	1.4412303871993406	0.7565168998713993	0.47930793518739606	0.21527670626712536	0.2710578715628078	0.01505030043869715	0.10372191949912024	0.4299111429939344	16.167367917914344	0.06185298714529434	umaren_nagashi4
2023-06-03	202305030109	1.2918808727352968	1.0755401069582193	2.027185664589991	0.1475690503939126	0.4244965475277095	0.08298372747446436	0.34949364259534743	0.12136371462979723	0.05814872906688	0.2790235785307087	19.85068878483699	0.0503760857287659	tansho_minodds_top3
2023-06-03	202305030110	-1.5448073832903773	1.5700022987601492	1.381979980177962	0.7314405300724056	0.548982929727579	0.2506795198251235	0.3544021660991207	0.07566512402031156	0.19763056971519788	0.6240992852412983	9.909841390116721	0.10090978862661915	sanrenpuku_box4
2023-06-03	202305030111	2.0654747253351866	2.5774715506981685	1.5764688015446524	0.566956335524419	0.5596777110509908	0.33515081717916073	0.29533503488974977	0.005099416471398499	0.14264950430015	0.5556436179522619	12.417858231146441	0.08052918477453724	sanrentan_1-234-234
2023-06-03	202305030112	2.630997506899514	2.223058121221332	1.8610276191382522	0.3203202701855056	0.4354453130762035	0.08195684212339943	0.3207222558024897	0.10480197341085493	0.08179760103944082	0.34300634043289163	18.627835925166725	0.05368310114053411	umaren_box4
2023-06-03	202309030101	2.2083107847958665	2.0820520209305147	1.699335112313149	0.5059967506517496	0.41472395265719203	0.049788484508679565	0.2498251349365664	0.014571805197341775	0.0944421903638056	0.3960833648113807	16.956744637881084	0.058973583748263614	tansho_minodds_top3
2023-06-03	202309030102	2.51662912445601	3.8097723034266275	1.2116410102616897	0.9017145204588151	0.5169970771963881	0.23191230353901793	0.42144216836612153	0.11117435326616515	0.23679422271888848	0.7621016108913297	7.2015184990272685	0.13885960303164854	sanrenpuku_box4
2023-06-03	202309030103	0.9370014432085338	1.4922548523376369	1.5180805008017038	0.6377001134812963	0.4558088827314444	0.07547072943081512	0.29702517786516397	0.042677908872285286	0.15821657170534678	0.5453122736407437	12.213687711982633	0.08187535358538091	sanrentan_box4
2023-06-03	202309030104	-2.6673372184050823	1.0606237800247682	1.9400861176173905	0.24958824211543756	0.44008695506835943	0.08685694383017178	0.22560644877101743	0.012209941638108235	0.08212991975405007	0.36883593892237726	18.13391064851725	0.05514530314958658	tansho_p1
2023-06-03	202309030105	-0.45437132220077864	1.276521388678533	1.174760950416852	0.9294796419494129	0.5783145106380426	0.33933151936554456	0.34136441413757823	0.05681542631886416	0.18438570541464555	0.5892127937134646	10.849469157623178	0.0921704081067753	sanrentan_1-234-234
2023-06-03	202309030106	-0.45649849626036215	2.5868359884659458	1.586570060349088	0.6054305920450106	0.43065670770994285	0.05128898073597982	0.26194971197198186	0.04097455803083644	0.12158313939647894	0.4737582608794243	14.275823801411883	0.07004849694916378	sanrentan_1-23-2345
2023-06-03	202309030107	0.41538716365496875	1.4211232602058617	1.6591658164270333	0.5375383605621408	0.4316820501871849	0.1129674254116978	0.2420219066725708	0.007538042239500914	0.09554297126857295	0.40173382458302276	16.97018635814869	0.05892687203872827	tansho_minodds_top5
2023-06-03	202309030108	2.194053858651282	1.6893148052101228	1.851055494824275	0.3368675524740009	0.43739200771876363	0.21812454033256085	0.24857692921062502	0.0011745962703594848	0.09033864333721286	0.39609997713941425	17.347766285697233	0.057644308986596914	tansho_p1
2023-06-03	202309030109	-0.538492204445222	1.762911060799318	1.6204443712730714	0.569008267642746	0.41552289258428043	0.05433407787811362	0.24940927732318516	0.0089356876275542	0.08075965500036929	0.3716281147199364	17.886727784881604	0.055907375123426986	umaren_nagashi4
2023-06-03	202309030110	1.2781535825622057	0.9927446997730784	1.8168247274039875	0.3709975697445589	0.4629938443943241	0.15942321507773238	0.2704452124385357	0.0501893646433787	0.09820563966946122	0.41029015445127387	16.879226565032873	0.05924442071721504	sanrentan_box5
2023-06-03	202309030111	-3.2513759991835878	0.9279918513899769	2.030896023519441	0.1477655631585547	0.4534843019576234	0.14988556969822242	0.25836440929766347	0.05781055772455759	0.060768209210625666	0.28784407190781525	19.746100017245478	0.050642911720625274	wide_box4
2023-06-03	202309030112	1.8695437056191104	2.0946306241949406	1.4724981648554913	0.5958387036594865	0.6245354380479791	0.35813475608800543	0.274406117035564	0.039145584470246075	0.1276227044924956	0.4629475652225321	15.031859669584293	0.06652536824990564	sanrentan_box4
2023-06-04	202305030201	-0.690951695787403	1.9693574713071782	1.6255688015951992	0.5491759493236867	0.4347722283958319	0.035697672838779615	0.24915907183292246	0.020693295368957337	0.12844534827414253	0.46938974548120826	14.568731958791119	0.06864015364059027	sanrentan_1-234-234
2023-06-04	202305030202	-0.040670840674881664	2.7610569602334567	1.3283210101177303	0.8895324119886101	0.43642391459848545	0.10276069904065116	0.30947848726888855	0.04002140040262292	0.13604307357735185	0.5295254295441922	13.023948082811165	0.07678163285369563	sanrenpuku_box4
2023-06-04	202305030203	0.5245413485702654	1.7445492575227641	1.913889075815677	0.2435271391838516	0.6542987425833071	0.456637977107443	0.2708792335723767	0.04216708266222763	0.07912062866025299	0.3361805941781181	18.99302796116037	0.05265089916389011	sanrentan_box4
2023-06-04	202305030204	-0.4296833419266825	1.7805122279600158	1.133216257615511	0.6349231673356699	0.8520608093072609	0.745938927003428	0.34375617958429566	0.07063962550014974	0.15701137760433287	0.484483128000314	13.682701487548512	0.0730849825898794	sanrentan_1-234-234
2023-06-04	202305030205	0.6684053108823982	1.9212158243907944	1.959821743626096	0.2018477445067444	0.4544892495792077	0.10694225890745346	0.2590547791579847	0.019558618547917656	0.06335659231051885	0.29610829607496464	19.630952410525698	0.0509399635375725	sanrenpuku_box4
2023-06-04	202305030206	-2.733495052187895	1.1619849050611897	1.8856606756101164	0.29307306258852844	0.4677796743431747	0.20804973161802404	0.2329306582742577	0.008517655315990552	0.07661472938673476	0.33916455469726803	18.822066513271537	0.05312912900902219	tansho_minodds_top5
2023-06-04	202305030207	1.3273850264660756	1.5892414880245083	1.1538348366737803	0.6515437010028527	0.8113296422937812	0.723569376004852	0.28578462996321263	0.02684533498974917	0.10918201220398366	0.42152880736206705	15.780452823853153	0.06336953769085997	sanrentan_1-234-234
2023-06-04	202305030208	2.0936280003201544	2.061755908816042	1.8879408334909924	0.2954767347497945	0.5178024663351712	0.2724499236606026	0.2717474416037667	0.006727079733182317	0.07950331119854612	0.3462928000075898	18.72298982463537	0.05341027311162762	umaren_nagashi5
2023-06-04	202305030209	1.104055207214388	1.9625467142836266	1.540318752081932	0.5779882048473848	0.592371984593354	0.35051281274211626	0.2771905184380086	0.006118838479989286	0.1434355034845418	0.5193340348492581	13.299303893991864	0.07519190537872912	tansho_p1
2023-06-04	202305030210	-0.11146563963998844	1.767899944081948	1.8431490715593757	0.32909571907028823	0.5160792635672037	0.25890594304498754	0.3041384909022418	0.08424905419405382	0.07437393484747579	0.32711375469858267	19.129044660267294	0.05227652597189487	tansho_minodds_top5
2023-06-04	202305030211	0.7829750254171643	1.5524496497741338	2.021198525130907	0.15450606597077066	0.3026151642192676	0.00041986203680194345	0.29718117108501296	0.0002989602022803739	0.05173835800529472	0.257351102406696	19.98661917275916	0.05003347446390303	wide_nagashi5
2023-06-04	202305030212	1.6738882044996761	2.1556493091785747	1.5362011736352057	0.6498041197411834	0.44917009449973355	0.06181224145286768	0.24639345049408154	0.022139630029751334	0.11695069711442643	0.46616850541042326	14.9691879305463	0.06680389107543959	sanrentan_1-234-234
2023-06-04	202309030201	0.12197573450748185	0.5420017551980963	1.9506315481193626	0.19488255800569196	0.7248932535510288	0.5826620331377703	0.3508212731464057	0.14613263953036315	0.061096809237578785	0.29065285189154055	19.76366364347997	0.050597906240420154	tansho_p1
2023-06-04	202309030202	0.5067081996754219	1.123229494466023	1.75739073141547	0.40644672025539075	0.4810998855414245	0.2751427991732052	0.25567276945123296	0.014078974701079133	0.08448653359131755	0.3783974615662884	17.69441754094864	0.056514999585930856	tansho_minodds_top3
2023-06-04	202309030203	-2.459113527557402	2.679145619105597	1.8348322747288233	0.34737341153306744	0.41914449392094794	0.09495562006685859	0.29481216361331164	0.031180179416842424	0.0675394875857632	0.3215610343141641	19.115466289842423	0.052313659778803305	wide_box4
2023-06-04	202309030204	-0.7740793970630528	1.749244497306918	1.3263164241961016	0.6779395000732252	0.658808304417347	0.375728463141065	0.24788066720851237	0.012936805882162367	0.14912146643464427	0.47155616396596606	14.544944929220694	0.06875240881737592	sanrentan_1-234-234
2023-06-04	202309030205	-0.3964678969698925	0.9408057769851779	1.6892702834027045	0.4912290711423732	0.4508426089429071	0.0819150818331646	0.2639188631396378	0.028870730384382953	0.12134648182563255	0.46991110779325684	14.889476091297782	0.06716153032304839	sanrentan_1-234-234
2023-06-04	202309030206	1.2594046071547291	1.6639695220240436	1.3254417520841815	0.4593859800932566	0.9370739923990775	0.904978494989471	0.29725548166858196	0.071507687220361	0.08149565402627926	0.37725520104933136	17.78562017060121	0.0562251971203654	wide_nagashi4
2023-06-04	202309030207	0.3874198391655684	1.1989376715811322	1.7036737761068028	0.43809317065591974	0.5732222041263824	0.28033112618663897	0.289555389442462	0.08936099640633033	0.11263541793191895	0.4136391870684383	16.707675437060818	0.05985273078634319	tansho_p1
2023-06-04	202309030208	0.566366946499292	1.9330453813892836	1.7006188140676004	0.4736249127845825	0.5235086698339275	0.2475804090488764	0.29762009840436804	0.07906617963030299	0.10292610355030882	0.4014129263705156	16.996305830102315	0.05883631478488053	sanrentan_1-234-234
2023-06-04	202309030209	2.009610241215505	1.5976538488626466	1.5567157485934935	0.6082578775621381	0.48411999860055627	0.18188916407405054	0.3004681460665274	0.010202148858188265	0.15333109924910002	0.591373555346978	11.432433094725713	0.0874704441053186	sanrenpuku_box4
2023-06-04	202309030210	-0.424454623495337	0.844407521187699	1.9525076149747944	0.23683669705160754	0.41047869340822674	0.05365518968115274	0.29330712213113935	0.05157040116203554	0.07569412778038534	0.34022887805154234	18.801319638599207	0.053187755924695566	wide_nagashi4
2023-06-04	202309030211	1.531174877605338	1.4040893825122793	1.8996179632149932	0.2801962955479289	0.5020570971107524	0.19611224282804351	0.30200373826257965	0.11253877617719288	0.07468800363527682	0.32840960003529746	19.03842402386891	0.05252535602454683	umaren_box5
2023-06-04	202309030212	0.14744527473298139	0.8996253038021198	1.8520827965225461	0.30298836830321835	0.6228481123100682	0.3719948927687767	0.27614815239474966	0.09795074042188712	0.09834155102899034	0.3984918660738614	17.3983575817097	0.05747668969921999	tansho_p1
2023-06-10	202302010101	-1.6100052334483472	1.1245443411741811	1.6671559276495806	0.4188237694672046	0.625320006414991	0.3783883037755958	0.3180552082899072	0.10724553691863364	0.09995260522244888	0.40601542148432057	17.16772705632914	0.058248829138469724	umaren_nagashi4
2023-06-10	202302010102	1.3385436821085035	3.124140253237547	1.2924823014148856	0.7412449534580994	0.657001599138586	0.45543574816136023	0.33813492739404827	0.030440968993829864	0.19031913718597013	0.5804623279208297	10.944896657539744	0.09136678319489823	sanrentan_1-234-234
2023-06-10	202302010103	2.5487385923233754	1.7479318011924232	1.7388335260985677	0.45793253303919856	0.4508504596765289	0.18518154674044823	0.2486878517205375	0.0011029020040082826	0.0953487922326711	0.3952362160562489	17.16277074350441	0.05826565039788053	tansho_p1
2023-06-10	202302010104	-3.232675142088326	1.6165721935431365	1.4005692926437572	0.5791881757723122	0.7018578810190405	0.5708880716737774	0.32830277759252563	0.06091137186638912	0.12214287151451184	0.4607129994161351	15.036035422289412	0.06650689306820869	umaren_nagashi4
2023-06-10	202302010105	-0.451248550636191	0.812451029655888	2.060559401147515	0.10325251146708249	0.4545922537022744	0.10497393274810063	0.29907978613223335	0.05649217747834406	0.05471036012137569	0.26509626643036266	19.95959111233116	0.05010122674217478	umaren_box4
2023-06-10	202302010106	-1.6016817225916167	1.538180643865586	1.7351543400976865	0.44658260501791863	0.46736129486933053	0.12184583902708834	0.23460684012030042	1.2705553367298172e-05	0.11018649565456133	0.4276798174988766	16.095465675134307	0.062129299032639244	umaren_box4
2023-06-10	202302010107	-3.4369725865438254	0.7721479956124558	1.9611647918920543	0.21607027649988772	0.438685442660704	0.0946552950290111	0.22293235807999245	0.006489280002027892	0.07487615401790636	0.3604387316615667	18.484824125284945	0.054098431947325054	sanrentan_1-234-234
2023-06-10	202302010108	1.292251030948059	0.7226756474641371	1.9556789559054482	0.21936881088277727	0.5750495128901058	0.3840604834224518	0.265301872439022	0.009031075321260018	0.06145587768138146	0.29281105301486754	19.711979393943572	0.05073057251202515	sanrentan_box4
2023-06-10	202302010109	-2.7362605252027508	1.6279959712732637	1.8386873890848388	0.2907382211122029	0.48753894077650584	0.2283763547948084	0.258827183105169	0.03619916321820191	0.07373550510299888	0.35069931300017987	18.735678490257236	0.053374101211227085	sanrentan_1-234-234
2023-06-10	202302010110	-1.3180954483499796	0.34666541323153444	2.069584693296746	0.09209462924975295	0.4980257268910625	0.19611802288356311	0.3002716487093662	0.10054817856926793	0.05331322565494949	0.2634767794793907	19.967630565687177	0.05008105477063575	umatan_box4
2023-06-10	202302010111	-1.522430175544037	1.5067257056652401	1.9717030708584704	0.22285515637588138	0.411093222213806	0.1901788378827663	0.27638792996499817	0.04893694540684482	0.06565895977559351	0.3084463871777644	19.313545980155922	0.05177713098503348	umatan_nagashi4
2023-06-10	202302010112	-0.24831661025509275	2.687793212442608	1.7813097697910445	0.39050112622959016	0.32748475668839333	0.01075923792949457	0.2704922264697932	0.013502655469286196	0.07376460851274538	0.34458643065053324	18.704842354627754	0.05346209184984607	sanrentan_1-23-2345
2023-06-10	202305030301	-0.3229349923836535	0.6931366633076079	1.8840150417770491	0.2969706928276508	0.5291673214471091	0.2714320362970628	0.23783249953138952	0.0315658410238788	0.08932321088672124	0.3989881189334289	17.48735437428146	0.05718417884129424	sanrentan_1-234-234
2023-06-10	202305030302	1.127219242544937	2.0298510932381655	1.6259591424417263	0.57783496497492	0.4662766834696015	0.17286449860272624	0.2605799026722006	0.010548729176641902	0.10251202114495174	0.42580420021348797	16.30769957429671	0.0613207273928534	wide_nagashi5
2023-06-10	202305030303	2.0589914121456445	2.0580493917462124	1.3079514097421177	0.8145725632850304	0.5779986277170184	0.36259622434299404	0.31993047459046076	0.009790483740448108	0.1625753180512188	0.5526488940757016	12.061844991141971	0.08290605630684064	wide_nagashi4
2023-06-10	202305030304	0.35959641959674027	1.7545103149132923	1.6270795625905219	0.35368484986251125	0.7598017622957118	0.6734243671491316	0.2745890832261547	0.010564433798039008	0.080249358085313	0.36966466523266117	18.288638874813714	0.05467875476381978	tansho_minodds_top3
2023-06-10	202305030305	-1.3011093233323923	1.784142757811646	1.8698543304509467	0.2858600799320344	0.40699910500980063	0.09491574713481526	0.2964729328880281	0.01024711883377899	0.058355272714786674	0.285146898199439	19.761271592407073	0.050604030986762645	sanrenpuku_box5
2023-06-10	202305030306	0.681221782633756	3.0718081893762257	1.3945267104719037	0.7017665790790043	0.5314360406246776	0.14596391892454535	0.22683232564996045	0.03850437978006219	0.12581214356626963	0.4847628494130994	14.684727449323951	0.06809796119478115	sanrentan_box4
2023-06-10	202305030307	2.6331722541425346	3.2081992912801827	1.3737365426962844	0.6163153826341221	0.6749758100175621	0.43172144906010557	0.3158431556066583	0.14462524090009696	0.11034078577372942	0.42944314572018005	15.811001340823204	0.06324710108132435	sanrenpuku_box5
2023-06-10	202305030308	0.1612086088662746	1.8250145937721052	1.283481403308949	0.8101106724506194	0.5446094717628158	0.29886755398846	0.37906507881374946	0.03230817684224374	0.221108653511257	0.7725852726914577	7.1488379975469245	0.1398828733205513	umaren_nagashi4
2023-06-10	202305030309	2.646799466021089	2.2128270232192193	1.5717755353719742	0.49221031270286125	0.5814002360849285	0.4324788345040549	0.2656922589600746	0.0003053924769293448	0.08500774079309509	0.4193215367216532	16.243169598813232	0.06156433902365106	umaren_box4
2023-06-10	202305030310	1.2832252829573787	0.7987747703048902	1.904867459563641	0.30110255010316256	0.3540675695028395	0.11047050380302012	0.2707400425864639	0.0003909889839017744	0.07062958778232815	0.32354844455762544	19.03056165527694	0.05254705657742436	wide_box5
2023-06-10	202305030311	0.7948771333380281	2.073913862635975	1.3355854420179774	0.7721245659165827	0.519251451397449	0.1920493610897484	0.39274412707983153	0.13404606941224095	0.22327591454422938	0.7010691711903547	8.25665353911908	0.12111444367407623	umatan_nagashi4
2023-06-10	202305030312	2.029223947455007	1.5827072282796297	1.8106670684577733	0.38032942094837296	0.4523995369111191	0.2563541286500285	0.23750865428357562	0.0015399613154211678	0.07191975643629296	0.32549554030224964	18.983206798595273	0.05267813866274682	sanrenpuku_box5
2023-06-10	202309030301	1.542718407715414	2.6731989251833883	1.4858346544951608	0.5495681931365554	0.7148790770101843	0.5142371459039363	0.32497027247483085	0.12172816610089893	0.10045425012735319	0.41245358633435586	16.708629599753998	0.059849312837404876	tansho_minodds_top3
2023-06-10	202309030302	-0.04157030801961823	2.26882454729483	1.6140259458188582	0.5613459625919546	0.3975457431133497	0.027064476841661578	0.27402933850979133	0.01798188628837305	0.138217636508657	0.5781194065172996	11.738938105687813	0.08518658084716152	wide_nagashi4
2023-06-10	202309030303	-0.03646191990360141	1.847730683496465	1.8797275738266088	0.3027061161728127	0.47299591544196373	0.1319010238990037	0.2607403750221868	0.0783278991198037	0.08210822052741873	0.34949147942214326	18.616623487579325	0.053715433449421264	umaren_nagashi4
2023-06-10	202309030304	1.149825095860768	3.2325755769652678	1.3287521009035836	0.7656616557439612	0.5851417255944528	0.3223407697302448	0.2828194970874213	0.020426264476530176	0.1553951474293214	0.5526864482259192	12.372417833651008	0.08082494573374002	sanrenpuku_box4
2023-06-10	202309030305	0.2879138147718574	1.8005906902561877	1.5949278024987408	0.6683978393386598	0.33977114271050024	0.02649127248211941	0.285660385864792	0.0009671075745876778	0.06835873787523118	0.3262885324365973	19.014556845137996	0.052591286146944784	sanrentan_box4
2023-06-10	202309030306	-3.059078347048373	1.2223926783712524	1.9106061603238862	0.271216601556447	0.5137570327091846	0.2548110409383235	0.269138283430018	0.0570127521191533	0.07132408354430429	0.33242740096244133	19.010121280862677	0.05260355708549273	wide_nagashi4
2023-06-10	202309030307	1.5389456955709446	1.5523327116545684	1.5238661233403703	0.6102099296699643	0.4869692758092557	0.05903130683035723	0.18407479876356025	0.0026198790139395356	0.09466882750706267	0.4282087506109612	16.62228718020522	0.060160192707466746	umatan_nagashi4
2023-06-10	202309030308	1.7053204642904476	1.535254114010638	1.5597179397085679	0.5599584639520022	0.56478826231766	0.2784958704899152	0.2665995190602975	0.03457677743896731	0.11880613376763913	0.45215730146832395	15.64583731318371	0.06391476403486353	tansho_p1
2023-06-10	202309030309	-0.6755527144854161	2.7025524232735156	1.3019538212276336	0.7138453068300494	0.692090378947251	0.529261217193667	0.3092889914759167	0.014839031863763008	0.15059654211885734	0.5025636873276786	13.35176008677091	0.0748964925598695	sanrentan_1-234-234
2023-06-10	202309030310	-2.0878041424556	1.1292893867925886	1.9964346897156298	0.17952682005771933	0.45890240326131926	0.2090797261610176	0.21783581313900072	0.0029536027102998463	0.06290708737340382	0.29547489058808146	19.668945121914938	0.05084156744561813	umatan_nagashi5
2023-06-10	202309030311	-0.19289563923188813	1.1596879791643353	1.8927388033592514	0.25125542289864294	0.666837710952539	0.4679027809128726	0.3149200327359933	0.103600259357783	0.07281510689622689	0.32603144687472363	19.161957604245274	0.0521867348134855	tansho_minodds_top5
2023-06-10	202309030312	2.316800116230965	2.5219249449254324	0.5898664412036841	0.8100562548074689	0.9306144230003646	0.8612288460007291	0.28676474167325205	0.09484951492095903	0.14784926168530216	0.5500739330208675	12.003986627696479	0.08330565761317382	sanrentan_1-234-234
2023-06-11	202302010201	-0.31591226550726736	1.6143786632097852	1.3329499241739047	0.5398962034589703	0.8190947346116951	0.7375780891635804	0.31860691202489855	0.03667128893970606	0.11298115211986318	0.42840965975035866	16.201442714975915	0.06172289823767627	sanrentan_1-23-2345
2023-06-11	202302010202	-0.025568608125658452	2.866662598678749	1.2924416705885047	0.8542620575258112	0.5380791633133128	0.28427419535276244	0.29218634311031194	0.017397019424363336	0.14321629069207437	0.5480186139784203	12.320736734561844	0.08116397757244688	sanrenpuku_box4
2023-06-11	202302010203	2.066999923929261	1.8115262566080772	1.7388767491269128	0.373222923208829	0.6067130398483456	0.33689512565068747	0.34052627715540046	0.17330022375540055	0.09726561249376794	0.3720070818929187	17.969030573886577	0.055651304943141786	umatan_nagashi4
2023-06-11	202302010204	-3.165935267591419	1.0877276286729043	1.9646423890974933	0.2246962243504673	0.4597964362098358	0.20584415146593088	0.26312800116956536	0.04272146531822657	0.06906019706290546	0.3163074048066377	19.319761917295796	0.051760472219109566	sanrenpuku_box4
2023-06-11	202302010205	-2.3109304923101712	1.2692794648393344	1.9542764848470702	0.23642233953994776	0.374208307273735	0.015098361264589133	0.291201566907799	0.013526251181498583	0.07533698242900674	0.3385977077762592	18.826448140688004	0.05311676384876789	sanrenpuku_box4
2023-06-11	202302010206	-2.7944304327857514	1.0867643031661116	1.9944689839388579	0.16338952139606633	0.7921648612734156	0.6881771809783812	0.2593184289813842	0.00048485893753874576	0.06323648281728779	0.2881280994244889	19.786767874054615	0.050538825055467966	tansho_p1
2023-06-11	202302010207	1.8822374232106422	1.1870794261028976	1.3682033873551687	0.4596648273927928	0.8900141451227094	0.8157411052327256	0.31344436718429725	0.08575485437351951	0.09277657305976636	0.39751348384762275	17.44377859559572	0.05732702891863603	umatan_nagashi5
2023-06-11	202302010208	-2.5464197905701895	1.0628091920453828	1.9833815060698063	0.18864644997366314	0.4541093625133879	0.14989563178206972	0.301313222800607	0.05979265453996385	0.06097604218784292	0.289622226774005	19.756620785044497	0.050615943428796634	sanrenpuku_box4
2023-06-11	202302010209	-1.251745431415754	1.2864364991355342	1.8115241073539496	0.3283936749820937	0.6235117217186604	0.4343051436952666	0.24460763000553248	0.000255635672945731	0.09133195681635516	0.37183582871444526	18.024898694625367	0.055478813886381415	umaren_box4
2023-06-11	202302010210	-1.5929267858887253	1.8643921487343391	1.5604246477086576	0.43431195583859195	0.7828796616419409	0.6691211317871867	0.3321414889325055	0.11682371251518245	0.07273794471052644	0.34511077417701796	18.63316148619803	0.053667757923995925	umatan_nagashi4
2023-06-11	202302010211	-1.6088856419692898	1.3292885066112425	1.9505117355314465	0.21678011807649342	0.532899746599198	0.29875161587587157	0.27030546899659036	0.009282723733507692	0.06983096125714397	0.3131385230452105	19.386005270121935	0.051583603020123915	umatan_nagashi4
2023-06-11	202302010212	-0.8836056461738325	2.1875878342455675	1.5857164600209321	0.5541234850045917	0.5460611353617939	0.21465282154075493	0.29733902356556624	0.08731157515685706	0.11829869421652126	0.4224568464998306	16.348755147002578	0.061166736611340256	tansho_p1
2023-06-11	202305030401	2.154721054326002	2.150615815301337	1.1765525993326567	0.7278592605663344	0.7288637786793454	0.5026550548692554	0.27934306074143156	0.08836211628400142	0.1310334807416046	0.4553583934317777	14.754097100519868	0.06777778356662466	tansho_minodds_top3
2023-06-11	202305030402	3.0050744331961274	2.665409975594388	1.451406866076532	0.6437142369201185	0.5667524124786572	0.1889627566085067	0.2095250689881137	0.01774317193502506	0.10793884689461564	0.4313573590514483	16.303707650681318	0.06133574162550755	tansho_p1
2023-06-11	202305030403	1.1824201605642979	1.9498971391633348	1.8575578254601761	0.30368934408390297	0.5111407975395154	0.27115767453782774	0.27903767687667996	0.06257163804095245	0.07379876107827375	0.33539259266464344	18.96687120440846	0.05272350875496906	umatan_box4
2023-06-11	202305030404	-1.6436551249991473	1.6899898338973218	1.496429072482597	0.6995295071079151	0.38707435017101993	0.03282226051553794	0.3208977535778656	0.06429824063406514	0.14858903552585787	0.6101207390858101	10.849074289737688	0.09217376278323727	sanrentan_1-234-234
2023-06-11	202305030405	-1.03876461362031	1.3965647789655529	1.4242191321960456	0.706164340014393	0.511482801184941	0.15034702531654603	0.23999988971901615	0.021053093192914596	0.12909228237350998	0.5047443571908398	13.966680784603348	0.07159897297161574	sanrenpuku_box4
2023-06-11	202305030406	-0.19810224833635914	1.6926630424388998	1.4241326268693695	0.6482889333652544	0.6417885997783948	0.4617711515119699	0.30290277700792667	0.0009956741696708904	0.1532582700945211	0.5311716103200773	12.439044094726205	0.08039202951487012	sanrentan_1-234-234
2023-06-11	202305030407	2.863879741182787	1.5305285874514676	1.9955057604190767	0.1741015612399358	0.6456863292850021	0.44597330488074977	0.2584116422103888	0.04422681835207548	0.0637089794789596	0.2947974525778513	19.721172958549392	0.05070692306699164	sanrentan_box5
2023-06-11	202305030408	-0.5820044066768172	1.3630748137432527	1.4624079163345138	0.45651770569914446	0.8541231184549178	0.7406333573203778	0.3160796543856668	0.11783248005951225	0.07904804199645289	0.3639948410182421	18.278112820476725	0.05471024332882514	sanrentan_box4
2023-06-11	202305030409	2.3670700380303	1.9991584215821236	1.845212460965674	0.35082782507998295	0.37235613613541363	0.000599173831645039	0.27889555439563324	0.00043407217135027487	0.08494928005622321	0.37140103905188454	17.822064973415582	0.05611022075677861	wide_nagashi4
2023-06-11	202305030410	1.793311117801499	1.5019806713572696	1.906048177769734	0.28509152827695416	0.43446542745770356	0.07269576509716674	0.2194656763041884	0.0037701183431021468	0.06984119598591991	0.3358595663842535	18.745848763140774	0.053345143910808704	umaren_nagashi5
2023-06-11	202305030411	-0.9147244917428816	1.6518676170882673	1.6795894277631116	0.4204434654003285	0.6293802161488661	0.3303119074891894	0.31680237507366577	0.17377035223078924	0.08400180101490044	0.348003581980795	18.41853693095198	0.05429312891403009	tansho_p1
2023-06-11	202305030412	0.924396599412219	1.8356896693982292	1.7164827197830934	0.4212864463141019	0.5874928366249198	0.31612608063041575	0.3092016486350845	0.09345955901268771	0.10096600927829574	0.39688970946245045	17.337840147895367	0.05767731109929455	umaren_nagashi4
2023-06-11	202309030401	-0.6049403109651209	0.46105748223743664	1.5304064159816644	0.6233281434663102	0.3729857847949729	0.05764582368524762	0.26534943477710304	0.0017140979655815847	0.08237988834219859	0.3717239514556095	17.987755730781267	0.05559337223424519	sanrentan_1-234-234
2023-06-11	202309030402	-3.948408094290041	1.5849076585888082	1.9100392590698645	0.27020696434112257	0.5398082078308408	0.30813847531790534	0.24169426821659656	0.00030088783245121875	0.09234851251962946	0.4263770436722484	16.667104680016486	0.05999842319338039	sanrentan_box5
2023-06-11	202309030403	1.5137300653441892	1.6215269500885705	1.304044772365982	0.6235303522647502	0.7711047156167045	0.6362419387654819	0.32013717977544	0.062773051158169	0.12770626175774022	0.4636363853801536	15.07011620954754	0.06635648896764702	tansho_minodds_top3
2023-06-11	202309030404	-0.7272929610779385	2.91672617767837	1.8660230487569338	0.3241691125556796	0.4928848099657692	0.21392630025895448	0.2652407297453248	0.06550392885973927	0.086121396318914	0.36619880352944445	18.059505389171807	0.05537250209518939	umaren_nagashi4
2023-06-11	202309030405	-2.1864255198340197	1.6676398797443326	1.1865738832774666	0.7553745957963551	0.7244647857415992	0.5530021817877289	0.3248175532974805	0.004705804727666352	0.20137687804677554	0.5818968078505946	10.611450907722602	0.09423781994526675	sanrentan_1-23-2345
2023-06-11	202309030406	-2.908011428121937	1.9520609291267588	1.8451593201211465	0.2941419018084456	0.664890669808022	0.42767138214054196	0.2731368441317953	0.05121663144249039	0.08196963058016238	0.33826534695222354	18.89268718091689	0.05293053287888443	umatan_nagashi5
2023-06-11	202309030407	1.5707816354246182	2.2407601027240487	0.9521921953089987	0.6052600793514274	0.9999999999999999	0.9999999999999999	0.299175090942092	0.10887452824916971	0.08738171208080547	0.395234408602773	17.22998170765023	0.058038366898323125	umatan_nagashi4
2023-06-11	202309030408	-1.4407118186698011	1.6416246741193434	1.6110071577413034	0.5251206003448207	0.5351292792929014	0.22475242942469592	0.2955695059796112	0.12952346806548393	0.09348141752500191	0.39357389455388186	17.183703342849604	0.058194673176554516	sanrentan_1-23-2345
2023-06-11	202309030409	-6.01890209924395	0.7938931255782007	1.9550452866565957	0.20212979028091096	0.6252334054168718	0.42980239098731554	0.31057632536265545	0.09848033752866614	0.06668760159195376	0.3044970905691137	19.552641043615616	0.0511439860103463	sanrentan_1-23-2345
2023-06-11	202309030410	1.455737762351887	1.1238902958840533	1.9970479037662676	0.18910941156228397	0.40346489246439865	0.08817314096789358	0.297707562794734	0.010111649408573842	0.06032670278732256	0.2884641276041122	19.7066964047077	0.050744172410405214	sanrentan_1-234-234
2023-06-11	202309030411	1.9272710176068322	2.2710666874413015	1.6937742341883009	0.4884961362844674	0.4225145002326521	0.09495407503745745	0.25815241086648133	0.03742180374432488	0.09566970919277704	0.44161550600180455	16.050686250521604	0.06230263207390916	sanrentan_1-234-234
2023-06-11	202309030412	-3.506035191951896	1.2245589622833954	1.9438827095862274	0.2572453854035747	0.3462191470362103	0.08129092320229908	0.27696508708137557	0.025989928803377083	0.059275544539221535	0.29040696684880707	19.53595919500277	0.05118765810361625	umaren_box5
2023-06-17	202302010301	-0.10431326024201969	0.9022784757600217	1.8850342620187477	0.26672156379957235	0.6193566767194797	0.4184682377035072	0.2730728260330707	0.04354363234780878	0.0820316109629151	0.3435149596208827	18.822591517123538	0.053127647119700104	tansho_p1
2023-06-17	202302010302	0.18780299599084202	1.8566561517258053	1.519895496926914	0.6398849327089111	0.44059946948529605	0.01542781119253328	0.2262118819277802	0.029340795769229544	0.11462266498963172	0.4540843531172265	15.283904712378726	0.06542830636663685	sanrentan_box5
2023-06-17	202302010303	1.3138068044198326	1.369663169618283	1.3551422302905411	0.7082906091504334	0.574858065089066	0.2640910040883288	0.2564363663140274	0.00032409918249426406	0.15386490041770978	0.5161389121537975	13.18739166317919	0.0758300068384351	sanrenpuku_box4
2023-06-17	202302010304	-0.6700881682758085	1.81092305649598	1.1491499101503047	0.521379132323093	0.9669407552381781	0.9338815104763563	0.2845262840241952	0.023893436119296674	0.10318452968150221	0.4006436805467018	17.086650941025685	0.058525219684740136	wide_nagashi4
2023-06-17	202302010305	-1.872294799826037	1.2680442429792376	1.2529920048609613	0.511849308949173	0.9011978909997093	0.8319478055591258	0.32953374524806733	0.09935154068165225	0.10141776142553653	0.41162809840496717	16.78026175796767	0.059593826033445284	wide_box4
2023-06-17	202302010306	1.256588096803343	1.4885455574209006	1.9854731022092058	0.1965261608924809	0.4979580633075906	0.2334477614274637	0.2638844234285471	0.0676418131328734	0.0723437659191189	0.3287471532163596	19.137096895759885	0.052254529798695076	umatan_nagashi4
2023-06-17	202302010307	-1.1045404370934642	1.9457253854748013	1.7309211621328453	0.4671475066884947	0.4416463382882924	0.1322794273354188	0.2436145631649305	0.0022060316673271074	0.09707265181824547	0.4068951752558248	16.85596431386714	0.05932618160429513	sanrentan_box4
2023-06-17	202302010308	1.945411024851793	1.7721301073881628	1.5787229835285062	0.3641362887693271	0.8811763642263679	0.8031164764061145	0.27056580828964444	0.006758778870082971	0.07956322156473457	0.3577044263271503	18.555883085336752	0.053891264317688065	sanrentan_1-234-234
2023-06-17	202302010309	0.38923461712345453	1.887611123743793	1.766482486217736	0.3895035224286594	0.5788650559140442	0.3269758459437147	0.3112001080072971	0.08545684679412244	0.08888912304687911	0.36783996605569447	18.145913278528145	0.05510882724118872	tansho_p1
2023-06-17	202302010310	-2.0804760774129774	1.7054295008330378	1.7755667275170757	0.44264339401584574	0.3329934773258762	0.08868852820931628	0.2856518041958302	0.004034151312918177	0.06011986503199883	0.28713728906434466	19.700816085085968	0.050759318582595477	tansho_p1
2023-06-17	202302010311	-0.270147768004495	1.0515401876708632	1.7267953578757973	0.38039046158480183	0.6671627913776044	0.47877238772400305	0.25657930646033456	0.0009739414164787186	0.10393201805158656	0.4004860797959324	17.136376795066543	0.05835539285573447	tansho_minodds_top5
2023-06-17	202302010312	1.324882210817841	2.615728664037817	1.482984867081042	0.6706445788772449	0.53821544973557	0.27644655159229786	0.2778292540772676	0.021859415364739287	0.11667089226364766	0.4594745722103416	15.260034220902105	0.06553065252175329	umatan_nagashi4
2023-06-17	202305030501	1.5847893959869832	1.855507794116795	1.6518379029678565	0.5338365516310019	0.5149083993029302	0.2556514178510437	0.2834991628414274	0.016596201745143202	0.11546635713434951	0.46108969901283947	15.375934593381444	0.06503669704932596	sanrentan_1-234-234
2023-06-17	202305030502	0.30104273637702494	2.232427721730614	0.8940255466676446	0.8086265111608548	0.8239880201065332	0.6942529894858733	0.3030642517384546	0.042146341697354095	0.18405996198887262	0.5877049662852323	10.835356745903892	0.09229045461544509	sanrentan_1-234-234
2023-06-17	202305030503	0.11047641678007245	2.009588215445522	1.0603149401186527	0.5887992259837196	0.9757328463797637	0.9514656927595271	0.24960905753304172	0.005571847403299329	0.0846990735498269	0.3837990546854465	17.371883010943698	0.057564283582271066	sanrentan_1-234-234
2023-06-17	202305030504	0.8070656227816511	2.3484617141310835	1.400403536264749	0.6852341300677856	0.5852386770891342	0.29428469272835217	0.3067156671976249	0.02819092688680619	0.18280105762446747	0.5461512155753723	11.630440482711206	0.085981266271601	tansho_p1
2023-06-17	202305030505	0.4059572408352443	1.2983836560381017	1.8714018744212488	0.3170078288107587	0.4128995454269181	0.09003972119522952	0.2950149086225301	0.022902285968204983	0.0687654953013247	0.31283522771383	19.25422387779312	0.05193665589156004	sanrentan_box5
2023-06-17	202305030506	0.7935423044731825	2.5280031251079675	1.45358976575366	0.6610879144334874	0.5751941234268261	0.2902625242595697	0.2885966775383783	0.02469527604904942	0.14222358314450842	0.47721342254754834	14.372603162992911	0.06957681838560989	sanrentan_1-23-2345
2023-06-17	202305030507	1.1134834484391503	2.4258123286072446	1.5887082579464877	0.4657464240529085	0.7257643863662326	0.5511221687733039	0.2942503571900603	0.03623480403924745	0.11738956077418505	0.4192018202227004	16.378421345347785	0.0610559454366489	tansho_p1
2023-06-17	202305030508	-0.6410015204217737	2.2193181767285246	1.3286423134307281	0.8573871233367032	0.38698642035230213	0.027002889524850915	0.3593666541525656	0.09724025694556104	0.17300116367306603	0.6908506598698448	8.863204434558646	0.11282601088392882	wide_nagashi4
2023-06-17	202305030509	1.630920790037936	1.6453368907599841	1.841491442724241	0.3517073684690127	0.4296454842945173	0.0172752354698274	0.2277393625922403	0.011787736409871852	0.07028197523641082	0.33734383526846246	18.97627949470126	0.05269736885353263	umatan_nagashi4
2023-06-17	202305030510	1.2003025018063234	1.3086402646495996	1.7240668860644386	0.4400832653547195	0.5086194577403834	0.22226848382551428	0.24453781881812658	0.019102455235216503	0.09018952980386419	0.3934679101641716	17.409930627191034	0.05743848274950552	umatan_box5
2023-06-17	202305030511	1.736386611023222	2.2602369936987445	2.00443845939885	0.1796913795905768	0.4553891462486537	0.10389380554465644	0.2921240398937175	0.09720606420805958	0.06971564073258518	0.31628599522111306	19.3739848144007	0.05161560771208508	umaren_nagashi4
2023-06-17	202305030512	1.9987627745606977	2.5224304427709288	1.7861783379017426	0.3967051842445527	0.46669103405733303	0.1999421797241943	0.27947451468435036	0.021469033653608915	0.10551919659190999	0.446842725618146	15.892098398960597	0.06292435239800703	sanrentan_1-234-234
2023-06-17	202309030501	-0.29026035207927114	0.4153610341333446	1.9782276255528228	0.21090207924812016	0.4628003023784518	0.024684875853235033	0.20040996513972095	0.014741291622355851	0.06821534272656989	0.303749409500747	19.552521903912165	0.051144297646837825	tansho_minodds_top3
2023-06-17	202309030502	-2.5558211757415292	1.7290998458301865	1.6158137464003635	0.3820953125154965	0.8260216476520313	0.699040358038094	0.3191840838474812	0.05914764796956001	0.09247870592817171	0.364185761504492	18.171708693585398	0.05503059821518047	sanrentan_1-234-234
2023-06-17	202309030503	-1.5173452144224362	2.647000577376166	1.2158445454930213	0.7089996727551198	0.7726319777803614	0.6142993473692264	0.3197119762777365	0.07870942781743456	0.12703275927390142	0.4841711454520149	14.433281933947844	0.06928431139753094	sanrentan_1-234-234
2023-06-17	202309030504	0.261863539389907	0.1277087834863138	1.6017352848466997	0.416873765789611	0.36013431194382134	0.06013767596710512	0.2470196956335819	0.0003913099872748793	0.05755851672994525	0.2785719640426562	19.852304871905503	0.05037198483764853	tansho_p1
2023-06-17	202309030505	-0.03310615264396117	1.6314401485812642	1.3792182655662149	0.5670662148648263	0.7574827818820545	0.6214097618936468	0.3462173397817684	0.10813031116631133	0.12769902873813632	0.4783385774747918	14.681785210648943	0.06811160806757229	sanrentan_1-234-234
2023-06-17	202309030506	-0.023517051801564142	2.0111331447111187	1.2514252961036303	0.6345372003292342	0.8009767645817466	0.6906422583127169	0.3185371820829605	0.06858822072771142	0.10366114099865449	0.4436504568141151	16.046648411785846	0.06231830936518345	sanrenpuku_box4
2023-06-17	202309030507	-1.1678468961027813	1.1923403808222346	1.8058591668849808	0.38842077271570524	0.4819692276637899	0.1533079278573803	0.25409924810410356	0.05610361771284328	0.08223426934811066	0.3745520950721414	17.880904546015802	0.05592558236785725	umaren_box4
2023-06-17	202309030508	-0.959309538530922	2.287992139922281	1.413611923587482	0.5960804778143378	0.7643288755006487	0.6388228642117469	0.31779834818100533	0.06371212465266335	0.09215403148651238	0.39910395438638924	17.288501175240278	0.057841914106015725	sanrentan_1-234-234
2023-06-17	202309030509	-4.044228938211205	1.1185818190885704	1.4629126262132077	0.46483942583391774	0.8494102196126849	0.7310630451680135	0.3167517076552574	0.12075660101680954	0.0807675301956446	0.37453430773966806	18.054506543464644	0.055387833369612595	sanrenpuku_box4
2023-06-17	202309030510	0.8863537265646828	1.7128169728952671	1.7300666514827676	0.41736057744857513	0.5510670211411616	0.30262250604303786	0.3125749614339487	0.12318947919002166	0.08374272454895408	0.3574289379451227	18.356850102437857	0.05447557693284189	sanrentan_box4
2023-06-17	202309030511	-1.5455629786118006	1.5094219827924245	1.8096479792954108	0.37538644782907243	0.4759741022866343	0.1900278909947838	0.2710186082611639	0.04117805963864027	0.1045406386445515	0.45203084874523713	15.772703829233999	0.06340067060325731	tansho_minodds_top3
2023-06-17	202309030512	-1.6526012651162199	1.5674300186619348	1.9562033247542878	0.22028098673340546	0.40196631475309746	0.004610723726779731	0.2888423513540511	0.003939035047661799	0.06837522016126281	0.3198704913108264	19.28112523447484	0.05186419297832215	sanrenpuku_box5
2023-06-18	202302010401	-1.5073152508928473	1.3102358295231065	1.733574128230313	0.4347998935084186	0.4296723311680798	0.08327277812002892	0.2461971471621035	0.007541627604247092	0.12526548510092875	0.5689842956398355	12.057327966289368	0.08293711532072966	sanrentan_1-234-234
2023-06-18	202302010402	-0.26687029510401844	1.8981890078986385	1.9266761795946885	0.254069266529952	0.4601626540934994	0.20497437130260604	0.26104166214638913	0.04501715388671218	0.06671151429982766	0.30790879233826696	19.48928179704697	0.05131025403673524	tansho_minodds_top5
2023-06-18	202302010403	0.4488432706863495	1.4586390145572286	1.7123768994164883	0.469288022026206	0.3626073487523638	0.018035948713502226	0.2326287308555782	0.003561283558530498	0.11593715174216263	0.541244673509296	12.844904522627335	0.07785188268534184	tansho_minodds_top3
2023-06-18	202302010404	-0.3144155156148916	1.652113406758814	1.346964335022867	0.47516762216272135	0.8621358186426152	0.7545619215772676	0.32416279867763603	0.12639120791093567	0.09264743908958949	0.3963738354417646	17.306730375086154	0.05778098914856539	tansho_p1
2023-06-18	202302010405	-1.5831853841114545	1.430777647793764	1.8456287911824092	0.3133446042216591	0.5851956217575304	0.3748947286247194	0.2392517663813024	0.00014731426762398803	0.08912609284531328	0.38404364787000916	17.845468815175114	0.056036633744787796	sanrenpuku_box4
2023-06-18	202302010406	-0.8406974410186043	1.4503538590353198	1.3738837264320163	0.6177861903917572	0.674212160787228	0.42959913292106866	0.31695038616801746	0.13334109498966362	0.11823592773202994	0.43630867916945	15.703248785585387	0.06368109005048295	sanrenpuku_box4
2023-06-18	202302010407	-0.7181320062922579	1.1898387244903037	1.7690145269906838	0.402901224524849	0.513036202207924	0.13813198678103594	0.24423237324230415	0.047233394006794244	0.10562007333392688	0.39896360094554534	17.072672280221155	0.05857313861512524	sanrentan_1-234-234
2023-06-18	202302010408	-1.5811164964596822	1.3225362345168648	1.7587522111405436	0.4361060992473626	0.4514140199475737	0.1948219622170655	0.24498045359289455	0.0066217664354209504	0.08610457445065205	0.36889705139158846	17.94228048852936	0.05573427528564765	umaren_box4
2023-06-18	202302010409	-0.5877786508199054	1.31813924939522	1.8390063676630273	0.336559944058501	0.49258089494060453	0.24653335061286524	0.27536743674251085	0.047691433705735586	0.0786257084255032	0.3473993241515714	18.69593960877798	0.05348754975280768	sanrenpuku_box4
2023-06-18	202302010410	-0.5147699584261667	1.4664921159210593	1.8416753920342643	0.3506378200333369	0.46017307871132757	0.18937451509076003	0.2657370427356203	0.038546186213016004	0.08140168246191448	0.35858343186549496	18.40410864463239	0.05433569314923887	sanrenpuku_box5
2023-06-18	202302010411	-0.4587056405308861	1.4557427303231012	2.0107866795348412	0.1708219452539112	0.4156041755573677	0.11400294635523883	0.30348255014044967	0.06537319202151282	0.05854422851581772	0.28032614987018917	19.835958561247796	0.050413495113547674	tansho_p1
2023-06-18	202302010412	-0.9721556746592904	1.5204932003561804	1.9119718299820978	0.29252514902875965	0.3288547168203324	0.011304516806091236	0.26344417241400037	0.005191788957325305	0.07645259255944431	0.35701658904316497	18.408630989594883	0.054322344804740255	sanrenpuku_box4
2023-06-18	202305030601	-0.40751620821841067	0.45712391135739544	1.6649152111918566	0.41346959080904644	0.6362649721541438	0.4414625201116522	0.310465656773845	0.09173824955913276	0.074071925236284	0.3254139099796082	19.169330787297802	0.052166662002756575	tansho_p1
2023-06-18	202305030602	-2.775258722970454	1.946259026420914	1.8388808699227275	0.30410671818213797	0.5897508557764256	0.3534402279618785	0.28154075444503335	0.07245714086618224	0.08083335398071091	0.35190715731917777	18.624792247630104	0.053691874073239346	tansho_p1
2023-06-18	202305030603	0.39298654403898764	2.3603692764832136	1.878704374464513	0.29463351916393715	0.4027873244235411	0.0809924953472807	0.29375248024092365	0.008221426687722744	0.06390946325238941	0.2971349557259751	19.537527890988894	0.05118354817352406	umatan_nagashi4
2023-06-18	202305030604	0.5430217314028415	2.077614677996036	1.982850415109978	0.19544305286053704	0.39811033861125655	0.04528857345301085	0.2288604275966939	0.011646138983825799	0.06744537165732215	0.32174545373306707	19.25052626221707	0.05194663181560372	umaren_box4
2023-06-18	202305030605	0.5145069081107426	1.9210107940351953	1.5576572194155547	0.542518850403463	0.6570344975381442	0.4628740664507151	0.34131943058313413	0.10054032427049187	0.10126165943171654	0.3965994024885174	17.262858130328862	0.05792783515049079	sanrentan_box4
2023-06-18	202305030606	0.8786553222092758	2.2428853113542475	1.4885653339997273	0.5178387502970297	0.7568171521074422	0.6326085487218053	0.32266603734996985	0.03019925767399284	0.11513662230220076	0.41479449711742794	16.14061322606653	0.061955514700335834	sanrentan_1-234-234
2023-06-18	202305030607	0.17538164358846556	1.6875472338512072	1.4024350257106004	0.6605255436133954	0.614726608969051	0.34217968504872165	0.2877341122082018	0.023956662138357065	0.16366905866108558	0.5147276554547355	13.036177712910336	0.07670960169633567	sanrentan_box4
2023-06-18	202305030608	1.5976054595838682	2.6118778947702297	1.7610380555443883	0.43131144780357433	0.4659336770914919	0.1415826155270441	0.2889596814248457	0.07418653082382345	0.09047322952925907	0.37652527114737455	17.73299143428231	0.05639206468383838	sanrentan_1-234-234
2023-06-18	202305030609	0.2066388779097527	2.066063931492815	1.5734029157435105	0.6125914382652647	0.4392728719528862	0.10136044770559516	0.27118868175109245	0.0417183670871753	0.10604917938021657	0.42572766910078663	16.17354256663934	0.061829373242116334	sanrentan_1-234-234
2023-06-18	202305030610	0.8894128817741518	1.3142059453844275	1.961016226745746	0.2299041441097097	0.4453220874770216	0.1265660271518485	0.294486223024908	0.05064788312543608	0.0681758448470209	0.31569567555865724	19.239529873371776	0.05197632200899239	wide_nagashi5
2023-06-18	202305030611	1.7679857532112606	2.2927834289738698	1.615905052229424	0.5475215085555186	0.5665048217435096	0.3855748421416684	0.28344677117367006	0.04076439375524102	0.08085486928482716	0.37435670479952304	17.830988354905035	0.05608214082675429	tansho_minodds_top5
2023-06-18	202305030612	1.4095984306401446	1.9302593536346069	1.7595576459641993	0.40789543870385897	0.5281182629060517	0.2875134492569995	0.27726093714080735	0.03410950081629083	0.09131166916376168	0.3807184947341449	17.809978867206667	0.056148297954541085	sanrentan_box4
2023-06-18	202309030601	-0.18643265989702165	1.9544356661376583	1.5778387569460777	0.5989242999910903	0.4490705519368514	0.11608226094028834	0.29644011349293553	0.04921057492842665	0.14554541812133587	0.5549495241616399	12.274220592483791	0.08147156819165832	sanrentan_box4
2023-06-18	202309030602	-0.9175273675433071	1.5886898757931134	1.8051248383751197	0.35942959890725745	0.5694138259639073	0.27002127767395995	0.27108069953407693	0.07276585103451608	0.10776687196406462	0.42825181029274323	16.462579756569806	0.06074382112566075	sanrentan_box4
2023-06-18	202309030603	-2.290552160769329	2.5950334410095754	1.412688697861146	0.710444497747144	0.5802641694075558	0.33943913258742864	0.3226296346958111	0.01588361037205316	0.16768657859056318	0.5637739226371536	11.647131616424051	0.0858580492547936	sanrenpuku_box4
2023-06-18	202309030604	-0.40706862098433566	1.7352993068017493	1.7932382306839352	0.4118772974554993	0.3693645528531175	0.01090225259861749	0.24549983417123616	0.0084642757871633	0.08823260975210716	0.3944917862924594	17.333768761172497	0.05769085844966341	tansho_p1
2023-06-18	202309030605	-1.1864481266074076	1.5344727882771436	1.3443387138586433	0.5449767120543715	0.8072828410327556	0.6598068738247075	0.2971327011795386	0.0470710123917501	0.12865543550797962	0.4336633723786738	15.620015857957918	0.06402042155997753	umatan_nagashi5
2023-06-18	202309030606	-1.6153848940479434	2.466420227686048	1.0671601947562226	0.9065641937819017	0.5267314952386122	0.11424496354276809	0.33524270211537727	0.08626623945512704	0.1818827920499149	0.6634530591859213	9.578131394965855	0.10440449799274913	sanrentan_box5
2023-06-18	202309030607	0.18389488266964296	1.1187468935318452	1.9867133838475395	0.20413891385169475	0.367822173519806	0.003305242730048674	0.2852709011240967	0.0029478186076494772	0.06090446742623716	0.29341371445947784	19.687880612101292	0.05079266883533127	tansho_p1
2023-06-18	202309030608	0.007587841519893069	1.6215829021877397	1.617102245780056	0.49376551638223043	0.5765069422568555	0.2931283539826358	0.34044968753935434	0.14767549055198434	0.11251811452137929	0.4140682615299078	16.76989253216246	0.05963067432198095	sanrentan_1-234-234
2023-06-18	202309030609	0.8768736059979806	1.09422949039257	1.8389700017978994	0.3005549034882663	0.6197563210627155	0.4192566910804906	0.31244769748750256	0.11109324377777519	0.08896303168503851	0.3651985418580982	18.296011786326194	0.054656720365001375	tansho_p1
2023-06-18	202309030610	0.9680925742411387	2.6694212429240656	1.0874737989935541	0.8790644212829786	0.5706033579416856	0.1917080494399051	0.30624681722269914	0.06649715194231115	0.1790595281982986	0.606311468382054	10.68957015008419	0.09354913115866723	sanrentan_1-234-234
2023-06-18	202309030611	-4.528694969796619	1.4645575536174116	1.770701964547578	0.3956973615344304	0.5187515240181548	0.2734213641948904	0.2567357855839355	0.0018310407313931187	0.10324120505808403	0.42304490816282436	16.49891599633077	0.06061004251566541	sanrentan_1-234-234
2023-06-18	202309030612	0.5206052509222924	2.591955258136029	1.7347622062918486	0.4466737277209994	0.5157164196163806	0.24909346094367468	0.27698188870159474	0.02396250466437111	0.10452972721206123	0.4197267714739607	16.597501338020454	0.06025003279916998	sanrenpuku_box5
2023-06-24	202302010501	-4.530657670992477	1.079990202030185	1.8397119587220092	0.33888507753664326	0.4304824545711495	0.04138386574687569	0.22814430763025914	0.005464839620707845	0.08997539312087781	0.4156253550489992	16.869326795866623	0.05927918832214592	sanrentan_box4
2023-06-24	202302010502	1.6621006731128087	3.032667382929606	1.0954439078005564	0.6963461647282175	0.8127993861691968	0.680521505523139	0.33500944969039226	0.09225510786301927	0.14199315296825138	0.4937730954166109	14.072251007973092	0.07106183647757686	sanrentan_1-234-234
2023-06-24	202302010503	-1.9012493707532496	1.1522768915362818	1.7739856589360352	0.4744326016936413	0.3222537536920061	0.00412867059207872	0.2871975562868586	0.0036870104703226603	0.06493448812222254	0.3094130221010102	19.34728373657755	0.051686842122929226	sanrenpuku_box5
2023-06-24	202302010504	-0.16151737227736915	2.067005634307934	1.7842905862821392	0.39702223909295303	0.32365023343338883	0.014010730160676443	0.2733405499854327	0.016861506964151562	0.07106476646492167	0.33965012023164554	18.90891156602005	0.05288511697294273	sanrentan_1-23-2345
2023-06-24	202302010505	-4.0377905956074525	1.4481895602608799	0.9520358701637972	0.9682547654826933	0.6617833698761116	0.4047077739441814	0.4665184031871835	0.25147502633140756	0.3069276872729361	0.7301147013204605	6.6688953285193575	0.14994987186611342	sanrenpuku_box4
2023-06-24	202302010506	-3.036572093948334	1.0655185670669376	1.8367749530272839	0.3801844629223497	0.35531612100277105	0.06423146590658518	0.2682960649459745	0.0181299681250926	0.06868399018041671	0.32584673470469583	18.924399602208084	0.052841834933739236	umaren_box5
2023-06-24	202302010507	-1.543801511170432	1.0654753137311492	1.7932383794895506	0.3861460078872111	0.4140958137654711	0.07167121189321507	0.24213627348518546	0.013465929167631785	0.11038402666154616	0.5125110170031275	13.774278451660456	0.07259908411968051	umatan_nagashi4
2023-06-24	202302010508	1.7016794810627536	1.9102962268761325	1.604202447654592	0.5808740806576966	0.48064214472551015	0.1704587488803203	0.28632671081582967	0.028466768967249256	0.13012847514753065	0.5264083435392853	13.379216081090652	0.07474279464051242	umaren_nagashi4
2023-06-24	202302010509	-1.3441122359183986	1.021977690171489	1.6322562567108538	0.5513837845592261	0.42103969379940354	0.015634495339947985	0.20754695446039823	0.010136820005556463	0.09843942129719462	0.4442771668269782	15.727686999246258	0.06358214021222094	umatan_box5
2023-06-24	202302010510	1.7819258275139664	1.07622002080423	1.8990345710747545	0.29364189162040255	0.4102985109510505	0.002586324364786341	0.23541133953769128	0.0018805837420321214	0.08112236000347907	0.34887209564641053	18.530783659333313	0.0539642585215944	umaren_nagashi4
2023-06-24	202302010511	-0.6713107603768572	1.097539509129417	1.8640717901292614	0.28849246550637364	0.581970834358469	0.33467751497777826	0.3104202533959341	0.13099753208185796	0.07784007859222784	0.3411606116275935	18.82253179953472	0.053127815675929384	umatan_nagashi5
2023-06-24	202302010512	2.215746086481311	1.0104432938593682	1.7186927035382658	0.355919486125588	0.6987134612724584	0.4874723234869858	0.352929881096728	0.1605142260536884	0.08893067744845011	0.3688203187912939	18.15020388732962	0.05509579981622601	umatan_nagashi5
2023-06-24	202305030701	0.20506976970547605	2.451286319147333	1.9037742104474613	0.2513568047854075	0.6669689887710734	0.4707084229060191	0.35363337208281503	0.15007946841426983	0.0640748825351639	0.3042941734400343	19.57208620892995	0.05109317368241208	wide_box4
2023-06-24	202305030702	-0.7526607762263723	3.1976460219763014	1.6357371390708595	0.5279220967870892	0.45178650865759	0.19692856972962614	0.24408823586045214	0.005020411893870647	0.08543992597312651	0.3682686145687118	17.9563626811415	0.055690565943527115	sanrentan_1-234-234
2023-06-24	202305030703	2.1454534714867215	1.9288888931826074	1.6933867234891768	0.464292079118608	0.559236362334934	0.2649957990225903	0.2993698059924922	0.06747972819726089	0.1137564444903416	0.4258816288175094	16.22855529454358	0.061619779570657375	tansho_minodds_top3
2023-06-24	202305030704	1.3453671058936663	1.7072741076824667	1.3997451724666852	0.7047593534965587	0.5399863749252765	0.22131895422780007	0.2501935427983197	0.004196041877476353	0.141944176770183	0.507313696166368	13.662880900101172	0.07319100615102303	wide_nagashi4
2023-06-24	202305030705	0.7456337633242082	1.0813051343718882	2.0291328537329623	0.14687576724974002	0.365044833360419	0.012812415992558612	0.29779828505195266	0.011845374353356253	0.058014362736724105	0.27894518581046046	19.852818044338452	0.050370682779978235	wide_box5
2023-06-24	202305030706	0.6763589515317968	2.1387393302375273	1.865273592293813	0.3164813670940671	0.46444417861905196	0.15503619345374742	0.26394606975685725	0.061585802885511354	0.07489303480186169	0.3404188354819434	18.793269056802796	0.05321054027255676	tansho_p1
2023-06-24	202305030707	1.075831996106966	2.046626682145462	1.8560312467959164	0.31717910562736457	0.437548403111835	0.08808913990999956	0.3280983123814673	0.11378131495019447	0.07204586301985336	0.31776342382078454	19.27549761247728	0.05187933510742088	tansho_minodds_top5
2023-06-24	202305030708	1.3981694767831534	0.5353567555534282	2.0124508280952167	0.17149565763349559	0.4504317074992354	0.18712391298302355	0.222896907829442	0.010113983260176124	0.06633171955263101	0.3082585756196278	19.411332467246677	0.05151629862026885	sanrentan_box4
2023-06-24	202305030709	0.7517070651586584	2.947274814871837	2.0305258298153186	0.14846243587315794	0.41858614676557154	0.06743709630235561	0.3403457654939555	0.10819783425079896	0.05756681107025013	0.2765987835879214	19.87797362973172	0.05030693865617611	sanrentan_1-234-234
2023-06-24	202305030710	1.704517735666897	2.3466905235805315	1.7274662723883765	0.4598505874707631	0.4862040846868978	0.17750066118840407	0.29832267425175785	0.09914711989204705	0.08857719164987363	0.37088940317434954	17.95359832230052	0.05569914075430105	sanrenpuku_box5
2023-06-24	202305030711	1.032704106689514	1.1201848879270213	1.8534696558450539	0.3308034693913434	0.48339183880785863	0.10088201012739295	0.25277991152122803	0.06108811368120812	0.099293264545651	0.4168859350093833	16.864034954986696	0.05929778980351911	sanrentan_1-234-234
2023-06-24	202305030712	-1.0841511838309819	2.0064692994788356	1.8763379958832895	0.3209723511852862	0.38544331219952865	0.020976543890468657	0.2822599377260675	0.017980635889714824	0.06799646668282135	0.32018579163031036	19.251379493065283	0.05194432951468331	sanrenpuku_box4
2023-06-24	202309030701	-4.713575413926627	0.9973286973124402	1.5480320672004335	0.3991183390599559	0.884081786376979	0.8047885680869226	0.28166737514964446	0.036258118634691944	0.07916426627775391	0.35238335450228475	18.601673182167414	0.05375860494950825	sanrenpuku_box5
2023-06-24	202309030702	1.1750522969366133	3.075975231490226	1.426518523985606	0.6383305995131887	0.6251338849671789	0.30428932762852895	0.24962456661753418	0.05308267349617235	0.1167142391939085	0.4222213867385468	16.204444001126014	0.06171146630705207	tansho_minodds_top3
2023-06-24	202309030703	-4.869033294850917	1.0721800934349583	2.0184724838555965	0.1566462129142167	0.4034012684499656	0.09594652163420359	0.2989398983044905	0.0501289861980162	0.0604135906199112	0.2934442360939397	19.730824889790778	0.05068211823811913	sanrenpuku_box5
2023-06-24	202309030704	-2.4756253739783336	2.2800735943302315	1.5574746509781778	0.6257980028808273	0.44199272251392324	0.06131040648453967	0.25413200138705705	0.00365288261316149	0.12970915106496037	0.48392031202971597	14.034999240364831	0.07125044917166705	wide_box4
2023-06-24	202309030705	-1.0240934552862255	1.2023099226762737	1.4388857239900317	0.47614878749251405	0.8233404390797187	0.7137475911890482	0.31076332366717374	0.09433472116645969	0.08306147109914393	0.37997315025253414	17.974853628480354	0.05563327639094343	sanrenpuku_box5
2023-06-24	202309030706	-1.7714537218224673	1.4716601423664941	1.8459568289914414	0.32365463692070484	0.5454216458692731	0.34852014293636135	0.27250920959990776	0.006986241567398743	0.07782579161795371	0.3339576322878076	19.010508007220825	0.05260248698352336	sanrentan_1-234-234
2023-06-24	202309030707	-0.14318030064275686	2.082675636791296	1.5729080163154994	0.5313352027747245	0.6266747016928054	0.41909665501648485	0.2958299205591373	0.019667738276867963	0.1289712896504113	0.4635724201982737	15.097973549945188	0.06623405430483288	tansho_p1
2023-06-24	202309030708	-1.5682789536283996	1.4113229000023355	1.8883720093832017	0.3032136558180091	0.46088489646559777	0.01140125544226106	0.18896189704364252	0.0065672309480634405	0.07308513351183969	0.32684563956674806	19.153433405910786	0.05220996041844895	tansho_minodds_top5
2023-06-24	202309030709	-0.544785712404159	2.322898070603013	0.21107650147262627	0.9294693701741549	0.9802233042092316	0.9680540581580369	0.3741035772979859	0.050063750339468915	0.31326099458761064	0.7168715223729565	6.243904373184911	0.16015620038875078	sanrentan_1-234-234
2023-06-24	202309030710	0.2344228861069944	1.2671110612824676	1.8339951143884696	0.23383188963000948	0.914413763643341	0.8711429954733154	0.2611403216126486	0.008287486937356203	0.06396055550084129	0.29802645403168254	19.640459345145334	0.050915306125321184	tansho_p1
2023-06-24	202309030711	-2.115174816378414	1.1795561093875997	2.031668109961544	0.1507537003996473	0.3625521305841677	0.11122658796108253	0.2902175406277743	0.05075114607646891	0.06185087801366369	0.2985806664368151	19.62705323908054	0.05095008342917434	tansho_minodds_top5
2023-06-24	202309030712	0.3354757436645948	2.3721246168615013	0.8589144299162113	0.622062752497141	1.0	1.0	0.2904617876943437	0.0645905312021404	0.10471311091544143	0.4093679109575393	16.85452493067546	0.0593312480840078	tansho_p1
2023-06-25	202302010601	-1.388932487485421	1.4761739019201325	1.7778936740709117	0.40489205787719806	0.531718043323502	0.29483795014923864	0.27478177936552606	0.004414044395553374	0.08480648098403695	0.36030271895125426	18.380241720143314	0.05440624858072883	tansho_minodds_top5
2023-06-25	202302010602	-0.12006441217150716	1.6885675987480304	1.0185712383829257	0.7530403367781892	0.8227475934934322	0.7466457406316662	0.309352281836215	0.009210114772341571	0.14711221090420232	0.5273360761017415	12.928865996255864	0.07734630402152788	sanrenpuku_box4
2023-06-25	202302010603	1.5578587189761104	1.2477775115921528	1.8315020724350615	0.3664957804788188	0.3864117086293027	0.009679563792409751	0.2690892801993978	0.007992356445254811	0.07139584573935025	0.34415615683589207	18.724046506459764	0.05340725893064844	tansho_minodds_top3
2023-06-25	202302010604	-2.6650608510265323	1.3909872885342238	1.6129463125854495	0.5438751857708056	0.5201686396178345	0.25117788834388804	0.2938735545291126	0.009742004972322305	0.14424021801810358	0.5582721807912743	12.371921510939105	0.08082818817722145	wide_box5
2023-06-25	202302010605	-2.0566169171111097	1.0570966618741444	1.3575432339621778	0.7867787628601761	0.47738521398209277	0.09960088183488519	0.2843009711804938	0.044461330444014235	0.15305279604998664	0.5016015814334435	13.072231858667848	0.0764980311557836	tansho_p1
2023-06-25	202302010606	2.2859643485190624	2.0167432669903547	1.4293827261417793	0.6691325450945806	0.6112672496041242	0.4106812732158124	0.3033036975153767	0.00011540627358697098	0.13008350519861758	0.46762193942770314	14.712522686065462	0.06796930895794784	sanrentan_box4
2023-06-25	202302010607	-6.673799784890693	1.0253581346797103	1.9374955146694508	0.19456770644047391	0.615575333656448	0.46542397067265584	0.26261149557204755	0.006343511146897074	0.06311736373810546	0.2916867132981653	19.73369482283813	0.05067474737891879	tansho_p1
2023-06-25	202302010608	0.7212400769023999	2.4228652071233165	1.0443965684506202	0.6833342570062257	0.8221734414930819	0.6976947035109856	0.3378211364896084	0.11859874680774218	0.1393204046123023	0.509791059101406	13.60672369688825	0.07349307756052194	umatan_nagashi4
2023-06-25	202302010609	-1.9564655312878971	0.6693788746464758	1.9643951471186178	0.20553980366283062	0.4911647108762091	0.16194167902696993	0.3042005591485327	0.17440094531882433	0.06887936167099333	0.31078440609088187	19.454705361934003	0.05140144666270029	umatan_nagashi4
2023-06-25	202302010611	0.8859553478907876	1.6552587360087156	1.7533025561566697	0.4232032126851391	0.4621039096023663	0.1854826446320894	0.2621985596337339	0.042576667216424474	0.07730802299195381	0.34996636407851894	18.569978427210142	0.0538503587346512	sanrentan_1-234-234
2023-06-25	202302010612	-0.9438769067414883	1.2099105828579104	1.7333271871493923	0.3889045627925396	0.5739242369794878	0.39507287821731835	0.28338332648282816	0.046864689243350105	0.08023166690494825	0.3654385741694162	18.16171565982719	0.055060877437474155	umaren_box5
2023-06-25	202305030801	-2.8602111687176386	1.7574936018230682	1.2871972152711697	0.7830023315593647	0.7017014372278497	0.5292193841830488	0.3163127874657574	0.06404227934588413	0.11453277532000572	0.4315275461503545	16.05575343778855	0.0622829693962799	wide_nagashi4
2023-06-25	202305030802	-1.3883636342712289	2.21801673522681	1.4640499290771327	0.5351309824953445	0.6785677055945504	0.549949070522388	0.3014544262628263	0.03023926873452859	0.10656094010063058	0.4595892443908749	15.228858497815223	0.0656648034482337	umatan_nagashi4
2023-06-25	202305030803	1.8926573272512819	2.6245026609981776	1.6081629008584934	0.4491578968124649	0.721446471807433	0.6013255154085255	0.27476368055870637	0.009970760452331306	0.07688008355383286	0.3568018818489118	18.501788964202735	0.054048827490941566	umatan_nagashi5
2023-06-25	202305030804	0.6869059706443793	1.8233288613786791	1.1662024430731017	0.8102567346457721	0.646751058567354	0.39745512772944436	0.3176907396664934	0.074988160909429	0.19493810808550346	0.6145968791709111	10.301405895901022	0.09707412853209722	sanrentan_1-234-234
2023-06-25	202305030805	0.08836195938488656	1.7342157687682278	1.8920005066443195	0.28636503894185417	0.4344496890941629	0.08412965297393321	0.2316374833436158	0.011828524606790514	0.08877240395242697	0.41251454219422845	17.00278786299883	0.05881388440869645	tansho_minodds_top3
2023-06-25	202305030806	0.4512420503778564	3.0281254131982385	1.0707207195046107	0.8837882404720824	0.4930863296246541	0.010285698682176547	0.25833459320495256	0.05532783853609319	0.130388870187351	0.5541366443751278	12.187211009396615	0.08205322770147964	wide_box4
2023-06-25	202305030807	1.3321561061890121	2.3030085494518984	0.9592260331775119	0.9142916683162425	0.6810377695944592	0.4505976099478797	0.5263328112021537	0.2523672175638998	0.36788838903135124	0.7955349797304168	4.996502779835185	0.20013998671946823	sanrentan_1-234-234
2023-06-25	202305030808	2.579020487734308	2.5666288545034646	1.5547241996054328	0.6188638180866027	0.4810122172906151	0.12552350923326933	0.2674716438785028	0.03490125487803039	0.124848902819383	0.4481316568213549	15.157485794487261	0.06597400212399984	sanrentan_1-234-234
2023-06-25	202305030809	-1.3523382299484425	0.7144058595571982	2.0092317696568074	0.17027933457688832	0.36260950285768007	0.005817515754472535	0.2936711282813265	0.005367668999684494	0.060612785938398035	0.28657728325149556	19.758320168715507	0.05061159002693751	tansho_p1
2023-06-25	202305030810	0.5580628246206822	2.826601816633373	1.5443063908760803	0.6368665246693016	0.43158761898621933	0.12691061439816947	0.30430008689395877	0.02702533133878071	0.1426166550078408	0.587342444274122	11.573576138178026	0.08640371723146803	sanrenpuku_box4
2023-06-25	202305030811	0.6371224993140582	0.8274291192059081	1.9475246157858304	0.2606101567677372	0.3316633562001228	0.07884751222309605	0.28413307044415814	0.006780505668552206	0.06488167602432277	0.30750525172123727	19.459049007299953	0.05138997284116277	tansho_minodds_top5
2023-06-25	202305030812	2.099241265856759	2.721066927863834	1.4971503492232192	0.5765466296654562	0.5947724832529152	0.29125643750055064	0.26424876764840116	0.04115043686135164	0.13393793987465322	0.4468583258786116	15.537059872511374	0.06436224151837308	sanrentan_1-234-234
2023-06-25	202309030801	-3.1677832475957564	1.8345684255720722	1.59473080573087	0.6460307924897715	0.36790715467409746	0.06007551115008014	0.2863687001471478	0.03505185088579199	0.10924609502750432	0.4778028803881578	14.850041673141881	0.06733987836604004	umatan_box5
2023-06-25	202309030802	-1.2218523847166016	1.6952352053279993	1.9612723593603636	0.22129634940771012	0.43780055880222746	0.07855126381474209	0.2531188287913664	0.0029064084706740267	0.062188132125942944	0.3036082150466671	19.442358049819862	0.051434090321634894	umaren_nagashi4
2023-06-25	202309030803	2.2799595240363306	2.795012540726418	0.32739921761548907	0.993968496448142	0.915241703730481	0.8354835389220111	0.5475715820820565	0.3363880179666445	0.5003782714566566	0.8375107119747659	3.34873582596785	0.29862015159436484	tansho_p1
2023-06-25	202309030804	1.0368200705756054	2.494192445603412	1.4289687579024246	0.7184346042381798	0.5615596874265633	0.33877561827883845	0.3235559218812935	0.02108905450884041	0.15294289904650207	0.5316969209462034	12.708452251435679	0.07868778826997046	tansho_p1
2023-06-25	202309030805	0.5700651294009907	2.1042754232181	0.8022015440861586	0.881601034824283	0.8451788174715119	0.770394577603256	0.3309814494258009	0.014956463058442948	0.18820657580975114	0.6204631125262817	10.158451806571234	0.09844019729001681	sanrentan_1-234-234
2023-06-25	202309030806	-0.3919051553324557	2.012277635793159	1.2318994931856824	0.6261685540957458	0.7704646826212221	0.6763302744975167	0.2889230883898892	0.0032430523284399104	0.1108449076283614	0.42293523587401155	15.824074412039627	0.06319484944024009	sanrentan_1-234-234
2023-06-25	202309030807	-5.144684043547467	0.9095797462099914	1.8131599638852736	0.35457556503121257	0.5465941270760467	0.2467230481026984	0.2983465658938898	0.1123804166044457	0.10103498216555151	0.39902688043687917	17.197983134521916	0.05814635310303779	wide_nagashi4
2023-06-25	202309030808	0.5628295708058526	2.4133307358724028	1.5011410171773478	0.5603645042977246	0.62966486346309	0.4352925787774682	0.3156648394104318	0.03802670881912701	0.1334424831292236	0.4780618626219852	14.600226134789585	0.06849208983258065	tansho_p1
2023-06-25	202309030809	-0.711186125847123	1.1205238010670189	1.689944295397489	0.34762125975152114	0.805600541621823	0.6868804012181383	0.3021710464563482	0.09044026625275153	0.06812224229533807	0.32088558548545626	19.23572723895912	0.05198659700136774	sanrenpuku_box4
2023-06-25	202309030810	-1.6592907356821476	1.584248890606628	1.8657192103490539	0.3191917658369748	0.4371897473195406	0.11903304903834527	0.26259652942323763	0.015986157077303803	0.08790154840983803	0.40267446721700295	17.277493456688187	0.05787876595102376	sanrenpuku_box4
2023-06-25	202309030811	-1.5248917258677783	1.4449050702862476	1.7696837545899131	0.39509209865489603	0.5352223811803717	0.23706828174228484	0.2983418988986268	0.10647526077519753	0.08808925909668978	0.36946426756075806	18.146044891957796	0.05510842753636046	sanrentan_1-234-234
2023-06-25	202309030812	-0.1847926959838802	1.1032280126763427	1.8229398633626634	0.2892348216476671	0.7220027113310572	0.49807628651993524	0.27996879224106686	0.05600478212027196	0.08318712803630403	0.3405180526984561	18.793635821385205	0.05320950184966891	umatan_nagashi4
2023-07-01	202302020101	-2.97035623550405	2.0022339762841925	1.5337192699809035	0.7034055791369365	0.3538645746394797	0.022060456428266373	0.2963552344982729	0.0366684207133518	0.09352591284145154	0.39742214832319067	16.911535331457486	0.05913123678013314	umaren_nagashi4
2023-07-01	202302020102	1.7775833997010602	1.0359258646870777	1.5757001374063202	0.5449039665444129	0.6150310723640846	0.2583893248368107	0.24168364862938307	0.08657965585276567	0.0855479806578379	0.36558465018328334	17.98660162362632	0.055596939373274874	wide_nagashi4
2023-07-01	202302020103	-2.6353460449272443	1.5250530791923564	1.7092609323125627	0.45458285926162173	0.5505697761020008	0.24467396277678327	0.2726154890849896	0.019849564780502316	0.12487724575327423	0.48425031077354536	14.657433776733058	0.06822476671103107	umatan_nagashi4
2023-07-01	202302020104	0.749234517431329	2.742481222429942	1.1328273188949547	0.931199548328919	0.4583010482790879	0.03240517304259416	0.4670335281502742	0.3068286747241201	0.24038949535020662	0.6680656687184662	7.431361391517511	0.1345648458358444	sanrentan_1-234-234
2023-07-01	202302020105	-3.801167670173661	0.9081483677092639	1.4346952677754943	0.7342887453002434	0.41700301696560965	0.0019087021691182038	0.2071259139492554	0.0012304861682040369	0.09539503629319555	0.4464991805168572	15.932759049649526	0.06276376846494751	sanrenpuku_box4
2023-07-01	202302020106	2.0047122732985434	1.9477546429145418	1.3778989040415444	0.8122867837828659	0.46083092308296786	0.13686444463156305	0.2990972653287526	0.04252404203282589	0.13928145629191985	0.49910925232407494	13.52649638341041	0.07392897404138231	tansho_p1
2023-07-01	202302020107	-2.0000042882856945	1.3355315573986366	1.7551482149626871	0.41963645668754207	0.4599849437263497	0.06272006868396174	0.26180364135110457	0.10718330144513982	0.07763598864992442	0.3626316104532944	18.343448923061707	0.054515375172592674	wide_nagashi4
2023-07-01	202302020108	0.1119396766604821	2.800697504280447	1.1944871925375755	0.6996799352785726	0.7890566835446726	0.6315175948281766	0.3126194741342735	0.07930930493772195	0.10954106825959987	0.45046122441875086	15.656245676250675	0.06387227312847571	tansho_p1
2023-07-01	202302020109	-0.545635908685381	1.2267715359972213	1.6881593702655733	0.49322013173368273	0.4182510644879977	0.11056817935005037	0.25595446837034347	0.0077361228957468775	0.12088673295152014	0.5555849998758889	12.463249976930445	0.08023589367548643	sanrenpuku_box4
2023-07-01	202302020110	-1.790416785293394	0.39456323645256336	2.018656823991876	0.14769632801599172	0.700542722340402	0.5502219100067812	0.2605490313163774	0.0013599602547805234	0.06382247441208032	0.29104647555314833	19.75475916821763	0.050620713291653095	tansho_minodds_top3
2023-07-01	202302020111	-1.2730024738640804	2.064287049663305	1.8983622875402333	0.2895523325174767	0.4945390206194696	0.18107205723189068	0.29397594857983517	0.10219853897706743	0.0814930392081672	0.3490508282602902	18.562555674217265	0.053871892294926005	umatan_nagashi5
2023-07-01	202302020112	-0.05637555621953896	2.1344184512145827	1.396933100314066	0.7354720143472173	0.490965880873234	0.12439363180910679	0.2983312524167492	0.07801950604110375	0.1621525976744513	0.5531927107653923	12.125938214297639	0.08246784556603666	sanrenpuku_box4
2023-07-01	202303020101	2.3863851731525387	1.1848613970516095	1.8518299622182375	0.354980945492425	0.3511191335426978	0.05564816835787684	0.2712133944578279	0.02064527557409651	0.06920913337035316	0.3261684949350306	18.94043022226446	0.05279711116722686	sanrentan_box4
2023-07-01	202303020102	0.4826856128924988	2.5562758646053396	1.5387572699376995	0.6280863393124079	0.4918593280843372	0.1784147857749943	0.2812458778849719	0.01580881156902869	0.1416591016028228	0.5016408593585948	13.580440290551204	0.07363531510062786	sanrentan_1-23-2345
2023-07-01	202303020103	-0.3799162246852158	1.8752821630910264	1.2276467241599072	0.5870783799091499	0.7910243389664271	0.7044591635152841	0.32536987741504464	0.06865524271743823	0.12044705339590424	0.4918032121180885	14.500029006853852	0.06896537927802224	umaren_nagashi4
2023-07-01	202303020104	2.995047958786199	0.7778078212294726	1.9447079311081787	0.20636318974934054	0.7161517845746435	0.5724024991882828	0.3099168566311456	0.05189469696868054	0.06713529708913027	0.3024046546605168	19.57163303662805	0.051094356721716236	sanrenpuku_box4
2023-07-01	202303020105	-1.8779785514116685	1.0499920138391778	1.7922666012729151	0.3811206449759415	0.4753653978588411	0.10664948979732047	0.26117100964652135	0.05982482212846968	0.1074165042862026	0.4254822752960579	16.430897171123473	0.06086094931915543	tansho_p1
2023-07-01	202303020106	0.7483297488526316	2.052784528017065	1.6013066321411282	0.5821425908198525	0.4966013442754812	0.23332508522540885	0.28112211230534634	0.012329175821507554	0.1167653645086814	0.44949595560874067	15.569320932730173	0.06422887705383333	sanrenpuku_box4
2023-07-01	202303020107	-2.081701887475244	1.0345380764188712	1.5708054705086325	0.4233316233522807	0.7858334528764165	0.691039589243792	0.31943597185724587	0.04092182997388932	0.10043939178737311	0.3930490327619828	17.267372835157964	0.05791268941410171	sanrentan_box4
2023-07-01	202303020108	0.22415619761200659	1.9112496408072701	1.5000703498937065	0.5701406313366869	0.6279869359831427	0.3243640606533032	0.2828013994970685	0.10290560699122053	0.10789331596904538	0.4142884428207226	16.51900154534315	0.06053634641628256	umaren_nagashi4
2023-07-01	202303020109	-3.801602061363481	1.7126092982573788	1.9154332069241846	0.2919995643911224	0.35080036711203644	0.1092919621480632	0.27290440273053584	0.00043699137163416557	0.06844183740530124	0.3161004431228976	19.177231025018415	0.05214517146377443	sanrentan_box4
2023-07-01	202303020110	-2.577102050665255	0.6883976281040158	1.8883825022098613	0.19488465764920807	1.0000000000000002	1.0000000000000002	0.30210813390363067	0.14229262594031794	0.059050530421312974	0.2897179175618564	19.79324785093179	0.050522279493050645	umatan_nagashi4
2023-07-01	202303020111	0.29719798629825556	1.6502348971916108	1.6698850147017095	0.479990559782963	0.5879615395348179	0.3833793969234094	0.2870148538306384	0.0038085568277749227	0.10591021218202057	0.4118210871430746	16.858133501547254	0.05931854792277088	sanrentan_box4
2023-07-01	202303020112	1.3006645017186373	1.8370752209354964	1.7699976076967778	0.4213417729955603	0.45831545053658423	0.09316249428907214	0.2714241562693564	0.057813248456298205	0.08735614525337558	0.37987303828840757	17.834059101725305	0.056072484356814646	umaren_box4
2023-07-01	202307030101	-3.517599472723108	0.9637857466103319	1.6176877094162392	0.5597856425303602	0.455355983955255	0.09704989204331949	0.25171812776908853	0.013161783995407988	0.1110948894025811	0.4331467337759182	15.799371235294789	0.0632936580264703	sanrentan_1-234-234
2023-07-01	202307030102	-0.40973956657009336	2.286271556841696	0.716879022298309	0.9315970961136452	0.8161242019728951	0.6652358287637825	0.39378057243378883	0.14253657992323315	0.30610089685814795	0.7261595172115767	6.4083169516973015	0.15604721294803323	umaren_nagashi4
2023-07-01	202307030103	1.3513028250229662	2.423158069391433	1.4402881893076365	0.6822656092854542	0.5635098209821938	0.29734748030948743	0.33280305641014063	0.022947446535915683	0.1848567887438676	0.6491683443497672	9.745701977997664	0.10260933509537282	sanrentan_1-234-234
2023-07-01	202307030104	-4.302446545932626	1.5602876965697545	1.5947826304300512	0.5145313899056576	0.5689503818404833	0.25790970779089917	0.2788139430450913	0.05878043290571355	0.12814232593420832	0.4363750264474306	15.802703742715329	0.06328031052667024	sanrentan_1-234-234
2023-07-01	202307030105	-0.7455707521510472	1.1402152943453672	1.508844661017419	0.669895838055889	0.446826759266687	0.06713171317385247	0.259025171782744	0.02807826878993608	0.12255301941850387	0.4803638173409138	14.38617014291164	0.06951120347292156	sanrentan_1-234-234
2023-07-01	202307030106	1.2539895289441902	2.3227743908749563	0.36063369189831856	0.9084387345406444	0.9560814808619614	0.9222438611760936	0.3146963332680008	0.020078359246845923	0.2603538464205596	0.7078723344161789	7.503742634656484	0.13326683079206905	sanrentan_1-234-234
2023-07-01	202307030107	-2.0191265725416634	1.1831725816453211	1.8806223404861773	0.2912126268985231	0.5342331750165502	0.2839820054861214	0.31465915326387406	0.10675734239861404	0.07048452041190754	0.32205961612877565	19.16609364405042	0.052175472924834744	sanrentan_1-234-234
2023-07-01	202307030108	-0.6781581207489671	1.5184518764244774	1.0052104642047264	0.788588289158617	0.8190166999681069	0.6985055083195096	0.32644420875837	0.024419582040614618	0.1671963334151703	0.5302516532568495	12.338213504537409	0.08104901083388187	sanrentan_1-234-234
2023-07-01	202307030109	-1.08566289956372	1.2395818360409345	1.4025592965581453	0.6947861546326883	0.5236042748907164	0.13945773088766006	0.19367239469361586	0.0019667300158363044	0.10488631013474034	0.4502367162669688	15.511913044081702	0.06446658108243666	sanrenpuku_box5
2023-07-01	202307030110	-1.3554105629563682	0.9424513986998772	1.843588895240895	0.3574888677165035	0.37586320941423135	0.018228967255587758	0.24451655736593	0.0071431458346976895	0.07437025469742471	0.34753536050281125	18.44819654208214	0.05420584053942087	sanrenpuku_box5
2023-07-01	202307030111	-2.179629136180618	1.2906592806710562	1.9714253748909518	0.18571596121812103	0.45213282653699904	0.1499450410089604	0.25532241542475276	0.010654086076870878	0.057818093764095795	0.27910466931809547	19.86840138808466	0.050331175642531215	tansho_minodds_top5
2023-07-01	202307030112	0.11831410267109828	2.2674717042204513	1.6331233344304688	0.5544159621834579	0.37587065668517	0.03263089793927615	0.2802024299105628	0.02757650059082717	0.12309673107041337	0.5782000992083913	11.677524018882485	0.08563459157806108	umaren_nagashi4
2023-07-02	202302020201	-3.117032023797088	1.2647566050187016	1.373237409152749	0.5961277876746415	0.7561790387171553	0.6096655782657272	0.3400891225541928	0.10889352335903782	0.11198028721125913	0.4495719572008354	15.812779806441167	0.06323998767077378	sanrentan_1-234-234
2023-07-02	202302020202	-0.48120644845299404	2.8792506570446275	1.689755675295796	0.3856381005536906	0.7391959255590621	0.5566207204518215	0.31640465761353814	0.07482832980839663	0.07919533520750668	0.34664505143624236	18.69463947189812	0.05349126959646401	sanrenpuku_box4
2023-07-02	202302020203	-2.366417830941619	1.7819401097798864	1.8325189464455207	0.3536608985445122	0.4706046788111109	0.07753446531767427	0.27004691567055633	0.09291287570054507	0.08925248339179764	0.3581574278213193	18.214282725070785	0.05490196979448247	umatan_box4
2023-07-02	202302020204	-1.817030514225117	1.7501746375657283	1.6951284438326635	0.42500078156517385	0.6865809091546546	0.5399501442495913	0.27836174772698746	0.01691843452761277	0.0774687492466277	0.3378287381318546	18.855692326781217	0.05303438254450486	sanrentan_1-234-234
2023-07-02	202302020205	-1.833700814248296	2.066866888363868	1.2878385157178502	0.9475411252733769	0.35355287554565856	0.0018383858226064254	0.3072363850543801	0.05019872528216246	0.13606425074713038	0.5803904934232874	11.583627781319665	0.08632874077779414	umaren_nagashi4
2023-07-02	202302020206	-4.177023507308218	1.1031509658535592	1.703579212373262	0.3783495969359593	0.687332854838226	0.5649838139465369	0.2685627743414234	0.006222639087845705	0.07243697860653449	0.33129430679243393	18.96889285803755	0.05271788962508043	sanrentan_box4
2023-07-02	202302020207	-0.6437824985285461	2.5506013984704374	1.564264010933754	0.6333585455002434	0.4099960180391549	0.13186820009566563	0.28839215512461736	0.01362257275466594	0.1291880083277371	0.5488130966995793	12.668910159797433	0.07893338790682444	sanrentan_1-234-234
2023-07-02	202302020208	-0.6874408826458058	1.677496033565384	1.5610594257739643	0.5750944971129732	0.549577639117222	0.21762099889805586	0.27098978425941705	0.004206324078045776	0.14945388977293603	0.4978045867739801	13.619924950911818	0.07342184363013342	wide_nagashi5
2023-07-02	202302020209	1.064679868282712	1.6186684366051325	1.5780809470537298	0.5616588743384505	0.5229107120885919	0.17455211905526635	0.2605875642234105	0.08644250453623759	0.096420077885689	0.4236803835928844	16.537453743373863	0.060468801032968846	sanrentan_1-234-234
2023-07-02	202302020210	-0.292147708673717	0.9066947294033639	1.8112362478424626	0.3818978999628482	0.43781201681368503	0.21808245898985792	0.24713847807526348	0.0007189276679070156	0.08814707383947872	0.37892055251619794	17.661565313347865	0.05662012297654287	sanrenpuku_box4
2023-07-02	202302020211	-2.405235531790233	1.2916778850275643	1.9816406537441362	0.20096452918116656	0.4272456644964408	0.1781091687190758	0.22862025464735597	6.658368972917161e-05	0.07076820362923218	0.3218485364505171	19.203980639702305	0.05207253739532523	tansho_p1
2023-07-02	202302020212	0.6756823429958427	1.6446418933325868	1.824115887888765	0.28319975910956063	0.7258019351290812	0.538826176822167	0.35175451822146414	0.17621312208731033	0.07930272770726671	0.33584440085662726	18.935516384980044	0.05281081221493469	umaren_nagashi4
2023-07-02	202303020201	-1.34476125734687	2.0735725700252057	0.9887785942689609	0.8317283356375872	0.8040772424473243	0.7163530367955226	0.3308092254125874	0.026675006486586328	0.15584467410923086	0.5670676205974614	11.889888584564916	0.08410507742672786	sanrentan_1-234-234
2023-07-02	202303020202	-1.6648862037427827	1.2207746242919781	1.8943088248160533	0.29447092601492897	0.3090060353473201	0.0060300618377547854	0.2908736005460488	0.03985431971282316	0.05719745221328896	0.2816505604524731	19.851722284104962	0.05037346310252829	tansho_p1
2023-07-02	202303020203	-1.5406074823203189	1.738483166664553	1.0964355821615315	0.6599556726742775	0.8842109672209935	0.8240802376288255	0.3410178151683651	0.037892980797296416	0.17968604594241527	0.5266999415222837	11.442917101459624	0.08739030363791091	sanrentan_box4
2023-07-02	202303020204	0.5050065771666726	1.7352741299451906	1.651622590646275	0.609695566495383	0.3433765357157988	0.019927675889632346	0.2840472047201421	0.0045049758596226175	0.07444205260091635	0.3483457688589084	18.464306127643912	0.05415854747462434	umatan_nagashi5
2023-07-02	202303020205	-2.368568574669607	1.6044388712693396	1.8974753295591382	0.2801092754920102	0.37496669078930767	0.1208551885928526	0.2779047073741766	0.05659082053058706	0.06675446923847515	0.3131238643127476	19.395815900623415	0.05155751143048632	sanrentan_1-234-234
2023-07-02	202303020206	-1.2440804271164074	1.9220493581303477	1.4570367819145216	0.6488603519932832	0.549081618821719	0.22855938736795273	0.2872664764263303	0.03920847270895739	0.14473358205196324	0.4827072774176283	14.240855365019339	0.07022050111233905	sanrentan_1-234-234
2023-07-02	202303020207	-3.045887901281995	1.277270952031574	1.8688624259747932	0.32896262386488806	0.40310035268286254	0.010934138476366095	0.22432939871398666	0.005332866438907069	0.07633829982015729	0.3605019879513783	18.04620642132356	0.05541330829610765	tansho_minodds_top3
2023-07-02	202303020208	0.2300398494109282	1.6453825988562847	1.5612421884049983	0.61990356973686	0.4364192978785378	0.1268972720218643	0.28501801101619106	0.01000542726580661	0.13964555216733288	0.5909733860828017	11.48962926851173	0.08703501014959482	wide_nagashi4
2023-07-02	202303020209	0.3422989239730764	1.457400488534042	1.9720994069945101	0.20550343175368496	0.5184950748918133	0.3152112908079009	0.26221170202798133	0.002654472075177161	0.0684143815445814	0.30982326244818365	19.48479636114389	0.05132206575143766	tansho_p1
2023-07-02	202303020210	-1.8428954478291821	1.4311829649095047	1.8681647922119855	0.3261958848140837	0.32794999875969916	0.012708721925348998	0.2619541917026783	0.005020706888037185	0.0856710619600454	0.41026038661757014	17.019583847703764	0.058755843206760736	tansho_p1
2023-07-02	202303020211	-0.7093203268788189	1.2505325319480893	1.857995655329788	0.3323710655613696	0.44336360070652286	0.2430149208670277	0.24134591462760274	0.00040831614441869113	0.07328748600755271	0.33284677401721496	18.69719312796499	0.053483963777660376	tansho_minodds_top3
2023-07-02	202303020212	-0.274717311813653	1.1889481951290326	1.6520600366223097	0.4276843210062774	0.6769898711219483	0.48399090448457494	0.34281643544893237	0.11575109798744326	0.1144346840250059	0.420376544923459	16.567078643192843	0.06036067200120913	umaren_box5
2023-07-02	202307030201	1.7358240858774066	1.0593314924229091	1.8577862742692144	0.3094310038972912	0.5588233913549719	0.30895599803227125	0.3074877257713527	0.10227182134472737	0.09068708696652486	0.37509554280782526	17.980444870361453	0.05561597653506209	umaren_nagashi4
2023-07-02	202307030202	-2.682403395649227	2.363562126773476	1.7998739000544428	0.3702273397781275	0.5348794162717004	0.2822642138852255	0.2806988878986482	0.05091573461880028	0.10598611219342333	0.44713078217932095	15.94272889478691	0.0627245189076124	sanrentan_1-234-234
2023-07-02	202307030203	-0.7322829218525975	2.13985727877416	1.445719981591906	0.665981173379401	0.582448948996211	0.3378240463961886	0.28820269717573327	0.016452508249991116	0.14439184692457915	0.4974320057526497	13.860652061462018	0.07214667791715135	sanrentan_1-234-234
2023-07-02	202307030204	-2.7738686689685608	1.5711529721736663	1.8560523100540824	0.3382585605700483	0.39540140242009386	0.039477613781286836	0.29047801013561486	0.033821871231367096	0.07315134443880064	0.32911295231284626	18.950257466082583	0.05276973158754244	sanrenpuku_box5
2023-07-02	202307030205	-0.11489141031559476	2.2254404501043124	1.4468436946585452	0.7760768847749051	0.43095234267283034	0.1709796966736472	0.2841225061620666	0.01728664564129362	0.12227032575222027	0.47335991803140176	14.60367362596595	0.06847592089581882	sanrentan_1-234-234
2023-07-02	202307030206	-5.688370914807941	1.3478070400281301	1.6968699757452141	0.4819587319297599	0.4561656432395727	0.05382476258082969	0.24527853416741502	0.01449823278797907	0.12398611044509908	0.49055992101521295	14.317192706576508	0.06984609486611552	sanrentan_1-23-2345
2023-07-02	202307030207	-0.5282785707601295	1.120278005453415	1.726954293160869	0.4496687976795491	0.3542149766870364	0.011960326283927347	0.2196253910677673	0.006653574978258886	0.10045436025793296	0.48625224225738845	14.550872780528813	0.06872439990940926	umatan_nagashi5
2023-07-02	202307030208	-0.02933242206404342	1.1747594831640775	1.925400482625895	0.24691156334702918	0.5644320189659483	0.3142600143567086	0.3089112579414227	0.08880975061920984	0.07612032217076836	0.3291011768908031	19.086391556991376	0.052393350362431305	tansho_minodds_top3
2023-07-02	202307030209	-3.618940011441732	1.6013136552678744	1.236678837194095	0.8215491747336793	0.5476232598951496	0.20492876800426407	0.3355504267218483	0.1318777328222758	0.1952153852324206	0.6138723170355184	10.412859384023607	0.09603510074613074	sanrentan_1-234-234
2023-07-02	202307030210	-3.2544602213574163	2.055555001455345	1.7398615963291324	0.3673437551145441	0.6743792196375883	0.44574376124722404	0.3152094839149024	0.11345604425190262	0.09798191172811058	0.37310887246304086	17.92189890825666	0.055797658781531104	sanrenpuku_box4
2023-07-02	202307030211	0.6639388037372583	0.7702375833805667	1.9167228818598374	0.2816124984774879	0.31068356711422346	0.06091175617052472	0.2947916174796865	0.0018809097391450091	0.054429990438762406	0.2676877078018619	19.94294690032249	0.05014304079523119	wide_nagashi4
2023-07-02	202307030212	1.1970001828894736	2.0241721253828797	1.289533481162413	0.7442185036965152	0.6036829091469921	0.3107479925091943	0.3221036911464602	0.09475827180800181	0.18937922981942645	0.5704122293703615	11.38644799110256	0.08782370066428144	umaren_nagashi4
2023-07-08	202302020301	-0.705648150369639	1.9242965484728838	1.0372239298870418	0.9200738375487693	0.6337354944276447	0.3427757947965652	0.44281959209205835	0.2370287241516736	0.280068016125419	0.6885392017995058	7.435311041694094	0.13449336475534393	sanrentan_1-234-234
2023-07-08	202302020302	1.8188245332178599	1.5150156331309217	1.7074050106454948	0.45667808886832245	0.4795556793974342	0.17775711675724393	0.25383642692510644	0.005830821203113623	0.13193420393092284	0.5712976419734386	12.114605669697008	0.08254498968145205	tansho_p1
2023-07-08	202302020303	-0.7793302123309994	1.8106598274226167	1.8820262464104784	0.31944835960255735	0.33812581135171393	0.07567941942358242	0.27961634004730257	0.006483172113219693	0.07021161428590025	0.32560960419267854	19.082978180396278	0.05240272197278349	umatan_box5
2023-07-08	202302020304	1.1907649805445466	2.725138666913991	1.456134084692814	0.6480751406952868	0.6179306210338642	0.3764515540536113	0.30495482121799783	0.04245281375094084	0.12706400569553988	0.45762062833581996	15.27531413350632	0.06546510214192619	sanrentan_1-234-234
2023-07-08	202302020305	-0.30969599113617713	1.249348765281524	1.907207373199535	0.2833614557856754	0.31543486357369294	0.001784723264143584	0.2772836621565432	0.023798923403124284	0.06665410951007564	0.32205108216211453	19.254451100098994	0.05193604298565845	sanrentan_1-234-234
2023-07-08	202302020306	-0.6273719293217196	1.4242628240443467	1.6067252559071006	0.5024429841111419	0.6034080447652025	0.41129232223654993	0.29725516639977995	0.00020936342486194137	0.12137528043195883	0.45201310542512746	15.462974264851587	0.06467061141484723	sanrentan_1-23-2345
2023-07-08	202302020307	1.0315496914436086	1.6812622013086271	1.462359484183704	0.6875368927319926	0.4392056805647783	0.01794861592859054	0.28464142621743904	0.09219389993159424	0.1445767109011649	0.5012974265438143	13.268252487148992	0.07536787538287752	sanrentan_1-234-234
2023-07-08	202302020308	-1.808778268237519	2.0230828938508734	1.5536570585747858	0.46235548275028976	0.7538076575952654	0.6149273672611058	0.349494991732273	0.1254757668208477	0.09397425405339263	0.38710009425261654	17.6859350755126	0.05654210510953244	sanrentan_box4
2023-07-08	202302020309	-0.539928103159511	1.680464277002649	1.8735367780316	0.2792595725942072	0.5755100902320053	0.3749747873349118	0.27539344833540425	0.035915196151297235	0.08748235480963386	0.3627206815383576	18.304740440018794	0.05463065719379156	sanrentan_box4
2023-07-08	202302020310	-0.5492325022356541	0.9084837676649054	1.7999365326655257	0.36644216194055723	0.4669973981502607	0.1349676947299453	0.33743977276709614	0.14803988089138448	0.07793509751676987	0.3408028098446204	18.799586903154655	0.05319265817655788	sanrentan_box4
2023-07-08	202302020311	1.4866269320752652	2.381341465356677	1.8991026133048896	0.2850199162801107	0.4751082122316185	0.12212079787316621	0.26002378953913874	0.050355426153426835	0.09005638327539764	0.4033826275945819	17.2834786758943	0.05785872270000396	sanrentan_1-234-234
2023-07-08	202302020312	-0.6523428165895552	0.7689245536467776	2.0328167881412864	0.14895066387528025	0.40420601234203823	0.20028652274032804	0.2876045061292071	0.07389240745495348	0.05623755243869993	0.27469967787563726	19.827448620978476	0.05043513258392448	wide_box5
2023-07-08	202303020301	-1.2816393059752982	1.93332606403127	1.2300384329526346	0.7982668676292409	0.6341072411804811	0.4392537939162439	0.30157012686813744	0.016661144159505925	0.1427547827406243	0.548362334851339	12.322904610754808	0.08114969900255907	sanrentan_1-234-234
2023-07-08	202303020302	-4.168607304435544	1.3656393579835495	1.1063925933700205	0.7558588117381205	0.787539139220764	0.683392998588606	0.3016691485254732	0.03158424699358636	0.11783842598346937	0.48687906356993443	14.439769710820709	0.06925318201235796	sanrentan_1-234-234
2023-07-08	202303020303	-0.6207026805640244	1.839701534144057	1.829287020822245	0.3442474099268354	0.46413653063874205	0.16297408234606658	0.21389414073239063	0.002232232345625834	0.09320880430527884	0.4394836190511904	16.184003515313638	0.061789408229785625	sanrenpuku_box5
2023-07-08	202303020304	-1.1353777543270902	2.0067019199148532	1.7753776783785833	0.3942142337460145	0.5080292541562632	0.13154201045597286	0.27520947780479205	0.12510243812733837	0.08099932370154621	0.3426884071327096	18.64370093269362	0.05363741907307677	wide_nagashi5
2023-07-08	202303020305	-1.499274549969887	2.153002407780277	1.3630747833184889	0.7284736457662425	0.5620794024910991	0.23882882685305468	0.2594738795891598	0.021876213494277486	0.15034352461148523	0.5128900803255398	13.403587137546303	0.07460689364258222	sanrentan_box4
2023-07-08	202303020306	-2.397230287671111	1.198176561886535	1.703007625115621	0.46456033583265505	0.48494276450386403	0.2935962002627896	0.2596277798682619	0.004959538884579562	0.08708356856591144	0.3795072605450198	17.382641828620848	0.05752865472689434	sanrentan_1-234-234
2023-07-08	202303020307	-2.5469564753501635	1.518320954118539	1.6775015265938213	0.48102177863758305	0.5418543551592965	0.2778250123257843	0.3053691079113532	0.08729419700967156	0.10452873414121533	0.402427188575619	16.95193839752696	0.05899030403189086	umaren_nagashi4
2023-07-08	202303020308	-0.5992325874391502	1.8768912747646527	1.9204244783545885	0.25548827466153273	0.5724268847446317	0.3569633554260008	0.23670855174612904	0.00010426020821371895	0.08731798238310212	0.3889357902786275	17.804367150989325	0.05616599520328548	tansho_p1
2023-07-08	202303020309	-0.4573337628444493	1.2728285828846864	1.8609733100418595	0.3041740060627979	0.498669159455459	0.25304423094704304	0.2759952288489293	0.048019846630107055	0.08142083429907514	0.3547950222166306	18.547795651060433	0.05391476263880592	sanrentan_box4
2023-07-08	202303020310	-2.4717118330361445	1.0934971331533387	1.7380943216360007	0.4465463778130967	0.42408202164230213	0.003705273040249979	0.21549432491756354	0.0024583986238316813	0.09055604412087424	0.37711331789146674	17.695796394417233	0.056510595946700964	tansho_minodds_top3
2023-07-08	202303020311	-3.243759168798381	1.4405270769375842	1.8433795575724135	0.34857635071345117	0.3994200758817469	0.04211866201019049	0.28638617612283385	0.03546700176908285	0.07982974029279871	0.34018447019960013	18.71173880598989	0.053442387710108806	sanrentan_box5
2023-07-08	202303020312	1.282250480921545	1.3139294397304928	1.1630568500589296	0.5492662367530796	0.9085851552765677	0.8499534929005708	0.2790401386328696	0.0036888856839067397	0.10098151946866155	0.42140254561803336	16.497996343141278	0.06061342112102786	sanrentan_1-234-234
2023-07-08	202307030301	3.5967882108640534	1.6512754512776386	0.9332366956109726	0.8119178895184634	0.7831152139938508	0.6260712890933795	0.27762137169064294	0.06573622997454606	0.15145160030472546	0.5605746941425449	11.813008355661847	0.08465244160440391	sanrentan_1-234-234
2023-07-08	202307030302	-5.103165268895205	1.3400755291004727	1.3553017309047144	0.6863448852160863	0.6365581581348403	0.34534382668678576	0.25239217152733784	0.03651161199839542	0.13182668235087097	0.44710217900953386	15.265366829166497	0.06550776088062084	wide_nagashi4
2023-07-08	202307030303	-2.5876676263968776	2.3568270794087542	1.7232356101324044	0.450773114174633	0.5058783136901702	0.24643230566453672	0.26688444348281437	0.0349248780580656	0.08397641584183832	0.3670041846210273	18.2689626246924	0.054737645510774445	sanrentan_box4
2023-07-08	202307030304	2.4043476626818308	0.6923933708040596	1.6922107150718728	0.4198853727502636	0.5960406361400784	0.4082636813529928	0.2821885871675975	0.010664464228407222	0.0869195801194947	0.3636890880603689	18.198032596495118	0.05495099509782155	sanrentan_1-234-234
2023-07-08	202307030305	-1.6507128476854884	0.7708296462160644	1.9117359287970168	0.2777235820179012	0.477646030701511	0.19438511880184078	0.26439709141606793	0.05639840366469545	0.08553826609103972	0.3798603924976467	17.850678842376503	0.05602027849081327	sanrentan_box4
2023-07-08	202307030306	-2.096953249457182	1.6711653070319383	1.862711693842344	0.30480986324416537	0.5306274260230417	0.2426932908745179	0.30588176499805464	0.12311254847176706	0.07735652183321025	0.34937038964550016	18.70677455788136	0.05345656980608073	sanrentan_1-234-234
2023-07-08	202307030307	0.16487930766620623	1.4483957789995108	1.7864199745891847	0.30367485074728834	0.7611337346854311	0.6207521101007518	0.28067431300107204	0.043223247854279445	0.09087930306847049	0.35879576455738305	18.338084738548524	0.054531321795994216	tansho_p1
2023-07-08	202307030308	-0.15533561179174452	1.6594890406426919	1.685509472441971	0.333170155543157	0.7892250666014506	0.6588890560010363	0.3537144545509958	0.18238524860514252	0.07799108373437394	0.35364291190659214	18.655648766470062	0.053603067495423026	tansho_minodds_top3
2023-07-08	202307030309	-1.44982891228754	1.9629268763504455	1.6277677303617617	0.5823837267121927	0.4051428927562546	0.10685903590049606	0.2436867250435349	0.003704052374745165	0.09058280991047359	0.38416546132285156	17.476141377319443	0.057220869207306894	wide_nagashi4
2023-07-08	202307030310	-0.020427619750432613	1.8498982649177025	1.8056614226857808	0.3899674611816956	0.4193111809301415	0.0049983569941763895	0.25687767904480074	0.003806701290297032	0.07493810641120445	0.3423372044123715	18.768117462821525	0.05328184896439069	umaren_nagashi5
2023-07-08	202307030311	1.45114102391882	1.5663742000961502	1.931259825683437	0.23848964166605247	0.40151725715715136	0.097659940513254	0.2779431304347325	0.06468119896655039	0.06338652084418525	0.30937415771607396	19.52008408748922	0.05122928751320894	sanrentan_box4
2023-07-08	202307030312	-0.37590017620255484	1.885529708664975	1.1203066754515376	0.652807026066283	0.8201628903162218	0.7566164370831104	0.2865355721081401	0.0073420023410739055	0.099412713123677	0.4668678689422972	15.130698042163816	0.0660908040867222	sanrentan_box4
2023-07-09	202302020401	1.714127437310144	1.8922847339680628	1.3404885139670266	0.7844013904693443	0.5311283072468208	0.20230657721535017	0.3068130022816682	0.07318169702612018	0.16359368564673743	0.5739184799640918	11.810622484971129	0.08466954229317614	sanrentan_1-234-234
2023-07-09	202302020402	0.07759372506538345	1.9093185920501092	1.1562834615003275	0.5779719075883715	0.9192758542161868	0.8788037278167731	0.29346061050278743	0.0008061953586058213	0.12109318570289931	0.424935466350948	15.533886637028663	0.06437538932569943	sanrentan_1-23-2345
2023-07-09	202302020403	1.0224502697050772	1.7677082046002583	1.7472146228387575	0.3787573569716536	0.6464880335300188	0.3988900758278681	0.2765941901716069	0.09132122109636492	0.10618120095135793	0.39395940017750103	17.23513815680989	0.05802100284324576	umatan_nagashi4
2023-07-09	202302020404	0.6220110252875206	1.8201981126219946	1.5825931820672778	0.3935149965488331	0.7359108436638342	0.5400731753012842	0.3536386927832687	0.1958878984662067	0.07994005926467222	0.3629347560547609	18.162080605636163	0.055059771053415224	sanrenpuku_box4
2023-07-09	202302020405	-0.3766618659723079	2.387716474278056	1.49282529528068	0.5344184781832	0.7867743116210176	0.6522020129778952	0.3182688304036177	0.08959220555443204	0.09414793018636468	0.3874887296586895	17.708260931941158	0.056470819119016746	umatan_nagashi4
2023-07-09	202302020406	-1.1446447503391024	1.2925740735693827	1.6061175217757422	0.49570682458082627	0.5623466825436686	0.2829074210222163	0.347530596780751	0.17317599511899137	0.10261968824622683	0.39831992702882096	17.05065617088153	0.058648769289463616	tansho_p1
2023-07-09	202302020407	0.2172062086080022	1.0791283833975456	1.6723370967719313	0.4653494841550992	0.5954490880753183	0.3977574842346937	0.2883588365055452	0.004978755145218672	0.1053821679324358	0.40968530439433626	16.929617920559064	0.05906807848189034	sanrentan_1-234-234
2023-07-09	202302020408	-0.49480696291971005	1.5775179499496643	1.84377817855021	0.35245197599281747	0.43542005125486644	0.07027622094292357	0.22071060279652577	0.006668738880050817	0.07766682539738803	0.3628515505821533	18.07246888695677	0.0553327830444748	tansho_p1
2023-07-09	202302020409	0.7609543507224367	1.3745088268852068	1.8013717298392806	0.3733387182679039	0.4234650571887968	0.22788929970400734	0.26674402244652584	0.04648516725969626	0.060072255861377995	0.2911848107724618	19.64509607926247	0.05090328883937648	umaren_box5
2023-07-09	202302020410	0.10226521860295647	0.795978533114679	1.9597003386979208	0.2148966074087573	0.5554218131810471	0.3077067140768963	0.3053006559428074	0.11476288931580353	0.07415793616676399	0.32791396581012716	19.15824410291559	0.0521968503286695	umaren_nagashi4
2023-07-09	202302020411	-0.6745015202867741	1.7750015846067975	1.694480972970549	0.3719500544825445	0.7372220617592513	0.5597451079561386	0.32100648055098063	0.10510841411354871	0.08320221592917523	0.36062489909172984	18.422923841991697	0.0542802005032818	sanrentan_box5
2023-07-09	202302020412	0.707329259135945	0.9469820123612488	1.6138315811778983	0.40532979853347734	0.7526924850508322	0.58241295343977	0.3772472179379487	0.19776473355683968	0.09056769445914692	0.37382069647535343	18.03761495776422	0.05543970210815227	tansho_minodds_top3
2023-07-09	202303020401	2.876748609728351	1.0606515801549543	1.589910630535385	0.5326765480441773	0.5747443891448972	0.2968264367224799	0.27946424174440754	0.008866021406752578	0.1412182118739698	0.49336442095353983	14.080793300108589	0.07101872591172034	sanrentan_1-234-234
2023-07-09	202303020402	-2.7666778176557747	1.650275528876594	1.4712593309008442	0.6550673024406419	0.49994519476918103	0.08954009940628321	0.2184917959589301	0.031561144302193145	0.11568779749974849	0.4560069252016824	15.42090971994017	0.0648470173395114	sanrenpuku_box4
2023-07-09	202303020403	-2.627028946187861	1.154854380262523	1.9290884937535488	0.2609876981822214	0.4232741817074336	0.10955209090392348	0.3003702863231497	0.03588513212563538	0.07325305487072442	0.32279363596429844	19.078502262526765	0.05241501592942965	umaren_nagashi4
2023-07-09	202303020404	-2.476172267330716	2.1954896503413064	1.6614918984108482	0.4356727894831772	0.6174304757233656	0.4297617800553859	0.3185641659668692	0.0717653141151332	0.10156537561768568	0.4041165150107934	17.12541892094349	0.05839273214957986	sanrentan_box5
2023-07-09	202303020405	-3.3928339042971736	1.2185943327288422	1.7373650855760965	0.38056087517098575	0.6040308242041761	0.37304428561690994	0.2807086091381857	0.08499077823652917	0.08816077072704857	0.3887521750052005	17.671019545318938	0.05658983045292938	umaren_nagashi4
2023-07-09	202303020406	-2.9027345219945238	0.477745948186451	2.0079569713981384	0.17835438609531873	0.31326337294233264	0.06813242420155169	0.294875345890528	0.002886946357154696	0.05310416609079166	0.2617774070627547	19.947544219809792	0.0501314843060684	tansho_p1
2023-07-09	202303020407	-3.674047580220496	1.9945550437257917	1.694449868789605	0.45591455727773583	0.6060801519817447	0.4416663872704314	0.2812360800427414	0.00038611040183628154	0.09771786679959693	0.3973021936084424	17.23226555517993	0.05803067488705252	umaren_box4
2023-07-09	202303020408	-2.0853218943647818	1.5707556213252212	1.9644891519758034	0.22275538356775632	0.40889666797244684	0.09546326636509056	0.2985739694172794	0.01641917385703673	0.06608199158929366	0.30591396942767607	19.47600575555255	0.05134523025671745	sanrentan_box5
2023-07-09	202303020409	-1.3027487544700715	2.0086359069891984	1.6529583921332889	0.3508389662874447	0.743192680930263	0.6521863435811754	0.27730074208027755	0.010101449326471612	0.07966832753783867	0.3785969844902904	18.027473551162693	0.0554708898705057	tansho_p1
2023-07-09	202303020410	-3.4321041629936393	2.1636365581618495	1.8483264406213173	0.3032079607867849	0.4026931902203712	0.0033659234917988168	0.24897838824545795	0.0020571523036204686	0.06853149743087956	0.31588667572930046	19.231999696141436	0.05199667303450678	sanrentan_box4
2023-07-09	202303020411	-1.2496435040377283	1.455711952083588	1.9555009189102905	0.20121417587605972	0.712228719041193	0.5238094534114534	0.26729683041469626	0.007058531661995937	0.06900824882961318	0.30298789871159987	19.581630482315834	0.05106827038244337	wide_box5
2023-07-09	202303020412	-0.4974251083629601	1.0915257302677126	1.8923778938552638	0.25773108877947426	0.5501465697801808	0.3220557975265896	0.27562368660775266	0.05328497748572533	0.07284844080688628	0.32893616766333506	19.12267432326392	0.05229394085237534	umaren_nagashi4
2023-07-09	202307030401	-1.3344153885910321	1.5632705346740516	0.9681420800538431	0.9719240608714012	0.6613350476265112	0.4304852570482507	0.4661485096722525	0.20799109847910952	0.3065220613329101	0.7444070405469249	6.5153118629265	0.15348459460401445	sanrentan_1-234-234
2023-07-09	202307030402	-3.3791333120419007	1.3235685419937078	1.8949755541501045	0.2904843541011209	0.41390296035938073	0.006928290603780418	0.27503532653171914	0.005595661639723193	0.07142083845178776	0.31620218791478666	19.24059986731343	0.05197343154039771	sanrentan_box5
2023-07-09	202307030403	-2.7615165701982116	1.8549512161450479	1.790509724132566	0.40733508014331893	0.36550348881238687	0.009297731007652632	0.23917084872264927	0.00190827448871711	0.08835605136428547	0.4060447508107077	17.132027612020437	0.05837020711421015	sanrenpuku_box4
2023-07-09	202307030404	-0.817404379632859	2.5949077351228063	1.7391582981397111	0.489422540207287	0.38314878995068535	0.14869319496834255	0.2687677852267883	0.019739738101679644	0.07839485504850306	0.3480968517936256	18.370362166369333	0.05443550818125418	umaren_nagashi4
2023-07-09	202307030405	-0.9879933122066299	1.4384497861739731	1.6348752654055416	0.5515344625509915	0.41811345466158684	0.067658886715038	0.26933143894339384	0.015675975022137467	0.10209514581453243	0.41168509968193556	16.40987700590468	0.06093890890469047	wide_nagashi4
2023-07-09	202307030406	-1.4628491561099324	1.6757702851362497	1.8922495221890643	0.25856249388118385	0.4349643590518913	0.2370261280335232	0.2571678155316182	0.03199588724486341	0.06445854512127273	0.3011509382588632	19.511165478865482	0.05125270456463511	umaren_nagashi4
2023-07-09	202307030407	-3.642956713117031	1.698986547575138	1.703097072078673	0.45806305030733185	0.5279346019872758	0.1863397583894713	0.27485034184951473	0.07036810343537175	0.11121096796861847	0.4029017369794995	16.657592968728487	0.06003268310597532	sanrentan_1-234-234
2023-07-09	202307030408	-1.8569257067897926	1.8544406141626195	1.6409820460641487	0.4862842940142865	0.5610594655598753	0.24039966682265596	0.2747349459458702	0.07374604018364403	0.11462528142108158	0.41004982800579753	16.74701024223078	0.05971215073830369	sanrenpuku_box4
2023-07-09	202307030409	-1.3557684423999732	1.5138675810462714	1.691293864191312	0.4882968533048066	0.5217697073955588	0.2222278132752154	0.3015252627287681	0.04828914419260638	0.10782048593727159	0.41429786266420965	16.53720560170085	0.060469708370630045	umaren_box5
2023-07-09	202307030410	-1.974856608247322	2.827603882340498	1.32806604156739	0.8262389161761472	0.4518984350087881	0.06158616608549877	0.3018890993729155	0.0904923744810445	0.15130739026463327	0.5276105243441479	12.386638833493816	0.0807321512673779	sanrenpuku_box5
2023-07-09	202307030411	-1.589091985442006	1.678229246119199	1.791808550833802	0.3193460962525276	0.6939401937214694	0.5556700797044674	0.2767676626158202	0.012545323282357468	0.0759935880620667	0.33306277792512284	18.948667581166788	0.052774159223411936	umaren_nagashi4
2023-07-09	202307030412	-1.355092053574764	1.1122813989271014	1.9700664023891767	0.2142408030365207	0.4550163440420506	0.19212426903314772	0.22559138694699732	0.007880688006033643	0.07052754103371144	0.3213640425814415	19.198144369817015	0.052088367538905604	umaren_nagashi4
2023-07-15	202302020501	-5.172138136766282	1.1802911882074443	1.6879980092563103	0.49847824136773256	0.49600124482519775	0.1782984574217067	0.2933828297295991	0.04209282492229133	0.10537560761270254	0.42179567400877055	16.417017519964023	0.0609124037776011	umaren_box4
2023-07-15	202302020502	0.027880823658160633	2.7794523553484765	0.7985377694923125	0.9708743631218709	0.6825251925048919	0.3908125454993981	0.41436365223555205	0.10969407492794364	0.2845421922727947	0.7907990724554896	6.243706927225041	0.16016126503945965	wide_nagashi5
2023-07-15	202302020503	-3.8243277039175405	0.9783487893034676	1.8708354610129965	0.3115514862673489	0.514803378611036	0.29596227648483486	0.30269717330035495	0.06628039203331709	0.08610295035802065	0.37298997104928594	18.137786382922243	0.05513351954247057	tansho_p1
2023-07-15	202302020504	-1.31041763654136	1.7476322685248755	1.6862139809432333	0.4942310128382575	0.49117403751355043	0.1958617835728192	0.269425023392512	0.020268181788029693	0.11902256012328229	0.4590213133382391	15.137919839652033	0.06605927436480509	sanrentan_box4
2023-07-15	202302020505	-4.680278904991379	1.2999044187598627	1.70659200177417	0.5191394935949172	0.3353479174641111	0.07203287247782159	0.2784369696584995	0.005784666530409155	0.07330131712785945	0.34622428238636266	18.75053572163678	0.053331809546437195	sanrentan_box4
2023-07-15	202302020506	-1.33512084362679	2.671558323202493	1.0967546971606645	0.9326307408609895	0.5652154313537961	0.2749085631056122	0.5167312109839112	0.23833557328153498	0.31154882865856764	0.8309592570020715	5.511225263261306	0.18144785455716306	umaren_nagashi4
2023-07-15	202302020507	-6.107716457573284	0.723241482582038	1.9106543646480587	0.2638188158715512	0.48644898535295716	0.24272035895713356	0.2702343892899953	0.045195710785513044	0.07481944879323756	0.3308660707346387	19.054606249828566	0.05248074858586999	sanrentan_1-234-234
2023-07-15	202302020508	-3.0282033136011197	1.015329707690168	1.8778233544422573	0.31088324975300025	0.41062074360002815	0.08689184969277108	0.2926410852370814	0.017363942851395087	0.08052517284124286	0.36183386109845267	18.315216292200454	0.05459940980472344	sanrentan_1-234-234
2023-07-15	202302020509	1.5506888185159942	2.8698039930580586	1.7770815428105087	0.4017426824335143	0.5189038079578632	0.2561301192978974	0.3039508044713505	0.07380345799067956	0.08547635474764702	0.3581204840643077	18.350235394964102	0.05449521373848056	wide_nagashi5
2023-07-15	202302020510	-3.8326046869420565	1.4527644697024698	1.9666531430808984	0.23690187914722804	0.31296336259471097	0.013948011557663953	0.2939841480225055	0.045239409196826647	0.05492212632999664	0.2703754776260456	19.905379773814282	0.050237675008618005	sanrentan_1-234-234
2023-07-15	202302020511	-4.454316448887372	1.0183690273299855	1.9840646303270648	0.19615573872451636	0.47296387053137146	0.09260987072055715	0.2569909251255616	0.11339521501618632	0.07037723538655982	0.3116368095258675	19.43944747397496	0.05144179130290481	umatan_box5
2023-07-15	202302020512	1.7678149698134438	1.0567072017450108	1.9488768050894858	0.23012038420590403	0.4093942382898466	0.1455727469945498	0.24376764771748777	0.018573848426907263	0.0726636324993883	0.34170308214283474	18.88372933521814	0.05295564145451931	tansho_p1
2023-07-15	202303020501	0.2278007431942632	0.46939991118981417	1.9670183021301284	0.2167665480813243	0.5639576611018443	0.17226151281012864	0.2788056558474415	0.15632413182542892	0.06364558038734847	0.29047788626402843	19.722876320788924	0.05070254377379777	tansho_p1
2023-07-15	202303020502	-4.974876404568234	1.3365309493451825	1.6045991886469664	0.4408787912858441	0.7129422566911967	0.583675295073458	0.288134787498045	0.008864653091432528	0.09581223304845854	0.38541124618470896	17.491059838111013	0.05717206442922999	umaren_box4
2023-07-15	202303020503	-2.2718674344802707	2.1462889610123894	1.1358067951101625	0.8349636274065062	0.6162157551991938	0.3127656405771519	0.3386260914063275	0.1373932731742371	0.21398927413068758	0.5970377303463157	10.294424268620494	0.09713996372271193	sanrentan_1-234-234
2023-07-15	202303020504	0.9886337728788006	0.799350194028734	1.8393942484309853	0.3297348493361019	0.539373789047142	0.20677498187320964	0.26299725063109386	0.0741388956718099	0.10178232526458961	0.4107333777098868	17.02854762270683	0.05872491431192542	umaren_nagashi4
2023-07-15	202303020505	-3.6666042923403044	1.7536676091462033	2.0240536659959183	0.15241645633607193	0.44279278737288597	0.13443268223258592	0.25706025339429117	0.006778718338828371	0.06488035189395636	0.31370100862347666	19.446644135161616	0.05142275412917609	umatan_nagashi4
2023-07-15	202303020506	-1.1081850099590764	1.4300894374635897	1.6643663854176594	0.5006740400779295	0.5268098108021311	0.22641856466113652	0.26927426977049274	0.036965407440179066	0.11198163312386417	0.43142305192043373	16.18701602992534	0.061777908797475405	tansho_minodds_top3
2023-07-15	202303020507	-4.3957872676185215	1.272735124530294	1.0283537465005455	0.4687747263649191	0.9999999999999999	0.9999999999999999	0.3199632455213116	0.11897367595962244	0.0762676651723417	0.3313165469424754	19.010873955358345	0.05260147441660056	sanrentan_1-234-234
2023-07-15	202303020508	-2.316534078249197	1.115572799765376	1.9564148032134088	0.23073845253693678	0.43428264519797566	0.08028905520377605	0.22617973438628508	0.007036046702322163	0.08146656570497951	0.3756109918233485	18.003026198372385	0.05554621700713894	tansho_p1
2023-07-15	202303020509	-5.517385742088632	0.6840547296999642	2.0460350689333646	0.12605676270809338	0.4037125564101131	0.0984534921912974	0.29972114043867265	0.05115796847391074	0.05619204058179808	0.2725348889335075	19.898257015044205	0.050255658032959546	sanrenpuku_box5
2023-07-15	202303020510	-1.2024604289130314	1.6524641324495848	1.9311885997930485	0.2484518152766607	0.43536246118730065	0.07460663037960086	0.2865367706141141	0.03961720968908522	0.08145850463365657	0.3761543448056322	18.02889753853455	0.05546650857949705	tansho_p1
2023-07-15	202303020511	-2.2270341286609043	0.999373352067983	1.2670082051902218	0.4632898491723713	0.9999999999999999	0.9999999999999999	0.2507993069329909	0.040323805881865626	0.08622668118795601	0.3742799841312381	18.02873075821924	0.05546702168948323	sanrentan_1-23-2345
2023-07-15	202303020512	0.9358251318924545	1.621205580850019	1.6705266829260754	0.35974721881435756	0.8316339600353563	0.7044517205900676	0.2795157629836473	0.03303900387910225	0.07637279517761694	0.33981462267215035	18.906434895790525	0.052892044719792614	umatan_box4
2023-07-15	202307030501	-1.5504565441916127	1.4113647252738621	1.1364073409767195	0.5885788913527729	0.9739546975322873	0.9479093950645743	0.24991393044082694	0.009879719186799807	0.08067274264631395	0.3613029357829277	17.882503936705607	0.05592058044776387	tansho_p1
2023-07-15	202307030502	-2.923530022826002	2.0719900434400484	1.1011217539555425	0.8607325907760934	0.6638573984129091	0.4433836811362742	0.33957754418699576	0.06855817290721783	0.21302993024747807	0.6405654913263534	9.453967056443235	0.10577570177996996	sanrentan_1-234-234
2023-07-15	202307030503	-1.692277274294788	1.418019406424755	1.5488877838530208	0.6186508230941391	0.4054598645909391	0.013558665325547115	0.30527235277957865	0.06500573245276348	0.15424370717500116	0.6427961247654596	10.022366366284746	0.09977683547510309	wide_box4
2023-07-15	202307030504	-2.729090175013064	1.8354312930799457	1.548710783324076	0.6712089492984215	0.3517806214654564	0.0167622193157016	0.28414231084276687	0.01799908696267094	0.12228096019819432	0.5409618706930247	12.823612277649678	0.07798114746052512	umaren_nagashi4
2023-07-15	202307030505	-3.3965427400047643	1.1889309525004563	1.5810281873075374	0.6008296673066204	0.4689797253488959	0.12522194273192938	0.2791233448825918	0.02778898950095171	0.13496785297213848	0.5050086413499653	13.49429194398868	0.07410540724557774	sanrentan_1-234-234
2023-07-15	202307030506	0.10967286611042704	1.9834381697989043	1.6333809051908195	0.6142330158457064	0.37187031349864785	0.11695922233980177	0.259309697592013	0.004829824599636268	0.08716334446843454	0.3841546611289764	17.594130600464617	0.0568371363557795	sanrenpuku_box4
2023-07-15	202307030507	-3.007540777307381	2.1238364593006502	1.600783048295233	0.5709548745577403	0.4838153033461591	0.23569277714274828	0.2919878168087514	0.011546130581431557	0.13314266604876818	0.5481393139070654	12.675059215929277	0.078895094923364	sanrentan_box4
2023-07-15	202307030508	-0.2527435494898368	1.9012599835042665	1.400041397461966	0.6671906610217271	0.6260600132802047	0.3545654697526466	0.280406951209399	0.03706064791510266	0.13521194682674328	0.4708967896824723	14.692202462113304	0.0680633147125963	sanrentan_box5
2023-07-15	202307030509	-0.012499151142638614	1.725127982480698	1.7479375305528309	0.39861512784129066	0.4016295231727489	0.04388304391622988	0.22404256119183188	0.007332952587389946	0.08659778805343064	0.3932850244544646	17.51826905105794	0.05708326530922925	sanrentan_1-234-234
2023-07-15	202307030510	-0.10912857605765579	2.0355748394806237	1.5395144351319303	0.6218717980215847	0.5082286212806207	0.3089527144453431	0.2854595627459316	0.00015693162412711015	0.12478680613568117	0.4806582928910356	14.273227069729925	0.07006124088929819	sanrentan_1-234-234
2023-07-15	202307030511	0.8444564447902889	1.3616613899851466	1.9102594123590768	0.2521750031163552	0.5721218116644178	0.3234076611668293	0.3471486662402003	0.1673231066102868	0.07666221959525615	0.330581028104713	19.05080544797649	0.0524912189529612	sanrentan_box4
2023-07-15	202307030512	1.571355055337444	2.2811866357603474	1.719887040180544	0.4412965548648341	0.5244333851085535	0.19005390002915018	0.26057823248738055	0.05835993414954102	0.11062749103163023	0.4152072334128604	16.546748772477034	0.06043483307508396	sanrentan_box5
2023-07-16	202302020601	-3.1118144587701573	1.1772030455760107	1.8744658836228798	0.3151592544112841	0.4260537797867289	0.11492362528624495	0.3026103165076016	0.040772601670436726	0.06537529961538965	0.30765964420863323	19.40075045010926	0.05154439786087595	sanrenpuku_box4
2023-07-16	202302020602	0.6853106114474984	2.9056657523861342	1.64447143990897	0.5808263137384849	0.3964594560535773	0.0765525643870541	0.26740372457236705	0.0009111031178834494	0.09151448194793785	0.3979071130632338	17.00858702248585	0.05879383153215318	sanrenpuku_box5
2023-07-16	202302020603	-2.231095320348485	1.4263667098989454	1.848427968332894	0.32253382180727214	0.5447649432850307	0.28843998236003376	0.2766065959478471	0.06109725759000911	0.09697531938892137	0.40332138687428243	17.22716749871399	0.05804784797469753	sanrentan_box4
2023-07-16	202302020604	2.6535347349363514	1.2129749623792203	1.7862081900349138	0.39270750947614064	0.4702432557232593	0.20017192293004699	0.23160193468597473	0.0036194955846789723	0.1062114038280039	0.4806829697065603	14.913583126872583	0.06705296718386299	wide_nagashi4
2023-07-16	202302020605	-3.9840651517106145	1.5413052002952983	1.9734929098122558	0.15497601993865812	0.6033710381056816	0.45390995762491193	0.30033153888815345	0.050734156771929606	0.0506135218460005	0.25280531290416697	19.998485639868857	0.05000378618701039	sanrenpuku_box5
2023-07-16	202302020606	-5.166463893775691	1.5199323875579278	1.408627437391968	0.5476697982689454	0.7862006977234461	0.6236448912687669	0.3213633316730208	0.06030544346160005	0.13291445136541344	0.4477686732888718	15.33860627905721	0.06519497155131784	sanrentan_1-234-234
2023-07-16	202302020607	0.6191795127264481	1.714028385792949	1.9093179831927838	0.2702472003906224	0.37163544969130535	0.07047056363543619	0.24430701261182525	0.004758412115522914	0.06619693775789849	0.3085350122764313	19.372149367041082	0.05162049812094448	tansho_minodds_top3
2023-07-16	202302020608	-1.8043720120716042	1.1395403472548649	1.8195504671953473	0.34482094295755106	0.5270682291682903	0.24726402727088043	0.3087603654564456	0.09542454749651352	0.0953082895529633	0.3900312924723418	17.56239338404315	0.05693984744178322	wide_nagashi4
2023-07-16	202302020609	-3.223552059242906	1.3457284112008108	1.7835807610269905	0.4417677447416093	0.37162908732861283	0.09008145830481651	0.2570221190163719	0.0035678653959448914	0.07286403178938382	0.3389835616798561	18.591410864469566	0.05378827929143995	umaren_nagashi4
2023-07-16	202302020610	0.20749844243087393	2.19994035003634	1.534317389987417	0.5941222169929706	0.5564364287725243	0.32567272273795345	0.3145385614745711	0.01319446840558336	0.15949583430253855	0.5996026474242546	11.1012778596281	0.09007971988852648	sanrentan_1-234-234
2023-07-16	202302020611	-2.99389319278568	1.52844978827396	1.832968531248334	0.35141331644316975	0.4915521287517298	0.17048440542094923	0.28860507828241555	0.09979671024905709	0.09635581591246872	0.39517414227954556	17.317207478367948	0.05774603100697183	tansho_minodds_top3
2023-07-16	202302020612	-1.2888094355011568	0.6256182229784932	1.9877339351678618	0.19818916320813318	0.49126500105189774	0.18153293933058512	0.2580881002237815	0.05860095807380744	0.07066332768502125	0.31892549270144455	19.25003199549883	0.051947965605139076	tansho_minodds_top3
2023-07-16	202303020601	-2.3822227818025334	1.1864743738618149	1.2796509421544324	0.44175069247706517	1.0	1.0	0.2687620446519463	0.04348253692880544	0.08321895250307115	0.3639619286107747	18.312079918255645	0.0546087612365148	tansho_p1
2023-07-16	202303020602	-5.210894646897036	1.0463010188795858	1.7960760285522341	0.395078618024767	0.39998276067387845	0.002552125051945464	0.22266249946466932	0.0015479038140830403	0.09995701950034332	0.42618567042986255	16.240761665272412	0.06157346684905166	sanrenpuku_box4
2023-07-16	202303020603	-2.3285487252966335	1.1625084268193009	2.0002734981788794	0.1836224556441736	0.4070138159478361	0.09689258273589346	0.2974729121317784	0.050425096011088605	0.059967642912488836	0.2893050328061081	19.7013499132517	0.050757943207098255	tansho_p1
2023-07-16	202303020604	0.060051358476988205	2.139542117700093	1.7120347328636174	0.48659432147760767	0.4041410073028732	0.0347894083273958	0.25112924049536495	0.0063636212534566305	0.10014787016547815	0.42792795899359104	16.236145815452215	0.06159097185788286	tansho_minodds_top5
2023-07-16	202303020605	-1.470318306579918	1.9846610272177825	1.4567286869961469	0.6768412206724447	0.5070104602861255	0.1493195090056365	0.2673234576211837	0.029410765534666733	0.14770825972210833	0.5016796129164234	13.74114256751281	0.07277415215560223	sanrentan_1-234-234
2023-07-16	202303020606	-2.397659552679021	1.2100189382165998	1.533064914288243	0.6132936324229802	0.503574055890374	0.10683513955227247	0.2675681991141894	0.06500921438367024	0.14171808308568637	0.4624053137589619	14.332560855620166	0.06977120209525392	sanrentan_box4
2023-07-16	202303020607	-4.708470303664527	0.9539796597024784	1.5079022171764511	0.4202754644186448	0.8931999232752659	0.8397722508159221	0.28090521249501527	0.0001410817283276078	0.10688121645588966	0.37908725371287977	17.222351001949683	0.058064081952968756	sanrentan_box4
2023-07-16	202303020608	-1.1978940110216445	2.3247680745173773	1.3660997357245426	0.7130264324294503	0.6078903471550484	0.3582238331309614	0.3362913702395745	0.028274367150498914	0.19420611483307199	0.5967206250163982	10.444494396455173	0.09574422294097804	sanrentan_box4
2023-07-16	202303020609	-3.7659161748189125	1.6417165750964315	1.813015101551235	0.3793030019110414	0.42354508857717105	0.02938702966461698	0.24313675680263114	0.021329867369823896	0.09137192198813679	0.37692977573006214	17.75451049919467	0.056323715601472604	umaren_nagashi4
2023-07-16	202303020610	0.1112270300474589	1.49452298804789	1.8658713233923774	0.31025990677481413	0.5127871492290111	0.21557670864048084	0.3014266431167427	0.1097589382267456	0.08102750527724496	0.34843130399922584	18.68390223485229	0.05352200987942633	tansho_p1
2023-07-16	202303020611	-0.2778555950132406	1.3149931279668567	1.932551693091567	0.1939930482740109	0.8149522533780662	0.7199352767052486	0.351284696497429	0.14347937467671856	0.0634970881515016	0.2957101527119639	19.708546870926284	0.050739407960877274	wide_box4
2023-07-16	202303020612	-2.9614001099216383	1.4270010104878852	1.8513412783428005	0.33830251635020325	0.4523443001862252	0.05788936568426961	0.2737854053485922	0.08025992444563945	0.09268565887827933	0.3867343254411823	17.603387656064637	0.05680724753314653	sanrentan_1-234-234
2023-07-16	202307030601	0.8755034283438818	0.8300842093974167	1.9376729589690258	0.2401759783135799	0.509913290407631	0.26438563003327975	0.26498453103389463	0.04063560744225589	0.07157354970497364	0.3230155566627853	19.213030657632682	0.05204800938589738	sanrenpuku_box5
2023-07-16	202307030602	0.5959326798742973	2.1268441426113602	1.2120299844967066	0.8740304844766429	0.5424939800449713	0.2876352548047402	0.41238445576960986	0.06922393463663301	0.24263435707838354	0.7939021409043053	6.677646167914687	0.14975336740734838	sanrenpuku_box4
2023-07-16	202307030603	-1.2261365834124858	1.6111081604226722	1.7035736160694372	0.4690347303614219	0.47869129015929	0.08843916601656493	0.22553266522937854	0.015040690815747215	0.11114105795977088	0.4086794117647794	16.69062645308591	0.05991386859030155	tansho_minodds_top3
2023-07-16	202307030604	0.3496664802150739	3.1008116972045	1.4445676255976765	0.6355713769329039	0.584375892413358	0.3014907929172442	0.2784803733420026	0.021423919906826183	0.1535200461980785	0.5019858094021148	13.639378281355649	0.07331712482576645	sanrentan_1-23-2345
2023-07-16	202307030605	-0.2737065151580395	1.1631358247321801	1.7913148000786885	0.4357128675317456	0.31979243800700624	0.001590505826955857	0.290448116174979	0.013560923801143598	0.06960526881888711	0.3301697122118329	19.04421910668551	0.052509372760206695	umatan_nagashi4
2023-07-16	202307030606	-2.7992717894361467	1.488491284275456	1.6745463264096059	0.4772578203614704	0.5646252209529602	0.3292890366334882	0.312434621003586	0.07678299258767535	0.08984957220429556	0.3646097422795755	18.16583784375298	0.05504838304740722	sanrenpuku_box4
2023-07-16	202307030607	-1.7483459434892636	2.3922032165130362	0.9477735826187401	0.6653344289027844	0.9305568785579565	0.8844319566394628	0.2775834711898239	0.01822826405508876	0.09970598732100552	0.4249616072469128	15.820393128269615	0.06320955439552828	sanrentan_1-23-2345
2023-07-16	202307030608	-1.2689314287625075	1.5426107460559098	1.7230009337283108	0.49270363998675953	0.3609602341314381	0.027390625369184574	0.2930051680838027	0.03770983948153339	0.09592368818806642	0.40534619593673443	16.556825611346635	0.06039805114059336	wide_box5
2023-07-16	202307030609	-3.8851362010657478	1.3566408787434314	1.8341358196303978	0.3519108158424811	0.5219515204647969	0.2731001043038539	0.26767853187160634	0.04227614291230794	0.07661456981322586	0.33413712119432826	19.00583378848709	0.052615423828748654	wide_box5
2023-07-16	202307030610	0.2441525523493629	0.774701223142752	1.9259460358823857	0.25235456795823286	0.4870975620935952	0.10969693250802082	0.2527393365988577	0.1134742873964133	0.07384984342468444	0.32106908455027805	19.27397139394332	0.051883443197090214	tansho_p1
2023-07-16	202307030611	0.7226058184239204	3.2911651337521275	1.407850760578867	0.7593617151736056	0.47096530145378274	0.11718424616900985	0.27787628155262956	0.03237591490943714	0.14106597357672188	0.5041524959417155	13.526695770486874	0.07392788430873436	tansho_minodds_top3
2023-07-16	202307030612	0.03398224387126349	1.1843378166261367	1.8538111842060276	0.30302280551843547	0.6176868879836813	0.47012603202162845	0.2720457528731697	0.0005819884354411609	0.07376663318186763	0.32749615715123903	18.99101477806778	0.05265648053493558	wide_box5
2023-07-22	202301010101	0.042327149547162386	1.9945645026824628	1.6259566908914669	0.5537640200560509	0.46416016837817914	0.14219660153482844	0.2896499981633386	0.06634086653169291	0.10292223154593938	0.41884156023803926	16.53484639445473	0.0604783362448029	sanrentan_1-23-2345
2023-07-22	202301010102	1.6759143253922277	1.4461348901839817	1.7749411739694145	0.4483019993437876	0.34377946017119193	0.03988390644479789	0.2654988689965947	0.003935132548597564	0.07890973073706418	0.36085924205583053	18.312175456991692	0.05460847633033105	wide_nagashi5
2023-07-22	202301010103	-1.7127425448130873	2.1128681908071023	1.2938047014370224	0.5476081418979646	0.8261373562044704	0.6885310914086538	0.3235345615966676	0.09661545235069982	0.11409874683354465	0.42663501919691943	16.317041406890194	0.06128562004982902	umatan_nagashi4
2023-07-22	202301010104	-1.9665103259877794	1.2116985548774748	1.9673478280719832	0.2218646662167143	0.3555100806534351	0.004726586494275431	0.25820002038487816	0.03373069887016364	0.07558080334291649	0.36402633928935063	18.348360430125656	0.05450078244365247	sanrentan_box4
2023-07-22	202301010105	-2.941617488210104	1.7778806727309928	1.25621352057644	0.593895513740975	0.80170804361375	0.6652193636429526	0.3238550580376406	0.07037406586971345	0.11021215626660935	0.4304381715152915	16.204457323776616	0.0617114155703759	umatan_nagashi4
2023-07-22	202301010106	-2.4005269023001334	1.3039459250730578	1.9108516911520759	0.23764558238146455	0.7170733094921778	0.48491485272609475	0.2656291748712606	0.013107905614935467	0.06384960254930235	0.28956710795924273	19.74145470934323	0.050654828366154814	wide_nagashi5
2023-07-22	202301010107	-0.025036726552172886	1.3158195965790138	1.8136195214537751	0.3575496461257061	0.5076617031641448	0.17776729085974757	0.2683141018677879	0.04574849665272812	0.10353923161510162	0.419100036297652	16.73192156303151	0.05976599855747942	umaren_nagashi4
2023-07-22	202301010108	0.06884841719239651	2.057441361043997	1.1265116126145098	0.8031857227758585	0.7052370786883734	0.5157903894646517	0.4005124252019745	0.07585381831233967	0.2636397841620727	0.697691239093803	7.497545389353757	0.13337698514235924	sanrentan_1-234-234
2023-07-22	202301010109	0.2943891970472981	1.377825850758005	1.8877207726321614	0.2960969719622192	0.4453232345873498	0.13174468376104032	0.26112822384839246	0.05396539826658636	0.08528725353261385	0.3867265729120782	17.77983354567488	0.05624349617397065	umatan_nagashi4
2023-07-22	202301010110	0.45725776630111065	0.9420416843955665	1.773234239166313	0.40798589228686283	0.5014457365061487	0.22618275723230202	0.2728784745835366	0.04531909308748888	0.10445171026817325	0.417796587965763	16.536686868475268	0.06047160522258852	sanrenpuku_box5
2023-07-22	202301010111	0.38948949178917336	1.124451208147859	1.9307577029011194	0.26182812829029456	0.4170331016469969	0.0030762068684374033	0.2264953245958183	0.002139584128056121	0.07037865442797674	0.31154294645736486	19.358575125527544	0.05165669443725388	umatan_nagashi4
2023-07-22	202301010112	-0.3320874957796357	2.482529560145023	1.0725365526113426	0.8553771479279747	0.6879196590585106	0.4856205709057313	0.29957214870630594	0.009334728979627616	0.18107693839147607	0.6299799347039263	9.732357560665607	0.1027500267809323	umatan_nagashi5
2023-07-22	202303020701	-2.151087218771541	1.2000073915354135	1.8460783818087148	0.3471309204607062	0.4188114345035131	0.004353735494076527	0.220387753558254	0.0029583552272444413	0.07265771297371681	0.33924300591369283	18.90267126434266	0.05290257583256844	tansho_p1
2023-07-22	202303020702	-0.7824998913853566	2.6846451450651587	1.1694302342016518	0.924274949351952	0.5358325707249207	0.21398297253456627	0.40320895297092363	0.16294662726438863	0.22904195236872346	0.6442347549002341	8.813296074977508	0.11346492747919536	tansho_p1
2023-07-22	202303020703	-1.2384393328180543	1.2608026688924807	1.717478480785441	0.33924616357190124	0.7435548040281924	0.609948467172481	0.28156345881391975	0.043218692993224395	0.08691194980527474	0.3525782840518221	18.332910686882826	0.054546712034957916	tansho_minodds_top3
2023-07-22	202303020704	-0.4179920189361525	2.2501151628581377	1.8722515554489458	0.31459807829067804	0.4629462770876469	0.11440687790524484	0.2922125361619225	0.07100491031149564	0.08381789122986782	0.35589500184153083	18.39285346694557	0.05436894290476105	umaren_box4
2023-07-22	202303020705	-5.139528501124948	1.4407780068594929	1.7699208218713007	0.452706034503072	0.3293719077733236	0.0	0.2925605869655573	0.03402631074185791	0.08315411481156629	0.38254864969103564	17.684850208153485	0.056545573653711614	sanrenpuku_box4
2023-07-22	202303020706	-1.3061026718040167	2.302124041198849	1.5419720212327368	0.5756457534812639	0.594305769880409	0.35858103240063866	0.31636522368754016	0.056133610916712096	0.13605140549353564	0.48160613345364844	14.46848293959164	0.0691157465627301	sanrentan_1-234-234
2023-07-22	202303020707	-4.472778788900635	1.1437435820585014	1.8830698807968744	0.29745274259461335	0.40956790291325024	0.15285059865040584	0.22073723879334523	0.00031851354156944844	0.06933758533173652	0.3324010733356394	19.096024103491082	0.052366921751904515	sanrentan_box5
2023-07-22	202303020708	-2.422378629861632	1.91672013596402	1.7736949668855773	0.37658610716962976	0.5496149329451633	0.30511376120434364	0.28110963097108876	0.07496927931914074	0.08507126796950537	0.3604416637403176	18.352210656623946	0.0544893483793499	sanrentan_1-234-234
2023-07-22	202303020709	-2.4976677247852863	1.6548412170586668	1.9652804981070464	0.19576914433318385	0.3600526698492466	0.0048527057151723785	0.29622101630185926	0.004554575894057278	0.05971123522926099	0.2836880942908911	19.77712415136951	0.05056346880093549	tansho_p1
2023-07-22	202303020710	-1.3502774984802994	1.1598076533641264	1.922265249270652	0.2936538505280139	0.3169069399202685	0.06100687174405883	0.2910724470559637	0.00595278312338382	0.060812773286420437	0.2968869916310484	19.68209351958015	0.0508076033174611	umatan_nagashi4
2023-07-22	202303020711	-2.9081025204870863	2.1109627472769232	1.8948276554479793	0.2818623328513421	0.5327606735264145	0.3329496440807021	0.2672653753101707	0.0020935527787434016	0.07638731461308813	0.33093394243187657	19.05232790690705	0.05248702441434831	sanrenpuku_box5
2023-07-22	202303020712	-0.6223136560831053	1.7852349954531532	1.7583656302856814	0.40767544972862685	0.5878395827784371	0.34570559127927236	0.31534618030657297	0.09955727082538596	0.07671150220084706	0.339620297233537	18.809466989604132	0.05316471756231547	umaren_nagashi4
2023-07-22	202307030701	2.0950271513003402	1.396033796833594	1.5925449735469188	0.4996743458695906	0.6821512337587612	0.5106308613968349	0.31670981893177624	0.08191566579248324	0.08918809663478901	0.368638651277716	18.037399562112032	0.055440364147641474	umaren_box4
2023-07-22	202307030702	-0.5169622452078155	2.7277391330526632	1.4491911086904536	0.6292645097695708	0.6082886567153346	0.34278758723710256	0.298420505530354	0.0124706605366538	0.16003393703394192	0.5147589068976769	13.187694933775742	0.07582826301500531	sanrentan_1-234-234
2023-07-22	202307030703	0.5323904430527712	1.5467328428972391	1.8880952575790437	0.2475201699390766	0.7130568884957549	0.6134660400644597	0.3068866385087044	0.045190627302815145	0.06675274797915315	0.320240132132814	19.322103086812575	0.05175420064301927	tansho_minodds_top3
2023-07-22	202307030704	0.5449738459468894	0.8136652172271888	2.0112535576653574	0.14248840541515514	0.3998485454410084	0.0002830291627423098	0.29487769463263863	0.00024547763574495063	0.05924709501677061	0.2905505200329549	19.767777531114643	0.05058737627059956	umaren_nagashi5
2023-07-22	202307030705	-1.868975277805553	1.6427670322414523	1.04548146687364	0.7264034803379357	0.8170410521347443	0.6883475583109409	0.33225888672271797	0.07607199916674617	0.1534927232188817	0.5172678771283765	13.303043871822961	0.0751707661521052	sanrentan_1-234-234
2023-07-22	202307030706	-0.17635460492699506	2.145523037645985	1.5463818693279856	0.6437731467792981	0.47185621983729964	0.18322017650182743	0.27889727419337446	0.021133983451624927	0.12254249625325658	0.46592649867182284	14.946802151003114	0.06690394305733736	umaren_nagashi4
2023-07-22	202307030707	-2.3817802458107002	1.4594096675621482	1.5125020065886412	0.4976511371370983	0.7100585663061426	0.5379602948280007	0.32509804299915246	0.08542747537957407	0.12738397638360777	0.4435857785164823	15.510206268525105	0.06447367511993068	umatan_nagashi4
2023-07-22	202307030708	-2.9988285714147422	1.2937460738299156	1.7503004372379591	0.4085231963763557	0.5410505570381602	0.3433632528508527	0.28124981225583595	0.03135277699047817	0.09110227350685593	0.37919458222995855	17.693314941213753	0.05651852144849689	sanrenpuku_box5
2023-07-22	202307030709	-0.9094626948047704	1.9527250176011839	1.5911740947521102	0.612629419003228	0.4628584230065269	0.1980523568400433	0.270111763048784	0.031076325758038897	0.09009665518257456	0.3878072904414268	17.51407536126776	0.05709693371603802	sanrentan_1-234-234
2023-07-22	202307030710	1.1751966906201146	2.49303463433851	1.1350809214662378	0.7358082623822113	0.7383965724653998	0.5133417006417857	0.28231265699473673	0.01751715764439521	0.1859390627183415	0.5052434820221193	12.611533146409876	0.07929250063341188	sanrentan_1-234-234
2023-07-22	202307030711	-1.2486634941783337	1.346791522881549	2.023097244948496	0.1600590334667506	0.4033120576308805	0.08930199334385247	0.2993940599057708	0.011564935910566121	0.058749068025012376	0.2837645343668414	19.75618210489233	0.05061706734077758	tansho_p1
2023-07-22	202307030712	0.8648325767992763	2.7145285728525717	0.9037283364042843	0.5797832984316247	1.0	1.0	0.33006793897223863	0.1708138238754046	0.09048493582989516	0.40862912182383354	16.90855856977838	0.05914164686913978	tansho_p1
2023-07-23	202301010201	1.6519074424210307	2.186418757057631	1.2104959859710676	0.8997367554387026	0.5360186944614718	0.2833677286986765	0.39666041399541424	0.07989003153979807	0.22417283178439656	0.7068480977579902	8.0015939167399	0.12497510001200253	tansho_p1
2023-07-23	202301010202	-1.3139385939718662	2.5692274758469487	1.1074346250989147	0.8463963545618458	0.6830648458511656	0.5396774238781723	0.33906517304092637	0.0011762708296217395	0.1855432465069221	0.5953239732292357	10.01126913543921	0.09988743549607193	sanrentan_1-234-234
2023-07-23	202301010203	0.18226639111265305	1.1903900313666054	1.6638835298522763	0.4977686744463958	0.49481993127469875	0.0669950811805698	0.1846993448121173	0.004663684888760067	0.09750261984150535	0.38146867829268716	17.638443330228853	0.05669434548604382	sanrentan_1-234-234
2023-07-23	202301010204	-2.1852407213990777	2.603610663119144	1.7095805386084049	0.3847831072306105	0.6818407748194476	0.48988791415005084	0.3508215682614048	0.14302962158051508	0.07123519552716813	0.3200225452299835	19.26781886138643	0.051900010436782995	sanrentan_1-234-234
2023-07-23	202301010205	-1.8882116759550724	1.1903404866237275	1.5718395841949815	0.567660413218339	0.5182469968745458	0.25879386001587906	0.26813652442891545	0.03941588803108076	0.08319015342833418	0.35432568452562185	18.518285114486705	0.05400068061473511	umatan_nagashi5
2023-07-23	202301010206	0.741233568895175	1.511217522605435	1.6147393455795762	0.39429547348823396	0.7570415464509052	0.6312620971967563	0.2850472057257414	0.03881377873938435	0.09461443790946121	0.3716433710144769	17.718790788335415	0.056437259852874226	umatan_nagashi4
2023-07-23	202301010207	1.163749198400756	1.5829225872160557	1.9090132839587792	0.2631319793360985	0.30971306417875244	0.003691097883724903	0.28126564924856673	0.027754140749997547	0.06334971121566309	0.31392480075529894	19.438579221497545	0.051444089025502356	tansho_p1
2023-07-23	202301010208	-0.6572162531169828	2.3146302500537352	1.7456498347704255	0.3348784519924685	0.7793719283574809	0.6483385134356241	0.26911151899479435	0.039743112798831776	0.07479277728994502	0.3169023203159217	19.144387030197763	0.05223463140515447	wide_box4
2023-07-23	202301010209	0.6038835983814498	1.0168401552826785	1.6983715761799267	0.37797177525312814	0.7353503193673131	0.5906688023934203	0.3154420668979251	0.08721954798197212	0.0862302388995117	0.35932419965012863	18.367847106903046	0.054442961887687845	tansho_p1
2023-07-23	202301010210	1.1643177630312291	1.676518596234988	1.5885636230590223	0.40096034599251484	0.8263552457138662	0.7008004178332223	0.3207097436571004	0.0881075390229552	0.09696267319439825	0.3682095995426636	17.94860901294795	0.05571462386186082	tansho_minodds_top3
2023-07-23	202301010211	0.3518532325761139	0.9248370401027007	2.01628040611749	0.14090555747610203	0.7123052260039999	0.6128340261888592	0.2599567820585189	0.006884393640773978	0.058285104546058966	0.28282643306004684	19.8493998903931	0.05037935683304911	umaren_nagashi4
2023-07-23	202301010212	-1.1439342341823262	1.5040875901207764	1.7634781245419162	0.4171410626898689	0.46074408665335165	0.010643024827334147	0.17635772524401758	0.0005422068825027826	0.0889589060409693	0.3542740524587691	18.17712431178936	0.055014202623426954	sanrenpuku_box4
2023-07-23	202303020801	2.367324198582402	1.5045746130299824	1.677956201527417	0.4919047058114627	0.48619674595983636	0.24703584530025616	0.25757316755820525	0.007486170310856022	0.09525943951304933	0.4001744891100198	17.097173394608866	0.058489200344386934	sanrenpuku_box5
2023-07-23	202303020802	-1.2406116987975793	2.170747359933312	1.1411791298638516	0.6128653399588645	0.8639395698135874	0.7887209546818998	0.32326099155665644	0.07040324331991832	0.12602324761570394	0.46682132267319504	14.960965422959061	0.06684060631979019	sanrentan_1-234-234
2023-07-23	202303020803	-0.1853978969576006	1.5797240951803717	1.4122438351859667	0.650609031181146	0.5958796783308874	0.38745543440573904	0.3009303925721046	0.017303435697197944	0.1348731332710066	0.49778577039618127	14.002944762964036	0.07141355028728455	sanrentan_1-23-2345
2023-07-23	202303020804	-2.674074770582993	1.8642566180958793	1.5409409453327563	0.6252274884081063	0.45074684845925506	0.04845285483493733	0.22705387127833077	0.013626652919256355	0.11835463230949719	0.46596835667740905	15.226089070693202	0.06567674702000628	sanrentan_1-234-234
2023-07-23	202303020805	-4.733023031003129	1.4883537067720494	1.5716377572446603	0.6394683742143368	0.40024806533662083	0.07525334884368406	0.2864408598093888	0.03616917575392864	0.1264545119200105	0.5175708086235382	13.502057389208842	0.0740627869645424	sanrentan_1-234-234
2023-07-23	202303020806	-2.4459320719731985	1.3096696209064955	1.024162489494381	0.6172488080663944	0.8858671908726659	0.8267547167321126	0.3125155713620876	0.06024232316209277	0.11095323302524392	0.493605412879058	14.50445848232043	0.06894431813631001	umatan_nagashi4
2023-07-23	202303020807	-1.4751112705996852	2.4428467244195264	1.7644514266806772	0.4655215558492253	0.3209825328442229	0.015876125458825996	0.2883925632617586	0.037668721129469285	0.06032328925565621	0.28980594006891863	19.69327445383146	0.05077875710026695	sanrenpuku_box4
2023-07-23	202303020808	-4.028480245468685	1.4450758691602128	1.5589353887841446	0.5441750652034258	0.6382382441352868	0.33374755811188234	0.286501009599834	0.1356058583349767	0.08649958975120625	0.3767963737856529	17.739516988004485	0.05637132063269834	sanrentan_1-234-234
2023-07-23	202303020809	-0.07624996216195605	1.7849702846133764	1.7771247240346102	0.39328130556557017	0.5021576738305782	0.23725721105713704	0.2443181310839725	0.003278340371272337	0.1159631857838383	0.5084205417351569	14.039629962455935	0.07122694847899476	umaren_nagashi4
2023-07-23	202303020810	-2.0128505981727622	1.0386659528115214	1.8647552378253287	0.3050186695812423	0.526177783157649	0.22673408524106775	0.3008867767450669	0.1347884743841516	0.08345810548574255	0.3480172503566706	18.614095886438143	0.053722727448104524	tansho_p1
2023-07-23	202303020811	0.7263425750986495	1.1437257859594363	2.047488708864315	0.12933780796391306	0.3627243063966548	0.10900377246275755	0.28981082356115095	0.07543713125305085	0.0585317994339391	0.28188217159775003	19.798153725696572	0.05050976034710107	tansho_p1
2023-07-23	202303020812	-0.851363984612022	1.7076677734118575	1.8801704404680464	0.30514360897328735	0.46000728143050434	0.11019899005292183	0.26058234292456806	0.033296064163432115	0.07923783135461107	0.34211074774013256	18.65863110437951	0.053594499746837394	umaren_nagashi4
2023-07-23	202307030801	-0.8422397981903805	2.5456488913661115	1.3240352264147883	0.83185306562635	0.5325695872514549	0.26715667377922675	0.289045813121274	0.017459494323218694	0.14030900295689466	0.5238455823246124	13.203654105639957	0.07573660988080934	tansho_p1
2023-07-23	202307030802	-0.12190317545787786	2.399484070364983	0.7363641476280118	0.9233930248974571	0.8204749228725602	0.6797454229936788	0.338129183676712	0.04798444700698695	0.25729083811194925	0.7172378007846725	7.053873703611842	0.14176607662935095	sanrentan_1-23-2345
2023-07-23	202307030803	-3.2083596425250285	1.6567918121062821	1.7337149632023596	0.42057696244369536	0.5668048718141742	0.27317458137294237	0.2684972471495265	0.05465521116069785	0.10122555605908204	0.40270885881159024	17.202639487263493	0.058130614243260804	umatan_nagashi4
2023-07-23	202307030804	0.15938645274870047	1.9192324383606891	1.7822642870424872	0.27542628320819096	0.8384058287480615	0.7562120452599579	0.29874670855307206	0.08730767668764772	0.06384151129356389	0.3078522941708637	19.4016651509142	0.051541967775527775	sanrenpuku_box5
2023-07-23	202307030805	-2.5261166146757423	1.549595476959111	1.8229951712398011	0.37325476432919463	0.3217773918640135	0.00036612842521960287	0.2879584156479574	0.011862680544848514	0.06940463055726184	0.3238652133657742	19.043675596496534	0.05251087138787273	sanrentan_1-23-2345
2023-07-23	202307030806	-1.6783421021259608	2.3094830603407845	0.7166548190526021	0.8431845907221562	0.8747863458964962	0.8240891203338195	0.32358552847110644	7.770083162095265e-05	0.17918864489220732	0.6101217332886184	10.160716591726075	0.09841825534375255	sanrentan_1-234-234
2023-07-23	202307030807	-1.872186436332399	1.9063651050802297	1.6625488493281912	0.4708632627228785	0.5297115509423664	0.20879458235081066	0.25864213695419014	0.08795014245199437	0.09697594830909052	0.4034864935352591	17.122505060316616	0.05840266926348386	tansho_minodds_top3
2023-07-23	202307030808	-0.7147547363694421	1.4742345699466075	1.6633500565002846	0.36354868550174946	0.7867555270620596	0.6563796910667649	0.2807531937307857	0.042483273319123216	0.0894430079588212	0.36000864043598796	18.17788350937885	0.055011904960445564	umaren_nagashi4
2023-07-23	202307030809	-1.7738111244545476	1.621955356813211	0.7412653732947446	0.8072424978572865	0.9122479514047007	0.8673278388890334	0.3496899749606155	0.0060215819685969785	0.22923934931673184	0.6136391624009233	8.236555439239005	0.12140997621845576	sanrentan_1-234-234
2023-07-23	202307030810	2.0529629597025005	1.932252295329636	1.5708943713057335	0.548171224577358	0.5753035453881635	0.24039422162567686	0.28140693567251424	0.11879926837136218	0.09210137728535281	0.39671222742880685	17.048651609984244	0.05865566514447204	sanrentan_1-234-234
2023-07-23	202307030811	-2.055850411471328	0.9686498696632634	1.828654295099243	0.27029138779584405	0.8062475371690483	0.6656951907689161	0.31713314859066166	0.09557866546486515	0.0815400712330599	0.33392915060717443	18.927944228504003	0.05283193927072535	wide_nagashi4
2023-07-23	202307030812	-0.6454057064651553	2.52141621342164	1.45194680110048	0.6190424217972228	0.6141384233631323	0.33616776843257357	0.2774055719562013	0.03368561799628916	0.1475107535545068	0.4760807004407388	14.349424497674377	0.06968920601394647	sanrentan_box4
2023-07-29	202301010301	-3.055601756801836	1.3506716781966654	1.5029597585567886	0.6519181963803705	0.4513803340936232	0.03735531956483584	0.21486845989002215	0.016919027653373414	0.11096593785918887	0.4636608486791994	15.220574565704473	0.06570054209735517	sanrentan_1-234-234
2023-07-29	202301010302	-2.1447002852043417	2.3552776799315436	1.4280676469262574	0.5597469008750414	0.774624718630305	0.6552772571987113	0.28751124637584297	0.037153943529846745	0.10248120961819351	0.396186118262343	17.028717662724915	0.05872432791512859	sanrentan_box4
2023-07-29	202301010303	-0.7350051091697154	1.6233792199148829	1.6508776582000035	0.5388122962365092	0.47357879883409737	0.12688152860153656	0.24193027802160702	0.01446419901884255	0.10527009557919503	0.4320925969931071	16.098302922357156	0.06211834904729059	sanrentan_1-23-2345
2023-07-29	202301010304	-1.68230915660208	1.6429963003962422	1.8468327215143123	0.3406623056573277	0.4263449068515918	0.11361868294481609	0.3011066269474136	0.04015451969684647	0.06577800378504782	0.3108699402311972	19.351426680847933	0.051675776494024495	tansho_p1
2023-07-29	202301010305	-1.9839838513222614	1.3350391070678793	1.8847115505761	0.3091493594555889	0.4454735972572004	0.1625772373759371	0.23508349272504456	0.0019065885831782425	0.08622350755683467	0.37660038555341585	17.755768702916384	0.056319724407975086	umaren_nagashi4
2023-07-29	202301010306	0.528532148834221	1.391847549855969	1.8585823543860884	0.3547477872424507	0.3346694272689062	0.07177558429144343	0.2809118114249007	0.010201093407157136	0.07206408286251803	0.3396219703714377	18.890202009615866	0.05293749635345139	umaren_nagashi4
2023-07-29	202301010307	-1.1905043059869564	1.530704459219898	1.3826202373051353	0.4117754203016877	1.0	1.0	0.2675063775670442	0.014368057939379453	0.07857743887537642	0.3453511750772088	18.677433853241876	0.05354054565833347	sanrentan_1-23-2345
2023-07-29	202301010308	1.957885277079017	2.7223223021103675	1.4168589398112552	0.6367546426150336	0.6356815693425957	0.3914254697628049	0.3056975825707195	0.03676569858125328	0.14729081302700223	0.506188028347831	13.68450011729501	0.07307537662527845	sanrentan_1-234-234
2023-07-29	202301010309	-1.7880222758681066	2.3576602862018654	1.8623035062602602	0.33064855357565753	0.4473454915336628	0.13046181474305352	0.2332380404007808	0.02449992605647594	0.09017054108829502	0.3879815606633089	17.46503233496018	0.05725726587967865	umatan_box4
2023-07-29	202301010310	0.03202322690469915	0.9694492580547992	1.711992748348708	0.43448025962009257	0.5879796746396868	0.30435997722179114	0.2770891491822238	0.04169793374725375	0.11454369517311629	0.43754247662813883	16.013847844013107	0.062445953635925	sanrentan_1-23-2345
2023-07-29	202301010311	-0.7746558071443818	2.040430797354949	1.8585922334234546	0.3293093737773747	0.4581251711710459	0.1876908244837311	0.2665100130210919	0.03687164773329338	0.08304039492533015	0.36941295498549387	18.185418435607428	0.054989111388384616	tansho_minodds_top3
2023-07-29	202301010312	1.8382355222558586	1.5769510315884057	1.8004832212412056	0.39119493630799834	0.42557163508078916	0.05867301486033283	0.27592159073934097	0.05263602250895888	0.09278273270003513	0.3772954703416171	17.593613696377602	0.056838806242852355	umatan_nagashi4
2023-07-29	202304020101	-0.7262057922159447	1.5604065254649893	1.3417600653344537	0.6814592061581003	0.6356377319719616	0.38887911515756307	0.27479541398949736	0.0277861577980017	0.14025134537634187	0.5004335041720488	13.707043779139719	0.07295519122233095	sanrenpuku_box4
2023-07-29	202304020102	-0.1658922227598604	2.2943747625826783	1.857173298492721	0.2887443183747829	0.6031487622789508	0.4208144690197281	0.2711667995061697	0.006077766659004946	0.07224962929163199	0.3133864143632703	19.278774613044188	0.0518705166729524	umatan_box4
2023-07-29	202304020103	-1.8926958887541998	2.402992125463385	1.2900230035713658	0.8138454057239473	0.4917808183189497	0.10655332387850097	0.30377293048828424	0.07525421074022082	0.1635143633381466	0.5979535346878263	11.121222507412005	0.08991817215540163	sanrenpuku_box4
2023-07-29	202304020104	3.0350990882815525	0.4466212684803707	2.0442929112415182	0.13309725777127462	0.44541489196967476	0.09244852667845155	0.254900702028906	0.008181640691913572	0.05966805667637693	0.286064473972102	19.756204914848233	0.050617008899742015	umaren_nagashi4
2023-07-29	202304020105	0.7448815496210246	1.5790853324622958	1.4972684716558355	0.6679070134022894	0.4763703742156424	0.1573853986269883	0.28707850048734534	0.06096528795047007	0.10517433570856871	0.41002108995512765	16.58075685294875	0.060310877776496574	sanrentan_1-234-234
2023-07-29	202304020106	-1.0531951042087788	2.515848115224649	1.2758366475137537	0.8053843753091585	0.5957064648690462	0.3963697339231769	0.35910473495046485	0.021012642376728285	0.19409353640952356	0.6311753644684971	9.548988877632105	0.10472312962291075	umaren_nagashi4
2023-07-29	202304020107	-1.7675280097308974	1.771416827155294	1.7007075633794608	0.4512590324186906	0.5506965632954919	0.13325866761253508	0.21056872871674626	0.06974216426326449	0.07587248362319676	0.3511393343703446	18.432241296623875	0.05425276198956684	tansho_p1
2023-07-29	202304020108	-0.17774106670635903	2.2660633158262717	1.617887384141595	0.5753735893053565	0.44588369313231035	0.1251954029458806	0.2693816069291133	0.028319138450805192	0.11738969844326888	0.4508192128946816	15.18231145077832	0.06586612343199791	umaren_nagashi4
2023-07-29	202304020109	1.0387070119663064	1.9372556132728374	1.9617804538017685	0.22242703694678648	0.42323429699423143	0.07554066164153395	0.30025927474427677	0.0710639361505494	0.06991709300017279	0.3118597806036736	19.344471908798642	0.05169435509610164	sanrentan_1-234-234
2023-07-29	202304020110	0.49448652619957023	2.64109273091847	1.4841245933319986	0.3916502952445754	0.924820435050122	0.849640870100244	0.29127699412681196	0.09480192022821948	0.08017261871375718	0.3618861329450315	18.31894245334634	0.05458830402173838	tansho_minodds_top5
2023-07-29	202304020111	0.7267163569341424	1.4390919501172381	1.9891033449376538	0.17882996208674748	0.4917369301631596	0.202061524541507	0.39234355653101355	0.2671389072310514	0.060741232331921705	0.2897102101725365	19.69742643590454	0.05076805354516753	umatan_nagashi4
2023-07-29	202304020112	1.6464080519781954	1.1536182090709948	1.8393019753335458	0.2988756477544455	0.5939301979329248	0.35170146931666635	0.3754781258020773	0.22965244503581878	0.08192974233111809	0.3471054598530408	18.715186695643403	0.05343254204526766	wide_nagashi4
2023-07-30	202301010401	-0.7327742589976399	1.7067931936180507	1.6940646774862516	0.48729463305708515	0.4330228554399709	0.02802468162586147	0.20615471776961486	0.009545172860609297	0.10572597505098229	0.41433401633117567	16.68083989849168	0.059949019718750635	tansho_p1
2023-07-30	202301010402	1.2515625380017203	2.1582205565607238	1.7434751460942723	0.49130812622571285	0.34040024386150886	0.024180486509358112	0.27099010378097155	0.012327585754049297	0.07715477429502228	0.3463805905730216	18.466346827318727	0.05415256246138629	tansho_p1
2023-07-30	202301010403	2.2233722998311123	1.9308779645181173	1.6111949644084786	0.4142704395455925	0.7435841341676541	0.6502089853992339	0.31386657929405304	0.0791843356407822	0.08325993350553393	0.3841161645474749	17.879173146354603	0.0559309981403637	sanrentan_box5
2023-07-30	202301010404	-1.7662493724774346	1.7045453690292047	2.009555618036035	0.17717763499695977	0.4570012604035183	0.006259039504985464	0.19007893658381797	0.0036451483815246044	0.06063497621925856	0.28286103768208715	19.818198513771865	0.05045867308802513	tansho_p1
2023-07-30	202301010405	-0.6177676985071028	1.0204775377874507	1.7486452463092548	0.42895897417101864	0.4606458020997928	0.09920020085495096	0.2969004383911919	0.11040090891161836	0.07841503775801416	0.3630651010386422	18.316992312666493	0.05459411583136845	sanrentan_1-234-234
2023-07-30	202301010406	-0.0949744582802252	1.9185001721344483	1.5949505291816408	0.5311453890295303	0.5556289170070668	0.25730598757653184	0.28051187325866667	0.019103016174194132	0.13411914958406382	0.47909154808777005	14.634798826258802	0.06833028672766779	tansho_minodds_top3
2023-07-30	202301010407	-0.09046501970362297	1.5551858692084075	1.5168380631559446	0.5571268621356672	0.6022065961694679	0.30201117668719507	0.27579562858030493	0.09841050478439006	0.10646774625312774	0.4200785733008739	16.217954368730418	0.06166005756731467	tansho_p1
2023-07-30	202301010408	-0.4355599065211845	0.7191967815335577	2.025303427453123	0.1473377328380763	0.35306340900614835	0.0018436172733551914	0.27847038502138843	0.06536007445124556	0.06232344426137011	0.3046610981381958	19.57151935491748	0.051094653504698044	tansho_p1
2023-07-30	202301010409	-1.6483299936721254	2.082985877293353	1.6107224355926912	0.4898100743517937	0.6283156536170982	0.37885043699976784	0.3018233110601875	0.07129659809926409	0.12175601878591105	0.4241694290613093	16.105258466345827	0.06209152135556463	sanrentan_1-234-234
2023-07-30	202301010410	2.2454418546247306	1.8291899588050538	1.585764910693816	0.44851751683474705	0.7190166960976717	0.5509058737452839	0.34859308588169363	0.10314391198207534	0.10127501083463746	0.3881684632517269	17.35724246238893	0.05761283810875377	umatan_nagashi4
2023-07-30	202301010411	-1.834711403660862	1.0476849722700743	1.995343656103812	0.1899343340546124	0.4049713205950767	0.13592010722751297	0.25984786902778834	0.012101451314527556	0.0707321289091918	0.3353512080976359	19.0101200193843	0.05260356057617294	wide_box4
2023-07-30	202301010412	-0.8046180190894936	1.1568960978645684	1.98871091537086	0.18744051226984404	0.40236510388926816	0.09537497755979596	0.2565405537829983	0.024098197309973812	0.0646252509088675	0.3116855819551319	19.462893104855937	0.051379822856371896	sanrenpuku_box4
2023-07-30	202304020201	-1.271888806354251	1.5872641222924087	1.813754308229657	0.3557878568081603	0.49417208530122936	0.1824859042955257	0.29233772336439096	0.09894082102707485	0.08057328584732713	0.34811490467727524	18.598944910044377	0.05376649077872955	sanrenpuku_box5
2023-07-30	202304020202	-0.5150021375258166	1.4019439995130618	1.5932420541132584	0.5480062508966509	0.5900409712905774	0.3872181624097504	0.2925091604010346	0.0001562762469548007	0.1169481538051477	0.4426632426671877	15.853648483532167	0.06307696307501336	tansho_minodds_top3
2023-07-30	202304020203	-3.9668893070060567	1.369964685916082	1.8252396910820115	0.3585538503763768	0.42585770754903135	0.06863150733350848	0.2634817446733388	0.03704570333187057	0.10311574946777415	0.4647223333812811	15.309084853494475	0.0653206909210996	sanrenpuku_box4
2023-07-30	202304020204	-0.30743797311306126	2.858206766994706	1.8087956529554774	0.37401429950432136	0.39640990810956905	0.154069955376049	0.2578135802725426	0.031485848583853504	0.0648753527354901	0.3063902634435036	19.455353864089478	0.05139973330661393	sanrentan_1-23-2345
2023-07-30	202304020205	-0.41246506197116317	2.5157540266263942	1.3786027657168567	0.7568131029633992	0.513731972287618	0.17099000699212474	0.3284093682011846	0.08355290137996318	0.1739088782905748	0.5439426612187115	11.694265842134254	0.08551199481005604	sanrenpuku_box4
2023-07-30	202304020206	-0.19445123266423595	1.6133573431157957	1.617581900842005	0.527961682295758	0.5266208774373828	0.20610728200644512	0.2676341043093974	0.008435595575068788	0.14887804415315817	0.5490167985644341	12.595021654414262	0.0793964494415556	tansho_minodds_top5
2023-07-30	202304020207	1.1228964484583828	2.1406587530919765	1.266946059157699	0.6124867534247729	0.7619376788275172	0.6048533052323434	0.33950184576562	0.1223182116245759	0.11386099346555066	0.4486582758859563	15.671023019747714	0.06381204333245238	wide_nagashi5
2023-07-30	202304020208	1.136155569377977	3.009394015146722	1.3740627943783075	0.619236677631614	0.7490687611604525	0.6603856110634079	0.29011592547633747	0.006628095857103833	0.09362025200791539	0.44278287784366094	15.930594523142169	0.06277229632248268	umaren_box4
2023-07-30	202304020209	1.1766797735583021	0.9516561809829219	1.8649845321771852	0.32643811524528926	0.4658243185315199	0.10189794919930756	0.27172644138009344	0.09174378748457152	0.07339390747335059	0.33831199973927123	18.936635647901447	0.05280769079542488	wide_nagashi4
2023-07-30	202304020210	0.9340406012509894	0.9227997868487899	2.0458276845077084	0.1289012952623311	0.45638804377399833	0.20165189975711556	0.25906480171019575	0.05221737675786181	0.05942481821614455	0.2833593419958143	19.81431220582164	0.05046856987073163	tansho_minodds_top3
2023-07-30	202304020211	0.6181294592527337	1.2068610646745008	1.978550243368264	0.2127862043402846	0.41383259560479757	0.21597363910004685	0.27255209298047534	0.04985408599593083	0.059500732901043206	0.29379580347477524	19.4903870839624	0.05130734426628431	umatan_box4
2023-07-30	202304020212	-0.07633163017929792	1.427190403683911	1.3216592536751406	0.489198315360166	0.8909533972385747	0.8192085690646427	0.2877658743088132	0.021814559094457342	0.10175813132439089	0.3976820059143557	17.21132818929172	0.05810126847863866	tansho_p1
2023-08-05	202301010501	-1.5180250998983371	2.232938726947326	0.725168600037638	0.9042643348361736	0.8267226435712757	0.6831259300184739	0.37204248317869243	0.14116951313869816	0.29933491512533494	0.6834215505358553	7.3344787049214055	0.13634234145761498	wide_nagashi5
2023-08-05	202301010502	2.4306203371710486	1.7433290173777694	1.7389064477471505	0.45173241258212127	0.4611913699408631	0.10774871252002677	0.22720340816606868	0.009940506220505435	0.09939614834905512	0.4082415547687449	16.901162128844216	0.05916752897680089	umaren_nagashi5
2023-08-05	202301010503	-1.207410817169183	0.8485118671207196	2.0386148359455554	0.13109399078927098	0.47365179490656667	0.17927933824048053	0.3499533866512762	0.1680140807188232	0.057888669422543566	0.27885497378522595	19.862373350062153	0.05034645066707855	umaren_nagashi4
2023-08-05	202301010504	1.171332991487543	3.099623042238267	1.23494907848192	0.7800162896252746	0.6147363245475644	0.28162800084507067	0.28655231211503035	0.10213942628074135	0.1724913913699827	0.49951944971567236	13.04642793196404	0.07664933307529931	umaren_nagashi4
2023-08-05	202301010505	-2.253749054572102	1.1348120017013716	1.8297462195813068	0.35811901262437196	0.4088566450933673	0.005486153919794512	0.2701294516630392	0.004433038757037322	0.08817699432354166	0.3772640723816742	17.758678896464588	0.05631049504471196	umaren_nagashi5
2023-08-05	202301010506	-2.273161642333989	1.4154919186237747	1.7171340627009348	0.3075443407217782	0.828032398764694	0.7357846386991646	0.39234033332202456	0.22068226365759053	0.07859356832522592	0.3384231186417667	18.928931352210643	0.05282918414109065	wide_nagashi4
2023-08-05	202301010507	1.560209765551096	2.698976469879751	1.5347607289500202	0.5291139136759029	0.743829354082627	0.6048696544605724	0.3161246116198082	0.07251470543446809	0.09652017949898077	0.3791274781007984	17.623057653440167	0.05674384205426416	sanrentan_1-23-2345
2023-08-05	202301010508	-1.5426384174224728	1.0792277530999363	2.009619894510781	0.1595778067908838	0.5671141357983821	0.2758600837971968	0.30756352271564164	0.14870599466631576	0.06060698040597943	0.2854571638680926	19.797781126774375	0.05051071095273436	tansho_minodds_top3
2023-08-05	202301010509	-2.9889022399311167	1.8914297023190725	1.7903062338962057	0.37527338671454774	0.5338860469863118	0.24269527765299437	0.30320798398283144	0.10572486243262813	0.0885908719683646	0.36650978838972736	18.19407581332879	0.05496294564560462	sanrentan_1-234-234
2023-08-05	202301010510	2.454766975346633	1.9542419471414854	1.7443027260268507	0.4529763871884357	0.4219140695258251	0.06916162757905203	0.23440985177425352	0.009435429796142841	0.10084204453458646	0.41441733973146133	16.35468167844321	0.061144571301444565	wide_nagashi4
2023-08-05	202301010511	-3.4738137302402787	1.8635034206020284	1.9369987317946262	0.25628095159803893	0.419307725531559	0.013084395416957606	0.23668919062853971	0.009344431719901264	0.06667672564685136	0.3133657675338472	19.410317341714524	0.05151899283227635	tansho_p1
2023-08-05	202301010512	-0.5440547180557336	1.2100818336133055	1.739839204135752	0.44187131062229396	0.5328709566214277	0.24178553492884047	0.3067571288348993	0.07533533294971817	0.08978370684317305	0.365989280612567	18.111910526439686	0.05521228688382733	tansho_p1
2023-08-05	202304020301	-0.22350438191450508	1.646084120070728	1.731761985668728	0.4503409417506713	0.44301445344187507	0.023786563810939243	0.23984386688924017	0.011067919401490128	0.11656623217198073	0.4662660293711559	15.129235837904684	0.06609719160399409	sanrentan_1-23-2345
2023-08-05	202304020302	0.17520386950470135	3.2262893547705276	1.5260694468236737	0.6577735387321926	0.43779368208340347	0.17138199646042007	0.298313450117943	0.0013971027578320028	0.1415301547310929	0.6039302183304628	11.107162812746365	0.09003199258521892	umaren_nagashi5
2023-08-05	202304020303	0.6453613582691273	1.2791836391834948	1.9044020316563464	0.28164458459871927	0.3998981684106793	0.08997479055445484	0.253883731599303	0.029752568076743036	0.07687475764669238	0.3681938501389268	18.271195155099125	0.054730957198545385	wide_box5
2023-08-05	202304020304	-0.5210036875575967	2.882268595371052	1.1321902589916781	0.8220708913739585	0.7168182232242708	0.550613416605957	0.3610028775270132	0.029867835607798432	0.22206440800284274	0.6356248461227796	9.010751337244335	0.1109785369247377	sanrentan_1-234-234
2023-08-05	202304020305	0.858379278354984	1.2081372491253093	1.9299160514158333	0.25478471709598716	0.4272653501949625	0.0006592897045719082	0.2202870291346582	0.00045625566713361487	0.0889205668281976	0.40933508340535396	17.09690420280575	0.058490121260426284	sanrentan_1-234-234
2023-08-05	202304020306	0.5241029974945347	1.2610920382308801	2.0381577299056124	0.13018488364587363	0.5162877125410941	0.32106482195920044	0.2560692026460122	0.0005773682791354595	0.0565736991411364	0.2703098603273413	19.928904779322785	0.05017837212196171	umaren_nagashi4
2023-08-05	202304020307	-0.38719254675353726	1.8898465573712686	1.7411036505758946	0.47539021583519603	0.3240914771336265	0.006565217188775174	0.26112787947497096	0.0029091494086355696	0.08784317625312754	0.4257867330770593	16.495913627941547	0.06062107395531906	sanrentan_1-234-234
2023-08-05	202304020308	-0.4193620989163096	3.002743724373324	1.8238179031567943	0.3249288478912404	0.5372710225661708	0.2461470873631718	0.3069292740326739	0.14055010888187108	0.0688364128927537	0.3167618423183524	19.284405505705415	0.05185537089562567	tansho_minodds_top3
2023-08-05	202304020309	0.891360492434173	0.7144940097908652	1.8730877321357922	0.31761275396673794	0.4512308849298981	0.0207704355487191	0.20796423106725948	0.01306123467441489	0.08926192282072218	0.37456508122102156	17.93882195553637	0.05574502063059804	umatan_nagashi4
2023-08-05	202304020310	0.12295495060636696	1.3792025927960267	0.9716633692657771	0.6899769208281391	0.8733488676180434	0.7984476158567265	0.3569129780866718	0.09922616422761826	0.1535334929907355	0.5246284258627268	13.067908558965913	0.07652333925415314	umaren_nagashi4
2023-08-05	202304020311	-1.1502122654001181	2.2207836437215	1.9559230157039353	0.20265224085081004	0.582227592687811	0.2985415741133409	0.34942231907259014	0.20448245710838495	0.06904639356564907	0.30372210383238585	19.536503282591553	0.05118623253789089	wide_nagashi4
2023-08-05	202304020312	0.81460419784895	2.119700711161787	1.1415879161962854	0.8082176565706768	0.6719459580247813	0.4322522328583733	0.32634709234104503	0.0625540545933635	0.20916967319772234	0.5841454470201672	10.66932430402068	0.09372664767750617	wide_box5
2023-08-06	202301010601	-6.062053073019808	0.9967922263338804	1.7505486815284481	0.2817329521080095	0.957918749680213	0.915837499360426	0.26563177096317053	0.01562003299339959	0.06722468747930418	0.3037419236612273	19.562665038141294	0.05111777960979763	sanrenpuku_box4
2023-08-06	202301010602	0.30578561349789357	3.289463760148739	1.5606918988392287	0.6084656963110511	0.5065957714282224	0.22599658619145357	0.2834423496343056	0.01212995270936279	0.14395106651387027	0.5682561656698494	12.157523949135657	0.0822535907956073	sanrenpuku_box4
2023-08-06	202301010603	-6.1979410351571715	0.8340096084348777	1.9720115516415426	0.21083661686691102	0.4486416695788854	0.09754162218673063	0.25785578677184007	0.015068356628812146	0.06723024476314386	0.31049321937368213	19.408092681723545	0.05152489821638643	sanrenpuku_box4
2023-08-06	202301010604	-0.8735587450223591	2.1639972631810624	1.7185449186469892	0.4780968288180385	0.4453111250403094	0.11272367294256486	0.25396219186425717	0.02416132079840483	0.10425381459315224	0.42244409513000286	16.198195063872483	0.06173527334723498	wide_box4
2023-08-06	202301010605	-4.495861216212612	1.280803086582384	1.3593193019305103	0.7430264820365554	0.561746128602256	0.3275950655732983	0.33132461064232654	0.041310999361523104	0.17313481428773225	0.5750101101986921	11.431376509162032	0.08747852887169966	tansho_p1
2023-08-06	202301010606	-6.342753060179183	1.0690070757867185	1.8780466760710741	0.2928072856385531	0.48703122923660863	0.24267185539563021	0.24288467362520197	0.004261259131018352	0.08538500535476452	0.3646259998351811	18.234699395649063	0.054840498233747	sanrentan_1-23-2345
2023-08-06	202301010607	0.825135234241276	1.5424023167399779	2.013342929291224	0.1674814152306447	0.46400595137655165	0.11844701429130333	0.29821322961745855	0.10921052217440055	0.06470263610759598	0.2961249465903784	19.661548176152	0.0508606947449299	wide_nagashi4
2023-08-06	202301010608	-0.2808593912962164	2.4921179123759285	1.5440766258509753	0.578063774208374	0.5393115790499393	0.2319896324442478	0.24592278253319727	0.002376208001354324	0.1263986985406401	0.4695138757384776	15.087064384696912	0.06628194687193875	umaren_nagashi4
2023-08-06	202301010609	-3.614428773483762	1.316605986779325	1.8876540420372019	0.30228450228377357	0.47038878622812297	0.1091035874629957	0.2777726575339606	0.0658997455481872	0.07212956647455881	0.3264217412167011	19.130165434650642	0.0522734632596899	tansho_minodds_top3
2023-08-06	202301010610	-3.765447071793632	1.1574757292678683	1.9279274074628137	0.27225973663383823	0.38675782026439176	0.14893299488739623	0.26892490879814185	0.023880385246695418	0.06758863002962194	0.31260331726155216	19.16458052021544	0.05217959239677417	umatan_nagashi4
2023-08-06	202301010611	1.8900167898457048	1.986065633140049	1.9246561718312687	0.27665916711850347	0.3714168133098172	0.02733567623118477	0.2467500913014618	0.0025796167911804613	0.06765575864841666	0.32360096706609054	18.98001838606168	0.052686987950146986	umatan_nagashi4
2023-08-06	202301010612	-2.2731733428132306	1.2197711524109642	1.8898043424023723	0.288358507150286	0.3789231320036541	0.1292337641693167	0.2735526633748307	0.05480983403829201	0.060365255806207614	0.29019749265258754	19.714558819992874	0.05072393499294962	tansho_p1
2023-08-06	202304020401	-0.9764935775549923	1.346516455773838	1.104528521366431	0.6700773730016444	0.878080144151362	0.8134027765202277	0.331615542280765	0.008262380284233095	0.18791186514417138	0.5297560949437244	11.14232095341246	0.08974790837394958	umatan_nagashi5
2023-08-06	202304020402	0.5425008481604466	1.0375556089991749	1.8001547089608863	0.4241233780880858	0.3304642915636274	0.02169099275842301	0.2615009873738244	0.0003898630876660869	0.07903925721367333	0.37585999930755964	18.02406180423998	0.05548138986988826	sanrentan_1-23-2345
2023-08-06	202304020403	0.5894432254493134	2.338482540309853	1.819003941325742	0.3268556271818898	0.519074432930673	0.28317215159050724	0.2790643012714411	0.05709637704814008	0.07839079668429635	0.3480954503872073	18.728089870953056	0.05339572838931015	wide_nagashi5
2023-08-06	202304020404	-2.8827613777337304	1.7084468696094146	1.8105393670583936	0.3685647012515541	0.4522119330700786	0.26066689138603816	0.23749796107126822	0.0019535115303725703	0.0680334245957967	0.32880470472409146	18.91158451481634	0.052877642231223244	tansho_minodds_top3
2023-08-06	202304020405	0.46918422452240943	1.6933604719185218	1.8543955332187732	0.3109561123287188	0.37646519261865274	0.12748575669131318	0.27758137874573896	0.030460898360741284	0.06279896846423295	0.2987379546533697	19.503553491728532	0.051272707838810015	sanrentan_box4
2023-08-06	202304020406	-1.562903599220821	1.9508941954968662	1.2792281091960866	0.7338132525209775	0.641672260171702	0.3799540253474377	0.3059800297290918	0.05313045812526196	0.18324293345612902	0.5520912418504187	11.849061672124057	0.08439486835928844	sanrentan_1-23-2345
2023-08-06	202304020407	-2.132815460447312	1.9518143391581877	2.019838328826897	0.16235551167684226	0.35835226867602943	0.0010931190937929491	0.29489369297371537	0.0010195703458482641	0.05790791647827035	0.2789041549554202	19.798680945526733	0.050508415320765984	sanrentan_1-234-234
2023-08-06	202304020408	-0.3963061658730765	1.931337309476748	1.24924402808858	0.8679332900076402	0.4424984985350355	0.043234608211606795	0.44108805974014986	0.23143682807849045	0.22627830356350465	0.7139642059687197	7.559842162760031	0.13227789396530323	tansho_p1
2023-08-06	202304020409	2.1271835799677214	2.140831491273426	1.8476306285422557	0.28398984481658224	0.6364052946107703	0.4018517081828356	0.3540599111928098	0.18549218358275496	0.07327976160326488	0.33477326877733893	18.968701308389434	0.052718421980619316	sanrentan_box4
2023-08-06	202304020410	1.4991453400551076	0.8661541700433556	1.5946523891121689	0.49617140596951004	0.6580647991561376	0.3808530551081902	0.3208719199466671	0.16342559675052082	0.0931786671691522	0.36127933272106316	18.057158336397837	0.0553796993619034	umatan_nagashi4
2023-08-06	202304020411	0.27128884642436796	2.454792968392224	1.6946901835934347	0.4237866845171703	0.6183780404728442	0.3683377697038281	0.3041229569274228	0.10759628356855899	0.11375439457587869	0.4124709348396118	16.654229334139902	0.06004480783449259	sanrenpuku_box5
2023-08-06	202304020412	1.0754943118696167	1.9111249939980768	1.9961039867868213	0.1863906979861284	0.4040325172473007	0.09574221160528523	0.25582068123811574	0.007010317723991355	0.05813472077772583	0.28465045676943723	19.751856144068967	0.05062815325841046	sanrentan_1-234-234
2023-08-12	202301020101	-2.9675152464119416	1.8571563578633312	1.7121776283261516	0.44697148818481447	0.5132177745511673	0.30429927481748115	0.2690952634670286	0.00038118342651494164	0.08286113600714401	0.36377436109365224	18.302712457150207	0.054636710396951914	tansho_minodds_top5
2023-08-12	202301020102	-1.5857711808180222	2.566492819871693	1.190043144728272	0.8440026067729653	0.5728342165077364	0.24716574276010628	0.3327960656359881	0.11603746558965722	0.19919823220916275	0.585877856796691	10.623648200502954	0.09412962300019094	sanrentan_1-234-234
2023-08-12	202301020103	0.601771788752954	1.9181475966286228	1.5883408948147646	0.5919578291848874	0.4024196264172149	0.09298506912511378	0.2749568513930998	0.004981281075125021	0.13275104999532947	0.6157903967524484	10.685576448765826	0.09358409485858847	tansho_p1
2023-08-12	202301020104	0.682508300983237	2.770285828565896	0.216784819452985	0.9731299463485883	0.9670035703397554	0.9421568946089367	0.5042926450496521	0.2401514065121914	0.4681149965786141	0.8378448482659968	3.698495066678536	0.27038024438898556	sanrentan_1-234-234
2023-08-12	202301020105	-2.1536133465032434	0.7079205598774878	2.021006523824069	0.15671566954740584	0.4036963579116086	0.002637531384785896	0.2905375897345578	0.00224331765503033	0.06097147739491181	0.28957562972508843	19.754432012707184	0.05062155162733824	tansho_minodds_top5
2023-08-12	202301020106	-4.534608769206359	1.3222232852529423	1.957518932429858	0.2242728440472935	0.4415751028949464	0.08771201984011578	0.2565328500734718	0.04741092571909039	0.07904726647828841	0.3656952973186082	18.34775173372529	0.054502590536031965	sanrenpuku_box4
2023-08-12	202301020107	-0.1408977184326447	1.3658135559088356	1.7850503535316127	0.4140692151575167	0.41365767723788144	0.0734680625961357	0.2789879203823471	0.014030651693727247	0.07797594867318024	0.35600863220586915	18.289794138844737	0.054675301012609666	sanrentan_1-234-234
2023-08-12	202301020108	-5.067394247410222	0.9537934135730455	1.8462929734844624	0.34013455718808994	0.47933162510327026	0.15162523233643554	0.284536143552082	0.08570687888449771	0.09678698966530135	0.4093058223187957	17.003778639440522	0.05881045744035299	sanrentan_box4
2023-08-12	202301020109	-2.1894217019822944	0.6554147857524653	2.006706661261002	0.1502380602194896	0.30557342611515426	0.0029557491014948756	0.29352971733988287	0.04229348284840262	0.05398800243494578	0.2667769428387714	19.948872056309156	0.05012814745502033	umaren_nagashi4
2023-08-12	202301020110	-1.1414871874186812	1.5651905053127484	1.774873640772132	0.4426626361795566	0.33948257627585754	0.07540700527376332	0.27695882076593625	0.007407944762542917	0.07471809084942004	0.3485370736860346	18.67210251444839	0.05355583278456213	umaren_box4
2023-08-12	202301020111	0.2346837006666936	2.447213960449853	1.2609170962909073	0.7356109583452712	0.6536453733454791	0.3504310517295131	0.22240691269329615	0.01988707121387237	0.12655005953856743	0.465383841802412	14.980397641523062	0.06675390226145757	sanrentan_1-234-234
2023-08-12	202301020112	-0.609418902319128	0.9412293806437645	1.9071331996924679	0.2799520047992657	0.5120947666354078	0.11055969975627267	0.22461364115876326	0.0861980604902341	0.0713522495296172	0.31145267891820405	19.433645844783722	0.05145714849323627	umatan_nagashi5
2023-08-12	202304030101	0.5316702770018743	1.5722412180533902	1.020705774183517	0.549154524822378	1.0	1.0	0.24223636458002445	0.0010398805993220295	0.0986274794656138	0.38689779906968297	17.06559764441815	0.05859742042653173	umatan_nagashi4
2023-08-12	202304030102	1.8575093406994156	1.8506419183128302	1.321324979372999	0.5798428469326746	0.8087839254796498	0.6871179238428945	0.3235011358064205	0.09059425051297215	0.11143778633893411	0.4398537655588962	16.095197372697328	0.062130334710671156	sanrentan_1-234-234
2023-08-12	202304030103	-1.3099031076554082	1.5858781078204924	1.9286476997114566	0.2220630778975409	0.5885265823953469	0.39884747518204466	0.27096052492959644	0.009739512502534242	0.07160318843196019	0.3147160609364167	19.360884245320083	0.05165053348437431	tansho_p1
2023-08-12	202304030104	-2.5915263088246725	2.4042399767412648	1.482666355356185	0.7733129252222923	0.37511444961664014	0.03679639116260419	0.29820366621250444	0.03351938591857362	0.1023381647886123	0.430283908763656	15.989117431243924	0.06254253896753086	sanrentan_box4
2023-08-12	202304030105	0.8109159100349794	1.4550740221801428	2.042169663069047	0.1344569984388265	0.40350549373032185	0.18725894988423575	0.2903253215490536	0.07437590692330276	0.061496293252591885	0.29644132439886695	19.660763144561116	0.050862725553796034	umaren_box4
2023-08-12	202304030106	-2.5571310126388473	0.8930338066787574	1.897156571593883	0.2935784455359945	0.45259761832387524	0.05446112516327256	0.24121453438353177	0.07473264346651742	0.08465159752077586	0.3588850990068733	18.325728449231846	0.05456809003638361	umaren_nagashi4
2023-08-12	202304030107	-0.771846324993712	1.4885638034293278	2.0200852068238206	0.16067491143039486	0.3574936472069508	0.009989731691760595	0.24799672591966818	0.00510834052774109	0.05912513149310194	0.28560233147853503	19.727277498358664	0.05069123197984118	tansho_minodds_top3
2023-08-12	202304030108	-0.5835147476537209	2.224666430960345	1.2373823138783824	0.8026286805741936	0.527367805624475	0.09913850958793646	0.2643040718843339	0.08914359186436094	0.14372071823441593	0.527816658427277	13.088929543914182	0.07640044181190961	sanrenpuku_box5
2023-08-12	202304030109	1.2740780276325134	2.2594377480960297	1.4530470134574722	0.39162936160761724	0.931004794998193	0.8963780430242939	0.26299047178034735	0.002588150931704891	0.07720007748208636	0.3637429280927211	18.32914888481284	0.0545579069865366	umatan_nagashi4
2023-08-12	202304030110	0.1149762954401273	0.9250481933518099	1.9218121560825727	0.2583694127323272	0.4797069894657881	0.181612942086043	0.3096624690411475	0.09740439555215358	0.07114305735778917	0.319710514466635	19.237847930240793	0.05198086623962015	umaren_box5
2023-08-12	202304030111	-0.021971493461130434	0.7935135493895409	2.0042815251067303	0.17650126752332346	0.4593125492433043	0.1589362545411755	0.2610868828104239	0.06150708344584499	0.06325383919791175	0.29659422320885476	19.641475118227103	0.05091267300346548	sanrentan_1-234-234
2023-08-12	202304030112	0.4471072163440197	1.7422867893111795	1.8096129007726656	0.3786224587404399	0.39770598020973363	0.03689360674032521	0.2823343723913354	0.030941503957900518	0.0775225580810678	0.34025990902933445	18.79104572089624	0.05321683608528334	tansho_p1
2023-08-12	202310030101	1.561299335314013	1.088878322392183	1.950139434295859	0.24041748448004058	0.46144448510205627	0.006839692183923107	0.22347772766073132	0.004465852303258022	0.06255692669655087	0.2934317822987832	19.649996982485618	0.05089059305664613	umatan_box5
2023-08-12	202310030102	-1.670275094949502	1.324659909582909	1.6867881659894681	0.48442790039794525	0.45995233001693975	0.22421586118364062	0.2475982981023269	4.798864199004327e-05	0.09100166249574444	0.38552943245332005	17.514607098165907	0.05709520027455928	sanrentan_1-234-234
2023-08-12	202310030103	2.800093915310761	3.112097035876809	1.336511431330624	0.7398093432369304	0.527722176139451	0.11073708391573289	0.2528487252093712	0.09279653758013823	0.13861031546231142	0.49021400090851014	14.148976053256941	0.07067649250631185	wide_nagashi4
2023-08-12	202310030104	2.177186591201678	0.7545723957801195	1.7951789767417285	0.37939930299289815	0.5289202680142215	0.21368614158757865	0.2697459467277568	0.05260337729842901	0.11423208842690862	0.479100591175988	14.954504384158732	0.06686948455873251	sanrentan_1-234-234
2023-08-12	202310030105	-0.8380300991760387	1.7158346695605942	1.0477497767405228	0.6553291250462105	0.8761625022829008	0.7829089606611656	0.3223490446068772	0.05888966454647643	0.136116669308219	0.47890853321618565	14.501468049431395	0.0689585355490412	sanrenpuku_box5
2023-08-12	202310030106	-2.0900399950590502	0.7985503900080785	2.013706846491073	0.15992268230593237	0.44769523491809327	0.19010156050247007	0.2540398404598816	0.05043238735388411	0.059298554934866736	0.29088805893705044	19.772485999427552	0.05057532978043083	umatan_nagashi5
2023-08-12	202310030107	2.0583443359995246	2.98981634897456	0.9801225417844248	0.8754937462486392	0.7100939102597145	0.44185260075876814	0.21476389856148922	0.0520002174015641	0.14595590721267337	0.5018488910276071	13.397042017732232	0.07464334281227206	sanrentan_1-234-234
2023-08-12	202310030108	-0.7934862741647043	2.1910306661232637	1.0554191644942288	0.8712226465151212	0.6333066984341911	0.3162867787031286	0.32979772651112016	0.14928748554512172	0.20888659935741805	0.5849843464230208	10.486161084820957	0.0953637839349551	sanrenpuku_box4
2023-08-12	202310030109	-0.6316956875826713	1.9364423678840799	1.0961571124557348	0.8554028232873436	0.6383259383211168	0.3316419555933322	0.32168589720724183	0.141703653943016	0.20156821528961624	0.5704404352596446	10.849810026472948	0.09216751238593618	sanrentan_1-234-234
2023-08-12	202310030110	1.1438680306292202	1.0170118125280667	1.7156137141481556	0.4336452606282431	0.560992449649357	0.31038927262595767	0.2860728378508221	0.04629884713141311	0.11524404514826342	0.4423185473262797	15.8652145435308	0.06303097870225524	umaren_nagashi4
2023-08-12	202310030111	1.743430563378815	2.507664491690751	1.6807890274884933	0.5131511111543594	0.451598656976986	0.11305902696423215	0.24719804906835174	0.027820905848757627	0.09941952112771153	0.40859903771932854	16.760991558252314	0.05966234136712799	wide_box5
2023-08-12	202310030112	0.3015067342014185	1.135863162755676	1.7875419573337297	0.3523476803501687	0.6273302829838313	0.38051358862017604	0.27957012250496144	0.05597703949154326	0.10865295007166638	0.42052294530596634	16.622504594708452	0.06015940584058171	wide_nagashi4
2023-08-13	202301020201	0.17677277690812113	1.3295656168279202	0.9461608108308274	0.7814303311793699	0.842005614877302	0.7211709125421949	0.3162936799286667	0.017995935876669478	0.19822591086081812	0.5455090636642378	11.274942881051729	0.08869224532219713	sanrentan_box4
2023-08-13	202301020202	-1.4625097908511953	2.461598773526431	0.8493997790129847	0.8062903150660131	0.845323333401223	0.7788713028414157	0.3137639251028832	0.013364239489450702	0.15552116353761578	0.5914398353160597	11.405117125330055	0.08767994129398832	sanrentan_1-234-234
2023-08-13	202301020203	0.11217696517782341	2.8172785033174046	1.1974120135557427	0.8028915110593302	0.6209938880056258	0.32505858694577006	0.2918356532654318	0.05567049461443063	0.18201049776073477	0.5440888363120872	12.040828328764666	0.08305076467298121	tansho_minodds_top3
2023-08-13	202301020204	-1.6463096403538733	1.5380560395149154	1.965135786232704	0.20412614001369322	0.6251816151620695	0.43409246259477957	0.30587549813577986	0.06322970582245394	0.06054886487491913	0.2838322130407913	19.805541765196622	0.050490918746653755	tansho_p1
2023-08-13	202301020205	0.2793983200928794	0.8596201958612498	1.7942031315568558	0.3928396989978113	0.4703575515956847	0.10963848928563003	0.26983688397408534	0.0936665258059651	0.0892858497901849	0.3716956764976921	18.100050065539133	0.05524846596440692	sanrenpuku_box4
2023-08-13	202301020206	0.7044965024119398	2.1292117669485573	1.4751674581866259	0.5600034091179623	0.6554084617512039	0.44939607619853283	0.32090386589610487	0.08459793390275105	0.11417925548961161	0.45732490705376044	15.426188300028075	0.06482482778964782	sanrentan_1-234-234
2023-08-13	202301020207	-2.286521751663079	1.385952548024438	1.9225628339282308	0.2649265782021764	0.4881976012939169	0.10071490977705233	0.24836648062886874	0.08066852267057345	0.08637370774098913	0.3730532825631247	18.15816500119684	0.05507164407494304	umaren_nagashi4
2023-08-13	202301020208	-2.97473856064687	1.3052518182470154	1.3532442041009323	0.6228234531323065	0.7257548151188531	0.5427661397125387	0.33112056393500694	0.09438065621655795	0.12375517570306488	0.450299094173009	15.339648006200068	0.06519054411129996	sanrentan_1-234-234
2023-08-13	202301020209	1.408949024971436	1.5343752039911507	1.8903131598878422	0.2894327464872459	0.4015630761705006	0.047328729539605596	0.2231367446850587	0.004190802334813254	0.0780081566250794	0.3587279758054816	18.40229163335693	0.05434105816404676	sanrentan_box5
2023-08-13	202301020210	-0.31886599604099863	0.5569898776780418	1.9875657263835955	0.18796233569074483	0.40464081265632384	0.09448281246739598	0.3012830739554181	0.013474626239342313	0.05641412844994258	0.2761078759300609	19.845455100458672	0.05038937101406598	tansho_minodds_top3
2023-08-13	202301020211	-0.15567994225898227	0.5659388346390386	1.9918695635184183	0.18096761644082568	0.5226474728925113	0.2774751819327924	0.267264984588786	0.05410565353715807	0.06633534736298935	0.30267689395375863	19.585223928400445	0.051058900508658696	umatan_box4
2023-08-13	202301020212	-0.5531879957566325	2.3706738558320244	1.728105548548171	0.4542006573551995	0.42474305571234067	0.012335333078724031	0.22721545241488952	0.008523726863347375	0.07967084278370187	0.36325928498962406	18.275837688532533	0.05471705412592201	umaren_nagashi4
2023-08-13	202304030201	2.5973326375227486	1.354441102829973	1.8670952520013684	0.2981440526548243	0.3783834426156612	0.02331276823332301	0.2942472180982887	0.020993626085769934	0.06278064725747959	0.30000167653227305	19.572793638274707	0.051091326996085755	sanrentan_1-234-234
2023-08-13	202304030202	-0.04809498778822842	2.603311929283388	1.6224653478051574	0.46746935581402527	0.6563587382398569	0.5113796948669525	0.3188509910291625	0.06932867586423164	0.09955798557610401	0.39371710047673675	17.25777049737374	0.0579449124179846	umatan_nagashi4
2023-08-13	202304030203	-1.9245863378513948	1.796334800315725	1.570886934786146	0.6014072488956176	0.4609161899280153	0.13582655805622806	0.2960704326394262	0.026160887573218383	0.14825614890286587	0.5603437186993405	12.20619192611965	0.08192563299452396	wide_nagashi5
2023-08-13	202304030204	-0.06746299988048135	1.9871723706955973	1.8722100238875714	0.2928279688759189	0.5366540713348285	0.2508932628303405	0.3089740088707478	0.13517853142906908	0.07106548525175144	0.32185541277768226	19.26943950339356	0.05189564542465747	umatan_nagashi4
2023-08-13	202304030205	0.9039663285017271	0.9932647330578054	1.9564719049717134	0.2286915251684553	0.40612809587859855	0.09955626263717349	0.25633905056795897	0.010269253700557729	0.059675645375494635	0.2914589105491161	19.655885952022313	0.05087534606381424	sanrentan_1-234-234
2023-08-13	202304030206	-1.4382374930708803	1.5860458781126026	1.924185530057357	0.2438130304706352	0.494906452105022	0.26269824075616605	0.2714277418674228	0.04924820178505812	0.0681097337208726	0.31646229180279395	19.322174418459834	0.05175400958210115	umatan_box4
2023-08-13	202304030207	1.044491513895851	0.9344585001062984	1.7488110175742961	0.4189677320419669	0.4957403839928019	0.239282156695231	0.2802482083485117	0.023716256354019916	0.10602242496637944	0.42136965728934156	16.542221248439276	0.06045137378962018	umaren_box5
2023-08-13	202304030208	-0.005320315672870765	2.653461164731671	1.1431649263203176	0.909104341196768	0.5447904541539798	0.23099913746079437	0.4974102441691223	0.2383243727301259	0.29068105368775515	0.790317241959558	6.096799482152387	0.16402048368613303	wide_nagashi4
2023-08-13	202304030209	0.9401729565673561	1.5779325761870242	1.3021702775931308	0.7386317684920145	0.5808955221049927	0.180603674266129	0.19371977670578255	0.03491680535829933	0.10456330593556876	0.4109772434892587	15.929437738657887	0.06277685480217418	umaren_nagashi4
2023-08-13	202304030210	0.689621344762378	1.1644117232552489	1.8404216479302047	0.343330684562517	0.43832747545306067	0.23432991535859687	0.24983724320679523	0.015660059559124417	0.07235214322144246	0.32606323942036	19.014431292803728	0.052591633407330134	sanrentan_1-23-2345
2023-08-13	202304030211	0.40011517999421986	0.8135940614833502	2.051332918945829	0.12143736906203201	0.35811816834489674	0.003044976635564023	0.29540385285772325	0.0028351914445862714	0.057639320107533885	0.2776351050158343	19.85843929621674	0.05035642454492944	tansho_minodds_top5
2023-08-13	202304030212	-0.43072044167220125	2.0849204641379515	1.807513154377471	0.326202889261992	0.6435671062379572	0.45344369430693215	0.3491170040842746	0.12559344083369928	0.07828553383712213	0.33454495710255255	18.933923364024547	0.0528152554953324	sanrenpuku_box4
2023-08-13	202310030201	-2.353566344395936	1.387889201893556	1.6132279347589753	0.5658989848594314	0.4867711415338856	0.24644271602953371	0.267519388796897	0.003223046956419895	0.1091220485605733	0.431645881792307	16.085215499089873	0.062168890435852824	tansho_p1
2023-08-13	202310030202	-2.113729866578475	1.503361245443573	2.0075978799802057	0.18115993624485138	0.3079586453054906	0.0010971560461118246	0.2877991204154517	0.03529527974100899	0.05821503929296794	0.2863507607013071	19.797905079786325	0.05051039470943826	tansho_minodds_top5
2023-08-13	202310030203	-1.2066405649689065	2.073704479223024	1.344321637918482	0.5505104971343622	0.7707712507059057	0.665391246629929	0.28854565960299317	0.014874492734280764	0.10222848689931917	0.41653345312612794	16.61570702798821	0.06018401734669232	umatan_nagashi5
2023-08-13	202310030204	-3.432666215636495	1.5517543118084922	1.8434263584336934	0.3305132299038017	0.456890352120437	0.11808198987937657	0.2945343658691353	0.09507088100783623	0.08645970602726427	0.35631022712566096	18.369061546217214	0.0544393624837047	sanrenpuku_box5
2023-08-13	202310030205	-3.2226616262039753	1.3462282639033545	1.9297682920071568	0.25049242763213253	0.3956617962352427	0.09256191987045981	0.24880599127320752	0.029597957046821	0.07840881185956328	0.3825612561382489	17.874434046027954	0.05594582728745022	tansho_minodds_top3
2023-08-13	202310030206	0.015905591054232206	2.474831726245264	1.4384680948328672	0.6123263257700687	0.6458548671943702	0.45559451865971035	0.29641884735272983	0.024989660939239322	0.13320720062697117	0.47356626186827255	14.737702571790297	0.0678531809913248	sanrentan_1-234-234
2023-08-13	202310030207	-0.1703362822745306	2.337365618696207	1.583816375869834	0.6430210073833377	0.36248194344231066	0.03322094226132988	0.29444532853405564	0.05023471529090945	0.11538830973045794	0.4927137554116765	14.280209282349615	0.07002698491513029	wide_box4
2023-08-13	202310030208	-1.3836809443006104	1.2407039269384277	1.737828304125302	0.4144137599109261	0.5436003103934777	0.21688078497514007	0.29297972374529835	0.11847087974620818	0.09721647518233933	0.3834596866450798	17.686465384302124	0.05654040975804947	umatan_nagashi4
2023-08-13	202310030209	0.5908506765719208	1.4396108024057923	1.599251946643327	0.5661647320223158	0.5060560888762292	0.17868470539615922	0.2784866371911573	0.007384571822128205	0.1481720719320532	0.5718279288561409	11.965862467352766	0.08357107586088044	sanrenpuku_box4
2023-08-13	202310030210	-3.969319256329323	0.7214827104284622	1.97796141883879	0.19037534467146855	0.6571896634256484	0.46225801689845125	0.26252245909116734	0.045957241500369034	0.06631869373678294	0.299418543540856	19.658290935871552	0.05086912200364507	umatan_box4
2023-08-13	202310030211	-1.795030724868598	1.6047496714806868	1.6173974170758583	0.555407966740864	0.4330977229614481	0.0052834058561650465	0.2702355450978512	0.06543243211448538	0.13571905170806478	0.5165367038896016	13.317507425730179	0.0750891265183711	tansho_minodds_top3
2023-08-13	202310030212	2.826622402410954	1.1193710414933664	1.725250326884769	0.4303574852603085	0.5739668102175761	0.23490127510293246	0.26548265209165833	0.08620870155139287	0.09844194196743347	0.3706348852918704	17.972170448658986	0.055641582237198076	wide_box4
2023-08-19	202301020301	-1.5927252695556324	1.9155914038807422	1.3189261087542083	0.8091101988580379	0.4891070931574693	0.21382022153687563	0.3672487378557694	0.04071191350703024	0.20438944482300153	0.7645008938097525	7.463472461002543	0.13398588997616176	umaren_nagashi4
2023-08-19	202301020302	-0.9116042087634114	2.4374492491158755	1.2277101111877633	0.7593160561747406	0.6452297435788117	0.4476541555517454	0.3058552115556189	0.0035024544947528935	0.16705164296274724	0.5649692858899418	11.828651007723472	0.08454049403833572	sanrenpuku_box4
2023-08-19	202301020303	-1.299678545942951	0.9103495011853355	1.956845426935423	0.22068673943979775	0.5680813215605844	0.3476634950966367	0.23376015342336495	0.000770455556217492	0.08325501740415107	0.3766998048863196	18.12923628916691	0.055159521562281585	wide_nagashi4
2023-08-19	202301020304	1.0788095970054152	2.719181626259412	0.4050890744405604	0.8479159896170541	0.9670188131305111	0.9475803811062189	0.32115760751515127	0.00937697291919598	0.22955523330152577	0.5978536097974131	9.429700219451579	0.10604790997885603	sanrentan_1-234-234
2023-08-19	202301020305	-1.6589197225670211	1.082131630277655	1.7444124243629466	0.4132485152908061	0.5814715311819839	0.23421582354354553	0.29376695467874503	0.1535641565251381	0.07625665294928527	0.3426931481224097	18.604125896840543	0.05375151756900471	umatan_nagashi4
2023-08-19	202301020306	-0.013638736676803199	3.2018151011384632	1.2234653281601267	0.6069422551944962	0.9338570097074711	0.8994157569040879	0.2789977626054173	0.020170204392825575	0.09195087119224608	0.38808792664388997	17.605592317325815	0.05680013384246615	umatan_nagashi4
2023-08-19	202301020307	-2.800648319109835	0.9385254254840215	2.0463455659967895	0.1273085875413925	0.3087697695393451	0.05612238696734695	0.29684221954456114	0.005162637405666359	0.05435482465938066	0.2677277085138538	19.941575013926727	0.050146490400162655	tansho_p1
2023-08-19	202301020308	-2.3752407893534695	2.006642090226832	1.5276729899109827	0.6750082335780032	0.39890129657388096	0.015325535339718532	0.274259283200378	0.031550717867135175	0.11794691043509728	0.47204930126598	14.528008588550726	0.06883255842704297	sanrentan_1-234-234
2023-08-19	202301020309	-1.4896158001936046	1.77151318541527	1.7020467852732217	0.4929576268548465	0.44972036449544717	0.1388148581002981	0.24072858774594552	0.002840423277637949	0.09745121682416073	0.40619952557114725	17.009894820894907	0.05878931119383542	wide_box4
2023-08-19	202301020310	-2.1794525362608375	1.5702147923383334	2.0208479039948446	0.15630173917913515	0.4608110395118365	0.2095755377726375	0.2586979331904084	0.05358910430210234	0.057190352206432454	0.27638218954391897	19.89139952574935	0.050272983492463834	tansho_minodds_top3
2023-08-19	202301020311	-1.0855436969935295	1.3632752112167796	1.7858677659851316	0.3852465723269759	0.49765850498581	0.2017101798848932	0.3032315356449372	0.11372026846875258	0.08407997973481586	0.35345493803447137	18.455568185841138	0.05418418928804297	sanrentan_box4
2023-08-19	202301020312	1.8475397805556588	1.7303874462251099	1.9206442605143454	0.2596354943587726	0.41826354267032795	0.16238553537078926	0.2606912312644851	0.025941228773728453	0.06732443257525968	0.31106940499684177	19.39676331233312	0.051554993165491995	sanrenpuku_box5
2023-08-19	202304030301	2.779405029133342	1.495791431276126	1.9024788653689175	0.29260457733381984	0.3841525201951723	0.008875756158591042	0.2686944975023531	0.007333794409081329	0.06611070181842132	0.320784383675298	19.289007266790016	0.05184299980651182	wide_nagashi4
2023-08-19	202304030302	-1.7459317032421715	2.611996489381849	1.3239463185982763	0.8450337022787053	0.5294217265739297	0.2964584719643372	0.3086548866788686	0.030203043457638634	0.14771385487213315	0.5216416438983552	12.853622540532513	0.07779907935265781	sanrentan_1-234-234
2023-08-19	202304030303	-3.571172211942648	1.771117107766377	1.5394612517584765	0.6455841573431425	0.47328064576367823	0.2229643679316497	0.28320542099199336	0.013233124676239272	0.1232980565073153	0.4688614555163999	14.754536458554565	0.06777576529150856	sanrentan_1-234-234
2023-08-19	202304030304	2.9860689912581857	0.7018596351768414	1.970080647608912	0.19561529458833468	0.6589172039732446	0.41736159333246114	0.26503937155724383	0.054307566816700015	0.06552164781465772	0.29462706887204315	19.69965267585238	0.050762316293311564	umatan_nagashi4
2023-08-19	202304030305	-2.2631304076340517	1.1097639148940546	1.7868017018261884	0.2876652688166191	0.7753108203165482	0.6365174827187704	0.35076254414429986	0.13959510802158812	0.07589685558518934	0.33803391868746213	19.044353055516243	0.05250900343450352	wide_box4
2023-08-19	202304030306	0.015274520984106508	1.8973248349088252	1.6631782407871778	0.5598027666551655	0.35140006821018244	0.0024221576245913035	0.27911252947274534	0.0027747939323924387	0.0850347391070334	0.39803462254139466	16.878593045654384	0.05924664439121975	tansho_p1
2023-08-19	202304030307	-1.1300747359582262	2.0960743581030834	1.6448902604574571	0.4291099284966513	0.7369652099960929	0.5938905796367249	0.3190978272911045	0.07684611347697032	0.08803500806608602	0.37381917320220676	18.006859337437803	0.055534392825567	umatan_nagashi5
2023-08-19	202304030308	-0.46068984398880086	2.329094733826421	1.0672205513129984	0.9281888081452327	0.624927276374089	0.4365515638327714	0.4130221900425743	0.0035120309066983824	0.26626413647671093	0.8429107907862838	5.512324666519359	0.1814116657666735	tansho_minodds_top3
2023-08-19	202304030309	-3.5902169420915397	1.2428663427404063	2.0266908633652125	0.15062845871624042	0.360561951120868	0.004484813671689625	0.29457218412763037	0.004157094807507922	0.05558685180558467	0.273066901844947	19.903151686850787	0.05024329893745722	sanrentan_1-23-2345
2023-08-19	202304030310	0.5763247342364158	1.8372346901825913	1.9393332960709793	0.23290545787911854	0.4671016572367631	0.2104804675703526	0.2651301694272415	0.04855997353541536	0.06976661515922636	0.3167094088212598	19.335434130895504	0.051718518096375725	tansho_minodds_top3
2023-08-19	202304030311	-0.9318853434975655	1.817637600713618	1.6320115080378237	0.3974519979540805	0.7502594195126105	0.5893759712708131	0.287969562197065	0.03685248683136838	0.10140132269840302	0.37930127232696426	17.42684341678362	0.05738273857656344	umatan_nagashi4
2023-08-19	202304030312	0.7798586892572883	2.2078397407931867	1.8263660638235857	0.3707633887516048	0.3811908731504223	0.0035868009414630198	0.26972959996884505	0.003010573402778882	0.08173258620570319	0.3591942573908724	18.17932772247627	0.05500753467157291	sanrenpuku_box4
2023-08-19	202310030301	-2.2638820002749966	1.4540339932666462	1.9414410216453053	0.2269200220836648	0.534330873447606	0.33886417812813435	0.26716005970459394	0.002675616838945294	0.0722759112408195	0.31858655973439387	19.323389586605064	0.05175075498623689	sanrentan_1-23-2345
2023-08-19	202310030302	-1.1670166593641071	2.6244430936014878	1.2837235571712506	0.7624219677049529	0.5945659334191062	0.2832770760632001	0.2534493255597098	0.03128763733349535	0.15181900748537575	0.5124609206944285	13.130051995407355	0.07616116069835681	umaren_nagashi4
2023-08-19	202310030303	-3.5259743145852567	1.7223162673277266	1.8366214610143812	0.3301277482063939	0.5515081054500618	0.3002961754176435	0.24826490563885362	0.0009229079086224834	0.09863203590309876	0.4090790590435143	17.099133199162903	0.05848249664778069	tansho_p1
2023-08-19	202310030304	-0.4829224586488272	2.0340690291552534	1.8785171483124554	0.30478396346512987	0.35153482410177994	0.003209252143220931	0.2475724554363057	0.025142769916552316	0.07772491282803139	0.3817882067158522	17.88255009868129	0.055920436094499905	tansho_minodds_top3
2023-08-19	202310030305	-1.913060097659927	0.8251255537210946	1.9532030998565197	0.23782754199820888	0.37654673266203986	0.01481042503893265	0.28703062829089804	0.013053994432594918	0.07509165495862682	0.33396369721165275	18.929383425988767	0.05282792246825469	umaren_box4
2023-08-19	202310030306	-3.484641543265477	1.6603620363253968	1.271789165833761	0.5529937129126271	0.8486264734131168	0.737174508096337	0.3441403552989911	0.09852229483852046	0.1255260680700753	0.44233253982326753	15.76138850675317	0.06344618683636516	sanrentan_1-234-234
2023-08-19	202310030307	-4.799313973333333	1.3884146910426962	1.976947875965117	0.20330033349248233	0.41763776727663177	0.11278767545599411	0.3021545060978019	0.06522132759479593	0.06201738865414546	0.2925336348329195	19.686411335796564	0.0507964596971344	umatan_nagashi4
2023-08-19	202310030308	-1.0602898183615828	1.8825799215481083	1.7495003098913036	0.4355768924339679	0.41588601177516044	0.10746788992164924	0.2546188970450662	0.011342390948999803	0.11138338382161812	0.4902274455032762	14.523651900470087	0.06885320626333884	wide_nagashi4
2023-08-19	202310030309	1.741033201890702	1.934696046294188	1.7821911334788463	0.4534616776846267	0.35478074288951417	0.08988712606019034	0.26868872580733183	0.015590082294801688	0.0617254554491062	0.2988441947526027	19.406516522037695	0.05152908296882739	wide_nagashi4
2023-08-19	202310030310	-2.12304563664714	1.3261269653412688	1.356516044590758	0.5596272815760852	0.8025706281495818	0.680430735550521	0.3276698292340084	0.05372555680015961	0.12064047155884311	0.44005235727087044	15.670921976956786	0.06381245477901326	umatan_nagashi4
2023-08-19	202310030311	-0.37071462876612715	0.6020337993796608	1.9297142842203234	0.26085678306228277	0.46017657496040726	0.11449247862878698	0.2616401188182796	0.03221991637486288	0.07194673083743895	0.326788260986616	19.106098062996494	0.052339310554295644	wide_nagashi4
2023-08-19	202310030312	-2.5289878401631607	1.4572718354656422	1.807879961244859	0.38368943116314863	0.43557651356927574	0.024171801535668946	0.2571266534074808	0.017813701995247205	0.07152182167078154	0.34106828390036803	18.84044859040363	0.05307729246475317	wide_nagashi4
2023-08-20	202301020401	-5.719871322144362	0.9111691666880506	1.8189710526570981	0.3679132030049677	0.4375853497207784	0.07416191046522808	0.28015454429049197	0.04301909332412762	0.10084951998859516	0.4350082470051319	16.233373168516884	0.0616014915457871	sanrentan_1-23-2345
2023-08-20	202301020402	2.970473658819018	2.2513570005217205	1.6158668398530909	0.5738287095712473	0.47757095400684885	0.2519065206338249	0.2547786457713479	0.009260056121815047	0.09223284867576878	0.3996828863209919	17.063739399346026	0.05860380169884248	sanrentan_box4
2023-08-20	202301020403	1.6393562374548167	3.460588681317791	1.5174293155023424	0.6830353889314621	0.34888242786058343	0.0004952022639271858	0.27883817025825924	0.01915957641907623	0.12139665480707519	0.5793314131951808	11.566929809038626	0.08645336459278766	sanrenpuku_box4
2023-08-20	202301020404	-4.941579840611549	1.4531010131629394	1.5937886514133939	0.5436668128488226	0.5192917416013649	0.33318817541259316	0.2718198960662088	0.006731963415233411	0.098377830691204	0.41534709988097906	16.29695491859966	0.06136115642430252	sanrentan_1-234-234
2023-08-20	202301020405	-3.685841805510833	1.782657684066172	1.9339496653250865	0.22990508868846735	0.4275058493207722	0.22545908667898718	0.26600406347854183	0.004868360232873681	0.060151299092115834	0.2917917710723687	19.682818487466445	0.05080573194518744	tansho_minodds_top3
2023-08-20	202301020406	-0.13367041415460207	1.8956177050483316	1.367513265910132	0.6911433072500051	0.6149964210841848	0.3290833433633876	0.26215831142114254	0.022876623293452053	0.1454552016909535	0.514550615046313	13.508867573825535	0.0740254499154005	sanrenpuku_box4
2023-08-20	202301020407	-4.78629597454219	1.3173124895314963	1.8575694020609061	0.325538861827301	0.5028396803764177	0.1998975924171142	0.2676472032784835	0.0682659299336642	0.0862400862985642	0.3694115737464598	18.139632198309904	0.05512790937917537	sanrentan_box5
2023-08-20	202301020408	-5.004689823228524	0.6207095443322324	1.911549885993011	0.29784949452322645	0.35177188967293266	0.09097917096214236	0.2730002473775245	0.020908356747411094	0.06018760498477595	0.29487847362030334	19.45153201301816	0.051409832363370586	sanrentan_1-234-234
2023-08-20	202301020409	0.6019275796799362	1.4816441741915767	1.4559281356523885	0.5155376190899967	0.7545811783995271	0.5874127928618907	0.34367557651799124	0.12816028373512553	0.11617766267192511	0.43204084027021156	16.10450183856981	0.06209443856282653	sanrenpuku_box4
2023-08-20	202301020410	-3.234713009019797	1.3319977720518903	1.6972262740099189	0.4312491916579154	0.6135106073300204	0.4484523397085992	0.29035098482363214	0.0019369792445400602	0.10639656765083468	0.4186962251058776	16.55204026698193	0.060415512762786325	sanrentan_box4
2023-08-20	202301020411	-3.782201452384004	1.7373905772252045	1.7036194833377183	0.4708100887965471	0.46056795489731706	0.08998252092281628	0.281768041718664	0.09880382204635244	0.08597092717646486	0.3755784592579082	17.936969217327007	0.05575077862284593	tansho_p1
2023-08-20	202301020412	0.2418282951484248	1.5072861430271371	1.4737026130237503	0.5705862118682943	0.6338520196494938	0.4648711464418795	0.32394754473247994	0.043938518719638275	0.1283531064472988	0.4488872631395131	15.08499269476304	0.06629104966999179	sanrentan_1-234-234
2023-08-20	202304030401	0.22082768742606027	1.5871689315226492	1.4891005214913593	0.6528292432328463	0.5410915714621105	0.3005105231206987	0.2863094144912044	0.016247060376192335	0.13215285877066374	0.4816426049006609	14.408215830650038	0.06940484594024049	sanrenpuku_box4
2023-08-20	202304030402	-1.2730932960789427	1.7435613466945798	1.0414852306643179	0.8569789558107284	0.6891407767476022	0.45090987288344475	0.38967065981008314	0.14807211402632356	0.26094594464178655	0.641101807005305	8.502601515818034	0.11761106270117731	sanrentan_box4
2023-08-20	202304030403	-0.3783526314778359	1.9749224522550504	1.037722637814397	0.7182481404846133	0.8346232960664579	0.729410900081701	0.34234190774482326	0.045313416581165944	0.17440075949262782	0.5296088187900032	12.101576838625325	0.0826338594825296	umatan_nagashi5
2023-08-20	202304030404	0.3589896040763347	2.331039951803202	0.19427294664998798	0.852530294147995	1.0	1.0	0.26303407017270275	0.012490524051994134	0.10569672005813319	0.4740093403607982	13.691496355948162	0.07303803572686618	sanrentan_1-234-234
2023-08-20	202304030405	0.4391504053484129	2.2078472738458803	1.4975058080118444	0.650881789403541	0.5106984389817668	0.23184280458386552	0.32000373128323223	0.018778555540000685	0.16962540165537718	0.6325567453591312	10.304791245112384	0.0970422375586022	sanrentan_1-234-234
2023-08-20	202304030406	-0.8361217449646307	1.6657922868225108	1.5129520467234974	0.5448054117301938	0.6604098067609353	0.5010533007471086	0.2911192641110068	0.026941139168118244	0.10829857924133236	0.39709934241390443	16.611142948133352	0.06020055351533612	sanrentan_1-234-234
2023-08-20	202304030407	-1.276108226839952	2.129799491816987	1.8939730852992096	0.28086034015309264	0.5074357436747196	0.2576681541904522	0.2701860086301612	0.003463712156351273	0.08141249710911876	0.36028839557005327	18.426325989085253	0.054270178471407984	tansho_p1
2023-08-20	202304030408	-0.9607719730687058	2.2975542623802476	1.9507683737165784	0.220469475790186	0.5213652603759193	0.22873707977052765	0.31012231926244993	0.13537817569747035	0.06270558648982165	0.29552222169053016	19.64815521840246	0.05089536340100775	wide_box5
2023-08-20	202304030409	0.3987779253686685	0.7528693658093877	2.0568890429317284	0.11504024007639053	0.36357168685501773	0.012491754501560037	0.2989857965392188	0.011564735825518646	0.05688260778970765	0.2726668014898768	19.906010287778134	0.05023608375275374	wide_nagashi5
2023-08-20	202304030410	-2.314572863427697	2.3433057307091247	1.790236508477327	0.41975832233245214	0.41585413699617196	0.1830379521350864	0.252734501011958	0.007467459367766743	0.07556180236147629	0.34526518716165056	18.348713784632782	0.05449973288250369	umaren_box4
2023-08-20	202304030411	1.2299138555930378	1.5502911044558205	0.8850887433059869	0.6057478888110076	0.9734161717098737	0.9468323434197475	0.28716339662709833	0.0153393290716215	0.12002864820292485	0.4773223610267008	14.91207625923153	0.06705974289669663	tansho_p1
2023-08-20	202304030412	-1.68795718291753	2.4258224379722177	1.7793276870138552	0.4064456547601665	0.4420985045530703	0.07630312413873486	0.24798036467893783	0.035751244228140105	0.10869108856196458	0.44629752882405	15.803129837065097	0.06327860432144096	tansho_p1
2023-08-20	202310030401	1.4091764291904407	1.0053056902397433	1.837847626292242	0.3611566980822288	0.3586558890593251	0.005669817929088661	0.24203835902336043	0.002597740148829436	0.0881708701593253	0.41375921418343836	16.896342051338873	0.05918440790092549	sanrentan_1-234-234
2023-08-20	202310030402	-4.711530465214442	1.0521419094788649	1.197088734882591	0.891404349647529	0.6196100645200765	0.4372353777084831	0.34355163905792757	0.015179338532814113	0.17796627645138932	0.5871356260083908	10.821324724851996	0.09241012772710017	umatan_nagashi4
2023-08-20	202310030403	-0.012510075798003681	2.7807053466656413	1.7881128392086734	0.33528888968076587	0.6831555097050945	0.45891239316372767	0.31880926439442014	0.10497584976243496	0.07610644521558618	0.3357843242885104	18.930542573412907	0.052824687729999605	sanrentan_1-234-234
2023-08-20	202310030404	-1.085677955223918	1.563146862031426	1.8190700610563115	0.37441351746015455	0.43249379518131736	0.02985384593035617	0.23311976345906785	0.02056122939668209	0.07539064505932626	0.34761075568623434	18.727153058364124	0.05339839947286431	umaren_box5
2023-08-20	202310030405	-2.350604077842643	1.490892306944226	1.511489625790482	0.3609114962526395	0.9269493804810259	0.8538987609620519	0.3282085456584587	0.17242472990238852	0.07592395608029509	0.3458933212825194	18.638335767290705	0.05365285895079469	umatan_nagashi4
2023-08-20	202310030406	1.8169853904016346	2.0245422133847746	1.854919886219446	0.3134389647385939	0.5561338129906437	0.26636551403513503	0.30667148522158616	0.10406202804095996	0.08993613863620042	0.3712908951324499	18.093493211495073	0.05526848731259283	sanrentan_box5
2023-08-20	202310030407	-0.945567606383975	1.1387726040218624	1.998518341495237	0.1749669329938053	0.622661701618317	0.4805181298503311	0.25748939610697746	0.00172804276635391	0.05671705229689681	0.2781886517124568	19.876799829981355	0.050309909470016435	umaren_nagashi4
2023-08-20	202310030408	-2.4267925338596896	1.6423576583789443	1.2830902379372908	0.6169159824331357	0.7780643371491732	0.6243063314228192	0.3396393295299621	0.09876989789103574	0.1256486686706138	0.4672887375673675	15.113733700244923	0.06616498741034418	umatan_nagashi4
2023-08-20	202310030409	-1.0481950431021487	0.8015076180758036	1.985323817632225	0.19636234055040339	0.42827024789924767	0.12366080304630894	0.3054255688217557	0.04214424044251469	0.0647207251320508	0.3015449707461255	19.55072295354683	0.051149003664776656	wide_nagashi4
2023-08-20	202310030410	-0.7976233604631922	2.3761392320458596	1.3235185641254428	0.8006486058865742	0.45355074667863227	0.05571847536975988	0.41496354300534255	0.2008214789380379	0.2174151658729475	0.7001083408805862	8.117305794237708	0.12319358483573174	sanrentan_1-234-234
2023-08-20	202310030411	0.24441800480281775	1.0666369578964487	1.9241621369937705	0.27118916620309613	0.33352144874758316	0.0627927100045374	0.2833808877929439	0.025456517201597195	0.07830995460005015	0.3713539939587561	18.14895687230914	0.055099585449219675	wide_nagashi5
2023-08-20	202310030412	-0.9022478248615209	2.7535117238660733	1.5421575558910434	0.5539539550357678	0.5828673220888626	0.30110555557081004	0.3095361765714512	0.09685282292016226	0.1258443766790179	0.4447684437931747	15.685881228497145	0.06375159835988439	sanrentan_1-234-234
2023-08-26	202301020501	-2.2032211768849828	2.2491319791830198	1.592198183980605	0.5738445915903759	0.5073648849648595	0.20181681617724656	0.28977591660537294	0.057747581296725026	0.11367046048024655	0.42503500638894604	16.178102749852908	0.06181194516205506	sanrentan_1-234-234
2023-08-26	202301020502	0.31096055099489356	0.8862304606036	1.3303064072358783	0.8378170728969204	0.530608080698543	0.2960493978052626	0.2852187644061234	0.012093944952469071	0.11822573807155562	0.4689203141542153	14.866873011241488	0.06726364039323243	sanrentan_1-234-234
2023-08-26	202301020503	2.473767606494685	2.2359807277933212	1.5611231008058504	0.5648301013756217	0.5861401117154214	0.331282230872968	0.31049333923158967	0.024768557743721387	0.15661140655339134	0.5727237091818694	11.828298386775854	0.08454301432892572	sanrentan_1-23-2345
2023-08-26	202301020504	-2.3828001076905405	2.2703789359069435	1.6992682686934537	0.5036114746952909	0.4120611175056535	0.05805338802097876	0.2680759495662077	0.008471160376265663	0.08308860335964323	0.3713220633976226	17.802196375251498	0.0561728440087423	sanrentan_box4
2023-08-26	202301020505	-0.9992462443530764	1.9806668496585174	1.3640549564996305	0.39874558293223933	0.9999999999999999	0.9999999999999999	0.21815055659055452	0.0025740368840280747	0.06468230158771415	0.2895904406058047	19.641119537779012	0.05091359472032817	sanrentan_1-23-2345
2023-08-26	202301020506	-2.4054375999776507	1.6920583190503502	1.6907304395161609	0.4662809035069055	0.5681735155280254	0.30705958571693465	0.27854302914082635	0.05862964930737352	0.10408250920637746	0.40511343636249875	16.970783808006406	0.05892479754106726	sanrentan_box4
2023-08-26	202301020507	-2.9677575514019865	1.3484751883188961	1.9647527214655924	0.205579762994069	0.5322282519022866	0.24027203313872197	0.3420117867377661	0.21340807002534498	0.06670858907310576	0.305262205916673	19.522205042019504	0.05122372180025794	wide_nagashi4
2023-08-26	202301020508	-2.032612920278848	2.301407076661503	1.3846560049736785	0.723222379504252	0.5385420263890695	0.20206260520633323	0.29501563149196164	0.033725627832504324	0.1691812341574984	0.5140153771181957	12.581207238130323	0.07948362832536957	sanrentan_1-234-234
2023-08-26	202301020509	-3.4303889918823915	1.435622136042468	1.7332097847727654	0.44333805512730884	0.4760125909772804	0.2912637899713619	0.2470015866201007	0.0012190806427329892	0.07805855380671733	0.35345829390208133	18.25397066073273	0.05478260147262991	sanrentan_1-234-234
2023-08-26	202301020510	-1.583628267959771	1.897607553121692	1.6555628375709461	0.37256198941596436	0.7825920888717716	0.6435283617564188	0.3494117818780261	0.13395866276377755	0.08640289829732963	0.36626739772351674	18.293784875887297	0.05466337375149096	wide_nagashi4
2023-08-26	202301020511	-3.4790951275966364	0.8840947029711483	1.7921143018442378	0.2713527225594433	0.8378430361721723	0.7557220377117542	0.2576398138291095	0.043468509979634	0.06369708378629466	0.3045790464997081	19.404348408785612	0.051534840486951616	tansho_p1
2023-08-26	202301020512	-1.4085317416198162	3.116710795969793	1.8070031484300504	0.3177300377040243	0.5104417042444641	0.2619289216560454	0.264348078955819	0.004880701255957298	0.07123669518084544	0.32130755446060755	19.262042452763975	0.05191557450110939	sanrentan_1-234-234
2023-08-26	202304030501	1.1785437656177578	2.0349453336165473	1.2998988312780981	0.7935825458337561	0.5130237819057231	0.14184061375558377	0.3757834034559825	0.1657546998332701	0.2098583903290586	0.5988559053415313	9.744435492403644	0.10262267124448186	umatan_box4
2023-08-26	202304030502	0.9564535315660713	1.8781779890344406	0.8713047674458219	0.8792424739758767	0.7739432844683257	0.5780978487798911	0.3110719096464146	0.09629031570995794	0.2334858352438167	0.5761238016776796	10.010755016034055	0.09989256538575932	sanrentan_1-234-234
2023-08-26	202304030503	-1.2752167542797088	1.149079011862576	1.5464946719847334	0.37935838508776554	0.8228620446739424	0.7498838289551725	0.29714137707948973	0.04916616150022243	0.07548041196343425	0.3526570680367205	18.470636698598607	0.05413998533552833	umaren_nagashi4
2023-08-26	202304030504	-0.15529581929989908	2.3607750308650095	0.920296718284974	0.8093760601641525	0.8335456693588528	0.7654876414167214	0.309567712252206	0.0225249049209974	0.13085711845765097	0.5560475041727295	12.49543345092599	0.0800292365949013	umatan_nagashi5
2023-08-26	202304030505	0.12867004393468423	2.531576275908465	1.5939355150782548	0.5955775638411391	0.4779419740539069	0.23756613468598842	0.27667225007217194	0.036229230087199	0.08555795569768092	0.37584481849063733	17.847766311295434	0.05602942029597975	sanrenpuku_box5
2023-08-26	202304030506	0.4769323478625376	2.3556917367746126	1.9006228952828355	0.2538105848449255	0.39734084263438385	0.04863755149457932	0.26468330467348894	0.04910546731241075	0.06750515024700704	0.33010989785902467	19.15996220885148	0.05219216974958448	umaren_box5
2023-08-26	202304030507	-0.27141765181638566	1.166158001282453	1.6485701989496202	0.40817022491571847	0.7307399446431155	0.549387381506817	0.31845014086682744	0.08197871656406142	0.100236715865065	0.3895696943235802	17.47534583437451	0.05722347411477094	sanrentan_1-234-234
2023-08-26	202304030508	-1.4487742599730058	1.5523303457177478	1.190613136923034	0.622814135250837	0.8041550947413802	0.6655571960869026	0.35282385904896557	0.147685998924439	0.12672711215268245	0.47167547188999803	14.97344247031224	0.06678490948108255	sanrentan_1-234-234
2023-08-26	202304030509	0.8087173834780664	2.0511773806524483	1.4042745648939343	0.5879027040776824	0.698657055477008	0.5022155877943788	0.3220613602801277	0.09054149166104886	0.12449581938018907	0.4678085799546199	14.98772222672677	0.06672127924927483	umaren_nagashi5
2023-08-26	202304030510	0.08443186627785833	0.9676325938438789	2.0175430442748423	0.16515859004591224	0.32096046911861953	0.06679590094824439	0.2910501779616649	0.01175208199172939	0.06207828948902143	0.300925216594635	19.613383858626975	0.050985592654892574	umatan_nagashi4
2023-08-26	202304030511	0.5242541464379271	2.169665111788644	1.768712585085848	0.371361746317444	0.3324352979613242	0.046112876842375805	0.2826674627104562	0.03200155444262509	0.05963883074952856	0.28723656182313256	19.691468141208663	0.050783415072403026	wide_nagashi4
2023-08-26	202304030512	-1.4104457137431257	1.0670921218739808	1.996338945460336	0.17305243778968352	0.3875604759647824	0.03969973392336684	0.2525603032160656	0.06938612635113384	0.07328262480832967	0.3633948506405944	18.382861370570126	0.054398495416004215	umaren_nagashi4
2023-08-26	202310030501	-2.5931526755040517	1.6506279085769342	1.0607701931725921	0.6247844545347745	0.8752822228816911	0.8027719894945573	0.3638704033196456	0.1656836585814388	0.11923713001643246	0.48669932191828136	14.753327065694213	0.0677813211587569	sanrentan_1-23-2345
2023-08-26	202310030502	-3.445048603576625	1.2778694327527995	1.7978262404975578	0.32327604148224043	0.6422349073201323	0.4492253188591159	0.34833710215221714	0.11880893284855543	0.0857000511408076	0.3519780993115294	18.53560757198275	0.05395021426281901	umatan_nagashi4
2023-08-26	202310030503	2.7354167906414606	1.6949915169137508	1.7539517204852002	0.4365559062352885	0.39013174909752935	0.008504429014991766	0.262037986044441	0.006894075908423447	0.10106209261807336	0.405059392339782	16.67267865197377	0.05997836465717622	sanrenpuku_box4
2023-08-26	202310030504	0.6218788320303333	0.5362317296379187	2.026241164699505	0.15539359258903387	0.35859495552256904	0.09520252816155073	0.280802637935747	0.028642996595570458	0.06176518074882188	0.29832281582223064	19.611849877069616	0.05098958059888122	umaren_box5
2023-08-26	202310030505	-1.8455193955031521	1.8436082791291326	1.6272255177860135	0.5608538816227844	0.4558372635870548	0.10117839180556593	0.25969292445036124	0.04883291757855443	0.09653921897452712	0.4226580545946027	16.37851202567037	0.06105560739783198	sanrentan_box4
2023-08-26	202310030506	0.07563030269871568	2.4961679236824295	1.1806254679528303	0.7281768916754725	0.7381919773486212	0.5568490500710522	0.2900538195994462	0.0048652197094203875	0.17011282861067942	0.544023996825977	12.394920305050299	0.08067821134699438	sanrentan_1-23-2345
2023-08-26	202310030507	-0.60993294358821	2.0988629382743955	1.921195566932151	0.23784067532726008	0.6059982068362796	0.3610611681165943	0.3052510025946593	0.13145036884097397	0.0677936240578732	0.30581580652346707	19.57642791486252	0.051081842118949346	sanrenpuku_box4
2023-08-26	202310030508	-2.022637218800038	2.025213404752179	1.9417538338779474	0.23867838217988827	0.46853117291567636	0.16539233691736765	0.3067902703272618	0.08391792012583446	0.06805601214713183	0.30893850716236454	19.43036881059023	0.051465827012761846	tansho_minodds_top3
2023-08-26	202310030509	-3.376402906903283	1.4607778392082442	1.723832450642672	0.37176420475943867	0.6585255123691673	0.4806877951520308	0.2823793915994009	0.03924271537411872	0.09267337742170922	0.3651463244410156	18.068446587296215	0.05534510092877006	umatan_nagashi4
2023-08-26	202310030510	-3.7379111408506294	1.2150236993643555	1.894629089081089	0.2744403933904829	0.4036537890664877	0.05858754413289052	0.22361649869894745	0.0010957883814666225	0.07491825852582168	0.35429643685307244	18.604360822332225	0.05375083882482134	sanrentan_1-234-234
2023-08-26	202310030511	1.7955398603184618	0.4887836913071986	2.013825754275659	0.17015758490677851	0.4055142548431902	0.13893344974360294	0.24741256100535916	0.02650826696874864	0.06657638063263972	0.31448262239581665	19.348627595850235	0.05168325221239326	tansho_p1
2023-08-26	202310030512	-0.5891473280631583	2.1945781814597654	1.8543973738629194	0.331082374809404	0.4591174285297315	0.07520459509651861	0.2549959648291443	0.06282864052868595	0.09492151321981901	0.3941788384204658	17.402252345783264	0.05746382595367374	wide_nagashi5
2023-08-27	202301020601	-2.9614932357030472	1.285831931253341	1.681398435846089	0.49311099152892396	0.4884679099116254	0.13085112068619648	0.2603178227738912	0.0924607978409775	0.08989887629755565	0.3915680814005261	17.631562583340912	0.05671647054951583	sanrentan_1-234-234
2023-08-27	202301020602	-1.5632603162879533	2.2382098859687463	0.9639580257811589	0.7588046484251161	0.8247896073190165	0.711795398860184	0.32167207644479784	0.07801118696569392	0.15134592081735268	0.5415419801314012	12.603556591483326	0.07934268337206783	sanrenpuku_box5
2023-08-27	202301020603	2.5238816536077158	1.9200691376364138	1.564553834076697	0.4436044625072374	0.739775589950997	0.6436896616828395	0.31630111468026767	0.03762914356974384	0.09303153216250218	0.4082480885738125	17.07403131840895	0.05856847638095966	sanrentan_1-234-234
2023-08-27	202301020604	1.0913193816902937	1.5678541902425507	1.595879603996806	0.4529649756986781	0.6636968008890864	0.5010532737816953	0.29566198009277833	0.04455649404791606	0.09186308805676544	0.4179470459685287	16.61035282342055	0.060203417147768404	sanrentan_1-234-234
2023-08-27	202301020605	-2.4797675153352543	1.0367703116360834	1.31417510191778	0.8641848293443456	0.4887557794694979	0.24043070415056467	0.3179526594138997	0.018233103971353914	0.15591432454650567	0.5830486283074917	11.35937480429623	0.08803301389630967	tansho_p1
2023-08-27	202301020606	-4.9112646445039125	1.2012157093538816	1.7982121917172802	0.3771677882049101	0.49529506672893764	0.1595355114036331	0.2403937832327996	0.007100816144837513	0.10931285083383208	0.4441910729838256	15.967342363570717	0.06262782980600998	umaren_nagashi4
2023-08-27	202301020607	1.2355502366726068	1.3166956315105816	1.7458263517075732	0.4529574326442247	0.44224862323697917	0.07141500467022377	0.24457182155110901	0.01421577867419857	0.08816322973252617	0.3885036666820638	17.448617495767593	0.057311130824121974	tansho_minodds_top3
2023-08-27	202301020608	-4.204954589169135	1.6611074957353125	1.8119409705678375	0.3762916272413972	0.524560567283482	0.3167601524495697	0.2692435253198834	0.003275487798120924	0.08065145954136561	0.34731737826782294	18.695596755770612	0.05348853064512843	sanrenpuku_box5
2023-08-27	202301020609	-3.510037519386703	0.8422359417947362	1.963361487253967	0.20947408093818248	0.5625271193072723	0.2691430470408763	0.30607480621378796	0.13385045373838558	0.07102154022206514	0.3126283804924099	19.413236538714127	0.05151124584536881	wide_nagashi4
2023-08-27	202301020610	2.0379074291574737	2.0350710339113536	0.9019214208925712	0.9251596767240308	0.6692428163482513	0.35187753327051985	0.2096327159564858	0.04006540046805063	0.13587197034276716	0.5181672116477644	12.590909843537315	0.07942237792396567	umaren_nagashi4
2023-08-27	202301020611	-2.6379297956353867	0.8426382510930458	1.906162718948611	0.22411911777596444	0.7155040257031676	0.6152050317493666	0.2691112886593706	0.007545145201420578	0.06777752527544036	0.31832441204990336	19.358729894336495	0.05165628145328664	umatan_nagashi5
2023-08-27	202301020612	-5.665737659401411	0.9799613851354089	2.035243866766348	0.13732071861064932	0.44267853100565785	0.08965206978713453	0.25398776739311657	0.004100409125334964	0.06289073356132248	0.3031635118421754	19.59960407587371	0.051021438807070496	tansho_minodds_top3
2023-08-27	202304030601	1.7502243712211278	0.9002310090858147	1.9282114914921764	0.27780205262043683	0.351180308023464	0.11927841918780113	0.27891299058806945	0.0054489156636851055	0.06214324480211454	0.2953011673526667	19.429504620525538	0.05146811612188965	umaren_nagashi4
2023-08-27	202304030602	-2.280978529228525	2.1097865004170244	0.9195605532928821	0.911286192597004	0.6960722807633756	0.421301115903314	0.36937805294420334	0.22363799160237202	0.25349935867662043	0.6207687247703152	8.911797666511822	0.11221080610455683	sanrentan_1-23-2345
2023-08-27	202304030603	0.9241889224264941	0.9812555120720311	1.6264249856227067	0.34438078840287545	0.9114748801693306	0.8665181603045111	0.3091020396850223	0.011666436499836508	0.08158617083350952	0.32026888843185447	19.097080386937904	0.05236402527184124	sanrenpuku_box4
2023-08-27	202304030604	-2.363360669440069	1.433125662840505	1.5298890932214901	0.597599962907884	0.5565604545099532	0.32162562494429947	0.3049985624809186	0.009401237889276048	0.1628468296572135	0.60174825287606	11.004635936812063	0.09087079352210632	sanrentan_1-234-234
2023-08-27	202304030605	0.7081945829721638	0.995271619074796	2.0348972910794454	0.13467241434274155	0.6169748067777517	0.46838322259392773	0.304523247628243	0.054186099130202614	0.055933450089575475	0.2730607254863324	19.91894709605297	0.05020345679808319	wide_nagashi5
2023-08-27	202304030606	0.19781698475380954	1.8369169300795907	0.8083578028319891	0.6641834238123367	1.0000000000000002	1.0000000000000002	0.2434930871096948	0.03548846587618121	0.0767246131420724	0.34276104188589507	18.73969355252103	0.05336266557387067	wide_box5
2023-08-27	202304030607	0.7204863674085508	2.273521986204728	1.6085495502435223	0.5681910872629524	0.42601118487075296	0.1040363643340706	0.2571561966284882	0.01863366212599915	0.09282301552368373	0.387516027282351	17.29677144758761	0.057814257593111144	wide_nagashi4
2023-08-27	202304030608	-0.12247314091513133	2.0647540690411863	0.24754303842913933	0.833142118932429	0.9999999999999999	0.9999999999999999	0.30388683401031685	0.038472438336517256	0.1563249622954537	0.5124331873997614	12.775316659563165	0.07827594623663862	sanrentan_1-234-234
2023-08-27	202304030609	1.50779523989024	1.3195723152392882	1.9794673150151239	0.20270530126654968	0.4060605838289487	0.10086900485147854	0.2567396641087365	0.010653529350010238	0.06124030544487237	0.29133545857236265	19.66180586163632	0.050860028170208814	sanrenpuku_box5
2023-08-27	202304030610	0.03229975603352689	1.165399985991027	1.9730793942051528	0.21856013972003874	0.3192542490281496	0.013109541051214313	0.278282645194801	0.025518456503831943	0.06477763506343182	0.3119241304103095	19.427674737059508	0.05147296387932815	tansho_p1
2023-08-27	202304030611	1.2834842965386526	2.2700168348756917	1.9945318318776888	0.16379620185716806	0.5142241604611376	0.3187283908779268	0.25776391028018103	0.048668024159463835	0.05592064711488484	0.27552151836806	19.89203112857746	0.0502713872472968	tansho_minodds_top3
2023-08-27	202304030612	-0.5091031863531111	1.8681122623803637	1.934383060577743	0.255944298272074	0.4249294812656595	0.22579925812168308	0.2622231830965979	0.034751034734313735	0.06373362863292821	0.30363829690017813	19.376655616477358	0.051608493219522794	umatan_box4
2023-08-27	202310030601	-1.6560970667426627	1.7697276923891876	1.561929737772508	0.5661505056325329	0.5711562365764383	0.2035366695164345	0.21326805797521228	0.028199674714265127	0.10036750884544247	0.3791052644488936	17.479388361877227	0.05721023981485605	tansho_minodds_top3
2023-08-27	202310030602	2.330093990358427	1.8528357745169521	0.6345663590321842	0.8607109171835959	0.8825019062381332	0.7899787182868458	0.2828313588593905	0.039260289483120187	0.1952533891512584	0.6257027408985725	9.931063311931348	0.100694152135611	umatan_nagashi4
2023-08-27	202310030603	-2.210021194234743	1.5101008413860941	1.913996126499556	0.2635186579057981	0.40376169452232746	0.09603896823476332	0.2567572204824307	0.03335632494462798	0.0748628585980493	0.35679509841643564	18.556964760693987	0.053888123025276596	umaren_box4
2023-08-27	202310030604	-0.4128104607032692	2.6755315788950536	1.5178377615261827	0.5463247326042865	0.694429492605058	0.5098171936203678	0.31981701725170725	0.0600595132208403	0.1186204524771766	0.42515933227130953	16.17308469053898	0.0618311236931187	wide_box4
2023-08-27	202310030605	-1.833700814248296	1.271064905209689	1.2986142130958442	0.6214298400025646	0.7307634102649778	0.5940527372769182	0.3093283973706987	0.004667246281216841	0.13544966345946313	0.4737538844511048	14.192464881714322	0.07045992421572995	sanrentan_1-234-234
2023-08-27	202310030606	-1.5018305755872856	1.7719749648527012	1.259721696502187	0.633930955917785	0.7886319681645734	0.6202302309616148	0.3030219775123212	0.05557956595132235	0.15670213191923277	0.48400450642367887	13.84246196785353	0.07224148437772909	umaren_nagashi4
2023-08-27	202310030607	0.7692779570938572	1.2766734862830245	2.010389807436725	0.15781568275084423	0.6213993644642237	0.47745209733777305	0.2578398253931572	1.4301227086899182e-05	0.05864304742375668	0.2758854752536822	19.866193687704303	0.05033676887077396	sanrenpuku_box5
2023-08-27	202310030608	-2.010159498302545	1.8990595703772688	1.6555382710779334	0.5243339536056056	0.450200905289452	0.07779643193576663	0.239710491930415	0.0010470491353904432	0.12370894016868247	0.4648902407442667	14.782233093096483	0.0676487776712853	sanrentan_1-23-2345
2023-08-27	202310030609	-1.9857593650018435	1.309378710859307	1.7941430601931954	0.3889708581786516	0.49615700944976776	0.18118423280044893	0.26237488026416717	0.04333167394393561	0.10050537141059394	0.40496935700610404	16.978766931064445	0.05889709211865053	sanrentan_1-234-234
2023-08-27	202310030610	-2.4771342244398094	2.0730468894403336	1.717065030556757	0.4478185276678213	0.5356971523786059	0.27540397900725394	0.2782499374632589	0.056343778660610494	0.10425572297993041	0.4079581144837612	16.960496856006408	0.05896053685749536	wide_box4
2023-08-27	202310030611	-3.796315236075705	1.5312728276938357	1.9015246357349964	0.27645780461803665	0.48416661177751974	0.14566217610568005	0.3354127001880736	0.16394820625587736	0.07829255479992418	0.3314726865742288	18.944828613111298	0.052784853345567984	umatan_nagashi4
2023-08-27	202310030612	2.496535351578104	1.096641253339808	1.5332015324173405	0.4482162211636641	0.8129070716551736	0.6788547777002917	0.34876299755866486	0.09972059061472555	0.11594118259742135	0.40970098662354204	16.639443756775155	0.060098162812253005	wide_nagashi4
2023-09-02	202301020701	-2.85490890944906	1.2736466494652612	1.3334796621813942	0.6238724049591079	0.7602385664750091	0.6714925137465297	0.29664630614770315	0.006458207594290999	0.1060519379884712	0.4590701257615404	15.440386861432248	0.0647652166344257	sanrentan_1-234-234
2023-09-02	202301020702	-4.318575267336772	1.6977042696150788	1.8152022278680515	0.37689208813797176	0.44955466264211996	0.11828779095810188	0.2872357837186463	0.0570308336438749	0.09212172124767666	0.3823976071570626	17.460374328662915	0.057272540735762004	wide_box5
2023-09-02	202301020703	-4.968863742055854	1.0575819111082112	2.041751903056946	0.1262176157119506	0.30166147056292847	0.0012637387607976613	0.2975511728498885	0.04713545618999354	0.05161698131975144	0.25765353075234787	19.991619742260017	0.05002095942661981	wide_nagashi4
2023-09-02	202301020704	-3.255916714213819	2.198237235633699	1.8650390877123773	0.32337124634090036	0.4289398203269142	0.13529932998932587	0.2311633840697574	0.010804133893880907	0.07207445049563448	0.329452829176247	18.993259549151514	0.05265025718266842	sanrenpuku_box4
2023-09-02	202301020705	-3.960145466100359	1.0066235224236804	1.8414433355770086	0.37505854881300205	0.34326950508931836	0.038184207408759774	0.2710532008879484	0.014061463007951358	0.0744120204831461	0.3368920116201989	18.716145945657427	0.053429803491782606	sanrentan_box4
2023-09-02	202301020706	1.1654928282193469	1.1760685440904266	1.9367881720946545	0.24097206177128583	0.3700982673594504	0.11290216738454367	0.28286727741676093	0.062017620265863216	0.06668832336468954	0.31593705998426447	19.360717201507843	0.0516509791239613	wide_nagashi4
2023-09-02	202301020707	-5.415166805512569	1.6135640120150794	2.0055250113962373	0.16884691911827607	0.4434259802793873	0.13115577270118	0.2970505171243088	0.0468314997682554	0.060992723138546805	0.2911270583316057	19.696581451770534	0.05077023149670013	tansho_minodds_top5
2023-09-02	202301020708	-2.2820214116147577	2.025926693351634	1.8697929308888024	0.2934999876730089	0.5087097894816451	0.3011158303237923	0.25974062047351243	0.002480468201544128	0.06684411246799495	0.3092188912510161	19.512462575614308	0.051249297525866856	wide_nagashi4
2023-09-02	202301020709	-1.6284366273243838	1.218876884090029	1.8531197958315586	0.35189840886777357	0.33870434087037127	0.028816416359083497	0.26831918004515104	0.010756535026697656	0.07548313716322413	0.344797089080994	18.602533238049354	0.05375611951358401	tansho_p1
2023-09-02	202301020710	-4.376408220057155	0.9544796926423611	1.9268177398350248	0.24560088954633424	0.529184436582838	0.2825832204540022	0.30835142178315134	0.09969476958000156	0.06881071020229064	0.31956743602199544	19.334880683997984	0.051719998501341895	wide_nagashi4
2023-09-02	202301020711	-4.4205436971744945	1.4752383250601544	1.800657511489848	0.35913893627841015	0.5383347652025567	0.20940589630511436	0.29712171363355644	0.13987016257192106	0.08621637038642581	0.35200431945767435	18.51340691504611	0.054014909551158063	sanrentan_1-234-234
2023-09-02	202301020712	-1.558757073771313	1.877018705712141	1.6762492519397232	0.5207006017888969	0.37429586270135706	0.017684326762469005	0.27859871792068486	0.034802408332895746	0.11879640615392249	0.5161930544631811	13.602531657824214	0.07351572671582773	sanrenpuku_box4
2023-09-02	202304030701	1.9756184376046821	1.0841065779631345	1.8932424363422018	0.28327797002390204	0.4508302385663498	0.11208992210280982	0.33654967844838624	0.13294648532115402	0.07442186916167386	0.32924176672853883	19.062938883461005	0.052457808636610564	sanrenpuku_box4
2023-09-02	202304030702	-2.2745381846868447	2.49638477612491	1.4143640739014116	0.6652330379110255	0.6264775891869604	0.38592935941204765	0.33493867054245585	0.032192246893484766	0.18242922135761394	0.5822431854934915	10.959893178613944	0.09124176519815919	umaren_nagashi4
2023-09-02	202304030703	-0.505863489434547	1.3074732259763915	1.8492893943510205	0.30117506003200206	0.5504987051608644	0.32544745695952537	0.2771957550710363	0.014187790629448083	0.07388678431414701	0.3330484050132611	18.98508259115271	0.05267293387841319	wide_nagashi5
2023-09-02	202304030704	0.39329320210913327	0.1906480002161878	1.5930179129305575	0.46209193211863386	0.3672913366493131	0.11909371909368044	0.28459612963242686	0.035234574409514996	0.057842847402347256	0.2800734539442172	19.798174122254036	0.05050970831072524	tansho_p1
2023-09-02	202304030705	-0.34144950549443553	1.5550602158633238	1.7477620878299107	0.3778531959231536	0.6408821827526578	0.40508534976494626	0.35059604134469935	0.14419161085117888	0.07815211065417992	0.3415549194525231	18.715132296690847	0.05343269735671689	sanrentan_box4
2023-09-02	202304030706	-1.0753138490478014	2.1265758239473525	1.8158701812458968	0.3769624461684277	0.43653069868906386	0.18926759319934705	0.24396677955555524	1.1281725480732918e-05	0.08838912599222193	0.3934624480138903	17.473165414376354	0.057230614847681376	umaren_box5
2023-09-02	202304030707	0.2506814553575944	2.023511324362969	1.600122030282384	0.5074514893120172	0.5735582880808695	0.2671774065168569	0.2655562663243741	0.0651028689294827	0.11725924144698205	0.4280255219951364	16.201814016690395	0.061721483715949585	sanrenpuku_box5
2023-09-02	202304030708	0.34731504655643125	1.8395193868636397	1.4215542800060317	0.5638296122338691	0.77560815200711	0.6571385825156547	0.2938454171012303	0.0056885246114434795	0.11249906263631317	0.39961278285428276	16.49914389397307	0.060609205327634454	umatan_nagashi4
2023-09-02	202304030709	-2.604797881409403	1.5752213400768114	1.676691726069939	0.5525798786181411	0.36348096538209584	0.039152497615469906	0.26729724658464704	0.003867687234788364	0.09090833909957438	0.3910281082174352	17.120654885115272	0.05840898065583939	sanrentan_box4
2023-09-02	202304030710	1.2133603622698506	1.5661147686262786	1.5732547079557357	0.5647326052750719	0.568337954530961	0.28714556568420624	0.2990082380902947	0.09223799606414071	0.10067918064621399	0.4066264015425104	17.033592922645912	0.05870752016566714	sanrentan_1-234-234
2023-09-02	202304030711	-1.7492868717709247	2.3386288610618013	1.903739360950816	0.268096977992749	0.5254567576610173	0.2799176925698721	0.3067122503934728	0.09385434550875871	0.0651732416609023	0.2970454026945304	19.64644276547076	0.05089979961957955	wide_nagashi4
2023-09-02	202304030712	1.6499487891205995	1.5325617717211808	1.8206284037017033	0.33377166638423983	0.5399065929811432	0.30125699946379003	0.2801518711991645	0.03836666920721185	0.09293882619111846	0.3816274144513662	17.824847982316978	0.05610146021957906	umaren_box4
2023-09-02	202310030701	-2.749928668859767	1.762227221388123	1.3914232865642757	0.5248993015607276	0.8533986591506977	0.7749632879401619	0.3143351207446491	0.0959282403046545	0.0868762584343281	0.3832039503596349	17.856661499230146	0.05600150957910654	umatan_nagashi5
2023-09-02	202310030702	-2.7604617707833854	2.0541997121142432	1.386833452489244	0.6599413542150867	0.6356783118050824	0.3945080234550463	0.3140507615865957	0.01824688023803217	0.1831043101097147	0.5555553294674574	11.722227955387227	0.08530801514915314	sanrentan_1-234-234
2023-09-02	202310030703	-0.4859953088792616	1.6639689992954279	1.618725302764324	0.4724216384677878	0.6448090898223637	0.49714130999071027	0.2906381815326022	0.0018880107693190484	0.10749967960137842	0.41369298524273024	16.52267768495347	0.060522877651402664	tansho_p1
2023-09-02	202310030704	-3.0230664496577937	1.3923024836006348	1.8787954440785883	0.2640735942420725	0.5963104422834403	0.40673009991661724	0.27249364981574214	0.041793609068649124	0.07792118014525308	0.32885948705837464	19.047773032045658	0.052499575583855214	wide_nagashi4
2023-09-02	202310030705	-3.342959554141091	0.9088998024624078	1.9742845237277367	0.1959511130226956	0.3147574953565548	0.008592358758584995	0.2843551649219348	0.03249490258186222	0.06035064448737037	0.29204925637910434	19.69161682704661	0.05078303162117654	tansho_minodds_top5
2023-09-02	202310030706	2.3109980492105606	1.4927882271816564	1.7952943760795637	0.4069602435509414	0.42156083806142924	0.1032954243324945	0.23403389693599896	0.00014342144060802697	0.08645266763756639	0.3793664757798893	17.599912856663174	0.05681846314491317	umaren_nagashi4
2023-09-02	202310030707	-0.36869659476515493	1.4197703783839788	1.6398781213869502	0.47619238194514146	0.5770226384185935	0.3395298210161901	0.2866915034780486	0.0631015860610338	0.10101254158029326	0.41671260302211033	16.792792286905414	0.05954935801711632	umatan_nagashi4
2023-09-02	202310030708	-2.965349044080304	1.1489106369372308	1.7844708895794048	0.42329011631847824	0.4179967473289727	0.1833264627200858	0.243194517143991	0.0017475284456099638	0.07727563528457211	0.34453842623515435	18.470537751865706	0.05414027536361199	tansho_minodds_top5
2023-09-02	202310030709	-0.1835848522347464	1.727965693298465	1.7318789049774344	0.38735250003284355	0.647128750570043	0.4554954584018869	0.3161647334787802	0.09179461581359424	0.08212701839858198	0.3500430646330296	18.59366648591994	0.05378175416651957	umaren_nagashi4
2023-09-02	202310030710	-4.327345903037796	1.1061527637313526	1.910436779096188	0.2514317179496209	0.49371468711899896	0.2506682290381861	0.27261476490114717	0.06077348648621039	0.0668247988999502	0.31357909418519553	19.407397948578122	0.051526742670480706	wide_box4
2023-09-02	202310030711	-0.8071482509311801	1.061393656135423	1.9135778610074357	0.25567595953285566	0.5813835757663649	0.24788703071441354	0.32682537875804374	0.19749657273285098	0.06961650870454383	0.30998039058689236	19.44235983611846	0.05143408559604375	sanrentan_1-234-234
2023-09-02	202310030712	-1.1213389317816382	1.8659345603343727	1.4999580629521951	0.5789565334233993	0.6127579458794876	0.3404216137621811	0.29067262266613064	0.03693175230593887	0.1399261047906274	0.4622853913763956	14.842170068992415	0.06737559233936784	umatan_nagashi5
2023-09-03	202301020801	-3.4447356931151845	1.2685478288579344	1.60805760777528	0.5756954348634806	0.414411023400772	0.0395214373031455	0.2751910624168028	0.029617443111393027	0.130184992228941	0.5042232645307276	13.528213832360331	0.0739195885274919	wide_nagashi4
2023-09-03	202301020802	-4.373460047320922	1.2917247156771867	1.8459024255525311	0.32045890272986277	0.4583925616932687	0.14960930292228214	0.2607150280305926	0.06447988069181437	0.0776733213145649	0.34321149521187555	18.773337368510695	0.05326703400522391	sanrentan_1-234-234
2023-09-03	202301020803	-1.644053105249736	2.649937347855874	1.2069747809823097	0.8001250797036875	0.723771621680764	0.5752579215071768	0.30535546934001184	0.011002413564877411	0.13226051977714592	0.48108625019815404	14.257893208341478	0.07013658928339828	sanrentan_box4
2023-09-03	202301020804	-1.773723276581882	1.672028274034727	1.2323465670488267	0.7197532347615905	0.6686292150391134	0.4102212624542836	0.27298498198036336	0.053687925808297315	0.14494223687265947	0.5007676189272314	13.646386793532743	0.0732794706122442	sanrenpuku_box4
2023-09-03	202301020805	-1.872564053560784	1.9245522361832177	1.7015925102769192	0.420830231123673	0.6424838804673088	0.43702767922085517	0.2884706286136371	0.05346100084270755	0.11641073016050017	0.43667684751018543	16.000324636074453	0.06249873191606328	umatan_nagashi4
2023-09-03	202301020806	-1.1602289306612639	2.0472368047771567	1.4250936493839768	0.6573762276683459	0.5609503895332294	0.20823460208194855	0.22222072293652717	0.011680225810409978	0.12903143150399182	0.4594042402760069	15.101183770786262	0.06621997422046694	sanrentan_box4
2023-09-03	202301020807	-2.379479785898903	1.7123386434334744	2.0011607988353832	0.18547155508917895	0.4073181352979258	0.09969357064912615	0.22268217587083342	0.008460503506458855	0.06910646396642446	0.3216794572785075	19.193883011375974	0.05209993201517966	tansho_minodds_top5
2023-09-03	202301020808	0.8053204730023952	2.712222555367524	0.631395487364288	0.8147823813207433	0.9187097819312575	0.8546000391727725	0.3064421629092468	0.0448363289066151	0.1841008277845973	0.6038991610972783	10.88162157349975	0.09189806806324911	sanrentan_1-234-234
2023-09-03	202301020809	-2.612536680452263	1.1119944371012322	1.386076242109262	0.4207309813735634	0.9305931116933446	0.8953165538822468	0.3064513555272207	0.013597752030230947	0.0843064760664263	0.3603550324498416	18.445369416354858	0.0542141486802284	umatan_nagashi5
2023-09-03	202301020810	-4.549421613956853	0.8408555865059286	1.9287698462652925	0.266469711662167	0.42341045105436226	0.22455832075758544	0.26194351533627025	0.032967548623177245	0.06307819969241342	0.3063242190877533	19.28197552513053	0.0518619058870126	wide_nagashi4
2023-09-03	202301020811	-6.406458553129651	1.0461980470774552	1.869704914302166	0.330976019148991	0.32274863951436195	0.012626953464350665	0.28206863247706737	0.031119913907204033	0.06419908651422433	0.3034513655647501	19.451187248013184	0.05141074358338428	sanrentan_box4
2023-09-03	202301020812	-0.7363503916481478	1.2741018288099744	1.7509623724215155	0.41699725032783846	0.4857850749945604	0.19696655558483994	0.25462261038983647	0.014657589814309147	0.11309209763612188	0.45020771198519355	15.661218399226712	0.0638519925147954	umaren_nagashi4
2023-09-03	202304030801	-2.9929522136981195	1.1983005649689935	1.806790515630769	0.34359843141464375	0.590364711036999	0.3553221118804353	0.2785381091080608	0.04881358123440413	0.08448724079723069	0.35058559388134525	18.575904332870646	0.05383317991310219	wide_box4
2023-09-03	202304030802	-2.9490596342628708	1.557073524860029	1.8301912796157687	0.31137658787324624	0.6507514439772182	0.5072638671323891	0.3089349594693669	0.05672928120913634	0.06714757737208717	0.3119927666404699	19.44197022659404	0.05143511631512183	wide_nagashi5
2023-09-03	202304030803	-3.6818510214723217	1.8645540865898187	1.533420781278746	0.6502511571751837	0.5052245067419364	0.3180492341828727	0.2708930394979542	0.004203839342432625	0.09562336738147777	0.4107233479839827	16.31648367117051	0.06128771493620857	wide_nagashi4
2023-09-03	202304030804	-4.442347316055994	1.4449045755938086	1.5705199597990358	0.35665243250652956	0.8831386608691852	0.8049472789772348	0.30402559317364314	0.08186831909067296	0.07870172600222318	0.35621207527194565	18.55149318274979	0.053904016789864416	wide_nagashi4
2023-09-03	202304030805	-0.13008710629779963	1.006419175174821	2.008417828960303	0.1648028128489746	0.5551825109493862	0.25982104014985113	0.30515690293857944	0.1395127304185096	0.06311401507263646	0.2920038833622269	19.737223795227695	0.050665686845066435	tansho_minodds_top3
2023-09-03	202304030806	-2.6794967328203345	1.3609345063005978	2.0239616371625213	0.15797771076968647	0.37333451310889504	0.12788537095028174	0.2801829589006226	0.06281820211980146	0.05840124482688636	0.2834710997828084	19.774791805312436	0.05056943253032647	sanrentan_box5
2023-09-03	202304030807	0.008533338897892545	2.388395348261513	1.6109838231086588	0.5683064700798229	0.35590814991177383	0.009914863800901508	0.2558635167608686	0.007517214895475605	0.12882574658504242	0.6030100117973085	10.980900812732003	0.09106720997247622	wide_nagashi5
2023-09-03	202304030808	-1.3866615852326527	2.851544818179159	1.5178253455998316	0.6839184651451949	0.42377291631756037	0.10622434730790137	0.28693943713281905	0.037796328891066794	0.1276230515937275	0.49015462821541833	14.059891542527925	0.07112430398024273	sanrentan_1-234-234
2023-09-03	202304030809	-0.9275791929941613	1.4851999970006815	1.776528866515576	0.4194354602207459	0.4524285674336814	0.2317993136349888	0.2500867159693426	0.013765011831909896	0.08069039304896257	0.3668314978132448	17.93081860262804	0.05576990220922956	sanrenpuku_box4
2023-09-03	202304030810	-0.9123516323717739	2.0234312355471995	1.5287689159611022	0.5855899329312334	0.5410667864456601	0.2146463665335166	0.24106271539538654	0.037572889489816214	0.11713872967838473	0.4487576213768597	15.746151700732467	0.0635075807096081	tansho_p1
2023-09-03	202304030811	0.5297375809962411	1.552443777465122	1.9435092200824853	0.20194857057601548	0.717616007736396	0.5708338407161955	0.3916004891382333	0.17991825739715345	0.06469564480795252	0.29411514146310325	19.696238565126254	0.05077111534232627	sanrenpuku_box5
2023-09-03	202304030812	0.550567446878676	0.7525416900857475	1.9833754484663904	0.20101551537780651	0.42441347595838946	0.12828612547625512	0.2240610528536195	0.00969055705099256	0.06791012252504626	0.31142757136068044	19.417165375608707	0.051500823145698274	tansho_minodds_top3
2023-09-03	202310030801	3.8050652537439626	1.540638676723105	1.087471154937188	0.745847359783609	0.7497143795920214	0.5661699992088012	0.30853734621075807	0.11762048098874961	0.13346514585833663	0.5193247752859081	12.91033625242363	0.07745731640508373	sanrentan_1-234-234
2023-09-03	202310030802	-0.5159003349646228	1.3125228749366613	2.0113374840462566	0.16014619044581668	0.5541229637448325	0.3536829549305843	0.26151091337217997	0.0450700826246013	0.06295475248840125	0.2938386488029805	19.691785299625955	0.05078259714821261	sanrenpuku_box4
2023-09-03	202310030803	-3.1341712921870934	1.9075357787467118	1.6442273450348397	0.5454700060625257	0.5049812926927583	0.2548128361292854	0.27664681216065773	0.039240463944734905	0.08956497927621614	0.3778170719355062	17.883880650297762	0.05591627564252115	wide_box4
2023-09-03	202310030804	-3.522835465675786	1.6019124600693986	1.4630904858896268	0.6489173125933166	0.5434462086022055	0.19971840426789533	0.24257838523701747	0.04484448751207332	0.11236301060282737	0.4454362010207299	15.601368694554152	0.0640969404401719	sanrenpuku_box5
2023-09-03	202310030805	-4.457312111980067	1.3470345013522942	1.9897530264454566	0.19264183699594328	0.5040819381832989	0.20594331867356247	0.22416616594405725	0.030832447128910506	0.06661007324118583	0.311971603226644	19.41252842898829	0.05151312481823453	wide_nagashi4
2023-09-03	202310030806	-0.11322220614177093	2.8807369411220978	1.9314453187205867	0.24661342264277442	0.554738292168943	0.3262979151215798	0.23786806120345655	0.03138718965137646	0.08942852904473785	0.40544832191652974	17.31243832013656	0.05776193864251191	sanrentan_box4
2023-09-03	202310030807	0.11344664993946607	0.9882001016248186	1.9378713541826806	0.23110466610726577	0.5314008684916448	0.20241565285139107	0.30019898298424635	0.16135442900038566	0.07467350582352024	0.3203448745185398	19.27343736838851	0.051884880775868156	umaren_box4
2023-09-03	202310030808	2.317879525063992	1.1406325916326905	1.7938219730967653	0.3969390975877292	0.44967528128226075	0.17976658618481028	0.27433698148060687	0.024294879123868296	0.09931267696736332	0.44653014056574913	15.968923929376981	0.06262162713170458	tansho_p1
2023-09-03	202310030809	-0.7529144444748914	1.3470060717183099	1.9295395091235374	0.26300255612496454	0.42619928830806963	0.06558345289691114	0.28404705886442455	0.0599981356534173	0.0694304006552694	0.3156718098944302	19.318916946279334	0.051762736119251855	wide_nagashi4
2023-09-03	202310030810	-1.2108864079060466	2.285936484145249	1.795587588747833	0.4056000907527714	0.4191732836947753	0.06725847726754086	0.2585295710846284	0.023189743409770702	0.08648525382674421	0.370603174371707	17.807180990611823	0.056157120013954655	tansho_minodds_top3
2023-09-03	202310030811	-0.9247635054417663	0.9360920192098197	1.9353771409102256	0.25383329151826944	0.4750862326988615	0.15050338555812726	0.28710331829550484	0.07940717233625616	0.07827361480142772	0.35009959616759545	18.568661664500183	0.05385417743443586	umatan_nagashi4
2023-09-03	202310030812	-5.039254818382795	1.1407960125862602	1.572356668422941	0.5593250723792512	0.5486643506592194	0.311038008044616	0.2852716473640588	0.04008950138446199	0.10405636891725407	0.4357276469145975	16.14449062486064	0.06194063493462693	sanrentan_1-234-234
2023-09-09	202306040101	0.3560213291985763	0.7012184228007096	1.9164672808877015	0.2441662373964591	0.6238580600676248	0.38615796230734706	0.31184936047364964	0.10289716192561008	0.0656580628430761	0.3077012576621488	19.50519589664148	0.05126839049958918	sanrentan_1-234-234
2023-09-09	202306040102	-2.599501496028209	1.7269881324662986	1.5483669989447237	0.6620106515843553	0.4498649858024167	0.13584234439258586	0.26799814588359294	0.005662005586804131	0.11523851417252193	0.4451037382346742	15.429754159244682	0.06480984659116254	sanrentan_1-234-234
2023-09-09	202306040103	-4.184663732568477	1.7316660099785137	1.7203650846683398	0.4199965454750113	0.5707877398218616	0.25108642922530106	0.2888881769014088	0.08643068160465117	0.11400352242632268	0.41303677956844315	16.603701014171595	0.06022753596601624	tansho_minodds_top5
2023-09-09	202306040104	-0.640129303830271	1.3062669397006879	1.7280996348089466	0.3971217329981388	0.597742157683538	0.35312204635125644	0.31028549333251954	0.11477197508871428	0.09235805075127054	0.3793608090491435	17.745353930951598	0.0563527785295841	umatan_nagashi5
2023-09-09	202306040105	-0.7885766499253821	1.011640847866921	1.7873019452890309	0.32875276164850004	0.6358384697964913	0.4913247007337128	0.2752228360108603	0.03664541363782409	0.08480131226423715	0.35153702927062647	18.44453642177836	0.05421659710673191	umatan_nagashi5
2023-09-09	202306040106	1.3173908477355232	2.5946820234819463	1.8557834681014658	0.3402199261191339	0.3797788765521359	0.0019290192570908804	0.2675644711285343	0.001612774473241818	0.06793316871576138	0.32383500183943364	19.212934002228977	0.05204827122624715	umaren_nagashi4
2023-09-09	202306040107	1.1279318269385223	1.3591126777731632	1.5125179258691221	0.6629949849839879	0.47805800827713896	0.1856848572229578	0.3065494831266065	0.04030447460390024	0.145955841274086	0.523550869442396	12.935565607512261	0.07730624468552463	sanrenpuku_box4
2023-09-09	202306040108	-0.09725911134420977	2.290368943079067	1.151181861136131	0.8611685278205589	0.5601525161996578	0.2036949083129339	0.3640656128899947	0.17851392685475634	0.21278772716181737	0.6173466632742899	9.807949735899161	0.10195810815993372	sanrentan_1-234-234
2023-09-09	202306040109	0.6107844643947121	2.0849147682602633	1.2866385898208696	0.7710643669021692	0.6603634383600148	0.5165837182998294	0.32021390337590616	0.0009175376516882272	0.14484200779264414	0.5114541651971655	12.731102453844647	0.0785477929837892	sanrentan_1-234-234
2023-09-09	202306040110	0.5337485901210982	1.0238246712319667	1.619835591779974	0.5271184968649668	0.5258321205250965	0.32226842627770746	0.2768423916479229	0.0022718553450472023	0.11600642215784839	0.4502192611510414	15.413300468348762	0.06487903107147633	sanrentan_box4
2023-09-09	202306040111	-1.0049103119160188	1.54292695338573	1.3068332417920545	0.6179814642365253	0.7216307213341171	0.48578906587748627	0.31681893722591903	0.09402404934174469	0.15044935470482504	0.45764575305802857	14.6073892120395	0.06845850312359678	sanrentan_1-234-234
2023-09-09	202306040112	-0.010615077627818142	1.7409100700456481	1.7497047399125325	0.388777931479156	0.570500307801534	0.3766760312010021	0.31239588861851303	0.0684563407935053	0.09250326903639323	0.36911068309381473	18.048490551773742	0.05540629545342912	sanrentan_box4
2023-09-09	202309040101	-4.0592905596940465	1.758870151325589	1.5384042929168196	0.6795014606680331	0.42580391856494415	0.18712096245112494	0.2788158305568244	0.00038374222206449815	0.11768874787063058	0.48217948513083936	14.384706194326347	0.06951827771042154	sanrentan_box4
2023-09-09	202309040102	0.5692994509690849	2.5889229691372613	1.7680647875073612	0.432672813347655	0.39753504907466075	0.13357966131115845	0.25758030631131745	0.02144834600622858	0.07866204642446945	0.3482409811957386	18.43609931911595	0.0542414088083765	sanrentan_1-234-234
2023-09-09	202309040103	-1.558726960833454	1.5008507180183643	1.3683674412580733	0.8063303429296479	0.5235957298196368	0.29799930004403763	0.27839383647635335	0.004144881864562966	0.12183150932131409	0.4854941582115868	14.188108112721984	0.07048156047692748	sanrentan_box4
2023-09-09	202309040104	-4.518999286634535	1.6041940099702363	1.5651838349956293	0.48114101722890956	0.7010084215379996	0.5233019150513588	0.349366292071497	0.12547548767112415	0.11394504441920122	0.4129530193743216	16.630075964494935	0.06013201636210148	sanrentan_box4
2023-09-09	202309040105	-0.7329405557216464	1.245847283756536	1.1381166125359443	0.9306617901630954	0.6058982796364416	0.41699412372745626	0.3698786229488815	0.000924657732878198	0.21387956981445244	0.6997893583189042	7.898608643656988	0.12660457621267948	tansho_p1
2023-09-09	202309040106	0.46359519086529993	2.994235765399669	1.1070999897929483	0.8823549574346652	0.6259912831964012	0.4127213644066592	0.43253648012012663	0.07554281053162737	0.2794312751790032	0.8054794516189807	5.938092154625765	0.1684042574551494	sanrentan_1-234-234
2023-09-09	202309040107	1.7572328111829547	1.3048745090000256	1.498704236170724	0.46174943983335326	0.7994175508711316	0.66996058648802	0.34656250969100055	0.1324479319725363	0.09122972164537257	0.3941009750040225	17.67428464398653	0.056579376203508086	umatan_nagashi5
2023-09-09	202309040108	0.7186051031603423	1.7345941937671858	1.603504222504509	0.5426006942421823	0.53432327077578	0.19199509600805587	0.2631135817101798	0.034513444608240046	0.12644787782430142	0.4346663406563373	15.616157803750273	0.06403623814302431	sanrentan_1-234-234
2023-09-09	202309040109	-3.008149391767466	2.2262517614744275	1.5084147842942295	0.5769592383528582	0.62310674749014	0.3879706428858335	0.336295690944898	0.13000750757732926	0.10445096276681448	0.39952355015441215	17.20487694983189	0.058123054463912985	sanrentan_1-234-234
2023-09-09	202309040110	-0.13977701445574867	1.3610783469637504	1.757532634200356	0.408674793108692	0.5259045664024513	0.1921983588436938	0.2918377734120119	0.10515478154600066	0.1018392418266744	0.39164926185174814	17.312196107421997	0.057762746782384536	umatan_nagashi4
2023-09-09	202309040111	-1.0735662149644594	1.7883999002310078	0.7070297574384452	0.7840199079920154	0.9107588585336277	0.840824452305761	0.3075655833271224	0.05223748811910478	0.183160509527651	0.5575660592656241	11.582039231652253	0.08634058130861154	sanrentan_1-234-234
2023-09-09	202309040112	-0.3666796453613065	2.1389981788037797	1.327230215286825	0.801970989009545	0.4838844058034298	0.14800867732508405	0.3954432401565752	0.12410688940602155	0.21658292210917435	0.7358799222546919	7.7999664720717545	0.12820567929113025	wide_nagashi4
2023-09-10	202306040201	-0.8080921449528349	1.957012384067081	1.614937962682464	0.6109293411712307	0.3767017571583134	0.10543174270000838	0.26427471945119074	0.0060955878570977395	0.10810864673706035	0.4748642640002008	14.948738575424533	0.06689527647797539	sanrentan_box4
2023-09-10	202306040202	-0.7454470113602089	1.8037408819022103	1.104578485777604	0.7911351077185415	0.7038889737580317	0.452227074051207	0.24747088974540749	0.011539929141415106	0.1690968404168857	0.5334647071367338	12.412034453657672	0.08056696939842223	sanrentan_1-23-2345
2023-09-10	202306040203	-2.4132955668979066	2.041476299888959	0.9765543074818748	0.6728993022997193	0.949138760648745	0.8982775212974901	0.2675193855783018	0.032030717718770474	0.09751421306400553	0.42677571216478866	16.494532898238475	0.06062614844381525	sanrentan_box4
2023-09-10	202306040204	1.0324237800648515	1.9073672042636411	1.6323619263063414	0.4915585726690127	0.6133939353027851	0.4040105680547925	0.2805952959915941	0.01932011148516838	0.13367765488858796	0.5063932359044311	13.753142363585122	0.07271065575877042	sanrenpuku_box4
2023-09-10	202306040205	0.289651048546299	1.382621614773837	1.8073435248617606	0.3707728942026218	0.49334077044850705	0.19990948110868445	0.24396475002774637	0.024091673720432555	0.09810879375587515	0.42645139214337485	16.6179155766092	0.060176018790681865	wide_nagashi4
2023-09-10	202306040206	0.9079709572867711	2.751493884687412	0.5368806182125898	0.8268442619694935	0.9690143190517634	0.953419758767887	0.28706632200379634	0.002214290935190266	0.13280814313278222	0.4635802047789143	14.180098731205954	0.07052137075740618	sanrentan_1-234-234
2023-09-10	202306040207	0.6277949654138856	1.1470670822191114	1.6074282183341468	0.41767125666319366	0.7413680500802111	0.5713072985432608	0.3499555440023882	0.1377672602343856	0.10395489453364876	0.40368824090812155	17.098318760313443	0.05848528232618282	tansho_p1
2023-09-10	202306040208	-0.9384948631185499	2.526781260781389	1.5670157337144592	0.6406821737287657	0.38271037550239795	0.04040408216331559	0.2616892314434101	0.018146844376591642	0.10723364797035148	0.4703988989436615	15.077477206807744	0.06632409296884777	sanrenpuku_box4
2023-09-10	202306040209	0.29559504844246864	0.7769430952215048	1.9278593048154882	0.2622890515456545	0.4343175497946494	0.23549296489773966	0.2546716971213081	0.024793846740074038	0.06729639778666062	0.30985557739186353	19.28730825171866	0.051847566645848144	tansho_p1
2023-09-10	202306040210	-0.3039466378236511	0.7499854317277516	1.9307886421016631	0.2613012313570715	0.44482050841428344	0.0018840471126776448	0.23500142424292322	0.0013119595206636248	0.07807419273919203	0.3406405155531544	18.794574971093944	0.05320684301390162	umatan_box4
2023-09-10	202306040211	0.06332338552106853	1.4167029032111567	1.968894630646044	0.1855492007195851	0.4531290215520629	0.10647120689098638	0.25676780511336844	0.014750822022914611	0.05931612782259684	0.2844011670654155	19.79563905419601	0.050516176682259405	umatan_nagashi4
2023-09-10	202306040212	0.7060898672244653	1.487043187608096	1.7495103440663444	0.32003057911013116	0.7366737968295053	0.5575455916301095	0.31849060432665677	0.11295954880017778	0.07693642023772758	0.34912346140787026	18.749700239113892	0.05333418600015228	tansho_p1
2023-09-10	202309040201	0.2639428669581363	0.7577029968789989	1.8753975905916098	0.2903297038267705	0.631514135424595	0.43890832852049755	0.2726481669684112	0.028705056054207367	0.06872574796340085	0.3128123793855596	19.398075334110167	0.05155150615595195	umatan_box5
2023-09-10	202309040202	1.2076132269688038	0.6762379478197988	1.76865539464023	0.38377618519991846	0.47936906717149885	0.22568021541516758	0.2687714989985725	0.044643932991776936	0.07595319464239184	0.33450342135482763	18.981022971068636	0.0526841994514324	wide_nagashi5
2023-09-10	202309040203	-2.622674753883493	2.4427298594876503	0.6201344750917765	0.970021950099079	0.8195580475397725	0.6716579323050714	0.6188761033987925	0.4386636878828102	0.5025284906667705	0.8546439483072895	3.4455240178304605	0.29023161493724514	sanrentan_1-234-234
2023-09-10	202309040204	0.3065498335620022	1.6026228818122144	1.901443753805227	0.23761476951813706	0.3984604199539746	0.04025923966928968	0.25431690094359327	0.0012068826340765892	0.06684256751987096	0.3183197582931269	19.30507462541063	0.051799851562538544	sanrenpuku_box5
2023-09-10	202309040205	0.4534489996195179	1.1291007802587427	1.3794519581011249	0.7340015794580376	0.5259250821541276	0.13583683793775564	0.23098244215265806	0.022827033143224346	0.12718460383236121	0.47077351178900306	14.843173338010871	0.06737103833714372	sanrenpuku_box5
2023-09-10	202309040206	-0.5619376228377382	1.4755593725237737	1.5539285490454269	0.616572558591042	0.46563475988326036	0.09215883068953046	0.23896765027257297	0.010140175644002325	0.12542673733912382	0.47908309705210156	14.648991694404163	0.06826408403125757	umaren_nagashi4
2023-09-10	202309040207	-0.3844633937075718	2.7031861425897676	0.9512436785873428	0.6576171830966461	0.9142680965029867	0.8570220376868094	0.3260644606768148	0.05800160547246891	0.1440941044117572	0.4780450888814733	14.38454792936601	0.06951904258030266	sanrentan_1-234-234
2023-09-10	202309040208	-0.7280930782112609	1.4709034147394344	2.0129243585348044	0.17079009358820404	0.4530678940177816	0.10612084513500247	0.21758514105459525	0.0174725470325639	0.0638642548916793	0.3018351954360624	19.570725065768872	0.05109672721063864	wide_box4
2023-09-10	202309040209	0.5992841862922259	2.1221762722935242	1.427507893692449	0.7359529775186305	0.48754384376867194	0.20459187727915412	0.3169467547428566	0.017883569223643148	0.16548708169635204	0.6286143622202306	10.424543060520806	0.0959274659996503	sanrentan_box4
2023-09-10	202309040210	0.15658636743192061	1.7312098115518162	1.5661300820449913	0.6044346930799994	0.4632192850201024	0.09203691952055454	0.26435235116391637	0.007943233947314665	0.13863242960220323	0.4971681409078649	13.685682297007803	0.07306906431830856	umaren_nagashi4
2023-09-10	202309040211	1.0627654617867726	1.0989704735743504	2.01698827474283	0.15775370105437064	0.4181601337084939	0.07307036855975846	0.30305295740440896	0.06931138024789824	0.05820122397988691	0.2801382353279091	19.83794941394258	0.05040843582841159	wide_nagashi4
2023-09-10	202309040212	-1.8106382947765873	1.9347761779794552	1.6063492992360382	0.4883785240942319	0.6168051504601415	0.4350582135898336	0.2966290821756236	0.0014281389575349634	0.11637865084363502	0.43577720776631745	15.91969862022111	0.06281525950056653	sanrentan_1-234-234
2023-09-16	202306040301	-0.8072585763062101	1.517294259817463	1.7791210947962592	0.3497011247757641	0.6497575320004746	0.48515381858493	0.2754094343299122	0.00848344610373808	0.07106015566308234	0.34351307666770026	18.776026785754908	0.05325940420785324	umaren_nagashi4
2023-09-16	202306040302	-7.184463181285826	0.7107017632003501	1.5763165315977745	0.36526599824612516	0.8151773962041162	0.6675830812614494	0.3637973239756127	0.20173169859139273	0.0846227763408607	0.3480055914942115	18.40077112693566	0.05434554851541884	umatan_nagashi4
2023-09-16	202306040303	-0.523591817749267	1.408187041907326	1.5797672370718707	0.5596527560370685	0.5861118470701762	0.3818398725594627	0.2909738658047866	0.004798177743353171	0.1018248229435146	0.4003541257442722	16.91836630693076	0.05910736189642265	sanrentan_box4
2023-09-16	202306040304	-2.7580482885375646	2.1642339524993073	1.1738573752106953	0.8433704108293795	0.5561374289286646	0.18720437498138032	0.2690462612694055	0.0344931567799483	0.1540972323145353	0.5872989807185249	11.651153906107208	0.08582840876179895	sanrenpuku_box4
2023-09-16	202306040305	-0.09686421572095444	1.8180693093865021	1.6714782234078287	0.5431478780429283	0.41544169412103277	0.15374463058063104	0.24383593478990262	0.0022288221674435504	0.08567460365017636	0.37323873905183447	17.764521385214586	0.056291975354444405	umaren_nagashi4
2023-09-16	202306040306	0.9289084673073502	1.9350667704907405	1.2584482797085175	0.6340657532042718	0.7929332813200125	0.6445856101307004	0.3121148702301302	0.010760114139163057	0.16693251710187323	0.5120056657919141	12.61162719342208	0.07929190933597972	tansho_p1
2023-09-16	202306040307	-0.7189754849828894	1.8504719005464196	1.6474557937127712	0.49965128646077983	0.5564168391611247	0.262876222054259	0.27524970636234264	0.021114268326550556	0.12907226712288583	0.46408181445153246	14.89323736107847	0.06714456875664719	tansho_p1
2023-09-16	202306040309	-3.480805720241463	1.5246966541718556	1.1818154048091718	0.7390949875290933	0.7410893758767738	0.6049708158237603	0.35710822651968627	0.014735112021659835	0.20451571013521994	0.612160176276207	9.527477272183512	0.10495957864099102	umaren_nagashi4
2023-09-16	202306040310	-0.6625647284796807	0.7841547716578764	1.86160935029911	0.33795747072549054	0.41729200422189194	0.14429692971980929	0.26246377226479983	0.026334487998616124	0.07946670881495707	0.35337263340875863	18.402482656221682	0.05434049408881854	tansho_minodds_top5
2023-09-16	202306040311	-0.1307455485829462	1.3897757326910134	1.68883834351913	0.5247527670007185	0.345285873522396	0.07859985450536755	0.2724654067002406	0.0031274336517068124	0.07718129822441562	0.3535920868135961	18.49980406581902	0.05405462654859357	sanrentan_1-234-234
2023-09-16	202306040312	-1.8165519484078714	1.6346947056513796	1.787063126668589	0.41017869746678604	0.4556969791766393	0.18548415788273992	0.26819185473458274	0.026689201935967743	0.08988583603421889	0.39053169141603794	17.495551844561323	0.05715738542484789	sanrenpuku_box4
2023-09-16	202309040301	-2.7496100846714655	2.447501877424481	0.596382893174409	0.9667430160201114	0.8453728240448405	0.7400789995575567	0.5742417044690585	0.26902330933108487	0.47668017964759674	0.8876285803189322	3.4051735242370222	0.29367079030842175	wide_nagashi4
2023-09-16	202309040302	-2.636118259903385	2.064514507739024	1.2190929579674856	0.7209814495499872	0.7154052575470412	0.5587327598612244	0.3258934878419559	0.01854173076265131	0.18414102706702223	0.5548087962373693	11.120127975134189	0.08992702262385005	sanrentan_1-234-234
2023-09-16	202309040303	1.310154522261336	1.935007266874011	1.5565992120790857	0.7061016758120826	0.3410347914907499	0.07642409540423106	0.27314401992512016	0.0030782594364074933	0.07775031740702429	0.3648846767429115	18.281884139029007	0.05469895730632895	sanrentan_box5
2023-09-16	202309040304	0.1407969896443989	1.7256454407459274	1.9167429800824005	0.24822512551016523	0.5376954001982351	0.24540293321762013	0.309213134061816	0.14601198899970286	0.06845541032781295	0.31314987816528317	19.30049215356849	0.0518121502831786	umatan_nagashi5
2023-09-16	202309040305	0.2855857020164501	1.6957575539127396	1.0540493162073914	0.876394341584548	0.645079219939701	0.3578675347511355	0.4164515996342919	0.21819091537748267	0.272164373684714	0.6421862174342653	8.112845771701853	0.12326131028991907	umaren_nagashi4
2023-09-16	202309040306	-3.2918327031815395	1.589726803757004	1.8527744618663118	0.33745208422505274	0.49621693949463835	0.18433005802316887	0.2913457620375449	0.10009529841886947	0.07331262500279083	0.3419424108153046	18.778372656073387	0.053252750827509826	umaren_nagashi4
2023-09-16	202309040307	0.836846239186962	1.771873784447996	0.9252878483443678	0.5743431706367754	0.9999999999999998	0.9999999999999998	0.3134465488636977	0.10665652782169177	0.10729896436354769	0.4520465938874656	15.820188466277212	0.06321037212240739	tansho_minodds_top3
2023-09-16	202309040308	2.4304151201949042	1.1806226455199613	1.8147866662784309	0.42127093256709247	0.31508681755502027	0.00680913387985127	0.2874629928524121	0.03621514731078762	0.06097291250448265	0.29368013010310484	19.678918613115098	0.05081580038313415	sanrenpuku_box4
2023-09-16	202309040309	-0.2074066374461536	1.4537053923226988	1.2393608802714386	0.8774150182113368	0.5468613339660051	0.2489538439698576	0.3093110780578412	0.044893083764489194	0.1629593325067706	0.5889739667686272	11.39246519079313	0.08777731450153162	sanrenpuku_box4
2023-09-16	202309040310	-4.1231451760060205	0.9998026382597403	2.061530780376268	0.10630183298671747	0.4990062493959286	0.19887459382453776	0.25597877726301776	0.05655675307407912	0.057070086166727166	0.27514811016383156	19.89372404535766	0.050267109251138774	sanrentan_1-23-2345
2023-09-16	202309040311	-2.286708594946166	1.7432197168273496	1.5658169850271628	0.5959484968091798	0.49181457638875	0.23912177422361303	0.30230767471578224	0.009970789809367775	0.13728370617202215	0.5410569803592475	12.823585749497214	0.07798130878012867	sanrentan_1-234-234
2023-09-16	202309040312	-2.9139398953481632	1.595681679813098	1.8830382514264004	0.2783783010239613	0.6281744184402548	0.4569922214312556	0.27393006128641245	0.06837513721937877	0.08863286136640401	0.37375976260237964	18.017769835523083	0.05550076447465999	umatan_nagashi5
2023-09-17	202306040401	-4.432688367721727	1.0810232772198887	1.9880658488093466	0.18705239496418463	0.48824944759127653	0.23223423450790948	0.21843477037813913	3.815719120378591e-05	0.06872218549998144	0.3318078176065832	19.142467928584608	0.05223986811579001	umaren_nagashi5
2023-09-17	202306040402	-4.902413167850354	1.6525073283984502	1.6169746758515349	0.5769903325887562	0.44869721607718666	0.07083567525926887	0.23714470430851645	0.019362645257547523	0.09912050189702844	0.4273761610493477	16.237890386750884	0.061584354628723095	sanrenpuku_box4
2023-09-17	202306040403	-2.958466634735348	1.8521624321541217	1.4527896762102004	0.4823418718751576	0.7734775896709287	0.6865452098670666	0.28775320059289256	0.01500146180894274	0.0968632392948892	0.4117748780658272	16.99424464155675	0.05884345089128924	sanrentan_1-234-234
2023-09-17	202306040404	-0.518932356990277	1.1680096824203592	1.6886420063549754	0.4927726432572464	0.47491651928467804	0.2620732700859434	0.2630836688024376	0.00043890111661931686	0.10242433067312377	0.41615799990980584	16.540012335669783	0.06045944704910677	sanrentan_box4
2023-09-17	202306040405	-0.1526561415808095	1.571218228360561	1.9448267135482107	0.23232045477827476	0.5162082787216619	0.2183484222076022	0.30344712779637206	0.12486145973880189	0.07069121175909258	0.3222369905113699	19.27889800729966	0.05187018467660161	sanrenpuku_box5
2023-09-17	202306040406	0.512792439441004	2.5179665380966556	1.077794753295453	0.7926970745064711	0.7430831168103518	0.5610335106389249	0.2988890450177278	0.010324422193277893	0.1792678555830906	0.5639261444801085	11.389007150079696	0.08780396630034625	sanrentan_1-234-234
2023-09-17	202306040407	-0.5691045133953019	1.8219230734886207	1.8649000214323626	0.291013338380329	0.5473566512065347	0.308757991892595	0.27637787672229885	0.0670741932653248	0.07244607643959416	0.3289964292275493	19.123610042535265	0.0522913821070275	tansho_minodds_top3
2023-09-17	202306040408	-1.874233397171531	1.5261184940095973	2.007263713063863	0.173797678015036	0.4231896405106017	0.07884831681697924	0.30164380066524327	0.07154006636503896	0.06345260302674238	0.2974147284311881	19.637685793072794	0.05092249720956176	umatan_nagashi4
2023-09-17	202306040409	-0.06701706453398502	2.2923663101804252	1.8841459234654383	0.30993363742621954	0.3856159277901687	0.12699921363427524	0.2695758979669642	0.03245202176420317	0.08234391854067691	0.3769590308827595	17.954422992097236	0.055696582420953156	sanrenpuku_box4
2023-09-17	202306040410	0.19707438867392815	1.038134319981499	1.8772316110376452	0.2815732792890954	0.6134121725394598	0.3993410393889235	0.24494538619030815	0.03104592462952896	0.0974454870804258	0.4123705838067393	17.08399153348462	0.058534330108979515	sanrentan_box4
2023-09-17	202306040411	-0.29549877255802365	2.177361695693262	1.522902002590041	0.5850708168339297	0.5999392361676567	0.3457448295235039	0.30239712505639477	0.004017264129643094	0.16601325312473217	0.5714619550459052	11.66537459852878	0.0857237795112142	tansho_p1
2023-09-17	202306040412	-0.5891958309478957	1.2228098750118943	1.8611351754677763	0.3165897133765727	0.530710420209331	0.1393562192462957	0.26756905072964576	0.1322446030931771	0.07134319086086308	0.3226098807274097	19.19234350969928	0.052104111178222064	tansho_minodds_top3
2023-09-17	202309040401	0.5827623153258876	0.8899232037018493	1.7312728977055414	0.4523931873355156	0.47110529711659394	0.2788537836135257	0.25348502340631407	0.0017600559497361612	0.08413144685335279	0.3634457267163578	17.7800416117628	0.056242837999795604	sanrenpuku_box4
2023-09-17	202309040402	-1.9069133698897052	1.762258939236751	1.4916793164723905	0.6689797350556311	0.44302160067201984	0.020589622042215983	0.2404351236127989	0.04570330743067366	0.12238460098163796	0.4683686366117572	14.8559949016433	0.06731289332156305	umatan_box4
2023-09-17	202309040403	-2.450344483902732	1.3632629465539359	1.9484686352203202	0.2339677503838603	0.41788718310746187	0.11577476666657205	0.26030887241487966	0.023591991374220106	0.06156160386497249	0.2924380710100186	19.693817500573275	0.050777356902535056	tansho_minodds_top3
2023-09-17	202309040404	-5.191960348002241	1.426887436332611	0.8168989323078056	0.8111152455338372	0.8349721850168594	0.6888592441583631	0.26535743082117996	0.13086122014068466	0.10774628125724178	0.49527239863543193	13.93810107458139	0.07174578478439061	sanrentan_1-234-234
2023-09-17	202309040405	-4.544620555356558	0.9052769984463083	1.8275067637174998	0.3728733847651637	0.3651192508964865	0.00010740124069824608	0.27199944752388105	0.0541545439884972	0.06901582920304156	0.33131956063778756	18.824222803145982	0.05312304313742376	sanrentan_1-234-234
2023-09-17	202309040406	-2.2805482867739015	2.1147211665516323	1.7901056261521202	0.3865364734920115	0.38211445855545906	0.037768639377736224	0.21996919251430797	0.016243226993480187	0.10266137389058608	0.49275659593276616	14.364605248888704	0.06961555731420907	wide_nagashi4
2023-09-17	202309040407	-0.25119094331852887	1.1359373063687086	2.0452247250676066	0.12683091991683634	0.39795949071026593	0.047046600834741326	0.2541785308859401	0.0017406599799211775	0.060510006495137415	0.29799982718473816	19.682397913097592	0.05080681756436562	tansho_minodds_top3
2023-09-17	202309040408	-5.695621702705315	1.3960137220069335	1.5520149076452825	0.6275495251168386	0.4643688540317702	0.085892997925751	0.24396231506647878	0.020604008853510686	0.11642384514435652	0.45736271373682325	15.37726779277407	0.06503105840882278	sanrenpuku_box4
2023-09-17	202309040409	0.4018310435758431	2.206882918777449	1.7688074722032379	0.424305124881725	0.34930986685326115	0.10866801951895322	0.28174086466305476	0.009492158866427458	0.06322196897160383	0.299366545523378	19.44504890025974	0.05142697275431601	tansho_p1
2023-09-17	202309040410	0.19314552503015184	1.5908452833686317	1.9370276724491502	0.2493592073314855	0.396874162343631	0.04890342109641188	0.2975316328607204	0.04228199502593599	0.06853274685312531	0.31290293509225975	19.368750032337744	0.05162955783571044	umaren_nagashi4
2023-09-17	202309040411	0.8507974941127019	1.6072634523619247	1.938962771691851	0.24194739208478294	0.4613336898359696	0.21120158172511777	0.25931669538541346	0.05006543440787889	0.05900985674865021	0.28465192756809515	19.804171411469945	0.05049441247619337	sanrentan_box5
2023-09-17	202309040412	-1.7751654844055302	2.0064211410036408	1.6278974391026686	0.42676510791840033	0.6867385921551662	0.5099943408751173	0.2669340694348985	0.0002261486753344366	0.11769220393060734	0.42942434103393085	16.07676909417408	0.0622015526964545	tansho_minodds_top3
2023-09-18	202306040501	0.23707243395576633	0.7535777790256387	1.9751399332021542	0.2190903611664759	0.3689690694734258	0.06253213963290877	0.24860367662729166	0.0007520448925535383	0.06619868673047377	0.3143464320567266	19.17947224290831	0.05213907803796604	wide_nagashi4
2023-09-18	202306040502	-0.7857086700036929	1.5017413874754038	1.1935384013853962	0.6060521031665617	0.8073018471312136	0.6708291800161361	0.3576810902183439	0.16173802056516695	0.11973630491957139	0.4637610778138689	15.31675304764321	0.06528798870684084	umatan_nagashi5
2023-09-18	202306040503	-3.5427476848717983	2.160078808627887	1.8275514229448109	0.3513346210623477	0.37373167392192763	0.030117870054347406	0.25280294548114746	0.013015626863531582	0.07213910726724321	0.33042039501322257	18.84714823103087	0.053058424953306774	sanrentan_1-234-234
2023-09-18	202306040504	0.019514026857453914	1.8968080856939065	1.7501779995559221	0.4208619348506271	0.4546977310391963	0.2574840248698803	0.24169755813394428	0.0001281264997815279	0.07927159571241466	0.34747917589984584	18.468500095542094	0.05414624873848737	sanrentan_1-234-234
2023-09-18	202306040505	-0.13062418400795076	1.7643138840020685	1.545923695455336	0.4682948013501136	0.7465532250883284	0.5734915111814755	0.3680048001931425	0.168548200292923	0.1036441571145016	0.41014259383682533	16.943391288338177	0.05902006174456241	sanrentan_1-234-234
2023-09-18	202306040506	0.46060064531403894	2.2512490587558105	1.3811570568669322	0.8347731425787732	0.4805757775564673	0.24087290010435802	0.28662793191509667	0.013874549372178968	0.112121983010289	0.4507788878286241	15.210350696693224	0.06574470371793617	sanrentan_1-234-234
2023-09-18	202306040507	-2.869024158973022	1.7010421663737372	1.991765871582921	0.1890427597352364	0.4108493056589481	0.10612925480079727	0.3000214333328359	0.05715112194651087	0.058467957497660414	0.28208981884226153	19.813007136071583	0.05047189420223843	sanrentan_1-234-234
2023-09-18	202306040508	-1.4359770087318589	2.860919818903407	0.5936323776058124	0.9681817671544991	0.8540132003510307	0.7395712684470056	0.38364651838222774	0.1479382597498919	0.3090951324864744	0.7702726984228125	6.093064179019042	0.16412103510142179	umatan_nagashi4
2023-09-18	202306040509	-3.8251543074763728	1.449362548096149	2.004512940717589	0.17036637378573966	0.43363020789765305	0.124160672278541	0.26387869962105714	0.08562907892861868	0.06921900674968347	0.3401217540082693	18.94761795227035	0.05277708271926486	tansho_p1
2023-09-18	202306040510	-0.4016982042640161	1.3524535214228208	1.7397570476047794	0.3733995026634339	0.7100931821484437	0.5243128594950903	0.2841331023161342	0.007722353556905426	0.09720371334920314	0.375671202418555	17.86940755617905	0.05596156430234928	umatan_nagashi4
2023-09-18	202306040511	0.19356778963690865	1.8973698913902786	1.8098893184615472	0.3634728459903568	0.47149154803522325	0.22685682877572116	0.2636712155892227	0.038559720548707155	0.07136558328785193	0.3231667616084216	19.187918279594186	0.05211612773353699	tansho_p1
2023-09-18	202306040512	-0.7417915520246421	1.7795045404876864	1.8512349995418549	0.33987107595382804	0.4236482511090805	0.20471912520571842	0.26466959533252116	0.0304966987623273	0.0794222501048465	0.3634264280660648	18.319572232120915	0.05458642741922947	tansho_p1
2023-09-18	202309040501	-7.19238771359826	0.801867189753249	1.8218382778280797	0.3720029717334506	0.3889553368655153	0.0005694702881829383	0.252104026400007	0.0004459859940784683	0.07119068766391683	0.34197429355120496	18.83820596900566	0.0530836111275825	tansho_p1
2023-09-18	202309040502	0.34022527819184734	1.6936723112761967	1.2252679957772163	0.6600706860820533	0.784021632855627	0.699537750786829	0.2990277205634204	0.01403584810262215	0.11413727290770477	0.4812973896176691	14.839426997950527	0.06738804673105707	sanrentan_1-234-234
2023-09-18	202309040503	-2.136179496300389	2.0365465882844975	1.5709882293707538	0.632382984602579	0.3882436086152243	0.03921808056243392	0.2575479109658766	0.021272557265361175	0.10505759985823565	0.44821693810259594	15.710788407235642	0.06365052943743088	sanrentan_1-23-2345
2023-09-18	202309040504	-3.957615779240592	1.3261606615288273	1.5992892599167128	0.5879503928342664	0.4567396271402661	0.1355849591134095	0.26743194047897983	0.003622144391185078	0.12646545951174978	0.49947667185701183	14.058209425053473	0.07113281426992231	umaren_nagashi4
2023-09-18	202309040505	-1.5143432591628931	2.317564542847389	1.8486143161128556	0.2901635307197261	0.38030165146508593	0.12807766419002137	0.2730099283453405	0.049962622058216694	0.0663726104362481	0.3081088980212611	19.441815436733897	0.05143552582597676	sanrentan_1-23-2345
2023-09-18	202309040506	-2.2878006407889506	1.2229345819972548	1.9757443999394477	0.2025337581603441	0.5194849365355975	0.31646536917038226	0.30150958711207554	0.08254717993663535	0.06734959095333258	0.30517809781403404	19.54926186020351	0.05115282649293797	sanrenpuku_box5
2023-09-18	202309040507	-0.5415158220973428	1.3088745318862893	1.7263236307885337	0.3783137322277834	0.6571476374528854	0.5313357013889779	0.2761108814820703	0.0028691491323024065	0.07315022132487385	0.36033834391853314	18.286637618612886	0.05468473870681175	sanrentan_1-234-234
2023-09-18	202309040508	-3.2231254086980763	1.7905726422751485	1.4419720664159867	0.6850508277752293	0.5457125035844529	0.3183586057757697	0.31388357215024526	0.0004296134783548511	0.17205973229649993	0.6568000533822499	9.587900113345409	0.10429812452969747	sanrentan_box4
2023-09-18	202309040509	-0.4241559601490067	2.34040765901949	1.9282562718766676	0.20625654381610886	0.4092947563574904	0.10948500310250192	0.2562925363037889	0.013828233683085778	0.05773376011165209	0.27853879576088747	19.848213610213094	0.050382367886520535	umaren_nagashi4
2023-09-18	202309040510	1.09177405420439	1.7563320029620106	1.548688770935763	0.5394048903955534	0.6148501832993206	0.35344260851144577	0.30227692127291766	0.0605904221424767	0.1276488155396161	0.44629141174139975	15.611709677699633	0.06405448350275425	sanrentan_1-23-2345
2023-09-18	202309040511	-0.4682230372377014	2.317958980366678	1.240107207524297	0.8050576992812354	0.55519243893661	0.1699423575727121	0.3212678615813749	0.1607287609896704	0.18082793087958132	0.5291653908874407	11.77729627771873	0.0849091316393121	sanrentan_1-234-234
2023-09-18	202309040512	-1.0583679610271342	1.9364575895738996	1.9230904418230113	0.23710983864390234	0.5221890138274953	0.32567890853959297	0.26696527851293583	0.04371939110302264	0.06689103975830937	0.3083667333302851	19.426291864180683	0.0514766280148327	wide_nagashi4
2023-09-23	202306040601	1.5206869698037708	2.015215163886407	1.1300786536941712	0.8185611885648512	0.6628792753250387	0.3768545223580778	0.3228821944218635	0.11907501023737244	0.210231934908522	0.5432326229840652	11.1710664909022	0.08951696785749216	sanrentan_1-234-234
2023-09-23	202306040602	-2.2265262075714913	1.2833673651881745	1.6946899491806253	0.2777710832113424	0.9999999999999999	0.9999999999999999	0.22220003697788232	0.022002180707645536	0.060221011711752835	0.291586072951269	19.72911343967712	0.050686514782205316	sanrentan_box4
2023-09-23	202306040603	-2.7580482885375646	2.3281700505978375	1.0287847182526182	0.9781991285055037	0.5158789794217183	0.1637089093247509	0.6138564860304085	0.39280718138786547	0.3505496563964211	0.9021520630682748	4.429714656992826	0.22574817509326076	sanrenpuku_box4
2023-09-23	202306040604	-1.1584578854886887	0.9394004244734613	1.9064023489497057	0.2788068335408327	0.4547619757573276	0.14462499713824406	0.26089056812949335	0.061655325677228257	0.07978983724272097	0.3552229778122643	18.543980610575677	0.05392585448615588	tansho_minodds_top5
2023-09-23	202306040605	-2.3069188400106366	1.9429655109384527	1.9891591620636628	0.19613768604085408	0.4127745520747114	0.21133243883134664	0.2772909866964217	0.05833776326096857	0.060822124218411135	0.2884793242322271	19.65775554307801	0.05087050745994881	umaren_nagashi4
2023-09-23	202306040606	-1.1479667578880022	1.0632253769024647	1.929017831270561	0.25919405298828985	0.3584436059952951	0.003772978949611372	0.24317002549868624	0.010140210999256216	0.08388408372575999	0.3951852755035267	17.468257879557232	0.057246693224644964	umaren_nagashi4
2023-09-23	202306040607	0.11949441387162454	1.4274010386166485	1.6016316367500756	0.4952781742124981	0.6826549998676545	0.5425651279096675	0.3143766322801279	0.08308300181921668	0.0849846391694958	0.3599630703452804	18.316065636260685	0.0545968779463358	sanrentan_box4
2023-09-23	202306040608	-0.2420134178889886	0.544540628113279	2.0438096128183347	0.12852828224814336	0.5083620313509922	0.2558150394930058	0.3057838462001551	0.11654728433437658	0.05927700332864537	0.28011269599287564	19.846231887660927	0.05038739875964735	sanrentan_1-234-234
2023-09-23	202306040609	-1.8126119734184754	1.274126999337372	1.6178527322656746	0.5438270620008652	0.46670282931697954	0.0827344382903012	0.20261260766057823	0.00885132335194902	0.10423437214597396	0.4328706710603941	16.474364922318745	0.06070036718958702	sanrentan_box4
2023-09-23	202306040610	-2.521654756940451	1.2848533514236016	1.8207501467617193	0.37278786751516724	0.45539135759178156	0.14086840295967934	0.2638788628805636	0.05186834025245324	0.09318789724049997	0.38844142942221555	17.30477855752188	0.05778750630503325	umaren_box4
2023-09-23	202306040611	1.7309035631267575	1.6920335298630325	1.7830671537007925	0.3980410895706173	0.4905926521115127	0.23319168669854917	0.2726615859982055	0.0368923851913803	0.08913977205403421	0.37523815222396134	17.890737845418077	0.05589484394888196	sanrentan_1-234-234
2023-09-23	202306040612	-1.419174934573978	2.010731944868977	1.7891426554440166	0.3753597579532034	0.5102019188675406	0.22584275803274256	0.27642371163189106	0.06644794222849587	0.0806031349231052	0.3559944068496973	18.472156113062752	0.0541355320883652	sanrenpuku_box4
2023-09-23	202309040601	-2.370208699195661	2.6249213526680135	1.2224318283583049	0.8494389247355235	0.6191049441189067	0.4014512930642177	0.302766408839317	0.009824174142085862	0.16187960575618174	0.5413107113368055	12.46603975645861	0.08021793765593468	sanrentan_1-234-234
2023-09-23	202309040602	-0.1717796981553192	1.1196206292241728	1.8604934815118148	0.32762074375385314	0.4477880588528865	0.08777615936716276	0.2516038835547282	0.01879394102843923	0.07352131474057216	0.3411317283838378	18.770915270539632	0.053273907296863085	sanrentan_1-23-2345
2023-09-23	202309040603	-3.260241476117061	0.9943844325250002	2.0072428677947847	0.16521186203400967	0.5150259965611924	0.26489879951348394	0.34849168624314486	0.1636333382634685	0.05890000669824093	0.284315478862417	19.81632195193838	0.05046345141269683	umatan_nagashi4
2023-09-23	202309040604	-4.611096531774081	1.5584915652111806	1.5500710892345562	0.5879907357662283	0.5401764226112014	0.25545655005188195	0.3043943045273951	0.019714622838337414	0.16137438924992564	0.6074602520511532	10.988131172068693	0.09100728634746848	sanrentan_1-234-234
2023-09-23	202309040605	0.03342298913436487	1.9962674456686123	1.981726438580722	0.19919015196867165	0.4121957310176224	0.1572175396951448	0.22120063119857988	0.0002553647798258507	0.07015679958219272	0.33454149382350346	19.074534178999563	0.05242591984767666	tansho_p1
2023-09-23	202309040606	1.5180365119091117	1.843733607797246	1.0346968393251879	0.7672444033095291	0.7794626258254475	0.6009348924858141	0.28590917812429434	0.08221318295519783	0.14926320816117813	0.4975006481120583	13.226526828681642	0.07560563804486498	sanrentan_1-234-234
2023-09-23	202309040607	1.0177715396235758	1.6150356145004074	1.6933491891956973	0.41982533354263524	0.643668104586002	0.49886151335276413	0.28194254152632536	0.004243504171443646	0.0921036401629235	0.37170788997538784	17.83403509823072	0.05607255982686767	umatan_nagashi4
2023-09-23	202309040608	-2.3317508655578063	1.1343292191476577	1.645712575530572	0.5357205665735141	0.4418554852764494	0.22362740138557552	0.2458394294261329	0.0001762625496975756	0.0875691981738772	0.37683187493421305	17.744553101420138	0.05635532178716677	sanrenpuku_box4
2023-09-23	202309040609	1.774227140859057	2.1756155035726015	0.8486858641092896	0.6122979310610385	1.0	1.0	0.27245617683568374	0.046981310629640005	0.08796966123498634	0.38959165964535025	17.53249836503874	0.05703693673196532	tansho_p1
2023-09-23	202309040610	1.1606541417697918	1.0173646625674475	1.8518736465198549	0.3359787937729826	0.45201982810947794	0.10001022843228358	0.2624291070789493	0.029658658661562254	0.09146488910536998	0.39509688893018974	17.405743922251084	0.0574522987622278	sanrenpuku_box4
2023-09-23	202309040611	0.43021483245097925	2.0137944972185275	1.4966978197667256	0.6426367480825654	0.5141185257096478	0.1345220994935754	0.2443475072215206	0.07255504242772282	0.09218144158207187	0.4181901187159002	16.410772747795246	0.060935582703401214	sanrenpuku_box5
2023-09-23	202309040612	0.9818969813123012	2.2053240202888333	0.7354980921211497	0.8676284112783006	0.8588932783782589	0.7607711450777133	0.3902838314306764	0.07792052241366249	0.30484530226246753	0.6829550648404535	6.885402240579279	0.14523479748306883	wide_nagashi4
2023-09-24	202306040701	-3.4826244695162094	1.7508062483738742	1.2030321976999543	0.6282365757766032	0.8444245024378824	0.745272763891145	0.31348794496536764	0.08967626258996192	0.09971597896818621	0.42260305063981496	16.733600115352814	0.05976000341268558	sanrentan_1-234-234
2023-09-24	202306040702	-2.0766963604023823	1.176069363575462	1.3628976319049713	0.5453043510266756	0.8026984318095994	0.6531998182940226	0.29963839807989845	0.01804263188537436	0.12947428215205348	0.4330312402985266	15.57056492005234	0.0642237455824203	sanrentan_1-23-2345
2023-09-24	202306040703	-3.8132399456575956	1.3636711002263842	1.5886235090856404	0.597284614005949	0.37263542400042116	0.001785233143607401	0.30909765935111977	0.0676554964184864	0.1375060395918294	0.5737027613511766	11.769759690860514	0.08496350191215227	wide_nagashi4
2023-09-24	202306040704	0.6527297638080972	2.279378113148046	1.340578454540059	0.6281453821863058	0.6889764543851185	0.46941177449179994	0.33266995739217436	0.16660354500061972	0.10896765866162288	0.4250158749428524	15.971071075078447	0.06261320830012575	tansho_minodds_top3
2023-09-24	202306040705	-1.8420828242278917	2.6031065212667066	1.401885345173742	0.8391715997341329	0.3787463270255795	0.10377499785476108	0.27671108468572725	0.0006492270417222668	0.12209863212715841	0.5476102227074242	12.673866730759837	0.07890251816937378	sanrentan_1-234-234
2023-09-24	202306040706	-1.3461435396854728	2.499451048761506	1.6751372922920134	0.5323903813750677	0.3948959182537049	0.16732219825130606	0.268798956369251	0.023207891931365215	0.08041633149923699	0.3540867929399232	18.131740937689912	0.05515190203944121	wide_nagashi4
2023-09-24	202306040707	-1.8856634462384028	1.451297401675388	1.7299503443162048	0.451629948961325	0.433898180725871	0.03694529652838591	0.24306504382970662	0.009612669522434447	0.11810356297822673	0.4815065434093715	14.637602542216158	0.06831719860652798	umaren_nagashi4
2023-09-24	202306040708	0.4351919229488129	2.4857191811206176	1.1137567127625552	0.8066659921924637	0.7136415730717456	0.5557207932924124	0.3602851322676788	0.023211548836892304	0.22120572956612153	0.6382535177154718	8.945000805522145	0.11179428842339016	sanrenpuku_box4
2023-09-24	202306040709	-2.273358086318508	0.9874029672037734	1.9775446205895006	0.20886446274011067	0.46156847314597693	0.2045263460666104	0.26430143893162317	0.05222939917577296	0.06525700297613356	0.30987838218893765	19.41069116523973	0.051518000646508647	wide_box5
2023-09-24	202306040710	-1.2987561576342346	1.8630910077839504	1.4893638216114307	0.7289338224839912	0.37935329223338166	0.011037293738467069	0.29006057187199463	0.007454020671618489	0.10609211890512357	0.47609949680701846	14.466445525344339	0.06912548063365395	sanrenpuku_box5
2023-09-24	202306040711	-1.7110148535089837	1.2885300640997506	1.7858924532398337	0.37768470885348165	0.5054141329594629	0.20686673786186383	0.33173751095881604	0.1652224091628418	0.08433942195714118	0.3560249875664544	18.375468793658314	0.05442038030317447	wide_nagashi4
2023-09-24	202306040712	-0.9776503206566016	1.474708773186197	1.557762454435606	0.5920435691365273	0.5307827151455414	0.21428268778073684	0.25029689746860706	0.030747698506973703	0.10923404466685167	0.4557928172921263	15.537764341050092	0.06435932339107782	sanrentan_box4
2023-09-24	202309040701	0.28820251661993135	0.8240246379739922	1.7784306063263373	0.3944364651938844	0.3657347959651221	0.04841674071176011	0.21370619322202164	0.00022226863316357481	0.10700537972128023	0.5333528183911308	12.900486267033454	0.07751645785286791	sanrenpuku_box4
2023-09-24	202309040702	1.707318226737108	1.8084915880899888	1.1434971041665078	0.7686410738785712	0.7243372805073678	0.5450972001915613	0.3118809251148473	0.011336606599426202	0.18096105423331696	0.5608985574375032	11.794574000960985	0.08478474931935	sanrentan_1-234-234
2023-09-24	202309040703	-2.7337244342760196	1.867889333889373	1.6424187245324884	0.5851369920787419	0.40106561601736	0.14308882612400803	0.257652263933835	0.004072888067323477	0.09898115360039912	0.4099720638607238	16.665361708376338	0.06000469821770387	umaren_nagashi4
2023-09-24	202309040704	-0.048560665041282286	3.1143490069843507	0.8099944260616939	0.9600378283871616	0.7915560814275385	0.7051378142432645	0.34218018782386345	0.000607344777238672	0.18315544235556766	0.6664959439804282	8.979685152298773	0.11136247908914747	sanrentan_1-234-234
2023-09-24	202309040705	-0.25565224438741635	2.295398048658405	0.9736894110499964	0.9580839537669039	0.6440662281908004	0.39359630715087957	0.5573639524979952	0.28760505715433454	0.3696620331607402	0.8330619590002631	4.774525889113017	0.20944487960160044	sanrentan_1-234-234
2023-09-24	202309040706	-1.0184915576643812	1.7117516710239027	1.8857486830582488	0.2992983073878325	0.4899289618786263	0.1403147189808452	0.2905489599395286	0.0966691907000714	0.0900337440980641	0.38432132311292005	17.746644517279243	0.056348680395684796	sanrenpuku_box4
2023-09-24	202309040707	-1.1028457844490862	1.502614468629889	2.026318345563103	0.14321695509491847	0.6164594940093137	0.4716024278703382	0.2538537206448147	0.001019799515860953	0.0540680084760934	0.26513675497769074	19.95983811969562	0.05010060672853041	wide_box5
2023-09-24	202309040708	1.7281785434405335	2.081140042372216	1.3360490926173234	0.8045150177150341	0.49904359267023735	0.1658609774464201	0.354484916948837	0.11127511572857882	0.1882768091146766	0.590737631572578	10.46006042034821	0.09560174222843643	sanrentan_1-234-234
2023-09-24	202309040709	-1.1437191763600425	2.034618044678578	1.9873225579248284	0.1945417615337635	0.4131394875930956	0.209074270581407	0.27996986040043015	0.06416822885977405	0.05844821590382622	0.28116424891494274	19.80293391364028	0.05049756790387504	tansho_p1
2023-09-24	202309040710	0.581681972041796	0.5364829190973902	2.033152630557627	0.14300290956956258	0.5036989577062307	0.20210050363273857	0.30360341977712163	0.11182442585827895	0.06320468177995102	0.2926928373354462	19.697101028032247	0.05076889226373129	tansho_p1
2023-09-24	202309040711	1.0008360699928638	1.4235314330297912	2.0587277323509183	0.10833410174098447	0.4009346006808264	0.1444099387658353	0.2511023096895164	0.03907778066790171	0.06091133361173438	0.2998810218568869	19.660314628451083	0.0508638858990012	umaren_nagashi4
2023-09-24	202309040712	1.6586891074069519	1.7010751833908544	1.656866842619071	0.5064402252116977	0.4992351728099348	0.265938874956971	0.28358766101303584	0.0034400276354513704	0.1296362522718849	0.5343231815670495	13.117991799311524	0.07623118045038596	tansho_minodds_top3
2023-09-30	202306040801	0.6437393831062936	0.7026962711030807	1.9442457078694815	0.2504954227254618	0.3648494513479202	0.012163995551390805	0.2668953264289997	0.044184976368428885	0.07128393672837259	0.3296784118167648	18.913014555057686	0.05287364407661716	sanrentan_box4
2023-09-30	202306040802	-0.9122395602074479	1.2767094720830883	1.8872713971593238	0.2995397055191302	0.4740378072729308	0.12162373426256651	0.2810063072835766	0.10516388873623389	0.07523562039271517	0.3358820474734589	19.060910132972516	0.05246339199040396	tansho_p1
2023-09-30	202306040803	-0.9597588847987465	2.6190327637948903	1.4669607023668132	0.6389334991771444	0.6072373489210633	0.37404695961047	0.2963494353169293	0.004724996543623405	0.14405964431739227	0.4961642780664541	13.948588564527656	0.07169184146294756	sanrentan_1-23-2345
2023-09-30	202306040804	-1.7346060871550482	1.7010777605063852	1.8917950931491614	0.2980675758131582	0.4180170467981479	0.15741872073540708	0.23486812310020466	7.270861794844707e-05	0.0841761850221246	0.3905361402510289	17.676389281470563	0.056572639585860396	sanrenpuku_box5
2023-09-30	202306040805	-1.7743251059761567	1.2251334271882859	2.0123805967900266	0.16603313148905227	0.5195478030515336	0.17706370303374414	0.29410410156616434	0.15813417119724615	0.061917647058900356	0.28685276133202836	19.799956412775796	0.05050516168584878	umatan_box4
2023-09-30	202306040806	-1.432629932574912	1.952876083974921	1.7632216457938839	0.4312419474971619	0.3835047423103588	0.0051871648617918265	0.26856964692157326	0.004337664709123057	0.08228083061737329	0.37139525891355024	17.8489968846452	0.05602555742839875	wide_nagashi5
2023-09-30	202306040807	-2.5183890698295746	1.7695613077648662	1.7059521613207935	0.4009427923657201	0.6233526976422925	0.3535156126511246	0.35305813419460147	0.21363586836765025	0.08126974891297427	0.35079329795837016	18.41387187786561	0.054306883779399476	umaren_nagashi5
2023-09-30	202306040808	-0.2983325354416992	1.3143783407313736	1.730581034395887	0.45550475612905517	0.420948973139646	0.005001374019632576	0.2217386678488028	0.003416688829171677	0.09758420817063618	0.3918318183405104	17.14791237507051	0.05831613657262393	umaren_box4
2023-09-30	202306040809	-3.3164821502227606	1.0833468795912955	1.7753724274297857	0.37355877720815683	0.5801591277881236	0.33318903494463237	0.2464380393637769	0.02839345468024157	0.09912300108547994	0.41455769513268353	16.945148605055476	0.0590139409991162	sanrentan_1-23-2345
2023-09-30	202306040810	-0.787416614894365	0.7231110458330277	1.9644460156718033	0.21126048459785732	0.5807075384995528	0.3695025927034533	0.23040637260692845	0.00046638267112547593	0.07949372356044139	0.35809551502118486	18.583538342084555	0.05381106555662681	wide_box4
2023-09-30	202306040811	-1.126861460047295	1.6716205828987267	1.3069638192196584	0.5214403839584811	0.8514247727571732	0.7708172411496823	0.3224913582600347	0.08556130674796183	0.10715310787994821	0.4282668145353301	16.36844180460191	0.061093170134181904	tansho_p1
2023-09-30	202306040812	0.9059068102326802	2.3185946360432035	1.631753248181544	0.43629790714902306	0.7311496331765024	0.5814409770316362	0.2906072324581661	0.04086491640903536	0.08906868998016483	0.38811829458231084	17.593996907232068	0.056837568249710604	umaren_nagashi5
2023-09-30	202309040801	-3.9903562321228043	2.09772683317107	1.4754172271570793	0.7587745320404343	0.37722321051528634	0.05478021998080845	0.30934159471296085	0.05288103332945432	0.13012731148105308	0.5434923731225866	12.758392066967202	0.07837978287162875	sanrentan_1-234-234
2023-09-30	202309040802	-0.07476230624446911	2.1512745011082948	1.1091933251643196	0.8742832754016219	0.6453619634907487	0.3955568763420554	0.34027474520924195	0.08605234124138805	0.21362669638567333	0.6184292076017566	9.827161806731329	0.1017587803749225	tansho_minodds_top3
2023-09-30	202309040803	0.9147021849700954	1.7975497143732158	1.193504122509849	0.9071558091368495	0.5874718619882329	0.3579100156649016	0.2906809629192094	0.004023277958486338	0.14709698893115544	0.55869999220963	11.866206637278019	0.08427292988969803	tansho_p1
2023-09-30	202309040804	-0.1277939126439999	1.7559186309242756	1.9196625000392533	0.22152578665399547	0.7154005207212264	0.6168572473920549	0.30558769079915155	0.003387433218957847	0.06593911646931107	0.30934235506575675	19.51045966689164	0.05125455868663896	tansho_p1
2023-09-30	202309040805	-0.691788249407695	1.5851821727556232	1.8791560834842866	0.2739904527196576	0.646146760700518	0.44681859523559664	0.2722696338939971	0.07680234560453031	0.08406335895964916	0.35288859735363587	18.59788578796465	0.05376955270083094	sanrenpuku_box4
2023-09-30	202309040806	0.44956668627902807	2.8394312175736798	1.4715875912825274	0.6811368837742711	0.5249400556350811	0.2040276205154325	0.271325636039871	0.022378794617126385	0.13925583998878108	0.5070849460360515	13.827898467904234	0.07231756888590755	sanrentan_1-234-234
2023-09-30	202309040807	-1.4342867931905672	1.5937455176890671	1.115336091987537	0.844346916732208	0.6418764197510913	0.3428947296146898	0.3010199637747987	0.10155589864037026	0.18983397063304644	0.5629156354663686	11.190090749830599	0.08936478017527592	wide_nagashi4
2023-09-30	202309040808	-0.39737932603393317	0.5956035555991609	2.0014104018221803	0.19309534061296077	0.31112320877375654	0.0065908407212552644	0.2823408854990913	0.029193907215476322	0.061895437429604044	0.3052210821835953	19.57894120883466	0.05107528488561819	tansho_minodds_top5
2023-09-30	202309040809	-1.7990121541514648	2.561255449862949	1.2011356337091441	0.8253249585563294	0.6483893420065656	0.4183881555968722	0.2907138147077589	0.009984590957594408	0.15740889165195887	0.5370774578754628	12.58806753855232	0.07944031098795679	sanrentan_box4
2023-09-30	202309040810	0.36242787249505803	1.7956201863302752	1.5275918702299054	0.43461278915612583	0.8054687820362727	0.6855021935446446	0.31710921388444613	0.09196944611871466	0.08908136928768284	0.37784124087018417	18.0207624504794	0.055491547749323855	tansho_p1
2023-09-30	202309040811	0.17986797393786896	2.331812175765987	1.5260344030420634	0.5191923170974166	0.6640241138278857	0.4482546626711572	0.31659559093177336	0.07389638310617719	0.13037051852502354	0.4497416854502643	15.41413932566022	0.0648755002710583	tansho_p1
2023-09-30	202309040812	-0.41764989448769724	2.0456986586679387	1.927797870593278	0.24589231725672894	0.3705746831492535	0.11526927717466584	0.28233334541797084	0.06327270909570812	0.06264727477861765	0.2960700020575237	19.610977000629095	0.05099185012393423	umaren_nagashi4
2023-10-01	202306040901	-1.9904500425803253	1.5848746842941794	1.6593736845089415	0.46922907825570986	0.5701686394431389	0.3849746144567768	0.2893154687320138	0.035446138892650025	0.09451623182310723	0.39458210732322274	17.18020172930329	0.058206534227962944	sanrenpuku_box4
2023-10-01	202306040902	-1.7663828039416245	1.3381444350502825	1.8796861338440924	0.2655337253140416	0.6285290965358247	0.43473599800873264	0.27585621369250546	0.05937624207437778	0.07126551651604589	0.32382918540539474	19.223306697019147	0.052020186524676555	sanrentan_1-23-2345
2023-10-01	202306040903	-1.2572805385475314	1.4014974547992334	1.5828162500353746	0.5119722084442675	0.603267208784285	0.29939481798882656	0.2803611557129732	0.06069636587814803	0.12992920082674672	0.4344058295756207	15.834025207841687	0.06315513502560026	umatan_nagashi4
2023-10-01	202306040904	-0.8848471032497045	1.2362860463169656	1.7372878957542648	0.41676724074401494	0.5245529057268269	0.2837725011643478	0.283109880793478	0.058670992986788184	0.08337539526920756	0.36559363434530495	18.235061535047805	0.05483940912828833	umatan_nagashi4
2023-10-01	202306040905	-3.0385032560916905	0.6393820932225944	2.0078977030704475	0.17134387126684536	0.5104169778507857	0.21518194508684835	0.3061892513413724	0.09476537925931466	0.06568571291026486	0.3005066829863364	19.60045594243275	0.0510192213353116	tansho_p1
2023-10-01	202306040906	1.426317612044679	2.2005907466974777	1.3475661907463188	0.7018298964860611	0.6513151435796228	0.4874350006370996	0.30538069559674014	0.0009340965639724197	0.13442500138267502	0.4624323636428783	14.589058871575645	0.06854451742245922	tansho_p1
2023-10-01	202306040907	-1.65163906671082	1.3680369565511767	1.99614227575715	0.1797191316402244	0.35254889728148237	0.002961424544175306	0.27453701075717213	0.060501667890956984	0.06532945895590518	0.32196794205783497	19.30661214227779	0.051795726387965875	umatan_nagashi4
2023-10-01	202306040908	-1.5321129823652235	1.9903441076218937	1.2289410973075878	0.8750882423714338	0.5326995834357012	0.18498692335583622	0.33766450622581684	0.11717709966779996	0.183901669809399	0.6101163448794804	10.655541309738235	0.09384788355013811	sanrentan_box4
2023-10-01	202306040909	-0.3725263265791402	2.5904745694878444	1.8283440513980436	0.3388860545248523	0.5256743143997056	0.22376039383469215	0.3328823182135111	0.14532463768202017	0.08389140036848895	0.3459841369774588	18.599550531890277	0.053764740082585735	sanrentan_box5
2023-10-01	202306040910	-1.0830581005277657	0.9729794914027537	1.7782771069037917	0.39694440865427216	0.4498750094615236	0.14676141472662868	0.2466073662722431	0.005576427656422356	0.11402303436850371	0.5237478050825761	13.445560303081578	0.07437399241523693	tansho_p1
2023-10-01	202306040911	0.26731065145911415	1.4796628214181022	1.8650657575644782	0.30293710490050085	0.5946467510027686	0.3851391975075296	0.23882817178038745	0.0011145333617056108	0.08781456908412859	0.37120223979710676	18.17418445073228	0.05502310173591903	umaren_box5
2023-10-01	202306040912	0.8311204240592454	1.5924616686532298	1.7479753235211315	0.323742494847057	0.7350578093584254	0.5533370852165044	0.3538543266816569	0.18184170883330147	0.07564349505376831	0.34578650041571507	18.753002450646807	0.05332479439661723	wide_nagashi5
2023-10-01	202309040901	-2.0878809545660744	1.5163780400556994	1.6574150353282966	0.39656825200782353	0.6947424291592228	0.48073969135977573	0.31964508041460266	0.1389362650926297	0.11023079942067687	0.39236026830019244	17.117795694229727	0.05841873672654547	wide_nagashi4
2023-10-01	202309040902	-1.143123608439952	1.740987977929849	1.8432377108623217	0.32557237742782263	0.5551716000703107	0.2924411387469886	0.3037245126254282	0.10970096995328837	0.08504614517305437	0.35569130766265694	18.436358270083502	0.05424064695155605	tansho_minodds_top3
2023-10-01	202309040903	1.0030521181716807	1.2071818306465594	1.7877729965584392	0.39581297051275766	0.4659378688886629	0.17898309504861537	0.27357222046819	0.03524137432273977	0.10900256022990201	0.47835763479675264	14.933861799417146	0.06696191604230789	umatan_nagashi4
2023-10-01	202309040904	-1.790532834615276	1.9104515318842257	1.731916417878326	0.39489260297951606	0.6517809620292799	0.46420901993771596	0.31664869730568834	0.09361504369196894	0.07922789566149561	0.3474970222816899	18.691724728297768	0.05349961089925963	wide_nagashi4
2023-10-01	202309040905	-0.7292838692746602	1.8676091244672417	1.5311517344507168	0.6250677238487521	0.5421567769449221	0.24273073943018175	0.28670054382052085	0.05025435171267692	0.11751067734781642	0.4396139503963474	15.99412018887153	0.06252297645579687	sanrenpuku_box4
2023-10-01	202309040906	1.2988394491300566	1.794775741491442	1.882774211745076	0.3230383584510151	0.3290157746418007	0.00010877125095226647	0.28750629866781524	0.023921956539500577	0.07802162295755322	0.3561113612527824	18.21644468843087	0.0548954539210987	sanrentan_1-234-234
2023-10-01	202309040907	-0.4151651297205796	1.2619250215085096	1.8654121748194783	0.32476489841649964	0.4407969797588418	0.13032676344151956	0.23820032064995872	0.022691691999740804	0.09166068863348203	0.4107742179377156	16.980752811424075	0.0588902041685239	tansho_minodds_top3
2023-10-01	202309040908	0.8035834231430004	2.673542164250282	0.8154724590052648	0.6766421282212635	0.9590221216294723	0.9383619332232677	0.2738575691669756	0.004534853491798996	0.10341798868429201	0.45042652791473814	14.983446022754999	0.06674032118388014	sanrentan_1-234-234
2023-10-01	202309040909	0.42448449640586	1.2963305429895358	1.7898079575360493	0.38046037487312234	0.5382083010546211	0.1883844169443349	0.299492882702173	0.15035354086110686	0.08009255379371868	0.33515459936329944	18.831465272399505	0.053102612331800775	umaren_nagashi4
2023-10-01	202309040910	1.6984066533341529	1.6809995618395148	1.734628425135663	0.41094088889709773	0.5483923329836466	0.26137633213842965	0.3063527487196734	0.12382835582753318	0.0805543092733386	0.3438091158810736	18.745204532914297	0.053346977262591175	sanrentan_1-23-2345
2023-10-01	202309040911	0.7518860038994196	0.8237336196449858	1.8279960954617442	0.36736140453516064	0.3992770262539692	0.08700614530121181	0.23636239107886223	0.0027462113500436314	0.09071160402274762	0.42566298816212816	16.58563328842764	0.06029314543555801	sanrenpuku_box5
2023-10-01	202309040912	-0.6116517262766401	1.367161357415947	1.6499191112583065	0.46553803383699754	0.6258005766962603	0.4587875683616611	0.28495998201580053	0.004028762381964868	0.08989748639854445	0.3731138004339422	17.82819884845109	0.056090915773405775	wide_nagashi4
2023-10-07	202305040101	-2.8220034749639713	1.1406150691694361	1.8789486204647212	0.30973949776273335	0.4696742106933994	0.20288234946467498	0.2686910311096381	0.04654385872155292	0.07838582442936243	0.35077391094760574	18.52900289473896	0.053969444857927866	umaren_nagashi4
2023-10-07	202305040102	-2.458487873999693	2.331086950641133	1.2558982761002246	0.8121566521605069	0.5868635061662024	0.33573128887435505	0.34543536055395946	0.0840184205778649	0.19164956758155213	0.6004439572905922	10.641356356411661	0.093972983002066	umaren_nagashi4
2023-10-07	202305040103	1.4348918939574038	1.8118554956866297	1.8368523477578043	0.3324377214667673	0.4573156027975427	0.1469412189967979	0.29875620821893956	0.06487372665220029	0.06770440656288491	0.3072615341392513	19.424711827817276	0.051480815204061045	sanrentan_1-234-234
2023-10-07	202305040104	-2.0811393202355157	1.8261829450693532	1.275805892383572	0.7390059957378418	0.6422142207622124	0.3739701599173985	0.270404064131332	0.026993964463261716	0.15929652490567844	0.538233836123165	12.479748760058348	0.08012981825407554	sanrentan_box4
2023-10-07	202305040105	0.6007562430326986	1.534312114621417	1.7245622244787895	0.4684430473383229	0.45553774440789196	0.13356650527734393	0.2611818562932225	0.03289333543085826	0.09265318651518502	0.393205739673839	17.37280434817718	0.057561230758056844	sanrenpuku_box5
2023-10-07	202305040106	-1.1833432122967502	1.6502642383651165	1.9280495303526806	0.26432225115824065	0.3232292187264968	0.017758717544069158	0.27535383622362775	0.0208553047657688	0.06754912528873058	0.3232783248894018	19.23045550087402	0.05200084833947642	umaren_nagashi4
2023-10-07	202305040107	-1.1929822038481206	2.0769911236055405	1.7177627203713919	0.4717681348612009	0.47363744813780456	0.1272606988057548	0.264481088995442	0.0706185655124476	0.09985077160156568	0.4122170197767291	16.72918060775895	0.059775790784170425	tansho_minodds_top3
2023-10-07	202305040108	0.3654804889386462	2.7024924123069978	1.1106831038995486	0.7743687251458781	0.7396774188739615	0.5676332511959263	0.3735547849693931	0.05345659813707809	0.2511681311063152	0.6503875976012444	8.335162930542152	0.11997365958327535	umatan_nagashi4
2023-10-07	202305040109	0.6929972437545655	0.7135014078036936	1.9531808788166618	0.2495325269248552	0.3369435988475081	0.09408933460402175	0.2816854953078826	0.003572828844802256	0.06308358048004352	0.29770904939278764	19.532093953184702	0.051197787722956876	sanrentan_1-234-234
2023-10-07	202305040110	1.5328677087549634	1.9038639263296497	1.9363883215953162	0.22001506579209554	0.4035622267414181	0.14791034386740537	0.248503484766456	0.036040938145445844	0.061606888130014484	0.301617308149906	19.63090027822906	0.050940098814979656	umaren_nagashi4
2023-10-07	202305040111	0.6591160519133501	2.244051840331384	1.2947630359334454	0.7785817012823119	0.6361886715504455	0.47399848362378616	0.3198195047616561	0.0021474922843374156	0.14812529516721448	0.5121115607238106	12.972211941939129	0.07708785552346724	tansho_p1
2023-10-07	202305040112	1.242054885771989	2.57589593623059	1.5740221160611938	0.5889052963037978	0.5391740416189672	0.23856399029225972	0.2856438363493421	0.056374035494649255	0.11275267080273342	0.4398932829226124	16.108814917025477	0.06207781299560998	sanrentan_box5
2023-10-07	202308020101	-3.569356442472059	1.9928253619293987	1.83229298070094	0.3446678133978397	0.49102324826258764	0.14136067736926372	0.2853087453024818	0.10278153742167812	0.09539107882550651	0.39999887348640767	17.33289276797483	0.057693774108361934	sanrenpuku_box4
2023-10-07	202308020102	-1.62225993997267	2.3507314705888183	0.9479003948979519	0.7641669604853703	0.7991049304117969	0.6441424289519119	0.298057526889375	0.10805695402806909	0.1458366084268539	0.5117114356840107	13.307412360319848	0.07514608948181453	sanrentan_1-234-234
2023-10-07	202308020103	-0.49806909992039433	1.60418551345672	1.2900539156456996	0.8884305088184914	0.4361955720163579	0.16341435680986383	0.33969688825405997	0.022307088115918694	0.17357586514454187	0.6830772027447845	9.102831933955143	0.10985592255854208	wide_nagashi4
2023-10-07	202308020104	-0.4996164171685241	0.43439425372308854	2.0038112559971197	0.174933363912636	0.5021299701680133	0.2516160452359807	0.26389282403037906	0.04195305161843016	0.07004350287280482	0.32189384265034005	19.26570495608983	0.0519057051002903	wide_nagashi4
2023-10-07	202308020105	-0.06769421751655413	1.321511406937285	1.869826019602439	0.3084706532026068	0.5160409326482147	0.2568197992108821	0.2714922703691423	0.06947165817241785	0.08393258711138979	0.3580769442055725	18.399651033172486	0.05434885684500827	wide_nagashi4
2023-10-07	202308020106	-3.595539052673969	2.312306655042604	1.5286489095635978	0.7343820790684978	0.34947408106183464	0.08102236303833399	0.2695609951314174	0.01525192699791178	0.0605242019486879	0.29369759286730424	19.532805129538787	0.051195923645791896	sanrentan_box4
2023-10-07	202308020107	-2.0503652060024447	1.56771407526456	1.9562466766308366	0.2101680607028731	0.6069286911863073	0.40514724599601337	0.22563594930268274	0.002974529517194041	0.07237381490125008	0.31838523566609667	19.337559840537903	0.05171283286237958	sanrenpuku_box4
2023-10-07	202308020108	1.144420471800002	1.1032685272111578	1.8526045515824778	0.33740624900784183	0.49456884151580083	0.17514060584249702	0.25849827975756234	0.06921276799211559	0.0786549744652932	0.3571858785396461	18.407389151336467	0.05432600961377486	umaren_nagashi4
2023-10-07	202308020109	1.2158394144750204	0.9872730841935833	1.9908069572657072	0.19317667088697857	0.4060318732857115	0.14005127948320695	0.25852424045705275	0.012148505295914186	0.06718078210176363	0.31704749605972393	19.31825980967275	0.051764496898384964	tansho_p1
2023-10-07	202308020110	-0.2051937328952468	1.4326232432663453	1.8961228406264903	0.23967112094925927	0.7138690400835301	0.561122339115431	0.3529491049734819	0.1434165977744001	0.06954047350962379	0.32208974485623043	19.297045177216994	0.051821405340370316	wide_box5
2023-10-07	202308020111	1.2129402964746752	1.5484985405753238	1.5733113653547628	0.5943790190695181	0.43598391146109733	0.0023546948148803204	0.28245231050138214	0.08801005356977226	0.1415078702255142	0.5185363676434934	13.058444829429858	0.076578797327098	umaren_nagashi4
2023-10-07	202308020112	1.215455966293874	2.1664188075125623	1.1296373193197415	0.6679774340160446	0.8242421250229856	0.7152290597581967	0.3283968662229335	0.0415973870529468	0.15950030419896377	0.5049383778759032	12.96750164838496	0.0771158567868426	tansho_p1
2023-10-08	202305040201	-0.478217082699641	2.294710363106088	1.9363130641042912	0.22016965536084554	0.5770189197269115	0.38323057018032936	0.2689825769782681	0.050256347658039435	0.06902567169875597	0.31209892422153296	19.443730258370977	0.05143046044724246	tansho_p1
2023-10-08	202305040202	-1.2753291912963978	1.7922921540414622	1.5941758193632531	0.5780050053189345	0.4841248230225958	0.14150107881400464	0.26167590885618686	0.0008961488906084059	0.13019644572143785	0.47294212569781624	14.557879533897353	0.06869132263881879	wide_nagashi4
2023-10-08	202305040203	0.7138267556410006	1.8134695631204254	1.4878818892554966	0.7538278926094247	0.38251208875707393	0.034959148989607225	0.30770143030788405	0.05181746573966256	0.11412517209505436	0.4614869176092931	14.87273059868812	0.0672371487780601	umaren_nagashi4
2023-10-08	202305040204	0.08628725932702704	2.4264047091311776	1.6776985341021395	0.532573559679484	0.397935468600124	0.047230498719067704	0.2764262184739479	0.0404051257837105	0.10325008074445943	0.42167276746991267	16.10098329056764	0.06210800806096265	sanrentan_1-234-234
2023-10-08	202305040205	0.9241174876580596	0.6329475144951916	2.058759293322633	0.10906107836272329	0.31068650666028386	0.060860663638666046	0.29638256428964643	0.006964877615109388	0.05508782889481386	0.271392748528623	19.92125368480051	0.05019764397473531	tansho_p1
2023-10-08	202305040206	0.4396654265990342	1.8043377214631273	1.8359268118497525	0.3257588440664716	0.5492776994431303	0.3540313241382739	0.30766166238855824	0.0823189970968784	0.07390840203627021	0.319855601468422	19.252958586922947	0.05194006913198385	umatan_nagashi4
2023-10-08	202305040207	0.3549465515938858	1.9311257781181097	1.210017253439659	0.783689068580985	0.6628931832318528	0.4454204270371422	0.3812295319309736	0.06460657703049077	0.23874901289995656	0.6764509879917541	8.228875423754879	0.12152328823853975	sanrentan_box4
2023-10-08	202305040208	0.31695829608457315	2.3625476729057104	1.8365821079761666	0.3322625672650462	0.40738040831031125	0.08369455007334076	0.29008863059612916	0.009436729167447144	0.06542694307278112	0.31172923639891276	19.32124742672867	0.05175649262772846	tansho_p1
2023-10-08	202305040209	0.5957658631002669	1.138665942064659	1.7506390217498666	0.4415527029676628	0.4036775079349957	0.033443693964066934	0.2698977152307067	0.02680160991589786	0.0855657708369873	0.36325469418468503	18.13677415656995	0.05513659658367392	sanrentan_1-234-234
2023-10-08	202305040210	0.5956060454797107	2.5780008349035097	1.723691613305931	0.3935116940053287	0.6964674780822994	0.5501729545431554	0.31406529218814455	0.07456243831343504	0.07534711060746409	0.34212213528612256	18.884454252423037	0.052953608647265595	tansho_minodds_top3
2023-10-08	202305040211	0.8607162455241464	1.9269525978082112	1.9151101124853567	0.2670771409026293	0.4128286426198255	0.11030659938700255	0.2580786830398705	0.018232609063173727	0.06189886391750857	0.2940018555824748	19.65834842923338	0.05086897323037209	tansho_minodds_top5
2023-10-08	202305040212	1.4870362757580078	1.7924798886102884	1.8592009494719353	0.32394725867321467	0.3621287448071853	0.007254381045681657	0.2303193448599006	0.0016144315455888514	0.09030901673789912	0.4226257049961081	16.665010207922446	0.060005963844210905	sanrentan_box4
2023-10-08	202308020201	-0.015260205497241771	1.6908660508176774	1.8105096569175494	0.3121679326592972	0.5979870385558659	0.31990970768674465	0.3818567703905372	0.2252423998421578	0.07180830833767717	0.32008572466992946	19.19866693691465	0.05208694974947602	tansho_p1
2023-10-08	202308020202	-2.293366243787866	1.741934941523897	1.7275489300327471	0.4092549010833747	0.6397434453080056	0.4373807675101025	0.2847730498003643	0.029500613330983527	0.1059648816310593	0.4143875002779065	16.75751528231185	0.05967471806846779	umatan_nagashi4
2023-10-08	202308020203	-2.1720133083254907	1.8089411491384506	1.4665709113946617	0.6294319072507002	0.5729079223524067	0.19894308392326598	0.21324291920933908	0.03558673502029083	0.10014077216068361	0.4132108019348552	16.629749803995274	0.06013319573573809	sanrenpuku_box4
2023-10-08	202308020204	0.740874028967837	0.5928883667045687	1.9056952474759172	0.2516696493405959	0.5441730218046178	0.30167034162193795	0.3121086410723319	0.13826778065457707	0.07104225804133586	0.32485504864499265	19.194973320621003	0.05209697264469278	sanrenpuku_box4
2023-10-08	202308020205	-0.9138634040237931	1.4161507042228891	1.5753955852486219	0.5364250021728318	0.579800014179473	0.29700607212969626	0.3202265750952839	0.10761523968900372	0.10993032285748368	0.41449531963827235	16.598228440550226	0.06024739348429225	sanrentan_1-234-234
2023-10-08	202308020206	1.6945415732889282	2.0095789441834415	1.0865848299999799	0.9055650962326828	0.5211302548503889	0.1054085786535291	0.4901572365894568	0.3658467386295415	0.2660226306473277	0.649931290293007	7.157861772045719	0.13970652575401712	umaren_nagashi4
2023-10-08	202308020207	-0.20712289549400548	2.494201053206466	1.7369900993259528	0.43906228057544483	0.3461393528870527	0.001988329842828429	0.23832773725019224	0.0019245690158256057	0.08923945819009056	0.44232774993596413	15.921396460330447	0.06280856095076758	sanrenpuku_box5
2023-10-08	202308020208	1.1321507023050512	0.936060952782277	1.7169271417080432	0.38035990703092204	0.656780988976086	0.3616880747264825	0.3324872073908184	0.17210127656203958	0.09445099287338152	0.35730682810314723	18.330332626670945	0.05455438372923921	wide_nagashi4
2023-10-08	202308020209	0.09940690895432006	2.1419517524841702	1.8082723269707772	0.38593084442759534	0.46443921817952105	0.14919016189210882	0.29650519450961854	0.07485299945943957	0.08121097265117612	0.34602295034987385	18.528444305488687	0.05397107191043393	wide_nagashi5
2023-10-08	202308020210	1.2295234311242713	2.5748493203923313	1.9416478368881285	0.2436943472328518	0.4080809545017178	0.13954669308871265	0.25834176856551805	0.014081905614411305	0.06763006449212303	0.3147622292605822	19.29216710496765	0.05183450851109953	wide_box5
2023-10-08	202308020211	-0.5873558974066954	1.020984400898925	1.9809176338248853	0.2055345309380987	0.4567387329063291	0.11037201590810947	0.26111752680569056	0.026680895817077666	0.07026559574797149	0.3167794989887437	19.282176111272477	0.05186136638464753	wide_nagashi4
2023-10-08	202308020212	-0.6202243306867533	1.4483613550124057	1.9690157329048996	0.21128135484308572	0.49386736656682406	0.2366070519053467	0.25846085299389887	0.04356143859083414	0.06654157984066338	0.31702535337919474	19.408552017919977	0.051523678792559945	wide_box5
2023-10-09	202305040301	-2.0762427214637276	1.497167298500312	1.5953247005935416	0.5408397528343066	0.5702526121077616	0.30370109946009544	0.2767358899540702	0.020469522668153883	0.1309286255987461	0.46751201453103286	14.914914981209886	0.0670469795677562	sanrentan_1-234-234
2023-10-09	202305040302	-3.004542133756462	1.4552982476165726	1.6423592573438843	0.4191314270219646	0.7141200479918027	0.550717181050131	0.28430079458022345	0.034981924895342076	0.09606164219089566	0.36687009365344736	17.75074482913932	0.05633566420032229	umatan_nagashi4
2023-10-09	202305040303	0.7136785405847297	2.469150104037571	1.00410990145419	0.9629015993676476	0.5525593204088604	0.19931751790891983	0.6383303515677441	0.4577879043587819	0.37484014289536555	0.8597004668916318	4.331349742498319	0.23087491416086867	tansho_minodds_top3
2023-10-09	202305040304	-0.15960512477766398	0.7079859625497575	1.9685475551920144	0.2215060520537002	0.3705623314218893	0.11191230352267623	0.28267865755432764	0.06046605927984783	0.06739428355231371	0.31790727109036393	19.309153697993235	0.051788908806703844	sanrenpuku_box4
2023-10-09	202305040305	0.33602985307699124	1.7104533257313663	1.7093911283754313	0.47172799735771126	0.4762676802889457	0.1149608998509068	0.26173193964649394	0.08893892196360045	0.09148428640932697	0.3966596373910582	17.512673877625307	0.057101503002213075	sanrentan_1-234-234
2023-10-09	202305040306	1.0573318645455634	2.466039381146402	1.5129493410815542	0.5633335681068331	0.5859880335137972	0.2867010299239855	0.3255890494827162	0.16859517724452613	0.09419944400619137	0.40473636855837125	16.685123260197074	0.05993362976140151	tansho_p1
2023-10-09	202305040307	-1.267670681817458	1.1284445935901593	1.7200009890612868	0.3327569545380558	0.8359526902306679	0.7166578935073744	0.27121397758593585	0.009889305832749329	0.07387357041944208	0.3180241762178186	19.229251582549395	0.05200410404466823	umatan_nagashi4
2023-10-09	202305040308	0.6623398707130623	1.9345349928327105	1.685780589858095	0.5034360936163185	0.5186939705617939	0.2491608491447585	0.2736056862987327	0.028011323412568095	0.10021242113349717	0.3999502653263699	17.129594654669965	0.05837849757451058	tansho_p1
2023-10-09	202305040309	2.385995849242888	2.715593691895577	1.4709400445903076	0.679757739490994	0.5559268742154999	0.3745678900003193	0.29110659664466815	0.0307830091249765	0.09567431238799752	0.41637466177482063	16.404531049692405	0.0609587678532725	wide_nagashi4
2023-10-09	202305040310	-1.2729704429643234	1.906117524227091	1.5481376827860869	0.5681538225616779	0.5943920910904772	0.41132209754198	0.2947063460542716	0.0005444343640928495	0.11678065376818077	0.4335422544981926	15.936472377117672	0.0627491439972529	sanrentan_box4
2023-10-09	202305040311	2.0810360010201716	1.9947169923123669	1.897010222206661	0.226913410577689	0.766809665398601	0.6259232297167738	0.34894498193534856	0.12969155079944944	0.07026540403681338	0.3113164336255774	19.419779076033993	0.05149389167017368	tansho_p1
2023-10-09	202305040312	1.5953729253854325	1.5121892869709848	1.8321343334332194	0.3840378231434133	0.31819786487363527	0.004839587530894696	0.2884444843311505	0.0029441324588117546	0.061809571546430596	0.29694009271489064	19.566971157262387	0.05110653007881828	umaren_box4
2023-10-09	202308020301	-3.301896913325822	1.095365274404353	1.8749861261998313	0.30238926294975177	0.5117879570580567	0.21033918491052173	0.2682807458205702	0.0726800875138342	0.08559089605856637	0.35908632716031885	18.322472047962606	0.054577788269088746	umaren_nagashi4
2023-10-09	202308020302	0.9398635566642499	2.144097774859545	0.5422531936084544	0.8485810906389533	0.9410435002385401	0.8962325912618915	0.30460322911774657	0.04099827137905876	0.19320478030887184	0.6328728090667065	10.02754836693411	0.09972527315824324	umaren_nagashi4
2023-10-09	202308020303	-4.199398254441299	1.5487480297797445	1.6497834096535742	0.5741736206049388	0.37348552482766967	0.11461892239678367	0.27055205221900086	0.016510535085864142	0.08107162409605012	0.35601311648044787	18.23114248486562	0.05485119765972642	umaren_nagashi4
2023-10-09	202308020304	-2.9969903997193668	1.1850933105280714	1.9168107901879505	0.2762694394918019	0.42160080950183465	0.10791118000067645	0.29961010156645357	0.03283661295881274	0.06847820315134973	0.31347695693039246	19.321971173716037	0.051754553974302314	sanrentan_box4
2023-10-09	202308020305	-0.04777148110653723	1.2420910059530714	1.8379018615051652	0.3697262047567465	0.3819448765824932	0.10347057698578593	0.2575808940946213	0.015477890597700494	0.08395535982703037	0.37377322431809423	17.851088059184434	0.05601899428676546	sanrenpuku_box4
2023-10-09	202308020306	-1.7597849126999061	2.154094785994379	1.4409454628431404	0.5413715623206582	0.7481972660807492	0.6560660577135271	0.29294961062711444	0.01255040200587515	0.09401392751514652	0.43520660506467534	16.22605261348308	0.06162928370939999	sanrentan_1-23-2345
2023-10-09	202308020307	-0.326883473422877	2.7670098344501	0.8981123853566515	0.9401861973584752	0.6388236245676755	0.304908762881249	0.312465278579948	0.06193501163288151	0.2004119881032026	0.6812931816618729	9.02229514235097	0.11083654261164268	sanrentan_1-234-234
2023-10-09	202308020308	-1.185130481710543	1.817719319963286	1.6190712878738274	0.48228210489259754	0.6167670949060015	0.35774801639623316	0.31408963240583254	0.10151002052197156	0.10392373132253213	0.4118262962317603	16.834943177337976	0.059400259891944876	wide_nagashi4
2023-10-09	202308020309	-2.1496977783970155	0.896833745258125	1.8914375383708641	0.29588711635265597	0.4273726927547868	0.22546942402027437	0.26397780195115705	0.0406734665932425	0.06360970059033796	0.297934052187073	19.56621318619975	0.05110850988301151	sanrenpuku_box4
2023-10-09	202308020310	0.6302704955015157	1.996343844885202	1.3958579816117465	0.7303012818797301	0.5484576842558925	0.27202068156483145	0.32441542208575663	0.04361935859493493	0.17772376374029017	0.5700870029008087	11.366356644429016	0.08797893918717827	umatan_nagashi4
2023-10-09	202308020311	-2.523580064075303	1.4940700604873614	1.9374796538626564	0.25191136606053094	0.4537687228647109	0.18404700149373687	0.2614413106559518	0.04580027804824982	0.07148555835762022	0.32391097577772776	19.10501769957773	0.0523422702729086	wide_box4
2023-10-09	202308020312	-4.208010170717884	1.006286104867706	1.893411827068842	0.2891965010058888	0.46578858317472577	0.08712991392017039	0.25897852322898657	0.06974533327515398	0.08949472731368165	0.37725467026144005	17.921204743016467	0.05579982006453444	umaren_nagashi4
2023-10-14	202304040101	3.210205830108617	1.4502315338140526	1.9812816293429336	0.20086229820938004	0.39796064165226713	0.08882451925634477	0.2606677518684233	0.03676498148201121	0.07370432088834171	0.3536414632104492	18.616602437342753	0.053715494186743526	sanrentan_1-234-234
2023-10-14	202304040102	-3.5972201454929094	1.449980389097705	1.905647790879486	0.2883619188594345	0.4141861978832788	0.18111234579131005	0.27114025324326985	0.03363052615297285	0.08293894459686732	0.37800225277970406	17.90624488638733	0.05584643828702572	sanrentan_1-234-234
2023-10-14	202304040103	-3.2030678739132346	1.92015303088794	1.692100773062104	0.4634572988466147	0.5559959877403775	0.3232333299755367	0.29380867885352474	0.03493119362966146	0.12760055418474633	0.5089319579377238	13.894550882236057	0.07197066018725964	sanrenpuku_box4
2023-10-14	202304040104	3.360460507027434	0.9975455048523029	1.9150074569374973	0.28171911195956423	0.3595723763397726	0.03865430178818302	0.27102680109265953	0.01837046787506369	0.07153407269877454	0.33160667713918107	18.832538333080834	0.05309958659388052	umaren_nagashi4
2023-10-14	202304040105	-1.3710205888410876	2.1784208794430047	1.7804241320468195	0.4107314688028905	0.4018814585961231	0.08395080911681735	0.24061925986576568	0.010594075031843286	0.08757228576173001	0.4032070345492668	17.253045375749902	0.05796078189219595	tansho_minodds_top3
2023-10-14	202304040106	-0.5300871307194013	2.1102067709273693	1.3945099709260969	0.726492105932515	0.5682058697238881	0.3299976264426802	0.28762757235661623	0.012213225660255567	0.13093087892907665	0.49681709921931505	14.059106001818359	0.07112827799083835	sanrentan_1-234-234
2023-10-14	202304040107	-0.7634660771980881	1.314763387274972	1.7847979571910773	0.38597398696026763	0.5463229344450597	0.3623700222932086	0.27307861823381113	0.004641632993230893	0.07241765946658073	0.33253801566755276	18.93032219833806	0.05282530268226456	sanrentan_box4
2023-10-14	202304040108	-1.2310831602418602	2.2059222186790977	1.738609611900093	0.4431717473266941	0.4009849772278433	0.05180189790923001	0.2418119212544128	0.005810391223452949	0.10669813843358941	0.4798879155945906	14.859659075067468	0.06729629495187188	sanrentan_1-234-234
2023-10-14	202304040109	0.4387696251848062	1.3017675339226003	1.64328887450607	0.4077205451962913	0.7501964471306485	0.6052533214582848	0.29312324703438397	0.033621939537069157	0.11530212984448537	0.42170886428017934	16.37293530620726	0.0610764033020324	tansho_p1
2023-10-14	202304040110	-0.8725547083842473	1.7021172900836017	1.787732068378837	0.3454040150846105	0.5748951633294583	0.29699076036649513	0.40293432515577293	0.27917404455026873	0.0699446084953822	0.32462614281985613	19.0397313663077	0.05252174942812369	sanrenpuku_box4
2023-10-14	202304040111	-0.11644684864299991	0.7630999708435808	2.0204705769819804	0.1563468841151705	0.42429816392423453	0.22558172638293605	0.2698081218322221	0.05155660698278747	0.05920403151215921	0.2856975139608096	19.760079650510217	0.05060708345748897	sanrentan_box4
2023-10-14	202304040112	1.557274468206528	2.6588936393556906	1.2281129260534733	0.8739493732492929	0.4867763911588786	0.15164118653734865	0.45430285685713995	0.17725655474192437	0.2513325609107646	0.8017933019372203	6.504385205955449	0.15374243196488344	tansho_p1
2023-10-14	202305040401	-2.528703649600223	1.7848995420513671	1.2215155081760858	0.6982482053664062	0.7723103386141652	0.6301704060180693	0.33188955906259704	0.09694518157571996	0.12518230761900515	0.49010333401723016	14.47338534346043	0.0690923357783626	sanrentan_1-23-2345
2023-10-14	202305040402	0.8714992371551719	1.495442622476978	1.4710850544737946	0.7194939874061053	0.4936484938342849	0.28265715331899177	0.2714109190487701	0.0019233645448611947	0.10784446208058006	0.428310975979999	15.887355928298051	0.06294313569313519	tansho_minodds_top3
2023-10-14	202305040403	0.49125773323211375	1.7555996958158169	1.8127548147913748	0.4010516973735674	0.3662125315177574	0.13693796283021203	0.27886321821155696	0.016762903697293774	0.06535662758355586	0.3090719491232212	19.162994425841628	0.05218391122900306	wide_nagashi5
2023-10-14	202305040404	-0.960389525699904	1.977102882858247	1.294402865703129	0.756357203618957	0.5816806837035176	0.24111751189036196	0.28566764803076283	0.08280322982632929	0.1669907279143934	0.5124266495953796	12.911973486750323	0.07744749484082772	sanrentan_box4
2023-10-14	202305040405	0.5073637308686728	1.830504273615629	1.7086051452967248	0.4800576101048445	0.4293958992739665	0.12048345455813281	0.2570351616240769	0.012348258498782128	0.10518527735074786	0.44203681081832025	15.953996844623845	0.06268021798794442	tansho_p1
2023-10-14	202305040406	1.491123482858417	2.1863510263741532	1.6573874507484634	0.5529963350879188	0.3905418225176561	0.02802210123404536	0.25932623731620247	0.010755322952560487	0.09113822646335293	0.4117406168894914	16.576119337576927	0.06032775100340093	wide_nagashi5
2023-10-14	202305040407	-3.556199999852482	1.6076354607361343	1.2209059334954369	0.8662648638929041	0.4808264221147964	0.07494131222257727	0.3605135428105636	0.1822978145138262	0.19043216284527753	0.5813950695825261	10.216955252801933	0.09787651753938695	umaren_nagashi4
2023-10-14	202305040408	0.17288938194680795	1.78385039063465	1.9605122205403993	0.22307382100866407	0.40985041867573235	0.097240659745018	0.3010016982691853	0.020626967135689123	0.05932423782736216	0.2879610978925756	19.709437664615518	0.050737114727291616	wide_nagashi4
2023-10-14	202305040409	-0.25927239328384927	1.864604030498849	1.505750138006001	0.5922041826337051	0.6960482821168739	0.5658219792050792	0.3094583912413278	0.044025221825312766	0.08656939773866419	0.36436640790629204	18.1568419419173	0.055075657055282126	umatan_nagashi5
2023-10-14	202305040410	0.42181448538296834	0.9827032939991716	2.003295362240533	0.17378107347855207	0.470720581813779	0.17482339488265614	0.309500138245432	0.08489351535805312	0.0602310701932573	0.2881902159599805	19.743651502651876	0.0506491922158211	umaren_nagashi4
2023-10-14	202305040411	0.4054582176178139	0.6079723463707201	2.055428966201003	0.10849157578096918	0.45455431894755755	0.15501026467804074	0.3026386810391305	0.05881729432589633	0.05318552868496687	0.2610760174759254	19.978103353912847	0.050054801613795	tansho_p1
2023-10-14	202305040412	1.3063825315261697	1.8277616130693757	1.4119300480074441	0.7104541050412456	0.5394161271441623	0.22453956413724596	0.3460243374193344	0.0767341467609744	0.19557004432878075	0.6338629113544922	9.82886435368352	0.10174115381145071	sanrentan_1-23-2345
2023-10-14	202308020401	0.47507851226487285	2.2437094716947357	0.544134635945065	0.8929353420456201	0.9126848480621014	0.847889761734238	0.37543076485071475	0.06636140826333742	0.3010512743327479	0.6888646101806157	6.911910467443166	0.14467779996720895	sanrentan_1-234-234
2023-10-14	202308020402	-4.41734842425513	1.803035188378892	0.7884286704892314	0.9184431908314529	0.7819869360630316	0.5905113985688498	0.3009823869776751	0.0687058252308429	0.23038511999750882	0.6098294708599373	8.882880441214201	0.1125760958529022	sanrentan_1-234-234
2023-10-14	202308020403	-0.6389945552162368	1.9171277140628273	1.5401488945381003	0.6420253133871714	0.4287026092963209	0.015032555873682019	0.2398271733589301	0.006791967999208254	0.12142788208266805	0.4515837258846861	14.982588159899091	0.06674414255585699	sanrentan_1-234-234
2023-10-14	202308020404	-0.8429739353801444	3.026722617902826	1.3336512428079224	0.845474115321117	0.47911609377472825	0.14053266085086685	0.2781749419738642	0.01109923423591086	0.12566001372729413	0.528195956361866	13.108308552998524	0.07628749323048625	sanrentan_1-234-234
2023-10-14	202308020405	0.3296295170154631	1.5260757611918323	1.917900111931452	0.2771457392062322	0.3655937892673916	0.09643022350336145	0.26062423583107636	0.010188294347311277	0.07653810025868052	0.36461401034848484	18.332549247805186	0.05454778746167679	sanrentan_1-234-234
2023-10-14	202308020406	0.9912963960008785	1.0901432217866367	1.5918621917023759	0.5676387293931151	0.47603703053662766	0.13825756312567533	0.2915450395890259	0.027146850858871086	0.15544441268493706	0.6149556308143991	10.861404777599537	0.09206912185635426	wide_nagashi5
2023-10-14	202308020407	-0.35340555587396855	1.8774742649865737	1.7313369052698453	0.42903578120239605	0.501373028028602	0.2043265497044638	0.30333642125860416	0.11277807669946113	0.08608844272283013	0.362463252276567	18.21493783866563	0.054899995204883825	umaren_nagashi4
2023-10-14	202308020408	0.6113317535280774	0.7515707814270524	1.3343320601307955	0.7985173953671664	0.5880944075441404	0.345858913873622	0.2852324617860541	0.00772878122011178	0.1338796155129288	0.4690077829028688	14.72768499319297	0.06789933383706895	umatan_nagashi4
2023-10-14	202308020409	-0.48363585614717475	1.47710746282286	1.829853605372743	0.30490521314873603	0.5997488466746465	0.32501617173066166	0.38131095674867216	0.21444937526079066	0.0758099199821032	0.3401199485774582	18.80267728453819	0.05318391550666668	umatan_nagashi4
2023-10-14	202308020410	0.32333301710545753	0.30784208024008364	2.03403809927344	0.1394668397252936	0.46020599587214817	0.11484315702984338	0.3462025852099282	0.15421025836701324	0.05986994389444302	0.2813080071182424	19.834524501695878	0.050417140068797654	sanrentan_1-23-2345
2023-10-14	202308020411	-2.128278643846235	1.8944364738534367	1.9667223072062001	0.21194797964407777	0.5106643378592953	0.21177414975581954	0.30753615061287864	0.12458273494198455	0.0699188666424369	0.31166530878526244	19.37419677035907	0.05161504303135384	wide_box4
2023-10-14	202308020412	0.5675012923955741	1.6599306824378937	1.0397269422731645	0.7346730950187322	0.8350780865058369	0.7161624309333823	0.3231264451536964	0.006516461024341336	0.21088441078549125	0.5681210697257941	10.57063462714526	0.09460169945066611	tansho_p1
2023-10-15	202304040201	-1.926794910842078	1.1975160167761232	1.8067604056593243	0.3662716148465285	0.5490669205712114	0.24840510922449677	0.30048218971105034	0.09256368810585858	0.09540711799236468	0.38294667680157485	17.679588599290536	0.056562402138708646	umatan_nagashi4
2023-10-15	202304040202	-0.3657693587047572	1.3971962913993132	1.4040970691955872	0.5505240010638713	0.7214402854023207	0.5949607655770792	0.30408249192310743	0.0272134121309367	0.12426260177590645	0.47046115884883305	14.68057935044819	0.06811720274305595	tansho_p1
2023-10-15	202304040203	-3.0430867851287218	1.4472414053566773	1.7466851183844634	0.43546260119900215	0.41782194746189755	0.1488306062374914	0.2616186712190604	0.0004040680931300944	0.11009753158557962	0.5012987429208695	14.183781093143846	0.07050306215480016	sanrentan_1-234-234
2023-10-15	202304040204	0.22680494449960156	1.8400723346786538	1.4570032643536708	0.46002453206941696	0.7713544542182428	0.687681049961205	0.28360236307569814	0.010049176602244303	0.09273402105130066	0.41403085226913006	17.01823855705585	0.05876048785233386	wide_nagashi4
2023-10-15	202304040205	-1.240615309542047	1.515378398556756	1.5831601280098009	0.529772572215476	0.5992163124819154	0.323476356742213	0.2720843281459483	0.011015476276391656	0.1458559138413612	0.4973481383964991	13.723997644770137	0.07286506642480184	umatan_nagashi4
2023-10-15	202304040206	-3.4879752430149993	2.1019862952039765	1.6858362041512598	0.502676179359219	0.38620109573920136	0.1320763782004637	0.2668986493228743	0.02427900319048565	0.07340089085526252	0.33261845623634223	18.880174694301186	0.052965611610672286	sanrentan_1-23-2345
2023-10-15	202304040207	-0.18175599233098616	1.302756443683656	1.9167537222135345	0.26392800529408933	0.47525087067146876	0.2239355526786268	0.23724714237636343	0.009427663129367964	0.0771845569581141	0.34065126950836533	18.775320796005857	0.053261406868357404	tansho_p1
2023-10-15	202304040208	1.0238429624122654	1.3504463598476542	1.8127578228545904	0.3837259028228193	0.4256688785473472	0.11885605785488795	0.24260860877413584	0.002331685521247434	0.09286445407046594	0.39399463685263836	17.20775859867991	0.0581133210502334	umaren_nagashi4
2023-10-15	202304040209	-1.1987282993849817	1.780326315617016	1.705099133645373	0.4750847331914137	0.4523359931851659	0.08580707160543338	0.2631165303591027	0.06960136006222434	0.08774856531267916	0.3861865231294177	17.639561219454865	0.05669075253964305	sanrentan_box4
2023-10-15	202304040210	-0.5556194253758912	2.1916174460309548	1.6270512279307043	0.5318336561354109	0.5055936691422419	0.1109082302331778	0.24007681497217043	0.06092691707820308	0.09563316997728555	0.3858698476550577	17.442587349507264	0.05733094408314653	umaren_nagashi4
2023-10-15	202304040211	-0.5624986358937345	1.212370768177389	1.8824268796619528	0.2919554430290226	0.5129511883851168	0.24549227218041136	0.2460337563350226	0.056775797224066726	0.10000977084555829	0.4446963736832343	16.1223071702173	0.06202586202099521	sanrenpuku_box4
2023-10-15	202304040212	-0.36885629628777117	1.1479850051932383	1.8916492243813905	0.3000476040445306	0.46413158354060763	0.15558779891895919	0.26461537593251944	0.06303949396032538	0.07691950220156482	0.3450127886886962	18.684379474637442	0.05352064281061195	umaren_nagashi4
2023-10-15	202305040501	-1.3556640434972909	1.665870605003526	1.7206275292198527	0.35936243864487466	0.7684845850027202	0.6277522394172654	0.3208531175952469	0.09672054438911465	0.08264571126797741	0.3543846519594179	18.476353175254054	0.054123234737649996	sanrenpuku_box4
2023-10-15	202305040502	-1.1104247097885915	3.0201629499713296	1.1736357893869567	0.9510694013392402	0.5012744161099046	0.18758518637295823	0.4269488138854136	0.16914110743556976	0.23269974722848485	0.684950351671054	8.04982976741183	0.12422622948479052	tansho_p1
2023-10-15	202305040503	-1.1164067185942352	1.5061395332102134	1.1603695575134034	0.6422557329561301	0.825312362557344	0.7410677857290863	0.3299513932987125	0.0275690475564076	0.1487861717176049	0.49259075311079137	13.476698631160824	0.07420214901057444	sanrentan_1-234-234
2023-10-15	202305040504	-0.9460184880907618	2.283485689399634	1.6671463424645852	0.3711725622157322	0.7086114087178885	0.5979418924577063	0.2558726694625806	0.002026583774157764	0.06375070774909605	0.30949462008900047	19.02160331131083	0.05257180394490559	tansho_p1
2023-10-15	202305040505	-2.5456822190567556	0.9983727453415209	1.8875314854219347	0.29745959260097643	0.4796720298411442	0.21361232018683712	0.26814677023177097	0.0624214432606468	0.08744391247188431	0.4039541845956224	17.301981759643507	0.05779684743007174	umaren_nagashi4
2023-10-15	202305040506	1.088596987991596	1.1205044111838922	1.7354160276888762	0.4455253460111072	0.43512466476909545	0.018893555197940004	0.21045840772508415	0.011999943965232462	0.09157160974311257	0.37327494949188267	17.90834509881638	0.0558398888608693	wide_box4
2023-10-15	202305040507	-2.438881091050452	1.5011955527503915	1.7727755597016657	0.40316569549219666	0.4225742882969173	0.15490526473771915	0.2358215944847765	0.0004980096403033873	0.08473609510989197	0.3781251787064528	17.91421115846676	0.05582160392964732	sanrentan_box4
2023-10-15	202305040508	1.8671366781510763	2.493165433493129	0.9711417786033579	0.9149143326304714	0.6592333149485254	0.3737561524380369	0.4252491891682125	0.25139926509682453	0.28346020558938473	0.6853069501882654	7.49700282400324	0.13338663776386592	sanrentan_1-234-234
2023-10-15	202305040509	0.4277413057567551	0.5392268976310797	1.9947197191926531	0.17128027044354355	0.5282984086115069	0.289135922832007	0.3092494828187586	0.09508301272619035	0.06553005608352953	0.3024386204164096	19.60362360436941	0.051010977367322644	umatan_nagashi5
2023-10-15	202305040510	1.5408195942870258	1.9690257518432845	2.0276836718248674	0.14701026159291466	0.5051027629309554	0.30234955135033925	0.2547273353673333	0.0021593739884087637	0.05652877670567748	0.27266204877360156	19.924001485187077	0.050190721012717814	tansho_p1
2023-10-15	202305040511	0.31285154944750393	0.9280224319910974	1.9505050797793673	0.23281805286470444	0.4901955213548643	0.14531480912714945	0.2602942820753694	0.06896904644081608	0.08048621375507127	0.36053513081777405	18.47252983860506	0.05413443684958283	tansho_p1
2023-10-15	202305040512	0.3707180521958638	1.66750826144441	1.6075420881146414	0.42804518476791287	0.7323612556569292	0.5940539258652738	0.2932829221766038	0.03270648186992686	0.11260233543327662	0.41474768103903614	16.4905954640752	0.060640624056208424	tansho_p1
2023-10-15	202308020501	-0.6417516629550628	2.1082775100122118	0.2583413878427463	0.8710095940068906	0.9999999999999998	0.9999999999999998	0.302989943331057	0.052998968227368604	0.13704268196205863	0.5453955297178263	11.979877544908105	0.0834733073231652	sanrentan_1-23-2345
2023-10-15	202308020502	-1.1224514229568348	2.705322854389345	0.5726544344401876	0.9534862733839458	0.8760239139992542	0.8136536493366784	0.4138192202393824	0.0010825472668754	0.31850079843497464	0.7873382103596696	4.676545616544328	0.2138330472950538	tansho_p1
2023-10-15	202308020503	-0.8388915810930104	2.968827304208602	0.718934846932259	0.9993796777338583	0.7103791518050682	0.4557495704089171	0.8090241312389098	0.6985091333557114	0.581914915722706	0.9500131571496568	2.5080844505419053	0.3987106573640041	sanrentan_1-234-234
2023-10-15	202308020504	-0.25065224671075126	1.2280067648390396	1.8141308066491657	0.36717572033594226	0.468577151666097	0.11263074333820938	0.2859179953874941	0.07607846072599539	0.10090878083043812	0.44103292786219256	16.10990446160901	0.06207361455079188	sanrentan_1-234-234
2023-10-15	202308020505	-0.3024385981333905	1.645090663640867	1.949724752871566	0.2388566483910577	0.42896083326258866	0.07393585286860732	0.32780813310557344	0.10677126517451266	0.06702235152558246	0.306290116687728	19.48934605595073	0.05131008486016736	sanrenpuku_box4
2023-10-15	202308020506	0.6506282641073579	2.0699090555972863	1.3084082848185117	0.8596150623951891	0.4704392484999591	0.15099188296426758	0.3723874103546682	0.10037238995048453	0.19115804142467768	0.6418725657566858	9.615400037544067	0.10399983319419091	sanrenpuku_box4
2023-10-15	202308020507	-2.5374636881053543	2.0283918491890054	1.666297521554072	0.5122405146043788	0.4543594458976825	0.01897299098329225	0.22374417450327316	0.011593707355011168	0.11358568568196288	0.42265816996176503	16.05309858311055	0.06229326972750912	sanrenpuku_box4
2023-10-15	202308020508	0.03492808926574146	0.6948122138196587	1.6213397861794574	0.5424881654812573	0.36390557706925913	0.0019198316805547067	0.24829519528184224	0.006414768451422692	0.09009659934213178	0.4041692821257898	17.0512573593379	0.058646701467581976	wide_nagashi4
2023-10-15	202308020509	-1.1387291278203209	2.7485909443763368	0.8874826653650636	0.9179064709026679	0.7403730288083238	0.5426688849701842	0.44580516692487876	0.21188142600449825	0.31864320043824584	0.727429565246131	6.473480259268252	0.15447641144317598	sanrentan_1-234-234
2023-10-15	202308020510	-3.1286772245404775	0.763920292577453	1.7022632587187547	0.4610109921436837	0.4627661907589813	0.25012058869933596	0.24701394886523279	0.01308215129253168	0.07840341006483176	0.35968412088899576	18.21276207646546	0.0549065537561818	sanrentan_1-234-234
2023-10-15	202308020511	0.8145664841975598	1.4393340958828533	1.8601418115337178	0.33069227104641474	0.47494646256447753	0.21239914276418437	0.270519148733674	0.04453126844556771	0.08053283869849794	0.34884601098968054	18.619413405353853	0.05370738477252235	sanrentan_1-23-2345
2023-10-15	202308020512	-1.231145001653155	1.732816751788231	1.059966540900957	0.7686170105776107	0.7442631276363053	0.5533480121723454	0.28841002446124525	0.08844114091513591	0.14411763445385437	0.504287958427	13.627157864001166	0.07338287337535715	sanrentan_1-234-234
2023-10-21	202304040301	1.9597568480114969	0.9533562708537884	1.9009263802929284	0.2805683104724055	0.4955028154415925	0.2386084064885562	0.23433604712635542	0.000566379446306553	0.08311559587051127	0.37592047290133646	18.073539884252785	0.05532950414828727	sanrentan_box4
2023-10-21	202304040302	-2.978295711772767	2.3305591434201407	1.4583377907627417	0.7649556704587556	0.3954162872355179	0.1250360512890692	0.2902612767252385	0.001243113180085409	0.13300229419053927	0.5782536310247085	11.787042817717	0.0848389214720514	sanrentan_1-234-234
2023-10-21	202304040303	0.6296963673504574	1.8964257670526903	1.2826900681424596	0.813328900149093	0.48071018970519996	0.060588956122607396	0.2708184300110588	0.053789026212346214	0.14276226682676482	0.5494270878796501	12.576647642078072	0.07951244468790472	sanrentan_1-234-234
2023-10-21	202304040304	2.373238317626584	1.0794129408936979	1.9045444942329675	0.24168111852038382	0.6311707489932744	0.39211746771048644	0.389266570832674	0.22534896418275843	0.06869244975648965	0.3104361667972585	19.386492277675053	0.051582307189814436	sanrentan_1-23-2345
2023-10-21	202304040305	-0.4028113272787303	1.9905526384628647	1.6187950512099678	0.4892779057515113	0.6054867606805078	0.42800735996686107	0.292684466804945	0.02692681543528508	0.10422924025692544	0.4105468310720647	16.432905880867	0.06085350985696998	umaren_nagashi4
2023-10-21	202304040306	0.4906184510232997	1.9444256722053233	1.0711730391765466	0.8223925567253132	0.6989731122300302	0.4378907756831273	0.2723153664908742	0.057263866101498584	0.1851122615965825	0.5374894160216511	11.934269161700819	0.08379231157356304	wide_nagashi5
2023-10-21	202304040307	-2.4702604253240428	0.9851414202476826	1.8570859567058275	0.33046792487671656	0.462818276033091	0.10431636813507339	0.27835864295138724	0.09294146619179844	0.08985591257940606	0.3677233371437652	18.006320924294045	0.055536053378389176	umatan_nagashi5
2023-10-21	202304040308	0.4367303708359486	1.7445303181040908	1.7733935194262511	0.3314703163400627	0.7292698955119591	0.5829672868518218	0.3498008970573513	0.13898817593506013	0.07377232838124474	0.3427312576727063	18.926082893528438	0.05283713516556238	sanrentan_1-234-234
2023-10-21	202304040309	-1.7768911091918351	1.3073768035133149	1.5389554487556016	0.46610479031688834	0.7553094849930783	0.6223255061331592	0.32477906338125834	0.08189068217845197	0.10322384242369827	0.3989093931289903	17.07423422418526	0.05856778036835895	sanrentan_1-234-234
2023-10-21	202304040310	-1.1063580723356847	1.4166557585512	1.110761819819153	0.6635271529278927	0.8551715893873454	0.7491740748482871	0.3247668614798033	0.06046359782086702	0.15595020763878742	0.48118370593414894	13.73863870637913	0.07278741521426571	umatan_nagashi4
2023-10-21	202304040311	-2.3912979258752225	1.0055282635385252	1.9989237676169376	0.17953840065627913	0.5668640587298329	0.2647828522911955	0.2626223377197432	0.11381139982862154	0.07686301562985628	0.35581714016459204	18.655777544420324	0.05360269748172923	tansho_p1
2023-10-21	202304040312	0.8934960580965693	1.0554776757742814	1.8470923190872146	0.3189103456150455	0.4969024370915958	0.2587063238086697	0.27613076906987943	0.04123413603629594	0.08171070115879066	0.35137619235218115	18.550190215807906	0.05390780301259825	wide_nagashi4
2023-10-21	202305040601	-3.3518195543641376	2.1835560346685665	1.6770605508221257	0.4662190173471193	0.5382076688107786	0.3149708075071957	0.2873112495672514	0.05093274698562833	0.08622766587696548	0.38220162203234886	17.72936166156013	0.05640360996008939	wide_box4
2023-10-21	202305040602	-0.39800429244704005	2.35658649163295	1.467041826603146	0.6602794895040996	0.5536338373081782	0.29267285303029505	0.32233834989215016	0.028540084392566445	0.17604716353436775	0.626103657055557	10.314289251875186	0.09695287533440032	umaren_nagashi4
2023-10-21	202305040603	0.7066663846223874	2.0819487611677605	1.650904974733548	0.5979351156055148	0.3248679202247221	0.012201999886056747	0.2705977869645099	0.011971530574862221	0.07543906141779241	0.36074618696833577	18.405624726910304	0.05433121748581184	tansho_minodds_top3
2023-10-21	202305040604	-0.5695211038835882	2.3963735463212505	1.08823782917395	0.7086412191441435	0.8027928325019775	0.6561226240536866	0.3241396989581899	0.0984125790012634	0.1500347092304191	0.5129565338036155	13.378884936493467	0.0747446446207418	umatan_nagashi4
2023-10-21	202305040605	0.8574787905039245	1.4546162999710845	1.9470797816253005	0.21205892983589875	0.5708240480588854	0.32853868470090974	0.30797907781696215	0.13340379784890516	0.06572459961906449	0.30675943613644646	19.564119857535538	0.051113978409554096	umaren_nagashi5
2023-10-21	202305040606	0.09913142374016902	1.0473192047204196	1.9889620858342834	0.2010948491842558	0.35885644846712816	0.0014001770408756942	0.27034017176890246	0.051612092216823446	0.0665769980325548	0.3137377599669287	19.213680864052883	0.05204624803938076	sanrentan_1-234-234
2023-10-21	202305040607	2.045128767550632	2.382439588011085	1.23228957690539	0.575036312147523	0.7864911354602698	0.7083653100419723	0.29636209839108385	0.025085595325863297	0.1187858025754582	0.49109010422908755	14.362810681881802	0.06962425545728776	sanrentan_1-234-234
2023-10-21	202305040608	2.144781534530855	1.440277038176277	1.832792870236174	0.3462190281069585	0.4839092252982011	0.26942394068368336	0.24739224592572787	0.0022889996355773545	0.0887746796171341	0.3768675209813787	17.828408248546747	0.056090256968482494	tansho_p1
2023-10-21	202305040609	1.2929688163570858	1.5899641355667697	1.443461267475077	0.8254945409929914	0.33918299116431117	0.0002897195972868527	0.28450108772426014	0.0013781261941835932	0.07613146054161969	0.36099525881097283	18.117013746653637	0.055196734626572125	umaren_nagashi4
2023-10-21	202305040610	1.0744580689378325	2.8933608644290993	0.5235224565849794	0.8310547243200712	0.9301491358543088	0.8919642757491504	0.33099104787025213	0.03537028062619452	0.1761224346704684	0.6838685941729394	9.158728325064278	0.10918546380105469	sanrentan_1-234-234
2023-10-21	202305040611	0.38795738508971456	1.546137858684837	1.2678643038294761	0.6281652840000154	0.776171968773402	0.6174913187039042	0.3438944634771929	0.13581993789026942	0.12348462225348539	0.4742293090277115	14.704353435462302	0.06800707044951142	sanrenpuku_box4
2023-10-21	202305040612	1.065509142715647	1.119687084067858	1.761989007358192	0.4176012264143344	0.5380787309745335	0.2667837125514619	0.3019908844592091	0.05232080361493616	0.10183062420045473	0.41595307861710995	16.75581764863888	0.059680764076662805	umatan_box5
2023-10-21	202308020601	-0.9205796520729942	1.9525993794159726	1.3623480142473197	0.6979417999785797	0.6647589871664504	0.44326144501044756	0.30867122990429013	0.017207952656936476	0.15214716787347934	0.4937477118895872	13.790035479385708	0.07251612959914923	sanrentan_1-234-234
2023-10-21	202308020602	-1.3195336085344307	2.001033037741236	1.2833812556329727	0.8319496818617111	0.5296157882180044	0.26864154740971224	0.37311869496827693	0.04514446085233781	0.21467411962342556	0.7409895317583338	7.721211085568995	0.12951336117063397	sanrentan_1-234-234
2023-10-21	202308020603	-5.263100860526194	1.5072921540223083	1.9267696515701984	0.22680274411245469	0.4364967024009506	0.094146143042382	0.3873235357205697	0.2128633425555769	0.058651627893058875	0.28225171143602795	19.77416878387801	0.05057102581299425	sanrenpuku_box4
2023-10-21	202308020604	-0.41836709838552083	1.6214635918866331	1.4339676595850044	0.4935350062183133	0.8226116334426371	0.6991962191515588	0.3475854331846768	0.08249205863306969	0.12499273713876118	0.4277353570926896	15.73187031650797	0.06356523286049892	tansho_p1
2023-10-21	202308020605	-2.1573682315084057	0.8266818854457834	1.8023116823062695	0.37676978684281176	0.46384502706947656	0.001822435887430529	0.16407780872404115	0.0009375127975252973	0.0733947439967484	0.3306014616295457	18.94126356883414	0.05279478828674317	sanrenpuku_box5
2023-10-21	202308020606	0.8383330620885494	1.6523523891064764	1.5317084996194774	0.4842279314291627	0.7782439239309104	0.6657814814861638	0.3058343685378785	0.00012794641533475648	0.13450168968814452	0.4638256387636376	14.637676521858538	0.06831685332755465	umaren_nagashi4
2023-10-21	202308020607	-1.5332895146323966	1.2055240271888015	1.2545743073060607	0.6940242154909335	0.7646867099569821	0.6110515187418737	0.31503595785677574	0.00562072818351339	0.15850828328216346	0.493486507855609	13.233375651000484	0.07556650898249057	umatan_nagashi5
2023-10-21	202308020608	0.4350856411382371	1.90689609915014	1.4111636581422033	0.6918323373510755	0.6862006532026009	0.539849322225274	0.2873978133276642	0.012872852248020095	0.08632499592235622	0.4026037457757307	17.184220138236583	0.05819292303960315	tansho_p1
2023-10-21	202308020609	-1.5867631989209607	2.412573657369508	1.3610507229363606	0.68277792708709	0.6194807309864023	0.3236948110608606	0.2758085097486693	0.0555736253350389	0.13638789678610472	0.4580358783880721	14.860203378644854	0.06729383000484836	sanrenpuku_box4
2023-10-21	202308020610	-1.7169388498723135	1.6484498309740907	1.5084743843557031	0.476157180303904	0.7941125802663181	0.6707965399020432	0.29268235018626815	0.009372109683920382	0.10874543103715865	0.39610263528214	16.811534300848496	0.05948297056679288	umatan_nagashi4
2023-10-21	202308020611	1.7202846664896996	1.9672398450366242	0.8133953632714397	0.676205621351014	0.9579606970645926	0.9367148573196055	0.29545340526611913	0.0464694568073738	0.10673444653474622	0.4594698227601016	15.112848495970317	0.06616886288952341	umatan_nagashi4
2023-10-21	202308020612	1.2835813545833772	2.021852283695466	1.6543177494630856	0.5029785816309533	0.574483325533533	0.3948439593396687	0.2761146774479259	8.714443615054357e-06	0.08742619139034434	0.3565042235940016	18.311876288219104	0.0546093684918212	umaren_nagashi5
2023-10-22	202304040401	-0.5448230742670508	1.4687539176404085	1.5221202723555916	0.6360105495005517	0.5329276966483928	0.3357493708577477	0.28130649264583046	0.0022499846468219675	0.11793387974916253	0.456100618875081	15.101152428269552	0.06622011166035163	sanrentan_1-234-234
2023-10-22	202304040402	0.016571140414729655	1.3582819096085417	1.1651873471985779	0.5957189191552353	0.8702810436899843	0.7787286322427636	0.2998709396495256	0.018291160887538516	0.12560658491451773	0.4332858006100477	15.591449486562633	0.06413771861697927	umatan_nagashi5
2023-10-22	202304040403	-3.210346799723023	2.0131028475005555	1.7766298159671363	0.41488427139311385	0.33704600348635266	0.02741461686019403	0.26498361309540647	0.011161071423939461	0.0839702223038727	0.39280943640585236	17.536214282183817	0.0570248506267379	sanrentan_box4
2023-10-22	202304040404	2.8222191685553497	1.520731319387443	1.7550870480937606	0.4064796660691673	0.5573449389815285	0.3216681912057494	0.25088330468189174	0.003169296390299836	0.12187901613597056	0.5222863222079415	13.611382823274017	0.07346792114979724	tansho_p1
2023-10-22	202304040406	-1.5057758904383403	1.4942058780745804	2.0330607003176846	0.14692212167689245	0.4605836929987177	0.11075622590447587	0.2963719399812589	0.06317450055264828	0.05841095506966654	0.2821281860704622	19.83773502773719	0.05040898059187687	tansho_minodds_top3
2023-10-22	202304040407	-1.067874009054241	1.1454264206997828	1.8708727571733879	0.3029612941057117	0.5374913684465097	0.15625898595037074	0.2740500590024258	0.1419539976884134	0.07058766150964245	0.3161350962519746	19.320674466917417	0.05175802748047379	tansho_p1
2023-10-22	202304040408	1.5030459150330748	1.6952176542295425	1.433408951253015	0.7827450453579579	0.34742197091887295	0.027455334032395418	0.3022538929909533	0.008303078195234181	0.13324778781165234	0.6304130673988354	10.217337765338032	0.09787285327812748	wide_nagashi4
2023-10-22	202304040409	0.6442442702590917	1.3754560380105834	1.9207639870502058	0.26705520748275585	0.4177259136484462	0.029471327054674645	0.25529613174155674	0.022393200045027928	0.08531881071351585	0.37243472190665844	18.08257175896589	0.055301868192734784	umaren_nagashi4
2023-10-22	202304040410	1.335624975913793	1.906180152878389	1.4335809706582028	0.7066974261166288	0.530363558802827	0.27966679851298143	0.3230567695739226	0.023230127701087067	0.16228106119503655	0.5585678087475474	11.921910734469678	0.08387917191064952	umatan_box4
2023-10-22	202304040411	-1.5599650870741808	1.6413342745906012	1.5647027548264694	0.5732715266244023	0.5157023596967781	0.13768857674486762	0.21852345531971945	0.016448444754301933	0.1113767417263014	0.43590465499302145	16.323745360537163	0.06126045082873635	umatan_nagashi4
2023-10-22	202304040412	0.7315988802940835	1.6956759518309799	1.8465137538033616	0.3013638138029055	0.5855707340529608	0.303594144265515	0.30636918367327365	0.13648761837169113	0.07970923077410276	0.3477588014269611	18.744303092777812	0.053349542794434456	tansho_p1
2023-10-22	202305040701	-1.6837930956991758	2.214914429130759	1.5297095307390305	0.5213239369386462	0.6398711046482358	0.38321295190435983	0.3188663302900355	0.12502355702693854	0.11926764801339124	0.4209033450835381	16.3433205894438	0.061187076061268914	umatan_nagashi4
2023-10-22	202305040702	0.8698756273854176	1.4205286263767767	1.6725699931210953	0.4674358204181714	0.578851992604861	0.33268008245254255	0.2851671415448395	0.04974278658397485	0.11442004002916854	0.4335074004958964	16.195545391690338	0.061745373546548375	umatan_nagashi5
2023-10-22	202305040703	-1.019417416037018	1.8585375079745723	1.3738049311068854	0.7902146643039379	0.505952971431237	0.2591395151665083	0.31827296369580554	0.03467152660160738	0.15552368981376474	0.5439741303511331	12.396881297204072	0.08066544931954256	umaren_nagashi4
2023-10-22	202305040704	0.2639944741647369	1.5021894912120117	1.6854259710247526	0.5152676676621034	0.4436464155701966	0.13754146484676683	0.2642616855839802	0.03144130833257819	0.08866806413225442	0.384317778185279	17.613147786431444	0.05677576842739974	umaren_nagashi4
2023-10-22	202305040705	0.238724846022069	1.0004449474852704	1.9159526764417742	0.24520280729204724	0.5791785659356734	0.29422863818316125	0.3089115173063311	0.13872668930233628	0.07128364044795842	0.31849074911508013	19.328527822811317	0.051736997725186855	sanrenpuku_box5
2023-10-22	202305040706	1.0521251689945839	1.7547955374831743	1.6835948432405492	0.49797047582920034	0.4747066300730628	0.16060142882631023	0.27058611375689506	0.02562415896293585	0.11711715499743558	0.4525362705392333	15.379050137630559	0.06502352167726722	tansho_p1
2023-10-22	202305040707	0.5137642660291135	1.2782044988339176	1.854143037046479	0.3244692027352784	0.4854236339444825	0.09555748261815505	0.27909368582866684	0.11312088898777906	0.0720583319923736	0.319228307373227	19.22678828979077	0.052010766693207415	umaren_nagashi5
2023-10-22	202305040708	1.4474046603059578	2.7275488780206247	1.5396084896808038	0.6099631539291379	0.5457350066085639	0.263197569957205	0.2821883974597676	0.019923665783214695	0.13353005427859027	0.4785956588853846	14.568950841921527	0.06863912239463003	sanrenpuku_box4
2023-10-22	202305040709	-1.4474382735026614	1.5290747407015666	1.5667184336288957	0.5858920575385748	0.5221924704786305	0.15740137005926497	0.25785878275456514	0.023432833023598665	0.12631609159078888	0.4251813120065242	15.67266388125369	0.06380536248187617	sanrentan_1-234-234
2023-10-22	202305040710	-0.7313312176656196	1.6851094426247344	1.745320662659255	0.39116759308824156	0.5887307796177863	0.3065563534831769	0.332365216948331	0.16129492461059386	0.0971953879763909	0.37480549835241095	17.89252520926947	0.05588926036454241	wide_nagashi5
2023-10-22	202305040711	1.310836377533234	3.3322784844263285	1.6897041973479425	0.5372005258595078	0.3443226042340882	0.02366518093918435	0.2848114824712603	0.008293446694927542	0.07555742819082563	0.3481884587874655	18.449455096427478	0.05420214281524436	tansho_minodds_top3
2023-10-22	202305040712	0.8817256958085179	2.315511252359007	1.1688746622997002	0.6766932122813617	0.7581546283388023	0.5600296743928331	0.31307646554046764	0.14326329269655513	0.12083504738837667	0.44230961028971105	15.55202831472742	0.06430029445439105	tansho_p1
2023-10-22	202308020701	0.6884186737575548	3.4785021955722355	1.1444048791034764	0.9467581196536355	0.4892762438694651	0.18771526652635329	0.4557492486135879	0.13467880459089948	0.25897522885352625	0.8509776207980602	5.918206012503132	0.16897012335956946	tansho_p1
2023-10-22	202308020702	-1.3070715737708964	2.3334593411795845	0.8440277075960815	0.9556999554838917	0.6776150621057538	0.3824157903061119	0.5090027434248228	0.4057293758653302	0.34436101569903826	0.6879558818917417	6.038525548894122	0.16560334007084512	sanrentan_1-234-234
2023-10-22	202308020703	-0.39944785231279456	1.7954503262667207	1.384517685420214	0.6565408474635845	0.6592680877937561	0.4370616937147166	0.3123616972775906	0.030999292693554725	0.1597444324112545	0.5149007018662392	13.173919088992191	0.07590755592506833	sanrentan_box4
2023-10-22	202308020704	0.28843373092307306	1.892378171975887	1.7958480810692703	0.3961698248305809	0.3914197642028065	0.12351382448596832	0.263008626541704	0.022820516671759383	0.08647584926937874	0.3806524896520443	17.680153382171014	0.05656059528354647	sanrentan_1-234-234
2023-10-22	202308020705	-1.5432645365150408	2.2633707271578167	1.3653255873085939	0.7535672134607072	0.571067128448663	0.29002573792866454	0.3070554812439742	0.010040766026539638	0.16907270059439689	0.5321937739827036	12.273067823557646	0.08147922054830833	sanrentan_box4
2023-10-22	202308020706	0.043232901882423146	2.137265699365213	1.4741329490310857	0.43950098013803424	0.8457881791618507	0.7614662558029835	0.35494096224975413	0.14637644340191788	0.08738621450013587	0.38335944005210537	17.87465326605275	0.05594514115130746	wide_nagashi4
2023-10-22	202308020707	1.159050528300336	2.0865063856214094	1.6639713453653622	0.504056119912049	0.4443979005295754	0.13766112942998393	0.2673652923249324	0.005755502097974763	0.13437443609186633	0.6014481157894896	11.153575837916884	0.08965734527939218	umaren_nagashi4
2023-10-22	202308020708	-1.4976700183868532	1.4793816593235185	1.3354239383069773	0.7046215424588137	0.6631987153394046	0.43898953404131646	0.3086712569064253	0.00090493630620464	0.1696166034697883	0.5210950131621345	12.693587689257864	0.07877993396983146	sanrentan_1-234-234
2023-10-22	202308020709	1.183157453238838	1.4497823980713889	1.8368885499379095	0.36425910469067757	0.4162885093609455	0.09628010147656779	0.22950397140489898	0.0076633047116060615	0.08041522081726502	0.3618565900370362	18.124711809511446	0.05517329105752855	sanrenpuku_box4
2023-10-22	202308020710	1.1914815096864892	1.1685778760223384	1.9449232080414758	0.24986076172509897	0.376012594451852	0.005234479346513665	0.2769456619467966	0.004490054138904687	0.06220657481712111	0.30833784555947136	19.476456737321193	0.05134404134627728	tansho_minodds_top5
2023-10-22	202308020711	-1.4431875117459738	1.7380483332436532	1.8440123628244756	0.34639782833364796	0.42186348337487517	0.0057602361319691875	0.21780235892874905	0.0038514689276021585	0.0738056660592435	0.3392891489057025	18.907065379101446	0.05289028095842575	sanrentan_1-234-234
2023-10-22	202308020712	0.8320737195887533	1.8667484030617114	1.726496257782312	0.49967427132005776	0.3539949062561658	0.033046997550106205	0.2821096685625571	0.007097998331608957	0.07878494810786205	0.3631625415254558	18.015878912867716	0.05550658976097785	sanrenpuku_box4
2023-10-28	202304040501	2.7955235427649434	1.1730504155279287	1.5469198240368391	0.42926821310731245	0.7659982984700682	0.6449128059922027	0.3190531648566297	0.07021553939318304	0.10138359292775752	0.3876453062730534	17.274458898364557	0.0578889333601456	sanrentan_1-234-234
2023-10-28	202304040502	-2.1245219483909366	2.0423706402407835	1.0338115851395422	0.6571401305705269	0.9026114853478036	0.8427762654795087	0.30022336749154377	0.004930820365591393	0.13500357726166565	0.4549074191676266	14.580394616399964	0.06858524932344454	sanrentan_1-234-234
2023-10-28	202304040503	0.20608056687728082	1.4252342113060221	1.6422243632709757	0.4267428091602495	0.7093465746566576	0.5443194281697733	0.3183230427352587	0.07541670605499456	0.09385104308370817	0.3711892241613334	17.84932517957987	0.056024526974500305	umaren_nagashi4
2023-10-28	202304040504	2.7296506107847343	0.7923925795374013	1.954322310293228	0.23300020839388763	0.4562651665410336	0.10772543864619644	0.25992495268901494	0.026294925241202638	0.0708813452467466	0.31795700594334786	19.241331222078927	0.0519714560525067	sanrenpuku_box5
2023-10-28	202304040505	-3.915886924049388	1.4745604181175649	1.7807180450774207	0.39966270269785026	0.46000919255844164	0.1409337974988223	0.2718103823144824	0.026078271416098253	0.11389373779036427	0.4957737193147247	14.373595036036718	0.06957201712535054	tansho_p1
2023-10-28	202304040506	-0.7385307122714366	2.030932334132858	1.7606919364965534	0.42436799429588723	0.4845146063481679	0.17888600748989114	0.2674088150091165	0.05924561541850196	0.08984008478967254	0.3845754102632679	17.70114369537429	0.05649352478062322	sanrentan_box5
2023-10-28	202304040507	-0.8899166437534647	0.9322058038720065	2.0665709483500074	0.09772190187966456	0.4510948669582825	0.15111862638269585	0.20940116687571714	0.008059147525221771	0.057364108497277	0.27874655368962714	19.879903321372673	0.05030205548962155	tansho_minodds_top5
2023-10-28	202304040508	0.5534408041675389	1.9821903616549303	1.4151385725480563	0.5790548057161173	0.7294797509750852	0.6041506430234873	0.32521973630439394	0.03074801574035657	0.12113323249806178	0.43632195448049976	15.49334668966778	0.06454383420380576	umatan_nagashi4
2023-10-28	202304040510	-1.984832790772317	1.6330563841291033	1.8043022664000583	0.39473423276105546	0.39018492024508183	0.023224455985238923	0.27967755535228056	0.019642590145031003	0.07972858318728727	0.34393021112701627	18.47400971280912	0.054130100370502726	tansho_p1
2023-10-28	202304040511	-3.217135009118177	1.254139920260236	1.9360714571447135	0.20829251890051906	0.8106579083619301	0.6700215851183662	0.26145879638159075	0.008334505099022893	0.06106149079958411	0.28467249898097874	19.806972863393714	0.050487270664572446	wide_nagashi4
2023-10-28	202304040512	0.956676642599368	1.4916197610684743	1.721883445198453	0.46462613069860786	0.4343853049816927	0.04503567979723261	0.2724375890981691	0.06913729648786907	0.08759299744132801	0.3687629476505997	17.935636430330366	0.05575492143166622	umaren_nagashi4
2023-10-28	202305040801	-0.43771185684417324	2.9219202915446467	0.8200336412564243	0.8384506190178433	0.8393718591314276	0.7670562588874007	0.33301442115334323	0.028982023433789472	0.1653113063802223	0.6327232004839828	10.282046572293483	0.0972569024044931	sanrentan_1-234-234
2023-10-28	202305040802	1.151565440989047	2.3735648000388103	1.0542614261783267	0.8990032111772536	0.5491106323729503	0.141302114883393	0.31805061596331996	0.08734553994229619	0.17834358108175036	0.6268695636045256	10.395091871940426	0.09619924598254968	sanrentan_1-234-234
2023-10-28	202305040803	1.5820730404496803	1.8148208122649598	1.2014749526939756	0.832407814858362	0.5577028389532456	0.20536028620997282	0.26369917684626437	0.0001736979106497505	0.15357967597903832	0.5828092279463244	11.327286708988323	0.08828239504227339	wide_nagashi4
2023-10-28	202305040804	0.10774969206680295	0.7656958828488986	2.0621620124505187	0.10026526292113065	0.40392613487636597	0.05326923371433717	0.3463768941892485	0.09994594528380552	0.05325753494573496	0.2610969206799322	19.977460363705283	0.05005641266678638	umaren_box5
2023-10-28	202305040805	0.8584548423421124	1.6423382035910992	1.8519584661706265	0.34808936626340536	0.40293941835823643	0.1457083964840581	0.2540094868299355	0.013280180531146046	0.08020258276029993	0.353010454487839	18.31874487652705	0.05458889278388076	sanrentan_1-234-234
2023-10-28	202305040806	1.016901367245161	2.4506179553041187	1.5326814104906903	0.6981057770939783	0.408138886650679	0.061528747152078844	0.27418419604124883	0.03032938400447882	0.10129817831328672	0.4277161773678956	16.164680509589854	0.06186327031992623	sanrentan_1-234-234
2023-10-28	202305040807	1.0941511424592492	2.2110755918200575	1.3669615891299252	0.7389836654210699	0.5239959813650372	0.18505788772654835	0.3201927910284881	0.10270522554084036	0.1824606344961633	0.5673220239960365	11.362662464249283	0.08800754252327153	sanrentan_box4
2023-10-28	202305040808	0.25418866578421034	2.222109259869928	1.8499295196331798	0.3501743226539137	0.4085822523795436	0.052782566071425285	0.2556200489332995	0.02342650453414613	0.07823946506673636	0.3546710413266835	18.25086397510494	0.05479192663777716	sanrentan_1-234-234
2023-10-28	202305040809	2.2078731551969852	2.145662402073151	1.3666708855043115	0.6489599498678914	0.7042235648701898	0.556511331556467	0.3312061869399017	0.0371406527897829	0.15155200939577548	0.5064352492746421	13.324110736390232	0.07505191301576648	sanrentan_1-234-234
2023-10-28	202305040810	0.5513956951166996	1.126292112262223	1.9129710959311947	0.25400289996846537	0.44743790332591943	0.09469161824025613	0.2574408333948511	0.015494317142165842	0.07104303227936432	0.32423577397893383	19.15302275373163	0.05221107983099783	umaren_nagashi4
2023-10-28	202305040811	1.263501870854127	1.7293985250479866	1.8437521140906825	0.32539311615643085	0.4586895244303924	0.26090739688904285	0.2400078130266715	0.007778388783397261	0.07247214703818358	0.33398907138533734	18.83672233579253	0.053087792142046585	sanrentan_1-23-2345
2023-10-28	202305040812	1.3322939169926746	1.8594262964599626	1.4102081474000585	0.7429993675185333	0.505602778051855	0.164739429756125	0.2501103642851824	0.017408001359960623	0.11899123354933216	0.4895577409687311	14.179790097651889	0.07052290570687612	sanrentan_box4
2023-10-28	202308020801	-2.106196707406729	2.173717259328122	1.3618423019084833	0.5457142613723386	0.7715748945303176	0.5924063567507916	0.32422226683135347	0.08896398643479561	0.1413186540975933	0.4468322328395365	14.918305362185691	0.0670317422604017	tansho_p1
2023-10-28	202308020802	-0.8991966295088554	2.0784406557606157	1.8879142642114308	0.28500116041927637	0.42146743753251875	0.22097280226903454	0.26686029200967776	0.04252266419918643	0.06329889423705469	0.29720337875848596	19.49133346197806	0.051304853100518244	umaren_nagashi4
2023-10-28	202308020803	-0.8515415803135403	1.588937594046515	1.89605665721348	0.27419675886347766	0.5728986029468134	0.38309244516176716	0.2630082135073244	0.003948889771750619	0.06177134263019674	0.29179564816155706	19.720017892140707	0.050709893138512006	tansho_minodds_top3
2023-10-28	202308020804	-2.879216299487718	1.704058670709048	1.7589158394038347	0.4017019964976942	0.5140208405805269	0.17777888183161789	0.3108259745005275	0.14647755251300534	0.09020855702122371	0.36179486403135586	18.248043922571686	0.05480039418159569	umatan_box4
2023-10-28	202308020805	-0.7828851584375882	1.2833201829843073	1.5500663481598578	0.49422140398919595	0.673148226901065	0.45385450675679706	0.31664439552732415	0.10480957355056766	0.11233253853961056	0.410640926118993	16.680507412308987	0.059950214659661584	umatan_nagashi4
2023-10-28	202308020806	-3.2560939498745096	2.2393237331410916	1.75940033251752	0.38345467601013095	0.5487971070426687	0.2619338508637142	0.34393895321682966	0.17046026637567496	0.0769995835356312	0.3431330969822838	18.646244386989576	0.05363010262258229	sanrentan_1-234-234
2023-10-28	202308020807	0.8927298423572013	2.177686410067254	1.5045554420462575	0.7177880454949471	0.43673366892339316	0.2050211603303503	0.2607903568859942	0.0009364309344122024	0.09776517534278154	0.40896261502455344	16.626516713970947	0.06014488886657293	umatan_nagashi4
2023-10-28	202308020808	0.3813604604626536	1.1503550118711932	1.29698620059264	0.8145386600234719	0.5114179391725172	0.16642120750714035	0.256110630675655	0.019289391542249873	0.14731237338811456	0.5103444566747765	13.283972749236092	0.07527868498958687	sanrentan_1-234-234
2023-10-28	202308020809	0.825099336339776	1.7260082598835458	1.250168039509963	0.7655775938919104	0.6267575667868759	0.33599270873308307	0.34258236306607726	0.09354113458505672	0.21517311388904525	0.5623040004348203	10.505318346615894	0.09518988068763595	sanrentan_1-234-234
2023-10-28	202308020810	-0.10672027217914905	1.7446702815847324	1.573650958771688	0.5974082550613175	0.4586389770779916	0.0868170874116222	0.26128850848426205	0.045279775676209	0.13675273392106319	0.48874913981144125	13.852757569328004	0.07218779329641513	sanrentan_box5
2023-10-28	202308020811	0.3857484743004132	1.076702674055554	1.8450633562545242	0.31363976951374967	0.539600428963559	0.2595394906533128	0.30937890003916796	0.11898869610536367	0.08129599036379875	0.3582432460728768	18.504745642043137	0.054040191599714876	tansho_p1
2023-10-28	202308020812	-0.2957322269222441	1.780305434213797	0.42365308741349117	0.8602383408047245	0.9660955614949546	0.9445245872812057	0.3150017064239925	0.011223129659680309	0.23357264843228948	0.6275821831057501	9.188557884286071	0.10883100619196867	sanrentan_1-234-234
2023-10-29	202304040601	-3.665923437653773	1.3533944686881216	1.8169433665825232	0.3545300432991354	0.5242542581405227	0.2587420763973528	0.3057902388782474	0.10548262811227685	0.09026941680014211	0.3688225687828521	18.021056423951993	0.05549064252808667	tansho_p1
2023-10-29	202304040602	-0.21701040115373832	1.4461417327871522	1.6605841942056738	0.47658384667817555	0.5998446917058778	0.4062599918688	0.28779069154591846	0.005879278091004081	0.1020937235275598	0.40005153344404826	17.194615358285823	0.05815774177920853	umatan_nagashi4
2023-10-29	202304040603	-0.07460476333842955	2.5709270481770963	1.1824438981767964	0.7369610642521548	0.6966851501058274	0.4661339339419128	0.3008967928814827	0.04316576566702124	0.1753356769803506	0.536834461684961	12.452274164701977	0.08030661602638535	sanrentan_1-234-234
2023-10-29	202304040604	1.150182445147978	0.8561330730133204	1.8771494075563062	0.2672396133012333	0.6329910682673389	0.35689377513878096	0.3408074968706236	0.19852177187723954	0.07938802030676709	0.3252000064436017	19.15834615670062	0.0521965722834719	wide_nagashi4
2023-10-29	202304040605	-4.145615209341506	1.0061398018590886	1.8159162872199694	0.33002023139667364	0.5923107888473977	0.3975716207200153	0.2809789679188662	0.014777685365670978	0.08331205654529768	0.3501877172654815	18.58231346799209	0.05381461257353629	wide_box4
2023-10-29	202304040606	1.674327965221423	1.6188944918708825	1.633545522913671	0.5110356123000511	0.5419717485144202	0.14981616677231518	0.23055216637414908	0.06667070095316757	0.0886301860484862	0.37762992739090556	17.88364829145349	0.055917002152066214	sanrentan_box5
2023-10-29	202304040607	1.3514376445343987	2.240337128950613	1.7017647228356414	0.4731461997470444	0.4951218378550013	0.23584682107632654	0.27423825632674753	0.04510245757365383	0.0854142050955947	0.3741322507057376	17.96493814452551	0.05566398236137161	tansho_minodds_top3
2023-10-29	202304040608	1.7710569732760661	2.128868047837132	1.4853455468903998	0.5645815773389223	0.6435808996823484	0.4685585346274405	0.32363100477909246	0.05421007214514356	0.12224842875493369	0.45345588257984526	15.341309459715404	0.06518348401913737	sanrentan_1-23-2345
2023-10-29	202304040609	-3.1701930544831765	1.3922773320564976	1.7560871997855678	0.4317341349304133	0.4545469871178582	0.09528361550088965	0.252226304580726	0.050023762158719065	0.10481433088510976	0.41781434309817567	16.44918496969022	0.06079328561522235	sanrentan_1-234-234
2023-10-29	202304040610	0.08994615639092651	2.5812030863704316	1.1956133598388288	0.856604618485101	0.5251201593175367	0.14221486389132476	0.45025190789271047	0.2723444258334893	0.25033946670005114	0.6506690733381857	7.87754530395897	0.12694309729928638	sanrentan_box4
2023-10-29	202304040611	-0.6412240570693188	1.2486154067858661	1.8236150765469183	0.3589801739529126	0.4908705680592171	0.22804272111474588	0.27522933071161787	0.055595935269846825	0.09813928536024305	0.4316214826549445	16.4715291343689	0.06071081754719639	umaren_nagashi5
2023-10-29	202304040612	-3.435218985705178	1.3764986743047203	1.8409980723905164	0.3473118688883883	0.43923692170837314	0.12626770631729334	0.3021278370226909	0.056886451368272084	0.07271225923152459	0.33159942487494964	18.875426315791422	0.05297893585393551	wide_nagashi4
2023-10-29	202305040901	0.4719083315081021	1.8108922028863863	1.2306934453339027	0.8053847070947201	0.6221083634877766	0.4140050105946787	0.3779273056183203	0.052309849328582236	0.22320744898237133	0.6672631277296157	8.619548825223015	0.11601535303956316	sanrenpuku_box4
2023-10-29	202305040902	1.5954262807961108	2.0415462840107357	1.3957581029895934	0.7852021209604223	0.36297017019971406	0.00036046521728028136	0.338362018604027	0.07336369852019459	0.15896260739450424	0.6875799090706819	8.900542519726004	0.1123527018475256	umaren_box4
2023-10-29	202305040903	-1.019973599116153	1.3894594410445853	1.6765702355027179	0.4445541308870434	0.5937279430382678	0.34041312559165077	0.33173008861089165	0.12339536638968257	0.10433916525507864	0.40315187037868544	17.12185434429393	0.058404888856752976	sanrenpuku_box5
2023-10-29	202305040904	-2.1066801006301974	2.2498784499795583	1.8293933761402472	0.3740969421432361	0.43199006287206976	0.2228956149254619	0.25430135428334705	0.017923614921348918	0.07707426060323823	0.34356741663702417	18.62551943072254	0.0536897778190558	tansho_p1
2023-10-29	202305040905	0.5468507397171112	1.1189331661385071	1.645578124381177	0.5425847169530014	0.4724890664638164	0.1514087098724668	0.23789823450758135	0.011416409501898511	0.10501633273561244	0.4439742858019292	15.806724014898354	0.06326421585253639	sanrenpuku_box4
2023-10-29	202305040906	1.3783911007841516	1.0590697653101406	1.8985623184462113	0.29317336842756087	0.42825434956534014	0.027552540791712377	0.3086121038363131	0.08781976897743363	0.07802337233505993	0.32917389024061755	18.896487972238667	0.05291988656670629	sanrentan_1-234-234
2023-10-29	202305040907	1.57768124391296	1.9815950293155875	1.0946466372174442	0.7205663094036997	0.8073112405814458	0.6643531534940754	0.32282327197609983	0.005090224577889102	0.202527920883432	0.5651556418035736	10.849355981413016	0.0921713695921848	sanrentan_box4
2023-10-29	202305040908	-1.2815456453509297	1.4984137280145764	0.8883145151334817	0.8287221211547351	0.8421210020653712	0.7350700126644074	0.3231097350736147	0.018130365271268878	0.19905393195348714	0.5910814622516061	10.645278457092937	0.09393835999975192	tansho_p1
2023-10-29	202305040909	-0.20740833029206557	0.9036981534842352	1.4673580749113937	0.6610176062208364	0.554956254380082	0.3333613483581934	0.28930422216754775	0.03974246419893232	0.09954753508986383	0.41571091464163945	16.73828945068317	0.05974326127806239	wide_nagashi5
2023-10-29	202305040910	1.6235823643428295	1.2078582640232893	1.8119815837971376	0.3296451311665647	0.5670879845851374	0.2845547716714443	0.36974245724957827	0.23234437032296792	0.0771693044434058	0.3296935781156889	18.99660012578912	0.05264099856702437	wide_box4
2023-10-29	202305040911	0.017093037660364546	2.349432581791241	1.4666788236378776	0.7999785514324063	0.3524578355354529	0.00036571661838491476	0.30296013368473806	0.0476103329972678	0.10186899758769181	0.4242894789225995	15.96790764184915	0.06262561272456081	wide_nagashi4
2023-10-29	202305040912	1.822744961147556	2.089067547860411	1.8697538095217345	0.24385324676053155	0.8158400310157345	0.7205078951395134	0.35054899031872827	0.1426645397558718	0.0651346161348824	0.30496117150019075	19.609259814470867	0.05099631548876919	umaren_nagashi4
2023-10-29	202308020901	-4.820084094920528	1.4372891429849517	1.560640941965621	0.5510875001038433	0.5841418787310598	0.402749878736394	0.29545185180833883	0.033428490293262725	0.10094284754032197	0.42360214100602017	16.188403488283747	0.061772614002594116	sanrentan_1-234-234
2023-10-29	202308020902	-3.706137744598697	1.924383737485709	0.9775328973445929	0.8250962360419417	0.8200537140915122	0.7491086500318551	0.2791279444771926	0.01313288880605984	0.09454309319258387	0.4423569271406629	15.461906875168149	0.0646750758540657	wide_nagashi4
2023-10-29	202308020903	-1.609431429419825	1.8874172591942335	0.7857453366959022	0.6822059538950838	1.0	1.0	0.24562814333877678	0.0005546942062890636	0.0959185731958585	0.4068087889262246	16.714022950029708	0.059830000412810405	tansho_minodds_top3
2023-10-29	202308020904	-0.01738891688796768	3.386740421062736	0.9686428369608494	0.8370404143126908	0.8193742776957623	0.7267342381533353	0.3333180701607751	0.002367702741421285	0.18445032339197542	0.5366174084442632	10.652285956388523	0.09387656359340105	sanrentan_1-234-234
2023-10-29	202308020905	-2.2960957266789253	1.6245432230739447	1.3787758550744584	0.6949036882629371	0.5885888819619769	0.2844888278276805	0.3209479720091337	0.06494130661591618	0.1925187868065369	0.5640768673406791	11.147564731257962	0.08970569125254621	sanrenpuku_box4
2023-10-29	202308020906	-0.8726688706506333	1.6045369187972482	1.5639835459679166	0.6628450418749244	0.4305789127412292	0.18184289059047032	0.2593527756487774	0.0038579379707939787	0.09937418639109538	0.4109100316416414	16.6685329646467	0.05999328207953036	sanrentan_1-234-234
2023-10-29	202308020907	-4.896692856293476	1.5139612269542364	1.393343147676859	0.7242006247760948	0.468037599160101	0.04855110610976304	0.2564519269996227	0.06629893019562666	0.13397522185133737	0.5023054997645295	14.020951103474827	0.0713218377712029	sanrenpuku_box4
2023-10-29	202308020908	-1.3932510954487543	1.4701534964450738	1.6328798134159415	0.5389124222275052	0.5047568942195955	0.23571254890083115	0.2762797723133358	0.015589015319351363	0.11378575455944383	0.4358764482525679	15.961900604751833	0.06264918099429222	umaren_nagashi4
2023-10-29	202308020909	1.1738505825564474	1.2730993848232102	1.9376258390590964	0.23544928704828175	0.5023521854440924	0.2506409398458781	0.2631663667494391	0.041979536314718874	0.07032775448838727	0.32316037414269416	19.251636085216305	0.05194363718353885	sanrentan_box4
2023-10-29	202308020910	-2.822170445946965	1.2931447409928614	1.839699289494475	0.3676565631904011	0.39071460522868495	0.12693067460226704	0.26386344829300834	0.023501272231214815	0.07795063446905642	0.3470094180611775	18.42785999147097	0.054265660823494065	sanrentan_1-234-234
2023-10-29	202308020911	-0.13218943781257558	1.9163451267027636	1.8106242946958084	0.36931853428632816	0.47579402935603266	0.1327171997036642	0.2941175071543244	0.11390930796508181	0.09574719011708342	0.38343308633138	17.483774111893183	0.057195888805252795	tansho_p1
2023-10-29	202308020912	-2.566292438775658	1.0987532236026458	1.9367566805771317	0.23434272861054942	0.5882004220634456	0.3736752633992769	0.2703357959962358	0.07500156617914161	0.08268617750855962	0.35635059066101143	18.53149495850091	0.053962187197491705	tansho_p1
2023-11-04	202303030101	-3.2614298983757055	2.1898624339937203	1.3574258631181144	0.7577236085237358	0.5570410070731489	0.29341329934309246	0.3614917109345164	0.057857304593366354	0.19692605675129887	0.644643780172073	9.57964718333504	0.10438797806036339	sanrentan_1-234-234
2023-11-04	202303030102	-2.429913787516635	1.539898531883199	1.844515853499387	0.34012134473142075	0.39491620896333623	0.08885953317859224	0.23022576498565184	0.005621503968374353	0.09919974744952052	0.47206003747446035	15.065504900791572	0.06637679962172778	sanrentan_1-234-234
2023-11-04	202303030103	-2.017833726916445	1.3384887412145858	1.7637165824885386	0.4089372140555633	0.5437341507109577	0.2433301341462809	0.29852223990977944	0.08539135632407735	0.09806272924738396	0.3968153925819649	17.299610464957848	0.05780476976782822	sanrenpuku_box4
2023-11-04	202303030104	-3.78837392987598	1.656767800555043	1.7604328691385358	0.45743729483112316	0.39752590663150206	0.09523571338048065	0.24329929301460423	0.005393280508381143	0.08246460105610058	0.3664117364900432	17.934016560457707	0.05575995743222835	tansho_p1
2023-11-04	202303030105	-1.8685754495396063	0.9936737047241443	1.8720732268454763	0.3091361105132003	0.4618087771029079	0.13243946792374156	0.23991312303835827	0.026133905081834913	0.09397495662792747	0.4087234063536871	17.139374515651397	0.05834518634777578	tansho_p1
2023-11-04	202303030106	-2.864117968515911	1.6695738628203092	1.4495280884723376	0.6262537148110664	0.601504280085819	0.2843977436811452	0.26868731094607207	0.08704134001797831	0.10730397907738193	0.42903608384388614	16.040255772156026	0.06234314553361929	sanrentan_1-23-2345
2023-11-04	202303030107	-0.03134653665297082	1.8618527677170105	1.1629953421916033	0.6154374340679519	0.8330978859491496	0.7614268800717864	0.314690503275158	0.056904667404357456	0.11589926347607818	0.47996990017360847	14.846593714127744	0.06735551731629986	sanrentan_1-234-234
2023-11-04	202303030108	-1.0509099847048329	1.7211906184931276	1.8770878226183025	0.31262966873697773	0.5047724029151147	0.24947773584896749	0.264932947169324	0.038595431106588335	0.07746525753262119	0.34875464274955525	18.75969393814769	0.05330577371342438	wide_nagashi5
2023-11-04	202303030109	-3.735745254243112	1.1149941089301305	1.9606861833983333	0.21668525388702264	0.5218352996579046	0.18622030303287596	0.23203009023283797	0.06629871400926543	0.08628524252814936	0.39330150920257306	17.68595996168898	0.056542025548298354	wide_nagashi4
2023-11-04	202303030110	-5.851477627817505	1.39526588932311	1.9704957127007448	0.19649616493969102	0.568735877527467	0.3269376410351619	0.30945112758377774	0.11128689424476959	0.07076667156435057	0.31537449161832076	19.403362000706764	0.05153746036195043	sanrentan_box4
2023-11-04	202303030111	0.7996055897604779	1.4988519559289881	1.9733517013749666	0.21594489258592067	0.4627674993824055	0.05328744688448722	0.23258395103960425	0.04880641713330863	0.0613719041652277	0.2985206378147547	19.654001838540275	0.05088022318381299	sanrenpuku_box4
2023-11-04	202303030112	-2.170164592026651	1.2641768306224963	1.8747632084196795	0.29387076094511466	0.5137693500834496	0.2560804189459737	0.3042974105052637	0.08381469747203615	0.07471354958908118	0.3286917151917305	19.092435667941874	0.05237676414848949	tansho_minodds_top3
2023-11-04	202305050101	0.827310151865118	3.272375007325942	0.8146557275713113	0.9866114269364669	0.6453449175029293	0.32581731612073217	0.4568097516466487	0.0811913997201148	0.29905148214365634	0.8656259968243012	5.153948319663602	0.19402600452642296	tansho_p1
2023-11-04	202305050102	-0.0788453285681253	1.8181025172231287	1.7586827732183041	0.43114482100837553	0.5002701109956702	0.27673012169421923	0.27686774264745817	4.310683116370839e-05	0.0969759669703591	0.42229027569673555	16.69478385922579	0.05989894858371496	wide_nagashi5
2023-11-04	202305050103	-0.09424853096798635	1.7473435101295067	1.4280711641753332	0.703489905108664	0.4674076377486602	0.06857106980720007	0.30813232992230544	0.12381607307014555	0.163691661243332	0.5213918066242507	12.397259618589997	0.08066298768967259	sanrentan_1-234-234
2023-11-04	202305050104	0.04118906504727262	2.2270143027203377	1.034657474516568	0.9057823196482323	0.5041036607463097	0.054080495790477134	0.32224714499854645	0.09578992764442351	0.16949244520934317	0.597136820809799	10.726962353438376	0.09322303621951877	wide_nagashi4
2023-11-04	202305050105	0.5330708119119424	2.305327136947944	1.655567131880635	0.5592239778172646	0.4051500950531318	0.13407862412539956	0.25799896370914716	0.007603351469399666	0.10171701696539152	0.4333310676926472	16.139014970653385	0.06196165018858739	sanrenpuku_box4
2023-11-04	202305050106	2.52738603737113	2.2486432704619834	1.6662581747701128	0.4843899878553852	0.6146376544590586	0.426551556459983	0.28203015072690696	0.020677153104975587	0.08171051138334248	0.3523191234256408	18.511637765912425	0.05402007173246514	sanrentan_1-23-2345
2023-11-04	202305050107	1.0834695091557658	1.9727700949235487	1.415219836576718	0.7427034666977893	0.39168812497935523	0.008515063948195456	0.35386491788866414	0.11073545271433768	0.1781412672889649	0.7065459164675707	8.488919726700903	0.11780061918298239	sanrenpuku_box4
2023-11-04	202305050108	2.532979139377471	0.8041915861635206	1.9955306070210956	0.1859884580929819	0.4444740928866505	0.09645515204508287	0.22190181887778254	0.03502537969990485	0.07650670369209553	0.3578233478465167	18.57100289763039	0.05384738807658025	sanrentan_1-234-234
2023-11-04	202305050109	1.8854119238690503	2.0973531342159406	1.5380577726316682	0.6366173127428165	0.5032789674668849	0.23905461998893301	0.29605060478285544	0.0002901784413735786	0.14012860693360366	0.5506344486584286	12.620850151508886	0.07923396506537596	sanrentan_1-234-234
2023-11-04	202305050110	0.9617253019123466	0.8977248887198516	2.018648193561967	0.1471270250868185	0.4201634773326787	0.07679947296814998	0.3494119428059843	0.117599698827075	0.05697262268197557	0.27439850897372275	19.898479366464397	0.05025509646155851	sanrenpuku_box5
2023-11-04	202305050111	1.0394888062975667	2.458234134885322	1.8637545679444218	0.333229263348133	0.328748188642508	0.011122413430748601	0.28547769276251717	0.009507297134075166	0.06946698498589794	0.32288245223191114	19.004419356258786	0.05261933981006722	umaren_nagashi4
2023-11-04	202305050112	0.367954817041125	0.8710752131248519	1.8932001141863042	0.2739458831810142	0.5909963094381492	0.3797357048141691	0.2719487510903335	0.07067008848968256	0.086759407631623	0.368609423566687	18.213802149523154	0.05490341839615187	tansho_p1
2023-11-04	202308030101	-2.8201785426562807	1.8101702779405437	1.5769851057510076	0.6083137399541376	0.5080623187558359	0.2644853922109833	0.2851693268138363	0.018484295298546616	0.11107212640480559	0.43654828305149784	16.02697116922963	0.06239482116994831	sanrenpuku_box4
2023-11-04	202308030102	1.7722396187306722	3.157184366785872	0.7211856871024562	0.9909824348207009	0.6333786007540012	0.2727191919851306	0.42590557653707073	0.19239911484150973	0.26952185981097165	0.7580709783013844	6.862621220482734	0.14571691601094333	umatan_nagashi4
2023-11-04	202308030103	0.4834709437697166	2.077389895013913	1.4251395554170765	0.7110124771901849	0.47581667954515355	0.06316687730255682	0.2153861724479233	0.024167183416417964	0.10976351956381745	0.46594167673604847	15.082199936959066	0.06630332472582405	sanrenpuku_box4
2023-11-04	202308030104	1.3041203505484	2.2987523537479384	1.55176897699881	0.6276517075078255	0.41137537187348133	0.051088953836235296	0.2615116205887456	0.0042229251289929715	0.08394935939695068	0.3756701213387531	17.667215955592198	0.05660201372494518	sanrentan_1-234-234
2023-11-04	202308030105	-0.002467427163912732	0.9014142037539646	1.8040962276541617	0.3250330710328738	0.5567336772585767	0.3753792531143972	0.27990698668123165	0.03945710469241387	0.07765041539746233	0.36014342748768047	18.247727599793148	0.054801344141685665	sanrentan_1-23-2345
2023-11-04	202308030106	-0.5099168865040439	2.4258460149044474	0.2705749293259177	0.7085953243802432	1.0	1.0	0.25866193534246823	0.0	0.07944513803985663	0.3683671988546148	17.880514025844676	0.05592680381305537	sanrentan_1-234-234
2023-11-04	202308030107	1.1962089755606775	2.439837637035396	1.5106762442426436	0.7002900106849784	0.4767614111061393	0.24824955640221558	0.2682858413676631	0.00041681901417023326	0.09753393857791057	0.42349591240460527	16.06080938164533	0.06226336271338999	wide_nagashi5
2023-11-04	202308030108	1.0533368198859712	1.906227882636478	1.6305639819858613	0.5511627544908166	0.5082035150913813	0.25826870907588406	0.2787553398722066	0.03448792011100674	0.09495889941771406	0.4104688490041083	16.78729244131322	0.05956886755240043	sanrentan_1-234-234
2023-11-04	202308030109	-0.06564021593387798	0.915070344092773	1.8278916873758924	0.34880285026839053	0.493631049214899	0.2555827654283924	0.27757783837458283	0.033880826294682864	0.08821924549959674	0.3732491224353311	17.96510665462437	0.055663460241277864	sanrentan_1-234-234
2023-11-04	202308030110	1.9404437861486257	1.2637935218629957	1.9044612484281043	0.2519072259455262	0.5779541995653541	0.3308255990789503	0.34306117157165295	0.19363948799940414	0.07847750992972885	0.33372054898114634	19.01069165726327	0.05260197882479135	tansho_p1
2023-11-04	202308030111	0.2634082454408795	1.6985046723783028	2.001246780004477	0.1708618945724706	0.30820571958930043	0.004116156348635935	0.2857542442590934	0.03265426861933929	0.05951059880981151	0.2947801448060533	19.7207607952811	0.05070798284005786	tansho_p1
2023-11-04	202308030112	1.0103833942111045	1.4882388059473854	1.6496382207084408	0.5078979047859079	0.5565222265789295	0.2602813312963545	0.27432907768794235	0.035798919200308255	0.1168173255821048	0.43677489825209936	15.936646793310217	0.06274845724884695	sanrenpuku_box4
2023-11-05	202303030201	-0.9191425293744558	1.9207513103181895	1.7141328438166725	0.4138136721907386	0.5935769769791801	0.31258321645295256	0.26760909782549874	0.07002514398455817	0.09494792395882247	0.3904531964278243	17.571019186303044	0.05691189505839933	tansho_minodds_top3
2023-11-05	202303030202	-3.6226815686243907	1.2511439724056062	1.74918164668138	0.39569284647648134	0.5208216325461427	0.20143105346754642	0.33272376001418374	0.16886612961063252	0.09206112668314641	0.3766920706764376	17.913282454078757	0.05582449797034856	sanrentan_1-234-234
2023-11-05	202303030203	-2.582837238797355	2.071187235169621	1.5164175316401016	0.47204364246132835	0.7912026819177534	0.6606480132965528	0.34870541910018854	0.11393399902871643	0.10194458221423251	0.3929363571450476	17.377157308173604	0.057546811729075796	sanrenpuku_box5
2023-11-05	202303030204	2.1022987598706666	1.248887720315082	1.5973530428392944	0.4433826567893703	0.7433667996693132	0.5751072596186034	0.32318741947957763	0.07390026810556363	0.10675685357724446	0.39489808927607506	17.076957728383242	0.05855843973531197	tansho_p1
2023-11-05	202303030205	0.8952909066681646	0.8662786216834804	1.6827597066858548	0.4326212359290058	0.6336002516578816	0.4314642317828109	0.2870550592425505	0.03898391086653824	0.10522446631815377	0.4030215895269443	17.082495289474714	0.05853945709068303	sanrentan_box4
2023-11-05	202303030206	0.9595436675174016	2.3361953022868285	0.18165557384906073	0.8225009890616909	0.9999999999999999	0.9999999999999999	0.29635222209451495	0.0660399166630313	0.11928983032205677	0.4893648165767135	14.441149124629547	0.06924656697121757	umatan_nagashi4
2023-11-05	202303030207	-4.662550129426969	1.418223555120355	1.561098057867491	0.5244043864176231	0.628473945119113	0.3204238106487922	0.2866819989695441	0.11899775203513296	0.09925805648702363	0.38815144673199786	17.386323322896523	0.05751647323175411	sanrentan_1-234-234
2023-11-05	202303030208	-2.4303765611309656	1.0771198547114598	1.6975909586312108	0.40279427229957593	0.6234832728063094	0.4421150551010138	0.32038616844184525	0.08748169231284164	0.08873877648490695	0.3766763384876622	17.927762015559995	0.05577941067781202	umaren_box5
2023-11-05	202303030209	-3.2832350974791273	1.0790922985870643	1.3567788540096761	0.49405944639880384	0.8778191940834587	0.7957882741706157	0.356976324382079	0.15801161974614447	0.11804368685588779	0.4055905024782135	16.522451172571056	0.06052370738187451	sanrentan_1-234-234
2023-11-05	202303030210	1.5713484506515907	2.2534535190587413	1.4773510196803736	0.6396282451042685	0.5678060656712854	0.2162659538222778	0.2518894164315816	0.0241829590011641	0.14049430282738548	0.44288988783774724	14.917027054625823	0.0670374865137686	umatan_nagashi5
2023-11-05	202303030211	-3.0118442435071864	1.0505193808637114	2.0290602033990313	0.1368907845549552	0.6601633638366922	0.4663422580209964	0.3029234672441511	0.09554895911931785	0.056112006099425585	0.2687285517837896	19.93757364177083	0.05015655455210052	tansho_p1
2023-11-05	202303030212	-0.4998608939292244	0.7976069636834532	1.7494280799768265	0.3452013114266674	0.6916090137136623	0.46867411414930005	0.34335207659876565	0.17024529172103386	0.08115448632584281	0.3524860740179243	18.54132062862655	0.05393359081747755	umatan_nagashi4
2023-11-05	202305050201	-0.8944966567277597	1.9807482383164434	1.3295717986951163	0.67486445220792	0.6630074571476138	0.4160603616713826	0.29557476270672867	0.0074991124070284965	0.18545968505116767	0.5413485737177572	11.902130884640725	0.08401856858173727	umatan_nagashi4
2023-11-05	202305050202	0.5539041836077772	1.5292402969180592	1.3800086256983801	0.6770607377921065	0.6150745144497347	0.3890353111550413	0.2875936979940664	0.016324862267641516	0.1481974488458017	0.5213668425862679	13.261302114454894	0.07540737639254853	wide_nagashi5
2023-11-05	202305050203	0.12358258572983849	1.6284603339032058	1.3403098942321179	0.7010792763740832	0.6131530341026598	0.2971946484824849	0.2421025671400774	0.06166612850406947	0.108452912608519	0.4551391013278387	15.071663550922386	0.06634967643892237	umatan_nagashi4
2023-11-05	202305050204	0.22990399127596947	2.0155687878526662	1.3110157396902624	0.8808889632439395	0.4660331656233871	0.15574704095419306	0.3242834639646904	0.07195157394864415	0.15658782552481915	0.5417020766021838	12.19564425980381	0.08199648814748937	tansho_p1
2023-11-05	202305050205	-0.4151111823701997	1.3370836200250902	1.7513055294594	0.3999439686281729	0.5585949512058175	0.3706537514053522	0.27294240449713136	0.00027770982385633136	0.08441481928154708	0.349948747870222	18.54152686801373	0.05393299090837633	sanrentan_1-234-234
2023-11-05	202305050206	-0.8872887415774104	1.2933191669032529	1.5936845240584518	0.48023666832029777	0.672659074954372	0.4053917472355857	0.32809324969335696	0.1836945746146869	0.08696057373976183	0.3593397812678029	18.262836424506247	0.054756007049273886	tansho_p1
2023-11-05	202305050207	1.5432857028148421	2.2191234658864643	1.554832965335147	0.47898560389227973	0.7420727653073085	0.6542705646674903	0.27656873602984766	0.003365646160877478	0.07868347909057952	0.38731635383438673	17.66206232709721	0.05661852967565378	umatan_nagashi4
2023-11-05	202305050208	1.243049605545509	1.8202830080980112	1.988656247526405	0.2018680317133213	0.40845938603129534	0.007705122918653662	0.24578718558537982	0.005782735328155236	0.06444492792763751	0.3035977023427489	19.55909269375212	0.05112711594845277	umaren_nagashi4
2023-11-05	202305050209	1.562218224493341	1.3503682707413753	1.5236008690507177	0.5937122418548691	0.5796089002181171	0.28888906386816854	0.2687837713392113	0.0009398315050569983	0.14259478286544533	0.4820264312328576	14.226674783207207	0.07029049410621052	tansho_p1
2023-11-05	202305050210	1.7548476124460515	2.041586031641712	1.7661946285378973	0.425175567524839	0.4033711898590447	0.0012921147410937528	0.2436381909956031	0.0008355780596382978	0.09067417478841279	0.38613095969348854	17.329083029950457	0.05770645788191246	sanrenpuku_box4
2023-11-05	202305050211	-0.6490218213089649	1.7242248650173235	1.8322736404641726	0.3403010860966199	0.5094993791779644	0.2571972494982033	0.2743010049091218	0.003684484931103127	0.08898799720263938	0.38281067233303157	17.80274027543161	0.05617112784485399	tansho_p1
2023-11-05	202305050212	1.064009054934159	1.9520312315791741	1.7581752177076069	0.4199002762903986	0.49865490894282705	0.26821368040623733	0.27245328969948623	0.04104591895796683	0.0740712783291747	0.3335564094474935	18.916990169811587	0.052862532095398346	umaren_nagashi4
2023-11-05	202308030201	1.210073933988145	1.2161621649884848	1.7790519659234967	0.379309782599063	0.5779200299373439	0.3736544258410707	0.27881784155760686	0.031353903689653795	0.09562771321121856	0.3835449958514621	17.660637538485865	0.056623097429003406	umaren_nagashi4
2023-11-05	202308030202	-5.706786852909906	1.4592616231840465	1.7172089552452328	0.477293964915804	0.4112303999714905	0.019708495169822426	0.22697542717659305	0.004761362945353481	0.08599362666368164	0.3834513597202543	17.532433287051717	0.05703714844524936	sanrentan_1-234-234
2023-11-05	202308030203	0.09936001885110907	1.6455178083881403	1.7025048904963171	0.45464381910030255	0.5422465493665779	0.3178401403525799	0.2751103545412988	0.006430640664305043	0.12130025346201127	0.48239066392160296	14.638868007265115	0.06831129288847407	sanrentan_box4
2023-11-05	202308030204	0.4610138572861749	1.0942002138036813	1.8571205109631796	0.2552354760993568	0.7318992403333853	0.5497807011496132	0.31500247631764244	0.07217867333877723	0.0673244675028875	0.31179022240379556	19.423435013856192	0.051484199333775155	umaren_nagashi4
2023-11-05	202308030205	0.3730717152011061	2.035364125592623	1.4931835789278534	0.6978664230261568	0.42913474100096144	0.05423822182159316	0.25902597989696613	0.022105591549872683	0.12198680803916846	0.47218807501353977	14.502410727418798	0.06895405314299662	sanrentan_1-234-234
2023-11-05	202308030206	-0.38111833724149324	2.163304250227705	1.5664403007777603	0.6304049770187913	0.44773897516834915	0.11928017538445129	0.2726176425501761	0.013866410503476978	0.12162391676825764	0.45674624009668285	14.917321131537264	0.06703616495094838	tansho_minodds_top3
2023-11-05	202308030207	-2.315663385524755	1.4167396004711346	1.296382889592445	0.6247811522908012	0.7415139691023709	0.5652441293477193	0.3358803768016398	0.1249935884083567	0.1269938128422512	0.4641816444865557	14.941756239798195	0.06692653687766935	sanrentan_1-234-234
2023-11-05	202308030208	0.7412562199015825	1.8998071956445912	1.7508054734178589	0.41691742759099515	0.5448702152309488	0.2941009840419171	0.3137986972192714	0.10212183387522711	0.0765850417302834	0.3425824797690144	18.67555721491588	0.053545925751619095	tansho_p1
2023-11-05	202308030209	-2.6067207950578895	2.1288248857151144	1.6493281984623391	0.5287521004452055	0.505228010038766	0.18339375141978193	0.2810342034434322	0.05393184615968408	0.1080009210920923	0.4128109263522693	16.575404833743836	0.060330351507567555	sanrentan_box4
2023-11-05	202308030210	0.24928615073231397	1.5467591064206292	2.05602666948679	0.11264056958704272	0.40554678363035773	0.1019749658972875	0.3013972610145016	0.01022803882836032	0.05497381445354107	0.26868992744976944	19.93216086140101	0.050170175073015695	sanrenpuku_box5
2023-11-05	202308030211	2.038431642324313	1.6256336967569711	1.2519522247129653	0.473572082505617	1.0	1.0	0.23747862723193836	0.022496852561746467	0.07578487306575837	0.33966283589864726	18.792306199926838	0.05321326660821934	umatan_nagashi5
2023-11-05	202308030212	1.4450479448027524	1.054017034754564	1.8271746580443229	0.3077980267555048	0.5720331268359131	0.2948491852382935	0.3768429823893731	0.2449143379448015	0.07453191576167413	0.32461139046279025	19.047236234794187	0.052501055149054565	tansho_p1
2023-11-11	202303030301	-0.8292945176240004	2.6506941983721966	1.5597918166886764	0.6119161909982171	0.4314744866918229	0.03835067646119256	0.22618919646542604	0.02540671132916747	0.08870488580020719	0.41885355957659837	16.794408279419436	0.05954362805538326	wide_nagashi5
2023-11-11	202303030302	-1.9360465628672099	2.7241011563036164	1.7183575728349076	0.4099574049492785	0.4112827685773627	0.20198922681601728	0.27921749189754347	0.06048173987776165	0.06348141261806811	0.2994170091799671	19.56711539167607	0.051106153358987404	sanrentan_box4
2023-11-11	202303030303	-3.652280315079068	1.2015895682374236	1.821069796348396	0.3586000566721572	0.4531156788158775	0.2137206120573105	0.24425855794568824	0.0007227007092598103	0.08645265733356393	0.37063066582311954	17.976439865026684	0.055628367324584024	sanrentan_box4
2023-11-11	202303030304	-1.0429171115422642	2.2500507949967976	1.315525530748388	0.73578781509929	0.6185237355821164	0.39334931474125845	0.33717243904530747	0.028357125333734134	0.19857006734011384	0.6108039696534375	10.153747982645571	0.09848580068258192	tansho_minodds_top3
2023-11-11	202303030305	-3.857777041313522	1.1537790276064557	1.8006843012119118	0.35634680344744807	0.5428900898375139	0.2538161159042548	0.3411120058316766	0.15710441709375084	0.08325319888659626	0.3504410316968493	18.601676537511008	0.0537585952526086	umaren_box4
2023-11-11	202303030306	-3.662849783068275	0.7733239605015677	2.0002325796251745	0.18536304624332373	0.5116008983098366	0.11529984882033872	0.24037641347919958	0.10342404664190114	0.06257002673463934	0.2863310342530601	19.781086017137223	0.050553341668584634	tansho_minodds_top3
2023-11-11	202303030307	-1.1445286657643612	1.2383641527963298	1.8286407421204143	0.35807391287081747	0.46272418895555684	0.00600498107600278	0.17410021341129525	0.0032390116746904563	0.07491104573829599	0.3324575548781701	19.06284942043561	0.05245805482405939	sanrenpuku_box4
2023-11-11	202303030308	-4.626254684654778	1.2515690260834857	1.8247109289955157	0.37728617020549343	0.4113124054867988	0.15480447031103473	0.24605050729765487	0.003929755442799082	0.07584882091147618	0.3514230149313212	18.34105110092037	0.054522502254509234	sanrenpuku_box4
2023-11-11	202303030309	-3.8153481557590756	1.3471127706007653	1.5498256636272503	0.4829237357569245	0.7195731733238954	0.5382865998591979	0.3250246706588508	0.05568169499661124	0.13207770659245974	0.4479914424004321	15.300630445025687	0.0653567840614767	sanrentan_1-234-234
2023-11-11	202303030310	-2.173537772801273	1.3175472598425952	1.8781732204427195	0.30309117370344546	0.5142032273977399	0.20621370641248327	0.2957284622389668	0.12149039703624248	0.07302303116752595	0.33536515423407726	18.971161141478284	0.05271158642016981	sanrenpuku_box4
2023-11-11	202303030311	-0.9129965055741172	1.5679288024659708	1.9912567552738907	0.19642279572728216	0.4624094662253771	0.10474874347441498	0.3278094669742132	0.14028839833415707	0.064717016517688	0.29608908856608157	19.638427718599807	0.050920573394625024	umatan_box4
2023-11-11	202303030312	-3.184373625217389	1.4107559996193946	2.051471571985419	0.12325724727669096	0.4045900775204354	0.051968091344511025	0.29771896082024024	0.05039125654078497	0.05945123792705166	0.2831877215077565	19.796757593193977	0.05051332246164366	tansho_minodds_top3
2023-11-11	202305050301	-0.7821659094897565	2.5570003960673433	1.0259299901915055	0.7833124766504569	0.7851805158558817	0.6732202520402886	0.33279956818091416	0.0059953569174020505	0.18470480281554147	0.5790714435637319	10.872721123038085	0.09197329616788491	wide_nagashi4
2023-11-11	202305050302	1.6728433809823073	1.9109804384700424	1.1758294617649754	0.8072960659757147	0.6865831908171839	0.5125774599968238	0.35333024931258405	0.025932157856482674	0.2107156679498725	0.6251133179202542	9.500498106613316	0.10525763899725404	sanrentan_1-234-234
2023-11-11	202305050303	1.2118826595455374	2.8572906390762824	0.5756811639428633	0.950660753733392	0.8841298240084753	0.8281650659009914	0.3239294844915985	0.011960082311402609	0.1888952881680969	0.6637580958719821	9.316318220407826	0.1073385404342945	sanrentan_1-23-2345
2023-11-11	202305050304	-1.9672221051907333	1.9675606024205052	1.6596967637762323	0.5229901506028922	0.5155951157357028	0.2575779405374411	0.28998638731770615	0.004771199080179533	0.11523143763465518	0.4566840211458389	15.423876792775932	0.06483454279590518	wide_box4
2023-11-11	202305050305	0.6711139364010331	1.7800524317824717	1.6621388068036436	0.5192750949846351	0.4699948328082802	0.11969165451683644	0.25746475220622195	0.03368688602268696	0.10427199220371121	0.4068526728630776	16.696225010751995	0.05989377834546566	sanrentan_1-234-234
2023-11-11	202305050306	-0.7690939801484837	0.9514985905443003	1.7988717782783978	0.35143811472826314	0.5770103507799422	0.32144865532438793	0.3364091005156596	0.1707797970796066	0.09239217439635984	0.36776425741090796	18.107849148880284	0.055224670350306954	tansho_p1
2023-11-11	202305050307	0.9605565804033699	2.7552536357301425	1.6187041842527687	0.6483059597006683	0.3409844088679202	0.014117647715864268	0.2823614870224521	8.786120280457332e-05	0.07261949490436348	0.3470664275553526	18.467633820902496	0.0541487886156891	umaren_box4
2023-11-11	202305050308	1.460047784120759	2.5876215629524286	1.115919809133553	0.7671813293387097	0.747426519623248	0.640648986171938	0.3210068956234583	0.0019536657323871998	0.15107065887799423	0.546601384203746	12.193832208265457	0.08200867314888595	tansho_p1
2023-11-11	202305050309	-1.4609594885616641	1.2125667479871434	1.7536484646721222	0.4665725544948259	0.31777880548213794	0.0031523130335399108	0.26156246923710863	0.0013482278792276703	0.08511964221156929	0.42220582387016314	16.557293919128675	0.060396342837442656	umaren_box4
2023-11-11	202305050310	0.7736360718022491	0.94061415206195	1.9691773135154256	0.21158583425744387	0.43499152441749833	0.09495243197199998	0.30299932725423484	0.08287834210448805	0.06536044421790414	0.3056993422222559	19.488700213524254	0.051311785241893476	wide_nagashi4
2023-11-11	202305050311	0.8936946082226926	1.9831427060897966	1.8094510623281972	0.39643341397784393	0.3224497604685628	0.009708987966920823	0.2657345320405065	0.009297556857366607	0.07539078083761702	0.36311940184298297	18.36011164613829	0.05446589973271385	sanrentan_1-234-234
2023-11-11	202305050312	0.8690216000262696	1.523011398072823	1.6209688605236594	0.5607999576057824	0.4068872898146326	0.1201927345004366	0.25484162313254044	0.010517264744598465	0.11104059296329041	0.49788179156992773	14.251910013856596	0.07016603381776461	tansho_p1
2023-11-11	202308030301	-2.7522999358266436	2.00310928479256	1.535635106088748	0.663909784337805	0.4798111521083529	0.206762864507556	0.28786429424425625	0.005695041350758434	0.1294142714286555	0.4965398830199992	13.999608480274343	0.07143056903405655	sanrentan_1-234-234
2023-11-11	202308030302	-1.679028284630451	2.512273477687257	0.6067611294166108	0.9913165069863197	0.7675207049626092	0.5410202678010583	0.5293340462744164	0.3818458066005986	0.4052624204214339	0.8063560598325349	4.756624776298352	0.2102331058322849	sanrentan_1-234-234
2023-11-11	202308030303	-3.046248330756356	1.5776064480599588	1.093777252979862	0.7590706349649039	0.7401770073437967	0.5607688509018082	0.3249349698301013	0.03181654305100379	0.21684305790894826	0.584867521025881	10.25884064644997	0.09747690157815697	sanrentan_1-234-234
2023-11-11	202308030304	-3.261930552463892	1.2768255692416952	1.9111481300653945	0.27210814330463123	0.39474059676980827	0.15587538815064989	0.2610011959096026	0.03303123390250268	0.06393190254237813	0.30590116040756904	19.415073821812474	0.051506371244209155	sanrentan_box4
2023-11-11	202308030305	0.7397631644720631	2.5830191417105994	1.9067105855849178	0.27756507668702446	0.4631721136004748	0.2126430592816808	0.2615146306434733	0.04283558505197957	0.06679905706508539	0.3082483696953714	19.478764849335615	0.051337957397956276	sanrentan_box4
2023-11-11	202308030306	-2.4717943119508825	1.8969534770377312	0.4576722780443701	0.8469503405297387	0.9588474549481161	0.9303438745878739	0.3171944069178039	0.04989847443530171	0.1721719425739284	0.5919107109108794	11.171379077236486	0.08951446308340424	sanrentan_1-234-234
2023-11-11	202308030307	-1.2536572019091934	1.777834165173016	1.8998427207756108	0.27820682886252057	0.42974227153304084	0.03942558641048477	0.22452090100829114	0.002839329398778845	0.08233452137735711	0.3901108936305355	17.644768100134904	0.05667402338897015	sanrentan_1-234-234
2023-11-11	202308030308	0.06753829762070558	0.602659003539021	1.9631688802308274	0.22175290932021802	0.35660764700414815	0.0440199417566427	0.25783682607840136	0.009191079540815689	0.0809102422887212	0.3915118720985233	17.595263604513647	0.05683347646712572	sanrenpuku_box4
2023-11-11	202308030309	-0.4165219817634028	2.173852041572969	1.3066162532654944	0.5007229143787215	0.8654001160472681	0.7622804734918941	0.32478249316529234	0.08623826380735941	0.09740256283733467	0.40410698886456065	17.05550858593234	0.05863208329212863	sanrenpuku_box5
2023-11-11	202308030310	-2.0235808437767564	2.0779507649909825	1.285430091867412	0.7282319281106036	0.6583493538257958	0.4724833516863769	0.3441825052666026	0.02902785576966277	0.18513922353798323	0.5727039135547376	11.146924092582646	0.08971084683939107	sanrenpuku_box4
2023-11-11	202308030311	-1.3411603756615351	1.191173210078792	1.8925944441407443	0.2895424359848327	0.3287356275366364	0.06786121184408117	0.28507059445007815	0.011562103219239783	0.0687042404677597	0.3280187686745904	19.151389263840734	0.05221553309910918	sanrenpuku_box5
2023-11-11	202308030312	-0.5043697027105758	1.640877079214097	1.937244520984654	0.2549694739063712	0.4507460054437647	0.10293342157063934	0.2260524557968843	0.021446207344395007	0.07416104412807259	0.3384533269773613	18.803587974965254	0.05318133971725935	tansho_p1
2023-11-12	202303030401	-1.9331973005832253	2.318235613218587	1.4948579800139232	0.7080149186610528	0.41928748112392356	0.022461304213776345	0.2844412160216942	0.06462094538916349	0.12397290335190465	0.48568033319752524	14.024341112478304	0.07130459762635405	wide_box4
2023-11-12	202303030402	-6.42769337022729	0.7639042772341725	2.0243122975525587	0.15279288310362357	0.4637441028724604	0.216595814403921	0.26038548424344815	0.04687661745687138	0.061906135748886204	0.2913963052295023	19.718969759771152	0.05071258854710092	sanrentan_1-234-234
2023-11-12	202303030403	2.2405788948059886	1.820533762300364	1.1886198434618862	0.7362797728193089	0.7169378846342449	0.5172786394881742	0.2884270023087557	0.03801768758445084	0.15261903747381833	0.5459870634178978	12.1019278349291	0.08263146282477056	sanrenpuku_box4
2023-11-12	202303030404	1.0350369484533437	0.9135782079695707	1.928429174913762	0.252463511616872	0.4158988357412456	0.15849754350677003	0.2604423103736951	0.023454321323313182	0.06819678588877653	0.3159691531597446	19.334459309826485	0.05172112568422139	sanrentan_box5
2023-11-12	202303030405	0.9566318834636389	0.8704708078974315	1.946013046632444	0.23819039663626784	0.42740851042037814	0.1220244445378666	0.30662116172236914	0.04378448695632592	0.06424535109581776	0.3017433337817809	19.518052052808084	0.051234621021319024	tansho_p1
2023-11-12	202303030406	-0.9018340974369905	2.083204543066927	1.7626801208805334	0.443384577356261	0.4019763302285729	0.1549287213566094	0.2541605574150349	0.0133205376801937	0.08070550797943364	0.35571698649225253	18.271221256552415	0.05473087901233644	sanrentan_1-234-234
2023-11-12	202303030407	-3.508884383273878	0.8800652171896186	2.040263009153628	0.13646223065488527	0.3983677510925888	0.04732360914724626	0.25622964762203626	0.003273049354881541	0.06415903920755402	0.31068889838735314	19.471645094788496	0.051356728983707994	tansho_p1
2023-11-12	202303030408	-2.6144486085660357	1.4262025623959143	1.0512069043331227	0.7729046286134301	0.7594756978015892	0.5570865164655416	0.2717369138621726	0.057076704221084185	0.15500470200704905	0.5006878385721577	13.416417781844308	0.07453554415644721	sanrentan_1-234-234
2023-11-12	202303030409	-3.3439008596718454	1.3164983382985624	1.7891458021801716	0.3868385601667645	0.5281765476518838	0.21365341497812945	0.2938319205645677	0.07222034579250688	0.10436635095394235	0.4183419626343006	16.64715632709058	0.060070319539960115	wide_nagashi4
2023-11-12	202303030410	-0.7431019566316991	1.4859825904687118	1.75530643333575	0.41779472815386115	0.4672659890535604	0.17808503267325637	0.27358486316939934	0.01139670333958942	0.11991532855029392	0.5413236087032056	12.938297736633125	0.07728992023182685	sanrentan_1-234-234
2023-11-12	202303030411	-3.9620298602927013	1.3818698170493968	1.8135304661703677	0.38880275334674247	0.4342058059252287	0.2040128673446998	0.2491628977096787	0.005056970190816218	0.08560505441258555	0.3697942447638144	17.916639665675913	0.05581403760191516	sanrenpuku_box4
2023-11-12	202303030412	-0.5769210242960343	2.0836449443873417	1.9857900997336655	0.19565031327942412	0.4440782183706629	0.142043019497738	0.22533634132611077	0.03583350258328183	0.07644415516441917	0.36430803698914416	18.402901939774612	0.05433925601911062	tansho_p1
2023-11-12	202305050401	-0.896134108943947	1.6094328105723048	1.6842376325943513	0.5191621559675821	0.4446558051070016	0.17826507152973214	0.2692106603970414	0.024303192453372674	0.09238266427690198	0.38712569120494733	17.46562357115993	0.057255327639789945	wide_nagashi5
2023-11-12	202305050402	0.7347829357322384	1.9122813257671067	1.1171915037486164	0.8255405282581921	0.6936388202363665	0.48512713643778316	0.40670697254386984	0.10394467139124386	0.260667812547268	0.6768855466836879	7.843041199623931	0.12750156151773745	tansho_p1
2023-11-12	202305050403	0.7638460047777237	1.6500407649638111	0.9970719757020414	0.7454631717949435	0.8678697160112437	0.8014927835288568	0.3536593816751784	0.0013609444562081574	0.21560440652658894	0.6059801554925278	8.735647256356314	0.11447348669812309	umaren_nagashi4
2023-11-12	202305050404	0.8844604781908196	1.767227049452506	1.7663093381095307	0.3891719494700668	0.5696329685575927	0.27154869263992865	0.29607015704571255	0.12368129229569835	0.09557245334243393	0.3751598953207669	17.855631670574784	0.056004739482163016	sanrentan_1-234-234
2023-11-12	202305050405	0.7684832498874631	1.885261613220295	1.7770875357599571	0.3883220289486567	0.5230308242398413	0.32883646735016486	0.2651170927957962	0.00015609317772530273	0.0695110402376436	0.3149279093302164	19.28636347317371	0.051850106495760384	tansho_p1
2023-11-12	202305050406	-1.6905493280782993	1.7753685083154087	1.6776791308547974	0.5026304503576792	0.461042345740321	0.17564332386663223	0.284368976996528	0.022995440587263383	0.12540479505021773	0.5434434388707398	12.911929855709118	0.07744775654569108	sanrentan_box4
2023-11-12	202305050407	1.3637428598069676	1.8967574422091282	1.9036466734864739	0.28989138754442395	0.3175164737644956	0.01294620213265224	0.2668413508941714	0.009195111330313921	0.07200435476186567	0.35540492265049023	18.55898411834648	0.05388225959046165	tansho_minodds_top3
2023-11-12	202305050408	1.277032132840685	1.212546342585651	1.4196422785443419	0.5875098342004238	0.7569796591509429	0.6166892877682948	0.33949239128722036	0.11043104777508272	0.1006133564497123	0.4178129278248172	16.783480053416312	0.05958239869307962	sanrentan_1-23-2345
2023-11-12	202305050409	0.6394553937624322	1.2797063356131892	1.9365509113864456	0.25796890596098665	0.38281217042313787	0.11970176336366928	0.2710614594696988	0.04181916424648635	0.07206675595335524	0.32772778166671757	18.99922022390603	0.05263373908060376	sanrenpuku_box5
2023-11-12	202305050410	0.47066460965558954	1.6581200419374527	1.8040377485639572	0.34562979222763335	0.5801486048000939	0.2923977061838375	0.3053270173674335	0.1153561266658808	0.08780751919055095	0.35896713129576674	18.350431705070072	0.05449463075703599	sanrentan_box4
2023-11-12	202305050411	0.5581185609306542	1.1344069573375224	1.8028298264425504	0.3583224082756639	0.5614303118241434	0.23029792625208145	0.2837355997044642	0.10230754478176901	0.0995016236507887	0.3777752800774471	17.78992826730885	0.056211581349522435	tansho_p1
2023-11-12	202305050412	1.0739535966078573	1.471029546162653	1.748816876357109	0.43380530426503	0.43256632499622316	0.06874954314995335	0.30062011549065426	0.08491200386819386	0.10217658521259639	0.41098499502848057	16.756988583166784	0.05967659374098691	umatan_nagashi5
2023-11-12	202308030401	0.3962731105101927	2.6309330513058553	0.7173405634238552	0.786809852071974	0.9093067135101748	0.8567369184405951	0.33555930151520746	0.06580735034591984	0.16449646770997625	0.5726261099035856	11.663451100798532	0.08573791679304382	tansho_p1
2023-11-12	202308030402	-1.0665024722036953	1.5846249203014688	1.6093911471895541	0.49357564160702116	0.6718753231307565	0.4963628406447167	0.287273190533312	0.04419105184394373	0.09379045077575321	0.37248822439108825	17.782791900872695	0.05623413947451776	umaren_nagashi4
2023-11-12	202308030403	-3.6998899006564083	1.9822592221495843	2.0416586872135425	0.13305694588215675	0.40345897240975	0.0038108127749277854	0.29341897353033713	0.00325833974367179	0.05796395774939439	0.2776896040659399	19.867977013546945	0.05033225070263328	tansho_minodds_top3
2023-11-12	202308030404	-4.922533500174444	1.5084252979936514	1.8157606274398752	0.35879461660728135	0.49670728819302556	0.25496510008541784	0.2789094771169722	0.035805589287183276	0.09037372219472352	0.37796659555746903	17.88097433603127	0.055925364088518274	umatan_nagashi4
2023-11-12	202308030405	-1.3962431653942755	1.1980313170316352	1.9048715936927585	0.22063383969834532	0.48953062152864374	0.23424272257849338	0.2125894731784002	1.545401379565714e-05	0.06346778274325936	0.31042117637015626	19.51649984932796	0.05123869585838848	sanrentan_1-23-2345
2023-11-12	202308030406	-1.0688714025256567	1.600025795664741	1.7675178608639102	0.4216367631109369	0.353118457802614	0.08182337707371906	0.26924720813216196	0.009759491243089058	0.083317412591542	0.37426106395323316	17.918703589531994	0.055807608792870174	sanrenpuku_box4
2023-11-12	202308030407	-0.10858147065496365	1.4691005587387973	1.7430027762425522	0.4244830620122618	0.3500236767022589	0.010814946115806634	0.21592511217405985	0.0033937778165710752	0.10876104019328871	0.5320217159889807	13.028250929566367	0.0767562741465622	tansho_p1
2023-11-12	202308030408	-0.7947664062499924	2.019923339869998	1.3190114913782447	0.6096651769214627	0.7588650502638872	0.6077118236799156	0.33017168848183	0.12070916431906989	0.10839568169188304	0.46098846144219935	15.180088662963811	0.06587576806713832	wide_nagashi5
2023-11-12	202308030409	-1.3340825885552636	0.7415435999812265	1.6767118360897575	0.41335646614768423	0.6543698909767872	0.47960094502530926	0.27881808361548277	0.011776471570292601	0.08016040216812326	0.3458419892241016	18.67031026486924	0.053560973857067484	umaren_nagashi4
2023-11-12	202308030410	0.5208598553814106	1.8906404687917766	1.6464552766188105	0.5109567782291526	0.494646937342541	0.09348571580997989	0.20195149587327424	0.015709574169133045	0.09867731319665587	0.3899407130128142	17.595285939872667	0.05683340432302385	wide_box5
2023-11-12	202308030411	-0.7835441289528525	1.702136460984605	1.994939447916002	0.18870840418522833	0.3759684179946139	0.12260775910875754	0.276803082638457	0.05686863738636205	0.062174346713577605	0.29362261674964696	19.655477210342692	0.05087640403224609	sanrenpuku_box5
2023-11-12	202308030412	0.6454274048980251	1.7586214673253069	1.1543148163170511	0.7406076541757171	0.7342414754096229	0.5609507312411484	0.3331762892811775	0.01688651498494076	0.21657350481656742	0.5928249831576029	10.153468738532126	0.09848850927220845	tansho_p1
2023-11-18	202303030501	1.0915394600681254	1.4125013952933614	2.030355499867465	0.13577369294585576	0.5722936070288079	0.3787262456069364	0.25973109242961423	0.04801596471768366	0.05930979182730163	0.27708793638072	19.860415509718486	0.05035141382166252	tansho_p1
2023-11-18	202303030502	-3.059622072183515	2.47703136980391	1.5751163323016146	0.6314608276862014	0.32637527952413076	0.0011646750934455885	0.2660816239804737	0.0006567973889416989	0.10211757847086556	0.4939521980215144	14.213427500868592	0.07035600666615349	sanrentan_box4
2023-11-18	202303030503	0.7784023615981738	2.6241659339166374	1.1197807452775808	0.8900579042861417	0.5129381019908664	0.10293083538616082	0.3580719702569043	0.12188201356686834	0.1963117085967896	0.6436954369183645	9.541647870410896	0.10480369990398068	sanrentan_1-234-234
2023-11-18	202303030504	1.5514059981511974	0.9000007863517578	1.7640880729619384	0.3324764211468508	0.6914700565059039	0.5565180129684125	0.2808171283080203	0.01114128640343015	0.07934896110738261	0.3527062528660817	18.559311609251385	0.053881308803583175	umatan_nagashi4
2023-11-18	202303030505	0.5486279645304319	0.7027467484704545	1.941890295669493	0.225145340741369	0.660174483966683	0.48930332500389195	0.26965013498370827	0.072301003718999	0.08370243807631951	0.3672495526769317	18.32930357618443	0.054557446541466895	sanrentan_1-234-234
2023-11-18	202303030506	0.4380818786989318	2.4311986410242405	1.439737353534643	0.7112132037891788	0.5189325620088932	0.23445678102853024	0.28778449051451666	0.03871499495187175	0.13839756569538386	0.5229593358307323	13.332876474481585	0.07500256991909786	sanrenpuku_box4
2023-11-18	202303030507	-6.219871193464672	0.8135639673518741	1.9980152190629161	0.18069628734619972	0.3905281845604911	0.044548813796736586	0.2593889885129386	0.03778076848229406	0.07274426343551957	0.3589438561135072	18.49360258538786	0.05407275274694822	umaren_box5
2023-11-18	202303030508	-2.117025357977561	1.5334616895739812	1.8068905306854615	0.37837879018580195	0.4781488302184308	0.2133744702110002	0.2738725570088311	0.032379868511783455	0.09302064062874685	0.3865675860506572	17.572372664023487	0.056907511530718546	sanrenpuku_box4
2023-11-18	202303030509	-4.979323214940734	1.4185096068340992	1.5961904045310313	0.5308789680916545	0.5841790239880995	0.2017226769722656	0.22383017351431667	0.053837188739910335	0.09375026161997292	0.3768052259358097	17.79701704481291	0.056189191564069346	sanrentan_1-234-234
2023-11-18	202303030510	0.905033594074864	1.857899252037307	1.7929399831907205	0.3860867147800057	0.513093146221328	0.24434220727996014	0.27147717697599977	0.05958779168379952	0.09505439400893881	0.3892628072891647	17.477623829670037	0.057216015732207186	tansho_minodds_top5
2023-11-18	202303030511	-2.8520555807350223	1.117378440580161	1.821290788203553	0.2669557405405667	0.827827867546008	0.6995465233079337	0.26844241848610967	0.017184689801919173	0.06676670993307048	0.3062645531002441	19.541340930423264	0.051173560891265825	sanrentan_box5
2023-11-18	202303030512	-4.633699648401924	1.1648456784545775	1.8552734642929156	0.2812499065810244	0.687682408814578	0.5513937455472253	0.26675571286959426	0.00918526411473558	0.06561228116081945	0.3096873505248438	19.492047689386077	0.051302973188626345	umatan_nagashi4
2023-11-18	202305050501	-0.9567120131620482	2.555934672935771	1.3747863476461155	0.6777776331759819	0.6983597718164818	0.5017399217987071	0.3182192453401682	0.09214607561828675	0.10161320852878691	0.43552596250126807	16.169658969994344	0.06184422329844287	umaren_box5
2023-11-18	202305050502	-0.8638978715251706	1.6319429783060493	1.2068517504117784	0.57007152728229	0.838554838692432	0.7110958094398997	0.32783720512153897	0.12621317594581685	0.12455323639399335	0.437472843477803	15.633946929234822	0.06396337434982859	sanrentan_1-234-234
2023-11-18	202305050503	0.7361528426341417	1.5719066422574022	1.5319486976191756	0.5885252834118451	0.5525862204906913	0.2267588097226353	0.24777116481580463	0.007444474791885425	0.13755042314678784	0.4711573167893053	14.732718685473463	0.06787613483626788	sanrenpuku_box5
2023-11-18	202305050504	-0.3343619740250353	1.909338709549919	1.6155036803947977	0.5720144942050165	0.4128513236145497	0.050437329584418655	0.2755184643790083	0.03750499758902556	0.13076730622158297	0.5263346528056422	13.197955705252694	0.07576931021233894	wide_nagashi4
2023-11-18	202305050505	0.9431434693036798	1.4536203504123915	1.9563432765976028	0.22611247732744288	0.4893305083558796	0.1897825493122562	0.21758101107604425	0.0013616738210483204	0.06800541153870199	0.3266200753760864	19.244750236101684	0.05196222282605031	sanrenpuku_box4
2023-11-18	202305050506	0.5119373811955864	1.818439748669778	1.1952164797157443	0.8294689830636459	0.6330752363697176	0.4363020458789357	0.38351190171630967	0.02716610609733372	0.23357122422745577	0.7314368280575013	7.287568298377431	0.1372199832724242	tansho_p1
2023-11-18	202305050507	-2.772748646562171	1.9634436450207575	1.6900149867146335	0.49067460919512507	0.46828795487289043	0.19943489669726866	0.26432011511899894	0.04502267850040487	0.07485200970239063	0.33865869260467596	18.85630986664017	0.05303264568054007	sanrentan_box4
2023-11-18	202305050508	1.44556798677154	1.9279072607206018	1.838417595765948	0.3475930663236754	0.45096559075308706	0.2510951065926857	0.2427860104488545	0.0009183177561969402	0.07947469217987647	0.3481654837669569	18.44283855940452	0.05422158832974613	wide_nagashi4
2023-11-18	202305050509	-2.2438522961549605	1.4819387328553129	1.6077775593326504	0.5529948879370241	0.5027875722407604	0.12268349800537515	0.23175928594682346	0.004581283528470287	0.11866270748011841	0.4222316876628487	15.970708656880507	0.06261462916169218	umaren_box4
2023-11-18	202305050510	2.187262918440437	3.0365929671374436	1.591273172117527	0.5084455446837027	0.6432749399677458	0.46130135558994134	0.29657863825346176	0.026086786430873476	0.11789034318966074	0.4393692585634065	15.767688066053527	0.06342083860429189	sanrenpuku_box5
2023-11-18	202305050511	0.513939629334787	1.869533177495382	1.5429345409290889	0.5845710472383063	0.5913051929243165	0.32907386975884645	0.30185769053077527	0.025997285391780256	0.14594829130750228	0.5006803812405182	13.717837624731263	0.07289778661595656	tansho_p1
2023-11-18	202305050512	-1.1965891310326175	1.4672855763755686	1.9186133260265212	0.2752464867661564	0.4221626606203156	0.16995043363111018	0.23140340069227072	0.0055692923680647766	0.06913357743708529	0.3169752391179037	19.29083486550583	0.05183808824096628	tansho_minodds_top5
2023-11-18	202308030501	-0.0009491968486465716	1.7700553073877192	1.8268508314435772	0.36733236862683066	0.37812723126164843	0.003438906987301482	0.27375873902212194	0.0029485108100797963	0.08932274233662463	0.3809681202898444	17.544918188663342	0.056996561012530145	sanrenpuku_box4
2023-11-18	202308030502	-0.7608476849234626	2.5199660227612806	1.3126901309335255	0.8016482059391394	0.49064218871239423	0.12808166930296777	0.40995907611097093	0.16636024237160205	0.2245442485562245	0.6998413881714312	8.125950081953354	0.12306253298563401	umatan_nagashi4
2023-11-18	202308030503	0.8631628085501392	1.7616329119565708	1.8137919572183407	0.36421752871685525	0.49325678703307857	0.22788164314435594	0.27309836404737675	0.02593001896234956	0.09715997372615015	0.42470174599207705	16.68876952318785	0.05992053510059993	sanrentan_1-234-234
2023-11-18	202308030504	0.2575158093412468	2.5719545929520837	1.4966305585880098	0.7232792246119698	0.4502629756740672	0.19158459028274288	0.2796185844141553	0.014914839088951193	0.11840697183499634	0.46028995324633165	15.03829411912849	0.06649690397583158	sanrentan_1-234-234
2023-11-18	202308030505	-1.1938103425187117	1.2998066012253775	1.7733860919134512	0.4151675494053158	0.4548521556110581	0.1401825359879575	0.26106661272851317	0.052372857962593916	0.0907942010929658	0.38168223764214165	17.567647065708197	0.05692281933145083	umaren_box5
2023-11-18	202308030506	-1.396721048014882	1.6004587811080568	1.1175778134710808	0.8199647718208878	0.656946913552647	0.35639296052868935	0.23158520307980457	0.006332785831201837	0.15052396286635666	0.5503371748001599	12.169445998987472	0.08217300936157673	sanrentan_1-234-234
2023-11-18	202308030507	-1.7677893815594266	2.3973842624330515	1.4825757041120324	0.646830690563163	0.5227544618193154	0.16881849378304026	0.26339168234013866	0.033048908661164944	0.12831681632142944	0.4549631251130185	15.13634039625197	0.06606616750292019	sanrentan_1-234-234
2023-11-18	202308030508	1.2665909804120115	1.2275841234770983	1.8222266143559325	0.3629823837239076	0.4639867770268838	0.15044584216852935	0.2655128358195228	0.053848361405846784	0.09483512031965141	0.3971444877576978	17.322180258773884	0.05772945351342182	sanrentan_1-234-234
2023-11-18	202308030509	0.4480831167445269	1.6684462649892817	1.6507935172989834	0.5176780430823616	0.4808422749770138	0.11370659319953985	0.25081537608597454	0.028091929116454556	0.11781461694570891	0.4246078667039458	16.02741081619145	0.06239310962128488	tansho_p1
2023-11-18	202308030510	0.756551843097495	1.1594108075377438	1.8844835298140303	0.2814643629078139	0.5391874493474168	0.20681659540909242	0.3351537038278288	0.20498560166152008	0.0703557042184578	0.31510124262531486	19.323725759321928	0.051749854684083975	wide_nagashi4
2023-11-18	202308030511	-1.7209708282341436	1.9624140280960805	1.8809092132472198	0.3066464330735416	0.4076896511282153	0.056475390353053545	0.2567925820855532	0.011389077994747698	0.07013452753259107	0.32221901868701175	19.070999383791793	0.052435636951983104	sanrenpuku_box4
2023-11-18	202308030512	-0.22772185942134604	1.2615775807634677	1.8201296388431585	0.3622419568214809	0.42814989005869153	0.04918888518887243	0.23810054483251858	0.013038605027085731	0.10210802072050551	0.46412060305758635	15.367418817440583	0.06507273679982571	sanrentan_box4
2023-11-19	202303030601	0.07938504659583029	1.581583175630081	0.9548201487617514	0.5923623190315663	1.0	1.0	0.27506071569054685	0.035841276485189005	0.09963581273203227	0.3954988848623047	17.077939869017364	0.05855507207951882	umatan_nagashi5
2023-11-19	202303030602	-1.5629104562369946	1.843711134760233	1.7988262250888347	0.37663654409470854	0.5430388834371161	0.336800044334007	0.276282757569716	0.008659217818298592	0.08547220273696231	0.35739243218198635	18.46542827675734	0.0541552562449208	sanrentan_1-234-234
2023-11-19	202303030603	1.166869469437679	1.5071659529092452	1.9754125720691456	0.20928362944860995	0.47364194301564855	0.1528249039985703	0.25417369044841354	0.0410749678575863	0.06894606677579723	0.31911978680391206	19.163376725721278	0.0521828701858055	umaren_nagashi4
2023-11-19	202303030604	0.533308475133861	0.674162647518477	1.939753154345948	0.21476070586494253	0.663865813326874	0.42739448787508927	0.3101073934297387	0.13500700561486495	0.07214469745566528	0.3130512489267778	19.433653076544854	0.051457129344710514	umatan_nagashi4
2023-11-19	202303030605	-2.926092680581666	1.638933950270786	1.8185473303969737	0.3909730123465028	0.33834989048001135	0.08141233582509438	0.2783565103847334	0.012143117978890894	0.0746761840513144	0.35461605776495936	18.556580408373858	0.05388923918055178	sanrentan_1-234-234
2023-11-19	202303030606	-3.8201585627563124	0.9229362182677391	1.6130432581839322	0.5095961307162459	0.5712796218742884	0.20478250988158697	0.23927334756118884	0.0847567545737764	0.08692360102174063	0.3710183936110845	17.974739781313875	0.05563362875715046	tansho_p1
2023-11-19	202303030607	0.8578526823581065	1.4961256218299228	1.3431593893604008	0.5958993801387268	0.7590047856603901	0.5809022198598833	0.3390903738740067	0.12535423346039143	0.12805907501548305	0.4454003422895849	15.42016284158248	0.06485015821644695	wide_nagashi5
2023-11-19	202303030608	-5.321901548550077	0.9039304040256181	1.9440515285142763	0.2206169826368259	0.6327490061519133	0.4889067221219814	0.30476293338075355	0.049914166638143465	0.06157146263827639	0.29436884040721306	19.696758326548956	0.05076977558546349	sanrentan_1-234-234
2023-11-19	202303030609	-3.1735434468999792	1.1869030702948746	1.9018649645366363	0.3089303753351684	0.325352700417731	0.02258692373384097	0.2755623061348336	0.020193848745563237	0.06814973741729431	0.32595158427366877	19.188454816305047	0.0521146704918766	sanrenpuku_box5
2023-11-19	202303030610	-3.0463332824912555	0.8310250782765033	2.024675584644543	0.14005283165753954	0.4522636511203768	0.1994871302952701	0.2548910274061457	0.05097251291380134	0.05489205313040355	0.26985821902568985	19.926386948158427	0.05018471249211683	tansho_p1
2023-11-19	202303030611	-0.19235458517083942	1.8547296572653043	1.6385306085902296	0.5385564006830752	0.44295742069035243	0.06371339396695735	0.25134012580638937	0.03390214023657245	0.112676561465348	0.4197391127570532	16.02052225552989	0.06241993763061155	sanrenpuku_box5
2023-11-19	202303030612	-1.8453373433903766	1.431338544312657	1.6579221557860357	0.515438757375157	0.43868491308014396	0.021945434267136965	0.19155152448620455	0.013957976771414693	0.09771435597002398	0.4055801739378448	17.21495030600319	0.058089043664057545	sanrenpuku_box4
2023-11-19	202305050601	1.7792628376828465	2.5804253059521387	1.002622334188219	0.8478882991602331	0.7357371974270165	0.5379306692048931	0.32062887483971514	0.07142536389973056	0.21662032497079492	0.632001579483774	9.304506512594063	0.10747480252138633	wide_nagashi4
2023-11-19	202305050602	-1.8036390695725908	1.3720782593679441	1.7886086500577127	0.3786293702113649	0.4714352382525098	0.2813751024035735	0.25084226148185496	0.0016546926967332953	0.0819961529693793	0.35790924066512636	18.003241346090732	0.055545553202126154	sanrentan_1-23-2345
2023-11-19	202305050603	0.774251133681723	2.3424190743778333	0.8614754542327558	0.9227140775207104	0.7240467468003238	0.4785342393376865	0.3637567704797073	0.1294354866988684	0.2604777669845515	0.6587266789558834	7.952873720184146	0.1257407114942654	umatan_nagashi4
2023-11-19	202305050604	0.9607506934620363	2.3405623390583945	1.4606910420704318	0.6986227716959712	0.4561961242240472	0.04765414282030289	0.27238931486285234	0.05121845631665803	0.14169064984134538	0.47658110529969083	13.79660176756726	0.07248161662176678	umaren_nagashi4
2023-11-19	202305050605	0.5808559367358613	1.3296438755682147	1.8333463524038542	0.35993485200591646	0.4347504249950642	0.061132014955934344	0.2715980717054611	0.03195749605701012	0.08241652894649369	0.3585609714137472	18.179592356234252	0.05500673394676389	sanrentan_box5
2023-11-19	202305050606	1.8135719371536483	2.1755438705213557	1.5030265251503758	0.6389564140154621	0.5144026138784582	0.1908798635842065	0.2890160151764858	0.03768626522749746	0.16003803968360858	0.5290944575261326	12.481407901949893	0.08011916667219698	sanrentan_1-234-234
2023-11-19	202305050607	1.3867371975879998	1.9556782659353809	1.9395779385661174	0.240970866386196	0.5165312094334761	0.21926579969939963	0.30343023132847174	0.12452951504667387	0.06944594589356616	0.31725153491620406	19.37240457367728	0.051619818086949	tansho_p1
2023-11-19	202305050608	1.5790441980933323	2.055332516882077	1.4423303812826447	0.6795630060114706	0.5209093555462521	0.1425451043418715	0.26187588143730767	0.034717660952505947	0.1447425151296883	0.471968130378753	14.181388016419184	0.07051495938494891	umatan_nagashi5
2023-11-19	202305050609	1.302583331261774	2.8503278462061385	1.753945249057577	0.3618344796090481	0.40140699023408555	0.04426523263254589	0.2522882566007506	0.013851064689192616	0.06598659830559339	0.31338015053722795	19.274387911834523	0.05188232200027465	sanrenpuku_box4
2023-11-19	202305050610	1.3529399899680619	0.6051683809865612	1.9729500551031123	0.2123334200641842	0.45730609382298304	0.14826905974800297	0.30262265839122865	0.06936199252956671	0.07288796341206175	0.3276281770479524	19.096334729167243	0.052366069938679184	tansho_p1
2023-11-19	202305050611	1.8454785147239978	1.9542887445412578	1.8569745909278188	0.3323005911649913	0.4346366443218651	0.031621790180988485	0.2329895334685814	0.02165317370553302	0.07817781063990525	0.3357964016587456	18.84777807992974	0.05305665186417177	tansho_p1
2023-11-19	202305050612	0.5923337612776737	0.8144799802411294	2.0469034413353615	0.1235548239020221	0.3100471978932763	0.062479712434341916	0.29661919056636527	0.004410105870412073	0.053182013917318596	0.2620483955041986	19.9599074063402	0.05010043281475109	wide_nagashi4
2023-11-19	202308030601	0.1783538040122387	1.3255548966921116	1.7755546750068776	0.32702310237751614	0.718599546641667	0.5620772320372207	0.3519307186380454	0.1410308065099718	0.07949949666434046	0.3562798685091625	18.53187260533394	0.053961087543423686	umatan_nagashi5
2023-11-19	202308030602	-0.7312985830473938	2.252818824869212	1.6478152934782044	0.3770370896031679	0.7810567240498648	0.6476289022249264	0.3533099160323719	0.1212951887323479	0.09476988380319688	0.37434399741573054	17.898840445932905	0.05586954099181474	umaren_nagashi4
2023-11-19	202308030603	-2.080974117325078	1.6074875520789624	1.7520898283664368	0.41753365039807755	0.5460312628679889	0.30621656523480345	0.31027394645721545	0.0926432866201376	0.07165144587984686	0.3195531869599958	19.256407891297844	0.051930765366260734	sanrentan_box5
2023-11-19	202308030604	0.17685677566417693	1.144465396576733	1.998254385189505	0.17029406944791628	0.45644964877173305	0.15391698856123143	0.2603952598202468	0.021269994292350713	0.061310299538735	0.28964462335388896	19.721949105910657	0.050704927521605894	sanrenpuku_box4
2023-11-19	202308030605	-0.01582672869153654	0.9391756314178176	1.6871778255158765	0.48337150710126126	0.44021326022038554	0.06672978605523527	0.2440646471674087	0.00884899504307321	0.07949290047480047	0.36808430280046045	17.97141196099798	0.05564393060323951	umaren_nagashi4
2023-11-19	202308030606	-0.54734321408769	2.208327872308089	1.7247911230060715	0.43404955924010064	0.5143566380296829	0.2670708117094863	0.2777750065293163	0.04331854725106096	0.09070434649185509	0.39059359749293465	17.56937493399055	0.0569172212305261	tansho_minodds_top3
2023-11-19	202308030607	1.46366892365256	2.4367027184527075	1.553522990344585	0.6300516378310033	0.3925391197105178	0.07198443908633173	0.2824850164191573	0.009229797840548726	0.1368100517444603	0.6145799872291424	10.77580361206207	0.09280050342423035	sanrentan_1-234-234
2023-11-19	202308030608	-0.206754567584754	1.7134617531860394	1.8917962419428593	0.29420276573078785	0.42860017418811	0.001185291548219336	0.24529147394397283	0.0008814372323904529	0.09263067036774825	0.41664305958555103	16.880868445343044	0.05923865843974822	wide_box4
2023-11-19	202308030609	0.3993006328920387	1.1455097748235414	1.430181620857728	0.5893566322569682	0.6729501784556582	0.5313606497555584	0.3077623983363423	0.0001244965820650923	0.13533457913152372	0.4775651962660552	14.147824037916246	0.07068224748342887	sanrentan_1-234-234
2023-11-19	202308030610	0.08442780147074724	1.7722037253738843	1.6353758312152111	0.4106267253460217	0.7316852076786581	0.5503791657477007	0.34732203403857637	0.16566280386729682	0.11146166424443128	0.39809453762005415	17.05074903287453	0.05864844987583594	tansho_p1
2023-11-19	202308030611	0.7405585194402214	2.242799620571828	2.0167262459919817	0.1647699001708739	0.4084613558771946	0.1454898662989711	0.25860977036618965	0.014606979117948865	0.06317749470401826	0.2992515988807897	19.600671181347295	0.05101866108297536	wide_nagashi4
2023-11-19	202308030612	0.7767800759000738	1.791155175061918	1.684799735473657	0.5277821123843416	0.3857075882142291	0.06683035191446496	0.25186890354654723	0.012276236608831814	0.09955554042519958	0.43057014202316607	16.227314866340734	0.06162448983314147	tansho_minodds_top3
2023-11-25	202305050701	-2.1760455442217705	2.0250313413651284	1.2027871077686143	0.8146530430661365	0.48348448470952454	0.004934480345085368	0.26540149506381105	0.10932549931773494	0.13329461417962415	0.488564638840681	13.72560710351222	0.07285652229868302	sanrentan_box4
2023-11-25	202305050702	0.8667307439681989	1.8264283291709886	1.8859940564084936	0.28811393177076794	0.3707231254413417	0.06896437052479137	0.24640621195444087	0.009745405422734832	0.07013825677143974	0.3270781039093559	19.072849729675223	0.052430549926900105	tansho_p1
2023-11-25	202305050703	1.5250246492009494	2.323671300236676	1.4475812804785941	0.6929551130729042	0.5251166690606016	0.2473902425795288	0.3308371743079251	0.034990793968826095	0.17800364122130088	0.6284784681488538	10.257478837387536	0.09748984286032304	umaren_nagashi4
2023-11-25	202305050704	0.9440683608048875	2.3184546021592443	1.2089874816493489	0.6986845718427189	0.7168236168166728	0.5011344994371644	0.298388606181022	0.02496945317434518	0.18806467857636425	0.5321933106803104	12.01867536410908	0.0832038448252178	umatan_box5
2023-11-25	202305050705	0.8539047729239717	2.4985482496887657	1.9735960908573524	0.20418163502262393	0.4628466627991979	0.16206751472481223	0.3035570301463439	0.07103945722823479	0.06497378087808031	0.29985117313114956	19.596238034178672	0.051030202748908	sanrentan_1-23-2345
2023-11-25	202305050706	0.8249838040422864	2.4777031311849256	1.7281783867189655	0.41399891434800096	0.598043819138237	0.2689780692947905	0.26874684257460507	0.11250156597955208	0.0874536351854062	0.34425657054231673	18.621285039481336	0.05370198661798978	tansho_p1
2023-11-25	202305050707	0.42995442015935814	1.5360612370017654	1.9517677040261505	0.24399658688610765	0.40927665022565013	0.20677836001776662	0.2778343656233663	0.056567057287481626	0.06145347322635718	0.2913249784833759	19.538248876910053	0.051181659436316314	tansho_p1
2023-11-25	202305050708	1.5617503351646662	2.3360607185521207	1.8454170097223384	0.35803155726338237	0.3372515975955137	0.025491093732413317	0.28005748119847246	0.03101296146225896	0.0675500396721613	0.3230737234057522	19.008867642003096	0.052607026301258575	wide_box5
2023-11-25	202305050709	1.1686946212729754	1.7806495336446495	1.3781499896087874	0.659311524929117	0.5962056215416648	0.4607878024661427	0.2827605259389701	0.0002946076959161048	0.09489837316076513	0.4699677343865698	14.453221562066322	0.0691887269357707	wide_nagashi4
2023-11-25	202305050710	1.5605367854635843	1.7637687136662488	1.9650611058164147	0.2190963337199414	0.44625360037890677	0.1340788146069411	0.2613097353716375	0.01704653946507856	0.07486999106519446	0.3484755836796247	18.740188371423677	0.05336125657759495	wide_nagashi4
2023-11-25	202305050711	0.6480845600893878	0.8813482019454253	1.8621925681103009	0.3506750775808475	0.33015535911677857	0.007096647647881538	0.28947418286585236	0.025258926564355633	0.07787133301957416	0.35879016861399005	18.281074130345644	0.05470138094019603	sanrenpuku_box4
2023-11-25	202305050712	0.7711479128590382	2.5596358521345985	1.6903589292356238	0.5126849829432343	0.359957851859594	0.05035443854839672	0.2627779006187264	0.005853718920363238	0.07850083291799899	0.3578622926298853	18.18488267336375	0.05499073147525702	sanrentan_1-234-234
2023-11-25	202308030701	1.2211136960292495	3.079546252137743	0.9015749695782386	0.8044653415993296	0.861322066172219	0.7713536899725613	0.3181071282426696	0.04760345361224744	0.15476054768521388	0.5394491627929211	12.760221315420036	0.07836854669531117	umatan_nagashi5
2023-11-25	202308030702	-0.5948029963655599	1.4252168929772504	1.528251787949813	0.6022429110561569	0.5175778923447498	0.09810864760045296	0.20186142071927188	0.02938851315030122	0.10481132888295892	0.39763040763424373	16.851890545882558	0.05934052308714592	umaren_nagashi4
2023-11-25	202308030703	0.05972987523576774	2.119149774235636	1.6964843271530539	0.5133470974297727	0.4298048753888415	0.19930564030654083	0.25579508483397795	0.006444917584614046	0.07863673081098482	0.3579569651453708	18.045399852949668	0.05541578508367283	sanrentan_1-234-234
2023-11-25	202308030704	0.47764503727883434	0.6883791412686139	1.8903018329960979	0.2799127976108537	0.5567436993502053	0.34941802002302225	0.2686918628336994	0.041342585874552196	0.0776936309188444	0.33990600418953215	18.889462162289643	0.05293956976691322	tansho_p1
2023-11-25	202308030705	-0.7755180854385756	1.188026494106609	1.5939277087942616	0.5552155763144215	0.530065557606871	0.16687196019317252	0.23910874379987965	0.03406023930764174	0.1105714775608691	0.41551039204476403	16.646665770189436	0.0600720897388823	sanrenpuku_box4
2023-11-25	202308030706	0.11517173826552336	1.8128778331439026	1.634328348775153	0.5337699693598539	0.5628968416478792	0.3568862742456306	0.31002777879593735	0.05908509658581229	0.10125908636265386	0.39671676726641725	17.311947664192775	0.05776357573378952	sanrenpuku_box4
2023-11-25	202308030707	0.007333343227775373	1.709313110803196	1.2119016996566971	0.579413609537543	0.8803490318203492	0.8040201118517566	0.3286525257982382	0.04511299494369353	0.13730617693660607	0.43677588531556794	15.087764482237828	0.0662788712785951	wide_nagashi4
2023-11-25	202308030708	0.34401757766483554	1.717878633068638	1.7182617519374213	0.41558221221238767	0.6346390173926661	0.42582580817114624	0.28595346952163986	0.0524651988118669	0.1132549393525023	0.43283913098995197	16.151174435046475	0.061915002157991526	wide_box4
2023-11-25	202308030709	-3.228991882391616	1.3186424196710047	1.8640512769755588	0.32102955879334344	0.4758743687498684	0.0855753824658187	0.23655469530819873	0.07536075690690991	0.08417002180810523	0.3432184699826486	18.710163557613118	0.05344688713814597	sanrentan_1-234-234
2023-11-25	202308030710	0.5292588247891153	1.6768834370716623	1.6699697832578573	0.44220391926482905	0.5807416079733294	0.3019618174698675	0.3263207586128235	0.168691470940599	0.09156190132893322	0.38116543933591773	17.617072621673188	0.05676311958717604	tansho_p1
2023-11-25	202308030711	-2.2473813450447855	1.18230553694116	1.908982636245015	0.2786828117738727	0.3088539859898623	0.0005146858665311393	0.28556291456370836	0.033220120578168366	0.06084913100513903	0.29938063201533766	19.651987355601744	0.0508854388060123	tansho_minodds_top5
2023-11-25	202308030712	0.3158466330999075	1.2428270351968393	1.9948765220786084	0.1925056805678037	0.39974415683802744	0.003534901588524264	0.25342528343227155	0.002763812629240081	0.07022277302640055	0.32448465735156495	19.100687184808354	0.052354137331527294	wide_box5
2023-11-26	202305050801	-0.4002377658928689	2.854782415270903	1.5136881173742833	0.66220147028025	0.4988408035343711	0.15974841315764332	0.2562366162331239	0.0008945118592136314	0.12587493670158173	0.48361133179931304	14.621054135065362	0.06839452140469963	umatan_box4
2023-11-26	202305050802	1.4172623171393308	2.153095087893432	1.5799251363897888	0.5471252599841397	0.5648285748100528	0.274404698531783	0.29112061487305646	0.07246740488086068	0.11112449123400679	0.42614568507955064	16.350315964972733	0.061160897571783876	sanrentan_1-234-234
2023-11-26	202305050803	0.2658887471574563	2.6588810026011567	1.0909039282189035	0.6830812038524045	0.8296781061944972	0.7141120475249623	0.3292133111509305	0.06983239481042586	0.15363353351082104	0.509149492712764	13.550626566435263	0.07379732554042835	sanrentan_1-234-234
2023-11-26	202305050804	0.45602342916258054	2.253951014791872	1.1745580996950031	0.7302639761236607	0.7464441547629806	0.6031667855480585	0.3604276888432316	0.01595414796656719	0.22598229736873826	0.6433433002433058	8.544171073973589	0.11703885506764973	wide_nagashi4
2023-11-26	202305050805	-0.6588758255341103	2.8179395318353184	1.566962077135174	0.5508489393931422	0.568126940387673	0.2716441960902737	0.28436021244478366	0.0906007231930526	0.11234225421395323	0.42331329632467757	16.30465879730483	0.06133216355102756	sanrentan_1-234-234
2023-11-26	202305050806	0.765591306432639	1.6068174707160443	1.9874024491799278	0.17063305147794805	0.559044221527436	0.3582405106391243	0.30407602458749605	0.0990318541174568	0.05583599350004066	0.2691426216447885	19.93882613298523	0.050153403882973756	umatan_nagashi4
2023-11-26	202305050807	-0.6419957888474126	1.2300973176979129	1.8427403234759887	0.3510636164604779	0.3850773267413438	0.015907061188532745	0.2774378891155179	0.013505550832136781	0.07478823018397274	0.34399836729875566	18.673249990221606	0.05355254176555543	sanrentan_box4
2023-11-26	202305050808	1.0637868707146323	1.5776975764411874	1.7013835519769354	0.49308768614601467	0.3162894932230847	0.0015843664578047423	0.29018852985136206	0.003953739241299492	0.06256533583563963	0.2980212305333268	19.565551854418874	0.051110237392775114	tansho_p1
2023-11-26	202305050809	0.9171688715688349	1.5607854587793903	1.662144501996163	0.5208534796076416	0.43882712949202957	0.10352781284035717	0.2622647468959831	0.0013061114757327852	0.12415117218589147	0.5074567318664315	13.869976296870503	0.07209817656470192	sanrenpuku_box4
2023-11-26	202305050810	0.04857953102253063	2.145205097592775	1.8339463891173862	0.33591851472830336	0.43063275540808266	0.2354503742086745	0.2565108940527692	0.02816708804597412	0.06516494550618657	0.3074762501690952	19.302990522022156	0.05180544428383428	wide_nagashi4
2023-11-26	202305050811	0.9592451072455548	1.182103888035834	1.957249306481328	0.2221189861041564	0.4396851293172239	0.08479016116771809	0.25632452145169904	0.006264873071537835	0.06675668492464926	0.31175680645355913	19.278467418485903	0.051871343208595065	sanrenpuku_box5
2023-11-26	202305050812	0.648536489777724	2.6027745662071773	1.920028984254837	0.2698187886048846	0.4287280905508351	0.22595677695410535	0.2595304222053836	0.03000203028122278	0.06835336730422237	0.3133822552665658	19.254746080504216	0.05193524733169649	sanrentan_1-234-234
2023-11-26	202308030801	1.7170838641009234	2.03580818923588	1.228642152725074	0.5722480811496844	0.9157081512196102	0.8696580970562012	0.3266573989262305	0.03577137948593773	0.12148265967611126	0.4138296580888006	16.296076582495534	0.06136446370619982	wide_box4
2023-11-26	202308030802	-0.6680317503992015	1.6700735460937721	1.407660693360933	0.4663423164398183	0.8798937970493146	0.7991236172565296	0.32679724785093245	0.07576342454942192	0.10300889046200556	0.38868120634017733	17.380405404126922	0.0575360572292838	tansho_p1
2023-11-26	202308030803	-0.788400575612898	2.017248069349833	1.983979434649429	0.17137950731718113	0.6622776451684688	0.4213319036031112	0.35243117983416145	0.19374157363135427	0.05970533220560906	0.2853766310415749	19.804309421459557	0.05049406059654975	tansho_minodds_top5
2023-11-26	202308030804	-2.239068945346672	2.8008831520399053	1.566945175652188	0.7065673317856871	0.3193965750942544	0.001474379518968727	0.2890840982002223	0.0006311833974265157	0.062147321135882005	0.3017958106116027	19.514767143929284	0.051243245313899795	sanrenpuku_box4
2023-11-26	202308030805	-0.2268584611205618	1.2760109892096025	1.9438920048178636	0.24314204562309596	0.3674960094639097	0.06774227842812125	0.24657548077921362	0.011675586315207431	0.0669895821762482	0.3192474604138226	19.319536976145006	0.05176107487641966	sanrenpuku_box5
2023-11-26	202308030806	-0.6221908808507454	1.5620355534849208	1.4792108154104062	0.5875075551801969	0.619293178748199	0.34700959401052495	0.28129229819445817	0.04751809241631355	0.14161891202478138	0.4745221911793881	14.670593116674418	0.06816356994206405	sanrenpuku_box4
2023-11-26	202308030807	-2.5346549531469162	1.9081775820611246	1.5202887287558275	0.48561435549388376	0.7202372142379097	0.51803684901561	0.3415339985994377	0.15050500614096912	0.09968756638922469	0.41255105095455336	16.88379114439416	0.05922840382516962	sanrentan_1-234-234
2023-11-26	202308030808	-0.741819373609204	1.8644075373614772	1.8010409588362237	0.34368647063888813	0.6181641519876611	0.40682918170920496	0.34159345646082706	0.14548577036120425	0.08998408866251525	0.36245723097241855	18.265067404710045	0.054749318896142055	sanrenpuku_box5
2023-11-26	202308030809	1.480751354262455	1.5994489651284864	1.7550263402697464	0.33264286915495983	0.7276616616556787	0.6291334881980778	0.27692038091260746	0.011856495886063023	0.07565749651094111	0.3507320549869934	18.695276593353444	0.0534894466528257	wide_nagashi4
2023-11-26	202308030810	0.7047939987328826	0.6755827934867682	2.013201544266087	0.16288996505412928	0.4006496531123881	0.08800846816914287	0.2966961690122129	0.044649327750119316	0.06143862799428533	0.29542506331080237	19.660257356276265	0.050864034070274455	sanrentan_box5
2023-11-26	202308030811	0.7358148273520909	2.386454485188472	1.3997355114407748	0.6085635694883299	0.6569630938906984	0.5093179637092959	0.306083059417421	0.021729192981832346	0.11532734395330385	0.47953005001770055	14.406120300507085	0.06941494164565602	wide_nagashi4
2023-11-26	202308030812	1.0522908567641287	0.8187015845740241	1.9990311571149966	0.15656385001573445	0.7551382874578039	0.6082571138477483	0.3081376513895906	0.13919954005617163	0.06493447321658513	0.29287782671631946	19.725181942140836	0.050696617295255576	sanrenpuku_box4
2023-12-02	202306050101	-1.094845064257253	1.6083682745650434	0.6666506796687364	0.6660582655421982	0.9999999999999999	0.9999999999999999	0.2916991601228616	0.09760260658924472	0.10044910831832518	0.4329225373762912	16.30116458442397	0.061345310319455115	sanrentan_1-234-234
2023-12-02	202306050102	-4.815017387119072	1.5363786294838915	1.5938554267352694	0.5677377432508677	0.4616272783887315	0.061731497715149186	0.2178058375278608	0.0040043680264722215	0.11476480649903918	0.4274644032670045	16.14746973854109	0.06192920724992479	umaren_box5
2023-12-02	202306050103	0.15261012668662902	1.1274367209939173	1.957862352095686	0.2298178855127893	0.4530602238166044	0.1888463523600054	0.26253140460675	0.060811626889349185	0.07389012956284426	0.3448714469276464	18.853954223392037	0.05303927166425934	umaren_box4
2023-12-02	202306050104	-3.7821129889378904	1.506045164702756	0.7498945606816654	0.5684553956170245	0.9999999999999998	0.9999999999999998	0.21822500917090903	0.0011887020804249582	0.06483989726796863	0.31713443338871994	19.29917513900995	0.05181568604860592	umatan_nagashi4
2023-12-02	202306050105	0.2565120003166646	1.800327551050951	1.8236464640538321	0.38299282985170763	0.34099055598241435	0.0224187052629356	0.2666370236715377	0.01549605595458925	0.08703741389787496	0.39581530008685767	17.34711974620061	0.057646457431010774	sanrentan_1-234-234
2023-12-02	202306050106	-1.713435905133946	3.1200758960553094	1.8120031068867481	0.366755966286804	0.5218407232168359	0.20304246563915201	0.26831561152017436	0.05936796086752483	0.10847835308314355	0.47077380791059875	15.220091145273072	0.06570262887752625	sanrentan_1-234-234
2023-12-02	202306050107	-0.7509651757928151	1.394373902236684	1.7985553539858101	0.3977105302984542	0.4464108145557977	0.2158344233076229	0.24585133127393885	0.0074366119952407606	0.08379407819196369	0.36701306479150614	17.961101246855637	0.05567587344762978	tansho_p1
2023-12-02	202306050108	1.5350203165734295	0.8854318638805174	1.9436536777539621	0.2253955331659178	0.6011669430251598	0.3579677344113412	0.26762804597921425	0.07979448487799706	0.07680396208423743	0.3342774526919772	19.033240940345852	0.052539659595242275	sanrenpuku_box5
2023-12-02	202306050109	0.9556175251360176	0.8594923368401118	1.88009330263283	0.28937764182399367	0.5354529225487877	0.3057825057249633	0.2714127541668806	0.006780004615686341	0.07227659611988183	0.3216339621491097	19.177713055584093	0.052143860798293876	umatan_nagashi4
2023-12-02	202306050110	1.333024693007785	2.180231642334322	1.6401010927846666	0.5005806971857013	0.5504169313302387	0.24400200741943223	0.27729071535466554	0.09656606159053827	0.1014985240394931	0.4050369129995648	16.967292175574265	0.058936923443776004	sanrentan_1-234-234
2023-12-02	202306050111	-0.9383305470227122	2.0951085246323604	1.8647892195648565	0.2656068266589902	0.40530726014631857	0.09571067219758911	0.29914189626675924	0.010729789105071441	0.05638153228014091	0.2749006023944428	19.873275922394	0.05031883036823134	wide_nagashi4
2023-12-02	202306050112	-0.3385558260283577	1.0391701130683675	1.9224304666192376	0.2551531310260801	0.4732576866369836	0.18626191840165585	0.2354606515466247	0.0031442538273445952	0.08188673552857148	0.3581786955523969	18.434296553863202	0.05424671329758086	wide_nagashi5
2023-12-02	202307040101	0.336540311842942	2.682051457496899	1.5412857276819534	0.6220971239877342	0.5339764808413199	0.2839964851320604	0.29261671494755964	0.0064470883485852615	0.13245473330289376	0.49112558393071	14.11037058618409	0.07086986085107727	sanrentan_box4
2023-12-02	202307040102	-3.280132997720057	1.9769463107875425	1.7277356030401216	0.45366204105027425	0.42650561168784296	0.010281865510399668	0.2537147083865213	0.007684788698680972	0.07408169091206933	0.3407985674389937	18.818373321895095	0.05313955584229506	sanrentan_1-234-234
2023-12-02	202307040103	-0.37233440413127633	1.498428665448863	1.5383199897174795	0.4408348154511007	0.7789944014399611	0.677863606876665	0.32199301122664303	0.06571622866552701	0.11274767799921563	0.4169943852256349	16.335394375592006	0.06121676508123847	wide_nagashi4
2023-12-02	202307040104	-0.5456223177614347	1.1078864225737064	1.7641666358831096	0.42519725155996835	0.4291152904990605	0.0025787882136240614	0.24114016834639676	0.0018436231323707697	0.07368335747336795	0.35175050803705904	18.543457803022402	0.05392737485222469	umaren_nagashi4
2023-12-02	202307040105	1.7088411419234615	2.441128387486771	0.9507821021403355	0.8408816225337098	0.7775714797174653	0.6851512977878301	0.33981233180037157	0.00040146992876727294	0.18290811057277234	0.6102854454987284	9.846449659494887	0.10155944879438901	sanrentan_1-234-234
2023-12-02	202307040106	-0.24267480915810521	1.8332819373910947	1.7670105028108367	0.362365078863209	0.6106590552703081	0.3309483276422001	0.35177295953421545	0.2158218578481902	0.07728804198534284	0.33706301164095587	18.779791849178082	0.053248726505121836	tansho_p1
2023-12-02	202307040107	-1.6256437107936854	1.947073874908005	1.4455735262308969	0.6183632949587964	0.6543770012231949	0.4997236772586451	0.3000862164587257	0.01649268818663513	0.10049756256053509	0.4415946642358842	15.845729092366168	0.06310848773009502	umatan_nagashi4
2023-12-02	202307040108	1.2040827811988575	2.2202980070131106	1.0320308102773166	0.7108034633913743	0.7954370729796852	0.6243245941709756	0.3091651402075128	0.1572507201740739	0.11428682696942151	0.4531779037566405	15.251609782401122	0.06556684928786356	tansho_p1
2023-12-02	202307040109	-0.009825753009612054	1.4137382565025471	1.680586760814966	0.4322221972311002	0.5509271816366054	0.32086256606538566	0.2884942706829492	0.05099233610598286	0.09697121777493467	0.4022596836226964	17.246865671639544	0.05798154975163883	sanrentan_box4
2023-12-02	202307040110	-1.203116944803183	1.2969912445502394	1.9199187354746974	0.277132659960436	0.36704264453369506	0.011979994323464471	0.2645754851473864	0.039232749374751436	0.07469569195776661	0.3408289213747384	18.56700935455001	0.05385897000988698	umatan_box4
2023-12-02	202307040111	-2.070300528141801	1.0088596207767213	1.979521807067659	0.19943430044533303	0.42280902230596573	0.12143802990554275	0.3064488463181641	0.035521784977904536	0.06114047104207635	0.2889782062151522	19.733145509411877	0.05067615801662448	sanrenpuku_box4
2023-12-02	202307040112	-0.37661284499829667	1.7048235813893544	1.283634766705005	0.4373088688406217	1.0	1.0	0.30987683906908814	0.05628366953228714	0.08952392940454333	0.34506933839891557	18.520414103122576	0.053994473041042754	sanrentan_1-234-234
2023-12-02	202309050101	0.43264050758005906	2.1819154230036	1.5124488748960372	0.6513058352736154	0.4650564376134615	0.08302848383734901	0.2509007505016623	0.013331566603164896	0.12529744566070863	0.4435397362510154	15.193436361238938	0.06581789505836688	tansho_p1
2023-12-02	202309050102	-0.09493801388977517	1.7700578191616123	1.1416242003706476	0.8390513434285138	0.6633270259834928	0.4750603683676161	0.3967530476013441	0.05906932728819436	0.248253301520481	0.7029900834637565	7.400454793960407	0.13512683042346413	umatan_nagashi4
2023-12-02	202309050103	0.5568076833420698	1.7566214381033618	1.8393616170807112	0.35593040833171286	0.41473732327288365	0.04604586684668743	0.2755716582536673	0.04154062128092301	0.08325704449683262	0.35797296633716486	18.205709796298958	0.05492782270995499	umatan_nagashi4
2023-12-02	202309050104	1.3323594843409485	1.31921746712873	1.8103251629748347	0.3533473195033925	0.4057798224120157	0.05084436668276737	0.2558656422282048	0.009184334115995951	0.07347809243137576	0.3392672342602642	18.861104982057096	0.05301916303161017	sanrentan_1-234-234
2023-12-02	202309050105	0.15754541468242536	1.3062210356175292	1.447155481908836	0.48241365042364553	0.7717065173671412	0.6142260959328927	0.34901036058422374	0.16365751294578043	0.09810105423144781	0.40949714565282763	17.02046080063509	0.058752815902768436	sanrentan_1-23-2345
2023-12-02	202309050106	-3.139412865707233	2.2765630316184184	1.4354689907284328	0.7265070409820162	0.516956892321084	0.20519315108399783	0.25240724740856146	0.008560506438138021	0.12265456670758872	0.48715188398953235	14.589732868705765	0.06854135089374729	sanrentan_1-234-234
2023-12-02	202309050107	-1.2119838225440218	1.2524791012452083	1.636444468760688	0.4100702071243019	0.722232725500116	0.5873740363732091	0.3145259508762537	0.07703910185204493	0.08146458488992706	0.36509725026421347	18.352097641881443	0.05448968393225488	umatan_nagashi4
2023-12-02	202309050108	-1.8444154819362675	1.6976616986763233	1.6856818055015261	0.5104487408921916	0.4579943965401118	0.18065593943617747	0.27833805740394924	0.03578387065404784	0.11256973062134415	0.4784741780779218	14.908986864951274	0.0670736388098138	sanrentan_1-234-234
2023-12-02	202309050109	-0.6346095565276157	1.3537179364530518	1.6282763465941068	0.5651414712384396	0.4151161758711179	0.0493181233138526	0.2649775274830195	0.03245640025272453	0.1239798298099783	0.48734515990181926	14.082520524874019	0.07101001544671606	wide_nagashi5
2023-12-02	202309050110	0.562250687367628	1.9949997358625216	1.5638270405912964	0.5610584933978172	0.5579302622758414	0.18298386115923326	0.20536438262640633	0.011392985739608869	0.10767190408619677	0.3956725480366404	17.103377148605183	0.0584679850833759	umatan_nagashi5
2023-12-02	202309050111	-1.3986013199446445	1.4468831563900484	1.8899881508868561	0.31949305017552904	0.3346211633867478	0.04298209402832098	0.2817596758362593	0.03248516497277967	0.06140342486624172	0.29589056353116394	19.555800981281116	0.05113572187389326	sanrenpuku_box5
2023-12-02	202309050112	0.7543623527823189	1.7315610055553585	1.0122616114989367	0.7886568551012031	0.7625775242084056	0.6435644733499049	0.3335570538230744	0.0018300676197375854	0.20315587869749643	0.6174855069764874	9.776664950457732	0.10228436844950702	sanrentan_1-234-234
2023-12-03	202306050201	-1.3732989241171023	1.669913886605085	0.9239915874324517	0.5596131406729851	1.0000000000000002	1.0000000000000002	0.238702861290332	0.00179020755722889	0.08815580723994355	0.4107190219124963	16.972615252490705	0.058918439210672115	sanrentan_1-234-234
2023-12-03	202306050202	-4.795492333620197	1.6030583111405747	1.4886410709127398	0.6942774638668096	0.47937092023395644	0.22801301855557654	0.29590953113619883	0.021241773220115112	0.1344954342253305	0.49753030632185036	13.876341666816865	0.0720651036138254	sanrentan_box4
2023-12-03	202306050203	0.05793336249458566	2.3590273607126324	1.8931805112649605	0.29790942429780926	0.4529388427990758	0.10697032284751129	0.22748805311750867	0.023504735543029093	0.07309848789721805	0.3413458202996218	18.719055689561362	0.0534214982093166	wide_nagashi4
2023-12-03	202306050204	-0.9488922210205056	1.876820411303435	1.1957083834560547	0.45386682800397443	0.9999999999999999	0.9999999999999999	0.23091845869894306	0.028512024731641245	0.06596614118797257	0.31467836767951113	19.38895146131538	0.051575764785176184	umatan_nagashi5
2023-12-03	202306050205	-2.9237011647736617	1.7610022394745497	1.9073617599874233	0.27121102788923235	0.39911032878532704	0.07045364615079724	0.29075466983766407	0.00433975133112896	0.06723956412652057	0.3081046610561882	19.30486267426399	0.05180042028131783	sanrenpuku_box4
2023-12-03	202306050206	1.5817597424699927	1.9527847198807513	1.1874801700596118	0.6960407001900554	0.758576881228821	0.5901094804981849	0.3247648221090227	0.04967739656140435	0.16846752384071845	0.5294947329853797	12.486041094990128	0.080089436867322	sanrentan_1-23-2345
2023-12-03	202306050207	-3.3397539100666624	1.4880478103427512	1.5890931957009373	0.4591640587588679	0.6645324928269797	0.41705597414860385	0.31585100971308194	0.12282383986866513	0.11896909243478745	0.41786459763800987	16.430625850610284	0.06086195432189559	umaren_nagashi4
2023-12-03	202306050208	0.30698796659709715	1.9312996068683321	1.5343161116310406	0.5010770294491704	0.6717838802198335	0.45054487268589155	0.3313759497875593	0.13253624839994366	0.12382221152578665	0.43163156551290444	16.075205337878092	0.06220760350996542	sanrentan_1-234-234
2023-12-03	202306050209	0.5750352357999873	0.8445523338443733	1.8838646864503066	0.27460660557200073	0.53977783317983	0.2640549593980313	0.3117860885329658	0.10881553417728645	0.08068777626035137	0.34492204735273807	18.76189644952	0.05329951599991822	tansho_p1
2023-12-03	202306050210	-2.6348731330687087	1.8487632190620764	1.975294543439623	0.19723787763629796	0.5322414634760885	0.27433577137571435	0.21856603153995063	0.00156249011387799	0.06823982914754863	0.3257371198656939	19.265417790497086	0.051906478794000656	sanrenpuku_box4
2023-12-03	202306050211	0.6032129415578289	1.1122862570660306	1.9016707408658373	0.27899975989556736	0.5336060861621704	0.2316152007871803	0.30054424143537095	0.10226080809631363	0.08540508307993729	0.37418422257871464	18.123890141375558	0.055175792404361955	tansho_minodds_top3
2023-12-03	202306050212	0.44824741736956264	1.9297374815444848	1.0607463564665982	0.653537222217039	0.9031813198459034	0.8535690419720114	0.33360728598017386	0.0024568056054883325	0.1609722112233659	0.48761065859511	12.765688868231098	0.07833498139599943	umaren_nagashi4
2023-12-03	202307040201	-1.8437688857500047	1.8753460932463453	1.732486885312324	0.4665664777336403	0.42381006227927026	0.16748455911245425	0.24774350111340387	0.001246343263673566	0.09160312120708172	0.38555223503971037	17.52054727340215	0.05707584268889218	umaren_nagashi4
2023-12-03	202307040202	-0.04760766900175653	1.467018518827397	1.9771384775676415	0.18699031585261036	0.6122109772875756	0.36988154820186847	0.30803635424601084	0.13316427993470478	0.07049994008831258	0.3112381260191682	19.484905543508056	0.051321778171677004	wide_nagashi4
2023-12-03	202307040203	0.5745230956624473	1.2437065076905807	1.4310649152380486	0.44652048408616435	0.8141710573266437	0.7345407817917842	0.28162256919541667	0.03711996561125869	0.09627706780667818	0.41007449157717973	17.057149478073004	0.05862644290509981	umatan_nagashi5
2023-12-03	202307040204	1.459453399920149	1.528023396053229	1.3144485056316593	0.5174398138168881	0.8574304238962809	0.7517370052508839	0.32551094786220286	0.07151185263276727	0.10862444062208393	0.4094076505060653	16.86339548022648	0.05930003842776329	umatan_nagashi4
2023-12-03	202307040205	0.5547482422461584	1.3675138929718165	1.6865923942766372	0.5553194215953852	0.3718579780882321	0.1206979550084758	0.26988356581684514	0.014503452966839248	0.07932878013995469	0.3512596004935743	18.39318048521074	0.0543679762618576	sanrenpuku_box4
2023-12-03	202307040206	-1.7420213935132187	2.1065474522481384	1.8564158059321552	0.3110856436905378	0.47272743843558773	0.22730403876758343	0.2681498098304653	0.03596123450848979	0.07880774325212787	0.35177698629382503	18.59709685864838	0.05377183372225976	sanrentan_1-234-234
2023-12-03	202307040207	-4.690022531666392	1.7165214424516435	1.360382786919647	0.7841237378402108	0.4969155744357282	0.15532079153453704	0.36166089654795724	0.1066673868890679	0.19106843873647467	0.6078796042856722	10.1412471604077	0.09860720128231229	sanrentan_1-23-2345
2023-12-03	202307040208	-0.6912691361466421	2.0831797181337137	1.4926025393958984	0.6859385523596825	0.4599157018769409	0.12490157397851231	0.27346444517928725	0.062406369899441066	0.09067896946318608	0.40787851163049	16.90428899253902	0.059156584488195045	tansho_minodds_top3
2023-12-03	202307040209	-0.8206248269721621	1.4009226026214312	1.7842512410750835	0.3694228691886514	0.5449645184067622	0.3543749187296229	0.24880697167332552	0.005367957178134236	0.08232415661563937	0.35822991368770923	18.19789938837721	0.054951397337578894	wide_box4
2023-12-03	202307040210	-1.3928025821933316	1.7751429191826653	1.9062497886870875	0.2671131911094433	0.46951153680035457	0.16258071297165394	0.3003682732510469	0.07868214267862297	0.07364277860571912	0.3223560387986082	19.13998899828273	0.0522466340022307	wide_box4
2023-12-03	202307040211	0.8266991830563792	2.296386469734661	1.633367171377101	0.3123462970330385	0.9612742095474998	0.9225484190949996	0.26900580016914466	0.020859876686193712	0.07115998484103135	0.3162172063167233	19.312076142035266	0.051781071731763155	sanrenpuku_box4
2023-12-03	202307040212	-0.08666639238180614	1.7373498191652244	1.8489539648416136	0.3469017439911318	0.46261080882203587	0.1963669097343539	0.26772209667231045	0.0362997196347572	0.0831515476310542	0.3631183758240665	18.273450658878833	0.05472420172126127	tansho_p1
2023-12-03	202309050201	-3.0400563031860246	1.9590356540283327	1.321591756757739	0.7836063937498526	0.48673416180044116	0.08817047542326689	0.29754640745091765	0.10604232000220201	0.1603698966871106	0.5483772747067103	12.04399126654467	0.08302895426184517	sanrentan_1-234-234
2023-12-03	202309050202	-2.1259480902259384	1.352960488016085	1.355856853170644	0.7155113752901435	0.5392232969295471	0.1253912399801171	0.22001111578005392	0.05110158875139273	0.11889160988961263	0.4468201562673748	15.4646343057211	0.06466366939113799	sanrentan_1-234-234
2023-12-03	202309050203	-5.108502481236964	1.4914832029681209	1.759281928170155	0.42615070665088306	0.5248732981692199	0.31704043604546317	0.27143768686900466	0.001077336309103838	0.08660836915994657	0.3697585526086344	18.155530357920913	0.055079635807153325	sanrentan_1-234-234
2023-12-03	202309050204	0.386223923359578	0.4785943628871376	2.0352539785132535	0.139881162588417	0.40536204429673695	0.09935520930891784	0.30081088839962383	0.01071482702929255	0.057388105433757663	0.2754517846635528	19.87394134030492	0.050317145596679984	umaren_nagashi4
2023-12-03	202309050205	-0.7107505664155055	0.6387824478936731	2.0050215542945633	0.14802981611328725	0.44507303583311764	0.13843344236520988	0.2539556518966605	0.003135935307097437	0.05818207040040227	0.2849245426627178	19.82153499322607	0.05045017958204276	sanrenpuku_box5
2023-12-03	202309050206	-4.631504331137933	1.4278411122721186	1.795046591793633	0.3821130605990881	0.4934949511294574	0.2433448613038437	0.2754183401947276	0.04136532331161205	0.08568625296142321	0.3624717553469835	18.3061720377139	0.05462638491213925	sanrentan_1-234-234
2023-12-03	202309050207	-0.5753127946345791	1.135931558555556	1.7021908353910664	0.46296346650800246	0.5066218522230567	0.2040806986109293	0.2973155994550185	0.10966836486018233	0.08747762367026952	0.3789819121007826	17.616279975437998	0.056765673649276614	sanrentan_1-234-234
2023-12-03	202309050208	0.052521762198801815	2.364978429522263	1.6898205455726263	0.46433337883917547	0.5438936532736508	0.12244332031530208	0.2104968089263064	0.05698739489318522	0.08237262982741514	0.36486709891996283	18.239978688097022	0.054824625461463744	sanrentan_box4
2023-12-03	202309050209	-1.0709847287224548	1.873342675040455	1.8104321533876155	0.36314732773499214	0.5244832441707321	0.2780837623823913	0.2754350993409561	0.03767439219044255	0.0888247141548646	0.3727027987173427	18.048788417212112	0.05540538106404729	wide_box5
2023-12-03	202309050210	0.11495780589332849	2.0851123887399634	1.5148798567634507	0.49903947278679817	0.7144075609237547	0.5122837269150933	0.34138432672761476	0.13669048640956444	0.10518610997232916	0.4283714645898424	16.339596553441122	0.0612010215019293	sanrentan_1-234-234
2023-12-03	202309050211	-0.11078912445352823	1.8943314548377705	1.4029928045295266	0.7456662523906044	0.47440538949670896	0.12110810689486229	0.3585114103422123	0.11616742918921136	0.18359477268533003	0.6127851502439025	10.138989533255483	0.09862915793729146	sanrentan_box4
2023-12-03	202309050212	-2.4294489261384786	1.7703136615101753	1.9781126009524623	0.18447901492888327	0.40819386791932777	0.10057418078931157	0.3007595931228476	0.01491114031754992	0.06101861134155756	0.28858680814848403	19.745589670327675	0.05064422064349548	wide_box5
2023-12-09	202306050301	-1.6275873424313152	1.8882856985195917	1.9731869076663873	0.20871884303802007	0.36405533925357686	0.005765931270523494	0.2933459488671376	0.00531049383807769	0.06024766289982767	0.29102316501915715	19.6648649788639	0.05085211625275919	tansho_minodds_top3
2023-12-09	202306050302	-0.15286439356720777	3.0811658968942894	1.2028387345051297	0.8873562318131075	0.5254828874565892	0.2166032521386702	0.4411828414339459	0.18608418187832515	0.2485825808936583	0.7020599405604081	7.6247056125240675	0.13115260454874952	sanrentan_1-234-234
2023-12-09	202306050303	-1.0275279419687349	1.5079948849516824	1.1870458276468847	0.7085065115663447	0.7327086936036022	0.5146306113799068	0.2963876579512647	0.07589340595000121	0.1521541153320105	0.48350930701200456	14.108829719127105	0.07087760075836175	umatan_nagashi4
2023-12-09	202306050304	-0.8509670567378363	1.553309049514288	1.6658621358717411	0.5038262466110055	0.4989197559282572	0.23936113808889387	0.28243285617222236	0.009765138875277302	0.12618975599292506	0.5125161473766292	13.757395457288021	0.07268817728651153	umaren_nagashi4
2023-12-09	202306050305	-0.536823824372538	1.7465233912409335	2.0441795325614627	0.13042923659585745	0.3120471157499847	0.06024681466049092	0.29544638147119495	0.007823583797651468	0.056650537722165835	0.2785276483452864	19.873016697448175	0.05031948673038686	umaren_nagashi4
2023-12-09	202306050306	-2.6596591972439754	1.7135002854227408	1.7675758649207423	0.432362725875116	0.4284238611702193	0.10888310000746265	0.23494602463846062	0.004564599209580356	0.08849635700552952	0.3921005719469038	17.308133036789837	0.05777630654181009	sanrenpuku_box4
2023-12-09	202306050307	1.2691397709869996	1.7891453464004652	1.6797659189725127	0.4589116014118026	0.5548739701942054	0.26754223930464743	0.3014919446104236	0.08922406675259414	0.10426331713391235	0.4051220501397929	16.997720612362127	0.05883141762388532	umatan_nagashi4
2023-12-09	202306050308	-2.5994612894121527	1.8850330762616376	1.518502907555112	0.6298113855702905	0.526289126536713	0.2550103566197267	0.2753607892085179	9.644334282998823e-05	0.12983690496358824	0.4785234701725309	14.637779734581903	0.06831637161730818	umaren_nagashi4
2023-12-09	202306050309	0.016552371093638076	1.6229716841420738	1.8819998955006843	0.298646169377953	0.36400932532410757	0.010508539921507853	0.25285944693190515	0.02731582501899138	0.07881782289527785	0.3674272730868365	18.213526889263022	0.054904248149187714	wide_nagashi4
2023-12-09	202306050310	0.7663425966610907	1.7918698002257745	1.7277373428273826	0.3072259096233057	0.8574950578045569	0.7650569025079677	0.3121610750749947	0.08404778854493078	0.084148639720715	0.3417256026065095	18.72986357466301	0.05339067185479978	tansho_minodds_top3
2023-12-09	202306050311	0.7337144063419802	1.5768511513291021	1.9412073939908325	0.24268938350846836	0.3971907267590554	0.0015679249831195285	0.21841387266650333	0.0008484849593455579	0.07554296049376243	0.34856067620487496	18.605344483448405	0.05374799702793007	tansho_p1
2023-12-09	202306050312	-2.2108682256495547	2.6502806686321327	1.6779374887881953	0.508552552351781	0.4348611985199212	0.12798373659361462	0.2792175081946218	0.03058337640650219	0.11611344242139865	0.5179112863526352	13.674892009099937	0.07312672007461203	sanrentan_box5
2023-12-09	202307040301	-1.4261043724160347	2.392580009869499	1.0547698057887367	0.637274695898833	0.9438560005007219	0.9148334351290845	0.2799660435822313	0.017123531354722665	0.09865032275725914	0.40044774446112036	16.816898697982385	0.05946399618378955	umatan_nagashi4
2023-12-09	202307040302	-1.258926053670797	1.3513759007143342	1.4304894423786063	0.40488011878750646	0.9301111301646219	0.8602222603292438	0.2879481920337341	0.09440034884097945	0.07887269826516716	0.3630513298271455	18.274199114610205	0.05472196038405321	sanrentan_1-234-234
2023-12-09	202307040303	-2.009505364672322	1.7393054430864392	1.4564788826958706	0.5978732266372707	0.6073401196639636	0.3148430234208264	0.2776995802871564	0.07907463377678517	0.12153571794499018	0.4578589446893096	15.187360857781925	0.06584422463943794	umaren_nagashi4
2023-12-09	202307040304	-1.5150693522901477	1.7966082271939836	1.808405149419222	0.36191981366908343	0.5002207252302189	0.2642475875309687	0.27387909113393394	0.04964726908541561	0.07279726716225512	0.33131442079419277	19.065561154540656	0.05245059360667388	sanrenpuku_box4
2023-12-09	202307040305	-0.7077258888745422	1.5556299822086654	1.7588167498861862	0.433543609361273	0.4634269393489343	0.14274030635670293	0.233208047654283	0.023636290461266724	0.09373105241228691	0.40054457476739924	17.152672140193857	0.058299954189452496	sanrenpuku_box4
2023-12-09	202307040306	-1.9469647148044251	1.4563527324143057	1.630656788258453	0.5357120939112174	0.477084704226669	0.07218690229863461	0.21273597262381458	0.0011156730396317538	0.11071892438207682	0.42136483565685007	16.47896768581625	0.060683412885184446	tansho_p1
2023-12-09	202307040307	-2.1181279239480295	2.100433131883953	1.5556719502582999	0.6640371985685254	0.44378163618625577	0.17849420440486186	0.25692578368164126	0.0031940363937743577	0.10205877353143693	0.42423399098676134	16.233301941890886	0.061601761833767636	sanrentan_1-234-234
2023-12-09	202307040308	0.7468002669395623	1.1348080605528268	1.948040023308834	0.21832019747042244	0.49138492465548506	0.14005513164932648	0.2955622390255304	0.09547800773020931	0.06800033564342532	0.31735655883404956	19.372033236377206	0.05162080757337228	umaren_nagashi4
2023-12-09	202307040309	0.7584262821879073	1.6583720421415495	1.7929549178212192	0.3801552775762617	0.5354826828775422	0.2660125543528976	0.2774733804816185	0.05016080231012224	0.10559939056032723	0.42706319433575535	16.421849313453198	0.06089448154787138	umatan_nagashi5
2023-12-09	202307040310	1.096999588949325	1.8760749262058416	1.689199015820949	0.5075562050852208	0.4841218809178525	0.23315794116580263	0.27767964355056557	0.025311541903019263	0.09813354222719012	0.4055258333059378	16.9648962307135	0.05894524707964822	sanrentan_1-234-234
2023-12-09	202307040311	-0.4199014062107718	1.3306760417953494	1.9835176591885113	0.18912383297374993	0.5865376236460694	0.4160279700065148	0.22841484063779804	0.0019462766223841133	0.07573329005218865	0.3396810193468363	18.932825028382887	0.05281831942675558	sanrenpuku_box5
2023-12-09	202307040312	0.8425976674179502	1.9096758218721053	1.8404503168778763	0.3000898787017803	0.5989729151582609	0.3212130478985938	0.37328733345549087	0.23802694816620373	0.07582618523956614	0.33436119137206105	18.931451831423768	0.05282215061499557	tansho_p1
2023-12-09	202309050301	0.11209191901868557	3.0695687497593234	0.989142197164124	0.9099639263937007	0.7497910508021919	0.5852817525642029	0.30736563875213185	0.00841040904664625	0.19103370266641195	0.5887355051353046	10.716240851960455	0.09331630501912969	tansho_minodds_top3
2023-12-09	202309050302	0.8633016144819382	1.363012008384949	1.7237739814390691	0.5005324493299833	0.33912606304598986	0.03366083701968575	0.26757168577542795	0.017900317975370283	0.08849733583115128	0.4189336150393259	16.752231599337644	0.059693539578305393	wide_nagashi5
2023-12-09	202309050303	-0.3904942781088122	2.077591292856586	1.274862215870845	0.8124550653480108	0.49410624363377526	0.08319368684334705	0.3964692441880896	0.2271086964264548	0.21272304219785218	0.5948626178647953	9.419702123761606	0.1061604694990786	sanrentan_1-234-234
2023-12-09	202309050304	1.0328317807311018	0.6006445431490873	2.009563409606482	0.16275448680725024	0.431996894431494	0.23508209076118175	0.2627427052378146	0.04212747678794479	0.06107056354845536	0.2914729072991087	19.690954144786716	0.05078474068077373	tansho_p1
2023-12-09	202309050305	-2.842934474757251	1.468547206696904	1.8135459600914534	0.3602179254122407	0.5332690351349224	0.2835240141833577	0.30860039785806254	0.08550171321941555	0.07786380461945187	0.33319552862906665	18.964645829862285	0.05272969550664484	sanrentan_box4
2023-12-09	202309050307	-1.6576386923265642	2.3320573788275367	1.637227620019547	0.5263682049168251	0.5598531057866192	0.37012761069469835	0.27306025301808856	0.0024290158750779334	0.0837163665354072	0.34851327716837127	18.624192432461935	0.0536936032864975	sanrenpuku_box4
2023-12-09	202309050308	-1.1616640408905712	1.3417105825081967	1.289978696281668	0.6424689398636699	0.7133684541461426	0.47249318856486533	0.311951580633119	0.06743982453704706	0.1643205772457614	0.4952930427054734	13.568575322659424	0.07369970510684398	sanrentan_1-234-234
2023-12-09	202309050309	-0.8212685540922676	1.0923934748501314	1.8209288983915533	0.36540352993149045	0.38898533714965444	0.08108840922227184	0.2478095145269862	0.0014238317455549654	0.09712541063429977	0.4664145296587904	15.206357620058977	0.06576196778910962	wide_box4
2023-12-09	202309050310	-1.057997727792015	2.3431238746459164	1.5937026925815196	0.503822853529143	0.5985640285038778	0.40244469467441374	0.29481306221984876	0.007594544729790709	0.10253572175431888	0.40734884567473256	16.67042627079226	0.05998646847753793	sanrentan_1-234-234
2023-12-09	202309050311	0.8023783467047891	0.9937517501721446	1.9669892474843729	0.21442881861249843	0.40351510902591736	0.0866087053451467	0.2987476810843424	0.012993202123179892	0.058861834045932926	0.28676503237170914	19.70360073501028	0.0507521449225853	sanrenpuku_box4
2023-12-09	202309050312	0.04157012035670772	0.7542255055113084	1.9188577611882986	0.24957648813734284	0.5728538767104377	0.3272726631169077	0.31290785562143175	0.10033124147615852	0.07062185181775239	0.31698614222699184	19.33168601675778	0.0517285455150236	sanrenpuku_box4
2023-12-10	202306050401	-1.6900128749314263	1.2382525212462343	1.646989346227251	0.4312430929091036	0.6598192711383698	0.41116625495474163	0.3199600219420291	0.12130081626674244	0.09443939146818067	0.40023201128980673	17.272677677063665	0.057894903077355335	sanrentan_1-234-234
2023-12-10	202306050402	-1.5091826256204255	1.2776873766975494	1.7547143946652177	0.3338535877503286	0.6678550490902379	0.4122441169915919	0.37501437949904615	0.23408656153447222	0.08329018643046078	0.33749271579516205	18.812796291291686	0.05315530899906109	tansho_p1
2023-12-10	202306050403	-4.197056242878076	1.7031718460734417	0.9490420142065497	0.823849335263152	0.7845114818307516	0.6236314058045417	0.282376248282464	0.041239247729060735	0.16845890936131117	0.571838388095686	10.972712235912862	0.09113517045740753	sanrentan_1-234-234
2023-12-10	202306050404	0.9643976211455583	0.7685023610927656	2.0103081884180565	0.18307658564437987	0.32022318354242374	0.07947617920321476	0.2919136383382495	0.0026579674588600444	0.053806798443295924	0.2671669477976987	19.88926581484557	0.05027837675403729	tansho_p1
2023-12-10	202306050405	0.5650084187937434	1.094250952857223	1.5416312584841017	0.5512304701885736	0.6059484829542982	0.29654068298929515	0.26745082057573855	0.04471291743265671	0.13161479099893295	0.4347144868362483	15.769634015320841	0.06341301256760044	wide_nagashi4
2023-12-10	202306050406	-1.2508575336124554	1.883621759720033	1.1883088693503465	0.7497407530629291	0.6718177236623135	0.4306252773495477	0.2711718308334635	0.027908987613226605	0.16269813446367892	0.5328858222685074	12.682329068946718	0.07884987012744743	sanrenpuku_box4
2023-12-10	202306050407	-0.06722562255867845	2.2178044238564283	1.0761891538235397	0.7300252965530719	0.8151602976514387	0.6846739655933167	0.342327981211122	0.022577421398603914	0.2020746707724222	0.5648320974454648	10.52018548349454	0.09505535825094837	sanrentan_1-234-234
2023-12-10	202306050408	-0.6057662987418374	2.323102814196087	1.6228190970432943	0.5508721648542112	0.5443914023788832	0.31021957541960965	0.28811241046289554	0.00010776725467526171	0.10954015169231827	0.4299356929652127	16.25350722101826	0.0615251826206991	umaren_nagashi4
2023-12-10	202306050409	-1.6282147780947613	2.1001030422917757	1.8055051437350746	0.2949657132517195	0.734028024225049	0.5949904622808322	0.30572038299294635	0.09301372745678915	0.06713730900227263	0.3126283455581957	19.47665077597163	0.05134352982462987	sanrentan_1-23-2345
2023-12-10	202306050410	-0.16091779272373488	2.2095832276241367	1.5918977589058843	0.489440547574766	0.6002173049740339	0.3050256743560123	0.3145991899086957	0.1537462576360374	0.09583784209968228	0.3980413903022426	16.95018840615224	0.05899639437854508	sanrentan_box4
2023-12-10	202306050411	1.3161621672608237	1.5932054839143055	2.0228787708065106	0.1556388878801382	0.44804992334038335	0.14299634162604918	0.2581118101164806	0.012290052151974595	0.06353274315740279	0.30257377270980523	19.589498122524542	0.05104776006742983	wide_box4
2023-12-10	202306050412	-1.5237028568101845	1.6235446565392107	1.7954157320607504	0.40312122640765685	0.36635497773702663	0.016629501230353116	0.24243930281292464	0.004722729004142806	0.08810042722857281	0.40828808627083424	17.086792691000255	0.05852473416656525	sanrentan_1-234-234
2023-12-10	202307040401	-6.920853697017736	0.883184486802949	1.740900628366715	0.403924868689716	0.6041169082700878	0.373180801519505	0.28432948969081573	0.05864329903197962	0.08304119967201512	0.3580053206776991	18.37714350361824	0.054415420971333874	sanrentan_box4
2023-12-10	202307040402	-0.35400907136221316	1.789584316055044	1.3834994522204629	0.7289941944530337	0.5609310762984427	0.27256716449234325	0.27975937939008827	0.015947193982098984	0.14329236156328118	0.500979549860822	13.757183625040387	0.07268929653449067	sanrentan_1-234-234
2023-12-10	202307040403	-0.07036111743656816	1.9039736964822604	0.824755828419135	0.8230790884268203	0.8564111072756815	0.7572121350881325	0.32343787539539515	0.005771876505090423	0.22789003748084302	0.6013813634731856	9.626169084348689	0.10388348586416508	sanrentan_1-234-234
2023-12-10	202307040404	-0.8644790597184991	0.8831065022959556	1.9404472584674033	0.22833450520793253	0.5353584155235294	0.3529079902165617	0.26427604244460745	0.040250117476738956	0.06199441145032448	0.30724328423948355	19.444408200767807	0.05142866728957648	tansho_minodds_top3
2023-12-10	202307040405	-2.4212200633676164	2.275987555629697	1.6144549097375869	0.5315958726419588	0.5478699881952799	0.2550656053771871	0.27129940508414885	0.0395262465828988	0.11527995481929275	0.4350056068389806	16.044312940313176	0.062327380656318744	umaren_box5
2023-12-10	202307040406	-1.3303196697711777	1.6968844482570082	1.465082622419613	0.5174129235129312	0.7392284138167181	0.6374680922326841	0.3007627455281075	0.014489308801103162	0.10573879911993674	0.44812964695472035	15.721619481857719	0.06360667876194118	sanrentan_1-234-234
2023-12-10	202307040407	-1.2099095344147788	2.1424215380310687	1.4775498633453852	0.6386768512860158	0.5913524955657568	0.38012565195260584	0.31171555764475467	0.00970616475490177	0.15986705392533718	0.5747288018331805	11.544223807697168	0.0866234072258063	sanrentan_box4
2023-12-10	202307040408	0.17095564080940712	2.8294341651040456	1.2162334377518143	0.7911839087564564	0.6156604402463539	0.3359699029436702	0.35396826230221823	0.09580444229981794	0.22279374198829427	0.5962161211623634	9.94497366238521	0.10055330802758096	sanrenpuku_box5
2023-12-10	202307040409	2.0583393322482353	2.6343113597557126	1.43002578734002	0.5663329897255425	0.6957187112163702	0.46188752855745174	0.3313981182488259	0.11518112578369696	0.12319519770404769	0.432449077211398	15.930839867125904	0.06277132959346046	sanrentan_1-234-234
2023-12-10	202307040410	-0.6947303322142517	0.8527238767677894	2.004636702713596	0.15917888675209702	0.7158103214980623	0.5735374351676896	0.2571240925600189	0.00028703608667829394	0.0578894147115381	0.27068214629983317	19.906496059348353	0.05023485785839175	wide_nagashi4
2023-12-10	202307040411	0.13002596727621957	0.7233995617175772	1.9106044120348298	0.26898173970308237	0.529053882864078	0.1883614003065579	0.29529704607228513	0.1266851992985954	0.08844581145214364	0.383474507401441	17.894477184877765	0.05588316382023602	tansho_p1
2023-12-10	202307040412	0.48810340029745075	1.553377282550724	1.7433822313844658	0.43300811023034114	0.4693955863440493	0.018576252973285634	0.17001394362071096	0.0021894195766426205	0.08632548046707587	0.35007045431891204	18.47899731634727	0.05411549029856503	tansho_p1
2023-12-10	202309050401	-1.6906107315948555	2.438593842685744	1.7462576773611336	0.414720078136549	0.54036671627062	0.2009532775671352	0.3051188720662497	0.13511380677281662	0.09305047107916352	0.37110709603498676	18.060416731775888	0.05536970795588445	sanrentan_box4
2023-12-10	202309050402	-5.207094131894192	1.4416519104938723	1.7388368336255462	0.4067698520265061	0.6139606361538232	0.4108624713888731	0.30949220887142714	0.10676941023278166	0.08944625097152867	0.3674561349195326	18.252361589388347	0.05478743093613624	sanrenpuku_box5
2023-12-10	202309050403	-1.3984356645453	1.501473198244601	1.645224046069645	0.5081619508180197	0.5306969857336623	0.3007183533571512	0.28825521187617276	0.006020301363905467	0.1339712172823293	0.5353303818284022	13.030666907887898	0.07674204298742887	wide_nagashi4
2023-12-10	202309050404	0.8318411447767099	0.7968002714904242	1.9789832231403046	0.1961679198847836	0.5627128235675826	0.3574937681561757	0.3056255365166156	0.09103503905072063	0.06588927618384813	0.29941097612872397	19.63469727613449	0.05093024791451592	tansho_minodds_top3
2023-12-10	202309050405	-1.2555048779077187	2.6931093618973216	1.563617371275516	0.6108105200565277	0.43400943586062996	0.04550668125052426	0.2643291144939477	0.06060879070622849	0.09661327035568089	0.4044358175266882	17.00508320913307	0.05880594571056972	sanrentan_1-234-234
2023-12-10	202309050406	-0.30873035190970155	2.02726221309709	1.2409660004671004	0.8584130129530816	0.5812159528351611	0.3227606600069647	0.37198988278816847	0.07140378337988412	0.20896493939168018	0.6191042131036232	9.723616469386759	0.1028423944062725	sanrentan_1-234-234
2023-12-10	202309050407	1.6838137591837379	3.1378916730089492	0.5939720003087439	0.9775137196366394	0.8399480382594716	0.7272141496078296	0.5296837241557995	0.2679404573103713	0.4319041607847727	0.8556931832823272	4.103728962940258	0.24368081055809193	sanrentan_box4
2023-12-10	202309050408	0.9279409467959248	2.0596336303287757	1.6228697757379686	0.5561991094924248	0.45820948859932503	0.0877532601548765	0.23994782533565384	0.029019884063651857	0.09719934633076444	0.4060052457079008	17.012335730792962	0.05878087617269172	tansho_p1
2023-12-10	202309050409	-0.2863273166734994	1.5416664084627005	1.6657300183117523	0.5302745449297743	0.4143440305428165	0.04287481828207457	0.24975223956540496	0.009705409981642543	0.11052530622978812	0.4485486135641389	15.426934881717084	0.06482169061238013	sanrenpuku_box5
2023-12-10	202309050410	-3.2697328526566953	2.159387837118401	1.8354162368780615	0.36233467943163833	0.43720103814720723	0.23656560687978687	0.2493404830041211	0.01513174943183096	0.06957492781153359	0.31944254581593745	19.064668341654986	0.05245304990777463	sanrenpuku_box4
2023-12-10	202309050411	0.7346438539446036	1.909784918807036	1.8911005749315957	0.2907453663031334	0.5038229020338915	0.15888064340669938	0.290609792411195	0.12471201944142882	0.08740506900759364	0.36238134586774456	18.260364117873245	0.05476342057282418	umaren_nagashi4
2023-12-10	202309050412	-1.223221885254951	2.1019436337400017	1.6206594840348827	0.5490835223260011	0.45528149823272424	0.04052312641941214	0.2044831464673656	0.02417778613660279	0.09041423175098957	0.4035249314742851	17.286206088860894	0.0578495937662338	sanrentan_1-23-2345
2023-12-16	202306050501	-1.9263833164199684	1.4592206396526146	1.7040596091912925	0.47663604300384715	0.48286315606060204	0.16710808293961282	0.26172291003871756	0.03767039717048512	0.1052714196175483	0.4165264121489814	16.637008808559624	0.060106958618998084	umatan_nagashi4
2023-12-16	202306050502	-1.3787277305068235	2.8137953845303243	1.2458613931953326	0.7028088917482725	0.7331878477465913	0.5676262107330425	0.32165277851831786	0.013870649504652888	0.17148444768767848	0.5234455803768125	12.408863169051786	0.08058755958354356	sanrentan_1-234-234
2023-12-16	202306050503	-5.683161791929974	1.1019976728813543	1.4052153874225	0.5207428159281565	0.8162453013558756	0.735314604237268	0.31559353957633723	0.03200398879881622	0.10511420178872159	0.39929333595878697	16.94066328208349	0.059029565923643834	sanrentan_1-234-234
2023-12-16	202306050504	-0.5002862976670811	1.9038872093231827	1.3346283861418442	0.6258823942887882	0.7415680028356972	0.6445061051220071	0.27957636848826395	0.004645803817657723	0.08696163932971586	0.4119885566540985	16.859703268565614	0.059313024913342845	umaren_nagashi4
2023-12-16	202306050505	-1.4777151318097157	1.8965795137674586	1.8411676211526748	0.3563979536242825	0.3853840537525638	0.005376632602959341	0.2631283534354136	0.004385972088986223	0.07115039704604928	0.33448972230984164	18.949026909277837	0.05277315847339788	sanrenpuku_box5
2023-12-16	202306050506	0.7276902961004227	2.5716918141674445	1.1644795156076873	0.7535586128371975	0.7143911528139035	0.5892782523816853	0.3253678048181349	0.0073610491026003255	0.16488956284097886	0.5599174789344926	11.336781039115161	0.08820846028071919	tansho_minodds_top3
2023-12-16	202306050507	-3.5930908115307503	1.2238476418294906	1.998347737552753	0.18593875422264755	0.38219632309345186	0.1365436365177251	0.2718840501596194	0.049777112303353604	0.06057419989308323	0.2936634470711935	19.64534218629275	0.05090265114840989	sanrentan_box5
2023-12-16	202306050508	-0.8455107591169893	1.468535502240406	1.345785048787521	0.642053434779327	0.6963518056128876	0.5391190952085454	0.3337270445933173	0.0363660107995849	0.1729731255555614	0.5519526768836207	11.858767357321689	0.08432579625424498	sanrentan_box4
2023-12-16	202306050509	-1.2188309960353316	1.5827600354261493	1.262037095879752	0.695620955394825	0.7175937598447104	0.5479275569699552	0.3415174702020945	0.024235101570200646	0.19903000612206379	0.5998856830125205	9.959032607983545	0.10041135915132575	sanrentan_1-234-234
2023-12-16	202306050510	-0.3748195453947299	1.6129891455808563	1.6637001579670772	0.48643469575253556	0.5314317408179182	0.20018532896851388	0.2576482817947455	0.043166742467611374	0.11933283986027464	0.4344565389455449	15.982423776078141	0.06256873262844903	tansho_p1
2023-12-16	202306050511	-0.08811853962711012	1.12569772474937	1.9913418954244175	0.18665538479976482	0.4447911440891468	0.14051821551523191	0.22142188207061556	0.013043864176787684	0.07160247254488178	0.341449608546802	18.93022985518204	0.05282556036826229	tansho_p1
2023-12-16	202306050512	0.12400753794574076	1.4924592132185297	1.935374140164434	0.2411203079026809	0.5335612419147625	0.2724400460027733	0.2654737312106476	0.06903386094751793	0.08297680429300815	0.3715928112568122	18.233940315185897	0.05484278124828363	umatan_box4
2023-12-16	202307040501	0.05646903183560023	1.535074473075962	1.4338286193230134	0.5487537429209318	0.7259591594591437	0.5905196305333495	0.32637337785025833	0.05910405908681832	0.10709516030784781	0.44274775168533426	15.721566378409776	0.06360689360910546	umatan_nagashi4
2023-12-16	202307040502	2.620314879646708	1.943194511729584	1.9016513154688457	0.2918341754460439	0.40384674027015616	5.6935294370785705e-06	0.24003671515876226	4.261129031568611e-06	0.08236710908194529	0.3581867878263504	18.269638032221767	0.054735621922904085	sanrenpuku_box4
2023-12-16	202307040503	-0.4341630437389515	1.6711715728702545	1.7146110093471996	0.3334517520337509	0.8175256794694914	0.6856433415662714	0.31477269209785197	0.0831451265718337	0.08630800657484106	0.3469202099430253	18.55781157004301	0.05388566406258011	sanrenpuku_box4
2023-12-16	202307040504	-1.0423050277435515	1.7842372001326132	1.4052466095423608	0.509189978396596	0.8898479446561128	0.8171007633785701	0.27743556631912325	0.01637293911023585	0.08719719585209602	0.36761864074527517	18.08819212849193	0.055284684776475405	umaren_nagashi4
2023-12-16	202307040505	1.4881349138035118	2.45870105604379	1.4770266543821589	0.5759958921862198	0.7207377605366139	0.5506176332781235	0.30818042024867	0.001469035372212768	0.1369000157686069	0.46791872988906075	14.486585199642361	0.06902938036941153	sanrentan_1-234-234
2023-12-16	202307040506	-1.8312990163158969	1.1937625265049407	1.9648346488724595	0.21915752352496057	0.49670363785507454	0.14999671030417483	0.29264681506711643	0.1359732937227335	0.07892206850172384	0.34857616129285435	18.75016010106756	0.05333287793862965	wide_nagashi4
2023-12-16	202307040507	0.3502185747600976	2.847817557910932	1.724732298148837	0.47347358532338146	0.43048461169378555	0.0939960336457551	0.27951436641357197	0.033227298017459495	0.0824279389910943	0.3735810317915742	17.849225879608046	0.056024838653784756	sanrentan_1-234-234
2023-12-16	202307040508	2.79538272929378	1.2400241617999144	1.4922566273234976	0.5457879180046706	0.6727998447882378	0.4808950416637333	0.3014071623084996	0.02562211814886539	0.15346985529606766	0.5125867206726623	13.26815556207282	0.07536842595202244	sanrentan_box4
2023-12-16	202307040509	-0.2324156314888254	1.406929210668359	2.0146589382922064	0.15634799769114513	0.40913960867119004	0.05354336191717596	0.293500955301326	0.05207734470791536	0.058102075616116355	0.2779864833485482	19.865175820730933	0.05033934806438604	wide_nagashi4
2023-12-16	202307040510	0.1018170749691626	1.0701302838822695	1.7604633771648408	0.41756837750347586	0.4589327018530988	0.08019847493362725	0.250978762454114	0.05529965694636768	0.08850366795981046	0.3677570809500901	18.083718985200363	0.05529835985719506	umaren_box4
2023-12-16	202307040511	1.1280739624523861	2.509374730057049	1.733947249304296	0.41830534336366393	0.5227540075760678	0.2897446903079125	0.2830776940694133	0.05444151871448513	0.08135066048075841	0.367580524531399	18.17324658423918	0.05502594131239346	umaren_nagashi4
2023-12-16	202307040512	-0.08886816641296735	1.1779830466951167	1.8214595484301799	0.3654514966963864	0.45951377632941565	0.0006044328523784892	0.17536028994236358	0.0003305340143707203	0.07569173530283914	0.3381946043946253	18.927176970625407	0.052834080938323744	tansho_p1
2023-12-16	202309050501	-4.081061533742581	1.121547616423512	1.9816433951749053	0.2160669849792863	0.3245126992470818	0.02734827483724611	0.2886225730129539	0.03937294324224544	0.060376015419901126	0.2891687231211574	19.668127185093933	0.05084368178978827	sanrenpuku_box5
2023-12-16	202309050502	-1.6812282499934748	1.8916095053020248	1.0731810658087313	0.6748780828350052	0.8515320823426917	0.7638359400944424	0.3581474000950118	0.08942386382494966	0.15594326666439404	0.518195083598896	13.001990451923264	0.0769113009040919	sanrentan_1-234-234
2023-12-16	202309050503	-1.978803573055329	2.2766234211537513	1.2283910348036882	0.8136508436906267	0.5957931428869139	0.3467508413541998	0.39225604712384443	0.059920264398233225	0.24683343363607366	0.7444321598751854	7.191474084328403	0.13905354983885587	sanrentan_1-234-234
2023-12-16	202309050504	0.9346369630142359	0.826477909384294	1.941025645622088	0.23837236694832165	0.5150536325891477	0.21905938381147794	0.303627937911852	0.12199430007167447	0.0689257744762848	0.31199467775579	19.432413217751087	0.05146041249712217	sanrentan_box4
2023-12-16	202309050505	-0.2570703024105087	1.2841128180117505	1.7671975086642784	0.378105085209245	0.5686147565451548	0.27572585093141516	0.34971716435588285	0.20829375345310575	0.07913598823951856	0.33577091024858063	18.772982578893203	0.05326804069611814	tansho_minodds_top5
2023-12-16	202309050506	-3.3942017545734138	2.1647569168317955	1.0278445893107555	0.9103157339610597	0.684388574165731	0.5026757968448101	0.3609816928073907	0.05745159115707349	0.22088440341514967	0.6565248141372002	9.021136673386573	0.11085077592828396	sanrentan_box4
2023-12-16	202309050507	-2.3474156347323785	1.3587670094047517	1.529732889895608	0.6491094225049459	0.5069364382835216	0.2338617098196763	0.281232175018285	0.003493699193041988	0.12962321802060595	0.4749541115081648	14.679822364705572	0.06812071530267844	umaren_nagashi4
2023-12-16	202309050508	1.2183828255386626	0.8780531354428581	1.905402432695724	0.2522188854634883	0.6348961955376181	0.4496653617746707	0.2687746290175403	0.009164159508686764	0.06693685939674367	0.30328958900661107	19.525598380078335	0.05121481967079096	sanrenpuku_box4
2023-12-16	202309050509	-2.3878858195403794	2.2750536663332843	1.4802338307259149	0.5895800807300327	0.6433500293412434	0.4229759305760672	0.31684716564248216	0.0750959249804892	0.11113106934399278	0.43323491455266405	16.004894556109534	0.062480886487207184	sanrenpuku_box4
2023-12-16	202309050510	-0.926187338209727	1.252462230564445	1.4927104089379555	0.574692509287559	0.6392233434272756	0.40789181511080674	0.301277689308888	0.004515470721630888	0.16625538926553243	0.5476442657747119	12.064212666056422	0.08288978549040137	sanrenpuku_box4
2023-12-16	202309050511	-0.4782456140650755	1.1577190278660676	1.8717205076073156	0.32929294631326056	0.3759901587831159	0.06703579743467791	0.2515248177245665	0.007466459957850391	0.0717326026767805	0.3333920961155465	18.76840995378195	0.05328101860853129	tansho_p1
2023-12-16	202309050512	1.3754912222483993	2.279648515680939	1.3742166815174273	0.7422687453630405	0.5777796094768907	0.3865768530987915	0.3134646970445088	0.00418016394694809	0.15370681282565046	0.5489229202392066	12.001735293338374	0.08332128442751568	umatan_nagashi5
2023-12-17	202306050601	-3.4579613382230265	1.5131443189979839	1.8810885783527682	0.3001272188725194	0.48446489213341515	0.1818405046341332	0.24195804398195836	0.026328829171174295	0.0962829988321803	0.4273832604643507	16.61262823450211	0.06019517116040311	umatan_nagashi4
2023-12-17	202306050602	-7.738493255341953	0.6514414234100226	2.0536408894086353	0.11301636177897953	0.5116748256843527	0.26315665726148063	0.35076600330674357	0.16189202900824495	0.0553804360789211	0.2707290579715253	19.9325124418743	0.05016929014423671	sanrentan_box4
2023-12-17	202306050603	-3.290477566583042	1.8376674535108488	1.7122302180977866	0.4759080102315606	0.3891594850507052	0.015514394444645307	0.2718679099640105	0.011408608685793242	0.11163251328162699	0.4566399261561238	15.231256503192897	0.0656544651972982	umaren_nagashi4
2023-12-17	202306050604	1.084688478142019	1.0333945275491547	1.876191603817814	0.3120544371462573	0.4198737734472446	0.01136576591933064	0.2708547544735285	0.008970458650518598	0.07113163093593504	0.31546494153247734	19.261145655507416	0.05191799168571606	umaren_nagashi4
2023-12-17	202306050605	-1.0106982359953856	2.069285901012185	1.7733414675614179	0.3804211451026976	0.581765533994903	0.3366883668010357	0.3111240977545253	0.07617051112236639	0.09184540752532314	0.36830202064260026	18.06282494184782	0.05536232583881204	tansho_minodds_top3
2023-12-17	202306050606	-6.740582179802988	0.8049790798432563	1.6145951894250299	0.5486773332519106	0.4668790582998301	0.08496959780029967	0.20579402813716086	0.01575187461292693	0.10241850861691641	0.435743744049675	16.391647992612846	0.061006678550604904	sanrentan_1-234-234
2023-12-17	202306050607	-3.5372567360688856	1.3817908233107057	1.7986596695137014	0.36443003068982055	0.5631058166396754	0.3067065119487324	0.30489113839845616	0.062467938546860724	0.0978773932001192	0.3873797394179232	17.50042929142567	0.057141455409322424	sanrenpuku_box5
2023-12-17	202306050608	-1.7776412654070743	1.883812128638398	1.4971539276347254	0.46933387045722214	0.8178910797951866	0.6878018870287113	0.3238645626952686	0.07533467545823355	0.11855773101337626	0.4116584441664383	16.44437658844835	0.060811061740246704	sanrenpuku_box4
2023-12-17	202306050609	-1.1171752289660961	1.0352697925662888	1.7101095949296192	0.46716331869104094	0.47404640756288374	0.12573653366828452	0.25630304686407057	0.04195889593944235	0.11426149364304661	0.43460217003609625	15.924200159293665	0.06279750254309514	umaren_nagashi4
2023-12-17	202306050610	-3.397084638900182	1.0342379144224936	1.818531086548012	0.3035680295408926	0.7123799993780481	0.5277910009526656	0.27935440558485597	0.00754390796772153	0.08786354668811747	0.35234352155026677	18.53581566135957	0.05394960859934726	umatan_nagashi5
2023-12-17	202306050611	-2.1857291322377184	1.1991647597135433	1.7739483090841066	0.36503010089377025	0.6159580117606133	0.4079976007622901	0.28311003118700706	0.03740934506987717	0.09895241634479272	0.39053475101022994	17.54028440325541	0.05701161834151354	umatan_nagashi4
2023-12-17	202306050612	-1.4119480242905054	0.70063241245458	1.9478851694591166	0.2439815412289918	0.44754606679591935	0.09733341275239976	0.2601361360701355	0.019248350112887613	0.07314199409587888	0.330742363830446	18.901045874308906	0.05290712517444561	sanrenpuku_box5
2023-12-17	202307040601	-1.7122199298570662	2.2760259952470254	1.4229281957164295	0.6331554828227041	0.7101231607593127	0.572716320916622	0.3162675504442958	0.06877460482275252	0.09036315268276997	0.3976269831956734	17.39873493610325	0.05747544310965677	sanrentan_1-234-234
2023-12-17	202307040602	-2.924698595220447	1.5309875149380796	1.478368649108857	0.5370926974178231	0.6882041846463137	0.4577047280499159	0.3223775027136267	0.11985916077276762	0.10494680331210189	0.4269727226206823	16.121596338650427	0.06202859685815159	tansho_minodds_top3
2023-12-17	202307040603	-1.5842788717328085	1.7783151913849617	1.7376551021294	0.400103218395841	0.5602139524871116	0.2400205590482415	0.28253136374674653	0.10731370058670942	0.09897210281348616	0.3720749919564606	17.956070609176212	0.0556914718016849	umaren_nagashi4
2023-12-17	202307040604	-1.3866832391069284	2.2999200309856414	1.8956662030262859	0.2708402825844284	0.5323752496156655	0.23861428044937566	0.30695220399058215	0.14174460532241578	0.0683471020183311	0.3136648295462917	19.340668806069527	0.051704520150108665	sanrentan_box4
2023-12-17	202307040605	-3.549472995811949	1.7161294658454025	1.9339642047677605	0.2400011690654083	0.41524735234426163	0.10635978028108073	0.302662009143846	0.026689743903122787	0.059520212279910986	0.28836763896780726	19.71554934280825	0.05072138658742347	sanrenpuku_box5
2023-12-17	202307040606	-2.2596626358206455	0.9232332771833874	1.9428585496745752	0.23580942968399116	0.4949410505399726	0.1879578000396097	0.2090837313638267	0.0031287702683061303	0.08965027470267077	0.42580622620705494	16.615821973490647	0.06018360100363547	umaren_box4
2023-12-17	202307040607	-3.8633978036413383	1.3666447956964176	1.7445932164029334	0.3709705217145389	0.6353308293640316	0.3949289798809652	0.33507186890727514	0.16674244260211651	0.09734688203410402	0.3767942049612477	17.899063465313585	0.05586884486654232	sanrentan_1-234-234
2023-12-17	202307040608	-0.256279426019215	1.387280622422164	1.9659779585715569	0.20168687003711083	0.5175802507997147	0.27785580182016256	0.25941518294327726	0.0039214910685965165	0.058214347970275984	0.2784378242825635	19.863756524012526	0.05034294489016409	sanrentan_1-23-2345
2023-12-17	202307040609	0.7565239800135944	1.5719917717876841	1.159847703983543	0.5551645461621263	0.8999649848041592	0.8327610739389781	0.35026082615198934	0.11926850339977679	0.1203814158345542	0.4314215294022361	16.08673206943219	0.06216302948814493	sanrentan_1-234-234
2023-12-17	202307040610	-0.5122394100591192	1.314410519521643	2.010080401008633	0.1652496490095396	0.5119682008471674	0.31120406609440193	0.22047457402725962	0.002886971206846667	0.06364700316276102	0.2962400190124049	19.652905785892663	0.05088306079998737	tansho_p1
2023-12-17	202307040611	-0.8447899137939298	2.0115916767481696	1.310668000393067	0.6396368860655264	0.7640295645745552	0.6695451904739089	0.2942327021824187	0.03432956867885606	0.08141942313266498	0.36650054892116546	17.573259562959322	0.056904639484628476	umaren_box5
2023-12-17	202307040612	0.3821842722460961	1.478579441960393	1.5224728347939789	0.6298094046792224	0.4760774365731758	0.07459851863327815	0.22668993454663422	0.024356412596223342	0.10749497739246124	0.42655518906135464	16.162274026101578	0.06187248145805662	tansho_minodds_top3
2023-12-17	202309050601	-2.6181684233065563	2.4751940914581447	1.5755860432812572	0.6048621319816998	0.4256099353408146	0.12583021733108085	0.27057790961533346	0.010183252909133078	0.1157888091374537	0.5039283508564425	14.089265792074048	0.07097601924456223	sanrenpuku_box4
2023-12-17	202309050602	-2.012815783643921	0.9317439633593129	1.8261506500335514	0.27914045036294033	0.6557620339442857	0.42780613349011276	0.3878331241763332	0.2374857501989741	0.06932764125259956	0.31951967465207093	19.17066130517432	0.05216304143509602	umatan_nagashi5
2023-12-17	202309050603	-2.573603044806096	1.280049736797793	1.7352030664409699	0.3973826584671764	0.5732597387566734	0.2862960030693437	0.3543615155071154	0.21305397052498032	0.08013125835517954	0.3509300528415832	18.32170875919515	0.054580061998754786	tansho_p1
2023-12-17	202309050604	-1.0559948389568417	2.6534545616851846	1.6344596935044815	0.49003875861181306	0.6046551094354778	0.37596833533031726	0.3151794327454235	0.10043390782230308	0.10046867628016302	0.3921699722371148	17.42600755604001	0.057385491013022726	wide_box5
2023-12-17	202309050605	-2.0572816311897437	1.8147370024889125	1.7310562783135888	0.5000891475284993	0.3745517384771133	0.1203320809153271	0.25585364301256996	0.0005581472903490314	0.0659591208246239	0.3163885240692209	19.012647117095792	0.05259656868615733	sanrentan_1-234-234
2023-12-17	202309050606	-1.894432831155881	1.7357154916499167	0.8761424892405782	0.7093057020376877	0.8775728823214254	0.7770005375544139	0.3143185868485788	0.10767931943156475	0.14901033605815145	0.5107747445974933	13.409145812407976	0.07457596583629236	tansho_p1
2023-12-17	202309050607	-1.4693232282387587	2.4475358986925144	1.69482751583025	0.4936417199321572	0.35764301399670395	0.051705524356779164	0.26478560874176094	0.006970931492194854	0.0779033895331018	0.35148695118783396	18.34579350564463	0.0545084081368473	umaren_nagashi4
2023-12-17	202309050608	-4.29743997253888	1.1828606433620477	1.9315448839684466	0.2496421113419914	0.42527682731944616	0.2216359728885382	0.26663327435238	0.04397117595874403	0.06356024307651642	0.29713447795851844	19.588341223385466	0.05105077497864668	umatan_box4
2023-12-17	202309050609	-2.4012027427591818	1.2950185616767051	1.7999092104550383	0.3795386612004149	0.3897857093109485	0.08390207496555563	0.22706520016241627	0.012528306446039278	0.08473824403812341	0.4138312102811614	16.941047322444003	0.05902822776931685	sanrentan_box4
2023-12-17	202309050610	-1.8768748335683398	1.8423853159693773	1.7372804793651404	0.4566621492812238	0.4125938148625222	0.09025799463374362	0.2635064898284626	0.03414202314835149	0.10250183353121928	0.44367592369244147	15.911969317348127	0.06284577226464003	tansho_minodds_top3
2023-12-17	202309050611	-0.0005849335479025601	1.2084136786593789	1.5107744298632957	0.4461958516474154	0.8854219073570263	0.8114954706510749	0.27097907434135504	0.004195343715477362	0.081853409512799	0.34904754098060514	18.54505286220752	0.053922736561073596	umaren_nagashi4
2023-12-17	202309050612	-1.947448586425216	1.8852148416188477	1.7561536230037038	0.43730244227628184	0.40789777402604027	0.0115490352269354	0.2488078560859917	0.007577508359067869	0.09687305471280908	0.4081761731236205	16.752271081944826	0.059693398889525774	tansho_p1
2023-12-23	202306050701	-0.8362884679119195	1.6303123551953311	1.4294888997150574	0.5407909244578716	0.7629779233837843	0.6271011930003957	0.3431252136621037	0.10486217350644131	0.10719014038288148	0.4227400166868162	16.58939501356035	0.06027947367475362	sanrentan_1-234-234
2023-12-23	202306050702	-4.375271325651338	1.657643485694345	1.6136561610385047	0.5209225014140608	0.577501772506214	0.3235635066542284	0.29402814577406944	0.02195652045765495	0.14123186117876024	0.5189505473198534	13.397581470734425	0.07464033730150418	umaren_nagashi4
2023-12-23	202306050703	-1.9388771183949542	1.3568603688154	1.7951674318433182	0.3428362634606557	0.6205739634557327	0.4252970213958977	0.3135844787170478	0.10331873714233161	0.09445974078455092	0.38130636664273704	17.832986414658233	0.056075857220304226	sanrentan_1-234-234
2023-12-23	202306050704	-2.9647054215415007	2.3902470347023623	1.90991269205786	0.2562534682855793	0.39758092222765207	0.13150083297957327	0.2598643848345832	0.03458039617416375	0.07521030740133275	0.3659338611852044	18.31091249908006	0.0546122428388121	wide_nagashi4
2023-12-23	202306050705	-1.5941409521714083	1.0330002221257937	1.9834092547320252	0.2083811515839422	0.36994320937675	0.008452955090037573	0.28832505307877293	0.007567757089180394	0.06410807572858314	0.29775003955936313	19.590987083558264	0.05104388031776357	wide_box4
2023-12-23	202306050706	-0.8429739353801444	2.5627552000824627	1.4968342446049825	0.7263372458551766	0.3604970430129415	0.01307372200488871	0.31530482490641426	0.06580197239920552	0.13190015823668264	0.5531982358949498	12.367827903472046	0.08085494136923331	sanrenpuku_box5
2023-12-23	202306050707	0.08823778036342124	1.9825162472088529	1.398397168219692	0.7050085988441587	0.5537202706593091	0.21913289332470348	0.3339565093485869	0.08712163986082522	0.19139535191938728	0.5669961147093394	11.058802246564126	0.09042570594032381	umatan_nagashi4
2023-12-23	202306050708	0.468961868477682	1.434216877688701	1.9650673674671517	0.22436730717195155	0.46612782672168285	0.06895028878191317	0.2837685676369738	0.0613377697847976	0.06685397383017398	0.30201636934518294	19.551584224805698	0.051146750488447336	tansho_p1
2023-12-23	202306050709	-0.580717473387353	1.0024963796380417	2.033962397900465	0.14484063241393336	0.36111735684814433	0.00780947755731326	0.2983021432665187	0.007284768760738858	0.0556779428303957	0.2750898384393182	19.86255205846662	0.050345997687328385	tansho_p1
2023-12-23	202306050710	0.5968611055146871	0.5968765404974087	1.9554143901134313	0.2272487323734142	0.4971890995832752	0.1548500253772485	0.26133422740093526	0.07252587065694566	0.07967939706478991	0.3515893372979691	18.663569227689507	0.05358031938051738	tansho_p1
2023-12-23	202306050711	-0.03303646325367564	1.9490953740338819	1.6605968504150521	0.48434300332610725	0.5473508013554257	0.21011612428745718	0.26842970730346305	0.08440457570670032	0.10257855407926737	0.39921025667072285	17.30371431760297	0.05779106044201768	tansho_p1
2023-12-23	202306050712	-0.7293402455395429	0.6125797837131786	2.007254885844925	0.17087890032280298	0.5103182393258849	0.21147772930622077	0.30390390648283344	0.11812381276510295	0.06455392783512709	0.2975567415100188	19.659808139076958	0.050865196289090066	umaren_box4
2023-12-23	202309050701	-4.944317518721875	1.4664064683787639	1.6426909878297544	0.4635640068205113	0.5896947341395163	0.3102433917093218	0.34867019539195193	0.19958916939598909	0.08707271519444562	0.37277158996057713	17.630567117068733	0.056719672904444865	tansho_minodds_top3
2023-12-23	202309050702	-1.9032340545394482	1.729971360471672	1.8685350110613046	0.2655141356668287	0.7179543356113908	0.6193898854562295	0.3073190890776645	0.08981740460864429	0.06527930359416187	0.3168168449707087	19.40731973837186	0.05152695031982263	sanrenpuku_box4
2023-12-23	202309050703	0.9757401565172727	2.07934639780641	1.3571938553554361	0.691179339768114	0.6214561374804799	0.3588951265076196	0.3220014901096984	0.037329550887498064	0.19996332536685626	0.591080176966333	10.462515840004784	0.09557930571310301	sanrenpuku_box4
2023-12-23	202309050704	1.471467409503365	1.3855804107048721	1.7165930209945075	0.4325082248603418	0.5863234990743683	0.3784706536339001	0.2641546131175445	0.0004908786890155392	0.11421349898557609	0.4594285136682651	15.47409185328057	0.06462414786480643	wide_nagashi4
2023-12-23	202309050705	-1.2715304873163062	0.851314459252812	1.7921371634116008	0.2749398580429093	0.783310534156526	0.6107538863977867	0.3580608942560618	0.2169516154394786	0.07526268958148237	0.32388472768008947	19.165880035222074	0.05217605443435163	sanrentan_1-234-234
2023-12-23	202309050706	-0.2718183455853319	1.4062909693791896	1.974245802007251	0.20071459409615922	0.5090852958041888	0.258811940916295	0.26241323351101503	0.04783300066948365	0.06592705781009378	0.3037357969068029	19.580114387069617	0.051072224616848176	tansho_minodds_top3
2023-12-23	202309050707	-3.391677071046411	1.937028693876307	0.4273058507432625	0.9318720896241934	0.9377179871593228	0.8832495675601748	0.2559542007100224	0.013924348420767563	0.19720063358980972	0.6901816014911488	8.459756196499312	0.11820671621882022	sanrentan_1-234-234
2023-12-23	202309050708	0.21039439520377928	2.2165479677958175	1.5973626765964084	0.5761017654656122	0.49449131315029393	0.17406086372953727	0.2807561252384246	0.044661457689382233	0.11608336827520763	0.4338382268553568	15.85955872643272	0.06305345673542137	umaren_box4
2023-12-23	202309050709	-0.7991852058943991	1.3882756092248707	1.5943967390915792	0.4809564089055762	0.6590658219771357	0.39561209735573094	0.32766756551631393	0.13649514079225034	0.09942465002697154	0.3882024144768782	17.289593242812774	0.05783826062048606	sanrentan_1-234-234
2023-12-23	202309050710	0.6758521470190934	2.0319841837190733	1.1778419641531752	0.5252216916916795	0.8834286656995985	0.7668573313991972	0.3331207080716105	0.1520132539685672	0.09612682231841721	0.4118268269045528	16.610300846292695	0.060203605536933616	umatan_box4
2023-12-23	202309050711	-0.15336725920263586	1.4920421566150044	1.9504862692693554	0.242940919140321	0.37552165025299045	0.01429739366445476	0.28796158622963797	0.012662969732756879	0.06956227994355041	0.31521929016440775	19.274792616149938	0.05188123265005307	tansho_p1
2023-12-23	202309050712	1.6101207856003916	1.4526197250372586	1.879333268356234	0.29526046290478514	0.5659449968570183	0.2612459316680684	0.32047570057654723	0.17026313971114132	0.08052919309400974	0.32895127051091416	19.02909122556425	0.052551117031619986	umatan_nagashi5
2023-12-24	202306050801	-2.2992773160062843	1.4493630745039006	1.6418860140615177	0.47948607223875384	0.6039383380951332	0.3476707547342324	0.30092467244931237	0.05213671225630695	0.12935328422026893	0.4558706346921981	15.253465905965408	0.06555887076188466	wide_nagashi5
2023-12-24	202306050802	-1.7355358977868225	2.515954431505763	1.1998488475000455	0.8996316249821897	0.4205019291725329	0.006591677025631626	0.48861027426748727	0.28622347415027727	0.24570585810868648	0.7865225140142551	6.352959202129959	0.15740696078525573	sanrentan_1-234-234
2023-12-24	202306050803	-1.2936352419387087	1.115025860431542	1.9275909037193182	0.24567214887760289	0.4880258015435216	0.2400163754647818	0.2699823387275817	0.056255897498715235	0.0696928488368755	0.3211843738635525	19.30694751192464	0.051794826674820826	sanrentan_1-234-234
2023-12-24	202306050804	-1.5336146547371132	2.0408054389562427	1.4916975467818605	0.5734083081023669	0.6323084611196724	0.36245474522896826	0.3168376798613017	0.11576319237408361	0.10846415593067633	0.42238258350227037	16.031569575642397	0.06237692418584843	sanrentan_1-23-2345
2023-12-24	202306050805	-2.943262052233112	0.8696827727714564	2.009064770294599	0.179108752908383	0.3679150411089536	0.008839314252295949	0.2909395925679931	0.007983420829099364	0.060854524255101156	0.2900332558119932	19.720869553440288	0.05070770319179718	tansho_p1
2023-12-24	202306050806	-1.1883493473048827	1.0621861607051686	1.9481989354040352	0.2404439521905562	0.4578381717131618	0.10831832604327007	0.257699604328578	0.06322334491127268	0.0737315366571405	0.3299795840374301	19.05924098593733	0.05246798656556366	tansho_p1
2023-12-24	202306050807	-1.777780758167435	2.1103934672340916	1.5256273732357766	0.5730729219671762	0.5722253486503334	0.3435058383176526	0.2906311080329821	0.038843753708883655	0.11306242022553008	0.446487584436041	15.82090858361008	0.0632074949877383	umatan_nagashi4
2023-12-24	202306050808	-1.526230587712761	1.3812866960889683	1.8485398251649494	0.34457831795206134	0.39213134103191	0.022644741783707956	0.2740856732594388	0.018712316315597555	0.06922552705084908	0.32901534487873857	19.098426926912225	0.05236033333147805	tansho_p1
2023-12-24	202306050809	0.04702819735437722	0.9542873183766442	1.7246061470657896	0.3274882375659259	0.7448350603198464	0.6556067822245881	0.30697969873255954	0.04489100994857326	0.07377999309524158	0.3460948224550476	18.857134946757437	0.053030325276001385	umatan_box5
2023-12-24	202306050810	-0.8588299413784344	1.2316683793559442	1.5364255259178394	0.5798635231801806	0.5621472504300306	0.23512904815251268	0.2609394257782215	0.03491464983208914	0.12982687884071287	0.44517104273337993	15.566241503939356	0.06424158328437404	umatan_nagashi4
2023-12-24	202306050811	-0.9884118143445078	1.1244322515794818	1.9464455992790857	0.23234284989218146	0.4665293807191926	0.21032854973881754	0.26418169259118596	0.05049577842743594	0.06729720387058043	0.30820607830562646	19.493717890343362	0.05129857760460214	umatan_nagashi4
2023-12-24	202306050812	0.8930188296129948	1.8597849532210973	1.850753671874184	0.33448196083491016	0.4436867252272292	0.09430894606125872	0.3205698059451881	0.11147032912959193	0.0814461403563494	0.3443346776270393	18.67420863537062	0.05354979263249264	umaren_nagashi4
2023-12-24	202309050801	-3.0695099024848655	2.321630311345777	1.58130013300396	0.5879915346644063	0.4497799267255351	0.03665978587534746	0.2779943419081068	0.06084101515501822	0.1432580866984274	0.5255743529207215	12.942287558139926	0.07726609345587131	wide_box4
2023-12-24	202309050802	0.5646905635060617	1.811822277607529	1.7905587648419732	0.40145435559606363	0.4018843876386322	0.04032738619383086	0.22379884142199236	0.0010323654496832424	0.08419664594358635	0.37000259909579836	17.80673331127008	0.056158531860927514	wide_box4
2023-12-24	202309050803	-0.6933851196851548	1.9662323891461284	1.3792497929079908	0.7402525087565772	0.5691072952994214	0.3658263328129423	0.32245262288476845	0.01124790138268944	0.1644501119808768	0.5754006800196458	11.247336418364798	0.08890993945617089	sanrentan_1-234-234
2023-12-24	202309050804	-2.1058582084456843	1.4051461377720826	1.691318925722981	0.37864648083622243	0.7088541503103627	0.5805215897299632	0.2792941945181585	0.015058886298559448	0.07820272717194365	0.3567088848115304	18.513848912435414	0.05401362000574166	sanrenpuku_box5
2023-12-24	202309050805	0.7203764143064743	1.0159189697531463	1.951078663262255	0.20400660420948696	0.4072550946528313	0.10484832509398029	0.2143927919913265	0.0057589517298035076	0.061429714320283865	0.292564308404228	19.704490075420125	0.05074985428054416	umaren_box4
2023-12-24	202309050806	0.4148754022257728	1.142393864804848	2.005684174985266	0.1722261868508154	0.47488209136499276	0.17439378506538894	0.3437099935681757	0.16468185499197532	0.06089963445673078	0.28653597098855144	19.767812372661155	0.050587287108359955	sanrentan_1-234-234
2023-12-24	202309050807	-2.751758941790941	1.8118926345899802	1.317580396229463	0.7704995365730968	0.5134994878192706	0.10148723965349127	0.31665612088873646	0.15349777768262696	0.17227604151308493	0.5293085622144826	11.98683684235903	0.08342484453164528	wide_nagashi4
2023-12-24	202309050808	0.7078164352183743	1.4125349974261205	1.9991756154396605	0.16841174792843963	0.5081470401958976	0.21121942339339472	0.30306777265123425	0.10803467737790254	0.060949622390004385	0.28620667370998326	19.80880193712247	0.050482608851066396	umaren_nagashi4
2023-12-24	202309050809	-3.8220364086501046	0.9738762549281472	2.0633876065636523	0.10409916074413815	0.4424131202046738	0.08941971349518962	0.2526165963747742	0.0010751983845436186	0.055086840539869675	0.2727853170989016	19.876968111320576	0.05030948353891395	tansho_minodds_top3
2023-12-24	202309050810	-0.5393446945340886	2.480081172557579	1.9254698341618357	0.2573471772318343	0.42820522720091725	0.009040433033875916	0.2239792418297913	0.006319957075277882	0.09235787035248613	0.42506256820049737	16.665400760956384	0.06000455760672704	sanrenpuku_box5
2023-12-24	202309050811	0.6939844675203423	2.6041220293836203	1.7462852077362774	0.43227455887760047	0.5031631510649271	0.13412877712493648	0.25361680833237754	0.061564483867426856	0.0999273075663686	0.38094705642675736	17.475814896410554	0.05722193820016914	sanrentan_1-234-234
2023-12-24	202309050812	-0.7757033003990454	1.0581227347928852	1.9102998631824508	0.2836727961688349	0.41644980344203364	0.004573788459039441	0.26882008730137624	0.0036064943453276155	0.06558422572027849	0.31008499917671783	19.435697279899394	0.051451717198446524	tansho_p1
2023-12-28	202306050901	-2.5628043898343322	1.2119495608245054	1.951713928869344	0.24132295447871446	0.4124712659926056	0.00777668721796293	0.2425716239035553	0.005744247480445386	0.07175137014914776	0.31886785478077984	19.19993510437249	0.05208350937458457	sanrentan_1-23-2345
2023-12-28	202306050902	-3.0042251313989774	1.4785189378774921	1.147999451741004	0.5414650897699769	0.9354670548672092	0.8709341097344183	0.3247580702945656	0.12550136391671768	0.10001789003333442	0.427526359515598	16.59019846673286	0.060276554376683826	umatan_nagashi4
2023-12-28	202306050903	-2.0515911835851393	1.176360786703899	1.6263503810911222	0.4883193258889582	0.5805917876976471	0.4061850215856975	0.2921492535693248	0.0029796936144941832	0.09976314032553384	0.40395055527049495	16.61943102403712	0.06017053162371647	wide_box4
2023-12-28	202306050904	-0.5167984406143518	1.9830099076504522	1.519788367219419	0.6382561946928906	0.46829854826260714	0.12312340580544257	0.3185085406183181	0.05677136398920746	0.16871064006605158	0.6467942338923114	9.977833768962615	0.10022215474371136	sanrentan_box4
2023-12-28	202306050905	-0.5388781560501115	1.9491655066700373	1.2692250588732215	0.5399937824472721	0.8369570699992044	0.7303948478175472	0.31960253910904823	0.1174681700814244	0.09495063992989108	0.42064509298018116	16.697627935163812	0.059888746107109224	wide_nagashi5
2023-12-28	202306050906	-1.1257033891029615	1.7742715626628105	1.550724991271263	0.4767880232528424	0.6877408533393532	0.468947343082146	0.37716515101886117	0.22400808784620255	0.09576775207251381	0.3816666569217792	17.58621150184462	0.05686273020741903	tansho_p1
2023-12-28	202306050907	-2.455495252732173	1.6235456380255704	1.730712582980983	0.5110886225768603	0.3579836621808692	0.10260465610701441	0.26478472041918394	0.001005021738591405	0.0804587532379497	0.3646428485981809	18.194565307212	0.05496146696088518	umatan_nagashi5
2023-12-28	202306050908	0.9057884814459518	1.2956968318190665	1.1679256663688895	0.6329139643202648	0.7902586264717972	0.6292641911865453	0.34246403217867283	0.17517442276555276	0.11895928187549193	0.4533884118839798	15.312656212928287	0.06530545622487836	wide_box4
2023-12-28	202306050909	-4.127458943482967	1.6462219470465833	1.9937128166431641	0.1861561312728872	0.42671942797682816	0.17364450747177063	0.3052441270751083	0.10019214297138895	0.06034463415645617	0.28864231018477016	19.76488109783459	0.05059478956893692	sanrenpuku_box4
2023-12-28	202306050910	1.2257794571008356	1.853464998634472	1.9240293095913672	0.26848147127052147	0.4067013883184989	0.05625496244419265	0.22772417384062027	0.012109558883253546	0.08175285216554046	0.3688537345141689	18.101687281223516	0.055243468990721	tansho_p1
2023-12-28	202306050911	-2.5665391583211026	1.2119703837587776	1.882417213778559	0.3104639219691279	0.4362108885523593	0.23417328647022412	0.2550256340343743	0.027162237214135104	0.0669683790073401	0.3088828359533229	19.385629397098892	0.05158460318805293	umatan_nagashi4
2023-12-28	202306050912	-0.6479768588934683	1.152437344951707	1.9200281736987157	0.2634900442468735	0.3684126702871118	0.11950163672674624	0.28462936052755333	0.06836180167602987	0.06063403789808482	0.288974311134839	19.714110677800278	0.050725088052086614	tansho_minodds_top3
2023-12-28	202309050901	-2.2647200610688247	1.9723601310738157	1.5752062879414166	0.5434124844825874	0.596848800191615	0.380837816015701	0.29220246210796486	0.055625963092883146	0.09371035418786765	0.3976307618703481	17.25852023356818	0.057942395203441556	tansho_p1
2023-12-28	202309050902	-0.9504642242186094	0.9030102467612412	1.812005855765464	0.3838333859024956	0.4195307241339608	0.1831207852027462	0.24167586390635884	0.0022819203365466723	0.07557866501880965	0.34150350544824104	18.638734410183485	0.05365171143023738	tansho_minodds_top3
2023-12-28	202309050903	0.021406006296306502	2.0326734351620233	1.778363431317984	0.40597039856842476	0.43900659757180227	0.18402518414317726	0.2410889729631936	0.0025018314749234993	0.0843941821853943	0.36513977991301694	18.128799618295716	0.055160850197207366	umatan_nagashi5
2023-12-28	202309050904	0.7834413629725259	0.7888522632984478	1.93869582050824	0.25045318178828785	0.4619852367293388	0.20021882600862734	0.2661694016275924	0.04429192387704467	0.07436928856777181	0.3326346723548902	18.97801903877612	0.05269253856036227	umatan_nagashi4
2023-12-28	202309050905	0.41130138464582017	1.5856795720611934	1.7465287624909462	0.4086119922434087	0.5425024314744212	0.2569481285386661	0.2746028889727814	0.0661904585006299	0.09661647570976165	0.39136962002865894	17.513086873651375	0.057100156426706856	tansho_p1
2023-12-28	202309050906	0.530058846637449	2.3372712868416463	1.0202749643262605	0.9449059971524116	0.5768353461610918	0.24356924456233958	0.5868498241299657	0.39667471514953034	0.3553571930892549	0.7977594238141608	4.95979575309758	0.20162120574732584	sanrentan_box4
2023-12-28	202309050907	-1.5189316690738486	1.4457004661473163	1.5690311076914254	0.585972650694173	0.5531767729797352	0.2912925647660059	0.29090997617430747	0.002207358594793707	0.1388315405108546	0.4995858515934841	13.788543549004634	0.07252397589680078	sanrenpuku_box4
2023-12-28	202309050908	-0.2654865485090214	2.1614242563294566	1.7293838738723262	0.4352841418267457	0.5542227016436028	0.37634136102014526	0.27573705901215007	0.03542292113387205	0.07395304812071776	0.35110933340760164	18.453108953322097	0.054191410375863565	umaren_nagashi4
2023-12-28	202309050909	-2.0130653432960117	1.8603264622229703	1.789511008810238	0.3093019363422325	0.6936895126469205	0.5161069179515513	0.31706887653552707	0.0880669926612982	0.08211997906422143	0.34531948219129543	18.690744700660808	0.05350241608964062	wide_nagashi4
2023-12-28	202309050910	-0.9436357151317708	1.2780065944294818	1.8098662455952534	0.34459658966568163	0.6543159589871484	0.5222935425337895	0.26310913240087386	0.003946468842787709	0.06396500273025271	0.30674297767623415	19.51513577833802	0.05124227734607971	umatan_nagashi4
2023-12-28	202309050911	0.2371260556228007	1.8164919850348802	1.9307452076919858	0.24127852801615485	0.5083163740599483	0.26291967783221537	0.257969403305648	0.0018391040217124455	0.061217175396330314	0.28842371973921455	19.77149241619954	0.050577871358899636	sanrentan_1-234-234
2023-12-28	202309050912	0.16086239766499782	1.003188155484692	1.9091620861404883	0.2720791179599818	0.39957867680849585	0.05485237106916413	0.23786070174155205	0.019754710017828248	0.09378778663584443	0.43866177707204634	16.198304665869898	0.06173485563010905	sanrentan_box4
